seed,noise,fold,source_day,baseline_key,model_key,metric,baseline,value,change,percentage_point_change,threshold_basis
43,clean,1,pooled_source_day_thresholds,ensemble__original3_mse,ensemble__original3_hgb_extra_trees,r2,0.9825041833977074,0.9916643993887609,0.009160215991053544,nan,source-day
43,clean,1,pooled_source_day_thresholds,ensemble__original3_mse,ensemble__original3_hgb_extra_trees,rmse_all,35740.17989982824,24669.370885840097,-11070.809013988142,nan,source-day
43,clean,1,pooled_source_day_thresholds,ensemble__original3_mse,ensemble__original3_hgb_extra_trees,mae_all,26697.648856107775,17237.87346946642,-9459.775386641355,nan,source-day
43,clean,1,pooled_source_day_thresholds,ensemble__original3_mse,ensemble__original3_hgb_extra_trees,rmse_high,41905.70101593538,21777.30879329567,-20128.39222263971,nan,source-day
43,clean,1,pooled_source_day_thresholds,ensemble__original3_mse,ensemble__original3_hgb_extra_trees,rmse_onb,35199.73787140263,18615.717306794915,-16584.020564607712,nan,source-day
43,clean,1,pooled_source_day_thresholds,ensemble__original3_mse,ensemble__original3_hgb_extra_trees,roc_auc_cont,0.9951463844797178,0.996373897707231,0.0012275132275131329,nan,source-day
43,clean,1,pooled_source_day_thresholds,ensemble__original3_mse,ensemble__original3_hgb_extra_trees,pr_auc_cont,0.9966700564706132,0.9974872363974105,0.0008171799267973068,nan,source-day
43,clean,1,pooled_source_day_thresholds,ensemble__original3_mse,ensemble__original3_hgb_extra_trees,accuracy,0.9407407407407408,0.9537037037037037,0.012962962962962954,1.2962962962962954,source-day
43,clean,1,pooled_source_day_thresholds,ensemble__original3_mse,ensemble__original3_hgb_extra_trees,precision,1.0,1.0,0.0,0.0,source-day
43,clean,1,pooled_source_day_thresholds,ensemble__original3_mse,ensemble__original3_hgb_extra_trees,recall,0.8984126984126984,0.9206349206349206,0.022222222222222143,2.2222222222222143,source-day
43,clean,1,pooled_source_day_thresholds,ensemble__original3_mse,ensemble__original3_hgb_extra_trees,f1,0.9464882943143813,0.9586776859504132,0.012189391636031943,1.2189391636031943,source-day
43,clean,1,pooled_source_day_thresholds,ensemble__original3_mse,ensemble__original3_hgb_extra_trees,fpr,0.0,0.0,0.0,0.0,source-day
43,clean,1,pooled_source_day_thresholds,ensemble__original3_mse,ensemble__original3_hgb_extra_trees,fp,0,0,0.0,nan,source-day
43,clean,1,pooled_source_day_thresholds,ensemble__original3_mse,ensemble__original3_hgb_extra_trees,fn,32,25,-7.0,nan,source-day
43,clean,1,pooled_source_day_thresholds,ensemble__original3_mse,ensemble__original3_hgb_extra_trees,q100,nan,nan,nan,nan,source-day
43,clean,1,pooled_source_day_thresholds,ensemble__original3_mse,ensemble__original3_hgb_extra_trees,g100,nan,nan,nan,nan,source-day
43,clean,1,2025.06.11_0.3_2,ensemble__original3_mse,ensemble__original3_hgb_extra_trees,r2,0.9800014861895572,0.988060587546925,0.00805910135736787,nan,source-day
43,clean,1,2025.06.11_0.3_2,ensemble__original3_mse,ensemble__original3_hgb_extra_trees,rmse_all,37906.55460534775,29289.160841933528,-8617.393763414224,nan,source-day
43,clean,1,2025.06.11_0.3_2,ensemble__original3_mse,ensemble__original3_hgb_extra_trees,mae_all,29737.65730565387,20893.589092375627,-8844.068213278242,nan,source-day
43,clean,1,2025.06.11_0.3_2,ensemble__original3_mse,ensemble__original3_hgb_extra_trees,rmse_high,41075.37162718768,22129.258547274138,-18946.11307991354,nan,source-day
43,clean,1,2025.06.11_0.3_2,ensemble__original3_mse,ensemble__original3_hgb_extra_trees,rmse_onb,35615.83949441516,18698.542777383052,-16917.296717032106,nan,source-day
43,clean,1,2025.06.11_0.3_2,ensemble__original3_mse,ensemble__original3_hgb_extra_trees,roc_auc_cont,0.9988455988455989,0.9997113997113997,0.0008658008658007921,nan,source-day
43,clean,1,2025.06.11_0.3_2,ensemble__original3_mse,ensemble__original3_hgb_extra_trees,pr_auc_cont,0.9992820431707297,0.9998217468805704,0.0005397037098406887,nan,source-day
43,clean,1,2025.06.11_0.3_2,ensemble__original3_mse,ensemble__original3_hgb_extra_trees,accuracy,0.937037037037037,0.9481481481481482,0.011111111111111183,1.1111111111111183,source-day
43,clean,1,2025.06.11_0.3_2,ensemble__original3_mse,ensemble__original3_hgb_extra_trees,precision,1.0,1.0,0.0,0.0,source-day
43,clean,1,2025.06.11_0.3_2,ensemble__original3_mse,ensemble__original3_hgb_extra_trees,recall,0.896969696969697,0.9151515151515152,0.018181818181818188,1.8181818181818188,source-day
43,clean,1,2025.06.11_0.3_2,ensemble__original3_mse,ensemble__original3_hgb_extra_trees,f1,0.9456869009584664,0.9556962025316456,0.010009301573179141,1.0009301573179141,source-day
43,clean,1,2025.06.11_0.3_2,ensemble__original3_mse,ensemble__original3_hgb_extra_trees,fpr,0.0,0.0,0.0,0.0,source-day
43,clean,1,2025.06.11_0.3_2,ensemble__original3_mse,ensemble__original3_hgb_extra_trees,fp,0,0,0.0,nan,source-day
43,clean,1,2025.06.11_0.3_2,ensemble__original3_mse,ensemble__original3_hgb_extra_trees,fn,17,14,-3.0,nan,source-day
43,clean,1,2025.06.11_0.3_2,ensemble__original3_mse,ensemble__original3_hgb_extra_trees,q100,315466.1173,315466.1173,0.0,nan,source-day
43,clean,1,2025.06.11_0.3_2,ensemble__original3_mse,ensemble__original3_hgb_extra_trees,g100,93961.00709999999,93961.00709999999,0.0,nan,source-day
43,clean,1,2025.06.18_0.3_3,ensemble__original3_mse,ensemble__original3_hgb_extra_trees,r2,0.9849255611208048,0.9951545986854529,0.010229037564648102,nan,source-day
43,clean,1,2025.06.18_0.3_3,ensemble__original3_mse,ensemble__original3_hgb_extra_trees,rmse_all,33433.72603369182,18955.23086067847,-14478.495173013347,nan,source-day
43,clean,1,2025.06.18_0.3_3,ensemble__original3_mse,ensemble__original3_hgb_extra_trees,mae_all,23657.64040656168,13582.157846557211,-10075.48256000447,nan,source-day
43,clean,1,2025.06.18_0.3_3,ensemble__original3_mse,ensemble__original3_hgb_extra_trees,rmse_high,42800.46218552901,21383.47451065062,-21416.98767487839,nan,source-day
43,clean,1,2025.06.18_0.3_3,ensemble__original3_mse,ensemble__original3_hgb_extra_trees,rmse_onb,34778.65824811203,18532.521676646804,-16246.136571465224,nan,source-day
43,clean,1,2025.06.18_0.3_3,ensemble__original3_mse,ensemble__original3_hgb_extra_trees,roc_auc_cont,0.9990555555555555,0.9997777777777778,0.0007222222222222907,nan,source-day
43,clean,1,2025.06.18_0.3_3,ensemble__original3_mse,ensemble__original3_hgb_extra_trees,pr_auc_cont,0.9992501451259072,0.9998216176708288,0.0005714725449216251,nan,source-day
43,clean,1,2025.06.18_0.3_3,ensemble__original3_mse,ensemble__original3_hgb_extra_trees,accuracy,0.9444444444444444,0.9592592592592593,0.014814814814814836,1.4814814814814836,source-day
43,clean,1,2025.06.18_0.3_3,ensemble__original3_mse,ensemble__original3_hgb_extra_trees,precision,1.0,1.0,0.0,0.0,source-day
43,clean,1,2025.06.18_0.3_3,ensemble__original3_mse,ensemble__original3_hgb_extra_trees,recall,0.9,0.9266666666666666,0.026666666666666616,2.6666666666666616,source-day
43,clean,1,2025.06.18_0.3_3,ensemble__original3_mse,ensemble__original3_hgb_extra_trees,f1,0.9473684210526315,0.9619377162629758,0.014569295210344224,1.4569295210344224,source-day
43,clean,1,2025.06.18_0.3_3,ensemble__original3_mse,ensemble__original3_hgb_extra_trees,fpr,0.0,0.0,0.0,0.0,source-day
43,clean,1,2025.06.18_0.3_3,ensemble__original3_mse,ensemble__original3_hgb_extra_trees,fp,0,0,0.0,nan,source-day
43,clean,1,2025.06.18_0.3_3,ensemble__original3_mse,ensemble__original3_hgb_extra_trees,fn,15,11,-4.0,nan,source-day
43,clean,1,2025.06.18_0.3_3,ensemble__original3_mse,ensemble__original3_hgb_extra_trees,q100,376320.1201,376320.1201,0.0,nan,source-day
43,clean,1,2025.06.18_0.3_3,ensemble__original3_mse,ensemble__original3_hgb_extra_trees,g100,104642.43849999999,104642.43849999999,0.0,nan,source-day
43,clean,1,pooled_source_day_thresholds,ensemble__original3_mse,ensemble__original3_performance,r2,0.9825041833977074,0.9822065812318902,-0.0002976021658172012,nan,source-day
43,clean,1,pooled_source_day_thresholds,ensemble__original3_mse,ensemble__original3_performance,rmse_all,35740.17989982824,36042.86667876914,302.6867789409007,nan,source-day
43,clean,1,pooled_source_day_thresholds,ensemble__original3_mse,ensemble__original3_performance,mae_all,26697.648856107775,27436.319897349476,738.6710412417015,nan,source-day
43,clean,1,pooled_source_day_thresholds,ensemble__original3_mse,ensemble__original3_performance,rmse_high,41905.70101593538,41593.90614657987,-311.7948693555081,nan,source-day
43,clean,1,pooled_source_day_thresholds,ensemble__original3_mse,ensemble__original3_performance,rmse_onb,35199.73787140263,41262.66649336245,6062.928621959822,nan,source-day
43,clean,1,pooled_source_day_thresholds,ensemble__original3_mse,ensemble__original3_performance,roc_auc_cont,0.9951463844797178,0.9952310405643738,8.46560846560207e-05,nan,source-day
43,clean,1,pooled_source_day_thresholds,ensemble__original3_mse,ensemble__original3_performance,pr_auc_cont,0.9966700564706132,0.9967329882691596,6.293179854632847e-05,nan,source-day
43,clean,1,pooled_source_day_thresholds,ensemble__original3_mse,ensemble__original3_performance,accuracy,0.9407407407407408,0.9333333333333333,-0.007407407407407418,-0.7407407407407418,source-day
43,clean,1,pooled_source_day_thresholds,ensemble__original3_mse,ensemble__original3_performance,precision,1.0,1.0,0.0,0.0,source-day
43,clean,1,pooled_source_day_thresholds,ensemble__original3_mse,ensemble__original3_performance,recall,0.8984126984126984,0.8857142857142857,-0.012698412698412764,-1.2698412698412764,source-day
43,clean,1,pooled_source_day_thresholds,ensemble__original3_mse,ensemble__original3_performance,f1,0.9464882943143813,0.9393939393939394,-0.007094354920441859,-0.7094354920441859,source-day
43,clean,1,pooled_source_day_thresholds,ensemble__original3_mse,ensemble__original3_performance,fpr,0.0,0.0,0.0,0.0,source-day
43,clean,1,pooled_source_day_thresholds,ensemble__original3_mse,ensemble__original3_performance,fp,0,0,0.0,nan,source-day
43,clean,1,pooled_source_day_thresholds,ensemble__original3_mse,ensemble__original3_performance,fn,32,36,4.0,nan,source-day
43,clean,1,pooled_source_day_thresholds,ensemble__original3_mse,ensemble__original3_performance,q100,nan,nan,nan,nan,source-day
43,clean,1,pooled_source_day_thresholds,ensemble__original3_mse,ensemble__original3_performance,g100,nan,nan,nan,nan,source-day
43,clean,1,2025.06.11_0.3_2,ensemble__original3_mse,ensemble__original3_performance,r2,0.9800014861895572,0.9803979748139481,0.0003964886243909005,nan,source-day
43,clean,1,2025.06.11_0.3_2,ensemble__original3_mse,ensemble__original3_performance,rmse_all,37906.55460534775,37528.907570955686,-377.6470343920664,nan,source-day
43,clean,1,2025.06.11_0.3_2,ensemble__original3_mse,ensemble__original3_performance,mae_all,29737.65730565387,29596.465142942874,-141.19216271099504,nan,source-day
43,clean,1,2025.06.11_0.3_2,ensemble__original3_mse,ensemble__original3_performance,rmse_high,41075.37162718768,39853.58979826845,-1221.7818289192292,nan,source-day
43,clean,1,2025.06.11_0.3_2,ensemble__original3_mse,ensemble__original3_performance,rmse_onb,35615.83949441516,41564.81668400657,5948.977189591409,nan,source-day
43,clean,1,2025.06.11_0.3_2,ensemble__original3_mse,ensemble__original3_performance,roc_auc_cont,0.9988455988455989,0.9987878787878788,-5.772005772008981e-05,nan,source-day
43,clean,1,2025.06.11_0.3_2,ensemble__original3_mse,ensemble__original3_performance,pr_auc_cont,0.9992820431707297,0.9992453149729958,-3.672819773381519e-05,nan,source-day
43,clean,1,2025.06.11_0.3_2,ensemble__original3_mse,ensemble__original3_performance,accuracy,0.937037037037037,0.9333333333333333,-0.0037037037037036535,-0.37037037037036535,source-day
43,clean,1,2025.06.11_0.3_2,ensemble__original3_mse,ensemble__original3_performance,precision,1.0,1.0,0.0,0.0,source-day
43,clean,1,2025.06.11_0.3_2,ensemble__original3_mse,ensemble__original3_performance,recall,0.896969696969697,0.8909090909090909,-0.0060606060606061,-0.60606060606061,source-day
43,clean,1,2025.06.11_0.3_2,ensemble__original3_mse,ensemble__original3_performance,f1,0.9456869009584664,0.9423076923076923,-0.0033792086507741237,-0.33792086507741237,source-day
43,clean,1,2025.06.11_0.3_2,ensemble__original3_mse,ensemble__original3_performance,fpr,0.0,0.0,0.0,0.0,source-day
43,clean,1,2025.06.11_0.3_2,ensemble__original3_mse,ensemble__original3_performance,fp,0,0,0.0,nan,source-day
43,clean,1,2025.06.11_0.3_2,ensemble__original3_mse,ensemble__original3_performance,fn,17,18,1.0,nan,source-day
43,clean,1,2025.06.11_0.3_2,ensemble__original3_mse,ensemble__original3_performance,q100,315466.1173,315466.1173,0.0,nan,source-day
43,clean,1,2025.06.11_0.3_2,ensemble__original3_mse,ensemble__original3_performance,g100,93961.00709999999,93961.00709999999,0.0,nan,source-day
43,clean,1,2025.06.18_0.3_3,ensemble__original3_mse,ensemble__original3_performance,r2,0.9849255611208048,0.9839553564051109,-0.0009702047156938676,nan,source-day
43,clean,1,2025.06.18_0.3_3,ensemble__original3_mse,ensemble__original3_performance,rmse_all,33433.72603369182,34492.86264399808,1059.136610306261,nan,source-day
43,clean,1,2025.06.18_0.3_3,ensemble__original3_mse,ensemble__original3_performance,mae_all,23657.64040656168,25276.17465175607,1618.5342451943907,nan,source-day
43,clean,1,2025.06.18_0.3_3,ensemble__original3_mse,ensemble__original3_performance,rmse_high,42800.46218552901,43427.7777249139,627.3155393848938,nan,source-day
43,clean,1,2025.06.18_0.3_3,ensemble__original3_mse,ensemble__original3_performance,rmse_onb,34778.65824811203,40958.28739473663,6179.629146624604,nan,source-day
43,clean,1,2025.06.18_0.3_3,ensemble__original3_mse,ensemble__original3_performance,roc_auc_cont,0.9990555555555555,0.9988888888888888,-0.0001666666666666483,nan,source-day
43,clean,1,2025.06.18_0.3_3,ensemble__original3_mse,ensemble__original3_performance,pr_auc_cont,0.9992501451259072,0.9991102804261833,-0.00013986469972382398,nan,source-day
43,clean,1,2025.06.18_0.3_3,ensemble__original3_mse,ensemble__original3_performance,accuracy,0.9444444444444444,0.9333333333333333,-0.011111111111111072,-1.1111111111111072,source-day
43,clean,1,2025.06.18_0.3_3,ensemble__original3_mse,ensemble__original3_performance,precision,1.0,1.0,0.0,0.0,source-day
43,clean,1,2025.06.18_0.3_3,ensemble__original3_mse,ensemble__original3_performance,recall,0.9,0.88,-0.020000000000000018,-2.0000000000000018,source-day
43,clean,1,2025.06.18_0.3_3,ensemble__original3_mse,ensemble__original3_performance,f1,0.9473684210526315,0.9361702127659575,-0.01119820828667406,-1.119820828667406,source-day
43,clean,1,2025.06.18_0.3_3,ensemble__original3_mse,ensemble__original3_performance,fpr,0.0,0.0,0.0,0.0,source-day
43,clean,1,2025.06.18_0.3_3,ensemble__original3_mse,ensemble__original3_performance,fp,0,0,0.0,nan,source-day
43,clean,1,2025.06.18_0.3_3,ensemble__original3_mse,ensemble__original3_performance,fn,15,18,3.0,nan,source-day
43,clean,1,2025.06.18_0.3_3,ensemble__original3_mse,ensemble__original3_performance,q100,376320.1201,376320.1201,0.0,nan,source-day
43,clean,1,2025.06.18_0.3_3,ensemble__original3_mse,ensemble__original3_performance,g100,104642.43849999999,104642.43849999999,0.0,nan,source-day
43,clean,1,pooled_source_day_thresholds,ensemble__original3_mse,ensemble__original3_hgb,r2,0.9825041833977074,0.9906662803525648,0.008162096954857367,nan,source-day
43,clean,1,pooled_source_day_thresholds,ensemble__original3_mse,ensemble__original3_hgb,rmse_all,35740.17989982824,26104.59750638172,-9635.582393446519,nan,source-day
43,clean,1,pooled_source_day_thresholds,ensemble__original3_mse,ensemble__original3_hgb,mae_all,26697.648856107775,18770.93116372877,-7926.717692379007,nan,source-day
43,clean,1,pooled_source_day_thresholds,ensemble__original3_mse,ensemble__original3_hgb,rmse_high,41905.70101593538,25335.56430685157,-16570.13670908381,nan,source-day
43,clean,1,pooled_source_day_thresholds,ensemble__original3_mse,ensemble__original3_hgb,rmse_onb,35199.73787140263,29627.117235972066,-5572.620635430561,nan,source-day
43,clean,1,pooled_source_day_thresholds,ensemble__original3_mse,ensemble__original3_hgb,roc_auc_cont,0.9951463844797178,0.9957530864197531,0.0006067019400353146,nan,source-day
43,clean,1,pooled_source_day_thresholds,ensemble__original3_mse,ensemble__original3_hgb,pr_auc_cont,0.9966700564706132,0.9972039142504625,0.0005338577798492672,nan,source-day
43,clean,1,pooled_source_day_thresholds,ensemble__original3_mse,ensemble__original3_hgb,accuracy,0.9407407407407408,0.9537037037037037,0.012962962962962954,1.2962962962962954,source-day
43,clean,1,pooled_source_day_thresholds,ensemble__original3_mse,ensemble__original3_hgb,precision,1.0,1.0,0.0,0.0,source-day
43,clean,1,pooled_source_day_thresholds,ensemble__original3_mse,ensemble__original3_hgb,recall,0.8984126984126984,0.9206349206349206,0.022222222222222143,2.2222222222222143,source-day
43,clean,1,pooled_source_day_thresholds,ensemble__original3_mse,ensemble__original3_hgb,f1,0.9464882943143813,0.9586776859504132,0.012189391636031943,1.2189391636031943,source-day
43,clean,1,pooled_source_day_thresholds,ensemble__original3_mse,ensemble__original3_hgb,fpr,0.0,0.0,0.0,0.0,source-day
43,clean,1,pooled_source_day_thresholds,ensemble__original3_mse,ensemble__original3_hgb,fp,0,0,0.0,nan,source-day
43,clean,1,pooled_source_day_thresholds,ensemble__original3_mse,ensemble__original3_hgb,fn,32,25,-7.0,nan,source-day
43,clean,1,pooled_source_day_thresholds,ensemble__original3_mse,ensemble__original3_hgb,q100,nan,nan,nan,nan,source-day
43,clean,1,pooled_source_day_thresholds,ensemble__original3_mse,ensemble__original3_hgb,g100,nan,nan,nan,nan,source-day
43,clean,1,2025.06.11_0.3_2,ensemble__original3_mse,ensemble__original3_hgb,r2,0.9800014861895572,0.987803495088636,0.007802008899078783,nan,source-day
43,clean,1,2025.06.11_0.3_2,ensemble__original3_mse,ensemble__original3_hgb,rmse_all,37906.55460534775,29602.824385879438,-8303.730219468314,nan,source-day
43,clean,1,2025.06.11_0.3_2,ensemble__original3_mse,ensemble__original3_hgb,mae_all,29737.65730565387,21671.88784923868,-8065.76945641519,nan,source-day
43,clean,1,2025.06.11_0.3_2,ensemble__original3_mse,ensemble__original3_hgb,rmse_high,41075.37162718768,25499.6872337735,-15575.684393414176,nan,source-day
43,clean,1,2025.06.11_0.3_2,ensemble__original3_mse,ensemble__original3_hgb,rmse_onb,35615.83949441516,35548.69918263524,-67.14031177992001,nan,source-day
43,clean,1,2025.06.11_0.3_2,ensemble__original3_mse,ensemble__original3_hgb,roc_auc_cont,0.9988455988455989,0.9978066378066378,-0.0010389610389610615,nan,source-day
43,clean,1,2025.06.11_0.3_2,ensemble__original3_mse,ensemble__original3_hgb,pr_auc_cont,0.9992820431707297,0.9988414989673755,-0.000440544203354154,nan,source-day
43,clean,1,2025.06.11_0.3_2,ensemble__original3_mse,ensemble__original3_hgb,accuracy,0.937037037037037,0.9444444444444444,0.007407407407407418,0.7407407407407418,source-day
43,clean,1,2025.06.11_0.3_2,ensemble__original3_mse,ensemble__original3_hgb,precision,1.0,1.0,0.0,0.0,source-day
43,clean,1,2025.06.11_0.3_2,ensemble__original3_mse,ensemble__original3_hgb,recall,0.896969696969697,0.9090909090909091,0.012121212121212088,1.2121212121212088,source-day
43,clean,1,2025.06.11_0.3_2,ensemble__original3_mse,ensemble__original3_hgb,f1,0.9456869009584664,0.9523809523809523,0.006694051422485914,0.6694051422485914,source-day
43,clean,1,2025.06.11_0.3_2,ensemble__original3_mse,ensemble__original3_hgb,fpr,0.0,0.0,0.0,0.0,source-day
43,clean,1,2025.06.11_0.3_2,ensemble__original3_mse,ensemble__original3_hgb,fp,0,0,0.0,nan,source-day
43,clean,1,2025.06.11_0.3_2,ensemble__original3_mse,ensemble__original3_hgb,fn,17,15,-2.0,nan,source-day
43,clean,1,2025.06.11_0.3_2,ensemble__original3_mse,ensemble__original3_hgb,q100,315466.1173,315466.1173,0.0,nan,source-day
43,clean,1,2025.06.11_0.3_2,ensemble__original3_mse,ensemble__original3_hgb,g100,93961.00709999999,93961.00709999999,0.0,nan,source-day
43,clean,1,2025.06.18_0.3_3,ensemble__original3_mse,ensemble__original3_hgb,r2,0.9849255611208048,0.9934382537256133,0.00851269260480858,nan,source-day
43,clean,1,2025.06.18_0.3_3,ensemble__original3_mse,ensemble__original3_hgb,rmse_all,33433.72603369182,22058.39546112008,-11375.33057257174,nan,source-day
43,clean,1,2025.06.18_0.3_3,ensemble__original3_mse,ensemble__original3_hgb,mae_all,23657.64040656168,15869.974478218855,-7787.665928342825,nan,source-day
43,clean,1,2025.06.18_0.3_3,ensemble__original3_mse,ensemble__original3_hgb,rmse_high,42800.46218552901,25153.792267679753,-17646.669917849256,nan,source-day
43,clean,1,2025.06.18_0.3_3,ensemble__original3_mse,ensemble__original3_hgb,rmse_onb,34778.65824811203,22177.063327920037,-12601.59492019199,nan,source-day
43,clean,1,2025.06.18_0.3_3,ensemble__original3_mse,ensemble__original3_hgb,roc_auc_cont,0.9990555555555555,0.9997222222222223,0.0006666666666668153,nan,source-day
43,clean,1,2025.06.18_0.3_3,ensemble__original3_mse,ensemble__original3_hgb,pr_auc_cont,0.9992501451259072,0.9997762661969058,0.0005261210709986974,nan,source-day
43,clean,1,2025.06.18_0.3_3,ensemble__original3_mse,ensemble__original3_hgb,accuracy,0.9444444444444444,0.9629629629629629,0.01851851851851849,1.851851851851849,source-day
43,clean,1,2025.06.18_0.3_3,ensemble__original3_mse,ensemble__original3_hgb,precision,1.0,1.0,0.0,0.0,source-day
43,clean,1,2025.06.18_0.3_3,ensemble__original3_mse,ensemble__original3_hgb,recall,0.9,0.9333333333333333,0.033333333333333326,3.3333333333333326,source-day
43,clean,1,2025.06.18_0.3_3,ensemble__original3_mse,ensemble__original3_hgb,f1,0.9473684210526315,0.9655172413793104,0.01814882032667886,1.814882032667886,source-day
43,clean,1,2025.06.18_0.3_3,ensemble__original3_mse,ensemble__original3_hgb,fpr,0.0,0.0,0.0,0.0,source-day
43,clean,1,2025.06.18_0.3_3,ensemble__original3_mse,ensemble__original3_hgb,fp,0,0,0.0,nan,source-day
43,clean,1,2025.06.18_0.3_3,ensemble__original3_mse,ensemble__original3_hgb,fn,15,10,-5.0,nan,source-day
43,clean,1,2025.06.18_0.3_3,ensemble__original3_mse,ensemble__original3_hgb,q100,376320.1201,322114.2428,-54205.87729999999,nan,source-day
43,clean,1,2025.06.18_0.3_3,ensemble__original3_mse,ensemble__original3_hgb,g100,104642.43849999999,50436.5612,-54205.87729999999,nan,source-day
43,clean,1,pooled_source_day_thresholds,ensemble__original3_mse,ensemble__original3_extra_trees,r2,0.9825041833977074,0.9916180480439868,0.00911386464627939,nan,source-day
43,clean,1,pooled_source_day_thresholds,ensemble__original3_mse,ensemble__original3_extra_trees,rmse_all,35740.17989982824,24737.864650124127,-11002.315249704112,nan,source-day
43,clean,1,pooled_source_day_thresholds,ensemble__original3_mse,ensemble__original3_extra_trees,mae_all,26697.648856107775,17281.228711229676,-9416.420144878099,nan,source-day
43,clean,1,pooled_source_day_thresholds,ensemble__original3_mse,ensemble__original3_extra_trees,rmse_high,41905.70101593538,21808.086274601894,-20097.614741333487,nan,source-day
43,clean,1,pooled_source_day_thresholds,ensemble__original3_mse,ensemble__original3_extra_trees,rmse_onb,35199.73787140263,18051.588537786338,-17148.14933361629,nan,source-day
43,clean,1,pooled_source_day_thresholds,ensemble__original3_mse,ensemble__original3_extra_trees,roc_auc_cont,0.9951463844797178,0.996416225749559,0.0012698412698411987,nan,source-day
43,clean,1,pooled_source_day_thresholds,ensemble__original3_mse,ensemble__original3_extra_trees,pr_auc_cont,0.9966700564706132,0.9975072110975415,0.0008371546269282382,nan,source-day
43,clean,1,pooled_source_day_thresholds,ensemble__original3_mse,ensemble__original3_extra_trees,accuracy,0.9407407407407408,0.9518518518518518,0.011111111111111072,1.1111111111111072,source-day
43,clean,1,pooled_source_day_thresholds,ensemble__original3_mse,ensemble__original3_extra_trees,precision,1.0,1.0,0.0,0.0,source-day
43,clean,1,pooled_source_day_thresholds,ensemble__original3_mse,ensemble__original3_extra_trees,recall,0.8984126984126984,0.9174603174603174,0.01904761904761898,1.904761904761898,source-day
43,clean,1,pooled_source_day_thresholds,ensemble__original3_mse,ensemble__original3_extra_trees,f1,0.9464882943143813,0.956953642384106,0.010465348069724656,1.0465348069724656,source-day
43,clean,1,pooled_source_day_thresholds,ensemble__original3_mse,ensemble__original3_extra_trees,fpr,0.0,0.0,0.0,0.0,source-day
43,clean,1,pooled_source_day_thresholds,ensemble__original3_mse,ensemble__original3_extra_trees,fp,0,0,0.0,nan,source-day
43,clean,1,pooled_source_day_thresholds,ensemble__original3_mse,ensemble__original3_extra_trees,fn,32,26,-6.0,nan,source-day
43,clean,1,pooled_source_day_thresholds,ensemble__original3_mse,ensemble__original3_extra_trees,q100,nan,nan,nan,nan,source-day
43,clean,1,pooled_source_day_thresholds,ensemble__original3_mse,ensemble__original3_extra_trees,g100,nan,nan,nan,nan,source-day
43,clean,1,2025.06.11_0.3_2,ensemble__original3_mse,ensemble__original3_extra_trees,r2,0.9800014861895572,0.987960831715666,0.007959345526108774,nan,source-day
43,clean,1,2025.06.11_0.3_2,ensemble__original3_mse,ensemble__original3_extra_trees,rmse_all,37906.55460534775,29411.26429555006,-8495.290309797692,nan,source-day
43,clean,1,2025.06.11_0.3_2,ensemble__original3_mse,ensemble__original3_extra_trees,mae_all,29737.65730565387,20987.891004435027,-8749.766301218842,nan,source-day
43,clean,1,2025.06.11_0.3_2,ensemble__original3_mse,ensemble__original3_extra_trees,rmse_high,41075.37162718768,22178.722118310812,-18896.649508876864,nan,source-day
43,clean,1,2025.06.11_0.3_2,ensemble__original3_mse,ensemble__original3_extra_trees,rmse_onb,35615.83949441516,17417.95195494929,-18197.887539465868,nan,source-day
43,clean,1,2025.06.11_0.3_2,ensemble__original3_mse,ensemble__original3_extra_trees,roc_auc_cont,0.9988455988455989,1.0,0.0011544011544011301,nan,source-day
43,clean,1,2025.06.11_0.3_2,ensemble__original3_mse,ensemble__original3_extra_trees,pr_auc_cont,0.9992820431707297,0.9999999999999999,0.0007179568292702276,nan,source-day
43,clean,1,2025.06.11_0.3_2,ensemble__original3_mse,ensemble__original3_extra_trees,accuracy,0.937037037037037,0.9444444444444444,0.007407407407407418,0.7407407407407418,source-day
43,clean,1,2025.06.11_0.3_2,ensemble__original3_mse,ensemble__original3_extra_trees,precision,1.0,1.0,0.0,0.0,source-day
43,clean,1,2025.06.11_0.3_2,ensemble__original3_mse,ensemble__original3_extra_trees,recall,0.896969696969697,0.9090909090909091,0.012121212121212088,1.2121212121212088,source-day
43,clean,1,2025.06.11_0.3_2,ensemble__original3_mse,ensemble__original3_extra_trees,f1,0.9456869009584664,0.9523809523809523,0.006694051422485914,0.6694051422485914,source-day
43,clean,1,2025.06.11_0.3_2,ensemble__original3_mse,ensemble__original3_extra_trees,fpr,0.0,0.0,0.0,0.0,source-day
43,clean,1,2025.06.11_0.3_2,ensemble__original3_mse,ensemble__original3_extra_trees,fp,0,0,0.0,nan,source-day
43,clean,1,2025.06.11_0.3_2,ensemble__original3_mse,ensemble__original3_extra_trees,fn,17,15,-2.0,nan,source-day
43,clean,1,2025.06.11_0.3_2,ensemble__original3_mse,ensemble__original3_extra_trees,q100,315466.1173,315466.1173,0.0,nan,source-day
43,clean,1,2025.06.11_0.3_2,ensemble__original3_mse,ensemble__original3_extra_trees,g100,93961.00709999999,93961.00709999999,0.0,nan,source-day
43,clean,1,2025.06.18_0.3_3,ensemble__original3_mse,ensemble__original3_extra_trees,r2,0.9849255611208048,0.9951599841701266,0.010234423049321872,nan,source-day
43,clean,1,2025.06.18_0.3_3,ensemble__original3_mse,ensemble__original3_extra_trees,rmse_all,33433.72603369182,18944.693912360366,-14489.032121331453,nan,source-day
43,clean,1,2025.06.18_0.3_3,ensemble__original3_mse,ensemble__original3_extra_trees,mae_all,23657.64040656168,13574.566418024318,-10083.073988537362,nan,source-day
43,clean,1,2025.06.18_0.3_3,ensemble__original3_mse,ensemble__original3_extra_trees,rmse_high,42800.46218552901,21392.971517197715,-21407.490668331295,nan,source-day
43,clean,1,2025.06.18_0.3_3,ensemble__original3_mse,ensemble__original3_extra_trees,rmse_onb,34778.65824811203,18663.72543652945,-16114.932811582577,nan,source-day
43,clean,1,2025.06.18_0.3_3,ensemble__original3_mse,ensemble__original3_extra_trees,roc_auc_cont,0.9990555555555555,0.9996111111111111,0.0005555555555556424,nan,source-day
43,clean,1,2025.06.18_0.3_3,ensemble__original3_mse,ensemble__original3_extra_trees,pr_auc_cont,0.9992501451259072,0.9996926076080439,0.00044246248213675177,nan,source-day
43,clean,1,2025.06.18_0.3_3,ensemble__original3_mse,ensemble__original3_extra_trees,accuracy,0.9444444444444444,0.9592592592592593,0.014814814814814836,1.4814814814814836,source-day
43,clean,1,2025.06.18_0.3_3,ensemble__original3_mse,ensemble__original3_extra_trees,precision,1.0,1.0,0.0,0.0,source-day
43,clean,1,2025.06.18_0.3_3,ensemble__original3_mse,ensemble__original3_extra_trees,recall,0.9,0.9266666666666666,0.026666666666666616,2.6666666666666616,source-day
43,clean,1,2025.06.18_0.3_3,ensemble__original3_mse,ensemble__original3_extra_trees,f1,0.9473684210526315,0.9619377162629758,0.014569295210344224,1.4569295210344224,source-day
43,clean,1,2025.06.18_0.3_3,ensemble__original3_mse,ensemble__original3_extra_trees,fpr,0.0,0.0,0.0,0.0,source-day
43,clean,1,2025.06.18_0.3_3,ensemble__original3_mse,ensemble__original3_extra_trees,fp,0,0,0.0,nan,source-day
43,clean,1,2025.06.18_0.3_3,ensemble__original3_mse,ensemble__original3_extra_trees,fn,15,11,-4.0,nan,source-day
43,clean,1,2025.06.18_0.3_3,ensemble__original3_mse,ensemble__original3_extra_trees,q100,376320.1201,376320.1201,0.0,nan,source-day
43,clean,1,2025.06.18_0.3_3,ensemble__original3_mse,ensemble__original3_extra_trees,g100,104642.43849999999,104642.43849999999,0.0,nan,source-day
43,clean,1,pooled_source_day_thresholds,ensemble__original3_mse,ensemble__simple_equal,r2,0.9825041833977074,0.9871102152531499,0.004606031855442505,nan,source-day
43,clean,1,pooled_source_day_thresholds,ensemble__original3_mse,ensemble__simple_equal,rmse_all,35740.17989982824,30676.96973423047,-5063.210165597768,nan,source-day
43,clean,1,pooled_source_day_thresholds,ensemble__original3_mse,ensemble__simple_equal,mae_all,26697.648856107775,24122.82882736807,-2574.820028739705,nan,source-day
43,clean,1,pooled_source_day_thresholds,ensemble__original3_mse,ensemble__simple_equal,rmse_high,41905.70101593538,30914.125102261198,-10991.575913674184,nan,source-day
43,clean,1,pooled_source_day_thresholds,ensemble__original3_mse,ensemble__simple_equal,rmse_onb,35199.73787140263,39314.741202307,4115.003330904372,nan,source-day
43,clean,1,pooled_source_day_thresholds,ensemble__original3_mse,ensemble__simple_equal,roc_auc_cont,0.9951463844797178,0.9961340388007054,0.0009876543209875743,nan,source-day
43,clean,1,pooled_source_day_thresholds,ensemble__original3_mse,ensemble__simple_equal,pr_auc_cont,0.9966700564706132,0.9973348080508978,0.0006647515802845616,nan,source-day
43,clean,1,pooled_source_day_thresholds,ensemble__original3_mse,ensemble__simple_equal,accuracy,0.9407407407407408,0.9296296296296296,-0.011111111111111183,-1.1111111111111183,source-day
43,clean,1,pooled_source_day_thresholds,ensemble__original3_mse,ensemble__simple_equal,precision,1.0,1.0,0.0,0.0,source-day
43,clean,1,pooled_source_day_thresholds,ensemble__original3_mse,ensemble__simple_equal,recall,0.8984126984126984,0.8793650793650793,-0.01904761904761909,-1.904761904761909,source-day
43,clean,1,pooled_source_day_thresholds,ensemble__original3_mse,ensemble__simple_equal,f1,0.9464882943143813,0.9358108108108109,-0.01067748350357045,-1.067748350357045,source-day
43,clean,1,pooled_source_day_thresholds,ensemble__original3_mse,ensemble__simple_equal,fpr,0.0,0.0,0.0,0.0,source-day
43,clean,1,pooled_source_day_thresholds,ensemble__original3_mse,ensemble__simple_equal,fp,0,0,0.0,nan,source-day
43,clean,1,pooled_source_day_thresholds,ensemble__original3_mse,ensemble__simple_equal,fn,32,38,6.0,nan,source-day
43,clean,1,pooled_source_day_thresholds,ensemble__original3_mse,ensemble__simple_equal,q100,nan,nan,nan,nan,source-day
43,clean,1,pooled_source_day_thresholds,ensemble__original3_mse,ensemble__simple_equal,g100,nan,nan,nan,nan,source-day
43,clean,1,2025.06.11_0.3_2,ensemble__original3_mse,ensemble__simple_equal,r2,0.9800014861895572,0.9853116738303307,0.005310187640773512,nan,source-day
43,clean,1,2025.06.11_0.3_2,ensemble__original3_mse,ensemble__simple_equal,rmse_all,37906.55460534775,32486.401334480426,-5420.153270867326,nan,source-day
43,clean,1,2025.06.11_0.3_2,ensemble__original3_mse,ensemble__simple_equal,mae_all,29737.65730565387,25583.092662445088,-4154.5646432087815,nan,source-day
43,clean,1,2025.06.11_0.3_2,ensemble__original3_mse,ensemble__simple_equal,rmse_high,41075.37162718768,28852.252256308424,-12223.119370879253,nan,source-day
43,clean,1,2025.06.11_0.3_2,ensemble__original3_mse,ensemble__simple_equal,rmse_onb,35615.83949441516,40001.6404967005,4385.801002285341,nan,source-day
43,clean,1,2025.06.11_0.3_2,ensemble__original3_mse,ensemble__simple_equal,roc_auc_cont,0.9988455988455989,0.9994227994227994,0.0005772005772005651,nan,source-day
43,clean,1,2025.06.11_0.3_2,ensemble__original3_mse,ensemble__simple_equal,pr_auc_cont,0.9992820431707297,0.9996497894303535,0.0003677462596238801,nan,source-day
43,clean,1,2025.06.11_0.3_2,ensemble__original3_mse,ensemble__simple_equal,accuracy,0.937037037037037,0.9333333333333333,-0.0037037037037036535,-0.37037037037036535,source-day
43,clean,1,2025.06.11_0.3_2,ensemble__original3_mse,ensemble__simple_equal,precision,1.0,1.0,0.0,0.0,source-day
43,clean,1,2025.06.11_0.3_2,ensemble__original3_mse,ensemble__simple_equal,recall,0.896969696969697,0.8909090909090909,-0.0060606060606061,-0.60606060606061,source-day
43,clean,1,2025.06.11_0.3_2,ensemble__original3_mse,ensemble__simple_equal,f1,0.9456869009584664,0.9423076923076923,-0.0033792086507741237,-0.33792086507741237,source-day
43,clean,1,2025.06.11_0.3_2,ensemble__original3_mse,ensemble__simple_equal,fpr,0.0,0.0,0.0,0.0,source-day
43,clean,1,2025.06.11_0.3_2,ensemble__original3_mse,ensemble__simple_equal,fp,0,0,0.0,nan,source-day
43,clean,1,2025.06.11_0.3_2,ensemble__original3_mse,ensemble__simple_equal,fn,17,18,1.0,nan,source-day
43,clean,1,2025.06.11_0.3_2,ensemble__original3_mse,ensemble__simple_equal,q100,315466.1173,315466.1173,0.0,nan,source-day
43,clean,1,2025.06.11_0.3_2,ensemble__original3_mse,ensemble__simple_equal,g100,93961.00709999999,93961.00709999999,0.0,nan,source-day
43,clean,1,2025.06.18_0.3_3,ensemble__original3_mse,ensemble__simple_equal,r2,0.9849255611208048,0.9888502516934076,0.003924690572602807,nan,source-day
43,clean,1,2025.06.18_0.3_3,ensemble__original3_mse,ensemble__simple_equal,rmse_all,33433.72603369182,28753.898387607427,-4679.827646084392,nan,source-day
43,clean,1,2025.06.18_0.3_3,ensemble__original3_mse,ensemble__simple_equal,mae_all,23657.64040656168,22662.564992291052,-995.0754142706282,nan,source-day
43,clean,1,2025.06.18_0.3_3,ensemble__original3_mse,ensemble__simple_equal,rmse_high,42800.46218552901,33033.87456040417,-9766.587625124841,nan,source-day
43,clean,1,2025.06.18_0.3_3,ensemble__original3_mse,ensemble__simple_equal,rmse_onb,34778.65824811203,38615.625194750915,3836.9669466388877,nan,source-day
43,clean,1,2025.06.18_0.3_3,ensemble__original3_mse,ensemble__simple_equal,roc_auc_cont,0.9990555555555555,0.9995,0.00044444444444458053,nan,source-day
43,clean,1,2025.06.18_0.3_3,ensemble__original3_mse,ensemble__simple_equal,pr_auc_cont,0.9992501451259072,0.9995917107420387,0.0003415656161315228,nan,source-day
43,clean,1,2025.06.18_0.3_3,ensemble__original3_mse,ensemble__simple_equal,accuracy,0.9444444444444444,0.9259259259259259,-0.01851851851851849,-1.851851851851849,source-day
43,clean,1,2025.06.18_0.3_3,ensemble__original3_mse,ensemble__simple_equal,precision,1.0,1.0,0.0,0.0,source-day
43,clean,1,2025.06.18_0.3_3,ensemble__original3_mse,ensemble__simple_equal,recall,0.9,0.8666666666666667,-0.033333333333333326,-3.3333333333333326,source-day
43,clean,1,2025.06.18_0.3_3,ensemble__original3_mse,ensemble__simple_equal,f1,0.9473684210526315,0.9285714285714286,-0.018796992481202923,-1.8796992481202923,source-day
43,clean,1,2025.06.18_0.3_3,ensemble__original3_mse,ensemble__simple_equal,fpr,0.0,0.0,0.0,0.0,source-day
43,clean,1,2025.06.18_0.3_3,ensemble__original3_mse,ensemble__simple_equal,fp,0,0,0.0,nan,source-day
43,clean,1,2025.06.18_0.3_3,ensemble__original3_mse,ensemble__simple_equal,fn,15,20,5.0,nan,source-day
43,clean,1,2025.06.18_0.3_3,ensemble__original3_mse,ensemble__simple_equal,q100,376320.1201,376320.1201,0.0,nan,source-day
43,clean,1,2025.06.18_0.3_3,ensemble__original3_mse,ensemble__simple_equal,g100,104642.43849999999,104642.43849999999,0.0,nan,source-day
43,0,1,pooled_source_day_thresholds,ensemble__original3_mse,ensemble__original3_hgb_extra_trees,r2,0.9654161368535462,0.9672981593803859,0.0018820225268396662,nan,source-day
43,0,1,pooled_source_day_thresholds,ensemble__original3_mse,ensemble__original3_hgb_extra_trees,rmse_all,50248.87898196608,48862.504584945076,-1386.3743970210053,nan,source-day
43,0,1,pooled_source_day_thresholds,ensemble__original3_mse,ensemble__original3_hgb_extra_trees,mae_all,39996.17473134657,35548.53303569244,-4447.641695654129,nan,source-day
43,0,1,pooled_source_day_thresholds,ensemble__original3_mse,ensemble__original3_hgb_extra_trees,rmse_high,49593.07591588345,36349.00995558368,-13244.06596029977,nan,source-day
43,0,1,pooled_source_day_thresholds,ensemble__original3_mse,ensemble__original3_hgb_extra_trees,rmse_onb,64006.62759264646,65835.84732872006,1829.2197360736027,nan,source-day
43,0,1,pooled_source_day_thresholds,ensemble__original3_mse,ensemble__original3_hgb_extra_trees,roc_auc_cont,0.990363315696649,0.9927195767195767,0.0023562610229276304,nan,source-day
43,0,1,pooled_source_day_thresholds,ensemble__original3_mse,ensemble__original3_hgb_extra_trees,pr_auc_cont,0.993663768122796,0.9949743752741186,0.0013106071513225848,nan,source-day
43,0,1,pooled_source_day_thresholds,ensemble__original3_mse,ensemble__original3_hgb_extra_trees,accuracy,0.9203703703703704,0.9296296296296296,0.00925925925925919,0.9259259259259189,source-day
43,0,1,pooled_source_day_thresholds,ensemble__original3_mse,ensemble__original3_hgb_extra_trees,precision,1.0,1.0,0.0,0.0,source-day
43,0,1,pooled_source_day_thresholds,ensemble__original3_mse,ensemble__original3_hgb_extra_trees,recall,0.8634920634920635,0.8793650793650793,0.015873015873015817,1.5873015873015817,source-day
43,0,1,pooled_source_day_thresholds,ensemble__original3_mse,ensemble__original3_hgb_extra_trees,f1,0.9267461669505963,0.9358108108108109,0.00906464386021455,0.906464386021455,source-day
43,0,1,pooled_source_day_thresholds,ensemble__original3_mse,ensemble__original3_hgb_extra_trees,fpr,0.0,0.0,0.0,0.0,source-day
43,0,1,pooled_source_day_thresholds,ensemble__original3_mse,ensemble__original3_hgb_extra_trees,fp,0,0,0.0,nan,source-day
43,0,1,pooled_source_day_thresholds,ensemble__original3_mse,ensemble__original3_hgb_extra_trees,fn,43,38,-5.0,nan,source-day
43,0,1,pooled_source_day_thresholds,ensemble__original3_mse,ensemble__original3_hgb_extra_trees,q100,nan,nan,nan,nan,source-day
43,0,1,pooled_source_day_thresholds,ensemble__original3_mse,ensemble__original3_hgb_extra_trees,g100,nan,nan,nan,nan,source-day
43,0,1,2025.06.11_0.3_2,ensemble__original3_mse,ensemble__original3_hgb_extra_trees,r2,0.9677402151838681,0.966207265293259,-0.0015329498906091477,nan,source-day
43,0,1,2025.06.11_0.3_2,ensemble__original3_mse,ensemble__original3_hgb_extra_trees,rmse_all,48144.44497344055,49275.05534130807,1130.6103678675208,nan,source-day
43,0,1,2025.06.11_0.3_2,ensemble__original3_mse,ensemble__original3_hgb_extra_trees,mae_all,38497.05950324792,35729.25040434906,-2767.809098898855,nan,source-day
43,0,1,2025.06.11_0.3_2,ensemble__original3_mse,ensemble__original3_hgb_extra_trees,rmse_high,45670.33626676981,32870.81537449097,-12799.520892278837,nan,source-day
43,0,1,2025.06.11_0.3_2,ensemble__original3_mse,ensemble__original3_hgb_extra_trees,rmse_onb,63897.59356634901,69004.48378897307,5106.890222624061,nan,source-day
43,0,1,2025.06.11_0.3_2,ensemble__original3_mse,ensemble__original3_hgb_extra_trees,roc_auc_cont,0.9917460317460316,0.9990764790764791,0.00733044733044752,nan,source-day
43,0,1,2025.06.11_0.3_2,ensemble__original3_mse,ensemble__original3_hgb_extra_trees,pr_auc_cont,0.9952360533684204,0.9994121293947976,0.004176076026377262,nan,source-day
43,0,1,2025.06.11_0.3_2,ensemble__original3_mse,ensemble__original3_hgb_extra_trees,accuracy,0.9222222222222223,0.9333333333333333,0.011111111111111072,1.1111111111111072,source-day
43,0,1,2025.06.11_0.3_2,ensemble__original3_mse,ensemble__original3_hgb_extra_trees,precision,1.0,1.0,0.0,0.0,source-day
43,0,1,2025.06.11_0.3_2,ensemble__original3_mse,ensemble__original3_hgb_extra_trees,recall,0.8727272727272727,0.8909090909090909,0.018181818181818188,1.8181818181818188,source-day
43,0,1,2025.06.11_0.3_2,ensemble__original3_mse,ensemble__original3_hgb_extra_trees,f1,0.9320388349514563,0.9423076923076923,0.01026885735623595,1.026885735623595,source-day
43,0,1,2025.06.11_0.3_2,ensemble__original3_mse,ensemble__original3_hgb_extra_trees,fpr,0.0,0.0,0.0,0.0,source-day
43,0,1,2025.06.11_0.3_2,ensemble__original3_mse,ensemble__original3_hgb_extra_trees,fp,0,0,0.0,nan,source-day
43,0,1,2025.06.11_0.3_2,ensemble__original3_mse,ensemble__original3_hgb_extra_trees,fn,21,18,-3.0,nan,source-day
43,0,1,2025.06.11_0.3_2,ensemble__original3_mse,ensemble__original3_hgb_extra_trees,q100,368978.105,315466.1173,-53511.9877,nan,source-day
43,0,1,2025.06.11_0.3_2,ensemble__original3_mse,ensemble__original3_hgb_extra_trees,g100,147472.9948,93961.00709999999,-53511.9877,nan,source-day
43,0,1,2025.06.18_0.3_3,ensemble__original3_mse,ensemble__original3_hgb_extra_trees,r2,0.9631570654732533,0.9683484232347345,0.0051913577614811635,nan,source-day
43,0,1,2025.06.18_0.3_3,ensemble__original3_mse,ensemble__original3_hgb_extra_trees,rmse_all,52268.65309234493,48446.44083664542,-3822.212255699509,nan,source-day
43,0,1,2025.06.18_0.3_3,ensemble__original3_mse,ensemble__original3_hgb_extra_trees,mae_all,41495.28995944521,35367.815667035815,-6127.474292409395,nan,source-day
43,0,1,2025.06.18_0.3_3,ensemble__original3_mse,ensemble__original3_hgb_extra_trees,rmse_high,53577.38421465909,39825.70210624159,-13751.682108417503,nan,source-day
43,0,1,2025.06.18_0.3_3,ensemble__original3_mse,ensemble__original3_hgb_extra_trees,rmse_onb,64115.476197226635,62506.79006314775,-1608.6861340788819,nan,source-day
43,0,1,2025.06.18_0.3_3,ensemble__original3_mse,ensemble__original3_hgb_extra_trees,roc_auc_cont,0.9937222222222223,0.9943888888888889,0.0006666666666665932,nan,source-day
43,0,1,2025.06.18_0.3_3,ensemble__original3_mse,ensemble__original3_hgb_extra_trees,pr_auc_cont,0.995237746823262,0.995702318924358,0.00046457210109596137,nan,source-day
43,0,1,2025.06.18_0.3_3,ensemble__original3_mse,ensemble__original3_hgb_extra_trees,accuracy,0.9185185185185185,0.9259259259259259,0.007407407407407418,0.7407407407407418,source-day
43,0,1,2025.06.18_0.3_3,ensemble__original3_mse,ensemble__original3_hgb_extra_trees,precision,1.0,1.0,0.0,0.0,source-day
43,0,1,2025.06.18_0.3_3,ensemble__original3_mse,ensemble__original3_hgb_extra_trees,recall,0.8533333333333334,0.8666666666666667,0.013333333333333308,1.3333333333333308,source-day
43,0,1,2025.06.18_0.3_3,ensemble__original3_mse,ensemble__original3_hgb_extra_trees,f1,0.920863309352518,0.9285714285714286,0.00770811921891057,0.770811921891057,source-day
43,0,1,2025.06.18_0.3_3,ensemble__original3_mse,ensemble__original3_hgb_extra_trees,fpr,0.0,0.0,0.0,0.0,source-day
43,0,1,2025.06.18_0.3_3,ensemble__original3_mse,ensemble__original3_hgb_extra_trees,fp,0,0,0.0,nan,source-day
43,0,1,2025.06.18_0.3_3,ensemble__original3_mse,ensemble__original3_hgb_extra_trees,fn,22,20,-2.0,nan,source-day
43,0,1,2025.06.18_0.3_3,ensemble__original3_mse,ensemble__original3_hgb_extra_trees,q100,376320.1201,376320.1201,0.0,nan,source-day
43,0,1,2025.06.18_0.3_3,ensemble__original3_mse,ensemble__original3_hgb_extra_trees,g100,104642.43849999999,104642.43849999999,0.0,nan,source-day
43,0,1,pooled_source_day_thresholds,ensemble__original3_mse,ensemble__original3_performance,r2,0.9654161368535462,0.9644820529817758,-0.0009340838717704081,nan,source-day
43,0,1,pooled_source_day_thresholds,ensemble__original3_mse,ensemble__original3_performance,rmse_all,50248.87898196608,50922.94979675282,674.0708147867408,nan,source-day
43,0,1,pooled_source_day_thresholds,ensemble__original3_mse,ensemble__original3_performance,mae_all,39996.17473134657,40565.28582429923,569.1110929526621,nan,source-day
43,0,1,pooled_source_day_thresholds,ensemble__original3_mse,ensemble__original3_performance,rmse_high,49593.07591588345,49446.62628200068,-146.44963388276665,nan,source-day
43,0,1,pooled_source_day_thresholds,ensemble__original3_mse,ensemble__original3_performance,rmse_onb,64006.62759264646,68927.03987298619,4920.412280339733,nan,source-day
43,0,1,pooled_source_day_thresholds,ensemble__original3_mse,ensemble__original3_performance,roc_auc_cont,0.990363315696649,0.9904761904761905,0.00011287477954147196,nan,source-day
43,0,1,pooled_source_day_thresholds,ensemble__original3_mse,ensemble__original3_performance,pr_auc_cont,0.993663768122796,0.9937510042759501,8.723615315409106e-05,nan,source-day
43,0,1,pooled_source_day_thresholds,ensemble__original3_mse,ensemble__original3_performance,accuracy,0.9203703703703704,0.9222222222222223,0.0018518518518518823,0.18518518518518823,source-day
43,0,1,pooled_source_day_thresholds,ensemble__original3_mse,ensemble__original3_performance,precision,1.0,1.0,0.0,0.0,source-day
43,0,1,pooled_source_day_thresholds,ensemble__original3_mse,ensemble__original3_performance,recall,0.8634920634920635,0.8666666666666667,0.0031746031746031633,0.31746031746031633,source-day
43,0,1,pooled_source_day_thresholds,ensemble__original3_mse,ensemble__original3_performance,f1,0.9267461669505963,0.9285714285714286,0.001825261620832297,0.1825261620832297,source-day
43,0,1,pooled_source_day_thresholds,ensemble__original3_mse,ensemble__original3_performance,fpr,0.0,0.0,0.0,0.0,source-day
43,0,1,pooled_source_day_thresholds,ensemble__original3_mse,ensemble__original3_performance,fp,0,0,0.0,nan,source-day
43,0,1,pooled_source_day_thresholds,ensemble__original3_mse,ensemble__original3_performance,fn,43,42,-1.0,nan,source-day
43,0,1,pooled_source_day_thresholds,ensemble__original3_mse,ensemble__original3_performance,q100,nan,nan,nan,nan,source-day
43,0,1,pooled_source_day_thresholds,ensemble__original3_mse,ensemble__original3_performance,g100,nan,nan,nan,nan,source-day
43,0,1,2025.06.11_0.3_2,ensemble__original3_mse,ensemble__original3_performance,r2,0.9677402151838681,0.9679483921405609,0.00020817695669284042,nan,source-day
43,0,1,2025.06.11_0.3_2,ensemble__original3_mse,ensemble__original3_performance,rmse_all,48144.44497344055,47988.852093139416,-155.59288030113385,nan,source-day
43,0,1,2025.06.11_0.3_2,ensemble__original3_mse,ensemble__original3_performance,mae_all,38497.05950324792,38235.10155315729,-261.9579500906257,nan,source-day
43,0,1,2025.06.11_0.3_2,ensemble__original3_mse,ensemble__original3_performance,rmse_high,45670.33626676981,44384.20524711488,-1286.1310196549312,nan,source-day
43,0,1,2025.06.11_0.3_2,ensemble__original3_mse,ensemble__original3_performance,rmse_onb,63897.59356634901,67697.49233397751,3799.8987676285033,nan,source-day
43,0,1,2025.06.11_0.3_2,ensemble__original3_mse,ensemble__original3_performance,roc_auc_cont,0.9917460317460316,0.9916883116883115,-5.772005772008981e-05,nan,source-day
43,0,1,2025.06.11_0.3_2,ensemble__original3_mse,ensemble__original3_performance,pr_auc_cont,0.9952360533684204,0.9951977046203941,-3.8348748026217905e-05,nan,source-day
43,0,1,2025.06.11_0.3_2,ensemble__original3_mse,ensemble__original3_performance,accuracy,0.9222222222222223,0.9259259259259259,0.0037037037037036535,0.37037037037036535,source-day
43,0,1,2025.06.11_0.3_2,ensemble__original3_mse,ensemble__original3_performance,precision,1.0,1.0,0.0,0.0,source-day
43,0,1,2025.06.11_0.3_2,ensemble__original3_mse,ensemble__original3_performance,recall,0.8727272727272727,0.8787878787878788,0.0060606060606061,0.60606060606061,source-day
43,0,1,2025.06.11_0.3_2,ensemble__original3_mse,ensemble__original3_performance,f1,0.9320388349514563,0.9354838709677419,0.003445036016285541,0.3445036016285541,source-day
43,0,1,2025.06.11_0.3_2,ensemble__original3_mse,ensemble__original3_performance,fpr,0.0,0.0,0.0,0.0,source-day
43,0,1,2025.06.11_0.3_2,ensemble__original3_mse,ensemble__original3_performance,fp,0,0,0.0,nan,source-day
43,0,1,2025.06.11_0.3_2,ensemble__original3_mse,ensemble__original3_performance,fn,21,20,-1.0,nan,source-day
43,0,1,2025.06.11_0.3_2,ensemble__original3_mse,ensemble__original3_performance,q100,368978.105,368978.105,0.0,nan,source-day
43,0,1,2025.06.11_0.3_2,ensemble__original3_mse,ensemble__original3_performance,g100,147472.9948,147472.9948,0.0,nan,source-day
43,0,1,2025.06.18_0.3_3,ensemble__original3_mse,ensemble__original3_performance,r2,0.9631570654732533,0.9611159919759849,-0.002041073497268453,nan,source-day
43,0,1,2025.06.18_0.3_3,ensemble__original3_mse,ensemble__original3_performance,rmse_all,52268.65309234493,53696.961802210055,1428.308709865123,nan,source-day
43,0,1,2025.06.18_0.3_3,ensemble__original3_mse,ensemble__original3_performance,mae_all,41495.28995944521,42895.470095441175,1400.1801359959645,nan,source-day
43,0,1,2025.06.18_0.3_3,ensemble__original3_mse,ensemble__original3_performance,rmse_high,53577.38421465909,54474.59172358286,897.2075089237696,nan,source-day
43,0,1,2025.06.18_0.3_3,ensemble__original3_mse,ensemble__original3_performance,rmse_onb,64115.476197226635,70135.03534607732,6019.559148850683,nan,source-day
43,0,1,2025.06.18_0.3_3,ensemble__original3_mse,ensemble__original3_performance,roc_auc_cont,0.9937222222222223,0.9937222222222223,0.0,nan,source-day
43,0,1,2025.06.18_0.3_3,ensemble__original3_mse,ensemble__original3_performance,pr_auc_cont,0.995237746823262,0.995237746823262,0.0,nan,source-day
43,0,1,2025.06.18_0.3_3,ensemble__original3_mse,ensemble__original3_performance,accuracy,0.9185185185185185,0.9185185185185185,0.0,0.0,source-day
43,0,1,2025.06.18_0.3_3,ensemble__original3_mse,ensemble__original3_performance,precision,1.0,1.0,0.0,0.0,source-day
43,0,1,2025.06.18_0.3_3,ensemble__original3_mse,ensemble__original3_performance,recall,0.8533333333333334,0.8533333333333334,0.0,0.0,source-day
43,0,1,2025.06.18_0.3_3,ensemble__original3_mse,ensemble__original3_performance,f1,0.920863309352518,0.920863309352518,0.0,0.0,source-day
43,0,1,2025.06.18_0.3_3,ensemble__original3_mse,ensemble__original3_performance,fpr,0.0,0.0,0.0,0.0,source-day
43,0,1,2025.06.18_0.3_3,ensemble__original3_mse,ensemble__original3_performance,fp,0,0,0.0,nan,source-day
43,0,1,2025.06.18_0.3_3,ensemble__original3_mse,ensemble__original3_performance,fn,22,22,0.0,nan,source-day
43,0,1,2025.06.18_0.3_3,ensemble__original3_mse,ensemble__original3_performance,q100,376320.1201,376320.1201,0.0,nan,source-day
43,0,1,2025.06.18_0.3_3,ensemble__original3_mse,ensemble__original3_performance,g100,104642.43849999999,104642.43849999999,0.0,nan,source-day
43,0,1,pooled_source_day_thresholds,ensemble__original3_mse,ensemble__original3_hgb,r2,0.9654161368535462,0.9633956183095076,-0.0020205185440386186,nan,source-day
43,0,1,pooled_source_day_thresholds,ensemble__original3_mse,ensemble__original3_hgb,rmse_all,50248.87898196608,51695.9074363662,1447.0284544001188,nan,source-day
43,0,1,pooled_source_day_thresholds,ensemble__original3_mse,ensemble__original3_hgb,mae_all,39996.17473134657,36886.04222824448,-3110.1325031020897,nan,source-day
43,0,1,pooled_source_day_thresholds,ensemble__original3_mse,ensemble__original3_hgb,rmse_high,49593.07591588345,33160.0869977672,-16432.98891811625,nan,source-day
43,0,1,pooled_source_day_thresholds,ensemble__original3_mse,ensemble__original3_hgb,rmse_onb,64006.62759264646,53964.67664898799,-10041.95094365847,nan,source-day
43,0,1,pooled_source_day_thresholds,ensemble__original3_mse,ensemble__original3_hgb,roc_auc_cont,0.990363315696649,0.990278659611993,-8.46560846560207e-05,nan,source-day
43,0,1,pooled_source_day_thresholds,ensemble__original3_mse,ensemble__original3_hgb,pr_auc_cont,0.993663768122796,0.9935391976940201,-0.0001245704287758942,nan,source-day
43,0,1,pooled_source_day_thresholds,ensemble__original3_mse,ensemble__original3_hgb,accuracy,0.9203703703703704,0.9296296296296296,0.00925925925925919,0.9259259259259189,source-day
43,0,1,pooled_source_day_thresholds,ensemble__original3_mse,ensemble__original3_hgb,precision,1.0,1.0,0.0,0.0,source-day
43,0,1,pooled_source_day_thresholds,ensemble__original3_mse,ensemble__original3_hgb,recall,0.8634920634920635,0.8793650793650793,0.015873015873015817,1.5873015873015817,source-day
43,0,1,pooled_source_day_thresholds,ensemble__original3_mse,ensemble__original3_hgb,f1,0.9267461669505963,0.9358108108108109,0.00906464386021455,0.906464386021455,source-day
43,0,1,pooled_source_day_thresholds,ensemble__original3_mse,ensemble__original3_hgb,fpr,0.0,0.0,0.0,0.0,source-day
43,0,1,pooled_source_day_thresholds,ensemble__original3_mse,ensemble__original3_hgb,fp,0,0,0.0,nan,source-day
43,0,1,pooled_source_day_thresholds,ensemble__original3_mse,ensemble__original3_hgb,fn,43,38,-5.0,nan,source-day
43,0,1,pooled_source_day_thresholds,ensemble__original3_mse,ensemble__original3_hgb,q100,nan,nan,nan,nan,source-day
43,0,1,pooled_source_day_thresholds,ensemble__original3_mse,ensemble__original3_hgb,g100,nan,nan,nan,nan,source-day
43,0,1,2025.06.11_0.3_2,ensemble__original3_mse,ensemble__original3_hgb,r2,0.9677402151838681,0.964506562075712,-0.0032336531081561537,nan,source-day
43,0,1,2025.06.11_0.3_2,ensemble__original3_mse,ensemble__original3_hgb,rmse_all,48144.44497344055,50499.779872211475,2355.334898770925,nan,source-day
43,0,1,2025.06.11_0.3_2,ensemble__original3_mse,ensemble__original3_hgb,mae_all,38497.05950324792,35721.918189819364,-2775.141313428554,nan,source-day
43,0,1,2025.06.11_0.3_2,ensemble__original3_mse,ensemble__original3_hgb,rmse_high,45670.33626676981,32479.850807461295,-13190.485459308515,nan,source-day
43,0,1,2025.06.11_0.3_2,ensemble__original3_mse,ensemble__original3_hgb,rmse_onb,63897.59356634901,65275.02006577441,1377.4264994254045,nan,source-day
43,0,1,2025.06.11_0.3_2,ensemble__original3_mse,ensemble__original3_hgb,roc_auc_cont,0.9917460317460316,0.9935930735930736,0.0018470418470419858,nan,source-day
43,0,1,2025.06.11_0.3_2,ensemble__original3_mse,ensemble__original3_hgb,pr_auc_cont,0.9952360533684204,0.9959348111530308,0.000698757784610482,nan,source-day
43,0,1,2025.06.11_0.3_2,ensemble__original3_mse,ensemble__original3_hgb,accuracy,0.9222222222222223,0.9333333333333333,0.011111111111111072,1.1111111111111072,source-day
43,0,1,2025.06.11_0.3_2,ensemble__original3_mse,ensemble__original3_hgb,precision,1.0,1.0,0.0,0.0,source-day
43,0,1,2025.06.11_0.3_2,ensemble__original3_mse,ensemble__original3_hgb,recall,0.8727272727272727,0.8909090909090909,0.018181818181818188,1.8181818181818188,source-day
43,0,1,2025.06.11_0.3_2,ensemble__original3_mse,ensemble__original3_hgb,f1,0.9320388349514563,0.9423076923076923,0.01026885735623595,1.026885735623595,source-day
43,0,1,2025.06.11_0.3_2,ensemble__original3_mse,ensemble__original3_hgb,fpr,0.0,0.0,0.0,0.0,source-day
43,0,1,2025.06.11_0.3_2,ensemble__original3_mse,ensemble__original3_hgb,fp,0,0,0.0,nan,source-day
43,0,1,2025.06.11_0.3_2,ensemble__original3_mse,ensemble__original3_hgb,fn,21,18,-3.0,nan,source-day
43,0,1,2025.06.11_0.3_2,ensemble__original3_mse,ensemble__original3_hgb,q100,368978.105,315466.1173,-53511.9877,nan,source-day
43,0,1,2025.06.11_0.3_2,ensemble__original3_mse,ensemble__original3_hgb,g100,147472.9948,93961.00709999999,-53511.9877,nan,source-day
43,0,1,2025.06.18_0.3_3,ensemble__original3_mse,ensemble__original3_hgb,r2,0.9631570654732533,0.9623115990100712,-0.0008454664631820652,nan,source-day
43,0,1,2025.06.18_0.3_3,ensemble__original3_mse,ensemble__original3_hgb,rmse_all,52268.65309234493,52864.97823887634,596.3251465314097,nan,source-day
43,0,1,2025.06.18_0.3_3,ensemble__original3_mse,ensemble__original3_hgb,mae_all,41495.28995944521,38050.166266669585,-3445.1236927756254,nan,source-day
43,0,1,2025.06.18_0.3_3,ensemble__original3_mse,ensemble__original3_hgb,rmse_high,53577.38421465909,33892.58174064775,-19684.80247401134,nan,source-day
43,0,1,2025.06.18_0.3_3,ensemble__original3_mse,ensemble__original3_hgb,rmse_onb,64115.476197226635,39541.67936585908,-24573.796831367552,nan,source-day
43,0,1,2025.06.18_0.3_3,ensemble__original3_mse,ensemble__original3_hgb,roc_auc_cont,0.9937222222222223,0.9957777777777778,0.002055555555555477,nan,source-day
43,0,1,2025.06.18_0.3_3,ensemble__original3_mse,ensemble__original3_hgb,pr_auc_cont,0.995237746823262,0.9967190439978326,0.0014812971745705727,nan,source-day
43,0,1,2025.06.18_0.3_3,ensemble__original3_mse,ensemble__original3_hgb,accuracy,0.9185185185185185,0.9259259259259259,0.007407407407407418,0.7407407407407418,source-day
43,0,1,2025.06.18_0.3_3,ensemble__original3_mse,ensemble__original3_hgb,precision,1.0,1.0,0.0,0.0,source-day
43,0,1,2025.06.18_0.3_3,ensemble__original3_mse,ensemble__original3_hgb,recall,0.8533333333333334,0.8666666666666667,0.013333333333333308,1.3333333333333308,source-day
43,0,1,2025.06.18_0.3_3,ensemble__original3_mse,ensemble__original3_hgb,f1,0.920863309352518,0.9285714285714286,0.00770811921891057,0.770811921891057,source-day
43,0,1,2025.06.18_0.3_3,ensemble__original3_mse,ensemble__original3_hgb,fpr,0.0,0.0,0.0,0.0,source-day
43,0,1,2025.06.18_0.3_3,ensemble__original3_mse,ensemble__original3_hgb,fp,0,0,0.0,nan,source-day
43,0,1,2025.06.18_0.3_3,ensemble__original3_mse,ensemble__original3_hgb,fn,22,20,-2.0,nan,source-day
43,0,1,2025.06.18_0.3_3,ensemble__original3_mse,ensemble__original3_hgb,q100,376320.1201,376320.1201,0.0,nan,source-day
43,0,1,2025.06.18_0.3_3,ensemble__original3_mse,ensemble__original3_hgb,g100,104642.43849999999,104642.43849999999,0.0,nan,source-day
43,0,1,pooled_source_day_thresholds,ensemble__original3_mse,ensemble__original3_extra_trees,r2,0.9654161368535462,0.9674296123335415,0.002013475479995308,nan,source-day
43,0,1,pooled_source_day_thresholds,ensemble__original3_mse,ensemble__original3_extra_trees,rmse_all,50248.87898196608,48764.19836988371,-1484.6806120823749,nan,source-day
43,0,1,pooled_source_day_thresholds,ensemble__original3_mse,ensemble__original3_extra_trees,mae_all,39996.17473134657,35514.58067508583,-4481.594056260736,nan,source-day
43,0,1,pooled_source_day_thresholds,ensemble__original3_mse,ensemble__original3_extra_trees,rmse_high,49593.07591588345,36856.87100389778,-12736.204911985667,nan,source-day
43,0,1,pooled_source_day_thresholds,ensemble__original3_mse,ensemble__original3_extra_trees,rmse_onb,64006.62759264646,67028.18502484249,3021.5574321960303,nan,source-day
43,0,1,pooled_source_day_thresholds,ensemble__original3_mse,ensemble__original3_extra_trees,roc_auc_cont,0.990363315696649,0.9926913580246913,0.00232804232804229,nan,source-day
43,0,1,pooled_source_day_thresholds,ensemble__original3_mse,ensemble__original3_extra_trees,pr_auc_cont,0.993663768122796,0.9949501486937194,0.001286380570923451,nan,source-day
43,0,1,pooled_source_day_thresholds,ensemble__original3_mse,ensemble__original3_extra_trees,accuracy,0.9203703703703704,0.9314814814814815,0.011111111111111072,1.1111111111111072,source-day
43,0,1,pooled_source_day_thresholds,ensemble__original3_mse,ensemble__original3_extra_trees,precision,1.0,1.0,0.0,0.0,source-day
43,0,1,pooled_source_day_thresholds,ensemble__original3_mse,ensemble__original3_extra_trees,recall,0.8634920634920635,0.8825396825396825,0.01904761904761898,1.904761904761898,source-day
43,0,1,pooled_source_day_thresholds,ensemble__original3_mse,ensemble__original3_extra_trees,f1,0.9267461669505963,0.9376053962900506,0.010859229339454268,1.0859229339454268,source-day
43,0,1,pooled_source_day_thresholds,ensemble__original3_mse,ensemble__original3_extra_trees,fpr,0.0,0.0,0.0,0.0,source-day
43,0,1,pooled_source_day_thresholds,ensemble__original3_mse,ensemble__original3_extra_trees,fp,0,0,0.0,nan,source-day
43,0,1,pooled_source_day_thresholds,ensemble__original3_mse,ensemble__original3_extra_trees,fn,43,37,-6.0,nan,source-day
43,0,1,pooled_source_day_thresholds,ensemble__original3_mse,ensemble__original3_extra_trees,q100,nan,nan,nan,nan,source-day
43,0,1,pooled_source_day_thresholds,ensemble__original3_mse,ensemble__original3_extra_trees,g100,nan,nan,nan,nan,source-day
43,0,1,2025.06.11_0.3_2,ensemble__original3_mse,ensemble__original3_extra_trees,r2,0.9677402151838681,0.9663271694550306,-0.001413045728837492,nan,source-day
43,0,1,2025.06.11_0.3_2,ensemble__original3_mse,ensemble__original3_extra_trees,rmse_all,48144.44497344055,49187.55821278859,1043.1132393480366,nan,source-day
43,0,1,2025.06.11_0.3_2,ensemble__original3_mse,ensemble__original3_extra_trees,mae_all,38497.05950324792,35786.828805525336,-2710.2306977225817,nan,source-day
43,0,1,2025.06.11_0.3_2,ensemble__original3_mse,ensemble__original3_extra_trees,rmse_high,45670.33626676981,33077.59764796585,-12592.73861880396,nan,source-day
43,0,1,2025.06.11_0.3_2,ensemble__original3_mse,ensemble__original3_extra_trees,rmse_onb,63897.59356634901,69299.46793722064,5401.874370871636,nan,source-day
43,0,1,2025.06.11_0.3_2,ensemble__original3_mse,ensemble__original3_extra_trees,roc_auc_cont,0.9917460317460316,0.9994805194805194,0.007734487734487816,nan,source-day
43,0,1,2025.06.11_0.3_2,ensemble__original3_mse,ensemble__original3_extra_trees,pr_auc_cont,0.9952360533684204,0.9996722582050921,0.004436204836671731,nan,source-day
43,0,1,2025.06.11_0.3_2,ensemble__original3_mse,ensemble__original3_extra_trees,accuracy,0.9222222222222223,0.9333333333333333,0.011111111111111072,1.1111111111111072,source-day
43,0,1,2025.06.11_0.3_2,ensemble__original3_mse,ensemble__original3_extra_trees,precision,1.0,1.0,0.0,0.0,source-day
43,0,1,2025.06.11_0.3_2,ensemble__original3_mse,ensemble__original3_extra_trees,recall,0.8727272727272727,0.8909090909090909,0.018181818181818188,1.8181818181818188,source-day
43,0,1,2025.06.11_0.3_2,ensemble__original3_mse,ensemble__original3_extra_trees,f1,0.9320388349514563,0.9423076923076923,0.01026885735623595,1.026885735623595,source-day
43,0,1,2025.06.11_0.3_2,ensemble__original3_mse,ensemble__original3_extra_trees,fpr,0.0,0.0,0.0,0.0,source-day
43,0,1,2025.06.11_0.3_2,ensemble__original3_mse,ensemble__original3_extra_trees,fp,0,0,0.0,nan,source-day
43,0,1,2025.06.11_0.3_2,ensemble__original3_mse,ensemble__original3_extra_trees,fn,21,18,-3.0,nan,source-day
43,0,1,2025.06.11_0.3_2,ensemble__original3_mse,ensemble__original3_extra_trees,q100,368978.105,315466.1173,-53511.9877,nan,source-day
43,0,1,2025.06.11_0.3_2,ensemble__original3_mse,ensemble__original3_extra_trees,g100,147472.9948,93961.00709999999,-53511.9877,nan,source-day
43,0,1,2025.06.18_0.3_3,ensemble__original3_mse,ensemble__original3_extra_trees,r2,0.9631570654732533,0.9684910935948419,0.005334028121588563,nan,source-day
43,0,1,2025.06.18_0.3_3,ensemble__original3_mse,ensemble__original3_extra_trees,rmse_all,52268.65309234493,48337.130680029724,-3931.5224123152075,nan,source-day
43,0,1,2025.06.18_0.3_3,ensemble__original3_mse,ensemble__original3_extra_trees,mae_all,41495.28995944521,35242.33254464632,-6252.95741479889,nan,source-day
43,0,1,2025.06.18_0.3_3,ensemble__original3_mse,ensemble__original3_extra_trees,rmse_high,53577.38421465909,40609.857936699686,-12967.526277959405,nan,source-day
43,0,1,2025.06.18_0.3_3,ensemble__original3_mse,ensemble__original3_extra_trees,rmse_onb,64115.476197226635,64677.1900987293,561.7139015026623,nan,source-day
43,0,1,2025.06.18_0.3_3,ensemble__original3_mse,ensemble__original3_extra_trees,roc_auc_cont,0.9937222222222223,0.9939444444444444,0.00022222222222212373,nan,source-day
43,0,1,2025.06.18_0.3_3,ensemble__original3_mse,ensemble__original3_extra_trees,pr_auc_cont,0.995237746823262,0.9953979992532301,0.00016025242996808853,nan,source-day
43,0,1,2025.06.18_0.3_3,ensemble__original3_mse,ensemble__original3_extra_trees,accuracy,0.9185185185185185,0.9296296296296296,0.011111111111111072,1.1111111111111072,source-day
43,0,1,2025.06.18_0.3_3,ensemble__original3_mse,ensemble__original3_extra_trees,precision,1.0,1.0,0.0,0.0,source-day
43,0,1,2025.06.18_0.3_3,ensemble__original3_mse,ensemble__original3_extra_trees,recall,0.8533333333333334,0.8733333333333333,0.019999999999999907,1.9999999999999907,source-day
43,0,1,2025.06.18_0.3_3,ensemble__original3_mse,ensemble__original3_extra_trees,f1,0.920863309352518,0.9323843416370107,0.011521032284492638,1.1521032284492638,source-day
43,0,1,2025.06.18_0.3_3,ensemble__original3_mse,ensemble__original3_extra_trees,fpr,0.0,0.0,0.0,0.0,source-day
43,0,1,2025.06.18_0.3_3,ensemble__original3_mse,ensemble__original3_extra_trees,fp,0,0,0.0,nan,source-day
43,0,1,2025.06.18_0.3_3,ensemble__original3_mse,ensemble__original3_extra_trees,fn,22,19,-3.0,nan,source-day
43,0,1,2025.06.18_0.3_3,ensemble__original3_mse,ensemble__original3_extra_trees,q100,376320.1201,376320.1201,0.0,nan,source-day
43,0,1,2025.06.18_0.3_3,ensemble__original3_mse,ensemble__original3_extra_trees,g100,104642.43849999999,104642.43849999999,0.0,nan,source-day
43,0,1,pooled_source_day_thresholds,ensemble__original3_mse,ensemble__simple_equal,r2,0.9654161368535462,0.9641444640822685,-0.0012716727712777098,nan,source-day
43,0,1,pooled_source_day_thresholds,ensemble__original3_mse,ensemble__simple_equal,rmse_all,50248.87898196608,51164.38219853587,915.5032165697921,nan,source-day
43,0,1,pooled_source_day_thresholds,ensemble__original3_mse,ensemble__simple_equal,mae_all,39996.17473134657,38802.35721141287,-1193.8175199336983,nan,source-day
43,0,1,pooled_source_day_thresholds,ensemble__original3_mse,ensemble__simple_equal,rmse_high,49593.07591588345,40731.5946611128,-8861.481254770646,nan,source-day
43,0,1,pooled_source_day_thresholds,ensemble__original3_mse,ensemble__simple_equal,rmse_onb,64006.62759264646,70076.65359850689,6070.026005860433,nan,source-day
43,0,1,pooled_source_day_thresholds,ensemble__original3_mse,ensemble__simple_equal,roc_auc_cont,0.990363315696649,0.9923386243386243,0.0019753086419752597,nan,source-day
43,0,1,pooled_source_day_thresholds,ensemble__original3_mse,ensemble__simple_equal,pr_auc_cont,0.993663768122796,0.9947868569586942,0.0011230888358981783,nan,source-day
43,0,1,pooled_source_day_thresholds,ensemble__original3_mse,ensemble__simple_equal,accuracy,0.9203703703703704,0.924074074074074,0.0037037037037036535,0.37037037037036535,source-day
43,0,1,pooled_source_day_thresholds,ensemble__original3_mse,ensemble__simple_equal,precision,1.0,1.0,0.0,0.0,source-day
43,0,1,pooled_source_day_thresholds,ensemble__original3_mse,ensemble__simple_equal,recall,0.8634920634920635,0.8698412698412699,0.006349206349206327,0.6349206349206327,source-day
43,0,1,pooled_source_day_thresholds,ensemble__original3_mse,ensemble__simple_equal,f1,0.9267461669505963,0.9303904923599321,0.0036443254093357913,0.36443254093357913,source-day
43,0,1,pooled_source_day_thresholds,ensemble__original3_mse,ensemble__simple_equal,fpr,0.0,0.0,0.0,0.0,source-day
43,0,1,pooled_source_day_thresholds,ensemble__original3_mse,ensemble__simple_equal,fp,0,0,0.0,nan,source-day
43,0,1,pooled_source_day_thresholds,ensemble__original3_mse,ensemble__simple_equal,fn,43,41,-2.0,nan,source-day
43,0,1,pooled_source_day_thresholds,ensemble__original3_mse,ensemble__simple_equal,q100,nan,nan,nan,nan,source-day
43,0,1,pooled_source_day_thresholds,ensemble__original3_mse,ensemble__simple_equal,g100,nan,nan,nan,nan,source-day
43,0,1,2025.06.11_0.3_2,ensemble__original3_mse,ensemble__simple_equal,r2,0.9677402151838681,0.9665050334303078,-0.0012351817535602994,nan,source-day
43,0,1,2025.06.11_0.3_2,ensemble__original3_mse,ensemble__simple_equal,rmse_all,48144.44497344055,49057.47888732435,913.0339138838026,nan,source-day
43,0,1,2025.06.11_0.3_2,ensemble__original3_mse,ensemble__simple_equal,mae_all,38497.05950324792,36648.15862492814,-1848.9008783197787,nan,source-day
43,0,1,2025.06.11_0.3_2,ensemble__original3_mse,ensemble__simple_equal,rmse_high,45670.33626676981,36193.97535601378,-9476.360910756026,nan,source-day
43,0,1,2025.06.11_0.3_2,ensemble__original3_mse,ensemble__simple_equal,rmse_onb,63897.59356634901,73134.40803936051,9236.814473011502,nan,source-day
43,0,1,2025.06.11_0.3_2,ensemble__original3_mse,ensemble__simple_equal,roc_auc_cont,0.9917460317460316,0.9965945165945166,0.004848484848484991,nan,source-day
43,0,1,2025.06.11_0.3_2,ensemble__original3_mse,ensemble__simple_equal,pr_auc_cont,0.9952360533684204,0.997855625205561,0.0026195718371406773,nan,source-day
43,0,1,2025.06.11_0.3_2,ensemble__original3_mse,ensemble__simple_equal,accuracy,0.9222222222222223,0.9296296296296296,0.007407407407407307,0.7407407407407307,source-day
43,0,1,2025.06.11_0.3_2,ensemble__original3_mse,ensemble__simple_equal,precision,1.0,1.0,0.0,0.0,source-day
43,0,1,2025.06.11_0.3_2,ensemble__original3_mse,ensemble__simple_equal,recall,0.8727272727272727,0.8848484848484849,0.0121212121212122,1.21212121212122,source-day
43,0,1,2025.06.11_0.3_2,ensemble__original3_mse,ensemble__simple_equal,f1,0.9320388349514563,0.9389067524115756,0.006867917460119277,0.6867917460119277,source-day
43,0,1,2025.06.11_0.3_2,ensemble__original3_mse,ensemble__simple_equal,fpr,0.0,0.0,0.0,0.0,source-day
43,0,1,2025.06.11_0.3_2,ensemble__original3_mse,ensemble__simple_equal,fp,0,0,0.0,nan,source-day
43,0,1,2025.06.11_0.3_2,ensemble__original3_mse,ensemble__simple_equal,fn,21,19,-2.0,nan,source-day
43,0,1,2025.06.11_0.3_2,ensemble__original3_mse,ensemble__simple_equal,q100,368978.105,368978.105,0.0,nan,source-day
43,0,1,2025.06.11_0.3_2,ensemble__original3_mse,ensemble__simple_equal,g100,147472.9948,147472.9948,0.0,nan,source-day
43,0,1,2025.06.18_0.3_3,ensemble__original3_mse,ensemble__simple_equal,r2,0.9631570654732533,0.9618497717346,-0.0013072937386533479,nan,source-day
43,0,1,2025.06.18_0.3_3,ensemble__original3_mse,ensemble__simple_equal,rmse_all,52268.65309234493,53187.891260468634,919.238168123702,nan,source-day
43,0,1,2025.06.18_0.3_3,ensemble__original3_mse,ensemble__simple_equal,mae_all,41495.28995944521,40956.555797897585,-538.7341615476253,nan,source-day
43,0,1,2025.06.18_0.3_3,ensemble__original3_mse,ensemble__simple_equal,rmse_high,53577.38421465909,45199.86338872275,-8377.520825936343,nan,source-day
43,0,1,2025.06.18_0.3_3,ensemble__original3_mse,ensemble__simple_equal,rmse_onb,64115.476197226635,66879.24281765288,2763.7666204262423,nan,source-day
43,0,1,2025.06.18_0.3_3,ensemble__original3_mse,ensemble__simple_equal,roc_auc_cont,0.9937222222222223,0.9952777777777778,0.0015555555555555323,nan,source-day
43,0,1,2025.06.18_0.3_3,ensemble__original3_mse,ensemble__simple_equal,pr_auc_cont,0.995237746823262,0.9963583872624231,0.001120640439161047,nan,source-day
43,0,1,2025.06.18_0.3_3,ensemble__original3_mse,ensemble__simple_equal,accuracy,0.9185185185185185,0.9185185185185185,0.0,0.0,source-day
43,0,1,2025.06.18_0.3_3,ensemble__original3_mse,ensemble__simple_equal,precision,1.0,1.0,0.0,0.0,source-day
43,0,1,2025.06.18_0.3_3,ensemble__original3_mse,ensemble__simple_equal,recall,0.8533333333333334,0.8533333333333334,0.0,0.0,source-day
43,0,1,2025.06.18_0.3_3,ensemble__original3_mse,ensemble__simple_equal,f1,0.920863309352518,0.920863309352518,0.0,0.0,source-day
43,0,1,2025.06.18_0.3_3,ensemble__original3_mse,ensemble__simple_equal,fpr,0.0,0.0,0.0,0.0,source-day
43,0,1,2025.06.18_0.3_3,ensemble__original3_mse,ensemble__simple_equal,fp,0,0,0.0,nan,source-day
43,0,1,2025.06.18_0.3_3,ensemble__original3_mse,ensemble__simple_equal,fn,22,22,0.0,nan,source-day
43,0,1,2025.06.18_0.3_3,ensemble__original3_mse,ensemble__simple_equal,q100,376320.1201,376320.1201,0.0,nan,source-day
43,0,1,2025.06.18_0.3_3,ensemble__original3_mse,ensemble__simple_equal,g100,104642.43849999999,104642.43849999999,0.0,nan,source-day
43,-4,1,pooled_source_day_thresholds,ensemble__original3_mse,ensemble__original3_hgb_extra_trees,r2,0.9484123585771338,0.9494142954998798,0.0010019369227459718,nan,source-day
43,-4,1,pooled_source_day_thresholds,ensemble__original3_mse,ensemble__original3_hgb_extra_trees,rmse_all,61370.89567759637,60771.999665096635,-598.896012499732,nan,source-day
43,-4,1,pooled_source_day_thresholds,ensemble__original3_mse,ensemble__original3_hgb_extra_trees,mae_all,49230.149512679614,44074.17407410794,-5155.975438571673,nan,source-day
43,-4,1,pooled_source_day_thresholds,ensemble__original3_mse,ensemble__original3_hgb_extra_trees,rmse_high,58904.51233151745,42631.91203042196,-16272.600301095488,nan,source-day
43,-4,1,pooled_source_day_thresholds,ensemble__original3_mse,ensemble__original3_hgb_extra_trees,rmse_onb,91490.54210335259,83856.05247223639,-7634.489631116201,nan,source-day
43,-4,1,pooled_source_day_thresholds,ensemble__original3_mse,ensemble__original3_hgb_extra_trees,roc_auc_cont,0.983957671957672,0.9871746031746031,0.003216931216931118,nan,source-day
43,-4,1,pooled_source_day_thresholds,ensemble__original3_mse,ensemble__original3_hgb_extra_trees,pr_auc_cont,0.9900329089451864,0.9917909650170271,0.0017580560718407634,nan,source-day
43,-4,1,pooled_source_day_thresholds,ensemble__original3_mse,ensemble__original3_hgb_extra_trees,accuracy,0.9018518518518519,0.924074074074074,0.022222222222222143,2.2222222222222143,source-day
43,-4,1,pooled_source_day_thresholds,ensemble__original3_mse,ensemble__original3_hgb_extra_trees,precision,1.0,1.0,0.0,0.0,source-day
43,-4,1,pooled_source_day_thresholds,ensemble__original3_mse,ensemble__original3_hgb_extra_trees,recall,0.8317460317460318,0.8698412698412699,0.03809523809523807,3.809523809523807,source-day
43,-4,1,pooled_source_day_thresholds,ensemble__original3_mse,ensemble__original3_hgb_extra_trees,f1,0.9081455805892548,0.9303904923599321,0.022244911770677334,2.2244911770677334,source-day
43,-4,1,pooled_source_day_thresholds,ensemble__original3_mse,ensemble__original3_hgb_extra_trees,fpr,0.0,0.0,0.0,0.0,source-day
43,-4,1,pooled_source_day_thresholds,ensemble__original3_mse,ensemble__original3_hgb_extra_trees,fp,0,0,0.0,nan,source-day
43,-4,1,pooled_source_day_thresholds,ensemble__original3_mse,ensemble__original3_hgb_extra_trees,fn,53,41,-12.0,nan,source-day
43,-4,1,pooled_source_day_thresholds,ensemble__original3_mse,ensemble__original3_hgb_extra_trees,q100,nan,nan,nan,nan,source-day
43,-4,1,pooled_source_day_thresholds,ensemble__original3_mse,ensemble__original3_hgb_extra_trees,g100,nan,nan,nan,nan,source-day
43,-4,1,2025.06.11_0.3_2,ensemble__original3_mse,ensemble__original3_hgb_extra_trees,r2,0.9580478083505242,0.9580890362777356,4.122792721139579e-05,nan,source-day
43,-4,1,2025.06.11_0.3_2,ensemble__original3_mse,ensemble__original3_hgb_extra_trees,rmse_all,54902.58314044092,54875.599137980156,-26.984002460761985,nan,source-day
43,-4,1,2025.06.11_0.3_2,ensemble__original3_mse,ensemble__original3_hgb_extra_trees,mae_all,44232.20329626383,39464.405130390216,-4767.798165873617,nan,source-day
43,-4,1,2025.06.11_0.3_2,ensemble__original3_mse,ensemble__original3_hgb_extra_trees,rmse_high,52374.64069285729,37646.44304945823,-14728.197643399064,nan,source-day
43,-4,1,2025.06.11_0.3_2,ensemble__original3_mse,ensemble__original3_hgb_extra_trees,rmse_onb,86412.00387676609,85052.87478350101,-1359.1290932650736,nan,source-day
43,-4,1,2025.06.11_0.3_2,ensemble__original3_mse,ensemble__original3_hgb_extra_trees,roc_auc_cont,0.9853391053391053,0.996017316017316,0.010678210678210731,nan,source-day
43,-4,1,2025.06.11_0.3_2,ensemble__original3_mse,ensemble__original3_hgb_extra_trees,pr_auc_cont,0.9919755699708883,0.9974932961750191,0.005517726204130824,nan,source-day
43,-4,1,2025.06.11_0.3_2,ensemble__original3_mse,ensemble__original3_hgb_extra_trees,accuracy,0.9074074074074074,0.9296296296296296,0.022222222222222143,2.2222222222222143,source-day
43,-4,1,2025.06.11_0.3_2,ensemble__original3_mse,ensemble__original3_hgb_extra_trees,precision,1.0,1.0,0.0,0.0,source-day
43,-4,1,2025.06.11_0.3_2,ensemble__original3_mse,ensemble__original3_hgb_extra_trees,recall,0.8484848484848485,0.8848484848484849,0.036363636363636376,3.6363636363636376,source-day
43,-4,1,2025.06.11_0.3_2,ensemble__original3_mse,ensemble__original3_hgb_extra_trees,f1,0.9180327868852459,0.9389067524115756,0.020873965526329696,2.0873965526329696,source-day
43,-4,1,2025.06.11_0.3_2,ensemble__original3_mse,ensemble__original3_hgb_extra_trees,fpr,0.0,0.0,0.0,0.0,source-day
43,-4,1,2025.06.11_0.3_2,ensemble__original3_mse,ensemble__original3_hgb_extra_trees,fp,0,0,0.0,nan,source-day
43,-4,1,2025.06.11_0.3_2,ensemble__original3_mse,ensemble__original3_hgb_extra_trees,fn,25,19,-6.0,nan,source-day
43,-4,1,2025.06.11_0.3_2,ensemble__original3_mse,ensemble__original3_hgb_extra_trees,q100,368978.105,368978.105,0.0,nan,source-day
43,-4,1,2025.06.11_0.3_2,ensemble__original3_mse,ensemble__original3_hgb_extra_trees,g100,147472.9948,147472.9948,0.0,nan,source-day
43,-4,1,2025.06.18_0.3_3,ensemble__original3_mse,ensemble__original3_hgb_extra_trees,r2,0.9390654000384014,0.9409984255074566,0.0019330254690551607,nan,source-day
43,-4,1,2025.06.18_0.3_3,ensemble__original3_mse,ensemble__original3_hgb_extra_trees,rmse_all,67219.6402627075,66144.84489237783,-1074.7953703296662,nan,source-day
43,-4,1,2025.06.18_0.3_3,ensemble__original3_mse,ensemble__original3_hgb_extra_trees,mae_all,54228.095729095396,48683.943017825666,-5544.1527112697295,nan,source-day
43,-4,1,2025.06.18_0.3_3,ensemble__original3_mse,ensemble__original3_hgb_extra_trees,rmse_high,65337.92173655878,47515.5521631868,-17822.36957337198,nan,source-day
43,-4,1,2025.06.18_0.3_3,ensemble__original3_mse,ensemble__original3_hgb_extra_trees,rmse_onb,96301.63121532483,82641.89956381096,-13659.731651513866,nan,source-day
43,-4,1,2025.06.18_0.3_3,ensemble__original3_mse,ensemble__original3_hgb_extra_trees,roc_auc_cont,0.9868888888888889,0.992388888888889,0.00550000000000006,nan,source-day
43,-4,1,2025.06.18_0.3_3,ensemble__original3_mse,ensemble__original3_hgb_extra_trees,pr_auc_cont,0.990278864551607,0.9942749364476487,0.003996071896041786,nan,source-day
43,-4,1,2025.06.18_0.3_3,ensemble__original3_mse,ensemble__original3_hgb_extra_trees,accuracy,0.8962962962962963,0.9185185185185185,0.022222222222222254,2.2222222222222254,source-day
43,-4,1,2025.06.18_0.3_3,ensemble__original3_mse,ensemble__original3_hgb_extra_trees,precision,1.0,1.0,0.0,0.0,source-day
43,-4,1,2025.06.18_0.3_3,ensemble__original3_mse,ensemble__original3_hgb_extra_trees,recall,0.8133333333333334,0.8533333333333334,0.040000000000000036,4.0000000000000036,source-day
43,-4,1,2025.06.18_0.3_3,ensemble__original3_mse,ensemble__original3_hgb_extra_trees,f1,0.8970588235294118,0.920863309352518,0.023804485823106236,2.3804485823106236,source-day
43,-4,1,2025.06.18_0.3_3,ensemble__original3_mse,ensemble__original3_hgb_extra_trees,fpr,0.0,0.0,0.0,0.0,source-day
43,-4,1,2025.06.18_0.3_3,ensemble__original3_mse,ensemble__original3_hgb_extra_trees,fp,0,0,0.0,nan,source-day
43,-4,1,2025.06.18_0.3_3,ensemble__original3_mse,ensemble__original3_hgb_extra_trees,fn,28,22,-6.0,nan,source-day
43,-4,1,2025.06.18_0.3_3,ensemble__original3_mse,ensemble__original3_hgb_extra_trees,q100,376320.1201,376320.1201,0.0,nan,source-day
43,-4,1,2025.06.18_0.3_3,ensemble__original3_mse,ensemble__original3_hgb_extra_trees,g100,104642.43849999999,104642.43849999999,0.0,nan,source-day
43,-4,1,pooled_source_day_thresholds,ensemble__original3_mse,ensemble__original3_performance,r2,0.9484123585771338,0.9483698249802373,-4.253359689654346e-05,nan,source-day
43,-4,1,pooled_source_day_thresholds,ensemble__original3_mse,ensemble__original3_performance,rmse_all,61370.89567759637,61396.190370662815,25.294693066447508,nan,source-day
43,-4,1,pooled_source_day_thresholds,ensemble__original3_mse,ensemble__original3_performance,mae_all,49230.149512679614,49021.66559361616,-208.48391906345205,nan,source-day
43,-4,1,pooled_source_day_thresholds,ensemble__original3_mse,ensemble__original3_performance,rmse_high,58904.51233151745,58193.49887033861,-711.013461178838,nan,source-day
43,-4,1,pooled_source_day_thresholds,ensemble__original3_mse,ensemble__original3_performance,rmse_onb,91490.54210335259,94008.02006905113,2517.477965698534,nan,source-day
43,-4,1,pooled_source_day_thresholds,ensemble__original3_mse,ensemble__original3_performance,roc_auc_cont,0.983957671957672,0.9841410934744268,0.00018342151675476703,nan,source-day
43,-4,1,pooled_source_day_thresholds,ensemble__original3_mse,ensemble__original3_performance,pr_auc_cont,0.9900329089451864,0.9901790252741429,0.00014611632895655813,nan,source-day
43,-4,1,pooled_source_day_thresholds,ensemble__original3_mse,ensemble__original3_performance,accuracy,0.9018518518518519,0.9055555555555556,0.0037037037037036535,0.37037037037036535,source-day
43,-4,1,pooled_source_day_thresholds,ensemble__original3_mse,ensemble__original3_performance,precision,1.0,1.0,0.0,0.0,source-day
43,-4,1,pooled_source_day_thresholds,ensemble__original3_mse,ensemble__original3_performance,recall,0.8317460317460318,0.8380952380952381,0.006349206349206327,0.6349206349206327,source-day
43,-4,1,pooled_source_day_thresholds,ensemble__original3_mse,ensemble__original3_performance,f1,0.9081455805892548,0.9119170984455959,0.003771517856341111,0.3771517856341111,source-day
43,-4,1,pooled_source_day_thresholds,ensemble__original3_mse,ensemble__original3_performance,fpr,0.0,0.0,0.0,0.0,source-day
43,-4,1,pooled_source_day_thresholds,ensemble__original3_mse,ensemble__original3_performance,fp,0,0,0.0,nan,source-day
43,-4,1,pooled_source_day_thresholds,ensemble__original3_mse,ensemble__original3_performance,fn,53,51,-2.0,nan,source-day
43,-4,1,pooled_source_day_thresholds,ensemble__original3_mse,ensemble__original3_performance,q100,nan,nan,nan,nan,source-day
43,-4,1,pooled_source_day_thresholds,ensemble__original3_mse,ensemble__original3_performance,g100,nan,nan,nan,nan,source-day
43,-4,1,2025.06.11_0.3_2,ensemble__original3_mse,ensemble__original3_performance,r2,0.9580478083505242,0.958821492113852,0.0007736837633278704,nan,source-day
43,-4,1,2025.06.11_0.3_2,ensemble__original3_mse,ensemble__original3_performance,rmse_all,54902.58314044092,54393.96959634571,-508.6135440952057,nan,source-day
43,-4,1,2025.06.11_0.3_2,ensemble__original3_mse,ensemble__original3_performance,mae_all,44232.20329626383,43548.44910577845,-683.7541904853861,nan,source-day
43,-4,1,2025.06.11_0.3_2,ensemble__original3_mse,ensemble__original3_performance,rmse_high,52374.64069285729,50661.43084539103,-1713.2098474662635,nan,source-day
43,-4,1,2025.06.11_0.3_2,ensemble__original3_mse,ensemble__original3_performance,rmse_onb,86412.00387676609,88312.41131301044,1900.4074362443498,nan,source-day
43,-4,1,2025.06.11_0.3_2,ensemble__original3_mse,ensemble__original3_performance,roc_auc_cont,0.9853391053391053,0.9851659451659451,-0.00017316017316015841,nan,source-day
43,-4,1,2025.06.11_0.3_2,ensemble__original3_mse,ensemble__original3_performance,pr_auc_cont,0.9919755699708883,0.9918812829580586,-9.428701282976348e-05,nan,source-day
43,-4,1,2025.06.11_0.3_2,ensemble__original3_mse,ensemble__original3_performance,accuracy,0.9074074074074074,0.9148148148148149,0.007407407407407418,0.7407407407407418,source-day
43,-4,1,2025.06.11_0.3_2,ensemble__original3_mse,ensemble__original3_performance,precision,1.0,1.0,0.0,0.0,source-day
43,-4,1,2025.06.11_0.3_2,ensemble__original3_mse,ensemble__original3_performance,recall,0.8484848484848485,0.8606060606060606,0.012121212121212088,1.2121212121212088,source-day
43,-4,1,2025.06.11_0.3_2,ensemble__original3_mse,ensemble__original3_performance,f1,0.9180327868852459,0.9250814332247557,0.007048646339509745,0.7048646339509745,source-day
43,-4,1,2025.06.11_0.3_2,ensemble__original3_mse,ensemble__original3_performance,fpr,0.0,0.0,0.0,0.0,source-day
43,-4,1,2025.06.11_0.3_2,ensemble__original3_mse,ensemble__original3_performance,fp,0,0,0.0,nan,source-day
43,-4,1,2025.06.11_0.3_2,ensemble__original3_mse,ensemble__original3_performance,fn,25,23,-2.0,nan,source-day
43,-4,1,2025.06.11_0.3_2,ensemble__original3_mse,ensemble__original3_performance,q100,368978.105,368978.105,0.0,nan,source-day
43,-4,1,2025.06.11_0.3_2,ensemble__original3_mse,ensemble__original3_performance,g100,147472.9948,147472.9948,0.0,nan,source-day
43,-4,1,2025.06.18_0.3_3,ensemble__original3_mse,ensemble__original3_performance,r2,0.9390654000384014,0.9382319817756533,-0.0008334182627481868,nan,source-day
43,-4,1,2025.06.18_0.3_3,ensemble__original3_mse,ensemble__original3_performance,rmse_all,67219.6402627075,67677.7692866214,458.12902391390526,nan,source-day
43,-4,1,2025.06.18_0.3_3,ensemble__original3_mse,ensemble__original3_performance,mae_all,54228.095729095396,54494.88208145388,266.78635235848196,nan,source-day
43,-4,1,2025.06.18_0.3_3,ensemble__original3_mse,ensemble__original3_performance,rmse_high,65337.92173655878,65485.69553565755,147.77379909876618,nan,source-day
43,-4,1,2025.06.18_0.3_3,ensemble__original3_mse,ensemble__original3_performance,rmse_onb,96301.63121532483,99377.73232816246,3076.1011128376267,nan,source-day
43,-4,1,2025.06.18_0.3_3,ensemble__original3_mse,ensemble__original3_performance,roc_auc_cont,0.9868888888888889,0.987111111111111,0.00022222222222212373,nan,source-day
43,-4,1,2025.06.18_0.3_3,ensemble__original3_mse,ensemble__original3_performance,pr_auc_cont,0.990278864551607,0.9904717846859216,0.0001929201343146003,nan,source-day
43,-4,1,2025.06.18_0.3_3,ensemble__original3_mse,ensemble__original3_performance,accuracy,0.8962962962962963,0.8962962962962963,0.0,0.0,source-day
43,-4,1,2025.06.18_0.3_3,ensemble__original3_mse,ensemble__original3_performance,precision,1.0,1.0,0.0,0.0,source-day
43,-4,1,2025.06.18_0.3_3,ensemble__original3_mse,ensemble__original3_performance,recall,0.8133333333333334,0.8133333333333334,0.0,0.0,source-day
43,-4,1,2025.06.18_0.3_3,ensemble__original3_mse,ensemble__original3_performance,f1,0.8970588235294118,0.8970588235294118,0.0,0.0,source-day
43,-4,1,2025.06.18_0.3_3,ensemble__original3_mse,ensemble__original3_performance,fpr,0.0,0.0,0.0,0.0,source-day
43,-4,1,2025.06.18_0.3_3,ensemble__original3_mse,ensemble__original3_performance,fp,0,0,0.0,nan,source-day
43,-4,1,2025.06.18_0.3_3,ensemble__original3_mse,ensemble__original3_performance,fn,28,28,0.0,nan,source-day
43,-4,1,2025.06.18_0.3_3,ensemble__original3_mse,ensemble__original3_performance,q100,376320.1201,376320.1201,0.0,nan,source-day
43,-4,1,2025.06.18_0.3_3,ensemble__original3_mse,ensemble__original3_performance,g100,104642.43849999999,104642.43849999999,0.0,nan,source-day
43,-4,1,pooled_source_day_thresholds,ensemble__original3_mse,ensemble__original3_hgb,r2,0.9484123585771338,0.9346699872162978,-0.013742371360836003,nan,source-day
43,-4,1,pooled_source_day_thresholds,ensemble__original3_mse,ensemble__original3_hgb,rmse_all,61370.89567759637,69063.08864402231,7692.192966425944,nan,source-day
43,-4,1,pooled_source_day_thresholds,ensemble__original3_mse,ensemble__original3_hgb,mae_all,49230.149512679614,48407.97564737053,-822.173865309087,nan,source-day
43,-4,1,pooled_source_day_thresholds,ensemble__original3_mse,ensemble__original3_hgb,rmse_high,58904.51233151745,37273.63261585402,-21630.879715663432,nan,source-day
43,-4,1,pooled_source_day_thresholds,ensemble__original3_mse,ensemble__original3_hgb,rmse_onb,91490.54210335259,63168.03399828887,-28322.508105063724,nan,source-day
43,-4,1,pooled_source_day_thresholds,ensemble__original3_mse,ensemble__original3_hgb,roc_auc_cont,0.983957671957672,0.9796261022927689,-0.004331569664903112,nan,source-day
43,-4,1,pooled_source_day_thresholds,ensemble__original3_mse,ensemble__original3_hgb,pr_auc_cont,0.9900329089451864,0.9881036879459003,-0.001929220999286052,nan,source-day
43,-4,1,pooled_source_day_thresholds,ensemble__original3_mse,ensemble__original3_hgb,accuracy,0.9018518518518519,0.924074074074074,0.022222222222222143,2.2222222222222143,source-day
43,-4,1,pooled_source_day_thresholds,ensemble__original3_mse,ensemble__original3_hgb,precision,1.0,1.0,0.0,0.0,source-day
43,-4,1,pooled_source_day_thresholds,ensemble__original3_mse,ensemble__original3_hgb,recall,0.8317460317460318,0.8698412698412699,0.03809523809523807,3.809523809523807,source-day
43,-4,1,pooled_source_day_thresholds,ensemble__original3_mse,ensemble__original3_hgb,f1,0.9081455805892548,0.9303904923599321,0.022244911770677334,2.2244911770677334,source-day
43,-4,1,pooled_source_day_thresholds,ensemble__original3_mse,ensemble__original3_hgb,fpr,0.0,0.0,0.0,0.0,source-day
43,-4,1,pooled_source_day_thresholds,ensemble__original3_mse,ensemble__original3_hgb,fp,0,0,0.0,nan,source-day
43,-4,1,pooled_source_day_thresholds,ensemble__original3_mse,ensemble__original3_hgb,fn,53,41,-12.0,nan,source-day
43,-4,1,pooled_source_day_thresholds,ensemble__original3_mse,ensemble__original3_hgb,q100,nan,nan,nan,nan,source-day
43,-4,1,pooled_source_day_thresholds,ensemble__original3_mse,ensemble__original3_hgb,g100,nan,nan,nan,nan,source-day
43,-4,1,2025.06.11_0.3_2,ensemble__original3_mse,ensemble__original3_hgb,r2,0.9580478083505242,0.9514985829219839,-0.006549225428540306,nan,source-day
43,-4,1,2025.06.11_0.3_2,ensemble__original3_mse,ensemble__original3_hgb,rmse_all,54902.58314044092,59032.702441514986,4130.119301074068,nan,source-day
43,-4,1,2025.06.11_0.3_2,ensemble__original3_mse,ensemble__original3_hgb,mae_all,44232.20329626383,41427.97033073704,-2804.2329655267968,nan,source-day
43,-4,1,2025.06.11_0.3_2,ensemble__original3_mse,ensemble__original3_hgb,rmse_high,52374.64069285729,33577.42725280979,-18797.213440047497,nan,source-day
43,-4,1,2025.06.11_0.3_2,ensemble__original3_mse,ensemble__original3_hgb,rmse_onb,86412.00387676609,67533.55851030635,-18878.44536645974,nan,source-day
43,-4,1,2025.06.11_0.3_2,ensemble__original3_mse,ensemble__original3_hgb,roc_auc_cont,0.9853391053391053,0.9836652236652237,-0.0016738816738816054,nan,source-day
43,-4,1,2025.06.11_0.3_2,ensemble__original3_mse,ensemble__original3_hgb,pr_auc_cont,0.9919755699708883,0.9907508510555099,-0.0012247189153784532,nan,source-day
43,-4,1,2025.06.11_0.3_2,ensemble__original3_mse,ensemble__original3_hgb,accuracy,0.9074074074074074,0.9333333333333333,0.025925925925925908,2.592592592592591,source-day
43,-4,1,2025.06.11_0.3_2,ensemble__original3_mse,ensemble__original3_hgb,precision,1.0,1.0,0.0,0.0,source-day
43,-4,1,2025.06.11_0.3_2,ensemble__original3_mse,ensemble__original3_hgb,recall,0.8484848484848485,0.8909090909090909,0.042424242424242364,4.242424242424237,source-day
43,-4,1,2025.06.11_0.3_2,ensemble__original3_mse,ensemble__original3_hgb,f1,0.9180327868852459,0.9423076923076923,0.02427490542244637,2.427490542244637,source-day
43,-4,1,2025.06.11_0.3_2,ensemble__original3_mse,ensemble__original3_hgb,fpr,0.0,0.0,0.0,0.0,source-day
43,-4,1,2025.06.11_0.3_2,ensemble__original3_mse,ensemble__original3_hgb,fp,0,0,0.0,nan,source-day
43,-4,1,2025.06.11_0.3_2,ensemble__original3_mse,ensemble__original3_hgb,fn,25,18,-7.0,nan,source-day
43,-4,1,2025.06.11_0.3_2,ensemble__original3_mse,ensemble__original3_hgb,q100,368978.105,315466.1173,-53511.9877,nan,source-day
43,-4,1,2025.06.11_0.3_2,ensemble__original3_mse,ensemble__original3_hgb,g100,147472.9948,93961.00709999999,-53511.9877,nan,source-day
43,-4,1,2025.06.18_0.3_3,ensemble__original3_mse,ensemble__original3_hgb,r2,0.9390654000384014,0.9183503706844311,-0.020715029353970293,nan,source-day
43,-4,1,2025.06.18_0.3_3,ensemble__original3_mse,ensemble__original3_hgb,rmse_all,67219.6402627075,77811.05621025663,10591.415947549132,nan,source-day
43,-4,1,2025.06.18_0.3_3,ensemble__original3_mse,ensemble__original3_hgb,mae_all,54228.095729095396,55387.980964004004,1159.8852349086083,nan,source-day
43,-4,1,2025.06.18_0.3_3,ensemble__original3_mse,ensemble__original3_hgb,rmse_high,65337.92173655878,40955.973466540534,-24381.94827001825,nan,source-day
43,-4,1,2025.06.18_0.3_3,ensemble__original3_mse,ensemble__original3_hgb,rmse_onb,96301.63121532483,58477.5128861769,-37824.11832914793,nan,source-day
43,-4,1,2025.06.18_0.3_3,ensemble__original3_mse,ensemble__original3_hgb,roc_auc_cont,0.9868888888888889,0.9912222222222222,0.0043333333333333,nan,source-day
43,-4,1,2025.06.18_0.3_3,ensemble__original3_mse,ensemble__original3_hgb,pr_auc_cont,0.990278864551607,0.9934003872870725,0.0031215227354655095,nan,source-day
43,-4,1,2025.06.18_0.3_3,ensemble__original3_mse,ensemble__original3_hgb,accuracy,0.8962962962962963,0.9148148148148149,0.0185185185185186,1.85185185185186,source-day
43,-4,1,2025.06.18_0.3_3,ensemble__original3_mse,ensemble__original3_hgb,precision,1.0,1.0,0.0,0.0,source-day
43,-4,1,2025.06.18_0.3_3,ensemble__original3_mse,ensemble__original3_hgb,recall,0.8133333333333334,0.8466666666666667,0.033333333333333326,3.3333333333333326,source-day
43,-4,1,2025.06.18_0.3_3,ensemble__original3_mse,ensemble__original3_hgb,f1,0.8970588235294118,0.9169675090252708,0.019908685495859002,1.9908685495859002,source-day
43,-4,1,2025.06.18_0.3_3,ensemble__original3_mse,ensemble__original3_hgb,fpr,0.0,0.0,0.0,0.0,source-day
43,-4,1,2025.06.18_0.3_3,ensemble__original3_mse,ensemble__original3_hgb,fp,0,0,0.0,nan,source-day
43,-4,1,2025.06.18_0.3_3,ensemble__original3_mse,ensemble__original3_hgb,fn,28,23,-5.0,nan,source-day
43,-4,1,2025.06.18_0.3_3,ensemble__original3_mse,ensemble__original3_hgb,q100,376320.1201,376320.1201,0.0,nan,source-day
43,-4,1,2025.06.18_0.3_3,ensemble__original3_mse,ensemble__original3_hgb,g100,104642.43849999999,104642.43849999999,0.0,nan,source-day
43,-4,1,pooled_source_day_thresholds,ensemble__original3_mse,ensemble__original3_extra_trees,r2,0.9484123585771338,0.9502448521682426,0.0018324935911088192,nan,source-day
43,-4,1,pooled_source_day_thresholds,ensemble__original3_mse,ensemble__original3_extra_trees,rmse_all,61370.89567759637,60271.03312077595,-1099.8625568204152,nan,source-day
43,-4,1,pooled_source_day_thresholds,ensemble__original3_mse,ensemble__original3_extra_trees,mae_all,49230.149512679614,43854.013431291096,-5376.1360813885185,nan,source-day
43,-4,1,pooled_source_day_thresholds,ensemble__original3_mse,ensemble__original3_extra_trees,rmse_high,58904.51233151745,43419.04166968313,-15485.470661834319,nan,source-day
43,-4,1,pooled_source_day_thresholds,ensemble__original3_mse,ensemble__original3_extra_trees,rmse_onb,91490.54210335259,86000.17413511386,-5490.36796823873,nan,source-day
43,-4,1,pooled_source_day_thresholds,ensemble__original3_mse,ensemble__original3_extra_trees,roc_auc_cont,0.983957671957672,0.9882186948853615,0.004261022927689484,nan,source-day
43,-4,1,pooled_source_day_thresholds,ensemble__original3_mse,ensemble__original3_extra_trees,pr_auc_cont,0.9900329089451864,0.9923451171442993,0.0023122081991129306,nan,source-day
43,-4,1,pooled_source_day_thresholds,ensemble__original3_mse,ensemble__original3_extra_trees,accuracy,0.9018518518518519,0.924074074074074,0.022222222222222143,2.2222222222222143,source-day
43,-4,1,pooled_source_day_thresholds,ensemble__original3_mse,ensemble__original3_extra_trees,precision,1.0,1.0,0.0,0.0,source-day
43,-4,1,pooled_source_day_thresholds,ensemble__original3_mse,ensemble__original3_extra_trees,recall,0.8317460317460318,0.8698412698412699,0.03809523809523807,3.809523809523807,source-day
43,-4,1,pooled_source_day_thresholds,ensemble__original3_mse,ensemble__original3_extra_trees,f1,0.9081455805892548,0.9303904923599321,0.022244911770677334,2.2244911770677334,source-day
43,-4,1,pooled_source_day_thresholds,ensemble__original3_mse,ensemble__original3_extra_trees,fpr,0.0,0.0,0.0,0.0,source-day
43,-4,1,pooled_source_day_thresholds,ensemble__original3_mse,ensemble__original3_extra_trees,fp,0,0,0.0,nan,source-day
43,-4,1,pooled_source_day_thresholds,ensemble__original3_mse,ensemble__original3_extra_trees,fn,53,41,-12.0,nan,source-day
43,-4,1,pooled_source_day_thresholds,ensemble__original3_mse,ensemble__original3_extra_trees,q100,nan,nan,nan,nan,source-day
43,-4,1,pooled_source_day_thresholds,ensemble__original3_mse,ensemble__original3_extra_trees,g100,nan,nan,nan,nan,source-day
43,-4,1,2025.06.11_0.3_2,ensemble__original3_mse,ensemble__original3_extra_trees,r2,0.9580478083505242,0.9583816170056438,0.0003338086551196717,nan,source-day
43,-4,1,2025.06.11_0.3_2,ensemble__original3_mse,ensemble__original3_extra_trees,rmse_all,54902.58314044092,54683.720205695965,-218.86293474495324,nan,source-day
43,-4,1,2025.06.11_0.3_2,ensemble__original3_mse,ensemble__original3_extra_trees,mae_all,44232.20329626383,39503.26037181725,-4728.942924446586,nan,source-day
43,-4,1,2025.06.11_0.3_2,ensemble__original3_mse,ensemble__original3_extra_trees,rmse_high,52374.64069285729,38323.87904676647,-14050.761646090818,nan,source-day
43,-4,1,2025.06.11_0.3_2,ensemble__original3_mse,ensemble__original3_extra_trees,rmse_onb,86412.00387676609,86915.61890539886,503.61502863277565,nan,source-day
43,-4,1,2025.06.11_0.3_2,ensemble__original3_mse,ensemble__original3_extra_trees,roc_auc_cont,0.9853391053391053,0.997056277056277,0.011717171717171682,nan,source-day
43,-4,1,2025.06.11_0.3_2,ensemble__original3_mse,ensemble__original3_extra_trees,pr_auc_cont,0.9919755699708883,0.9981344885793315,0.006158918608443198,nan,source-day
43,-4,1,2025.06.11_0.3_2,ensemble__original3_mse,ensemble__original3_extra_trees,accuracy,0.9074074074074074,0.9296296296296296,0.022222222222222143,2.2222222222222143,source-day
43,-4,1,2025.06.11_0.3_2,ensemble__original3_mse,ensemble__original3_extra_trees,precision,1.0,1.0,0.0,0.0,source-day
43,-4,1,2025.06.11_0.3_2,ensemble__original3_mse,ensemble__original3_extra_trees,recall,0.8484848484848485,0.8848484848484849,0.036363636363636376,3.6363636363636376,source-day
43,-4,1,2025.06.11_0.3_2,ensemble__original3_mse,ensemble__original3_extra_trees,f1,0.9180327868852459,0.9389067524115756,0.020873965526329696,2.0873965526329696,source-day
43,-4,1,2025.06.11_0.3_2,ensemble__original3_mse,ensemble__original3_extra_trees,fpr,0.0,0.0,0.0,0.0,source-day
43,-4,1,2025.06.11_0.3_2,ensemble__original3_mse,ensemble__original3_extra_trees,fp,0,0,0.0,nan,source-day
43,-4,1,2025.06.11_0.3_2,ensemble__original3_mse,ensemble__original3_extra_trees,fn,25,19,-6.0,nan,source-day
43,-4,1,2025.06.11_0.3_2,ensemble__original3_mse,ensemble__original3_extra_trees,q100,368978.105,368978.105,0.0,nan,source-day
43,-4,1,2025.06.11_0.3_2,ensemble__original3_mse,ensemble__original3_extra_trees,g100,147472.9948,147472.9948,0.0,nan,source-day
43,-4,1,2025.06.18_0.3_3,ensemble__original3_mse,ensemble__original3_extra_trees,r2,0.9390654000384014,0.9423504270299278,0.0032850269915263297,nan,source-day
43,-4,1,2025.06.18_0.3_3,ensemble__original3_mse,ensemble__original3_extra_trees,rmse_all,67219.6402627075,65382.609395438645,-1837.0308672688552,nan,source-day
43,-4,1,2025.06.18_0.3_3,ensemble__original3_mse,ensemble__original3_extra_trees,mae_all,54228.095729095396,48204.76649076493,-6023.329238330465,nan,source-day
43,-4,1,2025.06.18_0.3_3,ensemble__original3_mse,ensemble__original3_extra_trees,rmse_high,65337.92173655878,48408.22245516172,-16929.699281397065,nan,source-day
43,-4,1,2025.06.18_0.3_3,ensemble__original3_mse,ensemble__original3_extra_trees,rmse_onb,96301.63121532483,85074.87932892579,-11226.75188639904,nan,source-day
43,-4,1,2025.06.18_0.3_3,ensemble__original3_mse,ensemble__original3_extra_trees,roc_auc_cont,0.9868888888888889,0.992388888888889,0.00550000000000006,nan,source-day
43,-4,1,2025.06.18_0.3_3,ensemble__original3_mse,ensemble__original3_extra_trees,pr_auc_cont,0.990278864551607,0.9942749364476487,0.003996071896041786,nan,source-day
43,-4,1,2025.06.18_0.3_3,ensemble__original3_mse,ensemble__original3_extra_trees,accuracy,0.8962962962962963,0.9185185185185185,0.022222222222222254,2.2222222222222254,source-day
43,-4,1,2025.06.18_0.3_3,ensemble__original3_mse,ensemble__original3_extra_trees,precision,1.0,1.0,0.0,0.0,source-day
43,-4,1,2025.06.18_0.3_3,ensemble__original3_mse,ensemble__original3_extra_trees,recall,0.8133333333333334,0.8533333333333334,0.040000000000000036,4.0000000000000036,source-day
43,-4,1,2025.06.18_0.3_3,ensemble__original3_mse,ensemble__original3_extra_trees,f1,0.8970588235294118,0.920863309352518,0.023804485823106236,2.3804485823106236,source-day
43,-4,1,2025.06.18_0.3_3,ensemble__original3_mse,ensemble__original3_extra_trees,fpr,0.0,0.0,0.0,0.0,source-day
43,-4,1,2025.06.18_0.3_3,ensemble__original3_mse,ensemble__original3_extra_trees,fp,0,0,0.0,nan,source-day
43,-4,1,2025.06.18_0.3_3,ensemble__original3_mse,ensemble__original3_extra_trees,fn,28,22,-6.0,nan,source-day
43,-4,1,2025.06.18_0.3_3,ensemble__original3_mse,ensemble__original3_extra_trees,q100,376320.1201,376320.1201,0.0,nan,source-day
43,-4,1,2025.06.18_0.3_3,ensemble__original3_mse,ensemble__original3_extra_trees,g100,104642.43849999999,104642.43849999999,0.0,nan,source-day
43,-4,1,pooled_source_day_thresholds,ensemble__original3_mse,ensemble__simple_equal,r2,0.9484123585771338,0.9465550287122115,-0.0018573298649222636,nan,source-day
43,-4,1,pooled_source_day_thresholds,ensemble__original3_mse,ensemble__simple_equal,rmse_all,61370.89567759637,62465.906881377356,1095.0112037809886,nan,source-day
43,-4,1,pooled_source_day_thresholds,ensemble__original3_mse,ensemble__simple_equal,mae_all,49230.149512679614,46871.14943529725,-2359.000077382363,nan,source-day
43,-4,1,pooled_source_day_thresholds,ensemble__original3_mse,ensemble__simple_equal,rmse_high,58904.51233151745,46333.28096640296,-12571.231365114487,nan,source-day
43,-4,1,pooled_source_day_thresholds,ensemble__original3_mse,ensemble__simple_equal,rmse_onb,91490.54210335259,84876.15814351448,-6614.383959838116,nan,source-day
43,-4,1,pooled_source_day_thresholds,ensemble__original3_mse,ensemble__simple_equal,roc_auc_cont,0.983957671957672,0.9846913580246914,0.0007336860670194012,nan,source-day
43,-4,1,pooled_source_day_thresholds,ensemble__original3_mse,ensemble__simple_equal,pr_auc_cont,0.9900329089451864,0.9906701268122082,0.0006372178670218664,nan,source-day
43,-4,1,pooled_source_day_thresholds,ensemble__original3_mse,ensemble__simple_equal,accuracy,0.9018518518518519,0.9222222222222223,0.020370370370370372,2.037037037037037,source-day
43,-4,1,pooled_source_day_thresholds,ensemble__original3_mse,ensemble__simple_equal,precision,1.0,1.0,0.0,0.0,source-day
43,-4,1,pooled_source_day_thresholds,ensemble__original3_mse,ensemble__simple_equal,recall,0.8317460317460318,0.8666666666666667,0.03492063492063491,3.4920634920634908,source-day
43,-4,1,pooled_source_day_thresholds,ensemble__original3_mse,ensemble__simple_equal,f1,0.9081455805892548,0.9285714285714286,0.02042584798217384,2.042584798217384,source-day
43,-4,1,pooled_source_day_thresholds,ensemble__original3_mse,ensemble__simple_equal,fpr,0.0,0.0,0.0,0.0,source-day
43,-4,1,pooled_source_day_thresholds,ensemble__original3_mse,ensemble__simple_equal,fp,0,0,0.0,nan,source-day
43,-4,1,pooled_source_day_thresholds,ensemble__original3_mse,ensemble__simple_equal,fn,53,42,-11.0,nan,source-day
43,-4,1,pooled_source_day_thresholds,ensemble__original3_mse,ensemble__simple_equal,q100,nan,nan,nan,nan,source-day
43,-4,1,pooled_source_day_thresholds,ensemble__original3_mse,ensemble__simple_equal,g100,nan,nan,nan,nan,source-day
43,-4,1,2025.06.11_0.3_2,ensemble__original3_mse,ensemble__simple_equal,r2,0.9580478083505242,0.9581173703609073,6.956201038310628e-05,nan,source-day
43,-4,1,2025.06.11_0.3_2,ensemble__original3_mse,ensemble__simple_equal,rmse_all,54902.58314044092,54857.04656209658,-45.53657834434125,nan,source-day
43,-4,1,2025.06.11_0.3_2,ensemble__original3_mse,ensemble__simple_equal,mae_all,44232.20329626383,40670.3463580089,-3561.856938254932,nan,source-day
43,-4,1,2025.06.11_0.3_2,ensemble__original3_mse,ensemble__simple_equal,rmse_high,52374.64069285729,39444.33040224716,-12930.310290610134,nan,source-day
43,-4,1,2025.06.11_0.3_2,ensemble__original3_mse,ensemble__simple_equal,rmse_onb,86412.00387676609,83205.32329551649,-3206.6805812496023,nan,source-day
43,-4,1,2025.06.11_0.3_2,ensemble__original3_mse,ensemble__simple_equal,roc_auc_cont,0.9853391053391053,0.9904761904761905,0.005137085137085218,nan,source-day
43,-4,1,2025.06.11_0.3_2,ensemble__original3_mse,ensemble__simple_equal,pr_auc_cont,0.9919755699708883,0.9945952995735332,0.0026197296026448935,nan,source-day
43,-4,1,2025.06.11_0.3_2,ensemble__original3_mse,ensemble__simple_equal,accuracy,0.9074074074074074,0.9296296296296296,0.022222222222222143,2.2222222222222143,source-day
43,-4,1,2025.06.11_0.3_2,ensemble__original3_mse,ensemble__simple_equal,precision,1.0,1.0,0.0,0.0,source-day
43,-4,1,2025.06.11_0.3_2,ensemble__original3_mse,ensemble__simple_equal,recall,0.8484848484848485,0.8848484848484849,0.036363636363636376,3.6363636363636376,source-day
43,-4,1,2025.06.11_0.3_2,ensemble__original3_mse,ensemble__simple_equal,f1,0.9180327868852459,0.9389067524115756,0.020873965526329696,2.0873965526329696,source-day
43,-4,1,2025.06.11_0.3_2,ensemble__original3_mse,ensemble__simple_equal,fpr,0.0,0.0,0.0,0.0,source-day
43,-4,1,2025.06.11_0.3_2,ensemble__original3_mse,ensemble__simple_equal,fp,0,0,0.0,nan,source-day
43,-4,1,2025.06.11_0.3_2,ensemble__original3_mse,ensemble__simple_equal,fn,25,19,-6.0,nan,source-day
43,-4,1,2025.06.11_0.3_2,ensemble__original3_mse,ensemble__simple_equal,q100,368978.105,368978.105,0.0,nan,source-day
43,-4,1,2025.06.11_0.3_2,ensemble__original3_mse,ensemble__simple_equal,g100,147472.9948,147472.9948,0.0,nan,source-day
43,-4,1,2025.06.18_0.3_3,ensemble__original3_mse,ensemble__simple_equal,r2,0.9390654000384014,0.935340619443175,-0.003724780595226407,nan,source-day
43,-4,1,2025.06.18_0.3_3,ensemble__original3_mse,ensemble__simple_equal,rmse_all,67219.6402627075,69243.6530485631,2024.0127858555934,nan,source-day
43,-4,1,2025.06.18_0.3_3,ensemble__original3_mse,ensemble__simple_equal,mae_all,54228.095729095396,53071.952512585594,-1156.1432165098013,nan,source-day
43,-4,1,2025.06.18_0.3_3,ensemble__original3_mse,ensemble__simple_equal,rmse_high,65337.92173655878,52884.61422535517,-12453.30751120361,nan,source-day
43,-4,1,2025.06.18_0.3_3,ensemble__original3_mse,ensemble__simple_equal,rmse_onb,96301.63121532483,86514.73063989934,-9786.90057542549,nan,source-day
43,-4,1,2025.06.18_0.3_3,ensemble__original3_mse,ensemble__simple_equal,roc_auc_cont,0.9868888888888889,0.9914444444444445,0.004555555555555535,nan,source-day
43,-4,1,2025.06.18_0.3_3,ensemble__original3_mse,ensemble__simple_equal,pr_auc_cont,0.990278864551607,0.9935561239582896,0.0032772594066826644,nan,source-day
43,-4,1,2025.06.18_0.3_3,ensemble__original3_mse,ensemble__simple_equal,accuracy,0.8962962962962963,0.9148148148148149,0.0185185185185186,1.85185185185186,source-day
43,-4,1,2025.06.18_0.3_3,ensemble__original3_mse,ensemble__simple_equal,precision,1.0,1.0,0.0,0.0,source-day
43,-4,1,2025.06.18_0.3_3,ensemble__original3_mse,ensemble__simple_equal,recall,0.8133333333333334,0.8466666666666667,0.033333333333333326,3.3333333333333326,source-day
43,-4,1,2025.06.18_0.3_3,ensemble__original3_mse,ensemble__simple_equal,f1,0.8970588235294118,0.9169675090252708,0.019908685495859002,1.9908685495859002,source-day
43,-4,1,2025.06.18_0.3_3,ensemble__original3_mse,ensemble__simple_equal,fpr,0.0,0.0,0.0,0.0,source-day
43,-4,1,2025.06.18_0.3_3,ensemble__original3_mse,ensemble__simple_equal,fp,0,0,0.0,nan,source-day
43,-4,1,2025.06.18_0.3_3,ensemble__original3_mse,ensemble__simple_equal,fn,28,23,-5.0,nan,source-day
43,-4,1,2025.06.18_0.3_3,ensemble__original3_mse,ensemble__simple_equal,q100,376320.1201,376320.1201,0.0,nan,source-day
43,-4,1,2025.06.18_0.3_3,ensemble__original3_mse,ensemble__simple_equal,g100,104642.43849999999,104642.43849999999,0.0,nan,source-day
43,-8,1,pooled_source_day_thresholds,ensemble__original3_mse,ensemble__original3_hgb_extra_trees,r2,0.9321499711442565,0.9393956539385007,0.0072456827942442015,nan,source-day
43,-8,1,pooled_source_day_thresholds,ensemble__original3_mse,ensemble__original3_hgb_extra_trees,rmse_all,70382.49266817512,66518.35646294932,-3864.1362052258046,nan,source-day
43,-8,1,pooled_source_day_thresholds,ensemble__original3_mse,ensemble__original3_hgb_extra_trees,mae_all,56509.34105469925,48220.33860765502,-8289.00244704423,nan,source-day
43,-8,1,pooled_source_day_thresholds,ensemble__original3_mse,ensemble__original3_hgb_extra_trees,rmse_high,68613.25639212097,48041.08966016638,-20572.16673195459,nan,source-day
43,-8,1,pooled_source_day_thresholds,ensemble__original3_mse,ensemble__original3_hgb_extra_trees,rmse_onb,117490.29146640241,97301.3912343465,-20188.90023205591,nan,source-day
43,-8,1,pooled_source_day_thresholds,ensemble__original3_mse,ensemble__original3_hgb_extra_trees,roc_auc_cont,0.9712451499118165,0.9746313932980599,0.0033862433862433816,nan,source-day
43,-8,1,pooled_source_day_thresholds,ensemble__original3_mse,ensemble__original3_hgb_extra_trees,pr_auc_cont,0.9831740377350808,0.9852424859891609,0.0020684482540800353,nan,source-day
43,-8,1,pooled_source_day_thresholds,ensemble__original3_mse,ensemble__original3_hgb_extra_trees,accuracy,0.8925925925925926,0.9203703703703704,0.02777777777777779,2.777777777777779,source-day
43,-8,1,pooled_source_day_thresholds,ensemble__original3_mse,ensemble__original3_hgb_extra_trees,precision,1.0,1.0,0.0,0.0,source-day
43,-8,1,pooled_source_day_thresholds,ensemble__original3_mse,ensemble__original3_hgb_extra_trees,recall,0.8158730158730159,0.8634920634920635,0.04761904761904767,4.761904761904767,source-day
43,-8,1,pooled_source_day_thresholds,ensemble__original3_mse,ensemble__original3_hgb_extra_trees,f1,0.8986013986013986,0.9267461669505963,0.028144768349197657,2.8144768349197657,source-day
43,-8,1,pooled_source_day_thresholds,ensemble__original3_mse,ensemble__original3_hgb_extra_trees,fpr,0.0,0.0,0.0,0.0,source-day
43,-8,1,pooled_source_day_thresholds,ensemble__original3_mse,ensemble__original3_hgb_extra_trees,fp,0,0,0.0,nan,source-day
43,-8,1,pooled_source_day_thresholds,ensemble__original3_mse,ensemble__original3_hgb_extra_trees,fn,58,43,-15.0,nan,source-day
43,-8,1,pooled_source_day_thresholds,ensemble__original3_mse,ensemble__original3_hgb_extra_trees,q100,nan,nan,nan,nan,source-day
43,-8,1,pooled_source_day_thresholds,ensemble__original3_mse,ensemble__original3_hgb_extra_trees,g100,nan,nan,nan,nan,source-day
43,-8,1,2025.06.11_0.3_2,ensemble__original3_mse,ensemble__original3_hgb_extra_trees,r2,0.9467976085922887,0.9520192603990696,0.005221651806780914,nan,source-day
43,-8,1,2025.06.11_0.3_2,ensemble__original3_mse,ensemble__original3_hgb_extra_trees,rmse_all,61827.40634428957,58714.980414256825,-3112.4259300327467,nan,source-day
43,-8,1,2025.06.11_0.3_2,ensemble__original3_mse,ensemble__original3_hgb_extra_trees,mae_all,49848.66494514074,41934.73947758057,-7913.92546756017,nan,source-day
43,-8,1,2025.06.11_0.3_2,ensemble__original3_mse,ensemble__original3_hgb_extra_trees,rmse_high,59364.879330899435,40454.71198226817,-18910.167348631265,nan,source-day
43,-8,1,2025.06.11_0.3_2,ensemble__original3_mse,ensemble__original3_hgb_extra_trees,rmse_onb,105919.60261499944,91805.87073325424,-14113.731881745203,nan,source-day
43,-8,1,2025.06.11_0.3_2,ensemble__original3_mse,ensemble__original3_hgb_extra_trees,roc_auc_cont,0.9807792207792209,0.9889754689754691,0.008196248196248201,nan,source-day
43,-8,1,2025.06.11_0.3_2,ensemble__original3_mse,ensemble__original3_hgb_extra_trees,pr_auc_cont,0.9893155622272424,0.9935816326431456,0.0042660704159032115,nan,source-day
43,-8,1,2025.06.11_0.3_2,ensemble__original3_mse,ensemble__original3_hgb_extra_trees,accuracy,0.9,0.9296296296296296,0.02962962962962956,2.962962962962956,source-day
43,-8,1,2025.06.11_0.3_2,ensemble__original3_mse,ensemble__original3_hgb_extra_trees,precision,1.0,1.0,0.0,0.0,source-day
43,-8,1,2025.06.11_0.3_2,ensemble__original3_mse,ensemble__original3_hgb_extra_trees,recall,0.8363636363636363,0.8848484848484849,0.048484848484848575,4.8484848484848575,source-day
43,-8,1,2025.06.11_0.3_2,ensemble__original3_mse,ensemble__original3_hgb_extra_trees,f1,0.9108910891089109,0.9389067524115756,0.028015663302664695,2.8015663302664695,source-day
43,-8,1,2025.06.11_0.3_2,ensemble__original3_mse,ensemble__original3_hgb_extra_trees,fpr,0.0,0.0,0.0,0.0,source-day
43,-8,1,2025.06.11_0.3_2,ensemble__original3_mse,ensemble__original3_hgb_extra_trees,fp,0,0,0.0,nan,source-day
43,-8,1,2025.06.11_0.3_2,ensemble__original3_mse,ensemble__original3_hgb_extra_trees,fn,27,19,-8.0,nan,source-day
43,-8,1,2025.06.11_0.3_2,ensemble__original3_mse,ensemble__original3_hgb_extra_trees,q100,368978.105,368978.105,0.0,nan,source-day
43,-8,1,2025.06.11_0.3_2,ensemble__original3_mse,ensemble__original3_hgb_extra_trees,g100,147472.9948,147472.9948,0.0,nan,source-day
43,-8,1,2025.06.18_0.3_3,ensemble__original3_mse,ensemble__original3_hgb_extra_trees,r2,0.9179430786399877,0.9271514493320778,0.009208370692090129,nan,source-day
43,-8,1,2025.06.18_0.3_3,ensemble__original3_mse,ensemble__original3_hgb_extra_trees,rmse_all,78004.88685402696,73497.8541728765,-4507.032681150464,nan,source-day
43,-8,1,2025.06.18_0.3_3,ensemble__original3_mse,ensemble__original3_hgb_extra_trees,mae_all,63170.01716425776,54505.93773772949,-8664.079426528275,nan,source-day
43,-8,1,2025.06.18_0.3_3,ensemble__original3_mse,ensemble__original3_hgb_extra_trees,rmse_high,77522.4355458823,55194.6113974979,-22327.824148384396,nan,source-day
43,-8,1,2025.06.18_0.3_3,ensemble__original3_mse,ensemble__original3_hgb_extra_trees,rmse_onb,128019.43196093701,102502.70031168805,-25516.731649248963,nan,source-day
43,-8,1,2025.06.18_0.3_3,ensemble__original3_mse,ensemble__original3_hgb_extra_trees,roc_auc_cont,0.9668333333333333,0.9854999999999999,0.01866666666666661,nan,source-day
43,-8,1,2025.06.18_0.3_3,ensemble__original3_mse,ensemble__original3_hgb_extra_trees,pr_auc_cont,0.979564040203407,0.9900217424650589,0.01045770226165188,nan,source-day
43,-8,1,2025.06.18_0.3_3,ensemble__original3_mse,ensemble__original3_hgb_extra_trees,accuracy,0.8851851851851852,0.9111111111111111,0.025925925925925908,2.592592592592591,source-day
43,-8,1,2025.06.18_0.3_3,ensemble__original3_mse,ensemble__original3_hgb_extra_trees,precision,1.0,1.0,0.0,0.0,source-day
43,-8,1,2025.06.18_0.3_3,ensemble__original3_mse,ensemble__original3_hgb_extra_trees,recall,0.7933333333333333,0.84,0.046666666666666634,4.666666666666663,source-day
43,-8,1,2025.06.18_0.3_3,ensemble__original3_mse,ensemble__original3_hgb_extra_trees,f1,0.8847583643122676,0.9130434782608695,0.028285113948601892,2.828511394860189,source-day
43,-8,1,2025.06.18_0.3_3,ensemble__original3_mse,ensemble__original3_hgb_extra_trees,fpr,0.0,0.0,0.0,0.0,source-day
43,-8,1,2025.06.18_0.3_3,ensemble__original3_mse,ensemble__original3_hgb_extra_trees,fp,0,0,0.0,nan,source-day
43,-8,1,2025.06.18_0.3_3,ensemble__original3_mse,ensemble__original3_hgb_extra_trees,fn,31,24,-7.0,nan,source-day
43,-8,1,2025.06.18_0.3_3,ensemble__original3_mse,ensemble__original3_hgb_extra_trees,q100,434018.0833,376320.1201,-57697.9632,nan,source-day
43,-8,1,2025.06.18_0.3_3,ensemble__original3_mse,ensemble__original3_hgb_extra_trees,g100,162340.4017,104642.43849999999,-57697.9632,nan,source-day
43,-8,1,pooled_source_day_thresholds,ensemble__original3_mse,ensemble__original3_performance,r2,0.9321499711442565,0.9334338773027323,0.0012839061584758449,nan,source-day
43,-8,1,pooled_source_day_thresholds,ensemble__original3_mse,ensemble__original3_performance,rmse_all,70382.49266817512,69713.3986701501,-669.0939980250259,nan,source-day
43,-8,1,pooled_source_day_thresholds,ensemble__original3_mse,ensemble__original3_performance,mae_all,56509.34105469925,55624.0627165111,-885.2783381881527,nan,source-day
43,-8,1,pooled_source_day_thresholds,ensemble__original3_mse,ensemble__original3_performance,rmse_high,68613.25639212097,67079.0125265713,-1534.2438655496662,nan,source-day
43,-8,1,pooled_source_day_thresholds,ensemble__original3_mse,ensemble__original3_performance,rmse_onb,117490.29146640241,117594.8940060483,104.60253964588628,nan,source-day
43,-8,1,pooled_source_day_thresholds,ensemble__original3_mse,ensemble__original3_performance,roc_auc_cont,0.9712451499118165,0.9712310405643739,-1.4109347442614606e-05,nan,source-day
43,-8,1,pooled_source_day_thresholds,ensemble__original3_mse,ensemble__original3_performance,pr_auc_cont,0.9831740377350808,0.9831874989393923,1.3461204311449038e-05,nan,source-day
43,-8,1,pooled_source_day_thresholds,ensemble__original3_mse,ensemble__original3_performance,accuracy,0.8925925925925926,0.8981481481481481,0.005555555555555536,0.5555555555555536,source-day
43,-8,1,pooled_source_day_thresholds,ensemble__original3_mse,ensemble__original3_performance,precision,1.0,1.0,0.0,0.0,source-day
43,-8,1,pooled_source_day_thresholds,ensemble__original3_mse,ensemble__original3_performance,recall,0.8158730158730159,0.8253968253968254,0.00952380952380949,0.952380952380949,source-day
43,-8,1,pooled_source_day_thresholds,ensemble__original3_mse,ensemble__original3_performance,f1,0.8986013986013986,0.9043478260869565,0.00574642748555787,0.574642748555787,source-day
43,-8,1,pooled_source_day_thresholds,ensemble__original3_mse,ensemble__original3_performance,fpr,0.0,0.0,0.0,0.0,source-day
43,-8,1,pooled_source_day_thresholds,ensemble__original3_mse,ensemble__original3_performance,fp,0,0,0.0,nan,source-day
43,-8,1,pooled_source_day_thresholds,ensemble__original3_mse,ensemble__original3_performance,fn,58,55,-3.0,nan,source-day
43,-8,1,pooled_source_day_thresholds,ensemble__original3_mse,ensemble__original3_performance,q100,nan,nan,nan,nan,source-day
43,-8,1,pooled_source_day_thresholds,ensemble__original3_mse,ensemble__original3_performance,g100,nan,nan,nan,nan,source-day
43,-8,1,2025.06.11_0.3_2,ensemble__original3_mse,ensemble__original3_performance,r2,0.9467976085922887,0.9485217109849442,0.0017241023926555243,nan,source-day
43,-8,1,2025.06.11_0.3_2,ensemble__original3_mse,ensemble__original3_performance,rmse_all,61827.40634428957,60817.351473811344,-1010.0548704782268,nan,source-day
43,-8,1,2025.06.11_0.3_2,ensemble__original3_mse,ensemble__original3_performance,mae_all,49848.66494514074,48654.35007171895,-1194.3148734217903,nan,source-day
43,-8,1,2025.06.11_0.3_2,ensemble__original3_mse,ensemble__original3_performance,rmse_high,59364.879330899435,57066.444763147,-2298.4345677524325,nan,source-day
43,-8,1,2025.06.11_0.3_2,ensemble__original3_mse,ensemble__original3_performance,rmse_onb,105919.60261499944,106159.55003487997,239.94741988052556,nan,source-day
43,-8,1,2025.06.11_0.3_2,ensemble__original3_mse,ensemble__original3_performance,roc_auc_cont,0.9807792207792209,0.9806637806637807,-0.00011544011544017962,nan,source-day
43,-8,1,2025.06.11_0.3_2,ensemble__original3_mse,ensemble__original3_performance,pr_auc_cont,0.9893155622272424,0.9892436376778152,-7.192454942717141e-05,nan,source-day
43,-8,1,2025.06.11_0.3_2,ensemble__original3_mse,ensemble__original3_performance,accuracy,0.9,0.9037037037037037,0.0037037037037036535,0.37037037037036535,source-day
43,-8,1,2025.06.11_0.3_2,ensemble__original3_mse,ensemble__original3_performance,precision,1.0,1.0,0.0,0.0,source-day
43,-8,1,2025.06.11_0.3_2,ensemble__original3_mse,ensemble__original3_performance,recall,0.8363636363636363,0.8424242424242424,0.0060606060606061,0.60606060606061,source-day
43,-8,1,2025.06.11_0.3_2,ensemble__original3_mse,ensemble__original3_performance,f1,0.9108910891089109,0.9144736842105263,0.0035825951016154045,0.35825951016154045,source-day
43,-8,1,2025.06.11_0.3_2,ensemble__original3_mse,ensemble__original3_performance,fpr,0.0,0.0,0.0,0.0,source-day
43,-8,1,2025.06.11_0.3_2,ensemble__original3_mse,ensemble__original3_performance,fp,0,0,0.0,nan,source-day
43,-8,1,2025.06.11_0.3_2,ensemble__original3_mse,ensemble__original3_performance,fn,27,26,-1.0,nan,source-day
43,-8,1,2025.06.11_0.3_2,ensemble__original3_mse,ensemble__original3_performance,q100,368978.105,368978.105,0.0,nan,source-day
43,-8,1,2025.06.11_0.3_2,ensemble__original3_mse,ensemble__original3_performance,g100,147472.9948,147472.9948,0.0,nan,source-day
43,-8,1,2025.06.18_0.3_3,ensemble__original3_mse,ensemble__original3_performance,r2,0.9179430786399877,0.918800720978364,0.0008576423383762632,nan,source-day
43,-8,1,2025.06.18_0.3_3,ensemble__original3_mse,ensemble__original3_performance,rmse_all,78004.88685402696,77596.17044672676,-408.7164073002059,nan,source-day
43,-8,1,2025.06.18_0.3_3,ensemble__original3_mse,ensemble__original3_performance,mae_all,63170.01716425776,62593.77536130324,-576.2418029545224,nan,source-day
43,-8,1,2025.06.18_0.3_3,ensemble__original3_mse,ensemble__original3_performance,rmse_high,77522.4355458823,76595.7584043527,-926.6771415295952,nan,source-day
43,-8,1,2025.06.18_0.3_3,ensemble__original3_mse,ensemble__original3_performance,rmse_onb,128019.43196093701,128012.7654922715,-6.666468665513094,nan,source-day
43,-8,1,2025.06.18_0.3_3,ensemble__original3_mse,ensemble__original3_performance,roc_auc_cont,0.9668333333333333,0.9663333333333334,-0.0004999999999999449,nan,source-day
43,-8,1,2025.06.18_0.3_3,ensemble__original3_mse,ensemble__original3_performance,pr_auc_cont,0.979564040203407,0.9793576549780598,-0.00020638522534721648,nan,source-day
43,-8,1,2025.06.18_0.3_3,ensemble__original3_mse,ensemble__original3_performance,accuracy,0.8851851851851852,0.8925925925925926,0.007407407407407418,0.7407407407407418,source-day
43,-8,1,2025.06.18_0.3_3,ensemble__original3_mse,ensemble__original3_performance,precision,1.0,1.0,0.0,0.0,source-day
43,-8,1,2025.06.18_0.3_3,ensemble__original3_mse,ensemble__original3_performance,recall,0.7933333333333333,0.8066666666666666,0.013333333333333308,1.3333333333333308,source-day
43,-8,1,2025.06.18_0.3_3,ensemble__original3_mse,ensemble__original3_performance,f1,0.8847583643122676,0.8929889298892989,0.008230565577031279,0.8230565577031279,source-day
43,-8,1,2025.06.18_0.3_3,ensemble__original3_mse,ensemble__original3_performance,fpr,0.0,0.0,0.0,0.0,source-day
43,-8,1,2025.06.18_0.3_3,ensemble__original3_mse,ensemble__original3_performance,fp,0,0,0.0,nan,source-day
43,-8,1,2025.06.18_0.3_3,ensemble__original3_mse,ensemble__original3_performance,fn,31,29,-2.0,nan,source-day
43,-8,1,2025.06.18_0.3_3,ensemble__original3_mse,ensemble__original3_performance,q100,434018.0833,376320.1201,-57697.9632,nan,source-day
43,-8,1,2025.06.18_0.3_3,ensemble__original3_mse,ensemble__original3_performance,g100,162340.4017,104642.43849999999,-57697.9632,nan,source-day
43,-8,1,pooled_source_day_thresholds,ensemble__original3_mse,ensemble__original3_hgb,r2,0.9321499711442565,0.9179955143504006,-0.014154456793855852,nan,source-day
43,-8,1,pooled_source_day_thresholds,ensemble__original3_mse,ensemble__original3_hgb,rmse_all,70382.49266817512,77376.38395428352,6993.891286108395,nan,source-day
43,-8,1,pooled_source_day_thresholds,ensemble__original3_mse,ensemble__original3_hgb,mae_all,56509.34105469925,54177.10206775857,-2332.2389869406834,nan,source-day
43,-8,1,pooled_source_day_thresholds,ensemble__original3_mse,ensemble__original3_hgb,rmse_high,68613.25639212097,39564.58817376901,-29048.66821835196,nan,source-day
43,-8,1,pooled_source_day_thresholds,ensemble__original3_mse,ensemble__original3_hgb,rmse_onb,117490.29146640241,63240.98257751666,-54249.30888888575,nan,source-day
43,-8,1,pooled_source_day_thresholds,ensemble__original3_mse,ensemble__original3_hgb,roc_auc_cont,0.9712451499118165,0.9730793650793652,0.0018342151675486695,nan,source-day
43,-8,1,pooled_source_day_thresholds,ensemble__original3_mse,ensemble__original3_hgb,pr_auc_cont,0.9831740377350808,0.9846965078205845,0.0015224700855036577,nan,source-day
43,-8,1,pooled_source_day_thresholds,ensemble__original3_mse,ensemble__original3_hgb,accuracy,0.8925925925925926,0.9148148148148149,0.022222222222222254,2.2222222222222254,source-day
43,-8,1,pooled_source_day_thresholds,ensemble__original3_mse,ensemble__original3_hgb,precision,1.0,1.0,0.0,0.0,source-day
43,-8,1,pooled_source_day_thresholds,ensemble__original3_mse,ensemble__original3_hgb,recall,0.8158730158730159,0.8539682539682539,0.03809523809523807,3.809523809523807,source-day
43,-8,1,pooled_source_day_thresholds,ensemble__original3_mse,ensemble__original3_hgb,f1,0.8986013986013986,0.9212328767123288,0.022631478110930137,2.2631478110930137,source-day
43,-8,1,pooled_source_day_thresholds,ensemble__original3_mse,ensemble__original3_hgb,fpr,0.0,0.0,0.0,0.0,source-day
43,-8,1,pooled_source_day_thresholds,ensemble__original3_mse,ensemble__original3_hgb,fp,0,0,0.0,nan,source-day
43,-8,1,pooled_source_day_thresholds,ensemble__original3_mse,ensemble__original3_hgb,fn,58,46,-12.0,nan,source-day
43,-8,1,pooled_source_day_thresholds,ensemble__original3_mse,ensemble__original3_hgb,q100,nan,nan,nan,nan,source-day
43,-8,1,pooled_source_day_thresholds,ensemble__original3_mse,ensemble__original3_hgb,g100,nan,nan,nan,nan,source-day
43,-8,1,2025.06.11_0.3_2,ensemble__original3_mse,ensemble__original3_hgb,r2,0.9467976085922887,0.9327478887634518,-0.014049719828836849,nan,source-day
43,-8,1,2025.06.11_0.3_2,ensemble__original3_mse,ensemble__original3_hgb,rmse_all,61827.40634428957,69513.38104987565,7685.974705586079,nan,source-day
43,-8,1,2025.06.11_0.3_2,ensemble__original3_mse,ensemble__original3_hgb,mae_all,49848.66494514074,47624.017247628806,-2224.6476975119367,nan,source-day
43,-8,1,2025.06.11_0.3_2,ensemble__original3_mse,ensemble__original3_hgb,rmse_high,59364.879330899435,31767.178992784477,-27597.70033811496,nan,source-day
43,-8,1,2025.06.11_0.3_2,ensemble__original3_mse,ensemble__original3_hgb,rmse_onb,105919.60261499944,51975.81943697795,-53943.78317802149,nan,source-day
43,-8,1,2025.06.11_0.3_2,ensemble__original3_mse,ensemble__original3_hgb,roc_auc_cont,0.9807792207792209,0.9728715728715728,-0.007907647907648085,nan,source-day
43,-8,1,2025.06.11_0.3_2,ensemble__original3_mse,ensemble__original3_hgb,pr_auc_cont,0.9893155622272424,0.9855513022356536,-0.003764259991588803,nan,source-day
43,-8,1,2025.06.11_0.3_2,ensemble__original3_mse,ensemble__original3_hgb,accuracy,0.9,0.9259259259259259,0.025925925925925908,2.592592592592591,source-day
43,-8,1,2025.06.11_0.3_2,ensemble__original3_mse,ensemble__original3_hgb,precision,1.0,1.0,0.0,0.0,source-day
43,-8,1,2025.06.11_0.3_2,ensemble__original3_mse,ensemble__original3_hgb,recall,0.8363636363636363,0.8787878787878788,0.042424242424242475,4.2424242424242475,source-day
43,-8,1,2025.06.11_0.3_2,ensemble__original3_mse,ensemble__original3_hgb,f1,0.9108910891089109,0.9354838709677419,0.02459278185883096,2.459278185883096,source-day
43,-8,1,2025.06.11_0.3_2,ensemble__original3_mse,ensemble__original3_hgb,fpr,0.0,0.0,0.0,0.0,source-day
43,-8,1,2025.06.11_0.3_2,ensemble__original3_mse,ensemble__original3_hgb,fp,0,0,0.0,nan,source-day
43,-8,1,2025.06.11_0.3_2,ensemble__original3_mse,ensemble__original3_hgb,fn,27,20,-7.0,nan,source-day
43,-8,1,2025.06.11_0.3_2,ensemble__original3_mse,ensemble__original3_hgb,q100,368978.105,368978.105,0.0,nan,source-day
43,-8,1,2025.06.11_0.3_2,ensemble__original3_mse,ensemble__original3_hgb,g100,147472.9948,147472.9948,0.0,nan,source-day
43,-8,1,2025.06.18_0.3_3,ensemble__original3_mse,ensemble__original3_hgb,r2,0.9179430786399877,0.903684210429534,-0.014258868210453746,nan,source-day
43,-8,1,2025.06.18_0.3_3,ensemble__original3_mse,ensemble__original3_hgb,rmse_all,78004.88685402696,84510.94273936478,6506.055885337817,nan,source-day
43,-8,1,2025.06.18_0.3_3,ensemble__original3_mse,ensemble__original3_hgb,mae_all,63170.01716425776,60730.18688788833,-2439.83027636943,nan,source-day
43,-8,1,2025.06.18_0.3_3,ensemble__original3_mse,ensemble__original3_hgb,rmse_high,77522.4355458823,46660.26051342095,-30862.175032461346,nan,source-day
43,-8,1,2025.06.18_0.3_3,ensemble__original3_mse,ensemble__original3_hgb,rmse_onb,128019.43196093701,72782.95094728022,-55236.4810136568,nan,source-day
43,-8,1,2025.06.18_0.3_3,ensemble__original3_mse,ensemble__original3_hgb,roc_auc_cont,0.9668333333333333,0.9821111111111112,0.015277777777777835,nan,source-day
43,-8,1,2025.06.18_0.3_3,ensemble__original3_mse,ensemble__original3_hgb,pr_auc_cont,0.979564040203407,0.9880831837683168,0.008519143564909792,nan,source-day
43,-8,1,2025.06.18_0.3_3,ensemble__original3_mse,ensemble__original3_hgb,accuracy,0.8851851851851852,0.9037037037037037,0.01851851851851849,1.851851851851849,source-day
43,-8,1,2025.06.18_0.3_3,ensemble__original3_mse,ensemble__original3_hgb,precision,1.0,1.0,0.0,0.0,source-day
43,-8,1,2025.06.18_0.3_3,ensemble__original3_mse,ensemble__original3_hgb,recall,0.7933333333333333,0.8266666666666667,0.033333333333333326,3.3333333333333326,source-day
43,-8,1,2025.06.18_0.3_3,ensemble__original3_mse,ensemble__original3_hgb,f1,0.8847583643122676,0.9051094890510949,0.020351124738827275,2.0351124738827275,source-day
43,-8,1,2025.06.18_0.3_3,ensemble__original3_mse,ensemble__original3_hgb,fpr,0.0,0.0,0.0,0.0,source-day
43,-8,1,2025.06.18_0.3_3,ensemble__original3_mse,ensemble__original3_hgb,fp,0,0,0.0,nan,source-day
43,-8,1,2025.06.18_0.3_3,ensemble__original3_mse,ensemble__original3_hgb,fn,31,26,-5.0,nan,source-day
43,-8,1,2025.06.18_0.3_3,ensemble__original3_mse,ensemble__original3_hgb,q100,434018.0833,376320.1201,-57697.9632,nan,source-day
43,-8,1,2025.06.18_0.3_3,ensemble__original3_mse,ensemble__original3_hgb,g100,162340.4017,104642.43849999999,-57697.9632,nan,source-day
43,-8,1,pooled_source_day_thresholds,ensemble__original3_mse,ensemble__original3_extra_trees,r2,0.9321499711442565,0.9403071746673443,0.008157203523087797,nan,source-day
43,-8,1,pooled_source_day_thresholds,ensemble__original3_mse,ensemble__original3_extra_trees,rmse_all,70382.49266817512,66016.22598111087,-4366.266687064257,nan,source-day
43,-8,1,pooled_source_day_thresholds,ensemble__original3_mse,ensemble__original3_extra_trees,mae_all,56509.34105469925,47967.74598561943,-8541.59506907982,nan,source-day
43,-8,1,pooled_source_day_thresholds,ensemble__original3_mse,ensemble__original3_extra_trees,rmse_high,68613.25639212097,49188.35134966561,-19424.905042455357,nan,source-day
43,-8,1,pooled_source_day_thresholds,ensemble__original3_mse,ensemble__original3_extra_trees,rmse_onb,117490.29146640241,100725.97774964676,-16764.313716755656,nan,source-day
43,-8,1,pooled_source_day_thresholds,ensemble__original3_mse,ensemble__original3_extra_trees,roc_auc_cont,0.9712451499118165,0.9746596119929453,0.003414462081128722,nan,source-day
43,-8,1,pooled_source_day_thresholds,ensemble__original3_mse,ensemble__original3_extra_trees,pr_auc_cont,0.9831740377350808,0.9851987894949588,0.0020247517598779297,nan,source-day
43,-8,1,pooled_source_day_thresholds,ensemble__original3_mse,ensemble__original3_extra_trees,accuracy,0.8925925925925926,0.9203703703703704,0.02777777777777779,2.777777777777779,source-day
43,-8,1,pooled_source_day_thresholds,ensemble__original3_mse,ensemble__original3_extra_trees,precision,1.0,1.0,0.0,0.0,source-day
43,-8,1,pooled_source_day_thresholds,ensemble__original3_mse,ensemble__original3_extra_trees,recall,0.8158730158730159,0.8634920634920635,0.04761904761904767,4.761904761904767,source-day
43,-8,1,pooled_source_day_thresholds,ensemble__original3_mse,ensemble__original3_extra_trees,f1,0.8986013986013986,0.9267461669505963,0.028144768349197657,2.8144768349197657,source-day
43,-8,1,pooled_source_day_thresholds,ensemble__original3_mse,ensemble__original3_extra_trees,fpr,0.0,0.0,0.0,0.0,source-day
43,-8,1,pooled_source_day_thresholds,ensemble__original3_mse,ensemble__original3_extra_trees,fp,0,0,0.0,nan,source-day
43,-8,1,pooled_source_day_thresholds,ensemble__original3_mse,ensemble__original3_extra_trees,fn,58,43,-15.0,nan,source-day
43,-8,1,pooled_source_day_thresholds,ensemble__original3_mse,ensemble__original3_extra_trees,q100,nan,nan,nan,nan,source-day
43,-8,1,pooled_source_day_thresholds,ensemble__original3_mse,ensemble__original3_extra_trees,g100,nan,nan,nan,nan,source-day
43,-8,1,2025.06.11_0.3_2,ensemble__original3_mse,ensemble__original3_extra_trees,r2,0.9467976085922887,0.952682614317632,0.00588500572534334,nan,source-day
43,-8,1,2025.06.11_0.3_2,ensemble__original3_mse,ensemble__original3_extra_trees,rmse_all,61827.40634428957,58307.68811001945,-3519.71823427012,nan,source-day
43,-8,1,2025.06.11_0.3_2,ensemble__original3_mse,ensemble__original3_extra_trees,mae_all,49848.66494514074,41779.11415488125,-8069.550790259491,nan,source-day
43,-8,1,2025.06.11_0.3_2,ensemble__original3_mse,ensemble__original3_extra_trees,rmse_high,59364.879330899435,41641.91690980918,-17722.962421090255,nan,source-day
43,-8,1,2025.06.11_0.3_2,ensemble__original3_mse,ensemble__original3_extra_trees,rmse_onb,105919.60261499944,95681.70268183117,-10237.899933168272,nan,source-day
43,-8,1,2025.06.11_0.3_2,ensemble__original3_mse,ensemble__original3_extra_trees,roc_auc_cont,0.9807792207792209,0.9906493506493507,0.009870129870129807,nan,source-day
43,-8,1,2025.06.11_0.3_2,ensemble__original3_mse,ensemble__original3_extra_trees,pr_auc_cont,0.9893155622272424,0.9943804244829464,0.005064862255704017,nan,source-day
43,-8,1,2025.06.11_0.3_2,ensemble__original3_mse,ensemble__original3_extra_trees,accuracy,0.9,0.9296296296296296,0.02962962962962956,2.962962962962956,source-day
43,-8,1,2025.06.11_0.3_2,ensemble__original3_mse,ensemble__original3_extra_trees,precision,1.0,1.0,0.0,0.0,source-day
43,-8,1,2025.06.11_0.3_2,ensemble__original3_mse,ensemble__original3_extra_trees,recall,0.8363636363636363,0.8848484848484849,0.048484848484848575,4.8484848484848575,source-day
43,-8,1,2025.06.11_0.3_2,ensemble__original3_mse,ensemble__original3_extra_trees,f1,0.9108910891089109,0.9389067524115756,0.028015663302664695,2.8015663302664695,source-day
43,-8,1,2025.06.11_0.3_2,ensemble__original3_mse,ensemble__original3_extra_trees,fpr,0.0,0.0,0.0,0.0,source-day
43,-8,1,2025.06.11_0.3_2,ensemble__original3_mse,ensemble__original3_extra_trees,fp,0,0,0.0,nan,source-day
43,-8,1,2025.06.11_0.3_2,ensemble__original3_mse,ensemble__original3_extra_trees,fn,27,19,-8.0,nan,source-day
43,-8,1,2025.06.11_0.3_2,ensemble__original3_mse,ensemble__original3_extra_trees,q100,368978.105,368978.105,0.0,nan,source-day
43,-8,1,2025.06.11_0.3_2,ensemble__original3_mse,ensemble__original3_extra_trees,g100,147472.9948,147472.9948,0.0,nan,source-day
43,-8,1,2025.06.18_0.3_3,ensemble__original3_mse,ensemble__original3_extra_trees,r2,0.9179430786399877,0.9283036203648242,0.01036054172483647,nan,source-day
43,-8,1,2025.06.18_0.3_3,ensemble__original3_mse,ensemble__original3_extra_trees,rmse_all,78004.88685402696,72914.3174749849,-5090.569379042063,nan,source-day
43,-8,1,2025.06.18_0.3_3,ensemble__original3_mse,ensemble__original3_extra_trees,mae_all,63170.01716425776,54156.37781635761,-9013.639347900149,nan,source-day
43,-8,1,2025.06.18_0.3_3,ensemble__original3_mse,ensemble__original3_extra_trees,rmse_high,77522.4355458823,56333.67589222559,-21188.759653656707,nan,source-day
43,-8,1,2025.06.18_0.3_3,ensemble__original3_mse,ensemble__original3_extra_trees,rmse_onb,128019.43196093701,105529.4127679593,-22490.01919297772,nan,source-day
43,-8,1,2025.06.18_0.3_3,ensemble__original3_mse,ensemble__original3_extra_trees,roc_auc_cont,0.9668333333333333,0.9851666666666666,0.018333333333333313,nan,source-day
43,-8,1,2025.06.18_0.3_3,ensemble__original3_mse,ensemble__original3_extra_trees,pr_auc_cont,0.979564040203407,0.9898858344327365,0.01032179422932944,nan,source-day
43,-8,1,2025.06.18_0.3_3,ensemble__original3_mse,ensemble__original3_extra_trees,accuracy,0.8851851851851852,0.9111111111111111,0.025925925925925908,2.592592592592591,source-day
43,-8,1,2025.06.18_0.3_3,ensemble__original3_mse,ensemble__original3_extra_trees,precision,1.0,1.0,0.0,0.0,source-day
43,-8,1,2025.06.18_0.3_3,ensemble__original3_mse,ensemble__original3_extra_trees,recall,0.7933333333333333,0.84,0.046666666666666634,4.666666666666663,source-day
43,-8,1,2025.06.18_0.3_3,ensemble__original3_mse,ensemble__original3_extra_trees,f1,0.8847583643122676,0.9130434782608695,0.028285113948601892,2.828511394860189,source-day
43,-8,1,2025.06.18_0.3_3,ensemble__original3_mse,ensemble__original3_extra_trees,fpr,0.0,0.0,0.0,0.0,source-day
43,-8,1,2025.06.18_0.3_3,ensemble__original3_mse,ensemble__original3_extra_trees,fp,0,0,0.0,nan,source-day
43,-8,1,2025.06.18_0.3_3,ensemble__original3_mse,ensemble__original3_extra_trees,fn,31,24,-7.0,nan,source-day
43,-8,1,2025.06.18_0.3_3,ensemble__original3_mse,ensemble__original3_extra_trees,q100,434018.0833,376320.1201,-57697.9632,nan,source-day
43,-8,1,2025.06.18_0.3_3,ensemble__original3_mse,ensemble__original3_extra_trees,g100,162340.4017,104642.43849999999,-57697.9632,nan,source-day
43,-8,1,pooled_source_day_thresholds,ensemble__original3_mse,ensemble__simple_equal,r2,0.9321499711442565,0.936180676881197,0.004030705736940532,nan,source-day
43,-8,1,pooled_source_day_thresholds,ensemble__original3_mse,ensemble__simple_equal,rmse_all,70382.49266817512,68259.91171472523,-2122.5809534498985,nan,source-day
43,-8,1,pooled_source_day_thresholds,ensemble__original3_mse,ensemble__simple_equal,mae_all,56509.34105469925,51225.831888242676,-5283.509166456577,nan,source-day
43,-8,1,pooled_source_day_thresholds,ensemble__original3_mse,ensemble__simple_equal,rmse_high,68613.25639212097,50954.43675911174,-17658.819633009225,nan,source-day
43,-8,1,pooled_source_day_thresholds,ensemble__original3_mse,ensemble__simple_equal,rmse_onb,117490.29146640241,95206.30040080125,-22283.991065601163,nan,source-day
43,-8,1,pooled_source_day_thresholds,ensemble__original3_mse,ensemble__simple_equal,roc_auc_cont,0.9712451499118165,0.9760000000000001,0.004754850088183549,nan,source-day
43,-8,1,pooled_source_day_thresholds,ensemble__original3_mse,ensemble__simple_equal,pr_auc_cont,0.9831740377350808,0.9858574977995149,0.0026834600644340956,nan,source-day
43,-8,1,pooled_source_day_thresholds,ensemble__original3_mse,ensemble__simple_equal,accuracy,0.8925925925925926,0.9166666666666666,0.024074074074074026,2.4074074074074026,source-day
43,-8,1,pooled_source_day_thresholds,ensemble__original3_mse,ensemble__simple_equal,precision,1.0,1.0,0.0,0.0,source-day
43,-8,1,pooled_source_day_thresholds,ensemble__original3_mse,ensemble__simple_equal,recall,0.8158730158730159,0.8571428571428571,0.041269841269841234,4.126984126984123,source-day
43,-8,1,pooled_source_day_thresholds,ensemble__original3_mse,ensemble__simple_equal,f1,0.8986013986013986,0.9230769230769231,0.02447552447552448,2.447552447552448,source-day
43,-8,1,pooled_source_day_thresholds,ensemble__original3_mse,ensemble__simple_equal,fpr,0.0,0.0,0.0,0.0,source-day
43,-8,1,pooled_source_day_thresholds,ensemble__original3_mse,ensemble__simple_equal,fp,0,0,0.0,nan,source-day
43,-8,1,pooled_source_day_thresholds,ensemble__original3_mse,ensemble__simple_equal,fn,58,45,-13.0,nan,source-day
43,-8,1,pooled_source_day_thresholds,ensemble__original3_mse,ensemble__simple_equal,q100,nan,nan,nan,nan,source-day
43,-8,1,pooled_source_day_thresholds,ensemble__original3_mse,ensemble__simple_equal,g100,nan,nan,nan,nan,source-day
43,-8,1,2025.06.11_0.3_2,ensemble__original3_mse,ensemble__simple_equal,r2,0.9467976085922887,0.9500543533842382,0.003256744791949484,nan,source-day
43,-8,1,2025.06.11_0.3_2,ensemble__original3_mse,ensemble__simple_equal,rmse_all,61827.40634428957,59905.1653587725,-1922.24098551707,nan,source-day
43,-8,1,2025.06.11_0.3_2,ensemble__original3_mse,ensemble__simple_equal,mae_all,49848.66494514074,44140.71062572524,-5707.954319415505,nan,source-day
43,-8,1,2025.06.11_0.3_2,ensemble__original3_mse,ensemble__simple_equal,rmse_high,59364.879330899435,41339.9281440545,-18024.951186844934,nan,source-day
43,-8,1,2025.06.11_0.3_2,ensemble__original3_mse,ensemble__simple_equal,rmse_onb,105919.60261499944,85417.31174428103,-20502.29087071841,nan,source-day
43,-8,1,2025.06.11_0.3_2,ensemble__original3_mse,ensemble__simple_equal,roc_auc_cont,0.9807792207792209,0.9836075036075036,0.0028282828282827355,nan,source-day
43,-8,1,2025.06.11_0.3_2,ensemble__original3_mse,ensemble__simple_equal,pr_auc_cont,0.9893155622272424,0.9909878665462691,0.0016723043190267628,nan,source-day
43,-8,1,2025.06.11_0.3_2,ensemble__original3_mse,ensemble__simple_equal,accuracy,0.9,0.9296296296296296,0.02962962962962956,2.962962962962956,source-day
43,-8,1,2025.06.11_0.3_2,ensemble__original3_mse,ensemble__simple_equal,precision,1.0,1.0,0.0,0.0,source-day
43,-8,1,2025.06.11_0.3_2,ensemble__original3_mse,ensemble__simple_equal,recall,0.8363636363636363,0.8848484848484849,0.048484848484848575,4.8484848484848575,source-day
43,-8,1,2025.06.11_0.3_2,ensemble__original3_mse,ensemble__simple_equal,f1,0.9108910891089109,0.9389067524115756,0.028015663302664695,2.8015663302664695,source-day
43,-8,1,2025.06.11_0.3_2,ensemble__original3_mse,ensemble__simple_equal,fpr,0.0,0.0,0.0,0.0,source-day
43,-8,1,2025.06.11_0.3_2,ensemble__original3_mse,ensemble__simple_equal,fp,0,0,0.0,nan,source-day
43,-8,1,2025.06.11_0.3_2,ensemble__original3_mse,ensemble__simple_equal,fn,27,19,-8.0,nan,source-day
43,-8,1,2025.06.11_0.3_2,ensemble__original3_mse,ensemble__simple_equal,q100,368978.105,368978.105,0.0,nan,source-day
43,-8,1,2025.06.11_0.3_2,ensemble__original3_mse,ensemble__simple_equal,g100,147472.9948,147472.9948,0.0,nan,source-day
43,-8,1,2025.06.18_0.3_3,ensemble__original3_mse,ensemble__simple_equal,r2,0.9179430786399877,0.9227245490908721,0.004781470450884395,nan,source-day
43,-8,1,2025.06.18_0.3_3,ensemble__original3_mse,ensemble__simple_equal,rmse_all,78004.88685402696,75698.09943414885,-2306.7874198781064,nan,source-day
43,-8,1,2025.06.18_0.3_3,ensemble__original3_mse,ensemble__simple_equal,mae_all,63170.01716425776,58310.953150760084,-4859.064013497678,nan,source-day
43,-8,1,2025.06.18_0.3_3,ensemble__original3_mse,ensemble__simple_equal,rmse_high,77522.4355458823,59770.02667365406,-17752.40887222824,nan,source-day
43,-8,1,2025.06.18_0.3_3,ensemble__original3_mse,ensemble__simple_equal,rmse_onb,128019.43196093701,104078.63434151855,-23940.79761941846,nan,source-day
43,-8,1,2025.06.18_0.3_3,ensemble__original3_mse,ensemble__simple_equal,roc_auc_cont,0.9668333333333333,0.9805,0.013666666666666716,nan,source-day
43,-8,1,2025.06.18_0.3_3,ensemble__original3_mse,ensemble__simple_equal,pr_auc_cont,0.979564040203407,0.9867789060327798,0.007214865829372807,nan,source-day
43,-8,1,2025.06.18_0.3_3,ensemble__original3_mse,ensemble__simple_equal,accuracy,0.8851851851851852,0.9037037037037037,0.01851851851851849,1.851851851851849,source-day
43,-8,1,2025.06.18_0.3_3,ensemble__original3_mse,ensemble__simple_equal,precision,1.0,1.0,0.0,0.0,source-day
43,-8,1,2025.06.18_0.3_3,ensemble__original3_mse,ensemble__simple_equal,recall,0.7933333333333333,0.8266666666666667,0.033333333333333326,3.3333333333333326,source-day
43,-8,1,2025.06.18_0.3_3,ensemble__original3_mse,ensemble__simple_equal,f1,0.8847583643122676,0.9051094890510949,0.020351124738827275,2.0351124738827275,source-day
43,-8,1,2025.06.18_0.3_3,ensemble__original3_mse,ensemble__simple_equal,fpr,0.0,0.0,0.0,0.0,source-day
43,-8,1,2025.06.18_0.3_3,ensemble__original3_mse,ensemble__simple_equal,fp,0,0,0.0,nan,source-day
43,-8,1,2025.06.18_0.3_3,ensemble__original3_mse,ensemble__simple_equal,fn,31,26,-5.0,nan,source-day
43,-8,1,2025.06.18_0.3_3,ensemble__original3_mse,ensemble__simple_equal,q100,434018.0833,376320.1201,-57697.9632,nan,source-day
43,-8,1,2025.06.18_0.3_3,ensemble__original3_mse,ensemble__simple_equal,g100,162340.4017,104642.43849999999,-57697.9632,nan,source-day
43,-12,1,pooled_source_day_thresholds,ensemble__original3_mse,ensemble__original3_hgb_extra_trees,r2,0.9222477545035838,0.9342796058822644,0.01203185137868068,nan,source-day
43,-12,1,pooled_source_day_thresholds,ensemble__original3_mse,ensemble__original3_hgb_extra_trees,rmse_all,75343.55284024072,69269.12552472916,-6074.427315511566,nan,source-day
43,-12,1,pooled_source_day_thresholds,ensemble__original3_mse,ensemble__original3_hgb_extra_trees,mae_all,60382.0418240423,50417.41609742077,-9964.625726621533,nan,source-day
43,-12,1,pooled_source_day_thresholds,ensemble__original3_mse,ensemble__original3_hgb_extra_trees,rmse_high,74390.45239794264,52052.14718914148,-22338.30520880117,nan,source-day
43,-12,1,pooled_source_day_thresholds,ensemble__original3_mse,ensemble__original3_hgb_extra_trees,rmse_onb,130040.18438813405,104085.45835713428,-25954.726030999765,nan,source-day
43,-12,1,pooled_source_day_thresholds,ensemble__original3_mse,ensemble__original3_hgb_extra_trees,roc_auc_cont,0.9577142857142857,0.96468430335097,0.006970017636684256,nan,source-day
43,-12,1,pooled_source_day_thresholds,ensemble__original3_mse,ensemble__original3_hgb_extra_trees,pr_auc_cont,0.976982041445937,0.9803579553353357,0.0033759138893986185,nan,source-day
43,-12,1,pooled_source_day_thresholds,ensemble__original3_mse,ensemble__original3_hgb_extra_trees,accuracy,0.8833333333333333,0.912962962962963,0.029629629629629672,2.9629629629629672,source-day
43,-12,1,pooled_source_day_thresholds,ensemble__original3_mse,ensemble__original3_hgb_extra_trees,precision,1.0,1.0,0.0,0.0,source-day
43,-12,1,pooled_source_day_thresholds,ensemble__original3_mse,ensemble__original3_hgb_extra_trees,recall,0.8,0.8507936507936508,0.050793650793650724,5.079365079365072,source-day
43,-12,1,pooled_source_day_thresholds,ensemble__original3_mse,ensemble__original3_hgb_extra_trees,f1,0.8888888888888888,0.9193825042881647,0.030493615399275864,3.0493615399275864,source-day
43,-12,1,pooled_source_day_thresholds,ensemble__original3_mse,ensemble__original3_hgb_extra_trees,fpr,0.0,0.0,0.0,0.0,source-day
43,-12,1,pooled_source_day_thresholds,ensemble__original3_mse,ensemble__original3_hgb_extra_trees,fp,0,0,0.0,nan,source-day
43,-12,1,pooled_source_day_thresholds,ensemble__original3_mse,ensemble__original3_hgb_extra_trees,fn,63,47,-16.0,nan,source-day
43,-12,1,pooled_source_day_thresholds,ensemble__original3_mse,ensemble__original3_hgb_extra_trees,q100,nan,nan,nan,nan,source-day
43,-12,1,pooled_source_day_thresholds,ensemble__original3_mse,ensemble__original3_hgb_extra_trees,g100,nan,nan,nan,nan,source-day
43,-12,1,2025.06.11_0.3_2,ensemble__original3_mse,ensemble__original3_hgb_extra_trees,r2,0.9384110329526647,0.9454265412891635,0.007015508336498777,nan,source-day
43,-12,1,2025.06.11_0.3_2,ensemble__original3_mse,ensemble__original3_hgb_extra_trees,rmse_all,66522.24714653875,62619.00907733116,-3903.2380692075894,nan,source-day
43,-12,1,2025.06.11_0.3_2,ensemble__original3_mse,ensemble__original3_hgb_extra_trees,mae_all,53700.215644153795,44697.17700212137,-9003.038642032428,nan,source-day
43,-12,1,2025.06.11_0.3_2,ensemble__original3_mse,ensemble__original3_hgb_extra_trees,rmse_high,63262.2418240499,41847.068632168484,-21415.17319188142,nan,source-day
43,-12,1,2025.06.11_0.3_2,ensemble__original3_mse,ensemble__original3_hgb_extra_trees,rmse_onb,115353.20540579098,91545.57928295681,-23807.626122834175,nan,source-day
43,-12,1,2025.06.11_0.3_2,ensemble__original3_mse,ensemble__original3_hgb_extra_trees,roc_auc_cont,0.9654834054834055,0.9668109668109668,0.0013275613275612885,nan,source-day
43,-12,1,2025.06.11_0.3_2,ensemble__original3_mse,ensemble__original3_hgb_extra_trees,pr_auc_cont,0.9822491137473855,0.9827143607552236,0.00046524700783801,nan,source-day
43,-12,1,2025.06.11_0.3_2,ensemble__original3_mse,ensemble__original3_hgb_extra_trees,accuracy,0.8888888888888888,0.9259259259259259,0.03703703703703709,3.703703703703709,source-day
43,-12,1,2025.06.11_0.3_2,ensemble__original3_mse,ensemble__original3_hgb_extra_trees,precision,1.0,1.0,0.0,0.0,source-day
43,-12,1,2025.06.11_0.3_2,ensemble__original3_mse,ensemble__original3_hgb_extra_trees,recall,0.8181818181818182,0.8787878787878788,0.06060606060606055,6.060606060606055,source-day
43,-12,1,2025.06.11_0.3_2,ensemble__original3_mse,ensemble__original3_hgb_extra_trees,f1,0.9,0.9354838709677419,0.03548387096774186,3.548387096774186,source-day
43,-12,1,2025.06.11_0.3_2,ensemble__original3_mse,ensemble__original3_hgb_extra_trees,fpr,0.0,0.0,0.0,0.0,source-day
43,-12,1,2025.06.11_0.3_2,ensemble__original3_mse,ensemble__original3_hgb_extra_trees,fp,0,0,0.0,nan,source-day
43,-12,1,2025.06.11_0.3_2,ensemble__original3_mse,ensemble__original3_hgb_extra_trees,fn,30,20,-10.0,nan,source-day
43,-12,1,2025.06.11_0.3_2,ensemble__original3_mse,ensemble__original3_hgb_extra_trees,q100,368978.105,368978.105,0.0,nan,source-day
43,-12,1,2025.06.11_0.3_2,ensemble__original3_mse,ensemble__original3_hgb_extra_trees,g100,147472.9948,147472.9948,0.0,nan,source-day
43,-12,1,2025.06.18_0.3_3,ensemble__original3_mse,ensemble__original3_hgb_extra_trees,r2,0.9065702306551576,0.9234651677389678,0.01689493708381018,nan,source-day
43,-12,1,2025.06.18_0.3_3,ensemble__original3_mse,ensemble__original3_hgb_extra_trees,rmse_all,83235.16410601417,75334.47553474097,-7900.688571273204,nan,source-day
43,-12,1,2025.06.18_0.3_3,ensemble__original3_mse,ensemble__original3_hgb_extra_trees,mae_all,67063.8680039308,56137.65519272017,-10926.212811210622,nan,source-day
43,-12,1,2025.06.18_0.3_3,ensemble__original3_mse,ensemble__original3_hgb_extra_trees,rmse_high,84964.40661873168,61347.36985628756,-23617.03676244412,nan,source-day
43,-12,1,2025.06.18_0.3_3,ensemble__original3_mse,ensemble__original3_hgb_extra_trees,rmse_onb,143228.9674402814,115269.12941710516,-27959.838023176257,nan,source-day
43,-12,1,2025.06.18_0.3_3,ensemble__original3_mse,ensemble__original3_hgb_extra_trees,roc_auc_cont,0.9527222222222224,0.9738888888888889,0.021166666666666556,nan,source-day
43,-12,1,2025.06.18_0.3_3,ensemble__original3_mse,ensemble__original3_hgb_extra_trees,pr_auc_cont,0.972901110378209,0.9831976202008575,0.010296509822648514,nan,source-day
43,-12,1,2025.06.18_0.3_3,ensemble__original3_mse,ensemble__original3_hgb_extra_trees,accuracy,0.8777777777777778,0.9,0.022222222222222254,2.2222222222222254,source-day
43,-12,1,2025.06.18_0.3_3,ensemble__original3_mse,ensemble__original3_hgb_extra_trees,precision,1.0,1.0,0.0,0.0,source-day
43,-12,1,2025.06.18_0.3_3,ensemble__original3_mse,ensemble__original3_hgb_extra_trees,recall,0.78,0.82,0.039999999999999925,3.9999999999999925,source-day
43,-12,1,2025.06.18_0.3_3,ensemble__original3_mse,ensemble__original3_hgb_extra_trees,f1,0.8764044943820225,0.9010989010989011,0.024694406716878614,2.4694406716878614,source-day
43,-12,1,2025.06.18_0.3_3,ensemble__original3_mse,ensemble__original3_hgb_extra_trees,fpr,0.0,0.0,0.0,0.0,source-day
43,-12,1,2025.06.18_0.3_3,ensemble__original3_mse,ensemble__original3_hgb_extra_trees,fp,0,0,0.0,nan,source-day
43,-12,1,2025.06.18_0.3_3,ensemble__original3_mse,ensemble__original3_hgb_extra_trees,fn,33,27,-6.0,nan,source-day
43,-12,1,2025.06.18_0.3_3,ensemble__original3_mse,ensemble__original3_hgb_extra_trees,q100,434018.0833,376320.1201,-57697.9632,nan,source-day
43,-12,1,2025.06.18_0.3_3,ensemble__original3_mse,ensemble__original3_hgb_extra_trees,g100,162340.4017,104642.43849999999,-57697.9632,nan,source-day
43,-12,1,pooled_source_day_thresholds,ensemble__original3_mse,ensemble__original3_performance,r2,0.9222477545035838,0.924576126479226,0.002328371975642285,nan,source-day
43,-12,1,pooled_source_day_thresholds,ensemble__original3_mse,ensemble__original3_performance,rmse_all,75343.55284024072,74206.85769615149,-1136.6951440892299,nan,source-day
43,-12,1,pooled_source_day_thresholds,ensemble__original3_mse,ensemble__original3_performance,mae_all,60382.0418240423,59157.71813916498,-1224.323684877323,nan,source-day
43,-12,1,pooled_source_day_thresholds,ensemble__original3_mse,ensemble__original3_performance,rmse_high,74390.45239794264,72148.86305838304,-2241.5893395596067,nan,source-day
43,-12,1,pooled_source_day_thresholds,ensemble__original3_mse,ensemble__original3_performance,rmse_onb,130040.18438813405,128607.45543895783,-1432.7289491762203,nan,source-day
43,-12,1,pooled_source_day_thresholds,ensemble__original3_mse,ensemble__original3_performance,roc_auc_cont,0.9577142857142857,0.9582081128747795,0.0004938271604937317,nan,source-day
43,-12,1,pooled_source_day_thresholds,ensemble__original3_mse,ensemble__original3_performance,pr_auc_cont,0.976982041445937,0.9773479802561615,0.0003659388102245087,nan,source-day
43,-12,1,pooled_source_day_thresholds,ensemble__original3_mse,ensemble__original3_performance,accuracy,0.8833333333333333,0.8870370370370371,0.0037037037037037646,0.37037037037037646,source-day
43,-12,1,pooled_source_day_thresholds,ensemble__original3_mse,ensemble__original3_performance,precision,1.0,1.0,0.0,0.0,source-day
43,-12,1,pooled_source_day_thresholds,ensemble__original3_mse,ensemble__original3_performance,recall,0.8,0.8063492063492064,0.006349206349206327,0.6349206349206327,source-day
43,-12,1,pooled_source_day_thresholds,ensemble__original3_mse,ensemble__original3_performance,f1,0.8888888888888888,0.8927943760984183,0.0039054872095294346,0.39054872095294346,source-day
43,-12,1,pooled_source_day_thresholds,ensemble__original3_mse,ensemble__original3_performance,fpr,0.0,0.0,0.0,0.0,source-day
43,-12,1,pooled_source_day_thresholds,ensemble__original3_mse,ensemble__original3_performance,fp,0,0,0.0,nan,source-day
43,-12,1,pooled_source_day_thresholds,ensemble__original3_mse,ensemble__original3_performance,fn,63,61,-2.0,nan,source-day
43,-12,1,pooled_source_day_thresholds,ensemble__original3_mse,ensemble__original3_performance,q100,nan,nan,nan,nan,source-day
43,-12,1,pooled_source_day_thresholds,ensemble__original3_mse,ensemble__original3_performance,g100,nan,nan,nan,nan,source-day
43,-12,1,2025.06.11_0.3_2,ensemble__original3_mse,ensemble__original3_performance,r2,0.9384110329526647,0.9409380554007349,0.0025270224480702375,nan,source-day
43,-12,1,2025.06.11_0.3_2,ensemble__original3_mse,ensemble__original3_performance,rmse_all,66522.24714653875,65143.23507352292,-1379.0120730158305,nan,source-day
43,-12,1,2025.06.11_0.3_2,ensemble__original3_mse,ensemble__original3_performance,mae_all,53700.215644153795,52224.444255580784,-1475.7713885730118,nan,source-day
43,-12,1,2025.06.11_0.3_2,ensemble__original3_mse,ensemble__original3_performance,rmse_high,63262.2418240499,60350.74360277457,-2911.498221275331,nan,source-day
43,-12,1,2025.06.11_0.3_2,ensemble__original3_mse,ensemble__original3_performance,rmse_onb,115353.20540579098,114341.19591879241,-1012.0094869985769,nan,source-day
43,-12,1,2025.06.11_0.3_2,ensemble__original3_mse,ensemble__original3_performance,roc_auc_cont,0.9654834054834055,0.9643867243867243,-0.0010966810966811513,nan,source-day
43,-12,1,2025.06.11_0.3_2,ensemble__original3_mse,ensemble__original3_performance,pr_auc_cont,0.9822491137473855,0.9818013084077297,-0.0004478053396558268,nan,source-day
43,-12,1,2025.06.11_0.3_2,ensemble__original3_mse,ensemble__original3_performance,accuracy,0.8888888888888888,0.8962962962962963,0.007407407407407418,0.7407407407407418,source-day
43,-12,1,2025.06.11_0.3_2,ensemble__original3_mse,ensemble__original3_performance,precision,1.0,1.0,0.0,0.0,source-day
43,-12,1,2025.06.11_0.3_2,ensemble__original3_mse,ensemble__original3_performance,recall,0.8181818181818182,0.8303030303030303,0.012121212121212088,1.2121212121212088,source-day
43,-12,1,2025.06.11_0.3_2,ensemble__original3_mse,ensemble__original3_performance,f1,0.9,0.9072847682119205,0.007284768211920478,0.7284768211920478,source-day
43,-12,1,2025.06.11_0.3_2,ensemble__original3_mse,ensemble__original3_performance,fpr,0.0,0.0,0.0,0.0,source-day
43,-12,1,2025.06.11_0.3_2,ensemble__original3_mse,ensemble__original3_performance,fp,0,0,0.0,nan,source-day
43,-12,1,2025.06.11_0.3_2,ensemble__original3_mse,ensemble__original3_performance,fn,30,28,-2.0,nan,source-day
43,-12,1,2025.06.11_0.3_2,ensemble__original3_mse,ensemble__original3_performance,q100,368978.105,368978.105,0.0,nan,source-day
43,-12,1,2025.06.11_0.3_2,ensemble__original3_mse,ensemble__original3_performance,g100,147472.9948,147472.9948,0.0,nan,source-day
43,-12,1,2025.06.18_0.3_3,ensemble__original3_mse,ensemble__original3_performance,r2,0.9065702306551576,0.9087066011177647,0.0021363704626070623,nan,source-day
43,-12,1,2025.06.18_0.3_3,ensemble__original3_mse,ensemble__original3_performance,rmse_all,83235.16410601417,82278.0309829391,-957.1331230750657,nan,source-day
43,-12,1,2025.06.18_0.3_3,ensemble__original3_mse,ensemble__original3_performance,mae_all,67063.8680039308,66090.99202274917,-972.8759811816271,nan,source-day
43,-12,1,2025.06.18_0.3_3,ensemble__original3_mse,ensemble__original3_performance,rmse_high,84964.40661873168,83216.76061075513,-1747.646007976553,nan,source-day
43,-12,1,2025.06.18_0.3_3,ensemble__original3_mse,ensemble__original3_performance,rmse_onb,143228.9674402814,141442.02382894332,-1786.9436113380943,nan,source-day
43,-12,1,2025.06.18_0.3_3,ensemble__original3_mse,ensemble__original3_performance,roc_auc_cont,0.9527222222222224,0.953888888888889,0.0011666666666666492,nan,source-day
43,-12,1,2025.06.18_0.3_3,ensemble__original3_mse,ensemble__original3_performance,pr_auc_cont,0.972901110378209,0.973669931622112,0.000768821243902984,nan,source-day
43,-12,1,2025.06.18_0.3_3,ensemble__original3_mse,ensemble__original3_performance,accuracy,0.8777777777777778,0.8777777777777778,0.0,0.0,source-day
43,-12,1,2025.06.18_0.3_3,ensemble__original3_mse,ensemble__original3_performance,precision,1.0,1.0,0.0,0.0,source-day
43,-12,1,2025.06.18_0.3_3,ensemble__original3_mse,ensemble__original3_performance,recall,0.78,0.78,0.0,0.0,source-day
43,-12,1,2025.06.18_0.3_3,ensemble__original3_mse,ensemble__original3_performance,f1,0.8764044943820225,0.8764044943820225,0.0,0.0,source-day
43,-12,1,2025.06.18_0.3_3,ensemble__original3_mse,ensemble__original3_performance,fpr,0.0,0.0,0.0,0.0,source-day
43,-12,1,2025.06.18_0.3_3,ensemble__original3_mse,ensemble__original3_performance,fp,0,0,0.0,nan,source-day
43,-12,1,2025.06.18_0.3_3,ensemble__original3_mse,ensemble__original3_performance,fn,33,33,0.0,nan,source-day
43,-12,1,2025.06.18_0.3_3,ensemble__original3_mse,ensemble__original3_performance,q100,434018.0833,434018.0833,0.0,nan,source-day
43,-12,1,2025.06.18_0.3_3,ensemble__original3_mse,ensemble__original3_performance,g100,162340.4017,162340.4017,0.0,nan,source-day
43,-12,1,pooled_source_day_thresholds,ensemble__original3_mse,ensemble__original3_hgb,r2,0.9222477545035838,0.9062497994295826,-0.015997955074001147,nan,source-day
43,-12,1,pooled_source_day_thresholds,ensemble__original3_mse,ensemble__original3_hgb,rmse_all,75343.55284024072,82732.42002797798,7388.867187737254,nan,source-day
43,-12,1,pooled_source_day_thresholds,ensemble__original3_mse,ensemble__original3_hgb,mae_all,60382.0418240423,58933.903652351204,-1448.1381716910983,nan,source-day
43,-12,1,pooled_source_day_thresholds,ensemble__original3_mse,ensemble__original3_hgb,rmse_high,74390.45239794264,42783.62652610379,-31606.825871838853,nan,source-day
43,-12,1,pooled_source_day_thresholds,ensemble__original3_mse,ensemble__original3_hgb,rmse_onb,130040.18438813405,65362.340703553484,-64677.84368458056,nan,source-day
43,-12,1,pooled_source_day_thresholds,ensemble__original3_mse,ensemble__original3_hgb,roc_auc_cont,0.9577142857142857,0.9600705467372134,0.0023562610229276304,nan,source-day
43,-12,1,pooled_source_day_thresholds,ensemble__original3_mse,ensemble__original3_hgb,pr_auc_cont,0.976982041445937,0.9783670287697096,0.0013849873237725685,nan,source-day
43,-12,1,pooled_source_day_thresholds,ensemble__original3_mse,ensemble__original3_hgb,accuracy,0.8833333333333333,0.9074074074074074,0.024074074074074137,2.4074074074074137,source-day
43,-12,1,pooled_source_day_thresholds,ensemble__original3_mse,ensemble__original3_hgb,precision,1.0,1.0,0.0,0.0,source-day
43,-12,1,pooled_source_day_thresholds,ensemble__original3_mse,ensemble__original3_hgb,recall,0.8,0.8412698412698413,0.041269841269841234,4.126984126984123,source-day
43,-12,1,pooled_source_day_thresholds,ensemble__original3_mse,ensemble__original3_hgb,f1,0.8888888888888888,0.9137931034482759,0.024904214559387072,2.4904214559387072,source-day
43,-12,1,pooled_source_day_thresholds,ensemble__original3_mse,ensemble__original3_hgb,fpr,0.0,0.0,0.0,0.0,source-day
43,-12,1,pooled_source_day_thresholds,ensemble__original3_mse,ensemble__original3_hgb,fp,0,0,0.0,nan,source-day
43,-12,1,pooled_source_day_thresholds,ensemble__original3_mse,ensemble__original3_hgb,fn,63,50,-13.0,nan,source-day
43,-12,1,pooled_source_day_thresholds,ensemble__original3_mse,ensemble__original3_hgb,q100,nan,nan,nan,nan,source-day
43,-12,1,pooled_source_day_thresholds,ensemble__original3_mse,ensemble__original3_hgb,g100,nan,nan,nan,nan,source-day
43,-12,1,2025.06.11_0.3_2,ensemble__original3_mse,ensemble__original3_hgb,r2,0.9384110329526647,0.9145305657304829,-0.023880467222181845,nan,source-day
43,-12,1,2025.06.11_0.3_2,ensemble__original3_mse,ensemble__original3_hgb,rmse_all,66522.24714653875,78364.77048140675,11842.523334868005,nan,source-day
43,-12,1,2025.06.11_0.3_2,ensemble__original3_mse,ensemble__original3_hgb,mae_all,53700.215644153795,54217.316532032426,517.1008878786306,nan,source-day
43,-12,1,2025.06.11_0.3_2,ensemble__original3_mse,ensemble__original3_hgb,rmse_high,63262.2418240499,33137.18053083409,-30125.06129321581,nan,source-day
43,-12,1,2025.06.11_0.3_2,ensemble__original3_mse,ensemble__original3_hgb,rmse_onb,115353.20540579098,47653.66035569231,-67699.54505009868,nan,source-day
43,-12,1,2025.06.11_0.3_2,ensemble__original3_mse,ensemble__original3_hgb,roc_auc_cont,0.9654834054834055,0.9638095238095238,-0.0016738816738817164,nan,source-day
43,-12,1,2025.06.11_0.3_2,ensemble__original3_mse,ensemble__original3_hgb,pr_auc_cont,0.9822491137473855,0.9816533590947224,-0.0005957546526631496,nan,source-day
43,-12,1,2025.06.11_0.3_2,ensemble__original3_mse,ensemble__original3_hgb,accuracy,0.8888888888888888,0.9185185185185185,0.029629629629629672,2.9629629629629672,source-day
43,-12,1,2025.06.11_0.3_2,ensemble__original3_mse,ensemble__original3_hgb,precision,1.0,1.0,0.0,0.0,source-day
43,-12,1,2025.06.11_0.3_2,ensemble__original3_mse,ensemble__original3_hgb,recall,0.8181818181818182,0.8666666666666667,0.048484848484848464,4.848484848484846,source-day
43,-12,1,2025.06.11_0.3_2,ensemble__original3_mse,ensemble__original3_hgb,f1,0.9,0.9285714285714286,0.02857142857142858,2.857142857142858,source-day
43,-12,1,2025.06.11_0.3_2,ensemble__original3_mse,ensemble__original3_hgb,fpr,0.0,0.0,0.0,0.0,source-day
43,-12,1,2025.06.11_0.3_2,ensemble__original3_mse,ensemble__original3_hgb,fp,0,0,0.0,nan,source-day
43,-12,1,2025.06.11_0.3_2,ensemble__original3_mse,ensemble__original3_hgb,fn,30,22,-8.0,nan,source-day
43,-12,1,2025.06.11_0.3_2,ensemble__original3_mse,ensemble__original3_hgb,q100,368978.105,368978.105,0.0,nan,source-day
43,-12,1,2025.06.11_0.3_2,ensemble__original3_mse,ensemble__original3_hgb,g100,147472.9948,147472.9948,0.0,nan,source-day
43,-12,1,2025.06.18_0.3_3,ensemble__original3_mse,ensemble__original3_hgb,r2,0.9065702306551576,0.8982067482424736,-0.008363482412684031,nan,source-day
43,-12,1,2025.06.18_0.3_3,ensemble__original3_mse,ensemble__original3_hgb,rmse_all,83235.16410601417,86880.77690011747,3645.6127941033046,nan,source-day
43,-12,1,2025.06.18_0.3_3,ensemble__original3_mse,ensemble__original3_hgb,mae_all,67063.8680039308,63650.49077266998,-3413.3772312608126,nan,source-day
43,-12,1,2025.06.18_0.3_3,ensemble__original3_mse,ensemble__original3_hgb,rmse_high,84964.40661873168,51342.3924300025,-33622.014188729176,nan,source-day
43,-12,1,2025.06.18_0.3_3,ensemble__original3_mse,ensemble__original3_hgb,rmse_onb,143228.9674402814,79206.05923285874,-64022.908207422675,nan,source-day
43,-12,1,2025.06.18_0.3_3,ensemble__original3_mse,ensemble__original3_hgb,roc_auc_cont,0.9527222222222224,0.9686666666666667,0.015944444444444317,nan,source-day
43,-12,1,2025.06.18_0.3_3,ensemble__original3_mse,ensemble__original3_hgb,pr_auc_cont,0.972901110378209,0.9812209017513508,0.00831979137314176,nan,source-day
43,-12,1,2025.06.18_0.3_3,ensemble__original3_mse,ensemble__original3_hgb,accuracy,0.8777777777777778,0.8962962962962963,0.01851851851851849,1.851851851851849,source-day
43,-12,1,2025.06.18_0.3_3,ensemble__original3_mse,ensemble__original3_hgb,precision,1.0,1.0,0.0,0.0,source-day
43,-12,1,2025.06.18_0.3_3,ensemble__original3_mse,ensemble__original3_hgb,recall,0.78,0.8133333333333334,0.033333333333333326,3.3333333333333326,source-day
43,-12,1,2025.06.18_0.3_3,ensemble__original3_mse,ensemble__original3_hgb,f1,0.8764044943820225,0.8970588235294118,0.020654329147389294,2.0654329147389294,source-day
43,-12,1,2025.06.18_0.3_3,ensemble__original3_mse,ensemble__original3_hgb,fpr,0.0,0.0,0.0,0.0,source-day
43,-12,1,2025.06.18_0.3_3,ensemble__original3_mse,ensemble__original3_hgb,fp,0,0,0.0,nan,source-day
43,-12,1,2025.06.18_0.3_3,ensemble__original3_mse,ensemble__original3_hgb,fn,33,28,-5.0,nan,source-day
43,-12,1,2025.06.18_0.3_3,ensemble__original3_mse,ensemble__original3_hgb,q100,434018.0833,376320.1201,-57697.9632,nan,source-day
43,-12,1,2025.06.18_0.3_3,ensemble__original3_mse,ensemble__original3_hgb,g100,162340.4017,104642.43849999999,-57697.9632,nan,source-day
43,-12,1,pooled_source_day_thresholds,ensemble__original3_mse,ensemble__original3_extra_trees,r2,0.9222477545035838,0.9353968508337682,0.013149096330184462,nan,source-day
43,-12,1,pooled_source_day_thresholds,ensemble__original3_mse,ensemble__original3_extra_trees,rmse_all,75343.55284024072,68677.81504133095,-6665.737798909773,nan,source-day
43,-12,1,pooled_source_day_thresholds,ensemble__original3_mse,ensemble__original3_extra_trees,mae_all,60382.0418240423,50081.05131351132,-10300.99051053098,nan,source-day
43,-12,1,pooled_source_day_thresholds,ensemble__original3_mse,ensemble__original3_extra_trees,rmse_high,74390.45239794264,53303.611867849475,-21086.84053009317,nan,source-day
43,-12,1,pooled_source_day_thresholds,ensemble__original3_mse,ensemble__original3_extra_trees,rmse_onb,130040.18438813405,107922.21429392896,-22117.970094205084,nan,source-day
43,-12,1,pooled_source_day_thresholds,ensemble__original3_mse,ensemble__original3_extra_trees,roc_auc_cont,0.9577142857142857,0.964599647266314,0.006885361552028235,nan,source-day
43,-12,1,pooled_source_day_thresholds,ensemble__original3_mse,ensemble__original3_extra_trees,pr_auc_cont,0.976982041445937,0.9802842690703557,0.0033022276244186743,nan,source-day
43,-12,1,pooled_source_day_thresholds,ensemble__original3_mse,ensemble__original3_extra_trees,accuracy,0.8833333333333333,0.912962962962963,0.029629629629629672,2.9629629629629672,source-day
43,-12,1,pooled_source_day_thresholds,ensemble__original3_mse,ensemble__original3_extra_trees,precision,1.0,1.0,0.0,0.0,source-day
43,-12,1,pooled_source_day_thresholds,ensemble__original3_mse,ensemble__original3_extra_trees,recall,0.8,0.8507936507936508,0.050793650793650724,5.079365079365072,source-day
43,-12,1,pooled_source_day_thresholds,ensemble__original3_mse,ensemble__original3_extra_trees,f1,0.8888888888888888,0.9193825042881647,0.030493615399275864,3.0493615399275864,source-day
43,-12,1,pooled_source_day_thresholds,ensemble__original3_mse,ensemble__original3_extra_trees,fpr,0.0,0.0,0.0,0.0,source-day
43,-12,1,pooled_source_day_thresholds,ensemble__original3_mse,ensemble__original3_extra_trees,fp,0,0,0.0,nan,source-day
43,-12,1,pooled_source_day_thresholds,ensemble__original3_mse,ensemble__original3_extra_trees,fn,63,47,-16.0,nan,source-day
43,-12,1,pooled_source_day_thresholds,ensemble__original3_mse,ensemble__original3_extra_trees,q100,nan,nan,nan,nan,source-day
43,-12,1,pooled_source_day_thresholds,ensemble__original3_mse,ensemble__original3_extra_trees,g100,nan,nan,nan,nan,source-day
43,-12,1,2025.06.11_0.3_2,ensemble__original3_mse,ensemble__original3_extra_trees,r2,0.9384110329526647,0.9469089169839129,0.008497884031248182,nan,source-day
43,-12,1,2025.06.11_0.3_2,ensemble__original3_mse,ensemble__original3_extra_trees,rmse_all,66522.24714653875,61762.695790160236,-4759.551356378513,nan,source-day
43,-12,1,2025.06.11_0.3_2,ensemble__original3_mse,ensemble__original3_extra_trees,mae_all,53700.215644153795,44261.072355997574,-9439.143288156221,nan,source-day
43,-12,1,2025.06.11_0.3_2,ensemble__original3_mse,ensemble__original3_extra_trees,rmse_high,63262.2418240499,43066.43281384544,-20195.809010204466,nan,source-day
43,-12,1,2025.06.11_0.3_2,ensemble__original3_mse,ensemble__original3_extra_trees,rmse_onb,115353.20540579098,95735.2914362789,-19617.913969512083,nan,source-day
43,-12,1,2025.06.11_0.3_2,ensemble__original3_mse,ensemble__original3_extra_trees,roc_auc_cont,0.9654834054834055,0.9670418470418469,0.0015584415584414257,nan,source-day
43,-12,1,2025.06.11_0.3_2,ensemble__original3_mse,ensemble__original3_extra_trees,pr_auc_cont,0.9822491137473855,0.9828298891247729,0.0005807753773873214,nan,source-day
43,-12,1,2025.06.11_0.3_2,ensemble__original3_mse,ensemble__original3_extra_trees,accuracy,0.8888888888888888,0.9259259259259259,0.03703703703703709,3.703703703703709,source-day
43,-12,1,2025.06.11_0.3_2,ensemble__original3_mse,ensemble__original3_extra_trees,precision,1.0,1.0,0.0,0.0,source-day
43,-12,1,2025.06.11_0.3_2,ensemble__original3_mse,ensemble__original3_extra_trees,recall,0.8181818181818182,0.8787878787878788,0.06060606060606055,6.060606060606055,source-day
43,-12,1,2025.06.11_0.3_2,ensemble__original3_mse,ensemble__original3_extra_trees,f1,0.9,0.9354838709677419,0.03548387096774186,3.548387096774186,source-day
43,-12,1,2025.06.11_0.3_2,ensemble__original3_mse,ensemble__original3_extra_trees,fpr,0.0,0.0,0.0,0.0,source-day
43,-12,1,2025.06.11_0.3_2,ensemble__original3_mse,ensemble__original3_extra_trees,fp,0,0,0.0,nan,source-day
43,-12,1,2025.06.11_0.3_2,ensemble__original3_mse,ensemble__original3_extra_trees,fn,30,20,-10.0,nan,source-day
43,-12,1,2025.06.11_0.3_2,ensemble__original3_mse,ensemble__original3_extra_trees,q100,368978.105,368978.105,0.0,nan,source-day
43,-12,1,2025.06.11_0.3_2,ensemble__original3_mse,ensemble__original3_extra_trees,g100,147472.9948,147472.9948,0.0,nan,source-day
43,-12,1,2025.06.18_0.3_3,ensemble__original3_mse,ensemble__original3_extra_trees,r2,0.9065702306551576,0.9242288493121161,0.017658618656958502,nan,source-day
43,-12,1,2025.06.18_0.3_3,ensemble__original3_mse,ensemble__original3_extra_trees,rmse_all,83235.16410601417,74957.68117034205,-8277.482935672117,nan,source-day
43,-12,1,2025.06.18_0.3_3,ensemble__original3_mse,ensemble__original3_extra_trees,mae_all,67063.8680039308,55901.030271025076,-11162.837732905718,nan,source-day
43,-12,1,2025.06.18_0.3_3,ensemble__original3_mse,ensemble__original3_extra_trees,rmse_high,84964.40661873168,62661.69628482867,-22302.710333903007,nan,source-day
43,-12,1,2025.06.18_0.3_3,ensemble__original3_mse,ensemble__original3_extra_trees,rmse_onb,143228.9674402814,118866.15434942023,-24362.81309086118,nan,source-day
43,-12,1,2025.06.18_0.3_3,ensemble__original3_mse,ensemble__original3_extra_trees,roc_auc_cont,0.9527222222222224,0.9730555555555556,0.020333333333333203,nan,source-day
43,-12,1,2025.06.18_0.3_3,ensemble__original3_mse,ensemble__original3_extra_trees,pr_auc_cont,0.972901110378209,0.9827383656060502,0.00983725522784118,nan,source-day
43,-12,1,2025.06.18_0.3_3,ensemble__original3_mse,ensemble__original3_extra_trees,accuracy,0.8777777777777778,0.9,0.022222222222222254,2.2222222222222254,source-day
43,-12,1,2025.06.18_0.3_3,ensemble__original3_mse,ensemble__original3_extra_trees,precision,1.0,1.0,0.0,0.0,source-day
43,-12,1,2025.06.18_0.3_3,ensemble__original3_mse,ensemble__original3_extra_trees,recall,0.78,0.82,0.039999999999999925,3.9999999999999925,source-day
43,-12,1,2025.06.18_0.3_3,ensemble__original3_mse,ensemble__original3_extra_trees,f1,0.8764044943820225,0.9010989010989011,0.024694406716878614,2.4694406716878614,source-day
43,-12,1,2025.06.18_0.3_3,ensemble__original3_mse,ensemble__original3_extra_trees,fpr,0.0,0.0,0.0,0.0,source-day
43,-12,1,2025.06.18_0.3_3,ensemble__original3_mse,ensemble__original3_extra_trees,fp,0,0,0.0,nan,source-day
43,-12,1,2025.06.18_0.3_3,ensemble__original3_mse,ensemble__original3_extra_trees,fn,33,27,-6.0,nan,source-day
43,-12,1,2025.06.18_0.3_3,ensemble__original3_mse,ensemble__original3_extra_trees,q100,434018.0833,376320.1201,-57697.9632,nan,source-day
43,-12,1,2025.06.18_0.3_3,ensemble__original3_mse,ensemble__original3_extra_trees,g100,162340.4017,104642.43849999999,-57697.9632,nan,source-day
43,-12,1,pooled_source_day_thresholds,ensemble__original3_mse,ensemble__simple_equal,r2,0.9222477545035838,0.9299721648673873,0.007724410363803558,nan,source-day
43,-12,1,pooled_source_day_thresholds,ensemble__original3_mse,ensemble__simple_equal,rmse_all,75343.55284024072,71503.11724937547,-3840.4355908652506,nan,source-day
43,-12,1,pooled_source_day_thresholds,ensemble__original3_mse,ensemble__simple_equal,mae_all,60382.0418240423,53596.49187112604,-6785.549952916263,nan,source-day
43,-12,1,pooled_source_day_thresholds,ensemble__original3_mse,ensemble__simple_equal,rmse_high,74390.45239794264,54078.44490829123,-20312.007489651412,nan,source-day
43,-12,1,pooled_source_day_thresholds,ensemble__original3_mse,ensemble__simple_equal,rmse_onb,130040.18438813405,100244.42514319478,-29795.75924493927,nan,source-day
43,-12,1,pooled_source_day_thresholds,ensemble__original3_mse,ensemble__simple_equal,roc_auc_cont,0.9577142857142857,0.9614814814814815,0.0037671957671957523,nan,source-day
43,-12,1,pooled_source_day_thresholds,ensemble__original3_mse,ensemble__simple_equal,pr_auc_cont,0.976982041445937,0.9790272836098209,0.002045242163883909,nan,source-day
43,-12,1,pooled_source_day_thresholds,ensemble__original3_mse,ensemble__simple_equal,accuracy,0.8833333333333333,0.9148148148148149,0.031481481481481555,3.1481481481481555,source-day
43,-12,1,pooled_source_day_thresholds,ensemble__original3_mse,ensemble__simple_equal,precision,1.0,1.0,0.0,0.0,source-day
43,-12,1,pooled_source_day_thresholds,ensemble__original3_mse,ensemble__simple_equal,recall,0.8,0.8539682539682539,0.05396825396825389,5.396825396825388,source-day
43,-12,1,pooled_source_day_thresholds,ensemble__original3_mse,ensemble__simple_equal,f1,0.8888888888888888,0.9212328767123288,0.032343987823439946,3.2343987823439946,source-day
43,-12,1,pooled_source_day_thresholds,ensemble__original3_mse,ensemble__simple_equal,fpr,0.0,0.0,0.0,0.0,source-day
43,-12,1,pooled_source_day_thresholds,ensemble__original3_mse,ensemble__simple_equal,fp,0,0,0.0,nan,source-day
43,-12,1,pooled_source_day_thresholds,ensemble__original3_mse,ensemble__simple_equal,fn,63,46,-17.0,nan,source-day
43,-12,1,pooled_source_day_thresholds,ensemble__original3_mse,ensemble__simple_equal,q100,nan,nan,nan,nan,source-day
43,-12,1,pooled_source_day_thresholds,ensemble__original3_mse,ensemble__simple_equal,g100,nan,nan,nan,nan,source-day
43,-12,1,2025.06.11_0.3_2,ensemble__original3_mse,ensemble__simple_equal,r2,0.9384110329526647,0.9416402027061019,0.0032291697534372332,nan,source-day
43,-12,1,2025.06.11_0.3_2,ensemble__original3_mse,ensemble__simple_equal,rmse_all,66522.24714653875,64754.85551048662,-1767.3916360521325,nan,source-day
43,-12,1,2025.06.11_0.3_2,ensemble__original3_mse,ensemble__simple_equal,mae_all,53700.215644153795,47545.052045048986,-6155.16359910481,nan,source-day
43,-12,1,2025.06.11_0.3_2,ensemble__original3_mse,ensemble__simple_equal,rmse_high,63262.2418240499,42524.74206095192,-20737.499763097985,nan,source-day
43,-12,1,2025.06.11_0.3_2,ensemble__original3_mse,ensemble__simple_equal,rmse_onb,115353.20540579098,86099.89499619963,-29253.31040959136,nan,source-day
43,-12,1,2025.06.11_0.3_2,ensemble__original3_mse,ensemble__simple_equal,roc_auc_cont,0.9654834054834055,0.9643290043290044,-0.0011544011544011301,nan,source-day
43,-12,1,2025.06.11_0.3_2,ensemble__original3_mse,ensemble__simple_equal,pr_auc_cont,0.9822491137473855,0.9819679645156594,-0.00028114923172617434,nan,source-day
43,-12,1,2025.06.11_0.3_2,ensemble__original3_mse,ensemble__simple_equal,accuracy,0.8888888888888888,0.9296296296296296,0.040740740740740744,4.074074074074074,source-day
43,-12,1,2025.06.11_0.3_2,ensemble__original3_mse,ensemble__simple_equal,precision,1.0,1.0,0.0,0.0,source-day
43,-12,1,2025.06.11_0.3_2,ensemble__original3_mse,ensemble__simple_equal,recall,0.8181818181818182,0.8848484848484849,0.06666666666666665,6.666666666666665,source-day
43,-12,1,2025.06.11_0.3_2,ensemble__original3_mse,ensemble__simple_equal,f1,0.9,0.9389067524115756,0.038906752411575596,3.8906752411575596,source-day
43,-12,1,2025.06.11_0.3_2,ensemble__original3_mse,ensemble__simple_equal,fpr,0.0,0.0,0.0,0.0,source-day
43,-12,1,2025.06.11_0.3_2,ensemble__original3_mse,ensemble__simple_equal,fp,0,0,0.0,nan,source-day
43,-12,1,2025.06.11_0.3_2,ensemble__original3_mse,ensemble__simple_equal,fn,30,19,-11.0,nan,source-day
43,-12,1,2025.06.11_0.3_2,ensemble__original3_mse,ensemble__simple_equal,q100,368978.105,368978.105,0.0,nan,source-day
43,-12,1,2025.06.11_0.3_2,ensemble__original3_mse,ensemble__simple_equal,g100,147472.9948,147472.9948,0.0,nan,source-day
43,-12,1,2025.06.18_0.3_3,ensemble__original3_mse,ensemble__simple_equal,r2,0.9065702306551576,0.9186519126932647,0.012081682038107111,nan,source-day
43,-12,1,2025.06.18_0.3_3,ensemble__original3_mse,ensemble__simple_equal,rmse_all,83235.16410601417,77667.24045935887,-5567.9236466552975,nan,source-day
43,-12,1,2025.06.18_0.3_3,ensemble__original3_mse,ensemble__simple_equal,mae_all,67063.8680039308,59647.9316972031,-7415.936306727694,nan,source-day
43,-12,1,2025.06.18_0.3_3,ensemble__original3_mse,ensemble__simple_equal,rmse_high,84964.40661873168,64437.684406584216,-20526.722212147462,nan,source-day
43,-12,1,2025.06.18_0.3_3,ensemble__original3_mse,ensemble__simple_equal,rmse_onb,143228.9674402814,112626.36292725855,-30602.60451302286,nan,source-day
43,-12,1,2025.06.18_0.3_3,ensemble__original3_mse,ensemble__simple_equal,roc_auc_cont,0.9527222222222224,0.9662222222222222,0.013499999999999845,nan,source-day
43,-12,1,2025.06.18_0.3_3,ensemble__original3_mse,ensemble__simple_equal,pr_auc_cont,0.972901110378209,0.9796993241646744,0.00679821378646539,nan,source-day
43,-12,1,2025.06.18_0.3_3,ensemble__original3_mse,ensemble__simple_equal,accuracy,0.8777777777777778,0.9,0.022222222222222254,2.2222222222222254,source-day
43,-12,1,2025.06.18_0.3_3,ensemble__original3_mse,ensemble__simple_equal,precision,1.0,1.0,0.0,0.0,source-day
43,-12,1,2025.06.18_0.3_3,ensemble__original3_mse,ensemble__simple_equal,recall,0.78,0.82,0.039999999999999925,3.9999999999999925,source-day
43,-12,1,2025.06.18_0.3_3,ensemble__original3_mse,ensemble__simple_equal,f1,0.8764044943820225,0.9010989010989011,0.024694406716878614,2.4694406716878614,source-day
43,-12,1,2025.06.18_0.3_3,ensemble__original3_mse,ensemble__simple_equal,fpr,0.0,0.0,0.0,0.0,source-day
43,-12,1,2025.06.18_0.3_3,ensemble__original3_mse,ensemble__simple_equal,fp,0,0,0.0,nan,source-day
43,-12,1,2025.06.18_0.3_3,ensemble__original3_mse,ensemble__simple_equal,fn,33,27,-6.0,nan,source-day
43,-12,1,2025.06.18_0.3_3,ensemble__original3_mse,ensemble__simple_equal,q100,434018.0833,376320.1201,-57697.9632,nan,source-day
43,-12,1,2025.06.18_0.3_3,ensemble__original3_mse,ensemble__simple_equal,g100,162340.4017,104642.43849999999,-57697.9632,nan,source-day
43,-16,1,pooled_source_day_thresholds,ensemble__original3_mse,ensemble__original3_hgb_extra_trees,r2,0.9175087034122127,0.9289218324592557,0.011413129047043058,nan,source-day
43,-16,1,pooled_source_day_thresholds,ensemble__original3_mse,ensemble__original3_hgb_extra_trees,rmse_all,77605.71246328049,72037.3514125841,-5568.361050696389,nan,source-day
43,-16,1,pooled_source_day_thresholds,ensemble__original3_mse,ensemble__original3_hgb_extra_trees,mae_all,61979.57519308064,52768.633974395954,-9210.941218684682,nan,source-day
43,-16,1,pooled_source_day_thresholds,ensemble__original3_mse,ensemble__original3_hgb_extra_trees,rmse_high,73497.05058677727,53251.739409779795,-20245.31117699748,nan,source-day
43,-16,1,pooled_source_day_thresholds,ensemble__original3_mse,ensemble__original3_hgb_extra_trees,rmse_onb,123568.48574546385,102567.54168977847,-21000.94405568538,nan,source-day
43,-16,1,pooled_source_day_thresholds,ensemble__original3_mse,ensemble__original3_hgb_extra_trees,roc_auc_cont,0.9428853615520282,0.9581940035273369,0.015308641975308679,nan,source-day
43,-16,1,pooled_source_day_thresholds,ensemble__original3_mse,ensemble__original3_hgb_extra_trees,pr_auc_cont,0.9705788128491898,0.9773823782473209,0.006803565398131095,nan,source-day
43,-16,1,pooled_source_day_thresholds,ensemble__original3_mse,ensemble__original3_hgb_extra_trees,accuracy,0.8777777777777778,0.912962962962963,0.03518518518518521,3.518518518518521,source-day
43,-16,1,pooled_source_day_thresholds,ensemble__original3_mse,ensemble__original3_hgb_extra_trees,precision,1.0,1.0,0.0,0.0,source-day
43,-16,1,pooled_source_day_thresholds,ensemble__original3_mse,ensemble__original3_hgb_extra_trees,recall,0.7904761904761904,0.8507936507936508,0.060317460317460325,6.0317460317460325,source-day
43,-16,1,pooled_source_day_thresholds,ensemble__original3_mse,ensemble__original3_hgb_extra_trees,f1,0.8829787234042553,0.9193825042881647,0.03640378088390939,3.6403780883909387,source-day
43,-16,1,pooled_source_day_thresholds,ensemble__original3_mse,ensemble__original3_hgb_extra_trees,fpr,0.0,0.0,0.0,0.0,source-day
43,-16,1,pooled_source_day_thresholds,ensemble__original3_mse,ensemble__original3_hgb_extra_trees,fp,0,0,0.0,nan,source-day
43,-16,1,pooled_source_day_thresholds,ensemble__original3_mse,ensemble__original3_hgb_extra_trees,fn,66,47,-19.0,nan,source-day
43,-16,1,pooled_source_day_thresholds,ensemble__original3_mse,ensemble__original3_hgb_extra_trees,q100,nan,nan,nan,nan,source-day
43,-16,1,pooled_source_day_thresholds,ensemble__original3_mse,ensemble__original3_hgb_extra_trees,g100,nan,nan,nan,nan,source-day
43,-16,1,2025.06.11_0.3_2,ensemble__original3_mse,ensemble__original3_hgb_extra_trees,r2,0.9323020300369089,0.9397190740097013,0.007417043972792414,nan,source-day
43,-16,1,2025.06.11_0.3_2,ensemble__original3_mse,ensemble__original3_hgb_extra_trees,rmse_all,69743.42549041998,65812.0484539633,-3931.3770364566735,nan,source-day
43,-16,1,2025.06.11_0.3_2,ensemble__original3_mse,ensemble__original3_hgb_extra_trees,mae_all,55576.561213504356,47264.295557864214,-8312.265655640142,nan,source-day
43,-16,1,2025.06.11_0.3_2,ensemble__original3_mse,ensemble__original3_hgb_extra_trees,rmse_high,61408.23902958957,41500.636659848264,-19907.602369741304,nan,source-day
43,-16,1,2025.06.11_0.3_2,ensemble__original3_mse,ensemble__original3_hgb_extra_trees,rmse_onb,104586.591209589,84413.72793634722,-20172.863273241775,nan,source-day
43,-16,1,2025.06.11_0.3_2,ensemble__original3_mse,ensemble__original3_hgb_extra_trees,roc_auc_cont,0.945050505050505,0.9595959595959597,0.014545454545454639,nan,source-day
43,-16,1,2025.06.11_0.3_2,ensemble__original3_mse,ensemble__original3_hgb_extra_trees,pr_auc_cont,0.9741203978852642,0.980703882742301,0.006583484857036859,nan,source-day
43,-16,1,2025.06.11_0.3_2,ensemble__original3_mse,ensemble__original3_hgb_extra_trees,accuracy,0.8851851851851852,0.9259259259259259,0.040740740740740744,4.074074074074074,source-day
43,-16,1,2025.06.11_0.3_2,ensemble__original3_mse,ensemble__original3_hgb_extra_trees,precision,1.0,1.0,0.0,0.0,source-day
43,-16,1,2025.06.11_0.3_2,ensemble__original3_mse,ensemble__original3_hgb_extra_trees,recall,0.8121212121212121,0.8787878787878788,0.06666666666666665,6.666666666666665,source-day
43,-16,1,2025.06.11_0.3_2,ensemble__original3_mse,ensemble__original3_hgb_extra_trees,f1,0.8963210702341137,0.9354838709677419,0.03916280073362821,3.916280073362821,source-day
43,-16,1,2025.06.11_0.3_2,ensemble__original3_mse,ensemble__original3_hgb_extra_trees,fpr,0.0,0.0,0.0,0.0,source-day
43,-16,1,2025.06.11_0.3_2,ensemble__original3_mse,ensemble__original3_hgb_extra_trees,fp,0,0,0.0,nan,source-day
43,-16,1,2025.06.11_0.3_2,ensemble__original3_mse,ensemble__original3_hgb_extra_trees,fn,31,20,-11.0,nan,source-day
43,-16,1,2025.06.11_0.3_2,ensemble__original3_mse,ensemble__original3_hgb_extra_trees,q100,368978.105,368978.105,0.0,nan,source-day
43,-16,1,2025.06.11_0.3_2,ensemble__original3_mse,ensemble__original3_hgb_extra_trees,g100,147472.9948,147472.9948,0.0,nan,source-day
43,-16,1,2025.06.18_0.3_3,ensemble__original3_mse,ensemble__original3_hgb_extra_trees,r2,0.9031576180999319,0.9184451234037757,0.015287505303843818,nan,source-day
43,-16,1,2025.06.18_0.3_3,ensemble__original3_mse,ensemble__original3_hgb_extra_trees,rmse_all,84741.65336320136,77765.89403699704,-6975.759326204323,nan,source-day
43,-16,1,2025.06.18_0.3_3,ensemble__original3_mse,ensemble__original3_hgb_extra_trees,mae_all,68382.58917265692,58272.97239092771,-10109.616781729215,nan,source-day
43,-16,1,2025.06.18_0.3_3,ensemble__original3_mse,ensemble__original3_hgb_extra_trees,rmse_high,84827.74034252827,63722.34418052182,-21105.39616200645,nan,source-day
43,-16,1,2025.06.18_0.3_3,ensemble__original3_mse,ensemble__original3_hgb_extra_trees,rmse_onb,139999.95099289189,117959.83957456557,-22040.111418326313,nan,source-day
43,-16,1,2025.06.18_0.3_3,ensemble__original3_mse,ensemble__original3_hgb_extra_trees,roc_auc_cont,0.9407222222222222,0.9592777777777778,0.018555555555555547,nan,source-day
43,-16,1,2025.06.18_0.3_3,ensemble__original3_mse,ensemble__original3_hgb_extra_trees,pr_auc_cont,0.9668317966063272,0.9752754594775391,0.008443662871211899,nan,source-day
43,-16,1,2025.06.18_0.3_3,ensemble__original3_mse,ensemble__original3_hgb_extra_trees,accuracy,0.8703703703703703,0.9,0.029629629629629672,2.9629629629629672,source-day
43,-16,1,2025.06.18_0.3_3,ensemble__original3_mse,ensemble__original3_hgb_extra_trees,precision,1.0,1.0,0.0,0.0,source-day
43,-16,1,2025.06.18_0.3_3,ensemble__original3_mse,ensemble__original3_hgb_extra_trees,recall,0.7666666666666667,0.82,0.05333333333333323,5.333333333333323,source-day
43,-16,1,2025.06.18_0.3_3,ensemble__original3_mse,ensemble__original3_hgb_extra_trees,f1,0.8679245283018868,0.9010989010989011,0.033174372797014295,3.3174372797014295,source-day
43,-16,1,2025.06.18_0.3_3,ensemble__original3_mse,ensemble__original3_hgb_extra_trees,fpr,0.0,0.0,0.0,0.0,source-day
43,-16,1,2025.06.18_0.3_3,ensemble__original3_mse,ensemble__original3_hgb_extra_trees,fp,0,0,0.0,nan,source-day
43,-16,1,2025.06.18_0.3_3,ensemble__original3_mse,ensemble__original3_hgb_extra_trees,fn,35,27,-8.0,nan,source-day
43,-16,1,2025.06.18_0.3_3,ensemble__original3_mse,ensemble__original3_hgb_extra_trees,q100,434018.0833,376320.1201,-57697.9632,nan,source-day
43,-16,1,2025.06.18_0.3_3,ensemble__original3_mse,ensemble__original3_hgb_extra_trees,g100,162340.4017,104642.43849999999,-57697.9632,nan,source-day
43,-16,1,pooled_source_day_thresholds,ensemble__original3_mse,ensemble__original3_performance,r2,0.9175087034122127,0.9193682793744407,0.0018595759622279662,nan,source-day
43,-16,1,pooled_source_day_thresholds,ensemble__original3_mse,ensemble__original3_performance,rmse_all,77605.71246328049,76726.00559325526,-879.7068700252275,nan,source-day
43,-16,1,pooled_source_day_thresholds,ensemble__original3_mse,ensemble__original3_performance,mae_all,61979.57519308064,60952.40923245063,-1027.165960630009,nan,source-day
43,-16,1,pooled_source_day_thresholds,ensemble__original3_mse,ensemble__original3_performance,rmse_high,73497.05058677727,70211.46376576324,-3285.5868210140325,nan,source-day
43,-16,1,pooled_source_day_thresholds,ensemble__original3_mse,ensemble__original3_performance,rmse_onb,123568.48574546385,118823.41283766265,-4745.072907801208,nan,source-day
43,-16,1,pooled_source_day_thresholds,ensemble__original3_mse,ensemble__original3_performance,roc_auc_cont,0.9428853615520282,0.9419118165784833,-0.0009735449735448487,nan,source-day
43,-16,1,pooled_source_day_thresholds,ensemble__original3_mse,ensemble__original3_performance,pr_auc_cont,0.9705788128491898,0.9702909373405801,-0.0002878755086096474,nan,source-day
43,-16,1,pooled_source_day_thresholds,ensemble__original3_mse,ensemble__original3_performance,accuracy,0.8777777777777778,0.8870370370370371,0.0092592592592593,0.92592592592593,source-day
43,-16,1,pooled_source_day_thresholds,ensemble__original3_mse,ensemble__original3_performance,precision,1.0,1.0,0.0,0.0,source-day
43,-16,1,pooled_source_day_thresholds,ensemble__original3_mse,ensemble__original3_performance,recall,0.7904761904761904,0.8063492063492064,0.015873015873015928,1.5873015873015928,source-day
43,-16,1,pooled_source_day_thresholds,ensemble__original3_mse,ensemble__original3_performance,f1,0.8829787234042553,0.8927943760984183,0.009815652694162957,0.9815652694162957,source-day
43,-16,1,pooled_source_day_thresholds,ensemble__original3_mse,ensemble__original3_performance,fpr,0.0,0.0,0.0,0.0,source-day
43,-16,1,pooled_source_day_thresholds,ensemble__original3_mse,ensemble__original3_performance,fp,0,0,0.0,nan,source-day
43,-16,1,pooled_source_day_thresholds,ensemble__original3_mse,ensemble__original3_performance,fn,66,61,-5.0,nan,source-day
43,-16,1,pooled_source_day_thresholds,ensemble__original3_mse,ensemble__original3_performance,q100,nan,nan,nan,nan,source-day
43,-16,1,pooled_source_day_thresholds,ensemble__original3_mse,ensemble__original3_performance,g100,nan,nan,nan,nan,source-day
43,-16,1,2025.06.11_0.3_2,ensemble__original3_mse,ensemble__original3_performance,r2,0.9323020300369089,0.9335934982581909,0.0012914682212820106,nan,source-day
43,-16,1,2025.06.11_0.3_2,ensemble__original3_mse,ensemble__original3_performance,rmse_all,69743.42549041998,69074.97756056387,-668.4479298561055,nan,source-day
43,-16,1,2025.06.11_0.3_2,ensemble__original3_mse,ensemble__original3_performance,mae_all,55576.561213504356,54561.09761360696,-1015.4635998973972,nan,source-day
43,-16,1,2025.06.11_0.3_2,ensemble__original3_mse,ensemble__original3_performance,rmse_high,61408.23902958957,57470.359952015686,-3937.8790775738817,nan,source-day
43,-16,1,2025.06.11_0.3_2,ensemble__original3_mse,ensemble__original3_performance,rmse_onb,104586.591209589,99748.48631674996,-4838.104892839037,nan,source-day
43,-16,1,2025.06.11_0.3_2,ensemble__original3_mse,ensemble__original3_performance,roc_auc_cont,0.945050505050505,0.9447619047619048,-0.000288600288600227,nan,source-day
43,-16,1,2025.06.11_0.3_2,ensemble__original3_mse,ensemble__original3_performance,pr_auc_cont,0.9741203978852642,0.9740465840116128,-7.381387365135161e-05,nan,source-day
43,-16,1,2025.06.11_0.3_2,ensemble__original3_mse,ensemble__original3_performance,accuracy,0.8851851851851852,0.8962962962962963,0.011111111111111072,1.1111111111111072,source-day
43,-16,1,2025.06.11_0.3_2,ensemble__original3_mse,ensemble__original3_performance,precision,1.0,1.0,0.0,0.0,source-day
43,-16,1,2025.06.11_0.3_2,ensemble__original3_mse,ensemble__original3_performance,recall,0.8121212121212121,0.8303030303030303,0.018181818181818188,1.8181818181818188,source-day
43,-16,1,2025.06.11_0.3_2,ensemble__original3_mse,ensemble__original3_performance,f1,0.8963210702341137,0.9072847682119205,0.01096369797780683,1.096369797780683,source-day
43,-16,1,2025.06.11_0.3_2,ensemble__original3_mse,ensemble__original3_performance,fpr,0.0,0.0,0.0,0.0,source-day
43,-16,1,2025.06.11_0.3_2,ensemble__original3_mse,ensemble__original3_performance,fp,0,0,0.0,nan,source-day
43,-16,1,2025.06.11_0.3_2,ensemble__original3_mse,ensemble__original3_performance,fn,31,28,-3.0,nan,source-day
43,-16,1,2025.06.11_0.3_2,ensemble__original3_mse,ensemble__original3_performance,q100,368978.105,368978.105,0.0,nan,source-day
43,-16,1,2025.06.11_0.3_2,ensemble__original3_mse,ensemble__original3_performance,g100,147472.9948,147472.9948,0.0,nan,source-day
43,-16,1,2025.06.18_0.3_3,ensemble__original3_mse,ensemble__original3_performance,r2,0.9031576180999319,0.9055680479382594,0.0024104298383275102,nan,source-day
43,-16,1,2025.06.18_0.3_3,ensemble__original3_mse,ensemble__original3_performance,rmse_all,84741.65336320136,83680.38804642382,-1061.2653167775425,nan,source-day
43,-16,1,2025.06.18_0.3_3,ensemble__original3_mse,ensemble__original3_performance,mae_all,68382.58917265692,67343.7208512943,-1038.868321362621,nan,source-day
43,-16,1,2025.06.18_0.3_3,ensemble__original3_mse,ensemble__original3_performance,rmse_high,84827.74034252827,81970.34678686924,-2857.3935556590295,nan,source-day
43,-16,1,2025.06.18_0.3_3,ensemble__original3_mse,ensemble__original3_performance,rmse_onb,139999.95099289189,135234.04288231707,-4765.908110574819,nan,source-day
43,-16,1,2025.06.18_0.3_3,ensemble__original3_mse,ensemble__original3_performance,roc_auc_cont,0.9407222222222222,0.9386111111111112,-0.0021111111111110636,nan,source-day
43,-16,1,2025.06.18_0.3_3,ensemble__original3_mse,ensemble__original3_performance,pr_auc_cont,0.9668317966063272,0.9661349018324942,-0.0006968947738330566,nan,source-day
43,-16,1,2025.06.18_0.3_3,ensemble__original3_mse,ensemble__original3_performance,accuracy,0.8703703703703703,0.8777777777777778,0.007407407407407418,0.7407407407407418,source-day
43,-16,1,2025.06.18_0.3_3,ensemble__original3_mse,ensemble__original3_performance,precision,1.0,1.0,0.0,0.0,source-day
43,-16,1,2025.06.18_0.3_3,ensemble__original3_mse,ensemble__original3_performance,recall,0.7666666666666667,0.78,0.013333333333333308,1.3333333333333308,source-day
43,-16,1,2025.06.18_0.3_3,ensemble__original3_mse,ensemble__original3_performance,f1,0.8679245283018868,0.8764044943820225,0.008479966080135681,0.8479966080135681,source-day
43,-16,1,2025.06.18_0.3_3,ensemble__original3_mse,ensemble__original3_performance,fpr,0.0,0.0,0.0,0.0,source-day
43,-16,1,2025.06.18_0.3_3,ensemble__original3_mse,ensemble__original3_performance,fp,0,0,0.0,nan,source-day
43,-16,1,2025.06.18_0.3_3,ensemble__original3_mse,ensemble__original3_performance,fn,35,33,-2.0,nan,source-day
43,-16,1,2025.06.18_0.3_3,ensemble__original3_mse,ensemble__original3_performance,q100,434018.0833,434018.0833,0.0,nan,source-day
43,-16,1,2025.06.18_0.3_3,ensemble__original3_mse,ensemble__original3_performance,g100,162340.4017,162340.4017,0.0,nan,source-day
43,-16,1,pooled_source_day_thresholds,ensemble__original3_mse,ensemble__original3_hgb,r2,0.9175087034122127,0.896456177751545,-0.02105252566066773,nan,source-day
43,-16,1,pooled_source_day_thresholds,ensemble__original3_mse,ensemble__original3_hgb,rmse_all,77605.71246328049,86946.42340210729,9340.7109388268,nan,source-day
43,-16,1,pooled_source_day_thresholds,ensemble__original3_mse,ensemble__original3_hgb,mae_all,61979.57519308064,62295.09395016036,315.5187570797207,nan,source-day
43,-16,1,pooled_source_day_thresholds,ensemble__original3_mse,ensemble__original3_hgb,rmse_high,73497.05058677727,44002.35950417467,-29494.691082602607,nan,source-day
43,-16,1,pooled_source_day_thresholds,ensemble__original3_mse,ensemble__original3_hgb,rmse_onb,123568.48574546385,63271.46718811611,-60297.01855734774,nan,source-day
43,-16,1,pooled_source_day_thresholds,ensemble__original3_mse,ensemble__original3_hgb,roc_auc_cont,0.9428853615520282,0.9463421516754849,0.0034567901234566767,nan,source-day
43,-16,1,pooled_source_day_thresholds,ensemble__original3_mse,ensemble__original3_hgb,pr_auc_cont,0.9705788128491898,0.972924726917749,0.0023459140685592184,nan,source-day
43,-16,1,pooled_source_day_thresholds,ensemble__original3_mse,ensemble__original3_hgb,accuracy,0.8777777777777778,0.9,0.022222222222222254,2.2222222222222254,source-day
43,-16,1,pooled_source_day_thresholds,ensemble__original3_mse,ensemble__original3_hgb,precision,1.0,1.0,0.0,0.0,source-day
43,-16,1,pooled_source_day_thresholds,ensemble__original3_mse,ensemble__original3_hgb,recall,0.7904761904761904,0.8285714285714286,0.03809523809523818,3.809523809523818,source-day
43,-16,1,pooled_source_day_thresholds,ensemble__original3_mse,ensemble__original3_hgb,f1,0.8829787234042553,0.90625,0.023271276595744683,2.3271276595744683,source-day
43,-16,1,pooled_source_day_thresholds,ensemble__original3_mse,ensemble__original3_hgb,fpr,0.0,0.0,0.0,0.0,source-day
43,-16,1,pooled_source_day_thresholds,ensemble__original3_mse,ensemble__original3_hgb,fp,0,0,0.0,nan,source-day
43,-16,1,pooled_source_day_thresholds,ensemble__original3_mse,ensemble__original3_hgb,fn,66,54,-12.0,nan,source-day
43,-16,1,pooled_source_day_thresholds,ensemble__original3_mse,ensemble__original3_hgb,q100,nan,nan,nan,nan,source-day
43,-16,1,pooled_source_day_thresholds,ensemble__original3_mse,ensemble__original3_hgb,g100,nan,nan,nan,nan,source-day
43,-16,1,2025.06.11_0.3_2,ensemble__original3_mse,ensemble__original3_hgb,r2,0.9323020300369089,0.9014290663434781,-0.030872963693430844,nan,source-day
43,-16,1,2025.06.11_0.3_2,ensemble__original3_mse,ensemble__original3_hgb,rmse_all,69743.42549041998,84156.93040785463,14413.50491743465,nan,source-day
43,-16,1,2025.06.11_0.3_2,ensemble__original3_mse,ensemble__original3_hgb,mae_all,55576.561213504356,58327.02229488493,2750.4610813805775,nan,source-day
43,-16,1,2025.06.11_0.3_2,ensemble__original3_mse,ensemble__original3_hgb,rmse_high,61408.23902958957,33580.804167942566,-27827.434861647,nan,source-day
43,-16,1,2025.06.11_0.3_2,ensemble__original3_mse,ensemble__original3_hgb,rmse_onb,104586.591209589,41090.89504093602,-63495.696168652976,nan,source-day
43,-16,1,2025.06.11_0.3_2,ensemble__original3_mse,ensemble__original3_hgb,roc_auc_cont,0.945050505050505,0.9397402597402598,-0.005310245310245265,nan,source-day
43,-16,1,2025.06.11_0.3_2,ensemble__original3_mse,ensemble__original3_hgb,pr_auc_cont,0.9741203978852642,0.972335291979999,-0.0017851059052651497,nan,source-day
43,-16,1,2025.06.11_0.3_2,ensemble__original3_mse,ensemble__original3_hgb,accuracy,0.8851851851851852,0.9111111111111111,0.025925925925925908,2.592592592592591,source-day
43,-16,1,2025.06.11_0.3_2,ensemble__original3_mse,ensemble__original3_hgb,precision,1.0,1.0,0.0,0.0,source-day
43,-16,1,2025.06.11_0.3_2,ensemble__original3_mse,ensemble__original3_hgb,recall,0.8121212121212121,0.8545454545454545,0.042424242424242364,4.242424242424237,source-day
43,-16,1,2025.06.11_0.3_2,ensemble__original3_mse,ensemble__original3_hgb,f1,0.8963210702341137,0.9215686274509803,0.025247557216866667,2.5247557216866667,source-day
43,-16,1,2025.06.11_0.3_2,ensemble__original3_mse,ensemble__original3_hgb,fpr,0.0,0.0,0.0,0.0,source-day
43,-16,1,2025.06.11_0.3_2,ensemble__original3_mse,ensemble__original3_hgb,fp,0,0,0.0,nan,source-day
43,-16,1,2025.06.11_0.3_2,ensemble__original3_mse,ensemble__original3_hgb,fn,31,24,-7.0,nan,source-day
43,-16,1,2025.06.11_0.3_2,ensemble__original3_mse,ensemble__original3_hgb,q100,368978.105,368978.105,0.0,nan,source-day
43,-16,1,2025.06.11_0.3_2,ensemble__original3_mse,ensemble__original3_hgb,g100,147472.9948,147472.9948,0.0,nan,source-day
43,-16,1,2025.06.18_0.3_3,ensemble__original3_mse,ensemble__original3_hgb,r2,0.9031576180999319,0.8916162783067602,-0.011541339793171734,nan,source-day
43,-16,1,2025.06.18_0.3_3,ensemble__original3_mse,ensemble__original3_hgb,rmse_all,84741.65336320136,89649.16145265683,4907.50808945547,nan,source-day
43,-16,1,2025.06.18_0.3_3,ensemble__original3_mse,ensemble__original3_hgb,mae_all,68382.58917265692,66263.16560543577,-2119.4235672211507,nan,source-day
43,-16,1,2025.06.18_0.3_3,ensemble__original3_mse,ensemble__original3_hgb,rmse_high,84827.74034252827,53156.35990773299,-31671.380434795276,nan,source-day
43,-16,1,2025.06.18_0.3_3,ensemble__original3_mse,ensemble__original3_hgb,rmse_onb,139999.95099289189,79486.4483104415,-60513.50268245039,nan,source-day
43,-16,1,2025.06.18_0.3_3,ensemble__original3_mse,ensemble__original3_hgb,roc_auc_cont,0.9407222222222222,0.9537777777777777,0.013055555555555487,nan,source-day
43,-16,1,2025.06.18_0.3_3,ensemble__original3_mse,ensemble__original3_hgb,pr_auc_cont,0.9668317966063272,0.9741092666341442,0.007277470027816979,nan,source-day
43,-16,1,2025.06.18_0.3_3,ensemble__original3_mse,ensemble__original3_hgb,accuracy,0.8703703703703703,0.8888888888888888,0.01851851851851849,1.851851851851849,source-day
43,-16,1,2025.06.18_0.3_3,ensemble__original3_mse,ensemble__original3_hgb,precision,1.0,1.0,0.0,0.0,source-day
43,-16,1,2025.06.18_0.3_3,ensemble__original3_mse,ensemble__original3_hgb,recall,0.7666666666666667,0.8,0.033333333333333326,3.3333333333333326,source-day
43,-16,1,2025.06.18_0.3_3,ensemble__original3_mse,ensemble__original3_hgb,f1,0.8679245283018868,0.8888888888888888,0.020964360587002018,2.0964360587002018,source-day
43,-16,1,2025.06.18_0.3_3,ensemble__original3_mse,ensemble__original3_hgb,fpr,0.0,0.0,0.0,0.0,source-day
43,-16,1,2025.06.18_0.3_3,ensemble__original3_mse,ensemble__original3_hgb,fp,0,0,0.0,nan,source-day
43,-16,1,2025.06.18_0.3_3,ensemble__original3_mse,ensemble__original3_hgb,fn,35,30,-5.0,nan,source-day
43,-16,1,2025.06.18_0.3_3,ensemble__original3_mse,ensemble__original3_hgb,q100,434018.0833,434018.0833,0.0,nan,source-day
43,-16,1,2025.06.18_0.3_3,ensemble__original3_mse,ensemble__original3_hgb,g100,162340.4017,162340.4017,0.0,nan,source-day
43,-16,1,pooled_source_day_thresholds,ensemble__original3_mse,ensemble__original3_extra_trees,r2,0.9175087034122127,0.9303568367807024,0.012848133368489667,nan,source-day
43,-16,1,pooled_source_day_thresholds,ensemble__original3_mse,ensemble__original3_extra_trees,rmse_all,77605.71246328049,71306.45889611142,-6299.253567169071,nan,source-day
43,-16,1,pooled_source_day_thresholds,ensemble__original3_mse,ensemble__original3_extra_trees,mae_all,61979.57519308064,52441.7081148742,-9537.867078206436,nan,source-day
43,-16,1,pooled_source_day_thresholds,ensemble__original3_mse,ensemble__original3_extra_trees,rmse_high,73497.05058677727,54479.91530736273,-19017.135279414542,nan,source-day
43,-16,1,pooled_source_day_thresholds,ensemble__original3_mse,ensemble__original3_extra_trees,rmse_onb,123568.48574546385,106401.01749373606,-17167.468251727798,nan,source-day
43,-16,1,pooled_source_day_thresholds,ensemble__original3_mse,ensemble__original3_extra_trees,roc_auc_cont,0.9428853615520282,0.9584902998236331,0.015604938271604918,nan,source-day
43,-16,1,pooled_source_day_thresholds,ensemble__original3_mse,ensemble__original3_extra_trees,pr_auc_cont,0.9705788128491898,0.9774717154246774,0.0068929025754875806,nan,source-day
43,-16,1,pooled_source_day_thresholds,ensemble__original3_mse,ensemble__original3_extra_trees,accuracy,0.8777777777777778,0.912962962962963,0.03518518518518521,3.518518518518521,source-day
43,-16,1,pooled_source_day_thresholds,ensemble__original3_mse,ensemble__original3_extra_trees,precision,1.0,1.0,0.0,0.0,source-day
43,-16,1,pooled_source_day_thresholds,ensemble__original3_mse,ensemble__original3_extra_trees,recall,0.7904761904761904,0.8507936507936508,0.060317460317460325,6.0317460317460325,source-day
43,-16,1,pooled_source_day_thresholds,ensemble__original3_mse,ensemble__original3_extra_trees,f1,0.8829787234042553,0.9193825042881647,0.03640378088390939,3.6403780883909387,source-day
43,-16,1,pooled_source_day_thresholds,ensemble__original3_mse,ensemble__original3_extra_trees,fpr,0.0,0.0,0.0,0.0,source-day
43,-16,1,pooled_source_day_thresholds,ensemble__original3_mse,ensemble__original3_extra_trees,fp,0,0,0.0,nan,source-day
43,-16,1,pooled_source_day_thresholds,ensemble__original3_mse,ensemble__original3_extra_trees,fn,66,47,-19.0,nan,source-day
43,-16,1,pooled_source_day_thresholds,ensemble__original3_mse,ensemble__original3_extra_trees,q100,nan,nan,nan,nan,source-day
43,-16,1,pooled_source_day_thresholds,ensemble__original3_mse,ensemble__original3_extra_trees,g100,nan,nan,nan,nan,source-day
43,-16,1,2025.06.11_0.3_2,ensemble__original3_mse,ensemble__original3_extra_trees,r2,0.9323020300369089,0.9417129214141954,0.009410891377286457,nan,source-day
43,-16,1,2025.06.11_0.3_2,ensemble__original3_mse,ensemble__original3_extra_trees,rmse_all,69743.42549041998,64714.49932835438,-5028.926162065596,nan,source-day
43,-16,1,2025.06.11_0.3_2,ensemble__original3_mse,ensemble__original3_extra_trees,mae_all,55576.561213504356,46839.35789194739,-8737.203321556968,nan,source-day
43,-16,1,2025.06.11_0.3_2,ensemble__original3_mse,ensemble__original3_extra_trees,rmse_high,61408.23902958957,42647.24815568943,-18760.99087390014,nan,source-day
43,-16,1,2025.06.11_0.3_2,ensemble__original3_mse,ensemble__original3_extra_trees,rmse_onb,104586.591209589,88527.52856652091,-16059.062643068086,nan,source-day
43,-16,1,2025.06.11_0.3_2,ensemble__original3_mse,ensemble__original3_extra_trees,roc_auc_cont,0.945050505050505,0.9606349206349205,0.015584415584415479,nan,source-day
43,-16,1,2025.06.11_0.3_2,ensemble__original3_mse,ensemble__original3_extra_trees,pr_auc_cont,0.9741203978852642,0.9810826855826763,0.0069622876974121395,nan,source-day
43,-16,1,2025.06.11_0.3_2,ensemble__original3_mse,ensemble__original3_extra_trees,accuracy,0.8851851851851852,0.9259259259259259,0.040740740740740744,4.074074074074074,source-day
43,-16,1,2025.06.11_0.3_2,ensemble__original3_mse,ensemble__original3_extra_trees,precision,1.0,1.0,0.0,0.0,source-day
43,-16,1,2025.06.11_0.3_2,ensemble__original3_mse,ensemble__original3_extra_trees,recall,0.8121212121212121,0.8787878787878788,0.06666666666666665,6.666666666666665,source-day
43,-16,1,2025.06.11_0.3_2,ensemble__original3_mse,ensemble__original3_extra_trees,f1,0.8963210702341137,0.9354838709677419,0.03916280073362821,3.916280073362821,source-day
43,-16,1,2025.06.11_0.3_2,ensemble__original3_mse,ensemble__original3_extra_trees,fpr,0.0,0.0,0.0,0.0,source-day
43,-16,1,2025.06.11_0.3_2,ensemble__original3_mse,ensemble__original3_extra_trees,fp,0,0,0.0,nan,source-day
43,-16,1,2025.06.11_0.3_2,ensemble__original3_mse,ensemble__original3_extra_trees,fn,31,20,-11.0,nan,source-day
43,-16,1,2025.06.11_0.3_2,ensemble__original3_mse,ensemble__original3_extra_trees,q100,368978.105,368978.105,0.0,nan,source-day
43,-16,1,2025.06.11_0.3_2,ensemble__original3_mse,ensemble__original3_extra_trees,g100,147472.9948,147472.9948,0.0,nan,source-day
43,-16,1,2025.06.18_0.3_3,ensemble__original3_mse,ensemble__original3_extra_trees,r2,0.9031576180999319,0.9193389319790666,0.016181313879134684,nan,source-day
43,-16,1,2025.06.18_0.3_3,ensemble__original3_mse,ensemble__original3_extra_trees,rmse_all,84741.65336320136,77338.57858330519,-7403.0747798961675,nan,source-day
43,-16,1,2025.06.18_0.3_3,ensemble__original3_mse,ensemble__original3_extra_trees,mae_all,68382.58917265692,58044.05833780101,-10338.530834855912,nan,source-day
43,-16,1,2025.06.18_0.3_3,ensemble__original3_mse,ensemble__original3_extra_trees,rmse_high,84827.74034252827,65055.836849634965,-19771.903492893303,nan,source-day
43,-16,1,2025.06.18_0.3_3,ensemble__original3_mse,ensemble__original3_extra_trees,rmse_onb,139999.95099289189,121676.74277900635,-18323.208213885533,nan,source-day
43,-16,1,2025.06.18_0.3_3,ensemble__original3_mse,ensemble__original3_extra_trees,roc_auc_cont,0.9407222222222222,0.9586666666666667,0.01794444444444443,nan,source-day
43,-16,1,2025.06.18_0.3_3,ensemble__original3_mse,ensemble__original3_extra_trees,pr_auc_cont,0.9668317966063272,0.9750044200342487,0.008172623427921466,nan,source-day
43,-16,1,2025.06.18_0.3_3,ensemble__original3_mse,ensemble__original3_extra_trees,accuracy,0.8703703703703703,0.9,0.029629629629629672,2.9629629629629672,source-day
43,-16,1,2025.06.18_0.3_3,ensemble__original3_mse,ensemble__original3_extra_trees,precision,1.0,1.0,0.0,0.0,source-day
43,-16,1,2025.06.18_0.3_3,ensemble__original3_mse,ensemble__original3_extra_trees,recall,0.7666666666666667,0.82,0.05333333333333323,5.333333333333323,source-day
43,-16,1,2025.06.18_0.3_3,ensemble__original3_mse,ensemble__original3_extra_trees,f1,0.8679245283018868,0.9010989010989011,0.033174372797014295,3.3174372797014295,source-day
43,-16,1,2025.06.18_0.3_3,ensemble__original3_mse,ensemble__original3_extra_trees,fpr,0.0,0.0,0.0,0.0,source-day
43,-16,1,2025.06.18_0.3_3,ensemble__original3_mse,ensemble__original3_extra_trees,fp,0,0,0.0,nan,source-day
43,-16,1,2025.06.18_0.3_3,ensemble__original3_mse,ensemble__original3_extra_trees,fn,35,27,-8.0,nan,source-day
43,-16,1,2025.06.18_0.3_3,ensemble__original3_mse,ensemble__original3_extra_trees,q100,434018.0833,376320.1201,-57697.9632,nan,source-day
43,-16,1,2025.06.18_0.3_3,ensemble__original3_mse,ensemble__original3_extra_trees,g100,162340.4017,104642.43849999999,-57697.9632,nan,source-day
43,-16,1,pooled_source_day_thresholds,ensemble__original3_mse,ensemble__simple_equal,r2,0.9175087034122127,0.9193765003038747,0.0018677968916620546,nan,source-day
43,-16,1,pooled_source_day_thresholds,ensemble__original3_mse,ensemble__simple_equal,rmse_all,77605.71246328049,76722.09413538748,-883.6183278930112,nan,source-day
43,-16,1,pooled_source_day_thresholds,ensemble__original3_mse,ensemble__simple_equal,mae_all,61979.57519308064,57074.781643691604,-4904.793549389033,nan,source-day
43,-16,1,pooled_source_day_thresholds,ensemble__original3_mse,ensemble__simple_equal,rmse_high,73497.05058677727,52203.89127997084,-21293.159306806432,nan,source-day
43,-16,1,pooled_source_day_thresholds,ensemble__original3_mse,ensemble__simple_equal,rmse_onb,123568.48574546385,90141.06206473839,-33427.423680725464,nan,source-day
43,-16,1,pooled_source_day_thresholds,ensemble__original3_mse,ensemble__simple_equal,roc_auc_cont,0.9428853615520282,0.9459188712522046,0.003033509700176462,nan,source-day
43,-16,1,pooled_source_day_thresholds,ensemble__original3_mse,ensemble__simple_equal,pr_auc_cont,0.9705788128491898,0.9723189297379065,0.0017401168887166696,nan,source-day
43,-16,1,pooled_source_day_thresholds,ensemble__original3_mse,ensemble__simple_equal,accuracy,0.8777777777777778,0.9074074074074074,0.029629629629629672,2.9629629629629672,source-day
43,-16,1,pooled_source_day_thresholds,ensemble__original3_mse,ensemble__simple_equal,precision,1.0,1.0,0.0,0.0,source-day
43,-16,1,pooled_source_day_thresholds,ensemble__original3_mse,ensemble__simple_equal,recall,0.7904761904761904,0.8412698412698413,0.050793650793650835,5.0793650793650835,source-day
43,-16,1,pooled_source_day_thresholds,ensemble__original3_mse,ensemble__simple_equal,f1,0.8829787234042553,0.9137931034482759,0.030814380044020595,3.0814380044020595,source-day
43,-16,1,pooled_source_day_thresholds,ensemble__original3_mse,ensemble__simple_equal,fpr,0.0,0.0,0.0,0.0,source-day
43,-16,1,pooled_source_day_thresholds,ensemble__original3_mse,ensemble__simple_equal,fp,0,0,0.0,nan,source-day
43,-16,1,pooled_source_day_thresholds,ensemble__original3_mse,ensemble__simple_equal,fn,66,50,-16.0,nan,source-day
43,-16,1,pooled_source_day_thresholds,ensemble__original3_mse,ensemble__simple_equal,q100,nan,nan,nan,nan,source-day
43,-16,1,pooled_source_day_thresholds,ensemble__original3_mse,ensemble__simple_equal,g100,nan,nan,nan,nan,source-day
43,-16,1,2025.06.11_0.3_2,ensemble__original3_mse,ensemble__simple_equal,r2,0.9323020300369089,0.928223022948264,-0.004079007088644948,nan,source-day
43,-16,1,2025.06.11_0.3_2,ensemble__original3_mse,ensemble__simple_equal,rmse_all,69743.42549041998,71813.82071438804,2070.3952239680657,nan,source-day
43,-16,1,2025.06.11_0.3_2,ensemble__original3_mse,ensemble__simple_equal,mae_all,55576.561213504356,51887.571605226745,-3688.9896082776104,nan,source-day
43,-16,1,2025.06.11_0.3_2,ensemble__original3_mse,ensemble__simple_equal,rmse_high,61408.23902958957,39523.784847076284,-21884.454182513284,nan,source-day
43,-16,1,2025.06.11_0.3_2,ensemble__original3_mse,ensemble__simple_equal,rmse_onb,104586.591209589,70236.80536701973,-34349.78584256927,nan,source-day
43,-16,1,2025.06.11_0.3_2,ensemble__original3_mse,ensemble__simple_equal,roc_auc_cont,0.945050505050505,0.9492640692640693,0.004213564213564225,nan,source-day
43,-16,1,2025.06.11_0.3_2,ensemble__original3_mse,ensemble__simple_equal,pr_auc_cont,0.9741203978852642,0.9762263606365303,0.002105962751266177,nan,source-day
43,-16,1,2025.06.11_0.3_2,ensemble__original3_mse,ensemble__simple_equal,accuracy,0.8851851851851852,0.9185185185185185,0.033333333333333326,3.3333333333333326,source-day
43,-16,1,2025.06.11_0.3_2,ensemble__original3_mse,ensemble__simple_equal,precision,1.0,1.0,0.0,0.0,source-day
43,-16,1,2025.06.11_0.3_2,ensemble__original3_mse,ensemble__simple_equal,recall,0.8121212121212121,0.8666666666666667,0.054545454545454564,5.454545454545457,source-day
43,-16,1,2025.06.11_0.3_2,ensemble__original3_mse,ensemble__simple_equal,f1,0.8963210702341137,0.9285714285714286,0.03225035833731493,3.2250358337314933,source-day
43,-16,1,2025.06.11_0.3_2,ensemble__original3_mse,ensemble__simple_equal,fpr,0.0,0.0,0.0,0.0,source-day
43,-16,1,2025.06.11_0.3_2,ensemble__original3_mse,ensemble__simple_equal,fp,0,0,0.0,nan,source-day
43,-16,1,2025.06.11_0.3_2,ensemble__original3_mse,ensemble__simple_equal,fn,31,22,-9.0,nan,source-day
43,-16,1,2025.06.11_0.3_2,ensemble__original3_mse,ensemble__simple_equal,q100,368978.105,368978.105,0.0,nan,source-day
43,-16,1,2025.06.11_0.3_2,ensemble__original3_mse,ensemble__simple_equal,g100,147472.9948,147472.9948,0.0,nan,source-day
43,-16,1,2025.06.18_0.3_3,ensemble__original3_mse,ensemble__simple_equal,r2,0.9031576180999319,0.9107879718721521,0.007630353772220211,nan,source-day
43,-16,1,2025.06.18_0.3_3,ensemble__original3_mse,ensemble__simple_equal,rmse_all,84741.65336320136,81334.70729916132,-3406.9460640400357,nan,source-day
43,-16,1,2025.06.18_0.3_3,ensemble__original3_mse,ensemble__simple_equal,mae_all,68382.58917265692,62261.991682156455,-6120.59749050047,nan,source-day
43,-16,1,2025.06.18_0.3_3,ensemble__original3_mse,ensemble__simple_equal,rmse_high,84827.74034252827,63282.49861152259,-21545.241731005677,nan,source-day
43,-16,1,2025.06.18_0.3_3,ensemble__original3_mse,ensemble__simple_equal,rmse_onb,139999.95099289189,106384.27192096315,-33615.67907192874,nan,source-day
43,-16,1,2025.06.18_0.3_3,ensemble__original3_mse,ensemble__simple_equal,roc_auc_cont,0.9407222222222222,0.9418888888888888,0.0011666666666665382,nan,source-day
43,-16,1,2025.06.18_0.3_3,ensemble__original3_mse,ensemble__simple_equal,pr_auc_cont,0.9668317966063272,0.9680500831193114,0.001218286512984168,nan,source-day
43,-16,1,2025.06.18_0.3_3,ensemble__original3_mse,ensemble__simple_equal,accuracy,0.8703703703703703,0.8962962962962963,0.025925925925925908,2.592592592592591,source-day
43,-16,1,2025.06.18_0.3_3,ensemble__original3_mse,ensemble__simple_equal,precision,1.0,1.0,0.0,0.0,source-day
43,-16,1,2025.06.18_0.3_3,ensemble__original3_mse,ensemble__simple_equal,recall,0.7666666666666667,0.8133333333333334,0.046666666666666634,4.666666666666663,source-day
43,-16,1,2025.06.18_0.3_3,ensemble__original3_mse,ensemble__simple_equal,f1,0.8679245283018868,0.8970588235294118,0.029134295227524976,2.9134295227524976,source-day
43,-16,1,2025.06.18_0.3_3,ensemble__original3_mse,ensemble__simple_equal,fpr,0.0,0.0,0.0,0.0,source-day
43,-16,1,2025.06.18_0.3_3,ensemble__original3_mse,ensemble__simple_equal,fp,0,0,0.0,nan,source-day
43,-16,1,2025.06.18_0.3_3,ensemble__original3_mse,ensemble__simple_equal,fn,35,28,-7.0,nan,source-day
43,-16,1,2025.06.18_0.3_3,ensemble__original3_mse,ensemble__simple_equal,q100,434018.0833,376320.1201,-57697.9632,nan,source-day
43,-16,1,2025.06.18_0.3_3,ensemble__original3_mse,ensemble__simple_equal,g100,162340.4017,104642.43849999999,-57697.9632,nan,source-day
43,-20,1,pooled_source_day_thresholds,ensemble__original3_mse,ensemble__original3_hgb_extra_trees,r2,0.909232144912722,0.9202359642974987,0.01100381938477668,nan,source-day
43,-20,1,pooled_source_day_thresholds,ensemble__original3_mse,ensemble__original3_hgb_extra_trees,rmse_all,81405.85871424523,76312.06136585797,-5093.797348387263,nan,source-day
43,-20,1,pooled_source_day_thresholds,ensemble__original3_mse,ensemble__original3_hgb_extra_trees,mae_all,63577.981644497566,55665.28852541905,-7912.693119078518,nan,source-day
43,-20,1,pooled_source_day_thresholds,ensemble__original3_mse,ensemble__original3_hgb_extra_trees,rmse_high,62927.88586217628,51233.79529252885,-11694.09056964743,nan,source-day
43,-20,1,pooled_source_day_thresholds,ensemble__original3_mse,ensemble__original3_hgb_extra_trees,rmse_onb,93947.91853277762,91338.29210731387,-2609.62642546375,nan,source-day
43,-20,1,pooled_source_day_thresholds,ensemble__original3_mse,ensemble__original3_hgb_extra_trees,roc_auc_cont,0.9402610229276895,0.94868430335097,0.008423280423280444,nan,source-day
43,-20,1,pooled_source_day_thresholds,ensemble__original3_mse,ensemble__original3_hgb_extra_trees,pr_auc_cont,0.9697067173928567,0.9734072407076406,0.0037005233147838767,nan,source-day
43,-20,1,pooled_source_day_thresholds,ensemble__original3_mse,ensemble__original3_hgb_extra_trees,accuracy,0.8851851851851852,0.9111111111111111,0.025925925925925908,2.592592592592591,source-day
43,-20,1,pooled_source_day_thresholds,ensemble__original3_mse,ensemble__original3_hgb_extra_trees,precision,1.0,1.0,0.0,0.0,source-day
43,-20,1,pooled_source_day_thresholds,ensemble__original3_mse,ensemble__original3_hgb_extra_trees,recall,0.8031746031746032,0.8476190476190476,0.0444444444444444,4.444444444444439,source-day
43,-20,1,pooled_source_day_thresholds,ensemble__original3_mse,ensemble__original3_hgb_extra_trees,f1,0.8908450704225352,0.9175257731958762,0.026680702773341003,2.6680702773341003,source-day
43,-20,1,pooled_source_day_thresholds,ensemble__original3_mse,ensemble__original3_hgb_extra_trees,fpr,0.0,0.0,0.0,0.0,source-day
43,-20,1,pooled_source_day_thresholds,ensemble__original3_mse,ensemble__original3_hgb_extra_trees,fp,0,0,0.0,nan,source-day
43,-20,1,pooled_source_day_thresholds,ensemble__original3_mse,ensemble__original3_hgb_extra_trees,fn,62,48,-14.0,nan,source-day
43,-20,1,pooled_source_day_thresholds,ensemble__original3_mse,ensemble__original3_hgb_extra_trees,q100,nan,nan,nan,nan,source-day
43,-20,1,pooled_source_day_thresholds,ensemble__original3_mse,ensemble__original3_hgb_extra_trees,g100,nan,nan,nan,nan,source-day
43,-20,1,2025.06.11_0.3_2,ensemble__original3_mse,ensemble__original3_hgb_extra_trees,r2,0.9186672792392451,0.92965309082965,0.010985811590404904,nan,source-day
43,-20,1,2025.06.11_0.3_2,ensemble__original3_mse,ensemble__original3_hgb_extra_trees,rmse_all,76444.82690429388,71094.8204243515,-5350.006479942371,nan,source-day
43,-20,1,2025.06.11_0.3_2,ensemble__original3_mse,ensemble__original3_hgb_extra_trees,mae_all,58579.24901637626,50501.65512617152,-8077.593890204742,nan,source-day
43,-20,1,2025.06.11_0.3_2,ensemble__original3_mse,ensemble__original3_hgb_extra_trees,rmse_high,51755.29015651598,39033.921781064484,-12721.368375451493,nan,source-day
43,-20,1,2025.06.11_0.3_2,ensemble__original3_mse,ensemble__original3_hgb_extra_trees,rmse_onb,72336.87261648815,69018.14160105457,-3318.7310154335864,nan,source-day
43,-20,1,2025.06.11_0.3_2,ensemble__original3_mse,ensemble__original3_hgb_extra_trees,roc_auc_cont,0.9414141414141414,0.9482828282828283,0.006868686868686913,nan,source-day
43,-20,1,2025.06.11_0.3_2,ensemble__original3_mse,ensemble__original3_hgb_extra_trees,pr_auc_cont,0.9730674561565328,0.9760223435107395,0.002954887354206681,nan,source-day
43,-20,1,2025.06.11_0.3_2,ensemble__original3_mse,ensemble__original3_hgb_extra_trees,accuracy,0.8925925925925926,0.9259259259259259,0.033333333333333326,3.3333333333333326,source-day
43,-20,1,2025.06.11_0.3_2,ensemble__original3_mse,ensemble__original3_hgb_extra_trees,precision,1.0,1.0,0.0,0.0,source-day
43,-20,1,2025.06.11_0.3_2,ensemble__original3_mse,ensemble__original3_hgb_extra_trees,recall,0.8242424242424242,0.8787878787878788,0.054545454545454564,5.454545454545457,source-day
43,-20,1,2025.06.11_0.3_2,ensemble__original3_mse,ensemble__original3_hgb_extra_trees,f1,0.9036544850498339,0.9354838709677419,0.03182938591790796,3.182938591790796,source-day
43,-20,1,2025.06.11_0.3_2,ensemble__original3_mse,ensemble__original3_hgb_extra_trees,fpr,0.0,0.0,0.0,0.0,source-day
43,-20,1,2025.06.11_0.3_2,ensemble__original3_mse,ensemble__original3_hgb_extra_trees,fp,0,0,0.0,nan,source-day
43,-20,1,2025.06.11_0.3_2,ensemble__original3_mse,ensemble__original3_hgb_extra_trees,fn,29,20,-9.0,nan,source-day
43,-20,1,2025.06.11_0.3_2,ensemble__original3_mse,ensemble__original3_hgb_extra_trees,q100,368978.105,368978.105,0.0,nan,source-day
43,-20,1,2025.06.11_0.3_2,ensemble__original3_mse,ensemble__original3_hgb_extra_trees,g100,147472.9948,147472.9948,0.0,nan,source-day
43,-20,1,2025.06.18_0.3_3,ensemble__original3_mse,ensemble__original3_hgb_extra_trees,r2,0.900071182477212,0.9110947254719004,0.01102354299468844,nan,source-day
43,-20,1,2025.06.18_0.3_3,ensemble__original3_mse,ensemble__original3_hgb_extra_trees,rmse_all,86081.45041517282,81194.75308566529,-4886.6973295075295,nan,source-day
43,-20,1,2025.06.18_0.3_3,ensemble__original3_mse,ensemble__original3_hgb_extra_trees,mae_all,68576.71427261889,60828.92192466657,-7747.792347952323,nan,source-day
43,-20,1,2025.06.18_0.3_3,ensemble__original3_mse,ensemble__original3_hgb_extra_trees,rmse_high,73275.90637427014,61937.726658232226,-11338.179716037914,nan,source-day
43,-20,1,2025.06.18_0.3_3,ensemble__original3_mse,ensemble__original3_hgb_extra_trees,rmse_onb,111444.1548639892,109187.28561558243,-2256.8692484067724,nan,source-day
43,-20,1,2025.06.18_0.3_3,ensemble__original3_mse,ensemble__original3_hgb_extra_trees,roc_auc_cont,0.9396111111111111,0.9492777777777779,0.009666666666666823,nan,source-day
43,-20,1,2025.06.18_0.3_3,ensemble__original3_mse,ensemble__original3_hgb_extra_trees,pr_auc_cont,0.9663633156470062,0.9702910402521887,0.0039277246051825365,nan,source-day
43,-20,1,2025.06.18_0.3_3,ensemble__original3_mse,ensemble__original3_hgb_extra_trees,accuracy,0.8777777777777778,0.8962962962962963,0.01851851851851849,1.851851851851849,source-day
43,-20,1,2025.06.18_0.3_3,ensemble__original3_mse,ensemble__original3_hgb_extra_trees,precision,1.0,1.0,0.0,0.0,source-day
43,-20,1,2025.06.18_0.3_3,ensemble__original3_mse,ensemble__original3_hgb_extra_trees,recall,0.78,0.8133333333333334,0.033333333333333326,3.3333333333333326,source-day
43,-20,1,2025.06.18_0.3_3,ensemble__original3_mse,ensemble__original3_hgb_extra_trees,f1,0.8764044943820225,0.8970588235294118,0.020654329147389294,2.0654329147389294,source-day
43,-20,1,2025.06.18_0.3_3,ensemble__original3_mse,ensemble__original3_hgb_extra_trees,fpr,0.0,0.0,0.0,0.0,source-day
43,-20,1,2025.06.18_0.3_3,ensemble__original3_mse,ensemble__original3_hgb_extra_trees,fp,0,0,0.0,nan,source-day
43,-20,1,2025.06.18_0.3_3,ensemble__original3_mse,ensemble__original3_hgb_extra_trees,fn,33,28,-5.0,nan,source-day
43,-20,1,2025.06.18_0.3_3,ensemble__original3_mse,ensemble__original3_hgb_extra_trees,q100,434018.0833,376320.1201,-57697.9632,nan,source-day
43,-20,1,2025.06.18_0.3_3,ensemble__original3_mse,ensemble__original3_hgb_extra_trees,g100,162340.4017,104642.43849999999,-57697.9632,nan,source-day
43,-20,1,pooled_source_day_thresholds,ensemble__original3_mse,ensemble__original3_performance,r2,0.909232144912722,0.9029112054245816,-0.006320939488140387,nan,source-day
43,-20,1,pooled_source_day_thresholds,ensemble__original3_mse,ensemble__original3_performance,rmse_all,81405.85871424523,84192.6501152822,2786.7914010369714,nan,source-day
43,-20,1,pooled_source_day_thresholds,ensemble__original3_mse,ensemble__original3_performance,mae_all,63577.981644497566,64554.94465148446,976.9630069868945,nan,source-day
43,-20,1,pooled_source_day_thresholds,ensemble__original3_mse,ensemble__original3_performance,rmse_high,62927.88586217628,57885.856920939936,-5042.028941236342,nan,source-day
43,-20,1,pooled_source_day_thresholds,ensemble__original3_mse,ensemble__original3_performance,rmse_onb,93947.91853277762,81374.08693210705,-12573.831600670572,nan,source-day
43,-20,1,pooled_source_day_thresholds,ensemble__original3_mse,ensemble__original3_performance,roc_auc_cont,0.9402610229276895,0.9408112874779542,0.0005502645502646342,nan,source-day
43,-20,1,pooled_source_day_thresholds,ensemble__original3_mse,ensemble__original3_performance,pr_auc_cont,0.9697067173928567,0.9697842939825132,7.757658965645842e-05,nan,source-day
43,-20,1,pooled_source_day_thresholds,ensemble__original3_mse,ensemble__original3_performance,accuracy,0.8851851851851852,0.8888888888888888,0.0037037037037036535,0.37037037037036535,source-day
43,-20,1,pooled_source_day_thresholds,ensemble__original3_mse,ensemble__original3_performance,precision,1.0,1.0,0.0,0.0,source-day
43,-20,1,pooled_source_day_thresholds,ensemble__original3_mse,ensemble__original3_performance,recall,0.8031746031746032,0.8095238095238095,0.006349206349206327,0.6349206349206327,source-day
43,-20,1,pooled_source_day_thresholds,ensemble__original3_mse,ensemble__original3_performance,f1,0.8908450704225352,0.8947368421052632,0.003891771682727918,0.3891771682727918,source-day
43,-20,1,pooled_source_day_thresholds,ensemble__original3_mse,ensemble__original3_performance,fpr,0.0,0.0,0.0,0.0,source-day
43,-20,1,pooled_source_day_thresholds,ensemble__original3_mse,ensemble__original3_performance,fp,0,0,0.0,nan,source-day
43,-20,1,pooled_source_day_thresholds,ensemble__original3_mse,ensemble__original3_performance,fn,62,60,-2.0,nan,source-day
43,-20,1,pooled_source_day_thresholds,ensemble__original3_mse,ensemble__original3_performance,q100,nan,nan,nan,nan,source-day
43,-20,1,pooled_source_day_thresholds,ensemble__original3_mse,ensemble__original3_performance,g100,nan,nan,nan,nan,source-day
43,-20,1,2025.06.11_0.3_2,ensemble__original3_mse,ensemble__original3_performance,r2,0.9186672792392451,0.9105854981335338,-0.008081781105711228,nan,source-day
43,-20,1,2025.06.11_0.3_2,ensemble__original3_mse,ensemble__original3_performance,rmse_all,76444.82690429388,80152.93541141403,3708.1085071201524,nan,source-day
43,-20,1,2025.06.11_0.3_2,ensemble__original3_mse,ensemble__original3_performance,mae_all,58579.24901637626,59760.16211234342,1180.9130959671602,nan,source-day
43,-20,1,2025.06.11_0.3_2,ensemble__original3_mse,ensemble__original3_performance,rmse_high,51755.29015651598,46763.025696199315,-4992.264460316663,nan,source-day
43,-20,1,2025.06.11_0.3_2,ensemble__original3_mse,ensemble__original3_performance,rmse_onb,72336.87261648815,58970.25621941866,-13366.61639706949,nan,source-day
43,-20,1,2025.06.11_0.3_2,ensemble__original3_mse,ensemble__original3_performance,roc_auc_cont,0.9414141414141414,0.9415873015873015,0.00017316017316015841,nan,source-day
43,-20,1,2025.06.11_0.3_2,ensemble__original3_mse,ensemble__original3_performance,pr_auc_cont,0.9730674561565328,0.9730212069838898,-4.6249172642953695e-05,nan,source-day
43,-20,1,2025.06.11_0.3_2,ensemble__original3_mse,ensemble__original3_performance,accuracy,0.8925925925925926,0.9,0.007407407407407418,0.7407407407407418,source-day
43,-20,1,2025.06.11_0.3_2,ensemble__original3_mse,ensemble__original3_performance,precision,1.0,1.0,0.0,0.0,source-day
43,-20,1,2025.06.11_0.3_2,ensemble__original3_mse,ensemble__original3_performance,recall,0.8242424242424242,0.8363636363636363,0.012121212121212088,1.2121212121212088,source-day
43,-20,1,2025.06.11_0.3_2,ensemble__original3_mse,ensemble__original3_performance,f1,0.9036544850498339,0.9108910891089109,0.007236604059077001,0.7236604059077001,source-day
43,-20,1,2025.06.11_0.3_2,ensemble__original3_mse,ensemble__original3_performance,fpr,0.0,0.0,0.0,0.0,source-day
43,-20,1,2025.06.11_0.3_2,ensemble__original3_mse,ensemble__original3_performance,fp,0,0,0.0,nan,source-day
43,-20,1,2025.06.11_0.3_2,ensemble__original3_mse,ensemble__original3_performance,fn,29,27,-2.0,nan,source-day
43,-20,1,2025.06.11_0.3_2,ensemble__original3_mse,ensemble__original3_performance,q100,368978.105,368978.105,0.0,nan,source-day
43,-20,1,2025.06.11_0.3_2,ensemble__original3_mse,ensemble__original3_performance,g100,147472.9948,147472.9948,0.0,nan,source-day
43,-20,1,2025.06.18_0.3_3,ensemble__original3_mse,ensemble__original3_performance,r2,0.900071182477212,0.8954551081404206,-0.004616074336791343,nan,source-day
43,-20,1,2025.06.18_0.3_3,ensemble__original3_mse,ensemble__original3_performance,rmse_all,86081.45041517282,88047.212402224,1965.7619870511844,nan,source-day
43,-20,1,2025.06.18_0.3_3,ensemble__original3_mse,ensemble__original3_performance,mae_all,68576.71427261889,69349.72719062552,773.0129180066288,nan,source-day
43,-20,1,2025.06.18_0.3_3,ensemble__original3_mse,ensemble__original3_performance,rmse_high,73275.90637427014,68052.65223781124,-5223.254136458898,nan,source-day
43,-20,1,2025.06.18_0.3_3,ensemble__original3_mse,ensemble__original3_performance,rmse_onb,111444.1548639892,98823.03845503002,-12621.116408959177,nan,source-day
43,-20,1,2025.06.18_0.3_3,ensemble__original3_mse,ensemble__original3_performance,roc_auc_cont,0.9396111111111111,0.9405,0.000888888888888939,nan,source-day
43,-20,1,2025.06.18_0.3_3,ensemble__original3_mse,ensemble__original3_performance,pr_auc_cont,0.9663633156470062,0.9665249799302019,0.00016166428319575044,nan,source-day
43,-20,1,2025.06.18_0.3_3,ensemble__original3_mse,ensemble__original3_performance,accuracy,0.8777777777777778,0.8777777777777778,0.0,0.0,source-day
43,-20,1,2025.06.18_0.3_3,ensemble__original3_mse,ensemble__original3_performance,precision,1.0,1.0,0.0,0.0,source-day
43,-20,1,2025.06.18_0.3_3,ensemble__original3_mse,ensemble__original3_performance,recall,0.78,0.78,0.0,0.0,source-day
43,-20,1,2025.06.18_0.3_3,ensemble__original3_mse,ensemble__original3_performance,f1,0.8764044943820225,0.8764044943820225,0.0,0.0,source-day
43,-20,1,2025.06.18_0.3_3,ensemble__original3_mse,ensemble__original3_performance,fpr,0.0,0.0,0.0,0.0,source-day
43,-20,1,2025.06.18_0.3_3,ensemble__original3_mse,ensemble__original3_performance,fp,0,0,0.0,nan,source-day
43,-20,1,2025.06.18_0.3_3,ensemble__original3_mse,ensemble__original3_performance,fn,33,33,0.0,nan,source-day
43,-20,1,2025.06.18_0.3_3,ensemble__original3_mse,ensemble__original3_performance,q100,434018.0833,434018.0833,0.0,nan,source-day
43,-20,1,2025.06.18_0.3_3,ensemble__original3_mse,ensemble__original3_performance,g100,162340.4017,162340.4017,0.0,nan,source-day
43,-20,1,pooled_source_day_thresholds,ensemble__original3_mse,ensemble__original3_hgb,r2,0.909232144912722,0.8815062988740273,-0.027725846038694657,nan,source-day
43,-20,1,pooled_source_day_thresholds,ensemble__original3_mse,ensemble__original3_hgb,rmse_all,81405.85871424523,93011.63053182892,11605.771817583693,nan,source-day
43,-20,1,pooled_source_day_thresholds,ensemble__original3_mse,ensemble__original3_hgb,mae_all,63577.981644497566,66591.95063070263,3013.9689862050654,nan,source-day
43,-20,1,pooled_source_day_thresholds,ensemble__original3_mse,ensemble__original3_hgb,rmse_high,62927.88586217628,41906.34203018017,-21021.54383199611,nan,source-day
43,-20,1,pooled_source_day_thresholds,ensemble__original3_mse,ensemble__original3_hgb,rmse_onb,93947.91853277762,52379.32902165507,-41568.589511122555,nan,source-day
43,-20,1,pooled_source_day_thresholds,ensemble__original3_mse,ensemble__original3_hgb,roc_auc_cont,0.9402610229276895,0.9438165784832452,0.003555555555555645,nan,source-day
43,-20,1,pooled_source_day_thresholds,ensemble__original3_mse,ensemble__original3_hgb,pr_auc_cont,0.9697067173928567,0.9712787409864515,0.0015720235935947624,nan,source-day
43,-20,1,pooled_source_day_thresholds,ensemble__original3_mse,ensemble__original3_hgb,accuracy,0.8851851851851852,0.9018518518518519,0.01666666666666672,1.6666666666666718,source-day
43,-20,1,pooled_source_day_thresholds,ensemble__original3_mse,ensemble__original3_hgb,precision,1.0,1.0,0.0,0.0,source-day
43,-20,1,pooled_source_day_thresholds,ensemble__original3_mse,ensemble__original3_hgb,recall,0.8031746031746032,0.8317460317460318,0.02857142857142858,2.857142857142858,source-day
43,-20,1,pooled_source_day_thresholds,ensemble__original3_mse,ensemble__original3_hgb,f1,0.8908450704225352,0.9081455805892548,0.017300510166719518,1.7300510166719518,source-day
43,-20,1,pooled_source_day_thresholds,ensemble__original3_mse,ensemble__original3_hgb,fpr,0.0,0.0,0.0,0.0,source-day
43,-20,1,pooled_source_day_thresholds,ensemble__original3_mse,ensemble__original3_hgb,fp,0,0,0.0,nan,source-day
43,-20,1,pooled_source_day_thresholds,ensemble__original3_mse,ensemble__original3_hgb,fn,62,53,-9.0,nan,source-day
43,-20,1,pooled_source_day_thresholds,ensemble__original3_mse,ensemble__original3_hgb,q100,nan,nan,nan,nan,source-day
43,-20,1,pooled_source_day_thresholds,ensemble__original3_mse,ensemble__original3_hgb,g100,nan,nan,nan,nan,source-day
43,-20,1,2025.06.11_0.3_2,ensemble__original3_mse,ensemble__original3_hgb,r2,0.9186672792392451,0.8847046053484904,-0.03396267389075469,nan,source-day
43,-20,1,2025.06.11_0.3_2,ensemble__original3_mse,ensemble__original3_hgb,rmse_all,76444.82690429388,91016.77255212587,14571.945647831992,nan,source-day
43,-20,1,2025.06.11_0.3_2,ensemble__original3_mse,ensemble__original3_hgb,mae_all,58579.24901637626,62864.75234224366,4285.503325867394,nan,source-day
43,-20,1,2025.06.11_0.3_2,ensemble__original3_mse,ensemble__original3_hgb,rmse_high,51755.29015651598,31444.127932307532,-20311.162224208445,nan,source-day
43,-20,1,2025.06.11_0.3_2,ensemble__original3_mse,ensemble__original3_hgb,rmse_onb,72336.87261648815,26139.807045772388,-46197.065570715764,nan,source-day
43,-20,1,2025.06.11_0.3_2,ensemble__original3_mse,ensemble__original3_hgb,roc_auc_cont,0.9414141414141414,0.9400288600288601,-0.0013852813852812673,nan,source-day
43,-20,1,2025.06.11_0.3_2,ensemble__original3_mse,ensemble__original3_hgb,pr_auc_cont,0.9730674561565328,0.9723934212387746,-0.0006740349177581928,nan,source-day
43,-20,1,2025.06.11_0.3_2,ensemble__original3_mse,ensemble__original3_hgb,accuracy,0.8925925925925926,0.9148148148148149,0.022222222222222254,2.2222222222222254,source-day
43,-20,1,2025.06.11_0.3_2,ensemble__original3_mse,ensemble__original3_hgb,precision,1.0,1.0,0.0,0.0,source-day
43,-20,1,2025.06.11_0.3_2,ensemble__original3_mse,ensemble__original3_hgb,recall,0.8242424242424242,0.8606060606060606,0.036363636363636376,3.6363636363636376,source-day
43,-20,1,2025.06.11_0.3_2,ensemble__original3_mse,ensemble__original3_hgb,f1,0.9036544850498339,0.9250814332247557,0.021426948174921745,2.1426948174921745,source-day
43,-20,1,2025.06.11_0.3_2,ensemble__original3_mse,ensemble__original3_hgb,fpr,0.0,0.0,0.0,0.0,source-day
43,-20,1,2025.06.11_0.3_2,ensemble__original3_mse,ensemble__original3_hgb,fp,0,0,0.0,nan,source-day
43,-20,1,2025.06.11_0.3_2,ensemble__original3_mse,ensemble__original3_hgb,fn,29,23,-6.0,nan,source-day
43,-20,1,2025.06.11_0.3_2,ensemble__original3_mse,ensemble__original3_hgb,q100,368978.105,368978.105,0.0,nan,source-day
43,-20,1,2025.06.11_0.3_2,ensemble__original3_mse,ensemble__original3_hgb,g100,147472.9948,147472.9948,0.0,nan,source-day
43,-20,1,2025.06.18_0.3_3,ensemble__original3_mse,ensemble__original3_hgb,r2,0.900071182477212,0.8783827945394972,-0.02168838793771477,nan,source-day
43,-20,1,2025.06.18_0.3_3,ensemble__original3_mse,ensemble__original3_hgb,rmse_all,86081.45041517282,94964.5930996047,8883.142684431878,nan,source-day
43,-20,1,2025.06.18_0.3_3,ensemble__original3_mse,ensemble__original3_hgb,mae_all,68576.71427261889,70319.14891916157,1742.4346465426788,nan,source-day
43,-20,1,2025.06.18_0.3_3,ensemble__original3_mse,ensemble__original3_hgb,rmse_high,73275.90637427014,50993.04516667228,-22282.86120759786,nan,source-day
43,-20,1,2025.06.18_0.3_3,ensemble__original3_mse,ensemble__original3_hgb,rmse_onb,111444.1548639892,69310.16307243392,-42133.99179155528,nan,source-day
43,-20,1,2025.06.18_0.3_3,ensemble__original3_mse,ensemble__original3_hgb,roc_auc_cont,0.9396111111111111,0.9473333333333335,0.007722222222222408,nan,source-day
43,-20,1,2025.06.18_0.3_3,ensemble__original3_mse,ensemble__original3_hgb,pr_auc_cont,0.9663633156470062,0.9701894161816891,0.003826100534682908,nan,source-day
43,-20,1,2025.06.18_0.3_3,ensemble__original3_mse,ensemble__original3_hgb,accuracy,0.8777777777777778,0.8888888888888888,0.011111111111111072,1.1111111111111072,source-day
43,-20,1,2025.06.18_0.3_3,ensemble__original3_mse,ensemble__original3_hgb,precision,1.0,1.0,0.0,0.0,source-day
43,-20,1,2025.06.18_0.3_3,ensemble__original3_mse,ensemble__original3_hgb,recall,0.78,0.8,0.020000000000000018,2.0000000000000018,source-day
43,-20,1,2025.06.18_0.3_3,ensemble__original3_mse,ensemble__original3_hgb,f1,0.8764044943820225,0.8888888888888888,0.012484394506866336,1.2484394506866336,source-day
43,-20,1,2025.06.18_0.3_3,ensemble__original3_mse,ensemble__original3_hgb,fpr,0.0,0.0,0.0,0.0,source-day
43,-20,1,2025.06.18_0.3_3,ensemble__original3_mse,ensemble__original3_hgb,fp,0,0,0.0,nan,source-day
43,-20,1,2025.06.18_0.3_3,ensemble__original3_mse,ensemble__original3_hgb,fn,33,30,-3.0,nan,source-day
43,-20,1,2025.06.18_0.3_3,ensemble__original3_mse,ensemble__original3_hgb,q100,434018.0833,434018.0833,0.0,nan,source-day
43,-20,1,2025.06.18_0.3_3,ensemble__original3_mse,ensemble__original3_hgb,g100,162340.4017,162340.4017,0.0,nan,source-day
43,-20,1,pooled_source_day_thresholds,ensemble__original3_mse,ensemble__original3_extra_trees,r2,0.909232144912722,0.9222320511096475,0.012999906196925481,nan,source-day
43,-20,1,pooled_source_day_thresholds,ensemble__original3_mse,ensemble__original3_extra_trees,rmse_all,81405.85871424523,75351.16091477274,-6054.6977994724875,nan,source-day
43,-20,1,pooled_source_day_thresholds,ensemble__original3_mse,ensemble__original3_extra_trees,mae_all,63577.981644497566,55128.22117093661,-8449.760473560957,nan,source-day
43,-20,1,pooled_source_day_thresholds,ensemble__original3_mse,ensemble__original3_extra_trees,rmse_high,62927.88586217628,52326.98305589785,-10600.902806278427,nan,source-day
43,-20,1,pooled_source_day_thresholds,ensemble__original3_mse,ensemble__original3_extra_trees,rmse_onb,93947.91853277762,94883.11573287389,935.1972000962705,nan,source-day
43,-20,1,pooled_source_day_thresholds,ensemble__original3_mse,ensemble__original3_extra_trees,roc_auc_cont,0.9402610229276895,0.9486560846560846,0.008395061728395103,nan,source-day
43,-20,1,pooled_source_day_thresholds,ensemble__original3_mse,ensemble__original3_extra_trees,pr_auc_cont,0.9697067173928567,0.9733752380136735,0.0036685206208167953,nan,source-day
43,-20,1,pooled_source_day_thresholds,ensemble__original3_mse,ensemble__original3_extra_trees,accuracy,0.8851851851851852,0.9092592592592592,0.024074074074074026,2.4074074074074026,source-day
43,-20,1,pooled_source_day_thresholds,ensemble__original3_mse,ensemble__original3_extra_trees,precision,1.0,1.0,0.0,0.0,source-day
43,-20,1,pooled_source_day_thresholds,ensemble__original3_mse,ensemble__original3_extra_trees,recall,0.8031746031746032,0.8444444444444444,0.041269841269841234,4.126984126984123,source-day
43,-20,1,pooled_source_day_thresholds,ensemble__original3_mse,ensemble__original3_extra_trees,f1,0.8908450704225352,0.9156626506024096,0.024817580179874343,2.4817580179874343,source-day
43,-20,1,pooled_source_day_thresholds,ensemble__original3_mse,ensemble__original3_extra_trees,fpr,0.0,0.0,0.0,0.0,source-day
43,-20,1,pooled_source_day_thresholds,ensemble__original3_mse,ensemble__original3_extra_trees,fp,0,0,0.0,nan,source-day
43,-20,1,pooled_source_day_thresholds,ensemble__original3_mse,ensemble__original3_extra_trees,fn,62,49,-13.0,nan,source-day
43,-20,1,pooled_source_day_thresholds,ensemble__original3_mse,ensemble__original3_extra_trees,q100,nan,nan,nan,nan,source-day
43,-20,1,pooled_source_day_thresholds,ensemble__original3_mse,ensemble__original3_extra_trees,g100,nan,nan,nan,nan,source-day
43,-20,1,2025.06.11_0.3_2,ensemble__original3_mse,ensemble__original3_extra_trees,r2,0.9186672792392451,0.9321848306670961,0.013517551427851049,nan,source-day
43,-20,1,2025.06.11_0.3_2,ensemble__original3_mse,ensemble__original3_extra_trees,rmse_all,76444.82690429388,69803.7696255716,-6641.057278722277,nan,source-day
43,-20,1,2025.06.11_0.3_2,ensemble__original3_mse,ensemble__original3_extra_trees,mae_all,58579.24901637626,49878.50706044272,-8700.741955933547,nan,source-day
43,-20,1,2025.06.11_0.3_2,ensemble__original3_mse,ensemble__original3_extra_trees,rmse_high,51755.29015651598,40037.63048173048,-11717.6596747855,nan,source-day
43,-20,1,2025.06.11_0.3_2,ensemble__original3_mse,ensemble__original3_extra_trees,rmse_onb,72336.87261648815,72820.73032325204,483.85770676388347,nan,source-day
43,-20,1,2025.06.11_0.3_2,ensemble__original3_mse,ensemble__original3_extra_trees,roc_auc_cont,0.9414141414141414,0.9492063492063492,0.007792207792207795,nan,source-day
43,-20,1,2025.06.11_0.3_2,ensemble__original3_mse,ensemble__original3_extra_trees,pr_auc_cont,0.9730674561565328,0.9763719818611339,0.003304525704601158,nan,source-day
43,-20,1,2025.06.11_0.3_2,ensemble__original3_mse,ensemble__original3_extra_trees,accuracy,0.8925925925925926,0.9259259259259259,0.033333333333333326,3.3333333333333326,source-day
43,-20,1,2025.06.11_0.3_2,ensemble__original3_mse,ensemble__original3_extra_trees,precision,1.0,1.0,0.0,0.0,source-day
43,-20,1,2025.06.11_0.3_2,ensemble__original3_mse,ensemble__original3_extra_trees,recall,0.8242424242424242,0.8787878787878788,0.054545454545454564,5.454545454545457,source-day
43,-20,1,2025.06.11_0.3_2,ensemble__original3_mse,ensemble__original3_extra_trees,f1,0.9036544850498339,0.9354838709677419,0.03182938591790796,3.182938591790796,source-day
43,-20,1,2025.06.11_0.3_2,ensemble__original3_mse,ensemble__original3_extra_trees,fpr,0.0,0.0,0.0,0.0,source-day
43,-20,1,2025.06.11_0.3_2,ensemble__original3_mse,ensemble__original3_extra_trees,fp,0,0,0.0,nan,source-day
43,-20,1,2025.06.11_0.3_2,ensemble__original3_mse,ensemble__original3_extra_trees,fn,29,20,-9.0,nan,source-day
43,-20,1,2025.06.11_0.3_2,ensemble__original3_mse,ensemble__original3_extra_trees,q100,368978.105,368978.105,0.0,nan,source-day
43,-20,1,2025.06.11_0.3_2,ensemble__original3_mse,ensemble__original3_extra_trees,g100,147472.9948,147472.9948,0.0,nan,source-day
43,-20,1,2025.06.18_0.3_3,ensemble__original3_mse,ensemble__original3_extra_trees,r2,0.900071182477212,0.9125722026002158,0.012501020123003803,nan,source-day
43,-20,1,2025.06.18_0.3_3,ensemble__original3_mse,ensemble__original3_extra_trees,rmse_all,86081.45041517282,80517.2568364576,-5564.193578715218,nan,source-day
43,-20,1,2025.06.18_0.3_3,ensemble__original3_mse,ensemble__original3_extra_trees,mae_all,68576.71427261889,60377.93528143052,-8198.778991188374,nan,source-day
43,-20,1,2025.06.18_0.3_3,ensemble__original3_mse,ensemble__original3_extra_trees,rmse_high,73275.90637427014,63140.51462402656,-10135.39175024358,nan,source-day
43,-20,1,2025.06.18_0.3_3,ensemble__original3_mse,ensemble__original3_extra_trees,rmse_onb,111444.1548639892,112706.48844473898,1262.3335807497788,nan,source-day
43,-20,1,2025.06.18_0.3_3,ensemble__original3_mse,ensemble__original3_extra_trees,roc_auc_cont,0.9396111111111111,0.9492222222222222,0.009611111111111126,nan,source-day
43,-20,1,2025.06.18_0.3_3,ensemble__original3_mse,ensemble__original3_extra_trees,pr_auc_cont,0.9663633156470062,0.9703015230118859,0.003938207364879709,nan,source-day
43,-20,1,2025.06.18_0.3_3,ensemble__original3_mse,ensemble__original3_extra_trees,accuracy,0.8777777777777778,0.8925925925925926,0.014814814814814836,1.4814814814814836,source-day
43,-20,1,2025.06.18_0.3_3,ensemble__original3_mse,ensemble__original3_extra_trees,precision,1.0,1.0,0.0,0.0,source-day
43,-20,1,2025.06.18_0.3_3,ensemble__original3_mse,ensemble__original3_extra_trees,recall,0.78,0.8066666666666666,0.026666666666666616,2.6666666666666616,source-day
43,-20,1,2025.06.18_0.3_3,ensemble__original3_mse,ensemble__original3_extra_trees,f1,0.8764044943820225,0.8929889298892989,0.016584435507276396,1.6584435507276396,source-day
43,-20,1,2025.06.18_0.3_3,ensemble__original3_mse,ensemble__original3_extra_trees,fpr,0.0,0.0,0.0,0.0,source-day
43,-20,1,2025.06.18_0.3_3,ensemble__original3_mse,ensemble__original3_extra_trees,fp,0,0,0.0,nan,source-day
43,-20,1,2025.06.18_0.3_3,ensemble__original3_mse,ensemble__original3_extra_trees,fn,33,29,-4.0,nan,source-day
43,-20,1,2025.06.18_0.3_3,ensemble__original3_mse,ensemble__original3_extra_trees,q100,434018.0833,434018.0833,0.0,nan,source-day
43,-20,1,2025.06.18_0.3_3,ensemble__original3_mse,ensemble__original3_extra_trees,g100,162340.4017,162340.4017,0.0,nan,source-day
43,-20,1,pooled_source_day_thresholds,ensemble__original3_mse,ensemble__simple_equal,r2,0.909232144912722,0.8875169399839228,-0.021715204928799192,nan,source-day
43,-20,1,pooled_source_day_thresholds,ensemble__original3_mse,ensemble__simple_equal,rmse_all,81405.85871424523,90621.90483965821,9216.046125412977,nan,source-day
43,-20,1,pooled_source_day_thresholds,ensemble__original3_mse,ensemble__simple_equal,mae_all,63577.981644497566,64958.06032048518,1380.0786759876137,nan,source-day
43,-20,1,pooled_source_day_thresholds,ensemble__original3_mse,ensemble__simple_equal,rmse_high,62927.88586217628,42811.732808621986,-20116.15305355429,nan,source-day
43,-20,1,pooled_source_day_thresholds,ensemble__original3_mse,ensemble__simple_equal,rmse_onb,93947.91853277762,56529.77142886093,-37418.14710391669,nan,source-day
43,-20,1,pooled_source_day_thresholds,ensemble__original3_mse,ensemble__simple_equal,roc_auc_cont,0.9402610229276895,0.9448465608465608,0.004585537918871285,nan,source-day
43,-20,1,pooled_source_day_thresholds,ensemble__original3_mse,ensemble__simple_equal,pr_auc_cont,0.9697067173928567,0.9719022420602156,0.002195524667358839,nan,source-day
43,-20,1,pooled_source_day_thresholds,ensemble__original3_mse,ensemble__simple_equal,accuracy,0.8851851851851852,0.9074074074074074,0.022222222222222254,2.2222222222222254,source-day
43,-20,1,pooled_source_day_thresholds,ensemble__original3_mse,ensemble__simple_equal,precision,1.0,1.0,0.0,0.0,source-day
43,-20,1,pooled_source_day_thresholds,ensemble__original3_mse,ensemble__simple_equal,recall,0.8031746031746032,0.8412698412698413,0.03809523809523807,3.809523809523807,source-day
43,-20,1,pooled_source_day_thresholds,ensemble__original3_mse,ensemble__simple_equal,f1,0.8908450704225352,0.9137931034482759,0.022948033025740666,2.2948033025740666,source-day
43,-20,1,pooled_source_day_thresholds,ensemble__original3_mse,ensemble__simple_equal,fpr,0.0,0.0,0.0,0.0,source-day
43,-20,1,pooled_source_day_thresholds,ensemble__original3_mse,ensemble__simple_equal,fp,0,0,0.0,nan,source-day
43,-20,1,pooled_source_day_thresholds,ensemble__original3_mse,ensemble__simple_equal,fn,62,50,-12.0,nan,source-day
43,-20,1,pooled_source_day_thresholds,ensemble__original3_mse,ensemble__simple_equal,q100,nan,nan,nan,nan,source-day
43,-20,1,pooled_source_day_thresholds,ensemble__original3_mse,ensemble__simple_equal,g100,nan,nan,nan,nan,source-day
43,-20,1,2025.06.11_0.3_2,ensemble__original3_mse,ensemble__simple_equal,r2,0.9186672792392451,0.8915434729400318,-0.027123806299213293,nan,source-day
43,-20,1,2025.06.11_0.3_2,ensemble__original3_mse,ensemble__simple_equal,rmse_all,76444.82690429388,88276.13254118581,11831.305636891935,nan,source-day
43,-20,1,2025.06.11_0.3_2,ensemble__original3_mse,ensemble__simple_equal,mae_all,58579.24901637626,60956.95156359885,2377.702547222587,nan,source-day
43,-20,1,2025.06.11_0.3_2,ensemble__original3_mse,ensemble__simple_equal,rmse_high,51755.29015651598,31925.698889835752,-19829.591266680225,nan,source-day
43,-20,1,2025.06.11_0.3_2,ensemble__original3_mse,ensemble__simple_equal,rmse_onb,72336.87261648815,31535.23204670921,-40801.640569778945,nan,source-day
43,-20,1,2025.06.11_0.3_2,ensemble__original3_mse,ensemble__simple_equal,roc_auc_cont,0.9414141414141414,0.942972582972583,0.0015584415584416478,nan,source-day
43,-20,1,2025.06.11_0.3_2,ensemble__original3_mse,ensemble__simple_equal,pr_auc_cont,0.9730674561565328,0.9739785760378504,0.0009111198813176458,nan,source-day
43,-20,1,2025.06.11_0.3_2,ensemble__original3_mse,ensemble__simple_equal,accuracy,0.8925925925925926,0.9259259259259259,0.033333333333333326,3.3333333333333326,source-day
43,-20,1,2025.06.11_0.3_2,ensemble__original3_mse,ensemble__simple_equal,precision,1.0,1.0,0.0,0.0,source-day
43,-20,1,2025.06.11_0.3_2,ensemble__original3_mse,ensemble__simple_equal,recall,0.8242424242424242,0.8787878787878788,0.054545454545454564,5.454545454545457,source-day
43,-20,1,2025.06.11_0.3_2,ensemble__original3_mse,ensemble__simple_equal,f1,0.9036544850498339,0.9354838709677419,0.03182938591790796,3.182938591790796,source-day
43,-20,1,2025.06.11_0.3_2,ensemble__original3_mse,ensemble__simple_equal,fpr,0.0,0.0,0.0,0.0,source-day
43,-20,1,2025.06.11_0.3_2,ensemble__original3_mse,ensemble__simple_equal,fp,0,0,0.0,nan,source-day
43,-20,1,2025.06.11_0.3_2,ensemble__original3_mse,ensemble__simple_equal,fn,29,20,-9.0,nan,source-day
43,-20,1,2025.06.11_0.3_2,ensemble__original3_mse,ensemble__simple_equal,q100,368978.105,368978.105,0.0,nan,source-day
43,-20,1,2025.06.11_0.3_2,ensemble__original3_mse,ensemble__simple_equal,g100,147472.9948,147472.9948,0.0,nan,source-day
43,-20,1,2025.06.18_0.3_3,ensemble__original3_mse,ensemble__simple_equal,r2,0.900071182477212,0.8835921661386996,-0.016479016338512342,nan,source-day
43,-20,1,2025.06.18_0.3_3,ensemble__original3_mse,ensemble__simple_equal,rmse_all,86081.45041517282,92908.4694584252,6827.019043252381,nan,source-day
43,-20,1,2025.06.18_0.3_3,ensemble__original3_mse,ensemble__simple_equal,mae_all,68576.71427261889,68959.1690773715,382.4548047526041,nan,source-day
43,-20,1,2025.06.18_0.3_3,ensemble__original3_mse,ensemble__simple_equal,rmse_high,73275.90637427014,52228.326645570975,-21047.579728699166,nan,source-day
43,-20,1,2025.06.18_0.3_3,ensemble__original3_mse,ensemble__simple_equal,rmse_onb,111444.1548639892,73462.63849984376,-37981.51636414544,nan,source-day
43,-20,1,2025.06.18_0.3_3,ensemble__original3_mse,ensemble__simple_equal,roc_auc_cont,0.9396111111111111,0.9457222222222222,0.006111111111111178,nan,source-day
43,-20,1,2025.06.18_0.3_3,ensemble__original3_mse,ensemble__simple_equal,pr_auc_cont,0.9663633156470062,0.9691645106888298,0.002801195041823634,nan,source-day
43,-20,1,2025.06.18_0.3_3,ensemble__original3_mse,ensemble__simple_equal,accuracy,0.8777777777777778,0.8888888888888888,0.011111111111111072,1.1111111111111072,source-day
43,-20,1,2025.06.18_0.3_3,ensemble__original3_mse,ensemble__simple_equal,precision,1.0,1.0,0.0,0.0,source-day
43,-20,1,2025.06.18_0.3_3,ensemble__original3_mse,ensemble__simple_equal,recall,0.78,0.8,0.020000000000000018,2.0000000000000018,source-day
43,-20,1,2025.06.18_0.3_3,ensemble__original3_mse,ensemble__simple_equal,f1,0.8764044943820225,0.8888888888888888,0.012484394506866336,1.2484394506866336,source-day
43,-20,1,2025.06.18_0.3_3,ensemble__original3_mse,ensemble__simple_equal,fpr,0.0,0.0,0.0,0.0,source-day
43,-20,1,2025.06.18_0.3_3,ensemble__original3_mse,ensemble__simple_equal,fp,0,0,0.0,nan,source-day
43,-20,1,2025.06.18_0.3_3,ensemble__original3_mse,ensemble__simple_equal,fn,33,30,-3.0,nan,source-day
43,-20,1,2025.06.18_0.3_3,ensemble__original3_mse,ensemble__simple_equal,q100,434018.0833,434018.0833,0.0,nan,source-day
43,-20,1,2025.06.18_0.3_3,ensemble__original3_mse,ensemble__simple_equal,g100,162340.4017,162340.4017,0.0,nan,source-day
44,clean,1,pooled_source_day_thresholds,ensemble__original3_mse,ensemble__original3_hgb_extra_trees,r2,0.9842708887434957,0.9912633704836372,0.006992481740141554,nan,source-day
44,clean,1,pooled_source_day_thresholds,ensemble__original3_mse,ensemble__original3_hgb_extra_trees,rmse_all,33887.67064847175,25255.826484840465,-8631.844163631285,nan,source-day
44,clean,1,pooled_source_day_thresholds,ensemble__original3_mse,ensemble__original3_hgb_extra_trees,mae_all,24124.955776833296,17158.112411621343,-6966.843365211953,nan,source-day
44,clean,1,pooled_source_day_thresholds,ensemble__original3_mse,ensemble__original3_hgb_extra_trees,rmse_high,39307.972690725925,24316.62444141909,-14991.348249306833,nan,source-day
44,clean,1,pooled_source_day_thresholds,ensemble__original3_mse,ensemble__original3_hgb_extra_trees,rmse_onb,27835.950875545088,17089.67926984407,-10746.271605701018,nan,source-day
44,clean,1,pooled_source_day_thresholds,ensemble__original3_mse,ensemble__original3_hgb_extra_trees,roc_auc_cont,0.9947231040564374,0.9959365079365079,0.0012134038800705182,nan,source-day
44,clean,1,pooled_source_day_thresholds,ensemble__original3_mse,ensemble__original3_hgb_extra_trees,pr_auc_cont,0.9964820065504119,0.9972035233916052,0.0007215168411933703,nan,source-day
44,clean,1,pooled_source_day_thresholds,ensemble__original3_mse,ensemble__original3_hgb_extra_trees,accuracy,0.9481481481481482,0.9648148148148148,0.016666666666666607,1.6666666666666607,source-day
44,clean,1,pooled_source_day_thresholds,ensemble__original3_mse,ensemble__original3_hgb_extra_trees,precision,1.0,1.0,0.0,0.0,source-day
44,clean,1,pooled_source_day_thresholds,ensemble__original3_mse,ensemble__original3_hgb_extra_trees,recall,0.9111111111111111,0.9396825396825397,0.02857142857142858,2.857142857142858,source-day
44,clean,1,pooled_source_day_thresholds,ensemble__original3_mse,ensemble__original3_hgb_extra_trees,f1,0.9534883720930233,0.9689034369885434,0.015415064895520136,1.5415064895520136,source-day
44,clean,1,pooled_source_day_thresholds,ensemble__original3_mse,ensemble__original3_hgb_extra_trees,fpr,0.0,0.0,0.0,0.0,source-day
44,clean,1,pooled_source_day_thresholds,ensemble__original3_mse,ensemble__original3_hgb_extra_trees,fp,0,0,0.0,nan,source-day
44,clean,1,pooled_source_day_thresholds,ensemble__original3_mse,ensemble__original3_hgb_extra_trees,fn,28,19,-9.0,nan,source-day
44,clean,1,pooled_source_day_thresholds,ensemble__original3_mse,ensemble__original3_hgb_extra_trees,q100,nan,nan,nan,nan,source-day
44,clean,1,pooled_source_day_thresholds,ensemble__original3_mse,ensemble__original3_hgb_extra_trees,g100,nan,nan,nan,nan,source-day
44,clean,1,2025.06.11_0.3_2,ensemble__original3_mse,ensemble__original3_hgb_extra_trees,r2,0.9832028361630274,0.9889747098187682,0.0057718736557408334,nan,source-day
44,clean,1,2025.06.11_0.3_2,ensemble__original3_mse,ensemble__original3_hgb_extra_trees,rmse_all,34740.28927638065,28145.597044349128,-6594.692232031524,nan,source-day
44,clean,1,2025.06.11_0.3_2,ensemble__original3_mse,ensemble__original3_hgb_extra_trees,mae_all,26472.292926434926,20145.785093318256,-6326.50783311667,nan,source-day
44,clean,1,2025.06.11_0.3_2,ensemble__original3_mse,ensemble__original3_hgb_extra_trees,rmse_high,36677.68092716144,21661.749203157502,-15015.931724003938,nan,source-day
44,clean,1,2025.06.11_0.3_2,ensemble__original3_mse,ensemble__original3_hgb_extra_trees,rmse_onb,20257.428761291172,8815.149922636045,-11442.278838655127,nan,source-day
44,clean,1,2025.06.11_0.3_2,ensemble__original3_mse,ensemble__original3_hgb_extra_trees,roc_auc_cont,0.9971717171717172,0.9991341991341991,0.0019624819624819434,nan,source-day
44,clean,1,2025.06.11_0.3_2,ensemble__original3_mse,ensemble__original3_hgb_extra_trees,pr_auc_cont,0.9983390763840261,0.9994802382907527,0.0011411619067266399,nan,source-day
44,clean,1,2025.06.11_0.3_2,ensemble__original3_mse,ensemble__original3_hgb_extra_trees,accuracy,0.9481481481481482,0.9592592592592593,0.011111111111111072,1.1111111111111072,source-day
44,clean,1,2025.06.11_0.3_2,ensemble__original3_mse,ensemble__original3_hgb_extra_trees,precision,1.0,1.0,0.0,0.0,source-day
44,clean,1,2025.06.11_0.3_2,ensemble__original3_mse,ensemble__original3_hgb_extra_trees,recall,0.9151515151515152,0.9333333333333333,0.018181818181818188,1.8181818181818188,source-day
44,clean,1,2025.06.11_0.3_2,ensemble__original3_mse,ensemble__original3_hgb_extra_trees,f1,0.9556962025316456,0.9655172413793104,0.009821038847664831,0.9821038847664831,source-day
44,clean,1,2025.06.11_0.3_2,ensemble__original3_mse,ensemble__original3_hgb_extra_trees,fpr,0.0,0.0,0.0,0.0,source-day
44,clean,1,2025.06.11_0.3_2,ensemble__original3_mse,ensemble__original3_hgb_extra_trees,fp,0,0,0.0,nan,source-day
44,clean,1,2025.06.11_0.3_2,ensemble__original3_mse,ensemble__original3_hgb_extra_trees,fn,14,11,-3.0,nan,source-day
44,clean,1,2025.06.11_0.3_2,ensemble__original3_mse,ensemble__original3_hgb_extra_trees,q100,315466.1173,315466.1173,0.0,nan,source-day
44,clean,1,2025.06.11_0.3_2,ensemble__original3_mse,ensemble__original3_hgb_extra_trees,g100,93961.00709999999,93961.00709999999,0.0,nan,source-day
44,clean,1,2025.06.18_0.3_3,ensemble__original3_mse,ensemble__original3_hgb_extra_trees,r2,0.985302529177292,0.9934791678179529,0.008176638640660872,nan,source-day
44,clean,1,2025.06.18_0.3_3,ensemble__original3_mse,ensemble__original3_hgb_extra_trees,rmse_all,33013.039014183145,21989.518182121763,-11023.520832061382,nan,source-day
44,clean,1,2025.06.18_0.3_3,ensemble__original3_mse,ensemble__original3_hgb_extra_trees,mae_all,21777.618627231663,14170.439729924428,-7607.178897307234,nan,source-day
44,clean,1,2025.06.18_0.3_3,ensemble__original3_mse,ensemble__original3_hgb_extra_trees,rmse_high,42011.51746606004,26936.439157357057,-15075.078308702981,nan,source-day
44,clean,1,2025.06.18_0.3_3,ensemble__original3_mse,ensemble__original3_hgb_extra_trees,rmse_onb,33753.76871214134,22503.49766000224,-11250.271052139102,nan,source-day
44,clean,1,2025.06.18_0.3_3,ensemble__original3_mse,ensemble__original3_hgb_extra_trees,roc_auc_cont,0.9976666666666667,0.9994444444444445,0.001777777777777767,nan,source-day
44,clean,1,2025.06.18_0.3_3,ensemble__original3_mse,ensemble__original3_hgb_extra_trees,pr_auc_cont,0.9983063804325283,0.9995628105483456,0.0012564301158173308,nan,source-day
44,clean,1,2025.06.18_0.3_3,ensemble__original3_mse,ensemble__original3_hgb_extra_trees,accuracy,0.9481481481481482,0.9703703703703703,0.022222222222222143,2.2222222222222143,source-day
44,clean,1,2025.06.18_0.3_3,ensemble__original3_mse,ensemble__original3_hgb_extra_trees,precision,1.0,1.0,0.0,0.0,source-day
44,clean,1,2025.06.18_0.3_3,ensemble__original3_mse,ensemble__original3_hgb_extra_trees,recall,0.9066666666666666,0.9466666666666667,0.040000000000000036,4.0000000000000036,source-day
44,clean,1,2025.06.18_0.3_3,ensemble__original3_mse,ensemble__original3_hgb_extra_trees,f1,0.951048951048951,0.9726027397260274,0.021553788677076358,2.1553788677076358,source-day
44,clean,1,2025.06.18_0.3_3,ensemble__original3_mse,ensemble__original3_hgb_extra_trees,fpr,0.0,0.0,0.0,0.0,source-day
44,clean,1,2025.06.18_0.3_3,ensemble__original3_mse,ensemble__original3_hgb_extra_trees,fp,0,0,0.0,nan,source-day
44,clean,1,2025.06.18_0.3_3,ensemble__original3_mse,ensemble__original3_hgb_extra_trees,fn,14,8,-6.0,nan,source-day
44,clean,1,2025.06.18_0.3_3,ensemble__original3_mse,ensemble__original3_hgb_extra_trees,q100,434018.0833,434018.0833,0.0,nan,source-day
44,clean,1,2025.06.18_0.3_3,ensemble__original3_mse,ensemble__original3_hgb_extra_trees,g100,162340.4017,162340.4017,0.0,nan,source-day
44,clean,1,pooled_source_day_thresholds,ensemble__original3_mse,ensemble__original3_performance,r2,0.9842708887434957,0.9829304860916367,-0.001340402651858974,nan,source-day
44,clean,1,pooled_source_day_thresholds,ensemble__original3_mse,ensemble__original3_performance,rmse_all,33887.67064847175,35302.072482835334,1414.4018343635835,nan,source-day
44,clean,1,pooled_source_day_thresholds,ensemble__original3_mse,ensemble__original3_performance,mae_all,24124.955776833296,25943.530994149893,1818.5752173165965,nan,source-day
44,clean,1,pooled_source_day_thresholds,ensemble__original3_mse,ensemble__original3_performance,rmse_high,39307.972690725925,40356.64989243818,1048.6772017122566,nan,source-day
44,clean,1,pooled_source_day_thresholds,ensemble__original3_mse,ensemble__original3_performance,rmse_onb,27835.950875545088,33752.34769301047,5916.3968174653855,nan,source-day
44,clean,1,pooled_source_day_thresholds,ensemble__original3_mse,ensemble__original3_performance,roc_auc_cont,0.9947231040564374,0.9950758377425044,0.0003527336860670305,nan,source-day
44,clean,1,pooled_source_day_thresholds,ensemble__original3_mse,ensemble__original3_performance,pr_auc_cont,0.9964820065504119,0.9966672741226309,0.0001852675722190389,nan,source-day
44,clean,1,pooled_source_day_thresholds,ensemble__original3_mse,ensemble__original3_performance,accuracy,0.9481481481481482,0.9277777777777778,-0.020370370370370372,-2.037037037037037,source-day
44,clean,1,pooled_source_day_thresholds,ensemble__original3_mse,ensemble__original3_performance,precision,1.0,1.0,0.0,0.0,source-day
44,clean,1,pooled_source_day_thresholds,ensemble__original3_mse,ensemble__original3_performance,recall,0.9111111111111111,0.8761904761904762,-0.03492063492063491,-3.4920634920634908,source-day
44,clean,1,pooled_source_day_thresholds,ensemble__original3_mse,ensemble__original3_performance,f1,0.9534883720930233,0.934010152284264,-0.0194782198087593,-1.94782198087593,source-day
44,clean,1,pooled_source_day_thresholds,ensemble__original3_mse,ensemble__original3_performance,fpr,0.0,0.0,0.0,0.0,source-day
44,clean,1,pooled_source_day_thresholds,ensemble__original3_mse,ensemble__original3_performance,fp,0,0,0.0,nan,source-day
44,clean,1,pooled_source_day_thresholds,ensemble__original3_mse,ensemble__original3_performance,fn,28,39,11.0,nan,source-day
44,clean,1,pooled_source_day_thresholds,ensemble__original3_mse,ensemble__original3_performance,q100,nan,nan,nan,nan,source-day
44,clean,1,pooled_source_day_thresholds,ensemble__original3_mse,ensemble__original3_performance,g100,nan,nan,nan,nan,source-day
44,clean,1,2025.06.11_0.3_2,ensemble__original3_mse,ensemble__original3_performance,r2,0.9832028361630274,0.9825489995025852,-0.0006538366604421642,nan,source-day
44,clean,1,2025.06.11_0.3_2,ensemble__original3_mse,ensemble__original3_performance,rmse_all,34740.28927638065,35409.97472208763,669.6854457069785,nan,source-day
44,clean,1,2025.06.11_0.3_2,ensemble__original3_mse,ensemble__original3_performance,mae_all,26472.292926434926,27608.740930891134,1136.4480044562079,nan,source-day
44,clean,1,2025.06.11_0.3_2,ensemble__original3_mse,ensemble__original3_performance,rmse_high,36677.68092716144,36481.95395902561,-195.72696813583025,nan,source-day
44,clean,1,2025.06.11_0.3_2,ensemble__original3_mse,ensemble__original3_performance,rmse_onb,20257.428761291172,28294.519044408975,8037.090283117803,nan,source-day
44,clean,1,2025.06.11_0.3_2,ensemble__original3_mse,ensemble__original3_performance,roc_auc_cont,0.9971717171717172,0.9980952380952381,0.0009235209235209929,nan,source-day
44,clean,1,2025.06.11_0.3_2,ensemble__original3_mse,ensemble__original3_performance,pr_auc_cont,0.9983390763840261,0.9988764339547801,0.0005373575707540157,nan,source-day
44,clean,1,2025.06.11_0.3_2,ensemble__original3_mse,ensemble__original3_performance,accuracy,0.9481481481481482,0.9259259259259259,-0.022222222222222254,-2.2222222222222254,source-day
44,clean,1,2025.06.11_0.3_2,ensemble__original3_mse,ensemble__original3_performance,precision,1.0,1.0,0.0,0.0,source-day
44,clean,1,2025.06.11_0.3_2,ensemble__original3_mse,ensemble__original3_performance,recall,0.9151515151515152,0.8787878787878788,-0.036363636363636376,-3.6363636363636376,source-day
44,clean,1,2025.06.11_0.3_2,ensemble__original3_mse,ensemble__original3_performance,f1,0.9556962025316456,0.9354838709677419,-0.020212331563903674,-2.0212331563903674,source-day
44,clean,1,2025.06.11_0.3_2,ensemble__original3_mse,ensemble__original3_performance,fpr,0.0,0.0,0.0,0.0,source-day
44,clean,1,2025.06.11_0.3_2,ensemble__original3_mse,ensemble__original3_performance,fp,0,0,0.0,nan,source-day
44,clean,1,2025.06.11_0.3_2,ensemble__original3_mse,ensemble__original3_performance,fn,14,20,6.0,nan,source-day
44,clean,1,2025.06.11_0.3_2,ensemble__original3_mse,ensemble__original3_performance,q100,315466.1173,315466.1173,0.0,nan,source-day
44,clean,1,2025.06.11_0.3_2,ensemble__original3_mse,ensemble__original3_performance,g100,93961.00709999999,93961.00709999999,0.0,nan,source-day
44,clean,1,2025.06.18_0.3_3,ensemble__original3_mse,ensemble__original3_performance,r2,0.985302529177292,0.9832965995614392,-0.002005929615852775,nan,source-day
44,clean,1,2025.06.18_0.3_3,ensemble__original3_mse,ensemble__original3_performance,rmse_all,33013.039014183145,35193.83942322626,2180.800409043113,nan,source-day
44,clean,1,2025.06.18_0.3_3,ensemble__original3_mse,ensemble__original3_performance,mae_all,21777.618627231663,24278.321057408648,2500.702430176985,nan,source-day
44,clean,1,2025.06.18_0.3_3,ensemble__original3_mse,ensemble__original3_performance,rmse_high,42011.51746606004,44228.475431563704,2216.957965503665,nan,source-day
44,clean,1,2025.06.18_0.3_3,ensemble__original3_mse,ensemble__original3_performance,rmse_onb,33753.76871214134,38442.97259090817,4689.203878766828,nan,source-day
44,clean,1,2025.06.18_0.3_3,ensemble__original3_mse,ensemble__original3_performance,roc_auc_cont,0.9976666666666667,0.9980555555555555,0.00038888888888877204,nan,source-day
44,clean,1,2025.06.18_0.3_3,ensemble__original3_mse,ensemble__original3_performance,pr_auc_cont,0.9983063804325283,0.99860923304143,0.00030285260890172694,nan,source-day
44,clean,1,2025.06.18_0.3_3,ensemble__original3_mse,ensemble__original3_performance,accuracy,0.9481481481481482,0.9296296296296296,-0.0185185185185186,-1.85185185185186,source-day
44,clean,1,2025.06.18_0.3_3,ensemble__original3_mse,ensemble__original3_performance,precision,1.0,1.0,0.0,0.0,source-day
44,clean,1,2025.06.18_0.3_3,ensemble__original3_mse,ensemble__original3_performance,recall,0.9066666666666666,0.8733333333333333,-0.033333333333333326,-3.3333333333333326,source-day
44,clean,1,2025.06.18_0.3_3,ensemble__original3_mse,ensemble__original3_performance,f1,0.951048951048951,0.9323843416370107,-0.01866460941194037,-1.866460941194037,source-day
44,clean,1,2025.06.18_0.3_3,ensemble__original3_mse,ensemble__original3_performance,fpr,0.0,0.0,0.0,0.0,source-day
44,clean,1,2025.06.18_0.3_3,ensemble__original3_mse,ensemble__original3_performance,fp,0,0,0.0,nan,source-day
44,clean,1,2025.06.18_0.3_3,ensemble__original3_mse,ensemble__original3_performance,fn,14,19,5.0,nan,source-day
44,clean,1,2025.06.18_0.3_3,ensemble__original3_mse,ensemble__original3_performance,q100,434018.0833,434018.0833,0.0,nan,source-day
44,clean,1,2025.06.18_0.3_3,ensemble__original3_mse,ensemble__original3_performance,g100,162340.4017,162340.4017,0.0,nan,source-day
44,clean,1,pooled_source_day_thresholds,ensemble__original3_mse,ensemble__original3_hgb,r2,0.9842708887434957,0.990393228144523,0.006122339401027355,nan,source-day
44,clean,1,pooled_source_day_thresholds,ensemble__original3_mse,ensemble__original3_hgb,rmse_all,33887.67064847175,26483.68196623556,-7403.988682236191,nan,source-day
44,clean,1,pooled_source_day_thresholds,ensemble__original3_mse,ensemble__original3_hgb,mae_all,24124.955776833296,18691.294424969627,-5433.66135186367,nan,source-day
44,clean,1,pooled_source_day_thresholds,ensemble__original3_mse,ensemble__original3_hgb,rmse_high,39307.972690725925,26626.646633126762,-12681.326057599163,nan,source-day
44,clean,1,pooled_source_day_thresholds,ensemble__original3_mse,ensemble__original3_hgb,rmse_onb,27835.950875545088,22048.097669580762,-5787.853205964326,nan,source-day
44,clean,1,pooled_source_day_thresholds,ensemble__original3_mse,ensemble__original3_hgb,roc_auc_cont,0.9947231040564374,0.9959647266313933,0.0012416225749559695,nan,source-day
44,clean,1,pooled_source_day_thresholds,ensemble__original3_mse,ensemble__original3_hgb,pr_auc_cont,0.9964820065504119,0.9972493138684818,0.0007673073180699541,nan,source-day
44,clean,1,pooled_source_day_thresholds,ensemble__original3_mse,ensemble__original3_hgb,accuracy,0.9481481481481482,0.9592592592592593,0.011111111111111072,1.1111111111111072,source-day
44,clean,1,pooled_source_day_thresholds,ensemble__original3_mse,ensemble__original3_hgb,precision,1.0,1.0,0.0,0.0,source-day
44,clean,1,pooled_source_day_thresholds,ensemble__original3_mse,ensemble__original3_hgb,recall,0.9111111111111111,0.9301587301587302,0.01904761904761909,1.904761904761909,source-day
44,clean,1,pooled_source_day_thresholds,ensemble__original3_mse,ensemble__original3_hgb,f1,0.9534883720930233,0.9638157894736842,0.010327417380660897,1.0327417380660897,source-day
44,clean,1,pooled_source_day_thresholds,ensemble__original3_mse,ensemble__original3_hgb,fpr,0.0,0.0,0.0,0.0,source-day
44,clean,1,pooled_source_day_thresholds,ensemble__original3_mse,ensemble__original3_hgb,fp,0,0,0.0,nan,source-day
44,clean,1,pooled_source_day_thresholds,ensemble__original3_mse,ensemble__original3_hgb,fn,28,22,-6.0,nan,source-day
44,clean,1,pooled_source_day_thresholds,ensemble__original3_mse,ensemble__original3_hgb,q100,nan,nan,nan,nan,source-day
44,clean,1,pooled_source_day_thresholds,ensemble__original3_mse,ensemble__original3_hgb,g100,nan,nan,nan,nan,source-day
44,clean,1,2025.06.11_0.3_2,ensemble__original3_mse,ensemble__original3_hgb,r2,0.9832028361630274,0.9881451272952436,0.0049422911322162255,nan,source-day
44,clean,1,2025.06.11_0.3_2,ensemble__original3_mse,ensemble__original3_hgb,rmse_all,34740.28927638065,29185.28232076693,-5555.0069556137205,nan,source-day
44,clean,1,2025.06.11_0.3_2,ensemble__original3_mse,ensemble__original3_hgb,mae_all,26472.292926434926,21312.44012458864,-5159.852801846286,nan,source-day
44,clean,1,2025.06.11_0.3_2,ensemble__original3_mse,ensemble__original3_hgb,rmse_high,36677.68092716144,24591.43232896259,-12086.24859819885,nan,source-day
44,clean,1,2025.06.11_0.3_2,ensemble__original3_mse,ensemble__original3_hgb,rmse_onb,20257.428761291172,16260.091047612694,-3997.3377136784784,nan,source-day
44,clean,1,2025.06.11_0.3_2,ensemble__original3_mse,ensemble__original3_hgb,roc_auc_cont,0.9971717171717172,0.9986724386724386,0.001500721500721447,nan,source-day
44,clean,1,2025.06.11_0.3_2,ensemble__original3_mse,ensemble__original3_hgb,pr_auc_cont,0.9983390763840261,0.9992093121496294,0.0008702357656033,nan,source-day
44,clean,1,2025.06.11_0.3_2,ensemble__original3_mse,ensemble__original3_hgb,accuracy,0.9481481481481482,0.9555555555555556,0.007407407407407418,0.7407407407407418,source-day
44,clean,1,2025.06.11_0.3_2,ensemble__original3_mse,ensemble__original3_hgb,precision,1.0,1.0,0.0,0.0,source-day
44,clean,1,2025.06.11_0.3_2,ensemble__original3_mse,ensemble__original3_hgb,recall,0.9151515151515152,0.9272727272727272,0.012121212121212088,1.2121212121212088,source-day
44,clean,1,2025.06.11_0.3_2,ensemble__original3_mse,ensemble__original3_hgb,f1,0.9556962025316456,0.9622641509433962,0.006567948411750679,0.6567948411750679,source-day
44,clean,1,2025.06.11_0.3_2,ensemble__original3_mse,ensemble__original3_hgb,fpr,0.0,0.0,0.0,0.0,source-day
44,clean,1,2025.06.11_0.3_2,ensemble__original3_mse,ensemble__original3_hgb,fp,0,0,0.0,nan,source-day
44,clean,1,2025.06.11_0.3_2,ensemble__original3_mse,ensemble__original3_hgb,fn,14,12,-2.0,nan,source-day
44,clean,1,2025.06.11_0.3_2,ensemble__original3_mse,ensemble__original3_hgb,q100,315466.1173,315466.1173,0.0,nan,source-day
44,clean,1,2025.06.11_0.3_2,ensemble__original3_mse,ensemble__original3_hgb,g100,93961.00709999999,93961.00709999999,0.0,nan,source-day
44,clean,1,2025.06.18_0.3_3,ensemble__original3_mse,ensemble__original3_hgb,r2,0.985302529177292,0.9925695450512505,0.0072670158739585045,nan,source-day
44,clean,1,2025.06.18_0.3_3,ensemble__original3_mse,ensemble__original3_hgb,rmse_all,33013.039014183145,23473.17866916516,-9539.860345017983,nan,source-day
44,clean,1,2025.06.18_0.3_3,ensemble__original3_mse,ensemble__original3_hgb,mae_all,21777.618627231663,16070.148725350622,-5707.469901881041,nan,source-day
44,clean,1,2025.06.18_0.3_3,ensemble__original3_mse,ensemble__original3_hgb,rmse_high,42011.51746606004,28699.16470133582,-13312.352764724219,nan,source-day
44,clean,1,2025.06.18_0.3_3,ensemble__original3_mse,ensemble__original3_hgb,rmse_onb,33753.76871214134,26605.38781559274,-7148.380896548599,nan,source-day
44,clean,1,2025.06.18_0.3_3,ensemble__original3_mse,ensemble__original3_hgb,roc_auc_cont,0.9976666666666667,0.9988888888888889,0.0012222222222222356,nan,source-day
44,clean,1,2025.06.18_0.3_3,ensemble__original3_mse,ensemble__original3_hgb,pr_auc_cont,0.9983063804325283,0.9991331983528808,0.0008268179203525516,nan,source-day
44,clean,1,2025.06.18_0.3_3,ensemble__original3_mse,ensemble__original3_hgb,accuracy,0.9481481481481482,0.9629629629629629,0.014814814814814725,1.4814814814814725,source-day
44,clean,1,2025.06.18_0.3_3,ensemble__original3_mse,ensemble__original3_hgb,precision,1.0,1.0,0.0,0.0,source-day
44,clean,1,2025.06.18_0.3_3,ensemble__original3_mse,ensemble__original3_hgb,recall,0.9066666666666666,0.9333333333333333,0.026666666666666727,2.6666666666666727,source-day
44,clean,1,2025.06.18_0.3_3,ensemble__original3_mse,ensemble__original3_hgb,f1,0.951048951048951,0.9655172413793104,0.014468290330359346,1.4468290330359346,source-day
44,clean,1,2025.06.18_0.3_3,ensemble__original3_mse,ensemble__original3_hgb,fpr,0.0,0.0,0.0,0.0,source-day
44,clean,1,2025.06.18_0.3_3,ensemble__original3_mse,ensemble__original3_hgb,fp,0,0,0.0,nan,source-day
44,clean,1,2025.06.18_0.3_3,ensemble__original3_mse,ensemble__original3_hgb,fn,14,10,-4.0,nan,source-day
44,clean,1,2025.06.18_0.3_3,ensemble__original3_mse,ensemble__original3_hgb,q100,434018.0833,434018.0833,0.0,nan,source-day
44,clean,1,2025.06.18_0.3_3,ensemble__original3_mse,ensemble__original3_hgb,g100,162340.4017,162340.4017,0.0,nan,source-day
44,clean,1,pooled_source_day_thresholds,ensemble__original3_mse,ensemble__original3_extra_trees,r2,0.9842708887434957,0.9911865583838567,0.006915669640361055,nan,source-day
44,clean,1,pooled_source_day_thresholds,ensemble__original3_mse,ensemble__original3_extra_trees,rmse_all,33887.67064847175,25366.607633615946,-8521.063014855805,nan,source-day
44,clean,1,pooled_source_day_thresholds,ensemble__original3_mse,ensemble__original3_extra_trees,mae_all,24124.955776833296,17031.84836204681,-7093.107414786486,nan,source-day
44,clean,1,pooled_source_day_thresholds,ensemble__original3_mse,ensemble__original3_extra_trees,rmse_high,39307.972690725925,24285.39104548188,-15022.581645244045,nan,source-day
44,clean,1,pooled_source_day_thresholds,ensemble__original3_mse,ensemble__original3_extra_trees,rmse_onb,27835.950875545088,15974.205873785124,-11861.745001759964,nan,source-day
44,clean,1,pooled_source_day_thresholds,ensemble__original3_mse,ensemble__original3_extra_trees,roc_auc_cont,0.9947231040564374,0.9957671957671956,0.0010440917107582548,nan,source-day
44,clean,1,pooled_source_day_thresholds,ensemble__original3_mse,ensemble__original3_extra_trees,pr_auc_cont,0.9964820065504119,0.9970905326947732,0.0006085261443613543,nan,source-day
44,clean,1,pooled_source_day_thresholds,ensemble__original3_mse,ensemble__original3_extra_trees,accuracy,0.9481481481481482,0.9629629629629629,0.014814814814814725,1.4814814814814725,source-day
44,clean,1,pooled_source_day_thresholds,ensemble__original3_mse,ensemble__original3_extra_trees,precision,1.0,1.0,0.0,0.0,source-day
44,clean,1,pooled_source_day_thresholds,ensemble__original3_mse,ensemble__original3_extra_trees,recall,0.9111111111111111,0.9365079365079365,0.025396825396825418,2.5396825396825418,source-day
44,clean,1,pooled_source_day_thresholds,ensemble__original3_mse,ensemble__original3_extra_trees,f1,0.9534883720930233,0.9672131147540983,0.01372474266107504,1.372474266107504,source-day
44,clean,1,pooled_source_day_thresholds,ensemble__original3_mse,ensemble__original3_extra_trees,fpr,0.0,0.0,0.0,0.0,source-day
44,clean,1,pooled_source_day_thresholds,ensemble__original3_mse,ensemble__original3_extra_trees,fp,0,0,0.0,nan,source-day
44,clean,1,pooled_source_day_thresholds,ensemble__original3_mse,ensemble__original3_extra_trees,fn,28,20,-8.0,nan,source-day
44,clean,1,pooled_source_day_thresholds,ensemble__original3_mse,ensemble__original3_extra_trees,q100,nan,nan,nan,nan,source-day
44,clean,1,pooled_source_day_thresholds,ensemble__original3_mse,ensemble__original3_extra_trees,g100,nan,nan,nan,nan,source-day
44,clean,1,2025.06.11_0.3_2,ensemble__original3_mse,ensemble__original3_extra_trees,r2,0.9832028361630274,0.9888641103128651,0.005661274149837747,nan,source-day
44,clean,1,2025.06.11_0.3_2,ensemble__original3_mse,ensemble__original3_extra_trees,rmse_all,34740.28927638065,28286.4151679468,-6453.874108433851,nan,source-day
44,clean,1,2025.06.11_0.3_2,ensemble__original3_mse,ensemble__original3_extra_trees,mae_all,26472.292926434926,20051.818260899403,-6420.474665535523,nan,source-day
44,clean,1,2025.06.11_0.3_2,ensemble__original3_mse,ensemble__original3_extra_trees,rmse_high,36677.68092716144,21481.480096856303,-15196.200830305137,nan,source-day
44,clean,1,2025.06.11_0.3_2,ensemble__original3_mse,ensemble__original3_extra_trees,rmse_onb,20257.428761291172,7240.939129063323,-13016.48963222785,nan,source-day
44,clean,1,2025.06.11_0.3_2,ensemble__original3_mse,ensemble__original3_extra_trees,roc_auc_cont,0.9971717171717172,0.998961038961039,0.001789321789321896,nan,source-day
44,clean,1,2025.06.11_0.3_2,ensemble__original3_mse,ensemble__original3_extra_trees,pr_auc_cont,0.9983390763840261,0.999373117136275,0.0010340407522488881,nan,source-day
44,clean,1,2025.06.11_0.3_2,ensemble__original3_mse,ensemble__original3_extra_trees,accuracy,0.9481481481481482,0.9555555555555556,0.007407407407407418,0.7407407407407418,source-day
44,clean,1,2025.06.11_0.3_2,ensemble__original3_mse,ensemble__original3_extra_trees,precision,1.0,1.0,0.0,0.0,source-day
44,clean,1,2025.06.11_0.3_2,ensemble__original3_mse,ensemble__original3_extra_trees,recall,0.9151515151515152,0.9272727272727272,0.012121212121212088,1.2121212121212088,source-day
44,clean,1,2025.06.11_0.3_2,ensemble__original3_mse,ensemble__original3_extra_trees,f1,0.9556962025316456,0.9622641509433962,0.006567948411750679,0.6567948411750679,source-day
44,clean,1,2025.06.11_0.3_2,ensemble__original3_mse,ensemble__original3_extra_trees,fpr,0.0,0.0,0.0,0.0,source-day
44,clean,1,2025.06.11_0.3_2,ensemble__original3_mse,ensemble__original3_extra_trees,fp,0,0,0.0,nan,source-day
44,clean,1,2025.06.11_0.3_2,ensemble__original3_mse,ensemble__original3_extra_trees,fn,14,12,-2.0,nan,source-day
44,clean,1,2025.06.11_0.3_2,ensemble__original3_mse,ensemble__original3_extra_trees,q100,315466.1173,315466.1173,0.0,nan,source-day
44,clean,1,2025.06.11_0.3_2,ensemble__original3_mse,ensemble__original3_extra_trees,g100,93961.00709999999,93961.00709999999,0.0,nan,source-day
44,clean,1,2025.06.18_0.3_3,ensemble__original3_mse,ensemble__original3_extra_trees,r2,0.985302529177292,0.9934350782306527,0.008132549053360694,nan,source-day
44,clean,1,2025.06.18_0.3_3,ensemble__original3_mse,ensemble__original3_extra_trees,rmse_all,33013.039014183145,22063.732291300916,-10949.30672288223,nan,source-day
44,clean,1,2025.06.18_0.3_3,ensemble__original3_mse,ensemble__original3_extra_trees,mae_all,21777.618627231663,14011.87846319422,-7765.740164037443,nan,source-day
44,clean,1,2025.06.18_0.3_3,ensemble__original3_mse,ensemble__original3_extra_trees,rmse_high,42011.51746606004,27035.884901743888,-14975.63256431615,nan,source-day
44,clean,1,2025.06.18_0.3_3,ensemble__original3_mse,ensemble__original3_extra_trees,rmse_onb,33753.76871214134,21399.049210779016,-12354.719501362324,nan,source-day
44,clean,1,2025.06.18_0.3_3,ensemble__original3_mse,ensemble__original3_extra_trees,roc_auc_cont,0.9976666666666667,0.9996666666666666,0.0019999999999998908,nan,source-day
44,clean,1,2025.06.18_0.3_3,ensemble__original3_mse,ensemble__original3_extra_trees,pr_auc_cont,0.9983063804325283,0.9997362380956946,0.0014298576631662785,nan,source-day
44,clean,1,2025.06.18_0.3_3,ensemble__original3_mse,ensemble__original3_extra_trees,accuracy,0.9481481481481482,0.9703703703703703,0.022222222222222143,2.2222222222222143,source-day
44,clean,1,2025.06.18_0.3_3,ensemble__original3_mse,ensemble__original3_extra_trees,precision,1.0,1.0,0.0,0.0,source-day
44,clean,1,2025.06.18_0.3_3,ensemble__original3_mse,ensemble__original3_extra_trees,recall,0.9066666666666666,0.9466666666666667,0.040000000000000036,4.0000000000000036,source-day
44,clean,1,2025.06.18_0.3_3,ensemble__original3_mse,ensemble__original3_extra_trees,f1,0.951048951048951,0.9726027397260274,0.021553788677076358,2.1553788677076358,source-day
44,clean,1,2025.06.18_0.3_3,ensemble__original3_mse,ensemble__original3_extra_trees,fpr,0.0,0.0,0.0,0.0,source-day
44,clean,1,2025.06.18_0.3_3,ensemble__original3_mse,ensemble__original3_extra_trees,fp,0,0,0.0,nan,source-day
44,clean,1,2025.06.18_0.3_3,ensemble__original3_mse,ensemble__original3_extra_trees,fn,14,8,-6.0,nan,source-day
44,clean,1,2025.06.18_0.3_3,ensemble__original3_mse,ensemble__original3_extra_trees,q100,434018.0833,434018.0833,0.0,nan,source-day
44,clean,1,2025.06.18_0.3_3,ensemble__original3_mse,ensemble__original3_extra_trees,g100,162340.4017,162340.4017,0.0,nan,source-day
44,clean,1,pooled_source_day_thresholds,ensemble__original3_mse,ensemble__simple_equal,r2,0.9842708887434957,0.9868287517725537,0.0025578630290580273,nan,source-day
44,clean,1,pooled_source_day_thresholds,ensemble__original3_mse,ensemble__simple_equal,rmse_all,33887.67064847175,31010.09471482611,-2877.5759336456395,nan,source-day
44,clean,1,pooled_source_day_thresholds,ensemble__original3_mse,ensemble__simple_equal,mae_all,24124.955776833296,23764.762123354536,-360.1936534787601,nan,source-day
44,clean,1,pooled_source_day_thresholds,ensemble__original3_mse,ensemble__simple_equal,rmse_high,39307.972690725925,32711.99513302852,-6595.977557697406,nan,source-day
44,clean,1,pooled_source_day_thresholds,ensemble__original3_mse,ensemble__simple_equal,rmse_onb,27835.950875545088,31938.06223610108,4102.111360555991,nan,source-day
44,clean,1,pooled_source_day_thresholds,ensemble__original3_mse,ensemble__simple_equal,roc_auc_cont,0.9947231040564374,0.9956966490299823,0.0009735449735449597,nan,source-day
44,clean,1,pooled_source_day_thresholds,ensemble__original3_mse,ensemble__simple_equal,pr_auc_cont,0.9964820065504119,0.9970183889260738,0.0005363823756618924,nan,source-day
44,clean,1,pooled_source_day_thresholds,ensemble__original3_mse,ensemble__simple_equal,accuracy,0.9481481481481482,0.9296296296296296,-0.0185185185185186,-1.85185185185186,source-day
44,clean,1,pooled_source_day_thresholds,ensemble__original3_mse,ensemble__simple_equal,precision,1.0,1.0,0.0,0.0,source-day
44,clean,1,pooled_source_day_thresholds,ensemble__original3_mse,ensemble__simple_equal,recall,0.9111111111111111,0.8793650793650793,-0.031746031746031744,-3.1746031746031744,source-day
44,clean,1,pooled_source_day_thresholds,ensemble__original3_mse,ensemble__simple_equal,f1,0.9534883720930233,0.9358108108108109,-0.01767756128221243,-1.7677561282212428,source-day
44,clean,1,pooled_source_day_thresholds,ensemble__original3_mse,ensemble__simple_equal,fpr,0.0,0.0,0.0,0.0,source-day
44,clean,1,pooled_source_day_thresholds,ensemble__original3_mse,ensemble__simple_equal,fp,0,0,0.0,nan,source-day
44,clean,1,pooled_source_day_thresholds,ensemble__original3_mse,ensemble__simple_equal,fn,28,38,10.0,nan,source-day
44,clean,1,pooled_source_day_thresholds,ensemble__original3_mse,ensemble__simple_equal,q100,nan,nan,nan,nan,source-day
44,clean,1,pooled_source_day_thresholds,ensemble__original3_mse,ensemble__simple_equal,g100,nan,nan,nan,nan,source-day
44,clean,1,2025.06.11_0.3_2,ensemble__original3_mse,ensemble__simple_equal,r2,0.9832028361630274,0.9860608228618701,0.0028579866988427405,nan,source-day
44,clean,1,2025.06.11_0.3_2,ensemble__original3_mse,ensemble__simple_equal,rmse_all,34740.28927638065,31647.10732220874,-3093.1819541719124,nan,source-day
44,clean,1,2025.06.11_0.3_2,ensemble__original3_mse,ensemble__simple_equal,mae_all,26472.292926434926,25019.839629396367,-1452.453297038559,nan,source-day
44,clean,1,2025.06.11_0.3_2,ensemble__original3_mse,ensemble__simple_equal,rmse_high,36677.68092716144,28480.955115137214,-8196.725812024226,nan,source-day
44,clean,1,2025.06.11_0.3_2,ensemble__original3_mse,ensemble__simple_equal,rmse_onb,20257.428761291172,27322.230790628226,7064.802029337054,nan,source-day
44,clean,1,2025.06.11_0.3_2,ensemble__original3_mse,ensemble__simple_equal,roc_auc_cont,0.9971717171717172,0.9994227994227994,0.0022510822510822814,nan,source-day
44,clean,1,2025.06.11_0.3_2,ensemble__original3_mse,ensemble__simple_equal,pr_auc_cont,0.9983390763840261,0.9996536796536796,0.0013146032696534915,nan,source-day
44,clean,1,2025.06.11_0.3_2,ensemble__original3_mse,ensemble__simple_equal,accuracy,0.9481481481481482,0.9296296296296296,-0.0185185185185186,-1.85185185185186,source-day
44,clean,1,2025.06.11_0.3_2,ensemble__original3_mse,ensemble__simple_equal,precision,1.0,1.0,0.0,0.0,source-day
44,clean,1,2025.06.11_0.3_2,ensemble__original3_mse,ensemble__simple_equal,recall,0.9151515151515152,0.8848484848484849,-0.030303030303030276,-3.0303030303030276,source-day
44,clean,1,2025.06.11_0.3_2,ensemble__original3_mse,ensemble__simple_equal,f1,0.9556962025316456,0.9389067524115756,-0.016789450120069938,-1.6789450120069938,source-day
44,clean,1,2025.06.11_0.3_2,ensemble__original3_mse,ensemble__simple_equal,fpr,0.0,0.0,0.0,0.0,source-day
44,clean,1,2025.06.11_0.3_2,ensemble__original3_mse,ensemble__simple_equal,fp,0,0,0.0,nan,source-day
44,clean,1,2025.06.11_0.3_2,ensemble__original3_mse,ensemble__simple_equal,fn,14,19,5.0,nan,source-day
44,clean,1,2025.06.11_0.3_2,ensemble__original3_mse,ensemble__simple_equal,q100,315466.1173,315466.1173,0.0,nan,source-day
44,clean,1,2025.06.11_0.3_2,ensemble__original3_mse,ensemble__simple_equal,g100,93961.00709999999,93961.00709999999,0.0,nan,source-day
44,clean,1,2025.06.18_0.3_3,ensemble__original3_mse,ensemble__simple_equal,r2,0.985302529177292,0.9875701154270828,0.0022675862497908428,nan,source-day
44,clean,1,2025.06.18_0.3_3,ensemble__original3_mse,ensemble__simple_equal,rmse_all,33013.039014183145,30359.719145301304,-2653.319868881841,nan,source-day
44,clean,1,2025.06.18_0.3_3,ensemble__original3_mse,ensemble__simple_equal,mae_all,21777.618627231663,22509.684617312705,732.0659900810424,nan,source-day
44,clean,1,2025.06.18_0.3_3,ensemble__original3_mse,ensemble__simple_equal,rmse_high,42011.51746606004,36808.63253405897,-5202.88493200107,nan,source-day
44,clean,1,2025.06.18_0.3_3,ensemble__original3_mse,ensemble__simple_equal,rmse_onb,33753.76871214134,35966.3084485714,2212.539736430059,nan,source-day
44,clean,1,2025.06.18_0.3_3,ensemble__original3_mse,ensemble__simple_equal,roc_auc_cont,0.9976666666666667,0.9986111111111111,0.0009444444444444144,nan,source-day
44,clean,1,2025.06.18_0.3_3,ensemble__original3_mse,ensemble__simple_equal,pr_auc_cont,0.9983063804325283,0.998964448859503,0.0006580684269746895,nan,source-day
44,clean,1,2025.06.18_0.3_3,ensemble__original3_mse,ensemble__simple_equal,accuracy,0.9481481481481482,0.9296296296296296,-0.0185185185185186,-1.85185185185186,source-day
44,clean,1,2025.06.18_0.3_3,ensemble__original3_mse,ensemble__simple_equal,precision,1.0,1.0,0.0,0.0,source-day
44,clean,1,2025.06.18_0.3_3,ensemble__original3_mse,ensemble__simple_equal,recall,0.9066666666666666,0.8733333333333333,-0.033333333333333326,-3.3333333333333326,source-day
44,clean,1,2025.06.18_0.3_3,ensemble__original3_mse,ensemble__simple_equal,f1,0.951048951048951,0.9323843416370107,-0.01866460941194037,-1.866460941194037,source-day
44,clean,1,2025.06.18_0.3_3,ensemble__original3_mse,ensemble__simple_equal,fpr,0.0,0.0,0.0,0.0,source-day
44,clean,1,2025.06.18_0.3_3,ensemble__original3_mse,ensemble__simple_equal,fp,0,0,0.0,nan,source-day
44,clean,1,2025.06.18_0.3_3,ensemble__original3_mse,ensemble__simple_equal,fn,14,19,5.0,nan,source-day
44,clean,1,2025.06.18_0.3_3,ensemble__original3_mse,ensemble__simple_equal,q100,434018.0833,434018.0833,0.0,nan,source-day
44,clean,1,2025.06.18_0.3_3,ensemble__original3_mse,ensemble__simple_equal,g100,162340.4017,162340.4017,0.0,nan,source-day
44,0,1,pooled_source_day_thresholds,ensemble__original3_mse,ensemble__original3_hgb_extra_trees,r2,0.9684268584515879,0.9703516437390171,0.0019247852874291205,nan,source-day
44,0,1,pooled_source_day_thresholds,ensemble__original3_mse,ensemble__original3_hgb_extra_trees,rmse_all,48011.85919009861,46525.38072253924,-1486.4784675593692,nan,source-day
44,0,1,pooled_source_day_thresholds,ensemble__original3_mse,ensemble__original3_hgb_extra_trees,mae_all,36012.75453070825,34389.89291110662,-1622.86161960163,nan,source-day
44,0,1,pooled_source_day_thresholds,ensemble__original3_mse,ensemble__original3_hgb_extra_trees,rmse_high,46385.736573864946,37248.08867729933,-9137.647896565613,nan,source-day
44,0,1,pooled_source_day_thresholds,ensemble__original3_mse,ensemble__original3_hgb_extra_trees,rmse_onb,55235.810335015885,71377.72098667438,16141.910651658494,nan,source-day
44,0,1,pooled_source_day_thresholds,ensemble__original3_mse,ensemble__original3_hgb_extra_trees,roc_auc_cont,0.990010582010582,0.9926913580246913,0.0026807760141093206,nan,source-day
44,0,1,pooled_source_day_thresholds,ensemble__original3_mse,ensemble__original3_hgb_extra_trees,pr_auc_cont,0.9936181218727249,0.9950016861558811,0.0013835642831562245,nan,source-day
44,0,1,pooled_source_day_thresholds,ensemble__original3_mse,ensemble__original3_hgb_extra_trees,accuracy,0.9222222222222223,0.9296296296296296,0.007407407407407307,0.7407407407407307,source-day
44,0,1,pooled_source_day_thresholds,ensemble__original3_mse,ensemble__original3_hgb_extra_trees,precision,1.0,1.0,0.0,0.0,source-day
44,0,1,pooled_source_day_thresholds,ensemble__original3_mse,ensemble__original3_hgb_extra_trees,recall,0.8666666666666667,0.8793650793650793,0.012698412698412653,1.2698412698412653,source-day
44,0,1,pooled_source_day_thresholds,ensemble__original3_mse,ensemble__original3_hgb_extra_trees,f1,0.9285714285714286,0.9358108108108109,0.007239382239382253,0.7239382239382253,source-day
44,0,1,pooled_source_day_thresholds,ensemble__original3_mse,ensemble__original3_hgb_extra_trees,fpr,0.0,0.0,0.0,0.0,source-day
44,0,1,pooled_source_day_thresholds,ensemble__original3_mse,ensemble__original3_hgb_extra_trees,fp,0,0,0.0,nan,source-day
44,0,1,pooled_source_day_thresholds,ensemble__original3_mse,ensemble__original3_hgb_extra_trees,fn,42,38,-4.0,nan,source-day
44,0,1,pooled_source_day_thresholds,ensemble__original3_mse,ensemble__original3_hgb_extra_trees,q100,nan,nan,nan,nan,source-day
44,0,1,pooled_source_day_thresholds,ensemble__original3_mse,ensemble__original3_hgb_extra_trees,g100,nan,nan,nan,nan,source-day
44,0,1,2025.06.11_0.3_2,ensemble__original3_mse,ensemble__original3_hgb_extra_trees,r2,0.9695788879357183,0.9688883488761291,-0.000690539059589268,nan,source-day
44,0,1,2025.06.11_0.3_2,ensemble__original3_mse,ensemble__original3_hgb_extra_trees,rmse_all,46752.301421801996,47279.94703364609,527.645611844091,nan,source-day
44,0,1,2025.06.11_0.3_2,ensemble__original3_mse,ensemble__original3_hgb_extra_trees,mae_all,35636.378907444756,35193.516761409315,-442.8621460354407,nan,source-day
44,0,1,2025.06.11_0.3_2,ensemble__original3_mse,ensemble__original3_hgb_extra_trees,rmse_high,40369.37364750576,32903.91850995567,-7465.455137550089,nan,source-day
44,0,1,2025.06.11_0.3_2,ensemble__original3_mse,ensemble__original3_hgb_extra_trees,rmse_onb,36919.141232198104,73068.78039536651,36149.63916316841,nan,source-day
44,0,1,2025.06.11_0.3_2,ensemble__original3_mse,ensemble__original3_hgb_extra_trees,roc_auc_cont,0.99001443001443,0.99994227994228,0.009927849927850008,nan,source-day
44,0,1,2025.06.11_0.3_2,ensemble__original3_mse,ensemble__original3_hgb_extra_trees,pr_auc_cont,0.9946858028230043,0.999963490324936,0.005277687501931694,nan,source-day
44,0,1,2025.06.11_0.3_2,ensemble__original3_mse,ensemble__original3_hgb_extra_trees,accuracy,0.9296296296296296,0.9296296296296296,0.0,0.0,source-day
44,0,1,2025.06.11_0.3_2,ensemble__original3_mse,ensemble__original3_hgb_extra_trees,precision,1.0,1.0,0.0,0.0,source-day
44,0,1,2025.06.11_0.3_2,ensemble__original3_mse,ensemble__original3_hgb_extra_trees,recall,0.8848484848484849,0.8848484848484849,0.0,0.0,source-day
44,0,1,2025.06.11_0.3_2,ensemble__original3_mse,ensemble__original3_hgb_extra_trees,f1,0.9389067524115756,0.9389067524115756,0.0,0.0,source-day
44,0,1,2025.06.11_0.3_2,ensemble__original3_mse,ensemble__original3_hgb_extra_trees,fpr,0.0,0.0,0.0,0.0,source-day
44,0,1,2025.06.11_0.3_2,ensemble__original3_mse,ensemble__original3_hgb_extra_trees,fp,0,0,0.0,nan,source-day
44,0,1,2025.06.11_0.3_2,ensemble__original3_mse,ensemble__original3_hgb_extra_trees,fn,19,19,0.0,nan,source-day
44,0,1,2025.06.11_0.3_2,ensemble__original3_mse,ensemble__original3_hgb_extra_trees,q100,368978.105,315466.1173,-53511.9877,nan,source-day
44,0,1,2025.06.11_0.3_2,ensemble__original3_mse,ensemble__original3_hgb_extra_trees,g100,147472.9948,93961.00709999999,-53511.9877,nan,source-day
44,0,1,2025.06.18_0.3_3,ensemble__original3_mse,ensemble__original3_hgb_extra_trees,r2,0.9673040691925724,0.9717633775380156,0.004459308345443169,nan,source-day
44,0,1,2025.06.18_0.3_3,ensemble__original3_mse,ensemble__original3_hgb_extra_trees,rmse_all,49239.207523524216,45758.373127221996,-3480.83439630222,nan,source-day
44,0,1,2025.06.18_0.3_3,ensemble__original3_mse,ensemble__original3_hgb_extra_trees,mae_all,36389.13015397175,33586.26906080392,-2802.861093167834,nan,source-day
44,0,1,2025.06.18_0.3_3,ensemble__original3_mse,ensemble__original3_hgb_extra_trees,rmse_high,52209.020381432725,41504.78999578628,-10704.230385646442,nan,source-day
44,0,1,2025.06.18_0.3_3,ensemble__original3_mse,ensemble__original3_hgb_extra_trees,rmse_onb,68840.15178228985,69645.61320023518,805.4614179453347,nan,source-day
44,0,1,2025.06.18_0.3_3,ensemble__original3_mse,ensemble__original3_hgb_extra_trees,roc_auc_cont,0.9909444444444444,0.9943333333333333,0.0033888888888888857,nan,source-day
44,0,1,2025.06.18_0.3_3,ensemble__original3_mse,ensemble__original3_hgb_extra_trees,pr_auc_cont,0.9933509412954492,0.9958351266135036,0.0024841853180543882,nan,source-day
44,0,1,2025.06.18_0.3_3,ensemble__original3_mse,ensemble__original3_hgb_extra_trees,accuracy,0.9148148148148149,0.9296296296296296,0.014814814814814725,1.4814814814814725,source-day
44,0,1,2025.06.18_0.3_3,ensemble__original3_mse,ensemble__original3_hgb_extra_trees,precision,1.0,1.0,0.0,0.0,source-day
44,0,1,2025.06.18_0.3_3,ensemble__original3_mse,ensemble__original3_hgb_extra_trees,recall,0.8466666666666667,0.8733333333333333,0.026666666666666616,2.6666666666666616,source-day
44,0,1,2025.06.18_0.3_3,ensemble__original3_mse,ensemble__original3_hgb_extra_trees,f1,0.9169675090252708,0.9323843416370107,0.015416832611739872,1.5416832611739872,source-day
44,0,1,2025.06.18_0.3_3,ensemble__original3_mse,ensemble__original3_hgb_extra_trees,fpr,0.0,0.0,0.0,0.0,source-day
44,0,1,2025.06.18_0.3_3,ensemble__original3_mse,ensemble__original3_hgb_extra_trees,fp,0,0,0.0,nan,source-day
44,0,1,2025.06.18_0.3_3,ensemble__original3_mse,ensemble__original3_hgb_extra_trees,fn,23,19,-4.0,nan,source-day
44,0,1,2025.06.18_0.3_3,ensemble__original3_mse,ensemble__original3_hgb_extra_trees,q100,434018.0833,434018.0833,0.0,nan,source-day
44,0,1,2025.06.18_0.3_3,ensemble__original3_mse,ensemble__original3_hgb_extra_trees,g100,162340.4017,162340.4017,0.0,nan,source-day
44,0,1,pooled_source_day_thresholds,ensemble__original3_mse,ensemble__original3_performance,r2,0.9684268584515879,0.9667489758207148,-0.0016778826308730954,nan,source-day
44,0,1,pooled_source_day_thresholds,ensemble__original3_mse,ensemble__original3_performance,rmse_all,48011.85919009861,49271.08645058174,1259.2272604831305,nan,source-day
44,0,1,pooled_source_day_thresholds,ensemble__original3_mse,ensemble__original3_performance,mae_all,36012.75453070825,37796.71731802655,1783.9627873183053,nan,source-day
44,0,1,pooled_source_day_thresholds,ensemble__original3_mse,ensemble__original3_performance,rmse_high,46385.736573864946,47589.57948904997,1203.8429151850214,nan,source-day
44,0,1,pooled_source_day_thresholds,ensemble__original3_mse,ensemble__original3_performance,rmse_onb,55235.810335015885,62379.769256801614,7143.958921785728,nan,source-day
44,0,1,pooled_source_day_thresholds,ensemble__original3_mse,ensemble__original3_performance,roc_auc_cont,0.990010582010582,0.9914356261022927,0.0014250440917107365,nan,source-day
44,0,1,pooled_source_day_thresholds,ensemble__original3_mse,ensemble__original3_performance,pr_auc_cont,0.9936181218727249,0.9943960462514517,0.0007779243787268131,nan,source-day
44,0,1,pooled_source_day_thresholds,ensemble__original3_mse,ensemble__original3_performance,accuracy,0.9222222222222223,0.9166666666666666,-0.005555555555555647,-0.5555555555555647,source-day
44,0,1,pooled_source_day_thresholds,ensemble__original3_mse,ensemble__original3_performance,precision,1.0,1.0,0.0,0.0,source-day
44,0,1,pooled_source_day_thresholds,ensemble__original3_mse,ensemble__original3_performance,recall,0.8666666666666667,0.8571428571428571,-0.009523809523809601,-0.9523809523809601,source-day
44,0,1,pooled_source_day_thresholds,ensemble__original3_mse,ensemble__original3_performance,f1,0.9285714285714286,0.9230769230769231,-0.005494505494505475,-0.5494505494505475,source-day
44,0,1,pooled_source_day_thresholds,ensemble__original3_mse,ensemble__original3_performance,fpr,0.0,0.0,0.0,0.0,source-day
44,0,1,pooled_source_day_thresholds,ensemble__original3_mse,ensemble__original3_performance,fp,0,0,0.0,nan,source-day
44,0,1,pooled_source_day_thresholds,ensemble__original3_mse,ensemble__original3_performance,fn,42,45,3.0,nan,source-day
44,0,1,pooled_source_day_thresholds,ensemble__original3_mse,ensemble__original3_performance,q100,nan,nan,nan,nan,source-day
44,0,1,pooled_source_day_thresholds,ensemble__original3_mse,ensemble__original3_performance,g100,nan,nan,nan,nan,source-day
44,0,1,2025.06.11_0.3_2,ensemble__original3_mse,ensemble__original3_performance,r2,0.9695788879357183,0.9702689866880524,0.0006900987523340563,nan,source-day
44,0,1,2025.06.11_0.3_2,ensemble__original3_mse,ensemble__original3_performance,rmse_all,46752.301421801996,46218.97468943706,-533.3267323649343,nan,source-day
44,0,1,2025.06.11_0.3_2,ensemble__original3_mse,ensemble__original3_performance,mae_all,35636.378907444756,36135.874010614454,499.49510316969827,nan,source-day
44,0,1,2025.06.11_0.3_2,ensemble__original3_mse,ensemble__original3_performance,rmse_high,40369.37364750576,40285.50507645795,-83.86857104780938,nan,source-day
44,0,1,2025.06.11_0.3_2,ensemble__original3_mse,ensemble__original3_performance,rmse_onb,36919.141232198104,47924.524870396104,11005.383638198,nan,source-day
44,0,1,2025.06.11_0.3_2,ensemble__original3_mse,ensemble__original3_performance,roc_auc_cont,0.99001443001443,0.9934199134199133,0.0034054834054833005,nan,source-day
44,0,1,2025.06.11_0.3_2,ensemble__original3_mse,ensemble__original3_performance,pr_auc_cont,0.9946858028230043,0.9964197647243026,0.0017339619012982643,nan,source-day
44,0,1,2025.06.11_0.3_2,ensemble__original3_mse,ensemble__original3_performance,accuracy,0.9296296296296296,0.9259259259259259,-0.0037037037037036535,-0.37037037037036535,source-day
44,0,1,2025.06.11_0.3_2,ensemble__original3_mse,ensemble__original3_performance,precision,1.0,1.0,0.0,0.0,source-day
44,0,1,2025.06.11_0.3_2,ensemble__original3_mse,ensemble__original3_performance,recall,0.8848484848484849,0.8787878787878788,-0.0060606060606061,-0.60606060606061,source-day
44,0,1,2025.06.11_0.3_2,ensemble__original3_mse,ensemble__original3_performance,f1,0.9389067524115756,0.9354838709677419,-0.0034228814438337363,-0.3422881443833736,source-day
44,0,1,2025.06.11_0.3_2,ensemble__original3_mse,ensemble__original3_performance,fpr,0.0,0.0,0.0,0.0,source-day
44,0,1,2025.06.11_0.3_2,ensemble__original3_mse,ensemble__original3_performance,fp,0,0,0.0,nan,source-day
44,0,1,2025.06.11_0.3_2,ensemble__original3_mse,ensemble__original3_performance,fn,19,20,1.0,nan,source-day
44,0,1,2025.06.11_0.3_2,ensemble__original3_mse,ensemble__original3_performance,q100,368978.105,315466.1173,-53511.9877,nan,source-day
44,0,1,2025.06.11_0.3_2,ensemble__original3_mse,ensemble__original3_performance,g100,147472.9948,93961.00709999999,-53511.9877,nan,source-day
44,0,1,2025.06.18_0.3_3,ensemble__original3_mse,ensemble__original3_performance,r2,0.9673040691925724,0.9633313781373892,-0.003972691055183164,nan,source-day
44,0,1,2025.06.18_0.3_3,ensemble__original3_mse,ensemble__original3_performance,rmse_all,49239.207523524216,52144.858794502215,2905.651270978,nan,source-day
44,0,1,2025.06.18_0.3_3,ensemble__original3_mse,ensemble__original3_performance,mae_all,36389.13015397175,39457.56062543865,3068.430471466898,nan,source-day
44,0,1,2025.06.18_0.3_3,ensemble__original3_mse,ensemble__original3_performance,rmse_high,52209.020381432725,54505.035072842766,2296.0146914100405,nan,source-day
44,0,1,2025.06.18_0.3_3,ensemble__original3_mse,ensemble__original3_performance,rmse_onb,68840.15178228985,74065.58675262358,5225.434970333736,nan,source-day
44,0,1,2025.06.18_0.3_3,ensemble__original3_mse,ensemble__original3_performance,roc_auc_cont,0.9909444444444444,0.9920555555555556,0.0011111111111111738,nan,source-day
44,0,1,2025.06.18_0.3_3,ensemble__original3_mse,ensemble__original3_performance,pr_auc_cont,0.9933509412954492,0.9941340366044219,0.0007830953089726922,nan,source-day
44,0,1,2025.06.18_0.3_3,ensemble__original3_mse,ensemble__original3_performance,accuracy,0.9148148148148149,0.9074074074074074,-0.007407407407407418,-0.7407407407407418,source-day
44,0,1,2025.06.18_0.3_3,ensemble__original3_mse,ensemble__original3_performance,precision,1.0,1.0,0.0,0.0,source-day
44,0,1,2025.06.18_0.3_3,ensemble__original3_mse,ensemble__original3_performance,recall,0.8466666666666667,0.8333333333333334,-0.013333333333333308,-1.3333333333333308,source-day
44,0,1,2025.06.18_0.3_3,ensemble__original3_mse,ensemble__original3_performance,f1,0.9169675090252708,0.9090909090909091,-0.007876599934361739,-0.7876599934361739,source-day
44,0,1,2025.06.18_0.3_3,ensemble__original3_mse,ensemble__original3_performance,fpr,0.0,0.0,0.0,0.0,source-day
44,0,1,2025.06.18_0.3_3,ensemble__original3_mse,ensemble__original3_performance,fp,0,0,0.0,nan,source-day
44,0,1,2025.06.18_0.3_3,ensemble__original3_mse,ensemble__original3_performance,fn,23,25,2.0,nan,source-day
44,0,1,2025.06.18_0.3_3,ensemble__original3_mse,ensemble__original3_performance,q100,434018.0833,434018.0833,0.0,nan,source-day
44,0,1,2025.06.18_0.3_3,ensemble__original3_mse,ensemble__original3_performance,g100,162340.4017,162340.4017,0.0,nan,source-day
44,0,1,pooled_source_day_thresholds,ensemble__original3_mse,ensemble__original3_hgb,r2,0.9684268584515879,0.9711034436259055,0.0026765851743175695,nan,source-day
44,0,1,pooled_source_day_thresholds,ensemble__original3_mse,ensemble__original3_hgb,rmse_all,48011.85919009861,45931.71598287644,-2080.143207222165,nan,source-day
44,0,1,pooled_source_day_thresholds,ensemble__original3_mse,ensemble__original3_hgb,mae_all,36012.75453070825,34453.68922355028,-1559.0653071579654,nan,source-day
44,0,1,pooled_source_day_thresholds,ensemble__original3_mse,ensemble__original3_hgb,rmse_high,46385.736573864946,34815.76064226677,-11569.97593159818,nan,source-day
44,0,1,pooled_source_day_thresholds,ensemble__original3_mse,ensemble__original3_hgb,rmse_onb,55235.810335015885,61690.24780664023,6454.437471624347,nan,source-day
44,0,1,pooled_source_day_thresholds,ensemble__original3_mse,ensemble__original3_hgb,roc_auc_cont,0.990010582010582,0.9927195767195767,0.002708994708994661,nan,source-day
44,0,1,pooled_source_day_thresholds,ensemble__original3_mse,ensemble__original3_hgb,pr_auc_cont,0.9936181218727249,0.9950234605844788,0.0014053387117538563,nan,source-day
44,0,1,pooled_source_day_thresholds,ensemble__original3_mse,ensemble__original3_hgb,accuracy,0.9222222222222223,0.9259259259259259,0.0037037037037036535,0.37037037037036535,source-day
44,0,1,pooled_source_day_thresholds,ensemble__original3_mse,ensemble__original3_hgb,precision,1.0,1.0,0.0,0.0,source-day
44,0,1,pooled_source_day_thresholds,ensemble__original3_mse,ensemble__original3_hgb,recall,0.8666666666666667,0.873015873015873,0.006349206349206327,0.6349206349206327,source-day
44,0,1,pooled_source_day_thresholds,ensemble__original3_mse,ensemble__original3_hgb,f1,0.9285714285714286,0.9322033898305084,0.00363196125907983,0.363196125907983,source-day
44,0,1,pooled_source_day_thresholds,ensemble__original3_mse,ensemble__original3_hgb,fpr,0.0,0.0,0.0,0.0,source-day
44,0,1,pooled_source_day_thresholds,ensemble__original3_mse,ensemble__original3_hgb,fp,0,0,0.0,nan,source-day
44,0,1,pooled_source_day_thresholds,ensemble__original3_mse,ensemble__original3_hgb,fn,42,40,-2.0,nan,source-day
44,0,1,pooled_source_day_thresholds,ensemble__original3_mse,ensemble__original3_hgb,q100,nan,nan,nan,nan,source-day
44,0,1,pooled_source_day_thresholds,ensemble__original3_mse,ensemble__original3_hgb,g100,nan,nan,nan,nan,source-day
44,0,1,2025.06.11_0.3_2,ensemble__original3_mse,ensemble__original3_hgb,r2,0.9695788879357183,0.9686417643760915,-0.000937123559626829,nan,source-day
44,0,1,2025.06.11_0.3_2,ensemble__original3_mse,ensemble__original3_hgb,rmse_all,46752.301421801996,47466.9427741096,714.6413523076044,nan,source-day
44,0,1,2025.06.11_0.3_2,ensemble__original3_mse,ensemble__original3_hgb,mae_all,35636.378907444756,35750.223288332585,113.84438088782917,nan,source-day
44,0,1,2025.06.11_0.3_2,ensemble__original3_mse,ensemble__original3_hgb,rmse_high,40369.37364750576,31508.481684530365,-8860.891962975395,nan,source-day
44,0,1,2025.06.11_0.3_2,ensemble__original3_mse,ensemble__original3_hgb,rmse_onb,36919.141232198104,68718.04362835884,31798.90239616073,nan,source-day
44,0,1,2025.06.11_0.3_2,ensemble__original3_mse,ensemble__original3_hgb,roc_auc_cont,0.99001443001443,0.9981529581529581,0.008138528138528112,nan,source-day
44,0,1,2025.06.11_0.3_2,ensemble__original3_mse,ensemble__original3_hgb,pr_auc_cont,0.9946858028230043,0.9988167572219164,0.00413095439891209,nan,source-day
44,0,1,2025.06.11_0.3_2,ensemble__original3_mse,ensemble__original3_hgb,accuracy,0.9296296296296296,0.9259259259259259,-0.0037037037037036535,-0.37037037037036535,source-day
44,0,1,2025.06.11_0.3_2,ensemble__original3_mse,ensemble__original3_hgb,precision,1.0,1.0,0.0,0.0,source-day
44,0,1,2025.06.11_0.3_2,ensemble__original3_mse,ensemble__original3_hgb,recall,0.8848484848484849,0.8787878787878788,-0.0060606060606061,-0.60606060606061,source-day
44,0,1,2025.06.11_0.3_2,ensemble__original3_mse,ensemble__original3_hgb,f1,0.9389067524115756,0.9354838709677419,-0.0034228814438337363,-0.3422881443833736,source-day
44,0,1,2025.06.11_0.3_2,ensemble__original3_mse,ensemble__original3_hgb,fpr,0.0,0.0,0.0,0.0,source-day
44,0,1,2025.06.11_0.3_2,ensemble__original3_mse,ensemble__original3_hgb,fp,0,0,0.0,nan,source-day
44,0,1,2025.06.11_0.3_2,ensemble__original3_mse,ensemble__original3_hgb,fn,19,20,1.0,nan,source-day
44,0,1,2025.06.11_0.3_2,ensemble__original3_mse,ensemble__original3_hgb,q100,368978.105,315466.1173,-53511.9877,nan,source-day
44,0,1,2025.06.11_0.3_2,ensemble__original3_mse,ensemble__original3_hgb,g100,147472.9948,93961.00709999999,-53511.9877,nan,source-day
44,0,1,2025.06.18_0.3_3,ensemble__original3_mse,ensemble__original3_hgb,r2,0.9673040691925724,0.973482719923918,0.006178650731345603,nan,source-day
44,0,1,2025.06.18_0.3_3,ensemble__original3_mse,ensemble__original3_hgb,rmse_all,49239.207523524216,44343.36940223036,-4895.838121293855,nan,source-day
44,0,1,2025.06.18_0.3_3,ensemble__original3_mse,ensemble__original3_hgb,mae_all,36389.13015397175,33157.155158767986,-3231.9749952037673,nan,source-day
44,0,1,2025.06.18_0.3_3,ensemble__original3_mse,ensemble__original3_hgb,rmse_high,52209.020381432725,38123.81456830311,-14085.205813129614,nan,source-day
44,0,1,2025.06.18_0.3_3,ensemble__original3_mse,ensemble__original3_hgb,rmse_onb,68840.15178228985,53751.314670250904,-15088.837112038942,nan,source-day
44,0,1,2025.06.18_0.3_3,ensemble__original3_mse,ensemble__original3_hgb,roc_auc_cont,0.9909444444444444,0.9953888888888889,0.004444444444444473,nan,source-day
44,0,1,2025.06.18_0.3_3,ensemble__original3_mse,ensemble__original3_hgb,pr_auc_cont,0.9933509412954492,0.9965258909695134,0.003174949674064176,nan,source-day
44,0,1,2025.06.18_0.3_3,ensemble__original3_mse,ensemble__original3_hgb,accuracy,0.9148148148148149,0.9259259259259259,0.011111111111111072,1.1111111111111072,source-day
44,0,1,2025.06.18_0.3_3,ensemble__original3_mse,ensemble__original3_hgb,precision,1.0,1.0,0.0,0.0,source-day
44,0,1,2025.06.18_0.3_3,ensemble__original3_mse,ensemble__original3_hgb,recall,0.8466666666666667,0.8666666666666667,0.020000000000000018,2.0000000000000018,source-day
44,0,1,2025.06.18_0.3_3,ensemble__original3_mse,ensemble__original3_hgb,f1,0.9169675090252708,0.9285714285714286,0.011603919546157804,1.1603919546157804,source-day
44,0,1,2025.06.18_0.3_3,ensemble__original3_mse,ensemble__original3_hgb,fpr,0.0,0.0,0.0,0.0,source-day
44,0,1,2025.06.18_0.3_3,ensemble__original3_mse,ensemble__original3_hgb,fp,0,0,0.0,nan,source-day
44,0,1,2025.06.18_0.3_3,ensemble__original3_mse,ensemble__original3_hgb,fn,23,20,-3.0,nan,source-day
44,0,1,2025.06.18_0.3_3,ensemble__original3_mse,ensemble__original3_hgb,q100,434018.0833,434018.0833,0.0,nan,source-day
44,0,1,2025.06.18_0.3_3,ensemble__original3_mse,ensemble__original3_hgb,g100,162340.4017,162340.4017,0.0,nan,source-day
44,0,1,pooled_source_day_thresholds,ensemble__original3_mse,ensemble__original3_extra_trees,r2,0.9684268584515879,0.969719774490237,0.0012929160386491168,nan,source-day
44,0,1,pooled_source_day_thresholds,ensemble__original3_mse,ensemble__original3_extra_trees,rmse_all,48011.85919009861,47018.54417341968,-993.3150166789273,nan,source-day
44,0,1,pooled_source_day_thresholds,ensemble__original3_mse,ensemble__original3_extra_trees,mae_all,36012.75453070825,34447.944115085375,-1564.8104156228728,nan,source-day
44,0,1,pooled_source_day_thresholds,ensemble__original3_mse,ensemble__original3_extra_trees,rmse_high,46385.736573864946,38741.969930681225,-7643.766643183721,nan,source-day
44,0,1,pooled_source_day_thresholds,ensemble__original3_mse,ensemble__original3_extra_trees,rmse_onb,55235.810335015885,74413.2935777306,19177.483242714712,nan,source-day
44,0,1,pooled_source_day_thresholds,ensemble__original3_mse,ensemble__original3_extra_trees,roc_auc_cont,0.990010582010582,0.992395061728395,0.0023844797178129706,nan,source-day
44,0,1,pooled_source_day_thresholds,ensemble__original3_mse,ensemble__original3_extra_trees,pr_auc_cont,0.9936181218727249,0.9948272862560688,0.0012091643833438415,nan,source-day
44,0,1,pooled_source_day_thresholds,ensemble__original3_mse,ensemble__original3_extra_trees,accuracy,0.9222222222222223,0.9296296296296296,0.007407407407407307,0.7407407407407307,source-day
44,0,1,pooled_source_day_thresholds,ensemble__original3_mse,ensemble__original3_extra_trees,precision,1.0,1.0,0.0,0.0,source-day
44,0,1,pooled_source_day_thresholds,ensemble__original3_mse,ensemble__original3_extra_trees,recall,0.8666666666666667,0.8793650793650793,0.012698412698412653,1.2698412698412653,source-day
44,0,1,pooled_source_day_thresholds,ensemble__original3_mse,ensemble__original3_extra_trees,f1,0.9285714285714286,0.9358108108108109,0.007239382239382253,0.7239382239382253,source-day
44,0,1,pooled_source_day_thresholds,ensemble__original3_mse,ensemble__original3_extra_trees,fpr,0.0,0.0,0.0,0.0,source-day
44,0,1,pooled_source_day_thresholds,ensemble__original3_mse,ensemble__original3_extra_trees,fp,0,0,0.0,nan,source-day
44,0,1,pooled_source_day_thresholds,ensemble__original3_mse,ensemble__original3_extra_trees,fn,42,38,-4.0,nan,source-day
44,0,1,pooled_source_day_thresholds,ensemble__original3_mse,ensemble__original3_extra_trees,q100,nan,nan,nan,nan,source-day
44,0,1,pooled_source_day_thresholds,ensemble__original3_mse,ensemble__original3_extra_trees,g100,nan,nan,nan,nan,source-day
44,0,1,2025.06.11_0.3_2,ensemble__original3_mse,ensemble__original3_extra_trees,r2,0.9695788879357183,0.9689086587349158,-0.0006702292008025079,nan,source-day
44,0,1,2025.06.11_0.3_2,ensemble__original3_mse,ensemble__original3_extra_trees,rmse_all,46752.301421801996,47264.51220813614,512.2107863341444,nan,source-day
44,0,1,2025.06.11_0.3_2,ensemble__original3_mse,ensemble__original3_extra_trees,mae_all,35636.378907444756,34914.1020905531,-722.2768168916591,nan,source-day
44,0,1,2025.06.11_0.3_2,ensemble__original3_mse,ensemble__original3_extra_trees,rmse_high,40369.37364750576,33837.79925782216,-6531.574389683599,nan,source-day
44,0,1,2025.06.11_0.3_2,ensemble__original3_mse,ensemble__original3_extra_trees,rmse_onb,36919.141232198104,72682.26806803394,35763.126835835836,nan,source-day
44,0,1,2025.06.11_0.3_2,ensemble__original3_mse,ensemble__original3_extra_trees,roc_auc_cont,0.99001443001443,0.9997691197691198,0.009754689754689738,nan,source-day
44,0,1,2025.06.11_0.3_2,ensemble__original3_mse,ensemble__original3_extra_trees,pr_auc_cont,0.9946858028230043,0.9998550439459529,0.005169241122948587,nan,source-day
44,0,1,2025.06.11_0.3_2,ensemble__original3_mse,ensemble__original3_extra_trees,accuracy,0.9296296296296296,0.9296296296296296,0.0,0.0,source-day
44,0,1,2025.06.11_0.3_2,ensemble__original3_mse,ensemble__original3_extra_trees,precision,1.0,1.0,0.0,0.0,source-day
44,0,1,2025.06.11_0.3_2,ensemble__original3_mse,ensemble__original3_extra_trees,recall,0.8848484848484849,0.8848484848484849,0.0,0.0,source-day
44,0,1,2025.06.11_0.3_2,ensemble__original3_mse,ensemble__original3_extra_trees,f1,0.9389067524115756,0.9389067524115756,0.0,0.0,source-day
44,0,1,2025.06.11_0.3_2,ensemble__original3_mse,ensemble__original3_extra_trees,fpr,0.0,0.0,0.0,0.0,source-day
44,0,1,2025.06.11_0.3_2,ensemble__original3_mse,ensemble__original3_extra_trees,fp,0,0,0.0,nan,source-day
44,0,1,2025.06.11_0.3_2,ensemble__original3_mse,ensemble__original3_extra_trees,fn,19,19,0.0,nan,source-day
44,0,1,2025.06.11_0.3_2,ensemble__original3_mse,ensemble__original3_extra_trees,q100,368978.105,315466.1173,-53511.9877,nan,source-day
44,0,1,2025.06.11_0.3_2,ensemble__original3_mse,ensemble__original3_extra_trees,g100,147472.9948,93961.00709999999,-53511.9877,nan,source-day
44,0,1,2025.06.18_0.3_3,ensemble__original3_mse,ensemble__original3_extra_trees,r2,0.9673040691925724,0.9704994470642575,0.0031953778716851122,nan,source-day
44,0,1,2025.06.18_0.3_3,ensemble__original3_mse,ensemble__original3_extra_trees,rmse_all,49239.207523524216,46771.282621952814,-2467.9249015714013,nan,source-day
44,0,1,2025.06.18_0.3_3,ensemble__original3_mse,ensemble__original3_extra_trees,mae_all,36389.13015397175,33981.786139617645,-2407.3440143541084,nan,source-day
44,0,1,2025.06.18_0.3_3,ensemble__original3_mse,ensemble__original3_extra_trees,rmse_high,52209.020381432725,43502.62253194238,-8706.397849490342,nan,source-day
44,0,1,2025.06.18_0.3_3,ensemble__original3_mse,ensemble__original3_extra_trees,rmse_onb,68840.15178228985,76104.95667601087,7264.804893721026,nan,source-day
44,0,1,2025.06.18_0.3_3,ensemble__original3_mse,ensemble__original3_extra_trees,roc_auc_cont,0.9909444444444444,0.9933333333333334,0.002388888888888996,nan,source-day
44,0,1,2025.06.18_0.3_3,ensemble__original3_mse,ensemble__original3_extra_trees,pr_auc_cont,0.9933509412954492,0.9951291895668187,0.0017782482713695202,nan,source-day
44,0,1,2025.06.18_0.3_3,ensemble__original3_mse,ensemble__original3_extra_trees,accuracy,0.9148148148148149,0.9296296296296296,0.014814814814814725,1.4814814814814725,source-day
44,0,1,2025.06.18_0.3_3,ensemble__original3_mse,ensemble__original3_extra_trees,precision,1.0,1.0,0.0,0.0,source-day
44,0,1,2025.06.18_0.3_3,ensemble__original3_mse,ensemble__original3_extra_trees,recall,0.8466666666666667,0.8733333333333333,0.026666666666666616,2.6666666666666616,source-day
44,0,1,2025.06.18_0.3_3,ensemble__original3_mse,ensemble__original3_extra_trees,f1,0.9169675090252708,0.9323843416370107,0.015416832611739872,1.5416832611739872,source-day
44,0,1,2025.06.18_0.3_3,ensemble__original3_mse,ensemble__original3_extra_trees,fpr,0.0,0.0,0.0,0.0,source-day
44,0,1,2025.06.18_0.3_3,ensemble__original3_mse,ensemble__original3_extra_trees,fp,0,0,0.0,nan,source-day
44,0,1,2025.06.18_0.3_3,ensemble__original3_mse,ensemble__original3_extra_trees,fn,23,19,-4.0,nan,source-day
44,0,1,2025.06.18_0.3_3,ensemble__original3_mse,ensemble__original3_extra_trees,q100,434018.0833,434018.0833,0.0,nan,source-day
44,0,1,2025.06.18_0.3_3,ensemble__original3_mse,ensemble__original3_extra_trees,g100,162340.4017,162340.4017,0.0,nan,source-day
44,0,1,pooled_source_day_thresholds,ensemble__original3_mse,ensemble__simple_equal,r2,0.9684268584515879,0.9679128496142783,-0.0005140088373096763,nan,source-day
44,0,1,pooled_source_day_thresholds,ensemble__original3_mse,ensemble__simple_equal,rmse_all,48011.85919009861,48401.09647966914,389.2372895705339,nan,source-day
44,0,1,pooled_source_day_thresholds,ensemble__original3_mse,ensemble__simple_equal,mae_all,36012.75453070825,37531.17987025186,1518.4253395436099,nan,source-day
44,0,1,pooled_source_day_thresholds,ensemble__original3_mse,ensemble__simple_equal,rmse_high,46385.736573864946,42317.49421577106,-4068.242358093885,nan,source-day
44,0,1,pooled_source_day_thresholds,ensemble__original3_mse,ensemble__simple_equal,rmse_onb,55235.810335015885,73005.23821243753,17769.427877421644,nan,source-day
44,0,1,pooled_source_day_thresholds,ensemble__original3_mse,ensemble__simple_equal,roc_auc_cont,0.990010582010582,0.9932275132275132,0.003216931216931229,nan,source-day
44,0,1,pooled_source_day_thresholds,ensemble__original3_mse,ensemble__simple_equal,pr_auc_cont,0.9936181218727249,0.9953153902990644,0.0016972684263394378,nan,source-day
44,0,1,pooled_source_day_thresholds,ensemble__original3_mse,ensemble__simple_equal,accuracy,0.9222222222222223,0.9203703703703704,-0.0018518518518518823,-0.18518518518518823,source-day
44,0,1,pooled_source_day_thresholds,ensemble__original3_mse,ensemble__simple_equal,precision,1.0,1.0,0.0,0.0,source-day
44,0,1,pooled_source_day_thresholds,ensemble__original3_mse,ensemble__simple_equal,recall,0.8666666666666667,0.8634920634920635,-0.0031746031746031633,-0.31746031746031633,source-day
44,0,1,pooled_source_day_thresholds,ensemble__original3_mse,ensemble__simple_equal,f1,0.9285714285714286,0.9267461669505963,-0.001825261620832297,-0.1825261620832297,source-day
44,0,1,pooled_source_day_thresholds,ensemble__original3_mse,ensemble__simple_equal,fpr,0.0,0.0,0.0,0.0,source-day
44,0,1,pooled_source_day_thresholds,ensemble__original3_mse,ensemble__simple_equal,fp,0,0,0.0,nan,source-day
44,0,1,pooled_source_day_thresholds,ensemble__original3_mse,ensemble__simple_equal,fn,42,43,1.0,nan,source-day
44,0,1,pooled_source_day_thresholds,ensemble__original3_mse,ensemble__simple_equal,q100,nan,nan,nan,nan,source-day
44,0,1,pooled_source_day_thresholds,ensemble__original3_mse,ensemble__simple_equal,g100,nan,nan,nan,nan,source-day
44,0,1,2025.06.11_0.3_2,ensemble__original3_mse,ensemble__simple_equal,r2,0.9695788879357183,0.9701230696046325,0.0005441816689141232,nan,source-day
44,0,1,2025.06.11_0.3_2,ensemble__original3_mse,ensemble__simple_equal,rmse_all,46752.301421801996,46332.25510905026,-420.04631275173597,nan,source-day
44,0,1,2025.06.11_0.3_2,ensemble__original3_mse,ensemble__simple_equal,mae_all,35636.378907444756,36202.44116226975,566.0622548249958,nan,source-day
44,0,1,2025.06.11_0.3_2,ensemble__original3_mse,ensemble__simple_equal,rmse_high,40369.37364750576,36391.08319272056,-3978.2904547852013,nan,source-day
44,0,1,2025.06.11_0.3_2,ensemble__original3_mse,ensemble__simple_equal,rmse_onb,36919.141232198104,73227.31875076379,36308.17751856569,nan,source-day
44,0,1,2025.06.11_0.3_2,ensemble__original3_mse,ensemble__simple_equal,roc_auc_cont,0.99001443001443,0.99994227994228,0.009927849927850008,nan,source-day
44,0,1,2025.06.11_0.3_2,ensemble__original3_mse,ensemble__simple_equal,pr_auc_cont,0.9946858028230043,0.999963490324936,0.005277687501931694,nan,source-day
44,0,1,2025.06.11_0.3_2,ensemble__original3_mse,ensemble__simple_equal,accuracy,0.9296296296296296,0.9259259259259259,-0.0037037037037036535,-0.37037037037036535,source-day
44,0,1,2025.06.11_0.3_2,ensemble__original3_mse,ensemble__simple_equal,precision,1.0,1.0,0.0,0.0,source-day
44,0,1,2025.06.11_0.3_2,ensemble__original3_mse,ensemble__simple_equal,recall,0.8848484848484849,0.8787878787878788,-0.0060606060606061,-0.60606060606061,source-day
44,0,1,2025.06.11_0.3_2,ensemble__original3_mse,ensemble__simple_equal,f1,0.9389067524115756,0.9354838709677419,-0.0034228814438337363,-0.3422881443833736,source-day
44,0,1,2025.06.11_0.3_2,ensemble__original3_mse,ensemble__simple_equal,fpr,0.0,0.0,0.0,0.0,source-day
44,0,1,2025.06.11_0.3_2,ensemble__original3_mse,ensemble__simple_equal,fp,0,0,0.0,nan,source-day
44,0,1,2025.06.11_0.3_2,ensemble__original3_mse,ensemble__simple_equal,fn,19,20,1.0,nan,source-day
44,0,1,2025.06.11_0.3_2,ensemble__original3_mse,ensemble__simple_equal,q100,368978.105,315466.1173,-53511.9877,nan,source-day
44,0,1,2025.06.11_0.3_2,ensemble__original3_mse,ensemble__simple_equal,g100,147472.9948,93961.00709999999,-53511.9877,nan,source-day
44,0,1,2025.06.18_0.3_3,ensemble__original3_mse,ensemble__simple_equal,r2,0.9673040691925724,0.9657646177264589,-0.0015394514661134506,nan,source-day
44,0,1,2025.06.18_0.3_3,ensemble__original3_mse,ensemble__simple_equal,rmse_all,49239.207523524216,50385.06145057646,1145.8539270522451,nan,source-day
44,0,1,2025.06.18_0.3_3,ensemble__original3_mse,ensemble__simple_equal,mae_all,36389.13015397175,38859.91857823397,2470.7884242622167,nan,source-day
44,0,1,2025.06.18_0.3_3,ensemble__original3_mse,ensemble__simple_equal,rmse_high,52209.020381432725,47998.70451939673,-4210.315862035997,nan,source-day
44,0,1,2025.06.18_0.3_3,ensemble__original3_mse,ensemble__simple_equal,rmse_onb,68840.15178228985,72782.48004488122,3942.3282625913707,nan,source-day
44,0,1,2025.06.18_0.3_3,ensemble__original3_mse,ensemble__simple_equal,roc_auc_cont,0.9909444444444444,0.9951666666666668,0.004222222222222349,nan,source-day
44,0,1,2025.06.18_0.3_3,ensemble__original3_mse,ensemble__simple_equal,pr_auc_cont,0.9933509412954492,0.9964026125552055,0.00305167125975625,nan,source-day
44,0,1,2025.06.18_0.3_3,ensemble__original3_mse,ensemble__simple_equal,accuracy,0.9148148148148149,0.9148148148148149,0.0,0.0,source-day
44,0,1,2025.06.18_0.3_3,ensemble__original3_mse,ensemble__simple_equal,precision,1.0,1.0,0.0,0.0,source-day
44,0,1,2025.06.18_0.3_3,ensemble__original3_mse,ensemble__simple_equal,recall,0.8466666666666667,0.8466666666666667,0.0,0.0,source-day
44,0,1,2025.06.18_0.3_3,ensemble__original3_mse,ensemble__simple_equal,f1,0.9169675090252708,0.9169675090252708,0.0,0.0,source-day
44,0,1,2025.06.18_0.3_3,ensemble__original3_mse,ensemble__simple_equal,fpr,0.0,0.0,0.0,0.0,source-day
44,0,1,2025.06.18_0.3_3,ensemble__original3_mse,ensemble__simple_equal,fp,0,0,0.0,nan,source-day
44,0,1,2025.06.18_0.3_3,ensemble__original3_mse,ensemble__simple_equal,fn,23,23,0.0,nan,source-day
44,0,1,2025.06.18_0.3_3,ensemble__original3_mse,ensemble__simple_equal,q100,434018.0833,434018.0833,0.0,nan,source-day
44,0,1,2025.06.18_0.3_3,ensemble__original3_mse,ensemble__simple_equal,g100,162340.4017,162340.4017,0.0,nan,source-day
44,-4,1,pooled_source_day_thresholds,ensemble__original3_mse,ensemble__original3_hgb_extra_trees,r2,0.9531641026520802,0.9536459300711795,0.00048182741909930105,nan,source-day
44,-4,1,pooled_source_day_thresholds,ensemble__original3_mse,ensemble__original3_hgb_extra_trees,rmse_all,58476.187254353055,58174.62081395123,-301.56644040182437,nan,source-day
44,-4,1,pooled_source_day_thresholds,ensemble__original3_mse,ensemble__original3_hgb_extra_trees,mae_all,44678.899229203125,42904.22804114647,-1774.6711880566581,nan,source-day
44,-4,1,pooled_source_day_thresholds,ensemble__original3_mse,ensemble__original3_hgb_extra_trees,rmse_high,56974.05103569054,47677.372842169265,-9296.678193521278,nan,source-day
44,-4,1,pooled_source_day_thresholds,ensemble__original3_mse,ensemble__original3_hgb_extra_trees,rmse_onb,90806.37884626718,102086.92941548741,11280.550569220228,nan,source-day
44,-4,1,pooled_source_day_thresholds,ensemble__original3_mse,ensemble__original3_hgb_extra_trees,roc_auc_cont,0.9834215167548501,0.9850864197530864,0.001664902998236295,nan,source-day
44,-4,1,pooled_source_day_thresholds,ensemble__original3_mse,ensemble__original3_hgb_extra_trees,pr_auc_cont,0.9896734080682006,0.9907671928146777,0.0010937847464771444,nan,source-day
44,-4,1,pooled_source_day_thresholds,ensemble__original3_mse,ensemble__original3_hgb_extra_trees,accuracy,0.8944444444444445,0.924074074074074,0.02962962962962956,2.962962962962956,source-day
44,-4,1,pooled_source_day_thresholds,ensemble__original3_mse,ensemble__original3_hgb_extra_trees,precision,1.0,1.0,0.0,0.0,source-day
44,-4,1,pooled_source_day_thresholds,ensemble__original3_mse,ensemble__original3_hgb_extra_trees,recall,0.819047619047619,0.8698412698412699,0.050793650793650835,5.0793650793650835,source-day
44,-4,1,pooled_source_day_thresholds,ensemble__original3_mse,ensemble__original3_hgb_extra_trees,f1,0.900523560209424,0.9303904923599321,0.029866932150508063,2.9866932150508063,source-day
44,-4,1,pooled_source_day_thresholds,ensemble__original3_mse,ensemble__original3_hgb_extra_trees,fpr,0.0,0.0,0.0,0.0,source-day
44,-4,1,pooled_source_day_thresholds,ensemble__original3_mse,ensemble__original3_hgb_extra_trees,fp,0,0,0.0,nan,source-day
44,-4,1,pooled_source_day_thresholds,ensemble__original3_mse,ensemble__original3_hgb_extra_trees,fn,57,41,-16.0,nan,source-day
44,-4,1,pooled_source_day_thresholds,ensemble__original3_mse,ensemble__original3_hgb_extra_trees,q100,nan,nan,nan,nan,source-day
44,-4,1,pooled_source_day_thresholds,ensemble__original3_mse,ensemble__original3_hgb_extra_trees,g100,nan,nan,nan,nan,source-day
44,-4,1,2025.06.11_0.3_2,ensemble__original3_mse,ensemble__original3_hgb_extra_trees,r2,0.9606252565585341,0.9595657169398212,-0.001059539618712968,nan,source-day
44,-4,1,2025.06.11_0.3_2,ensemble__original3_mse,ensemble__original3_hgb_extra_trees,rmse_all,53189.305509708065,53900.19356348856,710.8880537804944,nan,source-day
44,-4,1,2025.06.11_0.3_2,ensemble__original3_mse,ensemble__original3_hgb_extra_trees,mae_all,41583.9768437348,39495.59270154561,-2088.384142189192,nan,source-day
44,-4,1,2025.06.11_0.3_2,ensemble__original3_mse,ensemble__original3_hgb_extra_trees,rmse_high,49221.82656027539,43345.30733836533,-5876.519221910057,nan,source-day
44,-4,1,2025.06.11_0.3_2,ensemble__original3_mse,ensemble__original3_hgb_extra_trees,rmse_onb,74951.50996865911,108713.96083158613,33762.45086292701,nan,source-day
44,-4,1,2025.06.11_0.3_2,ensemble__original3_mse,ensemble__original3_hgb_extra_trees,roc_auc_cont,0.9837229437229437,0.9944588744588745,0.010735930735930821,nan,source-day
44,-4,1,2025.06.11_0.3_2,ensemble__original3_mse,ensemble__original3_hgb_extra_trees,pr_auc_cont,0.9911155096072487,0.9966528424404159,0.005537332833167152,nan,source-day
44,-4,1,2025.06.11_0.3_2,ensemble__original3_mse,ensemble__original3_hgb_extra_trees,accuracy,0.8962962962962963,0.9296296296296296,0.033333333333333326,3.3333333333333326,source-day
44,-4,1,2025.06.11_0.3_2,ensemble__original3_mse,ensemble__original3_hgb_extra_trees,precision,1.0,1.0,0.0,0.0,source-day
44,-4,1,2025.06.11_0.3_2,ensemble__original3_mse,ensemble__original3_hgb_extra_trees,recall,0.8303030303030303,0.8848484848484849,0.054545454545454564,5.454545454545457,source-day
44,-4,1,2025.06.11_0.3_2,ensemble__original3_mse,ensemble__original3_hgb_extra_trees,f1,0.9072847682119205,0.9389067524115756,0.03162198419965512,3.1621984199655118,source-day
44,-4,1,2025.06.11_0.3_2,ensemble__original3_mse,ensemble__original3_hgb_extra_trees,fpr,0.0,0.0,0.0,0.0,source-day
44,-4,1,2025.06.11_0.3_2,ensemble__original3_mse,ensemble__original3_hgb_extra_trees,fp,0,0,0.0,nan,source-day
44,-4,1,2025.06.11_0.3_2,ensemble__original3_mse,ensemble__original3_hgb_extra_trees,fn,28,19,-9.0,nan,source-day
44,-4,1,2025.06.11_0.3_2,ensemble__original3_mse,ensemble__original3_hgb_extra_trees,q100,368978.105,315466.1173,-53511.9877,nan,source-day
44,-4,1,2025.06.11_0.3_2,ensemble__original3_mse,ensemble__original3_hgb_extra_trees,g100,147472.9948,93961.00709999999,-53511.9877,nan,source-day
44,-4,1,2025.06.18_0.3_3,ensemble__original3_mse,ensemble__original3_hgb_extra_trees,r2,0.9459249159527344,0.9479003544680338,0.0019754385152993548,nan,source-day
44,-4,1,2025.06.18_0.3_3,ensemble__original3_mse,ensemble__original3_hgb_extra_trees,rmse_all,63323.19267856971,62155.789332229404,-1167.403346340303,nan,source-day
44,-4,1,2025.06.18_0.3_3,ensemble__original3_mse,ensemble__original3_hgb_extra_trees,mae_all,47773.82161467144,46312.863380747316,-1460.9582339241242,nan,source-day
44,-4,1,2025.06.18_0.3_3,ensemble__original3_mse,ensemble__original3_hgb_extra_trees,rmse_high,64433.08312547114,52027.68220180944,-12405.400923661698,nan,source-day
44,-4,1,2025.06.18_0.3_3,ensemble__original3_mse,ensemble__original3_hgb_extra_trees,rmse_onb,104277.8405595436,94998.72122967646,-9279.119329867142,nan,source-day
44,-4,1,2025.06.18_0.3_3,ensemble__original3_mse,ensemble__original3_hgb_extra_trees,roc_auc_cont,0.9844999999999999,0.9928333333333333,0.008333333333333415,nan,source-day
44,-4,1,2025.06.18_0.3_3,ensemble__original3_mse,ensemble__original3_hgb_extra_trees,pr_auc_cont,0.9890887822847199,0.9946347160755562,0.005545933790836344,nan,source-day
44,-4,1,2025.06.18_0.3_3,ensemble__original3_mse,ensemble__original3_hgb_extra_trees,accuracy,0.8925925925925926,0.9185185185185185,0.025925925925925908,2.592592592592591,source-day
44,-4,1,2025.06.18_0.3_3,ensemble__original3_mse,ensemble__original3_hgb_extra_trees,precision,1.0,1.0,0.0,0.0,source-day
44,-4,1,2025.06.18_0.3_3,ensemble__original3_mse,ensemble__original3_hgb_extra_trees,recall,0.8066666666666666,0.8533333333333334,0.046666666666666745,4.666666666666675,source-day
44,-4,1,2025.06.18_0.3_3,ensemble__original3_mse,ensemble__original3_hgb_extra_trees,f1,0.8929889298892989,0.920863309352518,0.027874379463219134,2.7874379463219134,source-day
44,-4,1,2025.06.18_0.3_3,ensemble__original3_mse,ensemble__original3_hgb_extra_trees,fpr,0.0,0.0,0.0,0.0,source-day
44,-4,1,2025.06.18_0.3_3,ensemble__original3_mse,ensemble__original3_hgb_extra_trees,fp,0,0,0.0,nan,source-day
44,-4,1,2025.06.18_0.3_3,ensemble__original3_mse,ensemble__original3_hgb_extra_trees,fn,29,22,-7.0,nan,source-day
44,-4,1,2025.06.18_0.3_3,ensemble__original3_mse,ensemble__original3_hgb_extra_trees,q100,434018.0833,434018.0833,0.0,nan,source-day
44,-4,1,2025.06.18_0.3_3,ensemble__original3_mse,ensemble__original3_hgb_extra_trees,g100,162340.4017,162340.4017,0.0,nan,source-day
44,-4,1,pooled_source_day_thresholds,ensemble__original3_mse,ensemble__original3_performance,r2,0.9531641026520802,0.9518959505951826,-0.0012681520568975646,nan,source-day
44,-4,1,pooled_source_day_thresholds,ensemble__original3_mse,ensemble__original3_performance,rmse_all,58476.187254353055,59262.564887931134,786.3776335780785,nan,source-day
44,-4,1,pooled_source_day_thresholds,ensemble__original3_mse,ensemble__original3_performance,mae_all,44678.899229203125,45735.21846736701,1056.3192381638873,nan,source-day
44,-4,1,pooled_source_day_thresholds,ensemble__original3_mse,ensemble__original3_performance,rmse_high,56974.05103569054,57367.23881832709,393.1877826365453,nan,source-day
44,-4,1,pooled_source_day_thresholds,ensemble__original3_mse,ensemble__original3_performance,rmse_onb,90806.37884626718,95411.05041374145,4604.671567474274,nan,source-day
44,-4,1,pooled_source_day_thresholds,ensemble__original3_mse,ensemble__original3_performance,roc_auc_cont,0.9834215167548501,0.984747795414462,0.0013262786596118792,nan,source-day
44,-4,1,pooled_source_day_thresholds,ensemble__original3_mse,ensemble__original3_performance,pr_auc_cont,0.9896734080682006,0.9904072841571248,0.000733876088924168,nan,source-day
44,-4,1,pooled_source_day_thresholds,ensemble__original3_mse,ensemble__original3_performance,accuracy,0.8944444444444445,0.9037037037037037,0.00925925925925919,0.9259259259259189,source-day
44,-4,1,pooled_source_day_thresholds,ensemble__original3_mse,ensemble__original3_performance,precision,1.0,1.0,0.0,0.0,source-day
44,-4,1,pooled_source_day_thresholds,ensemble__original3_mse,ensemble__original3_performance,recall,0.819047619047619,0.834920634920635,0.015873015873015928,1.5873015873015928,source-day
44,-4,1,pooled_source_day_thresholds,ensemble__original3_mse,ensemble__original3_performance,f1,0.900523560209424,0.9100346020761245,0.009511041866700487,0.9511041866700487,source-day
44,-4,1,pooled_source_day_thresholds,ensemble__original3_mse,ensemble__original3_performance,fpr,0.0,0.0,0.0,0.0,source-day
44,-4,1,pooled_source_day_thresholds,ensemble__original3_mse,ensemble__original3_performance,fp,0,0,0.0,nan,source-day
44,-4,1,pooled_source_day_thresholds,ensemble__original3_mse,ensemble__original3_performance,fn,57,52,-5.0,nan,source-day
44,-4,1,pooled_source_day_thresholds,ensemble__original3_mse,ensemble__original3_performance,q100,nan,nan,nan,nan,source-day
44,-4,1,pooled_source_day_thresholds,ensemble__original3_mse,ensemble__original3_performance,g100,nan,nan,nan,nan,source-day
44,-4,1,2025.06.11_0.3_2,ensemble__original3_mse,ensemble__original3_performance,r2,0.9606252565585341,0.9612810032178256,0.0006557466592914674,nan,source-day
44,-4,1,2025.06.11_0.3_2,ensemble__original3_mse,ensemble__original3_performance,rmse_all,53189.305509708065,52744.53881749641,-444.766692211655,nan,source-day
44,-4,1,2025.06.11_0.3_2,ensemble__original3_mse,ensemble__original3_performance,mae_all,41583.9768437348,41627.008468861895,43.03162512709241,nan,source-day
44,-4,1,2025.06.11_0.3_2,ensemble__original3_mse,ensemble__original3_performance,rmse_high,49221.82656027539,48643.62634367463,-578.2002166007587,nan,source-day
44,-4,1,2025.06.11_0.3_2,ensemble__original3_mse,ensemble__original3_performance,rmse_onb,74951.50996865911,82829.85827461172,7878.348305952604,nan,source-day
44,-4,1,2025.06.11_0.3_2,ensemble__original3_mse,ensemble__original3_performance,roc_auc_cont,0.9837229437229437,0.9867243867243868,0.003001443001443116,nan,source-day
44,-4,1,2025.06.11_0.3_2,ensemble__original3_mse,ensemble__original3_performance,pr_auc_cont,0.9911155096072487,0.9926146717497732,0.001499162142524546,nan,source-day
44,-4,1,2025.06.11_0.3_2,ensemble__original3_mse,ensemble__original3_performance,accuracy,0.8962962962962963,0.9074074074074074,0.011111111111111183,1.1111111111111183,source-day
44,-4,1,2025.06.11_0.3_2,ensemble__original3_mse,ensemble__original3_performance,precision,1.0,1.0,0.0,0.0,source-day
44,-4,1,2025.06.11_0.3_2,ensemble__original3_mse,ensemble__original3_performance,recall,0.8303030303030303,0.8484848484848485,0.018181818181818188,1.8181818181818188,source-day
44,-4,1,2025.06.11_0.3_2,ensemble__original3_mse,ensemble__original3_performance,f1,0.9072847682119205,0.9180327868852459,0.010748018673325421,1.0748018673325421,source-day
44,-4,1,2025.06.11_0.3_2,ensemble__original3_mse,ensemble__original3_performance,fpr,0.0,0.0,0.0,0.0,source-day
44,-4,1,2025.06.11_0.3_2,ensemble__original3_mse,ensemble__original3_performance,fp,0,0,0.0,nan,source-day
44,-4,1,2025.06.11_0.3_2,ensemble__original3_mse,ensemble__original3_performance,fn,28,25,-3.0,nan,source-day
44,-4,1,2025.06.11_0.3_2,ensemble__original3_mse,ensemble__original3_performance,q100,368978.105,368978.105,0.0,nan,source-day
44,-4,1,2025.06.11_0.3_2,ensemble__original3_mse,ensemble__original3_performance,g100,147472.9948,147472.9948,0.0,nan,source-day
44,-4,1,2025.06.18_0.3_3,ensemble__original3_mse,ensemble__original3_performance,r2,0.9459249159527344,0.9427923352002983,-0.003132580752436165,nan,source-day
44,-4,1,2025.06.18_0.3_3,ensemble__original3_mse,ensemble__original3_performance,rmse_all,63323.19267856971,65131.53475177834,1808.3420732086306,nan,source-day
44,-4,1,2025.06.18_0.3_3,ensemble__original3_mse,ensemble__original3_performance,mae_all,47773.82161467144,49843.42846587214,2069.606851200697,nan,source-day
44,-4,1,2025.06.18_0.3_3,ensemble__original3_mse,ensemble__original3_performance,rmse_high,64433.08312547114,65637.47074646087,1204.387620989728,nan,source-day
44,-4,1,2025.06.18_0.3_3,ensemble__original3_mse,ensemble__original3_performance,rmse_onb,104277.8405595436,106516.43845113655,2238.5978915929445,nan,source-day
44,-4,1,2025.06.18_0.3_3,ensemble__original3_mse,ensemble__original3_performance,roc_auc_cont,0.9844999999999999,0.9854444444444445,0.0009444444444445255,nan,source-day
44,-4,1,2025.06.18_0.3_3,ensemble__original3_mse,ensemble__original3_performance,pr_auc_cont,0.9890887822847199,0.9896738612196732,0.0005850789349532981,nan,source-day
44,-4,1,2025.06.18_0.3_3,ensemble__original3_mse,ensemble__original3_performance,accuracy,0.8925925925925926,0.9,0.007407407407407418,0.7407407407407418,source-day
44,-4,1,2025.06.18_0.3_3,ensemble__original3_mse,ensemble__original3_performance,precision,1.0,1.0,0.0,0.0,source-day
44,-4,1,2025.06.18_0.3_3,ensemble__original3_mse,ensemble__original3_performance,recall,0.8066666666666666,0.82,0.013333333333333308,1.3333333333333308,source-day
44,-4,1,2025.06.18_0.3_3,ensemble__original3_mse,ensemble__original3_performance,f1,0.8929889298892989,0.9010989010989011,0.008109971209602218,0.8109971209602218,source-day
44,-4,1,2025.06.18_0.3_3,ensemble__original3_mse,ensemble__original3_performance,fpr,0.0,0.0,0.0,0.0,source-day
44,-4,1,2025.06.18_0.3_3,ensemble__original3_mse,ensemble__original3_performance,fp,0,0,0.0,nan,source-day
44,-4,1,2025.06.18_0.3_3,ensemble__original3_mse,ensemble__original3_performance,fn,29,27,-2.0,nan,source-day
44,-4,1,2025.06.18_0.3_3,ensemble__original3_mse,ensemble__original3_performance,q100,434018.0833,434018.0833,0.0,nan,source-day
44,-4,1,2025.06.18_0.3_3,ensemble__original3_mse,ensemble__original3_performance,g100,162340.4017,162340.4017,0.0,nan,source-day
44,-4,1,pooled_source_day_thresholds,ensemble__original3_mse,ensemble__original3_hgb,r2,0.9531641026520802,0.9534649853711121,0.0003008827190319474,nan,source-day
44,-4,1,pooled_source_day_thresholds,ensemble__original3_mse,ensemble__original3_hgb,rmse_all,58476.187254353055,58288.053537348926,-188.13371700412972,nan,source-day
44,-4,1,pooled_source_day_thresholds,ensemble__original3_mse,ensemble__original3_hgb,mae_all,44678.899229203125,43765.96708380029,-912.9321454028322,nan,source-day
44,-4,1,pooled_source_day_thresholds,ensemble__original3_mse,ensemble__original3_hgb,rmse_high,56974.05103569054,43108.441288595925,-13865.609747094619,nan,source-day
44,-4,1,pooled_source_day_thresholds,ensemble__original3_mse,ensemble__original3_hgb,rmse_onb,90806.37884626718,84549.25403879133,-6257.124807475848,nan,source-day
44,-4,1,pooled_source_day_thresholds,ensemble__original3_mse,ensemble__original3_hgb,roc_auc_cont,0.9834215167548501,0.9869629629629629,0.0035414462081128084,nan,source-day
44,-4,1,pooled_source_day_thresholds,ensemble__original3_mse,ensemble__original3_hgb,pr_auc_cont,0.9896734080682006,0.9918669980506382,0.0021935899824375715,nan,source-day
44,-4,1,pooled_source_day_thresholds,ensemble__original3_mse,ensemble__original3_hgb,accuracy,0.8944444444444445,0.9203703703703704,0.025925925925925908,2.592592592592591,source-day
44,-4,1,pooled_source_day_thresholds,ensemble__original3_mse,ensemble__original3_hgb,precision,1.0,1.0,0.0,0.0,source-day
44,-4,1,pooled_source_day_thresholds,ensemble__original3_mse,ensemble__original3_hgb,recall,0.819047619047619,0.8634920634920635,0.04444444444444451,4.444444444444451,source-day
44,-4,1,pooled_source_day_thresholds,ensemble__original3_mse,ensemble__original3_hgb,f1,0.900523560209424,0.9267461669505963,0.026222606741172272,2.622260674117227,source-day
44,-4,1,pooled_source_day_thresholds,ensemble__original3_mse,ensemble__original3_hgb,fpr,0.0,0.0,0.0,0.0,source-day
44,-4,1,pooled_source_day_thresholds,ensemble__original3_mse,ensemble__original3_hgb,fp,0,0,0.0,nan,source-day
44,-4,1,pooled_source_day_thresholds,ensemble__original3_mse,ensemble__original3_hgb,fn,57,43,-14.0,nan,source-day
44,-4,1,pooled_source_day_thresholds,ensemble__original3_mse,ensemble__original3_hgb,q100,nan,nan,nan,nan,source-day
44,-4,1,pooled_source_day_thresholds,ensemble__original3_mse,ensemble__original3_hgb,g100,nan,nan,nan,nan,source-day
44,-4,1,2025.06.11_0.3_2,ensemble__original3_mse,ensemble__original3_hgb,r2,0.9606252565585341,0.9604055342521988,-0.00021972230633537926,nan,source-day
44,-4,1,2025.06.11_0.3_2,ensemble__original3_mse,ensemble__original3_hgb,rmse_all,53189.305509708065,53337.50480149152,148.19929178345774,nan,source-day
44,-4,1,2025.06.11_0.3_2,ensemble__original3_mse,ensemble__original3_hgb,mae_all,41583.9768437348,40062.69170388058,-1521.2851398542261,nan,source-day
44,-4,1,2025.06.11_0.3_2,ensemble__original3_mse,ensemble__original3_hgb,rmse_high,49221.82656027539,38274.075805504115,-10947.750754771274,nan,source-day
44,-4,1,2025.06.11_0.3_2,ensemble__original3_mse,ensemble__original3_hgb,rmse_onb,74951.50996865911,90275.81957781289,15324.309609153774,nan,source-day
44,-4,1,2025.06.11_0.3_2,ensemble__original3_mse,ensemble__original3_hgb,roc_auc_cont,0.9837229437229437,0.9899567099567099,0.006233766233766258,nan,source-day
44,-4,1,2025.06.11_0.3_2,ensemble__original3_mse,ensemble__original3_hgb,pr_auc_cont,0.9911155096072487,0.9941398612230288,0.0030243516157800743,nan,source-day
44,-4,1,2025.06.11_0.3_2,ensemble__original3_mse,ensemble__original3_hgb,accuracy,0.8962962962962963,0.9259259259259259,0.029629629629629672,2.9629629629629672,source-day
44,-4,1,2025.06.11_0.3_2,ensemble__original3_mse,ensemble__original3_hgb,precision,1.0,1.0,0.0,0.0,source-day
44,-4,1,2025.06.11_0.3_2,ensemble__original3_mse,ensemble__original3_hgb,recall,0.8303030303030303,0.8787878787878788,0.048484848484848464,4.848484848484846,source-day
44,-4,1,2025.06.11_0.3_2,ensemble__original3_mse,ensemble__original3_hgb,f1,0.9072847682119205,0.9354838709677419,0.02819910275582138,2.819910275582138,source-day
44,-4,1,2025.06.11_0.3_2,ensemble__original3_mse,ensemble__original3_hgb,fpr,0.0,0.0,0.0,0.0,source-day
44,-4,1,2025.06.11_0.3_2,ensemble__original3_mse,ensemble__original3_hgb,fp,0,0,0.0,nan,source-day
44,-4,1,2025.06.11_0.3_2,ensemble__original3_mse,ensemble__original3_hgb,fn,28,20,-8.0,nan,source-day
44,-4,1,2025.06.11_0.3_2,ensemble__original3_mse,ensemble__original3_hgb,q100,368978.105,315466.1173,-53511.9877,nan,source-day
44,-4,1,2025.06.11_0.3_2,ensemble__original3_mse,ensemble__original3_hgb,g100,147472.9948,93961.00709999999,-53511.9877,nan,source-day
44,-4,1,2025.06.18_0.3_3,ensemble__original3_mse,ensemble__original3_hgb,r2,0.9459249159527344,0.9467303024298831,0.000805386477148673,nan,source-day
44,-4,1,2025.06.18_0.3_3,ensemble__original3_mse,ensemble__original3_hgb,rmse_all,63323.19267856971,62849.860396794655,-473.33228177505225,nan,source-day
44,-4,1,2025.06.18_0.3_3,ensemble__original3_mse,ensemble__original3_hgb,mae_all,47773.82161467144,47469.24246372,-304.57915095143835,nan,source-day
44,-4,1,2025.06.18_0.3_3,ensemble__original3_mse,ensemble__original3_hgb,rmse_high,64433.08312547114,47865.58079722686,-16567.502328244278,nan,source-day
44,-4,1,2025.06.18_0.3_3,ensemble__original3_mse,ensemble__original3_hgb,rmse_onb,104277.8405595436,78405.54263944815,-25872.297920095458,nan,source-day
44,-4,1,2025.06.18_0.3_3,ensemble__original3_mse,ensemble__original3_hgb,roc_auc_cont,0.9844999999999999,0.9924444444444445,0.007944444444444532,nan,source-day
44,-4,1,2025.06.18_0.3_3,ensemble__original3_mse,ensemble__original3_hgb,pr_auc_cont,0.9890887822847199,0.9943579894362381,0.00526920715151824,nan,source-day
44,-4,1,2025.06.18_0.3_3,ensemble__original3_mse,ensemble__original3_hgb,accuracy,0.8925925925925926,0.9148148148148149,0.022222222222222254,2.2222222222222254,source-day
44,-4,1,2025.06.18_0.3_3,ensemble__original3_mse,ensemble__original3_hgb,precision,1.0,1.0,0.0,0.0,source-day
44,-4,1,2025.06.18_0.3_3,ensemble__original3_mse,ensemble__original3_hgb,recall,0.8066666666666666,0.8466666666666667,0.040000000000000036,4.0000000000000036,source-day
44,-4,1,2025.06.18_0.3_3,ensemble__original3_mse,ensemble__original3_hgb,f1,0.8929889298892989,0.9169675090252708,0.0239785791359719,2.39785791359719,source-day
44,-4,1,2025.06.18_0.3_3,ensemble__original3_mse,ensemble__original3_hgb,fpr,0.0,0.0,0.0,0.0,source-day
44,-4,1,2025.06.18_0.3_3,ensemble__original3_mse,ensemble__original3_hgb,fp,0,0,0.0,nan,source-day
44,-4,1,2025.06.18_0.3_3,ensemble__original3_mse,ensemble__original3_hgb,fn,29,23,-6.0,nan,source-day
44,-4,1,2025.06.18_0.3_3,ensemble__original3_mse,ensemble__original3_hgb,q100,434018.0833,434018.0833,0.0,nan,source-day
44,-4,1,2025.06.18_0.3_3,ensemble__original3_mse,ensemble__original3_hgb,g100,162340.4017,162340.4017,0.0,nan,source-day
44,-4,1,pooled_source_day_thresholds,ensemble__original3_mse,ensemble__original3_extra_trees,r2,0.9531641026520802,0.9530957755228681,-6.832712921212014e-05,nan,source-day
44,-4,1,pooled_source_day_thresholds,ensemble__original3_mse,ensemble__original3_extra_trees,rmse_all,58476.187254353055,58518.82606417291,42.6388098198513,nan,source-day
44,-4,1,pooled_source_day_thresholds,ensemble__original3_mse,ensemble__original3_extra_trees,mae_all,44678.899229203125,42765.91541164376,-1912.9838175593686,nan,source-day
44,-4,1,pooled_source_day_thresholds,ensemble__original3_mse,ensemble__original3_extra_trees,rmse_high,56974.05103569054,49893.75253488794,-7080.298500802601,nan,source-day
44,-4,1,pooled_source_day_thresholds,ensemble__original3_mse,ensemble__original3_extra_trees,rmse_onb,90806.37884626718,108031.91015217069,17225.53130590351,nan,source-day
44,-4,1,pooled_source_day_thresholds,ensemble__original3_mse,ensemble__original3_extra_trees,roc_auc_cont,0.9834215167548501,0.9846067019400353,0.001185185185185178,nan,source-day
44,-4,1,pooled_source_day_thresholds,ensemble__original3_mse,ensemble__original3_extra_trees,pr_auc_cont,0.9896734080682006,0.9904155245443979,0.0007421164761972632,nan,source-day
44,-4,1,pooled_source_day_thresholds,ensemble__original3_mse,ensemble__original3_extra_trees,accuracy,0.8944444444444445,0.9222222222222223,0.02777777777777779,2.777777777777779,source-day
44,-4,1,pooled_source_day_thresholds,ensemble__original3_mse,ensemble__original3_extra_trees,precision,1.0,1.0,0.0,0.0,source-day
44,-4,1,pooled_source_day_thresholds,ensemble__original3_mse,ensemble__original3_extra_trees,recall,0.819047619047619,0.8666666666666667,0.04761904761904767,4.761904761904767,source-day
44,-4,1,pooled_source_day_thresholds,ensemble__original3_mse,ensemble__original3_extra_trees,f1,0.900523560209424,0.9285714285714286,0.02804786836200457,2.804786836200457,source-day
44,-4,1,pooled_source_day_thresholds,ensemble__original3_mse,ensemble__original3_extra_trees,fpr,0.0,0.0,0.0,0.0,source-day
44,-4,1,pooled_source_day_thresholds,ensemble__original3_mse,ensemble__original3_extra_trees,fp,0,0,0.0,nan,source-day
44,-4,1,pooled_source_day_thresholds,ensemble__original3_mse,ensemble__original3_extra_trees,fn,57,42,-15.0,nan,source-day
44,-4,1,pooled_source_day_thresholds,ensemble__original3_mse,ensemble__original3_extra_trees,q100,nan,nan,nan,nan,source-day
44,-4,1,pooled_source_day_thresholds,ensemble__original3_mse,ensemble__original3_extra_trees,g100,nan,nan,nan,nan,source-day
44,-4,1,2025.06.11_0.3_2,ensemble__original3_mse,ensemble__original3_extra_trees,r2,0.9606252565585341,0.9587905415604911,-0.0018347149980429966,nan,source-day
44,-4,1,2025.06.11_0.3_2,ensemble__original3_mse,ensemble__original3_extra_trees,rmse_all,53189.305509708065,54414.40753013248,1225.1020204244123,nan,source-day
44,-4,1,2025.06.11_0.3_2,ensemble__original3_mse,ensemble__original3_extra_trees,mae_all,41583.9768437348,39431.665509614926,-2152.311334119877,nan,source-day
44,-4,1,2025.06.11_0.3_2,ensemble__original3_mse,ensemble__original3_extra_trees,rmse_high,49221.82656027539,45526.283024834134,-3695.543535441255,nan,source-day
44,-4,1,2025.06.11_0.3_2,ensemble__original3_mse,ensemble__original3_extra_trees,rmse_onb,74951.50996865911,113768.643522064,38817.133553404885,nan,source-day
44,-4,1,2025.06.11_0.3_2,ensemble__original3_mse,ensemble__original3_extra_trees,roc_auc_cont,0.9837229437229437,0.9967099567099568,0.012987012987013102,nan,source-day
44,-4,1,2025.06.11_0.3_2,ensemble__original3_mse,ensemble__original3_extra_trees,pr_auc_cont,0.9911155096072487,0.997946416595725,0.006830906988476326,nan,source-day
44,-4,1,2025.06.11_0.3_2,ensemble__original3_mse,ensemble__original3_extra_trees,accuracy,0.8962962962962963,0.9296296296296296,0.033333333333333326,3.3333333333333326,source-day
44,-4,1,2025.06.11_0.3_2,ensemble__original3_mse,ensemble__original3_extra_trees,precision,1.0,1.0,0.0,0.0,source-day
44,-4,1,2025.06.11_0.3_2,ensemble__original3_mse,ensemble__original3_extra_trees,recall,0.8303030303030303,0.8848484848484849,0.054545454545454564,5.454545454545457,source-day
44,-4,1,2025.06.11_0.3_2,ensemble__original3_mse,ensemble__original3_extra_trees,f1,0.9072847682119205,0.9389067524115756,0.03162198419965512,3.1621984199655118,source-day
44,-4,1,2025.06.11_0.3_2,ensemble__original3_mse,ensemble__original3_extra_trees,fpr,0.0,0.0,0.0,0.0,source-day
44,-4,1,2025.06.11_0.3_2,ensemble__original3_mse,ensemble__original3_extra_trees,fp,0,0,0.0,nan,source-day
44,-4,1,2025.06.11_0.3_2,ensemble__original3_mse,ensemble__original3_extra_trees,fn,28,19,-9.0,nan,source-day
44,-4,1,2025.06.11_0.3_2,ensemble__original3_mse,ensemble__original3_extra_trees,q100,368978.105,315466.1173,-53511.9877,nan,source-day
44,-4,1,2025.06.11_0.3_2,ensemble__original3_mse,ensemble__original3_extra_trees,g100,147472.9948,93961.00709999999,-53511.9877,nan,source-day
44,-4,1,2025.06.18_0.3_3,ensemble__original3_mse,ensemble__original3_extra_trees,r2,0.9459249159527344,0.9475681206841475,0.001643204731413106,nan,source-day
44,-4,1,2025.06.18_0.3_3,ensemble__original3_mse,ensemble__original3_extra_trees,rmse_all,63323.19267856971,62353.65475256849,-969.5379260012196,nan,source-day
44,-4,1,2025.06.18_0.3_3,ensemble__original3_mse,ensemble__original3_extra_trees,mae_all,47773.82161467144,46100.165313672594,-1673.6563009988458,nan,source-day
44,-4,1,2025.06.18_0.3_3,ensemble__original3_mse,ensemble__original3_extra_trees,rmse_high,64433.08312547114,54293.69252098725,-10139.390604483888,nan,source-day
44,-4,1,2025.06.18_0.3_3,ensemble__original3_mse,ensemble__original3_extra_trees,rmse_onb,104277.8405595436,101972.95216577232,-2304.8883937712817,nan,source-day
44,-4,1,2025.06.18_0.3_3,ensemble__original3_mse,ensemble__original3_extra_trees,roc_auc_cont,0.9844999999999999,0.9926111111111111,0.00811111111111118,nan,source-day
44,-4,1,2025.06.18_0.3_3,ensemble__original3_mse,ensemble__original3_extra_trees,pr_auc_cont,0.9890887822847199,0.9944940019621558,0.005405219677435902,nan,source-day
44,-4,1,2025.06.18_0.3_3,ensemble__original3_mse,ensemble__original3_extra_trees,accuracy,0.8925925925925926,0.9148148148148149,0.022222222222222254,2.2222222222222254,source-day
44,-4,1,2025.06.18_0.3_3,ensemble__original3_mse,ensemble__original3_extra_trees,precision,1.0,1.0,0.0,0.0,source-day
44,-4,1,2025.06.18_0.3_3,ensemble__original3_mse,ensemble__original3_extra_trees,recall,0.8066666666666666,0.8466666666666667,0.040000000000000036,4.0000000000000036,source-day
44,-4,1,2025.06.18_0.3_3,ensemble__original3_mse,ensemble__original3_extra_trees,f1,0.8929889298892989,0.9169675090252708,0.0239785791359719,2.39785791359719,source-day
44,-4,1,2025.06.18_0.3_3,ensemble__original3_mse,ensemble__original3_extra_trees,fpr,0.0,0.0,0.0,0.0,source-day
44,-4,1,2025.06.18_0.3_3,ensemble__original3_mse,ensemble__original3_extra_trees,fp,0,0,0.0,nan,source-day
44,-4,1,2025.06.18_0.3_3,ensemble__original3_mse,ensemble__original3_extra_trees,fn,29,23,-6.0,nan,source-day
44,-4,1,2025.06.18_0.3_3,ensemble__original3_mse,ensemble__original3_extra_trees,q100,434018.0833,434018.0833,0.0,nan,source-day
44,-4,1,2025.06.18_0.3_3,ensemble__original3_mse,ensemble__original3_extra_trees,g100,162340.4017,162340.4017,0.0,nan,source-day
44,-4,1,pooled_source_day_thresholds,ensemble__original3_mse,ensemble__simple_equal,r2,0.9531641026520802,0.9523341178981506,-0.0008299847539295913,nan,source-day
44,-4,1,pooled_source_day_thresholds,ensemble__original3_mse,ensemble__simple_equal,rmse_all,58476.187254353055,58992.04378965054,515.8565352974838,nan,source-day
44,-4,1,pooled_source_day_thresholds,ensemble__original3_mse,ensemble__simple_equal,mae_all,44678.899229203125,45252.711066849886,573.811837646761,nan,source-day
44,-4,1,pooled_source_day_thresholds,ensemble__original3_mse,ensemble__simple_equal,rmse_high,56974.05103569054,51116.6696074733,-5857.381428217246,nan,source-day
44,-4,1,pooled_source_day_thresholds,ensemble__original3_mse,ensemble__simple_equal,rmse_onb,90806.37884626718,99491.73751341725,8685.358667150067,nan,source-day
44,-4,1,pooled_source_day_thresholds,ensemble__original3_mse,ensemble__simple_equal,roc_auc_cont,0.9834215167548501,0.9876261022927688,0.0042045855379186925,nan,source-day
44,-4,1,pooled_source_day_thresholds,ensemble__original3_mse,ensemble__simple_equal,pr_auc_cont,0.9896734080682006,0.9920863959201046,0.002412987851904025,nan,source-day
44,-4,1,pooled_source_day_thresholds,ensemble__original3_mse,ensemble__simple_equal,accuracy,0.8944444444444445,0.9166666666666666,0.022222222222222143,2.2222222222222143,source-day
44,-4,1,pooled_source_day_thresholds,ensemble__original3_mse,ensemble__simple_equal,precision,1.0,1.0,0.0,0.0,source-day
44,-4,1,pooled_source_day_thresholds,ensemble__original3_mse,ensemble__simple_equal,recall,0.819047619047619,0.8571428571428571,0.03809523809523807,3.809523809523807,source-day
44,-4,1,pooled_source_day_thresholds,ensemble__original3_mse,ensemble__simple_equal,f1,0.900523560209424,0.9230769230769231,0.022553362867499094,2.2553362867499094,source-day
44,-4,1,pooled_source_day_thresholds,ensemble__original3_mse,ensemble__simple_equal,fpr,0.0,0.0,0.0,0.0,source-day
44,-4,1,pooled_source_day_thresholds,ensemble__original3_mse,ensemble__simple_equal,fp,0,0,0.0,nan,source-day
44,-4,1,pooled_source_day_thresholds,ensemble__original3_mse,ensemble__simple_equal,fn,57,45,-12.0,nan,source-day
44,-4,1,pooled_source_day_thresholds,ensemble__original3_mse,ensemble__simple_equal,q100,nan,nan,nan,nan,source-day
44,-4,1,pooled_source_day_thresholds,ensemble__original3_mse,ensemble__simple_equal,g100,nan,nan,nan,nan,source-day
44,-4,1,2025.06.11_0.3_2,ensemble__original3_mse,ensemble__simple_equal,r2,0.9606252565585341,0.9612617318202614,0.0006364752617272762,nan,source-day
44,-4,1,2025.06.11_0.3_2,ensemble__original3_mse,ensemble__simple_equal,rmse_all,53189.305509708065,52757.663312103796,-431.6421976042693,nan,source-day
44,-4,1,2025.06.11_0.3_2,ensemble__original3_mse,ensemble__simple_equal,mae_all,41583.9768437348,40624.05331954673,-959.9235241880742,nan,source-day
44,-4,1,2025.06.11_0.3_2,ensemble__original3_mse,ensemble__simple_equal,rmse_high,49221.82656027539,44395.10444673823,-4826.722113537158,nan,source-day
44,-4,1,2025.06.11_0.3_2,ensemble__original3_mse,ensemble__simple_equal,rmse_onb,74951.50996865911,101249.87006029379,26298.360091634677,nan,source-day
44,-4,1,2025.06.11_0.3_2,ensemble__original3_mse,ensemble__simple_equal,roc_auc_cont,0.9837229437229437,0.994978354978355,0.011255411255411296,nan,source-day
44,-4,1,2025.06.11_0.3_2,ensemble__original3_mse,ensemble__simple_equal,pr_auc_cont,0.9911155096072487,0.9970297757843425,0.0059142661770937854,nan,source-day
44,-4,1,2025.06.11_0.3_2,ensemble__original3_mse,ensemble__simple_equal,accuracy,0.8962962962962963,0.9259259259259259,0.029629629629629672,2.9629629629629672,source-day
44,-4,1,2025.06.11_0.3_2,ensemble__original3_mse,ensemble__simple_equal,precision,1.0,1.0,0.0,0.0,source-day
44,-4,1,2025.06.11_0.3_2,ensemble__original3_mse,ensemble__simple_equal,recall,0.8303030303030303,0.8787878787878788,0.048484848484848464,4.848484848484846,source-day
44,-4,1,2025.06.11_0.3_2,ensemble__original3_mse,ensemble__simple_equal,f1,0.9072847682119205,0.9354838709677419,0.02819910275582138,2.819910275582138,source-day
44,-4,1,2025.06.11_0.3_2,ensemble__original3_mse,ensemble__simple_equal,fpr,0.0,0.0,0.0,0.0,source-day
44,-4,1,2025.06.11_0.3_2,ensemble__original3_mse,ensemble__simple_equal,fp,0,0,0.0,nan,source-day
44,-4,1,2025.06.11_0.3_2,ensemble__original3_mse,ensemble__simple_equal,fn,28,20,-8.0,nan,source-day
44,-4,1,2025.06.11_0.3_2,ensemble__original3_mse,ensemble__simple_equal,q100,368978.105,315466.1173,-53511.9877,nan,source-day
44,-4,1,2025.06.11_0.3_2,ensemble__original3_mse,ensemble__simple_equal,g100,147472.9948,93961.00709999999,-53511.9877,nan,source-day
44,-4,1,2025.06.18_0.3_3,ensemble__original3_mse,ensemble__simple_equal,r2,0.9459249159527344,0.9436738294734052,-0.002251086479329256,nan,source-day
44,-4,1,2025.06.18_0.3_3,ensemble__original3_mse,ensemble__simple_equal,rmse_all,63323.19267856971,64627.79141210684,1304.598733537132,nan,source-day
44,-4,1,2025.06.18_0.3_3,ensemble__original3_mse,ensemble__simple_equal,mae_all,47773.82161467144,49881.36881415302,2107.5471994815816,nan,source-day
44,-4,1,2025.06.18_0.3_3,ensemble__original3_mse,ensemble__simple_equal,rmse_high,64433.08312547114,57611.642798783745,-6821.440326687392,nan,source-day
44,-4,1,2025.06.18_0.3_3,ensemble__original3_mse,ensemble__simple_equal,rmse_onb,104277.8405595436,97701.97275209472,-6575.867807448885,nan,source-day
44,-4,1,2025.06.18_0.3_3,ensemble__original3_mse,ensemble__simple_equal,roc_auc_cont,0.9844999999999999,0.9919444444444444,0.007444444444444476,nan,source-day
44,-4,1,2025.06.18_0.3_3,ensemble__original3_mse,ensemble__simple_equal,pr_auc_cont,0.9890887822847199,0.9940494490729429,0.004960666788223045,nan,source-day
44,-4,1,2025.06.18_0.3_3,ensemble__original3_mse,ensemble__simple_equal,accuracy,0.8925925925925926,0.9074074074074074,0.014814814814814836,1.4814814814814836,source-day
44,-4,1,2025.06.18_0.3_3,ensemble__original3_mse,ensemble__simple_equal,precision,1.0,1.0,0.0,0.0,source-day
44,-4,1,2025.06.18_0.3_3,ensemble__original3_mse,ensemble__simple_equal,recall,0.8066666666666666,0.8333333333333334,0.026666666666666727,2.6666666666666727,source-day
44,-4,1,2025.06.18_0.3_3,ensemble__original3_mse,ensemble__simple_equal,f1,0.8929889298892989,0.9090909090909091,0.01610197920161016,1.6101979201610161,source-day
44,-4,1,2025.06.18_0.3_3,ensemble__original3_mse,ensemble__simple_equal,fpr,0.0,0.0,0.0,0.0,source-day
44,-4,1,2025.06.18_0.3_3,ensemble__original3_mse,ensemble__simple_equal,fp,0,0,0.0,nan,source-day
44,-4,1,2025.06.18_0.3_3,ensemble__original3_mse,ensemble__simple_equal,fn,29,25,-4.0,nan,source-day
44,-4,1,2025.06.18_0.3_3,ensemble__original3_mse,ensemble__simple_equal,q100,434018.0833,434018.0833,0.0,nan,source-day
44,-4,1,2025.06.18_0.3_3,ensemble__original3_mse,ensemble__simple_equal,g100,162340.4017,162340.4017,0.0,nan,source-day
44,-8,1,pooled_source_day_thresholds,ensemble__original3_mse,ensemble__original3_hgb_extra_trees,r2,0.937604365258647,0.9439170656869609,0.006312700428313889,nan,source-day
44,-8,1,pooled_source_day_thresholds,ensemble__original3_mse,ensemble__original3_hgb_extra_trees,rmse_all,67494.24271923678,63988.95083746926,-3505.2918817675163,nan,source-day
44,-8,1,pooled_source_day_thresholds,ensemble__original3_mse,ensemble__original3_hgb_extra_trees,mae_all,51602.11407317509,47119.85677481242,-4482.257298362674,nan,source-day
44,-8,1,pooled_source_day_thresholds,ensemble__original3_mse,ensemble__original3_hgb_extra_trees,rmse_high,65067.406910694684,53588.6763311888,-11478.730579505886,nan,source-day
44,-8,1,pooled_source_day_thresholds,ensemble__original3_mse,ensemble__original3_hgb_extra_trees,rmse_onb,113801.1213551621,113450.63483843984,-350.4865167222597,nan,source-day
44,-8,1,pooled_source_day_thresholds,ensemble__original3_mse,ensemble__original3_hgb_extra_trees,roc_auc_cont,0.9768747795414462,0.9767901234567902,-8.46560846560207e-05,nan,source-day
44,-8,1,pooled_source_day_thresholds,ensemble__original3_mse,ensemble__original3_hgb_extra_trees,pr_auc_cont,0.9864850733880887,0.9865156530482861,3.0579660197482816e-05,nan,source-day
44,-8,1,pooled_source_day_thresholds,ensemble__original3_mse,ensemble__original3_hgb_extra_trees,accuracy,0.8888888888888888,0.9166666666666666,0.02777777777777779,2.777777777777779,source-day
44,-8,1,pooled_source_day_thresholds,ensemble__original3_mse,ensemble__original3_hgb_extra_trees,precision,1.0,1.0,0.0,0.0,source-day
44,-8,1,pooled_source_day_thresholds,ensemble__original3_mse,ensemble__original3_hgb_extra_trees,recall,0.8095238095238095,0.8571428571428571,0.04761904761904756,4.761904761904756,source-day
44,-8,1,pooled_source_day_thresholds,ensemble__original3_mse,ensemble__original3_hgb_extra_trees,f1,0.8947368421052632,0.9230769230769231,0.028340080971659964,2.8340080971659964,source-day
44,-8,1,pooled_source_day_thresholds,ensemble__original3_mse,ensemble__original3_hgb_extra_trees,fpr,0.0,0.0,0.0,0.0,source-day
44,-8,1,pooled_source_day_thresholds,ensemble__original3_mse,ensemble__original3_hgb_extra_trees,fp,0,0,0.0,nan,source-day
44,-8,1,pooled_source_day_thresholds,ensemble__original3_mse,ensemble__original3_hgb_extra_trees,fn,60,45,-15.0,nan,source-day
44,-8,1,pooled_source_day_thresholds,ensemble__original3_mse,ensemble__original3_hgb_extra_trees,q100,nan,nan,nan,nan,source-day
44,-8,1,pooled_source_day_thresholds,ensemble__original3_mse,ensemble__original3_hgb_extra_trees,g100,nan,nan,nan,nan,source-day
44,-8,1,2025.06.11_0.3_2,ensemble__original3_mse,ensemble__original3_hgb_extra_trees,r2,0.9502467668178416,0.9559580496124694,0.005711282794627848,nan,source-day
44,-8,1,2025.06.11_0.3_2,ensemble__original3_mse,ensemble__original3_hgb_extra_trees,rmse_all,59789.66298603348,56253.39304194697,-3536.269944086511,nan,source-day
44,-8,1,2025.06.11_0.3_2,ensemble__original3_mse,ensemble__original3_hgb_extra_trees,mae_all,46595.448343182805,41247.2062197817,-5348.242123401105,nan,source-day
44,-8,1,2025.06.11_0.3_2,ensemble__original3_mse,ensemble__original3_hgb_extra_trees,rmse_high,54789.002585040245,45742.44092619301,-9046.561658847233,nan,source-day
44,-8,1,2025.06.11_0.3_2,ensemble__original3_mse,ensemble__original3_hgb_extra_trees,rmse_onb,95233.36082944012,113524.3904467738,18291.029617333683,nan,source-day
44,-8,1,2025.06.11_0.3_2,ensemble__original3_mse,ensemble__original3_hgb_extra_trees,roc_auc_cont,0.9803174603174603,0.9931313131313132,0.012813852813852944,nan,source-day
44,-8,1,2025.06.11_0.3_2,ensemble__original3_mse,ensemble__original3_hgb_extra_trees,pr_auc_cont,0.9896718922727334,0.9960328559821285,0.0063609637093950955,nan,source-day
44,-8,1,2025.06.11_0.3_2,ensemble__original3_mse,ensemble__original3_hgb_extra_trees,accuracy,0.8925925925925926,0.9296296296296296,0.03703703703703698,3.703703703703698,source-day
44,-8,1,2025.06.11_0.3_2,ensemble__original3_mse,ensemble__original3_hgb_extra_trees,precision,1.0,1.0,0.0,0.0,source-day
44,-8,1,2025.06.11_0.3_2,ensemble__original3_mse,ensemble__original3_hgb_extra_trees,recall,0.8242424242424242,0.8848484848484849,0.06060606060606066,6.060606060606066,source-day
44,-8,1,2025.06.11_0.3_2,ensemble__original3_mse,ensemble__original3_hgb_extra_trees,f1,0.9036544850498339,0.9389067524115756,0.035252267361741696,3.5252267361741696,source-day
44,-8,1,2025.06.11_0.3_2,ensemble__original3_mse,ensemble__original3_hgb_extra_trees,fpr,0.0,0.0,0.0,0.0,source-day
44,-8,1,2025.06.11_0.3_2,ensemble__original3_mse,ensemble__original3_hgb_extra_trees,fp,0,0,0.0,nan,source-day
44,-8,1,2025.06.11_0.3_2,ensemble__original3_mse,ensemble__original3_hgb_extra_trees,fn,29,19,-10.0,nan,source-day
44,-8,1,2025.06.11_0.3_2,ensemble__original3_mse,ensemble__original3_hgb_extra_trees,q100,368978.105,315466.1173,-53511.9877,nan,source-day
44,-8,1,2025.06.11_0.3_2,ensemble__original3_mse,ensemble__original3_hgb_extra_trees,g100,147472.9948,93961.00709999999,-53511.9877,nan,source-day
44,-8,1,2025.06.18_0.3_3,ensemble__original3_mse,ensemble__original3_hgb_extra_trees,r2,0.9253415787657785,0.9322383294067385,0.006896750640959959,nan,source-day
44,-8,1,2025.06.18_0.3_3,ensemble__original3_mse,ensemble__original3_hgb_extra_trees,rmse_all,74405.253850135,70885.31180596123,-3519.942044173775,nan,source-day
44,-8,1,2025.06.18_0.3_3,ensemble__original3_mse,ensemble__original3_hgb_extra_trees,mae_all,56608.779803167374,52992.50732984315,-3616.272473324221,nan,source-day
44,-8,1,2025.06.18_0.3_3,ensemble__original3_mse,ensemble__original3_hgb_extra_trees,rmse_high,74758.90143442537,61066.02240915841,-13692.879025266957,nan,source-day
44,-8,1,2025.06.18_0.3_3,ensemble__original3_mse,ensemble__original3_hgb_extra_trees,rmse_onb,129738.18801152702,113376.83124950397,-16361.356762023046,nan,source-day
44,-8,1,2025.06.18_0.3_3,ensemble__original3_mse,ensemble__original3_hgb_extra_trees,roc_auc_cont,0.9742222222222222,0.990388888888889,0.016166666666666774,nan,source-day
44,-8,1,2025.06.18_0.3_3,ensemble__original3_mse,ensemble__original3_hgb_extra_trees,pr_auc_cont,0.9836505508335689,0.993106898006007,0.009456347172438151,nan,source-day
44,-8,1,2025.06.18_0.3_3,ensemble__original3_mse,ensemble__original3_hgb_extra_trees,accuracy,0.8851851851851852,0.9037037037037037,0.01851851851851849,1.851851851851849,source-day
44,-8,1,2025.06.18_0.3_3,ensemble__original3_mse,ensemble__original3_hgb_extra_trees,precision,1.0,1.0,0.0,0.0,source-day
44,-8,1,2025.06.18_0.3_3,ensemble__original3_mse,ensemble__original3_hgb_extra_trees,recall,0.7933333333333333,0.8266666666666667,0.033333333333333326,3.3333333333333326,source-day
44,-8,1,2025.06.18_0.3_3,ensemble__original3_mse,ensemble__original3_hgb_extra_trees,f1,0.8847583643122676,0.9051094890510949,0.020351124738827275,2.0351124738827275,source-day
44,-8,1,2025.06.18_0.3_3,ensemble__original3_mse,ensemble__original3_hgb_extra_trees,fpr,0.0,0.0,0.0,0.0,source-day
44,-8,1,2025.06.18_0.3_3,ensemble__original3_mse,ensemble__original3_hgb_extra_trees,fp,0,0,0.0,nan,source-day
44,-8,1,2025.06.18_0.3_3,ensemble__original3_mse,ensemble__original3_hgb_extra_trees,fn,31,26,-5.0,nan,source-day
44,-8,1,2025.06.18_0.3_3,ensemble__original3_mse,ensemble__original3_hgb_extra_trees,q100,434018.0833,434018.0833,0.0,nan,source-day
44,-8,1,2025.06.18_0.3_3,ensemble__original3_mse,ensemble__original3_hgb_extra_trees,g100,162340.4017,162340.4017,0.0,nan,source-day
44,-8,1,pooled_source_day_thresholds,ensemble__original3_mse,ensemble__original3_performance,r2,0.937604365258647,0.9379585617203405,0.00035419646169354557,nan,source-day
44,-8,1,pooled_source_day_thresholds,ensemble__original3_mse,ensemble__original3_performance,rmse_all,67494.24271923678,67302.40041054324,-191.84230869353632,nan,source-day
44,-8,1,pooled_source_day_thresholds,ensemble__original3_mse,ensemble__original3_performance,mae_all,51602.11407317509,51721.97375736732,119.85968419222627,nan,source-day
44,-8,1,pooled_source_day_thresholds,ensemble__original3_mse,ensemble__original3_performance,rmse_high,65067.406910694684,64667.03976754323,-400.3671431514522,nan,source-day
44,-8,1,pooled_source_day_thresholds,ensemble__original3_mse,ensemble__original3_performance,rmse_onb,113801.1213551621,117149.65150966641,3348.530154504304,nan,source-day
44,-8,1,pooled_source_day_thresholds,ensemble__original3_mse,ensemble__original3_performance,roc_auc_cont,0.9768747795414462,0.9783844797178131,0.0015097001763668683,nan,source-day
44,-8,1,pooled_source_day_thresholds,ensemble__original3_mse,ensemble__original3_performance,pr_auc_cont,0.9864850733880887,0.9872987643103807,0.0008136909222919986,nan,source-day
44,-8,1,pooled_source_day_thresholds,ensemble__original3_mse,ensemble__original3_performance,accuracy,0.8888888888888888,0.8962962962962963,0.007407407407407418,0.7407407407407418,source-day
44,-8,1,pooled_source_day_thresholds,ensemble__original3_mse,ensemble__original3_performance,precision,1.0,1.0,0.0,0.0,source-day
44,-8,1,pooled_source_day_thresholds,ensemble__original3_mse,ensemble__original3_performance,recall,0.8095238095238095,0.8222222222222222,0.012698412698412653,1.2698412698412653,source-day
44,-8,1,pooled_source_day_thresholds,ensemble__original3_mse,ensemble__original3_performance,f1,0.8947368421052632,0.9024390243902439,0.007702182284980763,0.7702182284980763,source-day
44,-8,1,pooled_source_day_thresholds,ensemble__original3_mse,ensemble__original3_performance,fpr,0.0,0.0,0.0,0.0,source-day
44,-8,1,pooled_source_day_thresholds,ensemble__original3_mse,ensemble__original3_performance,fp,0,0,0.0,nan,source-day
44,-8,1,pooled_source_day_thresholds,ensemble__original3_mse,ensemble__original3_performance,fn,60,56,-4.0,nan,source-day
44,-8,1,pooled_source_day_thresholds,ensemble__original3_mse,ensemble__original3_performance,q100,nan,nan,nan,nan,source-day
44,-8,1,pooled_source_day_thresholds,ensemble__original3_mse,ensemble__original3_performance,g100,nan,nan,nan,nan,source-day
44,-8,1,2025.06.11_0.3_2,ensemble__original3_mse,ensemble__original3_performance,r2,0.9502467668178416,0.9522701763626236,0.0020234095447819733,nan,source-day
44,-8,1,2025.06.11_0.3_2,ensemble__original3_mse,ensemble__original3_performance,rmse_all,59789.66298603348,58561.253757216,-1228.4092288174797,nan,source-day
44,-8,1,2025.06.11_0.3_2,ensemble__original3_mse,ensemble__original3_performance,mae_all,46595.448343182805,45822.21331601718,-773.2350271656251,nan,source-day
44,-8,1,2025.06.11_0.3_2,ensemble__original3_mse,ensemble__original3_performance,rmse_high,54789.002585040245,53478.42476015619,-1310.577824884058,nan,source-day
44,-8,1,2025.06.11_0.3_2,ensemble__original3_mse,ensemble__original3_performance,rmse_onb,95233.36082944012,100590.30901141354,5356.948181973421,nan,source-day
44,-8,1,2025.06.11_0.3_2,ensemble__original3_mse,ensemble__original3_performance,roc_auc_cont,0.9803174603174603,0.9821645021645021,0.0018470418470418748,nan,source-day
44,-8,1,2025.06.11_0.3_2,ensemble__original3_mse,ensemble__original3_performance,pr_auc_cont,0.9896718922727334,0.9904319341674984,0.0007600418947649734,nan,source-day
44,-8,1,2025.06.11_0.3_2,ensemble__original3_mse,ensemble__original3_performance,accuracy,0.8925925925925926,0.9037037037037037,0.011111111111111072,1.1111111111111072,source-day
44,-8,1,2025.06.11_0.3_2,ensemble__original3_mse,ensemble__original3_performance,precision,1.0,1.0,0.0,0.0,source-day
44,-8,1,2025.06.11_0.3_2,ensemble__original3_mse,ensemble__original3_performance,recall,0.8242424242424242,0.8424242424242424,0.018181818181818188,1.8181818181818188,source-day
44,-8,1,2025.06.11_0.3_2,ensemble__original3_mse,ensemble__original3_performance,f1,0.9036544850498339,0.9144736842105263,0.010819199160692405,1.0819199160692405,source-day
44,-8,1,2025.06.11_0.3_2,ensemble__original3_mse,ensemble__original3_performance,fpr,0.0,0.0,0.0,0.0,source-day
44,-8,1,2025.06.11_0.3_2,ensemble__original3_mse,ensemble__original3_performance,fp,0,0,0.0,nan,source-day
44,-8,1,2025.06.11_0.3_2,ensemble__original3_mse,ensemble__original3_performance,fn,29,26,-3.0,nan,source-day
44,-8,1,2025.06.11_0.3_2,ensemble__original3_mse,ensemble__original3_performance,q100,368978.105,368978.105,0.0,nan,source-day
44,-8,1,2025.06.11_0.3_2,ensemble__original3_mse,ensemble__original3_performance,g100,147472.9948,147472.9948,0.0,nan,source-day
44,-8,1,2025.06.18_0.3_3,ensemble__original3_mse,ensemble__original3_performance,r2,0.9253415787657785,0.9240784602210739,-0.0012631185447046223,nan,source-day
44,-8,1,2025.06.18_0.3_3,ensemble__original3_mse,ensemble__original3_performance,rmse_all,74405.253850135,75032.03156269417,626.7777125591674,nan,source-day
44,-8,1,2025.06.18_0.3_3,ensemble__original3_mse,ensemble__original3_performance,mae_all,56608.779803167374,57621.73419871746,1012.9543955500849,nan,source-day
44,-8,1,2025.06.18_0.3_3,ensemble__original3_mse,ensemble__original3_performance,rmse_high,74758.90143442537,75072.62191713622,313.7204827108508,nan,source-day
44,-8,1,2025.06.18_0.3_3,ensemble__original3_mse,ensemble__original3_performance,rmse_onb,129738.18801152702,131642.2099125539,1904.0219010268775,nan,source-day
44,-8,1,2025.06.18_0.3_3,ensemble__original3_mse,ensemble__original3_performance,roc_auc_cont,0.9742222222222222,0.9760555555555556,0.0018333333333333535,nan,source-day
44,-8,1,2025.06.18_0.3_3,ensemble__original3_mse,ensemble__original3_performance,pr_auc_cont,0.9836505508335689,0.9847801248647782,0.0011295740312092795,nan,source-day
44,-8,1,2025.06.18_0.3_3,ensemble__original3_mse,ensemble__original3_performance,accuracy,0.8851851851851852,0.8888888888888888,0.0037037037037036535,0.37037037037036535,source-day
44,-8,1,2025.06.18_0.3_3,ensemble__original3_mse,ensemble__original3_performance,precision,1.0,1.0,0.0,0.0,source-day
44,-8,1,2025.06.18_0.3_3,ensemble__original3_mse,ensemble__original3_performance,recall,0.7933333333333333,0.8,0.00666666666666671,0.666666666666671,source-day
44,-8,1,2025.06.18_0.3_3,ensemble__original3_mse,ensemble__original3_performance,f1,0.8847583643122676,0.8888888888888888,0.0041305245766212195,0.41305245766212195,source-day
44,-8,1,2025.06.18_0.3_3,ensemble__original3_mse,ensemble__original3_performance,fpr,0.0,0.0,0.0,0.0,source-day
44,-8,1,2025.06.18_0.3_3,ensemble__original3_mse,ensemble__original3_performance,fp,0,0,0.0,nan,source-day
44,-8,1,2025.06.18_0.3_3,ensemble__original3_mse,ensemble__original3_performance,fn,31,30,-1.0,nan,source-day
44,-8,1,2025.06.18_0.3_3,ensemble__original3_mse,ensemble__original3_performance,q100,434018.0833,434018.0833,0.0,nan,source-day
44,-8,1,2025.06.18_0.3_3,ensemble__original3_mse,ensemble__original3_performance,g100,162340.4017,162340.4017,0.0,nan,source-day
44,-8,1,pooled_source_day_thresholds,ensemble__original3_mse,ensemble__original3_hgb,r2,0.937604365258647,0.9428749166317741,0.0052705513731271525,nan,source-day
44,-8,1,pooled_source_day_thresholds,ensemble__original3_mse,ensemble__original3_hgb,rmse_all,67494.24271923678,64580.74472399029,-2913.4979952464855,nan,source-day
44,-8,1,pooled_source_day_thresholds,ensemble__original3_mse,ensemble__original3_hgb,mae_all,51602.11407317509,48300.1543437162,-3301.9597294588893,nan,source-day
44,-8,1,pooled_source_day_thresholds,ensemble__original3_mse,ensemble__original3_hgb,rmse_high,65067.406910694684,49598.32739294488,-15469.079517749808,nan,source-day
44,-8,1,pooled_source_day_thresholds,ensemble__original3_mse,ensemble__original3_hgb,rmse_onb,113801.1213551621,98431.99927978158,-15369.122075380525,nan,source-day
44,-8,1,pooled_source_day_thresholds,ensemble__original3_mse,ensemble__original3_hgb,roc_auc_cont,0.9768747795414462,0.9787936507936508,0.0019188712522045792,nan,source-day
44,-8,1,pooled_source_day_thresholds,ensemble__original3_mse,ensemble__original3_hgb,pr_auc_cont,0.9864850733880887,0.9875111551892569,0.0010260818011682549,nan,source-day
44,-8,1,pooled_source_day_thresholds,ensemble__original3_mse,ensemble__original3_hgb,accuracy,0.8888888888888888,0.9148148148148149,0.02592592592592602,2.592592592592602,source-day
44,-8,1,pooled_source_day_thresholds,ensemble__original3_mse,ensemble__original3_hgb,precision,1.0,1.0,0.0,0.0,source-day
44,-8,1,pooled_source_day_thresholds,ensemble__original3_mse,ensemble__original3_hgb,recall,0.8095238095238095,0.8539682539682539,0.0444444444444444,4.444444444444439,source-day
44,-8,1,pooled_source_day_thresholds,ensemble__original3_mse,ensemble__original3_hgb,f1,0.8947368421052632,0.9212328767123288,0.02649603460706562,2.649603460706562,source-day
44,-8,1,pooled_source_day_thresholds,ensemble__original3_mse,ensemble__original3_hgb,fpr,0.0,0.0,0.0,0.0,source-day
44,-8,1,pooled_source_day_thresholds,ensemble__original3_mse,ensemble__original3_hgb,fp,0,0,0.0,nan,source-day
44,-8,1,pooled_source_day_thresholds,ensemble__original3_mse,ensemble__original3_hgb,fn,60,46,-14.0,nan,source-day
44,-8,1,pooled_source_day_thresholds,ensemble__original3_mse,ensemble__original3_hgb,q100,nan,nan,nan,nan,source-day
44,-8,1,pooled_source_day_thresholds,ensemble__original3_mse,ensemble__original3_hgb,g100,nan,nan,nan,nan,source-day
44,-8,1,2025.06.11_0.3_2,ensemble__original3_mse,ensemble__original3_hgb,r2,0.9502467668178416,0.9546822676611377,0.004435500843296136,nan,source-day
44,-8,1,2025.06.11_0.3_2,ensemble__original3_mse,ensemble__original3_hgb,rmse_all,59789.66298603348,57062.334632075304,-2727.3283539581753,nan,source-day
44,-8,1,2025.06.11_0.3_2,ensemble__original3_mse,ensemble__original3_hgb,mae_all,46595.448343182805,42731.2135348259,-3864.2348083569013,nan,source-day
44,-8,1,2025.06.11_0.3_2,ensemble__original3_mse,ensemble__original3_hgb,rmse_high,54789.002585040245,40972.9769696902,-13816.025615350045,nan,source-day
44,-8,1,2025.06.11_0.3_2,ensemble__original3_mse,ensemble__original3_hgb,rmse_onb,95233.36082944012,92288.79079390338,-2944.5700355367444,nan,source-day
44,-8,1,2025.06.11_0.3_2,ensemble__original3_mse,ensemble__original3_hgb,roc_auc_cont,0.9803174603174603,0.9886868686868686,0.00836940836940836,nan,source-day
44,-8,1,2025.06.11_0.3_2,ensemble__original3_mse,ensemble__original3_hgb,pr_auc_cont,0.9896718922727334,0.9935797270885475,0.003907834815814026,nan,source-day
44,-8,1,2025.06.11_0.3_2,ensemble__original3_mse,ensemble__original3_hgb,accuracy,0.8925925925925926,0.9259259259259259,0.033333333333333326,3.3333333333333326,source-day
44,-8,1,2025.06.11_0.3_2,ensemble__original3_mse,ensemble__original3_hgb,precision,1.0,1.0,0.0,0.0,source-day
44,-8,1,2025.06.11_0.3_2,ensemble__original3_mse,ensemble__original3_hgb,recall,0.8242424242424242,0.8787878787878788,0.054545454545454564,5.454545454545457,source-day
44,-8,1,2025.06.11_0.3_2,ensemble__original3_mse,ensemble__original3_hgb,f1,0.9036544850498339,0.9354838709677419,0.03182938591790796,3.182938591790796,source-day
44,-8,1,2025.06.11_0.3_2,ensemble__original3_mse,ensemble__original3_hgb,fpr,0.0,0.0,0.0,0.0,source-day
44,-8,1,2025.06.11_0.3_2,ensemble__original3_mse,ensemble__original3_hgb,fp,0,0,0.0,nan,source-day
44,-8,1,2025.06.11_0.3_2,ensemble__original3_mse,ensemble__original3_hgb,fn,29,20,-9.0,nan,source-day
44,-8,1,2025.06.11_0.3_2,ensemble__original3_mse,ensemble__original3_hgb,q100,368978.105,315466.1173,-53511.9877,nan,source-day
44,-8,1,2025.06.11_0.3_2,ensemble__original3_mse,ensemble__original3_hgb,g100,147472.9948,93961.00709999999,-53511.9877,nan,source-day
44,-8,1,2025.06.18_0.3_3,ensemble__original3_mse,ensemble__original3_hgb,r2,0.9253415787657785,0.9314223440840704,0.006080765318291936,nan,source-day
44,-8,1,2025.06.18_0.3_3,ensemble__original3_mse,ensemble__original3_hgb,rmse_all,74405.253850135,71310.83469254486,-3094.4191575901496,nan,source-day
44,-8,1,2025.06.18_0.3_3,ensemble__original3_mse,ensemble__original3_hgb,mae_all,56608.779803167374,53869.09515260652,-2739.6846505608555,nan,source-day
44,-8,1,2025.06.18_0.3_3,ensemble__original3_mse,ensemble__original3_hgb,rmse_high,74758.90143442537,57613.57689328643,-17145.324541138936,nan,source-day
44,-8,1,2025.06.18_0.3_3,ensemble__original3_mse,ensemble__original3_hgb,rmse_onb,129738.18801152702,104213.70379287445,-25524.484218652564,nan,source-day
44,-8,1,2025.06.18_0.3_3,ensemble__original3_mse,ensemble__original3_hgb,roc_auc_cont,0.9742222222222222,0.9808333333333333,0.006611111111111123,nan,source-day
44,-8,1,2025.06.18_0.3_3,ensemble__original3_mse,ensemble__original3_hgb,pr_auc_cont,0.9836505508335689,0.9875237999463862,0.0038732491128172786,nan,source-day
44,-8,1,2025.06.18_0.3_3,ensemble__original3_mse,ensemble__original3_hgb,accuracy,0.8851851851851852,0.9037037037037037,0.01851851851851849,1.851851851851849,source-day
44,-8,1,2025.06.18_0.3_3,ensemble__original3_mse,ensemble__original3_hgb,precision,1.0,1.0,0.0,0.0,source-day
44,-8,1,2025.06.18_0.3_3,ensemble__original3_mse,ensemble__original3_hgb,recall,0.7933333333333333,0.8266666666666667,0.033333333333333326,3.3333333333333326,source-day
44,-8,1,2025.06.18_0.3_3,ensemble__original3_mse,ensemble__original3_hgb,f1,0.8847583643122676,0.9051094890510949,0.020351124738827275,2.0351124738827275,source-day
44,-8,1,2025.06.18_0.3_3,ensemble__original3_mse,ensemble__original3_hgb,fpr,0.0,0.0,0.0,0.0,source-day
44,-8,1,2025.06.18_0.3_3,ensemble__original3_mse,ensemble__original3_hgb,fp,0,0,0.0,nan,source-day
44,-8,1,2025.06.18_0.3_3,ensemble__original3_mse,ensemble__original3_hgb,fn,31,26,-5.0,nan,source-day
44,-8,1,2025.06.18_0.3_3,ensemble__original3_mse,ensemble__original3_hgb,q100,434018.0833,434018.0833,0.0,nan,source-day
44,-8,1,2025.06.18_0.3_3,ensemble__original3_mse,ensemble__original3_hgb,g100,162340.4017,162340.4017,0.0,nan,source-day
44,-8,1,pooled_source_day_thresholds,ensemble__original3_mse,ensemble__original3_extra_trees,r2,0.937604365258647,0.943255898628479,0.00565153336983204,nan,source-day
44,-8,1,pooled_source_day_thresholds,ensemble__original3_mse,ensemble__original3_extra_trees,rmse_all,67494.24271923678,64365.03159263029,-3129.2111266064894,nan,source-day
44,-8,1,pooled_source_day_thresholds,ensemble__original3_mse,ensemble__original3_extra_trees,mae_all,51602.11407317509,47121.90953537146,-4480.204537803635,nan,source-day
44,-8,1,pooled_source_day_thresholds,ensemble__original3_mse,ensemble__original3_extra_trees,rmse_high,65067.406910694684,55676.342200770785,-9391.0647099239,nan,source-day
44,-8,1,pooled_source_day_thresholds,ensemble__original3_mse,ensemble__original3_extra_trees,rmse_onb,113801.1213551621,119103.88965966822,5302.768304506113,nan,source-day
44,-8,1,pooled_source_day_thresholds,ensemble__original3_mse,ensemble__original3_extra_trees,roc_auc_cont,0.9768747795414462,0.9755343915343916,-0.0013403880070546048,nan,source-day
44,-8,1,pooled_source_day_thresholds,ensemble__original3_mse,ensemble__original3_extra_trees,pr_auc_cont,0.9864850733880887,0.9859346939847433,-0.0005503794033453469,nan,source-day
44,-8,1,pooled_source_day_thresholds,ensemble__original3_mse,ensemble__original3_extra_trees,accuracy,0.8888888888888888,0.9166666666666666,0.02777777777777779,2.777777777777779,source-day
44,-8,1,pooled_source_day_thresholds,ensemble__original3_mse,ensemble__original3_extra_trees,precision,1.0,1.0,0.0,0.0,source-day
44,-8,1,pooled_source_day_thresholds,ensemble__original3_mse,ensemble__original3_extra_trees,recall,0.8095238095238095,0.8571428571428571,0.04761904761904756,4.761904761904756,source-day
44,-8,1,pooled_source_day_thresholds,ensemble__original3_mse,ensemble__original3_extra_trees,f1,0.8947368421052632,0.9230769230769231,0.028340080971659964,2.8340080971659964,source-day
44,-8,1,pooled_source_day_thresholds,ensemble__original3_mse,ensemble__original3_extra_trees,fpr,0.0,0.0,0.0,0.0,source-day
44,-8,1,pooled_source_day_thresholds,ensemble__original3_mse,ensemble__original3_extra_trees,fp,0,0,0.0,nan,source-day
44,-8,1,pooled_source_day_thresholds,ensemble__original3_mse,ensemble__original3_extra_trees,fn,60,45,-15.0,nan,source-day
44,-8,1,pooled_source_day_thresholds,ensemble__original3_mse,ensemble__original3_extra_trees,q100,nan,nan,nan,nan,source-day
44,-8,1,pooled_source_day_thresholds,ensemble__original3_mse,ensemble__original3_extra_trees,g100,nan,nan,nan,nan,source-day
44,-8,1,2025.06.11_0.3_2,ensemble__original3_mse,ensemble__original3_extra_trees,r2,0.9502467668178416,0.9553243892401609,0.00507762242231935,nan,source-day
44,-8,1,2025.06.11_0.3_2,ensemble__original3_mse,ensemble__original3_extra_trees,rmse_all,59789.66298603348,56656.62502704697,-3133.0379589865115,nan,source-day
44,-8,1,2025.06.11_0.3_2,ensemble__original3_mse,ensemble__original3_extra_trees,mae_all,46595.448343182805,41173.08344664435,-5422.364896538456,nan,source-day
44,-8,1,2025.06.11_0.3_2,ensemble__original3_mse,ensemble__original3_extra_trees,rmse_high,54789.002585040245,47986.50794808125,-6802.494636958996,nan,source-day
44,-8,1,2025.06.11_0.3_2,ensemble__original3_mse,ensemble__original3_extra_trees,rmse_onb,95233.36082944012,120487.88399567686,25254.523166236744,nan,source-day
44,-8,1,2025.06.11_0.3_2,ensemble__original3_mse,ensemble__original3_extra_trees,roc_auc_cont,0.9803174603174603,0.9924386724386725,0.0121212121212122,nan,source-day
44,-8,1,2025.06.11_0.3_2,ensemble__original3_mse,ensemble__original3_extra_trees,pr_auc_cont,0.9896718922727334,0.9956099673890612,0.005938075116327712,nan,source-day
44,-8,1,2025.06.11_0.3_2,ensemble__original3_mse,ensemble__original3_extra_trees,accuracy,0.8925925925925926,0.9259259259259259,0.033333333333333326,3.3333333333333326,source-day
44,-8,1,2025.06.11_0.3_2,ensemble__original3_mse,ensemble__original3_extra_trees,precision,1.0,1.0,0.0,0.0,source-day
44,-8,1,2025.06.11_0.3_2,ensemble__original3_mse,ensemble__original3_extra_trees,recall,0.8242424242424242,0.8787878787878788,0.054545454545454564,5.454545454545457,source-day
44,-8,1,2025.06.11_0.3_2,ensemble__original3_mse,ensemble__original3_extra_trees,f1,0.9036544850498339,0.9354838709677419,0.03182938591790796,3.182938591790796,source-day
44,-8,1,2025.06.11_0.3_2,ensemble__original3_mse,ensemble__original3_extra_trees,fpr,0.0,0.0,0.0,0.0,source-day
44,-8,1,2025.06.11_0.3_2,ensemble__original3_mse,ensemble__original3_extra_trees,fp,0,0,0.0,nan,source-day
44,-8,1,2025.06.11_0.3_2,ensemble__original3_mse,ensemble__original3_extra_trees,fn,29,20,-9.0,nan,source-day
44,-8,1,2025.06.11_0.3_2,ensemble__original3_mse,ensemble__original3_extra_trees,q100,368978.105,315466.1173,-53511.9877,nan,source-day
44,-8,1,2025.06.11_0.3_2,ensemble__original3_mse,ensemble__original3_extra_trees,g100,147472.9948,93961.00709999999,-53511.9877,nan,source-day
44,-8,1,2025.06.18_0.3_3,ensemble__original3_mse,ensemble__original3_extra_trees,r2,0.9253415787657785,0.9315503729865979,0.006208794220819436,nan,source-day
44,-8,1,2025.06.18_0.3_3,ensemble__original3_mse,ensemble__original3_extra_trees,rmse_all,74405.253850135,71244.23783286047,-3161.016017274538,nan,source-day
44,-8,1,2025.06.18_0.3_3,ensemble__original3_mse,ensemble__original3_extra_trees,mae_all,56608.779803167374,53070.735624098554,-3538.04417906882,nan,source-day
44,-8,1,2025.06.18_0.3_3,ensemble__original3_mse,ensemble__original3_extra_trees,rmse_high,74758.90143442537,63061.24190217,-11697.65953225537,nan,source-day
44,-8,1,2025.06.18_0.3_3,ensemble__original3_mse,ensemble__original3_extra_trees,rmse_onb,129738.18801152702,117703.6230299185,-12034.56498160852,nan,source-day
44,-8,1,2025.06.18_0.3_3,ensemble__original3_mse,ensemble__original3_extra_trees,roc_auc_cont,0.9742222222222222,0.9916666666666667,0.017444444444444485,nan,source-day
44,-8,1,2025.06.18_0.3_3,ensemble__original3_mse,ensemble__original3_extra_trees,pr_auc_cont,0.9836505508335689,0.9939295045747538,0.010278953741184926,nan,source-day
44,-8,1,2025.06.18_0.3_3,ensemble__original3_mse,ensemble__original3_extra_trees,accuracy,0.8851851851851852,0.9074074074074074,0.022222222222222254,2.2222222222222254,source-day
44,-8,1,2025.06.18_0.3_3,ensemble__original3_mse,ensemble__original3_extra_trees,precision,1.0,1.0,0.0,0.0,source-day
44,-8,1,2025.06.18_0.3_3,ensemble__original3_mse,ensemble__original3_extra_trees,recall,0.7933333333333333,0.8333333333333334,0.040000000000000036,4.0000000000000036,source-day
44,-8,1,2025.06.18_0.3_3,ensemble__original3_mse,ensemble__original3_extra_trees,f1,0.8847583643122676,0.9090909090909091,0.02433254477864144,2.433254477864144,source-day
44,-8,1,2025.06.18_0.3_3,ensemble__original3_mse,ensemble__original3_extra_trees,fpr,0.0,0.0,0.0,0.0,source-day
44,-8,1,2025.06.18_0.3_3,ensemble__original3_mse,ensemble__original3_extra_trees,fp,0,0,0.0,nan,source-day
44,-8,1,2025.06.18_0.3_3,ensemble__original3_mse,ensemble__original3_extra_trees,fn,31,25,-6.0,nan,source-day
44,-8,1,2025.06.18_0.3_3,ensemble__original3_mse,ensemble__original3_extra_trees,q100,434018.0833,434018.0833,0.0,nan,source-day
44,-8,1,2025.06.18_0.3_3,ensemble__original3_mse,ensemble__original3_extra_trees,g100,162340.4017,162340.4017,0.0,nan,source-day
44,-8,1,pooled_source_day_thresholds,ensemble__original3_mse,ensemble__simple_equal,r2,0.937604365258647,0.9420494998374378,0.00444513457879081,nan,source-day
44,-8,1,pooled_source_day_thresholds,ensemble__original3_mse,ensemble__simple_equal,rmse_all,67494.24271923678,65045.64427713756,-2448.598442099217,nan,source-day
44,-8,1,pooled_source_day_thresholds,ensemble__original3_mse,ensemble__simple_equal,mae_all,51602.11407317509,49477.19750905416,-2124.916564120933,nan,source-day
44,-8,1,pooled_source_day_thresholds,ensemble__original3_mse,ensemble__simple_equal,rmse_high,65067.406910694684,57167.61780184729,-7899.789108847392,nan,source-day
44,-8,1,pooled_source_day_thresholds,ensemble__original3_mse,ensemble__simple_equal,rmse_onb,113801.1213551621,114917.52105860367,1116.399703441566,nan,source-day
44,-8,1,pooled_source_day_thresholds,ensemble__original3_mse,ensemble__simple_equal,roc_auc_cont,0.9768747795414462,0.9824197530864197,0.005544973544973519,nan,source-day
44,-8,1,pooled_source_day_thresholds,ensemble__original3_mse,ensemble__simple_equal,pr_auc_cont,0.9864850733880887,0.9894034849548017,0.0029184115667130195,nan,source-day
44,-8,1,pooled_source_day_thresholds,ensemble__original3_mse,ensemble__simple_equal,accuracy,0.8888888888888888,0.9148148148148149,0.02592592592592602,2.592592592592602,source-day
44,-8,1,pooled_source_day_thresholds,ensemble__original3_mse,ensemble__simple_equal,precision,1.0,1.0,0.0,0.0,source-day
44,-8,1,pooled_source_day_thresholds,ensemble__original3_mse,ensemble__simple_equal,recall,0.8095238095238095,0.8539682539682539,0.0444444444444444,4.444444444444439,source-day
44,-8,1,pooled_source_day_thresholds,ensemble__original3_mse,ensemble__simple_equal,f1,0.8947368421052632,0.9212328767123288,0.02649603460706562,2.649603460706562,source-day
44,-8,1,pooled_source_day_thresholds,ensemble__original3_mse,ensemble__simple_equal,fpr,0.0,0.0,0.0,0.0,source-day
44,-8,1,pooled_source_day_thresholds,ensemble__original3_mse,ensemble__simple_equal,fp,0,0,0.0,nan,source-day
44,-8,1,pooled_source_day_thresholds,ensemble__original3_mse,ensemble__simple_equal,fn,60,46,-14.0,nan,source-day
44,-8,1,pooled_source_day_thresholds,ensemble__original3_mse,ensemble__simple_equal,q100,nan,nan,nan,nan,source-day
44,-8,1,pooled_source_day_thresholds,ensemble__original3_mse,ensemble__simple_equal,g100,nan,nan,nan,nan,source-day
44,-8,1,2025.06.11_0.3_2,ensemble__original3_mse,ensemble__simple_equal,r2,0.9502467668178416,0.9560097342474135,0.005762967429571941,nan,source-day
44,-8,1,2025.06.11_0.3_2,ensemble__original3_mse,ensemble__simple_equal,rmse_all,59789.66298603348,56220.37577600742,-3569.2872100260574,nan,source-day
44,-8,1,2025.06.11_0.3_2,ensemble__original3_mse,ensemble__simple_equal,mae_all,46595.448343182805,43048.6977669386,-3546.7505762442015,nan,source-day
44,-8,1,2025.06.11_0.3_2,ensemble__original3_mse,ensemble__simple_equal,rmse_high,54789.002585040245,47248.53360992562,-7540.468975114629,nan,source-day
44,-8,1,2025.06.11_0.3_2,ensemble__original3_mse,ensemble__simple_equal,rmse_onb,95233.36082944012,108633.37706581411,13400.016236373995,nan,source-day
44,-8,1,2025.06.11_0.3_2,ensemble__original3_mse,ensemble__simple_equal,roc_auc_cont,0.9803174603174603,0.993073593073593,0.012756132756132743,nan,source-day
44,-8,1,2025.06.11_0.3_2,ensemble__original3_mse,ensemble__simple_equal,pr_auc_cont,0.9896718922727334,0.9959517868755831,0.006279894602849612,nan,source-day
44,-8,1,2025.06.11_0.3_2,ensemble__original3_mse,ensemble__simple_equal,accuracy,0.8925925925925926,0.9259259259259259,0.033333333333333326,3.3333333333333326,source-day
44,-8,1,2025.06.11_0.3_2,ensemble__original3_mse,ensemble__simple_equal,precision,1.0,1.0,0.0,0.0,source-day
44,-8,1,2025.06.11_0.3_2,ensemble__original3_mse,ensemble__simple_equal,recall,0.8242424242424242,0.8787878787878788,0.054545454545454564,5.454545454545457,source-day
44,-8,1,2025.06.11_0.3_2,ensemble__original3_mse,ensemble__simple_equal,f1,0.9036544850498339,0.9354838709677419,0.03182938591790796,3.182938591790796,source-day
44,-8,1,2025.06.11_0.3_2,ensemble__original3_mse,ensemble__simple_equal,fpr,0.0,0.0,0.0,0.0,source-day
44,-8,1,2025.06.11_0.3_2,ensemble__original3_mse,ensemble__simple_equal,fp,0,0,0.0,nan,source-day
44,-8,1,2025.06.11_0.3_2,ensemble__original3_mse,ensemble__simple_equal,fn,29,20,-9.0,nan,source-day
44,-8,1,2025.06.11_0.3_2,ensemble__original3_mse,ensemble__simple_equal,q100,368978.105,315466.1173,-53511.9877,nan,source-day
44,-8,1,2025.06.11_0.3_2,ensemble__original3_mse,ensemble__simple_equal,g100,147472.9948,93961.00709999999,-53511.9877,nan,source-day
44,-8,1,2025.06.18_0.3_3,ensemble__original3_mse,ensemble__simple_equal,r2,0.9253415787657785,0.9285107148556908,0.0031691360899123167,nan,source-day
44,-8,1,2025.06.18_0.3_3,ensemble__original3_mse,ensemble__simple_equal,rmse_all,74405.253850135,72808.93507297269,-1596.3187771623197,nan,source-day
44,-8,1,2025.06.18_0.3_3,ensemble__original3_mse,ensemble__simple_equal,mae_all,56608.779803167374,55905.69725116972,-703.082551997657,nan,source-day
44,-8,1,2025.06.18_0.3_3,ensemble__original3_mse,ensemble__simple_equal,rmse_high,74758.90143442537,66388.40547620409,-8370.495958221276,nan,source-day
44,-8,1,2025.06.18_0.3_3,ensemble__original3_mse,ensemble__simple_equal,rmse_onb,129738.18801152702,120875.40146690675,-8862.786544620263,nan,source-day
44,-8,1,2025.06.18_0.3_3,ensemble__original3_mse,ensemble__simple_equal,roc_auc_cont,0.9742222222222222,0.9880555555555555,0.013833333333333253,nan,source-day
44,-8,1,2025.06.18_0.3_3,ensemble__original3_mse,ensemble__simple_equal,pr_auc_cont,0.9836505508335689,0.9916699614923661,0.008019410658797188,nan,source-day
44,-8,1,2025.06.18_0.3_3,ensemble__original3_mse,ensemble__simple_equal,accuracy,0.8851851851851852,0.9037037037037037,0.01851851851851849,1.851851851851849,source-day
44,-8,1,2025.06.18_0.3_3,ensemble__original3_mse,ensemble__simple_equal,precision,1.0,1.0,0.0,0.0,source-day
44,-8,1,2025.06.18_0.3_3,ensemble__original3_mse,ensemble__simple_equal,recall,0.7933333333333333,0.8266666666666667,0.033333333333333326,3.3333333333333326,source-day
44,-8,1,2025.06.18_0.3_3,ensemble__original3_mse,ensemble__simple_equal,f1,0.8847583643122676,0.9051094890510949,0.020351124738827275,2.0351124738827275,source-day
44,-8,1,2025.06.18_0.3_3,ensemble__original3_mse,ensemble__simple_equal,fpr,0.0,0.0,0.0,0.0,source-day
44,-8,1,2025.06.18_0.3_3,ensemble__original3_mse,ensemble__simple_equal,fp,0,0,0.0,nan,source-day
44,-8,1,2025.06.18_0.3_3,ensemble__original3_mse,ensemble__simple_equal,fn,31,26,-5.0,nan,source-day
44,-8,1,2025.06.18_0.3_3,ensemble__original3_mse,ensemble__simple_equal,q100,434018.0833,434018.0833,0.0,nan,source-day
44,-8,1,2025.06.18_0.3_3,ensemble__original3_mse,ensemble__simple_equal,g100,162340.4017,162340.4017,0.0,nan,source-day
44,-12,1,pooled_source_day_thresholds,ensemble__original3_mse,ensemble__original3_hgb_extra_trees,r2,0.9273875044806213,0.9372014851998991,0.009813980719277748,nan,source-day
44,-12,1,pooled_source_day_thresholds,ensemble__original3_mse,ensemble__original3_hgb_extra_trees,rmse_all,72810.71682977998,67711.79264747468,-5098.924182305302,nan,source-day
44,-12,1,pooled_source_day_thresholds,ensemble__original3_mse,ensemble__original3_hgb_extra_trees,mae_all,55546.14384821559,49450.154887237375,-6095.9889609782185,nan,source-day
44,-12,1,pooled_source_day_thresholds,ensemble__original3_mse,ensemble__original3_hgb_extra_trees,rmse_high,66418.56738757963,57769.88231441072,-8648.685073168912,nan,source-day
44,-12,1,pooled_source_day_thresholds,ensemble__original3_mse,ensemble__original3_hgb_extra_trees,rmse_onb,113919.69856912068,117479.83376478808,3560.1351956674043,nan,source-day
44,-12,1,pooled_source_day_thresholds,ensemble__original3_mse,ensemble__original3_hgb_extra_trees,roc_auc_cont,0.9677742504409171,0.9617072310405644,-0.006067019400352702,nan,source-day
44,-12,1,pooled_source_day_thresholds,ensemble__original3_mse,ensemble__original3_hgb_extra_trees,pr_auc_cont,0.9820147266047072,0.9795786557979147,-0.002436070806792534,nan,source-day
44,-12,1,pooled_source_day_thresholds,ensemble__original3_mse,ensemble__original3_hgb_extra_trees,accuracy,0.8870370370370371,0.9074074074074074,0.020370370370370372,2.037037037037037,source-day
44,-12,1,pooled_source_day_thresholds,ensemble__original3_mse,ensemble__original3_hgb_extra_trees,precision,1.0,1.0,0.0,0.0,source-day
44,-12,1,pooled_source_day_thresholds,ensemble__original3_mse,ensemble__original3_hgb_extra_trees,recall,0.8063492063492064,0.8412698412698413,0.03492063492063491,3.4920634920634908,source-day
44,-12,1,pooled_source_day_thresholds,ensemble__original3_mse,ensemble__original3_hgb_extra_trees,f1,0.8927943760984183,0.9137931034482759,0.020998727349857638,2.0998727349857638,source-day
44,-12,1,pooled_source_day_thresholds,ensemble__original3_mse,ensemble__original3_hgb_extra_trees,fpr,0.0,0.0,0.0,0.0,source-day
44,-12,1,pooled_source_day_thresholds,ensemble__original3_mse,ensemble__original3_hgb_extra_trees,fp,0,0,0.0,nan,source-day
44,-12,1,pooled_source_day_thresholds,ensemble__original3_mse,ensemble__original3_hgb_extra_trees,fn,61,50,-11.0,nan,source-day
44,-12,1,pooled_source_day_thresholds,ensemble__original3_mse,ensemble__original3_hgb_extra_trees,q100,nan,nan,nan,nan,source-day
44,-12,1,pooled_source_day_thresholds,ensemble__original3_mse,ensemble__original3_hgb_extra_trees,g100,nan,nan,nan,nan,source-day
44,-12,1,2025.06.11_0.3_2,ensemble__original3_mse,ensemble__original3_hgb_extra_trees,r2,0.9422077498122916,0.9520601273903103,0.009852377578018712,nan,source-day
44,-12,1,2025.06.11_0.3_2,ensemble__original3_mse,ensemble__original3_hgb_extra_trees,rmse_all,64439.216823340415,58689.97021469633,-5749.246608644084,nan,source-day
44,-12,1,2025.06.11_0.3_2,ensemble__original3_mse,ensemble__original3_hgb_extra_trees,mae_all,49616.459430861476,43036.43900617517,-6580.020424686307,nan,source-day
44,-12,1,2025.06.11_0.3_2,ensemble__original3_mse,ensemble__original3_hgb_extra_trees,rmse_high,54936.94434148448,46750.732736504884,-8186.211604979595,nan,source-day
44,-12,1,2025.06.11_0.3_2,ensemble__original3_mse,ensemble__original3_hgb_extra_trees,rmse_onb,94871.16394806087,113302.40578173498,18431.24183367411,nan,source-day
44,-12,1,2025.06.11_0.3_2,ensemble__original3_mse,ensemble__original3_hgb_extra_trees,roc_auc_cont,0.9660028860028861,0.9695815295815297,0.00357864357864357,nan,source-day
44,-12,1,2025.06.11_0.3_2,ensemble__original3_mse,ensemble__original3_hgb_extra_trees,pr_auc_cont,0.9828262762445417,0.9839705069025444,0.0011442306580027317,nan,source-day
44,-12,1,2025.06.11_0.3_2,ensemble__original3_mse,ensemble__original3_hgb_extra_trees,accuracy,0.8925925925925926,0.9222222222222223,0.029629629629629672,2.9629629629629672,source-day
44,-12,1,2025.06.11_0.3_2,ensemble__original3_mse,ensemble__original3_hgb_extra_trees,precision,1.0,1.0,0.0,0.0,source-day
44,-12,1,2025.06.11_0.3_2,ensemble__original3_mse,ensemble__original3_hgb_extra_trees,recall,0.8242424242424242,0.8727272727272727,0.048484848484848464,4.848484848484846,source-day
44,-12,1,2025.06.11_0.3_2,ensemble__original3_mse,ensemble__original3_hgb_extra_trees,f1,0.9036544850498339,0.9320388349514563,0.02838434990162242,2.838434990162242,source-day
44,-12,1,2025.06.11_0.3_2,ensemble__original3_mse,ensemble__original3_hgb_extra_trees,fpr,0.0,0.0,0.0,0.0,source-day
44,-12,1,2025.06.11_0.3_2,ensemble__original3_mse,ensemble__original3_hgb_extra_trees,fp,0,0,0.0,nan,source-day
44,-12,1,2025.06.11_0.3_2,ensemble__original3_mse,ensemble__original3_hgb_extra_trees,fn,29,21,-8.0,nan,source-day
44,-12,1,2025.06.11_0.3_2,ensemble__original3_mse,ensemble__original3_hgb_extra_trees,q100,368978.105,368978.105,0.0,nan,source-day
44,-12,1,2025.06.11_0.3_2,ensemble__original3_mse,ensemble__original3_hgb_extra_trees,g100,147472.9948,147472.9948,0.0,nan,source-day
44,-12,1,2025.06.18_0.3_3,ensemble__original3_mse,ensemble__original3_hgb_extra_trees,r2,0.9130123785468193,0.922791183459578,0.009778804912758732,nan,source-day
44,-12,1,2025.06.18_0.3_3,ensemble__original3_mse,ensemble__original3_hgb_extra_trees,rmse_all,80314.30947052546,75665.45528355241,-4648.854186973054,nan,source-day
44,-12,1,2025.06.18_0.3_3,ensemble__original3_mse,ensemble__original3_hgb_extra_trees,mae_all,61475.828265569726,55863.87076829956,-5611.957497270167,nan,source-day
44,-12,1,2025.06.18_0.3_3,ensemble__original3_mse,ensemble__original3_hgb_extra_trees,rmse_high,77098.12032780994,67854.70081699347,-9243.419510816471,nan,source-day
44,-12,1,2025.06.18_0.3_3,ensemble__original3_mse,ensemble__original3_hgb_extra_trees,rmse_onb,130210.82019286565,121513.73390228591,-8697.08629057974,nan,source-day
44,-12,1,2025.06.18_0.3_3,ensemble__original3_mse,ensemble__original3_hgb_extra_trees,roc_auc_cont,0.970611111111111,0.9782777777777778,0.0076666666666668215,nan,source-day
44,-12,1,2025.06.18_0.3_3,ensemble__original3_mse,ensemble__original3_hgb_extra_trees,pr_auc_cont,0.9818010239132031,0.9863776073676995,0.004576583454496408,nan,source-day
44,-12,1,2025.06.18_0.3_3,ensemble__original3_mse,ensemble__original3_hgb_extra_trees,accuracy,0.8814814814814815,0.8925925925925926,0.011111111111111072,1.1111111111111072,source-day
44,-12,1,2025.06.18_0.3_3,ensemble__original3_mse,ensemble__original3_hgb_extra_trees,precision,1.0,1.0,0.0,0.0,source-day
44,-12,1,2025.06.18_0.3_3,ensemble__original3_mse,ensemble__original3_hgb_extra_trees,recall,0.7866666666666666,0.8066666666666666,0.020000000000000018,2.0000000000000018,source-day
44,-12,1,2025.06.18_0.3_3,ensemble__original3_mse,ensemble__original3_hgb_extra_trees,f1,0.8805970149253731,0.8929889298892989,0.012391914963925776,1.2391914963925776,source-day
44,-12,1,2025.06.18_0.3_3,ensemble__original3_mse,ensemble__original3_hgb_extra_trees,fpr,0.0,0.0,0.0,0.0,source-day
44,-12,1,2025.06.18_0.3_3,ensemble__original3_mse,ensemble__original3_hgb_extra_trees,fp,0,0,0.0,nan,source-day
44,-12,1,2025.06.18_0.3_3,ensemble__original3_mse,ensemble__original3_hgb_extra_trees,fn,32,29,-3.0,nan,source-day
44,-12,1,2025.06.18_0.3_3,ensemble__original3_mse,ensemble__original3_hgb_extra_trees,q100,434018.0833,434018.0833,0.0,nan,source-day
44,-12,1,2025.06.18_0.3_3,ensemble__original3_mse,ensemble__original3_hgb_extra_trees,g100,162340.4017,162340.4017,0.0,nan,source-day
44,-12,1,pooled_source_day_thresholds,ensemble__original3_mse,ensemble__original3_performance,r2,0.9273875044806213,0.9280836039966001,0.0006960995159787098,nan,source-day
44,-12,1,pooled_source_day_thresholds,ensemble__original3_mse,ensemble__original3_performance,rmse_all,72810.71682977998,72460.87649273386,-349.8403370461165,nan,source-day
44,-12,1,pooled_source_day_thresholds,ensemble__original3_mse,ensemble__original3_performance,mae_all,55546.14384821559,55412.28857092701,-133.85527728858142,nan,source-day
44,-12,1,pooled_source_day_thresholds,ensemble__original3_mse,ensemble__original3_performance,rmse_high,66418.56738757963,65703.01427933846,-715.5531082411762,nan,source-day
44,-12,1,pooled_source_day_thresholds,ensemble__original3_mse,ensemble__original3_performance,rmse_onb,113919.69856912068,117052.37724098537,3132.678671864691,nan,source-day
44,-12,1,pooled_source_day_thresholds,ensemble__original3_mse,ensemble__original3_performance,roc_auc_cont,0.9677742504409171,0.9637530864197531,-0.0040211640211640365,nan,source-day
44,-12,1,pooled_source_day_thresholds,ensemble__original3_mse,ensemble__original3_performance,pr_auc_cont,0.9820147266047072,0.9798690150569932,-0.0021457115477140354,nan,source-day
44,-12,1,pooled_source_day_thresholds,ensemble__original3_mse,ensemble__original3_performance,accuracy,0.8870370370370371,0.8907407407407407,0.0037037037037036535,0.37037037037036535,source-day
44,-12,1,pooled_source_day_thresholds,ensemble__original3_mse,ensemble__original3_performance,precision,1.0,1.0,0.0,0.0,source-day
44,-12,1,pooled_source_day_thresholds,ensemble__original3_mse,ensemble__original3_performance,recall,0.8063492063492064,0.8126984126984127,0.006349206349206327,0.6349206349206327,source-day
44,-12,1,pooled_source_day_thresholds,ensemble__original3_mse,ensemble__original3_performance,f1,0.8927943760984183,0.8966725043782837,0.003878128279865445,0.3878128279865445,source-day
44,-12,1,pooled_source_day_thresholds,ensemble__original3_mse,ensemble__original3_performance,fpr,0.0,0.0,0.0,0.0,source-day
44,-12,1,pooled_source_day_thresholds,ensemble__original3_mse,ensemble__original3_performance,fp,0,0,0.0,nan,source-day
44,-12,1,pooled_source_day_thresholds,ensemble__original3_mse,ensemble__original3_performance,fn,61,59,-2.0,nan,source-day
44,-12,1,pooled_source_day_thresholds,ensemble__original3_mse,ensemble__original3_performance,q100,nan,nan,nan,nan,source-day
44,-12,1,pooled_source_day_thresholds,ensemble__original3_mse,ensemble__original3_performance,g100,nan,nan,nan,nan,source-day
44,-12,1,2025.06.11_0.3_2,ensemble__original3_mse,ensemble__original3_performance,r2,0.9422077498122916,0.9431618610574632,0.0009541112451716405,nan,source-day
44,-12,1,2025.06.11_0.3_2,ensemble__original3_mse,ensemble__original3_performance,rmse_all,64439.216823340415,63905.07898364586,-534.1378396945584,nan,source-day
44,-12,1,2025.06.11_0.3_2,ensemble__original3_mse,ensemble__original3_performance,mae_all,49616.459430861476,49130.85686366467,-485.6025671968091,nan,source-day
44,-12,1,2025.06.11_0.3_2,ensemble__original3_mse,ensemble__original3_performance,rmse_high,54936.94434148448,53471.7122458377,-1465.232095646781,nan,source-day
44,-12,1,2025.06.11_0.3_2,ensemble__original3_mse,ensemble__original3_performance,rmse_onb,94871.16394806087,100165.48533499647,5294.321386935597,nan,source-day
44,-12,1,2025.06.11_0.3_2,ensemble__original3_mse,ensemble__original3_performance,roc_auc_cont,0.9660028860028861,0.9610389610389611,-0.004963924963924948,nan,source-day
44,-12,1,2025.06.11_0.3_2,ensemble__original3_mse,ensemble__original3_performance,pr_auc_cont,0.9828262762445417,0.9803481081577794,-0.002478168086762267,nan,source-day
44,-12,1,2025.06.11_0.3_2,ensemble__original3_mse,ensemble__original3_performance,accuracy,0.8925925925925926,0.8962962962962963,0.0037037037037036535,0.37037037037036535,source-day
44,-12,1,2025.06.11_0.3_2,ensemble__original3_mse,ensemble__original3_performance,precision,1.0,1.0,0.0,0.0,source-day
44,-12,1,2025.06.11_0.3_2,ensemble__original3_mse,ensemble__original3_performance,recall,0.8242424242424242,0.8303030303030303,0.0060606060606061,0.60606060606061,source-day
44,-12,1,2025.06.11_0.3_2,ensemble__original3_mse,ensemble__original3_performance,f1,0.9036544850498339,0.9072847682119205,0.0036302831620865783,0.36302831620865783,source-day
44,-12,1,2025.06.11_0.3_2,ensemble__original3_mse,ensemble__original3_performance,fpr,0.0,0.0,0.0,0.0,source-day
44,-12,1,2025.06.11_0.3_2,ensemble__original3_mse,ensemble__original3_performance,fp,0,0,0.0,nan,source-day
44,-12,1,2025.06.11_0.3_2,ensemble__original3_mse,ensemble__original3_performance,fn,29,28,-1.0,nan,source-day
44,-12,1,2025.06.11_0.3_2,ensemble__original3_mse,ensemble__original3_performance,q100,368978.105,368978.105,0.0,nan,source-day
44,-12,1,2025.06.11_0.3_2,ensemble__original3_mse,ensemble__original3_performance,g100,147472.9948,147472.9948,0.0,nan,source-day
44,-12,1,2025.06.18_0.3_3,ensemble__original3_mse,ensemble__original3_performance,r2,0.9130123785468193,0.9134586208566994,0.00044624230988010716,nan,source-day
44,-12,1,2025.06.18_0.3_3,ensemble__original3_mse,ensemble__original3_performance,rmse_all,80314.30947052546,80108.04032233247,-206.26914819299418,nan,source-day
44,-12,1,2025.06.18_0.3_3,ensemble__original3_mse,ensemble__original3_performance,mae_all,61475.828265569726,61693.72027818937,217.89201261964627,nan,source-day
44,-12,1,2025.06.18_0.3_3,ensemble__original3_mse,ensemble__original3_performance,rmse_high,77098.12032780994,76943.57911982757,-154.54120798237273,nan,source-day
44,-12,1,2025.06.18_0.3_3,ensemble__original3_mse,ensemble__original3_performance,rmse_onb,130210.82019286565,131792.99519753133,1582.1750046656816,nan,source-day
44,-12,1,2025.06.18_0.3_3,ensemble__original3_mse,ensemble__original3_performance,roc_auc_cont,0.970611111111111,0.9674444444444446,-0.003166666666666429,nan,source-day
44,-12,1,2025.06.18_0.3_3,ensemble__original3_mse,ensemble__original3_performance,pr_auc_cont,0.9818010239132031,0.9802928854173601,-0.00150813849584297,nan,source-day
44,-12,1,2025.06.18_0.3_3,ensemble__original3_mse,ensemble__original3_performance,accuracy,0.8814814814814815,0.8851851851851852,0.0037037037037036535,0.37037037037036535,source-day
44,-12,1,2025.06.18_0.3_3,ensemble__original3_mse,ensemble__original3_performance,precision,1.0,1.0,0.0,0.0,source-day
44,-12,1,2025.06.18_0.3_3,ensemble__original3_mse,ensemble__original3_performance,recall,0.7866666666666666,0.7933333333333333,0.00666666666666671,0.666666666666671,source-day
44,-12,1,2025.06.18_0.3_3,ensemble__original3_mse,ensemble__original3_performance,f1,0.8805970149253731,0.8847583643122676,0.004161349386894497,0.41613493868944973,source-day
44,-12,1,2025.06.18_0.3_3,ensemble__original3_mse,ensemble__original3_performance,fpr,0.0,0.0,0.0,0.0,source-day
44,-12,1,2025.06.18_0.3_3,ensemble__original3_mse,ensemble__original3_performance,fp,0,0,0.0,nan,source-day
44,-12,1,2025.06.18_0.3_3,ensemble__original3_mse,ensemble__original3_performance,fn,32,31,-1.0,nan,source-day
44,-12,1,2025.06.18_0.3_3,ensemble__original3_mse,ensemble__original3_performance,q100,434018.0833,434018.0833,0.0,nan,source-day
44,-12,1,2025.06.18_0.3_3,ensemble__original3_mse,ensemble__original3_performance,g100,162340.4017,162340.4017,0.0,nan,source-day
44,-12,1,pooled_source_day_thresholds,ensemble__original3_mse,ensemble__original3_hgb,r2,0.9273875044806213,0.9360447448432595,0.008657240362638152,nan,source-day
44,-12,1,pooled_source_day_thresholds,ensemble__original3_mse,ensemble__original3_hgb,rmse_all,72810.71682977998,68332.56818388983,-4478.148645890149,nan,source-day
44,-12,1,pooled_source_day_thresholds,ensemble__original3_mse,ensemble__original3_hgb,mae_all,55546.14384821559,50570.803865705486,-4975.339982510108,nan,source-day
44,-12,1,pooled_source_day_thresholds,ensemble__original3_mse,ensemble__original3_hgb,rmse_high,66418.56738757963,53504.17244109249,-12914.394946487148,nan,source-day
44,-12,1,pooled_source_day_thresholds,ensemble__original3_mse,ensemble__original3_hgb,rmse_onb,113919.69856912068,101699.6912365541,-12220.007332566573,nan,source-day
44,-12,1,pooled_source_day_thresholds,ensemble__original3_mse,ensemble__original3_hgb,roc_auc_cont,0.9677742504409171,0.9655449735449736,-0.002229276895943544,nan,source-day
44,-12,1,pooled_source_day_thresholds,ensemble__original3_mse,ensemble__original3_hgb,pr_auc_cont,0.9820147266047072,0.981050596861975,-0.0009641297427321893,nan,source-day
44,-12,1,pooled_source_day_thresholds,ensemble__original3_mse,ensemble__original3_hgb,accuracy,0.8870370370370371,0.9092592592592592,0.022222222222222143,2.2222222222222143,source-day
44,-12,1,pooled_source_day_thresholds,ensemble__original3_mse,ensemble__original3_hgb,precision,1.0,1.0,0.0,0.0,source-day
44,-12,1,pooled_source_day_thresholds,ensemble__original3_mse,ensemble__original3_hgb,recall,0.8063492063492064,0.8444444444444444,0.03809523809523807,3.809523809523807,source-day
44,-12,1,pooled_source_day_thresholds,ensemble__original3_mse,ensemble__original3_hgb,f1,0.8927943760984183,0.9156626506024096,0.022868274503991315,2.2868274503991315,source-day
44,-12,1,pooled_source_day_thresholds,ensemble__original3_mse,ensemble__original3_hgb,fpr,0.0,0.0,0.0,0.0,source-day
44,-12,1,pooled_source_day_thresholds,ensemble__original3_mse,ensemble__original3_hgb,fp,0,0,0.0,nan,source-day
44,-12,1,pooled_source_day_thresholds,ensemble__original3_mse,ensemble__original3_hgb,fn,61,49,-12.0,nan,source-day
44,-12,1,pooled_source_day_thresholds,ensemble__original3_mse,ensemble__original3_hgb,q100,nan,nan,nan,nan,source-day
44,-12,1,pooled_source_day_thresholds,ensemble__original3_mse,ensemble__original3_hgb,g100,nan,nan,nan,nan,source-day
44,-12,1,2025.06.11_0.3_2,ensemble__original3_mse,ensemble__original3_hgb,r2,0.9422077498122916,0.9481699461063784,0.005962196294086786,nan,source-day
44,-12,1,2025.06.11_0.3_2,ensemble__original3_mse,ensemble__original3_hgb,rmse_all,64439.216823340415,61024.788300912536,-3414.428522427879,nan,source-day
44,-12,1,2025.06.11_0.3_2,ensemble__original3_mse,ensemble__original3_hgb,mae_all,49616.459430861476,45401.085509600154,-4215.373921261322,nan,source-day
44,-12,1,2025.06.11_0.3_2,ensemble__original3_mse,ensemble__original3_hgb,rmse_high,54936.94434148448,43310.84824815802,-11626.096093326458,nan,source-day
44,-12,1,2025.06.11_0.3_2,ensemble__original3_mse,ensemble__original3_hgb,rmse_onb,94871.16394806087,94900.78437009352,29.620422032647184,nan,source-day
44,-12,1,2025.06.11_0.3_2,ensemble__original3_mse,ensemble__original3_hgb,roc_auc_cont,0.9660028860028861,0.9711976911976911,0.0051948051948049745,nan,source-day
44,-12,1,2025.06.11_0.3_2,ensemble__original3_mse,ensemble__original3_hgb,pr_auc_cont,0.9828262762445417,0.9850777207869821,0.0022514445424404173,nan,source-day
44,-12,1,2025.06.11_0.3_2,ensemble__original3_mse,ensemble__original3_hgb,accuracy,0.8925925925925926,0.9222222222222223,0.029629629629629672,2.9629629629629672,source-day
44,-12,1,2025.06.11_0.3_2,ensemble__original3_mse,ensemble__original3_hgb,precision,1.0,1.0,0.0,0.0,source-day
44,-12,1,2025.06.11_0.3_2,ensemble__original3_mse,ensemble__original3_hgb,recall,0.8242424242424242,0.8727272727272727,0.048484848484848464,4.848484848484846,source-day
44,-12,1,2025.06.11_0.3_2,ensemble__original3_mse,ensemble__original3_hgb,f1,0.9036544850498339,0.9320388349514563,0.02838434990162242,2.838434990162242,source-day
44,-12,1,2025.06.11_0.3_2,ensemble__original3_mse,ensemble__original3_hgb,fpr,0.0,0.0,0.0,0.0,source-day
44,-12,1,2025.06.11_0.3_2,ensemble__original3_mse,ensemble__original3_hgb,fp,0,0,0.0,nan,source-day
44,-12,1,2025.06.11_0.3_2,ensemble__original3_mse,ensemble__original3_hgb,fn,29,21,-8.0,nan,source-day
44,-12,1,2025.06.11_0.3_2,ensemble__original3_mse,ensemble__original3_hgb,q100,368978.105,368978.105,0.0,nan,source-day
44,-12,1,2025.06.11_0.3_2,ensemble__original3_mse,ensemble__original3_hgb,g100,147472.9948,147472.9948,0.0,nan,source-day
44,-12,1,2025.06.18_0.3_3,ensemble__original3_mse,ensemble__original3_hgb,r2,0.9130123785468193,0.9242827784500102,0.011270399903190897,nan,source-day
44,-12,1,2025.06.18_0.3_3,ensemble__original3_mse,ensemble__original3_hgb,rmse_all,80314.30947052546,74931.00134150559,-5383.308129019875,nan,source-day
44,-12,1,2025.06.18_0.3_3,ensemble__original3_mse,ensemble__original3_hgb,mae_all,61475.828265569726,55740.52222181082,-5735.306043758908,nan,source-day
44,-12,1,2025.06.18_0.3_3,ensemble__original3_mse,ensemble__original3_hgb,rmse_high,77098.12032780994,62835.10205689545,-14263.018270914494,nan,source-day
44,-12,1,2025.06.18_0.3_3,ensemble__original3_mse,ensemble__original3_hgb,rmse_onb,130210.82019286565,108071.7147137117,-22139.10547915395,nan,source-day
44,-12,1,2025.06.18_0.3_3,ensemble__original3_mse,ensemble__original3_hgb,roc_auc_cont,0.970611111111111,0.9687777777777778,-0.0018333333333331314,nan,source-day
44,-12,1,2025.06.18_0.3_3,ensemble__original3_mse,ensemble__original3_hgb,pr_auc_cont,0.9818010239132031,0.9816131405385866,-0.00018788337461650428,nan,source-day
44,-12,1,2025.06.18_0.3_3,ensemble__original3_mse,ensemble__original3_hgb,accuracy,0.8814814814814815,0.8962962962962963,0.014814814814814725,1.4814814814814725,source-day
44,-12,1,2025.06.18_0.3_3,ensemble__original3_mse,ensemble__original3_hgb,precision,1.0,1.0,0.0,0.0,source-day
44,-12,1,2025.06.18_0.3_3,ensemble__original3_mse,ensemble__original3_hgb,recall,0.7866666666666666,0.8133333333333334,0.026666666666666727,2.6666666666666727,source-day
44,-12,1,2025.06.18_0.3_3,ensemble__original3_mse,ensemble__original3_hgb,f1,0.8805970149253731,0.8970588235294118,0.016461808604038675,1.6461808604038675,source-day
44,-12,1,2025.06.18_0.3_3,ensemble__original3_mse,ensemble__original3_hgb,fpr,0.0,0.0,0.0,0.0,source-day
44,-12,1,2025.06.18_0.3_3,ensemble__original3_mse,ensemble__original3_hgb,fp,0,0,0.0,nan,source-day
44,-12,1,2025.06.18_0.3_3,ensemble__original3_mse,ensemble__original3_hgb,fn,32,28,-4.0,nan,source-day
44,-12,1,2025.06.18_0.3_3,ensemble__original3_mse,ensemble__original3_hgb,q100,434018.0833,434018.0833,0.0,nan,source-day
44,-12,1,2025.06.18_0.3_3,ensemble__original3_mse,ensemble__original3_hgb,g100,162340.4017,162340.4017,0.0,nan,source-day
44,-12,1,pooled_source_day_thresholds,ensemble__original3_mse,ensemble__original3_extra_trees,r2,0.9273875044806213,0.9364708013734443,0.009083296892822945,nan,source-day
44,-12,1,pooled_source_day_thresholds,ensemble__original3_mse,ensemble__original3_extra_trees,rmse_all,72810.71682977998,68104.5792087729,-4706.137621007074,nan,source-day
44,-12,1,pooled_source_day_thresholds,ensemble__original3_mse,ensemble__original3_extra_trees,mae_all,55546.14384821559,49621.93584486282,-5924.2080033527745,nan,source-day
44,-12,1,pooled_source_day_thresholds,ensemble__original3_mse,ensemble__original3_extra_trees,rmse_high,66418.56738757963,59808.466650813665,-6610.1007367659695,nan,source-day
44,-12,1,pooled_source_day_thresholds,ensemble__original3_mse,ensemble__original3_extra_trees,rmse_onb,113919.69856912068,123221.00056901741,9301.301999896736,nan,source-day
44,-12,1,pooled_source_day_thresholds,ensemble__original3_mse,ensemble__original3_extra_trees,roc_auc_cont,0.9677742504409171,0.9614673721340389,-0.006306878306878261,nan,source-day
44,-12,1,pooled_source_day_thresholds,ensemble__original3_mse,ensemble__original3_extra_trees,pr_auc_cont,0.9820147266047072,0.9795321680528251,-0.0024825585518821747,nan,source-day
44,-12,1,pooled_source_day_thresholds,ensemble__original3_mse,ensemble__original3_extra_trees,accuracy,0.8870370370370371,0.9074074074074074,0.020370370370370372,2.037037037037037,source-day
44,-12,1,pooled_source_day_thresholds,ensemble__original3_mse,ensemble__original3_extra_trees,precision,1.0,1.0,0.0,0.0,source-day
44,-12,1,pooled_source_day_thresholds,ensemble__original3_mse,ensemble__original3_extra_trees,recall,0.8063492063492064,0.8412698412698413,0.03492063492063491,3.4920634920634908,source-day
44,-12,1,pooled_source_day_thresholds,ensemble__original3_mse,ensemble__original3_extra_trees,f1,0.8927943760984183,0.9137931034482759,0.020998727349857638,2.0998727349857638,source-day
44,-12,1,pooled_source_day_thresholds,ensemble__original3_mse,ensemble__original3_extra_trees,fpr,0.0,0.0,0.0,0.0,source-day
44,-12,1,pooled_source_day_thresholds,ensemble__original3_mse,ensemble__original3_extra_trees,fp,0,0,0.0,nan,source-day
44,-12,1,pooled_source_day_thresholds,ensemble__original3_mse,ensemble__original3_extra_trees,fn,61,50,-11.0,nan,source-day
44,-12,1,pooled_source_day_thresholds,ensemble__original3_mse,ensemble__original3_extra_trees,q100,nan,nan,nan,nan,source-day
44,-12,1,pooled_source_day_thresholds,ensemble__original3_mse,ensemble__original3_extra_trees,g100,nan,nan,nan,nan,source-day
44,-12,1,2025.06.11_0.3_2,ensemble__original3_mse,ensemble__original3_extra_trees,r2,0.9422077498122916,0.9523182880856649,0.01011053827337327,nan,source-day
44,-12,1,2025.06.11_0.3_2,ensemble__original3_mse,ensemble__original3_extra_trees,rmse_all,64439.216823340415,58531.73140649703,-5907.4854168433885,nan,source-day
44,-12,1,2025.06.11_0.3_2,ensemble__original3_mse,ensemble__original3_extra_trees,mae_all,49616.459430861476,42779.23385486823,-6837.225575993245,nan,source-day
44,-12,1,2025.06.11_0.3_2,ensemble__original3_mse,ensemble__original3_extra_trees,rmse_high,54936.94434148448,48455.11037856703,-6481.833962917452,nan,source-day
44,-12,1,2025.06.11_0.3_2,ensemble__original3_mse,ensemble__original3_extra_trees,rmse_onb,94871.16394806087,119161.48257207466,24290.318624013787,nan,source-day
44,-12,1,2025.06.11_0.3_2,ensemble__original3_mse,ensemble__original3_extra_trees,roc_auc_cont,0.9660028860028861,0.9678499278499278,0.0018470418470417638,nan,source-day
44,-12,1,2025.06.11_0.3_2,ensemble__original3_mse,ensemble__original3_extra_trees,pr_auc_cont,0.9828262762445417,0.983137260815395,0.0003109845708533232,nan,source-day
44,-12,1,2025.06.11_0.3_2,ensemble__original3_mse,ensemble__original3_extra_trees,accuracy,0.8925925925925926,0.9222222222222223,0.029629629629629672,2.9629629629629672,source-day
44,-12,1,2025.06.11_0.3_2,ensemble__original3_mse,ensemble__original3_extra_trees,precision,1.0,1.0,0.0,0.0,source-day
44,-12,1,2025.06.11_0.3_2,ensemble__original3_mse,ensemble__original3_extra_trees,recall,0.8242424242424242,0.8727272727272727,0.048484848484848464,4.848484848484846,source-day
44,-12,1,2025.06.11_0.3_2,ensemble__original3_mse,ensemble__original3_extra_trees,f1,0.9036544850498339,0.9320388349514563,0.02838434990162242,2.838434990162242,source-day
44,-12,1,2025.06.11_0.3_2,ensemble__original3_mse,ensemble__original3_extra_trees,fpr,0.0,0.0,0.0,0.0,source-day
44,-12,1,2025.06.11_0.3_2,ensemble__original3_mse,ensemble__original3_extra_trees,fp,0,0,0.0,nan,source-day
44,-12,1,2025.06.11_0.3_2,ensemble__original3_mse,ensemble__original3_extra_trees,fn,29,21,-8.0,nan,source-day
44,-12,1,2025.06.11_0.3_2,ensemble__original3_mse,ensemble__original3_extra_trees,q100,368978.105,368978.105,0.0,nan,source-day
44,-12,1,2025.06.11_0.3_2,ensemble__original3_mse,ensemble__original3_extra_trees,g100,147472.9948,147472.9948,0.0,nan,source-day
44,-12,1,2025.06.18_0.3_3,ensemble__original3_mse,ensemble__original3_extra_trees,r2,0.9130123785468193,0.9211022051760074,0.008089826629188113,nan,source-day
44,-12,1,2025.06.18_0.3_3,ensemble__original3_mse,ensemble__original3_extra_trees,rmse_all,80314.30947052546,76488.58631825882,-3825.7231522666407,nan,source-day
44,-12,1,2025.06.18_0.3_3,ensemble__original3_mse,ensemble__original3_extra_trees,mae_all,61475.828265569726,56464.637834857414,-5011.190430712311,nan,source-day
44,-12,1,2025.06.18_0.3_3,ensemble__original3_mse,ensemble__original3_extra_trees,rmse_high,77098.12032780994,70207.71425260976,-6890.406075200182,nan,source-day
44,-12,1,2025.06.18_0.3_3,ensemble__original3_mse,ensemble__original3_extra_trees,rmse_onb,130210.82019286565,127150.97732099713,-3059.8428718685172,nan,source-day
44,-12,1,2025.06.18_0.3_3,ensemble__original3_mse,ensemble__original3_extra_trees,roc_auc_cont,0.970611111111111,0.9807777777777777,0.010166666666666768,nan,source-day
44,-12,1,2025.06.18_0.3_3,ensemble__original3_mse,ensemble__original3_extra_trees,pr_auc_cont,0.9818010239132031,0.987621498246373,0.0058204743331699005,nan,source-day
44,-12,1,2025.06.18_0.3_3,ensemble__original3_mse,ensemble__original3_extra_trees,accuracy,0.8814814814814815,0.8925925925925926,0.011111111111111072,1.1111111111111072,source-day
44,-12,1,2025.06.18_0.3_3,ensemble__original3_mse,ensemble__original3_extra_trees,precision,1.0,1.0,0.0,0.0,source-day
44,-12,1,2025.06.18_0.3_3,ensemble__original3_mse,ensemble__original3_extra_trees,recall,0.7866666666666666,0.8066666666666666,0.020000000000000018,2.0000000000000018,source-day
44,-12,1,2025.06.18_0.3_3,ensemble__original3_mse,ensemble__original3_extra_trees,f1,0.8805970149253731,0.8929889298892989,0.012391914963925776,1.2391914963925776,source-day
44,-12,1,2025.06.18_0.3_3,ensemble__original3_mse,ensemble__original3_extra_trees,fpr,0.0,0.0,0.0,0.0,source-day
44,-12,1,2025.06.18_0.3_3,ensemble__original3_mse,ensemble__original3_extra_trees,fp,0,0,0.0,nan,source-day
44,-12,1,2025.06.18_0.3_3,ensemble__original3_mse,ensemble__original3_extra_trees,fn,32,29,-3.0,nan,source-day
44,-12,1,2025.06.18_0.3_3,ensemble__original3_mse,ensemble__original3_extra_trees,q100,434018.0833,434018.0833,0.0,nan,source-day
44,-12,1,2025.06.18_0.3_3,ensemble__original3_mse,ensemble__original3_extra_trees,g100,162340.4017,162340.4017,0.0,nan,source-day
44,-12,1,pooled_source_day_thresholds,ensemble__original3_mse,ensemble__simple_equal,r2,0.9273875044806213,0.9338299647607051,0.006442460280083773,nan,source-day
44,-12,1,pooled_source_day_thresholds,ensemble__original3_mse,ensemble__simple_equal,rmse_all,72810.71682977998,69505.68189074408,-3305.0349390359042,nan,source-day
44,-12,1,pooled_source_day_thresholds,ensemble__original3_mse,ensemble__simple_equal,mae_all,55546.14384821559,52175.77666649963,-3370.367181715963,nan,source-day
44,-12,1,pooled_source_day_thresholds,ensemble__original3_mse,ensemble__simple_equal,rmse_high,66418.56738757963,59733.276952155866,-6685.290435423769,nan,source-day
44,-12,1,pooled_source_day_thresholds,ensemble__original3_mse,ensemble__simple_equal,rmse_onb,113919.69856912068,117351.77166466524,3432.0730955445615,nan,source-day
44,-12,1,pooled_source_day_thresholds,ensemble__original3_mse,ensemble__simple_equal,roc_auc_cont,0.9677742504409171,0.9591111111111111,-0.008663139329806002,nan,source-day
44,-12,1,pooled_source_day_thresholds,ensemble__original3_mse,ensemble__simple_equal,pr_auc_cont,0.9820147266047072,0.9778349005947505,-0.0041798260099567,nan,source-day
44,-12,1,pooled_source_day_thresholds,ensemble__original3_mse,ensemble__simple_equal,accuracy,0.8870370370370371,0.9074074074074074,0.020370370370370372,2.037037037037037,source-day
44,-12,1,pooled_source_day_thresholds,ensemble__original3_mse,ensemble__simple_equal,precision,1.0,1.0,0.0,0.0,source-day
44,-12,1,pooled_source_day_thresholds,ensemble__original3_mse,ensemble__simple_equal,recall,0.8063492063492064,0.8412698412698413,0.03492063492063491,3.4920634920634908,source-day
44,-12,1,pooled_source_day_thresholds,ensemble__original3_mse,ensemble__simple_equal,f1,0.8927943760984183,0.9137931034482759,0.020998727349857638,2.0998727349857638,source-day
44,-12,1,pooled_source_day_thresholds,ensemble__original3_mse,ensemble__simple_equal,fpr,0.0,0.0,0.0,0.0,source-day
44,-12,1,pooled_source_day_thresholds,ensemble__original3_mse,ensemble__simple_equal,fp,0,0,0.0,nan,source-day
44,-12,1,pooled_source_day_thresholds,ensemble__original3_mse,ensemble__simple_equal,fn,61,50,-11.0,nan,source-day
44,-12,1,pooled_source_day_thresholds,ensemble__original3_mse,ensemble__simple_equal,q100,nan,nan,nan,nan,source-day
44,-12,1,pooled_source_day_thresholds,ensemble__original3_mse,ensemble__simple_equal,g100,nan,nan,nan,nan,source-day
44,-12,1,2025.06.11_0.3_2,ensemble__original3_mse,ensemble__simple_equal,r2,0.9422077498122916,0.9482332088870707,0.006025459074779138,nan,source-day
44,-12,1,2025.06.11_0.3_2,ensemble__original3_mse,ensemble__simple_equal,rmse_all,64439.216823340415,60987.534079938596,-3451.6827434018196,nan,source-day
44,-12,1,2025.06.11_0.3_2,ensemble__original3_mse,ensemble__simple_equal,mae_all,49616.459430861476,45803.83356833073,-3812.6258625307455,nan,source-day
44,-12,1,2025.06.11_0.3_2,ensemble__original3_mse,ensemble__simple_equal,rmse_high,54936.94434148448,47850.876954085325,-7086.0673873991545,nan,source-day
44,-12,1,2025.06.11_0.3_2,ensemble__original3_mse,ensemble__simple_equal,rmse_onb,94871.16394806087,108812.0544087571,13940.890460696231,nan,source-day
44,-12,1,2025.06.11_0.3_2,ensemble__original3_mse,ensemble__simple_equal,roc_auc_cont,0.9660028860028861,0.9578066378066378,-0.008196248196248312,nan,source-day
44,-12,1,2025.06.11_0.3_2,ensemble__original3_mse,ensemble__simple_equal,pr_auc_cont,0.9828262762445417,0.9783109548907274,-0.004515321353814272,nan,source-day
44,-12,1,2025.06.11_0.3_2,ensemble__original3_mse,ensemble__simple_equal,accuracy,0.8925925925925926,0.9222222222222223,0.029629629629629672,2.9629629629629672,source-day
44,-12,1,2025.06.11_0.3_2,ensemble__original3_mse,ensemble__simple_equal,precision,1.0,1.0,0.0,0.0,source-day
44,-12,1,2025.06.11_0.3_2,ensemble__original3_mse,ensemble__simple_equal,recall,0.8242424242424242,0.8727272727272727,0.048484848484848464,4.848484848484846,source-day
44,-12,1,2025.06.11_0.3_2,ensemble__original3_mse,ensemble__simple_equal,f1,0.9036544850498339,0.9320388349514563,0.02838434990162242,2.838434990162242,source-day
44,-12,1,2025.06.11_0.3_2,ensemble__original3_mse,ensemble__simple_equal,fpr,0.0,0.0,0.0,0.0,source-day
44,-12,1,2025.06.11_0.3_2,ensemble__original3_mse,ensemble__simple_equal,fp,0,0,0.0,nan,source-day
44,-12,1,2025.06.11_0.3_2,ensemble__original3_mse,ensemble__simple_equal,fn,29,21,-8.0,nan,source-day
44,-12,1,2025.06.11_0.3_2,ensemble__original3_mse,ensemble__simple_equal,q100,368978.105,368978.105,0.0,nan,source-day
44,-12,1,2025.06.11_0.3_2,ensemble__original3_mse,ensemble__simple_equal,g100,147472.9948,147472.9948,0.0,nan,source-day
44,-12,1,2025.06.18_0.3_3,ensemble__original3_mse,ensemble__simple_equal,r2,0.9130123785468193,0.9198602251018755,0.006847846555056214,nan,source-day
44,-12,1,2025.06.18_0.3_3,ensemble__original3_mse,ensemble__simple_equal,rmse_all,80314.30947052546,77088.2631601137,-3226.046310411766,nan,source-day
44,-12,1,2025.06.18_0.3_3,ensemble__original3_mse,ensemble__simple_equal,mae_all,61475.828265569726,58547.71976466854,-2928.1085009011877,nan,source-day
44,-12,1,2025.06.18_0.3_3,ensemble__original3_mse,ensemble__simple_equal,rmse_high,77098.12032780994,70528.42065882159,-6569.699668988353,nan,source-day
44,-12,1,2025.06.18_0.3_3,ensemble__original3_mse,ensemble__simple_equal,rmse_onb,130210.82019286565,125310.86721037861,-4899.952982487041,nan,source-day
44,-12,1,2025.06.18_0.3_3,ensemble__original3_mse,ensemble__simple_equal,roc_auc_cont,0.970611111111111,0.9683888888888889,-0.0022222222222221255,nan,source-day
44,-12,1,2025.06.18_0.3_3,ensemble__original3_mse,ensemble__simple_equal,pr_auc_cont,0.9818010239132031,0.981297665385011,-0.000503358528192166,nan,source-day
44,-12,1,2025.06.18_0.3_3,ensemble__original3_mse,ensemble__simple_equal,accuracy,0.8814814814814815,0.8925925925925926,0.011111111111111072,1.1111111111111072,source-day
44,-12,1,2025.06.18_0.3_3,ensemble__original3_mse,ensemble__simple_equal,precision,1.0,1.0,0.0,0.0,source-day
44,-12,1,2025.06.18_0.3_3,ensemble__original3_mse,ensemble__simple_equal,recall,0.7866666666666666,0.8066666666666666,0.020000000000000018,2.0000000000000018,source-day
44,-12,1,2025.06.18_0.3_3,ensemble__original3_mse,ensemble__simple_equal,f1,0.8805970149253731,0.8929889298892989,0.012391914963925776,1.2391914963925776,source-day
44,-12,1,2025.06.18_0.3_3,ensemble__original3_mse,ensemble__simple_equal,fpr,0.0,0.0,0.0,0.0,source-day
44,-12,1,2025.06.18_0.3_3,ensemble__original3_mse,ensemble__simple_equal,fp,0,0,0.0,nan,source-day
44,-12,1,2025.06.18_0.3_3,ensemble__original3_mse,ensemble__simple_equal,fn,32,29,-3.0,nan,source-day
44,-12,1,2025.06.18_0.3_3,ensemble__original3_mse,ensemble__simple_equal,q100,434018.0833,434018.0833,0.0,nan,source-day
44,-12,1,2025.06.18_0.3_3,ensemble__original3_mse,ensemble__simple_equal,g100,162340.4017,162340.4017,0.0,nan,source-day
44,-16,1,pooled_source_day_thresholds,ensemble__original3_mse,ensemble__original3_hgb_extra_trees,r2,0.9193140080821344,0.9319438756453039,0.012629867563169528,nan,source-day
44,-16,1,pooled_source_day_thresholds,ensemble__original3_mse,ensemble__original3_hgb_extra_trees,rmse_all,76751.82247403647,70489.30556645473,-6262.516907581739,nan,source-day
44,-16,1,pooled_source_day_thresholds,ensemble__original3_mse,ensemble__original3_hgb_extra_trees,mae_all,58430.99990215427,52009.55792388107,-6421.4419782732,nan,source-day
44,-16,1,pooled_source_day_thresholds,ensemble__original3_mse,ensemble__original3_hgb_extra_trees,rmse_high,64669.7391436599,59258.633064007845,-5411.106079652054,nan,source-day
44,-16,1,pooled_source_day_thresholds,ensemble__original3_mse,ensemble__original3_hgb_extra_trees,rmse_onb,105764.05728678087,115195.2044912355,9431.147204454639,nan,source-day
44,-16,1,pooled_source_day_thresholds,ensemble__original3_mse,ensemble__original3_hgb_extra_trees,roc_auc_cont,0.9562045855379188,0.9578977072310405,0.0016931216931217463,nan,source-day
44,-16,1,pooled_source_day_thresholds,ensemble__original3_mse,ensemble__original3_hgb_extra_trees,pr_auc_cont,0.975963561232321,0.9782555089313533,0.002291947699032293,nan,source-day
44,-16,1,pooled_source_day_thresholds,ensemble__original3_mse,ensemble__original3_hgb_extra_trees,accuracy,0.8851851851851852,0.9037037037037037,0.01851851851851849,1.851851851851849,source-day
44,-16,1,pooled_source_day_thresholds,ensemble__original3_mse,ensemble__original3_hgb_extra_trees,precision,1.0,1.0,0.0,0.0,source-day
44,-16,1,pooled_source_day_thresholds,ensemble__original3_mse,ensemble__original3_hgb_extra_trees,recall,0.8031746031746032,0.834920634920635,0.031746031746031744,3.1746031746031744,source-day
44,-16,1,pooled_source_day_thresholds,ensemble__original3_mse,ensemble__original3_hgb_extra_trees,f1,0.8908450704225352,0.9100346020761245,0.019189531653589276,1.9189531653589276,source-day
44,-16,1,pooled_source_day_thresholds,ensemble__original3_mse,ensemble__original3_hgb_extra_trees,fpr,0.0,0.0,0.0,0.0,source-day
44,-16,1,pooled_source_day_thresholds,ensemble__original3_mse,ensemble__original3_hgb_extra_trees,fp,0,0,0.0,nan,source-day
44,-16,1,pooled_source_day_thresholds,ensemble__original3_mse,ensemble__original3_hgb_extra_trees,fn,62,52,-10.0,nan,source-day
44,-16,1,pooled_source_day_thresholds,ensemble__original3_mse,ensemble__original3_hgb_extra_trees,q100,nan,nan,nan,nan,source-day
44,-16,1,pooled_source_day_thresholds,ensemble__original3_mse,ensemble__original3_hgb_extra_trees,g100,nan,nan,nan,nan,source-day
44,-16,1,2025.06.11_0.3_2,ensemble__original3_mse,ensemble__original3_hgb_extra_trees,r2,0.9321508432071491,0.9470821941347655,0.014931350927616327,nan,source-day
44,-16,1,2025.06.11_0.3_2,ensemble__original3_mse,ensemble__original3_hgb_extra_trees,rmse_all,69821.25948563465,61661.82376138998,-8159.435724244679,nan,source-day
44,-16,1,2025.06.11_0.3_2,ensemble__original3_mse,ensemble__original3_hgb_extra_trees,mae_all,53183.266789656795,45762.17155795379,-7421.095231703002,nan,source-day
44,-16,1,2025.06.11_0.3_2,ensemble__original3_mse,ensemble__original3_hgb_extra_trees,rmse_high,53930.757627954816,46241.66885515171,-7689.088772803108,nan,source-day
44,-16,1,2025.06.11_0.3_2,ensemble__original3_mse,ensemble__original3_hgb_extra_trees,rmse_onb,88230.40192514798,103887.75836066133,15657.356435513357,nan,source-day
44,-16,1,2025.06.11_0.3_2,ensemble__original3_mse,ensemble__original3_hgb_extra_trees,roc_auc_cont,0.9455699855699855,0.9488023088023089,0.003232323232323364,nan,source-day
44,-16,1,2025.06.11_0.3_2,ensemble__original3_mse,ensemble__original3_hgb_extra_trees,pr_auc_cont,0.9735843847730618,0.9756141883094641,0.0020298035364023637,nan,source-day
44,-16,1,2025.06.11_0.3_2,ensemble__original3_mse,ensemble__original3_hgb_extra_trees,accuracy,0.8888888888888888,0.9185185185185185,0.029629629629629672,2.9629629629629672,source-day
44,-16,1,2025.06.11_0.3_2,ensemble__original3_mse,ensemble__original3_hgb_extra_trees,precision,1.0,1.0,0.0,0.0,source-day
44,-16,1,2025.06.11_0.3_2,ensemble__original3_mse,ensemble__original3_hgb_extra_trees,recall,0.8181818181818182,0.8666666666666667,0.048484848484848464,4.848484848484846,source-day
44,-16,1,2025.06.11_0.3_2,ensemble__original3_mse,ensemble__original3_hgb_extra_trees,f1,0.9,0.9285714285714286,0.02857142857142858,2.857142857142858,source-day
44,-16,1,2025.06.11_0.3_2,ensemble__original3_mse,ensemble__original3_hgb_extra_trees,fpr,0.0,0.0,0.0,0.0,source-day
44,-16,1,2025.06.11_0.3_2,ensemble__original3_mse,ensemble__original3_hgb_extra_trees,fp,0,0,0.0,nan,source-day
44,-16,1,2025.06.11_0.3_2,ensemble__original3_mse,ensemble__original3_hgb_extra_trees,fn,30,22,-8.0,nan,source-day
44,-16,1,2025.06.11_0.3_2,ensemble__original3_mse,ensemble__original3_hgb_extra_trees,q100,368978.105,368978.105,0.0,nan,source-day
44,-16,1,2025.06.11_0.3_2,ensemble__original3_mse,ensemble__original3_hgb_extra_trees,g100,147472.9948,147472.9948,0.0,nan,source-day
44,-16,1,2025.06.18_0.3_3,ensemble__original3_mse,ensemble__original3_hgb_extra_trees,r2,0.906859043375344,0.9172614938988859,0.01040245052354194,nan,source-day
44,-16,1,2025.06.18_0.3_3,ensemble__original3_mse,ensemble__original3_hgb_extra_trees,rmse_all,83106.41509541663,78328.18068167633,-4778.234413740298,nan,source-day
44,-16,1,2025.06.18_0.3_3,ensemble__original3_mse,ensemble__original3_hgb_extra_trees,mae_all,63678.73301465175,58256.94428980835,-5421.788724843398,nan,source-day
44,-16,1,2025.06.18_0.3_3,ensemble__original3_mse,ensemble__original3_hgb_extra_trees,rmse_high,74720.73713335014,70867.54272676923,-3853.1944065809075,nan,source-day
44,-16,1,2025.06.18_0.3_3,ensemble__original3_mse,ensemble__original3_hgb_extra_trees,rmse_onb,120778.5900052231,125487.86370941203,4709.273704188934,nan,source-day
44,-16,1,2025.06.18_0.3_3,ensemble__original3_mse,ensemble__original3_hgb_extra_trees,roc_auc_cont,0.9676666666666668,0.9751111111111112,0.007444444444444365,nan,source-day
44,-16,1,2025.06.18_0.3_3,ensemble__original3_mse,ensemble__original3_hgb_extra_trees,pr_auc_cont,0.9795479223522002,0.9845867874013965,0.005038865049196262,nan,source-day
44,-16,1,2025.06.18_0.3_3,ensemble__original3_mse,ensemble__original3_hgb_extra_trees,accuracy,0.8814814814814815,0.8888888888888888,0.007407407407407307,0.7407407407407307,source-day
44,-16,1,2025.06.18_0.3_3,ensemble__original3_mse,ensemble__original3_hgb_extra_trees,precision,1.0,1.0,0.0,0.0,source-day
44,-16,1,2025.06.18_0.3_3,ensemble__original3_mse,ensemble__original3_hgb_extra_trees,recall,0.7866666666666666,0.8,0.01333333333333342,1.333333333333342,source-day
44,-16,1,2025.06.18_0.3_3,ensemble__original3_mse,ensemble__original3_hgb_extra_trees,f1,0.8805970149253731,0.8888888888888888,0.008291873963515717,0.8291873963515717,source-day
44,-16,1,2025.06.18_0.3_3,ensemble__original3_mse,ensemble__original3_hgb_extra_trees,fpr,0.0,0.0,0.0,0.0,source-day
44,-16,1,2025.06.18_0.3_3,ensemble__original3_mse,ensemble__original3_hgb_extra_trees,fp,0,0,0.0,nan,source-day
44,-16,1,2025.06.18_0.3_3,ensemble__original3_mse,ensemble__original3_hgb_extra_trees,fn,32,30,-2.0,nan,source-day
44,-16,1,2025.06.18_0.3_3,ensemble__original3_mse,ensemble__original3_hgb_extra_trees,q100,434018.0833,434018.0833,0.0,nan,source-day
44,-16,1,2025.06.18_0.3_3,ensemble__original3_mse,ensemble__original3_hgb_extra_trees,g100,162340.4017,162340.4017,0.0,nan,source-day
44,-16,1,pooled_source_day_thresholds,ensemble__original3_mse,ensemble__original3_performance,r2,0.9193140080821344,0.9151924870694758,-0.004121521012658613,nan,source-day
44,-16,1,pooled_source_day_thresholds,ensemble__original3_mse,ensemble__original3_performance,rmse_all,76751.82247403647,78687.68871912693,1935.8662450904667,nan,source-day
44,-16,1,pooled_source_day_thresholds,ensemble__original3_mse,ensemble__original3_performance,mae_all,58430.99990215427,59353.96856310256,922.9686609482887,nan,source-day
44,-16,1,pooled_source_day_thresholds,ensemble__original3_mse,ensemble__original3_performance,rmse_high,64669.7391436599,59236.15469054651,-5433.584453113392,nan,source-day
44,-16,1,pooled_source_day_thresholds,ensemble__original3_mse,ensemble__original3_performance,rmse_onb,105764.05728678087,90527.15617936672,-15236.901107414145,nan,source-day
44,-16,1,pooled_source_day_thresholds,ensemble__original3_mse,ensemble__original3_performance,roc_auc_cont,0.9562045855379188,0.9566419753086419,0.0004373897707231622,nan,source-day
44,-16,1,pooled_source_day_thresholds,ensemble__original3_mse,ensemble__original3_performance,pr_auc_cont,0.975963561232321,0.9764069972223466,0.00044343599002560907,nan,source-day
44,-16,1,pooled_source_day_thresholds,ensemble__original3_mse,ensemble__original3_performance,accuracy,0.8851851851851852,0.8888888888888888,0.0037037037037036535,0.37037037037036535,source-day
44,-16,1,pooled_source_day_thresholds,ensemble__original3_mse,ensemble__original3_performance,precision,1.0,1.0,0.0,0.0,source-day
44,-16,1,pooled_source_day_thresholds,ensemble__original3_mse,ensemble__original3_performance,recall,0.8031746031746032,0.8095238095238095,0.006349206349206327,0.6349206349206327,source-day
44,-16,1,pooled_source_day_thresholds,ensemble__original3_mse,ensemble__original3_performance,f1,0.8908450704225352,0.8947368421052632,0.003891771682727918,0.3891771682727918,source-day
44,-16,1,pooled_source_day_thresholds,ensemble__original3_mse,ensemble__original3_performance,fpr,0.0,0.0,0.0,0.0,source-day
44,-16,1,pooled_source_day_thresholds,ensemble__original3_mse,ensemble__original3_performance,fp,0,0,0.0,nan,source-day
44,-16,1,pooled_source_day_thresholds,ensemble__original3_mse,ensemble__original3_performance,fn,62,60,-2.0,nan,source-day
44,-16,1,pooled_source_day_thresholds,ensemble__original3_mse,ensemble__original3_performance,q100,nan,nan,nan,nan,source-day
44,-16,1,pooled_source_day_thresholds,ensemble__original3_mse,ensemble__original3_performance,g100,nan,nan,nan,nan,source-day
44,-16,1,2025.06.11_0.3_2,ensemble__original3_mse,ensemble__original3_performance,r2,0.9321508432071491,0.9245017499962013,-0.007649093210947866,nan,source-day
44,-16,1,2025.06.11_0.3_2,ensemble__original3_mse,ensemble__original3_performance,rmse_all,69821.25948563465,73651.88965606707,3830.630170432414,nan,source-day
44,-16,1,2025.06.11_0.3_2,ensemble__original3_mse,ensemble__original3_performance,mae_all,53183.266789656795,54923.51929513921,1740.2525054824146,nan,source-day
44,-16,1,2025.06.11_0.3_2,ensemble__original3_mse,ensemble__original3_performance,rmse_high,53930.757627954816,48441.72419393667,-5489.033434018143,nan,source-day
44,-16,1,2025.06.11_0.3_2,ensemble__original3_mse,ensemble__original3_performance,rmse_onb,88230.40192514798,72177.20663086291,-16053.195294285062,nan,source-day
44,-16,1,2025.06.11_0.3_2,ensemble__original3_mse,ensemble__original3_performance,roc_auc_cont,0.9455699855699855,0.942049062049062,-0.00352092352092348,nan,source-day
44,-16,1,2025.06.11_0.3_2,ensemble__original3_mse,ensemble__original3_performance,pr_auc_cont,0.9735843847730618,0.9725489603291866,-0.0010354244438751659,nan,source-day
44,-16,1,2025.06.11_0.3_2,ensemble__original3_mse,ensemble__original3_performance,accuracy,0.8888888888888888,0.8925925925925926,0.0037037037037037646,0.37037037037037646,source-day
44,-16,1,2025.06.11_0.3_2,ensemble__original3_mse,ensemble__original3_performance,precision,1.0,1.0,0.0,0.0,source-day
44,-16,1,2025.06.11_0.3_2,ensemble__original3_mse,ensemble__original3_performance,recall,0.8181818181818182,0.8242424242424242,0.006060606060605989,0.6060606060605989,source-day
44,-16,1,2025.06.11_0.3_2,ensemble__original3_mse,ensemble__original3_performance,f1,0.9,0.9036544850498339,0.0036544850498339,0.36544850498339,source-day
44,-16,1,2025.06.11_0.3_2,ensemble__original3_mse,ensemble__original3_performance,fpr,0.0,0.0,0.0,0.0,source-day
44,-16,1,2025.06.11_0.3_2,ensemble__original3_mse,ensemble__original3_performance,fp,0,0,0.0,nan,source-day
44,-16,1,2025.06.11_0.3_2,ensemble__original3_mse,ensemble__original3_performance,fn,30,29,-1.0,nan,source-day
44,-16,1,2025.06.11_0.3_2,ensemble__original3_mse,ensemble__original3_performance,q100,368978.105,368978.105,0.0,nan,source-day
44,-16,1,2025.06.11_0.3_2,ensemble__original3_mse,ensemble__original3_performance,g100,147472.9948,147472.9948,0.0,nan,source-day
44,-16,1,2025.06.18_0.3_3,ensemble__original3_mse,ensemble__original3_performance,r2,0.906859043375344,0.9061547202763197,-0.00070432309902424,nan,source-day
44,-16,1,2025.06.18_0.3_3,ensemble__original3_mse,ensemble__original3_performance,rmse_all,83106.41509541663,83420.04472551518,313.62963009855594,nan,source-day
44,-16,1,2025.06.18_0.3_3,ensemble__original3_mse,ensemble__original3_performance,mae_all,63678.73301465175,63784.41783106589,105.6848164141411,nan,source-day
44,-16,1,2025.06.18_0.3_3,ensemble__original3_mse,ensemble__original3_performance,rmse_high,74720.73713335014,69191.58576104013,-5529.151372310007,nan,source-day
44,-16,1,2025.06.18_0.3_3,ensemble__original3_mse,ensemble__original3_performance,rmse_onb,120778.5900052231,105739.22098640895,-15039.369018814148,nan,source-day
44,-16,1,2025.06.18_0.3_3,ensemble__original3_mse,ensemble__original3_performance,roc_auc_cont,0.9676666666666668,0.9705555555555555,0.0028888888888887188,nan,source-day
44,-16,1,2025.06.18_0.3_3,ensemble__original3_mse,ensemble__original3_performance,pr_auc_cont,0.9795479223522002,0.9810957942079428,0.0015478718557425664,nan,source-day
44,-16,1,2025.06.18_0.3_3,ensemble__original3_mse,ensemble__original3_performance,accuracy,0.8814814814814815,0.8851851851851852,0.0037037037037036535,0.37037037037036535,source-day
44,-16,1,2025.06.18_0.3_3,ensemble__original3_mse,ensemble__original3_performance,precision,1.0,1.0,0.0,0.0,source-day
44,-16,1,2025.06.18_0.3_3,ensemble__original3_mse,ensemble__original3_performance,recall,0.7866666666666666,0.7933333333333333,0.00666666666666671,0.666666666666671,source-day
44,-16,1,2025.06.18_0.3_3,ensemble__original3_mse,ensemble__original3_performance,f1,0.8805970149253731,0.8847583643122676,0.004161349386894497,0.41613493868944973,source-day
44,-16,1,2025.06.18_0.3_3,ensemble__original3_mse,ensemble__original3_performance,fpr,0.0,0.0,0.0,0.0,source-day
44,-16,1,2025.06.18_0.3_3,ensemble__original3_mse,ensemble__original3_performance,fp,0,0,0.0,nan,source-day
44,-16,1,2025.06.18_0.3_3,ensemble__original3_mse,ensemble__original3_performance,fn,32,31,-1.0,nan,source-day
44,-16,1,2025.06.18_0.3_3,ensemble__original3_mse,ensemble__original3_performance,q100,434018.0833,434018.0833,0.0,nan,source-day
44,-16,1,2025.06.18_0.3_3,ensemble__original3_mse,ensemble__original3_performance,g100,162340.4017,162340.4017,0.0,nan,source-day
44,-16,1,pooled_source_day_thresholds,ensemble__original3_mse,ensemble__original3_hgb,r2,0.9193140080821344,0.9302261106311599,0.010912102549025526,nan,source-day
44,-16,1,pooled_source_day_thresholds,ensemble__original3_mse,ensemble__original3_hgb,rmse_all,76751.82247403647,71373.35166857386,-5378.47080546261,nan,source-day
44,-16,1,pooled_source_day_thresholds,ensemble__original3_mse,ensemble__original3_hgb,mae_all,58430.99990215427,53735.92880008148,-4695.07110207279,nan,source-day
44,-16,1,pooled_source_day_thresholds,ensemble__original3_mse,ensemble__original3_hgb,rmse_high,64669.7391436599,55290.476049378136,-9379.263094281763,nan,source-day
44,-16,1,pooled_source_day_thresholds,ensemble__original3_mse,ensemble__original3_hgb,rmse_onb,105764.05728678087,102054.58026449067,-3709.4770222902007,nan,source-day
44,-16,1,pooled_source_day_thresholds,ensemble__original3_mse,ensemble__original3_hgb,roc_auc_cont,0.9562045855379188,0.9596331569664904,0.0034285714285716695,nan,source-day
44,-16,1,pooled_source_day_thresholds,ensemble__original3_mse,ensemble__original3_hgb,pr_auc_cont,0.975963561232321,0.9787674782391943,0.0028039170068733243,nan,source-day
44,-16,1,pooled_source_day_thresholds,ensemble__original3_mse,ensemble__original3_hgb,accuracy,0.8851851851851852,0.9,0.014814814814814836,1.4814814814814836,source-day
44,-16,1,pooled_source_day_thresholds,ensemble__original3_mse,ensemble__original3_hgb,precision,1.0,1.0,0.0,0.0,source-day
44,-16,1,pooled_source_day_thresholds,ensemble__original3_mse,ensemble__original3_hgb,recall,0.8031746031746032,0.8285714285714286,0.025396825396825418,2.5396825396825418,source-day
44,-16,1,pooled_source_day_thresholds,ensemble__original3_mse,ensemble__original3_hgb,f1,0.8908450704225352,0.90625,0.015404929577464754,1.5404929577464754,source-day
44,-16,1,pooled_source_day_thresholds,ensemble__original3_mse,ensemble__original3_hgb,fpr,0.0,0.0,0.0,0.0,source-day
44,-16,1,pooled_source_day_thresholds,ensemble__original3_mse,ensemble__original3_hgb,fp,0,0,0.0,nan,source-day
44,-16,1,pooled_source_day_thresholds,ensemble__original3_mse,ensemble__original3_hgb,fn,62,54,-8.0,nan,source-day
44,-16,1,pooled_source_day_thresholds,ensemble__original3_mse,ensemble__original3_hgb,q100,nan,nan,nan,nan,source-day
44,-16,1,pooled_source_day_thresholds,ensemble__original3_mse,ensemble__original3_hgb,g100,nan,nan,nan,nan,source-day
44,-16,1,2025.06.11_0.3_2,ensemble__original3_mse,ensemble__original3_hgb,r2,0.9321508432071491,0.9417696250675965,0.0096187818604474,nan,source-day
44,-16,1,2025.06.11_0.3_2,ensemble__original3_mse,ensemble__original3_hgb,rmse_all,69821.25948563465,64683.013435350316,-5138.246050284339,nan,source-day
44,-16,1,2025.06.11_0.3_2,ensemble__original3_mse,ensemble__original3_hgb,mae_all,53183.266789656795,48729.32794216969,-4453.938847487101,nan,source-day
44,-16,1,2025.06.11_0.3_2,ensemble__original3_mse,ensemble__original3_hgb,rmse_high,53930.757627954816,44391.9383484041,-9538.819279550713,nan,source-day
44,-16,1,2025.06.11_0.3_2,ensemble__original3_mse,ensemble__original3_hgb,rmse_onb,88230.40192514798,91067.63176441028,2837.229839262305,nan,source-day
44,-16,1,2025.06.11_0.3_2,ensemble__original3_mse,ensemble__original3_hgb,roc_auc_cont,0.9455699855699855,0.9485137085137085,0.002943722943723026,nan,source-day
44,-16,1,2025.06.11_0.3_2,ensemble__original3_mse,ensemble__original3_hgb,pr_auc_cont,0.9735843847730618,0.9757082700470997,0.002123885274037951,nan,source-day
44,-16,1,2025.06.11_0.3_2,ensemble__original3_mse,ensemble__original3_hgb,accuracy,0.8888888888888888,0.9148148148148149,0.02592592592592602,2.592592592592602,source-day
44,-16,1,2025.06.11_0.3_2,ensemble__original3_mse,ensemble__original3_hgb,precision,1.0,1.0,0.0,0.0,source-day
44,-16,1,2025.06.11_0.3_2,ensemble__original3_mse,ensemble__original3_hgb,recall,0.8181818181818182,0.8606060606060606,0.042424242424242364,4.242424242424237,source-day
44,-16,1,2025.06.11_0.3_2,ensemble__original3_mse,ensemble__original3_hgb,f1,0.9,0.9250814332247557,0.025081433224755645,2.5081433224755645,source-day
44,-16,1,2025.06.11_0.3_2,ensemble__original3_mse,ensemble__original3_hgb,fpr,0.0,0.0,0.0,0.0,source-day
44,-16,1,2025.06.11_0.3_2,ensemble__original3_mse,ensemble__original3_hgb,fp,0,0,0.0,nan,source-day
44,-16,1,2025.06.11_0.3_2,ensemble__original3_mse,ensemble__original3_hgb,fn,30,23,-7.0,nan,source-day
44,-16,1,2025.06.11_0.3_2,ensemble__original3_mse,ensemble__original3_hgb,q100,368978.105,368978.105,0.0,nan,source-day
44,-16,1,2025.06.11_0.3_2,ensemble__original3_mse,ensemble__original3_hgb,g100,147472.9948,147472.9948,0.0,nan,source-day
44,-16,1,2025.06.18_0.3_3,ensemble__original3_mse,ensemble__original3_hgb,r2,0.906859043375344,0.9190265682224973,0.012167524847153333,nan,source-day
44,-16,1,2025.06.18_0.3_3,ensemble__original3_mse,ensemble__original3_hgb,rmse_all,83106.41509541663,77488.18251665296,-5618.2325787636655,nan,source-day
44,-16,1,2025.06.18_0.3_3,ensemble__original3_mse,ensemble__original3_hgb,mae_all,63678.73301465175,58742.52965799327,-4936.20335665848,nan,source-day
44,-16,1,2025.06.18_0.3_3,ensemble__original3_mse,ensemble__original3_hgb,rmse_high,74720.73713335014,65207.887163663254,-9512.849969686882,nan,source-day
44,-16,1,2025.06.18_0.3_3,ensemble__original3_mse,ensemble__original3_hgb,rmse_onb,120778.5900052231,111968.57215640692,-8810.017848816176,nan,source-day
44,-16,1,2025.06.18_0.3_3,ensemble__original3_mse,ensemble__original3_hgb,roc_auc_cont,0.9676666666666668,0.9723333333333334,0.004666666666666597,nan,source-day
44,-16,1,2025.06.18_0.3_3,ensemble__original3_mse,ensemble__original3_hgb,pr_auc_cont,0.9795479223522002,0.9830897319431984,0.003541809590998146,nan,source-day
44,-16,1,2025.06.18_0.3_3,ensemble__original3_mse,ensemble__original3_hgb,accuracy,0.8814814814814815,0.8851851851851852,0.0037037037037036535,0.37037037037036535,source-day
44,-16,1,2025.06.18_0.3_3,ensemble__original3_mse,ensemble__original3_hgb,precision,1.0,1.0,0.0,0.0,source-day
44,-16,1,2025.06.18_0.3_3,ensemble__original3_mse,ensemble__original3_hgb,recall,0.7866666666666666,0.7933333333333333,0.00666666666666671,0.666666666666671,source-day
44,-16,1,2025.06.18_0.3_3,ensemble__original3_mse,ensemble__original3_hgb,f1,0.8805970149253731,0.8847583643122676,0.004161349386894497,0.41613493868944973,source-day
44,-16,1,2025.06.18_0.3_3,ensemble__original3_mse,ensemble__original3_hgb,fpr,0.0,0.0,0.0,0.0,source-day
44,-16,1,2025.06.18_0.3_3,ensemble__original3_mse,ensemble__original3_hgb,fp,0,0,0.0,nan,source-day
44,-16,1,2025.06.18_0.3_3,ensemble__original3_mse,ensemble__original3_hgb,fn,32,31,-1.0,nan,source-day
44,-16,1,2025.06.18_0.3_3,ensemble__original3_mse,ensemble__original3_hgb,q100,434018.0833,434018.0833,0.0,nan,source-day
44,-16,1,2025.06.18_0.3_3,ensemble__original3_mse,ensemble__original3_hgb,g100,162340.4017,162340.4017,0.0,nan,source-day
44,-16,1,pooled_source_day_thresholds,ensemble__original3_mse,ensemble__original3_extra_trees,r2,0.9193140080821344,0.9315285497929818,0.01221454171084746,nan,source-day
44,-16,1,pooled_source_day_thresholds,ensemble__original3_mse,ensemble__original3_extra_trees,rmse_all,76751.82247403647,70704.06581972598,-6047.756654310491,nan,source-day
44,-16,1,pooled_source_day_thresholds,ensemble__original3_mse,ensemble__original3_extra_trees,mae_all,58430.99990215427,51831.03414209552,-6599.965760058745,nan,source-day
44,-16,1,pooled_source_day_thresholds,ensemble__original3_mse,ensemble__original3_extra_trees,rmse_high,64669.7391436599,61029.11435101949,-3640.6247926404103,nan,source-day
44,-16,1,pooled_source_day_thresholds,ensemble__original3_mse,ensemble__original3_extra_trees,rmse_onb,105764.05728678087,119658.43250553336,13894.375218752495,nan,source-day
44,-16,1,pooled_source_day_thresholds,ensemble__original3_mse,ensemble__original3_extra_trees,roc_auc_cont,0.9562045855379188,0.9568112874779542,0.0006067019400354257,nan,source-day
44,-16,1,pooled_source_day_thresholds,ensemble__original3_mse,ensemble__original3_extra_trees,pr_auc_cont,0.975963561232321,0.9777110399838003,0.0017474787514792922,nan,source-day
44,-16,1,pooled_source_day_thresholds,ensemble__original3_mse,ensemble__original3_extra_trees,accuracy,0.8851851851851852,0.9037037037037037,0.01851851851851849,1.851851851851849,source-day
44,-16,1,pooled_source_day_thresholds,ensemble__original3_mse,ensemble__original3_extra_trees,precision,1.0,1.0,0.0,0.0,source-day
44,-16,1,pooled_source_day_thresholds,ensemble__original3_mse,ensemble__original3_extra_trees,recall,0.8031746031746032,0.834920634920635,0.031746031746031744,3.1746031746031744,source-day
44,-16,1,pooled_source_day_thresholds,ensemble__original3_mse,ensemble__original3_extra_trees,f1,0.8908450704225352,0.9100346020761245,0.019189531653589276,1.9189531653589276,source-day
44,-16,1,pooled_source_day_thresholds,ensemble__original3_mse,ensemble__original3_extra_trees,fpr,0.0,0.0,0.0,0.0,source-day
44,-16,1,pooled_source_day_thresholds,ensemble__original3_mse,ensemble__original3_extra_trees,fp,0,0,0.0,nan,source-day
44,-16,1,pooled_source_day_thresholds,ensemble__original3_mse,ensemble__original3_extra_trees,fn,62,52,-10.0,nan,source-day
44,-16,1,pooled_source_day_thresholds,ensemble__original3_mse,ensemble__original3_extra_trees,q100,nan,nan,nan,nan,source-day
44,-16,1,pooled_source_day_thresholds,ensemble__original3_mse,ensemble__original3_extra_trees,g100,nan,nan,nan,nan,source-day
44,-16,1,2025.06.11_0.3_2,ensemble__original3_mse,ensemble__original3_extra_trees,r2,0.9321508432071491,0.9479063334866136,0.015755490279464435,nan,source-day
44,-16,1,2025.06.11_0.3_2,ensemble__original3_mse,ensemble__original3_extra_trees,rmse_all,69821.25948563465,61179.78043459243,-8641.479051042224,nan,source-day
44,-16,1,2025.06.11_0.3_2,ensemble__original3_mse,ensemble__original3_extra_trees,mae_all,53183.266789656795,45072.13194153915,-8111.1348481176465,nan,source-day
44,-16,1,2025.06.11_0.3_2,ensemble__original3_mse,ensemble__original3_extra_trees,rmse_high,53930.757627954816,47340.45083795898,-6590.306789995833,nan,source-day
44,-16,1,2025.06.11_0.3_2,ensemble__original3_mse,ensemble__original3_extra_trees,rmse_onb,88230.40192514798,107806.62853360166,19576.226608453682,nan,source-day
44,-16,1,2025.06.11_0.3_2,ensemble__original3_mse,ensemble__original3_extra_trees,roc_auc_cont,0.9455699855699855,0.9479942279942281,0.002424242424242551,nan,source-day
44,-16,1,2025.06.11_0.3_2,ensemble__original3_mse,ensemble__original3_extra_trees,pr_auc_cont,0.9735843847730618,0.9752767289002245,0.0016923441271627926,nan,source-day
44,-16,1,2025.06.11_0.3_2,ensemble__original3_mse,ensemble__original3_extra_trees,accuracy,0.8888888888888888,0.9185185185185185,0.029629629629629672,2.9629629629629672,source-day
44,-16,1,2025.06.11_0.3_2,ensemble__original3_mse,ensemble__original3_extra_trees,precision,1.0,1.0,0.0,0.0,source-day
44,-16,1,2025.06.11_0.3_2,ensemble__original3_mse,ensemble__original3_extra_trees,recall,0.8181818181818182,0.8666666666666667,0.048484848484848464,4.848484848484846,source-day
44,-16,1,2025.06.11_0.3_2,ensemble__original3_mse,ensemble__original3_extra_trees,f1,0.9,0.9285714285714286,0.02857142857142858,2.857142857142858,source-day
44,-16,1,2025.06.11_0.3_2,ensemble__original3_mse,ensemble__original3_extra_trees,fpr,0.0,0.0,0.0,0.0,source-day
44,-16,1,2025.06.11_0.3_2,ensemble__original3_mse,ensemble__original3_extra_trees,fp,0,0,0.0,nan,source-day
44,-16,1,2025.06.11_0.3_2,ensemble__original3_mse,ensemble__original3_extra_trees,fn,30,22,-8.0,nan,source-day
44,-16,1,2025.06.11_0.3_2,ensemble__original3_mse,ensemble__original3_extra_trees,q100,368978.105,368978.105,0.0,nan,source-day
44,-16,1,2025.06.11_0.3_2,ensemble__original3_mse,ensemble__original3_extra_trees,g100,147472.9948,147472.9948,0.0,nan,source-day
44,-16,1,2025.06.18_0.3_3,ensemble__original3_mse,ensemble__original3_extra_trees,r2,0.906859043375344,0.9156450992429437,0.008786055867599729,nan,source-day
44,-16,1,2025.06.18_0.3_3,ensemble__original3_mse,ensemble__original3_extra_trees,rmse_all,83106.41509541663,79089.59674227293,-4016.8183531436953,nan,source-day
44,-16,1,2025.06.18_0.3_3,ensemble__original3_mse,ensemble__original3_extra_trees,mae_all,63678.73301465175,58589.93634265189,-5088.7966719998585,nan,source-day
44,-16,1,2025.06.18_0.3_3,ensemble__original3_mse,ensemble__original3_extra_trees,rmse_high,74720.73713335014,73186.95759963845,-1533.779533711684,nan,source-day
44,-16,1,2025.06.18_0.3_3,ensemble__original3_mse,ensemble__original3_extra_trees,rmse_onb,120778.5900052231,130437.769773868,9659.179768644899,nan,source-day
44,-16,1,2025.06.18_0.3_3,ensemble__original3_mse,ensemble__original3_extra_trees,roc_auc_cont,0.9676666666666668,0.9747222222222222,0.007055555555555371,nan,source-day
44,-16,1,2025.06.18_0.3_3,ensemble__original3_mse,ensemble__original3_extra_trees,pr_auc_cont,0.9795479223522002,0.9841688836596414,0.004620961307441163,nan,source-day
44,-16,1,2025.06.18_0.3_3,ensemble__original3_mse,ensemble__original3_extra_trees,accuracy,0.8814814814814815,0.8888888888888888,0.007407407407407307,0.7407407407407307,source-day
44,-16,1,2025.06.18_0.3_3,ensemble__original3_mse,ensemble__original3_extra_trees,precision,1.0,1.0,0.0,0.0,source-day
44,-16,1,2025.06.18_0.3_3,ensemble__original3_mse,ensemble__original3_extra_trees,recall,0.7866666666666666,0.8,0.01333333333333342,1.333333333333342,source-day
44,-16,1,2025.06.18_0.3_3,ensemble__original3_mse,ensemble__original3_extra_trees,f1,0.8805970149253731,0.8888888888888888,0.008291873963515717,0.8291873963515717,source-day
44,-16,1,2025.06.18_0.3_3,ensemble__original3_mse,ensemble__original3_extra_trees,fpr,0.0,0.0,0.0,0.0,source-day
44,-16,1,2025.06.18_0.3_3,ensemble__original3_mse,ensemble__original3_extra_trees,fp,0,0,0.0,nan,source-day
44,-16,1,2025.06.18_0.3_3,ensemble__original3_mse,ensemble__original3_extra_trees,fn,32,30,-2.0,nan,source-day
44,-16,1,2025.06.18_0.3_3,ensemble__original3_mse,ensemble__original3_extra_trees,q100,434018.0833,434018.0833,0.0,nan,source-day
44,-16,1,2025.06.18_0.3_3,ensemble__original3_mse,ensemble__original3_extra_trees,g100,162340.4017,162340.4017,0.0,nan,source-day
44,-16,1,pooled_source_day_thresholds,ensemble__original3_mse,ensemble__simple_equal,r2,0.9193140080821344,0.9221637421584834,0.002849734076349031,nan,source-day
44,-16,1,pooled_source_day_thresholds,ensemble__original3_mse,ensemble__simple_equal,rmse_all,76751.82247403647,75384.24671081422,-1367.5757632222521,nan,source-day
44,-16,1,pooled_source_day_thresholds,ensemble__original3_mse,ensemble__simple_equal,mae_all,58430.99990215427,55837.262355160434,-2593.7375469938343,nan,source-day
44,-16,1,pooled_source_day_thresholds,ensemble__original3_mse,ensemble__simple_equal,rmse_high,64669.7391436599,52902.989997356286,-11766.749146303613,nan,source-day
44,-16,1,pooled_source_day_thresholds,ensemble__original3_mse,ensemble__simple_equal,rmse_onb,105764.05728678087,88871.49600459026,-16892.56128219061,nan,source-day
44,-16,1,pooled_source_day_thresholds,ensemble__original3_mse,ensemble__simple_equal,roc_auc_cont,0.9562045855379188,0.9605643738977072,0.004359788359788452,nan,source-day
44,-16,1,pooled_source_day_thresholds,ensemble__original3_mse,ensemble__simple_equal,pr_auc_cont,0.975963561232321,0.9791847576385064,0.003221196406185456,nan,source-day
44,-16,1,pooled_source_day_thresholds,ensemble__original3_mse,ensemble__simple_equal,accuracy,0.8851851851851852,0.9037037037037037,0.01851851851851849,1.851851851851849,source-day
44,-16,1,pooled_source_day_thresholds,ensemble__original3_mse,ensemble__simple_equal,precision,1.0,1.0,0.0,0.0,source-day
44,-16,1,pooled_source_day_thresholds,ensemble__original3_mse,ensemble__simple_equal,recall,0.8031746031746032,0.834920634920635,0.031746031746031744,3.1746031746031744,source-day
44,-16,1,pooled_source_day_thresholds,ensemble__original3_mse,ensemble__simple_equal,f1,0.8908450704225352,0.9100346020761245,0.019189531653589276,1.9189531653589276,source-day
44,-16,1,pooled_source_day_thresholds,ensemble__original3_mse,ensemble__simple_equal,fpr,0.0,0.0,0.0,0.0,source-day
44,-16,1,pooled_source_day_thresholds,ensemble__original3_mse,ensemble__simple_equal,fp,0,0,0.0,nan,source-day
44,-16,1,pooled_source_day_thresholds,ensemble__original3_mse,ensemble__simple_equal,fn,62,52,-10.0,nan,source-day
44,-16,1,pooled_source_day_thresholds,ensemble__original3_mse,ensemble__simple_equal,q100,nan,nan,nan,nan,source-day
44,-16,1,pooled_source_day_thresholds,ensemble__original3_mse,ensemble__simple_equal,g100,nan,nan,nan,nan,source-day
44,-16,1,2025.06.11_0.3_2,ensemble__original3_mse,ensemble__simple_equal,r2,0.9321508432071491,0.9313182664205808,-0.0008325767865683398,nan,source-day
44,-16,1,2025.06.11_0.3_2,ensemble__original3_mse,ensemble__simple_equal,rmse_all,69821.25948563465,70248.3415260884,427.0820404537517,nan,source-day
44,-16,1,2025.06.11_0.3_2,ensemble__original3_mse,ensemble__simple_equal,mae_all,53183.266789656795,51139.94786557093,-2043.3189240858628,nan,source-day
44,-16,1,2025.06.11_0.3_2,ensemble__original3_mse,ensemble__simple_equal,rmse_high,53930.757627954816,40887.431703115966,-13043.32592483885,nan,source-day
44,-16,1,2025.06.11_0.3_2,ensemble__original3_mse,ensemble__simple_equal,rmse_onb,88230.40192514798,73887.22240811467,-14343.179517033306,nan,source-day
44,-16,1,2025.06.11_0.3_2,ensemble__original3_mse,ensemble__simple_equal,roc_auc_cont,0.9455699855699855,0.9470707070707072,0.001500721500721669,nan,source-day
44,-16,1,2025.06.11_0.3_2,ensemble__original3_mse,ensemble__simple_equal,pr_auc_cont,0.9735843847730618,0.9755123189079997,0.0019279341349379697,nan,source-day
44,-16,1,2025.06.11_0.3_2,ensemble__original3_mse,ensemble__simple_equal,accuracy,0.8888888888888888,0.9185185185185185,0.029629629629629672,2.9629629629629672,source-day
44,-16,1,2025.06.11_0.3_2,ensemble__original3_mse,ensemble__simple_equal,precision,1.0,1.0,0.0,0.0,source-day
44,-16,1,2025.06.11_0.3_2,ensemble__original3_mse,ensemble__simple_equal,recall,0.8181818181818182,0.8666666666666667,0.048484848484848464,4.848484848484846,source-day
44,-16,1,2025.06.11_0.3_2,ensemble__original3_mse,ensemble__simple_equal,f1,0.9,0.9285714285714286,0.02857142857142858,2.857142857142858,source-day
44,-16,1,2025.06.11_0.3_2,ensemble__original3_mse,ensemble__simple_equal,fpr,0.0,0.0,0.0,0.0,source-day
44,-16,1,2025.06.11_0.3_2,ensemble__original3_mse,ensemble__simple_equal,fp,0,0,0.0,nan,source-day
44,-16,1,2025.06.11_0.3_2,ensemble__original3_mse,ensemble__simple_equal,fn,30,22,-8.0,nan,source-day
44,-16,1,2025.06.11_0.3_2,ensemble__original3_mse,ensemble__simple_equal,q100,368978.105,368978.105,0.0,nan,source-day
44,-16,1,2025.06.11_0.3_2,ensemble__original3_mse,ensemble__simple_equal,g100,147472.9948,147472.9948,0.0,nan,source-day
44,-16,1,2025.06.18_0.3_3,ensemble__original3_mse,ensemble__simple_equal,r2,0.906859043375344,0.9132773510113703,0.006418307636026355,nan,source-day
44,-16,1,2025.06.18_0.3_3,ensemble__original3_mse,ensemble__simple_equal,rmse_all,83106.41509541663,80191.8937121942,-2914.5213832224254,nan,source-day
44,-16,1,2025.06.18_0.3_3,ensemble__original3_mse,ensemble__simple_equal,mae_all,63678.73301465175,60534.57684474992,-3144.1561699018275,nan,source-day
44,-16,1,2025.06.18_0.3_3,ensemble__original3_mse,ensemble__simple_equal,rmse_high,74720.73713335014,63548.131821337796,-11172.60531201234,nan,source-day
44,-16,1,2025.06.18_0.3_3,ensemble__original3_mse,ensemble__simple_equal,rmse_onb,120778.5900052231,101670.860963216,-19107.729042007108,nan,source-day
44,-16,1,2025.06.18_0.3_3,ensemble__original3_mse,ensemble__simple_equal,roc_auc_cont,0.9676666666666668,0.9741666666666666,0.006499999999999839,nan,source-day
44,-16,1,2025.06.18_0.3_3,ensemble__original3_mse,ensemble__simple_equal,pr_auc_cont,0.9795479223522002,0.9839777384759679,0.004429816123767694,nan,source-day
44,-16,1,2025.06.18_0.3_3,ensemble__original3_mse,ensemble__simple_equal,accuracy,0.8814814814814815,0.8888888888888888,0.007407407407407307,0.7407407407407307,source-day
44,-16,1,2025.06.18_0.3_3,ensemble__original3_mse,ensemble__simple_equal,precision,1.0,1.0,0.0,0.0,source-day
44,-16,1,2025.06.18_0.3_3,ensemble__original3_mse,ensemble__simple_equal,recall,0.7866666666666666,0.8,0.01333333333333342,1.333333333333342,source-day
44,-16,1,2025.06.18_0.3_3,ensemble__original3_mse,ensemble__simple_equal,f1,0.8805970149253731,0.8888888888888888,0.008291873963515717,0.8291873963515717,source-day
44,-16,1,2025.06.18_0.3_3,ensemble__original3_mse,ensemble__simple_equal,fpr,0.0,0.0,0.0,0.0,source-day
44,-16,1,2025.06.18_0.3_3,ensemble__original3_mse,ensemble__simple_equal,fp,0,0,0.0,nan,source-day
44,-16,1,2025.06.18_0.3_3,ensemble__original3_mse,ensemble__simple_equal,fn,32,30,-2.0,nan,source-day
44,-16,1,2025.06.18_0.3_3,ensemble__original3_mse,ensemble__simple_equal,q100,434018.0833,434018.0833,0.0,nan,source-day
44,-16,1,2025.06.18_0.3_3,ensemble__original3_mse,ensemble__simple_equal,g100,162340.4017,162340.4017,0.0,nan,source-day
44,-20,1,pooled_source_day_thresholds,ensemble__original3_mse,ensemble__original3_hgb_extra_trees,r2,0.9092161839645794,0.9258658506487555,0.016649666684176112,nan,source-day
44,-20,1,pooled_source_day_thresholds,ensemble__original3_mse,ensemble__original3_hgb_extra_trees,rmse_all,81413.01575003815,73569.66521017415,-7843.350539863997,nan,source-day
44,-20,1,pooled_source_day_thresholds,ensemble__original3_mse,ensemble__original3_hgb_extra_trees,mae_all,61283.67877087243,55060.68218856019,-6222.99658231224,nan,source-day
44,-20,1,pooled_source_day_thresholds,ensemble__original3_mse,ensemble__original3_hgb_extra_trees,rmse_high,60725.341545942516,60639.75126759853,-85.59027834398876,nan,source-day
44,-20,1,pooled_source_day_thresholds,ensemble__original3_mse,ensemble__original3_hgb_extra_trees,rmse_onb,90583.61544167437,109456.92927774665,18873.31383607228,nan,source-day
44,-20,1,pooled_source_day_thresholds,ensemble__original3_mse,ensemble__original3_hgb_extra_trees,roc_auc_cont,0.9437037037037035,0.951689594356261,0.007985890652557504,nan,source-day
44,-20,1,pooled_source_day_thresholds,ensemble__original3_mse,ensemble__original3_hgb_extra_trees,pr_auc_cont,0.9690946893444029,0.9752363585222253,0.00614166917782244,nan,source-day
44,-20,1,pooled_source_day_thresholds,ensemble__original3_mse,ensemble__original3_hgb_extra_trees,accuracy,0.8833333333333333,0.8925925925925926,0.0092592592592593,0.92592592592593,source-day
44,-20,1,pooled_source_day_thresholds,ensemble__original3_mse,ensemble__original3_hgb_extra_trees,precision,1.0,1.0,0.0,0.0,source-day
44,-20,1,pooled_source_day_thresholds,ensemble__original3_mse,ensemble__original3_hgb_extra_trees,recall,0.8,0.8158730158730159,0.015873015873015817,1.5873015873015817,source-day
44,-20,1,pooled_source_day_thresholds,ensemble__original3_mse,ensemble__original3_hgb_extra_trees,f1,0.8888888888888888,0.8986013986013986,0.00971250971250981,0.9712509712509809,source-day
44,-20,1,pooled_source_day_thresholds,ensemble__original3_mse,ensemble__original3_hgb_extra_trees,fpr,0.0,0.0,0.0,0.0,source-day
44,-20,1,pooled_source_day_thresholds,ensemble__original3_mse,ensemble__original3_hgb_extra_trees,fp,0,0,0.0,nan,source-day
44,-20,1,pooled_source_day_thresholds,ensemble__original3_mse,ensemble__original3_hgb_extra_trees,fn,63,58,-5.0,nan,source-day
44,-20,1,pooled_source_day_thresholds,ensemble__original3_mse,ensemble__original3_hgb_extra_trees,q100,nan,nan,nan,nan,source-day
44,-20,1,pooled_source_day_thresholds,ensemble__original3_mse,ensemble__original3_hgb_extra_trees,g100,nan,nan,nan,nan,source-day
44,-20,1,2025.06.11_0.3_2,ensemble__original3_mse,ensemble__original3_hgb_extra_trees,r2,0.9195977812694425,0.9405413403743085,0.020943559104866005,nan,source-day
44,-20,1,2025.06.11_0.3_2,ensemble__original3_mse,ensemble__original3_hgb_extra_trees,rmse_all,76006.2783838007,65361.650235930276,-10644.628147870426,nan,source-day
44,-20,1,2025.06.11_0.3_2,ensemble__original3_mse,ensemble__original3_hgb_extra_trees,mae_all,56777.670246289716,48995.342830394184,-7782.327415895532,nan,source-day
44,-20,1,2025.06.11_0.3_2,ensemble__original3_mse,ensemble__original3_hgb_extra_trees,rmse_high,49726.06157044596,46540.28505346249,-3185.7765169834747,nan,source-day
44,-20,1,2025.06.11_0.3_2,ensemble__original3_mse,ensemble__original3_hgb_extra_trees,rmse_onb,69776.99656648179,93264.96461210588,23487.96804562409,nan,source-day
44,-20,1,2025.06.11_0.3_2,ensemble__original3_mse,ensemble__original3_hgb_extra_trees,roc_auc_cont,0.9342568542568543,0.9416450216450217,0.007388167388167388,nan,source-day
44,-20,1,2025.06.11_0.3_2,ensemble__original3_mse,ensemble__original3_hgb_extra_trees,pr_auc_cont,0.9687176173469254,0.9731308331191308,0.004413215772205437,nan,source-day
44,-20,1,2025.06.11_0.3_2,ensemble__original3_mse,ensemble__original3_hgb_extra_trees,accuracy,0.8888888888888888,0.9074074074074074,0.0185185185185186,1.85185185185186,source-day
44,-20,1,2025.06.11_0.3_2,ensemble__original3_mse,ensemble__original3_hgb_extra_trees,precision,1.0,1.0,0.0,0.0,source-day
44,-20,1,2025.06.11_0.3_2,ensemble__original3_mse,ensemble__original3_hgb_extra_trees,recall,0.8181818181818182,0.8484848484848485,0.030303030303030276,3.0303030303030276,source-day
44,-20,1,2025.06.11_0.3_2,ensemble__original3_mse,ensemble__original3_hgb_extra_trees,f1,0.9,0.9180327868852459,0.0180327868852459,1.80327868852459,source-day
44,-20,1,2025.06.11_0.3_2,ensemble__original3_mse,ensemble__original3_hgb_extra_trees,fpr,0.0,0.0,0.0,0.0,source-day
44,-20,1,2025.06.11_0.3_2,ensemble__original3_mse,ensemble__original3_hgb_extra_trees,fp,0,0,0.0,nan,source-day
44,-20,1,2025.06.11_0.3_2,ensemble__original3_mse,ensemble__original3_hgb_extra_trees,fn,30,25,-5.0,nan,source-day
44,-20,1,2025.06.11_0.3_2,ensemble__original3_mse,ensemble__original3_hgb_extra_trees,q100,368978.105,368978.105,0.0,nan,source-day
44,-20,1,2025.06.11_0.3_2,ensemble__original3_mse,ensemble__original3_hgb_extra_trees,g100,147472.9948,147472.9948,0.0,nan,source-day
44,-20,1,2025.06.18_0.3_3,ensemble__original3_mse,ensemble__original3_hgb_extra_trees,r2,0.8991381405361999,0.9116306714407898,0.012492530904589905,nan,source-day
44,-20,1,2025.06.18_0.3_3,ensemble__original3_mse,ensemble__original3_hgb_extra_trees,rmse_all,86482.39076989089,80949.65075100775,-5532.740018883138,nan,source-day
44,-20,1,2025.06.18_0.3_3,ensemble__original3_mse,ensemble__original3_hgb_extra_trees,mae_all,65789.68729545515,61126.0215467262,-4663.6657487289485,nan,source-day
44,-20,1,2025.06.18_0.3_3,ensemble__original3_mse,ensemble__original3_hgb_extra_trees,rmse_high,70879.76864445397,73071.73779806223,2191.9691536082537,nan,source-day
44,-20,1,2025.06.18_0.3_3,ensemble__original3_mse,ensemble__original3_hgb_extra_trees,rmse_onb,107433.48418035914,123544.66847958231,16111.184299223169,nan,source-day
44,-20,1,2025.06.18_0.3_3,ensemble__original3_mse,ensemble__original3_hgb_extra_trees,roc_auc_cont,0.9530555555555555,0.9635000000000001,0.01044444444444459,nan,source-day
44,-20,1,2025.06.18_0.3_3,ensemble__original3_mse,ensemble__original3_hgb_extra_trees,pr_auc_cont,0.969734793779652,0.9785539917948878,0.008819198015235785,nan,source-day
44,-20,1,2025.06.18_0.3_3,ensemble__original3_mse,ensemble__original3_hgb_extra_trees,accuracy,0.8777777777777778,0.8777777777777778,0.0,0.0,source-day
44,-20,1,2025.06.18_0.3_3,ensemble__original3_mse,ensemble__original3_hgb_extra_trees,precision,1.0,1.0,0.0,0.0,source-day
44,-20,1,2025.06.18_0.3_3,ensemble__original3_mse,ensemble__original3_hgb_extra_trees,recall,0.78,0.78,0.0,0.0,source-day
44,-20,1,2025.06.18_0.3_3,ensemble__original3_mse,ensemble__original3_hgb_extra_trees,f1,0.8764044943820225,0.8764044943820225,0.0,0.0,source-day
44,-20,1,2025.06.18_0.3_3,ensemble__original3_mse,ensemble__original3_hgb_extra_trees,fpr,0.0,0.0,0.0,0.0,source-day
44,-20,1,2025.06.18_0.3_3,ensemble__original3_mse,ensemble__original3_hgb_extra_trees,fp,0,0,0.0,nan,source-day
44,-20,1,2025.06.18_0.3_3,ensemble__original3_mse,ensemble__original3_hgb_extra_trees,fn,33,33,0.0,nan,source-day
44,-20,1,2025.06.18_0.3_3,ensemble__original3_mse,ensemble__original3_hgb_extra_trees,q100,434018.0833,434018.0833,0.0,nan,source-day
44,-20,1,2025.06.18_0.3_3,ensemble__original3_mse,ensemble__original3_hgb_extra_trees,g100,162340.4017,162340.4017,0.0,nan,source-day
44,-20,1,pooled_source_day_thresholds,ensemble__original3_mse,ensemble__original3_performance,r2,0.9092161839645794,0.9008580713417055,-0.008358112622873892,nan,source-day
44,-20,1,pooled_source_day_thresholds,ensemble__original3_mse,ensemble__original3_performance,rmse_all,81413.01575003815,85078.20275291165,3665.1870028734993,nan,source-day
44,-20,1,pooled_source_day_thresholds,ensemble__original3_mse,ensemble__original3_performance,mae_all,61283.67877087243,63206.03939202512,1922.360621152693,nan,source-day
44,-20,1,pooled_source_day_thresholds,ensemble__original3_mse,ensemble__original3_performance,rmse_high,60725.341545942516,55767.791146666794,-4957.550399275722,nan,source-day
44,-20,1,pooled_source_day_thresholds,ensemble__original3_mse,ensemble__original3_performance,rmse_onb,90583.61544167437,76882.91238588109,-13700.703055793274,nan,source-day
44,-20,1,pooled_source_day_thresholds,ensemble__original3_mse,ensemble__original3_performance,roc_auc_cont,0.9437037037037035,0.9435485008818342,-0.00015520282186931578,nan,source-day
44,-20,1,pooled_source_day_thresholds,ensemble__original3_mse,ensemble__original3_performance,pr_auc_cont,0.9690946893444029,0.9689437554191467,-0.00015093392525622473,nan,source-day
44,-20,1,pooled_source_day_thresholds,ensemble__original3_mse,ensemble__original3_performance,accuracy,0.8833333333333333,0.8870370370370371,0.0037037037037037646,0.37037037037037646,source-day
44,-20,1,pooled_source_day_thresholds,ensemble__original3_mse,ensemble__original3_performance,precision,1.0,1.0,0.0,0.0,source-day
44,-20,1,pooled_source_day_thresholds,ensemble__original3_mse,ensemble__original3_performance,recall,0.8,0.8063492063492064,0.006349206349206327,0.6349206349206327,source-day
44,-20,1,pooled_source_day_thresholds,ensemble__original3_mse,ensemble__original3_performance,f1,0.8888888888888888,0.8927943760984183,0.0039054872095294346,0.39054872095294346,source-day
44,-20,1,pooled_source_day_thresholds,ensemble__original3_mse,ensemble__original3_performance,fpr,0.0,0.0,0.0,0.0,source-day
44,-20,1,pooled_source_day_thresholds,ensemble__original3_mse,ensemble__original3_performance,fp,0,0,0.0,nan,source-day
44,-20,1,pooled_source_day_thresholds,ensemble__original3_mse,ensemble__original3_performance,fn,63,61,-2.0,nan,source-day
44,-20,1,pooled_source_day_thresholds,ensemble__original3_mse,ensemble__original3_performance,q100,nan,nan,nan,nan,source-day
44,-20,1,pooled_source_day_thresholds,ensemble__original3_mse,ensemble__original3_performance,g100,nan,nan,nan,nan,source-day
44,-20,1,2025.06.11_0.3_2,ensemble__original3_mse,ensemble__original3_performance,r2,0.9195977812694425,0.9095030748174161,-0.01009470645202637,nan,source-day
44,-20,1,2025.06.11_0.3_2,ensemble__original3_mse,ensemble__original3_performance,rmse_all,76006.2783838007,80636.62883539649,4630.35045159579,nan,source-day
44,-20,1,2025.06.11_0.3_2,ensemble__original3_mse,ensemble__original3_performance,mae_all,56777.670246289716,58924.18814636972,2146.5179000800053,nan,source-day
44,-20,1,2025.06.11_0.3_2,ensemble__original3_mse,ensemble__original3_performance,rmse_high,49726.06157044596,44363.98939501292,-5362.072175433044,nan,source-day
44,-20,1,2025.06.11_0.3_2,ensemble__original3_mse,ensemble__original3_performance,rmse_onb,69776.99656648179,54053.97603193144,-15723.02053455035,nan,source-day
44,-20,1,2025.06.11_0.3_2,ensemble__original3_mse,ensemble__original3_performance,roc_auc_cont,0.9342568542568543,0.9355266955266955,0.0012698412698411987,nan,source-day
44,-20,1,2025.06.11_0.3_2,ensemble__original3_mse,ensemble__original3_performance,pr_auc_cont,0.9687176173469254,0.9691373623799261,0.00041974503300068466,nan,source-day
44,-20,1,2025.06.11_0.3_2,ensemble__original3_mse,ensemble__original3_performance,accuracy,0.8888888888888888,0.8962962962962963,0.007407407407407418,0.7407407407407418,source-day
44,-20,1,2025.06.11_0.3_2,ensemble__original3_mse,ensemble__original3_performance,precision,1.0,1.0,0.0,0.0,source-day
44,-20,1,2025.06.11_0.3_2,ensemble__original3_mse,ensemble__original3_performance,recall,0.8181818181818182,0.8303030303030303,0.012121212121212088,1.2121212121212088,source-day
44,-20,1,2025.06.11_0.3_2,ensemble__original3_mse,ensemble__original3_performance,f1,0.9,0.9072847682119205,0.007284768211920478,0.7284768211920478,source-day
44,-20,1,2025.06.11_0.3_2,ensemble__original3_mse,ensemble__original3_performance,fpr,0.0,0.0,0.0,0.0,source-day
44,-20,1,2025.06.11_0.3_2,ensemble__original3_mse,ensemble__original3_performance,fp,0,0,0.0,nan,source-day
44,-20,1,2025.06.11_0.3_2,ensemble__original3_mse,ensemble__original3_performance,fn,30,28,-2.0,nan,source-day
44,-20,1,2025.06.11_0.3_2,ensemble__original3_mse,ensemble__original3_performance,q100,368978.105,368978.105,0.0,nan,source-day
44,-20,1,2025.06.11_0.3_2,ensemble__original3_mse,ensemble__original3_performance,g100,147472.9948,147472.9948,0.0,nan,source-day
44,-20,1,2025.06.18_0.3_3,ensemble__original3_mse,ensemble__original3_performance,r2,0.8991381405361999,0.8924609769469236,-0.00667716358927628,nan,source-day
44,-20,1,2025.06.18_0.3_3,ensemble__original3_mse,ensemble__original3_performance,rmse_all,86482.39076989089,89299.13357582809,2816.7428059372032,nan,source-day
44,-20,1,2025.06.18_0.3_3,ensemble__original3_mse,ensemble__original3_performance,mae_all,65789.68729545515,67487.89063768052,1698.2033422253735,nan,source-day
44,-20,1,2025.06.18_0.3_3,ensemble__original3_mse,ensemble__original3_performance,rmse_high,70879.76864445397,66076.60555105278,-4803.163093401192,nan,source-day
44,-20,1,2025.06.18_0.3_3,ensemble__original3_mse,ensemble__original3_performance,rmse_onb,107433.48418035914,94340.51149431785,-13092.972686041292,nan,source-day
44,-20,1,2025.06.18_0.3_3,ensemble__original3_mse,ensemble__original3_performance,roc_auc_cont,0.9530555555555555,0.9510000000000001,-0.002055555555555477,nan,source-day
44,-20,1,2025.06.18_0.3_3,ensemble__original3_mse,ensemble__original3_performance,pr_auc_cont,0.969734793779652,0.9686520759286413,-0.0010827178510106616,nan,source-day
44,-20,1,2025.06.18_0.3_3,ensemble__original3_mse,ensemble__original3_performance,accuracy,0.8777777777777778,0.8777777777777778,0.0,0.0,source-day
44,-20,1,2025.06.18_0.3_3,ensemble__original3_mse,ensemble__original3_performance,precision,1.0,1.0,0.0,0.0,source-day
44,-20,1,2025.06.18_0.3_3,ensemble__original3_mse,ensemble__original3_performance,recall,0.78,0.78,0.0,0.0,source-day
44,-20,1,2025.06.18_0.3_3,ensemble__original3_mse,ensemble__original3_performance,f1,0.8764044943820225,0.8764044943820225,0.0,0.0,source-day
44,-20,1,2025.06.18_0.3_3,ensemble__original3_mse,ensemble__original3_performance,fpr,0.0,0.0,0.0,0.0,source-day
44,-20,1,2025.06.18_0.3_3,ensemble__original3_mse,ensemble__original3_performance,fp,0,0,0.0,nan,source-day
44,-20,1,2025.06.18_0.3_3,ensemble__original3_mse,ensemble__original3_performance,fn,33,33,0.0,nan,source-day
44,-20,1,2025.06.18_0.3_3,ensemble__original3_mse,ensemble__original3_performance,q100,434018.0833,434018.0833,0.0,nan,source-day
44,-20,1,2025.06.18_0.3_3,ensemble__original3_mse,ensemble__original3_performance,g100,162340.4017,162340.4017,0.0,nan,source-day
44,-20,1,pooled_source_day_thresholds,ensemble__original3_mse,ensemble__original3_hgb,r2,0.9092161839645794,0.9248162105622181,0.015600026597638705,nan,source-day
44,-20,1,pooled_source_day_thresholds,ensemble__original3_mse,ensemble__original3_hgb,rmse_all,81413.01575003815,74088.65847928576,-7324.357270752385,nan,source-day
44,-20,1,pooled_source_day_thresholds,ensemble__original3_mse,ensemble__original3_hgb,mae_all,61283.67877087243,55893.61023106289,-5390.0685398095375,nan,source-day
44,-20,1,pooled_source_day_thresholds,ensemble__original3_mse,ensemble__original3_hgb,rmse_high,60725.341545942516,57050.86349261247,-3674.4780533300436,nan,source-day
44,-20,1,pooled_source_day_thresholds,ensemble__original3_mse,ensemble__original3_hgb,rmse_onb,90583.61544167437,96865.46667997928,6281.851238304909,nan,source-day
44,-20,1,pooled_source_day_thresholds,ensemble__original3_mse,ensemble__original3_hgb,roc_auc_cont,0.9437037037037035,0.9555555555555556,0.011851851851852113,nan,source-day
44,-20,1,pooled_source_day_thresholds,ensemble__original3_mse,ensemble__original3_hgb,pr_auc_cont,0.9690946893444029,0.9768354167494196,0.007740727405016745,nan,source-day
44,-20,1,pooled_source_day_thresholds,ensemble__original3_mse,ensemble__original3_hgb,accuracy,0.8833333333333333,0.8925925925925926,0.0092592592592593,0.92592592592593,source-day
44,-20,1,pooled_source_day_thresholds,ensemble__original3_mse,ensemble__original3_hgb,precision,1.0,1.0,0.0,0.0,source-day
44,-20,1,pooled_source_day_thresholds,ensemble__original3_mse,ensemble__original3_hgb,recall,0.8,0.8158730158730159,0.015873015873015817,1.5873015873015817,source-day
44,-20,1,pooled_source_day_thresholds,ensemble__original3_mse,ensemble__original3_hgb,f1,0.8888888888888888,0.8986013986013986,0.00971250971250981,0.9712509712509809,source-day
44,-20,1,pooled_source_day_thresholds,ensemble__original3_mse,ensemble__original3_hgb,fpr,0.0,0.0,0.0,0.0,source-day
44,-20,1,pooled_source_day_thresholds,ensemble__original3_mse,ensemble__original3_hgb,fp,0,0,0.0,nan,source-day
44,-20,1,pooled_source_day_thresholds,ensemble__original3_mse,ensemble__original3_hgb,fn,63,58,-5.0,nan,source-day
44,-20,1,pooled_source_day_thresholds,ensemble__original3_mse,ensemble__original3_hgb,q100,nan,nan,nan,nan,source-day
44,-20,1,pooled_source_day_thresholds,ensemble__original3_mse,ensemble__original3_hgb,g100,nan,nan,nan,nan,source-day
44,-20,1,2025.06.11_0.3_2,ensemble__original3_mse,ensemble__original3_hgb,r2,0.9195977812694425,0.935948999807964,0.016351218538521506,nan,source-day
44,-20,1,2025.06.11_0.3_2,ensemble__original3_mse,ensemble__original3_hgb,rmse_all,76006.2783838007,67838.8393853588,-8167.438998441896,nan,source-day
44,-20,1,2025.06.11_0.3_2,ensemble__original3_mse,ensemble__original3_hgb,mae_all,56777.670246289716,51132.99919688063,-5644.671049409088,nan,source-day
44,-20,1,2025.06.11_0.3_2,ensemble__original3_mse,ensemble__original3_hgb,rmse_high,49726.06157044596,45357.051223581686,-4369.010346864277,nan,source-day
44,-20,1,2025.06.11_0.3_2,ensemble__original3_mse,ensemble__original3_hgb,rmse_onb,69776.99656648179,83807.69590381236,14030.699337330574,nan,source-day
44,-20,1,2025.06.11_0.3_2,ensemble__original3_mse,ensemble__original3_hgb,roc_auc_cont,0.9342568542568543,0.9452236652236652,0.010966810966810847,nan,source-day
44,-20,1,2025.06.11_0.3_2,ensemble__original3_mse,ensemble__original3_hgb,pr_auc_cont,0.9687176173469254,0.9747394757017651,0.006021858354839704,nan,source-day
44,-20,1,2025.06.11_0.3_2,ensemble__original3_mse,ensemble__original3_hgb,accuracy,0.8888888888888888,0.9074074074074074,0.0185185185185186,1.85185185185186,source-day
44,-20,1,2025.06.11_0.3_2,ensemble__original3_mse,ensemble__original3_hgb,precision,1.0,1.0,0.0,0.0,source-day
44,-20,1,2025.06.11_0.3_2,ensemble__original3_mse,ensemble__original3_hgb,recall,0.8181818181818182,0.8484848484848485,0.030303030303030276,3.0303030303030276,source-day
44,-20,1,2025.06.11_0.3_2,ensemble__original3_mse,ensemble__original3_hgb,f1,0.9,0.9180327868852459,0.0180327868852459,1.80327868852459,source-day
44,-20,1,2025.06.11_0.3_2,ensemble__original3_mse,ensemble__original3_hgb,fpr,0.0,0.0,0.0,0.0,source-day
44,-20,1,2025.06.11_0.3_2,ensemble__original3_mse,ensemble__original3_hgb,fp,0,0,0.0,nan,source-day
44,-20,1,2025.06.11_0.3_2,ensemble__original3_mse,ensemble__original3_hgb,fn,30,25,-5.0,nan,source-day
44,-20,1,2025.06.11_0.3_2,ensemble__original3_mse,ensemble__original3_hgb,q100,368978.105,368978.105,0.0,nan,source-day
44,-20,1,2025.06.11_0.3_2,ensemble__original3_mse,ensemble__original3_hgb,g100,147472.9948,147472.9948,0.0,nan,source-day
44,-20,1,2025.06.18_0.3_3,ensemble__original3_mse,ensemble__original3_hgb,r2,0.8991381405361999,0.9140135229302347,0.014875382394034853,nan,source-day
44,-20,1,2025.06.18_0.3_3,ensemble__original3_mse,ensemble__original3_hgb,rmse_all,86482.39076989089,79850.80150736106,-6631.589262529829,nan,source-day
44,-20,1,2025.06.18_0.3_3,ensemble__original3_mse,ensemble__original3_hgb,mae_all,65789.68729545515,60654.22126524518,-5135.466030209973,nan,source-day
44,-20,1,2025.06.18_0.3_3,ensemble__original3_mse,ensemble__original3_hgb,rmse_high,70879.76864445397,67617.25998413572,-3262.508660318257,nan,source-day
44,-20,1,2025.06.18_0.3_3,ensemble__original3_mse,ensemble__original3_hgb,rmse_onb,107433.48418035914,108361.00487516006,927.5206948009145,nan,source-day
44,-20,1,2025.06.18_0.3_3,ensemble__original3_mse,ensemble__original3_hgb,roc_auc_cont,0.9530555555555555,0.9659444444444445,0.01288888888888895,nan,source-day
44,-20,1,2025.06.18_0.3_3,ensemble__original3_mse,ensemble__original3_hgb,pr_auc_cont,0.969734793779652,0.9795707110063002,0.009835917226648228,nan,source-day
44,-20,1,2025.06.18_0.3_3,ensemble__original3_mse,ensemble__original3_hgb,accuracy,0.8777777777777778,0.8777777777777778,0.0,0.0,source-day
44,-20,1,2025.06.18_0.3_3,ensemble__original3_mse,ensemble__original3_hgb,precision,1.0,1.0,0.0,0.0,source-day
44,-20,1,2025.06.18_0.3_3,ensemble__original3_mse,ensemble__original3_hgb,recall,0.78,0.78,0.0,0.0,source-day
44,-20,1,2025.06.18_0.3_3,ensemble__original3_mse,ensemble__original3_hgb,f1,0.8764044943820225,0.8764044943820225,0.0,0.0,source-day
44,-20,1,2025.06.18_0.3_3,ensemble__original3_mse,ensemble__original3_hgb,fpr,0.0,0.0,0.0,0.0,source-day
44,-20,1,2025.06.18_0.3_3,ensemble__original3_mse,ensemble__original3_hgb,fp,0,0,0.0,nan,source-day
44,-20,1,2025.06.18_0.3_3,ensemble__original3_mse,ensemble__original3_hgb,fn,33,33,0.0,nan,source-day
44,-20,1,2025.06.18_0.3_3,ensemble__original3_mse,ensemble__original3_hgb,q100,434018.0833,434018.0833,0.0,nan,source-day
44,-20,1,2025.06.18_0.3_3,ensemble__original3_mse,ensemble__original3_hgb,g100,162340.4017,162340.4017,0.0,nan,source-day
44,-20,1,pooled_source_day_thresholds,ensemble__original3_mse,ensemble__original3_extra_trees,r2,0.9092161839645794,0.9253109021738672,0.016094718209287873,nan,source-day
44,-20,1,pooled_source_day_thresholds,ensemble__original3_mse,ensemble__original3_extra_trees,rmse_all,81413.01575003815,73844.51325793937,-7568.502492098778,nan,source-day
44,-20,1,pooled_source_day_thresholds,ensemble__original3_mse,ensemble__original3_extra_trees,mae_all,61283.67877087243,55037.389558972594,-6246.289211899835,nan,source-day
44,-20,1,pooled_source_day_thresholds,ensemble__original3_mse,ensemble__original3_extra_trees,rmse_high,60725.341545942516,61992.86080312009,1267.519257177577,nan,source-day
44,-20,1,pooled_source_day_thresholds,ensemble__original3_mse,ensemble__original3_extra_trees,rmse_onb,90583.61544167437,113274.46438250331,22690.848940828946,nan,source-day
44,-20,1,pooled_source_day_thresholds,ensemble__original3_mse,ensemble__original3_extra_trees,roc_auc_cont,0.9437037037037035,0.9504338624338623,0.006730158730158808,nan,source-day
44,-20,1,pooled_source_day_thresholds,ensemble__original3_mse,ensemble__original3_extra_trees,pr_auc_cont,0.9690946893444029,0.9744938943424898,0.005399204998086882,nan,source-day
44,-20,1,pooled_source_day_thresholds,ensemble__original3_mse,ensemble__original3_extra_trees,accuracy,0.8833333333333333,0.8925925925925926,0.0092592592592593,0.92592592592593,source-day
44,-20,1,pooled_source_day_thresholds,ensemble__original3_mse,ensemble__original3_extra_trees,precision,1.0,1.0,0.0,0.0,source-day
44,-20,1,pooled_source_day_thresholds,ensemble__original3_mse,ensemble__original3_extra_trees,recall,0.8,0.8158730158730159,0.015873015873015817,1.5873015873015817,source-day
44,-20,1,pooled_source_day_thresholds,ensemble__original3_mse,ensemble__original3_extra_trees,f1,0.8888888888888888,0.8986013986013986,0.00971250971250981,0.9712509712509809,source-day
44,-20,1,pooled_source_day_thresholds,ensemble__original3_mse,ensemble__original3_extra_trees,fpr,0.0,0.0,0.0,0.0,source-day
44,-20,1,pooled_source_day_thresholds,ensemble__original3_mse,ensemble__original3_extra_trees,fp,0,0,0.0,nan,source-day
44,-20,1,pooled_source_day_thresholds,ensemble__original3_mse,ensemble__original3_extra_trees,fn,63,58,-5.0,nan,source-day
44,-20,1,pooled_source_day_thresholds,ensemble__original3_mse,ensemble__original3_extra_trees,q100,nan,nan,nan,nan,source-day
44,-20,1,pooled_source_day_thresholds,ensemble__original3_mse,ensemble__original3_extra_trees,g100,nan,nan,nan,nan,source-day
44,-20,1,2025.06.11_0.3_2,ensemble__original3_mse,ensemble__original3_extra_trees,r2,0.9195977812694425,0.9411065545530827,0.021508773283640203,nan,source-day
44,-20,1,2025.06.11_0.3_2,ensemble__original3_mse,ensemble__original3_extra_trees,rmse_all,76006.2783838007,65050.244400881624,-10956.033982919078,nan,source-day
44,-20,1,2025.06.11_0.3_2,ensemble__original3_mse,ensemble__original3_extra_trees,mae_all,56777.670246289716,48523.45020443215,-8254.220041857567,nan,source-day
44,-20,1,2025.06.11_0.3_2,ensemble__original3_mse,ensemble__original3_extra_trees,rmse_high,49726.06157044596,47168.031494557465,-2558.0300758884987,nan,source-day
44,-20,1,2025.06.11_0.3_2,ensemble__original3_mse,ensemble__original3_extra_trees,rmse_onb,69776.99656648179,95477.81395303019,25700.8173865484,nan,source-day
44,-20,1,2025.06.11_0.3_2,ensemble__original3_mse,ensemble__original3_extra_trees,roc_auc_cont,0.9342568542568543,0.9417604617604617,0.007503607503607346,nan,source-day
44,-20,1,2025.06.11_0.3_2,ensemble__original3_mse,ensemble__original3_extra_trees,pr_auc_cont,0.9687176173469254,0.9729649627651697,0.0042473454182443415,nan,source-day
44,-20,1,2025.06.11_0.3_2,ensemble__original3_mse,ensemble__original3_extra_trees,accuracy,0.8888888888888888,0.9074074074074074,0.0185185185185186,1.85185185185186,source-day
44,-20,1,2025.06.11_0.3_2,ensemble__original3_mse,ensemble__original3_extra_trees,precision,1.0,1.0,0.0,0.0,source-day
44,-20,1,2025.06.11_0.3_2,ensemble__original3_mse,ensemble__original3_extra_trees,recall,0.8181818181818182,0.8484848484848485,0.030303030303030276,3.0303030303030276,source-day
44,-20,1,2025.06.11_0.3_2,ensemble__original3_mse,ensemble__original3_extra_trees,f1,0.9,0.9180327868852459,0.0180327868852459,1.80327868852459,source-day
44,-20,1,2025.06.11_0.3_2,ensemble__original3_mse,ensemble__original3_extra_trees,fpr,0.0,0.0,0.0,0.0,source-day
44,-20,1,2025.06.11_0.3_2,ensemble__original3_mse,ensemble__original3_extra_trees,fp,0,0,0.0,nan,source-day
44,-20,1,2025.06.11_0.3_2,ensemble__original3_mse,ensemble__original3_extra_trees,fn,30,25,-5.0,nan,source-day
44,-20,1,2025.06.11_0.3_2,ensemble__original3_mse,ensemble__original3_extra_trees,q100,368978.105,368978.105,0.0,nan,source-day
44,-20,1,2025.06.11_0.3_2,ensemble__original3_mse,ensemble__original3_extra_trees,g100,147472.9948,147472.9948,0.0,nan,source-day
44,-20,1,2025.06.18_0.3_3,ensemble__original3_mse,ensemble__original3_extra_trees,r2,0.8991381405361999,0.9099902238045326,0.010852083268332757,nan,source-day
44,-20,1,2025.06.18_0.3_3,ensemble__original3_mse,ensemble__original3_extra_trees,rmse_all,86482.39076989089,81697.55186044154,-4784.838909449347,nan,source-day
44,-20,1,2025.06.18_0.3_3,ensemble__original3_mse,ensemble__original3_extra_trees,mae_all,65789.68729545515,61551.32891351303,-4238.358381942118,nan,source-day
44,-20,1,2025.06.18_0.3_3,ensemble__original3_mse,ensemble__original3_extra_trees,rmse_high,70879.76864445397,74988.23604797508,4108.4674035211065,nan,source-day
44,-20,1,2025.06.18_0.3_3,ensemble__original3_mse,ensemble__original3_extra_trees,rmse_onb,107433.48418035914,128632.0162519292,21198.532071570065,nan,source-day
44,-20,1,2025.06.18_0.3_3,ensemble__original3_mse,ensemble__original3_extra_trees,roc_auc_cont,0.9530555555555555,0.9615555555555555,0.008499999999999952,nan,source-day
44,-20,1,2025.06.18_0.3_3,ensemble__original3_mse,ensemble__original3_extra_trees,pr_auc_cont,0.969734793779652,0.9773455074654689,0.0076107136858168944,nan,source-day
44,-20,1,2025.06.18_0.3_3,ensemble__original3_mse,ensemble__original3_extra_trees,accuracy,0.8777777777777778,0.8777777777777778,0.0,0.0,source-day
44,-20,1,2025.06.18_0.3_3,ensemble__original3_mse,ensemble__original3_extra_trees,precision,1.0,1.0,0.0,0.0,source-day
44,-20,1,2025.06.18_0.3_3,ensemble__original3_mse,ensemble__original3_extra_trees,recall,0.78,0.78,0.0,0.0,source-day
44,-20,1,2025.06.18_0.3_3,ensemble__original3_mse,ensemble__original3_extra_trees,f1,0.8764044943820225,0.8764044943820225,0.0,0.0,source-day
44,-20,1,2025.06.18_0.3_3,ensemble__original3_mse,ensemble__original3_extra_trees,fpr,0.0,0.0,0.0,0.0,source-day
44,-20,1,2025.06.18_0.3_3,ensemble__original3_mse,ensemble__original3_extra_trees,fp,0,0,0.0,nan,source-day
44,-20,1,2025.06.18_0.3_3,ensemble__original3_mse,ensemble__original3_extra_trees,fn,33,33,0.0,nan,source-day
44,-20,1,2025.06.18_0.3_3,ensemble__original3_mse,ensemble__original3_extra_trees,q100,434018.0833,434018.0833,0.0,nan,source-day
44,-20,1,2025.06.18_0.3_3,ensemble__original3_mse,ensemble__original3_extra_trees,g100,162340.4017,162340.4017,0.0,nan,source-day
44,-20,1,pooled_source_day_thresholds,ensemble__original3_mse,ensemble__simple_equal,r2,0.9092161839645794,0.9116431137514394,0.002426929786859988,nan,source-day
44,-20,1,pooled_source_day_thresholds,ensemble__original3_mse,ensemble__simple_equal,rmse_all,81413.01575003815,80317.43430656378,-1095.581443474366,nan,source-day
44,-20,1,pooled_source_day_thresholds,ensemble__original3_mse,ensemble__simple_equal,mae_all,61283.67877087243,59206.43423965124,-2077.244531221193,nan,source-day
44,-20,1,pooled_source_day_thresholds,ensemble__original3_mse,ensemble__simple_equal,rmse_high,60725.341545942516,52577.87965498185,-8147.461890960665,nan,source-day
44,-20,1,pooled_source_day_thresholds,ensemble__original3_mse,ensemble__simple_equal,rmse_onb,90583.61544167437,81203.73596525301,-9379.879476421353,nan,source-day
44,-20,1,pooled_source_day_thresholds,ensemble__original3_mse,ensemble__simple_equal,roc_auc_cont,0.9437037037037035,0.9550617283950615,0.011358024691358048,nan,source-day
44,-20,1,pooled_source_day_thresholds,ensemble__original3_mse,ensemble__simple_equal,pr_auc_cont,0.9690946893444029,0.976637860516927,0.007543171172524121,nan,source-day
44,-20,1,pooled_source_day_thresholds,ensemble__original3_mse,ensemble__simple_equal,accuracy,0.8833333333333333,0.8925925925925926,0.0092592592592593,0.92592592592593,source-day
44,-20,1,pooled_source_day_thresholds,ensemble__original3_mse,ensemble__simple_equal,precision,1.0,1.0,0.0,0.0,source-day
44,-20,1,pooled_source_day_thresholds,ensemble__original3_mse,ensemble__simple_equal,recall,0.8,0.8158730158730159,0.015873015873015817,1.5873015873015817,source-day
44,-20,1,pooled_source_day_thresholds,ensemble__original3_mse,ensemble__simple_equal,f1,0.8888888888888888,0.8986013986013986,0.00971250971250981,0.9712509712509809,source-day
44,-20,1,pooled_source_day_thresholds,ensemble__original3_mse,ensemble__simple_equal,fpr,0.0,0.0,0.0,0.0,source-day
44,-20,1,pooled_source_day_thresholds,ensemble__original3_mse,ensemble__simple_equal,fp,0,0,0.0,nan,source-day
44,-20,1,pooled_source_day_thresholds,ensemble__original3_mse,ensemble__simple_equal,fn,63,58,-5.0,nan,source-day
44,-20,1,pooled_source_day_thresholds,ensemble__original3_mse,ensemble__simple_equal,q100,nan,nan,nan,nan,source-day
44,-20,1,pooled_source_day_thresholds,ensemble__original3_mse,ensemble__simple_equal,g100,nan,nan,nan,nan,source-day
44,-20,1,2025.06.11_0.3_2,ensemble__original3_mse,ensemble__simple_equal,r2,0.9195977812694425,0.9216144214505191,0.002016640181076612,nan,source-day
44,-20,1,2025.06.11_0.3_2,ensemble__original3_mse,ensemble__simple_equal,rmse_all,76006.2783838007,75047.03444372115,-959.2439400795556,nan,source-day
44,-20,1,2025.06.11_0.3_2,ensemble__original3_mse,ensemble__simple_equal,mae_all,56777.670246289716,54205.639122175315,-2572.031124114401,nan,source-day
44,-20,1,2025.06.11_0.3_2,ensemble__original3_mse,ensemble__simple_equal,rmse_high,49726.06157044596,39165.86269800126,-10560.1988724447,nan,source-day
44,-20,1,2025.06.11_0.3_2,ensemble__original3_mse,ensemble__simple_equal,rmse_onb,69776.99656648179,61213.35127497376,-8563.64529150803,nan,source-day
44,-20,1,2025.06.11_0.3_2,ensemble__original3_mse,ensemble__simple_equal,roc_auc_cont,0.9342568542568543,0.9453968253968253,0.011139971139971006,nan,source-day
44,-20,1,2025.06.11_0.3_2,ensemble__original3_mse,ensemble__simple_equal,pr_auc_cont,0.9687176173469254,0.9746232667169502,0.005905649370024801,nan,source-day
44,-20,1,2025.06.11_0.3_2,ensemble__original3_mse,ensemble__simple_equal,accuracy,0.8888888888888888,0.9074074074074074,0.0185185185185186,1.85185185185186,source-day
44,-20,1,2025.06.11_0.3_2,ensemble__original3_mse,ensemble__simple_equal,precision,1.0,1.0,0.0,0.0,source-day
44,-20,1,2025.06.11_0.3_2,ensemble__original3_mse,ensemble__simple_equal,recall,0.8181818181818182,0.8484848484848485,0.030303030303030276,3.0303030303030276,source-day
44,-20,1,2025.06.11_0.3_2,ensemble__original3_mse,ensemble__simple_equal,f1,0.9,0.9180327868852459,0.0180327868852459,1.80327868852459,source-day
44,-20,1,2025.06.11_0.3_2,ensemble__original3_mse,ensemble__simple_equal,fpr,0.0,0.0,0.0,0.0,source-day
44,-20,1,2025.06.11_0.3_2,ensemble__original3_mse,ensemble__simple_equal,fp,0,0,0.0,nan,source-day
44,-20,1,2025.06.11_0.3_2,ensemble__original3_mse,ensemble__simple_equal,fn,30,25,-5.0,nan,source-day
44,-20,1,2025.06.11_0.3_2,ensemble__original3_mse,ensemble__simple_equal,q100,368978.105,368978.105,0.0,nan,source-day
44,-20,1,2025.06.11_0.3_2,ensemble__original3_mse,ensemble__simple_equal,g100,147472.9948,147472.9948,0.0,nan,source-day
44,-20,1,2025.06.18_0.3_3,ensemble__original3_mse,ensemble__simple_equal,r2,0.8991381405361999,0.9019631232123536,0.00282498267615372,nan,source-day
44,-20,1,2025.06.18_0.3_3,ensemble__original3_mse,ensemble__simple_equal,rmse_all,86482.39076989089,85262.6713655003,-1219.719404390591,nan,source-day
44,-20,1,2025.06.18_0.3_3,ensemble__original3_mse,ensemble__simple_equal,mae_all,65789.68729545515,64207.229357127166,-1582.4579383279852,nan,source-day
44,-20,1,2025.06.18_0.3_3,ensemble__original3_mse,ensemble__simple_equal,rmse_high,70879.76864445397,64171.2468319132,-6708.52181254077,nan,source-day
44,-20,1,2025.06.18_0.3_3,ensemble__original3_mse,ensemble__simple_equal,rmse_onb,107433.48418035914,97164.90670564,-10268.577474719146,nan,source-day
44,-20,1,2025.06.18_0.3_3,ensemble__original3_mse,ensemble__simple_equal,roc_auc_cont,0.9530555555555555,0.9651666666666666,0.012111111111111073,nan,source-day
44,-20,1,2025.06.18_0.3_3,ensemble__original3_mse,ensemble__simple_equal,pr_auc_cont,0.969734793779652,0.9795226988185891,0.009787905038937117,nan,source-day
44,-20,1,2025.06.18_0.3_3,ensemble__original3_mse,ensemble__simple_equal,accuracy,0.8777777777777778,0.8777777777777778,0.0,0.0,source-day
44,-20,1,2025.06.18_0.3_3,ensemble__original3_mse,ensemble__simple_equal,precision,1.0,1.0,0.0,0.0,source-day
44,-20,1,2025.06.18_0.3_3,ensemble__original3_mse,ensemble__simple_equal,recall,0.78,0.78,0.0,0.0,source-day
44,-20,1,2025.06.18_0.3_3,ensemble__original3_mse,ensemble__simple_equal,f1,0.8764044943820225,0.8764044943820225,0.0,0.0,source-day
44,-20,1,2025.06.18_0.3_3,ensemble__original3_mse,ensemble__simple_equal,fpr,0.0,0.0,0.0,0.0,source-day
44,-20,1,2025.06.18_0.3_3,ensemble__original3_mse,ensemble__simple_equal,fp,0,0,0.0,nan,source-day
44,-20,1,2025.06.18_0.3_3,ensemble__original3_mse,ensemble__simple_equal,fn,33,33,0.0,nan,source-day
44,-20,1,2025.06.18_0.3_3,ensemble__original3_mse,ensemble__simple_equal,q100,434018.0833,434018.0833,0.0,nan,source-day
44,-20,1,2025.06.18_0.3_3,ensemble__original3_mse,ensemble__simple_equal,g100,162340.4017,162340.4017,0.0,nan,source-day
