experiment_name,source_wav_id,chunk_index,chunk_start_seconds,chunk_duration_seconds,heat_flux,sample_filename,onb_threshold,q_over_onb,spectrum_method,spectrum_unit,peak_850_1200_psd,peak_850_1200_hz,peak_1250_1650_psd,peak_1250_1650_hz,peak_2100_2500_psd,peak_2100_2500_hz
2025.06.11_0.3_2,index=1.3.28E-04,0,0.0,1,0.000328047,0.000328047_src-index=1.3.28E-04_chunk-0000.npy,368978.105,8.890690140001667e-10,welch_hann_2048_overlap_1024_fs_44100,digital_amplitude_squared_per_hz,3.7883019982740826e-11,947.4609375,1.5603352620433225e-11,1356.591796875,1.956986604341292e-11,2304.052734375
2025.06.11_0.3_2,index=1.3.28E-04,1,1.0,1,0.000328047,0.000328047_src-index=1.3.28E-04_chunk-0001.npy,368978.105,8.890690140001667e-10,welch_hann_2048_overlap_1024_fs_44100,digital_amplitude_squared_per_hz,3.62072865817269e-11,1055.126953125,1.8658233885021247e-11,1356.591796875,2.5542864216329287e-11,2304.052734375
2025.06.11_0.3_2,index=1.3.28E-04,2,2.0,1,0.000328047,0.000328047_src-index=1.3.28E-04_chunk-0002.npy,368978.105,8.890690140001667e-10,welch_hann_2048_overlap_1024_fs_44100,digital_amplitude_squared_per_hz,2.3452870554708036e-11,1055.126953125,1.2867326223464927e-11,1356.591796875,1.9354849547523925e-11,2304.052734375
2025.06.11_0.3_2,index=1.3.28E-04,3,3.0,1,0.000328047,0.000328047_src-index=1.3.28E-04_chunk-0003.npy,368978.105,8.890690140001667e-10,welch_hann_2048_overlap_1024_fs_44100,digital_amplitude_squared_per_hz,2.2181179194370135e-11,947.4609375,1.1977008905662522e-11,1356.591796875,2.0241610822016335e-11,2304.052734375
2025.06.11_0.3_2,index=1.3.28E-04,4,4.0,1,0.000328047,0.000328047_src-index=1.3.28E-04_chunk-0004.npy,368978.105,8.890690140001667e-10,welch_hann_2048_overlap_1024_fs_44100,digital_amplitude_squared_per_hz,2.6405022425999636e-11,947.4609375,1.3518488735031229e-11,1356.591796875,1.853654708041123e-11,2304.052734375
2025.06.11_0.3_2,index=1.3.28E-04,5,5.0,1,0.000328047,0.000328047_src-index=1.3.28E-04_chunk-0005.npy,368978.105,8.890690140001667e-10,welch_hann_2048_overlap_1024_fs_44100,digital_amplitude_squared_per_hz,2.1842222649662153e-11,904.39453125,1.1054806742116459e-11,1356.591796875,2.2870927174623262e-11,2304.052734375
2025.06.11_0.3_2,index=1.3.28E-04,6,6.0,1,0.000328047,0.000328047_src-index=1.3.28E-04_chunk-0006.npy,368978.105,8.890690140001667e-10,welch_hann_2048_overlap_1024_fs_44100,digital_amplitude_squared_per_hz,2.4011023384698402e-11,947.4609375,1.0727681057344033e-11,1356.591796875,1.9623627762839828e-11,2304.052734375
2025.06.11_0.3_2,index=1.3.28E-04,7,7.0,1,0.000328047,0.000328047_src-index=1.3.28E-04_chunk-0007.npy,368978.105,8.890690140001667e-10,welch_hann_2048_overlap_1024_fs_44100,digital_amplitude_squared_per_hz,2.7110384711416782e-11,1055.126953125,1.4463068101484678e-11,1356.591796875,2.134534207220259e-11,2304.052734375
2025.06.11_0.3_2,index=1.3.28E-04,8,8.0,1,0.000328047,0.000328047_src-index=1.3.28E-04_chunk-0008.npy,368978.105,8.890690140001667e-10,welch_hann_2048_overlap_1024_fs_44100,digital_amplitude_squared_per_hz,2.0929788418044454e-11,1055.126953125,1.013320905269665e-11,1356.591796875,2.12247955291277e-11,2304.052734375
2025.06.11_0.3_2,index=1.3.28E-04,9,9.0,1,0.000328047,0.000328047_src-index=1.3.28E-04_chunk-0009.npy,368978.105,8.890690140001667e-10,welch_hann_2048_overlap_1024_fs_44100,digital_amplitude_squared_per_hz,3.33460938618428e-11,1055.126953125,1.7826948626822153e-11,1356.591796875,2.2078255673178757e-11,2304.052734375
2025.06.11_0.3_2,index=1.3.28E-04,10,10.0,1,0.000328047,0.000328047_src-index=1.3.28E-04_chunk-0010.npy,368978.105,8.890690140001667e-10,welch_hann_2048_overlap_1024_fs_44100,digital_amplitude_squared_per_hz,4.358554106822632e-11,1055.126953125,2.2303253125018737e-11,1356.591796875,2.4799704476867944e-11,2304.052734375
2025.06.11_0.3_2,index=1.3.28E-04,11,11.0,1,0.000328047,0.000328047_src-index=1.3.28E-04_chunk-0011.npy,368978.105,8.890690140001667e-10,welch_hann_2048_overlap_1024_fs_44100,digital_amplitude_squared_per_hz,4.690521972160936e-11,1055.126953125,2.568447907093288e-11,1356.591796875,3.0792298021201666e-11,2304.052734375
2025.06.11_0.3_2,index=1.3.28E-04,12,12.0,1,0.000328047,0.000328047_src-index=1.3.28E-04_chunk-0012.npy,368978.105,8.890690140001667e-10,welch_hann_2048_overlap_1024_fs_44100,digital_amplitude_squared_per_hz,6.295065935833327e-11,1055.126953125,3.5128547546513876e-11,1356.591796875,2.4639976053902107e-11,2304.052734375
2025.06.11_0.3_2,index=1.3.28E-04,13,13.0,1,0.000328047,0.000328047_src-index=1.3.28E-04_chunk-0013.npy,368978.105,8.890690140001667e-10,welch_hann_2048_overlap_1024_fs_44100,digital_amplitude_squared_per_hz,3.23349309931665e-11,947.4609375,1.694235731473087e-11,1356.591796875,1.8376938089284817e-11,2304.052734375
2025.06.11_0.3_2,index=1.3.28E-04,14,14.0,1,0.000328047,0.000328047_src-index=1.3.28E-04_chunk-0014.npy,368978.105,8.890690140001667e-10,welch_hann_2048_overlap_1024_fs_44100,digital_amplitude_squared_per_hz,2.2323680805776828e-11,1055.126953125,1.0924672335347205e-11,1356.591796875,1.7643871148640555e-11,2304.052734375
2025.06.11_0.3_2,index=1.3.28E-04,15,15.0,1,0.000328047,0.000328047_src-index=1.3.28E-04_chunk-0015.npy,368978.105,8.890690140001667e-10,welch_hann_2048_overlap_1024_fs_44100,digital_amplitude_squared_per_hz,2.214887297962459e-11,947.4609375,1.1146048873038045e-11,1356.591796875,1.953258494791212e-11,2304.052734375
2025.06.11_0.3_2,index=1.3.28E-04,16,16.0,1,0.000328047,0.000328047_src-index=1.3.28E-04_chunk-0016.npy,368978.105,8.890690140001667e-10,welch_hann_2048_overlap_1024_fs_44100,digital_amplitude_squared_per_hz,2.277657134530292e-11,1055.126953125,1.094857106606613e-11,1356.591796875,1.7782439113964775e-11,2304.052734375
2025.06.11_0.3_2,index=1.3.28E-04,17,17.0,1,0.000328047,0.000328047_src-index=1.3.28E-04_chunk-0017.npy,368978.105,8.890690140001667e-10,welch_hann_2048_overlap_1024_fs_44100,digital_amplitude_squared_per_hz,2.6568157776370463e-11,1055.126953125,1.2059953108148e-11,1356.591796875,1.7647303045202466e-11,2304.052734375
2025.06.11_0.3_2,index=1.3.28E-04,18,18.0,1,0.000328047,0.000328047_src-index=1.3.28E-04_chunk-0018.npy,368978.105,8.890690140001667e-10,welch_hann_2048_overlap_1024_fs_44100,digital_amplitude_squared_per_hz,2.42669708733532e-11,904.39453125,9.699198477669972e-12,1356.591796875,1.855336670690611e-11,2304.052734375
2025.06.11_0.3_2,index=1.3.28E-04,19,19.0,1,0.000328047,0.000328047_src-index=1.3.28E-04_chunk-0019.npy,368978.105,8.890690140001667e-10,welch_hann_2048_overlap_1024_fs_44100,digital_amplitude_squared_per_hz,3.133510833519401e-11,1055.126953125,1.7344510082563105e-11,1356.591796875,1.8191175124778758e-11,2304.052734375
2025.06.11_0.3_2,index=1.3.28E-04,20,20.0,1,0.000328047,0.000328047_src-index=1.3.28E-04_chunk-0020.npy,368978.105,8.890690140001667e-10,welch_hann_2048_overlap_1024_fs_44100,digital_amplitude_squared_per_hz,2.3231397167168855e-11,1055.126953125,1.0149411898014251e-11,1356.591796875,1.770414293214643e-11,2304.052734375
2025.06.11_0.3_2,index=1.3.28E-04,21,21.0,1,0.000328047,0.000328047_src-index=1.3.28E-04_chunk-0021.npy,368978.105,8.890690140001667e-10,welch_hann_2048_overlap_1024_fs_44100,digital_amplitude_squared_per_hz,2.3788862100800738e-11,947.4609375,9.84355229120213e-12,1356.591796875,1.8987736499136607e-11,2304.052734375
2025.06.11_0.3_2,index=1.3.28E-04,22,22.0,1,0.000328047,0.000328047_src-index=1.3.28E-04_chunk-0022.npy,368978.105,8.890690140001667e-10,welch_hann_2048_overlap_1024_fs_44100,digital_amplitude_squared_per_hz,3.332598133510072e-11,947.4609375,1.4643896750856697e-11,1356.591796875,2.0212518536036056e-11,2304.052734375
2025.06.11_0.3_2,index=1.3.28E-04,23,23.0,1,0.000328047,0.000328047_src-index=1.3.28E-04_chunk-0023.npy,368978.105,8.890690140001667e-10,welch_hann_2048_overlap_1024_fs_44100,digital_amplitude_squared_per_hz,2.2988272087904025e-11,1055.126953125,1.0297192641940087e-11,1356.591796875,1.6223149019173948e-11,2304.052734375
2025.06.11_0.3_2,index=1.3.28E-04,24,24.0,1,0.000328047,0.000328047_src-index=1.3.28E-04_chunk-0024.npy,368978.105,8.890690140001667e-10,welch_hann_2048_overlap_1024_fs_44100,digital_amplitude_squared_per_hz,4.6217098377744093e-11,1055.126953125,2.240255216239291e-11,1356.591796875,2.0326369578885844e-11,2304.052734375
2025.06.11_0.3_2,index=1.3.28E-04,25,25.0,1,0.000328047,0.000328047_src-index=1.3.28E-04_chunk-0025.npy,368978.105,8.890690140001667e-10,welch_hann_2048_overlap_1024_fs_44100,digital_amplitude_squared_per_hz,4.917154527157824e-11,1055.126953125,2.5591567848639085e-11,1356.591796875,2.445201623262867e-11,2304.052734375
2025.06.11_0.3_2,index=1.3.28E-04,26,26.0,1,0.000328047,0.000328047_src-index=1.3.28E-04_chunk-0026.npy,368978.105,8.890690140001667e-10,welch_hann_2048_overlap_1024_fs_44100,digital_amplitude_squared_per_hz,3.2930159061710676e-11,1055.126953125,1.6703410725631418e-11,1356.591796875,2.0775014634350506e-11,2304.052734375
2025.06.11_0.3_2,index=1.3.28E-04,27,27.0,1,0.000328047,0.000328047_src-index=1.3.28E-04_chunk-0027.npy,368978.105,8.890690140001667e-10,welch_hann_2048_overlap_1024_fs_44100,digital_amplitude_squared_per_hz,3.803187672273363e-11,1055.126953125,2.0119108460350028e-11,1356.591796875,2.0020161029833372e-11,2304.052734375
2025.06.11_0.3_2,index=1.3.28E-04,28,28.0,1,0.000328047,0.000328047_src-index=1.3.28E-04_chunk-0028.npy,368978.105,8.890690140001667e-10,welch_hann_2048_overlap_1024_fs_44100,digital_amplitude_squared_per_hz,3.537339358568332e-11,1055.126953125,1.7205087253361672e-11,1356.591796875,2.223888583950583e-11,2304.052734375
2025.06.11_0.3_2,index=1.3.28E-04,29,29.0,1,0.000328047,0.000328047_src-index=1.3.28E-04_chunk-0029.npy,368978.105,8.890690140001667e-10,welch_hann_2048_overlap_1024_fs_44100,digital_amplitude_squared_per_hz,2.4259326959608927e-11,1055.126953125,1.1099719218415765e-11,1356.591796875,1.8785237883027845e-11,2304.052734375
2025.06.11_0.3_2,index=1.3.28E-04,30,30.0,1,0.000328047,0.000328047_src-index=1.3.28E-04_chunk-0030.npy,368978.105,8.890690140001667e-10,welch_hann_2048_overlap_1024_fs_44100,digital_amplitude_squared_per_hz,2.3064596251440026e-11,1055.126953125,1.0845491448134847e-11,1356.591796875,1.6440224754523475e-11,2304.052734375
2025.06.11_0.3_2,index=1.3.28E-04,31,31.0,1,0.000328047,0.000328047_src-index=1.3.28E-04_chunk-0031.npy,368978.105,8.890690140001667e-10,welch_hann_2048_overlap_1024_fs_44100,digital_amplitude_squared_per_hz,2.411264529475351e-11,1055.126953125,1.1628994357452948e-11,1356.591796875,1.7748259866899706e-11,2304.052734375
2025.06.11_0.3_2,index=1.3.28E-04,32,32.0,1,0.000328047,0.000328047_src-index=1.3.28E-04_chunk-0032.npy,368978.105,8.890690140001667e-10,welch_hann_2048_overlap_1024_fs_44100,digital_amplitude_squared_per_hz,2.4563905037126964e-11,1055.126953125,1.1118076893937693e-11,1356.591796875,1.91048879177584e-11,2304.052734375
2025.06.11_0.3_2,index=1.3.28E-04,33,33.0,1,0.000328047,0.000328047_src-index=1.3.28E-04_chunk-0033.npy,368978.105,8.890690140001667e-10,welch_hann_2048_overlap_1024_fs_44100,digital_amplitude_squared_per_hz,7.9483030398915e-11,904.39453125,2.6249782966813026e-11,1356.591796875,1.7468409873669218e-11,2304.052734375
2025.06.11_0.3_2,index=1.3.28E-04,34,34.0,1,0.000328047,0.000328047_src-index=1.3.28E-04_chunk-0034.npy,368978.105,8.890690140001667e-10,welch_hann_2048_overlap_1024_fs_44100,digital_amplitude_squared_per_hz,3.0548409380602485e-11,1055.126953125,1.2691273364491045e-11,1356.591796875,2.1680336858870057e-11,2304.052734375
2025.06.11_0.3_2,index=1.3.28E-04,35,35.0,1,0.000328047,0.000328047_src-index=1.3.28E-04_chunk-0035.npy,368978.105,8.890690140001667e-10,welch_hann_2048_overlap_1024_fs_44100,digital_amplitude_squared_per_hz,3.904429556898255e-11,1055.126953125,1.8384049707540944e-11,1356.591796875,2.1842825610827893e-11,2304.052734375
2025.06.11_0.3_2,index=1.3.28E-04,36,36.0,1,0.000328047,0.000328047_src-index=1.3.28E-04_chunk-0036.npy,368978.105,8.890690140001667e-10,welch_hann_2048_overlap_1024_fs_44100,digital_amplitude_squared_per_hz,2.9422431472522344e-11,1055.126953125,1.4384117376134159e-11,1356.591796875,1.872395462527097e-11,2304.052734375
2025.06.11_0.3_2,index=1.3.28E-04,37,37.0,1,0.000328047,0.000328047_src-index=1.3.28E-04_chunk-0037.npy,368978.105,8.890690140001667e-10,welch_hann_2048_overlap_1024_fs_44100,digital_amplitude_squared_per_hz,2.4902168650555916e-11,904.39453125,1.1200834099282491e-11,1356.591796875,1.7763229487938154e-11,2304.052734375
2025.06.11_0.3_2,index=1.3.28E-04,38,38.0,1,0.000328047,0.000328047_src-index=1.3.28E-04_chunk-0038.npy,368978.105,8.890690140001667e-10,welch_hann_2048_overlap_1024_fs_44100,digital_amplitude_squared_per_hz,2.7953019486797954e-11,904.39453125,9.71534458398766e-12,1356.591796875,1.6861871588257275e-11,2304.052734375
2025.06.11_0.3_2,index=1.3.28E-04,39,39.0,1,0.000328047,0.000328047_src-index=1.3.28E-04_chunk-0039.npy,368978.105,8.890690140001667e-10,welch_hann_2048_overlap_1024_fs_44100,digital_amplitude_squared_per_hz,2.0365511933920357e-11,904.39453125,1.0396493632958935e-11,1356.591796875,1.659374081344618e-11,2304.052734375
2025.06.11_0.3_2,index=1.3.28E-04,40,40.0,1,0.000328047,0.000328047_src-index=1.3.28E-04_chunk-0040.npy,368978.105,8.890690140001667e-10,welch_hann_2048_overlap_1024_fs_44100,digital_amplitude_squared_per_hz,1.980259058591372e-11,947.4609375,9.495175056300064e-12,1356.591796875,1.3013636724102883e-11,2304.052734375
2025.06.11_0.3_2,index=1.3.28E-04,41,41.0,1,0.000328047,0.000328047_src-index=1.3.28E-04_chunk-0041.npy,368978.105,8.890690140001667e-10,welch_hann_2048_overlap_1024_fs_44100,digital_amplitude_squared_per_hz,2.273708544252669e-11,1055.126953125,1.0533881094204147e-11,1356.591796875,1.6427424958342737e-11,2304.052734375
2025.06.11_0.3_2,index=1.3.28E-04,42,42.0,1,0.000328047,0.000328047_src-index=1.3.28E-04_chunk-0042.npy,368978.105,8.890690140001667e-10,welch_hann_2048_overlap_1024_fs_44100,digital_amplitude_squared_per_hz,2.1858290730329138e-11,947.4609375,1.0536300975042027e-11,1356.591796875,1.558683211766222e-11,2304.052734375
2025.06.11_0.3_2,index=1.3.28E-04,43,43.0,1,0.000328047,0.000328047_src-index=1.3.28E-04_chunk-0043.npy,368978.105,8.890690140001667e-10,welch_hann_2048_overlap_1024_fs_44100,digital_amplitude_squared_per_hz,2.0719139114797464e-11,947.4609375,1.0180539163525125e-11,1356.591796875,1.3235272887378323e-11,2304.052734375
2025.06.11_0.3_2,index=1.3.28E-04,44,44.0,1,0.000328047,0.000328047_src-index=1.3.28E-04_chunk-0044.npy,368978.105,8.890690140001667e-10,welch_hann_2048_overlap_1024_fs_44100,digital_amplitude_squared_per_hz,2.545151746394137e-11,1055.126953125,1.2841705960426326e-11,1356.591796875,1.6091501334691302e-11,2304.052734375
2025.06.11_0.3_2,index=1.3.28E-04,45,45.0,1,0.000328047,0.000328047_src-index=1.3.28E-04_chunk-0045.npy,368978.105,8.890690140001667e-10,welch_hann_2048_overlap_1024_fs_44100,digital_amplitude_squared_per_hz,3.5381208199763e-11,1055.126953125,1.8489534835629372e-11,1356.591796875,2.138993487070091e-11,2304.052734375
2025.06.11_0.3_2,index=1.3.28E-04,46,46.0,1,0.000328047,0.000328047_src-index=1.3.28E-04_chunk-0046.npy,368978.105,8.890690140001667e-10,welch_hann_2048_overlap_1024_fs_44100,digital_amplitude_squared_per_hz,3.194982968731702e-11,1055.126953125,1.6266034273362675e-11,1356.591796875,1.9028764136426377e-11,2304.052734375
2025.06.11_0.3_2,index=1.3.28E-04,47,47.0,1,0.000328047,0.000328047_src-index=1.3.28E-04_chunk-0047.npy,368978.105,8.890690140001667e-10,welch_hann_2048_overlap_1024_fs_44100,digital_amplitude_squared_per_hz,3.714920954107549e-11,1055.126953125,2.064446619175378e-11,1356.591796875,2.052372880805255e-11,2304.052734375
2025.06.11_0.3_2,index=1.3.28E-04,48,48.0,1,0.000328047,0.000328047_src-index=1.3.28E-04_chunk-0048.npy,368978.105,8.890690140001667e-10,welch_hann_2048_overlap_1024_fs_44100,digital_amplitude_squared_per_hz,3.201600006087408e-11,1055.126953125,1.4855142265161374e-11,1356.591796875,1.7308341308786156e-11,2304.052734375
2025.06.11_0.3_2,index=1.3.28E-04,49,49.0,1,0.000328047,0.000328047_src-index=1.3.28E-04_chunk-0049.npy,368978.105,8.890690140001667e-10,welch_hann_2048_overlap_1024_fs_44100,digital_amplitude_squared_per_hz,3.8258841322481967e-11,1055.126953125,1.9858576905517775e-11,1356.591796875,1.8197338859361235e-11,2304.052734375
2025.06.11_0.3_2,index=1.3.28E-04,50,50.0,1,0.000328047,0.000328047_src-index=1.3.28E-04_chunk-0050.npy,368978.105,8.890690140001667e-10,welch_hann_2048_overlap_1024_fs_44100,digital_amplitude_squared_per_hz,4.3275549643484505e-11,1055.126953125,2.4764887378221573e-11,1356.591796875,2.150055024170197e-11,2304.052734375
2025.06.11_0.3_2,index=1.3.28E-04,51,51.0,1,0.000328047,0.000328047_src-index=1.3.28E-04_chunk-0051.npy,368978.105,8.890690140001667e-10,welch_hann_2048_overlap_1024_fs_44100,digital_amplitude_squared_per_hz,3.526002453724608e-11,1055.126953125,1.983277002765242e-11,1356.591796875,1.8660982918243186e-11,2304.052734375
2025.06.11_0.3_2,index=1.3.28E-04,52,52.0,1,0.000328047,0.000328047_src-index=1.3.28E-04_chunk-0052.npy,368978.105,8.890690140001667e-10,welch_hann_2048_overlap_1024_fs_44100,digital_amplitude_squared_per_hz,4.7649076337971944e-11,1055.126953125,2.629178285028406e-11,1356.591796875,1.902396939049481e-11,2304.052734375
2025.06.11_0.3_2,index=1.3.28E-04,53,53.0,1,0.000328047,0.000328047_src-index=1.3.28E-04_chunk-0053.npy,368978.105,8.890690140001667e-10,welch_hann_2048_overlap_1024_fs_44100,digital_amplitude_squared_per_hz,5.443171396178018e-11,1055.126953125,3.0879136386417656e-11,1356.591796875,2.128109789076958e-11,2304.052734375
2025.06.11_0.3_2,index=1.3.28E-04,54,54.0,1,0.000328047,0.000328047_src-index=1.3.28E-04_chunk-0054.npy,368978.105,8.890690140001667e-10,welch_hann_2048_overlap_1024_fs_44100,digital_amplitude_squared_per_hz,6.124828886958339e-11,1055.126953125,3.388605458434687e-11,1356.591796875,2.2184929950886394e-11,2304.052734375
2025.06.11_0.3_2,index=1.3.28E-04,55,55.0,1,0.000328047,0.000328047_src-index=1.3.28E-04_chunk-0055.npy,368978.105,8.890690140001667e-10,welch_hann_2048_overlap_1024_fs_44100,digital_amplitude_squared_per_hz,4.367859824829567e-11,1055.126953125,2.5223316788379437e-11,1356.591796875,2.0796487743579578e-11,2304.052734375
2025.06.11_0.3_2,index=1.3.28E-04,56,56.0,1,0.000328047,0.000328047_src-index=1.3.28E-04_chunk-0056.npy,368978.105,8.890690140001667e-10,welch_hann_2048_overlap_1024_fs_44100,digital_amplitude_squared_per_hz,2.953655960241605e-11,1055.126953125,1.5503626987327058e-11,1356.591796875,1.8301396061273568e-11,2304.052734375
2025.06.11_0.3_2,index=1.3.28E-04,57,57.0,1,0.000328047,0.000328047_src-index=1.3.28E-04_chunk-0057.npy,368978.105,8.890690140001667e-10,welch_hann_2048_overlap_1024_fs_44100,digital_amplitude_squared_per_hz,4.27803401901365e-11,1055.126953125,2.2201853133869284e-11,1356.591796875,1.9882877103906942e-11,2304.052734375
2025.06.11_0.3_2,index=1.3.28E-04,58,58.0,1,0.000328047,0.000328047_src-index=1.3.28E-04_chunk-0058.npy,368978.105,8.890690140001667e-10,welch_hann_2048_overlap_1024_fs_44100,digital_amplitude_squared_per_hz,5.442660824514398e-11,1055.126953125,3.1006171537728504e-11,1356.591796875,2.148773098224569e-11,2304.052734375
2025.06.11_0.3_2,index=1.3.28E-04,59,59.0,1,0.000328047,0.000328047_src-index=1.3.28E-04_chunk-0059.npy,368978.105,8.890690140001667e-10,welch_hann_2048_overlap_1024_fs_44100,digital_amplitude_squared_per_hz,4.627584258061051e-11,1055.126953125,2.738342759361282e-11,1356.591796875,2.4018124137428996e-11,2304.052734375
2025.06.11_0.3_2,index=10.3.15E+05,0,0.0,1,315466.1173,315466.1173_src-index=10.3.15E+05_chunk-0000.npy,368978.105,0.854972457783098,welch_hann_2048_overlap_1024_fs_44100,digital_amplitude_squared_per_hz,1.3385692378235632e-10,1098.193359375,1.663724351510254e-10,1335.05859375,1.7671769375918007e-09,2282.51953125
2025.06.11_0.3_2,index=10.3.15E+05,1,1.0,1,315466.1173,315466.1173_src-index=10.3.15E+05_chunk-0001.npy,368978.105,0.854972457783098,welch_hann_2048_overlap_1024_fs_44100,digital_amplitude_squared_per_hz,6.819001193256939e-10,1098.193359375,3.981939571926393e-10,1335.05859375,2.563125486313507e-09,2260.986328125
2025.06.11_0.3_2,index=10.3.15E+05,2,2.0,1,315466.1173,315466.1173_src-index=10.3.15E+05_chunk-0002.npy,368978.105,0.854972457783098,welch_hann_2048_overlap_1024_fs_44100,digital_amplitude_squared_per_hz,6.462509957627969e-10,1098.193359375,5.098274012470617e-10,1335.05859375,3.067331587997391e-09,2282.51953125
2025.06.11_0.3_2,index=10.3.15E+05,3,3.0,1,315466.1173,315466.1173_src-index=10.3.15E+05_chunk-0003.npy,368978.105,0.854972457783098,welch_hann_2048_overlap_1024_fs_44100,digital_amplitude_squared_per_hz,4.938646428914183e-10,1098.193359375,3.6519382507414287e-10,1335.05859375,1.3012415824566176e-09,2282.51953125
2025.06.11_0.3_2,index=10.3.15E+05,4,4.0,1,315466.1173,315466.1173_src-index=10.3.15E+05_chunk-0004.npy,368978.105,0.854972457783098,welch_hann_2048_overlap_1024_fs_44100,digital_amplitude_squared_per_hz,6.772552879898078e-10,1098.193359375,4.674964328668841e-10,1335.05859375,1.1120085519755545e-09,2260.986328125
2025.06.11_0.3_2,index=10.3.15E+05,5,5.0,1,315466.1173,315466.1173_src-index=10.3.15E+05_chunk-0005.npy,368978.105,0.854972457783098,welch_hann_2048_overlap_1024_fs_44100,digital_amplitude_squared_per_hz,4.6969330274409334e-09,1098.193359375,3.3856144922335827e-09,1335.05859375,1.5917282996550862e-08,2282.51953125
2025.06.11_0.3_2,index=10.3.15E+05,6,6.0,1,315466.1173,315466.1173_src-index=10.3.15E+05_chunk-0006.npy,368978.105,0.854972457783098,welch_hann_2048_overlap_1024_fs_44100,digital_amplitude_squared_per_hz,3.902324827097265e-09,1098.193359375,2.7624109714845106e-09,1335.05859375,1.1761996118958968e-08,2239.453125
2025.06.11_0.3_2,index=10.3.15E+05,7,7.0,1,315466.1173,315466.1173_src-index=10.3.15E+05_chunk-0007.npy,368978.105,0.854972457783098,welch_hann_2048_overlap_1024_fs_44100,digital_amplitude_squared_per_hz,1.1164708785024075e-09,1098.193359375,8.690599490467065e-10,1335.05859375,3.708872491015034e-09,2260.986328125
2025.06.11_0.3_2,index=10.3.15E+05,8,8.0,1,315466.1173,315466.1173_src-index=10.3.15E+05_chunk-0008.npy,368978.105,0.854972457783098,welch_hann_2048_overlap_1024_fs_44100,digital_amplitude_squared_per_hz,1.3021501449352196e-09,1098.193359375,1.0805861150113622e-09,1335.05859375,3.795916759802912e-09,2282.51953125
2025.06.11_0.3_2,index=10.3.15E+05,9,9.0,1,315466.1173,315466.1173_src-index=10.3.15E+05_chunk-0009.npy,368978.105,0.854972457783098,welch_hann_2048_overlap_1024_fs_44100,digital_amplitude_squared_per_hz,2.0222515652377077e-09,1098.193359375,1.6282456375488327e-09,1335.05859375,5.86778649577321e-09,2260.986328125
2025.06.11_0.3_2,index=10.3.15E+05,10,10.0,1,315466.1173,315466.1173_src-index=10.3.15E+05_chunk-0010.npy,368978.105,0.854972457783098,welch_hann_2048_overlap_1024_fs_44100,digital_amplitude_squared_per_hz,4.921796591603561e-09,1098.193359375,3.7182219551329103e-09,1335.05859375,1.6710892544487418e-08,2260.986328125
2025.06.11_0.3_2,index=10.3.15E+05,11,11.0,1,315466.1173,315466.1173_src-index=10.3.15E+05_chunk-0011.npy,368978.105,0.854972457783098,welch_hann_2048_overlap_1024_fs_44100,digital_amplitude_squared_per_hz,6.4673691949423244e-09,1098.193359375,6.005861508374539e-09,1335.05859375,2.5268396810285077e-08,2282.51953125
2025.06.11_0.3_2,index=10.3.15E+05,12,12.0,1,315466.1173,315466.1173_src-index=10.3.15E+05_chunk-0012.npy,368978.105,0.854972457783098,welch_hann_2048_overlap_1024_fs_44100,digital_amplitude_squared_per_hz,3.4610518631347256e-11,904.39453125,2.4019819652531404e-11,1356.591796875,3.430384203649502e-10,2282.51953125
2025.06.11_0.3_2,index=10.3.15E+05,13,13.0,1,315466.1173,315466.1173_src-index=10.3.15E+05_chunk-0013.npy,368978.105,0.854972457783098,welch_hann_2048_overlap_1024_fs_44100,digital_amplitude_squared_per_hz,4.029947278430144e-11,1098.193359375,3.3569908836514046e-11,1335.05859375,6.367854381618057e-10,2282.51953125
2025.06.11_0.3_2,index=10.3.15E+05,14,14.0,1,315466.1173,315466.1173_src-index=10.3.15E+05_chunk-0014.npy,368978.105,0.854972457783098,welch_hann_2048_overlap_1024_fs_44100,digital_amplitude_squared_per_hz,1.8582392040911716e-09,1098.193359375,1.5145898014496048e-09,1335.05859375,5.223538882089379e-09,2260.986328125
2025.06.11_0.3_2,index=10.3.15E+05,15,15.0,1,315466.1173,315466.1173_src-index=10.3.15E+05_chunk-0015.npy,368978.105,0.854972457783098,welch_hann_2048_overlap_1024_fs_44100,digital_amplitude_squared_per_hz,6.028624858999503e-09,1098.193359375,4.4577873149665065e-09,1335.05859375,1.3169921484385273e-08,2260.986328125
2025.06.11_0.3_2,index=10.3.15E+05,16,16.0,1,315466.1173,315466.1173_src-index=10.3.15E+05_chunk-0016.npy,368978.105,0.854972457783098,welch_hann_2048_overlap_1024_fs_44100,digital_amplitude_squared_per_hz,2.797210438787062e-09,1098.193359375,2.0293559821327855e-09,1335.05859375,5.611441345944017e-09,2260.986328125
2025.06.11_0.3_2,index=10.3.15E+05,17,17.0,1,315466.1173,315466.1173_src-index=10.3.15E+05_chunk-0017.npy,368978.105,0.854972457783098,welch_hann_2048_overlap_1024_fs_44100,digital_amplitude_squared_per_hz,1.9369173232814883e-11,1055.126953125,1.051571948992849e-11,1356.591796875,1.1963432735232344e-11,2304.052734375
2025.06.11_0.3_2,index=10.3.15E+05,18,18.0,1,315466.1173,315466.1173_src-index=10.3.15E+05_chunk-0018.npy,368978.105,0.854972457783098,welch_hann_2048_overlap_1024_fs_44100,digital_amplitude_squared_per_hz,7.071147020926243e-10,1098.193359375,4.856737431530533e-10,1335.05859375,1.637456704030149e-09,2260.986328125
2025.06.11_0.3_2,index=10.3.15E+05,19,19.0,1,315466.1173,315466.1173_src-index=10.3.15E+05_chunk-0019.npy,368978.105,0.854972457783098,welch_hann_2048_overlap_1024_fs_44100,digital_amplitude_squared_per_hz,5.778551434582017e-09,1098.193359375,4.433982368910908e-09,1335.05859375,1.2592401373937001e-08,2260.986328125
2025.06.11_0.3_2,index=10.3.15E+05,20,20.0,1,315466.1173,315466.1173_src-index=10.3.15E+05_chunk-0020.npy,368978.105,0.854972457783098,welch_hann_2048_overlap_1024_fs_44100,digital_amplitude_squared_per_hz,4.920911371295824e-09,1098.193359375,4.1093346400100965e-09,1335.05859375,2.114601675836501e-08,2282.51953125
2025.06.11_0.3_2,index=10.3.15E+05,21,21.0,1,315466.1173,315466.1173_src-index=10.3.15E+05_chunk-0021.npy,368978.105,0.854972457783098,welch_hann_2048_overlap_1024_fs_44100,digital_amplitude_squared_per_hz,2.286232153721123e-11,1055.126953125,1.2269887087737617e-11,1356.591796875,2.0032954414512794e-11,2304.052734375
2025.06.11_0.3_2,index=10.3.15E+05,22,22.0,1,315466.1173,315466.1173_src-index=10.3.15E+05_chunk-0022.npy,368978.105,0.854972457783098,welch_hann_2048_overlap_1024_fs_44100,digital_amplitude_squared_per_hz,2.8723667251469506e-09,1098.193359375,2.214952448633337e-09,1335.05859375,9.164505842968771e-09,2282.51953125
2025.06.11_0.3_2,index=10.3.15E+05,23,23.0,1,315466.1173,315466.1173_src-index=10.3.15E+05_chunk-0023.npy,368978.105,0.854972457783098,welch_hann_2048_overlap_1024_fs_44100,digital_amplitude_squared_per_hz,2.202139461249119e-09,1098.193359375,1.6984588324906176e-09,1335.05859375,7.42272307182307e-09,2260.986328125
2025.06.11_0.3_2,index=10.3.15E+05,24,24.0,1,315466.1173,315466.1173_src-index=10.3.15E+05_chunk-0024.npy,368978.105,0.854972457783098,welch_hann_2048_overlap_1024_fs_44100,digital_amplitude_squared_per_hz,5.027087835137332e-11,1098.193359375,2.3388066512370407e-11,1335.05859375,2.6707004552310114e-10,2282.51953125
2025.06.11_0.3_2,index=10.3.15E+05,25,25.0,1,315466.1173,315466.1173_src-index=10.3.15E+05_chunk-0025.npy,368978.105,0.854972457783098,welch_hann_2048_overlap_1024_fs_44100,digital_amplitude_squared_per_hz,2.0048802786495186e-11,904.39453125,1.2531622030027997e-11,1356.591796875,3.3066650563094045e-11,2282.51953125
2025.06.11_0.3_2,index=10.3.15E+05,26,26.0,1,315466.1173,315466.1173_src-index=10.3.15E+05_chunk-0026.npy,368978.105,0.854972457783098,welch_hann_2048_overlap_1024_fs_44100,digital_amplitude_squared_per_hz,2.1251163951668208e-09,1098.193359375,1.5255268359408523e-09,1335.05859375,7.25093182675319e-09,2282.51953125
2025.06.11_0.3_2,index=10.3.15E+05,27,27.0,1,315466.1173,315466.1173_src-index=10.3.15E+05_chunk-0027.npy,368978.105,0.854972457783098,welch_hann_2048_overlap_1024_fs_44100,digital_amplitude_squared_per_hz,1.7012391408592354e-09,1098.193359375,1.192767353320474e-09,1335.05859375,8.197014908413286e-09,2282.51953125
2025.06.11_0.3_2,index=10.3.15E+05,28,28.0,1,315466.1173,315466.1173_src-index=10.3.15E+05_chunk-0028.npy,368978.105,0.854972457783098,welch_hann_2048_overlap_1024_fs_44100,digital_amplitude_squared_per_hz,2.0221426311457255e-11,1055.126953125,1.1067477636317436e-11,1356.591796875,1.948581458232441e-11,2304.052734375
2025.06.11_0.3_2,index=10.3.15E+05,29,29.0,1,315466.1173,315466.1173_src-index=10.3.15E+05_chunk-0029.npy,368978.105,0.854972457783098,welch_hann_2048_overlap_1024_fs_44100,digital_amplitude_squared_per_hz,3.61813542364634e-10,1098.193359375,2.8692546543933353e-10,1335.05859375,1.573343079677242e-09,2260.986328125
2025.06.11_0.3_2,index=10.3.15E+05,30,30.0,1,315466.1173,315466.1173_src-index=10.3.15E+05_chunk-0030.npy,368978.105,0.854972457783098,welch_hann_2048_overlap_1024_fs_44100,digital_amplitude_squared_per_hz,4.136990555266589e-09,1098.193359375,3.118341667510506e-09,1335.05859375,2.3299787597237394e-08,2260.986328125
2025.06.11_0.3_2,index=10.3.15E+05,31,31.0,1,315466.1173,315466.1173_src-index=10.3.15E+05_chunk-0031.npy,368978.105,0.854972457783098,welch_hann_2048_overlap_1024_fs_44100,digital_amplitude_squared_per_hz,1.213183733824415e-09,1076.66015625,1.1321503489294242e-09,1335.05859375,6.941763761555666e-09,2282.51953125
2025.06.11_0.3_2,index=10.3.15E+05,32,32.0,1,315466.1173,315466.1173_src-index=10.3.15E+05_chunk-0032.npy,368978.105,0.854972457783098,welch_hann_2048_overlap_1024_fs_44100,digital_amplitude_squared_per_hz,4.9971632492888025e-09,1098.193359375,3.607649832981377e-09,1335.05859375,2.0593633007976673e-08,2260.986328125
2025.06.11_0.3_2,index=10.3.15E+05,33,33.0,1,315466.1173,315466.1173_src-index=10.3.15E+05_chunk-0033.npy,368978.105,0.854972457783098,welch_hann_2048_overlap_1024_fs_44100,digital_amplitude_squared_per_hz,4.0274413496993365e-10,1098.193359375,3.538499284545295e-10,1335.05859375,2.677894963755664e-09,2260.986328125
2025.06.11_0.3_2,index=10.3.15E+05,34,34.0,1,315466.1173,315466.1173_src-index=10.3.15E+05_chunk-0034.npy,368978.105,0.854972457783098,welch_hann_2048_overlap_1024_fs_44100,digital_amplitude_squared_per_hz,6.851700305874375e-09,1098.193359375,5.086428537635625e-09,1335.05859375,2.454989472402888e-08,2260.986328125
2025.06.11_0.3_2,index=10.3.15E+05,35,35.0,1,315466.1173,315466.1173_src-index=10.3.15E+05_chunk-0035.npy,368978.105,0.854972457783098,welch_hann_2048_overlap_1024_fs_44100,digital_amplitude_squared_per_hz,2.279985990932029e-09,1098.193359375,1.6316240856779497e-09,1335.05859375,1.1948649552190472e-08,2260.986328125
2025.06.11_0.3_2,index=10.3.15E+05,36,36.0,1,315466.1173,315466.1173_src-index=10.3.15E+05_chunk-0036.npy,368978.105,0.854972457783098,welch_hann_2048_overlap_1024_fs_44100,digital_amplitude_squared_per_hz,2.350149278781906e-11,1055.126953125,1.1235829869275166e-11,1356.591796875,1.6749664422059395e-11,2304.052734375
2025.06.11_0.3_2,index=10.3.15E+05,37,37.0,1,315466.1173,315466.1173_src-index=10.3.15E+05_chunk-0037.npy,368978.105,0.854972457783098,welch_hann_2048_overlap_1024_fs_44100,digital_amplitude_squared_per_hz,1.2810440733744133e-09,1098.193359375,9.910192886658775e-10,1335.05859375,4.5349415292417505e-09,2260.986328125
2025.06.11_0.3_2,index=10.3.15E+05,38,38.0,1,315466.1173,315466.1173_src-index=10.3.15E+05_chunk-0038.npy,368978.105,0.854972457783098,welch_hann_2048_overlap_1024_fs_44100,digital_amplitude_squared_per_hz,1.9673116617625096e-09,1098.193359375,1.5675276461213759e-09,1335.05859375,9.02110803644806e-09,2260.986328125
2025.06.11_0.3_2,index=10.3.15E+05,39,39.0,1,315466.1173,315466.1173_src-index=10.3.15E+05_chunk-0039.npy,368978.105,0.854972457783098,welch_hann_2048_overlap_1024_fs_44100,digital_amplitude_squared_per_hz,4.194652551425997e-09,1098.193359375,2.376706125882857e-09,1335.05859375,1.8617975398316824e-08,2260.986328125
2025.06.11_0.3_2,index=10.3.15E+05,40,40.0,1,315466.1173,315466.1173_src-index=10.3.15E+05_chunk-0040.npy,368978.105,0.854972457783098,welch_hann_2048_overlap_1024_fs_44100,digital_amplitude_squared_per_hz,2.9972530586315465e-09,1098.193359375,2.3014071625967602e-09,1335.05859375,1.090268977818427e-08,2282.51953125
2025.06.11_0.3_2,index=10.3.15E+05,41,41.0,1,315466.1173,315466.1173_src-index=10.3.15E+05_chunk-0041.npy,368978.105,0.854972457783098,welch_hann_2048_overlap_1024_fs_44100,digital_amplitude_squared_per_hz,1.8868941608641364e-09,1098.193359375,1.515785848864896e-09,1335.05859375,8.897115233733395e-09,2260.986328125
2025.06.11_0.3_2,index=10.3.15E+05,42,42.0,1,315466.1173,315466.1173_src-index=10.3.15E+05_chunk-0042.npy,368978.105,0.854972457783098,welch_hann_2048_overlap_1024_fs_44100,digital_amplitude_squared_per_hz,1.875565340123636e-09,1098.193359375,1.484391618843089e-09,1335.05859375,1.2201457431827954e-08,2282.51953125
2025.06.11_0.3_2,index=10.3.15E+05,43,43.0,1,315466.1173,315466.1173_src-index=10.3.15E+05_chunk-0043.npy,368978.105,0.854972457783098,welch_hann_2048_overlap_1024_fs_44100,digital_amplitude_squared_per_hz,9.278113773780319e-10,1098.193359375,7.007357218196268e-10,1335.05859375,4.184174682398299e-09,2260.986328125
2025.06.11_0.3_2,index=10.3.15E+05,44,44.0,1,315466.1173,315466.1173_src-index=10.3.15E+05_chunk-0044.npy,368978.105,0.854972457783098,welch_hann_2048_overlap_1024_fs_44100,digital_amplitude_squared_per_hz,1.6097609933541641e-09,1098.193359375,1.58064393666276e-09,1335.05859375,7.246322544857892e-09,2260.986328125
2025.06.11_0.3_2,index=10.3.15E+05,45,45.0,1,315466.1173,315466.1173_src-index=10.3.15E+05_chunk-0045.npy,368978.105,0.854972457783098,welch_hann_2048_overlap_1024_fs_44100,digital_amplitude_squared_per_hz,5.827566746921671e-09,1098.193359375,5.0046232721439855e-09,1335.05859375,2.9082764875077855e-08,2260.986328125
2025.06.11_0.3_2,index=10.3.15E+05,46,46.0,1,315466.1173,315466.1173_src-index=10.3.15E+05_chunk-0046.npy,368978.105,0.854972457783098,welch_hann_2048_overlap_1024_fs_44100,digital_amplitude_squared_per_hz,2.2075513148692456e-09,1098.193359375,1.3919801928918466e-09,1313.525390625,1.1764588002153948e-08,2239.453125
2025.06.11_0.3_2,index=10.3.15E+05,47,47.0,1,315466.1173,315466.1173_src-index=10.3.15E+05_chunk-0047.npy,368978.105,0.854972457783098,welch_hann_2048_overlap_1024_fs_44100,digital_amplitude_squared_per_hz,1.5302826860415425e-08,1098.193359375,1.0155058294584127e-08,1335.05859375,2.534790648584985e-08,2239.453125
2025.06.11_0.3_2,index=10.3.15E+05,48,48.0,1,315466.1173,315466.1173_src-index=10.3.15E+05_chunk-0048.npy,368978.105,0.854972457783098,welch_hann_2048_overlap_1024_fs_44100,digital_amplitude_squared_per_hz,3.808205915454622e-09,1098.193359375,2.822906683400284e-09,1335.05859375,1.0619165831375878e-08,2239.453125
2025.06.11_0.3_2,index=10.3.15E+05,49,49.0,1,315466.1173,315466.1173_src-index=10.3.15E+05_chunk-0049.npy,368978.105,0.854972457783098,welch_hann_2048_overlap_1024_fs_44100,digital_amplitude_squared_per_hz,1.0019470902349534e-08,1098.193359375,7.281043742327855e-09,1335.05859375,3.564705961613607e-08,2260.986328125
2025.06.11_0.3_2,index=10.3.15E+05,50,50.0,1,315466.1173,315466.1173_src-index=10.3.15E+05_chunk-0050.npy,368978.105,0.854972457783098,welch_hann_2048_overlap_1024_fs_44100,digital_amplitude_squared_per_hz,5.4110080450899946e-09,1098.193359375,4.486425352761508e-09,1335.05859375,2.5635654094987417e-08,2260.986328125
2025.06.11_0.3_2,index=10.3.15E+05,51,51.0,1,315466.1173,315466.1173_src-index=10.3.15E+05_chunk-0051.npy,368978.105,0.854972457783098,welch_hann_2048_overlap_1024_fs_44100,digital_amplitude_squared_per_hz,9.189013798538933e-09,1098.193359375,7.308993267630759e-09,1335.05859375,3.387420402984223e-08,2260.986328125
2025.06.11_0.3_2,index=10.3.15E+05,52,52.0,1,315466.1173,315466.1173_src-index=10.3.15E+05_chunk-0052.npy,368978.105,0.854972457783098,welch_hann_2048_overlap_1024_fs_44100,digital_amplitude_squared_per_hz,2.2124591888238897e-09,1076.66015625,1.8136918808943083e-09,1335.05859375,9.1308341862027e-09,2260.986328125
2025.06.11_0.3_2,index=10.3.15E+05,53,53.0,1,315466.1173,315466.1173_src-index=10.3.15E+05_chunk-0053.npy,368978.105,0.854972457783098,welch_hann_2048_overlap_1024_fs_44100,digital_amplitude_squared_per_hz,4.614476664847022e-11,1098.193359375,4.780576148659781e-11,1335.05859375,2.605136084662171e-10,2260.986328125
2025.06.11_0.3_2,index=10.3.15E+05,54,54.0,1,315466.1173,315466.1173_src-index=10.3.15E+05_chunk-0054.npy,368978.105,0.854972457783098,welch_hann_2048_overlap_1024_fs_44100,digital_amplitude_squared_per_hz,1.4156678353178898e-10,1098.193359375,1.248345920925866e-10,1335.05859375,1.5105442849549555e-09,2282.51953125
2025.06.11_0.3_2,index=10.3.15E+05,55,55.0,1,315466.1173,315466.1173_src-index=10.3.15E+05_chunk-0055.npy,368978.105,0.854972457783098,welch_hann_2048_overlap_1024_fs_44100,digital_amplitude_squared_per_hz,2.4921416739442133e-09,1098.193359375,2.125095981963585e-09,1335.05859375,9.32642551657358e-09,2239.453125
2025.06.11_0.3_2,index=10.3.15E+05,56,56.0,1,315466.1173,315466.1173_src-index=10.3.15E+05_chunk-0056.npy,368978.105,0.854972457783098,welch_hann_2048_overlap_1024_fs_44100,digital_amplitude_squared_per_hz,3.1555389982177303e-09,1098.193359375,2.4272854096324678e-09,1335.05859375,1.5187160795186203e-08,2260.986328125
2025.06.11_0.3_2,index=10.3.15E+05,57,57.0,1,315466.1173,315466.1173_src-index=10.3.15E+05_chunk-0057.npy,368978.105,0.854972457783098,welch_hann_2048_overlap_1024_fs_44100,digital_amplitude_squared_per_hz,8.731259195430892e-10,1098.193359375,1.0387979129631218e-09,1335.05859375,7.746087543405788e-09,2282.51953125
2025.06.11_0.3_2,index=10.3.15E+05,58,58.0,1,315466.1173,315466.1173_src-index=10.3.15E+05_chunk-0058.npy,368978.105,0.854972457783098,welch_hann_2048_overlap_1024_fs_44100,digital_amplitude_squared_per_hz,1.0112845851897337e-10,1098.193359375,1.1046022218002354e-10,1335.05859375,1.2189355959680003e-09,2282.51953125
2025.06.11_0.3_2,index=10.3.15E+05,59,59.0,1,315466.1173,315466.1173_src-index=10.3.15E+05_chunk-0059.npy,368978.105,0.854972457783098,welch_hann_2048_overlap_1024_fs_44100,digital_amplitude_squared_per_hz,1.8308393939750227e-10,1119.7265625,1.7473536090394126e-10,1335.05859375,1.4071348314937195e-09,2239.453125
2025.06.11_0.3_2,index=11.3.69E+05,0,0.0,1,368978.105,368978.105_src-index=11.3.69E+05_chunk-0000.npy,368978.105,1.0,welch_hann_2048_overlap_1024_fs_44100,digital_amplitude_squared_per_hz,9.430723104897542e-09,1098.193359375,9.847044628573568e-09,1335.05859375,7.313270595597175e-08,2282.51953125
2025.06.11_0.3_2,index=11.3.69E+05,1,1.0,1,368978.105,368978.105_src-index=11.3.69E+05_chunk-0001.npy,368978.105,1.0,welch_hann_2048_overlap_1024_fs_44100,digital_amplitude_squared_per_hz,5.560711801928934e-09,1098.193359375,5.656454853715369e-09,1335.05859375,5.24384185743678e-08,2217.919921875
2025.06.11_0.3_2,index=11.3.69E+05,2,2.0,1,368978.105,368978.105_src-index=11.3.69E+05_chunk-0002.npy,368978.105,1.0,welch_hann_2048_overlap_1024_fs_44100,digital_amplitude_squared_per_hz,1.8293121977333534e-08,1098.193359375,1.9403547412795e-08,1335.05859375,1.1102233315459367e-07,2260.986328125
2025.06.11_0.3_2,index=11.3.69E+05,3,3.0,1,368978.105,368978.105_src-index=11.3.69E+05_chunk-0003.npy,368978.105,1.0,welch_hann_2048_overlap_1024_fs_44100,digital_amplitude_squared_per_hz,1.8645138482002206e-08,1098.193359375,1.5483179910423935e-08,1335.05859375,7.974537174965967e-08,2239.453125
2025.06.11_0.3_2,index=11.3.69E+05,4,4.0,1,368978.105,368978.105_src-index=11.3.69E+05_chunk-0004.npy,368978.105,1.0,welch_hann_2048_overlap_1024_fs_44100,digital_amplitude_squared_per_hz,2.0464949663017467e-08,1098.193359375,1.5909208462714886e-08,1335.05859375,8.864097686034605e-08,2260.986328125
2025.06.11_0.3_2,index=11.3.69E+05,5,5.0,1,368978.105,368978.105_src-index=11.3.69E+05_chunk-0005.npy,368978.105,1.0,welch_hann_2048_overlap_1024_fs_44100,digital_amplitude_squared_per_hz,2.409617626207884e-08,1098.193359375,2.7288373532751807e-08,1335.05859375,9.497706801170533e-08,2282.51953125
2025.06.11_0.3_2,index=11.3.69E+05,6,6.0,1,368978.105,368978.105_src-index=11.3.69E+05_chunk-0006.npy,368978.105,1.0,welch_hann_2048_overlap_1024_fs_44100,digital_amplitude_squared_per_hz,2.5269260462458677e-08,1098.193359375,3.0816896563969376e-08,1335.05859375,1.2014259830884295e-07,2260.986328125
2025.06.11_0.3_2,index=11.3.69E+05,7,7.0,1,368978.105,368978.105_src-index=11.3.69E+05_chunk-0007.npy,368978.105,1.0,welch_hann_2048_overlap_1024_fs_44100,digital_amplitude_squared_per_hz,1.4518750351172896e-08,882.861328125,9.419883069382082e-09,1335.05859375,8.440077923304118e-08,2260.986328125
2025.06.11_0.3_2,index=11.3.69E+05,8,8.0,1,368978.105,368978.105_src-index=11.3.69E+05_chunk-0008.npy,368978.105,1.0,welch_hann_2048_overlap_1024_fs_44100,digital_amplitude_squared_per_hz,1.80050453193628e-08,1098.193359375,1.4260617564347635e-08,1335.05859375,8.227109769883448e-08,2217.919921875
2025.06.11_0.3_2,index=11.3.69E+05,9,9.0,1,368978.105,368978.105_src-index=11.3.69E+05_chunk-0009.npy,368978.105,1.0,welch_hann_2048_overlap_1024_fs_44100,digital_amplitude_squared_per_hz,1.0221079246855237e-08,1098.193359375,1.038174159398767e-08,1335.05859375,6.049785387361664e-08,2260.986328125
2025.06.11_0.3_2,index=11.3.69E+05,10,10.0,1,368978.105,368978.105_src-index=11.3.69E+05_chunk-0010.npy,368978.105,1.0,welch_hann_2048_overlap_1024_fs_44100,digital_amplitude_squared_per_hz,2.326872832591827e-09,1076.66015625,2.2611441438745696e-09,1335.05859375,2.579171022853392e-08,2260.986328125
2025.06.11_0.3_2,index=11.3.69E+05,11,11.0,1,368978.105,368978.105_src-index=11.3.69E+05_chunk-0011.npy,368978.105,1.0,welch_hann_2048_overlap_1024_fs_44100,digital_amplitude_squared_per_hz,1.9830924107745502e-08,1098.193359375,1.57091952035014e-08,1335.05859375,8.63149338134491e-08,2239.453125
2025.06.11_0.3_2,index=11.3.69E+05,12,12.0,1,368978.105,368978.105_src-index=11.3.69E+05_chunk-0012.npy,368978.105,1.0,welch_hann_2048_overlap_1024_fs_44100,digital_amplitude_squared_per_hz,5.345193541384796e-09,1098.193359375,4.5293454583844355e-09,1335.05859375,4.7503562628173596e-08,2260.986328125
2025.06.11_0.3_2,index=11.3.69E+05,13,13.0,1,368978.105,368978.105_src-index=11.3.69E+05_chunk-0013.npy,368978.105,1.0,welch_hann_2048_overlap_1024_fs_44100,digital_amplitude_squared_per_hz,2.587090825188413e-09,1098.193359375,2.381485938800446e-09,1335.05859375,3.043074649947463e-08,2282.51953125
2025.06.11_0.3_2,index=11.3.69E+05,14,14.0,1,368978.105,368978.105_src-index=11.3.69E+05_chunk-0014.npy,368978.105,1.0,welch_hann_2048_overlap_1024_fs_44100,digital_amplitude_squared_per_hz,4.040790772857126e-09,1098.193359375,3.740639471172466e-09,1335.05859375,2.4351751719648654e-08,2239.453125
2025.06.11_0.3_2,index=11.3.69E+05,15,15.0,1,368978.105,368978.105_src-index=11.3.69E+05_chunk-0015.npy,368978.105,1.0,welch_hann_2048_overlap_1024_fs_44100,digital_amplitude_squared_per_hz,6.179967647532101e-09,1098.193359375,7.629074288968578e-09,1335.05859375,4.16307163549047e-08,2239.453125
2025.06.11_0.3_2,index=11.3.69E+05,16,16.0,1,368978.105,368978.105_src-index=11.3.69E+05_chunk-0016.npy,368978.105,1.0,welch_hann_2048_overlap_1024_fs_44100,digital_amplitude_squared_per_hz,1.6455191951380364e-08,1098.193359375,1.3087615985245227e-08,1335.05859375,8.727789775126125e-08,2260.986328125
2025.06.11_0.3_2,index=11.3.69E+05,17,17.0,1,368978.105,368978.105_src-index=11.3.69E+05_chunk-0017.npy,368978.105,1.0,welch_hann_2048_overlap_1024_fs_44100,digital_amplitude_squared_per_hz,7.632494801515827e-09,1098.193359375,7.592712396752363e-09,1335.05859375,5.6485638461368686e-08,2282.51953125
2025.06.11_0.3_2,index=11.3.69E+05,18,18.0,1,368978.105,368978.105_src-index=11.3.69E+05_chunk-0018.npy,368978.105,1.0,welch_hann_2048_overlap_1024_fs_44100,digital_amplitude_squared_per_hz,1.3420075505781411e-08,1076.66015625,1.1298408161407678e-08,1356.591796875,7.517697519455428e-08,2260.986328125
2025.06.11_0.3_2,index=11.3.69E+05,19,19.0,1,368978.105,368978.105_src-index=11.3.69E+05_chunk-0019.npy,368978.105,1.0,welch_hann_2048_overlap_1024_fs_44100,digital_amplitude_squared_per_hz,1.1603433784176386e-08,1098.193359375,1.3284766574867051e-08,1335.05859375,6.203567389247518e-08,2239.453125
2025.06.11_0.3_2,index=11.3.69E+05,20,20.0,1,368978.105,368978.105_src-index=11.3.69E+05_chunk-0020.npy,368978.105,1.0,welch_hann_2048_overlap_1024_fs_44100,digital_amplitude_squared_per_hz,1.1193234870900286e-08,1098.193359375,8.89064359460152e-09,1335.05859375,8.011038320015167e-08,2260.986328125
2025.06.11_0.3_2,index=11.3.69E+05,21,21.0,1,368978.105,368978.105_src-index=11.3.69E+05_chunk-0021.npy,368978.105,1.0,welch_hann_2048_overlap_1024_fs_44100,digital_amplitude_squared_per_hz,7.261165061689203e-09,1098.193359375,6.539476608307249e-09,1335.05859375,4.489119347481287e-08,2239.453125
2025.06.11_0.3_2,index=11.3.69E+05,22,22.0,1,368978.105,368978.105_src-index=11.3.69E+05_chunk-0022.npy,368978.105,1.0,welch_hann_2048_overlap_1024_fs_44100,digital_amplitude_squared_per_hz,8.160601163520372e-09,1098.193359375,7.248980479968658e-09,1335.05859375,5.418562310726281e-08,2282.51953125
2025.06.11_0.3_2,index=11.3.69E+05,23,23.0,1,368978.105,368978.105_src-index=11.3.69E+05_chunk-0023.npy,368978.105,1.0,welch_hann_2048_overlap_1024_fs_44100,digital_amplitude_squared_per_hz,1.0387320696764389e-08,1098.193359375,1.0888136505296186e-08,1335.05859375,8.776953489086173e-08,2239.453125
2025.06.11_0.3_2,index=11.3.69E+05,24,24.0,1,368978.105,368978.105_src-index=11.3.69E+05_chunk-0024.npy,368978.105,1.0,welch_hann_2048_overlap_1024_fs_44100,digital_amplitude_squared_per_hz,4.643412359465192e-09,1098.193359375,4.674610830974632e-09,1335.05859375,3.7224592350413043e-08,2282.51953125
2025.06.11_0.3_2,index=11.3.69E+05,25,25.0,1,368978.105,368978.105_src-index=11.3.69E+05_chunk-0025.npy,368978.105,1.0,welch_hann_2048_overlap_1024_fs_44100,digital_amplitude_squared_per_hz,1.1846772082541258e-08,1098.193359375,7.403307510022217e-09,1335.05859375,7.443468499605043e-08,2260.986328125
2025.06.11_0.3_2,index=11.3.69E+05,26,26.0,1,368978.105,368978.105_src-index=11.3.69E+05_chunk-0026.npy,368978.105,1.0,welch_hann_2048_overlap_1024_fs_44100,digital_amplitude_squared_per_hz,7.0599178088160375e-09,1098.193359375,1.0016391748208335e-08,1335.05859375,6.006643127901863e-08,2239.453125
2025.06.11_0.3_2,index=11.3.69E+05,27,27.0,1,368978.105,368978.105_src-index=11.3.69E+05_chunk-0027.npy,368978.105,1.0,welch_hann_2048_overlap_1024_fs_44100,digital_amplitude_squared_per_hz,1.3766835971057658e-08,1098.193359375,8.313588985400483e-09,1335.05859375,6.86933962729835e-08,2239.453125
2025.06.11_0.3_2,index=11.3.69E+05,28,28.0,1,368978.105,368978.105_src-index=11.3.69E+05_chunk-0028.npy,368978.105,1.0,welch_hann_2048_overlap_1024_fs_44100,digital_amplitude_squared_per_hz,1.1249080753418913e-08,1098.193359375,8.322316178151616e-09,1335.05859375,8.338880010917747e-08,2260.986328125
2025.06.11_0.3_2,index=11.3.69E+05,29,29.0,1,368978.105,368978.105_src-index=11.3.69E+05_chunk-0029.npy,368978.105,1.0,welch_hann_2048_overlap_1024_fs_44100,digital_amplitude_squared_per_hz,1.8240845321631213e-08,1098.193359375,1.5389934258285756e-08,1335.05859375,7.669523954143327e-08,2260.986328125
2025.06.11_0.3_2,index=11.3.69E+05,30,30.0,1,368978.105,368978.105_src-index=11.3.69E+05_chunk-0030.npy,368978.105,1.0,welch_hann_2048_overlap_1024_fs_44100,digital_amplitude_squared_per_hz,8.1223612399995e-09,882.861328125,8.915667963778028e-09,1335.05859375,6.349775846601115e-08,2282.51953125
2025.06.11_0.3_2,index=11.3.69E+05,31,31.0,1,368978.105,368978.105_src-index=11.3.69E+05_chunk-0031.npy,368978.105,1.0,welch_hann_2048_overlap_1024_fs_44100,digital_amplitude_squared_per_hz,2.080167767104264e-08,1098.193359375,1.2557390509117305e-08,1335.05859375,1.1695317638073895e-07,2239.453125
2025.06.11_0.3_2,index=11.3.69E+05,32,32.0,1,368978.105,368978.105_src-index=11.3.69E+05_chunk-0032.npy,368978.105,1.0,welch_hann_2048_overlap_1024_fs_44100,digital_amplitude_squared_per_hz,8.359675593551503e-09,1098.193359375,5.355641036398861e-09,1335.05859375,5.4224419997208204e-08,2260.986328125
2025.06.11_0.3_2,index=11.3.69E+05,33,33.0,1,368978.105,368978.105_src-index=11.3.69E+05_chunk-0033.npy,368978.105,1.0,welch_hann_2048_overlap_1024_fs_44100,digital_amplitude_squared_per_hz,1.3506261807848157e-08,1098.193359375,1.0088689392111018e-08,1335.05859375,7.074146727760667e-08,2260.986328125
2025.06.11_0.3_2,index=11.3.69E+05,34,34.0,1,368978.105,368978.105_src-index=11.3.69E+05_chunk-0034.npy,368978.105,1.0,welch_hann_2048_overlap_1024_fs_44100,digital_amplitude_squared_per_hz,1.584646713448312e-08,1098.193359375,1.347963754070839e-08,1335.05859375,8.443917596116797e-08,2260.986328125
2025.06.11_0.3_2,index=11.3.69E+05,35,35.0,1,368978.105,368978.105_src-index=11.3.69E+05_chunk-0035.npy,368978.105,1.0,welch_hann_2048_overlap_1024_fs_44100,digital_amplitude_squared_per_hz,6.434781954768698e-09,1098.193359375,4.248845777792965e-09,1335.05859375,7.002651432096195e-08,2282.51953125
2025.06.11_0.3_2,index=11.3.69E+05,36,36.0,1,368978.105,368978.105_src-index=11.3.69E+05_chunk-0036.npy,368978.105,1.0,welch_hann_2048_overlap_1024_fs_44100,digital_amplitude_squared_per_hz,1.1291275742570564e-08,1098.193359375,7.265473997770368e-09,1335.05859375,5.773656235448789e-08,2260.986328125
2025.06.11_0.3_2,index=11.3.69E+05,37,37.0,1,368978.105,368978.105_src-index=11.3.69E+05_chunk-0037.npy,368978.105,1.0,welch_hann_2048_overlap_1024_fs_44100,digital_amplitude_squared_per_hz,1.632181734959605e-08,1098.193359375,1.6714077287461785e-08,1335.05859375,9.611745589172411e-08,2260.986328125
2025.06.11_0.3_2,index=11.3.69E+05,38,38.0,1,368978.105,368978.105_src-index=11.3.69E+05_chunk-0038.npy,368978.105,1.0,welch_hann_2048_overlap_1024_fs_44100,digital_amplitude_squared_per_hz,1.402514488857886e-08,1098.193359375,8.634999798841976e-09,1335.05859375,7.62212889783364e-08,2282.51953125
2025.06.11_0.3_2,index=11.3.69E+05,39,39.0,1,368978.105,368978.105_src-index=11.3.69E+05_chunk-0039.npy,368978.105,1.0,welch_hann_2048_overlap_1024_fs_44100,digital_amplitude_squared_per_hz,7.388489074883035e-09,1098.193359375,6.465992999873063e-09,1335.05859375,5.728525956714977e-08,2260.986328125
2025.06.11_0.3_2,index=11.3.69E+05,40,40.0,1,368978.105,368978.105_src-index=11.3.69E+05_chunk-0040.npy,368978.105,1.0,welch_hann_2048_overlap_1024_fs_44100,digital_amplitude_squared_per_hz,8.989977438365506e-09,1098.193359375,9.579219108313762e-09,1335.05859375,6.309064826354255e-08,2260.986328125
2025.06.11_0.3_2,index=11.3.69E+05,41,41.0,1,368978.105,368978.105_src-index=11.3.69E+05_chunk-0041.npy,368978.105,1.0,welch_hann_2048_overlap_1024_fs_44100,digital_amplitude_squared_per_hz,4.303965823454858e-09,1076.66015625,4.590827506704914e-09,1335.05859375,5.075149019760653e-08,2282.51953125
2025.06.11_0.3_2,index=11.3.69E+05,42,42.0,1,368978.105,368978.105_src-index=11.3.69E+05_chunk-0042.npy,368978.105,1.0,welch_hann_2048_overlap_1024_fs_44100,digital_amplitude_squared_per_hz,7.254811936556875e-09,1098.193359375,5.094683654530078e-09,1335.05859375,4.2555250734132726e-08,2282.51953125
2025.06.11_0.3_2,index=11.3.69E+05,43,43.0,1,368978.105,368978.105_src-index=11.3.69E+05_chunk-0043.npy,368978.105,1.0,welch_hann_2048_overlap_1024_fs_44100,digital_amplitude_squared_per_hz,5.208670065734204e-09,1098.193359375,3.3439316645409565e-09,1335.05859375,2.361494073834616e-08,2282.51953125
2025.06.11_0.3_2,index=11.3.69E+05,44,44.0,1,368978.105,368978.105_src-index=11.3.69E+05_chunk-0044.npy,368978.105,1.0,welch_hann_2048_overlap_1024_fs_44100,digital_amplitude_squared_per_hz,4.40044715429172e-09,1098.193359375,2.452215933065019e-09,1335.05859375,2.464502191002169e-08,2260.986328125
2025.06.11_0.3_2,index=11.3.69E+05,45,45.0,1,368978.105,368978.105_src-index=11.3.69E+05_chunk-0045.npy,368978.105,1.0,welch_hann_2048_overlap_1024_fs_44100,digital_amplitude_squared_per_hz,4.414340125806769e-09,1098.193359375,3.5905035603177533e-09,1335.05859375,3.6117782340318584e-08,2260.986328125
2025.06.11_0.3_2,index=11.3.69E+05,46,46.0,1,368978.105,368978.105_src-index=11.3.69E+05_chunk-0046.npy,368978.105,1.0,welch_hann_2048_overlap_1024_fs_44100,digital_amplitude_squared_per_hz,5.5992028112672376e-09,1076.66015625,5.1459264157559485e-09,1313.525390625,6.422648805231171e-08,2260.986328125
2025.06.11_0.3_2,index=11.3.69E+05,47,47.0,1,368978.105,368978.105_src-index=11.3.69E+05_chunk-0047.npy,368978.105,1.0,welch_hann_2048_overlap_1024_fs_44100,digital_amplitude_squared_per_hz,7.017535430228344e-09,1098.193359375,5.3668887096150625e-09,1313.525390625,5.267337404363181e-08,2260.986328125
2025.06.11_0.3_2,index=11.3.69E+05,48,48.0,1,368978.105,368978.105_src-index=11.3.69E+05_chunk-0048.npy,368978.105,1.0,welch_hann_2048_overlap_1024_fs_44100,digital_amplitude_squared_per_hz,2.0639814562994516e-09,1098.193359375,3.9092721550723356e-09,1335.05859375,3.918127871094506e-08,2260.986328125
2025.06.11_0.3_2,index=11.3.69E+05,49,49.0,1,368978.105,368978.105_src-index=11.3.69E+05_chunk-0049.npy,368978.105,1.0,welch_hann_2048_overlap_1024_fs_44100,digital_amplitude_squared_per_hz,1.4974265447194986e-09,1098.193359375,1.6157933797752e-09,1335.05859375,1.9041402655504832e-08,2260.986328125
2025.06.11_0.3_2,index=11.3.69E+05,50,50.0,1,368978.105,368978.105_src-index=11.3.69E+05_chunk-0050.npy,368978.105,1.0,welch_hann_2048_overlap_1024_fs_44100,digital_amplitude_squared_per_hz,5.250718261817884e-10,1119.7265625,5.953802425988343e-10,1335.05859375,7.953158157659416e-09,2260.986328125
2025.06.11_0.3_2,index=11.3.69E+05,51,51.0,1,368978.105,368978.105_src-index=11.3.69E+05_chunk-0051.npy,368978.105,1.0,welch_hann_2048_overlap_1024_fs_44100,digital_amplitude_squared_per_hz,1.8030241558853513e-09,1098.193359375,2.466163278904144e-09,1335.05859375,2.5603411424203864e-08,2260.986328125
2025.06.11_0.3_2,index=11.3.69E+05,52,52.0,1,368978.105,368978.105_src-index=11.3.69E+05_chunk-0052.npy,368978.105,1.0,welch_hann_2048_overlap_1024_fs_44100,digital_amplitude_squared_per_hz,5.073125676222759e-09,1076.66015625,5.0534469040040645e-09,1335.05859375,5.887775281064698e-08,2282.51953125
2025.06.11_0.3_2,index=11.3.69E+05,53,53.0,1,368978.105,368978.105_src-index=11.3.69E+05_chunk-0053.npy,368978.105,1.0,welch_hann_2048_overlap_1024_fs_44100,digital_amplitude_squared_per_hz,3.0701453489928926e-08,1076.66015625,3.252667510651468e-08,1335.05859375,1.0274446505376714e-07,2282.51953125
2025.06.11_0.3_2,index=11.3.69E+05,54,54.0,1,368978.105,368978.105_src-index=11.3.69E+05_chunk-0054.npy,368978.105,1.0,welch_hann_2048_overlap_1024_fs_44100,digital_amplitude_squared_per_hz,1.0913394299494106e-08,1098.193359375,8.325548865794366e-09,1335.05859375,4.9016429346365994e-08,2260.986328125
2025.06.11_0.3_2,index=11.3.69E+05,55,55.0,1,368978.105,368978.105_src-index=11.3.69E+05_chunk-0055.npy,368978.105,1.0,welch_hann_2048_overlap_1024_fs_44100,digital_amplitude_squared_per_hz,6.9718669443311486e-09,1076.66015625,4.72213370229056e-09,1335.05859375,3.172952845700251e-08,2239.453125
2025.06.11_0.3_2,index=11.3.69E+05,56,56.0,1,368978.105,368978.105_src-index=11.3.69E+05_chunk-0056.npy,368978.105,1.0,welch_hann_2048_overlap_1024_fs_44100,digital_amplitude_squared_per_hz,1.4020815285404083e-09,1098.193359375,1.85299541316413e-09,1313.525390625,2.007454180258101e-08,2260.986328125
2025.06.11_0.3_2,index=11.3.69E+05,57,57.0,1,368978.105,368978.105_src-index=11.3.69E+05_chunk-0057.npy,368978.105,1.0,welch_hann_2048_overlap_1024_fs_44100,digital_amplitude_squared_per_hz,2.505658963178163e-09,1076.66015625,2.3732785044684034e-09,1335.05859375,2.9281660901989273e-08,2282.51953125
2025.06.11_0.3_2,index=11.3.69E+05,58,58.0,1,368978.105,368978.105_src-index=11.3.69E+05_chunk-0058.npy,368978.105,1.0,welch_hann_2048_overlap_1024_fs_44100,digital_amplitude_squared_per_hz,3.6974841460615355e-09,1076.66015625,3.098385691099302e-09,1335.05859375,1.8892977864536574e-08,2282.51953125
2025.06.11_0.3_2,index=11.3.69E+05,59,59.0,1,368978.105,368978.105_src-index=11.3.69E+05_chunk-0059.npy,368978.105,1.0,welch_hann_2048_overlap_1024_fs_44100,digital_amplitude_squared_per_hz,1.7977123818708001e-09,1098.193359375,1.4088462353195225e-09,1335.05859375,1.994118617581464e-08,2260.986328125
2025.06.11_0.3_2,index=12.4.27E+05,0,0.0,1,427276.195,427276.195_src-index=12.4.27E+05_chunk-0000.npy,368978.105,1.1579987788164288,welch_hann_2048_overlap_1024_fs_44100,digital_amplitude_squared_per_hz,3.456238793779111e-08,1076.66015625,3.1261007359114564e-08,1335.05859375,1.4097038363108215e-07,2217.919921875
2025.06.11_0.3_2,index=12.4.27E+05,1,1.0,1,427276.195,427276.195_src-index=12.4.27E+05_chunk-0001.npy,368978.105,1.1579987788164288,welch_hann_2048_overlap_1024_fs_44100,digital_amplitude_squared_per_hz,5.262640177447733e-08,1098.193359375,3.9385883230363155e-08,1335.05859375,2.0906080841816822e-07,2260.986328125
2025.06.11_0.3_2,index=12.4.27E+05,2,2.0,1,427276.195,427276.195_src-index=12.4.27E+05_chunk-0002.npy,368978.105,1.1579987788164288,welch_hann_2048_overlap_1024_fs_44100,digital_amplitude_squared_per_hz,4.1628454763054746e-08,1076.66015625,4.179036098769396e-08,1335.05859375,2.062153848697739e-07,2282.51953125
2025.06.11_0.3_2,index=12.4.27E+05,3,3.0,1,427276.195,427276.195_src-index=12.4.27E+05_chunk-0003.npy,368978.105,1.1579987788164288,welch_hann_2048_overlap_1024_fs_44100,digital_amplitude_squared_per_hz,4.335222365856941e-08,1098.193359375,3.241094463014117e-08,1335.05859375,1.7805821333688557e-07,2239.453125
2025.06.11_0.3_2,index=12.4.27E+05,4,4.0,1,427276.195,427276.195_src-index=12.4.27E+05_chunk-0004.npy,368978.105,1.1579987788164288,welch_hann_2048_overlap_1024_fs_44100,digital_amplitude_squared_per_hz,3.0926903635655784e-08,1076.66015625,2.4917662568602994e-08,1335.05859375,1.4524689952316768e-07,2260.986328125
2025.06.11_0.3_2,index=12.4.27E+05,5,5.0,1,427276.195,427276.195_src-index=12.4.27E+05_chunk-0005.npy,368978.105,1.1579987788164288,welch_hann_2048_overlap_1024_fs_44100,digital_amplitude_squared_per_hz,5.12106139381417e-08,1098.193359375,4.724732136822537e-08,1335.05859375,1.8066113926306372e-07,2260.986328125
2025.06.11_0.3_2,index=12.4.27E+05,6,6.0,1,427276.195,427276.195_src-index=12.4.27E+05_chunk-0006.npy,368978.105,1.1579987788164288,welch_hann_2048_overlap_1024_fs_44100,digital_amplitude_squared_per_hz,8.42408413400002e-08,882.861328125,8.866542410689731e-08,1335.05859375,2.635293944023266e-07,2282.51953125
2025.06.11_0.3_2,index=12.4.27E+05,7,7.0,1,427276.195,427276.195_src-index=12.4.27E+05_chunk-0007.npy,368978.105,1.1579987788164288,welch_hann_2048_overlap_1024_fs_44100,digital_amplitude_squared_per_hz,3.343127163704506e-08,1098.193359375,3.560174165859084e-08,1335.05859375,1.395835562837752e-07,2239.453125
2025.06.11_0.3_2,index=12.4.27E+05,8,8.0,1,427276.195,427276.195_src-index=12.4.27E+05_chunk-0008.npy,368978.105,1.1579987788164288,welch_hann_2048_overlap_1024_fs_44100,digital_amplitude_squared_per_hz,4.245559847073623e-08,1098.193359375,3.197444307587836e-08,1335.05859375,1.6581332550064398e-07,2282.51953125
2025.06.11_0.3_2,index=12.4.27E+05,9,9.0,1,427276.195,427276.195_src-index=12.4.27E+05_chunk-0009.npy,368978.105,1.1579987788164288,welch_hann_2048_overlap_1024_fs_44100,digital_amplitude_squared_per_hz,3.274774695576517e-08,1076.66015625,4.028187865138494e-08,1335.05859375,2.0940321591724592e-07,2260.986328125
2025.06.11_0.3_2,index=12.4.27E+05,10,10.0,1,427276.195,427276.195_src-index=12.4.27E+05_chunk-0010.npy,368978.105,1.1579987788164288,welch_hann_2048_overlap_1024_fs_44100,digital_amplitude_squared_per_hz,2.0416941297990358e-08,1098.193359375,2.0939977930896677e-08,1335.05859375,1.3980298710897733e-07,2282.51953125
2025.06.11_0.3_2,index=12.4.27E+05,11,11.0,1,427276.195,427276.195_src-index=12.4.27E+05_chunk-0011.npy,368978.105,1.1579987788164288,welch_hann_2048_overlap_1024_fs_44100,digital_amplitude_squared_per_hz,3.8263788805668923e-08,1098.193359375,3.210855518202042e-08,1335.05859375,1.665761452722122e-07,2282.51953125
2025.06.11_0.3_2,index=12.4.27E+05,12,12.0,1,427276.195,427276.195_src-index=12.4.27E+05_chunk-0012.npy,368978.105,1.1579987788164288,welch_hann_2048_overlap_1024_fs_44100,digital_amplitude_squared_per_hz,5.312838959971953e-08,1098.193359375,4.5044602491519775e-08,1356.591796875,2.143250609550958e-07,2217.919921875
2025.06.11_0.3_2,index=12.4.27E+05,13,13.0,1,427276.195,427276.195_src-index=12.4.27E+05_chunk-0013.npy,368978.105,1.1579987788164288,welch_hann_2048_overlap_1024_fs_44100,digital_amplitude_squared_per_hz,6.320720750084553e-08,1098.193359375,5.198497888779378e-08,1335.05859375,1.8303497622236493e-07,2282.51953125
2025.06.11_0.3_2,index=12.4.27E+05,14,14.0,1,427276.195,427276.195_src-index=12.4.27E+05_chunk-0014.npy,368978.105,1.1579987788164288,welch_hann_2048_overlap_1024_fs_44100,digital_amplitude_squared_per_hz,2.787264985895375e-08,1076.66015625,3.17762367666619e-08,1335.05859375,1.6678371024025036e-07,2260.986328125
2025.06.11_0.3_2,index=12.4.27E+05,15,15.0,1,427276.195,427276.195_src-index=12.4.27E+05_chunk-0015.npy,368978.105,1.1579987788164288,welch_hann_2048_overlap_1024_fs_44100,digital_amplitude_squared_per_hz,6.818941169373016e-08,1098.193359375,6.565225961254826e-08,1335.05859375,2.1918385780090374e-07,2282.51953125
2025.06.11_0.3_2,index=12.4.27E+05,16,16.0,1,427276.195,427276.195_src-index=12.4.27E+05_chunk-0016.npy,368978.105,1.1579987788164288,welch_hann_2048_overlap_1024_fs_44100,digital_amplitude_squared_per_hz,6.159066796485176e-08,1076.66015625,5.466267138167349e-08,1335.05859375,2.9497995647175226e-07,2260.986328125
2025.06.11_0.3_2,index=12.4.27E+05,17,17.0,1,427276.195,427276.195_src-index=12.4.27E+05_chunk-0017.npy,368978.105,1.1579987788164288,welch_hann_2048_overlap_1024_fs_44100,digital_amplitude_squared_per_hz,7.52908701053955e-08,1098.193359375,4.4949355604494286e-08,1335.05859375,2.4510824093575125e-07,2217.919921875
2025.06.11_0.3_2,index=12.4.27E+05,18,18.0,1,427276.195,427276.195_src-index=12.4.27E+05_chunk-0018.npy,368978.105,1.1579987788164288,welch_hann_2048_overlap_1024_fs_44100,digital_amplitude_squared_per_hz,7.321401953736343e-08,1098.193359375,5.027783785897381e-08,1313.525390625,2.1356454226882176e-07,2260.986328125
2025.06.11_0.3_2,index=12.4.27E+05,19,19.0,1,427276.195,427276.195_src-index=12.4.27E+05_chunk-0019.npy,368978.105,1.1579987788164288,welch_hann_2048_overlap_1024_fs_44100,digital_amplitude_squared_per_hz,4.0411852325240783e-08,882.861328125,4.445307348725305e-08,1335.05859375,2.2651949642409075e-07,2217.919921875
2025.06.11_0.3_2,index=12.4.27E+05,20,20.0,1,427276.195,427276.195_src-index=12.4.27E+05_chunk-0020.npy,368978.105,1.1579987788164288,welch_hann_2048_overlap_1024_fs_44100,digital_amplitude_squared_per_hz,5.5740230295065855e-08,1098.193359375,4.94031592670205e-08,1335.05859375,2.3520382476830064e-07,2282.51953125
2025.06.11_0.3_2,index=12.4.27E+05,21,21.0,1,427276.195,427276.195_src-index=12.4.27E+05_chunk-0021.npy,368978.105,1.1579987788164288,welch_hann_2048_overlap_1024_fs_44100,digital_amplitude_squared_per_hz,6.227509705311709e-08,1098.193359375,4.7179926497032e-08,1335.05859375,2.556466918350304e-07,2239.453125
2025.06.11_0.3_2,index=12.4.27E+05,22,22.0,1,427276.195,427276.195_src-index=12.4.27E+05_chunk-0022.npy,368978.105,1.1579987788164288,welch_hann_2048_overlap_1024_fs_44100,digital_amplitude_squared_per_hz,1.042072041206884e-07,1098.193359375,7.488091233444337e-08,1335.05859375,3.055178959661064e-07,2282.51953125
2025.06.11_0.3_2,index=12.4.27E+05,23,23.0,1,427276.195,427276.195_src-index=12.4.27E+05_chunk-0023.npy,368978.105,1.1579987788164288,welch_hann_2048_overlap_1024_fs_44100,digital_amplitude_squared_per_hz,4.218779601622349e-08,1098.193359375,4.351329740972463e-08,1335.05859375,2.042244025891491e-07,2282.51953125
2025.06.11_0.3_2,index=12.4.27E+05,24,24.0,1,427276.195,427276.195_src-index=12.4.27E+05_chunk-0024.npy,368978.105,1.1579987788164288,welch_hann_2048_overlap_1024_fs_44100,digital_amplitude_squared_per_hz,5.5169696296800245e-08,1098.193359375,3.2326053866634615e-08,1335.05859375,2.0243906954147049e-07,2260.986328125
2025.06.11_0.3_2,index=12.4.27E+05,25,25.0,1,427276.195,427276.195_src-index=12.4.27E+05_chunk-0025.npy,368978.105,1.1579987788164288,welch_hann_2048_overlap_1024_fs_44100,digital_amplitude_squared_per_hz,7.26167740375462e-08,1098.193359375,4.912442537965829e-08,1335.05859375,2.1807600834029906e-07,2282.51953125
2025.06.11_0.3_2,index=12.4.27E+05,26,26.0,1,427276.195,427276.195_src-index=12.4.27E+05_chunk-0026.npy,368978.105,1.1579987788164288,welch_hann_2048_overlap_1024_fs_44100,digital_amplitude_squared_per_hz,3.476213853197884e-08,1098.193359375,3.274372930441022e-08,1335.05859375,1.5697023596454195e-07,2260.986328125
2025.06.11_0.3_2,index=12.4.27E+05,27,27.0,1,427276.195,427276.195_src-index=12.4.27E+05_chunk-0027.npy,368978.105,1.1579987788164288,welch_hann_2048_overlap_1024_fs_44100,digital_amplitude_squared_per_hz,4.376586124379744e-08,1098.193359375,3.5492237967214347e-08,1335.05859375,2.192912168665044e-07,2239.453125
2025.06.11_0.3_2,index=12.4.27E+05,28,28.0,1,427276.195,427276.195_src-index=12.4.27E+05_chunk-0028.npy,368978.105,1.1579987788164288,welch_hann_2048_overlap_1024_fs_44100,digital_amplitude_squared_per_hz,3.6121305495617305e-08,1098.193359375,2.574596888790742e-08,1335.05859375,1.4253303738788174e-07,2260.986328125
2025.06.11_0.3_2,index=12.4.27E+05,29,29.0,1,427276.195,427276.195_src-index=12.4.27E+05_chunk-0029.npy,368978.105,1.1579987788164288,welch_hann_2048_overlap_1024_fs_44100,digital_amplitude_squared_per_hz,4.19867476475797e-08,1098.193359375,2.824467149018981e-08,1335.05859375,1.7849258129250657e-07,2217.919921875
2025.06.11_0.3_2,index=12.4.27E+05,30,30.0,1,427276.195,427276.195_src-index=12.4.27E+05_chunk-0030.npy,368978.105,1.1579987788164288,welch_hann_2048_overlap_1024_fs_44100,digital_amplitude_squared_per_hz,3.593114806252082e-08,1098.193359375,2.896893692834195e-08,1335.05859375,1.7631020733661368e-07,2260.986328125
2025.06.11_0.3_2,index=12.4.27E+05,31,31.0,1,427276.195,427276.195_src-index=12.4.27E+05_chunk-0031.npy,368978.105,1.1579987788164288,welch_hann_2048_overlap_1024_fs_44100,digital_amplitude_squared_per_hz,3.5485338001504666e-08,1098.193359375,2.8567480060661877e-08,1335.05859375,1.7939078107554662e-07,2239.453125
2025.06.11_0.3_2,index=12.4.27E+05,32,32.0,1,427276.195,427276.195_src-index=12.4.27E+05_chunk-0032.npy,368978.105,1.1579987788164288,welch_hann_2048_overlap_1024_fs_44100,digital_amplitude_squared_per_hz,6.388074757837054e-08,1098.193359375,4.6991501682216996e-08,1335.05859375,2.5207479442389465e-07,2282.51953125
2025.06.11_0.3_2,index=12.4.27E+05,33,33.0,1,427276.195,427276.195_src-index=12.4.27E+05_chunk-0033.npy,368978.105,1.1579987788164288,welch_hann_2048_overlap_1024_fs_44100,digital_amplitude_squared_per_hz,7.201149686245212e-08,1098.193359375,5.134859579570353e-08,1335.05859375,2.976758819634009e-07,2239.453125
2025.06.11_0.3_2,index=12.4.27E+05,34,34.0,1,427276.195,427276.195_src-index=12.4.27E+05_chunk-0034.npy,368978.105,1.1579987788164288,welch_hann_2048_overlap_1024_fs_44100,digital_amplitude_squared_per_hz,1.0302004666350335e-07,1098.193359375,6.207754087848423e-08,1335.05859375,2.224129657204148e-07,2260.986328125
2025.06.11_0.3_2,index=12.4.27E+05,35,35.0,1,427276.195,427276.195_src-index=12.4.27E+05_chunk-0035.npy,368978.105,1.1579987788164288,welch_hann_2048_overlap_1024_fs_44100,digital_amplitude_squared_per_hz,4.413842492193338e-08,1098.193359375,3.766494108473689e-08,1335.05859375,1.527955400048579e-07,2239.453125
2025.06.11_0.3_2,index=12.4.27E+05,36,36.0,1,427276.195,427276.195_src-index=12.4.27E+05_chunk-0036.npy,368978.105,1.1579987788164288,welch_hann_2048_overlap_1024_fs_44100,digital_amplitude_squared_per_hz,4.344446186570382e-08,1098.193359375,3.782140868646624e-08,1335.05859375,1.7741103078194204e-07,2260.986328125
2025.06.11_0.3_2,index=12.4.27E+05,37,37.0,1,427276.195,427276.195_src-index=12.4.27E+05_chunk-0037.npy,368978.105,1.1579987788164288,welch_hann_2048_overlap_1024_fs_44100,digital_amplitude_squared_per_hz,4.2337820404121074e-08,1076.66015625,3.4197345960566946e-08,1335.05859375,2.0008241884086688e-07,2260.986328125
2025.06.11_0.3_2,index=12.4.27E+05,38,38.0,1,427276.195,427276.195_src-index=12.4.27E+05_chunk-0038.npy,368978.105,1.1579987788164288,welch_hann_2048_overlap_1024_fs_44100,digital_amplitude_squared_per_hz,6.785585374709184e-08,1098.193359375,3.8906523727098186e-08,1335.05859375,2.3659992140933001e-07,2260.986328125
2025.06.11_0.3_2,index=12.4.27E+05,39,39.0,1,427276.195,427276.195_src-index=12.4.27E+05_chunk-0039.npy,368978.105,1.1579987788164288,welch_hann_2048_overlap_1024_fs_44100,digital_amplitude_squared_per_hz,3.773435071495593e-08,1098.193359375,2.4636830827340364e-08,1313.525390625,1.7568730827017046e-07,2282.51953125
2025.06.11_0.3_2,index=12.4.27E+05,40,40.0,1,427276.195,427276.195_src-index=12.4.27E+05_chunk-0040.npy,368978.105,1.1579987788164288,welch_hann_2048_overlap_1024_fs_44100,digital_amplitude_squared_per_hz,4.098091162013084e-08,1098.193359375,3.75567849376293e-08,1335.05859375,2.4244975235844195e-07,2239.453125
2025.06.11_0.3_2,index=12.4.27E+05,41,41.0,1,427276.195,427276.195_src-index=12.4.27E+05_chunk-0041.npy,368978.105,1.1579987788164288,welch_hann_2048_overlap_1024_fs_44100,digital_amplitude_squared_per_hz,3.435494389669831e-08,1098.193359375,2.2017192036130746e-08,1335.05859375,1.1439034968685841e-07,2217.919921875
2025.06.11_0.3_2,index=12.4.27E+05,42,42.0,1,427276.195,427276.195_src-index=12.4.27E+05_chunk-0042.npy,368978.105,1.1579987788164288,welch_hann_2048_overlap_1024_fs_44100,digital_amplitude_squared_per_hz,4.5429048163874556e-08,1098.193359375,2.849877176595908e-08,1335.05859375,1.918905774043406e-07,2260.986328125
2025.06.11_0.3_2,index=12.4.27E+05,43,43.0,1,427276.195,427276.195_src-index=12.4.27E+05_chunk-0043.npy,368978.105,1.1579987788164288,welch_hann_2048_overlap_1024_fs_44100,digital_amplitude_squared_per_hz,6.252999943483049e-08,1098.193359375,4.423832357870132e-08,1335.05859375,1.9537275432501855e-07,2282.51953125
2025.06.11_0.3_2,index=12.4.27E+05,44,44.0,1,427276.195,427276.195_src-index=12.4.27E+05_chunk-0044.npy,368978.105,1.1579987788164288,welch_hann_2048_overlap_1024_fs_44100,digital_amplitude_squared_per_hz,5.0437222595357106e-08,1076.66015625,4.834355505849902e-08,1335.05859375,1.7103499758843102e-07,2282.51953125
2025.06.11_0.3_2,index=12.4.27E+05,45,45.0,1,427276.195,427276.195_src-index=12.4.27E+05_chunk-0045.npy,368978.105,1.1579987788164288,welch_hann_2048_overlap_1024_fs_44100,digital_amplitude_squared_per_hz,6.039503497074406e-08,1098.193359375,4.2921851821872205e-08,1335.05859375,2.2364416222315612e-07,2282.51953125
2025.06.11_0.3_2,index=12.4.27E+05,46,46.0,1,427276.195,427276.195_src-index=12.4.27E+05_chunk-0046.npy,368978.105,1.1579987788164288,welch_hann_2048_overlap_1024_fs_44100,digital_amplitude_squared_per_hz,7.287828227991939e-08,1076.66015625,5.52393299145155e-08,1335.05859375,3.6894604640879227e-07,2260.986328125
2025.06.11_0.3_2,index=12.4.27E+05,47,47.0,1,427276.195,427276.195_src-index=12.4.27E+05_chunk-0047.npy,368978.105,1.1579987788164288,welch_hann_2048_overlap_1024_fs_44100,digital_amplitude_squared_per_hz,6.462604366353428e-08,1098.193359375,5.255727071459817e-08,1335.05859375,2.6351688764247767e-07,2260.986328125
2025.06.11_0.3_2,index=12.4.27E+05,48,48.0,1,427276.195,427276.195_src-index=12.4.27E+05_chunk-0048.npy,368978.105,1.1579987788164288,welch_hann_2048_overlap_1024_fs_44100,digital_amplitude_squared_per_hz,3.6428497152847866e-08,1098.193359375,2.9447934466611e-08,1335.05859375,1.86014352817753e-07,2282.51953125
2025.06.11_0.3_2,index=12.4.27E+05,49,49.0,1,427276.195,427276.195_src-index=12.4.27E+05_chunk-0049.npy,368978.105,1.1579987788164288,welch_hann_2048_overlap_1024_fs_44100,digital_amplitude_squared_per_hz,4.3286605724379756e-08,1098.193359375,3.836096880307326e-08,1335.05859375,1.8089461394999227e-07,2282.51953125
2025.06.11_0.3_2,index=12.4.27E+05,50,50.0,1,427276.195,427276.195_src-index=12.4.27E+05_chunk-0050.npy,368978.105,1.1579987788164288,welch_hann_2048_overlap_1024_fs_44100,digital_amplitude_squared_per_hz,2.8763137337034702e-08,1098.193359375,2.1605115422919253e-08,1335.05859375,9.933437487221184e-08,2282.51953125
2025.06.11_0.3_2,index=12.4.27E+05,51,51.0,1,427276.195,427276.195_src-index=12.4.27E+05_chunk-0051.npy,368978.105,1.1579987788164288,welch_hann_2048_overlap_1024_fs_44100,digital_amplitude_squared_per_hz,3.092243351004372e-08,1098.193359375,2.8923553038203083e-08,1335.05859375,1.2070499973195983e-07,2282.51953125
2025.06.11_0.3_2,index=12.4.27E+05,52,52.0,1,427276.195,427276.195_src-index=12.4.27E+05_chunk-0052.npy,368978.105,1.1579987788164288,welch_hann_2048_overlap_1024_fs_44100,digital_amplitude_squared_per_hz,5.0093894018584675e-08,1076.66015625,2.8380060978193705e-08,1335.05859375,1.3580439684736715e-07,2260.986328125
2025.06.11_0.3_2,index=12.4.27E+05,53,53.0,1,427276.195,427276.195_src-index=12.4.27E+05_chunk-0053.npy,368978.105,1.1579987788164288,welch_hann_2048_overlap_1024_fs_44100,digital_amplitude_squared_per_hz,3.7029671952814285e-08,1076.66015625,3.582780287328356e-08,1313.525390625,1.8493910643001856e-07,2260.986328125
2025.06.11_0.3_2,index=12.4.27E+05,54,54.0,1,427276.195,427276.195_src-index=12.4.27E+05_chunk-0054.npy,368978.105,1.1579987788164288,welch_hann_2048_overlap_1024_fs_44100,digital_amplitude_squared_per_hz,4.274848037482731e-08,1076.66015625,3.519203272637136e-08,1313.525390625,2.556160067481753e-07,2239.453125
2025.06.11_0.3_2,index=12.4.27E+05,55,55.0,1,427276.195,427276.195_src-index=12.4.27E+05_chunk-0055.npy,368978.105,1.1579987788164288,welch_hann_2048_overlap_1024_fs_44100,digital_amplitude_squared_per_hz,4.4719428342550906e-08,1076.66015625,3.596829528416528e-08,1313.525390625,2.199994208994682e-07,2260.986328125
2025.06.11_0.3_2,index=12.4.27E+05,56,56.0,1,427276.195,427276.195_src-index=12.4.27E+05_chunk-0056.npy,368978.105,1.1579987788164288,welch_hann_2048_overlap_1024_fs_44100,digital_amplitude_squared_per_hz,4.534948338577184e-08,1098.193359375,3.691985341861045e-08,1313.525390625,2.152876384635344e-07,2282.51953125
2025.06.11_0.3_2,index=12.4.27E+05,57,57.0,1,427276.195,427276.195_src-index=12.4.27E+05_chunk-0057.npy,368978.105,1.1579987788164288,welch_hann_2048_overlap_1024_fs_44100,digital_amplitude_squared_per_hz,4.4134311522438943e-08,1098.193359375,3.1428968452162466e-08,1335.05859375,2.389356137710359e-07,2260.986328125
2025.06.11_0.3_2,index=12.4.27E+05,58,58.0,1,427276.195,427276.195_src-index=12.4.27E+05_chunk-0058.npy,368978.105,1.1579987788164288,welch_hann_2048_overlap_1024_fs_44100,digital_amplitude_squared_per_hz,6.019363241956372e-08,1098.193359375,3.581958636367041e-08,1335.05859375,2.507854018778121e-07,2260.986328125
2025.06.11_0.3_2,index=12.4.27E+05,59,59.0,1,427276.195,427276.195_src-index=12.4.27E+05_chunk-0059.npy,368978.105,1.1579987788164288,welch_hann_2048_overlap_1024_fs_44100,digital_amplitude_squared_per_hz,4.372370371700412e-08,1076.66015625,2.8309568811785555e-08,1313.525390625,1.749487978602767e-07,2260.986328125
2025.06.11_0.3_2,index=13.4.89E+05,0,0.0,1,489453.9981,489453.9981_src-index=13.4.89E+05_chunk-0000.npy,368978.105,1.3265123091788875,welch_hann_2048_overlap_1024_fs_44100,digital_amplitude_squared_per_hz,1.1542749980213642e-07,1076.66015625,8.027251777799432e-08,1335.05859375,4.070928442187434e-07,2260.986328125
2025.06.11_0.3_2,index=13.4.89E+05,1,1.0,1,489453.9981,489453.9981_src-index=13.4.89E+05_chunk-0001.npy,368978.105,1.3265123091788875,welch_hann_2048_overlap_1024_fs_44100,digital_amplitude_squared_per_hz,6.746835002074915e-08,1076.66015625,4.875354549516011e-08,1335.05859375,2.2947149961516659e-07,2196.38671875
2025.06.11_0.3_2,index=13.4.89E+05,2,2.0,1,489453.9981,489453.9981_src-index=13.4.89E+05_chunk-0002.npy,368978.105,1.3265123091788875,welch_hann_2048_overlap_1024_fs_44100,digital_amplitude_squared_per_hz,9.138347515204962e-08,1098.193359375,8.542336929009966e-08,1313.525390625,4.0372142861080786e-07,2260.986328125
2025.06.11_0.3_2,index=13.4.89E+05,3,3.0,1,489453.9981,489453.9981_src-index=13.4.89E+05_chunk-0003.npy,368978.105,1.3265123091788875,welch_hann_2048_overlap_1024_fs_44100,digital_amplitude_squared_per_hz,1.9975670708617555e-07,1098.193359375,1.551144976446893e-07,1313.525390625,7.676763581818694e-07,2239.453125
2025.06.11_0.3_2,index=13.4.89E+05,4,4.0,1,489453.9981,489453.9981_src-index=13.4.89E+05_chunk-0004.npy,368978.105,1.3265123091788875,welch_hann_2048_overlap_1024_fs_44100,digital_amplitude_squared_per_hz,9.757580448052553e-08,1076.66015625,6.855208296572412e-08,1313.525390625,4.649409880000569e-07,2217.919921875
2025.06.11_0.3_2,index=13.4.89E+05,5,5.0,1,489453.9981,489453.9981_src-index=13.4.89E+05_chunk-0005.npy,368978.105,1.3265123091788875,welch_hann_2048_overlap_1024_fs_44100,digital_amplitude_squared_per_hz,9.114264557121859e-08,1098.193359375,8.293906668675548e-08,1335.05859375,4.001461837506152e-07,2239.453125
2025.06.11_0.3_2,index=13.4.89E+05,6,6.0,1,489453.9981,489453.9981_src-index=13.4.89E+05_chunk-0006.npy,368978.105,1.3265123091788875,welch_hann_2048_overlap_1024_fs_44100,digital_amplitude_squared_per_hz,9.579140385662154e-08,1098.193359375,8.075154088454864e-08,1335.05859375,4.0641673793279453e-07,2239.453125
2025.06.11_0.3_2,index=13.4.89E+05,7,7.0,1,489453.9981,489453.9981_src-index=13.4.89E+05_chunk-0007.npy,368978.105,1.3265123091788875,welch_hann_2048_overlap_1024_fs_44100,digital_amplitude_squared_per_hz,5.447435373756084e-08,1098.193359375,5.7563816963803625e-08,1335.05859375,3.405425576310139e-07,2260.986328125
2025.06.11_0.3_2,index=13.4.89E+05,8,8.0,1,489453.9981,489453.9981_src-index=13.4.89E+05_chunk-0008.npy,368978.105,1.3265123091788875,welch_hann_2048_overlap_1024_fs_44100,digital_amplitude_squared_per_hz,4.6467476692739564e-08,1098.193359375,3.484844072887697e-08,1335.05859375,2.1972465022397758e-07,2282.51953125
2025.06.11_0.3_2,index=13.4.89E+05,9,9.0,1,489453.9981,489453.9981_src-index=13.4.89E+05_chunk-0009.npy,368978.105,1.3265123091788875,welch_hann_2048_overlap_1024_fs_44100,digital_amplitude_squared_per_hz,8.797739523688749e-08,1098.193359375,5.459424100565576e-08,1335.05859375,3.2620823693410567e-07,2239.453125
2025.06.11_0.3_2,index=13.4.89E+05,10,10.0,1,489453.9981,489453.9981_src-index=13.4.89E+05_chunk-0010.npy,368978.105,1.3265123091788875,welch_hann_2048_overlap_1024_fs_44100,digital_amplitude_squared_per_hz,9.631681382249767e-08,1076.66015625,5.7543077711268974e-08,1335.05859375,3.7271807509371003e-07,2282.51953125
2025.06.11_0.3_2,index=13.4.89E+05,11,11.0,1,489453.9981,489453.9981_src-index=13.4.89E+05_chunk-0011.npy,368978.105,1.3265123091788875,welch_hann_2048_overlap_1024_fs_44100,digital_amplitude_squared_per_hz,9.63615969134225e-08,1076.66015625,6.511054359880456e-08,1335.05859375,3.9750648636520527e-07,2217.919921875
2025.06.11_0.3_2,index=13.4.89E+05,12,12.0,1,489453.9981,489453.9981_src-index=13.4.89E+05_chunk-0012.npy,368978.105,1.3265123091788875,welch_hann_2048_overlap_1024_fs_44100,digital_amplitude_squared_per_hz,1.1700858304757173e-07,1076.66015625,5.8629131741134784e-08,1335.05859375,3.7756952888307864e-07,2239.453125
2025.06.11_0.3_2,index=13.4.89E+05,13,13.0,1,489453.9981,489453.9981_src-index=13.4.89E+05_chunk-0013.npy,368978.105,1.3265123091788875,welch_hann_2048_overlap_1024_fs_44100,digital_amplitude_squared_per_hz,7.87948800199527e-08,1098.193359375,6.202308757802526e-08,1313.525390625,4.065132779673236e-07,2260.986328125
2025.06.11_0.3_2,index=13.4.89E+05,14,14.0,1,489453.9981,489453.9981_src-index=13.4.89E+05_chunk-0014.npy,368978.105,1.3265123091788875,welch_hann_2048_overlap_1024_fs_44100,digital_amplitude_squared_per_hz,1.065266837968494e-07,1098.193359375,6.111286111178971e-08,1335.05859375,3.6599954548244346e-07,2282.51953125
2025.06.11_0.3_2,index=13.4.89E+05,15,15.0,1,489453.9981,489453.9981_src-index=13.4.89E+05_chunk-0015.npy,368978.105,1.3265123091788875,welch_hann_2048_overlap_1024_fs_44100,digital_amplitude_squared_per_hz,1.3176885096563048e-07,1098.193359375,7.939311448541906e-08,1335.05859375,3.664577931457275e-07,2260.986328125
2025.06.11_0.3_2,index=13.4.89E+05,16,16.0,1,489453.9981,489453.9981_src-index=13.4.89E+05_chunk-0016.npy,368978.105,1.3265123091788875,welch_hann_2048_overlap_1024_fs_44100,digital_amplitude_squared_per_hz,1.1172211444655403e-07,1076.66015625,6.452886416768045e-08,1335.05859375,5.181699848437559e-07,2239.453125
2025.06.11_0.3_2,index=13.4.89E+05,17,17.0,1,489453.9981,489453.9981_src-index=13.4.89E+05_chunk-0017.npy,368978.105,1.3265123091788875,welch_hann_2048_overlap_1024_fs_44100,digital_amplitude_squared_per_hz,1.1179346157848845e-07,1098.193359375,6.262957254668626e-08,1313.525390625,5.678629025898125e-07,2239.453125
2025.06.11_0.3_2,index=13.4.89E+05,18,18.0,1,489453.9981,489453.9981_src-index=13.4.89E+05_chunk-0018.npy,368978.105,1.3265123091788875,welch_hann_2048_overlap_1024_fs_44100,digital_amplitude_squared_per_hz,8.5516539882753e-08,1076.66015625,8.162702144590266e-08,1335.05859375,3.843895695803428e-07,2239.453125
2025.06.11_0.3_2,index=13.4.89E+05,19,19.0,1,489453.9981,489453.9981_src-index=13.4.89E+05_chunk-0019.npy,368978.105,1.3265123091788875,welch_hann_2048_overlap_1024_fs_44100,digital_amplitude_squared_per_hz,7.45622625369731e-08,1098.193359375,5.285182955865628e-08,1335.05859375,3.0529256046525516e-07,2217.919921875
2025.06.11_0.3_2,index=13.4.89E+05,20,20.0,1,489453.9981,489453.9981_src-index=13.4.89E+05_chunk-0020.npy,368978.105,1.3265123091788875,welch_hann_2048_overlap_1024_fs_44100,digital_amplitude_squared_per_hz,1.371269864975539e-07,1098.193359375,8.137239047708529e-08,1335.05859375,4.910718376426063e-07,2260.986328125
2025.06.11_0.3_2,index=13.4.89E+05,21,21.0,1,489453.9981,489453.9981_src-index=13.4.89E+05_chunk-0021.npy,368978.105,1.3265123091788875,welch_hann_2048_overlap_1024_fs_44100,digital_amplitude_squared_per_hz,1.2457521295321453e-07,1098.193359375,6.480965596958035e-08,1313.525390625,5.782941027430582e-07,2239.453125
2025.06.11_0.3_2,index=13.4.89E+05,22,22.0,1,489453.9981,489453.9981_src-index=13.4.89E+05_chunk-0022.npy,368978.105,1.3265123091788875,welch_hann_2048_overlap_1024_fs_44100,digital_amplitude_squared_per_hz,6.366772279680705e-08,1098.193359375,5.1287512732871354e-08,1335.05859375,3.9401534810513515e-07,2239.453125
2025.06.11_0.3_2,index=13.4.89E+05,23,23.0,1,489453.9981,489453.9981_src-index=13.4.89E+05_chunk-0023.npy,368978.105,1.3265123091788875,welch_hann_2048_overlap_1024_fs_44100,digital_amplitude_squared_per_hz,1.0456349757364483e-07,1098.193359375,1.2879834939147616e-07,1313.525390625,5.394105861262686e-07,2239.453125
2025.06.11_0.3_2,index=13.4.89E+05,24,24.0,1,489453.9981,489453.9981_src-index=13.4.89E+05_chunk-0024.npy,368978.105,1.3265123091788875,welch_hann_2048_overlap_1024_fs_44100,digital_amplitude_squared_per_hz,1.2557328196643235e-07,1098.193359375,1.0895511877906439e-07,1335.05859375,5.464299798990184e-07,2282.51953125
2025.06.11_0.3_2,index=13.4.89E+05,25,25.0,1,489453.9981,489453.9981_src-index=13.4.89E+05_chunk-0025.npy,368978.105,1.3265123091788875,welch_hann_2048_overlap_1024_fs_44100,digital_amplitude_squared_per_hz,3.950561467570008e-08,1076.66015625,3.1257199614701776e-08,1335.05859375,2.207785828603508e-07,2282.51953125
2025.06.11_0.3_2,index=13.4.89E+05,26,26.0,1,489453.9981,489453.9981_src-index=13.4.89E+05_chunk-0026.npy,368978.105,1.3265123091788875,welch_hann_2048_overlap_1024_fs_44100,digital_amplitude_squared_per_hz,5.3317970285730536e-08,1098.193359375,2.9792355248205165e-08,1335.05859375,2.156111915526521e-07,2260.986328125
2025.06.11_0.3_2,index=13.4.89E+05,27,27.0,1,489453.9981,489453.9981_src-index=13.4.89E+05_chunk-0027.npy,368978.105,1.3265123091788875,welch_hann_2048_overlap_1024_fs_44100,digital_amplitude_squared_per_hz,9.998447012638007e-08,1098.193359375,6.181195065366954e-08,1335.05859375,3.572720666039731e-07,2282.51953125
2025.06.11_0.3_2,index=13.4.89E+05,28,28.0,1,489453.9981,489453.9981_src-index=13.4.89E+05_chunk-0028.npy,368978.105,1.3265123091788875,welch_hann_2048_overlap_1024_fs_44100,digital_amplitude_squared_per_hz,1.2702588276029292e-07,1098.193359375,8.69129339202304e-08,1335.05859375,4.2154807928668643e-07,2239.453125
2025.06.11_0.3_2,index=13.4.89E+05,29,29.0,1,489453.9981,489453.9981_src-index=13.4.89E+05_chunk-0029.npy,368978.105,1.3265123091788875,welch_hann_2048_overlap_1024_fs_44100,digital_amplitude_squared_per_hz,1.4915801064842556e-07,1098.193359375,1.1517310177058606e-07,1335.05859375,7.744268615003284e-07,2282.51953125
2025.06.11_0.3_2,index=13.4.89E+05,30,30.0,1,489453.9981,489453.9981_src-index=13.4.89E+05_chunk-0030.npy,368978.105,1.3265123091788875,welch_hann_2048_overlap_1024_fs_44100,digital_amplitude_squared_per_hz,1.263794734172718e-07,1098.193359375,8.349486351783402e-08,1335.05859375,4.779458812729869e-07,2282.51953125
2025.06.11_0.3_2,index=13.4.89E+05,31,31.0,1,489453.9981,489453.9981_src-index=13.4.89E+05_chunk-0031.npy,368978.105,1.3265123091788875,welch_hann_2048_overlap_1024_fs_44100,digital_amplitude_squared_per_hz,1.1478025971096196e-07,1098.193359375,8.348243305633369e-08,1335.05859375,4.1023054051819786e-07,2282.51953125
2025.06.11_0.3_2,index=13.4.89E+05,32,32.0,1,489453.9981,489453.9981_src-index=13.4.89E+05_chunk-0032.npy,368978.105,1.3265123091788875,welch_hann_2048_overlap_1024_fs_44100,digital_amplitude_squared_per_hz,8.35666219459089e-08,1098.193359375,6.910350888983662e-08,1335.05859375,3.867460325225596e-07,2282.51953125
2025.06.11_0.3_2,index=13.4.89E+05,33,33.0,1,489453.9981,489453.9981_src-index=13.4.89E+05_chunk-0033.npy,368978.105,1.3265123091788875,welch_hann_2048_overlap_1024_fs_44100,digital_amplitude_squared_per_hz,1.321074174167849e-07,1098.193359375,8.854294919417623e-08,1335.05859375,4.7218676700046917e-07,2239.453125
2025.06.11_0.3_2,index=13.4.89E+05,34,34.0,1,489453.9981,489453.9981_src-index=13.4.89E+05_chunk-0034.npy,368978.105,1.3265123091788875,welch_hann_2048_overlap_1024_fs_44100,digital_amplitude_squared_per_hz,9.967585302076615e-08,1076.66015625,6.904852279368676e-08,1335.05859375,3.5719119597987453e-07,2282.51953125
2025.06.11_0.3_2,index=13.4.89E+05,35,35.0,1,489453.9981,489453.9981_src-index=13.4.89E+05_chunk-0035.npy,368978.105,1.3265123091788875,welch_hann_2048_overlap_1024_fs_44100,digital_amplitude_squared_per_hz,1.4485840381935481e-07,1076.66015625,8.950330846081905e-08,1335.05859375,5.540610862609266e-07,2260.986328125
2025.06.11_0.3_2,index=13.4.89E+05,36,36.0,1,489453.9981,489453.9981_src-index=13.4.89E+05_chunk-0036.npy,368978.105,1.3265123091788875,welch_hann_2048_overlap_1024_fs_44100,digital_amplitude_squared_per_hz,1.0089441046132568e-07,1098.193359375,1.1110489772680698e-07,1335.05859375,4.85342772790119e-07,2282.51953125
2025.06.11_0.3_2,index=13.4.89E+05,37,37.0,1,489453.9981,489453.9981_src-index=13.4.89E+05_chunk-0037.npy,368978.105,1.3265123091788875,welch_hann_2048_overlap_1024_fs_44100,digital_amplitude_squared_per_hz,4.252258453438343e-08,1098.193359375,3.559305047054177e-08,1335.05859375,2.2283197430273313e-07,2260.986328125
2025.06.11_0.3_2,index=13.4.89E+05,38,38.0,1,489453.9981,489453.9981_src-index=13.4.89E+05_chunk-0038.npy,368978.105,1.3265123091788875,welch_hann_2048_overlap_1024_fs_44100,digital_amplitude_squared_per_hz,8.593898873353343e-08,1098.193359375,5.6952087585824e-08,1335.05859375,2.9148708207865905e-07,2260.986328125
2025.06.11_0.3_2,index=13.4.89E+05,39,39.0,1,489453.9981,489453.9981_src-index=13.4.89E+05_chunk-0039.npy,368978.105,1.3265123091788875,welch_hann_2048_overlap_1024_fs_44100,digital_amplitude_squared_per_hz,1.0661173664418487e-07,1098.193359375,5.560259397085076e-08,1335.05859375,2.959447023842118e-07,2260.986328125
2025.06.11_0.3_2,index=13.4.89E+05,40,40.0,1,489453.9981,489453.9981_src-index=13.4.89E+05_chunk-0040.npy,368978.105,1.3265123091788875,welch_hann_2048_overlap_1024_fs_44100,digital_amplitude_squared_per_hz,5.519405897831936e-08,1076.66015625,5.696155613282707e-08,1335.05859375,4.0113845698490144e-07,2282.51953125
2025.06.11_0.3_2,index=13.4.89E+05,41,41.0,1,489453.9981,489453.9981_src-index=13.4.89E+05_chunk-0041.npy,368978.105,1.3265123091788875,welch_hann_2048_overlap_1024_fs_44100,digital_amplitude_squared_per_hz,9.90183827079415e-08,1098.193359375,1.1403421913556921e-07,1335.05859375,5.089359055666208e-07,2260.986328125
2025.06.11_0.3_2,index=13.4.89E+05,42,42.0,1,489453.9981,489453.9981_src-index=13.4.89E+05_chunk-0042.npy,368978.105,1.3265123091788875,welch_hann_2048_overlap_1024_fs_44100,digital_amplitude_squared_per_hz,6.607451048082916e-08,1098.193359375,4.153157280139037e-08,1335.05859375,2.9741079994093523e-07,2282.51953125
2025.06.11_0.3_2,index=13.4.89E+05,43,43.0,1,489453.9981,489453.9981_src-index=13.4.89E+05_chunk-0043.npy,368978.105,1.3265123091788875,welch_hann_2048_overlap_1024_fs_44100,digital_amplitude_squared_per_hz,8.171469987959776e-08,1098.193359375,6.49925312626887e-08,1335.05859375,2.891865930437655e-07,2260.986328125
2025.06.11_0.3_2,index=13.4.89E+05,44,44.0,1,489453.9981,489453.9981_src-index=13.4.89E+05_chunk-0044.npy,368978.105,1.3265123091788875,welch_hann_2048_overlap_1024_fs_44100,digital_amplitude_squared_per_hz,1.3933136262334752e-07,1098.193359375,6.97567251552644e-08,1335.05859375,5.8696497370064e-07,2282.51953125
2025.06.11_0.3_2,index=13.4.89E+05,45,45.0,1,489453.9981,489453.9981_src-index=13.4.89E+05_chunk-0045.npy,368978.105,1.3265123091788875,welch_hann_2048_overlap_1024_fs_44100,digital_amplitude_squared_per_hz,9.493292779139442e-08,1098.193359375,8.795853941333632e-08,1335.05859375,4.3145742143031835e-07,2260.986328125
2025.06.11_0.3_2,index=13.4.89E+05,46,46.0,1,489453.9981,489453.9981_src-index=13.4.89E+05_chunk-0046.npy,368978.105,1.3265123091788875,welch_hann_2048_overlap_1024_fs_44100,digital_amplitude_squared_per_hz,9.816582519262888e-08,1098.193359375,6.93164705868899e-08,1335.05859375,4.6652977104048553e-07,2282.51953125
2025.06.11_0.3_2,index=13.4.89E+05,47,47.0,1,489453.9981,489453.9981_src-index=13.4.89E+05_chunk-0047.npy,368978.105,1.3265123091788875,welch_hann_2048_overlap_1024_fs_44100,digital_amplitude_squared_per_hz,7.570505742865294e-08,1098.193359375,5.972950382480015e-08,1335.05859375,3.481638607184458e-07,2239.453125
2025.06.11_0.3_2,index=13.4.89E+05,48,48.0,1,489453.9981,489453.9981_src-index=13.4.89E+05_chunk-0048.npy,368978.105,1.3265123091788875,welch_hann_2048_overlap_1024_fs_44100,digital_amplitude_squared_per_hz,7.510855243275721e-08,1076.66015625,7.654321002220899e-08,1335.05859375,4.34700891174243e-07,2260.986328125
2025.06.11_0.3_2,index=13.4.89E+05,49,49.0,1,489453.9981,489453.9981_src-index=13.4.89E+05_chunk-0049.npy,368978.105,1.3265123091788875,welch_hann_2048_overlap_1024_fs_44100,digital_amplitude_squared_per_hz,1.1252946566415951e-07,1098.193359375,1.1184032808940524e-07,1335.05859375,4.380169938178238e-07,2239.453125
2025.06.11_0.3_2,index=13.4.89E+05,50,50.0,1,489453.9981,489453.9981_src-index=13.4.89E+05_chunk-0050.npy,368978.105,1.3265123091788875,welch_hann_2048_overlap_1024_fs_44100,digital_amplitude_squared_per_hz,1.0578339904494261e-07,1098.193359375,4.680144627100823e-08,1335.05859375,3.29444970624065e-07,2260.986328125
2025.06.11_0.3_2,index=13.4.89E+05,51,51.0,1,489453.9981,489453.9981_src-index=13.4.89E+05_chunk-0051.npy,368978.105,1.3265123091788875,welch_hann_2048_overlap_1024_fs_44100,digital_amplitude_squared_per_hz,1.1082975657399995e-07,1098.193359375,7.366129113375922e-08,1335.05859375,4.187851622031054e-07,2239.453125
2025.06.11_0.3_2,index=13.4.89E+05,52,52.0,1,489453.9981,489453.9981_src-index=13.4.89E+05_chunk-0052.npy,368978.105,1.3265123091788875,welch_hann_2048_overlap_1024_fs_44100,digital_amplitude_squared_per_hz,5.382538638422883e-08,1076.66015625,3.4909853808047524e-08,1335.05859375,2.568348898028526e-07,2239.453125
2025.06.11_0.3_2,index=13.4.89E+05,53,53.0,1,489453.9981,489453.9981_src-index=13.4.89E+05_chunk-0053.npy,368978.105,1.3265123091788875,welch_hann_2048_overlap_1024_fs_44100,digital_amplitude_squared_per_hz,6.528223604636196e-08,1098.193359375,5.5848933729296196e-08,1313.525390625,2.7690551797286964e-07,2282.51953125
2025.06.11_0.3_2,index=13.4.89E+05,54,54.0,1,489453.9981,489453.9981_src-index=13.4.89E+05_chunk-0054.npy,368978.105,1.3265123091788875,welch_hann_2048_overlap_1024_fs_44100,digital_amplitude_squared_per_hz,1.3822348354151183e-07,1098.193359375,1.0814261916124803e-07,1335.05859375,3.523038463209415e-07,2304.052734375
2025.06.11_0.3_2,index=13.4.89E+05,55,55.0,1,489453.9981,489453.9981_src-index=13.4.89E+05_chunk-0055.npy,368978.105,1.3265123091788875,welch_hann_2048_overlap_1024_fs_44100,digital_amplitude_squared_per_hz,1.0923285497189897e-07,1098.193359375,8.466602626216402e-08,1335.05859375,3.797674372020332e-07,2282.51953125
2025.06.11_0.3_2,index=13.4.89E+05,56,56.0,1,489453.9981,489453.9981_src-index=13.4.89E+05_chunk-0056.npy,368978.105,1.3265123091788875,welch_hann_2048_overlap_1024_fs_44100,digital_amplitude_squared_per_hz,1.2543677609729502e-07,1098.193359375,1.0122032669496648e-07,1335.05859375,5.735007450882604e-07,2282.51953125
2025.06.11_0.3_2,index=13.4.89E+05,57,57.0,1,489453.9981,489453.9981_src-index=13.4.89E+05_chunk-0057.npy,368978.105,1.3265123091788875,welch_hann_2048_overlap_1024_fs_44100,digital_amplitude_squared_per_hz,1.0925742638833322e-07,1076.66015625,1.0848128706914149e-07,1335.05859375,5.156886833142191e-07,2282.51953125
2025.06.11_0.3_2,index=13.4.89E+05,58,58.0,1,489453.9981,489453.9981_src-index=13.4.89E+05_chunk-0058.npy,368978.105,1.3265123091788875,welch_hann_2048_overlap_1024_fs_44100,digital_amplitude_squared_per_hz,8.504535718057607e-08,1098.193359375,5.7009383215421976e-08,1335.05859375,3.417033322557566e-07,2282.51953125
2025.06.11_0.3_2,index=13.4.89E+05,59,59.0,1,489453.9981,489453.9981_src-index=13.4.89E+05_chunk-0059.npy,368978.105,1.3265123091788875,welch_hann_2048_overlap_1024_fs_44100,digital_amplitude_squared_per_hz,7.784597116119509e-08,1076.66015625,7.025712171595384e-08,1335.05859375,4.4787864810655625e-07,2282.51953125
2025.06.11_0.3_2,index=14.5.54E+05,0,0.0,1,554196.3218,554196.3218_src-index=14.5.54E+05_chunk-0000.npy,368978.105,1.501976172271794,welch_hann_2048_overlap_1024_fs_44100,digital_amplitude_squared_per_hz,2.1777671838400015e-07,1098.193359375,1.3761117206827982e-07,1313.525390625,1.0439568445015109e-06,2282.51953125
2025.06.11_0.3_2,index=14.5.54E+05,1,1.0,1,554196.3218,554196.3218_src-index=14.5.54E+05_chunk-0001.npy,368978.105,1.501976172271794,welch_hann_2048_overlap_1024_fs_44100,digital_amplitude_squared_per_hz,1.5307326457853516e-07,1098.193359375,1.1306146224538046e-07,1335.05859375,6.292781118047611e-07,2282.51953125
2025.06.11_0.3_2,index=14.5.54E+05,2,2.0,1,554196.3218,554196.3218_src-index=14.5.54E+05_chunk-0002.npy,368978.105,1.501976172271794,welch_hann_2048_overlap_1024_fs_44100,digital_amplitude_squared_per_hz,1.9404900373803606e-07,882.861328125,1.2611668378507255e-07,1313.525390625,1.2219188667746442e-06,2260.986328125
2025.06.11_0.3_2,index=14.5.54E+05,3,3.0,1,554196.3218,554196.3218_src-index=14.5.54E+05_chunk-0003.npy,368978.105,1.501976172271794,welch_hann_2048_overlap_1024_fs_44100,digital_amplitude_squared_per_hz,1.5641650653245597e-07,1098.193359375,1.7880669552257555e-07,1335.05859375,1.0179614429461044e-06,2260.986328125
2025.06.11_0.3_2,index=14.5.54E+05,4,4.0,1,554196.3218,554196.3218_src-index=14.5.54E+05_chunk-0004.npy,368978.105,1.501976172271794,welch_hann_2048_overlap_1024_fs_44100,digital_amplitude_squared_per_hz,2.6263772568739104e-07,1098.193359375,1.780251006539167e-07,1313.525390625,9.68938668346302e-07,2282.51953125
2025.06.11_0.3_2,index=14.5.54E+05,5,5.0,1,554196.3218,554196.3218_src-index=14.5.54E+05_chunk-0005.npy,368978.105,1.501976172271794,welch_hann_2048_overlap_1024_fs_44100,digital_amplitude_squared_per_hz,1.7079036399379433e-07,1076.66015625,1.2168217851325988e-07,1313.525390625,1.0941741626818646e-06,2282.51953125
2025.06.11_0.3_2,index=14.5.54E+05,6,6.0,1,554196.3218,554196.3218_src-index=14.5.54E+05_chunk-0006.npy,368978.105,1.501976172271794,welch_hann_2048_overlap_1024_fs_44100,digital_amplitude_squared_per_hz,2.3131103659953685e-07,1098.193359375,1.3530190674666516e-07,1313.525390625,1.1220282826341476e-06,2239.453125
2025.06.11_0.3_2,index=14.5.54E+05,7,7.0,1,554196.3218,554196.3218_src-index=14.5.54E+05_chunk-0007.npy,368978.105,1.501976172271794,welch_hann_2048_overlap_1024_fs_44100,digital_amplitude_squared_per_hz,2.0918988930761108e-07,1098.193359375,1.324006818425727e-07,1335.05859375,1.0058601702431043e-06,2239.453125
2025.06.11_0.3_2,index=14.5.54E+05,8,8.0,1,554196.3218,554196.3218_src-index=14.5.54E+05_chunk-0008.npy,368978.105,1.501976172271794,welch_hann_2048_overlap_1024_fs_44100,digital_amplitude_squared_per_hz,2.501898260665105e-07,1098.193359375,1.6425416522478833e-07,1313.525390625,1.1179098020324986e-06,2282.51953125
2025.06.11_0.3_2,index=14.5.54E+05,9,9.0,1,554196.3218,554196.3218_src-index=14.5.54E+05_chunk-0009.npy,368978.105,1.501976172271794,welch_hann_2048_overlap_1024_fs_44100,digital_amplitude_squared_per_hz,2.17430677581287e-07,1098.193359375,1.3850254811381945e-07,1335.05859375,8.195256082136463e-07,2260.986328125
2025.06.11_0.3_2,index=14.5.54E+05,10,10.0,1,554196.3218,554196.3218_src-index=14.5.54E+05_chunk-0010.npy,368978.105,1.501976172271794,welch_hann_2048_overlap_1024_fs_44100,digital_amplitude_squared_per_hz,1.637983921871594e-07,1098.193359375,1.6878677849237647e-07,1335.05859375,6.994349571851547e-07,2282.51953125
2025.06.11_0.3_2,index=14.5.54E+05,11,11.0,1,554196.3218,554196.3218_src-index=14.5.54E+05_chunk-0011.npy,368978.105,1.501976172271794,welch_hann_2048_overlap_1024_fs_44100,digital_amplitude_squared_per_hz,1.1098507499712683e-07,1098.193359375,7.374101267689683e-08,1335.05859375,4.803986333146047e-07,2260.986328125
2025.06.11_0.3_2,index=14.5.54E+05,12,12.0,1,554196.3218,554196.3218_src-index=14.5.54E+05_chunk-0012.npy,368978.105,1.501976172271794,welch_hann_2048_overlap_1024_fs_44100,digital_amplitude_squared_per_hz,2.161538106814156e-07,1098.193359375,1.376079827798251e-07,1335.05859375,1.0639492028204942e-06,2260.986328125
2025.06.11_0.3_2,index=14.5.54E+05,13,13.0,1,554196.3218,554196.3218_src-index=14.5.54E+05_chunk-0013.npy,368978.105,1.501976172271794,welch_hann_2048_overlap_1024_fs_44100,digital_amplitude_squared_per_hz,1.780364363610734e-07,1098.193359375,1.5720737042486196e-07,1335.05859375,7.044049205115929e-07,2239.453125
2025.06.11_0.3_2,index=14.5.54E+05,14,14.0,1,554196.3218,554196.3218_src-index=14.5.54E+05_chunk-0014.npy,368978.105,1.501976172271794,welch_hann_2048_overlap_1024_fs_44100,digital_amplitude_squared_per_hz,2.158034132403427e-07,1076.66015625,1.8909608330246657e-07,1313.525390625,9.598806791999627e-07,2260.986328125
2025.06.11_0.3_2,index=14.5.54E+05,15,15.0,1,554196.3218,554196.3218_src-index=14.5.54E+05_chunk-0015.npy,368978.105,1.501976172271794,welch_hann_2048_overlap_1024_fs_44100,digital_amplitude_squared_per_hz,2.563165013424548e-07,1098.193359375,1.505739711367937e-07,1335.05859375,1.1715454089633842e-06,2260.986328125
2025.06.11_0.3_2,index=14.5.54E+05,16,16.0,1,554196.3218,554196.3218_src-index=14.5.54E+05_chunk-0016.npy,368978.105,1.501976172271794,welch_hann_2048_overlap_1024_fs_44100,digital_amplitude_squared_per_hz,2.592937016876926e-07,1076.66015625,1.6109355283261127e-07,1335.05859375,1.0011577893460864e-06,2217.919921875
2025.06.11_0.3_2,index=14.5.54E+05,17,17.0,1,554196.3218,554196.3218_src-index=14.5.54E+05_chunk-0017.npy,368978.105,1.501976172271794,welch_hann_2048_overlap_1024_fs_44100,digital_amplitude_squared_per_hz,2.089888941300251e-07,1098.193359375,1.9094826309768233e-07,1335.05859375,1.0378073747758374e-06,2260.986328125
2025.06.11_0.3_2,index=14.5.54E+05,18,18.0,1,554196.3218,554196.3218_src-index=14.5.54E+05_chunk-0018.npy,368978.105,1.501976172271794,welch_hann_2048_overlap_1024_fs_44100,digital_amplitude_squared_per_hz,1.3587637768382075e-07,1076.66015625,1.2351318197668208e-07,1335.05859375,7.151378263091482e-07,2282.51953125
2025.06.11_0.3_2,index=14.5.54E+05,19,19.0,1,554196.3218,554196.3218_src-index=14.5.54E+05_chunk-0019.npy,368978.105,1.501976172271794,welch_hann_2048_overlap_1024_fs_44100,digital_amplitude_squared_per_hz,2.1216911199609638e-07,1076.66015625,1.3522833617045148e-07,1335.05859375,8.105968648978959e-07,2260.986328125
2025.06.11_0.3_2,index=14.5.54E+05,20,20.0,1,554196.3218,554196.3218_src-index=14.5.54E+05_chunk-0020.npy,368978.105,1.501976172271794,welch_hann_2048_overlap_1024_fs_44100,digital_amplitude_squared_per_hz,2.217715957077719e-07,1098.193359375,1.1538191730160267e-07,1335.05859375,1.1927641963641712e-06,2282.51953125
2025.06.11_0.3_2,index=14.5.54E+05,21,21.0,1,554196.3218,554196.3218_src-index=14.5.54E+05_chunk-0021.npy,368978.105,1.501976172271794,welch_hann_2048_overlap_1024_fs_44100,digital_amplitude_squared_per_hz,2.0985990078674663e-07,1098.193359375,1.1974251647860454e-07,1335.05859375,6.191644753342676e-07,2282.51953125
2025.06.11_0.3_2,index=14.5.54E+05,22,22.0,1,554196.3218,554196.3218_src-index=14.5.54E+05_chunk-0022.npy,368978.105,1.501976172271794,welch_hann_2048_overlap_1024_fs_44100,digital_amplitude_squared_per_hz,2.5921769237437586e-07,1098.193359375,1.4415500507451648e-07,1335.05859375,1.1808094641779366e-06,2282.51953125
2025.06.11_0.3_2,index=14.5.54E+05,23,23.0,1,554196.3218,554196.3218_src-index=14.5.54E+05_chunk-0023.npy,368978.105,1.501976172271794,welch_hann_2048_overlap_1024_fs_44100,digital_amplitude_squared_per_hz,2.486465336413786e-07,1076.66015625,1.3234178672711987e-07,1335.05859375,1.0269838548601179e-06,2282.51953125
2025.06.11_0.3_2,index=14.5.54E+05,24,24.0,1,554196.3218,554196.3218_src-index=14.5.54E+05_chunk-0024.npy,368978.105,1.501976172271794,welch_hann_2048_overlap_1024_fs_44100,digital_amplitude_squared_per_hz,2.2512395230966435e-07,1098.193359375,1.3915648240273469e-07,1335.05859375,9.076688366339706e-07,2282.51953125
2025.06.11_0.3_2,index=14.5.54E+05,25,25.0,1,554196.3218,554196.3218_src-index=14.5.54E+05_chunk-0025.npy,368978.105,1.501976172271794,welch_hann_2048_overlap_1024_fs_44100,digital_amplitude_squared_per_hz,2.0839020481693382e-07,1076.66015625,1.2375632307487247e-07,1335.05859375,1.0907520438214858e-06,2260.986328125
2025.06.11_0.3_2,index=14.5.54E+05,26,26.0,1,554196.3218,554196.3218_src-index=14.5.54E+05_chunk-0026.npy,368978.105,1.501976172271794,welch_hann_2048_overlap_1024_fs_44100,digital_amplitude_squared_per_hz,2.2520552114474093e-07,1098.193359375,1.6255328942192186e-07,1335.05859375,9.522620949923784e-07,2282.51953125
2025.06.11_0.3_2,index=14.5.54E+05,27,27.0,1,554196.3218,554196.3218_src-index=14.5.54E+05_chunk-0027.npy,368978.105,1.501976172271794,welch_hann_2048_overlap_1024_fs_44100,digital_amplitude_squared_per_hz,1.626240697069309e-07,1098.193359375,1.374222208985957e-07,1335.05859375,9.002693709668219e-07,2239.453125
2025.06.11_0.3_2,index=14.5.54E+05,28,28.0,1,554196.3218,554196.3218_src-index=14.5.54E+05_chunk-0028.npy,368978.105,1.501976172271794,welch_hann_2048_overlap_1024_fs_44100,digital_amplitude_squared_per_hz,1.8058716142554234e-07,1076.66015625,1.786374235489779e-07,1335.05859375,5.336864304278015e-07,2239.453125
2025.06.11_0.3_2,index=14.5.54E+05,29,29.0,1,554196.3218,554196.3218_src-index=14.5.54E+05_chunk-0029.npy,368978.105,1.501976172271794,welch_hann_2048_overlap_1024_fs_44100,digital_amplitude_squared_per_hz,1.563505254261508e-07,1098.193359375,1.1900257535174011e-07,1335.05859375,8.139454406086638e-07,2282.51953125
2025.06.11_0.3_2,index=14.5.54E+05,30,30.0,1,554196.3218,554196.3218_src-index=14.5.54E+05_chunk-0030.npy,368978.105,1.501976172271794,welch_hann_2048_overlap_1024_fs_44100,digital_amplitude_squared_per_hz,1.0339126374775393e-07,1098.193359375,8.336823469611618e-08,1335.05859375,2.8868762049708575e-07,2282.51953125
2025.06.11_0.3_2,index=14.5.54E+05,31,31.0,1,554196.3218,554196.3218_src-index=14.5.54E+05_chunk-0031.npy,368978.105,1.501976172271794,welch_hann_2048_overlap_1024_fs_44100,digital_amplitude_squared_per_hz,2.2506611641983234e-07,1098.193359375,1.2807424478302094e-07,1313.525390625,9.506556779432744e-07,2260.986328125
2025.06.11_0.3_2,index=14.5.54E+05,32,32.0,1,554196.3218,554196.3218_src-index=14.5.54E+05_chunk-0032.npy,368978.105,1.501976172271794,welch_hann_2048_overlap_1024_fs_44100,digital_amplitude_squared_per_hz,2.585453082858616e-07,1098.193359375,1.4253621658715838e-07,1335.05859375,8.771957814181254e-07,2282.51953125
2025.06.11_0.3_2,index=14.5.54E+05,33,33.0,1,554196.3218,554196.3218_src-index=14.5.54E+05_chunk-0033.npy,368978.105,1.501976172271794,welch_hann_2048_overlap_1024_fs_44100,digital_amplitude_squared_per_hz,2.566274875547797e-07,1098.193359375,1.5556753036647756e-07,1335.05859375,1.351213162694881e-06,2282.51953125
2025.06.11_0.3_2,index=14.5.54E+05,34,34.0,1,554196.3218,554196.3218_src-index=14.5.54E+05_chunk-0034.npy,368978.105,1.501976172271794,welch_hann_2048_overlap_1024_fs_44100,digital_amplitude_squared_per_hz,2.1099093450904114e-07,1076.66015625,1.4836707552e-07,1313.525390625,1.0572484085539634e-06,2282.51953125
2025.06.11_0.3_2,index=14.5.54E+05,35,35.0,1,554196.3218,554196.3218_src-index=14.5.54E+05_chunk-0035.npy,368978.105,1.501976172271794,welch_hann_2048_overlap_1024_fs_44100,digital_amplitude_squared_per_hz,1.1387415781102743e-07,1076.66015625,1.1874846434282215e-07,1313.525390625,4.68750414084834e-07,2239.453125
2025.06.11_0.3_2,index=14.5.54E+05,36,36.0,1,554196.3218,554196.3218_src-index=14.5.54E+05_chunk-0036.npy,368978.105,1.501976172271794,welch_hann_2048_overlap_1024_fs_44100,digital_amplitude_squared_per_hz,1.9757599049387422e-07,1076.66015625,1.045329599656063e-07,1335.05859375,9.691373893856265e-07,2282.51953125
2025.06.11_0.3_2,index=14.5.54E+05,37,37.0,1,554196.3218,554196.3218_src-index=14.5.54E+05_chunk-0037.npy,368978.105,1.501976172271794,welch_hann_2048_overlap_1024_fs_44100,digital_amplitude_squared_per_hz,1.2281585568858872e-07,1098.193359375,1.0715188740383162e-07,1313.525390625,6.081046120201707e-07,2282.51953125
2025.06.11_0.3_2,index=14.5.54E+05,38,38.0,1,554196.3218,554196.3218_src-index=14.5.54E+05_chunk-0038.npy,368978.105,1.501976172271794,welch_hann_2048_overlap_1024_fs_44100,digital_amplitude_squared_per_hz,1.6150130379801925e-07,1098.193359375,1.4069746541636627e-07,1335.05859375,9.765930046372681e-07,2282.51953125
2025.06.11_0.3_2,index=14.5.54E+05,39,39.0,1,554196.3218,554196.3218_src-index=14.5.54E+05_chunk-0039.npy,368978.105,1.501976172271794,welch_hann_2048_overlap_1024_fs_44100,digital_amplitude_squared_per_hz,2.328860865313858e-07,1098.193359375,1.2146150133348176e-07,1313.525390625,1.2198047406220589e-06,2304.052734375
2025.06.11_0.3_2,index=14.5.54E+05,40,40.0,1,554196.3218,554196.3218_src-index=14.5.54E+05_chunk-0040.npy,368978.105,1.501976172271794,welch_hann_2048_overlap_1024_fs_44100,digital_amplitude_squared_per_hz,1.531096620705594e-07,1098.193359375,1.2065268325014053e-07,1335.05859375,7.480788754990259e-07,2282.51953125
2025.06.11_0.3_2,index=14.5.54E+05,41,41.0,1,554196.3218,554196.3218_src-index=14.5.54E+05_chunk-0041.npy,368978.105,1.501976172271794,welch_hann_2048_overlap_1024_fs_44100,digital_amplitude_squared_per_hz,1.802118770648581e-07,1098.193359375,1.5945892580468682e-07,1335.05859375,1.1205056257646002e-06,2260.986328125
2025.06.11_0.3_2,index=14.5.54E+05,42,42.0,1,554196.3218,554196.3218_src-index=14.5.54E+05_chunk-0042.npy,368978.105,1.501976172271794,welch_hann_2048_overlap_1024_fs_44100,digital_amplitude_squared_per_hz,1.7056417978089823e-07,1076.66015625,1.5437592945207677e-07,1335.05859375,8.999022983462942e-07,2260.986328125
2025.06.11_0.3_2,index=14.5.54E+05,43,43.0,1,554196.3218,554196.3218_src-index=14.5.54E+05_chunk-0043.npy,368978.105,1.501976172271794,welch_hann_2048_overlap_1024_fs_44100,digital_amplitude_squared_per_hz,1.1576120899924915e-07,1098.193359375,1.0396304932784039e-07,1335.05859375,7.583953359753056e-07,2282.51953125
2025.06.11_0.3_2,index=14.5.54E+05,44,44.0,1,554196.3218,554196.3218_src-index=14.5.54E+05_chunk-0044.npy,368978.105,1.501976172271794,welch_hann_2048_overlap_1024_fs_44100,digital_amplitude_squared_per_hz,2.3191620762398731e-07,1098.193359375,1.480259761961892e-07,1356.591796875,9.223409702545055e-07,2282.51953125
2025.06.11_0.3_2,index=14.5.54E+05,45,45.0,1,554196.3218,554196.3218_src-index=14.5.54E+05_chunk-0045.npy,368978.105,1.501976172271794,welch_hann_2048_overlap_1024_fs_44100,digital_amplitude_squared_per_hz,1.2114464404494436e-07,1098.193359375,9.408073298136724e-08,1335.05859375,4.977793362700952e-07,2282.51953125
2025.06.11_0.3_2,index=14.5.54E+05,46,46.0,1,554196.3218,554196.3218_src-index=14.5.54E+05_chunk-0046.npy,368978.105,1.501976172271794,welch_hann_2048_overlap_1024_fs_44100,digital_amplitude_squared_per_hz,2.7640387222816964e-07,1098.193359375,1.3144373371055482e-07,1335.05859375,8.418352214240487e-07,2282.51953125
2025.06.11_0.3_2,index=14.5.54E+05,47,47.0,1,554196.3218,554196.3218_src-index=14.5.54E+05_chunk-0047.npy,368978.105,1.501976172271794,welch_hann_2048_overlap_1024_fs_44100,digital_amplitude_squared_per_hz,1.1632549522982623e-07,1098.193359375,8.439456626025971e-08,1335.05859375,5.477267102701909e-07,2260.986328125
2025.06.11_0.3_2,index=14.5.54E+05,48,48.0,1,554196.3218,554196.3218_src-index=14.5.54E+05_chunk-0048.npy,368978.105,1.501976172271794,welch_hann_2048_overlap_1024_fs_44100,digital_amplitude_squared_per_hz,1.37639236923155e-07,1098.193359375,8.597361280125432e-08,1356.591796875,5.410251238646028e-07,2260.986328125
2025.06.11_0.3_2,index=14.5.54E+05,49,49.0,1,554196.3218,554196.3218_src-index=14.5.54E+05_chunk-0049.npy,368978.105,1.501976172271794,welch_hann_2048_overlap_1024_fs_44100,digital_amplitude_squared_per_hz,1.6471308045047983e-07,1098.193359375,1.67495710900827e-07,1335.05859375,5.30871484537039e-07,2239.453125
2025.06.11_0.3_2,index=14.5.54E+05,50,50.0,1,554196.3218,554196.3218_src-index=14.5.54E+05_chunk-0050.npy,368978.105,1.501976172271794,welch_hann_2048_overlap_1024_fs_44100,digital_amplitude_squared_per_hz,1.780232698688607e-07,1076.66015625,1.599957939108185e-07,1335.05859375,7.656931967026857e-07,2304.052734375
2025.06.11_0.3_2,index=14.5.54E+05,51,51.0,1,554196.3218,554196.3218_src-index=14.5.54E+05_chunk-0051.npy,368978.105,1.501976172271794,welch_hann_2048_overlap_1024_fs_44100,digital_amplitude_squared_per_hz,2.4368734077155894e-07,1076.66015625,1.8789217564897655e-07,1335.05859375,9.127959262993421e-07,2239.453125
2025.06.11_0.3_2,index=14.5.54E+05,52,52.0,1,554196.3218,554196.3218_src-index=14.5.54E+05_chunk-0052.npy,368978.105,1.501976172271794,welch_hann_2048_overlap_1024_fs_44100,digital_amplitude_squared_per_hz,1.494283773002044e-07,1098.193359375,1.064766366718516e-07,1313.525390625,5.507381819289454e-07,2304.052734375
2025.06.11_0.3_2,index=14.5.54E+05,53,53.0,1,554196.3218,554196.3218_src-index=14.5.54E+05_chunk-0053.npy,368978.105,1.501976172271794,welch_hann_2048_overlap_1024_fs_44100,digital_amplitude_squared_per_hz,1.6435501167852792e-07,1076.66015625,1.0328044652194014e-07,1335.05859375,8.949594565570839e-07,2282.51953125
2025.06.11_0.3_2,index=14.5.54E+05,54,54.0,1,554196.3218,554196.3218_src-index=14.5.54E+05_chunk-0054.npy,368978.105,1.501976172271794,welch_hann_2048_overlap_1024_fs_44100,digital_amplitude_squared_per_hz,1.9242936652519152e-07,1076.66015625,9.586453757718436e-08,1335.05859375,6.16813734586879e-07,2282.51953125
2025.06.11_0.3_2,index=14.5.54E+05,55,55.0,1,554196.3218,554196.3218_src-index=14.5.54E+05_chunk-0055.npy,368978.105,1.501976172271794,welch_hann_2048_overlap_1024_fs_44100,digital_amplitude_squared_per_hz,1.0563932354105991e-07,1076.66015625,7.244856457783163e-08,1335.05859375,4.589091300085763e-07,2282.51953125
2025.06.11_0.3_2,index=14.5.54E+05,56,56.0,1,554196.3218,554196.3218_src-index=14.5.54E+05_chunk-0056.npy,368978.105,1.501976172271794,welch_hann_2048_overlap_1024_fs_44100,digital_amplitude_squared_per_hz,1.0902621892657651e-07,1076.66015625,9.967872253691382e-08,1335.05859375,6.801521945126683e-07,2239.453125
2025.06.11_0.3_2,index=14.5.54E+05,57,57.0,1,554196.3218,554196.3218_src-index=14.5.54E+05_chunk-0057.npy,368978.105,1.501976172271794,welch_hann_2048_overlap_1024_fs_44100,digital_amplitude_squared_per_hz,1.692701839468272e-07,1098.193359375,1.0855025140048814e-07,1313.525390625,9.349718091757058e-07,2282.51953125
2025.06.11_0.3_2,index=14.5.54E+05,58,58.0,1,554196.3218,554196.3218_src-index=14.5.54E+05_chunk-0058.npy,368978.105,1.501976172271794,welch_hann_2048_overlap_1024_fs_44100,digital_amplitude_squared_per_hz,1.0604823206867394e-07,1076.66015625,9.243017740560846e-08,1335.05859375,3.8115699282831664e-07,2282.51953125
2025.06.11_0.3_2,index=14.5.54E+05,59,59.0,1,554196.3218,554196.3218_src-index=14.5.54E+05_chunk-0059.npy,368978.105,1.501976172271794,welch_hann_2048_overlap_1024_fs_44100,digital_amplitude_squared_per_hz,8.469752819812645e-08,1098.193359375,7.919904847412057e-08,1335.05859375,5.484208841258546e-07,2260.986328125
2025.06.11_0.3_2,index=15.6.24E+05,0,0.0,1,624442.5514,624442.5514_src-index=15.6.24E+05_chunk-0000.npy,368978.105,1.6923566546042077,welch_hann_2048_overlap_1024_fs_44100,digital_amplitude_squared_per_hz,2.0673591213797704e-07,1076.66015625,9.668601322428363e-08,1335.05859375,1.7144280384154255e-06,2282.51953125
2025.06.11_0.3_2,index=15.6.24E+05,1,1.0,1,624442.5514,624442.5514_src-index=15.6.24E+05_chunk-0001.npy,368978.105,1.6923566546042077,welch_hann_2048_overlap_1024_fs_44100,digital_amplitude_squared_per_hz,3.98030899875603e-07,1098.193359375,2.824160604193343e-07,1313.525390625,2.4114080837862644e-06,2282.51953125
2025.06.11_0.3_2,index=15.6.24E+05,2,2.0,1,624442.5514,624442.5514_src-index=15.6.24E+05_chunk-0002.npy,368978.105,1.6923566546042077,welch_hann_2048_overlap_1024_fs_44100,digital_amplitude_squared_per_hz,2.4994121502807315e-07,1076.66015625,1.4709999797479196e-07,1313.525390625,1.5633767220236936e-06,2260.986328125
2025.06.11_0.3_2,index=15.6.24E+05,3,3.0,1,624442.5514,624442.5514_src-index=15.6.24E+05_chunk-0003.npy,368978.105,1.6923566546042077,welch_hann_2048_overlap_1024_fs_44100,digital_amplitude_squared_per_hz,3.788030107500573e-07,1098.193359375,2.708950408414904e-07,1313.525390625,2.362342001322649e-06,2260.986328125
2025.06.11_0.3_2,index=15.6.24E+05,4,4.0,1,624442.5514,624442.5514_src-index=15.6.24E+05_chunk-0004.npy,368978.105,1.6923566546042077,welch_hann_2048_overlap_1024_fs_44100,digital_amplitude_squared_per_hz,2.916842707130851e-07,1098.193359375,1.482385520499715e-07,1335.05859375,1.7664857290187075e-06,2282.51953125
2025.06.11_0.3_2,index=15.6.24E+05,5,5.0,1,624442.5514,624442.5514_src-index=15.6.24E+05_chunk-0005.npy,368978.105,1.6923566546042077,welch_hann_2048_overlap_1024_fs_44100,digital_amplitude_squared_per_hz,2.7578809306351723e-07,1076.66015625,1.586611364006691e-07,1335.05859375,1.6107937288421083e-06,2282.51953125
2025.06.11_0.3_2,index=15.6.24E+05,6,6.0,1,624442.5514,624442.5514_src-index=15.6.24E+05_chunk-0006.npy,368978.105,1.6923566546042077,welch_hann_2048_overlap_1024_fs_44100,digital_amplitude_squared_per_hz,3.610920113750347e-07,1076.66015625,2.284745514115467e-07,1313.525390625,2.0502205124564095e-06,2260.986328125
2025.06.11_0.3_2,index=15.6.24E+05,7,7.0,1,624442.5514,624442.5514_src-index=15.6.24E+05_chunk-0007.npy,368978.105,1.6923566546042077,welch_hann_2048_overlap_1024_fs_44100,digital_amplitude_squared_per_hz,2.117661660185461e-07,1076.66015625,1.4442531024670487e-07,1335.05859375,1.3635568915422203e-06,2260.986328125
2025.06.11_0.3_2,index=15.6.24E+05,8,8.0,1,624442.5514,624442.5514_src-index=15.6.24E+05_chunk-0008.npy,368978.105,1.6923566546042077,welch_hann_2048_overlap_1024_fs_44100,digital_amplitude_squared_per_hz,2.0350147377881417e-07,1098.193359375,1.7522609945938316e-07,1335.05859375,1.3695903963159823e-06,2260.986328125
2025.06.11_0.3_2,index=15.6.24E+05,9,9.0,1,624442.5514,624442.5514_src-index=15.6.24E+05_chunk-0009.npy,368978.105,1.6923566546042077,welch_hann_2048_overlap_1024_fs_44100,digital_amplitude_squared_per_hz,2.597744847984263e-07,1055.126953125,1.7679134625773764e-07,1313.525390625,1.6477411366960036e-06,2260.986328125
2025.06.11_0.3_2,index=15.6.24E+05,10,10.0,1,624442.5514,624442.5514_src-index=15.6.24E+05_chunk-0010.npy,368978.105,1.6923566546042077,welch_hann_2048_overlap_1024_fs_44100,digital_amplitude_squared_per_hz,3.921346397664101e-07,1076.66015625,2.459169326279792e-07,1313.525390625,1.9996003814402986e-06,2260.986328125
2025.06.11_0.3_2,index=15.6.24E+05,11,11.0,1,624442.5514,624442.5514_src-index=15.6.24E+05_chunk-0011.npy,368978.105,1.6923566546042077,welch_hann_2048_overlap_1024_fs_44100,digital_amplitude_squared_per_hz,2.638213000174539e-07,1076.66015625,1.935125440343846e-07,1313.525390625,1.6504137954959417e-06,2239.453125
2025.06.11_0.3_2,index=15.6.24E+05,12,12.0,1,624442.5514,624442.5514_src-index=15.6.24E+05_chunk-0012.npy,368978.105,1.6923566546042077,welch_hann_2048_overlap_1024_fs_44100,digital_amplitude_squared_per_hz,3.8826119771791835e-07,1076.66015625,2.6744664003679857e-07,1313.525390625,2.8218833158099153e-06,2282.51953125
2025.06.11_0.3_2,index=15.6.24E+05,13,13.0,1,624442.5514,624442.5514_src-index=15.6.24E+05_chunk-0013.npy,368978.105,1.6923566546042077,welch_hann_2048_overlap_1024_fs_44100,digital_amplitude_squared_per_hz,1.691010457124051e-07,1098.193359375,1.217388987697914e-07,1335.05859375,9.629329585237461e-07,2282.51953125
2025.06.11_0.3_2,index=15.6.24E+05,14,14.0,1,624442.5514,624442.5514_src-index=15.6.24E+05_chunk-0014.npy,368978.105,1.6923566546042077,welch_hann_2048_overlap_1024_fs_44100,digital_amplitude_squared_per_hz,2.7399282515274197e-07,1076.66015625,1.924908784468934e-07,1335.05859375,1.9881693537508663e-06,2260.986328125
2025.06.11_0.3_2,index=15.6.24E+05,15,15.0,1,624442.5514,624442.5514_src-index=15.6.24E+05_chunk-0015.npy,368978.105,1.6923566546042077,welch_hann_2048_overlap_1024_fs_44100,digital_amplitude_squared_per_hz,2.8531396910022486e-07,1076.66015625,1.9043611229371374e-07,1335.05859375,1.4458382229322493e-06,2260.986328125
2025.06.11_0.3_2,index=15.6.24E+05,16,16.0,1,624442.5514,624442.5514_src-index=15.6.24E+05_chunk-0016.npy,368978.105,1.6923566546042077,welch_hann_2048_overlap_1024_fs_44100,digital_amplitude_squared_per_hz,2.158182233431719e-07,1098.193359375,1.7323256710940057e-07,1335.05859375,1.4323132235264948e-06,2282.51953125
2025.06.11_0.3_2,index=15.6.24E+05,17,17.0,1,624442.5514,624442.5514_src-index=15.6.24E+05_chunk-0017.npy,368978.105,1.6923566546042077,welch_hann_2048_overlap_1024_fs_44100,digital_amplitude_squared_per_hz,2.6847203951290413e-07,1098.193359375,1.8660779191866365e-07,1313.525390625,1.370580260801574e-06,2304.052734375
2025.06.11_0.3_2,index=15.6.24E+05,18,18.0,1,624442.5514,624442.5514_src-index=15.6.24E+05_chunk-0018.npy,368978.105,1.6923566546042077,welch_hann_2048_overlap_1024_fs_44100,digital_amplitude_squared_per_hz,2.574145520282934e-07,1076.66015625,1.5593111999396672e-07,1313.525390625,1.777663978838419e-06,2282.51953125
2025.06.11_0.3_2,index=15.6.24E+05,19,19.0,1,624442.5514,624442.5514_src-index=15.6.24E+05_chunk-0019.npy,368978.105,1.6923566546042077,welch_hann_2048_overlap_1024_fs_44100,digital_amplitude_squared_per_hz,2.9874959617470877e-07,1076.66015625,1.6967105857711956e-07,1313.525390625,1.4035634751219257e-06,2239.453125
2025.06.11_0.3_2,index=15.6.24E+05,20,20.0,1,624442.5514,624442.5514_src-index=15.6.24E+05_chunk-0020.npy,368978.105,1.6923566546042077,welch_hann_2048_overlap_1024_fs_44100,digital_amplitude_squared_per_hz,2.000839960000343e-07,1076.66015625,1.7377712710977284e-07,1335.05859375,1.9141679873574575e-06,2282.51953125
2025.06.11_0.3_2,index=15.6.24E+05,21,21.0,1,624442.5514,624442.5514_src-index=15.6.24E+05_chunk-0021.npy,368978.105,1.6923566546042077,welch_hann_2048_overlap_1024_fs_44100,digital_amplitude_squared_per_hz,2.8421258763204433e-07,1098.193359375,2.0872659866161093e-07,1335.05859375,1.3635518812789697e-06,2239.453125
2025.06.11_0.3_2,index=15.6.24E+05,22,22.0,1,624442.5514,624442.5514_src-index=15.6.24E+05_chunk-0022.npy,368978.105,1.6923566546042077,welch_hann_2048_overlap_1024_fs_44100,digital_amplitude_squared_per_hz,2.4467708117260307e-07,1098.193359375,1.683881123783615e-07,1335.05859375,1.056067872143902e-06,2260.986328125
2025.06.11_0.3_2,index=15.6.24E+05,23,23.0,1,624442.5514,624442.5514_src-index=15.6.24E+05_chunk-0023.npy,368978.105,1.6923566546042077,welch_hann_2048_overlap_1024_fs_44100,digital_amplitude_squared_per_hz,2.1005505134950592e-07,1076.66015625,1.869223884261412e-07,1335.05859375,1.4531285476542936e-06,2260.986328125
2025.06.11_0.3_2,index=15.6.24E+05,24,24.0,1,624442.5514,624442.5514_src-index=15.6.24E+05_chunk-0024.npy,368978.105,1.6923566546042077,welch_hann_2048_overlap_1024_fs_44100,digital_amplitude_squared_per_hz,2.417073213491094e-07,1098.193359375,2.2193293638562587e-07,1335.05859375,1.4756331111405798e-06,2260.986328125
2025.06.11_0.3_2,index=15.6.24E+05,25,25.0,1,624442.5514,624442.5514_src-index=15.6.24E+05_chunk-0025.npy,368978.105,1.6923566546042077,welch_hann_2048_overlap_1024_fs_44100,digital_amplitude_squared_per_hz,2.5678353270831235e-07,1098.193359375,2.3103401110743318e-07,1335.05859375,1.4041889464364608e-06,2304.052734375
2025.06.11_0.3_2,index=15.6.24E+05,26,26.0,1,624442.5514,624442.5514_src-index=15.6.24E+05_chunk-0026.npy,368978.105,1.6923566546042077,welch_hann_2048_overlap_1024_fs_44100,digital_amplitude_squared_per_hz,3.1905481245599063e-07,1098.193359375,2.1015462194106464e-07,1335.05859375,1.3340833061994954e-06,2239.453125
2025.06.11_0.3_2,index=15.6.24E+05,27,27.0,1,624442.5514,624442.5514_src-index=15.6.24E+05_chunk-0027.npy,368978.105,1.6923566546042077,welch_hann_2048_overlap_1024_fs_44100,digital_amplitude_squared_per_hz,2.2739144023688455e-07,1076.66015625,1.7765437169423168e-07,1335.05859375,1.0573954234066212e-06,2282.51953125
2025.06.11_0.3_2,index=15.6.24E+05,28,28.0,1,624442.5514,624442.5514_src-index=15.6.24E+05_chunk-0028.npy,368978.105,1.6923566546042077,welch_hann_2048_overlap_1024_fs_44100,digital_amplitude_squared_per_hz,3.440990440139596e-07,1098.193359375,2.444166763277042e-07,1335.05859375,1.5755426865372476e-06,2282.51953125
2025.06.11_0.3_2,index=15.6.24E+05,29,29.0,1,624442.5514,624442.5514_src-index=15.6.24E+05_chunk-0029.npy,368978.105,1.6923566546042077,welch_hann_2048_overlap_1024_fs_44100,digital_amplitude_squared_per_hz,4.221788527317039e-07,1098.193359375,2.2690687727510467e-07,1313.525390625,1.9348340046208914e-06,2304.052734375
2025.06.11_0.3_2,index=15.6.24E+05,30,30.0,1,624442.5514,624442.5514_src-index=15.6.24E+05_chunk-0030.npy,368978.105,1.6923566546042077,welch_hann_2048_overlap_1024_fs_44100,digital_amplitude_squared_per_hz,2.5902960878663173e-07,1098.193359375,2.643200644300715e-07,1335.05859375,1.2768715754056662e-06,2217.919921875
2025.06.11_0.3_2,index=15.6.24E+05,31,31.0,1,624442.5514,624442.5514_src-index=15.6.24E+05_chunk-0031.npy,368978.105,1.6923566546042077,welch_hann_2048_overlap_1024_fs_44100,digital_amplitude_squared_per_hz,3.033704785177369e-07,1076.66015625,1.5658801802151997e-07,1313.525390625,1.350775190265601e-06,2260.986328125
2025.06.11_0.3_2,index=15.6.24E+05,32,32.0,1,624442.5514,624442.5514_src-index=15.6.24E+05_chunk-0032.npy,368978.105,1.6923566546042077,welch_hann_2048_overlap_1024_fs_44100,digital_amplitude_squared_per_hz,1.9092766842376274e-07,1076.66015625,1.5325066529137047e-07,1335.05859375,1.2647522529837317e-06,2260.986328125
2025.06.11_0.3_2,index=15.6.24E+05,33,33.0,1,624442.5514,624442.5514_src-index=15.6.24E+05_chunk-0033.npy,368978.105,1.6923566546042077,welch_hann_2048_overlap_1024_fs_44100,digital_amplitude_squared_per_hz,2.0273267669838487e-07,1076.66015625,1.908219985508689e-07,1335.05859375,1.2795262685792354e-06,2282.51953125
2025.06.11_0.3_2,index=15.6.24E+05,34,34.0,1,624442.5514,624442.5514_src-index=15.6.24E+05_chunk-0034.npy,368978.105,1.6923566546042077,welch_hann_2048_overlap_1024_fs_44100,digital_amplitude_squared_per_hz,1.919687613383206e-07,1098.193359375,1.862707598599303e-07,1335.05859375,1.0053458714480772e-06,2282.51953125
2025.06.11_0.3_2,index=15.6.24E+05,35,35.0,1,624442.5514,624442.5514_src-index=15.6.24E+05_chunk-0035.npy,368978.105,1.6923566546042077,welch_hann_2048_overlap_1024_fs_44100,digital_amplitude_squared_per_hz,3.40342083809103e-07,1098.193359375,2.4392105919521394e-07,1335.05859375,1.1743847659195549e-06,2260.986328125
2025.06.11_0.3_2,index=15.6.24E+05,36,36.0,1,624442.5514,624442.5514_src-index=15.6.24E+05_chunk-0036.npy,368978.105,1.6923566546042077,welch_hann_2048_overlap_1024_fs_44100,digital_amplitude_squared_per_hz,2.634952727777739e-07,1076.66015625,1.9678315418173806e-07,1335.05859375,1.2583843739458525e-06,2260.986328125
2025.06.11_0.3_2,index=15.6.24E+05,37,37.0,1,624442.5514,624442.5514_src-index=15.6.24E+05_chunk-0037.npy,368978.105,1.6923566546042077,welch_hann_2048_overlap_1024_fs_44100,digital_amplitude_squared_per_hz,2.792256516694184e-07,1076.66015625,2.423486081097783e-07,1335.05859375,1.1444290468777202e-06,2282.51953125
2025.06.11_0.3_2,index=15.6.24E+05,38,38.0,1,624442.5514,624442.5514_src-index=15.6.24E+05_chunk-0038.npy,368978.105,1.6923566546042077,welch_hann_2048_overlap_1024_fs_44100,digital_amplitude_squared_per_hz,2.0360823138050853e-07,1098.193359375,1.9956026863014896e-07,1335.05859375,1.2478416693902105e-06,2282.51953125
2025.06.11_0.3_2,index=15.6.24E+05,39,39.0,1,624442.5514,624442.5514_src-index=15.6.24E+05_chunk-0039.npy,368978.105,1.6923566546042077,welch_hann_2048_overlap_1024_fs_44100,digital_amplitude_squared_per_hz,2.1598221685229987e-07,1098.193359375,2.2640528320589498e-07,1335.05859375,1.540606355314846e-06,2260.986328125
2025.06.11_0.3_2,index=15.6.24E+05,40,40.0,1,624442.5514,624442.5514_src-index=15.6.24E+05_chunk-0040.npy,368978.105,1.6923566546042077,welch_hann_2048_overlap_1024_fs_44100,digital_amplitude_squared_per_hz,2.3488587803243846e-07,1098.193359375,2.3853266077431985e-07,1335.05859375,1.4248695995130011e-06,2260.986328125
2025.06.11_0.3_2,index=15.6.24E+05,41,41.0,1,624442.5514,624442.5514_src-index=15.6.24E+05_chunk-0041.npy,368978.105,1.6923566546042077,welch_hann_2048_overlap_1024_fs_44100,digital_amplitude_squared_per_hz,4.193217689200698e-07,1098.193359375,2.735790800885782e-07,1335.05859375,1.6920267170228456e-06,2282.51953125
2025.06.11_0.3_2,index=15.6.24E+05,42,42.0,1,624442.5514,624442.5514_src-index=15.6.24E+05_chunk-0042.npy,368978.105,1.6923566546042077,welch_hann_2048_overlap_1024_fs_44100,digital_amplitude_squared_per_hz,2.371241457255234e-07,1076.66015625,1.9634204420520765e-07,1335.05859375,1.6470246982735799e-06,2282.51953125
2025.06.11_0.3_2,index=15.6.24E+05,43,43.0,1,624442.5514,624442.5514_src-index=15.6.24E+05_chunk-0043.npy,368978.105,1.6923566546042077,welch_hann_2048_overlap_1024_fs_44100,digital_amplitude_squared_per_hz,3.6029109715331213e-07,1098.193359375,2.8859155532644866e-07,1335.05859375,1.7049419668043642e-06,2260.986328125
2025.06.11_0.3_2,index=15.6.24E+05,44,44.0,1,624442.5514,624442.5514_src-index=15.6.24E+05_chunk-0044.npy,368978.105,1.6923566546042077,welch_hann_2048_overlap_1024_fs_44100,digital_amplitude_squared_per_hz,3.3528790089161455e-07,1098.193359375,1.9376530886104432e-07,1335.05859375,1.325239606983481e-06,2304.052734375
2025.06.11_0.3_2,index=15.6.24E+05,45,45.0,1,624442.5514,624442.5514_src-index=15.6.24E+05_chunk-0045.npy,368978.105,1.6923566546042077,welch_hann_2048_overlap_1024_fs_44100,digital_amplitude_squared_per_hz,4.793307185931059e-07,1098.193359375,2.890218620107888e-07,1335.05859375,1.8148417423647256e-06,2239.453125
2025.06.11_0.3_2,index=15.6.24E+05,46,46.0,1,624442.5514,624442.5514_src-index=15.6.24E+05_chunk-0046.npy,368978.105,1.6923566546042077,welch_hann_2048_overlap_1024_fs_44100,digital_amplitude_squared_per_hz,3.057124901690965e-07,1076.66015625,2.7361719164343504e-07,1335.05859375,1.1904553179760116e-06,2282.51953125
2025.06.11_0.3_2,index=15.6.24E+05,47,47.0,1,624442.5514,624442.5514_src-index=15.6.24E+05_chunk-0047.npy,368978.105,1.6923566546042077,welch_hann_2048_overlap_1024_fs_44100,digital_amplitude_squared_per_hz,2.733426416045272e-07,1076.66015625,1.5004597786578352e-07,1313.525390625,7.164520907393068e-07,2217.919921875
2025.06.11_0.3_2,index=15.6.24E+05,48,48.0,1,624442.5514,624442.5514_src-index=15.6.24E+05_chunk-0048.npy,368978.105,1.6923566546042077,welch_hann_2048_overlap_1024_fs_44100,digital_amplitude_squared_per_hz,2.91714987933464e-07,1098.193359375,2.44039221386533e-07,1335.05859375,1.4584386223851414e-06,2282.51953125
2025.06.11_0.3_2,index=15.6.24E+05,49,49.0,1,624442.5514,624442.5514_src-index=15.6.24E+05_chunk-0049.npy,368978.105,1.6923566546042077,welch_hann_2048_overlap_1024_fs_44100,digital_amplitude_squared_per_hz,4.103115765160913e-07,1098.193359375,2.840594609378295e-07,1335.05859375,1.6693414412127771e-06,2304.052734375
2025.06.11_0.3_2,index=15.6.24E+05,50,50.0,1,624442.5514,624442.5514_src-index=15.6.24E+05_chunk-0050.npy,368978.105,1.6923566546042077,welch_hann_2048_overlap_1024_fs_44100,digital_amplitude_squared_per_hz,2.524028826705167e-07,1098.193359375,1.9194161889662845e-07,1335.05859375,1.4491760145823227e-06,2282.51953125
2025.06.11_0.3_2,index=15.6.24E+05,51,51.0,1,624442.5514,624442.5514_src-index=15.6.24E+05_chunk-0051.npy,368978.105,1.6923566546042077,welch_hann_2048_overlap_1024_fs_44100,digital_amplitude_squared_per_hz,2.096993698189912e-07,1098.193359375,1.4570277724545988e-07,1335.05859375,1.5853279200395799e-06,2282.51953125
2025.06.11_0.3_2,index=15.6.24E+05,52,52.0,1,624442.5514,624442.5514_src-index=15.6.24E+05_chunk-0052.npy,368978.105,1.6923566546042077,welch_hann_2048_overlap_1024_fs_44100,digital_amplitude_squared_per_hz,2.1175473905989612e-07,1098.193359375,1.43451214320295e-07,1335.05859375,1.2665563740128084e-06,2304.052734375
2025.06.11_0.3_2,index=15.6.24E+05,53,53.0,1,624442.5514,624442.5514_src-index=15.6.24E+05_chunk-0053.npy,368978.105,1.6923566546042077,welch_hann_2048_overlap_1024_fs_44100,digital_amplitude_squared_per_hz,3.401215063646611e-07,1098.193359375,2.2737594338897771e-07,1335.05859375,2.0943325037531303e-06,2282.51953125
2025.06.11_0.3_2,index=15.6.24E+05,54,54.0,1,624442.5514,624442.5514_src-index=15.6.24E+05_chunk-0054.npy,368978.105,1.6923566546042077,welch_hann_2048_overlap_1024_fs_44100,digital_amplitude_squared_per_hz,3.0507897535193077e-07,1098.193359375,2.0455564951926385e-07,1335.05859375,1.51454047808106e-06,2260.986328125
2025.06.11_0.3_2,index=15.6.24E+05,55,55.0,1,624442.5514,624442.5514_src-index=15.6.24E+05_chunk-0055.npy,368978.105,1.6923566546042077,welch_hann_2048_overlap_1024_fs_44100,digital_amplitude_squared_per_hz,3.0592100493679755e-07,1098.193359375,2.4333205388807183e-07,1335.05859375,1.7701556748492525e-06,2260.986328125
2025.06.11_0.3_2,index=15.6.24E+05,56,56.0,1,624442.5514,624442.5514_src-index=15.6.24E+05_chunk-0056.npy,368978.105,1.6923566546042077,welch_hann_2048_overlap_1024_fs_44100,digital_amplitude_squared_per_hz,2.6379464849047684e-07,1076.66015625,2.5343526313498274e-07,1335.05859375,1.6148224659207888e-06,2282.51953125
2025.06.11_0.3_2,index=15.6.24E+05,57,57.0,1,624442.5514,624442.5514_src-index=15.6.24E+05_chunk-0057.npy,368978.105,1.6923566546042077,welch_hann_2048_overlap_1024_fs_44100,digital_amplitude_squared_per_hz,2.466544955834309e-07,1098.193359375,1.698269378222309e-07,1335.05859375,1.1250967739166373e-06,2282.51953125
2025.06.11_0.3_2,index=15.6.24E+05,58,58.0,1,624442.5514,624442.5514_src-index=15.6.24E+05_chunk-0058.npy,368978.105,1.6923566546042077,welch_hann_2048_overlap_1024_fs_44100,digital_amplitude_squared_per_hz,2.7100209987733817e-07,1098.193359375,1.519732500793639e-07,1335.05859375,1.3371993432124047e-06,2282.51953125
2025.06.11_0.3_2,index=15.6.24E+05,59,59.0,1,624442.5514,624442.5514_src-index=15.6.24E+05_chunk-0059.npy,368978.105,1.6923566546042077,welch_hann_2048_overlap_1024_fs_44100,digital_amplitude_squared_per_hz,2.2970938723809197e-07,1076.66015625,1.9159735242625617e-07,1335.05859375,1.0659275292957674e-06,2260.986328125
2025.06.11_0.3_2,index=16.6.98E+05,0,0.0,1,698421.296,698421.296_src-index=16.6.98E+05_chunk-0000.npy,368978.105,1.8928529539713477,welch_hann_2048_overlap_1024_fs_44100,digital_amplitude_squared_per_hz,4.0164376864637894e-07,1098.193359375,3.1848349720964373e-07,1335.05859375,3.333522028552231e-06,2282.51953125
2025.06.11_0.3_2,index=16.6.98E+05,1,1.0,1,698421.296,698421.296_src-index=16.6.98E+05_chunk-0001.npy,368978.105,1.8928529539713477,welch_hann_2048_overlap_1024_fs_44100,digital_amplitude_squared_per_hz,5.010309559859131e-07,1076.66015625,3.5754553518859736e-07,1313.525390625,3.3531377699937266e-06,2282.51953125
2025.06.11_0.3_2,index=16.6.98E+05,2,2.0,1,698421.296,698421.296_src-index=16.6.98E+05_chunk-0002.npy,368978.105,1.8928529539713477,welch_hann_2048_overlap_1024_fs_44100,digital_amplitude_squared_per_hz,3.785766912077448e-07,1076.66015625,2.481584260234064e-07,1335.05859375,2.8739201383236573e-06,2282.51953125
2025.06.11_0.3_2,index=16.6.98E+05,3,3.0,1,698421.296,698421.296_src-index=16.6.98E+05_chunk-0003.npy,368978.105,1.8928529539713477,welch_hann_2048_overlap_1024_fs_44100,digital_amplitude_squared_per_hz,5.278860513557616e-07,1098.193359375,3.768631595533252e-07,1335.05859375,3.247443003379653e-06,2282.51953125
2025.06.11_0.3_2,index=16.6.98E+05,4,4.0,1,698421.296,698421.296_src-index=16.6.98E+05_chunk-0004.npy,368978.105,1.8928529539713477,welch_hann_2048_overlap_1024_fs_44100,digital_amplitude_squared_per_hz,2.9445360913086003e-07,1076.66015625,1.822624581646676e-07,1313.525390625,2.8295264750677637e-06,2282.51953125
2025.06.11_0.3_2,index=16.6.98E+05,5,5.0,1,698421.296,698421.296_src-index=16.6.98E+05_chunk-0005.npy,368978.105,1.8928529539713477,welch_hann_2048_overlap_1024_fs_44100,digital_amplitude_squared_per_hz,4.3396028368217564e-07,1098.193359375,3.102975914330228e-07,1313.525390625,2.3674048408607047e-06,2282.51953125
2025.06.11_0.3_2,index=16.6.98E+05,6,6.0,1,698421.296,698421.296_src-index=16.6.98E+05_chunk-0006.npy,368978.105,1.8928529539713477,welch_hann_2048_overlap_1024_fs_44100,digital_amplitude_squared_per_hz,4.980624682584247e-07,1076.66015625,3.012193185244175e-07,1335.05859375,2.484245541077711e-06,2260.986328125
2025.06.11_0.3_2,index=16.6.98E+05,7,7.0,1,698421.296,698421.296_src-index=16.6.98E+05_chunk-0007.npy,368978.105,1.8928529539713477,welch_hann_2048_overlap_1024_fs_44100,digital_amplitude_squared_per_hz,3.32566757970735e-07,1098.193359375,2.3159330851223625e-07,1313.525390625,2.4448711847430247e-06,2282.51953125
2025.06.11_0.3_2,index=16.6.98E+05,8,8.0,1,698421.296,698421.296_src-index=16.6.98E+05_chunk-0008.npy,368978.105,1.8928529539713477,welch_hann_2048_overlap_1024_fs_44100,digital_amplitude_squared_per_hz,3.5427972698776205e-07,1098.193359375,2.674492323478257e-07,1335.05859375,2.360866542730116e-06,2260.986328125
2025.06.11_0.3_2,index=16.6.98E+05,9,9.0,1,698421.296,698421.296_src-index=16.6.98E+05_chunk-0009.npy,368978.105,1.8928529539713477,welch_hann_2048_overlap_1024_fs_44100,digital_amplitude_squared_per_hz,4.3102803237523927e-07,1098.193359375,2.6586373989893683e-07,1313.525390625,2.4176058422962567e-06,2260.986328125
2025.06.11_0.3_2,index=16.6.98E+05,10,10.0,1,698421.296,698421.296_src-index=16.6.98E+05_chunk-0010.npy,368978.105,1.8928529539713477,welch_hann_2048_overlap_1024_fs_44100,digital_amplitude_squared_per_hz,3.749010599186965e-07,1098.193359375,2.1215618431620067e-07,1313.525390625,2.6793630251162097e-06,2260.986328125
2025.06.11_0.3_2,index=16.6.98E+05,11,11.0,1,698421.296,698421.296_src-index=16.6.98E+05_chunk-0011.npy,368978.105,1.8928529539713477,welch_hann_2048_overlap_1024_fs_44100,digital_amplitude_squared_per_hz,2.538695346803336e-07,1098.193359375,2.208539449082611e-07,1313.525390625,1.7574132874429814e-06,2282.51953125
2025.06.11_0.3_2,index=16.6.98E+05,12,12.0,1,698421.296,698421.296_src-index=16.6.98E+05_chunk-0012.npy,368978.105,1.8928529539713477,welch_hann_2048_overlap_1024_fs_44100,digital_amplitude_squared_per_hz,4.0449425384105026e-07,1076.66015625,2.2605854891661427e-07,1313.525390625,3.3726266400960736e-06,2282.51953125
2025.06.11_0.3_2,index=16.6.98E+05,13,13.0,1,698421.296,698421.296_src-index=16.6.98E+05_chunk-0013.npy,368978.105,1.8928529539713477,welch_hann_2048_overlap_1024_fs_44100,digital_amplitude_squared_per_hz,4.0255663261407907e-07,1076.66015625,3.84690837967491e-07,1313.525390625,2.5413369041180783e-06,2260.986328125
2025.06.11_0.3_2,index=16.6.98E+05,14,14.0,1,698421.296,698421.296_src-index=16.6.98E+05_chunk-0014.npy,368978.105,1.8928529539713477,welch_hann_2048_overlap_1024_fs_44100,digital_amplitude_squared_per_hz,4.3215000300640407e-07,1098.193359375,3.2909883179600445e-07,1313.525390625,2.533478678386388e-06,2260.986328125
2025.06.11_0.3_2,index=16.6.98E+05,15,15.0,1,698421.296,698421.296_src-index=16.6.98E+05_chunk-0015.npy,368978.105,1.8928529539713477,welch_hann_2048_overlap_1024_fs_44100,digital_amplitude_squared_per_hz,5.216062417558223e-07,1076.66015625,2.9851614152994334e-07,1313.525390625,2.771998840380512e-06,2282.51953125
2025.06.11_0.3_2,index=16.6.98E+05,16,16.0,1,698421.296,698421.296_src-index=16.6.98E+05_chunk-0016.npy,368978.105,1.8928529539713477,welch_hann_2048_overlap_1024_fs_44100,digital_amplitude_squared_per_hz,3.663119655240712e-07,1076.66015625,2.8240403396425204e-07,1335.05859375,2.7401756304168575e-06,2282.51953125
2025.06.11_0.3_2,index=16.6.98E+05,17,17.0,1,698421.296,698421.296_src-index=16.6.98E+05_chunk-0017.npy,368978.105,1.8928529539713477,welch_hann_2048_overlap_1024_fs_44100,digital_amplitude_squared_per_hz,3.7454813512780064e-07,1076.66015625,2.856594724467036e-07,1313.525390625,2.671940801870175e-06,2282.51953125
2025.06.11_0.3_2,index=16.6.98E+05,18,18.0,1,698421.296,698421.296_src-index=16.6.98E+05_chunk-0018.npy,368978.105,1.8928529539713477,welch_hann_2048_overlap_1024_fs_44100,digital_amplitude_squared_per_hz,4.25021240730354e-07,1076.66015625,2.9315040258621136e-07,1313.525390625,2.565641898603671e-06,2260.986328125
2025.06.11_0.3_2,index=16.6.98E+05,19,19.0,1,698421.296,698421.296_src-index=16.6.98E+05_chunk-0019.npy,368978.105,1.8928529539713477,welch_hann_2048_overlap_1024_fs_44100,digital_amplitude_squared_per_hz,4.307470131570264e-07,1098.193359375,2.700203399019254e-07,1313.525390625,2.8488114346987055e-06,2282.51953125
2025.06.11_0.3_2,index=16.6.98E+05,20,20.0,1,698421.296,698421.296_src-index=16.6.98E+05_chunk-0020.npy,368978.105,1.8928529539713477,welch_hann_2048_overlap_1024_fs_44100,digital_amplitude_squared_per_hz,5.316752760644799e-07,1098.193359375,3.816971661318397e-07,1313.525390625,3.272031901063119e-06,2260.986328125
2025.06.11_0.3_2,index=16.6.98E+05,21,21.0,1,698421.296,698421.296_src-index=16.6.98E+05_chunk-0021.npy,368978.105,1.8928529539713477,welch_hann_2048_overlap_1024_fs_44100,digital_amplitude_squared_per_hz,4.0647110122201886e-07,1076.66015625,3.3762421366821583e-07,1313.525390625,3.078282086173408e-06,2282.51953125
2025.06.11_0.3_2,index=16.6.98E+05,22,22.0,1,698421.296,698421.296_src-index=16.6.98E+05_chunk-0022.npy,368978.105,1.8928529539713477,welch_hann_2048_overlap_1024_fs_44100,digital_amplitude_squared_per_hz,4.811714557892218e-07,1098.193359375,3.3819380704207015e-07,1313.525390625,3.0925561155409288e-06,2282.51953125
2025.06.11_0.3_2,index=16.6.98E+05,23,23.0,1,698421.296,698421.296_src-index=16.6.98E+05_chunk-0023.npy,368978.105,1.8928529539713477,welch_hann_2048_overlap_1024_fs_44100,digital_amplitude_squared_per_hz,3.3424688239736146e-07,1098.193359375,3.790466762530343e-07,1335.05859375,3.3795168235511924e-06,2282.51953125
2025.06.11_0.3_2,index=16.6.98E+05,24,24.0,1,698421.296,698421.296_src-index=16.6.98E+05_chunk-0024.npy,368978.105,1.8928529539713477,welch_hann_2048_overlap_1024_fs_44100,digital_amplitude_squared_per_hz,4.5320372136276664e-07,1098.193359375,3.2006665931159127e-07,1335.05859375,2.08390527108459e-06,2282.51953125
2025.06.11_0.3_2,index=16.6.98E+05,25,25.0,1,698421.296,698421.296_src-index=16.6.98E+05_chunk-0025.npy,368978.105,1.8928529539713477,welch_hann_2048_overlap_1024_fs_44100,digital_amplitude_squared_per_hz,4.729118496390395e-07,1098.193359375,2.884073708859087e-07,1335.05859375,2.6117844892197793e-06,2260.986328125
2025.06.11_0.3_2,index=16.6.98E+05,26,26.0,1,698421.296,698421.296_src-index=16.6.98E+05_chunk-0026.npy,368978.105,1.8928529539713477,welch_hann_2048_overlap_1024_fs_44100,digital_amplitude_squared_per_hz,4.2384939531505804e-07,1098.193359375,3.168870116465226e-07,1313.525390625,2.578566899087873e-06,2282.51953125
2025.06.11_0.3_2,index=16.6.98E+05,27,27.0,1,698421.296,698421.296_src-index=16.6.98E+05_chunk-0027.npy,368978.105,1.8928529539713477,welch_hann_2048_overlap_1024_fs_44100,digital_amplitude_squared_per_hz,4.1565526225443723e-07,1098.193359375,2.853007633165887e-07,1313.525390625,1.8689279150955296e-06,2239.453125
2025.06.11_0.3_2,index=16.6.98E+05,28,28.0,1,698421.296,698421.296_src-index=16.6.98E+05_chunk-0028.npy,368978.105,1.8928529539713477,welch_hann_2048_overlap_1024_fs_44100,digital_amplitude_squared_per_hz,3.57096747016482e-07,1076.66015625,2.297503807625056e-07,1313.525390625,1.8378031118214218e-06,2282.51953125
2025.06.11_0.3_2,index=16.6.98E+05,29,29.0,1,698421.296,698421.296_src-index=16.6.98E+05_chunk-0029.npy,368978.105,1.8928529539713477,welch_hann_2048_overlap_1024_fs_44100,digital_amplitude_squared_per_hz,3.983703044883929e-07,1098.193359375,3.036760247916514e-07,1313.525390625,2.2012719383440085e-06,2260.986328125
2025.06.11_0.3_2,index=16.6.98E+05,30,30.0,1,698421.296,698421.296_src-index=16.6.98E+05_chunk-0030.npy,368978.105,1.8928529539713477,welch_hann_2048_overlap_1024_fs_44100,digital_amplitude_squared_per_hz,4.84830778704612e-07,1076.66015625,2.632967238921954e-07,1335.05859375,2.9445654124697573e-06,2282.51953125
2025.06.11_0.3_2,index=16.6.98E+05,31,31.0,1,698421.296,698421.296_src-index=16.6.98E+05_chunk-0031.npy,368978.105,1.8928529539713477,welch_hann_2048_overlap_1024_fs_44100,digital_amplitude_squared_per_hz,4.550954646925758e-07,1098.193359375,3.565200657734366e-07,1335.05859375,2.6438330632502484e-06,2282.51953125
2025.06.11_0.3_2,index=16.6.98E+05,32,32.0,1,698421.296,698421.296_src-index=16.6.98E+05_chunk-0032.npy,368978.105,1.8928529539713477,welch_hann_2048_overlap_1024_fs_44100,digital_amplitude_squared_per_hz,4.583819374153934e-07,1076.66015625,3.429539996228747e-07,1335.05859375,2.5460647291430206e-06,2282.51953125
2025.06.11_0.3_2,index=16.6.98E+05,33,33.0,1,698421.296,698421.296_src-index=16.6.98E+05_chunk-0033.npy,368978.105,1.8928529539713477,welch_hann_2048_overlap_1024_fs_44100,digital_amplitude_squared_per_hz,3.9708238133927345e-07,1076.66015625,3.765415282408421e-07,1335.05859375,1.6752878122789423e-06,2282.51953125
2025.06.11_0.3_2,index=16.6.98E+05,34,34.0,1,698421.296,698421.296_src-index=16.6.98E+05_chunk-0034.npy,368978.105,1.8928529539713477,welch_hann_2048_overlap_1024_fs_44100,digital_amplitude_squared_per_hz,3.754242180076627e-07,1076.66015625,3.062906240289422e-07,1313.525390625,1.6488595488651698e-06,2260.986328125
2025.06.11_0.3_2,index=16.6.98E+05,35,35.0,1,698421.296,698421.296_src-index=16.6.98E+05_chunk-0035.npy,368978.105,1.8928529539713477,welch_hann_2048_overlap_1024_fs_44100,digital_amplitude_squared_per_hz,3.8099158411138833e-07,1098.193359375,2.736212066821353e-07,1335.05859375,2.565943531768461e-06,2260.986328125
2025.06.11_0.3_2,index=16.6.98E+05,36,36.0,1,698421.296,698421.296_src-index=16.6.98E+05_chunk-0036.npy,368978.105,1.8928529539713477,welch_hann_2048_overlap_1024_fs_44100,digital_amplitude_squared_per_hz,4.0274210999569696e-07,1076.66015625,3.000706891316313e-07,1335.05859375,2.1993231121243587e-06,2260.986328125
2025.06.11_0.3_2,index=16.6.98E+05,37,37.0,1,698421.296,698421.296_src-index=16.6.98E+05_chunk-0037.npy,368978.105,1.8928529539713477,welch_hann_2048_overlap_1024_fs_44100,digital_amplitude_squared_per_hz,5.171012744560764e-07,1098.193359375,3.0917909741300064e-07,1313.525390625,2.3039367900734733e-06,2260.986328125
2025.06.11_0.3_2,index=16.6.98E+05,38,38.0,1,698421.296,698421.296_src-index=16.6.98E+05_chunk-0038.npy,368978.105,1.8928529539713477,welch_hann_2048_overlap_1024_fs_44100,digital_amplitude_squared_per_hz,4.2288672989050177e-07,1076.66015625,2.918827200932459e-07,1335.05859375,1.926036027272224e-06,2282.51953125
2025.06.11_0.3_2,index=16.6.98E+05,39,39.0,1,698421.296,698421.296_src-index=16.6.98E+05_chunk-0039.npy,368978.105,1.8928529539713477,welch_hann_2048_overlap_1024_fs_44100,digital_amplitude_squared_per_hz,2.841934876707088e-07,1076.66015625,2.72319589628699e-07,1335.05859375,2.0777926437565583e-06,2282.51953125
2025.06.11_0.3_2,index=16.6.98E+05,40,40.0,1,698421.296,698421.296_src-index=16.6.98E+05_chunk-0040.npy,368978.105,1.8928529539713477,welch_hann_2048_overlap_1024_fs_44100,digital_amplitude_squared_per_hz,3.5952179550719304e-07,1076.66015625,3.576079080118898e-07,1335.05859375,2.289336135441962e-06,2260.986328125
2025.06.11_0.3_2,index=16.6.98E+05,41,41.0,1,698421.296,698421.296_src-index=16.6.98E+05_chunk-0041.npy,368978.105,1.8928529539713477,welch_hann_2048_overlap_1024_fs_44100,digital_amplitude_squared_per_hz,3.1900730337273887e-07,1076.66015625,3.3296324592822355e-07,1335.05859375,2.0187464242464994e-06,2282.51953125
2025.06.11_0.3_2,index=16.6.98E+05,42,42.0,1,698421.296,698421.296_src-index=16.6.98E+05_chunk-0042.npy,368978.105,1.8928529539713477,welch_hann_2048_overlap_1024_fs_44100,digital_amplitude_squared_per_hz,3.7341485311554295e-07,1076.66015625,2.2323853754667625e-07,1335.05859375,2.4930289384286595e-06,2282.51953125
2025.06.11_0.3_2,index=16.6.98E+05,43,43.0,1,698421.296,698421.296_src-index=16.6.98E+05_chunk-0043.npy,368978.105,1.8928529539713477,welch_hann_2048_overlap_1024_fs_44100,digital_amplitude_squared_per_hz,4.3929115976582386e-07,1076.66015625,2.7589365080644453e-07,1335.05859375,2.1476350203952823e-06,2282.51953125
2025.06.11_0.3_2,index=16.6.98E+05,44,44.0,1,698421.296,698421.296_src-index=16.6.98E+05_chunk-0044.npy,368978.105,1.8928529539713477,welch_hann_2048_overlap_1024_fs_44100,digital_amplitude_squared_per_hz,3.428982578477215e-07,1098.193359375,2.90568775251825e-07,1313.525390625,1.4216456391742499e-06,2239.453125
2025.06.11_0.3_2,index=16.6.98E+05,45,45.0,1,698421.296,698421.296_src-index=16.6.98E+05_chunk-0045.npy,368978.105,1.8928529539713477,welch_hann_2048_overlap_1024_fs_44100,digital_amplitude_squared_per_hz,4.022831900781186e-07,1076.66015625,3.3400447018576244e-07,1335.05859375,1.960582319639865e-06,2282.51953125
2025.06.11_0.3_2,index=16.6.98E+05,46,46.0,1,698421.296,698421.296_src-index=16.6.98E+05_chunk-0046.npy,368978.105,1.8928529539713477,welch_hann_2048_overlap_1024_fs_44100,digital_amplitude_squared_per_hz,4.629500523974298e-07,1098.193359375,3.2042060939170964e-07,1335.05859375,2.7894758671176223e-06,2260.986328125
2025.06.11_0.3_2,index=16.6.98E+05,47,47.0,1,698421.296,698421.296_src-index=16.6.98E+05_chunk-0047.npy,368978.105,1.8928529539713477,welch_hann_2048_overlap_1024_fs_44100,digital_amplitude_squared_per_hz,4.90627639985747e-07,1098.193359375,3.282390087716247e-07,1335.05859375,2.48968068153238e-06,2282.51953125
2025.06.11_0.3_2,index=16.6.98E+05,48,48.0,1,698421.296,698421.296_src-index=16.6.98E+05_chunk-0048.npy,368978.105,1.8928529539713477,welch_hann_2048_overlap_1024_fs_44100,digital_amplitude_squared_per_hz,5.202363951811055e-07,1098.193359375,4.1683898580544875e-07,1313.525390625,2.8431320345351252e-06,2282.51953125
2025.06.11_0.3_2,index=16.6.98E+05,49,49.0,1,698421.296,698421.296_src-index=16.6.98E+05_chunk-0049.npy,368978.105,1.8928529539713477,welch_hann_2048_overlap_1024_fs_44100,digital_amplitude_squared_per_hz,4.3971721939383506e-07,1098.193359375,4.0381381350536545e-07,1335.05859375,2.616144296529341e-06,2304.052734375
2025.06.11_0.3_2,index=16.6.98E+05,50,50.0,1,698421.296,698421.296_src-index=16.6.98E+05_chunk-0050.npy,368978.105,1.8928529539713477,welch_hann_2048_overlap_1024_fs_44100,digital_amplitude_squared_per_hz,4.6988449590645244e-07,1076.66015625,2.979753401922328e-07,1313.525390625,2.296349609729991e-06,2282.51953125
2025.06.11_0.3_2,index=16.6.98E+05,51,51.0,1,698421.296,698421.296_src-index=16.6.98E+05_chunk-0051.npy,368978.105,1.8928529539713477,welch_hann_2048_overlap_1024_fs_44100,digital_amplitude_squared_per_hz,3.656517585920386e-07,1098.193359375,2.3556741432247124e-07,1313.525390625,1.8606286162177504e-06,2304.052734375
2025.06.11_0.3_2,index=16.6.98E+05,52,52.0,1,698421.296,698421.296_src-index=16.6.98E+05_chunk-0052.npy,368978.105,1.8928529539713477,welch_hann_2048_overlap_1024_fs_44100,digital_amplitude_squared_per_hz,4.0988027151490476e-07,1076.66015625,3.464640923357674e-07,1335.05859375,3.0674800368695533e-06,2282.51953125
2025.06.11_0.3_2,index=16.6.98E+05,53,53.0,1,698421.296,698421.296_src-index=16.6.98E+05_chunk-0053.npy,368978.105,1.8928529539713477,welch_hann_2048_overlap_1024_fs_44100,digital_amplitude_squared_per_hz,4.028319486134572e-07,1076.66015625,2.549148468097705e-07,1335.05859375,1.9249989118455974e-06,2282.51953125
2025.06.11_0.3_2,index=16.6.98E+05,54,54.0,1,698421.296,698421.296_src-index=16.6.98E+05_chunk-0054.npy,368978.105,1.8928529539713477,welch_hann_2048_overlap_1024_fs_44100,digital_amplitude_squared_per_hz,3.691622483036132e-07,1098.193359375,3.683821341679746e-07,1335.05859375,2.0930425383837246e-06,2260.986328125
2025.06.11_0.3_2,index=16.6.98E+05,55,55.0,1,698421.296,698421.296_src-index=16.6.98E+05_chunk-0055.npy,368978.105,1.8928529539713477,welch_hann_2048_overlap_1024_fs_44100,digital_amplitude_squared_per_hz,5.32088215988202e-07,1098.193359375,3.017370002885691e-07,1335.05859375,2.0132201143732874e-06,2239.453125
2025.06.11_0.3_2,index=16.6.98E+05,56,56.0,1,698421.296,698421.296_src-index=16.6.98E+05_chunk-0056.npy,368978.105,1.8928529539713477,welch_hann_2048_overlap_1024_fs_44100,digital_amplitude_squared_per_hz,4.429891624551902e-07,1098.193359375,2.730908349576715e-07,1313.525390625,2.7418341886468266e-06,2260.986328125
2025.06.11_0.3_2,index=16.6.98E+05,57,57.0,1,698421.296,698421.296_src-index=16.6.98E+05_chunk-0057.npy,368978.105,1.8928529539713477,welch_hann_2048_overlap_1024_fs_44100,digital_amplitude_squared_per_hz,3.8035736719676764e-07,1076.66015625,2.707674696867927e-07,1335.05859375,2.011761655517171e-06,2260.986328125
2025.06.11_0.3_2,index=16.6.98E+05,58,58.0,1,698421.296,698421.296_src-index=16.6.98E+05_chunk-0058.npy,368978.105,1.8928529539713477,welch_hann_2048_overlap_1024_fs_44100,digital_amplitude_squared_per_hz,3.225979894618771e-07,1076.66015625,2.2249556201354258e-07,1335.05859375,1.8015648757071827e-06,2304.052734375
2025.06.11_0.3_2,index=16.6.98E+05,59,59.0,1,698421.296,698421.296_src-index=16.6.98E+05_chunk-0059.npy,368978.105,1.8928529539713477,welch_hann_2048_overlap_1024_fs_44100,digital_amplitude_squared_per_hz,3.555519892319417e-07,1098.193359375,2.7365970739621536e-07,1335.05859375,1.4611848785239154e-06,2304.052734375
2025.06.11_0.3_2,index=17.7.77E+05,0,0.0,1,776647.2223,776647.2223_src-index=17.7.77E+05_chunk-0000.npy,368978.105,2.104859913842313,welch_hann_2048_overlap_1024_fs_44100,digital_amplitude_squared_per_hz,4.096910154244019e-07,1098.193359375,3.520089743370727e-07,1335.05859375,3.003355117439868e-06,2282.51953125
2025.06.11_0.3_2,index=17.7.77E+05,1,1.0,1,776647.2223,776647.2223_src-index=17.7.77E+05_chunk-0001.npy,368978.105,2.104859913842313,welch_hann_2048_overlap_1024_fs_44100,digital_amplitude_squared_per_hz,5.043265558107326e-07,1098.193359375,3.0303897639896124e-07,1313.525390625,3.122796850583801e-06,2282.51953125
2025.06.11_0.3_2,index=17.7.77E+05,2,2.0,1,776647.2223,776647.2223_src-index=17.7.77E+05_chunk-0002.npy,368978.105,2.104859913842313,welch_hann_2048_overlap_1024_fs_44100,digital_amplitude_squared_per_hz,6.555474846782394e-07,1098.193359375,3.927203404733641e-07,1335.05859375,3.0363596335446492e-06,2282.51953125
2025.06.11_0.3_2,index=17.7.77E+05,3,3.0,1,776647.2223,776647.2223_src-index=17.7.77E+05_chunk-0003.npy,368978.105,2.104859913842313,welch_hann_2048_overlap_1024_fs_44100,digital_amplitude_squared_per_hz,5.522329283010672e-07,1076.66015625,3.8134170612174637e-07,1335.05859375,4.271528891613181e-06,2282.51953125
2025.06.11_0.3_2,index=17.7.77E+05,4,4.0,1,776647.2223,776647.2223_src-index=17.7.77E+05_chunk-0004.npy,368978.105,2.104859913842313,welch_hann_2048_overlap_1024_fs_44100,digital_amplitude_squared_per_hz,4.803832444641288e-07,1076.66015625,3.0824175228665963e-07,1335.05859375,2.9414925235583986e-06,2260.986328125
2025.06.11_0.3_2,index=17.7.77E+05,5,5.0,1,776647.2223,776647.2223_src-index=17.7.77E+05_chunk-0005.npy,368978.105,2.104859913842313,welch_hann_2048_overlap_1024_fs_44100,digital_amplitude_squared_per_hz,4.1899461134502094e-07,1076.66015625,3.014040158268196e-07,1335.05859375,2.843544446904397e-06,2282.51953125
2025.06.11_0.3_2,index=17.7.77E+05,6,6.0,1,776647.2223,776647.2223_src-index=17.7.77E+05_chunk-0006.npy,368978.105,2.104859913842313,welch_hann_2048_overlap_1024_fs_44100,digital_amplitude_squared_per_hz,4.981314837977471e-07,1098.193359375,5.159633001155676e-07,1313.525390625,3.3652513506952422e-06,2282.51953125
2025.06.11_0.3_2,index=17.7.77E+05,7,7.0,1,776647.2223,776647.2223_src-index=17.7.77E+05_chunk-0007.npy,368978.105,2.104859913842313,welch_hann_2048_overlap_1024_fs_44100,digital_amplitude_squared_per_hz,5.064473934214338e-07,1076.66015625,4.113816624736549e-07,1335.05859375,3.502989897306042e-06,2282.51953125
2025.06.11_0.3_2,index=17.7.77E+05,8,8.0,1,776647.2223,776647.2223_src-index=17.7.77E+05_chunk-0008.npy,368978.105,2.104859913842313,welch_hann_2048_overlap_1024_fs_44100,digital_amplitude_squared_per_hz,4.3053484251054225e-07,1076.66015625,4.0281141361151097e-07,1335.05859375,3.3393252080400387e-06,2282.51953125
2025.06.11_0.3_2,index=17.7.77E+05,9,9.0,1,776647.2223,776647.2223_src-index=17.7.77E+05_chunk-0009.npy,368978.105,2.104859913842313,welch_hann_2048_overlap_1024_fs_44100,digital_amplitude_squared_per_hz,6.094671078174488e-07,1076.66015625,4.3011729786301035e-07,1335.05859375,3.5470117726440856e-06,2282.51953125
2025.06.11_0.3_2,index=17.7.77E+05,10,10.0,1,776647.2223,776647.2223_src-index=17.7.77E+05_chunk-0010.npy,368978.105,2.104859913842313,welch_hann_2048_overlap_1024_fs_44100,digital_amplitude_squared_per_hz,5.492287133351919e-07,1098.193359375,4.3555788823484855e-07,1313.525390625,3.627909210181048e-06,2304.052734375
2025.06.11_0.3_2,index=17.7.77E+05,11,11.0,1,776647.2223,776647.2223_src-index=17.7.77E+05_chunk-0011.npy,368978.105,2.104859913842313,welch_hann_2048_overlap_1024_fs_44100,digital_amplitude_squared_per_hz,5.589202442186217e-07,1076.66015625,4.190912496249186e-07,1335.05859375,3.997697799194116e-06,2282.51953125
2025.06.11_0.3_2,index=17.7.77E+05,12,12.0,1,776647.2223,776647.2223_src-index=17.7.77E+05_chunk-0012.npy,368978.105,2.104859913842313,welch_hann_2048_overlap_1024_fs_44100,digital_amplitude_squared_per_hz,4.5385559319641536e-07,1076.66015625,4.913149422892751e-07,1313.525390625,3.8065159750820143e-06,2282.51953125
2025.06.11_0.3_2,index=17.7.77E+05,13,13.0,1,776647.2223,776647.2223_src-index=17.7.77E+05_chunk-0013.npy,368978.105,2.104859913842313,welch_hann_2048_overlap_1024_fs_44100,digital_amplitude_squared_per_hz,3.6280565086563776e-07,1076.66015625,2.5633007356035647e-07,1335.05859375,3.1094171163630943e-06,2260.986328125
2025.06.11_0.3_2,index=17.7.77E+05,14,14.0,1,776647.2223,776647.2223_src-index=17.7.77E+05_chunk-0014.npy,368978.105,2.104859913842313,welch_hann_2048_overlap_1024_fs_44100,digital_amplitude_squared_per_hz,4.5665819150001426e-07,1076.66015625,2.7713871507461646e-07,1335.05859375,3.5648666954059752e-06,2282.51953125
2025.06.11_0.3_2,index=17.7.77E+05,15,15.0,1,776647.2223,776647.2223_src-index=17.7.77E+05_chunk-0015.npy,368978.105,2.104859913842313,welch_hann_2048_overlap_1024_fs_44100,digital_amplitude_squared_per_hz,5.200023234271302e-07,1076.66015625,3.6959260362442367e-07,1313.525390625,3.4155114571489373e-06,2282.51953125
2025.06.11_0.3_2,index=17.7.77E+05,16,16.0,1,776647.2223,776647.2223_src-index=17.7.77E+05_chunk-0016.npy,368978.105,2.104859913842313,welch_hann_2048_overlap_1024_fs_44100,digital_amplitude_squared_per_hz,3.77253428647409e-07,1076.66015625,3.936111685612756e-07,1335.05859375,4.228295765459898e-06,2282.51953125
2025.06.11_0.3_2,index=17.7.77E+05,17,17.0,1,776647.2223,776647.2223_src-index=17.7.77E+05_chunk-0017.npy,368978.105,2.104859913842313,welch_hann_2048_overlap_1024_fs_44100,digital_amplitude_squared_per_hz,5.822669503396806e-07,1076.66015625,3.364577936048854e-07,1313.525390625,3.828460943455327e-06,2260.986328125
2025.06.11_0.3_2,index=17.7.77E+05,18,18.0,1,776647.2223,776647.2223_src-index=17.7.77E+05_chunk-0018.npy,368978.105,2.104859913842313,welch_hann_2048_overlap_1024_fs_44100,digital_amplitude_squared_per_hz,4.730892833895492e-07,1098.193359375,4.420737450531826e-07,1313.525390625,3.45770140132815e-06,2260.986328125
2025.06.11_0.3_2,index=17.7.77E+05,19,19.0,1,776647.2223,776647.2223_src-index=17.7.77E+05_chunk-0019.npy,368978.105,2.104859913842313,welch_hann_2048_overlap_1024_fs_44100,digital_amplitude_squared_per_hz,5.279255934201924e-07,1098.193359375,5.017787445308222e-07,1313.525390625,4.414341913628211e-06,2282.51953125
2025.06.11_0.3_2,index=17.7.77E+05,20,20.0,1,776647.2223,776647.2223_src-index=17.7.77E+05_chunk-0020.npy,368978.105,2.104859913842313,welch_hann_2048_overlap_1024_fs_44100,digital_amplitude_squared_per_hz,5.432833809161991e-07,1098.193359375,3.5934506510728577e-07,1313.525390625,3.716234257788078e-06,2260.986328125
2025.06.11_0.3_2,index=17.7.77E+05,21,21.0,1,776647.2223,776647.2223_src-index=17.7.77E+05_chunk-0021.npy,368978.105,2.104859913842313,welch_hann_2048_overlap_1024_fs_44100,digital_amplitude_squared_per_hz,6.248517441033915e-07,1076.66015625,3.2353884255983095e-07,1335.05859375,4.66897025097261e-06,2282.51953125
2025.06.11_0.3_2,index=17.7.77E+05,22,22.0,1,776647.2223,776647.2223_src-index=17.7.77E+05_chunk-0022.npy,368978.105,2.104859913842313,welch_hann_2048_overlap_1024_fs_44100,digital_amplitude_squared_per_hz,5.120357576015109e-07,1098.193359375,3.1022336617503953e-07,1335.05859375,3.788376470047299e-06,2260.986328125
2025.06.11_0.3_2,index=17.7.77E+05,23,23.0,1,776647.2223,776647.2223_src-index=17.7.77E+05_chunk-0023.npy,368978.105,2.104859913842313,welch_hann_2048_overlap_1024_fs_44100,digital_amplitude_squared_per_hz,4.402616632955379e-07,1098.193359375,3.321770514428573e-07,1313.525390625,2.2474509133912367e-06,2239.453125
2025.06.11_0.3_2,index=17.7.77E+05,24,24.0,1,776647.2223,776647.2223_src-index=17.7.77E+05_chunk-0024.npy,368978.105,2.104859913842313,welch_hann_2048_overlap_1024_fs_44100,digital_amplitude_squared_per_hz,6.603706949324687e-07,1076.66015625,5.848928891176611e-07,1313.525390625,3.0324016148911686e-06,2260.986328125
2025.06.11_0.3_2,index=17.7.77E+05,25,25.0,1,776647.2223,776647.2223_src-index=17.7.77E+05_chunk-0025.npy,368978.105,2.104859913842313,welch_hann_2048_overlap_1024_fs_44100,digital_amplitude_squared_per_hz,6.101755252818778e-07,1076.66015625,5.106558328460504e-07,1335.05859375,3.3873141540357254e-06,2260.986328125
2025.06.11_0.3_2,index=17.7.77E+05,26,26.0,1,776647.2223,776647.2223_src-index=17.7.77E+05_chunk-0026.npy,368978.105,2.104859913842313,welch_hann_2048_overlap_1024_fs_44100,digital_amplitude_squared_per_hz,4.464929252926875e-07,1076.66015625,3.831019769311236e-07,1313.525390625,2.7920744113150937e-06,2282.51953125
2025.06.11_0.3_2,index=17.7.77E+05,27,27.0,1,776647.2223,776647.2223_src-index=17.7.77E+05_chunk-0027.npy,368978.105,2.104859913842313,welch_hann_2048_overlap_1024_fs_44100,digital_amplitude_squared_per_hz,5.629479982618723e-07,1098.193359375,4.2485038277738186e-07,1313.525390625,3.6925721701687684e-06,2260.986328125
2025.06.11_0.3_2,index=17.7.77E+05,28,28.0,1,776647.2223,776647.2223_src-index=17.7.77E+05_chunk-0028.npy,368978.105,2.104859913842313,welch_hann_2048_overlap_1024_fs_44100,digital_amplitude_squared_per_hz,5.447289236392437e-07,1098.193359375,2.982472583711254e-07,1335.05859375,2.8212748173516157e-06,2282.51953125
2025.06.11_0.3_2,index=17.7.77E+05,29,29.0,1,776647.2223,776647.2223_src-index=17.7.77E+05_chunk-0029.npy,368978.105,2.104859913842313,welch_hann_2048_overlap_1024_fs_44100,digital_amplitude_squared_per_hz,4.396544252551476e-07,1098.193359375,2.83016474642031e-07,1313.525390625,2.7911955291644174e-06,2282.51953125
2025.06.11_0.3_2,index=17.7.77E+05,30,30.0,1,776647.2223,776647.2223_src-index=17.7.77E+05_chunk-0030.npy,368978.105,2.104859913842313,welch_hann_2048_overlap_1024_fs_44100,digital_amplitude_squared_per_hz,4.301496914354148e-07,1076.66015625,4.6320837315931075e-07,1335.05859375,3.0267258889695817e-06,2282.51953125
2025.06.11_0.3_2,index=17.7.77E+05,31,31.0,1,776647.2223,776647.2223_src-index=17.7.77E+05_chunk-0031.npy,368978.105,2.104859913842313,welch_hann_2048_overlap_1024_fs_44100,digital_amplitude_squared_per_hz,4.5562206411977636e-07,1098.193359375,4.56887292917059e-07,1335.05859375,2.6543659249928315e-06,2282.51953125
2025.06.11_0.3_2,index=17.7.77E+05,32,32.0,1,776647.2223,776647.2223_src-index=17.7.77E+05_chunk-0032.npy,368978.105,2.104859913842313,welch_hann_2048_overlap_1024_fs_44100,digital_amplitude_squared_per_hz,5.898516107454057e-07,1076.66015625,3.8618491053640395e-07,1335.05859375,3.34073848446272e-06,2260.986328125
2025.06.11_0.3_2,index=17.7.77E+05,33,33.0,1,776647.2223,776647.2223_src-index=17.7.77E+05_chunk-0033.npy,368978.105,2.104859913842313,welch_hann_2048_overlap_1024_fs_44100,digital_amplitude_squared_per_hz,6.661491399223849e-07,1076.66015625,4.324350610555907e-07,1335.05859375,2.7399938946418317e-06,2239.453125
2025.06.11_0.3_2,index=17.7.77E+05,34,34.0,1,776647.2223,776647.2223_src-index=17.7.77E+05_chunk-0034.npy,368978.105,2.104859913842313,welch_hann_2048_overlap_1024_fs_44100,digital_amplitude_squared_per_hz,6.44311482015404e-07,1076.66015625,4.652267269308988e-07,1335.05859375,2.901702160834987e-06,2282.51953125
2025.06.11_0.3_2,index=17.7.77E+05,35,35.0,1,776647.2223,776647.2223_src-index=17.7.77E+05_chunk-0035.npy,368978.105,2.104859913842313,welch_hann_2048_overlap_1024_fs_44100,digital_amplitude_squared_per_hz,7.115460519696271e-07,1098.193359375,5.490265079574336e-07,1335.05859375,3.937022459730442e-06,2282.51953125
2025.06.11_0.3_2,index=17.7.77E+05,36,36.0,1,776647.2223,776647.2223_src-index=17.7.77E+05_chunk-0036.npy,368978.105,2.104859913842313,welch_hann_2048_overlap_1024_fs_44100,digital_amplitude_squared_per_hz,5.671198443119963e-07,1076.66015625,3.371775315717539e-07,1335.05859375,3.110120387095019e-06,2282.51953125
2025.06.11_0.3_2,index=17.7.77E+05,37,37.0,1,776647.2223,776647.2223_src-index=17.7.77E+05_chunk-0037.npy,368978.105,2.104859913842313,welch_hann_2048_overlap_1024_fs_44100,digital_amplitude_squared_per_hz,5.692753576147983e-07,1098.193359375,3.8794139738514133e-07,1335.05859375,2.8708036321107256e-06,2304.052734375
2025.06.11_0.3_2,index=17.7.77E+05,38,38.0,1,776647.2223,776647.2223_src-index=17.7.77E+05_chunk-0038.npy,368978.105,2.104859913842313,welch_hann_2048_overlap_1024_fs_44100,digital_amplitude_squared_per_hz,4.890061997755657e-07,1098.193359375,3.5723399194259097e-07,1335.05859375,2.849900772551841e-06,2260.986328125
2025.06.11_0.3_2,index=17.7.77E+05,39,39.0,1,776647.2223,776647.2223_src-index=17.7.77E+05_chunk-0039.npy,368978.105,2.104859913842313,welch_hann_2048_overlap_1024_fs_44100,digital_amplitude_squared_per_hz,4.547722450714414e-07,1098.193359375,3.738755442728506e-07,1335.05859375,3.697125773758813e-06,2282.51953125
2025.06.11_0.3_2,index=17.7.77E+05,40,40.0,1,776647.2223,776647.2223_src-index=17.7.77E+05_chunk-0040.npy,368978.105,2.104859913842313,welch_hann_2048_overlap_1024_fs_44100,digital_amplitude_squared_per_hz,5.160548511488001e-07,1098.193359375,4.516726507346626e-07,1335.05859375,2.394970468723338e-06,2260.986328125
2025.06.11_0.3_2,index=17.7.77E+05,41,41.0,1,776647.2223,776647.2223_src-index=17.7.77E+05_chunk-0041.npy,368978.105,2.104859913842313,welch_hann_2048_overlap_1024_fs_44100,digital_amplitude_squared_per_hz,6.95283925482135e-07,1076.66015625,4.795884178927857e-07,1335.05859375,2.9116468628123035e-06,2282.51953125
2025.06.11_0.3_2,index=17.7.77E+05,42,42.0,1,776647.2223,776647.2223_src-index=17.7.77E+05_chunk-0042.npy,368978.105,2.104859913842313,welch_hann_2048_overlap_1024_fs_44100,digital_amplitude_squared_per_hz,3.5463211752861267e-07,1098.193359375,2.943845304435277e-07,1313.525390625,2.5943144968178323e-06,2282.51953125
2025.06.11_0.3_2,index=17.7.77E+05,43,43.0,1,776647.2223,776647.2223_src-index=17.7.77E+05_chunk-0043.npy,368978.105,2.104859913842313,welch_hann_2048_overlap_1024_fs_44100,digital_amplitude_squared_per_hz,4.428252659697961e-07,1076.66015625,3.6015387440319094e-07,1313.525390625,3.316084980509976e-06,2282.51953125
2025.06.11_0.3_2,index=17.7.77E+05,44,44.0,1,776647.2223,776647.2223_src-index=17.7.77E+05_chunk-0044.npy,368978.105,2.104859913842313,welch_hann_2048_overlap_1024_fs_44100,digital_amplitude_squared_per_hz,4.842892451492208e-07,1098.193359375,4.1593004439506643e-07,1335.05859375,2.5077777813022537e-06,2282.51953125
2025.06.11_0.3_2,index=17.7.77E+05,45,45.0,1,776647.2223,776647.2223_src-index=17.7.77E+05_chunk-0045.npy,368978.105,2.104859913842313,welch_hann_2048_overlap_1024_fs_44100,digital_amplitude_squared_per_hz,5.104341005796166e-07,1098.193359375,5.22224568853445e-07,1335.05859375,2.8975068122087093e-06,2304.052734375
2025.06.11_0.3_2,index=17.7.77E+05,46,46.0,1,776647.2223,776647.2223_src-index=17.7.77E+05_chunk-0046.npy,368978.105,2.104859913842313,welch_hann_2048_overlap_1024_fs_44100,digital_amplitude_squared_per_hz,6.401216816275411e-07,1076.66015625,4.4152005076911076e-07,1335.05859375,2.939474190998539e-06,2282.51953125
2025.06.11_0.3_2,index=17.7.77E+05,47,47.0,1,776647.2223,776647.2223_src-index=17.7.77E+05_chunk-0047.npy,368978.105,2.104859913842313,welch_hann_2048_overlap_1024_fs_44100,digital_amplitude_squared_per_hz,5.613271490158092e-07,1076.66015625,5.598684628686125e-07,1335.05859375,4.211057768018674e-06,2304.052734375
2025.06.11_0.3_2,index=17.7.77E+05,48,48.0,1,776647.2223,776647.2223_src-index=17.7.77E+05_chunk-0048.npy,368978.105,2.104859913842313,welch_hann_2048_overlap_1024_fs_44100,digital_amplitude_squared_per_hz,5.447857650936058e-07,1098.193359375,3.961338000639995e-07,1335.05859375,2.9264116373477106e-06,2304.052734375
2025.06.11_0.3_2,index=17.7.77E+05,49,49.0,1,776647.2223,776647.2223_src-index=17.7.77E+05_chunk-0049.npy,368978.105,2.104859913842313,welch_hann_2048_overlap_1024_fs_44100,digital_amplitude_squared_per_hz,5.511882964603477e-07,1076.66015625,4.54474358040315e-07,1313.525390625,3.682869174379032e-06,2304.052734375
2025.06.11_0.3_2,index=17.7.77E+05,50,50.0,1,776647.2223,776647.2223_src-index=17.7.77E+05_chunk-0050.npy,368978.105,2.104859913842313,welch_hann_2048_overlap_1024_fs_44100,digital_amplitude_squared_per_hz,5.073269979339627e-07,1076.66015625,4.3052097882610194e-07,1313.525390625,2.9040062113615885e-06,2304.052734375
2025.06.11_0.3_2,index=17.7.77E+05,51,51.0,1,776647.2223,776647.2223_src-index=17.7.77E+05_chunk-0051.npy,368978.105,2.104859913842313,welch_hann_2048_overlap_1024_fs_44100,digital_amplitude_squared_per_hz,5.208668562808624e-07,1098.193359375,3.557388604165375e-07,1313.525390625,3.3871325693808887e-06,2282.51953125
2025.06.11_0.3_2,index=17.7.77E+05,52,52.0,1,776647.2223,776647.2223_src-index=17.7.77E+05_chunk-0052.npy,368978.105,2.104859913842313,welch_hann_2048_overlap_1024_fs_44100,digital_amplitude_squared_per_hz,4.434387487646635e-07,1076.66015625,3.406844601930697e-07,1335.05859375,3.0616840330231357e-06,2282.51953125
2025.06.11_0.3_2,index=17.7.77E+05,53,53.0,1,776647.2223,776647.2223_src-index=17.7.77E+05_chunk-0053.npy,368978.105,2.104859913842313,welch_hann_2048_overlap_1024_fs_44100,digital_amplitude_squared_per_hz,6.112619810623432e-07,1076.66015625,4.550290639057701e-07,1335.05859375,2.8560708547260834e-06,2304.052734375
2025.06.11_0.3_2,index=17.7.77E+05,54,54.0,1,776647.2223,776647.2223_src-index=17.7.77E+05_chunk-0054.npy,368978.105,2.104859913842313,welch_hann_2048_overlap_1024_fs_44100,digital_amplitude_squared_per_hz,4.315981914188841e-07,1098.193359375,4.0398978563227533e-07,1335.05859375,2.2809252099706145e-06,2260.986328125
2025.06.11_0.3_2,index=17.7.77E+05,55,55.0,1,776647.2223,776647.2223_src-index=17.7.77E+05_chunk-0055.npy,368978.105,2.104859913842313,welch_hann_2048_overlap_1024_fs_44100,digital_amplitude_squared_per_hz,5.629512290410662e-07,1098.193359375,2.9231695342444654e-07,1335.05859375,3.3631742912051686e-06,2304.052734375
2025.06.11_0.3_2,index=17.7.77E+05,56,56.0,1,776647.2223,776647.2223_src-index=17.7.77E+05_chunk-0056.npy,368978.105,2.104859913842313,welch_hann_2048_overlap_1024_fs_44100,digital_amplitude_squared_per_hz,4.939171421699668e-07,1098.193359375,2.741069927370247e-07,1335.05859375,2.5869248151436548e-06,2260.986328125
2025.06.11_0.3_2,index=17.7.77E+05,57,57.0,1,776647.2223,776647.2223_src-index=17.7.77E+05_chunk-0057.npy,368978.105,2.104859913842313,welch_hann_2048_overlap_1024_fs_44100,digital_amplitude_squared_per_hz,4.902911478021375e-07,882.861328125,3.9379644061756007e-07,1335.05859375,3.5768406338139327e-06,2260.986328125
2025.06.11_0.3_2,index=17.7.77E+05,58,58.0,1,776647.2223,776647.2223_src-index=17.7.77E+05_chunk-0058.npy,368978.105,2.104859913842313,welch_hann_2048_overlap_1024_fs_44100,digital_amplitude_squared_per_hz,5.499818169581155e-07,1076.66015625,3.690414580364551e-07,1335.05859375,2.5429442561651166e-06,2282.51953125
2025.06.11_0.3_2,index=17.7.77E+05,59,59.0,1,776647.2223,776647.2223_src-index=17.7.77E+05_chunk-0059.npy,368978.105,2.104859913842313,welch_hann_2048_overlap_1024_fs_44100,digital_amplitude_squared_per_hz,5.600550619396503e-07,1098.193359375,3.427394920428539e-07,1335.05859375,2.644650737123923e-06,2304.052734375
2025.06.11_0.3_2,index=18.8.59E+05,0,0.0,1,859343.9142,859343.9142_src-index=18.8.59E+05_chunk-0000.npy,368978.105,2.3289834886002247,welch_hann_2048_overlap_1024_fs_44100,digital_amplitude_squared_per_hz,5.658280431629803e-07,1098.193359375,5.186559171600017e-07,1335.05859375,4.054600610281656e-06,2282.51953125
2025.06.11_0.3_2,index=18.8.59E+05,1,1.0,1,859343.9142,859343.9142_src-index=18.8.59E+05_chunk-0001.npy,368978.105,2.3289834886002247,welch_hann_2048_overlap_1024_fs_44100,digital_amplitude_squared_per_hz,8.373774581580549e-07,1076.66015625,4.2958053437694956e-07,1335.05859375,3.652650374692952e-06,2260.986328125
2025.06.11_0.3_2,index=18.8.59E+05,2,2.0,1,859343.9142,859343.9142_src-index=18.8.59E+05_chunk-0002.npy,368978.105,2.3289834886002247,welch_hann_2048_overlap_1024_fs_44100,digital_amplitude_squared_per_hz,5.813775173898736e-07,1098.193359375,5.46409829707775e-07,1335.05859375,4.822960151165448e-06,2304.052734375
2025.06.11_0.3_2,index=18.8.59E+05,3,3.0,1,859343.9142,859343.9142_src-index=18.8.59E+05_chunk-0003.npy,368978.105,2.3289834886002247,welch_hann_2048_overlap_1024_fs_44100,digital_amplitude_squared_per_hz,4.4918997522120385e-07,1076.66015625,5.424092894491519e-07,1335.05859375,3.3500901028241366e-06,2282.51953125
2025.06.11_0.3_2,index=18.8.59E+05,4,4.0,1,859343.9142,859343.9142_src-index=18.8.59E+05_chunk-0004.npy,368978.105,2.3289834886002247,welch_hann_2048_overlap_1024_fs_44100,digital_amplitude_squared_per_hz,5.220956887772266e-07,1098.193359375,4.361851531031185e-07,1335.05859375,4.149331437126482e-06,2304.052734375
2025.06.11_0.3_2,index=18.8.59E+05,5,5.0,1,859343.9142,859343.9142_src-index=18.8.59E+05_chunk-0005.npy,368978.105,2.3289834886002247,welch_hann_2048_overlap_1024_fs_44100,digital_amplitude_squared_per_hz,5.24128880498544e-07,1098.193359375,5.122084365636278e-07,1335.05859375,3.898826871753384e-06,2282.51953125
2025.06.11_0.3_2,index=18.8.59E+05,6,6.0,1,859343.9142,859343.9142_src-index=18.8.59E+05_chunk-0006.npy,368978.105,2.3289834886002247,welch_hann_2048_overlap_1024_fs_44100,digital_amplitude_squared_per_hz,5.872908742009531e-07,1098.193359375,6.230006641377947e-07,1335.05859375,4.3001548458059725e-06,2304.052734375
2025.06.11_0.3_2,index=18.8.59E+05,7,7.0,1,859343.9142,859343.9142_src-index=18.8.59E+05_chunk-0007.npy,368978.105,2.3289834886002247,welch_hann_2048_overlap_1024_fs_44100,digital_amplitude_squared_per_hz,5.735537781521884e-07,1098.193359375,5.562928182145327e-07,1335.05859375,3.98181813931317e-06,2282.51953125
2025.06.11_0.3_2,index=18.8.59E+05,8,8.0,1,859343.9142,859343.9142_src-index=18.8.59E+05_chunk-0008.npy,368978.105,2.3289834886002247,welch_hann_2048_overlap_1024_fs_44100,digital_amplitude_squared_per_hz,5.039858968052656e-07,1098.193359375,4.502466892302455e-07,1335.05859375,4.507749833798237e-06,2282.51953125
2025.06.11_0.3_2,index=18.8.59E+05,9,9.0,1,859343.9142,859343.9142_src-index=18.8.59E+05_chunk-0009.npy,368978.105,2.3289834886002247,welch_hann_2048_overlap_1024_fs_44100,digital_amplitude_squared_per_hz,5.792425746800251e-07,1098.193359375,4.598659064867746e-07,1335.05859375,4.139237142412131e-06,2282.51953125
2025.06.11_0.3_2,index=18.8.59E+05,10,10.0,1,859343.9142,859343.9142_src-index=18.8.59E+05_chunk-0010.npy,368978.105,2.3289834886002247,welch_hann_2048_overlap_1024_fs_44100,digital_amplitude_squared_per_hz,5.373839057212442e-07,1076.66015625,4.5387394918209097e-07,1335.05859375,4.551889457053874e-06,2282.51953125
2025.06.11_0.3_2,index=18.8.59E+05,11,11.0,1,859343.9142,859343.9142_src-index=18.8.59E+05_chunk-0011.npy,368978.105,2.3289834886002247,welch_hann_2048_overlap_1024_fs_44100,digital_amplitude_squared_per_hz,7.991107877712257e-07,1098.193359375,5.683548668389967e-07,1335.05859375,4.0401705143389236e-06,2282.51953125
2025.06.11_0.3_2,index=18.8.59E+05,12,12.0,1,859343.9142,859343.9142_src-index=18.8.59E+05_chunk-0012.npy,368978.105,2.3289834886002247,welch_hann_2048_overlap_1024_fs_44100,digital_amplitude_squared_per_hz,5.605695506731583e-07,1076.66015625,4.965359034384277e-07,1335.05859375,4.6710055888902886e-06,2282.51953125
2025.06.11_0.3_2,index=18.8.59E+05,13,13.0,1,859343.9142,859343.9142_src-index=18.8.59E+05_chunk-0013.npy,368978.105,2.3289834886002247,welch_hann_2048_overlap_1024_fs_44100,digital_amplitude_squared_per_hz,7.336411269262034e-07,1098.193359375,6.581402759827328e-07,1335.05859375,5.169757593687861e-06,2282.51953125
2025.06.11_0.3_2,index=18.8.59E+05,14,14.0,1,859343.9142,859343.9142_src-index=18.8.59E+05_chunk-0014.npy,368978.105,2.3289834886002247,welch_hann_2048_overlap_1024_fs_44100,digital_amplitude_squared_per_hz,6.10760309594091e-07,1076.66015625,6.948237291362079e-07,1335.05859375,4.165419070716439e-06,2304.052734375
2025.06.11_0.3_2,index=18.8.59E+05,15,15.0,1,859343.9142,859343.9142_src-index=18.8.59E+05_chunk-0015.npy,368978.105,2.3289834886002247,welch_hann_2048_overlap_1024_fs_44100,digital_amplitude_squared_per_hz,7.499900580411442e-07,1076.66015625,5.568210258226636e-07,1335.05859375,4.858694023652126e-06,2282.51953125
2025.06.11_0.3_2,index=18.8.59E+05,16,16.0,1,859343.9142,859343.9142_src-index=18.8.59E+05_chunk-0016.npy,368978.105,2.3289834886002247,welch_hann_2048_overlap_1024_fs_44100,digital_amplitude_squared_per_hz,7.890723712610908e-07,1098.193359375,4.0277451234695894e-07,1335.05859375,4.420762491670256e-06,2282.51953125
2025.06.11_0.3_2,index=18.8.59E+05,17,17.0,1,859343.9142,859343.9142_src-index=18.8.59E+05_chunk-0017.npy,368978.105,2.3289834886002247,welch_hann_2048_overlap_1024_fs_44100,digital_amplitude_squared_per_hz,7.707908413018096e-07,1076.66015625,5.681824226211867e-07,1335.05859375,5.443058035471606e-06,2282.51953125
2025.06.11_0.3_2,index=18.8.59E+05,18,18.0,1,859343.9142,859343.9142_src-index=18.8.59E+05_chunk-0018.npy,368978.105,2.3289834886002247,welch_hann_2048_overlap_1024_fs_44100,digital_amplitude_squared_per_hz,4.861933473951048e-07,1076.66015625,5.306684738581244e-07,1335.05859375,3.935899551638214e-06,2282.51953125
2025.06.11_0.3_2,index=18.8.59E+05,19,19.0,1,859343.9142,859343.9142_src-index=18.8.59E+05_chunk-0019.npy,368978.105,2.3289834886002247,welch_hann_2048_overlap_1024_fs_44100,digital_amplitude_squared_per_hz,4.835107508300284e-07,1076.66015625,4.1754209568475387e-07,1335.05859375,4.707197396770874e-06,2282.51953125
2025.06.11_0.3_2,index=18.8.59E+05,20,20.0,1,859343.9142,859343.9142_src-index=18.8.59E+05_chunk-0020.npy,368978.105,2.3289834886002247,welch_hann_2048_overlap_1024_fs_44100,digital_amplitude_squared_per_hz,5.182006054050446e-07,1076.66015625,4.656359081922667e-07,1335.05859375,4.384326726203192e-06,2282.51953125
2025.06.11_0.3_2,index=18.8.59E+05,21,21.0,1,859343.9142,859343.9142_src-index=18.8.59E+05_chunk-0021.npy,368978.105,2.3289834886002247,welch_hann_2048_overlap_1024_fs_44100,digital_amplitude_squared_per_hz,7.108913694359148e-07,1076.66015625,6.272243421142154e-07,1313.525390625,6.288027298816162e-06,2282.51953125
2025.06.11_0.3_2,index=18.8.59E+05,22,22.0,1,859343.9142,859343.9142_src-index=18.8.59E+05_chunk-0022.npy,368978.105,2.3289834886002247,welch_hann_2048_overlap_1024_fs_44100,digital_amplitude_squared_per_hz,8.390239432833665e-07,1076.66015625,5.268419087454145e-07,1313.525390625,4.3824955912634685e-06,2282.51953125
2025.06.11_0.3_2,index=18.8.59E+05,23,23.0,1,859343.9142,859343.9142_src-index=18.8.59E+05_chunk-0023.npy,368978.105,2.3289834886002247,welch_hann_2048_overlap_1024_fs_44100,digital_amplitude_squared_per_hz,6.231321283933875e-07,1076.66015625,5.708725053615071e-07,1313.525390625,5.713918166789627e-06,2282.51953125
2025.06.11_0.3_2,index=18.8.59E+05,24,24.0,1,859343.9142,859343.9142_src-index=18.8.59E+05_chunk-0024.npy,368978.105,2.3289834886002247,welch_hann_2048_overlap_1024_fs_44100,digital_amplitude_squared_per_hz,6.523774263252983e-07,1076.66015625,4.874464981633782e-07,1335.05859375,3.668235097018938e-06,2304.052734375
2025.06.11_0.3_2,index=18.8.59E+05,25,25.0,1,859343.9142,859343.9142_src-index=18.8.59E+05_chunk-0025.npy,368978.105,2.3289834886002247,welch_hann_2048_overlap_1024_fs_44100,digital_amplitude_squared_per_hz,6.65059455343708e-07,1098.193359375,4.432182023053328e-07,1313.525390625,6.792751916000095e-06,2282.51953125
2025.06.11_0.3_2,index=18.8.59E+05,26,26.0,1,859343.9142,859343.9142_src-index=18.8.59E+05_chunk-0026.npy,368978.105,2.3289834886002247,welch_hann_2048_overlap_1024_fs_44100,digital_amplitude_squared_per_hz,5.025111883942641e-07,1098.193359375,3.869059867773566e-07,1335.05859375,5.015710078451053e-06,2282.51953125
2025.06.11_0.3_2,index=18.8.59E+05,27,27.0,1,859343.9142,859343.9142_src-index=18.8.59E+05_chunk-0027.npy,368978.105,2.3289834886002247,welch_hann_2048_overlap_1024_fs_44100,digital_amplitude_squared_per_hz,7.793242946929003e-07,1076.66015625,6.927513468141383e-07,1335.05859375,5.091363320750634e-06,2282.51953125
2025.06.11_0.3_2,index=18.8.59E+05,28,28.0,1,859343.9142,859343.9142_src-index=18.8.59E+05_chunk-0028.npy,368978.105,2.3289834886002247,welch_hann_2048_overlap_1024_fs_44100,digital_amplitude_squared_per_hz,6.617638978979187e-07,1098.193359375,4.3019216739417784e-07,1313.525390625,5.2043942352498654e-06,2260.986328125
2025.06.11_0.3_2,index=18.8.59E+05,29,29.0,1,859343.9142,859343.9142_src-index=18.8.59E+05_chunk-0029.npy,368978.105,2.3289834886002247,welch_hann_2048_overlap_1024_fs_44100,digital_amplitude_squared_per_hz,7.10788982967555e-07,1076.66015625,4.6158708178298036e-07,1335.05859375,5.65650136101399e-06,2282.51953125
2025.06.11_0.3_2,index=18.8.59E+05,30,30.0,1,859343.9142,859343.9142_src-index=18.8.59E+05_chunk-0030.npy,368978.105,2.3289834886002247,welch_hann_2048_overlap_1024_fs_44100,digital_amplitude_squared_per_hz,6.123897817784375e-07,1076.66015625,4.2189038829359947e-07,1313.525390625,3.1155664674381997e-06,2282.51953125
2025.06.11_0.3_2,index=18.8.59E+05,31,31.0,1,859343.9142,859343.9142_src-index=18.8.59E+05_chunk-0031.npy,368978.105,2.3289834886002247,welch_hann_2048_overlap_1024_fs_44100,digital_amplitude_squared_per_hz,8.008336637010921e-07,1076.66015625,3.994955173349489e-07,1313.525390625,5.105904849803675e-06,2260.986328125
2025.06.11_0.3_2,index=18.8.59E+05,32,32.0,1,859343.9142,859343.9142_src-index=18.8.59E+05_chunk-0032.npy,368978.105,2.3289834886002247,welch_hann_2048_overlap_1024_fs_44100,digital_amplitude_squared_per_hz,6.446947768356388e-07,1076.66015625,4.6911189910050226e-07,1335.05859375,4.9772101518589275e-06,2282.51953125
2025.06.11_0.3_2,index=18.8.59E+05,33,33.0,1,859343.9142,859343.9142_src-index=18.8.59E+05_chunk-0033.npy,368978.105,2.3289834886002247,welch_hann_2048_overlap_1024_fs_44100,digital_amplitude_squared_per_hz,6.002924639458114e-07,1098.193359375,4.551607720664245e-07,1313.525390625,6.07423668967568e-06,2282.51953125
2025.06.11_0.3_2,index=18.8.59E+05,34,34.0,1,859343.9142,859343.9142_src-index=18.8.59E+05_chunk-0034.npy,368978.105,2.3289834886002247,welch_hann_2048_overlap_1024_fs_44100,digital_amplitude_squared_per_hz,5.970360246478548e-07,1076.66015625,3.6530131426910096e-07,1291.9921875,3.8047446802560335e-06,2282.51953125
2025.06.11_0.3_2,index=18.8.59E+05,35,35.0,1,859343.9142,859343.9142_src-index=18.8.59E+05_chunk-0035.npy,368978.105,2.3289834886002247,welch_hann_2048_overlap_1024_fs_44100,digital_amplitude_squared_per_hz,6.057987084170049e-07,1098.193359375,4.423069319518611e-07,1313.525390625,5.702374137974585e-06,2282.51953125
2025.06.11_0.3_2,index=18.8.59E+05,36,36.0,1,859343.9142,859343.9142_src-index=18.8.59E+05_chunk-0036.npy,368978.105,2.3289834886002247,welch_hann_2048_overlap_1024_fs_44100,digital_amplitude_squared_per_hz,6.005947531442547e-07,1076.66015625,4.7300399099877703e-07,1313.525390625,5.045481467140662e-06,2282.51953125
2025.06.11_0.3_2,index=18.8.59E+05,37,37.0,1,859343.9142,859343.9142_src-index=18.8.59E+05_chunk-0037.npy,368978.105,2.3289834886002247,welch_hann_2048_overlap_1024_fs_44100,digital_amplitude_squared_per_hz,7.133633665993768e-07,1098.193359375,4.739518370737652e-07,1313.525390625,5.250526504543748e-06,2282.51953125
2025.06.11_0.3_2,index=18.8.59E+05,38,38.0,1,859343.9142,859343.9142_src-index=18.8.59E+05_chunk-0038.npy,368978.105,2.3289834886002247,welch_hann_2048_overlap_1024_fs_44100,digital_amplitude_squared_per_hz,7.352428469389306e-07,1076.66015625,4.5697446448940673e-07,1313.525390625,5.533145220265835e-06,2260.986328125
2025.06.11_0.3_2,index=18.8.59E+05,39,39.0,1,859343.9142,859343.9142_src-index=18.8.59E+05_chunk-0039.npy,368978.105,2.3289834886002247,welch_hann_2048_overlap_1024_fs_44100,digital_amplitude_squared_per_hz,6.599079266719952e-07,1076.66015625,4.7363928687534937e-07,1335.05859375,5.527663313681909e-06,2282.51953125
2025.06.11_0.3_2,index=18.8.59E+05,40,40.0,1,859343.9142,859343.9142_src-index=18.8.59E+05_chunk-0040.npy,368978.105,2.3289834886002247,welch_hann_2048_overlap_1024_fs_44100,digital_amplitude_squared_per_hz,6.083462537712903e-07,1098.193359375,4.6035923502478324e-07,1313.525390625,4.16013771234809e-06,2282.51953125
2025.06.11_0.3_2,index=18.8.59E+05,41,41.0,1,859343.9142,859343.9142_src-index=18.8.59E+05_chunk-0041.npy,368978.105,2.3289834886002247,welch_hann_2048_overlap_1024_fs_44100,digital_amplitude_squared_per_hz,5.220794756794118e-07,1098.193359375,4.682094574475003e-07,1335.05859375,4.477271058381199e-06,2282.51953125
2025.06.11_0.3_2,index=18.8.59E+05,42,42.0,1,859343.9142,859343.9142_src-index=18.8.59E+05_chunk-0042.npy,368978.105,2.3289834886002247,welch_hann_2048_overlap_1024_fs_44100,digital_amplitude_squared_per_hz,6.521267389434007e-07,1076.66015625,5.161751324916764e-07,1313.525390625,4.566793725351069e-06,2282.51953125
2025.06.11_0.3_2,index=18.8.59E+05,43,43.0,1,859343.9142,859343.9142_src-index=18.8.59E+05_chunk-0043.npy,368978.105,2.3289834886002247,welch_hann_2048_overlap_1024_fs_44100,digital_amplitude_squared_per_hz,4.88082356343457e-07,1098.193359375,4.102338717630755e-07,1313.525390625,4.362661992937207e-06,2282.51953125
2025.06.11_0.3_2,index=18.8.59E+05,44,44.0,1,859343.9142,859343.9142_src-index=18.8.59E+05_chunk-0044.npy,368978.105,2.3289834886002247,welch_hann_2048_overlap_1024_fs_44100,digital_amplitude_squared_per_hz,7.494071321317651e-07,1098.193359375,3.8737285744484015e-07,1313.525390625,3.893429591561556e-06,2282.51953125
2025.06.11_0.3_2,index=18.8.59E+05,45,45.0,1,859343.9142,859343.9142_src-index=18.8.59E+05_chunk-0045.npy,368978.105,2.3289834886002247,welch_hann_2048_overlap_1024_fs_44100,digital_amplitude_squared_per_hz,7.625325598069801e-07,1076.66015625,3.7731215253451745e-07,1335.05859375,4.231214297405738e-06,2282.51953125
2025.06.11_0.3_2,index=18.8.59E+05,46,46.0,1,859343.9142,859343.9142_src-index=18.8.59E+05_chunk-0046.npy,368978.105,2.3289834886002247,welch_hann_2048_overlap_1024_fs_44100,digital_amplitude_squared_per_hz,8.070329450485803e-07,1098.193359375,4.7443619748695265e-07,1313.525390625,4.603883618896945e-06,2260.986328125
2025.06.11_0.3_2,index=18.8.59E+05,47,47.0,1,859343.9142,859343.9142_src-index=18.8.59E+05_chunk-0047.npy,368978.105,2.3289834886002247,welch_hann_2048_overlap_1024_fs_44100,digital_amplitude_squared_per_hz,6.791132485339338e-07,1076.66015625,4.5900053647450056e-07,1313.525390625,4.207504639243632e-06,2282.51953125
2025.06.11_0.3_2,index=18.8.59E+05,48,48.0,1,859343.9142,859343.9142_src-index=18.8.59E+05_chunk-0048.npy,368978.105,2.3289834886002247,welch_hann_2048_overlap_1024_fs_44100,digital_amplitude_squared_per_hz,8.664235449750494e-07,1076.66015625,5.259952557263847e-07,1313.525390625,4.5977640527985495e-06,2282.51953125
2025.06.11_0.3_2,index=18.8.59E+05,49,49.0,1,859343.9142,859343.9142_src-index=18.8.59E+05_chunk-0049.npy,368978.105,2.3289834886002247,welch_hann_2048_overlap_1024_fs_44100,digital_amplitude_squared_per_hz,7.849140798431125e-07,1098.193359375,4.124225240439763e-07,1313.525390625,4.716129711426086e-06,2260.986328125
2025.06.11_0.3_2,index=18.8.59E+05,50,50.0,1,859343.9142,859343.9142_src-index=18.8.59E+05_chunk-0050.npy,368978.105,2.3289834886002247,welch_hann_2048_overlap_1024_fs_44100,digital_amplitude_squared_per_hz,7.737588720587995e-07,1098.193359375,4.801904801148571e-07,1335.05859375,5.425135655758747e-06,2260.986328125
2025.06.11_0.3_2,index=18.8.59E+05,51,51.0,1,859343.9142,859343.9142_src-index=18.8.59E+05_chunk-0051.npy,368978.105,2.3289834886002247,welch_hann_2048_overlap_1024_fs_44100,digital_amplitude_squared_per_hz,6.197384472678834e-07,1098.193359375,4.967148429771945e-07,1335.05859375,4.659053501869808e-06,2260.986328125
2025.06.11_0.3_2,index=18.8.59E+05,52,52.0,1,859343.9142,859343.9142_src-index=18.8.59E+05_chunk-0052.npy,368978.105,2.3289834886002247,welch_hann_2048_overlap_1024_fs_44100,digital_amplitude_squared_per_hz,7.242556652724167e-07,1098.193359375,6.151935708614517e-07,1313.525390625,3.948051314012656e-06,2282.51953125
2025.06.11_0.3_2,index=18.8.59E+05,53,53.0,1,859343.9142,859343.9142_src-index=18.8.59E+05_chunk-0053.npy,368978.105,2.3289834886002247,welch_hann_2048_overlap_1024_fs_44100,digital_amplitude_squared_per_hz,6.445718701194995e-07,1076.66015625,5.308118561939794e-07,1313.525390625,4.093347746172159e-06,2282.51953125
2025.06.11_0.3_2,index=18.8.59E+05,54,54.0,1,859343.9142,859343.9142_src-index=18.8.59E+05_chunk-0054.npy,368978.105,2.3289834886002247,welch_hann_2048_overlap_1024_fs_44100,digital_amplitude_squared_per_hz,7.151562406660363e-07,1076.66015625,4.4423556164778057e-07,1313.525390625,3.531795498732044e-06,2260.986328125
2025.06.11_0.3_2,index=18.8.59E+05,55,55.0,1,859343.9142,859343.9142_src-index=18.8.59E+05_chunk-0055.npy,368978.105,2.3289834886002247,welch_hann_2048_overlap_1024_fs_44100,digital_amplitude_squared_per_hz,5.944480691767671e-07,1076.66015625,5.349694045523626e-07,1313.525390625,4.188264872535725e-06,2282.51953125
2025.06.11_0.3_2,index=18.8.59E+05,56,56.0,1,859343.9142,859343.9142_src-index=18.8.59E+05_chunk-0056.npy,368978.105,2.3289834886002247,welch_hann_2048_overlap_1024_fs_44100,digital_amplitude_squared_per_hz,5.366321742521501e-07,1098.193359375,4.1674530179967674e-07,1313.525390625,4.3126905088602595e-06,2260.986328125
2025.06.11_0.3_2,index=18.8.59E+05,57,57.0,1,859343.9142,859343.9142_src-index=18.8.59E+05_chunk-0057.npy,368978.105,2.3289834886002247,welch_hann_2048_overlap_1024_fs_44100,digital_amplitude_squared_per_hz,8.192660249656885e-07,1076.66015625,5.372806903290256e-07,1313.525390625,3.5971941485056473e-06,2304.052734375
2025.06.11_0.3_2,index=18.8.59E+05,58,58.0,1,859343.9142,859343.9142_src-index=18.8.59E+05_chunk-0058.npy,368978.105,2.3289834886002247,welch_hann_2048_overlap_1024_fs_44100,digital_amplitude_squared_per_hz,7.801989330848073e-07,1098.193359375,3.8260094730600065e-07,1335.05859375,4.542027923581741e-06,2260.986328125
2025.06.11_0.3_2,index=18.8.59E+05,59,59.0,1,859343.9142,859343.9142_src-index=18.8.59E+05_chunk-0059.npy,368978.105,2.3289834886002247,welch_hann_2048_overlap_1024_fs_44100,digital_amplitude_squared_per_hz,7.058998771721052e-07,1076.66015625,5.298159104516887e-07,1313.525390625,3.835507387656104e-06,2282.51953125
2025.06.11_0.3_2,index=2.2.36E+03,0,0.0,1,2355.33535,2355.33535_src-index=2.2.36E+03_chunk-0000.npy,368978.105,0.0063834013945082,welch_hann_2048_overlap_1024_fs_44100,digital_amplitude_squared_per_hz,5.898783147939644e-11,1055.126953125,3.203935382135941e-11,1356.591796875,1.906888344844908e-11,2304.052734375
2025.06.11_0.3_2,index=2.2.36E+03,1,1.0,1,2355.33535,2355.33535_src-index=2.2.36E+03_chunk-0001.npy,368978.105,0.0063834013945082,welch_hann_2048_overlap_1024_fs_44100,digital_amplitude_squared_per_hz,5.43944530310687e-11,1055.126953125,2.8064770134066527e-11,1356.591796875,1.5927857655469072e-11,2304.052734375
2025.06.11_0.3_2,index=2.2.36E+03,2,2.0,1,2355.33535,2355.33535_src-index=2.2.36E+03_chunk-0002.npy,368978.105,0.0063834013945082,welch_hann_2048_overlap_1024_fs_44100,digital_amplitude_squared_per_hz,5.107991854347888e-11,1055.126953125,2.9695309024770077e-11,1356.591796875,2.0162440030254652e-11,2304.052734375
2025.06.11_0.3_2,index=2.2.36E+03,3,3.0,1,2355.33535,2355.33535_src-index=2.2.36E+03_chunk-0003.npy,368978.105,0.0063834013945082,welch_hann_2048_overlap_1024_fs_44100,digital_amplitude_squared_per_hz,5.896234587393219e-11,1055.126953125,2.9130727809485856e-11,1356.591796875,1.7684988536843114e-11,2304.052734375
2025.06.11_0.3_2,index=2.2.36E+03,4,4.0,1,2355.33535,2355.33535_src-index=2.2.36E+03_chunk-0004.npy,368978.105,0.0063834013945082,welch_hann_2048_overlap_1024_fs_44100,digital_amplitude_squared_per_hz,5.4488143962076333e-11,1055.126953125,3.079776595997838e-11,1356.591796875,1.6866265494310964e-11,2304.052734375
2025.06.11_0.3_2,index=2.2.36E+03,5,5.0,1,2355.33535,2355.33535_src-index=2.2.36E+03_chunk-0005.npy,368978.105,0.0063834013945082,welch_hann_2048_overlap_1024_fs_44100,digital_amplitude_squared_per_hz,5.731174213395416e-11,1055.126953125,3.387839115762165e-11,1356.591796875,1.9751977853388464e-11,2304.052734375
2025.06.11_0.3_2,index=2.2.36E+03,6,6.0,1,2355.33535,2355.33535_src-index=2.2.36E+03_chunk-0006.npy,368978.105,0.0063834013945082,welch_hann_2048_overlap_1024_fs_44100,digital_amplitude_squared_per_hz,4.218069922544276e-11,1055.126953125,2.0053583985554495e-11,1356.591796875,1.4538327530612797e-11,2304.052734375
2025.06.11_0.3_2,index=2.2.36E+03,7,7.0,1,2355.33535,2355.33535_src-index=2.2.36E+03_chunk-0007.npy,368978.105,0.0063834013945082,welch_hann_2048_overlap_1024_fs_44100,digital_amplitude_squared_per_hz,2.3900368822754843e-11,904.39453125,1.0124317215489358e-11,1356.591796875,1.4028327306543633e-11,2304.052734375
2025.06.11_0.3_2,index=2.2.36E+03,8,8.0,1,2355.33535,2355.33535_src-index=2.2.36E+03_chunk-0008.npy,368978.105,0.0063834013945082,welch_hann_2048_overlap_1024_fs_44100,digital_amplitude_squared_per_hz,3.086015742361809e-11,1055.126953125,1.721027824658599e-11,1356.591796875,1.3699785567716122e-11,2304.052734375
2025.06.11_0.3_2,index=2.2.36E+03,9,9.0,1,2355.33535,2355.33535_src-index=2.2.36E+03_chunk-0009.npy,368978.105,0.0063834013945082,welch_hann_2048_overlap_1024_fs_44100,digital_amplitude_squared_per_hz,2.401043626942456e-11,1055.126953125,1.0697359574053273e-11,1356.591796875,1.3484833440827982e-11,2304.052734375
2025.06.11_0.3_2,index=2.2.36E+03,10,10.0,1,2355.33535,2355.33535_src-index=2.2.36E+03_chunk-0010.npy,368978.105,0.0063834013945082,welch_hann_2048_overlap_1024_fs_44100,digital_amplitude_squared_per_hz,2.666973403714517e-11,1055.126953125,1.3954221283095976e-11,1356.591796875,1.536537201585735e-11,2304.052734375
2025.06.11_0.3_2,index=2.2.36E+03,11,11.0,1,2355.33535,2355.33535_src-index=2.2.36E+03_chunk-0011.npy,368978.105,0.0063834013945082,welch_hann_2048_overlap_1024_fs_44100,digital_amplitude_squared_per_hz,2.7001945257365824e-11,904.39453125,1.2320415893955342e-11,1356.591796875,1.3815058177684056e-11,2304.052734375
2025.06.11_0.3_2,index=2.2.36E+03,12,12.0,1,2355.33535,2355.33535_src-index=2.2.36E+03_chunk-0012.npy,368978.105,0.0063834013945082,welch_hann_2048_overlap_1024_fs_44100,digital_amplitude_squared_per_hz,2.783292908628141e-11,1055.126953125,1.1604006086393911e-11,1356.591796875,1.3657674380152468e-11,2304.052734375
2025.06.11_0.3_2,index=2.2.36E+03,13,13.0,1,2355.33535,2355.33535_src-index=2.2.36E+03_chunk-0013.npy,368978.105,0.0063834013945082,welch_hann_2048_overlap_1024_fs_44100,digital_amplitude_squared_per_hz,2.3899712435546082e-11,1055.126953125,1.3028272475901896e-11,1356.591796875,1.3583614533256838e-11,2304.052734375
2025.06.11_0.3_2,index=2.2.36E+03,14,14.0,1,2355.33535,2355.33535_src-index=2.2.36E+03_chunk-0014.npy,368978.105,0.0063834013945082,welch_hann_2048_overlap_1024_fs_44100,digital_amplitude_squared_per_hz,3.0717148951492365e-11,1055.126953125,1.4307870779549538e-11,1356.591796875,1.3702396617486392e-11,2304.052734375
2025.06.11_0.3_2,index=2.2.36E+03,15,15.0,1,2355.33535,2355.33535_src-index=2.2.36E+03_chunk-0015.npy,368978.105,0.0063834013945082,welch_hann_2048_overlap_1024_fs_44100,digital_amplitude_squared_per_hz,3.2397377725469e-11,1055.126953125,1.569098450858542e-11,1356.591796875,1.5965312096903607e-11,2304.052734375
2025.06.11_0.3_2,index=2.2.36E+03,16,16.0,1,2355.33535,2355.33535_src-index=2.2.36E+03_chunk-0016.npy,368978.105,0.0063834013945082,welch_hann_2048_overlap_1024_fs_44100,digital_amplitude_squared_per_hz,4.778495556933948e-11,1055.126953125,2.7488315641083867e-11,1356.591796875,1.8436504561422472e-11,2304.052734375
2025.06.11_0.3_2,index=2.2.36E+03,17,17.0,1,2355.33535,2355.33535_src-index=2.2.36E+03_chunk-0017.npy,368978.105,0.0063834013945082,welch_hann_2048_overlap_1024_fs_44100,digital_amplitude_squared_per_hz,6.085200598197963e-11,1055.126953125,3.0972610226459846e-11,1356.591796875,1.8139150026467526e-11,2304.052734375
2025.06.11_0.3_2,index=2.2.36E+03,18,18.0,1,2355.33535,2355.33535_src-index=2.2.36E+03_chunk-0018.npy,368978.105,0.0063834013945082,welch_hann_2048_overlap_1024_fs_44100,digital_amplitude_squared_per_hz,6.952984830553289e-11,1055.126953125,3.5119168049721454e-11,1356.591796875,1.7812588726995472e-11,2304.052734375
2025.06.11_0.3_2,index=2.2.36E+03,19,19.0,1,2355.33535,2355.33535_src-index=2.2.36E+03_chunk-0019.npy,368978.105,0.0063834013945082,welch_hann_2048_overlap_1024_fs_44100,digital_amplitude_squared_per_hz,5.628654077396448e-11,1055.126953125,2.473447095998511e-11,1356.591796875,1.424087456794446e-11,2304.052734375
2025.06.11_0.3_2,index=2.2.36E+03,20,20.0,1,2355.33535,2355.33535_src-index=2.2.36E+03_chunk-0020.npy,368978.105,0.0063834013945082,welch_hann_2048_overlap_1024_fs_44100,digital_amplitude_squared_per_hz,5.5577907230204833e-11,1055.126953125,2.816516077257442e-11,1356.591796875,1.8149556314818594e-11,2304.052734375
2025.06.11_0.3_2,index=2.2.36E+03,21,21.0,1,2355.33535,2355.33535_src-index=2.2.36E+03_chunk-0021.npy,368978.105,0.0063834013945082,welch_hann_2048_overlap_1024_fs_44100,digital_amplitude_squared_per_hz,4.6998653144253006e-11,1055.126953125,2.5777388847016867e-11,1356.591796875,1.740735308089012e-11,2304.052734375
2025.06.11_0.3_2,index=2.2.36E+03,22,22.0,1,2355.33535,2355.33535_src-index=2.2.36E+03_chunk-0022.npy,368978.105,0.0063834013945082,welch_hann_2048_overlap_1024_fs_44100,digital_amplitude_squared_per_hz,6.821269702787029e-11,1055.126953125,3.6622506239324274e-11,1356.591796875,1.5657466623683453e-11,2304.052734375
2025.06.11_0.3_2,index=2.2.36E+03,23,23.0,1,2355.33535,2355.33535_src-index=2.2.36E+03_chunk-0023.npy,368978.105,0.0063834013945082,welch_hann_2048_overlap_1024_fs_44100,digital_amplitude_squared_per_hz,4.932978262269654e-11,1055.126953125,2.5672172801107696e-11,1356.591796875,1.8098288676288272e-11,2304.052734375
2025.06.11_0.3_2,index=2.2.36E+03,24,24.0,1,2355.33535,2355.33535_src-index=2.2.36E+03_chunk-0024.npy,368978.105,0.0063834013945082,welch_hann_2048_overlap_1024_fs_44100,digital_amplitude_squared_per_hz,6.484612342568191e-11,1055.126953125,3.399114356504715e-11,1356.591796875,1.9045970159273764e-11,2304.052734375
2025.06.11_0.3_2,index=2.2.36E+03,25,25.0,1,2355.33535,2355.33535_src-index=2.2.36E+03_chunk-0025.npy,368978.105,0.0063834013945082,welch_hann_2048_overlap_1024_fs_44100,digital_amplitude_squared_per_hz,6.545841767328593e-11,1055.126953125,3.6594437193933046e-11,1356.591796875,2.056549409778293e-11,2304.052734375
2025.06.11_0.3_2,index=2.2.36E+03,26,26.0,1,2355.33535,2355.33535_src-index=2.2.36E+03_chunk-0026.npy,368978.105,0.0063834013945082,welch_hann_2048_overlap_1024_fs_44100,digital_amplitude_squared_per_hz,7.105806876086388e-11,1055.126953125,3.796021359033482e-11,1356.591796875,1.8218419172650997e-11,2304.052734375
2025.06.11_0.3_2,index=2.2.36E+03,27,27.0,1,2355.33535,2355.33535_src-index=2.2.36E+03_chunk-0027.npy,368978.105,0.0063834013945082,welch_hann_2048_overlap_1024_fs_44100,digital_amplitude_squared_per_hz,5.952968367469548e-11,1055.126953125,3.382307618055325e-11,1356.591796875,1.903762797012389e-11,2304.052734375
2025.06.11_0.3_2,index=2.2.36E+03,28,28.0,1,2355.33535,2355.33535_src-index=2.2.36E+03_chunk-0028.npy,368978.105,0.0063834013945082,welch_hann_2048_overlap_1024_fs_44100,digital_amplitude_squared_per_hz,5.275750661186528e-11,1055.126953125,2.7376849365260945e-11,1356.591796875,1.55162094012005e-11,2304.052734375
2025.06.11_0.3_2,index=2.2.36E+03,29,29.0,1,2355.33535,2355.33535_src-index=2.2.36E+03_chunk-0029.npy,368978.105,0.0063834013945082,welch_hann_2048_overlap_1024_fs_44100,digital_amplitude_squared_per_hz,5.064011977541005e-11,1055.126953125,2.6528572425167398e-11,1356.591796875,1.996953136503626e-11,2304.052734375
2025.06.11_0.3_2,index=2.2.36E+03,30,30.0,1,2355.33535,2355.33535_src-index=2.2.36E+03_chunk-0030.npy,368978.105,0.0063834013945082,welch_hann_2048_overlap_1024_fs_44100,digital_amplitude_squared_per_hz,5.152320530068969e-11,1055.126953125,2.2614365033004784e-11,1356.591796875,1.7871729002282684e-11,2304.052734375
2025.06.11_0.3_2,index=2.2.36E+03,31,31.0,1,2355.33535,2355.33535_src-index=2.2.36E+03_chunk-0031.npy,368978.105,0.0063834013945082,welch_hann_2048_overlap_1024_fs_44100,digital_amplitude_squared_per_hz,6.623979626754003e-11,1055.126953125,3.950260510225781e-11,1356.591796875,2.1842732676040755e-11,2304.052734375
2025.06.11_0.3_2,index=2.2.36E+03,32,32.0,1,2355.33535,2355.33535_src-index=2.2.36E+03_chunk-0032.npy,368978.105,0.0063834013945082,welch_hann_2048_overlap_1024_fs_44100,digital_amplitude_squared_per_hz,9.177414052177097e-11,1055.126953125,5.2423314677481794e-11,1356.591796875,2.1100198561329644e-11,2347.119140625
2025.06.11_0.3_2,index=2.2.36E+03,33,33.0,1,2355.33535,2355.33535_src-index=2.2.36E+03_chunk-0033.npy,368978.105,0.0063834013945082,welch_hann_2048_overlap_1024_fs_44100,digital_amplitude_squared_per_hz,1.1301127222596451e-10,1055.126953125,5.887435471621748e-11,1356.591796875,2.4181862803852545e-11,2347.119140625
2025.06.11_0.3_2,index=2.2.36E+03,34,34.0,1,2355.33535,2355.33535_src-index=2.2.36E+03_chunk-0034.npy,368978.105,0.0063834013945082,welch_hann_2048_overlap_1024_fs_44100,digital_amplitude_squared_per_hz,1.2865024011806377e-10,1055.126953125,6.46164614181051e-11,1356.591796875,3.3926942526803956e-11,2347.119140625
2025.06.11_0.3_2,index=2.2.36E+03,35,35.0,1,2355.33535,2355.33535_src-index=2.2.36E+03_chunk-0035.npy,368978.105,0.0063834013945082,welch_hann_2048_overlap_1024_fs_44100,digital_amplitude_squared_per_hz,9.629703192849411e-11,1055.126953125,5.0853029224197115e-11,1356.591796875,2.0183142584585227e-11,2347.119140625
2025.06.11_0.3_2,index=2.2.36E+03,36,36.0,1,2355.33535,2355.33535_src-index=2.2.36E+03_chunk-0036.npy,368978.105,0.0063834013945082,welch_hann_2048_overlap_1024_fs_44100,digital_amplitude_squared_per_hz,6.652736172329513e-11,1055.126953125,3.614846966736536e-11,1356.591796875,1.8747102026136808e-11,2347.119140625
2025.06.11_0.3_2,index=2.2.36E+03,37,37.0,1,2355.33535,2355.33535_src-index=2.2.36E+03_chunk-0037.npy,368978.105,0.0063834013945082,welch_hann_2048_overlap_1024_fs_44100,digital_amplitude_squared_per_hz,5.315411757808776e-11,1055.126953125,2.6910338223111273e-11,1356.591796875,1.5339552242996366e-11,2304.052734375
2025.06.11_0.3_2,index=2.2.36E+03,38,38.0,1,2355.33535,2355.33535_src-index=2.2.36E+03_chunk-0038.npy,368978.105,0.0063834013945082,welch_hann_2048_overlap_1024_fs_44100,digital_amplitude_squared_per_hz,4.065884626168899e-11,1055.126953125,2.0073478045371092e-11,1356.591796875,1.590368785820744e-11,2304.052734375
2025.06.11_0.3_2,index=2.2.36E+03,39,39.0,1,2355.33535,2355.33535_src-index=2.2.36E+03_chunk-0039.npy,368978.105,0.0063834013945082,welch_hann_2048_overlap_1024_fs_44100,digital_amplitude_squared_per_hz,3.7637467797361085e-11,947.4609375,1.6174364331821363e-11,1356.591796875,1.2945286832569228e-11,2304.052734375
2025.06.11_0.3_2,index=2.2.36E+03,40,40.0,1,2355.33535,2355.33535_src-index=2.2.36E+03_chunk-0040.npy,368978.105,0.0063834013945082,welch_hann_2048_overlap_1024_fs_44100,digital_amplitude_squared_per_hz,4.29486649429139e-11,1055.126953125,2.45655983866579e-11,1356.591796875,1.661765559115584e-11,2304.052734375
2025.06.11_0.3_2,index=2.2.36E+03,41,41.0,1,2355.33535,2355.33535_src-index=2.2.36E+03_chunk-0041.npy,368978.105,0.0063834013945082,welch_hann_2048_overlap_1024_fs_44100,digital_amplitude_squared_per_hz,5.0583357111543626e-11,1055.126953125,2.5611808585109052e-11,1356.591796875,1.5175935711512683e-11,2304.052734375
2025.06.11_0.3_2,index=2.2.36E+03,42,42.0,1,2355.33535,2355.33535_src-index=2.2.36E+03_chunk-0042.npy,368978.105,0.0063834013945082,welch_hann_2048_overlap_1024_fs_44100,digital_amplitude_squared_per_hz,6.384692951423514e-11,1055.126953125,3.723957202934722e-11,1356.591796875,1.765975712009254e-11,2347.119140625
2025.06.11_0.3_2,index=2.2.36E+03,43,43.0,1,2355.33535,2355.33535_src-index=2.2.36E+03_chunk-0043.npy,368978.105,0.0063834013945082,welch_hann_2048_overlap_1024_fs_44100,digital_amplitude_squared_per_hz,5.372190919100462e-11,1055.126953125,2.758953574223834e-11,1356.591796875,1.7228499169397356e-11,2304.052734375
2025.06.11_0.3_2,index=2.2.36E+03,44,44.0,1,2355.33535,2355.33535_src-index=2.2.36E+03_chunk-0044.npy,368978.105,0.0063834013945082,welch_hann_2048_overlap_1024_fs_44100,digital_amplitude_squared_per_hz,5.328322457120695e-11,947.4609375,2.50010194408819e-11,1356.591796875,1.4342414319075693e-11,2304.052734375
2025.06.11_0.3_2,index=2.2.36E+03,45,45.0,1,2355.33535,2355.33535_src-index=2.2.36E+03_chunk-0045.npy,368978.105,0.0063834013945082,welch_hann_2048_overlap_1024_fs_44100,digital_amplitude_squared_per_hz,5.708537606002143e-11,1055.126953125,2.5605630225451643e-11,1356.591796875,1.485807375892619e-11,2304.052734375
2025.06.11_0.3_2,index=2.2.36E+03,46,46.0,1,2355.33535,2355.33535_src-index=2.2.36E+03_chunk-0046.npy,368978.105,0.0063834013945082,welch_hann_2048_overlap_1024_fs_44100,digital_amplitude_squared_per_hz,4.323892904334281e-11,1055.126953125,2.1326715600873448e-11,1356.591796875,1.2806209614690031e-11,2304.052734375
2025.06.11_0.3_2,index=2.2.36E+03,47,47.0,1,2355.33535,2355.33535_src-index=2.2.36E+03_chunk-0047.npy,368978.105,0.0063834013945082,welch_hann_2048_overlap_1024_fs_44100,digital_amplitude_squared_per_hz,5.2595884093877904e-11,947.4609375,2.8572108752698556e-11,1356.591796875,1.7712112741727877e-11,2304.052734375
2025.06.11_0.3_2,index=2.2.36E+03,48,48.0,1,2355.33535,2355.33535_src-index=2.2.36E+03_chunk-0048.npy,368978.105,0.0063834013945082,welch_hann_2048_overlap_1024_fs_44100,digital_amplitude_squared_per_hz,6.085918288536216e-11,1055.126953125,2.920699631102286e-11,1356.591796875,1.5094312001598996e-11,2304.052734375
2025.06.11_0.3_2,index=2.2.36E+03,49,49.0,1,2355.33535,2355.33535_src-index=2.2.36E+03_chunk-0049.npy,368978.105,0.0063834013945082,welch_hann_2048_overlap_1024_fs_44100,digital_amplitude_squared_per_hz,5.485138706552037e-11,1055.126953125,3.1863772857426737e-11,1356.591796875,1.9388022640974992e-11,2304.052734375
2025.06.11_0.3_2,index=2.2.36E+03,50,50.0,1,2355.33535,2355.33535_src-index=2.2.36E+03_chunk-0050.npy,368978.105,0.0063834013945082,welch_hann_2048_overlap_1024_fs_44100,digital_amplitude_squared_per_hz,5.1163413077428144e-11,1055.126953125,2.508958361520173e-11,1356.591796875,1.6683595404274267e-11,2304.052734375
2025.06.11_0.3_2,index=2.2.36E+03,51,51.0,1,2355.33535,2355.33535_src-index=2.2.36E+03_chunk-0051.npy,368978.105,0.0063834013945082,welch_hann_2048_overlap_1024_fs_44100,digital_amplitude_squared_per_hz,5.171423127883801e-11,1055.126953125,2.5893194204183475e-11,1356.591796875,1.7010106998787688e-11,2304.052734375
2025.06.11_0.3_2,index=2.2.36E+03,52,52.0,1,2355.33535,2355.33535_src-index=2.2.36E+03_chunk-0052.npy,368978.105,0.0063834013945082,welch_hann_2048_overlap_1024_fs_44100,digital_amplitude_squared_per_hz,1.891295303873878e-10,904.39453125,5.346966776748491e-11,1335.05859375,2.5371097362177715e-11,2304.052734375
2025.06.11_0.3_2,index=2.2.36E+03,53,53.0,1,2355.33535,2355.33535_src-index=2.2.36E+03_chunk-0053.npy,368978.105,0.0063834013945082,welch_hann_2048_overlap_1024_fs_44100,digital_amplitude_squared_per_hz,5.334574645561455e-11,947.4609375,2.789225066411016e-11,1356.591796875,1.4535250924418067e-11,2304.052734375
2025.06.11_0.3_2,index=2.2.36E+03,54,54.0,1,2355.33535,2355.33535_src-index=2.2.36E+03_chunk-0054.npy,368978.105,0.0063834013945082,welch_hann_2048_overlap_1024_fs_44100,digital_amplitude_squared_per_hz,5.2257157376718655e-11,1055.126953125,2.730625358756317e-11,1356.591796875,1.6576659593085306e-11,2304.052734375
2025.06.11_0.3_2,index=2.2.36E+03,55,55.0,1,2355.33535,2355.33535_src-index=2.2.36E+03_chunk-0055.npy,368978.105,0.0063834013945082,welch_hann_2048_overlap_1024_fs_44100,digital_amplitude_squared_per_hz,6.033640018582089e-11,1055.126953125,3.0768948291894565e-11,1356.591796875,1.3344768028716595e-11,2304.052734375
2025.06.11_0.3_2,index=2.2.36E+03,56,56.0,1,2355.33535,2355.33535_src-index=2.2.36E+03_chunk-0056.npy,368978.105,0.0063834013945082,welch_hann_2048_overlap_1024_fs_44100,digital_amplitude_squared_per_hz,5.3506092041044215e-11,947.4609375,2.553148657643297e-11,1356.591796875,1.4025340120593113e-11,2304.052734375
2025.06.11_0.3_2,index=2.2.36E+03,57,57.0,1,2355.33535,2355.33535_src-index=2.2.36E+03_chunk-0057.npy,368978.105,0.0063834013945082,welch_hann_2048_overlap_1024_fs_44100,digital_amplitude_squared_per_hz,4.5695010360981396e-11,947.4609375,2.11942294619734e-11,1356.591796875,1.6287100402210736e-11,2304.052734375
2025.06.11_0.3_2,index=2.2.36E+03,58,58.0,1,2355.33535,2355.33535_src-index=2.2.36E+03_chunk-0058.npy,368978.105,0.0063834013945082,welch_hann_2048_overlap_1024_fs_44100,digital_amplitude_squared_per_hz,5.0052093294864767e-11,1055.126953125,2.6334542934205514e-11,1356.591796875,1.8122490270437063e-11,2304.052734375
2025.06.11_0.3_2,index=2.2.36E+03,59,59.0,1,2355.33535,2355.33535_src-index=2.2.36E+03_chunk-0059.npy,368978.105,0.0063834013945082,welch_hann_2048_overlap_1024_fs_44100,digital_amplitude_squared_per_hz,5.211306869319947e-11,1055.126953125,2.842003890773545e-11,1356.591796875,1.3881612068373979e-11,2347.119140625
2025.06.11_0.3_2,index=3.2.10E+04,0,0.0,1,20979.71604,20979.71604_src-index=3.2.10E+04_chunk-0000.npy,368978.105,0.0568589728108663,welch_hann_2048_overlap_1024_fs_44100,digital_amplitude_squared_per_hz,5.193879033125623e-11,947.4609375,2.144312014398698e-11,1356.591796875,1.3295313941980107e-11,2304.052734375
2025.06.11_0.3_2,index=3.2.10E+04,1,1.0,1,20979.71604,20979.71604_src-index=3.2.10E+04_chunk-0001.npy,368978.105,0.0568589728108663,welch_hann_2048_overlap_1024_fs_44100,digital_amplitude_squared_per_hz,4.9734911608705233e-11,1055.126953125,2.4761644787839485e-11,1356.591796875,1.5734459551152083e-11,2347.119140625
2025.06.11_0.3_2,index=3.2.10E+04,2,2.0,1,20979.71604,20979.71604_src-index=3.2.10E+04_chunk-0002.npy,368978.105,0.0568589728108663,welch_hann_2048_overlap_1024_fs_44100,digital_amplitude_squared_per_hz,5.205496213182872e-11,1055.126953125,2.709154539902255e-11,1356.591796875,1.1885691442798787e-11,2304.052734375
2025.06.11_0.3_2,index=3.2.10E+04,3,3.0,1,20979.71604,20979.71604_src-index=3.2.10E+04_chunk-0003.npy,368978.105,0.0568589728108663,welch_hann_2048_overlap_1024_fs_44100,digital_amplitude_squared_per_hz,4.990797398186689e-11,1055.126953125,2.7133317021476743e-11,1356.591796875,1.3078688283401305e-11,2304.052734375
2025.06.11_0.3_2,index=3.2.10E+04,4,4.0,1,20979.71604,20979.71604_src-index=3.2.10E+04_chunk-0004.npy,368978.105,0.0568589728108663,welch_hann_2048_overlap_1024_fs_44100,digital_amplitude_squared_per_hz,4.4552126775438943e-11,1055.126953125,2.1104446237310464e-11,1356.591796875,1.4327058404320163e-11,2304.052734375
2025.06.11_0.3_2,index=3.2.10E+04,5,5.0,1,20979.71604,20979.71604_src-index=3.2.10E+04_chunk-0005.npy,368978.105,0.0568589728108663,welch_hann_2048_overlap_1024_fs_44100,digital_amplitude_squared_per_hz,4.824003356531081e-11,1055.126953125,2.4095231527343347e-11,1356.591796875,1.545223026377401e-11,2347.119140625
2025.06.11_0.3_2,index=3.2.10E+04,6,6.0,1,20979.71604,20979.71604_src-index=3.2.10E+04_chunk-0006.npy,368978.105,0.0568589728108663,welch_hann_2048_overlap_1024_fs_44100,digital_amplitude_squared_per_hz,4.53215990417231e-11,1055.126953125,2.5461787925760033e-11,1356.591796875,1.2750360204087357e-11,2304.052734375
2025.06.11_0.3_2,index=3.2.10E+04,7,7.0,1,20979.71604,20979.71604_src-index=3.2.10E+04_chunk-0007.npy,368978.105,0.0568589728108663,welch_hann_2048_overlap_1024_fs_44100,digital_amplitude_squared_per_hz,4.416300883404047e-11,947.4609375,1.8584833545329065e-11,1356.591796875,1.1557600798382689e-11,2347.119140625
2025.06.11_0.3_2,index=3.2.10E+04,8,8.0,1,20979.71604,20979.71604_src-index=3.2.10E+04_chunk-0008.npy,368978.105,0.0568589728108663,welch_hann_2048_overlap_1024_fs_44100,digital_amplitude_squared_per_hz,4.621345242331215e-11,1055.126953125,2.3898185537928786e-11,1356.591796875,1.0918186592308149e-11,2304.052734375
2025.06.11_0.3_2,index=3.2.10E+04,9,9.0,1,20979.71604,20979.71604_src-index=3.2.10E+04_chunk-0009.npy,368978.105,0.0568589728108663,welch_hann_2048_overlap_1024_fs_44100,digital_amplitude_squared_per_hz,4.1780564877686476e-11,947.4609375,2.0864561810843216e-11,1356.591796875,1.0941971006339235e-11,2347.119140625
2025.06.11_0.3_2,index=3.2.10E+04,10,10.0,1,20979.71604,20979.71604_src-index=3.2.10E+04_chunk-0010.npy,368978.105,0.0568589728108663,welch_hann_2048_overlap_1024_fs_44100,digital_amplitude_squared_per_hz,4.435747784338617e-11,1055.126953125,2.2813456847093633e-11,1356.591796875,1.2087136035541144e-11,2304.052734375
2025.06.11_0.3_2,index=3.2.10E+04,11,11.0,1,20979.71604,20979.71604_src-index=3.2.10E+04_chunk-0011.npy,368978.105,0.0568589728108663,welch_hann_2048_overlap_1024_fs_44100,digital_amplitude_squared_per_hz,3.5529219120840554e-11,947.4609375,1.801544766628579e-11,1356.591796875,1.026001490621509e-11,2304.052734375
2025.06.11_0.3_2,index=3.2.10E+04,12,12.0,1,20979.71604,20979.71604_src-index=3.2.10E+04_chunk-0012.npy,368978.105,0.0568589728108663,welch_hann_2048_overlap_1024_fs_44100,digital_amplitude_squared_per_hz,3.5298081163978314e-11,1055.126953125,2.0706210450199215e-11,1356.591796875,1.2786512495091179e-11,2347.119140625
2025.06.11_0.3_2,index=3.2.10E+04,13,13.0,1,20979.71604,20979.71604_src-index=3.2.10E+04_chunk-0013.npy,368978.105,0.0568589728108663,welch_hann_2048_overlap_1024_fs_44100,digital_amplitude_squared_per_hz,4.2186852500271936e-11,947.4609375,2.13337374862923e-11,1356.591796875,1.3298969409570993e-11,2304.052734375
2025.06.11_0.3_2,index=3.2.10E+04,14,14.0,1,20979.71604,20979.71604_src-index=3.2.10E+04_chunk-0014.npy,368978.105,0.0568589728108663,welch_hann_2048_overlap_1024_fs_44100,digital_amplitude_squared_per_hz,3.96428211410003e-11,947.4609375,2.0165378717404062e-11,1356.591796875,1.3085267328928815e-11,2347.119140625
2025.06.11_0.3_2,index=3.2.10E+04,15,15.0,1,20979.71604,20979.71604_src-index=3.2.10E+04_chunk-0015.npy,368978.105,0.0568589728108663,welch_hann_2048_overlap_1024_fs_44100,digital_amplitude_squared_per_hz,4.365036343780883e-11,1055.126953125,2.3399556045605905e-11,1356.591796875,1.3332190941591236e-11,2347.119140625
2025.06.11_0.3_2,index=3.2.10E+04,16,16.0,1,20979.71604,20979.71604_src-index=3.2.10E+04_chunk-0016.npy,368978.105,0.0568589728108663,welch_hann_2048_overlap_1024_fs_44100,digital_amplitude_squared_per_hz,5.613529288695803e-11,947.4609375,2.6981707435654218e-11,1356.591796875,1.161525292402519e-11,2347.119140625
2025.06.11_0.3_2,index=3.2.10E+04,17,17.0,1,20979.71604,20979.71604_src-index=3.2.10E+04_chunk-0017.npy,368978.105,0.0568589728108663,welch_hann_2048_overlap_1024_fs_44100,digital_amplitude_squared_per_hz,4.502797737896799e-11,1055.126953125,2.5083287382035456e-11,1356.591796875,1.0250377164427214e-11,2304.052734375
2025.06.11_0.3_2,index=3.2.10E+04,18,18.0,1,20979.71604,20979.71604_src-index=3.2.10E+04_chunk-0018.npy,368978.105,0.0568589728108663,welch_hann_2048_overlap_1024_fs_44100,digital_amplitude_squared_per_hz,4.031280769852455e-11,947.4609375,1.6186232495153905e-11,1356.591796875,1.242493446486465e-11,2347.119140625
2025.06.11_0.3_2,index=3.2.10E+04,19,19.0,1,20979.71604,20979.71604_src-index=3.2.10E+04_chunk-0019.npy,368978.105,0.0568589728108663,welch_hann_2048_overlap_1024_fs_44100,digital_amplitude_squared_per_hz,4.4591421100908736e-11,1055.126953125,2.5206808141637524e-11,1356.591796875,1.5259206956906002e-11,2347.119140625
2025.06.11_0.3_2,index=3.2.10E+04,20,20.0,1,20979.71604,20979.71604_src-index=3.2.10E+04_chunk-0020.npy,368978.105,0.0568589728108663,welch_hann_2048_overlap_1024_fs_44100,digital_amplitude_squared_per_hz,4.965557234696754e-11,1055.126953125,2.5760344349767356e-11,1356.591796875,1.1506786757054887e-11,2304.052734375
2025.06.11_0.3_2,index=3.2.10E+04,21,21.0,1,20979.71604,20979.71604_src-index=3.2.10E+04_chunk-0021.npy,368978.105,0.0568589728108663,welch_hann_2048_overlap_1024_fs_44100,digital_amplitude_squared_per_hz,4.642644348588164e-11,1055.126953125,2.1699954314556462e-11,1356.591796875,1.1749562380807603e-11,2304.052734375
2025.06.11_0.3_2,index=3.2.10E+04,22,22.0,1,20979.71604,20979.71604_src-index=3.2.10E+04_chunk-0022.npy,368978.105,0.0568589728108663,welch_hann_2048_overlap_1024_fs_44100,digital_amplitude_squared_per_hz,4.161537257208859e-11,1055.126953125,2.2687231267265428e-11,1356.591796875,1.2772605082193384e-11,2347.119140625
2025.06.11_0.3_2,index=3.2.10E+04,23,23.0,1,20979.71604,20979.71604_src-index=3.2.10E+04_chunk-0023.npy,368978.105,0.0568589728108663,welch_hann_2048_overlap_1024_fs_44100,digital_amplitude_squared_per_hz,4.246989842246964e-11,1055.126953125,2.124967347381188e-11,1356.591796875,1.3313500838249948e-11,2304.052734375
2025.06.11_0.3_2,index=3.2.10E+04,24,24.0,1,20979.71604,20979.71604_src-index=3.2.10E+04_chunk-0024.npy,368978.105,0.0568589728108663,welch_hann_2048_overlap_1024_fs_44100,digital_amplitude_squared_per_hz,4.559127630894694e-11,1055.126953125,2.359146470006247e-11,1356.591796875,1.3371695953649236e-11,2347.119140625
2025.06.11_0.3_2,index=3.2.10E+04,25,25.0,1,20979.71604,20979.71604_src-index=3.2.10E+04_chunk-0025.npy,368978.105,0.0568589728108663,welch_hann_2048_overlap_1024_fs_44100,digital_amplitude_squared_per_hz,4.3275134578812454e-11,947.4609375,2.169108784130861e-11,1356.591796875,1.5037690209990143e-11,2347.119140625
2025.06.11_0.3_2,index=3.2.10E+04,26,26.0,1,20979.71604,20979.71604_src-index=3.2.10E+04_chunk-0026.npy,368978.105,0.0568589728108663,welch_hann_2048_overlap_1024_fs_44100,digital_amplitude_squared_per_hz,5.1073531881719255e-11,1055.126953125,2.6230456836685914e-11,1356.591796875,1.5610092702661822e-11,2347.119140625
2025.06.11_0.3_2,index=3.2.10E+04,27,27.0,1,20979.71604,20979.71604_src-index=3.2.10E+04_chunk-0027.npy,368978.105,0.0568589728108663,welch_hann_2048_overlap_1024_fs_44100,digital_amplitude_squared_per_hz,5.535139552281409e-11,1055.126953125,2.6598002817309502e-11,1356.591796875,1.802809962961224e-11,2347.119140625
2025.06.11_0.3_2,index=3.2.10E+04,28,28.0,1,20979.71604,20979.71604_src-index=3.2.10E+04_chunk-0028.npy,368978.105,0.0568589728108663,welch_hann_2048_overlap_1024_fs_44100,digital_amplitude_squared_per_hz,5.255704095084915e-11,1055.126953125,2.6045462878435868e-11,1356.591796875,1.853538507244547e-11,2347.119140625
2025.06.11_0.3_2,index=3.2.10E+04,29,29.0,1,20979.71604,20979.71604_src-index=3.2.10E+04_chunk-0029.npy,368978.105,0.0568589728108663,welch_hann_2048_overlap_1024_fs_44100,digital_amplitude_squared_per_hz,5.6670252885706846e-11,1055.126953125,2.3789620756488914e-11,1356.591796875,1.3267608425434665e-11,2347.119140625
2025.06.11_0.3_2,index=3.2.10E+04,30,30.0,1,20979.71604,20979.71604_src-index=3.2.10E+04_chunk-0030.npy,368978.105,0.0568589728108663,welch_hann_2048_overlap_1024_fs_44100,digital_amplitude_squared_per_hz,6.263155054630885e-11,1055.126953125,2.766195706621573e-11,1356.591796875,1.3442326312951026e-11,2347.119140625
2025.06.11_0.3_2,index=3.2.10E+04,31,31.0,1,20979.71604,20979.71604_src-index=3.2.10E+04_chunk-0031.npy,368978.105,0.0568589728108663,welch_hann_2048_overlap_1024_fs_44100,digital_amplitude_squared_per_hz,6.147079998479087e-11,1055.126953125,2.829796505743174e-11,1356.591796875,1.6972920105841032e-11,2347.119140625
2025.06.11_0.3_2,index=3.2.10E+04,32,32.0,1,20979.71604,20979.71604_src-index=3.2.10E+04_chunk-0032.npy,368978.105,0.0568589728108663,welch_hann_2048_overlap_1024_fs_44100,digital_amplitude_squared_per_hz,6.319320983714164e-11,947.4609375,2.8038778501791958e-11,1356.591796875,1.3100708179020008e-11,2347.119140625
2025.06.11_0.3_2,index=3.2.10E+04,33,33.0,1,20979.71604,20979.71604_src-index=3.2.10E+04_chunk-0033.npy,368978.105,0.0568589728108663,welch_hann_2048_overlap_1024_fs_44100,digital_amplitude_squared_per_hz,5.63772151487946e-11,1055.126953125,3.012032524830984e-11,1356.591796875,1.2384117814521992e-11,2347.119140625
2025.06.11_0.3_2,index=3.2.10E+04,34,34.0,1,20979.71604,20979.71604_src-index=3.2.10E+04_chunk-0034.npy,368978.105,0.0568589728108663,welch_hann_2048_overlap_1024_fs_44100,digital_amplitude_squared_per_hz,5.35119192556944e-11,1055.126953125,2.484777180080546e-11,1356.591796875,1.3716205133991493e-11,2347.119140625
2025.06.11_0.3_2,index=3.2.10E+04,35,35.0,1,20979.71604,20979.71604_src-index=3.2.10E+04_chunk-0035.npy,368978.105,0.0568589728108663,welch_hann_2048_overlap_1024_fs_44100,digital_amplitude_squared_per_hz,5.687511773172739e-11,1055.126953125,2.5800167965189142e-11,1356.591796875,1.6007350700048216e-11,2347.119140625
2025.06.11_0.3_2,index=3.2.10E+04,36,36.0,1,20979.71604,20979.71604_src-index=3.2.10E+04_chunk-0036.npy,368978.105,0.0568589728108663,welch_hann_2048_overlap_1024_fs_44100,digital_amplitude_squared_per_hz,5.7327523925104556e-11,1055.126953125,2.544466319331749e-11,1356.591796875,1.4378104319638514e-11,2347.119140625
2025.06.11_0.3_2,index=3.2.10E+04,37,37.0,1,20979.71604,20979.71604_src-index=3.2.10E+04_chunk-0037.npy,368978.105,0.0568589728108663,welch_hann_2048_overlap_1024_fs_44100,digital_amplitude_squared_per_hz,5.964305843720707e-11,1055.126953125,2.8445414121680228e-11,1356.591796875,1.483452512022857e-11,2347.119140625
2025.06.11_0.3_2,index=3.2.10E+04,38,38.0,1,20979.71604,20979.71604_src-index=3.2.10E+04_chunk-0038.npy,368978.105,0.0568589728108663,welch_hann_2048_overlap_1024_fs_44100,digital_amplitude_squared_per_hz,5.164215381358523e-11,1055.126953125,2.4420220069994675e-11,1356.591796875,1.9585608502415702e-11,2347.119140625
2025.06.11_0.3_2,index=3.2.10E+04,39,39.0,1,20979.71604,20979.71604_src-index=3.2.10E+04_chunk-0039.npy,368978.105,0.0568589728108663,welch_hann_2048_overlap_1024_fs_44100,digital_amplitude_squared_per_hz,5.566465956115023e-11,1055.126953125,2.7939110198525052e-11,1356.591796875,1.2267091905586298e-11,2347.119140625
2025.06.11_0.3_2,index=3.2.10E+04,40,40.0,1,20979.71604,20979.71604_src-index=3.2.10E+04_chunk-0040.npy,368978.105,0.0568589728108663,welch_hann_2048_overlap_1024_fs_44100,digital_amplitude_squared_per_hz,5.994341021516124e-11,1055.126953125,2.8388565614790226e-11,1356.591796875,1.4424124237438257e-11,2347.119140625
2025.06.11_0.3_2,index=3.2.10E+04,41,41.0,1,20979.71604,20979.71604_src-index=3.2.10E+04_chunk-0041.npy,368978.105,0.0568589728108663,welch_hann_2048_overlap_1024_fs_44100,digital_amplitude_squared_per_hz,4.9001300553647144e-11,1055.126953125,2.4950633231267378e-11,1356.591796875,1.7985860487814385e-11,2347.119140625
2025.06.11_0.3_2,index=3.2.10E+04,42,42.0,1,20979.71604,20979.71604_src-index=3.2.10E+04_chunk-0042.npy,368978.105,0.0568589728108663,welch_hann_2048_overlap_1024_fs_44100,digital_amplitude_squared_per_hz,6.047577810135986e-11,1055.126953125,2.8427749939898193e-11,1356.591796875,1.7088007287685157e-11,2347.119140625
2025.06.11_0.3_2,index=3.2.10E+04,43,43.0,1,20979.71604,20979.71604_src-index=3.2.10E+04_chunk-0043.npy,368978.105,0.0568589728108663,welch_hann_2048_overlap_1024_fs_44100,digital_amplitude_squared_per_hz,5.5504902061783705e-11,947.4609375,2.5536935738929777e-11,1356.591796875,1.3926650446664108e-11,2347.119140625
2025.06.11_0.3_2,index=3.2.10E+04,44,44.0,1,20979.71604,20979.71604_src-index=3.2.10E+04_chunk-0044.npy,368978.105,0.0568589728108663,welch_hann_2048_overlap_1024_fs_44100,digital_amplitude_squared_per_hz,5.0104764524761575e-11,1055.126953125,2.6313463537566876e-11,1356.591796875,1.5570206100861144e-11,2347.119140625
2025.06.11_0.3_2,index=3.2.10E+04,45,45.0,1,20979.71604,20979.71604_src-index=3.2.10E+04_chunk-0045.npy,368978.105,0.0568589728108663,welch_hann_2048_overlap_1024_fs_44100,digital_amplitude_squared_per_hz,5.916575910743737e-11,1055.126953125,2.915552340297701e-11,1356.591796875,1.5377296186279138e-11,2347.119140625
2025.06.11_0.3_2,index=3.2.10E+04,46,46.0,1,20979.71604,20979.71604_src-index=3.2.10E+04_chunk-0046.npy,368978.105,0.0568589728108663,welch_hann_2048_overlap_1024_fs_44100,digital_amplitude_squared_per_hz,5.692671077525633e-11,1055.126953125,2.953901745462564e-11,1356.591796875,1.7313190534924463e-11,2347.119140625
2025.06.11_0.3_2,index=3.2.10E+04,47,47.0,1,20979.71604,20979.71604_src-index=3.2.10E+04_chunk-0047.npy,368978.105,0.0568589728108663,welch_hann_2048_overlap_1024_fs_44100,digital_amplitude_squared_per_hz,6.138213160396845e-11,1055.126953125,3.0642763532059265e-11,1356.591796875,1.5917087801611752e-11,2347.119140625
2025.06.11_0.3_2,index=3.2.10E+04,48,48.0,1,20979.71604,20979.71604_src-index=3.2.10E+04_chunk-0048.npy,368978.105,0.0568589728108663,welch_hann_2048_overlap_1024_fs_44100,digital_amplitude_squared_per_hz,6.153832234567825e-11,1055.126953125,2.647075722937984e-11,1356.591796875,1.6145281715329224e-11,2347.119140625
2025.06.11_0.3_2,index=3.2.10E+04,49,49.0,1,20979.71604,20979.71604_src-index=3.2.10E+04_chunk-0049.npy,368978.105,0.0568589728108663,welch_hann_2048_overlap_1024_fs_44100,digital_amplitude_squared_per_hz,5.301991346954091e-11,1055.126953125,2.8315670142005418e-11,1356.591796875,1.7661923594500247e-11,2347.119140625
2025.06.11_0.3_2,index=3.2.10E+04,50,50.0,1,20979.71604,20979.71604_src-index=3.2.10E+04_chunk-0050.npy,368978.105,0.0568589728108663,welch_hann_2048_overlap_1024_fs_44100,digital_amplitude_squared_per_hz,5.39735292196261e-11,1055.126953125,2.7169329506340914e-11,1356.591796875,1.4053336321653932e-11,2347.119140625
2025.06.11_0.3_2,index=3.2.10E+04,51,51.0,1,20979.71604,20979.71604_src-index=3.2.10E+04_chunk-0051.npy,368978.105,0.0568589728108663,welch_hann_2048_overlap_1024_fs_44100,digital_amplitude_squared_per_hz,5.742156708018251e-11,1055.126953125,2.965226133396975e-11,1356.591796875,1.3840029598309985e-11,2347.119140625
2025.06.11_0.3_2,index=3.2.10E+04,52,52.0,1,20979.71604,20979.71604_src-index=3.2.10E+04_chunk-0052.npy,368978.105,0.0568589728108663,welch_hann_2048_overlap_1024_fs_44100,digital_amplitude_squared_per_hz,5.857277958325014e-11,1055.126953125,2.9028653422128985e-11,1356.591796875,1.456694952854158e-11,2347.119140625
2025.06.11_0.3_2,index=3.2.10E+04,53,53.0,1,20979.71604,20979.71604_src-index=3.2.10E+04_chunk-0053.npy,368978.105,0.0568589728108663,welch_hann_2048_overlap_1024_fs_44100,digital_amplitude_squared_per_hz,4.977432024473599e-11,1055.126953125,2.6028284106698733e-11,1356.591796875,1.492025204954045e-11,2347.119140625
2025.06.11_0.3_2,index=3.2.10E+04,54,54.0,1,20979.71604,20979.71604_src-index=3.2.10E+04_chunk-0054.npy,368978.105,0.0568589728108663,welch_hann_2048_overlap_1024_fs_44100,digital_amplitude_squared_per_hz,5.857819050806724e-11,1055.126953125,2.7833291806602345e-11,1356.591796875,1.524987207632279e-11,2347.119140625
2025.06.11_0.3_2,index=3.2.10E+04,55,55.0,1,20979.71604,20979.71604_src-index=3.2.10E+04_chunk-0055.npy,368978.105,0.0568589728108663,welch_hann_2048_overlap_1024_fs_44100,digital_amplitude_squared_per_hz,5.654918317921758e-11,1055.126953125,2.4658334747620694e-11,1356.591796875,1.23780296015828e-11,2347.119140625
2025.06.11_0.3_2,index=3.2.10E+04,56,56.0,1,20979.71604,20979.71604_src-index=3.2.10E+04_chunk-0056.npy,368978.105,0.0568589728108663,welch_hann_2048_overlap_1024_fs_44100,digital_amplitude_squared_per_hz,5.3130762287989925e-11,1055.126953125,2.7259368839116905e-11,1356.591796875,1.3244407681148244e-11,2347.119140625
2025.06.11_0.3_2,index=3.2.10E+04,57,57.0,1,20979.71604,20979.71604_src-index=3.2.10E+04_chunk-0057.npy,368978.105,0.0568589728108663,welch_hann_2048_overlap_1024_fs_44100,digital_amplitude_squared_per_hz,5.230414123815858e-11,1055.126953125,2.733068949223444e-11,1356.591796875,1.2376815102011808e-11,2347.119140625
2025.06.11_0.3_2,index=3.2.10E+04,58,58.0,1,20979.71604,20979.71604_src-index=3.2.10E+04_chunk-0058.npy,368978.105,0.0568589728108663,welch_hann_2048_overlap_1024_fs_44100,digital_amplitude_squared_per_hz,5.189205057372585e-11,1055.126953125,2.384236275245376e-11,1356.591796875,1.4764670794440862e-11,2347.119140625
2025.06.11_0.3_2,index=3.2.10E+04,59,59.0,1,20979.71604,20979.71604_src-index=3.2.10E+04_chunk-0059.npy,368978.105,0.0568589728108663,welch_hann_2048_overlap_1024_fs_44100,digital_amplitude_squared_per_hz,6.144745299551149e-11,1055.126953125,3.128409687987228e-11,1356.591796875,1.4322955804545945e-11,2347.119140625
2025.06.11_0.3_2,index=4.5.76E+04,0,0.0,1,57593.31665,57593.31665_src-index=4.5.76E+04_chunk-0000.npy,368978.105,0.1560887106024895,welch_hann_2048_overlap_1024_fs_44100,digital_amplitude_squared_per_hz,5.2096337869500955e-11,947.4609375,2.4798290883858446e-11,1356.591796875,1.3738245613547392e-11,2304.052734375
2025.06.11_0.3_2,index=4.5.76E+04,1,1.0,1,57593.31665,57593.31665_src-index=4.5.76E+04_chunk-0001.npy,368978.105,0.1560887106024895,welch_hann_2048_overlap_1024_fs_44100,digital_amplitude_squared_per_hz,4.374023342667189e-11,1055.126953125,2.4508584846330682e-11,1356.591796875,1.4242463655870444e-11,2304.052734375
2025.06.11_0.3_2,index=4.5.76E+04,2,2.0,1,57593.31665,57593.31665_src-index=4.5.76E+04_chunk-0002.npy,368978.105,0.1560887106024895,welch_hann_2048_overlap_1024_fs_44100,digital_amplitude_squared_per_hz,5.067478773700517e-11,947.4609375,2.760971183892643e-11,1356.591796875,1.5280557934319934e-11,2304.052734375
2025.06.11_0.3_2,index=4.5.76E+04,3,3.0,1,57593.31665,57593.31665_src-index=4.5.76E+04_chunk-0003.npy,368978.105,0.1560887106024895,welch_hann_2048_overlap_1024_fs_44100,digital_amplitude_squared_per_hz,4.5893184716118166e-11,1055.126953125,2.650062225740658e-11,1356.591796875,1.357228008774151e-11,2347.119140625
2025.06.11_0.3_2,index=4.5.76E+04,4,4.0,1,57593.31665,57593.31665_src-index=4.5.76E+04_chunk-0004.npy,368978.105,0.1560887106024895,welch_hann_2048_overlap_1024_fs_44100,digital_amplitude_squared_per_hz,4.903646983660886e-11,1055.126953125,2.4775112491039524e-11,1356.591796875,1.2823102328433133e-11,2196.38671875
2025.06.11_0.3_2,index=4.5.76E+04,5,5.0,1,57593.31665,57593.31665_src-index=4.5.76E+04_chunk-0005.npy,368978.105,0.1560887106024895,welch_hann_2048_overlap_1024_fs_44100,digital_amplitude_squared_per_hz,5.249971428623507e-11,1055.126953125,2.949650212480194e-11,1356.591796875,5.186789862061868e-11,2260.986328125
2025.06.11_0.3_2,index=4.5.76E+04,6,6.0,1,57593.31665,57593.31665_src-index=4.5.76E+04_chunk-0006.npy,368978.105,0.1560887106024895,welch_hann_2048_overlap_1024_fs_44100,digital_amplitude_squared_per_hz,5.718149589562236e-11,1055.126953125,3.205930540159394e-11,1356.591796875,1.7302743359697665e-11,2347.119140625
2025.06.11_0.3_2,index=4.5.76E+04,7,7.0,1,57593.31665,57593.31665_src-index=4.5.76E+04_chunk-0007.npy,368978.105,0.1560887106024895,welch_hann_2048_overlap_1024_fs_44100,digital_amplitude_squared_per_hz,5.624051593069622e-11,1055.126953125,2.976289964111314e-11,1356.591796875,1.424226360885945e-11,2304.052734375
2025.06.11_0.3_2,index=4.5.76E+04,8,8.0,1,57593.31665,57593.31665_src-index=4.5.76E+04_chunk-0008.npy,368978.105,0.1560887106024895,welch_hann_2048_overlap_1024_fs_44100,digital_amplitude_squared_per_hz,6.905599023057051e-11,1055.126953125,3.162221723261379e-11,1356.591796875,1.6557265409881713e-11,2304.052734375
2025.06.11_0.3_2,index=4.5.76E+04,9,9.0,1,57593.31665,57593.31665_src-index=4.5.76E+04_chunk-0009.npy,368978.105,0.1560887106024895,welch_hann_2048_overlap_1024_fs_44100,digital_amplitude_squared_per_hz,4.9816151090386016e-11,1055.126953125,2.6962172699747155e-11,1356.591796875,1.2989498319121527e-11,2347.119140625
2025.06.11_0.3_2,index=4.5.76E+04,10,10.0,1,57593.31665,57593.31665_src-index=4.5.76E+04_chunk-0010.npy,368978.105,0.1560887106024895,welch_hann_2048_overlap_1024_fs_44100,digital_amplitude_squared_per_hz,5.983388745983679e-11,1055.126953125,3.01859725807575e-11,1356.591796875,2.1904162098969063e-11,2304.052734375
2025.06.11_0.3_2,index=4.5.76E+04,11,11.0,1,57593.31665,57593.31665_src-index=4.5.76E+04_chunk-0011.npy,368978.105,0.1560887106024895,welch_hann_2048_overlap_1024_fs_44100,digital_amplitude_squared_per_hz,6.344604253220952e-11,1055.126953125,3.276394867559635e-11,1356.591796875,2.0592092707362754e-11,2304.052734375
2025.06.11_0.3_2,index=4.5.76E+04,12,12.0,1,57593.31665,57593.31665_src-index=4.5.76E+04_chunk-0012.npy,368978.105,0.1560887106024895,welch_hann_2048_overlap_1024_fs_44100,digital_amplitude_squared_per_hz,5.358961699665856e-11,1055.126953125,2.6966496805678206e-11,1356.591796875,1.9573417569685167e-11,2304.052734375
2025.06.11_0.3_2,index=4.5.76E+04,13,13.0,1,57593.31665,57593.31665_src-index=4.5.76E+04_chunk-0013.npy,368978.105,0.1560887106024895,welch_hann_2048_overlap_1024_fs_44100,digital_amplitude_squared_per_hz,6.12296793877142e-11,1055.126953125,3.101328152267618e-11,1356.591796875,1.7607091667440897e-11,2304.052734375
2025.06.11_0.3_2,index=4.5.76E+04,14,14.0,1,57593.31665,57593.31665_src-index=4.5.76E+04_chunk-0014.npy,368978.105,0.1560887106024895,welch_hann_2048_overlap_1024_fs_44100,digital_amplitude_squared_per_hz,5.2430993185803227e-11,1055.126953125,2.74111909938133e-11,1356.591796875,2.0299200000683452e-11,2304.052734375
2025.06.11_0.3_2,index=4.5.76E+04,15,15.0,1,57593.31665,57593.31665_src-index=4.5.76E+04_chunk-0015.npy,368978.105,0.1560887106024895,welch_hann_2048_overlap_1024_fs_44100,digital_amplitude_squared_per_hz,5.891855563748353e-11,1055.126953125,2.735265203751751e-11,1356.591796875,1.9547382975848783e-11,2304.052734375
2025.06.11_0.3_2,index=4.5.76E+04,16,16.0,1,57593.31665,57593.31665_src-index=4.5.76E+04_chunk-0016.npy,368978.105,0.1560887106024895,welch_hann_2048_overlap_1024_fs_44100,digital_amplitude_squared_per_hz,5.520109172309341e-11,1055.126953125,2.94966165124451e-11,1356.591796875,2.022862752016993e-11,2304.052734375
2025.06.11_0.3_2,index=4.5.76E+04,17,17.0,1,57593.31665,57593.31665_src-index=4.5.76E+04_chunk-0017.npy,368978.105,0.1560887106024895,welch_hann_2048_overlap_1024_fs_44100,digital_amplitude_squared_per_hz,5.4762319069081983e-11,1055.126953125,2.5028616520918218e-11,1356.591796875,1.6853934300183044e-11,2304.052734375
2025.06.11_0.3_2,index=4.5.76E+04,18,18.0,1,57593.31665,57593.31665_src-index=4.5.76E+04_chunk-0018.npy,368978.105,0.1560887106024895,welch_hann_2048_overlap_1024_fs_44100,digital_amplitude_squared_per_hz,5.585560887483967e-11,1055.126953125,2.8699467425963297e-11,1356.591796875,1.7931566639494827e-11,2304.052734375
2025.06.11_0.3_2,index=4.5.76E+04,19,19.0,1,57593.31665,57593.31665_src-index=4.5.76E+04_chunk-0019.npy,368978.105,0.1560887106024895,welch_hann_2048_overlap_1024_fs_44100,digital_amplitude_squared_per_hz,5.963377725757862e-11,1055.126953125,3.004965027478528e-11,1356.591796875,1.599079675509209e-11,2304.052734375
2025.06.11_0.3_2,index=4.5.76E+04,20,20.0,1,57593.31665,57593.31665_src-index=4.5.76E+04_chunk-0020.npy,368978.105,0.1560887106024895,welch_hann_2048_overlap_1024_fs_44100,digital_amplitude_squared_per_hz,5.828369351361229e-11,1055.126953125,3.236491089842415e-11,1356.591796875,1.8693956597188893e-11,2304.052734375
2025.06.11_0.3_2,index=4.5.76E+04,21,21.0,1,57593.31665,57593.31665_src-index=4.5.76E+04_chunk-0021.npy,368978.105,0.1560887106024895,welch_hann_2048_overlap_1024_fs_44100,digital_amplitude_squared_per_hz,5.404684196226501e-11,1055.126953125,2.5368065644887092e-11,1356.591796875,1.706695048699781e-11,2304.052734375
2025.06.11_0.3_2,index=4.5.76E+04,22,22.0,1,57593.31665,57593.31665_src-index=4.5.76E+04_chunk-0022.npy,368978.105,0.1560887106024895,welch_hann_2048_overlap_1024_fs_44100,digital_amplitude_squared_per_hz,4.9046856841545117e-11,1055.126953125,2.439527720249256e-11,1356.591796875,1.3129729721059963e-11,2304.052734375
2025.06.11_0.3_2,index=4.5.76E+04,23,23.0,1,57593.31665,57593.31665_src-index=4.5.76E+04_chunk-0023.npy,368978.105,0.1560887106024895,welch_hann_2048_overlap_1024_fs_44100,digital_amplitude_squared_per_hz,4.9381240156353906e-11,1055.126953125,2.476896502610321e-11,1356.591796875,1.654599933915783e-11,2304.052734375
2025.06.11_0.3_2,index=4.5.76E+04,24,24.0,1,57593.31665,57593.31665_src-index=4.5.76E+04_chunk-0024.npy,368978.105,0.1560887106024895,welch_hann_2048_overlap_1024_fs_44100,digital_amplitude_squared_per_hz,6.232266509664677e-11,1055.126953125,3.2622397722481926e-11,1356.591796875,1.586571584354357e-11,2304.052734375
2025.06.11_0.3_2,index=4.5.76E+04,25,25.0,1,57593.31665,57593.31665_src-index=4.5.76E+04_chunk-0025.npy,368978.105,0.1560887106024895,welch_hann_2048_overlap_1024_fs_44100,digital_amplitude_squared_per_hz,5.245101526516255e-11,1055.126953125,2.8388842265993147e-11,1356.591796875,1.5217413221830847e-11,2304.052734375
2025.06.11_0.3_2,index=4.5.76E+04,26,26.0,1,57593.31665,57593.31665_src-index=4.5.76E+04_chunk-0026.npy,368978.105,0.1560887106024895,welch_hann_2048_overlap_1024_fs_44100,digital_amplitude_squared_per_hz,5.397529846671873e-11,1055.126953125,2.786024044655532e-11,1356.591796875,1.498222040789586e-11,2304.052734375
2025.06.11_0.3_2,index=4.5.76E+04,27,27.0,1,57593.31665,57593.31665_src-index=4.5.76E+04_chunk-0027.npy,368978.105,0.1560887106024895,welch_hann_2048_overlap_1024_fs_44100,digital_amplitude_squared_per_hz,5.169400210495246e-11,1055.126953125,2.7847144206819402e-11,1356.591796875,1.8398308112521506e-11,2347.119140625
2025.06.11_0.3_2,index=4.5.76E+04,28,28.0,1,57593.31665,57593.31665_src-index=4.5.76E+04_chunk-0028.npy,368978.105,0.1560887106024895,welch_hann_2048_overlap_1024_fs_44100,digital_amplitude_squared_per_hz,6.347981729700561e-11,1055.126953125,2.966532753176079e-11,1356.591796875,1.6584326120676235e-11,2347.119140625
2025.06.11_0.3_2,index=4.5.76E+04,29,29.0,1,57593.31665,57593.31665_src-index=4.5.76E+04_chunk-0029.npy,368978.105,0.1560887106024895,welch_hann_2048_overlap_1024_fs_44100,digital_amplitude_squared_per_hz,5.485279286404482e-11,1055.126953125,2.708673076307572e-11,1356.591796875,1.5367317334488462e-11,2347.119140625
2025.06.11_0.3_2,index=4.5.76E+04,30,30.0,1,57593.31665,57593.31665_src-index=4.5.76E+04_chunk-0030.npy,368978.105,0.1560887106024895,welch_hann_2048_overlap_1024_fs_44100,digital_amplitude_squared_per_hz,5.3215553498135845e-11,1055.126953125,2.6760896502615e-11,1356.591796875,1.5282431337017453e-11,2347.119140625
2025.06.11_0.3_2,index=4.5.76E+04,31,31.0,1,57593.31665,57593.31665_src-index=4.5.76E+04_chunk-0031.npy,368978.105,0.1560887106024895,welch_hann_2048_overlap_1024_fs_44100,digital_amplitude_squared_per_hz,5.0344498680079235e-11,1055.126953125,2.7048108652537246e-11,1356.591796875,1.6715050882578763e-11,2347.119140625
2025.06.11_0.3_2,index=4.5.76E+04,32,32.0,1,57593.31665,57593.31665_src-index=4.5.76E+04_chunk-0032.npy,368978.105,0.1560887106024895,welch_hann_2048_overlap_1024_fs_44100,digital_amplitude_squared_per_hz,5.1187695089745135e-11,947.4609375,2.2554216043768556e-11,1356.591796875,1.2591819410153743e-11,2347.119140625
2025.06.11_0.3_2,index=4.5.76E+04,33,33.0,1,57593.31665,57593.31665_src-index=4.5.76E+04_chunk-0033.npy,368978.105,0.1560887106024895,welch_hann_2048_overlap_1024_fs_44100,digital_amplitude_squared_per_hz,5.4065727178555106e-11,1055.126953125,2.6007240966140007e-11,1356.591796875,1.7022048574101262e-11,2347.119140625
2025.06.11_0.3_2,index=4.5.76E+04,34,34.0,1,57593.31665,57593.31665_src-index=4.5.76E+04_chunk-0034.npy,368978.105,0.1560887106024895,welch_hann_2048_overlap_1024_fs_44100,digital_amplitude_squared_per_hz,5.460396641729128e-11,1055.126953125,3.30204188708398e-11,1356.591796875,1.6727139051014587e-11,2304.052734375
2025.06.11_0.3_2,index=4.5.76E+04,35,35.0,1,57593.31665,57593.31665_src-index=4.5.76E+04_chunk-0035.npy,368978.105,0.1560887106024895,welch_hann_2048_overlap_1024_fs_44100,digital_amplitude_squared_per_hz,5.998951236458718e-11,1055.126953125,3.277994149912783e-11,1356.591796875,1.2515862991890052e-11,2347.119140625
2025.06.11_0.3_2,index=4.5.76E+04,36,36.0,1,57593.31665,57593.31665_src-index=4.5.76E+04_chunk-0036.npy,368978.105,0.1560887106024895,welch_hann_2048_overlap_1024_fs_44100,digital_amplitude_squared_per_hz,5.064517010349178e-11,1055.126953125,2.5538980774369663e-11,1356.591796875,1.3190839416414136e-11,2347.119140625
2025.06.11_0.3_2,index=4.5.76E+04,37,37.0,1,57593.31665,57593.31665_src-index=4.5.76E+04_chunk-0037.npy,368978.105,0.1560887106024895,welch_hann_2048_overlap_1024_fs_44100,digital_amplitude_squared_per_hz,4.9987139512227164e-11,947.4609375,2.1651992726758382e-11,1356.591796875,1.4028874472249369e-11,2347.119140625
2025.06.11_0.3_2,index=4.5.76E+04,38,38.0,1,57593.31665,57593.31665_src-index=4.5.76E+04_chunk-0038.npy,368978.105,0.1560887106024895,welch_hann_2048_overlap_1024_fs_44100,digital_amplitude_squared_per_hz,5.918736701775036e-11,1055.126953125,2.999682779234339e-11,1356.591796875,1.6539762462880787e-11,2347.119140625
2025.06.11_0.3_2,index=4.5.76E+04,39,39.0,1,57593.31665,57593.31665_src-index=4.5.76E+04_chunk-0039.npy,368978.105,0.1560887106024895,welch_hann_2048_overlap_1024_fs_44100,digital_amplitude_squared_per_hz,5.951451116720245e-11,947.4609375,3.023679083316711e-11,1356.591796875,1.3700378888997815e-11,2347.119140625
2025.06.11_0.3_2,index=4.5.76E+04,40,40.0,1,57593.31665,57593.31665_src-index=4.5.76E+04_chunk-0040.npy,368978.105,0.1560887106024895,welch_hann_2048_overlap_1024_fs_44100,digital_amplitude_squared_per_hz,6.171483351718928e-11,1055.126953125,3.1664900968669373e-11,1356.591796875,1.3470599193753673e-11,2347.119140625
2025.06.11_0.3_2,index=4.5.76E+04,41,41.0,1,57593.31665,57593.31665_src-index=4.5.76E+04_chunk-0041.npy,368978.105,0.1560887106024895,welch_hann_2048_overlap_1024_fs_44100,digital_amplitude_squared_per_hz,5.1754182983265335e-11,1055.126953125,2.6162843720783698e-11,1356.591796875,1.4782979468824394e-11,2347.119140625
2025.06.11_0.3_2,index=4.5.76E+04,42,42.0,1,57593.31665,57593.31665_src-index=4.5.76E+04_chunk-0042.npy,368978.105,0.1560887106024895,welch_hann_2048_overlap_1024_fs_44100,digital_amplitude_squared_per_hz,5.968472965148704e-11,1055.126953125,3.098516609937076e-11,1356.591796875,1.8260595698651503e-11,2347.119140625
2025.06.11_0.3_2,index=4.5.76E+04,43,43.0,1,57593.31665,57593.31665_src-index=4.5.76E+04_chunk-0043.npy,368978.105,0.1560887106024895,welch_hann_2048_overlap_1024_fs_44100,digital_amplitude_squared_per_hz,5.2007162232492585e-11,1055.126953125,2.784666773142579e-11,1356.591796875,1.674542403780902e-11,2347.119140625
2025.06.11_0.3_2,index=4.5.76E+04,44,44.0,1,57593.31665,57593.31665_src-index=4.5.76E+04_chunk-0044.npy,368978.105,0.1560887106024895,welch_hann_2048_overlap_1024_fs_44100,digital_amplitude_squared_per_hz,6.013102912335173e-11,1055.126953125,3.0700372629000484e-11,1356.591796875,1.6380457641517874e-11,2304.052734375
2025.06.11_0.3_2,index=4.5.76E+04,45,45.0,1,57593.31665,57593.31665_src-index=4.5.76E+04_chunk-0045.npy,368978.105,0.1560887106024895,welch_hann_2048_overlap_1024_fs_44100,digital_amplitude_squared_per_hz,5.07115993906547e-11,1055.126953125,2.8576726979170342e-11,1356.591796875,1.540194169782388e-11,2347.119140625
2025.06.11_0.3_2,index=4.5.76E+04,46,46.0,1,57593.31665,57593.31665_src-index=4.5.76E+04_chunk-0046.npy,368978.105,0.1560887106024895,welch_hann_2048_overlap_1024_fs_44100,digital_amplitude_squared_per_hz,4.859013929128051e-11,947.4609375,2.3926612988894048e-11,1356.591796875,9.100182603440451e-12,2347.119140625
2025.06.11_0.3_2,index=4.5.76E+04,47,47.0,1,57593.31665,57593.31665_src-index=4.5.76E+04_chunk-0047.npy,368978.105,0.1560887106024895,welch_hann_2048_overlap_1024_fs_44100,digital_amplitude_squared_per_hz,4.516214264569805e-11,1055.126953125,2.3422294987379138e-11,1356.591796875,1.6153061390361427e-11,2347.119140625
2025.06.11_0.3_2,index=4.5.76E+04,48,48.0,1,57593.31665,57593.31665_src-index=4.5.76E+04_chunk-0048.npy,368978.105,0.1560887106024895,welch_hann_2048_overlap_1024_fs_44100,digital_amplitude_squared_per_hz,5.1539168103115006e-11,1055.126953125,2.627039544429654e-11,1356.591796875,1.651579750567995e-11,2304.052734375
2025.06.11_0.3_2,index=4.5.76E+04,49,49.0,1,57593.31665,57593.31665_src-index=4.5.76E+04_chunk-0049.npy,368978.105,0.1560887106024895,welch_hann_2048_overlap_1024_fs_44100,digital_amplitude_squared_per_hz,5.320694976625308e-11,1055.126953125,2.8980080663886032e-11,1356.591796875,1.4097884173594904e-11,2347.119140625
2025.06.11_0.3_2,index=4.5.76E+04,50,50.0,1,57593.31665,57593.31665_src-index=4.5.76E+04_chunk-0050.npy,368978.105,0.1560887106024895,welch_hann_2048_overlap_1024_fs_44100,digital_amplitude_squared_per_hz,5.227555336208062e-11,1055.126953125,3.0200051386447066e-11,1356.591796875,1.488255147912184e-11,2347.119140625
2025.06.11_0.3_2,index=4.5.76E+04,51,51.0,1,57593.31665,57593.31665_src-index=4.5.76E+04_chunk-0051.npy,368978.105,0.1560887106024895,welch_hann_2048_overlap_1024_fs_44100,digital_amplitude_squared_per_hz,4.6213557393918335e-11,1055.126953125,2.2543668157750915e-11,1356.591796875,1.4238801308931867e-11,2347.119140625
2025.06.11_0.3_2,index=4.5.76E+04,52,52.0,1,57593.31665,57593.31665_src-index=4.5.76E+04_chunk-0052.npy,368978.105,0.1560887106024895,welch_hann_2048_overlap_1024_fs_44100,digital_amplitude_squared_per_hz,5.2568697943555506e-11,1055.126953125,2.5899274914231743e-11,1356.591796875,1.3954125710425706e-11,2347.119140625
2025.06.11_0.3_2,index=4.5.76E+04,53,53.0,1,57593.31665,57593.31665_src-index=4.5.76E+04_chunk-0053.npy,368978.105,0.1560887106024895,welch_hann_2048_overlap_1024_fs_44100,digital_amplitude_squared_per_hz,4.8369884314651835e-11,1055.126953125,3.054067299921726e-11,1356.591796875,1.6080185170925976e-11,2347.119140625
2025.06.11_0.3_2,index=4.5.76E+04,54,54.0,1,57593.31665,57593.31665_src-index=4.5.76E+04_chunk-0054.npy,368978.105,0.1560887106024895,welch_hann_2048_overlap_1024_fs_44100,digital_amplitude_squared_per_hz,4.6160286128610335e-11,1055.126953125,2.5973363151768476e-11,1356.591796875,1.2185482399042183e-11,2347.119140625
2025.06.11_0.3_2,index=4.5.76E+04,55,55.0,1,57593.31665,57593.31665_src-index=4.5.76E+04_chunk-0055.npy,368978.105,0.1560887106024895,welch_hann_2048_overlap_1024_fs_44100,digital_amplitude_squared_per_hz,4.813991110412479e-11,1055.126953125,2.8216319183738965e-11,1356.591796875,1.2773729278089448e-11,2347.119140625
2025.06.11_0.3_2,index=4.5.76E+04,56,56.0,1,57593.31665,57593.31665_src-index=4.5.76E+04_chunk-0056.npy,368978.105,0.1560887106024895,welch_hann_2048_overlap_1024_fs_44100,digital_amplitude_squared_per_hz,5.678662134278495e-11,1055.126953125,2.7459826498225612e-11,1356.591796875,1.4023045950330484e-11,2347.119140625
2025.06.11_0.3_2,index=4.5.76E+04,57,57.0,1,57593.31665,57593.31665_src-index=4.5.76E+04_chunk-0057.npy,368978.105,0.1560887106024895,welch_hann_2048_overlap_1024_fs_44100,digital_amplitude_squared_per_hz,5.854890063777617e-11,1055.126953125,3.578013578652821e-11,1356.591796875,1.530644197691159e-11,2347.119140625
2025.06.11_0.3_2,index=4.5.76E+04,58,58.0,1,57593.31665,57593.31665_src-index=4.5.76E+04_chunk-0058.npy,368978.105,0.1560887106024895,welch_hann_2048_overlap_1024_fs_44100,digital_amplitude_squared_per_hz,4.730973346083259e-11,1055.126953125,2.6225841767862217e-11,1356.591796875,1.2865836035756044e-11,2347.119140625
2025.06.11_0.3_2,index=4.5.76E+04,59,59.0,1,57593.31665,57593.31665_src-index=4.5.76E+04_chunk-0059.npy,368978.105,0.1560887106024895,welch_hann_2048_overlap_1024_fs_44100,digital_amplitude_squared_per_hz,4.6636784794155e-11,1055.126953125,2.7538882649450425e-11,1356.591796875,1.3267629547871378e-11,2347.119140625
2025.06.11_0.3_2,index=5.1.11E+05,0,0.0,1,111264.7017,111264.7017_src-index=5.1.11E+05_chunk-0000.npy,368978.105,0.3015482495905821,welch_hann_2048_overlap_1024_fs_44100,digital_amplitude_squared_per_hz,4.2838218485274996e-11,947.4609375,1.9583931564339216e-11,1356.591796875,1.0610385295708927e-11,2304.052734375
2025.06.11_0.3_2,index=5.1.11E+05,1,1.0,1,111264.7017,111264.7017_src-index=5.1.11E+05_chunk-0001.npy,368978.105,0.3015482495905821,welch_hann_2048_overlap_1024_fs_44100,digital_amplitude_squared_per_hz,5.069053648223843e-11,1055.126953125,2.832709908925312e-11,1356.591796875,1.5051665119354844e-11,2347.119140625
2025.06.11_0.3_2,index=5.1.11E+05,2,2.0,1,111264.7017,111264.7017_src-index=5.1.11E+05_chunk-0002.npy,368978.105,0.3015482495905821,welch_hann_2048_overlap_1024_fs_44100,digital_amplitude_squared_per_hz,5.257303038738695e-11,1055.126953125,3.5404918991300475e-11,1356.591796875,1.4642488509156036e-11,2347.119140625
2025.06.11_0.3_2,index=5.1.11E+05,3,3.0,1,111264.7017,111264.7017_src-index=5.1.11E+05_chunk-0003.npy,368978.105,0.3015482495905821,welch_hann_2048_overlap_1024_fs_44100,digital_amplitude_squared_per_hz,5.316942652998279e-11,1055.126953125,3.3347168096500816e-11,1356.591796875,1.494006024431731e-11,2304.052734375
2025.06.11_0.3_2,index=5.1.11E+05,4,4.0,1,111264.7017,111264.7017_src-index=5.1.11E+05_chunk-0004.npy,368978.105,0.3015482495905821,welch_hann_2048_overlap_1024_fs_44100,digital_amplitude_squared_per_hz,5.0407161270966144e-11,1055.126953125,2.9111344850130206e-11,1356.591796875,1.1667654511236788e-11,2304.052734375
2025.06.11_0.3_2,index=5.1.11E+05,5,5.0,1,111264.7017,111264.7017_src-index=5.1.11E+05_chunk-0005.npy,368978.105,0.3015482495905821,welch_hann_2048_overlap_1024_fs_44100,digital_amplitude_squared_per_hz,4.853560295737407e-11,1055.126953125,2.2718080890879876e-11,1356.591796875,1.108769404383111e-11,2347.119140625
2025.06.11_0.3_2,index=5.1.11E+05,6,6.0,1,111264.7017,111264.7017_src-index=5.1.11E+05_chunk-0006.npy,368978.105,0.3015482495905821,welch_hann_2048_overlap_1024_fs_44100,digital_amplitude_squared_per_hz,5.136123513355095e-11,1055.126953125,3.1493743211072254e-11,1356.591796875,1.3840456607865849e-11,2347.119140625
2025.06.11_0.3_2,index=5.1.11E+05,7,7.0,1,111264.7017,111264.7017_src-index=5.1.11E+05_chunk-0007.npy,368978.105,0.3015482495905821,welch_hann_2048_overlap_1024_fs_44100,digital_amplitude_squared_per_hz,5.2497140762219466e-11,1055.126953125,3.080326946080814e-11,1356.591796875,1.3511976481985731e-11,2347.119140625
2025.06.11_0.3_2,index=5.1.11E+05,8,8.0,1,111264.7017,111264.7017_src-index=5.1.11E+05_chunk-0008.npy,368978.105,0.3015482495905821,welch_hann_2048_overlap_1024_fs_44100,digital_amplitude_squared_per_hz,5.07011205935006e-11,1055.126953125,2.946157301362305e-11,1356.591796875,1.4309734031112484e-11,2347.119140625
2025.06.11_0.3_2,index=5.1.11E+05,9,9.0,1,111264.7017,111264.7017_src-index=5.1.11E+05_chunk-0009.npy,368978.105,0.3015482495905821,welch_hann_2048_overlap_1024_fs_44100,digital_amplitude_squared_per_hz,4.5189838843836836e-11,1055.126953125,2.66904002493687e-11,1356.591796875,1.3224702547081561e-11,2304.052734375
2025.06.11_0.3_2,index=5.1.11E+05,10,10.0,1,111264.7017,111264.7017_src-index=5.1.11E+05_chunk-0010.npy,368978.105,0.3015482495905821,welch_hann_2048_overlap_1024_fs_44100,digital_amplitude_squared_per_hz,5.118452006198872e-11,1055.126953125,2.7232173925957687e-11,1356.591796875,1.0905579048374385e-11,2304.052734375
2025.06.11_0.3_2,index=5.1.11E+05,11,11.0,1,111264.7017,111264.7017_src-index=5.1.11E+05_chunk-0011.npy,368978.105,0.3015482495905821,welch_hann_2048_overlap_1024_fs_44100,digital_amplitude_squared_per_hz,4.5476955882896986e-11,1055.126953125,2.472921693024672e-11,1356.591796875,1.3886498800976716e-11,2347.119140625
2025.06.11_0.3_2,index=5.1.11E+05,12,12.0,1,111264.7017,111264.7017_src-index=5.1.11E+05_chunk-0012.npy,368978.105,0.3015482495905821,welch_hann_2048_overlap_1024_fs_44100,digital_amplitude_squared_per_hz,5.3567937349062e-11,1055.126953125,2.8798066992251026e-11,1356.591796875,2.5292093736292017e-11,2304.052734375
2025.06.11_0.3_2,index=5.1.11E+05,13,13.0,1,111264.7017,111264.7017_src-index=5.1.11E+05_chunk-0013.npy,368978.105,0.3015482495905821,welch_hann_2048_overlap_1024_fs_44100,digital_amplitude_squared_per_hz,4.6409491125631566e-11,947.4609375,2.561804240903904e-11,1356.591796875,2.113395877348422e-11,2304.052734375
2025.06.11_0.3_2,index=5.1.11E+05,14,14.0,1,111264.7017,111264.7017_src-index=5.1.11E+05_chunk-0014.npy,368978.105,0.3015482495905821,welch_hann_2048_overlap_1024_fs_44100,digital_amplitude_squared_per_hz,5.079909924405414e-11,947.4609375,2.5812927444324195e-11,1356.591796875,2.3715712463036626e-11,2304.052734375
2025.06.11_0.3_2,index=5.1.11E+05,15,15.0,1,111264.7017,111264.7017_src-index=5.1.11E+05_chunk-0015.npy,368978.105,0.3015482495905821,welch_hann_2048_overlap_1024_fs_44100,digital_amplitude_squared_per_hz,5.4176540394571214e-11,1055.126953125,2.799347703296541e-11,1356.591796875,1.8713000117542044e-11,2304.052734375
2025.06.11_0.3_2,index=5.1.11E+05,16,16.0,1,111264.7017,111264.7017_src-index=5.1.11E+05_chunk-0016.npy,368978.105,0.3015482495905821,welch_hann_2048_overlap_1024_fs_44100,digital_amplitude_squared_per_hz,5.4281166824117175e-11,1055.126953125,2.8214090702886636e-11,1356.591796875,2.0913278350489e-11,2304.052734375
2025.06.11_0.3_2,index=5.1.11E+05,17,17.0,1,111264.7017,111264.7017_src-index=5.1.11E+05_chunk-0017.npy,368978.105,0.3015482495905821,welch_hann_2048_overlap_1024_fs_44100,digital_amplitude_squared_per_hz,5.41363648948826e-11,1055.126953125,2.8469216775843447e-11,1356.591796875,2.1115333017794902e-11,2304.052734375
2025.06.11_0.3_2,index=5.1.11E+05,18,18.0,1,111264.7017,111264.7017_src-index=5.1.11E+05_chunk-0018.npy,368978.105,0.3015482495905821,welch_hann_2048_overlap_1024_fs_44100,digital_amplitude_squared_per_hz,4.725763590103667e-11,1055.126953125,2.402541554355738e-11,1356.591796875,1.7252010983162787e-11,2304.052734375
2025.06.11_0.3_2,index=5.1.11E+05,19,19.0,1,111264.7017,111264.7017_src-index=5.1.11E+05_chunk-0019.npy,368978.105,0.3015482495905821,welch_hann_2048_overlap_1024_fs_44100,digital_amplitude_squared_per_hz,5.513804928047808e-11,1055.126953125,2.7492713985272795e-11,1356.591796875,1.958693228498451e-11,2304.052734375
2025.06.11_0.3_2,index=5.1.11E+05,20,20.0,1,111264.7017,111264.7017_src-index=5.1.11E+05_chunk-0020.npy,368978.105,0.3015482495905821,welch_hann_2048_overlap_1024_fs_44100,digital_amplitude_squared_per_hz,5.272587244791196e-11,1055.126953125,2.7543275075734337e-11,1356.591796875,1.7182896365712524e-11,2304.052734375
2025.06.11_0.3_2,index=5.1.11E+05,21,21.0,1,111264.7017,111264.7017_src-index=5.1.11E+05_chunk-0021.npy,368978.105,0.3015482495905821,welch_hann_2048_overlap_1024_fs_44100,digital_amplitude_squared_per_hz,4.66389020845537e-11,1055.126953125,2.4700942759452625e-11,1356.591796875,1.687747147415742e-11,2304.052734375
2025.06.11_0.3_2,index=5.1.11E+05,22,22.0,1,111264.7017,111264.7017_src-index=5.1.11E+05_chunk-0022.npy,368978.105,0.3015482495905821,welch_hann_2048_overlap_1024_fs_44100,digital_amplitude_squared_per_hz,5.139567341645294e-11,947.4609375,2.6303599572549814e-11,1356.591796875,1.831542479746753e-11,2304.052734375
2025.06.11_0.3_2,index=5.1.11E+05,23,23.0,1,111264.7017,111264.7017_src-index=5.1.11E+05_chunk-0023.npy,368978.105,0.3015482495905821,welch_hann_2048_overlap_1024_fs_44100,digital_amplitude_squared_per_hz,4.960773020390651e-11,1055.126953125,2.608032962841897e-11,1356.591796875,2.3469186818617506e-11,2304.052734375
2025.06.11_0.3_2,index=5.1.11E+05,24,24.0,1,111264.7017,111264.7017_src-index=5.1.11E+05_chunk-0024.npy,368978.105,0.3015482495905821,welch_hann_2048_overlap_1024_fs_44100,digital_amplitude_squared_per_hz,5.742783758755415e-11,1055.126953125,2.913139040008822e-11,1356.591796875,1.6387639057944227e-11,2304.052734375
2025.06.11_0.3_2,index=5.1.11E+05,25,25.0,1,111264.7017,111264.7017_src-index=5.1.11E+05_chunk-0025.npy,368978.105,0.3015482495905821,welch_hann_2048_overlap_1024_fs_44100,digital_amplitude_squared_per_hz,4.744291049647236e-11,1055.126953125,2.5797725503528287e-11,1356.591796875,2.0675603880565552e-11,2304.052734375
2025.06.11_0.3_2,index=5.1.11E+05,26,26.0,1,111264.7017,111264.7017_src-index=5.1.11E+05_chunk-0026.npy,368978.105,0.3015482495905821,welch_hann_2048_overlap_1024_fs_44100,digital_amplitude_squared_per_hz,5.053954426591402e-11,1055.126953125,2.5949731497818193e-11,1356.591796875,1.6462132046500294e-11,2304.052734375
2025.06.11_0.3_2,index=5.1.11E+05,27,27.0,1,111264.7017,111264.7017_src-index=5.1.11E+05_chunk-0027.npy,368978.105,0.3015482495905821,welch_hann_2048_overlap_1024_fs_44100,digital_amplitude_squared_per_hz,4.98656187540794e-11,947.4609375,2.3683893481109154e-11,1356.591796875,1.5132026984420112e-11,2304.052734375
2025.06.11_0.3_2,index=5.1.11E+05,28,28.0,1,111264.7017,111264.7017_src-index=5.1.11E+05_chunk-0028.npy,368978.105,0.3015482495905821,welch_hann_2048_overlap_1024_fs_44100,digital_amplitude_squared_per_hz,5.5928838155557533e-11,1055.126953125,2.701657711172233e-11,1356.591796875,1.5921355749942557e-11,2304.052734375
2025.06.11_0.3_2,index=5.1.11E+05,29,29.0,1,111264.7017,111264.7017_src-index=5.1.11E+05_chunk-0029.npy,368978.105,0.3015482495905821,welch_hann_2048_overlap_1024_fs_44100,digital_amplitude_squared_per_hz,4.8564667707507454e-11,947.4609375,2.4793096834884042e-11,1356.591796875,1.9071450440668686e-11,2304.052734375
2025.06.11_0.3_2,index=5.1.11E+05,30,30.0,1,111264.7017,111264.7017_src-index=5.1.11E+05_chunk-0030.npy,368978.105,0.3015482495905821,welch_hann_2048_overlap_1024_fs_44100,digital_amplitude_squared_per_hz,5.162611117365974e-11,1055.126953125,2.9042758333098563e-11,1356.591796875,1.6627314761385825e-11,2304.052734375
2025.06.11_0.3_2,index=5.1.11E+05,31,31.0,1,111264.7017,111264.7017_src-index=5.1.11E+05_chunk-0031.npy,368978.105,0.3015482495905821,welch_hann_2048_overlap_1024_fs_44100,digital_amplitude_squared_per_hz,4.889020645984898e-11,1055.126953125,2.5611803836141854e-11,1356.591796875,1.907738714031948e-11,2304.052734375
2025.06.11_0.3_2,index=5.1.11E+05,32,32.0,1,111264.7017,111264.7017_src-index=5.1.11E+05_chunk-0032.npy,368978.105,0.3015482495905821,welch_hann_2048_overlap_1024_fs_44100,digital_amplitude_squared_per_hz,5.2253162708794074e-11,1055.126953125,2.8960370429193963e-11,1356.591796875,1.662568949696563e-11,2304.052734375
2025.06.11_0.3_2,index=5.1.11E+05,33,33.0,1,111264.7017,111264.7017_src-index=5.1.11E+05_chunk-0033.npy,368978.105,0.3015482495905821,welch_hann_2048_overlap_1024_fs_44100,digital_amplitude_squared_per_hz,5.06399648602789e-11,947.4609375,2.485138224582106e-11,1356.591796875,2.190230393820091e-11,2304.052734375
2025.06.11_0.3_2,index=5.1.11E+05,34,34.0,1,111264.7017,111264.7017_src-index=5.1.11E+05_chunk-0034.npy,368978.105,0.3015482495905821,welch_hann_2048_overlap_1024_fs_44100,digital_amplitude_squared_per_hz,5.373519668034892e-11,1055.126953125,2.9161405949094436e-11,1356.591796875,1.8720975597170582e-11,2304.052734375
2025.06.11_0.3_2,index=5.1.11E+05,35,35.0,1,111264.7017,111264.7017_src-index=5.1.11E+05_chunk-0035.npy,368978.105,0.3015482495905821,welch_hann_2048_overlap_1024_fs_44100,digital_amplitude_squared_per_hz,5.173065649649287e-11,1055.126953125,2.944209322519788e-11,1356.591796875,2.00733555195447e-11,2304.052734375
2025.06.11_0.3_2,index=5.1.11E+05,36,36.0,1,111264.7017,111264.7017_src-index=5.1.11E+05_chunk-0036.npy,368978.105,0.3015482495905821,welch_hann_2048_overlap_1024_fs_44100,digital_amplitude_squared_per_hz,4.9589611532820994e-11,1055.126953125,2.4332668477669562e-11,1356.591796875,1.3817985338708884e-11,2304.052734375
2025.06.11_0.3_2,index=5.1.11E+05,37,37.0,1,111264.7017,111264.7017_src-index=5.1.11E+05_chunk-0037.npy,368978.105,0.3015482495905821,welch_hann_2048_overlap_1024_fs_44100,digital_amplitude_squared_per_hz,5.5724503437394966e-11,1055.126953125,3.050679288424226e-11,1356.591796875,1.6153771325010148e-11,2304.052734375
2025.06.11_0.3_2,index=5.1.11E+05,38,38.0,1,111264.7017,111264.7017_src-index=5.1.11E+05_chunk-0038.npy,368978.105,0.3015482495905821,welch_hann_2048_overlap_1024_fs_44100,digital_amplitude_squared_per_hz,4.6485810505300464e-11,1055.126953125,2.8009234126925132e-11,1356.591796875,1.7903950946851533e-11,2304.052734375
2025.06.11_0.3_2,index=5.1.11E+05,39,39.0,1,111264.7017,111264.7017_src-index=5.1.11E+05_chunk-0039.npy,368978.105,0.3015482495905821,welch_hann_2048_overlap_1024_fs_44100,digital_amplitude_squared_per_hz,6.061744746824424e-11,1055.126953125,3.29859959419776e-11,1356.591796875,1.7529301773390408e-11,2304.052734375
2025.06.11_0.3_2,index=5.1.11E+05,40,40.0,1,111264.7017,111264.7017_src-index=5.1.11E+05_chunk-0040.npy,368978.105,0.3015482495905821,welch_hann_2048_overlap_1024_fs_44100,digital_amplitude_squared_per_hz,4.6408761712323586e-11,1055.126953125,2.4876483232154156e-11,1356.591796875,1.654204817408819e-11,2304.052734375
2025.06.11_0.3_2,index=5.1.11E+05,41,41.0,1,111264.7017,111264.7017_src-index=5.1.11E+05_chunk-0041.npy,368978.105,0.3015482495905821,welch_hann_2048_overlap_1024_fs_44100,digital_amplitude_squared_per_hz,4.8900764732245916e-11,1055.126953125,2.6128387082562032e-11,1356.591796875,1.5717035119916457e-11,2304.052734375
2025.06.11_0.3_2,index=5.1.11E+05,42,42.0,1,111264.7017,111264.7017_src-index=5.1.11E+05_chunk-0042.npy,368978.105,0.3015482495905821,welch_hann_2048_overlap_1024_fs_44100,digital_amplitude_squared_per_hz,5.1372239819749984e-11,1055.126953125,2.8692080083912693e-11,1356.591796875,1.6952983197460662e-11,2304.052734375
2025.06.11_0.3_2,index=5.1.11E+05,43,43.0,1,111264.7017,111264.7017_src-index=5.1.11E+05_chunk-0043.npy,368978.105,0.3015482495905821,welch_hann_2048_overlap_1024_fs_44100,digital_amplitude_squared_per_hz,4.462978753947768e-11,1055.126953125,2.2619427809814715e-11,1356.591796875,1.459485783586614e-11,2304.052734375
2025.06.11_0.3_2,index=5.1.11E+05,44,44.0,1,111264.7017,111264.7017_src-index=5.1.11E+05_chunk-0044.npy,368978.105,0.3015482495905821,welch_hann_2048_overlap_1024_fs_44100,digital_amplitude_squared_per_hz,5.269107253846064e-11,1055.126953125,2.7410232848941318e-11,1356.591796875,1.590869676956566e-11,2304.052734375
2025.06.11_0.3_2,index=5.1.11E+05,45,45.0,1,111264.7017,111264.7017_src-index=5.1.11E+05_chunk-0045.npy,368978.105,0.3015482495905821,welch_hann_2048_overlap_1024_fs_44100,digital_amplitude_squared_per_hz,5.458879206822009e-11,1055.126953125,3.0891128723512284e-11,1356.591796875,1.7367527105025023e-11,2304.052734375
2025.06.11_0.3_2,index=5.1.11E+05,46,46.0,1,111264.7017,111264.7017_src-index=5.1.11E+05_chunk-0046.npy,368978.105,0.3015482495905821,welch_hann_2048_overlap_1024_fs_44100,digital_amplitude_squared_per_hz,4.3262613711079096e-11,1055.126953125,2.3308499408513344e-11,1356.591796875,1.463131509119021e-11,2304.052734375
2025.06.11_0.3_2,index=5.1.11E+05,47,47.0,1,111264.7017,111264.7017_src-index=5.1.11E+05_chunk-0047.npy,368978.105,0.3015482495905821,welch_hann_2048_overlap_1024_fs_44100,digital_amplitude_squared_per_hz,4.6538915713997084e-11,1055.126953125,2.521966902780771e-11,1356.591796875,1.473884788080907e-11,2304.052734375
2025.06.11_0.3_2,index=5.1.11E+05,48,48.0,1,111264.7017,111264.7017_src-index=5.1.11E+05_chunk-0048.npy,368978.105,0.3015482495905821,welch_hann_2048_overlap_1024_fs_44100,digital_amplitude_squared_per_hz,4.828785298240745e-11,1055.126953125,2.9096777784707265e-11,1356.591796875,1.0462399856307439e-11,2347.119140625
2025.06.11_0.3_2,index=5.1.11E+05,49,49.0,1,111264.7017,111264.7017_src-index=5.1.11E+05_chunk-0049.npy,368978.105,0.3015482495905821,welch_hann_2048_overlap_1024_fs_44100,digital_amplitude_squared_per_hz,4.138947454445987e-11,1055.126953125,2.698842482238863e-11,1356.591796875,1.3981540994443089e-11,2304.052734375
2025.06.11_0.3_2,index=5.1.11E+05,50,50.0,1,111264.7017,111264.7017_src-index=5.1.11E+05_chunk-0050.npy,368978.105,0.3015482495905821,welch_hann_2048_overlap_1024_fs_44100,digital_amplitude_squared_per_hz,4.414959422055806e-11,1055.126953125,2.4852272655020907e-11,1356.591796875,1.288124368538902e-11,2304.052734375
2025.06.11_0.3_2,index=5.1.11E+05,51,51.0,1,111264.7017,111264.7017_src-index=5.1.11E+05_chunk-0051.npy,368978.105,0.3015482495905821,welch_hann_2048_overlap_1024_fs_44100,digital_amplitude_squared_per_hz,4.807224816621325e-11,1055.126953125,3.024306521382009e-11,1356.591796875,1.4096696146573417e-11,2347.119140625
2025.06.11_0.3_2,index=5.1.11E+05,52,52.0,1,111264.7017,111264.7017_src-index=5.1.11E+05_chunk-0052.npy,368978.105,0.3015482495905821,welch_hann_2048_overlap_1024_fs_44100,digital_amplitude_squared_per_hz,4.753610859648123e-11,1055.126953125,2.5837472966413262e-11,1356.591796875,1.1838208820335726e-11,2304.052734375
2025.06.11_0.3_2,index=5.1.11E+05,53,53.0,1,111264.7017,111264.7017_src-index=5.1.11E+05_chunk-0053.npy,368978.105,0.3015482495905821,welch_hann_2048_overlap_1024_fs_44100,digital_amplitude_squared_per_hz,4.378285578689044e-11,1055.126953125,2.5997077116867386e-11,1356.591796875,1.3488071486118649e-11,2304.052734375
2025.06.11_0.3_2,index=5.1.11E+05,54,54.0,1,111264.7017,111264.7017_src-index=5.1.11E+05_chunk-0054.npy,368978.105,0.3015482495905821,welch_hann_2048_overlap_1024_fs_44100,digital_amplitude_squared_per_hz,4.7120287384182936e-11,1055.126953125,2.6276223978680586e-11,1356.591796875,1.6912898014187087e-11,2304.052734375
2025.06.11_0.3_2,index=5.1.11E+05,55,55.0,1,111264.7017,111264.7017_src-index=5.1.11E+05_chunk-0055.npy,368978.105,0.3015482495905821,welch_hann_2048_overlap_1024_fs_44100,digital_amplitude_squared_per_hz,4.9548845681331434e-11,1055.126953125,3.003666592733812e-11,1356.591796875,1.4038775815717895e-11,2304.052734375
2025.06.11_0.3_2,index=5.1.11E+05,56,56.0,1,111264.7017,111264.7017_src-index=5.1.11E+05_chunk-0056.npy,368978.105,0.3015482495905821,welch_hann_2048_overlap_1024_fs_44100,digital_amplitude_squared_per_hz,4.0421185948819086e-11,1055.126953125,2.2958346004910838e-11,1356.591796875,1.0731571228289988e-11,2304.052734375
2025.06.11_0.3_2,index=5.1.11E+05,57,57.0,1,111264.7017,111264.7017_src-index=5.1.11E+05_chunk-0057.npy,368978.105,0.3015482495905821,welch_hann_2048_overlap_1024_fs_44100,digital_amplitude_squared_per_hz,4.639283680430465e-11,1055.126953125,2.5351367666102998e-11,1356.591796875,1.1458214787835241e-11,2304.052734375
2025.06.11_0.3_2,index=5.1.11E+05,58,58.0,1,111264.7017,111264.7017_src-index=5.1.11E+05_chunk-0058.npy,368978.105,0.3015482495905821,welch_hann_2048_overlap_1024_fs_44100,digital_amplitude_squared_per_hz,4.461718098902293e-11,1055.126953125,2.379856264868406e-11,1356.591796875,1.1964209836904922e-11,2304.052734375
2025.06.11_0.3_2,index=5.1.11E+05,59,59.0,1,111264.7017,111264.7017_src-index=5.1.11E+05_chunk-0059.npy,368978.105,0.3015482495905821,welch_hann_2048_overlap_1024_fs_44100,digital_amplitude_squared_per_hz,4.632048111827283e-11,1055.126953125,2.8805795876615754e-11,1356.591796875,1.4604052080741526e-11,2304.052734375
2025.06.11_0.3_2,index=6.1.44E+05,0,0.0,1,144324.2618,144324.2618_src-index=6.1.44E+05_chunk-0000.npy,368978.105,0.391145869752895,welch_hann_2048_overlap_1024_fs_44100,digital_amplitude_squared_per_hz,4.4143547745656045e-11,947.4609375,1.9235359583379333e-11,1356.591796875,1.462489879680725e-11,2304.052734375
2025.06.11_0.3_2,index=6.1.44E+05,1,1.0,1,144324.2618,144324.2618_src-index=6.1.44E+05_chunk-0001.npy,368978.105,0.391145869752895,welch_hann_2048_overlap_1024_fs_44100,digital_amplitude_squared_per_hz,4.356130229574369e-11,1055.126953125,2.577583774149231e-11,1356.591796875,1.447238761297047e-11,2304.052734375
2025.06.11_0.3_2,index=6.1.44E+05,2,2.0,1,144324.2618,144324.2618_src-index=6.1.44E+05_chunk-0002.npy,368978.105,0.391145869752895,welch_hann_2048_overlap_1024_fs_44100,digital_amplitude_squared_per_hz,4.3764235527421876e-11,1055.126953125,2.8702486688290014e-11,1356.591796875,1.4504565108432921e-11,2304.052734375
2025.06.11_0.3_2,index=6.1.44E+05,3,3.0,1,144324.2618,144324.2618_src-index=6.1.44E+05_chunk-0003.npy,368978.105,0.391145869752895,welch_hann_2048_overlap_1024_fs_44100,digital_amplitude_squared_per_hz,4.327995008625086e-11,1055.126953125,2.8407466532574715e-11,1356.591796875,1.3599100225165567e-11,2304.052734375
2025.06.11_0.3_2,index=6.1.44E+05,4,4.0,1,144324.2618,144324.2618_src-index=6.1.44E+05_chunk-0004.npy,368978.105,0.391145869752895,welch_hann_2048_overlap_1024_fs_44100,digital_amplitude_squared_per_hz,4.2535350249995695e-11,1055.126953125,2.6804041841157044e-11,1356.591796875,1.3351815894201167e-11,2347.119140625
2025.06.11_0.3_2,index=6.1.44E+05,5,5.0,1,144324.2618,144324.2618_src-index=6.1.44E+05_chunk-0005.npy,368978.105,0.391145869752895,welch_hann_2048_overlap_1024_fs_44100,digital_amplitude_squared_per_hz,4.951925605302897e-11,1055.126953125,2.8512018637483963e-11,1356.591796875,1.2179584446639344e-11,2304.052734375
2025.06.11_0.3_2,index=6.1.44E+05,6,6.0,1,144324.2618,144324.2618_src-index=6.1.44E+05_chunk-0006.npy,368978.105,0.391145869752895,welch_hann_2048_overlap_1024_fs_44100,digital_amplitude_squared_per_hz,5.3536742258418865e-11,1055.126953125,3.397038946334907e-11,1356.591796875,1.4015691718884166e-11,2304.052734375
2025.06.11_0.3_2,index=6.1.44E+05,7,7.0,1,144324.2618,144324.2618_src-index=6.1.44E+05_chunk-0007.npy,368978.105,0.391145869752895,welch_hann_2048_overlap_1024_fs_44100,digital_amplitude_squared_per_hz,4.689604102138798e-11,947.4609375,2.4680281035576834e-11,1356.591796875,1.196435634213482e-11,2196.38671875
2025.06.11_0.3_2,index=6.1.44E+05,8,8.0,1,144324.2618,144324.2618_src-index=6.1.44E+05_chunk-0008.npy,368978.105,0.391145869752895,welch_hann_2048_overlap_1024_fs_44100,digital_amplitude_squared_per_hz,4.269396931579545e-11,1055.126953125,2.7454542194685857e-11,1356.591796875,1.715957035784637e-11,2304.052734375
2025.06.11_0.3_2,index=6.1.44E+05,9,9.0,1,144324.2618,144324.2618_src-index=6.1.44E+05_chunk-0009.npy,368978.105,0.391145869752895,welch_hann_2048_overlap_1024_fs_44100,digital_amplitude_squared_per_hz,4.66708092113919e-11,1055.126953125,2.5016009304033273e-11,1356.591796875,1.2386174305214943e-11,2304.052734375
2025.06.11_0.3_2,index=6.1.44E+05,10,10.0,1,144324.2618,144324.2618_src-index=6.1.44E+05_chunk-0010.npy,368978.105,0.391145869752895,welch_hann_2048_overlap_1024_fs_44100,digital_amplitude_squared_per_hz,4.3158075469872344e-11,1055.126953125,2.242782126572917e-11,1356.591796875,1.509873886621323e-11,2304.052734375
2025.06.11_0.3_2,index=6.1.44E+05,11,11.0,1,144324.2618,144324.2618_src-index=6.1.44E+05_chunk-0011.npy,368978.105,0.391145869752895,welch_hann_2048_overlap_1024_fs_44100,digital_amplitude_squared_per_hz,4.704410907091679e-11,1055.126953125,2.9418809549188355e-11,1356.591796875,1.49079047209648e-11,2304.052734375
2025.06.11_0.3_2,index=6.1.44E+05,12,12.0,1,144324.2618,144324.2618_src-index=6.1.44E+05_chunk-0012.npy,368978.105,0.391145869752895,welch_hann_2048_overlap_1024_fs_44100,digital_amplitude_squared_per_hz,4.7104191649121494e-11,1055.126953125,2.8600912864065633e-11,1356.591796875,1.5214351193150004e-11,2304.052734375
2025.06.11_0.3_2,index=6.1.44E+05,13,13.0,1,144324.2618,144324.2618_src-index=6.1.44E+05_chunk-0013.npy,368978.105,0.391145869752895,welch_hann_2048_overlap_1024_fs_44100,digital_amplitude_squared_per_hz,5.077957215416947e-11,1055.126953125,2.6770272744011157e-11,1356.591796875,1.5242573448547983e-11,2304.052734375
2025.06.11_0.3_2,index=6.1.44E+05,14,14.0,1,144324.2618,144324.2618_src-index=6.1.44E+05_chunk-0014.npy,368978.105,0.391145869752895,welch_hann_2048_overlap_1024_fs_44100,digital_amplitude_squared_per_hz,5.0386049308480763e-11,1055.126953125,2.674101795453768e-11,1356.591796875,1.3103329923466206e-11,2304.052734375
2025.06.11_0.3_2,index=6.1.44E+05,15,15.0,1,144324.2618,144324.2618_src-index=6.1.44E+05_chunk-0015.npy,368978.105,0.391145869752895,welch_hann_2048_overlap_1024_fs_44100,digital_amplitude_squared_per_hz,4.734270766791611e-11,1055.126953125,2.754805698268362e-11,1356.591796875,1.4545099851478149e-11,2304.052734375
2025.06.11_0.3_2,index=6.1.44E+05,16,16.0,1,144324.2618,144324.2618_src-index=6.1.44E+05_chunk-0016.npy,368978.105,0.391145869752895,welch_hann_2048_overlap_1024_fs_44100,digital_amplitude_squared_per_hz,4.9311408141159516e-11,1055.126953125,2.5560024330303992e-11,1356.591796875,1.581518037276725e-11,2304.052734375
2025.06.11_0.3_2,index=6.1.44E+05,17,17.0,1,144324.2618,144324.2618_src-index=6.1.44E+05_chunk-0017.npy,368978.105,0.391145869752895,welch_hann_2048_overlap_1024_fs_44100,digital_amplitude_squared_per_hz,4.358371920642043e-11,947.4609375,2.1618754844823373e-11,1356.591796875,1.3957901645978173e-11,2304.052734375
2025.06.11_0.3_2,index=6.1.44E+05,18,18.0,1,144324.2618,144324.2618_src-index=6.1.44E+05_chunk-0018.npy,368978.105,0.391145869752895,welch_hann_2048_overlap_1024_fs_44100,digital_amplitude_squared_per_hz,4.894171607026004e-11,1055.126953125,2.404566571816497e-11,1356.591796875,1.9174492649148363e-11,2304.052734375
2025.06.11_0.3_2,index=6.1.44E+05,19,19.0,1,144324.2618,144324.2618_src-index=6.1.44E+05_chunk-0019.npy,368978.105,0.391145869752895,welch_hann_2048_overlap_1024_fs_44100,digital_amplitude_squared_per_hz,4.3583988947677855e-11,1055.126953125,2.1719069167404272e-11,1356.591796875,3.131820240885639e-11,2304.052734375
2025.06.11_0.3_2,index=6.1.44E+05,20,20.0,1,144324.2618,144324.2618_src-index=6.1.44E+05_chunk-0020.npy,368978.105,0.391145869752895,welch_hann_2048_overlap_1024_fs_44100,digital_amplitude_squared_per_hz,5.760862538690992e-11,1055.126953125,2.9305868404932504e-11,1356.591796875,2.2431136884036055e-11,2304.052734375
2025.06.11_0.3_2,index=6.1.44E+05,21,21.0,1,144324.2618,144324.2618_src-index=6.1.44E+05_chunk-0021.npy,368978.105,0.391145869752895,welch_hann_2048_overlap_1024_fs_44100,digital_amplitude_squared_per_hz,4.5058955714208125e-11,1055.126953125,2.3490363150413557e-11,1356.591796875,2.5142629892209228e-11,2304.052734375
2025.06.11_0.3_2,index=6.1.44E+05,22,22.0,1,144324.2618,144324.2618_src-index=6.1.44E+05_chunk-0022.npy,368978.105,0.391145869752895,welch_hann_2048_overlap_1024_fs_44100,digital_amplitude_squared_per_hz,4.796621627618899e-11,1055.126953125,2.3453277546590986e-11,1356.591796875,2.075696553120421e-11,2304.052734375
2025.06.11_0.3_2,index=6.1.44E+05,23,23.0,1,144324.2618,144324.2618_src-index=6.1.44E+05_chunk-0023.npy,368978.105,0.391145869752895,welch_hann_2048_overlap_1024_fs_44100,digital_amplitude_squared_per_hz,4.866363732470922e-11,1055.126953125,2.230390798011382e-11,1356.591796875,1.6705557714734605e-11,2304.052734375
2025.06.11_0.3_2,index=6.1.44E+05,24,24.0,1,144324.2618,144324.2618_src-index=6.1.44E+05_chunk-0024.npy,368978.105,0.391145869752895,welch_hann_2048_overlap_1024_fs_44100,digital_amplitude_squared_per_hz,4.306831655576205e-11,1055.126953125,2.3001130389386285e-11,1356.591796875,2.335060316881292e-11,2304.052734375
2025.06.11_0.3_2,index=6.1.44E+05,25,25.0,1,144324.2618,144324.2618_src-index=6.1.44E+05_chunk-0025.npy,368978.105,0.391145869752895,welch_hann_2048_overlap_1024_fs_44100,digital_amplitude_squared_per_hz,4.959175311079042e-11,1055.126953125,2.3026523096915983e-11,1356.591796875,2.0407198152201e-11,2304.052734375
2025.06.11_0.3_2,index=6.1.44E+05,26,26.0,1,144324.2618,144324.2618_src-index=6.1.44E+05_chunk-0026.npy,368978.105,0.391145869752895,welch_hann_2048_overlap_1024_fs_44100,digital_amplitude_squared_per_hz,4.795659948856636e-11,1055.126953125,2.3494845649636456e-11,1356.591796875,1.8075074141637316e-11,2304.052734375
2025.06.11_0.3_2,index=6.1.44E+05,27,27.0,1,144324.2618,144324.2618_src-index=6.1.44E+05_chunk-0027.npy,368978.105,0.391145869752895,welch_hann_2048_overlap_1024_fs_44100,digital_amplitude_squared_per_hz,5.0064129609587746e-11,1055.126953125,2.4516507752442243e-11,1356.591796875,2.3022510003481522e-11,2304.052734375
2025.06.11_0.3_2,index=6.1.44E+05,28,28.0,1,144324.2618,144324.2618_src-index=6.1.44E+05_chunk-0028.npy,368978.105,0.391145869752895,welch_hann_2048_overlap_1024_fs_44100,digital_amplitude_squared_per_hz,5.162337694233957e-11,1055.126953125,2.7214913753125625e-11,1356.591796875,2.052612490340432e-11,2304.052734375
2025.06.11_0.3_2,index=6.1.44E+05,29,29.0,1,144324.2618,144324.2618_src-index=6.1.44E+05_chunk-0029.npy,368978.105,0.391145869752895,welch_hann_2048_overlap_1024_fs_44100,digital_amplitude_squared_per_hz,4.780963204469471e-11,1055.126953125,2.4363658344571247e-11,1356.591796875,2.3200750675487567e-11,2304.052734375
2025.06.11_0.3_2,index=6.1.44E+05,30,30.0,1,144324.2618,144324.2618_src-index=6.1.44E+05_chunk-0030.npy,368978.105,0.391145869752895,welch_hann_2048_overlap_1024_fs_44100,digital_amplitude_squared_per_hz,5.5480852216437364e-11,1055.126953125,3.0066451813502767e-11,1356.591796875,2.1881144174100656e-11,2304.052734375
2025.06.11_0.3_2,index=6.1.44E+05,31,31.0,1,144324.2618,144324.2618_src-index=6.1.44E+05_chunk-0031.npy,368978.105,0.391145869752895,welch_hann_2048_overlap_1024_fs_44100,digital_amplitude_squared_per_hz,4.7561660036306796e-11,1055.126953125,2.5450980370617624e-11,1356.591796875,2.011244088813648e-11,2304.052734375
2025.06.11_0.3_2,index=6.1.44E+05,32,32.0,1,144324.2618,144324.2618_src-index=6.1.44E+05_chunk-0032.npy,368978.105,0.391145869752895,welch_hann_2048_overlap_1024_fs_44100,digital_amplitude_squared_per_hz,4.929533740560629e-11,1055.126953125,2.7648954140748536e-11,1356.591796875,1.8863524497293474e-11,2304.052734375
2025.06.11_0.3_2,index=6.1.44E+05,33,33.0,1,144324.2618,144324.2618_src-index=6.1.44E+05_chunk-0033.npy,368978.105,0.391145869752895,welch_hann_2048_overlap_1024_fs_44100,digital_amplitude_squared_per_hz,5.536225889201633e-11,1055.126953125,2.778796506199664e-11,1356.591796875,2.0991611650328657e-11,2304.052734375
2025.06.11_0.3_2,index=6.1.44E+05,34,34.0,1,144324.2618,144324.2618_src-index=6.1.44E+05_chunk-0034.npy,368978.105,0.391145869752895,welch_hann_2048_overlap_1024_fs_44100,digital_amplitude_squared_per_hz,5.0388408857512575e-11,1055.126953125,2.4694566023185197e-11,1356.591796875,1.8238281252903076e-11,2304.052734375
2025.06.11_0.3_2,index=6.1.44E+05,35,35.0,1,144324.2618,144324.2618_src-index=6.1.44E+05_chunk-0035.npy,368978.105,0.391145869752895,welch_hann_2048_overlap_1024_fs_44100,digital_amplitude_squared_per_hz,4.782310673333818e-11,1055.126953125,2.5013460861252764e-11,1356.591796875,1.9262768413056188e-11,2304.052734375
2025.06.11_0.3_2,index=6.1.44E+05,36,36.0,1,144324.2618,144324.2618_src-index=6.1.44E+05_chunk-0036.npy,368978.105,0.391145869752895,welch_hann_2048_overlap_1024_fs_44100,digital_amplitude_squared_per_hz,5.2987271841333606e-11,1055.126953125,2.769313777504663e-11,1356.591796875,2.0325161008856132e-11,2304.052734375
2025.06.11_0.3_2,index=6.1.44E+05,37,37.0,1,144324.2618,144324.2618_src-index=6.1.44E+05_chunk-0037.npy,368978.105,0.391145869752895,welch_hann_2048_overlap_1024_fs_44100,digital_amplitude_squared_per_hz,4.688859743691581e-11,1055.126953125,2.462905674329794e-11,1356.591796875,1.5678647954942095e-11,2304.052734375
2025.06.11_0.3_2,index=6.1.44E+05,38,38.0,1,144324.2618,144324.2618_src-index=6.1.44E+05_chunk-0038.npy,368978.105,0.391145869752895,welch_hann_2048_overlap_1024_fs_44100,digital_amplitude_squared_per_hz,4.8416992844487946e-11,1055.126953125,2.8542240185633918e-11,1356.591796875,2.313465033176123e-11,2304.052734375
2025.06.11_0.3_2,index=6.1.44E+05,39,39.0,1,144324.2618,144324.2618_src-index=6.1.44E+05_chunk-0039.npy,368978.105,0.391145869752895,welch_hann_2048_overlap_1024_fs_44100,digital_amplitude_squared_per_hz,4.718917197891651e-11,1055.126953125,2.455884402847864e-11,1356.591796875,1.7245224315300787e-11,2304.052734375
2025.06.11_0.3_2,index=6.1.44E+05,40,40.0,1,144324.2618,144324.2618_src-index=6.1.44E+05_chunk-0040.npy,368978.105,0.391145869752895,welch_hann_2048_overlap_1024_fs_44100,digital_amplitude_squared_per_hz,4.4288001074810556e-11,1055.126953125,2.0745092437377316e-11,1356.591796875,2.1562581414015514e-11,2304.052734375
2025.06.11_0.3_2,index=6.1.44E+05,41,41.0,1,144324.2618,144324.2618_src-index=6.1.44E+05_chunk-0041.npy,368978.105,0.391145869752895,welch_hann_2048_overlap_1024_fs_44100,digital_amplitude_squared_per_hz,4.679439018978684e-11,1055.126953125,2.2935444005817743e-11,1356.591796875,1.8609731756255527e-11,2304.052734375
2025.06.11_0.3_2,index=6.1.44E+05,42,42.0,1,144324.2618,144324.2618_src-index=6.1.44E+05_chunk-0042.npy,368978.105,0.391145869752895,welch_hann_2048_overlap_1024_fs_44100,digital_amplitude_squared_per_hz,4.755751233731644e-11,1055.126953125,1.9852332380773738e-11,1356.591796875,1.4933179375854812e-11,2304.052734375
2025.06.11_0.3_2,index=6.1.44E+05,43,43.0,1,144324.2618,144324.2618_src-index=6.1.44E+05_chunk-0043.npy,368978.105,0.391145869752895,welch_hann_2048_overlap_1024_fs_44100,digital_amplitude_squared_per_hz,4.182519112371933e-11,1055.126953125,2.1424323644868383e-11,1356.591796875,1.753004328798354e-11,2304.052734375
2025.06.11_0.3_2,index=6.1.44E+05,44,44.0,1,144324.2618,144324.2618_src-index=6.1.44E+05_chunk-0044.npy,368978.105,0.391145869752895,welch_hann_2048_overlap_1024_fs_44100,digital_amplitude_squared_per_hz,4.7108451159720605e-11,1055.126953125,2.221308992001075e-11,1356.591796875,1.4479585623545476e-11,2304.052734375
2025.06.11_0.3_2,index=6.1.44E+05,45,45.0,1,144324.2618,144324.2618_src-index=6.1.44E+05_chunk-0045.npy,368978.105,0.391145869752895,welch_hann_2048_overlap_1024_fs_44100,digital_amplitude_squared_per_hz,4.610512479839381e-11,1055.126953125,2.5614322813452293e-11,1356.591796875,1.8492399223844542e-11,2304.052734375
2025.06.11_0.3_2,index=6.1.44E+05,46,46.0,1,144324.2618,144324.2618_src-index=6.1.44E+05_chunk-0046.npy,368978.105,0.391145869752895,welch_hann_2048_overlap_1024_fs_44100,digital_amplitude_squared_per_hz,4.606245324999871e-11,1055.126953125,2.215373641208118e-11,1356.591796875,1.7368885377849748e-11,2304.052734375
2025.06.11_0.3_2,index=6.1.44E+05,47,47.0,1,144324.2618,144324.2618_src-index=6.1.44E+05_chunk-0047.npy,368978.105,0.391145869752895,welch_hann_2048_overlap_1024_fs_44100,digital_amplitude_squared_per_hz,5.1561167278017675e-11,1055.126953125,2.4613795363685847e-11,1356.591796875,1.4848357347176657e-11,2304.052734375
2025.06.11_0.3_2,index=6.1.44E+05,48,48.0,1,144324.2618,144324.2618_src-index=6.1.44E+05_chunk-0048.npy,368978.105,0.391145869752895,welch_hann_2048_overlap_1024_fs_44100,digital_amplitude_squared_per_hz,4.883889828930324e-11,1055.126953125,2.6704521077528053e-11,1356.591796875,1.6945882242302218e-11,2304.052734375
2025.06.11_0.3_2,index=6.1.44E+05,49,49.0,1,144324.2618,144324.2618_src-index=6.1.44E+05_chunk-0049.npy,368978.105,0.391145869752895,welch_hann_2048_overlap_1024_fs_44100,digital_amplitude_squared_per_hz,4.145205115173965e-11,947.4609375,1.881190446254445e-11,1356.591796875,1.604594016464158e-11,2304.052734375
2025.06.11_0.3_2,index=6.1.44E+05,50,50.0,1,144324.2618,144324.2618_src-index=6.1.44E+05_chunk-0050.npy,368978.105,0.391145869752895,welch_hann_2048_overlap_1024_fs_44100,digital_amplitude_squared_per_hz,3.858827030440424e-11,1055.126953125,1.7453471573273403e-11,1356.591796875,1.452989921767582e-11,2304.052734375
2025.06.11_0.3_2,index=6.1.44E+05,51,51.0,1,144324.2618,144324.2618_src-index=6.1.44E+05_chunk-0051.npy,368978.105,0.391145869752895,welch_hann_2048_overlap_1024_fs_44100,digital_amplitude_squared_per_hz,4.7493741263293945e-11,1055.126953125,2.2158178782333794e-11,1356.591796875,1.1865233791455378e-11,2304.052734375
2025.06.11_0.3_2,index=6.1.44E+05,52,52.0,1,144324.2618,144324.2618_src-index=6.1.44E+05_chunk-0052.npy,368978.105,0.391145869752895,welch_hann_2048_overlap_1024_fs_44100,digital_amplitude_squared_per_hz,4.285774321323604e-11,1055.126953125,2.6394481271869436e-11,1356.591796875,1.0987648422926615e-11,2347.119140625
2025.06.11_0.3_2,index=6.1.44E+05,53,53.0,1,144324.2618,144324.2618_src-index=6.1.44E+05_chunk-0053.npy,368978.105,0.391145869752895,welch_hann_2048_overlap_1024_fs_44100,digital_amplitude_squared_per_hz,4.490301384363735e-11,1055.126953125,2.3294821804157596e-11,1356.591796875,1.1856750701649842e-11,2304.052734375
2025.06.11_0.3_2,index=6.1.44E+05,54,54.0,1,144324.2618,144324.2618_src-index=6.1.44E+05_chunk-0054.npy,368978.105,0.391145869752895,welch_hann_2048_overlap_1024_fs_44100,digital_amplitude_squared_per_hz,4.001057021390907e-11,1055.126953125,2.3350674463927394e-11,1356.591796875,1.2856890598103155e-11,2347.119140625
2025.06.11_0.3_2,index=6.1.44E+05,55,55.0,1,144324.2618,144324.2618_src-index=6.1.44E+05_chunk-0055.npy,368978.105,0.391145869752895,welch_hann_2048_overlap_1024_fs_44100,digital_amplitude_squared_per_hz,4.034835230097989e-11,1055.126953125,2.0537988207149968e-11,1356.591796875,1.880820041301783e-11,2304.052734375
2025.06.11_0.3_2,index=6.1.44E+05,56,56.0,1,144324.2618,144324.2618_src-index=6.1.44E+05_chunk-0056.npy,368978.105,0.391145869752895,welch_hann_2048_overlap_1024_fs_44100,digital_amplitude_squared_per_hz,4.003022897206403e-11,1055.126953125,2.421838171774789e-11,1356.591796875,1.3932265680580497e-11,2347.119140625
2025.06.11_0.3_2,index=6.1.44E+05,57,57.0,1,144324.2618,144324.2618_src-index=6.1.44E+05_chunk-0057.npy,368978.105,0.391145869752895,welch_hann_2048_overlap_1024_fs_44100,digital_amplitude_squared_per_hz,3.684202236066333e-11,1055.126953125,1.8887135443558704e-11,1356.591796875,1.3944587035356419e-11,2304.052734375
2025.06.11_0.3_2,index=6.1.44E+05,58,58.0,1,144324.2618,144324.2618_src-index=6.1.44E+05_chunk-0058.npy,368978.105,0.391145869752895,welch_hann_2048_overlap_1024_fs_44100,digital_amplitude_squared_per_hz,3.2863698047799794e-11,1055.126953125,2.034120374068549e-11,1356.591796875,1.2291097057847334e-11,2304.052734375
2025.06.11_0.3_2,index=6.1.44E+05,59,59.0,1,144324.2618,144324.2618_src-index=6.1.44E+05_chunk-0059.npy,368978.105,0.391145869752895,welch_hann_2048_overlap_1024_fs_44100,digital_amplitude_squared_per_hz,3.858485780149523e-11,1055.126953125,2.1061098114166958e-11,1356.591796875,1.4522505207981675e-11,2304.052734375
2025.06.11_0.3_2,index=7.1.81E+05,0,0.0,1,181378.003,181378.003_src-index=7.1.81E+05_chunk-0000.npy,368978.105,0.49156847125116,welch_hann_2048_overlap_1024_fs_44100,digital_amplitude_squared_per_hz,4.472258488410249e-11,1055.126953125,1.919452126914359e-11,1356.591796875,1.3697731596709465e-11,2304.052734375
2025.06.11_0.3_2,index=7.1.81E+05,1,1.0,1,181378.003,181378.003_src-index=7.1.81E+05_chunk-0001.npy,368978.105,0.49156847125116,welch_hann_2048_overlap_1024_fs_44100,digital_amplitude_squared_per_hz,4.46816874724684e-11,1055.126953125,2.2463239796059485e-11,1356.591796875,1.1371202282182279e-11,2304.052734375
2025.06.11_0.3_2,index=7.1.81E+05,2,2.0,1,181378.003,181378.003_src-index=7.1.81E+05_chunk-0002.npy,368978.105,0.49156847125116,welch_hann_2048_overlap_1024_fs_44100,digital_amplitude_squared_per_hz,4.0016798993418804e-11,1055.126953125,2.219752584875913e-11,1356.591796875,1.2221037458999467e-11,2347.119140625
2025.06.11_0.3_2,index=7.1.81E+05,3,3.0,1,181378.003,181378.003_src-index=7.1.81E+05_chunk-0003.npy,368978.105,0.49156847125116,welch_hann_2048_overlap_1024_fs_44100,digital_amplitude_squared_per_hz,4.387088220864654e-11,1055.126953125,2.2240878437631327e-11,1356.591796875,1.3469607156929353e-11,2347.119140625
2025.06.11_0.3_2,index=7.1.81E+05,4,4.0,1,181378.003,181378.003_src-index=7.1.81E+05_chunk-0004.npy,368978.105,0.49156847125116,welch_hann_2048_overlap_1024_fs_44100,digital_amplitude_squared_per_hz,3.997904907278507e-11,1055.126953125,2.202473431112755e-11,1356.591796875,1.3034543399692421e-11,2347.119140625
2025.06.11_0.3_2,index=7.1.81E+05,5,5.0,1,181378.003,181378.003_src-index=7.1.81E+05_chunk-0005.npy,368978.105,0.49156847125116,welch_hann_2048_overlap_1024_fs_44100,digital_amplitude_squared_per_hz,4.80404221846969e-11,1055.126953125,2.7089202507061355e-11,1356.591796875,1.4672957201118675e-11,2347.119140625
2025.06.11_0.3_2,index=7.1.81E+05,6,6.0,1,181378.003,181378.003_src-index=7.1.81E+05_chunk-0006.npy,368978.105,0.49156847125116,welch_hann_2048_overlap_1024_fs_44100,digital_amplitude_squared_per_hz,4.447300950595671e-11,1055.126953125,2.4507974818130864e-11,1356.591796875,1.4077918023720184e-11,2304.052734375
2025.06.11_0.3_2,index=7.1.81E+05,7,7.0,1,181378.003,181378.003_src-index=7.1.81E+05_chunk-0007.npy,368978.105,0.49156847125116,welch_hann_2048_overlap_1024_fs_44100,digital_amplitude_squared_per_hz,4.476916225065961e-11,1055.126953125,2.3221469543919804e-11,1356.591796875,1.3107022499519973e-11,2196.38671875
2025.06.11_0.3_2,index=7.1.81E+05,8,8.0,1,181378.003,181378.003_src-index=7.1.81E+05_chunk-0008.npy,368978.105,0.49156847125116,welch_hann_2048_overlap_1024_fs_44100,digital_amplitude_squared_per_hz,4.9420296321578566e-11,1055.126953125,2.3599515879284224e-11,1356.591796875,1.2735725945985367e-11,2304.052734375
2025.06.11_0.3_2,index=7.1.81E+05,9,9.0,1,181378.003,181378.003_src-index=7.1.81E+05_chunk-0009.npy,368978.105,0.49156847125116,welch_hann_2048_overlap_1024_fs_44100,digital_amplitude_squared_per_hz,4.419866317514421e-11,1055.126953125,2.260795911122296e-11,1356.591796875,1.3373784041976524e-11,2304.052734375
2025.06.11_0.3_2,index=7.1.81E+05,10,10.0,1,181378.003,181378.003_src-index=7.1.81E+05_chunk-0010.npy,368978.105,0.49156847125116,welch_hann_2048_overlap_1024_fs_44100,digital_amplitude_squared_per_hz,4.130875631683856e-11,1055.126953125,2.3397905607897485e-11,1356.591796875,1.2712153089350552e-11,2304.052734375
2025.06.11_0.3_2,index=7.1.81E+05,11,11.0,1,181378.003,181378.003_src-index=7.1.81E+05_chunk-0011.npy,368978.105,0.49156847125116,welch_hann_2048_overlap_1024_fs_44100,digital_amplitude_squared_per_hz,4.5527369602126426e-11,1055.126953125,2.4865615822247487e-11,1356.591796875,1.2662351461625841e-11,2196.38671875
2025.06.11_0.3_2,index=7.1.81E+05,12,12.0,1,181378.003,181378.003_src-index=7.1.81E+05_chunk-0012.npy,368978.105,0.49156847125116,welch_hann_2048_overlap_1024_fs_44100,digital_amplitude_squared_per_hz,4.719358917087209e-11,1055.126953125,2.9148673930921864e-11,1356.591796875,1.4608862456093122e-11,2304.052734375
2025.06.11_0.3_2,index=7.1.81E+05,13,13.0,1,181378.003,181378.003_src-index=7.1.81E+05_chunk-0013.npy,368978.105,0.49156847125116,welch_hann_2048_overlap_1024_fs_44100,digital_amplitude_squared_per_hz,3.865200337907723e-11,1055.126953125,1.8439766518852274e-11,1356.591796875,1.6578143129080478e-11,2304.052734375
2025.06.11_0.3_2,index=7.1.81E+05,14,14.0,1,181378.003,181378.003_src-index=7.1.81E+05_chunk-0014.npy,368978.105,0.49156847125116,welch_hann_2048_overlap_1024_fs_44100,digital_amplitude_squared_per_hz,4.916960997738519e-11,1055.126953125,2.3914808329568703e-11,1356.591796875,1.158122771691967e-11,2304.052734375
2025.06.11_0.3_2,index=7.1.81E+05,15,15.0,1,181378.003,181378.003_src-index=7.1.81E+05_chunk-0015.npy,368978.105,0.49156847125116,welch_hann_2048_overlap_1024_fs_44100,digital_amplitude_squared_per_hz,4.315154996387145e-11,1055.126953125,2.44298081978187e-11,1356.591796875,1.5278655244082843e-11,2304.052734375
2025.06.11_0.3_2,index=7.1.81E+05,16,16.0,1,181378.003,181378.003_src-index=7.1.81E+05_chunk-0016.npy,368978.105,0.49156847125116,welch_hann_2048_overlap_1024_fs_44100,digital_amplitude_squared_per_hz,3.958561551371444e-11,1055.126953125,1.968427635664229e-11,1356.591796875,1.6562340252575786e-11,2304.052734375
2025.06.11_0.3_2,index=7.1.81E+05,17,17.0,1,181378.003,181378.003_src-index=7.1.81E+05_chunk-0017.npy,368978.105,0.49156847125116,welch_hann_2048_overlap_1024_fs_44100,digital_amplitude_squared_per_hz,4.558862904427627e-11,1055.126953125,2.8360644980937293e-11,1356.591796875,1.5409758705257968e-11,2304.052734375
2025.06.11_0.3_2,index=7.1.81E+05,18,18.0,1,181378.003,181378.003_src-index=7.1.81E+05_chunk-0018.npy,368978.105,0.49156847125116,welch_hann_2048_overlap_1024_fs_44100,digital_amplitude_squared_per_hz,3.965068341557266e-11,1055.126953125,2.2151091858517247e-11,1356.591796875,1.4545187364882021e-11,2304.052734375
2025.06.11_0.3_2,index=7.1.81E+05,19,19.0,1,181378.003,181378.003_src-index=7.1.81E+05_chunk-0019.npy,368978.105,0.49156847125116,welch_hann_2048_overlap_1024_fs_44100,digital_amplitude_squared_per_hz,4.7938546478560844e-11,1055.126953125,2.564594875944373e-11,1356.591796875,2.502958278429285e-11,2304.052734375
2025.06.11_0.3_2,index=7.1.81E+05,20,20.0,1,181378.003,181378.003_src-index=7.1.81E+05_chunk-0020.npy,368978.105,0.49156847125116,welch_hann_2048_overlap_1024_fs_44100,digital_amplitude_squared_per_hz,3.7452712467680434e-11,1055.126953125,1.937058656728505e-11,1356.591796875,2.9024949957316102e-11,2304.052734375
2025.06.11_0.3_2,index=7.1.81E+05,21,21.0,1,181378.003,181378.003_src-index=7.1.81E+05_chunk-0021.npy,368978.105,0.49156847125116,welch_hann_2048_overlap_1024_fs_44100,digital_amplitude_squared_per_hz,4.523684717186582e-11,1055.126953125,2.5888858806949682e-11,1356.591796875,2.0835767784772024e-11,2304.052734375
2025.06.11_0.3_2,index=7.1.81E+05,22,22.0,1,181378.003,181378.003_src-index=7.1.81E+05_chunk-0022.npy,368978.105,0.49156847125116,welch_hann_2048_overlap_1024_fs_44100,digital_amplitude_squared_per_hz,3.918285858099017e-11,1055.126953125,2.4326988124905317e-11,1356.591796875,2.55233124320518e-11,2304.052734375
2025.06.11_0.3_2,index=7.1.81E+05,23,23.0,1,181378.003,181378.003_src-index=7.1.81E+05_chunk-0023.npy,368978.105,0.49156847125116,welch_hann_2048_overlap_1024_fs_44100,digital_amplitude_squared_per_hz,4.482021944159594e-11,1055.126953125,2.1712147044136196e-11,1356.591796875,1.4252880448042541e-11,2304.052734375
2025.06.11_0.3_2,index=7.1.81E+05,24,24.0,1,181378.003,181378.003_src-index=7.1.81E+05_chunk-0024.npy,368978.105,0.49156847125116,welch_hann_2048_overlap_1024_fs_44100,digital_amplitude_squared_per_hz,4.131628476087381e-11,1055.126953125,2.6305717882978553e-11,1356.591796875,2.251912253998296e-11,2304.052734375
2025.06.11_0.3_2,index=7.1.81E+05,25,25.0,1,181378.003,181378.003_src-index=7.1.81E+05_chunk-0025.npy,368978.105,0.49156847125116,welch_hann_2048_overlap_1024_fs_44100,digital_amplitude_squared_per_hz,4.243373779476177e-11,1055.126953125,2.2305555612195765e-11,1356.591796875,2.474752783473635e-11,2304.052734375
2025.06.11_0.3_2,index=7.1.81E+05,26,26.0,1,181378.003,181378.003_src-index=7.1.81E+05_chunk-0026.npy,368978.105,0.49156847125116,welch_hann_2048_overlap_1024_fs_44100,digital_amplitude_squared_per_hz,3.993011030385116e-11,1055.126953125,2.2654960930631576e-11,1356.591796875,2.470219099815983e-11,2304.052734375
2025.06.11_0.3_2,index=7.1.81E+05,27,27.0,1,181378.003,181378.003_src-index=7.1.81E+05_chunk-0027.npy,368978.105,0.49156847125116,welch_hann_2048_overlap_1024_fs_44100,digital_amplitude_squared_per_hz,5.001452418645631e-11,1055.126953125,2.7140197957744917e-11,1356.591796875,2.0640441870514154e-11,2304.052734375
2025.06.11_0.3_2,index=7.1.81E+05,28,28.0,1,181378.003,181378.003_src-index=7.1.81E+05_chunk-0028.npy,368978.105,0.49156847125116,welch_hann_2048_overlap_1024_fs_44100,digital_amplitude_squared_per_hz,4.277349502837186e-11,1055.126953125,2.3655060854903962e-11,1356.591796875,2.3446760984725675e-11,2304.052734375
2025.06.11_0.3_2,index=7.1.81E+05,29,29.0,1,181378.003,181378.003_src-index=7.1.81E+05_chunk-0029.npy,368978.105,0.49156847125116,welch_hann_2048_overlap_1024_fs_44100,digital_amplitude_squared_per_hz,4.8935554975768236e-11,1055.126953125,2.5406795909637237e-11,1356.591796875,1.1886251932502346e-11,2304.052734375
2025.06.11_0.3_2,index=7.1.81E+05,30,30.0,1,181378.003,181378.003_src-index=7.1.81E+05_chunk-0030.npy,368978.105,0.49156847125116,welch_hann_2048_overlap_1024_fs_44100,digital_amplitude_squared_per_hz,4.577311377277289e-11,1055.126953125,2.5330431694926703e-11,1356.591796875,1.1832449830718984e-11,2347.119140625
2025.06.11_0.3_2,index=7.1.81E+05,31,31.0,1,181378.003,181378.003_src-index=7.1.81E+05_chunk-0031.npy,368978.105,0.49156847125116,welch_hann_2048_overlap_1024_fs_44100,digital_amplitude_squared_per_hz,3.874779976865194e-11,1055.126953125,2.1758930028210343e-11,1356.591796875,1.0766048817793596e-11,2347.119140625
2025.06.11_0.3_2,index=7.1.81E+05,32,32.0,1,181378.003,181378.003_src-index=7.1.81E+05_chunk-0032.npy,368978.105,0.49156847125116,welch_hann_2048_overlap_1024_fs_44100,digital_amplitude_squared_per_hz,4.3789529525287585e-11,1055.126953125,2.2916685718623748e-11,1356.591796875,1.0561675931319653e-11,2347.119140625
2025.06.11_0.3_2,index=7.1.81E+05,33,33.0,1,181378.003,181378.003_src-index=7.1.81E+05_chunk-0033.npy,368978.105,0.49156847125116,welch_hann_2048_overlap_1024_fs_44100,digital_amplitude_squared_per_hz,4.31696623212853e-11,1055.126953125,2.4803644630394388e-11,1356.591796875,1.3808977937207918e-11,2347.119140625
2025.06.11_0.3_2,index=7.1.81E+05,34,34.0,1,181378.003,181378.003_src-index=7.1.81E+05_chunk-0034.npy,368978.105,0.49156847125116,welch_hann_2048_overlap_1024_fs_44100,digital_amplitude_squared_per_hz,4.634774574403989e-11,1055.126953125,2.509698403629054e-11,1356.591796875,1.3791568448582612e-11,2347.119140625
2025.06.11_0.3_2,index=7.1.81E+05,35,35.0,1,181378.003,181378.003_src-index=7.1.81E+05_chunk-0035.npy,368978.105,0.49156847125116,welch_hann_2048_overlap_1024_fs_44100,digital_amplitude_squared_per_hz,3.927817852918396e-11,1055.126953125,2.143871654740643e-11,1356.591796875,1.0498080476349781e-11,2347.119140625
2025.06.11_0.3_2,index=7.1.81E+05,36,36.0,1,181378.003,181378.003_src-index=7.1.81E+05_chunk-0036.npy,368978.105,0.49156847125116,welch_hann_2048_overlap_1024_fs_44100,digital_amplitude_squared_per_hz,4.0416681497971684e-11,1055.126953125,2.1901040248646675e-11,1356.591796875,1.0299655254218047e-11,2347.119140625
2025.06.11_0.3_2,index=7.1.81E+05,37,37.0,1,181378.003,181378.003_src-index=7.1.81E+05_chunk-0037.npy,368978.105,0.49156847125116,welch_hann_2048_overlap_1024_fs_44100,digital_amplitude_squared_per_hz,3.380066151884363e-11,1055.126953125,1.8313006224851908e-11,1356.591796875,1.0154252025701042e-11,2347.119140625
2025.06.11_0.3_2,index=7.1.81E+05,38,38.0,1,181378.003,181378.003_src-index=7.1.81E+05_chunk-0038.npy,368978.105,0.49156847125116,welch_hann_2048_overlap_1024_fs_44100,digital_amplitude_squared_per_hz,4.1469616316028506e-11,1055.126953125,2.0802079098456374e-11,1356.591796875,1.0768243736442025e-11,2347.119140625
2025.06.11_0.3_2,index=7.1.81E+05,39,39.0,1,181378.003,181378.003_src-index=7.1.81E+05_chunk-0039.npy,368978.105,0.49156847125116,welch_hann_2048_overlap_1024_fs_44100,digital_amplitude_squared_per_hz,4.276307614892718e-11,1055.126953125,2.512230853856083e-11,1356.591796875,9.34459675153911e-12,2347.119140625
2025.06.11_0.3_2,index=7.1.81E+05,40,40.0,1,181378.003,181378.003_src-index=7.1.81E+05_chunk-0040.npy,368978.105,0.49156847125116,welch_hann_2048_overlap_1024_fs_44100,digital_amplitude_squared_per_hz,4.560293168494783e-11,1055.126953125,2.383917115945499e-11,1356.591796875,1.0352888220814654e-11,2347.119140625
2025.06.11_0.3_2,index=7.1.81E+05,41,41.0,1,181378.003,181378.003_src-index=7.1.81E+05_chunk-0041.npy,368978.105,0.49156847125116,welch_hann_2048_overlap_1024_fs_44100,digital_amplitude_squared_per_hz,4.510437997842088e-11,1055.126953125,2.713416387412137e-11,1356.591796875,1.184744478623841e-11,2347.119140625
2025.06.11_0.3_2,index=7.1.81E+05,42,42.0,1,181378.003,181378.003_src-index=7.1.81E+05_chunk-0042.npy,368978.105,0.49156847125116,welch_hann_2048_overlap_1024_fs_44100,digital_amplitude_squared_per_hz,3.9671352136181053e-11,1055.126953125,2.3901441115884596e-11,1356.591796875,9.332090976577531e-12,2347.119140625
2025.06.11_0.3_2,index=7.1.81E+05,43,43.0,1,181378.003,181378.003_src-index=7.1.81E+05_chunk-0043.npy,368978.105,0.49156847125116,welch_hann_2048_overlap_1024_fs_44100,digital_amplitude_squared_per_hz,4.143814656192517e-11,1055.126953125,2.4450674125369544e-11,1356.591796875,1.2189166956722906e-11,2347.119140625
2025.06.11_0.3_2,index=7.1.81E+05,44,44.0,1,181378.003,181378.003_src-index=7.1.81E+05_chunk-0044.npy,368978.105,0.49156847125116,welch_hann_2048_overlap_1024_fs_44100,digital_amplitude_squared_per_hz,4.4236148292782394e-11,1055.126953125,2.301318087454022e-11,1356.591796875,1.0761514781993465e-11,2347.119140625
2025.06.11_0.3_2,index=7.1.81E+05,45,45.0,1,181378.003,181378.003_src-index=7.1.81E+05_chunk-0045.npy,368978.105,0.49156847125116,welch_hann_2048_overlap_1024_fs_44100,digital_amplitude_squared_per_hz,3.945527573491794e-11,1055.126953125,2.092664437250873e-11,1356.591796875,1.3923570393775338e-11,2347.119140625
2025.06.11_0.3_2,index=7.1.81E+05,46,46.0,1,181378.003,181378.003_src-index=7.1.81E+05_chunk-0046.npy,368978.105,0.49156847125116,welch_hann_2048_overlap_1024_fs_44100,digital_amplitude_squared_per_hz,3.548228260767346e-11,1055.126953125,1.908991850956939e-11,1356.591796875,1.1054057906362316e-11,2347.119140625
2025.06.11_0.3_2,index=7.1.81E+05,47,47.0,1,181378.003,181378.003_src-index=7.1.81E+05_chunk-0047.npy,368978.105,0.49156847125116,welch_hann_2048_overlap_1024_fs_44100,digital_amplitude_squared_per_hz,4.6880238016492804e-11,1055.126953125,2.6697972137454323e-11,1356.591796875,1.2024193347614682e-11,2347.119140625
2025.06.11_0.3_2,index=7.1.81E+05,48,48.0,1,181378.003,181378.003_src-index=7.1.81E+05_chunk-0048.npy,368978.105,0.49156847125116,welch_hann_2048_overlap_1024_fs_44100,digital_amplitude_squared_per_hz,4.363819229590532e-11,1055.126953125,2.5591971314445753e-11,1356.591796875,1.310559779302496e-11,2347.119140625
2025.06.11_0.3_2,index=7.1.81E+05,49,49.0,1,181378.003,181378.003_src-index=7.1.81E+05_chunk-0049.npy,368978.105,0.49156847125116,welch_hann_2048_overlap_1024_fs_44100,digital_amplitude_squared_per_hz,3.981926532618076e-11,1055.126953125,2.0835695103420265e-11,1356.591796875,1.1944733763581844e-11,2347.119140625
2025.06.11_0.3_2,index=7.1.81E+05,50,50.0,1,181378.003,181378.003_src-index=7.1.81E+05_chunk-0050.npy,368978.105,0.49156847125116,welch_hann_2048_overlap_1024_fs_44100,digital_amplitude_squared_per_hz,3.953318104372008e-11,1055.126953125,2.524289397018514e-11,1356.591796875,9.94846774631464e-12,2347.119140625
2025.06.11_0.3_2,index=7.1.81E+05,51,51.0,1,181378.003,181378.003_src-index=7.1.81E+05_chunk-0051.npy,368978.105,0.49156847125116,welch_hann_2048_overlap_1024_fs_44100,digital_amplitude_squared_per_hz,4.0639534735838674e-11,1055.126953125,2.2843795122955107e-11,1356.591796875,1.1966364234391023e-11,2347.119140625
2025.06.11_0.3_2,index=7.1.81E+05,52,52.0,1,181378.003,181378.003_src-index=7.1.81E+05_chunk-0052.npy,368978.105,0.49156847125116,welch_hann_2048_overlap_1024_fs_44100,digital_amplitude_squared_per_hz,3.902253076687216e-11,1055.126953125,2.404052977471422e-11,1356.591796875,1.1165230805403679e-11,2347.119140625
2025.06.11_0.3_2,index=7.1.81E+05,53,53.0,1,181378.003,181378.003_src-index=7.1.81E+05_chunk-0053.npy,368978.105,0.49156847125116,welch_hann_2048_overlap_1024_fs_44100,digital_amplitude_squared_per_hz,3.6498485093806735e-11,1055.126953125,2.2115052132758398e-11,1356.591796875,1.2460145484623648e-11,2347.119140625
2025.06.11_0.3_2,index=7.1.81E+05,54,54.0,1,181378.003,181378.003_src-index=7.1.81E+05_chunk-0054.npy,368978.105,0.49156847125116,welch_hann_2048_overlap_1024_fs_44100,digital_amplitude_squared_per_hz,4.085730122599001e-11,1055.126953125,1.9763959048189596e-11,1356.591796875,8.80952029756659e-12,2347.119140625
2025.06.11_0.3_2,index=7.1.81E+05,55,55.0,1,181378.003,181378.003_src-index=7.1.81E+05_chunk-0055.npy,368978.105,0.49156847125116,welch_hann_2048_overlap_1024_fs_44100,digital_amplitude_squared_per_hz,3.7661035603807906e-11,1055.126953125,2.1407554644829597e-11,1356.591796875,1.2261255662232637e-11,2347.119140625
2025.06.11_0.3_2,index=7.1.81E+05,56,56.0,1,181378.003,181378.003_src-index=7.1.81E+05_chunk-0056.npy,368978.105,0.49156847125116,welch_hann_2048_overlap_1024_fs_44100,digital_amplitude_squared_per_hz,4.4462892201928374e-11,1055.126953125,2.5401364596113195e-11,1356.591796875,1.1190511788910954e-11,2347.119140625
2025.06.11_0.3_2,index=7.1.81E+05,57,57.0,1,181378.003,181378.003_src-index=7.1.81E+05_chunk-0057.npy,368978.105,0.49156847125116,welch_hann_2048_overlap_1024_fs_44100,digital_amplitude_squared_per_hz,3.7540141044373216e-11,1055.126953125,2.1429291777008443e-11,1356.591796875,1.1657249826107835e-11,2347.119140625
2025.06.11_0.3_2,index=7.1.81E+05,58,58.0,1,181378.003,181378.003_src-index=7.1.81E+05_chunk-0058.npy,368978.105,0.49156847125116,welch_hann_2048_overlap_1024_fs_44100,digital_amplitude_squared_per_hz,3.600540692905438e-11,1055.126953125,1.692497331014813e-11,1356.591796875,1.0169756993284842e-11,2347.119140625
2025.06.11_0.3_2,index=7.1.81E+05,59,59.0,1,181378.003,181378.003_src-index=7.1.81E+05_chunk-0059.npy,368978.105,0.49156847125116,welch_hann_2048_overlap_1024_fs_44100,digital_amplitude_squared_per_hz,3.4132782244124024e-11,1055.126953125,1.9915316655297698e-11,1356.591796875,1.3903479679221025e-11,2347.119140625
2025.06.11_0.3_2,index=8.2.22E+05,0,0.0,1,221505.1102,221505.1102_src-index=8.2.22E+05_chunk-0000.npy,368978.105,0.6003204721320795,welch_hann_2048_overlap_1024_fs_44100,digital_amplitude_squared_per_hz,2.458318930586771e-11,1055.126953125,1.2233706868784853e-11,1356.591796875,6.7466556644956174e-12,2304.052734375
2025.06.11_0.3_2,index=8.2.22E+05,1,1.0,1,221505.1102,221505.1102_src-index=8.2.22E+05_chunk-0001.npy,368978.105,0.6003204721320795,welch_hann_2048_overlap_1024_fs_44100,digital_amplitude_squared_per_hz,2.6567995231282308e-11,1055.126953125,1.4299707738178184e-11,1356.591796875,8.669981591899309e-12,2347.119140625
2025.06.11_0.3_2,index=8.2.22E+05,2,2.0,1,221505.1102,221505.1102_src-index=8.2.22E+05_chunk-0002.npy,368978.105,0.6003204721320795,welch_hann_2048_overlap_1024_fs_44100,digital_amplitude_squared_per_hz,2.472101497778196e-11,1055.126953125,1.3877112103013831e-11,1356.591796875,8.916704580471974e-12,2304.052734375
2025.06.11_0.3_2,index=8.2.22E+05,3,3.0,1,221505.1102,221505.1102_src-index=8.2.22E+05_chunk-0003.npy,368978.105,0.6003204721320795,welch_hann_2048_overlap_1024_fs_44100,digital_amplitude_squared_per_hz,2.238420353349475e-11,1055.126953125,1.379265591837007e-11,1356.591796875,8.483391435213583e-12,2347.119140625
2025.06.11_0.3_2,index=8.2.22E+05,4,4.0,1,221505.1102,221505.1102_src-index=8.2.22E+05_chunk-0004.npy,368978.105,0.6003204721320795,welch_hann_2048_overlap_1024_fs_44100,digital_amplitude_squared_per_hz,2.1783244770285508e-11,1055.126953125,1.2187238422333682e-11,1356.591796875,7.328378363577153e-12,2347.119140625
2025.06.11_0.3_2,index=8.2.22E+05,5,5.0,1,221505.1102,221505.1102_src-index=8.2.22E+05_chunk-0005.npy,368978.105,0.6003204721320795,welch_hann_2048_overlap_1024_fs_44100,digital_amplitude_squared_per_hz,2.269518747654203e-11,1055.126953125,1.2846976749637518e-11,1356.591796875,7.652823966564776e-12,2304.052734375
2025.06.11_0.3_2,index=8.2.22E+05,6,6.0,1,221505.1102,221505.1102_src-index=8.2.22E+05_chunk-0006.npy,368978.105,0.6003204721320795,welch_hann_2048_overlap_1024_fs_44100,digital_amplitude_squared_per_hz,2.7187894648891054e-11,1055.126953125,1.5968856733188984e-11,1356.591796875,6.8606809612017735e-12,2347.119140625
2025.06.11_0.3_2,index=8.2.22E+05,7,7.0,1,221505.1102,221505.1102_src-index=8.2.22E+05_chunk-0007.npy,368978.105,0.6003204721320795,welch_hann_2048_overlap_1024_fs_44100,digital_amplitude_squared_per_hz,2.722534315784794e-11,1055.126953125,1.450694390644835e-11,1356.591796875,8.47146238742056e-12,2347.119140625
2025.06.11_0.3_2,index=8.2.22E+05,8,8.0,1,221505.1102,221505.1102_src-index=8.2.22E+05_chunk-0008.npy,368978.105,0.6003204721320795,welch_hann_2048_overlap_1024_fs_44100,digital_amplitude_squared_per_hz,2.5809635892650095e-11,1055.126953125,1.2946644384078036e-11,1356.591796875,7.839606235164076e-12,2347.119140625
2025.06.11_0.3_2,index=8.2.22E+05,9,9.0,1,221505.1102,221505.1102_src-index=8.2.22E+05_chunk-0009.npy,368978.105,0.6003204721320795,welch_hann_2048_overlap_1024_fs_44100,digital_amplitude_squared_per_hz,2.3453880759291157e-11,1055.126953125,1.101906991100734e-11,1356.591796875,6.274023464209081e-12,2304.052734375
2025.06.11_0.3_2,index=8.2.22E+05,10,10.0,1,221505.1102,221505.1102_src-index=8.2.22E+05_chunk-0010.npy,368978.105,0.6003204721320795,welch_hann_2048_overlap_1024_fs_44100,digital_amplitude_squared_per_hz,2.1093536122541277e-11,1055.126953125,1.1542913978735673e-11,1356.591796875,6.923884075054026e-12,2304.052734375
2025.06.11_0.3_2,index=8.2.22E+05,11,11.0,1,221505.1102,221505.1102_src-index=8.2.22E+05_chunk-0011.npy,368978.105,0.6003204721320795,welch_hann_2048_overlap_1024_fs_44100,digital_amplitude_squared_per_hz,2.0677068456567865e-11,1055.126953125,1.1602613053808852e-11,1356.591796875,7.540471338871012e-12,2304.052734375
2025.06.11_0.3_2,index=8.2.22E+05,12,12.0,1,221505.1102,221505.1102_src-index=8.2.22E+05_chunk-0012.npy,368978.105,0.6003204721320795,welch_hann_2048_overlap_1024_fs_44100,digital_amplitude_squared_per_hz,2.6322950168729554e-11,1055.126953125,1.3360028434347526e-11,1356.591796875,7.778828105947265e-12,2196.38671875
2025.06.11_0.3_2,index=8.2.22E+05,13,13.0,1,221505.1102,221505.1102_src-index=8.2.22E+05_chunk-0013.npy,368978.105,0.6003204721320795,welch_hann_2048_overlap_1024_fs_44100,digital_amplitude_squared_per_hz,2.69384138306675e-11,1055.126953125,1.4102016438576524e-11,1356.591796875,7.104909992834029e-12,2304.052734375
2025.06.11_0.3_2,index=8.2.22E+05,14,14.0,1,221505.1102,221505.1102_src-index=8.2.22E+05_chunk-0014.npy,368978.105,0.6003204721320795,welch_hann_2048_overlap_1024_fs_44100,digital_amplitude_squared_per_hz,2.422047030413702e-11,1055.126953125,1.4482962934578501e-11,1356.591796875,7.498489705480912e-12,2304.052734375
2025.06.11_0.3_2,index=8.2.22E+05,15,15.0,1,221505.1102,221505.1102_src-index=8.2.22E+05_chunk-0015.npy,368978.105,0.6003204721320795,welch_hann_2048_overlap_1024_fs_44100,digital_amplitude_squared_per_hz,2.5681081300919782e-11,1055.126953125,1.3279722064235274e-11,1356.591796875,7.967959234756949e-12,2304.052734375
2025.06.11_0.3_2,index=8.2.22E+05,16,16.0,1,221505.1102,221505.1102_src-index=8.2.22E+05_chunk-0016.npy,368978.105,0.6003204721320795,welch_hann_2048_overlap_1024_fs_44100,digital_amplitude_squared_per_hz,2.2299427193410872e-11,1055.126953125,1.0973486492295901e-11,1356.591796875,5.998830311137782e-12,2304.052734375
2025.06.11_0.3_2,index=8.2.22E+05,17,17.0,1,221505.1102,221505.1102_src-index=8.2.22E+05_chunk-0017.npy,368978.105,0.6003204721320795,welch_hann_2048_overlap_1024_fs_44100,digital_amplitude_squared_per_hz,2.1037277556466878e-11,1055.126953125,1.0316955370611043e-11,1356.591796875,7.224364643531291e-12,2304.052734375
2025.06.11_0.3_2,index=8.2.22E+05,18,18.0,1,221505.1102,221505.1102_src-index=8.2.22E+05_chunk-0018.npy,368978.105,0.6003204721320795,welch_hann_2048_overlap_1024_fs_44100,digital_amplitude_squared_per_hz,2.0520920954147614e-11,1055.126953125,1.3129416205924579e-11,1356.591796875,8.432424864342639e-12,2304.052734375
2025.06.11_0.3_2,index=8.2.22E+05,19,19.0,1,221505.1102,221505.1102_src-index=8.2.22E+05_chunk-0019.npy,368978.105,0.6003204721320795,welch_hann_2048_overlap_1024_fs_44100,digital_amplitude_squared_per_hz,2.253905626227596e-11,1055.126953125,1.2437034931109476e-11,1356.591796875,7.289960195072787e-12,2304.052734375
2025.06.11_0.3_2,index=8.2.22E+05,20,20.0,1,221505.1102,221505.1102_src-index=8.2.22E+05_chunk-0020.npy,368978.105,0.6003204721320795,welch_hann_2048_overlap_1024_fs_44100,digital_amplitude_squared_per_hz,1.9209655050275125e-11,1055.126953125,9.915875135699345e-12,1356.591796875,6.831760909172892e-12,2304.052734375
2025.06.11_0.3_2,index=8.2.22E+05,21,21.0,1,221505.1102,221505.1102_src-index=8.2.22E+05_chunk-0021.npy,368978.105,0.6003204721320795,welch_hann_2048_overlap_1024_fs_44100,digital_amplitude_squared_per_hz,2.2094646607083702e-11,1055.126953125,1.1818156951381206e-11,1356.591796875,6.9440115266091e-12,2304.052734375
2025.06.11_0.3_2,index=8.2.22E+05,22,22.0,1,221505.1102,221505.1102_src-index=8.2.22E+05_chunk-0022.npy,368978.105,0.6003204721320795,welch_hann_2048_overlap_1024_fs_44100,digital_amplitude_squared_per_hz,2.265169478733984e-11,1055.126953125,1.1208374537768136e-11,1356.591796875,7.1471338021900865e-12,2304.052734375
2025.06.11_0.3_2,index=8.2.22E+05,23,23.0,1,221505.1102,221505.1102_src-index=8.2.22E+05_chunk-0023.npy,368978.105,0.6003204721320795,welch_hann_2048_overlap_1024_fs_44100,digital_amplitude_squared_per_hz,2.2430900025746588e-11,1055.126953125,1.2116271428221304e-11,1356.591796875,7.710762028171997e-12,2304.052734375
2025.06.11_0.3_2,index=8.2.22E+05,24,24.0,1,221505.1102,221505.1102_src-index=8.2.22E+05_chunk-0024.npy,368978.105,0.6003204721320795,welch_hann_2048_overlap_1024_fs_44100,digital_amplitude_squared_per_hz,2.2856596943908908e-11,1055.126953125,1.297001544221607e-11,1356.591796875,6.984760973038104e-12,2304.052734375
2025.06.11_0.3_2,index=8.2.22E+05,25,25.0,1,221505.1102,221505.1102_src-index=8.2.22E+05_chunk-0025.npy,368978.105,0.6003204721320795,welch_hann_2048_overlap_1024_fs_44100,digital_amplitude_squared_per_hz,2.769811090256898e-11,1055.126953125,1.4688152358030965e-11,1356.591796875,8.295325343560758e-12,2304.052734375
2025.06.11_0.3_2,index=8.2.22E+05,26,26.0,1,221505.1102,221505.1102_src-index=8.2.22E+05_chunk-0026.npy,368978.105,0.6003204721320795,welch_hann_2048_overlap_1024_fs_44100,digital_amplitude_squared_per_hz,2.6437505210480607e-11,1055.126953125,1.5040664141738163e-11,1356.591796875,7.670680929318286e-12,2304.052734375
2025.06.11_0.3_2,index=8.2.22E+05,27,27.0,1,221505.1102,221505.1102_src-index=8.2.22E+05_chunk-0027.npy,368978.105,0.6003204721320795,welch_hann_2048_overlap_1024_fs_44100,digital_amplitude_squared_per_hz,2.5785322132378728e-11,1055.126953125,1.5655267223389345e-11,1356.591796875,8.400972957958795e-12,2304.052734375
2025.06.11_0.3_2,index=8.2.22E+05,28,28.0,1,221505.1102,221505.1102_src-index=8.2.22E+05_chunk-0028.npy,368978.105,0.6003204721320795,welch_hann_2048_overlap_1024_fs_44100,digital_amplitude_squared_per_hz,2.3975254068719417e-11,1055.126953125,1.2515606981629546e-11,1356.591796875,8.009803011270885e-12,2304.052734375
2025.06.11_0.3_2,index=8.2.22E+05,29,29.0,1,221505.1102,221505.1102_src-index=8.2.22E+05_chunk-0029.npy,368978.105,0.6003204721320795,welch_hann_2048_overlap_1024_fs_44100,digital_amplitude_squared_per_hz,2.6492192875861134e-11,1055.126953125,1.5074326514434653e-11,1356.591796875,7.595225954382116e-12,2304.052734375
2025.06.11_0.3_2,index=8.2.22E+05,30,30.0,1,221505.1102,221505.1102_src-index=8.2.22E+05_chunk-0030.npy,368978.105,0.6003204721320795,welch_hann_2048_overlap_1024_fs_44100,digital_amplitude_squared_per_hz,2.3682390767200954e-11,1055.126953125,1.4195640224927395e-11,1356.591796875,8.635314197598913e-12,2304.052734375
2025.06.11_0.3_2,index=8.2.22E+05,31,31.0,1,221505.1102,221505.1102_src-index=8.2.22E+05_chunk-0031.npy,368978.105,0.6003204721320795,welch_hann_2048_overlap_1024_fs_44100,digital_amplitude_squared_per_hz,2.8743912834095712e-11,1055.126953125,1.5950297090365457e-11,1356.591796875,7.724542728614196e-12,2304.052734375
2025.06.11_0.3_2,index=8.2.22E+05,32,32.0,1,221505.1102,221505.1102_src-index=8.2.22E+05_chunk-0032.npy,368978.105,0.6003204721320795,welch_hann_2048_overlap_1024_fs_44100,digital_amplitude_squared_per_hz,2.324302814723608e-11,1055.126953125,1.3373809547110222e-11,1356.591796875,8.47242636529572e-12,2304.052734375
2025.06.11_0.3_2,index=8.2.22E+05,33,33.0,1,221505.1102,221505.1102_src-index=8.2.22E+05_chunk-0033.npy,368978.105,0.6003204721320795,welch_hann_2048_overlap_1024_fs_44100,digital_amplitude_squared_per_hz,2.6443570747054962e-11,1055.126953125,1.2340858626531832e-11,1356.591796875,6.134179779707425e-12,2304.052734375
2025.06.11_0.3_2,index=8.2.22E+05,34,34.0,1,221505.1102,221505.1102_src-index=8.2.22E+05_chunk-0034.npy,368978.105,0.6003204721320795,welch_hann_2048_overlap_1024_fs_44100,digital_amplitude_squared_per_hz,2.4782689400905494e-11,1055.126953125,1.2841032636255227e-11,1356.591796875,7.70795466827586e-12,2304.052734375
2025.06.11_0.3_2,index=8.2.22E+05,35,35.0,1,221505.1102,221505.1102_src-index=8.2.22E+05_chunk-0035.npy,368978.105,0.6003204721320795,welch_hann_2048_overlap_1024_fs_44100,digital_amplitude_squared_per_hz,2.3190494219489646e-11,1055.126953125,1.4138315715709859e-11,1356.591796875,8.481427943704845e-12,2304.052734375
2025.06.11_0.3_2,index=8.2.22E+05,36,36.0,1,221505.1102,221505.1102_src-index=8.2.22E+05_chunk-0036.npy,368978.105,0.6003204721320795,welch_hann_2048_overlap_1024_fs_44100,digital_amplitude_squared_per_hz,2.6339327665874166e-11,1055.126953125,1.527915452456101e-11,1356.591796875,7.619749573215476e-12,2304.052734375
2025.06.11_0.3_2,index=8.2.22E+05,37,37.0,1,221505.1102,221505.1102_src-index=8.2.22E+05_chunk-0037.npy,368978.105,0.6003204721320795,welch_hann_2048_overlap_1024_fs_44100,digital_amplitude_squared_per_hz,2.3188359839599753e-11,1055.126953125,1.2811665249756742e-11,1356.591796875,6.755822202608745e-12,2347.119140625
2025.06.11_0.3_2,index=8.2.22E+05,38,38.0,1,221505.1102,221505.1102_src-index=8.2.22E+05_chunk-0038.npy,368978.105,0.6003204721320795,welch_hann_2048_overlap_1024_fs_44100,digital_amplitude_squared_per_hz,2.0182892909422338e-11,1055.126953125,1.090408658497034e-11,1356.591796875,8.484931017206658e-12,2304.052734375
2025.06.11_0.3_2,index=8.2.22E+05,39,39.0,1,221505.1102,221505.1102_src-index=8.2.22E+05_chunk-0039.npy,368978.105,0.6003204721320795,welch_hann_2048_overlap_1024_fs_44100,digital_amplitude_squared_per_hz,2.2364821596715572e-11,1055.126953125,1.1711240708563637e-11,1356.591796875,8.768484669985651e-12,2304.052734375
2025.06.11_0.3_2,index=8.2.22E+05,40,40.0,1,221505.1102,221505.1102_src-index=8.2.22E+05_chunk-0040.npy,368978.105,0.6003204721320795,welch_hann_2048_overlap_1024_fs_44100,digital_amplitude_squared_per_hz,2.3825506665703965e-11,1055.126953125,1.3983918339413655e-11,1356.591796875,7.326756594974895e-12,2304.052734375
2025.06.11_0.3_2,index=8.2.22E+05,41,41.0,1,221505.1102,221505.1102_src-index=8.2.22E+05_chunk-0041.npy,368978.105,0.6003204721320795,welch_hann_2048_overlap_1024_fs_44100,digital_amplitude_squared_per_hz,2.6666171469372177e-11,1055.126953125,1.6445267882775738e-11,1356.591796875,9.73670616136127e-12,2304.052734375
2025.06.11_0.3_2,index=8.2.22E+05,42,42.0,1,221505.1102,221505.1102_src-index=8.2.22E+05_chunk-0042.npy,368978.105,0.6003204721320795,welch_hann_2048_overlap_1024_fs_44100,digital_amplitude_squared_per_hz,2.8603479760438694e-11,1055.126953125,1.7098291719383437e-11,1356.591796875,8.173909589001857e-12,2304.052734375
2025.06.11_0.3_2,index=8.2.22E+05,43,43.0,1,221505.1102,221505.1102_src-index=8.2.22E+05_chunk-0043.npy,368978.105,0.6003204721320795,welch_hann_2048_overlap_1024_fs_44100,digital_amplitude_squared_per_hz,2.243183792999725e-11,1055.126953125,1.3712980775772502e-11,1356.591796875,8.120690587349888e-12,2304.052734375
2025.06.11_0.3_2,index=8.2.22E+05,44,44.0,1,221505.1102,221505.1102_src-index=8.2.22E+05_chunk-0044.npy,368978.105,0.6003204721320795,welch_hann_2048_overlap_1024_fs_44100,digital_amplitude_squared_per_hz,2.1022473068033626e-11,1055.126953125,1.240001653725507e-11,1356.591796875,7.430402722650899e-12,2304.052734375
2025.06.11_0.3_2,index=8.2.22E+05,45,45.0,1,221505.1102,221505.1102_src-index=8.2.22E+05_chunk-0045.npy,368978.105,0.6003204721320795,welch_hann_2048_overlap_1024_fs_44100,digital_amplitude_squared_per_hz,2.725555237062185e-11,1055.126953125,1.526047620382048e-11,1356.591796875,6.647631290638891e-12,2304.052734375
2025.06.11_0.3_2,index=8.2.22E+05,46,46.0,1,221505.1102,221505.1102_src-index=8.2.22E+05_chunk-0046.npy,368978.105,0.6003204721320795,welch_hann_2048_overlap_1024_fs_44100,digital_amplitude_squared_per_hz,2.3861931126521703e-11,1055.126953125,1.4091769815483747e-11,1356.591796875,7.334655379249755e-12,2304.052734375
2025.06.11_0.3_2,index=8.2.22E+05,47,47.0,1,221505.1102,221505.1102_src-index=8.2.22E+05_chunk-0047.npy,368978.105,0.6003204721320795,welch_hann_2048_overlap_1024_fs_44100,digital_amplitude_squared_per_hz,2.241166378091336e-11,1055.126953125,1.3374283518604537e-11,1356.591796875,8.028471726644901e-12,2304.052734375
2025.06.11_0.3_2,index=8.2.22E+05,48,48.0,1,221505.1102,221505.1102_src-index=8.2.22E+05_chunk-0048.npy,368978.105,0.6003204721320795,welch_hann_2048_overlap_1024_fs_44100,digital_amplitude_squared_per_hz,2.143770393606641e-11,1055.126953125,1.2053500114044907e-11,1356.591796875,8.744286668365524e-12,2304.052734375
2025.06.11_0.3_2,index=8.2.22E+05,49,49.0,1,221505.1102,221505.1102_src-index=8.2.22E+05_chunk-0049.npy,368978.105,0.6003204721320795,welch_hann_2048_overlap_1024_fs_44100,digital_amplitude_squared_per_hz,2.7154861314265033e-11,1055.126953125,1.524320773556327e-11,1356.591796875,7.59105671279657e-12,2304.052734375
2025.06.11_0.3_2,index=8.2.22E+05,50,50.0,1,221505.1102,221505.1102_src-index=8.2.22E+05_chunk-0050.npy,368978.105,0.6003204721320795,welch_hann_2048_overlap_1024_fs_44100,digital_amplitude_squared_per_hz,2.2588358665460342e-11,1055.126953125,1.097216046988905e-11,1356.591796875,7.62653857605988e-12,2304.052734375
2025.06.11_0.3_2,index=8.2.22E+05,51,51.0,1,221505.1102,221505.1102_src-index=8.2.22E+05_chunk-0051.npy,368978.105,0.6003204721320795,welch_hann_2048_overlap_1024_fs_44100,digital_amplitude_squared_per_hz,1.982118937715392e-11,1055.126953125,1.0449002225296926e-11,1356.591796875,8.427859027878612e-12,2304.052734375
2025.06.11_0.3_2,index=8.2.22E+05,52,52.0,1,221505.1102,221505.1102_src-index=8.2.22E+05_chunk-0052.npy,368978.105,0.6003204721320795,welch_hann_2048_overlap_1024_fs_44100,digital_amplitude_squared_per_hz,2.4315311928071697e-11,1055.126953125,1.4039802723117905e-11,1356.591796875,7.986554411770518e-12,2304.052734375
2025.06.11_0.3_2,index=8.2.22E+05,53,53.0,1,221505.1102,221505.1102_src-index=8.2.22E+05_chunk-0053.npy,368978.105,0.6003204721320795,welch_hann_2048_overlap_1024_fs_44100,digital_amplitude_squared_per_hz,2.1903357493896977e-11,1055.126953125,1.3156808516308808e-11,1356.591796875,8.158259197055892e-12,2304.052734375
2025.06.11_0.3_2,index=8.2.22E+05,54,54.0,1,221505.1102,221505.1102_src-index=8.2.22E+05_chunk-0054.npy,368978.105,0.6003204721320795,welch_hann_2048_overlap_1024_fs_44100,digital_amplitude_squared_per_hz,2.187498936349007e-11,1055.126953125,1.226938235742455e-11,1356.591796875,9.769344579556934e-12,2304.052734375
2025.06.11_0.3_2,index=8.2.22E+05,55,55.0,1,221505.1102,221505.1102_src-index=8.2.22E+05_chunk-0055.npy,368978.105,0.6003204721320795,welch_hann_2048_overlap_1024_fs_44100,digital_amplitude_squared_per_hz,2.2837329005238446e-11,1055.126953125,1.1302118285853459e-11,1356.591796875,9.009942833380813e-12,2304.052734375
2025.06.11_0.3_2,index=8.2.22E+05,56,56.0,1,221505.1102,221505.1102_src-index=8.2.22E+05_chunk-0056.npy,368978.105,0.6003204721320795,welch_hann_2048_overlap_1024_fs_44100,digital_amplitude_squared_per_hz,2.098535714810739e-11,1055.126953125,1.1223073132716864e-11,1356.591796875,9.106283515000747e-12,2304.052734375
2025.06.11_0.3_2,index=8.2.22E+05,57,57.0,1,221505.1102,221505.1102_src-index=8.2.22E+05_chunk-0057.npy,368978.105,0.6003204721320795,welch_hann_2048_overlap_1024_fs_44100,digital_amplitude_squared_per_hz,2.7228031810975055e-11,1055.126953125,1.4127775372236483e-11,1356.591796875,7.72846034989359e-12,2304.052734375
2025.06.11_0.3_2,index=8.2.22E+05,58,58.0,1,221505.1102,221505.1102_src-index=8.2.22E+05_chunk-0058.npy,368978.105,0.6003204721320795,welch_hann_2048_overlap_1024_fs_44100,digital_amplitude_squared_per_hz,2.2978919735666478e-11,1055.126953125,1.2926181104309879e-11,1356.591796875,7.454226515378607e-12,2304.052734375
2025.06.11_0.3_2,index=8.2.22E+05,59,59.0,1,221505.1102,221505.1102_src-index=8.2.22E+05_chunk-0059.npy,368978.105,0.6003204721320795,welch_hann_2048_overlap_1024_fs_44100,digital_amplitude_squared_per_hz,2.5115326759230394e-11,1055.126953125,1.4055011173286676e-11,1356.591796875,6.439209123480714e-12,2304.052734375
2025.06.11_0.3_2,index=9.2.67E+05,0,0.0,1,266907.6965,266907.6965_src-index=9.2.67E+05_chunk-0000.npy,368978.105,0.7233700127003472,welch_hann_2048_overlap_1024_fs_44100,digital_amplitude_squared_per_hz,2.288345585217655e-11,1055.126953125,1.1333507519705066e-11,1356.591796875,8.569906606916878e-12,2304.052734375
2025.06.11_0.3_2,index=9.2.67E+05,1,1.0,1,266907.6965,266907.6965_src-index=9.2.67E+05_chunk-0001.npy,368978.105,0.7233700127003472,welch_hann_2048_overlap_1024_fs_44100,digital_amplitude_squared_per_hz,1.764401155574783e-09,1098.193359375,1.1288251249787597e-09,1335.05859375,3.349748583254211e-09,2239.453125
2025.06.11_0.3_2,index=9.2.67E+05,2,2.0,1,266907.6965,266907.6965_src-index=9.2.67E+05_chunk-0002.npy,368978.105,0.7233700127003472,welch_hann_2048_overlap_1024_fs_44100,digital_amplitude_squared_per_hz,1.5848932273282873e-09,1098.193359375,9.620415234408987e-10,1335.05859375,3.957266246613495e-09,2282.51953125
2025.06.11_0.3_2,index=9.2.67E+05,3,3.0,1,266907.6965,266907.6965_src-index=9.2.67E+05_chunk-0003.npy,368978.105,0.7233700127003472,welch_hann_2048_overlap_1024_fs_44100,digital_amplitude_squared_per_hz,3.3720156846499837e-09,1098.193359375,3.0675759441386786e-09,1335.05859375,1.3680429317404246e-08,2260.986328125
2025.06.11_0.3_2,index=9.2.67E+05,4,4.0,1,266907.6965,266907.6965_src-index=9.2.67E+05_chunk-0004.npy,368978.105,0.7233700127003472,welch_hann_2048_overlap_1024_fs_44100,digital_amplitude_squared_per_hz,2.1329333162140455e-09,1098.193359375,1.4499466252384736e-09,1335.05859375,4.757045357000051e-09,2282.51953125
2025.06.11_0.3_2,index=9.2.67E+05,5,5.0,1,266907.6965,266907.6965_src-index=9.2.67E+05_chunk-0005.npy,368978.105,0.7233700127003472,welch_hann_2048_overlap_1024_fs_44100,digital_amplitude_squared_per_hz,1.9518375296366586e-09,1098.193359375,1.6872056373111738e-09,1335.05859375,6.139613261569405e-09,2282.51953125
2025.06.11_0.3_2,index=9.2.67E+05,6,6.0,1,266907.6965,266907.6965_src-index=9.2.67E+05_chunk-0006.npy,368978.105,0.7233700127003472,welch_hann_2048_overlap_1024_fs_44100,digital_amplitude_squared_per_hz,3.485411816747894e-09,1098.193359375,2.6060191320333205e-09,1335.05859375,7.794861958734969e-09,2282.51953125
2025.06.11_0.3_2,index=9.2.67E+05,7,7.0,1,266907.6965,266907.6965_src-index=9.2.67E+05_chunk-0007.npy,368978.105,0.7233700127003472,welch_hann_2048_overlap_1024_fs_44100,digital_amplitude_squared_per_hz,4.217482400738688e-09,1098.193359375,2.1324221375465657e-09,1335.05859375,8.87376942911142e-09,2282.51953125
2025.06.11_0.3_2,index=9.2.67E+05,8,8.0,1,266907.6965,266907.6965_src-index=9.2.67E+05_chunk-0008.npy,368978.105,0.7233700127003472,welch_hann_2048_overlap_1024_fs_44100,digital_amplitude_squared_per_hz,2.395884108224745e-11,1055.126953125,1.2744632195717403e-11,1399.658203125,2.5520772293268116e-11,2304.052734375
2025.06.11_0.3_2,index=9.2.67E+05,9,9.0,1,266907.6965,266907.6965_src-index=9.2.67E+05_chunk-0009.npy,368978.105,0.7233700127003472,welch_hann_2048_overlap_1024_fs_44100,digital_amplitude_squared_per_hz,2.033780742450641e-09,1098.193359375,1.6537294869705243e-09,1335.05859375,5.989162262667231e-09,2282.51953125
2025.06.11_0.3_2,index=9.2.67E+05,10,10.0,1,266907.6965,266907.6965_src-index=9.2.67E+05_chunk-0010.npy,368978.105,0.7233700127003472,welch_hann_2048_overlap_1024_fs_44100,digital_amplitude_squared_per_hz,2.974455398568711e-09,1098.193359375,1.015964688115728e-09,1335.05859375,6.364483828897972e-09,2260.986328125
2025.06.11_0.3_2,index=9.2.67E+05,11,11.0,1,266907.6965,266907.6965_src-index=9.2.67E+05_chunk-0011.npy,368978.105,0.7233700127003472,welch_hann_2048_overlap_1024_fs_44100,digital_amplitude_squared_per_hz,1.5355813078524839e-09,1098.193359375,1.3946240015139543e-09,1335.05859375,3.4839871293320474e-09,2282.51953125
2025.06.11_0.3_2,index=9.2.67E+05,12,12.0,1,266907.6965,266907.6965_src-index=9.2.67E+05_chunk-0012.npy,368978.105,0.7233700127003472,welch_hann_2048_overlap_1024_fs_44100,digital_amplitude_squared_per_hz,2.25251182518915e-09,1098.193359375,6.859195405199235e-10,1313.525390625,6.853291652378681e-09,2282.51953125
2025.06.11_0.3_2,index=9.2.67E+05,13,13.0,1,266907.6965,266907.6965_src-index=9.2.67E+05_chunk-0013.npy,368978.105,0.7233700127003472,welch_hann_2048_overlap_1024_fs_44100,digital_amplitude_squared_per_hz,2.3146991706787105e-11,1055.126953125,1.1088694641988972e-11,1356.591796875,2.473894580608504e-11,2304.052734375
2025.06.11_0.3_2,index=9.2.67E+05,14,14.0,1,266907.6965,266907.6965_src-index=9.2.67E+05_chunk-0014.npy,368978.105,0.7233700127003472,welch_hann_2048_overlap_1024_fs_44100,digital_amplitude_squared_per_hz,1.9917782607814162e-11,904.39453125,8.609445920643635e-12,1356.591796875,2.451554412015535e-11,2304.052734375
2025.06.11_0.3_2,index=9.2.67E+05,15,15.0,1,266907.6965,266907.6965_src-index=9.2.67E+05_chunk-0015.npy,368978.105,0.7233700127003472,welch_hann_2048_overlap_1024_fs_44100,digital_amplitude_squared_per_hz,2.326336389978775e-11,1055.126953125,1.1204221774029842e-11,1356.591796875,2.518390986642179e-11,2304.052734375
2025.06.11_0.3_2,index=9.2.67E+05,16,16.0,1,266907.6965,266907.6965_src-index=9.2.67E+05_chunk-0016.npy,368978.105,0.7233700127003472,welch_hann_2048_overlap_1024_fs_44100,digital_amplitude_squared_per_hz,9.180878765031726e-10,1098.193359375,6.260676579241033e-10,1335.05859375,2.164785974808398e-09,2282.51953125
2025.06.11_0.3_2,index=9.2.67E+05,17,17.0,1,266907.6965,266907.6965_src-index=9.2.67E+05_chunk-0017.npy,368978.105,0.7233700127003472,welch_hann_2048_overlap_1024_fs_44100,digital_amplitude_squared_per_hz,9.428638513758054e-11,1098.193359375,5.6862091303523046e-11,1335.05859375,3.180350309078867e-10,2282.51953125
2025.06.11_0.3_2,index=9.2.67E+05,18,18.0,1,266907.6965,266907.6965_src-index=9.2.67E+05_chunk-0018.npy,368978.105,0.7233700127003472,welch_hann_2048_overlap_1024_fs_44100,digital_amplitude_squared_per_hz,1.7284697253569175e-09,1076.66015625,1.5850428100043016e-09,1335.05859375,7.215061137022831e-09,2282.51953125
2025.06.11_0.3_2,index=9.2.67E+05,19,19.0,1,266907.6965,266907.6965_src-index=9.2.67E+05_chunk-0019.npy,368978.105,0.7233700127003472,welch_hann_2048_overlap_1024_fs_44100,digital_amplitude_squared_per_hz,3.438166462162159e-09,882.861328125,3.020560070259453e-09,1335.05859375,1.3919336451829283e-08,2282.51953125
2025.06.11_0.3_2,index=9.2.67E+05,20,20.0,1,266907.6965,266907.6965_src-index=9.2.67E+05_chunk-0020.npy,368978.105,0.7233700127003472,welch_hann_2048_overlap_1024_fs_44100,digital_amplitude_squared_per_hz,9.690551094498377e-10,1076.66015625,1.0979197129252457e-09,1313.525390625,1.1066847109626912e-08,2260.986328125
2025.06.11_0.3_2,index=9.2.67E+05,21,21.0,1,266907.6965,266907.6965_src-index=9.2.67E+05_chunk-0021.npy,368978.105,0.7233700127003472,welch_hann_2048_overlap_1024_fs_44100,digital_amplitude_squared_per_hz,2.3840634547393982e-11,947.4609375,1.2347511390352392e-11,1356.591796875,2.427234167634945e-11,2304.052734375
2025.06.11_0.3_2,index=9.2.67E+05,22,22.0,1,266907.6965,266907.6965_src-index=9.2.67E+05_chunk-0022.npy,368978.105,0.7233700127003472,welch_hann_2048_overlap_1024_fs_44100,digital_amplitude_squared_per_hz,2.2387193571269712e-11,1055.126953125,1.1691557496623526e-11,1356.591796875,2.4180679091238537e-11,2304.052734375
2025.06.11_0.3_2,index=9.2.67E+05,23,23.0,1,266907.6965,266907.6965_src-index=9.2.67E+05_chunk-0023.npy,368978.105,0.7233700127003472,welch_hann_2048_overlap_1024_fs_44100,digital_amplitude_squared_per_hz,7.883412152917438e-10,1098.193359375,5.652444409202679e-10,1335.05859375,1.793331825795393e-09,2239.453125
2025.06.11_0.3_2,index=9.2.67E+05,24,24.0,1,266907.6965,266907.6965_src-index=9.2.67E+05_chunk-0024.npy,368978.105,0.7233700127003472,welch_hann_2048_overlap_1024_fs_44100,digital_amplitude_squared_per_hz,6.01276274487072e-10,1098.193359375,4.4329979402381456e-10,1335.05859375,2.725424285654204e-09,2260.986328125
2025.06.11_0.3_2,index=9.2.67E+05,25,25.0,1,266907.6965,266907.6965_src-index=9.2.67E+05_chunk-0025.npy,368978.105,0.7233700127003472,welch_hann_2048_overlap_1024_fs_44100,digital_amplitude_squared_per_hz,2.350862422550685e-11,1055.126953125,1.1804464036133827e-11,1356.591796875,2.8166375573978174e-11,2304.052734375
2025.06.11_0.3_2,index=9.2.67E+05,26,26.0,1,266907.6965,266907.6965_src-index=9.2.67E+05_chunk-0026.npy,368978.105,0.7233700127003472,welch_hann_2048_overlap_1024_fs_44100,digital_amplitude_squared_per_hz,7.419798346129915e-10,1055.126953125,5.888487073543946e-10,1313.525390625,3.0547498493736596e-09,2260.986328125
2025.06.11_0.3_2,index=9.2.67E+05,27,27.0,1,266907.6965,266907.6965_src-index=9.2.67E+05_chunk-0027.npy,368978.105,0.7233700127003472,welch_hann_2048_overlap_1024_fs_44100,digital_amplitude_squared_per_hz,2.285082479756681e-11,1055.126953125,1.1658658315675991e-11,1356.591796875,9.946742917321608e-12,2304.052734375
2025.06.11_0.3_2,index=9.2.67E+05,28,28.0,1,266907.6965,266907.6965_src-index=9.2.67E+05_chunk-0028.npy,368978.105,0.7233700127003472,welch_hann_2048_overlap_1024_fs_44100,digital_amplitude_squared_per_hz,1.7388631255779287e-09,1098.193359375,9.675532650453177e-10,1335.05859375,3.978325144101163e-09,2260.986328125
2025.06.11_0.3_2,index=9.2.67E+05,29,29.0,1,266907.6965,266907.6965_src-index=9.2.67E+05_chunk-0029.npy,368978.105,0.7233700127003472,welch_hann_2048_overlap_1024_fs_44100,digital_amplitude_squared_per_hz,6.663862114056485e-10,1098.193359375,4.737539982726555e-10,1335.05859375,2.376897187533482e-09,2260.986328125
2025.06.11_0.3_2,index=9.2.67E+05,30,30.0,1,266907.6965,266907.6965_src-index=9.2.67E+05_chunk-0030.npy,368978.105,0.7233700127003472,welch_hann_2048_overlap_1024_fs_44100,digital_amplitude_squared_per_hz,2.189473604290917e-09,1076.66015625,8.366716523683956e-10,1335.05859375,6.115061217057385e-09,2260.986328125
2025.06.11_0.3_2,index=9.2.67E+05,31,31.0,1,266907.6965,266907.6965_src-index=9.2.67E+05_chunk-0031.npy,368978.105,0.7233700127003472,welch_hann_2048_overlap_1024_fs_44100,digital_amplitude_squared_per_hz,6.489385010255567e-10,1098.193359375,4.22969376575076e-10,1335.05859375,2.262046712686094e-09,2260.986328125
2025.06.11_0.3_2,index=9.2.67E+05,32,32.0,1,266907.6965,266907.6965_src-index=9.2.67E+05_chunk-0032.npy,368978.105,0.7233700127003472,welch_hann_2048_overlap_1024_fs_44100,digital_amplitude_squared_per_hz,2.116057842451291e-11,1055.126953125,1.1566419314530757e-11,1356.591796875,8.318131054708204e-12,2304.052734375
2025.06.11_0.3_2,index=9.2.67E+05,33,33.0,1,266907.6965,266907.6965_src-index=9.2.67E+05_chunk-0033.npy,368978.105,0.7233700127003472,welch_hann_2048_overlap_1024_fs_44100,digital_amplitude_squared_per_hz,2.2151784711565186e-11,1055.126953125,1.215466977575539e-11,1356.591796875,9.216209830739097e-12,2304.052734375
2025.06.11_0.3_2,index=9.2.67E+05,34,34.0,1,266907.6965,266907.6965_src-index=9.2.67E+05_chunk-0034.npy,368978.105,0.7233700127003472,welch_hann_2048_overlap_1024_fs_44100,digital_amplitude_squared_per_hz,1.9041925293120154e-11,1055.126953125,1.0448927963947058e-11,1356.591796875,9.622553663480986e-12,2304.052734375
2025.06.11_0.3_2,index=9.2.67E+05,35,35.0,1,266907.6965,266907.6965_src-index=9.2.67E+05_chunk-0035.npy,368978.105,0.7233700127003472,welch_hann_2048_overlap_1024_fs_44100,digital_amplitude_squared_per_hz,1.909841188575855e-11,1055.126953125,1.0166900108410208e-11,1356.591796875,9.441047497304775e-12,2304.052734375
2025.06.11_0.3_2,index=9.2.67E+05,36,36.0,1,266907.6965,266907.6965_src-index=9.2.67E+05_chunk-0036.npy,368978.105,0.7233700127003472,welch_hann_2048_overlap_1024_fs_44100,digital_amplitude_squared_per_hz,1.5830169339161897e-10,1098.193359375,1.3484614695782067e-10,1335.05859375,7.381756415919223e-10,2260.986328125
2025.06.11_0.3_2,index=9.2.67E+05,37,37.0,1,266907.6965,266907.6965_src-index=9.2.67E+05_chunk-0037.npy,368978.105,0.7233700127003472,welch_hann_2048_overlap_1024_fs_44100,digital_amplitude_squared_per_hz,6.56704710876148e-10,1098.193359375,4.5130456049673765e-10,1335.05859375,1.960363931113185e-09,2260.986328125
2025.06.11_0.3_2,index=9.2.67E+05,38,38.0,1,266907.6965,266907.6965_src-index=9.2.67E+05_chunk-0038.npy,368978.105,0.7233700127003472,welch_hann_2048_overlap_1024_fs_44100,digital_amplitude_squared_per_hz,2.004502630520174e-10,1098.193359375,1.7858688145227517e-10,1335.05859375,1.5413085375278266e-09,2282.51953125
2025.06.11_0.3_2,index=9.2.67E+05,39,39.0,1,266907.6965,266907.6965_src-index=9.2.67E+05_chunk-0039.npy,368978.105,0.7233700127003472,welch_hann_2048_overlap_1024_fs_44100,digital_amplitude_squared_per_hz,5.285642134879633e-09,1098.193359375,5.078161171433599e-09,1335.05859375,2.0278442351175393e-08,2282.51953125
2025.06.11_0.3_2,index=9.2.67E+05,40,40.0,1,266907.6965,266907.6965_src-index=9.2.67E+05_chunk-0040.npy,368978.105,0.7233700127003472,welch_hann_2048_overlap_1024_fs_44100,digital_amplitude_squared_per_hz,1.4525535052750517e-09,1098.193359375,1.1259419176429482e-09,1335.05859375,1.0003851249222258e-08,2282.51953125
2025.06.11_0.3_2,index=9.2.67E+05,41,41.0,1,266907.6965,266907.6965_src-index=9.2.67E+05_chunk-0041.npy,368978.105,0.7233700127003472,welch_hann_2048_overlap_1024_fs_44100,digital_amplitude_squared_per_hz,2.429814562030261e-11,1055.126953125,1.0893084923928582e-11,1356.591796875,1.925470133374234e-11,2282.51953125
2025.06.11_0.3_2,index=9.2.67E+05,42,42.0,1,266907.6965,266907.6965_src-index=9.2.67E+05_chunk-0042.npy,368978.105,0.7233700127003472,welch_hann_2048_overlap_1024_fs_44100,digital_amplitude_squared_per_hz,2.1947325919717498e-11,1055.126953125,1.0560886974078567e-11,1291.9921875,1.2667378160915555e-11,2282.51953125
2025.06.11_0.3_2,index=9.2.67E+05,43,43.0,1,266907.6965,266907.6965_src-index=9.2.67E+05_chunk-0043.npy,368978.105,0.7233700127003472,welch_hann_2048_overlap_1024_fs_44100,digital_amplitude_squared_per_hz,1.893196262951944e-09,1098.193359375,1.2155029600025142e-09,1335.05859375,4.796251704771706e-09,2260.986328125
2025.06.11_0.3_2,index=9.2.67E+05,44,44.0,1,266907.6965,266907.6965_src-index=9.2.67E+05_chunk-0044.npy,368978.105,0.7233700127003472,welch_hann_2048_overlap_1024_fs_44100,digital_amplitude_squared_per_hz,2.3238634924015608e-11,1055.126953125,1.2594948308451211e-11,1356.591796875,8.375672221009952e-12,2196.38671875
2025.06.11_0.3_2,index=9.2.67E+05,45,45.0,1,266907.6965,266907.6965_src-index=9.2.67E+05_chunk-0045.npy,368978.105,0.7233700127003472,welch_hann_2048_overlap_1024_fs_44100,digital_amplitude_squared_per_hz,2.0021096810364876e-11,947.4609375,1.0152830934535659e-11,1356.591796875,8.726173011669697e-12,2304.052734375
2025.06.11_0.3_2,index=9.2.67E+05,46,46.0,1,266907.6965,266907.6965_src-index=9.2.67E+05_chunk-0046.npy,368978.105,0.7233700127003472,welch_hann_2048_overlap_1024_fs_44100,digital_amplitude_squared_per_hz,1.8658429940429905e-11,947.4609375,8.337159138341434e-12,1291.9921875,9.851470427479938e-12,2304.052734375
2025.06.11_0.3_2,index=9.2.67E+05,47,47.0,1,266907.6965,266907.6965_src-index=9.2.67E+05_chunk-0047.npy,368978.105,0.7233700127003472,welch_hann_2048_overlap_1024_fs_44100,digital_amplitude_squared_per_hz,2.316307943819663e-11,1055.126953125,1.1490058362301582e-11,1356.591796875,8.913889554818885e-12,2196.38671875
2025.06.11_0.3_2,index=9.2.67E+05,48,48.0,1,266907.6965,266907.6965_src-index=9.2.67E+05_chunk-0048.npy,368978.105,0.7233700127003472,welch_hann_2048_overlap_1024_fs_44100,digital_amplitude_squared_per_hz,2.984802618688592e-09,1098.193359375,1.6476593188030959e-09,1335.05859375,6.741264182340757e-09,2260.986328125
2025.06.11_0.3_2,index=9.2.67E+05,49,49.0,1,266907.6965,266907.6965_src-index=9.2.67E+05_chunk-0049.npy,368978.105,0.7233700127003472,welch_hann_2048_overlap_1024_fs_44100,digital_amplitude_squared_per_hz,3.0714153654842833e-09,1098.193359375,1.9254908222690057e-09,1335.05859375,8.528103666533252e-09,2260.986328125
2025.06.11_0.3_2,index=9.2.67E+05,50,50.0,1,266907.6965,266907.6965_src-index=9.2.67E+05_chunk-0050.npy,368978.105,0.7233700127003472,welch_hann_2048_overlap_1024_fs_44100,digital_amplitude_squared_per_hz,9.972741117302738e-10,1098.193359375,6.641264487293526e-10,1335.05859375,3.1098904384959063e-09,2260.986328125
2025.06.11_0.3_2,index=9.2.67E+05,51,51.0,1,266907.6965,266907.6965_src-index=9.2.67E+05_chunk-0051.npy,368978.105,0.7233700127003472,welch_hann_2048_overlap_1024_fs_44100,digital_amplitude_squared_per_hz,4.412998036766024e-10,1098.193359375,2.2804889287419723e-10,1335.05859375,1.217557571522476e-09,2260.986328125
2025.06.11_0.3_2,index=9.2.67E+05,52,52.0,1,266907.6965,266907.6965_src-index=9.2.67E+05_chunk-0052.npy,368978.105,0.7233700127003472,welch_hann_2048_overlap_1024_fs_44100,digital_amplitude_squared_per_hz,3.7120201841026915e-11,1055.126953125,3.3951093645748575e-11,1335.05859375,4.0266411790676325e-10,2282.51953125
2025.06.11_0.3_2,index=9.2.67E+05,53,53.0,1,266907.6965,266907.6965_src-index=9.2.67E+05_chunk-0053.npy,368978.105,0.7233700127003472,welch_hann_2048_overlap_1024_fs_44100,digital_amplitude_squared_per_hz,3.570575923200513e-09,1098.193359375,2.1063560750662747e-09,1335.05859375,7.532246419695644e-09,2282.51953125
2025.06.11_0.3_2,index=9.2.67E+05,54,54.0,1,266907.6965,266907.6965_src-index=9.2.67E+05_chunk-0054.npy,368978.105,0.7233700127003472,welch_hann_2048_overlap_1024_fs_44100,digital_amplitude_squared_per_hz,1.094631306779322e-09,1098.193359375,6.298735308822941e-10,1335.05859375,2.691661111262986e-09,2260.986328125
2025.06.11_0.3_2,index=9.2.67E+05,55,55.0,1,266907.6965,266907.6965_src-index=9.2.67E+05_chunk-0055.npy,368978.105,0.7233700127003472,welch_hann_2048_overlap_1024_fs_44100,digital_amplitude_squared_per_hz,2.842645612118588e-09,1098.193359375,1.892861555678945e-09,1335.05859375,9.641464500440837e-09,2260.986328125
2025.06.11_0.3_2,index=9.2.67E+05,56,56.0,1,266907.6965,266907.6965_src-index=9.2.67E+05_chunk-0056.npy,368978.105,0.7233700127003472,welch_hann_2048_overlap_1024_fs_44100,digital_amplitude_squared_per_hz,9.6538573590154e-10,1098.193359375,6.040860983537195e-10,1335.05859375,4.123323498960663e-09,2260.986328125
2025.06.11_0.3_2,index=9.2.67E+05,57,57.0,1,266907.6965,266907.6965_src-index=9.2.67E+05_chunk-0057.npy,368978.105,0.7233700127003472,welch_hann_2048_overlap_1024_fs_44100,digital_amplitude_squared_per_hz,2.2734925096575416e-11,947.4609375,1.0951644179126621e-11,1356.591796875,1.0838834257188268e-11,2304.052734375
2025.06.11_0.3_2,index=9.2.67E+05,58,58.0,1,266907.6965,266907.6965_src-index=9.2.67E+05_chunk-0058.npy,368978.105,0.7233700127003472,welch_hann_2048_overlap_1024_fs_44100,digital_amplitude_squared_per_hz,2.285989387792139e-11,947.4609375,1.1628311701779208e-11,1356.591796875,7.864182669783916e-12,2304.052734375
2025.06.11_0.3_2,index=9.2.67E+05,59,59.0,1,266907.6965,266907.6965_src-index=9.2.67E+05_chunk-0059.npy,368978.105,0.7233700127003472,welch_hann_2048_overlap_1024_fs_44100,digital_amplitude_squared_per_hz,2.1164152887222826e-11,1055.126953125,1.1276038149904622e-11,1356.591796875,1.0665690284064282e-11,2304.052734375
2025.06.18_0.3_3,index=1.0,0,0.0,1,-1.42e-06,-1.42E-06_src-index=1.0_chunk-0000.npy,376320.1201,-3.773383149491613e-12,welch_hann_2048_overlap_1024_fs_44100,digital_amplitude_squared_per_hz,1.8658330976228826e-11,947.4609375,7.713423309468866e-12,1356.591796875,6.803266783504039e-12,2454.78515625
2025.06.18_0.3_3,index=1.0,1,1.0,1,-1.42e-06,-1.42E-06_src-index=1.0_chunk-0001.npy,376320.1201,-3.773383149491613e-12,welch_hann_2048_overlap_1024_fs_44100,digital_amplitude_squared_per_hz,1.762877197734243e-11,947.4609375,7.514478391503873e-12,1356.591796875,7.51616334128039e-12,2454.78515625
2025.06.18_0.3_3,index=1.0,2,2.0,1,-1.42e-06,-1.42E-06_src-index=1.0_chunk-0002.npy,376320.1201,-3.773383149491613e-12,welch_hann_2048_overlap_1024_fs_44100,digital_amplitude_squared_per_hz,1.7334129297350323e-11,947.4609375,9.864546886650927e-12,1356.591796875,7.45664027156387e-12,2454.78515625
2025.06.18_0.3_3,index=1.0,3,3.0,1,-1.42e-06,-1.42E-06_src-index=1.0_chunk-0003.npy,376320.1201,-3.773383149491613e-12,welch_hann_2048_overlap_1024_fs_44100,digital_amplitude_squared_per_hz,1.7705887221109882e-11,947.4609375,7.210446827143988e-12,1356.591796875,7.69562041501023e-12,2454.78515625
2025.06.18_0.3_3,index=1.0,4,4.0,1,-1.42e-06,-1.42E-06_src-index=1.0_chunk-0004.npy,376320.1201,-3.773383149491613e-12,welch_hann_2048_overlap_1024_fs_44100,digital_amplitude_squared_per_hz,1.780502476443277e-11,861.328125,8.432309567626076e-12,1356.591796875,6.817307637447084e-12,2454.78515625
2025.06.18_0.3_3,index=1.0,5,5.0,1,-1.42e-06,-1.42E-06_src-index=1.0_chunk-0005.npy,376320.1201,-3.773383149491613e-12,welch_hann_2048_overlap_1024_fs_44100,digital_amplitude_squared_per_hz,1.697395939733741e-11,947.4609375,6.803838989730585e-12,1356.591796875,7.326907237488861e-12,2454.78515625
2025.06.18_0.3_3,index=1.0,6,6.0,1,-1.42e-06,-1.42E-06_src-index=1.0_chunk-0006.npy,376320.1201,-3.773383149491613e-12,welch_hann_2048_overlap_1024_fs_44100,digital_amplitude_squared_per_hz,1.7232150346174196e-11,947.4609375,9.48977033110705e-12,1356.591796875,6.717500325970919e-12,2454.78515625
2025.06.18_0.3_3,index=1.0,7,7.0,1,-1.42e-06,-1.42E-06_src-index=1.0_chunk-0007.npy,376320.1201,-3.773383149491613e-12,welch_hann_2048_overlap_1024_fs_44100,digital_amplitude_squared_per_hz,1.6895021263891372e-11,947.4609375,9.04543530742428e-12,1356.591796875,6.926246876157982e-12,2454.78515625
2025.06.18_0.3_3,index=1.0,8,8.0,1,-1.42e-06,-1.42E-06_src-index=1.0_chunk-0008.npy,376320.1201,-3.773383149491613e-12,welch_hann_2048_overlap_1024_fs_44100,digital_amplitude_squared_per_hz,1.7648651958985644e-11,947.4609375,7.362677407552033e-12,1356.591796875,6.902000871592014e-12,2454.78515625
2025.06.18_0.3_3,index=1.0,9,9.0,1,-1.42e-06,-1.42E-06_src-index=1.0_chunk-0009.npy,376320.1201,-3.773383149491613e-12,welch_hann_2048_overlap_1024_fs_44100,digital_amplitude_squared_per_hz,1.6196375537371908e-11,947.4609375,9.6953073067294e-12,1356.591796875,6.457469196413949e-12,2153.3203125
2025.06.18_0.3_3,index=1.0,10,10.0,1,-1.42e-06,-1.42E-06_src-index=1.0_chunk-0010.npy,376320.1201,-3.773383149491613e-12,welch_hann_2048_overlap_1024_fs_44100,digital_amplitude_squared_per_hz,1.5448612086512635e-11,947.4609375,7.449580115644902e-12,1356.591796875,6.783141944825659e-12,2153.3203125
2025.06.18_0.3_3,index=1.0,11,11.0,1,-1.42e-06,-1.42E-06_src-index=1.0_chunk-0011.npy,376320.1201,-3.773383149491613e-12,welch_hann_2048_overlap_1024_fs_44100,digital_amplitude_squared_per_hz,1.4778162980999366e-11,947.4609375,7.73919723794122e-12,1356.591796875,6.042661200827342e-12,2153.3203125
2025.06.18_0.3_3,index=1.0,12,12.0,1,-1.42e-06,-1.42E-06_src-index=1.0_chunk-0012.npy,376320.1201,-3.773383149491613e-12,welch_hann_2048_overlap_1024_fs_44100,digital_amplitude_squared_per_hz,1.472504006112216e-11,947.4609375,6.973667639071343e-12,1356.591796875,5.909455541407683e-12,2153.3203125
2025.06.18_0.3_3,index=1.0,13,13.0,1,-1.42e-06,-1.42E-06_src-index=1.0_chunk-0013.npy,376320.1201,-3.773383149491613e-12,welch_hann_2048_overlap_1024_fs_44100,digital_amplitude_squared_per_hz,1.3998824214968292e-11,861.328125,1.0519495079403253e-11,1356.591796875,6.336479236261084e-12,2454.78515625
2025.06.18_0.3_3,index=1.0,14,14.0,1,-1.42e-06,-1.42E-06_src-index=1.0_chunk-0014.npy,376320.1201,-3.773383149491613e-12,welch_hann_2048_overlap_1024_fs_44100,digital_amplitude_squared_per_hz,1.4413539900684327e-11,947.4609375,5.651222004052168e-12,1356.591796875,5.738315617578079e-12,2153.3203125
2025.06.18_0.3_3,index=1.0,15,15.0,1,-1.42e-06,-1.42E-06_src-index=1.0_chunk-0015.npy,376320.1201,-3.773383149491613e-12,welch_hann_2048_overlap_1024_fs_44100,digital_amplitude_squared_per_hz,1.4216521988166916e-11,947.4609375,1.231584918977734e-11,1356.591796875,5.6434096404491e-12,2454.78515625
2025.06.18_0.3_3,index=1.0,16,16.0,1,-1.42e-06,-1.42E-06_src-index=1.0_chunk-0016.npy,376320.1201,-3.773383149491613e-12,welch_hann_2048_overlap_1024_fs_44100,digital_amplitude_squared_per_hz,1.4373936262128313e-11,947.4609375,8.748060964813122e-12,1356.591796875,6.2728037289815145e-12,2454.78515625
2025.06.18_0.3_3,index=1.0,17,17.0,1,-1.42e-06,-1.42E-06_src-index=1.0_chunk-0017.npy,376320.1201,-3.773383149491613e-12,welch_hann_2048_overlap_1024_fs_44100,digital_amplitude_squared_per_hz,1.4868873497517284e-11,947.4609375,5.2088861631869455e-12,1356.591796875,6.310641130036462e-12,2454.78515625
2025.06.18_0.3_3,index=1.0,18,18.0,1,-1.42e-06,-1.42E-06_src-index=1.0_chunk-0018.npy,376320.1201,-3.773383149491613e-12,welch_hann_2048_overlap_1024_fs_44100,digital_amplitude_squared_per_hz,1.8048014946641732e-11,861.328125,7.690158276672882e-12,1356.591796875,5.904753135312111e-12,2454.78515625
2025.06.18_0.3_3,index=1.0,19,19.0,1,-1.42e-06,-1.42E-06_src-index=1.0_chunk-0019.npy,376320.1201,-3.773383149491613e-12,welch_hann_2048_overlap_1024_fs_44100,digital_amplitude_squared_per_hz,1.5251778612140547e-11,947.4609375,1.1048307738058703e-11,1356.591796875,5.563636155282808e-12,2454.78515625
2025.06.18_0.3_3,index=1.0,20,20.0,1,-1.42e-06,-1.42E-06_src-index=1.0_chunk-0020.npy,376320.1201,-3.773383149491613e-12,welch_hann_2048_overlap_1024_fs_44100,digital_amplitude_squared_per_hz,1.5117188675234052e-11,947.4609375,9.802704585253014e-12,1356.591796875,5.366327712670463e-12,2153.3203125
2025.06.18_0.3_3,index=1.0,21,21.0,1,-1.42e-06,-1.42E-06_src-index=1.0_chunk-0021.npy,376320.1201,-3.773383149491613e-12,welch_hann_2048_overlap_1024_fs_44100,digital_amplitude_squared_per_hz,1.5742896277606085e-11,947.4609375,4.10758496017295e-12,1356.591796875,5.6416371007723146e-12,2454.78515625
2025.06.18_0.3_3,index=1.0,22,22.0,1,-1.42e-06,-1.42E-06_src-index=1.0_chunk-0022.npy,376320.1201,-3.773383149491613e-12,welch_hann_2048_overlap_1024_fs_44100,digital_amplitude_squared_per_hz,4.6252082140870986e-11,861.328125,1.0064773491911417e-11,1356.591796875,6.117114799923076e-12,2454.78515625
2025.06.18_0.3_3,index=1.0,23,23.0,1,-1.42e-06,-1.42E-06_src-index=1.0_chunk-0023.npy,376320.1201,-3.773383149491613e-12,welch_hann_2048_overlap_1024_fs_44100,digital_amplitude_squared_per_hz,3.06348551974436e-11,861.328125,6.044986688982813e-12,1356.591796875,5.5699435259282675e-12,2454.78515625
2025.06.18_0.3_3,index=1.0,24,24.0,1,-1.42e-06,-1.42E-06_src-index=1.0_chunk-0024.npy,376320.1201,-3.773383149491613e-12,welch_hann_2048_overlap_1024_fs_44100,digital_amplitude_squared_per_hz,1.699507975868425e-11,861.328125,7.729768009991397e-12,1356.591796875,5.368494723012045e-12,2454.78515625
2025.06.18_0.3_3,index=1.0,25,25.0,1,-1.42e-06,-1.42E-06_src-index=1.0_chunk-0025.npy,376320.1201,-3.773383149491613e-12,welch_hann_2048_overlap_1024_fs_44100,digital_amplitude_squared_per_hz,1.457815074063784e-11,947.4609375,1.0659411729792306e-11,1356.591796875,4.982066649213193e-12,2153.3203125
2025.06.18_0.3_3,index=1.0,26,26.0,1,-1.42e-06,-1.42E-06_src-index=1.0_chunk-0026.npy,376320.1201,-3.773383149491613e-12,welch_hann_2048_overlap_1024_fs_44100,digital_amplitude_squared_per_hz,1.5312905759260108e-11,947.4609375,6.4167172026541065e-12,1356.591796875,5.730776902069871e-12,2454.78515625
2025.06.18_0.3_3,index=1.0,27,27.0,1,-1.42e-06,-1.42E-06_src-index=1.0_chunk-0027.npy,376320.1201,-3.773383149491613e-12,welch_hann_2048_overlap_1024_fs_44100,digital_amplitude_squared_per_hz,1.6718557127039842e-11,947.4609375,4.230848226520881e-12,1356.591796875,6.3339216430335805e-12,2153.3203125
2025.06.18_0.3_3,index=1.0,28,28.0,1,-1.42e-06,-1.42E-06_src-index=1.0_chunk-0028.npy,376320.1201,-3.773383149491613e-12,welch_hann_2048_overlap_1024_fs_44100,digital_amplitude_squared_per_hz,1.7374717921206833e-11,947.4609375,8.499786349453262e-12,1356.591796875,6.596041059039275e-12,2153.3203125
2025.06.18_0.3_3,index=1.0,29,29.0,1,-1.42e-06,-1.42E-06_src-index=1.0_chunk-0029.npy,376320.1201,-3.773383149491613e-12,welch_hann_2048_overlap_1024_fs_44100,digital_amplitude_squared_per_hz,1.6746932748974527e-11,947.4609375,1.2851702189759384e-11,1356.591796875,6.9729111710842125e-12,2153.3203125
2025.06.18_0.3_3,index=1.0,30,30.0,1,-1.42e-06,-1.42E-06_src-index=1.0_chunk-0030.npy,376320.1201,-3.773383149491613e-12,welch_hann_2048_overlap_1024_fs_44100,digital_amplitude_squared_per_hz,1.719794391290837e-11,947.4609375,1.2161169642968578e-11,1356.591796875,7.679649349374906e-12,2153.3203125
2025.06.18_0.3_3,index=1.0,31,31.0,1,-1.42e-06,-1.42E-06_src-index=1.0_chunk-0031.npy,376320.1201,-3.773383149491613e-12,welch_hann_2048_overlap_1024_fs_44100,digital_amplitude_squared_per_hz,1.9243077398577878e-11,861.328125,4.6527112502618376e-12,1356.591796875,7.659675395146334e-12,2153.3203125
2025.06.18_0.3_3,index=1.0,32,32.0,1,-1.42e-06,-1.42E-06_src-index=1.0_chunk-0032.npy,376320.1201,-3.773383149491613e-12,welch_hann_2048_overlap_1024_fs_44100,digital_amplitude_squared_per_hz,1.75159179835186e-11,861.328125,7.58890331663254e-12,1356.591796875,8.315536916448673e-12,2153.3203125
2025.06.18_0.3_3,index=1.0,33,33.0,1,-1.42e-06,-1.42E-06_src-index=1.0_chunk-0033.npy,376320.1201,-3.773383149491613e-12,welch_hann_2048_overlap_1024_fs_44100,digital_amplitude_squared_per_hz,1.9286974197169973e-11,947.4609375,1.302445752953846e-11,1356.591796875,7.640700680843232e-12,2454.78515625
2025.06.18_0.3_3,index=1.0,34,34.0,1,-1.42e-06,-1.42E-06_src-index=1.0_chunk-0034.npy,376320.1201,-3.773383149491613e-12,welch_hann_2048_overlap_1024_fs_44100,digital_amplitude_squared_per_hz,1.8412484708110733e-11,947.4609375,5.680493615156906e-12,1356.591796875,8.783744756294085e-12,2153.3203125
2025.06.18_0.3_3,index=1.0,35,35.0,1,-1.42e-06,-1.42E-06_src-index=1.0_chunk-0035.npy,376320.1201,-3.773383149491613e-12,welch_hann_2048_overlap_1024_fs_44100,digital_amplitude_squared_per_hz,1.8001441263328535e-11,947.4609375,7.351869347630188e-12,1356.591796875,7.324285833208742e-12,2153.3203125
2025.06.18_0.3_3,index=1.0,36,36.0,1,-1.42e-06,-1.42E-06_src-index=1.0_chunk-0036.npy,376320.1201,-3.773383149491613e-12,welch_hann_2048_overlap_1024_fs_44100,digital_amplitude_squared_per_hz,1.750001313621855e-11,947.4609375,9.180324829655844e-12,1356.591796875,7.492121159326993e-12,2153.3203125
2025.06.18_0.3_3,index=1.0,37,37.0,1,-1.42e-06,-1.42E-06_src-index=1.0_chunk-0037.npy,376320.1201,-3.773383149491613e-12,welch_hann_2048_overlap_1024_fs_44100,digital_amplitude_squared_per_hz,1.6636972330638803e-11,861.328125,8.62433439458922e-12,1356.591796875,7.0688766517855975e-12,2454.78515625
2025.06.18_0.3_3,index=1.0,38,38.0,1,-1.42e-06,-1.42E-06_src-index=1.0_chunk-0038.npy,376320.1201,-3.773383149491613e-12,welch_hann_2048_overlap_1024_fs_44100,digital_amplitude_squared_per_hz,1.821227174357413e-11,947.4609375,6.611743063568136e-12,1356.591796875,6.9143309528987335e-12,2454.78515625
2025.06.18_0.3_3,index=1.0,39,39.0,1,-1.42e-06,-1.42E-06_src-index=1.0_chunk-0039.npy,376320.1201,-3.773383149491613e-12,welch_hann_2048_overlap_1024_fs_44100,digital_amplitude_squared_per_hz,1.8657833666722837e-11,947.4609375,9.393845429062262e-12,1356.591796875,8.464288665521403e-12,2454.78515625
2025.06.18_0.3_3,index=1.0,40,40.0,1,-1.42e-06,-1.42E-06_src-index=1.0_chunk-0040.npy,376320.1201,-3.773383149491613e-12,welch_hann_2048_overlap_1024_fs_44100,digital_amplitude_squared_per_hz,1.6803960771407683e-11,861.328125,8.337089519943986e-12,1356.591796875,7.407400140882082e-12,2153.3203125
2025.06.18_0.3_3,index=1.0,41,41.0,1,-1.42e-06,-1.42E-06_src-index=1.0_chunk-0041.npy,376320.1201,-3.773383149491613e-12,welch_hann_2048_overlap_1024_fs_44100,digital_amplitude_squared_per_hz,1.5760228547657363e-11,947.4609375,7.852100343739007e-12,1356.591796875,6.3389644123018074e-12,2454.78515625
2025.06.18_0.3_3,index=1.0,42,42.0,1,-1.42e-06,-1.42E-06_src-index=1.0_chunk-0042.npy,376320.1201,-3.773383149491613e-12,welch_hann_2048_overlap_1024_fs_44100,digital_amplitude_squared_per_hz,1.570047292648836e-11,947.4609375,8.58294824044026e-12,1356.591796875,7.2001378533555386e-12,2454.78515625
2025.06.18_0.3_3,index=1.0,43,43.0,1,-1.42e-06,-1.42E-06_src-index=1.0_chunk-0043.npy,376320.1201,-3.773383149491613e-12,welch_hann_2048_overlap_1024_fs_44100,digital_amplitude_squared_per_hz,1.6466802724873077e-11,947.4609375,6.8057103249996186e-12,1356.591796875,6.3068749477463846e-12,2454.78515625
2025.06.18_0.3_3,index=1.0,44,44.0,1,-1.42e-06,-1.42E-06_src-index=1.0_chunk-0044.npy,376320.1201,-3.773383149491613e-12,welch_hann_2048_overlap_1024_fs_44100,digital_amplitude_squared_per_hz,1.5052215180355328e-11,947.4609375,8.225856461130285e-12,1356.591796875,5.479189779006408e-12,2454.78515625
2025.06.18_0.3_3,index=1.0,45,45.0,1,-1.42e-06,-1.42E-06_src-index=1.0_chunk-0045.npy,376320.1201,-3.773383149491613e-12,welch_hann_2048_overlap_1024_fs_44100,digital_amplitude_squared_per_hz,1.3360743387259429e-11,861.328125,1.0835267724696828e-11,1356.591796875,4.6258967056339554e-12,2454.78515625
2025.06.18_0.3_3,index=1.0,46,46.0,1,-1.42e-06,-1.42E-06_src-index=1.0_chunk-0046.npy,376320.1201,-3.773383149491613e-12,welch_hann_2048_overlap_1024_fs_44100,digital_amplitude_squared_per_hz,1.5129466127005798e-11,947.4609375,1.0991880467077202e-11,1356.591796875,5.089563134050694e-12,2454.78515625
2025.06.18_0.3_3,index=1.0,47,47.0,1,-1.42e-06,-1.42E-06_src-index=1.0_chunk-0047.npy,376320.1201,-3.773383149491613e-12,welch_hann_2048_overlap_1024_fs_44100,digital_amplitude_squared_per_hz,1.4277290313544626e-11,947.4609375,1.0005073263383872e-11,1356.591796875,4.9228455874044195e-12,2454.78515625
2025.06.18_0.3_3,index=1.0,48,48.0,1,-1.42e-06,-1.42E-06_src-index=1.0_chunk-0048.npy,376320.1201,-3.773383149491613e-12,welch_hann_2048_overlap_1024_fs_44100,digital_amplitude_squared_per_hz,1.6175285631599067e-11,861.328125,1.050289131006354e-11,1356.591796875,4.980047076036515e-12,2454.78515625
2025.06.18_0.3_3,index=1.0,49,49.0,1,-1.42e-06,-1.42E-06_src-index=1.0_chunk-0049.npy,376320.1201,-3.773383149491613e-12,welch_hann_2048_overlap_1024_fs_44100,digital_amplitude_squared_per_hz,1.5090393588867403e-11,861.328125,1.1078016515933529e-11,1356.591796875,5.0396880276282585e-12,2153.3203125
2025.06.18_0.3_3,index=1.0,50,50.0,1,-1.42e-06,-1.42E-06_src-index=1.0_chunk-0050.npy,376320.1201,-3.773383149491613e-12,welch_hann_2048_overlap_1024_fs_44100,digital_amplitude_squared_per_hz,1.828581400510743e-11,861.328125,8.996515266026737e-12,1356.591796875,4.3754670656075645e-12,2454.78515625
2025.06.18_0.3_3,index=1.0,51,51.0,1,-1.42e-06,-1.42E-06_src-index=1.0_chunk-0051.npy,376320.1201,-3.773383149491613e-12,welch_hann_2048_overlap_1024_fs_44100,digital_amplitude_squared_per_hz,1.384300529532405e-11,947.4609375,7.991705065909265e-12,1356.591796875,4.197764358406207e-12,2454.78515625
2025.06.18_0.3_3,index=1.0,52,52.0,1,-1.42e-06,-1.42E-06_src-index=1.0_chunk-0052.npy,376320.1201,-3.773383149491613e-12,welch_hann_2048_overlap_1024_fs_44100,digital_amplitude_squared_per_hz,1.3419497865832754e-11,947.4609375,4.451724370563041e-12,1356.591796875,4.411142492011933e-12,2454.78515625
2025.06.18_0.3_3,index=1.0,53,53.0,1,-1.42e-06,-1.42E-06_src-index=1.0_chunk-0053.npy,376320.1201,-3.773383149491613e-12,welch_hann_2048_overlap_1024_fs_44100,digital_amplitude_squared_per_hz,1.335497727663523e-11,947.4609375,8.108171638799832e-12,1356.591796875,4.127473153535787e-12,2454.78515625
2025.06.18_0.3_3,index=1.0,54,54.0,1,-1.42e-06,-1.42E-06_src-index=1.0_chunk-0054.npy,376320.1201,-3.773383149491613e-12,welch_hann_2048_overlap_1024_fs_44100,digital_amplitude_squared_per_hz,1.2546638673560215e-11,947.4609375,1.050433448401086e-11,1356.591796875,4.237318338277225e-12,2454.78515625
2025.06.18_0.3_3,index=1.0,55,55.0,1,-1.42e-06,-1.42E-06_src-index=1.0_chunk-0055.npy,376320.1201,-3.773383149491613e-12,welch_hann_2048_overlap_1024_fs_44100,digital_amplitude_squared_per_hz,1.2334598828242093e-11,947.4609375,5.603313145863195e-12,1356.591796875,4.186968484907026e-12,2454.78515625
2025.06.18_0.3_3,index=1.0,56,56.0,1,-1.42e-06,-1.42E-06_src-index=1.0_chunk-0056.npy,376320.1201,-3.773383149491613e-12,welch_hann_2048_overlap_1024_fs_44100,digital_amplitude_squared_per_hz,1.4226384211046817e-11,947.4609375,1.0162044342094457e-11,1356.591796875,4.624692561227966e-12,2304.052734375
2025.06.18_0.3_3,index=1.0,57,57.0,1,-1.42e-06,-1.42E-06_src-index=1.0_chunk-0057.npy,376320.1201,-3.773383149491613e-12,welch_hann_2048_overlap_1024_fs_44100,digital_amplitude_squared_per_hz,1.275117364503621e-11,947.4609375,7.378007568501633e-12,1356.591796875,4.271940716954689e-12,2304.052734375
2025.06.18_0.3_3,index=1.0,58,58.0,1,-1.42e-06,-1.42E-06_src-index=1.0_chunk-0058.npy,376320.1201,-3.773383149491613e-12,welch_hann_2048_overlap_1024_fs_44100,digital_amplitude_squared_per_hz,1.2960746810627695e-11,947.4609375,7.685566083713577e-12,1356.591796875,4.398196776085557e-12,2304.052734375
2025.06.18_0.3_3,index=1.0,59,59.0,1,-1.42e-06,-1.42E-06_src-index=1.0_chunk-0059.npy,376320.1201,-3.773383149491613e-12,welch_hann_2048_overlap_1024_fs_44100,digital_amplitude_squared_per_hz,1.3054414841827433e-11,947.4609375,8.523089858677773e-12,1356.591796875,3.98872191411748e-12,2304.052734375
2025.06.18_0.3_3,index=10.322114,0,0.0,1,322114.2428,322114.2428_src-index=10.322114_chunk-0000.npy,376320.1201,0.8559580676005423,welch_hann_2048_overlap_1024_fs_44100,digital_amplitude_squared_per_hz,1.8377217672332642e-11,947.4609375,4.5623708444964986e-12,1399.658203125,9.272090818276934e-12,2347.119140625
2025.06.18_0.3_3,index=10.322114,1,1.0,1,322114.2428,322114.2428_src-index=10.322114_chunk-0001.npy,376320.1201,0.8559580676005423,welch_hann_2048_overlap_1024_fs_44100,digital_amplitude_squared_per_hz,1.8644443571730847e-11,947.4609375,6.601000116185462e-12,1356.591796875,6.038798191108565e-11,2282.51953125
2025.06.18_0.3_3,index=10.322114,2,2.0,1,322114.2428,322114.2428_src-index=10.322114_chunk-0002.npy,376320.1201,0.8559580676005423,welch_hann_2048_overlap_1024_fs_44100,digital_amplitude_squared_per_hz,3.1854711690276163e-09,861.328125,9.211546559400107e-09,1356.591796875,3.3091559313358725e-08,2196.38671875
2025.06.18_0.3_3,index=10.322114,3,3.0,1,322114.2428,322114.2428_src-index=10.322114_chunk-0003.npy,376320.1201,0.8559580676005423,welch_hann_2048_overlap_1024_fs_44100,digital_amplitude_squared_per_hz,3.163958077587854e-11,1076.66015625,5.906756653884243e-11,1356.591796875,6.067262390757906e-10,2282.51953125
2025.06.18_0.3_3,index=10.322114,4,4.0,1,322114.2428,322114.2428_src-index=10.322114_chunk-0004.npy,376320.1201,0.8559580676005423,welch_hann_2048_overlap_1024_fs_44100,digital_amplitude_squared_per_hz,7.358242175682106e-11,861.328125,1.1652629989027123e-10,1378.125,1.2861373275535283e-09,2304.052734375
2025.06.18_0.3_3,index=10.322114,5,5.0,1,322114.2428,322114.2428_src-index=10.322114_chunk-0005.npy,376320.1201,0.8559580676005423,welch_hann_2048_overlap_1024_fs_44100,digital_amplitude_squared_per_hz,3.9757947151027493e-11,1098.193359375,2.6844141354959574e-11,1356.591796875,2.3433851211887377e-10,2282.51953125
2025.06.18_0.3_3,index=10.322114,6,6.0,1,322114.2428,322114.2428_src-index=10.322114_chunk-0006.npy,376320.1201,0.8559580676005423,welch_hann_2048_overlap_1024_fs_44100,digital_amplitude_squared_per_hz,4.499314024329171e-11,861.328125,8.635020222345076e-11,1356.591796875,9.368337784905183e-10,2304.052734375
2025.06.18_0.3_3,index=10.322114,7,7.0,1,322114.2428,322114.2428_src-index=10.322114_chunk-0007.npy,376320.1201,0.8559580676005423,welch_hann_2048_overlap_1024_fs_44100,digital_amplitude_squared_per_hz,2.8059269478580322e-11,1055.126953125,6.180886608864956e-11,1356.591796875,1.4160247869697242e-09,2304.052734375
2025.06.18_0.3_3,index=10.322114,8,8.0,1,322114.2428,322114.2428_src-index=10.322114_chunk-0008.npy,376320.1201,0.8559580676005423,welch_hann_2048_overlap_1024_fs_44100,digital_amplitude_squared_per_hz,1.9534979463781465e-11,1055.126953125,1.7623051581717393e-11,1335.05859375,3.350410447144366e-10,2282.51953125
2025.06.18_0.3_3,index=10.322114,9,9.0,1,322114.2428,322114.2428_src-index=10.322114_chunk-0009.npy,376320.1201,0.8559580676005423,welch_hann_2048_overlap_1024_fs_44100,digital_amplitude_squared_per_hz,1.7078384379654083e-11,947.4609375,4.0405014930795106e-12,1399.658203125,9.457358172468462e-12,2347.119140625
2025.06.18_0.3_3,index=10.322114,10,10.0,1,322114.2428,322114.2428_src-index=10.322114_chunk-0010.npy,376320.1201,0.8559580676005423,welch_hann_2048_overlap_1024_fs_44100,digital_amplitude_squared_per_hz,3.787593791425495e-11,861.328125,5.090475331908766e-11,1378.125,5.525996559594765e-10,2304.052734375
2025.06.18_0.3_3,index=10.322114,11,11.0,1,322114.2428,322114.2428_src-index=10.322114_chunk-0011.npy,376320.1201,0.8559580676005423,welch_hann_2048_overlap_1024_fs_44100,digital_amplitude_squared_per_hz,1.9201255500458805e-08,1033.59375,2.8431513040018164e-08,1335.05859375,4.61731832605301e-08,2131.787109375
2025.06.18_0.3_3,index=10.322114,12,12.0,1,322114.2428,322114.2428_src-index=10.322114_chunk-0012.npy,376320.1201,0.8559580676005423,welch_hann_2048_overlap_1024_fs_44100,digital_amplitude_squared_per_hz,1.602512556540751e-09,861.328125,2.7440512971486955e-09,1356.591796875,8.693329843010185e-09,2282.51953125
2025.06.18_0.3_3,index=10.322114,13,13.0,1,322114.2428,322114.2428_src-index=10.322114_chunk-0013.npy,376320.1201,0.8559580676005423,welch_hann_2048_overlap_1024_fs_44100,digital_amplitude_squared_per_hz,5.871737874096777e-10,1055.126953125,1.1392325630872697e-09,1378.125,4.798558978353546e-09,2282.51953125
2025.06.18_0.3_3,index=10.322114,14,14.0,1,322114.2428,322114.2428_src-index=10.322114_chunk-0014.npy,376320.1201,0.8559580676005423,welch_hann_2048_overlap_1024_fs_44100,digital_amplitude_squared_per_hz,2.028551079182335e-11,861.328125,6.050862503923209e-12,1399.658203125,1.483642579393151e-11,2347.119140625
2025.06.18_0.3_3,index=10.322114,15,15.0,1,322114.2428,322114.2428_src-index=10.322114_chunk-0015.npy,376320.1201,0.8559580676005423,welch_hann_2048_overlap_1024_fs_44100,digital_amplitude_squared_per_hz,1.819884551158834e-11,947.4609375,1.4294494650625757e-11,1356.591796875,1.1734596357593517e-10,2304.052734375
2025.06.18_0.3_3,index=10.322114,16,16.0,1,322114.2428,322114.2428_src-index=10.322114_chunk-0016.npy,376320.1201,0.8559580676005423,welch_hann_2048_overlap_1024_fs_44100,digital_amplitude_squared_per_hz,1.7666680062051e-11,947.4609375,5.7464739126021924e-12,1399.658203125,3.3303464641388176e-11,2304.052734375
2025.06.18_0.3_3,index=10.322114,17,17.0,1,322114.2428,322114.2428_src-index=10.322114_chunk-0017.npy,376320.1201,0.8559580676005423,welch_hann_2048_overlap_1024_fs_44100,digital_amplitude_squared_per_hz,1.721005757181541e-11,947.4609375,4.4085653401167845e-12,1399.658203125,1.0039572314908968e-11,2347.119140625
2025.06.18_0.3_3,index=10.322114,18,18.0,1,322114.2428,322114.2428_src-index=10.322114_chunk-0018.npy,376320.1201,0.8559580676005423,welch_hann_2048_overlap_1024_fs_44100,digital_amplitude_squared_per_hz,5.037055699397278e-10,1076.66015625,9.310578259392066e-10,1356.591796875,5.396404588924685e-09,2304.052734375
2025.06.18_0.3_3,index=10.322114,19,19.0,1,322114.2428,322114.2428_src-index=10.322114_chunk-0019.npy,376320.1201,0.8559580676005423,welch_hann_2048_overlap_1024_fs_44100,digital_amplitude_squared_per_hz,2.0543438230445783e-10,1076.66015625,2.1160792211411544e-10,1378.125,2.3783651092271414e-09,2304.052734375
2025.06.18_0.3_3,index=10.322114,20,20.0,1,322114.2428,322114.2428_src-index=10.322114_chunk-0020.npy,376320.1201,0.8559580676005423,welch_hann_2048_overlap_1024_fs_44100,digital_amplitude_squared_per_hz,2.2964468951086603e-09,1076.66015625,3.6770287617072986e-09,1335.05859375,9.241016176491911e-09,2304.052734375
2025.06.18_0.3_3,index=10.322114,21,21.0,1,322114.2428,322114.2428_src-index=10.322114_chunk-0021.npy,376320.1201,0.8559580676005423,welch_hann_2048_overlap_1024_fs_44100,digital_amplitude_squared_per_hz,5.686049977413094e-11,861.328125,6.858797407429319e-11,1356.591796875,4.6402617642499973e-10,2304.052734375
2025.06.18_0.3_3,index=10.322114,22,22.0,1,322114.2428,322114.2428_src-index=10.322114_chunk-0022.npy,376320.1201,0.8559580676005423,welch_hann_2048_overlap_1024_fs_44100,digital_amplitude_squared_per_hz,5.501140159102657e-10,1076.66015625,8.843982074034338e-10,1356.591796875,5.052960736756039e-09,2304.052734375
2025.06.18_0.3_3,index=10.322114,23,23.0,1,322114.2428,322114.2428_src-index=10.322114_chunk-0023.npy,376320.1201,0.8559580676005423,welch_hann_2048_overlap_1024_fs_44100,digital_amplitude_squared_per_hz,2.235657118552404e-10,1076.66015625,4.605907611873941e-10,1356.591796875,2.9014235038065946e-09,2304.052734375
2025.06.18_0.3_3,index=10.322114,24,24.0,1,322114.2428,322114.2428_src-index=10.322114_chunk-0024.npy,376320.1201,0.8559580676005423,welch_hann_2048_overlap_1024_fs_44100,digital_amplitude_squared_per_hz,5.689995296154576e-09,1076.66015625,3.242836869626532e-08,1356.591796875,2.2377186209874024e-08,2239.453125
2025.06.18_0.3_3,index=10.322114,25,25.0,1,322114.2428,322114.2428_src-index=10.322114_chunk-0025.npy,376320.1201,0.8559580676005423,welch_hann_2048_overlap_1024_fs_44100,digital_amplitude_squared_per_hz,4.4807859970629483e-10,1055.126953125,9.155028484179218e-10,1356.591796875,3.6253422424987835e-09,2304.052734375
2025.06.18_0.3_3,index=10.322114,26,26.0,1,322114.2428,322114.2428_src-index=10.322114_chunk-0026.npy,376320.1201,0.8559580676005423,welch_hann_2048_overlap_1024_fs_44100,digital_amplitude_squared_per_hz,1.8138459517279536e-11,947.4609375,4.789614447706637e-12,1356.591796875,8.453977145846153e-12,2454.78515625
2025.06.18_0.3_3,index=10.322114,27,27.0,1,322114.2428,322114.2428_src-index=10.322114_chunk-0027.npy,376320.1201,0.8559580676005423,welch_hann_2048_overlap_1024_fs_44100,digital_amplitude_squared_per_hz,1.6930394246930274e-11,947.4609375,4.651391282199333e-12,1356.591796875,1.2940570304167978e-11,2304.052734375
2025.06.18_0.3_3,index=10.322114,28,28.0,1,322114.2428,322114.2428_src-index=10.322114_chunk-0028.npy,376320.1201,0.8559580676005423,welch_hann_2048_overlap_1024_fs_44100,digital_amplitude_squared_per_hz,1.7901163966168805e-11,947.4609375,7.965283680083346e-12,1399.658203125,1.3572197306803123e-11,2304.052734375
2025.06.18_0.3_3,index=10.322114,29,29.0,1,322114.2428,322114.2428_src-index=10.322114_chunk-0029.npy,376320.1201,0.8559580676005423,welch_hann_2048_overlap_1024_fs_44100,digital_amplitude_squared_per_hz,1.7127001417112872e-11,947.4609375,3.8593051847472836e-12,1356.591796875,8.364604233781169e-12,2454.78515625
2025.06.18_0.3_3,index=10.322114,30,30.0,1,322114.2428,322114.2428_src-index=10.322114_chunk-0030.npy,376320.1201,0.8559580676005423,welch_hann_2048_overlap_1024_fs_44100,digital_amplitude_squared_per_hz,1.284658775708013e-10,861.328125,2.568317043905123e-10,1356.591796875,1.929711034506445e-09,2304.052734375
2025.06.18_0.3_3,index=10.322114,31,31.0,1,322114.2428,322114.2428_src-index=10.322114_chunk-0031.npy,376320.1201,0.8559580676005423,welch_hann_2048_overlap_1024_fs_44100,digital_amplitude_squared_per_hz,1.829364946975001e-11,947.4609375,5.186926702952517e-12,1399.658203125,1.8456431251538265e-11,2304.052734375
2025.06.18_0.3_3,index=10.322114,32,32.0,1,322114.2428,322114.2428_src-index=10.322114_chunk-0032.npy,376320.1201,0.8559580676005423,welch_hann_2048_overlap_1024_fs_44100,digital_amplitude_squared_per_hz,1.4798202044072836e-10,1076.66015625,2.3687759712526724e-10,1356.591796875,1.1493705761554831e-09,2304.052734375
2025.06.18_0.3_3,index=10.322114,33,33.0,1,322114.2428,322114.2428_src-index=10.322114_chunk-0033.npy,376320.1201,0.8559580676005423,welch_hann_2048_overlap_1024_fs_44100,digital_amplitude_squared_per_hz,5.455325906829422e-11,1076.66015625,1.3862414884395819e-10,1356.591796875,8.010306996470049e-10,2304.052734375
2025.06.18_0.3_3,index=10.322114,34,34.0,1,322114.2428,322114.2428_src-index=10.322114_chunk-0034.npy,376320.1201,0.8559580676005423,welch_hann_2048_overlap_1024_fs_44100,digital_amplitude_squared_per_hz,1.7564259870724242e-11,947.4609375,5.7261632841144966e-12,1356.591796875,4.775533030638911e-11,2282.51953125
2025.06.18_0.3_3,index=10.322114,35,35.0,1,322114.2428,322114.2428_src-index=10.322114_chunk-0035.npy,376320.1201,0.8559580676005423,welch_hann_2048_overlap_1024_fs_44100,digital_amplitude_squared_per_hz,1.6509549718124414e-11,947.4609375,5.6269695638515444e-12,1399.658203125,9.149362638957733e-12,2304.052734375
2025.06.18_0.3_3,index=10.322114,36,36.0,1,322114.2428,322114.2428_src-index=10.322114_chunk-0036.npy,376320.1201,0.8559580676005423,welch_hann_2048_overlap_1024_fs_44100,digital_amplitude_squared_per_hz,1.1873669426389663e-10,861.328125,1.6365056226381783e-10,1356.591796875,9.73136903068207e-10,2304.052734375
2025.06.18_0.3_3,index=10.322114,37,37.0,1,322114.2428,322114.2428_src-index=10.322114_chunk-0037.npy,376320.1201,0.8559580676005423,welch_hann_2048_overlap_1024_fs_44100,digital_amplitude_squared_per_hz,1.712893272937103e-11,947.4609375,5.230702441098712e-12,1356.591796875,8.615517638293925e-12,2347.119140625
2025.06.18_0.3_3,index=10.322114,38,38.0,1,322114.2428,322114.2428_src-index=10.322114_chunk-0038.npy,376320.1201,0.8559580676005423,welch_hann_2048_overlap_1024_fs_44100,digital_amplitude_squared_per_hz,1.830426271158381e-11,947.4609375,4.887422098223004e-12,1356.591796875,8.801954591606877e-12,2347.119140625
2025.06.18_0.3_3,index=10.322114,39,39.0,1,322114.2428,322114.2428_src-index=10.322114_chunk-0039.npy,376320.1201,0.8559580676005423,welch_hann_2048_overlap_1024_fs_44100,digital_amplitude_squared_per_hz,1.7621874771906364e-11,861.328125,3.584868067008923e-12,1399.658203125,8.324360316949834e-12,2454.78515625
2025.06.18_0.3_3,index=10.322114,40,40.0,1,322114.2428,322114.2428_src-index=10.322114_chunk-0040.npy,376320.1201,0.8559580676005423,welch_hann_2048_overlap_1024_fs_44100,digital_amplitude_squared_per_hz,1.6607097855441554e-11,947.4609375,4.77771993476134e-12,1356.591796875,8.874789841367808e-12,2454.78515625
2025.06.18_0.3_3,index=10.322114,41,41.0,1,322114.2428,322114.2428_src-index=10.322114_chunk-0041.npy,376320.1201,0.8559580676005423,welch_hann_2048_overlap_1024_fs_44100,digital_amplitude_squared_per_hz,1.64628416376829e-11,947.4609375,3.4121953550943167e-12,1356.591796875,8.468247162896929e-12,2454.78515625
2025.06.18_0.3_3,index=10.322114,42,42.0,1,322114.2428,322114.2428_src-index=10.322114_chunk-0042.npy,376320.1201,0.8559580676005423,welch_hann_2048_overlap_1024_fs_44100,digital_amplitude_squared_per_hz,1.7376488470186215e-11,947.4609375,3.8772041267867275e-12,1356.591796875,9.049299060890705e-12,2454.78515625
2025.06.18_0.3_3,index=10.322114,43,43.0,1,322114.2428,322114.2428_src-index=10.322114_chunk-0043.npy,376320.1201,0.8559580676005423,welch_hann_2048_overlap_1024_fs_44100,digital_amplitude_squared_per_hz,2.6910193313323106e-11,861.328125,6.2736552997421215e-12,1356.591796875,3.843227449050069e-11,2304.052734375
2025.06.18_0.3_3,index=10.322114,44,44.0,1,322114.2428,322114.2428_src-index=10.322114_chunk-0044.npy,376320.1201,0.8559580676005423,welch_hann_2048_overlap_1024_fs_44100,digital_amplitude_squared_per_hz,1.695621469347995e-11,947.4609375,4.264186283712124e-12,1356.591796875,7.965251400503556e-12,2347.119140625
2025.06.18_0.3_3,index=10.322114,45,45.0,1,322114.2428,322114.2428_src-index=10.322114_chunk-0045.npy,376320.1201,0.8559580676005423,welch_hann_2048_overlap_1024_fs_44100,digital_amplitude_squared_per_hz,1.6081309467154277e-11,947.4609375,3.895916531035327e-12,1399.658203125,1.0607343361754483e-11,2347.119140625
2025.06.18_0.3_3,index=10.322114,46,46.0,1,322114.2428,322114.2428_src-index=10.322114_chunk-0046.npy,376320.1201,0.8559580676005423,welch_hann_2048_overlap_1024_fs_44100,digital_amplitude_squared_per_hz,1.881689047079504e-11,947.4609375,6.99015949669953e-12,1356.591796875,4.1424361284320014e-11,2304.052734375
2025.06.18_0.3_3,index=10.322114,47,47.0,1,322114.2428,322114.2428_src-index=10.322114_chunk-0047.npy,376320.1201,0.8559580676005423,welch_hann_2048_overlap_1024_fs_44100,digital_amplitude_squared_per_hz,1.6507798030056928e-11,947.4609375,3.960140714995753e-12,1399.658203125,9.853105321995212e-12,2304.052734375
2025.06.18_0.3_3,index=10.322114,48,48.0,1,322114.2428,322114.2428_src-index=10.322114_chunk-0048.npy,376320.1201,0.8559580676005423,welch_hann_2048_overlap_1024_fs_44100,digital_amplitude_squared_per_hz,1.7953541674969404e-11,947.4609375,4.551651275895092e-12,1356.591796875,1.1855977169095231e-11,2304.052734375
2025.06.18_0.3_3,index=10.322114,49,49.0,1,322114.2428,322114.2428_src-index=10.322114_chunk-0049.npy,376320.1201,0.8559580676005423,welch_hann_2048_overlap_1024_fs_44100,digital_amplitude_squared_per_hz,1.8336209639529906e-11,947.4609375,5.0255850200268926e-12,1356.591796875,1.2563019505585803e-11,2347.119140625
2025.06.18_0.3_3,index=10.322114,50,50.0,1,322114.2428,322114.2428_src-index=10.322114_chunk-0050.npy,376320.1201,0.8559580676005423,welch_hann_2048_overlap_1024_fs_44100,digital_amplitude_squared_per_hz,1.7011495932831877e-11,947.4609375,4.013846356165378e-12,1356.591796875,8.474698647248893e-12,2454.78515625
2025.06.18_0.3_3,index=10.322114,51,51.0,1,322114.2428,322114.2428_src-index=10.322114_chunk-0051.npy,376320.1201,0.8559580676005423,welch_hann_2048_overlap_1024_fs_44100,digital_amplitude_squared_per_hz,1.8069647808206054e-11,947.4609375,3.3254326191430812e-12,1442.724609375,1.0192464211207627e-11,2454.78515625
2025.06.18_0.3_3,index=10.322114,52,52.0,1,322114.2428,322114.2428_src-index=10.322114_chunk-0052.npy,376320.1201,0.8559580676005423,welch_hann_2048_overlap_1024_fs_44100,digital_amplitude_squared_per_hz,1.8443676562155594e-11,947.4609375,4.1412249980658765e-12,1356.591796875,8.802408488257136e-12,2347.119140625
2025.06.18_0.3_3,index=10.322114,53,53.0,1,322114.2428,322114.2428_src-index=10.322114_chunk-0053.npy,376320.1201,0.8559580676005423,welch_hann_2048_overlap_1024_fs_44100,digital_amplitude_squared_per_hz,1.794022436863071e-11,947.4609375,4.0405070179409966e-12,1356.591796875,8.06016706739487e-12,2347.119140625
2025.06.18_0.3_3,index=10.322114,54,54.0,1,322114.2428,322114.2428_src-index=10.322114_chunk-0054.npy,376320.1201,0.8559580676005423,welch_hann_2048_overlap_1024_fs_44100,digital_amplitude_squared_per_hz,1.714982371148195e-11,947.4609375,3.65996803274578e-12,1356.591796875,8.291395181363245e-12,2454.78515625
2025.06.18_0.3_3,index=10.322114,55,55.0,1,322114.2428,322114.2428_src-index=10.322114_chunk-0055.npy,376320.1201,0.8559580676005423,welch_hann_2048_overlap_1024_fs_44100,digital_amplitude_squared_per_hz,1.7813983532081156e-11,947.4609375,3.7585030309207556e-12,1356.591796875,8.489024201222201e-12,2454.78515625
2025.06.18_0.3_3,index=10.322114,56,56.0,1,322114.2428,322114.2428_src-index=10.322114_chunk-0056.npy,376320.1201,0.8559580676005423,welch_hann_2048_overlap_1024_fs_44100,digital_amplitude_squared_per_hz,1.756217675724749e-11,947.4609375,4.09902257987457e-12,1356.591796875,9.188076601358832e-12,2454.78515625
2025.06.18_0.3_3,index=10.322114,57,57.0,1,322114.2428,322114.2428_src-index=10.322114_chunk-0057.npy,376320.1201,0.8559580676005423,welch_hann_2048_overlap_1024_fs_44100,digital_amplitude_squared_per_hz,1.8415284009920595e-11,861.328125,6.282021328148669e-12,1356.591796875,7.623699340817047e-11,2304.052734375
2025.06.18_0.3_3,index=10.322114,58,58.0,1,322114.2428,322114.2428_src-index=10.322114_chunk-0058.npy,376320.1201,0.8559580676005423,welch_hann_2048_overlap_1024_fs_44100,digital_amplitude_squared_per_hz,1.82024919421778e-11,947.4609375,4.3184015524153374e-12,1356.591796875,8.271909076937807e-12,2347.119140625
2025.06.18_0.3_3,index=10.322114,59,59.0,1,322114.2428,322114.2428_src-index=10.322114_chunk-0059.npy,376320.1201,0.8559580676005423,welch_hann_2048_overlap_1024_fs_44100,digital_amplitude_squared_per_hz,1.6817465186988494e-11,947.4609375,5.9172950041334835e-12,1356.591796875,3.1080985116016996e-11,2282.51953125
2025.06.18_0.3_3,index=11.376320,0,0.0,1,376320.1201,376320.1201_src-index=11.376320_chunk-0000.npy,376320.1201,1.0,welch_hann_2048_overlap_1024_fs_44100,digital_amplitude_squared_per_hz,6.713480210186664e-10,1076.66015625,1.5922895905369235e-09,1356.591796875,7.239967320246881e-09,2282.51953125
2025.06.18_0.3_3,index=11.376320,1,1.0,1,376320.1201,376320.1201_src-index=11.376320_chunk-0001.npy,376320.1201,1.0,welch_hann_2048_overlap_1024_fs_44100,digital_amplitude_squared_per_hz,1.5136657337219916e-09,1076.66015625,2.7547965633638694e-09,1335.05859375,1.4761311006987567e-08,2304.052734375
2025.06.18_0.3_3,index=11.376320,2,2.0,1,376320.1201,376320.1201_src-index=11.376320_chunk-0002.npy,376320.1201,1.0,welch_hann_2048_overlap_1024_fs_44100,digital_amplitude_squared_per_hz,2.948178740654432e-10,861.328125,5.359504390234679e-10,1356.591796875,3.1744936193076075e-09,2282.51953125
2025.06.18_0.3_3,index=11.376320,3,3.0,1,376320.1201,376320.1201_src-index=11.376320_chunk-0003.npy,376320.1201,1.0,welch_hann_2048_overlap_1024_fs_44100,digital_amplitude_squared_per_hz,9.35284694231729e-11,1055.126953125,2.4191133241103113e-10,1356.591796875,1.5279499425106278e-09,2260.986328125
2025.06.18_0.3_3,index=11.376320,4,4.0,1,376320.1201,376320.1201_src-index=11.376320_chunk-0004.npy,376320.1201,1.0,welch_hann_2048_overlap_1024_fs_44100,digital_amplitude_squared_per_hz,6.327280930107564e-10,1055.126953125,1.3090952177323188e-09,1356.591796875,7.459701652003645e-09,2282.51953125
2025.06.18_0.3_3,index=11.376320,5,5.0,1,376320.1201,376320.1201_src-index=11.376320_chunk-0005.npy,376320.1201,1.0,welch_hann_2048_overlap_1024_fs_44100,digital_amplitude_squared_per_hz,4.290938781396795e-10,1055.126953125,1.073065176173149e-09,1356.591796875,1.1923975892915973e-08,2304.052734375
2025.06.18_0.3_3,index=11.376320,6,6.0,1,376320.1201,376320.1201_src-index=11.376320_chunk-0006.npy,376320.1201,1.0,welch_hann_2048_overlap_1024_fs_44100,digital_amplitude_squared_per_hz,3.643342547060781e-10,1055.126953125,4.0532144063466224e-10,1356.591796875,3.21008697178269e-09,2304.052734375
2025.06.18_0.3_3,index=11.376320,7,7.0,1,376320.1201,376320.1201_src-index=11.376320_chunk-0007.npy,376320.1201,1.0,welch_hann_2048_overlap_1024_fs_44100,digital_amplitude_squared_per_hz,1.7653559225665934e-09,1076.66015625,3.662538555355273e-09,1356.591796875,1.726789652857152e-08,2282.51953125
2025.06.18_0.3_3,index=11.376320,8,8.0,1,376320.1201,376320.1201_src-index=11.376320_chunk-0008.npy,376320.1201,1.0,welch_hann_2048_overlap_1024_fs_44100,digital_amplitude_squared_per_hz,3.5395151553776144e-09,861.328125,6.7177994992516794e-09,1335.05859375,2.567550772804606e-08,2304.052734375
2025.06.18_0.3_3,index=11.376320,9,9.0,1,376320.1201,376320.1201_src-index=11.376320_chunk-0009.npy,376320.1201,1.0,welch_hann_2048_overlap_1024_fs_44100,digital_amplitude_squared_per_hz,3.328042425442138e-09,1076.66015625,7.076508691266802e-09,1356.591796875,2.4503498934926384e-08,2304.052734375
2025.06.18_0.3_3,index=11.376320,10,10.0,1,376320.1201,376320.1201_src-index=11.376320_chunk-0010.npy,376320.1201,1.0,welch_hann_2048_overlap_1024_fs_44100,digital_amplitude_squared_per_hz,3.13888533854066e-09,1076.66015625,4.873868247102942e-09,1378.125,2.6296155225995602e-08,2282.51953125
2025.06.18_0.3_3,index=11.376320,11,11.0,1,376320.1201,376320.1201_src-index=11.376320_chunk-0011.npy,376320.1201,1.0,welch_hann_2048_overlap_1024_fs_44100,digital_amplitude_squared_per_hz,1.6168161653840626e-09,861.328125,3.1329367851492827e-09,1335.05859375,1.613930285058004e-08,2239.453125
2025.06.18_0.3_3,index=11.376320,12,12.0,1,376320.1201,376320.1201_src-index=11.376320_chunk-0012.npy,376320.1201,1.0,welch_hann_2048_overlap_1024_fs_44100,digital_amplitude_squared_per_hz,6.648480396174159e-10,1076.66015625,1.600768581885388e-09,1356.591796875,1.4131829827882099e-08,2282.51953125
2025.06.18_0.3_3,index=11.376320,13,13.0,1,376320.1201,376320.1201_src-index=11.376320_chunk-0013.npy,376320.1201,1.0,welch_hann_2048_overlap_1024_fs_44100,digital_amplitude_squared_per_hz,4.6062786232187155e-10,1055.126953125,9.662086738416883e-10,1356.591796875,5.306955691693883e-09,2304.052734375
2025.06.18_0.3_3,index=11.376320,14,14.0,1,376320.1201,376320.1201_src-index=11.376320_chunk-0014.npy,376320.1201,1.0,welch_hann_2048_overlap_1024_fs_44100,digital_amplitude_squared_per_hz,1.1966141442044508e-09,1076.66015625,2.9015044023233743e-09,1356.591796875,1.7103871818585012e-08,2282.51953125
2025.06.18_0.3_3,index=11.376320,15,15.0,1,376320.1201,376320.1201_src-index=11.376320_chunk-0015.npy,376320.1201,1.0,welch_hann_2048_overlap_1024_fs_44100,digital_amplitude_squared_per_hz,8.158062086480164e-11,861.328125,1.6261812696513624e-10,1335.05859375,1.3155082439414628e-09,2282.51953125
2025.06.18_0.3_3,index=11.376320,16,16.0,1,376320.1201,376320.1201_src-index=11.376320_chunk-0016.npy,376320.1201,1.0,welch_hann_2048_overlap_1024_fs_44100,digital_amplitude_squared_per_hz,6.569578181544874e-09,1184.326171875,9.455312779511462e-09,1335.05859375,5.765121290678363e-08,2282.51953125
2025.06.18_0.3_3,index=11.376320,17,17.0,1,376320.1201,376320.1201_src-index=11.376320_chunk-0017.npy,376320.1201,1.0,welch_hann_2048_overlap_1024_fs_44100,digital_amplitude_squared_per_hz,2.222820762297674e-09,1076.66015625,4.000424372778829e-09,1356.591796875,1.588546773253612e-08,2304.052734375
2025.06.18_0.3_3,index=11.376320,18,18.0,1,376320.1201,376320.1201_src-index=11.376320_chunk-0018.npy,376320.1201,1.0,welch_hann_2048_overlap_1024_fs_44100,digital_amplitude_squared_per_hz,6.42922152018983e-10,1055.126953125,1.7680796039023948e-09,1378.125,7.52119477109576e-09,2282.51953125
2025.06.18_0.3_3,index=11.376320,19,19.0,1,376320.1201,376320.1201_src-index=11.376320_chunk-0019.npy,376320.1201,1.0,welch_hann_2048_overlap_1024_fs_44100,digital_amplitude_squared_per_hz,3.712875050571325e-09,1076.66015625,5.7972158713013e-09,1356.591796875,2.4678760523972674e-08,2282.51953125
2025.06.18_0.3_3,index=11.376320,20,20.0,1,376320.1201,376320.1201_src-index=11.376320_chunk-0020.npy,376320.1201,1.0,welch_hann_2048_overlap_1024_fs_44100,digital_amplitude_squared_per_hz,1.1364480984660613e-09,1076.66015625,2.5504292157400526e-09,1356.591796875,1.210855512291644e-08,2304.052734375
2025.06.18_0.3_3,index=11.376320,21,21.0,1,376320.1201,376320.1201_src-index=11.376320_chunk-0021.npy,376320.1201,1.0,welch_hann_2048_overlap_1024_fs_44100,digital_amplitude_squared_per_hz,8.593442675472504e-11,861.328125,2.147409111562785e-10,1356.591796875,3.753718885636994e-09,2304.052734375
2025.06.18_0.3_3,index=11.376320,22,22.0,1,376320.1201,376320.1201_src-index=11.376320_chunk-0022.npy,376320.1201,1.0,welch_hann_2048_overlap_1024_fs_44100,digital_amplitude_squared_per_hz,4.944046716679304e-11,1055.126953125,1.1734048140087312e-10,1356.591796875,1.663052203034467e-09,2304.052734375
2025.06.18_0.3_3,index=11.376320,23,23.0,1,376320.1201,376320.1201_src-index=11.376320_chunk-0023.npy,376320.1201,1.0,welch_hann_2048_overlap_1024_fs_44100,digital_amplitude_squared_per_hz,8.993596937174203e-10,861.328125,1.8047376783080227e-09,1356.591796875,9.584592454581036e-09,2304.052734375
2025.06.18_0.3_3,index=11.376320,24,24.0,1,376320.1201,376320.1201_src-index=11.376320_chunk-0024.npy,376320.1201,1.0,welch_hann_2048_overlap_1024_fs_44100,digital_amplitude_squared_per_hz,1.2867429452336352e-10,1076.66015625,4.0341131540053395e-10,1356.591796875,2.974723305034662e-09,2260.986328125
2025.06.18_0.3_3,index=11.376320,25,25.0,1,376320.1201,376320.1201_src-index=11.376320_chunk-0025.npy,376320.1201,1.0,welch_hann_2048_overlap_1024_fs_44100,digital_amplitude_squared_per_hz,1.7557119100165862e-09,1076.66015625,3.96607714526416e-09,1356.591796875,1.500215951287524e-08,2304.052734375
2025.06.18_0.3_3,index=11.376320,26,26.0,1,376320.1201,376320.1201_src-index=11.376320_chunk-0026.npy,376320.1201,1.0,welch_hann_2048_overlap_1024_fs_44100,digital_amplitude_squared_per_hz,6.607190439149019e-10,1055.126953125,1.7249278943350198e-09,1356.591796875,1.0016315681006012e-08,2304.052734375
2025.06.18_0.3_3,index=11.376320,27,27.0,1,376320.1201,376320.1201_src-index=11.376320_chunk-0027.npy,376320.1201,1.0,welch_hann_2048_overlap_1024_fs_44100,digital_amplitude_squared_per_hz,1.199534726894249e-09,1076.66015625,2.4531575847522873e-09,1356.591796875,9.826536574553385e-09,2304.052734375
2025.06.18_0.3_3,index=11.376320,28,28.0,1,376320.1201,376320.1201_src-index=11.376320_chunk-0028.npy,376320.1201,1.0,welch_hann_2048_overlap_1024_fs_44100,digital_amplitude_squared_per_hz,6.76616655821832e-10,1055.126953125,1.4984992924192277e-09,1356.591796875,5.316885041312069e-09,2304.052734375
2025.06.18_0.3_3,index=11.376320,29,29.0,1,376320.1201,376320.1201_src-index=11.376320_chunk-0029.npy,376320.1201,1.0,welch_hann_2048_overlap_1024_fs_44100,digital_amplitude_squared_per_hz,6.395290899960901e-10,1055.126953125,1.8110223777139514e-09,1356.591796875,7.726628040154542e-09,2260.986328125
2025.06.18_0.3_3,index=11.376320,30,30.0,1,376320.1201,376320.1201_src-index=11.376320_chunk-0030.npy,376320.1201,1.0,welch_hann_2048_overlap_1024_fs_44100,digital_amplitude_squared_per_hz,5.96903120342916e-11,861.328125,1.1147309216201945e-10,1356.591796875,7.12385552615471e-10,2304.052734375
2025.06.18_0.3_3,index=11.376320,31,31.0,1,376320.1201,376320.1201_src-index=11.376320_chunk-0031.npy,376320.1201,1.0,welch_hann_2048_overlap_1024_fs_44100,digital_amplitude_squared_per_hz,2.5650932143935193e-11,861.328125,1.5316302676099986e-11,1335.05859375,8.912832489593828e-11,2304.052734375
2025.06.18_0.3_3,index=11.376320,32,32.0,1,376320.1201,376320.1201_src-index=11.376320_chunk-0032.npy,376320.1201,1.0,welch_hann_2048_overlap_1024_fs_44100,digital_amplitude_squared_per_hz,2.9821692676653536e-11,861.328125,7.72901032929013e-12,1356.591796875,2.7739027939511103e-11,2304.052734375
2025.06.18_0.3_3,index=11.376320,33,33.0,1,376320.1201,376320.1201_src-index=11.376320_chunk-0033.npy,376320.1201,1.0,welch_hann_2048_overlap_1024_fs_44100,digital_amplitude_squared_per_hz,3.523254342483734e-11,861.328125,1.3212651240118469e-11,1378.125,1.7270459655498564e-11,2196.38671875
2025.06.18_0.3_3,index=11.376320,34,34.0,1,376320.1201,376320.1201_src-index=11.376320_chunk-0034.npy,376320.1201,1.0,welch_hann_2048_overlap_1024_fs_44100,digital_amplitude_squared_per_hz,6.40779101368724e-09,1076.66015625,9.644213690721747e-09,1335.05859375,2.4047181651140605e-08,2239.453125
2025.06.18_0.3_3,index=11.376320,35,35.0,1,376320.1201,376320.1201_src-index=11.376320_chunk-0035.npy,376320.1201,1.0,welch_hann_2048_overlap_1024_fs_44100,digital_amplitude_squared_per_hz,7.505953882189087e-10,861.328125,1.922509792716232e-09,1356.591796875,1.155470885587736e-08,2304.052734375
2025.06.18_0.3_3,index=11.376320,36,36.0,1,376320.1201,376320.1201_src-index=11.376320_chunk-0036.npy,376320.1201,1.0,welch_hann_2048_overlap_1024_fs_44100,digital_amplitude_squared_per_hz,3.033327955137252e-10,1076.66015625,4.3452522433406447e-10,1378.125,2.662448247840398e-09,2282.51953125
2025.06.18_0.3_3,index=11.376320,37,37.0,1,376320.1201,376320.1201_src-index=11.376320_chunk-0037.npy,376320.1201,1.0,welch_hann_2048_overlap_1024_fs_44100,digital_amplitude_squared_per_hz,4.721328090792767e-11,861.328125,7.800419165223888e-11,1356.591796875,7.761476910470252e-10,2304.052734375
2025.06.18_0.3_3,index=11.376320,38,38.0,1,376320.1201,376320.1201_src-index=11.376320_chunk-0038.npy,376320.1201,1.0,welch_hann_2048_overlap_1024_fs_44100,digital_amplitude_squared_per_hz,4.8109066606995105e-11,1055.126953125,2.2332911419408833e-10,1356.591796875,1.625579931953797e-09,2304.052734375
2025.06.18_0.3_3,index=11.376320,39,39.0,1,376320.1201,376320.1201_src-index=11.376320_chunk-0039.npy,376320.1201,1.0,welch_hann_2048_overlap_1024_fs_44100,digital_amplitude_squared_per_hz,1.1634297200263172e-10,1055.126953125,2.337518532758644e-10,1356.591796875,1.8974706775227978e-09,2282.51953125
2025.06.18_0.3_3,index=11.376320,40,40.0,1,376320.1201,376320.1201_src-index=11.376320_chunk-0040.npy,376320.1201,1.0,welch_hann_2048_overlap_1024_fs_44100,digital_amplitude_squared_per_hz,2.2614134905962433e-11,947.4609375,9.478101222300187e-12,1356.591796875,4.596125467494463e-11,2304.052734375
2025.06.18_0.3_3,index=11.376320,41,41.0,1,376320.1201,376320.1201_src-index=11.376320_chunk-0041.npy,376320.1201,1.0,welch_hann_2048_overlap_1024_fs_44100,digital_amplitude_squared_per_hz,7.555253248800525e-10,1033.59375,1.4817194918048516e-09,1335.05859375,9.107494532742337e-09,2260.986328125
2025.06.18_0.3_3,index=11.376320,42,42.0,1,376320.1201,376320.1201_src-index=11.376320_chunk-0042.npy,376320.1201,1.0,welch_hann_2048_overlap_1024_fs_44100,digital_amplitude_squared_per_hz,1.6798301170909852e-09,1076.66015625,2.4116777356322e-09,1378.125,2.092456146352341e-08,2304.052734375
2025.06.18_0.3_3,index=11.376320,43,43.0,1,376320.1201,376320.1201_src-index=11.376320_chunk-0043.npy,376320.1201,1.0,welch_hann_2048_overlap_1024_fs_44100,digital_amplitude_squared_per_hz,4.742068873080253e-10,1076.66015625,8.351815834917962e-10,1335.05859375,5.7880211327529505e-09,2260.986328125
2025.06.18_0.3_3,index=11.376320,44,44.0,1,376320.1201,376320.1201_src-index=11.376320_chunk-0044.npy,376320.1201,1.0,welch_hann_2048_overlap_1024_fs_44100,digital_amplitude_squared_per_hz,7.99283303315674e-10,1055.126953125,1.3976318573811165e-09,1335.05859375,8.146777934267718e-09,2239.453125
2025.06.18_0.3_3,index=11.376320,45,45.0,1,376320.1201,376320.1201_src-index=11.376320_chunk-0045.npy,376320.1201,1.0,welch_hann_2048_overlap_1024_fs_44100,digital_amplitude_squared_per_hz,1.4348838664216855e-09,861.328125,3.3189718609671824e-09,1356.591796875,2.603782307385338e-08,2282.51953125
2025.06.18_0.3_3,index=11.376320,46,46.0,1,376320.1201,376320.1201_src-index=11.376320_chunk-0046.npy,376320.1201,1.0,welch_hann_2048_overlap_1024_fs_44100,digital_amplitude_squared_per_hz,5.891796591589762e-10,1076.66015625,1.2720927894599509e-09,1356.591796875,4.61342769287162e-09,2282.51953125
2025.06.18_0.3_3,index=11.376320,47,47.0,1,376320.1201,376320.1201_src-index=11.376320_chunk-0047.npy,376320.1201,1.0,welch_hann_2048_overlap_1024_fs_44100,digital_amplitude_squared_per_hz,1.2169874872440294e-09,1033.59375,2.2563872647838333e-09,1335.05859375,1.4049994171955247e-08,2282.51953125
2025.06.18_0.3_3,index=11.376320,48,48.0,1,376320.1201,376320.1201_src-index=11.376320_chunk-0048.npy,376320.1201,1.0,welch_hann_2048_overlap_1024_fs_44100,digital_amplitude_squared_per_hz,8.622477712862804e-10,1055.126953125,1.854119486060676e-09,1356.591796875,1.0106793730798541e-08,2260.986328125
2025.06.18_0.3_3,index=11.376320,49,49.0,1,376320.1201,376320.1201_src-index=11.376320_chunk-0049.npy,376320.1201,1.0,welch_hann_2048_overlap_1024_fs_44100,digital_amplitude_squared_per_hz,3.302605963625641e-10,1076.66015625,1.1775900675671381e-09,1335.05859375,9.683323270188078e-09,2304.052734375
2025.06.18_0.3_3,index=11.376320,50,50.0,1,376320.1201,376320.1201_src-index=11.376320_chunk-0050.npy,376320.1201,1.0,welch_hann_2048_overlap_1024_fs_44100,digital_amplitude_squared_per_hz,5.92883649929348e-10,861.328125,9.351737467865302e-10,1335.05859375,4.277401190294547e-09,2282.51953125
2025.06.18_0.3_3,index=11.376320,51,51.0,1,376320.1201,376320.1201_src-index=11.376320_chunk-0051.npy,376320.1201,1.0,welch_hann_2048_overlap_1024_fs_44100,digital_amplitude_squared_per_hz,7.27826560034912e-10,1098.193359375,1.5796815178492731e-09,1356.591796875,1.0462139187668505e-08,2304.052734375
2025.06.18_0.3_3,index=11.376320,52,52.0,1,376320.1201,376320.1201_src-index=11.376320_chunk-0052.npy,376320.1201,1.0,welch_hann_2048_overlap_1024_fs_44100,digital_amplitude_squared_per_hz,1.655132184509556e-09,1055.126953125,5.2313999156435205e-09,1356.591796875,1.3506742854190735e-08,2217.919921875
2025.06.18_0.3_3,index=11.376320,53,53.0,1,376320.1201,376320.1201_src-index=11.376320_chunk-0053.npy,376320.1201,1.0,welch_hann_2048_overlap_1024_fs_44100,digital_amplitude_squared_per_hz,1.6041555045429805e-09,1055.126953125,3.3168220398747584e-09,1356.591796875,1.1043224534135216e-08,2282.51953125
2025.06.18_0.3_3,index=11.376320,54,54.0,1,376320.1201,376320.1201_src-index=11.376320_chunk-0054.npy,376320.1201,1.0,welch_hann_2048_overlap_1024_fs_44100,digital_amplitude_squared_per_hz,1.0290949624145875e-09,1076.66015625,1.6121353786567673e-09,1335.05859375,6.620167317144363e-09,2304.052734375
2025.06.18_0.3_3,index=11.376320,55,55.0,1,376320.1201,376320.1201_src-index=11.376320_chunk-0055.npy,376320.1201,1.0,welch_hann_2048_overlap_1024_fs_44100,digital_amplitude_squared_per_hz,1.4800039285906352e-09,1076.66015625,4.218685885386762e-09,1356.591796875,2.8898032324742796e-08,2304.052734375
2025.06.18_0.3_3,index=11.376320,56,56.0,1,376320.1201,376320.1201_src-index=11.376320_chunk-0056.npy,376320.1201,1.0,welch_hann_2048_overlap_1024_fs_44100,digital_amplitude_squared_per_hz,6.495278948207834e-09,1055.126953125,1.356810982559566e-08,1356.591796875,3.788430617998367e-08,2282.51953125
2025.06.18_0.3_3,index=11.376320,57,57.0,1,376320.1201,376320.1201_src-index=11.376320_chunk-0057.npy,376320.1201,1.0,welch_hann_2048_overlap_1024_fs_44100,digital_amplitude_squared_per_hz,1.439300037756289e-09,861.328125,3.976928520465218e-09,1356.591796875,1.1082694013121641e-08,2260.986328125
2025.06.18_0.3_3,index=11.376320,58,58.0,1,376320.1201,376320.1201_src-index=11.376320_chunk-0058.npy,376320.1201,1.0,welch_hann_2048_overlap_1024_fs_44100,digital_amplitude_squared_per_hz,7.875054027459537e-10,1033.59375,1.8180325175648696e-09,1335.05859375,1.1171278193888392e-08,2304.052734375
2025.06.18_0.3_3,index=11.376320,59,59.0,1,376320.1201,376320.1201_src-index=11.376320_chunk-0059.npy,376320.1201,1.0,welch_hann_2048_overlap_1024_fs_44100,digital_amplitude_squared_per_hz,1.4415395497483845e-09,1055.126953125,3.5715353130614e-09,1335.05859375,1.3539858324853797e-08,2304.052734375
2025.06.18_0.3_3,index=12.434018,0,0.0,1,434018.0833,434018.0833_src-index=12.434018_chunk-0000.npy,376320.1201,1.153321494435822,welch_hann_2048_overlap_1024_fs_44100,digital_amplitude_squared_per_hz,1.242356479436678e-08,1076.66015625,2.1453092865810572e-08,1335.05859375,1.0478265301498846e-07,2282.51953125
2025.06.18_0.3_3,index=12.434018,1,1.0,1,434018.0833,434018.0833_src-index=12.434018_chunk-0001.npy,376320.1201,1.153321494435822,welch_hann_2048_overlap_1024_fs_44100,digital_amplitude_squared_per_hz,3.2096114552652445e-08,861.328125,6.62726365175033e-08,1356.591796875,1.0272329545979097e-07,2304.052734375
2025.06.18_0.3_3,index=12.434018,2,2.0,1,434018.0833,434018.0833_src-index=12.434018_chunk-0002.npy,376320.1201,1.153321494435822,welch_hann_2048_overlap_1024_fs_44100,digital_amplitude_squared_per_hz,5.593877673912544e-09,1076.66015625,8.012447258646018e-09,1356.591796875,3.004043603567954e-08,2196.38671875
2025.06.18_0.3_3,index=12.434018,3,3.0,1,434018.0833,434018.0833_src-index=12.434018_chunk-0003.npy,376320.1201,1.153321494435822,welch_hann_2048_overlap_1024_fs_44100,digital_amplitude_squared_per_hz,6.677921745755759e-09,1076.66015625,1.4649520095445694e-08,1335.05859375,2.360360302423786e-08,2304.052734375
2025.06.18_0.3_3,index=12.434018,4,4.0,1,434018.0833,434018.0833_src-index=12.434018_chunk-0004.npy,376320.1201,1.153321494435822,welch_hann_2048_overlap_1024_fs_44100,digital_amplitude_squared_per_hz,3.5500155337472385e-08,861.328125,3.951096778971362e-08,1356.591796875,1.49848276281475e-07,2260.986328125
2025.06.18_0.3_3,index=12.434018,5,5.0,1,434018.0833,434018.0833_src-index=12.434018_chunk-0005.npy,376320.1201,1.153321494435822,welch_hann_2048_overlap_1024_fs_44100,digital_amplitude_squared_per_hz,7.592136926315984e-09,861.328125,1.6984561475878024e-08,1335.05859375,5.147606241800914e-08,2304.052734375
2025.06.18_0.3_3,index=12.434018,6,6.0,1,434018.0833,434018.0833_src-index=12.434018_chunk-0006.npy,376320.1201,1.153321494435822,welch_hann_2048_overlap_1024_fs_44100,digital_amplitude_squared_per_hz,1.2191817607440813e-08,1033.59375,2.6283701256322678e-08,1335.05859375,6.738274188878304e-08,2304.052734375
2025.06.18_0.3_3,index=12.434018,7,7.0,1,434018.0833,434018.0833_src-index=12.434018_chunk-0007.npy,376320.1201,1.153321494435822,welch_hann_2048_overlap_1024_fs_44100,digital_amplitude_squared_per_hz,6.44358948021606e-09,1076.66015625,9.186272812633685e-09,1356.591796875,3.2570645791258975e-08,2304.052734375
2025.06.18_0.3_3,index=12.434018,8,8.0,1,434018.0833,434018.0833_src-index=12.434018_chunk-0008.npy,376320.1201,1.153321494435822,welch_hann_2048_overlap_1024_fs_44100,digital_amplitude_squared_per_hz,7.962452295394436e-09,861.328125,1.8135109940501423e-08,1356.591796875,7.063761184870803e-08,2304.052734375
2025.06.18_0.3_3,index=12.434018,9,9.0,1,434018.0833,434018.0833_src-index=12.434018_chunk-0009.npy,376320.1201,1.153321494435822,welch_hann_2048_overlap_1024_fs_44100,digital_amplitude_squared_per_hz,8.854349147738606e-09,1076.66015625,1.5215555826971405e-08,1356.591796875,7.75187830413365e-08,2282.51953125
2025.06.18_0.3_3,index=12.434018,10,10.0,1,434018.0833,434018.0833_src-index=12.434018_chunk-0010.npy,376320.1201,1.153321494435822,welch_hann_2048_overlap_1024_fs_44100,digital_amplitude_squared_per_hz,7.3549120491530246e-09,861.328125,2.109848533582465e-08,1356.591796875,1.0117406174299115e-07,2304.052734375
2025.06.18_0.3_3,index=12.434018,11,11.0,1,434018.0833,434018.0833_src-index=12.434018_chunk-0011.npy,376320.1201,1.153321494435822,welch_hann_2048_overlap_1024_fs_44100,digital_amplitude_squared_per_hz,4.056406880714268e-09,1076.66015625,1.3821364305673859e-08,1335.05859375,3.7728619283047575e-08,2304.052734375
2025.06.18_0.3_3,index=12.434018,12,12.0,1,434018.0833,434018.0833_src-index=12.434018_chunk-0012.npy,376320.1201,1.153321494435822,welch_hann_2048_overlap_1024_fs_44100,digital_amplitude_squared_per_hz,2.0181773929521703e-08,1055.126953125,3.766133080436764e-08,1335.05859375,1.3602965156220198e-07,2304.052734375
2025.06.18_0.3_3,index=12.434018,13,13.0,1,434018.0833,434018.0833_src-index=12.434018_chunk-0013.npy,376320.1201,1.153321494435822,welch_hann_2048_overlap_1024_fs_44100,digital_amplitude_squared_per_hz,6.162312803296066e-08,861.328125,7.664500525253043e-08,1356.591796875,1.840416628792637e-07,2282.51953125
2025.06.18_0.3_3,index=12.434018,14,14.0,1,434018.0833,434018.0833_src-index=12.434018_chunk-0014.npy,376320.1201,1.153321494435822,welch_hann_2048_overlap_1024_fs_44100,digital_amplitude_squared_per_hz,5.4454246617829086e-08,861.328125,3.8547118725746715e-08,1291.9921875,1.7771452068306207e-07,2260.986328125
2025.06.18_0.3_3,index=12.434018,15,15.0,1,434018.0833,434018.0833_src-index=12.434018_chunk-0015.npy,376320.1201,1.153321494435822,welch_hann_2048_overlap_1024_fs_44100,digital_amplitude_squared_per_hz,1.5899761280238568e-08,1055.126953125,2.5658831723678713e-08,1335.05859375,4.7123288691744574e-08,2282.51953125
2025.06.18_0.3_3,index=12.434018,16,16.0,1,434018.0833,434018.0833_src-index=12.434018_chunk-0016.npy,376320.1201,1.153321494435822,welch_hann_2048_overlap_1024_fs_44100,digital_amplitude_squared_per_hz,4.296287639638332e-08,1055.126953125,4.355296047491723e-08,1356.591796875,6.118347789310934e-08,2282.51953125
2025.06.18_0.3_3,index=12.434018,17,17.0,1,434018.0833,434018.0833_src-index=12.434018_chunk-0017.npy,376320.1201,1.153321494435822,welch_hann_2048_overlap_1024_fs_44100,digital_amplitude_squared_per_hz,5.733611098681645e-09,861.328125,9.997984446052089e-09,1356.591796875,4.615386061109604e-08,2282.51953125
2025.06.18_0.3_3,index=12.434018,18,18.0,1,434018.0833,434018.0833_src-index=12.434018_chunk-0018.npy,376320.1201,1.153321494435822,welch_hann_2048_overlap_1024_fs_44100,digital_amplitude_squared_per_hz,1.0397629533611693e-08,1076.66015625,2.3782762669616896e-08,1335.05859375,6.385110327613687e-08,2304.052734375
2025.06.18_0.3_3,index=12.434018,19,19.0,1,434018.0833,434018.0833_src-index=12.434018_chunk-0019.npy,376320.1201,1.153321494435822,welch_hann_2048_overlap_1024_fs_44100,digital_amplitude_squared_per_hz,1.4370296439545117e-08,1076.66015625,2.5489638869264156e-08,1356.591796875,6.0806753688877e-08,2282.51953125
2025.06.18_0.3_3,index=12.434018,20,20.0,1,434018.0833,434018.0833_src-index=12.434018_chunk-0020.npy,376320.1201,1.153321494435822,welch_hann_2048_overlap_1024_fs_44100,digital_amplitude_squared_per_hz,9.386184850798526e-09,861.328125,2.3045809578626982e-08,1335.05859375,8.133432528258498e-08,2304.052734375
2025.06.18_0.3_3,index=12.434018,21,21.0,1,434018.0833,434018.0833_src-index=12.434018_chunk-0021.npy,376320.1201,1.153321494435822,welch_hann_2048_overlap_1024_fs_44100,digital_amplitude_squared_per_hz,5.760849899922223e-09,1055.126953125,1.371545649731744e-08,1335.05859375,6.399906276670032e-08,2282.51953125
2025.06.18_0.3_3,index=12.434018,22,22.0,1,434018.0833,434018.0833_src-index=12.434018_chunk-0022.npy,376320.1201,1.153321494435822,welch_hann_2048_overlap_1024_fs_44100,digital_amplitude_squared_per_hz,2.983101630700713e-09,1055.126953125,7.866395880792712e-09,1356.591796875,3.478267035090028e-08,2282.51953125
2025.06.18_0.3_3,index=12.434018,23,23.0,1,434018.0833,434018.0833_src-index=12.434018_chunk-0023.npy,376320.1201,1.153321494435822,welch_hann_2048_overlap_1024_fs_44100,digital_amplitude_squared_per_hz,7.781366246614444e-09,1033.59375,1.2020161671441941e-08,1356.591796875,9.177773332398857e-08,2304.052734375
2025.06.18_0.3_3,index=12.434018,24,24.0,1,434018.0833,434018.0833_src-index=12.434018_chunk-0024.npy,376320.1201,1.153321494435822,welch_hann_2048_overlap_1024_fs_44100,digital_amplitude_squared_per_hz,1.6359867139684792e-08,1012.060546875,3.3928131034559986e-08,1335.05859375,8.112148448818687e-08,2282.51953125
2025.06.18_0.3_3,index=12.434018,25,25.0,1,434018.0833,434018.0833_src-index=12.434018_chunk-0025.npy,376320.1201,1.153321494435822,welch_hann_2048_overlap_1024_fs_44100,digital_amplitude_squared_per_hz,1.8095646707745614e-08,1076.66015625,2.486815254008022e-08,1356.591796875,5.8798778548387075e-08,2282.51953125
2025.06.18_0.3_3,index=12.434018,26,26.0,1,434018.0833,434018.0833_src-index=12.434018_chunk-0026.npy,376320.1201,1.153321494435822,welch_hann_2048_overlap_1024_fs_44100,digital_amplitude_squared_per_hz,5.6369449214711066e-09,1012.060546875,1.3186856062432287e-08,1335.05859375,8.44707537670292e-08,2282.51953125
2025.06.18_0.3_3,index=12.434018,27,27.0,1,434018.0833,434018.0833_src-index=12.434018_chunk-0027.npy,376320.1201,1.153321494435822,welch_hann_2048_overlap_1024_fs_44100,digital_amplitude_squared_per_hz,1.3719920128749872e-08,861.328125,1.970830442190863e-08,1356.591796875,6.218976884219051e-08,2282.51953125
2025.06.18_0.3_3,index=12.434018,28,28.0,1,434018.0833,434018.0833_src-index=12.434018_chunk-0028.npy,376320.1201,1.153321494435822,welch_hann_2048_overlap_1024_fs_44100,digital_amplitude_squared_per_hz,6.903797705617575e-09,1076.66015625,1.2107988326657281e-08,1335.05859375,5.4776129625568744e-08,2282.51953125
2025.06.18_0.3_3,index=12.434018,29,29.0,1,434018.0833,434018.0833_src-index=12.434018_chunk-0029.npy,376320.1201,1.153321494435822,welch_hann_2048_overlap_1024_fs_44100,digital_amplitude_squared_per_hz,1.073244606058466e-08,861.328125,1.1963323866158676e-08,1356.591796875,8.210598070902534e-08,2304.052734375
2025.06.18_0.3_3,index=12.434018,30,30.0,1,434018.0833,434018.0833_src-index=12.434018_chunk-0030.npy,376320.1201,1.153321494435822,welch_hann_2048_overlap_1024_fs_44100,digital_amplitude_squared_per_hz,2.5575780818584025e-08,1033.59375,6.067419928653396e-08,1335.05859375,9.755256973703081e-08,2260.986328125
2025.06.18_0.3_3,index=12.434018,31,31.0,1,434018.0833,434018.0833_src-index=12.434018_chunk-0031.npy,376320.1201,1.153321494435822,welch_hann_2048_overlap_1024_fs_44100,digital_amplitude_squared_per_hz,1.5646375990595487e-08,1055.126953125,2.7024342512120485e-08,1356.591796875,9.720674550847424e-08,2260.986328125
2025.06.18_0.3_3,index=12.434018,32,32.0,1,434018.0833,434018.0833_src-index=12.434018_chunk-0032.npy,376320.1201,1.153321494435822,welch_hann_2048_overlap_1024_fs_44100,digital_amplitude_squared_per_hz,1.7239589830134027e-08,1076.66015625,3.507967959130329e-08,1356.591796875,9.723538322462175e-08,2304.052734375
2025.06.18_0.3_3,index=12.434018,33,33.0,1,434018.0833,434018.0833_src-index=12.434018_chunk-0033.npy,376320.1201,1.153321494435822,welch_hann_2048_overlap_1024_fs_44100,digital_amplitude_squared_per_hz,7.822332542705597e-09,1076.66015625,1.4128609372395013e-08,1335.05859375,4.982668996633221e-08,2304.052734375
2025.06.18_0.3_3,index=12.434018,34,34.0,1,434018.0833,434018.0833_src-index=12.434018_chunk-0034.npy,376320.1201,1.153321494435822,welch_hann_2048_overlap_1024_fs_44100,digital_amplitude_squared_per_hz,1.0352394401299754e-08,861.328125,1.737430331380087e-08,1335.05859375,4.8449139087575055e-08,2282.51953125
2025.06.18_0.3_3,index=12.434018,35,35.0,1,434018.0833,434018.0833_src-index=12.434018_chunk-0035.npy,376320.1201,1.153321494435822,welch_hann_2048_overlap_1024_fs_44100,digital_amplitude_squared_per_hz,8.693588594067047e-09,1076.66015625,2.778679241685725e-08,1356.591796875,8.320252877093768e-08,2304.052734375
2025.06.18_0.3_3,index=12.434018,36,36.0,1,434018.0833,434018.0833_src-index=12.434018_chunk-0036.npy,376320.1201,1.153321494435822,welch_hann_2048_overlap_1024_fs_44100,digital_amplitude_squared_per_hz,1.8251918074687048e-08,1076.66015625,2.859168650066041e-08,1335.05859375,5.5071997378442265e-08,2282.51953125
2025.06.18_0.3_3,index=12.434018,37,37.0,1,434018.0833,434018.0833_src-index=12.434018_chunk-0037.npy,376320.1201,1.153321494435822,welch_hann_2048_overlap_1024_fs_44100,digital_amplitude_squared_per_hz,1.0027921243905427e-08,1055.126953125,1.9404213423814703e-08,1356.591796875,8.451421935175927e-08,2304.052734375
2025.06.18_0.3_3,index=12.434018,38,38.0,1,434018.0833,434018.0833_src-index=12.434018_chunk-0038.npy,376320.1201,1.153321494435822,welch_hann_2048_overlap_1024_fs_44100,digital_amplitude_squared_per_hz,3.8077490895280124e-08,861.328125,7.079202680774283e-08,1356.591796875,8.69322354653577e-08,2304.052734375
2025.06.18_0.3_3,index=12.434018,39,39.0,1,434018.0833,434018.0833_src-index=12.434018_chunk-0039.npy,376320.1201,1.153321494435822,welch_hann_2048_overlap_1024_fs_44100,digital_amplitude_squared_per_hz,2.1199803958662704e-09,861.328125,4.689171594254139e-09,1335.05859375,2.3616725208623653e-08,2282.51953125
2025.06.18_0.3_3,index=12.434018,40,40.0,1,434018.0833,434018.0833_src-index=12.434018_chunk-0040.npy,376320.1201,1.153321494435822,welch_hann_2048_overlap_1024_fs_44100,digital_amplitude_squared_per_hz,1.175417963056026e-08,1055.126953125,2.0395893011753368e-08,1356.591796875,8.023686942727941e-08,2304.052734375
2025.06.18_0.3_3,index=12.434018,41,41.0,1,434018.0833,434018.0833_src-index=12.434018_chunk-0041.npy,376320.1201,1.153321494435822,welch_hann_2048_overlap_1024_fs_44100,digital_amplitude_squared_per_hz,1.553252196596234e-08,1055.126953125,3.324828338604342e-08,1356.591796875,8.88628460810015e-08,2282.51953125
2025.06.18_0.3_3,index=12.434018,42,42.0,1,434018.0833,434018.0833_src-index=12.434018_chunk-0042.npy,376320.1201,1.153321494435822,welch_hann_2048_overlap_1024_fs_44100,digital_amplitude_squared_per_hz,5.370908972804869e-09,1033.59375,7.926472032431149e-09,1335.05859375,3.6035605889714715e-08,2304.052734375
2025.06.18_0.3_3,index=12.434018,43,43.0,1,434018.0833,434018.0833_src-index=12.434018_chunk-0043.npy,376320.1201,1.153321494435822,welch_hann_2048_overlap_1024_fs_44100,digital_amplitude_squared_per_hz,2.643294611372323e-09,1055.126953125,7.765328579941837e-09,1356.591796875,3.024442957672716e-08,2282.51953125
2025.06.18_0.3_3,index=12.434018,44,44.0,1,434018.0833,434018.0833_src-index=12.434018_chunk-0044.npy,376320.1201,1.153321494435822,welch_hann_2048_overlap_1024_fs_44100,digital_amplitude_squared_per_hz,5.417628255081424e-09,1076.66015625,7.431856471261211e-09,1335.05859375,4.246600981826964e-08,2304.052734375
2025.06.18_0.3_3,index=12.434018,45,45.0,1,434018.0833,434018.0833_src-index=12.434018_chunk-0045.npy,376320.1201,1.153321494435822,welch_hann_2048_overlap_1024_fs_44100,digital_amplitude_squared_per_hz,9.344711027227036e-09,1076.66015625,1.4341864799439792e-08,1335.05859375,6.025922605105062e-08,2282.51953125
2025.06.18_0.3_3,index=12.434018,46,46.0,1,434018.0833,434018.0833_src-index=12.434018_chunk-0046.npy,376320.1201,1.153321494435822,welch_hann_2048_overlap_1024_fs_44100,digital_amplitude_squared_per_hz,9.146125922666904e-09,1033.59375,2.3271433645098618e-08,1335.05859375,5.429414233727299e-08,2304.052734375
2025.06.18_0.3_3,index=12.434018,47,47.0,1,434018.0833,434018.0833_src-index=12.434018_chunk-0047.npy,376320.1201,1.153321494435822,welch_hann_2048_overlap_1024_fs_44100,digital_amplitude_squared_per_hz,1.8141519820874873e-08,1076.66015625,3.098744653870656e-08,1356.591796875,1.0992172554827227e-07,2282.51953125
2025.06.18_0.3_3,index=12.434018,48,48.0,1,434018.0833,434018.0833_src-index=12.434018_chunk-0048.npy,376320.1201,1.153321494435822,welch_hann_2048_overlap_1024_fs_44100,digital_amplitude_squared_per_hz,1.1731281542578367e-08,1076.66015625,1.883806707044971e-08,1335.05859375,7.57976662297784e-08,2304.052734375
2025.06.18_0.3_3,index=12.434018,49,49.0,1,434018.0833,434018.0833_src-index=12.434018_chunk-0049.npy,376320.1201,1.153321494435822,welch_hann_2048_overlap_1024_fs_44100,digital_amplitude_squared_per_hz,1.475088971967074e-08,1055.126953125,2.8436702823792126e-08,1356.591796875,9.862654554360895e-08,2282.51953125
2025.06.18_0.3_3,index=12.434018,50,50.0,1,434018.0833,434018.0833_src-index=12.434018_chunk-0050.npy,376320.1201,1.153321494435822,welch_hann_2048_overlap_1024_fs_44100,digital_amplitude_squared_per_hz,1.3511286962425115e-08,861.328125,2.483784134682523e-08,1356.591796875,1.7344264202612927e-07,2304.052734375
2025.06.18_0.3_3,index=12.434018,51,51.0,1,434018.0833,434018.0833_src-index=12.434018_chunk-0051.npy,376320.1201,1.153321494435822,welch_hann_2048_overlap_1024_fs_44100,digital_amplitude_squared_per_hz,1.0295830638226212e-08,1076.66015625,2.3435996207709837e-08,1356.591796875,8.536486118889415e-08,2282.51953125
2025.06.18_0.3_3,index=12.434018,52,52.0,1,434018.0833,434018.0833_src-index=12.434018_chunk-0052.npy,376320.1201,1.153321494435822,welch_hann_2048_overlap_1024_fs_44100,digital_amplitude_squared_per_hz,1.3213460880048922e-08,1055.126953125,2.7496666629090312e-08,1356.591796875,7.597705131919961e-08,2260.986328125
2025.06.18_0.3_3,index=12.434018,53,53.0,1,434018.0833,434018.0833_src-index=12.434018_chunk-0053.npy,376320.1201,1.153321494435822,welch_hann_2048_overlap_1024_fs_44100,digital_amplitude_squared_per_hz,9.65220055378176e-09,861.328125,2.1636955702414985e-08,1356.591796875,7.054476896986929e-08,2282.51953125
2025.06.18_0.3_3,index=12.434018,54,54.0,1,434018.0833,434018.0833_src-index=12.434018_chunk-0054.npy,376320.1201,1.153321494435822,welch_hann_2048_overlap_1024_fs_44100,digital_amplitude_squared_per_hz,1.6544267553148826e-08,861.328125,3.251003886370765e-08,1356.591796875,1.0438648915545664e-07,2304.052734375
2025.06.18_0.3_3,index=12.434018,55,55.0,1,434018.0833,434018.0833_src-index=12.434018_chunk-0055.npy,376320.1201,1.153321494435822,welch_hann_2048_overlap_1024_fs_44100,digital_amplitude_squared_per_hz,9.787837546268633e-09,861.328125,2.683672147219075e-08,1356.591796875,1.1582423973947248e-07,2282.51953125
2025.06.18_0.3_3,index=12.434018,56,56.0,1,434018.0833,434018.0833_src-index=12.434018_chunk-0056.npy,376320.1201,1.153321494435822,welch_hann_2048_overlap_1024_fs_44100,digital_amplitude_squared_per_hz,1.1491815429125425e-08,1033.59375,2.1736830205478202e-08,1356.591796875,1.3859315013375306e-07,2282.51953125
2025.06.18_0.3_3,index=12.434018,57,57.0,1,434018.0833,434018.0833_src-index=12.434018_chunk-0057.npy,376320.1201,1.153321494435822,welch_hann_2048_overlap_1024_fs_44100,digital_amplitude_squared_per_hz,1.050179187265027e-08,861.328125,2.1967939505347872e-08,1356.591796875,8.510117454779897e-08,2282.51953125
2025.06.18_0.3_3,index=12.434018,58,58.0,1,434018.0833,434018.0833_src-index=12.434018_chunk-0058.npy,376320.1201,1.153321494435822,welch_hann_2048_overlap_1024_fs_44100,digital_amplitude_squared_per_hz,1.5438220414533044e-08,1076.66015625,2.520451084066083e-08,1335.05859375,1.2844309720294104e-07,2304.052734375
2025.06.18_0.3_3,index=12.434018,59,59.0,1,434018.0833,434018.0833_src-index=12.434018_chunk-0059.npy,376320.1201,1.153321494435822,welch_hann_2048_overlap_1024_fs_44100,digital_amplitude_squared_per_hz,1.0225135084205108e-08,1076.66015625,2.01800448332474e-08,1356.591796875,8.51494446403305e-08,2282.51953125
2025.06.18_0.3_3,index=13.496023,0,0.0,1,496023.3525,496023.3525_src-index=13.496023_chunk-0000.npy,376320.1201,1.3180888451252384,welch_hann_2048_overlap_1024_fs_44100,digital_amplitude_squared_per_hz,6.952269649223601e-08,1076.66015625,1.3581815270156364e-07,1335.05859375,3.898217550534601e-07,2282.51953125
2025.06.18_0.3_3,index=13.496023,1,1.0,1,496023.3525,496023.3525_src-index=13.496023_chunk-0001.npy,376320.1201,1.3180888451252384,welch_hann_2048_overlap_1024_fs_44100,digital_amplitude_squared_per_hz,6.652412234611873e-08,1055.126953125,1.180348798366583e-07,1335.05859375,3.59813250869797e-07,2282.51953125
2025.06.18_0.3_3,index=13.496023,2,2.0,1,496023.3525,496023.3525_src-index=13.496023_chunk-0002.npy,376320.1201,1.3180888451252384,welch_hann_2048_overlap_1024_fs_44100,digital_amplitude_squared_per_hz,3.0642726228374016e-08,1055.126953125,6.084046557804126e-08,1313.525390625,2.530712621245867e-07,2304.052734375
2025.06.18_0.3_3,index=13.496023,3,3.0,1,496023.3525,496023.3525_src-index=13.496023_chunk-0003.npy,376320.1201,1.3180888451252384,welch_hann_2048_overlap_1024_fs_44100,digital_amplitude_squared_per_hz,3.810490571908732e-08,1076.66015625,1.198012476011672e-07,1335.05859375,2.853961893856017e-07,2304.052734375
2025.06.18_0.3_3,index=13.496023,4,4.0,1,496023.3525,496023.3525_src-index=13.496023_chunk-0004.npy,376320.1201,1.3180888451252384,welch_hann_2048_overlap_1024_fs_44100,digital_amplitude_squared_per_hz,2.1503434325176544e-08,1076.66015625,3.0625471158916774e-08,1335.05859375,1.0678835713495128e-07,2304.052734375
2025.06.18_0.3_3,index=13.496023,5,5.0,1,496023.3525,496023.3525_src-index=13.496023_chunk-0005.npy,376320.1201,1.3180888451252384,welch_hann_2048_overlap_1024_fs_44100,digital_amplitude_squared_per_hz,4.5131160903029144e-08,1076.66015625,9.196487737579145e-08,1356.591796875,2.9236631310781923e-07,2304.052734375
2025.06.18_0.3_3,index=13.496023,6,6.0,1,496023.3525,496023.3525_src-index=13.496023_chunk-0006.npy,376320.1201,1.3180888451252384,welch_hann_2048_overlap_1024_fs_44100,digital_amplitude_squared_per_hz,5.0147574792081516e-08,1055.126953125,1.1221126746649933e-07,1335.05859375,3.028335653829596e-07,2282.51953125
2025.06.18_0.3_3,index=13.496023,7,7.0,1,496023.3525,496023.3525_src-index=13.496023_chunk-0007.npy,376320.1201,1.3180888451252384,welch_hann_2048_overlap_1024_fs_44100,digital_amplitude_squared_per_hz,5.965135947792737e-08,861.328125,8.603058372548205e-08,1356.591796875,4.790691676799442e-07,2304.052734375
2025.06.18_0.3_3,index=13.496023,8,8.0,1,496023.3525,496023.3525_src-index=13.496023_chunk-0008.npy,376320.1201,1.3180888451252384,welch_hann_2048_overlap_1024_fs_44100,digital_amplitude_squared_per_hz,3.774632195150877e-08,1076.66015625,8.537483295212984e-08,1335.05859375,2.899945293303794e-07,2282.51953125
2025.06.18_0.3_3,index=13.496023,9,9.0,1,496023.3525,496023.3525_src-index=13.496023_chunk-0009.npy,376320.1201,1.3180888451252384,welch_hann_2048_overlap_1024_fs_44100,digital_amplitude_squared_per_hz,3.4749257589674237e-08,861.328125,6.861460775776794e-08,1335.05859375,1.6573739917301057e-07,2304.052734375
2025.06.18_0.3_3,index=13.496023,10,10.0,1,496023.3525,496023.3525_src-index=13.496023_chunk-0010.npy,376320.1201,1.3180888451252384,welch_hann_2048_overlap_1024_fs_44100,digital_amplitude_squared_per_hz,2.6651764638248448e-08,1076.66015625,4.7677329075814504e-08,1335.05859375,1.395355448616571e-07,2304.052734375
2025.06.18_0.3_3,index=13.496023,11,11.0,1,496023.3525,496023.3525_src-index=13.496023_chunk-0011.npy,376320.1201,1.3180888451252384,welch_hann_2048_overlap_1024_fs_44100,digital_amplitude_squared_per_hz,4.378581963548418e-08,861.328125,9.042350338482513e-08,1335.05859375,3.321489289120437e-07,2282.51953125
2025.06.18_0.3_3,index=13.496023,12,12.0,1,496023.3525,496023.3525_src-index=13.496023_chunk-0012.npy,376320.1201,1.3180888451252384,welch_hann_2048_overlap_1024_fs_44100,digital_amplitude_squared_per_hz,2.0569151189947184e-08,1055.126953125,3.5359033691075533e-08,1335.05859375,1.392653666085354e-07,2304.052734375
2025.06.18_0.3_3,index=13.496023,13,13.0,1,496023.3525,496023.3525_src-index=13.496023_chunk-0013.npy,376320.1201,1.3180888451252384,welch_hann_2048_overlap_1024_fs_44100,digital_amplitude_squared_per_hz,4.0854685276349866e-08,1055.126953125,7.50905566744708e-08,1335.05859375,2.7846553079210214e-07,2282.51953125
2025.06.18_0.3_3,index=13.496023,14,14.0,1,496023.3525,496023.3525_src-index=13.496023_chunk-0014.npy,376320.1201,1.3180888451252384,welch_hann_2048_overlap_1024_fs_44100,digital_amplitude_squared_per_hz,4.221366883440383e-08,1076.66015625,7.781462779040993e-08,1335.05859375,2.851104688153099e-07,2304.052734375
2025.06.18_0.3_3,index=13.496023,15,15.0,1,496023.3525,496023.3525_src-index=13.496023_chunk-0015.npy,376320.1201,1.3180888451252384,welch_hann_2048_overlap_1024_fs_44100,digital_amplitude_squared_per_hz,2.18672566648071e-08,1076.66015625,2.6145953821165497e-08,1335.05859375,1.02793490653696e-07,2304.052734375
2025.06.18_0.3_3,index=13.496023,16,16.0,1,496023.3525,496023.3525_src-index=13.496023_chunk-0016.npy,376320.1201,1.3180888451252384,welch_hann_2048_overlap_1024_fs_44100,digital_amplitude_squared_per_hz,1.9378422576390408e-08,1076.66015625,3.556368230362484e-08,1356.591796875,1.384508207678868e-07,2304.052734375
2025.06.18_0.3_3,index=13.496023,17,17.0,1,496023.3525,496023.3525_src-index=13.496023_chunk-0017.npy,376320.1201,1.3180888451252384,welch_hann_2048_overlap_1024_fs_44100,digital_amplitude_squared_per_hz,4.183959664220067e-08,1055.126953125,5.897599320413142e-08,1335.05859375,2.93777572848861e-07,2282.51953125
2025.06.18_0.3_3,index=13.496023,18,18.0,1,496023.3525,496023.3525_src-index=13.496023_chunk-0018.npy,376320.1201,1.3180888451252384,welch_hann_2048_overlap_1024_fs_44100,digital_amplitude_squared_per_hz,1.529228229653886e-08,1012.060546875,4.595228727983628e-08,1356.591796875,1.8177895802003207e-07,2304.052734375
2025.06.18_0.3_3,index=13.496023,19,19.0,1,496023.3525,496023.3525_src-index=13.496023_chunk-0019.npy,376320.1201,1.3180888451252384,welch_hann_2048_overlap_1024_fs_44100,digital_amplitude_squared_per_hz,5.093358340942116e-08,1076.66015625,9.217752734989057e-08,1335.05859375,2.671716132886848e-07,2282.51953125
2025.06.18_0.3_3,index=13.496023,20,20.0,1,496023.3525,496023.3525_src-index=13.496023_chunk-0020.npy,376320.1201,1.3180888451252384,welch_hann_2048_overlap_1024_fs_44100,digital_amplitude_squared_per_hz,4.0773636450984926e-08,861.328125,5.999218690042487e-08,1356.591796875,2.6928813734411514e-07,2282.51953125
2025.06.18_0.3_3,index=13.496023,21,21.0,1,496023.3525,496023.3525_src-index=13.496023_chunk-0021.npy,376320.1201,1.3180888451252384,welch_hann_2048_overlap_1024_fs_44100,digital_amplitude_squared_per_hz,1.597293192395922e-08,1076.66015625,2.173694133054927e-08,1356.591796875,1.1701894983664009e-07,2304.052734375
2025.06.18_0.3_3,index=13.496023,22,22.0,1,496023.3525,496023.3525_src-index=13.496023_chunk-0022.npy,376320.1201,1.3180888451252384,welch_hann_2048_overlap_1024_fs_44100,digital_amplitude_squared_per_hz,1.3247706880850891e-08,1076.66015625,3.456133896814625e-08,1335.05859375,1.4166540631387683e-07,2304.052734375
2025.06.18_0.3_3,index=13.496023,23,23.0,1,496023.3525,496023.3525_src-index=13.496023_chunk-0023.npy,376320.1201,1.3180888451252384,welch_hann_2048_overlap_1024_fs_44100,digital_amplitude_squared_per_hz,7.808939869748285e-08,1055.126953125,1.361744899157907e-07,1335.05859375,4.788572990176054e-07,2304.052734375
2025.06.18_0.3_3,index=13.496023,24,24.0,1,496023.3525,496023.3525_src-index=13.496023_chunk-0024.npy,376320.1201,1.3180888451252384,welch_hann_2048_overlap_1024_fs_44100,digital_amplitude_squared_per_hz,3.3806435546805826e-08,1076.66015625,7.309814093656759e-08,1335.05859375,2.342732326927275e-07,2282.51953125
2025.06.18_0.3_3,index=13.496023,25,25.0,1,496023.3525,496023.3525_src-index=13.496023_chunk-0025.npy,376320.1201,1.3180888451252384,welch_hann_2048_overlap_1024_fs_44100,digital_amplitude_squared_per_hz,3.776941404467177e-08,1076.66015625,6.595917192555243e-08,1356.591796875,2.815428526025387e-07,2304.052734375
2025.06.18_0.3_3,index=13.496023,26,26.0,1,496023.3525,496023.3525_src-index=13.496023_chunk-0026.npy,376320.1201,1.3180888451252384,welch_hann_2048_overlap_1024_fs_44100,digital_amplitude_squared_per_hz,4.9660461436379345e-08,1055.126953125,7.382361923698212e-08,1356.591796875,2.9765142305081144e-07,2282.51953125
2025.06.18_0.3_3,index=13.496023,27,27.0,1,496023.3525,496023.3525_src-index=13.496023_chunk-0027.npy,376320.1201,1.3180888451252384,welch_hann_2048_overlap_1024_fs_44100,digital_amplitude_squared_per_hz,4.9073412992964334e-08,1076.66015625,9.466332050942512e-08,1356.591796875,2.9610234510258384e-07,2282.51953125
2025.06.18_0.3_3,index=13.496023,28,28.0,1,496023.3525,496023.3525_src-index=13.496023_chunk-0028.npy,376320.1201,1.3180888451252384,welch_hann_2048_overlap_1024_fs_44100,digital_amplitude_squared_per_hz,2.4845822554980387e-08,1033.59375,4.4897649050017044e-08,1356.591796875,1.6923908730204927e-07,2282.51953125
2025.06.18_0.3_3,index=13.496023,29,29.0,1,496023.3525,496023.3525_src-index=13.496023_chunk-0029.npy,376320.1201,1.3180888451252384,welch_hann_2048_overlap_1024_fs_44100,digital_amplitude_squared_per_hz,4.529323352536796e-08,1076.66015625,7.451629755109337e-08,1335.05859375,3.348831453633474e-07,2325.5859375
2025.06.18_0.3_3,index=13.496023,30,30.0,1,496023.3525,496023.3525_src-index=13.496023_chunk-0030.npy,376320.1201,1.3180888451252384,welch_hann_2048_overlap_1024_fs_44100,digital_amplitude_squared_per_hz,3.4335576078686834e-08,1076.66015625,5.62631215319676e-08,1356.591796875,2.610729273510067e-07,2282.51953125
2025.06.18_0.3_3,index=13.496023,31,31.0,1,496023.3525,496023.3525_src-index=13.496023_chunk-0031.npy,376320.1201,1.3180888451252384,welch_hann_2048_overlap_1024_fs_44100,digital_amplitude_squared_per_hz,4.678657174953831e-08,1076.66015625,7.807879804965851e-08,1356.591796875,2.1365275815492062e-07,2304.052734375
2025.06.18_0.3_3,index=13.496023,32,32.0,1,496023.3525,496023.3525_src-index=13.496023_chunk-0032.npy,376320.1201,1.3180888451252384,welch_hann_2048_overlap_1024_fs_44100,digital_amplitude_squared_per_hz,4.8608638702385196e-08,1033.59375,1.1053027233858188e-07,1335.05859375,2.925295728560344e-07,2282.51953125
2025.06.18_0.3_3,index=13.496023,33,33.0,1,496023.3525,496023.3525_src-index=13.496023_chunk-0033.npy,376320.1201,1.3180888451252384,welch_hann_2048_overlap_1024_fs_44100,digital_amplitude_squared_per_hz,4.0668876326379184e-08,1055.126953125,6.214072128068871e-08,1335.05859375,2.941501356344617e-07,2282.51953125
2025.06.18_0.3_3,index=13.496023,34,34.0,1,496023.3525,496023.3525_src-index=13.496023_chunk-0034.npy,376320.1201,1.3180888451252384,welch_hann_2048_overlap_1024_fs_44100,digital_amplitude_squared_per_hz,2.5007241031325308e-08,1076.66015625,3.9983995778613614e-08,1356.591796875,1.3600314295378863e-07,2325.5859375
2025.06.18_0.3_3,index=13.496023,35,35.0,1,496023.3525,496023.3525_src-index=13.496023_chunk-0035.npy,376320.1201,1.3180888451252384,welch_hann_2048_overlap_1024_fs_44100,digital_amplitude_squared_per_hz,2.8106882002240594e-08,1076.66015625,5.2832539166428265e-08,1356.591796875,1.209805159186076e-07,2282.51953125
2025.06.18_0.3_3,index=13.496023,36,36.0,1,496023.3525,496023.3525_src-index=13.496023_chunk-0036.npy,376320.1201,1.3180888451252384,welch_hann_2048_overlap_1024_fs_44100,digital_amplitude_squared_per_hz,3.235695077532231e-08,1055.126953125,6.32995748903615e-08,1356.591796875,2.442236875969739e-07,2282.51953125
2025.06.18_0.3_3,index=13.496023,37,37.0,1,496023.3525,496023.3525_src-index=13.496023_chunk-0037.npy,376320.1201,1.3180888451252384,welch_hann_2048_overlap_1024_fs_44100,digital_amplitude_squared_per_hz,3.832764940206287e-08,861.328125,5.504837795324389e-08,1335.05859375,1.5407710019349129e-07,2304.052734375
2025.06.18_0.3_3,index=13.496023,38,38.0,1,496023.3525,496023.3525_src-index=13.496023_chunk-0038.npy,376320.1201,1.3180888451252384,welch_hann_2048_overlap_1024_fs_44100,digital_amplitude_squared_per_hz,1.7049681888896986e-08,1055.126953125,3.098457774482427e-08,1335.05859375,1.3798593920989084e-07,2304.052734375
2025.06.18_0.3_3,index=13.496023,39,39.0,1,496023.3525,496023.3525_src-index=13.496023_chunk-0039.npy,376320.1201,1.3180888451252384,welch_hann_2048_overlap_1024_fs_44100,digital_amplitude_squared_per_hz,1.7672143970932874e-08,861.328125,4.274177734414829e-08,1356.591796875,1.333920841661587e-07,2304.052734375
2025.06.18_0.3_3,index=13.496023,40,40.0,1,496023.3525,496023.3525_src-index=13.496023_chunk-0040.npy,376320.1201,1.3180888451252384,welch_hann_2048_overlap_1024_fs_44100,digital_amplitude_squared_per_hz,1.5175419627324416e-08,861.328125,3.506111713509159e-08,1356.591796875,1.560388967776855e-07,2325.5859375
2025.06.18_0.3_3,index=13.496023,41,41.0,1,496023.3525,496023.3525_src-index=13.496023_chunk-0041.npy,376320.1201,1.3180888451252384,welch_hann_2048_overlap_1024_fs_44100,digital_amplitude_squared_per_hz,2.983544379730776e-08,1076.66015625,7.796853411649262e-08,1356.591796875,1.9139310776257682e-07,2304.052734375
2025.06.18_0.3_3,index=13.496023,42,42.0,1,496023.3525,496023.3525_src-index=13.496023_chunk-0042.npy,376320.1201,1.3180888451252384,welch_hann_2048_overlap_1024_fs_44100,digital_amplitude_squared_per_hz,1.201568420015182e-08,861.328125,2.109757719951357e-08,1356.591796875,8.019681761365245e-08,2304.052734375
2025.06.18_0.3_3,index=13.496023,43,43.0,1,496023.3525,496023.3525_src-index=13.496023_chunk-0043.npy,376320.1201,1.3180888451252384,welch_hann_2048_overlap_1024_fs_44100,digital_amplitude_squared_per_hz,1.92922651529091e-08,1033.59375,4.919732320419194e-08,1356.591796875,1.7333844319856989e-07,2304.052734375
2025.06.18_0.3_3,index=13.496023,44,44.0,1,496023.3525,496023.3525_src-index=13.496023_chunk-0044.npy,376320.1201,1.3180888451252384,welch_hann_2048_overlap_1024_fs_44100,digital_amplitude_squared_per_hz,2.648478593081542e-08,1055.126953125,5.571250004384989e-08,1356.591796875,2.0547401594154068e-07,2282.51953125
2025.06.18_0.3_3,index=13.496023,45,45.0,1,496023.3525,496023.3525_src-index=13.496023_chunk-0045.npy,376320.1201,1.3180888451252384,welch_hann_2048_overlap_1024_fs_44100,digital_amplitude_squared_per_hz,4.6285673631272917e-08,1055.126953125,6.721486079757806e-08,1335.05859375,2.9976686271248133e-07,2282.51953125
2025.06.18_0.3_3,index=13.496023,46,46.0,1,496023.3525,496023.3525_src-index=13.496023_chunk-0046.npy,376320.1201,1.3180888451252384,welch_hann_2048_overlap_1024_fs_44100,digital_amplitude_squared_per_hz,2.061513346821221e-08,1076.66015625,4.239961325373372e-08,1356.591796875,1.5522231646598111e-07,2304.052734375
2025.06.18_0.3_3,index=13.496023,47,47.0,1,496023.3525,496023.3525_src-index=13.496023_chunk-0047.npy,376320.1201,1.3180888451252384,welch_hann_2048_overlap_1024_fs_44100,digital_amplitude_squared_per_hz,5.699266335581838e-08,1055.126953125,1.0838678128900125e-07,1356.591796875,2.8465143286213767e-07,2325.5859375
2025.06.18_0.3_3,index=13.496023,48,48.0,1,496023.3525,496023.3525_src-index=13.496023_chunk-0048.npy,376320.1201,1.3180888451252384,welch_hann_2048_overlap_1024_fs_44100,digital_amplitude_squared_per_hz,2.77984495937198e-08,1076.66015625,5.343326735236483e-08,1335.05859375,1.3719396363430902e-07,2282.51953125
2025.06.18_0.3_3,index=13.496023,49,49.0,1,496023.3525,496023.3525_src-index=13.496023_chunk-0049.npy,376320.1201,1.3180888451252384,welch_hann_2048_overlap_1024_fs_44100,digital_amplitude_squared_per_hz,6.505615323773432e-08,861.328125,9.522766673485671e-08,1356.591796875,3.1220048492653796e-07,2282.51953125
2025.06.18_0.3_3,index=13.496023,50,50.0,1,496023.3525,496023.3525_src-index=13.496023_chunk-0050.npy,376320.1201,1.3180888451252384,welch_hann_2048_overlap_1024_fs_44100,digital_amplitude_squared_per_hz,4.299883987558417e-08,861.328125,9.104901998845153e-08,1356.591796875,3.023102694526956e-07,2304.052734375
2025.06.18_0.3_3,index=13.496023,51,51.0,1,496023.3525,496023.3525_src-index=13.496023_chunk-0051.npy,376320.1201,1.3180888451252384,welch_hann_2048_overlap_1024_fs_44100,digital_amplitude_squared_per_hz,3.42239935919815e-08,1076.66015625,6.49557187817226e-08,1356.591796875,1.8235167672997393e-07,2304.052734375
2025.06.18_0.3_3,index=13.496023,52,52.0,1,496023.3525,496023.3525_src-index=13.496023_chunk-0052.npy,376320.1201,1.3180888451252384,welch_hann_2048_overlap_1024_fs_44100,digital_amplitude_squared_per_hz,3.204601483028412e-08,1033.59375,5.729246177647357e-08,1356.591796875,2.3276401699892468e-07,2304.052734375
2025.06.18_0.3_3,index=13.496023,53,53.0,1,496023.3525,496023.3525_src-index=13.496023_chunk-0053.npy,376320.1201,1.3180888451252384,welch_hann_2048_overlap_1024_fs_44100,digital_amplitude_squared_per_hz,3.3820085210009814e-08,861.328125,5.130415611126683e-08,1356.591796875,1.848274722552028e-07,2304.052734375
2025.06.18_0.3_3,index=13.496023,54,54.0,1,496023.3525,496023.3525_src-index=13.496023_chunk-0054.npy,376320.1201,1.3180888451252384,welch_hann_2048_overlap_1024_fs_44100,digital_amplitude_squared_per_hz,3.487500643233869e-08,861.328125,7.519987592801932e-08,1356.591796875,3.026188232735248e-07,2304.052734375
2025.06.18_0.3_3,index=13.496023,55,55.0,1,496023.3525,496023.3525_src-index=13.496023_chunk-0055.npy,376320.1201,1.3180888451252384,welch_hann_2048_overlap_1024_fs_44100,digital_amplitude_squared_per_hz,5.786171799725761e-08,1076.66015625,1.0746299735437981e-07,1356.591796875,2.158845123916823e-07,2304.052734375
2025.06.18_0.3_3,index=13.496023,56,56.0,1,496023.3525,496023.3525_src-index=13.496023_chunk-0056.npy,376320.1201,1.3180888451252384,welch_hann_2048_overlap_1024_fs_44100,digital_amplitude_squared_per_hz,3.767986770280825e-08,861.328125,9.096795871063473e-08,1356.591796875,2.750970727595381e-07,2304.052734375
2025.06.18_0.3_3,index=13.496023,57,57.0,1,496023.3525,496023.3525_src-index=13.496023_chunk-0057.npy,376320.1201,1.3180888451252384,welch_hann_2048_overlap_1024_fs_44100,digital_amplitude_squared_per_hz,2.340987809903366e-08,1076.66015625,4.507056558809539e-08,1356.591796875,1.6681330849119028e-07,2304.052734375
2025.06.18_0.3_3,index=13.496023,58,58.0,1,496023.3525,496023.3525_src-index=13.496023_chunk-0058.npy,376320.1201,1.3180888451252384,welch_hann_2048_overlap_1024_fs_44100,digital_amplitude_squared_per_hz,2.118379570854653e-08,1055.126953125,5.54541617481798e-08,1356.591796875,1.6271867260280398e-07,2282.51953125
2025.06.18_0.3_3,index=13.496023,59,59.0,1,496023.3525,496023.3525_src-index=13.496023_chunk-0059.npy,376320.1201,1.3180888451252384,welch_hann_2048_overlap_1024_fs_44100,digital_amplitude_squared_per_hz,6.884731160402813e-08,861.328125,9.721718678538597e-08,1335.05859375,2.932329761272462e-07,2304.052734375
2025.06.18_0.3_3,index=14.562158,0,0.0,1,562158.7854,562158.7854_src-index=14.562158_chunk-0000.npy,376320.1201,1.493831329695093,welch_hann_2048_overlap_1024_fs_44100,digital_amplitude_squared_per_hz,7.483465116495564e-08,861.328125,1.309907973238762e-07,1356.591796875,6.220018650287768e-07,2304.052734375
2025.06.18_0.3_3,index=14.562158,1,1.0,1,562158.7854,562158.7854_src-index=14.562158_chunk-0001.npy,376320.1201,1.493831329695093,welch_hann_2048_overlap_1024_fs_44100,digital_amplitude_squared_per_hz,6.079395346311515e-08,861.328125,1.4548183447919178e-07,1356.591796875,6.263906130656007e-07,2304.052734375
2025.06.18_0.3_3,index=14.562158,2,2.0,1,562158.7854,562158.7854_src-index=14.562158_chunk-0002.npy,376320.1201,1.493831329695093,welch_hann_2048_overlap_1024_fs_44100,digital_amplitude_squared_per_hz,5.247477858538517e-08,1055.126953125,9.792637893806924e-08,1356.591796875,5.494675287080497e-07,2304.052734375
2025.06.18_0.3_3,index=14.562158,3,3.0,1,562158.7854,562158.7854_src-index=14.562158_chunk-0003.npy,376320.1201,1.493831329695093,welch_hann_2048_overlap_1024_fs_44100,digital_amplitude_squared_per_hz,6.566246110329935e-08,861.328125,1.1901785120721436e-07,1335.05859375,3.9208824266796043e-07,2282.51953125
2025.06.18_0.3_3,index=14.562158,4,4.0,1,562158.7854,562158.7854_src-index=14.562158_chunk-0004.npy,376320.1201,1.493831329695093,welch_hann_2048_overlap_1024_fs_44100,digital_amplitude_squared_per_hz,9.472307374283463e-08,1055.126953125,1.6421753048845215e-07,1335.05859375,7.370337197417496e-07,2304.052734375
2025.06.18_0.3_3,index=14.562158,5,5.0,1,562158.7854,562158.7854_src-index=14.562158_chunk-0005.npy,376320.1201,1.493831329695093,welch_hann_2048_overlap_1024_fs_44100,digital_amplitude_squared_per_hz,3.1388222294103684e-08,1055.126953125,1.0122206156925609e-07,1335.05859375,2.9710592799791025e-07,2304.052734375
2025.06.18_0.3_3,index=14.562158,6,6.0,1,562158.7854,562158.7854_src-index=14.562158_chunk-0006.npy,376320.1201,1.493831329695093,welch_hann_2048_overlap_1024_fs_44100,digital_amplitude_squared_per_hz,6.395689715523404e-08,1033.59375,1.300593887987117e-07,1356.591796875,4.5557448795202334e-07,2282.51953125
2025.06.18_0.3_3,index=14.562158,7,7.0,1,562158.7854,562158.7854_src-index=14.562158_chunk-0007.npy,376320.1201,1.493831329695093,welch_hann_2048_overlap_1024_fs_44100,digital_amplitude_squared_per_hz,6.703718287564234e-08,1033.59375,1.0577949660991961e-07,1356.591796875,4.3284357899860924e-07,2282.51953125
2025.06.18_0.3_3,index=14.562158,8,8.0,1,562158.7854,562158.7854_src-index=14.562158_chunk-0008.npy,376320.1201,1.493831329695093,welch_hann_2048_overlap_1024_fs_44100,digital_amplitude_squared_per_hz,4.603209151295176e-08,1055.126953125,1.0573406033971079e-07,1335.05859375,5.114000321633903e-07,2282.51953125
2025.06.18_0.3_3,index=14.562158,9,9.0,1,562158.7854,562158.7854_src-index=14.562158_chunk-0009.npy,376320.1201,1.493831329695093,welch_hann_2048_overlap_1024_fs_44100,digital_amplitude_squared_per_hz,8.207989364366199e-08,1055.126953125,1.6394898385517804e-07,1335.05859375,7.198850514374327e-07,2304.052734375
2025.06.18_0.3_3,index=14.562158,10,10.0,1,562158.7854,562158.7854_src-index=14.562158_chunk-0010.npy,376320.1201,1.493831329695093,welch_hann_2048_overlap_1024_fs_44100,digital_amplitude_squared_per_hz,9.749450384086117e-08,1076.66015625,1.7628558857958776e-07,1356.591796875,7.098829067350598e-07,2304.052734375
2025.06.18_0.3_3,index=14.562158,11,11.0,1,562158.7854,562158.7854_src-index=14.562158_chunk-0011.npy,376320.1201,1.493831329695093,welch_hann_2048_overlap_1024_fs_44100,digital_amplitude_squared_per_hz,4.258897394780506e-08,1055.126953125,9.605444506115632e-08,1356.591796875,4.244113641964375e-07,2304.052734375
2025.06.18_0.3_3,index=14.562158,12,12.0,1,562158.7854,562158.7854_src-index=14.562158_chunk-0012.npy,376320.1201,1.493831329695093,welch_hann_2048_overlap_1024_fs_44100,digital_amplitude_squared_per_hz,7.676573348464818e-08,1055.126953125,1.8639612867521127e-07,1335.05859375,5.953775793848226e-07,2304.052734375
2025.06.18_0.3_3,index=14.562158,13,13.0,1,562158.7854,562158.7854_src-index=14.562158_chunk-0013.npy,376320.1201,1.493831329695093,welch_hann_2048_overlap_1024_fs_44100,digital_amplitude_squared_per_hz,7.976532419154583e-08,1055.126953125,1.4844453898481717e-07,1356.591796875,5.689340817002641e-07,2304.052734375
2025.06.18_0.3_3,index=14.562158,14,14.0,1,562158.7854,562158.7854_src-index=14.562158_chunk-0014.npy,376320.1201,1.493831329695093,welch_hann_2048_overlap_1024_fs_44100,digital_amplitude_squared_per_hz,8.883356817767851e-08,1076.66015625,1.8538165751303987e-07,1335.05859375,7.467046319958784e-07,2282.51953125
2025.06.18_0.3_3,index=14.562158,15,15.0,1,562158.7854,562158.7854_src-index=14.562158_chunk-0015.npy,376320.1201,1.493831329695093,welch_hann_2048_overlap_1024_fs_44100,digital_amplitude_squared_per_hz,9.397043201832961e-08,1033.59375,1.5339243230706422e-07,1356.591796875,6.73252546349446e-07,2304.052734375
2025.06.18_0.3_3,index=14.562158,16,16.0,1,562158.7854,562158.7854_src-index=14.562158_chunk-0016.npy,376320.1201,1.493831329695093,welch_hann_2048_overlap_1024_fs_44100,digital_amplitude_squared_per_hz,5.339153860020598e-08,861.328125,8.712149838995958e-08,1335.05859375,4.837293092977558e-07,2325.5859375
2025.06.18_0.3_3,index=14.562158,17,17.0,1,562158.7854,562158.7854_src-index=14.562158_chunk-0017.npy,376320.1201,1.493831329695093,welch_hann_2048_overlap_1024_fs_44100,digital_amplitude_squared_per_hz,4.391219792584335e-08,861.328125,5.592434933593575e-08,1335.05859375,3.866691860687694e-07,2282.51953125
2025.06.18_0.3_3,index=14.562158,18,18.0,1,562158.7854,562158.7854_src-index=14.562158_chunk-0018.npy,376320.1201,1.493831329695093,welch_hann_2048_overlap_1024_fs_44100,digital_amplitude_squared_per_hz,1.3084207337262533e-07,1076.66015625,3.111369182294379e-07,1335.05859375,7.606951297290969e-07,2304.052734375
2025.06.18_0.3_3,index=14.562158,19,19.0,1,562158.7854,562158.7854_src-index=14.562158_chunk-0019.npy,376320.1201,1.493831329695093,welch_hann_2048_overlap_1024_fs_44100,digital_amplitude_squared_per_hz,9.35937309726818e-08,1055.126953125,1.3548580756165933e-07,1313.525390625,8.003878069891953e-07,2325.5859375
2025.06.18_0.3_3,index=14.562158,20,20.0,1,562158.7854,562158.7854_src-index=14.562158_chunk-0020.npy,376320.1201,1.493831329695093,welch_hann_2048_overlap_1024_fs_44100,digital_amplitude_squared_per_hz,9.829493791043431e-08,1033.59375,1.541414257146454e-07,1356.591796875,6.485554717300356e-07,2304.052734375
2025.06.18_0.3_3,index=14.562158,21,21.0,1,562158.7854,562158.7854_src-index=14.562158_chunk-0021.npy,376320.1201,1.493831329695093,welch_hann_2048_overlap_1024_fs_44100,digital_amplitude_squared_per_hz,1.245010637617452e-07,1076.66015625,2.705426891776753e-07,1356.591796875,8.163140427411003e-07,2304.052734375
2025.06.18_0.3_3,index=14.562158,22,22.0,1,562158.7854,562158.7854_src-index=14.562158_chunk-0022.npy,376320.1201,1.493831329695093,welch_hann_2048_overlap_1024_fs_44100,digital_amplitude_squared_per_hz,1.2434571161974582e-07,1076.66015625,2.2467636644029794e-07,1335.05859375,7.992756760218117e-07,2282.51953125
2025.06.18_0.3_3,index=14.562158,23,23.0,1,562158.7854,562158.7854_src-index=14.562158_chunk-0023.npy,376320.1201,1.493831329695093,welch_hann_2048_overlap_1024_fs_44100,digital_amplitude_squared_per_hz,7.891551829037318e-08,1055.126953125,1.6348355871129827e-07,1335.05859375,7.884907813161495e-07,2304.052734375
2025.06.18_0.3_3,index=14.562158,24,24.0,1,562158.7854,562158.7854_src-index=14.562158_chunk-0024.npy,376320.1201,1.493831329695093,welch_hann_2048_overlap_1024_fs_44100,digital_amplitude_squared_per_hz,6.973492387244359e-08,1076.66015625,1.1989530886801682e-07,1335.05859375,5.330163007477608e-07,2304.052734375
2025.06.18_0.3_3,index=14.562158,25,25.0,1,562158.7854,562158.7854_src-index=14.562158_chunk-0025.npy,376320.1201,1.493831329695093,welch_hann_2048_overlap_1024_fs_44100,digital_amplitude_squared_per_hz,5.539666287676815e-08,861.328125,9.456381234345773e-08,1335.05859375,4.975574198614001e-07,2304.052734375
2025.06.18_0.3_3,index=14.562158,26,26.0,1,562158.7854,562158.7854_src-index=14.562158_chunk-0026.npy,376320.1201,1.493831329695093,welch_hann_2048_overlap_1024_fs_44100,digital_amplitude_squared_per_hz,3.98290534733941e-08,1055.126953125,7.947062806321792e-08,1335.05859375,3.00695305091448e-07,2282.51953125
2025.06.18_0.3_3,index=14.562158,27,27.0,1,562158.7854,562158.7854_src-index=14.562158_chunk-0027.npy,376320.1201,1.493831329695093,welch_hann_2048_overlap_1024_fs_44100,digital_amplitude_squared_per_hz,1.049899245742029e-07,1055.126953125,1.9834675379170494e-07,1356.591796875,6.986694441168914e-07,2282.51953125
2025.06.18_0.3_3,index=14.562158,28,28.0,1,562158.7854,562158.7854_src-index=14.562158_chunk-0028.npy,376320.1201,1.493831329695093,welch_hann_2048_overlap_1024_fs_44100,digital_amplitude_squared_per_hz,8.009271594429411e-08,1033.59375,1.4084296000563137e-07,1356.591796875,7.307469231597584e-07,2282.51953125
2025.06.18_0.3_3,index=14.562158,29,29.0,1,562158.7854,562158.7854_src-index=14.562158_chunk-0029.npy,376320.1201,1.493831329695093,welch_hann_2048_overlap_1024_fs_44100,digital_amplitude_squared_per_hz,6.412654057711261e-08,1076.66015625,1.1612259857656611e-07,1335.05859375,4.473388740707781e-07,2282.51953125
2025.06.18_0.3_3,index=14.562158,30,30.0,1,562158.7854,562158.7854_src-index=14.562158_chunk-0030.npy,376320.1201,1.493831329695093,welch_hann_2048_overlap_1024_fs_44100,digital_amplitude_squared_per_hz,9.085298247275024e-08,861.328125,2.1654109730306438e-07,1335.05859375,5.469402937170317e-07,2282.51953125
2025.06.18_0.3_3,index=14.562158,31,31.0,1,562158.7854,562158.7854_src-index=14.562158_chunk-0031.npy,376320.1201,1.493831329695093,welch_hann_2048_overlap_1024_fs_44100,digital_amplitude_squared_per_hz,7.158604806740387e-08,861.328125,1.4378567618205822e-07,1335.05859375,3.9916283020720107e-07,2282.51953125
2025.06.18_0.3_3,index=14.562158,32,32.0,1,562158.7854,562158.7854_src-index=14.562158_chunk-0032.npy,376320.1201,1.493831329695093,welch_hann_2048_overlap_1024_fs_44100,digital_amplitude_squared_per_hz,7.350458094383732e-08,1033.59375,1.312359359661612e-07,1335.05859375,5.856933957322586e-07,2304.052734375
2025.06.18_0.3_3,index=14.562158,33,33.0,1,562158.7854,562158.7854_src-index=14.562158_chunk-0033.npy,376320.1201,1.493831329695093,welch_hann_2048_overlap_1024_fs_44100,digital_amplitude_squared_per_hz,8.09660103842316e-08,1076.66015625,1.2876748206228943e-07,1335.05859375,5.058980306143525e-07,2282.51953125
2025.06.18_0.3_3,index=14.562158,34,34.0,1,562158.7854,562158.7854_src-index=14.562158_chunk-0034.npy,376320.1201,1.493831329695093,welch_hann_2048_overlap_1024_fs_44100,digital_amplitude_squared_per_hz,6.350713582520955e-08,1055.126953125,1.3112891923895208e-07,1335.05859375,5.319112036495342e-07,2260.986328125
2025.06.18_0.3_3,index=14.562158,35,35.0,1,562158.7854,562158.7854_src-index=14.562158_chunk-0035.npy,376320.1201,1.493831329695093,welch_hann_2048_overlap_1024_fs_44100,digital_amplitude_squared_per_hz,7.467481860164392e-08,861.328125,1.7131432803945098e-07,1356.591796875,5.160041829706154e-07,2304.052734375
2025.06.18_0.3_3,index=14.562158,36,36.0,1,562158.7854,562158.7854_src-index=14.562158_chunk-0036.npy,376320.1201,1.493831329695093,welch_hann_2048_overlap_1024_fs_44100,digital_amplitude_squared_per_hz,7.653634797139636e-08,861.328125,1.575988489321213e-07,1335.05859375,8.717814979385862e-07,2304.052734375
2025.06.18_0.3_3,index=14.562158,37,37.0,1,562158.7854,562158.7854_src-index=14.562158_chunk-0037.npy,376320.1201,1.493831329695093,welch_hann_2048_overlap_1024_fs_44100,digital_amplitude_squared_per_hz,8.209642290703974e-08,1033.59375,1.5276931885800565e-07,1335.05859375,7.076639858936343e-07,2304.052734375
2025.06.18_0.3_3,index=14.562158,38,38.0,1,562158.7854,562158.7854_src-index=14.562158_chunk-0038.npy,376320.1201,1.493831329695093,welch_hann_2048_overlap_1024_fs_44100,digital_amplitude_squared_per_hz,8.15802355904138e-08,1055.126953125,1.844055649202093e-07,1335.05859375,6.017708168374865e-07,2304.052734375
2025.06.18_0.3_3,index=14.562158,39,39.0,1,562158.7854,562158.7854_src-index=14.562158_chunk-0039.npy,376320.1201,1.493831329695093,welch_hann_2048_overlap_1024_fs_44100,digital_amplitude_squared_per_hz,6.70053889574794e-08,1055.126953125,1.2380510851494456e-07,1356.591796875,3.9655120254452705e-07,2304.052734375
2025.06.18_0.3_3,index=14.562158,40,40.0,1,562158.7854,562158.7854_src-index=14.562158_chunk-0040.npy,376320.1201,1.493831329695093,welch_hann_2048_overlap_1024_fs_44100,digital_amplitude_squared_per_hz,9.354878116990392e-08,1055.126953125,1.4444016865667888e-07,1356.591796875,6.950520408397297e-07,2304.052734375
2025.06.18_0.3_3,index=14.562158,41,41.0,1,562158.7854,562158.7854_src-index=14.562158_chunk-0041.npy,376320.1201,1.493831329695093,welch_hann_2048_overlap_1024_fs_44100,digital_amplitude_squared_per_hz,7.52004814571965e-08,1033.59375,1.3848823499629896e-07,1356.591796875,5.881928414774178e-07,2282.51953125
2025.06.18_0.3_3,index=14.562158,42,42.0,1,562158.7854,562158.7854_src-index=14.562158_chunk-0042.npy,376320.1201,1.493831329695093,welch_hann_2048_overlap_1024_fs_44100,digital_amplitude_squared_per_hz,7.687221431461067e-08,1012.060546875,1.5883813097468934e-07,1356.591796875,5.815200326912114e-07,2282.51953125
2025.06.18_0.3_3,index=14.562158,43,43.0,1,562158.7854,562158.7854_src-index=14.562158_chunk-0043.npy,376320.1201,1.493831329695093,welch_hann_2048_overlap_1024_fs_44100,digital_amplitude_squared_per_hz,1.0389726899674197e-07,861.328125,1.6327605033404752e-07,1335.05859375,5.584598047666578e-07,2304.052734375
2025.06.18_0.3_3,index=14.562158,44,44.0,1,562158.7854,562158.7854_src-index=14.562158_chunk-0044.npy,376320.1201,1.493831329695093,welch_hann_2048_overlap_1024_fs_44100,digital_amplitude_squared_per_hz,7.023610311817016e-08,1076.66015625,1.9215514158441056e-07,1335.05859375,4.2515413510326436e-07,2304.052734375
2025.06.18_0.3_3,index=14.562158,45,45.0,1,562158.7854,562158.7854_src-index=14.562158_chunk-0045.npy,376320.1201,1.493831329695093,welch_hann_2048_overlap_1024_fs_44100,digital_amplitude_squared_per_hz,1.0936637635220971e-07,1033.59375,2.1698320213646185e-07,1335.05859375,6.225599438081737e-07,2304.052734375
2025.06.18_0.3_3,index=14.562158,46,46.0,1,562158.7854,562158.7854_src-index=14.562158_chunk-0046.npy,376320.1201,1.493831329695093,welch_hann_2048_overlap_1024_fs_44100,digital_amplitude_squared_per_hz,1.229863490042985e-07,1076.66015625,1.9365268952026596e-07,1335.05859375,6.892937180310838e-07,2304.052734375
2025.06.18_0.3_3,index=14.562158,47,47.0,1,562158.7854,562158.7854_src-index=14.562158_chunk-0047.npy,376320.1201,1.493831329695093,welch_hann_2048_overlap_1024_fs_44100,digital_amplitude_squared_per_hz,9.210981246526441e-08,861.328125,1.8174942929225354e-07,1356.591796875,6.977934998285262e-07,2304.052734375
2025.06.18_0.3_3,index=14.562158,48,48.0,1,562158.7854,562158.7854_src-index=14.562158_chunk-0048.npy,376320.1201,1.493831329695093,welch_hann_2048_overlap_1024_fs_44100,digital_amplitude_squared_per_hz,7.750657928861665e-08,1076.66015625,1.1208249568771887e-07,1335.05859375,3.697867638849854e-07,2282.51953125
2025.06.18_0.3_3,index=14.562158,49,49.0,1,562158.7854,562158.7854_src-index=14.562158_chunk-0049.npy,376320.1201,1.493831329695093,welch_hann_2048_overlap_1024_fs_44100,digital_amplitude_squared_per_hz,5.8033494560831585e-08,1055.126953125,1.4278094376285134e-07,1356.591796875,3.278608829232489e-07,2304.052734375
2025.06.18_0.3_3,index=14.562158,50,50.0,1,562158.7854,562158.7854_src-index=14.562158_chunk-0050.npy,376320.1201,1.493831329695093,welch_hann_2048_overlap_1024_fs_44100,digital_amplitude_squared_per_hz,6.693223718389695e-08,861.328125,1.2251389100557137e-07,1335.05859375,5.792327605942151e-07,2304.052734375
2025.06.18_0.3_3,index=14.562158,51,51.0,1,562158.7854,562158.7854_src-index=14.562158_chunk-0051.npy,376320.1201,1.493831329695093,welch_hann_2048_overlap_1024_fs_44100,digital_amplitude_squared_per_hz,1.239948509690747e-07,861.328125,2.170276556307255e-07,1356.591796875,7.903328761275126e-07,2304.052734375
2025.06.18_0.3_3,index=14.562158,52,52.0,1,562158.7854,562158.7854_src-index=14.562158_chunk-0052.npy,376320.1201,1.493831329695093,welch_hann_2048_overlap_1024_fs_44100,digital_amplitude_squared_per_hz,6.812174322290853e-08,1076.66015625,1.7281694407820278e-07,1335.05859375,4.677492471746294e-07,2304.052734375
2025.06.18_0.3_3,index=14.562158,53,53.0,1,562158.7854,562158.7854_src-index=14.562158_chunk-0053.npy,376320.1201,1.493831329695093,welch_hann_2048_overlap_1024_fs_44100,digital_amplitude_squared_per_hz,1.0825457801492021e-07,1076.66015625,1.5761484433763757e-07,1335.05859375,6.58807993802518e-07,2282.51953125
2025.06.18_0.3_3,index=14.562158,54,54.0,1,562158.7854,562158.7854_src-index=14.562158_chunk-0054.npy,376320.1201,1.493831329695093,welch_hann_2048_overlap_1024_fs_44100,digital_amplitude_squared_per_hz,5.996992984595153e-08,1055.126953125,1.5251515804417428e-07,1356.591796875,4.912222980997271e-07,2282.51953125
2025.06.18_0.3_3,index=14.562158,55,55.0,1,562158.7854,562158.7854_src-index=14.562158_chunk-0055.npy,376320.1201,1.493831329695093,welch_hann_2048_overlap_1024_fs_44100,digital_amplitude_squared_per_hz,8.230702427579338e-08,1033.59375,1.5755912119177295e-07,1356.591796875,5.999136770416288e-07,2282.51953125
2025.06.18_0.3_3,index=14.562158,56,56.0,1,562158.7854,562158.7854_src-index=14.562158_chunk-0056.npy,376320.1201,1.493831329695093,welch_hann_2048_overlap_1024_fs_44100,digital_amplitude_squared_per_hz,1.0241515102190397e-07,1055.126953125,1.5500295715013117e-07,1356.591796875,5.521218138850307e-07,2282.51953125
2025.06.18_0.3_3,index=14.562158,57,57.0,1,562158.7854,562158.7854_src-index=14.562158_chunk-0057.npy,376320.1201,1.493831329695093,welch_hann_2048_overlap_1024_fs_44100,digital_amplitude_squared_per_hz,5.682566689075592e-08,1055.126953125,1.237822945665297e-07,1356.591796875,5.196545554879563e-07,2304.052734375
2025.06.18_0.3_3,index=14.562158,58,58.0,1,562158.7854,562158.7854_src-index=14.562158_chunk-0058.npy,376320.1201,1.493831329695093,welch_hann_2048_overlap_1024_fs_44100,digital_amplitude_squared_per_hz,1.4255251738944456e-07,861.328125,2.0794006699171678e-07,1356.591796875,1.0169032811351874e-06,2304.052734375
2025.06.18_0.3_3,index=14.562158,59,59.0,1,562158.7854,562158.7854_src-index=14.562158_chunk-0059.npy,376320.1201,1.493831329695093,welch_hann_2048_overlap_1024_fs_44100,digital_amplitude_squared_per_hz,1.0119021214708093e-07,1076.66015625,1.602533794674545e-07,1356.591796875,8.21401477250821e-07,2304.052734375
2025.06.18_0.3_3,index=15.633482,0,0.0,1,633482.536,633482.536_src-index=15.633482_chunk-0000.npy,376320.1201,1.6833607935490238,welch_hann_2048_overlap_1024_fs_44100,digital_amplitude_squared_per_hz,9.067309156705295e-08,1055.126953125,1.645465981020789e-07,1335.05859375,7.648224286692516e-07,2282.51953125
2025.06.18_0.3_3,index=15.633482,1,1.0,1,633482.536,633482.536_src-index=15.633482_chunk-0001.npy,376320.1201,1.6833607935490238,welch_hann_2048_overlap_1024_fs_44100,digital_amplitude_squared_per_hz,1.3942053634907943e-07,1076.66015625,2.6554414910538355e-07,1356.591796875,1.074328028415351e-06,2304.052734375
2025.06.18_0.3_3,index=15.633482,2,2.0,1,633482.536,633482.536_src-index=15.633482_chunk-0002.npy,376320.1201,1.6833607935490238,welch_hann_2048_overlap_1024_fs_44100,digital_amplitude_squared_per_hz,1.0428761770519437e-07,1033.59375,1.8004680957829906e-07,1378.125,1.1611813937767258e-06,2304.052734375
2025.06.18_0.3_3,index=15.633482,3,3.0,1,633482.536,633482.536_src-index=15.633482_chunk-0003.npy,376320.1201,1.6833607935490238,welch_hann_2048_overlap_1024_fs_44100,digital_amplitude_squared_per_hz,1.2318455453558e-07,1055.126953125,2.3416655746960363e-07,1335.05859375,1.1043077705052469e-06,2304.052734375
2025.06.18_0.3_3,index=15.633482,4,4.0,1,633482.536,633482.536_src-index=15.633482_chunk-0004.npy,376320.1201,1.6833607935490238,welch_hann_2048_overlap_1024_fs_44100,digital_amplitude_squared_per_hz,1.2457744318350176e-07,1076.66015625,2.2862753353069555e-07,1356.591796875,1.3302603763172655e-06,2304.052734375
2025.06.18_0.3_3,index=15.633482,5,5.0,1,633482.536,633482.536_src-index=15.633482_chunk-0005.npy,376320.1201,1.6833607935490238,welch_hann_2048_overlap_1024_fs_44100,digital_amplitude_squared_per_hz,1.3749758370306157e-07,861.328125,2.0654568908612458e-07,1335.05859375,1.283004480471796e-06,2325.5859375
2025.06.18_0.3_3,index=15.633482,6,6.0,1,633482.536,633482.536_src-index=15.633482_chunk-0006.npy,376320.1201,1.6833607935490238,welch_hann_2048_overlap_1024_fs_44100,digital_amplitude_squared_per_hz,1.2402325912010695e-07,1076.66015625,1.9092555314312725e-07,1378.125,1.0263586111214638e-06,2304.052734375
2025.06.18_0.3_3,index=15.633482,7,7.0,1,633482.536,633482.536_src-index=15.633482_chunk-0007.npy,376320.1201,1.6833607935490238,welch_hann_2048_overlap_1024_fs_44100,digital_amplitude_squared_per_hz,1.0600247823022174e-07,1076.66015625,2.048930365059707e-07,1335.05859375,8.996104469862807e-07,2282.51953125
2025.06.18_0.3_3,index=15.633482,8,8.0,1,633482.536,633482.536_src-index=15.633482_chunk-0008.npy,376320.1201,1.6833607935490238,welch_hann_2048_overlap_1024_fs_44100,digital_amplitude_squared_per_hz,1.3461448109861498e-07,861.328125,2.45330041141995e-07,1356.591796875,1.1276337256751726e-06,2304.052734375
2025.06.18_0.3_3,index=15.633482,9,9.0,1,633482.536,633482.536_src-index=15.633482_chunk-0009.npy,376320.1201,1.6833607935490238,welch_hann_2048_overlap_1024_fs_44100,digital_amplitude_squared_per_hz,1.129633000102311e-07,861.328125,2.411182384606027e-07,1335.05859375,1.3980039545090974e-06,2304.052734375
2025.06.18_0.3_3,index=15.633482,10,10.0,1,633482.536,633482.536_src-index=15.633482_chunk-0010.npy,376320.1201,1.6833607935490238,welch_hann_2048_overlap_1024_fs_44100,digital_amplitude_squared_per_hz,1.3782181374821735e-07,1076.66015625,3.1439518384067613e-07,1356.591796875,1.596764306017383e-06,2304.052734375
2025.06.18_0.3_3,index=15.633482,11,11.0,1,633482.536,633482.536_src-index=15.633482_chunk-0011.npy,376320.1201,1.6833607935490238,welch_hann_2048_overlap_1024_fs_44100,digital_amplitude_squared_per_hz,1.1769640858341568e-07,861.328125,3.0441069146339513e-07,1356.591796875,1.1381963289961505e-06,2304.052734375
2025.06.18_0.3_3,index=15.633482,12,12.0,1,633482.536,633482.536_src-index=15.633482_chunk-0012.npy,376320.1201,1.6833607935490238,welch_hann_2048_overlap_1024_fs_44100,digital_amplitude_squared_per_hz,1.7770788216643204e-07,1055.126953125,3.137693361987885e-07,1356.591796875,1.0793683675019004e-06,2304.052734375
2025.06.18_0.3_3,index=15.633482,13,13.0,1,633482.536,633482.536_src-index=15.633482_chunk-0013.npy,376320.1201,1.6833607935490238,welch_hann_2048_overlap_1024_fs_44100,digital_amplitude_squared_per_hz,1.2118781755302867e-07,1055.126953125,2.749135560195902e-07,1356.591796875,1.087478769555192e-06,2304.052734375
2025.06.18_0.3_3,index=15.633482,14,14.0,1,633482.536,633482.536_src-index=15.633482_chunk-0014.npy,376320.1201,1.6833607935490238,welch_hann_2048_overlap_1024_fs_44100,digital_amplitude_squared_per_hz,1.169503633264474e-07,1055.126953125,2.6436615882918307e-07,1356.591796875,1.5227935248561642e-06,2304.052734375
2025.06.18_0.3_3,index=15.633482,15,15.0,1,633482.536,633482.536_src-index=15.633482_chunk-0015.npy,376320.1201,1.6833607935490238,welch_hann_2048_overlap_1024_fs_44100,digital_amplitude_squared_per_hz,1.7356557707912496e-07,1055.126953125,2.988967801238943e-07,1356.591796875,1.476847546267425e-06,2282.51953125
2025.06.18_0.3_3,index=15.633482,16,16.0,1,633482.536,633482.536_src-index=15.633482_chunk-0016.npy,376320.1201,1.6833607935490238,welch_hann_2048_overlap_1024_fs_44100,digital_amplitude_squared_per_hz,1.5029187204794568e-07,861.328125,2.6766671584756563e-07,1356.591796875,1.4473495590477983e-06,2304.052734375
2025.06.18_0.3_3,index=15.633482,17,17.0,1,633482.536,633482.536_src-index=15.633482_chunk-0017.npy,376320.1201,1.6833607935490238,welch_hann_2048_overlap_1024_fs_44100,digital_amplitude_squared_per_hz,1.3886202817895478e-07,1033.59375,2.1565418982849346e-07,1335.05859375,1.0019830686160848e-06,2304.052734375
2025.06.18_0.3_3,index=15.633482,18,18.0,1,633482.536,633482.536_src-index=15.633482_chunk-0018.npy,376320.1201,1.6833607935490238,welch_hann_2048_overlap_1024_fs_44100,digital_amplitude_squared_per_hz,7.044019185929816e-08,1076.66015625,1.9878433409831256e-07,1356.591796875,9.634930639974329e-07,2304.052734375
2025.06.18_0.3_3,index=15.633482,19,19.0,1,633482.536,633482.536_src-index=15.633482_chunk-0019.npy,376320.1201,1.6833607935490238,welch_hann_2048_overlap_1024_fs_44100,digital_amplitude_squared_per_hz,1.2128620064116466e-07,861.328125,2.144988700579161e-07,1356.591796875,1.1535032950385362e-06,2304.052734375
2025.06.18_0.3_3,index=15.633482,20,20.0,1,633482.536,633482.536_src-index=15.633482_chunk-0020.npy,376320.1201,1.6833607935490238,welch_hann_2048_overlap_1024_fs_44100,digital_amplitude_squared_per_hz,1.5303590424605123e-07,1055.126953125,2.843747198304303e-07,1356.591796875,1.2303721861016347e-06,2304.052734375
2025.06.18_0.3_3,index=15.633482,21,21.0,1,633482.536,633482.536_src-index=15.633482_chunk-0021.npy,376320.1201,1.6833607935490238,welch_hann_2048_overlap_1024_fs_44100,digital_amplitude_squared_per_hz,8.397107530362301e-08,1033.59375,2.39425778555756e-07,1335.05859375,1.0271603913128293e-06,2304.052734375
2025.06.18_0.3_3,index=15.633482,22,22.0,1,633482.536,633482.536_src-index=15.633482_chunk-0022.npy,376320.1201,1.6833607935490238,welch_hann_2048_overlap_1024_fs_44100,digital_amplitude_squared_per_hz,1.3613184627203102e-07,1076.66015625,1.8551468413778343e-07,1335.05859375,1.0258269080289645e-06,2304.052734375
2025.06.18_0.3_3,index=15.633482,23,23.0,1,633482.536,633482.536_src-index=15.633482_chunk-0023.npy,376320.1201,1.6833607935490238,welch_hann_2048_overlap_1024_fs_44100,digital_amplitude_squared_per_hz,1.330827862114481e-07,1076.66015625,1.8041305508040286e-07,1335.05859375,1.1675675067608043e-06,2282.51953125
2025.06.18_0.3_3,index=15.633482,24,24.0,1,633482.536,633482.536_src-index=15.633482_chunk-0024.npy,376320.1201,1.6833607935490238,welch_hann_2048_overlap_1024_fs_44100,digital_amplitude_squared_per_hz,1.820314050637846e-07,1076.66015625,3.6748675864792563e-07,1356.591796875,1.3011814244949134e-06,2282.51953125
2025.06.18_0.3_3,index=15.633482,25,25.0,1,633482.536,633482.536_src-index=15.633482_chunk-0025.npy,376320.1201,1.6833607935490238,welch_hann_2048_overlap_1024_fs_44100,digital_amplitude_squared_per_hz,9.63153355026383e-08,1055.126953125,1.6662677532248832e-07,1356.591796875,1.1527929657130268e-06,2304.052734375
2025.06.18_0.3_3,index=15.633482,26,26.0,1,633482.536,633482.536_src-index=15.633482_chunk-0026.npy,376320.1201,1.6833607935490238,welch_hann_2048_overlap_1024_fs_44100,digital_amplitude_squared_per_hz,8.490129170887033e-08,861.328125,2.1538647837270848e-07,1335.05859375,1.0889642705026813e-06,2304.052734375
2025.06.18_0.3_3,index=15.633482,27,27.0,1,633482.536,633482.536_src-index=15.633482_chunk-0027.npy,376320.1201,1.6833607935490238,welch_hann_2048_overlap_1024_fs_44100,digital_amplitude_squared_per_hz,8.838953458212338e-08,1076.66015625,1.6266652000587594e-07,1356.591796875,8.475366554278424e-07,2304.052734375
2025.06.18_0.3_3,index=15.633482,28,28.0,1,633482.536,633482.536_src-index=15.633482_chunk-0028.npy,376320.1201,1.6833607935490238,welch_hann_2048_overlap_1024_fs_44100,digital_amplitude_squared_per_hz,1.1382423070412361e-07,1055.126953125,2.646076872691034e-07,1356.591796875,1.0031649492364063e-06,2347.119140625
2025.06.18_0.3_3,index=15.633482,29,29.0,1,633482.536,633482.536_src-index=15.633482_chunk-0029.npy,376320.1201,1.6833607935490238,welch_hann_2048_overlap_1024_fs_44100,digital_amplitude_squared_per_hz,8.405675295051119e-08,1076.66015625,1.0608783593180682e-07,1356.591796875,6.743390864058743e-07,2282.51953125
2025.06.18_0.3_3,index=15.633482,30,30.0,1,633482.536,633482.536_src-index=15.633482_chunk-0030.npy,376320.1201,1.6833607935490238,welch_hann_2048_overlap_1024_fs_44100,digital_amplitude_squared_per_hz,1.1891696289587661e-07,1055.126953125,2.6558978517018326e-07,1356.591796875,1.2526612057254796e-06,2304.052734375
2025.06.18_0.3_3,index=15.633482,31,31.0,1,633482.536,633482.536_src-index=15.633482_chunk-0031.npy,376320.1201,1.6833607935490238,welch_hann_2048_overlap_1024_fs_44100,digital_amplitude_squared_per_hz,1.3274432889894303e-07,1055.126953125,2.1578243323711732e-07,1335.05859375,9.819750545774332e-07,2304.052734375
2025.06.18_0.3_3,index=15.633482,32,32.0,1,633482.536,633482.536_src-index=15.633482_chunk-0032.npy,376320.1201,1.6833607935490238,welch_hann_2048_overlap_1024_fs_44100,digital_amplitude_squared_per_hz,1.1162526475732158e-07,1076.66015625,2.7700956155670765e-07,1356.591796875,9.540612549407927e-07,2325.5859375
2025.06.18_0.3_3,index=15.633482,33,33.0,1,633482.536,633482.536_src-index=15.633482_chunk-0033.npy,376320.1201,1.6833607935490238,welch_hann_2048_overlap_1024_fs_44100,digital_amplitude_squared_per_hz,1.3093641522357702e-07,1055.126953125,2.1414911268408763e-07,1356.591796875,8.57414522360868e-07,2304.052734375
2025.06.18_0.3_3,index=15.633482,34,34.0,1,633482.536,633482.536_src-index=15.633482_chunk-0034.npy,376320.1201,1.6833607935490238,welch_hann_2048_overlap_1024_fs_44100,digital_amplitude_squared_per_hz,1.1346679590747585e-07,1076.66015625,2.1773116654435364e-07,1335.05859375,1.1005721009195609e-06,2304.052734375
2025.06.18_0.3_3,index=15.633482,35,35.0,1,633482.536,633482.536_src-index=15.633482_chunk-0035.npy,376320.1201,1.6833607935490238,welch_hann_2048_overlap_1024_fs_44100,digital_amplitude_squared_per_hz,1.4287432070392634e-07,861.328125,2.3517782228060873e-07,1335.05859375,1.2878816719896526e-06,2325.5859375
2025.06.18_0.3_3,index=15.633482,36,36.0,1,633482.536,633482.536_src-index=15.633482_chunk-0036.npy,376320.1201,1.6833607935490238,welch_hann_2048_overlap_1024_fs_44100,digital_amplitude_squared_per_hz,8.057081165868644e-08,861.328125,1.6062273986095878e-07,1335.05859375,8.790704210966342e-07,2304.052734375
2025.06.18_0.3_3,index=15.633482,37,37.0,1,633482.536,633482.536_src-index=15.633482_chunk-0037.npy,376320.1201,1.6833607935490238,welch_hann_2048_overlap_1024_fs_44100,digital_amplitude_squared_per_hz,8.253879103187044e-08,1076.66015625,1.5468694084153283e-07,1356.591796875,7.873157037803993e-07,2304.052734375
2025.06.18_0.3_3,index=15.633482,38,38.0,1,633482.536,633482.536_src-index=15.633482_chunk-0038.npy,376320.1201,1.6833607935490238,welch_hann_2048_overlap_1024_fs_44100,digital_amplitude_squared_per_hz,1.3580465853345902e-07,1076.66015625,2.1882240339464107e-07,1356.591796875,9.420772823700599e-07,2304.052734375
2025.06.18_0.3_3,index=15.633482,39,39.0,1,633482.536,633482.536_src-index=15.633482_chunk-0039.npy,376320.1201,1.6833607935490238,welch_hann_2048_overlap_1024_fs_44100,digital_amplitude_squared_per_hz,9.452282606812404e-08,1076.66015625,1.328075896096622e-07,1313.525390625,7.553980875763619e-07,2304.052734375
2025.06.18_0.3_3,index=15.633482,40,40.0,1,633482.536,633482.536_src-index=15.633482_chunk-0040.npy,376320.1201,1.6833607935490238,welch_hann_2048_overlap_1024_fs_44100,digital_amplitude_squared_per_hz,1.3775480796934617e-07,1076.66015625,3.514594823381351e-07,1335.05859375,1.0485411506288874e-06,2304.052734375
2025.06.18_0.3_3,index=15.633482,41,41.0,1,633482.536,633482.536_src-index=15.633482_chunk-0041.npy,376320.1201,1.6833607935490238,welch_hann_2048_overlap_1024_fs_44100,digital_amplitude_squared_per_hz,1.3339376665650038e-07,861.328125,2.2692998796328702e-07,1335.05859375,1.2757513520020118e-06,2325.5859375
2025.06.18_0.3_3,index=15.633482,42,42.0,1,633482.536,633482.536_src-index=15.633482_chunk-0042.npy,376320.1201,1.6833607935490238,welch_hann_2048_overlap_1024_fs_44100,digital_amplitude_squared_per_hz,1.1794493334869171e-07,861.328125,2.676882530821258e-07,1313.525390625,1.448511252226093e-06,2304.052734375
2025.06.18_0.3_3,index=15.633482,43,43.0,1,633482.536,633482.536_src-index=15.633482_chunk-0043.npy,376320.1201,1.6833607935490238,welch_hann_2048_overlap_1024_fs_44100,digital_amplitude_squared_per_hz,1.700602240546289e-07,1076.66015625,2.961780632162455e-07,1356.591796875,1.3798866249949447e-06,2304.052734375
2025.06.18_0.3_3,index=15.633482,44,44.0,1,633482.536,633482.536_src-index=15.633482_chunk-0044.npy,376320.1201,1.6833607935490238,welch_hann_2048_overlap_1024_fs_44100,digital_amplitude_squared_per_hz,1.4930305013510238e-07,1055.126953125,2.749157319104475e-07,1335.05859375,1.5241730800198476e-06,2282.51953125
2025.06.18_0.3_3,index=15.633482,45,45.0,1,633482.536,633482.536_src-index=15.633482_chunk-0045.npy,376320.1201,1.6833607935490238,welch_hann_2048_overlap_1024_fs_44100,digital_amplitude_squared_per_hz,1.6382816542525823e-07,1076.66015625,2.945420444079626e-07,1356.591796875,1.461696407650644e-06,2282.51953125
2025.06.18_0.3_3,index=15.633482,46,46.0,1,633482.536,633482.536_src-index=15.633482_chunk-0046.npy,376320.1201,1.6833607935490238,welch_hann_2048_overlap_1024_fs_44100,digital_amplitude_squared_per_hz,1.557333166029537e-07,861.328125,2.5165238489943705e-07,1335.05859375,1.4439053125939014e-06,2304.052734375
2025.06.18_0.3_3,index=15.633482,47,47.0,1,633482.536,633482.536_src-index=15.633482_chunk-0047.npy,376320.1201,1.6833607935490238,welch_hann_2048_overlap_1024_fs_44100,digital_amplitude_squared_per_hz,1.363753287998374e-07,861.328125,3.576287383625259e-07,1356.591796875,1.7201029035176272e-06,2304.052734375
2025.06.18_0.3_3,index=15.633482,48,48.0,1,633482.536,633482.536_src-index=15.633482_chunk-0048.npy,376320.1201,1.6833607935490238,welch_hann_2048_overlap_1024_fs_44100,digital_amplitude_squared_per_hz,1.0562542630126502e-07,1033.59375,1.960119010139128e-07,1356.591796875,1.24181963024709e-06,2304.052734375
2025.06.18_0.3_3,index=15.633482,49,49.0,1,633482.536,633482.536_src-index=15.633482_chunk-0049.npy,376320.1201,1.6833607935490238,welch_hann_2048_overlap_1024_fs_44100,digital_amplitude_squared_per_hz,1.3248111393142143e-07,1055.126953125,1.9816781758074596e-07,1335.05859375,1.148372690976481e-06,2304.052734375
2025.06.18_0.3_3,index=15.633482,50,50.0,1,633482.536,633482.536_src-index=15.633482_chunk-0050.npy,376320.1201,1.6833607935490238,welch_hann_2048_overlap_1024_fs_44100,digital_amplitude_squared_per_hz,1.1481579816452499e-07,1076.66015625,2.3453068285433046e-07,1335.05859375,1.2208366700532462e-06,2282.51953125
2025.06.18_0.3_3,index=15.633482,51,51.0,1,633482.536,633482.536_src-index=15.633482_chunk-0051.npy,376320.1201,1.6833607935490238,welch_hann_2048_overlap_1024_fs_44100,digital_amplitude_squared_per_hz,1.726711161117772e-07,1076.66015625,4.398630735273626e-07,1335.05859375,1.8478231916856548e-06,2260.986328125
2025.06.18_0.3_3,index=15.633482,52,52.0,1,633482.536,633482.536_src-index=15.633482_chunk-0052.npy,376320.1201,1.6833607935490238,welch_hann_2048_overlap_1024_fs_44100,digital_amplitude_squared_per_hz,1.4136554152143028e-07,1055.126953125,2.679749401561055e-07,1356.591796875,1.36360049013111e-06,2304.052734375
2025.06.18_0.3_3,index=15.633482,53,53.0,1,633482.536,633482.536_src-index=15.633482_chunk-0053.npy,376320.1201,1.6833607935490238,welch_hann_2048_overlap_1024_fs_44100,digital_amplitude_squared_per_hz,1.625008754980379e-07,1055.126953125,3.059786135715666e-07,1335.05859375,1.1614840815646616e-06,2282.51953125
2025.06.18_0.3_3,index=15.633482,54,54.0,1,633482.536,633482.536_src-index=15.633482_chunk-0054.npy,376320.1201,1.6833607935490238,welch_hann_2048_overlap_1024_fs_44100,digital_amplitude_squared_per_hz,1.3391963010944278e-07,1055.126953125,1.7498104771818834e-07,1356.591796875,9.458705635731208e-07,2304.052734375
2025.06.18_0.3_3,index=15.633482,55,55.0,1,633482.536,633482.536_src-index=15.633482_chunk-0055.npy,376320.1201,1.6833607935490238,welch_hann_2048_overlap_1024_fs_44100,digital_amplitude_squared_per_hz,1.1473227639382775e-07,1076.66015625,1.966485146327919e-07,1356.591796875,8.510544708451926e-07,2282.51953125
2025.06.18_0.3_3,index=15.633482,56,56.0,1,633482.536,633482.536_src-index=15.633482_chunk-0056.npy,376320.1201,1.6833607935490238,welch_hann_2048_overlap_1024_fs_44100,digital_amplitude_squared_per_hz,1.0182328035459598e-07,1033.59375,2.531844911719464e-07,1356.591796875,1.235453072846912e-06,2282.51953125
2025.06.18_0.3_3,index=15.633482,57,57.0,1,633482.536,633482.536_src-index=15.633482_chunk-0057.npy,376320.1201,1.6833607935490238,welch_hann_2048_overlap_1024_fs_44100,digital_amplitude_squared_per_hz,1.33086453908472e-07,861.328125,2.5691745354331263e-07,1335.05859375,9.836483339044574e-07,2304.052734375
2025.06.18_0.3_3,index=15.633482,58,58.0,1,633482.536,633482.536_src-index=15.633482_chunk-0058.npy,376320.1201,1.6833607935490238,welch_hann_2048_overlap_1024_fs_44100,digital_amplitude_squared_per_hz,1.2454241591172763e-07,1055.126953125,2.1319190651964518e-07,1356.591796875,9.330482439253553e-07,2304.052734375
2025.06.18_0.3_3,index=15.633482,59,59.0,1,633482.536,633482.536_src-index=15.633482_chunk-0059.npy,376320.1201,1.6833607935490238,welch_hann_2048_overlap_1024_fs_44100,digital_amplitude_squared_per_hz,1.004072770378055e-07,1055.126953125,1.607912383812996e-07,1335.05859375,9.301169886566333e-07,2304.052734375
2025.06.18_0.3_3,index=16.709792,0,0.0,1,709792.7143,709792.7143_src-index=16.709792_chunk-0000.npy,376320.1201,1.8861407519517848,welch_hann_2048_overlap_1024_fs_44100,digital_amplitude_squared_per_hz,1.3111173319110315e-07,1055.126953125,3.3712591981646847e-07,1356.591796875,1.4027179138376773e-06,2282.51953125
2025.06.18_0.3_3,index=16.709792,1,1.0,1,709792.7143,709792.7143_src-index=16.709792_chunk-0001.npy,376320.1201,1.8861407519517848,welch_hann_2048_overlap_1024_fs_44100,digital_amplitude_squared_per_hz,1.9362829132848577e-07,1055.126953125,4.174356486016955e-07,1356.591796875,1.7200320357229542e-06,2304.052734375
2025.06.18_0.3_3,index=16.709792,2,2.0,1,709792.7143,709792.7143_src-index=16.709792_chunk-0002.npy,376320.1201,1.8861407519517848,welch_hann_2048_overlap_1024_fs_44100,digital_amplitude_squared_per_hz,2.111658429009085e-07,1055.126953125,3.988631179248365e-07,1335.05859375,1.7593859392104608e-06,2325.5859375
2025.06.18_0.3_3,index=16.709792,3,3.0,1,709792.7143,709792.7143_src-index=16.709792_chunk-0003.npy,376320.1201,1.8861407519517848,welch_hann_2048_overlap_1024_fs_44100,digital_amplitude_squared_per_hz,1.673393677146155e-07,1076.66015625,3.235669550728414e-07,1356.591796875,1.5852599133467482e-06,2304.052734375
2025.06.18_0.3_3,index=16.709792,4,4.0,1,709792.7143,709792.7143_src-index=16.709792_chunk-0004.npy,376320.1201,1.8861407519517848,welch_hann_2048_overlap_1024_fs_44100,digital_amplitude_squared_per_hz,1.7078906741210108e-07,1076.66015625,3.0490858737363317e-07,1335.05859375,1.2530507500500215e-06,2282.51953125
2025.06.18_0.3_3,index=16.709792,5,5.0,1,709792.7143,709792.7143_src-index=16.709792_chunk-0005.npy,376320.1201,1.8861407519517848,welch_hann_2048_overlap_1024_fs_44100,digital_amplitude_squared_per_hz,1.5095978548811802e-07,1055.126953125,3.220427391693575e-07,1356.591796875,1.7369773158565665e-06,2304.052734375
2025.06.18_0.3_3,index=16.709792,6,6.0,1,709792.7143,709792.7143_src-index=16.709792_chunk-0006.npy,376320.1201,1.8861407519517848,welch_hann_2048_overlap_1024_fs_44100,digital_amplitude_squared_per_hz,1.8712515256209498e-07,861.328125,4.963537653224137e-07,1356.591796875,1.8686242736618343e-06,2304.052734375
2025.06.18_0.3_3,index=16.709792,7,7.0,1,709792.7143,709792.7143_src-index=16.709792_chunk-0007.npy,376320.1201,1.8861407519517848,welch_hann_2048_overlap_1024_fs_44100,digital_amplitude_squared_per_hz,2.000391681255586e-07,1055.126953125,4.3974788790988725e-07,1356.591796875,2.2192523581350296e-06,2304.052734375
2025.06.18_0.3_3,index=16.709792,8,8.0,1,709792.7143,709792.7143_src-index=16.709792_chunk-0008.npy,376320.1201,1.8861407519517848,welch_hann_2048_overlap_1024_fs_44100,digital_amplitude_squared_per_hz,1.5279214403885764e-07,1076.66015625,3.66692872999491e-07,1335.05859375,1.979199024603405e-06,2325.5859375
2025.06.18_0.3_3,index=16.709792,9,9.0,1,709792.7143,709792.7143_src-index=16.709792_chunk-0009.npy,376320.1201,1.8861407519517848,welch_hann_2048_overlap_1024_fs_44100,digital_amplitude_squared_per_hz,2.0353943500601523e-07,1076.66015625,4.004607446896164e-07,1356.591796875,1.841936285189963e-06,2304.052734375
2025.06.18_0.3_3,index=16.709792,10,10.0,1,709792.7143,709792.7143_src-index=16.709792_chunk-0010.npy,376320.1201,1.8861407519517848,welch_hann_2048_overlap_1024_fs_44100,digital_amplitude_squared_per_hz,2.3490778305534718e-07,1055.126953125,5.333070038651914e-07,1335.05859375,2.201450691653569e-06,2304.052734375
2025.06.18_0.3_3,index=16.709792,11,11.0,1,709792.7143,709792.7143_src-index=16.709792_chunk-0011.npy,376320.1201,1.8861407519517848,welch_hann_2048_overlap_1024_fs_44100,digital_amplitude_squared_per_hz,2.074960901180217e-07,861.328125,3.368530056394246e-07,1356.591796875,1.4705693285804501e-06,2282.51953125
2025.06.18_0.3_3,index=16.709792,12,12.0,1,709792.7143,709792.7143_src-index=16.709792_chunk-0012.npy,376320.1201,1.8861407519517848,welch_hann_2048_overlap_1024_fs_44100,digital_amplitude_squared_per_hz,1.5280549914641926e-07,1076.66015625,3.4060773191305224e-07,1356.591796875,1.936858030747102e-06,2304.052734375
2025.06.18_0.3_3,index=16.709792,13,13.0,1,709792.7143,709792.7143_src-index=16.709792_chunk-0013.npy,376320.1201,1.8861407519517848,welch_hann_2048_overlap_1024_fs_44100,digital_amplitude_squared_per_hz,2.0793952779787534e-07,1055.126953125,3.510222049573912e-07,1356.591796875,1.99580333778299e-06,2304.052734375
2025.06.18_0.3_3,index=16.709792,14,14.0,1,709792.7143,709792.7143_src-index=16.709792_chunk-0014.npy,376320.1201,1.8861407519517848,welch_hann_2048_overlap_1024_fs_44100,digital_amplitude_squared_per_hz,1.7989674511360855e-07,861.328125,2.922108785918176e-07,1356.591796875,1.7622228175510217e-06,2304.052734375
2025.06.18_0.3_3,index=16.709792,15,15.0,1,709792.7143,709792.7143_src-index=16.709792_chunk-0015.npy,376320.1201,1.8861407519517848,welch_hann_2048_overlap_1024_fs_44100,digital_amplitude_squared_per_hz,2.311994042198905e-07,1076.66015625,3.502548521104358e-07,1356.591796875,1.430160408243932e-06,2304.052734375
2025.06.18_0.3_3,index=16.709792,16,16.0,1,709792.7143,709792.7143_src-index=16.709792_chunk-0016.npy,376320.1201,1.8861407519517848,welch_hann_2048_overlap_1024_fs_44100,digital_amplitude_squared_per_hz,1.6479235755583502e-07,1055.126953125,2.8047380911317633e-07,1356.591796875,1.2896721462732624e-06,2304.052734375
2025.06.18_0.3_3,index=16.709792,17,17.0,1,709792.7143,709792.7143_src-index=16.709792_chunk-0017.npy,376320.1201,1.8861407519517848,welch_hann_2048_overlap_1024_fs_44100,digital_amplitude_squared_per_hz,2.3735413483468507e-07,1076.66015625,3.102482276822615e-07,1356.591796875,1.7028122512547273e-06,2304.052734375
2025.06.18_0.3_3,index=16.709792,18,18.0,1,709792.7143,709792.7143_src-index=16.709792_chunk-0018.npy,376320.1201,1.8861407519517848,welch_hann_2048_overlap_1024_fs_44100,digital_amplitude_squared_per_hz,2.0020677282976727e-07,1055.126953125,4.1483918273396127e-07,1356.591796875,2.0636916684359205e-06,2325.5859375
2025.06.18_0.3_3,index=16.709792,19,19.0,1,709792.7143,709792.7143_src-index=16.709792_chunk-0019.npy,376320.1201,1.8861407519517848,welch_hann_2048_overlap_1024_fs_44100,digital_amplitude_squared_per_hz,2.0943538515917273e-07,1076.66015625,3.3016859070013225e-07,1313.525390625,1.77853983928219e-06,2304.052734375
2025.06.18_0.3_3,index=16.709792,20,20.0,1,709792.7143,709792.7143_src-index=16.709792_chunk-0020.npy,376320.1201,1.8861407519517848,welch_hann_2048_overlap_1024_fs_44100,digital_amplitude_squared_per_hz,1.533888168103915e-07,1055.126953125,2.9208673630007993e-07,1356.591796875,1.248220770950134e-06,2282.51953125
2025.06.18_0.3_3,index=16.709792,21,21.0,1,709792.7143,709792.7143_src-index=16.709792_chunk-0021.npy,376320.1201,1.8861407519517848,welch_hann_2048_overlap_1024_fs_44100,digital_amplitude_squared_per_hz,1.86039008745538e-07,1076.66015625,4.177189157989697e-07,1356.591796875,1.7068524246585191e-06,2282.51953125
2025.06.18_0.3_3,index=16.709792,22,22.0,1,709792.7143,709792.7143_src-index=16.709792_chunk-0022.npy,376320.1201,1.8861407519517848,welch_hann_2048_overlap_1024_fs_44100,digital_amplitude_squared_per_hz,1.9130951393962886e-07,1055.126953125,3.5311904680782465e-07,1356.591796875,2.471610363876923e-06,2304.052734375
2025.06.18_0.3_3,index=16.709792,23,23.0,1,709792.7143,709792.7143_src-index=16.709792_chunk-0023.npy,376320.1201,1.8861407519517848,welch_hann_2048_overlap_1024_fs_44100,digital_amplitude_squared_per_hz,1.879930612576558e-07,1055.126953125,3.812277816171587e-07,1356.591796875,1.7176191674339744e-06,2325.5859375
2025.06.18_0.3_3,index=16.709792,24,24.0,1,709792.7143,709792.7143_src-index=16.709792_chunk-0024.npy,376320.1201,1.8861407519517848,welch_hann_2048_overlap_1024_fs_44100,digital_amplitude_squared_per_hz,1.1217086181430439e-07,1076.66015625,2.5004118134945623e-07,1356.591796875,1.3636243619932841e-06,2304.052734375
2025.06.18_0.3_3,index=16.709792,25,25.0,1,709792.7143,709792.7143_src-index=16.709792_chunk-0025.npy,376320.1201,1.8861407519517848,welch_hann_2048_overlap_1024_fs_44100,digital_amplitude_squared_per_hz,1.1889313678645694e-07,1076.66015625,1.9218785482965583e-07,1335.05859375,1.1145082215555869e-06,2304.052734375
2025.06.18_0.3_3,index=16.709792,26,26.0,1,709792.7143,709792.7143_src-index=16.709792_chunk-0026.npy,376320.1201,1.8861407519517848,welch_hann_2048_overlap_1024_fs_44100,digital_amplitude_squared_per_hz,2.1272847009107611e-07,1076.66015625,3.213754849426377e-07,1356.591796875,1.684297494619289e-06,2304.052734375
2025.06.18_0.3_3,index=16.709792,27,27.0,1,709792.7143,709792.7143_src-index=16.709792_chunk-0027.npy,376320.1201,1.8861407519517848,welch_hann_2048_overlap_1024_fs_44100,digital_amplitude_squared_per_hz,1.473864763380485e-07,1076.66015625,3.2973905679556093e-07,1356.591796875,2.276389322947821e-06,2304.052734375
2025.06.18_0.3_3,index=16.709792,28,28.0,1,709792.7143,709792.7143_src-index=16.709792_chunk-0028.npy,376320.1201,1.8861407519517848,welch_hann_2048_overlap_1024_fs_44100,digital_amplitude_squared_per_hz,1.394832569497991e-07,1055.126953125,3.6887934011121547e-07,1335.05859375,1.5184884156522985e-06,2304.052734375
2025.06.18_0.3_3,index=16.709792,29,29.0,1,709792.7143,709792.7143_src-index=16.709792_chunk-0029.npy,376320.1201,1.8861407519517848,welch_hann_2048_overlap_1024_fs_44100,digital_amplitude_squared_per_hz,1.9829029271739337e-07,1055.126953125,4.7639834222649076e-07,1335.05859375,1.9703696957343205e-06,2304.052734375
2025.06.18_0.3_3,index=16.709792,30,30.0,1,709792.7143,709792.7143_src-index=16.709792_chunk-0030.npy,376320.1201,1.8861407519517848,welch_hann_2048_overlap_1024_fs_44100,digital_amplitude_squared_per_hz,1.411363638278145e-07,1055.126953125,2.736174553374283e-07,1356.591796875,1.32762121516126e-06,2325.5859375
2025.06.18_0.3_3,index=16.709792,31,31.0,1,709792.7143,709792.7143_src-index=16.709792_chunk-0031.npy,376320.1201,1.8861407519517848,welch_hann_2048_overlap_1024_fs_44100,digital_amplitude_squared_per_hz,1.6052516033027147e-07,1055.126953125,3.0794419598851044e-07,1356.591796875,1.826477348802309e-06,2304.052734375
2025.06.18_0.3_3,index=16.709792,32,32.0,1,709792.7143,709792.7143_src-index=16.709792_chunk-0032.npy,376320.1201,1.8861407519517848,welch_hann_2048_overlap_1024_fs_44100,digital_amplitude_squared_per_hz,2.4284207384101353e-07,1076.66015625,3.222856747705858e-07,1335.05859375,1.47617507996626e-06,2347.119140625
2025.06.18_0.3_3,index=16.709792,33,33.0,1,709792.7143,709792.7143_src-index=16.709792_chunk-0033.npy,376320.1201,1.8861407519517848,welch_hann_2048_overlap_1024_fs_44100,digital_amplitude_squared_per_hz,1.8635206817408754e-07,1055.126953125,2.8186041077907297e-07,1335.05859375,1.6049745820433675e-06,2304.052734375
2025.06.18_0.3_3,index=16.709792,34,34.0,1,709792.7143,709792.7143_src-index=16.709792_chunk-0034.npy,376320.1201,1.8861407519517848,welch_hann_2048_overlap_1024_fs_44100,digital_amplitude_squared_per_hz,1.3483362401687392e-07,1076.66015625,2.1909499517027432e-07,1335.05859375,1.5899934983601476e-06,2304.052734375
2025.06.18_0.3_3,index=16.709792,35,35.0,1,709792.7143,709792.7143_src-index=16.709792_chunk-0035.npy,376320.1201,1.8861407519517848,welch_hann_2048_overlap_1024_fs_44100,digital_amplitude_squared_per_hz,1.9333287301640247e-07,861.328125,3.1276679345696567e-07,1356.591796875,1.4267294628796613e-06,2304.052734375
2025.06.18_0.3_3,index=16.709792,36,36.0,1,709792.7143,709792.7143_src-index=16.709792_chunk-0036.npy,376320.1201,1.8861407519517848,welch_hann_2048_overlap_1024_fs_44100,digital_amplitude_squared_per_hz,1.5197821730821994e-07,1076.66015625,3.075422551727182e-07,1356.591796875,1.8143785123868386e-06,2304.052734375
2025.06.18_0.3_3,index=16.709792,37,37.0,1,709792.7143,709792.7143_src-index=16.709792_chunk-0037.npy,376320.1201,1.8861407519517848,welch_hann_2048_overlap_1024_fs_44100,digital_amplitude_squared_per_hz,1.6009733474339722e-07,861.328125,2.7923189425194395e-07,1335.05859375,1.359316485654041e-06,2304.052734375
2025.06.18_0.3_3,index=16.709792,38,38.0,1,709792.7143,709792.7143_src-index=16.709792_chunk-0038.npy,376320.1201,1.8861407519517848,welch_hann_2048_overlap_1024_fs_44100,digital_amplitude_squared_per_hz,2.0081328271433185e-07,1076.66015625,2.498901308939531e-07,1335.05859375,2.0918888015226873e-06,2304.052734375
2025.06.18_0.3_3,index=16.709792,39,39.0,1,709792.7143,709792.7143_src-index=16.709792_chunk-0039.npy,376320.1201,1.8861407519517848,welch_hann_2048_overlap_1024_fs_44100,digital_amplitude_squared_per_hz,1.7936964546783827e-07,861.328125,2.8015883578170595e-07,1335.05859375,1.4119213694513647e-06,2325.5859375
2025.06.18_0.3_3,index=16.709792,40,40.0,1,709792.7143,709792.7143_src-index=16.709792_chunk-0040.npy,376320.1201,1.8861407519517848,welch_hann_2048_overlap_1024_fs_44100,digital_amplitude_squared_per_hz,1.9530877659829495e-07,1076.66015625,3.841479661867908e-07,1356.591796875,1.990356025460025e-06,2304.052734375
2025.06.18_0.3_3,index=16.709792,41,41.0,1,709792.7143,709792.7143_src-index=16.709792_chunk-0041.npy,376320.1201,1.8861407519517848,welch_hann_2048_overlap_1024_fs_44100,digital_amplitude_squared_per_hz,2.0637259359014373e-07,861.328125,3.039832222225278e-07,1356.591796875,1.8068893576251148e-06,2304.052734375
2025.06.18_0.3_3,index=16.709792,42,42.0,1,709792.7143,709792.7143_src-index=16.709792_chunk-0042.npy,376320.1201,1.8861407519517848,welch_hann_2048_overlap_1024_fs_44100,digital_amplitude_squared_per_hz,1.9874317916197492e-07,1055.126953125,4.5148788581785005e-07,1335.05859375,1.7778879704951282e-06,2282.51953125
2025.06.18_0.3_3,index=16.709792,43,43.0,1,709792.7143,709792.7143_src-index=16.709792_chunk-0043.npy,376320.1201,1.8861407519517848,welch_hann_2048_overlap_1024_fs_44100,digital_amplitude_squared_per_hz,2.9951378584591987e-07,1033.59375,3.479521606918207e-07,1356.591796875,2.2604522124697116e-06,2304.052734375
2025.06.18_0.3_3,index=16.709792,44,44.0,1,709792.7143,709792.7143_src-index=16.709792_chunk-0044.npy,376320.1201,1.8861407519517848,welch_hann_2048_overlap_1024_fs_44100,digital_amplitude_squared_per_hz,1.8263023624115115e-07,1076.66015625,3.881638941426082e-07,1356.591796875,1.7548645944353891e-06,2282.51953125
2025.06.18_0.3_3,index=16.709792,45,45.0,1,709792.7143,709792.7143_src-index=16.709792_chunk-0045.npy,376320.1201,1.8861407519517848,welch_hann_2048_overlap_1024_fs_44100,digital_amplitude_squared_per_hz,2.0984811840249464e-07,1055.126953125,4.013340987927814e-07,1335.05859375,1.7130585653904262e-06,2325.5859375
2025.06.18_0.3_3,index=16.709792,46,46.0,1,709792.7143,709792.7143_src-index=16.709792_chunk-0046.npy,376320.1201,1.8861407519517848,welch_hann_2048_overlap_1024_fs_44100,digital_amplitude_squared_per_hz,1.798656491155302e-07,1033.59375,4.729528511472644e-07,1356.591796875,1.8208734085211661e-06,2304.052734375
2025.06.18_0.3_3,index=16.709792,47,47.0,1,709792.7143,709792.7143_src-index=16.709792_chunk-0047.npy,376320.1201,1.8861407519517848,welch_hann_2048_overlap_1024_fs_44100,digital_amplitude_squared_per_hz,1.8711341417596173e-07,1033.59375,3.4648822146862853e-07,1335.05859375,2.136976348692244e-06,2304.052734375
2025.06.18_0.3_3,index=16.709792,48,48.0,1,709792.7143,709792.7143_src-index=16.709792_chunk-0048.npy,376320.1201,1.8861407519517848,welch_hann_2048_overlap_1024_fs_44100,digital_amplitude_squared_per_hz,1.493153762381063e-07,1184.326171875,3.6446469782042755e-07,1335.05859375,1.859158667289977e-06,2304.052734375
2025.06.18_0.3_3,index=16.709792,49,49.0,1,709792.7143,709792.7143_src-index=16.709792_chunk-0049.npy,376320.1201,1.8861407519517848,welch_hann_2048_overlap_1024_fs_44100,digital_amplitude_squared_per_hz,1.4242512413628493e-07,1055.126953125,2.983190657046103e-07,1356.591796875,1.5000258682124707e-06,2304.052734375
2025.06.18_0.3_3,index=16.709792,50,50.0,1,709792.7143,709792.7143_src-index=16.709792_chunk-0050.npy,376320.1201,1.8861407519517848,welch_hann_2048_overlap_1024_fs_44100,digital_amplitude_squared_per_hz,1.1165275839756447e-07,1098.193359375,2.8673734372990797e-07,1356.591796875,1.5487547826705951e-06,2325.5859375
2025.06.18_0.3_3,index=16.709792,51,51.0,1,709792.7143,709792.7143_src-index=16.709792_chunk-0051.npy,376320.1201,1.8861407519517848,welch_hann_2048_overlap_1024_fs_44100,digital_amplitude_squared_per_hz,1.972915556093949e-07,1076.66015625,3.051478489876797e-07,1356.591796875,2.3070597531761036e-06,2304.052734375
2025.06.18_0.3_3,index=16.709792,52,52.0,1,709792.7143,709792.7143_src-index=16.709792_chunk-0052.npy,376320.1201,1.8861407519517848,welch_hann_2048_overlap_1024_fs_44100,digital_amplitude_squared_per_hz,1.732310280403892e-07,1076.66015625,3.630382320913718e-07,1335.05859375,1.983074232247576e-06,2304.052734375
2025.06.18_0.3_3,index=16.709792,53,53.0,1,709792.7143,709792.7143_src-index=16.709792_chunk-0053.npy,376320.1201,1.8861407519517848,welch_hann_2048_overlap_1024_fs_44100,digital_amplitude_squared_per_hz,1.7759589689854448e-07,1076.66015625,2.981718146793045e-07,1356.591796875,1.1904183265731824e-06,2282.51953125
2025.06.18_0.3_3,index=16.709792,54,54.0,1,709792.7143,709792.7143_src-index=16.709792_chunk-0054.npy,376320.1201,1.8861407519517848,welch_hann_2048_overlap_1024_fs_44100,digital_amplitude_squared_per_hz,1.9503643230197149e-07,1076.66015625,3.9072246131433745e-07,1335.05859375,2.1853304525009526e-06,2304.052734375
2025.06.18_0.3_3,index=16.709792,55,55.0,1,709792.7143,709792.7143_src-index=16.709792_chunk-0055.npy,376320.1201,1.8861407519517848,welch_hann_2048_overlap_1024_fs_44100,digital_amplitude_squared_per_hz,1.5371599568560933e-07,1076.66015625,3.1030060527782516e-07,1356.591796875,1.254469186269255e-06,2282.51953125
2025.06.18_0.3_3,index=16.709792,56,56.0,1,709792.7143,709792.7143_src-index=16.709792_chunk-0056.npy,376320.1201,1.8861407519517848,welch_hann_2048_overlap_1024_fs_44100,digital_amplitude_squared_per_hz,1.438690160291463e-07,861.328125,2.442115080455443e-07,1356.591796875,1.5963123219477765e-06,2304.052734375
2025.06.18_0.3_3,index=16.709792,57,57.0,1,709792.7143,709792.7143_src-index=16.709792_chunk-0057.npy,376320.1201,1.8861407519517848,welch_hann_2048_overlap_1024_fs_44100,digital_amplitude_squared_per_hz,1.1421466498208537e-07,1076.66015625,2.721568142031721e-07,1356.591796875,1.0371601069016449e-06,2304.052734375
2025.06.18_0.3_3,index=16.709792,58,58.0,1,709792.7143,709792.7143_src-index=16.709792_chunk-0058.npy,376320.1201,1.8861407519517848,welch_hann_2048_overlap_1024_fs_44100,digital_amplitude_squared_per_hz,1.825532921998332e-07,1055.126953125,3.122534325150102e-07,1356.591796875,2.1328741644155614e-06,2304.052734375
2025.06.18_0.3_3,index=16.709792,59,59.0,1,709792.7143,709792.7143_src-index=16.709792_chunk-0059.npy,376320.1201,1.8861407519517848,welch_hann_2048_overlap_1024_fs_44100,digital_amplitude_squared_per_hz,1.6715155932468449e-07,1076.66015625,3.039793155855974e-07,1335.05859375,1.4782271173773353e-06,2325.5859375
2025.06.18_0.3_3,index=17.789500,0,0.0,1,789500.1968,789500.1968_src-index=17.789500_chunk-0000.npy,376320.1201,2.0979484078348114,welch_hann_2048_overlap_1024_fs_44100,digital_amplitude_squared_per_hz,2.2086645919164294e-07,861.328125,3.005230985245681e-07,1356.591796875,1.948814469284639e-06,2325.5859375
2025.06.18_0.3_3,index=17.789500,1,1.0,1,789500.1968,789500.1968_src-index=17.789500_chunk-0001.npy,376320.1201,2.0979484078348114,welch_hann_2048_overlap_1024_fs_44100,digital_amplitude_squared_per_hz,1.847042905022692e-07,1055.126953125,4.017096645418739e-07,1356.591796875,1.6703811297327262e-06,2282.51953125
2025.06.18_0.3_3,index=17.789500,2,2.0,1,789500.1968,789500.1968_src-index=17.789500_chunk-0002.npy,376320.1201,2.0979484078348114,welch_hann_2048_overlap_1024_fs_44100,digital_amplitude_squared_per_hz,2.171215202547865e-07,861.328125,3.709123982247485e-07,1335.05859375,2.224495050176127e-06,2282.51953125
2025.06.18_0.3_3,index=17.789500,3,3.0,1,789500.1968,789500.1968_src-index=17.789500_chunk-0003.npy,376320.1201,2.0979484078348114,welch_hann_2048_overlap_1024_fs_44100,digital_amplitude_squared_per_hz,2.0939004597106965e-07,1055.126953125,4.0741390431304505e-07,1356.591796875,2.0699825998293077e-06,2304.052734375
2025.06.18_0.3_3,index=17.789500,4,4.0,1,789500.1968,789500.1968_src-index=17.789500_chunk-0004.npy,376320.1201,2.0979484078348114,welch_hann_2048_overlap_1024_fs_44100,digital_amplitude_squared_per_hz,2.0504607552895077e-07,1055.126953125,5.50780651223343e-07,1356.591796875,2.4105908689341378e-06,2304.052734375
2025.06.18_0.3_3,index=17.789500,5,5.0,1,789500.1968,789500.1968_src-index=17.789500_chunk-0005.npy,376320.1201,2.0979484078348114,welch_hann_2048_overlap_1024_fs_44100,digital_amplitude_squared_per_hz,2.3424588279808557e-07,1055.126953125,3.6402137997996114e-07,1335.05859375,1.6807090662140187e-06,2282.51953125
2025.06.18_0.3_3,index=17.789500,6,6.0,1,789500.1968,789500.1968_src-index=17.789500_chunk-0006.npy,376320.1201,2.0979484078348114,welch_hann_2048_overlap_1024_fs_44100,digital_amplitude_squared_per_hz,2.875896608082121e-07,861.328125,4.0439656646626414e-07,1335.05859375,2.0133147658154974e-06,2304.052734375
2025.06.18_0.3_3,index=17.789500,7,7.0,1,789500.1968,789500.1968_src-index=17.789500_chunk-0007.npy,376320.1201,2.0979484078348114,welch_hann_2048_overlap_1024_fs_44100,digital_amplitude_squared_per_hz,1.5536558598934263e-07,1033.59375,3.93371909387098e-07,1335.05859375,1.4588596772930203e-06,2282.51953125
2025.06.18_0.3_3,index=17.789500,8,8.0,1,789500.1968,789500.1968_src-index=17.789500_chunk-0008.npy,376320.1201,2.0979484078348114,welch_hann_2048_overlap_1024_fs_44100,digital_amplitude_squared_per_hz,2.0784255108282146e-07,1055.126953125,3.4226933148329007e-07,1335.05859375,1.7424113931847084e-06,2304.052734375
2025.06.18_0.3_3,index=17.789500,9,9.0,1,789500.1968,789500.1968_src-index=17.789500_chunk-0009.npy,376320.1201,2.0979484078348114,welch_hann_2048_overlap_1024_fs_44100,digital_amplitude_squared_per_hz,1.8715113904183044e-07,861.328125,4.07216271998867e-07,1356.591796875,2.508375450656348e-06,2304.052734375
2025.06.18_0.3_3,index=17.789500,10,10.0,1,789500.1968,789500.1968_src-index=17.789500_chunk-0010.npy,376320.1201,2.0979484078348114,welch_hann_2048_overlap_1024_fs_44100,digital_amplitude_squared_per_hz,1.7250547752064823e-07,1076.66015625,3.1050603999282635e-07,1356.591796875,2.4453324518900836e-06,2325.5859375
2025.06.18_0.3_3,index=17.789500,11,11.0,1,789500.1968,789500.1968_src-index=17.789500_chunk-0011.npy,376320.1201,2.0979484078348114,welch_hann_2048_overlap_1024_fs_44100,digital_amplitude_squared_per_hz,1.882464543829979e-07,1055.126953125,3.0371079030940787e-07,1335.05859375,1.4145702093036764e-06,2347.119140625
2025.06.18_0.3_3,index=17.789500,12,12.0,1,789500.1968,789500.1968_src-index=17.789500_chunk-0012.npy,376320.1201,2.0979484078348114,welch_hann_2048_overlap_1024_fs_44100,digital_amplitude_squared_per_hz,2.371397690440756e-07,1055.126953125,5.023508918331652e-07,1335.05859375,1.8159994797337692e-06,2304.052734375
2025.06.18_0.3_3,index=17.789500,13,13.0,1,789500.1968,789500.1968_src-index=17.789500_chunk-0013.npy,376320.1201,2.0979484078348114,welch_hann_2048_overlap_1024_fs_44100,digital_amplitude_squared_per_hz,2.25736325962936e-07,1076.66015625,4.000000824954645e-07,1356.591796875,2.4568432445164484e-06,2304.052734375
2025.06.18_0.3_3,index=17.789500,14,14.0,1,789500.1968,789500.1968_src-index=17.789500_chunk-0014.npy,376320.1201,2.0979484078348114,welch_hann_2048_overlap_1024_fs_44100,digital_amplitude_squared_per_hz,2.2800763422240587e-07,1055.126953125,4.3987801014241194e-07,1335.05859375,2.227015422123493e-06,2325.5859375
2025.06.18_0.3_3,index=17.789500,15,15.0,1,789500.1968,789500.1968_src-index=17.789500_chunk-0015.npy,376320.1201,2.0979484078348114,welch_hann_2048_overlap_1024_fs_44100,digital_amplitude_squared_per_hz,1.964917267883692e-07,1055.126953125,3.4000955175267496e-07,1356.591796875,1.9058740516370211e-06,2325.5859375
2025.06.18_0.3_3,index=17.789500,16,16.0,1,789500.1968,789500.1968_src-index=17.789500_chunk-0016.npy,376320.1201,2.0979484078348114,welch_hann_2048_overlap_1024_fs_44100,digital_amplitude_squared_per_hz,1.9684983339552992e-07,1076.66015625,3.6772142570600206e-07,1356.591796875,1.8924950083723063e-06,2282.51953125
2025.06.18_0.3_3,index=17.789500,17,17.0,1,789500.1968,789500.1968_src-index=17.789500_chunk-0017.npy,376320.1201,2.0979484078348114,welch_hann_2048_overlap_1024_fs_44100,digital_amplitude_squared_per_hz,1.9197719662811407e-07,861.328125,3.548175594658967e-07,1356.591796875,1.8184213371595169e-06,2304.052734375
2025.06.18_0.3_3,index=17.789500,18,18.0,1,789500.1968,789500.1968_src-index=17.789500_chunk-0018.npy,376320.1201,2.0979484078348114,welch_hann_2048_overlap_1024_fs_44100,digital_amplitude_squared_per_hz,2.1440464839447027e-07,861.328125,3.376566782553569e-07,1335.05859375,1.8803058563259405e-06,2304.052734375
2025.06.18_0.3_3,index=17.789500,19,19.0,1,789500.1968,789500.1968_src-index=17.789500_chunk-0019.npy,376320.1201,2.0979484078348114,welch_hann_2048_overlap_1024_fs_44100,digital_amplitude_squared_per_hz,2.5558679954907445e-07,861.328125,4.003593651062017e-07,1335.05859375,2.6718598319638065e-06,2304.052734375
2025.06.18_0.3_3,index=17.789500,20,20.0,1,789500.1968,789500.1968_src-index=17.789500_chunk-0020.npy,376320.1201,2.0979484078348114,welch_hann_2048_overlap_1024_fs_44100,digital_amplitude_squared_per_hz,2.3468479358441062e-07,1055.126953125,4.414992542854659e-07,1335.05859375,2.1331627114621307e-06,2304.052734375
2025.06.18_0.3_3,index=17.789500,21,21.0,1,789500.1968,789500.1968_src-index=17.789500_chunk-0021.npy,376320.1201,2.0979484078348114,welch_hann_2048_overlap_1024_fs_44100,digital_amplitude_squared_per_hz,2.5290615049264973e-07,1033.59375,4.203847632179971e-07,1356.591796875,2.5412534758787514e-06,2282.51953125
2025.06.18_0.3_3,index=17.789500,22,22.0,1,789500.1968,789500.1968_src-index=17.789500_chunk-0022.npy,376320.1201,2.0979484078348114,welch_hann_2048_overlap_1024_fs_44100,digital_amplitude_squared_per_hz,1.375833251396811e-07,861.328125,2.915962907123769e-07,1335.05859375,2.000664997825898e-06,2325.5859375
2025.06.18_0.3_3,index=17.789500,23,23.0,1,789500.1968,789500.1968_src-index=17.789500_chunk-0023.npy,376320.1201,2.0979484078348114,welch_hann_2048_overlap_1024_fs_44100,digital_amplitude_squared_per_hz,2.5470937305365804e-07,1033.59375,4.5207305651202334e-07,1356.591796875,2.0696771763522218e-06,2304.052734375
2025.06.18_0.3_3,index=17.789500,24,24.0,1,789500.1968,789500.1968_src-index=17.789500_chunk-0024.npy,376320.1201,2.0979484078348114,welch_hann_2048_overlap_1024_fs_44100,digital_amplitude_squared_per_hz,2.27324237173581e-07,861.328125,3.9976813863041375e-07,1335.05859375,2.539713518236965e-06,2304.052734375
2025.06.18_0.3_3,index=17.789500,25,25.0,1,789500.1968,789500.1968_src-index=17.789500_chunk-0025.npy,376320.1201,2.0979484078348114,welch_hann_2048_overlap_1024_fs_44100,digital_amplitude_squared_per_hz,2.4631797816927273e-07,861.328125,3.1000727064906044e-07,1356.591796875,2.1867633898514422e-06,2304.052734375
2025.06.18_0.3_3,index=17.789500,26,26.0,1,789500.1968,789500.1968_src-index=17.789500_chunk-0026.npy,376320.1201,2.0979484078348114,welch_hann_2048_overlap_1024_fs_44100,digital_amplitude_squared_per_hz,2.3410248892369444e-07,1033.59375,4.6974352033684063e-07,1335.05859375,2.2363075247104568e-06,2304.052734375
2025.06.18_0.3_3,index=17.789500,27,27.0,1,789500.1968,789500.1968_src-index=17.789500_chunk-0027.npy,376320.1201,2.0979484078348114,welch_hann_2048_overlap_1024_fs_44100,digital_amplitude_squared_per_hz,1.9535556133294431e-07,1076.66015625,3.210163325831695e-07,1356.591796875,1.5622376541558753e-06,2304.052734375
2025.06.18_0.3_3,index=17.789500,28,28.0,1,789500.1968,789500.1968_src-index=17.789500_chunk-0028.npy,376320.1201,2.0979484078348114,welch_hann_2048_overlap_1024_fs_44100,digital_amplitude_squared_per_hz,1.9580877965249714e-07,861.328125,3.4896259407432106e-07,1335.05859375,1.856276121803318e-06,2282.51953125
2025.06.18_0.3_3,index=17.789500,29,29.0,1,789500.1968,789500.1968_src-index=17.789500_chunk-0029.npy,376320.1201,2.0979484078348114,welch_hann_2048_overlap_1024_fs_44100,digital_amplitude_squared_per_hz,2.3341015875580984e-07,1055.126953125,5.256588781495628e-07,1335.05859375,1.7517696309412531e-06,2325.5859375
2025.06.18_0.3_3,index=17.789500,30,30.0,1,789500.1968,789500.1968_src-index=17.789500_chunk-0030.npy,376320.1201,2.0979484078348114,welch_hann_2048_overlap_1024_fs_44100,digital_amplitude_squared_per_hz,2.052684841254622e-07,861.328125,3.411859636509598e-07,1335.05859375,2.3280981949153366e-06,2304.052734375
2025.06.18_0.3_3,index=17.789500,31,31.0,1,789500.1968,789500.1968_src-index=17.789500_chunk-0031.npy,376320.1201,2.0979484078348114,welch_hann_2048_overlap_1024_fs_44100,digital_amplitude_squared_per_hz,2.3223029883489298e-07,1033.59375,3.21865641380407e-07,1356.591796875,1.9312257696965254e-06,2304.052734375
2025.06.18_0.3_3,index=17.789500,32,32.0,1,789500.1968,789500.1968_src-index=17.789500_chunk-0032.npy,376320.1201,2.0979484078348114,welch_hann_2048_overlap_1024_fs_44100,digital_amplitude_squared_per_hz,1.7907673330185601e-07,1076.66015625,3.9334230032651466e-07,1335.05859375,1.7139017576835282e-06,2282.51953125
2025.06.18_0.3_3,index=17.789500,33,33.0,1,789500.1968,789500.1968_src-index=17.789500_chunk-0033.npy,376320.1201,2.0979484078348114,welch_hann_2048_overlap_1024_fs_44100,digital_amplitude_squared_per_hz,1.7607994319731842e-07,1076.66015625,3.3845645981475845e-07,1356.591796875,2.3810113493315996e-06,2304.052734375
2025.06.18_0.3_3,index=17.789500,34,34.0,1,789500.1968,789500.1968_src-index=17.789500_chunk-0034.npy,376320.1201,2.0979484078348114,welch_hann_2048_overlap_1024_fs_44100,digital_amplitude_squared_per_hz,2.158464053300981e-07,1055.126953125,3.9892342521334363e-07,1335.05859375,2.7497258917582767e-06,2304.052734375
2025.06.18_0.3_3,index=17.789500,35,35.0,1,789500.1968,789500.1968_src-index=17.789500_chunk-0035.npy,376320.1201,2.0979484078348114,welch_hann_2048_overlap_1024_fs_44100,digital_amplitude_squared_per_hz,2.1739652538340094e-07,1076.66015625,5.022318957821335e-07,1335.05859375,2.494288270764038e-06,2304.052734375
2025.06.18_0.3_3,index=17.789500,36,36.0,1,789500.1968,789500.1968_src-index=17.789500_chunk-0036.npy,376320.1201,2.0979484078348114,welch_hann_2048_overlap_1024_fs_44100,digital_amplitude_squared_per_hz,2.0687316556130009e-07,1076.66015625,3.8211775269844164e-07,1356.591796875,2.353676024643606e-06,2304.052734375
2025.06.18_0.3_3,index=17.789500,37,37.0,1,789500.1968,789500.1968_src-index=17.789500_chunk-0037.npy,376320.1201,2.0979484078348114,welch_hann_2048_overlap_1024_fs_44100,digital_amplitude_squared_per_hz,2.0235289068279036e-07,1076.66015625,4.2224899136011776e-07,1335.05859375,1.7877817957351405e-06,2304.052734375
2025.06.18_0.3_3,index=17.789500,38,38.0,1,789500.1968,789500.1968_src-index=17.789500_chunk-0038.npy,376320.1201,2.0979484078348114,welch_hann_2048_overlap_1024_fs_44100,digital_amplitude_squared_per_hz,2.2261517579508393e-07,1076.66015625,4.962903266776032e-07,1356.591796875,1.948219749085644e-06,2260.986328125
2025.06.18_0.3_3,index=17.789500,39,39.0,1,789500.1968,789500.1968_src-index=17.789500_chunk-0039.npy,376320.1201,2.0979484078348114,welch_hann_2048_overlap_1024_fs_44100,digital_amplitude_squared_per_hz,2.0455708103388465e-07,861.328125,3.6188310723211927e-07,1356.591796875,2.2158718020719345e-06,2325.5859375
2025.06.18_0.3_3,index=17.789500,40,40.0,1,789500.1968,789500.1968_src-index=17.789500_chunk-0040.npy,376320.1201,2.0979484078348114,welch_hann_2048_overlap_1024_fs_44100,digital_amplitude_squared_per_hz,2.0851687418769105e-07,861.328125,3.8901085299008594e-07,1356.591796875,2.2990075808706197e-06,2325.5859375
2025.06.18_0.3_3,index=17.789500,41,41.0,1,789500.1968,789500.1968_src-index=17.789500_chunk-0041.npy,376320.1201,2.0979484078348114,welch_hann_2048_overlap_1024_fs_44100,digital_amplitude_squared_per_hz,1.5426861203188027e-07,861.328125,3.19114734569965e-07,1356.591796875,1.5372669159595952e-06,2304.052734375
2025.06.18_0.3_3,index=17.789500,42,42.0,1,789500.1968,789500.1968_src-index=17.789500_chunk-0042.npy,376320.1201,2.0979484078348114,welch_hann_2048_overlap_1024_fs_44100,digital_amplitude_squared_per_hz,1.9272926811612461e-07,861.328125,3.284275193396301e-07,1356.591796875,2.633441000706427e-06,2304.052734375
2025.06.18_0.3_3,index=17.789500,43,43.0,1,789500.1968,789500.1968_src-index=17.789500_chunk-0043.npy,376320.1201,2.0979484078348114,welch_hann_2048_overlap_1024_fs_44100,digital_amplitude_squared_per_hz,2.409250079502116e-07,861.328125,5.024675327338345e-07,1356.591796875,2.4209612912313176e-06,2304.052734375
2025.06.18_0.3_3,index=17.789500,44,44.0,1,789500.1968,789500.1968_src-index=17.789500_chunk-0044.npy,376320.1201,2.0979484078348114,welch_hann_2048_overlap_1024_fs_44100,digital_amplitude_squared_per_hz,1.8904228471048632e-07,861.328125,4.1283494944439555e-07,1356.591796875,1.8573858229205175e-06,2304.052734375
2025.06.18_0.3_3,index=17.789500,45,45.0,1,789500.1968,789500.1968_src-index=17.789500_chunk-0045.npy,376320.1201,2.0979484078348114,welch_hann_2048_overlap_1024_fs_44100,digital_amplitude_squared_per_hz,2.1042057403483157e-07,1055.126953125,4.1608413198561956e-07,1356.591796875,2.007923216520253e-06,2304.052734375
2025.06.18_0.3_3,index=17.789500,46,46.0,1,789500.1968,789500.1968_src-index=17.789500_chunk-0046.npy,376320.1201,2.0979484078348114,welch_hann_2048_overlap_1024_fs_44100,digital_amplitude_squared_per_hz,1.8839894444410162e-07,1076.66015625,3.468484701311e-07,1335.05859375,1.8236966359700151e-06,2282.51953125
2025.06.18_0.3_3,index=17.789500,47,47.0,1,789500.1968,789500.1968_src-index=17.789500_chunk-0047.npy,376320.1201,2.0979484078348114,welch_hann_2048_overlap_1024_fs_44100,digital_amplitude_squared_per_hz,1.657677542231079e-07,1076.66015625,4.0083252862090695e-07,1356.591796875,2.259623824696951e-06,2304.052734375
2025.06.18_0.3_3,index=17.789500,48,48.0,1,789500.1968,789500.1968_src-index=17.789500_chunk-0048.npy,376320.1201,2.0979484078348114,welch_hann_2048_overlap_1024_fs_44100,digital_amplitude_squared_per_hz,2.293104203189849e-07,1055.126953125,4.916271613663203e-07,1356.591796875,2.4557966739297063e-06,2304.052734375
2025.06.18_0.3_3,index=17.789500,49,49.0,1,789500.1968,789500.1968_src-index=17.789500_chunk-0049.npy,376320.1201,2.0979484078348114,welch_hann_2048_overlap_1024_fs_44100,digital_amplitude_squared_per_hz,1.8755982931536316e-07,1076.66015625,4.890019588163101e-07,1356.591796875,2.4177841198309144e-06,2304.052734375
2025.06.18_0.3_3,index=17.789500,50,50.0,1,789500.1968,789500.1968_src-index=17.789500_chunk-0050.npy,376320.1201,2.0979484078348114,welch_hann_2048_overlap_1024_fs_44100,digital_amplitude_squared_per_hz,1.7885053740960166e-07,861.328125,3.868600964043772e-07,1356.591796875,1.6735670105581506e-06,2304.052734375
2025.06.18_0.3_3,index=17.789500,51,51.0,1,789500.1968,789500.1968_src-index=17.789500_chunk-0051.npy,376320.1201,2.0979484078348114,welch_hann_2048_overlap_1024_fs_44100,digital_amplitude_squared_per_hz,2.3009347718763225e-07,1055.126953125,4.824460731926714e-07,1356.591796875,2.3432468083898273e-06,2304.052734375
2025.06.18_0.3_3,index=17.789500,52,52.0,1,789500.1968,789500.1968_src-index=17.789500_chunk-0052.npy,376320.1201,2.0979484078348114,welch_hann_2048_overlap_1024_fs_44100,digital_amplitude_squared_per_hz,1.74685937865609e-07,861.328125,2.9292802285067857e-07,1356.591796875,1.5725277942614535e-06,2304.052734375
2025.06.18_0.3_3,index=17.789500,53,53.0,1,789500.1968,789500.1968_src-index=17.789500_chunk-0053.npy,376320.1201,2.0979484078348114,welch_hann_2048_overlap_1024_fs_44100,digital_amplitude_squared_per_hz,2.433500243766688e-07,1055.126953125,3.595498397118374e-07,1335.05859375,1.681671079114973e-06,2304.052734375
2025.06.18_0.3_3,index=17.789500,54,54.0,1,789500.1968,789500.1968_src-index=17.789500_chunk-0054.npy,376320.1201,2.0979484078348114,welch_hann_2048_overlap_1024_fs_44100,digital_amplitude_squared_per_hz,1.9281365249839776e-07,1076.66015625,3.4618835230378605e-07,1335.05859375,2.318990994920146e-06,2304.052734375
2025.06.18_0.3_3,index=17.789500,55,55.0,1,789500.1968,789500.1968_src-index=17.789500_chunk-0055.npy,376320.1201,2.0979484078348114,welch_hann_2048_overlap_1024_fs_44100,digital_amplitude_squared_per_hz,2.0094604811573273e-07,1055.126953125,3.291755121491375e-07,1356.591796875,2.276095283684944e-06,2304.052734375
2025.06.18_0.3_3,index=17.789500,56,56.0,1,789500.1968,789500.1968_src-index=17.789500_chunk-0056.npy,376320.1201,2.0979484078348114,welch_hann_2048_overlap_1024_fs_44100,digital_amplitude_squared_per_hz,1.8133038289553906e-07,1055.126953125,2.752335430040068e-07,1356.591796875,1.6240928156686981e-06,2304.052734375
2025.06.18_0.3_3,index=17.789500,57,57.0,1,789500.1968,789500.1968_src-index=17.789500_chunk-0057.npy,376320.1201,2.0979484078348114,welch_hann_2048_overlap_1024_fs_44100,digital_amplitude_squared_per_hz,2.3749817729915479e-07,1076.66015625,4.378266683197282e-07,1356.591796875,2.0890742940023105e-06,2325.5859375
2025.06.18_0.3_3,index=17.789500,58,58.0,1,789500.1968,789500.1968_src-index=17.789500_chunk-0058.npy,376320.1201,2.0979484078348114,welch_hann_2048_overlap_1024_fs_44100,digital_amplitude_squared_per_hz,2.558877414920139e-07,1076.66015625,3.063126278855698e-07,1335.05859375,2.8132172382955917e-06,2304.052734375
2025.06.18_0.3_3,index=17.789500,59,59.0,1,789500.1968,789500.1968_src-index=17.789500_chunk-0059.npy,376320.1201,2.0979484078348114,welch_hann_2048_overlap_1024_fs_44100,digital_amplitude_squared_per_hz,1.9548682282332531e-07,1076.66015625,3.2196558864790567e-07,1335.05859375,2.0342235948931587e-06,2304.052734375
2025.06.18_0.3_3,index=18.873637,0,0.0,1,873637.0359,873637.0359_src-index=18.873637_chunk-0000.npy,376320.1201,2.3215262465048303,welch_hann_2048_overlap_1024_fs_44100,digital_amplitude_squared_per_hz,1.803522489607025e-07,861.328125,3.9111689854651545e-07,1356.591796875,3.0123837728169973e-06,2304.052734375
2025.06.18_0.3_3,index=18.873637,1,1.0,1,873637.0359,873637.0359_src-index=18.873637_chunk-0001.npy,376320.1201,2.3215262465048303,welch_hann_2048_overlap_1024_fs_44100,digital_amplitude_squared_per_hz,2.427265676812645e-07,1076.66015625,4.1302521962167343e-07,1356.591796875,2.7709305559458114e-06,2304.052734375
2025.06.18_0.3_3,index=18.873637,2,2.0,1,873637.0359,873637.0359_src-index=18.873637_chunk-0002.npy,376320.1201,2.3215262465048303,welch_hann_2048_overlap_1024_fs_44100,digital_amplitude_squared_per_hz,1.9277156197725198e-07,1012.060546875,4.1912958732064015e-07,1335.05859375,2.5935093980141063e-06,2304.052734375
2025.06.18_0.3_3,index=18.873637,3,3.0,1,873637.0359,873637.0359_src-index=18.873637_chunk-0003.npy,376320.1201,2.3215262465048303,welch_hann_2048_overlap_1024_fs_44100,digital_amplitude_squared_per_hz,2.3983087235642255e-07,1055.126953125,3.5259657442006617e-07,1335.05859375,2.717768715351044e-06,2325.5859375
2025.06.18_0.3_3,index=18.873637,4,4.0,1,873637.0359,873637.0359_src-index=18.873637_chunk-0004.npy,376320.1201,2.3215262465048303,welch_hann_2048_overlap_1024_fs_44100,digital_amplitude_squared_per_hz,2.6715035706815294e-07,1076.66015625,3.8842314990648446e-07,1356.591796875,2.6123941820686178e-06,2325.5859375
2025.06.18_0.3_3,index=18.873637,5,5.0,1,873637.0359,873637.0359_src-index=18.873637_chunk-0005.npy,376320.1201,2.3215262465048303,welch_hann_2048_overlap_1024_fs_44100,digital_amplitude_squared_per_hz,3.04692444566858e-07,1055.126953125,4.1890860803356857e-07,1356.591796875,2.9548606288875463e-06,2304.052734375
2025.06.18_0.3_3,index=18.873637,6,6.0,1,873637.0359,873637.0359_src-index=18.873637_chunk-0006.npy,376320.1201,2.3215262465048303,welch_hann_2048_overlap_1024_fs_44100,digital_amplitude_squared_per_hz,2.9944880361760163e-07,1076.66015625,3.9901710698017665e-07,1335.05859375,3.083962037984968e-06,2325.5859375
2025.06.18_0.3_3,index=18.873637,7,7.0,1,873637.0359,873637.0359_src-index=18.873637_chunk-0007.npy,376320.1201,2.3215262465048303,welch_hann_2048_overlap_1024_fs_44100,digital_amplitude_squared_per_hz,2.6266413366786193e-07,1055.126953125,3.840484059955463e-07,1356.591796875,2.3394887250473333e-06,2325.5859375
2025.06.18_0.3_3,index=18.873637,8,8.0,1,873637.0359,873637.0359_src-index=18.873637_chunk-0008.npy,376320.1201,2.3215262465048303,welch_hann_2048_overlap_1024_fs_44100,digital_amplitude_squared_per_hz,2.1761328213275494e-07,1076.66015625,4.4112067401266217e-07,1356.591796875,2.9963039249790793e-06,2325.5859375
2025.06.18_0.3_3,index=18.873637,9,9.0,1,873637.0359,873637.0359_src-index=18.873637_chunk-0009.npy,376320.1201,2.3215262465048303,welch_hann_2048_overlap_1024_fs_44100,digital_amplitude_squared_per_hz,2.78333773327497e-07,1076.66015625,4.799249042007754e-07,1335.05859375,3.2072030668157743e-06,2325.5859375
2025.06.18_0.3_3,index=18.873637,10,10.0,1,873637.0359,873637.0359_src-index=18.873637_chunk-0010.npy,376320.1201,2.3215262465048303,welch_hann_2048_overlap_1024_fs_44100,digital_amplitude_squared_per_hz,2.2976350188500057e-07,1076.66015625,4.0041876781616025e-07,1335.05859375,2.0559255925635985e-06,2304.052734375
2025.06.18_0.3_3,index=18.873637,11,11.0,1,873637.0359,873637.0359_src-index=18.873637_chunk-0011.npy,376320.1201,2.3215262465048303,welch_hann_2048_overlap_1024_fs_44100,digital_amplitude_squared_per_hz,2.6273707950911135e-07,1076.66015625,4.1852395170930905e-07,1335.05859375,2.6939275660253072e-06,2304.052734375
2025.06.18_0.3_3,index=18.873637,12,12.0,1,873637.0359,873637.0359_src-index=18.873637_chunk-0012.npy,376320.1201,2.3215262465048303,welch_hann_2048_overlap_1024_fs_44100,digital_amplitude_squared_per_hz,2.6159186049508406e-07,1076.66015625,3.8034047921471223e-07,1313.525390625,2.169777665709108e-06,2282.51953125
2025.06.18_0.3_3,index=18.873637,13,13.0,1,873637.0359,873637.0359_src-index=18.873637_chunk-0013.npy,376320.1201,2.3215262465048303,welch_hann_2048_overlap_1024_fs_44100,digital_amplitude_squared_per_hz,3.1285563833036584e-07,861.328125,4.837833068960433e-07,1356.591796875,3.6146767695446894e-06,2304.052734375
2025.06.18_0.3_3,index=18.873637,14,14.0,1,873637.0359,873637.0359_src-index=18.873637_chunk-0014.npy,376320.1201,2.3215262465048303,welch_hann_2048_overlap_1024_fs_44100,digital_amplitude_squared_per_hz,2.3003161408373332e-07,1076.66015625,5.479255475764643e-07,1356.591796875,2.9467260094175617e-06,2304.052734375
2025.06.18_0.3_3,index=18.873637,15,15.0,1,873637.0359,873637.0359_src-index=18.873637_chunk-0015.npy,376320.1201,2.3215262465048303,welch_hann_2048_overlap_1024_fs_44100,digital_amplitude_squared_per_hz,3.0830774574280344e-07,1076.66015625,6.15703741748057e-07,1356.591796875,2.6845455623052433e-06,2304.052734375
2025.06.18_0.3_3,index=18.873637,16,16.0,1,873637.0359,873637.0359_src-index=18.873637_chunk-0016.npy,376320.1201,2.3215262465048303,welch_hann_2048_overlap_1024_fs_44100,digital_amplitude_squared_per_hz,2.2169309871923162e-07,1076.66015625,3.334409494268314e-07,1313.525390625,2.7676484209665703e-06,2304.052734375
2025.06.18_0.3_3,index=18.873637,17,17.0,1,873637.0359,873637.0359_src-index=18.873637_chunk-0017.npy,376320.1201,2.3215262465048303,welch_hann_2048_overlap_1024_fs_44100,digital_amplitude_squared_per_hz,2.697276955611974e-07,861.328125,5.891801603878385e-07,1356.591796875,2.7422328489400917e-06,2325.5859375
2025.06.18_0.3_3,index=18.873637,18,18.0,1,873637.0359,873637.0359_src-index=18.873637_chunk-0018.npy,376320.1201,2.3215262465048303,welch_hann_2048_overlap_1024_fs_44100,digital_amplitude_squared_per_hz,2.349879475301196e-07,1055.126953125,5.037724140951436e-07,1335.05859375,2.5153536323230076e-06,2304.052734375
2025.06.18_0.3_3,index=18.873637,19,19.0,1,873637.0359,873637.0359_src-index=18.873637_chunk-0019.npy,376320.1201,2.3215262465048303,welch_hann_2048_overlap_1024_fs_44100,digital_amplitude_squared_per_hz,2.241524028839133e-07,1055.126953125,4.369053189201444e-07,1356.591796875,2.4262640703120074e-06,2304.052734375
2025.06.18_0.3_3,index=18.873637,20,20.0,1,873637.0359,873637.0359_src-index=18.873637_chunk-0020.npy,376320.1201,2.3215262465048303,welch_hann_2048_overlap_1024_fs_44100,digital_amplitude_squared_per_hz,2.384361218700118e-07,1076.66015625,3.903146478249388e-07,1335.05859375,1.9358506162614274e-06,2304.052734375
2025.06.18_0.3_3,index=18.873637,21,21.0,1,873637.0359,873637.0359_src-index=18.873637_chunk-0021.npy,376320.1201,2.3215262465048303,welch_hann_2048_overlap_1024_fs_44100,digital_amplitude_squared_per_hz,2.0084160288409782e-07,1076.66015625,4.3395891190407296e-07,1356.591796875,2.2821329142570075e-06,2304.052734375
2025.06.18_0.3_3,index=18.873637,22,22.0,1,873637.0359,873637.0359_src-index=18.873637_chunk-0022.npy,376320.1201,2.3215262465048303,welch_hann_2048_overlap_1024_fs_44100,digital_amplitude_squared_per_hz,1.6874967894611213e-07,861.328125,4.540777010636646e-07,1335.05859375,2.5606443114041165e-06,2304.052734375
2025.06.18_0.3_3,index=18.873637,23,23.0,1,873637.0359,873637.0359_src-index=18.873637_chunk-0023.npy,376320.1201,2.3215262465048303,welch_hann_2048_overlap_1024_fs_44100,digital_amplitude_squared_per_hz,2.088691217759072e-07,1033.59375,4.510984817207015e-07,1335.05859375,3.860888222165421e-06,2304.052734375
2025.06.18_0.3_3,index=18.873637,24,24.0,1,873637.0359,873637.0359_src-index=18.873637_chunk-0024.npy,376320.1201,2.3215262465048303,welch_hann_2048_overlap_1024_fs_44100,digital_amplitude_squared_per_hz,2.2076516181764716e-07,861.328125,3.766694712569658e-07,1335.05859375,2.245207710048189e-06,2325.5859375
2025.06.18_0.3_3,index=18.873637,25,25.0,1,873637.0359,873637.0359_src-index=18.873637_chunk-0025.npy,376320.1201,2.3215262465048303,welch_hann_2048_overlap_1024_fs_44100,digital_amplitude_squared_per_hz,2.3486693266272893e-07,1076.66015625,3.6726096936889575e-07,1356.591796875,2.1493674378137624e-06,2304.052734375
2025.06.18_0.3_3,index=18.873637,26,26.0,1,873637.0359,873637.0359_src-index=18.873637_chunk-0026.npy,376320.1201,2.3215262465048303,welch_hann_2048_overlap_1024_fs_44100,digital_amplitude_squared_per_hz,1.9424959273144147e-07,1076.66015625,3.2679981783489233e-07,1356.591796875,2.6072824614283672e-06,2304.052734375
2025.06.18_0.3_3,index=18.873637,27,27.0,1,873637.0359,873637.0359_src-index=18.873637_chunk-0027.npy,376320.1201,2.3215262465048303,welch_hann_2048_overlap_1024_fs_44100,digital_amplitude_squared_per_hz,2.5131089146497487e-07,1076.66015625,4.047157674642553e-07,1356.591796875,2.577429409782062e-06,2304.052734375
2025.06.18_0.3_3,index=18.873637,28,28.0,1,873637.0359,873637.0359_src-index=18.873637_chunk-0028.npy,376320.1201,2.3215262465048303,welch_hann_2048_overlap_1024_fs_44100,digital_amplitude_squared_per_hz,2.0511906468049954e-07,861.328125,6.617521640757698e-07,1335.05859375,1.8271344238401805e-06,2282.51953125
2025.06.18_0.3_3,index=18.873637,29,29.0,1,873637.0359,873637.0359_src-index=18.873637_chunk-0029.npy,376320.1201,2.3215262465048303,welch_hann_2048_overlap_1024_fs_44100,digital_amplitude_squared_per_hz,2.1238818539841155e-07,861.328125,3.820469749797281e-07,1356.591796875,2.050845426267272e-06,2282.51953125
2025.06.18_0.3_3,index=18.873637,30,30.0,1,873637.0359,873637.0359_src-index=18.873637_chunk-0030.npy,376320.1201,2.3215262465048303,welch_hann_2048_overlap_1024_fs_44100,digital_amplitude_squared_per_hz,2.891543719131452e-07,1076.66015625,3.2738547577440995e-07,1335.05859375,2.618492102371676e-06,2304.052734375
2025.06.18_0.3_3,index=18.873637,31,31.0,1,873637.0359,873637.0359_src-index=18.873637_chunk-0031.npy,376320.1201,2.3215262465048303,welch_hann_2048_overlap_1024_fs_44100,digital_amplitude_squared_per_hz,2.688064440524145e-07,1033.59375,5.027434133181832e-07,1335.05859375,2.2167972622994186e-06,2304.052734375
2025.06.18_0.3_3,index=18.873637,32,32.0,1,873637.0359,873637.0359_src-index=18.873637_chunk-0032.npy,376320.1201,2.3215262465048303,welch_hann_2048_overlap_1024_fs_44100,digital_amplitude_squared_per_hz,2.6740652204024557e-07,1055.126953125,3.7950729327762015e-07,1356.591796875,2.4979353782384424e-06,2304.052734375
2025.06.18_0.3_3,index=18.873637,33,33.0,1,873637.0359,873637.0359_src-index=18.873637_chunk-0033.npy,376320.1201,2.3215262465048303,welch_hann_2048_overlap_1024_fs_44100,digital_amplitude_squared_per_hz,2.1289135162992522e-07,861.328125,4.312965890451889e-07,1335.05859375,2.1602098539375686e-06,2304.052734375
2025.06.18_0.3_3,index=18.873637,34,34.0,1,873637.0359,873637.0359_src-index=18.873637_chunk-0034.npy,376320.1201,2.3215262465048303,welch_hann_2048_overlap_1024_fs_44100,digital_amplitude_squared_per_hz,2.2211105401257752e-07,1076.66015625,4.963214994740511e-07,1335.05859375,1.758721901815862e-06,2282.51953125
2025.06.18_0.3_3,index=18.873637,35,35.0,1,873637.0359,873637.0359_src-index=18.873637_chunk-0035.npy,376320.1201,2.3215262465048303,welch_hann_2048_overlap_1024_fs_44100,digital_amplitude_squared_per_hz,2.3717195325832392e-07,1055.126953125,4.657098420335366e-07,1335.05859375,2.2265638399188065e-06,2325.5859375
2025.06.18_0.3_3,index=18.873637,36,36.0,1,873637.0359,873637.0359_src-index=18.873637_chunk-0036.npy,376320.1201,2.3215262465048303,welch_hann_2048_overlap_1024_fs_44100,digital_amplitude_squared_per_hz,2.497617681406156e-07,1055.126953125,3.0278539079559844e-07,1335.05859375,2.1873265624900274e-06,2325.5859375
2025.06.18_0.3_3,index=18.873637,37,37.0,1,873637.0359,873637.0359_src-index=18.873637_chunk-0037.npy,376320.1201,2.3215262465048303,welch_hann_2048_overlap_1024_fs_44100,digital_amplitude_squared_per_hz,2.233277673913961e-07,861.328125,3.8901400702573253e-07,1356.591796875,2.27238532235754e-06,2304.052734375
2025.06.18_0.3_3,index=18.873637,38,38.0,1,873637.0359,873637.0359_src-index=18.873637_chunk-0038.npy,376320.1201,2.3215262465048303,welch_hann_2048_overlap_1024_fs_44100,digital_amplitude_squared_per_hz,2.2483760972156196e-07,861.328125,5.092097449630978e-07,1356.591796875,2.695802905286571e-06,2325.5859375
2025.06.18_0.3_3,index=18.873637,39,39.0,1,873637.0359,873637.0359_src-index=18.873637_chunk-0039.npy,376320.1201,2.3215262465048303,welch_hann_2048_overlap_1024_fs_44100,digital_amplitude_squared_per_hz,2.1054297605541178e-07,1033.59375,4.413374901205156e-07,1356.591796875,2.038453588321409e-06,2304.052734375
2025.06.18_0.3_3,index=18.873637,40,40.0,1,873637.0359,873637.0359_src-index=18.873637_chunk-0040.npy,376320.1201,2.3215262465048303,welch_hann_2048_overlap_1024_fs_44100,digital_amplitude_squared_per_hz,1.7482060173970112e-07,1055.126953125,4.6089663623339e-07,1356.591796875,1.793208494935046e-06,2304.052734375
2025.06.18_0.3_3,index=18.873637,41,41.0,1,873637.0359,873637.0359_src-index=18.873637_chunk-0041.npy,376320.1201,2.3215262465048303,welch_hann_2048_overlap_1024_fs_44100,digital_amplitude_squared_per_hz,1.9328073948279965e-07,1033.59375,4.489360061414315e-07,1356.591796875,2.4647064070380516e-06,2282.51953125
2025.06.18_0.3_3,index=18.873637,42,42.0,1,873637.0359,873637.0359_src-index=18.873637_chunk-0042.npy,376320.1201,2.3215262465048303,welch_hann_2048_overlap_1024_fs_44100,digital_amplitude_squared_per_hz,1.653444454011055e-07,1055.126953125,3.915876364184408e-07,1335.05859375,2.4473078928461043e-06,2304.052734375
2025.06.18_0.3_3,index=18.873637,43,43.0,1,873637.0359,873637.0359_src-index=18.873637_chunk-0043.npy,376320.1201,2.3215262465048303,welch_hann_2048_overlap_1024_fs_44100,digital_amplitude_squared_per_hz,2.9855876239719615e-07,861.328125,3.840418225044058e-07,1356.591796875,2.8257164992771396e-06,2304.052734375
2025.06.18_0.3_3,index=18.873637,44,44.0,1,873637.0359,873637.0359_src-index=18.873637_chunk-0044.npy,376320.1201,2.3215262465048303,welch_hann_2048_overlap_1024_fs_44100,digital_amplitude_squared_per_hz,2.7978458928781127e-07,1076.66015625,4.733528145132637e-07,1335.05859375,2.3428390258641268e-06,2325.5859375
2025.06.18_0.3_3,index=18.873637,45,45.0,1,873637.0359,873637.0359_src-index=18.873637_chunk-0045.npy,376320.1201,2.3215262465048303,welch_hann_2048_overlap_1024_fs_44100,digital_amplitude_squared_per_hz,2.0052958795374588e-07,861.328125,3.957643460210434e-07,1356.591796875,2.0376188442572858e-06,2304.052734375
2025.06.18_0.3_3,index=18.873637,46,46.0,1,873637.0359,873637.0359_src-index=18.873637_chunk-0046.npy,376320.1201,2.3215262465048303,welch_hann_2048_overlap_1024_fs_44100,digital_amplitude_squared_per_hz,1.6161837274956742e-07,861.328125,3.6309263378788964e-07,1356.591796875,2.021920301277785e-06,2325.5859375
2025.06.18_0.3_3,index=18.873637,47,47.0,1,873637.0359,873637.0359_src-index=18.873637_chunk-0047.npy,376320.1201,2.3215262465048303,welch_hann_2048_overlap_1024_fs_44100,digital_amplitude_squared_per_hz,1.9780779847727718e-07,1055.126953125,3.7172356343291685e-07,1356.591796875,1.8756793169911137e-06,2304.052734375
2025.06.18_0.3_3,index=18.873637,48,48.0,1,873637.0359,873637.0359_src-index=18.873637_chunk-0048.npy,376320.1201,2.3215262465048303,welch_hann_2048_overlap_1024_fs_44100,digital_amplitude_squared_per_hz,2.3419568692504332e-07,1033.59375,4.387980172622723e-07,1356.591796875,2.207702557235028e-06,2282.51953125
2025.06.18_0.3_3,index=18.873637,49,49.0,1,873637.0359,873637.0359_src-index=18.873637_chunk-0049.npy,376320.1201,2.3215262465048303,welch_hann_2048_overlap_1024_fs_44100,digital_amplitude_squared_per_hz,2.5067015561570215e-07,1055.126953125,4.733620388650291e-07,1356.591796875,2.660231519460511e-06,2304.052734375
2025.06.18_0.3_3,index=18.873637,50,50.0,1,873637.0359,873637.0359_src-index=18.873637_chunk-0050.npy,376320.1201,2.3215262465048303,welch_hann_2048_overlap_1024_fs_44100,digital_amplitude_squared_per_hz,2.54820368700513e-07,1033.59375,4.113214772052096e-07,1335.05859375,2.4983616951407643e-06,2304.052734375
2025.06.18_0.3_3,index=18.873637,51,51.0,1,873637.0359,873637.0359_src-index=18.873637_chunk-0051.npy,376320.1201,2.3215262465048303,welch_hann_2048_overlap_1024_fs_44100,digital_amplitude_squared_per_hz,1.98730107083182e-07,861.328125,3.8705861418004075e-07,1356.591796875,2.4471408635649857e-06,2304.052734375
2025.06.18_0.3_3,index=18.873637,52,52.0,1,873637.0359,873637.0359_src-index=18.873637_chunk-0052.npy,376320.1201,2.3215262465048303,welch_hann_2048_overlap_1024_fs_44100,digital_amplitude_squared_per_hz,2.3774204460895445e-07,1055.126953125,4.4925065529015444e-07,1356.591796875,2.907742691168641e-06,2304.052734375
2025.06.18_0.3_3,index=18.873637,53,53.0,1,873637.0359,873637.0359_src-index=18.873637_chunk-0053.npy,376320.1201,2.3215262465048303,welch_hann_2048_overlap_1024_fs_44100,digital_amplitude_squared_per_hz,2.493748903726142e-07,1055.126953125,4.2512687076611835e-07,1356.591796875,1.7515888973842871e-06,2325.5859375
2025.06.18_0.3_3,index=18.873637,54,54.0,1,873637.0359,873637.0359_src-index=18.873637_chunk-0054.npy,376320.1201,2.3215262465048303,welch_hann_2048_overlap_1024_fs_44100,digital_amplitude_squared_per_hz,2.5583511959951983e-07,1033.59375,4.534405710181608e-07,1335.05859375,2.004596660519333e-06,2325.5859375
2025.06.18_0.3_3,index=18.873637,55,55.0,1,873637.0359,873637.0359_src-index=18.873637_chunk-0055.npy,376320.1201,2.3215262465048303,welch_hann_2048_overlap_1024_fs_44100,digital_amplitude_squared_per_hz,2.1198897571997993e-07,1055.126953125,4.558583163538828e-07,1335.05859375,1.8903877201330346e-06,2325.5859375
2025.06.18_0.3_3,index=18.873637,56,56.0,1,873637.0359,873637.0359_src-index=18.873637_chunk-0056.npy,376320.1201,2.3215262465048303,welch_hann_2048_overlap_1024_fs_44100,digital_amplitude_squared_per_hz,2.768612248294967e-07,1055.126953125,4.6029456241625023e-07,1335.05859375,2.0477794452036364e-06,2282.51953125
2025.06.18_0.3_3,index=18.873637,57,57.0,1,873637.0359,873637.0359_src-index=18.873637_chunk-0057.npy,376320.1201,2.3215262465048303,welch_hann_2048_overlap_1024_fs_44100,digital_amplitude_squared_per_hz,2.4367479688226374e-07,1033.59375,4.167302086383033e-07,1335.05859375,1.7846491667833243e-06,2282.51953125
2025.06.18_0.3_3,index=18.873637,58,58.0,1,873637.0359,873637.0359_src-index=18.873637_chunk-0058.npy,376320.1201,2.3215262465048303,welch_hann_2048_overlap_1024_fs_44100,digital_amplitude_squared_per_hz,2.197346445558339e-07,1076.66015625,3.763282818754149e-07,1356.591796875,1.8335652533672823e-06,2325.5859375
2025.06.18_0.3_3,index=18.873637,59,59.0,1,873637.0359,873637.0359_src-index=18.873637_chunk-0059.npy,376320.1201,2.3215262465048303,welch_hann_2048_overlap_1024_fs_44100,digital_amplitude_squared_per_hz,1.984509280065322e-07,861.328125,3.902892607436986e-07,1356.591796875,2.4562029463897107e-06,2304.052734375
2025.06.18_0.3_3,index=2.2380,0,0.0,1,2380.025286,2380.025286_src-index=2.2380_chunk-0000.npy,376320.1201,0.0063244699363072,welch_hann_2048_overlap_1024_fs_44100,digital_amplitude_squared_per_hz,3.444618803240886e-11,947.4609375,8.819733395004477e-12,1356.591796875,8.206525218669932e-12,2454.78515625
2025.06.18_0.3_3,index=2.2380,1,1.0,1,2380.025286,2380.025286_src-index=2.2380_chunk-0001.npy,376320.1201,0.0063244699363072,welch_hann_2048_overlap_1024_fs_44100,digital_amplitude_squared_per_hz,2.959034209061823e-11,947.4609375,8.4265413073789e-12,1356.591796875,8.993102696386982e-12,2454.78515625
2025.06.18_0.3_3,index=2.2380,2,2.0,1,2380.025286,2380.025286_src-index=2.2380_chunk-0002.npy,376320.1201,0.0063244699363072,welch_hann_2048_overlap_1024_fs_44100,digital_amplitude_squared_per_hz,3.239293057596148e-11,947.4609375,7.995505332196207e-12,1356.591796875,7.408458928387778e-12,2454.78515625
2025.06.18_0.3_3,index=2.2380,3,3.0,1,2380.025286,2380.025286_src-index=2.2380_chunk-0003.npy,376320.1201,0.0063244699363072,welch_hann_2048_overlap_1024_fs_44100,digital_amplitude_squared_per_hz,3.1043494828251706e-11,947.4609375,7.894700930593124e-12,1356.591796875,8.353874976951801e-12,2454.78515625
2025.06.18_0.3_3,index=2.2380,4,4.0,1,2380.025286,2380.025286_src-index=2.2380_chunk-0004.npy,376320.1201,0.0063244699363072,welch_hann_2048_overlap_1024_fs_44100,digital_amplitude_squared_per_hz,2.9785795612176704e-11,947.4609375,8.781978610697385e-12,1356.591796875,8.263701558689326e-12,2454.78515625
2025.06.18_0.3_3,index=2.2380,5,5.0,1,2380.025286,2380.025286_src-index=2.2380_chunk-0005.npy,376320.1201,0.0063244699363072,welch_hann_2048_overlap_1024_fs_44100,digital_amplitude_squared_per_hz,2.997680894066708e-11,947.4609375,7.0084687590621085e-12,1356.591796875,8.588870922078642e-12,2454.78515625
2025.06.18_0.3_3,index=2.2380,6,6.0,1,2380.025286,2380.025286_src-index=2.2380_chunk-0006.npy,376320.1201,0.0063244699363072,welch_hann_2048_overlap_1024_fs_44100,digital_amplitude_squared_per_hz,2.8360407228805452e-11,947.4609375,9.04373725986368e-12,1356.591796875,8.26433899316125e-12,2454.78515625
2025.06.18_0.3_3,index=2.2380,7,7.0,1,2380.025286,2380.025286_src-index=2.2380_chunk-0007.npy,376320.1201,0.0063244699363072,welch_hann_2048_overlap_1024_fs_44100,digital_amplitude_squared_per_hz,2.823201430851978e-11,947.4609375,7.493199845324425e-12,1356.591796875,8.737079749778231e-12,2454.78515625
2025.06.18_0.3_3,index=2.2380,8,8.0,1,2380.025286,2380.025286_src-index=2.2380_chunk-0008.npy,376320.1201,0.0063244699363072,welch_hann_2048_overlap_1024_fs_44100,digital_amplitude_squared_per_hz,2.8661360729787066e-11,947.4609375,6.524060643446007e-12,1356.591796875,9.26428870093869e-12,2454.78515625
2025.06.18_0.3_3,index=2.2380,9,9.0,1,2380.025286,2380.025286_src-index=2.2380_chunk-0009.npy,376320.1201,0.0063244699363072,welch_hann_2048_overlap_1024_fs_44100,digital_amplitude_squared_per_hz,2.8719510516332866e-11,947.4609375,8.707180690943541e-12,1356.591796875,8.643666001642539e-12,2454.78515625
2025.06.18_0.3_3,index=2.2380,10,10.0,1,2380.025286,2380.025286_src-index=2.2380_chunk-0010.npy,376320.1201,0.0063244699363072,welch_hann_2048_overlap_1024_fs_44100,digital_amplitude_squared_per_hz,2.668639355138447e-11,947.4609375,7.682350972036405e-12,1356.591796875,7.692473027642256e-12,2454.78515625
2025.06.18_0.3_3,index=2.2380,11,11.0,1,2380.025286,2380.025286_src-index=2.2380_chunk-0011.npy,376320.1201,0.0063244699363072,welch_hann_2048_overlap_1024_fs_44100,digital_amplitude_squared_per_hz,2.822693880961496e-11,947.4609375,6.439035677872048e-12,1356.591796875,7.990900254754551e-12,2454.78515625
2025.06.18_0.3_3,index=2.2380,12,12.0,1,2380.025286,2380.025286_src-index=2.2380_chunk-0012.npy,376320.1201,0.0063244699363072,welch_hann_2048_overlap_1024_fs_44100,digital_amplitude_squared_per_hz,2.8074809447518024e-11,947.4609375,9.39538360124847e-12,1356.591796875,8.924358990773111e-12,2454.78515625
2025.06.18_0.3_3,index=2.2380,13,13.0,1,2380.025286,2380.025286_src-index=2.2380_chunk-0013.npy,376320.1201,0.0063244699363072,welch_hann_2048_overlap_1024_fs_44100,digital_amplitude_squared_per_hz,2.8283606093499914e-11,947.4609375,8.35839714970904e-12,1356.591796875,8.398196526354188e-12,2454.78515625
2025.06.18_0.3_3,index=2.2380,14,14.0,1,2380.025286,2380.025286_src-index=2.2380_chunk-0014.npy,376320.1201,0.0063244699363072,welch_hann_2048_overlap_1024_fs_44100,digital_amplitude_squared_per_hz,2.831223254863133e-11,947.4609375,7.07158323876589e-12,1356.591796875,8.395646388357319e-12,2454.78515625
2025.06.18_0.3_3,index=2.2380,15,15.0,1,2380.025286,2380.025286_src-index=2.2380_chunk-0015.npy,376320.1201,0.0063244699363072,welch_hann_2048_overlap_1024_fs_44100,digital_amplitude_squared_per_hz,2.8764817420136366e-11,947.4609375,8.42398978612868e-12,1356.591796875,8.613619266622632e-12,2454.78515625
2025.06.18_0.3_3,index=2.2380,16,16.0,1,2380.025286,2380.025286_src-index=2.2380_chunk-0016.npy,376320.1201,0.0063244699363072,welch_hann_2048_overlap_1024_fs_44100,digital_amplitude_squared_per_hz,2.8545603718779804e-11,947.4609375,8.681630242194906e-12,1356.591796875,8.218390983128177e-12,2454.78515625
2025.06.18_0.3_3,index=2.2380,17,17.0,1,2380.025286,2380.025286_src-index=2.2380_chunk-0017.npy,376320.1201,0.0063244699363072,welch_hann_2048_overlap_1024_fs_44100,digital_amplitude_squared_per_hz,2.859271829512227e-11,947.4609375,9.234639406094435e-12,1356.591796875,7.966951462396465e-12,2454.78515625
2025.06.18_0.3_3,index=2.2380,18,18.0,1,2380.025286,2380.025286_src-index=2.2380_chunk-0018.npy,376320.1201,0.0063244699363072,welch_hann_2048_overlap_1024_fs_44100,digital_amplitude_squared_per_hz,2.9327427496937534e-11,947.4609375,6.635045151184241e-12,1356.591796875,9.018998151245887e-12,2454.78515625
2025.06.18_0.3_3,index=2.2380,19,19.0,1,2380.025286,2380.025286_src-index=2.2380_chunk-0019.npy,376320.1201,0.0063244699363072,welch_hann_2048_overlap_1024_fs_44100,digital_amplitude_squared_per_hz,2.825772056883427e-11,947.4609375,8.279769856286295e-12,1356.591796875,8.798629128712696e-12,2454.78515625
2025.06.18_0.3_3,index=2.2380,20,20.0,1,2380.025286,2380.025286_src-index=2.2380_chunk-0020.npy,376320.1201,0.0063244699363072,welch_hann_2048_overlap_1024_fs_44100,digital_amplitude_squared_per_hz,3.8967152883316514e-11,861.328125,6.183095041742815e-11,1356.591796875,9.063781038381944e-12,2454.78515625
2025.06.18_0.3_3,index=2.2380,21,21.0,1,2380.025286,2380.025286_src-index=2.2380_chunk-0021.npy,376320.1201,0.0063244699363072,welch_hann_2048_overlap_1024_fs_44100,digital_amplitude_squared_per_hz,2.8913211729397734e-11,947.4609375,1.9714163196713474e-11,1356.591796875,8.936092645991475e-12,2454.78515625
2025.06.18_0.3_3,index=2.2380,22,22.0,1,2380.025286,2380.025286_src-index=2.2380_chunk-0022.npy,376320.1201,0.0063244699363072,welch_hann_2048_overlap_1024_fs_44100,digital_amplitude_squared_per_hz,2.8706846364119234e-11,947.4609375,8.18068553889645e-12,1356.591796875,8.679629893698165e-12,2454.78515625
2025.06.18_0.3_3,index=2.2380,23,23.0,1,2380.025286,2380.025286_src-index=2.2380_chunk-0023.npy,376320.1201,0.0063244699363072,welch_hann_2048_overlap_1024_fs_44100,digital_amplitude_squared_per_hz,2.7718993037474632e-11,947.4609375,8.185391278891454e-12,1356.591796875,8.423999078972124e-12,2454.78515625
2025.06.18_0.3_3,index=2.2380,24,24.0,1,2380.025286,2380.025286_src-index=2.2380_chunk-0024.npy,376320.1201,0.0063244699363072,welch_hann_2048_overlap_1024_fs_44100,digital_amplitude_squared_per_hz,2.8802161687152128e-11,947.4609375,6.713417492517189e-12,1356.591796875,8.083011978524465e-12,2454.78515625
2025.06.18_0.3_3,index=2.2380,25,25.0,1,2380.025286,2380.025286_src-index=2.2380_chunk-0025.npy,376320.1201,0.0063244699363072,welch_hann_2048_overlap_1024_fs_44100,digital_amplitude_squared_per_hz,2.9801740797817206e-11,947.4609375,7.1692588563581365e-12,1356.591796875,7.887100526193653e-12,2454.78515625
2025.06.18_0.3_3,index=2.2380,26,26.0,1,2380.025286,2380.025286_src-index=2.2380_chunk-0026.npy,376320.1201,0.0063244699363072,welch_hann_2048_overlap_1024_fs_44100,digital_amplitude_squared_per_hz,2.7828362337071017e-11,947.4609375,7.863939808512387e-12,1356.591796875,8.128829799242807e-12,2454.78515625
2025.06.18_0.3_3,index=2.2380,27,27.0,1,2380.025286,2380.025286_src-index=2.2380_chunk-0027.npy,376320.1201,0.0063244699363072,welch_hann_2048_overlap_1024_fs_44100,digital_amplitude_squared_per_hz,2.8534947314206065e-11,947.4609375,6.113927287790423e-12,1356.591796875,8.260577514626337e-12,2454.78515625
2025.06.18_0.3_3,index=2.2380,28,28.0,1,2380.025286,2380.025286_src-index=2.2380_chunk-0028.npy,376320.1201,0.0063244699363072,welch_hann_2048_overlap_1024_fs_44100,digital_amplitude_squared_per_hz,2.5870075629452394e-11,947.4609375,7.860339690625643e-12,1356.591796875,8.44564304079255e-12,2454.78515625
2025.06.18_0.3_3,index=2.2380,29,29.0,1,2380.025286,2380.025286_src-index=2.2380_chunk-0029.npy,376320.1201,0.0063244699363072,welch_hann_2048_overlap_1024_fs_44100,digital_amplitude_squared_per_hz,2.7580209683608216e-11,947.4609375,7.245359510271951e-12,1356.591796875,8.715509000510043e-12,2454.78515625
2025.06.18_0.3_3,index=2.2380,30,30.0,1,2380.025286,2380.025286_src-index=2.2380_chunk-0030.npy,376320.1201,0.0063244699363072,welch_hann_2048_overlap_1024_fs_44100,digital_amplitude_squared_per_hz,2.8260435619964056e-11,947.4609375,7.527735184009303e-12,1356.591796875,8.328008906288761e-12,2454.78515625
2025.06.18_0.3_3,index=2.2380,31,31.0,1,2380.025286,2380.025286_src-index=2.2380_chunk-0031.npy,376320.1201,0.0063244699363072,welch_hann_2048_overlap_1024_fs_44100,digital_amplitude_squared_per_hz,2.826202304069727e-11,947.4609375,8.153371746111387e-12,1356.591796875,9.520133893599389e-12,2454.78515625
2025.06.18_0.3_3,index=2.2380,32,32.0,1,2380.025286,2380.025286_src-index=2.2380_chunk-0032.npy,376320.1201,0.0063244699363072,welch_hann_2048_overlap_1024_fs_44100,digital_amplitude_squared_per_hz,2.822079306904389e-11,947.4609375,6.01271146787513e-12,1356.591796875,9.098689120854463e-12,2454.78515625
2025.06.18_0.3_3,index=2.2380,33,33.0,1,2380.025286,2380.025286_src-index=2.2380_chunk-0033.npy,376320.1201,0.0063244699363072,welch_hann_2048_overlap_1024_fs_44100,digital_amplitude_squared_per_hz,2.8062472758033357e-11,947.4609375,7.418856305203158e-12,1356.591796875,8.856147597053243e-12,2454.78515625
2025.06.18_0.3_3,index=2.2380,34,34.0,1,2380.025286,2380.025286_src-index=2.2380_chunk-0034.npy,376320.1201,0.0063244699363072,welch_hann_2048_overlap_1024_fs_44100,digital_amplitude_squared_per_hz,2.7706836081079668e-11,947.4609375,7.529458765915018e-12,1356.591796875,8.610056889906565e-12,2454.78515625
2025.06.18_0.3_3,index=2.2380,35,35.0,1,2380.025286,2380.025286_src-index=2.2380_chunk-0035.npy,376320.1201,0.0063244699363072,welch_hann_2048_overlap_1024_fs_44100,digital_amplitude_squared_per_hz,2.7559552291291866e-11,861.328125,6.680196274254524e-12,1356.591796875,8.816618193084912e-12,2454.78515625
2025.06.18_0.3_3,index=2.2380,36,36.0,1,2380.025286,2380.025286_src-index=2.2380_chunk-0036.npy,376320.1201,0.0063244699363072,welch_hann_2048_overlap_1024_fs_44100,digital_amplitude_squared_per_hz,2.620299832343934e-11,861.328125,7.42604002443611e-12,1356.591796875,9.175084671199585e-12,2454.78515625
2025.06.18_0.3_3,index=2.2380,37,37.0,1,2380.025286,2380.025286_src-index=2.2380_chunk-0037.npy,376320.1201,0.0063244699363072,welch_hann_2048_overlap_1024_fs_44100,digital_amplitude_squared_per_hz,2.785165191849732e-11,861.328125,7.51746706644911e-12,1356.591796875,9.58704768121821e-12,2454.78515625
2025.06.18_0.3_3,index=2.2380,38,38.0,1,2380.025286,2380.025286_src-index=2.2380_chunk-0038.npy,376320.1201,0.0063244699363072,welch_hann_2048_overlap_1024_fs_44100,digital_amplitude_squared_per_hz,2.7897059923646193e-11,947.4609375,8.066079163724139e-12,1356.591796875,8.812604968427965e-12,2454.78515625
2025.06.18_0.3_3,index=2.2380,39,39.0,1,2380.025286,2380.025286_src-index=2.2380_chunk-0039.npy,376320.1201,0.0063244699363072,welch_hann_2048_overlap_1024_fs_44100,digital_amplitude_squared_per_hz,2.7964522626211453e-11,947.4609375,7.617976016330823e-12,1356.591796875,1.1121958481131084e-11,2454.78515625
2025.06.18_0.3_3,index=2.2380,40,40.0,1,2380.025286,2380.025286_src-index=2.2380_chunk-0040.npy,376320.1201,0.0063244699363072,welch_hann_2048_overlap_1024_fs_44100,digital_amplitude_squared_per_hz,2.7183532287745174e-11,947.4609375,6.115638005205854e-12,1356.591796875,9.575550690796114e-12,2454.78515625
2025.06.18_0.3_3,index=2.2380,41,41.0,1,2380.025286,2380.025286_src-index=2.2380_chunk-0041.npy,376320.1201,0.0063244699363072,welch_hann_2048_overlap_1024_fs_44100,digital_amplitude_squared_per_hz,2.8063176124239632e-11,947.4609375,5.360736098746876e-12,1356.591796875,9.971598920204632e-12,2454.78515625
2025.06.18_0.3_3,index=2.2380,42,42.0,1,2380.025286,2380.025286_src-index=2.2380_chunk-0042.npy,376320.1201,0.0063244699363072,welch_hann_2048_overlap_1024_fs_44100,digital_amplitude_squared_per_hz,2.6680710619289556e-11,947.4609375,6.392188232382148e-12,1356.591796875,9.166456510201548e-12,2454.78515625
2025.06.18_0.3_3,index=2.2380,43,43.0,1,2380.025286,2380.025286_src-index=2.2380_chunk-0043.npy,376320.1201,0.0063244699363072,welch_hann_2048_overlap_1024_fs_44100,digital_amplitude_squared_per_hz,2.8173965205242657e-11,947.4609375,6.25443907328617e-12,1356.591796875,9.757150777118278e-12,2454.78515625
2025.06.18_0.3_3,index=2.2380,44,44.0,1,2380.025286,2380.025286_src-index=2.2380_chunk-0044.npy,376320.1201,0.0063244699363072,welch_hann_2048_overlap_1024_fs_44100,digital_amplitude_squared_per_hz,2.674640513838483e-11,947.4609375,6.957618596828765e-12,1356.591796875,9.405805323403604e-12,2454.78515625
2025.06.18_0.3_3,index=2.2380,45,45.0,1,2380.025286,2380.025286_src-index=2.2380_chunk-0045.npy,376320.1201,0.0063244699363072,welch_hann_2048_overlap_1024_fs_44100,digital_amplitude_squared_per_hz,2.949017968818363e-11,947.4609375,6.576814155429242e-12,1356.591796875,1.0592250898825122e-11,2454.78515625
2025.06.18_0.3_3,index=2.2380,46,46.0,1,2380.025286,2380.025286_src-index=2.2380_chunk-0046.npy,376320.1201,0.0063244699363072,welch_hann_2048_overlap_1024_fs_44100,digital_amplitude_squared_per_hz,2.7176055954185463e-11,947.4609375,6.148534970834882e-12,1356.591796875,9.802655725075716e-12,2454.78515625
2025.06.18_0.3_3,index=2.2380,47,47.0,1,2380.025286,2380.025286_src-index=2.2380_chunk-0047.npy,376320.1201,0.0063244699363072,welch_hann_2048_overlap_1024_fs_44100,digital_amplitude_squared_per_hz,2.6550790680252438e-11,947.4609375,7.35319201339088e-12,1356.591796875,1.0350574264221907e-11,2454.78515625
2025.06.18_0.3_3,index=2.2380,48,48.0,1,2380.025286,2380.025286_src-index=2.2380_chunk-0048.npy,376320.1201,0.0063244699363072,welch_hann_2048_overlap_1024_fs_44100,digital_amplitude_squared_per_hz,2.6272705587849998e-11,947.4609375,6.143159764996286e-12,1356.591796875,1.0054568976412681e-11,2454.78515625
2025.06.18_0.3_3,index=2.2380,49,49.0,1,2380.025286,2380.025286_src-index=2.2380_chunk-0049.npy,376320.1201,0.0063244699363072,welch_hann_2048_overlap_1024_fs_44100,digital_amplitude_squared_per_hz,2.7162597252643968e-11,947.4609375,6.596234150757138e-12,1356.591796875,9.760325669346752e-12,2454.78515625
2025.06.18_0.3_3,index=2.2380,50,50.0,1,2380.025286,2380.025286_src-index=2.2380_chunk-0050.npy,376320.1201,0.0063244699363072,welch_hann_2048_overlap_1024_fs_44100,digital_amplitude_squared_per_hz,2.691640802683186e-11,947.4609375,6.743789029625476e-12,1356.591796875,1.047947766717033e-11,2454.78515625
2025.06.18_0.3_3,index=2.2380,51,51.0,1,2380.025286,2380.025286_src-index=2.2380_chunk-0051.npy,376320.1201,0.0063244699363072,welch_hann_2048_overlap_1024_fs_44100,digital_amplitude_squared_per_hz,2.7341253427156016e-11,947.4609375,6.771327750430886e-12,1356.591796875,1.2407704277665618e-11,2304.052734375
2025.06.18_0.3_3,index=2.2380,52,52.0,1,2380.025286,2380.025286_src-index=2.2380_chunk-0052.npy,376320.1201,0.0063244699363072,welch_hann_2048_overlap_1024_fs_44100,digital_amplitude_squared_per_hz,2.770544283274043e-11,947.4609375,5.801598931647182e-12,1356.591796875,1.0208110659367862e-11,2454.78515625
2025.06.18_0.3_3,index=2.2380,53,53.0,1,2380.025286,2380.025286_src-index=2.2380_chunk-0053.npy,376320.1201,0.0063244699363072,welch_hann_2048_overlap_1024_fs_44100,digital_amplitude_squared_per_hz,2.710985100012582e-11,947.4609375,6.323559371319342e-12,1356.591796875,1.4315712962916515e-11,2304.052734375
2025.06.18_0.3_3,index=2.2380,54,54.0,1,2380.025286,2380.025286_src-index=2.2380_chunk-0054.npy,376320.1201,0.0063244699363072,welch_hann_2048_overlap_1024_fs_44100,digital_amplitude_squared_per_hz,2.6586779842112302e-11,947.4609375,7.0360468519857035e-12,1356.591796875,1.306358484762316e-11,2304.052734375
2025.06.18_0.3_3,index=2.2380,55,55.0,1,2380.025286,2380.025286_src-index=2.2380_chunk-0055.npy,376320.1201,0.0063244699363072,welch_hann_2048_overlap_1024_fs_44100,digital_amplitude_squared_per_hz,2.6528081814333275e-11,947.4609375,6.4099127093923225e-12,1356.591796875,1.1660354392791443e-11,2304.052734375
2025.06.18_0.3_3,index=2.2380,56,56.0,1,2380.025286,2380.025286_src-index=2.2380_chunk-0056.npy,376320.1201,0.0063244699363072,welch_hann_2048_overlap_1024_fs_44100,digital_amplitude_squared_per_hz,2.869093688466412e-11,947.4609375,6.459626302569109e-12,1356.591796875,1.0457098544651801e-11,2304.052734375
2025.06.18_0.3_3,index=2.2380,57,57.0,1,2380.025286,2380.025286_src-index=2.2380_chunk-0057.npy,376320.1201,0.0063244699363072,welch_hann_2048_overlap_1024_fs_44100,digital_amplitude_squared_per_hz,2.7321611190910486e-11,947.4609375,8.108113911734945e-12,1356.591796875,1.1300582930030745e-11,2454.78515625
2025.06.18_0.3_3,index=2.2380,58,58.0,1,2380.025286,2380.025286_src-index=2.2380_chunk-0058.npy,376320.1201,0.0063244699363072,welch_hann_2048_overlap_1024_fs_44100,digital_amplitude_squared_per_hz,2.922061957474971e-11,947.4609375,5.133493932147733e-12,1356.591796875,9.851388671715236e-12,2454.78515625
2025.06.18_0.3_3,index=2.2380,59,59.0,1,2380.025286,2380.025286_src-index=2.2380_chunk-0059.npy,376320.1201,0.0063244699363072,welch_hann_2048_overlap_1024_fs_44100,digital_amplitude_squared_per_hz,2.8573299582945167e-11,947.4609375,7.576191459467593e-12,1356.591796875,1.0059729923927094e-11,2454.78515625
2025.06.18_0.3_3,index=3.21242,0,0.0,1,21242.86319,21242.86319_src-index=3.21242_chunk-0000.npy,376320.1201,0.0564489169071138,welch_hann_2048_overlap_1024_fs_44100,digital_amplitude_squared_per_hz,3.16712982788983e-11,947.4609375,5.561604665880228e-12,1356.591796875,7.970073097386747e-12,2454.78515625
2025.06.18_0.3_3,index=3.21242,1,1.0,1,21242.86319,21242.86319_src-index=3.21242_chunk-0001.npy,376320.1201,0.0564489169071138,welch_hann_2048_overlap_1024_fs_44100,digital_amplitude_squared_per_hz,2.9422507188453295e-11,947.4609375,6.259670354627448e-12,1356.591796875,7.358770391892921e-12,2454.78515625
2025.06.18_0.3_3,index=3.21242,2,2.0,1,21242.86319,21242.86319_src-index=3.21242_chunk-0002.npy,376320.1201,0.0564489169071138,welch_hann_2048_overlap_1024_fs_44100,digital_amplitude_squared_per_hz,2.929067103331542e-11,947.4609375,6.007900091418006e-12,1356.591796875,8.284658689350645e-12,2454.78515625
2025.06.18_0.3_3,index=3.21242,3,3.0,1,21242.86319,21242.86319_src-index=3.21242_chunk-0003.npy,376320.1201,0.0564489169071138,welch_hann_2048_overlap_1024_fs_44100,digital_amplitude_squared_per_hz,2.945032942874242e-11,947.4609375,6.463077182648913e-12,1356.591796875,8.27057875229939e-12,2454.78515625
2025.06.18_0.3_3,index=3.21242,4,4.0,1,21242.86319,21242.86319_src-index=3.21242_chunk-0004.npy,376320.1201,0.0564489169071138,welch_hann_2048_overlap_1024_fs_44100,digital_amplitude_squared_per_hz,3.0218813082889824e-11,947.4609375,5.5769745308966976e-12,1356.591796875,9.098640054307872e-12,2454.78515625
2025.06.18_0.3_3,index=3.21242,5,5.0,1,21242.86319,21242.86319_src-index=3.21242_chunk-0005.npy,376320.1201,0.0564489169071138,welch_hann_2048_overlap_1024_fs_44100,digital_amplitude_squared_per_hz,2.968688037474319e-11,947.4609375,6.279548747680449e-12,1356.591796875,9.261233667445814e-12,2454.78515625
2025.06.18_0.3_3,index=3.21242,6,6.0,1,21242.86319,21242.86319_src-index=3.21242_chunk-0006.npy,376320.1201,0.0564489169071138,welch_hann_2048_overlap_1024_fs_44100,digital_amplitude_squared_per_hz,3.086007801522153e-11,947.4609375,5.682947456626934e-12,1356.591796875,8.825985867393059e-12,2454.78515625
2025.06.18_0.3_3,index=3.21242,7,7.0,1,21242.86319,21242.86319_src-index=3.21242_chunk-0007.npy,376320.1201,0.0564489169071138,welch_hann_2048_overlap_1024_fs_44100,digital_amplitude_squared_per_hz,2.9046895824692363e-11,947.4609375,7.172871258023774e-12,1356.591796875,8.18306960407607e-12,2454.78515625
2025.06.18_0.3_3,index=3.21242,8,8.0,1,21242.86319,21242.86319_src-index=3.21242_chunk-0008.npy,376320.1201,0.0564489169071138,welch_hann_2048_overlap_1024_fs_44100,digital_amplitude_squared_per_hz,2.9460355953955366e-11,947.4609375,6.645430984501584e-12,1356.591796875,7.98752408117692e-12,2454.78515625
2025.06.18_0.3_3,index=3.21242,9,9.0,1,21242.86319,21242.86319_src-index=3.21242_chunk-0009.npy,376320.1201,0.0564489169071138,welch_hann_2048_overlap_1024_fs_44100,digital_amplitude_squared_per_hz,2.726707685616274e-11,947.4609375,7.806016299074124e-12,1356.591796875,8.373507270340311e-12,2454.78515625
2025.06.18_0.3_3,index=3.21242,10,10.0,1,21242.86319,21242.86319_src-index=3.21242_chunk-0010.npy,376320.1201,0.0564489169071138,welch_hann_2048_overlap_1024_fs_44100,digital_amplitude_squared_per_hz,3.0088703587040494e-11,947.4609375,5.752610228943692e-12,1356.591796875,7.774394436002937e-12,2454.78515625
2025.06.18_0.3_3,index=3.21242,11,11.0,1,21242.86319,21242.86319_src-index=3.21242_chunk-0011.npy,376320.1201,0.0564489169071138,welch_hann_2048_overlap_1024_fs_44100,digital_amplitude_squared_per_hz,2.7462603787839345e-11,947.4609375,5.623564243544442e-12,1356.591796875,9.095534341804637e-12,2454.78515625
2025.06.18_0.3_3,index=3.21242,12,12.0,1,21242.86319,21242.86319_src-index=3.21242_chunk-0012.npy,376320.1201,0.0564489169071138,welch_hann_2048_overlap_1024_fs_44100,digital_amplitude_squared_per_hz,2.8932262772250693e-11,947.4609375,6.3128245741015946e-12,1356.591796875,9.371387258856069e-12,2454.78515625
2025.06.18_0.3_3,index=3.21242,13,13.0,1,21242.86319,21242.86319_src-index=3.21242_chunk-0013.npy,376320.1201,0.0564489169071138,welch_hann_2048_overlap_1024_fs_44100,digital_amplitude_squared_per_hz,2.7963709531258773e-11,947.4609375,6.745977553040336e-12,1356.591796875,9.014074835809629e-12,2454.78515625
2025.06.18_0.3_3,index=3.21242,14,14.0,1,21242.86319,21242.86319_src-index=3.21242_chunk-0014.npy,376320.1201,0.0564489169071138,welch_hann_2048_overlap_1024_fs_44100,digital_amplitude_squared_per_hz,2.901576038121349e-11,947.4609375,6.770689403247185e-12,1356.591796875,9.595905153971807e-12,2454.78515625
2025.06.18_0.3_3,index=3.21242,15,15.0,1,21242.86319,21242.86319_src-index=3.21242_chunk-0015.npy,376320.1201,0.0564489169071138,welch_hann_2048_overlap_1024_fs_44100,digital_amplitude_squared_per_hz,2.960588356836258e-11,947.4609375,4.840482094296211e-12,1356.591796875,8.50021620203572e-12,2454.78515625
2025.06.18_0.3_3,index=3.21242,16,16.0,1,21242.86319,21242.86319_src-index=3.21242_chunk-0016.npy,376320.1201,0.0564489169071138,welch_hann_2048_overlap_1024_fs_44100,digital_amplitude_squared_per_hz,2.8829600541773368e-11,947.4609375,5.313675537564344e-12,1356.591796875,9.194174132950657e-12,2454.78515625
2025.06.18_0.3_3,index=3.21242,17,17.0,1,21242.86319,21242.86319_src-index=3.21242_chunk-0017.npy,376320.1201,0.0564489169071138,welch_hann_2048_overlap_1024_fs_44100,digital_amplitude_squared_per_hz,3.013807928949497e-11,947.4609375,5.427069706928846e-12,1356.591796875,8.313168887311316e-12,2454.78515625
2025.06.18_0.3_3,index=3.21242,18,18.0,1,21242.86319,21242.86319_src-index=3.21242_chunk-0018.npy,376320.1201,0.0564489169071138,welch_hann_2048_overlap_1024_fs_44100,digital_amplitude_squared_per_hz,2.987550672951668e-11,947.4609375,6.684827813874172e-12,1356.591796875,8.994644870974592e-12,2454.78515625
2025.06.18_0.3_3,index=3.21242,19,19.0,1,21242.86319,21242.86319_src-index=3.21242_chunk-0019.npy,376320.1201,0.0564489169071138,welch_hann_2048_overlap_1024_fs_44100,digital_amplitude_squared_per_hz,3.059356317730337e-11,947.4609375,5.2403119222298555e-12,1356.591796875,8.95951560306635e-12,2454.78515625
2025.06.18_0.3_3,index=3.21242,20,20.0,1,21242.86319,21242.86319_src-index=3.21242_chunk-0020.npy,376320.1201,0.0564489169071138,welch_hann_2048_overlap_1024_fs_44100,digital_amplitude_squared_per_hz,3.0616784761676714e-11,947.4609375,5.642818346546822e-12,1356.591796875,8.38674305039713e-12,2454.78515625
2025.06.18_0.3_3,index=3.21242,21,21.0,1,21242.86319,21242.86319_src-index=3.21242_chunk-0021.npy,376320.1201,0.0564489169071138,welch_hann_2048_overlap_1024_fs_44100,digital_amplitude_squared_per_hz,3.0637411458505776e-11,947.4609375,4.641087324227166e-12,1356.591796875,9.486856551396076e-12,2454.78515625
2025.06.18_0.3_3,index=3.21242,22,22.0,1,21242.86319,21242.86319_src-index=3.21242_chunk-0022.npy,376320.1201,0.0564489169071138,welch_hann_2048_overlap_1024_fs_44100,digital_amplitude_squared_per_hz,3.102405485627397e-11,947.4609375,5.801602795936904e-12,1356.591796875,8.62338303237582e-12,2454.78515625
2025.06.18_0.3_3,index=3.21242,23,23.0,1,21242.86319,21242.86319_src-index=3.21242_chunk-0023.npy,376320.1201,0.0564489169071138,welch_hann_2048_overlap_1024_fs_44100,digital_amplitude_squared_per_hz,2.8858998746252116e-11,947.4609375,5.059031594872629e-12,1356.591796875,9.744267912027647e-12,2454.78515625
2025.06.18_0.3_3,index=3.21242,24,24.0,1,21242.86319,21242.86319_src-index=3.21242_chunk-0024.npy,376320.1201,0.0564489169071138,welch_hann_2048_overlap_1024_fs_44100,digital_amplitude_squared_per_hz,3.007628473498811e-11,947.4609375,4.799151209518456e-12,1356.591796875,9.293430833873011e-12,2454.78515625
2025.06.18_0.3_3,index=3.21242,25,25.0,1,21242.86319,21242.86319_src-index=3.21242_chunk-0025.npy,376320.1201,0.0564489169071138,welch_hann_2048_overlap_1024_fs_44100,digital_amplitude_squared_per_hz,3.009001028491569e-11,947.4609375,5.441524953915819e-12,1356.591796875,9.329567791785679e-12,2454.78515625
2025.06.18_0.3_3,index=3.21242,26,26.0,1,21242.86319,21242.86319_src-index=3.21242_chunk-0026.npy,376320.1201,0.0564489169071138,welch_hann_2048_overlap_1024_fs_44100,digital_amplitude_squared_per_hz,2.797997573708664e-11,947.4609375,5.016654324320949e-12,1356.591796875,8.907992760272027e-12,2454.78515625
2025.06.18_0.3_3,index=3.21242,27,27.0,1,21242.86319,21242.86319_src-index=3.21242_chunk-0027.npy,376320.1201,0.0564489169071138,welch_hann_2048_overlap_1024_fs_44100,digital_amplitude_squared_per_hz,3.0135994393821193e-11,947.4609375,3.813131898778428e-12,1356.591796875,9.435463236496692e-12,2454.78515625
2025.06.18_0.3_3,index=3.21242,28,28.0,1,21242.86319,21242.86319_src-index=3.21242_chunk-0028.npy,376320.1201,0.0564489169071138,welch_hann_2048_overlap_1024_fs_44100,digital_amplitude_squared_per_hz,2.975174817639671e-11,947.4609375,5.355314487091136e-12,1356.591796875,8.90645897095095e-12,2454.78515625
2025.06.18_0.3_3,index=3.21242,29,29.0,1,21242.86319,21242.86319_src-index=3.21242_chunk-0029.npy,376320.1201,0.0564489169071138,welch_hann_2048_overlap_1024_fs_44100,digital_amplitude_squared_per_hz,3.0046984785264734e-11,947.4609375,6.45796694286515e-12,1356.591796875,9.547084711516147e-12,2454.78515625
2025.06.18_0.3_3,index=3.21242,30,30.0,1,21242.86319,21242.86319_src-index=3.21242_chunk-0030.npy,376320.1201,0.0564489169071138,welch_hann_2048_overlap_1024_fs_44100,digital_amplitude_squared_per_hz,2.946806928333151e-11,947.4609375,4.456145704160106e-12,1356.591796875,8.36624052599968e-12,2454.78515625
2025.06.18_0.3_3,index=3.21242,31,31.0,1,21242.86319,21242.86319_src-index=3.21242_chunk-0031.npy,376320.1201,0.0564489169071138,welch_hann_2048_overlap_1024_fs_44100,digital_amplitude_squared_per_hz,2.8779918590429234e-11,947.4609375,4.295631676599715e-12,1356.591796875,8.4428104240726e-12,2454.78515625
2025.06.18_0.3_3,index=3.21242,32,32.0,1,21242.86319,21242.86319_src-index=3.21242_chunk-0032.npy,376320.1201,0.0564489169071138,welch_hann_2048_overlap_1024_fs_44100,digital_amplitude_squared_per_hz,2.9590838865461217e-11,947.4609375,5.8077864618827e-12,1356.591796875,8.357758373713078e-12,2454.78515625
2025.06.18_0.3_3,index=3.21242,33,33.0,1,21242.86319,21242.86319_src-index=3.21242_chunk-0033.npy,376320.1201,0.0564489169071138,welch_hann_2048_overlap_1024_fs_44100,digital_amplitude_squared_per_hz,3.088028626773524e-11,947.4609375,5.8086036102706596e-12,1356.591796875,8.786522606089738e-12,2454.78515625
2025.06.18_0.3_3,index=3.21242,34,34.0,1,21242.86319,21242.86319_src-index=3.21242_chunk-0034.npy,376320.1201,0.0564489169071138,welch_hann_2048_overlap_1024_fs_44100,digital_amplitude_squared_per_hz,2.7561154454687515e-11,947.4609375,5.831424644805179e-12,1356.591796875,9.575411363753882e-12,2454.78515625
2025.06.18_0.3_3,index=3.21242,35,35.0,1,21242.86319,21242.86319_src-index=3.21242_chunk-0035.npy,376320.1201,0.0564489169071138,welch_hann_2048_overlap_1024_fs_44100,digital_amplitude_squared_per_hz,2.8791825172137166e-11,947.4609375,4.876849414932201e-12,1356.591796875,1.035814254394349e-11,2454.78515625
2025.06.18_0.3_3,index=3.21242,36,36.0,1,21242.86319,21242.86319_src-index=3.21242_chunk-0036.npy,376320.1201,0.0564489169071138,welch_hann_2048_overlap_1024_fs_44100,digital_amplitude_squared_per_hz,3.035679868017007e-11,947.4609375,4.917410942582973e-12,1356.591796875,8.982476276801203e-12,2454.78515625
2025.06.18_0.3_3,index=3.21242,37,37.0,1,21242.86319,21242.86319_src-index=3.21242_chunk-0037.npy,376320.1201,0.0564489169071138,welch_hann_2048_overlap_1024_fs_44100,digital_amplitude_squared_per_hz,2.914496756958799e-11,947.4609375,6.713292713384657e-12,1356.591796875,1.0129827369762247e-11,2454.78515625
2025.06.18_0.3_3,index=3.21242,38,38.0,1,21242.86319,21242.86319_src-index=3.21242_chunk-0038.npy,376320.1201,0.0564489169071138,welch_hann_2048_overlap_1024_fs_44100,digital_amplitude_squared_per_hz,2.8718247531824002e-11,947.4609375,4.830343124470773e-12,1356.591796875,1.0209363028535492e-11,2454.78515625
2025.06.18_0.3_3,index=3.21242,39,39.0,1,21242.86319,21242.86319_src-index=3.21242_chunk-0039.npy,376320.1201,0.0564489169071138,welch_hann_2048_overlap_1024_fs_44100,digital_amplitude_squared_per_hz,2.8417836609061846e-11,947.4609375,6.0389892884674114e-12,1356.591796875,9.948609312983434e-12,2454.78515625
2025.06.18_0.3_3,index=3.21242,40,40.0,1,21242.86319,21242.86319_src-index=3.21242_chunk-0040.npy,376320.1201,0.0564489169071138,welch_hann_2048_overlap_1024_fs_44100,digital_amplitude_squared_per_hz,3.1119716560487356e-11,947.4609375,6.073678091258252e-12,1356.591796875,9.188001350525522e-12,2454.78515625
2025.06.18_0.3_3,index=3.21242,41,41.0,1,21242.86319,21242.86319_src-index=3.21242_chunk-0041.npy,376320.1201,0.0564489169071138,welch_hann_2048_overlap_1024_fs_44100,digital_amplitude_squared_per_hz,2.8329829948475433e-11,947.4609375,5.586080870148071e-12,1356.591796875,9.350504937612742e-12,2454.78515625
2025.06.18_0.3_3,index=3.21242,42,42.0,1,21242.86319,21242.86319_src-index=3.21242_chunk-0042.npy,376320.1201,0.0564489169071138,welch_hann_2048_overlap_1024_fs_44100,digital_amplitude_squared_per_hz,2.901724620314099e-11,947.4609375,6.727486215425754e-12,1356.591796875,8.596919656252253e-12,2454.78515625
2025.06.18_0.3_3,index=3.21242,43,43.0,1,21242.86319,21242.86319_src-index=3.21242_chunk-0043.npy,376320.1201,0.0564489169071138,welch_hann_2048_overlap_1024_fs_44100,digital_amplitude_squared_per_hz,2.9018678509679903e-11,947.4609375,5.041360302828127e-12,1356.591796875,9.881569602085591e-12,2454.78515625
2025.06.18_0.3_3,index=3.21242,44,44.0,1,21242.86319,21242.86319_src-index=3.21242_chunk-0044.npy,376320.1201,0.0564489169071138,welch_hann_2048_overlap_1024_fs_44100,digital_amplitude_squared_per_hz,2.850574303548007e-11,947.4609375,5.9471430860288724e-12,1356.591796875,9.521685192026827e-12,2454.78515625
2025.06.18_0.3_3,index=3.21242,45,45.0,1,21242.86319,21242.86319_src-index=3.21242_chunk-0045.npy,376320.1201,0.0564489169071138,welch_hann_2048_overlap_1024_fs_44100,digital_amplitude_squared_per_hz,2.9730396564331054e-11,947.4609375,4.577579178889594e-12,1356.591796875,8.341253508770957e-12,2454.78515625
2025.06.18_0.3_3,index=3.21242,46,46.0,1,21242.86319,21242.86319_src-index=3.21242_chunk-0046.npy,376320.1201,0.0564489169071138,welch_hann_2048_overlap_1024_fs_44100,digital_amplitude_squared_per_hz,2.739441940055627e-11,947.4609375,5.3667988090412265e-12,1356.591796875,9.005292303235885e-12,2454.78515625
2025.06.18_0.3_3,index=3.21242,47,47.0,1,21242.86319,21242.86319_src-index=3.21242_chunk-0047.npy,376320.1201,0.0564489169071138,welch_hann_2048_overlap_1024_fs_44100,digital_amplitude_squared_per_hz,2.8689675975810638e-11,947.4609375,6.325824238384537e-12,1356.591796875,1.0032178162595772e-11,2454.78515625
2025.06.18_0.3_3,index=3.21242,48,48.0,1,21242.86319,21242.86319_src-index=3.21242_chunk-0048.npy,376320.1201,0.0564489169071138,welch_hann_2048_overlap_1024_fs_44100,digital_amplitude_squared_per_hz,2.8326635275780908e-11,947.4609375,4.901816850360804e-12,1356.591796875,8.882073294876279e-12,2454.78515625
2025.06.18_0.3_3,index=3.21242,49,49.0,1,21242.86319,21242.86319_src-index=3.21242_chunk-0049.npy,376320.1201,0.0564489169071138,welch_hann_2048_overlap_1024_fs_44100,digital_amplitude_squared_per_hz,2.9583356108677103e-11,947.4609375,6.1551689351962056e-12,1356.591796875,9.634745105692834e-12,2454.78515625
2025.06.18_0.3_3,index=3.21242,50,50.0,1,21242.86319,21242.86319_src-index=3.21242_chunk-0050.npy,376320.1201,0.0564489169071138,welch_hann_2048_overlap_1024_fs_44100,digital_amplitude_squared_per_hz,2.8638638886941468e-11,947.4609375,5.041725982060238e-12,1356.591796875,7.882532801940843e-12,2454.78515625
2025.06.18_0.3_3,index=3.21242,51,51.0,1,21242.86319,21242.86319_src-index=3.21242_chunk-0051.npy,376320.1201,0.0564489169071138,welch_hann_2048_overlap_1024_fs_44100,digital_amplitude_squared_per_hz,2.8851114233258644e-11,947.4609375,4.328890857486798e-12,1356.591796875,8.33060723938379e-12,2454.78515625
2025.06.18_0.3_3,index=3.21242,52,52.0,1,21242.86319,21242.86319_src-index=3.21242_chunk-0052.npy,376320.1201,0.0564489169071138,welch_hann_2048_overlap_1024_fs_44100,digital_amplitude_squared_per_hz,2.798642905824001e-11,947.4609375,5.356472648028654e-12,1356.591796875,8.975117379310297e-12,2454.78515625
2025.06.18_0.3_3,index=3.21242,53,53.0,1,21242.86319,21242.86319_src-index=3.21242_chunk-0053.npy,376320.1201,0.0564489169071138,welch_hann_2048_overlap_1024_fs_44100,digital_amplitude_squared_per_hz,2.9058237157640163e-11,947.4609375,5.475247315211945e-12,1356.591796875,9.95908990722282e-12,2454.78515625
2025.06.18_0.3_3,index=3.21242,54,54.0,1,21242.86319,21242.86319_src-index=3.21242_chunk-0054.npy,376320.1201,0.0564489169071138,welch_hann_2048_overlap_1024_fs_44100,digital_amplitude_squared_per_hz,2.908725909129098e-11,947.4609375,4.296008297553674e-12,1356.591796875,9.933393069839755e-12,2454.78515625
2025.06.18_0.3_3,index=3.21242,55,55.0,1,21242.86319,21242.86319_src-index=3.21242_chunk-0055.npy,376320.1201,0.0564489169071138,welch_hann_2048_overlap_1024_fs_44100,digital_amplitude_squared_per_hz,2.843191812963508e-11,947.4609375,6.519413000530355e-12,1356.591796875,9.301035214713769e-12,2454.78515625
2025.06.18_0.3_3,index=3.21242,56,56.0,1,21242.86319,21242.86319_src-index=3.21242_chunk-0056.npy,376320.1201,0.0564489169071138,welch_hann_2048_overlap_1024_fs_44100,digital_amplitude_squared_per_hz,2.9856656725037465e-11,947.4609375,4.983198509688323e-12,1356.591796875,9.267014204733645e-12,2454.78515625
2025.06.18_0.3_3,index=3.21242,57,57.0,1,21242.86319,21242.86319_src-index=3.21242_chunk-0057.npy,376320.1201,0.0564489169071138,welch_hann_2048_overlap_1024_fs_44100,digital_amplitude_squared_per_hz,2.8670245182464077e-11,947.4609375,6.574767433601424e-12,1356.591796875,9.393288281836016e-12,2454.78515625
2025.06.18_0.3_3,index=3.21242,58,58.0,1,21242.86319,21242.86319_src-index=3.21242_chunk-0058.npy,376320.1201,0.0564489169071138,welch_hann_2048_overlap_1024_fs_44100,digital_amplitude_squared_per_hz,2.865895005020721e-11,947.4609375,4.7763299066359996e-12,1356.591796875,8.723419312194728e-12,2454.78515625
2025.06.18_0.3_3,index=3.21242,59,59.0,1,21242.86319,21242.86319_src-index=3.21242_chunk-0059.npy,376320.1201,0.0564489169071138,welch_hann_2048_overlap_1024_fs_44100,digital_amplitude_squared_per_hz,2.958351677771306e-11,947.4609375,4.334338671044841e-12,1356.591796875,8.644482741341306e-12,2454.78515625
2025.06.18_0.3_3,index=4.58389,0,0.0,1,58389.85471,58389.85471_src-index=4.58389_chunk-0000.npy,376320.1201,0.1551600661013926,welch_hann_2048_overlap_1024_fs_44100,digital_amplitude_squared_per_hz,3.032736540526809e-11,947.4609375,4.957105933315089e-12,1356.591796875,1.3757962985251389e-11,2304.052734375
2025.06.18_0.3_3,index=4.58389,1,1.0,1,58389.85471,58389.85471_src-index=4.58389_chunk-0001.npy,376320.1201,0.1551600661013926,welch_hann_2048_overlap_1024_fs_44100,digital_amplitude_squared_per_hz,2.988281137165626e-11,861.328125,7.038748936302171e-12,1356.591796875,1.1413174677415507e-11,2454.78515625
2025.06.18_0.3_3,index=4.58389,2,2.0,1,58389.85471,58389.85471_src-index=4.58389_chunk-0002.npy,376320.1201,0.1551600661013926,welch_hann_2048_overlap_1024_fs_44100,digital_amplitude_squared_per_hz,2.8604891095522183e-11,947.4609375,5.880489594323678e-12,1356.591796875,1.054267138266478e-11,2454.78515625
2025.06.18_0.3_3,index=4.58389,3,3.0,1,58389.85471,58389.85471_src-index=4.58389_chunk-0003.npy,376320.1201,0.1551600661013926,welch_hann_2048_overlap_1024_fs_44100,digital_amplitude_squared_per_hz,2.952385064166626e-11,947.4609375,6.256141434269732e-12,1356.591796875,1.4847942809425847e-11,2304.052734375
2025.06.18_0.3_3,index=4.58389,4,4.0,1,58389.85471,58389.85471_src-index=4.58389_chunk-0004.npy,376320.1201,0.1551600661013926,welch_hann_2048_overlap_1024_fs_44100,digital_amplitude_squared_per_hz,2.7356572367575242e-11,947.4609375,5.3403844122068045e-12,1356.591796875,1.1781845316867267e-11,2304.052734375
2025.06.18_0.3_3,index=4.58389,5,5.0,1,58389.85471,58389.85471_src-index=4.58389_chunk-0005.npy,376320.1201,0.1551600661013926,welch_hann_2048_overlap_1024_fs_44100,digital_amplitude_squared_per_hz,2.8798406447982312e-11,947.4609375,4.8922902044252136e-12,1356.591796875,1.1962209305685555e-11,2304.052734375
2025.06.18_0.3_3,index=4.58389,6,6.0,1,58389.85471,58389.85471_src-index=4.58389_chunk-0006.npy,376320.1201,0.1551600661013926,welch_hann_2048_overlap_1024_fs_44100,digital_amplitude_squared_per_hz,2.7360374463198097e-11,861.328125,6.238955140968076e-12,1356.591796875,1.1332724621190909e-11,2454.78515625
2025.06.18_0.3_3,index=4.58389,7,7.0,1,58389.85471,58389.85471_src-index=4.58389_chunk-0007.npy,376320.1201,0.1551600661013926,welch_hann_2048_overlap_1024_fs_44100,digital_amplitude_squared_per_hz,2.732293128144628e-11,947.4609375,4.703354605106781e-12,1356.591796875,1.162081653650754e-11,2304.052734375
2025.06.18_0.3_3,index=4.58389,8,8.0,1,58389.85471,58389.85471_src-index=4.58389_chunk-0008.npy,376320.1201,0.1551600661013926,welch_hann_2048_overlap_1024_fs_44100,digital_amplitude_squared_per_hz,2.805391516714723e-11,947.4609375,4.5251300875694256e-12,1356.591796875,1.0665390972798795e-11,2304.052734375
2025.06.18_0.3_3,index=4.58389,9,9.0,1,58389.85471,58389.85471_src-index=4.58389_chunk-0009.npy,376320.1201,0.1551600661013926,welch_hann_2048_overlap_1024_fs_44100,digital_amplitude_squared_per_hz,2.664590028037141e-11,947.4609375,5.87719294985401e-12,1356.591796875,1.1134091681925299e-11,2454.78515625
2025.06.18_0.3_3,index=4.58389,10,10.0,1,58389.85471,58389.85471_src-index=4.58389_chunk-0010.npy,376320.1201,0.1551600661013926,welch_hann_2048_overlap_1024_fs_44100,digital_amplitude_squared_per_hz,2.6663001391783517e-11,947.4609375,6.2235903823110645e-12,1356.591796875,1.0635257347336639e-11,2304.052734375
2025.06.18_0.3_3,index=4.58389,11,11.0,1,58389.85471,58389.85471_src-index=4.58389_chunk-0011.npy,376320.1201,0.1551600661013926,welch_hann_2048_overlap_1024_fs_44100,digital_amplitude_squared_per_hz,2.73477737432922e-11,947.4609375,5.861182319642653e-12,1356.591796875,9.798146822731097e-12,2454.78515625
2025.06.18_0.3_3,index=4.58389,12,12.0,1,58389.85471,58389.85471_src-index=4.58389_chunk-0012.npy,376320.1201,0.1551600661013926,welch_hann_2048_overlap_1024_fs_44100,digital_amplitude_squared_per_hz,2.631054607100074e-11,947.4609375,6.093951659085781e-12,1356.591796875,1.0583906153709868e-11,2454.78515625
2025.06.18_0.3_3,index=4.58389,13,13.0,1,58389.85471,58389.85471_src-index=4.58389_chunk-0013.npy,376320.1201,0.1551600661013926,welch_hann_2048_overlap_1024_fs_44100,digital_amplitude_squared_per_hz,2.6845983135491526e-11,861.328125,4.606507902047175e-12,1356.591796875,1.0952157631901364e-11,2454.78515625
2025.06.18_0.3_3,index=4.58389,14,14.0,1,58389.85471,58389.85471_src-index=4.58389_chunk-0014.npy,376320.1201,0.1551600661013926,welch_hann_2048_overlap_1024_fs_44100,digital_amplitude_squared_per_hz,2.7261100789614118e-11,947.4609375,5.7399166054745855e-12,1356.591796875,9.710874430067623e-12,2304.052734375
2025.06.18_0.3_3,index=4.58389,15,15.0,1,58389.85471,58389.85471_src-index=4.58389_chunk-0015.npy,376320.1201,0.1551600661013926,welch_hann_2048_overlap_1024_fs_44100,digital_amplitude_squared_per_hz,2.7815833494960944e-11,947.4609375,5.857619222572126e-12,1356.591796875,1.0441038917105386e-11,2454.78515625
2025.06.18_0.3_3,index=4.58389,16,16.0,1,58389.85471,58389.85471_src-index=4.58389_chunk-0016.npy,376320.1201,0.1551600661013926,welch_hann_2048_overlap_1024_fs_44100,digital_amplitude_squared_per_hz,2.6753508182844417e-11,947.4609375,4.342907822176972e-12,1356.591796875,1.0168894997122808e-11,2454.78515625
2025.06.18_0.3_3,index=4.58389,17,17.0,1,58389.85471,58389.85471_src-index=4.58389_chunk-0017.npy,376320.1201,0.1551600661013926,welch_hann_2048_overlap_1024_fs_44100,digital_amplitude_squared_per_hz,2.964118158313744e-11,947.4609375,6.527061169427032e-12,1356.591796875,1.064328153831187e-11,2454.78515625
2025.06.18_0.3_3,index=4.58389,18,18.0,1,58389.85471,58389.85471_src-index=4.58389_chunk-0018.npy,376320.1201,0.1551600661013926,welch_hann_2048_overlap_1024_fs_44100,digital_amplitude_squared_per_hz,2.6985534258071132e-11,947.4609375,5.217417280414506e-12,1356.591796875,1.0733879884777227e-11,2454.78515625
2025.06.18_0.3_3,index=4.58389,19,19.0,1,58389.85471,58389.85471_src-index=4.58389_chunk-0019.npy,376320.1201,0.1551600661013926,welch_hann_2048_overlap_1024_fs_44100,digital_amplitude_squared_per_hz,2.7383313215323262e-11,947.4609375,4.886831569735019e-12,1356.591796875,1.063607763603178e-11,2454.78515625
2025.06.18_0.3_3,index=4.58389,20,20.0,1,58389.85471,58389.85471_src-index=4.58389_chunk-0020.npy,376320.1201,0.1551600661013926,welch_hann_2048_overlap_1024_fs_44100,digital_amplitude_squared_per_hz,2.738167170263104e-11,947.4609375,5.69851041888694e-12,1356.591796875,1.0314442568554614e-11,2454.78515625
2025.06.18_0.3_3,index=4.58389,21,21.0,1,58389.85471,58389.85471_src-index=4.58389_chunk-0021.npy,376320.1201,0.1551600661013926,welch_hann_2048_overlap_1024_fs_44100,digital_amplitude_squared_per_hz,2.7647519911741172e-11,947.4609375,5.7374328027451246e-12,1356.591796875,1.0368000914382802e-11,2454.78515625
2025.06.18_0.3_3,index=4.58389,22,22.0,1,58389.85471,58389.85471_src-index=4.58389_chunk-0022.npy,376320.1201,0.1551600661013926,welch_hann_2048_overlap_1024_fs_44100,digital_amplitude_squared_per_hz,2.7842223150935283e-11,947.4609375,4.426937466746482e-12,1356.591796875,1.0265196770332704e-11,2454.78515625
2025.06.18_0.3_3,index=4.58389,23,23.0,1,58389.85471,58389.85471_src-index=4.58389_chunk-0023.npy,376320.1201,0.1551600661013926,welch_hann_2048_overlap_1024_fs_44100,digital_amplitude_squared_per_hz,2.834345308614798e-11,947.4609375,5.8272535628171315e-12,1356.591796875,1.0061939369916498e-11,2454.78515625
2025.06.18_0.3_3,index=4.58389,24,24.0,1,58389.85471,58389.85471_src-index=4.58389_chunk-0024.npy,376320.1201,0.1551600661013926,welch_hann_2048_overlap_1024_fs_44100,digital_amplitude_squared_per_hz,2.814448135416571e-11,947.4609375,5.601075941902615e-12,1356.591796875,1.1340105814581798e-11,2454.78515625
2025.06.18_0.3_3,index=4.58389,25,25.0,1,58389.85471,58389.85471_src-index=4.58389_chunk-0025.npy,376320.1201,0.1551600661013926,welch_hann_2048_overlap_1024_fs_44100,digital_amplitude_squared_per_hz,2.6149692850935684e-11,947.4609375,4.6599205566001235e-12,1356.591796875,1.0125069002631606e-11,2454.78515625
2025.06.18_0.3_3,index=4.58389,26,26.0,1,58389.85471,58389.85471_src-index=4.58389_chunk-0026.npy,376320.1201,0.1551600661013926,welch_hann_2048_overlap_1024_fs_44100,digital_amplitude_squared_per_hz,2.88378171652579e-11,947.4609375,5.430468727017711e-12,1356.591796875,9.411502442942501e-12,2454.78515625
2025.06.18_0.3_3,index=4.58389,27,27.0,1,58389.85471,58389.85471_src-index=4.58389_chunk-0027.npy,376320.1201,0.1551600661013926,welch_hann_2048_overlap_1024_fs_44100,digital_amplitude_squared_per_hz,2.7783570397863686e-11,947.4609375,5.571295925543384e-12,1356.591796875,9.580363809259801e-12,2454.78515625
2025.06.18_0.3_3,index=4.58389,28,28.0,1,58389.85471,58389.85471_src-index=4.58389_chunk-0028.npy,376320.1201,0.1551600661013926,welch_hann_2048_overlap_1024_fs_44100,digital_amplitude_squared_per_hz,2.7957113695438135e-11,947.4609375,4.401427957536768e-12,1356.591796875,9.986858786679486e-12,2454.78515625
2025.06.18_0.3_3,index=4.58389,29,29.0,1,58389.85471,58389.85471_src-index=4.58389_chunk-0029.npy,376320.1201,0.1551600661013926,welch_hann_2048_overlap_1024_fs_44100,digital_amplitude_squared_per_hz,2.8116216653798763e-11,947.4609375,6.0424596060032656e-12,1356.591796875,9.82125327560358e-12,2454.78515625
2025.06.18_0.3_3,index=4.58389,30,30.0,1,58389.85471,58389.85471_src-index=4.58389_chunk-0030.npy,376320.1201,0.1551600661013926,welch_hann_2048_overlap_1024_fs_44100,digital_amplitude_squared_per_hz,2.846332140843864e-11,861.328125,6.090495064508594e-12,1356.591796875,1.023589471584281e-11,2454.78515625
2025.06.18_0.3_3,index=4.58389,31,31.0,1,58389.85471,58389.85471_src-index=4.58389_chunk-0031.npy,376320.1201,0.1551600661013926,welch_hann_2048_overlap_1024_fs_44100,digital_amplitude_squared_per_hz,2.712012582354115e-11,861.328125,5.749934853675449e-12,1356.591796875,9.77934946045112e-12,2454.78515625
2025.06.18_0.3_3,index=4.58389,32,32.0,1,58389.85471,58389.85471_src-index=4.58389_chunk-0032.npy,376320.1201,0.1551600661013926,welch_hann_2048_overlap_1024_fs_44100,digital_amplitude_squared_per_hz,2.7228000221363027e-11,947.4609375,5.975697704025706e-12,1356.591796875,9.71517157813438e-12,2454.78515625
2025.06.18_0.3_3,index=4.58389,33,33.0,1,58389.85471,58389.85471_src-index=4.58389_chunk-0033.npy,376320.1201,0.1551600661013926,welch_hann_2048_overlap_1024_fs_44100,digital_amplitude_squared_per_hz,2.902800031548102e-11,947.4609375,5.0467408896890625e-12,1356.591796875,9.636580533494311e-12,2454.78515625
2025.06.18_0.3_3,index=4.58389,34,34.0,1,58389.85471,58389.85471_src-index=4.58389_chunk-0034.npy,376320.1201,0.1551600661013926,welch_hann_2048_overlap_1024_fs_44100,digital_amplitude_squared_per_hz,2.775772535019686e-11,947.4609375,5.190545387940202e-12,1356.591796875,1.0188513014627399e-11,2454.78515625
2025.06.18_0.3_3,index=4.58389,35,35.0,1,58389.85471,58389.85471_src-index=4.58389_chunk-0035.npy,376320.1201,0.1551600661013926,welch_hann_2048_overlap_1024_fs_44100,digital_amplitude_squared_per_hz,2.7722991350414604e-11,947.4609375,5.492549563886131e-12,1356.591796875,1.1722766342231622e-11,2454.78515625
2025.06.18_0.3_3,index=4.58389,36,36.0,1,58389.85471,58389.85471_src-index=4.58389_chunk-0036.npy,376320.1201,0.1551600661013926,welch_hann_2048_overlap_1024_fs_44100,digital_amplitude_squared_per_hz,2.725025519361324e-11,947.4609375,4.9557224856331346e-12,1356.591796875,1.0710086358334156e-11,2454.78515625
2025.06.18_0.3_3,index=4.58389,37,37.0,1,58389.85471,58389.85471_src-index=4.58389_chunk-0037.npy,376320.1201,0.1551600661013926,welch_hann_2048_overlap_1024_fs_44100,digital_amplitude_squared_per_hz,2.915485456189071e-11,947.4609375,4.956037041293635e-12,1356.591796875,1.1290689295659826e-11,2454.78515625
2025.06.18_0.3_3,index=4.58389,38,38.0,1,58389.85471,58389.85471_src-index=4.58389_chunk-0038.npy,376320.1201,0.1551600661013926,welch_hann_2048_overlap_1024_fs_44100,digital_amplitude_squared_per_hz,3.1096546755548236e-11,947.4609375,4.928775844876804e-12,1356.591796875,9.712234610757303e-12,2454.78515625
2025.06.18_0.3_3,index=4.58389,39,39.0,1,58389.85471,58389.85471_src-index=4.58389_chunk-0039.npy,376320.1201,0.1551600661013926,welch_hann_2048_overlap_1024_fs_44100,digital_amplitude_squared_per_hz,2.922824227243204e-11,947.4609375,6.069255801006168e-12,1356.591796875,1.0913035034047825e-11,2454.78515625
2025.06.18_0.3_3,index=4.58389,40,40.0,1,58389.85471,58389.85471_src-index=4.58389_chunk-0040.npy,376320.1201,0.1551600661013926,welch_hann_2048_overlap_1024_fs_44100,digital_amplitude_squared_per_hz,2.880275045037914e-11,947.4609375,3.8242765125068145e-12,1356.591796875,1.0255815407713248e-11,2454.78515625
2025.06.18_0.3_3,index=4.58389,41,41.0,1,58389.85471,58389.85471_src-index=4.58389_chunk-0041.npy,376320.1201,0.1551600661013926,welch_hann_2048_overlap_1024_fs_44100,digital_amplitude_squared_per_hz,3.004438506235866e-11,947.4609375,6.063622732729402e-12,1356.591796875,1.0945349610546697e-11,2454.78515625
2025.06.18_0.3_3,index=4.58389,42,42.0,1,58389.85471,58389.85471_src-index=4.58389_chunk-0042.npy,376320.1201,0.1551600661013926,welch_hann_2048_overlap_1024_fs_44100,digital_amplitude_squared_per_hz,2.8527437654212078e-11,947.4609375,4.616258737505076e-12,1356.591796875,1.1175020527207575e-11,2454.78515625
2025.06.18_0.3_3,index=4.58389,43,43.0,1,58389.85471,58389.85471_src-index=4.58389_chunk-0043.npy,376320.1201,0.1551600661013926,welch_hann_2048_overlap_1024_fs_44100,digital_amplitude_squared_per_hz,2.840197805539765e-11,947.4609375,4.983370257424663e-12,1356.591796875,1.1328444884036203e-11,2454.78515625
2025.06.18_0.3_3,index=4.58389,44,44.0,1,58389.85471,58389.85471_src-index=4.58389_chunk-0044.npy,376320.1201,0.1551600661013926,welch_hann_2048_overlap_1024_fs_44100,digital_amplitude_squared_per_hz,2.747778196149174e-11,947.4609375,5.489918352076927e-12,1356.591796875,1.058112318689239e-11,2454.78515625
2025.06.18_0.3_3,index=4.58389,45,45.0,1,58389.85471,58389.85471_src-index=4.58389_chunk-0045.npy,376320.1201,0.1551600661013926,welch_hann_2048_overlap_1024_fs_44100,digital_amplitude_squared_per_hz,2.8777382112874224e-11,947.4609375,5.8290460455938894e-12,1356.591796875,1.0130972650057663e-11,2454.78515625
2025.06.18_0.3_3,index=4.58389,46,46.0,1,58389.85471,58389.85471_src-index=4.58389_chunk-0046.npy,376320.1201,0.1551600661013926,welch_hann_2048_overlap_1024_fs_44100,digital_amplitude_squared_per_hz,2.8824939879577966e-11,947.4609375,5.004167450800747e-12,1356.591796875,1.0081189379867295e-11,2454.78515625
2025.06.18_0.3_3,index=4.58389,47,47.0,1,58389.85471,58389.85471_src-index=4.58389_chunk-0047.npy,376320.1201,0.1551600661013926,welch_hann_2048_overlap_1024_fs_44100,digital_amplitude_squared_per_hz,2.928669780307667e-11,861.328125,4.8052836601650024e-12,1356.591796875,1.071082996898876e-11,2454.78515625
2025.06.18_0.3_3,index=4.58389,48,48.0,1,58389.85471,58389.85471_src-index=4.58389_chunk-0048.npy,376320.1201,0.1551600661013926,welch_hann_2048_overlap_1024_fs_44100,digital_amplitude_squared_per_hz,3.0139229193482346e-11,947.4609375,5.545839798990834e-12,1356.591796875,1.0772057878473889e-11,2454.78515625
2025.06.18_0.3_3,index=4.58389,49,49.0,1,58389.85471,58389.85471_src-index=4.58389_chunk-0049.npy,376320.1201,0.1551600661013926,welch_hann_2048_overlap_1024_fs_44100,digital_amplitude_squared_per_hz,2.8527306000381113e-11,947.4609375,5.0923489862578e-12,1356.591796875,1.0845634904278986e-11,2454.78515625
2025.06.18_0.3_3,index=4.58389,50,50.0,1,58389.85471,58389.85471_src-index=4.58389_chunk-0050.npy,376320.1201,0.1551600661013926,welch_hann_2048_overlap_1024_fs_44100,digital_amplitude_squared_per_hz,2.878201269343626e-11,947.4609375,4.337477116147654e-12,1356.591796875,1.02936185973562e-11,2454.78515625
2025.06.18_0.3_3,index=4.58389,51,51.0,1,58389.85471,58389.85471_src-index=4.58389_chunk-0051.npy,376320.1201,0.1551600661013926,welch_hann_2048_overlap_1024_fs_44100,digital_amplitude_squared_per_hz,2.948219261982536e-11,947.4609375,6.255920161883535e-12,1356.591796875,9.078914396003413e-12,2454.78515625
2025.06.18_0.3_3,index=4.58389,52,52.0,1,58389.85471,58389.85471_src-index=4.58389_chunk-0052.npy,376320.1201,0.1551600661013926,welch_hann_2048_overlap_1024_fs_44100,digital_amplitude_squared_per_hz,2.8802062375220068e-11,947.4609375,4.9412466880368175e-12,1356.591796875,8.99977054053387e-12,2454.78515625
2025.06.18_0.3_3,index=4.58389,53,53.0,1,58389.85471,58389.85471_src-index=4.58389_chunk-0053.npy,376320.1201,0.1551600661013926,welch_hann_2048_overlap_1024_fs_44100,digital_amplitude_squared_per_hz,2.999235440176322e-11,947.4609375,5.319647320584711e-12,1356.591796875,9.68856938382573e-12,2454.78515625
2025.06.18_0.3_3,index=4.58389,54,54.0,1,58389.85471,58389.85471_src-index=4.58389_chunk-0054.npy,376320.1201,0.1551600661013926,welch_hann_2048_overlap_1024_fs_44100,digital_amplitude_squared_per_hz,2.7392606231178997e-11,947.4609375,5.44483943594959e-12,1356.591796875,8.894168514485695e-12,2454.78515625
2025.06.18_0.3_3,index=4.58389,55,55.0,1,58389.85471,58389.85471_src-index=4.58389_chunk-0055.npy,376320.1201,0.1551600661013926,welch_hann_2048_overlap_1024_fs_44100,digital_amplitude_squared_per_hz,2.7083560165344094e-11,947.4609375,4.927422125628818e-12,1356.591796875,9.138140815222149e-12,2454.78515625
2025.06.18_0.3_3,index=4.58389,56,56.0,1,58389.85471,58389.85471_src-index=4.58389_chunk-0056.npy,376320.1201,0.1551600661013926,welch_hann_2048_overlap_1024_fs_44100,digital_amplitude_squared_per_hz,2.993648672127334e-11,947.4609375,6.46976034773912e-12,1356.591796875,9.258691000329589e-12,2454.78515625
2025.06.18_0.3_3,index=4.58389,57,57.0,1,58389.85471,58389.85471_src-index=4.58389_chunk-0057.npy,376320.1201,0.1551600661013926,welch_hann_2048_overlap_1024_fs_44100,digital_amplitude_squared_per_hz,3.1049616145413644e-11,947.4609375,5.035554140869898e-12,1356.591796875,9.570256824740636e-12,2454.78515625
2025.06.18_0.3_3,index=4.58389,58,58.0,1,58389.85471,58389.85471_src-index=4.58389_chunk-0058.npy,376320.1201,0.1551600661013926,welch_hann_2048_overlap_1024_fs_44100,digital_amplitude_squared_per_hz,2.91309641877879e-11,947.4609375,3.918957050899033e-12,1399.658203125,8.505915533110016e-12,2454.78515625
2025.06.18_0.3_3,index=4.58389,59,59.0,1,58389.85471,58389.85471_src-index=4.58389_chunk-0059.npy,376320.1201,0.1551600661013926,welch_hann_2048_overlap_1024_fs_44100,digital_amplitude_squared_per_hz,3.059700753527105e-11,947.4609375,4.145346399513017e-12,1356.591796875,9.949278151561027e-12,2454.78515625
2025.06.18_0.3_3,index=5.113188,0,0.0,1,113188.2901,113188.2901_src-index=5.113188_chunk-0000.npy,376320.1201,0.3007766102697946,welch_hann_2048_overlap_1024_fs_44100,digital_amplitude_squared_per_hz,3.341289992296721e-11,947.4609375,5.4077260088732066e-12,1356.591796875,8.509269266413544e-12,2454.78515625
2025.06.18_0.3_3,index=5.113188,1,1.0,1,113188.2901,113188.2901_src-index=5.113188_chunk-0001.npy,376320.1201,0.3007766102697946,welch_hann_2048_overlap_1024_fs_44100,digital_amplitude_squared_per_hz,2.931116689525813e-11,947.4609375,5.4332903145365404e-12,1356.591796875,9.569412598830256e-12,2454.78515625
2025.06.18_0.3_3,index=5.113188,2,2.0,1,113188.2901,113188.2901_src-index=5.113188_chunk-0002.npy,376320.1201,0.3007766102697946,welch_hann_2048_overlap_1024_fs_44100,digital_amplitude_squared_per_hz,2.960064691909733e-11,947.4609375,5.015583295626478e-12,1356.591796875,8.737415791206172e-12,2454.78515625
2025.06.18_0.3_3,index=5.113188,3,3.0,1,113188.2901,113188.2901_src-index=5.113188_chunk-0003.npy,376320.1201,0.3007766102697946,welch_hann_2048_overlap_1024_fs_44100,digital_amplitude_squared_per_hz,2.8806162693424438e-11,947.4609375,5.106097145041417e-12,1356.591796875,9.382237168759236e-12,2454.78515625
2025.06.18_0.3_3,index=5.113188,4,4.0,1,113188.2901,113188.2901_src-index=5.113188_chunk-0004.npy,376320.1201,0.3007766102697946,welch_hann_2048_overlap_1024_fs_44100,digital_amplitude_squared_per_hz,2.933588727907449e-11,947.4609375,5.9341185038089285e-12,1356.591796875,8.634238244009239e-12,2454.78515625
2025.06.18_0.3_3,index=5.113188,5,5.0,1,113188.2901,113188.2901_src-index=5.113188_chunk-0005.npy,376320.1201,0.3007766102697946,welch_hann_2048_overlap_1024_fs_44100,digital_amplitude_squared_per_hz,2.8900668319619955e-11,947.4609375,4.008228010154777e-12,1356.591796875,9.287181619437225e-12,2454.78515625
2025.06.18_0.3_3,index=5.113188,6,6.0,1,113188.2901,113188.2901_src-index=5.113188_chunk-0006.npy,376320.1201,0.3007766102697946,welch_hann_2048_overlap_1024_fs_44100,digital_amplitude_squared_per_hz,2.82329222242572e-11,861.328125,5.340777573015676e-12,1356.591796875,9.485785050184658e-12,2454.78515625
2025.06.18_0.3_3,index=5.113188,7,7.0,1,113188.2901,113188.2901_src-index=5.113188_chunk-0007.npy,376320.1201,0.3007766102697946,welch_hann_2048_overlap_1024_fs_44100,digital_amplitude_squared_per_hz,2.7905322355726458e-11,947.4609375,5.096977384713028e-12,1356.591796875,9.977876139232979e-12,2454.78515625
2025.06.18_0.3_3,index=5.113188,8,8.0,1,113188.2901,113188.2901_src-index=5.113188_chunk-0008.npy,376320.1201,0.3007766102697946,welch_hann_2048_overlap_1024_fs_44100,digital_amplitude_squared_per_hz,2.8712758192401205e-11,947.4609375,4.562936595983431e-12,1399.658203125,9.206093467818582e-12,2454.78515625
2025.06.18_0.3_3,index=5.113188,9,9.0,1,113188.2901,113188.2901_src-index=5.113188_chunk-0009.npy,376320.1201,0.3007766102697946,welch_hann_2048_overlap_1024_fs_44100,digital_amplitude_squared_per_hz,2.964411388976259e-11,947.4609375,4.441314179784542e-12,1399.658203125,8.850428114720875e-12,2454.78515625
2025.06.18_0.3_3,index=5.113188,10,10.0,1,113188.2901,113188.2901_src-index=5.113188_chunk-0010.npy,376320.1201,0.3007766102697946,welch_hann_2048_overlap_1024_fs_44100,digital_amplitude_squared_per_hz,2.836488505908758e-11,947.4609375,5.881136381265524e-12,1356.591796875,1.0040279444545253e-11,2454.78515625
2025.06.18_0.3_3,index=5.113188,11,11.0,1,113188.2901,113188.2901_src-index=5.113188_chunk-0011.npy,376320.1201,0.3007766102697946,welch_hann_2048_overlap_1024_fs_44100,digital_amplitude_squared_per_hz,2.8161835177907087e-11,947.4609375,5.232415173415785e-12,1356.591796875,8.982043688479524e-12,2454.78515625
2025.06.18_0.3_3,index=5.113188,12,12.0,1,113188.2901,113188.2901_src-index=5.113188_chunk-0012.npy,376320.1201,0.3007766102697946,welch_hann_2048_overlap_1024_fs_44100,digital_amplitude_squared_per_hz,2.6195726129973554e-11,947.4609375,5.321349504710697e-12,1356.591796875,9.05201712915263e-12,2454.78515625
2025.06.18_0.3_3,index=5.113188,13,13.0,1,113188.2901,113188.2901_src-index=5.113188_chunk-0013.npy,376320.1201,0.3007766102697946,welch_hann_2048_overlap_1024_fs_44100,digital_amplitude_squared_per_hz,2.742675678083775e-11,947.4609375,5.242969824786085e-12,1356.591796875,9.79526919746948e-12,2454.78515625
2025.06.18_0.3_3,index=5.113188,14,14.0,1,113188.2901,113188.2901_src-index=5.113188_chunk-0014.npy,376320.1201,0.3007766102697946,welch_hann_2048_overlap_1024_fs_44100,digital_amplitude_squared_per_hz,2.798381338918399e-11,947.4609375,5.003165694819388e-12,1356.591796875,8.996920875810446e-12,2454.78515625
2025.06.18_0.3_3,index=5.113188,15,15.0,1,113188.2901,113188.2901_src-index=5.113188_chunk-0015.npy,376320.1201,0.3007766102697946,welch_hann_2048_overlap_1024_fs_44100,digital_amplitude_squared_per_hz,2.9042030154595536e-11,947.4609375,5.6866676852257755e-12,1356.591796875,1.0181212194646095e-11,2454.78515625
2025.06.18_0.3_3,index=5.113188,16,16.0,1,113188.2901,113188.2901_src-index=5.113188_chunk-0016.npy,376320.1201,0.3007766102697946,welch_hann_2048_overlap_1024_fs_44100,digital_amplitude_squared_per_hz,5.078798433160137e-11,947.4609375,9.592912469695395e-12,1356.591796875,1.954604215890555e-11,2454.78515625
2025.06.18_0.3_3,index=5.113188,17,17.0,1,113188.2901,113188.2901_src-index=5.113188_chunk-0017.npy,376320.1201,0.3007766102697946,welch_hann_2048_overlap_1024_fs_44100,digital_amplitude_squared_per_hz,3.253351526650468e-11,947.4609375,6.3832170768483786e-12,1356.591796875,1.2720899180807464e-11,2454.78515625
2025.06.18_0.3_3,index=5.113188,18,18.0,1,113188.2901,113188.2901_src-index=5.113188_chunk-0018.npy,376320.1201,0.3007766102697946,welch_hann_2048_overlap_1024_fs_44100,digital_amplitude_squared_per_hz,5.067420033475952e-11,947.4609375,7.791148124524038e-12,1356.591796875,1.95620683219937e-11,2454.78515625
2025.06.18_0.3_3,index=5.113188,19,19.0,1,113188.2901,113188.2901_src-index=5.113188_chunk-0019.npy,376320.1201,0.3007766102697946,welch_hann_2048_overlap_1024_fs_44100,digital_amplitude_squared_per_hz,8.2876745945785e-11,947.4609375,1.3057131454392631e-11,1356.591796875,3.051103569989615e-11,2454.78515625
2025.06.18_0.3_3,index=5.113188,20,20.0,1,113188.2901,113188.2901_src-index=5.113188_chunk-0020.npy,376320.1201,0.3007766102697946,welch_hann_2048_overlap_1024_fs_44100,digital_amplitude_squared_per_hz,6.257424019034199e-11,947.4609375,1.1102644750206289e-11,1356.591796875,2.4064068332163298e-11,2454.78515625
2025.06.18_0.3_3,index=5.113188,21,21.0,1,113188.2901,113188.2901_src-index=5.113188_chunk-0021.npy,376320.1201,0.3007766102697946,welch_hann_2048_overlap_1024_fs_44100,digital_amplitude_squared_per_hz,7.690874994616246e-11,947.4609375,1.2643747657537786e-11,1356.591796875,3.019683235974196e-11,2454.78515625
2025.06.18_0.3_3,index=5.113188,22,22.0,1,113188.2901,113188.2901_src-index=5.113188_chunk-0022.npy,376320.1201,0.3007766102697946,welch_hann_2048_overlap_1024_fs_44100,digital_amplitude_squared_per_hz,9.576849886810807e-11,947.4609375,1.3052339559362912e-11,1356.591796875,3.158932077198195e-11,2454.78515625
2025.06.18_0.3_3,index=5.113188,23,23.0,1,113188.2901,113188.2901_src-index=5.113188_chunk-0023.npy,376320.1201,0.3007766102697946,welch_hann_2048_overlap_1024_fs_44100,digital_amplitude_squared_per_hz,9.722078107416505e-11,947.4609375,1.4120370693740491e-11,1356.591796875,2.8880513842291616e-11,2454.78515625
2025.06.18_0.3_3,index=5.113188,24,24.0,1,113188.2901,113188.2901_src-index=5.113188_chunk-0024.npy,376320.1201,0.3007766102697946,welch_hann_2048_overlap_1024_fs_44100,digital_amplitude_squared_per_hz,7.408087232647258e-11,947.4609375,1.1456287031910965e-11,1356.591796875,2.8523415269830687e-11,2454.78515625
2025.06.18_0.3_3,index=5.113188,25,25.0,1,113188.2901,113188.2901_src-index=5.113188_chunk-0025.npy,376320.1201,0.3007766102697946,welch_hann_2048_overlap_1024_fs_44100,digital_amplitude_squared_per_hz,1.0168640715279343e-10,947.4609375,1.5981140791353703e-11,1356.591796875,3.1165619742966645e-11,2454.78515625
2025.06.18_0.3_3,index=5.113188,26,26.0,1,113188.2901,113188.2901_src-index=5.113188_chunk-0026.npy,376320.1201,0.3007766102697946,welch_hann_2048_overlap_1024_fs_44100,digital_amplitude_squared_per_hz,1.0037432779151507e-10,947.4609375,1.4721944622525104e-11,1356.591796875,3.374162830188161e-11,2454.78515625
2025.06.18_0.3_3,index=5.113188,27,27.0,1,113188.2901,113188.2901_src-index=5.113188_chunk-0027.npy,376320.1201,0.3007766102697946,welch_hann_2048_overlap_1024_fs_44100,digital_amplitude_squared_per_hz,1.0348415408764549e-10,947.4609375,1.5744525918181747e-11,1356.591796875,3.086527435265629e-11,2454.78515625
2025.06.18_0.3_3,index=5.113188,28,28.0,1,113188.2901,113188.2901_src-index=5.113188_chunk-0028.npy,376320.1201,0.3007766102697946,welch_hann_2048_overlap_1024_fs_44100,digital_amplitude_squared_per_hz,1.0379793800037054e-10,947.4609375,1.1817856306529366e-11,1356.591796875,3.0120473273996285e-11,2454.78515625
2025.06.18_0.3_3,index=5.113188,29,29.0,1,113188.2901,113188.2901_src-index=5.113188_chunk-0029.npy,376320.1201,0.3007766102697946,welch_hann_2048_overlap_1024_fs_44100,digital_amplitude_squared_per_hz,1.0481212575330228e-10,947.4609375,1.6805435736093535e-11,1356.591796875,3.113917232102085e-11,2454.78515625
2025.06.18_0.3_3,index=5.113188,30,30.0,1,113188.2901,113188.2901_src-index=5.113188_chunk-0030.npy,376320.1201,0.3007766102697946,welch_hann_2048_overlap_1024_fs_44100,digital_amplitude_squared_per_hz,1.0022400770643897e-10,947.4609375,1.8068315594168786e-11,1356.591796875,3.004088650146035e-11,2454.78515625
2025.06.18_0.3_3,index=5.113188,31,31.0,1,113188.2901,113188.2901_src-index=5.113188_chunk-0031.npy,376320.1201,0.3007766102697946,welch_hann_2048_overlap_1024_fs_44100,digital_amplitude_squared_per_hz,1.0602873998232122e-10,947.4609375,1.5079660056131415e-11,1356.591796875,2.948848367139627e-11,2454.78515625
2025.06.18_0.3_3,index=5.113188,32,32.0,1,113188.2901,113188.2901_src-index=5.113188_chunk-0032.npy,376320.1201,0.3007766102697946,welch_hann_2048_overlap_1024_fs_44100,digital_amplitude_squared_per_hz,1.0474637504291721e-10,947.4609375,2.0718789162254223e-11,1356.591796875,2.0575032648696917e-09,2368.65234375
2025.06.18_0.3_3,index=5.113188,33,33.0,1,113188.2901,113188.2901_src-index=5.113188_chunk-0033.npy,376320.1201,0.3007766102697946,welch_hann_2048_overlap_1024_fs_44100,digital_amplitude_squared_per_hz,1.0581087423765798e-10,947.4609375,1.4107018810332411e-11,1356.591796875,2.8174654838330845e-11,2454.78515625
2025.06.18_0.3_3,index=5.113188,34,34.0,1,113188.2901,113188.2901_src-index=5.113188_chunk-0034.npy,376320.1201,0.3007766102697946,welch_hann_2048_overlap_1024_fs_44100,digital_amplitude_squared_per_hz,9.911726442846829e-11,947.4609375,1.349993988814892e-11,1356.591796875,2.686020146227559e-11,2454.78515625
2025.06.18_0.3_3,index=5.113188,35,35.0,1,113188.2901,113188.2901_src-index=5.113188_chunk-0035.npy,376320.1201,0.3007766102697946,welch_hann_2048_overlap_1024_fs_44100,digital_amplitude_squared_per_hz,1.0546307905690564e-10,947.4609375,1.4477628916456582e-11,1356.591796875,2.9428841236614735e-11,2454.78515625
2025.06.18_0.3_3,index=5.113188,36,36.0,1,113188.2901,113188.2901_src-index=5.113188_chunk-0036.npy,376320.1201,0.3007766102697946,welch_hann_2048_overlap_1024_fs_44100,digital_amplitude_squared_per_hz,1.0214402341736432e-10,947.4609375,1.3407313356678857e-11,1356.591796875,2.957903538910529e-11,2454.78515625
2025.06.18_0.3_3,index=5.113188,37,37.0,1,113188.2901,113188.2901_src-index=5.113188_chunk-0037.npy,376320.1201,0.3007766102697946,welch_hann_2048_overlap_1024_fs_44100,digital_amplitude_squared_per_hz,1.0151044745284982e-10,947.4609375,1.3405833912193576e-11,1356.591796875,3.059479219800637e-11,2454.78515625
2025.06.18_0.3_3,index=5.113188,38,38.0,1,113188.2901,113188.2901_src-index=5.113188_chunk-0038.npy,376320.1201,0.3007766102697946,welch_hann_2048_overlap_1024_fs_44100,digital_amplitude_squared_per_hz,1.013611995863577e-10,947.4609375,1.3580591949932274e-11,1356.591796875,2.86041966164159e-11,2454.78515625
2025.06.18_0.3_3,index=5.113188,39,39.0,1,113188.2901,113188.2901_src-index=5.113188_chunk-0039.npy,376320.1201,0.3007766102697946,welch_hann_2048_overlap_1024_fs_44100,digital_amplitude_squared_per_hz,9.610165630435218e-11,947.4609375,1.1552671312448872e-11,1356.591796875,2.886064098917418e-11,2454.78515625
2025.06.18_0.3_3,index=5.113188,40,40.0,1,113188.2901,113188.2901_src-index=5.113188_chunk-0040.npy,376320.1201,0.3007766102697946,welch_hann_2048_overlap_1024_fs_44100,digital_amplitude_squared_per_hz,9.582294179595061e-11,947.4609375,1.0373767279199248e-11,1356.591796875,2.8589155717976275e-11,2454.78515625
2025.06.18_0.3_3,index=5.113188,41,41.0,1,113188.2901,113188.2901_src-index=5.113188_chunk-0041.npy,376320.1201,0.3007766102697946,welch_hann_2048_overlap_1024_fs_44100,digital_amplitude_squared_per_hz,9.729061041903871e-11,947.4609375,1.2975007594730632e-11,1356.591796875,2.7561103549977736e-11,2454.78515625
2025.06.18_0.3_3,index=5.113188,42,42.0,1,113188.2901,113188.2901_src-index=5.113188_chunk-0042.npy,376320.1201,0.3007766102697946,welch_hann_2048_overlap_1024_fs_44100,digital_amplitude_squared_per_hz,8.696188258706385e-11,947.4609375,1.0535855284647255e-11,1356.591796875,3.032291816258698e-11,2454.78515625
2025.06.18_0.3_3,index=5.113188,43,43.0,1,113188.2901,113188.2901_src-index=5.113188_chunk-0043.npy,376320.1201,0.3007766102697946,welch_hann_2048_overlap_1024_fs_44100,digital_amplitude_squared_per_hz,9.907682091820162e-11,947.4609375,1.1891815377822254e-11,1356.591796875,3.035832961184286e-11,2454.78515625
2025.06.18_0.3_3,index=5.113188,44,44.0,1,113188.2901,113188.2901_src-index=5.113188_chunk-0044.npy,376320.1201,0.3007766102697946,welch_hann_2048_overlap_1024_fs_44100,digital_amplitude_squared_per_hz,1.0256562443665411e-10,947.4609375,1.0635035071320281e-11,1442.724609375,3.031081652894364e-11,2454.78515625
2025.06.18_0.3_3,index=5.113188,45,45.0,1,113188.2901,113188.2901_src-index=5.113188_chunk-0045.npy,376320.1201,0.3007766102697946,welch_hann_2048_overlap_1024_fs_44100,digital_amplitude_squared_per_hz,1.0603724949149025e-10,947.4609375,1.5339444424276108e-11,1356.591796875,3.0847558091758526e-11,2454.78515625
2025.06.18_0.3_3,index=5.113188,46,46.0,1,113188.2901,113188.2901_src-index=5.113188_chunk-0046.npy,376320.1201,0.3007766102697946,welch_hann_2048_overlap_1024_fs_44100,digital_amplitude_squared_per_hz,1.0557707086760731e-10,947.4609375,1.2135707871135592e-11,1356.591796875,3.2461946943439144e-11,2454.78515625
2025.06.18_0.3_3,index=5.113188,47,47.0,1,113188.2901,113188.2901_src-index=5.113188_chunk-0047.npy,376320.1201,0.3007766102697946,welch_hann_2048_overlap_1024_fs_44100,digital_amplitude_squared_per_hz,1.058714444869686e-10,947.4609375,1.56142061952522e-11,1356.591796875,3.150239745947347e-11,2454.78515625
2025.06.18_0.3_3,index=5.113188,48,48.0,1,113188.2901,113188.2901_src-index=5.113188_chunk-0048.npy,376320.1201,0.3007766102697946,welch_hann_2048_overlap_1024_fs_44100,digital_amplitude_squared_per_hz,1.0296129189408063e-10,947.4609375,1.3488445308043371e-11,1356.591796875,2.8760004515007178e-11,2454.78515625
2025.06.18_0.3_3,index=5.113188,49,49.0,1,113188.2901,113188.2901_src-index=5.113188_chunk-0049.npy,376320.1201,0.3007766102697946,welch_hann_2048_overlap_1024_fs_44100,digital_amplitude_squared_per_hz,1.0795342846352114e-10,947.4609375,1.5008608465403184e-11,1356.591796875,3.119104661121225e-11,2454.78515625
2025.06.18_0.3_3,index=5.113188,50,50.0,1,113188.2901,113188.2901_src-index=5.113188_chunk-0050.npy,376320.1201,0.3007766102697946,welch_hann_2048_overlap_1024_fs_44100,digital_amplitude_squared_per_hz,1.0395810504770475e-10,947.4609375,1.540537449920541e-11,1356.591796875,3.2671404126209174e-11,2454.78515625
2025.06.18_0.3_3,index=5.113188,51,51.0,1,113188.2901,113188.2901_src-index=5.113188_chunk-0051.npy,376320.1201,0.3007766102697946,welch_hann_2048_overlap_1024_fs_44100,digital_amplitude_squared_per_hz,9.671084891262746e-11,947.4609375,1.5014373714558026e-11,1356.591796875,3.4858218381331233e-11,2454.78515625
2025.06.18_0.3_3,index=5.113188,52,52.0,1,113188.2901,113188.2901_src-index=5.113188_chunk-0052.npy,376320.1201,0.3007766102697946,welch_hann_2048_overlap_1024_fs_44100,digital_amplitude_squared_per_hz,1.0018527695187578e-10,947.4609375,1.7062081455381193e-11,1356.591796875,3.439952024549458e-11,2454.78515625
2025.06.18_0.3_3,index=5.113188,53,53.0,1,113188.2901,113188.2901_src-index=5.113188_chunk-0053.npy,376320.1201,0.3007766102697946,welch_hann_2048_overlap_1024_fs_44100,digital_amplitude_squared_per_hz,9.70518352861634e-11,947.4609375,1.3584684192983065e-11,1356.591796875,3.736289012440503e-11,2454.78515625
2025.06.18_0.3_3,index=5.113188,54,54.0,1,113188.2901,113188.2901_src-index=5.113188_chunk-0054.npy,376320.1201,0.3007766102697946,welch_hann_2048_overlap_1024_fs_44100,digital_amplitude_squared_per_hz,1.0027197906650474e-10,947.4609375,1.2930686048154597e-11,1356.591796875,3.559349821444715e-11,2454.78515625
2025.06.18_0.3_3,index=5.113188,55,55.0,1,113188.2901,113188.2901_src-index=5.113188_chunk-0055.npy,376320.1201,0.3007766102697946,welch_hann_2048_overlap_1024_fs_44100,digital_amplitude_squared_per_hz,9.387893908841759e-11,947.4609375,1.4864072451967314e-11,1356.591796875,3.6936888241452965e-11,2454.78515625
2025.06.18_0.3_3,index=5.113188,56,56.0,1,113188.2901,113188.2901_src-index=5.113188_chunk-0056.npy,376320.1201,0.3007766102697946,welch_hann_2048_overlap_1024_fs_44100,digital_amplitude_squared_per_hz,9.493677121585475e-11,947.4609375,1.314379964077264e-11,1356.591796875,3.206171443533484e-11,2454.78515625
2025.06.18_0.3_3,index=5.113188,57,57.0,1,113188.2901,113188.2901_src-index=5.113188_chunk-0057.npy,376320.1201,0.3007766102697946,welch_hann_2048_overlap_1024_fs_44100,digital_amplitude_squared_per_hz,8.951190615918256e-11,947.4609375,1.682179328313732e-11,1356.591796875,3.1998765421030696e-11,2454.78515625
2025.06.18_0.3_3,index=5.113188,58,58.0,1,113188.2901,113188.2901_src-index=5.113188_chunk-0058.npy,376320.1201,0.3007766102697946,welch_hann_2048_overlap_1024_fs_44100,digital_amplitude_squared_per_hz,7.911316241262398e-11,947.4609375,9.913039265525522e-12,1356.591796875,2.8661624245842755e-11,2454.78515625
2025.06.18_0.3_3,index=5.113188,59,59.0,1,113188.2901,113188.2901_src-index=5.113188_chunk-0059.npy,376320.1201,0.3007766102697946,welch_hann_2048_overlap_1024_fs_44100,digital_amplitude_squared_per_hz,7.758140785718037e-11,947.4609375,1.1566035216932347e-11,1356.591796875,2.7853126825725167e-11,2454.78515625
2025.06.18_0.3_3,index=6.146381,0,0.0,1,146381.6505,146381.6505_src-index=6.146381_chunk-0000.npy,376320.1201,0.3889817277404722,welch_hann_2048_overlap_1024_fs_44100,digital_amplitude_squared_per_hz,9.00996266974843e-11,947.4609375,1.2430410351893889e-11,1356.591796875,2.8587098529973116e-11,2454.78515625
2025.06.18_0.3_3,index=6.146381,1,1.0,1,146381.6505,146381.6505_src-index=6.146381_chunk-0001.npy,376320.1201,0.3889817277404722,welch_hann_2048_overlap_1024_fs_44100,digital_amplitude_squared_per_hz,8.764051574164126e-11,861.328125,1.1563266290401295e-11,1442.724609375,3.0814842533245205e-11,2454.78515625
2025.06.18_0.3_3,index=6.146381,2,2.0,1,146381.6505,146381.6505_src-index=6.146381_chunk-0002.npy,376320.1201,0.3889817277404722,welch_hann_2048_overlap_1024_fs_44100,digital_amplitude_squared_per_hz,8.984157413114153e-11,947.4609375,1.495954331195367e-11,1356.591796875,2.99996041846552e-11,2454.78515625
2025.06.18_0.3_3,index=6.146381,3,3.0,1,146381.6505,146381.6505_src-index=6.146381_chunk-0003.npy,376320.1201,0.3889817277404722,welch_hann_2048_overlap_1024_fs_44100,digital_amplitude_squared_per_hz,8.702709197294956e-11,947.4609375,1.2178129232858512e-11,1356.591796875,3.0530958386330105e-11,2454.78515625
2025.06.18_0.3_3,index=6.146381,4,4.0,1,146381.6505,146381.6505_src-index=6.146381_chunk-0004.npy,376320.1201,0.3889817277404722,welch_hann_2048_overlap_1024_fs_44100,digital_amplitude_squared_per_hz,8.311094875529868e-11,947.4609375,1.5778331365751717e-11,1356.591796875,3.019104283725364e-11,2454.78515625
2025.06.18_0.3_3,index=6.146381,5,5.0,1,146381.6505,146381.6505_src-index=6.146381_chunk-0005.npy,376320.1201,0.3889817277404722,welch_hann_2048_overlap_1024_fs_44100,digital_amplitude_squared_per_hz,8.111337129879257e-11,947.4609375,1.3299233690809733e-11,1356.591796875,2.9671703347678565e-11,2454.78515625
2025.06.18_0.3_3,index=6.146381,6,6.0,1,146381.6505,146381.6505_src-index=6.146381_chunk-0006.npy,376320.1201,0.3889817277404722,welch_hann_2048_overlap_1024_fs_44100,digital_amplitude_squared_per_hz,8.664108326239064e-11,947.4609375,1.4417978996840766e-11,1356.591796875,2.964624015177065e-11,2454.78515625
2025.06.18_0.3_3,index=6.146381,7,7.0,1,146381.6505,146381.6505_src-index=6.146381_chunk-0007.npy,376320.1201,0.3889817277404722,welch_hann_2048_overlap_1024_fs_44100,digital_amplitude_squared_per_hz,7.826325861035605e-11,947.4609375,1.1333177274078691e-11,1356.591796875,3.236822176558364e-11,2454.78515625
2025.06.18_0.3_3,index=6.146381,8,8.0,1,146381.6505,146381.6505_src-index=6.146381_chunk-0008.npy,376320.1201,0.3889817277404722,welch_hann_2048_overlap_1024_fs_44100,digital_amplitude_squared_per_hz,7.856688002869889e-11,947.4609375,1.1519318897695537e-11,1356.591796875,3.127559042484695e-11,2454.78515625
2025.06.18_0.3_3,index=6.146381,9,9.0,1,146381.6505,146381.6505_src-index=6.146381_chunk-0009.npy,376320.1201,0.3889817277404722,welch_hann_2048_overlap_1024_fs_44100,digital_amplitude_squared_per_hz,7.949484425511207e-11,947.4609375,1.412644513740008e-11,1356.591796875,3.419786818000577e-11,2454.78515625
2025.06.18_0.3_3,index=6.146381,10,10.0,1,146381.6505,146381.6505_src-index=6.146381_chunk-0010.npy,376320.1201,0.3889817277404722,welch_hann_2048_overlap_1024_fs_44100,digital_amplitude_squared_per_hz,8.650321765207339e-11,947.4609375,1.2654204180957018e-11,1356.591796875,3.458160670450338e-11,2454.78515625
2025.06.18_0.3_3,index=6.146381,11,11.0,1,146381.6505,146381.6505_src-index=6.146381_chunk-0011.npy,376320.1201,0.3889817277404722,welch_hann_2048_overlap_1024_fs_44100,digital_amplitude_squared_per_hz,7.929725614739045e-11,947.4609375,1.7473341243715806e-11,1356.591796875,3.683414841885011e-11,2454.78515625
2025.06.18_0.3_3,index=6.146381,12,12.0,1,146381.6505,146381.6505_src-index=6.146381_chunk-0012.npy,376320.1201,0.3889817277404722,welch_hann_2048_overlap_1024_fs_44100,digital_amplitude_squared_per_hz,8.377888356842288e-11,947.4609375,1.3172874901414065e-11,1356.591796875,3.30472130147498e-11,2454.78515625
2025.06.18_0.3_3,index=6.146381,13,13.0,1,146381.6505,146381.6505_src-index=6.146381_chunk-0013.npy,376320.1201,0.3889817277404722,welch_hann_2048_overlap_1024_fs_44100,digital_amplitude_squared_per_hz,8.566261105236402e-11,947.4609375,1.2545411026097802e-11,1356.591796875,3.4211906097023315e-11,2454.78515625
2025.06.18_0.3_3,index=6.146381,14,14.0,1,146381.6505,146381.6505_src-index=6.146381_chunk-0014.npy,376320.1201,0.3889817277404722,welch_hann_2048_overlap_1024_fs_44100,digital_amplitude_squared_per_hz,8.603212523888286e-11,947.4609375,1.207199244872802e-11,1356.591796875,3.340234612106901e-11,2454.78515625
2025.06.18_0.3_3,index=6.146381,15,15.0,1,146381.6505,146381.6505_src-index=6.146381_chunk-0015.npy,376320.1201,0.3889817277404722,welch_hann_2048_overlap_1024_fs_44100,digital_amplitude_squared_per_hz,8.002110845099767e-11,947.4609375,1.4089698467120778e-11,1356.591796875,3.310781761208808e-11,2454.78515625
2025.06.18_0.3_3,index=6.146381,16,16.0,1,146381.6505,146381.6505_src-index=6.146381_chunk-0016.npy,376320.1201,0.3889817277404722,welch_hann_2048_overlap_1024_fs_44100,digital_amplitude_squared_per_hz,8.32103915308265e-11,947.4609375,1.2154659226799037e-11,1356.591796875,3.430265623310625e-11,2454.78515625
2025.06.18_0.3_3,index=6.146381,17,17.0,1,146381.6505,146381.6505_src-index=6.146381_chunk-0017.npy,376320.1201,0.3889817277404722,welch_hann_2048_overlap_1024_fs_44100,digital_amplitude_squared_per_hz,8.453574115889291e-11,947.4609375,1.4346890102808116e-11,1356.591796875,3.2892176480036534e-11,2454.78515625
2025.06.18_0.3_3,index=6.146381,18,18.0,1,146381.6505,146381.6505_src-index=6.146381_chunk-0018.npy,376320.1201,0.3889817277404722,welch_hann_2048_overlap_1024_fs_44100,digital_amplitude_squared_per_hz,7.79799336453127e-11,947.4609375,1.2674548737735713e-11,1356.591796875,3.337675202993811e-11,2454.78515625
2025.06.18_0.3_3,index=6.146381,19,19.0,1,146381.6505,146381.6505_src-index=6.146381_chunk-0019.npy,376320.1201,0.3889817277404722,welch_hann_2048_overlap_1024_fs_44100,digital_amplitude_squared_per_hz,7.753424502671617e-11,947.4609375,1.300386555394305e-11,1356.591796875,3.677151629471057e-11,2454.78515625
2025.06.18_0.3_3,index=6.146381,20,20.0,1,146381.6505,146381.6505_src-index=6.146381_chunk-0020.npy,376320.1201,0.3889817277404722,welch_hann_2048_overlap_1024_fs_44100,digital_amplitude_squared_per_hz,8.303972778509352e-11,947.4609375,1.2652919729375368e-11,1356.591796875,3.424828725986279e-11,2454.78515625
2025.06.18_0.3_3,index=6.146381,21,21.0,1,146381.6505,146381.6505_src-index=6.146381_chunk-0021.npy,376320.1201,0.3889817277404722,welch_hann_2048_overlap_1024_fs_44100,digital_amplitude_squared_per_hz,8.215911382640008e-11,947.4609375,1.40250134901758e-11,1356.591796875,3.611145366994928e-11,2454.78515625
2025.06.18_0.3_3,index=6.146381,22,22.0,1,146381.6505,146381.6505_src-index=6.146381_chunk-0022.npy,376320.1201,0.3889817277404722,welch_hann_2048_overlap_1024_fs_44100,digital_amplitude_squared_per_hz,8.288683591088157e-11,947.4609375,1.3922774737027557e-11,1356.591796875,3.4919903941524124e-11,2454.78515625
2025.06.18_0.3_3,index=6.146381,23,23.0,1,146381.6505,146381.6505_src-index=6.146381_chunk-0023.npy,376320.1201,0.3889817277404722,welch_hann_2048_overlap_1024_fs_44100,digital_amplitude_squared_per_hz,8.365828896381966e-11,947.4609375,1.3651118440649305e-11,1356.591796875,3.442431053057128e-11,2454.78515625
2025.06.18_0.3_3,index=6.146381,24,24.0,1,146381.6505,146381.6505_src-index=6.146381_chunk-0024.npy,376320.1201,0.3889817277404722,welch_hann_2048_overlap_1024_fs_44100,digital_amplitude_squared_per_hz,8.278765650159689e-11,947.4609375,1.3683282519455166e-11,1356.591796875,3.673929138771394e-11,2454.78515625
2025.06.18_0.3_3,index=6.146381,25,25.0,1,146381.6505,146381.6505_src-index=6.146381_chunk-0025.npy,376320.1201,0.3889817277404722,welch_hann_2048_overlap_1024_fs_44100,digital_amplitude_squared_per_hz,8.145180604819517e-11,947.4609375,1.2249838856933393e-11,1356.591796875,3.630820111168442e-11,2454.78515625
2025.06.18_0.3_3,index=6.146381,26,26.0,1,146381.6505,146381.6505_src-index=6.146381_chunk-0026.npy,376320.1201,0.3889817277404722,welch_hann_2048_overlap_1024_fs_44100,digital_amplitude_squared_per_hz,8.215903260093904e-11,947.4609375,1.0552163878937069e-11,1356.591796875,3.596070610113485e-11,2454.78515625
2025.06.18_0.3_3,index=6.146381,27,27.0,1,146381.6505,146381.6505_src-index=6.146381_chunk-0027.npy,376320.1201,0.3889817277404722,welch_hann_2048_overlap_1024_fs_44100,digital_amplitude_squared_per_hz,8.658316630526408e-11,947.4609375,1.5672456552461322e-11,1356.591796875,3.591676267526469e-11,2454.78515625
2025.06.18_0.3_3,index=6.146381,28,28.0,1,146381.6505,146381.6505_src-index=6.146381_chunk-0028.npy,376320.1201,0.3889817277404722,welch_hann_2048_overlap_1024_fs_44100,digital_amplitude_squared_per_hz,8.429645898157149e-11,947.4609375,1.2942059453447546e-11,1356.591796875,3.672789388710526e-11,2454.78515625
2025.06.18_0.3_3,index=6.146381,29,29.0,1,146381.6505,146381.6505_src-index=6.146381_chunk-0029.npy,376320.1201,0.3889817277404722,welch_hann_2048_overlap_1024_fs_44100,digital_amplitude_squared_per_hz,8.085344148660142e-11,947.4609375,1.4976575812038522e-11,1356.591796875,3.722092960387399e-11,2454.78515625
2025.06.18_0.3_3,index=6.146381,30,30.0,1,146381.6505,146381.6505_src-index=6.146381_chunk-0030.npy,376320.1201,0.3889817277404722,welch_hann_2048_overlap_1024_fs_44100,digital_amplitude_squared_per_hz,8.417255539081989e-11,947.4609375,1.3859983349413218e-11,1356.591796875,3.706568927793502e-11,2454.78515625
2025.06.18_0.3_3,index=6.146381,31,31.0,1,146381.6505,146381.6505_src-index=6.146381_chunk-0031.npy,376320.1201,0.3889817277404722,welch_hann_2048_overlap_1024_fs_44100,digital_amplitude_squared_per_hz,8.31935380549455e-11,947.4609375,1.3427296059870863e-11,1356.591796875,3.598421037273078e-11,2454.78515625
2025.06.18_0.3_3,index=6.146381,32,32.0,1,146381.6505,146381.6505_src-index=6.146381_chunk-0032.npy,376320.1201,0.3889817277404722,welch_hann_2048_overlap_1024_fs_44100,digital_amplitude_squared_per_hz,8.212380440499066e-11,947.4609375,1.1600185752907575e-11,1356.591796875,3.246250130513575e-11,2454.78515625
2025.06.18_0.3_3,index=6.146381,33,33.0,1,146381.6505,146381.6505_src-index=6.146381_chunk-0033.npy,376320.1201,0.3889817277404722,welch_hann_2048_overlap_1024_fs_44100,digital_amplitude_squared_per_hz,8.1932268063275e-11,947.4609375,1.2062541322826823e-11,1356.591796875,3.390371205073783e-11,2454.78515625
2025.06.18_0.3_3,index=6.146381,34,34.0,1,146381.6505,146381.6505_src-index=6.146381_chunk-0034.npy,376320.1201,0.3889817277404722,welch_hann_2048_overlap_1024_fs_44100,digital_amplitude_squared_per_hz,7.991504102178788e-11,947.4609375,1.388347964086812e-11,1356.591796875,3.5033048145780556e-11,2454.78515625
2025.06.18_0.3_3,index=6.146381,35,35.0,1,146381.6505,146381.6505_src-index=6.146381_chunk-0035.npy,376320.1201,0.3889817277404722,welch_hann_2048_overlap_1024_fs_44100,digital_amplitude_squared_per_hz,8.475380322672145e-11,947.4609375,1.1560412106926602e-11,1356.591796875,3.331284566518232e-11,2454.78515625
2025.06.18_0.3_3,index=6.146381,36,36.0,1,146381.6505,146381.6505_src-index=6.146381_chunk-0036.npy,376320.1201,0.3889817277404722,welch_hann_2048_overlap_1024_fs_44100,digital_amplitude_squared_per_hz,8.62305399720863e-11,947.4609375,1.4770535400202843e-11,1356.591796875,3.7048931412042297e-11,2454.78515625
2025.06.18_0.3_3,index=6.146381,37,37.0,1,146381.6505,146381.6505_src-index=6.146381_chunk-0037.npy,376320.1201,0.3889817277404722,welch_hann_2048_overlap_1024_fs_44100,digital_amplitude_squared_per_hz,8.562107764386709e-11,947.4609375,1.5193985845203512e-11,1356.591796875,3.760975182684579e-11,2454.78515625
2025.06.18_0.3_3,index=6.146381,38,38.0,1,146381.6505,146381.6505_src-index=6.146381_chunk-0038.npy,376320.1201,0.3889817277404722,welch_hann_2048_overlap_1024_fs_44100,digital_amplitude_squared_per_hz,8.533861295549229e-11,947.4609375,1.2773793245609092e-11,1356.591796875,3.902136896389913e-11,2454.78515625
2025.06.18_0.3_3,index=6.146381,39,39.0,1,146381.6505,146381.6505_src-index=6.146381_chunk-0039.npy,376320.1201,0.3889817277404722,welch_hann_2048_overlap_1024_fs_44100,digital_amplitude_squared_per_hz,8.284942880343384e-11,947.4609375,1.1328600695610503e-11,1356.591796875,3.574342442754533e-11,2454.78515625
2025.06.18_0.3_3,index=6.146381,40,40.0,1,146381.6505,146381.6505_src-index=6.146381_chunk-0040.npy,376320.1201,0.3889817277404722,welch_hann_2048_overlap_1024_fs_44100,digital_amplitude_squared_per_hz,8.485679804250277e-11,947.4609375,1.364157003020237e-11,1356.591796875,3.6287657846978e-11,2454.78515625
2025.06.18_0.3_3,index=6.146381,41,41.0,1,146381.6505,146381.6505_src-index=6.146381_chunk-0041.npy,376320.1201,0.3889817277404722,welch_hann_2048_overlap_1024_fs_44100,digital_amplitude_squared_per_hz,8.390347538352548e-11,947.4609375,1.221536539498847e-11,1356.591796875,3.5568747460798835e-11,2454.78515625
2025.06.18_0.3_3,index=6.146381,42,42.0,1,146381.6505,146381.6505_src-index=6.146381_chunk-0042.npy,376320.1201,0.3889817277404722,welch_hann_2048_overlap_1024_fs_44100,digital_amplitude_squared_per_hz,8.005873269928753e-11,947.4609375,1.3836695661777349e-11,1356.591796875,3.209494591844613e-11,2454.78515625
2025.06.18_0.3_3,index=6.146381,43,43.0,1,146381.6505,146381.6505_src-index=6.146381_chunk-0043.npy,376320.1201,0.3889817277404722,welch_hann_2048_overlap_1024_fs_44100,digital_amplitude_squared_per_hz,8.173043722896894e-11,947.4609375,1.1944588130900573e-11,1356.591796875,3.656822686945206e-11,2454.78515625
2025.06.18_0.3_3,index=6.146381,44,44.0,1,146381.6505,146381.6505_src-index=6.146381_chunk-0044.npy,376320.1201,0.3889817277404722,welch_hann_2048_overlap_1024_fs_44100,digital_amplitude_squared_per_hz,8.3641933928104e-11,947.4609375,1.2099474247909597e-11,1356.591796875,3.499076333348605e-11,2454.78515625
2025.06.18_0.3_3,index=6.146381,45,45.0,1,146381.6505,146381.6505_src-index=6.146381_chunk-0045.npy,376320.1201,0.3889817277404722,welch_hann_2048_overlap_1024_fs_44100,digital_amplitude_squared_per_hz,8.199126719082738e-11,947.4609375,1.350697303342802e-11,1356.591796875,3.585781211553926e-11,2454.78515625
2025.06.18_0.3_3,index=6.146381,46,46.0,1,146381.6505,146381.6505_src-index=6.146381_chunk-0046.npy,376320.1201,0.3889817277404722,welch_hann_2048_overlap_1024_fs_44100,digital_amplitude_squared_per_hz,8.314055240399785e-11,947.4609375,1.4003560606569592e-11,1356.591796875,3.2786954448606965e-11,2454.78515625
2025.06.18_0.3_3,index=6.146381,47,47.0,1,146381.6505,146381.6505_src-index=6.146381_chunk-0047.npy,376320.1201,0.3889817277404722,welch_hann_2048_overlap_1024_fs_44100,digital_amplitude_squared_per_hz,8.203576911059811e-11,947.4609375,1.468310338859897e-11,1356.591796875,3.3030873429674944e-11,2454.78515625
2025.06.18_0.3_3,index=6.146381,48,48.0,1,146381.6505,146381.6505_src-index=6.146381_chunk-0048.npy,376320.1201,0.3889817277404722,welch_hann_2048_overlap_1024_fs_44100,digital_amplitude_squared_per_hz,8.38956758188619e-11,947.4609375,1.1672583997250935e-11,1356.591796875,3.212167627067407e-11,2454.78515625
2025.06.18_0.3_3,index=6.146381,49,49.0,1,146381.6505,146381.6505_src-index=6.146381_chunk-0049.npy,376320.1201,0.3889817277404722,welch_hann_2048_overlap_1024_fs_44100,digital_amplitude_squared_per_hz,8.091881805196777e-11,947.4609375,1.4350077627672837e-11,1356.591796875,3.5488182568584155e-11,2454.78515625
2025.06.18_0.3_3,index=6.146381,50,50.0,1,146381.6505,146381.6505_src-index=6.146381_chunk-0050.npy,376320.1201,0.3889817277404722,welch_hann_2048_overlap_1024_fs_44100,digital_amplitude_squared_per_hz,8.268072196122919e-11,947.4609375,1.0604191158003304e-11,1356.591796875,3.1038740613619665e-11,2454.78515625
2025.06.18_0.3_3,index=6.146381,51,51.0,1,146381.6505,146381.6505_src-index=6.146381_chunk-0051.npy,376320.1201,0.3889817277404722,welch_hann_2048_overlap_1024_fs_44100,digital_amplitude_squared_per_hz,8.306222230119912e-11,947.4609375,1.2657777204256899e-11,1356.591796875,3.12693093085576e-11,2454.78515625
2025.06.18_0.3_3,index=6.146381,52,52.0,1,146381.6505,146381.6505_src-index=6.146381_chunk-0052.npy,376320.1201,0.3889817277404722,welch_hann_2048_overlap_1024_fs_44100,digital_amplitude_squared_per_hz,7.800350174377812e-11,947.4609375,1.2599196432499998e-11,1356.591796875,3.00507959810899e-11,2454.78515625
2025.06.18_0.3_3,index=6.146381,53,53.0,1,146381.6505,146381.6505_src-index=6.146381_chunk-0053.npy,376320.1201,0.3889817277404722,welch_hann_2048_overlap_1024_fs_44100,digital_amplitude_squared_per_hz,8.208955608260767e-11,947.4609375,1.2100932742679716e-11,1356.591796875,3.006319948461584e-11,2454.78515625
2025.06.18_0.3_3,index=6.146381,54,54.0,1,146381.6505,146381.6505_src-index=6.146381_chunk-0054.npy,376320.1201,0.3889817277404722,welch_hann_2048_overlap_1024_fs_44100,digital_amplitude_squared_per_hz,7.332292441737947e-11,947.4609375,1.1564493957860476e-11,1356.591796875,2.9066527331882e-11,2454.78515625
2025.06.18_0.3_3,index=6.146381,55,55.0,1,146381.6505,146381.6505_src-index=6.146381_chunk-0055.npy,376320.1201,0.3889817277404722,welch_hann_2048_overlap_1024_fs_44100,digital_amplitude_squared_per_hz,7.754014524255718e-11,947.4609375,1.2340645109838855e-11,1356.591796875,3.10917326562078e-11,2454.78515625
2025.06.18_0.3_3,index=6.146381,56,56.0,1,146381.6505,146381.6505_src-index=6.146381_chunk-0056.npy,376320.1201,0.3889817277404722,welch_hann_2048_overlap_1024_fs_44100,digital_amplitude_squared_per_hz,7.747389234711951e-11,947.4609375,1.1661796910846057e-11,1356.591796875,3.197682464388915e-11,2454.78515625
2025.06.18_0.3_3,index=6.146381,57,57.0,1,146381.6505,146381.6505_src-index=6.146381_chunk-0057.npy,376320.1201,0.3889817277404722,welch_hann_2048_overlap_1024_fs_44100,digital_amplitude_squared_per_hz,7.771697973869829e-11,947.4609375,1.1930095507779297e-11,1356.591796875,3.036288009052743e-11,2454.78515625
2025.06.18_0.3_3,index=6.146381,58,58.0,1,146381.6505,146381.6505_src-index=6.146381_chunk-0058.npy,376320.1201,0.3889817277404722,welch_hann_2048_overlap_1024_fs_44100,digital_amplitude_squared_per_hz,7.250592038350478e-11,947.4609375,1.3657506683707753e-11,1356.591796875,2.832101241185796e-11,2454.78515625
2025.06.18_0.3_3,index=6.146381,59,59.0,1,146381.6505,146381.6505_src-index=6.146381_chunk-0059.npy,376320.1201,0.3889817277404722,welch_hann_2048_overlap_1024_fs_44100,digital_amplitude_squared_per_hz,6.67335183416207e-11,947.4609375,1.09080205751632e-11,1356.591796875,3.1184982342314236e-11,2454.78515625
2025.06.18_0.3_3,index=7.184190,0,0.0,1,184190.9699,184190.9699_src-index=7.184190_chunk-0000.npy,376320.1201,0.4894528888092794,welch_hann_2048_overlap_1024_fs_44100,digital_amplitude_squared_per_hz,7.270400550168693e-11,947.4609375,1.5207946925429935e-11,1356.591796875,3.512816576577116e-11,2347.119140625
2025.06.18_0.3_3,index=7.184190,1,1.0,1,184190.9699,184190.9699_src-index=7.184190_chunk-0001.npy,376320.1201,0.4894528888092794,welch_hann_2048_overlap_1024_fs_44100,digital_amplitude_squared_per_hz,6.187277773655771e-11,947.4609375,1.756611541479926e-11,1356.591796875,4.315222676856275e-11,2347.119140625
2025.06.18_0.3_3,index=7.184190,2,2.0,1,184190.9699,184190.9699_src-index=7.184190_chunk-0002.npy,376320.1201,0.4894528888092794,welch_hann_2048_overlap_1024_fs_44100,digital_amplitude_squared_per_hz,7.045184432032451e-11,947.4609375,1.3733665753237737e-11,1356.591796875,2.8662172492081317e-11,2347.119140625
2025.06.18_0.3_3,index=7.184190,3,3.0,1,184190.9699,184190.9699_src-index=7.184190_chunk-0003.npy,376320.1201,0.4894528888092794,welch_hann_2048_overlap_1024_fs_44100,digital_amplitude_squared_per_hz,6.797466726522105e-11,947.4609375,1.139099805425471e-11,1270.458984375,2.3405505580677203e-11,2347.119140625
2025.06.18_0.3_3,index=7.184190,4,4.0,1,184190.9699,184190.9699_src-index=7.184190_chunk-0004.npy,376320.1201,0.4894528888092794,welch_hann_2048_overlap_1024_fs_44100,digital_amplitude_squared_per_hz,7.205353912178749e-11,947.4609375,1.2700651581087498e-11,1270.458984375,2.5313122868345246e-11,2347.119140625
2025.06.18_0.3_3,index=7.184190,5,5.0,1,184190.9699,184190.9699_src-index=7.184190_chunk-0005.npy,376320.1201,0.4894528888092794,welch_hann_2048_overlap_1024_fs_44100,digital_amplitude_squared_per_hz,6.812220801705365e-11,947.4609375,1.230406391816528e-11,1356.591796875,2.6362949976561508e-11,2347.119140625
2025.06.18_0.3_3,index=7.184190,6,6.0,1,184190.9699,184190.9699_src-index=7.184190_chunk-0006.npy,376320.1201,0.4894528888092794,welch_hann_2048_overlap_1024_fs_44100,digital_amplitude_squared_per_hz,6.76078274218728e-11,947.4609375,1.2137633919391575e-11,1356.591796875,3.024562668808707e-11,2347.119140625
2025.06.18_0.3_3,index=7.184190,7,7.0,1,184190.9699,184190.9699_src-index=7.184190_chunk-0007.npy,376320.1201,0.4894528888092794,welch_hann_2048_overlap_1024_fs_44100,digital_amplitude_squared_per_hz,7.194992350420016e-11,947.4609375,7.193708312552571e-12,1270.458984375,2.6396038629008172e-11,2347.119140625
2025.06.18_0.3_3,index=7.184190,8,8.0,1,184190.9699,184190.9699_src-index=7.184190_chunk-0008.npy,376320.1201,0.4894528888092794,welch_hann_2048_overlap_1024_fs_44100,digital_amplitude_squared_per_hz,7.206378497263762e-11,947.4609375,7.26113331307413e-12,1270.458984375,2.986499487155439e-11,2347.119140625
2025.06.18_0.3_3,index=7.184190,9,9.0,1,184190.9699,184190.9699_src-index=7.184190_chunk-0009.npy,376320.1201,0.4894528888092794,welch_hann_2048_overlap_1024_fs_44100,digital_amplitude_squared_per_hz,7.666153317936753e-11,947.4609375,7.019671343259809e-12,1270.458984375,3.259701652974659e-11,2347.119140625
2025.06.18_0.3_3,index=7.184190,10,10.0,1,184190.9699,184190.9699_src-index=7.184190_chunk-0010.npy,376320.1201,0.4894528888092794,welch_hann_2048_overlap_1024_fs_44100,digital_amplitude_squared_per_hz,7.645495126542985e-11,947.4609375,5.762997279537354e-12,1442.724609375,2.552366750381322e-11,2347.119140625
2025.06.18_0.3_3,index=7.184190,11,11.0,1,184190.9699,184190.9699_src-index=7.184190_chunk-0011.npy,376320.1201,0.4894528888092794,welch_hann_2048_overlap_1024_fs_44100,digital_amplitude_squared_per_hz,6.31558893143622e-11,947.4609375,8.811570694681705e-12,1356.591796875,2.9228327524595743e-11,2454.78515625
2025.06.18_0.3_3,index=7.184190,12,12.0,1,184190.9699,184190.9699_src-index=7.184190_chunk-0012.npy,376320.1201,0.4894528888092794,welch_hann_2048_overlap_1024_fs_44100,digital_amplitude_squared_per_hz,5.861913392316969e-11,947.4609375,1.4795366441365878e-11,1356.591796875,4.2467853419699653e-11,2347.119140625
2025.06.18_0.3_3,index=7.184190,13,13.0,1,184190.9699,184190.9699_src-index=7.184190_chunk-0013.npy,376320.1201,0.4894528888092794,welch_hann_2048_overlap_1024_fs_44100,digital_amplitude_squared_per_hz,6.490745850710756e-11,947.4609375,1.4251659704273365e-11,1356.591796875,3.0646620493320506e-11,2347.119140625
2025.06.18_0.3_3,index=7.184190,14,14.0,1,184190.9699,184190.9699_src-index=7.184190_chunk-0014.npy,376320.1201,0.4894528888092794,welch_hann_2048_overlap_1024_fs_44100,digital_amplitude_squared_per_hz,6.933443220838124e-11,947.4609375,1.1362536204953326e-11,1270.458984375,2.3382064879081866e-11,2347.119140625
2025.06.18_0.3_3,index=7.184190,15,15.0,1,184190.9699,184190.9699_src-index=7.184190_chunk-0015.npy,376320.1201,0.4894528888092794,welch_hann_2048_overlap_1024_fs_44100,digital_amplitude_squared_per_hz,6.940411191664899e-11,947.4609375,1.0999664887886211e-11,1270.458984375,2.516335418896425e-11,2347.119140625
2025.06.18_0.3_3,index=7.184190,16,16.0,1,184190.9699,184190.9699_src-index=7.184190_chunk-0016.npy,376320.1201,0.4894528888092794,welch_hann_2048_overlap_1024_fs_44100,digital_amplitude_squared_per_hz,7.039664280993018e-11,947.4609375,1.1343508644348294e-11,1356.591796875,2.5993840230682267e-11,2347.119140625
2025.06.18_0.3_3,index=7.184190,17,17.0,1,184190.9699,184190.9699_src-index=7.184190_chunk-0017.npy,376320.1201,0.4894528888092794,welch_hann_2048_overlap_1024_fs_44100,digital_amplitude_squared_per_hz,6.94917493850797e-11,947.4609375,1.1059450028707734e-11,1270.458984375,2.937318386766591e-11,2347.119140625
2025.06.18_0.3_3,index=7.184190,18,18.0,1,184190.9699,184190.9699_src-index=7.184190_chunk-0018.npy,376320.1201,0.4894528888092794,welch_hann_2048_overlap_1024_fs_44100,digital_amplitude_squared_per_hz,6.951660178778369e-11,947.4609375,1.1396031401761365e-11,1356.591796875,3.083429878887886e-11,2347.119140625
2025.06.18_0.3_3,index=7.184190,19,19.0,1,184190.9699,184190.9699_src-index=7.184190_chunk-0019.npy,376320.1201,0.4894528888092794,welch_hann_2048_overlap_1024_fs_44100,digital_amplitude_squared_per_hz,6.845591644784016e-11,947.4609375,1.2531674794606629e-11,1270.458984375,3.110880167137878e-11,2347.119140625
2025.06.18_0.3_3,index=7.184190,20,20.0,1,184190.9699,184190.9699_src-index=7.184190_chunk-0020.npy,376320.1201,0.4894528888092794,welch_hann_2048_overlap_1024_fs_44100,digital_amplitude_squared_per_hz,7.284868099292844e-11,947.4609375,1.4959164047681503e-11,1356.591796875,2.9595408524025295e-11,2347.119140625
2025.06.18_0.3_3,index=7.184190,21,21.0,1,184190.9699,184190.9699_src-index=7.184190_chunk-0021.npy,376320.1201,0.4894528888092794,welch_hann_2048_overlap_1024_fs_44100,digital_amplitude_squared_per_hz,6.745795614759342e-11,947.4609375,1.2589608826572677e-11,1356.591796875,3.070089304380472e-11,2347.119140625
2025.06.18_0.3_3,index=7.184190,22,22.0,1,184190.9699,184190.9699_src-index=7.184190_chunk-0022.npy,376320.1201,0.4894528888092794,welch_hann_2048_overlap_1024_fs_44100,digital_amplitude_squared_per_hz,7.091401728054003e-11,947.4609375,1.495045607150273e-11,1356.591796875,3.037070501118177e-11,2347.119140625
2025.06.18_0.3_3,index=7.184190,23,23.0,1,184190.9699,184190.9699_src-index=7.184190_chunk-0023.npy,376320.1201,0.4894528888092794,welch_hann_2048_overlap_1024_fs_44100,digital_amplitude_squared_per_hz,7.043397896937728e-11,947.4609375,1.1982194502501813e-11,1356.591796875,2.5454584798663474e-11,2347.119140625
2025.06.18_0.3_3,index=7.184190,24,24.0,1,184190.9699,184190.9699_src-index=7.184190_chunk-0024.npy,376320.1201,0.4894528888092794,welch_hann_2048_overlap_1024_fs_44100,digital_amplitude_squared_per_hz,7.076313570998055e-11,947.4609375,1.2789869282688563e-11,1356.591796875,2.5559450820449048e-11,2347.119140625
2025.06.18_0.3_3,index=7.184190,25,25.0,1,184190.9699,184190.9699_src-index=7.184190_chunk-0025.npy,376320.1201,0.4894528888092794,welch_hann_2048_overlap_1024_fs_44100,digital_amplitude_squared_per_hz,6.860663832443042e-11,947.4609375,1.1025868001677676e-11,1270.458984375,2.498166768572554e-11,2347.119140625
2025.06.18_0.3_3,index=7.184190,26,26.0,1,184190.9699,184190.9699_src-index=7.184190_chunk-0026.npy,376320.1201,0.4894528888092794,welch_hann_2048_overlap_1024_fs_44100,digital_amplitude_squared_per_hz,7.360212590675015e-11,947.4609375,1.4340846328930491e-11,1356.591796875,2.6368614160462137e-11,2347.119140625
2025.06.18_0.3_3,index=7.184190,27,27.0,1,184190.9699,184190.9699_src-index=7.184190_chunk-0027.npy,376320.1201,0.4894528888092794,welch_hann_2048_overlap_1024_fs_44100,digital_amplitude_squared_per_hz,6.491835870817649e-11,947.4609375,1.252826135274942e-11,1356.591796875,2.6771938878478825e-11,2347.119140625
2025.06.18_0.3_3,index=7.184190,28,28.0,1,184190.9699,184190.9699_src-index=7.184190_chunk-0028.npy,376320.1201,0.4894528888092794,welch_hann_2048_overlap_1024_fs_44100,digital_amplitude_squared_per_hz,4.739958572633255e-11,947.4609375,7.491943209826227e-12,1356.591796875,1.888725795551144e-11,2347.119140625
2025.06.18_0.3_3,index=7.184190,29,29.0,1,184190.9699,184190.9699_src-index=7.184190_chunk-0029.npy,376320.1201,0.4894528888092794,welch_hann_2048_overlap_1024_fs_44100,digital_amplitude_squared_per_hz,4.913973864483611e-11,947.4609375,8.684750123231655e-12,1356.591796875,1.7074561385169248e-11,2347.119140625
2025.06.18_0.3_3,index=7.184190,30,30.0,1,184190.9699,184190.9699_src-index=7.184190_chunk-0030.npy,376320.1201,0.4894528888092794,welch_hann_2048_overlap_1024_fs_44100,digital_amplitude_squared_per_hz,4.509029993938273e-11,947.4609375,8.082317105051566e-12,1356.591796875,1.7992927982026656e-11,2347.119140625
2025.06.18_0.3_3,index=7.184190,31,31.0,1,184190.9699,184190.9699_src-index=7.184190_chunk-0031.npy,376320.1201,0.4894528888092794,welch_hann_2048_overlap_1024_fs_44100,digital_amplitude_squared_per_hz,4.431955487971333e-11,947.4609375,9.003758806698906e-12,1356.591796875,1.8534757210593718e-11,2347.119140625
2025.06.18_0.3_3,index=7.184190,32,32.0,1,184190.9699,184190.9699_src-index=7.184190_chunk-0032.npy,376320.1201,0.4894528888092794,welch_hann_2048_overlap_1024_fs_44100,digital_amplitude_squared_per_hz,4.241297302457504e-11,947.4609375,9.001455146513782e-12,1356.591796875,2.2569545804607592e-11,2347.119140625
2025.06.18_0.3_3,index=7.184190,33,33.0,1,184190.9699,184190.9699_src-index=7.184190_chunk-0033.npy,376320.1201,0.4894528888092794,welch_hann_2048_overlap_1024_fs_44100,digital_amplitude_squared_per_hz,4.130031733337317e-11,947.4609375,9.023235887872843e-12,1356.591796875,2.4702992836760548e-11,2347.119140625
2025.06.18_0.3_3,index=7.184190,34,34.0,1,184190.9699,184190.9699_src-index=7.184190_chunk-0034.npy,376320.1201,0.4894528888092794,welch_hann_2048_overlap_1024_fs_44100,digital_amplitude_squared_per_hz,4.165860078426684e-11,947.4609375,9.781311990238923e-12,1356.591796875,2.603978121179664e-11,2347.119140625
2025.06.18_0.3_3,index=7.184190,35,35.0,1,184190.9699,184190.9699_src-index=7.184190_chunk-0035.npy,376320.1201,0.4894528888092794,welch_hann_2048_overlap_1024_fs_44100,digital_amplitude_squared_per_hz,4.274728920022416e-11,947.4609375,1.169273892956658e-11,1356.591796875,2.6869137267731616e-11,2347.119140625
2025.06.18_0.3_3,index=7.184190,36,36.0,1,184190.9699,184190.9699_src-index=7.184190_chunk-0036.npy,376320.1201,0.4894528888092794,welch_hann_2048_overlap_1024_fs_44100,digital_amplitude_squared_per_hz,4.7853932269882806e-11,947.4609375,1.0800255716810787e-11,1356.591796875,2.998846837260889e-11,2347.119140625
2025.06.18_0.3_3,index=7.184190,37,37.0,1,184190.9699,184190.9699_src-index=7.184190_chunk-0037.npy,376320.1201,0.4894528888092794,welch_hann_2048_overlap_1024_fs_44100,digital_amplitude_squared_per_hz,4.386431233939329e-11,947.4609375,8.625551952480474e-12,1356.591796875,2.725692761024928e-11,2347.119140625
2025.06.18_0.3_3,index=7.184190,38,38.0,1,184190.9699,184190.9699_src-index=7.184190_chunk-0038.npy,376320.1201,0.4894528888092794,welch_hann_2048_overlap_1024_fs_44100,digital_amplitude_squared_per_hz,4.596525275780171e-11,947.4609375,1.1154809483148281e-11,1356.591796875,2.8993131125606836e-11,2347.119140625
2025.06.18_0.3_3,index=7.184190,39,39.0,1,184190.9699,184190.9699_src-index=7.184190_chunk-0039.npy,376320.1201,0.4894528888092794,welch_hann_2048_overlap_1024_fs_44100,digital_amplitude_squared_per_hz,4.601703521805731e-11,947.4609375,1.1755219927735868e-11,1356.591796875,2.9367496675282244e-11,2347.119140625
2025.06.18_0.3_3,index=7.184190,40,40.0,1,184190.9699,184190.9699_src-index=7.184190_chunk-0040.npy,376320.1201,0.4894528888092794,welch_hann_2048_overlap_1024_fs_44100,digital_amplitude_squared_per_hz,4.1517668589127765e-11,947.4609375,1.1343141446448502e-11,1356.591796875,2.7284301304539134e-11,2347.119140625
2025.06.18_0.3_3,index=7.184190,41,41.0,1,184190.9699,184190.9699_src-index=7.184190_chunk-0041.npy,376320.1201,0.4894528888092794,welch_hann_2048_overlap_1024_fs_44100,digital_amplitude_squared_per_hz,4.006502687653009e-11,947.4609375,1.1507695711226647e-11,1356.591796875,2.6544454229193116e-11,2347.119140625
2025.06.18_0.3_3,index=7.184190,42,42.0,1,184190.9699,184190.9699_src-index=7.184190_chunk-0042.npy,376320.1201,0.4894528888092794,welch_hann_2048_overlap_1024_fs_44100,digital_amplitude_squared_per_hz,4.155464156220088e-11,947.4609375,1.0460781621026606e-11,1356.591796875,2.8774390265184513e-11,2347.119140625
2025.06.18_0.3_3,index=7.184190,43,43.0,1,184190.9699,184190.9699_src-index=7.184190_chunk-0043.npy,376320.1201,0.4894528888092794,welch_hann_2048_overlap_1024_fs_44100,digital_amplitude_squared_per_hz,4.731419395410187e-11,947.4609375,1.0957375445272807e-11,1356.591796875,3.139459521280275e-11,2347.119140625
2025.06.18_0.3_3,index=7.184190,44,44.0,1,184190.9699,184190.9699_src-index=7.184190_chunk-0044.npy,376320.1201,0.4894528888092794,welch_hann_2048_overlap_1024_fs_44100,digital_amplitude_squared_per_hz,4.5291874156744266e-11,947.4609375,1.1767514976615398e-11,1356.591796875,2.6085361598033483e-11,2347.119140625
2025.06.18_0.3_3,index=7.184190,45,45.0,1,184190.9699,184190.9699_src-index=7.184190_chunk-0045.npy,376320.1201,0.4894528888092794,welch_hann_2048_overlap_1024_fs_44100,digital_amplitude_squared_per_hz,4.050735952396325e-11,947.4609375,1.0064912920437774e-11,1356.591796875,2.108391355472959e-11,2347.119140625
2025.06.18_0.3_3,index=7.184190,46,46.0,1,184190.9699,184190.9699_src-index=7.184190_chunk-0046.npy,376320.1201,0.4894528888092794,welch_hann_2048_overlap_1024_fs_44100,digital_amplitude_squared_per_hz,3.929967663078358e-11,947.4609375,9.433478605127833e-12,1356.591796875,2.1109714730752283e-11,2347.119140625
2025.06.18_0.3_3,index=7.184190,47,47.0,1,184190.9699,184190.9699_src-index=7.184190_chunk-0047.npy,376320.1201,0.4894528888092794,welch_hann_2048_overlap_1024_fs_44100,digital_amplitude_squared_per_hz,4.459566405337616e-11,947.4609375,8.619301067752183e-12,1356.591796875,2.2141147386620706e-11,2347.119140625
2025.06.18_0.3_3,index=7.184190,48,48.0,1,184190.9699,184190.9699_src-index=7.184190_chunk-0048.npy,376320.1201,0.4894528888092794,welch_hann_2048_overlap_1024_fs_44100,digital_amplitude_squared_per_hz,4.2204657896981267e-11,947.4609375,6.749492038900603e-12,1356.591796875,1.9721665950465833e-11,2347.119140625
2025.06.18_0.3_3,index=7.184190,49,49.0,1,184190.9699,184190.9699_src-index=7.184190_chunk-0049.npy,376320.1201,0.4894528888092794,welch_hann_2048_overlap_1024_fs_44100,digital_amplitude_squared_per_hz,4.243758526175304e-11,947.4609375,9.285737442571093e-12,1356.591796875,2.222623982648094e-11,2347.119140625
2025.06.18_0.3_3,index=7.184190,50,50.0,1,184190.9699,184190.9699_src-index=7.184190_chunk-0050.npy,376320.1201,0.4894528888092794,welch_hann_2048_overlap_1024_fs_44100,digital_amplitude_squared_per_hz,4.072763479213575e-11,947.4609375,8.563555443911354e-12,1356.591796875,1.9197910631144883e-11,2347.119140625
2025.06.18_0.3_3,index=7.184190,51,51.0,1,184190.9699,184190.9699_src-index=7.184190_chunk-0051.npy,376320.1201,0.4894528888092794,welch_hann_2048_overlap_1024_fs_44100,digital_amplitude_squared_per_hz,4.224730861307645e-11,947.4609375,7.222590819712945e-12,1356.591796875,1.9248287766661977e-11,2347.119140625
2025.06.18_0.3_3,index=7.184190,52,52.0,1,184190.9699,184190.9699_src-index=7.184190_chunk-0052.npy,376320.1201,0.4894528888092794,welch_hann_2048_overlap_1024_fs_44100,digital_amplitude_squared_per_hz,4.590305042849183e-11,947.4609375,1.0045305786659173e-11,1356.591796875,2.2898224618069495e-11,2347.119140625
2025.06.18_0.3_3,index=7.184190,53,53.0,1,184190.9699,184190.9699_src-index=7.184190_chunk-0053.npy,376320.1201,0.4894528888092794,welch_hann_2048_overlap_1024_fs_44100,digital_amplitude_squared_per_hz,4.757086540926115e-11,947.4609375,8.180132634156979e-12,1356.591796875,2.1784850320488472e-11,2347.119140625
2025.06.18_0.3_3,index=7.184190,54,54.0,1,184190.9699,184190.9699_src-index=7.184190_chunk-0054.npy,376320.1201,0.4894528888092794,welch_hann_2048_overlap_1024_fs_44100,digital_amplitude_squared_per_hz,4.749941753981774e-11,947.4609375,8.46440645428814e-12,1356.591796875,2.3176631424782498e-11,2347.119140625
2025.06.18_0.3_3,index=7.184190,55,55.0,1,184190.9699,184190.9699_src-index=7.184190_chunk-0055.npy,376320.1201,0.4894528888092794,welch_hann_2048_overlap_1024_fs_44100,digital_amplitude_squared_per_hz,4.9895614270976935e-11,947.4609375,9.556691933281877e-12,1356.591796875,2.5425536565650225e-11,2347.119140625
2025.06.18_0.3_3,index=7.184190,56,56.0,1,184190.9699,184190.9699_src-index=7.184190_chunk-0056.npy,376320.1201,0.4894528888092794,welch_hann_2048_overlap_1024_fs_44100,digital_amplitude_squared_per_hz,4.957264720015967e-11,947.4609375,1.2799106370721149e-11,1356.591796875,2.3949566569357828e-11,2347.119140625
2025.06.18_0.3_3,index=7.184190,57,57.0,1,184190.9699,184190.9699_src-index=7.184190_chunk-0057.npy,376320.1201,0.4894528888092794,welch_hann_2048_overlap_1024_fs_44100,digital_amplitude_squared_per_hz,4.692862014624044e-11,947.4609375,9.560172556447007e-12,1356.591796875,2.2300174200449276e-11,2347.119140625
2025.06.18_0.3_3,index=7.184190,58,58.0,1,184190.9699,184190.9699_src-index=7.184190_chunk-0058.npy,376320.1201,0.4894528888092794,welch_hann_2048_overlap_1024_fs_44100,digital_amplitude_squared_per_hz,4.5851154224173904e-11,947.4609375,1.0320247510409147e-11,1356.591796875,2.1820954300211613e-11,2347.119140625
2025.06.18_0.3_3,index=7.184190,59,59.0,1,184190.9699,184190.9699_src-index=7.184190_chunk-0059.npy,376320.1201,0.4894528888092794,welch_hann_2048_overlap_1024_fs_44100,digital_amplitude_squared_per_hz,2.9673680346845184e-11,947.4609375,6.547032969091042e-12,1356.591796875,1.3878092346113418e-11,2347.119140625
2025.06.18_0.3_3,index=8.225704,0,0.0,1,225704.9618,225704.9618_src-index=8.225704_chunk-0000.npy,376320.1201,0.5997685208540621,welch_hann_2048_overlap_1024_fs_44100,digital_amplitude_squared_per_hz,1.9294122390947258e-11,947.4609375,3.819415262663381e-12,1356.591796875,9.389162271880403e-12,2347.119140625
2025.06.18_0.3_3,index=8.225704,1,1.0,1,225704.9618,225704.9618_src-index=8.225704_chunk-0001.npy,376320.1201,0.5997685208540621,welch_hann_2048_overlap_1024_fs_44100,digital_amplitude_squared_per_hz,1.7533051535525194e-11,947.4609375,3.735705226431101e-12,1356.591796875,9.35233670183495e-12,2347.119140625
2025.06.18_0.3_3,index=8.225704,2,2.0,1,225704.9618,225704.9618_src-index=8.225704_chunk-0002.npy,376320.1201,0.5997685208540621,welch_hann_2048_overlap_1024_fs_44100,digital_amplitude_squared_per_hz,1.880378468982685e-11,947.4609375,4.1990544124313195e-12,1356.591796875,8.762891713729202e-12,2347.119140625
2025.06.18_0.3_3,index=8.225704,3,3.0,1,225704.9618,225704.9618_src-index=8.225704_chunk-0003.npy,376320.1201,0.5997685208540621,welch_hann_2048_overlap_1024_fs_44100,digital_amplitude_squared_per_hz,1.777472766695647e-11,947.4609375,3.6290056479709805e-12,1356.591796875,8.993564790565208e-12,2347.119140625
2025.06.18_0.3_3,index=8.225704,4,4.0,1,225704.9618,225704.9618_src-index=8.225704_chunk-0004.npy,376320.1201,0.5997685208540621,welch_hann_2048_overlap_1024_fs_44100,digital_amplitude_squared_per_hz,1.75145846574448e-11,947.4609375,4.683788225456039e-12,1356.591796875,9.812308280960533e-12,2347.119140625
2025.06.18_0.3_3,index=8.225704,5,5.0,1,225704.9618,225704.9618_src-index=8.225704_chunk-0005.npy,376320.1201,0.5997685208540621,welch_hann_2048_overlap_1024_fs_44100,digital_amplitude_squared_per_hz,1.761359664149434e-11,947.4609375,4.710360483884076e-12,1356.591796875,9.7321214263735e-12,2347.119140625
2025.06.18_0.3_3,index=8.225704,6,6.0,1,225704.9618,225704.9618_src-index=8.225704_chunk-0006.npy,376320.1201,0.5997685208540621,welch_hann_2048_overlap_1024_fs_44100,digital_amplitude_squared_per_hz,1.7599880122372678e-11,947.4609375,3.8669475262284795e-12,1356.591796875,9.066206615175893e-12,2347.119140625
2025.06.18_0.3_3,index=8.225704,7,7.0,1,225704.9618,225704.9618_src-index=8.225704_chunk-0007.npy,376320.1201,0.5997685208540621,welch_hann_2048_overlap_1024_fs_44100,digital_amplitude_squared_per_hz,1.892503248232182e-11,947.4609375,4.896610838656577e-12,1356.591796875,1.033966204256914e-11,2347.119140625
2025.06.18_0.3_3,index=8.225704,8,8.0,1,225704.9618,225704.9618_src-index=8.225704_chunk-0008.npy,376320.1201,0.5997685208540621,welch_hann_2048_overlap_1024_fs_44100,digital_amplitude_squared_per_hz,1.971215860245101e-11,947.4609375,4.925416633084315e-12,1356.591796875,1.071020636472796e-11,2454.78515625
2025.06.18_0.3_3,index=8.225704,9,9.0,1,225704.9618,225704.9618_src-index=8.225704_chunk-0009.npy,376320.1201,0.5997685208540621,welch_hann_2048_overlap_1024_fs_44100,digital_amplitude_squared_per_hz,2.080694109106518e-11,947.4609375,4.373806846616408e-12,1356.591796875,9.159520680371379e-12,2454.78515625
2025.06.18_0.3_3,index=8.225704,10,10.0,1,225704.9618,225704.9618_src-index=8.225704_chunk-0010.npy,376320.1201,0.5997685208540621,welch_hann_2048_overlap_1024_fs_44100,digital_amplitude_squared_per_hz,2.228028830623358e-11,861.328125,5.073354542432528e-12,1356.591796875,1.0515001121369487e-11,2347.119140625
2025.06.18_0.3_3,index=8.225704,11,11.0,1,225704.9618,225704.9618_src-index=8.225704_chunk-0011.npy,376320.1201,0.5997685208540621,welch_hann_2048_overlap_1024_fs_44100,digital_amplitude_squared_per_hz,1.9143364683181904e-11,947.4609375,4.770264589208268e-12,1356.591796875,1.0142442454582675e-11,2347.119140625
2025.06.18_0.3_3,index=8.225704,12,12.0,1,225704.9618,225704.9618_src-index=8.225704_chunk-0012.npy,376320.1201,0.5997685208540621,welch_hann_2048_overlap_1024_fs_44100,digital_amplitude_squared_per_hz,1.966517303603209e-11,947.4609375,5.361500275933623e-12,1356.591796875,9.895832748370904e-12,2347.119140625
2025.06.18_0.3_3,index=8.225704,13,13.0,1,225704.9618,225704.9618_src-index=8.225704_chunk-0013.npy,376320.1201,0.5997685208540621,welch_hann_2048_overlap_1024_fs_44100,digital_amplitude_squared_per_hz,1.229362074608202e-09,1055.126953125,1.880030544654326e-09,1335.05859375,4.87641395437285e-09,2304.052734375
2025.06.18_0.3_3,index=8.225704,14,14.0,1,225704.9618,225704.9618_src-index=8.225704_chunk-0014.npy,376320.1201,0.5997685208540621,welch_hann_2048_overlap_1024_fs_44100,digital_amplitude_squared_per_hz,3.203512530083643e-11,861.328125,2.0059934742738316e-11,1356.591796875,9.836959844464935e-11,2304.052734375
2025.06.18_0.3_3,index=8.225704,15,15.0,1,225704.9618,225704.9618_src-index=8.225704_chunk-0015.npy,376320.1201,0.5997685208540621,welch_hann_2048_overlap_1024_fs_44100,digital_amplitude_squared_per_hz,1.967117198096411e-11,947.4609375,5.414683397426447e-12,1356.591796875,1.1100553344633353e-11,2347.119140625
2025.06.18_0.3_3,index=8.225704,16,16.0,1,225704.9618,225704.9618_src-index=8.225704_chunk-0016.npy,376320.1201,0.5997685208540621,welch_hann_2048_overlap_1024_fs_44100,digital_amplitude_squared_per_hz,2.0266521347967444e-11,947.4609375,5.066189205788044e-12,1356.591796875,1.0809726868956057e-11,2347.119140625
2025.06.18_0.3_3,index=8.225704,17,17.0,1,225704.9618,225704.9618_src-index=8.225704_chunk-0017.npy,376320.1201,0.5997685208540621,welch_hann_2048_overlap_1024_fs_44100,digital_amplitude_squared_per_hz,1.9159817766063506e-11,947.4609375,4.0277214793197086e-12,1356.591796875,1.0185510063616447e-11,2454.78515625
2025.06.18_0.3_3,index=8.225704,18,18.0,1,225704.9618,225704.9618_src-index=8.225704_chunk-0018.npy,376320.1201,0.5997685208540621,welch_hann_2048_overlap_1024_fs_44100,digital_amplitude_squared_per_hz,1.938257672162789e-11,947.4609375,4.396574033255405e-12,1356.591796875,9.987879068382767e-12,2454.78515625
2025.06.18_0.3_3,index=8.225704,19,19.0,1,225704.9618,225704.9618_src-index=8.225704_chunk-0019.npy,376320.1201,0.5997685208540621,welch_hann_2048_overlap_1024_fs_44100,digital_amplitude_squared_per_hz,2.031331462655928e-11,947.4609375,5.224175195061787e-12,1356.591796875,9.709238024899145e-12,2454.78515625
2025.06.18_0.3_3,index=8.225704,20,20.0,1,225704.9618,225704.9618_src-index=8.225704_chunk-0020.npy,376320.1201,0.5997685208540621,welch_hann_2048_overlap_1024_fs_44100,digital_amplitude_squared_per_hz,1.9298403711322616e-11,947.4609375,4.671691328843883e-12,1356.591796875,9.322861751414998e-12,2347.119140625
2025.06.18_0.3_3,index=8.225704,21,21.0,1,225704.9618,225704.9618_src-index=8.225704_chunk-0021.npy,376320.1201,0.5997685208540621,welch_hann_2048_overlap_1024_fs_44100,digital_amplitude_squared_per_hz,2.1195627045471147e-11,947.4609375,4.057310096316941e-12,1356.591796875,9.744578165786083e-12,2347.119140625
2025.06.18_0.3_3,index=8.225704,22,22.0,1,225704.9618,225704.9618_src-index=8.225704_chunk-0022.npy,376320.1201,0.5997685208540621,welch_hann_2048_overlap_1024_fs_44100,digital_amplitude_squared_per_hz,2.057143534721011e-11,947.4609375,3.693733797393459e-12,1399.658203125,9.800441911225225e-12,2347.119140625
2025.06.18_0.3_3,index=8.225704,23,23.0,1,225704.9618,225704.9618_src-index=8.225704_chunk-0023.npy,376320.1201,0.5997685208540621,welch_hann_2048_overlap_1024_fs_44100,digital_amplitude_squared_per_hz,2.0391677621439606e-11,947.4609375,3.882106244627239e-12,1356.591796875,1.07741880577713e-11,2454.78515625
2025.06.18_0.3_3,index=8.225704,24,24.0,1,225704.9618,225704.9618_src-index=8.225704_chunk-0024.npy,376320.1201,0.5997685208540621,welch_hann_2048_overlap_1024_fs_44100,digital_amplitude_squared_per_hz,1.9482272311803018e-11,947.4609375,3.698865988867976e-12,1399.658203125,9.561835680020962e-12,2454.78515625
2025.06.18_0.3_3,index=8.225704,25,25.0,1,225704.9618,225704.9618_src-index=8.225704_chunk-0025.npy,376320.1201,0.5997685208540621,welch_hann_2048_overlap_1024_fs_44100,digital_amplitude_squared_per_hz,1.9136216870328303e-11,947.4609375,4.239656233502601e-12,1356.591796875,9.894427091620713e-12,2454.78515625
2025.06.18_0.3_3,index=8.225704,26,26.0,1,225704.9618,225704.9618_src-index=8.225704_chunk-0026.npy,376320.1201,0.5997685208540621,welch_hann_2048_overlap_1024_fs_44100,digital_amplitude_squared_per_hz,1.9303439039551094e-11,947.4609375,3.8519716277035566e-12,1356.591796875,9.32604866359543e-12,2454.78515625
2025.06.18_0.3_3,index=8.225704,27,27.0,1,225704.9618,225704.9618_src-index=8.225704_chunk-0027.npy,376320.1201,0.5997685208540621,welch_hann_2048_overlap_1024_fs_44100,digital_amplitude_squared_per_hz,1.9182596178420698e-11,947.4609375,3.879895420381463e-12,1356.591796875,9.8279797561327e-12,2347.119140625
2025.06.18_0.3_3,index=8.225704,28,28.0,1,225704.9618,225704.9618_src-index=8.225704_chunk-0028.npy,376320.1201,0.5997685208540621,welch_hann_2048_overlap_1024_fs_44100,digital_amplitude_squared_per_hz,2.071847174220924e-11,947.4609375,4.333068251787184e-12,1356.591796875,9.550639749146874e-12,2454.78515625
2025.06.18_0.3_3,index=8.225704,29,29.0,1,225704.9618,225704.9618_src-index=8.225704_chunk-0029.npy,376320.1201,0.5997685208540621,welch_hann_2048_overlap_1024_fs_44100,digital_amplitude_squared_per_hz,1.9148801056776323e-11,947.4609375,4.450802025082565e-12,1356.591796875,9.450947645861313e-12,2454.78515625
2025.06.18_0.3_3,index=8.225704,30,30.0,1,225704.9618,225704.9618_src-index=8.225704_chunk-0030.npy,376320.1201,0.5997685208540621,welch_hann_2048_overlap_1024_fs_44100,digital_amplitude_squared_per_hz,1.9168909864951744e-11,947.4609375,4.099837103589379e-12,1356.591796875,1.023032719902067e-11,2454.78515625
2025.06.18_0.3_3,index=8.225704,31,31.0,1,225704.9618,225704.9618_src-index=8.225704_chunk-0031.npy,376320.1201,0.5997685208540621,welch_hann_2048_overlap_1024_fs_44100,digital_amplitude_squared_per_hz,1.8974896344572656e-11,947.4609375,4.1538250568834936e-12,1356.591796875,9.477028960748711e-12,2347.119140625
2025.06.18_0.3_3,index=8.225704,32,32.0,1,225704.9618,225704.9618_src-index=8.225704_chunk-0032.npy,376320.1201,0.5997685208540621,welch_hann_2048_overlap_1024_fs_44100,digital_amplitude_squared_per_hz,1.8345219697121415e-11,947.4609375,3.969330798073116e-12,1356.591796875,9.624074965103558e-12,2454.78515625
2025.06.18_0.3_3,index=8.225704,33,33.0,1,225704.9618,225704.9618_src-index=8.225704_chunk-0033.npy,376320.1201,0.5997685208540621,welch_hann_2048_overlap_1024_fs_44100,digital_amplitude_squared_per_hz,1.802606226099239e-11,947.4609375,4.044083071974188e-12,1356.591796875,8.879843808996004e-12,2347.119140625
2025.06.18_0.3_3,index=8.225704,34,34.0,1,225704.9618,225704.9618_src-index=8.225704_chunk-0034.npy,376320.1201,0.5997685208540621,welch_hann_2048_overlap_1024_fs_44100,digital_amplitude_squared_per_hz,1.7896396487085602e-11,947.4609375,4.653402149573659e-12,1356.591796875,9.610937127939634e-12,2347.119140625
2025.06.18_0.3_3,index=8.225704,35,35.0,1,225704.9618,225704.9618_src-index=8.225704_chunk-0035.npy,376320.1201,0.5997685208540621,welch_hann_2048_overlap_1024_fs_44100,digital_amplitude_squared_per_hz,1.8681675245739105e-11,947.4609375,3.840265429076456e-12,1399.658203125,9.396003469679904e-12,2347.119140625
2025.06.18_0.3_3,index=8.225704,36,36.0,1,225704.9618,225704.9618_src-index=8.225704_chunk-0036.npy,376320.1201,0.5997685208540621,welch_hann_2048_overlap_1024_fs_44100,digital_amplitude_squared_per_hz,1.8819485874846303e-11,947.4609375,5.515877374511005e-12,1356.591796875,1.1059950297846473e-11,2347.119140625
2025.06.18_0.3_3,index=8.225704,37,37.0,1,225704.9618,225704.9618_src-index=8.225704_chunk-0037.npy,376320.1201,0.5997685208540621,welch_hann_2048_overlap_1024_fs_44100,digital_amplitude_squared_per_hz,1.781027543192137e-11,947.4609375,5.416058824322387e-12,1356.591796875,1.1137089518269987e-11,2347.119140625
2025.06.18_0.3_3,index=8.225704,38,38.0,1,225704.9618,225704.9618_src-index=8.225704_chunk-0038.npy,376320.1201,0.5997685208540621,welch_hann_2048_overlap_1024_fs_44100,digital_amplitude_squared_per_hz,1.8297534232476696e-11,947.4609375,4.990299362893056e-12,1399.658203125,1.015756346843866e-11,2347.119140625
2025.06.18_0.3_3,index=8.225704,39,39.0,1,225704.9618,225704.9618_src-index=8.225704_chunk-0039.npy,376320.1201,0.5997685208540621,welch_hann_2048_overlap_1024_fs_44100,digital_amplitude_squared_per_hz,1.749235559800844e-11,947.4609375,4.331995160180116e-12,1356.591796875,1.0339453109885126e-11,2347.119140625
2025.06.18_0.3_3,index=8.225704,40,40.0,1,225704.9618,225704.9618_src-index=8.225704_chunk-0040.npy,376320.1201,0.5997685208540621,welch_hann_2048_overlap_1024_fs_44100,digital_amplitude_squared_per_hz,1.8435197759480596e-11,947.4609375,4.077669996239128e-12,1356.591796875,1.1768364248394174e-11,2347.119140625
2025.06.18_0.3_3,index=8.225704,41,41.0,1,225704.9618,225704.9618_src-index=8.225704_chunk-0041.npy,376320.1201,0.5997685208540621,welch_hann_2048_overlap_1024_fs_44100,digital_amplitude_squared_per_hz,1.761229017246481e-11,947.4609375,4.799215849064835e-12,1356.591796875,1.1169533953006688e-11,2347.119140625
2025.06.18_0.3_3,index=8.225704,42,42.0,1,225704.9618,225704.9618_src-index=8.225704_chunk-0042.npy,376320.1201,0.5997685208540621,welch_hann_2048_overlap_1024_fs_44100,digital_amplitude_squared_per_hz,1.7615615334431563e-11,947.4609375,4.4515982891919304e-12,1356.591796875,1.0532853968920512e-11,2347.119140625
2025.06.18_0.3_3,index=8.225704,43,43.0,1,225704.9618,225704.9618_src-index=8.225704_chunk-0043.npy,376320.1201,0.5997685208540621,welch_hann_2048_overlap_1024_fs_44100,digital_amplitude_squared_per_hz,1.7488858537284506e-11,947.4609375,4.207427605193126e-12,1399.658203125,9.670081322272811e-12,2454.78515625
2025.06.18_0.3_3,index=8.225704,44,44.0,1,225704.9618,225704.9618_src-index=8.225704_chunk-0044.npy,376320.1201,0.5997685208540621,welch_hann_2048_overlap_1024_fs_44100,digital_amplitude_squared_per_hz,1.7966744330810644e-11,947.4609375,4.3864665514201516e-12,1399.658203125,1.0143131846511647e-11,2347.119140625
2025.06.18_0.3_3,index=8.225704,45,45.0,1,225704.9618,225704.9618_src-index=8.225704_chunk-0045.npy,376320.1201,0.5997685208540621,welch_hann_2048_overlap_1024_fs_44100,digital_amplitude_squared_per_hz,1.7860020375997127e-11,947.4609375,1.1204648906441867e-11,1356.591796875,1.0126356805782557e-11,2454.78515625
2025.06.18_0.3_3,index=8.225704,46,46.0,1,225704.9618,225704.9618_src-index=8.225704_chunk-0046.npy,376320.1201,0.5997685208540621,welch_hann_2048_overlap_1024_fs_44100,digital_amplitude_squared_per_hz,1.7570042794914554e-11,947.4609375,5.0922119877213424e-12,1356.591796875,1.0162381688112239e-11,2454.78515625
2025.06.18_0.3_3,index=8.225704,47,47.0,1,225704.9618,225704.9618_src-index=8.225704_chunk-0047.npy,376320.1201,0.5997685208540621,welch_hann_2048_overlap_1024_fs_44100,digital_amplitude_squared_per_hz,1.9407646239744444e-11,947.4609375,4.878166122071065e-12,1356.591796875,1.0412726421728294e-11,2347.119140625
2025.06.18_0.3_3,index=8.225704,48,48.0,1,225704.9618,225704.9618_src-index=8.225704_chunk-0048.npy,376320.1201,0.5997685208540621,welch_hann_2048_overlap_1024_fs_44100,digital_amplitude_squared_per_hz,1.8651463053654756e-11,947.4609375,4.886835388463949e-12,1399.658203125,1.0751462304489126e-11,2347.119140625
2025.06.18_0.3_3,index=8.225704,49,49.0,1,225704.9618,225704.9618_src-index=8.225704_chunk-0049.npy,376320.1201,0.5997685208540621,welch_hann_2048_overlap_1024_fs_44100,digital_amplitude_squared_per_hz,1.938055749969756e-11,947.4609375,5.152494699662642e-12,1399.658203125,9.39764942758762e-12,2347.119140625
2025.06.18_0.3_3,index=8.225704,50,50.0,1,225704.9618,225704.9618_src-index=8.225704_chunk-0050.npy,376320.1201,0.5997685208540621,welch_hann_2048_overlap_1024_fs_44100,digital_amplitude_squared_per_hz,2.1764523355972228e-11,1055.126953125,2.1537613773727532e-11,1356.591796875,1.1418353732979587e-10,2304.052734375
2025.06.18_0.3_3,index=8.225704,51,51.0,1,225704.9618,225704.9618_src-index=8.225704_chunk-0051.npy,376320.1201,0.5997685208540621,welch_hann_2048_overlap_1024_fs_44100,digital_amplitude_squared_per_hz,2.371885074619144e-11,861.328125,5.013067438777245e-12,1399.658203125,1.0196287988450249e-11,2347.119140625
2025.06.18_0.3_3,index=8.225704,52,52.0,1,225704.9618,225704.9618_src-index=8.225704_chunk-0052.npy,376320.1201,0.5997685208540621,welch_hann_2048_overlap_1024_fs_44100,digital_amplitude_squared_per_hz,1.7432848529558635e-11,947.4609375,4.805726747820491e-12,1399.658203125,1.0876671657908104e-11,2454.78515625
2025.06.18_0.3_3,index=8.225704,53,53.0,1,225704.9618,225704.9618_src-index=8.225704_chunk-0053.npy,376320.1201,0.5997685208540621,welch_hann_2048_overlap_1024_fs_44100,digital_amplitude_squared_per_hz,1.81261171990153e-11,947.4609375,4.142704859839175e-12,1399.658203125,1.0430848117303565e-11,2454.78515625
2025.06.18_0.3_3,index=8.225704,54,54.0,1,225704.9618,225704.9618_src-index=8.225704_chunk-0054.npy,376320.1201,0.5997685208540621,welch_hann_2048_overlap_1024_fs_44100,digital_amplitude_squared_per_hz,1.7286116176364173e-11,947.4609375,6.5950869242143385e-12,1356.591796875,1.6468325418966788e-11,2304.052734375
2025.06.18_0.3_3,index=8.225704,55,55.0,1,225704.9618,225704.9618_src-index=8.225704_chunk-0055.npy,376320.1201,0.5997685208540621,welch_hann_2048_overlap_1024_fs_44100,digital_amplitude_squared_per_hz,1.734055522258388e-11,947.4609375,4.730201154418798e-12,1399.658203125,1.0389600139190442e-11,2347.119140625
2025.06.18_0.3_3,index=8.225704,56,56.0,1,225704.9618,225704.9618_src-index=8.225704_chunk-0056.npy,376320.1201,0.5997685208540621,welch_hann_2048_overlap_1024_fs_44100,digital_amplitude_squared_per_hz,1.776535623173565e-11,947.4609375,4.6493350046992215e-12,1399.658203125,9.96561821496499e-12,2454.78515625
2025.06.18_0.3_3,index=8.225704,57,57.0,1,225704.9618,225704.9618_src-index=8.225704_chunk-0057.npy,376320.1201,0.5997685208540621,welch_hann_2048_overlap_1024_fs_44100,digital_amplitude_squared_per_hz,1.8578150856853036e-11,947.4609375,4.543111481249071e-12,1356.591796875,9.493553117507858e-12,2347.119140625
2025.06.18_0.3_3,index=8.225704,58,58.0,1,225704.9618,225704.9618_src-index=8.225704_chunk-0058.npy,376320.1201,0.5997685208540621,welch_hann_2048_overlap_1024_fs_44100,digital_amplitude_squared_per_hz,1.770518627368345e-11,947.4609375,4.713870514057181e-12,1399.658203125,9.884737006419784e-12,2347.119140625
2025.06.18_0.3_3,index=8.225704,59,59.0,1,225704.9618,225704.9618_src-index=8.225704_chunk-0059.npy,376320.1201,0.5997685208540621,welch_hann_2048_overlap_1024_fs_44100,digital_amplitude_squared_per_hz,1.7455316568618607e-11,947.4609375,4.352501218807521e-12,1399.658203125,1.05616029536897e-11,2347.119140625
2025.06.18_0.3_3,index=9.271677,0,0.0,1,271677.6816,271677.6816_src-index=9.271677_chunk-0000.npy,376320.1201,0.7219323843960477,welch_hann_2048_overlap_1024_fs_44100,digital_amplitude_squared_per_hz,4.08838591246074e-11,861.328125,1.2701620671048487e-11,1399.658203125,3.055639007407473e-11,2304.052734375
2025.06.18_0.3_3,index=9.271677,1,1.0,1,271677.6816,271677.6816_src-index=9.271677_chunk-0001.npy,376320.1201,0.7219323843960477,welch_hann_2048_overlap_1024_fs_44100,digital_amplitude_squared_per_hz,2.0168119841542167e-11,947.4609375,4.9512519266315364e-12,1356.591796875,1.0385728942762624e-11,2347.119140625
2025.06.18_0.3_3,index=9.271677,2,2.0,1,271677.6816,271677.6816_src-index=9.271677_chunk-0002.npy,376320.1201,0.7219323843960477,welch_hann_2048_overlap_1024_fs_44100,digital_amplitude_squared_per_hz,1.8725520656810534e-11,947.4609375,4.538092346737694e-12,1356.591796875,1.0297577953114232e-11,2347.119140625
2025.06.18_0.3_3,index=9.271677,3,3.0,1,271677.6816,271677.6816_src-index=9.271677_chunk-0003.npy,376320.1201,0.7219323843960477,welch_hann_2048_overlap_1024_fs_44100,digital_amplitude_squared_per_hz,1.8077029839136317e-11,947.4609375,7.608926533769355e-12,1356.591796875,1.7156858685434117e-11,2347.119140625
2025.06.18_0.3_3,index=9.271677,4,4.0,1,271677.6816,271677.6816_src-index=9.271677_chunk-0004.npy,376320.1201,0.7219323843960477,welch_hann_2048_overlap_1024_fs_44100,digital_amplitude_squared_per_hz,1.6287173387877448e-11,947.4609375,9.647702943260765e-12,1399.658203125,1.5577548386720894e-11,2304.052734375
2025.06.18_0.3_3,index=9.271677,5,5.0,1,271677.6816,271677.6816_src-index=9.271677_chunk-0005.npy,376320.1201,0.7219323843960477,welch_hann_2048_overlap_1024_fs_44100,digital_amplitude_squared_per_hz,2.3935231594250245e-11,861.328125,2.875501617076685e-11,1356.591796875,1.3443899879262272e-10,2304.052734375
2025.06.18_0.3_3,index=9.271677,6,6.0,1,271677.6816,271677.6816_src-index=9.271677_chunk-0006.npy,376320.1201,0.7219323843960477,welch_hann_2048_overlap_1024_fs_44100,digital_amplitude_squared_per_hz,1.6826652841655005e-11,947.4609375,7.500711265097454e-12,1356.591796875,4.082507853586216e-11,2304.052734375
2025.06.18_0.3_3,index=9.271677,7,7.0,1,271677.6816,271677.6816_src-index=9.271677_chunk-0007.npy,376320.1201,0.7219323843960477,welch_hann_2048_overlap_1024_fs_44100,digital_amplitude_squared_per_hz,1.8341081342069083e-11,947.4609375,8.2624146190528e-12,1399.658203125,1.4813248168937293e-11,2304.052734375
2025.06.18_0.3_3,index=9.271677,8,8.0,1,271677.6816,271677.6816_src-index=9.271677_chunk-0008.npy,376320.1201,0.7219323843960477,welch_hann_2048_overlap_1024_fs_44100,digital_amplitude_squared_per_hz,1.742094327713105e-11,947.4609375,6.6547217124608696e-12,1399.658203125,1.3440494616672537e-11,2304.052734375
2025.06.18_0.3_3,index=9.271677,9,9.0,1,271677.6816,271677.6816_src-index=9.271677_chunk-0009.npy,376320.1201,0.7219323843960477,welch_hann_2048_overlap_1024_fs_44100,digital_amplitude_squared_per_hz,2.2554946958252497e-11,861.328125,2.121369113705249e-11,1356.591796875,1.9021358764493302e-10,2325.5859375
2025.06.18_0.3_3,index=9.271677,10,10.0,1,271677.6816,271677.6816_src-index=9.271677_chunk-0010.npy,376320.1201,0.7219323843960477,welch_hann_2048_overlap_1024_fs_44100,digital_amplitude_squared_per_hz,1.77851217854388e-11,947.4609375,5.436842175289375e-12,1399.658203125,2.0518557421989755e-11,2304.052734375
2025.06.18_0.3_3,index=9.271677,11,11.0,1,271677.6816,271677.6816_src-index=9.271677_chunk-0011.npy,376320.1201,0.7219323843960477,welch_hann_2048_overlap_1024_fs_44100,digital_amplitude_squared_per_hz,2.9488207217652837e-09,1033.59375,9.028111469752026e-09,1356.591796875,1.4685832362019628e-08,2304.052734375
2025.06.18_0.3_3,index=9.271677,12,12.0,1,271677.6816,271677.6816_src-index=9.271677_chunk-0012.npy,376320.1201,0.7219323843960477,welch_hann_2048_overlap_1024_fs_44100,digital_amplitude_squared_per_hz,3.616848448613019e-11,861.328125,1.7701176891833684e-11,1399.658203125,3.6986751332029165e-11,2304.052734375
2025.06.18_0.3_3,index=9.271677,13,13.0,1,271677.6816,271677.6816_src-index=9.271677_chunk-0013.npy,376320.1201,0.7219323843960477,welch_hann_2048_overlap_1024_fs_44100,digital_amplitude_squared_per_hz,3.060236198381925e-11,861.328125,9.323692851386052e-12,1356.591796875,3.494346600011604e-11,2304.052734375
2025.06.18_0.3_3,index=9.271677,14,14.0,1,271677.6816,271677.6816_src-index=9.271677_chunk-0014.npy,376320.1201,0.7219323843960477,welch_hann_2048_overlap_1024_fs_44100,digital_amplitude_squared_per_hz,6.571767632065704e-11,861.328125,1.290287698184551e-10,1356.591796875,9.0058600497063e-10,2304.052734375
2025.06.18_0.3_3,index=9.271677,15,15.0,1,271677.6816,271677.6816_src-index=9.271677_chunk-0015.npy,376320.1201,0.7219323843960477,welch_hann_2048_overlap_1024_fs_44100,digital_amplitude_squared_per_hz,6.934387891983856e-11,1055.126953125,4.380541070580501e-11,1356.591796875,6.821423840641916e-10,2282.51953125
2025.06.18_0.3_3,index=9.271677,16,16.0,1,271677.6816,271677.6816_src-index=9.271677_chunk-0016.npy,376320.1201,0.7219323843960477,welch_hann_2048_overlap_1024_fs_44100,digital_amplitude_squared_per_hz,2.8621118583819125e-09,1076.66015625,3.0585228228882137e-09,1313.525390625,1.6253523245027e-08,2304.052734375
2025.06.18_0.3_3,index=9.271677,17,17.0,1,271677.6816,271677.6816_src-index=9.271677_chunk-0017.npy,376320.1201,0.7219323843960477,welch_hann_2048_overlap_1024_fs_44100,digital_amplitude_squared_per_hz,5.598075291792189e-11,861.328125,8.134940293006742e-11,1356.591796875,4.931961998802922e-10,2304.052734375
2025.06.18_0.3_3,index=9.271677,18,18.0,1,271677.6816,271677.6816_src-index=9.271677_chunk-0018.npy,376320.1201,0.7219323843960477,welch_hann_2048_overlap_1024_fs_44100,digital_amplitude_squared_per_hz,1.5713834770076764e-11,947.4609375,4.531584285680745e-12,1356.591796875,1.9179137328335458e-11,2304.052734375
2025.06.18_0.3_3,index=9.271677,19,19.0,1,271677.6816,271677.6816_src-index=9.271677_chunk-0019.npy,376320.1201,0.7219323843960477,welch_hann_2048_overlap_1024_fs_44100,digital_amplitude_squared_per_hz,1.8907432659403207e-11,947.4609375,4.670091536044701e-12,1356.591796875,1.1817294817162196e-11,2304.052734375
2025.06.18_0.3_3,index=9.271677,20,20.0,1,271677.6816,271677.6816_src-index=9.271677_chunk-0020.npy,376320.1201,0.7219323843960477,welch_hann_2048_overlap_1024_fs_44100,digital_amplitude_squared_per_hz,2.0352429101419916e-11,947.4609375,2.583155698107748e-11,1335.05859375,2.448557152386925e-10,2325.5859375
2025.06.18_0.3_3,index=9.271677,21,21.0,1,271677.6816,271677.6816_src-index=9.271677_chunk-0021.npy,376320.1201,0.7219323843960477,welch_hann_2048_overlap_1024_fs_44100,digital_amplitude_squared_per_hz,1.7795065786393872e-11,947.4609375,5.864345289155233e-12,1356.591796875,3.5073581729925e-11,2304.052734375
2025.06.18_0.3_3,index=9.271677,22,22.0,1,271677.6816,271677.6816_src-index=9.271677_chunk-0022.npy,376320.1201,0.7219323843960477,welch_hann_2048_overlap_1024_fs_44100,digital_amplitude_squared_per_hz,1.7968377429890437e-11,947.4609375,3.155185471440569e-12,1356.591796875,1.384886858227352e-11,2347.119140625
2025.06.18_0.3_3,index=9.271677,23,23.0,1,271677.6816,271677.6816_src-index=9.271677_chunk-0023.npy,376320.1201,0.7219323843960477,welch_hann_2048_overlap_1024_fs_44100,digital_amplitude_squared_per_hz,1.7525242737297157e-11,947.4609375,4.964085557778957e-12,1399.658203125,1.2425188009557778e-11,2304.052734375
2025.06.18_0.3_3,index=9.271677,24,24.0,1,271677.6816,271677.6816_src-index=9.271677_chunk-0024.npy,376320.1201,0.7219323843960477,welch_hann_2048_overlap_1024_fs_44100,digital_amplitude_squared_per_hz,1.8186536804936787e-11,947.4609375,5.019075381295923e-12,1356.591796875,1.0975512093131068e-11,2454.78515625
2025.06.18_0.3_3,index=9.271677,25,25.0,1,271677.6816,271677.6816_src-index=9.271677_chunk-0025.npy,376320.1201,0.7219323843960477,welch_hann_2048_overlap_1024_fs_44100,digital_amplitude_squared_per_hz,1.867597485428597e-11,947.4609375,4.373721968763311e-12,1356.591796875,1.115426910037599e-11,2347.119140625
2025.06.18_0.3_3,index=9.271677,26,26.0,1,271677.6816,271677.6816_src-index=9.271677_chunk-0026.npy,376320.1201,0.7219323843960477,welch_hann_2048_overlap_1024_fs_44100,digital_amplitude_squared_per_hz,2.0325084626288164e-11,947.4609375,3.7858548917785255e-12,1356.591796875,1.0965437963011348e-11,2454.78515625
2025.06.18_0.3_3,index=9.271677,27,27.0,1,271677.6816,271677.6816_src-index=9.271677_chunk-0027.npy,376320.1201,0.7219323843960477,welch_hann_2048_overlap_1024_fs_44100,digital_amplitude_squared_per_hz,1.9379120742670608e-11,947.4609375,3.966754407896286e-12,1356.591796875,9.76216904723248e-12,2454.78515625
2025.06.18_0.3_3,index=9.271677,28,28.0,1,271677.6816,271677.6816_src-index=9.271677_chunk-0028.npy,376320.1201,0.7219323843960477,welch_hann_2048_overlap_1024_fs_44100,digital_amplitude_squared_per_hz,1.9877985224784186e-11,947.4609375,4.533284106985603e-12,1356.591796875,1.0541243090068692e-11,2347.119140625
2025.06.18_0.3_3,index=9.271677,29,29.0,1,271677.6816,271677.6816_src-index=9.271677_chunk-0029.npy,376320.1201,0.7219323843960477,welch_hann_2048_overlap_1024_fs_44100,digital_amplitude_squared_per_hz,1.906527282819024e-11,947.4609375,3.6080481489884113e-12,1356.591796875,9.175610589115488e-12,2454.78515625
2025.06.18_0.3_3,index=9.271677,30,30.0,1,271677.6816,271677.6816_src-index=9.271677_chunk-0030.npy,376320.1201,0.7219323843960477,welch_hann_2048_overlap_1024_fs_44100,digital_amplitude_squared_per_hz,1.9294125474737157e-11,947.4609375,3.512207389097582e-12,1356.591796875,1.0017219864205104e-11,2347.119140625
2025.06.18_0.3_3,index=9.271677,31,31.0,1,271677.6816,271677.6816_src-index=9.271677_chunk-0031.npy,376320.1201,0.7219323843960477,welch_hann_2048_overlap_1024_fs_44100,digital_amplitude_squared_per_hz,2.0696199139029832e-11,947.4609375,4.501428546409959e-12,1356.591796875,1.0021308510764535e-11,2347.119140625
2025.06.18_0.3_3,index=9.271677,32,32.0,1,271677.6816,271677.6816_src-index=9.271677_chunk-0032.npy,376320.1201,0.7219323843960477,welch_hann_2048_overlap_1024_fs_44100,digital_amplitude_squared_per_hz,1.876069572027481e-11,947.4609375,4.229916738278425e-12,1356.591796875,9.781739457039512e-12,2347.119140625
2025.06.18_0.3_3,index=9.271677,33,33.0,1,271677.6816,271677.6816_src-index=9.271677_chunk-0033.npy,376320.1201,0.7219323843960477,welch_hann_2048_overlap_1024_fs_44100,digital_amplitude_squared_per_hz,1.837637759545542e-11,947.4609375,3.230494362110977e-12,1356.591796875,1.0367294744898559e-11,2347.119140625
2025.06.18_0.3_3,index=9.271677,34,34.0,1,271677.6816,271677.6816_src-index=9.271677_chunk-0034.npy,376320.1201,0.7219323843960477,welch_hann_2048_overlap_1024_fs_44100,digital_amplitude_squared_per_hz,1.8828196265714892e-11,947.4609375,3.872412546344241e-12,1356.591796875,1.042960936831712e-11,2454.78515625
2025.06.18_0.3_3,index=9.271677,35,35.0,1,271677.6816,271677.6816_src-index=9.271677_chunk-0035.npy,376320.1201,0.7219323843960477,welch_hann_2048_overlap_1024_fs_44100,digital_amplitude_squared_per_hz,2.7037074683822094e-11,947.4609375,4.243180726678816e-11,1335.05859375,3.252967098333107e-10,2304.052734375
2025.06.18_0.3_3,index=9.271677,36,36.0,1,271677.6816,271677.6816_src-index=9.271677_chunk-0036.npy,376320.1201,0.7219323843960477,welch_hann_2048_overlap_1024_fs_44100,digital_amplitude_squared_per_hz,1.9673289375727213e-11,947.4609375,5.232583843332801e-12,1356.591796875,1.09076273630378e-11,2347.119140625
2025.06.18_0.3_3,index=9.271677,37,37.0,1,271677.6816,271677.6816_src-index=9.271677_chunk-0037.npy,376320.1201,0.7219323843960477,welch_hann_2048_overlap_1024_fs_44100,digital_amplitude_squared_per_hz,1.8122681311407507e-11,947.4609375,8.715710131392343e-12,1335.05859375,1.0234509866596296e-10,2282.51953125
2025.06.18_0.3_3,index=9.271677,38,38.0,1,271677.6816,271677.6816_src-index=9.271677_chunk-0038.npy,376320.1201,0.7219323843960477,welch_hann_2048_overlap_1024_fs_44100,digital_amplitude_squared_per_hz,3.776994754503509e-11,861.328125,1.1249653909105923e-11,1356.591796875,6.337104017916646e-11,2304.052734375
2025.06.18_0.3_3,index=9.271677,39,39.0,1,271677.6816,271677.6816_src-index=9.271677_chunk-0039.npy,376320.1201,0.7219323843960477,welch_hann_2048_overlap_1024_fs_44100,digital_amplitude_squared_per_hz,2.2448349731699844e-10,861.328125,3.4875019145172455e-10,1335.05859375,1.0954490139210858e-09,2304.052734375
2025.06.18_0.3_3,index=9.271677,40,40.0,1,271677.6816,271677.6816_src-index=9.271677_chunk-0040.npy,376320.1201,0.7219323843960477,welch_hann_2048_overlap_1024_fs_44100,digital_amplitude_squared_per_hz,1.0301671922503739e-09,1055.126953125,1.6338191748678684e-09,1335.05859375,6.2584588857142496e-09,2304.052734375
2025.06.18_0.3_3,index=9.271677,41,41.0,1,271677.6816,271677.6816_src-index=9.271677_chunk-0041.npy,376320.1201,0.7219323843960477,welch_hann_2048_overlap_1024_fs_44100,digital_amplitude_squared_per_hz,2.9595130683432875e-11,861.328125,1.925547832205961e-11,1335.05859375,6.975471067419761e-11,2304.052734375
2025.06.18_0.3_3,index=9.271677,42,42.0,1,271677.6816,271677.6816_src-index=9.271677_chunk-0042.npy,376320.1201,0.7219323843960477,welch_hann_2048_overlap_1024_fs_44100,digital_amplitude_squared_per_hz,1.8988683285508694e-11,947.4609375,6.12919806450053e-12,1356.591796875,9.379530426191573e-12,2454.78515625
2025.06.18_0.3_3,index=9.271677,43,43.0,1,271677.6816,271677.6816_src-index=9.271677_chunk-0043.npy,376320.1201,0.7219323843960477,welch_hann_2048_overlap_1024_fs_44100,digital_amplitude_squared_per_hz,1.9577427253565163e-11,947.4609375,4.806323610579705e-12,1356.591796875,8.663396270266287e-11,2304.052734375
2025.06.18_0.3_3,index=9.271677,44,44.0,1,271677.6816,271677.6816_src-index=9.271677_chunk-0044.npy,376320.1201,0.7219323843960477,welch_hann_2048_overlap_1024_fs_44100,digital_amplitude_squared_per_hz,1.9882912963997886e-11,861.328125,6.018610474290352e-12,1356.591796875,4.246000038439233e-11,2325.5859375
2025.06.18_0.3_3,index=9.271677,45,45.0,1,271677.6816,271677.6816_src-index=9.271677_chunk-0045.npy,376320.1201,0.7219323843960477,welch_hann_2048_overlap_1024_fs_44100,digital_amplitude_squared_per_hz,7.558342944247575e-10,1076.66015625,1.074646301868836e-09,1335.05859375,3.5498148004833167e-09,2282.51953125
2025.06.18_0.3_3,index=9.271677,46,46.0,1,271677.6816,271677.6816_src-index=9.271677_chunk-0046.npy,376320.1201,0.7219323843960477,welch_hann_2048_overlap_1024_fs_44100,digital_amplitude_squared_per_hz,1.7697237049098858e-11,947.4609375,1.433232164240337e-11,1335.05859375,1.6067347485159555e-11,2347.119140625
2025.06.18_0.3_3,index=9.271677,47,47.0,1,271677.6816,271677.6816_src-index=9.271677_chunk-0047.npy,376320.1201,0.7219323843960477,welch_hann_2048_overlap_1024_fs_44100,digital_amplitude_squared_per_hz,4.210949114712039e-11,1055.126953125,1.4900833101946945e-11,1356.591796875,7.917510105898041e-11,2304.052734375
2025.06.18_0.3_3,index=9.271677,48,48.0,1,271677.6816,271677.6816_src-index=9.271677_chunk-0048.npy,376320.1201,0.7219323843960477,welch_hann_2048_overlap_1024_fs_44100,digital_amplitude_squared_per_hz,2.1616431952151434e-11,861.328125,3.620537226328914e-12,1356.591796875,2.268057207222874e-11,2282.51953125
2025.06.18_0.3_3,index=9.271677,49,49.0,1,271677.6816,271677.6816_src-index=9.271677_chunk-0049.npy,376320.1201,0.7219323843960477,welch_hann_2048_overlap_1024_fs_44100,digital_amplitude_squared_per_hz,2.1181637110852987e-11,947.4609375,4.629205134103571e-12,1356.591796875,1.0093937540333838e-11,2347.119140625
2025.06.18_0.3_3,index=9.271677,50,50.0,1,271677.6816,271677.6816_src-index=9.271677_chunk-0050.npy,376320.1201,0.7219323843960477,welch_hann_2048_overlap_1024_fs_44100,digital_amplitude_squared_per_hz,1.8909654955250964e-11,947.4609375,4.311919915275754e-12,1356.591796875,9.75273870802133e-12,2454.78515625
2025.06.18_0.3_3,index=9.271677,51,51.0,1,271677.6816,271677.6816_src-index=9.271677_chunk-0051.npy,376320.1201,0.7219323843960477,welch_hann_2048_overlap_1024_fs_44100,digital_amplitude_squared_per_hz,1.9957660091889628e-11,947.4609375,4.649509740543662e-12,1356.591796875,1.0296521980007214e-11,2347.119140625
2025.06.18_0.3_3,index=9.271677,52,52.0,1,271677.6816,271677.6816_src-index=9.271677_chunk-0052.npy,376320.1201,0.7219323843960477,welch_hann_2048_overlap_1024_fs_44100,digital_amplitude_squared_per_hz,2.0026922346162444e-11,947.4609375,3.5309154918341415e-12,1356.591796875,9.328587365670703e-12,2454.78515625
2025.06.18_0.3_3,index=9.271677,53,53.0,1,271677.6816,271677.6816_src-index=9.271677_chunk-0053.npy,376320.1201,0.7219323843960477,welch_hann_2048_overlap_1024_fs_44100,digital_amplitude_squared_per_hz,1.805897118721693e-11,947.4609375,4.013592856048792e-12,1356.591796875,8.814425781249945e-12,2347.119140625
2025.06.18_0.3_3,index=9.271677,54,54.0,1,271677.6816,271677.6816_src-index=9.271677_chunk-0054.npy,376320.1201,0.7219323843960477,welch_hann_2048_overlap_1024_fs_44100,digital_amplitude_squared_per_hz,1.8676916218660097e-11,947.4609375,3.62990566564889e-12,1399.658203125,1.4967323599563795e-11,2304.052734375
2025.06.18_0.3_3,index=9.271677,55,55.0,1,271677.6816,271677.6816_src-index=9.271677_chunk-0055.npy,376320.1201,0.7219323843960477,welch_hann_2048_overlap_1024_fs_44100,digital_amplitude_squared_per_hz,1.952325236947167e-11,947.4609375,4.533920514393785e-12,1356.591796875,8.544766471896559e-12,2454.78515625
2025.06.18_0.3_3,index=9.271677,56,56.0,1,271677.6816,271677.6816_src-index=9.271677_chunk-0056.npy,376320.1201,0.7219323843960477,welch_hann_2048_overlap_1024_fs_44100,digital_amplitude_squared_per_hz,1.8241570343077607e-11,947.4609375,4.06857465171165e-12,1356.591796875,8.209181705665867e-12,2347.119140625
2025.06.18_0.3_3,index=9.271677,57,57.0,1,271677.6816,271677.6816_src-index=9.271677_chunk-0057.npy,376320.1201,0.7219323843960477,welch_hann_2048_overlap_1024_fs_44100,digital_amplitude_squared_per_hz,1.7330721663342337e-11,947.4609375,3.773787831837575e-12,1356.591796875,9.5279637194415e-12,2347.119140625
2025.06.18_0.3_3,index=9.271677,58,58.0,1,271677.6816,271677.6816_src-index=9.271677_chunk-0058.npy,376320.1201,0.7219323843960477,welch_hann_2048_overlap_1024_fs_44100,digital_amplitude_squared_per_hz,1.881994300207504e-11,861.328125,4.0635920239466525e-12,1356.591796875,8.74054227946847e-12,2347.119140625
2025.06.18_0.3_3,index=9.271677,59,59.0,1,271677.6816,271677.6816_src-index=9.271677_chunk-0059.npy,376320.1201,0.7219323843960477,welch_hann_2048_overlap_1024_fs_44100,digital_amplitude_squared_per_hz,1.626804936141241e-11,947.4609375,3.3858140009749426e-12,1356.591796875,9.670113342701654e-12,2454.78515625
2025.07.09_0.3_1,index=1.0,0,0.0,1,6.98060403920294e-05,6.98060403920294e-05_src-index=1.0_chunk-0000.npy,442169.29243200656,1.5787175090356064e-10,welch_hann_2048_overlap_1024_fs_44100,digital_amplitude_squared_per_hz,9.786777471537336e-11,947.4609375,3.164327805479707e-11,1356.591796875,3.536821198885775e-11,2153.3203125
2025.07.09_0.3_1,index=1.0,1,1.0,1,6.98060403920294e-05,6.98060403920294e-05_src-index=1.0_chunk-0001.npy,442169.29243200656,1.5787175090356064e-10,welch_hann_2048_overlap_1024_fs_44100,digital_amplitude_squared_per_hz,1.1299554574311222e-10,947.4609375,3.4289111394158576e-11,1356.591796875,3.8552765157380125e-11,2153.3203125
2025.07.09_0.3_1,index=1.0,2,2.0,1,6.98060403920294e-05,6.98060403920294e-05_src-index=1.0_chunk-0002.npy,442169.29243200656,1.5787175090356064e-10,welch_hann_2048_overlap_1024_fs_44100,digital_amplitude_squared_per_hz,8.555295853591865e-11,947.4609375,2.868108132513178e-11,1356.591796875,3.5401794663937246e-11,2153.3203125
2025.07.09_0.3_1,index=1.0,3,3.0,1,6.98060403920294e-05,6.98060403920294e-05_src-index=1.0_chunk-0003.npy,442169.29243200656,1.5787175090356064e-10,welch_hann_2048_overlap_1024_fs_44100,digital_amplitude_squared_per_hz,8.639966140965056e-11,947.4609375,2.8435386945610158e-11,1270.458984375,4.22276149666398e-11,2153.3203125
2025.07.09_0.3_1,index=1.0,4,4.0,1,6.98060403920294e-05,6.98060403920294e-05_src-index=1.0_chunk-0004.npy,442169.29243200656,1.5787175090356064e-10,welch_hann_2048_overlap_1024_fs_44100,digital_amplitude_squared_per_hz,1.0531333000143846e-10,947.4609375,3.1593929883016594e-11,1356.591796875,3.919595415313085e-11,2153.3203125
2025.07.09_0.3_1,index=1.0,5,5.0,1,6.98060403920294e-05,6.98060403920294e-05_src-index=1.0_chunk-0005.npy,442169.29243200656,1.5787175090356064e-10,welch_hann_2048_overlap_1024_fs_44100,digital_amplitude_squared_per_hz,1.030329377226601e-10,947.4609375,2.975079319526822e-11,1356.591796875,3.756837673388597e-11,2153.3203125
2025.07.09_0.3_1,index=1.0,6,6.0,1,6.98060403920294e-05,6.98060403920294e-05_src-index=1.0_chunk-0006.npy,442169.29243200656,1.5787175090356064e-10,welch_hann_2048_overlap_1024_fs_44100,digital_amplitude_squared_per_hz,1.086929288783121e-10,947.4609375,3.415658937090946e-11,1356.591796875,3.649143038348865e-11,2153.3203125
2025.07.09_0.3_1,index=1.0,7,7.0,1,6.98060403920294e-05,6.98060403920294e-05_src-index=1.0_chunk-0007.npy,442169.29243200656,1.5787175090356064e-10,welch_hann_2048_overlap_1024_fs_44100,digital_amplitude_squared_per_hz,1.1627523015509706e-10,947.4609375,3.378281241724317e-11,1356.591796875,2.997613104310563e-11,2153.3203125
2025.07.09_0.3_1,index=1.0,8,8.0,1,6.98060403920294e-05,6.98060403920294e-05_src-index=1.0_chunk-0008.npy,442169.29243200656,1.5787175090356064e-10,welch_hann_2048_overlap_1024_fs_44100,digital_amplitude_squared_per_hz,1.3125575279501424e-10,947.4609375,3.3610669603499995e-11,1356.591796875,3.898074382135868e-11,2153.3203125
2025.07.09_0.3_1,index=1.0,9,9.0,1,6.98060403920294e-05,6.98060403920294e-05_src-index=1.0_chunk-0009.npy,442169.29243200656,1.5787175090356064e-10,welch_hann_2048_overlap_1024_fs_44100,digital_amplitude_squared_per_hz,1.0620737535323959e-10,947.4609375,3.217602927581393e-11,1270.458984375,3.383011550152472e-11,2153.3203125
2025.07.09_0.3_1,index=1.0,10,10.0,1,6.98060403920294e-05,6.98060403920294e-05_src-index=1.0_chunk-0010.npy,442169.29243200656,1.5787175090356064e-10,welch_hann_2048_overlap_1024_fs_44100,digital_amplitude_squared_per_hz,1.2840999375380175e-10,947.4609375,3.738494760153774e-11,1356.591796875,4.1221269960141653e-11,2153.3203125
2025.07.09_0.3_1,index=1.0,11,11.0,1,6.98060403920294e-05,6.98060403920294e-05_src-index=1.0_chunk-0011.npy,442169.29243200656,1.5787175090356064e-10,welch_hann_2048_overlap_1024_fs_44100,digital_amplitude_squared_per_hz,1.1255143026318787e-10,947.4609375,3.036041386605994e-11,1270.458984375,4.1401930497483626e-11,2153.3203125
2025.07.09_0.3_1,index=1.0,12,12.0,1,6.98060403920294e-05,6.98060403920294e-05_src-index=1.0_chunk-0012.npy,442169.29243200656,1.5787175090356064e-10,welch_hann_2048_overlap_1024_fs_44100,digital_amplitude_squared_per_hz,1.201610939426738e-10,947.4609375,3.0035892145644845e-11,1270.458984375,3.8178149221739995e-11,2153.3203125
2025.07.09_0.3_1,index=1.0,13,13.0,1,6.98060403920294e-05,6.98060403920294e-05_src-index=1.0_chunk-0013.npy,442169.29243200656,1.5787175090356064e-10,welch_hann_2048_overlap_1024_fs_44100,digital_amplitude_squared_per_hz,1.2735802515017317e-10,947.4609375,3.4523308303696645e-11,1270.458984375,3.719799431394622e-11,2153.3203125
2025.07.09_0.3_1,index=1.0,14,14.0,1,6.98060403920294e-05,6.98060403920294e-05_src-index=1.0_chunk-0014.npy,442169.29243200656,1.5787175090356064e-10,welch_hann_2048_overlap_1024_fs_44100,digital_amplitude_squared_per_hz,1.1857281938693887e-10,947.4609375,3.865453219898328e-11,1356.591796875,3.790678633454099e-11,2153.3203125
2025.07.09_0.3_1,index=1.0,15,15.0,1,6.98060403920294e-05,6.98060403920294e-05_src-index=1.0_chunk-0015.npy,442169.29243200656,1.5787175090356064e-10,welch_hann_2048_overlap_1024_fs_44100,digital_amplitude_squared_per_hz,1.4090721433651604e-10,947.4609375,3.488401775800468e-11,1270.458984375,3.738250723421678e-11,2153.3203125
2025.07.09_0.3_1,index=1.0,16,16.0,1,6.98060403920294e-05,6.98060403920294e-05_src-index=1.0_chunk-0016.npy,442169.29243200656,1.5787175090356064e-10,welch_hann_2048_overlap_1024_fs_44100,digital_amplitude_squared_per_hz,1.1189243937557211e-10,947.4609375,3.220183201732699e-11,1270.458984375,3.2581974770354766e-11,2153.3203125
2025.07.09_0.3_1,index=1.0,17,17.0,1,6.98060403920294e-05,6.98060403920294e-05_src-index=1.0_chunk-0017.npy,442169.29243200656,1.5787175090356064e-10,welch_hann_2048_overlap_1024_fs_44100,digital_amplitude_squared_per_hz,1.3331333165970318e-10,947.4609375,3.5736177964713375e-11,1356.591796875,3.990709898868206e-11,2153.3203125
2025.07.09_0.3_1,index=1.0,18,18.0,1,6.98060403920294e-05,6.98060403920294e-05_src-index=1.0_chunk-0018.npy,442169.29243200656,1.5787175090356064e-10,welch_hann_2048_overlap_1024_fs_44100,digital_amplitude_squared_per_hz,1.3787339172882864e-10,947.4609375,3.860199550334922e-11,1356.591796875,3.660120697092263e-11,2153.3203125
2025.07.09_0.3_1,index=1.0,19,19.0,1,6.98060403920294e-05,6.98060403920294e-05_src-index=1.0_chunk-0019.npy,442169.29243200656,1.5787175090356064e-10,welch_hann_2048_overlap_1024_fs_44100,digital_amplitude_squared_per_hz,1.4216070303334288e-10,947.4609375,3.741897395155446e-11,1270.458984375,3.796499432359472e-11,2153.3203125
2025.07.09_0.3_1,index=1.0,20,20.0,1,6.98060403920294e-05,6.98060403920294e-05_src-index=1.0_chunk-0020.npy,442169.29243200656,1.5787175090356064e-10,welch_hann_2048_overlap_1024_fs_44100,digital_amplitude_squared_per_hz,1.3242763338431018e-10,947.4609375,4.391494644420278e-11,1356.591796875,3.724139854531121e-11,2153.3203125
2025.07.09_0.3_1,index=1.0,21,21.0,1,6.98060403920294e-05,6.98060403920294e-05_src-index=1.0_chunk-0021.npy,442169.29243200656,1.5787175090356064e-10,welch_hann_2048_overlap_1024_fs_44100,digital_amplitude_squared_per_hz,1.433482429845534e-10,947.4609375,4.118277299241544e-11,1270.458984375,4.247912704556798e-11,2153.3203125
2025.07.09_0.3_1,index=1.0,22,22.0,1,6.98060403920294e-05,6.98060403920294e-05_src-index=1.0_chunk-0022.npy,442169.29243200656,1.5787175090356064e-10,welch_hann_2048_overlap_1024_fs_44100,digital_amplitude_squared_per_hz,1.392587094411697e-10,947.4609375,4.209909473698916e-11,1356.591796875,4.373154403350455e-11,2153.3203125
2025.07.09_0.3_1,index=1.0,23,23.0,1,6.98060403920294e-05,6.98060403920294e-05_src-index=1.0_chunk-0023.npy,442169.29243200656,1.5787175090356064e-10,welch_hann_2048_overlap_1024_fs_44100,digital_amplitude_squared_per_hz,1.658320909878695e-10,947.4609375,4.899704784848464e-11,1356.591796875,4.6640893630106284e-11,2153.3203125
2025.07.09_0.3_1,index=1.0,24,24.0,1,6.98060403920294e-05,6.98060403920294e-05_src-index=1.0_chunk-0024.npy,442169.29243200656,1.5787175090356064e-10,welch_hann_2048_overlap_1024_fs_44100,digital_amplitude_squared_per_hz,2.244848939019507e-10,947.4609375,5.081233925131128e-11,1270.458984375,5.661522317385623e-11,2153.3203125
2025.07.09_0.3_1,index=1.0,25,25.0,1,6.98060403920294e-05,6.98060403920294e-05_src-index=1.0_chunk-0025.npy,442169.29243200656,1.5787175090356064e-10,welch_hann_2048_overlap_1024_fs_44100,digital_amplitude_squared_per_hz,2.4085059937349613e-10,947.4609375,7.967779473840651e-11,1270.458984375,7.261340862396084e-11,2153.3203125
2025.07.09_0.3_1,index=1.0,26,26.0,1,6.98060403920294e-05,6.98060403920294e-05_src-index=1.0_chunk-0026.npy,442169.29243200656,1.5787175090356064e-10,welch_hann_2048_overlap_1024_fs_44100,digital_amplitude_squared_per_hz,9.92631993892403e-10,947.4609375,4.852451002201322e-10,1270.458984375,3.2825729181491904e-10,2347.119140625
2025.07.09_0.3_1,index=1.0,27,27.0,1,6.98060403920294e-05,6.98060403920294e-05_src-index=1.0_chunk-0027.npy,442169.29243200656,1.5787175090356064e-10,welch_hann_2048_overlap_1024_fs_44100,digital_amplitude_squared_per_hz,9.968907764727366e-11,947.4609375,3.564943475943189e-11,1356.591796875,3.339648121160772e-11,2153.3203125
2025.07.09_0.3_1,index=1.0,28,28.0,1,6.98060403920294e-05,6.98060403920294e-05_src-index=1.0_chunk-0028.npy,442169.29243200656,1.5787175090356064e-10,welch_hann_2048_overlap_1024_fs_44100,digital_amplitude_squared_per_hz,1.1166543111859146e-10,947.4609375,3.1185336263295835e-11,1270.458984375,3.180405628449202e-11,2153.3203125
2025.07.09_0.3_1,index=1.0,29,29.0,1,6.98060403920294e-05,6.98060403920294e-05_src-index=1.0_chunk-0029.npy,442169.29243200656,1.5787175090356064e-10,welch_hann_2048_overlap_1024_fs_44100,digital_amplitude_squared_per_hz,1.1515970255909259e-10,947.4609375,2.8631404752142062e-11,1356.591796875,2.7905446347749216e-11,2153.3203125
2025.07.09_0.3_1,index=1.0,30,30.0,1,6.98060403920294e-05,6.98060403920294e-05_src-index=1.0_chunk-0030.npy,442169.29243200656,1.5787175090356064e-10,welch_hann_2048_overlap_1024_fs_44100,digital_amplitude_squared_per_hz,9.413539929218185e-11,947.4609375,2.5744488292382205e-11,1356.591796875,3.189161530972864e-11,2153.3203125
2025.07.09_0.3_1,index=1.0,31,31.0,1,6.98060403920294e-05,6.98060403920294e-05_src-index=1.0_chunk-0031.npy,442169.29243200656,1.5787175090356064e-10,welch_hann_2048_overlap_1024_fs_44100,digital_amplitude_squared_per_hz,1.0369207057854846e-10,947.4609375,3.340398264567536e-11,1356.591796875,3.805730288887826e-11,2153.3203125
2025.07.09_0.3_1,index=1.0,32,32.0,1,6.98060403920294e-05,6.98060403920294e-05_src-index=1.0_chunk-0032.npy,442169.29243200656,1.5787175090356064e-10,welch_hann_2048_overlap_1024_fs_44100,digital_amplitude_squared_per_hz,9.214747982886979e-11,947.4609375,3.0181056449817226e-11,1356.591796875,3.768043776170025e-11,2153.3203125
2025.07.09_0.3_1,index=1.0,33,33.0,1,6.98060403920294e-05,6.98060403920294e-05_src-index=1.0_chunk-0033.npy,442169.29243200656,1.5787175090356064e-10,welch_hann_2048_overlap_1024_fs_44100,digital_amplitude_squared_per_hz,9.469755287815989e-11,947.4609375,2.95046686541536e-11,1270.458984375,3.312669515554127e-11,2153.3203125
2025.07.09_0.3_1,index=1.0,34,34.0,1,6.98060403920294e-05,6.98060403920294e-05_src-index=1.0_chunk-0034.npy,442169.29243200656,1.5787175090356064e-10,welch_hann_2048_overlap_1024_fs_44100,digital_amplitude_squared_per_hz,1.303923198491071e-10,947.4609375,2.934625608908135e-11,1270.458984375,2.853695151053363e-11,2153.3203125
2025.07.09_0.3_1,index=1.0,35,35.0,1,6.98060403920294e-05,6.98060403920294e-05_src-index=1.0_chunk-0035.npy,442169.29243200656,1.5787175090356064e-10,welch_hann_2048_overlap_1024_fs_44100,digital_amplitude_squared_per_hz,1.1346180607284042e-10,947.4609375,2.8805588423921703e-11,1356.591796875,3.559827970337735e-11,2153.3203125
2025.07.09_0.3_1,index=1.0,36,36.0,1,6.98060403920294e-05,6.98060403920294e-05_src-index=1.0_chunk-0036.npy,442169.29243200656,1.5787175090356064e-10,welch_hann_2048_overlap_1024_fs_44100,digital_amplitude_squared_per_hz,9.801096209368205e-11,947.4609375,2.6008639249950014e-11,1270.458984375,3.020717135437584e-11,2153.3203125
2025.07.09_0.3_1,index=1.0,37,37.0,1,6.98060403920294e-05,6.98060403920294e-05_src-index=1.0_chunk-0037.npy,442169.29243200656,1.5787175090356064e-10,welch_hann_2048_overlap_1024_fs_44100,digital_amplitude_squared_per_hz,1.0573447276045525e-10,947.4609375,2.8022182356318e-11,1270.458984375,2.9480654450853876e-11,2153.3203125
2025.07.09_0.3_1,index=1.0,38,38.0,1,6.98060403920294e-05,6.98060403920294e-05_src-index=1.0_chunk-0038.npy,442169.29243200656,1.5787175090356064e-10,welch_hann_2048_overlap_1024_fs_44100,digital_amplitude_squared_per_hz,1.0217612455926291e-10,947.4609375,2.663853445177648e-11,1270.458984375,2.6137812367031353e-11,2153.3203125
2025.07.09_0.3_1,index=1.0,39,39.0,1,6.98060403920294e-05,6.98060403920294e-05_src-index=1.0_chunk-0039.npy,442169.29243200656,1.5787175090356064e-10,welch_hann_2048_overlap_1024_fs_44100,digital_amplitude_squared_per_hz,1.1426326020143718e-10,947.4609375,3.584383113760257e-11,1356.591796875,3.1423409040348355e-11,2153.3203125
2025.07.09_0.3_1,index=1.0,40,40.0,1,6.98060403920294e-05,6.98060403920294e-05_src-index=1.0_chunk-0040.npy,442169.29243200656,1.5787175090356064e-10,welch_hann_2048_overlap_1024_fs_44100,digital_amplitude_squared_per_hz,1.0240865173002576e-10,947.4609375,2.9365968290477704e-11,1356.591796875,3.2094970164618243e-11,2153.3203125
2025.07.09_0.3_1,index=1.0,41,41.0,1,6.98060403920294e-05,6.98060403920294e-05_src-index=1.0_chunk-0041.npy,442169.29243200656,1.5787175090356064e-10,welch_hann_2048_overlap_1024_fs_44100,digital_amplitude_squared_per_hz,8.7208714720981e-11,947.4609375,2.5056208010397157e-11,1356.591796875,3.590336610405147e-11,2153.3203125
2025.07.09_0.3_1,index=1.0,42,42.0,1,6.98060403920294e-05,6.98060403920294e-05_src-index=1.0_chunk-0042.npy,442169.29243200656,1.5787175090356064e-10,welch_hann_2048_overlap_1024_fs_44100,digital_amplitude_squared_per_hz,1.0669401539703883e-10,947.4609375,2.8902349296263167e-11,1356.591796875,3.2167454077277204e-11,2153.3203125
2025.07.09_0.3_1,index=1.0,43,43.0,1,6.98060403920294e-05,6.98060403920294e-05_src-index=1.0_chunk-0043.npy,442169.29243200656,1.5787175090356064e-10,welch_hann_2048_overlap_1024_fs_44100,digital_amplitude_squared_per_hz,9.599095624951904e-11,947.4609375,2.724387374920505e-11,1356.591796875,3.365924871432462e-11,2153.3203125
2025.07.09_0.3_1,index=1.0,44,44.0,1,6.98060403920294e-05,6.98060403920294e-05_src-index=1.0_chunk-0044.npy,442169.29243200656,1.5787175090356064e-10,welch_hann_2048_overlap_1024_fs_44100,digital_amplitude_squared_per_hz,1.0997421486338825e-10,947.4609375,2.682253488811952e-11,1270.458984375,2.7811331200820726e-11,2153.3203125
2025.07.09_0.3_1,index=1.0,45,45.0,1,6.98060403920294e-05,6.98060403920294e-05_src-index=1.0_chunk-0045.npy,442169.29243200656,1.5787175090356064e-10,welch_hann_2048_overlap_1024_fs_44100,digital_amplitude_squared_per_hz,1.1221612254114979e-10,947.4609375,2.721060188111843e-11,1356.591796875,3.223096001182815e-11,2153.3203125
2025.07.09_0.3_1,index=1.0,46,46.0,1,6.98060403920294e-05,6.98060403920294e-05_src-index=1.0_chunk-0046.npy,442169.29243200656,1.5787175090356064e-10,welch_hann_2048_overlap_1024_fs_44100,digital_amplitude_squared_per_hz,9.978881320292796e-11,947.4609375,2.8356365845089333e-11,1270.458984375,3.417247802111483e-11,2153.3203125
2025.07.09_0.3_1,index=1.0,47,47.0,1,6.98060403920294e-05,6.98060403920294e-05_src-index=1.0_chunk-0047.npy,442169.29243200656,1.5787175090356064e-10,welch_hann_2048_overlap_1024_fs_44100,digital_amplitude_squared_per_hz,9.58409588790567e-11,947.4609375,2.7743076752480534e-11,1356.591796875,3.5717554085739904e-11,2153.3203125
2025.07.09_0.3_1,index=1.0,48,48.0,1,6.98060403920294e-05,6.98060403920294e-05_src-index=1.0_chunk-0048.npy,442169.29243200656,1.5787175090356064e-10,welch_hann_2048_overlap_1024_fs_44100,digital_amplitude_squared_per_hz,1.040766268988249e-10,947.4609375,3.102885433073003e-11,1356.591796875,3.572692527998926e-11,2153.3203125
2025.07.09_0.3_1,index=1.0,49,49.0,1,6.98060403920294e-05,6.98060403920294e-05_src-index=1.0_chunk-0049.npy,442169.29243200656,1.5787175090356064e-10,welch_hann_2048_overlap_1024_fs_44100,digital_amplitude_squared_per_hz,1.066507200039067e-10,947.4609375,3.531462426478548e-11,1356.591796875,3.0791200768356334e-11,2153.3203125
2025.07.09_0.3_1,index=1.0,50,50.0,1,6.98060403920294e-05,6.98060403920294e-05_src-index=1.0_chunk-0050.npy,442169.29243200656,1.5787175090356064e-10,welch_hann_2048_overlap_1024_fs_44100,digital_amplitude_squared_per_hz,1.0760060916878813e-10,947.4609375,2.588449171380638e-11,1270.458984375,3.2488817630558086e-11,2153.3203125
2025.07.09_0.3_1,index=1.0,51,51.0,1,6.98060403920294e-05,6.98060403920294e-05_src-index=1.0_chunk-0051.npy,442169.29243200656,1.5787175090356064e-10,welch_hann_2048_overlap_1024_fs_44100,digital_amplitude_squared_per_hz,8.774970289144558e-11,947.4609375,2.415509146369151e-11,1270.458984375,3.061925409438496e-11,2153.3203125
2025.07.09_0.3_1,index=1.0,52,52.0,1,6.98060403920294e-05,6.98060403920294e-05_src-index=1.0_chunk-0052.npy,442169.29243200656,1.5787175090356064e-10,welch_hann_2048_overlap_1024_fs_44100,digital_amplitude_squared_per_hz,1.0575400404594022e-10,947.4609375,3.127350048574046e-11,1356.591796875,3.030021257564085e-11,2153.3203125
2025.07.09_0.3_1,index=1.0,53,53.0,1,6.98060403920294e-05,6.98060403920294e-05_src-index=1.0_chunk-0053.npy,442169.29243200656,1.5787175090356064e-10,welch_hann_2048_overlap_1024_fs_44100,digital_amplitude_squared_per_hz,1.0532813534483619e-10,947.4609375,3.0766101287753154e-11,1270.458984375,2.8030279989357668e-11,2153.3203125
2025.07.09_0.3_1,index=1.0,54,54.0,1,6.98060403920294e-05,6.98060403920294e-05_src-index=1.0_chunk-0054.npy,442169.29243200656,1.5787175090356064e-10,welch_hann_2048_overlap_1024_fs_44100,digital_amplitude_squared_per_hz,1.1490045754977925e-10,947.4609375,2.767413068885254e-11,1356.591796875,3.244653097957218e-11,2153.3203125
2025.07.09_0.3_1,index=1.0,55,55.0,1,6.98060403920294e-05,6.98060403920294e-05_src-index=1.0_chunk-0055.npy,442169.29243200656,1.5787175090356064e-10,welch_hann_2048_overlap_1024_fs_44100,digital_amplitude_squared_per_hz,9.708652466497805e-11,947.4609375,2.951537425475554e-11,1270.458984375,3.217458982653531e-11,2153.3203125
2025.07.09_0.3_1,index=1.0,56,56.0,1,6.98060403920294e-05,6.98060403920294e-05_src-index=1.0_chunk-0056.npy,442169.29243200656,1.5787175090356064e-10,welch_hann_2048_overlap_1024_fs_44100,digital_amplitude_squared_per_hz,8.88320560220965e-11,947.4609375,2.945485668003406e-11,1270.458984375,3.288585609778195e-11,2153.3203125
2025.07.09_0.3_1,index=1.0,57,57.0,1,6.98060403920294e-05,6.98060403920294e-05_src-index=1.0_chunk-0057.npy,442169.29243200656,1.5787175090356064e-10,welch_hann_2048_overlap_1024_fs_44100,digital_amplitude_squared_per_hz,1.082576108389501e-10,947.4609375,2.7156843686662546e-11,1270.458984375,3.336593741142334e-11,2153.3203125
2025.07.09_0.3_1,index=1.0,58,58.0,1,6.98060403920294e-05,6.98060403920294e-05_src-index=1.0_chunk-0058.npy,442169.29243200656,1.5787175090356064e-10,welch_hann_2048_overlap_1024_fs_44100,digital_amplitude_squared_per_hz,9.847915881578299e-11,947.4609375,2.631344221870374e-11,1356.591796875,3.0704343565285797e-11,2153.3203125
2025.07.09_0.3_1,index=1.0,59,59.0,1,6.98060403920294e-05,6.98060403920294e-05_src-index=1.0_chunk-0059.npy,442169.29243200656,1.5787175090356064e-10,welch_hann_2048_overlap_1024_fs_44100,digital_amplitude_squared_per_hz,9.622189657134792e-11,947.4609375,2.750995485620974e-11,1356.591796875,3.1947048279382416e-11,2153.3203125
2025.07.09_0.3_1,index=10.383287,0,0.0,1,383287.3545598079,383287.35455980786_src-index=10.383287_chunk-0000.npy,442169.29243200656,0.8668339505252887,welch_hann_2048_overlap_1024_fs_44100,digital_amplitude_squared_per_hz,1.0838765498439239e-10,947.4609375,2.697895989343578e-11,1270.458984375,4.432003512301186e-11,2153.3203125
2025.07.09_0.3_1,index=10.383287,1,1.0,1,383287.3545598079,383287.35455980786_src-index=10.383287_chunk-0001.npy,442169.29243200656,0.8668339505252887,welch_hann_2048_overlap_1024_fs_44100,digital_amplitude_squared_per_hz,1.0514971105879007e-10,947.4609375,2.6238171551169292e-11,1270.458984375,3.6218395946353496e-11,2153.3203125
2025.07.09_0.3_1,index=10.383287,2,2.0,1,383287.3545598079,383287.35455980786_src-index=10.383287_chunk-0002.npy,442169.29243200656,0.8668339505252887,welch_hann_2048_overlap_1024_fs_44100,digital_amplitude_squared_per_hz,1.0946822724303995e-10,947.4609375,3.0022385987479966e-11,1270.458984375,3.4474655318550644e-11,2153.3203125
2025.07.09_0.3_1,index=10.383287,3,3.0,1,383287.3545598079,383287.35455980786_src-index=10.383287_chunk-0003.npy,442169.29243200656,0.8668339505252887,welch_hann_2048_overlap_1024_fs_44100,digital_amplitude_squared_per_hz,1.0263205415806518e-10,947.4609375,3.015178760756017e-11,1270.458984375,3.790422637248418e-11,2153.3203125
2025.07.09_0.3_1,index=10.383287,4,4.0,1,383287.3545598079,383287.35455980786_src-index=10.383287_chunk-0004.npy,442169.29243200656,0.8668339505252887,welch_hann_2048_overlap_1024_fs_44100,digital_amplitude_squared_per_hz,1.0976321016108581e-10,947.4609375,3.1268354374221154e-11,1356.591796875,3.329192538689475e-11,2153.3203125
2025.07.09_0.3_1,index=10.383287,5,5.0,1,383287.3545598079,383287.35455980786_src-index=10.383287_chunk-0005.npy,442169.29243200656,0.8668339505252887,welch_hann_2048_overlap_1024_fs_44100,digital_amplitude_squared_per_hz,1.143936988161482e-10,947.4609375,2.941224057559937e-11,1270.458984375,3.4047242389417697e-11,2153.3203125
2025.07.09_0.3_1,index=10.383287,6,6.0,1,383287.3545598079,383287.35455980786_src-index=10.383287_chunk-0006.npy,442169.29243200656,0.8668339505252887,welch_hann_2048_overlap_1024_fs_44100,digital_amplitude_squared_per_hz,1.0953572669369648e-10,947.4609375,2.7707553491819863e-11,1270.458984375,3.8518954449082575e-11,2153.3203125
2025.07.09_0.3_1,index=10.383287,7,7.0,1,383287.3545598079,383287.35455980786_src-index=10.383287_chunk-0007.npy,442169.29243200656,0.8668339505252887,welch_hann_2048_overlap_1024_fs_44100,digital_amplitude_squared_per_hz,1.1179473642457915e-10,947.4609375,2.7357588593761614e-11,1356.591796875,3.9492977159144526e-11,2153.3203125
2025.07.09_0.3_1,index=10.383287,8,8.0,1,383287.3545598079,383287.35455980786_src-index=10.383287_chunk-0008.npy,442169.29243200656,0.8668339505252887,welch_hann_2048_overlap_1024_fs_44100,digital_amplitude_squared_per_hz,1.150441232970714e-10,947.4609375,3.0476173275267344e-11,1356.591796875,3.350101712525883e-11,2153.3203125
2025.07.09_0.3_1,index=10.383287,9,9.0,1,383287.3545598079,383287.35455980786_src-index=10.383287_chunk-0009.npy,442169.29243200656,0.8668339505252887,welch_hann_2048_overlap_1024_fs_44100,digital_amplitude_squared_per_hz,9.054459311231796e-11,947.4609375,2.5844011938086737e-11,1270.458984375,3.883343589148821e-11,2153.3203125
2025.07.09_0.3_1,index=10.383287,10,10.0,1,383287.3545598079,383287.35455980786_src-index=10.383287_chunk-0010.npy,442169.29243200656,0.8668339505252887,welch_hann_2048_overlap_1024_fs_44100,digital_amplitude_squared_per_hz,1.2879645628239794e-10,947.4609375,3.4312872346585994e-11,1270.458984375,3.228482117702039e-11,2153.3203125
2025.07.09_0.3_1,index=10.383287,11,11.0,1,383287.3545598079,383287.35455980786_src-index=10.383287_chunk-0011.npy,442169.29243200656,0.8668339505252887,welch_hann_2048_overlap_1024_fs_44100,digital_amplitude_squared_per_hz,1.1059641820620714e-10,947.4609375,3.090788461023643e-11,1356.591796875,3.297033301866257e-11,2153.3203125
2025.07.09_0.3_1,index=10.383287,12,12.0,1,383287.3545598079,383287.35455980786_src-index=10.383287_chunk-0012.npy,442169.29243200656,0.8668339505252887,welch_hann_2048_overlap_1024_fs_44100,digital_amplitude_squared_per_hz,1.039908436318788e-10,947.4609375,2.828926738701906e-11,1356.591796875,4.132190664360173e-11,2153.3203125
2025.07.09_0.3_1,index=10.383287,13,13.0,1,383287.3545598079,383287.35455980786_src-index=10.383287_chunk-0013.npy,442169.29243200656,0.8668339505252887,welch_hann_2048_overlap_1024_fs_44100,digital_amplitude_squared_per_hz,1.0898021561831934e-10,947.4609375,2.8727022650191553e-11,1270.458984375,4.039144798591529e-11,2153.3203125
2025.07.09_0.3_1,index=10.383287,14,14.0,1,383287.3545598079,383287.35455980786_src-index=10.383287_chunk-0014.npy,442169.29243200656,0.8668339505252887,welch_hann_2048_overlap_1024_fs_44100,digital_amplitude_squared_per_hz,1.1242009412739095e-10,947.4609375,2.755438185593559e-11,1270.458984375,4.4041461281526314e-11,2153.3203125
2025.07.09_0.3_1,index=10.383287,15,15.0,1,383287.3545598079,383287.35455980786_src-index=10.383287_chunk-0015.npy,442169.29243200656,0.8668339505252887,welch_hann_2048_overlap_1024_fs_44100,digital_amplitude_squared_per_hz,1.0897851772595534e-10,947.4609375,2.7963553517383148e-11,1270.458984375,3.795216479988463e-11,2153.3203125
2025.07.09_0.3_1,index=10.383287,16,16.0,1,383287.3545598079,383287.35455980786_src-index=10.383287_chunk-0016.npy,442169.29243200656,0.8668339505252887,welch_hann_2048_overlap_1024_fs_44100,digital_amplitude_squared_per_hz,1.1421825585847667e-10,947.4609375,3.003734671576384e-11,1356.591796875,3.1689485024319927e-11,2153.3203125
2025.07.09_0.3_1,index=10.383287,17,17.0,1,383287.3545598079,383287.35455980786_src-index=10.383287_chunk-0017.npy,442169.29243200656,0.8668339505252887,welch_hann_2048_overlap_1024_fs_44100,digital_amplitude_squared_per_hz,1.019415530264651e-10,947.4609375,2.9369237662852663e-11,1270.458984375,4.167996874247208e-11,2153.3203125
2025.07.09_0.3_1,index=10.383287,18,18.0,1,383287.3545598079,383287.35455980786_src-index=10.383287_chunk-0018.npy,442169.29243200656,0.8668339505252887,welch_hann_2048_overlap_1024_fs_44100,digital_amplitude_squared_per_hz,9.072673995386382e-11,947.4609375,2.721363398309719e-11,1356.591796875,4.095661587232755e-11,2153.3203125
2025.07.09_0.3_1,index=10.383287,19,19.0,1,383287.3545598079,383287.35455980786_src-index=10.383287_chunk-0019.npy,442169.29243200656,0.8668339505252887,welch_hann_2048_overlap_1024_fs_44100,digital_amplitude_squared_per_hz,1.0506503599474479e-10,947.4609375,3.249007628848577e-11,1356.591796875,4.058943895639954e-11,2153.3203125
2025.07.09_0.3_1,index=10.383287,20,20.0,1,383287.3545598079,383287.35455980786_src-index=10.383287_chunk-0020.npy,442169.29243200656,0.8668339505252887,welch_hann_2048_overlap_1024_fs_44100,digital_amplitude_squared_per_hz,1.1084327794692947e-10,947.4609375,3.2728913209903994e-11,1270.458984375,3.309406034452105e-11,2153.3203125
2025.07.09_0.3_1,index=10.383287,21,21.0,1,383287.3545598079,383287.35455980786_src-index=10.383287_chunk-0021.npy,442169.29243200656,0.8668339505252887,welch_hann_2048_overlap_1024_fs_44100,digital_amplitude_squared_per_hz,9.643369674005674e-11,947.4609375,2.8543199310285307e-11,1270.458984375,3.420797903896918e-11,2153.3203125
2025.07.09_0.3_1,index=10.383287,22,22.0,1,383287.3545598079,383287.35455980786_src-index=10.383287_chunk-0022.npy,442169.29243200656,0.8668339505252887,welch_hann_2048_overlap_1024_fs_44100,digital_amplitude_squared_per_hz,1.0423613142848923e-10,947.4609375,2.398549915247981e-11,1270.458984375,3.835678742242725e-11,2153.3203125
2025.07.09_0.3_1,index=10.383287,23,23.0,1,383287.3545598079,383287.35455980786_src-index=10.383287_chunk-0023.npy,442169.29243200656,0.8668339505252887,welch_hann_2048_overlap_1024_fs_44100,digital_amplitude_squared_per_hz,1.0830831587764959e-10,947.4609375,3.164802089428962e-11,1356.591796875,3.6988137090290793e-11,2153.3203125
2025.07.09_0.3_1,index=10.383287,24,24.0,1,383287.3545598079,383287.35455980786_src-index=10.383287_chunk-0024.npy,442169.29243200656,0.8668339505252887,welch_hann_2048_overlap_1024_fs_44100,digital_amplitude_squared_per_hz,1.1272179398395964e-10,947.4609375,2.8924457759870864e-11,1270.458984375,4.2241236441268025e-11,2153.3203125
2025.07.09_0.3_1,index=10.383287,25,25.0,1,383287.3545598079,383287.35455980786_src-index=10.383287_chunk-0025.npy,442169.29243200656,0.8668339505252887,welch_hann_2048_overlap_1024_fs_44100,digital_amplitude_squared_per_hz,1.101771552476404e-10,947.4609375,2.814917331480392e-11,1356.591796875,3.485532381086145e-11,2153.3203125
2025.07.09_0.3_1,index=10.383287,26,26.0,1,383287.3545598079,383287.35455980786_src-index=10.383287_chunk-0026.npy,442169.29243200656,0.8668339505252887,welch_hann_2048_overlap_1024_fs_44100,digital_amplitude_squared_per_hz,1.089130424552242e-10,947.4609375,3.376667762684342e-11,1356.591796875,3.393021795315121e-11,2153.3203125
2025.07.09_0.3_1,index=10.383287,27,27.0,1,383287.3545598079,383287.35455980786_src-index=10.383287_chunk-0027.npy,442169.29243200656,0.8668339505252887,welch_hann_2048_overlap_1024_fs_44100,digital_amplitude_squared_per_hz,1.2177954112086647e-10,947.4609375,3.13534175531623e-11,1356.591796875,3.4396917926028834e-11,2153.3203125
2025.07.09_0.3_1,index=10.383287,28,28.0,1,383287.3545598079,383287.35455980786_src-index=10.383287_chunk-0028.npy,442169.29243200656,0.8668339505252887,welch_hann_2048_overlap_1024_fs_44100,digital_amplitude_squared_per_hz,1.0493105151508875e-10,947.4609375,2.8350667491532435e-11,1270.458984375,3.2998627258272074e-11,2153.3203125
2025.07.09_0.3_1,index=10.383287,29,29.0,1,383287.3545598079,383287.35455980786_src-index=10.383287_chunk-0029.npy,442169.29243200656,0.8668339505252887,welch_hann_2048_overlap_1024_fs_44100,digital_amplitude_squared_per_hz,9.957356964519351e-11,947.4609375,2.6730438403439658e-11,1270.458984375,3.031780630778469e-11,2153.3203125
2025.07.09_0.3_1,index=10.383287,30,30.0,1,383287.3545598079,383287.35455980786_src-index=10.383287_chunk-0030.npy,442169.29243200656,0.8668339505252887,welch_hann_2048_overlap_1024_fs_44100,digital_amplitude_squared_per_hz,1.131930106291632e-10,947.4609375,3.026619521387654e-11,1356.591796875,3.247575338318364e-11,2153.3203125
2025.07.09_0.3_1,index=10.383287,31,31.0,1,383287.3545598079,383287.35455980786_src-index=10.383287_chunk-0031.npy,442169.29243200656,0.8668339505252887,welch_hann_2048_overlap_1024_fs_44100,digital_amplitude_squared_per_hz,1.0177921107326271e-10,947.4609375,2.9774050889102464e-11,1356.591796875,2.926387208464103e-11,2153.3203125
2025.07.09_0.3_1,index=10.383287,32,32.0,1,383287.3545598079,383287.35455980786_src-index=10.383287_chunk-0032.npy,442169.29243200656,0.8668339505252887,welch_hann_2048_overlap_1024_fs_44100,digital_amplitude_squared_per_hz,1.0599461526821277e-10,947.4609375,3.247705649395206e-11,1356.591796875,3.9794509734010275e-11,2153.3203125
2025.07.09_0.3_1,index=10.383287,33,33.0,1,383287.3545598079,383287.35455980786_src-index=10.383287_chunk-0033.npy,442169.29243200656,0.8668339505252887,welch_hann_2048_overlap_1024_fs_44100,digital_amplitude_squared_per_hz,1.0297311530656618e-10,947.4609375,2.6289706722793727e-11,1270.458984375,3.761616339108771e-11,2153.3203125
2025.07.09_0.3_1,index=10.383287,34,34.0,1,383287.3545598079,383287.35455980786_src-index=10.383287_chunk-0034.npy,442169.29243200656,0.8668339505252887,welch_hann_2048_overlap_1024_fs_44100,digital_amplitude_squared_per_hz,1.1078063255854482e-10,947.4609375,2.512192859170946e-11,1270.458984375,4.0003223289053616e-11,2153.3203125
2025.07.09_0.3_1,index=10.383287,35,35.0,1,383287.3545598079,383287.35455980786_src-index=10.383287_chunk-0035.npy,442169.29243200656,0.8668339505252887,welch_hann_2048_overlap_1024_fs_44100,digital_amplitude_squared_per_hz,1.1662218035206596e-10,947.4609375,2.806832205384682e-11,1270.458984375,3.96024013002675e-11,2153.3203125
2025.07.09_0.3_1,index=10.383287,36,36.0,1,383287.3545598079,383287.35455980786_src-index=10.383287_chunk-0036.npy,442169.29243200656,0.8668339505252887,welch_hann_2048_overlap_1024_fs_44100,digital_amplitude_squared_per_hz,1.0845192072918637e-10,947.4609375,2.7813481882974276e-11,1270.458984375,3.784556364484606e-11,2153.3203125
2025.07.09_0.3_1,index=10.383287,37,37.0,1,383287.3545598079,383287.35455980786_src-index=10.383287_chunk-0037.npy,442169.29243200656,0.8668339505252887,welch_hann_2048_overlap_1024_fs_44100,digital_amplitude_squared_per_hz,1.1469461615377939e-10,947.4609375,2.5761852360507237e-11,1270.458984375,3.7224719573646025e-11,2153.3203125
2025.07.09_0.3_1,index=10.383287,38,38.0,1,383287.3545598079,383287.35455980786_src-index=10.383287_chunk-0038.npy,442169.29243200656,0.8668339505252887,welch_hann_2048_overlap_1024_fs_44100,digital_amplitude_squared_per_hz,1.0291999348172252e-10,947.4609375,2.175069154779944e-11,1270.458984375,3.9830005094549564e-11,2153.3203125
2025.07.09_0.3_1,index=10.383287,39,39.0,1,383287.3545598079,383287.35455980786_src-index=10.383287_chunk-0039.npy,442169.29243200656,0.8668339505252887,welch_hann_2048_overlap_1024_fs_44100,digital_amplitude_squared_per_hz,1.0535691169135835e-10,947.4609375,2.5657370029226594e-11,1270.458984375,3.66240933345159e-11,2153.3203125
2025.07.09_0.3_1,index=10.383287,40,40.0,1,383287.3545598079,383287.35455980786_src-index=10.383287_chunk-0040.npy,442169.29243200656,0.8668339505252887,welch_hann_2048_overlap_1024_fs_44100,digital_amplitude_squared_per_hz,1.1936784529530468e-10,947.4609375,2.40179484719916e-11,1356.591796875,3.656110639267182e-11,2153.3203125
2025.07.09_0.3_1,index=10.383287,41,41.0,1,383287.3545598079,383287.35455980786_src-index=10.383287_chunk-0041.npy,442169.29243200656,0.8668339505252887,welch_hann_2048_overlap_1024_fs_44100,digital_amplitude_squared_per_hz,1.1532692041198829e-10,947.4609375,2.739668698209715e-11,1356.591796875,3.138554635034773e-11,2153.3203125
2025.07.09_0.3_1,index=10.383287,42,42.0,1,383287.3545598079,383287.35455980786_src-index=10.383287_chunk-0042.npy,442169.29243200656,0.8668339505252887,welch_hann_2048_overlap_1024_fs_44100,digital_amplitude_squared_per_hz,1.1834001046618653e-10,947.4609375,2.5281162920009975e-11,1270.458984375,3.864729558059874e-11,2153.3203125
2025.07.09_0.3_1,index=10.383287,43,43.0,1,383287.3545598079,383287.35455980786_src-index=10.383287_chunk-0043.npy,442169.29243200656,0.8668339505252887,welch_hann_2048_overlap_1024_fs_44100,digital_amplitude_squared_per_hz,1.2621542760642038e-10,947.4609375,2.861076218594919e-11,1270.458984375,3.571189200476737e-11,2153.3203125
2025.07.09_0.3_1,index=10.383287,44,44.0,1,383287.3545598079,383287.35455980786_src-index=10.383287_chunk-0044.npy,442169.29243200656,0.8668339505252887,welch_hann_2048_overlap_1024_fs_44100,digital_amplitude_squared_per_hz,1.201278223919474e-10,947.4609375,2.6987446950876598e-11,1270.458984375,3.779911588297929e-11,2153.3203125
2025.07.09_0.3_1,index=10.383287,45,45.0,1,383287.3545598079,383287.35455980786_src-index=10.383287_chunk-0045.npy,442169.29243200656,0.8668339505252887,welch_hann_2048_overlap_1024_fs_44100,digital_amplitude_squared_per_hz,1.1792769233935779e-10,947.4609375,2.8610406980555495e-11,1270.458984375,3.496230450183128e-11,2153.3203125
2025.07.09_0.3_1,index=10.383287,46,46.0,1,383287.3545598079,383287.35455980786_src-index=10.383287_chunk-0046.npy,442169.29243200656,0.8668339505252887,welch_hann_2048_overlap_1024_fs_44100,digital_amplitude_squared_per_hz,1.1244551667587648e-10,947.4609375,2.867682438776305e-11,1356.591796875,3.3047522071997415e-11,2153.3203125
2025.07.09_0.3_1,index=10.383287,47,47.0,1,383287.3545598079,383287.35455980786_src-index=10.383287_chunk-0047.npy,442169.29243200656,0.8668339505252887,welch_hann_2048_overlap_1024_fs_44100,digital_amplitude_squared_per_hz,1.1958533021580731e-10,947.4609375,2.944204201399576e-11,1270.458984375,3.541499446847229e-11,2153.3203125
2025.07.09_0.3_1,index=10.383287,48,48.0,1,383287.3545598079,383287.35455980786_src-index=10.383287_chunk-0048.npy,442169.29243200656,0.8668339505252887,welch_hann_2048_overlap_1024_fs_44100,digital_amplitude_squared_per_hz,1.086141239096765e-10,947.4609375,2.7327926136147656e-11,1270.458984375,3.7525251524193974e-11,2153.3203125
2025.07.09_0.3_1,index=10.383287,49,49.0,1,383287.3545598079,383287.35455980786_src-index=10.383287_chunk-0049.npy,442169.29243200656,0.8668339505252887,welch_hann_2048_overlap_1024_fs_44100,digital_amplitude_squared_per_hz,1.16531819498273e-10,947.4609375,3.094685204589032e-11,1270.458984375,2.966622209828231e-11,2153.3203125
2025.07.09_0.3_1,index=10.383287,50,50.0,1,383287.3545598079,383287.35455980786_src-index=10.383287_chunk-0050.npy,442169.29243200656,0.8668339505252887,welch_hann_2048_overlap_1024_fs_44100,digital_amplitude_squared_per_hz,1.1205716634075505e-10,947.4609375,2.9800559792899116e-11,1356.591796875,3.496478335109105e-11,2153.3203125
2025.07.09_0.3_1,index=10.383287,51,51.0,1,383287.3545598079,383287.35455980786_src-index=10.383287_chunk-0051.npy,442169.29243200656,0.8668339505252887,welch_hann_2048_overlap_1024_fs_44100,digital_amplitude_squared_per_hz,1.2535564319991913e-10,947.4609375,2.9007735933932972e-11,1270.458984375,3.585620007687325e-11,2153.3203125
2025.07.09_0.3_1,index=10.383287,52,52.0,1,383287.3545598079,383287.35455980786_src-index=10.383287_chunk-0052.npy,442169.29243200656,0.8668339505252887,welch_hann_2048_overlap_1024_fs_44100,digital_amplitude_squared_per_hz,1.2704642572922386e-10,947.4609375,2.986012514429153e-11,1270.458984375,3.945390669485591e-11,2153.3203125
2025.07.09_0.3_1,index=10.383287,53,53.0,1,383287.3545598079,383287.35455980786_src-index=10.383287_chunk-0053.npy,442169.29243200656,0.8668339505252887,welch_hann_2048_overlap_1024_fs_44100,digital_amplitude_squared_per_hz,1.198395057675145e-10,947.4609375,2.6685179387979162e-11,1270.458984375,3.6922523831162734e-11,2153.3203125
2025.07.09_0.3_1,index=10.383287,54,54.0,1,383287.3545598079,383287.35455980786_src-index=10.383287_chunk-0054.npy,442169.29243200656,0.8668339505252887,welch_hann_2048_overlap_1024_fs_44100,digital_amplitude_squared_per_hz,1.1923690951381617e-10,947.4609375,2.6122317293684828e-11,1356.591796875,3.162555130160857e-11,2153.3203125
2025.07.09_0.3_1,index=10.383287,55,55.0,1,383287.3545598079,383287.35455980786_src-index=10.383287_chunk-0055.npy,442169.29243200656,0.8668339505252887,welch_hann_2048_overlap_1024_fs_44100,digital_amplitude_squared_per_hz,1.158694976065497e-10,947.4609375,2.5479660435843904e-11,1270.458984375,3.643587230560235e-11,2153.3203125
2025.07.09_0.3_1,index=10.383287,56,56.0,1,383287.3545598079,383287.35455980786_src-index=10.383287_chunk-0056.npy,442169.29243200656,0.8668339505252887,welch_hann_2048_overlap_1024_fs_44100,digital_amplitude_squared_per_hz,1.23908570797563e-10,947.4609375,3.064615180680575e-11,1270.458984375,3.230603462937648e-11,2153.3203125
2025.07.09_0.3_1,index=10.383287,57,57.0,1,383287.3545598079,383287.35455980786_src-index=10.383287_chunk-0057.npy,442169.29243200656,0.8668339505252887,welch_hann_2048_overlap_1024_fs_44100,digital_amplitude_squared_per_hz,1.321423130138298e-10,947.4609375,2.64972597247526e-11,1356.591796875,3.492256764690921e-11,2153.3203125
2025.07.09_0.3_1,index=10.383287,58,58.0,1,383287.3545598079,383287.35455980786_src-index=10.383287_chunk-0058.npy,442169.29243200656,0.8668339505252887,welch_hann_2048_overlap_1024_fs_44100,digital_amplitude_squared_per_hz,1.1734654949366328e-10,947.4609375,2.4594072015589586e-11,1270.458984375,3.796788805099078e-11,2153.3203125
2025.07.09_0.3_1,index=10.383287,59,59.0,1,383287.3545598079,383287.35455980786_src-index=10.383287_chunk-0059.npy,442169.29243200656,0.8668339505252887,welch_hann_2048_overlap_1024_fs_44100,digital_amplitude_squared_per_hz,1.0867968573324487e-10,947.4609375,2.635414353322358e-11,1270.458984375,4.042448204473491e-11,2153.3203125
2025.07.09_0.3_1,index=11.442169,0,0.0,1,442169.29243200656,442169.29243200656_src-index=11.442169_chunk-0000.npy,442169.29243200656,1.0,welch_hann_2048_overlap_1024_fs_44100,digital_amplitude_squared_per_hz,1.1098887096840551e-10,947.4609375,2.6443071044302776e-11,1550.390625,3.61930347406569e-11,2153.3203125
2025.07.09_0.3_1,index=11.442169,1,1.0,1,442169.29243200656,442169.29243200656_src-index=11.442169_chunk-0001.npy,442169.29243200656,1.0,welch_hann_2048_overlap_1024_fs_44100,digital_amplitude_squared_per_hz,1.0644098748157914e-10,947.4609375,2.7799131619830896e-11,1356.591796875,4.3718328112840874e-11,2153.3203125
2025.07.09_0.3_1,index=11.442169,2,2.0,1,442169.29243200656,442169.29243200656_src-index=11.442169_chunk-0002.npy,442169.29243200656,1.0,welch_hann_2048_overlap_1024_fs_44100,digital_amplitude_squared_per_hz,9.1297444914881e-11,947.4609375,2.6925362900896253e-11,1356.591796875,4.1640305100272417e-11,2153.3203125
2025.07.09_0.3_1,index=11.442169,3,3.0,1,442169.29243200656,442169.29243200656_src-index=11.442169_chunk-0003.npy,442169.29243200656,1.0,welch_hann_2048_overlap_1024_fs_44100,digital_amplitude_squared_per_hz,1.1293958271731588e-10,947.4609375,4.039264120592833e-11,1356.591796875,3.341425224191702e-11,2153.3203125
2025.07.09_0.3_1,index=11.442169,4,4.0,1,442169.29243200656,442169.29243200656_src-index=11.442169_chunk-0004.npy,442169.29243200656,1.0,welch_hann_2048_overlap_1024_fs_44100,digital_amplitude_squared_per_hz,1.0887253892595405e-10,947.4609375,3.674073663237894e-11,1356.591796875,4.144504714825011e-11,2153.3203125
2025.07.09_0.3_1,index=11.442169,5,5.0,1,442169.29243200656,442169.29243200656_src-index=11.442169_chunk-0005.npy,442169.29243200656,1.0,welch_hann_2048_overlap_1024_fs_44100,digital_amplitude_squared_per_hz,1.0612086389230195e-10,947.4609375,2.9067837886296346e-11,1356.591796875,3.80364532332509e-11,2153.3203125
2025.07.09_0.3_1,index=11.442169,6,6.0,1,442169.29243200656,442169.29243200656_src-index=11.442169_chunk-0006.npy,442169.29243200656,1.0,welch_hann_2048_overlap_1024_fs_44100,digital_amplitude_squared_per_hz,1.1768841824132362e-10,947.4609375,3.196479415826762e-11,1356.591796875,3.353136007760825e-11,2153.3203125
2025.07.09_0.3_1,index=11.442169,7,7.0,1,442169.29243200656,442169.29243200656_src-index=11.442169_chunk-0007.npy,442169.29243200656,1.0,welch_hann_2048_overlap_1024_fs_44100,digital_amplitude_squared_per_hz,1.0852087262261948e-10,947.4609375,2.5064749639707374e-11,1270.458984375,3.700642316667137e-11,2153.3203125
2025.07.09_0.3_1,index=11.442169,8,8.0,1,442169.29243200656,442169.29243200656_src-index=11.442169_chunk-0008.npy,442169.29243200656,1.0,welch_hann_2048_overlap_1024_fs_44100,digital_amplitude_squared_per_hz,1.0235493855771493e-10,947.4609375,2.3579670855338905e-11,1356.591796875,3.8058003891108064e-11,2153.3203125
2025.07.09_0.3_1,index=11.442169,9,9.0,1,442169.29243200656,442169.29243200656_src-index=11.442169_chunk-0009.npy,442169.29243200656,1.0,welch_hann_2048_overlap_1024_fs_44100,digital_amplitude_squared_per_hz,1.1121431736281916e-10,947.4609375,2.945889764383299e-11,1356.591796875,3.3561792778697675e-11,2153.3203125
2025.07.09_0.3_1,index=11.442169,10,10.0,1,442169.29243200656,442169.29243200656_src-index=11.442169_chunk-0010.npy,442169.29243200656,1.0,welch_hann_2048_overlap_1024_fs_44100,digital_amplitude_squared_per_hz,1.0214887968697892e-10,947.4609375,2.481898876969694e-11,1356.591796875,3.9970706268032277e-11,2153.3203125
2025.07.09_0.3_1,index=11.442169,11,11.0,1,442169.29243200656,442169.29243200656_src-index=11.442169_chunk-0011.npy,442169.29243200656,1.0,welch_hann_2048_overlap_1024_fs_44100,digital_amplitude_squared_per_hz,1.207439888588112e-10,947.4609375,4.0160758784677816e-11,1356.591796875,3.7716122530283813e-11,2153.3203125
2025.07.09_0.3_1,index=11.442169,12,12.0,1,442169.29243200656,442169.29243200656_src-index=11.442169_chunk-0012.npy,442169.29243200656,1.0,welch_hann_2048_overlap_1024_fs_44100,digital_amplitude_squared_per_hz,1.2116372361027704e-10,947.4609375,2.877446853906982e-11,1356.591796875,4.2017675830260545e-11,2153.3203125
2025.07.09_0.3_1,index=11.442169,13,13.0,1,442169.29243200656,442169.29243200656_src-index=11.442169_chunk-0013.npy,442169.29243200656,1.0,welch_hann_2048_overlap_1024_fs_44100,digital_amplitude_squared_per_hz,1.2175162706145182e-10,947.4609375,3.334721269004921e-11,1356.591796875,3.5167569705106634e-11,2153.3203125
2025.07.09_0.3_1,index=11.442169,14,14.0,1,442169.29243200656,442169.29243200656_src-index=11.442169_chunk-0014.npy,442169.29243200656,1.0,welch_hann_2048_overlap_1024_fs_44100,digital_amplitude_squared_per_hz,1.165647185993199e-10,947.4609375,3.601555038388464e-11,1356.591796875,3.813521205079546e-11,2153.3203125
2025.07.09_0.3_1,index=11.442169,15,15.0,1,442169.29243200656,442169.29243200656_src-index=11.442169_chunk-0015.npy,442169.29243200656,1.0,welch_hann_2048_overlap_1024_fs_44100,digital_amplitude_squared_per_hz,1.0840352270469869e-10,947.4609375,2.802322430645149e-11,1270.458984375,3.599285385610373e-11,2153.3203125
2025.07.09_0.3_1,index=11.442169,16,16.0,1,442169.29243200656,442169.29243200656_src-index=11.442169_chunk-0016.npy,442169.29243200656,1.0,welch_hann_2048_overlap_1024_fs_44100,digital_amplitude_squared_per_hz,1.057882510086245e-10,947.4609375,2.8047045462094587e-11,1356.591796875,3.761367166832544e-11,2153.3203125
2025.07.09_0.3_1,index=11.442169,17,17.0,1,442169.29243200656,442169.29243200656_src-index=11.442169_chunk-0017.npy,442169.29243200656,1.0,welch_hann_2048_overlap_1024_fs_44100,digital_amplitude_squared_per_hz,1.0522513053880786e-10,947.4609375,3.084006091297611e-11,1356.591796875,3.454139925321135e-11,2153.3203125
2025.07.09_0.3_1,index=11.442169,18,18.0,1,442169.29243200656,442169.29243200656_src-index=11.442169_chunk-0018.npy,442169.29243200656,1.0,welch_hann_2048_overlap_1024_fs_44100,digital_amplitude_squared_per_hz,9.207217687976442e-11,947.4609375,1.6444544856337818e-11,1356.591796875,3.376648537227562e-11,2153.3203125
2025.07.09_0.3_1,index=11.442169,19,19.0,1,442169.29243200656,442169.29243200656_src-index=11.442169_chunk-0019.npy,442169.29243200656,1.0,welch_hann_2048_overlap_1024_fs_44100,digital_amplitude_squared_per_hz,1.0907114063942874e-10,947.4609375,3.2063063064279715e-11,1356.591796875,3.7916013660822994e-11,2153.3203125
2025.07.09_0.3_1,index=11.442169,20,20.0,1,442169.29243200656,442169.29243200656_src-index=11.442169_chunk-0020.npy,442169.29243200656,1.0,welch_hann_2048_overlap_1024_fs_44100,digital_amplitude_squared_per_hz,9.30891994848937e-11,947.4609375,2.940474017635609e-11,1356.591796875,3.713590163210912e-11,2153.3203125
2025.07.09_0.3_1,index=11.442169,21,21.0,1,442169.29243200656,442169.29243200656_src-index=11.442169_chunk-0021.npy,442169.29243200656,1.0,welch_hann_2048_overlap_1024_fs_44100,digital_amplitude_squared_per_hz,1.004632376780523e-10,947.4609375,3.3706905554280826e-11,1356.591796875,4.1126568618670055e-11,2153.3203125
2025.07.09_0.3_1,index=11.442169,22,22.0,1,442169.29243200656,442169.29243200656_src-index=11.442169_chunk-0022.npy,442169.29243200656,1.0,welch_hann_2048_overlap_1024_fs_44100,digital_amplitude_squared_per_hz,1.1240786176419016e-10,947.4609375,3.104279742741449e-11,1356.591796875,4.1559724151287695e-11,2153.3203125
2025.07.09_0.3_1,index=11.442169,23,23.0,1,442169.29243200656,442169.29243200656_src-index=11.442169_chunk-0023.npy,442169.29243200656,1.0,welch_hann_2048_overlap_1024_fs_44100,digital_amplitude_squared_per_hz,1.0603571340993932e-10,947.4609375,2.6935941865533755e-11,1270.458984375,3.409839905171238e-11,2153.3203125
2025.07.09_0.3_1,index=11.442169,24,24.0,1,442169.29243200656,442169.29243200656_src-index=11.442169_chunk-0024.npy,442169.29243200656,1.0,welch_hann_2048_overlap_1024_fs_44100,digital_amplitude_squared_per_hz,9.734960388745385e-11,947.4609375,2.4554902938083714e-11,1356.591796875,3.612004361848084e-11,2153.3203125
2025.07.09_0.3_1,index=11.442169,25,25.0,1,442169.29243200656,442169.29243200656_src-index=11.442169_chunk-0025.npy,442169.29243200656,1.0,welch_hann_2048_overlap_1024_fs_44100,digital_amplitude_squared_per_hz,1.1588443059228986e-10,947.4609375,2.1543006677356068e-11,1270.458984375,3.89186801888502e-11,2153.3203125
2025.07.09_0.3_1,index=11.442169,26,26.0,1,442169.29243200656,442169.29243200656_src-index=11.442169_chunk-0026.npy,442169.29243200656,1.0,welch_hann_2048_overlap_1024_fs_44100,digital_amplitude_squared_per_hz,1.150332757273443e-10,947.4609375,3.825897280987152e-11,1356.591796875,3.9859683376103796e-11,2153.3203125
2025.07.09_0.3_1,index=11.442169,27,27.0,1,442169.29243200656,442169.29243200656_src-index=11.442169_chunk-0027.npy,442169.29243200656,1.0,welch_hann_2048_overlap_1024_fs_44100,digital_amplitude_squared_per_hz,1.129334438436051e-10,947.4609375,2.92261558848165e-11,1270.458984375,4.130991227083726e-11,2153.3203125
2025.07.09_0.3_1,index=11.442169,28,28.0,1,442169.29243200656,442169.29243200656_src-index=11.442169_chunk-0028.npy,442169.29243200656,1.0,welch_hann_2048_overlap_1024_fs_44100,digital_amplitude_squared_per_hz,1.2385928380189937e-10,947.4609375,3.079787752936201e-11,1356.591796875,3.860598171923049e-11,2153.3203125
2025.07.09_0.3_1,index=11.442169,29,29.0,1,442169.29243200656,442169.29243200656_src-index=11.442169_chunk-0029.npy,442169.29243200656,1.0,welch_hann_2048_overlap_1024_fs_44100,digital_amplitude_squared_per_hz,1.1326525903807405e-10,947.4609375,4.007268987974062e-11,1356.591796875,4.303299280668021e-11,2153.3203125
2025.07.09_0.3_1,index=11.442169,30,30.0,1,442169.29243200656,442169.29243200656_src-index=11.442169_chunk-0030.npy,442169.29243200656,1.0,welch_hann_2048_overlap_1024_fs_44100,digital_amplitude_squared_per_hz,1.1477311743018606e-10,947.4609375,2.8360901931362307e-11,1270.458984375,3.47225574127891e-11,2153.3203125
2025.07.09_0.3_1,index=11.442169,31,31.0,1,442169.29243200656,442169.29243200656_src-index=11.442169_chunk-0031.npy,442169.29243200656,1.0,welch_hann_2048_overlap_1024_fs_44100,digital_amplitude_squared_per_hz,1.0911949556830103e-10,947.4609375,2.858601056862694e-11,1270.458984375,3.8724191308072626e-11,2153.3203125
2025.07.09_0.3_1,index=11.442169,32,32.0,1,442169.29243200656,442169.29243200656_src-index=11.442169_chunk-0032.npy,442169.29243200656,1.0,welch_hann_2048_overlap_1024_fs_44100,digital_amplitude_squared_per_hz,1.1973754549466995e-10,947.4609375,3.579026442032871e-11,1356.591796875,3.938027606497066e-11,2153.3203125
2025.07.09_0.3_1,index=11.442169,33,33.0,1,442169.29243200656,442169.29243200656_src-index=11.442169_chunk-0033.npy,442169.29243200656,1.0,welch_hann_2048_overlap_1024_fs_44100,digital_amplitude_squared_per_hz,1.0541410621696958e-10,947.4609375,2.889303248353773e-11,1356.591796875,5.072039290667809e-11,2153.3203125
2025.07.09_0.3_1,index=11.442169,34,34.0,1,442169.29243200656,442169.29243200656_src-index=11.442169_chunk-0034.npy,442169.29243200656,1.0,welch_hann_2048_overlap_1024_fs_44100,digital_amplitude_squared_per_hz,1.2584210320086407e-10,947.4609375,4.0009080322665106e-11,1356.591796875,4.050477993891391e-11,2153.3203125
2025.07.09_0.3_1,index=11.442169,35,35.0,1,442169.29243200656,442169.29243200656_src-index=11.442169_chunk-0035.npy,442169.29243200656,1.0,welch_hann_2048_overlap_1024_fs_44100,digital_amplitude_squared_per_hz,1.0883573211465127e-10,947.4609375,2.511772115995132e-11,1356.591796875,4.2337855203333e-11,2153.3203125
2025.07.09_0.3_1,index=11.442169,36,36.0,1,442169.29243200656,442169.29243200656_src-index=11.442169_chunk-0036.npy,442169.29243200656,1.0,welch_hann_2048_overlap_1024_fs_44100,digital_amplitude_squared_per_hz,1.1950135515194898e-10,947.4609375,2.119865262036012e-11,1270.458984375,4.6046585145877073e-11,2153.3203125
2025.07.09_0.3_1,index=11.442169,37,37.0,1,442169.29243200656,442169.29243200656_src-index=11.442169_chunk-0037.npy,442169.29243200656,1.0,welch_hann_2048_overlap_1024_fs_44100,digital_amplitude_squared_per_hz,1.1534119262416955e-10,947.4609375,2.3992613823463336e-11,1270.458984375,4.2550580562372365e-11,2153.3203125
2025.07.09_0.3_1,index=11.442169,38,38.0,1,442169.29243200656,442169.29243200656_src-index=11.442169_chunk-0038.npy,442169.29243200656,1.0,welch_hann_2048_overlap_1024_fs_44100,digital_amplitude_squared_per_hz,1.187820279341511e-10,947.4609375,2.703245063266501e-11,1550.390625,3.9067382478243016e-11,2153.3203125
2025.07.09_0.3_1,index=11.442169,39,39.0,1,442169.29243200656,442169.29243200656_src-index=11.442169_chunk-0039.npy,442169.29243200656,1.0,welch_hann_2048_overlap_1024_fs_44100,digital_amplitude_squared_per_hz,1.2506759717793205e-10,947.4609375,4.517588823132368e-11,1356.591796875,3.850735734960813e-11,2153.3203125
2025.07.09_0.3_1,index=11.442169,40,40.0,1,442169.29243200656,442169.29243200656_src-index=11.442169_chunk-0040.npy,442169.29243200656,1.0,welch_hann_2048_overlap_1024_fs_44100,digital_amplitude_squared_per_hz,1.196343104268574e-10,947.4609375,3.6398635718168533e-11,1356.591796875,3.866920773037026e-11,2153.3203125
2025.07.09_0.3_1,index=11.442169,41,41.0,1,442169.29243200656,442169.29243200656_src-index=11.442169_chunk-0041.npy,442169.29243200656,1.0,welch_hann_2048_overlap_1024_fs_44100,digital_amplitude_squared_per_hz,1.1254535707271338e-10,947.4609375,2.5716963691891314e-11,1270.458984375,4.1854943278993855e-11,2153.3203125
2025.07.09_0.3_1,index=11.442169,42,42.0,1,442169.29243200656,442169.29243200656_src-index=11.442169_chunk-0042.npy,442169.29243200656,1.0,welch_hann_2048_overlap_1024_fs_44100,digital_amplitude_squared_per_hz,1.0011889085102262e-10,947.4609375,3.29785113692533e-11,1356.591796875,3.8521663904640206e-11,2153.3203125
2025.07.09_0.3_1,index=11.442169,43,43.0,1,442169.29243200656,442169.29243200656_src-index=11.442169_chunk-0043.npy,442169.29243200656,1.0,welch_hann_2048_overlap_1024_fs_44100,digital_amplitude_squared_per_hz,1.1057230204461813e-10,947.4609375,2.952105662564405e-11,1270.458984375,4.6358595397997136e-11,2153.3203125
2025.07.09_0.3_1,index=11.442169,44,44.0,1,442169.29243200656,442169.29243200656_src-index=11.442169_chunk-0044.npy,442169.29243200656,1.0,welch_hann_2048_overlap_1024_fs_44100,digital_amplitude_squared_per_hz,1.2232322466420902e-10,947.4609375,3.67658416822176e-11,1356.591796875,4.4214574659733154e-11,2153.3203125
2025.07.09_0.3_1,index=11.442169,45,45.0,1,442169.29243200656,442169.29243200656_src-index=11.442169_chunk-0045.npy,442169.29243200656,1.0,welch_hann_2048_overlap_1024_fs_44100,digital_amplitude_squared_per_hz,9.769507692564053e-11,947.4609375,2.485936448575375e-11,1356.591796875,4.069345887617119e-11,2153.3203125
2025.07.09_0.3_1,index=11.442169,46,46.0,1,442169.29243200656,442169.29243200656_src-index=11.442169_chunk-0046.npy,442169.29243200656,1.0,welch_hann_2048_overlap_1024_fs_44100,digital_amplitude_squared_per_hz,1.1059197464059925e-10,947.4609375,3.332690125913871e-11,1356.591796875,4.662329153809737e-11,2153.3203125
2025.07.09_0.3_1,index=11.442169,47,47.0,1,442169.29243200656,442169.29243200656_src-index=11.442169_chunk-0047.npy,442169.29243200656,1.0,welch_hann_2048_overlap_1024_fs_44100,digital_amplitude_squared_per_hz,1.2123448158561241e-10,947.4609375,3.627805681838849e-11,1356.591796875,4.2621221038070514e-11,2153.3203125
2025.07.09_0.3_1,index=11.442169,48,48.0,1,442169.29243200656,442169.29243200656_src-index=11.442169_chunk-0048.npy,442169.29243200656,1.0,welch_hann_2048_overlap_1024_fs_44100,digital_amplitude_squared_per_hz,1.1843951771017768e-10,947.4609375,2.7674452470498104e-11,1356.591796875,4.753652619647471e-11,2153.3203125
2025.07.09_0.3_1,index=11.442169,49,49.0,1,442169.29243200656,442169.29243200656_src-index=11.442169_chunk-0049.npy,442169.29243200656,1.0,welch_hann_2048_overlap_1024_fs_44100,digital_amplitude_squared_per_hz,1.316811563006084e-10,947.4609375,3.4158893890992216e-11,1356.591796875,4.2473108920138905e-11,2153.3203125
2025.07.09_0.3_1,index=11.442169,50,50.0,1,442169.29243200656,442169.29243200656_src-index=11.442169_chunk-0050.npy,442169.29243200656,1.0,welch_hann_2048_overlap_1024_fs_44100,digital_amplitude_squared_per_hz,1.1588474069747744e-10,947.4609375,3.1919700976009145e-11,1356.591796875,4.130781159883916e-11,2153.3203125
2025.07.09_0.3_1,index=11.442169,51,51.0,1,442169.29243200656,442169.29243200656_src-index=11.442169_chunk-0051.npy,442169.29243200656,1.0,welch_hann_2048_overlap_1024_fs_44100,digital_amplitude_squared_per_hz,1.1246554223243793e-10,947.4609375,3.349420074058893e-11,1356.591796875,3.716144782091473e-11,2153.3203125
2025.07.09_0.3_1,index=11.442169,52,52.0,1,442169.29243200656,442169.29243200656_src-index=11.442169_chunk-0052.npy,442169.29243200656,1.0,welch_hann_2048_overlap_1024_fs_44100,digital_amplitude_squared_per_hz,1.177720406045116e-10,947.4609375,2.995026337701872e-11,1356.591796875,4.306155304672192e-11,2153.3203125
2025.07.09_0.3_1,index=11.442169,53,53.0,1,442169.29243200656,442169.29243200656_src-index=11.442169_chunk-0053.npy,442169.29243200656,1.0,welch_hann_2048_overlap_1024_fs_44100,digital_amplitude_squared_per_hz,1.0484019748814548e-10,947.4609375,3.313199651027068e-11,1356.591796875,4.566910654838652e-11,2153.3203125
2025.07.09_0.3_1,index=11.442169,54,54.0,1,442169.29243200656,442169.29243200656_src-index=11.442169_chunk-0054.npy,442169.29243200656,1.0,welch_hann_2048_overlap_1024_fs_44100,digital_amplitude_squared_per_hz,1.2650217001861257e-10,947.4609375,3.1129595203153606e-11,1356.591796875,4.306503443625236e-11,2153.3203125
2025.07.09_0.3_1,index=11.442169,55,55.0,1,442169.29243200656,442169.29243200656_src-index=11.442169_chunk-0055.npy,442169.29243200656,1.0,welch_hann_2048_overlap_1024_fs_44100,digital_amplitude_squared_per_hz,1.2589110357021108e-10,947.4609375,3.164759517350571e-11,1356.591796875,3.838270425766602e-11,2153.3203125
2025.07.09_0.3_1,index=11.442169,56,56.0,1,442169.29243200656,442169.29243200656_src-index=11.442169_chunk-0056.npy,442169.29243200656,1.0,welch_hann_2048_overlap_1024_fs_44100,digital_amplitude_squared_per_hz,1.1575555609109221e-10,947.4609375,2.769153215721023e-11,1356.591796875,4.573048795302371e-11,2153.3203125
2025.07.09_0.3_1,index=11.442169,57,57.0,1,442169.29243200656,442169.29243200656_src-index=11.442169_chunk-0057.npy,442169.29243200656,1.0,welch_hann_2048_overlap_1024_fs_44100,digital_amplitude_squared_per_hz,1.2244288763155804e-10,947.4609375,3.0550786016817824e-11,1356.591796875,4.316092952946579e-11,2153.3203125
2025.07.09_0.3_1,index=11.442169,58,58.0,1,442169.29243200656,442169.29243200656_src-index=11.442169_chunk-0058.npy,442169.29243200656,1.0,welch_hann_2048_overlap_1024_fs_44100,digital_amplitude_squared_per_hz,1.1936433935622067e-10,947.4609375,2.580878189388579e-11,1356.591796875,4.340625061451954e-11,2153.3203125
2025.07.09_0.3_1,index=11.442169,59,59.0,1,442169.29243200656,442169.29243200656_src-index=11.442169_chunk-0059.npy,442169.29243200656,1.0,welch_hann_2048_overlap_1024_fs_44100,digital_amplitude_squared_per_hz,1.18557648168987e-10,947.4609375,3.315728252739859e-11,1356.591796875,4.837785760597371e-11,2153.3203125
2025.07.09_0.3_1,index=12.505101,0,0.0,1,505101.268930616,505101.26893061603_src-index=12.505101_chunk-0000.npy,442169.29243200656,1.1423255245801285,welch_hann_2048_overlap_1024_fs_44100,digital_amplitude_squared_per_hz,9.996033855827727e-11,947.4609375,2.6996776157428747e-11,1356.591796875,4.117582236332728e-11,2153.3203125
2025.07.09_0.3_1,index=12.505101,1,1.0,1,505101.268930616,505101.26893061603_src-index=12.505101_chunk-0001.npy,442169.29243200656,1.1423255245801285,welch_hann_2048_overlap_1024_fs_44100,digital_amplitude_squared_per_hz,1.0554893774326633e-10,947.4609375,3.2486812108322026e-11,1356.591796875,3.9642039800481645e-11,2153.3203125
2025.07.09_0.3_1,index=12.505101,2,2.0,1,505101.268930616,505101.26893061603_src-index=12.505101_chunk-0002.npy,442169.29243200656,1.1423255245801285,welch_hann_2048_overlap_1024_fs_44100,digital_amplitude_squared_per_hz,1.1095804049311625e-10,947.4609375,3.561702360697479e-11,1356.591796875,3.929440386901551e-11,2153.3203125
2025.07.09_0.3_1,index=12.505101,3,3.0,1,505101.268930616,505101.26893061603_src-index=12.505101_chunk-0003.npy,442169.29243200656,1.1423255245801285,welch_hann_2048_overlap_1024_fs_44100,digital_amplitude_squared_per_hz,1.0052245212901111e-10,947.4609375,2.8246035063069434e-11,1356.591796875,4.1003935234206294e-11,2153.3203125
2025.07.09_0.3_1,index=12.505101,4,4.0,1,505101.268930616,505101.26893061603_src-index=12.505101_chunk-0004.npy,442169.29243200656,1.1423255245801285,welch_hann_2048_overlap_1024_fs_44100,digital_amplitude_squared_per_hz,1.0420666244941235e-10,947.4609375,3.485541312972466e-11,1356.591796875,4.3166338552658907e-11,2153.3203125
2025.07.09_0.3_1,index=12.505101,5,5.0,1,505101.268930616,505101.26893061603_src-index=12.505101_chunk-0005.npy,442169.29243200656,1.1423255245801285,welch_hann_2048_overlap_1024_fs_44100,digital_amplitude_squared_per_hz,1.0596736153974021e-10,947.4609375,3.514673813550993e-11,1356.591796875,4.874855388843854e-11,2153.3203125
2025.07.09_0.3_1,index=12.505101,6,6.0,1,505101.268930616,505101.26893061603_src-index=12.505101_chunk-0006.npy,442169.29243200656,1.1423255245801285,welch_hann_2048_overlap_1024_fs_44100,digital_amplitude_squared_per_hz,1.0740486280100539e-10,947.4609375,3.5333070999183674e-11,1356.591796875,5.11107315531456e-11,2153.3203125
2025.07.09_0.3_1,index=12.505101,7,7.0,1,505101.268930616,505101.26893061603_src-index=12.505101_chunk-0007.npy,442169.29243200656,1.1423255245801285,welch_hann_2048_overlap_1024_fs_44100,digital_amplitude_squared_per_hz,1.1162474684573041e-10,947.4609375,3.778678045767613e-11,1356.591796875,4.3616800419482916e-11,2153.3203125
2025.07.09_0.3_1,index=12.505101,8,8.0,1,505101.268930616,505101.26893061603_src-index=12.505101_chunk-0008.npy,442169.29243200656,1.1423255245801285,welch_hann_2048_overlap_1024_fs_44100,digital_amplitude_squared_per_hz,1.2013720945804234e-10,947.4609375,4.6569170696609177e-11,1356.591796875,4.185290927425632e-11,2153.3203125
2025.07.09_0.3_1,index=12.505101,9,9.0,1,505101.268930616,505101.26893061603_src-index=12.505101_chunk-0009.npy,442169.29243200656,1.1423255245801285,welch_hann_2048_overlap_1024_fs_44100,digital_amplitude_squared_per_hz,9.489927255090872e-11,947.4609375,3.426120180691422e-11,1356.591796875,4.4308171616143946e-11,2153.3203125
2025.07.09_0.3_1,index=12.505101,10,10.0,1,505101.268930616,505101.26893061603_src-index=12.505101_chunk-0010.npy,442169.29243200656,1.1423255245801285,welch_hann_2048_overlap_1024_fs_44100,digital_amplitude_squared_per_hz,1.146132291788267e-10,947.4609375,3.888873154410206e-11,1356.591796875,3.862096342114506e-11,2153.3203125
2025.07.09_0.3_1,index=12.505101,11,11.0,1,505101.268930616,505101.26893061603_src-index=12.505101_chunk-0011.npy,442169.29243200656,1.1423255245801285,welch_hann_2048_overlap_1024_fs_44100,digital_amplitude_squared_per_hz,1.129509433499876e-10,947.4609375,2.553281918893071e-11,1356.591796875,4.673419128472353e-11,2153.3203125
2025.07.09_0.3_1,index=12.505101,12,12.0,1,505101.268930616,505101.26893061603_src-index=12.505101_chunk-0012.npy,442169.29243200656,1.1423255245801285,welch_hann_2048_overlap_1024_fs_44100,digital_amplitude_squared_per_hz,1.1538156635662082e-10,947.4609375,3.128081263136721e-11,1356.591796875,3.4704986650591054e-11,2153.3203125
2025.07.09_0.3_1,index=12.505101,13,13.0,1,505101.268930616,505101.26893061603_src-index=12.505101_chunk-0013.npy,442169.29243200656,1.1423255245801285,welch_hann_2048_overlap_1024_fs_44100,digital_amplitude_squared_per_hz,1.0587992810619065e-10,947.4609375,3.871711701734273e-11,1356.591796875,4.919137522350539e-11,2153.3203125
2025.07.09_0.3_1,index=12.505101,14,14.0,1,505101.268930616,505101.26893061603_src-index=12.505101_chunk-0014.npy,442169.29243200656,1.1423255245801285,welch_hann_2048_overlap_1024_fs_44100,digital_amplitude_squared_per_hz,1.2034069564118966e-10,947.4609375,4.287772459479932e-11,1356.591796875,3.477545037926182e-11,2153.3203125
2025.07.09_0.3_1,index=12.505101,15,15.0,1,505101.268930616,505101.26893061603_src-index=12.505101_chunk-0015.npy,442169.29243200656,1.1423255245801285,welch_hann_2048_overlap_1024_fs_44100,digital_amplitude_squared_per_hz,9.689866842144227e-11,947.4609375,3.637982900931415e-11,1356.591796875,4.700699916371094e-11,2153.3203125
2025.07.09_0.3_1,index=12.505101,16,16.0,1,505101.268930616,505101.26893061603_src-index=12.505101_chunk-0016.npy,442169.29243200656,1.1423255245801285,welch_hann_2048_overlap_1024_fs_44100,digital_amplitude_squared_per_hz,1.1274824977836727e-10,947.4609375,4.228113052507405e-11,1356.591796875,4.455200962809434e-11,2153.3203125
2025.07.09_0.3_1,index=12.505101,17,17.0,1,505101.268930616,505101.26893061603_src-index=12.505101_chunk-0017.npy,442169.29243200656,1.1423255245801285,welch_hann_2048_overlap_1024_fs_44100,digital_amplitude_squared_per_hz,1.1130411666071144e-10,947.4609375,2.6586543460281724e-11,1356.591796875,3.744912208605441e-11,2153.3203125
2025.07.09_0.3_1,index=12.505101,18,18.0,1,505101.268930616,505101.26893061603_src-index=12.505101_chunk-0018.npy,442169.29243200656,1.1423255245801285,welch_hann_2048_overlap_1024_fs_44100,digital_amplitude_squared_per_hz,1.0128452125448633e-10,947.4609375,2.6931543771063594e-11,1356.591796875,4.18625554135855e-11,2153.3203125
2025.07.09_0.3_1,index=12.505101,19,19.0,1,505101.268930616,505101.26893061603_src-index=12.505101_chunk-0019.npy,442169.29243200656,1.1423255245801285,welch_hann_2048_overlap_1024_fs_44100,digital_amplitude_squared_per_hz,1.097118389634037e-10,947.4609375,2.7795310902220684e-11,1356.591796875,4.248699932279441e-11,2153.3203125
2025.07.09_0.3_1,index=12.505101,20,20.0,1,505101.268930616,505101.26893061603_src-index=12.505101_chunk-0020.npy,442169.29243200656,1.1423255245801285,welch_hann_2048_overlap_1024_fs_44100,digital_amplitude_squared_per_hz,1.2228951037839148e-10,947.4609375,3.8975415980646643e-11,1356.591796875,4.334508192398585e-11,2153.3203125
2025.07.09_0.3_1,index=12.505101,21,21.0,1,505101.268930616,505101.26893061603_src-index=12.505101_chunk-0021.npy,442169.29243200656,1.1423255245801285,welch_hann_2048_overlap_1024_fs_44100,digital_amplitude_squared_per_hz,1.1244371538225733e-10,947.4609375,4.0130473885009865e-11,1356.591796875,4.5764119049172836e-11,2153.3203125
2025.07.09_0.3_1,index=12.505101,22,22.0,1,505101.268930616,505101.26893061603_src-index=12.505101_chunk-0022.npy,442169.29243200656,1.1423255245801285,welch_hann_2048_overlap_1024_fs_44100,digital_amplitude_squared_per_hz,1.1431407600895159e-10,947.4609375,3.951434901616286e-11,1356.591796875,4.960592993585083e-11,2153.3203125
2025.07.09_0.3_1,index=12.505101,23,23.0,1,505101.268930616,505101.26893061603_src-index=12.505101_chunk-0023.npy,442169.29243200656,1.1423255245801285,welch_hann_2048_overlap_1024_fs_44100,digital_amplitude_squared_per_hz,1.2366457429664217e-10,947.4609375,4.045054246418715e-11,1356.591796875,3.813283485355028e-11,2153.3203125
2025.07.09_0.3_1,index=12.505101,24,24.0,1,505101.268930616,505101.26893061603_src-index=12.505101_chunk-0024.npy,442169.29243200656,1.1423255245801285,welch_hann_2048_overlap_1024_fs_44100,digital_amplitude_squared_per_hz,1.0083058924056421e-10,947.4609375,3.045338932044697e-11,1356.591796875,4.9192930818687566e-11,2153.3203125
2025.07.09_0.3_1,index=12.505101,25,25.0,1,505101.268930616,505101.26893061603_src-index=12.505101_chunk-0025.npy,442169.29243200656,1.1423255245801285,welch_hann_2048_overlap_1024_fs_44100,digital_amplitude_squared_per_hz,1.1632119892518188e-10,947.4609375,3.607350823488241e-11,1356.591796875,3.80883050746615e-11,2153.3203125
2025.07.09_0.3_1,index=12.505101,26,26.0,1,505101.268930616,505101.26893061603_src-index=12.505101_chunk-0026.npy,442169.29243200656,1.1423255245801285,welch_hann_2048_overlap_1024_fs_44100,digital_amplitude_squared_per_hz,1.1343619947640002e-10,947.4609375,3.06249146483015e-11,1356.591796875,3.8093271709414116e-11,2153.3203125
2025.07.09_0.3_1,index=12.505101,27,27.0,1,505101.268930616,505101.26893061603_src-index=12.505101_chunk-0027.npy,442169.29243200656,1.1423255245801285,welch_hann_2048_overlap_1024_fs_44100,digital_amplitude_squared_per_hz,1.1922005184008596e-10,947.4609375,2.9680416511130496e-11,1356.591796875,4.766112385609434e-11,2153.3203125
2025.07.09_0.3_1,index=12.505101,28,28.0,1,505101.268930616,505101.26893061603_src-index=12.505101_chunk-0028.npy,442169.29243200656,1.1423255245801285,welch_hann_2048_overlap_1024_fs_44100,digital_amplitude_squared_per_hz,1.09227282993392e-10,947.4609375,3.193592962895047e-11,1356.591796875,4.550870120120095e-11,2153.3203125
2025.07.09_0.3_1,index=12.505101,29,29.0,1,505101.268930616,505101.26893061603_src-index=12.505101_chunk-0029.npy,442169.29243200656,1.1423255245801285,welch_hann_2048_overlap_1024_fs_44100,digital_amplitude_squared_per_hz,1.136476929281699e-10,947.4609375,3.838891479679158e-11,1356.591796875,4.392992084046637e-11,2153.3203125
2025.07.09_0.3_1,index=12.505101,30,30.0,1,505101.268930616,505101.26893061603_src-index=12.505101_chunk-0030.npy,442169.29243200656,1.1423255245801285,welch_hann_2048_overlap_1024_fs_44100,digital_amplitude_squared_per_hz,1.0157023939955798e-10,947.4609375,3.3098860442827065e-11,1356.591796875,3.787169530318607e-11,2153.3203125
2025.07.09_0.3_1,index=12.505101,31,31.0,1,505101.268930616,505101.26893061603_src-index=12.505101_chunk-0031.npy,442169.29243200656,1.1423255245801285,welch_hann_2048_overlap_1024_fs_44100,digital_amplitude_squared_per_hz,1.1260500573640472e-10,947.4609375,2.562786078659697e-11,1356.591796875,4.409109287150487e-11,2153.3203125
2025.07.09_0.3_1,index=12.505101,32,32.0,1,505101.268930616,505101.26893061603_src-index=12.505101_chunk-0032.npy,442169.29243200656,1.1423255245801285,welch_hann_2048_overlap_1024_fs_44100,digital_amplitude_squared_per_hz,1.19448170647212e-10,947.4609375,3.251948933932526e-11,1356.591796875,4.0342907858247465e-11,2153.3203125
2025.07.09_0.3_1,index=12.505101,33,33.0,1,505101.268930616,505101.26893061603_src-index=12.505101_chunk-0033.npy,442169.29243200656,1.1423255245801285,welch_hann_2048_overlap_1024_fs_44100,digital_amplitude_squared_per_hz,1.0848106981135566e-10,947.4609375,4.075987924091049e-11,1356.591796875,4.6811753623791235e-11,2153.3203125
2025.07.09_0.3_1,index=12.505101,34,34.0,1,505101.268930616,505101.26893061603_src-index=12.505101_chunk-0034.npy,442169.29243200656,1.1423255245801285,welch_hann_2048_overlap_1024_fs_44100,digital_amplitude_squared_per_hz,1.1585587614738599e-10,947.4609375,4.742536342315965e-11,1356.591796875,3.714307143924296e-11,2153.3203125
2025.07.09_0.3_1,index=12.505101,35,35.0,1,505101.268930616,505101.26893061603_src-index=12.505101_chunk-0035.npy,442169.29243200656,1.1423255245801285,welch_hann_2048_overlap_1024_fs_44100,digital_amplitude_squared_per_hz,1.1094406960416788e-10,947.4609375,2.8765572496305076e-11,1356.591796875,4.6933135134644124e-11,2153.3203125
2025.07.09_0.3_1,index=12.505101,36,36.0,1,505101.268930616,505101.26893061603_src-index=12.505101_chunk-0036.npy,442169.29243200656,1.1423255245801285,welch_hann_2048_overlap_1024_fs_44100,digital_amplitude_squared_per_hz,1.1034876176316651e-10,947.4609375,3.512695752529387e-11,1356.591796875,4.476616477239543e-11,2153.3203125
2025.07.09_0.3_1,index=12.505101,37,37.0,1,505101.268930616,505101.26893061603_src-index=12.505101_chunk-0037.npy,442169.29243200656,1.1423255245801285,welch_hann_2048_overlap_1024_fs_44100,digital_amplitude_squared_per_hz,9.673559275560313e-11,947.4609375,2.4827218630225312e-11,1270.458984375,4.7279140430061913e-11,2153.3203125
2025.07.09_0.3_1,index=12.505101,38,38.0,1,505101.268930616,505101.26893061603_src-index=12.505101_chunk-0038.npy,442169.29243200656,1.1423255245801285,welch_hann_2048_overlap_1024_fs_44100,digital_amplitude_squared_per_hz,9.991706373087626e-11,947.4609375,2.648821194771052e-11,1270.458984375,4.8417252490856914e-11,2153.3203125
2025.07.09_0.3_1,index=12.505101,39,39.0,1,505101.268930616,505101.26893061603_src-index=12.505101_chunk-0039.npy,442169.29243200656,1.1423255245801285,welch_hann_2048_overlap_1024_fs_44100,digital_amplitude_squared_per_hz,1.13153236195255e-10,947.4609375,2.974696091037418e-11,1356.591796875,4.71198962194028e-11,2153.3203125
2025.07.09_0.3_1,index=12.505101,40,40.0,1,505101.268930616,505101.26893061603_src-index=12.505101_chunk-0040.npy,442169.29243200656,1.1423255245801285,welch_hann_2048_overlap_1024_fs_44100,digital_amplitude_squared_per_hz,1.1015460151764167e-10,947.4609375,3.6391455646651064e-11,1356.591796875,5.3830561760275877e-11,2153.3203125
2025.07.09_0.3_1,index=12.505101,41,41.0,1,505101.268930616,505101.26893061603_src-index=12.505101_chunk-0041.npy,442169.29243200656,1.1423255245801285,welch_hann_2048_overlap_1024_fs_44100,digital_amplitude_squared_per_hz,1.095153557385327e-10,947.4609375,3.616725037851594e-11,1356.591796875,4.679475584709316e-11,2153.3203125
2025.07.09_0.3_1,index=12.505101,42,42.0,1,505101.268930616,505101.26893061603_src-index=12.505101_chunk-0042.npy,442169.29243200656,1.1423255245801285,welch_hann_2048_overlap_1024_fs_44100,digital_amplitude_squared_per_hz,1.118894570658802e-10,947.4609375,3.198317344942684e-11,1356.591796875,5.124247919211906e-11,2153.3203125
2025.07.09_0.3_1,index=12.505101,43,43.0,1,505101.268930616,505101.26893061603_src-index=12.505101_chunk-0043.npy,442169.29243200656,1.1423255245801285,welch_hann_2048_overlap_1024_fs_44100,digital_amplitude_squared_per_hz,9.315449396617057e-11,947.4609375,2.5604583565064076e-11,1356.591796875,5.15083580852192e-11,2153.3203125
2025.07.09_0.3_1,index=12.505101,44,44.0,1,505101.268930616,505101.26893061603_src-index=12.505101_chunk-0044.npy,442169.29243200656,1.1423255245801285,welch_hann_2048_overlap_1024_fs_44100,digital_amplitude_squared_per_hz,1.0672804894109937e-10,947.4609375,2.3248650315707478e-11,1356.591796875,4.298131719740332e-11,2153.3203125
2025.07.09_0.3_1,index=12.505101,45,45.0,1,505101.268930616,505101.26893061603_src-index=12.505101_chunk-0045.npy,442169.29243200656,1.1423255245801285,welch_hann_2048_overlap_1024_fs_44100,digital_amplitude_squared_per_hz,1.0784419213933927e-10,947.4609375,4.19565170853508e-11,1356.591796875,4.948696026241936e-11,2153.3203125
2025.07.09_0.3_1,index=12.505101,46,46.0,1,505101.268930616,505101.26893061603_src-index=12.505101_chunk-0046.npy,442169.29243200656,1.1423255245801285,welch_hann_2048_overlap_1024_fs_44100,digital_amplitude_squared_per_hz,1.0878794453112874e-10,947.4609375,3.6634484694681236e-11,1356.591796875,4.9517839013264346e-11,2153.3203125
2025.07.09_0.3_1,index=12.505101,47,47.0,1,505101.268930616,505101.26893061603_src-index=12.505101_chunk-0047.npy,442169.29243200656,1.1423255245801285,welch_hann_2048_overlap_1024_fs_44100,digital_amplitude_squared_per_hz,1.1619982947833225e-10,947.4609375,2.6207808919806795e-11,1356.591796875,4.673549141966011e-11,2153.3203125
2025.07.09_0.3_1,index=12.505101,48,48.0,1,505101.268930616,505101.26893061603_src-index=12.505101_chunk-0048.npy,442169.29243200656,1.1423255245801285,welch_hann_2048_overlap_1024_fs_44100,digital_amplitude_squared_per_hz,1.34018087297193e-10,947.4609375,3.035170354990066e-11,1270.458984375,4.056728863151404e-11,2153.3203125
2025.07.09_0.3_1,index=12.505101,49,49.0,1,505101.268930616,505101.26893061603_src-index=12.505101_chunk-0049.npy,442169.29243200656,1.1423255245801285,welch_hann_2048_overlap_1024_fs_44100,digital_amplitude_squared_per_hz,1.0569051759630183e-10,947.4609375,3.552670704892677e-11,1356.591796875,4.291145813349542e-11,2153.3203125
2025.07.09_0.3_1,index=12.505101,50,50.0,1,505101.268930616,505101.26893061603_src-index=12.505101_chunk-0050.npy,442169.29243200656,1.1423255245801285,welch_hann_2048_overlap_1024_fs_44100,digital_amplitude_squared_per_hz,1.1130770482571444e-10,947.4609375,3.4637053331422043e-11,1356.591796875,4.363686094022874e-11,2153.3203125
2025.07.09_0.3_1,index=12.505101,51,51.0,1,505101.268930616,505101.26893061603_src-index=12.505101_chunk-0051.npy,442169.29243200656,1.1423255245801285,welch_hann_2048_overlap_1024_fs_44100,digital_amplitude_squared_per_hz,1.0692970398634576e-10,947.4609375,3.062450770253802e-11,1270.458984375,4.475994191009523e-11,2153.3203125
2025.07.09_0.3_1,index=12.505101,52,52.0,1,505101.268930616,505101.26893061603_src-index=12.505101_chunk-0052.npy,442169.29243200656,1.1423255245801285,welch_hann_2048_overlap_1024_fs_44100,digital_amplitude_squared_per_hz,1.1277085281461746e-10,947.4609375,3.591319200731697e-11,1356.591796875,4.8108671566166443e-11,2153.3203125
2025.07.09_0.3_1,index=12.505101,53,53.0,1,505101.268930616,505101.26893061603_src-index=12.505101_chunk-0053.npy,442169.29243200656,1.1423255245801285,welch_hann_2048_overlap_1024_fs_44100,digital_amplitude_squared_per_hz,1.0607716884489168e-10,947.4609375,4.1647071530649916e-11,1356.591796875,4.542850368580649e-11,2153.3203125
2025.07.09_0.3_1,index=12.505101,54,54.0,1,505101.268930616,505101.26893061603_src-index=12.505101_chunk-0054.npy,442169.29243200656,1.1423255245801285,welch_hann_2048_overlap_1024_fs_44100,digital_amplitude_squared_per_hz,1.0579092669895356e-10,947.4609375,2.6903282484203587e-11,1270.458984375,4.121233029241508e-11,2153.3203125
2025.07.09_0.3_1,index=12.505101,55,55.0,1,505101.268930616,505101.26893061603_src-index=12.505101_chunk-0055.npy,442169.29243200656,1.1423255245801285,welch_hann_2048_overlap_1024_fs_44100,digital_amplitude_squared_per_hz,1.0606429088522049e-10,947.4609375,2.800879822758338e-11,1356.591796875,5.2563992900349366e-11,2153.3203125
2025.07.09_0.3_1,index=12.505101,56,56.0,1,505101.268930616,505101.26893061603_src-index=12.505101_chunk-0056.npy,442169.29243200656,1.1423255245801285,welch_hann_2048_overlap_1024_fs_44100,digital_amplitude_squared_per_hz,1.0992612185061285e-10,947.4609375,2.9894317069435606e-11,1356.591796875,5.36322472428615e-11,2153.3203125
2025.07.09_0.3_1,index=12.505101,57,57.0,1,505101.268930616,505101.26893061603_src-index=12.505101_chunk-0057.npy,442169.29243200656,1.1423255245801285,welch_hann_2048_overlap_1024_fs_44100,digital_amplitude_squared_per_hz,1.2644553235829782e-10,947.4609375,3.999616100373018e-11,1356.591796875,3.936017103212381e-11,2153.3203125
2025.07.09_0.3_1,index=12.505101,58,58.0,1,505101.268930616,505101.26893061603_src-index=12.505101_chunk-0058.npy,442169.29243200656,1.1423255245801285,welch_hann_2048_overlap_1024_fs_44100,digital_amplitude_squared_per_hz,1.167579589529354e-10,947.4609375,3.1234229173474544e-11,1270.458984375,5.0019243691588386e-11,2153.3203125
2025.07.09_0.3_1,index=12.505101,59,59.0,1,505101.268930616,505101.26893061603_src-index=12.505101_chunk-0059.npy,442169.29243200656,1.1423255245801285,welch_hann_2048_overlap_1024_fs_44100,digital_amplitude_squared_per_hz,1.0458134034845418e-10,947.4609375,3.252227961760392e-11,1356.591796875,4.9789632042555474e-11,2153.3203125
2025.07.09_0.3_1,index=13.571694,0,0.0,1,571694.2524911674,571694.2524911674_src-index=13.571694_chunk-0000.npy,442169.29243200656,1.2929306993408598,welch_hann_2048_overlap_1024_fs_44100,digital_amplitude_squared_per_hz,2.137497385317177e-09,1055.126953125,5.113160409520358e-10,1291.9921875,2.2562302825076722e-08,2304.052734375
2025.07.09_0.3_1,index=13.571694,1,1.0,1,571694.2524911674,571694.2524911674_src-index=13.571694_chunk-0001.npy,442169.29243200656,1.2929306993408598,welch_hann_2048_overlap_1024_fs_44100,digital_amplitude_squared_per_hz,1.06943600452329e-10,947.4609375,3.4047802898054e-11,1356.591796875,5.058345442866853e-11,2153.3203125
2025.07.09_0.3_1,index=13.571694,2,2.0,1,571694.2524911674,571694.2524911674_src-index=13.571694_chunk-0002.npy,442169.29243200656,1.2929306993408598,welch_hann_2048_overlap_1024_fs_44100,digital_amplitude_squared_per_hz,9.795514627927699e-11,947.4609375,3.985869090833116e-11,1356.591796875,4.472719561857318e-11,2153.3203125
2025.07.09_0.3_1,index=13.571694,3,3.0,1,571694.2524911674,571694.2524911674_src-index=13.571694_chunk-0003.npy,442169.29243200656,1.2929306993408598,welch_hann_2048_overlap_1024_fs_44100,digital_amplitude_squared_per_hz,1.1033775737873685e-09,882.861328125,7.277224067674658e-10,1335.05859375,7.958490078202957e-09,2325.5859375
2025.07.09_0.3_1,index=13.571694,4,4.0,1,571694.2524911674,571694.2524911674_src-index=13.571694_chunk-0004.npy,442169.29243200656,1.2929306993408598,welch_hann_2048_overlap_1024_fs_44100,digital_amplitude_squared_per_hz,9.935958393587499e-11,947.4609375,3.393212794852695e-11,1356.591796875,4.449089825851043e-11,2153.3203125
2025.07.09_0.3_1,index=13.571694,5,5.0,1,571694.2524911674,571694.2524911674_src-index=13.571694_chunk-0005.npy,442169.29243200656,1.2929306993408598,welch_hann_2048_overlap_1024_fs_44100,digital_amplitude_squared_per_hz,1.0643668250377392e-10,947.4609375,3.378729245355763e-11,1356.591796875,5.4737681263448865e-11,2153.3203125
2025.07.09_0.3_1,index=13.571694,6,6.0,1,571694.2524911674,571694.2524911674_src-index=13.571694_chunk-0006.npy,442169.29243200656,1.2929306993408598,welch_hann_2048_overlap_1024_fs_44100,digital_amplitude_squared_per_hz,1.066377259242851e-10,947.4609375,3.859550755064744e-11,1356.591796875,4.296022961733293e-11,2153.3203125
2025.07.09_0.3_1,index=13.571694,7,7.0,1,571694.2524911674,571694.2524911674_src-index=13.571694_chunk-0007.npy,442169.29243200656,1.2929306993408598,welch_hann_2048_overlap_1024_fs_44100,digital_amplitude_squared_per_hz,1.1810963194063998e-10,947.4609375,3.2340883319572926e-11,1356.591796875,4.420871954030955e-11,2153.3203125
2025.07.09_0.3_1,index=13.571694,8,8.0,1,571694.2524911674,571694.2524911674_src-index=13.571694_chunk-0008.npy,442169.29243200656,1.2929306993408598,welch_hann_2048_overlap_1024_fs_44100,digital_amplitude_squared_per_hz,1.9996646188080476e-08,1055.126953125,2.6216984214800366e-08,1335.05859375,1.2103847721457093e-07,2347.119140625
2025.07.09_0.3_1,index=13.571694,9,9.0,1,571694.2524911674,571694.2524911674_src-index=13.571694_chunk-0009.npy,442169.29243200656,1.2929306993408598,welch_hann_2048_overlap_1024_fs_44100,digital_amplitude_squared_per_hz,1.0890311954606392e-10,947.4609375,6.127399248016413e-11,1335.05859375,1.111527137026465e-09,2304.052734375
2025.07.09_0.3_1,index=13.571694,10,10.0,1,571694.2524911674,571694.2524911674_src-index=13.571694_chunk-0010.npy,442169.29243200656,1.2929306993408598,welch_hann_2048_overlap_1024_fs_44100,digital_amplitude_squared_per_hz,1.7400512214811821e-09,882.861328125,9.860794222509206e-10,1335.05859375,1.3251421423384678e-08,2325.5859375
2025.07.09_0.3_1,index=13.571694,11,11.0,1,571694.2524911674,571694.2524911674_src-index=13.571694_chunk-0011.npy,442169.29243200656,1.2929306993408598,welch_hann_2048_overlap_1024_fs_44100,digital_amplitude_squared_per_hz,1.4057998074374167e-10,1055.126953125,1.1190885353707611e-10,1313.525390625,1.6306250430283173e-09,2304.052734375
2025.07.09_0.3_1,index=13.571694,12,12.0,1,571694.2524911674,571694.2524911674_src-index=13.571694_chunk-0012.npy,442169.29243200656,1.2929306993408598,welch_hann_2048_overlap_1024_fs_44100,digital_amplitude_squared_per_hz,1.543611533793106e-09,882.861328125,1.0910617253053925e-09,1335.05859375,1.6057459641530803e-08,2304.052734375
2025.07.09_0.3_1,index=13.571694,13,13.0,1,571694.2524911674,571694.2524911674_src-index=13.571694_chunk-0013.npy,442169.29243200656,1.2929306993408598,welch_hann_2048_overlap_1024_fs_44100,digital_amplitude_squared_per_hz,1.0229633187069483e-10,947.4609375,2.8030140241207223e-11,1270.458984375,4.320494891643017e-11,2153.3203125
2025.07.09_0.3_1,index=13.571694,14,14.0,1,571694.2524911674,571694.2524911674_src-index=13.571694_chunk-0014.npy,442169.29243200656,1.2929306993408598,welch_hann_2048_overlap_1024_fs_44100,digital_amplitude_squared_per_hz,6.672342283219423e-10,882.861328125,1.9761627757473957e-10,1313.525390625,1.3030425105086012e-08,2325.5859375
2025.07.09_0.3_1,index=13.571694,15,15.0,1,571694.2524911674,571694.2524911674_src-index=13.571694_chunk-0015.npy,442169.29243200656,1.2929306993408598,welch_hann_2048_overlap_1024_fs_44100,digital_amplitude_squared_per_hz,2.050034117523013e-09,882.861328125,1.4198237809931418e-09,1335.05859375,2.3971337312850754e-08,2325.5859375
2025.07.09_0.3_1,index=13.571694,16,16.0,1,571694.2524911674,571694.2524911674_src-index=13.571694_chunk-0016.npy,442169.29243200656,1.2929306993408598,welch_hann_2048_overlap_1024_fs_44100,digital_amplitude_squared_per_hz,9.673697995984134e-10,1076.66015625,3.903783164589756e-10,1335.05859375,7.322305760566276e-09,2304.052734375
2025.07.09_0.3_1,index=13.571694,17,17.0,1,571694.2524911674,571694.2524911674_src-index=13.571694_chunk-0017.npy,442169.29243200656,1.2929306993408598,welch_hann_2048_overlap_1024_fs_44100,digital_amplitude_squared_per_hz,1.2276567551608077e-10,947.4609375,2.135259244233726e-10,1335.05859375,1.7698046636500719e-09,2304.052734375
2025.07.09_0.3_1,index=13.571694,18,18.0,1,571694.2524911674,571694.2524911674_src-index=13.571694_chunk-0018.npy,442169.29243200656,1.2929306993408598,welch_hann_2048_overlap_1024_fs_44100,digital_amplitude_squared_per_hz,1.1816486842921606e-10,947.4609375,3.495816468036665e-11,1356.591796875,1.2290931545935512e-10,2325.5859375
2025.07.09_0.3_1,index=13.571694,19,19.0,1,571694.2524911674,571694.2524911674_src-index=13.571694_chunk-0019.npy,442169.29243200656,1.2929306993408598,welch_hann_2048_overlap_1024_fs_44100,digital_amplitude_squared_per_hz,4.205520387168817e-09,882.861328125,4.653297811374909e-09,1335.05859375,8.636027657270826e-08,2325.5859375
2025.07.09_0.3_1,index=13.571694,20,20.0,1,571694.2524911674,571694.2524911674_src-index=13.571694_chunk-0020.npy,442169.29243200656,1.2929306993408598,welch_hann_2048_overlap_1024_fs_44100,digital_amplitude_squared_per_hz,1.0652490227470051e-10,947.4609375,3.53367562662667e-11,1356.591796875,4.70406210408671e-11,2153.3203125
2025.07.09_0.3_1,index=13.571694,21,21.0,1,571694.2524911674,571694.2524911674_src-index=13.571694_chunk-0021.npy,442169.29243200656,1.2929306993408598,welch_hann_2048_overlap_1024_fs_44100,digital_amplitude_squared_per_hz,1.0550565969849319e-10,947.4609375,3.5882190411166306e-11,1356.591796875,4.7281534918112685e-11,2153.3203125
2025.07.09_0.3_1,index=13.571694,22,22.0,1,571694.2524911674,571694.2524911674_src-index=13.571694_chunk-0022.npy,442169.29243200656,1.2929306993408598,welch_hann_2048_overlap_1024_fs_44100,digital_amplitude_squared_per_hz,1.100916276445747e-10,947.4609375,4.2771952981340164e-11,1356.591796875,5.020169255270265e-11,2153.3203125
2025.07.09_0.3_1,index=13.571694,23,23.0,1,571694.2524911674,571694.2524911674_src-index=13.571694_chunk-0023.npy,442169.29243200656,1.2929306993408598,welch_hann_2048_overlap_1024_fs_44100,digital_amplitude_squared_per_hz,1.048199684789198e-10,947.4609375,3.064237669601144e-11,1356.591796875,4.995347126495883e-11,2153.3203125
2025.07.09_0.3_1,index=13.571694,24,24.0,1,571694.2524911674,571694.2524911674_src-index=13.571694_chunk-0024.npy,442169.29243200656,1.2929306993408598,welch_hann_2048_overlap_1024_fs_44100,digital_amplitude_squared_per_hz,1.0127514349460927e-10,947.4609375,3.498175984322668e-11,1356.591796875,5.33541521424548e-11,2153.3203125
2025.07.09_0.3_1,index=13.571694,25,25.0,1,571694.2524911674,571694.2524911674_src-index=13.571694_chunk-0025.npy,442169.29243200656,1.2929306993408598,welch_hann_2048_overlap_1024_fs_44100,digital_amplitude_squared_per_hz,1.0146552316150773e-10,947.4609375,3.108461350320668e-11,1356.591796875,4.99931600016685e-11,2153.3203125
2025.07.09_0.3_1,index=13.571694,26,26.0,1,571694.2524911674,571694.2524911674_src-index=13.571694_chunk-0026.npy,442169.29243200656,1.2929306993408598,welch_hann_2048_overlap_1024_fs_44100,digital_amplitude_squared_per_hz,9.178217833234386e-10,882.861328125,4.287276973193196e-10,1313.525390625,1.2458364242766818e-08,2325.5859375
2025.07.09_0.3_1,index=13.571694,27,27.0,1,571694.2524911674,571694.2524911674_src-index=13.571694_chunk-0027.npy,442169.29243200656,1.2929306993408598,welch_hann_2048_overlap_1024_fs_44100,digital_amplitude_squared_per_hz,9.479394491737375e-10,882.861328125,5.463296055665954e-10,1313.525390625,1.0023020410645164e-08,2304.052734375
2025.07.09_0.3_1,index=13.571694,28,28.0,1,571694.2524911674,571694.2524911674_src-index=13.571694_chunk-0028.npy,442169.29243200656,1.2929306993408598,welch_hann_2048_overlap_1024_fs_44100,digital_amplitude_squared_per_hz,2.3947558685602125e-10,882.861328125,8.884283400650014e-11,1356.591796875,2.546711146244592e-09,2325.5859375
2025.07.09_0.3_1,index=13.571694,29,29.0,1,571694.2524911674,571694.2524911674_src-index=13.571694_chunk-0029.npy,442169.29243200656,1.2929306993408598,welch_hann_2048_overlap_1024_fs_44100,digital_amplitude_squared_per_hz,1.104114812516794e-10,947.4609375,3.4802063515356535e-11,1356.591796875,4.566934250046218e-11,2153.3203125
2025.07.09_0.3_1,index=13.571694,30,30.0,1,571694.2524911674,571694.2524911674_src-index=13.571694_chunk-0030.npy,442169.29243200656,1.2929306993408598,welch_hann_2048_overlap_1024_fs_44100,digital_amplitude_squared_per_hz,1.2152275587223778e-09,882.861328125,6.674366836515081e-10,1335.05859375,7.841354731400052e-09,2304.052734375
2025.07.09_0.3_1,index=13.571694,31,31.0,1,571694.2524911674,571694.2524911674_src-index=13.571694_chunk-0031.npy,442169.29243200656,1.2929306993408598,welch_hann_2048_overlap_1024_fs_44100,digital_amplitude_squared_per_hz,1.1879772172240546e-10,947.4609375,4.605715825911674e-11,1356.591796875,4.2522211762696845e-11,2153.3203125
2025.07.09_0.3_1,index=13.571694,32,32.0,1,571694.2524911674,571694.2524911674_src-index=13.571694_chunk-0032.npy,442169.29243200656,1.2929306993408598,welch_hann_2048_overlap_1024_fs_44100,digital_amplitude_squared_per_hz,1.0371816789058375e-10,947.4609375,3.1058486598322716e-11,1356.591796875,4.4876594102101394e-11,2153.3203125
2025.07.09_0.3_1,index=13.571694,33,33.0,1,571694.2524911674,571694.2524911674_src-index=13.571694_chunk-0033.npy,442169.29243200656,1.2929306993408598,welch_hann_2048_overlap_1024_fs_44100,digital_amplitude_squared_per_hz,1.23689831326112e-10,947.4609375,3.5566372235537733e-11,1356.591796875,4.369518847677535e-11,2153.3203125
2025.07.09_0.3_1,index=13.571694,34,34.0,1,571694.2524911674,571694.2524911674_src-index=13.571694_chunk-0034.npy,442169.29243200656,1.2929306993408598,welch_hann_2048_overlap_1024_fs_44100,digital_amplitude_squared_per_hz,1.1846717700883635e-10,947.4609375,3.7309761301681276e-11,1356.591796875,4.325311990645587e-11,2153.3203125
2025.07.09_0.3_1,index=13.571694,35,35.0,1,571694.2524911674,571694.2524911674_src-index=13.571694_chunk-0035.npy,442169.29243200656,1.2929306993408598,welch_hann_2048_overlap_1024_fs_44100,digital_amplitude_squared_per_hz,1.1330698250676566e-10,947.4609375,3.648638374761767e-11,1356.591796875,4.188363167132932e-11,2153.3203125
2025.07.09_0.3_1,index=13.571694,36,36.0,1,571694.2524911674,571694.2524911674_src-index=13.571694_chunk-0036.npy,442169.29243200656,1.2929306993408598,welch_hann_2048_overlap_1024_fs_44100,digital_amplitude_squared_per_hz,9.234953911136274e-11,947.4609375,2.6452363181266046e-11,1356.591796875,4.910288876616239e-11,2153.3203125
2025.07.09_0.3_1,index=13.571694,37,37.0,1,571694.2524911674,571694.2524911674_src-index=13.571694_chunk-0037.npy,442169.29243200656,1.2929306993408598,welch_hann_2048_overlap_1024_fs_44100,digital_amplitude_squared_per_hz,9.168842594767792e-11,947.4609375,2.9244020599902847e-11,1356.591796875,4.1675599824137736e-11,2153.3203125
2025.07.09_0.3_1,index=13.571694,38,38.0,1,571694.2524911674,571694.2524911674_src-index=13.571694_chunk-0038.npy,442169.29243200656,1.2929306993408598,welch_hann_2048_overlap_1024_fs_44100,digital_amplitude_squared_per_hz,9.331716116054377e-11,947.4609375,3.672436796601703e-11,1356.591796875,4.523084716643985e-11,2153.3203125
2025.07.09_0.3_1,index=13.571694,39,39.0,1,571694.2524911674,571694.2524911674_src-index=13.571694_chunk-0039.npy,442169.29243200656,1.2929306993408598,welch_hann_2048_overlap_1024_fs_44100,digital_amplitude_squared_per_hz,1.127081488438525e-10,947.4609375,3.067560728294211e-11,1356.591796875,4.855361466429879e-11,2153.3203125
2025.07.09_0.3_1,index=13.571694,40,40.0,1,571694.2524911674,571694.2524911674_src-index=13.571694_chunk-0040.npy,442169.29243200656,1.2929306993408598,welch_hann_2048_overlap_1024_fs_44100,digital_amplitude_squared_per_hz,1.1212311705465779e-10,947.4609375,3.13180470874986e-11,1356.591796875,3.9803767905288684e-11,2153.3203125
2025.07.09_0.3_1,index=13.571694,41,41.0,1,571694.2524911674,571694.2524911674_src-index=13.571694_chunk-0041.npy,442169.29243200656,1.2929306993408598,welch_hann_2048_overlap_1024_fs_44100,digital_amplitude_squared_per_hz,1.1707826921245203e-10,947.4609375,3.228551384603791e-11,1270.458984375,4.041100915353514e-11,2153.3203125
2025.07.09_0.3_1,index=13.571694,42,42.0,1,571694.2524911674,571694.2524911674_src-index=13.571694_chunk-0042.npy,442169.29243200656,1.2929306993408598,welch_hann_2048_overlap_1024_fs_44100,digital_amplitude_squared_per_hz,1.066750432333494e-10,947.4609375,3.1823452197117413e-11,1356.591796875,4.3862833195639865e-11,2153.3203125
2025.07.09_0.3_1,index=13.571694,43,43.0,1,571694.2524911674,571694.2524911674_src-index=13.571694_chunk-0043.npy,442169.29243200656,1.2929306993408598,welch_hann_2048_overlap_1024_fs_44100,digital_amplitude_squared_per_hz,1.1820586400859065e-10,947.4609375,3.0723111878298084e-11,1356.591796875,4.0528003972124174e-11,2153.3203125
2025.07.09_0.3_1,index=13.571694,44,44.0,1,571694.2524911674,571694.2524911674_src-index=13.571694_chunk-0044.npy,442169.29243200656,1.2929306993408598,welch_hann_2048_overlap_1024_fs_44100,digital_amplitude_squared_per_hz,1.1076308843577406e-10,947.4609375,2.979992723514499e-11,1270.458984375,3.976871373987011e-11,2153.3203125
2025.07.09_0.3_1,index=13.571694,45,45.0,1,571694.2524911674,571694.2524911674_src-index=13.571694_chunk-0045.npy,442169.29243200656,1.2929306993408598,welch_hann_2048_overlap_1024_fs_44100,digital_amplitude_squared_per_hz,1.1431606431781091e-10,947.4609375,3.327327844294463e-11,1356.591796875,3.327119415378289e-11,2153.3203125
2025.07.09_0.3_1,index=13.571694,46,46.0,1,571694.2524911674,571694.2524911674_src-index=13.571694_chunk-0046.npy,442169.29243200656,1.2929306993408598,welch_hann_2048_overlap_1024_fs_44100,digital_amplitude_squared_per_hz,1.1919347244147122e-10,947.4609375,4.014796660772957e-11,1356.591796875,3.9350859085161414e-11,2153.3203125
2025.07.09_0.3_1,index=13.571694,47,47.0,1,571694.2524911674,571694.2524911674_src-index=13.571694_chunk-0047.npy,442169.29243200656,1.2929306993408598,welch_hann_2048_overlap_1024_fs_44100,digital_amplitude_squared_per_hz,1.1139313723541813e-10,947.4609375,3.2144574691672985e-11,1356.591796875,3.664745509513019e-11,2153.3203125
2025.07.09_0.3_1,index=13.571694,48,48.0,1,571694.2524911674,571694.2524911674_src-index=13.571694_chunk-0048.npy,442169.29243200656,1.2929306993408598,welch_hann_2048_overlap_1024_fs_44100,digital_amplitude_squared_per_hz,1.1623091611516814e-10,947.4609375,3.079979825557632e-11,1270.458984375,3.9256906932585064e-11,2153.3203125
2025.07.09_0.3_1,index=13.571694,49,49.0,1,571694.2524911674,571694.2524911674_src-index=13.571694_chunk-0049.npy,442169.29243200656,1.2929306993408598,welch_hann_2048_overlap_1024_fs_44100,digital_amplitude_squared_per_hz,1.1239734928221708e-10,947.4609375,3.503174419148822e-11,1356.591796875,3.597126403867337e-11,2153.3203125
2025.07.09_0.3_1,index=13.571694,50,50.0,1,571694.2524911674,571694.2524911674_src-index=13.571694_chunk-0050.npy,442169.29243200656,1.2929306993408598,welch_hann_2048_overlap_1024_fs_44100,digital_amplitude_squared_per_hz,1.0547252263151734e-10,947.4609375,2.6173790601827555e-11,1270.458984375,4.0267390285511165e-11,2153.3203125
2025.07.09_0.3_1,index=13.571694,51,51.0,1,571694.2524911674,571694.2524911674_src-index=13.571694_chunk-0051.npy,442169.29243200656,1.2929306993408598,welch_hann_2048_overlap_1024_fs_44100,digital_amplitude_squared_per_hz,1.1685284501678964e-10,947.4609375,3.085832359181905e-11,1356.591796875,3.6335405385950393e-11,2153.3203125
2025.07.09_0.3_1,index=13.571694,52,52.0,1,571694.2524911674,571694.2524911674_src-index=13.571694_chunk-0052.npy,442169.29243200656,1.2929306993408598,welch_hann_2048_overlap_1024_fs_44100,digital_amplitude_squared_per_hz,1.0549066083578303e-10,947.4609375,2.6176408927509712e-11,1270.458984375,3.963758278520915e-11,2153.3203125
2025.07.09_0.3_1,index=13.571694,53,53.0,1,571694.2524911674,571694.2524911674_src-index=13.571694_chunk-0053.npy,442169.29243200656,1.2929306993408598,welch_hann_2048_overlap_1024_fs_44100,digital_amplitude_squared_per_hz,1.1857812491284382e-10,947.4609375,3.046047753236273e-11,1356.591796875,3.446322473743205e-11,2153.3203125
2025.07.09_0.3_1,index=13.571694,54,54.0,1,571694.2524911674,571694.2524911674_src-index=13.571694_chunk-0054.npy,442169.29243200656,1.2929306993408598,welch_hann_2048_overlap_1024_fs_44100,digital_amplitude_squared_per_hz,1.274693321353171e-10,947.4609375,3.417973044136782e-11,1356.591796875,3.284516045495488e-11,2153.3203125
2025.07.09_0.3_1,index=13.571694,55,55.0,1,571694.2524911674,571694.2524911674_src-index=13.571694_chunk-0055.npy,442169.29243200656,1.2929306993408598,welch_hann_2048_overlap_1024_fs_44100,digital_amplitude_squared_per_hz,1.1450170755668031e-10,947.4609375,3.1023081942905004e-11,1270.458984375,3.705099203053025e-11,2153.3203125
2025.07.09_0.3_1,index=13.571694,56,56.0,1,571694.2524911674,571694.2524911674_src-index=13.571694_chunk-0056.npy,442169.29243200656,1.2929306993408598,welch_hann_2048_overlap_1024_fs_44100,digital_amplitude_squared_per_hz,1.1353962702033998e-10,947.4609375,3.1561819615365716e-11,1356.591796875,3.645873254767997e-11,2153.3203125
2025.07.09_0.3_1,index=13.571694,57,57.0,1,571694.2524911674,571694.2524911674_src-index=13.571694_chunk-0057.npy,442169.29243200656,1.2929306993408598,welch_hann_2048_overlap_1024_fs_44100,digital_amplitude_squared_per_hz,1.0551132857526839e-10,947.4609375,2.607698028769534e-11,1270.458984375,4.387078231946619e-11,2153.3203125
2025.07.09_0.3_1,index=13.571694,58,58.0,1,571694.2524911674,571694.2524911674_src-index=13.571694_chunk-0058.npy,442169.29243200656,1.2929306993408598,welch_hann_2048_overlap_1024_fs_44100,digital_amplitude_squared_per_hz,1.1759823811509051e-10,947.4609375,3.393593968078962e-11,1356.591796875,3.0383049989832444e-11,2153.3203125
2025.07.09_0.3_1,index=13.571694,59,59.0,1,571694.2524911674,571694.2524911674_src-index=13.571694_chunk-0059.npy,442169.29243200656,1.2929306993408598,welch_hann_2048_overlap_1024_fs_44100,digital_amplitude_squared_per_hz,1.1143036676121013e-10,947.4609375,2.7711698957308287e-11,1270.458984375,4.3992636747497094e-11,2153.3203125
2025.07.09_0.3_1,index=14.643516,0,0.0,1,643516.9402884921,643516.9402884921_src-index=14.643516_chunk-0000.npy,442169.29243200656,1.4553632540808954,welch_hann_2048_overlap_1024_fs_44100,digital_amplitude_squared_per_hz,1.1421604677049809e-10,947.4609375,2.9859206831264e-11,1356.591796875,2.5318752136939866e-11,2153.3203125
2025.07.09_0.3_1,index=14.643516,1,1.0,1,643516.9402884921,643516.9402884921_src-index=14.643516_chunk-0001.npy,442169.29243200656,1.4553632540808954,welch_hann_2048_overlap_1024_fs_44100,digital_amplitude_squared_per_hz,1.2448700950906223e-10,947.4609375,3.633055729746398e-11,1356.591796875,5.008076304045682e-11,2325.5859375
2025.07.09_0.3_1,index=14.643516,2,2.0,1,643516.9402884921,643516.9402884921_src-index=14.643516_chunk-0002.npy,442169.29243200656,1.4553632540808954,welch_hann_2048_overlap_1024_fs_44100,digital_amplitude_squared_per_hz,5.050362267388827e-09,882.861328125,3.1599010765170047e-09,1313.525390625,1.1653419944568184e-07,2325.5859375
2025.07.09_0.3_1,index=14.643516,3,3.0,1,643516.9402884921,643516.9402884921_src-index=14.643516_chunk-0003.npy,442169.29243200656,1.4553632540808954,welch_hann_2048_overlap_1024_fs_44100,digital_amplitude_squared_per_hz,2.9027426319780835e-09,882.861328125,5.1820918217192755e-09,1335.05859375,7.616975858500075e-08,2282.51953125
2025.07.09_0.3_1,index=14.643516,4,4.0,1,643516.9402884921,643516.9402884921_src-index=14.643516_chunk-0004.npy,442169.29243200656,1.4553632540808954,welch_hann_2048_overlap_1024_fs_44100,digital_amplitude_squared_per_hz,1.5591269330502963e-10,1055.126953125,8.547219325844671e-11,1335.05859375,3.455583907657886e-09,2304.052734375
2025.07.09_0.3_1,index=14.643516,5,5.0,1,643516.9402884921,643516.9402884921_src-index=14.643516_chunk-0005.npy,442169.29243200656,1.4553632540808954,welch_hann_2048_overlap_1024_fs_44100,digital_amplitude_squared_per_hz,1.654588536268501e-10,1055.126953125,7.33163269441457e-11,1335.05859375,3.1721688725574534e-09,2282.51953125
2025.07.09_0.3_1,index=14.643516,6,6.0,1,643516.9402884921,643516.9402884921_src-index=14.643516_chunk-0006.npy,442169.29243200656,1.4553632540808954,welch_hann_2048_overlap_1024_fs_44100,digital_amplitude_squared_per_hz,9.96926228430589e-11,947.4609375,4.534035457732729e-11,1335.05859375,2.4959540196360322e-09,2304.052734375
2025.07.09_0.3_1,index=14.643516,7,7.0,1,643516.9402884921,643516.9402884921_src-index=14.643516_chunk-0007.npy,442169.29243200656,1.4553632540808954,welch_hann_2048_overlap_1024_fs_44100,digital_amplitude_squared_per_hz,1.2757975934785454e-09,882.861328125,1.1903483821476201e-09,1313.525390625,1.87712293311757e-08,2304.052734375
2025.07.09_0.3_1,index=14.643516,8,8.0,1,643516.9402884921,643516.9402884921_src-index=14.643516_chunk-0008.npy,442169.29243200656,1.4553632540808954,welch_hann_2048_overlap_1024_fs_44100,digital_amplitude_squared_per_hz,1.8045217934164804e-10,882.861328125,1.8096390231903276e-10,1335.05859375,3.9222418579893575e-09,2260.986328125
2025.07.09_0.3_1,index=14.643516,9,9.0,1,643516.9402884921,643516.9402884921_src-index=14.643516_chunk-0009.npy,442169.29243200656,1.4553632540808954,welch_hann_2048_overlap_1024_fs_44100,digital_amplitude_squared_per_hz,1.1417640222938723e-10,947.4609375,3.706164011242109e-11,1356.591796875,5.130080217557456e-10,2325.5859375
2025.07.09_0.3_1,index=14.643516,10,10.0,1,643516.9402884921,643516.9402884921_src-index=14.643516_chunk-0010.npy,442169.29243200656,1.4553632540808954,welch_hann_2048_overlap_1024_fs_44100,digital_amplitude_squared_per_hz,1.1207327804021522e-10,947.4609375,8.215052850098097e-11,1335.05859375,1.4530906649592228e-09,2304.052734375
2025.07.09_0.3_1,index=14.643516,11,11.0,1,643516.9402884921,643516.9402884921_src-index=14.643516_chunk-0011.npy,442169.29243200656,1.4553632540808954,welch_hann_2048_overlap_1024_fs_44100,digital_amplitude_squared_per_hz,9.277455516630325e-11,947.4609375,3.21682414403539e-11,1356.591796875,3.5101583812067573e-11,2153.3203125
2025.07.09_0.3_1,index=14.643516,12,12.0,1,643516.9402884921,643516.9402884921_src-index=14.643516_chunk-0012.npy,442169.29243200656,1.4553632540808954,welch_hann_2048_overlap_1024_fs_44100,digital_amplitude_squared_per_hz,1.0633775289061364e-10,947.4609375,2.9599318224699555e-11,1356.591796875,3.33994215485978e-11,2153.3203125
2025.07.09_0.3_1,index=14.643516,13,13.0,1,643516.9402884921,643516.9402884921_src-index=14.643516_chunk-0013.npy,442169.29243200656,1.4553632540808954,welch_hann_2048_overlap_1024_fs_44100,digital_amplitude_squared_per_hz,9.757677214027432e-11,947.4609375,3.00222556837412e-11,1356.591796875,3.613167254433375e-11,2153.3203125
2025.07.09_0.3_1,index=14.643516,14,14.0,1,643516.9402884921,643516.9402884921_src-index=14.643516_chunk-0014.npy,442169.29243200656,1.4553632540808954,welch_hann_2048_overlap_1024_fs_44100,digital_amplitude_squared_per_hz,1.3218049752737512e-10,947.4609375,3.3295148628941694e-11,1356.591796875,2.5669775766563056e-11,2153.3203125
2025.07.09_0.3_1,index=14.643516,15,15.0,1,643516.9402884921,643516.9402884921_src-index=14.643516_chunk-0015.npy,442169.29243200656,1.4553632540808954,welch_hann_2048_overlap_1024_fs_44100,digital_amplitude_squared_per_hz,1.1347981854570501e-10,947.4609375,3.083466000327977e-11,1356.591796875,2.9324762069167774e-11,2153.3203125
2025.07.09_0.3_1,index=14.643516,16,16.0,1,643516.9402884921,643516.9402884921_src-index=14.643516_chunk-0016.npy,442169.29243200656,1.4553632540808954,welch_hann_2048_overlap_1024_fs_44100,digital_amplitude_squared_per_hz,9.700118595741404e-11,947.4609375,2.962741164942998e-11,1356.591796875,2.709236939279369e-11,2153.3203125
2025.07.09_0.3_1,index=14.643516,17,17.0,1,643516.9402884921,643516.9402884921_src-index=14.643516_chunk-0017.npy,442169.29243200656,1.4553632540808954,welch_hann_2048_overlap_1024_fs_44100,digital_amplitude_squared_per_hz,1.0554740412930662e-10,947.4609375,3.305544765555118e-11,1356.591796875,3.20264966619399e-11,2153.3203125
2025.07.09_0.3_1,index=14.643516,18,18.0,1,643516.9402884921,643516.9402884921_src-index=14.643516_chunk-0018.npy,442169.29243200656,1.4553632540808954,welch_hann_2048_overlap_1024_fs_44100,digital_amplitude_squared_per_hz,1.099534511082588e-10,947.4609375,2.936477132170304e-11,1356.591796875,2.70437144490998e-11,2153.3203125
2025.07.09_0.3_1,index=14.643516,19,19.0,1,643516.9402884921,643516.9402884921_src-index=14.643516_chunk-0019.npy,442169.29243200656,1.4553632540808954,welch_hann_2048_overlap_1024_fs_44100,digital_amplitude_squared_per_hz,1.0601558979462241e-10,947.4609375,3.070548974752432e-11,1356.591796875,3.2717401757239005e-11,2153.3203125
2025.07.09_0.3_1,index=14.643516,20,20.0,1,643516.9402884921,643516.9402884921_src-index=14.643516_chunk-0020.npy,442169.29243200656,1.4553632540808954,welch_hann_2048_overlap_1024_fs_44100,digital_amplitude_squared_per_hz,1.1210546165516627e-10,947.4609375,2.97910837513438e-11,1356.591796875,3.2191539527886605e-11,2153.3203125
2025.07.09_0.3_1,index=14.643516,21,21.0,1,643516.9402884921,643516.9402884921_src-index=14.643516_chunk-0021.npy,442169.29243200656,1.4553632540808954,welch_hann_2048_overlap_1024_fs_44100,digital_amplitude_squared_per_hz,1.04723336311082e-10,947.4609375,3.1088633145054346e-11,1356.591796875,2.900352569131561e-11,2153.3203125
2025.07.09_0.3_1,index=14.643516,22,22.0,1,643516.9402884921,643516.9402884921_src-index=14.643516_chunk-0022.npy,442169.29243200656,1.4553632540808954,welch_hann_2048_overlap_1024_fs_44100,digital_amplitude_squared_per_hz,1.2019607261443352e-10,947.4609375,3.0003596932933445e-11,1356.591796875,2.7211786147954344e-11,2153.3203125
2025.07.09_0.3_1,index=14.643516,23,23.0,1,643516.9402884921,643516.9402884921_src-index=14.643516_chunk-0023.npy,442169.29243200656,1.4553632540808954,welch_hann_2048_overlap_1024_fs_44100,digital_amplitude_squared_per_hz,1.0234115574065931e-10,947.4609375,3.286975622163951e-11,1356.591796875,3.507879550761707e-11,2153.3203125
2025.07.09_0.3_1,index=14.643516,24,24.0,1,643516.9402884921,643516.9402884921_src-index=14.643516_chunk-0024.npy,442169.29243200656,1.4553632540808954,welch_hann_2048_overlap_1024_fs_44100,digital_amplitude_squared_per_hz,1.0332328112635525e-10,947.4609375,2.5833791158613896e-11,1356.591796875,3.2684055936383516e-11,2153.3203125
2025.07.09_0.3_1,index=14.643516,25,25.0,1,643516.9402884921,643516.9402884921_src-index=14.643516_chunk-0025.npy,442169.29243200656,1.4553632540808954,welch_hann_2048_overlap_1024_fs_44100,digital_amplitude_squared_per_hz,1.1204710258835184e-10,947.4609375,4.1389402749727416e-11,1356.591796875,6.128165789699263e-10,2304.052734375
2025.07.09_0.3_1,index=14.643516,26,26.0,1,643516.9402884921,643516.9402884921_src-index=14.643516_chunk-0026.npy,442169.29243200656,1.4553632540808954,welch_hann_2048_overlap_1024_fs_44100,digital_amplitude_squared_per_hz,1.130319611007264e-10,947.4609375,4.093722301042452e-11,1356.591796875,2.4291544212432556e-09,2325.5859375
2025.07.09_0.3_1,index=14.643516,27,27.0,1,643516.9402884921,643516.9402884921_src-index=14.643516_chunk-0027.npy,442169.29243200656,1.4553632540808954,welch_hann_2048_overlap_1024_fs_44100,digital_amplitude_squared_per_hz,1.0191708001398164e-10,947.4609375,3.171164652322233e-11,1356.591796875,1.3713191733946087e-10,2368.65234375
2025.07.09_0.3_1,index=14.643516,28,28.0,1,643516.9402884921,643516.9402884921_src-index=14.643516_chunk-0028.npy,442169.29243200656,1.4553632540808954,welch_hann_2048_overlap_1024_fs_44100,digital_amplitude_squared_per_hz,1.1811255441005355e-10,947.4609375,3.4546455622297244e-11,1356.591796875,2.7327772387588136e-11,2153.3203125
2025.07.09_0.3_1,index=14.643516,29,29.0,1,643516.9402884921,643516.9402884921_src-index=14.643516_chunk-0029.npy,442169.29243200656,1.4553632540808954,welch_hann_2048_overlap_1024_fs_44100,digital_amplitude_squared_per_hz,1.0657307521834664e-10,947.4609375,2.325038295209176e-11,1335.05859375,2.962010874360423e-11,2153.3203125
2025.07.09_0.3_1,index=14.643516,30,30.0,1,643516.9402884921,643516.9402884921_src-index=14.643516_chunk-0030.npy,442169.29243200656,1.4553632540808954,welch_hann_2048_overlap_1024_fs_44100,digital_amplitude_squared_per_hz,1.102488205824651e-10,947.4609375,3.654659943620666e-11,1356.591796875,3.165868002527077e-11,2153.3203125
2025.07.09_0.3_1,index=14.643516,31,31.0,1,643516.9402884921,643516.9402884921_src-index=14.643516_chunk-0031.npy,442169.29243200656,1.4553632540808954,welch_hann_2048_overlap_1024_fs_44100,digital_amplitude_squared_per_hz,1.1921803625651469e-10,947.4609375,2.977826999454141e-11,1356.591796875,2.6730444725945925e-11,2153.3203125
2025.07.09_0.3_1,index=14.643516,32,32.0,1,643516.9402884921,643516.9402884921_src-index=14.643516_chunk-0032.npy,442169.29243200656,1.4553632540808954,welch_hann_2048_overlap_1024_fs_44100,digital_amplitude_squared_per_hz,1.0346992573338779e-10,947.4609375,3.435438184806075e-11,1356.591796875,3.338185739641241e-11,2153.3203125
2025.07.09_0.3_1,index=14.643516,33,33.0,1,643516.9402884921,643516.9402884921_src-index=14.643516_chunk-0033.npy,442169.29243200656,1.4553632540808954,welch_hann_2048_overlap_1024_fs_44100,digital_amplitude_squared_per_hz,9.708424122634285e-11,947.4609375,2.8243459095375635e-11,1356.591796875,3.2181914908103484e-11,2153.3203125
2025.07.09_0.3_1,index=14.643516,34,34.0,1,643516.9402884921,643516.9402884921_src-index=14.643516_chunk-0034.npy,442169.29243200656,1.4553632540808954,welch_hann_2048_overlap_1024_fs_44100,digital_amplitude_squared_per_hz,1.2696806310368634e-10,1055.126953125,5.877579049780884e-11,1335.05859375,2.760128204661704e-09,2347.119140625
2025.07.09_0.3_1,index=14.643516,35,35.0,1,643516.9402884921,643516.9402884921_src-index=14.643516_chunk-0035.npy,442169.29243200656,1.4553632540808954,welch_hann_2048_overlap_1024_fs_44100,digital_amplitude_squared_per_hz,1.7776773339793695e-10,1055.126953125,1.7430307830187172e-10,1335.05859375,8.645628365958142e-09,2304.052734375
2025.07.09_0.3_1,index=14.643516,36,36.0,1,643516.9402884921,643516.9402884921_src-index=14.643516_chunk-0036.npy,442169.29243200656,1.4553632540808954,welch_hann_2048_overlap_1024_fs_44100,digital_amplitude_squared_per_hz,1.0060889677704543e-10,947.4609375,4.222830644933338e-11,1356.591796875,7.411718508525272e-11,2325.5859375
2025.07.09_0.3_1,index=14.643516,37,37.0,1,643516.9402884921,643516.9402884921_src-index=14.643516_chunk-0037.npy,442169.29243200656,1.4553632540808954,welch_hann_2048_overlap_1024_fs_44100,digital_amplitude_squared_per_hz,1.2042596113347444e-10,947.4609375,4.9819700595374216e-11,1356.591796875,2.8862011367922235e-11,2153.3203125
2025.07.09_0.3_1,index=14.643516,38,38.0,1,643516.9402884921,643516.9402884921_src-index=14.643516_chunk-0038.npy,442169.29243200656,1.4553632540808954,welch_hann_2048_overlap_1024_fs_44100,digital_amplitude_squared_per_hz,1.0427892154789015e-10,947.4609375,3.0350682838565316e-11,1356.591796875,1.8392659786872118e-10,2217.919921875
2025.07.09_0.3_1,index=14.643516,39,39.0,1,643516.9402884921,643516.9402884921_src-index=14.643516_chunk-0039.npy,442169.29243200656,1.4553632540808954,welch_hann_2048_overlap_1024_fs_44100,digital_amplitude_squared_per_hz,1.0349939197147101e-10,947.4609375,2.932941243842734e-11,1356.591796875,1.2447333439363422e-10,2260.986328125
2025.07.09_0.3_1,index=14.643516,40,40.0,1,643516.9402884921,643516.9402884921_src-index=14.643516_chunk-0040.npy,442169.29243200656,1.4553632540808954,welch_hann_2048_overlap_1024_fs_44100,digital_amplitude_squared_per_hz,9.400576535292646e-11,947.4609375,2.5612500382420113e-11,1356.591796875,3.904325018844304e-11,2153.3203125
2025.07.09_0.3_1,index=14.643516,41,41.0,1,643516.9402884921,643516.9402884921_src-index=14.643516_chunk-0041.npy,442169.29243200656,1.4553632540808954,welch_hann_2048_overlap_1024_fs_44100,digital_amplitude_squared_per_hz,1.0444704071048449e-10,947.4609375,3.2025363814340905e-11,1356.591796875,3.147470966664469e-11,2153.3203125
2025.07.09_0.3_1,index=14.643516,42,42.0,1,643516.9402884921,643516.9402884921_src-index=14.643516_chunk-0042.npy,442169.29243200656,1.4553632540808954,welch_hann_2048_overlap_1024_fs_44100,digital_amplitude_squared_per_hz,1.0425455217028255e-10,947.4609375,3.1347782547803385e-11,1356.591796875,3.084670922170007e-11,2153.3203125
2025.07.09_0.3_1,index=14.643516,43,43.0,1,643516.9402884921,643516.9402884921_src-index=14.643516_chunk-0043.npy,442169.29243200656,1.4553632540808954,welch_hann_2048_overlap_1024_fs_44100,digital_amplitude_squared_per_hz,9.507391248990632e-11,947.4609375,3.268550618104907e-11,1356.591796875,3.384442783803797e-11,2153.3203125
2025.07.09_0.3_1,index=14.643516,44,44.0,1,643516.9402884921,643516.9402884921_src-index=14.643516_chunk-0044.npy,442169.29243200656,1.4553632540808954,welch_hann_2048_overlap_1024_fs_44100,digital_amplitude_squared_per_hz,1.0721054670377273e-10,947.4609375,3.028366161964663e-11,1356.591796875,3.4779622246880426e-11,2153.3203125
2025.07.09_0.3_1,index=14.643516,45,45.0,1,643516.9402884921,643516.9402884921_src-index=14.643516_chunk-0045.npy,442169.29243200656,1.4553632540808954,welch_hann_2048_overlap_1024_fs_44100,digital_amplitude_squared_per_hz,1.0602455783928426e-10,947.4609375,3.374811020289879e-11,1356.591796875,2.962618234709203e-11,2153.3203125
2025.07.09_0.3_1,index=14.643516,46,46.0,1,643516.9402884921,643516.9402884921_src-index=14.643516_chunk-0046.npy,442169.29243200656,1.4553632540808954,welch_hann_2048_overlap_1024_fs_44100,digital_amplitude_squared_per_hz,1.123387876084317e-10,947.4609375,3.231193621719326e-11,1270.458984375,2.6308573570249575e-11,2153.3203125
2025.07.09_0.3_1,index=14.643516,47,47.0,1,643516.9402884921,643516.9402884921_src-index=14.643516_chunk-0047.npy,442169.29243200656,1.4553632540808954,welch_hann_2048_overlap_1024_fs_44100,digital_amplitude_squared_per_hz,9.819108239169903e-11,947.4609375,2.8418710919067637e-11,1356.591796875,3.734165374882325e-11,2153.3203125
2025.07.09_0.3_1,index=14.643516,48,48.0,1,643516.9402884921,643516.9402884921_src-index=14.643516_chunk-0048.npy,442169.29243200656,1.4553632540808954,welch_hann_2048_overlap_1024_fs_44100,digital_amplitude_squared_per_hz,9.480689075411568e-11,947.4609375,3.1136696218010075e-11,1356.591796875,3.300243659024566e-11,2153.3203125
2025.07.09_0.3_1,index=14.643516,49,49.0,1,643516.9402884921,643516.9402884921_src-index=14.643516_chunk-0049.npy,442169.29243200656,1.4553632540808954,welch_hann_2048_overlap_1024_fs_44100,digital_amplitude_squared_per_hz,5.219813865129263e-09,882.861328125,4.039930061059283e-09,1335.05859375,4.932725778216859e-08,2304.052734375
2025.07.09_0.3_1,index=14.643516,50,50.0,1,643516.9402884921,643516.9402884921_src-index=14.643516_chunk-0050.npy,442169.29243200656,1.4553632540808954,welch_hann_2048_overlap_1024_fs_44100,digital_amplitude_squared_per_hz,8.984426293523822e-09,882.861328125,7.953856524223703e-09,1313.525390625,8.56261157593854e-08,2304.052734375
2025.07.09_0.3_1,index=14.643516,51,51.0,1,643516.9402884921,643516.9402884921_src-index=14.643516_chunk-0051.npy,442169.29243200656,1.4553632540808954,welch_hann_2048_overlap_1024_fs_44100,digital_amplitude_squared_per_hz,9.146016864918319e-11,947.4609375,2.871854637764835e-11,1356.591796875,3.5167323683755636e-11,2153.3203125
2025.07.09_0.3_1,index=14.643516,52,52.0,1,643516.9402884921,643516.9402884921_src-index=14.643516_chunk-0052.npy,442169.29243200656,1.4553632540808954,welch_hann_2048_overlap_1024_fs_44100,digital_amplitude_squared_per_hz,1.2251941419649385e-10,947.4609375,3.972231552496845e-11,1356.591796875,4.671364211642274e-10,2325.5859375
2025.07.09_0.3_1,index=14.643516,53,53.0,1,643516.9402884921,643516.9402884921_src-index=14.643516_chunk-0053.npy,442169.29243200656,1.4553632540808954,welch_hann_2048_overlap_1024_fs_44100,digital_amplitude_squared_per_hz,1.0412289150463268e-10,947.4609375,3.072085326540491e-11,1356.591796875,3.338794253624325e-11,2153.3203125
2025.07.09_0.3_1,index=14.643516,54,54.0,1,643516.9402884921,643516.9402884921_src-index=14.643516_chunk-0054.npy,442169.29243200656,1.4553632540808954,welch_hann_2048_overlap_1024_fs_44100,digital_amplitude_squared_per_hz,1.000816042480908e-10,947.4609375,3.194258754900704e-11,1356.591796875,8.65786519004105e-11,2304.052734375
2025.07.09_0.3_1,index=14.643516,55,55.0,1,643516.9402884921,643516.9402884921_src-index=14.643516_chunk-0055.npy,442169.29243200656,1.4553632540808954,welch_hann_2048_overlap_1024_fs_44100,digital_amplitude_squared_per_hz,1.291344599790088e-10,947.4609375,3.002646004736341e-11,1356.591796875,1.1030179131896096e-10,2347.119140625
2025.07.09_0.3_1,index=14.643516,56,56.0,1,643516.9402884921,643516.9402884921_src-index=14.643516_chunk-0056.npy,442169.29243200656,1.4553632540808954,welch_hann_2048_overlap_1024_fs_44100,digital_amplitude_squared_per_hz,1.0356736965917548e-10,947.4609375,2.8150381531168445e-11,1356.591796875,3.203426347794676e-11,2153.3203125
2025.07.09_0.3_1,index=14.643516,57,57.0,1,643516.9402884921,643516.9402884921_src-index=14.643516_chunk-0057.npy,442169.29243200656,1.4553632540808954,welch_hann_2048_overlap_1024_fs_44100,digital_amplitude_squared_per_hz,1.1380978097668875e-10,947.4609375,3.203643315650496e-11,1356.591796875,2.9687527383689967e-11,2153.3203125
2025.07.09_0.3_1,index=14.643516,58,58.0,1,643516.9402884921,643516.9402884921_src-index=14.643516_chunk-0058.npy,442169.29243200656,1.4553632540808954,welch_hann_2048_overlap_1024_fs_44100,digital_amplitude_squared_per_hz,1.0021233012565598e-10,947.4609375,2.9421391476340404e-11,1270.458984375,3.1757984097981005e-11,2153.3203125
2025.07.09_0.3_1,index=14.643516,59,59.0,1,643516.9402884921,643516.9402884921_src-index=14.643516_chunk-0059.npy,442169.29243200656,1.4553632540808954,welch_hann_2048_overlap_1024_fs_44100,digital_amplitude_squared_per_hz,1.169169944952729e-10,947.4609375,3.0597019198826355e-11,1356.591796875,3.1417276012419494e-11,2153.3203125
2025.07.09_0.3_1,index=15.720690,0,0.0,1,720690.9057380507,720690.9057380507_src-index=15.720690_chunk-0000.npy,442169.29243200656,1.6298981364674323,welch_hann_2048_overlap_1024_fs_44100,digital_amplitude_squared_per_hz,2.39227032959831e-09,882.861328125,2.8442312323118715e-09,1313.525390625,4.102953235403928e-08,2325.5859375
2025.07.09_0.3_1,index=15.720690,1,1.0,1,720690.9057380507,720690.9057380507_src-index=15.720690_chunk-0001.npy,442169.29243200656,1.6298981364674323,welch_hann_2048_overlap_1024_fs_44100,digital_amplitude_squared_per_hz,6.785912864688062e-09,1055.126953125,7.797425162498209e-09,1335.05859375,1.3835879518774382e-07,2325.5859375
2025.07.09_0.3_1,index=15.720690,2,2.0,1,720690.9057380507,720690.9057380507_src-index=15.720690_chunk-0002.npy,442169.29243200656,1.6298981364674323,welch_hann_2048_overlap_1024_fs_44100,digital_amplitude_squared_per_hz,1.5067140423125307e-08,882.861328125,1.674273076954812e-08,1313.525390625,2.13883478652423e-07,2304.052734375
2025.07.09_0.3_1,index=15.720690,3,3.0,1,720690.9057380507,720690.9057380507_src-index=15.720690_chunk-0003.npy,442169.29243200656,1.6298981364674323,welch_hann_2048_overlap_1024_fs_44100,digital_amplitude_squared_per_hz,7.261565160559083e-09,882.861328125,7.2646382913219255e-09,1313.525390625,6.946806800002256e-08,2304.052734375
2025.07.09_0.3_1,index=15.720690,4,4.0,1,720690.9057380507,720690.9057380507_src-index=15.720690_chunk-0004.npy,442169.29243200656,1.6298981364674323,welch_hann_2048_overlap_1024_fs_44100,digital_amplitude_squared_per_hz,9.339919467705815e-09,1055.126953125,8.345362989756395e-09,1335.05859375,1.108347167137506e-07,2304.052734375
2025.07.09_0.3_1,index=15.720690,5,5.0,1,720690.9057380507,720690.9057380507_src-index=15.720690_chunk-0005.npy,442169.29243200656,1.6298981364674323,welch_hann_2048_overlap_1024_fs_44100,digital_amplitude_squared_per_hz,1.8136608827260965e-09,882.861328125,1.4218672921074567e-09,1313.525390625,2.1209553169923712e-08,2304.052734375
2025.07.09_0.3_1,index=15.720690,6,6.0,1,720690.9057380507,720690.9057380507_src-index=15.720690_chunk-0006.npy,442169.29243200656,1.6298981364674323,welch_hann_2048_overlap_1024_fs_44100,digital_amplitude_squared_per_hz,7.602623077861212e-09,882.861328125,6.513942611709179e-09,1313.525390625,6.077379774556298e-08,2304.052734375
2025.07.09_0.3_1,index=15.720690,7,7.0,1,720690.9057380507,720690.9057380507_src-index=15.720690_chunk-0007.npy,442169.29243200656,1.6298981364674323,welch_hann_2048_overlap_1024_fs_44100,digital_amplitude_squared_per_hz,6.09859145426476e-09,882.861328125,5.3756503998023525e-09,1313.525390625,4.655265834557913e-08,2304.052734375
2025.07.09_0.3_1,index=15.720690,8,8.0,1,720690.9057380507,720690.9057380507_src-index=15.720690_chunk-0008.npy,442169.29243200656,1.6298981364674323,welch_hann_2048_overlap_1024_fs_44100,digital_amplitude_squared_per_hz,7.406515993744938e-09,882.861328125,7.1721424338980885e-09,1313.525390625,7.43960727053966e-08,2304.052734375
2025.07.09_0.3_1,index=15.720690,9,9.0,1,720690.9057380507,720690.9057380507_src-index=15.720690_chunk-0009.npy,442169.29243200656,1.6298981364674323,welch_hann_2048_overlap_1024_fs_44100,digital_amplitude_squared_per_hz,6.79026873597791e-09,882.861328125,6.290640605445863e-09,1313.525390625,8.242807830393103e-08,2304.052734375
2025.07.09_0.3_1,index=15.720690,10,10.0,1,720690.9057380507,720690.9057380507_src-index=15.720690_chunk-0010.npy,442169.29243200656,1.6298981364674323,welch_hann_2048_overlap_1024_fs_44100,digital_amplitude_squared_per_hz,1.0061973407803482e-08,882.861328125,7.879002062446508e-09,1335.05859375,1.0936447097660033e-07,2304.052734375
2025.07.09_0.3_1,index=15.720690,11,11.0,1,720690.9057380507,720690.9057380507_src-index=15.720690_chunk-0011.npy,442169.29243200656,1.6298981364674323,welch_hann_2048_overlap_1024_fs_44100,digital_amplitude_squared_per_hz,6.757613610774209e-09,882.861328125,6.837799962194404e-09,1313.525390625,1.1715067489577827e-07,2282.51953125
2025.07.09_0.3_1,index=15.720690,12,12.0,1,720690.9057380507,720690.9057380507_src-index=15.720690_chunk-0012.npy,442169.29243200656,1.6298981364674323,welch_hann_2048_overlap_1024_fs_44100,digital_amplitude_squared_per_hz,9.325360457191076e-09,882.861328125,1.0284148717523466e-08,1313.525390625,8.837300830866186e-08,2260.986328125
2025.07.09_0.3_1,index=15.720690,13,13.0,1,720690.9057380507,720690.9057380507_src-index=15.720690_chunk-0013.npy,442169.29243200656,1.6298981364674323,welch_hann_2048_overlap_1024_fs_44100,digital_amplitude_squared_per_hz,2.1111265947457357e-08,1055.126953125,1.9784147073996124e-08,1335.05859375,2.0383945844059702e-07,2282.51953125
2025.07.09_0.3_1,index=15.720690,14,14.0,1,720690.9057380507,720690.9057380507_src-index=15.720690_chunk-0014.npy,442169.29243200656,1.6298981364674323,welch_hann_2048_overlap_1024_fs_44100,digital_amplitude_squared_per_hz,1.269918085611802e-08,1055.126953125,1.3643812355942467e-08,1313.525390625,1.802985125978692e-07,2282.51953125
2025.07.09_0.3_1,index=15.720690,15,15.0,1,720690.9057380507,720690.9057380507_src-index=15.720690_chunk-0015.npy,442169.29243200656,1.6298981364674323,welch_hann_2048_overlap_1024_fs_44100,digital_amplitude_squared_per_hz,1.6317722055133125e-08,1076.66015625,1.2285243387640673e-08,1335.05859375,1.3816932655162686e-07,2325.5859375
2025.07.09_0.3_1,index=15.720690,16,16.0,1,720690.9057380507,720690.9057380507_src-index=15.720690_chunk-0016.npy,442169.29243200656,1.6298981364674323,welch_hann_2048_overlap_1024_fs_44100,digital_amplitude_squared_per_hz,1.762841871894764e-08,882.861328125,1.7889177118700675e-08,1313.525390625,1.6931077460194013e-07,2260.986328125
2025.07.09_0.3_1,index=15.720690,17,17.0,1,720690.9057380507,720690.9057380507_src-index=15.720690_chunk-0017.npy,442169.29243200656,1.6298981364674323,welch_hann_2048_overlap_1024_fs_44100,digital_amplitude_squared_per_hz,3.0801171704321075e-08,1076.66015625,2.8424945612979374e-08,1313.525390625,2.3899097405464626e-07,2304.052734375
2025.07.09_0.3_1,index=15.720690,18,18.0,1,720690.9057380507,720690.9057380507_src-index=15.720690_chunk-0018.npy,442169.29243200656,1.6298981364674323,welch_hann_2048_overlap_1024_fs_44100,digital_amplitude_squared_per_hz,2.7966202815219738e-08,882.861328125,1.9831882098642973e-08,1313.525390625,2.914063197318292e-07,2325.5859375
2025.07.09_0.3_1,index=15.720690,19,19.0,1,720690.9057380507,720690.9057380507_src-index=15.720690_chunk-0019.npy,442169.29243200656,1.6298981364674323,welch_hann_2048_overlap_1024_fs_44100,digital_amplitude_squared_per_hz,3.848166101192388e-08,882.861328125,2.911843353229326e-08,1313.525390625,2.855120986029488e-07,2325.5859375
2025.07.09_0.3_1,index=15.720690,20,20.0,1,720690.9057380507,720690.9057380507_src-index=15.720690_chunk-0020.npy,442169.29243200656,1.6298981364674323,welch_hann_2048_overlap_1024_fs_44100,digital_amplitude_squared_per_hz,1.905630703742228e-08,1055.126953125,2.2728760343564915e-08,1313.525390625,1.3778973851213965e-07,2304.052734375
2025.07.09_0.3_1,index=15.720690,21,21.0,1,720690.9057380507,720690.9057380507_src-index=15.720690_chunk-0021.npy,442169.29243200656,1.6298981364674323,welch_hann_2048_overlap_1024_fs_44100,digital_amplitude_squared_per_hz,9.522231996853336e-09,882.861328125,8.424232698125484e-09,1335.05859375,1.640288541976699e-07,2304.052734375
2025.07.09_0.3_1,index=15.720690,22,22.0,1,720690.9057380507,720690.9057380507_src-index=15.720690_chunk-0022.npy,442169.29243200656,1.6298981364674323,welch_hann_2048_overlap_1024_fs_44100,digital_amplitude_squared_per_hz,2.0851470805352398e-08,1055.126953125,2.1885426528229225e-08,1313.525390625,2.2503647423611994e-07,2304.052734375
2025.07.09_0.3_1,index=15.720690,23,23.0,1,720690.9057380507,720690.9057380507_src-index=15.720690_chunk-0023.npy,442169.29243200656,1.6298981364674323,welch_hann_2048_overlap_1024_fs_44100,digital_amplitude_squared_per_hz,1.752275839055324e-08,1076.66015625,1.8863021671836165e-08,1313.525390625,2.7920333813476035e-07,2304.052734375
2025.07.09_0.3_1,index=15.720690,24,24.0,1,720690.9057380507,720690.9057380507_src-index=15.720690_chunk-0024.npy,442169.29243200656,1.6298981364674323,welch_hann_2048_overlap_1024_fs_44100,digital_amplitude_squared_per_hz,6.179039196326742e-09,882.861328125,8.059345455807362e-09,1313.525390625,6.059410162138212e-08,2304.052734375
2025.07.09_0.3_1,index=15.720690,25,25.0,1,720690.9057380507,720690.9057380507_src-index=15.720690_chunk-0025.npy,442169.29243200656,1.6298981364674323,welch_hann_2048_overlap_1024_fs_44100,digital_amplitude_squared_per_hz,1.0416146955571012e-08,1055.126953125,1.4288579687135255e-08,1313.525390625,2.1900923886343414e-07,2304.052734375
2025.07.09_0.3_1,index=15.720690,26,26.0,1,720690.9057380507,720690.9057380507_src-index=15.720690_chunk-0026.npy,442169.29243200656,1.6298981364674323,welch_hann_2048_overlap_1024_fs_44100,digital_amplitude_squared_per_hz,4.310616709360892e-08,882.861328125,3.047962749394608e-08,1335.05859375,4.262162464817539e-07,2325.5859375
2025.07.09_0.3_1,index=15.720690,27,27.0,1,720690.9057380507,720690.9057380507_src-index=15.720690_chunk-0027.npy,442169.29243200656,1.6298981364674323,welch_hann_2048_overlap_1024_fs_44100,digital_amplitude_squared_per_hz,2.852942479468947e-08,882.861328125,2.595337314554413e-08,1313.525390625,3.9809761443935734e-07,2304.052734375
2025.07.09_0.3_1,index=15.720690,28,28.0,1,720690.9057380507,720690.9057380507_src-index=15.720690_chunk-0028.npy,442169.29243200656,1.6298981364674323,welch_hann_2048_overlap_1024_fs_44100,digital_amplitude_squared_per_hz,3.06187952017473e-08,1076.66015625,3.166274747961132e-08,1335.05859375,2.126149414524941e-07,2304.052734375
2025.07.09_0.3_1,index=15.720690,29,29.0,1,720690.9057380507,720690.9057380507_src-index=15.720690_chunk-0029.npy,442169.29243200656,1.6298981364674323,welch_hann_2048_overlap_1024_fs_44100,digital_amplitude_squared_per_hz,2.4851071548871694e-09,1055.126953125,3.3381431813448632e-09,1335.05859375,4.3870359306933586e-08,2325.5859375
2025.07.09_0.3_1,index=15.720690,30,30.0,1,720690.9057380507,720690.9057380507_src-index=15.720690_chunk-0030.npy,442169.29243200656,1.6298981364674323,welch_hann_2048_overlap_1024_fs_44100,digital_amplitude_squared_per_hz,3.6745773168110277e-09,882.861328125,2.464639210029363e-09,1313.525390625,2.926478463355135e-08,2325.5859375
2025.07.09_0.3_1,index=15.720690,31,31.0,1,720690.9057380507,720690.9057380507_src-index=15.720690_chunk-0031.npy,442169.29243200656,1.6298981364674323,welch_hann_2048_overlap_1024_fs_44100,digital_amplitude_squared_per_hz,1.1417749686508143e-08,882.861328125,8.716434461462654e-09,1335.05859375,1.6298539266743999e-07,2304.052734375
2025.07.09_0.3_1,index=15.720690,32,32.0,1,720690.9057380507,720690.9057380507_src-index=15.720690_chunk-0032.npy,442169.29243200656,1.6298981364674323,welch_hann_2048_overlap_1024_fs_44100,digital_amplitude_squared_per_hz,1.3546163664212458e-08,882.861328125,1.1145254852091482e-08,1335.05859375,3.1818215584616457e-07,2304.052734375
2025.07.09_0.3_1,index=15.720690,33,33.0,1,720690.9057380507,720690.9057380507_src-index=15.720690_chunk-0033.npy,442169.29243200656,1.6298981364674323,welch_hann_2048_overlap_1024_fs_44100,digital_amplitude_squared_per_hz,1.0029040215842419e-08,1076.66015625,7.017337825405124e-09,1313.525390625,1.6775423798454615e-07,2325.5859375
2025.07.09_0.3_1,index=15.720690,34,34.0,1,720690.9057380507,720690.9057380507_src-index=15.720690_chunk-0034.npy,442169.29243200656,1.6298981364674323,welch_hann_2048_overlap_1024_fs_44100,digital_amplitude_squared_per_hz,7.524519030594665e-09,1076.66015625,7.563906928270179e-09,1335.05859375,1.2474308932240692e-07,2304.052734375
2025.07.09_0.3_1,index=15.720690,35,35.0,1,720690.9057380507,720690.9057380507_src-index=15.720690_chunk-0035.npy,442169.29243200656,1.6298981364674323,welch_hann_2048_overlap_1024_fs_44100,digital_amplitude_squared_per_hz,5.584446133632534e-09,1076.66015625,8.203111348201488e-09,1313.525390625,9.554076575394734e-08,2304.052734375
2025.07.09_0.3_1,index=15.720690,36,36.0,1,720690.9057380507,720690.9057380507_src-index=15.720690_chunk-0036.npy,442169.29243200656,1.6298981364674323,welch_hann_2048_overlap_1024_fs_44100,digital_amplitude_squared_per_hz,4.0400852159541435e-09,882.861328125,2.297803317129037e-09,1335.05859375,7.31979171116586e-08,2304.052734375
2025.07.09_0.3_1,index=15.720690,37,37.0,1,720690.9057380507,720690.9057380507_src-index=15.720690_chunk-0037.npy,442169.29243200656,1.6298981364674323,welch_hann_2048_overlap_1024_fs_44100,digital_amplitude_squared_per_hz,1.286987683434269e-09,1076.66015625,1.0157525763433276e-09,1313.525390625,2.8333302451061055e-08,2304.052734375
2025.07.09_0.3_1,index=15.720690,38,38.0,1,720690.9057380507,720690.9057380507_src-index=15.720690_chunk-0038.npy,442169.29243200656,1.6298981364674323,welch_hann_2048_overlap_1024_fs_44100,digital_amplitude_squared_per_hz,6.601465951249314e-09,882.861328125,6.29258923802654e-09,1313.525390625,8.422495194595591e-08,2282.51953125
2025.07.09_0.3_1,index=15.720690,39,39.0,1,720690.9057380507,720690.9057380507_src-index=15.720690_chunk-0039.npy,442169.29243200656,1.6298981364674323,welch_hann_2048_overlap_1024_fs_44100,digital_amplitude_squared_per_hz,1.0206505192993118e-08,882.861328125,9.47439143104363e-09,1313.525390625,1.2609888201486804e-07,2325.5859375
2025.07.09_0.3_1,index=15.720690,40,40.0,1,720690.9057380507,720690.9057380507_src-index=15.720690_chunk-0040.npy,442169.29243200656,1.6298981364674323,welch_hann_2048_overlap_1024_fs_44100,digital_amplitude_squared_per_hz,4.013812247301118e-09,882.861328125,2.8798127944982727e-09,1335.05859375,4.011506396522163e-08,2304.052734375
2025.07.09_0.3_1,index=15.720690,41,41.0,1,720690.9057380507,720690.9057380507_src-index=15.720690_chunk-0041.npy,442169.29243200656,1.6298981364674323,welch_hann_2048_overlap_1024_fs_44100,digital_amplitude_squared_per_hz,1.0373868237839918e-08,882.861328125,9.056777624195802e-09,1335.05859375,9.607564977750204e-08,2304.052734375
2025.07.09_0.3_1,index=15.720690,42,42.0,1,720690.9057380507,720690.9057380507_src-index=15.720690_chunk-0042.npy,442169.29243200656,1.6298981364674323,welch_hann_2048_overlap_1024_fs_44100,digital_amplitude_squared_per_hz,6.458482873110394e-09,1098.193359375,4.888051203175538e-09,1335.05859375,6.159012032738724e-08,2282.51953125
2025.07.09_0.3_1,index=15.720690,43,43.0,1,720690.9057380507,720690.9057380507_src-index=15.720690_chunk-0043.npy,442169.29243200656,1.6298981364674323,welch_hann_2048_overlap_1024_fs_44100,digital_amplitude_squared_per_hz,1.146367535058931e-08,882.861328125,1.1304690008589774e-08,1335.05859375,1.462239359880071e-07,2304.052734375
2025.07.09_0.3_1,index=15.720690,44,44.0,1,720690.9057380507,720690.9057380507_src-index=15.720690_chunk-0044.npy,442169.29243200656,1.6298981364674323,welch_hann_2048_overlap_1024_fs_44100,digital_amplitude_squared_per_hz,1.719870785157989e-08,1076.66015625,1.595049601953087e-08,1335.05859375,2.415894803305523e-07,2304.052734375
2025.07.09_0.3_1,index=15.720690,45,45.0,1,720690.9057380507,720690.9057380507_src-index=15.720690_chunk-0045.npy,442169.29243200656,1.6298981364674323,welch_hann_2048_overlap_1024_fs_44100,digital_amplitude_squared_per_hz,1.0393375660874175e-08,882.861328125,6.521189616251259e-09,1335.05859375,5.523569941468446e-08,2304.052734375
2025.07.09_0.3_1,index=15.720690,46,46.0,1,720690.9057380507,720690.9057380507_src-index=15.720690_chunk-0046.npy,442169.29243200656,1.6298981364674323,welch_hann_2048_overlap_1024_fs_44100,digital_amplitude_squared_per_hz,2.3255651387070427e-08,1076.66015625,2.2202328279959597e-08,1313.525390625,3.162790975852041e-07,2304.052734375
2025.07.09_0.3_1,index=15.720690,47,47.0,1,720690.9057380507,720690.9057380507_src-index=15.720690_chunk-0047.npy,442169.29243200656,1.6298981364674323,welch_hann_2048_overlap_1024_fs_44100,digital_amplitude_squared_per_hz,3.2931777248132325e-08,1076.66015625,2.488213933543165e-08,1313.525390625,3.349833870830999e-07,2325.5859375
2025.07.09_0.3_1,index=15.720690,48,48.0,1,720690.9057380507,720690.9057380507_src-index=15.720690_chunk-0048.npy,442169.29243200656,1.6298981364674323,welch_hann_2048_overlap_1024_fs_44100,digital_amplitude_squared_per_hz,1.9119971043373188e-08,882.861328125,1.3579860086202872e-08,1335.05859375,1.4267943010036697e-07,2304.052734375
2025.07.09_0.3_1,index=15.720690,49,49.0,1,720690.9057380507,720690.9057380507_src-index=15.720690_chunk-0049.npy,442169.29243200656,1.6298981364674323,welch_hann_2048_overlap_1024_fs_44100,digital_amplitude_squared_per_hz,2.1505586457429358e-08,882.861328125,2.5259120606015992e-08,1313.525390625,2.0793546234799634e-07,2325.5859375
2025.07.09_0.3_1,index=15.720690,50,50.0,1,720690.9057380507,720690.9057380507_src-index=15.720690_chunk-0050.npy,442169.29243200656,1.6298981364674323,welch_hann_2048_overlap_1024_fs_44100,digital_amplitude_squared_per_hz,1.7732586708496958e-08,882.861328125,1.2517673198743944e-08,1335.05859375,1.8140893297241685e-07,2325.5859375
2025.07.09_0.3_1,index=15.720690,51,51.0,1,720690.9057380507,720690.9057380507_src-index=15.720690_chunk-0051.npy,442169.29243200656,1.6298981364674323,welch_hann_2048_overlap_1024_fs_44100,digital_amplitude_squared_per_hz,1.617560202576811e-08,1076.66015625,1.5268665555821288e-08,1313.525390625,2.242214168736483e-07,2304.052734375
2025.07.09_0.3_1,index=15.720690,52,52.0,1,720690.9057380507,720690.9057380507_src-index=15.720690_chunk-0052.npy,442169.29243200656,1.6298981364674323,welch_hann_2048_overlap_1024_fs_44100,digital_amplitude_squared_per_hz,3.006534825640605e-08,882.861328125,2.282414236573183e-08,1335.05859375,2.5698301107433305e-07,2304.052734375
2025.07.09_0.3_1,index=15.720690,53,53.0,1,720690.9057380507,720690.9057380507_src-index=15.720690_chunk-0053.npy,442169.29243200656,1.6298981364674323,welch_hann_2048_overlap_1024_fs_44100,digital_amplitude_squared_per_hz,2.0472575291972843e-08,882.861328125,1.4294906509991792e-08,1313.525390625,1.5378732899341628e-07,2325.5859375
2025.07.09_0.3_1,index=15.720690,54,54.0,1,720690.9057380507,720690.9057380507_src-index=15.720690_chunk-0054.npy,442169.29243200656,1.6298981364674323,welch_hann_2048_overlap_1024_fs_44100,digital_amplitude_squared_per_hz,1.1759040068811536e-08,1076.66015625,1.0499550755214857e-08,1313.525390625,8.834852515930236e-08,2304.052734375
2025.07.09_0.3_1,index=15.720690,55,55.0,1,720690.9057380507,720690.9057380507_src-index=15.720690_chunk-0055.npy,442169.29243200656,1.6298981364674323,welch_hann_2048_overlap_1024_fs_44100,digital_amplitude_squared_per_hz,2.2651205666795322e-08,1076.66015625,1.8716854549170173e-08,1313.525390625,2.8947366444145956e-07,2304.052734375
2025.07.09_0.3_1,index=15.720690,56,56.0,1,720690.9057380507,720690.9057380507_src-index=15.720690_chunk-0056.npy,442169.29243200656,1.6298981364674323,welch_hann_2048_overlap_1024_fs_44100,digital_amplitude_squared_per_hz,2.872534428691788e-08,882.861328125,1.9588575766674023e-08,1335.05859375,2.7405800819790034e-07,2304.052734375
2025.07.09_0.3_1,index=15.720690,57,57.0,1,720690.9057380507,720690.9057380507_src-index=15.720690_chunk-0057.npy,442169.29243200656,1.6298981364674323,welch_hann_2048_overlap_1024_fs_44100,digital_amplitude_squared_per_hz,1.9650408495814106e-08,882.861328125,1.6225604585117812e-08,1313.525390625,2.020538654562046e-07,2325.5859375
2025.07.09_0.3_1,index=15.720690,58,58.0,1,720690.9057380507,720690.9057380507_src-index=15.720690_chunk-0058.npy,442169.29243200656,1.6298981364674323,welch_hann_2048_overlap_1024_fs_44100,digital_amplitude_squared_per_hz,4.3109256259923324e-08,882.861328125,2.2591619226556054e-08,1313.525390625,2.5195646508011426e-07,2304.052734375
2025.07.09_0.3_1,index=15.720690,59,59.0,1,720690.9057380507,720690.9057380507_src-index=15.720690_chunk-0059.npy,442169.29243200656,1.6298981364674323,welch_hann_2048_overlap_1024_fs_44100,digital_amplitude_squared_per_hz,1.2376644602350162e-08,882.861328125,1.0464564216965913e-08,1335.05859375,1.1220009247138885e-07,2325.5859375
2025.07.09_0.3_1,index=16.802409,0,0.0,1,802409.6877461649,802409.6877461649_src-index=16.802409_chunk-0000.npy,442169.29243200656,1.8147114724606372,welch_hann_2048_overlap_1024_fs_44100,digital_amplitude_squared_per_hz,4.085335040572565e-08,1076.66015625,3.980058938415435e-08,1313.525390625,4.104997930631404e-07,2304.052734375
2025.07.09_0.3_1,index=16.802409,1,1.0,1,802409.6877461649,802409.6877461649_src-index=16.802409_chunk-0001.npy,442169.29243200656,1.8147114724606372,welch_hann_2048_overlap_1024_fs_44100,digital_amplitude_squared_per_hz,3.278719223053681e-08,882.861328125,3.655353820075554e-08,1313.525390625,3.2543913584590715e-07,2304.052734375
2025.07.09_0.3_1,index=16.802409,2,2.0,1,802409.6877461649,802409.6877461649_src-index=16.802409_chunk-0002.npy,442169.29243200656,1.8147114724606372,welch_hann_2048_overlap_1024_fs_44100,digital_amplitude_squared_per_hz,5.7193262185761934e-08,882.861328125,4.935158288351605e-08,1313.525390625,7.075567475541167e-07,2325.5859375
2025.07.09_0.3_1,index=16.802409,3,3.0,1,802409.6877461649,802409.6877461649_src-index=16.802409_chunk-0003.npy,442169.29243200656,1.8147114724606372,welch_hann_2048_overlap_1024_fs_44100,digital_amplitude_squared_per_hz,5.851788349750911e-08,1076.66015625,5.290438936361238e-08,1313.525390625,4.604898688508545e-07,2325.5859375
2025.07.09_0.3_1,index=16.802409,4,4.0,1,802409.6877461649,802409.6877461649_src-index=16.802409_chunk-0004.npy,442169.29243200656,1.8147114724606372,welch_hann_2048_overlap_1024_fs_44100,digital_amplitude_squared_per_hz,5.03798906267598e-08,882.861328125,3.247859676050861e-08,1313.525390625,4.2062381637020225e-07,2325.5859375
2025.07.09_0.3_1,index=16.802409,5,5.0,1,802409.6877461649,802409.6877461649_src-index=16.802409_chunk-0005.npy,442169.29243200656,1.8147114724606372,welch_hann_2048_overlap_1024_fs_44100,digital_amplitude_squared_per_hz,5.625288477044273e-08,882.861328125,6.758638891756316e-08,1313.525390625,4.635656053507438e-07,2304.052734375
2025.07.09_0.3_1,index=16.802409,6,6.0,1,802409.6877461649,802409.6877461649_src-index=16.802409_chunk-0006.npy,442169.29243200656,1.8147114724606372,welch_hann_2048_overlap_1024_fs_44100,digital_amplitude_squared_per_hz,4.233398122580536e-08,1076.66015625,3.1988519624571336e-08,1313.525390625,2.8579173858076917e-07,2260.986328125
2025.07.09_0.3_1,index=16.802409,7,7.0,1,802409.6877461649,802409.6877461649_src-index=16.802409_chunk-0007.npy,442169.29243200656,1.8147114724606372,welch_hann_2048_overlap_1024_fs_44100,digital_amplitude_squared_per_hz,4.6256884411333656e-08,882.861328125,5.6457013936008995e-08,1313.525390625,5.173467845797843e-07,2304.052734375
2025.07.09_0.3_1,index=16.802409,8,8.0,1,802409.6877461649,802409.6877461649_src-index=16.802409_chunk-0008.npy,442169.29243200656,1.8147114724606372,welch_hann_2048_overlap_1024_fs_44100,digital_amplitude_squared_per_hz,4.87679176736549e-08,1076.66015625,4.5240961643441027e-08,1313.525390625,4.565045613121272e-07,2304.052734375
2025.07.09_0.3_1,index=16.802409,9,9.0,1,802409.6877461649,802409.6877461649_src-index=16.802409_chunk-0009.npy,442169.29243200656,1.8147114724606372,welch_hann_2048_overlap_1024_fs_44100,digital_amplitude_squared_per_hz,3.713847456076863e-08,1055.126953125,4.091435425607498e-08,1335.05859375,4.864047374818961e-07,2304.052734375
2025.07.09_0.3_1,index=16.802409,10,10.0,1,802409.6877461649,802409.6877461649_src-index=16.802409_chunk-0010.npy,442169.29243200656,1.8147114724606372,welch_hann_2048_overlap_1024_fs_44100,digital_amplitude_squared_per_hz,8.243209714219687e-08,882.861328125,6.054016088688612e-08,1313.525390625,8.056665092913028e-07,2304.052734375
2025.07.09_0.3_1,index=16.802409,11,11.0,1,802409.6877461649,802409.6877461649_src-index=16.802409_chunk-0011.npy,442169.29243200656,1.8147114724606372,welch_hann_2048_overlap_1024_fs_44100,digital_amplitude_squared_per_hz,4.3842546675960355e-08,1055.126953125,3.6266354778996186e-08,1313.525390625,4.57040864483249e-07,2304.052734375
2025.07.09_0.3_1,index=16.802409,12,12.0,1,802409.6877461649,802409.6877461649_src-index=16.802409_chunk-0012.npy,442169.29243200656,1.8147114724606372,welch_hann_2048_overlap_1024_fs_44100,digital_amplitude_squared_per_hz,3.6381764612745426e-08,1055.126953125,3.2805254003150833e-08,1335.05859375,2.4735353604512946e-07,2325.5859375
2025.07.09_0.3_1,index=16.802409,13,13.0,1,802409.6877461649,802409.6877461649_src-index=16.802409_chunk-0013.npy,442169.29243200656,1.8147114724606372,welch_hann_2048_overlap_1024_fs_44100,digital_amplitude_squared_per_hz,5.543443694856894e-08,1076.66015625,5.999577053682613e-08,1313.525390625,4.709531330998627e-07,2304.052734375
2025.07.09_0.3_1,index=16.802409,14,14.0,1,802409.6877461649,802409.6877461649_src-index=16.802409_chunk-0014.npy,442169.29243200656,1.8147114724606372,welch_hann_2048_overlap_1024_fs_44100,digital_amplitude_squared_per_hz,3.035267064079714e-08,882.861328125,2.7772107469909543e-08,1335.05859375,2.5669314517548286e-07,2304.052734375
2025.07.09_0.3_1,index=16.802409,15,15.0,1,802409.6877461649,802409.6877461649_src-index=16.802409_chunk-0015.npy,442169.29243200656,1.8147114724606372,welch_hann_2048_overlap_1024_fs_44100,digital_amplitude_squared_per_hz,2.0214586623147604e-08,1055.126953125,2.0670667499271037e-08,1313.525390625,2.538353625276405e-07,2304.052734375
2025.07.09_0.3_1,index=16.802409,16,16.0,1,802409.6877461649,802409.6877461649_src-index=16.802409_chunk-0016.npy,442169.29243200656,1.8147114724606372,welch_hann_2048_overlap_1024_fs_44100,digital_amplitude_squared_per_hz,3.4114168376441854e-08,882.861328125,3.105504919311094e-08,1313.525390625,2.867403320560791e-07,2260.986328125
2025.07.09_0.3_1,index=16.802409,17,17.0,1,802409.6877461649,802409.6877461649_src-index=16.802409_chunk-0017.npy,442169.29243200656,1.8147114724606372,welch_hann_2048_overlap_1024_fs_44100,digital_amplitude_squared_per_hz,4.494274500797806e-08,1076.66015625,4.148744270262345e-08,1313.525390625,3.579162827064376e-07,2304.052734375
2025.07.09_0.3_1,index=16.802409,18,18.0,1,802409.6877461649,802409.6877461649_src-index=16.802409_chunk-0018.npy,442169.29243200656,1.8147114724606372,welch_hann_2048_overlap_1024_fs_44100,digital_amplitude_squared_per_hz,2.5852918489626406e-08,1076.66015625,3.0186391432122195e-08,1313.525390625,2.383576322091951e-07,2304.052734375
2025.07.09_0.3_1,index=16.802409,19,19.0,1,802409.6877461649,802409.6877461649_src-index=16.802409_chunk-0019.npy,442169.29243200656,1.8147114724606372,welch_hann_2048_overlap_1024_fs_44100,digital_amplitude_squared_per_hz,3.246477760437254e-08,882.861328125,2.7669742077936384e-08,1335.05859375,2.1445164729081943e-07,2304.052734375
2025.07.09_0.3_1,index=16.802409,20,20.0,1,802409.6877461649,802409.6877461649_src-index=16.802409_chunk-0020.npy,442169.29243200656,1.8147114724606372,welch_hann_2048_overlap_1024_fs_44100,digital_amplitude_squared_per_hz,3.859505372966533e-08,1076.66015625,4.626305518100781e-08,1313.525390625,2.3395610672243138e-07,2260.986328125
2025.07.09_0.3_1,index=16.802409,21,21.0,1,802409.6877461649,802409.6877461649_src-index=16.802409_chunk-0021.npy,442169.29243200656,1.8147114724606372,welch_hann_2048_overlap_1024_fs_44100,digital_amplitude_squared_per_hz,2.3888520509567622e-08,882.861328125,2.1785864359921257e-08,1313.525390625,1.9929008489627787e-07,2304.052734375
2025.07.09_0.3_1,index=16.802409,22,22.0,1,802409.6877461649,802409.6877461649_src-index=16.802409_chunk-0022.npy,442169.29243200656,1.8147114724606372,welch_hann_2048_overlap_1024_fs_44100,digital_amplitude_squared_per_hz,2.8559198774837306e-08,882.861328125,2.381077353125351e-08,1335.05859375,2.831764726290117e-07,2260.986328125
2025.07.09_0.3_1,index=16.802409,23,23.0,1,802409.6877461649,802409.6877461649_src-index=16.802409_chunk-0023.npy,442169.29243200656,1.8147114724606372,welch_hann_2048_overlap_1024_fs_44100,digital_amplitude_squared_per_hz,1.4726010593208648e-08,1055.126953125,2.516342266706402e-08,1335.05859375,2.529527999266831e-07,2304.052734375
2025.07.09_0.3_1,index=16.802409,24,24.0,1,802409.6877461649,802409.6877461649_src-index=16.802409_chunk-0024.npy,442169.29243200656,1.8147114724606372,welch_hann_2048_overlap_1024_fs_44100,digital_amplitude_squared_per_hz,2.6207322468068522e-08,882.861328125,2.5798334346229556e-08,1313.525390625,2.5869423860911306e-07,2282.51953125
2025.07.09_0.3_1,index=16.802409,25,25.0,1,802409.6877461649,802409.6877461649_src-index=16.802409_chunk-0025.npy,442169.29243200656,1.8147114724606372,welch_hann_2048_overlap_1024_fs_44100,digital_amplitude_squared_per_hz,4.9763048839942e-08,1055.126953125,3.558180797714128e-08,1335.05859375,3.465702683148205e-07,2282.51953125
2025.07.09_0.3_1,index=16.802409,26,26.0,1,802409.6877461649,802409.6877461649_src-index=16.802409_chunk-0026.npy,442169.29243200656,1.8147114724606372,welch_hann_2048_overlap_1024_fs_44100,digital_amplitude_squared_per_hz,5.913421774701115e-08,1055.126953125,4.65553294014204e-08,1313.525390625,3.441371462725185e-07,2304.052734375
2025.07.09_0.3_1,index=16.802409,27,27.0,1,802409.6877461649,802409.6877461649_src-index=16.802409_chunk-0027.npy,442169.29243200656,1.8147114724606372,welch_hann_2048_overlap_1024_fs_44100,digital_amplitude_squared_per_hz,2.7910397247968684e-08,1076.66015625,3.477361186951259e-08,1335.05859375,2.504285528964733e-07,2325.5859375
2025.07.09_0.3_1,index=16.802409,28,28.0,1,802409.6877461649,802409.6877461649_src-index=16.802409_chunk-0028.npy,442169.29243200656,1.8147114724606372,welch_hann_2048_overlap_1024_fs_44100,digital_amplitude_squared_per_hz,5.005599220294486e-08,882.861328125,8.314069027059916e-08,1313.525390625,3.8654960256932416e-07,2282.51953125
2025.07.09_0.3_1,index=16.802409,29,29.0,1,802409.6877461649,802409.6877461649_src-index=16.802409_chunk-0029.npy,442169.29243200656,1.8147114724606372,welch_hann_2048_overlap_1024_fs_44100,digital_amplitude_squared_per_hz,3.610789624624749e-08,882.861328125,4.477450225691978e-08,1335.05859375,3.5369636600032626e-07,2304.052734375
2025.07.09_0.3_1,index=16.802409,30,30.0,1,802409.6877461649,802409.6877461649_src-index=16.802409_chunk-0030.npy,442169.29243200656,1.8147114724606372,welch_hann_2048_overlap_1024_fs_44100,digital_amplitude_squared_per_hz,6.345246843563568e-08,1055.126953125,7.963858357981442e-08,1313.525390625,7.039219723772276e-07,2325.5859375
2025.07.09_0.3_1,index=16.802409,31,31.0,1,802409.6877461649,802409.6877461649_src-index=16.802409_chunk-0031.npy,442169.29243200656,1.8147114724606372,welch_hann_2048_overlap_1024_fs_44100,digital_amplitude_squared_per_hz,5.918037344337474e-08,1076.66015625,7.193342820893729e-08,1313.525390625,6.241977404607843e-07,2325.5859375
2025.07.09_0.3_1,index=16.802409,32,32.0,1,802409.6877461649,802409.6877461649_src-index=16.802409_chunk-0032.npy,442169.29243200656,1.8147114724606372,welch_hann_2048_overlap_1024_fs_44100,digital_amplitude_squared_per_hz,6.764975537983011e-08,882.861328125,5.712181867630199e-08,1335.05859375,8.246050715823212e-07,2325.5859375
2025.07.09_0.3_1,index=16.802409,33,33.0,1,802409.6877461649,802409.6877461649_src-index=16.802409_chunk-0033.npy,442169.29243200656,1.8147114724606372,welch_hann_2048_overlap_1024_fs_44100,digital_amplitude_squared_per_hz,5.8588859790983176e-08,1076.66015625,4.6381620827309966e-08,1335.05859375,5.17340420642548e-07,2304.052734375
2025.07.09_0.3_1,index=16.802409,34,34.0,1,802409.6877461649,802409.6877461649_src-index=16.802409_chunk-0034.npy,442169.29243200656,1.8147114724606372,welch_hann_2048_overlap_1024_fs_44100,digital_amplitude_squared_per_hz,4.021813324974601e-08,882.861328125,4.306163551173864e-08,1313.525390625,4.2357947135937503e-07,2304.052734375
2025.07.09_0.3_1,index=16.802409,35,35.0,1,802409.6877461649,802409.6877461649_src-index=16.802409_chunk-0035.npy,442169.29243200656,1.8147114724606372,welch_hann_2048_overlap_1024_fs_44100,digital_amplitude_squared_per_hz,7.379290443249972e-08,882.861328125,7.558827326264517e-08,1313.525390625,6.439067703140692e-07,2304.052734375
2025.07.09_0.3_1,index=16.802409,36,36.0,1,802409.6877461649,802409.6877461649_src-index=16.802409_chunk-0036.npy,442169.29243200656,1.8147114724606372,welch_hann_2048_overlap_1024_fs_44100,digital_amplitude_squared_per_hz,6.864450125946706e-08,1076.66015625,6.00530164157583e-08,1335.05859375,5.670697415289839e-07,2325.5859375
2025.07.09_0.3_1,index=16.802409,37,37.0,1,802409.6877461649,802409.6877461649_src-index=16.802409_chunk-0037.npy,442169.29243200656,1.8147114724606372,welch_hann_2048_overlap_1024_fs_44100,digital_amplitude_squared_per_hz,6.807781691494455e-08,1076.66015625,6.290128337085806e-08,1335.05859375,6.988256350707952e-07,2304.052734375
2025.07.09_0.3_1,index=16.802409,38,38.0,1,802409.6877461649,802409.6877461649_src-index=16.802409_chunk-0038.npy,442169.29243200656,1.8147114724606372,welch_hann_2048_overlap_1024_fs_44100,digital_amplitude_squared_per_hz,7.74844575837883e-08,882.861328125,5.427768076875078e-08,1313.525390625,6.632052535659551e-07,2325.5859375
2025.07.09_0.3_1,index=16.802409,39,39.0,1,802409.6877461649,802409.6877461649_src-index=16.802409_chunk-0039.npy,442169.29243200656,1.8147114724606372,welch_hann_2048_overlap_1024_fs_44100,digital_amplitude_squared_per_hz,4.1315592212451374e-08,1076.66015625,4.679075708833251e-08,1335.05859375,4.0224491814873494e-07,2304.052734375
2025.07.09_0.3_1,index=16.802409,40,40.0,1,802409.6877461649,802409.6877461649_src-index=16.802409_chunk-0040.npy,442169.29243200656,1.8147114724606372,welch_hann_2048_overlap_1024_fs_44100,digital_amplitude_squared_per_hz,4.16452405572633e-08,1076.66015625,3.754448886804118e-08,1313.525390625,4.445636503649348e-07,2304.052734375
2025.07.09_0.3_1,index=16.802409,41,41.0,1,802409.6877461649,802409.6877461649_src-index=16.802409_chunk-0041.npy,442169.29243200656,1.8147114724606372,welch_hann_2048_overlap_1024_fs_44100,digital_amplitude_squared_per_hz,5.331753009653416e-08,882.861328125,5.2481968120834315e-08,1335.05859375,6.678353731599819e-07,2325.5859375
2025.07.09_0.3_1,index=16.802409,42,42.0,1,802409.6877461649,802409.6877461649_src-index=16.802409_chunk-0042.npy,442169.29243200656,1.8147114724606372,welch_hann_2048_overlap_1024_fs_44100,digital_amplitude_squared_per_hz,5.727622622883268e-08,882.861328125,6.160758975483542e-08,1313.525390625,6.903900488639574e-07,2304.052734375
2025.07.09_0.3_1,index=16.802409,43,43.0,1,802409.6877461649,802409.6877461649_src-index=16.802409_chunk-0043.npy,442169.29243200656,1.8147114724606372,welch_hann_2048_overlap_1024_fs_44100,digital_amplitude_squared_per_hz,7.908253571679639e-08,882.861328125,5.2846545243099674e-08,1335.05859375,7.616854031757253e-07,2304.052734375
2025.07.09_0.3_1,index=16.802409,44,44.0,1,802409.6877461649,802409.6877461649_src-index=16.802409_chunk-0044.npy,442169.29243200656,1.8147114724606372,welch_hann_2048_overlap_1024_fs_44100,digital_amplitude_squared_per_hz,8.792580782665032e-08,882.861328125,7.095581434411979e-08,1313.525390625,6.289200141016562e-07,2304.052734375
2025.07.09_0.3_1,index=16.802409,45,45.0,1,802409.6877461649,802409.6877461649_src-index=16.802409_chunk-0045.npy,442169.29243200656,1.8147114724606372,welch_hann_2048_overlap_1024_fs_44100,digital_amplitude_squared_per_hz,6.924615794930209e-08,882.861328125,6.131788503286664e-08,1313.525390625,8.444400853911483e-07,2304.052734375
2025.07.09_0.3_1,index=16.802409,46,46.0,1,802409.6877461649,802409.6877461649_src-index=16.802409_chunk-0046.npy,442169.29243200656,1.8147114724606372,welch_hann_2048_overlap_1024_fs_44100,digital_amplitude_squared_per_hz,1.3490862558197302e-07,1076.66015625,9.725970615031487e-08,1335.05859375,1.2976724480641484e-06,2325.5859375
2025.07.09_0.3_1,index=16.802409,47,47.0,1,802409.6877461649,802409.6877461649_src-index=16.802409_chunk-0047.npy,442169.29243200656,1.8147114724606372,welch_hann_2048_overlap_1024_fs_44100,digital_amplitude_squared_per_hz,7.171385457952901e-08,882.861328125,6.067087846500109e-08,1313.525390625,8.758606957319979e-07,2325.5859375
2025.07.09_0.3_1,index=16.802409,48,48.0,1,802409.6877461649,802409.6877461649_src-index=16.802409_chunk-0048.npy,442169.29243200656,1.8147114724606372,welch_hann_2048_overlap_1024_fs_44100,digital_amplitude_squared_per_hz,7.181661499628589e-08,882.861328125,6.853246815904486e-08,1313.525390625,6.450788439705584e-07,2347.119140625
2025.07.09_0.3_1,index=16.802409,49,49.0,1,802409.6877461649,802409.6877461649_src-index=16.802409_chunk-0049.npy,442169.29243200656,1.8147114724606372,welch_hann_2048_overlap_1024_fs_44100,digital_amplitude_squared_per_hz,6.651279061999895e-08,1076.66015625,6.078762275863694e-08,1335.05859375,9.120040455832858e-07,2304.052734375
2025.07.09_0.3_1,index=16.802409,50,50.0,1,802409.6877461649,802409.6877461649_src-index=16.802409_chunk-0050.npy,442169.29243200656,1.8147114724606372,welch_hann_2048_overlap_1024_fs_44100,digital_amplitude_squared_per_hz,4.320946410355734e-08,882.861328125,4.3318372608875966e-08,1313.525390625,5.521382455408291e-07,2304.052734375
2025.07.09_0.3_1,index=16.802409,51,51.0,1,802409.6877461649,802409.6877461649_src-index=16.802409_chunk-0051.npy,442169.29243200656,1.8147114724606372,welch_hann_2048_overlap_1024_fs_44100,digital_amplitude_squared_per_hz,5.7958649882919265e-08,1076.66015625,4.184252842211579e-08,1335.05859375,5.08600218320245e-07,2282.51953125
2025.07.09_0.3_1,index=16.802409,52,52.0,1,802409.6877461649,802409.6877461649_src-index=16.802409_chunk-0052.npy,442169.29243200656,1.8147114724606372,welch_hann_2048_overlap_1024_fs_44100,digital_amplitude_squared_per_hz,3.8821920628846177e-08,861.328125,3.280072288684145e-08,1335.05859375,5.563497304451636e-07,2304.052734375
2025.07.09_0.3_1,index=16.802409,53,53.0,1,802409.6877461649,802409.6877461649_src-index=16.802409_chunk-0053.npy,442169.29243200656,1.8147114724606372,welch_hann_2048_overlap_1024_fs_44100,digital_amplitude_squared_per_hz,8.159725929017816e-08,882.861328125,6.582111459939569e-08,1335.05859375,7.764627244844373e-07,2282.51953125
2025.07.09_0.3_1,index=16.802409,54,54.0,1,802409.6877461649,802409.6877461649_src-index=16.802409_chunk-0054.npy,442169.29243200656,1.8147114724606372,welch_hann_2048_overlap_1024_fs_44100,digital_amplitude_squared_per_hz,5.6503834039667666e-08,882.861328125,5.5342152415257706e-08,1313.525390625,5.99175755850946e-07,2304.052734375
2025.07.09_0.3_1,index=16.802409,55,55.0,1,802409.6877461649,802409.6877461649_src-index=16.802409_chunk-0055.npy,442169.29243200656,1.8147114724606372,welch_hann_2048_overlap_1024_fs_44100,digital_amplitude_squared_per_hz,7.488159732575921e-08,1098.193359375,4.3947703523497767e-08,1313.525390625,7.776767095023495e-07,2304.052734375
2025.07.09_0.3_1,index=16.802409,56,56.0,1,802409.6877461649,802409.6877461649_src-index=16.802409_chunk-0056.npy,442169.29243200656,1.8147114724606372,welch_hann_2048_overlap_1024_fs_44100,digital_amplitude_squared_per_hz,6.874383872206032e-08,882.861328125,7.197654008511008e-08,1313.525390625,1.0000487658990562e-06,2325.5859375
2025.07.09_0.3_1,index=16.802409,57,57.0,1,802409.6877461649,802409.6877461649_src-index=16.802409_chunk-0057.npy,442169.29243200656,1.8147114724606372,welch_hann_2048_overlap_1024_fs_44100,digital_amplitude_squared_per_hz,5.862067445111066e-08,882.861328125,6.145964625025915e-08,1313.525390625,6.613600690412466e-07,2325.5859375
2025.07.09_0.3_1,index=16.802409,58,58.0,1,802409.6877461649,802409.6877461649_src-index=16.802409_chunk-0058.npy,442169.29243200656,1.8147114724606372,welch_hann_2048_overlap_1024_fs_44100,digital_amplitude_squared_per_hz,7.802873013503581e-08,882.861328125,4.319409311651589e-08,1335.05859375,5.301198926858858e-07,2325.5859375
2025.07.09_0.3_1,index=16.802409,59,59.0,1,802409.6877461649,802409.6877461649_src-index=16.802409_chunk-0059.npy,442169.29243200656,1.8147114724606372,welch_hann_2048_overlap_1024_fs_44100,digital_amplitude_squared_per_hz,5.8377987170292805e-08,882.861328125,3.414153651689351e-08,1335.05859375,4.923113662974451e-07,2304.052734375
2025.07.09_0.3_1,index=17.887789,0,0.0,1,887789.2369537686,887789.2369537686_src-index=17.887789_chunk-0000.npy,442169.29243200656,2.007803916166988,welch_hann_2048_overlap_1024_fs_44100,digital_amplitude_squared_per_hz,1.1895674510575088e-07,1076.66015625,1.2196644441109563e-07,1313.525390625,2.0742671909893044e-06,2325.5859375
2025.07.09_0.3_1,index=17.887789,1,1.0,1,887789.2369537686,887789.2369537686_src-index=17.887789_chunk-0001.npy,442169.29243200656,2.007803916166988,welch_hann_2048_overlap_1024_fs_44100,digital_amplitude_squared_per_hz,1.2257445835652653e-07,882.861328125,1.36867677977165e-07,1313.525390625,1.3650373971601723e-06,2325.5859375
2025.07.09_0.3_1,index=17.887789,2,2.0,1,887789.2369537686,887789.2369537686_src-index=17.887789_chunk-0002.npy,442169.29243200656,2.007803916166988,welch_hann_2048_overlap_1024_fs_44100,digital_amplitude_squared_per_hz,1.0723517861551747e-07,882.861328125,1.0347791653899878e-07,1335.05859375,1.3460007085749627e-06,2304.052734375
2025.07.09_0.3_1,index=17.887789,3,3.0,1,887789.2369537686,887789.2369537686_src-index=17.887789_chunk-0003.npy,442169.29243200656,2.007803916166988,welch_hann_2048_overlap_1024_fs_44100,digital_amplitude_squared_per_hz,1.1700875993742948e-07,1076.66015625,1.376371616900964e-07,1313.525390625,1.4228560506402866e-06,2325.5859375
2025.07.09_0.3_1,index=17.887789,4,4.0,1,887789.2369537686,887789.2369537686_src-index=17.887789_chunk-0004.npy,442169.29243200656,2.007803916166988,welch_hann_2048_overlap_1024_fs_44100,digital_amplitude_squared_per_hz,1.1030415125463473e-07,882.861328125,1.1702509087986789e-07,1335.05859375,1.909522275409016e-06,2325.5859375
2025.07.09_0.3_1,index=17.887789,5,5.0,1,887789.2369537686,887789.2369537686_src-index=17.887789_chunk-0005.npy,442169.29243200656,2.007803916166988,welch_hann_2048_overlap_1024_fs_44100,digital_amplitude_squared_per_hz,1.3966536415647486e-07,1076.66015625,1.3936730954047853e-07,1335.05859375,1.6600894723627435e-06,2347.119140625
2025.07.09_0.3_1,index=17.887789,6,6.0,1,887789.2369537686,887789.2369537686_src-index=17.887789_chunk-0006.npy,442169.29243200656,2.007803916166988,welch_hann_2048_overlap_1024_fs_44100,digital_amplitude_squared_per_hz,1.1422794012910392e-07,1076.66015625,1.0331072649742064e-07,1313.525390625,2.1398394995665046e-06,2347.119140625
2025.07.09_0.3_1,index=17.887789,7,7.0,1,887789.2369537686,887789.2369537686_src-index=17.887789_chunk-0007.npy,442169.29243200656,2.007803916166988,welch_hann_2048_overlap_1024_fs_44100,digital_amplitude_squared_per_hz,1.7467991638289866e-07,1076.66015625,1.4044456122794113e-07,1335.05859375,2.2383995006677295e-06,2325.5859375
2025.07.09_0.3_1,index=17.887789,8,8.0,1,887789.2369537686,887789.2369537686_src-index=17.887789_chunk-0008.npy,442169.29243200656,2.007803916166988,welch_hann_2048_overlap_1024_fs_44100,digital_amplitude_squared_per_hz,1.4211726970597827e-07,1076.66015625,1.4150417286894173e-07,1313.525390625,1.9254647577029272e-06,2325.5859375
2025.07.09_0.3_1,index=17.887789,9,9.0,1,887789.2369537686,887789.2369537686_src-index=17.887789_chunk-0009.npy,442169.29243200656,2.007803916166988,welch_hann_2048_overlap_1024_fs_44100,digital_amplitude_squared_per_hz,1.2127697151419893e-07,1076.66015625,1.0078165289347702e-07,1313.525390625,1.309766375503602e-06,2325.5859375
2025.07.09_0.3_1,index=17.887789,10,10.0,1,887789.2369537686,887789.2369537686_src-index=17.887789_chunk-0010.npy,442169.29243200656,2.007803916166988,welch_hann_2048_overlap_1024_fs_44100,digital_amplitude_squared_per_hz,9.194660687017682e-08,882.861328125,9.785172941184796e-08,1313.525390625,1.4989590433196604e-06,2347.119140625
2025.07.09_0.3_1,index=17.887789,11,11.0,1,887789.2369537686,887789.2369537686_src-index=17.887789_chunk-0011.npy,442169.29243200656,2.007803916166988,welch_hann_2048_overlap_1024_fs_44100,digital_amplitude_squared_per_hz,1.271492836694958e-07,1055.126953125,1.2765504776925044e-07,1313.525390625,1.66522965948781e-06,2304.052734375
2025.07.09_0.3_1,index=17.887789,12,12.0,1,887789.2369537686,887789.2369537686_src-index=17.887789_chunk-0012.npy,442169.29243200656,2.007803916166988,welch_hann_2048_overlap_1024_fs_44100,digital_amplitude_squared_per_hz,1.4540904562299782e-07,1055.126953125,1.2141484236050624e-07,1313.525390625,1.8996206802325023e-06,2325.5859375
2025.07.09_0.3_1,index=17.887789,13,13.0,1,887789.2369537686,887789.2369537686_src-index=17.887789_chunk-0013.npy,442169.29243200656,2.007803916166988,welch_hann_2048_overlap_1024_fs_44100,digital_amplitude_squared_per_hz,1.1451911635505916e-07,882.861328125,1.0831857072574087e-07,1313.525390625,1.569416682024141e-06,2325.5859375
2025.07.09_0.3_1,index=17.887789,14,14.0,1,887789.2369537686,887789.2369537686_src-index=17.887789_chunk-0014.npy,442169.29243200656,2.007803916166988,welch_hann_2048_overlap_1024_fs_44100,digital_amplitude_squared_per_hz,1.3816524710526596e-07,882.861328125,1.5469197580582475e-07,1313.525390625,1.8749714404134743e-06,2325.5859375
2025.07.09_0.3_1,index=17.887789,15,15.0,1,887789.2369537686,887789.2369537686_src-index=17.887789_chunk-0015.npy,442169.29243200656,2.007803916166988,welch_hann_2048_overlap_1024_fs_44100,digital_amplitude_squared_per_hz,1.1165975955580325e-07,882.861328125,1.0220161754240749e-07,1313.525390625,1.0696219029061052e-06,2304.052734375
2025.07.09_0.3_1,index=17.887789,16,16.0,1,887789.2369537686,887789.2369537686_src-index=17.887789_chunk-0016.npy,442169.29243200656,2.007803916166988,welch_hann_2048_overlap_1024_fs_44100,digital_amplitude_squared_per_hz,1.4118298854811572e-07,882.861328125,1.3947974077941998e-07,1313.525390625,2.0432230926871022e-06,2325.5859375
2025.07.09_0.3_1,index=17.887789,17,17.0,1,887789.2369537686,887789.2369537686_src-index=17.887789_chunk-0017.npy,442169.29243200656,2.007803916166988,welch_hann_2048_overlap_1024_fs_44100,digital_amplitude_squared_per_hz,1.414947216853481e-07,1055.126953125,1.1826277511320545e-07,1335.05859375,2.018009599059363e-06,2304.052734375
2025.07.09_0.3_1,index=17.887789,18,18.0,1,887789.2369537686,887789.2369537686_src-index=17.887789_chunk-0018.npy,442169.29243200656,2.007803916166988,welch_hann_2048_overlap_1024_fs_44100,digital_amplitude_squared_per_hz,1.2776544859062534e-07,1055.126953125,1.1434761887270194e-07,1313.525390625,1.4364322003848084e-06,2325.5859375
2025.07.09_0.3_1,index=17.887789,19,19.0,1,887789.2369537686,887789.2369537686_src-index=17.887789_chunk-0019.npy,442169.29243200656,2.007803916166988,welch_hann_2048_overlap_1024_fs_44100,digital_amplitude_squared_per_hz,1.514520113979114e-07,1055.126953125,1.592164459657802e-07,1313.525390625,1.8434123196467265e-06,2325.5859375
2025.07.09_0.3_1,index=17.887789,20,20.0,1,887789.2369537686,887789.2369537686_src-index=17.887789_chunk-0020.npy,442169.29243200656,2.007803916166988,welch_hann_2048_overlap_1024_fs_44100,digital_amplitude_squared_per_hz,1.1909804771811233e-07,1076.66015625,1.1658977131910883e-07,1313.525390625,1.6670582174633717e-06,2325.5859375
2025.07.09_0.3_1,index=17.887789,21,21.0,1,887789.2369537686,887789.2369537686_src-index=17.887789_chunk-0021.npy,442169.29243200656,2.007803916166988,welch_hann_2048_overlap_1024_fs_44100,digital_amplitude_squared_per_hz,1.4119190633398751e-07,1076.66015625,1.229995115548645e-07,1313.525390625,1.3513242427535317e-06,2304.052734375
2025.07.09_0.3_1,index=17.887789,22,22.0,1,887789.2369537686,887789.2369537686_src-index=17.887789_chunk-0022.npy,442169.29243200656,2.007803916166988,welch_hann_2048_overlap_1024_fs_44100,digital_amplitude_squared_per_hz,1.42995867080442e-07,882.861328125,1.5645488777090562e-07,1313.525390625,1.5034817393937708e-06,2304.052734375
2025.07.09_0.3_1,index=17.887789,23,23.0,1,887789.2369537686,887789.2369537686_src-index=17.887789_chunk-0023.npy,442169.29243200656,2.007803916166988,welch_hann_2048_overlap_1024_fs_44100,digital_amplitude_squared_per_hz,1.166704837800795e-07,1076.66015625,1.205279364496737e-07,1313.525390625,1.1060132289974978e-06,2325.5859375
2025.07.09_0.3_1,index=17.887789,24,24.0,1,887789.2369537686,887789.2369537686_src-index=17.887789_chunk-0024.npy,442169.29243200656,2.007803916166988,welch_hann_2048_overlap_1024_fs_44100,digital_amplitude_squared_per_hz,1.5694135371263729e-07,882.861328125,1.4336257312051632e-07,1313.525390625,1.5283946753453473e-06,2304.052734375
2025.07.09_0.3_1,index=17.887789,25,25.0,1,887789.2369537686,887789.2369537686_src-index=17.887789_chunk-0025.npy,442169.29243200656,2.007803916166988,welch_hann_2048_overlap_1024_fs_44100,digital_amplitude_squared_per_hz,1.2940570535361161e-07,1076.66015625,1.592497830740372e-07,1335.05859375,1.672089043111665e-06,2325.5859375
2025.07.09_0.3_1,index=17.887789,26,26.0,1,887789.2369537686,887789.2369537686_src-index=17.887789_chunk-0026.npy,442169.29243200656,2.007803916166988,welch_hann_2048_overlap_1024_fs_44100,digital_amplitude_squared_per_hz,1.3009208900292727e-07,1055.126953125,1.396535389150608e-07,1313.525390625,1.264825467893701e-06,2325.5859375
2025.07.09_0.3_1,index=17.887789,27,27.0,1,887789.2369537686,887789.2369537686_src-index=17.887789_chunk-0027.npy,442169.29243200656,2.007803916166988,welch_hann_2048_overlap_1024_fs_44100,digital_amplitude_squared_per_hz,9.160349784259224e-08,1076.66015625,1.2056008209494672e-07,1313.525390625,1.9138284451043447e-06,2325.5859375
2025.07.09_0.3_1,index=17.887789,28,28.0,1,887789.2369537686,887789.2369537686_src-index=17.887789_chunk-0028.npy,442169.29243200656,2.007803916166988,welch_hann_2048_overlap_1024_fs_44100,digital_amplitude_squared_per_hz,1.0114406753393655e-07,882.861328125,1.0261543946660035e-07,1335.05859375,1.5321702222192597e-06,2325.5859375
2025.07.09_0.3_1,index=17.887789,29,29.0,1,887789.2369537686,887789.2369537686_src-index=17.887789_chunk-0029.npy,442169.29243200656,2.007803916166988,welch_hann_2048_overlap_1024_fs_44100,digital_amplitude_squared_per_hz,8.730598314675308e-08,1076.66015625,1.1895896580515968e-07,1313.525390625,1.0065951233418943e-06,2325.5859375
2025.07.09_0.3_1,index=17.887789,30,30.0,1,887789.2369537686,887789.2369537686_src-index=17.887789_chunk-0030.npy,442169.29243200656,2.007803916166988,welch_hann_2048_overlap_1024_fs_44100,digital_amplitude_squared_per_hz,1.1407278121597411e-07,882.861328125,1.1529030824823287e-07,1313.525390625,1.2207130336635338e-06,2325.5859375
2025.07.09_0.3_1,index=17.887789,31,31.0,1,887789.2369537686,887789.2369537686_src-index=17.887789_chunk-0031.npy,442169.29243200656,2.007803916166988,welch_hann_2048_overlap_1024_fs_44100,digital_amplitude_squared_per_hz,1.4766371407166554e-07,882.861328125,1.27343399319488e-07,1313.525390625,1.4855229133777602e-06,2325.5859375
2025.07.09_0.3_1,index=17.887789,32,32.0,1,887789.2369537686,887789.2369537686_src-index=17.887789_chunk-0032.npy,442169.29243200656,2.007803916166988,welch_hann_2048_overlap_1024_fs_44100,digital_amplitude_squared_per_hz,1.4895812962333268e-07,882.861328125,1.3990996984431784e-07,1313.525390625,1.6312305678925e-06,2304.052734375
2025.07.09_0.3_1,index=17.887789,33,33.0,1,887789.2369537686,887789.2369537686_src-index=17.887789_chunk-0033.npy,442169.29243200656,2.007803916166988,welch_hann_2048_overlap_1024_fs_44100,digital_amplitude_squared_per_hz,1.4196741977070292e-07,1055.126953125,1.2489519341237237e-07,1335.05859375,1.6996574387845007e-06,2325.5859375
2025.07.09_0.3_1,index=17.887789,34,34.0,1,887789.2369537686,887789.2369537686_src-index=17.887789_chunk-0034.npy,442169.29243200656,2.007803916166988,welch_hann_2048_overlap_1024_fs_44100,digital_amplitude_squared_per_hz,1.4912744833709332e-07,882.861328125,1.1556909704095074e-07,1335.05859375,1.7588133115010686e-06,2304.052734375
2025.07.09_0.3_1,index=17.887789,35,35.0,1,887789.2369537686,887789.2369537686_src-index=17.887789_chunk-0035.npy,442169.29243200656,2.007803916166988,welch_hann_2048_overlap_1024_fs_44100,digital_amplitude_squared_per_hz,1.5272750788554222e-07,1076.66015625,1.4748991774408006e-07,1313.525390625,1.614948082298578e-06,2325.5859375
2025.07.09_0.3_1,index=17.887789,36,36.0,1,887789.2369537686,887789.2369537686_src-index=17.887789_chunk-0036.npy,442169.29243200656,2.007803916166988,welch_hann_2048_overlap_1024_fs_44100,digital_amplitude_squared_per_hz,1.0256258273359368e-07,1076.66015625,1.1038024322708892e-07,1335.05859375,9.410297056823677e-07,2368.65234375
2025.07.09_0.3_1,index=17.887789,37,37.0,1,887789.2369537686,887789.2369537686_src-index=17.887789_chunk-0037.npy,442169.29243200656,2.007803916166988,welch_hann_2048_overlap_1024_fs_44100,digital_amplitude_squared_per_hz,1.1515355859732734e-07,882.861328125,1.2842043765709267e-07,1313.525390625,1.3622453906914973e-06,2325.5859375
2025.07.09_0.3_1,index=17.887789,38,38.0,1,887789.2369537686,887789.2369537686_src-index=17.887789_chunk-0038.npy,442169.29243200656,2.007803916166988,welch_hann_2048_overlap_1024_fs_44100,digital_amplitude_squared_per_hz,1.406602150401919e-07,882.861328125,1.0678665168054425e-07,1313.525390625,1.7605539683665487e-06,2304.052734375
2025.07.09_0.3_1,index=17.887789,39,39.0,1,887789.2369537686,887789.2369537686_src-index=17.887789_chunk-0039.npy,442169.29243200656,2.007803916166988,welch_hann_2048_overlap_1024_fs_44100,digital_amplitude_squared_per_hz,1.0472780231222068e-07,1076.66015625,1.0896444668343643e-07,1335.05859375,1.60962645237741e-06,2325.5859375
2025.07.09_0.3_1,index=17.887789,40,40.0,1,887789.2369537686,887789.2369537686_src-index=17.887789_chunk-0040.npy,442169.29243200656,2.007803916166988,welch_hann_2048_overlap_1024_fs_44100,digital_amplitude_squared_per_hz,1.313001868879149e-07,882.861328125,1.1963873039082275e-07,1313.525390625,1.7769740446318696e-06,2325.5859375
2025.07.09_0.3_1,index=17.887789,41,41.0,1,887789.2369537686,887789.2369537686_src-index=17.887789_chunk-0041.npy,442169.29243200656,2.007803916166988,welch_hann_2048_overlap_1024_fs_44100,digital_amplitude_squared_per_hz,1.1271656505762173e-07,1076.66015625,1.2438442550221977e-07,1313.525390625,1.5512013499640584e-06,2325.5859375
2025.07.09_0.3_1,index=17.887789,42,42.0,1,887789.2369537686,887789.2369537686_src-index=17.887789_chunk-0042.npy,442169.29243200656,2.007803916166988,welch_hann_2048_overlap_1024_fs_44100,digital_amplitude_squared_per_hz,1.468688895053698e-07,882.861328125,1.298316774852518e-07,1313.525390625,1.4398372118871698e-06,2325.5859375
2025.07.09_0.3_1,index=17.887789,43,43.0,1,887789.2369537686,887789.2369537686_src-index=17.887789_chunk-0043.npy,442169.29243200656,2.007803916166988,welch_hann_2048_overlap_1024_fs_44100,digital_amplitude_squared_per_hz,1.1595149471941136e-07,882.861328125,1.3601170472275198e-07,1335.05859375,1.8267613224907342e-06,2325.5859375
2025.07.09_0.3_1,index=17.887789,44,44.0,1,887789.2369537686,887789.2369537686_src-index=17.887789_chunk-0044.npy,442169.29243200656,2.007803916166988,welch_hann_2048_overlap_1024_fs_44100,digital_amplitude_squared_per_hz,7.637843074140654e-08,1055.126953125,8.742010977128476e-08,1313.525390625,9.055080592833267e-07,2325.5859375
2025.07.09_0.3_1,index=17.887789,45,45.0,1,887789.2369537686,887789.2369537686_src-index=17.887789_chunk-0045.npy,442169.29243200656,2.007803916166988,welch_hann_2048_overlap_1024_fs_44100,digital_amplitude_squared_per_hz,1.2749161955532148e-07,1076.66015625,1.2174785632082582e-07,1335.05859375,1.4072774769994661e-06,2325.5859375
2025.07.09_0.3_1,index=17.887789,46,46.0,1,887789.2369537686,887789.2369537686_src-index=17.887789_chunk-0046.npy,442169.29243200656,2.007803916166988,welch_hann_2048_overlap_1024_fs_44100,digital_amplitude_squared_per_hz,1.6081558565073878e-07,882.861328125,1.307441868219946e-07,1313.525390625,1.8451577583528252e-06,2304.052734375
2025.07.09_0.3_1,index=17.887789,47,47.0,1,887789.2369537686,887789.2369537686_src-index=17.887789_chunk-0047.npy,442169.29243200656,2.007803916166988,welch_hann_2048_overlap_1024_fs_44100,digital_amplitude_squared_per_hz,1.200419986742208e-07,1076.66015625,1.1360575692294827e-07,1313.525390625,1.7205515777112371e-06,2325.5859375
2025.07.09_0.3_1,index=17.887789,48,48.0,1,887789.2369537686,887789.2369537686_src-index=17.887789_chunk-0048.npy,442169.29243200656,2.007803916166988,welch_hann_2048_overlap_1024_fs_44100,digital_amplitude_squared_per_hz,1.460183888036166e-07,882.861328125,1.11006738197142e-07,1335.05859375,1.301973023374972e-06,2347.119140625
2025.07.09_0.3_1,index=17.887789,49,49.0,1,887789.2369537686,887789.2369537686_src-index=17.887789_chunk-0049.npy,442169.29243200656,2.007803916166988,welch_hann_2048_overlap_1024_fs_44100,digital_amplitude_squared_per_hz,1.1198581187259549e-07,1076.66015625,1.1590373504165541e-07,1335.05859375,1.7936321567970267e-06,2325.5859375
2025.07.09_0.3_1,index=17.887789,50,50.0,1,887789.2369537686,887789.2369537686_src-index=17.887789_chunk-0050.npy,442169.29243200656,2.007803916166988,welch_hann_2048_overlap_1024_fs_44100,digital_amplitude_squared_per_hz,1.2094418421533728e-07,882.861328125,9.994370356433315e-08,1313.525390625,9.776376872730705e-07,2325.5859375
2025.07.09_0.3_1,index=17.887789,51,51.0,1,887789.2369537686,887789.2369537686_src-index=17.887789_chunk-0051.npy,442169.29243200656,2.007803916166988,welch_hann_2048_overlap_1024_fs_44100,digital_amplitude_squared_per_hz,1.2806536571619714e-07,1076.66015625,8.615984684259894e-08,1335.05859375,1.4213074007448372e-06,2347.119140625
2025.07.09_0.3_1,index=17.887789,52,52.0,1,887789.2369537686,887789.2369537686_src-index=17.887789_chunk-0052.npy,442169.29243200656,2.007803916166988,welch_hann_2048_overlap_1024_fs_44100,digital_amplitude_squared_per_hz,1.396396893054076e-07,882.861328125,1.0083898232033046e-07,1335.05859375,2.0436064253205534e-06,2325.5859375
2025.07.09_0.3_1,index=17.887789,53,53.0,1,887789.2369537686,887789.2369537686_src-index=17.887789_chunk-0053.npy,442169.29243200656,2.007803916166988,welch_hann_2048_overlap_1024_fs_44100,digital_amplitude_squared_per_hz,1.5259065445496004e-07,1076.66015625,1.7646242063784897e-07,1313.525390625,2.113309355560893e-06,2325.5859375
2025.07.09_0.3_1,index=17.887789,54,54.0,1,887789.2369537686,887789.2369537686_src-index=17.887789_chunk-0054.npy,442169.29243200656,2.007803916166988,welch_hann_2048_overlap_1024_fs_44100,digital_amplitude_squared_per_hz,1.2446470899486968e-07,1076.66015625,8.762853675251306e-08,1313.525390625,2.126368422163246e-06,2325.5859375
2025.07.09_0.3_1,index=17.887789,55,55.0,1,887789.2369537686,887789.2369537686_src-index=17.887789_chunk-0055.npy,442169.29243200656,2.007803916166988,welch_hann_2048_overlap_1024_fs_44100,digital_amplitude_squared_per_hz,1.482267323366151e-07,1076.66015625,1.4160052930027957e-07,1313.525390625,1.937620742467968e-06,2325.5859375
2025.07.09_0.3_1,index=17.887789,56,56.0,1,887789.2369537686,887789.2369537686_src-index=17.887789_chunk-0056.npy,442169.29243200656,2.007803916166988,welch_hann_2048_overlap_1024_fs_44100,digital_amplitude_squared_per_hz,1.442941541266827e-07,1076.66015625,8.687052818625019e-08,1313.525390625,1.6389835450266225e-06,2325.5859375
2025.07.09_0.3_1,index=17.887789,57,57.0,1,887789.2369537686,887789.2369537686_src-index=17.887789_chunk-0057.npy,442169.29243200656,2.007803916166988,welch_hann_2048_overlap_1024_fs_44100,digital_amplitude_squared_per_hz,1.6499675431045294e-07,1055.126953125,1.507898796715308e-07,1313.525390625,1.7347885530842908e-06,2325.5859375
2025.07.09_0.3_1,index=17.887789,58,58.0,1,887789.2369537686,887789.2369537686_src-index=17.887789_chunk-0058.npy,442169.29243200656,2.007803916166988,welch_hann_2048_overlap_1024_fs_44100,digital_amplitude_squared_per_hz,1.3311519236010112e-07,1098.193359375,9.598046860842795e-08,1335.05859375,1.6682628117621112e-06,2325.5859375
2025.07.09_0.3_1,index=17.887789,59,59.0,1,887789.2369537686,887789.2369537686_src-index=17.887789_chunk-0059.npy,442169.29243200656,2.007803916166988,welch_hann_2048_overlap_1024_fs_44100,digital_amplitude_squared_per_hz,1.098129898103632e-07,1076.66015625,1.1121334282256206e-07,1335.05859375,1.4389890472119625e-06,2304.052734375
2025.07.09_0.3_1,index=2.2424,0,0.0,1,2424.7546537583808,2424.7546537583808_src-index=2.2424_chunk-0000.npy,442169.29243200656,0.0054837698937025,welch_hann_2048_overlap_1024_fs_44100,digital_amplitude_squared_per_hz,9.564662561289178e-11,947.4609375,2.7285929895136808e-11,1270.458984375,2.6981454124552785e-11,2153.3203125
2025.07.09_0.3_1,index=2.2424,1,1.0,1,2424.7546537583808,2424.7546537583808_src-index=2.2424_chunk-0001.npy,442169.29243200656,0.0054837698937025,welch_hann_2048_overlap_1024_fs_44100,digital_amplitude_squared_per_hz,1.0655533241859492e-10,947.4609375,2.5648261160282472e-11,1270.458984375,3.0811067089787764e-11,2153.3203125
2025.07.09_0.3_1,index=2.2424,2,2.0,1,2424.7546537583808,2424.7546537583808_src-index=2.2424_chunk-0002.npy,442169.29243200656,0.0054837698937025,welch_hann_2048_overlap_1024_fs_44100,digital_amplitude_squared_per_hz,8.599942669527592e-11,947.4609375,2.6136728193044815e-11,1270.458984375,2.925783834554084e-11,2153.3203125
2025.07.09_0.3_1,index=2.2424,3,3.0,1,2424.7546537583808,2424.7546537583808_src-index=2.2424_chunk-0003.npy,442169.29243200656,0.0054837698937025,welch_hann_2048_overlap_1024_fs_44100,digital_amplitude_squared_per_hz,1.1136603526534906e-10,947.4609375,2.5914116353171366e-11,1270.458984375,2.963818251742205e-11,2153.3203125
2025.07.09_0.3_1,index=2.2424,4,4.0,1,2424.7546537583808,2424.7546537583808_src-index=2.2424_chunk-0004.npy,442169.29243200656,0.0054837698937025,welch_hann_2048_overlap_1024_fs_44100,digital_amplitude_squared_per_hz,1.0734237519908347e-10,947.4609375,2.924109846089565e-11,1270.458984375,2.5515234446511262e-11,2153.3203125
2025.07.09_0.3_1,index=2.2424,5,5.0,1,2424.7546537583808,2424.7546537583808_src-index=2.2424_chunk-0005.npy,442169.29243200656,0.0054837698937025,welch_hann_2048_overlap_1024_fs_44100,digital_amplitude_squared_per_hz,1.0159894267497071e-10,947.4609375,2.3821124781254444e-11,1356.591796875,3.310507201045662e-11,2153.3203125
2025.07.09_0.3_1,index=2.2424,6,6.0,1,2424.7546537583808,2424.7546537583808_src-index=2.2424_chunk-0006.npy,442169.29243200656,0.0054837698937025,welch_hann_2048_overlap_1024_fs_44100,digital_amplitude_squared_per_hz,1.0826552163340237e-10,947.4609375,3.031422106143515e-11,1270.458984375,2.8049270430510297e-11,2153.3203125
2025.07.09_0.3_1,index=2.2424,7,7.0,1,2424.7546537583808,2424.7546537583808_src-index=2.2424_chunk-0007.npy,442169.29243200656,0.0054837698937025,welch_hann_2048_overlap_1024_fs_44100,digital_amplitude_squared_per_hz,1.2185979794287755e-10,947.4609375,2.8972658590495408e-11,1270.458984375,3.2427305131038166e-11,2153.3203125
2025.07.09_0.3_1,index=2.2424,8,8.0,1,2424.7546537583808,2424.7546537583808_src-index=2.2424_chunk-0008.npy,442169.29243200656,0.0054837698937025,welch_hann_2048_overlap_1024_fs_44100,digital_amplitude_squared_per_hz,1.212542331008401e-10,947.4609375,2.923259739892836e-11,1270.458984375,3.0915505204288794e-11,2153.3203125
2025.07.09_0.3_1,index=2.2424,9,9.0,1,2424.7546537583808,2424.7546537583808_src-index=2.2424_chunk-0009.npy,442169.29243200656,0.0054837698937025,welch_hann_2048_overlap_1024_fs_44100,digital_amplitude_squared_per_hz,1.0590714640562343e-10,947.4609375,2.738188822272467e-11,1270.458984375,3.2287625767503614e-11,2153.3203125
2025.07.09_0.3_1,index=2.2424,10,10.0,1,2424.7546537583808,2424.7546537583808_src-index=2.2424_chunk-0010.npy,442169.29243200656,0.0054837698937025,welch_hann_2048_overlap_1024_fs_44100,digital_amplitude_squared_per_hz,1.0839308433418802e-10,947.4609375,2.9769652734684744e-11,1270.458984375,3.0949709801159366e-11,2153.3203125
2025.07.09_0.3_1,index=2.2424,11,11.0,1,2424.7546537583808,2424.7546537583808_src-index=2.2424_chunk-0011.npy,442169.29243200656,0.0054837698937025,welch_hann_2048_overlap_1024_fs_44100,digital_amplitude_squared_per_hz,1.207970082860425e-10,947.4609375,2.7088852798590898e-11,1356.591796875,3.249287639807351e-11,2153.3203125
2025.07.09_0.3_1,index=2.2424,12,12.0,1,2424.7546537583808,2424.7546537583808_src-index=2.2424_chunk-0012.npy,442169.29243200656,0.0054837698937025,welch_hann_2048_overlap_1024_fs_44100,digital_amplitude_squared_per_hz,1.2507906186900875e-10,947.4609375,3.0040105402905404e-11,1270.458984375,2.5843444318332176e-11,2153.3203125
2025.07.09_0.3_1,index=2.2424,13,13.0,1,2424.7546537583808,2424.7546537583808_src-index=2.2424_chunk-0013.npy,442169.29243200656,0.0054837698937025,welch_hann_2048_overlap_1024_fs_44100,digital_amplitude_squared_per_hz,1.2105309062896143e-10,947.4609375,2.94954183722469e-11,1356.591796875,3.1525856340782637e-11,2153.3203125
2025.07.09_0.3_1,index=2.2424,14,14.0,1,2424.7546537583808,2424.7546537583808_src-index=2.2424_chunk-0014.npy,442169.29243200656,0.0054837698937025,welch_hann_2048_overlap_1024_fs_44100,digital_amplitude_squared_per_hz,1.0835593826578986e-10,947.4609375,2.8347774360052588e-11,1270.458984375,3.507909692740529e-11,2153.3203125
2025.07.09_0.3_1,index=2.2424,15,15.0,1,2424.7546537583808,2424.7546537583808_src-index=2.2424_chunk-0015.npy,442169.29243200656,0.0054837698937025,welch_hann_2048_overlap_1024_fs_44100,digital_amplitude_squared_per_hz,1.1046121811755228e-10,947.4609375,2.6915787531009725e-11,1356.591796875,3.557567565705285e-11,2153.3203125
2025.07.09_0.3_1,index=2.2424,16,16.0,1,2424.7546537583808,2424.7546537583808_src-index=2.2424_chunk-0016.npy,442169.29243200656,0.0054837698937025,welch_hann_2048_overlap_1024_fs_44100,digital_amplitude_squared_per_hz,1.2444786426608948e-10,947.4609375,3.265111249710471e-11,1356.591796875,3.270631215326073e-11,2153.3203125
2025.07.09_0.3_1,index=2.2424,17,17.0,1,2424.7546537583808,2424.7546537583808_src-index=2.2424_chunk-0017.npy,442169.29243200656,0.0054837698937025,welch_hann_2048_overlap_1024_fs_44100,digital_amplitude_squared_per_hz,9.891000666880488e-11,947.4609375,3.0812109943679396e-11,1356.591796875,3.265129830201241e-11,2153.3203125
2025.07.09_0.3_1,index=2.2424,18,18.0,1,2424.7546537583808,2424.7546537583808_src-index=2.2424_chunk-0018.npy,442169.29243200656,0.0054837698937025,welch_hann_2048_overlap_1024_fs_44100,digital_amplitude_squared_per_hz,1.1628808752823735e-10,947.4609375,2.8925965575581533e-11,1356.591796875,3.6166332792860803e-11,2153.3203125
2025.07.09_0.3_1,index=2.2424,19,19.0,1,2424.7546537583808,2424.7546537583808_src-index=2.2424_chunk-0019.npy,442169.29243200656,0.0054837698937025,welch_hann_2048_overlap_1024_fs_44100,digital_amplitude_squared_per_hz,1.199916877121749e-10,947.4609375,2.6993277627290356e-11,1356.591796875,3.292675360647595e-11,2153.3203125
2025.07.09_0.3_1,index=2.2424,20,20.0,1,2424.7546537583808,2424.7546537583808_src-index=2.2424_chunk-0020.npy,442169.29243200656,0.0054837698937025,welch_hann_2048_overlap_1024_fs_44100,digital_amplitude_squared_per_hz,1.1311689916438469e-10,947.4609375,2.6045111506020846e-11,1270.458984375,3.595828263738596e-11,2153.3203125
2025.07.09_0.3_1,index=2.2424,21,21.0,1,2424.7546537583808,2424.7546537583808_src-index=2.2424_chunk-0021.npy,442169.29243200656,0.0054837698937025,welch_hann_2048_overlap_1024_fs_44100,digital_amplitude_squared_per_hz,1.1926098743195133e-10,947.4609375,2.9712744431353364e-11,1356.591796875,3.414712442005798e-11,2153.3203125
2025.07.09_0.3_1,index=2.2424,22,22.0,1,2424.7546537583808,2424.7546537583808_src-index=2.2424_chunk-0022.npy,442169.29243200656,0.0054837698937025,welch_hann_2048_overlap_1024_fs_44100,digital_amplitude_squared_per_hz,1.1620795315253122e-10,947.4609375,3.132772584537107e-11,1356.591796875,3.12193228599797e-11,2153.3203125
2025.07.09_0.3_1,index=2.2424,23,23.0,1,2424.7546537583808,2424.7546537583808_src-index=2.2424_chunk-0023.npy,442169.29243200656,0.0054837698937025,welch_hann_2048_overlap_1024_fs_44100,digital_amplitude_squared_per_hz,1.2125575072616195e-10,947.4609375,2.7632940552621108e-11,1270.458984375,3.239071409639063e-11,2153.3203125
2025.07.09_0.3_1,index=2.2424,24,24.0,1,2424.7546537583808,2424.7546537583808_src-index=2.2424_chunk-0024.npy,442169.29243200656,0.0054837698937025,welch_hann_2048_overlap_1024_fs_44100,digital_amplitude_squared_per_hz,1.1193436328987619e-10,947.4609375,2.6427975417326862e-11,1270.458984375,3.4302540800026496e-11,2153.3203125
2025.07.09_0.3_1,index=2.2424,25,25.0,1,2424.7546537583808,2424.7546537583808_src-index=2.2424_chunk-0025.npy,442169.29243200656,0.0054837698937025,welch_hann_2048_overlap_1024_fs_44100,digital_amplitude_squared_per_hz,1.0155451390819833e-10,947.4609375,2.5568872330880708e-11,1356.591796875,3.6985128782919365e-11,2153.3203125
2025.07.09_0.3_1,index=2.2424,26,26.0,1,2424.7546537583808,2424.7546537583808_src-index=2.2424_chunk-0026.npy,442169.29243200656,0.0054837698937025,welch_hann_2048_overlap_1024_fs_44100,digital_amplitude_squared_per_hz,1.070364223314202e-10,947.4609375,2.702213537594143e-11,1270.458984375,4.115205402884641e-11,2153.3203125
2025.07.09_0.3_1,index=2.2424,27,27.0,1,2424.7546537583808,2424.7546537583808_src-index=2.2424_chunk-0027.npy,442169.29243200656,0.0054837698937025,welch_hann_2048_overlap_1024_fs_44100,digital_amplitude_squared_per_hz,1.2511202292326536e-10,947.4609375,3.2947437877737995e-11,1356.591796875,2.428357707804622e-11,2153.3203125
2025.07.09_0.3_1,index=2.2424,28,28.0,1,2424.7546537583808,2424.7546537583808_src-index=2.2424_chunk-0028.npy,442169.29243200656,0.0054837698937025,welch_hann_2048_overlap_1024_fs_44100,digital_amplitude_squared_per_hz,1.4161056158912134e-10,947.4609375,3.1383585662118344e-11,1270.458984375,3.3723092489646916e-11,2153.3203125
2025.07.09_0.3_1,index=2.2424,29,29.0,1,2424.7546537583808,2424.7546537583808_src-index=2.2424_chunk-0029.npy,442169.29243200656,0.0054837698937025,welch_hann_2048_overlap_1024_fs_44100,digital_amplitude_squared_per_hz,1.1495716474289913e-10,947.4609375,2.677739599093483e-11,1270.458984375,3.064600914593658e-11,2153.3203125
2025.07.09_0.3_1,index=2.2424,30,30.0,1,2424.7546537583808,2424.7546537583808_src-index=2.2424_chunk-0030.npy,442169.29243200656,0.0054837698937025,welch_hann_2048_overlap_1024_fs_44100,digital_amplitude_squared_per_hz,1.1437761939548302e-10,947.4609375,3.1016410887894334e-11,1270.458984375,3.667665290510934e-11,2153.3203125
2025.07.09_0.3_1,index=2.2424,31,31.0,1,2424.7546537583808,2424.7546537583808_src-index=2.2424_chunk-0031.npy,442169.29243200656,0.0054837698937025,welch_hann_2048_overlap_1024_fs_44100,digital_amplitude_squared_per_hz,1.1535857464237637e-10,947.4609375,3.611137297033822e-11,1270.458984375,5.101297760519868e-11,2153.3203125
2025.07.09_0.3_1,index=2.2424,32,32.0,1,2424.7546537583808,2424.7546537583808_src-index=2.2424_chunk-0032.npy,442169.29243200656,0.0054837698937025,welch_hann_2048_overlap_1024_fs_44100,digital_amplitude_squared_per_hz,1.3286548874890044e-10,947.4609375,3.7113233882779273e-11,1356.591796875,5.412610654912973e-11,2153.3203125
2025.07.09_0.3_1,index=2.2424,33,33.0,1,2424.7546537583808,2424.7546537583808_src-index=2.2424_chunk-0033.npy,442169.29243200656,0.0054837698937025,welch_hann_2048_overlap_1024_fs_44100,digital_amplitude_squared_per_hz,1.453326277100758e-10,947.4609375,4.4584603702953055e-11,1356.591796875,6.931557923164976e-11,2153.3203125
2025.07.09_0.3_1,index=2.2424,34,34.0,1,2424.7546537583808,2424.7546537583808_src-index=2.2424_chunk-0034.npy,442169.29243200656,0.0054837698937025,welch_hann_2048_overlap_1024_fs_44100,digital_amplitude_squared_per_hz,1.9293240468585473e-10,947.4609375,4.806475319302976e-11,1270.458984375,8.036219842239037e-11,2153.3203125
2025.07.09_0.3_1,index=2.2424,35,35.0,1,2424.7546537583808,2424.7546537583808_src-index=2.2424_chunk-0035.npy,442169.29243200656,0.0054837698937025,welch_hann_2048_overlap_1024_fs_44100,digital_amplitude_squared_per_hz,1.9894284334558082e-10,947.4609375,5.0704179602712635e-11,1356.591796875,8.891267282918798e-11,2153.3203125
2025.07.09_0.3_1,index=2.2424,36,36.0,1,2424.7546537583808,2424.7546537583808_src-index=2.2424_chunk-0036.npy,442169.29243200656,0.0054837698937025,welch_hann_2048_overlap_1024_fs_44100,digital_amplitude_squared_per_hz,1.630368344067869e-10,947.4609375,4.7512226469333754e-11,1356.591796875,8.859791626041483e-11,2153.3203125
2025.07.09_0.3_1,index=2.2424,37,37.0,1,2424.7546537583808,2424.7546537583808_src-index=2.2424_chunk-0037.npy,442169.29243200656,0.0054837698937025,welch_hann_2048_overlap_1024_fs_44100,digital_amplitude_squared_per_hz,1.780549585005202e-10,947.4609375,5.2579577354958144e-11,1356.591796875,7.40200398181979e-11,2153.3203125
2025.07.09_0.3_1,index=2.2424,38,38.0,1,2424.7546537583808,2424.7546537583808_src-index=2.2424_chunk-0038.npy,442169.29243200656,0.0054837698937025,welch_hann_2048_overlap_1024_fs_44100,digital_amplitude_squared_per_hz,1.5250302145667804e-10,947.4609375,5.765881705559896e-11,1356.591796875,8.084185757466152e-11,2153.3203125
2025.07.09_0.3_1,index=2.2424,39,39.0,1,2424.7546537583808,2424.7546537583808_src-index=2.2424_chunk-0039.npy,442169.29243200656,0.0054837698937025,welch_hann_2048_overlap_1024_fs_44100,digital_amplitude_squared_per_hz,1.9582328536899863e-10,947.4609375,5.3664564300950024e-11,1356.591796875,9.667054403855828e-11,2153.3203125
2025.07.09_0.3_1,index=2.2424,40,40.0,1,2424.7546537583808,2424.7546537583808_src-index=2.2424_chunk-0040.npy,442169.29243200656,0.0054837698937025,welch_hann_2048_overlap_1024_fs_44100,digital_amplitude_squared_per_hz,1.6755878209239258e-10,947.4609375,4.462792718622191e-11,1270.458984375,9.553799313132829e-11,2153.3203125
2025.07.09_0.3_1,index=2.2424,41,41.0,1,2424.7546537583808,2424.7546537583808_src-index=2.2424_chunk-0041.npy,442169.29243200656,0.0054837698937025,welch_hann_2048_overlap_1024_fs_44100,digital_amplitude_squared_per_hz,1.9694975395120842e-10,947.4609375,4.951029420657293e-11,1270.458984375,9.515545963691826e-11,2153.3203125
2025.07.09_0.3_1,index=2.2424,42,42.0,1,2424.7546537583808,2424.7546537583808_src-index=2.2424_chunk-0042.npy,442169.29243200656,0.0054837698937025,welch_hann_2048_overlap_1024_fs_44100,digital_amplitude_squared_per_hz,1.7486969885641608e-10,947.4609375,4.706680148103847e-11,1356.591796875,8.129595530039037e-11,2153.3203125
2025.07.09_0.3_1,index=2.2424,43,43.0,1,2424.7546537583808,2424.7546537583808_src-index=2.2424_chunk-0043.npy,442169.29243200656,0.0054837698937025,welch_hann_2048_overlap_1024_fs_44100,digital_amplitude_squared_per_hz,1.8568022165624818e-10,947.4609375,5.62765333824579e-11,1356.591796875,6.598786315303967e-11,2153.3203125
2025.07.09_0.3_1,index=2.2424,44,44.0,1,2424.7546537583808,2424.7546537583808_src-index=2.2424_chunk-0044.npy,442169.29243200656,0.0054837698937025,welch_hann_2048_overlap_1024_fs_44100,digital_amplitude_squared_per_hz,1.676068182208163e-10,947.4609375,5.072806118966239e-11,1356.591796875,7.32313534227196e-11,2153.3203125
2025.07.09_0.3_1,index=2.2424,45,45.0,1,2424.7546537583808,2424.7546537583808_src-index=2.2424_chunk-0045.npy,442169.29243200656,0.0054837698937025,welch_hann_2048_overlap_1024_fs_44100,digital_amplitude_squared_per_hz,1.5401244472734956e-10,947.4609375,4.737404018879899e-11,1356.591796875,6.8115548683595e-11,2153.3203125
2025.07.09_0.3_1,index=2.2424,46,46.0,1,2424.7546537583808,2424.7546537583808_src-index=2.2424_chunk-0046.npy,442169.29243200656,0.0054837698937025,welch_hann_2048_overlap_1024_fs_44100,digital_amplitude_squared_per_hz,2.125352405195235e-10,947.4609375,5.540269429308899e-11,1270.458984375,8.248180609257789e-11,2153.3203125
2025.07.09_0.3_1,index=2.2424,47,47.0,1,2424.7546537583808,2424.7546537583808_src-index=2.2424_chunk-0047.npy,442169.29243200656,0.0054837698937025,welch_hann_2048_overlap_1024_fs_44100,digital_amplitude_squared_per_hz,1.5847687828544046e-10,947.4609375,6.607987217127409e-11,1356.591796875,7.876548995383273e-11,2153.3203125
2025.07.09_0.3_1,index=2.2424,48,48.0,1,2424.7546537583808,2424.7546537583808_src-index=2.2424_chunk-0048.npy,442169.29243200656,0.0054837698937025,welch_hann_2048_overlap_1024_fs_44100,digital_amplitude_squared_per_hz,1.8374230384206048e-10,947.4609375,5.1915381323531285e-11,1356.591796875,8.705256263653328e-11,2153.3203125
2025.07.09_0.3_1,index=2.2424,49,49.0,1,2424.7546537583808,2424.7546537583808_src-index=2.2424_chunk-0049.npy,442169.29243200656,0.0054837698937025,welch_hann_2048_overlap_1024_fs_44100,digital_amplitude_squared_per_hz,1.7917137898376479e-10,947.4609375,6.268335389393685e-11,1356.591796875,8.778748335655332e-11,2153.3203125
2025.07.09_0.3_1,index=2.2424,50,50.0,1,2424.7546537583808,2424.7546537583808_src-index=2.2424_chunk-0050.npy,442169.29243200656,0.0054837698937025,welch_hann_2048_overlap_1024_fs_44100,digital_amplitude_squared_per_hz,1.8165690780805297e-10,947.4609375,5.615213674240743e-11,1356.591796875,8.514800363794494e-11,2153.3203125
2025.07.09_0.3_1,index=2.2424,51,51.0,1,2424.7546537583808,2424.7546537583808_src-index=2.2424_chunk-0051.npy,442169.29243200656,0.0054837698937025,welch_hann_2048_overlap_1024_fs_44100,digital_amplitude_squared_per_hz,1.8216594446449507e-10,947.4609375,5.356199768811313e-11,1356.591796875,7.856743328827547e-11,2153.3203125
2025.07.09_0.3_1,index=2.2424,52,52.0,1,2424.7546537583808,2424.7546537583808_src-index=2.2424_chunk-0052.npy,442169.29243200656,0.0054837698937025,welch_hann_2048_overlap_1024_fs_44100,digital_amplitude_squared_per_hz,1.9065894379468785e-10,947.4609375,6.667673159504133e-11,1356.591796875,1.0052866527426325e-10,2153.3203125
2025.07.09_0.3_1,index=2.2424,53,53.0,1,2424.7546537583808,2424.7546537583808_src-index=2.2424_chunk-0053.npy,442169.29243200656,0.0054837698937025,welch_hann_2048_overlap_1024_fs_44100,digital_amplitude_squared_per_hz,1.8214076565842344e-10,947.4609375,5.14090812691057e-11,1356.591796875,9.49098263704319e-11,2153.3203125
2025.07.09_0.3_1,index=2.2424,54,54.0,1,2424.7546537583808,2424.7546537583808_src-index=2.2424_chunk-0054.npy,442169.29243200656,0.0054837698937025,welch_hann_2048_overlap_1024_fs_44100,digital_amplitude_squared_per_hz,2.0420320286677018e-10,947.4609375,6.501902091269983e-11,1356.591796875,7.916620778886465e-11,2153.3203125
2025.07.09_0.3_1,index=2.2424,55,55.0,1,2424.7546537583808,2424.7546537583808_src-index=2.2424_chunk-0055.npy,442169.29243200656,0.0054837698937025,welch_hann_2048_overlap_1024_fs_44100,digital_amplitude_squared_per_hz,1.8473941299014783e-10,947.4609375,6.135445140276476e-11,1356.591796875,8.49337278500998e-11,2153.3203125
2025.07.09_0.3_1,index=2.2424,56,56.0,1,2424.7546537583808,2424.7546537583808_src-index=2.2424_chunk-0056.npy,442169.29243200656,0.0054837698937025,welch_hann_2048_overlap_1024_fs_44100,digital_amplitude_squared_per_hz,1.668699717346438e-10,947.4609375,5.0068049903217846e-11,1356.591796875,8.475399888478497e-11,2153.3203125
2025.07.09_0.3_1,index=2.2424,57,57.0,1,2424.7546537583808,2424.7546537583808_src-index=2.2424_chunk-0057.npy,442169.29243200656,0.0054837698937025,welch_hann_2048_overlap_1024_fs_44100,digital_amplitude_squared_per_hz,2.039187097753337e-10,947.4609375,4.975562487830581e-11,1356.591796875,8.050286038974974e-11,2153.3203125
2025.07.09_0.3_1,index=2.2424,58,58.0,1,2424.7546537583808,2424.7546537583808_src-index=2.2424_chunk-0058.npy,442169.29243200656,0.0054837698937025,welch_hann_2048_overlap_1024_fs_44100,digital_amplitude_squared_per_hz,1.7700464354198516e-10,947.4609375,5.2451703106957056e-11,1270.458984375,9.156876316831011e-11,2153.3203125
2025.07.09_0.3_1,index=2.2424,59,59.0,1,2424.7546537583808,2424.7546537583808_src-index=2.2424_chunk-0059.npy,442169.29243200656,0.0054837698937025,welch_hann_2048_overlap_1024_fs_44100,digital_amplitude_squared_per_hz,2.0639088459073426e-10,947.4609375,6.894842718769194e-11,1356.591796875,8.612501738479791e-11,2153.3203125
2025.07.09_0.3_1,index=4.59375,0,0.0,1,59375.42091405184,59375.420914051836_src-index=4.59375_chunk-0000.npy,442169.29243200656,0.1342820994815738,welch_hann_2048_overlap_1024_fs_44100,digital_amplitude_squared_per_hz,1.3268838689521122e-10,947.4609375,3.398007610462838e-11,1270.458984375,4.9912418319518557e-11,2153.3203125
2025.07.09_0.3_1,index=4.59375,1,1.0,1,59375.42091405184,59375.420914051836_src-index=4.59375_chunk-0001.npy,442169.29243200656,0.1342820994815738,welch_hann_2048_overlap_1024_fs_44100,digital_amplitude_squared_per_hz,1.3409867593315987e-10,947.4609375,3.854389094249498e-11,1270.458984375,4.3127057580488094e-11,2153.3203125
2025.07.09_0.3_1,index=4.59375,2,2.0,1,59375.42091405184,59375.420914051836_src-index=4.59375_chunk-0002.npy,442169.29243200656,0.1342820994815738,welch_hann_2048_overlap_1024_fs_44100,digital_amplitude_squared_per_hz,1.335244089608941e-10,947.4609375,4.408145925471765e-11,1356.591796875,5.140760908376447e-11,2153.3203125
2025.07.09_0.3_1,index=4.59375,3,3.0,1,59375.42091405184,59375.420914051836_src-index=4.59375_chunk-0003.npy,442169.29243200656,0.1342820994815738,welch_hann_2048_overlap_1024_fs_44100,digital_amplitude_squared_per_hz,1.2710857445246048e-10,947.4609375,3.594343393343397e-11,1356.591796875,5.285564652361656e-11,2153.3203125
2025.07.09_0.3_1,index=4.59375,4,4.0,1,59375.42091405184,59375.420914051836_src-index=4.59375_chunk-0004.npy,442169.29243200656,0.1342820994815738,welch_hann_2048_overlap_1024_fs_44100,digital_amplitude_squared_per_hz,1.4062534337729658e-10,947.4609375,3.668348185908851e-11,1270.458984375,5.272363046391761e-11,2153.3203125
2025.07.09_0.3_1,index=4.59375,5,5.0,1,59375.42091405184,59375.420914051836_src-index=4.59375_chunk-0005.npy,442169.29243200656,0.1342820994815738,welch_hann_2048_overlap_1024_fs_44100,digital_amplitude_squared_per_hz,1.3051403445050488e-10,947.4609375,3.866817992364076e-11,1356.591796875,5.9472662433912e-11,2153.3203125
2025.07.09_0.3_1,index=4.59375,6,6.0,1,59375.42091405184,59375.420914051836_src-index=4.59375_chunk-0006.npy,442169.29243200656,0.1342820994815738,welch_hann_2048_overlap_1024_fs_44100,digital_amplitude_squared_per_hz,1.38493623980718e-10,947.4609375,3.5228013870653026e-11,1270.458984375,4.837800237460251e-11,2153.3203125
2025.07.09_0.3_1,index=4.59375,7,7.0,1,59375.42091405184,59375.420914051836_src-index=4.59375_chunk-0007.npy,442169.29243200656,0.1342820994815738,welch_hann_2048_overlap_1024_fs_44100,digital_amplitude_squared_per_hz,1.3199141042825317e-10,947.4609375,3.7009045686634414e-11,1356.591796875,4.958834877242082e-11,2153.3203125
2025.07.09_0.3_1,index=4.59375,8,8.0,1,59375.42091405184,59375.420914051836_src-index=4.59375_chunk-0008.npy,442169.29243200656,0.1342820994815738,welch_hann_2048_overlap_1024_fs_44100,digital_amplitude_squared_per_hz,1.2852823507024432e-10,947.4609375,3.9847550428893785e-11,1270.458984375,5.13194464069682e-11,2153.3203125
2025.07.09_0.3_1,index=4.59375,9,9.0,1,59375.42091405184,59375.420914051836_src-index=4.59375_chunk-0009.npy,442169.29243200656,0.1342820994815738,welch_hann_2048_overlap_1024_fs_44100,digital_amplitude_squared_per_hz,1.2853444956185987e-10,947.4609375,4.4523395042104986e-11,1356.591796875,4.311912995758672e-11,2153.3203125
2025.07.09_0.3_1,index=4.59375,10,10.0,1,59375.42091405184,59375.420914051836_src-index=4.59375_chunk-0010.npy,442169.29243200656,0.1342820994815738,welch_hann_2048_overlap_1024_fs_44100,digital_amplitude_squared_per_hz,1.24348940994151e-10,947.4609375,3.770082222197872e-11,1356.591796875,6.196843079777408e-11,2153.3203125
2025.07.09_0.3_1,index=4.59375,11,11.0,1,59375.42091405184,59375.420914051836_src-index=4.59375_chunk-0011.npy,442169.29243200656,0.1342820994815738,welch_hann_2048_overlap_1024_fs_44100,digital_amplitude_squared_per_hz,1.224519219060195e-10,947.4609375,3.5234875443819874e-11,1270.458984375,5.6476143312374585e-11,2153.3203125
2025.07.09_0.3_1,index=4.59375,12,12.0,1,59375.42091405184,59375.420914051836_src-index=4.59375_chunk-0012.npy,442169.29243200656,0.1342820994815738,welch_hann_2048_overlap_1024_fs_44100,digital_amplitude_squared_per_hz,1.387775122420406e-10,947.4609375,4.6230071945855686e-11,1356.591796875,5.6972214850425606e-11,2153.3203125
2025.07.09_0.3_1,index=4.59375,13,13.0,1,59375.42091405184,59375.420914051836_src-index=4.59375_chunk-0013.npy,442169.29243200656,0.1342820994815738,welch_hann_2048_overlap_1024_fs_44100,digital_amplitude_squared_per_hz,1.3507598094974246e-10,947.4609375,4.066861836848479e-11,1356.591796875,4.9131228052361974e-11,2153.3203125
2025.07.09_0.3_1,index=4.59375,14,14.0,1,59375.42091405184,59375.420914051836_src-index=4.59375_chunk-0014.npy,442169.29243200656,0.1342820994815738,welch_hann_2048_overlap_1024_fs_44100,digital_amplitude_squared_per_hz,1.2324968502948507e-10,947.4609375,3.347738457662376e-11,1270.458984375,5.629566189187851e-11,2153.3203125
2025.07.09_0.3_1,index=4.59375,15,15.0,1,59375.42091405184,59375.420914051836_src-index=4.59375_chunk-0015.npy,442169.29243200656,0.1342820994815738,welch_hann_2048_overlap_1024_fs_44100,digital_amplitude_squared_per_hz,1.2993321085712234e-10,947.4609375,3.656533441907752e-11,1270.458984375,5.2236088537700255e-11,2153.3203125
2025.07.09_0.3_1,index=4.59375,16,16.0,1,59375.42091405184,59375.420914051836_src-index=4.59375_chunk-0016.npy,442169.29243200656,0.1342820994815738,welch_hann_2048_overlap_1024_fs_44100,digital_amplitude_squared_per_hz,1.280349645057047e-10,947.4609375,4.106696580351274e-11,1356.591796875,4.319148626840645e-11,2153.3203125
2025.07.09_0.3_1,index=4.59375,17,17.0,1,59375.42091405184,59375.420914051836_src-index=4.59375_chunk-0017.npy,442169.29243200656,0.1342820994815738,welch_hann_2048_overlap_1024_fs_44100,digital_amplitude_squared_per_hz,1.1453723105387542e-10,947.4609375,3.185827617574395e-11,1270.458984375,4.8834047091173596e-11,2153.3203125
2025.07.09_0.3_1,index=4.59375,18,18.0,1,59375.42091405184,59375.420914051836_src-index=4.59375_chunk-0018.npy,442169.29243200656,0.1342820994815738,welch_hann_2048_overlap_1024_fs_44100,digital_amplitude_squared_per_hz,1.3802630515461044e-10,947.4609375,3.95305537155439e-11,1356.591796875,5.96280514233307e-11,2153.3203125
2025.07.09_0.3_1,index=4.59375,19,19.0,1,59375.42091405184,59375.420914051836_src-index=4.59375_chunk-0019.npy,442169.29243200656,0.1342820994815738,welch_hann_2048_overlap_1024_fs_44100,digital_amplitude_squared_per_hz,1.4952506074239074e-10,947.4609375,3.6509603787098434e-11,1270.458984375,6.903427064634737e-11,2153.3203125
2025.07.09_0.3_1,index=4.59375,20,20.0,1,59375.42091405184,59375.420914051836_src-index=4.59375_chunk-0020.npy,442169.29243200656,0.1342820994815738,welch_hann_2048_overlap_1024_fs_44100,digital_amplitude_squared_per_hz,1.6077814664200105e-10,947.4609375,5.006068038998407e-11,1356.591796875,9.327899084291052e-11,2153.3203125
2025.07.09_0.3_1,index=4.59375,21,21.0,1,59375.42091405184,59375.420914051836_src-index=4.59375_chunk-0021.npy,442169.29243200656,0.1342820994815738,welch_hann_2048_overlap_1024_fs_44100,digital_amplitude_squared_per_hz,1.7384345914786348e-10,947.4609375,5.343288366214713e-11,1270.458984375,8.896067308101564e-11,2153.3203125
2025.07.09_0.3_1,index=4.59375,22,22.0,1,59375.42091405184,59375.420914051836_src-index=4.59375_chunk-0022.npy,442169.29243200656,0.1342820994815738,welch_hann_2048_overlap_1024_fs_44100,digital_amplitude_squared_per_hz,2.2755483829917426e-10,947.4609375,6.23064171799465e-11,1270.458984375,9.895240001470371e-11,2153.3203125
2025.07.09_0.3_1,index=4.59375,23,23.0,1,59375.42091405184,59375.420914051836_src-index=4.59375_chunk-0023.npy,442169.29243200656,0.1342820994815738,welch_hann_2048_overlap_1024_fs_44100,digital_amplitude_squared_per_hz,2.256947048488813e-10,947.4609375,6.46219595816367e-11,1356.591796875,1.1345273949714076e-10,2153.3203125
2025.07.09_0.3_1,index=4.59375,24,24.0,1,59375.42091405184,59375.420914051836_src-index=4.59375_chunk-0024.npy,442169.29243200656,0.1342820994815738,welch_hann_2048_overlap_1024_fs_44100,digital_amplitude_squared_per_hz,2.1670530212487538e-10,947.4609375,6.194977319349545e-11,1356.591796875,1.1416443532811555e-10,2153.3203125
2025.07.09_0.3_1,index=4.59375,25,25.0,1,59375.42091405184,59375.420914051836_src-index=4.59375_chunk-0025.npy,442169.29243200656,0.1342820994815738,welch_hann_2048_overlap_1024_fs_44100,digital_amplitude_squared_per_hz,2.021857286330744e-10,947.4609375,5.13881898290904e-11,1270.458984375,8.876919097678192e-11,2153.3203125
2025.07.09_0.3_1,index=4.59375,26,26.0,1,59375.42091405184,59375.420914051836_src-index=4.59375_chunk-0026.npy,442169.29243200656,0.1342820994815738,welch_hann_2048_overlap_1024_fs_44100,digital_amplitude_squared_per_hz,2.1891516927750061e-10,947.4609375,6.22264811487432e-11,1270.458984375,1.0016385950803136e-10,2153.3203125
2025.07.09_0.3_1,index=4.59375,27,27.0,1,59375.42091405184,59375.420914051836_src-index=4.59375_chunk-0027.npy,442169.29243200656,0.1342820994815738,welch_hann_2048_overlap_1024_fs_44100,digital_amplitude_squared_per_hz,2.2479539276058437e-10,947.4609375,5.857136226705924e-11,1270.458984375,9.378948735891712e-11,2153.3203125
2025.07.09_0.3_1,index=4.59375,28,28.0,1,59375.42091405184,59375.420914051836_src-index=4.59375_chunk-0028.npy,442169.29243200656,0.1342820994815738,welch_hann_2048_overlap_1024_fs_44100,digital_amplitude_squared_per_hz,2.2746291856866e-10,947.4609375,6.48581398899121e-11,1356.591796875,1.1220711950868704e-10,2153.3203125
2025.07.09_0.3_1,index=4.59375,29,29.0,1,59375.42091405184,59375.420914051836_src-index=4.59375_chunk-0029.npy,442169.29243200656,0.1342820994815738,welch_hann_2048_overlap_1024_fs_44100,digital_amplitude_squared_per_hz,2.372500505369279e-10,947.4609375,6.751701427216735e-11,1356.591796875,8.505358616683673e-11,2153.3203125
2025.07.09_0.3_1,index=4.59375,30,30.0,1,59375.42091405184,59375.420914051836_src-index=4.59375_chunk-0030.npy,442169.29243200656,0.1342820994815738,welch_hann_2048_overlap_1024_fs_44100,digital_amplitude_squared_per_hz,2.2100654875741118e-10,947.4609375,5.817844495945564e-11,1356.591796875,9.555080070781548e-11,2153.3203125
2025.07.09_0.3_1,index=4.59375,31,31.0,1,59375.42091405184,59375.420914051836_src-index=4.59375_chunk-0031.npy,442169.29243200656,0.1342820994815738,welch_hann_2048_overlap_1024_fs_44100,digital_amplitude_squared_per_hz,2.1832593521841854e-10,947.4609375,5.6377178801877535e-11,1356.591796875,8.436441705172013e-11,2153.3203125
2025.07.09_0.3_1,index=4.59375,32,32.0,1,59375.42091405184,59375.420914051836_src-index=4.59375_chunk-0032.npy,442169.29243200656,0.1342820994815738,welch_hann_2048_overlap_1024_fs_44100,digital_amplitude_squared_per_hz,2.289986492859426e-10,947.4609375,6.43137019140057e-11,1356.591796875,9.755044224803193e-11,2153.3203125
2025.07.09_0.3_1,index=4.59375,33,33.0,1,59375.42091405184,59375.420914051836_src-index=4.59375_chunk-0033.npy,442169.29243200656,0.1342820994815738,welch_hann_2048_overlap_1024_fs_44100,digital_amplitude_squared_per_hz,2.557236503508407e-10,947.4609375,6.840812137724e-11,1356.591796875,8.611575927646895e-11,2153.3203125
2025.07.09_0.3_1,index=4.59375,34,34.0,1,59375.42091405184,59375.420914051836_src-index=4.59375_chunk-0034.npy,442169.29243200656,0.1342820994815738,welch_hann_2048_overlap_1024_fs_44100,digital_amplitude_squared_per_hz,2.465007730413691e-10,947.4609375,5.8134478716736127e-11,1356.591796875,1.098628161954936e-10,2153.3203125
2025.07.09_0.3_1,index=4.59375,35,35.0,1,59375.42091405184,59375.420914051836_src-index=4.59375_chunk-0035.npy,442169.29243200656,0.1342820994815738,welch_hann_2048_overlap_1024_fs_44100,digital_amplitude_squared_per_hz,2.2100666792665075e-10,947.4609375,5.516451440632935e-11,1270.458984375,9.909698329644288e-11,2153.3203125
2025.07.09_0.3_1,index=4.59375,36,36.0,1,59375.42091405184,59375.420914051836_src-index=4.59375_chunk-0036.npy,442169.29243200656,0.1342820994815738,welch_hann_2048_overlap_1024_fs_44100,digital_amplitude_squared_per_hz,2.13993418597815e-10,947.4609375,6.44600550332653e-11,1356.591796875,8.698778454525354e-11,2153.3203125
2025.07.09_0.3_1,index=4.59375,37,37.0,1,59375.42091405184,59375.420914051836_src-index=4.59375_chunk-0037.npy,442169.29243200656,0.1342820994815738,welch_hann_2048_overlap_1024_fs_44100,digital_amplitude_squared_per_hz,2.0892314377377558e-10,947.4609375,6.673577999505192e-11,1356.591796875,8.363627689521961e-11,2153.3203125
2025.07.09_0.3_1,index=4.59375,38,38.0,1,59375.42091405184,59375.420914051836_src-index=4.59375_chunk-0038.npy,442169.29243200656,0.1342820994815738,welch_hann_2048_overlap_1024_fs_44100,digital_amplitude_squared_per_hz,1.8996673856757278e-10,947.4609375,4.4865665141563206e-11,1270.458984375,8.46225624174075e-11,2153.3203125
2025.07.09_0.3_1,index=4.59375,39,39.0,1,59375.42091405184,59375.420914051836_src-index=4.59375_chunk-0039.npy,442169.29243200656,0.1342820994815738,welch_hann_2048_overlap_1024_fs_44100,digital_amplitude_squared_per_hz,1.946145266137152e-10,947.4609375,6.120290547160007e-11,1356.591796875,8.53803671915131e-11,2153.3203125
2025.07.09_0.3_1,index=4.59375,40,40.0,1,59375.42091405184,59375.420914051836_src-index=4.59375_chunk-0040.npy,442169.29243200656,0.1342820994815738,welch_hann_2048_overlap_1024_fs_44100,digital_amplitude_squared_per_hz,2.0371535996261116e-10,947.4609375,5.2673277738383597e-11,1356.591796875,9.451076624892603e-11,2153.3203125
2025.07.09_0.3_1,index=4.59375,41,41.0,1,59375.42091405184,59375.420914051836_src-index=4.59375_chunk-0041.npy,442169.29243200656,0.1342820994815738,welch_hann_2048_overlap_1024_fs_44100,digital_amplitude_squared_per_hz,2.3830746576444864e-10,947.4609375,5.996938629854445e-11,1356.591796875,9.240499407540684e-11,2153.3203125
2025.07.09_0.3_1,index=4.59375,42,42.0,1,59375.42091405184,59375.420914051836_src-index=4.59375_chunk-0042.npy,442169.29243200656,0.1342820994815738,welch_hann_2048_overlap_1024_fs_44100,digital_amplitude_squared_per_hz,2.4184179611902813e-10,947.4609375,7.171989444885992e-11,1356.591796875,9.568360001628263e-11,2153.3203125
2025.07.09_0.3_1,index=4.59375,43,43.0,1,59375.42091405184,59375.420914051836_src-index=4.59375_chunk-0043.npy,442169.29243200656,0.1342820994815738,welch_hann_2048_overlap_1024_fs_44100,digital_amplitude_squared_per_hz,2.1627244070701932e-10,947.4609375,5.5901525613041695e-11,1356.591796875,8.969686245077553e-11,2153.3203125
2025.07.09_0.3_1,index=4.59375,44,44.0,1,59375.42091405184,59375.420914051836_src-index=4.59375_chunk-0044.npy,442169.29243200656,0.1342820994815738,welch_hann_2048_overlap_1024_fs_44100,digital_amplitude_squared_per_hz,1.9515652623761324e-10,947.4609375,6.308510949660217e-11,1356.591796875,9.507645623163061e-11,2153.3203125
2025.07.09_0.3_1,index=4.59375,45,45.0,1,59375.42091405184,59375.420914051836_src-index=4.59375_chunk-0045.npy,442169.29243200656,0.1342820994815738,welch_hann_2048_overlap_1024_fs_44100,digital_amplitude_squared_per_hz,2.151609420537275e-10,947.4609375,6.480382118500156e-11,1356.591796875,9.644116228679618e-11,2153.3203125
2025.07.09_0.3_1,index=4.59375,46,46.0,1,59375.42091405184,59375.420914051836_src-index=4.59375_chunk-0046.npy,442169.29243200656,0.1342820994815738,welch_hann_2048_overlap_1024_fs_44100,digital_amplitude_squared_per_hz,2.1793929854907465e-10,947.4609375,6.770697524938893e-11,1356.591796875,9.820715935564708e-11,2153.3203125
2025.07.09_0.3_1,index=4.59375,47,47.0,1,59375.42091405184,59375.420914051836_src-index=4.59375_chunk-0047.npy,442169.29243200656,0.1342820994815738,welch_hann_2048_overlap_1024_fs_44100,digital_amplitude_squared_per_hz,2.4290601639844666e-10,947.4609375,7.101949196747528e-11,1356.591796875,7.787519949798815e-11,2153.3203125
2025.07.09_0.3_1,index=4.59375,48,48.0,1,59375.42091405184,59375.420914051836_src-index=4.59375_chunk-0048.npy,442169.29243200656,0.1342820994815738,welch_hann_2048_overlap_1024_fs_44100,digital_amplitude_squared_per_hz,2.2717598030371e-10,947.4609375,6.052191923687589e-11,1356.591796875,9.394912036080582e-11,2153.3203125
2025.07.09_0.3_1,index=4.59375,49,49.0,1,59375.42091405184,59375.420914051836_src-index=4.59375_chunk-0049.npy,442169.29243200656,0.1342820994815738,welch_hann_2048_overlap_1024_fs_44100,digital_amplitude_squared_per_hz,1.9777843551941558e-10,947.4609375,5.479540580185504e-11,1356.591796875,8.737235928763601e-11,2153.3203125
2025.07.09_0.3_1,index=4.59375,50,50.0,1,59375.42091405184,59375.420914051836_src-index=4.59375_chunk-0050.npy,442169.29243200656,0.1342820994815738,welch_hann_2048_overlap_1024_fs_44100,digital_amplitude_squared_per_hz,2.151492205987486e-10,947.4609375,5.158875803697895e-11,1270.458984375,1.071214007993105e-10,2153.3203125
2025.07.09_0.3_1,index=4.59375,51,51.0,1,59375.42091405184,59375.420914051836_src-index=4.59375_chunk-0051.npy,442169.29243200656,0.1342820994815738,welch_hann_2048_overlap_1024_fs_44100,digital_amplitude_squared_per_hz,2.0980173421985387e-10,947.4609375,5.7662882726597583e-11,1356.591796875,1.1488295675144209e-10,2153.3203125
2025.07.09_0.3_1,index=4.59375,52,52.0,1,59375.42091405184,59375.420914051836_src-index=4.59375_chunk-0052.npy,442169.29243200656,0.1342820994815738,welch_hann_2048_overlap_1024_fs_44100,digital_amplitude_squared_per_hz,2.2494334380945118e-10,947.4609375,6.015649174103717e-11,1356.591796875,1.0636511831515772e-10,2153.3203125
2025.07.09_0.3_1,index=4.59375,53,53.0,1,59375.42091405184,59375.420914051836_src-index=4.59375_chunk-0053.npy,442169.29243200656,0.1342820994815738,welch_hann_2048_overlap_1024_fs_44100,digital_amplitude_squared_per_hz,2.3117891901234916e-10,947.4609375,6.226654256795329e-11,1356.591796875,9.153501907261527e-11,2153.3203125
2025.07.09_0.3_1,index=4.59375,54,54.0,1,59375.42091405184,59375.420914051836_src-index=4.59375_chunk-0054.npy,442169.29243200656,0.1342820994815738,welch_hann_2048_overlap_1024_fs_44100,digital_amplitude_squared_per_hz,2.3363062107007007e-10,947.4609375,6.703607359926912e-11,1356.591796875,9.494768683639919e-11,2153.3203125
2025.07.09_0.3_1,index=4.59375,55,55.0,1,59375.42091405184,59375.420914051836_src-index=4.59375_chunk-0055.npy,442169.29243200656,0.1342820994815738,welch_hann_2048_overlap_1024_fs_44100,digital_amplitude_squared_per_hz,2.283009375447063e-10,947.4609375,6.48498271300644e-11,1270.458984375,7.520110633629753e-11,2153.3203125
2025.07.09_0.3_1,index=4.59375,56,56.0,1,59375.42091405184,59375.420914051836_src-index=4.59375_chunk-0056.npy,442169.29243200656,0.1342820994815738,welch_hann_2048_overlap_1024_fs_44100,digital_amplitude_squared_per_hz,2.117905817385251e-10,947.4609375,5.5046823130748764e-11,1270.458984375,1.0709128308091442e-10,2153.3203125
2025.07.09_0.3_1,index=4.59375,57,57.0,1,59375.42091405184,59375.420914051836_src-index=4.59375_chunk-0057.npy,442169.29243200656,0.1342820994815738,welch_hann_2048_overlap_1024_fs_44100,digital_amplitude_squared_per_hz,2.0473467026737026e-10,947.4609375,6.391017885697554e-11,1356.591796875,9.834973121031523e-11,2153.3203125
2025.07.09_0.3_1,index=4.59375,58,58.0,1,59375.42091405184,59375.420914051836_src-index=4.59375_chunk-0058.npy,442169.29243200656,0.1342820994815738,welch_hann_2048_overlap_1024_fs_44100,digital_amplitude_squared_per_hz,2.1491300220925746e-10,947.4609375,6.372624098065372e-11,1356.591796875,1.0838229797207556e-10,2153.3203125
2025.07.09_0.3_1,index=4.59375,59,59.0,1,59375.42091405184,59375.420914051836_src-index=4.59375_chunk-0059.npy,442169.29243200656,0.1342820994815738,welch_hann_2048_overlap_1024_fs_44100,digital_amplitude_squared_per_hz,2.5342446771384846e-10,947.4609375,7.47594692368552e-11,1356.591796875,1.11279628950578e-10,2153.3203125
2025.07.09_0.3_1,index=6.187171,0,0.0,1,187171.7169773235,187171.7169773235_src-index=6.187171_chunk-0000.npy,442169.29243200656,0.4233032917049646,welch_hann_2048_overlap_1024_fs_44100,digital_amplitude_squared_per_hz,1.611394511598566e-10,947.4609375,4.468344422245623e-11,1356.591796875,1.0230454785061465e-10,2153.3203125
2025.07.09_0.3_1,index=6.187171,1,1.0,1,187171.7169773235,187171.7169773235_src-index=6.187171_chunk-0001.npy,442169.29243200656,0.4233032917049646,welch_hann_2048_overlap_1024_fs_44100,digital_amplitude_squared_per_hz,1.7905338079232056e-10,947.4609375,5.154503414110115e-11,1270.458984375,8.817661526459823e-11,2153.3203125
2025.07.09_0.3_1,index=6.187171,2,2.0,1,187171.7169773235,187171.7169773235_src-index=6.187171_chunk-0002.npy,442169.29243200656,0.4233032917049646,welch_hann_2048_overlap_1024_fs_44100,digital_amplitude_squared_per_hz,1.6691596313819133e-10,947.4609375,4.7712052356286437e-11,1356.591796875,8.557881791651945e-11,2153.3203125
2025.07.09_0.3_1,index=6.187171,3,3.0,1,187171.7169773235,187171.7169773235_src-index=6.187171_chunk-0003.npy,442169.29243200656,0.4233032917049646,welch_hann_2048_overlap_1024_fs_44100,digital_amplitude_squared_per_hz,1.621003566705575e-10,947.4609375,5.705119668785231e-11,1356.591796875,8.585886219592069e-11,2153.3203125
2025.07.09_0.3_1,index=6.187171,4,4.0,1,187171.7169773235,187171.7169773235_src-index=6.187171_chunk-0004.npy,442169.29243200656,0.4233032917049646,welch_hann_2048_overlap_1024_fs_44100,digital_amplitude_squared_per_hz,1.5785350556495994e-10,947.4609375,5.210613858626111e-11,1356.591796875,8.64252335536623e-11,2153.3203125
2025.07.09_0.3_1,index=6.187171,5,5.0,1,187171.7169773235,187171.7169773235_src-index=6.187171_chunk-0005.npy,442169.29243200656,0.4233032917049646,welch_hann_2048_overlap_1024_fs_44100,digital_amplitude_squared_per_hz,1.5739450320017286e-10,947.4609375,4.7284563967614905e-11,1270.458984375,8.25885301548822e-11,2153.3203125
2025.07.09_0.3_1,index=6.187171,6,6.0,1,187171.7169773235,187171.7169773235_src-index=6.187171_chunk-0006.npy,442169.29243200656,0.4233032917049646,welch_hann_2048_overlap_1024_fs_44100,digital_amplitude_squared_per_hz,1.747872800835009e-10,947.4609375,4.9558019300083977e-11,1356.591796875,6.696657784586675e-11,2153.3203125
2025.07.09_0.3_1,index=6.187171,7,7.0,1,187171.7169773235,187171.7169773235_src-index=6.187171_chunk-0007.npy,442169.29243200656,0.4233032917049646,welch_hann_2048_overlap_1024_fs_44100,digital_amplitude_squared_per_hz,1.7555860987955392e-10,947.4609375,5.056285681584561e-11,1356.591796875,8.419293966496192e-11,2153.3203125
2025.07.09_0.3_1,index=6.187171,8,8.0,1,187171.7169773235,187171.7169773235_src-index=6.187171_chunk-0008.npy,442169.29243200656,0.4233032917049646,welch_hann_2048_overlap_1024_fs_44100,digital_amplitude_squared_per_hz,2.0316414232364793e-10,947.4609375,5.915319678029951e-11,1356.591796875,9.459300585116299e-11,2153.3203125
2025.07.09_0.3_1,index=6.187171,9,9.0,1,187171.7169773235,187171.7169773235_src-index=6.187171_chunk-0009.npy,442169.29243200656,0.4233032917049646,welch_hann_2048_overlap_1024_fs_44100,digital_amplitude_squared_per_hz,1.9388855791359284e-10,947.4609375,5.488244020290466e-11,1356.591796875,8.734261729409064e-11,2153.3203125
2025.07.09_0.3_1,index=6.187171,10,10.0,1,187171.7169773235,187171.7169773235_src-index=6.187171_chunk-0010.npy,442169.29243200656,0.4233032917049646,welch_hann_2048_overlap_1024_fs_44100,digital_amplitude_squared_per_hz,1.6077887782574018e-10,947.4609375,5.139956663004797e-11,1356.591796875,8.544178382012066e-11,2153.3203125
2025.07.09_0.3_1,index=6.187171,11,11.0,1,187171.7169773235,187171.7169773235_src-index=6.187171_chunk-0011.npy,442169.29243200656,0.4233032917049646,welch_hann_2048_overlap_1024_fs_44100,digital_amplitude_squared_per_hz,1.8458058575885502e-10,947.4609375,5.369360867141989e-11,1356.591796875,9.245003770722268e-11,2153.3203125
2025.07.09_0.3_1,index=6.187171,12,12.0,1,187171.7169773235,187171.7169773235_src-index=6.187171_chunk-0012.npy,442169.29243200656,0.4233032917049646,welch_hann_2048_overlap_1024_fs_44100,digital_amplitude_squared_per_hz,1.8566278657469332e-10,947.4609375,5.485649448019435e-11,1356.591796875,8.676087019883745e-11,2153.3203125
2025.07.09_0.3_1,index=6.187171,13,13.0,1,187171.7169773235,187171.7169773235_src-index=6.187171_chunk-0013.npy,442169.29243200656,0.4233032917049646,welch_hann_2048_overlap_1024_fs_44100,digital_amplitude_squared_per_hz,2.0000636000135397e-10,947.4609375,4.9314811620605975e-11,1356.591796875,8.171357945436015e-11,2153.3203125
2025.07.09_0.3_1,index=6.187171,14,14.0,1,187171.7169773235,187171.7169773235_src-index=6.187171_chunk-0014.npy,442169.29243200656,0.4233032917049646,welch_hann_2048_overlap_1024_fs_44100,digital_amplitude_squared_per_hz,1.9128248692226785e-10,947.4609375,5.2645580783397104e-11,1356.591796875,9.508113410959721e-11,2153.3203125
2025.07.09_0.3_1,index=6.187171,15,15.0,1,187171.7169773235,187171.7169773235_src-index=6.187171_chunk-0015.npy,442169.29243200656,0.4233032917049646,welch_hann_2048_overlap_1024_fs_44100,digital_amplitude_squared_per_hz,1.955656563381868e-10,947.4609375,4.799541197126292e-11,1270.458984375,8.973734621865596e-11,2153.3203125
2025.07.09_0.3_1,index=6.187171,16,16.0,1,187171.7169773235,187171.7169773235_src-index=6.187171_chunk-0016.npy,442169.29243200656,0.4233032917049646,welch_hann_2048_overlap_1024_fs_44100,digital_amplitude_squared_per_hz,2.0769767406937464e-10,947.4609375,5.704035213791254e-11,1356.591796875,8.844768838150273e-11,2153.3203125
2025.07.09_0.3_1,index=6.187171,17,17.0,1,187171.7169773235,187171.7169773235_src-index=6.187171_chunk-0017.npy,442169.29243200656,0.4233032917049646,welch_hann_2048_overlap_1024_fs_44100,digital_amplitude_squared_per_hz,1.7275428182322776e-10,947.4609375,4.774820621589801e-11,1507.32421875,8.331546184781938e-11,2153.3203125
2025.07.09_0.3_1,index=6.187171,18,18.0,1,187171.7169773235,187171.7169773235_src-index=6.187171_chunk-0018.npy,442169.29243200656,0.4233032917049646,welch_hann_2048_overlap_1024_fs_44100,digital_amplitude_squared_per_hz,1.8839366707259858e-10,947.4609375,5.626417978252548e-11,1356.591796875,9.342125606755279e-11,2153.3203125
2025.07.09_0.3_1,index=6.187171,19,19.0,1,187171.7169773235,187171.7169773235_src-index=6.187171_chunk-0019.npy,442169.29243200656,0.4233032917049646,welch_hann_2048_overlap_1024_fs_44100,digital_amplitude_squared_per_hz,1.6319818465844396e-10,947.4609375,4.921076187161868e-11,1356.591796875,8.026681621487028e-11,2153.3203125
2025.07.09_0.3_1,index=6.187171,20,20.0,1,187171.7169773235,187171.7169773235_src-index=6.187171_chunk-0020.npy,442169.29243200656,0.4233032917049646,welch_hann_2048_overlap_1024_fs_44100,digital_amplitude_squared_per_hz,1.5446042215530686e-10,947.4609375,4.5104117381958205e-11,1356.591796875,7.375511980370602e-11,2153.3203125
2025.07.09_0.3_1,index=6.187171,21,21.0,1,187171.7169773235,187171.7169773235_src-index=6.187171_chunk-0021.npy,442169.29243200656,0.4233032917049646,welch_hann_2048_overlap_1024_fs_44100,digital_amplitude_squared_per_hz,1.5360688744715762e-10,947.4609375,4.827074456655024e-11,1356.591796875,7.372857195919735e-11,2153.3203125
2025.07.09_0.3_1,index=6.187171,22,22.0,1,187171.7169773235,187171.7169773235_src-index=6.187171_chunk-0022.npy,442169.29243200656,0.4233032917049646,welch_hann_2048_overlap_1024_fs_44100,digital_amplitude_squared_per_hz,1.4951652975248294e-10,947.4609375,4.030340497208937e-11,1356.591796875,6.498619341544707e-11,2153.3203125
2025.07.09_0.3_1,index=6.187171,23,23.0,1,187171.7169773235,187171.7169773235_src-index=6.187171_chunk-0023.npy,442169.29243200656,0.4233032917049646,welch_hann_2048_overlap_1024_fs_44100,digital_amplitude_squared_per_hz,1.441889657596068e-10,947.4609375,4.209894549667817e-11,1270.458984375,6.578151766163602e-11,2153.3203125
2025.07.09_0.3_1,index=6.187171,24,24.0,1,187171.7169773235,187171.7169773235_src-index=6.187171_chunk-0024.npy,442169.29243200656,0.4233032917049646,welch_hann_2048_overlap_1024_fs_44100,digital_amplitude_squared_per_hz,1.5899775881610374e-10,947.4609375,4.5888072701289133e-11,1356.591796875,5.994054532181939e-11,2153.3203125
2025.07.09_0.3_1,index=6.187171,25,25.0,1,187171.7169773235,187171.7169773235_src-index=6.187171_chunk-0025.npy,442169.29243200656,0.4233032917049646,welch_hann_2048_overlap_1024_fs_44100,digital_amplitude_squared_per_hz,1.4482193919410045e-10,947.4609375,4.395590350758699e-11,1356.591796875,6.468220447107907e-11,2153.3203125
2025.07.09_0.3_1,index=6.187171,26,26.0,1,187171.7169773235,187171.7169773235_src-index=6.187171_chunk-0026.npy,442169.29243200656,0.4233032917049646,welch_hann_2048_overlap_1024_fs_44100,digital_amplitude_squared_per_hz,1.4774179986364236e-10,947.4609375,4.127717797382537e-11,1356.591796875,6.159364537441934e-11,2153.3203125
2025.07.09_0.3_1,index=6.187171,27,27.0,1,187171.7169773235,187171.7169773235_src-index=6.187171_chunk-0027.npy,442169.29243200656,0.4233032917049646,welch_hann_2048_overlap_1024_fs_44100,digital_amplitude_squared_per_hz,1.539640488010717e-10,947.4609375,4.806218373734579e-11,1356.591796875,6.398060540268737e-11,2153.3203125
2025.07.09_0.3_1,index=6.187171,28,28.0,1,187171.7169773235,187171.7169773235_src-index=6.187171_chunk-0028.npy,442169.29243200656,0.4233032917049646,welch_hann_2048_overlap_1024_fs_44100,digital_amplitude_squared_per_hz,1.558897538735951e-10,947.4609375,4.495774682873737e-11,1356.591796875,6.092830367054569e-11,2153.3203125
2025.07.09_0.3_1,index=6.187171,29,29.0,1,187171.7169773235,187171.7169773235_src-index=6.187171_chunk-0029.npy,442169.29243200656,0.4233032917049646,welch_hann_2048_overlap_1024_fs_44100,digital_amplitude_squared_per_hz,1.6910029538266508e-10,947.4609375,4.165218619823593e-11,1270.458984375,8.858178745430919e-11,2153.3203125
2025.07.09_0.3_1,index=6.187171,30,30.0,1,187171.7169773235,187171.7169773235_src-index=6.187171_chunk-0030.npy,442169.29243200656,0.4233032917049646,welch_hann_2048_overlap_1024_fs_44100,digital_amplitude_squared_per_hz,1.854766195362266e-10,947.4609375,5.3763654496602844e-11,1270.458984375,8.859589600465909e-11,2153.3203125
2025.07.09_0.3_1,index=6.187171,31,31.0,1,187171.7169773235,187171.7169773235_src-index=6.187171_chunk-0031.npy,442169.29243200656,0.4233032917049646,welch_hann_2048_overlap_1024_fs_44100,digital_amplitude_squared_per_hz,1.911479373467416e-10,947.4609375,5.3530284914855564e-11,1270.458984375,9.867826582809051e-11,2153.3203125
2025.07.09_0.3_1,index=6.187171,32,32.0,1,187171.7169773235,187171.7169773235_src-index=6.187171_chunk-0032.npy,442169.29243200656,0.4233032917049646,welch_hann_2048_overlap_1024_fs_44100,digital_amplitude_squared_per_hz,1.7128091068128384e-10,947.4609375,4.6468711135043505e-11,1356.591796875,1.0087206958502032e-10,2153.3203125
2025.07.09_0.3_1,index=6.187171,33,33.0,1,187171.7169773235,187171.7169773235_src-index=6.187171_chunk-0033.npy,442169.29243200656,0.4233032917049646,welch_hann_2048_overlap_1024_fs_44100,digital_amplitude_squared_per_hz,1.9296354323266787e-10,947.4609375,6.474670779134626e-11,1270.458984375,7.368247847946248e-11,2153.3203125
2025.07.09_0.3_1,index=6.187171,34,34.0,1,187171.7169773235,187171.7169773235_src-index=6.187171_chunk-0034.npy,442169.29243200656,0.4233032917049646,welch_hann_2048_overlap_1024_fs_44100,digital_amplitude_squared_per_hz,2.2625451284662128e-10,947.4609375,5.726425449399252e-11,1356.591796875,9.389027982757772e-11,2153.3203125
2025.07.09_0.3_1,index=6.187171,35,35.0,1,187171.7169773235,187171.7169773235_src-index=6.187171_chunk-0035.npy,442169.29243200656,0.4233032917049646,welch_hann_2048_overlap_1024_fs_44100,digital_amplitude_squared_per_hz,2.0771432924524182e-10,947.4609375,6.444662218480093e-11,1356.591796875,9.95643780980715e-11,2153.3203125
2025.07.09_0.3_1,index=6.187171,36,36.0,1,187171.7169773235,187171.7169773235_src-index=6.187171_chunk-0036.npy,442169.29243200656,0.4233032917049646,welch_hann_2048_overlap_1024_fs_44100,digital_amplitude_squared_per_hz,2.0426541218230536e-10,947.4609375,5.5650757557144064e-11,1270.458984375,9.683023056907262e-11,2153.3203125
2025.07.09_0.3_1,index=6.187171,37,37.0,1,187171.7169773235,187171.7169773235_src-index=6.187171_chunk-0037.npy,442169.29243200656,0.4233032917049646,welch_hann_2048_overlap_1024_fs_44100,digital_amplitude_squared_per_hz,2.0282171447582624e-10,947.4609375,5.645208464449397e-11,1270.458984375,1.0446510548894686e-10,2153.3203125
2025.07.09_0.3_1,index=6.187171,38,38.0,1,187171.7169773235,187171.7169773235_src-index=6.187171_chunk-0038.npy,442169.29243200656,0.4233032917049646,welch_hann_2048_overlap_1024_fs_44100,digital_amplitude_squared_per_hz,2.046595987288674e-10,947.4609375,5.4464335355652825e-11,1270.458984375,1.0305545275552103e-10,2153.3203125
2025.07.09_0.3_1,index=6.187171,39,39.0,1,187171.7169773235,187171.7169773235_src-index=6.187171_chunk-0039.npy,442169.29243200656,0.4233032917049646,welch_hann_2048_overlap_1024_fs_44100,digital_amplitude_squared_per_hz,2.206538454453397e-10,947.4609375,6.903573176184216e-11,1356.591796875,9.863350174839392e-11,2153.3203125
2025.07.09_0.3_1,index=6.187171,40,40.0,1,187171.7169773235,187171.7169773235_src-index=6.187171_chunk-0040.npy,442169.29243200656,0.4233032917049646,welch_hann_2048_overlap_1024_fs_44100,digital_amplitude_squared_per_hz,1.8539892158931727e-10,947.4609375,6.525861464606322e-11,1356.591796875,1.1032506711542947e-10,2153.3203125
2025.07.09_0.3_1,index=6.187171,41,41.0,1,187171.7169773235,187171.7169773235_src-index=6.187171_chunk-0041.npy,442169.29243200656,0.4233032917049646,welch_hann_2048_overlap_1024_fs_44100,digital_amplitude_squared_per_hz,2.047681744049061e-10,947.4609375,5.949092235650027e-11,1270.458984375,9.774361033894772e-11,2153.3203125
2025.07.09_0.3_1,index=6.187171,42,42.0,1,187171.7169773235,187171.7169773235_src-index=6.187171_chunk-0042.npy,442169.29243200656,0.4233032917049646,welch_hann_2048_overlap_1024_fs_44100,digital_amplitude_squared_per_hz,2.2167445159091727e-10,947.4609375,5.914281485242486e-11,1356.591796875,1.1049990474205043e-10,2153.3203125
2025.07.09_0.3_1,index=6.187171,43,43.0,1,187171.7169773235,187171.7169773235_src-index=6.187171_chunk-0043.npy,442169.29243200656,0.4233032917049646,welch_hann_2048_overlap_1024_fs_44100,digital_amplitude_squared_per_hz,2.3271540904873206e-10,947.4609375,6.33756871757446e-11,1356.591796875,1.0646010733488022e-10,2153.3203125
2025.07.09_0.3_1,index=6.187171,44,44.0,1,187171.7169773235,187171.7169773235_src-index=6.187171_chunk-0044.npy,442169.29243200656,0.4233032917049646,welch_hann_2048_overlap_1024_fs_44100,digital_amplitude_squared_per_hz,2.4365878768583516e-10,947.4609375,6.426510780638646e-11,1356.591796875,1.0123807198859102e-10,2153.3203125
2025.07.09_0.3_1,index=6.187171,45,45.0,1,187171.7169773235,187171.7169773235_src-index=6.187171_chunk-0045.npy,442169.29243200656,0.4233032917049646,welch_hann_2048_overlap_1024_fs_44100,digital_amplitude_squared_per_hz,2.5560464651275994e-10,947.4609375,6.568127302167525e-11,1270.458984375,9.709678567635424e-11,2153.3203125
2025.07.09_0.3_1,index=6.187171,46,46.0,1,187171.7169773235,187171.7169773235_src-index=6.187171_chunk-0046.npy,442169.29243200656,0.4233032917049646,welch_hann_2048_overlap_1024_fs_44100,digital_amplitude_squared_per_hz,2.133296088563533e-10,947.4609375,5.875100910983914e-11,1270.458984375,7.516748247988922e-11,2153.3203125
2025.07.09_0.3_1,index=6.187171,47,47.0,1,187171.7169773235,187171.7169773235_src-index=6.187171_chunk-0047.npy,442169.29243200656,0.4233032917049646,welch_hann_2048_overlap_1024_fs_44100,digital_amplitude_squared_per_hz,1.986729038099316e-10,947.4609375,5.1739348712753674e-11,1270.458984375,9.788105804611302e-11,2153.3203125
2025.07.09_0.3_1,index=6.187171,48,48.0,1,187171.7169773235,187171.7169773235_src-index=6.187171_chunk-0048.npy,442169.29243200656,0.4233032917049646,welch_hann_2048_overlap_1024_fs_44100,digital_amplitude_squared_per_hz,2.2628242190031358e-10,947.4609375,5.243413673092903e-11,1356.591796875,9.37719561972117e-11,2153.3203125
2025.07.09_0.3_1,index=6.187171,49,49.0,1,187171.7169773235,187171.7169773235_src-index=6.187171_chunk-0049.npy,442169.29243200656,0.4233032917049646,welch_hann_2048_overlap_1024_fs_44100,digital_amplitude_squared_per_hz,2.375057520574413e-10,947.4609375,5.3216386331601255e-11,1507.32421875,9.729431698260548e-11,2153.3203125
2025.07.09_0.3_1,index=6.187171,50,50.0,1,187171.7169773235,187171.7169773235_src-index=6.187171_chunk-0050.npy,442169.29243200656,0.4233032917049646,welch_hann_2048_overlap_1024_fs_44100,digital_amplitude_squared_per_hz,2.2865364812561104e-10,947.4609375,5.7881848754430574e-11,1507.32421875,9.652342152134608e-11,2153.3203125
2025.07.09_0.3_1,index=6.187171,51,51.0,1,187171.7169773235,187171.7169773235_src-index=6.187171_chunk-0051.npy,442169.29243200656,0.4233032917049646,welch_hann_2048_overlap_1024_fs_44100,digital_amplitude_squared_per_hz,2.1771323493453721e-10,947.4609375,6.172337547635665e-11,1270.458984375,1.0442816783596204e-10,2153.3203125
2025.07.09_0.3_1,index=6.187171,52,52.0,1,187171.7169773235,187171.7169773235_src-index=6.187171_chunk-0052.npy,442169.29243200656,0.4233032917049646,welch_hann_2048_overlap_1024_fs_44100,digital_amplitude_squared_per_hz,2.212189396525602e-10,947.4609375,6.425002973237916e-11,1270.458984375,8.813901772484016e-11,2153.3203125
2025.07.09_0.3_1,index=6.187171,53,53.0,1,187171.7169773235,187171.7169773235_src-index=6.187171_chunk-0053.npy,442169.29243200656,0.4233032917049646,welch_hann_2048_overlap_1024_fs_44100,digital_amplitude_squared_per_hz,2.180144032470106e-10,947.4609375,6.049690603450141e-11,1270.458984375,9.845232414221308e-11,2153.3203125
2025.07.09_0.3_1,index=6.187171,54,54.0,1,187171.7169773235,187171.7169773235_src-index=6.187171_chunk-0054.npy,442169.29243200656,0.4233032917049646,welch_hann_2048_overlap_1024_fs_44100,digital_amplitude_squared_per_hz,2.1805602670499987e-10,947.4609375,5.306938500188812e-11,1270.458984375,1.1209427264412335e-10,2153.3203125
2025.07.09_0.3_1,index=6.187171,55,55.0,1,187171.7169773235,187171.7169773235_src-index=6.187171_chunk-0055.npy,442169.29243200656,0.4233032917049646,welch_hann_2048_overlap_1024_fs_44100,digital_amplitude_squared_per_hz,2.2659109273629357e-10,947.4609375,5.787413208968102e-11,1356.591796875,9.941371000899818e-11,2153.3203125
2025.07.09_0.3_1,index=6.187171,56,56.0,1,187171.7169773235,187171.7169773235_src-index=6.187171_chunk-0056.npy,442169.29243200656,0.4233032917049646,welch_hann_2048_overlap_1024_fs_44100,digital_amplitude_squared_per_hz,2.459925661824341e-10,947.4609375,6.136496336061819e-11,1356.591796875,9.706385468694039e-11,2153.3203125
2025.07.09_0.3_1,index=6.187171,57,57.0,1,187171.7169773235,187171.7169773235_src-index=6.187171_chunk-0057.npy,442169.29243200656,0.4233032917049646,welch_hann_2048_overlap_1024_fs_44100,digital_amplitude_squared_per_hz,2.2133685049812383e-10,947.4609375,6.215117415355576e-11,1270.458984375,9.366826080227399e-11,2153.3203125
2025.07.09_0.3_1,index=6.187171,58,58.0,1,187171.7169773235,187171.7169773235_src-index=6.187171_chunk-0058.npy,442169.29243200656,0.4233032917049646,welch_hann_2048_overlap_1024_fs_44100,digital_amplitude_squared_per_hz,2.4439548927972796e-10,947.4609375,6.738242579446521e-11,1270.458984375,8.46036538923912e-11,2153.3203125
2025.07.09_0.3_1,index=6.187171,59,59.0,1,187171.7169773235,187171.7169773235_src-index=6.187171_chunk-0059.npy,442169.29243200656,0.4233032917049646,welch_hann_2048_overlap_1024_fs_44100,digital_amplitude_squared_per_hz,2.2713455692579485e-10,947.4609375,6.764697174443135e-11,1356.591796875,9.785975360952673e-11,2153.3203125
2025.07.09_0.3_1,index=8.275174,0,0.0,1,275174.6640882674,275174.6640882674_src-index=8.275174_chunk-0000.npy,442169.29243200656,0.6223287523535608,welch_hann_2048_overlap_1024_fs_44100,digital_amplitude_squared_per_hz,1.6784296149563415e-10,947.4609375,4.0372975547158213e-11,1550.390625,8.642601992635631e-11,2153.3203125
2025.07.09_0.3_1,index=8.275174,1,1.0,1,275174.6640882674,275174.6640882674_src-index=8.275174_chunk-0001.npy,442169.29243200656,0.6223287523535608,welch_hann_2048_overlap_1024_fs_44100,digital_amplitude_squared_per_hz,1.8052467392916342e-10,947.4609375,5.1769930777487024e-11,1356.591796875,7.590532194539999e-11,2153.3203125
2025.07.09_0.3_1,index=8.275174,2,2.0,1,275174.6640882674,275174.6640882674_src-index=8.275174_chunk-0002.npy,442169.29243200656,0.6223287523535608,welch_hann_2048_overlap_1024_fs_44100,digital_amplitude_squared_per_hz,1.8039550706197086e-10,947.4609375,4.994230307601335e-11,1356.591796875,6.925650106738749e-11,2153.3203125
2025.07.09_0.3_1,index=8.275174,3,3.0,1,275174.6640882674,275174.6640882674_src-index=8.275174_chunk-0003.npy,442169.29243200656,0.6223287523535608,welch_hann_2048_overlap_1024_fs_44100,digital_amplitude_squared_per_hz,1.9028661410510516e-10,947.4609375,4.942143138682998e-11,1356.591796875,6.419396627549209e-11,2153.3203125
2025.07.09_0.3_1,index=8.275174,4,4.0,1,275174.6640882674,275174.6640882674_src-index=8.275174_chunk-0004.npy,442169.29243200656,0.6223287523535608,welch_hann_2048_overlap_1024_fs_44100,digital_amplitude_squared_per_hz,2.1181065097526692e-10,947.4609375,5.270089219986866e-11,1270.458984375,6.671317602528512e-11,2153.3203125
2025.07.09_0.3_1,index=8.275174,5,5.0,1,275174.6640882674,275174.6640882674_src-index=8.275174_chunk-0005.npy,442169.29243200656,0.6223287523535608,welch_hann_2048_overlap_1024_fs_44100,digital_amplitude_squared_per_hz,1.573983593956302e-10,947.4609375,4.809727048530025e-11,1270.458984375,6.617222573682659e-11,2153.3203125
2025.07.09_0.3_1,index=8.275174,6,6.0,1,275174.6640882674,275174.6640882674_src-index=8.275174_chunk-0006.npy,442169.29243200656,0.6223287523535608,welch_hann_2048_overlap_1024_fs_44100,digital_amplitude_squared_per_hz,1.4227757017305237e-10,947.4609375,4.112736162531099e-11,1356.591796875,9.537278706717955e-11,2153.3203125
2025.07.09_0.3_1,index=8.275174,7,7.0,1,275174.6640882674,275174.6640882674_src-index=8.275174_chunk-0007.npy,442169.29243200656,0.6223287523535608,welch_hann_2048_overlap_1024_fs_44100,digital_amplitude_squared_per_hz,1.642764579455307e-10,947.4609375,3.9857966463004616e-11,1356.591796875,6.779995740718057e-11,2153.3203125
2025.07.09_0.3_1,index=8.275174,8,8.0,1,275174.6640882674,275174.6640882674_src-index=8.275174_chunk-0008.npy,442169.29243200656,0.6223287523535608,welch_hann_2048_overlap_1024_fs_44100,digital_amplitude_squared_per_hz,1.5634167015760915e-10,947.4609375,4.568525321096693e-11,1356.591796875,7.053807166954992e-11,2153.3203125
2025.07.09_0.3_1,index=8.275174,9,9.0,1,275174.6640882674,275174.6640882674_src-index=8.275174_chunk-0009.npy,442169.29243200656,0.6223287523535608,welch_hann_2048_overlap_1024_fs_44100,digital_amplitude_squared_per_hz,1.6982413288112224e-10,947.4609375,4.433951889931628e-11,1270.458984375,8.160923270591171e-11,2153.3203125
2025.07.09_0.3_1,index=8.275174,10,10.0,1,275174.6640882674,275174.6640882674_src-index=8.275174_chunk-0010.npy,442169.29243200656,0.6223287523535608,welch_hann_2048_overlap_1024_fs_44100,digital_amplitude_squared_per_hz,1.3546318759880752e-10,947.4609375,4.5169824466495175e-11,1356.591796875,7.224083219126627e-11,2153.3203125
2025.07.09_0.3_1,index=8.275174,11,11.0,1,275174.6640882674,275174.6640882674_src-index=8.275174_chunk-0011.npy,442169.29243200656,0.6223287523535608,welch_hann_2048_overlap_1024_fs_44100,digital_amplitude_squared_per_hz,1.483567691973949e-10,947.4609375,4.043792798353594e-11,1356.591796875,5.998823519283028e-11,2153.3203125
2025.07.09_0.3_1,index=8.275174,12,12.0,1,275174.6640882674,275174.6640882674_src-index=8.275174_chunk-0012.npy,442169.29243200656,0.6223287523535608,welch_hann_2048_overlap_1024_fs_44100,digital_amplitude_squared_per_hz,1.6388835592955021e-10,947.4609375,5.55069623585113e-11,1356.591796875,6.258656612142887e-11,2153.3203125
2025.07.09_0.3_1,index=8.275174,13,13.0,1,275174.6640882674,275174.6640882674_src-index=8.275174_chunk-0013.npy,442169.29243200656,0.6223287523535608,welch_hann_2048_overlap_1024_fs_44100,digital_amplitude_squared_per_hz,1.5437219128854845e-10,947.4609375,4.351406339727392e-11,1356.591796875,5.199880013985051e-11,2153.3203125
2025.07.09_0.3_1,index=8.275174,14,14.0,1,275174.6640882674,275174.6640882674_src-index=8.275174_chunk-0014.npy,442169.29243200656,0.6223287523535608,welch_hann_2048_overlap_1024_fs_44100,digital_amplitude_squared_per_hz,1.553620558175483e-10,947.4609375,4.860651869962581e-11,1356.591796875,6.635138288012762e-11,2153.3203125
2025.07.09_0.3_1,index=8.275174,15,15.0,1,275174.6640882674,275174.6640882674_src-index=8.275174_chunk-0015.npy,442169.29243200656,0.6223287523535608,welch_hann_2048_overlap_1024_fs_44100,digital_amplitude_squared_per_hz,1.5916639237825363e-10,947.4609375,4.652462103374757e-11,1356.591796875,6.218353314455819e-11,2153.3203125
2025.07.09_0.3_1,index=8.275174,16,16.0,1,275174.6640882674,275174.6640882674_src-index=8.275174_chunk-0016.npy,442169.29243200656,0.6223287523535608,welch_hann_2048_overlap_1024_fs_44100,digital_amplitude_squared_per_hz,1.6057478155815755e-10,947.4609375,5.0676835403623673e-11,1356.591796875,6.857377036448834e-11,2153.3203125
2025.07.09_0.3_1,index=8.275174,17,17.0,1,275174.6640882674,275174.6640882674_src-index=8.275174_chunk-0017.npy,442169.29243200656,0.6223287523535608,welch_hann_2048_overlap_1024_fs_44100,digital_amplitude_squared_per_hz,1.6359396268974073e-10,947.4609375,4.0301215943204916e-11,1356.591796875,7.050796318392487e-11,2153.3203125
2025.07.09_0.3_1,index=8.275174,18,18.0,1,275174.6640882674,275174.6640882674_src-index=8.275174_chunk-0018.npy,442169.29243200656,0.6223287523535608,welch_hann_2048_overlap_1024_fs_44100,digital_amplitude_squared_per_hz,1.5842310888122768e-10,947.4609375,3.717468637889088e-11,1270.458984375,8.165839667013881e-11,2153.3203125
2025.07.09_0.3_1,index=8.275174,19,19.0,1,275174.6640882674,275174.6640882674_src-index=8.275174_chunk-0019.npy,442169.29243200656,0.6223287523535608,welch_hann_2048_overlap_1024_fs_44100,digital_amplitude_squared_per_hz,1.3425878984565577e-10,947.4609375,4.6657443170980133e-11,1356.591796875,5.721984555033037e-11,2153.3203125
2025.07.09_0.3_1,index=8.275174,20,20.0,1,275174.6640882674,275174.6640882674_src-index=8.275174_chunk-0020.npy,442169.29243200656,0.6223287523535608,welch_hann_2048_overlap_1024_fs_44100,digital_amplitude_squared_per_hz,1.4759544428079922e-10,947.4609375,4.592958426039683e-11,1356.591796875,8.49179101137696e-11,2153.3203125
2025.07.09_0.3_1,index=8.275174,21,21.0,1,275174.6640882674,275174.6640882674_src-index=8.275174_chunk-0021.npy,442169.29243200656,0.6223287523535608,welch_hann_2048_overlap_1024_fs_44100,digital_amplitude_squared_per_hz,1.3457636429364975e-10,947.4609375,4.222945474828282e-11,1356.591796875,6.528053223024907e-11,2153.3203125
2025.07.09_0.3_1,index=8.275174,22,22.0,1,275174.6640882674,275174.6640882674_src-index=8.275174_chunk-0022.npy,442169.29243200656,0.6223287523535608,welch_hann_2048_overlap_1024_fs_44100,digital_amplitude_squared_per_hz,1.4294759576656848e-10,947.4609375,3.608080407708743e-11,1356.591796875,6.549550498521228e-11,2153.3203125
2025.07.09_0.3_1,index=8.275174,23,23.0,1,275174.6640882674,275174.6640882674_src-index=8.275174_chunk-0023.npy,442169.29243200656,0.6223287523535608,welch_hann_2048_overlap_1024_fs_44100,digital_amplitude_squared_per_hz,1.6084357297585346e-10,947.4609375,4.179974798934471e-11,1356.591796875,6.224543558259739e-11,2153.3203125
2025.07.09_0.3_1,index=8.275174,24,24.0,1,275174.6640882674,275174.6640882674_src-index=8.275174_chunk-0024.npy,442169.29243200656,0.6223287523535608,welch_hann_2048_overlap_1024_fs_44100,digital_amplitude_squared_per_hz,1.3888422912243397e-10,947.4609375,4.208214634481448e-11,1356.591796875,5.00053514965195e-11,2153.3203125
2025.07.09_0.3_1,index=8.275174,25,25.0,1,275174.6640882674,275174.6640882674_src-index=8.275174_chunk-0025.npy,442169.29243200656,0.6223287523535608,welch_hann_2048_overlap_1024_fs_44100,digital_amplitude_squared_per_hz,1.4040300046842682e-10,947.4609375,4.4233172177866005e-11,1356.591796875,6.068243501233987e-11,2153.3203125
2025.07.09_0.3_1,index=8.275174,26,26.0,1,275174.6640882674,275174.6640882674_src-index=8.275174_chunk-0026.npy,442169.29243200656,0.6223287523535608,welch_hann_2048_overlap_1024_fs_44100,digital_amplitude_squared_per_hz,1.3701087467397387e-10,947.4609375,3.548563125184853e-11,1270.458984375,5.084206425741336e-11,2153.3203125
2025.07.09_0.3_1,index=8.275174,27,27.0,1,275174.6640882674,275174.6640882674_src-index=8.275174_chunk-0027.npy,442169.29243200656,0.6223287523535608,welch_hann_2048_overlap_1024_fs_44100,digital_amplitude_squared_per_hz,1.3247537083606497e-10,947.4609375,2.9101421685426995e-11,1356.591796875,5.261470356922922e-11,2153.3203125
2025.07.09_0.3_1,index=8.275174,28,28.0,1,275174.6640882674,275174.6640882674_src-index=8.275174_chunk-0028.npy,442169.29243200656,0.6223287523535608,welch_hann_2048_overlap_1024_fs_44100,digital_amplitude_squared_per_hz,1.2608206358040911e-10,947.4609375,3.0408108591204164e-11,1356.591796875,3.8051401698341075e-11,2153.3203125
2025.07.09_0.3_1,index=8.275174,29,29.0,1,275174.6640882674,275174.6640882674_src-index=8.275174_chunk-0029.npy,442169.29243200656,0.6223287523535608,welch_hann_2048_overlap_1024_fs_44100,digital_amplitude_squared_per_hz,1.0586272999263218e-10,947.4609375,2.6373645112020378e-11,1270.458984375,4.0045048150459e-11,2153.3203125
2025.07.09_0.3_1,index=8.275174,30,30.0,1,275174.6640882674,275174.6640882674_src-index=8.275174_chunk-0030.npy,442169.29243200656,0.6223287523535608,welch_hann_2048_overlap_1024_fs_44100,digital_amplitude_squared_per_hz,1.0850759861662099e-10,947.4609375,2.914322070448608e-11,1270.458984375,3.5376741122104063e-11,2153.3203125
2025.07.09_0.3_1,index=8.275174,31,31.0,1,275174.6640882674,275174.6640882674_src-index=8.275174_chunk-0031.npy,442169.29243200656,0.6223287523535608,welch_hann_2048_overlap_1024_fs_44100,digital_amplitude_squared_per_hz,1.1282842739071049e-10,947.4609375,2.8683056469109388e-11,1270.458984375,4.153415180853037e-11,2153.3203125
2025.07.09_0.3_1,index=8.275174,32,32.0,1,275174.6640882674,275174.6640882674_src-index=8.275174_chunk-0032.npy,442169.29243200656,0.6223287523535608,welch_hann_2048_overlap_1024_fs_44100,digital_amplitude_squared_per_hz,1.216347156996059e-10,947.4609375,2.6848125998551904e-11,1356.591796875,3.751900407953686e-11,2153.3203125
2025.07.09_0.3_1,index=8.275174,33,33.0,1,275174.6640882674,275174.6640882674_src-index=8.275174_chunk-0033.npy,442169.29243200656,0.6223287523535608,welch_hann_2048_overlap_1024_fs_44100,digital_amplitude_squared_per_hz,1.2078449839296546e-10,947.4609375,3.184407686611407e-11,1356.591796875,3.606852311596366e-11,2153.3203125
2025.07.09_0.3_1,index=8.275174,34,34.0,1,275174.6640882674,275174.6640882674_src-index=8.275174_chunk-0034.npy,442169.29243200656,0.6223287523535608,welch_hann_2048_overlap_1024_fs_44100,digital_amplitude_squared_per_hz,1.2336784918821159e-10,947.4609375,4.029413212145079e-11,1356.591796875,3.9894669274192574e-11,2153.3203125
2025.07.09_0.3_1,index=8.275174,35,35.0,1,275174.6640882674,275174.6640882674_src-index=8.275174_chunk-0035.npy,442169.29243200656,0.6223287523535608,welch_hann_2048_overlap_1024_fs_44100,digital_amplitude_squared_per_hz,1.3667727021326017e-10,947.4609375,3.3122479957241614e-11,1270.458984375,4.781657747452095e-11,2153.3203125
2025.07.09_0.3_1,index=8.275174,36,36.0,1,275174.6640882674,275174.6640882674_src-index=8.275174_chunk-0036.npy,442169.29243200656,0.6223287523535608,welch_hann_2048_overlap_1024_fs_44100,digital_amplitude_squared_per_hz,1.2394925109270062e-10,947.4609375,3.6059186380787714e-11,1356.591796875,4.379728091891823e-11,2153.3203125
2025.07.09_0.3_1,index=8.275174,37,37.0,1,275174.6640882674,275174.6640882674_src-index=8.275174_chunk-0037.npy,442169.29243200656,0.6223287523535608,welch_hann_2048_overlap_1024_fs_44100,digital_amplitude_squared_per_hz,1.3135339607545532e-10,947.4609375,3.5935160724723694e-11,1356.591796875,3.829827279701939e-11,2153.3203125
2025.07.09_0.3_1,index=8.275174,38,38.0,1,275174.6640882674,275174.6640882674_src-index=8.275174_chunk-0038.npy,442169.29243200656,0.6223287523535608,welch_hann_2048_overlap_1024_fs_44100,digital_amplitude_squared_per_hz,1.1507374662198201e-10,947.4609375,2.8457412705934957e-11,1270.458984375,3.763758769469358e-11,2153.3203125
2025.07.09_0.3_1,index=8.275174,39,39.0,1,275174.6640882674,275174.6640882674_src-index=8.275174_chunk-0039.npy,442169.29243200656,0.6223287523535608,welch_hann_2048_overlap_1024_fs_44100,digital_amplitude_squared_per_hz,1.230695013012046e-10,947.4609375,2.7902259746203593e-11,1356.591796875,3.395768242789805e-11,2153.3203125
2025.07.09_0.3_1,index=8.275174,40,40.0,1,275174.6640882674,275174.6640882674_src-index=8.275174_chunk-0040.npy,442169.29243200656,0.6223287523535608,welch_hann_2048_overlap_1024_fs_44100,digital_amplitude_squared_per_hz,1.1312968698294478e-10,947.4609375,2.801446323450365e-11,1270.458984375,2.9666732291372955e-11,2153.3203125
2025.07.09_0.3_1,index=8.275174,41,41.0,1,275174.6640882674,275174.6640882674_src-index=8.275174_chunk-0041.npy,442169.29243200656,0.6223287523535608,welch_hann_2048_overlap_1024_fs_44100,digital_amplitude_squared_per_hz,1.0835111367989537e-10,947.4609375,2.930690725767013e-11,1356.591796875,3.0399402361044476e-11,2153.3203125
2025.07.09_0.3_1,index=8.275174,42,42.0,1,275174.6640882674,275174.6640882674_src-index=8.275174_chunk-0042.npy,442169.29243200656,0.6223287523535608,welch_hann_2048_overlap_1024_fs_44100,digital_amplitude_squared_per_hz,1.1469951466004814e-10,947.4609375,2.6789182903586114e-11,1270.458984375,3.239891641352809e-11,2153.3203125
2025.07.09_0.3_1,index=8.275174,43,43.0,1,275174.6640882674,275174.6640882674_src-index=8.275174_chunk-0043.npy,442169.29243200656,0.6223287523535608,welch_hann_2048_overlap_1024_fs_44100,digital_amplitude_squared_per_hz,1.0771802280839634e-10,947.4609375,3.414632694409573e-11,1356.591796875,3.463117413461658e-11,2153.3203125
2025.07.09_0.3_1,index=8.275174,44,44.0,1,275174.6640882674,275174.6640882674_src-index=8.275174_chunk-0044.npy,442169.29243200656,0.6223287523535608,welch_hann_2048_overlap_1024_fs_44100,digital_amplitude_squared_per_hz,1.0630283351104207e-10,947.4609375,3.124708192997512e-11,1356.591796875,2.8262744519913403e-11,2153.3203125
2025.07.09_0.3_1,index=8.275174,45,45.0,1,275174.6640882674,275174.6640882674_src-index=8.275174_chunk-0045.npy,442169.29243200656,0.6223287523535608,welch_hann_2048_overlap_1024_fs_44100,digital_amplitude_squared_per_hz,9.92859928354089e-11,947.4609375,2.7259840590870436e-11,1356.591796875,3.16139222530547e-11,2153.3203125
2025.07.09_0.3_1,index=8.275174,46,46.0,1,275174.6640882674,275174.6640882674_src-index=8.275174_chunk-0046.npy,442169.29243200656,0.6223287523535608,welch_hann_2048_overlap_1024_fs_44100,digital_amplitude_squared_per_hz,9.729678859896794e-11,947.4609375,2.359840187195681e-11,1270.458984375,3.456423547775527e-11,2153.3203125
2025.07.09_0.3_1,index=8.275174,47,47.0,1,275174.6640882674,275174.6640882674_src-index=8.275174_chunk-0047.npy,442169.29243200656,0.6223287523535608,welch_hann_2048_overlap_1024_fs_44100,digital_amplitude_squared_per_hz,1.0757747461178634e-10,947.4609375,3.103759452900267e-11,1356.591796875,2.878473587251865e-11,2153.3203125
2025.07.09_0.3_1,index=8.275174,48,48.0,1,275174.6640882674,275174.6640882674_src-index=8.275174_chunk-0048.npy,442169.29243200656,0.6223287523535608,welch_hann_2048_overlap_1024_fs_44100,digital_amplitude_squared_per_hz,1.2710565478471678e-10,947.4609375,2.968861831251862e-11,1270.458984375,3.2401772961544414e-11,2153.3203125
2025.07.09_0.3_1,index=8.275174,49,49.0,1,275174.6640882674,275174.6640882674_src-index=8.275174_chunk-0049.npy,442169.29243200656,0.6223287523535608,welch_hann_2048_overlap_1024_fs_44100,digital_amplitude_squared_per_hz,1.0662799361980422e-10,947.4609375,2.6120581284562695e-11,1356.591796875,4.1833723212270445e-11,2153.3203125
2025.07.09_0.3_1,index=8.275174,50,50.0,1,275174.6640882674,275174.6640882674_src-index=8.275174_chunk-0050.npy,442169.29243200656,0.6223287523535608,welch_hann_2048_overlap_1024_fs_44100,digital_amplitude_squared_per_hz,1.1202102836747941e-10,947.4609375,2.984485375595425e-11,1270.458984375,3.085176730631259e-11,2153.3203125
2025.07.09_0.3_1,index=8.275174,51,51.0,1,275174.6640882674,275174.6640882674_src-index=8.275174_chunk-0051.npy,442169.29243200656,0.6223287523535608,welch_hann_2048_overlap_1024_fs_44100,digital_amplitude_squared_per_hz,1.04872135824712e-10,947.4609375,2.4569253175288697e-11,1356.591796875,3.732179555987772e-11,2153.3203125
2025.07.09_0.3_1,index=8.275174,52,52.0,1,275174.6640882674,275174.6640882674_src-index=8.275174_chunk-0052.npy,442169.29243200656,0.6223287523535608,welch_hann_2048_overlap_1024_fs_44100,digital_amplitude_squared_per_hz,1.1408332777767616e-10,947.4609375,2.7259599001257915e-11,1270.458984375,3.9702954158801884e-11,2153.3203125
2025.07.09_0.3_1,index=8.275174,53,53.0,1,275174.6640882674,275174.6640882674_src-index=8.275174_chunk-0053.npy,442169.29243200656,0.6223287523535608,welch_hann_2048_overlap_1024_fs_44100,digital_amplitude_squared_per_hz,1.0420550929644582e-10,947.4609375,2.57173455931595e-11,1270.458984375,4.0470733437193155e-11,2153.3203125
2025.07.09_0.3_1,index=8.275174,54,54.0,1,275174.6640882674,275174.6640882674_src-index=8.275174_chunk-0054.npy,442169.29243200656,0.6223287523535608,welch_hann_2048_overlap_1024_fs_44100,digital_amplitude_squared_per_hz,9.81510777885725e-11,947.4609375,2.4116765591574145e-11,1356.591796875,3.887477533512473e-11,2153.3203125
2025.07.09_0.3_1,index=8.275174,55,55.0,1,275174.6640882674,275174.6640882674_src-index=8.275174_chunk-0055.npy,442169.29243200656,0.6223287523535608,welch_hann_2048_overlap_1024_fs_44100,digital_amplitude_squared_per_hz,1.126864089108193e-10,947.4609375,2.5047329880743067e-11,1270.458984375,3.8699304303758084e-11,2153.3203125
2025.07.09_0.3_1,index=8.275174,56,56.0,1,275174.6640882674,275174.6640882674_src-index=8.275174_chunk-0056.npy,442169.29243200656,0.6223287523535608,welch_hann_2048_overlap_1024_fs_44100,digital_amplitude_squared_per_hz,1.1263848284886243e-10,947.4609375,2.2230173716613487e-11,1356.591796875,4.2613276831251866e-11,2153.3203125
2025.07.09_0.3_1,index=8.275174,57,57.0,1,275174.6640882674,275174.6640882674_src-index=8.275174_chunk-0057.npy,442169.29243200656,0.6223287523535608,welch_hann_2048_overlap_1024_fs_44100,digital_amplitude_squared_per_hz,1.0646927168857264e-10,947.4609375,2.7966340064570554e-11,1270.458984375,3.271238170192726e-11,2153.3203125
2025.07.09_0.3_1,index=8.275174,58,58.0,1,275174.6640882674,275174.6640882674_src-index=8.275174_chunk-0058.npy,442169.29243200656,0.6223287523535608,welch_hann_2048_overlap_1024_fs_44100,digital_amplitude_squared_per_hz,1.062268249751483e-10,947.4609375,2.6297905548055683e-11,1270.458984375,3.998365246847033e-11,2153.3203125
2025.07.09_0.3_1,index=8.275174,59,59.0,1,275174.6640882674,275174.6640882674_src-index=8.275174_chunk-0059.npy,442169.29243200656,0.6223287523535608,welch_hann_2048_overlap_1024_fs_44100,digital_amplitude_squared_per_hz,1.0947745787110771e-10,947.4609375,1.6473968369831087e-11,1270.458984375,3.022767631256023e-11,2153.3203125
