fold,model_key,model_label,source_day,threshold_basis,heat_flux_unit,n_source_wavs,n,n_pre_onb,n_post_onb,n_onb,r2,r2_high,tp,fp,tn,fn,accuracy,precision,recall,f1,fpr,roc_auc_cont,pr_auc_cont,rmse_all_kW_m2,mae_all_kW_m2,rmse_pre_onb_kW_m2,rmse_onb_kW_m2,mae_onb_kW_m2,rmse_high_kW_m2,mae_high_kW_m2,bias_all_kW_m2,bias_pre_onb_kW_m2,bias_onb_kW_m2,bias_high_kW_m2,q100_kW_m2,g100_kW_m2,onb_threshold_kW_m2,noise,intervention
1,randomforest,randomforest,pooled_source_day_thresholds,source-day,kW/m2,36,540,225,315,30,0.9295640719554463,0.8909474164860591,270,1,224,45,0.9148148148148149,0.996309963099631,0.8571428571428571,0.9215017064846417,0.0044444444444444444,0.9539329805996474,0.9688287863568065,71.71115971288111,55.68123075492703,79.46832089661645,113.59145160254516,106.18264512416665,65.61120875250998,44.67075056031746,-2.93702019035075,24.907643032047098,-99.00932350416662,-22.826065349206353,,,,clean,unchanged
1,randomforest,randomforest,2025.06.11_0.3_2,source-day,kW/m2,18,270,105,165,15,0.9456703617127686,0.9294862348398476,144,0,105,21,0.9222222222222223,1.0,0.8727272727272727,0.9320388349514563,0.0,0.956940836940837,0.9712397282145181,62.47896953208333,48.03839501834924,74.12618386062155,107.94935919817097,107.68120915833332,53.76916273382937,36.92125048893939,7.4788174096455355,32.370967042659956,-107.68120915833332,-8.361641447727278,368.97810499999997,147.47299479999998,221.5051102,clean,unchanged
1,randomforest,randomforest,2025.06.18_0.3_3,source-day,kW/m2,18,270,120,150,15,0.9139432800076293,0.8418717593559172,126,1,119,24,0.9074074074074074,0.9921259842519685,0.84,0.9097472924187726,0.008333333333333333,0.9540555555555555,0.9684315691209469,79.88341017346275,63.32406649150481,83.86400632552638,118.96626245726551,104.68408109,76.55004475583735,53.19520063883334,-13.352857790347038,18.377234522760837,-90.33743785000001,-38.73693164083334,434.0180833,162.3404017,271.6776816,clean,unchanged
1,conformer,conformer,pooled_source_day_thresholds,source-day,kW/m2,36,540,225,315,30,0.9828914020011942,0.9626178599440834,280,1,224,35,0.9333333333333333,0.99644128113879,0.8888888888888888,0.9395973154362416,0.0044444444444444444,0.9914074074074075,0.9942111520632958,35.34246497732889,26.785065783840874,30.527057363342546,38.713036020744866,29.893584305000005,38.41423064393975,28.812080411666667,-7.816756493358797,-1.9132608312833272,-20.410776108333334,-12.033539109126988,,,,clean,unchanged
1,conformer,conformer,2025.06.11_0.3_2,source-day,kW/m2,18,270,105,165,15,0.9773418620075213,0.9581105152482651,145,0,105,20,0.9259259259259259,1.0,0.8787878787878788,0.9354838709677419,0.0,0.9954401154401155,0.9973388891592635,40.348515422749934,30.815966972742622,38.56628562770112,42.366296313292956,32.36948256666667,41.442775259096756,30.17564128651515,-6.846934968012886,3.7942841429668714,-26.242560199999996,-13.618619856818185,368.97810499999997,147.47299479999998,221.5051102,clean,unchanged
1,conformer,conformer,2025.06.18_0.3_3,source-day,kW/m2,18,270,120,150,15,0.9882651057889972,0.9673587618581746,135,1,119,15,0.9407407407407408,0.9926470588235294,0.9,0.9440559440559441,0.008333333333333333,0.9975,0.9980772077457977,29.498762084662967,22.75416459493913,21.11578129962905,34.67701331691123,27.41768604333334,34.779556642294594,27.312163449333337,-8.786578018704708,-6.9073626837522495,-14.578992016666678,-10.289950286666672,376.3201201,104.64243849999998,271.6776816,clean,unchanged
1,alexnet,alexnet,pooled_source_day_thresholds,source-day,kW/m2,36,540,225,315,30,0.9782206864435049,0.9425066606761285,276,1,224,39,0.9259259259259259,0.9963898916967509,0.8761904761904762,0.9324324324324325,0.0044444444444444444,0.9903492063492064,0.9936537057430839,39.87601210362235,29.61084138365902,25.27600835005899,36.853026897058136,33.33274147833334,47.63967899750553,37.64037316305556,-17.438830338801818,1.0257249604867607,-30.72569694166667,-30.627798409722224,,,,clean,unchanged
1,alexnet,alexnet,2025.06.11_0.3_2,source-day,kW/m2,18,270,105,165,15,0.9743357324090653,0.9429754420148855,142,0,105,23,0.9148148148148149,1.0,0.8606060606060606,0.9250814332247557,0.0,0.9942279942279942,0.9966022266481617,42.9417647812097,32.87437066548857,32.674404504674015,42.53697890633122,39.550938325,48.35342984666502,38.26111863356061,-15.994607560967172,4.233936537870145,-39.550938325,-28.867317442045465,368.97810499999997,147.47299479999998,221.5051102,clean,unchanged
1,alexnet,alexnet,2025.06.18_0.3_3,source-day,kW/m2,18,270,120,150,15,0.9819805198459548,0.9407907886843325,134,1,119,16,0.937037037037037,0.9925925925925926,0.8933333333333333,0.9403508771929825,0.008333333333333333,0.9985555555555556,0.9988195056032696,36.55403561922722,26.347312101829477,16.239735233133988,30.114724114175672,27.114544631666675,46.84199329383073,36.95755314550001,-18.88305311663646,-1.7814601697237016,-21.900455558333345,-32.564327474166674,376.3201201,104.64243849999998,271.6776816,clean,unchanged
1,hgb,hgb,pooled_source_day_thresholds,source-day,kW/m2,36,540,225,315,30,0.9848539622979829,0.9784654716821816,294,0,225,21,0.9611111111111111,1.0,0.9333333333333333,0.9655172413793104,0.0,0.992352733686067,0.9953103907903438,33.25363627332946,19.930903640376965,38.26003408530527,26.146666466603097,16.49409465206665,29.15598655445055,18.098006003150033,1.9871813602467483,8.799397352159485,-1.0924107254537434,-2.8786872054052073,,,,clean,unchanged
1,hgb,hgb,2025.06.11_0.3_2,source-day,kW/m2,18,270,105,165,15,0.9795349290368511,0.975552006762471,150,0,105,15,0.9444444444444444,1.0,0.9090909090909091,0.9523809523809523,0.0,0.9923809523809524,0.9960367605447762,38.34617754436013,23.085375425955668,46.96725297047723,29.168304398593918,16.327746955708456,31.660511710668267,17.123909644473773,1.9861626193139517,9.607872429152083,-12.874297660446095,-2.8640163505830416,368.97810499999997,147.47299479999998,221.5051102,clean,unchanged
1,hgb,hgb,2025.06.18_0.3_3,source-day,kW/m2,18,270,120,150,15,0.9900047217417387,0.981582269111294,144,0,120,6,0.9777777777777777,1.0,0.96,0.9795918367346939,0.0,0.9996666666666666,0.9997326970090356,27.224608693867335,16.77643185479826,28.539431410728042,22.726776127346795,16.66044234842485,26.125149897434735,19.16951199769392,1.988200101179546,8.091981659790964,10.689476209538608,-2.89482514570959,376.3201201,104.64243849999998,271.6776816,clean,unchanged
1,extra_trees,extra_trees,pooled_source_day_thresholds,source-day,kW/m2,36,540,225,315,30,0.9889555914843027,0.9840630337177396,296,2,223,19,0.9611111111111111,0.9932885906040269,0.9396825396825397,0.965742251223491,0.008888888888888889,0.9940176366843033,0.9960450870487416,28.39624120212231,17.401969457418005,32.47274686657812,9.7300667570891,5.974117884660442,25.08204174761869,14.641361266128813,0.8004328950307037,6.5204200993157695,2.3455670174926304,-3.2852722508872003,,,,clean,unchanged
1,extra_trees,extra_trees,2025.06.11_0.3_2,source-day,kW/m2,18,270,105,165,15,0.9838318299436707,0.9828382134000423,151,0,105,14,0.9481481481481482,1.0,0.9151515151515152,0.9556962025316456,0.0,0.9969408369408369,0.9983987755539478,34.083633404946006,20.913728092852622,43.37604810519686,4.646326961849588,2.606504096245273,26.52635455357053,12.771756914629211,1.2126232295194328,7.080618730056584,-1.5675831082375953,-2.521555725367845,368.97810499999997,147.47299479999998,221.5051102,clean,unchanged
1,extra_trees,extra_trees,2025.06.18_0.3_3,source-day,kW/m2,18,270,120,150,15,0.9939179898656061,0.9852361990289034,145,2,118,5,0.9740740740740741,0.9863945578231292,0.9666666666666667,0.9764309764309764,0.016666666666666666,0.9991111111111111,0.9992815348716644,21.236736160141604,13.890210821983388,18.18934609648744,12.95222158389866,9.341731673075612,23.390516962854772,16.69792605277837,0.38824256054197387,6.0302462974175555,6.258717143222856,-4.1253604289584915,322.1142428,50.4365612,271.6776816,clean,unchanged
1,ensemble__original3_hgb_extra_trees,ensemble__original3_hgb_extra_trees,pooled_source_day_thresholds,source-day,kW/m2,36,540,225,315,30,0.989415066207915,0.9822280873939321,288,1,224,27,0.9481481481481482,0.9965397923875432,0.9142857142857143,0.9536423841059603,0.0044444444444444444,0.9939188712522046,0.9960095050687454,27.79928963314355,18.550704611580205,29.53914398494949,16.44810598472847,11.718082659029637,26.486656782158235,17.819082434238858,-1.5083394086367792,5.592810183448222,-6.018095027814454,-6.580589117268923,,,,clean,unchanged
1,ensemble__original3_hgb_extra_trees,ensemble__original3_hgb_extra_trees,2025.06.11_0.3_2,source-day,kW/m2,18,270,105,165,15,0.9851456594263114,0.9807530317899799,148,0,105,17,0.937037037037037,1.0,0.896969696969697,0.9456869009584664,0.0,0.9967676767676767,0.9982606457367047,32.66947382541632,21.951861643069943,38.78649080684803,18.175065846345667,13.022304953918042,28.091665339100413,16.655004500492595,-0.9041458651390925,7.390516394697311,-12.767224510433,-6.182567303216803,368.97810499999997,147.47299479999998,221.5051102,clean,unchanged
1,ensemble__original3_hgb_extra_trees,ensemble__original3_hgb_extra_trees,2025.06.18_0.3_3,source-day,kW/m2,18,270,120,150,15,0.9935497303788804,0.9836692436740906,140,1,119,10,0.9592592592592593,0.9929078014184397,0.9333333333333333,0.9621993127147767,0.008333333333333333,0.9993888888888889,0.9995011931973607,21.870219207526084,15.14954758009046,17.880409414655876,14.517140298651114,10.413860364141238,24.6004968662193,19.099568161359752,-2.1125329521344662,4.019817248605271,0.7310344548040923,-7.018413112726257,376.3201201,104.64243849999998,271.6776816,clean,unchanged
1,ensemble__original3_mse,ensemble__original3_mse,pooled_source_day_thresholds,source-day,kW/m2,36,540,225,315,30,0.9841027270128706,0.9628864939601186,273,1,224,42,0.9203703703703704,0.9963503649635036,0.8666666666666667,0.9269949066213922,0.0044444444444444444,0.9925643738977072,0.9949664771478778,34.068337534473685,25.946482866597677,27.10157783545819,39.58372441155756,32.78466225337917,38.27595638909059,29.55078366457313,-9.728043024355411,0.32622000507712523,-27.36217536678757,-16.909659473950082,,,,clean,unchanged
1,ensemble__original3_mse,ensemble__original3_mse,2025.06.11_0.3_2,source-day,kW/m2,18,270,105,165,15,0.979789532449503,0.9608461119671134,143,0,105,22,0.9185185185185185,1.0,0.8666666666666667,0.9285714285714286,0.0,0.9968253968253968,0.9981481610963409,38.106900990461014,29.539780185206112,34.804937053856584,42.77467169587941,34.994327216566205,40.06671794131966,30.01968386154899,-8.097500847644728,5.565863013071404,-34.04344116400288,-16.79236875900954,368.97810499999997,147.47299479999998,221.5051102,clean,unchanged
1,ensemble__original3_mse,ensemble__original3_mse,2025.06.18_0.3_3,source-day,kW/m2,18,270,120,150,15,0.9882787212010249,0.9646303619480746,130,1,119,20,0.9222222222222223,0.9923664122137404,0.8666666666666667,0.9252669039145908,0.008333333333333333,0.9978888888888889,0.9983222292046561,29.48164414731409,22.35318554798925,17.81062644290812,36.11190853292038,30.57499729019212,36.2039567381922,29.034993447899687,-11.358585201066095,-4.258467626917869,-20.68090956957226,-17.038679260384676,434.0180833,162.3404017,271.6776816,clean,unchanged
1,ensemble__original3_performance,ensemble__original3_performance,pooled_source_day_thresholds,source-day,kW/m2,36,540,225,315,30,0.9826203896447829,0.9601087869460294,271,1,224,44,0.9166666666666666,0.9963235294117647,0.8603174603174604,0.9233390119250426,0.0044444444444444444,0.9930017636684303,0.9952435944626989,35.621290005935194,27.407486072742298,28.995266636694282,46.46439274224869,41.4141974287857,39.68246857164703,30.766087355449237,-9.67590105479923,3.450227941330406,-36.60358618366247,-19.05170748060611,,,,clean,unchanged
1,ensemble__original3_performance,ensemble__original3_performance,2025.06.11_0.3_2,source-day,kW/m2,18,270,105,165,15,0.9793989754316017,0.9615772041419033,143,0,105,22,0.9185185185185185,1.0,0.8666666666666667,0.9285714285714286,0.0,0.9972871572871573,0.9984185466645277,38.473337413023934,30.12550656668275,36.4780304518977,48.59496225650977,43.75198626703751,39.69088687594299,29.815488140771002,-6.973616112864271,8.757567196757645,-43.75198626703751,-16.984369128078214,368.97810499999997,147.47299479999998,221.5051102,clean,unchanged
1,ensemble__original3_performance,ensemble__original3_performance,2025.06.18_0.3_3,source-day,kW/m2,18,270,120,150,15,0.9857381940492991,0.9575269798318992,128,1,119,22,0.9148148148148149,0.9922480620155039,0.8533333333333334,0.9175627240143369,0.008333333333333333,0.9976111111111111,0.998064661990089,32.5200693676611,24.68946557880185,20.298877341025285,44.23131502793306,39.076408590533866,39.673206373756706,31.811746491595283,-12.378185996734189,-1.1936939071684276,-29.455186100287438,-21.325779668386797,434.0180833,162.3404017,271.6776816,clean,unchanged
1,ensemble__original3_hgb,ensemble__original3_hgb,pooled_source_day_thresholds,source-day,kW/m2,36,540,225,315,30,0.9879657876288719,0.9788370654726464,291,0,225,24,0.9555555555555556,1.0,0.9238095238095239,0.9603960396039604,0.0,0.9931569664902999,0.9956043582792238,29.64138287021337,19.938535914373485,30.64479810467277,24.912303563530028,16.710820836831953,28.903338134256504,20.07908758645807,-2.18109635193316,5.7846402183898755,-10.439194949459209,-7.870908187878185,,,,clean,unchanged
1,ensemble__original3_hgb,ensemble__original3_hgb,2025.06.11_0.3_2,source-day,kW/m2,18,270,105,165,15,0.9837727056831177,0.9766061756007618,149,0,105,16,0.9407407407407408,1.0,0.9030303030303031,0.9490445859872612,0.0,0.995036075036075,0.9973140144322965,34.14589557476046,23.134902120167897,38.611861737429265,30.028699664924854,21.483448135738968,30.97040853787479,19.521435443988643,-1.6016055963499785,8.16972517662359,-20.406280502173832,-7.819725179151341,368.97810499999997,147.47299479999998,221.5051102,clean,unchanged
1,ensemble__original3_hgb,ensemble__original3_hgb,2025.06.18_0.3_3,source-day,kW/m2,18,270,120,150,15,0.9920261970358417,0.981130546313589,142,0,120,8,0.9703703703703703,1.0,0.9466666666666667,0.9726027397260274,0.0,0.9993888888888889,0.9995093207258737,24.316269703939202,16.742169708579077,21.361249072004945,18.426148108508297,11.938193537924937,26.44358864892386,20.692504943174445,-2.760587107516341,3.6976908799353754,-0.4721093967445913,-7.9272094974777145,376.3201201,104.64243849999998,271.6776816,clean,unchanged
1,ensemble__original3_extra_trees,ensemble__original3_extra_trees,pooled_source_day_thresholds,source-day,kW/m2,36,540,225,315,30,0.9897566195748249,0.9829692195911619,289,1,224,26,0.95,0.996551724137931,0.9174603174603174,0.9553719008264463,0.0044444444444444444,0.9943844797178131,0.9962199810699875,27.347099858148827,18.39304089392832,29.21765882931143,13.37118687931628,10.643522858448614,25.928496486873183,17.418270608453007,-1.831686084815827,4.971870075756107,-5.081368578577416,-6.691369056652924,,,,clean,unchanged
1,ensemble__original3_extra_trees,ensemble__original3_extra_trees,2025.06.11_0.3_2,source-day,kW/m2,18,270,105,165,15,0.9853572769778501,0.9818751086646504,148,0,105,17,0.937037037037037,1.0,0.896969696969697,0.9456869009584664,0.0,0.9976911976911977,0.998707517949157,32.435931532106736,21.994186825871488,39.21210164917271,12.926024647114874,10.04966009101422,27.260513181629783,16.108647260233777,-1.1149077897716078,6.701929800810289,-9.68654762217891,-6.089258983778269,368.97810499999997,147.47299479999998,221.5051102,clean,unchanged
1,ensemble__original3_extra_trees,ensemble__original3_extra_trees,2025.06.18_0.3_3,source-day,kW/m2,18,270,120,150,15,0.9940172559944419,0.9839615163994369,141,1,119,9,0.9629629629629629,0.9929577464788732,0.94,0.9657534246575342,0.008333333333333333,0.9991666666666666,0.9993240122317372,21.062717938281637,14.791894961985152,15.976355192029994,13.801998548955815,11.237385625883013,24.379364559565058,18.85885629149416,-2.5484643798600466,3.458067816333699,-0.4761895349759221,-7.353690136815043,322.1142428,50.4365612,271.6776816,clean,unchanged
1,ensemble__simple_equal,ensemble__simple_equal,pooled_source_day_thresholds,source-day,kW/m2,36,540,225,315,30,0.9852861726126546,0.971287225706815,272,1,224,43,0.9185185185185185,0.9963369963369964,0.8634920634920635,0.9251700680272109,0.0044444444444444444,0.9936507936507937,0.9956732497471212,32.77573607710634,25.189918587308355,31.48639721059372,37.01651565562821,34.087176195136855,33.66647433328707,25.13582437165478,-5.080998553446764,7.867984922545162,-29.778528052425546,-14.330272464869568,,,,clean,unchanged
1,ensemble__simple_equal,ensemble__simple_equal,2025.06.11_0.3_2,source-day,kW/m2,18,270,105,165,15,0.9825346291004096,0.9734571934454725,144,0,105,21,0.9222222222222223,1.0,0.8727272727272727,0.9320388349514563,0.0,0.9980375180375181,0.9988663045318376,35.42455127498937,26.85621208711702,38.94525655229393,39.65406305261442,37.583317690403405,32.98904492975366,22.9116699389182,-2.43278785410021,11.417535776541131,-37.583317690403405,-11.246630164508337,368.97810499999997,147.47299479999998,221.5051102,clean,unchanged
1,ensemble__simple_equal,ensemble__simple_equal,2025.06.18_0.3_3,source-day,kW/m2,18,270,120,150,15,0.9879492457345741,0.9680742955703789,128,1,119,22,0.9148148148148149,0.9922480620155039,0.8533333333333334,0.9175627240143369,0.008333333333333333,0.9983333333333334,0.9985913043269726,29.8931249246028,23.523625087499695,23.059073821603583,34.176017117066415,30.591034699870313,34.39624025320363,27.582394247665015,-7.729209252793319,4.762127925298687,-21.9737384144477,-17.722278995266922,434.0180833,162.3404017,271.6776816,clean,unchanged
1,randomforest,randomforest,pooled_source_day_thresholds,source-day,kW/m2,36,540,225,315,30,0.7187239178453981,0.2250007245464246,266,1,224,49,0.9074074074074074,0.9962546816479401,0.8444444444444444,0.9140893470790378,0.0044444444444444444,0.9626807760141094,0.968070598146701,143.3032458981913,116.92928523418631,80.34819794987213,123.02264115715884,119.16049889749996,174.90841638270118,148.87757870269843,-74.83961810701742,24.636982059824877,-116.40692558749996,-145.8943325119048,,,,clean,band_2100_2500_x0p1
1,randomforest,randomforest,2025.06.11_0.3_2,source-day,kW/m2,18,270,105,165,15,0.7360136463829492,0.3292400603934241,144,0,105,21,0.9222222222222223,1.0,0.8727272727272727,0.9320388349514563,0.0,0.9675036075036074,0.9752608270187882,137.72290980952081,109.9117770454789,74.54427736484237,107.94935919817097,107.68120915833332,165.83640705123705,137.67616137681816,-69.08395024081744,30.54080677480281,-107.68120915833332,-132.48152288712126,368.97810499999997,147.47299479999998,221.5051102,clean,band_2100_2500_x0p1
1,randomforest,randomforest,2025.06.18_0.3_3,source-day,kW/m2,18,270,120,150,15,0.7019128411454023,0.08269850212712915,122,1,119,28,0.8925925925925926,0.991869918699187,0.8133333333333334,0.8937728937728938,0.008333333333333333,0.9580833333333334,0.9570721275955276,148.6742771413857,123.9467934228937,85.10254747358601,136.44074290061016,130.63978863666668,184.3727701183915,161.1991377611667,-80.59528597321741,19.47113543421917,-125.13264201666668,-160.6484230991667,434.0180833,162.3404017,271.6776816,clean,band_2100_2500_x0p1
1,conformer,conformer,pooled_source_day_thresholds,source-day,kW/m2,36,540,225,315,30,0.9240630462142219,0.8539318449586857,253,0,225,62,0.8851851851851852,1.0,0.8031746031746032,0.8908450704225352,0.0,0.9898412698412699,0.9934324137941852,74.45883058510107,60.140361569415994,72.3426764686917,116.97031081643928,105.44404642624997,75.93427160750876,58.775977705059525,-53.48264629666947,-50.6311315849234,-104.62319147291662,-55.51944251934524,,,,clean,band_2100_2500_x0p1
1,conformer,conformer,2025.06.11_0.3_2,source-day,kW/m2,18,270,105,165,15,0.952110689019637,0.8937165469599794,132,0,105,33,0.8777777777777778,1.0,0.8,0.8888888888888888,0.0,0.9863203463203463,0.9925909276086712,58.659012233301425,45.36415690246355,44.72300113570645,78.97204363714229,76.41590707499999,66.01295126183271,51.238159788446964,-33.82198101067419,-11.6635079503646,-76.41590707499999,-47.92282750359849,368.97810499999997,147.47299479999998,221.5051102,clean,band_2100_2500_x0p1
1,conformer,conformer,2025.06.18_0.3_3,source-day,kW/m2,18,270,120,150,15,0.8968705127996084,0.8026024991277582,121,0,120,29,0.8925925925925926,1.0,0.8066666666666666,0.8929889298892989,0.0,0.9944999999999999,0.9957736158781927,87.44915773187846,74.91656623636844,89.79206170767283,145.35309954989646,134.47218577750002,85.52863767098893,67.06757741333335,-73.14331158266474,-84.72780226516234,-132.83047587083337,-63.87571903666667,434.0180833,162.3404017,271.6776816,clean,band_2100_2500_x0p1
1,alexnet,alexnet,pooled_source_day_thresholds,source-day,kW/m2,36,540,225,315,30,0.9198475054477815,0.8460268471781981,263,0,225,52,0.9037037037037037,1.0,0.834920634920635,0.9100346020761245,0.0,0.9781022927689594,0.9866166583879581,76.49765936442935,65.83551751008908,74.39928638607739,74.3124614954166,58.56637131083334,77.96192622505585,66.88286411805555,-20.072310916623906,43.573987893158204,-56.681784962500004,-65.53395292361111,,,,clean,band_2100_2500_x0p1
1,alexnet,alexnet,2025.06.11_0.3_2,source-day,kW/m2,18,270,105,165,15,0.9265198921953657,0.9007784683824602,142,0,105,23,0.9148148148148149,1.0,0.8606060606060606,0.9250814332247557,0.0,0.9793939393939394,0.989622278005529,72.66082819459741,60.67327529115019,84.75419171228165,19.49095741113022,17.654176646666663,63.78216912488594,53.11749444113637,-3.533508443942428,70.47269260069567,-13.885003949999994,-50.628363654166684,368.97810499999997,147.47299479999998,221.5051102,clean,band_2100_2500_x0p1
1,alexnet,alexnet,2025.06.18_0.3_3,source-day,kW/m2,18,270,120,150,15,0.9133657088588402,0.7763247246364253,121,0,120,29,0.8925925925925926,1.0,0.8066666666666666,0.8929889298892989,0.0,0.9817777777777777,0.9865286281342374,80.1510313255402,70.99775972902796,63.97841054971988,103.27045291956969,99.47856597500001,91.0436624230984,82.02477076266668,-36.61111338930537,20.03762127406292,-99.47856597500001,-81.93010112000003,434.0180833,162.3404017,271.6776816,clean,band_2100_2500_x0p1
1,hgb,hgb,pooled_source_day_thresholds,source-day,kW/m2,36,540,225,315,30,0.7000992020720728,0.12289680983294693,215,0,225,100,0.8148148148148148,1.0,0.6825396825396826,0.8113207547169812,0.0,0.8734391534391535,0.9317939305021943,147.97162256607825,113.29949397599462,63.84794616341415,138.64062627717587,99.59773158602138,186.07387621649627,160.74983293252984,-94.5993576649615,-2.8961180942240974,-97.41685486709709,-160.10167164405962,,,,clean,band_2100_2500_x0p1
1,hgb,hgb,2025.06.11_0.3_2,source-day,kW/m2,18,270,105,165,15,0.7498179832536598,0.34065597676035286,117,0,105,48,0.8222222222222222,1.0,0.7090909090909091,0.8297872340425532,0.0,0.8632034632034632,0.9374176394873139,134.07366948766253,103.66624310948569,61.17108187086426,10.941276943279638,8.958000656451821,164.41913472397903,137.10763178605526,-76.52222163722708,16.85354263081485,-4.596247218603253,-135.943162535072,427.27619500000003,205.7710848,221.5051102,clean,band_2100_2500_x0p1
1,hgb,hgb,2025.06.18_0.3_3,source-day,kW/m2,18,270,120,150,15,0.6518620624699215,-0.15959732767279444,98,0,120,52,0.8074074074074075,1.0,0.6533333333333333,0.7903225806451613,0.0,0.8891666666666667,0.927645687419266,160.6718809244134,122.93274484250355,66.10133757962998,195.76193442011538,190.23746251559092,207.29762784886614,186.75625419365198,-112.67649369269589,-20.177071228633178,-190.23746251559092,-186.67603166394605,562.1587854,290.4811038,271.6776816,clean,band_2100_2500_x0p1
1,extra_trees,extra_trees,pooled_source_day_thresholds,source-day,kW/m2,36,540,225,315,30,0.7571618592219092,0.2989651968203405,214,0,225,101,0.812962962962963,1.0,0.6793650793650794,0.8090737240075614,0.0,0.9540035273368608,0.975645868631626,133.1521167741211,109.59594346905489,61.71109027905541,128.84514406970072,101.09555706931891,166.35269807593468,152.11929132301793,-91.13568153732257,-5.75862783734908,-101.09555706931891,-152.11929132301793,,,,clean,band_2100_2500_x0p1
1,extra_trees,extra_trees,2025.06.11_0.3_2,source-day,kW/m2,18,270,105,165,15,0.808899426439756,0.5058740197535401,116,0,105,49,0.8185185185185185,1.0,0.703030303030303,0.8256227758007118,0.0,0.9850505050505051,0.9910236324427181,117.17809858184128,98.9613864074048,58.91567406430459,29.47443243428828,28.352537170545506,142.33613404940857,128.40221498785203,-70.66233704751052,20.07175685874046,-28.352537170545506,-128.40221498785203,427.27619500000003,205.7710848,221.5051102,clean,band_2100_2500_x0p1
1,extra_trees,extra_trees,2025.06.18_0.3_3,source-day,kW/m2,18,270,120,150,15,0.7069804088343046,0.03318386032780973,98,0,120,52,0.8074074074074075,1.0,0.6533333333333333,0.7903225806451613,0.0,0.9361666666666666,0.9606196584574378,147.4051071557653,120.23050053070496,64.05708723307505,179.8149052035466,173.83857696809233,189.2834640644981,178.2080752917004,-111.60902602713462,-28.360214446427424,-173.83857696809233,-178.2080752917004,496.0233525,224.34567089999996,271.6776816,clean,band_2100_2500_x0p1
1,ensemble__original3_hgb_extra_trees,ensemble__original3_hgb_extra_trees,pooled_source_day_thresholds,source-day,kW/m2,36,540,225,315,30,0.8116024178555731,0.46244362907751935,218,0,225,97,0.8203703703703704,1.0,0.692063492063492,0.8180112570356473,0.0,0.9629911816578482,0.9785515429589795,117.28089940498059,95.90787242106683,57.477193725577536,123.58812948611249,98.4112500696411,145.67065269203107,132.03712242524765,-81.07155407192401,-9.719758377270864,-98.4112500696411,-132.03712242524765,,,,clean,band_2100_2500_x0p1
1,ensemble__original3_hgb_extra_trees,ensemble__original3_hgb_extra_trees,2025.06.11_0.3_2,source-day,kW/m2,18,270,105,165,15,0.8527805671135733,0.6217680610359566,115,0,105,50,0.8148148148148148,1.0,0.696969696969697,0.8214285714285714,0.0,0.9780663780663781,0.9872661106122542,102.84851406964407,86.43090844409299,53.20398438424219,31.92211312313529,30.783891398456056,124.53041087275068,111.72770306366714,-61.83573287847347,16.565934555402293,-30.783891398456056,-111.72770306366714,427.27619500000003,205.7710848,221.5051102,clean,band_2100_2500_x0p1
1,ensemble__original3_hgb_extra_trees,ensemble__original3_hgb_extra_trees,2025.06.18_0.3_3,source-day,kW/m2,18,270,120,150,15,0.7716637971219793,0.25783098744097066,103,0,120,47,0.825925925925926,1.0,0.6866666666666666,0.8142292490118577,0.0,0.9460555555555556,0.9654548194678065,130.1222574510164,105.38483639804068,60.97106823937351,171.8401297529363,166.03860874082616,165.84108797782045,154.37748372298628,-100.30737526537455,-32.71973969335988,-166.03860874082616,-154.37748372298628,496.0233525,224.34567089999996,271.6776816,clean,band_2100_2500_x0p1
1,ensemble__original3_mse,ensemble__original3_mse,pooled_source_day_thresholds,source-day,kW/m2,36,540,225,315,30,0.9342598407763141,0.8483357590441785,253,0,225,62,0.8851851851851852,1.0,0.8031746031746032,0.8908450704225352,0.0,0.9898977072310406,0.9935805229537874,69.27954092698317,56.79137002466123,56.01326809215185,105.99521154559956,94.36759022275749,77.37517734189329,64.18669742697423,-47.104258301717124,-24.72287768356376,-94.36759022275749,-63.09095874325524,,,,clean,band_2100_2500_x0p1
1,ensemble__original3_mse,ensemble__original3_mse,2025.06.11_0.3_2,source-day,kW/m2,18,270,105,165,15,0.9527210526706338,0.8942286694999853,134,0,105,31,0.8851851851851852,1.0,0.8121212121212121,0.8963210702341137,0.0,0.9886291486291487,0.9941432540248705,58.28400012702985,47.72656678279556,43.82205728942399,65.86131132229872,63.96892464403526,65.85371884231827,55.217264795748754,-28.96948125502325,9.555862529247982,-63.96892464403526,-53.485609117741305,368.97810499999997,147.47299479999998,221.5051102,clean,band_2100_2500_x0p1
1,ensemble__original3_mse,ensemble__original3_mse,2025.06.18_0.3_3,source-day,kW/m2,18,270,120,150,15,0.9163582118723229,0.7894610141749834,119,0,120,31,0.8851851851851852,1.0,0.7933333333333333,0.8847583643122676,0.0,0.9938333333333333,0.9952932377402353,78.75458660484135,65.85617326652691,64.82638747059934,134.65607083269603,124.76625580147974,88.32974827513321,74.05307332132223,-65.239035348411,-54.71677536977402,-124.76625580147974,-73.65684333132056,434.0180833,162.3404017,271.6776816,clean,band_2100_2500_x0p1
1,ensemble__original3_performance,ensemble__original3_performance,pooled_source_day_thresholds,source-day,kW/m2,36,540,225,315,30,0.9258578591491368,0.8152660512534449,256,0,225,59,0.8907407407407407,1.0,0.8126984126984127,0.8966725043782837,0.0,0.989968253968254,0.993678841778257,73.57363042804629,61.017327577970754,52.74576408320406,103.69667176723686,93.2816780094775,85.39519139084032,74.01595904052581,-47.77477102135515,-11.586996673477366,-93.23780008133832,-73.6231812698393,,,,clean,band_2100_2500_x0p1
1,ensemble__original3_performance,ensemble__original3_performance,2025.06.11_0.3_2,source-day,kW/m2,18,270,105,165,15,0.9415732271612381,0.8688630901786161,136,0,105,29,0.8925925925925926,1.0,0.8242424242424242,0.9036544850498339,0.0,0.9892640692640692,0.9946498200444975,64.7920022135921,54.839787679239826,48.43275317466967,65.55967457409272,64.25824753542582,73.32613502495724,63.74315574168756,-31.34083062883896,18.411312073046144,-64.25824753542582,-63.001285075493115,368.97810499999997,147.47299479999998,221.5051102,clean,band_2100_2500_x0p1
1,ensemble__original3_performance,ensemble__original3_performance,2025.06.18_0.3_3,source-day,kW/m2,18,270,120,150,15,0.9106150855970864,0.7463563003171096,120,0,120,30,0.8888888888888888,1.0,0.8,0.8888888888888888,0.0,0.9934444444444444,0.9949948131703107,81.41347946058656,67.19486747670167,56.249014847224174,131.17899428240474,122.3051084835292,96.95110629155415,85.31604266924792,-64.20871141387136,-37.835516826685435,-122.21735262725085,-85.30726708362009,434.0180833,162.3404017,271.6776816,clean,band_2100_2500_x0p1
1,ensemble__original3_hgb,ensemble__original3_hgb,pooled_source_day_thresholds,source-day,kW/m2,36,540,225,315,30,0.8178951675612841,0.4803173812399165,215,0,225,100,0.8148148148148148,1.0,0.6825396825396826,0.8113207547169812,0.0,0.9523104056437389,0.9711011939585505,115.30558957026315,91.27993030005157,56.469312091961385,123.56609757967013,96.33192627859778,143.22840490083118,125.9089913037406,-77.70059775953568,-10.662080788454059,-96.33192627859778,-125.58525273887975,,,,clean,band_2100_2500_x0p1
1,ensemble__original3_hgb,ensemble__original3_hgb,2025.06.11_0.3_2,source-day,kW/m2,18,270,105,165,15,0.8539338814398527,0.6229565302509947,114,0,105,51,0.8111111111111111,1.0,0.6909090909090909,0.8172043010752689,0.0,0.9547474747474747,0.9745951121008269,102.44486528832674,82.52315802816088,51.90521930451732,27.849570420046916,25.721050286835702,124.33460905360148,107.21871526677698,-59.602953052944756,14.257027504910758,-25.721050286835702,-106.60475886248919,427.27619500000003,205.7710848,221.5051102,clean,band_2100_2500_x0p1
1,ensemble__original3_hgb,ensemble__original3_hgb,2025.06.18_0.3_3,source-day,kW/m2,18,270,120,150,15,0.7829377166711338,0.2963674205059358,101,0,120,49,0.8185185185185185,1.0,0.6733333333333333,0.8047808764940239,0.0,0.9497777777777778,0.9671311162037197,126.86925375499197,100.03670257194229,60.17961198024189,172.51539748543019,166.9428022703599,161.47812554198606,146.46829494440058,-95.79824246612661,-32.46630054514827,-166.9428022703599,-146.46379600290933,496.0233525,224.34567089999996,271.6776816,clean,band_2100_2500_x0p1
1,ensemble__original3_extra_trees,ensemble__original3_extra_trees,pooled_source_day_thresholds,source-day,kW/m2,36,540,225,315,30,0.8201612652428043,0.4909339945023997,225,0,225,90,0.8333333333333334,1.0,0.7142857142857143,0.8333333333333334,0.0,0.970426807760141,0.9829690908254153,114.58591699889442,95.20951198686097,58.124312842718226,121.69916063069913,99.41356535767854,141.7578467349663,129.86220817807725,-80.12782572842121,-10.499690298902747,-99.41356535767854,-129.86220817807725,,,,clean,band_2100_2500_x0p1
1,ensemble__original3_extra_trees,ensemble__original3_extra_trees,2025.06.11_0.3_2,source-day,kW/m2,18,270,105,165,15,0.8609255613383306,0.6462779843334998,120,0,105,45,0.8333333333333334,1.0,0.7272727272727273,0.8421052631578947,0.0,0.9914574314574314,0.9950047614703682,99.96296036982208,85.67895369759293,53.89782067473932,38.2023489281512,37.256634038917944,120.4279703662094,109.67306352032435,-60.23912309938869,17.44278327636734,-37.256634038917944,-109.67306352032435,427.27619500000003,205.7710848,221.5051102,clean,band_2100_2500_x0p1
1,ensemble__original3_extra_trees,ensemble__original3_extra_trees,2025.06.18_0.3_3,source-day,kW/m2,18,270,120,150,15,0.7806254180186284,0.2917332670688202,105,0,120,45,0.8333333333333334,1.0,0.7,0.8235294117647058,0.0,0.9561666666666667,0.971106023688092,127.54321347314573,104.74007027612905,61.585013027895215,167.8152315280267,161.57049667643915,162.00900370591984,152.07026730160544,-100.01652835745374,-34.949354677264076,-161.57049667643915,-152.07026730160544,496.0233525,224.34567089999996,271.6776816,clean,band_2100_2500_x0p1
1,ensemble__simple_equal,ensemble__simple_equal,pooled_source_day_thresholds,source-day,kW/m2,36,540,225,315,30,0.8514389830610745,0.5860201876754679,234,0,225,81,0.85,1.0,0.7428571428571429,0.8524590163934426,0.0,0.9804162257495591,0.9880540277633731,104.14587118213015,87.33602254823703,56.14963965989493,111.21729495630595,95.24486279186652,127.83496036560912,115.83373818438773,-66.82592290451896,1.7850184872973058,-95.24486279186652,-115.83373818438773,,,,clean,band_2100_2500_x0p1
1,ensemble__simple_equal,ensemble__simple_equal,2025.06.11_0.3_2,source-day,kW/m2,18,270,105,165,15,0.8804576788258508,0.7051796887238656,123,0,105,42,0.8444444444444444,1.0,0.7454545454545455,0.8541666666666666,0.0,0.9933044733044734,0.9968622300486706,92.6779232521746,79.46812480104968,55.5992084371811,46.93706472116055,46.1861809144964,109.94488305020654,99.07561831356203,-50.72479967603431,25.25505818293784,-46.1861809144964,-99.07561831356203,368.97810499999997,147.47299479999998,221.5051102,clean,band_2100_2500_x0p1
1,ensemble__simple_equal,ensemble__simple_equal,2025.06.18_0.3_3,source-day,kW/m2,18,270,120,150,15,0.8232905312460836,0.43275158058938334,111,0,120,39,0.8555555555555555,1.0,0.74,0.8505747126436781,0.0,0.9772222222222222,0.9833174172011009,114.47064038535706,95.20392029542438,56.6268781776297,150.11823789985513,144.30354466923666,144.98643678877497,134.26767004229595,-82.92704613300359,-18.75126624638816,-144.30354466923666,-134.26767004229595,496.0233525,224.34567089999996,271.6776816,clean,band_2100_2500_x0p1
1,randomforest,randomforest,pooled_source_day_thresholds,source-day,kW/m2,36,540,225,315,30,0.9297064592747812,0.896941975653748,270,1,224,45,0.9148148148148149,0.996309963099631,0.8571428571428571,0.9215017064846417,0.0044444444444444444,0.9636261022927689,0.9723624302018414,71.63864043467888,55.869947082751096,81.37292117245374,108.61221451792701,102.12328731166664,63.78241600412029,43.9446871647619,-2.706287233174824,27.4972849070471,-94.75531152499995,-24.28026733333334,,,,clean,band_1700_2100_x0p1
1,randomforest,randomforest,2025.06.11_0.3_2,source-day,kW/m2,18,270,105,165,15,0.9443653617671316,0.9341771965920928,144,0,105,21,0.9222222222222223,1.0,0.8727272727272727,0.9320388349514563,0.0,0.9602597402597403,0.9721080266534811,63.22489044337952,48.30575259751592,77.70482331790676,104.59891496507262,104.45509040833333,51.949875247310565,35.92550026393939,8.401068046219608,36.87758876885043,-104.45509040833333,-9.720354231818186,368.97810499999997,147.47299479999998,221.5051102,clean,band_1700_2100_x0p1
1,randomforest,randomforest,2025.06.18_0.3_3,source-day,kW/m2,18,270,120,150,15,0.9154881463096223,0.8495722651240959,126,1,119,24,0.9074074074074074,0.9921259842519685,0.84,0.9097472924187726,0.008333333333333333,0.9697222222222222,0.9759326123006731,79.1631406342691,63.43414156798629,84.45191496793147,112.4824131724862,99.791484215,74.66287129320264,52.76579275566667,-13.813642512569258,19.28951902796917,-85.05553264166667,-40.29617174500001,434.0180833,162.3404017,271.6776816,clean,band_1700_2100_x0p1
1,conformer,conformer,pooled_source_day_thresholds,source-day,kW/m2,36,540,225,315,30,0.9670829995348965,0.9354926353653558,265,0,225,50,0.9074074074074074,1.0,0.8412698412698413,0.9137931034482759,0.0,0.9929029982363315,0.9954193481899866,49.02298504364577,36.32262103681755,46.93425639293568,77.67357099239283,61.9255657925,50.46202905620522,35.63572608400794,-11.077683774572487,2.9518024090815955,-55.851690170833336,-21.0987453343254,,,,clean,band_1700_2100_x0p1
1,conformer,conformer,2025.06.11_0.3_2,source-day,kW/m2,18,270,105,165,15,0.9709678491052053,0.9585571470536264,140,0,105,25,0.9074074074074074,1.0,0.8484848484848485,0.9180327868852459,0.0,0.994920634920635,0.9971368854285904,45.67252871415457,34.52855703807523,51.90173821899918,33.12249816817839,27.32519632833333,41.22124872787674,29.59695145962121,2.8639495521151526,29.254684888177067,-22.581067491666662,-13.93015475265152,368.97810499999997,147.47299479999998,221.5051102,clean,band_1700_2100_x0p1
1,conformer,conformer,2025.06.18_0.3_3,source-day,kW/m2,18,270,120,150,15,0.9633119595244672,0.9061371887796188,125,0,120,25,0.9074074074074074,1.0,0.8333333333333334,0.9090909090909091,0.0,0.9922777777777778,0.9944213152009812,52.158664151162476,38.11668503555988,42.109727700812655,104.73427030594902,96.52593525666668,58.977656016761976,42.27837817083334,-25.019317101260125,-20.06321976012694,-89.12231285000001,-28.98419497416667,434.0180833,162.3404017,271.6776816,clean,band_1700_2100_x0p1
1,alexnet,alexnet,pooled_source_day_thresholds,source-day,kW/m2,36,540,225,315,30,0.9336627272034429,0.9229270109960469,280,6,219,35,0.924074074074074,0.9790209790209791,0.8888888888888888,0.9317803660565723,0.02666666666666667,0.9792028218694886,0.987744433082105,69.59346048347416,52.69629662171176,85.81596851813443,67.96341679505073,48.70544579833334,55.15833655584022,43.2985973786508,1.458802625042766,54.81573480288043,-41.83225006666667,-36.653291787698414,,,,clean,band_1700_2100_x0p1
1,alexnet,alexnet,2025.06.11_0.3_2,source-day,kW/m2,18,270,105,165,15,0.9075564783531551,0.9567015251083908,157,6,99,8,0.9481481481481482,0.9631901840490797,0.9515151515151515,0.9573170731707317,0.05714285714285714,0.987994227994228,0.9927675357028811,81.499265002716,61.87501947529368,119.5409889569878,14.01299358173806,12.132820668333334,42.13399323153992,33.36405803545455,27.409272212886272,106.23943013789805,0.22214917500000447,-22.755373739393942,315.4661173,93.96100709999999,221.5051102,clean,band_1700_2100_x0p1
1,alexnet,alexnet,2025.06.18_0.3_3,source-day,kW/m2,18,270,120,150,15,0.9589447284955126,0.8802867677747391,123,0,120,27,0.9,1.0,0.82,0.9010989010989011,0.0,0.9832222222222222,0.9883359278954158,55.175803466255324,43.51757376812982,36.1167732931647,95.08779130778956,85.27807092833334,66.60576302525493,54.22659065616667,-24.49166696280074,9.820001384740005,-83.88664930833335,-51.94100164083334,434.0180833,162.3404017,271.6776816,clean,band_1700_2100_x0p1
1,hgb,hgb,pooled_source_day_thresholds,source-day,kW/m2,36,540,225,315,30,0.9373367137724864,0.9568812476514662,275,0,225,40,0.9259259259259259,1.0,0.873015873015873,0.9322033898305084,0.0,0.9811499118165784,0.9880007434924739,67.63884901348943,47.65626731955052,92.72047553690194,28.565995663072677,22.962022949185503,41.25657321045827,32.027299953661704,2.0040512747826953,44.10986495957544,-20.54118414365899,-28.071529928640697,,,,clean,band_1700_2100_x0p1
1,hgb,hgb,2025.06.11_0.3_2,source-day,kW/m2,18,270,105,165,15,0.9648573107835937,0.9737178122200078,149,0,105,16,0.9407407407407408,1.0,0.9030303030303031,0.9490445859872612,0.0,0.9994227994227994,0.999641519077999,50.249639131218835,37.501982631547094,69.2789039182857,12.9192561552221,10.286686315759209,32.82668882851478,25.40141983673665,-9.51585013281277,9.67565859767444,-7.264652950042984,-21.728628415850086,368.97810499999997,147.47299479999998,221.5051102,clean,band_1700_2100_x0p1
1,hgb,hgb,2025.06.18_0.3_3,source-day,kW/m2,18,270,120,150,15,0.910657606888177,0.9355315357081538,126,0,120,24,0.9111111111111111,1.0,0.84,0.9130434782608695,0.0,0.9803888888888888,0.9866537434237705,81.39411255687676,57.810552007553945,109.17837071737524,38.2769517704993,35.63735958261178,48.878108597389954,39.31576808227927,13.523952682378166,74.23979552623882,-33.817715337275,-35.048721592710365,376.3201201,104.64243849999998,271.6776816,clean,band_1700_2100_x0p1
1,extra_trees,extra_trees,pooled_source_day_thresholds,source-day,kW/m2,36,540,225,315,30,0.9729349202234251,0.9671897047811115,271,0,225,44,0.9185185185185185,1.0,0.8603174603174604,0.9249146757679181,0.0,0.9939329805996473,0.9957688240450531,44.452304557573214,32.60118430526643,54.12176254221107,25.612615597251093,19.16659674692458,35.9886145932165,25.045789087254583,-1.254999513497754,22.11725986563999,-18.328129920800873,-17.949470498596142,,,,clean,band_1700_2100_x0p1
1,extra_trees,extra_trees,2025.06.11_0.3_2,source-day,kW/m2,18,270,105,165,15,0.9746657984098549,0.9792471123074256,146,0,105,19,0.9296296296296296,1.0,0.8848484848484849,0.9389067524115756,0.0,0.9993073593073593,0.9995891114535181,42.664735963527164,31.2896089792435,57.82398514124067,10.934249755846603,9.38387476437231,29.16994359668845,18.709945678083965,-0.06318562787646337,18.06080237623733,-8.61766217869605,-11.596632539585242,368.97810499999997,147.47299479999998,221.5051102,clean,band_1700_2100_x0p1
1,extra_trees,extra_trees,2025.06.18_0.3_3,source-day,kW/m2,18,270,120,150,15,0.9712521860419541,0.9518617638251842,125,0,120,25,0.9074074074074074,1.0,0.8333333333333334,0.9090909090909091,0.0,0.9941111111111112,0.9954242162125775,46.17071654329181,33.912759631289354,50.66086372491006,34.53193214608572,28.949318729476847,42.236295153986624,32.015216837342265,-2.4468133991190446,25.666660168867313,-28.03859766290569,-24.937592253508132,376.3201201,104.64243849999998,271.6776816,clean,band_1700_2100_x0p1
1,ensemble__original3_hgb_extra_trees,ensemble__original3_hgb_extra_trees,pooled_source_day_thresholds,source-day,kW/m2,36,540,225,315,30,0.96960048839413,0.9619115341069844,272,0,225,43,0.9203703703703704,1.0,0.8634920634920635,0.9267461669505963,0.0,0.9956825396825397,0.9969582470745298,47.11106570591393,35.5470449379416,56.76034487625017,37.80906966297206,28.831667167481665,38.77544582226705,28.24874568686777,-1.9848013209629571,26.6370166668183,-28.08064620777358,-22.428957026520997,,,,clean,band_1700_2100_x0p1
1,ensemble__original3_hgb_extra_trees,ensemble__original3_hgb_extra_trees,2025.06.11_0.3_2,source-day,kW/m2,18,270,105,165,15,0.9741472875726169,0.9775411832747173,147,0,105,18,0.9333333333333333,1.0,0.8909090909090909,0.9423076923076923,0.0,0.9997113997113997,0.999818755541647,43.09913053398958,32.72807465985694,57.70181934159041,14.700607319246656,12.012318777212835,30.345182728129046,21.457819729419487,-0.4250742343584705,23.07985750040059,-11.635437751435225,-15.38275806556878,368.97810499999997,147.47299479999998,221.5051102,clean,band_1700_2100_x0p1
1,ensemble__original3_hgb_extra_trees,ensemble__original3_hgb_extra_trees,2025.06.18_0.3_3,source-day,kW/m2,18,270,120,150,15,0.9651885711007546,0.9421308934918371,125,0,120,25,0.9074074074074074,1.0,0.8333333333333334,0.9090909090909091,0.0,0.9941666666666666,0.9954480023888405,50.8071842469941,38.36601521602626,55.92355448484581,51.409567611527905,45.65101555775048,46.308862985597,35.7187642400609,-3.5445284075674444,29.749530937433804,-44.52585466411193,-30.179775883568443,434.0180833,162.3404017,271.6776816,clean,band_1700_2100_x0p1
1,ensemble__original3_mse,ensemble__original3_mse,pooled_source_day_thresholds,source-day,kW/m2,36,540,225,315,30,0.9649935054272555,0.9388151787790512,270,0,225,45,0.9166666666666666,1.0,0.8571428571428571,0.9230769230769231,0.0,0.9922116402116402,0.9951134584244689,50.55497937191258,38.062358853686696,52.46494863295105,74.9791545276234,57.902223923100244,49.14529056967298,35.51070161994666,-7.72610765842695,16.227481662719786,-54.926281345980605,-24.835814316388902,,,,clean,band_1700_2100_x0p1
1,ensemble__original3_mse,ensemble__original3_mse,2025.06.11_0.3_2,source-day,kW/m2,18,270,105,165,15,0.9652470603561196,0.9652715775712671,144,0,105,21,0.9222222222222223,1.0,0.8727272727272727,0.9320388349514563,0.0,0.996017316017316,0.9977826861879993,49.97021572617097,38.01413776860852,64.67895317752469,28.476501673465574,22.773786348508207,37.734521674429814,28.15384770606367,8.791317166553696,47.27563463284163,-22.16335171285566,-15.698703039265897,368.97810499999997,147.47299479999998,221.5051102,clean,band_1700_2100_x0p1
1,ensemble__original3_mse,ensemble__original3_mse,2025.06.18_0.3_3,source-day,kW/m2,18,270,120,150,15,0.9647405855517068,0.905397868964102,126,0,120,24,0.9111111111111111,1.0,0.84,0.9130434782608695,0.0,0.991388888888889,0.993837771811676,51.133056029040034,38.110579938764864,38.73789107077503,102.14125552290598,93.0306614976923,59.209472133055876,43.60324092521795,-24.243532483407595,-10.939652186136822,-87.68921097910554,-34.886636721224214,434.0180833,162.3404017,271.6776816,clean,band_1700_2100_x0p1
1,ensemble__original3_performance,ensemble__original3_performance,pooled_source_day_thresholds,source-day,kW/m2,36,540,225,315,30,0.962081898331969,0.9379622930502652,270,0,225,45,0.9166666666666666,1.0,0.8571428571428571,0.9230769230769231,0.0,0.9923527336860669,0.9952223238928111,52.61540513116052,40.202977734950665,56.7064028768776,75.68002082777348,61.32845127587264,49.48663549632087,35.942536580131254,-6.160475180513788,21.585809359924074,-58.528412743889234,-25.97924985225512,,,,clean,band_1700_2100_x0p1
1,ensemble__original3_performance,ensemble__original3_performance,2025.06.11_0.3_2,source-day,kW/m2,18,270,105,165,15,0.96204763218211,0.96732903381983,144,0,105,21,0.9222222222222223,1.0,0.8727272727272727,0.9320388349514563,0.0,0.9963059163059163,0.9979472288535829,52.219762161056266,39.76603856799554,70.05034948183325,33.23732657621808,30.084759550307947,36.599681872862675,27.902174614944943,10.652974210147002,52.03392867134881,-30.084759550307947,-15.680360446981414,368.97810499999997,147.47299479999998,221.5051102,clean,band_1700_2100_x0p1
1,ensemble__original3_performance,ensemble__original3_performance,2025.06.18_0.3_3,source-day,kW/m2,18,270,120,150,15,0.9621072614765244,0.9009859979782819,126,0,120,24,0.9111111111111111,1.0,0.84,0.9130434782608695,0.0,0.9917777777777779,0.9940712130110434,53.00809517493551,40.63991690190579,41.66065540595894,101.73598786589866,92.57214300143738,60.57438823671103,44.786934741836184,-22.97392457117458,-5.056295037572574,-86.97206593747052,-37.30802819805619,434.0180833,162.3404017,271.6776816,clean,band_1700_2100_x0p1
1,ensemble__original3_hgb,ensemble__original3_hgb,pooled_source_day_thresholds,source-day,kW/m2,36,540,225,315,30,0.9593262997676404,0.9556721497234917,272,0,225,43,0.9203703703703704,1.0,0.8634920634920635,0.9267461669505963,0.0,0.995089947089947,0.9966046523161507,54.49372141204208,40.937404733996274,68.38998730421667,44.24870489380357,34.12980947857511,41.83101423353669,31.620216908925173,-1.457940001336023,34.18931089733351,-32.775404299779716,-26.920262071814264,,,,clean,band_1700_2100_x0p1
1,ensemble__original3_hgb,ensemble__original3_hgb,2025.06.11_0.3_2,source-day,kW/m2,18,270,105,165,15,0.9708655658617533,0.9743380475573382,146,0,105,19,0.9296296296296296,1.0,0.8848484848484849,0.9389067524115756,0.0,0.9994805194805195,0.9996830098143812,45.7529124764351,35.02585268304709,61.06921986425773,17.611346658094018,13.669226640099918,32.437036488291895,24.528963797672244,-3.0021586385726056,23.05373288295057,-12.5656110840705,-19.583180515905532,368.97810499999997,147.47299479999998,221.5051102,clean,band_1700_2100_x0p1
1,ensemble__original3_hgb,ensemble__original3_hgb,2025.06.18_0.3_3,source-day,kW/m2,18,270,120,150,15,0.9481368899277114,0.932071984143068,126,0,120,24,0.9111111111111111,1.0,0.84,0.9130434782608695,0.0,0.9920555555555556,0.9940339233289605,62.014533349773544,46.848956784945464,74.2055491087597,60.047782960291485,54.5903923170503,50.17243674604888,39.420595331303396,0.08627863590055386,43.93294165991858,-52.98519751548894,-34.99105178331387,434.0180833,162.3404017,271.6776816,clean,band_1700_2100_x0p1
1,ensemble__original3_extra_trees,ensemble__original3_extra_trees,pooled_source_day_thresholds,source-day,kW/m2,36,540,225,315,30,0.9740990618258908,0.9635677971159624,269,0,225,46,0.9148148148148149,1.0,0.8539682539682539,0.9212328767123288,0.0,0.9963033509700177,0.9973597381657758,43.48579087822008,32.6003956311433,50.249550159501425,37.12247254286015,27.961981975276224,37.92300779867816,26.925781671994844,-2.8727765497300517,20.644815314909945,-27.477667777095807,-19.671056453044333,,,,clean,band_1700_2100_x0p1
1,ensemble__original3_extra_trees,ensemble__original3_extra_trees,2025.06.11_0.3_2,source-day,kW/m2,18,270,105,165,15,0.9746238584618736,0.977949283607504,144,0,105,21,0.9222222222222223,1.0,0.8727272727272727,0.9320388349514563,0.0,0.9996536796536797,0.9997835343525796,42.70003640229193,31.827192797330532,57.1641766799579,14.358642691170795,12.004084562235954,30.06821681858665,20.36403156868475,2.150440070731078,25.36451044038841,-12.004084562235954,-12.622150164505406,368.97810499999997,147.47299479999998,221.5051102,clean,band_1700_2100_x0p1
1,ensemble__original3_extra_trees,ensemble__original3_extra_trees,2025.06.18_0.3_3,source-day,kW/m2,18,270,120,150,15,0.9735852040814298,0.9453392120384938,125,0,120,25,0.9074074074074074,1.0,0.8333333333333334,0.9090909090909091,0.0,0.9946111111111111,0.9957399450393795,44.25759717666023,33.37359846495605,43.302796820762104,50.49737929297023,43.91987938831649,45.006855745903614,34.14370678563595,-7.895993170191182,16.51508208011628,-42.95125099195566,-27.424853370437155,434.0180833,162.3404017,271.6776816,clean,band_1700_2100_x0p1
1,ensemble__simple_equal,ensemble__simple_equal,pooled_source_day_thresholds,source-day,kW/m2,36,540,225,315,30,0.9639477423641811,0.9503089071550355,270,0,225,45,0.9166666666666666,1.0,0.8571428571428571,0.9230769230769231,0.0,0.9968536155202822,0.9977606601793441,51.3045471274578,39.51561341969465,59.757930516855424,56.86067085163876,48.03016857879566,44.28935275654515,32.4565553699308,-2.3152233242839015,30.29838938884492,-46.26171316539196,-25.610660976518773,,,,clean,band_1700_2100_x0p1
1,ensemble__simple_equal,ensemble__simple_equal,2025.06.11_0.3_2,source-day,kW/m2,18,270,105,165,15,0.9671358130980194,0.9744252582847625,144,0,105,21,0.9222222222222223,1.0,0.8727272727272727,0.9320388349514563,0.0,0.9996536796536796,0.9997850159347484,48.59335638387493,36.612191184488935,66.51446164979544,29.690334985409017,28.539264770747792,32.381871841805456,24.096158796470537,5.819050810106377,40.021632953767465,-28.539264770747792,-15.946228735859771,368.97810499999997,147.47299479999998,221.5051102,clean,band_1700_2100_x0p1
1,ensemble__simple_equal,ensemble__simple_equal,2025.06.18_0.3_3,source-day,kW/m2,18,270,120,150,15,0.9608511997889765,0.9199684936271655,126,0,120,24,0.9111111111111111,1.0,0.84,0.9130434782608695,0.0,0.9938333333333333,0.9952999786680995,53.8794842890761,42.41903565490038,53.14595308549498,74.73122364748887,67.52107238684353,54.45919596881441,41.652991600737074,-10.449497458674182,21.790551269537687,-63.98416156003613,-36.241536441243674,434.0180833,162.3404017,271.6776816,clean,band_1700_2100_x0p1
1,randomforest,randomforest,pooled_source_day_thresholds,source-day,kW/m2,36,540,225,315,30,0.9302523057227674,0.8933029121241928,270,1,224,45,0.9148148148148149,0.996309963099631,0.8571428571428571,0.9215017064846417,0.0044444444444444444,0.9575167548500882,0.9707254561483636,71.35995262336301,55.64269272094555,79.52858400391997,113.59145160254516,106.18264512416665,64.8987515756666,44.55347712507936,-3.127948025998898,24.904141226491543,-99.00932350416662,-23.150868920634927,,,,clean,band_2500_2900_x0p1
1,randomforest,randomforest,2025.06.11_0.3_2,source-day,kW/m2,18,270,105,165,15,0.9456395349639596,0.9293978361551294,144,0,105,21,0.9222222222222223,1.0,0.8727272727272727,0.9320388349514563,0.0,0.956940836940837,0.9712397282145181,62.496692366528535,48.04619128834925,74.12618386062155,107.94935919817097,107.68120915833332,53.802855690893665,36.93400802166666,7.349919030015906,32.370967042659956,-107.68120915833332,-8.572566068939398,368.97810499999997,147.47299479999998,221.5051102,clean,band_2500_2900_x0p1
1,randomforest,randomforest,2025.06.18_0.3_3,source-day,kW/m2,18,270,120,150,15,0.9153283915623737,0.8472484901714562,126,1,119,24,0.9074074074074074,0.9921259842519685,0.84,0.9097472924187726,0.008333333333333333,0.9619722222222222,0.9728628445055145,79.23792728271434,63.23919415354185,83.97104945222019,118.96626245726551,104.68408109,75.23734909752962,52.93489313883334,-13.605815082013704,18.37066863734417,-90.33743785000001,-39.18700205750001,434.0180833,162.3404017,271.6776816,clean,band_2500_2900_x0p1
1,conformer,conformer,pooled_source_day_thresholds,source-day,kW/m2,36,540,225,315,30,0.9461081364357695,0.8573902094338444,255,0,225,60,0.8888888888888888,1.0,0.8095238095238095,0.8947368421052632,0.0,0.9920987654320987,0.9947088978447189,62.72652465184854,49.34437247155266,39.519452491542694,74.85979074938878,68.45467090541668,75.02996269360952,61.2767537486508,-39.88093183484131,-13.195475400841364,-66.56137011874999,-58.94197214484127,,,,clean,band_2500_2900_x0p1
1,conformer,conformer,2025.06.11_0.3_2,source-day,kW/m2,18,270,105,165,15,0.9466970514196186,0.8747349442862763,132,0,105,33,0.8777777777777778,1.0,0.8,0.8888888888888888,0.0,0.9937085137085138,0.9964215753217308,61.885808363694075,49.33560324148526,42.159011758220466,60.144052368318164,55.037476345833326,71.66569045727226,57.83590689136364,-33.17663227025899,0.33403453242929654,-55.037476345833326,-54.5016020537879,368.97810499999997,147.47299479999998,221.5051102,clean,band_2500_2900_x0p1
1,conformer,conformer,2025.06.18_0.3_3,source-day,kW/m2,18,270,120,150,15,0.945526364256923,0.8334400348488521,123,0,120,27,0.9,1.0,0.82,0.9010989010989011,0.0,0.9941111111111112,0.9954246676073315,63.55612097170546,49.353141701620075,37.05592221808328,87.12444838735881,81.87186546500001,78.56444377834029,65.06168529166668,-46.585231399423655,-25.033796592453193,-78.08526389166667,-63.82637924500003,434.0180833,162.3404017,271.6776816,clean,band_2500_2900_x0p1
1,alexnet,alexnet,pooled_source_day_thresholds,source-day,kW/m2,36,540,225,315,30,0.9356797101730574,0.8276322256740298,267,0,225,48,0.9111111111111111,1.0,0.8476190476190476,0.9175257731958762,0.0,0.9721622574955908,0.9834841453125673,68.52730014955635,50.66048703212887,41.76741949389737,114.17712565753605,96.75184499395831,82.48749146173846,65.10567280517857,-42.78378135424597,-22.717363118940327,-93.88327129062495,-57.11693723660715,,,,clean,band_2500_2900_x0p1
1,alexnet,alexnet,2025.06.11_0.3_2,source-day,kW/m2,18,270,105,165,15,0.9143517691573049,0.8031045477818841,137,0,105,28,0.8962962962962963,1.0,0.8303030303030303,0.9072847682119205,0.0,0.9729292929292929,0.9850660406042666,78.4466946949083,60.44322072601962,56.020742180758,153.95607093757343,152.07022348125,89.84918954085335,71.28017658246213,-49.328490374145346,-33.613855762980855,-152.07022348125,-59.328712399431836,368.97810499999997,147.47299479999998,221.5051102,clean,band_2500_2900_x0p1
1,alexnet,alexnet,2025.06.18_0.3_3,source-day,kW/m2,18,270,120,150,15,0.9563321750092143,0.8540495163208248,130,0,120,20,0.9259259259259259,1.0,0.8666666666666667,0.9285714285714286,0.0,0.9954444444444446,0.9966176943093462,56.90428650829929,40.87775333823812,22.91150116837412,48.68634580966625,41.43346650666667,73.54336525345285,58.313718650166685,-36.239072334346616,-13.182932055404851,-35.69631910000001,-54.68398455750002,434.0180833,162.3404017,271.6776816,clean,band_2500_2900_x0p1
1,hgb,hgb,pooled_source_day_thresholds,source-day,kW/m2,36,540,225,315,30,0.964577925897682,0.9287817216722067,293,0,225,22,0.9592592592592593,1.0,0.9301587301587302,0.9638157894736842,0.0,0.9910123456790124,0.995362077975822,50.854175682412276,35.590048864132875,47.653891708013155,19.562335140704388,15.86434769134184,53.02196207699033,36.388052888810805,-12.644750230115191,12.822400970837721,2.1974072366469577,-30.83557251651013,,,,clean,band_2500_2900_x0p1
1,hgb,hgb,2025.06.11_0.3_2,source-day,kW/m2,18,270,105,165,15,0.9667777021123507,0.9532403957872735,157,0,105,8,0.9703703703703703,1.0,0.9515151515151515,0.9751552795031055,0.0,0.9882251082251083,0.9952293932410428,48.85739251806151,33.62692188624861,55.905274885223115,15.635376819527494,11.934693524860624,43.78564329466524,26.636272724524982,-11.376245583344186,1.920579351725545,7.084786641716719,-19.83786145111583,368.97810499999997,147.47299479999998,221.5051102,clean,band_2500_2900_x0p1
1,hgb,hgb,2025.06.18_0.3_3,source-day,kW/m2,18,270,120,150,15,0.962439124075876,0.8975958367111211,136,0,120,14,0.9481481481481482,1.0,0.9066666666666666,0.951048951048951,0.0,0.9966666666666666,0.9974395498870705,52.7754636645797,37.55317584201713,39.028199106285925,22.82334121082752,19.79400185782306,61.602670044703025,47.11501106952521,-13.913254876886198,22.36149488756088,-2.689972168422803,-42.93305468844385,376.3201201,104.64243849999998,271.6776816,clean,band_2500_2900_x0p1
1,extra_trees,extra_trees,pooled_source_day_thresholds,source-day,kW/m2,36,540,225,315,30,0.9674560689111322,0.9350445969565405,273,1,224,42,0.9203703703703704,0.9963503649635036,0.8666666666666667,0.9269949066213922,0.0044444444444444444,0.9954144620811288,0.9970580719911017,48.74438902791383,35.13270651314302,45.96404522585305,42.9317298894624,31.520325435497067,50.63696881138179,33.476848514394774,-14.39876851958157,5.438812940696104,-29.82222036975424,-28.56846956263705,,,,clean,band_2500_2900_x0p1
1,extra_trees,extra_trees,2025.06.11_0.3_2,source-day,kW/m2,18,270,105,165,15,0.9742098147133226,0.9711640289561,144,0,105,21,0.9222222222222223,1.0,0.8727272727272727,0.9320388349514563,0.0,0.9974603174603175,0.9986294684175625,43.04697939463417,31.060111477926903,53.91723522848444,19.03253538735231,18.008552892482665,34.384571126717184,21.04724767712697,-8.537445785931473,1.3565640369178533,-18.008552892482665,-14.833633855017407,368.97810499999997,147.47299479999998,221.5051102,clean,band_2500_2900_x0p1
1,extra_trees,extra_trees,2025.06.18_0.3_3,source-day,kW/m2,18,270,120,150,15,0.9609052817792718,0.8897919005720356,129,1,119,21,0.9185185185185185,0.9923076923076923,0.86,0.9214285714285714,0.008333333333333333,0.9945555555555556,0.995808055638003,53.842255602892,39.20530154835914,37.65123507283312,57.654396704264464,45.032097978511466,63.90686095502649,47.149409435389366,-20.26009125323166,9.010780731502074,-41.635887847025835,-43.67678884101865,376.3201201,104.64243849999998,271.6776816,clean,band_2500_2900_x0p1
1,ensemble__original3_hgb_extra_trees,ensemble__original3_hgb_extra_trees,pooled_source_day_thresholds,source-day,kW/m2,36,540,225,315,30,0.9681415103819077,0.9271582509620384,270,0,225,45,0.9166666666666666,1.0,0.8571428571428571,0.9230769230769231,0.0,0.9951322751322751,0.9969894389300431,48.22832919419456,36.271623733961526,39.45569197775042,39.63606226566018,34.319193382668466,53.62289315894256,39.56974992633095,-19.91973466606998,2.8055894518686593,-32.316557845764926,-36.152109036026154,,,,clean,band_2500_2900_x0p1
1,ensemble__original3_hgb_extra_trees,ensemble__original3_hgb_extra_trees,2025.06.11_0.3_2,source-day,kW/m2,18,270,105,165,15,0.9724312047727212,0.95685277713911,144,0,105,21,0.9222222222222223,1.0,0.8727272727272727,0.9320388349514563,0.0,0.9954978354978357,0.9976769293446629,44.50659248402619,34.735384883658824,48.100001107261754,27.728908885314436,26.736411525100245,42.060336742778446,30.32535981231807,-15.80004307633359,-0.2145262095747283,-26.736411525100245,-25.718099264271043,368.97810499999997,147.47299479999998,221.5051102,clean,band_2500_2900_x0p1
1,ensemble__original3_hgb_extra_trees,ensemble__original3_hgb_extra_trees,2025.06.18_0.3_3,source-day,kW/m2,18,270,120,150,15,0.9639784137950711,0.8895677972281527,126,0,120,24,0.9111111111111111,1.0,0.84,0.9130434782608695,0.0,0.9967777777777778,0.9974178857155482,51.68275049944633,37.807862584264214,29.908200581146435,48.71491020092833,41.901975240236695,63.97180385870611,49.73857905174514,-24.039426255806376,5.448190655631624,-37.8967041664296,-47.62951978495677,434.0180833,162.3404017,271.6776816,clean,band_2500_2900_x0p1
1,ensemble__original3_mse,ensemble__original3_mse,pooled_source_day_thresholds,source-day,kW/m2,36,540,225,315,30,0.9503343576033827,0.8663118899736851,259,0,225,56,0.8962962962962963,1.0,0.8222222222222222,0.9024390243902439,0.0,0.9894179894179893,0.9929353641845966,60.21679739271774,47.08545020997697,36.253433096077494,80.32300628434827,76.7948328454937,72.64512096739148,59.545352710989924,-38.39426307761348,-13.141139739521048,-74.69640127879471,-56.432208319108085,,,,clean,band_2500_2900_x0p1
1,ensemble__original3_mse,ensemble__original3_mse,2025.06.11_0.3_2,source-day,kW/m2,18,270,105,165,15,0.9474852321688922,0.8763619639180779,134,0,105,31,0.8851851851851852,1.0,0.8121212121212121,0.8963210702341137,0.0,0.9948051948051948,0.9969594158385717,61.42655737901304,48.983681538555174,41.6723833684399,82.57984058002027,80.2681514878256,71.19875022947173,57.615555892138566,-34.49394772295738,-5.542493264919036,-80.2681514878256,-52.917600559890865,368.97810499999997,147.47299479999998,221.5051102,clean,band_2500_2900_x0p1
1,ensemble__original3_mse,ensemble__original3_mse,2025.06.18_0.3_3,source-day,kW/m2,18,270,120,150,15,0.9530847570927883,0.8514173217432739,125,0,120,25,0.9074074074074074,1.0,0.8333333333333334,0.9090909090909091,0.0,0.9961111111111111,0.9969569765273636,58.98222973942282,45.18721888139878,30.737921244638777,78.00090132100615,73.32151420316177,74.20357351979759,61.66812921172644,-42.29457843226959,-19.78995540479781,-69.1246510697638,-60.29827685424703,434.0180833,162.3404017,271.6776816,clean,band_2500_2900_x0p1
1,ensemble__original3_performance,ensemble__original3_performance,pooled_source_day_thresholds,source-day,kW/m2,36,540,225,315,30,0.9536381376438097,0.878067475181105,263,0,225,52,0.9037037037037037,1.0,0.834920634920635,0.9100346020761245,0.0,0.9885149911816579,0.9924039415194628,58.17951037875286,45.69498691287341,37.2167083657167,85.83277126017514,82.34473236396451,69.37769117255705,56.357398338695845,-34.465636159910616,-9.399583688554666,-79.68378567007427,-52.3699593537363,,,,clean,band_2500_2900_x0p1
1,ensemble__original3_performance,ensemble__original3_performance,2025.06.11_0.3_2,source-day,kW/m2,18,270,105,165,15,0.9509210975387569,0.8887028891097795,138,0,105,27,0.9,1.0,0.8363636363636363,0.9108910891089109,0.0,0.9945743145743147,0.9968126418736307,59.38310093724321,47.849785105640606,43.55347398160115,92.50344119220294,91.03854529580089,67.55200859240277,54.338847710265796,-30.82020499175595,-3.7148186250874757,-91.03854529580089,-48.06908722509043,368.97810499999997,147.47299479999998,221.5051102,clean,band_2500_2900_x0p1
1,ensemble__original3_performance,ensemble__original3_performance,2025.06.18_0.3_3,source-day,kW/m2,18,270,120,150,15,0.9562612357378973,0.8626947140698762,125,0,120,25,0.9074074074074074,1.0,0.8333333333333334,0.9090909090909091,0.0,0.9964444444444445,0.9972111833709487,56.950488838112776,43.54018872010622,30.61436560795448,78.59798096645832,73.6509194321281,71.33199293976028,58.5778040299689,-38.111067328065275,-14.373753119088457,-68.32902604434766,-57.10091869524673,434.0180833,162.3404017,271.6776816,clean,band_2500_2900_x0p1
1,ensemble__original3_hgb,ensemble__original3_hgb,pooled_source_day_thresholds,source-day,kW/m2,36,540,225,315,30,0.9663845944140836,0.9190559628621069,273,0,225,42,0.9222222222222223,1.0,0.8666666666666667,0.9285714285714286,0.0,0.9916472663139331,0.995080917112442,49.54031950612545,36.91407319537713,37.6408343132499,31.405456027777863,27.64957771470053,56.52655133682157,43.04675098890985,-21.806428826966258,3.5845712443745454,-25.161415583751747,-39.942857449352545,,,,clean,band_2500_2900_x0p1
1,ensemble__original3_hgb,ensemble__original3_hgb,2025.06.11_0.3_2,source-day,kW/m2,18,270,105,165,15,0.9680548414053286,0.9421095166996605,146,0,105,19,0.9296296296296296,1.0,0.8848484848484849,0.9389067524115756,0.0,0.991976911976912,0.9963480514430483,47.909095929771226,37.11722357469554,46.6076792188394,27.169972485042774,23.995395277578766,48.71917316750688,35.86196067778878,-19.60152573350631,-0.7347824434122953,-23.995395277578766,-31.60763509992977,368.97810499999997,147.47299479999998,221.5051102,clean,band_2500_2900_x0p1
1,ensemble__original3_hgb,ensemble__original3_hgb,2025.06.18_0.3_3,source-day,kW/m2,18,270,120,150,15,0.9647592547783943,0.889386410909005,127,0,120,23,0.9148148148148149,1.0,0.8466666666666667,0.9169675090252708,0.0,0.9971111111111111,0.9977297344022574,51.119517219257524,36.71092281605871,27.49217111697285,35.13399965542489,31.303760151822303,64.02431956010159,50.95002033114304,-24.011331920426205,7.364005721188029,-26.327435889924722,-49.111602033717595,434.0180833,162.3404017,271.6776816,clean,band_2500_2900_x0p1
1,ensemble__original3_extra_trees,ensemble__original3_extra_trees,pooled_source_day_thresholds,source-day,kW/m2,36,540,225,315,30,0.9671311629517181,0.92673673877081,270,0,225,45,0.9166666666666666,1.0,0.8571428571428571,0.9230769230769231,0.0,0.9959647266313933,0.9973259401193559,48.98710724882857,36.86125461765646,41.35810346132563,49.21438521250097,42.729857159903275,53.77781872762654,39.17016779050632,-20.397642159089546,0.7938247706418163,-41.040765597014364,-35.53440425175481,,,,clean,band_2500_2900_x0p1
1,ensemble__original3_extra_trees,ensemble__original3_extra_trees,2025.06.11_0.3_2,source-day,kW/m2,18,270,105,165,15,0.9727988323490313,0.960229191456281,144,0,105,21,0.9222222222222223,1.0,0.8727272727272727,0.9320388349514563,0.0,0.9983261183261183,0.9990258658549512,44.20885072002387,34.71523934376882,49.630933821466364,34.13068474997303,33.5734525413184,40.381135933188325,29.240408937889928,-15.026571270187947,-0.36820028854136866,-33.5734525413184,-24.354625531235772,368.97810499999997,147.47299479999998,221.5051102,clean,band_2500_2900_x0p1
1,ensemble__original3_extra_trees,ensemble__original3_extra_trees,2025.06.18_0.3_3,source-day,kW/m2,18,270,120,150,15,0.9616326651246792,0.8845156699111634,126,0,120,24,0.9111111111111111,1.0,0.84,0.9130434782608695,0.0,0.9959444444444444,0.9967659201481694,53.33901828147113,39.007269891544105,32.4322056080648,60.65647353899523,51.88626177848816,65.41875266109075,50.09290252838434,-25.76871304799114,1.8105966974271037,-48.50807865271033,-47.83216084432574,434.0180833,162.3404017,271.6776816,clean,band_2500_2900_x0p1
1,ensemble__simple_equal,ensemble__simple_equal,pooled_source_day_thresholds,source-day,kW/m2,36,540,225,315,30,0.9648963051741304,0.9172753717478326,270,0,225,45,0.9166666666666666,1.0,0.8571428571428571,0.9230769230769231,0.0,0.990673721340388,0.9939112079719356,50.62511707797434,39.95210067007789,39.739283225091974,63.372817433225464,60.368145647796716,57.14489927704201,44.31865823371052,-22.567235992956572,1.4505033236487386,-57.415755609329786,-39.72276407624609,,,,clean,band_2500_2900_x0p1
1,ensemble__simple_equal,ensemble__simple_equal,2025.06.11_0.3_2,source-day,kW/m2,18,270,105,165,15,0.9665784621937367,0.9388473715996992,144,0,105,21,0.9222222222222223,1.0,0.8727272727272727,0.9320388349514563,0.0,0.9958441558441558,0.9978239532495963,49.00367667792721,39.83255153992309,47.27441549553879,65.75743371352416,65.1425350472365,50.07303155489536,38.375379613749146,-19.013778996732796,0.473657840150362,-65.1425350472365,-31.414875165658444,368.97810499999997,147.47299479999998,221.5051102,clean,band_2500_2900_x0p1
1,ensemble__simple_equal,ensemble__simple_equal,2025.06.18_0.3_3,source-day,kW/m2,18,270,120,150,15,0.963259117599837,0.8893734543129587,126,0,120,24,0.9111111111111111,1.0,0.84,0.9130434782608695,0.0,0.9972222222222222,0.9977084602144625,52.196212797121525,40.071649800232684,31.709751941530705,60.894892152473055,55.59375624835694,64.02806915796835,50.856264715668026,-26.12069298918035,2.30524312170982,-49.68897617142305,-48.861441877892474,434.0180833,162.3404017,271.6776816,clean,band_2500_2900_x0p1
1,randomforest,randomforest,pooled_source_day_thresholds,source-day,kW/m2,36,540,225,315,30,0.8671815957211831,0.7115202314845109,270,1,224,45,0.9148148148148149,0.996309963099631,0.8571428571428571,0.9215017064846417,0.0044444444444444444,0.9681834215167548,0.9732181097205808,98.47335950326462,82.74041559432519,85.61568672621425,106.61822808500627,100.79055710333331,106.71310089226832,87.83168307388888,-35.57051715215631,31.695903865380426,-93.52383964999996,-83.61796073611112,,,,clean,global_power_x0p5
1,randomforest,randomforest,2025.06.11_0.3_2,source-day,kW/m2,18,270,105,165,15,0.8994154567827737,0.8094323819516454,144,0,105,21,0.9222222222222223,1.0,0.8727272727272727,0.9320388349514563,0.0,0.9708225108225107,0.976193357512371,85.01216476767726,71.10971693927519,79.40807113295894,98.30645270373579,97.55923415833334,88.39361069328753,72.4265680159091,-25.392618469984104,38.938084006945665,-97.55923415833334,-66.33033822803031,368.97810499999997,147.47299479999998,221.5051102,clean,global_power_x0p5
1,randomforest,randomforest,2025.06.18_0.3_3,source-day,kW/m2,18,270,120,150,15,0.8359210559746779,0.5866105776185462,126,1,119,24,0.9074074074074074,0.9921259842519685,0.84,0.9097472924187726,0.008333333333333333,0.968861111111111,0.9726078713840081,110.30383903215554,94.3711142493752,90.69950032705488,114.32731290807544,104.02188004833334,123.77143023232416,104.7773096376667,-45.748415834328526,25.35899624151084,-89.48844514166667,-102.63434549500003,434.0180833,162.3404017,271.6776816,clean,global_power_x0p5
1,conformer,conformer,pooled_source_day_thresholds,source-day,kW/m2,36,540,225,315,30,0.9324256420773357,0.8196924494874344,297,3,222,18,0.9611111111111111,0.99,0.9428571428571428,0.9658536585365853,0.013333333333333334,0.9932698412698413,0.9956033940048697,70.23936704523973,53.43155123385603,43.31182750694487,36.254611562844914,26.43795788916667,84.36591405896627,67.29421992515874,-30.558139090112945,9.785349964284503,14.702844204166665,-59.37491698611112,,,,clean,global_power_x0p5
1,conformer,conformer,2025.06.11_0.3_2,source-day,kW/m2,18,270,105,165,15,0.9244350328618209,0.8301067210364187,156,2,103,9,0.9592592592592593,0.9873417721518988,0.9454545454545454,0.9659442724458205,0.01904761904761905,0.9923232323232323,0.9958675507832533,73.68442523085726,59.09463187153313,54.90990338523361,40.648603800124,31.89154429666667,83.46116078773758,68.14087519151516,-21.952450654500165,36.055002288428184,26.58460021666667,-58.86628434545457,368.97810499999997,147.47299479999998,221.5051102,clean,global_power_x0p5
1,conformer,conformer,2025.06.18_0.3_3,source-day,kW/m2,18,270,120,150,15,0.9401541928417416,0.803425914821599,141,1,119,9,0.9629629629629629,0.9929577464788732,0.94,0.9657534246575342,0.008333333333333333,0.9980555555555556,0.9984983355562576,66.61638570374429,47.76847059617892,29.650112987643844,31.248755627161877,20.98437148166667,85.35006596054866,66.3628991321667,-39.16382752572574,-13.200595819341213,2.821088191666656,-59.93441289083336,376.3201201,104.64243849999998,271.6776816,clean,global_power_x0p5
1,alexnet,alexnet,pooled_source_day_thresholds,source-day,kW/m2,36,540,225,315,30,0.9067727686870272,0.7195042840411837,284,0,225,31,0.9425925925925925,1.0,0.9015873015873016,0.9482470784641068,0.0,0.993989417989418,0.9959248104248343,82.50134308320953,57.25166536199656,28.87920038588886,26.34616935342588,22.3203282925,105.22602764101919,82.67462763761905,-44.974249896330846,4.600685487694878,-18.447768295833335,-80.38491802777777,,,,clean,global_power_x0p5
1,alexnet,alexnet,2025.06.11_0.3_2,source-day,kW/m2,18,270,105,165,15,0.8998032379552187,0.7342939724704372,148,0,105,17,0.937037037037037,1.0,0.896969696969697,0.9456869009584664,0.0,0.9954401154401155,0.9973249294623872,84.84813384087983,61.336384886797724,37.32073707438345,17.722677582612405,15.861985911666665,104.37512886551023,82.14233062893942,-40.18763664885328,20.324937558901116,-12.526100824999997,-78.69563841742428,368.97810499999997,147.47299479999998,221.5051102,clean,global_power_x0p5
1,alexnet,alexnet,2025.06.18_0.3_3,source-day,kW/m2,18,270,120,150,15,0.9135066394417923,0.695916815842414,136,0,120,14,0.9481481481481482,1.0,0.9066666666666666,0.951048951048951,0.0,0.9978333333333333,0.998300709191188,80.08581275598718,53.166945837195414,18.57505489055831,32.774196839916016,28.77867067333334,106.15413886074751,83.2601543471667,-49.76086314380842,-9.15803507461058,-24.369435766666676,-82.2431255991667,376.3201201,104.64243849999998,271.6776816,clean,global_power_x0p5
1,hgb,hgb,pooled_source_day_thresholds,source-day,kW/m2,36,540,225,315,30,0.9267927643062169,0.8060730998860272,303,3,222,12,0.9722222222222222,0.9901960784313726,0.9619047619047619,0.9758454106280193,0.013333333333333334,0.9938059964726631,0.996286662656388,73.10829060846397,51.67821092597751,45.93748884443915,31.306514598241304,22.48292223361723,87.49416426387255,66.26552065228702,-35.60863071163948,1.882577522970886,4.250054793241631,-62.38806516493259,,,,clean,global_power_x0p5
1,hgb,hgb,2025.06.11_0.3_2,source-day,kW/m2,18,270,105,165,15,0.9230489794228022,0.8320586213919617,159,3,102,6,0.9666666666666667,0.9814814814814815,0.9636363636363636,0.9724770642201835,0.02857142857142857,0.9935930735930736,0.9965876690545089,74.35713421233098,56.62259687953649,58.283307164762604,37.69215696597875,27.045482597602742,82.9803339737995,63.39798878745923,-36.511728998865415,-0.16068346215465876,-1.1432546550770057,-59.6442125222268,368.97810499999997,147.47299479999998,221.5051102,clean,global_power_x0p5
1,hgb,hgb,2025.06.18_0.3_3,source-day,kW/m2,18,270,120,150,15,0.9304051793766277,0.7705844576017784,144,0,120,6,0.9777777777777777,1.0,0.96,0.9795918367346939,0.0,0.9994444444444444,0.9995555160434119,71.837740103045,46.73382497241853,31.37512143713569,23.227075059761866,17.920361869631723,92.20450655714579,69.4198057035976,-34.705532424413526,3.6704308849557368,9.643364241560269,-65.40630307190894,376.3201201,104.64243849999998,271.6776816,clean,global_power_x0p5
1,extra_trees,extra_trees,pooled_source_day_thresholds,source-day,kW/m2,36,540,225,315,30,0.9214317183429126,0.7960797827092528,285,2,223,30,0.9407407407407408,0.9930313588850174,0.9047619047619048,0.946843853820598,0.008888888888888889,0.9895873015873017,0.9931657279295434,75.73789889965194,54.97175156003757,49.973512921451,27.865482150913863,24.647712860440112,89.72019360868116,68.13324553930819,-33.577594216960044,12.717863763289241,-18.441178242154315,-66.64577848856666,,,,clean,global_power_x0p5
1,extra_trees,extra_trees,2025.06.11_0.3_2,source-day,kW/m2,18,270,105,165,15,0.9134365327824272,0.8207011661850871,145,0,105,20,0.9259259259259259,1.0,0.8787878787878788,0.9354838709677419,0.0,0.9860894660894661,0.9918258117377637,78.86472131100335,62.06707899828612,66.64210037568951,35.45376564533231,34.0133238294362,85.7403108848488,66.73795135364675,-27.133330812344603,33.574850886864574,-34.0133238294362,-65.7658100754777,368.97810499999997,147.47299479999998,221.5051102,clean,global_power_x0p5
1,extra_trees,extra_trees,2025.06.18_0.3_3,source-day,kW/m2,18,270,120,150,15,0.9291624305020693,0.7620522663750398,140,2,118,10,0.9555555555555556,0.9859154929577465,0.9333333333333333,0.958904109589041,0.016666666666666666,0.9985555555555555,0.9988120047292244,72.47630227878331,47.87642412178901,28.22253777628821,17.204670661528294,15.282101891444013,93.90344293359438,69.66806914353577,-40.021857621575485,-5.531999969839175,-2.8690326548724303,-67.61374374296453,376.3201201,104.64243849999998,271.6776816,clean,global_power_x0p5
1,ensemble__original3_hgb_extra_trees,ensemble__original3_hgb_extra_trees,pooled_source_day_thresholds,source-day,kW/m2,36,540,225,315,30,0.928711411197064,0.803511820088043,288,1,224,27,0.9481481481481482,0.9965397923875432,0.9142857142857143,0.9536423841059603,0.0044444444444444444,0.9935661375661375,0.9957262307642696,72.14390303634053,51.5437510039439,40.404378805891874,20.35369689125257,14.688116431602403,88.07005637587844,67.15741532301078,-34.27217610483422,9.056939804069184,-7.4469572329534826,-65.2215446111938,,,,clean,global_power_x0p5
1,ensemble__original3_hgb_extra_trees,ensemble__original3_hgb_extra_trees,2025.06.11_0.3_2,source-day,kW/m2,18,270,105,165,15,0.924079985723727,0.8274608452020218,149,0,105,16,0.9407407407407408,1.0,0.9030303030303031,0.9490445859872612,0.0,0.9944011544011544,0.9967896741987506,73.8573280120105,57.04198455975783,53.94647494904185,22.390337301846902,15.146193828050274,84.10855166949091,65.01429912407714,-29.484432337674257,24.147539712866063,-13.955135167845667,-63.61386909710902,368.97810499999997,147.47299479999998,221.5051102,clean,global_power_x0p5
1,ensemble__original3_hgb_extra_trees,ensemble__original3_hgb_extra_trees,2025.06.18_0.3_3,source-day,kW/m2,18,270,120,150,15,0.9331843045167909,0.770450645489938,139,1,119,11,0.9555555555555556,0.9928571428571429,0.9266666666666666,0.9586206896551724,0.008333333333333333,0.9989444444444444,0.9991406851443597,70.38878170248508,46.04551744812999,22.68301204744661,18.089188754377364,14.230039035154531,92.23139288101687,69.5148431418378,-39.05991987199419,-4.147335116128086,-0.9387792980612973,-66.9899876766871,376.3201201,104.64243849999998,271.6776816,clean,global_power_x0p5
1,ensemble__original3_mse,ensemble__original3_mse,pooled_source_day_thresholds,source-day,kW/m2,36,540,225,315,30,0.9293518644909754,0.8001845348802261,292,1,224,23,0.9555555555555556,0.9965870307167235,0.926984126984127,0.9605263157894737,0.0044444444444444444,0.9949065255731924,0.996632430364123,71.81910319574709,52.778830097822464,36.556945678036584,28.490225124386427,22.808807873128284,88.81260497696567,70.59729381904434,-34.14238143029105,9.883085802255165,0.8054954916119382,-65.58914373925265,,,,clean,global_power_x0p5
1,ensemble__original3_mse,ensemble__original3_mse,2025.06.11_0.3_2,source-day,kW/m2,18,270,105,165,15,0.9234692757039433,0.8164414012032291,154,0,105,11,0.9592592592592593,1.0,0.9333333333333333,0.9655172413793104,0.0,0.994920634920635,0.997343424170488,74.153791766077,57.968219318554716,48.09443702352634,25.595085398833533,20.74839208791224,86.75283746519669,69.81041279405221,-26.316619396757172,32.63253101312145,10.395739698454479,-63.82971511213447,315.4661173,93.96100709999999,221.5051102,clean,global_power_x0p5
1,ensemble__original3_mse,ensemble__original3_mse,2025.06.18_0.3_3,source-day,kW/m2,18,270,120,150,15,0.9350372080695782,0.7764187198543674,138,1,119,12,0.9518518518518518,0.9928057553956835,0.92,0.9550173010380623,0.008333333333333333,0.9982777777777777,0.9986566298516082,69.40592434652841,47.58944087709025,21.950598087905764,31.117156982970943,24.869223658344335,91.02453074187984,71.4628629465357,-41.96814346382495,-10.022678757252832,-8.784748715230604,-67.52451522908264,376.3201201,104.64243849999998,271.6776816,clean,global_power_x0p5
1,ensemble__original3_performance,ensemble__original3_performance,pooled_source_day_thresholds,source-day,kW/m2,36,540,225,315,30,0.9265530830480216,0.7893112750727983,283,1,224,32,0.9388888888888889,0.9964788732394366,0.8984126984126984,0.9449081803005008,0.0044444444444444444,0.9953015873015872,0.9968597100479702,73.2278714666732,53.35149930158768,35.01303400643354,30.698392882924406,25.687123744715183,91.19703250403724,72.8904439006823,-35.431009362556956,12.049604739166929,-12.882543879479499,-69.34573372093118,,,,clean,global_power_x0p5
1,ensemble__original3_performance,ensemble__original3_performance,2025.06.11_0.3_2,source-day,kW/m2,18,270,105,165,15,0.9231122510550791,0.8140463415310587,149,0,105,16,0.9407407407407408,1.0,0.9030303030303031,0.9490445859872612,0.0,0.9956132756132756,0.9976586827792769,74.32655849868657,57.756864592783536,47.166990140663295,19.657815448082566,16.943268480678054,87.3169756775176,69.74462006656616,-27.624987931587796,32.152782374958285,-5.360555349770803,-65.66538721757166,368.97810499999997,147.47299479999998,221.5051102,clean,global_power_x0p5
1,ensemble__original3_performance,ensemble__original3_performance,2025.06.18_0.3_3,source-day,kW/m2,18,270,120,150,15,0.9298719015987891,0.7550105641865169,134,1,119,16,0.937037037037037,0.9925925925925926,0.8933333333333333,0.9403508771929825,0.008333333333333333,0.9977777777777778,0.9982033440144426,72.11244705888534,48.94613401039183,18.760375604345835,38.70856420739336,34.43097900875231,95.28277747433724,76.35085011821005,-43.23703079352613,-5.540675692150506,-20.404532409188196,-73.39411487462662,376.3201201,104.64243849999998,271.6776816,clean,global_power_x0p5
1,ensemble__original3_hgb,ensemble__original3_hgb,pooled_source_day_thresholds,source-day,kW/m2,36,540,225,315,30,0.9316779299061126,0.8076629747953966,301,0,225,14,0.9740740740740741,1.0,0.9555555555555556,0.9772727272727273,0.0,0.9949065255731923,0.9967819242255481,70.62689826949382,49.9228041206942,36.63502092153697,24.869839378338632,18.0944141419897,87.13477354111185,67.1214030174074,-35.08693910768033,4.729158967068764,3.0244803361158827,-63.52700916107253,,,,clean,global_power_x0p5
1,ensemble__original3_hgb,ensemble__original3_hgb,2025.06.11_0.3_2,source-day,kW/m2,18,270,105,165,15,0.9289627157869578,0.8311617983390303,158,0,105,7,0.9740740740740741,1.0,0.9575757575757575,0.978328173374613,0.0,0.9957864357864359,0.9976500240380015,71.44282615990222,54.52952564648028,47.39774543268441,28.742509887529238,22.18159450176129,83.20160043813694,65.09687999373003,-32.88430823998062,11.507144700632237,2.9623203988683544,-61.133414656734274,368.97810499999997,147.47299479999998,221.5051102,clean,global_power_x0p5
1,ensemble__original3_hgb,ensemble__original3_hgb,2025.06.18_0.3_3,source-day,kW/m2,18,270,120,150,15,0.934294718688215,0.7752324090774192,143,0,120,7,0.9740740740740741,1.0,0.9533333333333334,0.9761092150170648,0.0,0.9993888888888889,0.9995098539429552,69.80143342815283,45.31608259490811,23.468189811186104,20.270321822161808,14.007233782218098,91.2656970011934,69.34837834345251,-37.289569975380026,-1.2015785497992781,3.086640273363411,-66.15996311584463,376.3201201,104.64243849999998,271.6776816,clean,global_power_x0p5
1,ensemble__original3_extra_trees,ensemble__original3_extra_trees,pooled_source_day_thresholds,source-day,kW/m2,36,540,225,315,30,0.9255900698301753,0.7998043821099912,284,1,224,31,0.9407407407407408,0.9964912280701754,0.9015873015873016,0.9466666666666667,0.0044444444444444444,0.9918730158730158,0.9945366224011023,73.70637864588197,53.2369767928759,44.43594534115988,22.593652110768545,19.731744498736,88.89704867772508,68.12108411386268,-33.7187910202928,12.00916927303072,-13.629509808712754,-66.38161980123814,,,,clean,global_power_x0p5
1,ensemble__original3_extra_trees,ensemble__original3_extra_trees,2025.06.11_0.3_2,source-day,kW/m2,18,270,105,165,15,0.9188774794832089,0.8231459421951324,145,0,105,20,0.9259259259259259,1.0,0.8787878787878788,0.9354838709677419,0.0,0.9916883116883116,0.9950530071885244,76.34597912969029,59.664288716324876,59.94516517762454,25.511237630967475,22.911057947463533,85.15376131641946,66.48548953847774,-26.929152958447737,33.33927091842879,-22.911057947463533,-65.2817863346419,368.97810499999997,147.47299479999998,221.5051102,clean,global_power_x0p5
1,ensemble__original3_extra_trees,ensemble__original3_extra_trees,2025.06.18_0.3_3,source-day,kW/m2,18,270,120,150,15,0.9320788678089915,0.7674086577327851,139,1,119,11,0.9555555555555556,0.9928571428571429,0.9266666666666666,0.9586206896551724,0.008333333333333333,0.9988333333333332,0.9990484208619546,70.96866898081959,46.809664869426946,23.622919956658077,19.23858066337486,16.552431050008465,92.84050668007751,69.92023814678615,-40.50842908213786,-6.654669666692589,-4.347961669961976,-67.59143661449407,376.3201201,104.64243849999998,271.6776816,clean,global_power_x0p5
1,ensemble__simple_equal,ensemble__simple_equal,pooled_source_day_thresholds,source-day,kW/m2,36,540,225,315,30,0.924399849117547,0.7864571931005655,271,1,224,44,0.9166666666666666,0.9963235294117647,0.8603174603174604,0.9233390119250426,0.0044444444444444444,0.9951463844797178,0.9966871917587965,74.29352359067029,54.48904482273563,38.019442589734695,31.249044151327755,27.755488738056272,91.812652175145,72.61151514481153,-36.057826213439895,12.13647612072399,-22.291977438115865,-70.48232788069983,,,,clean,global_power_x0p5
1,ensemble__simple_equal,ensemble__simple_equal,2025.06.11_0.3_2,source-day,kW/m2,18,270,105,165,15,0.9234877058113078,0.8188333792553939,144,0,105,21,0.9222222222222223,1.0,0.8727272727272727,0.9320388349514563,0.0,0.9968831168831169,0.9982064824520063,74.144862380879,57.78441806462214,49.636524786633636,27.82619853626643,23.73146265023597,86.18573967910136,68.13841325927964,-30.235553116909482,25.74643825579698,-23.73146265023597,-65.8604567177227,368.97810499999997,147.47299479999998,221.5051102,clean,global_power_x0p5
1,ensemble__simple_equal,ensemble__simple_equal,2025.06.18_0.3_3,source-day,kW/m2,18,270,120,150,15,0.9252680432230503,0.7428000976507103,127,1,119,23,0.9111111111111111,0.9921875,0.8466666666666667,0.9136690647482014,0.008333333333333333,0.998,0.9983247230407677,74.44188792310062,51.19367158084912,23.546969211167394,34.3323199880746,31.779514825876582,97.62839040143253,77.53192721889663,-41.88009930997032,0.22775925253512833,-20.852492225995764,-75.56638615997467,434.0180833,162.3404017,271.6776816,clean,global_power_x0p5
1,randomforest,randomforest,pooled_source_day_thresholds,source-day,kW/m2,36,540,225,315,30,0.8893094649382688,0.7610562227089406,272,3,222,43,0.9148148148148149,0.9890909090909091,0.8634920634920635,0.9220338983050848,0.013333333333333334,0.9354144620811287,0.9586231062152315,89.89693166788236,75.75770383643166,78.67867269149245,120.47078714122677,109.98331426749996,97.1198318699444,79.40473766952381,27.37212765397795,25.53314869176932,-103.37017142083329,28.685684055555548,,,,clean,global_power_x2
1,randomforest,randomforest,2025.06.11_0.3_2,source-day,kW/m2,18,270,105,165,15,0.8950667976622942,0.7845502096293785,144,1,104,21,0.9185185185185185,0.993103448275862,0.8727272727272727,0.9290322580645162,0.009523809523809525,0.9446753246753247,0.9656452609483683,86.83042259303376,74.95125939108074,74.20202144396809,113.31350044752453,113.05807374166666,93.98734018895078,80.76827643727275,39.42370273950663,35.52023036111233,-113.05807374166666,41.907730616666655,368.97810499999997,147.47299479999998,221.5051102,clean,global_power_x2
1,randomforest,randomforest,2025.06.18_0.3_3,source-day,kW/m2,18,270,120,150,15,0.8837079988705877,0.7277030717260405,128,2,118,22,0.9111111111111111,0.9846153846153847,0.8533333333333334,0.9142857142857143,0.016666666666666666,0.9253888888888889,0.9511815364836766,92.86223322166546,76.56414828178261,82.3964677207307,127.22606543150818,106.90855479333334,100.45281246318714,77.90484502500001,15.320552568449246,16.794452231094173,-93.6822691,14.141432838333309,376.3201201,104.64243849999998,271.6776816,clean,global_power_x2
1,conformer,conformer,pooled_source_day_thresholds,source-day,kW/m2,36,540,225,315,30,0.9370563386344956,0.8299150310409884,261,0,225,54,0.9,1.0,0.8285714285714286,0.90625,0.0,0.9862151675485009,0.9910706447692013,67.78999881022533,54.291760126340165,40.366562375708256,74.57751332203077,65.78193718145833,81.9394466961727,70.12265600533729,15.884378928284633,-11.991866635311307,-62.67111972812501,35.795982902281736,,,,clean,global_power_x2
1,conformer,conformer,2025.06.11_0.3_2,source-day,kW/m2,18,270,105,165,15,0.9244615280628472,0.8238243976751423,135,0,105,30,0.8888888888888888,1.0,0.8181818181818182,0.9,0.0,0.995093795093795,0.9973276248775411,73.6715061832197,62.000211010066295,51.04344186458425,94.2677596126102,89.34566723125,84.99026902469636,74.57942983564392,9.955131899448132,-24.66988137493096,-89.34566723125,31.989231255871193,368.97810499999997,147.47299479999998,221.5051102,clean,global_power_x2
1,conformer,conformer,2025.06.18_0.3_3,source-day,kW/m2,18,270,120,150,15,0.9492470992735335,0.8339392284860574,126,0,120,24,0.9111111111111111,1.0,0.84,0.9130434782608695,0.0,0.9973333333333334,0.9978561668969601,61.34718456519846,46.58330924261403,27.847485678236804,47.29905373487388,42.218207131666674,78.44662344841912,65.22020479199998,21.81362595712112,-0.8986037381441117,-35.99657222500001,39.983409713333316,434.0180833,162.3404017,271.6776816,clean,global_power_x2
1,alexnet,alexnet,pooled_source_day_thresholds,source-day,kW/m2,36,540,225,315,30,0.966719640538993,0.9064700030572127,271,0,225,44,0.9185185185185185,1.0,0.8603174603174604,0.9249146757679181,0.0,0.9871322751322752,0.9917540415835105,49.292816045170355,36.25062662495981,25.740335478171666,43.91359975290391,38.385372207500005,60.76248397456153,48.5368351997619,11.185169893922975,4.221944025970701,-36.22305892083333,16.15890265674603,,,,clean,global_power_x2
1,alexnet,alexnet,2025.06.11_0.3_2,source-day,kW/m2,18,270,105,165,15,0.9600968850550899,0.8992911483665391,140,0,105,25,0.9074074074074074,1.0,0.8484848484848485,0.9180327868852459,0.0,0.9912265512265512,0.9949068802478225,53.5449911210942,40.85357445829365,29.728721936783028,55.89417165581734,52.43594249166666,64.25843487531994,52.391827512575766,8.423559365324968,-1.3400143570215033,-52.43594249166666,14.636742643181817,368.97810499999997,147.47299479999998,221.5051102,clean,global_power_x2
1,alexnet,alexnet,2025.06.18_0.3_3,source-day,kW/m2,18,270,120,150,15,0.9731298958622469,0.9133436883821802,131,0,120,19,0.9296296296296296,1.0,0.8733333333333333,0.9323843416370107,0.0,0.9988333333333334,0.9990319563001548,44.63739859319706,31.647678791625957,21.656103937372926,27.06750933178949,24.33480192333334,56.66838417941059,44.296343655666675,13.946780422520982,9.088657611088882,-20.01017535000001,17.833278671666662,376.3201201,104.64243849999998,271.6776816,clean,global_power_x2
1,hgb,hgb,pooled_source_day_thresholds,source-day,kW/m2,36,540,225,315,30,0.9303210364680264,0.8427684318392482,288,0,225,27,0.95,1.0,0.9142857142857143,0.9552238805970149,0.0,0.9913509700176366,0.9944728285378933,71.32478420919655,54.06613245668225,59.32939759278909,47.686068142282465,35.27144695360886,78.78253161732637,60.37249719030421,28.765322323500996,3.44480495897623,-22.990145588140955,46.8514061553044,,,,clean,global_power_x2
1,hgb,hgb,2025.06.11_0.3_2,source-day,kW/m2,18,270,105,165,15,0.9237663813796457,0.8465636441105185,146,0,105,19,0.9296296296296296,1.0,0.8848484848484849,0.9389067524115756,0.0,0.9968831168831169,0.9980591476043166,74.00971279148705,57.64424185866571,64.7993387065229,63.760365613386455,54.73721532906156,79.31593700740699,62.95108192847759,18.427587204822466,-22.23541644462372,-54.73721532906156,44.30404407265187,368.97810499999997,147.47299479999998,221.5051102,clean,global_power_x2
1,hgb,hgb,2025.06.18_0.3_3,source-day,kW/m2,18,270,120,150,15,0.9366577807516753,0.8350172446481487,142,0,120,8,0.9703703703703703,1.0,0.9466666666666667,0.9726027397260274,0.0,0.9993888888888889,0.9995158446670775,68.5347510209128,50.48802305469877,54.091336186156,21.966746836709795,15.805678578156172,78.19158302000487,57.53605397831347,39.10305744217952,25.914998687126186,8.75692415277963,49.65350444622219,376.3201201,104.64243849999998,271.6776816,clean,global_power_x2
1,extra_trees,extra_trees,pooled_source_day_thresholds,source-day,kW/m2,36,540,225,315,30,0.9196834878063668,0.8121204216152684,279,2,223,36,0.9296296296296296,0.9928825622775801,0.8857142857142857,0.9362416107382551,0.008888888888888889,0.9736860670194003,0.9851497543504377,76.57588870411212,59.642609784636555,60.74671631253216,91.33466811152543,74.09952839926524,86.11917245979426,67.4541925907781,26.849031852884764,6.512986259923008,-68.24463211130113,41.3747787050003,,,,clean,global_power_x2
1,extra_trees,extra_trees,2025.06.11_0.3_2,source-day,kW/m2,18,270,105,165,15,0.9032342405952166,0.7882477225931552,144,0,105,21,0.9222222222222223,1.0,0.8727272727272727,0.9320388349514563,0.0,0.9968831168831169,0.9980866231446658,83.38276759756212,66.49286072794565,65.07812622430899,126.36926740206032,125.66930877726656,93.17735249124424,75.08244245351904,15.346576032838335,-21.86630957487718,-125.66930877726656,39.02750323774822,368.97810499999997,147.47299479999998,221.5051102,clean,global_power_x2
1,extra_trees,extra_trees,2025.06.18_0.3_3,source-day,kW/m2,18,270,120,150,15,0.9356054229260384,0.8374315617743568,135,2,118,15,0.937037037037037,0.9854014598540146,0.9,0.9407665505226481,0.016666666666666666,0.9981666666666666,0.9984713095426719,69.10171871538418,52.792358841327456,56.68588399158478,26.736706123821307,22.529748021263966,77.61735629245698,59.063117741763094,38.35148767293118,31.344870115373173,-10.819955445335733,43.95678171897759,376.3201201,104.64243849999998,271.6776816,clean,global_power_x2
1,ensemble__original3_hgb_extra_trees,ensemble__original3_hgb_extra_trees,pooled_source_day_thresholds,source-day,kW/m2,36,540,225,315,30,0.9338852116979347,0.8387523013933912,277,1,224,38,0.9277777777777778,0.9964028776978417,0.8793650793650793,0.9342327150084317,0.0044444444444444444,0.9874991181657848,0.9919627989198294,69.4766598576799,54.37609184386199,51.705922444388065,70.4952234194585,57.45180978093,79.78234955233039,63.42125892029837,24.529744628289084,2.5248119292220204,-53.60657173206435,40.24755369905128,,,,clean,global_power_x2
1,ensemble__original3_hgb_extra_trees,ensemble__original3_hgb_extra_trees,2025.06.11_0.3_2,source-day,kW/m2,18,270,105,165,15,0.9225854409168263,0.8289257791811285,144,0,105,21,0.9222222222222223,1.0,0.8727272727272727,0.9320388349514563,0.0,0.9988455988455988,0.9992735315847057,74.58075466670881,60.295843363247826,57.277728016922644,96.99879113186759,95.50204807303015,83.75073107542005,69.0590689013234,15.181610567978279,-20.456251353434233,-95.50204807303015,37.860249972513515,368.97810499999997,147.47299479999998,221.5051102,clean,global_power_x2
1,ensemble__original3_hgb_extra_trees,ensemble__original3_hgb_extra_trees,2025.06.18_0.3_3,source-day,kW/m2,18,270,120,150,15,0.9448204846676146,0.8474992654791634,133,1,119,17,0.9333333333333333,0.9925373134328358,0.8866666666666667,0.9366197183098591,0.008333333333333333,0.9983888888888889,0.998661100246998,63.96658161339943,48.45634032447616,46.283595028249685,23.030144786237567,19.401571488829852,75.17556437403996,57.219667941170854,33.8778786885999,22.633242301546243,-11.711095391098569,42.87358779824282,376.3201201,104.64243849999998,271.6776816,clean,global_power_x2
1,ensemble__original3_mse,ensemble__original3_mse,pooled_source_day_thresholds,source-day,kW/m2,36,540,225,315,30,0.9476025535479424,0.8558446696809301,264,0,225,51,0.9055555555555556,1.0,0.8380952380952381,0.9119170984455959,0.0,0.9875978835978836,0.991873920246656,61.85070961395389,48.63013663595743,34.849926709504324,68.74399558708714,61.766221439793526,75.43543729451854,63.146291197802455,15.483399430221123,-6.095830688381214,-59.01333173175054,30.897135229222798,,,,clean,global_power_x2
1,ensemble__original3_mse,ensemble__original3_mse,2025.06.11_0.3_2,source-day,kW/m2,18,270,105,165,15,0.9385050647122387,0.8513333232878507,138,0,105,27,0.9,1.0,0.8363636363636363,0.9108910891089109,0.0,0.9961327561327561,0.997790547533898,66.47144589407473,54.548529615818325,42.2274935459012,85.84900034020451,82.30613935523421,78.073408153828,66.90366009292612,11.32885106784018,-15.82380280214258,-82.30613935523421,28.607812621465573,368.97810499999997,147.47299479999998,221.5051102,clean,global_power_x2
1,ensemble__original3_mse,ensemble__original3_mse,2025.06.18_0.3_3,source-day,kW/m2,18,270,120,150,15,0.9564067557662063,0.8584633706875993,126,0,120,24,0.9111111111111111,1.0,0.84,0.9130434782608695,0.0,0.9974444444444444,0.9979251874372662,56.855672014763776,42.71174365609653,26.775997639405173,45.622614996758784,41.226303524352836,72.42277371643785,59.01318541316644,19.63794779260207,2.4161449111599804,-35.72052410826687,33.41539009775574,434.0180833,162.3404017,271.6776816,clean,global_power_x2
1,ensemble__original3_performance,ensemble__original3_performance,pooled_source_day_thresholds,source-day,kW/m2,36,540,225,315,30,0.9481887390650369,0.8586305082785601,265,1,224,50,0.9055555555555556,0.9962406015037594,0.8412698412698413,0.9122203098106713,0.0044444444444444444,0.9877671957671957,0.9920208641076316,61.50376557902648,48.48024509168177,35.577563257044176,71.00292046787573,65.18787136771752,74.70297673190541,61.73276041453426,16.518628801080432,-1.1099484229333243,-62.18288679039508,29.110469675375963,,,,clean,global_power_x2
1,ensemble__original3_performance,ensemble__original3_performance,2025.06.11_0.3_2,source-day,kW/m2,18,270,105,165,15,0.9410539136118347,0.8558709512915943,139,0,105,26,0.9037037037037037,1.0,0.8424242424242424,0.9144736842105263,0.0,0.9954978354978354,0.9974133991930467,65.07930995494719,52.87914655378943,40.05742748968083,85.59215277443096,83.06002514637474,76.8726905262439,65.06373808982742,14.519281673296193,-7.962515753833834,-83.06002514637474,28.825880036015306,368.97810499999997,147.47299479999998,221.5051102,clean,global_power_x2
1,ensemble__original3_performance,ensemble__original3_performance,2025.06.18_0.3_3,source-day,kW/m2,18,270,120,150,15,0.9550913348292334,0.8591727141297496,126,1,119,24,0.9074074074074074,0.9921259842519685,0.84,0.9097472924187726,0.008333333333333333,0.997,0.9975431180102672,57.70710334601447,44.08134362957413,31.133307385333776,52.50535985376578,47.315717589060284,72.24106404848925,58.06868497171179,18.517975928864672,4.886047991604621,-41.30574843441541,29.423518278672702,434.0180833,162.3404017,271.6776816,clean,global_power_x2
1,ensemble__original3_hgb,ensemble__original3_hgb,pooled_source_day_thresholds,source-day,kW/m2,36,540,225,315,30,0.9407960911979385,0.8545539376888872,278,0,225,37,0.9314814814814815,1.0,0.8825396825396825,0.9376053962900506,0.0,0.9919435626102293,0.9946096059453151,65.74531581406626,51.09920944347969,48.33045077420004,50.712528807976845,39.775619371869624,75.77240004278686,60.35578004578724,24.03961316476595,0.05024608213747127,-35.807197912078585,41.174875366643434,,,,clean,global_power_x2
1,ensemble__original3_hgb,ensemble__original3_hgb,2025.06.11_0.3_2,source-day,kW/m2,18,270,105,165,15,0.933586721771139,0.855689471563291,144,0,105,21,0.9222222222222223,1.0,0.8727272727272727,0.9320388349514563,0.0,0.9987878787878788,0.9992401189889231,69.07850186720455,55.81753278515311,54.52095863637127,68.92510760750179,64.54624055935201,76.92107232831147,63.73501619126593,15.901856356395857,-19.954163831127975,-64.54624055935201,38.719323748456475,368.97810499999997,147.47299479999998,221.5051102,clean,global_power_x2
1,ensemble__original3_hgb,ensemble__original3_hgb,2025.06.18_0.3_3,source-day,kW/m2,18,270,120,150,15,0.9477693881893765,0.8502744619081265,134,0,120,16,0.9407407407407408,1.0,0.8933333333333333,0.9436619718309859,0.0,0.999,0.9991733582800502,62.233862830176626,46.38088610180626,42.17484820090975,19.82046158630168,15.004998184387247,74.48840428121419,56.6386202857607,32.177369973136045,17.554104756244737,-7.068155264805156,43.87598214664909,376.3201201,104.64243849999998,271.6776816,clean,global_power_x2
1,ensemble__original3_extra_trees,ensemble__original3_extra_trees,pooled_source_day_thresholds,source-day,kW/m2,36,540,225,315,30,0.9298232412629739,0.8283989426910479,277,1,224,38,0.9277777777777778,0.9964028776978417,0.8793650793650793,0.9342327150084317,0.0044444444444444444,0.9816296296296296,0.9887542355338781,71.57910736510279,56.140816915193604,53.03844208703349,84.2969948555036,69.68914128083576,82.303828794049,65.46440163192808,24.007623747218855,3.360782022846952,-65.93680701641348,38.755367836055925,,,,clean,global_power_x2
1,ensemble__original3_extra_trees,ensemble__original3_extra_trees,2025.06.11_0.3_2,source-day,kW/m2,18,270,105,165,15,0.9155650725866951,0.8105966106342926,144,0,105,21,0.9222222222222223,1.0,0.8727272727272727,0.9320388349514563,0.0,0.9987301587301587,0.9992057490493589,77.88907001702728,62.806294008145066,58.282652821441346,115.59347294276478,114.82851642175847,88.12318690167353,72.41408028745651,14.342144791588808,-20.355682881693532,-114.82851642175847,36.422580583677565,368.97810499999997,147.47299479999998,221.5051102,clean,global_power_x2
1,ensemble__original3_extra_trees,ensemble__original3_extra_trees,2025.06.18_0.3_3,source-day,kW/m2,18,270,120,150,15,0.9436242215792388,0.8466465110456611,133,1,119,17,0.9333333333333333,0.9925373134328358,0.8866666666666667,0.9366197183098591,0.008333333333333333,0.9980555555555555,0.9983677451506433,64.65624482022169,49.47533982224214,47.98186082516161,29.15674358305306,24.54976613991302,75.3854549303661,57.8197551108468,33.6731027028489,24.11268881431987,-17.045097611068517,41.32143381367214,376.3201201,104.64243849999998,271.6776816,clean,global_power_x2
1,ensemble__simple_equal,ensemble__simple_equal,pooled_source_day_thresholds,source-day,kW/m2,36,540,225,315,30,0.9414506883417675,0.8515706737508968,271,1,224,44,0.9166666666666666,0.9963235294117647,0.8603174603174604,0.9233390119250426,0.0044444444444444444,0.9891075837742505,0.9927522103777034,65.3808439445273,52.55192353889601,45.34603450612704,69.15080940706915,62.24917087432032,76.54554464185662,62.242569530516995,22.01120613051429,5.544203460265594,-58.69982555384674,33.773350894977646,,,,clean,global_power_x2
1,ensemble__simple_equal,ensemble__simple_equal,2025.06.11_0.3_2,source-day,kW/m2,18,270,105,165,15,0.9343366735204558,0.8468282055249077,144,0,105,21,0.9222222222222223,1.0,0.8727272727272727,0.9320388349514563,0.0,0.9988455988455989,0.9992604282057338,68.68737056107958,56.53090110095316,47.571466324034404,88.22764322675445,87.04924151418226,79.24752756979518,66.5548298210117,18.315311448388137,-6.918278278068203,-87.04924151418226,34.37305036522399,368.97810499999997,147.47299479999998,221.5051102,clean,global_power_x2
1,ensemble__simple_equal,ensemble__simple_equal,2025.06.18_0.3_3,source-day,kW/m2,18,270,120,150,15,0.9483317265777725,0.8543855146662284,127,1,119,23,0.9111111111111111,0.9921875,0.8466666666666667,0.9136690647482014,0.008333333333333333,0.997611111111111,0.9979717295243716,61.89793724513123,48.572945976838874,43.305068733249634,42.18473484517985,37.44910023445836,73.45866294026041,57.499083210972834,25.707100812640437,16.448874981307664,-30.35040959351121,33.113681477706656,376.3201201,104.64243849999998,271.6776816,clean,global_power_x2
1,randomforest,randomforest,pooled_source_day_thresholds,source-day,kW/m2,36,540,225,315,30,0.9305489706888568,0.8935347702142683,270,1,224,45,0.9148148148148149,0.996309963099631,0.8571428571428571,0.9215017064846417,0.0044444444444444444,0.9576366843033509,0.9726521873779463,71.20802962953876,55.370989795714074,79.28194498229419,116.64458106734456,109.63997741583331,64.82819911535148,44.2395179086508,-4.979263969285936,23.361169698713766,-102.57030162916661,-25.222430875000004,,,,clean,time_permutation
1,randomforest,randomforest,2025.06.11_0.3_2,source-day,kW/m2,18,270,105,165,15,0.9442530117725962,0.928626493025111,144,0,105,21,0.9222222222222223,1.0,0.8727272727272727,0.9320388349514563,0.0,0.9432611832611832,0.9683172796943313,63.288697217214434,48.34951021307147,75.50606658988434,109.21389855272773,106.38760290833332,54.09596092719952,35.990314290757574,4.442717004552943,30.599654096231383,-106.38760290833332,-12.20260659924243,368.97810499999997,147.47299479999998,221.5051102,clean,time_permutation
1,randomforest,randomforest,2025.06.18_0.3_3,source-day,kW/m2,18,270,120,150,15,0.9172560472765139,0.8487059004475715,126,1,119,24,0.9074074074074074,0.9921259842519685,0.84,0.9097472924187726,0.008333333333333333,0.9739166666666667,0.9769074631807946,78.33075878599858,62.392469378356665,82.44410178986467,123.62945016324848,112.89235192333334,74.87756709210358,53.313641888333336,-14.401244943124816,17.027495850885835,-98.75300035000002,-39.54423757833334,434.0180833,162.3404017,271.6776816,clean,time_permutation
1,conformer,conformer,pooled_source_day_thresholds,source-day,kW/m2,36,540,225,315,30,0.9684505455036378,0.949687719493179,269,0,225,46,0.9148148148148149,1.0,0.8539682539682539,0.9212328767123288,0.0,0.9882892416225749,0.9924158805987422,47.99384589251644,36.51949819212908,52.41838354454552,49.98413503091618,44.53902429083334,44.565323251444205,33.412905850753965,3.5358734900239597,20.864766719113067,-41.6258255875,-8.841907387896832,,,,clean,time_permutation
1,conformer,conformer,2025.06.11_0.3_2,source-day,kW/m2,18,270,105,165,15,0.95865416705266,0.9488729004004675,143,0,105,22,0.9185185185185185,1.0,0.8666666666666667,0.9285714285714286,0.0,0.9871284271284271,0.9929650274587917,54.504369993847575,41.33478263646846,65.91584012546639,58.919644027172446,53.96057582499999,45.78486095122179,32.76394530416667,8.411415221422155,32.41931208544269,-53.96057582499999,-6.866337328409096,368.97810499999997,147.47299479999998,221.5051102,clean,time_permutation
1,conformer,conformer,2025.06.18_0.3_3,source-day,kW/m2,18,270,120,150,15,0.9779362486602682,0.9496770937582546,126,0,120,24,0.9111111111111111,1.0,0.84,0.9130434782608695,0.0,0.995,0.9960442960826041,40.44863580744103,31.704213747789712,36.744078001128095,39.05512843774819,35.11747275666668,43.18407154388077,34.12676245200001,-1.3396682413742378,10.75453952357464,-29.29107535000001,-11.015034453333339,434.0180833,162.3404017,271.6776816,clean,time_permutation
1,alexnet,alexnet,pooled_source_day_thresholds,source-day,kW/m2,36,540,225,315,30,0.9563495477516223,0.9228691240684848,267,0,225,48,0.9111111111111111,1.0,0.8476190476190476,0.9175257731958762,0.0,0.9799223985890652,0.988538085521726,56.452606564211194,44.05438876765147,58.188781191227974,45.078187798775886,39.53874981166667,55.179046452849974,43.55672686162699,-9.730311367379832,28.669801186343967,-38.67999694166667,-37.15896319146825,,,,clean,time_permutation
1,alexnet,alexnet,2025.06.11_0.3_2,source-day,kW/m2,18,270,105,165,15,0.938881910305001,0.9131126396464097,135,0,105,30,0.8888888888888888,1.0,0.8181818181818182,0.9,0.0,0.9688888888888889,0.9854650941604934,66.26746189431451,53.704894151535015,75.45839421776452,56.44923507869135,55.043219574999995,59.68629529083689,47.080938121439395,-6.095773336520553,45.936060257875724,-55.043219574999995,-39.20694016931819,368.97810499999997,147.47299479999998,221.5051102,clean,time_permutation
1,alexnet,alexnet,2025.06.18_0.3_3,source-day,kW/m2,18,270,120,150,15,0.973265834944649,0.9332065741816932,132,0,120,18,0.9333333333333333,1.0,0.88,0.9361702127659575,0.0,0.9991111111111112,0.9992559097959659,44.52434244177917,34.403883383767905,36.964897271506445,29.623806127404645,24.03428004833334,49.751661495237045,39.68009447583334,-13.364849398239109,13.561824498753676,-22.316774308333343,-34.906188515833335,434.0180833,162.3404017,271.6776816,clean,time_permutation
1,hgb,hgb,pooled_source_day_thresholds,source-day,kW/m2,36,540,225,315,30,0.9848539622979829,0.9784654716821816,294,0,225,21,0.9611111111111111,1.0,0.9333333333333333,0.9655172413793104,0.0,0.992352733686067,0.9953103907903438,33.25363627332946,19.930903640376965,38.26003408530527,26.146666466603097,16.49409465206665,29.15598655445055,18.098006003150033,1.9871813602467483,8.799397352159485,-1.0924107254537434,-2.8786872054052073,,,,clean,time_permutation
1,hgb,hgb,2025.06.11_0.3_2,source-day,kW/m2,18,270,105,165,15,0.9795349290368511,0.975552006762471,150,0,105,15,0.9444444444444444,1.0,0.9090909090909091,0.9523809523809523,0.0,0.9923809523809524,0.9960367605447762,38.34617754436013,23.085375425955668,46.96725297047723,29.168304398593918,16.327746955708456,31.660511710668267,17.123909644473773,1.9861626193139517,9.607872429152083,-12.874297660446095,-2.8640163505830416,368.97810499999997,147.47299479999998,221.5051102,clean,time_permutation
1,hgb,hgb,2025.06.18_0.3_3,source-day,kW/m2,18,270,120,150,15,0.9900047217417387,0.981582269111294,144,0,120,6,0.9777777777777777,1.0,0.96,0.9795918367346939,0.0,0.9996666666666666,0.9997326970090356,27.224608693867335,16.77643185479826,28.539431410728042,22.726776127346795,16.66044234842485,26.125149897434735,19.16951199769392,1.988200101179546,8.091981659790964,10.689476209538608,-2.89482514570959,376.3201201,104.64243849999998,271.6776816,clean,time_permutation
1,extra_trees,extra_trees,pooled_source_day_thresholds,source-day,kW/m2,36,540,225,315,30,0.9889555914843027,0.9840630337177396,296,2,223,19,0.9611111111111111,0.9932885906040269,0.9396825396825397,0.965742251223491,0.008888888888888889,0.9940176366843033,0.9960450870487416,28.39624120212231,17.401969457418005,32.47274686657812,9.7300667570891,5.974117884660442,25.082041747618685,14.64136126612881,0.8004328950307044,6.5204200993157695,2.3455670174926304,-3.285272250887199,,,,clean,time_permutation
1,extra_trees,extra_trees,2025.06.11_0.3_2,source-day,kW/m2,18,270,105,165,15,0.9838318299436707,0.9828382134000423,151,0,105,14,0.9481481481481482,1.0,0.9151515151515152,0.9556962025316456,0.0,0.9969408369408369,0.9983987755539478,34.083633404946006,20.913728092852622,43.37604810519686,4.646326961849588,2.606504096245273,26.52635455357053,12.771756914629211,1.212623229519434,7.080618730056584,-1.5675831082375953,-2.521555725367843,368.97810499999997,147.47299479999998,221.5051102,clean,time_permutation
1,extra_trees,extra_trees,2025.06.18_0.3_3,source-day,kW/m2,18,270,120,150,15,0.9939179898656061,0.9852361990289034,145,2,118,5,0.9740740740740741,0.9863945578231292,0.9666666666666667,0.9764309764309764,0.016666666666666666,0.9991111111111111,0.9992815348716644,21.236736160141604,13.890210821983388,18.18934609648744,12.95222158389866,9.341731673075612,23.390516962854772,16.697926052778374,0.38824256054197387,6.0302462974175555,6.258717143222856,-4.125360428958491,322.1142428,50.4365612,271.6776816,clean,time_permutation
1,ensemble__original3_hgb_extra_trees,ensemble__original3_hgb_extra_trees,pooled_source_day_thresholds,source-day,kW/m2,36,540,225,315,30,0.9867538390117804,0.9804056864630005,283,0,225,32,0.9407407407407408,1.0,0.8984126984126984,0.9464882943143813,0.0,0.9934673721340389,0.9957466985250274,31.098156149136642,21.258540733739164,35.187413325621705,17.80974172806746,14.817071737800385,27.811543101413132,18.705534927171946,0.9259977096188775,11.209405753578801,-10.306910833582801,-6.419293750352495,,,,clean,time_permutation
1,ensemble__original3_hgb_extra_trees,ensemble__original3_hgb_extra_trees,2025.06.11_0.3_2,source-day,kW/m2,18,270,105,165,15,0.9811539483562298,0.9787388450037063,146,0,105,19,0.9296296296296296,1.0,0.8848484848484849,0.9389067524115756,0.0,0.9961904761904763,0.9980271318192753,36.7981207116323,25.33776751803528,45.95783080644246,21.20605651954426,18.57480196246976,29.524989254568705,17.451453650025165,2.3370834479402056,14.848722463544087,-18.57480196246976,-5.624868652898628,368.97810499999997,147.47299479999998,221.5051102,clean,time_permutation
1,ensemble__original3_hgb_extra_trees,ensemble__original3_hgb_extra_trees,2025.06.18_0.3_3,source-day,kW/m2,18,270,120,150,15,0.9921771287146388,0.982043948499544,137,0,120,13,0.9518518518518518,1.0,0.9133333333333333,0.9547038327526133,0.0,0.9994444444444444,0.9995481415541683,24.085035682853132,17.17931394944304,21.758490759893473,13.589590418067388,11.05934151313101,25.79563069205829,20.08502433203341,-0.48508802870245027,8.025003632359175,-2.0390197046958396,-7.2931613575517495,376.3201201,104.64243849999998,271.6776816,clean,time_permutation
1,ensemble__original3_mse,ensemble__original3_mse,pooled_source_day_thresholds,source-day,kW/m2,36,540,225,315,30,0.9690688577854942,0.9519166401985026,267,0,225,48,0.9111111111111111,1.0,0.8476190476190476,0.9175257731958762,0.0,0.9887830687830688,0.9928240242316918,47.521222478376814,36.84217448169331,52.55973063873296,50.92074683212941,46.597956555688356,43.56698062588194,33.181448447273006,0.009305448667212666,22.792602285599436,-44.51743858986099,-16.264478006284378,,,,clean,time_permutation
1,ensemble__original3_mse,ensemble__original3_mse,2025.06.11_0.3_2,source-day,kW/m2,18,270,105,165,15,0.9589803992763765,0.9506780481597759,141,0,105,24,0.9111111111111111,1.0,0.8545454545454545,0.9215686274509803,0.0,0.988109668109668,0.9934890840230294,54.28891544543193,42.02973425848389,66.33949892016555,59.8956620861669,57.27375097214991,44.96933329351149,32.62783574474035,4.86741640467246,35.398687288458525,-57.27375097214991,-14.561574157736848,368.97810499999997,147.47299479999998,221.5051102,clean,time_permutation
1,ensemble__original3_mse,ensemble__original3_mse,2025.06.18_0.3_3,source-day,kW/m2,18,270,120,150,15,0.9788377004809949,0.9524661651367069,126,0,120,24,0.9111111111111111,1.0,0.84,0.9130434782608695,0.0,0.9977777777777778,0.9982232638131496,39.61372024232907,31.65461470490273,36.454381515450144,39.979426948661285,35.92216213922678,41.97030797180703,33.79042242005892,-4.848805507338033,11.762277908097744,-31.761126207572044,-18.137672239686655,434.0180833,162.3404017,271.6776816,clean,time_permutation
1,ensemble__original3_performance,ensemble__original3_performance,pooled_source_day_thresholds,source-day,kW/m2,36,540,225,315,30,0.9671209265551939,0.9492635915377655,268,0,225,47,0.912962962962963,1.0,0.8507936507936508,0.9193825042881647,0.0,0.9891499118165784,0.9930976633028049,48.9947347231099,38.45753344023845,54.38039260482652,57.0151523167474,52.987616957517794,44.75276985486816,33.87141236565281,-1.6093568892215764,23.466173221734465,-51.126890292110346,-19.520449825618748,,,,clean,time_permutation
1,ensemble__original3_performance,ensemble__original3_performance,2025.06.11_0.3_2,source-day,kW/m2,18,270,105,165,15,0.9582093791817692,0.9502576906560125,143,0,105,22,0.9185185185185185,1.0,0.8666666666666667,0.9285714285714286,0.0,0.9885714285714285,0.9937793449587571,54.79675775872574,42.61338264127427,67.20341033066104,64.83751377879695,63.14330961410977,45.160557383562086,32.62221796675193,3.689910864288154,35.88388223993238,-63.14330961410977,-16.79716182930363,368.97810499999997,147.47299479999998,221.5051102,clean,time_permutation
1,ensemble__original3_performance,ensemble__original3_performance,2025.06.18_0.3_3,source-day,kW/m2,18,270,120,150,15,0.9757489955213113,0.9470429957457541,125,0,120,25,0.9074074074074074,1.0,0.8333333333333334,0.9090909090909091,0.0,0.9980555555555556,0.998391437213294,42.406171724259096,34.30168423920263,39.91290201383454,47.93278621557616,42.83192430092583,44.29986820319523,35.24552620444378,-6.908624642731306,12.600677830811291,-39.110470970110924,-22.516066621565383,434.0180833,162.3404017,271.6776816,clean,time_permutation
1,ensemble__original3_hgb,ensemble__original3_hgb,pooled_source_day_thresholds,source-day,kW/m2,36,540,225,315,30,0.9839570392965687,0.9762021534017654,284,0,225,31,0.9425925925925925,1.0,0.9015873015873016,0.9482470784641068,0.0,0.9921975308641976,0.995096153058128,34.2240881056582,23.60270161749909,38.67699342229509,26.981792021433442,21.1005602214241,30.649887855830663,21.28544330017849,1.2834529629886995,13.77818071397765,-16.543038887207643,-7.641352573431979,,,,clean,time_permutation
1,ensemble__original3_hgb,ensemble__original3_hgb,2025.06.11_0.3_2,source-day,kW/m2,18,270,105,165,15,0.9778777376758844,0.9737164915691884,146,0,105,19,0.9296296296296296,1.0,0.8848484848484849,0.9389067524115756,0.0,0.9931890331890332,0.9964394101699269,39.868529743269406,27.663967689301074,48.92690149683102,34.05881909669223,28.671626469221806,32.827513570527714,20.486559433544503,3.0113129316228635,18.784246284893307,-28.671626469221806,-7.026008293185601,368.97810499999997,147.47299479999998,221.5051102,clean,time_permutation
1,ensemble__original3_hgb,ensemble__original3_hgb,2025.06.18_0.3_3,source-day,kW/m2,18,270,120,150,15,0.9898442772589182,0.9787532100781536,138,0,120,12,0.9555555555555556,1.0,0.92,0.9583333333333334,0.0,0.9996666666666667,0.9997306040964492,27.442243884889457,19.54143554569711,26.649942477094637,17.205552682624614,13.5294939736264,28.059982212431862,22.16421555347587,-0.4444070056454645,9.397873339426447,-4.414451305193477,-8.318231281702994,376.3201201,104.64243849999998,271.6776816,clean,time_permutation
1,ensemble__original3_extra_trees,ensemble__original3_extra_trees,pooled_source_day_thresholds,source-day,kW/m2,36,540,225,315,30,0.9870958592124318,0.9810798656733151,284,0,225,31,0.9425925925925925,1.0,0.9015873015873016,0.9482470784641068,0.0,0.9939047619047618,0.9959787407548488,30.694048268872574,21.16707634138687,34.86377313408138,15.032017854808213,13.585120976023868,27.32890098636837,18.3647866241813,0.6026510334398315,10.588465645886687,-9.37018438434577,-6.530073689736494,,,,clean,time_permutation
1,ensemble__original3_extra_trees,ensemble__original3_extra_trees,2025.06.11_0.3_2,source-day,kW/m2,18,270,105,165,15,0.9813519937255464,0.9798222393256647,146,0,105,19,0.9296296296296296,1.0,0.8848484848484849,0.9389067524115756,0.0,0.9967676767676767,0.9983108597941133,36.604261948579264,25.431948229374804,46.317756082237196,16.58853549273378,15.49412507421567,28.762908834672345,16.939164013768817,2.126321523307692,14.160135869657068,-15.49412507421567,-5.531560333460093,368.97810499999997,147.47299479999998,221.5051102,clean,time_permutation
1,ensemble__original3_extra_trees,ensemble__original3_extra_trees,2025.06.18_0.3_3,source-day,kW/m2,18,270,120,150,15,0.9926587244004276,0.9822335282695823,138,0,120,12,0.9555555555555556,1.0,0.92,0.9583333333333334,0.0,0.9994444444444444,0.9995481415541683,23.33189245353988,16.902204453398937,20.046503615702743,13.294495544429566,11.676116877832067,25.65909437339684,19.93297149563503,-0.9210194564280285,7.463254200087602,-3.2462436944758717,-7.628438381640533,376.3201201,104.64243849999998,271.6776816,clean,time_permutation
1,ensemble__simple_equal,ensemble__simple_equal,pooled_source_day_thresholds,source-day,kW/m2,36,540,225,315,30,0.9780309270045303,0.9664497196475469,270,0,225,45,0.9166666666666666,1.0,0.8571428571428571,0.9230769230769231,0.0,0.9920423280423281,0.9948318686883311,40.04935179389883,31.01920239492972,44.66915903814376,42.08405525401404,39.233819004093185,36.392185392437334,26.837136360777695,-1.6772175182728541,17.643111011129214,-36.32459357325887,-15.477452182131474,,,,clean,time_permutation
1,ensemble__simple_equal,ensemble__simple_equal,2025.06.11_0.3_2,source-day,kW/m2,18,270,105,165,15,0.9722398237816444,0.9675549377736703,144,0,105,21,0.9222222222222223,1.0,0.8727272727272727,0.9320388349514563,0.0,0.9948629148629149,0.997443020347125,44.66080641363972,33.74104522936899,55.122666106138055,47.38801352794075,45.9666558154034,36.47292781920883,24.610392309954808,1.9914289476576055,25.128703519751703,-45.9666558154034,-12.732291234584094,368.97810499999997,147.47299479999998,221.5051102,clean,time_permutation
1,ensemble__simple_equal,ensemble__simple_equal,2025.06.18_0.3_3,source-day,kW/m2,18,270,120,150,15,0.9836376892464882,0.9644362595668885,126,0,120,24,0.9111111111111111,1.0,0.84,0.9130434782608695,0.0,0.9981111111111111,0.9984011497165273,34.832650325611624,28.29735956049044,32.90221935349353,36.007104675626444,32.500982192782985,36.30316130811577,29.286554816682866,-5.345863984203312,11.09321756608454,-26.68253133111436,-18.497129224433596,434.0180833,162.3404017,271.6776816,clean,time_permutation
1,randomforest,randomforest,pooled_source_day_thresholds,source-day,kW/m2,36,540,225,315,30,0.6865307094587728,0.9611846045134936,315,217,8,0,0.5981481481481481,0.5921052631578947,1.0,0.743801652892562,0.9644444444444444,0.9273298059964726,0.9607211932839399,151.2819541941751,108.53853386478814,229.74296145951337,61.978470605903446,57.31092701666666,39.14371738818869,31.21835841793651,91.77132781312147,216.78677949038044,57.31092701666666,2.4745766150793607,,,,-20,unchanged
1,randomforest,randomforest,2025.06.11_0.3_2,source-day,kW/m2,18,270,105,165,15,0.6807895819863772,0.9627951621474713,165,102,3,0,0.6222222222222222,0.6179775280898876,1.0,0.7638888888888888,0.9714285714285714,0.9275613275613276,0.9653862988149551,151.44466529825402,106.92569301853446,237.86521943375334,80.11616242596618,79.1904148,39.05674349587702,29.93336077969697,98.29594403001592,227.91364367956473,79.1904148,15.81195334393939,181.378003,-40.1271072,221.5051102,-20,unchanged
1,randomforest,randomforest,2025.06.18_0.3_3,source-day,kW/m2,18,270,120,150,15,0.6920287832808223,0.9584512389811483,150,115,5,0,0.5740740740740741,0.5660377358490566,1.0,0.7228915662650602,0.9583333333333334,0.9279722222222222,0.9560533385950949,151.11906789785596,110.15137471104188,222.3927794435271,35.55365178754328,35.43143923333332,39.23916601147896,32.63185582,85.24671159622703,207.05077332484413,35.43143923333332,-12.196537786666672,271.6776816,0.0,271.6776816,-20,unchanged
1,conformer,conformer,pooled_source_day_thresholds,source-day,kW/m2,36,540,225,315,30,0.9087648479036998,0.8977127441109912,247,0,225,68,0.8740740740740741,1.0,0.7841269841269841,0.8790035587188612,0.0,0.9293262786596119,0.962438664989873,81.61513918562977,62.99495027381593,101.65429336300905,96.37193895980766,92.18275397291661,63.54345480042223,46.781586709246035,13.913828999464062,66.1530733445471,-92.18275397291661,-23.399916961309525,,,,-20,unchanged
1,conformer,conformer,2025.06.11_0.3_2,source-day,kW/m2,18,270,105,165,15,0.9173691588997982,0.9244099608422421,132,0,105,33,0.8777777777777778,1.0,0.8,0.8888888888888888,0.0,0.9264646464646465,0.964686753318962,77.05246520266748,59.700371736867766,101.96335877334725,79.00077577550235,76.19493884583332,55.67094669259949,42.84177390204545,20.424773833256644,76.0135714325409,-76.19493884583332,-14.949915548106066,368.97810499999997,147.47299479999998,221.5051102,-20,unchanged
1,conformer,conformer,2025.06.18_0.3_3,source-day,kW/m2,18,270,120,150,15,0.9004088172241874,0.8631835319725245,115,0,120,35,0.8703703703703703,1.0,0.7666666666666667,0.8679245283018868,0.0,0.9325555555555556,0.9607073505922613,85.93590340929195,66.28952881076408,101.38308824737133,111.05844706556361,108.17056910000001,71.20490590211222,51.11538079716666,7.402884165671479,57.5251375175525,-108.17056910000001,-32.694918515833336,434.0180833,162.3404017,271.6776816,-20,unchanged
1,alexnet,alexnet,pooled_source_day_thresholds,source-day,kW/m2,36,540,225,315,30,0.9086540885079321,0.8420092702479962,250,0,225,65,0.8796296296296297,1.0,0.7936507936507936,0.8849557522123894,0.0,0.9213968253968253,0.9596375423608836,81.66466451346821,64.16162400532055,85.29105907867043,124.94452449012007,120.81996517083329,78.97249554420965,57.09950331916667,-15.370908052040567,32.42634587926932,-120.81996517083329,-49.511803717261905,,,,-20,unchanged
1,alexnet,alexnet,2025.06.11_0.3_2,source-day,kW/m2,18,270,105,165,15,0.9192045667394685,0.8784846758653014,134,0,105,31,0.8851851851851852,1.0,0.8121212121212121,0.8963210702341137,0.0,0.9073593073593074,0.957535664804595,76.19190958634434,59.493002073719616,84.25234853459253,110.01833816424322,106.85646384583333,70.5849069111964,51.34819146060606,-8.02548322692854,44.62463817361233,-106.85646384583333,-41.53010593636365,368.97810499999997,147.47299479999998,221.5051102,-20,unchanged
1,alexnet,alexnet,2025.06.18_0.3_3,source-day,kW/m2,18,270,120,150,15,0.8984122912724297,0.79446994702554,116,0,120,34,0.8740740740740741,1.0,0.7733333333333333,0.8721804511278195,0.0,0.9353333333333332,0.9622070839588355,86.79301684917371,68.83024593692149,86.18966276927989,138.2687009691733,134.78346649583332,87.27269686551438,63.42594636358333,-22.716332877152592,21.75284012171917,-134.78346649583332,-58.29167127625001,434.0180833,162.3404017,271.6776816,-20,unchanged
1,hgb,hgb,pooled_source_day_thresholds,source-day,kW/m2,36,540,225,315,30,0.9246202397862717,0.9039316310844872,266,0,225,49,0.9092592592592592,1.0,0.8444444444444444,0.9156626506024096,0.0,0.9285502645502645,0.9633907323201818,74.18515376786148,55.708368069010504,88.87662897531722,107.27931850927595,99.00962623296218,61.581500683071646,41.26957620599121,8.907407816391236,46.88900057694008,-98.74864786187737,-18.222301298286503,,,,-20,unchanged
1,hgb,hgb,2025.06.11_0.3_2,source-day,kW/m2,18,270,105,165,15,0.9373570671424083,0.9371884644158239,144,0,105,21,0.9222222222222223,1.0,0.8727272727272727,0.9320388349514563,0.0,0.9263492063492065,0.9659653302027269,67.0890268900625,50.67317652818899,86.75770848149782,96.3816565819569,96.07200285801993,50.74766063240174,35.62320166802393,15.676628484614442,53.19534366641403,-96.07200285801993,-8.19891754016711,368.97810499999997,147.47299479999998,221.5051102,-20,unchanged
1,hgb,hgb,2025.06.18_0.3_3,source-day,kW/m2,18,270,120,150,15,0.912263274861586,0.8615430101484861,122,0,120,28,0.8962962962962963,1.0,0.8133333333333334,0.8970588235294118,0.0,0.9318333333333334,0.9608919652045204,80.65938600105372,60.743559609832026,90.69008201253254,117.16774570737068,101.94724960790442,71.63053126822851,47.48058819775519,2.1381871481680306,41.370950373650366,-101.4252928657348,-29.24802343221784,434.0180833,162.3404017,271.6776816,-20,unchanged
1,extra_trees,extra_trees,pooled_source_day_thresholds,source-day,kW/m2,36,540,225,315,30,0.9220697478172128,0.9164345344584913,265,1,224,50,0.9055555555555556,0.9962406015037594,0.8412698412698413,0.9122203098106713,0.0044444444444444444,0.9336437389770722,0.965835845276402,75.42974963544539,55.039380990667695,95.06276419679588,100.34093477909448,95.72280170099162,57.43458375418272,36.9630445466418,13.188999858192437,59.164211376859214,-95.058984887557,-19.650436940855272,,,,-20,unchanged
1,extra_trees,extra_trees,2025.06.11_0.3_2,source-day,kW/m2,18,270,105,165,15,0.9351055525675462,0.9537268900438516,143,0,105,22,0.9185185185185185,1.0,0.8666666666666667,0.9285714285714286,0.0,0.9431457431457432,0.9731327354552778,68.28404198416266,48.645459024718555,94.91288653821537,81.39548702784336,80.97138952810839,43.55727138690246,28.81988732573899,19.907813688288144,66.99786803055558,-80.97138952810839,-10.05858452951841,368.97810499999997,147.47299479999998,221.5051102,-20,unchanged
1,extra_trees,extra_trees,2025.06.18_0.3_3,source-day,kW/m2,18,270,120,150,15,0.9094225607067173,0.8693836079397407,122,1,119,28,0.8925925925925926,0.991869918699187,0.8133333333333334,0.8937728937728938,0.008333333333333333,0.9233333333333333,0.9579304127654916,81.95476722215163,61.43330295661684,95.19371357521543,116.23846642220109,110.47421387387489,69.57281425524327,45.92051748963488,6.47018602809673,52.30976180487492,-109.14658024700567,-30.201474593325816,434.0180833,162.3404017,271.6776816,-20,unchanged
1,ensemble__original3_hgb_extra_trees,ensemble__original3_hgb_extra_trees,pooled_source_day_thresholds,source-day,kW/m2,36,540,225,315,30,0.9224766328478984,0.9150933014468433,263,0,225,52,0.9037037037037037,1.0,0.834920634920635,0.9100346020761245,0.0,0.9345326278659611,0.9661687461568218,75.23257715816351,55.76226556806684,94.294807518599,99.32430111046746,94.79399849125573,57.89366405681089,38.596611533702614,11.670550814460986,57.84429082032694,-94.79399849125573,-21.310692046871836,,,,-20,unchanged
1,ensemble__original3_hgb_extra_trees,ensemble__original3_hgb_extra_trees,2025.06.11_0.3_2,source-day,kW/m2,18,270,105,165,15,0.9341356654355037,0.9488445583308263,142,0,105,23,0.9148148148148149,1.0,0.8606060606060606,0.9250814332247557,0.0,0.9341414141414142,0.969654598566048,68.79242285924745,49.96095909767199,94.19704501253986,83.7578542578057,83.36982171525928,45.79754950526384,31.181550585385164,18.398958024267397,65.92046012540001,-83.36982171525928,-11.841997858271533,368.97810499999997,147.47299479999998,221.5051102,-20,unchanged
1,ensemble__original3_hgb_extra_trees,ensemble__original3_hgb_extra_trees,2025.06.18_0.3_3,source-day,kW/m2,18,270,120,150,15,0.9111635567202404,0.872325304700029,121,0,120,29,0.8925925925925926,1.0,0.8066666666666666,0.8929889298892989,0.0,0.9353888888888889,0.9626029470613595,81.16331615251153,61.56357203846168,94.38026664171068,112.76194141772211,106.21817526725228,68.78490542904193,46.75317857685181,4.942143604654572,50.77764267838799,-106.21817526725228,-31.72625565433216,434.0180833,162.3404017,271.6776816,-20,unchanged
1,ensemble__original3_mse,ensemble__original3_mse,pooled_source_day_thresholds,source-day,kW/m2,36,540,225,315,30,0.9098337503975467,0.9024133180263021,250,0,225,65,0.8796296296296297,1.0,0.7936507936507936,0.8849557522123894,0.0,0.9282257495590828,0.9621299522713475,81.13563292314747,62.458500668292146,102.0101726974124,93.91755059675177,89.9778324706237,62.066225562812264,45.59723466784035,11.78152884331354,67.26275959429296,-89.9778324706237,-27.847921693100318,,,,-20,unchanged
1,ensemble__original3_mse,ensemble__original3_mse,2025.06.11_0.3_2,source-day,kW/m2,18,270,105,165,15,0.9177529719826258,0.9295762882605187,134,0,105,31,0.8851851851851852,1.0,0.8121212121212121,0.8963210702341137,0.0,0.9209235209235209,0.9626961968952013,76.87330591012586,58.765817197205685,103.23991223653842,76.57101032149303,74.10760172082314,53.73481735478673,40.78466494152121,18.48377992212257,77.73102098252846,-74.10760172082314,-19.21900984359027,368.97810499999997,147.47299479999998,221.5051102,-20,unchanged
1,ensemble__original3_mse,ensemble__original3_mse,2025.06.18_0.3_3,source-day,kW/m2,18,270,120,150,15,0.902141759816213,0.867410908527323,116,0,120,34,0.8740740740740741,1.0,0.7733333333333333,0.8721804511278195,0.0,0.9362777777777778,0.9622338380633554,85.18495582042446,66.15118413937861,100.92185941118102,108.52600148596954,105.84806322042425,70.0962245133192,50.89106136679139,5.079277764504511,58.10303087958687,-105.84806322042425,-37.33972472756138,434.0180833,162.3404017,271.6776816,-20,unchanged
1,ensemble__original3_performance,ensemble__original3_performance,pooled_source_day_thresholds,source-day,kW/m2,36,540,225,315,30,0.9026638853417356,0.9194439305911468,253,0,225,62,0.8851851851851852,1.0,0.8031746031746032,0.8908450704225352,0.0,0.9276190476190477,0.9619738719965956,84.29981639299216,63.87444130985344,112.26571708996634,79.15968022711897,74.85344272405405,56.39092170868393,41.86369141117424,18.928042947880936,82.25490434405614,-74.85344272405405,-26.30542947795851,,,,-20,unchanged
1,ensemble__original3_performance,ensemble__original3_performance,2025.06.11_0.3_2,source-day,kW/m2,18,270,105,165,15,0.9088110385594085,0.9441785325897039,136,0,105,29,0.8925925925925926,1.0,0.8242424242424242,0.9036544850498339,0.0,0.9191919191919192,0.9622079443691856,80.94435859240733,60.18982299982009,115.11473422639062,61.12521941732601,58.43267203765773,47.840636141601536,36.35821455444154,25.674223917316493,92.98243650431989,-58.43267203765773,-17.15827500168566,368.97810499999997,147.47299479999998,221.5051102,-20,unchanged
1,ensemble__original3_performance,ensemble__original3_performance,2025.06.18_0.3_3,source-day,kW/m2,18,270,120,150,15,0.8966874625938382,0.8877362092748644,117,0,120,33,0.8777777777777778,1.0,0.78,0.8764044943820225,0.0,0.9367777777777778,0.9624848660528347,87.52673248698453,67.55905961988678,109.71215421147379,93.78815222885677,91.27421341045036,64.50012863823538,47.919715953580216,12.18186197844537,72.86831370382536,-91.27421341045036,-36.36729940185863,434.0180833,162.3404017,271.6776816,-20,unchanged
1,ensemble__original3_hgb,ensemble__original3_hgb,pooled_source_day_thresholds,source-day,kW/m2,36,540,225,315,30,0.9230481073600247,0.9103839439727386,260,0,225,55,0.8981481481481481,1.0,0.8253968253968254,0.9043478260869565,0.0,0.933615520282187,0.9659473022190608,74.9547704240447,56.40677758484114,92.36402957242909,100.73781560228983,95.62799108973236,59.47753659704782,40.71851114733634,9.93002029271511,54.137985558992575,-95.62799108973236,-21.647097754625943,,,,-20,unchanged
1,ensemble__original3_hgb,ensemble__original3_hgb,2025.06.11_0.3_2,source-day,kW/m2,18,270,105,165,15,0.9341738498733889,0.9418562030735831,140,0,105,25,0.9074074074074074,1.0,0.8484848484848485,0.9180327868852459,0.0,0.9256565656565656,0.9661421809478161,68.77247897882154,51.2634855359905,91.7375033420489,88.55402629988993,88.2570672907687,48.825648002995976,34.29181490288135,16.67541317601634,61.92513949042043,-88.2570672907687,-12.119867205877174,368.97810499999997,147.47299479999998,221.5051102,-20,unchanged
1,ensemble__original3_hgb,ensemble__original3_hgb,2025.06.18_0.3_3,source-day,kW/m2,18,270,120,150,15,0.9122518821423418,0.8702957554287005,120,0,120,30,0.8888888888888888,1.0,0.8,0.8888888888888888,0.0,0.9401111111111111,0.9647691797572923,80.6646226901858,61.5500696336918,92.90877430766518,111.59928051166058,102.99891488869602,69.32946099651959,47.78787701623682,3.1846274094138787,47.3242258689932,-102.99891488869602,-32.12705135824959,434.0180833,162.3404017,271.6776816,-20,unchanged
1,ensemble__original3_extra_trees,ensemble__original3_extra_trees,pooled_source_day_thresholds,source-day,kW/m2,36,540,225,315,30,0.9206562058441368,0.9169786458279799,263,0,225,52,0.9037037037037037,1.0,0.834920634920635,0.9100346020761245,0.0,0.9358447971781305,0.9668586993142514,76.11076857728581,55.982963187180516,96.51261069822263,98.37571325315459,93.7886967833237,57.24729438668258,37.83741368830801,12.837132104472715,61.18884843121765,-93.7886967833237,-21.699808128916523,,,,-20,unchanged
1,ensemble__original3_extra_trees,ensemble__original3_extra_trees,2025.06.11_0.3_2,source-day,kW/m2,18,270,105,165,15,0.9325658412029535,0.9519520445227982,142,0,105,23,0.9148148148148149,1.0,0.8606060606060606,0.9250814332247557,0.0,0.9377777777777778,0.9712357980094063,69.60740180898975,49.90837486293971,96.7643386475263,79.94639865711697,79.25544257628705,44.38474996244321,29.980884041706485,19.551805246746746,69.6811562685488,-79.25544257628705,-12.348690858036372,368.97810499999997,147.47299479999998,221.5051102,-20,unchanged
1,ensemble__original3_extra_trees,ensemble__original3_extra_trees,2025.06.18_0.3_3,source-day,kW/m2,18,270,120,150,15,0.9090999311762469,0.8727608156729322,121,0,120,29,0.8925925925925926,1.0,0.8066666666666666,0.8929889298892989,0.0,0.9335555555555556,0.9619973273706106,82.10059561447872,62.05755151142132,96.29180891926121,113.86015658645087,108.32195099036029,68.66748916699288,46.47959629956971,6.122458962198678,53.7580790735529,-108.32195099036029,-31.9860371268847,434.0180833,162.3404017,271.6776816,-20,unchanged
1,ensemble__simple_equal,ensemble__simple_equal,pooled_source_day_thresholds,source-day,kW/m2,36,540,225,315,30,0.9069598376749398,0.9349449869679038,263,0,225,52,0.9037037037037037,1.0,0.834920634920635,0.9100346020761245,0.0,0.932994708994709,0.9657784055976009,82.41852826362044,60.56810884530561,112.72756782505127,74.24313829372439,69.89988497530354,50.6757801757362,36.250665862498415,22.48213128702574,84.28388213359923,-69.89988497530354,-21.66197646052674,,,,-20,unchanged
1,ensemble__simple_equal,ensemble__simple_equal,2025.06.11_0.3_2,source-day,kW/m2,18,270,105,165,15,0.9142487259557258,0.9611183264171878,141,0,105,24,0.9111111111111111,1.0,0.8545454545454545,0.9215686274509803,0.0,0.9266378066378067,0.966529785527447,78.49387003453145,55.66807389247295,115.49099398544045,57.242977959350114,56.180876055558976,39.9271945964233,28.9640420555194,29.255935361849335,93.74901299653753,-56.180876055558976,-11.785114042043139,368.97810499999997,147.47299479999998,221.5051102,-20,unchanged
1,ensemble__simple_equal,ensemble__simple_equal,2025.06.18_0.3_3,source-day,kW/m2,18,270,120,150,15,0.8998780159925556,0.90179507128792,122,0,120,28,0.8962962962962963,1.0,0.8133333333333334,0.8970588235294118,0.0,0.9390000000000001,0.964730315310402,86.1646097262936,65.46814379813826,110.25276661724736,88.01891070529975,83.6188938950481,60.32639478127557,44.265952050175336,15.708327212202152,76.00189262852822,-83.6188938950481,-32.52652512085871,434.0180833,162.3404017,271.6776816,-20,unchanged
1,randomforest,randomforest,pooled_source_day_thresholds,source-day,kW/m2,36,540,225,315,30,0.5235572078337468,0.3062197936319019,313,215,10,2,0.5981481481481481,0.5928030303030303,0.9936507936507937,0.7425860023724793,0.9555555555555556,0.9125220458553791,0.9510648903591983,186.50694397473336,159.7472173833067,212.4665422369925,48.579923515505776,40.809273498333326,165.48971653800868,132.08739921158732,12.247286493677025,198.47096282371376,40.501632224999994,-120.76962517063494,,,,-20,band_2100_2500_x0p1
1,randomforest,randomforest,2025.06.11_0.3_2,source-day,kW/m2,18,270,105,165,15,0.5186357349837051,0.3694289553786183,165,100,5,0,0.6296296296296297,0.6226415094339622,1.0,0.7674418604651163,0.9523809523809523,0.92,0.9580356681465015,185.97406096660262,159.4446755964974,219.7924442139197,64.11748087691382,62.956523133333334,160.79159142665222,127.85395499818183,14.343424469830703,209.0872365367076,62.956523133333334,-109.58445593636364,144.32426180000002,-77.18084839999999,221.5051102,-20,band_2100_2500_x0p1
1,randomforest,randomforest,2025.06.18_0.3_3,source-day,kW/m2,18,270,120,150,15,0.5282273823575421,0.21547081858306516,148,115,5,2,0.5666666666666667,0.5627376425855514,0.9866666666666667,0.7167070217917676,0.9583333333333334,0.903861111111111,0.9430739099846467,187.0383087743766,160.04975917011592,205.84261093656386,24.67724829763996,18.662023863333324,170.50820427996118,136.74418784633338,10.15114851752334,189.18172332484414,18.046741316666655,-133.07331132833338,376.3201201,104.64243849999998,271.6776816,-20,band_2100_2500_x0p1
1,conformer,conformer,pooled_source_day_thresholds,source-day,kW/m2,36,540,225,315,30,0.8920220401209886,0.8417892716537461,234,0,225,81,0.85,1.0,0.7428571428571429,0.8524590163934426,0.0,0.9187865961199294,0.9570746777415164,88.78859511091416,72.11990691707982,100.87972964380621,98.91758296224315,94.84047506666663,79.02746014266272,62.954653664126994,-6.539061987225749,66.26249521954709,-94.84047506666663,-58.54017427777779,,,,-20,band_2100_2500_x0p1
1,conformer,conformer,2025.06.11_0.3_2,source-day,kW/m2,18,270,105,165,15,0.907393350949634,0.8945856379661434,126,0,105,39,0.8555555555555555,1.0,0.7636363636363637,0.865979381443299,0.0,0.9182106782106784,0.9605256307672193,81.57114079985095,65.5441349464974,101.57789347611498,75.24975201168432,73.75645134583333,65.74249981673626,52.92481018340909,0.45764038418256847,76.83994866468377,-73.75645134583333,-48.14928306704547,427.27619500000003,205.7710848,221.5051102,-20,band_2100_2500_x0p1
1,conformer,conformer,2025.06.18_0.3_3,source-day,kW/m2,18,270,120,150,15,0.8771056464824708,0.7743823487138661,108,0,120,42,0.8444444444444444,1.0,0.72,0.8372093023255814,0.0,0.9192777777777777,0.9534907001725264,95.46192032507301,78.69567888766223,100.26484846008894,117.92731346199878,115.92449878750001,91.43811540321342,73.98748149291667,-13.53576435863408,57.007223455052504,-115.92449878750001,-69.97015460958335,496.0233525,224.34567089999996,271.6776816,-20,band_2100_2500_x0p1
1,alexnet,alexnet,pooled_source_day_thresholds,source-day,kW/m2,36,540,225,315,30,0.8829059573259544,0.7426090114271071,237,0,225,78,0.8555555555555555,1.0,0.7523809523809524,0.8586956521739131,0.0,0.9176719576719576,0.9576619188336382,92.46066774298988,78.5490113974039,79.32775908267499,139.9240039798189,136.75529511874996,100.79911716475655,84.2927953052381,-39.44887917472575,21.437584663991544,-136.75529511874996,-82.93921048809524,,,,-20,band_2100_2500_x0p1
1,alexnet,alexnet,2025.06.11_0.3_2,source-day,kW/m2,18,270,105,165,15,0.9045869526299329,0.8166818057060229,127,0,105,38,0.8592592592592593,1.0,0.7696969696969697,0.8698630136986302,0.0,0.9117460317460319,0.9594303521874149,82.79790243865607,70.19196523645111,76.27084202434676,118.61608553546566,117.4114680125,86.6960092751583,71.63238470946972,-30.190028394752616,31.07895751885043,-117.4114680125,-69.17938306704548,427.27619500000003,205.7710848,221.5051102,-20,band_2100_2500_x0p1
1,alexnet,alexnet,2025.06.18_0.3_3,source-day,kW/m2,18,270,120,150,15,0.8618738943357062,0.6473320738663935,110,0,120,40,0.8518518518518519,1.0,0.7333333333333333,0.8461538461538461,0.0,0.9236111111111112,0.9557343899224626,101.20502710200682,86.9060575583567,81.90902805434806,158.39090261669654,156.09912222500003,114.32039370928486,98.21924696058336,-48.707729954698884,13.001383415990006,-156.09912222500003,-98.07502065125001,434.0180833,162.3404017,271.6776816,-20,band_2100_2500_x0p1
1,hgb,hgb,pooled_source_day_thresholds,source-day,kW/m2,36,540,225,315,30,0.6976341943352725,0.18074975221162148,201,0,225,114,0.7888888888888889,1.0,0.638095238095238,0.7790697674418605,0.0,0.8167760141093474,0.9037199194000712,148.57849782542874,125.19134161998083,87.78219441094332,125.07023304548846,121.74300989387311,179.83256971604285,159.7757719595289,-77.2758339702222,37.346691600700694,-121.74300989387311,-159.1490665208814,,,,-20,band_2100_2500_x0p1
1,hgb,hgb,2025.06.11_0.3_2,source-day,kW/m2,18,270,105,165,15,0.7434334161326495,0.37302105151469933,109,0,105,56,0.7925925925925926,1.0,0.6606060606060606,0.7956204379562044,0.0,0.793939393939394,0.9025943630735873,135.7736511994766,114.21118700880145,83.70653840696285,99.74254064119938,98.12620040411494,160.33295653849777,140.53142614901645,-67.66538544531018,45.103516668206744,-98.12620040411494,-139.42741406300277,427.27619500000003,205.7710848,221.5051102,-20,band_2100_2500_x0p1
1,hgb,hgb,2025.06.18_0.3_3,source-day,kW/m2,18,270,120,150,15,0.6531944120854201,-0.06957218966479206,92,0,120,58,0.7851851851851852,1.0,0.6133333333333333,0.7603305785123967,0.0,0.8402222222222223,0.9054604678276466,160.36413461895006,136.17149623116023,91.19910418246668,146.0703665174572,145.3598193836312,199.08831941328197,180.94455235109263,-86.88628249513421,30.5594696666329,-145.3598193836312,-180.8428842245479,562.1587854,290.4811038,271.6776816,-20,band_2100_2500_x0p1
1,extra_trees,extra_trees,pooled_source_day_thresholds,source-day,kW/m2,36,540,225,315,30,0.735007875668269,0.29742844526167067,210,0,225,105,0.8055555555555556,1.0,0.6666666666666666,0.8,0.0,0.9241058201058201,0.9594446235979163,139.09326728530536,122.31690377186167,87.20786896790987,120.3586310900796,118.15460405996954,166.53493069863586,155.7712232707492,-72.88125316759078,43.16470497683103,-118.15460405996954,-155.7712232707492,,,,-20,band_2100_2500_x0p1
1,extra_trees,extra_trees,2025.06.11_0.3_2,source-day,kW/m2,18,270,105,165,15,0.778670841614387,0.47714838902887535,116,0,105,49,0.8185185185185185,1.0,0.703030303030303,0.8256227758007118,0.0,0.9275613275613275,0.9647270042908721,126.10571462793864,111.53813371241718,84.88384966602355,97.15486228880958,96.7294252655802,146.41499152438627,136.1949994934488,-63.126036379170294,51.69661994326735,-96.7294252655802,-136.1949994934488,427.27619500000003,205.7710848,221.5051102,-20,band_2100_2500_x0p1
1,extra_trees,extra_trees,2025.06.18_0.3_3,source-day,kW/m2,18,270,120,150,15,0.6926457504958454,0.06470637312252914,94,0,120,56,0.7925925925925926,1.0,0.6266666666666667,0.7704918032786885,0.0,0.9227222222222223,0.955275311100697,150.9676215166011,133.09567383130613,89.19172509963681,139.76170036672488,139.57978285435894,186.1721512001302,177.3050694257796,-82.63646995601125,35.69927938119925,-139.57978285435894,-177.3050694257796,496.0233525,224.34567089999996,271.6776816,-20,band_2100_2500_x0p1
1,ensemble__original3_hgb_extra_trees,ensemble__original3_hgb_extra_trees,pooled_source_day_thresholds,source-day,kW/m2,36,540,225,315,30,0.7851867143502329,0.4631162717182158,214,0,225,101,0.812962962962963,1.0,0.6793650793650794,0.8090737240075614,0.0,0.92273721340388,0.9583529782959281,125.23340657475184,110.56438889679615,89.27168329435375,116.03749565934329,113.71725508942812,145.57948554300802,134.6861597507326,-59.09668626946306,46.72857660431429,-113.71725508942812,-134.6861597507326,,,,-20,band_2100_2500_x0p1
1,ensemble__original3_hgb_extra_trees,ensemble__original3_hgb_extra_trees,2025.06.11_0.3_2,source-day,kW/m2,18,270,105,165,15,0.8209642811568716,0.6047279051423959,115,0,105,50,0.8148148148148148,1.0,0.696969696969697,0.8214285714285714,0.0,0.9209235209235209,0.960841204914859,113.41886409255915,100.5561629773166,87.24168059951333,92.12992333130019,91.8595002524106,127.30468867322092,117.1627554006563,-50.01308174707857,55.50783399425787,-91.8595002524106,-117.1627554006563,427.27619500000003,205.7710848,221.5051102,-20,band_2100_2500_x0p1
1,ensemble__original3_hgb_extra_trees,ensemble__original3_hgb_extra_trees,2025.06.18_0.3_3,source-day,kW/m2,18,270,120,150,15,0.7504755404814767,0.28007416558997156,99,0,120,51,0.8111111111111111,1.0,0.66,0.7951807228915663,0.0,0.9281111111111111,0.9570518688214225,136.02563549782738,120.57261481627569,91.0108000021965,135.79940362443782,135.57500992644563,163.33701279571076,153.9619045358165,-68.18029079184754,39.046726388113676,-135.57500992644563,-153.9619045358165,496.0233525,224.34567089999996,271.6776816,-20,band_2100_2500_x0p1
1,ensemble__original3_mse,ensemble__original3_mse,pooled_source_day_thresholds,source-day,kW/m2,36,540,225,315,30,0.8893795215602137,0.8261685748056398,235,0,225,80,0.8518518518518519,1.0,0.746031746031746,0.8545454545454545,0.0,0.9222433862433863,0.9590587059604726,89.86847904473154,75.1895926351097,98.87606093581402,100.21048336183333,96.49435719907328,82.83696998911795,69.35007441602752,-12.953518767646482,63.7609969473201,-96.49435719907328,-67.74960142119403,,,,-20,band_2100_2500_x0p1
1,ensemble__original3_mse,ensemble__original3_mse,2025.06.11_0.3_2,source-day,kW/m2,18,270,105,165,15,0.9049007286752185,0.8815889522854917,127,0,105,38,0.8592592592592593,1.0,0.7696969696969697,0.8698630136986302,0.0,0.9217893217893219,0.9623755454921834,82.66164542874563,68.58929290263907,99.70570575389507,76.8821249341757,75.72743936496511,69.67747968683464,58.9849982399342,-5.726974266930145,74.12701914031202,-75.72743936496511,-56.543151889720605,427.27619500000003,205.7710848,221.5051102,-20,band_2100_2500_x0p1
1,ensemble__original3_mse,ensemble__original3_mse,2025.06.18_0.3_3,source-day,kW/m2,18,270,120,150,15,0.8743173392263945,0.7552569464392318,108,0,120,42,0.8444444444444444,1.0,0.72,0.8372093023255814,0.0,0.9223333333333333,0.955502854980944,96.53879752016304,81.78989236758034,98.1443688358927,119.05217686724735,117.26127503318152,95.23485318198205,80.75165820973015,-20.18006326836281,54.69072752845221,-117.26127503318152,-80.07669590581482,496.0233525,224.34567089999996,271.6776816,-20,band_2100_2500_x0p1
1,ensemble__original3_performance,ensemble__original3_performance,pooled_source_day_thresholds,source-day,kW/m2,36,540,225,315,30,0.8744573231189603,0.8095092195369991,242,0,225,73,0.8648148148148148,1.0,0.7682539682539683,0.8689407540394973,0.0,0.9239647266313933,0.9599446057231074,95.73821318233955,81.9412923515901,107.10046259973197,87.68655876975059,83.61433146462817,86.7155613937085,76.37961437322144,-12.542666982662741,76.1455701571439,-83.61433146462817,-75.89140779681034,,,,-20,band_2100_2500_x0p1
1,ensemble__original3_performance,ensemble__original3_performance,2025.06.11_0.3_2,source-day,kW/m2,18,270,105,165,15,0.8884761884546057,0.8653535678435968,131,0,105,34,0.8740740740740741,1.0,0.793939393939394,0.8851351351351351,0.0,0.925021645021645,0.9638877860716834,89.51570846811823,75.5277746604857,109.22345880701229,63.92361913925198,62.78382264563216,74.30084390167673,65.35766690538675,-5.744653150744526,86.46832016303136,-62.78382264563216,-64.42563616860191,368.97810499999997,147.47299479999998,221.5051102,-20,band_2100_2500_x0p1
1,ensemble__original3_performance,ensemble__original3_performance,2025.06.18_0.3_3,source-day,kW/m2,18,270,120,150,15,0.8608477536548573,0.7377497252520948,111,0,120,39,0.8555555555555555,1.0,0.74,0.8505747126436781,0.0,0.9226666666666666,0.9557573311287771,101.58025824019671,88.35481004269455,105.20770448247778,106.2621103399594,104.44484028362415,98.58224530554779,88.50375658783963,-19.34068081458096,67.11316390199237,-104.44484028362415,-88.50375658783963,434.0180833,162.3404017,271.6776816,-20,band_2100_2500_x0p1
1,ensemble__original3_hgb,ensemble__original3_hgb,pooled_source_day_thresholds,source-day,kW/m2,36,540,225,315,30,0.793264423763663,0.4919065203807692,208,0,225,107,0.8018518518518518,1.0,0.6603174603174603,0.7954110898661568,0.0,0.8917107583774251,0.9414632520364605,122.85624430394415,106.40496185688743,90.25032228271385,115.46595789852385,112.75953737680962,141.6223740460002,127.20328644272382,-54.389949410716845,46.74490341845644,-112.75953737680962,-126.62913000298349,,,,-20,band_2100_2500_x0p1
1,ensemble__original3_hgb,ensemble__original3_hgb,2025.06.11_0.3_2,source-day,kW/m2,18,270,105,165,15,0.8261831209942198,0.621487792121828,112,0,105,53,0.8037037037037037,1.0,0.6787878787878788,0.8086642599277978,0.0,0.8735353535353535,0.9364492062780424,111.75357499317951,96.94109555971876,87.90176988028038,90.82235217356506,90.15671955126463,124.57654068921615,111.03330422264473,-45.62769411589704,55.43008101834259,-90.15671955126463,-109.93718738314048,427.27619500000003,205.7710848,221.5051102,-20,band_2100_2500_x0p1
1,ensemble__original3_hgb,ensemble__original3_hgb,2025.06.18_0.3_3,source-day,kW/m2,18,270,120,150,15,0.7613250287634132,0.32407935446618996,96,0,120,54,0.8,1.0,0.64,0.7804878048780488,0.0,0.9178333333333333,0.9508832350374657,133.03552910852284,115.86882815405612,92.2562748851029,135.70584074574052,135.36235520235468,158.2663495655087,144.99026688481078,-63.152204705536626,39.14537301855606,-135.36235520235468,-144.99026688481078,496.0233525,224.34567089999996,271.6776816,-20,band_2100_2500_x0p1
1,ensemble__original3_extra_trees,ensemble__original3_extra_trees,pooled_source_day_thresholds,source-day,kW/m2,36,540,225,315,30,0.7905928899734912,0.4815028207751245,216,0,225,99,0.8166666666666667,1.0,0.6857142857142857,0.8135593220338984,0.0,0.9257989417989418,0.9605821327765013,123.64749918741843,110.14489506749278,89.65643527015064,115.11501987176077,112.73954234474552,143.06495364837318,133.76581780836042,-57.8993195676047,48.3137779694533,-112.73954234474552,-133.76581780836042,,,,-20,band_2100_2500_x0p1
1,ensemble__original3_extra_trees,ensemble__original3_extra_trees,2025.06.11_0.3_2,source-day,kW/m2,18,270,105,165,15,0.8251169490990401,0.6190306779851418,118,0,105,47,0.825925925925926,1.0,0.7151515151515152,0.833922261484099,0.0,0.929062049062049,0.965841013742007,112.09579252999895,100.24871916158381,88.1214748974774,91.92177147208676,91.47892879042641,124.98023126804969,116.28203759251673,-48.776270851110255,57.30421974252852,-91.47892879042641,-116.28203759251673,427.27619500000003,205.7710848,221.5051102,-20,band_2100_2500_x0p1
1,ensemble__original3_extra_trees,ensemble__original3_extra_trees,2025.06.18_0.3_3,source-day,kW/m2,18,270,120,150,15,0.7570974232021553,0.3037971081441688,98,0,120,52,0.8074074074074075,1.0,0.6533333333333333,0.7903225806451613,0.0,0.9237222222222221,0.9559670427466732,134.20857427033755,120.04107097340174,90.9782840940034,134.36265675248168,134.00015589906457,160.62333576559394,152.99797604578845,-67.02236828409914,40.44714141801248,-134.00015589906457,-152.99797604578845,496.0233525,224.34567089999996,271.6776816,-20,band_2100_2500_x0p1
1,ensemble__simple_equal,ensemble__simple_equal,pooled_source_day_thresholds,source-day,kW/m2,36,540,225,315,30,0.8099826559751298,0.5979030555033539,223,0,225,92,0.8296296296296296,1.0,0.707936507936508,0.828996282527881,0.0,0.9296790123456791,0.9617952660072396,117.78398590916014,104.04870865046495,105.23106630659022,89.36716277894571,86.19835038285186,125.98691624795288,115.43385994562767,-36.779548361217465,73.33648785695682,-86.19835038285186,-115.43385994562767,,,,-20,band_2100_2500_x0p1
1,ensemble__simple_equal,ensemble__simple_equal,2025.06.11_0.3_2,source-day,kW/m2,18,270,105,165,15,0.8341141131481158,0.7002660914110115,121,0,105,44,0.837037037037037,1.0,0.7333333333333333,0.8461538461538461,0.0,0.9285425685425686,0.9645506374479196,109.174238345581,96.06442704160871,106.4757048820855,65.0372879518585,64.61340437893902,110.85729057876836,100.5071071253812,-29.236077073043944,82.76125586634319,-64.61340437893902,-100.5071071253812,427.27619500000003,205.7710848,221.5051102,-20,band_2100_2500_x0p1
1,ensemble__simple_equal,ensemble__simple_equal,2025.06.18_0.3_3,source-day,kW/m2,18,270,120,150,15,0.7865611357212681,0.4653130954043876,102,0,120,48,0.8222222222222222,1.0,0.68,0.8095238095238095,0.0,0.9317777777777779,0.9591406256912351,125.80588362616726,112.03299025932122,104.12980458865454,108.36572678750511,107.78329638676469,140.76364472402744,131.85328804789881,-44.323019649391,65.08981584874378,-107.78329638676469,-131.85328804789881,496.0233525,224.34567089999996,271.6776816,-20,band_2100_2500_x0p1
1,randomforest,randomforest,pooled_source_day_thresholds,source-day,kW/m2,36,540,225,315,30,0.6911674358404413,0.9607927748903987,315,214,11,0,0.6037037037037037,0.5954631379962193,1.0,0.7464454976303317,0.9511111111111111,0.9200917107583775,0.9585607230311539,150.1589314234607,107.66027445927888,227.92041160940124,60.209090404637045,55.006806183333325,39.34079324828911,31.118521708888892,89.33621302724184,214.81872830982485,55.006806183333325,-0.2941550317460361,,,,-20,band_1700_2100_x0p1
1,randomforest,randomforest,2025.06.11_0.3_2,source-day,kW/m2,18,270,105,165,15,0.6845438779060281,0.9640597127785916,165,102,3,0,0.6222222222222222,0.6179775280898876,1.0,0.7638888888888888,0.9714285714285714,0.9216738816738815,0.9632055396107353,150.5514460913728,106.08481932779371,236.57493077514061,78.1920817300674,77.07778146666666,38.387258142662546,29.401211028181816,96.27093268742333,226.58763237004092,77.07778146666666,13.342123798484844,181.378003,-40.1271072,221.5051102,-20,band_1700_2100_x0p1
1,randomforest,randomforest,2025.06.18_0.3_3,source-day,kW/m2,18,270,120,150,15,0.6975215014766363,0.9560357271034837,150,112,8,0,0.5851851851851851,0.5725190839694656,1.0,0.7281553398058253,0.9333333333333333,0.9187222222222222,0.9539128784711538,149.76538803163967,109.23572959076411,220.06868965284028,33.70856700344843,32.935830899999985,40.36367279704822,33.00756345766666,82.40149336706037,204.5209372571358,32.935830899999985,-15.294061745000006,271.6776816,0.0,271.6776816,-20,band_1700_2100_x0p1
1,conformer,conformer,pooled_source_day_thresholds,source-day,kW/m2,36,540,225,315,30,0.9069342599503742,0.900397617880821,248,0,225,67,0.8759259259259259,1.0,0.7873015873015873,0.8809946714031972,0.0,0.9272239858906525,0.9621278854022298,82.42985634763815,63.5663690715474,103.93620578821789,94.05233902995055,89.18855813958331,62.70395321514911,46.4016137477381,14.95297535363073,70.00129827510264,-89.18855813958331,-24.3672553045635,,,,-20,band_1700_2100_x0p1
1,conformer,conformer,2025.06.11_0.3_2,source-day,kW/m2,18,270,105,165,15,0.9159121689405616,0.9300043901148989,133,0,105,32,0.8814814814814815,1.0,0.806060606060606,0.8926174496644296,0.0,0.9307936507936508,0.9664676939050251,77.72881137599423,59.77251897714554,105.00555591246747,72.38742960479652,70.464894575,53.57124289226596,41.21189351242424,22.1519362175159,79.54109620932662,-70.464894575,-14.368438322727277,368.97810499999997,147.47299479999998,221.5051102,-20,band_1700_2100_x0p1
1,conformer,conformer,2025.06.18_0.3_3,source-day,kW/m2,18,270,120,150,15,0.8982158520981428,0.8623808547658941,115,0,120,35,0.8703703703703703,1.0,0.7666666666666667,0.8679245283018868,0.0,0.9257222222222222,0.9589875173773493,86.87689173226462,67.36021916594925,102.99141693446917,111.58738723180208,107.91222170416667,71.41347352546022,52.110306006583336,7.754014489745556,61.65397508265667,-107.91222170416667,-35.365953984583335,434.0180833,162.3404017,271.6776816,-20,band_1700_2100_x0p1
1,alexnet,alexnet,pooled_source_day_thresholds,source-day,kW/m2,36,540,225,315,30,0.8671109971885049,0.9135331100732906,253,0,225,62,0.8851851851851852,1.0,0.8031746031746032,0.8908450704225352,0.0,0.9222010582010581,0.9602059504404981,98.4995273794052,75.45680417663998,136.03898741597143,51.1958930713533,44.8392880875,58.42315128413212,46.11427742698413,23.75497763951036,112.05077976815822,-44.8392880875,-39.31345245238095,,,,-20,band_1700_2100_x0p1
1,alexnet,alexnet,2025.06.11_0.3_2,source-day,kW/m2,18,270,105,165,15,0.8716212591993555,0.9416607588214253,137,0,105,28,0.8962962962962963,1.0,0.8303030303030303,0.9072847682119205,0.0,0.9133044733044732,0.9607310895221144,96.0421795167596,71.71931324066406,141.2810139710869,27.967304478161964,24.878285199999993,48.907640296454744,38.42543688484849,30.733481240664048,123.73988192361236,-24.878285199999993,-28.45241010303031,368.97810499999997,147.47299479999998,221.5051102,-20,band_1700_2100_x0p1
1,alexnet,alexnet,2025.06.18_0.3_3,source-day,kW/m2,18,270,120,150,15,0.8627132941619637,0.8775781726864932,116,0,120,34,0.8740740740740741,1.0,0.7733333333333333,0.8721804511278195,0.0,0.9311111111111111,0.9600508229213854,100.89704426593926,79.19429511261593,131.28062361624114,66.78224925062545,64.80029097500001,67.35504929275821,54.57200202333334,16.77647403835667,101.82281538213584,-64.80029097500001,-51.260599036666676,434.0180833,162.3404017,271.6776816,-20,band_1700_2100_x0p1
1,hgb,hgb,pooled_source_day_thresholds,source-day,kW/m2,36,540,225,315,30,0.8342030878716747,0.9422308727827731,277,86,139,38,0.7703703703703704,0.7630853994490359,0.8793650793650793,0.8171091445427728,0.38222222222222224,0.9148148148148147,0.9543359984601129,110.02157159645758,79.99992175261373,160.80670058087435,50.68711032611251,37.72325466188939,47.75380290035014,36.07402739928867,42.663365381771634,139.60372328142924,-25.249830974225542,-26.57974740369811,,,,-20,band_1700_2100_x0p1
1,hgb,hgb,2025.06.11_0.3_2,source-day,kW/m2,18,270,105,165,15,0.8474630472820951,0.9690834723825021,162,86,19,3,0.6703703703703704,0.6532258064516129,0.9818181818181818,0.784503631961259,0.819047619047619,0.9206349206349207,0.9617974149289378,104.6894659439487,73.35944975088971,161.835137005832,41.38335569395381,27.752223324106737,35.603416645866304,27.046445523763595,47.48731982501035,144.18911820664738,-2.805375948779036,-14.050188236031365,266.90769650000004,45.402586300000024,221.5051102,-20,band_1700_2100_x0p1
1,hgb,hgb,2025.06.18_0.3_3,source-day,kW/m2,18,270,120,150,15,0.8213205401239936,0.9083994172252243,115,0,120,35,0.8703703703703703,1.0,0.7666666666666667,0.8679245283018868,0.0,0.9105555555555556,0.9470552881498148,115.10694224711075,86.64039375433777,159.9013927736911,58.53019885435811,47.694285999672054,58.26259818691974,46.00436746236624,37.83941093853291,135.59150272186346,-47.694285999672054,-40.36226248813153,434.0180833,162.3404017,271.6776816,-20,band_1700_2100_x0p1
1,extra_trees,extra_trees,pooled_source_day_thresholds,source-day,kW/m2,36,540,225,315,30,0.9084286371837529,0.9209522681785905,262,0,225,53,0.9018518518518519,1.0,0.8317460317460318,0.9081455805892548,0.0,0.9376225749559083,0.9678217238865832,81.76538090092258,61.03537558697095,108.05939779019769,84.29008268069283,78.83684862490608,55.860493211180724,39.84424215603361,16.70206617041466,78.69519913289507,-78.83684862490608,-27.578743088499923,,,,-20,band_1700_2100_x0p1
1,extra_trees,extra_trees,2025.06.11_0.3_2,source-day,kW/m2,18,270,105,165,15,0.9228432342128914,0.9606597758833046,143,0,105,22,0.9185185185185185,1.0,0.8666666666666667,0.9285714285714286,0.0,0.9535353535353535,0.9779050605004551,74.4564728024781,53.17517680778534,108.26224386902601,62.27317323544738,60.87817102239911,40.16194493033027,28.990791474443515,24.01585950884339,85.01478131346444,-60.87817102239911,-14.801636185006366,368.97810499999997,147.47299479999998,221.5051102,-20,band_1700_2100_x0p1
1,extra_trees,extra_trees,2025.06.18_0.3_3,source-day,kW/m2,18,270,120,150,15,0.8944426456711422,0.8710520111459421,119,0,120,31,0.8851851851851852,1.0,0.7933333333333333,0.8847583643122676,0.0,0.9202777777777778,0.956405109653995,88.47253068359552,68.89557436615657,107.88159460075171,101.64491119492422,96.79552622741305,69.12704876621598,51.783037905782706,9.38827283198593,73.16556472489687,-96.79552622741305,-41.63356068234283,434.0180833,162.3404017,271.6776816,-20,band_1700_2100_x0p1
1,ensemble__original3_hgb_extra_trees,ensemble__original3_hgb_extra_trees,pooled_source_day_thresholds,source-day,kW/m2,36,540,225,315,30,0.8926347440215485,0.9329678045271137,259,0,225,56,0.8962962962962963,1.0,0.8222222222222222,0.9024390243902439,0.0,0.9395978835978837,0.9685639373646711,88.53632830116996,65.18483201016687,122.9158996034183,68.37196209223751,62.1848631685741,51.44009730056695,37.89803356050345,24.928195385371758,97.63432432648646,-62.1848631685741,-27.004753858281603,,,,-20,band_1700_2100_x0p1
1,ensemble__original3_hgb_extra_trees,ensemble__original3_hgb_extra_trees,2025.06.11_0.3_2,source-day,kW/m2,18,270,105,165,15,0.9046051774600771,0.9653152223038829,142,0,105,23,0.9148148148148149,1.0,0.8606060606060606,0.9250814332247557,0.0,0.9518037518037518,0.9772679194444021,82.78999445429696,58.30180352715626,124.0576744087904,46.04483565341295,42.69316627804569,37.71080290524817,28.048655738538752,31.51844263911051,104.44171488143947,-42.69316627804569,-14.887276060553363,368.97810499999997,147.47299479999998,221.5051102,-20,band_1700_2100_x0p1
1,ensemble__original3_hgb_extra_trees,ensemble__original3_hgb_extra_trees,2025.06.18_0.3_3,source-day,kW/m2,18,270,120,150,15,0.881013765788433,0.8922644173332782,117,0,120,33,0.8777777777777778,1.0,0.78,0.8764044943820225,0.0,0.927,0.959397421196798,93.9317820354888,72.06786049317748,121.90807477959669,85.02542861012178,81.67656005910254,63.185919794511555,48.73234916466462,18.337948131633,91.67785759090256,-81.67656005910254,-40.33397943578266,434.0180833,162.3404017,271.6776816,-20,band_1700_2100_x0p1
1,ensemble__original3_mse,ensemble__original3_mse,pooled_source_day_thresholds,source-day,kW/m2,36,540,225,315,30,0.8970181333749081,0.9191388315087918,250,0,225,65,0.8796296296296297,1.0,0.7936507936507936,0.8849557522123894,0.0,0.9281410934744267,0.9624316383165255,86.71016350458821,65.72580692430179,116.51606841116022,75.54562276938037,70.6311194050673,56.49760863452316,42.61312316421962,21.312466609357884,88.07008859987921,-70.6311194050673,-26.371549098157345,,,,-20,band_1700_2100_x0p1
1,ensemble__original3_mse,ensemble__original3_mse,2025.06.11_0.3_2,source-day,kW/m2,18,270,105,165,15,0.9040137469345039,0.9459783156252106,135,0,105,30,0.8888888888888888,1.0,0.8181818181818182,0.9,0.0,0.9283694083694084,0.9655883934826213,83.04623934365138,61.893084532285975,119.38887785248225,53.165721795338015,51.42922277770207,47.063083931029176,36.47679623836629,28.445645180265142,98.23092124897737,-51.42922277770207,-15.963166863460833,368.97810499999997,147.47299479999998,221.5051102,-20,band_1700_2100_x0p1
1,ensemble__original3_mse,ensemble__original3_mse,2025.06.18_0.3_3,source-day,kW/m2,18,270,120,150,15,0.8902184256421807,0.8848633122590281,115,0,120,35,0.8703703703703703,1.0,0.7666666666666667,0.8679245283018868,0.0,0.9290555555555555,0.960012195963383,90.22542347288713,69.55852931631765,113.94295935126267,92.66978075515104,89.8330160324325,65.32021344861376,49.36308278265829,14.179288038450627,79.1793600319183,-89.8330160324325,-37.82076955632351,434.0180833,162.3404017,271.6776816,-20,band_1700_2100_x0p1
1,ensemble__original3_performance,ensemble__original3_performance,pooled_source_day_thresholds,source-day,kW/m2,36,540,225,315,30,0.8822359480118165,0.9354380110714796,252,1,224,63,0.8814814814814815,0.9960474308300395,0.8,0.8873239436619719,0.0044444444444444444,0.9282398589065256,0.9624173964135003,92.72481928049632,68.75282473382387,130.6404965576255,58.17983258820848,52.384708734227814,50.48338994602031,38.515994198937996,30.00947322849522,106.26860076486872,-52.384708734227814,-24.461332154628703,,,,-20,band_1700_2100_x0p1
1,ensemble__original3_performance,ensemble__original3_performance,2025.06.11_0.3_2,source-day,kW/m2,18,270,105,165,15,0.8871773971296795,0.9589455966410394,137,1,104,28,0.8925925925925926,0.9927536231884058,0.8303030303030303,0.9042904290429042,0.009523809523809525,0.9265223665223666,0.9647931018532172,90.03544361358549,64.98690030292573,134.90681938455808,34.829816601408666,32.74868179421677,41.02760767326841,31.751750538464314,37.10214050771338,116.78589865794194,-32.74868179421677,-13.60570558788661,368.97810499999997,147.47299479999998,221.5051102,-20,band_1700_2100_x0p1
1,ensemble__original3_performance,ensemble__original3_performance,2025.06.18_0.3_3,source-day,kW/m2,18,270,120,150,15,0.8774235720572052,0.9055422388777332,115,0,120,35,0.8703703703703703,1.0,0.7666666666666667,0.8679245283018868,0.0,0.9308888888888889,0.9607085386495935,95.33836119058408,72.518749164722,126.78975742205084,74.5430728873996,72.02073567423886,59.164275846132746,45.95666222545902,22.91680594927707,97.06596510842968,-72.02073567423886,-36.402521378045016,434.0180833,162.3404017,271.6776816,-20,band_1700_2100_x0p1
1,ensemble__original3_hgb,ensemble__original3_hgb,pooled_source_day_thresholds,source-day,kW/m2,36,540,225,315,30,0.8642274253634465,0.9413866191555621,257,3,222,58,0.8870370370370371,0.9884615384615385,0.8158730158730159,0.8939130434782608,0.013333333333333334,0.9307513227513226,0.9642572220220493,99.56246768390041,72.55323866687537,143.35686416560034,53.23979966964117,41.50071177395944,48.101480729689236,36.087893591068365,35.06671400179178,121.26805220772313,-41.39649679181834,-26.50567043101633,,,,-20,band_1700_2100_x0p1
1,ensemble__original3_hgb,ensemble__original3_hgb,2025.06.11_0.3_2,source-day,kW/m2,18,270,105,165,15,0.8748296343268703,0.9676762975886829,141,3,102,24,0.9,0.9791666666666666,0.8545454545454545,0.912621359223301,0.02857142857142857,0.9367388167388168,0.9698949898549294,94.83446789627473,66.59466367442607,145.06456134335602,34.24244947719308,20.314174251190323,36.404650947709314,27.080218012414026,40.71229056235333,127.8371882920642,-20.105744286908152,-14.730826174735393,368.97810499999997,147.47299479999998,221.5051102,-20,band_1700_2100_x0p1
1,ensemble__original3_hgb,ensemble__original3_hgb,2025.06.18_0.3_3,source-day,kW/m2,18,270,120,150,15,0.8539263188071252,0.9082234409119501,116,0,120,34,0.8740740740740741,1.0,0.7733333333333333,0.8721804511278195,0.0,0.9276111111111112,0.9605097700686495,104.07590326990136,78.51181365932464,141.8457652023553,67.0552547644771,62.68724929672855,58.318536246455864,45.996336727588144,29.421137441230226,115.5200581339247,-62.68724929672855,-39.45799911292536,434.0180833,162.3404017,271.6776816,-20,band_1700_2100_x0p1
1,ensemble__original3_extra_trees,ensemble__original3_extra_trees,pooled_source_day_thresholds,source-day,kW/m2,36,540,225,315,30,0.9067633479751184,0.9230724137155165,259,0,225,56,0.8962962962962963,1.0,0.8222222222222222,0.9024390243902439,0.0,0.9387089947089947,0.9682260098387622,82.5055114025973,61.576028697414856,109.93543243195137,81.69943711019127,76.78541631994639,55.106282272984146,39.66342156460745,17.85466628015046,81.0389214996411,-76.78541631994639,-27.276944590914276,,,,-20,band_1700_2100_x0p1
1,ensemble__original3_extra_trees,ensemble__original3_extra_trees,2025.06.11_0.3_2,source-day,kW/m2,18,270,105,165,15,0.9194247926997186,0.959502415345634,142,0,105,23,0.9148148148148149,1.0,0.8606060606060606,0.9250814332247557,0.0,0.9502453102453102,0.9766294202558359,76.08799971540644,54.55644471257175,110.80492925050413,59.66007452356829,58.51593396122485,40.74843018614424,29.733866094379678,25.123305926698823,88.31881629734268,-58.51593396122485,-15.092018854619987,368.97810499999997,147.47299479999998,221.5051102,-20,band_1700_2100_x0p1
1,ensemble__original3_extra_trees,ensemble__original3_extra_trees,2025.06.18_0.3_3,source-day,kW/m2,18,270,120,150,15,0.8944757335362913,0.8772032399070906,117,0,120,33,0.8777777777777778,1.0,0.78,0.8764044943820225,0.0,0.9255,0.9586396569200151,88.45866335705361,68.59561268225795,109.16894197557836,98.94580110386936,95.05489867866791,67.45811224453301,50.58593258185799,10.586026633602096,74.66901355165221,-95.05489867866791,-40.68036290083799,434.0180833,162.3404017,271.6776816,-20,band_1700_2100_x0p1
1,ensemble__simple_equal,ensemble__simple_equal,pooled_source_day_thresholds,source-day,kW/m2,36,540,225,315,30,0.8656131147992723,0.9489052940573299,262,1,224,53,0.9,0.9961977186311787,0.8317460317460318,0.9065743944636678,0.0044444444444444444,0.9362257495590829,0.9668048070291934,99.05309943252206,71.74376079395816,143.95799326723795,44.37450872401642,36.63679975236369,44.91051254378547,33.824990622252564,37.48191951451386,123.03394575348204,-36.621543928576315,-23.62667065617768,,,,-20,band_1700_2100_x0p1
1,ensemble__simple_equal,ensemble__simple_equal,2025.06.11_0.3_2,source-day,kW/m2,18,270,105,165,15,0.8726665147075701,0.9732746711822344,145,1,104,20,0.9222222222222223,0.9931506849315068,0.8787878787878788,0.932475884244373,0.009523809523809525,0.94008658008658,0.9717753840183753,95.65039426919525,66.36626675310634,147.66206374406607,20.79128083526831,16.420300703477043,33.10227559501077,24.717389774871446,44.13190589589141,131.81450200461836,-16.389789055902288,-11.666109809662066,368.97810499999997,147.47299479999998,221.5051102,-20,band_1700_2100_x0p1
1,ensemble__simple_equal,ensemble__simple_equal,2025.06.18_0.3_3,source-day,kW/m2,18,270,120,150,15,0.8587509222145586,0.9182289765355242,117,0,120,33,0.8777777777777778,1.0,0.78,0.8764044943820225,0.0,0.9322222222222222,0.9612379584560583,102.34273345248168,77.12125483480999,140.63692700481243,59.21078187479559,56.853298801250354,55.0478607491765,43.84335155437178,30.831933133136303,115.35095903373775,-56.853298801250354,-36.78328758734485,434.0180833,162.3404017,271.6776816,-20,band_1700_2100_x0p1
1,randomforest,randomforest,pooled_source_day_thresholds,source-day,kW/m2,36,540,225,315,30,0.6878588992669725,0.9607137198243016,315,215,10,0,0.6018518518518519,0.5943396226415094,1.0,0.7455621301775148,0.9555555555555556,0.9255026455026454,0.9600492067215074,150.96111823433282,108.3447073312233,229.179135062223,61.86888984084982,57.090914516666665,39.38043546769907,31.34191119571429,91.13849769159368,216.148621920936,57.090914516666665,1.8455518134920592,,,,-20,band_2500_2900_x0p1
1,randomforest,randomforest,2025.06.11_0.3_2,source-day,kW/m2,18,270,105,165,15,0.683517635399014,0.9625669147697429,165,100,5,0,0.6296296296296297,0.6226415094339622,1.0,0.7674418604651163,0.9523809523809523,0.9287734487734487,0.9655416823560211,150.7961343853114,106.49247814584926,236.7723052194364,80.15136397033058,79.2240398,39.176364613316196,30.016982938787876,97.67837753696035,226.66825632837427,79.2240398,15.59390921515151,181.378003,-40.1271072,221.5051102,-20,band_2500_2900_x0p1
1,randomforest,randomforest,2025.06.18_0.3_3,source-day,kW/m2,18,270,120,150,15,0.6920008463020294,0.9576756749660308,150,115,5,0,0.5740740740740741,0.5660377358490566,1.0,0.7228915662650602,0.9583333333333334,0.9229444444444445,0.9543867643825825,151.12592197094298,110.19693651659745,222.32247625508663,35.089569874451485,34.95778923333332,39.60369889627407,32.79933227833333,84.59861784622703,206.94394181442746,34.95778923333332,-13.27764132833334,271.6776816,0.0,271.6776816,-20,band_2500_2900_x0p1
1,conformer,conformer,pooled_source_day_thresholds,source-day,kW/m2,36,540,225,315,30,0.8934818088847039,0.8204702159028806,247,0,225,68,0.8740740740740741,1.0,0.7841269841269841,0.8790035587188612,0.0,0.9334744268077602,0.9651763218064481,88.18638026644747,73.50060712258906,93.50263642721583,105.16342738216238,100.73013261874995,84.18375893567696,69.15549352563491,-14.430643844864646,55.09500063621376,-100.73013261874995,-64.09181847420635,,,,-20,band_2500_2900_x0p1
1,conformer,conformer,2025.06.11_0.3_2,source-day,kW/m2,18,270,105,165,15,0.9023377733508723,0.8558318842395225,131,0,105,34,0.8740740740740741,1.0,0.793939393939394,0.8851351351351351,0.0,0.9340836940836941,0.9678377211728881,83.76811873428672,69.86991886478444,93.5693961414628,84.58798565349248,82.86101801249998,76.88310822465378,63.56625938477275,-8.418771218826686,64.8728160009933,-82.86101801249998,-55.058872176893956,368.97810499999997,147.47299479999998,221.5051102,-20,band_2500_2900_x0p1
1,conformer,conformer,2025.06.18_0.3_3,source-day,kW/m2,18,270,120,150,15,0.8848787783487009,0.7738572643773983,116,0,120,34,0.8740740740740741,1.0,0.7733333333333333,0.8721804511278195,0.0,0.9328888888888889,0.9629537718364163,92.39360157887234,77.13129538039371,93.4441825521095,122.32565389406767,118.59924722500001,91.5444564166621,75.30365108058335,-20.442516470902593,46.53941219203167,-118.59924722500001,-74.02805940125003,434.0180833,162.3404017,271.6776816,-20,band_2500_2900_x0p1
1,alexnet,alexnet,pooled_source_day_thresholds,source-day,kW/m2,36,540,225,315,30,0.8920105575245736,0.7733057284485999,256,0,225,59,0.8907407407407407,1.0,0.8126984126984127,0.8966725043782837,0.0,0.920973544973545,0.9593524416262218,88.7933159655309,73.15848986430203,79.96253154646713,135.19025402978346,129.78803951979162,94.59764665243792,75.4463426217262,-32.413917123221125,22.130162181352656,-129.78803951979162,-71.37397376934524,,,,-20,band_2500_2900_x0p1
1,alexnet,alexnet,2025.06.11_0.3_2,source-day,kW/m2,18,270,105,165,15,0.9045265025468453,0.8190619552366053,135,0,105,30,0.8888888888888888,1.0,0.8181818181818182,0.9,0.0,0.9138239538239539,0.9598632750125772,82.82412708876528,68.03699394837241,77.34185652305,122.22628857683931,119.85242868958333,86.13135270739505,68.29341276700758,-25.186869236766505,31.258808411707573,-119.85242868958333,-61.10684592215911,368.97810499999997,147.47299479999998,221.5051102,-20,band_2500_2900_x0p1
1,alexnet,alexnet,2025.06.18_0.3_3,source-day,kW/m2,18,270,120,150,15,0.8798608754213947,0.7131026296605522,121,0,120,29,0.8925925925925926,1.0,0.8066666666666666,0.8929889298892989,0.0,0.9282777777777779,0.9592206860382725,94.38575047269194,78.27998578023168,82.18710161635151,147.0154547998474,139.72365035,103.11076601621525,83.3145654619167,-39.64096500967574,14.14259672979209,-139.72365035,-82.66781440125004,434.0180833,162.3404017,271.6776816,-20,band_2500_2900_x0p1
1,hgb,hgb,pooled_source_day_thresholds,source-day,kW/m2,36,540,225,315,30,0.9101426099620065,0.8261841093286917,266,0,225,49,0.9092592592592592,1.0,0.8444444444444444,0.9156626506024096,0.0,0.9429347442680777,0.969555519869602,80.99655087641469,63.903804968676354,78.35284605523987,141.93112849728266,131.5932525486276,82.83326852498598,59.97519763178293,-29.620540971587392,4.3212103999016955,-131.5932525486276,-53.8646490940796,,,,-20,band_2500_2900_x0p1
1,hgb,hgb,2025.06.11_0.3_2,source-day,kW/m2,18,270,105,165,15,0.9382462106907565,0.8982369616210979,144,0,105,21,0.9222222222222223,1.0,0.8727272727272727,0.9320388349514563,0.0,0.9501587301587301,0.9757851635318381,66.61119994088493,52.24101901708205,69.66335008599485,136.17391077999937,134.8993882055219,64.5938772919868,45.178161658942585,-18.959299781494703,6.998877587858449,-134.8993882055219,-35.47813992562853,368.97810499999997,147.47299479999998,221.5051102,-20,band_2500_2900_x0p1
1,hgb,hgb,2025.06.18_0.3_3,source-day,kW/m2,18,270,120,150,15,0.8828929780874591,0.7350304491103625,122,0,120,28,0.8962962962962963,1.0,0.8133333333333334,0.8970588235294118,0.0,0.9360277777777778,0.9631757095858442,93.18707287057964,75.56659092027067,85.23251349830839,147.4637463782373,128.28711689173326,99.09202745198343,76.25193720190731,-40.28178216168007,1.9782516104395365,-128.28711689173326,-74.08980917937576,434.0180833,162.3404017,271.6776816,-20,band_2500_2900_x0p1
1,extra_trees,extra_trees,pooled_source_day_thresholds,source-day,kW/m2,36,540,225,315,30,0.9183551361106875,0.8622340635647233,262,0,225,53,0.9018518518518519,1.0,0.8317460317460318,0.9081455805892548,0.0,0.9461446208112874,0.971340332855683,77.2065346741675,60.144363855836424,81.8073256035738,121.91165833211335,116.86370910530209,73.74472895902016,52.14661740884287,-12.354282954470474,34.04383646921605,-116.86370910530209,-45.49579682853228,,,,-20,band_2500_2900_x0p1
1,extra_trees,extra_trees,2025.06.11_0.3_2,source-day,kW/m2,18,270,105,165,15,0.9422640913148328,0.9310103041532903,143,0,105,22,0.9185185185185185,1.0,0.8666666666666667,0.9285714285714286,0.0,0.9545743145743145,0.9782840492860985,64.4077983581985,48.68847982259155,78.88108455370654,104.82548963252998,104.41564982800729,53.184910971682264,36.28845411562306,-0.11048269380735691,41.06480650224844,-104.41564982800729,-26.31293945493377,368.97810499999997,147.47299479999998,221.5051102,-20,band_2500_2900_x0p1
1,extra_trees,extra_trees,2025.06.18_0.3_3,source-day,kW/m2,18,270,120,150,15,0.89517161445523,0.7757863272804507,119,0,120,31,0.8851851851851852,1.0,0.7933333333333333,0.8847583643122676,0.0,0.936888888888889,0.963637590108057,88.1665101012652,71.60024788908127,84.28448799568201,136.88141436247744,129.31176838259694,91.1531698452132,69.59059703138468,-24.59808321513359,27.900487690312726,-129.31176838259694,-66.59693993949065,434.0180833,162.3404017,271.6776816,-20,band_2500_2900_x0p1
1,ensemble__original3_hgb_extra_trees,ensemble__original3_hgb_extra_trees,pooled_source_day_thresholds,source-day,kW/m2,36,540,225,315,30,0.916719242591416,0.85428185479007,261,0,225,54,0.9,1.0,0.8285714285714286,0.90625,0.0,0.9451851851851851,0.9713177102817201,77.97618053195387,62.737934103594405,80.86783977471785,121.18066340719902,116.19462165922063,75.84323984855223,57.146426032883625,-17.060719466472786,31.681519279177113,-116.19462165922063,-51.87660428479413,,,,-20,band_2500_2900_x0p1
1,ensemble__original3_hgb_extra_trees,ensemble__original3_hgb_extra_trees,2025.06.11_0.3_2,source-day,kW/m2,18,270,105,165,15,0.9390953735981873,0.9182148078124557,141,0,105,24,0.9111111111111111,1.0,0.8545454545454545,0.9215686274509803,0.0,0.9515728715728715,0.9769450324920222,66.15163658173418,52.858781929427536,77.35154860327631,107.53472323918706,107.07420659489756,57.90734598137854,43.66192321993116,-6.729018122346334,38.182100698772985,-107.07420659489756,-35.30882100851317,368.97810499999997,147.47299479999998,221.5051102,-20,band_2500_2900_x0p1
1,ensemble__original3_hgb_extra_trees,ensemble__original3_hgb_extra_trees,2025.06.18_0.3_3,source-day,kW/m2,18,270,120,150,15,0.8950206166110904,0.7735701607527203,120,0,120,30,0.8888888888888888,1.0,0.8,0.8888888888888888,0.0,0.9402222222222222,0.9663175357322409,88.22998604931257,72.61708627776127,83.82368262323487,133.43833656595535,125.31503672354371,91.6025489495503,71.97937912713132,-27.39242081059924,25.99351053703072,-125.31503672354371,-70.10116588870319,434.0180833,162.3404017,271.6776816,-20,band_2500_2900_x0p1
1,ensemble__original3_mse,ensemble__original3_mse,pooled_source_day_thresholds,source-day,kW/m2,36,540,225,315,30,0.8966564924709972,0.8330770327014658,251,0,225,64,0.8814814814814815,1.0,0.7968253968253968,0.8869257950530035,0.0,0.9320211640211641,0.9647694127828544,86.86227989791777,72.13279230277816,94.25061654974961,102.54722564654097,98.1342560606577,81.17421690302095,66.5325051190903,-12.36226836145455,56.987994382087805,-98.1342560606577,-61.89817032112765,,,,-20,band_2500_2900_x0p1
1,ensemble__original3_mse,ensemble__original3_mse,2025.06.11_0.3_2,source-day,kW/m2,18,270,105,165,15,0.9056304923279522,0.8689501131327468,134,0,105,31,0.8851851851851852,1.0,0.8121212121212121,0.8963210702341137,0.0,0.9310822510822511,0.9670578443573615,82.34387413705493,68.08512419339426,94.82657119622974,83.39234311835932,81.8269462719771,73.30180123568168,60.31635180364933,-6.04209990896986,66.66099110264358,-81.8269462719771,-52.30770327999658,368.97810499999997,147.47299479999998,221.5051102,-20,band_2500_2900_x0p1
1,ensemble__original3_mse,ensemble__original3_mse,2025.06.18_0.3_3,source-day,kW/m2,18,270,120,150,15,0.88793974757402,0.7860928190128411,117,0,120,33,0.8777777777777778,1.0,0.78,0.8764044943820225,0.0,0.9341111111111111,0.9633895494797621,91.1569949605036,76.18046041216206,93.74375350275591,118.64899529635727,114.44156584933829,89.03349289893288,73.37027376607537,-18.682436813939237,48.52412225160152,-114.44156584933829,-72.44768406637185,434.0180833,162.3404017,271.6776816,-20,band_2500_2900_x0p1
1,ensemble__original3_performance,ensemble__original3_performance,pooled_source_day_thresholds,source-day,kW/m2,36,540,225,315,30,0.894637362507083,0.8644940313221198,253,0,225,62,0.8851851851851852,1.0,0.8031746031746032,0.8908450704225352,0.0,0.9311887125220459,0.9643913470714033,87.70673461187283,71.57046272349568,104.75317932833218,86.88493783922539,82.1076843955001,73.13735869518914,59.79423082761103,-1.567922140552333,73.17450623433913,-82.1076843955001,-54.95537097976052,,,,-20,band_2500_2900_x0p1
1,ensemble__original3_performance,ensemble__original3_performance,2025.06.11_0.3_2,source-day,kW/m2,18,270,105,165,15,0.902479626722336,0.8975788602213284,135,0,105,30,0.8888888888888888,1.0,0.8181818181818182,0.9,0.0,0.9288888888888888,0.9662404146227399,83.70726046535638,67.44287825054819,106.85867143592809,67.51728866779087,65.73069702272936,64.80240494675046,53.18190502463685,4.872569100505848,82.89678103685819,-65.73069702272936,-44.77920213171836,368.97810499999997,147.47299479999998,221.5051102,-20,band_2500_2900_x0p1
1,ensemble__original3_performance,ensemble__original3_performance,2025.06.18_0.3_3,source-day,kW/m2,18,270,120,150,15,0.8870167982865902,0.8215290941010734,118,0,120,32,0.8814814814814815,1.0,0.7866666666666666,0.8805970149253731,0.0,0.9337222222222222,0.9629037205723273,91.53161824167627,75.6980471964432,102.87553102143893,102.66158277370518,98.48467176827087,81.32506957843628,67.06778921088262,-8.008413381610515,64.66751578213496,-98.48467176827087,-66.14915671260688,434.0180833,162.3404017,271.6776816,-20,band_2500_2900_x0p1
1,ensemble__original3_hgb,ensemble__original3_hgb,pooled_source_day_thresholds,source-day,kW/m2,36,540,225,315,30,0.9135068265342065,0.8387210409245833,258,0,225,57,0.8944444444444445,1.0,0.819047619047619,0.900523560209424,0.0,0.9417283950617282,0.969655893466568,79.46585149508381,65.12287075418102,79.00969248967105,126.23377482453064,119.68853909593285,79.79008272559642,61.80561750448784,-23.480046286219515,23.06005607951819,-119.68853909593285,-56.72297654746074,,,,-20,band_2500_2900_x0p1
1,ensemble__original3_hgb,ensemble__original3_hgb,2025.06.11_0.3_2,source-day,kW/m2,18,270,105,165,15,0.9360925387837136,0.9005866458445367,138,0,105,27,0.9,1.0,0.8363636363636363,0.9108910891089109,0.0,0.9449927849927849,0.9736470141565137,67.76278296872312,56.03133782686675,73.5002194419684,116.81674031490343,116.0162093964743,63.84379360159261,49.822775147620206,-14.363359100820592,28.226662038328588,-116.0162093964743,-41.46609982573371,368.97810499999997,147.47299479999998,221.5051102,-20,band_2500_2900_x0p1
1,ensemble__original3_hgb,ensemble__original3_hgb,2025.06.18_0.3_3,source-day,kW/m2,18,270,120,150,15,0.891604462149666,0.7602153933739233,120,0,120,30,0.8888888888888888,1.0,0.8,0.8888888888888888,0.0,0.939888888888889,0.965879555306119,89.65404816298678,74.21440368149531,83.53292524774525,134.99548509154312,123.36086879539141,94.26519693536825,74.98674409704226,-32.59673347161845,18.539275865559095,-123.36086879539141,-73.50554094136048,434.0180833,162.3404017,271.6776816,-20,band_2500_2900_x0p1
1,ensemble__original3_extra_trees,ensemble__original3_extra_trees,pooled_source_day_thresholds,source-day,kW/m2,36,540,225,315,30,0.9160617650930147,0.8622139008039039,259,0,225,56,0.8962962962962963,1.0,0.8222222222222222,0.9024390243902439,0.0,0.9455661375661376,0.9714518118356195,78.28337511970173,62.47892592977876,84.22098912733715,116.80383309811275,112.181345844141,73.75012522376586,54.98121260894426,-12.356279306216493,39.779875947433986,-112.181345844141,-49.59639020168113,,,,-20,band_2500_2900_x0p1
1,ensemble__original3_extra_trees,ensemble__original3_extra_trees,2025.06.11_0.3_2,source-day,kW/m2,18,270,105,165,15,0.9375811520140849,0.9259265927256471,140,0,105,25,0.9074074074074074,1.0,0.8484848484848485,0.9180327868852459,0.0,0.9526118326118326,0.977561726774726,66.96892471819149,52.64090218097442,82.2185947492393,99.31267098432612,98.76847393899978,55.10962838215949,41.1710763350544,-1.593386997597981,47.46385265234722,-98.76847393899978,-32.811630411199474,368.97810499999997,147.47299479999998,221.5051102,-20,band_2500_2900_x0p1
1,ensemble__original3_extra_trees,ensemble__original3_extra_trees,2025.06.18_0.3_3,source-day,kW/m2,18,270,120,150,15,0.8951931475323628,0.7819282901680281,119,0,120,31,0.8851851851851852,1.0,0.7933333333333333,0.8847583643122676,0.0,0.9393333333333334,0.9656965177663184,88.15745437768193,72.31694967858311,85.93481823890428,131.9972129811177,125.59421774928227,89.89600538195631,70.17236251022311,-23.119171614835004,33.056396330634925,-125.59421774928227,-68.05962597121093,434.0180833,162.3404017,271.6776816,-20,band_2500_2900_x0p1
1,ensemble__simple_equal,ensemble__simple_equal,pooled_source_day_thresholds,source-day,kW/m2,36,540,225,315,30,0.9085852155805151,0.8896375971969854,260,0,225,55,0.8981481481481481,1.0,0.8253968253968254,0.9043478260869565,0.0,0.939710758377425,0.9688902670209298,81.69544544625965,65.09485614231781,99.59317300936833,89.22375844195747,84.37684385516093,66.00405737483501,51.86228289031915,0.4638225594900272,66.34776632152403,-84.37684385516093,-46.59613727053426,,,,-20,band_2500_2900_x0p1
1,ensemble__simple_equal,ensemble__simple_equal,2025.06.11_0.3_2,source-day,kW/m2,18,270,105,165,15,0.9232472361582673,0.9354718878136334,139,0,105,26,0.9037037037037037,1.0,0.8424242424242424,0.9144736842105263,0.0,0.94002886002886,0.9718235264005662,74.26128551513735,57.811054323510525,100.11602277084411,73.40323227052077,72.56088898712248,51.43642798845638,41.16299142720252,9.000590921213036,74.1727129662364,-72.56088898712248,-32.47257765289274,368.97810499999997,147.47299479999998,221.5051102,-20,band_2500_2900_x0p1
1,ensemble__simple_equal,ensemble__simple_equal,2025.06.18_0.3_3,source-day,kW/m2,18,270,120,150,15,0.8943595147663819,0.8316569851738141,121,0,120,29,0.8925925925925926,1.0,0.8066666666666666,0.8929889298892989,0.0,0.9403333333333334,0.9661929770647655,88.50736176705769,72.37865796112507,99.13341738721631,102.63393022415897,96.19279872319939,78.98384646395901,63.631503499747446,-8.072945802232974,59.50093800740071,-96.19279872319939,-62.132052849939924,434.0180833,162.3404017,271.6776816,-20,band_2500_2900_x0p1
1,randomforest,randomforest,pooled_source_day_thresholds,source-day,kW/m2,36,540,225,315,30,0.7109719634540668,0.7659288141208263,302,140,85,13,0.7166666666666667,0.6832579185520362,0.9587301587301588,0.797886393659181,0.6222222222222222,0.9252063492063493,0.9594028010699114,145.26453950732807,117.54580701247332,194.18651736018597,47.00658023995334,40.11197776416667,96.12448746801789,75.88725876674603,34.3539689589548,174.76465372649153,20.5399681625,-65.93937730357142,,,,-20,global_power_x0p5
1,randomforest,randomforest,2025.06.11_0.3_2,source-day,kW/m2,18,270,105,165,15,0.7250679333374258,0.8412259446571344,163,81,24,2,0.6925925925925925,0.6680327868852459,0.9878787878787879,0.7970660146699267,0.7714285714285715,0.930909090909091,0.9648526510902917,140.54912610119436,111.20198601214554,201.41090749567726,55.06153269580435,52.97788897833333,80.68375281585165,63.852255421666676,42.71240114807146,185.52919963194563,39.017657508333336,-48.17101606893941,266.90769650000004,45.402586300000024,221.5051102,-20,global_power_x0p5
1,randomforest,randomforest,2025.06.18_0.3_3,source-day,kW/m2,18,270,120,150,15,0.6972538846411067,0.6696263767841881,139,59,61,11,0.7407407407407407,0.702020202020202,0.9266666666666666,0.7988505747126436,0.49166666666666664,0.9183055555555556,0.9532389340639273,149.83162559600933,123.88962801280113,187.637142265178,37.248688418509595,27.246066549999995,110.64796033268203,89.12576244633337,25.995536769838143,165.34567605921916,2.062278816666656,-85.4845746616667,434.0180833,162.3404017,271.6776816,-20,global_power_x0p5
1,conformer,conformer,pooled_source_day_thresholds,source-day,kW/m2,36,540,225,315,30,0.8691579389786452,0.7342764315631901,246,0,225,69,0.8722222222222222,1.0,0.780952380952381,0.8770053475935828,0.0,0.9315696649029982,0.9635223935639845,97.73796979579134,83.16178049955666,90.78194237451005,113.77485748471433,109.97681647291661,102.41771859204269,87.13455858369048,-29.269020566508164,47.99855619176932,-109.97681647291661,-84.46014682242063,,,,-20,global_power_x0p5
1,conformer,conformer,2025.06.11_0.3_2,source-day,kW/m2,18,270,105,165,15,0.8819501454159396,0.7832828871465483,132,0,105,33,0.8777777777777778,1.0,0.8,0.8888888888888888,0.0,0.9322943722943723,0.9670676591247377,92.09757170551147,77.77672847126593,88.58727220421592,94.04638916670108,92.58649249166666,94.26336185816935,79.47445633772729,-23.745945813734107,57.019700599207574,-92.58649249166666,-75.14226625833336,368.97810499999997,147.47299479999998,221.5051102,-20,global_power_x0p5
1,conformer,conformer,2025.06.18_0.3_3,source-day,kW/m2,18,270,120,150,15,0.8567358481657635,0.6693401651553499,114,0,120,36,0.8666666666666667,1.0,0.76,0.8636363636363636,0.0,0.9319444444444446,0.9607599655771261,103.07016428411384,88.54683252784743,92.6596475975694,130.5554023242222,127.36714045416667,110.69587862099016,95.56067105425002,-34.79209531928223,40.10505483526084,-127.36714045416667,-94.7098154429167,434.0180833,162.3404017,271.6776816,-20,global_power_x0p5
1,alexnet,alexnet,pooled_source_day_thresholds,source-day,kW/m2,36,540,225,315,30,0.8297359990914557,0.5705957533155306,249,0,225,66,0.8777777777777778,1.0,0.7904761904761904,0.8829787234042553,0.0,0.9215802469135803,0.9602770402817302,111.49388342946669,94.16873620556362,78.12305147861088,147.05178228218995,143.75378509270828,130.1946765669196,112.42859824007938,-62.42985502107992,7.259062007741537,-143.75378509270828,-112.20765289880953,,,,-20,global_power_x0p5
1,alexnet,alexnet,2025.06.11_0.3_2,source-day,kW/m2,18,270,105,165,15,0.8425719996966403,0.6292196791913676,133,0,105,32,0.8814814814814815,1.0,0.806060606060606,0.8926174496644296,0.0,0.9090331890331889,0.9588312264883612,106.35463972316377,89.71969055964554,72.08948928397558,131.84070106087574,130.30233389791667,123.29761030457982,105.84419119488638,-57.136450472298925,18.74144892510043,-130.30233389791667,-105.42238645246215,368.97810499999997,147.47299479999998,221.5051102,-20,global_power_x0p5
1,alexnet,alexnet,2025.06.18_0.3_3,source-day,kW/m2,18,270,120,150,15,0.8172633237799911,0.4906939195725756,116,0,120,34,0.8740740740740741,1.0,0.7733333333333333,0.8721804511278195,0.0,0.9340555555555556,0.962472612035411,116.40645469097944,98.61778185148168,83.04359271519256,160.83060308446892,157.20523628750004,137.38210296783222,119.67144598979169,-67.72325956986094,-2.7880265449474946,-157.20523628750004,-119.67144598979169,434.0180833,162.3404017,271.6776816,-20,global_power_x0p5
1,hgb,hgb,pooled_source_day_thresholds,source-day,kW/m2,36,540,225,315,30,0.8767929049874654,0.7456034385317251,266,0,225,49,0.9092592592592592,1.0,0.8444444444444444,0.9156626506024096,0.0,0.9294885361552028,0.963564707686199,94.84348078476675,79.24389025626316,86.77283819453869,111.052410228501,102.82478364147369,100.21106506253052,82.71865960162451,-29.64432283898134,42.86941232310073,-102.73471596890761,-81.43984795475427,,,,-20,global_power_x0p5
1,hgb,hgb,2025.06.11_0.3_2,source-day,kW/m2,18,270,105,165,15,0.8990233067617012,0.8207188419939877,144,0,105,21,0.9222222222222223,1.0,0.8727272727272727,0.9320388349514563,0.0,0.9286580086580087,0.9664338189837695,85.17772247162179,70.90324760282114,84.2928239890172,100.45760586981979,100.20039646054289,85.736084514071,69.853332906617,-22.333398833230287,49.209102931433996,-100.20039646054289,-67.86044541074392,368.97810499999997,147.47299479999998,221.5051102,-20,global_power_x0p5
1,hgb,hgb,2025.06.18_0.3_3,source-day,kW/m2,18,270,120,150,15,0.8552272294076556,0.6491172599344442,122,0,120,28,0.8962962962962963,1.0,0.8133333333333334,0.8970588235294118,0.0,0.9324166666666667,0.9611724610497545,103.61142451143222,87.58453290970516,88.88610724737151,120.72093877212227,105.44917082240447,114.0306847802196,96.87051896613274,-36.9552468447324,37.322183040809136,-105.26903547727231,-96.37719075316562,434.0180833,162.3404017,271.6776816,-20,global_power_x0p5
1,extra_trees,extra_trees,pooled_source_day_thresholds,source-day,kW/m2,36,540,225,315,30,0.8696743409196835,0.729325235576057,265,0,225,50,0.9074074074074074,1.0,0.8412698412698413,0.9137931034482759,0.0,0.93131569664903,0.9649945907911573,97.54490505916546,81.88226877540029,88.75386819331938,110.75315259797347,106.2026214033977,103.36748344732682,85.95101565902023,-29.54276650668804,48.289096324836706,-105.76115428456811,-85.13695424349142,,,,-20,global_power_x0p5
1,extra_trees,extra_trees,2025.06.11_0.3_2,source-day,kW/m2,18,270,105,165,15,0.8907783017186967,0.8054689702943536,143,0,105,22,0.9185185185185185,1.0,0.8666666666666667,0.9285714285714286,0.0,0.9414718614718615,0.9724911014727402,88.58698353322087,74.1641682651099,87.44181443462477,92.43500925381038,92.18206825727081,89.30808237166094,73.985123036251,-22.67803364716142,55.997540476535725,-92.18206825727081,-72.74430808951415,368.97810499999997,147.47299479999998,221.5051102,-20,global_power_x0p5
1,extra_trees,extra_trees,2025.06.18_0.3_3,source-day,kW/m2,18,270,120,150,15,0.8491986614870244,0.631263254995087,122,0,120,28,0.8962962962962963,1.0,0.8133333333333334,0.8970588235294118,0.0,0.9202222222222223,0.9567967500425576,105.74669429579374,89.6003692856907,89.88620612183854,126.444812803958,120.22317454952459,116.89580829651844,99.11349754406635,-36.407499366214665,41.54420769210006,-119.34024031186539,-98.76886501286643,434.0180833,162.3404017,271.6776816,-20,global_power_x0p5
1,ensemble__original3_hgb_extra_trees,ensemble__original3_hgb_extra_trees,pooled_source_day_thresholds,source-day,kW/m2,36,540,225,315,30,0.8721966918547963,0.734085089056582,258,0,225,57,0.8944444444444445,1.0,0.819047619047619,0.900523560209424,0.0,0.9346596119929453,0.9662956851145399,96.59634037959714,81.63095442047278,87.74011585738036,110.36900632347496,106.01003630993331,102.45458648552484,86.02835032673548,-30.46441199029962,46.268015298709095,-106.01003630993331,-85.27328862530584,,,,-20,global_power_x0p5
1,ensemble__original3_hgb_extra_trees,ensemble__original3_hgb_extra_trees,2025.06.11_0.3_2,source-day,kW/m2,18,270,105,165,15,0.8914843996128784,0.8044458934047531,138,0,105,27,0.9,1.0,0.8363636363636363,0.9108910891089109,0.0,0.9371428571428572,0.9707984634708041,88.30017007542594,74.27302489093636,86.31162335095014,94.90509062809083,94.69635366347359,89.54261878008435,74.53473904385184,-23.785176516356756,54.09765883165527,-94.69635366347359,-73.34698082872805,368.97810499999997,147.47299479999998,221.5051102,-20,global_power_x0p5
1,ensemble__original3_hgb_extra_trees,ensemble__original3_hgb_extra_trees,2025.06.18_0.3_3,source-day,kW/m2,18,270,120,150,15,0.8534813968598548,0.6431559730518592,120,0,120,30,0.8888888888888888,1.0,0.8,0.8888888888888888,0.0,0.9323333333333335,0.9616921083187682,104.2342837751228,88.98888395000918,88.97123459415404,123.91795223669722,117.323718956393,114.99526154253792,98.67132273790747,-37.14364746424247,39.41707720738117,-117.323718956393,-98.3922272015414,434.0180833,162.3404017,271.6776816,-20,global_power_x0p5
1,ensemble__original3_mse,ensemble__original3_mse,pooled_source_day_thresholds,source-day,kW/m2,36,540,225,315,30,0.8636954323011616,0.7120656480620728,247,0,225,68,0.8740740740740741,1.0,0.7841269841269841,0.8790035587188612,0.0,0.9342222222222222,0.9649138140658075,99.75733310264638,85.10688696473642,89.28069927326152,113.55687681628424,110.05506885531875,106.61217417712494,91.20760979684408,-33.11866651162871,46.11145542832398,-110.05506885531875,-89.71161075445205,,,,-20,global_power_x0p5
1,ensemble__original3_mse,ensemble__original3_mse,2025.06.11_0.3_2,source-day,kW/m2,18,270,105,165,15,0.8765442158928602,0.7652435556055568,132,0,105,33,0.8777777777777778,1.0,0.8,0.8888888888888888,0.0,0.9331024531024531,0.9675914256008188,94.18270777641811,79.63688148581284,87.65972001899586,94.58094863560396,93.50037482466682,98.10814922926353,82.94467780300812,-27.482207957555588,55.79644340754451,-93.50037482466682,-80.47771337171021,368.97810499999997,147.47299479999998,221.5051102,-20,global_power_x0p5
1,ensemble__original3_mse,ensemble__original3_mse,2025.06.18_0.3_3,source-day,kW/m2,18,270,120,150,15,0.8512173916017138,0.6416100994156986,115,0,120,35,0.8703703703703703,1.0,0.7666666666666667,0.8679245283018868,0.0,0.9363888888888889,0.962891312426245,105.03651065894432,90.57689244366,90.6752883536752,129.787413487313,126.60976288597071,115.24407617797118,100.29683499006366,-38.75512506570182,37.637090946506014,-126.60976288597071,-99.8688978754681,434.0180833,162.3404017,271.6776816,-20,global_power_x0p5
1,ensemble__original3_performance,ensemble__original3_performance,pooled_source_day_thresholds,source-day,kW/m2,36,540,225,315,30,0.8585590852344607,0.7188004959916884,249,0,225,66,0.8777777777777778,1.0,0.7904761904761904,0.8829787234042553,0.0,0.9327548500881834,0.9643685318883304,101.61952338189971,86.48526282718397,96.14181068428424,101.24176066924639,97.29658795095266,105.35795554754534,90.16214668448518,-27.747869330294144,58.10007804714718,-97.29658795095266,-89.06783174275223,,,,-20,global_power_x0p5
1,ensemble__original3_performance,ensemble__original3_performance,2025.06.11_0.3_2,source-day,kW/m2,18,270,105,165,15,0.8716377989169859,0.7758314756256173,134,0,105,31,0.8851851851851852,1.0,0.8121212121212121,0.8963210702341137,0.0,0.9351803751803752,0.9684897955596324,96.03599250445805,80.89402237338926,96.2959452880301,82.19352972170205,80.82149616687367,95.87020101123794,80.84038403943673,-21.80862270283136,68.10351786703181,-80.82149616687367,-79.02543942910792,368.97810499999997,147.47299479999998,221.5051102,-20,global_power_x0p5
1,ensemble__original3_performance,ensemble__original3_performance,2025.06.18_0.3_3,source-day,kW/m2,18,270,120,150,15,0.8458571913126204,0.6437897826840155,115,0,120,35,0.8703703703703703,1.0,0.7666666666666667,0.8679245283018868,0.0,0.9302222222222222,0.960238713077491,106.91184783929512,92.07650328097868,96.00673991469574,117.23485778003749,113.7716797350317,114.89309155864962,100.41608559403846,-33.68711595775692,49.347068204748126,-113.7716797350317,-100.11446328776094,434.0180833,162.3404017,271.6776816,-20,global_power_x0p5
1,ensemble__original3_hgb,ensemble__original3_hgb,pooled_source_day_thresholds,source-day,kW/m2,36,540,225,315,30,0.8746688231153494,0.7392816656438127,254,0,225,61,0.8870370370370371,1.0,0.8063492063492064,0.8927943760984183,0.0,0.9346596119929453,0.9662710205532135,95.65753477248049,80.96563732020131,86.90421026506088,110.2922937012055,105.33929807335493,101.44855043392346,85.46497476459342,-30.88049457754264,44.022931502399615,-105.33929807335493,-84.38294177750139,,,,-20,global_power_x0p5
1,ensemble__original3_hgb,ensemble__original3_hgb,2025.06.11_0.3_2,source-day,kW/m2,18,270,105,165,15,0.8934728328919375,0.8069106980275036,136,0,105,29,0.8925925925925926,1.0,0.8242424242424242,0.9036544850498339,0.0,0.93004329004329,0.9672347294791148,87.48742621413561,73.71929541359668,85.0947861729317,98.00758803562947,97.81652826142827,88.97652243128267,74.09707515609138,-24.165345504725696,51.55287916547704,-97.81652826142827,-72.34967029485472,368.97810499999997,147.47299479999998,221.5051102,-20,global_power_x0p5
1,ensemble__original3_hgb,ensemble__original3_hgb,2025.06.18_0.3_3,source-day,kW/m2,18,270,120,150,15,0.8564227195856182,0.651780740930082,118,0,120,32,0.8814814814814815,1.0,0.7866666666666666,0.8805970149253731,0.0,0.9399444444444445,0.965312118542211,103.18274163794447,88.21197922680594,88.45709976465281,121.33957634335259,112.86206788528155,113.5970682299594,97.96966433394569,-37.595643650359584,37.43422729720688,-112.86206788528155,-97.61954040841276,434.0180833,162.3404017,271.6776816,-20,global_power_x0p5
1,ensemble__original3_extra_trees,ensemble__original3_extra_trees,pooled_source_day_thresholds,source-day,kW/m2,36,540,225,315,30,0.8694549742435504,0.7282811993959054,257,0,225,58,0.8925925925925926,1.0,0.8158730158730159,0.8986013986013986,0.0,0.936268077601411,0.9672538034893245,97.62696528004932,82.43544549185106,88.6452974523337,111.1507352216727,106.83463292725578,103.5666441030949,86.96939939696136,-30.4367415079232,47.74468610070853,-106.83463292725578,-86.28061837123157,,,,-20,global_power_x0p5
1,ensemble__original3_extra_trees,ensemble__original3_extra_trees,2025.06.11_0.3_2,source-day,kW/m2,18,270,105,165,15,0.8887089220568505,0.7992658009340462,138,0,105,27,0.9,1.0,0.8363636363636363,0.9108910891089109,0.0,0.9420490620490621,0.9728847840163658,89.42225670493619,75.24978239522247,87.34264591578635,92.8559993668144,92.51164489911982,90.7208281821816,75.7762965508586,-23.879077224759964,55.947266209287925,-92.51164489911982,-74.67765941006317,368.97810499999997,147.47299479999998,221.5051102,-20,global_power_x0p5
1,ensemble__original3_extra_trees,ensemble__original3_extra_trees,2025.06.18_0.3_3,source-day,kW/m2,18,270,120,150,15,0.8507718242140373,0.6364772773871318,119,0,120,31,0.8851851851851852,1.0,0.7933333333333333,0.8847583643122676,0.0,0.9303333333333335,0.9612512312563373,105.19367236379003,89.62110858847964,89.76961264620518,126.83349424433177,121.15762095539174,116.06639903936431,99.2818125276744,-36.99440579108644,40.56742850570155,-121.15762095539174,-99.04387322851682,434.0180833,162.3404017,271.6776816,-20,global_power_x0p5
1,ensemble__simple_equal,ensemble__simple_equal,pooled_source_day_thresholds,source-day,kW/m2,36,540,225,315,30,0.8603521031882098,0.7349109440032086,256,0,225,59,0.8907407407407407,1.0,0.8126984126984127,0.8966725043782837,0.0,0.9348571428571428,0.966525070704022,100.97336393953904,85.2740886746071,99.09293614238463,92.7462336061073,88.33730073132014,102.29536558180477,86.51840397953723,-23.306399194860514,64.23615611478797,-88.33730073132014,-85.83679584460944,,,,-20,global_power_x0p5
1,ensemble__simple_equal,ensemble__simple_equal,2025.06.11_0.3_2,source-day,kW/m2,18,270,105,165,15,0.8771090548022616,0.8028753993659454,138,0,105,27,0.9,1.0,0.8363636363636363,0.9108910891089109,0.0,0.9366233766233767,0.9699792120829176,93.96700688278506,78.48370570521598,100.02240990765455,76.1859158205758,75.25072671981272,89.90145792074215,74.95614179936939,-16.636285523670633,73.29939851284468,-75.25072671981272,-73.86808445599856,368.97810499999997,147.47299479999998,221.5051102,-20,global_power_x0p5
1,ensemble__simple_equal,ensemble__simple_equal,2025.06.18_0.3_3,source-day,kW/m2,18,270,120,150,15,0.8440865420190027,0.64691472614981,118,0,120,32,0.8814814814814815,1.0,0.7866666666666666,0.8805970149253731,0.0,0.9335,0.9631277392161871,107.52414644173571,92.0644716439982,98.27243542420521,106.76813160684884,101.42387474282754,114.3880171656071,99.23689237772179,-29.976512866050395,56.30581901648835,-101.42387474282754,-99.00237837208138,434.0180833,162.3404017,271.6776816,-20,global_power_x0p5
1,randomforest,randomforest,pooled_source_day_thresholds,source-day,kW/m2,36,540,225,315,30,0.6244711507427976,0.8372662419771919,315,225,0,0,0.5833333333333334,0.5833333333333334,1.0,0.7368421052631579,1.0,0.9023985890652556,0.9520461566242472,165.58129643606753,132.75813594289,238.34378204362065,69.68744437687641,64.99926868333333,80.1491436181873,66.00078613714284,126.61316169622332,226.21842567093597,64.99926868333333,55.466544571428564,,,,-20,global_power_x2
1,randomforest,randomforest,2025.06.11_0.3_2,source-day,kW/m2,18,270,105,165,15,0.6092254064307552,0.8197724509652502,165,105,0,0,0.6111111111111112,0.6111111111111112,1.0,0.7586206896551724,1.0,0.9008658008658009,0.9545526789210566,167.56318676844776,137.307768744553,246.1443592183404,88.94867211426725,88.71510021666667,85.9620788777909,73.94838232757576,133.60783459714554,236.87251882837427,88.71510021666667,67.89394463181816,3.280469999999e-07,-221.505109871953,221.5051102,-20,global_power_x2
1,randomforest,randomforest,2025.06.18_0.3_3,source-day,kW/m2,18,270,120,150,15,0.639165916961036,0.855314953378909,150,120,0,0,0.5555555555555556,0.5555555555555556,1.0,0.7142857142857143,1.0,0.9030277777777778,0.9493844719428939,163.57539515128803,128.20850314122706,231.30257714674366,42.43599340971137,41.28343714999999,73.22384899907821,57.25843032766667,119.61848879530109,216.89609415817748,41.28343714999999,41.79640450499998,-1.42e-09,-271.67768160142,271.6776816,-20,global_power_x2
1,conformer,conformer,pooled_source_day_thresholds,source-day,kW/m2,36,540,225,315,30,0.8442719356982188,0.7979475293594063,261,8,217,54,0.8851851851851852,0.9702602230483272,0.8285714285714286,0.8938356164383562,0.035555555555555556,0.9314991181657848,0.9633859971913057,106.62844310990354,91.27214422749648,126.9674046872983,62.90798272376097,56.31230522,89.30836570586075,79.3057880640476,68.15841440166312,100.62377362232486,-55.39258444166667,44.96887210119047,,,,-20,global_power_x2
1,conformer,conformer,2025.06.11_0.3_2,source-day,kW/m2,18,270,105,165,15,0.842620920017779,0.8163014034763014,140,8,97,25,0.8777777777777778,0.9459459459459459,0.8484848484848485,0.8945686900958466,0.0761904761904762,0.9262337662337663,0.9644632855720561,106.3381137322993,91.73611914668257,131.30692324010107,47.083606484095235,41.366419465,86.78591378323863,77.47957735772725,76.02488511797884,111.96787507837426,-39.52697790833333,53.15207332499998,368.97810499999997,147.47299479999998,221.5051102,-20,global_power_x2
1,conformer,conformer,2025.06.18_0.3_3,source-day,kW/m2,18,270,120,150,15,0.8458394965396268,0.7715850134703097,121,0,120,29,0.8925925925925926,1.0,0.8066666666666666,0.8929889298892989,0.0,0.937111111111111,0.9628677526760231,106.91798411839072,90.80816930831035,123.04484505656367,75.48485001109086,71.258190975,92.00321991266287,81.31461984099998,60.291943685347405,90.69768484828165,-71.258190975,35.96735075499998,434.0180833,162.3404017,271.6776816,-20,global_power_x2
1,alexnet,alexnet,pooled_source_day_thresholds,source-day,kW/m2,36,540,225,315,30,0.8765364799646742,0.8532368697046322,261,10,215,54,0.8814814814814815,0.9630996309963099,0.8285714285714286,0.8907849829351536,0.044444444444444446,0.9213262786596119,0.9586686344747347,94.94212608085164,77.4954153858761,116.28753525732053,84.10550887184914,78.13388777208331,76.11470045353086,62.667957465634935,42.76746515397795,81.44532334454708,-74.71164095208334,15.140423589285712,,,,-20,global_power_x2
1,alexnet,alexnet,2025.06.11_0.3_2,source-day,kW/m2,18,270,105,165,15,0.8766827925005779,0.8715612789809095,140,9,96,25,0.8740740740740741,0.9395973154362416,0.8484848484848485,0.89171974522293,0.08571428571428572,0.9105339105339104,0.958660896444149,94.12983384743524,77.10684551848813,120.45190271681754,72.86272898503859,67.6717960275,72.5678585788452,61.53291006946971,48.662206038117745,93.49864725099332,-60.82730238749999,20.129925266287874,368.97810499999997,147.47299479999998,221.5051102,-20,global_power_x2
1,alexnet,alexnet,2025.06.18_0.3_3,source-day,kW/m2,18,270,120,150,15,0.8763691854121985,0.8280116545279643,121,1,119,29,0.8888888888888888,0.9918032786885246,0.8066666666666666,0.8897058823529411,0.008333333333333333,0.933,0.9594069245485238,95.747527327649,77.8839852532641,112.5173524209859,94.01327549893264,88.59597951666667,79.83443182100896,63.91650960141668,36.87272426983814,70.89866492640668,-88.59597951666667,9.651971744583308,434.0180833,162.3404017,271.6776816,-20,global_power_x2
1,hgb,hgb,pooled_source_day_thresholds,source-day,kW/m2,36,540,225,315,30,0.8728145905891985,0.7445583199909145,266,0,225,49,0.9092592592592592,1.0,0.8444444444444444,0.9156626506024096,0.0,0.9257707231040565,0.9622484161622942,96.36254723646547,80.87972755366141,90.38173726401708,104.93884415785617,96.49503564138756,100.4166989275129,83.61211862333722,41.31558637137616,49.59042069738423,-96.16334419011052,35.40499042422755,,,,-20,global_power_x2
1,hgb,hgb,2025.06.11_0.3_2,source-day,kW/m2,18,270,105,165,15,0.8796968889672095,0.7765171455590616,144,0,105,21,0.9222222222222223,1.0,0.8727272727272727,0.9320388349514563,0.0,0.9240981240981241,0.9650691469560413,92.97236540778563,78.96944738502623,88.47653980112092,93.23253760186911,92.88845442305934,95.72346841771177,81.16842775992603,48.93076339021326,55.90418449402222,-92.88845442305934,44.49313177869848,368.97810499999997,147.47299479999998,221.5051102,-20,global_power_x2
1,hgb,hgb,2025.06.18_0.3_3,source-day,kW/m2,18,270,120,150,15,0.8661196760859924,0.7005744838306613,122,0,120,28,0.8962962962962963,1.0,0.8133333333333334,0.8970588235294118,0.0,0.9285555555555556,0.9595558540498433,99.63744421793076,82.79000772229656,92.01643181836592,115.46434929747666,100.10161685971575,105.33801565835141,86.30017857308954,33.70040935253907,44.065877375326,-99.43823395716173,25.40803493430954,434.0180833,162.3404017,271.6776816,-20,global_power_x2
1,extra_trees,extra_trees,pooled_source_day_thresholds,source-day,kW/m2,36,540,225,315,30,0.8648286561493652,0.7656836021808854,265,1,224,50,0.9055555555555556,0.9962406015037594,0.8412698412698413,0.9122203098106713,0.0044444444444444444,0.9344479717813052,0.9660289111317365,99.34178086140693,82.71900884407769,103.61302580803194,88.2868297195121,83.76568819283132,96.17482408250845,79.64252923007477,52.23483091139074,71.9114065122347,-82.38031633917969,38.180134053645034,,,,-20,global_power_x2
1,extra_trees,extra_trees,2025.06.11_0.3_2,source-day,kW/m2,18,270,105,165,15,0.8693442150576898,0.7955175900263198,143,0,105,22,0.9185185185185185,1.0,0.8666666666666667,0.9285714285714286,0.0,0.938066378066378,0.9708869464804477,96.89018228792719,80.88706794897563,104.7141012352423,68.81365428284276,67.95188954777528,91.56390349003044,76.47633833786449,61.03224418095413,80.03075956366436,-67.95188954777528,48.94227984650215,368.97810499999997,147.47299479999998,221.5051102,-20,global_power_x2
1,extra_trees,extra_trees,2025.06.18_0.3_3,source-day,kW/m2,18,270,120,150,15,0.8604253488330917,0.7247066178036795,122,1,119,28,0.8925925925925926,0.991869918699187,0.8133333333333334,0.8937728937728938,0.008333333333333333,0.9298888888888889,0.9600020537890293,101.73431783643036,84.55094973917974,102.63989585798637,104.18161828310042,99.57948683788737,101.00400976579232,83.12533921150607,43.437417641827366,64.80697259223378,-96.8087431305841,26.34177368150221,434.0180833,162.3404017,271.6776816,-20,global_power_x2
1,ensemble__original3_hgb_extra_trees,ensemble__original3_hgb_extra_trees,pooled_source_day_thresholds,source-day,kW/m2,36,540,225,315,30,0.8684967019073221,0.7818901918065462,266,0,225,49,0.9092592592592592,1.0,0.8444444444444444,0.9156626506024096,0.0,0.9364514991181658,0.9670405228492018,97.98462794767521,81.94142609006018,104.8264616486728,84.01151199259604,79.12319674004475,92.78924849943446,77.75975759362751,52.64610288871224,73.74948660232553,-78.73119752339457,37.57225737898845,,,,-20,global_power_x2
1,ensemble__original3_hgb_extra_trees,ensemble__original3_hgb_extra_trees,2025.06.11_0.3_2,source-day,kW/m2,18,270,105,165,15,0.8721497378669041,0.8088988073416297,143,0,105,22,0.9185185185185185,1.0,0.8666666666666667,0.9285714285714286,0.0,0.9338528138528138,0.9697872972273712,95.84429400315058,80.73924232112019,106.34306675659214,67.86503972043198,66.980721786992,88.51727183434241,75.33942235501708,60.76338374743631,82.21345761742543,-66.980721786992,47.11333673926141,368.97810499999997,147.47299479999998,221.5051102,-20,global_power_x2
1,ensemble__original3_hgb_extra_trees,ensemble__original3_hgb_extra_trees,2025.06.18_0.3_3,source-day,kW/m2,18,270,120,150,15,0.8649298967064427,0.7446746486691187,123,0,120,27,0.9,1.0,0.82,0.9010989010989011,0.0,0.9393333333333334,0.9640068913903292,100.07919831376697,83.1436098590002,103.48120058513709,97.52027829281666,91.26567169309749,97.27196710046647,80.42212635609904,44.52882202998818,66.34351196411312,-90.48167325979718,27.077070082688227,434.0180833,162.3404017,271.6776816,-20,global_power_x2
1,ensemble__original3_mse,ensemble__original3_mse,pooled_source_day_thresholds,source-day,kW/m2,36,540,225,315,30,0.8496343124092207,0.8266105264109707,262,10,215,53,0.8833333333333333,0.9632352941176471,0.8317460317460318,0.8926746166950597,0.044444444444444446,0.9296931216931217,0.9625657036279511,104.77652670709809,87.83742588110874,129.48036385196855,60.52507854574037,54.60212238152876,82.73159999959255,71.70698798560505,65.78033927837625,103.5904204688118,-52.762304924414636,38.773138428065124,,,,-20,global_power_x2
1,ensemble__original3_mse,ensemble__original3_mse,2025.06.11_0.3_2,source-day,kW/m2,18,270,105,165,15,0.8478463181496965,0.8437103787907293,141,10,95,24,0.8740740740740741,0.9337748344370861,0.8545454545454545,0.8924050632911392,0.09523809523809523,0.922135642135642,0.9631187854828822,104.55785960848281,88.074965768321,134.32060947929324,45.052755378832906,40.56955139041134,80.05001004491903,69.83336442063776,73.14569193853612,115.05608034987732,-36.889916476183096,46.4754447676826,368.97810499999997,147.47299479999998,221.5051102,-20,global_power_x2
1,ensemble__original3_mse,ensemble__original3_mse,2025.06.18_0.3_3,source-day,kW/m2,18,270,120,150,15,0.8513357075999807,0.8023452086279685,121,0,120,29,0.8925925925925926,1.0,0.8066666666666666,0.8929889298892989,0.0,0.9371111111111111,0.9623206959439023,104.99473840007069,87.5998859938965,125.09160964686579,72.77925184220518,68.63469337264617,85.58435909571105,73.76797390706908,58.414986618216375,93.55796807287946,-68.63469337264617,30.300601454485903,434.0180833,162.3404017,271.6776816,-20,global_power_x2
1,ensemble__original3_performance,ensemble__original3_performance,pooled_source_day_thresholds,source-day,kW/m2,36,540,225,315,30,0.838704249675388,0.8427179482844299,268,19,206,47,0.8777777777777778,0.9337979094076655,0.8507936507936508,0.8903654485049833,0.08444444444444445,0.9284938271604938,0.9620368167163448,108.51782681764051,89.08458324153807,139.89472043435111,49.52769219461465,43.60833835993417,78.79517826043379,66.70189979972429,70.97285699113172,116.54499224731853,-40.39190721646803,38.421331808141126,,,,-20,global_power_x2
1,ensemble__original3_performance,ensemble__original3_performance,2025.06.11_0.3_2,source-day,kW/m2,18,270,105,165,15,0.8351055313218918,0.8556293681545605,145,19,86,20,0.8555555555555555,0.8841463414634146,0.8787878787878788,0.8814589665653495,0.18095238095238095,0.9209235209235209,0.9627234640241115,108.84750913606896,89.96135030868277,145.47831069418308,33.90361873216962,30.182435810097832,76.93708896071945,65.59401924487362,78.14130506439193,127.97017252345651,-23.74957352316553,46.432025772259905,368.97810499999997,147.47299479999998,221.5051102,-20,global_power_x2
1,ensemble__original3_performance,ensemble__original3_performance,2025.06.18_0.3_3,source-day,kW/m2,18,270,120,150,15,0.842157890886191,0.8238709912105631,123,0,120,27,0.9,1.0,0.82,0.9010989010989011,0.0,0.9371111111111111,0.9620968844508366,108.18713985183369,88.20781617439339,134.8195182012076,61.29053128430739,57.034240909770524,80.78973339708334,67.92056841005999,63.8044089178715,106.5479595056978,-57.034240909770524,29.60956844761046,434.0180833,162.3404017,271.6776816,-20,global_power_x2
1,ensemble__original3_hgb,ensemble__original3_hgb,pooled_source_day_thresholds,source-day,kW/m2,36,540,225,315,30,0.8724822143770903,0.7822166728741864,266,0,225,49,0.9092592592592592,1.0,0.8444444444444444,0.9156626506024096,0.0,0.9350405643738976,0.9665144113220958,96.48837818132695,81.26706584000958,101.5296877672582,86.60175241708373,80.72125117357217,92.7197759751458,78.55236813166651,50.0201472853155,68.80362465451914,-80.72125117357217,36.60337773588432,,,,-20,global_power_x2
1,ensemble__original3_hgb,ensemble__original3_hgb,2025.06.11_0.3_2,source-day,kW/m2,18,270,105,165,15,0.8765586666602422,0.808879310818948,144,0,105,21,0.9222222222222223,1.0,0.8727272727272727,0.9320388349514563,0.0,0.9301587301587302,0.9681163563744711,94.17719546996358,80.02232977751761,102.4353593987204,73.52649151277457,72.96417043363651,88.52178707299535,76.26422706884098,57.546436778651795,76.95043346328777,-72.96417043363651,45.1984388884289,368.97810499999997,147.47299479999998,221.5051102,-20,global_power_x2
1,ensemble__original3_hgb,ensemble__original3_hgb,2025.06.18_0.3_3,source-day,kW/m2,18,270,120,150,15,0.8685059628186558,0.7454287013090642,122,0,120,28,0.8962962962962963,1.0,0.8133333333333334,0.8970588235294118,0.0,0.9406111111111111,0.9649720189327978,98.74548142339381,82.51180190250159,100.7305455694417,97.94683297198347,88.47833191350779,97.12822418944025,81.06932330077458,42.4938577919792,61.675166946846595,-88.47833191350779,27.148810468085284,434.0180833,162.3404017,271.6776816,-20,global_power_x2
1,ensemble__original3_extra_trees,ensemble__original3_extra_trees,pooled_source_day_thresholds,source-day,kW/m2,36,540,225,315,30,0.864097720948759,0.7859191604786409,265,0,225,50,0.9074074074074074,1.0,0.8412698412698413,0.9137931034482759,0.0,0.9372698412698411,0.9670671661693426,99.61001266479747,82.9871490801662,109.46254392082989,80.60432283091006,75.6549030720434,91.92824287677185,76.71364821496019,55.62120800313711,79.83116000137899,-74.97581348548843,38.32838514725006,,,,-20,global_power_x2
1,ensemble__original3_extra_trees,ensemble__original3_extra_trees,2025.06.11_0.3_2,source-day,kW/m2,18,270,105,165,15,0.8672058564371932,0.8124450633994414,143,0,105,22,0.9185185185185185,1.0,0.8666666666666667,0.9285714285714286,0.0,0.9365079365079365,0.9705632135966243,97.67983390540613,81.91223413917533,111.58296812443848,61.85403164415521,60.18639627987724,87.69212035917215,74.31168949686658,64.06060612034962,88.78708976021763,-60.18639627987724,48.32557107679725,368.97810499999997,147.47299479999998,221.5051102,-20,global_power_x2
1,ensemble__original3_extra_trees,ensemble__original3_extra_trees,2025.06.18_0.3_3,source-day,kW/m2,18,270,120,150,15,0.8610579889972187,0.7493713592561555,122,0,120,28,0.8962962962962963,1.0,0.8133333333333334,0.8970588235294118,0.0,0.9370555555555555,0.9625984064889825,101.50349400081998,84.06206402115706,107.57289179672428,95.75067878309267,91.12340986420959,96.37315544417073,79.35580280486316,47.18180988592461,71.9947214623952,-89.76523069109963,27.33148062474814,434.0180833,162.3404017,271.6776816,-20,global_power_x2
1,ensemble__simple_equal,ensemble__simple_equal,pooled_source_day_thresholds,source-day,kW/m2,36,540,225,315,30,0.8491656487060456,0.8272272182352505,268,3,222,47,0.9074074074074074,0.988929889298893,0.8507936507936508,0.9146757679180887,0.013333333333333334,0.934941798941799,0.9664254744139904,104.93968477996165,86.05962860810158,129.9283128552109,55.19537222280378,49.47684549753673,82.5843438064597,68.51412019635367,66.21789170692628,105.95786996948537,-48.72972344794136,37.832192947955505,,,,-20,global_power_x2
1,ensemble__simple_equal,ensemble__simple_equal,2025.06.11_0.3_2,source-day,kW/m2,18,270,105,165,15,0.847951595916525,0.8432749777127816,145,3,102,20,0.9148148148148149,0.9797297297297297,0.8787878787878788,0.9265175718849841,0.02857142857142857,0.9295815295815295,0.9680583758837501,104.52168065251064,86.48561437012337,134.14366287501994,37.52705759407876,35.368721031886174,80.16143657359554,67.50535595396057,73.65158666488193,115.65479704308568,-34.49590481000025,46.92227096966137,368.97810499999997,147.47299479999998,221.5051102,-20,global_power_x2
1,ensemble__simple_equal,ensemble__simple_equal,2025.06.18_0.3_3,source-day,kW/m2,18,270,120,150,15,0.8503108249691855,0.8042546220620428,123,0,120,27,0.9,1.0,0.82,0.9010989010989011,0.0,0.9414444444444443,0.9651186157318189,105.35603047291606,85.63364284607981,126.12436382115786,68.44543942410199,63.584969963187284,85.16996866962317,69.62376086298612,58.78419674897066,97.47305878008514,-62.963542085882494,27.83310712407906,434.0180833,162.3404017,271.6776816,-20,global_power_x2
1,randomforest,randomforest,pooled_source_day_thresholds,source-day,kW/m2,36,540,225,315,30,0.6815371031529366,0.9619661404019756,315,225,0,0,0.5833333333333334,0.5833333333333334,1.0,0.7368421052631579,1.0,0.9241128747795413,0.9580183739333978,152.48216374645733,109.11292380150111,231.73263289959746,63.0162314652326,58.523488475,38.7476402538993,30.562759172539685,91.49055781890851,219.0831542820471,58.523488475,0.3529889166666624,,,,-20,time_permutation
1,randomforest,randomforest,2025.06.11_0.3_2,source-day,kW/m2,18,270,105,165,15,0.6767461120741968,0.9643793767437387,165,105,0,0,0.6111111111111112,0.6111111111111112,1.0,0.7586206896551724,1.0,0.918961038961039,0.9601303621863629,152.40082914259213,106.97539429973816,239.6434860729699,80.69507046369688,79.87326271666666,38.21616281086505,28.630290054242426,97.06553158788628,230.08912954265998,79.87326271666666,12.414151071212116,3.280469999999e-07,-221.505109871953,221.5051102,-20,time_permutation
1,randomforest,randomforest,2025.06.18_0.3_3,source-day,kW/m2,18,270,120,150,15,0.6861135075466035,0.9582714542733635,150,120,0,0,0.5555555555555556,0.5555555555555556,1.0,0.7142857142857143,1.0,0.9295833333333333,0.9558489859705033,152.5634549892382,111.25045330326411,224.58216601565172,37.820582478572994,37.17371423333333,39.32396982796313,32.688475202666666,85.91558404993074,209.4529259290108,37.17371423333333,-12.91428945333334,-1.42e-09,-271.67768160142,271.6776816,-20,time_permutation
1,conformer,conformer,pooled_source_day_thresholds,source-day,kW/m2,36,540,225,315,30,0.9085776061726021,0.9074535075565565,255,0,225,60,0.8888888888888888,1.0,0.8095238095238095,0.8947368421052632,0.0,0.9308924162257495,0.963233166633065,81.6988455583795,62.20992287907054,104.42569204218537,91.16351932616125,86.09194329583332,60.44216904779627,44.718578548888885,22.52977993985758,70.95552667788043,-86.09194329583332,-12.060039158730163,,,,-20,time_permutation
1,conformer,conformer,2025.06.11_0.3_2,source-day,kW/m2,18,270,105,165,15,0.9180751983045305,0.9384844719867724,138,0,105,27,0.9,1.0,0.8363636363636363,0.9108910891089109,0.0,0.9404906204906205,0.9707460272072347,76.72257151679148,57.91434013446035,105.70193215290242,66.97354963233991,65.40579457499999,50.22138662207907,39.34380743727273,31.16814669205294,81.15868862004092,-65.40579457499999,-0.6440163530303066,368.97810499999997,147.47299479999998,221.5051102,-20,time_permutation
1,conformer,conformer,2025.06.18_0.3_3,source-day,kW/m2,18,270,120,150,15,0.8993559897705135,0.867844012675138,117,0,120,33,0.8777777777777778,1.0,0.78,0.8764044943820225,0.0,0.9200555555555555,0.9542433663358415,86.38894461095533,66.50550562368075,103.29604793465148,110.16405113060819,106.77809201666668,69.9816457126883,50.63082677166666,13.891413187662224,62.02775997849002,-106.77809201666668,-24.61766424500001,434.0180833,162.3404017,271.6776816,-20,time_permutation
1,alexnet,alexnet,pooled_source_day_thresholds,source-day,kW/m2,36,540,225,315,30,0.905002299582729,0.8281319413583449,247,0,225,68,0.8740740740740741,1.0,0.7841269841269841,0.8790035587188612,0.0,0.9246560846560846,0.9602516135593654,83.2810460901824,66.22922356007749,84.54297275970382,129.77100415228617,126.29092714999994,82.36783390833801,60.974576610952376,-17.8146388463114,31.252003674408208,-126.29092714999994,-52.8622406468254,,,,-20,time_permutation
1,alexnet,alexnet,2025.06.11_0.3_2,source-day,kW/m2,18,270,105,165,15,0.917797811479323,0.8729528527173019,133,0,105,32,0.8814814814814815,1.0,0.806060606060606,0.8926174496644296,0.0,0.9244444444444444,0.9640092986889304,76.85234812987667,61.38087493642796,83.67767990639841,107.94673870199307,105.13200655416665,72.1736684757612,54.532633547954546,-11.353305203201687,42.49386864236233,-105.13200655416665,-45.6196885594697,368.97810499999997,147.47299479999998,221.5051102,-20,time_permutation
1,alexnet,alexnet,2025.06.18_0.3_3,source-day,kW/m2,18,270,120,150,15,0.8925844163426786,0.7701593710415907,114,0,120,36,0.8666666666666667,1.0,0.76,0.8636363636363636,0.0,0.9252222222222224,0.9564201259951453,89.24786755253265,71.07757218372704,85.29290331271457,148.42010861399135,147.44984774583335,92.2898903911164,68.06071398025001,-24.275972489421115,21.415371827448336,-147.44984774583335,-60.829047942916674,434.0180833,162.3404017,271.6776816,-20,time_permutation
1,hgb,hgb,pooled_source_day_thresholds,source-day,kW/m2,36,540,225,315,30,0.9246202397862717,0.9039316310844872,266,0,225,49,0.9092592592592592,1.0,0.8444444444444444,0.9156626506024096,0.0,0.9285502645502645,0.9633907323201818,74.18515376786148,55.708368069010504,88.87662897531722,107.27931850927595,99.00962623296218,61.581500683071646,41.26957620599121,8.907407816391236,46.88900057694008,-98.74864786187737,-18.222301298286503,,,,-20,time_permutation
1,hgb,hgb,2025.06.11_0.3_2,source-day,kW/m2,18,270,105,165,15,0.9373570671424083,0.9371884644158239,144,0,105,21,0.9222222222222223,1.0,0.8727272727272727,0.9320388349514563,0.0,0.9263492063492065,0.9659653302027269,67.0890268900625,50.67317652818899,86.75770848149782,96.3816565819569,96.07200285801993,50.74766063240174,35.62320166802393,15.676628484614442,53.19534366641403,-96.07200285801993,-8.19891754016711,368.97810499999997,147.47299479999998,221.5051102,-20,time_permutation
1,hgb,hgb,2025.06.18_0.3_3,source-day,kW/m2,18,270,120,150,15,0.912263274861586,0.8615430101484861,122,0,120,28,0.8962962962962963,1.0,0.8133333333333334,0.8970588235294118,0.0,0.9318333333333334,0.9608919652045204,80.65938600105372,60.743559609832026,90.69008201253254,117.16774570737068,101.94724960790442,71.63053126822851,47.48058819775519,2.1381871481680306,41.370950373650366,-101.4252928657348,-29.24802343221784,434.0180833,162.3404017,271.6776816,-20,time_permutation
1,extra_trees,extra_trees,pooled_source_day_thresholds,source-day,kW/m2,36,540,225,315,30,0.9220697478172128,0.9164345344584913,265,1,224,50,0.9055555555555556,0.9962406015037594,0.8412698412698413,0.9122203098106713,0.0044444444444444444,0.9336437389770722,0.965835845276402,75.42974963544539,55.039380990667695,95.06276419679588,100.34093477909448,95.72280170099162,57.43458375418272,36.9630445466418,13.188999858192437,59.164211376859214,-95.058984887557,-19.650436940855272,,,,-20,time_permutation
1,extra_trees,extra_trees,2025.06.11_0.3_2,source-day,kW/m2,18,270,105,165,15,0.9351055525675462,0.9537268900438516,143,0,105,22,0.9185185185185185,1.0,0.8666666666666667,0.9285714285714286,0.0,0.9431457431457432,0.9731327354552778,68.28404198416266,48.645459024718555,94.91288653821537,81.39548702784336,80.97138952810839,43.55727138690246,28.81988732573899,19.907813688288144,66.99786803055558,-80.97138952810839,-10.05858452951841,368.97810499999997,147.47299479999998,221.5051102,-20,time_permutation
1,extra_trees,extra_trees,2025.06.18_0.3_3,source-day,kW/m2,18,270,120,150,15,0.9094225607067173,0.8693836079397406,122,1,119,28,0.8925925925925926,0.991869918699187,0.8133333333333334,0.8937728937728938,0.008333333333333333,0.9233333333333333,0.9579304127654916,81.95476722215163,61.43330295661684,95.19371357521543,116.23846642220109,110.47421387387489,69.57281425524329,45.92051748963488,6.47018602809673,52.30976180487492,-109.14658024700567,-30.201474593325816,434.0180833,162.3404017,271.6776816,-20,time_permutation
1,ensemble__original3_hgb_extra_trees,ensemble__original3_hgb_extra_trees,pooled_source_day_thresholds,source-day,kW/m2,36,540,225,315,30,0.9222363254551132,0.9160652135258927,264,0,225,51,0.9055555555555556,1.0,0.8380952380952381,0.9119170984455959,0.0,0.9341657848324514,0.9656297263728271,75.34909013032184,55.851565356129505,94.80153225808417,98.55150955127532,94.00248836882464,57.56136105956284,38.56516745223281,13.063250460686424,58.6671477665591,-94.00248836882464,-19.510961900651196,,,,-20,time_permutation
1,ensemble__original3_hgb_extra_trees,ensemble__original3_hgb_extra_trees,2025.06.11_0.3_2,source-day,kW/m2,18,270,105,165,15,0.9341840774047966,0.9506975217273942,143,0,105,22,0.9185185185185185,1.0,0.8666666666666667,0.9285714285714286,0.0,0.9399711399711399,0.9714308700888912,68.76713611727955,50.02789547292779,94.78145887633862,81.65608810654943,81.33764689875174,44.96045489580479,31.09523880966719,20.106647727399746,66.74806205359205,-81.33764689875174,-9.574252298358985,368.97810499999997,147.47299479999998,221.5051102,-20,time_permutation
1,ensemble__original3_hgb_extra_trees,ensemble__original3_hgb_extra_trees,2025.06.18_0.3_3,source-day,kW/m2,18,270,120,150,15,0.9106434442916499,0.8722443063574776,121,0,120,29,0.8925925925925926,1.0,0.8066666666666666,0.8929889298892989,0.0,0.9291111111111111,0.9595937750281336,81.40056361698164,61.675235239331215,94.81909298113375,112.94725912923103,106.66732983889759,68.80672094992018,46.782088959054995,6.019853193973098,51.59634776540526,-106.66732983889759,-30.44134246317263,434.0180833,162.3404017,271.6776816,-20,time_permutation
1,ensemble__original3_mse,ensemble__original3_mse,pooled_source_day_thresholds,source-day,kW/m2,36,540,225,315,30,0.9099587264834492,0.9098572545842908,253,0,225,62,0.8851851851851852,1.0,0.8031746031746032,0.8908450704225352,0.0,0.930610229276896,0.9632607416446083,81.07938388325773,61.55980353122726,103.90170316666541,90.97699854433226,86.81179198089932,59.65206053918585,43.57103031107783,17.352327428215286,70.55418737922159,-86.81179198089932,-20.649001108217778,,,,-20,time_permutation
1,ensemble__original3_mse,ensemble__original3_mse,2025.06.11_0.3_2,source-day,kW/m2,18,270,105,165,15,0.9195513747562896,0.9425092414722782,136,0,105,29,0.8925925925925926,1.0,0.8242424242424242,0.9036544850498339,0.0,0.9382395382395382,0.9701437443232286,76.02820985288896,56.6910391950676,105.63842633252418,67.53903357596978,65.97890245479302,48.55068266137751,36.92274488712552,25.314538734651972,81.04142869529656,-65.97890245479302,-10.148027603940056,368.97810499999997,147.47299479999998,221.5051102,-20,time_permutation
1,ensemble__original3_mse,ensemble__original3_mse,2025.06.18_0.3_3,source-day,kW/m2,18,270,120,150,15,0.9006452907241737,0.8683228009960346,117,0,120,33,0.8777777777777778,1.0,0.78,0.8764044943820225,0.0,0.9222222222222223,0.9550864350456025,85.83381785952685,66.42856786738693,102.35790088454506,109.50848127836902,107.64468150700559,69.85476233030997,50.88414427742537,9.390116121778602,61.37785122765595,-107.64468150700559,-32.200071962923275,434.0180833,162.3404017,271.6776816,-20,time_permutation
1,ensemble__original3_performance,ensemble__original3_performance,pooled_source_day_thresholds,source-day,kW/m2,36,540,225,315,30,0.9018006674568401,0.9240310179076409,255,0,225,60,0.8888888888888888,1.0,0.8095238095238095,0.8947368421052632,0.0,0.9306102292768959,0.9632820777729107,84.67279452192363,63.56275668114315,114.05415751797564,77.30757998103972,72.81607850951562,54.76186283764956,40.671921946440285,22.9500075328099,84.96461095690688,-72.81607850951562,-21.34613777011651,,,,-20,time_permutation
1,ensemble__original3_performance,ensemble__original3_performance,2025.06.11_0.3_2,source-day,kW/m2,18,270,105,165,15,0.9093629242488068,0.9531126187362153,138,0,105,27,0.9,1.0,0.8363636363636363,0.9108910891089109,0.0,0.9365656565656566,0.9697181350997867,80.69904475305417,58.85019550771496,117.15399393905037,53.70538176387473,51.88555886832408,43.84542762716706,33.64412082511358,30.461815864173296,95.59368356736351,-51.88555886832408,-10.985736310584098,368.97810499999997,147.47299479999998,221.5051102,-20,time_permutation
1,ensemble__original3_performance,ensemble__original3_performance,2025.06.18_0.3_3,source-day,kW/m2,18,270,120,150,15,0.8944528980665367,0.8871242182997275,117,0,120,33,0.8777777777777778,1.0,0.78,0.8764044943820225,0.0,0.9246666666666666,0.9559966360033139,88.46823407443125,68.27531785457134,111.2709837715625,95.22949025720014,93.74659815070714,64.6756965857654,48.40250317989965,15.438199201446501,75.66417242275735,-93.74659815070714,-32.74257937560217,434.0180833,162.3404017,271.6776816,-20,time_permutation
1,ensemble__original3_hgb,ensemble__original3_hgb,pooled_source_day_thresholds,source-day,kW/m2,36,540,225,315,30,0.9228004712916962,0.9120507732316284,264,0,225,51,0.9055555555555556,1.0,0.8380952380952381,0.9119170984455959,0.0,0.9339400352733686,0.9656876214975593,75.07527815276235,56.36644317608385,93.09469545785149,99.67678533617072,94.50151364671193,58.92180904097156,40.37130508953721,11.91211084584265,55.30907581102393,-94.50151364671193,-19.085721272143985,,,,-20,time_permutation
1,ensemble__original3_hgb,ensemble__original3_hgb,2025.06.11_0.3_2,source-day,kW/m2,18,270,105,165,15,0.9343524105025696,0.9447789091730162,144,0,105,21,0.9222222222222223,1.0,0.8727272727272727,0.9320388349514563,0.0,0.9376046176046177,0.9704855972631261,68.67913920308905,51.05228829282151,92.58017305208925,85.70327989850804,85.36487548399973,47.5826704643494,33.668433029084575,19.105797672361582,63.10298280219653,-85.36487548399973,-8.892411046624286,368.97810499999997,147.47299479999998,221.5051102,-20,time_permutation
1,ensemble__original3_hgb,ensemble__original3_hgb,2025.06.18_0.3_3,source-day,kW/m2,18,270,120,150,15,0.9115912305117279,0.8704673413652246,120,0,120,30,0.8888888888888888,1.0,0.8,0.8888888888888888,0.0,0.9290555555555557,0.9598303444133518,80.96771342795833,61.68059805934619,93.54258103890987,111.919037185566,103.63815180942413,69.28358779694331,47.744464356035124,4.718424019323716,48.48940719374794,-103.63815180942413,-30.29836252021566,434.0180833,162.3404017,271.6776816,-20,time_permutation
1,ensemble__original3_extra_trees,ensemble__original3_extra_trees,pooled_source_day_thresholds,source-day,kW/m2,36,540,225,315,30,0.920397298189232,0.9179014993951162,263,0,225,52,0.9037037037037037,1.0,0.834920634920635,0.9100346020761245,0.0,0.9343209876543209,0.9658721042972607,76.23484640559629,56.128444581587225,97.01057571383065,97.59164823947458,92.9971866608926,56.9282288452172,37.831396606587845,14.22983175069815,62.011705377449815,-92.9971866608926,-19.900077982695894,,,,-20,time_permutation
1,ensemble__original3_extra_trees,ensemble__original3_extra_trees,2025.06.11_0.3_2,source-day,kW/m2,18,270,105,165,15,0.9326006636765595,0.9538010614129906,142,0,105,23,0.9148148148148149,1.0,0.8606060606060606,0.9250814332247557,0.0,0.9410678210678212,0.9720547693048411,69.589427128521,50.04723596531306,97.3449300112071,77.76098964703091,77.22326775977955,43.52234831686063,29.9288807335899,21.259494949879095,70.50875819674083,-77.22326775977955,-10.080945298123819,368.97810499999997,147.47299479999998,221.5051102,-20,time_permutation
1,ensemble__original3_extra_trees,ensemble__original3_extra_trees,2025.06.18_0.3_3,source-day,kW/m2,18,270,120,150,15,0.9085563594453584,0.8725748785134407,121,0,120,29,0.8925925925925926,1.0,0.8066666666666666,0.8929889298892989,0.0,0.9272222222222223,0.9589509838161039,82.34570568580963,62.20965319786141,96.71706752993845,114.0240680791079,108.77110556200564,68.71764343701422,46.52416406688558,7.200168551517197,54.57678416057018,-108.77110556200564,-30.701123935725178,434.0180833,162.3404017,271.6776816,-20,time_permutation
1,ensemble__simple_equal,ensemble__simple_equal,pooled_source_day_thresholds,source-day,kW/m2,36,540,225,315,30,0.9058412925299325,0.9352987235345476,263,0,225,52,0.9037037037037037,1.0,0.834920634920635,0.9100346020761245,0.0,0.9352098765432099,0.9663818183396706,82.91247312498434,61.09995574533638,113.6795859630698,73.68482220456389,69.53340294405353,50.53781762592692,36.516094514390744,23.660421317407692,85.46877931762702,-69.53340294405353,-20.48840582560611,,,,-20,time_permutation
1,ensemble__simple_equal,ensemble__simple_equal,2025.06.11_0.3_2,source-day,kW/m2,18,270,105,165,15,0.913962195476391,0.9635545543997969,142,0,105,23,0.9148148148148149,1.0,0.8606060606060606,0.9250814332247557,0.0,0.9361616161616162,0.9706148472598163,78.62490091390445,55.810340600975266,116.39619672488855,54.36166323622437,53.54158615972566,38.656092666734224,28.7822648297008,30.492963049928044,94.78697970040658,-53.54158615972566,-10.421411182194655,368.97810499999997,147.47299479999998,221.5051102,-20,time_permutation
1,ensemble__simple_equal,ensemble__simple_equal,2025.06.18_0.3_3,source-day,kW/m2,18,270,120,150,15,0.8979530568897749,0.8996213851658116,121,0,120,29,0.8925925925925926,1.0,0.8066666666666666,0.8929889298892989,0.0,0.9341666666666668,0.9616483823072736,86.98897260964297,66.38957088969748,111.24814699967588,88.90284369370707,85.52521972838143,60.990378516098644,45.02330716754968,16.82787958488734,77.31535398269492,-85.52521972838143,-31.562099933358702,434.0180833,162.3404017,271.6776816,-20,time_permutation
