path,line,tags,text
AGENTS.md,9,next,- 本人の最新指示を、古い計画やAIの提案より優先する。設定済み・実装済み・結果出力済み・研究上の検証済みを分ける。
AGENTS.md,10,next,- 結果を確認したら `experiments/` に日付付き根拠を残し、現在地を更新する。過去の「次にやること」を未完了と決めつけて再実行しない。
AGENTS.md,14,method,音響データからプール沸騰の状態を推定する。中心タスクは、音声から作成したスペクトログラムを使って熱流束を回帰予測し、閾値を用いて沸騰開始点を検知すること。単なる分類精度だけでなく、モデルが沸騰現象に関係する時間・周波数特徴をどのように見ているか、物理的に妥当な説明ができるかを重視する。
AGENTS.md,38,next,- 研究報告文では、断定しすぎず、「現時点では」「今後確認する」「検討中」といった研究進行中の文体を自然に使う。
AGENTS.md,55,next,3. `templates/論文輪講_スライド構成案.md` をコピーして `研究進捗報告/<年>/<回>（論文輪講）/スライド構成案.md` を作る。流れは ①論文を選んだ理由（冒頭で自研究との接続）→ ②背景・目的 → ③手法 → ④結果・結論。手法の枚数は論文のステップ数に合わせて伸縮させる。
README.md,9,next,| **今どこまで終わり、次に何をするか** | **[研究の現在地](docs/research_status.md)** |
README.md,16,next,9月15日に、文書・コード・保存結果の更新差を整理しました。今週は説明性の出力と解釈を優先し、ONB近傍の検知設計・新実験・同時計測は金曜の発表後に進めます。日々変わる設定・完了状況は「研究の現在地」で管理します。
README.md,34,next,Codexは最初に [AGENTS.md](AGENTS.md) と現在地を読み、作業に必要な根拠へ進みます。過去の「次にやること」を、そのまま現在の未完了作業として再実行しない運用にします。
configs/README.md,19,method,- どのデータ、どの前処理、どのモデル、どの閾値で実験したかを後から追えるようにする。
docs/audits/2026-09-15_workspace_review/README.md,10,next,- **92 PDF**は所在・容量・更新日時を索引化。今回は全PDFの本文再読はしていない。Office原本と対になる資料は原本を優先した。
docs/audits/2026-09-15_workspace_review/README.md,12,old_execution,- 9月のselected-log系列178 run manifestsを確認。9/14の6条件の保存予測からR²・RMSE・Recallを再計算し、36モデル条件で一致を確認。説明性のCSVを集計し、同一ONB標本の入力・IG画像3枚を目視確認。
docs/audits/2026-09-15_workspace_review/README.md,22,old_execution,| 設定7条件、保存6条件、計画70条件が混同される | 設定/出力/計画/途中runを別行にした |
docs/audits/2026-09-15_workspace_review/README.md,23,old_claim,| 一般化「未実装」が残る | 実装済み・本性能未確認と明記 |
docs/audits/2026-09-15_workspace_review/README.md,25,old_claim,| RF最強・全モデル2–5 kHz・ONB全方式見逃しが最新runにも適用される | 新しいlog-power結果と9/14の結果へ更新先を付けた |
docs/audits/2026-09-15_workspace_review/README.md,26,method,| 説明画像が出力されれば物理解釈できるように読める | IGの179/180例の不一致、PCA説明の範囲、代表図と全体マスクの違いを明記 |
docs/audits/2026-09-15_workspace_review/README.md,27,next,| 年間計画の本人希望とAI提案の区別が曖昧 | 本人の9/18発表優先を明記。ONB・新実験・同時計測は発表後にした |
docs/code_map.md,16,method,| 回帰・二値指標 | [regression_detection_metrics.py](../code/utils/calculation/regression_detection_metrics.py) | R²/RMSE/MAE、連続ROC/PR-AUC、二値分類指標 |
docs/code_map.md,18,method,| ONB閾値 | [onb_thresholds.py](../code/utils/experiment/onb_thresholds.py) | 3日分の正確な閾値と原資料の出典 |
docs/code_map.md,19,method,| 説明性 | [training_integration.py](../code/utils/explainability/training_integration.py)、[spectrogram_explainers.py](../code/utils/explainability/spectrogram_explainers.py) | TreeSHAP/IG/Grad-CAM/マスク、整合性・安定性・最終層ランダム化 |
docs/code_map.md,27,method,現行の有効3モデルは`rf / cnntf_v2_gap / alexnet`。統合は`simple_equal / inner_holdout`。`prediction_max`は削除済み。`val_fold_legacy`は再現・診断用で主張不可。詳細な構造の採用根拠は[8/30比較](../experiments/2026-08-30_log_power_architecture_study.md)。
docs/data_inventory.md,55,next,- noise: `water_flow_125.wav`。全3実験で1つの固定基準RMSを共有し、選択したノイズchunkを目標パワーへ正規化する。
docs/data_inventory.md,60,method,- 学習スクリプト: `code/run_ensemble_regression_onb.py`。元WAV ID単位のGroupKFoldを使用する。
docs/data_inventory.md,69,next,- 状態: アーカイブ扱い。今後の学習・主結果には使用しない。
docs/document_index.md,23,next,1. 研究の希望・進め方は、**本人の最新の明示指示**を優先する。
docs/document_index.md,27,next,5. 古い「次にやること」やAIの提案は、現在の未完了作業・本人の確定方針へ自動昇格させない。
docs/document_index.md,37,next,| 7/24の「P0診断は未実行」 | [8/17診断結論](research_plan/2026-08-17_noise_accuracy_reversal_investigation.md)で更新済み |
docs/document_index.md,38,method,| 7月以前の高ノイズ高精度・通常KFold結果 | 生成仕様/元WAV混在の影響を区別。現行頑健性の主結果へ流用しない |
docs/document_index.md,39,old_claim,| 8/28・8/30のRF最強、全モデル2–5 kHz、深層立て直し案 | 当時の診断・提案。log-power採用後の[9/8結果](../experiments/2026-09-14_status_audit/README.md)と[9/14結果](../experiments/2026-09-15_research_status_snapshot/README.md)が現在の判断材料 |
docs/document_index.md,40,old_execution,| 9/2の56/105条件と「安全なinner holdout」 | 中断時の記録。9/3の105条件が別にある。旧innerの元WAV混在は[9/8監査](../experiments/2026-09-08_wav_onb_transition_evaluation_implementation.md)で判明 |
docs/document_index.md,41,old_claim,| 9/14午前の「一般化は未実装」 | 同日の[実装記録](research_plan/2026-09-14_result_layout_and_generalization.md)で更新。性能検証の本実行とは区別 |
docs/document_index.md,42,old_execution;method,| 9/14の「現在6条件」「3方式」 | 当日の試行記録。現行は7条件・2方式。最大予測値方式は[削除記録](../experiments/2026-09-14_remove_prediction_max/README.md)を参照 |
docs/document_index.md,67,next,過去スレッドを参照できない環境でも引き継げるよう、会話で決めたことのうち研究に必要な結論・日付・根拠をここへ残す。全会話ログがこのディレクトリに揃っているとは断定しない。
docs/notes/data_notes.md,15,method,- ONB時刻や気泡イベント正解は、熱流束ラベルや予測の閾値交差から自動的には得られない。
docs/notes/experiment_log.md,7,old_execution,- [9/15採取：9/14の6条件・説明性と9月実行一覧](../../experiments/2026-09-15_research_status_snapshot/README.md)
docs/notes/experiment_log.md,9,old_execution,- [9/2の56条件記録](../../experiments/2026-09-02_selected_log_architecture/README.md)：当時の中断スナップショット。旧inner holdoutの安全性は9/8監査で更新。
docs/notes/model_notes.md,13,method,現行の統合は`simple_equal`と`inner_holdout`。`val_fold_legacy`は外側正解を使う診断・再現用で主張不可。`prediction_max`は9/14最終変更で削除済み。[方式カタログ](../../code/utils/ensemble/strategy_catalog.py)が実装上の正本。
docs/notes/model_notes.md,15,method,`inner_holdout`も世代を区別する。9/8より前のchunkランダム分割は元WAV混在があり、旧結果では主張用から除外される。現行の元WAV非重複holdoutはnested stackingではない。
docs/progress/2026-05-21_weekly_progress.md,3,next,> **履歴・適用範囲（2026-09-15追記）**: この文書は当時の条件・判断の記録です。本文の「現在」「次にやること」は作成時点を指します。最新の設定・完了範囲・優先順位は[研究の現在地](../research_status.md)、更新関係は[文書案内](../document_index.md)を参照してください。
docs/progress/2026-05-21_weekly_progress.md,13,method,- 学部研究では、音声から作成したSTFTスペクトログラムを用い、CNN回帰によって熱流束を推定し、閾値処理により沸騰検知が成立する可能性を確認した。
docs/progress/2026-05-21_weekly_progress.md,28,next,- 明日の発表では、今週の実験結果を中心にするのではなく、研究の一本筋、教授コメントへの対応、今後の検証計画を示す構成にする方針を立てた。
docs/progress/2026-05-21_weekly_progress.md,36,next,- 先生の指摘の通り、生のAttention mapをそのまま説明根拠とみなすのは不十分である。今後はAttention mapを補助的な可視化に留め、勾配ベース手法、関連度伝播、マスク・摂動実験を組み合わせる必要がある。
docs/progress/2026-05-21_weekly_progress.md,38,method,- 評価指標もR2、AUC、RMSEだけでは不十分であり、ONB近傍誤差、検知遅れ、低FPRでのTPR、SNR別性能、注目領域の安定性、物理的特徴帯域との重なりを追加することで、研究目的に合った評価になると考えられる。
docs/progress/2026-05-21_weekly_progress.md,39,next,- 今週は実験結果の更新は限定的だが、研究の説明軸を整理できた点は、今後の実験設計と発表方針にとって重要である。
docs/progress/2026-05-21_weekly_progress.md,58,method,- 評価指標として、R2やAUCに加えて、ONB近傍誤差、検知遅れ、SNR別性能、注目領域マスク時の予測低下、時間シャッフル時の性能低下を追加する方針でよいか。
docs/progress/2026-05-21_weekly_progress.md,59,next,- STFT窓幅変更とCWT入力の比較は、どの条件から優先して実施するのがよいか。
docs/progress/2026-09-18_weekly_progress_draft.md,20,method,ONB評価では全35組でWAV ROC-AUCが1.0となったが、32組は最初のONB WAVを見逃した。近傍±10%に含まれる録音は1本だった。新しい実験・同時計測は今回行っていない。
docs/progress/2026-09-18_weekly_progress_draft.md,24,next,今回の範囲ではCNN＋Transformerが多くの条件で高精度だったが、最良の方式はノイズ条件で変わった。統合による補完は認められる条件があるものの、常に最良単体を上回るとは言えない。単一実験日・seedで各ノイズに合わせて再学習した結果であり、未知ノイズ・別日への一般化は今後確認する。
docs/progress/2026-09-18_weekly_progress_draft.md,28,old_claim,IG画像には入力の低周波構造と対応して見える部分があるが、数値整合性が不足している。生power上のゼロbaselineからの積分とlog変換の組合せが原因候補と考えられ、log変換だけの補助数値例でも64分割の誤差を確認した。学習済みモデル全体の原因は未確定である。局所的に安定した画像が得られることと、予測差を正しく説明できることを分けて扱う。
docs/progress/2026-09-18_weekly_progress_draft.md,30,method,ROC-AUCが高くても固定閾値でONB点を捉えられないため、全域回帰とONB捕捉は別の課題として評価する必要がある。現状は測定点順の比較であり、秒単位の早期検知は評価できていない。
docs/progress/2026-09-18_weekly_progress_draft.md,37,old_execution,4. 進行中の3 kHzが揃えば別解析として比較する。一般化評価は代表条件でclean_only、次いで別日評価を進める。
docs/progress/weekly_report_guide.md,10,next,- `P: Plan`: 次週やること、短期目標、中期的な計画、相談したいこと。
docs/progress/weekly_report_guide.md,17,next,- Pには、次に何をやれば研究が前に進むかを書く。
docs/progress/weekly_report_guide.md,29,old_claim,結果の引用時は、収録日と解析日、run、データ版、分割、評価単位を確認する。過去の「未着手」を今週の未完了事項として繰り返さず、実装・出力・解釈の進捗を分けて書く。
docs/progress/weekly_report_guide.md,31,next,## 下書きで優先する内容
docs/progress/weekly_report_guide.md,36,next,- 結果が出ていない場合、次に確認すべき条件。
docs/progress/weekly_report_guide.md,43,next,- 次に何をするかが曖昧なまま終わること。
docs/progress_index.md,3,next,このページは**日付ごとの履歴**。各節の「現在」「次にやること」は当時の記録であり、現在の未完了作業とは限らない。最新の状態は[研究の現在地](research_status.md)、更新関係は[文書案内](document_index.md)を読む。
docs/progress_index.md,9,method,- 卒論PDFのFig. 4.2.2/4.2.3、Table 4.2.1/4.2.2を実読。AUC定義・chunk集計を揃えた比較も作成。回帰の統合改善とONB改善は一致せず、3 kHzの統合は全条件で最初のONB点を見逃す。
docs/progress_index.md,10,old_claim,- 18 WAV×3区間の波形診断、216保存配列の再構成照合。2–3 kHzの帯域内SNRが高いこととRFの依存は整合。224列へのresizeも帯域比較に含まれる。22 kHz回復のモデル内部原因は未確定。
docs/progress_index.md,11,method,- 3 kHzのIG210例も不整合。両帯域で420/420。手法の説明対象、マスク/積分/ランダム化の限界と次の比較を整理。
docs/progress_index.md,12,next,- [分析・図表・検算](../experiments/2026-09-15_onb_frequency_comparison/analysis.md)、[本人の理想の結論と背景](research_plan/2026-09-15_master_thesis_hypothesis.md)、[金曜準備](research_plan/2026-09-18_xai_progress_brief.md)。
docs/progress_index.md,16,old_execution,- 本人の終了連絡を受け、06.11・22 kHzの7/7完了を確認。3 kHzは別途実行中で集計対象外。
docs/progress_index.md,18,method,- 全35組でWAV ROC-AUC=1.0だが32組は最初のONB点を見逃す。近傍1 WAVの制約を併記。
docs/progress_index.md,19,old_claim;method,- RFの最大マスク帯域は2–5 kHzが21/21。IG210例すべてで数値不一致。log変換と積分法の組合せを原因候補として補助数値例を作成し、モデル全体の原因確定とは区別した。
docs/progress_index.md,25,old_execution,- 現行コードは06.11・22 kHz・7ノイズ、2統合方式。9/14の保存済み6条件や70条件への拡張計画と区別した。9/15開始runは採取時点で途中。
docs/progress_index.md,26,old_execution;method,- 9/14の6条件を検算し、CNN＋Transformerが全条件で単体最高R²。IGは180例中179例で相対不一致0.05超、RFの主要マスク帯域は一貫。数値整合と物理解釈を分けた。
docs/progress_index.md,32,old_execution,- 保存先を周波数／ノイズの順へ変更し、6条件を移行。比較図36図を再作成した。
docs/progress_index.md,33,old_execution,- configから実験日分割と学習ノイズを選択する4方針を実装し、実データ70条件のmetadataで分割を検証。本学習は未起動。
docs/progress_index.md,39,old_execution,- これまでのデータ・モデル・評価基盤の5段階を完了済みとして扱う。今週は06.11/06.18の2実験日×5周波数×7ノイズ＝70条件で、ノイズ別精度と説明性出力を示す。
docs/progress_index.md,40,method,- ONB本体へR²・連続ROC-AUC・二値化後AUCのノイズ曲線を追加。chunkとWAVの両方を保存し、コメントを日本語化した。
docs/progress_index.md,46,old_execution;method,- 9/2の56条件より新しい9/3の105条件と9/8の3条件を確認。元WAV・修正ONB閾値による評価は出力済み。
docs/progress_index.md,51,next,## 2026-07-24 P0ノイズ診断コード
docs/progress_index.md,53,next,- 参照: [research_plan/2026-07-24_p0_noise_diagnostic_runbook.md](research_plan/2026-07-24_p0_noise_diagnostic_runbook.md)
docs/progress_index.md,54,method,- 実装: 総パワー1変数、水流音のみ、固定振幅、source-WAV GroupKFold、chunk実現SNRを同じ診断経路へ追加した。
docs/progress_index.md,63,next,- 次にやること: 大規模再学習より先に、総パワーのみ、スケーリング済み水流音のみ、固定絶対振幅ノイズ、log-power、元WAV group分割、chunk実現SNRをRFで診断する。その後、説明性sanity、ONB早期検知定義、3モデル・アンサンブルの再検証へ進む。
docs/progress_index.md,68,old_claim,- 今回の主題: 6/19で主軸に置いた「回帰タスクの説明性付与（③）」に向け、各モデルにどの説明性手法が適合するかを先行調査し、現時点の当たりを記録した。実装は未着手。
docs/progress_index.md,72,method,- 確定版（3モデル＋選定理由＋評価指標）: [research_plan/2026-06-26_xai_method_and_metric_selection.md](research_plan/2026-06-26_xai_method_and_metric_selection.md)。原理を「加法的特徴属性（公理を満たす属性法）を各構造に最適化」で統一し、RF=TreeSHAP / AlexNet=IG / Conformer(CNN+Tf v1)=IG に確定。検証は層B（Deletion/Insertion AUC・sanity check・SHAP安定性・周波数帯マスクΔR2）で同一土俵採点。選定理由は①構造整合②回帰の数値分解③定番性④代替案棄却の4段で言語化。
docs/progress_index.md,73,next,- 次にやること: 説明性手法の当たりを先生に確認→確定、①集計定義の明文化と回帰グラフ精査、②PCA中身確認と解釈可能特徴の試作、整い次第③でRFのTreeSHAP試行。
docs/progress_index.md,79,next,- 実施したこと: 6/19スライド内容案に発表後フィードバックと改訂方針を追記し、今後の計画を「集計定義 -> DL系チューニング -> 3モデルの性能比較 -> モデル別説明性 -> 早期検知評価 -> アンサンブル」の流れに再整理。
docs/progress_index.md,82,next,- 次にやること: 集計定義の明文化、CNN+Transformer/AlexNetのチューニング、3モデルの散布図・残差・熱流束帯別誤差、PCA有無ablation、ノイズ付与方法の確認、モデル別説明性評価の試作。
docs/progress_index.md,88,next,- 次にやること: `RandomForest + CNN+Tf (AttnPool) + AlexNet` を本番設定で実行し、保存済み予測から重み付けやONB近傍評価を再学習なしで比較する。
docs/progress_index.md,100,next,- 先生からの指摘: アンサンブル学習とタイトルにあるが、今回の説明ではアンサンブルを行わないようにも聞こえる、研究目的は結局何か、今後どの優先順位で検証するのかを明確にする必要がある。
docs/progress_index.md,111,next,- 次にやること: 明日の発表で研究方針と教授コメントへの対応を示し、既存データでGrad-CAM、Integrated Gradients、Attention Rollout、RISE、マスク実験、時間シャッフルのプロトタイプを作成する。
docs/progress_index.md,115,next,- 修士論文の結論の方向性を検討。
docs/progress_index.md,129,next,- 今後は、モデルが沸騰現象の特徴をどう捉えているかを調べる。
docs/progress_index.md,142,next,- 次にやること:
docs/research_context.md,22,next,**9/15の本人の明示希望**: 学部で観察した「ノイズ増加による性能低下をアンサンブルで抑える」効果を修士研究で発展させ、その成立条件と原因を明らかにしたい。学部成果との連続性を大切にし、帯域によって傾向が変わる場合も説明できることを重視する。[理想の結論・背景・検証方針](research_plan/2026-09-15_master_thesis_hypothesis.md)を本人の研究仮説として保持する。
docs/research_context.md,26,method,元WAV・実験の熱流束ラベル → 500 Hz高域通過・固定基準の水流音付与 → 1秒STFT power、224×224 → 元WAVを分けて学習 → 予測熱流束（W/m²） → WAV集約・ONB閾値判定 → 説明性と条件変更時の検証。
docs/research_context.md,43,method,| ONB近傍 | 現在は閾値±10%の暫定帯域。点数と正解の出典を併記 |
docs/research_context.md,53,method,回帰にはR²・RMSE・MAE、ONBには近傍誤差・Recall・誤警報・遷移を用いる。連続スコアROC-AUCと、予測を二値化した互換AUCは分ける。PCA空間TreeSHAPと物理帯域マスクも別の説明対象として扱う。
docs/research_plan/2026-05-22_after_presentation.md,3,next,> **履歴・適用範囲（2026-09-15追記）**: この文書は当時の条件・判断の記録です。本文の「現在」「次にやること」は作成時点を指します。最新の設定・完了範囲・優先順位は[研究の現在地](../research_status.md)、更新関係は[文書案内](../document_index.md)を参照してください。
docs/research_plan/2026-05-22_after_presentation.md,11,method,- 研究の主系列は、音響スペクトログラムから熱流束を回帰し、予測熱流束を閾値処理することでONB近傍を検知することである。
docs/research_plan/2026-05-22_after_presentation.md,17,method,> 音響スペクトログラムから熱流束を回帰し、予測熱流束の閾値処理によって沸騰開始点近傍を検知する。その際、入力表現と単体モデルに加えて、複数モデルの予測を統合するアンサンブル学習をノイズ・条件変動に対する頑健化の方法として比較し、精度・頑健性・物理的妥当性の観点から有効な構成と限界を明らかにする。
docs/research_plan/2026-05-22_after_presentation.md,21,method,> 音響スペクトログラムに基づく熱流束回帰と閾値検知を基本として、異なる特徴を捉える複数モデルのアンサンブルにより、ノイズ下でも安定してONB近傍を検知できる構成を明らかにする。
docs/research_plan/2026-05-22_after_presentation.md,33,next,5. 研究目標: 目的を検証可能なタスクに分け、何を達成すれば目的に答えたことになるのか。
docs/research_plan/2026-05-22_after_presentation.md,46,next,- 過去の事故・異常事例との関係は、今後文献で具体例を整理する必要がある。ただし一般的には、冷却機能低下や熱流動状態の変化を早期に検知する技術は、予兆監視・異常診断の観点から重要なニーズになる。
docs/research_plan/2026-05-22_after_presentation.md,53,method,- 気泡発生に伴う音は、時間的に離散的・非定常に現れる可能性があり、単純な平均音圧や単一周波数の閾値だけでは捉えにくい。
docs/research_plan/2026-05-22_after_presentation.md,55,method,- 熱流束回帰では、予測値のわずかな誤差が閾値付近で検知結果を反転させるため、ONB近傍では通常のRMSEやR2だけでは評価が不十分である。
docs/research_plan/2026-05-22_after_presentation.md,65,method,> プール沸騰音に含まれるONB近傍の微弱かつ非定常な時間・周波数変化が、ノイズ条件下における熱流束推定とONB近傍検知の根拠としてどこまで利用できるかを明らかにする。具体的には、音響スペクトログラムを用いた熱流束回帰と閾値検知を基盤とし、入力表現、単体モデル、異種モデルを含むアンサンブル統合の比較を通じて、見逃し、検知遅れ、条件間ばらつきを抑える構成と、その判断根拠の物理的妥当性および限界を評価する。
docs/research_plan/2026-05-22_after_presentation.md,67,method,この目的の中で、アンサンブルは「検知ロジックそのもの」ではなく、「ノイズや条件変動に対して、熱流束回帰と閾値検知を安定化できるかを検証する方法」として扱う。
docs/research_plan/2026-05-22_after_presentation.md,71,method,卒論では、CNNアンサンブルにより音響スペクトログラムから熱流束を回帰し、閾値処理によって沸騰開始検知を評価した。本研究では、その延長として単に精度向上を目指すのではなく、ONB近傍に対象を絞り、ノイズ下での見逃し、検知遅れ、条件間ばらつき、および判断根拠の物理的妥当性を評価する。これにより、音響データを用いたONB近傍検知がどの条件で信頼できるかを明らかにする。
docs/research_plan/2026-05-22_after_presentation.md,83,method,課題解決を図るうえでの着眼点は、「音響スペクトログラム」「熱流束回帰」「閾値検知」「異種モデルのアンサンブル」「説明性評価」を一つの流れとして接続することである。
docs/research_plan/2026-05-22_after_presentation.md,86,method,- 直接の二値分類ではなく熱流束回帰を行うことで、沸騰状態を連続的な物理量の推定として扱い、その後に閾値処理でONB近傍を検知できる。
docs/research_plan/2026-05-22_after_presentation.md,89,method,- 異なるモデルを組み合わせるアンサンブルにより、特定モデルがノイズや局所的な癖に引っ張られる影響を下げ、予測熱流束と閾値検知を安定化できる可能性がある。
docs/research_plan/2026-05-22_after_presentation.md,94,next,### 5. 研究目標
docs/research_plan/2026-05-22_after_presentation.md,96,next,研究目的を達成するための目標は、次のように段階的に置く。
docs/research_plan/2026-05-22_after_presentation.md,98,next,- 目標1: 音響データからスペクトログラムまたは `.npy` 特徴量を作成し、熱流束ラベルと対応づけるデータ処理を整理する。
docs/research_plan/2026-05-22_after_presentation.md,99,next,- 目標2: STFTの窓幅、周波数上限、CWTなどの入力表現を比較し、ONB近傍の特徴を捉えやすい表現を検討する。
docs/research_plan/2026-05-22_after_presentation.md,100,method;next,- 目標3: RandomForest、CNN系、CNN+Transformer系などの単体モデルを同一条件で比較し、回帰性能と閾値検知性能の基準結果を作る。
docs/research_plan/2026-05-22_after_presentation.md,101,next,- 目標4: 単純平均、重み付き平均、必要に応じてstackingなどのアンサンブル統合を比較し、単体最良モデルに対する改善の有無を調べる。
docs/research_plan/2026-05-22_after_presentation.md,102,next,- 目標5: no_noise、水流音ノイズ、SNR変更などの条件で性能を比較し、アンサンブルがノイズ下の見逃し、誤検知、fold間ばらつきを減らすかを検証する。
docs/research_plan/2026-05-22_after_presentation.md,103,next,- 目標6: 通常の回帰指標だけでなく、ONB近傍RMSE/MAE、検知遅れ、低FPR時のTPR、見逃し率など、研究目的に合った評価指標を整理する。
docs/research_plan/2026-05-22_after_presentation.md,104,next,- 目標7: 説明性評価とマスク実験により、モデルやアンサンブルの判断根拠が沸騰現象に関係する時間・周波数特徴と対応しているかを確認する。
docs/research_plan/2026-05-22_after_presentation.md,105,next,- 目標8: 最終的に、どの入力表現、単体モデル、アンサンブル構成がどのノイズ条件で有効か、また限界はどこにあるかを研究計画・修士論文の主張として整理する。
docs/research_plan/2026-05-22_after_presentation.md,111,method,- 仮説1: ONB近傍では、気泡発生に伴う非定常な音響イベントが時間・周波数表現に現れ、熱流束回帰と閾値処理により検知できる。
docs/research_plan/2026-05-22_after_presentation.md,125,method,4. 統合後の予測熱流束を閾値処理し、ONB近傍を検知する。
docs/research_plan/2026-05-22_after_presentation.md,127,method,この流れでは、アンサンブルは3番目の「予測熱流束を安定化する処理」であり、ONB検知そのものは4番目の閾値処理で行う。したがって、アンサンブルの研究上の問いは次のようになる。
docs/research_plan/2026-05-22_after_presentation.md,139,method,> アンサンブル学習は行います。ただし、アンサンブルを沸騰開始点の検知ロジックそのものとして置くのではなく、音響スペクトログラムから回帰した熱流束をノイズ下でも安定させるための方法として位置づけています。深層学習モデルと従来型機械学習モデルなど、異なる特徴を捉えるモデルを組み合わせることで、単体モデルに依存した不安定性を下げられるかを検証します。そのうえで、予測熱流束の閾値処理によるONB近傍検知について、精度・頑健性・物理的妥当性の3点から有効な構成を明らかにしたいと考えています。
docs/research_plan/2026-05-22_after_presentation.md,141,next,## 検証の優先順位
docs/research_plan/2026-05-22_after_presentation.md,143,next,### P0: 研究目的と評価指標を固定する
docs/research_plan/2026-05-22_after_presentation.md,145,method,最初に、研究目的を「アンサンブルで高精度化する研究」だけにせず、「熱流束回帰と閾値検知を基本とし、アンサンブルがノイズ下の精度・頑健性・根拠妥当性を高めるかを検証する研究」と明文化する。
docs/research_plan/2026-05-22_after_presentation.md,150,method,"- 連続スコアとしての検知性能: 予測熱流束をスコアにしたROC-AUC, PR-AUC"
docs/research_plan/2026-05-22_after_presentation.md,151,method,"- 閾値後の分類性能: Accuracy, Precision, Recall, F1, 見逃し率、誤検知率"
docs/research_plan/2026-05-22_after_presentation.md,156,next,### P1: 現在の中心コードの評価条件を整理する
docs/research_plan/2026-05-22_after_presentation.md,161,method,- 現在のAUC計算は二値化後の予測を使っているため、通常のROC/AUCとしての解釈には注意が必要である。予測熱流束の連続値をスコアとしてAUCを計算する版も併記した方がよい。
docs/research_plan/2026-05-22_after_presentation.md,165,next,### P2: 現在データで基準結果を作る
docs/research_plan/2026-05-22_after_presentation.md,174,method,- 出力: 回帰指標、閾値検知指標、ONB近傍指標を `experiments/` にまとめる
docs/research_plan/2026-05-22_after_presentation.md,210,method,- `docs/notes/model_notes.md`: 現在の中心スクリプトにおけるモデル名、AUC計算、重み付き平均の注意点を追記する。
docs/research_plan/2026-05-22_after_presentation.md,211,next,- `configs/experiments/`: 次に回す条件をyamlで残す。
docs/research_plan/2026-05-22_after_presentation.md,217,method,2. AUC計算で連続値スコア版を追加する。
docs/research_plan/2026-05-22_after_presentation_concise.md,3,next,> **履歴・適用範囲（2026-09-15追記）**: この文書は当時の条件・判断の記録です。本文の「現在」「次にやること」は作成時点を指します。最新の設定・完了範囲・優先順位は[研究の現在地](../research_status.md)、更新関係は[文書案内](../document_index.md)を参照してください。
docs/research_plan/2026-05-22_after_presentation_concise.md,7,method,本研究では、音響スペクトログラムから熱流束を回帰し、予測熱流束を閾値処理することで沸騰開始点近傍を検知する。
docs/research_plan/2026-05-22_after_presentation_concise.md,13,method,> 音響スペクトログラムから熱流束を回帰し、予測熱流束の閾値処理によって沸騰開始点近傍を検知する。そのうえで、入力表現、単体モデル、アンサンブル統合を比較し、ノイズ下でも安定して検知できる構成を、精度・頑健性・物理的妥当性の観点から明らかにする。
docs/research_plan/2026-05-22_after_presentation_concise.md,28,method,- 気泡発生に伴う音は非定常で、単純な音圧や単一周波数の閾値では捉えにくい。
docs/research_plan/2026-05-22_after_presentation_concise.md,30,method,- 熱流束の予測誤差が小さくても、閾値近傍では沸騰判定が反転するため、ONB近傍に特化した評価が必要である。
docs/research_plan/2026-05-22_after_presentation_concise.md,38,method,具体的には、音響スペクトログラムを用いた熱流束回帰と閾値検知を基盤とし、入力表現・単体モデル・アンサンブル統合の比較を通じて、見逃し・検知遅れ・条件間ばらつきを抑える構成と、その判断根拠の物理的妥当性および限界を評価する。
docs/research_plan/2026-05-22_after_presentation_concise.md,44,method,卒論では、CNNアンサンブルにより音響スペクトログラムから熱流束を回帰し、閾値処理によって沸騰開始検知を評価した。本研究では、その延長として単に精度向上を目指すのではなく、ONB近傍に対象を絞り、ノイズ下での見逃し・検知遅れ・条件間ばらつき、および判断根拠の物理的妥当性を評価する。これにより、音響データを用いたONB近傍検知がどの条件で信頼できるかを明らかにする。
docs/research_plan/2026-05-22_after_presentation_concise.md,59,method,- 熱流束回帰を行うことで、沸騰状態を連続的な物理量として扱い、その後に閾値処理でONB近傍を検知できる。
docs/research_plan/2026-05-22_after_presentation_concise.md,64,next,### 研究目標
docs/research_plan/2026-05-22_after_presentation_concise.md,67,method,- 単体モデルを同一条件で比較し、熱流束回帰と閾値検知の基準性能を整理する。
docs/research_plan/2026-05-22_after_presentation_concise.md,75,method,"- 連続スコアとしての検知性能: 予測熱流束をスコアにした `ROC-AUC`, `PR-AUC`。"
docs/research_plan/2026-05-22_after_presentation_concise.md,76,method,"- 閾値後の分類性能: `Accuracy`, `Precision`, `Recall`, `F1`, 見逃し率、誤検知率。"
docs/research_plan/2026-05-22_after_presentation_concise.md,87,method,4. 統合後の予測熱流束を閾値処理し、ONB近傍を検知する。
docs/research_plan/2026-05-22_after_presentation_concise.md,93,method,> アンサンブル学習は行います。ただし、アンサンブルを沸騰開始点の検知ロジックそのものとして置くのではなく、音響スペクトログラムから回帰した熱流束をノイズ下でも安定させる方法として位置づけています。異なる特徴を捉えるモデルを組み合わせることで、単体モデルに依存した不安定性を下げられるかを検証し、最終的には閾値処理によるONB近傍検知の精度・頑健性・物理的妥当性を評価したいと考えています。
docs/research_plan/2026-05-29_review.md,3,next,> **履歴・適用範囲（2026-09-15追記）**: この文書は当時の条件・判断の記録です。本文の「現在」「次にやること」は作成時点を指します。最新の設定・完了範囲・優先順位は[研究の現在地](../research_status.md)、更新関係は[文書案内](../document_index.md)を参照してください。
docs/research_plan/2026-05-29_review.md,11,next,## 結論
docs/research_plan/2026-05-29_review.md,13,next,現時点の研究計画は、「ニーズ」「課題」「目的」「着眼点」「研究目標」の型には概ね沿って書けている。特に、ONB近傍の微弱な時間・周波数特徴、ノイズ下での頑健性、アンサンブルの位置づけ、説明性評価を入れている点はよい。
docs/research_plan/2026-05-29_review.md,15,next,ただし、このままだと卒論の結論である「CNNアンサンブルにより、ノイズ下でも熱流束回帰と沸騰開始検知の性能が向上した」とかなり近い結論に戻る危険がある。修士論文としては、「性能が上がった」ではなく、「なぜ・どの条件で・どの特徴に基づくと信頼できる検知になるのか」を明らかにする方向へ目的文と評価軸を寄せた方がよい。
docs/research_plan/2026-05-29_review.md,19,next,卒論の主な結論は次の通り。
docs/research_plan/2026-05-29_review.md,22,method,- 予測熱流束をONB閾値で二値化し、ROC/AUCで沸騰検知を評価した。
docs/research_plan/2026-05-29_review.md,38,method,> 本研究の目的は、プール沸騰音に含まれるONB近傍の微弱かつ非定常な時間・周波数変化が、ノイズ条件下における熱流束推定とONB近傍検知の根拠としてどこまで利用できるかを明らかにすることである。具体的には、音響スペクトログラムを用いた熱流束回帰と閾値検知を基盤とし、入力表現、単体モデル、アンサンブル統合の比較を通じて、見逃し、検知遅れ、条件間ばらつきを抑える構成と、その判断根拠の物理的妥当性および限界を評価する。
docs/research_plan/2026-05-29_review.md,40,next,この形にすると、結論を「アンサンブルで性能が上がった」ではなく、次のように置ける。
docs/research_plan/2026-05-29_review.md,68,method,### 3. AUCの使い方に注意
docs/research_plan/2026-05-29_review.md,70,method,卒論では、予測値を閾値で二値化した後にROC/AUCとして扱っている部分がある。通常のROCは連続スコアを閾値掃引して作るため、修士では「予測熱流束の連続値をスコアにしたAUC」と「ONB閾値で二値化した分類指標」を分けて書く方がよい。
docs/research_plan/2026-05-29_review.md,88,next,"- 2026年の沸騰音響ロードマップでは、音響沸騰研究の標準化、センサ選択、データセット、AI/ML、説明性が今後の課題として扱われている。これは本研究の「説明性と頑健性を含む評価」に追い風である。文献情報としては、`A roadmap for decoding the sound of boiling`, `npj Thermal Science and Engineering`, 2026として扱う。"
docs/research_plan/2026-05-29_review.md,91,next,## 次にやるとよいこと
docs/research_plan/2026-06-14_decisions.md,3,next,> **履歴・適用範囲（2026-09-15追記）**: この文書は当時の条件・判断の記録です。本文の「現在」「次にやること」は作成時点を指します。最新の設定・完了範囲・優先順位は[研究の現在地](../research_status.md)、更新関係は[文書案内](../document_index.md)を参照してください。
docs/research_plan/2026-06-14_decisions.md,5,next,2026-06-12 計画([../../研究進捗報告/2026/612/今後の研究計画_2026-06-12.md](../../研究進捗報告/2026/612/今後の研究計画_2026-06-12.md))の
docs/research_plan/2026-06-14_decisions.md,11,next,  Grad-CAM / RISE / マスク実験 を優先する（Phase 3 以降）。
docs/research_plan/2026-06-14_decisions.md,23,method,- 評価分割（KFold に leave-one-run-out / 日付別を足すか）。
docs/research_plan/2026-06-14_decisions.md,24,method,  コードは暫定で `KFold(shuffle=True)`。
docs/research_plan/2026-06-14_decisions.md,26,next,## 当面の優先順位
docs/research_plan/2026-06-14_decisions.md,54,method,- 「100% 分類閾値」の緑線は、連続して同じ y_val が並ぶ＝時系列順を前提にしている。
docs/research_plan/2026-06-14_decisions.md,55,method,  現状 `KFold(shuffle=True)` なので検証 fold 内の並びがシャッフルされ、ブロック判定が意図とずれる可能性。
docs/research_plan/2026-06-15_current_state_and_next_steps.md,3,next,> **履歴・適用範囲（2026-09-15追記）**: この文書は当時の条件・判断の記録です。本文の「現在」「次にやること」は作成時点を指します。最新の設定・完了範囲・優先順位は[研究の現在地](../research_status.md)、更新関係は[文書案内](../document_index.md)を参照してください。
docs/research_plan/2026-06-15_current_state_and_next_steps.md,7,next,2026-06-14時点の短期計画では、まずRandomForest単体を安定して動かし、その後3モデルを同一分割・同一指標で比較できる状態にすることを優先していた。
docs/research_plan/2026-06-15_current_state_and_next_steps.md,21,next,Phase 2の「3モデルを同条件で同時実行できる状態にする」も、旧構成では完了している。ただし、旧構成はCNN+Transformer系が2つ並んでおり、アンサンブルの多様性という観点では弱かった。そのため、Phase 2は「実行経路の成立」までは完了、「研究上妥当な3モデル構成での本番比較」は次に確認する段階とする。
docs/research_plan/2026-06-15_current_state_and_next_steps.md,37,method;next,これにより、今後は保存済み予測を使って、重み、ONB近傍誤差、閾値判定、検知遅れ候補を後処理で比較しやすくなる。
docs/research_plan/2026-06-15_current_state_and_next_steps.md,39,method,また、`RANDOM_SEED` がKFoldとPCAだけでなく、Python、NumPy、TensorFlowの乱数にも効くようにした。GPU演算の完全な決定性までは保証しないが、Kerasモデルの初期値に起因する実行ごとの揺れを減らせる。
docs/research_plan/2026-06-15_current_state_and_next_steps.md,41,next,## 次にやるべきこと
docs/research_plan/2026-06-15_parameter_tuning.md,3,next,> **履歴・適用範囲（2026-09-15追記）**: この文書は当時の条件・判断の記録です。本文の「現在」「次にやること」は作成時点を指します。最新の設定・完了範囲・優先順位は[研究の現在地](../research_status.md)、更新関係は[文書案内](../document_index.md)を参照してください。
docs/research_plan/2026-06-15_parameter_tuning.md,49,next,20260615_ep500_k_lr0p005_bs48_simple_3m
docs/research_plan/2026-06-19_after_presentation.md,3,next,> **履歴・適用範囲（2026-09-15追記）**: この文書は当時の条件・判断の記録です。本文の「現在」「次にやること」は作成時点を指します。最新の設定・完了範囲・優先順位は[研究の現在地](../research_status.md)、更新関係は[文書案内](../document_index.md)を参照してください。
docs/research_plan/2026-06-19_after_presentation.md,12,next,ただし、発表後のコメントとその後の方針整理を踏まえると、今後はRandomForestだけを基準に固定するのではなく、**CNN+Transformer、AlexNet、RandomForestの各モデルについて、学習設定・評価・説明性を整えたうえで比較する** 必要がある。特に、CNN系は入力正規化、log変換、学習率、early stoppingなどの調整不足で性能が低く見えている可能性がある。
docs/research_plan/2026-06-19_after_presentation.md,27,next,今後は、どれか1つを主軸に固定せず、以下をモデル横断で確認する。
docs/research_plan/2026-06-19_after_presentation.md,37,next,## 直近の優先順位
docs/research_plan/2026-06-19_after_presentation.md,87,next,## 今後の研究計画での位置づけ
docs/research_plan/2026-06-19_after_presentation.md,95,next,## 次に先生へ確認すること
docs/research_plan/2026-06-19_after_presentation.md,99,old_claim,3. ノイズあり条件で高性能な結果は、原因が分かるまで確定的に主張しない方がよいか。
docs/research_plan/2026-06-26_xai_method_and_metric_selection.md,3,next,> **履歴・適用範囲（2026-09-15追記）**: この文書は当時の条件・判断の記録です。本文の「現在」「次にやること」は作成時点を指します。最新の設定・完了範囲・優先順位は[研究の現在地](../research_status.md)、更新関係は[文書案内](../document_index.md)を参照してください。
docs/research_plan/2026-06-26_xai_method_and_metric_selection.md,28,next,## 2. 結論サマリ
docs/research_plan/2026-06-26_xai_method_and_metric_selection.md,33,method,| AlexNet | **Integrated Gradients (IG)** | Grad-CAM（粗い可視化） | Deletion/Insertion AUC、Adebayo sanity check、周波数帯マスクΔR2 |
docs/research_plan/2026-06-26_xai_method_and_metric_selection.md,44,method,- **分野整合**: 熱伝達・流体のXAIレビュー（Cremades et al. 2024）が、この分野の標準を additive feature attribution（kernel / tree / gradient / deep SHAP）として体系化し、「physics-aligned（物理整合的）」解釈を重視している。RF=TreeSHAP、DL=gradient系という割当はこのレビューに沿う。
docs/research_plan/2026-06-26_xai_method_and_metric_selection.md,89,method;next,  - **AttentionPoolingの重み**（最終段が出す時間パッチ重要度。実装上ただで得られる）と **Attention Rollout** は、IGの結論と突き合わせる**安価な整合確認・補助**として併用。
docs/research_plan/2026-06-26_xai_method_and_metric_selection.md,96,method,"  - **Deletion / Insertion AUC**（Petsiuk et al., BMVC 2018）: 重要と言われた特徴から順に消す/足すと予測が大きく動くか。手法非依存の標準スコア。スコアは予測確率でなく**予測熱流束（またはΔR2/ONB近傍誤差）**に差し替える。"
docs/research_plan/2026-06-26_xai_method_and_metric_selection.md,108,method,2. **Deletion / Insertion AUC**＋**周波数帯マスクΔR2 / 時間帯マスクΔ**: 全モデルを同一指標で採点。
docs/research_plan/2026-06-26_xai_method_and_metric_selection.md,130,next,"- **命名**: `cnn_transformer_v1` は label=""Conformer"" だが、実体は **CNN前段＋Transformer＋AttentionPooling**。本家Conformer（Gulati et al. 2020）はブロック内で `½FFN→自己注意→Conv module→½FFN`（macaron）と畳み込みと注意を交互に通す構造で、v1にはブロック内Conv moduleが無い。発表で「Conformer」と書くと定義を知る相手に突かれうる。→ 将来 ""CNN+Transformer"" へ改名 or 本物のConformer化を検討（XAIの結論はどちらでもIGで不変）。`utils/plotting/regression_plots.py` には既に正直名 `""CNN+Tf (AttnPool)""` がある。"
docs/research_plan/2026-06-26_xai_method_and_metric_selection.md,136,method,2. 信頼性は **Deletion/Insertion AUC＋sanity check（DL）＋SHAP安定性（RF）** という標準評価指標で担保し、加えて**沸騰音文献の低周波(<512Hz)期待値**と照合する方針でよいか。
docs/research_plan/2026-06-26_xai_method_selection.md,3,next,> **履歴・適用範囲（2026-09-15追記）**: この文書は当時の条件・判断の記録です。本文の「現在」「次にやること」は作成時点を指します。最新の設定・完了範囲・優先順位は[研究の現在地](../research_status.md)、更新関係は[文書案内](../document_index.md)を参照してください。
docs/research_plan/2026-06-26_xai_method_selection.md,12,next,## 当たりづけの結論（要約）
docs/research_plan/2026-06-26_xai_method_selection.md,54,next,## 次に先生へ確認したいこと
docs/research_plan/2026-07-16_model_specific_xai_selection_and_implementation.md,3,next,> **履歴・適用範囲（2026-09-15追記）**: この文書は当時の条件・判断の記録です。本文の「現在」「次にやること」は作成時点を指します。最新の設定・完了範囲・優先順位は[研究の現在地](../research_status.md)、更新関係は[文書案内](../document_index.md)を参照してください。
docs/research_plan/2026-07-16_model_specific_xai_selection_and_implementation.md,5,next,## 1. 結論
docs/research_plan/2026-07-16_model_specific_xai_selection_and_implementation.md,19,old_execution,"今回の実装確認では、`cnntf_v2_gap` に対して Integrated Gradients (IG) が設定され、実際のXAI出力にも保存されていることを確認した。設定上は `VALIDATION_CONFIG[""explainability""][""methods_by_model""][""cnntf_v2_gap""] = [""integrated_gradients"", ""group_occlusion""]` であり、対象条件6条件（3実験日 x `maxfreq=22kHz` x `heatflux_no_noise` / `heatflux_SNR=-20`）に対して、各5サンプル、合計30行の `integrated_gradients` が `explainability_summary.csv` に記録されていた。"
docs/research_plan/2026-07-16_model_specific_xai_selection_and_implementation.md,27,old_claim,- RFは性能面の最強ベースラインである。ただしPCA入力のため、PCA TreeSHAPを周波数帯の物理説明として直接使わない。
docs/research_plan/2026-07-16_model_specific_xai_selection_and_implementation.md,98,next,- ただし、マスク実験は因果効果そのものではなく、入力摂動に対するモデル感度である。ゼロマスクは分布外入力を作る可能性があるため、結論では「当該帯域を除去したとき予測性能が悪化した」と表現し、「自然現象としてその帯域だけが原因である」とは言い切らない。
docs/research_plan/2026-07-16_model_specific_xai_selection_and_implementation.md,115,next,| AlexNet | Grad-CAM | CNNの粗い局在確認として扱う。 | 補助図。単独で周波数帯の重要性を結論しない。 |
docs/research_plan/2026-07-16_model_specific_xai_selection_and_implementation.md,151,method,"Hama, Mase, Owen (JMLR 2023)に従い、予測曲線のAUCだけでなく、両端を結ぶ直線との差 `area_between_curve` を保存する。分類確率向けの「大きい方がよい／小さい方がよい」をそのまま流用せず、熱流束の単位と符号を残す。"
docs/research_plan/2026-07-24_current_progress_and_priorities.md,1,next,# 2026-07-24 現在の研究進捗・年間計画との差分・優先順位
docs/research_plan/2026-07-24_current_progress_and_priorities.md,3,next,> **履歴・適用範囲（2026-09-15追記）**: この文書は当時の条件・判断の記録です。本文の「現在」「次にやること」は作成時点を指します。最新の設定・完了範囲・優先順位は[研究の現在地](../research_status.md)、更新関係は[文書案内](../document_index.md)を参照してください。
docs/research_plan/2026-07-24_current_progress_and_priorities.md,6,next,位置づけ: 中間発表後に、実装状況だけでなく「研究上の結論を出せる状態か」を再監査した記録  
docs/research_plan/2026-07-24_current_progress_and_priorities.md,13,next,## 1. 結論
docs/research_plan/2026-07-24_current_progress_and_priorities.md,15,next,現状を一文で表すと、**モデルを動かして結果を保存する実装は年間計画より前に進んでいるが、その結果を研究上の結論として採用するためのデータ・評価設計の検証が遅れている**。
docs/research_plan/2026-07-24_current_progress_and_priorities.md,21,next,3. 説明性出力は作成できたが、CNN+Transformerの一部条件でIG completenessが不十分で、最終層ランダム化後も説明マップの形状相関が高い。説明の信頼性は「確認中」であり、物理的結論はまだ出せない。
docs/research_plan/2026-07-24_current_progress_and_priorities.md,24,next,したがって、直近の最優先事項は新しいモデルの追加や長時間の再学習ではない。**ノイズ付与、入力スケール、評価分割を是正・比較し、現在の高精度が未知データにも成立するかを確かめること**である。
docs/research_plan/2026-07-24_current_progress_and_priorities.md,34,next,| 研究上の完了 | 複数条件で再現し、研究目的に対する結論と適用限界を説明できる |
docs/research_plan/2026-07-24_current_progress_and_priorities.md,105,old_claim,さらに、22 kHzの周波数帯マスクでは、no noise時に全モデルが主に2–5 kHzへ依存したのに対し、SNR -20 dBでは全モデルの最大影響帯が10–15 kHzへ移った。使用した水流音のフィルタ後パワーも約52.9%が10–15 kHz、約80.2%が10 kHz以上にあった。
docs/research_plan/2026-07-24_current_progress_and_priorities.md,111,next,今後は、年間計画の番号順ではなく、結論の成立に必要な依存関係の順に進める。
docs/research_plan/2026-07-24_current_progress_and_priorities.md,133,next,## 6. 優先順位付きタスク
docs/research_plan/2026-07-24_current_progress_and_priorities.md,135,next,### P0: 現在の結論を左右する最優先タスク
docs/research_plan/2026-07-24_current_progress_and_priorities.md,139,next,| P0-1 | 現在の結果を「診断用」と明記し、条件を固定保存 | 3-fold/300 epochと計画値の混同を防ぐ | 実行manifest、データ版、seed、split、指標定義が一か所で追える |
docs/research_plan/2026-07-24_current_progress_and_priorities.md,140,next,| P0-2 | 総パワー1変数だけの回帰を実施 | スペクトログラム構造ではなく音量だけで予測できていないか確認 | RF本体とのR²差、条件別性能を表にする |
docs/research_plan/2026-07-24_current_progress_and_priorities.md,141,next,| P0-3 | 「スケーリング済み水流音のみ」の負の対照を実施 | ノイズ振幅が熱流束の代理になっているか直接確認 | ノイズのみで予測可能かを、同じsplitで判定する |
docs/research_plan/2026-07-24_current_progress_and_priorities.md,142,next,| P0-4 | 固定絶対振幅または学習データ由来の単一基準でノイズを付与 | 元WAVごとのパワーでノイズ振幅が変わる交絡を除く | no noiseからSNR低下に伴う性能曲線を同一モデル・同一splitで作る |
docs/research_plan/2026-07-24_current_progress_and_priorities.md,143,method;next,| P0-5 | `source_wav_id` と `chunk_start` を保持し、group分割を設計 | 同一元WAVのchunkが学習・検証へ跨る問題を除く | GroupKFoldまたはleave-one-experiment-outの結果を通常KFoldと並べる |
docs/research_plan/2026-07-24_current_progress_and_priorities.md,144,next,| P0-6 | 実現SNRをchunkごとに計測 | 60秒全体で指定したSNRと1秒chunkの実SNR差を把握 | requested/realized SNRの分布を保存する |
docs/research_plan/2026-07-24_current_progress_and_priorities.md,146,next,2026-07-24追記: P0-1～P0-6を実行するコードと保存形式を実装した。実行条件と判定順は [P0ノイズ診断コードの実行手順](2026-07-24_p0_noise_diagnostic_runbook.md) にまとめた。現時点ではsynthetic testまでであり、実データによる完了条件は未達である。
docs/research_plan/2026-07-24_current_progress_and_priorities.md,148,next,P0-2～P0-4の結果が出るまで、大規模な5-fold/500 epoch全条件実行は保留する。短いRF診断で原因を切り分けた方が、誤ったデータに計算時間を使う危険が小さい。
docs/research_plan/2026-07-24_current_progress_and_priorities.md,150,next,### P1: 評価設計と説明性を研究として成立させるタスク
docs/research_plan/2026-07-24_current_progress_and_priorities.md,154,next,| P1-1 | raw power、log-power＋学習fold内標準化、標本別正規化を比較 | 絶対音量とスペクトル形状の寄与を分離 | 同一splitで性能・ノイズ傾向・重要帯域を比較 |
docs/research_plan/2026-07-24_current_progress_and_priorities.md,155,next,| P1-2 | no noise学習→各ノイズ条件テストの交差条件評価 | 各SNRで別々に学習する評価から、頑健性評価へ変える | 固定済みモデルのSNR性能曲線を作成 |
docs/research_plan/2026-07-24_current_progress_and_priorities.md,156,next,| P1-3 | IG baselineを0以外でも確認 | 0入力が分布外である影響を調べる | 0、学習平均、低エネルギー基準で主要帯域が再現する |
docs/research_plan/2026-07-24_current_progress_and_priorities.md,157,next,| P1-4 | 段階的な層ランダム化sanity check | 説明が学習済み重みに依存するか確認 | 層を順に壊すと類似度が系統的に低下する |
docs/research_plan/2026-07-24_current_progress_and_priorities.md,158,next,| P1-5 | 説明性をfold・実験日・標本群で集約 | 5枚の代表画像だけの結論を避ける | 平均、ばらつき、再現率を帯域別に報告 |
docs/research_plan/2026-07-24_current_progress_and_priorities.md,160,next,### P2: ONB早期検知の定義
docs/research_plan/2026-07-24_current_progress_and_priorities.md,164,next,| P2-1 | ONB真値の根拠と不確かさを整理 | 実験別しきい値を研究上説明できるようにする | 測定方法、決定者、誤差、再現性を記録 |
docs/research_plan/2026-07-24_current_progress_and_priorities.md,165,next,| P2-2 | ±10%近傍幅を感度分析 | 暫定幅への依存を把握 | ±5%、±10%、±15%などで結論が変わるか示す |
docs/research_plan/2026-07-24_current_progress_and_priorities.md,166,next,| P2-3 | event単位の早期検知を定義 | chunk分類から早期検知へ進む | 検知時刻、連続判定数、リード/遅延時間、誤警報率を定義 |
docs/research_plan/2026-07-24_current_progress_and_priorities.md,167,next,| P2-4 | ONB前後を細かく測る実験計画 | 現在の離散ラベルだけでは見えない遷移を観測 | 時間・熱流束刻み、反復数、センサ同期を決定 |
docs/research_plan/2026-07-24_current_progress_and_priorities.md,177,next,| P3-3 | 未知実験日・未知ノイズで一般化検証 | 実運用に近い結論を作る | leave-one-experiment-out等で性能と信頼区間を報告 |
docs/research_plan/2026-07-24_current_progress_and_priorities.md,184,next,1. P0-2の総パワーベースラインを作る。
docs/research_plan/2026-07-24_current_progress_and_priorities.md,185,next,2. P0-3のスケーリング済み水流音のみを作る。
docs/research_plan/2026-07-24_current_progress_and_priorities.md,186,next,3. P0-4の固定振幅ノイズを小規模条件で試す。
docs/research_plan/2026-07-24_current_progress_and_priorities.md,187,next,4. P0-5のgroup情報をデータ生成時に残す設計を決める。
docs/research_plan/2026-07-24_current_progress_and_priorities.md,234,method,- RFは現在のchunk KFold条件では最も安定している。
docs/research_plan/2026-07-24_current_progress_and_priorities.md,249,next,この区別を保ったままP0から検証を進めることが、年間計画を研究上の成果へ変換する最短経路である。
docs/research_plan/2026-07-24_explainability_output_guide.md,3,next,> **履歴・適用範囲（2026-09-15追記）**: この文書は当時の条件・判断の記録です。本文の「現在」「次にやること」は作成時点を指します。最新の設定・完了範囲・優先順位は[研究の現在地](../research_status.md)、更新関係は[文書案内](../document_index.md)を参照してください。
docs/research_plan/2026-07-24_explainability_output_guide.md,218,method,### 5.3 summaryのAUC列
docs/research_plan/2026-07-24_explainability_output_guide.md,220,method,ここでのAUCはROC-AUCではない。予測熱流束をマスク率0～1で積分した面積で、熱流束単位を持つ。
docs/research_plan/2026-07-24_explainability_output_guide.md,224,method,| `*_prediction_auc` | 実際の予測曲線下面積 |
docs/research_plan/2026-07-24_explainability_output_guide.md,225,method,| `*_linear_auc` | 始点と終点を結ぶ直線の面積 |
docs/research_plan/2026-07-24_explainability_output_guide.md,226,method,| `*_area_between_curve` | prediction AUC－linear AUC |
docs/research_plan/2026-07-24_explainability_output_guide.md,228,method,生の `prediction_auc` は、標本の予測熱流束が高いほど大きくなるため、標本間の説明品質比較には適さない。`area_between_curve` も、元予測がbaselineより高いか低いかで期待符号が変わる。
docs/research_plan/2026-07-24_explainability_output_guide.md,235,next,`output_delta` が負の場合は符号が逆になる。比較用には、今後次の向き付き・正規化値を追加すると分かりやすい。
docs/research_plan/2026-07-24_explainability_output_guide.md,271,next,現在は絶対値マップだけを比較し、最終層だけをランダム化している。今後は出力層から前段へ順番にランダム化し、類似度が段階的に低下するかを確認する。
docs/research_plan/2026-07-24_explainability_output_guide.md,312,next,SNR -20ではRecall低下やFN増加も10–15 kHzで大きかった。一方、付与した水流音のパワーも10–15 kHzへ集中している。このため、現在は「沸騰に重要な帯域が10–15 kHz」と結論せず、**ノイズ生成に由来する帯域へモデル依存が移った可能性**として扱う。
docs/research_plan/2026-07-24_explainability_output_guide.md,345,next,> ○○モデルでは、対象条件の周波数帯マスクによりX–Y kHzを除いたとき、R²がA、ONB RecallがB低下した。このため、同帯域が現在の予測に利用されていることは示された。一方、同帯域は付与ノイズの主成分とも重なるため、沸騰現象固有の特徴であるかは、固定振幅ノイズ、no noise学習からの交差条件評価、未知元WAV評価で今後確認する。
docs/research_plan/2026-07-24_explainability_output_guide.md,352,method,- 「deletion AUCが高いので良い」  
docs/research_plan/2026-07-24_explainability_output_guide.md,353,method,  ここでのAUCはROC-AUCではなく、符号とbaselineを含めた解釈が必要である。
docs/research_plan/2026-07-24_explainability_output_guide.md,355,next,## 11. 次に説明性側で行うこと
docs/research_plan/2026-07-24_noise_accuracy_paradox_investigation.md,3,next,> **履歴・適用範囲（2026-09-15追記）**: この文書は当時の条件・判断の記録です。本文の「現在」「次にやること」は作成時点を指します。最新の設定・完了範囲・優先順位は[研究の現在地](../research_status.md)、更新関係は[文書案内](../document_index.md)を参照してください。 P0診断とデータ生成修正は8月に進展しています。未実行の記述を現在へ持ち越さないでください。
docs/research_plan/2026-07-24_noise_accuracy_paradox_investigation.md,15,next,## 1. 調査結論
docs/research_plan/2026-07-24_noise_accuracy_paradox_investigation.md,21,method,3. 同一元WAVから切り出した1秒chunkをランダムKFoldで分けている。
docs/research_plan/2026-07-24_noise_accuracy_paradox_investigation.md,93,method,### 3.4 分割はchunk単位のランダムKFold
docs/research_plan/2026-07-24_noise_accuracy_paradox_investigation.md,95,method,"現行学習は `KFold(n_splits=..., shuffle=True, random_state=42)` を全chunkへ適用する。元WAV単位のgroup情報を使っていない。"
docs/research_plan/2026-07-24_noise_accuracy_paradox_investigation.md,198,old_claim,フィルタ差はスペクトル帯域を変えるので比較時に固定すべきだが、今回の「強ノイズで絶対パワー相関が増える」現象を単独で説明する主因ではないと考える。
docs/research_plan/2026-07-24_noise_accuracy_paradox_investigation.md,200,next,## 6. 原因候補の優先順位
docs/research_plan/2026-07-24_noise_accuracy_paradox_investigation.md,202,next,| 優先 | 原因候補 | 根拠 | 現在の確度 |
docs/research_plan/2026-07-24_noise_accuracy_paradox_investigation.md,241,old_claim,- 強ノイズで精度が通常通り低下すれば、現行の元WAV比例スケーリングが主因。
docs/research_plan/2026-07-24_noise_accuracy_paradox_investigation.md,273,method,1. 現在のchunk KFold
docs/research_plan/2026-07-24_noise_accuracy_paradox_investigation.md,274,method,2. 元WAVを跨がないGroupKFold
docs/research_plan/2026-07-24_noise_accuracy_paradox_investigation.md,320,method,| A | 現行のWAV比例 | raw power | chunk KFold | 現象再現 |
docs/research_plan/2026-07-24_noise_accuracy_paradox_investigation.md,321,method,| B | 現行のWAV比例 | log-power | chunk KFold | 入力スケール |
docs/research_plan/2026-07-24_noise_accuracy_paradox_investigation.md,322,method,| C | 全標本共通 | raw power | chunk KFold | ノイズ振幅 |
docs/research_plan/2026-07-24_noise_accuracy_paradox_investigation.md,323,method,| D | 全標本共通 | log-power | chunk KFold | 交絡を両方軽減 |
docs/research_plan/2026-07-24_noise_accuracy_paradox_investigation.md,337,old_claim,| Cで強ノイズ改善が消える | 元WAV比例スケーリングが主因 |
docs/research_plan/2026-07-24_noise_accuracy_paradox_investigation.md,338,old_claim,| Bで改善が消える | 線形パワースケールが主因 |
docs/research_plan/2026-07-24_noise_accuracy_paradox_investigation.md,367,next,それでも、現行コード、保存入力、予測性能、XAI帯域、水流音スペクトル、archive正規化差が同じ方向を示しているため、P0課題として最優先で検証する根拠は十分にある。
docs/research_plan/2026-07-24_p0_noise_diagnostic_runbook.md,1,next,# P0ノイズ診断コードの実行手順
docs/research_plan/2026-07-24_p0_noise_diagnostic_runbook.md,3,next,> **履歴・適用範囲（2026-09-15追記）**: この文書は当時の条件・判断の記録です。本文の「現在」「次にやること」は作成時点を指します。最新の設定・完了範囲・優先順位は[研究の現在地](../research_status.md)、更新関係は[文書案内](../document_index.md)を参照してください。 P0診断とデータ生成修正は8月に進展しています。未実行の記述を現在へ持ち越さないでください。
docs/research_plan/2026-07-24_p0_noise_diagnostic_runbook.md,6,next,位置づけ: `2026-07-24_current_progress_and_priorities.md` のP0-1～P0-6を、長時間の深層学習より先に検証するための実行メモ
docs/research_plan/2026-07-24_p0_noise_diagnostic_runbook.md,12,next,| P0 | 実装 | 現在の状態 |
docs/research_plan/2026-07-24_p0_noise_diagnostic_runbook.md,14,next,| P0-1 条件固定 | 前処理manifest、chunk manifest、診断manifestへ条件・seed・入力パスを保存 | コード実装済み、実データ実行前 |
docs/research_plan/2026-07-24_p0_noise_diagnostic_runbook.md,15,next,| P0-2 総パワー1変数 | `total_power_only` の1変数だけを入力するXGBRF回帰 | コード実装済み、実データ実行前 |
docs/research_plan/2026-07-24_p0_noise_diagnostic_runbook.md,16,next,| P0-3 水流音のみ | 元の沸騰音を入力へ含めず、元WAVパワーに応じてスケールした水流音だけを保存 | コード実装済み、実データ生成前 |
docs/research_plan/2026-07-24_p0_noise_diagnostic_runbook.md,17,next,| P0-4 固定振幅 | 実験内で1個に固定した基準RMSから水流音振幅を決める | コード実装済み、実データ生成前 |
docs/research_plan/2026-07-24_p0_noise_diagnostic_runbook.md,18,method;next,| P0-5 group分割 | `source_wav_id` を保存し、通常KFoldとGroupKFoldを同じRF条件で比較 | コード実装済み、実データ実行前 |
docs/research_plan/2026-07-24_p0_noise_diagnostic_runbook.md,19,next,| P0-6 実現SNR | 各chunkの信号・ノイズpowerから実現SNRを計算して保存 | コード実装済み、実データ生成前 |
docs/research_plan/2026-07-24_p0_noise_diagnostic_runbook.md,26,next,  - `P0_DIAGNOSTIC_MODE = True` を追加した。
docs/research_plan/2026-07-24_p0_noise_diagnostic_runbook.md,35,next,  - P0専用の短時間RF診断ランナー。
docs/research_plan/2026-07-24_p0_noise_diagnostic_runbook.md,37,method,  - 通常KFoldとsource-WAV GroupKFoldを比較する。
docs/research_plan/2026-07-24_p0_noise_diagnostic_runbook.md,63,next,- `waterflow_20260724_1s_p0_relative_mixture`
docs/research_plan/2026-07-24_p0_noise_diagnostic_runbook.md,64,next,- `waterflow_20260724_1s_p0_relative_noise_only`
docs/research_plan/2026-07-24_p0_noise_diagnostic_runbook.md,65,next,- `waterflow_20260724_1s_p0_fixed_mixture`
docs/research_plan/2026-07-24_p0_noise_diagnostic_runbook.md,73,next,この実行はP0-2とP0-3の最短確認である。水流音のみの `total_power_only` が高いR²なら、元の沸騰音がなくても、スケーリングされた水流音の振幅から熱流束を復元できている。
docs/research_plan/2026-07-24_p0_noise_diagnostic_runbook.md,111,method,1. `relative_noise_only / total_power_only / kfold` のR²を見る。
docs/research_plan/2026-07-24_p0_noise_diagnostic_runbook.md,112,method,2. 同じ条件のGroupKFold R²を見る。
docs/research_plan/2026-07-24_p0_noise_diagnostic_runbook.md,124,method,| KFoldだけ高くGroupKFoldで低下 | 同一元WAVのchunk共有への依存 |
docs/research_plan/2026-07-24_p0_noise_diagnostic_runbook.md,125,old_claim,| relativeでは-20 dBで上昇し、fixedでは消失 | 元WAV比例スケーリングが主因 |
docs/research_plan/2026-07-24_p0_noise_diagnostic_runbook.md,128,method,現状は基本的に1つの元WAVが1つの熱流束水準に対応する。そのためGroupKFoldの低下には、「同じ元WAVのchunk共有を除いた効果」と「検証foldの熱流束水準そのものが学習側にない効果」の両方が含まれる。GroupKFold低下だけをリーク量として断定せず、反復WAVを追加した設計で再確認する。
docs/research_plan/2026-07-24_p0_noise_diagnostic_runbook.md,138,method,- KFold/GroupKFoldと総パワーRFの小規模synthetic test
docs/research_plan/2026-08-17_noise_accuracy_reversal_investigation.md,1,next,# ノイズ増加で精度が上がる現象の調査結論
docs/research_plan/2026-08-17_noise_accuracy_reversal_investigation.md,3,next,> **履歴・適用範囲（2026-09-15追記）**: この文書は当時の条件・判断の記録です。本文の「現在」「次にやること」は作成時点を指します。最新の設定・完了範囲・優先順位は[研究の現在地](../research_status.md)、更新関係は[文書案内](../document_index.md)を参照してください。
docs/research_plan/2026-08-17_noise_accuracy_reversal_investigation.md,8,next,## 結論
docs/research_plan/2026-08-17_noise_accuracy_reversal_investigation.md,31,method,- 学部時代の方向は妥当だが、当時の絶対的な高R²は通常KFoldによる元WAVチャンク混在などで過大評価されている可能性が高く、その数値をそのまま真値とは扱えない。
docs/research_plan/2026-08-17_noise_accuracy_reversal_investigation.md,42,method,| AUC | 0.9962 | 0.9968 | 0.9838 | 0.9774 | 0.9648 | 0.9378 | 0.9165 |
docs/research_plan/2026-08-17_noise_accuracy_reversal_investigation.md,58,method,5. 通常KFold
docs/research_plan/2026-08-17_noise_accuracy_reversal_investigation.md,78,next,RFでは実験によって改善・不変・悪化が混在する。深層モデルでは改善例が多いが、無雑音側の学習不安定性が大きい条件もある。したがって、現行ログから「ノイズが一般に精度を上げる」と結論することはできない。
docs/research_plan/2026-08-17_noise_accuracy_reversal_investigation.md,80,next,## 3. P0因果診断
docs/research_plan/2026-08-17_noise_accuracy_reversal_investigation.md,88,method,通常KFold、rawスペクトログラムPCAの平均R²は次のとおり。
docs/research_plan/2026-08-17_noise_accuracy_reversal_investigation.md,98,method,同じ配列を「パワーの平方根で振幅へ戻す→各サンプルmin–max」という旧式入力へ変換すると、通常KFoldの相対混合 −20 dBは次のように崩れた。
docs/research_plan/2026-08-17_noise_accuracy_reversal_investigation.md,113,next,- 各ノイズチャンクを、各基準レベルで全サンプル共通の目標パワーへ正規化
docs/research_plan/2026-08-17_noise_accuracy_reversal_investigation.md,120,method,無雑音データだけでモデルを学習し、その同一モデルを各ノイズレベルへ移した。元WAV GroupKFoldで3実験のR²を単純平均すると次のようになった。
docs/research_plan/2026-08-17_noise_accuracy_reversal_investigation.md,130,next,一方、SNRごとにモデルを再学習すると、条件によって一部非単調・改善が残った。これは「ノイズ耐性」ではなく、「そのノイズ条件専用モデルがどれだけ適合できたか」を測る別問題である。この2つを今後混同しないことが重要である。
docs/research_plan/2026-08-17_noise_accuracy_reversal_investigation.md,141,method,- 通常KFoldで、同じ元WAVの別チャンクが学習・検証へ混在する。
docs/research_plan/2026-08-17_noise_accuracy_reversal_investigation.md,152,old_claim,| 致命的 | 元WAV相対ノイズ倍率 + raw絶対パワー | 現行逆転の主因。ノイズ単独で予測できるため、ノイズ耐性評価には使用不可 |
docs/research_plan/2026-08-17_noise_accuracy_reversal_investigation.md,153,method,| 高 | 通常KFoldの同一WAVチャンク混在 | 絶対精度を過大評価する。ファイル名に元WAV provenanceがない旧データは再分割困難 |
docs/research_plan/2026-08-17_noise_accuracy_reversal_investigation.md,156,next,| 中 | 指定SNRを元WAV全体で設定 | チャンク実現SNRは大きくばらつく。P0相対−20の標準偏差は約3.4〜4.6 dB |
docs/research_plan/2026-08-17_noise_accuracy_reversal_investigation.md,159,method,| 中 | 旧AUC | 二値化予測をスコアにしたAUCで、連続予測ROC-AUCとは意味が異なる |
docs/research_plan/2026-08-17_noise_accuracy_reversal_investigation.md,169,next,ここでは沸騰波形 `y` ではなく、その平均パワーというスカラーをノイズ波形へ加えている。`SAVE_DATE = 20250523` なので `waterflow_20250523_1s` と対応する可能性が高い。このデータは今後使用しない運用とし、現行コードには専用の読込例外処理を設けない。マニフェストがないため、既存配列と当時コードの完全な同一性までは断定しない。
docs/research_plan/2026-08-17_noise_accuracy_reversal_investigation.md,175,next,## 6. 今後採用する評価プロトコル
docs/research_plan/2026-08-17_noise_accuracy_reversal_investigation.md,194,method,- 最低限、元WAV IDによるGroupKFold。
docs/research_plan/2026-08-17_noise_accuracy_reversal_investigation.md,196,method,- 現状は1熱流束点あたり独立WAVがほぼ1本なので、GroupKFoldすると未知熱流束点の補間・外挿も同時に評価してしまう。各熱流束点で独立反復WAVを複数収録し、同じ熱流束を学習・検証へ残しつつ録音単位で分けられる設計が望ましい。
docs/research_plan/2026-08-17_noise_accuracy_reversal_investigation.md,203,method,4. R²だけでなくRMSE、MAE、ONB近傍誤差、連続ROC-AUC、PR-AUCを報告する。
docs/research_plan/2026-08-17_noise_accuracy_reversal_investigation.md,208,method,- `noise_only` のGroupKFold・実験日外R²が0付近以下であること。
docs/research_plan/2026-08-17_noise_accuracy_reversal_investigation.md,217,next,- `waterflow_20250523_1s`: **今後使用しない**。主張用・再解析用のいずれにも選択しない。
docs/research_plan/2026-08-17_noise_accuracy_reversal_investigation.md,219,next,- 2026-07-23本番ログ: モデル比較・実装確認には残すが、「強いノイズほど高精度」という物理的結論には使わない。
docs/research_plan/2026-08-17_noise_accuracy_reversal_investigation.md,220,next,- 今回の統制出力: 次のデータ生成仕様を決めるためのP0証拠であり、CNN本番の最終値ではない。
docs/research_plan/2026-08-17_noise_accuracy_reversal_investigation.md,234,next,- `metrics_summary.csv`: P0相対混合・ノイズ単独・固定混合
docs/research_plan/2026-08-17_noise_accuracy_reversal_investigation.md,245,next,学部時代と同じ方向を無条件に「真」とするのではなく、今後の主張はラベル非依存ノイズとclean-trained transferで再測定する。その定義では、今回の実データ統制実験は学部時代と同じ劣化方向を支持した。
docs/research_plan/2026-08-28_research_landing_xai_ensemble_assessment.md,3,old_claim;next,> **履歴・適用範囲（2026-09-15追記）**: この文書は当時の条件・判断の記録です。本文の「現在」「次にやること」は作成時点を指します。最新の設定・完了範囲・優先順位は[研究の現在地](../research_status.md)、更新関係は[文書案内](../document_index.md)を参照してください。 RF優位・全モデル2–5 kHz等の当時の前提と将来案を、現行log-powerモデルの確定結果や本人の確定方針として扱わないでください。
docs/research_plan/2026-08-28_research_landing_xai_ensemble_assessment.md,8,next,## 0. 先に結論
docs/research_plan/2026-08-28_research_landing_xai_ensemble_assessment.md,22,next,ONBの±10%帯は現時点の仮置きなので、主結論の中心からいったん外してよい。まず熱流束回帰、周波数根拠、条件間一般化を固め、その後にONB定義を確定して二次評価として接続する方が論理的である。
docs/research_plan/2026-08-28_research_landing_xai_ensemble_assessment.md,35,method,- 3 GroupKFold
docs/research_plan/2026-08-28_research_landing_xai_ensemble_assessment.md,54,method,見かけ上は1080チャンクだが、実質的な独立単位は18本の録音元であり、各録音から60チャンクを作っている。現在のGroupKFoldは録音元を分離しているため、通常のランダムチャンク分割より妥当である。一方、統計的な情報量が1080独立サンプルあるわけではない。
docs/research_plan/2026-08-28_research_landing_xai_ensemble_assessment.md,79,method,- AlexNet 5 kHzは連続ROC-AUCが非常に高い一方でF1が低く、順位づけはできても閾値に対する予測値の校正が悪い。
docs/research_plan/2026-08-28_research_landing_xai_ensemble_assessment.md,80,method,- 両深層モデルは低熱流束を過大、高熱流束を過小評価する圧縮傾向があり、RFへの単純混合で閾値側の予測を下げやすい。
docs/research_plan/2026-08-28_research_landing_xai_ensemble_assessment.md,121,next,個別画像は、high/low heat flux、ONB上下、false negative、worst predictionなどの意図的に選んだ例であり、無作為標本ではない。したがって、物理帯域の主結論には、画像平均より全検証集合のgroup maskを優先する。
docs/research_plan/2026-08-28_research_landing_xai_ensemble_assessment.md,136,old_claim,### 3.2 全モデルで最も強い結果: 2–5 kHz帯域マスク
docs/research_plan/2026-08-28_research_landing_xai_ensemble_assessment.md,180,method,### 3.6 IGの数値整合性とbaseline問題
docs/research_plan/2026-08-28_research_landing_xai_ensemble_assessment.md,194,next,- 全体の物理結論: group maskを優先する。
docs/research_plan/2026-08-28_research_landing_xai_ensemble_assessment.md,196,next,"baselineが「特徴の欠如」を何として表すかでpath attributionが変わることは既報でも指摘されている。[Sturmfels et al., 2020](https://distill.pub/2020/attribution-baselines/) 今後は、学習データから選ぶ複数baseline、低熱流束の代表スペクトログラム、blurred/mean baselineなどへの感度確認が必要である。"
docs/research_plan/2026-08-28_research_landing_xai_ensemble_assessment.md,271,next,つまり、現行maxfreq表現同士は違って見えても、RFの誤り方はほぼ同じである。複数周波数を平均するだけの方式は優先度が低い。
docs/research_plan/2026-08-28_research_landing_xai_ensemble_assessment.md,285,method,`inner_holdout`は学習チャンクを通常の `train_test_split` で20%へ分けているため、録音元groupを維持していない。同じ録音由来の近似チャンクがinner-fitとinner-validationへ分かれ得る。
docs/research_plan/2026-08-28_research_landing_xai_ensemble_assessment.md,292,method,- 閾値近傍のfalse negative cost
docs/research_plan/2026-08-28_research_landing_xai_ensemble_assessment.md,366,next,### 5.4 優先しない方式
docs/research_plan/2026-08-28_research_landing_xai_ensemble_assessment.md,378,next,## 6.1 最優先: 録音・実験日を越えた一般化
docs/research_plan/2026-08-28_research_landing_xai_ensemble_assessment.md,389,next,## 6.2 最優先: 2–5 kHzの必要性・十分性を再学習で確認
docs/research_plan/2026-08-28_research_landing_xai_ensemble_assessment.md,415,next,この後もRFが勝ち、safe stackingも勝たなければ、アンサンブル不成立を最終結論としてよい。
docs/research_plan/2026-08-28_research_landing_xai_ensemble_assessment.md,468,next,次を満たしたら、RF単体を採用し、アンサンブル不成立を結論とする。
docs/research_plan/2026-08-28_research_landing_xai_ensemble_assessment.md,510,next,## 10. 論文で使える結論文案
docs/research_plan/2026-08-28_research_landing_xai_ensemble_assessment.md,514,old_claim,> 本研究では、プール沸騰音響スペクトログラムを用いた熱流束回帰について、録音元を分離したgroup cross-validationにより複数モデルと周波数表現を比較した。現条件ではRandomForest系モデルが最も高く安定した性能を示した。Integrated Gradients、Grad-CAM、TreeSHAPおよびモデル共通の時間・周波数帯maskを段階的に検証した結果、個別画像の解釈にはbaselineやmodel-dependenceに関する制約がある一方、全モデルの予測性能は2–5 kHz帯の除去に対して最も大きく低下した。異種モデルensembleについては、弱い校正と相関した残差により、単純平均および学習重みが最良単体RFを安定して上回らなかった。以上から、本装置条件における主要な予測帯域と、説明可能な音響熱流束推定および異種モデル統合の成立条件・限界を示した。
docs/research_plan/2026-08-30_treeshap_guided_gradcam_ensemble_recovery_assessment.md,1,method,# RF説明性・Guided Grad-CAM・アンサンブル再設計の総合評価
docs/research_plan/2026-08-30_treeshap_guided_gradcam_ensemble_recovery_assessment.md,3,old_claim;next,> **履歴・適用範囲（2026-09-15追記）**: この文書は当時の条件・判断の記録です。本文の「現在」「次にやること」は作成時点を指します。最新の設定・完了範囲・優先順位は[研究の現在地](../research_status.md)、更新関係は[文書案内](../document_index.md)を参照してください。 RF優位・全モデル2–5 kHz等の当時の前提と将来案を、現行log-powerモデルの確定結果や本人の確定方針として扱わないでください。
docs/research_plan/2026-08-30_treeshap_guided_gradcam_ensemble_recovery_assessment.md,8,next,## 0. 結論の要約
docs/research_plan/2026-08-30_treeshap_guided_gradcam_ensemble_recovery_assessment.md,10,next,今回の3つの問いに対する結論は、次のとおりである。
docs/research_plan/2026-08-30_treeshap_guided_gradcam_ensemble_recovery_assessment.md,15,method,2. **Guided Grad-CAMは実装可能だが、Grad-CAMやIntegrated Gradientsの置き換えにはしない方がよい。**
docs/research_plan/2026-08-30_treeshap_guided_gradcam_ensemble_recovery_assessment.md,16,method,   Guided Grad-CAMは、Grad-CAMの粗い領域とGuided Backpropagationの細かい入力勾配を掛け合わせた高解像度図である。見た目は細かくなるが、物理的・因果的により正しいとは限らない。特にGuided Backpropagation系は、学習済み重みを壊しても図が変わりにくいというsanity check上の問題が報告されている。今回のスペクトログラムでは、線や境界を強調した「もっともらしい図」になる危険がある。
docs/research_plan/2026-08-30_treeshap_guided_gradcam_ensemble_recovery_assessment.md,19,old_claim,   本命は、深層モデルをまず安定・校正し、録音元を分離したcross-fittingで得た予測だけを使って、RFの残差を小さく補正する方式である。さらに、全モデルが同じ2–5 kHzを見るのではなく、主要帯域を扱うRFと、他帯域・時間変動・ノイズ状態からRF残差を説明する補助専門家に役割を分ける。
docs/research_plan/2026-08-30_treeshap_guided_gradcam_ensemble_recovery_assessment.md,21,method,4. 学部研究の結果は「当時の評価手順内ではアンサンブルが良かった」という事実である。ただし、現在と同じ厳しさの独立評価ではない。旧コードは、0.5秒chunkを通常のKFoldでランダム分割し、さらに外側のvalidation foldの正解値から各モデルの重みを計算して、同じfoldを評価していた。このため、学部時代の絶対性能や改善幅を、現在のGroupKFold結果と直接比較してはいけない。
docs/research_plan/2026-08-30_treeshap_guided_gradcam_ensemble_recovery_assessment.md,27,next,この物語なら、最終的に提案アンサンブルが勝てば希望している結論へ到達できる。勝たなかった場合にも、「なぜ学部時代には有効で、厳密評価では何が成立しなかったか」が研究成果として残る。
docs/research_plan/2026-08-30_treeshap_guided_gradcam_ensemble_recovery_assessment.md,39,method,- `研究進捗報告/2024/1月24日(最終卒論発表)/卒論_2024_AUC_R2棒グラフ.xlsx`
docs/research_plan/2026-08-30_treeshap_guided_gradcam_ensemble_recovery_assessment.md,47,method,- 交差検証: 5分割KFold
docs/research_plan/2026-08-30_treeshap_guided_gradcam_ensemble_recovery_assessment.md,69,old_execution,平均改善幅は約+0.0020である。7条件中6条件では最良単体より高いが、-16 dBではResNet50を0.0001下回っている。
docs/research_plan/2026-08-30_treeshap_guided_gradcam_ensemble_recovery_assessment.md,71,method,### 1.3 卒論図に保存されているAUC
docs/research_plan/2026-08-30_treeshap_guided_gradcam_ensemble_recovery_assessment.md,83,method,AUCは7条件すべてでアンサンブルが最良であり、平均改善幅は約+0.0031だった。
docs/research_plan/2026-08-30_treeshap_guided_gradcam_ensemble_recovery_assessment.md,85,method,ただし、旧コードは熱流束予測値を一度0/1に閾値化してから `roc_curve` に渡している。このAUCは連続スコアを使う通常のROC-AUCではなく、単一動作点に近い評価である。修士論文では現在の定義へそのまま引き継がない方がよい。
docs/research_plan/2026-08-30_treeshap_guided_gradcam_ensemble_recovery_assessment.md,101,method,#### 理由C: chunk単位の通常KFoldだった
docs/research_plan/2026-08-30_treeshap_guided_gradcam_ensemble_recovery_assessment.md,103,method,旧コードは `KFold(...).split(x)` を用いており、録音元IDを分離していない。同じ60秒録音から作られた似た0.5秒chunkがtrainとvalidationへ分散する可能性がある。
docs/research_plan/2026-08-30_treeshap_guided_gradcam_ensemble_recovery_assessment.md,105,method,一方、現行コードはmanifestがあれば `GroupKFold(source_wav_id)` を使用する。したがって、現行評価の方が「未知録音へ一般化するか」という問いに近く、R²が下がるのは不自然ではない。
docs/research_plan/2026-08-30_treeshap_guided_gradcam_ensemble_recovery_assessment.md,111,next,### 1.5 学部結論を否定する必要はない
docs/research_plan/2026-08-30_treeshap_guided_gradcam_ensemble_recovery_assessment.md,117,next,これは学部結論の撤回ではなく、修士研究で評価を一段強くする自然な発展である。
docs/research_plan/2026-08-30_treeshap_guided_gradcam_ensemble_recovery_assessment.md,187,method,ただし、これはモデルを変更するため、現在のPCA-RFと同じGroupKFoldで精度を比較する必要がある。説明しやすさのために精度を大きく失うなら、予測主モデルはPCA-RF、物理説明はgroup maskという現在の役割分担を維持する。
docs/research_plan/2026-08-30_treeshap_guided_gradcam_ensemble_recovery_assessment.md,189,next,### 2.5 推奨結論
docs/research_plan/2026-08-30_treeshap_guided_gradcam_ensemble_recovery_assessment.md,199,method,## 3. Guided Grad-CAMは今回に合うか
docs/research_plan/2026-08-30_treeshap_guided_gradcam_ensemble_recovery_assessment.md,213,method,### 3.2 Guided Grad-CAMとは何か
docs/research_plan/2026-08-30_treeshap_guided_gradcam_ensemble_recovery_assessment.md,215,method,[Grad-CAM原論文](https://openaccess.thecvf.com/content_ICCV_2017/html/Selvaraju_Grad-CAM_Visual_Explanations_ICCV_2017_paper.html)では、Guided Grad-CAMを次の積として提案している。
docs/research_plan/2026-08-30_treeshap_guided_gradcam_ensemble_recovery_assessment.md,218,method,\text{Guided Grad-CAM}
docs/research_plan/2026-08-30_treeshap_guided_gradcam_ensemble_recovery_assessment.md,222,method,\text{Guided Backpropagation}
docs/research_plan/2026-08-30_treeshap_guided_gradcam_ensemble_recovery_assessment.md,226,method,- Guided Backpropagation: 入力解像度の細かい勾配パターン
docs/research_plan/2026-08-30_treeshap_guided_gradcam_ensemble_recovery_assessment.md,227,method,- Guided Grad-CAM: 粗い領域内だけ細かい線や模様を表示
docs/research_plan/2026-08-30_treeshap_guided_gradcam_ensemble_recovery_assessment.md,229,method,したがって、Guided Grad-CAMの主な利点は**高解像度化**であり、「Grad-CAMより因果的に正確」という意味ではない。
docs/research_plan/2026-08-30_treeshap_guided_gradcam_ensemble_recovery_assessment.md,235,method,Guided Grad-CAMを加えると、次のような図になる可能性が高い。
docs/research_plan/2026-08-30_treeshap_guided_gradcam_ensemble_recovery_assessment.md,249,method,ただしGuided Grad-CAMでも、次は直接説明できない。
docs/research_plan/2026-08-30_treeshap_guided_gradcam_ensemble_recovery_assessment.md,256,method,したがって、CNN+TransformerにGuided Grad-CAMを使っても、「Transformerまで完全に説明した」とは書かない。
docs/research_plan/2026-08-30_treeshap_guided_gradcam_ensemble_recovery_assessment.md,262,method,現行Grad-CAMは最後にReLUを適用し、熱流束予測を上げる方向の局在を主に表示する。Guided BackpropagationもReLUの逆伝播を変更して負勾配を抑える。
docs/research_plan/2026-08-30_treeshap_guided_gradcam_ensemble_recovery_assessment.md,268,method,[Adebayo et al.のsanity checks](https://proceedings.neurips.cc/paper/2018/hash/294a8ed24b1ad22ec2e7efea049b8737-Abstract.html)では、Guided BackpropagationとGuided Grad-CAMが、ネットワーク重みを段階的にランダム化してもほとんど変わらない例が示されている。入力のedge detectorに近い図が残るためである。
docs/research_plan/2026-08-30_treeshap_guided_gradcam_ensemble_recovery_assessment.md,274,method,現行コードのsanity checkは最終trainable layerだけをランダム化する軽量版で、設定上はIntegrated Gradientsのみが対象である。Guided Grad-CAMを追加するなら、少なくとも次を行う必要がある。
docs/research_plan/2026-08-30_treeshap_guided_gradcam_ensemble_recovery_assessment.md,289,method,| 局在領域内の細い模様を見たい | Guided Grad-CAM | input edge mapとの比較 |
docs/research_plan/2026-08-30_treeshap_guided_gradcam_ensemble_recovery_assessment.md,294,method,Guided Grad-CAMは**追加する価値はあるが、置き換えない**。
docs/research_plan/2026-08-30_treeshap_guided_gradcam_ensemble_recovery_assessment.md,296,next,優先順位は次のとおりである。
docs/research_plan/2026-08-30_treeshap_guided_gradcam_ensemble_recovery_assessment.md,301,method,4. Guided Grad-CAMを高解像度の補助図として追加する
docs/research_plan/2026-08-30_treeshap_guided_gradcam_ensemble_recovery_assessment.md,302,method,5. Guided Grad-CAMがsanity checkを通らなければ論文主張には使わない
docs/research_plan/2026-08-30_treeshap_guided_gradcam_ensemble_recovery_assessment.md,317,method,| 分割 | chunk単位KFold | source wav単位GroupKFold |
docs/research_plan/2026-08-30_treeshap_guided_gradcam_ensemble_recovery_assessment.md,363,next,この結果から、次は優先度が低い。
docs/research_plan/2026-08-30_treeshap_guided_gradcam_ensemble_recovery_assessment.md,375,next,- **同一情報を使う異種モデル平均**: 相補性が弱く、優先度が低い
docs/research_plan/2026-08-30_treeshap_guided_gradcam_ensemble_recovery_assessment.md,384,next,## 5. アンサンブルを勝たせるための優先施策
docs/research_plan/2026-08-30_treeshap_guided_gradcam_ensemble_recovery_assessment.md,388,next,### 5.1 最優先: 深層モデルをensemble memberとして使える強さへ戻す
docs/research_plan/2026-08-30_treeshap_guided_gradcam_ensemble_recovery_assessment.md,393,method,2. inner GroupKFoldでearly stoppingとepoch選択
docs/research_plan/2026-08-30_treeshap_guided_gradcam_ensemble_recovery_assessment.md,407,method,1. Outer GroupKFold: 最終性能評価用
docs/research_plan/2026-08-30_treeshap_guided_gradcam_ensemble_recovery_assessment.md,408,method,2. Outer train内のInner GroupKFold: base modelのOOF予測作成用
docs/research_plan/2026-08-30_treeshap_guided_gradcam_ensemble_recovery_assessment.md,415,method,現行 `inner_holdout` はouter label leakageを避けている点では改善だが、`train_test_split` がchunk単位であり、inner側ではsource groupを保っていない。ここもInner GroupKFoldへ直す必要がある。
docs/research_plan/2026-08-30_treeshap_guided_gradcam_ensemble_recovery_assessment.md,451,method,> Physics-guided RF-anchored residual ensemble  
docs/research_plan/2026-08-30_treeshap_guided_gradcam_ensemble_recovery_assessment.md,460,old_claim,- \(\hat y_{RF}\): 現在の最強モデルを基準予測にする
docs/research_plan/2026-08-30_treeshap_guided_gradcam_ensemble_recovery_assessment.md,484,old_claim,これにより、全モデルが同じ2–5 kHzから同じ熱流束を再推定する状態を避け、「主予測」と「補正情報」に役割を分けられる。
docs/research_plan/2026-08-30_treeshap_guided_gradcam_ensemble_recovery_assessment.md,492,method,- 最終独立testまで方式・閾値を固定する
docs/research_plan/2026-08-30_treeshap_guided_gradcam_ensemble_recovery_assessment.md,548,next,## 6. 「アンサンブルが良い」という結論へ科学的に到達する実験計画
docs/research_plan/2026-08-30_treeshap_guided_gradcam_ensemble_recovery_assessment.md,554,method,3. source wavを分離するGroupKFoldを維持する
docs/research_plan/2026-08-30_treeshap_guided_gradcam_ensemble_recovery_assessment.md,597,method,6. physics-guided gated residual ensemble
docs/research_plan/2026-08-30_treeshap_guided_gradcam_ensemble_recovery_assessment.md,624,next,結果を見て結論を変えるのではなく、次の分岐を事前に用意する。
docs/research_plan/2026-08-30_treeshap_guided_gradcam_ensemble_recovery_assessment.md,626,next,#### 結論A: 全体精度でensembleが勝つ
docs/research_plan/2026-08-30_treeshap_guided_gradcam_ensemble_recovery_assessment.md,628,next,希望している主結論。平均RMSEと独立実験日でRFを上回る。
docs/research_plan/2026-08-30_treeshap_guided_gradcam_ensemble_recovery_assessment.md,630,next,#### 結論B: 平均は同等だが頑健性で勝つ
docs/research_plan/2026-08-30_treeshap_guided_gradcam_ensemble_recovery_assessment.md,634,next,#### 結論C: deep seed ensembleだけが単体deepを改善する
docs/research_plan/2026-08-30_treeshap_guided_gradcam_ensemble_recovery_assessment.md,636,next,異種ensembleはRFを超えないが、深層モデルの不確実性・安定化にはensembleが有効だったと結論する。
docs/research_plan/2026-08-30_treeshap_guided_gradcam_ensemble_recovery_assessment.md,638,next,#### 結論D: RF単体が最終的に最良
docs/research_plan/2026-08-30_treeshap_guided_gradcam_ensemble_recovery_assessment.md,642,next,結論Dでも、学部研究との対比、厳密評価、XAI、残差共分散まで示せれば修士研究として十分な内容になる。
docs/research_plan/2026-08-30_treeshap_guided_gradcam_ensemble_recovery_assessment.md,688,next,### 8.4 結論候補
docs/research_plan/2026-08-30_treeshap_guided_gradcam_ensemble_recovery_assessment.md,694,next,この結論は、「アンサンブルした方がよい」という希望を満たしつつ、学部研究より一段深い主張になる。
docs/research_plan/2026-08-30_treeshap_guided_gradcam_ensemble_recovery_assessment.md,698,next,## 9. 今後の優先順位
docs/research_plan/2026-08-30_treeshap_guided_gradcam_ensemble_recovery_assessment.md,700,next,### 最優先
docs/research_plan/2026-08-30_treeshap_guided_gradcam_ensemble_recovery_assessment.md,708,next,### 次に行う
docs/research_plan/2026-08-30_treeshap_guided_gradcam_ensemble_recovery_assessment.md,720,method,13. Guided Grad-CAMを補助図として追加し、full sanity checkを行う
docs/research_plan/2026-08-30_treeshap_guided_gradcam_ensemble_recovery_assessment.md,721,method,14. Guided Grad-CAMがedge mapとほぼ同じなら主張から外す
docs/research_plan/2026-08-30_treeshap_guided_gradcam_ensemble_recovery_assessment.md,723,next,### 優先度を下げる
docs/research_plan/2026-08-30_treeshap_guided_gradcam_ensemble_recovery_assessment.md,729,method,- Guided Grad-CAMの見た目だけで物理現象を断定すること
docs/research_plan/2026-08-30_treeshap_guided_gradcam_ensemble_recovery_assessment.md,739,next,したがって、今後は「RF、AlexNet、CNN+Transformerをどういう比率で混ぜるか」から離れ、次の順番で進める。
docs/research_plan/2026-08-30_treeshap_guided_gradcam_ensemble_recovery_assessment.md,747,next,これが、希望している「アンサンブルの方が精度が高い」という結論へ到達する可能性を最大化しながら、論文としての信頼性も守る最短経路である。
docs/research_plan/2026-09-14_current_state_and_next_steps.md,1,next,# 研究の現在地と次に進める作業
docs/research_plan/2026-09-14_current_state_and_next_steps.md,3,next,> **履歴・適用範囲（2026-09-15追記）**: この文書は当時の条件・判断の記録です。本文の「現在」「次にやること」は作成時点を指します。最新の設定・完了範囲・優先順位は[研究の現在地](../research_status.md)、更新関係は[文書案内](../document_index.md)を参照してください。
docs/research_plan/2026-09-14_current_state_and_next_steps.md,5,method,現時点では、**音響から熱流束を予測する基盤を整え、データ生成と評価方法の問題を修正したうえで、「その予測で沸騰開始をどこまで捉えられるか」「判断根拠を物理的に説明できるか」を検証する段階**にある。直近の具体的な作業は、元WAV単位の評価、ONB閾値、アンサンブル重みの分割を修正し、3実験日の無雑音・22 kHz条件で再学習と説明性出力を確認することだった。この再実行は保存結果まで存在する。[^1][^2]
docs/research_plan/2026-09-14_current_state_and_next_steps.md,9,old_execution,最も注意が必要なのは、入口文書と実体の更新時期が揃っていなかった点である。従来のREADMEは9月2日実行の56/105条件を最新としていたが、それより新しい105条件の結果と、修正後の3条件の結果がローカルにある。「残り49条件の学習を再開するところ」と理解すると、すでに終わった作業を繰り返すことになる。[^1][^3]
docs/research_plan/2026-09-14_current_state_and_next_steps.md,13,next,7月24日の中間発表の実スライド4、5、12も、この流れを裏づける。説明性出力の確認、ONB近傍と検知遅れの定義、ONB向けデータ設計、元WAV・実験日・未知ノイズを分けた評価、最終比較という順序が明記されている。モデル精度の立て直しとアンサンブル実装へ時間を使い、説明性の解釈とONB専用設計が残った、と説明していた。したがって、現在残っている課題は新しく発生した別テーマではなく、中間発表で次に進めると述べた課題そのものである。[^5]
docs/research_plan/2026-09-14_current_state_and_next_steps.md,21,method,| 9月3日実行 | 3日×5周波数上限×7ノイズ条件の105条件を保存 | 全条件の結果はあるが、旧閾値・旧重み評価の注意がある |
docs/research_plan/2026-09-14_current_state_and_next_steps.md,26,method,8月の診断では、元WAVの音量に比例してノイズ振幅を決めると、水流音だけにしても元の音量情報から熱流束を予測できることが示された。現行データでは全実験共通の固定基準RMSを使い、元WAVごとの音量に比例したノイズ振幅を与える経路を除いている。さらに元WAV ID、ノイズoffset、実現SNRを保存しており、学習と検証で同じ元WAVを混在させないGroupKFoldを使えるようになった。[^6][^7]
docs/research_plan/2026-09-14_current_state_and_next_steps.md,32,next,モデルは、PCA 100成分を入力するXGBRFRegressor、log-power入力を使うCNN＋Transformer、log-power入力を使うAlexNetの3種類である。コード中の `rf` はこのXGBRFRegressorを指す。CNN＋Transformerは7 time token、埋め込み64、4 heads、FFN 256、2 blocksに固定されている。AlexNetは精度優先の大きい全結合ヘッドを残している。[^8]
docs/research_plan/2026-09-14_current_state_and_next_steps.md,43,method,| ONB閾値の出典管理 | 3実験日分を修正・一元化 | 同期した物理ONB時刻の正解ラベル |
docs/research_plan/2026-09-14_current_state_and_next_steps.md,45,method,| モデル別XAI | TreeSHAP、IG、Grad-CAM、共通マスクの出力あり | IGの数値整合性、説明の再現性・物理妥当性 |
docs/research_plan/2026-09-14_current_state_and_next_steps.md,49,method,9月3日の105条件に対する後処理は、モデルを再学習せず、保存予測を現在の閾値とWAV集約で評価し直したものである。旧学習結果のinner holdoutは元WAVを分離していないため、この後処理では `claim_safe=0` とされている。外側検証ラベルで重みを決める `val_fold_legacy` も同様である。**9月2日の古い説明にある「inner-holdoutは安全」という記載は、現在の元WAV分離基準ではそのまま採用できない。** 後処理で評価単位を直しても、重みの学習時の情報混在は取り除けない。[^2][^3]
docs/research_plan/2026-09-14_current_state_and_next_steps.md,53,method,**最新の性能はどう読めるか。** 次表は9月8日開始の3条件の保存値である。設定は無雑音、周波数上限22 kHz、300 epoch、3-fold GroupKFold。各WAV内の予測中央値を取り、全foldの学習外予測を集めてR²を計算した。06.11と06.18は各18 WAV、07.09は13 WAVである。最新18モデル条件のR²、RMSE、Recallは保存WAV予測から再計算し、CSVとの一致を確認した。[^1]
docs/research_plan/2026-09-14_current_state_and_next_steps.md,70,method,**ONBについて、まだ何が足りないか。** 9月8日に閾値が「ONB直前の点」から「ONBと確認された最初の測定点」へ修正された。出典テキストの報告値と現在の精密ラベルは次のとおりである。[^2][^10]
docs/research_plan/2026-09-14_current_state_and_next_steps.md,72,method,| 実験日 | 旧run manifestの閾値（概数） | 現在の閾値 W/m² | 実験結果テキストの報告値 |
docs/research_plan/2026-09-14_current_state_and_next_steps.md,78,method,これは表示桁の調整だけではない。沸騰・非沸騰の正解区分が変わるため、旧閾値でのRecallや「最大予測値が見逃しを減らした」という結果を現在のONB性能として流用しない。R²自体は閾値に依存しないが、WAV集約やfold集計方法の変更はR²も変える。
docs/research_plan/2026-09-14_current_state_and_next_steps.md,84,method,現在のONB近傍幅は閾値の±10%だが、保存されたWAV指標の `n_onb` は全108条件で1である。つまり、近傍RMSEを計算できても、各実験日で実質1つの録音点に対する誤差である。ONB近傍の一般的な性能を議論するには、前後の熱流束刻みを細かくし、独立した繰り返し録音を増やす必要がある。
docs/research_plan/2026-09-14_current_state_and_next_steps.md,92,old_claim,設定はzero baseline、64 stepsで、実装は生power空間からの直線補間を台形則で積分し、モデル先頭にはlog圧縮がある。この組み合わせが不一致へ寄与している可能性はあるが、原因は未確定である。代表標本で積分点数を増やしたときの収束、絶対誤差、予測差が小さいため相対誤差だけが増幅していないかを順に確認する必要がある。全件の画像を増やすより先に、少数例でこの整合性を確認する方がよい。[^12][^13]
docs/research_plan/2026-09-14_current_state_and_next_steps.md,96,old_claim,帯域マスクでは、RFは3日×3foldの9例中8例で2–5 kHzを消したときのR²低下が最大だった。一方、CNN＋Transformerでは5–10、10–15、15–22 kHzなどが最大となる例が多く、AlexNetも1–2 kHzなどへ分かれる。したがって、8月の旧資料にある「全モデルが同じ2–5 kHzを見る」という説明は、最新モデルへそのまま引き継げない。[^12]
docs/research_plan/2026-09-14_current_state_and_next_steps.md,98,method,さらに、マスクによる大幅な性能低下には、学習時に存在しなかった入力を作る影響や、帯域幅の違いも含み得る。現在の結果から言えるのは「この入力操作に予測が敏感だった」ことであり、「その周波数で特定の気泡現象を検出した」とまでは言えない。次は共通周波数gridでfull、2–5 kHzのみ、2–5 kHz除去などを再学習し、別日でも傾向が残るかを比較する必要がある。PCA TreeSHAPを元画素へ単純逆投影する案やGuided Grad-CAMは、8月30日に検討されたが、現行主経路で採用済みの成果ではない。[^14]
docs/research_plan/2026-09-14_current_state_and_next_steps.md,100,next,**今後しようとしていたことと、今回の推奨を分ける。** 資料に明記された中期計画は、ONB向けデータ設計、説明の物理妥当性確認、独立録音・実験日への一般化、各モデルの安定化、その後のアンサンブル再評価である。8月30日の検討メモには、複数seed、予測校正、非負・縮小付きstacking、RFを基準とした残差補正、物理帯域ごとの専門モデルなどの案もある。これらは将来候補であり、現在のコードは元WAV分離の1回holdoutによる重み付けまでで、提案されたnested cross-fittingや残差stackingそのものは主経路に実装されていない。[^5][^9][^14]
docs/research_plan/2026-09-14_current_state_and_next_steps.md,102,next,最後のコミットで選ばれていた直近の実行範囲は、3日・22 kHz・無雑音・300 epoch・XAI有効である。保存結果もこの条件と一致する。したがって、直前には「修正した評価方法が代表条件で機能し、どんな結論が得られるか」を見て、その結果を確認・整理するところまで進んでいた、と解釈できる。次に何をするかを厳密に指定した9月8日以後の指示文は確認できないため、以下は既存計画と今回の結果から組み立てた推奨順序である。
docs/research_plan/2026-09-14_current_state_and_next_steps.md,106,method,| 1 | 最新基準で結果を固定する | 9/3後処理105条件と9/8再実行3条件、旧・新inner holdoutの区別 | 閾値、評価単位、学習条件、主張可能範囲を表にできる |
docs/research_plan/2026-09-14_current_state_and_next_steps.md,111,next,| 6 | 単体モデルと統合方法を最終比較する | 複数seed、校正、元WAVを分けた重み学習、必要なら残差補正 | 最良単体との差と不確実性が分かり、改善しない場合も結論にできる |
docs/research_plan/2026-09-14_current_state_and_next_steps.md,117,method,最終比較で主に見るモデルは、8月のRF中心案を固定せず、現在強いCNN＋Transformerも含めて選び直す。ResNet50・VGG16を戻す案、Guided Grad-CAM追加、複雑なgateは、最新結果を確認する作業より先に必須とする根拠はない。全条件の再学習を先に増やすより、代表条件でONB失敗とXAI不整合を確認し、その後にノイズ条件や新しい統合方式へ広げる方が、現在残っている研究上の問いに直接答えられる。
docs/research_plan/2026-09-14_current_state_and_next_steps.md,119,next,先生に相談する際は、①当面のONB成果を測定点・熱流束差でまとめ、秒単位検知は同期データ取得後へ分けてよいか、②ONB前後の細かい刻み・同熱流束の反復録音・新しい実験日のどれを優先して確保するか、③アンサンブルの成否より、成立条件と物理的に妥当な根拠を修士研究の中心としてよいか、の3点が具体的である。いずれも既存の研究方針とつながっており、新手法を増やすための相談より、次の実験設計を決める相談になる。
docs/research_plan/2026-09-14_current_state_and_next_steps.md,127,old_execution;next,[^3]: [2026-09-02 selected log architecture](../../experiments/2026-09-02_selected_log_architecture/README.md)。56/105条件の旧スナップショット。最新全範囲ではなく、旧inner holdoutの主張可否は9/8の監査基準が優先する。
docs/research_plan/2026-09-14_current_state_and_next_steps.md,131,method;next,[^7]: [ノイズ増加で精度が上がる現象の調査結論](2026-08-17_noise_accuracy_reversal_investigation.md)、2026-08-17。特にP0診断、固定ノイズ統制、clean transfer。本文の学部R²/AUC表は後日の資料と表記差があるため、本メモではその旧数値を引用していない。
docs/research_plan/2026-09-14_current_state_and_next_steps.md,134,method,[^10]: [ONB閾値と原資料パス](../../code/utils/experiment/onb_thresholds.py)。原資料は各実験日の `実験結果<実験名>/<実験名>.txt` にある `heat flux of nucleate_boiling start` 行。3ファイルを実読し報告値を確認。
docs/research_plan/2026-09-14_current_state_and_next_steps.md,138,method,[^14]: [RF説明性・Guided Grad-CAM・アンサンブル再設計の総合評価](2026-08-30_treeshap_guided_gradcam_ensemble_recovery_assessment.md)、[研究の着地点とXAI・アンサンブル評価](2026-08-28_research_landing_xai_ensemble_assessment.md)。将来候補を記した資料であり、RF優位などの当時の前提は最新結果と分けて参照。
docs/research_plan/2026-09-14_execution_policy_and_generalization_design.md,3,next,> **履歴・適用範囲（2026-09-15追記）**: この文書は当時の条件・判断の記録です。本文の「現在」「次にやること」は作成時点を指します。最新の設定・完了範囲・優先順位は[研究の現在地](../research_status.md)、更新関係は[文書案内](../document_index.md)を参照してください。
docs/research_plan/2026-09-14_execution_policy_and_generalization_design.md,7,next,2026年9月14日の方針確認では、モデル比較、ノイズ生成の修正、元WAVを分離する学習・検証、log-power入力への改善、chunkと元WAVの両評価の整備までを完了済みの前提とした。今後はこれらの作業をやり直す計画へ戻さず、現在の基盤で結果を出し、次の研究課題へ進む。
docs/research_plan/2026-09-14_execution_policy_and_generalization_design.md,9,old_execution,今週の発表では、現行ONBコードの全対象条件を実行し、ノイズ強度を変えたときの予測性能と説明性の出力を示す。対象は明示的な選択により、2025.06.11と2025.06.18の2実験日、5周波数上限、7ノイズ条件、合計70条件とする。07.09は今回は有効化しない。学習の起動はコード修正の完了後に本人が行う。今回の作業では学習を起動していない。
docs/research_plan/2026-09-14_execution_policy_and_generalization_design.md,28,method,"    ""metrics"": [""r2"", ""roc_auc_cont"", ""auc_binary""],"
docs/research_plan/2026-09-14_execution_policy_and_generalization_design.md,36,method,R²のほかにAUCを2種類出す。`roc_auc_cont` は予測熱流束を連続スコアとして使うROC-AUC、`auc_binary` は予測を閾値で二値化した卒論互換の参考値である。図の縦軸名とファイル名でも区別する。
docs/research_plan/2026-09-14_execution_policy_and_generalization_design.md,46,method,    chunk_fold_mean_roc_auc_cont.png / .pdf / .csv
docs/research_plan/2026-09-14_execution_policy_and_generalization_design.md,47,method,    chunk_fold_mean_auc_binary.png / .pdf / .csv
docs/research_plan/2026-09-14_execution_policy_and_generalization_design.md,49,method,    wav_median_roc_auc_cont.png / .pdf / .csv
docs/research_plan/2026-09-14_execution_policy_and_generalization_design.md,50,method,    wav_median_auc_binary.png / .pdf / .csv
docs/research_plan/2026-09-14_execution_policy_and_generalization_design.md,57,old_claim,未知条件への評価は**今回は未実装**であり、次の案を検討してから実装の可否を決める。
docs/research_plan/2026-09-14_execution_policy_and_generalization_design.md,88,method,`leave_one_day_out` では、対象実験日を順番にテスト側へ回す。3日指定なら2日で学習・1日で評価、2日指定なら1日で学習・もう1日で評価する。現在の `run.folds` は日内GroupKFold用とし、日ごとの外側分割数は指定した実験日数から決める。PCA、目的変数scaler、重みの選択は学習日に閉じ、テスト日の正解は指標計算だけに使う。
docs/research_plan/2026-09-14_execution_policy_and_generalization_design.md,90,method,ONB判定の正解には評価対象日の出典付き閾値を使う。これは保存データに対する研究上の評価であり、未知の実験日に事前情報なしで閾値を決定できたという意味ではない。実運用の閾値決定は別の研究課題として区別する。
docs/research_plan/2026-09-14_execution_policy_and_generalization_design.md,96,old_execution,今回の検証は作図用5件を含む24テスト、実データ7ノイズ条件からの6図出力、70条件の存在確認である。一般化評価のコード追加、本学習、説明手法の変更は行っていない。
docs/research_plan/2026-09-14_result_layout_and_generalization.md,3,old_execution;next,> **履歴・適用範囲（2026-09-15追記）**: この文書は当時の条件・判断の記録です。本文の「現在」「次にやること」は作成時点を指します。最新の設定・完了範囲・優先順位は[研究の現在地](../research_status.md)、更新関係は[文書案内](../document_index.md)を参照してください。 本文の6条件・3方式は当日の保存試行です。その後の現行設定は7条件・2方式へ変更されました。
docs/research_plan/2026-09-14_result_layout_and_generalization.md,9,old_execution,直近の試行は06.11の1実験日、3 kHzと22 kHz、無雑音・reference SNR 0・−20の6条件で、300 epochs・元WAV分離3-foldの評価と説明性出力が保存されていた。保存時のrun hashは `a85021`。
docs/research_plan/2026-09-14_result_layout_and_generalization.md,11,old_execution,現在のONB設定もこの6条件であり、本人が試行用に絞った選択を維持した。当初の発表用70条件へ戻す場合は、06.18、5/10/15 kHz、−4/−8/−12/−16を有効にする。07.09は追加していない。
docs/research_plan/2026-09-14_result_layout_and_generalization.md,13,old_execution;method,保存時の主方式はsimple_equalだが、現在の主方式はinner_holdoutで、作図はallに設定されている。保存結果にはsimple_equal・prediction_max・inner_holdoutの全方式が含まれているため、主方式の表示選択だけの変更を理由に再学習しないよう照合する。現在の6条件では、学習関数と配列読込関数を呼ぶと例外になる検証を行い、全条件が完了済みとして再利用されることを確認した。
docs/research_plan/2026-09-14_result_layout_and_generalization.md,27,method,      prediction_max/
docs/research_plan/2026-09-14_result_layout_and_generalization.md,28,method,      inner_holdout/
docs/research_plan/2026-09-14_result_layout_and_generalization.md,36,method,各ノイズの評価完了時に、同じ周波数の保存済み指標を集めて曲線を更新する。各方式で単体3モデルとアンサンブルの4本を表示する。chunk/WAVの2単位、R²・連続ROC-AUC・二値化後AUCの3指標を分ける。現在のall設定では、2周波数×3方式×2単位×3指標＝36図を、それぞれPNG・PDF・数値CSVで保存した。
docs/research_plan/2026-09-14_result_layout_and_generalization.md,60,method,既定値は従来方式。別日評価を使う場合は `data.experiment_names` に2日以上が必要で、1日しか有効でなければ学習前に具体的なエラーを出す。2日指定なら一方で学習・他方で評価し、役割を交換する。3日なら2日で学習・1日で評価する。`run.folds` は日内GroupKFold用で、別日評価では評価日ごとに1分割となる。
docs/research_plan/2026-09-14_result_layout_and_generalization.md,66,method,別日評価のONB指標には評価対象日の登録済み閾値を用いる。これは未知日に自動でONB閾値を決める機能を実装したという意味ではない。評価ラベルで重みを決めるval_fold_legacyは一般化評価で使用できない。
docs/research_plan/2026-09-14_result_layout_and_generalization.md,81,next,chunkと元WAVの評価は4方針すべてで同じ予測から保存する。別日評価の1日分から日間の標準誤差は推定できないため、ノイズ曲線には誤差棒を付けない。従来の汎用集計CSVでは単一foldのSE欄は0になるが、これは不確かさが0という意味ではない。日間のばらつきは複数の評価日の結果を使って今後評価する。
docs/research_plan/2026-09-14_result_layout_and_generalization.md,92,method,| inner_holdoutアンサンブル | 0.9596 | 0.9298 | 0.9390 |
docs/research_plan/2026-09-14_result_layout_and_generalization.md,96,method,3 kHz・22 kHzのWAV中央値による連続ROC-AUCは、単体3モデルとinner_holdoutの全点で1.0。一方、二値化後AUCには0.9375と1.0の差がある。前者は正例・負例の予測順位、後者は登録閾値で二値化した判定に対応するため、R²低下や閾値近傍の誤判定と両立する。AUCが水平なことを作図不具合とは判断しない。
docs/research_plan/2026-09-14_result_layout_and_generalization.md,105,old_execution,- 実際の06.11/06.18・全70条件のmetadataで、4方針の分割とノイズ間対応を確認した。両日18 WAVで、全評価chunkは各条件で一度ずつ評価側へ割り当てられる。
docs/research_plan/2026-09-14_result_layout_and_generalization.md,106,old_execution,- 保存済み6条件は学習・配列読込0回で再開し、新保存先へ36図を出力して目視確認した。
docs/research_plan/2026-09-14_result_layout_and_generalization.md,108,old_execution,検証記録・見本は [experiments/2026-09-14_generalization_and_layout](../../experiments/2026-09-14_generalization_and_layout/README.md)。実研究データでの一般化評価の本学習、300 epochの再学習、70条件の本実行は今回起動していない。
docs/research_plan/2026-09-15_master_thesis_hypothesis.md,1,next,# 本人が目指す修士研究の結論と、その確かめ方
docs/research_plan/2026-09-15_master_thesis_hypothesis.md,3,next,記録日: **2026-09-15**。この日の本人の明示指示を記録する。AIが新たに決めた目標ではなく、今後の研究判断で参照する本人の希望・研究仮説。
docs/research_plan/2026-09-15_master_thesis_hypothesis.md,7,next,- 学部研究で得た「ノイズの増加に伴って予測・検知性能は基本的に低下するが、アンサンブルによって低下を抑えられる」という結論を、修士研究でも発展させたい。
docs/research_plan/2026-09-15_master_thesis_hypothesis.md,9,next,- 理想の結論は、**単体モデルの異なる特徴利用・誤りを組み合わせることで、ノイズに対する性能低下を抑え、アンサンブルがノイズ耐性の強化に有効であると示すこと**。
docs/research_plan/2026-09-15_master_thesis_hypothesis.md,32,next,これは学部の観察を残し、主張の適用条件を明確にする進め方。学部の絶対値や有意性を現行評価の証拠として無条件に引き継ぐこととは分ける。希望する結論を仮説として持つことと、結果を確定事項として扱うことも分ける。
docs/research_plan/2026-09-15_master_thesis_hypothesis.md,34,method,今回の3 kHzでは、CNN＋Transformerに対する強ノイズ下の統合効果を支持する結果が得られた。一方、RFの横ばい、AUCで劣化しない例、22 kHzでの回復があり、普遍的な単調劣化や全指標での統合優位は未確認。[今回の分析と図表](../../experiments/2026-09-15_onb_frequency_comparison/analysis.md)を根拠とする。
docs/research_plan/2026-09-15_master_thesis_hypothesis.md,36,next,## 今後の判断の原則
docs/research_plan/2026-09-18_xai_progress_brief.md,9,method,> 学部で観察したノイズによる劣化とアンサンブルによる劣化抑制が、どの条件で成立するかを調べている。3 kHzではCNNのR²が概ね低下し、inner holdoutは5/7条件で最良単体を上回った。22 kHzにも劣化と補完があるが、途中の回復が大きい。RFは両帯域でほぼ横ばいであり、帯域内SNRとマスク依存の違いが手がかりとなった。一方、回帰の統合改善はONB検知の改善と一致せず、IGの不整合も両帯域に残る。今回の結果と原因を確かめるための比較を分けて報告する。
docs/research_plan/2026-09-18_xai_progress_brief.md,16,method,| 2 | [卒論と現在のchunk R²・二値AUC](../../experiments/2026-09-15_onb_frequency_comparison/chunk_comparison/thesis_chunk_comparison.png) | 指標定義・集計を揃えても曲線は異なる。分割・モデル・データ・ノイズ定義は変わっている |
docs/research_plan/2026-09-18_xai_progress_brief.md,20,method,| 6 | [説明性の役割と検算](../../experiments/2026-09-15_onb_frequency_comparison/analysis.md) §6 | SHAPはPCA成分、IGは予測差、CAMは粗い局在。IGは420/420で不整合。安定した画像と数値的な正しさは別 |
docs/research_plan/2026-09-18_xai_progress_brief.md,21,old_claim;next,| 7 | 結論・相談 | 劣化抑制は条件付きで支持。回復の原因は未確定。複数seed・clean転送・共通周波数grid、IG少数例の収束、新実験の順序を相談 |
docs/research_plan/2026-09-18_xai_progress_brief.md,33,method;next,> 1実験日・22 kHzの7ノイズ条件について、予測性能と説明性を整理した。CNN＋Transformerは多くの条件で高精度で、統合が改善する条件もあった。説明性ではRFの2–5 kHzへの依存が一貫し、深層モデルは異なる帯域依存を示した。一方、IGには数値整合性の課題が残るため、今回は共通マスクと診断を中心に、結果から言えることと今後確認することを分けて報告する。
docs/research_plan/2026-09-18_xai_progress_brief.md,41,next,- 各ノイズで学習して同じ条件で評価。別日・未知ノイズの一般化は今後の課題。
docs/research_plan/2026-09-18_xai_progress_brief.md,83,method,| IG | 210/210例で相対不一致0.05超 | 寄与量の解釈は未確定 |
docs/research_plan/2026-09-18_xai_progress_brief.md,89,next,### 6. 結論と発表後の相談
docs/research_plan/2026-09-18_xai_progress_brief.md,92,method,- 深層モデルのマスク応答とIGの整合性は追加検証が必要。
docs/research_plan/2026-09-18_xai_progress_brief.md,93,method,- ONBについては全35組でROC-AUC=1.0でも、32組が最初の点を見逃す。
docs/research_plan/2026_annual_plan.md,1,next,# 2026年度の研究目標と年間計画
docs/research_plan/2026_annual_plan.md,5,next,## 目標の根拠と優先関係
docs/research_plan/2026_annual_plan.md,7,next,| 根拠 | 読み取れる本人の目標・方針 |
docs/research_plan/2026_annual_plan.md,15,old_claim,8/28・8/30のAI作成メモにある「RFを主軸」「ONBを副評価へ」「モデル候補を大量追加」は、その時点の結果からの**提案**である。本人の最新希望や研究指導計画に代わる確定方針として扱わない。過去スレッド本文を直接照会した記録はなく、ローカル文書・原資料・Git履歴を参照した。
docs/research_plan/2026_annual_plan.md,19,next,### 修論へ向けて優先して揃える成果（提案）
docs/research_plan/2026_annual_plan.md,24,next,- 日内評価と条件変更時の評価を分け、検証した範囲で結論を出す。
docs/research_plan/2026_annual_plan.md,32,next,アンサンブルが単体より安定することも検証対象に残す。ただし、改善を必ず得るという結論を先に置かず、精度・ONB性能・ノイズ下の安定性のどこに効果があるかを調べる。
docs/research_plan/2026_annual_plan.md,47,method,| 9/1〜9/14（実績） | 105条件、WAV評価・ONB閾値・inner分割の修正、代表再実行、一般化4方針の実装 | 保存済み結果と検証記録。本実験による一般化は残る |
docs/research_plan/2026_annual_plan.md,62,next,3. 同一条件の独立反復、新しい日、異なるサブクール度/細線条件の優先順位。
docs/research_plan/2026_annual_plan.md,63,next,4. アンサンブルの評価目標。全域RMSE、ONB見逃し、ノイズ下安定性のどれを改善対象にするか。
docs/research_plan/2026_annual_plan.md,70,next,研究背景・ONBの問い → データと評価設計 → 3モデルの回帰/ONB結果 → 説明性と物理的解釈 → 条件変更・追加実験 → アンサンブルの効果と限界 → 結論。
docs/research_status.md,1,next,# 研究の現在地と次にすること
docs/research_status.md,9,next,**本人が9月15日に指定した優先順位**:
docs/research_status.md,17,next,**本人の追加希望**: 学部で観察した「ノイズで基本的に性能が低下し、統合で低下を抑えられる」という結論を修士研究で発展させたい。全帯域で同じ傾向でも異なる傾向でも、その原因を説明したい。[本人の背景・理想の結論・検証方針](research_plan/2026-09-15_master_thesis_hypothesis.md)に記録した。今回の比較は本人の回答により完了済み06.11の2帯域に限定し、進行中runは対象外。
docs/research_status.md,24,method,| 現在の統合方式 | `simple_equal` と `inner_holdout`、主表示は後者 | `prediction_max` は9/14最終コミットで削除済み。過去CSVの値だけ残る |
docs/research_status.md,27,old_execution,| 9/14試行 | 06.11、3/22 kHz、無雑音・reference SNR 0/−20 | **6条件出力済み**。過去runとの比較用。最新7条件と数値を混ぜない |
docs/research_status.md,28,method,| 9/8再実行 | 3実験日、22 kHz、無雑音 | **3条件出力済み**。修正閾値・元WAV分離inner holdout・WAV評価・XAI |
docs/research_status.md,30,old_execution,| 9/2記録 | 56/105条件完了のスナップショット | 過去の中断記録。「残り49条件を今から再開する」という意味ではない |
docs/research_status.md,31,old_execution,| 9/14時点の発表用計画 | 06.11/06.18×5周波数×7ノイズ | **70条件への拡張計画**。修正後の70条件完了は未確認。金曜の準備を止める前提条件にはしない |
docs/research_status.md,44,method,| 評価 | 元WAV分離、修正ONB閾値、chunk/WAV両評価、ONB測定点遷移 | 秒単位の早期検知、近傍の独立反復、運用時の閾値 |
docs/research_status.md,45,method,| 説明性 | TreeSHAP、IG、Grad-CAM、共通帯域/時間マスク、安定性・最終層ランダム化を出力 | IG整合性、モデル間比較、物理現象との対応 |
docs/research_status.md,55,method,- **回帰改善とONB改善は別**。両帯域70組すべてでWAV連続ROC-AUC=1・誤警報0。3 kHzは31/35、22 kHzは32/35で最初のONB点を見逃す。3 kHzの両統合方式は全ノイズで見逃す。二値AUCは0.9375または1。卒論とAUC定義・chunk集計を揃えても傾向の差は残る。
docs/research_status.md,56,old_claim,- **周波数差の具体的な手がかり**。54区間の元波形診断でreference −20時の帯域内SNR中央値は2–3 kHzで+4.05 dB、10–15 kHzで−35.18 dB。3/22 kHzを共に224列へ変換するため、帯域と画像上の模様の細かさが同時に変わる。22 kHz回復のモデル内部の原因は未確定。
docs/research_status.md,58,old_claim;method,- **IGは両帯域420/420例で数値不一致**。生powerのゼロbaseline・64分割積分・log変換の組合せが原因候補。原因確定・修正は未実施。TreeSHAP再構成の絶対誤差中央値は3 kHzで0.249、22 kHzで0.262 W/m²。
docs/research_status.md,71,old_claim;method,| 4 | **集計済み**: IG・TreeSHAPの整合性、安定性、ランダム化 | 数値整合、摂動への安定、モデルへの依存を分離。IGの原因確定・修正は残る |
docs/research_status.md,80,next,2. **新しい実験の準備と予約**: ONB前後の細かい刻み、同条件の独立反復、新しい実験日を優先候補にする。設備や可能日程は本人・先生と決める。
docs/research_status.md,82,method,4. **XAIの信頼性と帯域の役割を詰める**: IG整合性を確認し、共通周波数gridの帯域保持/除去・再学習を必要な範囲で行う。
docs/storage_cleanup_2026-06-22.md,3,next,> **履歴・適用範囲（2026-09-15追記）**: この文書は当時の条件・判断の記録です。本文の「現在」「次にやること」は作成時点を指します。最新の設定・完了範囲・優先順位は[研究の現在地](research_status.md)、更新関係は[文書案内](document_index.md)を参照してください。 削除済みの履歴であり、現在のデータを削除する指示ではありません。
experiments/2026-06-15_alexnet_ensemble_smoke.md,3,next,> **履歴・適用範囲（2026-09-15追記）**: この文書は当時の条件・判断の記録です。本文の「現在」「次にやること」は作成時点を指します。最新の設定・完了範囲・優先順位は[研究の現在地](../docs/research_status.md)、更新関係は[文書案内](../docs/document_index.md)を参照してください。
experiments/2026-06-15_alexnet_ensemble_smoke.md,11,method,- `cnntf_v1`: CNN+Transformer + AttentionPooling。前回の500 epoch実行では、CNN+Transformer系の中でR2、RMSE、ROC-AUC、PR-AUC、F1が高かった。
experiments/2026-06-15_alexnet_ensemble_smoke.md,33,method,| model | R2 | RMSE all | MAE all | RMSE ONB | ROC-AUC cont | PR-AUC cont | Accuracy | Precision | Recall | F1 |
experiments/2026-06-15_rf_3models_baseline.md,3,next,> **履歴・適用範囲（2026-09-15追記）**: この文書は当時の条件・判断の記録です。本文の「現在」「次にやること」は作成時点を指します。最新の設定・完了範囲・優先順位は[研究の現在地](../docs/research_status.md)、更新関係は[文書案内](../docs/document_index.md)を参照してください。
experiments/2026-06-15_rf_3models_baseline.md,20,method,"- 分割: `KFold(n_splits=5, shuffle=True, random_state=42)`"
experiments/2026-06-15_rf_3models_baseline.md,33,method,| model | R2 | RMSE all | MAE all | RMSE ONB | ROC-AUC cont | PR-AUC cont | Accuracy | Precision | Recall | F1 |
experiments/2026-06-15_rf_3models_baseline.md,42,method,- RF単体は通常設定で完走し、同一条件内ランダムKFoldでは全体R2と連続スコアAUCが高い。
experiments/2026-06-15_rf_3models_baseline.md,44,method,- 単純平均アンサンブルは、連続スコアROC-AUC/PR-AUCではRF単体とほぼ同等だが、R2、RMSE、Recall、F1はRF単体より悪化した。
experiments/2026-06-15_rf_3models_baseline.md,50,method,- 現状はno_noiseのみ、かつランダムKFoldであり、汎化性能や高ノイズ頑健性は未確認。
experiments/2026-06-15_rf_3models_baseline.md,51,method,- 単純平均では弱いモデルの影響を受けるため、固定重み、RF重視重み、inner_holdout重みを比較する必要がある。
experiments/2026-06-15_rf_3models_baseline.md,54,next,## 次に試すこと
experiments/2026-06-15_rf_3models_baseline.md,57,method,- `WEIGHT_STRATEGY=inner_holdout` を試し、検証foldを見ない重み決定で改善するか確認する。
experiments/2026-06-15_rf_3models_baseline.md,69,next,この実験の3モデル構成は `rf / cnntf_v1 / cnntf_v2` だったが、`cnntf_v2` は全体性能が弱く、`cnntf_v1` とモデル種別も近かった。そのため、現在の実行構成は `rf / cnntf_v1 / alexnet` に変更した。今後の固定重み例は、旧 `cnntf_v2` ではなく `alexnet` に読み替える。
experiments/2026-06-16_parameter_tuning_summary.md,3,next,> **履歴・適用範囲（2026-09-15追記）**: この文書は当時の条件・判断の記録です。本文の「現在」「次にやること」は作成時点を指します。最新の設定・完了範囲・優先順位は[研究の現在地](../docs/research_status.md)、更新関係は[文書案内](../docs/document_index.md)を参照してください。
experiments/2026-06-16_parameter_tuning_summary.md,12,next,- Aggregation rule: use the latest complete result for each `parameter_set`; ignore the interrupted partial `20260615_ep500_k_lr0p00005_bs32_simple_3m`.
experiments/2026-06-16_parameter_tuning_summary.md,16,method,| target | best condition | R2 | RMSE all | RMSE ONB | ROC-AUC cont | F1 |
experiments/2026-06-16_parameter_tuning_summary.md,29,method,| ensemble setting | R2 | RMSE all | RMSE ONB | ROC-AUC cont | F1 |
experiments/2026-06-17_legacy_val_fold_analysis.md,3,next,> **履歴・適用範囲（2026-09-15追記）**: この文書は当時の条件・判断の記録です。本文の「現在」「次にやること」は作成時点を指します。最新の設定・完了範囲・優先順位は[研究の現在地](../docs/research_status.md)、更新関係は[文書案内](../docs/document_index.md)を参照してください。
experiments/2026-06-17_legacy_val_fold_analysis.md,18,method,| model | R2 | RMSE all | RMSE ONB | AUC binary | ROC-AUC cont | F1 |
experiments/2026-06-17_legacy_val_fold_analysis.md,41,method,"- RandomForest remains the strongest model for heat-flux regression in this condition. It has the best R2, RMSE all, RMSE ONB, binary AUC, and F1."
experiments/2026-06-17_legacy_val_fold_analysis.md,43,method,"- The ensemble ROC-AUC continuous is almost identical to RF and slightly higher numerically (`0.9690` vs `0.9688`), but regression and binary detection metrics are lower than RF. This means the ranking of boiling/non-boiling samples is preserved, while thresholded heat-flux accuracy is not improved."
experiments/2026-06-29_cnn_transformer_axis_compare.md,3,next,> **履歴・適用範囲（2026-09-15追記）**: この文書は当時の条件・判断の記録です。本文の「現在」「次にやること」は作成時点を指します。最新の設定・完了範囲・優先順位は[研究の現在地](../docs/research_status.md)、更新関係は[文書案内](../docs/document_index.md)を参照してください。
experiments/2026-06-29_cnn_transformer_axis_compare.md,34,next,   軸だけでは説明できず、学習設定、出力スケール、EarlyStopping、モデル容量、または旧構造との差を次に調べる。
experiments/2026-06-29_cnn_transformer_timefix_compare.md,3,next,> **履歴・適用範囲（2026-09-15追記）**: この文書は当時の条件・判断の記録です。本文の「現在」「次にやること」は作成時点を指します。最新の設定・完了範囲・優先順位は[研究の現在地](../docs/research_status.md)、更新関係は[文書案内](../docs/document_index.md)を参照してください。
experiments/2026-06-29_cnn_transformer_timefix_compare.md,50,next,- parameter set: `lr0p0001_bs48`
experiments/2026-06-29_cnn_transformer_timefix_compare.md,55,method,- ROC-AUC continuous: `0.9821`
experiments/2026-06-29_cnn_transformer_timefix_compare.md,56,method,- PR-AUC continuous: `0.9902`
experiments/2026-06-29_cnn_transformer_timefix_compare.md,62,next,- parameter set: `lr0p0001_bs64`
experiments/2026-06-29_cnn_transformer_timefix_compare.md,70,next,"- `lr0p0001_bs48`: R2 `-5.0092`, RMSE `580957.4432`"
experiments/2026-06-29_cnn_transformer_timefix_compare.md,71,next,"- `lr0p0001_bs64`: R2 `-45.7033`, RMSE `1446782.0786`"
experiments/2026-06-29_conformer_cleanup.md,3,next,> **履歴・適用範囲（2026-09-15追記）**: この文書は当時の条件・判断の記録です。本文の「現在」「次にやること」は作成時点を指します。最新の設定・完了範囲・優先順位は[研究の現在地](../docs/research_status.md)、更新関係は[文書案内](../docs/document_index.md)を参照してください。
experiments/2026-06-29_conformer_full_evaluation.md,3,next,> **履歴・適用範囲（2026-09-15追記）**: この文書は当時の条件・判断の記録です。本文の「現在」「次にやること」は作成時点を指します。最新の設定・完了範囲・優先順位は[研究の現在地](../docs/research_status.md)、更新関係は[文書案内](../docs/document_index.md)を参照してください。
experiments/2026-06-29_conformer_full_evaluation.md,41,method,| model | R2 | RMSE all | MAE all | ONB RMSE | ROC-AUC cont | PR-AUC cont | F1 |
experiments/2026-06-29_conformer_full_evaluation.md,47,method,| fold | R2 | RMSE all | ONB RMSE | AUC binary | ROC-AUC cont | F1 |
experiments/2026-06-29_conformer_full_evaluation.md,97,method,  ROC-AUC and PR-AUC are high.
experiments/2026-06-29_conformer_full_evaluation.md,119,method,4. ROC-AUC / PR-AUC continuous
experiments/2026-06-29_v2_pooling_legacy_compare.md,3,next,> **履歴・適用範囲（2026-09-15追記）**: この文書は当時の条件・判断の記録です。本文の「現在」「次にやること」は作成時点を指します。最新の設定・完了範囲・優先順位は[研究の現在地](../docs/research_status.md)、更新関係は[文書案内](../docs/document_index.md)を参照してください。
experiments/2026-06-29_v2_pooling_legacy_compare.md,36,next,   モデル構造よりも、学習条件、出力スケール、EarlyStopping、またはラベル/入力前処理側を優先して調べる。
experiments/2026-06-29_v2_pooling_legacy_compare.md,40,method,"ROC-AUCやPR-AUCが高くても、予測値の絶対スケールがずれるとONB閾値判定は崩れる。結果を見るときは `R2`, `RMSE`, `ONB RMSE`, `pred positive rate`, fold間の予測スケールを合わせて確認する。"
experiments/2026-06-29_v2d256_confirm.md,3,next,> **履歴・適用範囲（2026-09-15追記）**: この文書は当時の条件・判断の記録です。本文の「現在」「次にやること」は作成時点を指します。最新の設定・完了範囲・優先順位は[研究の現在地](../docs/research_status.md)、更新関係は[文書案内](../docs/document_index.md)を参照してください。
experiments/2026-06-29_v2d256_confirm.md,42,method,| parameter_set | R2 | RMSE all | MAE all | ONB RMSE | ROC-AUC cont | PR-AUC cont | F1 |
experiments/2026-06-29_v2d256_confirm.md,44,next,| `lr0p0001_bs48` | 0.7111 | 140314.1 | 107467.4 | 48112.3 | 0.9788 | 0.9887 | 0.7471 |
experiments/2026-06-29_v2d256_confirm.md,45,next,| `lr0p0001_bs64` | 0.7737 | 126715.5 | 99832.5 | 74002.5 | 0.9751 | 0.9872 | 0.8237 |
experiments/2026-06-29_v2d256_v1_lrbs_compare.md,3,next,> **履歴・適用範囲（2026-09-15追記）**: この文書は当時の条件・判断の記録です。本文の「現在」「次にやること」は作成時点を指します。最新の設定・完了範囲・優先順位は[研究の現在地](../docs/research_status.md)、更新関係は[文書案内](../docs/document_index.md)を参照してください。
experiments/2026-06-29_v2d256_v1_lrbs_compare.md,44,method,| parameter_set | R2 | RMSE all | MAE all | ONB RMSE | ROC-AUC cont | PR-AUC cont | F1 |
experiments/2026-07-02_conformer_20260701_full_result_analysis.md,3,next,> **履歴・適用範囲（2026-09-15追記）**: この文書は当時の条件・判断の記録です。本文の「現在」「次にやること」は作成時点を指します。最新の設定・完了範囲・優先順位は[研究の現在地](../docs/research_status.md)、更新関係は[文書案内](../docs/document_index.md)を参照してください。
experiments/2026-07-02_conformer_20260701_full_result_analysis.md,48,method,| experiment | n | mean R2 | median R2 | mean RMSE | mean ONB RMSE | mean F1 | mean ROC-AUC | best R2 | best F1 | best ONB RMSE |
experiments/2026-07-02_conformer_20260701_full_result_analysis.md,56,method,| max frequency | n | mean R2 | mean RMSE | mean ONB RMSE | mean F1 | mean ROC-AUC |
experiments/2026-07-02_conformer_20260701_full_result_analysis.md,67,method,| noise | n | mean R2 | mean RMSE | mean ONB RMSE | mean F1 | mean ROC-AUC |
experiments/2026-07-02_conformer_20260701_full_result_analysis.md,81,method,| experiment | max frequency | noise | R2 | RMSE | ONB RMSE | F1 | ROC-AUC |
experiments/2026-07-02_conformer_20260701_full_result_analysis.md,89,method,| experiment | max frequency | noise | F1 | R2 | RMSE | ONB RMSE | ROC-AUC |
experiments/2026-07-02_conformer_20260701_full_result_analysis.md,97,method,| experiment | max frequency | noise | ONB RMSE | R2 | RMSE | F1 | ROC-AUC |
experiments/2026-07-02_conformer_20260701_full_result_analysis.md,141,method,4. Continuous ROC-AUC can be misleading here.
experiments/2026-07-02_conformer_20260701_full_result_analysis.md,142,method,"   ROC-AUC is frequently near 1.0, but many folds are nearly all-positive under"
experiments/2026-07-02_conformer_20260701_full_result_analysis.md,164,method,"4. Compare fixed-threshold predicted-positive rate, not only R2/F1/ROC-AUC."
experiments/2026-07-02_conformer_architecture_loop.md,3,next,> **履歴・適用範囲（2026-09-15追記）**: この文書は当時の条件・判断の記録です。本文の「現在」「次にやること」は作成時点を指します。最新の設定・完了範囲・優先順位は[研究の現在地](../docs/research_status.md)、更新関係は[文書案内](../docs/document_index.md)を参照してください。
experiments/2026-07-02_conformer_architecture_loop.md,42,method,| group | parameter_set | R2 | RMSE all | RMSE ONB | ROC-AUC cont | F1 |
experiments/2026-07-02_v1_frequency_token_hypothesis.md,3,next,> **履歴・適用範囲（2026-09-15追記）**: この文書は当時の条件・判断の記録です。本文の「現在」「次にやること」は作成時点を指します。最新の設定・完了範囲・優先順位は[研究の現在地](../docs/research_status.md)、更新関係は[文書案内](../docs/document_index.md)を参照してください。
experiments/2026-07-02_v1_frequency_token_hypothesis.md,65,method,| parameter_set | mean R2 | mean RMSE all | mean ONB RMSE | mean ROC-AUC cont | mean PR-AUC cont | mean Acc | mean F1 |
experiments/2026-07-02_v1_lrbs_tuning.md,3,next,> **履歴・適用範囲（2026-09-15追記）**: この文書は当時の条件・判断の記録です。本文の「現在」「次にやること」は作成時点を指します。最新の設定・完了範囲・優先順位は[研究の現在地](../docs/research_status.md)、更新関係は[文書案内](../docs/document_index.md)を参照してください。
experiments/2026-07-02_v1_no_early_stopping_repro.md,3,next,> **履歴・適用範囲（2026-09-15追記）**: この文書は当時の条件・判断の記録です。本文の「現在」「次にやること」は作成時点を指します。最新の設定・完了範囲・優先順位は[研究の現在地](../docs/research_status.md)、更新関係は[文書案内](../docs/document_index.md)を参照してください。
experiments/2026-07-02_v1_v2_rf_control_analysis.md,3,next,> **履歴・適用範囲（2026-09-15追記）**: この文書は当時の条件・判断の記録です。本文の「現在」「次にやること」は作成時点を指します。最新の設定・完了範囲・優先順位は[研究の現在地](../docs/research_status.md)、更新関係は[文書案内](../docs/document_index.md)を参照してください。
experiments/2026-07-06_explainability_implementation.md,3,next,> **履歴・適用範囲（2026-09-15追記）**: この文書は当時の条件・判断の記録です。本文の「現在」「次にやること」は作成時点を指します。最新の設定・完了範囲・優先順位は[研究の現在地](../docs/research_status.md)、更新関係は[文書案内](../docs/document_index.md)を参照してください。
experiments/2026-07-06_fixed_ensemble_full_grid.md,3,next,> **履歴・適用範囲（2026-09-15追記）**: この文書は当時の条件・判断の記録です。本文の「現在」「次にやること」は作成時点を指します。最新の設定・完了範囲・優先順位は[研究の現在地](../docs/research_status.md)、更新関係は[文書案内](../docs/document_index.md)を参照してください。
experiments/2026-07-06_model_cleanup_after_v2gap_recovery.md,3,next,> **履歴・適用範囲（2026-09-15追記）**: この文書は当時の条件・判断の記録です。本文の「現在」「次にやること」は作成時点を指します。最新の設定・完了範囲・優先順位は[研究の現在地](../docs/research_status.md)、更新関係は[文書案内](../docs/document_index.md)を参照してください。
experiments/2026-07-06_v2gap_5fold_candidates.md,3,next,> **履歴・適用範囲（2026-09-15追記）**: この文書は当時の条件・判断の記録です。本文の「現在」「次にやること」は作成時点を指します。最新の設定・完了範囲・優先順位は[研究の現在地](../docs/research_status.md)、更新関係は[文書案内](../docs/document_index.md)を参照してください。
experiments/2026-07-06_v2gap_5fold_candidates.md,15,next,- `r2_best_lr0p001_bs12`: highest overall 3-fold R2
experiments/2026-07-06_v2gap_5fold_candidates.md,16,next,- `balanced_lr0p0005_bs32`: strong R2 with the smallest fold variation among
experiments/2026-07-06_v2gap_5fold_candidates.md,18,next,- `r2_onb_lr0p0005_bs12`: high overall R2 with better high-heat-flux behavior
experiments/2026-07-06_v2gap_5fold_candidates.md,38,method,- continuous ROC-AUC and PR-AUC
experiments/2026-07-06_v2gap_fixed_param_full_grid_with_xai_hook.md,3,next,> **履歴・適用範囲（2026-09-15追記）**: この文書は当時の条件・判断の記録です。本文の「現在」「次にやること」は作成時点を指します。最新の設定・完了範囲・優先順位は[研究の現在地](../docs/research_status.md)、更新関係は[文書案内](../docs/document_index.md)を参照してください。
experiments/2026-07-06_v2gap_fixed_param_full_grid_with_xai_hook.md,57,next,"- parameter sets: `[""lr0p0005_bs32""]`"
experiments/2026-07-06_v2gap_fixed_param_full_grid_with_xai_hook.md,59,next,- result directory: `20260706_v2gap_lr0p0005_bs32_full_grid`
experiments/2026-07-06_v2gap_full_condition_grid.md,3,next,> **履歴・適用範囲（2026-09-15追記）**: この文書は当時の条件・判断の記録です。本文の「現在」「次にやること」は作成時点を指します。最新の設定・完了範囲・優先順位は[研究の現在地](../docs/research_status.md)、更新関係は[文書案内](../docs/document_index.md)を参照してください。
experiments/2026-07-06_v2gap_full_condition_grid.md,25,next,- `r2_best_lr0p001_bs12`
experiments/2026-07-06_v2gap_full_condition_grid.md,26,next,- `balanced_lr0p0005_bs32`
experiments/2026-07-06_v2gap_full_condition_grid.md,27,next,- `r2_onb_lr0p0005_bs12`
experiments/2026-07-06_v2gap_lrbs_tuning.md,3,next,> **履歴・適用範囲（2026-09-15追記）**: この文書は当時の条件・判断の記録です。本文の「現在」「次にやること」は作成時点を指します。最新の設定・完了範囲・優先順位は[研究の現在地](../docs/research_status.md)、更新関係は[文書案内](../docs/document_index.md)を参照してください。
experiments/2026-07-06_v2gap_parameter_confirmation_before_full_grid.md,3,next,> **履歴・適用範囲（2026-09-15追記）**: この文書は当時の条件・判断の記録です。本文の「現在」「次にやること」は作成時点を指します。最新の設定・完了範囲・優先順位は[研究の現在地](../docs/research_status.md)、更新関係は[文書案内](../docs/document_index.md)を参照してください。
experiments/2026-07-06_v2gap_parameter_confirmation_before_full_grid.md,24,next,  - `r2_best_lr0p001_bs12`
experiments/2026-07-06_v2gap_parameter_confirmation_before_full_grid.md,25,next,  - `balanced_lr0p0005_bs32`
experiments/2026-07-06_v2gap_parameter_confirmation_before_full_grid.md,26,next,  - `r2_onb_lr0p0005_bs12`
experiments/2026-07-06_v2gap_parameter_confirmation_before_full_grid.md,50,method,- continuous ROC-AUC / PR-AUC
experiments/2026-07-06_v2gap_resume_completed_runs.md,3,next,> **履歴・適用範囲（2026-09-15追記）**: この文書は当時の条件・判断の記録です。本文の「現在」「次にやること」は作成時点を指します。最新の設定・完了範囲・優先順位は[研究の現在地](../docs/research_status.md)、更新関係は[文書案内](../docs/document_index.md)を参照してください。
experiments/2026-07-06_v2gap_resume_completed_runs.md,8,next,`lr0p0005_bs24` because NumPy could not allocate the next train split array.
experiments/2026-07-06_v2gap_resume_completed_runs.md,34,next,- first remaining run: `e300_lr0p0005_bs32_cnntf_v2_gap`
experiments/2026-07-06_v2gap_resume_completed_runs.md,36,next,After the next interruption at `lr0p00005_bs12`:
experiments/2026-07-06_v2gap_resume_completed_runs.md,40,next,- first remaining run: `e300_lr0p00005_bs12_cnntf_v2_gap`
experiments/2026-07-09_alexnet_reanalysis_and_stress_tune_plan.md,3,next,> **履歴・適用範囲（2026-09-15追記）**: この文書は当時の条件・判断の記録です。本文の「現在」「次にやること」は作成時点を指します。最新の設定・完了範囲・優先順位は[研究の現在地](../docs/research_status.md)、更新関係は[文書案内](../docs/document_index.md)を参照してください。
experiments/2026-07-09_alexnet_reanalysis_and_stress_tune_plan.md,47,next,  - `alex_lr0p005_bs32`
experiments/2026-07-09_alexnet_reanalysis_and_stress_tune_plan.md,48,next,  - `alex_lr0p001_bs32`
experiments/2026-07-09_alexnet_reanalysis_and_stress_tune_plan.md,49,next,  - `alex_lr0p0005_bs32`
experiments/2026-07-09_alexnet_reanalysis_and_stress_tune_plan.md,50,next,  - `alex_onb_lr0p0001_bs128`
experiments/2026-07-09_fixed_ensemble_full_grid_analysis.md,3,next,> **履歴・適用範囲（2026-09-15追記）**: この文書は当時の条件・判断の記録です。本文の「現在」「次にやること」は作成時点を指します。最新の設定・完了範囲・優先順位は[研究の現在地](../docs/research_status.md)、更新関係は[文書案内](../docs/document_index.md)を参照してください。
experiments/2026-07-09_fixed_ensemble_full_grid_analysis.md,43,method,| model | R2 | RMSE all | RMSE ONB | ROC-AUC cont | F1 |
experiments/2026-07-09_noise_frequency_effect_analysis.md,3,next,> **履歴・適用範囲（2026-09-15追記）**: この文書は当時の条件・判断の記録です。本文の「現在」「次にやること」は作成時点を指します。最新の設定・完了範囲・優先順位は[研究の現在地](../docs/research_status.md)、更新関係は[文書案内](../docs/document_index.md)を参照してください。
experiments/2026-07-10_alexnet_22khz_noise_tuning_analysis.md,3,next,> **履歴・適用範囲（2026-09-15追記）**: この文書は当時の条件・判断の記録です。本文の「現在」「次にやること」は作成時点を指します。最新の設定・完了範囲・優先順位は[研究の現在地](../docs/research_status.md)、更新関係は[文書案内](../docs/document_index.md)を参照してください。
experiments/2026-07-15_20260713_fixed_ensemble_22khz_analysis.md,3,next,> **履歴・適用範囲（2026-09-15追記）**: この文書は当時の条件・判断の記録です。本文の「現在」「次にやること」は作成時点を指します。最新の設定・完了範囲・優先順位は[研究の現在地](../docs/research_status.md)、更新関係は[文書案内](../docs/document_index.md)を参照してください。
experiments/2026-07-15_20260713_fixed_ensemble_22khz_analysis.md,21,method,| model | n | mean R2 | min R2 | mean RMSE all | mean RMSE ONB | ROC-AUC cont | PR-AUC cont | mean F1 | mean recall |
experiments/2026-07-15_20260713_fixed_ensemble_22khz_analysis.md,110,old_claim,研究上の位置づけとしては、RFを最強ベースライン、固定アンサンブルを頑健性確認用の比較対象、CNN+Transformer/AlexNetを説明性・特徴利用の比較対象として扱うのがよい。アンサンブルは「平均精度を上げる主役」ではなく、「単体モデル依存を下げられるかを検証したが、現設定ではONB境界の見逃し増加が課題」とまとめるのが自然。
experiments/2026-07-15_20260713_fixed_ensemble_22khz_analysis.md,116,method,3. ONB主張ではR2ではなく、recall/F1、ONB RMSE、閾値近傍のfalse negative数を中心に見る。
experiments/2026-07-20_interim_presentation_ensemble_xai_run_plan.md,3,next,> **履歴・適用範囲（2026-09-15追記）**: この文書は当時の条件・判断の記録です。本文の「現在」「次にやること」は作成時点を指します。最新の設定・完了範囲・優先順位は[研究の現在地](../docs/research_status.md)、更新関係は[文書案内](../docs/document_index.md)を参照してください。
experiments/2026-07-20_interim_presentation_ensemble_xai_run_plan.md,18,next,3実験 × 2周波数 × 2ノイズ条件の12条件を再集計すると、7/17のアンサンブルが最良の個別モデルを上回った条件数は、R² が1/12、ONB RMSEが1/12、Recallが0/12、F1が0/12だった。したがって、現時点で「アンサンブルにより個別性能を上回った」とは言えない。今回の実行は、この結論を隠さず、リークのない共通条件で重み候補を比較し直すものとする。
experiments/2026-07-20_interim_presentation_ensemble_xai_run_plan.md,33,method,固定重み、等重み、予測最大値は、各 fold で一度だけ学習した同一の個別モデル予測から全候補を計算する。そのため、候補を増やしても学習回数は増えない。予測最大値はONBの見逃し回復を狙う探索的な後段統合であり、R²を犠牲にする可能性がある。`inner_holdout` は実装済みだが、個別モデルを内側と外側で学習し直して実行時間が概ね増えるため、今回の既定値では無効にしている。
experiments/2026-07-20_interim_presentation_ensemble_xai_run_plan.md,58,method,従来型のR²/AUC棒グラフは、文字の密集を避けるため、3個別モデルと事前指定した主アンサンブルだけを表示する。全重み候補の比較には専用の改善量グラフを使う。
experiments/2026-07-20_interim_presentation_ensemble_xai_run_plan.md,75,next,「単純な予測平均では強いRFを薄めた。異種モデルを入れるだけでは改善せず、ONBを目的にした重み学習または補正モデルが必要」と結論づける。この結果も、アンサンブル成立条件を明らかにした進捗として発表できる。
experiments/2026-07-20_interim_presentation_ensemble_xai_run_plan.md,87,next,## 8. 中間発表での安全な結論形
experiments/2026-07-24_noise_shortcut_diagnostic/README.md,3,next,> **履歴・適用範囲（2026-09-15追記）**: この文書は当時の条件・判断の記録です。本文の「現在」「次にやること」は作成時点を指します。最新の設定・完了範囲・優先順位は[研究の現在地](../../docs/research_status.md)、更新関係は[文書案内](../../docs/document_index.md)を参照してください。
experiments/2026-07-24_noise_shortcut_diagnostic/README.md,11,method;next,"Key P0 result, ordinary KFold and raw-spectrogram PCA:"
experiments/2026-07-24_noise_shortcut_diagnostic/README.md,21,method,"The final controlled run uses one global reference RMS, exactly equal noise power for every label, and the same five water-flow chunks for every source and SNR. In clean-trained GroupKFold transfer, the three-experiment mean R² changes as follows:"
experiments/2026-07-24_noise_shortcut_diagnostic/README.md,45,next,- `diagnostic_manifest.json`: P0 configuration
experiments/2026-07-24_noise_shortcut_diagnostic/README.md,46,next,- `metrics_summary.csv`: P0 per-experiment summary
experiments/2026-08-17_waterflow_dataset_snapshot/README.md,3,next,> **履歴・適用範囲（2026-09-15追記）**: この文書は当時の条件・判断の記録です。本文の「現在」「次にやること」は作成時点を指します。最新の設定・完了範囲・優先順位は[研究の現在地](../../docs/research_status.md)、更新関係は[文書案内](../../docs/document_index.md)を参照してください。
experiments/2026-08-30_log_power_architecture_study.md,3,next,> **履歴・適用範囲（2026-09-15追記）**: この文書は当時の条件・判断の記録です。本文の「現在」「次にやること」は作成時点を指します。最新の設定・完了範囲・優先順位は[研究の現在地](../docs/research_status.md)、更新関係は[文書案内](../docs/document_index.md)を参照してください。
experiments/2026-08-30_log_power_architecture_study.md,7,method,対象外: RF、TreeSHAP変更、Guided Grad-CAM、物理帯域分担型アンサンブル、RFアンカー残差アンサンブル
experiments/2026-08-30_log_power_architecture_study.md,11,method,現行の学習率 `0.001`、batch size `16` を維持し、CNN+TransformerとAlexNetの内部構造に改善余地があるかを調べた。主評価は元WAV単位GroupKFoldのOOF R²、全域RMSE、fold間SEとした。ONB帯はfoldによって該当群が0になるため、構造選択の主指標には使用していない。
experiments/2026-08-30_log_power_architecture_study.md,20,method,- 外側検証: `GroupKFold(source_wav_id)`、3 fold
experiments/2026-08-30_log_power_architecture_study.md,89,next,GAP化や全結合小型化だけでは改善しなかった。改善の中心はlog power圧縮である。精度優先では`legacy_log`、計算量優先では`gap_log`が候補になる。
experiments/2026-08-30_log_power_architecture_study.md,142,next,07.09に対して層を増やす探索は打ち切り、追加の熱流束群、繰返し録音、壁面過熱度・気泡状態などの物理補助量を優先する。
experiments/2026-08-30_log_power_architecture_study.md,155,next,- AlexNet: 精度優先の`legacy_log`
experiments/2026-08-30_log_power_architecture_study.md,167,next,AlexNet `gap_log`はR²=0.9349で、`legacy_log`より少し低い一方、パラメータ数を約92%削減できた。ただし今回の方針は精度優先であるため不採用とし、この結果は選定記録として本レポートにだけ残す。
experiments/2026-08-30_log_power_architecture_study.md,176,next,## 10. 論文上の結論候補
experiments/2026-09-02_selected_log_architecture/README.md,3,old_execution;next,> **履歴・適用範囲（2026-09-15追記）**: この文書は当時の条件・判断の記録です。本文の「現在」「次にやること」は作成時点を指します。最新の設定・完了範囲・優先順位は[研究の現在地](../../docs/research_status.md)、更新関係は[文書案内](../../docs/document_index.md)を参照してください。 56条件は中断時点の記録です。旧inner holdoutは後日の監査で元WAV混在が判明し、現在の主張用から除外されています。
experiments/2026-09-02_selected_log_architecture/README.md,13,old_execution,実行は途中で停止した。予定105条件のうち56条件が完了している。
experiments/2026-09-02_selected_log_architecture/README.md,55,old_execution,| `metrics_by_condition.csv` | 56条件×7モデルの主要指標 |
experiments/2026-09-08_wav_onb_transition_evaluation_implementation.md,3,next,> **履歴・適用範囲（2026-09-15追記）**: この文書は当時の条件・判断の記録です。本文の「現在」「次にやること」は作成時点を指します。最新の設定・完了範囲・優先順位は[研究の現在地](../docs/research_status.md)、更新関係は[文書案内](../docs/document_index.md)を参照してください。
experiments/2026-09-08_wav_onb_transition_evaluation_implementation.md,14,method,2. **元WAV単位**: outer GroupKFoldの全OOF予測を集め、同じ `source_wav_id` の予測を
experiments/2026-09-08_wav_onb_transition_evaluation_implementation.md,17,method,3. **ONB遷移単位**: WAVを真の熱流束順に並べ、ONB閾値を初めて超える測定点と予測遷移点の差を、
experiments/2026-09-08_wav_onb_transition_evaluation_implementation.md,25,method,- ONB閾値を「ONB直前の測定点」から「ONBと確認された最初の測定点」へ修正し、出典と一元管理した。
experiments/2026-09-08_wav_onb_transition_evaluation_implementation.md,29,method,- 旧fold CSVの `y_true` は10桁へ丸められ、ONBと等しい値が微小に閾値未満になる場合があった。
experiments/2026-09-08_wav_onb_transition_evaluation_implementation.md,31,method,- `inner_holdout` の重み決定をsampleランダム分割から元WAV非重複分割へ変更し、重み用誤差も
experiments/2026-09-08_wav_onb_transition_evaluation_implementation.md,48,method,- `evaluation_manifest_*.json`: 評価単位、閾値、主集約、解釈上の注意
experiments/2026-09-08_wav_onb_transition_evaluation_implementation.md,60,next,今後の学習runでは同じ出力が本体スクリプトから自動保存される。
experiments/2026-09-14_generalization_and_layout/README.md,3,next,> **履歴・適用範囲（2026-09-15追記）**: この文書は当時の条件・判断の記録です。本文の「現在」「次にやること」は作成時点を指します。最新の設定・完了範囲・優先順位は[研究の現在地](../../docs/research_status.md)、更新関係は[文書案内](../../docs/document_index.md)を参照してください。
experiments/2026-09-14_generalization_and_layout/README.md,7,old_execution,- `existing_result_verification.json`: 保存済み6条件を学習・配列読込0回で再利用し、36図を再作成した記録と保存先。
experiments/2026-09-14_generalization_and_layout/README.md,8,old_execution,- `real_data_preflight.json`: 実データ70条件のmetadataによる4方針の分割検査。学習は行っていない。
experiments/2026-09-14_generalization_and_layout/README.md,9,old_execution,- `verification_summary.json`: 自動テスト34件の成功、6条件の再利用、移動前後の一致確認をまとめた記録。
experiments/2026-09-14_generalization_and_layout/README.md,11,method,- `22khz_r2.png`: 22 kHz・WAV中央値・inner_holdout方式のR²図のコピー。
experiments/2026-09-14_generalization_and_layout/README.md,12,method,- `22khz_roc_auc_cont.png`: 同じ条件の連続ROC-AUC図。
experiments/2026-09-14_generalization_and_layout/README.md,13,method,- `22khz_auc_binary.png`: 同じ条件の二値化後AUC図。
experiments/2026-09-14_noise_trend_graphs/README.md,3,next,> **履歴・適用範囲（2026-09-15追記）**: この文書は当時の条件・判断の記録です。本文の「現在」「次にやること」は作成時点を指します。最新の設定・完了範囲・優先順位は[研究の現在地](../../docs/research_status.md)、更新関係は[文書案内](../../docs/document_index.md)を参照してください。
experiments/2026-09-14_noise_trend_graphs/README.md,5,method,卒業研究の図に合わせ、横軸をノイズ強度、縦軸をR²またはAUCとし、RF・CNN＋Transformer・AlexNet・主アンサンブルの4本の曲線を保存する機能を追加した。
experiments/2026-09-14_noise_trend_graphs/README.md,7,old_execution,実装は `code/utils/plotting/noise_trend_plots.py`。既存の `RegressionPlotter` から呼び出し、ONB本体では各条件の完了時と再開時に更新する。設定、保存先、今週の70条件の方針は[実行方針メモ](../../docs/research_plan/2026-09-14_execution_policy_and_generalization_design.md)を参照する。
experiments/2026-09-14_noise_trend_graphs/README.md,12,method,| [chunkの連続ROC-AUC](preview_20260903_0618_22khz/simple_equal/chunk_fold_mean_roc_auc_cont.png) | 連続予測スコアで計算 |
experiments/2026-09-14_noise_trend_graphs/README.md,13,method,| [chunkの二値化後AUC](preview_20260903_0618_22khz/simple_equal/chunk_fold_mean_auc_binary.png) | 卒論互換の参考指標 |
experiments/2026-09-14_noise_trend_graphs/README.md,15,method,| [WAVの連続ROC-AUC](preview_20260903_0618_22khz/simple_equal/wav_median_roc_auc_cont.png) | 独自の誤差推定は追加せず、点推定を表示 |
experiments/2026-09-14_noise_trend_graphs/README.md,16,method,| [WAVの二値化後AUC](preview_20260903_0618_22khz/simple_equal/wav_median_auc_binary.png) | ONB閾値による二値判定 |
experiments/2026-09-14_noise_trend_graphs/README.md,18,method,各見本と同名のPDF、数値CSVを保存している。これらは**9月3日開始の保存結果を使った書式確認用**であり、今回の新しい学習結果ではない。対象は2025.06.18、22 kHz、7ノイズ条件、simple equal。chunk側と後処理済みWAV側では使用したONB閾値も異なるため、この見本を使って集約方法だけの効果を比較しない。各CSVに使用閾値と元CSVパスを記録した。
experiments/2026-09-14_noise_trend_graphs/README.md,20,method,連続ROC-AUCが1で重なる箇所では複数の線が同じ位置になる。数値どおりの描画であり、4本のモデルが省略されたわけではない。
experiments/2026-09-14_noise_trend_graphs/README.md,22,old_execution;method,"検証結果: `python -m unittest discover -s tests -p ""test_*.py"" -v` は24件成功。追加5件では、欠測条件、ノイズ順序、chunk/WAV集約、AUCの種類、異なる設定の除外、再開時の更新と画像保存を確認した。ONB設定の読込と70条件のデータ存在確認も実施。本学習は起動していない。"
experiments/2026-09-14_noise_trend_graphs/preview_20260903_0618_22khz/simple_equal/chunk_fold_mean_auc_binary.pdf,19,method,AUC (binary prediction)
experiments/2026-09-14_noise_trend_graphs/preview_20260903_0618_22khz/simple_equal/chunk_fold_mean_roc_auc_cont.pdf,17,method,ROC-AUC (continuous score)
experiments/2026-09-14_noise_trend_graphs/preview_20260903_0618_22khz/simple_equal/wav_median_auc_binary.pdf,18,method,AUC (binary prediction)
experiments/2026-09-14_noise_trend_graphs/preview_20260903_0618_22khz/simple_equal/wav_median_roc_auc_cont.pdf,18,method,ROC-AUC (continuous score)
experiments/2026-09-14_remove_prediction_max/README.md,5,method,- `prediction_max`を方式カタログと現行設定から削除した。
experiments/2026-09-14_remove_prediction_max/README.md,7,method,- 現行の有効方式は`simple_equal`と`inner_holdout`。`val_fold_legacy`は診断・再現用に残る。
experiments/2026-09-14_status_audit/README.md,3,next,> **履歴・適用範囲（2026-09-15追記）**: この文書は当時の条件・判断の記録です。本文の「現在」「次にやること」は作成時点を指します。最新の設定・完了範囲・優先順位は[研究の現在地](../../docs/research_status.md)、更新関係は[文書案内](../../docs/document_index.md)を参照してください。
experiments/2026-09-14_status_audit/README.md,7,old_execution,9月3日開始の `20260903_selected_log_architecture` は3実験日それぞれ35条件、計105条件のWAV評価が存在する。9月8日開始の同名系列は、無雑音・22 kHz・300 epoch設定の3条件が完了している。9月2日の56条件スナップショットとは別の実行である。
experiments/2026-09-14_status_audit/README.md,11,method,| `run_inventory.csv` | 108実行の条件、作成時刻、閾値、元manifestパス |
experiments/2026-09-15_onb_22khz_noise_sweep/README.md,3,next,**2026-09-15更新: 7/7条件が完了し、性能・ONB・説明性を解析した。** 最新の結論・図表・検算は[結果解析](analysis.md)、発表に使う文章は[9/18発表準備](../../docs/research_plan/2026-09-18_xai_progress_brief.md)と[SOAP下書き](../../docs/progress/2026-09-18_weekly_progress_draft.md)を読む。
experiments/2026-09-15_onb_22khz_noise_sweep/README.md,15,method,- モデル: RF、CNN＋Transformer、AlexNet。統合: `simple_equal`、`inner_holdout`。
experiments/2026-09-15_onb_22khz_noise_sweep/README.md,30,method,2. **性能の全体像**: 3単体＋2統合について、WAV中央値のR²・RMSE・連続予測ROC-AUCなどをノイズ条件別に整理する。統合が最良単体を改善する条件・しない条件を確認する。chunk指標は補助として区別する。
experiments/2026-09-15_onb_22khz_noise_sweep/README.md,32,method,4. **説明性の比較と信頼性**: 帯域/時間マスクの集計、元WAV・chunkを照合した代表画像、TreeSHAP再構成、IGのcompleteness、安定性・ランダム化を確認する。旧runで認めたIGの不整合が今回もあるかは、新しい出力で確かめる。
experiments/2026-09-15_onb_22khz_noise_sweep/README.md,33,next,5. **発表用の結論**: 「観測した結果」「考えられる解釈」「まだ言えないこと」「先生への相談」を分け、金曜の準備メモと研究の現在地へ反映する。説明図だけから物理的因果を断定しない。
experiments/2026-09-15_onb_22khz_noise_sweep/README.md,35,old_execution,新しい数値集計はこの試行を対象とした別スナップショットとして保存し、[9/14結果の固定スナップショット](../2026-09-15_research_status_snapshot/README.md)を上書きしない。既存の `collect_snapshot.py` は9/14の6条件を数値抽出する仕様のため、そのまま今回の集計器として使わない。
experiments/2026-09-15_onb_22khz_noise_sweep/analysis.md,7,next,## 結論
experiments/2026-09-15_onb_22khz_noise_sweep/analysis.md,11,method,3. **ONBの最初の点の検知は未解決**。全35組のモデル×条件でWAV ROC-AUC=1.0だが、32組は最初のONB WAVを見逃す。
experiments/2026-09-15_onb_22khz_noise_sweep/analysis.md,13,method,5. **IGの数値整合性は未解決**。210例すべてで寄与合計と予測差が不一致。共通マスクと診断結果を発表の中心にし、IG画像は検証途中の観察として示す。
experiments/2026-09-15_onb_22khz_noise_sweep/analysis.md,27,method,"| ONB | 閾値368,978.105 W/m²、陽性8 WAV・陰性10 WAV。閾値±10%は**1 WAV** |"
experiments/2026-09-15_onb_22khz_noise_sweep/analysis.md,29,method,| 検算 | 35組のR²・RMSE・Recall・ROC-AUC、chunk→WAV中央値を照合。63組のマスク前R²もfold予測と一致 |
experiments/2026-09-15_onb_22khz_noise_sweep/analysis.md,30,next,| 説明性 | 63個のfold×モデル出力。選択例315件、IG210例、Grad-CAM105例、TreeSHAP105例、共通マスク756行 |
experiments/2026-09-15_onb_22khz_noise_sweep/analysis.md,57,method,- 全域誤差はONB前に多い。CNN＋Transformerでは二乗誤差総和の87.5〜95.9%が閾値未満の10 WAVに由来し、最小熱流束の1 WAVだけで27.5〜67.0%を占める。全域R²とONB捕捉の改善は分けて考える。[WAV別誤差寄与](diagnostics_20260915/wav_error_contributions.csv)
experiments/2026-09-15_onb_22khz_noise_sweep/analysis.md,60,next,−16 dBのCNN＋Transformerが−12より高精度になるなど非単調性がある。各条件で再学習するため、学習の変動と入力変化などが混ざる。ノイズが物理情報を改善したとは結論しない。同じ3ノイズの9/14試行とも深層モデルの値は異なる。[前回run比較](diagnostics_20260915/previous_run_comparison.csv)を保持し、seedが同じというだけで完全再現と扱わない。
experiments/2026-09-15_onb_22khz_noise_sweep/analysis.md,64,method,全35組でWAV ROC-AUC=1.0、誤警報=0/10 WAV。ONB点を検知したのは次の3組で、残る32組はその点だけを見逃し、Recall=7/8=0.875だった。
experiments/2026-09-15_onb_22khz_noise_sweep/analysis.md,66,method,| ノイズ | 最初のONB WAVを検知した方式 | 閾値に対する予測差 |
experiments/2026-09-15_onb_22khz_noise_sweep/analysis.md,74,method,無雑音のCNN＋TransformerはR²=0.9623でも、ONB WAV中央値は**363.860 kW/m²**で閾値368.978より5.118低く、陰性判定となる。見逃した32組は次の427.276 kW/m²の測定点で陽性になる。差は**1測定点・58.298 kW/m²**。秒単位の遅れではない。2 WAV連続陽性の開始点を使っても今回の結果は同じ。
experiments/2026-09-15_onb_22khz_noise_sweep/analysis.md,76,method,陽性と陰性の予測値を順序づけられていても、予測値と物理的なONB閾値の対応にはずれが残る。評価データを見て閾値を下げ、その同じデータで改善を主張しない。校正・閾値設定は、発表後に学習側で決める手順と追加近傍データを検討する。
experiments/2026-09-15_onb_22khz_noise_sweep/analysis.md,110,method,![IG整合性](snapshot_20260915/figures/ig_completeness.png)
experiments/2026-09-15_onb_22khz_noise_sweep/analysis.md,126,old_claim,当該機構で誤差が生じ得ることを示す補助例であり、**学習済みネットワーク全体の原因確定やIG再計算ではない**。出力の逆変換係数はコード上 `1/scaler.scale_` と確認した。
experiments/2026-09-15_onb_22khz_noise_sweep/analysis.md,146,old_execution,金曜は、この7条件を主材料に「性能→共通マスク→代表画像→信頼性→残る問い」の順で話す。全周波数の完了を待たず原稿を仕上げられる。3 kHzが揃えば、条件を照合し別解析として追加する。
experiments/2026-09-15_onb_22khz_noise_sweep/analysis.md,148,next,発表後は本人の方針どおりONB近傍評価・新実験・同時計測へ進む。説明性の追加は、少数例でIGの収束とマスク置換の影響を確認することを優先候補とする。一般化はclean_only、別日の順で代表条件を確認する。
experiments/2026-09-15_onb_frequency_comparison/analysis.md,3,old_execution,解析日: **2026-09-15**。本人の追加回答に従い、**完了済みの2025.06.11・3 kHz / 22 kHz・各7ノイズ**に限定した。進行中runと他実験日の新結果は対象外。学習コード・既存結果は変更していない。
experiments/2026-09-15_onb_frequency_comparison/analysis.md,5,next,本人の目指す結論と背景は、今後も参照する[修士研究の仮説・希望](../../docs/research_plan/2026-09-15_master_thesis_hypothesis.md)に別記した。本書はその仮説に対して、今回何が分かったかを記録する。
experiments/2026-09-15_onb_frequency_comparison/analysis.md,7,next,## 1. 結論
experiments/2026-09-15_onb_frequency_comparison/analysis.md,11,method,3. **両帯域でRFはほぼ横ばい。全モデル・全指標の単調劣化は確認できない。** 3 kHzのCNNにも−12→−16で小さな回復があり、AUCにはR²と異なる傾向がある。
experiments/2026-09-15_onb_frequency_comparison/analysis.md,13,old_claim,5. **22 kHzの回復を生むモデル内部の原因までは未確定。** −12→−16のCNNの改善は、最低熱流束の1 WAVが正味の二乗誤差減少の約71.6%を占める。ONBの識別改善を意味しない。再学習の変動と帯域利用を分離する検証が必要。
experiments/2026-09-15_onb_frequency_comparison/analysis.md,14,method,6. **説明性の状況は3 kHzでも共通。** RFのTreeSHAPは数値整合、共通マスクは利用帯域の違いを示す。一方IGは3 kHzでも210/210例で大きな不一致があり、22 kHzだけの問題ではない。
experiments/2026-09-15_onb_frequency_comparison/analysis.md,26,method,"| ONB | 閾値368,978.105 W/m²。陰性10 WAV、陽性8 WAV。±10%に1 WAV |"
experiments/2026-09-15_onb_frequency_comparison/analysis.md,27,method,| 検算 | WAV性能70組、chunkのR²/二値AUC70組、マスク前性能126組、IG配列総和420例を確認 |
experiments/2026-09-15_onb_frequency_comparison/analysis.md,77,method,## 4. 卒論の比較図と、今回のAUCが違う理由
experiments/2026-09-15_onb_frequency_comparison/analysis.md,83,method,卒論では、無雑音→−20のアンサンブルがR² 0.9986→0.9101、AUC 0.9962→0.9165。本人の記憶どおり全体として劣化し、統合が低下を抑える図である。ただし当時も無雑音→0の微増や、AUCで単体が統合をわずかに上回る条件があり、「全点で必ず単調・統合最高」ではない。
experiments/2026-09-15_onb_frequency_comparison/analysis.md,93,method,| ONB閾値 | 3実験のONB熱流束の平均（卒論§3.7.1） | 当該実験日の確認されたONB測定点 |
experiments/2026-09-15_onb_frequency_comparison/analysis.md,94,method,| AUC | 二値化した予測から算出（卒論§3.7.1） | 連続予測ROC-AUCと二値化後AUCを区別 |
experiments/2026-09-15_onb_frequency_comparison/analysis.md,102,method,### 4.3 AUC定義と集計単位を揃えても、曲線は異なる
experiments/2026-09-15_onb_frequency_comparison/analysis.md,104,method,両帯域の計70組で**WAV連続ROC-AUC=1.0**。一方、二値AUCは0.9375または1.0で、単調な劣化曲線にはならない。今回、誤警報が0で、陽性8 WAV中の最初の1本を見逃すかどうかで値が決まるためである。二値スコアのAUCはこの場合(感度＋特異度)/2で、見逃すと(7/8＋1)/2=0.9375となる。
experiments/2026-09-15_onb_frequency_comparison/analysis.md,108,method,さらに、**現在の値もchunkのfold平均・二値AUCに揃えた図**を作った。3 kHz CNNのchunk R²は0.93281→0.89413へ低下するが、二値AUCは0.95370→0.96991へ上がる。したがって今回の相違はAUC定義やWAV中央値だけでは説明できない。回帰誤差の大小と、ONBの固定閾値をまたぐ誤りの数は異なる量である。
experiments/2026-09-15_onb_frequency_comparison/analysis.md,152,old_claim,| 原因候補 | 今の証拠 | 原因確定に必要な比較 |
experiments/2026-09-15_onb_frequency_comparison/analysis.md,159,old_claim,| 旧ノイズ振幅shortcutの再発 | 今回metadataは固定global RMS。216配列再構成が一致 | 現時点で旧問題を主因とする証拠はない。独立ノイズ/ノイズ単独評価は別の残る問い |
experiments/2026-09-15_onb_frequency_comparison/analysis.md,161,old_claim;next,同一ノイズ波形の時間位置を元WAV間で共有しているため、独立した水流音への一般化は未確認。今回の帯域診断から「高周波は無価値」「水流音が沸騰情報を増やす」「すべての周波数が同じ原因で非単調」とは結論できない。**主因の候補と観測箇所は絞れたが、22 kHzの回復の因果関係は未確定**である。
experiments/2026-09-15_onb_frequency_comparison/analysis.md,175,method,| IG/Grad-CAM・deletion/insertion | 重要とされた画素を先に消す/戻すと予測がどう変わるか | 回帰出力曲線の診断。ROC-AUCではなく出力単位を持つ面積。ゼロ置換の分布変化を含む |
experiments/2026-09-15_onb_frequency_comparison/analysis.md,178,method,現在説明しているのは基本的に**単体モデルの1秒chunkの熱流束回帰出力**。ONB専用の分類器の気泡検知理由や、WAV中央値・アンサンブル全体の説明を直接出しているわけではない。固定閾値を引いたONB余裕度の説明にもつなげられるが、「核沸騰の物理的な発生原因を説明した」という主張には独立した観測が必要。
experiments/2026-09-15_onb_frequency_comparison/analysis.md,198,next,| 診断 | 3 kHz | 22 kHz | 結論 |
experiments/2026-09-15_onb_frequency_comparison/analysis.md,219,next,| 優先 | 比較 | 判定できること |
experiments/2026-09-15_onb_frequency_comparison/analysis.md,230,method,避けたい進め方は、単調な曲線を出すことだけを目的に表現を選ぶこと、3 kHzの回帰改善を全指標の改善とすること、IGの積分不整合を残したまま物理的な寄与量を説明すること、大きなマスク応答だけで帯域別モデルを追加すること。モデル追加より、既存3モデルの誤りと入力の違いを検証する根拠が既にある。
experiments/2026-09-15_onb_frequency_comparison/analysis.md,232,next,## 8. 金曜に話す短い結論案
experiments/2026-09-15_onb_frequency_comparison/analysis.md,234,method,> 学部研究で観察した、ノイズ増加に伴う性能低下をアンサンブルで抑える効果について、現行評価で成立する条件を調べている。今回の3 kHzではCNN＋TransformerのR²がノイズとともに概ね低下し、強ノイズ条件ではアンサンブルが最良単体を上回った。一方、RFは両帯域でほぼ横ばいで、22 kHzには性能の回復が見られた。帯域内SNRとマスク評価から、使う周波数とノイズの影響がモデルごとに異なることが示唆された。ただし、画像の周波数表現と再学習の影響が混ざっているため、回復の原因は追加比較で確認する。説明性ではRFのPCA成分分解は整合するが、IGは両帯域で数値不一致があり、現時点では共通マスクと信頼性診断を中心に議論する。
experiments/2026-09-15_onb_frequency_comparison/analysis.md,240,next,3. IGの収束確認と、マスクの置換依存確認を優先すること。
experiments/2026-09-15_onb_frequency_comparison/analysis.md,245,old_execution;method;next,添付文からは、旧/現行評価の区別、AUCとONB見逃しの区別、XAIの数値妥当性、条件付きの統合効果という論点を採用した。ただし、添付文の「3 kHzは進行中」「22 kHzを中心にする」という状態・優先順位は今回の完了結果と本人の追加指示で更新する。アンサンブルを研究の後段へ回すというAIの提案は、本人の研究希望に代わる確定方針にしない。
experiments/2026-09-15_onb_frequency_comparison/chunk_comparison/thesis_chunk_comparison.pdf,52,method,AUC after ONB binarization
experiments/2026-09-15_onb_frequency_comparison/chunk_comparison/thesis_chunk_comparison.pdf,68,method,AUC after ONB binarization
experiments/2026-09-15_onb_frequency_comparison/chunk_comparison/thesis_chunk_comparison.pdf,84,method,AUC after ONB binarization
experiments/2026-09-15_onb_frequency_comparison/chunk_comparison/thesis_chunk_comparison.pdf,86,method,Chunk fold means +/- SE in all panels; AUC definition aligned
experiments/2026-09-15_onb_frequency_comparison/comparison/frequency_metric_comparison.pdf,35,method,3 kHz / AUC after ONB binarization
experiments/2026-09-15_onb_frequency_comparison/comparison/frequency_metric_comparison.pdf,44,method,22 kHz / AUC after ONB binarization
experiments/2026-09-15_onb_frequency_comparison/comparison/frequency_metric_comparison.pdf,61,method,3 kHz / Continuous-score ROC-AUC
experiments/2026-09-15_onb_frequency_comparison/comparison/frequency_metric_comparison.pdf,78,method,22 kHz / Continuous-score ROC-AUC
experiments/2026-09-15_onb_frequency_comparison/comparison/frequency_metric_comparison.pdf,80,method,Overlapping AUC curves are retained; these are two bandwidths of the same recordings
experiments/2026-09-15_onb_frequency_comparison/comparison/thesis_current_comparison.pdf,56,method,Binary-score AUC
experiments/2026-09-15_onb_frequency_comparison/comparison/thesis_current_comparison.pdf,73,method,Binary-score AUC
experiments/2026-09-15_onb_frequency_comparison/comparison/thesis_current_comparison.pdf,90,method,Binary-score AUC
experiments/2026-09-15_onb_frequency_comparison/comparison/thesis_current_comparison.pdf,93,method,AUC type aligned; absolute performance is NOT a controlled before/after comparison
experiments/2026-09-15_research_status_snapshot/README.md,3,old_execution,対象: 9/14の完了済み6条件の数値・説明性、および9月のselected-log実行一覧。採取時刻は[snapshot_manifest.json](snapshot_manifest.json)。元runを変更せず読み取り、学習・XAI再計算は行っていない。
experiments/2026-09-15_research_status_snapshot/README.md,9,old_execution,| 9/1 | 6条件に旧chunk指標。WAV指標なし |
experiments/2026-09-15_research_status_snapshot/README.md,10,old_execution,| 9/2 | 56条件に旧chunk指標、別の1条件は途中出力。既存56条件スナップショットと整合 |
experiments/2026-09-15_research_status_snapshot/README.md,13,old_execution,| 9/14 | 6条件にchunk・WAV指標、54 fold-model条件に説明性CSV |
experiments/2026-09-15_research_status_snapshot/README.md,31,old_execution,CNN＋Transformerが6条件すべてで単体最高。各SNRで別モデルを学習した成績なので、同じcleanモデルの未知ノイズ耐性とは解釈しない。
experiments/2026-09-15_research_status_snapshot/README.md,37,old_claim,- IG: 180例中179例でcompleteness相対誤差が0.05超。0.05は説明用の目安で、事前登録した判定基準ではない。大きな不一致の原因は未確定。
experiments/2026-09-15_research_status_snapshot/README.md,52,method,| [ig_diagnostics.csv](ig_diagnostics.csv) | IG 180例の寄与合計、予測差、整合性 |
experiments/2026-09-15_research_status_snapshot/README.md,59,method,9/14の元結果に含まれる`prediction_max`の数値は履歴として保持し、現行方式と区別する。この方式は9/14最終コードで削除済み。保存値を消して過去記録を書き換える必要はない。
experiments/2026-09-15_research_status_snapshot/README.md,79,old_execution,このスクリプトの数値抽出対象は9/14の6条件で固定。9月のrun一覧だけは採取時点を反映する。新しい日付の数値解析が必要なら、対象を明示して別スナップショットを作る。代表図のコピーはスクリプトの対象外で、出典は専用manifestで管理する。
experiments/README.md,10,method,| [9/15・22 kHz全7ノイズ解析](2026-09-15_onb_22khz_noise_sweep/analysis.md) | 先行する22 kHz単独解析。35組の性能検算、ONB見逃し、帯域マスク、IG210例の不整合、図表と発表原稿 |
experiments/README.md,11,old_execution,| [9/15研究整理スナップショット](2026-09-15_research_status_snapshot/README.md) | 9/14の完了6条件の性能・XAI、9月178 manifestsの当時の状態。過去runの比較用 |
experiments/README.md,14,method,| [9/14最大予測値方式の削除](2026-09-14_remove_prediction_max/README.md) | 現行コードの方式整理と、過去表記の棚卸し |
experiments/README.md,16,method,| [9/8 WAV/ONB評価の実装](2026-09-08_wav_onb_transition_evaluation_implementation.md) | 閾値・元WAV分離inner holdout・WAV/遷移評価の変更 |
experiments/README.md,17,old_execution,| [9/2の56条件](2026-09-02_selected_log_architecture/README.md) | 旧中断スナップショット。最新の完了範囲ではない。旧innerの安全性解釈は更新済み |
experiments/_template/run_summary.md,23,method,- ONB閾値・出典 / 近傍幅・近傍WAV数:
experiments/_template/run_summary.md,33,method,- 連続ROC/PR-AUC（卒論互換の二値AUCとは分ける）:
experiments/_template/run_summary.md,61,next,- 次に確かめる問い・終わりの基準:
templates/weekly_progress_SOAP.md,27,next,次週やること、短期目標、中期的に進めること、先生に相談したいことを書く。
templates/論文輪講_スライド構成案.md,15,next,| リード文（太字1文） | ヘッダー直下。そのスライドの結論を一言で |
templates/論文輪講_スライド構成案.md,45,next,04 結果・結論              : 17[中扉] / 18 結果① / 19 結果② / 20 結果③ / 21 限界 / 22 まとめ・活用
templates/論文輪講_スライド構成案.md,87,next,  > **04　結果・結論**
templates/論文輪講_スライド構成案.md,127,next,- **体裁メモ**：**ここを表にしない**のが最優先。`▌関連性 → ⚫自分の研究 → ⚫今回の論文 → ➡共通点 → ▌活用可能性` の流れを踏襲。
templates/論文輪講_スライド構成案.md,218,next,  > ➡ **Step1 〔　〕** → **Step2 〔　〕** → **Step3 〔　〕** → **Step4 〔　〕**
templates/論文輪講_スライド構成案.md,219,next,  > - ⚫ **Step1**：〔　〕
templates/論文輪講_スライド構成案.md,220,next,  > - ⚫ **Step2**：〔　〕
templates/論文輪講_スライド構成案.md,253,next,## スライド12〜15：手法 – Step1〜StepN
templates/論文輪講_スライド構成案.md,261,next,- **図**：**全体図（Fig.◯）の該当ステップ部分を拡大/ハイライト**して使う。専用の論文図があればそれを優先。自作はしない。
templates/論文輪講_スライド構成案.md,289,next,## スライド17：【中扉】04 結果・結論
templates/論文輪講_スライド構成案.md,301,next,- **リード文**：**〔その結果の結論を1文で〕**
templates/論文輪講_スライド構成案.md,305,next,  > 〔ボックス〕⚫ 〔結論1〕　⚫ 〔結論2〕
templates/論文輪講_スライド構成案.md,306,next,- **話す内容**：〔図の読み方→結論→自研究への含意〕
研究進捗報告/2024/10月11日/研究進捗報告_柴崎陸_10月11日.docx,61,next,整理した課題に対する短期目標．
研究進捗報告/2024/10月11日/研究進捗報告_柴崎陸_10月11日.docx,62,next,研究実施に係る中期目標（例えば，中間発表までの計画など）．
研究進捗報告/2024/10月11日/研究進捗報告_柴崎陸_10月11日.pdf,23,next,【P】Plan: 整理した課題に対する短期目標．研究実施に係る中期目標（例えば，中間発
研究進捗報告/2024/10月18日(発表)/進捗報告_柴崎陸_10月18日.pptx,31,next,今後の展望
研究進捗報告/2024/10月18日(発表)/進捗報告_柴崎陸_10月18日.pptx,47,next,今後の展望
研究進捗報告/2024/10月18日(発表)/進捗報告_柴崎陸_10月18日.pptx,119,method,(AUC)
研究進捗報告/2024/10月18日(発表)/進捗報告_柴崎陸_10月18日.pptx,125,method,AUC
研究進捗報告/2024/10月18日(発表)/進捗報告_柴崎陸_10月18日.pptx,148,method,AUC avg
研究進捗報告/2024/10月18日(発表)/進捗報告_柴崎陸_10月18日.pptx,194,method,AUC
研究進捗報告/2024/10月18日(発表)/進捗報告_柴崎陸_10月18日.pptx,242,method,AUC avg
研究進捗報告/2024/10月18日(発表)/進捗報告_柴崎陸_10月18日.pptx,305,next,今後の展望
研究進捗報告/2024/10月18日(発表)/進捗報告_柴崎陸_10月18日.pptx,366,method,AUC avg
研究進捗報告/2024/10月18日(発表)/進捗報告_柴崎陸_10月18日.pptx,408,next,今後の展望
研究進捗報告/2024/10月18日(発表)/進捗報告_柴崎陸_10月18日.pptx,415,next,今後の展望
研究進捗報告/2024/10月25日/研究進捗報告_柴崎陸_10月25日.docx,58,next,整理した課題に対する短期目標．
研究進捗報告/2024/10月25日/研究進捗報告_柴崎陸_10月25日.docx,59,next,研究実施に係る中期目標（例えば，中間発表までの計画など）．
研究進捗報告/2024/10月25日/研究進捗報告_柴崎陸_10月25日.pdf,21,next,【P】Plan: 整理した課題に対する短期目標．研究実施に係る中期目標（例えば，中間発
研究進捗報告/2024/10月29日_原子力機構/原子力機構発表_柴崎陸_10月29日.pptx,18,next,今後の展望
研究進捗報告/2024/10月29日_原子力機構/原子力機構発表_柴崎陸_10月29日.pptx,34,next,今後の展望
研究進捗報告/2024/10月29日_原子力機構/原子力機構発表_柴崎陸_10月29日.pptx,103,next,今後の展望
研究進捗報告/2024/10月29日_原子力機構/原子力機構発表_柴崎陸_10月29日.pptx,155,next,今後の展望
研究進捗報告/2024/10月29日_原子力機構/原子力機構発表_柴崎陸_10月29日.pptx,320,next,今後の展望
研究進捗報告/2024/10月29日_原子力機構/原子力機構発表_柴崎陸_10月29日.pptx,362,method,陽性と陰性に分類する際の閾値を変更した際の真陽性率と偽陽性率の値をプロットしていく
研究進捗報告/2024/10月29日_原子力機構/原子力機構発表_柴崎陸_10月29日.pptx,369,method,AUC
研究進捗報告/2024/10月29日_原子力機構/原子力機構発表_柴崎陸_10月29日.pptx,378,method,https://www.kikagaku.co.jp/kikagaku-blog/roc-auc/
研究進捗報告/2024/10月29日_原子力機構/原子力機構発表_柴崎陸_10月29日.pptx,398,method,AUC
研究進捗報告/2024/10月29日_原子力機構/原子力機構発表_柴崎陸_10月29日.pptx,404,method,非沸騰領域での熱流束と白金抵抗のグラフの直線性をもとに，直線性が失われた時点の電圧を求めた．その電圧値から核沸騰が始まったとして，沸騰開始点の熱流束の値を計算し，閾値として用いた
研究進捗報告/2024/10月29日_原子力機構/原子力機構発表_柴崎陸_10月29日.pptx,457,method,(AUC)
研究進捗報告/2024/10月29日_原子力機構/原子力機構発表_柴崎陸_10月29日.pptx,508,method,AUC
研究進捗報告/2024/10月29日_原子力機構/原子力機構発表_柴崎陸_10月29日.pptx,512,method,AUC
研究進捗報告/2024/10月29日_原子力機構/原子力機構発表_柴崎陸_10月29日.pptx,516,method,※AUC
研究進捗報告/2024/10月29日_原子力機構/原子力機構発表_柴崎陸_10月29日.pptx,540,next,今後の展望
研究進捗報告/2024/10月29日_原子力機構/原子力機構発表_柴崎陸_10月29日.pptx,550,next,今後の展望
研究進捗報告/2024/10月29日_原子力機構/原子力機構発表_柴崎陸_10月29日.pptx,565,method,AUC
研究進捗報告/2024/10月4日/研究進捗報告_柴崎陸_10月4日.docx,29,method,AUCを求めた結果，
研究進捗報告/2024/10月4日/研究進捗報告_柴崎陸_10月4日.docx,78,next,整理した課題に対する短期目標．
研究進捗報告/2024/10月4日/研究進捗報告_柴崎陸_10月4日.docx,79,next,研究実施に係る中期目標（例えば，中間発表までの計画など）．
研究進捗報告/2024/10月4日/研究進捗報告_柴崎陸_10月4日.pdf,9,method,均が0.9492 だった．また，その時のそれぞれ5 つのROC 曲線を表示してAUC
研究進捗報告/2024/10月4日/研究進捗報告_柴崎陸_10月4日.pdf,29,next,【P】Plan: 整理した課題に対する短期目標．研究実施に係る中期目標（例えば，中間発
研究進捗報告/2024/11月15日(発表)/研究進捗発表_柴崎陸_11月15日.pptx,15,next,今後の展望
研究進捗報告/2024/11月15日(発表)/研究進捗発表_柴崎陸_11月15日.pptx,30,next,今後の展望
研究進捗報告/2024/11月15日(発表)/研究進捗発表_柴崎陸_11月15日.pptx,101,next,今後の展望
研究進捗報告/2024/11月15日(発表)/研究進捗発表_柴崎陸_11月15日.pptx,127,next,今後の展望
研究進捗報告/2024/11月15日(発表)/研究進捗発表_柴崎陸_11月15日.pptx,168,method,陽性と陰性に分類する際の閾値を変更した際の真陽性率と偽陽性率の値をプロットしていく
研究進捗報告/2024/11月15日(発表)/研究進捗発表_柴崎陸_11月15日.pptx,175,method,AUC
研究進捗報告/2024/11月15日(発表)/研究進捗発表_柴崎陸_11月15日.pptx,184,method,https://www.kikagaku.co.jp/kikagaku-blog/roc-auc/
研究進捗報告/2024/11月15日(発表)/研究進捗発表_柴崎陸_11月15日.pptx,204,method,AUC
研究進捗報告/2024/11月15日(発表)/研究進捗発表_柴崎陸_11月15日.pptx,210,method,非沸騰領域での熱流束と白金抵抗のグラフの直線性をもとに，直線性が失われた時点の電圧を求めた．その電圧値から核沸騰が始まったとして，沸騰開始点の熱流束の値を計算し，閾値として用いた
研究進捗報告/2024/11月15日(発表)/研究進捗発表_柴崎陸_11月15日.pptx,352,method,AUC
研究進捗報告/2024/11月15日(発表)/研究進捗発表_柴崎陸_11月15日.pptx,368,method,AUC
研究進捗報告/2024/11月15日(発表)/研究進捗発表_柴崎陸_11月15日.pptx,369,method,は閾値により分類して判断するものなので，回帰より改善しにくくなった？しかし，ノイズが高いときに効果が表れる．
研究進捗報告/2024/11月15日(発表)/研究進捗発表_柴崎陸_11月15日.pptx,376,method,(AUC)
研究進捗報告/2024/11月15日(発表)/研究進捗発表_柴崎陸_11月15日.pptx,466,method,(AUC)
研究進捗報告/2024/11月15日(発表)/研究進捗発表_柴崎陸_11月15日.pptx,478,method,AUC
研究進捗報告/2024/11月15日(発表)/研究進捗発表_柴崎陸_11月15日.pptx,494,method,AUC
研究進捗報告/2024/11月15日(発表)/研究進捗発表_柴崎陸_11月15日.pptx,495,method,は閾値により分類して判断するものなので，回帰より改善しにくくなった？
研究進捗報告/2024/11月15日(発表)/研究進捗発表_柴崎陸_11月15日.pptx,514,method,AUC
研究進捗報告/2024/11月15日(発表)/研究進捗発表_柴崎陸_11月15日.pptx,524,next,今後の展望
研究進捗報告/2024/11月15日(発表)/研究進捗発表_柴崎陸_11月15日.pptx,533,next,今後の展望
研究進捗報告/2024/11月1日/研究進捗報告_柴崎陸_11月1日.docx,52,next,整理した課題に対する短期目標．
研究進捗報告/2024/11月1日/研究進捗報告_柴崎陸_11月1日.docx,53,next,研究実施に係る中期目標（例えば，中間発表までの計画など）．
研究進捗報告/2024/11月1日/研究進捗報告_柴崎陸_11月1日.pdf,19,next,【P】Plan: 整理した課題に対する短期目標．研究実施に係る中期目標（例えば，中間発
研究進捗報告/2024/11月22日/研究進捗報告_柴崎陸_11月22日.docx,33,next,80度の条件だが，他の条件の場合を試す優先度は？
研究進捗報告/2024/11月22日/研究進捗報告_柴崎陸_11月22日.docx,57,next,整理した課題に対する短期目標．
研究進捗報告/2024/11月22日/研究進捗報告_柴崎陸_11月22日.docx,58,next,研究実施に係る中期目標（例えば，中間発表までの計画など）．
研究進捗報告/2024/11月22日/研究進捗報告_柴崎陸_11月22日.pdf,13,next,3. 今検証中のデータは0.3mm・80 度の条件だが，他の条件の場合を試す優先
研究進捗報告/2024/11月22日/研究進捗報告_柴崎陸_11月22日.pdf,24,next,【P】Plan: 整理した課題に対する短期目標．研究実施に係る中期目標（例えば，中間発
研究進捗報告/2024/11月29日/研究進捗報告_柴崎陸_11月29日.docx,54,next,整理した課題に対する短期目標．
研究進捗報告/2024/11月29日/研究進捗報告_柴崎陸_11月29日.docx,55,next,研究実施に係る中期目標（例えば，中間発表までの計画など）．
研究進捗報告/2024/11月8日/研究進捗報告_柴崎陸_11月8日.docx,30,method,のR2やAUCが上がらない
研究進捗報告/2024/11月8日/研究進捗報告_柴崎陸_11月8日.docx,57,next,整理した課題に対する短期目標．
研究進捗報告/2024/11月8日/研究進捗報告_柴崎陸_11月8日.docx,58,next,研究実施に係る中期目標（例えば，中間発表までの計画など）．
研究進捗報告/2024/11月8日/研究進捗報告_柴崎陸_11月8日.pdf,11,method,R2 やAUC が上がらない．ほかのモデルはうまくいく． 
研究進捗報告/2024/11月8日/研究進捗報告_柴崎陸_11月8日.pdf,22,next,【P】Plan: 整理した課題に対する短期目標．研究実施に係る中期目標（例えば，中間発
研究進捗報告/2024/12月13日(中間発表下半期)/中間発表(下半期)_前刷り_柴崎陸.docx,27,next,また「今後の原子力政策の方向性と行動指針」が原子力関係閣僚会議で2023年4月に決定され
研究進捗報告/2024/12月13日(中間発表下半期)/中間発表(下半期)_前刷り_柴崎陸.docx,162,next,次に，
研究進捗報告/2024/12月13日(中間発表下半期)/中間発表(下半期)_前刷り_柴崎陸.docx,180,method,目視で決定した沸騰開始点の熱流束を閾値としてROC曲線を描画し，決定係数とAUCの指標を用いて評価を行った．
研究進捗報告/2024/12月13日(中間発表下半期)/中間発表(下半期)_前刷り_柴崎陸.docx,215,method,，評価指標として決定係数と　AUCを
研究進捗報告/2024/12月13日(中間発表下半期)/中間発表(下半期)_前刷り_柴崎陸.docx,242,method,AUC
研究進捗報告/2024/12月13日(中間発表下半期)/中間発表(下半期)_前刷り_柴崎陸.docx,311,method,AUCで
研究進捗報告/2024/12月13日(中間発表下半期)/中間発表(下半期)_前刷り_柴崎陸.docx,312,method;next,も決定係数の時と同様に，広いノイズ帯でアンサンブルの効果が見られた．しかし，評価塩氷河AUCのみであるため，データに偏りがある場合などにてきせつな　評価ができない場合もある．そのため，今後は
研究進捗報告/2024/12月13日(中間発表下半期)/中間発表(下半期)_前刷り_柴崎陸.pdf,16,next, また「今後の原子力政策の方向性と行動指針」
研究進捗報告/2024/12月13日(中間発表下半期)/中間発表(下半期)_前刷り_柴崎陸.pdf,72,next,次に，核沸騰開始点の妥当性を検証するため，
研究進捗報告/2024/12月13日(中間発表下半期)/中間発表(下半期)_前刷り_柴崎陸.pdf,82,method,で決定した沸騰開始点の熱流束を閾値として
研究進捗報告/2024/12月13日(中間発表下半期)/中間発表(下半期)_前刷り_柴崎陸.pdf,83,method,ROC 曲線を描画し，決定係数とAUC の指標を
研究進捗報告/2024/12月13日(中間発表下半期)/中間発表(下半期)_前刷り_柴崎陸.pdf,94,method,AUC を用いて検証した． 
研究進捗報告/2024/12月13日(中間発表下半期)/中間発表(下半期)_前刷り_柴崎陸.pdf,98,method,0.9158±0.0111 となった．また，AUCの結果は，
研究進捗報告/2024/12月13日(中間発表下半期)/中間発表(下半期)_前刷り_柴崎陸.pdf,119,method,AUC を用いてモデルの評価を行った．AUC でも
研究進捗報告/2024/12月13日(中間発表下半期)/中間発表(下半期)_前刷り_柴崎陸.pdf,122,method,AUC のみであるため，データに偏りがある場合
研究進捗報告/2024/12月13日(中間発表下半期)/中間発表(下半期)_前刷り_柴崎陸.pdf,124,next,そのため，今後は適合率、再現率，精度，F1 score，
研究進捗報告/2024/12月13日(中間発表下半期)/中間発表(下半期)_柴崎陸.pptx,15,next,今後の展望
研究進捗報告/2024/12月13日(中間発表下半期)/中間発表(下半期)_柴崎陸.pptx,29,next,今後の展望
研究進捗報告/2024/12月13日(中間発表下半期)/中間発表(下半期)_柴崎陸.pptx,182,method,AUC
研究進捗報告/2024/12月13日(中間発表下半期)/中間発表(下半期)_柴崎陸.pptx,191,next,今後の展望
研究進捗報告/2024/12月13日(中間発表下半期)/中間発表(下半期)_柴崎陸.pptx,236,next,目標の液温
研究進捗報告/2024/12月13日(中間発表下半期)/中間発表(下半期)_柴崎陸.pptx,240,next,目標温度の
研究進捗報告/2024/12月13日(中間発表下半期)/中間発表(下半期)_柴崎陸.pptx,265,next,→計測中は目標温度の
研究進捗報告/2024/12月13日(中間発表下半期)/中間発表(下半期)_柴崎陸.pptx,300,next,今後の展望
研究進捗報告/2024/12月13日(中間発表下半期)/中間発表(下半期)_柴崎陸.pptx,355,method,を，閾値として使用した
研究進捗報告/2024/12月13日(中間発表下半期)/中間発表(下半期)_柴崎陸.pptx,786,method,AUC
研究進捗報告/2024/12月13日(中間発表下半期)/中間発表(下半期)_柴崎陸.pptx,803,method,(AUC)
研究進捗報告/2024/12月13日(中間発表下半期)/中間発表(下半期)_柴崎陸.pptx,815,method,AUC
研究進捗報告/2024/12月13日(中間発表下半期)/中間発表(下半期)_柴崎陸.pptx,848,method,AUC
研究進捗報告/2024/12月13日(中間発表下半期)/中間発表(下半期)_柴崎陸.pptx,863,method,AUC
研究進捗報告/2024/12月13日(中間発表下半期)/中間発表(下半期)_柴崎陸.pptx,864,method,では，信頼区間が重なってはいたものの，アンサンブルにより性能が劣化するようなことはなく，使える．→重み付きのやり方の問題？閾値
研究進捗報告/2024/12月13日(中間発表下半期)/中間発表(下半期)_柴崎陸.pptx,877,next,今後の展望
研究進捗報告/2024/12月13日(中間発表下半期)/中間発表(下半期)_柴崎陸.pptx,886,next,今後の展望
研究進捗報告/2024/12月13日(中間発表下半期)/中間発表(下半期)_柴崎陸.pptx,890,method,の分類性能のある閾値はどこなのか
研究進捗報告/2024/12月13日(中間発表下半期)/中間発表(下半期)_柴崎陸.pptx,902,method,AUC
研究進捗報告/2024/12月13日(中間発表下半期)/中間発表_柴崎陸_前刷りの図.pptx,43,method,AUC
研究進捗報告/2024/12月13日(中間発表下半期)/中間発表フィードバック（柴崎さん）.docx,89,method,を，閾値として使用した[4] ．
研究進捗報告/2024/12月13日(中間発表下半期)/中間発表フィードバック（柴崎さん）.docx,122,method,検知可能領域を明示できれば、AUCの評価は無理に説明しなくても良い気がします。
研究進捗報告/2024/12月13日(中間発表下半期)/中間発表フィードバック（柴崎さん）.docx,124,next,アンサンブル学習により精度向上が達成されたのであれば、それの客観的なエビデンスの明示が必要。そうでなければ、確実に結論付けられることを探す。
研究進捗報告/2024/12月13日(中間発表下半期)/中間発表フィードバック（柴崎さん）.docx,125,next,・結論
研究進捗報告/2024/12月13日(中間発表下半期)/中間発表フィードバック（柴崎さん）.docx,126,next,目的と対応した結論が記述できるように、再度文案を検討してもらえますでしょうか。結論にといては特に、エビデンスで裏付けされた確実に断言できるもののみに絞った方が良い。曖昧な結論だと、価値を認めてもらえない（あるいは伝わらない）。
研究進捗報告/2024/12月20日/研究進捗報告_柴崎陸_12月20日.docx,47,next,整理した課題に対する短期目標．
研究進捗報告/2024/12月20日/研究進捗報告_柴崎陸_12月20日.docx,48,next,研究実施に係る中期目標（例えば，中間発表までの計画など）．
研究進捗報告/2024/12月20日/研究進捗報告_柴崎陸_12月20日.docx,49,method,100%分類性能を出せる閾値と，3日
研究進捗報告/2024/12月20日/研究進捗報告_柴崎陸_12月20日.pdf,21,next,【P】Plan: 整理した課題に対する短期目標．研究実施に係る中期目標（例えば，中間発
研究進捗報告/2024/12月20日/研究進捗報告_柴崎陸_12月20日.pdf,23,method,1. 100%分類性能を出せる閾値と，3 日間の実験日をまとめて現在行っています． 
研究進捗報告/2024/12月6日/研究進捗報告_柴崎陸_12月6日.docx,24,method,100%となる閾値(
研究進捗報告/2024/12月6日/研究進捗報告_柴崎陸_12月6日.docx,30,method,1かつ偽陽性率が0となる閾値
研究進捗報告/2024/12月6日/研究進捗報告_柴崎陸_12月6日.docx,32,method,その閾値が見つけられない．
研究進捗報告/2024/12月6日/研究進捗報告_柴崎陸_12月6日.docx,38,method,真陽性率が1かつ偽陽性率が0となる閾値
研究進捗報告/2024/12月6日/研究進捗報告_柴崎陸_12月6日.docx,64,next,整理した課題に対する短期目標．
研究進捗報告/2024/12月6日/研究進捗報告_柴崎陸_12月6日.docx,65,next,研究実施に係る中期目標（例えば，中間発表までの計画など）．
研究進捗報告/2024/12月6日/研究進捗報告_柴崎陸_12月6日.pdf,9,method,1. 分類性能が100%となる閾値(熱流束)を求めるとき，真陽性率が1 かつ偽陽
研究進捗報告/2024/12月6日/研究進捗報告_柴崎陸_12月6日.pdf,10,method,性率が0 となる閾値を条件として求めているが，その閾値が見つけられな
研究進捗報告/2024/12月6日/研究進捗報告_柴崎陸_12月6日.pdf,14,method,1. 真陽性率が1 かつ偽陽性率が0 となる閾値の条件以外にも，100%の分類性能か判断
研究進捗報告/2024/12月6日/研究進捗報告_柴崎陸_12月6日.pdf,22,next,【P】Plan: 整理した課題に対する短期目標．研究実施に係る中期目標（例えば，中間発
研究進捗報告/2024/1月10日/進捗報告_柴崎陸_1月10日.pptx,11,next,結論
研究進捗報告/2024/1月10日/進捗報告_柴崎陸_1月10日.pptx,23,next,結論
研究進捗報告/2024/1月10日/進捗報告_柴崎陸_1月10日.pptx,116,next,結論
研究進捗報告/2024/1月10日/進捗報告_柴崎陸_1月10日.pptx,152,next,結論
研究進捗報告/2024/1月10日/進捗報告_柴崎陸_1月10日.pptx,162,next,結論
研究進捗報告/2024/1月10日/進捗報告_柴崎陸_1月10日.pptx,196,next,結論
研究進捗報告/2024/1月17日/進捗報告_柴崎陸_1月17日.pptx,10,next,結論
研究進捗報告/2024/1月17日/進捗報告_柴崎陸_1月17日.pptx,18,next,結論
研究進捗報告/2024/1月17日/進捗報告_柴崎陸_1月17日.pptx,50,next,結論
研究進捗報告/2024/1月17日/進捗報告_柴崎陸_1月17日.pptx,57,next,結論
研究進捗報告/2024/1月24日(最終卒論発表)/8121048_柴崎陸.pdf,18,next,示すことを目標に，水を対象としたサブクール沸騰時に生じる音響データを取得し，時間‐
研究進捗報告/2024/1月24日(最終卒論発表)/8121048_柴崎陸.pdf,20,method,基に沸騰開始点を閾値としたROC 曲線による沸騰発生検知性能を評価した結果，検知手法の
研究進捗報告/2024/1月24日(最終卒論発表)/8121048_柴崎陸.pdf,109,next,今後の展望. . . . . . . . . . . . . . . . . . . . . . . . . . . . . . . . . . . . .
研究進捗報告/2024/1月24日(最終卒論発表)/8121048_柴崎陸.pdf,178,next,は，電力広域的運営推進機関が2024 年1 月に公表した今後10 年間の電力需要の予測によれ
研究進捗報告/2024/1月24日(最終卒論発表)/8121048_柴崎陸.pdf,250,next,する結果を中心に論じる．最後に第5 章では，以上を踏まえた本研究の結論と今後の展望に
研究進捗報告/2024/1月24日(最終卒論発表)/8121048_柴崎陸.pdf,450,next,式(3.2.1) において，𝑁は信号𝑦signal(𝑖) のサンプル数を表す．次に，ノイズ信号についても
研究進捗報告/2024/1月24日(最終卒論発表)/8121048_柴崎陸.pdf,666,method,AUC（Area Under the Curve）は，ROC 曲線の下に囲まれた面積を表す指標であり，モデ
研究進捗報告/2024/1月24日(最終卒論発表)/8121048_柴崎陸.pdf,667,method,ルの全体的な性能を示す[18]．AUC は0 から1 の範囲で，1 に近いほど優れた分類性能を持
研究進捗報告/2024/1月24日(最終卒論発表)/8121048_柴崎陸.pdf,668,method,つことを示す．AUC の値が0.5 の場合，モデルはランダムな予測と同等の性能であり，0.5
研究進捗報告/2024/1月24日(最終卒論発表)/8121048_柴崎陸.pdf,670,method,ROC 曲線とAUC は，特に不均衡なデータセットにおいて有用であり，クラスの不均衡が
研究進捗報告/2024/1月24日(最終卒論発表)/8121048_柴崎陸.pdf,675,method,と特異度を計算する．具体的には，予測確率を閾値に基づいてクラスラベルに変換し，これ
研究進捗報告/2024/1月24日(最終卒論発表)/8121048_柴崎陸.pdf,677,method,を元に，異なる閾値に対する感度と特異度を求め，これらの値をプロットすることでROC 曲
研究進捗報告/2024/1月24日(最終卒論発表)/8121048_柴崎陸.pdf,690,method,このようにして，ROC 曲線を描くためにさまざまな閾値を設定し，その結果を基に性能を
研究進捗報告/2024/1月24日(最終卒論発表)/8121048_柴崎陸.pdf,694,method,方法と異なる点は，ラベル変換のため閾値を1 つしか使用しないことである．その1 つの閾
研究進捗報告/2024/1月24日(最終卒論発表)/8121048_柴崎陸.pdf,696,method,求め方とその妥当性については第4 章に示した．これにより，回帰分析の予測熱流束が閾値
研究進捗報告/2024/1月24日(最終卒論発表)/8121048_柴崎陸.pdf,697,method,より高いときは陽性（沸騰），低いときは陰性（未沸騰）のラベルに分類し，1 つの閾値に基づ
研究進捗報告/2024/1月24日(最終卒論発表)/8121048_柴崎陸.pdf,705,method,に，指定された閾値（THRESHOLD）を使用して2 値分類を行う．本研究では，3 回
研究進捗報告/2024/1月24日(最終卒論発表)/8121048_柴崎陸.pdf,706,method,の実験データをまとめて学習データとして使用しているため，閾値の熱流束は3 回の
研究進捗報告/2024/1月24日(最終卒論発表)/8121048_柴崎陸.pdf,707,method,実験ごとの核沸騰開始点の熱流束の平均値を使用した．予測値がこの閾値を超える場
研究進捗報告/2024/1月24日(最終卒論発表)/8121048_柴崎陸.pdf,712,method,デル）に対してROC 曲線を描画し，曲線下面積であるAUC（Area Under the Curve）
研究進捗報告/2024/1月24日(最終卒論発表)/8121048_柴崎陸.pdf,714,method,5. 最後に，各単体モデルとアンサンブル学習の決定係数およびAUC の結果を比較する．
研究進捗報告/2024/1月24日(最終卒論発表)/8121048_柴崎陸.pdf,751,method,• 各塊内の予測値が全て閾値を超えているかを判定．
研究進捗報告/2024/1月24日(最終卒論発表)/8121048_柴崎陸.pdf,753,method,3. すべての予測値が閾値を超える場合，その最小予測値を「100% 分類可能な熱流束値」
研究進捗報告/2024/1月24日(最終卒論発表)/8121048_柴崎陸.pdf,755,method,4. 結果をプロットし，閾値を超えた塊の最小値をグラフに描画する．
研究進捗報告/2024/1月24日(最終卒論発表)/8121048_柴崎陸.pdf,758,method,モデル性能の評価には，決定係数，曲線下面積(AUC)，および劣化率を用いた．劣化率は
研究進捗報告/2024/1月24日(最終卒論発表)/8121048_柴崎陸.pdf,766,method,ここで，性能no noise はノイズがない場合の決定係数またはAUC，性能noise は特定のSNR
研究進捗報告/2024/1月24日(最終卒論発表)/8121048_柴崎陸.pdf,781,next,ここで，𝜎𝐴と𝜎𝐵はそれぞれの測定値の標準誤差を表す．次に，比𝐴
研究進捗報告/2024/1月24日(最終卒論発表)/8121048_柴崎陸.pdf,862,method,AUC を比較することでノイズ耐性を評価する．また，異なるSNR 条件下におけるモデルの
研究進捗報告/2024/1月24日(最終卒論発表)/8121048_柴崎陸.pdf,890,method,モデルごとの決定係数とAUC の比較
研究進捗報告/2024/1月24日(最終卒論発表)/8121048_柴崎陸.pdf,891,method,本節では，全ての回帰分析結果をモデルごとに比較し，決定係数とAUC を用いた性能評価
研究進捗報告/2024/1月24日(最終卒論発表)/8121048_柴崎陸.pdf,893,method,まず，各単一モデルとアンサンブルモデルの5 分割交差検証による決定係数およびAUC を
研究進捗報告/2024/1月24日(最終卒論発表)/8121048_柴崎陸.pdf,936,method,Table 4.2.2 Comparison of AUC of models by SNR
研究進捗報告/2024/1月24日(最終卒論発表)/8121048_柴崎陸.pdf,979,method,く再現していることを意味する．一方，AUC 値の表は，モデルの分類性能を表しており，高
研究進捗報告/2024/1月24日(最終卒論発表)/8121048_柴崎陸.pdf,980,method,いAUC 値はモデルが沸騰・未沸騰の分類を正確に行えることを示している．いずれの指標
研究進捗報告/2024/1月24日(最終卒論発表)/8121048_柴崎陸.pdf,983,method;next,次に，決定係数とAUC をモデルごとにグラフ化し，ノイズ耐性を視覚的に比較した．
研究進捗報告/2024/1月24日(最終卒論発表)/8121048_柴崎陸.pdf,994,method,AUC の比較
研究進捗報告/2024/1月24日(最終卒論発表)/8121048_柴崎陸.pdf,995,method,Fig. 4.2.3 は各モデルにおけるAUC のSNR 条件ごとの比較の図を示している．
研究進捗報告/2024/1月24日(最終卒論発表)/8121048_柴崎陸.pdf,996,method,Fig. 4.2.3 Comparison of AUC in each model
研究進捗報告/2024/1月24日(最終卒論発表)/8121048_柴崎陸.pdf,1047,method,Table 4.2.4 AUC degradation rate
研究進捗報告/2024/1月24日(最終卒論発表)/8121048_柴崎陸.pdf,1116,next,100% 検知可能とする熱流束を算出する．次に，この値を定量的に評価する手法として，実験
研究進捗報告/2024/1月24日(最終卒論発表)/8121048_柴崎陸.pdf,1380,method,第二に，ROC 曲線分析およびAUC 評価により，アンサンブルモデルの優位性を実証した．
研究進捗報告/2024/1月24日(最終卒論発表)/8121048_柴崎陸.pdf,1384,method,AUC においても約8% の劣化率に留めた．この結果は，可視化データと音圧変化の時刻歴応
研究進捗報告/2024/1月24日(最終卒論発表)/8121048_柴崎陸.pdf,1390,next,今後の展望
研究進捗報告/2024/1月24日(最終卒論発表)/8121048_柴崎陸.pdf,1391,next,本研究における今後の展望として，いくつかの重要な課題と改善点が挙げられる．まず，
研究進捗報告/2024/1月24日(最終卒論発表)/8121048_柴崎陸.pdf,1395,next,次に，100% 分類性能では，予測アルゴリズムのファインチューニングや，リアルタイム性
研究進捗報告/2024/1月24日(最終卒論発表)/8121048_柴崎陸.pdf,1468,method,"McInnes, and Andreas Holzinger. Deep roc analysis and auc as balanced average accuracy,"
研究進捗報告/2024/1月24日(最終卒論発表)/卒論_8121048_柴崎陸.pptx,9,method,AUC
研究進捗報告/2024/1月24日(最終卒論発表)/卒論最終発表_前刷り_柴崎陸.docx,147,method,目視で決定した沸騰開始点の熱流束を閾値として
研究進捗報告/2024/1月24日(最終卒論発表)/卒論最終発表_前刷り_柴崎陸.docx,182,method,，評価指標として決定係数と　AUCを
研究進捗報告/2024/1月24日(最終卒論発表)/卒論最終発表_前刷り_柴崎陸.docx,186,method,とAUC
研究進捗報告/2024/1月24日(最終卒論発表)/卒論最終発表_前刷り_柴崎陸.docx,199,method,score and AUC
研究進捗報告/2024/1月24日(最終卒論発表)/卒論最終発表_前刷り_柴崎陸.docx,209,method,AUCの劣化率をまとめた表をTable
研究進捗報告/2024/1月24日(最終卒論発表)/卒論最終発表_前刷り_柴崎陸.docx,217,method,，-20dBで約9-12%の劣化となった．また，Table4.2のAUCでは，決定係数より劣化率が小さく，
研究進捗報告/2024/1月24日(最終卒論発表)/卒論最終発表_前刷り_柴崎陸.docx,219,method,すべてのｐSNR条件で決定係数の劣化率が小さいことから，安定性が一貫して確認できる．AUCでは
研究進捗報告/2024/1月24日(最終卒論発表)/卒論最終発表_前刷り_柴崎陸.docx,259,next,今後は
研究進捗報告/2024/1月24日(最終卒論発表)/卒論最終発表_前刷り_柴崎陸.pdf,55,method,目視で決定した沸騰開始点の熱流束を閾値と
研究進捗報告/2024/1月24日(最終卒論発表)/卒論最終発表_前刷り_柴崎陸.pdf,65,method,で，評価指標として決定係数と AUC を用いて
研究進捗報告/2024/1月24日(最終卒論発表)/卒論最終発表_前刷り_柴崎陸.pdf,67,method,決定係数とAUC の結果をFig.4.1 に示した． 
研究進捗報告/2024/1月24日(最終卒論発表)/卒論最終発表_前刷り_柴崎陸.pdf,70,method,Fig.4.1 Comparison of R2score and AUC in each model 
研究進捗報告/2024/1月24日(最終卒論発表)/卒論最終発表_前刷り_柴崎陸.pdf,85,method,するため，ノイズ条件ごとの決定係数とAUC の
研究進捗報告/2024/1月24日(最終卒論発表)/卒論最終発表_前刷り_柴崎陸.pdf,92,method,化となった．また，Table4.2 のAUC では，決定
研究進捗報告/2024/1月24日(最終卒論発表)/卒論最終発表_前刷り_柴崎陸.pdf,96,method,ことから，安定性が一貫して確認できる．AUC
研究進捗報告/2024/1月24日(最終卒論発表)/卒論最終発表_前刷り_柴崎陸.pdf,130,next,今後は，異なるサブクール度や白金細線の形
研究進捗報告/2024/1月24日(最終卒論発表)/卒論最終発表_柴崎陸.pptx,17,next,今後の展望
研究進捗報告/2024/1月24日(最終卒論発表)/卒論最終発表_柴崎陸.pptx,43,next,今後の展望
研究進捗報告/2024/1月24日(最終卒論発表)/卒論最終発表_柴崎陸.pptx,160,next,今後の展望
研究進捗報告/2024/1月24日(最終卒論発表)/卒論最終発表_柴崎陸.pptx,263,next,目標の液温
研究進捗報告/2024/1月24日(最終卒論発表)/卒論最終発表_柴崎陸.pptx,267,next,目標温度の
研究進捗報告/2024/1月24日(最終卒論発表)/卒論最終発表_柴崎陸.pptx,345,next,今後の展望
研究進捗報告/2024/1月24日(最終卒論発表)/卒論最終発表_柴崎陸.pptx,623,method,閾値
研究進捗報告/2024/1月24日(最終卒論発表)/卒論最終発表_柴崎陸.pptx,628,method,予測値が閾値を
研究進捗報告/2024/1月24日(最終卒論発表)/卒論最終発表_柴崎陸.pptx,643,method,AUC(
研究進捗報告/2024/1月24日(最終卒論発表)/卒論最終発表_柴崎陸.pptx,651,method,AUC
研究進捗報告/2024/1月24日(最終卒論発表)/卒論最終発表_柴崎陸.pptx,662,next,今後の展望
研究進捗報告/2024/1月24日(最終卒論発表)/卒論最終発表_柴崎陸.pptx,786,method,Fig. 4.8 Comparison of AUC in each model
研究進捗報告/2024/1月24日(最終卒論発表)/卒論最終発表_柴崎陸.pptx,792,method,AUC
研究進捗報告/2024/1月24日(最終卒論発表)/卒論最終発表_柴崎陸.pptx,819,next,p20
研究進捗報告/2024/1月24日(最終卒論発表)/卒論最終発表_柴崎陸.pptx,835,method,4.2 Degradation rate of AUC of the model per SNR(%)
研究進捗報告/2024/1月24日(最終卒論発表)/卒論最終発表_柴崎陸.pptx,845,method,AUC
研究進捗報告/2024/1月24日(最終卒論発表)/卒論最終発表_柴崎陸.pptx,859,method,AUC
研究進捗報告/2024/1月24日(最終卒論発表)/卒論最終発表_柴崎陸.pptx,987,next,今後の展望
研究進捗報告/2024/1月24日(最終卒論発表)/卒論最終発表_柴崎陸.pptx,1008,next,今後の展望
研究進捗報告/2024/1月24日(最終卒論発表)/卒論最終発表_柴崎陸.pptx,1038,next,– p12
研究進捗報告/2024/1月24日(最終卒論発表)/卒論最終発表_柴崎陸.pptx,1120,next,– p12
研究進捗報告/2024/1月24日(最終卒論発表)/卒論最終発表_柴崎陸.pptx,1148,next,– p14
研究進捗報告/2024/1月24日(最終卒論発表)/卒論最終発表_柴崎陸.pptx,1191,method,陽性と陰性に分類する際の閾値を変更した際の真陽性率と偽陽性率の値をプロットしていく
研究進捗報告/2024/1月24日(最終卒論発表)/卒論最終発表_柴崎陸.pptx,1198,method,AUC
研究進捗報告/2024/1月24日(最終卒論発表)/卒論最終発表_柴崎陸.pptx,1207,method,https://www.kikagaku.co.jp/kikagaku-blog/roc-auc/
研究進捗報告/2024/1月24日(最終卒論発表)/卒論最終発表_柴崎陸.pptx,1218,next,– p14
研究進捗報告/2024/1月24日(最終卒論発表)/卒論最終発表_柴崎陸.pptx,1224,next, – p18
研究進捗報告/2024/1月24日(最終卒論発表)/卒論最終発表_柴崎陸.pptx,1245,next, – p20
研究進捗報告/2024/1月24日(最終卒論発表)/卒論最終発表_柴崎陸.pptx,1254,next, – p20
研究進捗報告/2024/1月24日(最終卒論発表)/提出後FB.pdf,18,next,を示すことを目標に，水を対象としたサブクール沸騰時に生じる音響データを取得し，時間
研究進捗報告/2024/1月24日(最終卒論発表)/提出後FB.pdf,20,method,を基に沸騰開始点を閾値としたROC 曲線による沸騰発生検知性能を評価した結果，検知手法
研究進捗報告/2024/1月24日(最終卒論発表)/提出後FB.pdf,109,next,今後の展望. . . . . . . . . . . . . . . . . . . . . . . . . . . . . . . . . . . . .
研究進捗報告/2024/1月24日(最終卒論発表)/提出後FB.pdf,163,next,は，電力広域的運営推進機関が2024 年1 月に公表した今後10 年間の電力需要の予測によれ
研究進捗報告/2024/1月24日(最終卒論発表)/提出後FB.pdf,236,next,果を中心に論じる．最後に第5 章では，以上を踏まえた本研究の結論と今後の展望について
研究進捗報告/2024/1月24日(最終卒論発表)/提出後FB.pdf,498,next,的に学習を実現するアルゴリズムである．Adam の更新式を次に示す．
研究進捗報告/2024/1月24日(最終卒論発表)/提出後FB.pdf,672,method,AUC（Area Under the Curve）は，ROC 曲線の下に囲まれた面積を表す指標であり，モデ
研究進捗報告/2024/1月24日(最終卒論発表)/提出後FB.pdf,673,method,ルの全体的な性能を示す[17]．AUC は0 から1 の範囲で，1 に近いほど優れた分類性能を持
研究進捗報告/2024/1月24日(最終卒論発表)/提出後FB.pdf,674,method,つことを示す．AUC の値が0.5 の場合，モデルはランダムな予測と同等の性能であり，0.5
研究進捗報告/2024/1月24日(最終卒論発表)/提出後FB.pdf,676,method,ROC 曲線とAUC は，特に不均衡なデータセットにおいて有用であり，クラスの不均衡が
研究進捗報告/2024/1月24日(最終卒論発表)/提出後FB.pdf,685,method,と特異度を計算する．具体的には，予測確率を閾値に基づいてクラスラベルに変換し，これ
研究進捗報告/2024/1月24日(最終卒論発表)/提出後FB.pdf,687,method,を元に，異なる閾値に対する感度と特異度を求め，これらの値をプロットすることでROC 曲
研究進捗報告/2024/1月24日(最終卒論発表)/提出後FB.pdf,696,method,このようにして，ROC 曲線を描くためにさまざまな閾値を設定し，その結果を基に性能を
研究進捗報告/2024/1月24日(最終卒論発表)/提出後FB.pdf,700,method,方法と異なる点は，ラベル変換のため閾値を1 つしか使用しないことである．その1 つの閾
研究進捗報告/2024/1月24日(最終卒論発表)/提出後FB.pdf,702,method,求め方とその妥当性については第4 章に示した．これにより，回帰分析の予測熱流束が閾値
研究進捗報告/2024/1月24日(最終卒論発表)/提出後FB.pdf,703,method,より高いときは陽性（沸騰），低いときは陰性（未沸騰）のラベルに分類し，1 つの閾値に基づ
研究進捗報告/2024/1月24日(最終卒論発表)/提出後FB.pdf,711,method,に，指定された閾値（THRESHOLD）を使用して2 値分類を行う．本研究では，3 回
研究進捗報告/2024/1月24日(最終卒論発表)/提出後FB.pdf,712,method,の実験データをまとめて学習データとして使用しているため，閾値の熱流束は3 回の
研究進捗報告/2024/1月24日(最終卒論発表)/提出後FB.pdf,713,method,実験ごとの核沸騰開始点の熱流束の平均値を使用した．予測値がこの閾値を超える場
研究進捗報告/2024/1月24日(最終卒論発表)/提出後FB.pdf,718,method,デル）に対してROC 曲線を描画し，曲線下面積であるAUC（Area Under the Curve）
研究進捗報告/2024/1月24日(最終卒論発表)/提出後FB.pdf,720,method,5. 最後に，各単体モデルとアンサンブル学習の決定係数およびAUC の結果を比較する．
研究進捗報告/2024/1月24日(最終卒論発表)/提出後FB.pdf,755,method,• 各塊内の予測値が全て閾値を超えているかを判定．
研究進捗報告/2024/1月24日(最終卒論発表)/提出後FB.pdf,757,method,3. すべての予測値が閾値を超える場合，その最小予測値を「100% 分類可能な熱流束値」
研究進捗報告/2024/1月24日(最終卒論発表)/提出後FB.pdf,759,method,4. 結果をプロットし，閾値を超えた塊の最小値をグラフに描画する．
研究進捗報告/2024/1月24日(最終卒論発表)/提出後FB.pdf,764,method,• 曲線下面積(AUC)
研究進捗報告/2024/1月24日(最終卒論発表)/提出後FB.pdf,866,method,モデルごとの決定係数とAUC の比較
研究進捗報告/2024/1月24日(最終卒論発表)/提出後FB.pdf,867,method,本節では，全ての回帰分析結果をモデルごとに比較し，決定係数とAUC を用いた性能評価
研究進捗報告/2024/1月24日(最終卒論発表)/提出後FB.pdf,869,method,まず，各単一モデルとアンサンブルモデルの5 分割交差検証による決定係数およびAUC を
研究進捗報告/2024/1月24日(最終卒論発表)/提出後FB.pdf,912,method,Table 4.2.2 Comparison of AUC of models by SNR
研究進捗報告/2024/1月24日(最終卒論発表)/提出後FB.pdf,955,method,く再現していることを意味する．一方，AUC 値の表は，モデルの分類性能を表しており，高
研究進捗報告/2024/1月24日(最終卒論発表)/提出後FB.pdf,956,method,いAUC 値はモデルが沸騰・未沸騰の分類を正確に行えることを示している．いずれの指標
研究進捗報告/2024/1月24日(最終卒論発表)/提出後FB.pdf,959,method;next,次に，決定係数とAUC をモデルごとにグラフ化し，ノイズ耐性を視覚的に比較した．
研究進捗報告/2024/1月24日(最終卒論発表)/提出後FB.pdf,970,method,AUC の比較
研究進捗報告/2024/1月24日(最終卒論発表)/提出後FB.pdf,971,method,Fig.4.2.3 は各モデルにおけるAUC のSNR 条件ごとの比較の図を示している．
研究進捗報告/2024/1月24日(最終卒論発表)/提出後FB.pdf,972,method,Fig. 4.2.3 Comparison of AUC in each model
研究進捗報告/2024/1月24日(最終卒論発表)/提出後FB.pdf,1023,method,AUC の劣化率
研究進捗報告/2024/1月24日(最終卒論発表)/提出後FB.pdf,1024,method,Table 4.2.4 Degradation rate of AUC of the model per SNR (%)
研究進捗報告/2024/1月24日(最終卒論発表)/提出後FB.pdf,1065,method,実験結果から，劣化特性の全般的な傾向として，両指標（決定係数とAUC）においてSNR
研究進捗報告/2024/1月24日(最終卒論発表)/提出後FB.pdf,1066,method,の低下に伴い単調な性能劣化が観察された．ただし決定係数の劣化率はAUC の劣化率と比
研究進捗報告/2024/1月24日(最終卒論発表)/提出後FB.pdf,1067,method,較して大きく，SNR = -20dB において決定係数では約9-12% の劣化を示したのに対し，AUC
研究進捗報告/2024/1月24日(最終卒論発表)/提出後FB.pdf,1094,next,100% 検知可能とする熱流束を算出する．次に，この値を定量的に評価する手法として，実験
研究進捗報告/2024/1月24日(最終卒論発表)/提出後FB.pdf,1361,method,デルが11% 前後を示す中約8.9% に抑制された．AUC においても，劣化率約8% と他のモデ
研究進捗報告/2024/1月24日(最終卒論発表)/提出後FB.pdf,1363,next,次に，実用的観点から重要な早期検知能力について，沸騰開始点を限界熱流束の2.5% から
研究進捗報告/2024/1月24日(最終卒論発表)/提出後FB.pdf,1370,next,今後の展望
研究進捗報告/2024/1月24日(最終卒論発表)/提出後FB.pdf,1371,next,本研究における今後の展望として，いくつかの重要な課題と改善点が挙げられる．まず，
研究進捗報告/2024/1月24日(最終卒論発表)/提出後FB.pdf,1375,next,次に，100% 分類性能では，予測アルゴリズムのファインチューニングや，リアルタイム性
研究進捗報告/2024/1月24日(最終卒論発表)/提出後FB.pdf,1441,method,"McInnes, and Andreas Holzinger. Deep roc analysis and auc as balanced average accuracy,"
研究進捗報告/2024/4月19日/研究進捗報告_柴崎陸_4月19日-DESKTOP-7328A13.docx,45,next,整理した課題に対する短期目標．
研究進捗報告/2024/4月19日/研究進捗報告_柴崎陸_4月19日-DESKTOP-7328A13.docx,46,next,研究実施に係る中期目標（例えば，中間発表までの計画など）．
研究進捗報告/2024/4月19日/研究進捗報告_柴崎陸_4月19日.docx,56,next,整理した課題に対する短期目標．
研究進捗報告/2024/4月19日/研究進捗報告_柴崎陸_4月19日.docx,57,next,研究実施に係る中期目標（例えば，中間発表までの計画など）．
研究進捗報告/2024/4月19日/研究進捗報告_柴崎陸_4月19日.pdf,31,next,【P】Plan: 整理した課題に対する短期目標．研究実施に係る中期目標（例えば，中間発
研究進捗報告/2024/4月26日/研究進捗報告_柴崎陸_4月26日.docx,39,next,整理した課題に対する短期目標．
研究進捗報告/2024/4月26日/研究進捗報告_柴崎陸_4月26日.docx,40,next,研究実施に係る中期目標（例えば，中間発表までの計画など）．
研究進捗報告/2024/4月26日/研究進捗報告_柴崎陸_4月26日.pdf,29,next,【P】Plan: 整理した課題に対する短期目標．研究実施に係る中期目標（例えば，中間発
研究進捗報告/2024/4月5日/研究進捗報告_柴崎陸_4月5日.docx,54,next,整理した課題に対する短期目標．
研究進捗報告/2024/4月5日/研究進捗報告_柴崎陸_4月5日.docx,55,next,研究実施に係る中期目標（例えば，中間発表までの計画など）．
研究進捗報告/2024/4月5日/研究進捗報告_柴崎陸_4月5日.pdf,32,next,【P】Plan: 整理した課題に対する短期目標．研究実施に係る中期目標（例えば，中間発
研究進捗報告/2024/4月5日/研究進捗報告_柴崎陸_４月5日.docx,54,next,整理した課題に対する短期目標．
研究進捗報告/2024/4月5日/研究進捗報告_柴崎陸_４月5日.docx,55,next,研究実施に係る中期目標（例えば，中間発表までの計画など）．
研究進捗報告/2024/4月5日/研究進捗報告_柴崎陸_４月5日.pdf,32,next,【P】Plan: 整理した課題に対する短期目標．研究実施に係る中期目標（例えば，中間発
研究進捗報告/2024/5月10日/研究進捗報告_柴崎陸_5月10日.docx,52,next,整理した課題に対する短期目標．
研究進捗報告/2024/5月10日/研究進捗報告_柴崎陸_5月10日.docx,53,next,研究実施に係る中期目標（例えば，中間発表までの計画など）．
研究進捗報告/2024/5月10日/研究進捗報告_柴崎陸_5月10日.pdf,28,next,【P】Plan: 整理した課題に対する短期目標．研究実施に係る中期目標（例えば，中間発
研究進捗報告/2024/5月17日(発表)/植木研発表資料_柴崎陸_5月17日.pptx,21,next,今後について
研究進捗報告/2024/5月17日(発表)/植木研発表資料_柴崎陸_5月17日.pptx,76,next,", p172"
研究進捗報告/2024/5月17日(発表)/植木研発表資料_柴崎陸_5月17日.pptx,111,next,", p172"
研究進捗報告/2024/5月17日(発表)/植木研発表資料_柴崎陸_5月17日.pptx,345,next,今後について
研究進捗報告/2024/5月24日/研究進捗報告_柴崎陸_5月24日.docx,49,next,整理した課題に対する短期目標．
研究進捗報告/2024/5月24日/研究進捗報告_柴崎陸_5月24日.docx,50,next,研究実施に係る中期目標（例えば，中間発表までの計画など）．
研究進捗報告/2024/5月24日/研究進捗報告_柴崎陸_5月24日.docx,52,next,今後調べていきたい。
研究進捗報告/2024/5月24日/研究進捗報告_柴崎陸_5月24日.pdf,28,next,【P】Plan: 整理した課題に対する短期目標．研究実施に係る中期目標（例えば，中間発
研究進捗報告/2024/5月24日/研究進捗報告_柴崎陸_5月24日.pdf,30,next,元データとの一致度を評価する方針で今後調べていきたい。 
研究進捗報告/2024/5月31日/研究進捗報告_柴崎陸_5月31日.docx,50,next,整理した課題に対する短期目標．
研究進捗報告/2024/5月31日/研究進捗報告_柴崎陸_5月31日.docx,51,next,研究実施に係る中期目標（例えば，中間発表までの計画など）．
研究進捗報告/2024/5月31日/研究進捗報告_柴崎陸_5月31日.pdf,29,next,【P】Plan: 整理した課題に対する短期目標．研究実施に係る中期目標（例えば，中間発
研究進捗報告/2024/6月14日(発表)/植木研発表資料_柴崎陸_6月14日.pptx,16,next,今後の展望
研究進捗報告/2024/6月14日(発表)/植木研発表資料_柴崎陸_6月14日.pptx,37,next,", p12"
研究進捗報告/2024/6月14日(発表)/植木研発表資料_柴崎陸_6月14日.pptx,67,next,", p13"
研究進捗報告/2024/6月14日(発表)/植木研発表資料_柴崎陸_6月14日.pptx,310,next,", p114"
研究進捗報告/2024/6月14日(発表)/植木研発表資料_柴崎陸_6月14日.pptx,613,next,次に、確率密度関数
研究進捗報告/2024/6月14日(発表)/植木研発表資料_柴崎陸_6月14日.pptx,743,next,", p124"
研究進捗報告/2024/6月14日(発表)/植木研発表資料_柴崎陸_6月14日.pptx,781,next,", p127"
研究進捗報告/2024/6月14日(発表)/植木研発表資料_柴崎陸_6月14日.pptx,811,next,", p127"
研究進捗報告/2024/6月14日(発表)/植木研発表資料_柴崎陸_6月14日.pptx,870,next,", p128"
研究進捗報告/2024/6月14日(発表)/植木研発表資料_柴崎陸_6月14日.pptx,1025,next,", p220"
研究進捗報告/2024/6月14日(発表)/植木研発表資料_柴崎陸_6月14日.pptx,1252,next,", p266"
研究進捗報告/2024/6月14日(発表)/植木研発表資料_柴崎陸_6月14日.pptx,1256,next,今後の展望
研究進捗報告/2024/6月21日/研究進捗報告_柴崎陸_6月21日.docx,51,next,整理した課題に対する短期目標．
研究進捗報告/2024/6月21日/研究進捗報告_柴崎陸_6月21日.docx,52,next,研究実施に係る中期目標（例えば，中間発表までの計画など）．
研究進捗報告/2024/6月21日/研究進捗報告_柴崎陸_6月21日.pdf,26,next,【P】Plan: 整理した課題に対する短期目標．研究実施に係る中期目標（例えば，中間発
研究進捗報告/2024/6月28日(論文輪講)/論文輪講_柴崎陸_8121048.docx,6,next,本研究は、メル周波数ケプストラム係数（MFCC）が異常な心音を検出する効果について、単一分類器とアンサンブル分類器の二つの戦略を用いて検討したものである。心音はまずノイズを除去するために前処理され、次にS1、収縮期、S2、拡張期の区間に分割され、各セグメントから13個のMFCCが推定され、1拍あたり52個のMFCCが得られる。これらのMFCCは心音の分類に使用される。単一分類器戦略では、連続する9つの拍からのMFCCを平均し、単一分類器（サポートベクターマシン（SVM）、k近傍法（
研究進捗報告/2024/6月28日(論文輪講)/論文輪講_柴崎陸_8121048.docx,26,next,この記事の残りの部分は次のように構成されています。第2節では、PCGデータベース、MFCCの推定、および2つの分類戦略を説明します。第3節では結果を詳細に示します。第4節では結果を議論し、類似の研究と比較します。第5節では本研究の結論を述べます。
研究進捗報告/2024/6月28日(論文輪講)/論文輪講_柴崎陸_8121048.docx,42,next,MFCCを抽出するために、まずPCG信号を24msのフレームに分割します。隣接するフレームは18ms重なります。次に、各フレームにハミング窓を掛け、その窓付きフレームの64点DFT係数を計算します。
研究進捗報告/2024/6月28日(論文輪講)/論文輪講_柴崎陸_8121048.docx,54,next,として推定します。次に、このフレームの全てのMelバンド内のパワーを計算します。そのために、M=20の三角フィルターを使用します【10】。
研究進捗報告/2024/6月28日(論文輪講)/論文輪講_柴崎陸_8121048.docx,778,next,5. 結論
研究進捗報告/2024/6月28日(論文輪講)/論文輪講_柴崎陸_8121048.pptx,16,next,結論
研究進捗報告/2024/6月28日(論文輪講)/論文輪講_柴崎陸_8121048.pptx,17,next,今後について
研究進捗報告/2024/6月28日(論文輪講)/論文輪講_柴崎陸_8121048.pptx,26,next,結論
研究進捗報告/2024/6月28日(論文輪講)/論文輪講_柴崎陸_8121048.pptx,27,next,今後について
研究進捗報告/2024/6月28日(論文輪講)/論文輪講_柴崎陸_8121048.pptx,61,next,結論
研究進捗報告/2024/6月28日(論文輪講)/論文輪講_柴崎陸_8121048.pptx,62,next,今後について
研究進捗報告/2024/6月28日(論文輪講)/論文輪講_柴崎陸_8121048.pptx,100,next,結論
研究進捗報告/2024/6月28日(論文輪講)/論文輪講_柴崎陸_8121048.pptx,101,next,今後について
研究進捗報告/2024/6月28日(論文輪講)/論文輪講_柴崎陸_8121048.pptx,866,next,結論
研究進捗報告/2024/6月28日(論文輪講)/論文輪講_柴崎陸_8121048.pptx,867,next,今後について
研究進捗報告/2024/6月28日(論文輪講)/論文輪講_柴崎陸_8121048.pptx,1028,next,結論
研究進捗報告/2024/6月28日(論文輪講)/論文輪講_柴崎陸_8121048.pptx,1029,next,今後について
研究進捗報告/2024/6月28日(論文輪講)/論文輪講_柴崎陸_8121048.pptx,1034,next,結論
研究進捗報告/2024/6月28日(論文輪講)/論文輪講_柴崎陸_8121048.pptx,1049,next,結論
研究進捗報告/2024/6月28日(論文輪講)/論文輪講_柴崎陸_8121048.pptx,1097,next,"”Enhanced Classification of Heart Sounds Using Mel Frequency Cepstral Coefficients: A Comparative Study of Single and Ensemble Classifier Strategies”, p12"
研究進捗報告/2024/6月28日(論文輪講)/論文輪講_柴崎陸_8121048.pptx,1102,next,結論
研究進捗報告/2024/6月28日(論文輪講)/論文輪講_柴崎陸_8121048.pptx,1135,next,"”Enhanced Classification of Heart Sounds Using Mel Frequency Cepstral Coefficients: A Comparative Study of Single and Ensemble Classifier Strategies”, p13"
研究進捗報告/2024/6月28日(論文輪講)/論文輪講_柴崎陸_8121048.pptx,1143,next,結論
研究進捗報告/2024/6月28日(論文輪講)/論文輪講_柴崎陸_8121048.pptx,1144,next,今後について
研究進捗報告/2024/6月28日(論文輪講)/論文輪講_柴崎陸_8121048.pptx,1150,next,今後について
研究進捗報告/2024/6月7日/研究進捗報告_柴崎陸_6月7日.docx,34,next,次にGMM-HMM、
研究進捗報告/2024/6月7日/研究進捗報告_柴崎陸_6月7日.docx,54,next,整理した課題に対する短期目標．
研究進捗報告/2024/6月7日/研究進捗報告_柴崎陸_6月7日.docx,55,next,研究実施に係る中期目標（例えば，中間発表までの計画など）．
研究進捗報告/2024/6月7日/研究進捗報告_柴崎陸_6月7日.pdf,15,next,音声認識の変遷として、はじめはDP とテンプレートマッチング、次にGMM-HMM、そ
研究進捗報告/2024/6月7日/研究進捗報告_柴崎陸_6月7日.pdf,27,next,【P】Plan: 整理した課題に対する短期目標．研究実施に係る中期目標（例えば，中間発
研究進捗報告/2024/7月19日(中間発表上半期)/中間発表_前刷り_柴崎陸.docx,22,next,そして今後，
研究進捗報告/2024/7月19日(中間発表上半期)/中間発表_前刷り_柴崎陸.docx,28,next,また「今後の原子力政策の方向性と行動指針」が原子力関係閣僚会議で2023年4月に決定され
研究進捗報告/2024/7月19日(中間発表上半期)/中間発表_前刷り_柴崎陸.docx,136,next,次に
研究進捗報告/2024/7月19日(中間発表上半期)/中間発表_前刷り_柴崎陸.docx,202,next,次に，
研究進捗報告/2024/7月19日(中間発表上半期)/中間発表_前刷り_柴崎陸.docx,341,next,今後の展望として
研究進捗報告/2024/7月19日(中間発表上半期)/中間発表_前刷り_柴崎陸.pdf,14,next,査・研究が継続的に進められている．そして今後，
研究進捗報告/2024/7月19日(中間発表上半期)/中間発表_前刷り_柴崎陸.pdf,18,next, また「今後の原子力政策の方向性と行動指針」
研究進捗報告/2024/7月19日(中間発表上半期)/中間発表_前刷り_柴崎陸.pdf,58,next,次に，スペクトログラムを沸騰状態5 つ
研究進捗報告/2024/7月19日(中間発表上半期)/中間発表_前刷り_柴崎陸.pdf,82,next,規化を行った．次に，ラベル名をone-hot エンコ
研究進捗報告/2024/7月19日(中間発表上半期)/中間発表_前刷り_柴崎陸.pdf,115,next,せることができた．今後の展望として，交差検証
研究進捗報告/2024/7月19日(中間発表上半期)/中間発表_柴崎陸.pptx,15,next,今後の展望
研究進捗報告/2024/7月19日(中間発表上半期)/中間発表_柴崎陸.pptx,29,next,今後の展望
研究進捗報告/2024/7月19日(中間発表上半期)/中間発表_柴崎陸.pptx,99,next,今後の展望
研究進捗報告/2024/7月19日(中間発表上半期)/中間発表_柴崎陸.pptx,144,next,目標の液温まで下げて安定させる
研究進捗報告/2024/7月19日(中間発表上半期)/中間発表_柴崎陸.pptx,178,next,今後の展望
研究進捗報告/2024/7月19日(中間発表上半期)/中間発表_柴崎陸.pptx,242,method,陽性と陰性に分類する際の閾値を変更した際の真陽性率と偽陽性率の値をプロットしていく
研究進捗報告/2024/7月19日(中間発表上半期)/中間発表_柴崎陸.pptx,249,method,AUC
研究進捗報告/2024/7月19日(中間発表上半期)/中間発表_柴崎陸.pptx,258,method,https://www.kikagaku.co.jp/kikagaku-blog/roc-auc/
研究進捗報告/2024/7月19日(中間発表上半期)/中間発表_柴崎陸.pptx,278,method,AUC
研究進捗報告/2024/7月19日(中間発表上半期)/中間発表_柴崎陸.pptx,284,method,非沸騰領域での熱流束と白金抵抗のグラフの直線性をもとに，直線性が失われた時点の電圧を求めた．その電圧値から核沸騰が始まったとして，沸騰開始点の熱流束の値を計算し，閾値として用いた
研究進捗報告/2024/7月19日(中間発表上半期)/中間発表_柴崎陸.pptx,427,method,AUC
研究進捗報告/2024/7月19日(中間発表上半期)/中間発表_柴崎陸.pptx,443,method,AUC
研究進捗報告/2024/7月19日(中間発表上半期)/中間発表_柴崎陸.pptx,444,method,は閾値により分類して判断するものなので，回帰より改善しにくくなった？しかし，ノイズが高いときに効果が表れる．
研究進捗報告/2024/7月19日(中間発表上半期)/中間発表_柴崎陸.pptx,451,method,(AUC)
研究進捗報告/2024/7月19日(中間発表上半期)/中間発表_柴崎陸.pptx,541,method,(AUC)
研究進捗報告/2024/7月19日(中間発表上半期)/中間発表_柴崎陸.pptx,553,method,AUC
研究進捗報告/2024/7月19日(中間発表上半期)/中間発表_柴崎陸.pptx,569,method,AUC
研究進捗報告/2024/7月19日(中間発表上半期)/中間発表_柴崎陸.pptx,570,method,は閾値により分類して判断するものなので，回帰より改善しにくくなった？
研究進捗報告/2024/7月19日(中間発表上半期)/中間発表_柴崎陸.pptx,589,method,AUC
研究進捗報告/2024/7月19日(中間発表上半期)/中間発表_柴崎陸.pptx,598,next,今後の展望
研究進捗報告/2024/7月19日(中間発表上半期)/中間発表_柴崎陸.pptx,607,next,今後の展望
研究進捗報告/2024/7月5日/研究進捗報告_柴崎陸_7月5日.docx,58,next,整理した課題に対する短期目標．
研究進捗報告/2024/7月5日/研究進捗報告_柴崎陸_7月5日.docx,59,next,研究実施に係る中期目標（例えば，中間発表までの計画など）．
研究進捗報告/2024/7月5日/研究進捗報告_柴崎陸_7月5日.pdf,28,next,【P】Plan: 整理した課題に対する短期目標．研究実施に係る中期目標（例えば，中間発
研究進捗報告/2024/9月1日/研究進捗報告_柴崎陸_9月1日.docx,47,method,ROC曲線を描画し，最も左上に凸となるグラフの閾値
研究進捗報告/2024/9月1日/研究進捗報告_柴崎陸_9月1日.docx,55,next,目標
研究進捗報告/2024/9月1日/研究進捗報告_柴崎陸_9月1日.docx,62,next,整理した課題に対する短期目標．
研究進捗報告/2024/9月1日/研究進捗報告_柴崎陸_9月1日.docx,63,next,研究実施に係る中期目標（例えば，中間発表までの計画など）．
研究進捗報告/2024/9月1日/研究進捗報告_柴崎陸_9月1日.pdf,24,method,ROC 曲線を描画し，最も左上に凸となるグラフの閾値(熱流束)を求めたいのか？ 
研究進捗報告/2024/9月1日/研究進捗報告_柴崎陸_9月1日.pdf,27,next,など，目標までの道がつながらない 
研究進捗報告/2024/9月1日/研究進捗報告_柴崎陸_9月1日.pdf,30,next,【P】Plan: 整理した課題に対する短期目標．研究実施に係る中期目標（例えば，中間発
研究進捗報告/2024/9月20日/研究進捗報告_9月20日_柴崎陸.docx,60,next,整理した課題に対する短期目標．
研究進捗報告/2024/9月20日/研究進捗報告_9月20日_柴崎陸.docx,61,next,研究実施に係る中期目標（例えば，中間発表までの計画など）．
研究進捗報告/2024/9月20日/研究進捗報告_9月20日_柴崎陸.pdf,28,next,【P】Plan: 整理した課題に対する短期目標．研究実施に係る中期目標（例えば，中間発
研究進捗報告/2024/9月27日/研究進捗報告_柴崎陸_9月27日.docx,64,next,整理した課題に対する短期目標．
研究進捗報告/2024/9月27日/研究進捗報告_柴崎陸_9月27日.docx,65,next,研究実施に係る中期目標（例えば，中間発表までの計画など）．
研究進捗報告/2024/9月27日/研究進捗報告_柴崎陸_9月27日.pdf,29,next,【P】Plan: 整理した課題に対する短期目標．研究実施に係る中期目標（例えば，中間発
研究進捗報告/2024/9月9日(発表)/研究進捗発表_柴崎陸_9月9日.pptx,15,next,今後の展望
研究進捗報告/2024/9月9日(発表)/研究進捗発表_柴崎陸_9月9日.pptx,23,next,今後の展望
研究進捗報告/2024/9月9日(発表)/研究進捗発表_柴崎陸_9月9日.pptx,41,method,閾値
研究進捗報告/2024/9月9日(発表)/研究進捗発表_柴崎陸_9月9日.pptx,139,next,今後の展望
研究進捗報告/2024/9月9日(発表)/研究進捗発表_柴崎陸_9月9日.pptx,150,method,それを閾値にして
研究進捗報告/2024_1029_MEXT受託研究.pptx,28,next,②　今後の予定の確認
研究進捗報告/2024_1029_MEXT受託研究.pptx,483,next,年度目標
研究進捗報告/2024_1029_MEXT受託研究.pptx,665,next,年度目標
研究進捗報告/2024_1029_MEXT受託研究.pptx,746,next,の沸騰音響属性・特性については知見整備が進展。応用研究、実用化研究における項目抽出と整理については今後完了するものと期待。
研究進捗報告/2024_1029_MEXT受託研究.pptx,765,next,②　今後の予定の確認
研究進捗報告/2024年6月7日 プレゼン資料_植木研ミーティングでの高速炉開発概要紹介.pdf,8,next,なる資料を加えています。今後、必要があれば各論を紹介します。
研究進捗報告/2024年6月7日 プレゼン資料_植木研ミーティングでの高速炉開発概要紹介.pdf,21,next,３．今後の展望
研究進捗報告/2024年6月7日 プレゼン資料_植木研ミーティングでの高速炉開発概要紹介.pdf,422,next,３．今後の展望
研究進捗報告/2024年6月7日 プレゼン資料_植木研ミーティングでの高速炉開発概要紹介.pdf,656,next,今後の動向は不透明
研究進捗報告/2024年6月7日 プレゼン資料_植木研ミーティングでの高速炉開発概要紹介.pdf,887,next,３．今後の展望
研究進捗報告/2024年6月7日 プレゼン資料_植木研ミーティングでの高速炉開発概要紹介.pdf,923,next,参考：今後の⾼速炉開発⽅針
研究進捗報告/2024年6月7日 プレゼン資料_植木研ミーティングでの高速炉開発概要紹介.pdf,935,next,【ステップ３：今後の開発課題及び⼯程検討】
研究進捗報告/2024年6月7日 プレゼン資料_植木研ミーティングでの高速炉開発概要紹介.pdf,950,next,的な連携体制、実⽤化する際の規制対応等の観点から優れており、今後開
研究進捗報告/2024年6月7日 プレゼン資料_植木研ミーティングでの高速炉開発概要紹介.pdf,952,next,今後の開発の作業計画
研究進捗報告/2024年6月7日 プレゼン資料_植木研ミーティングでの高速炉開発概要紹介.pdf,971,next,今後の高速炉サイクル開発への取り組み
研究進捗報告/2024年6月7日 プレゼン資料_植木研ミーティングでの高速炉開発概要紹介.pdf,972,next,p 2050年カーボンニュートラルの目標達成に向けて、高速炉を含む革新炉の開発を加速
研究進捗報告/2024年6月7日 プレゼン資料_植木研ミーティングでの高速炉開発概要紹介.pdf,988,next,３．今後の展望
研究進捗報告/2024年6月7日 プレゼン資料_植木研ミーティングでの高速炉開発概要紹介.pdf,1110,next,適⽤概念の例（今後検討）
研究進捗報告/2025/10月10日/研究進捗報告_柴崎陸_10月10日.docx,52,next,整理した課題に対する短期目標．
研究進捗報告/2025/10月10日/研究進捗報告_柴崎陸_10月10日.docx,53,next,研究実施に係る中期目標（例えば，中間発表までの計画など）．
研究進捗報告/2025/10月10日/研究進捗報告_柴崎陸_10月10日.pdf,19,next,【P】Plan: 整理した課題に対する短期目標．研究実施に係る中期目標（例えば，中間発
研究進捗報告/2025/10月17日/研究進捗報告_柴崎陸_10月17日.docx,51,next,整理した課題に対する短期目標．
研究進捗報告/2025/10月17日/研究進捗報告_柴崎陸_10月17日.docx,52,next,研究実施に係る中期目標（例えば，中間発表までの計画など）．
研究進捗報告/2025/10月17日/研究進捗報告_柴崎陸_10月17日.pdf,20,next,【P】Plan: 整理した課題に対する短期目標．研究実施に係る中期目標（例えば，中間発
研究進捗報告/2025/10月24日/研究進捗報告_柴崎陸_10月24日.docx,48,next,整理した課題に対する短期目標．
研究進捗報告/2025/10月24日/研究進捗報告_柴崎陸_10月24日.docx,49,next,研究実施に係る中期目標（例えば，中間発表までの計画など）．
研究進捗報告/2025/10月24日/研究進捗報告_柴崎陸_10月24日.pdf,26,next,【P】Plan: 整理した課題に対する短期目標．研究実施に係る中期目標（例えば，中間発
研究進捗報告/2025/10月2日（進捗報告）/研究計画_柴崎陸_10月3日.pptx,19,next,今後の計画
研究進捗報告/2025/10月2日（進捗報告）/研究計画_柴崎陸_10月3日.pptx,30,next,今後の計画
研究進捗報告/2025/10月2日（進捗報告）/研究計画_柴崎陸_10月3日.pptx,57,next,今後の計画
研究進捗報告/2025/10月2日（進捗報告）/研究計画_柴崎陸_10月3日.pptx,121,next,今後の計画
研究進捗報告/2025/10月2日（進捗報告）/研究計画_柴崎陸_10月3日.pptx,182,next,今後の計画
研究進捗報告/2025/10月2日（進捗報告）/研究計画_柴崎陸_10月3日.pptx,190,next,今後の計画
研究進捗報告/2025/10月31日/研究進捗報告_柴崎陸_10月24日.docx,53,next,整理した課題に対する短期目標．
研究進捗報告/2025/10月31日/研究進捗報告_柴崎陸_10月24日.docx,54,next,研究実施に係る中期目標（例えば，中間発表までの計画など）．
研究進捗報告/2025/10月31日/研究進捗報告_柴崎陸_10月31日.pdf,36,next,【P】Plan: 整理した課題に対する短期目標．研究実施に係る中期目標（例えば，中間発
研究進捗報告/2025/11月14日（論文輪講）/Time-Weighted_Frequency_Domain_Audio_Representation_with_GMM_Estimator_for_Anomalous_Sound_Detection.pdf,198,method,Table 1: Performance comparison in terms of AUC (%) and pAUC (%) on the development dataset of DCASE 2022 Task2.
研究進捗報告/2025/11月14日（論文輪講）/Time-Weighted_Frequency_Domain_Audio_Representation_with_GMM_Estimator_for_Anomalous_Sound_Detection.pdf,199,method,Average: the average of the AUC and pAUC values for all machine types.
研究進捗報告/2025/11月14日（論文輪講）/Time-Weighted_Frequency_Domain_Audio_Representation_with_GMM_Estimator_for_Anomalous_Sound_Detection.pdf,209,method,AUC
研究進捗報告/2025/11月14日（論文輪講）/Time-Weighted_Frequency_Domain_Audio_Representation_with_GMM_Estimator_for_Anomalous_Sound_Detection.pdf,210,method,pAUC
研究進捗報告/2025/11月14日（論文輪講）/Time-Weighted_Frequency_Domain_Audio_Representation_with_GMM_Estimator_for_Anomalous_Sound_Detection.pdf,211,method,AUC
研究進捗報告/2025/11月14日（論文輪講）/Time-Weighted_Frequency_Domain_Audio_Representation_with_GMM_Estimator_for_Anomalous_Sound_Detection.pdf,212,method,pAUC
研究進捗報告/2025/11月14日（論文輪講）/Time-Weighted_Frequency_Domain_Audio_Representation_with_GMM_Estimator_for_Anomalous_Sound_Detection.pdf,213,method,AUC
研究進捗報告/2025/11月14日（論文輪講）/Time-Weighted_Frequency_Domain_Audio_Representation_with_GMM_Estimator_for_Anomalous_Sound_Detection.pdf,214,method,pAUC
研究進捗報告/2025/11月14日（論文輪講）/Time-Weighted_Frequency_Domain_Audio_Representation_with_GMM_Estimator_for_Anomalous_Sound_Detection.pdf,215,method,AUC
研究進捗報告/2025/11月14日（論文輪講）/Time-Weighted_Frequency_Domain_Audio_Representation_with_GMM_Estimator_for_Anomalous_Sound_Detection.pdf,216,method,pAUC
研究進捗報告/2025/11月14日（論文輪講）/Time-Weighted_Frequency_Domain_Audio_Representation_with_GMM_Estimator_for_Anomalous_Sound_Detection.pdf,217,method,AUC
研究進捗報告/2025/11月14日（論文輪講）/Time-Weighted_Frequency_Domain_Audio_Representation_with_GMM_Estimator_for_Anomalous_Sound_Detection.pdf,218,method,pAUC
研究進捗報告/2025/11月14日（論文輪講）/Time-Weighted_Frequency_Domain_Audio_Representation_with_GMM_Estimator_for_Anomalous_Sound_Detection.pdf,219,method,AUC
研究進捗報告/2025/11月14日（論文輪講）/Time-Weighted_Frequency_Domain_Audio_Representation_with_GMM_Estimator_for_Anomalous_Sound_Detection.pdf,220,method,pAUC
研究進捗報告/2025/11月14日（論文輪講）/Time-Weighted_Frequency_Domain_Audio_Representation_with_GMM_Estimator_for_Anomalous_Sound_Detection.pdf,221,method,AUC
研究進捗報告/2025/11月14日（論文輪講）/Time-Weighted_Frequency_Domain_Audio_Representation_with_GMM_Estimator_for_Anomalous_Sound_Detection.pdf,222,method,pAUC
研究進捗報告/2025/11月14日（論文輪講）/Time-Weighted_Frequency_Domain_Audio_Representation_with_GMM_Estimator_for_Anomalous_Sound_Detection.pdf,223,method,AUC
研究進捗報告/2025/11月14日（論文輪講）/Time-Weighted_Frequency_Domain_Audio_Representation_with_GMM_Estimator_for_Anomalous_Sound_Detection.pdf,224,method,pAUC
研究進捗報告/2025/11月14日（論文輪講）/Time-Weighted_Frequency_Domain_Audio_Representation_with_GMM_Estimator_for_Anomalous_Sound_Detection.pdf,390,method,acteristic (ROC) curve (AUC) and the partial-AUC (pAUC)
研究進捗報告/2025/11月14日（論文輪講）/Time-Weighted_Frequency_Domain_Audio_Representation_with_GMM_Estimator_for_Anomalous_Sound_Detection.pdf,412,method,TWFR-GMM significantly improved the average AUC
研究進捗報告/2025/11月14日（論文輪講）/Time-Weighted_Frequency_Domain_Audio_Representation_with_GMM_Estimator_for_Anomalous_Sound_Detection.pdf,413,method,"and pAUC performance, compared with the deep learning"
研究進捗報告/2025/11月14日（論文輪講）/Time-Weighted_Frequency_Domain_Audio_Representation_with_GMM_Estimator_for_Anomalous_Sound_Detection.pdf,453,method,AUC (%)
研究進捗報告/2025/11月14日（論文輪講）/Time-Weighted_Frequency_Domain_Audio_Representation_with_GMM_Estimator_for_Anomalous_Sound_Detection.pdf,496,method,the AUC is high.
研究進捗報告/2025/11月14日（論文輪講）/論文輪講_柴崎陸_11月14日.pptx,21,next,結果・結論
研究進捗報告/2025/11月14日（論文輪講）/論文輪講_柴崎陸_11月14日.pptx,34,next,結果・結論
研究進捗報告/2025/11月14日（論文輪講）/論文輪講_柴崎陸_11月14日.pptx,65,next,結果・結論
研究進捗報告/2025/11月14日（論文輪講）/論文輪講_柴崎陸_11月14日.pptx,118,next,結果・結論
研究進捗報告/2025/11月14日（論文輪講）/論文輪講_柴崎陸_11月14日.pptx,270,method,AUC
研究進捗報告/2025/11月14日（論文輪講）/論文輪講_柴崎陸_11月14日.pptx,271,method,pAUC
研究進捗報告/2025/11月14日（論文輪講）/論文輪講_柴崎陸_11月14日.pptx,283,next,結果・結論
研究進捗報告/2025/11月14日（論文輪講）/論文輪講_柴崎陸_11月14日.pptx,293,next,結果・結論
研究進捗報告/2025/11月14日（論文輪講）/論文輪講_柴崎陸_11月14日.pptx,304,next,結果・結論
研究進捗報告/2025/11月14日（論文輪講）/論文輪講_柴崎陸_11月14日.pptx,314,method,AUC
研究進捗報告/2025/11月14日（論文輪講）/論文輪講_柴崎陸_11月14日.pptx,329,next,結果・結論
研究進捗報告/2025/11月14日（論文輪講）/論文輪講_柴崎陸_11月14日.pptx,349,next,結果・結論
研究進捗報告/2025/11月14日（論文輪講）/論文輪講_柴崎陸_11月14日.pptx,350,next,結論
研究進捗報告/2025/11月21日/研究進捗報告_柴崎陸_11月21日.docx,27,method,| AUC
研究進捗報告/2025/11月21日/研究進捗報告_柴崎陸_11月21日.docx,85,method,アンサンブルの決定係数の結果が下です．これもAUCと同様に3kHzの方が高い傾向があると思います．
研究進捗報告/2025/11月21日/研究進捗報告_柴崎陸_11月21日.docx,142,method,ただ，AUCも決定係数も両方ともSNRが高くなってもあまり下がっていない結果になっています．
研究進捗報告/2025/11月21日/研究進捗報告_柴崎陸_11月21日.docx,151,next,整理した課題に対する短期目標．
研究進捗報告/2025/11月21日/研究進捗報告_柴崎陸_11月21日.docx,152,next,研究実施に係る中期目標（例えば，中間発表までの計画など）．
研究進捗報告/2025/11月21日/研究進捗報告_柴崎陸_11月21日.pdf,12,method,| AUC 
研究進捗報告/2025/11月21日/研究進捗報告_柴崎陸_11月21日.pdf,68,method,アンサンブルの決定係数の結果が下です．これもAUC と同様に3kHz の方が高い傾向が
研究進捗報告/2025/11月21日/研究進捗報告_柴崎陸_11月21日.pdf,105,method,ただ，AUC も決定係数も両方ともSNR が高くなってもあまり下がっていない結果になっ
研究進捗報告/2025/11月21日/研究進捗報告_柴崎陸_11月21日.pdf,109,next,【P】Plan: 整理した課題に対する短期目標．研究実施に係る中期目標（例えば，中間発
研究進捗報告/2025/11月28日/研究進捗報告_柴崎陸_11月28日.docx,49,next,整理した課題に対する短期目標．
研究進捗報告/2025/11月28日/研究進捗報告_柴崎陸_11月28日.docx,50,next,研究実施に係る中期目標（例えば，中間発表までの計画など）．
研究進捗報告/2025/11月28日/研究進捗報告_柴崎陸_11月28日.pdf,18,next,【P】Plan: 整理した課題に対する短期目標．研究実施に係る中期目標（例えば，中間発
研究進捗報告/2025/11月6日（進捗報告）/研究計画_柴崎陸_11月7日.pptx,127,next,今後の計画
研究進捗報告/2025/11月6日（進捗報告）/研究計画_柴崎陸_11月7日.pptx,187,next,今後の計画
研究進捗報告/2025/11月6日（進捗報告）/研究計画_柴崎陸_11月7日.pptx,195,next,今後の計画
研究進捗報告/2025/12月12日（中間発表）/1212_中間発表_前刷り_柴崎陸.docx,27,next,また「今後の原子力政策の方向性と行動指針」が原子力関係閣僚会議で2023年4月に決定され
研究進捗報告/2025/12月12日（中間発表）/1212_中間発表_前刷り_柴崎陸.docx,258,next,今後は
研究進捗報告/2025/12月12日（中間発表）/1212_中間発表_前刷り_柴崎陸.pdf,16,next, また「今後の原子力政策の方向性と行動指針」
研究進捗報告/2025/12月12日（中間発表）/1212_中間発表_前刷り_柴崎陸.pdf,140,next,可欠であることが明らかとなった．今後は，モデ
研究進捗報告/2025/12月12日（中間発表）/中間発表_柴崎陸_12月12日.pptx,19,next,今後の計画
研究進捗報告/2025/12月12日（中間発表）/中間発表_柴崎陸_12月12日.pptx,32,next,今後の計画
研究進捗報告/2025/12月12日（中間発表）/中間発表_柴崎陸_12月12日.pptx,126,next,今後の計画
研究進捗報告/2025/12月12日（中間発表）/中間発表_柴崎陸_12月12日.pptx,156,next,今後の計画
研究進捗報告/2025/12月12日（中間発表）/中間発表_柴崎陸_12月12日.pptx,357,method,AUC
研究進捗報告/2025/12月12日（中間発表）/中間発表_柴崎陸_12月12日.pptx,384,next,今後の計画
研究進捗報告/2025/12月12日（中間発表）/中間発表_柴崎陸_12月12日.pptx,447,next,今後の計画
研究進捗報告/2025/12月12日（中間発表）/中間発表_柴崎陸_12月12日.pptx,507,next,今後の計画
研究進捗報告/2025/12月12日（中間発表）/中間発表_柴崎陸_12月12日.pptx,515,next,今後の計画
研究進捗報告/2025/12月12日（中間発表）/中間発表_柴崎陸_12月12日.pptx,516,next,最終目標
研究進捗報告/2025/12月12日（中間発表）/中間発表_柴崎陸_12月12日.pptx,522,next,今後やること
研究進捗報告/2025/12月19日/研究計画_柴崎陸_12月19日.pptx,19,next,今後の計画
研究進捗報告/2025/12月19日/研究計画_柴崎陸_12月19日.pptx,30,next,今後の計画
研究進捗報告/2025/12月19日/研究計画_柴崎陸_12月19日.pptx,57,next,今後の計画
研究進捗報告/2025/12月19日/研究計画_柴崎陸_12月19日.pptx,121,next,今後の計画
研究進捗報告/2025/12月19日/研究計画_柴崎陸_12月19日.pptx,182,next,今後の計画
研究進捗報告/2025/12月19日/研究計画_柴崎陸_12月19日.pptx,204,next,今後の計画
研究進捗報告/2025/12月19日/研究進捗報告_柴崎陸_12月19日.docx,57,next,整理した課題に対する短期目標．
研究進捗報告/2025/12月19日/研究進捗報告_柴崎陸_12月19日.docx,58,next,研究実施に係る中期目標（例えば，中間発表までの計画など）．
研究進捗報告/2025/12月19日/研究進捗報告_柴崎陸_12月19日.pdf,22,next,【P】Plan: 整理した課題に対する短期目標．研究実施に係る中期目標（例えば，中間発
研究進捗報告/2025/1月23日/研究進捗報告_柴崎陸_1月23日.docx,51,next,整理した課題に対する短期目標．
研究進捗報告/2025/1月23日/研究進捗報告_柴崎陸_1月23日.docx,52,next,研究実施に係る中期目標（例えば，中間発表までの計画など）．
研究進捗報告/2025/1月23日/研究進捗報告_柴崎陸_1月23日.pdf,19,next,【P】Plan: 整理した課題に対する短期目標．研究実施に係る中期目標（例えば，中間発
研究進捗報告/2025/1月7日（中間審査）/8125517_AE_柴崎陸_中間審査.pdf,237,method,AUC アアア
研究進捗報告/2025/1月7日（中間審査）/8125517_AE_柴崎陸_中間審査.pptx,251,method,AUC
研究進捗報告/2025/1月9日/研究進捗報告_柴崎陸_1月9日.docx,46,next,整理した課題に対する短期目標．
研究進捗報告/2025/1月9日/研究進捗報告_柴崎陸_1月9日.docx,47,next,研究実施に係る中期目標（例えば，中間発表までの計画など）．
研究進捗報告/2025/1月9日/研究進捗報告_柴崎陸_1月9日.pdf,17,next,【P】Plan: 整理した課題に対する短期目標．研究実施に係る中期目標（例えば，中間発
研究進捗報告/2025/3月28日（研究計画発表）/研究計画_柴崎陸_3月28日.pptx,176,next,目標となる精度があれば進めやすい
研究進捗報告/2025/4月25日/研究進捗報告_柴崎陸_4月25日.docx,62,next,整理した課題に対する短期目標．
研究進捗報告/2025/4月25日/研究進捗報告_柴崎陸_4月25日.docx,63,next,研究実施に係る中期目標（例えば，中間発表までの計画など）．
研究進捗報告/2025/4月25日/研究進捗報告_柴崎陸_4月25日.pdf,30,next,【P】Plan: 整理した課題に対する短期目標．研究実施に係る中期目標（例えば，中間発
研究進捗報告/2025/4月4日（論文輪講）/論文輪講_柴崎陸_4月3日.pptx,21,next,結果・結論
研究進捗報告/2025/4月4日（論文輪講）/論文輪講_柴崎陸_4月3日.pptx,34,next,結果・結論
研究進捗報告/2025/4月4日（論文輪講）/論文輪講_柴崎陸_4月3日.pptx,71,next,結果・結論
研究進捗報告/2025/4月4日（論文輪講）/論文輪講_柴崎陸_4月3日.pptx,115,next,結果・結論
研究進捗報告/2025/4月4日（論文輪講）/論文輪講_柴崎陸_4月3日.pptx,186,next,次に出力される音声サンプルがどの値になるかの
研究進捗報告/2025/4月4日（論文輪講）/論文輪講_柴崎陸_4月3日.pptx,298,method,の判断（閾値）
研究進捗報告/2025/4月4日（論文輪講）/論文輪講_柴崎陸_4月3日.pptx,428,next,結果・結論
研究進捗報告/2025/4月4日（論文輪講）/論文輪講_柴崎陸_4月3日.pptx,438,next,結果・結論
研究進捗報告/2025/4月4日（論文輪講）/論文輪講_柴崎陸_4月3日.pptx,454,next,結果・結論
研究進捗報告/2025/4月4日（論文輪講）/論文輪講_柴崎陸_4月3日.pptx,462,method,オレンジ直線：閾値
研究進捗報告/2025/4月4日（論文輪講）/論文輪講_柴崎陸_4月3日.pptx,474,next,結果・結論
研究進捗報告/2025/4月4日（論文輪講）/論文輪講_柴崎陸_4月3日.pptx,475,next,結論
研究進捗報告/2025/4月4日（論文輪講）/論文輪講_柴崎陸_4月3日.pptx,484,next,今後の研究や実用化に向けて、
研究進捗報告/2025/5月23日（論文輪講）/Anomalous Sound Detection Using Self-Attention-Based Frequency Pattern.pdf,232,method,Table 1: Performance on AUC (%) and pAUC (%) for different machine types. STgram-MFN is the backbone of the proposed ASD-
研究進捗報告/2025/5月23日（論文輪講）/Anomalous Sound Detection Using Self-Attention-Based Frequency Pattern.pdf,243,method,AUC
研究進捗報告/2025/5月23日（論文輪講）/Anomalous Sound Detection Using Self-Attention-Based Frequency Pattern.pdf,244,method,pAUC
研究進捗報告/2025/5月23日（論文輪講）/Anomalous Sound Detection Using Self-Attention-Based Frequency Pattern.pdf,245,method,AUC
研究進捗報告/2025/5月23日（論文輪講）/Anomalous Sound Detection Using Self-Attention-Based Frequency Pattern.pdf,246,method,pAUC
研究進捗報告/2025/5月23日（論文輪講）/Anomalous Sound Detection Using Self-Attention-Based Frequency Pattern.pdf,247,method,AUC
研究進捗報告/2025/5月23日（論文輪講）/Anomalous Sound Detection Using Self-Attention-Based Frequency Pattern.pdf,248,method,pAUC
研究進捗報告/2025/5月23日（論文輪講）/Anomalous Sound Detection Using Self-Attention-Based Frequency Pattern.pdf,249,method,AUC
研究進捗報告/2025/5月23日（論文輪講）/Anomalous Sound Detection Using Self-Attention-Based Frequency Pattern.pdf,250,method,pAUC
研究進捗報告/2025/5月23日（論文輪講）/Anomalous Sound Detection Using Self-Attention-Based Frequency Pattern.pdf,251,method,AUC
研究進捗報告/2025/5月23日（論文輪講）/Anomalous Sound Detection Using Self-Attention-Based Frequency Pattern.pdf,252,method,pAUC
研究進捗報告/2025/5月23日（論文輪講）/Anomalous Sound Detection Using Self-Attention-Based Frequency Pattern.pdf,253,method,AUC
研究進捗報告/2025/5月23日（論文輪講）/Anomalous Sound Detection Using Self-Attention-Based Frequency Pattern.pdf,254,method,pAUC
研究進捗報告/2025/5月23日（論文輪講）/Anomalous Sound Detection Using Self-Attention-Based Frequency Pattern.pdf,255,method,AUC
研究進捗報告/2025/5月23日（論文輪講）/Anomalous Sound Detection Using Self-Attention-Based Frequency Pattern.pdf,256,method,pAUC
研究進捗報告/2025/5月23日（論文輪講）/Anomalous Sound Detection Using Self-Attention-Based Frequency Pattern.pdf,371,method,area under the receiver operating characteristic curve (AUC)
研究進捗報告/2025/5月23日（論文輪講）/Anomalous Sound Detection Using Self-Attention-Based Frequency Pattern.pdf,372,method,"and the partial-AUC (pAUC), following [4, 8, 13, 14], where"
研究進捗報告/2025/5月23日（論文輪講）/Anomalous Sound Detection Using Self-Attention-Based Frequency Pattern.pdf,373,method,pAUC represents the AUC over a low false-positive-rate range
研究進捗報告/2025/5月23日（論文輪講）/Anomalous Sound Detection Using Self-Attention-Based Frequency Pattern.pdf,390,method,"Valve), with 1.55% improvement on AUC and 1.61% improve-"
研究進捗報告/2025/5月23日（論文輪講）/Anomalous Sound Detection Using Self-Attention-Based Frequency Pattern.pdf,391,method,"ment on pAUC, averaged over all the six machine types, com-"
研究進捗報告/2025/5月23日（論文輪講）/自己注意機構による周波数パターン解析を用いた異常音検知.pdf,44,method,性能比較（AUC +1.55%）
研究進捗報告/2025/5月23日（論文輪講）/自己注意機構による周波数パターン解析を用いた異常音検知.pdf,52,next,今後の応用可能性
研究進捗報告/2025/5月23日（論文輪講）/自己注意機構による周波数パターン解析を用いた異常音検知.pdf,111,next,目標：プール沸騰の発生検知
研究進捗報告/2025/5月23日（論文輪講）/自己注意機構による周波数パターン解析を用いた異常音検知.pdf,269,method,+1.55% AUC
研究進捗報告/2025/5月23日（論文輪講）/自己注意機構による周波数パターン解析を用いた異常音検知.pdf,374,method,AUC
研究進捗報告/2025/5月23日（論文輪講）/自己注意機構による周波数パターン解析を用いた異常音検知.pdf,379,method,pAUC
研究進捗報告/2025/5月23日（論文輪講）/自己注意機構による周波数パターン解析を用いた異常音検知.pdf,380,method,partial AUC
研究進捗報告/2025/5月23日（論文輪講）/自己注意機構による周波数パターン解析を用いた異常音検知.pdf,381,method,部分AUC（FPR: 0.0-0.1）
研究進捗報告/2025/5月23日（論文輪講）/自己注意機構による周波数パターン解析を用いた異常音検知.pdf,410,method,AUC + pAUC指標
研究進捗報告/2025/5月23日（論文輪講）/自己注意機構による周波数パターン解析を用いた異常音検知.pdf,417,method, 性能比較結果 (AUC / pAUC %)
研究進捗報告/2025/5月23日（論文輪講）/自己注意機構による周波数パターン解析を用いた異常音検知.pdf,418,method,★ = 各機械タイプでの最高性能 | 値は AUC/pAUC (%) | 改善率は STgram-MFN からの向上分
研究進捗報告/2025/5月23日（論文輪講）/自己注意機構による周波数パターン解析を用いた異常音検知.pdf,420,method,全機械タイプで性能向上 • 平均 AUC +1.55% • 平均 pAUC +1.61% の改善
研究進捗報告/2025/5月23日（論文輪講）/自己注意機構による周波数パターン解析を用いた異常音検知.pdf,492,method,平均AUC向上
研究進捗報告/2025/5月23日（論文輪講）/自己注意機構による周波数パターン解析を用いた異常音検知.pdf,495,method,平均pAUC向上
研究進捗報告/2025/5月23日（論文輪講）/自己注意機構による周波数パターン解析を用いた異常音検知.pdf,628,next, 結論と今後の展望
研究進捗報告/2025/5月23日（論文輪講）/自己注意機構による周波数パターン解析を用いた異常音検知.pdf,640,method,平均 AUC +1.55% 、pAUC +1.61%  改善
研究進捗報告/2025/5月23日（論文輪講）/自己注意機構による周波数パターン解析を用いた異常音検知.pptx,197,method,AUC
研究進捗報告/2025/5月23日（論文輪講）/自己注意機構による周波数パターン解析を用いた異常音検知.pptx,204,next,今後の応用可能性
研究進捗報告/2025/5月23日（論文輪講）/自己注意機構による周波数パターン解析を用いた異常音検知.pptx,341,next,目標
研究進捗報告/2025/5月23日（論文輪講）/自己注意機構による周波数パターン解析を用いた異常音検知.pptx,703,method,AUC
研究進捗報告/2025/5月23日（論文輪講）/自己注意機構による周波数パターン解析を用いた異常音検知.pptx,1062,method,AUC
研究進捗報告/2025/5月23日（論文輪講）/自己注意機構による周波数パターン解析を用いた異常音検知.pptx,1081,method,pAUC
研究進捗報告/2025/5月23日（論文輪講）/自己注意機構による周波数パターン解析を用いた異常音検知.pptx,1084,method,AUC
研究進捗報告/2025/5月23日（論文輪講）/自己注意機構による周波数パターン解析を用いた異常音検知.pptx,1086,method,AUC
研究進捗報告/2025/5月23日（論文輪講）/自己注意機構による周波数パターン解析を用いた異常音検知.pptx,1144,method,AUC
研究進捗報告/2025/5月23日（論文輪講）/自己注意機構による周波数パターン解析を用いた異常音検知.pptx,1146,method,pAUC
研究進捗報告/2025/5月23日（論文輪講）/自己注意機構による周波数パターン解析を用いた異常音検知.pptx,1161,method,(AUC
研究進捗報告/2025/5月23日（論文輪講）/自己注意機構による周波数パターン解析を用いた異常音検知.pptx,1163,method,pAUC
研究進捗報告/2025/5月23日（論文輪講）/自己注意機構による周波数パターン解析を用いた異常音検知.pptx,1256,method,AUC/pAUC
研究進捗報告/2025/5月23日（論文輪講）/自己注意機構による周波数パターン解析を用いた異常音検知.pptx,1281,method,AUC
研究進捗報告/2025/5月23日（論文輪講）/自己注意機構による周波数パターン解析を用いた異常音検知.pptx,1287,method,pAUC
研究進捗報告/2025/5月23日（論文輪講）/自己注意機構による周波数パターン解析を用いた異常音検知.pptx,1304,method,AUC
研究進捗報告/2025/5月23日（論文輪講）/自己注意機構による周波数パターン解析を用いた異常音検知.pptx,1312,method,pAUC
研究進捗報告/2025/5月23日（論文輪講）/自己注意機構による周波数パターン解析を用いた異常音検知.pptx,1760,next,結論と今後の展望
研究進捗報告/2025/5月23日（論文輪講）/自己注意機構による周波数パターン解析を用いた異常音検知.pptx,1819,method,AUC
研究進捗報告/2025/5月23日（論文輪講）/自己注意機構による周波数パターン解析を用いた異常音検知.pptx,1824,method,pAUC
研究進捗報告/2025/5月2日/研究進捗報告_柴崎陸_5月2日.docx,53,next,整理した課題に対する短期目標．
研究進捗報告/2025/5月2日/研究進捗報告_柴崎陸_5月2日.docx,54,next,研究実施に係る中期目標（例えば，中間発表までの計画など）．
研究進捗報告/2025/5月2日/研究進捗報告_柴崎陸_5月2日.pdf,24,next,【P】Plan: 整理した課題に対する短期目標．研究実施に係る中期目標（例えば，中間発
研究進捗報告/2025/5月30日/研究進捗報告_柴崎陸_5月30日.pdf,10,method,が，他2 つのモデルの決定係数が上がらず，AUC が0.5 になる  
研究進捗報告/2025/5月30日/研究進捗報告_柴崎陸_5月30日.pdf,13,method,・AUC が0.5 なので，ランダムに予測してしまっている 
研究進捗報告/2025/5月30日/研究進捗報告_柴崎陸_5月30日.pdf,21,next,【P】Plan: 整理した課題に対する短期目標．研究実施に係る中期目標（例えば，中間発
研究進捗報告/2025/5月30日/研究進捗報告_柴崎陸_5月30日.pdf,23,next,目標：来月中に学習が上手く回るようにして，wavenet や他の特徴量に手を出していく 
研究進捗報告/2025/5月9日（進捗報告）/研究計画_柴崎陸_5月9日.pptx,18,next,今後の計画
研究進捗報告/2025/5月9日（進捗報告）/研究計画_柴崎陸_5月9日.pptx,27,next,今後の計画
研究進捗報告/2025/5月9日（進捗報告）/研究計画_柴崎陸_5月9日.pptx,100,next,今後の計画
研究進捗報告/2025/5月9日（進捗報告）/研究計画_柴崎陸_5月9日.pptx,160,next,今後の計画
研究進捗報告/2025/5月9日（進捗報告）/研究計画_柴崎陸_5月9日.pptx,168,next,今後の計画
研究進捗報告/2025/5月9日（進捗報告）/研究計画_柴崎陸_5月9日.pptx,169,next,最終目標
研究進捗報告/2025/6月13日（進捗報告）/研究計画_柴崎陸_6月13日.pptx,20,next,今後の計画
研究進捗報告/2025/6月13日（進捗報告）/研究計画_柴崎陸_6月13日.pptx,29,next,今後の計画
研究進捗報告/2025/6月13日（進捗報告）/研究計画_柴崎陸_6月13日.pptx,119,next,今後の計画
研究進捗報告/2025/6月13日（進捗報告）/研究計画_柴崎陸_6月13日.pptx,179,next,今後の計画
研究進捗報告/2025/6月13日（進捗報告）/研究計画_柴崎陸_6月13日.pptx,187,next,今後の計画
研究進捗報告/2025/6月13日（進捗報告）/研究計画_柴崎陸_6月13日.pptx,188,next,最終目標
研究進捗報告/2025/6月20日/研究進捗報告_柴崎陸_6月20日.docx,53,next,整理した課題に対する短期目標．
研究進捗報告/2025/6月20日/研究進捗報告_柴崎陸_6月20日.docx,54,next,研究実施に係る中期目標（例えば，中間発表までの計画など）．
研究進捗報告/2025/6月20日/研究進捗報告_柴崎陸_6月20日.pdf,21,next,【P】Plan: 整理した課題に対する短期目標．研究実施に係る中期目標（例えば，中間発
研究進捗報告/2025/6月27日/研究進捗報告_柴崎陸_6月27日.docx,58,next,整理した課題に対する短期目標．
研究進捗報告/2025/6月27日/研究進捗報告_柴崎陸_6月27日.docx,59,next,研究実施に係る中期目標（例えば，中間発表までの計画など）．
研究進捗報告/2025/6月27日/研究進捗報告_柴崎陸_6月27日.pdf,22,next,【P】Plan: 整理した課題に対する短期目標．研究実施に係る中期目標（例えば，中間発
研究進捗報告/2025/6月6日/研究進捗報告_柴崎陸_6月6日.docx,53,next,整理した課題に対する短期目標．
研究進捗報告/2025/6月6日/研究進捗報告_柴崎陸_6月6日.docx,54,next,研究実施に係る中期目標（例えば，中間発表までの計画など）．
研究進捗報告/2025/6月6日/研究進捗報告_柴崎陸_6月6日.docx,55,next,目標：来月中に学習が上手く回るようにして，wavenetや他の特徴量に手を出していく
研究進捗報告/2025/6月6日/研究進捗報告_柴崎陸_6月6日.pdf,19,next,【P】Plan: 整理した課題に対する短期目標．研究実施に係る中期目標（例えば，中間発
研究進捗報告/2025/6月6日/研究進捗報告_柴崎陸_6月6日.pdf,21,next,目標：来月中に学習が上手く回るようにして，wavenet や他の特徴量に手を出していく 
研究進捗報告/2025/7月11日/研究進捗報告_柴崎陸_7月11日.docx,24,next,恐らくこの入力データだとうまく学習できないと結論付けたほうが良いと思っている
研究進捗報告/2025/7月11日/研究進捗報告_柴崎陸_7月11日.docx,60,next,整理した課題に対する短期目標．
研究進捗報告/2025/7月11日/研究進捗報告_柴崎陸_7月11日.docx,61,next,研究実施に係る中期目標（例えば，中間発表までの計画など）．
研究進捗報告/2025/7月11日/研究進捗報告_柴崎陸_7月11日.pdf,8,next,・ resnet 恐らくこの入力データだとうまく学習できないと結論付けたほうが良いと
研究進捗報告/2025/7月11日/研究進捗報告_柴崎陸_7月11日.pdf,23,next,【P】Plan: 整理した課題に対する短期目標．研究実施に係る中期目標（例えば，中間発
研究進捗報告/2025/7月18日（中間発表）/718_中間発表_前刷り_柴崎陸.docx,27,next,また「今後の原子力政策の方向性と行動指針」が原子力関係閣僚会議で2023年4月に決定され
研究進捗報告/2025/7月18日（中間発表）/718_中間発表_前刷り_柴崎陸.docx,162,next,次に，
研究進捗報告/2025/7月18日（中間発表）/718_中間発表_前刷り_柴崎陸.docx,180,method,目視で決定した沸騰開始点の熱流束を閾値としてROC曲線を描画し，決定係数とAUCの指標を用いて評価を行った．
研究進捗報告/2025/7月18日（中間発表）/718_中間発表_前刷り_柴崎陸.docx,221,method,決定係数とAUCを
研究進捗報告/2025/7月18日（中間発表）/718_中間発表_前刷り_柴崎陸.docx,254,method,AUC
研究進捗報告/2025/7月18日（中間発表）/718_中間発表_前刷り_柴崎陸.docx,299,next,り，今後さらにチューニングすることにより
研究進捗報告/2025/7月18日（中間発表）/718_中間発表_前刷り_柴崎陸.docx,321,next,今後は
研究進捗報告/2025/7月18日（中間発表）/718_中間発表_前刷り_柴崎陸.pdf,16,next, また「今後の原子力政策の方向性と行動指針」
研究進捗報告/2025/7月18日（中間発表）/718_中間発表_前刷り_柴崎陸.pdf,72,next,次に，核沸騰開始点の妥当性を検証するため，
研究進捗報告/2025/7月18日（中間発表）/718_中間発表_前刷り_柴崎陸.pdf,82,method,で決定した沸騰開始点の熱流束を閾値として
研究進捗報告/2025/7月18日（中間発表）/718_中間発表_前刷り_柴崎陸.pdf,83,method,ROC 曲線を描画し，決定係数とAUC の指標を
研究進捗報告/2025/7月18日（中間発表）/718_中間発表_前刷り_柴崎陸.pdf,98,method,しては，決定係数とAUC を用いて検証した． 
研究進捗報告/2025/7月18日（中間発表）/718_中間発表_前刷り_柴崎陸.pdf,103,method,0.0595 となった．また，AUC の結果は，降順に
研究進捗報告/2025/7月18日（中間発表）/718_中間発表_前刷り_柴崎陸.pdf,113,next,値であり，今後さらにチューニングすることに
研究進捗報告/2025/7月18日（中間発表）/wavenet.pdf,232,method,Table 1: Performance on AUC (%) and pAUC (%) for different machine types. STgram-MFN is the backbone of the proposed ASD-
研究進捗報告/2025/7月18日（中間発表）/wavenet.pdf,243,method,AUC
研究進捗報告/2025/7月18日（中間発表）/wavenet.pdf,244,method,pAUC
研究進捗報告/2025/7月18日（中間発表）/wavenet.pdf,245,method,AUC
研究進捗報告/2025/7月18日（中間発表）/wavenet.pdf,246,method,pAUC
研究進捗報告/2025/7月18日（中間発表）/wavenet.pdf,247,method,AUC
研究進捗報告/2025/7月18日（中間発表）/wavenet.pdf,248,method,pAUC
研究進捗報告/2025/7月18日（中間発表）/wavenet.pdf,249,method,AUC
研究進捗報告/2025/7月18日（中間発表）/wavenet.pdf,250,method,pAUC
研究進捗報告/2025/7月18日（中間発表）/wavenet.pdf,251,method,AUC
研究進捗報告/2025/7月18日（中間発表）/wavenet.pdf,252,method,pAUC
研究進捗報告/2025/7月18日（中間発表）/wavenet.pdf,253,method,AUC
研究進捗報告/2025/7月18日（中間発表）/wavenet.pdf,254,method,pAUC
研究進捗報告/2025/7月18日（中間発表）/wavenet.pdf,255,method,AUC
研究進捗報告/2025/7月18日（中間発表）/wavenet.pdf,256,method,pAUC
研究進捗報告/2025/7月18日（中間発表）/wavenet.pdf,371,method,area under the receiver operating characteristic curve (AUC)
研究進捗報告/2025/7月18日（中間発表）/wavenet.pdf,372,method,"and the partial-AUC (pAUC), following [4, 8, 13, 14], where"
研究進捗報告/2025/7月18日（中間発表）/wavenet.pdf,373,method,pAUC represents the AUC over a low false-positive-rate range
研究進捗報告/2025/7月18日（中間発表）/wavenet.pdf,390,method,"Valve), with 1.55% improvement on AUC and 1.61% improve-"
研究進捗報告/2025/7月18日（中間発表）/wavenet.pdf,391,method,"ment on pAUC, averaged over all the six machine types, com-"
研究進捗報告/2025/7月18日（中間発表）/中間発表_柴崎陸_7月18日.pdf,270,method,AUC
研究進捗報告/2025/7月18日（中間発表）/中間発表_柴崎陸_7月18日.pptx,21,next,今後の計画
研究進捗報告/2025/7月18日（中間発表）/中間発表_柴崎陸_7月18日.pptx,34,next,今後の計画
研究進捗報告/2025/7月18日（中間発表）/中間発表_柴崎陸_7月18日.pptx,128,next,今後の計画
研究進捗報告/2025/7月18日（中間発表）/中間発表_柴崎陸_7月18日.pptx,158,next,今後の計画
研究進捗報告/2025/7月18日（中間発表）/中間発表_柴崎陸_7月18日.pptx,359,method,AUC
研究進捗報告/2025/7月18日（中間発表）/中間発表_柴崎陸_7月18日.pptx,386,next,今後の計画
研究進捗報告/2025/7月18日（中間発表）/中間発表_柴崎陸_7月18日.pptx,449,next,今後の計画
研究進捗報告/2025/7月18日（中間発表）/中間発表_柴崎陸_7月18日.pptx,509,next,今後の計画
研究進捗報告/2025/7月18日（中間発表）/中間発表_柴崎陸_7月18日.pptx,517,next,今後の計画
研究進捗報告/2025/7月18日（中間発表）/中間発表_柴崎陸_7月18日.pptx,518,next,最終目標
研究進捗報告/2025/7月18日（中間発表）/中間発表_柴崎陸_7月18日.pptx,524,next,今後やること
研究進捗報告/2025/7月25日/研究進捗報告_柴崎陸_7月25日.docx,56,next,整理した課題に対する短期目標．
研究進捗報告/2025/7月25日/研究進捗報告_柴崎陸_7月25日.docx,57,next,研究実施に係る中期目標（例えば，中間発表までの計画など）．
研究進捗報告/2025/7月25日/研究進捗報告_柴崎陸_7月25日.pdf,18,next,【P】Plan: 整理した課題に対する短期目標．研究実施に係る中期目標（例えば，中間発
研究進捗報告/2025/7月4日/研究進捗報告_柴崎陸_7月4日.docx,53,next,整理した課題に対する短期目標．
研究進捗報告/2025/7月4日/研究進捗報告_柴崎陸_7月4日.docx,54,next,研究実施に係る中期目標（例えば，中間発表までの計画など）．
研究進捗報告/2025/7月4日/研究進捗報告_柴崎陸_7月4日.pdf,20,next,【P】Plan: 整理した課題に対する短期目標．研究実施に係る中期目標（例えば，中間発
研究進捗報告/2025_AE＿植木研＿8125517＿柴崎陸.docx,121,next,次に、決定した入力データを用いて、複数の深層学習モデル（
研究進捗報告/2026/416（研究計画発表）/年間計画_柴崎陸_0417.pptx,15,next,今後の計画
研究進捗報告/2026/416（研究計画発表）/年間計画_柴崎陸_0417.pptx,29,next,今後の計画
研究進捗報告/2026/416（研究計画発表）/年間計画_柴崎陸_0417.pptx,150,next,今後の計画
研究進捗報告/2026/416（研究計画発表）/年間計画_柴崎陸_0417.pptx,212,next,今後の計画
研究進捗報告/2026/416（研究計画発表）/年間計画_柴崎陸_0417.pptx,240,next,今後の計画 
研究進捗報告/2026/416（研究計画発表）/年間計画_柴崎陸_0417.pptx,294,next,今後の計画 
研究進捗報告/2026/416（研究計画発表）/年間計画_柴崎陸_0417.pptx,323,next,目的が目標・手段になっているので目的をもう一度考えよう
研究進捗報告/2026/501（論文輪講）/Hit2flux A machine learning framework for boiling heat flux prediction .pdf,1164,next,app122010476.
研究進捗報告/2026/501（論文輪講）/論文輪講_柴崎陸_5月1日.pptx,22,next,結果・結論
研究進捗報告/2026/501（論文輪講）/論文輪講_柴崎陸_5月1日.pptx,35,next,結果・結論
研究進捗報告/2026/501（論文輪講）/論文輪講_柴崎陸_5月1日.pptx,78,next,結果・結論
研究進捗報告/2026/501（論文輪講）/論文輪講_柴崎陸_5月1日.pptx,170,next,結果・結論
研究進捗報告/2026/501（論文輪講）/論文輪講_柴崎陸_5月1日.pptx,221,method,は閾値超過時のみ記録される離散的な音響イベント
研究進捗報告/2026/501（論文輪講）/論文輪講_柴崎陸_5月1日.pptx,223,method,センサ信号が閾値を超えると記録開始
研究進捗報告/2026/501（論文輪講）/論文輪講_柴崎陸_5月1日.pptx,224,method,一定時間閾値を超えなくなると
研究進捗報告/2026/501（論文輪講）/論文輪講_柴崎陸_5月1日.pptx,231,method,を閾値に設定
研究進捗報告/2026/501（論文輪講）/論文輪講_柴崎陸_5月1日.pptx,239,method,：閾値超過から最大振幅までの時間
研究進捗報告/2026/501（論文輪講）/論文輪講_柴崎陸_5月1日.pptx,243,method,中に閾値を超えた回数
研究進捗報告/2026/501（論文輪講）/論文輪講_柴崎陸_5月1日.pptx,405,next,結果・結論
研究進捗報告/2026/501（論文輪講）/論文輪講_柴崎陸_5月1日.pptx,415,next,結果・結論①
研究進捗報告/2026/501（論文輪講）/論文輪講_柴崎陸_5月1日.pptx,430,next,結果・結論①
研究進捗報告/2026/501（論文輪講）/論文輪講_柴崎陸_5月1日.pptx,451,next,結果・結論②
研究進捗報告/2026/501（論文輪講）/論文輪講_柴崎陸_5月1日.pptx,467,next,結果・結論③
研究進捗報告/2026/508/研究進捗報告_柴崎陸_5月8日.docx,86,next,整理した課題に対する短期目標．
研究進捗報告/2026/508/研究進捗報告_柴崎陸_5月8日.docx,87,next,研究実施に係る中期目標（例えば，中間発表までの計画など）．
研究進捗報告/2026/508/研究進捗報告_柴崎陸_5月8日.docx,94,next,・今の研究の流れと新しく今年度やることを踏まえても，最終的な結論が学部の時と同じような感じになる気がし
研究進捗報告/2026/508/研究進捗報告_柴崎陸_5月8日.pdf,27,next,【P】Plan: 整理した課題に対する短期目標．研究実施に係る中期目標（例えば，中間発
研究進捗報告/2026/508/研究進捗報告_柴崎陸_5月8日.pdf,33,next,・今の研究の流れと新しく今年度やることを踏まえても，最終的な結論が学部の時と同じ
研究進捗報告/2026/515/研究進捗報告_柴崎陸_5月15日.docx,20,next,修士論文の結論
研究進捗報告/2026/515/研究進捗報告_柴崎陸_5月15日.docx,97,next,整理した課題に対する短期目標．
研究進捗報告/2026/515/研究進捗報告_柴崎陸_5月15日.docx,98,next,研究実施に係る中期目標（例えば，中間発表までの計画など）．
研究進捗報告/2026/515/研究進捗報告_柴崎陸_5月15日.pdf,8,next,修士論文の結論について， 
研究進捗報告/2026/515/研究進捗報告_柴崎陸_5月15日.pdf,32,next,【P】Plan: 整理した課題に対する短期目標．研究実施に係る中期目標（例えば，中間発
研究進捗報告/2026/522（研究計画発表）/研究進捗_柴崎陸_0522.pptx,39,next,修士の研究内容で論文を書いたら，学部の結論と同じになりそう
研究進捗報告/2026/529/研究進捗報告_柴崎陸_5月29日.docx,50,next,整理した課題に対する短期目標．
研究進捗報告/2026/529/研究進捗報告_柴崎陸_5月29日.docx,51,next,研究実施に係る中期目標（例えば，中間発表までの計画など）．
研究進捗報告/2026/605/Explainable AI_Context-aware layer-wise integrated gradients for explaining transformer models.pdf,83,method,"and Guided IG [12], provide theoretically sound input-level attributions "
研究進捗報告/2026/605/Explainable AI_Context-aware layer-wise integrated gradients for explaining transformer models.pdf,192,method,"ing both input and bias gradients [25], while Guided IG introduces "
研究進捗報告/2026/605/Explainable AI_Context-aware layer-wise integrated gradients for explaining transformer models.pdf,786,method,"perturbation-based AUC, evaluated through the insertion and deletion "
研究進捗報告/2026/605/Explainable AI_Context-aware layer-wise integrated gradients for explaining transformer models.pdf,793,method,dence during insertion (larger AUC) and a decrease in confidence during 
研究進捗報告/2026/605/Explainable AI_Context-aware layer-wise integrated gradients for explaining transformer models.pdf,794,method,"deletion (smaller AUC). In the cat and dog examples, our method consis­"
研究進捗報告/2026/605/Explainable AI_Context-aware layer-wise integrated gradients for explaining transformer models.pdf,830,method,Perturbation-based AUC evaluation of explanation faithfulness. Higher insertion AUC (↑) indicates faster 
研究進捗報告/2026/605/Explainable AI_Context-aware layer-wise integrated gradients for explaining transformer models.pdf,831,method,"confidence recovery when important patches are added to a blurred baseline, while lower deletion AUC "
研究進捗報告/2026/605/Explainable AI_Context-aware layer-wise integrated gradients for explaining transformer models.pdf,1204,method,"[12] A. Kapishnikov, S. Venugopalan, B. Avci, B. Wedin, M. Terry, T. Bolukbasi, Guided "
研究進捗報告/2026/605/Explainable AI_Context-aware layer-wise integrated gradients for explaining transformer models.pdf,1213,method,"Explainable AI: xai-guided context-aware data augmentation, Expert Syst. Appl. "
研究進捗報告/2026/605/Transformer_Interpretability_Beyond_Attention_Visualization_CVPR_2021_paper.pdf,773,method,"we measure the area-under-the-curve (AUC), for erasing be-"
研究進捗報告/2026/605/Transformer_Interpretability_Beyond_Attention_Visualization_CVPR_2021_paper.pdf,814,method,Perturbation tests Tab. 1 presents the AUC obtained for
研究進捗報告/2026/605/Transformer_Interpretability_Beyond_Attention_Visualization_CVPR_2021_paper.pdf,906,method,"Table 1: Positive and Negative perturbation AUC results (percents) for the predicted and target classes, on the ImageNet [31]"
研究進捗報告/2026/605/Transformer_Interpretability_Beyond_Attention_Visualization_CVPR_2021_paper.pdf,1105,method,"guided factorization. In AAAI, 2021."
研究進捗報告/2026/605/Transformer_Interpretability_Beyond_Attention_Visualization_CVPR_2021_paper.pdf,1119,method,Yun Fu. Tell me where to look: Guided attention inference
研究進捗報告/2026/605（論文輪講）/Explainable AI_Context-Aware Layer-Wise Integrated Gradients for Explaining.pdf,61,method,"(IG) [16] and Guided IG [17], provide theoretically sound"
研究進捗報告/2026/605（論文輪講）/Explainable AI_Context-Aware Layer-Wise Integrated Gradients for Explaining.pdf,199,method,"bias gradients [34], while Guided IG introduces layer-specific"
研究進捗報告/2026/605（論文輪講）/Explainable AI_Context-Aware Layer-Wise Integrated Gradients for Explaining.pdf,897,method,"using perturbation-based AUC, evaluated through the insertion"
研究進捗報告/2026/605（論文輪講）/Explainable AI_Context-Aware Layer-Wise Integrated Gradients for Explaining.pdf,905,method,(larger AUC) and a decrease in confidence in deletion (smaller
研究進捗報告/2026/605（論文輪講）/Explainable AI_Context-Aware Layer-Wise Integrated Gradients for Explaining.pdf,906,method,"AUC). In the cat and dog examples, our method consistently"
研究進捗報告/2026/605（論文輪講）/Explainable AI_Context-Aware Layer-Wise Integrated Gradients for Explaining.pdf,1016,method,Table 1: Perturbation-based AUC evaluation of explanation faithfulness. Higher insertion AUC (↑) indicates faster confidence recovery when
研究進捗報告/2026/605（論文輪講）/Explainable AI_Context-Aware Layer-Wise Integrated Gradients for Explaining.pdf,1017,method,"important patches are added to a blurred baseline, while lower deletion AUC (↓) reflects faster confidence drop when critical patches are removed"
研究進捗報告/2026/605（論文輪講）/Explainable AI_Context-Aware Layer-Wise Integrated Gradients for Explaining.pdf,1400,method,"M. Terry, T. Bolukbasi, Guided integrated gradients: An"
研究進捗報告/2026/605（論文輪講）/Explainable AI_Context-Aware Layer-Wise Integrated Gradients for Explaining.pdf,1417,method,"Xai-guided context-aware data augmentation, Expert Sys-"
研究進捗報告/2026/605（論文輪講）/この論文の内容の要約.md,95,next,次に、各Transformer blockのattention重みに対して、出力スコアの勾配を計算します。
研究進捗報告/2026/605（論文輪講）/スライド構成案.md,123,next,論文自身も、CA-LIGはencoder-only中心で、vision・decoder・multimodalへの拡張が今後の課題だと述べています。
研究進捗報告/2026/605（論文輪講）/スライド構成案.md,130,next,> 次に、重要領域を時間・周波数マスクして、予測熱流束や沸騰判定が変化するかを確認する。
研究進捗報告/2026/605（論文輪講）/スライド構成案_改訂版.md,16,next,| リード文（太字1文）    | ヘッダー直下。そのスライドの結論を一言で   |
研究進捗報告/2026/605（論文輪講）/スライド構成案_改訂版.md,30,method,- **perturbation評価は図ではなく Table 1(p.11)**（Insertion AUC↑0.617＝最高／Deletion AUC↓0.215＝最低）。数値はそのまま使える。
研究進捗報告/2026/605（論文輪講）/スライド構成案_改訂版.md,31,next,- **Fig.1は「3 Stage」表記**（Stage1＝token relevance＋attention gradient、Stage2＝融合、Stage3＝rollout）。本資料の「4 Step」説明とは **図Stage1＝Step1＋Step2** で対応する旨を全体像スライドに明記。
研究進捗報告/2026/605（論文輪講）/スライド構成案_改訂版.md,32,next,- Agendaラベルは6/5テンプレに合わせ **「04 結果・結論」** に統一。
研究進捗報告/2026/605（論文輪講）/スライド構成案_改訂版.md,38,next,"- スライド12（Step1）＝**Fig.1のStage1（token relevance部）を拡大**＋補助でFig.4（p.7, IMDBのlayer-wise事例）。自作概念図を廃止。"
研究進捗報告/2026/605（論文輪講）/スライド構成案_改訂版.md,39,next,- スライド13（Step2）＝**Fig.1のStage1の∇A部を拡大**。自作概念図を廃止。
研究進捗報告/2026/605（論文輪講）/スライド構成案_改訂版.md,46,next,- スライド10の各Stepに対応する式番号を併記（Step1=式(1)–(3)／Step2=式(4)(5)／Step3=式(6)(7)／Step4=式(8)(9)）。
研究進捗報告/2026/605（論文輪講）/スライド構成案_改訂版.md,55,next,03 手法                    : 9[中扉] / 10 全体像 / 11 IG基礎 / 12 Step1 / 13 Step2 / 14 Step3 / 15 Step4 / 16 実験設定
研究進捗報告/2026/605（論文輪講）/スライド構成案_改訂版.md,56,next,04 結果・結論              : 17[中扉] / 18 結果① / 19 結果② / 20 結果③ / 21 限界 / 22 まとめ・活用
研究進捗報告/2026/605（論文輪講）/スライド構成案_改訂版.md,96,next,  > **04　結果・結論**
研究進捗報告/2026/605（論文輪講）/スライド構成案_改訂版.md,99,next,  > 全体は4部構成です。まず、この論文を選んだ理由として自分の研究との接続を共有します。次に研究背景と目的、続いて手法を Integrated Gradients の基礎から段階的に説明します。最後に実験結果と、自分の沸騰音研究への活用についてお話しします。
研究進捗報告/2026/605（論文輪講）/スライド構成案_改訂版.md,111,next,  > 04　結果・結論
研究進捗報告/2026/605（論文輪講）/スライド構成案_改訂版.md,155,next,  > 04　結果・結論
研究進捗報告/2026/605（論文輪講）/スライド構成案_改訂版.md,247,next,  > 04　結果・結論
研究進捗報告/2026/605（論文輪講）/スライド構成案_改訂版.md,258,next,  > ➡ **Step1 Layer-wise IG** → **Step2 Attention Gradient** → **Step3 融合** → **Step4 層間 rollout**
研究進捗報告/2026/605（論文輪講）/スライド構成案_改訂版.md,260,next,  > - ⚫ **Step1 Layer-wise IG**（論文 式(1)–(3)）：各 Transformer block の隠れ表現に IG を適用し token relevance R^(l) を計算
研究進捗報告/2026/605（論文輪講）/スライド構成案_改訂版.md,261,next,  > - ⚫ **Step2 Attention Gradient**（論文 式(4)(5)）：attention 重みに対する対象クラス出力の勾配 ∇A^(b) を計算
研究進捗報告/2026/605（論文輪講）/スライド構成案_改訂版.md,265,next,  > ※ Fig.1 は3ステージ表記。図の **Stage1 = Step1+Step2**、**Stage2 = Step3**、**Stage3 = Step4** に対応。
研究進捗報告/2026/605（論文輪講）/スライド構成案_改訂版.md,268,next,  > CA-LIG の処理は大きく4ステップに分かれます。Step1 で各 Transformer block の隠れ表現に Integrated Gradients を適用して token ごとの重要度を求め、Step2 で attention 重みに対する出力の勾配、つまり attention gradient を計算します。Step3 でこの2つを融合し、Step4 で層をまたいで rollout することで、最終的な文脈的な寄与マップを作ります。なお論文の Fig.1 は3つの Stage で描かれていて、図の Stage1 が Step1 と Step2、Stage2 が Step3 の融合、Stage3 が Step4 の rollout に対応します。この後はまず Integrated Gradients の基本から説明します。
研究進捗報告/2026/605（論文輪講）/スライド構成案_改訂版.md,286,next,  > > ＝ 論文では補間経路を **式(1)**、リーマン和による IG を **式(2)** として定義（具体形は次スライド Step1）
研究進捗報告/2026/605（論文輪講）/スライド構成案_改訂版.md,291,next,  >   - ➢ ※ これを各 Transformer 層へ拡張するのが Step1（次スライド）
研究進捗報告/2026/605（論文輪講）/スライド構成案_改訂版.md,299,next,- **体裁メモ**：このスライドは汎用IGの説明に留め、「各層へ拡張」はStep1（次スライド）への橋渡し1行に。図は置かない（自作しない方針）。視覚が要る場合は式ボックスを大きく見せて代える。
研究進捗報告/2026/605（論文輪講）/スライド構成案_改訂版.md,303,next,## スライド12：手法 – Step1 Layer-wise IG
研究進捗報告/2026/605（論文輪講）/スライド構成案_改訂版.md,331,next,  > Step1 では、IG を入力だけでなく各 Transformer block の隠れ表現に適用します。各層で baseline 表現から実際の表現まで補間し、経路上の勾配を対象クラススコアについて積分して token relevance を求め、特徴次元方向に足し合わせて token 単位の寄与にまとめます。こうすると、どの token が効いているかが浅い層から深い層へどう変化するかを追えます。Transformer では浅い層は局所的・表面的な特徴、深い層は意味的・タスク特化的な特徴を扱うことが多いため、層ごとに見ることに意味があります。
研究進捗報告/2026/605（論文輪講）/スライド構成案_改訂版.md,335,next,## スライド13：手法 – Step2 Attention Gradient
研究進捗報告/2026/605（論文輪講）/スライド構成案_改訂版.md,362,next,  > Step2 では、attention 重みそのものではなく、attention 重みに対する出力スコアの勾配を計算します。単なる attention map は「どこを見たか」しか教えてくれませんが、attention gradient を見ると「その接続が対象クラスの予測にどれだけ効いたか」が分かります。重要なのは、この論文では attention を単独の説明としては扱わない点です。あくまで Step1 の IG の token 重要度を、token 間の文脈関係に沿って分配する補助信号として使います。次の Step3 でこの二つを融合します。
研究進捗報告/2026/605（論文輪講）/スライド構成案_改訂版.md,466,next,## スライド17：【中扉】04 結果・結論
研究進捗報告/2026/605（論文輪講）/スライド構成案_改訂版.md,473,next,  > **04　結果・結論**
研究進捗報告/2026/605（論文輪講）/スライド構成案_改訂版.md,475,next,  > 最後のセクションは結果と結論です。テキスト分類と画像分類での結果を紹介し、本手法の限界を整理したうえで、自分の沸騰音研究にどう活用できるかをまとめます。
研究進捗報告/2026/605（論文輪講）/スライド構成案_改訂版.md,515,method,  > - ⚫ 重要パッチを**追加**→ confidence回復が速い（Insertion AUC↑ **0.617** 最高）
研究進捗報告/2026/605（論文輪講）/スライド構成案_改訂版.md,516,method,  > - ⚫ 重要パッチを**削除**→ confidence低下が大きい（Deletion AUC↓ **0.215** 最低）
研究進捗報告/2026/605（論文輪講）/スライド構成案_改訂版.md,523,method,  > 画像分類では、MAE Vision Transformer を使い、Grad-CAM・LRP・IG などと attribution map を横並びで比較しています。CA-LIG は対象物の目や鼻といった意味的に重要な領域へ、まとまって集中しているのが分かります。さらに perturbation 評価では、重要パッチを足すと予測信頼度が速く回復し、消すと大きく下がりました。論文では Insertion AUC が 0.617 で最高、Deletion AUC が 0.215 で最低と、説明の妥当性も裏付けられています。これはスペクトログラム画像へ応用するうえで心強い結果です。
研究進捗報告/2026/605（論文輪講）/スライド構成案_改訂版.md,524,method,- **体裁メモ**：perturbationは**図ではなくTable 1**なので、図はFig.9、数値は文中引用にとどめる。ヘッダーに「MAE Vision Transformer」を明示（Fig.9キャプションと整合）。
研究進捗報告/2026/605（論文輪講）/スライド構成案_改訂版.md,551,next,  > 最後に、CA-LIG ならではの結果をまとめます。まず層を追って relevance がどう変化するかを可視化でき、浅い層の表面的特徴から深い層の意味的な判断への遷移を、Layer4・8・12のあたりで追えます。次に、先ほど見たように寄与を正と負に分離でき、予測を支持する領域と妨げる領域を区別できます。総じて、token の重要度が人間の直感に近く、attention 系ほど均一に散らず、IG 単体よりも文脈関係を反映するという結果です。これらは自分の沸騰音研究で、どの時間–周波数領域がどの層で沸騰判定にプラス・マイナスに効いたかを説明するうえで活用できる点だと考えています。
研究進捗報告/2026/605（論文輪講）/スライド構成案_改訂版.md,618,next,| 12 Step1         | **Fig. 1（p.5）Stage1拡大**（token relevance部）＋補助 Fig. 4（p.7） | token relevance/IGの計算部（式(1)–(3)）／Fig.4＝token寄与の出力例 |
研究進捗報告/2026/605（論文輪講）/スライド構成案_改訂版.md,619,next,| 13 Step2         | **Fig. 1（p.5）Stage1拡大**（∇A部）                             | attention gradient                                 |
研究進捗報告/2026/605（論文輪講）/論文輪講_柴崎陸_6月5日.pptx,26,next,結果・結論
研究進捗報告/2026/605（論文輪講）/論文輪講_柴崎陸_6月5日.pptx,39,next,結果・結論
研究進捗報告/2026/605（論文輪講）/論文輪講_柴崎陸_6月5日.pptx,92,next,結果・結論
研究進捗報告/2026/605（論文輪講）/論文輪講_柴崎陸_6月5日.pptx,204,next,結果・結論
研究進捗報告/2026/605（論文輪講）/論文輪講_柴崎陸_6月5日.pptx,272,next,– Step1
研究進捗報告/2026/605（論文輪講）/論文輪講_柴崎陸_6月5日.pptx,307,next,– Step2
研究進捗報告/2026/605（論文輪講）/論文輪講_柴崎陸_6月5日.pptx,356,next,"Step1, 2"
研究進捗報告/2026/605（論文輪講）/論文輪講_柴崎陸_6月5日.pptx,363,next,Step1
研究進捗報告/2026/605（論文輪講）/論文輪講_柴崎陸_6月5日.pptx,365,next,token × Step2
研究進捗報告/2026/605（論文輪講）/論文輪講_柴崎陸_6月5日.pptx,459,next,結果・結論
研究進捗報告/2026/605（論文輪講）/論文輪講_柴崎陸_6月5日.pptx,519,next,結論
研究進捗報告/2026/605（論文輪講）/論文輪講_柴崎陸_6月5日.pptx,548,next,CA-LIG の処理は大きく4ステップに分かれます。Step1 で各 Transformer block の隠れ表現に Integrated Gradients を適用して token ごとの重要度を求め、Step2 で attention 重みに対する出力の勾配、つまり attention gradient を計算します。Step3 でこの2つを融合し、Step4 で層をまたいで rollout することで、最終的な文脈的な寄与マップを作ります。なお論文の Fig.1 は3つの Stage で描かれていて、図の Stage1 が Step1 と Step2、Stage2 が Step3 の融合、Stage3 が Step4 の rollout に対応します。この後はまず Integrated Gradients の基本から説明します。
研究進捗報告/2026/605（論文輪講）/論文輪講_柴崎陸_6月5日.pptx,556,next,Step1では、通常のIGを入力だけでなく各Transformer blockの隠れ表現に適用します。これにより、単に入力のどこが重要かだけでなく、浅い層では何を見ていて、深い層では何が重要になっているのかを追うことができます。自分の研究で言えば、Conformerの浅い層では局所的な時間–周波数特徴、深い層ではONB近傍の文脈的な特徴が強くなるかを見るイメージです。
研究進捗報告/2026/612/今後の研究計画_2026-06-12.md,1,next,# 2026-06-12 今後の研究計画整理
研究進捗報告/2026/612/今後の研究計画_2026-06-12.md,5,next,このメモは、2026年6月12日時点での研究計画を、これまでの進捗報告、研究計画発表、卒論・学会資料、論文輪講、現在のコード構成を踏まえて整理したものである。目的は、今後の研究を「何を明らかにする研究なのか」「どの順番で検証するのか」「先生に何を相談するのか」が分かる形にすることである。
研究進捗報告/2026/612/今後の研究計画_2026-06-12.md,13,method,卒論・原子力学会発表では、音響スペクトログラムをCNNに入力し、熱流束を回帰予測したうえで、予測熱流束をONB閾値で二値化して沸騰発生を評価した。AlexNet、ResNet50、VGG16の重み付き平均アンサンブルにより、ノイズ下でも熱流束回帰と沸騰判定の性能が改善することを示した。また、100%分類可能な熱流束下限を、ONBから限界熱流束までの相対位置として評価し、早期検知の可能性を示した。
研究進捗報告/2026/612/今後の研究計画_2026-06-12.md,17,next,2026年5月以降の進捗では、「このままだと修士論文の結論が学部研究と同じになる」という問題意識が明確になった。そこで、修士研究の芯を、精度の高いモデル探しではなく、ONB近傍の微弱で非定常な時間・周波数特徴を、どの入力表現・どのモデル・どの説明手法がどのように捉えているかを明らかにする方向へ移す必要が出てきた。
研究進捗報告/2026/612/今後の研究計画_2026-06-12.md,19,next,2026年6月5日の論文輪講では、Transformerの説明性手法であるCA-LIGを扱った。ただし、6月12日時点の調査では、CA-LIG自体は新しい手法で引用数が少ない。一方で、CA-LIGの中で使われるIntegrated GradientsやAttention Rolloutは引用数も多く、研究で使う説明性手法としては、まずこれらの基礎的な手法を優先する方が現実的である。
研究進捗報告/2026/612/今後の研究計画_2026-06-12.md,25,method,具体的には、音響データをSTFT、CWT、周波数帯域制限などの時間・周波数表現に変換し、それを入力として熱流束を回帰予測する。その後、予測熱流束をONB閾値で評価し、ONB近傍の検知性能を確認する。さらに、CNN、CNN+Transformer、RandomForest、必要に応じてCNN+LSTMやConformer系モデルを比較し、単体モデルとアンサンブル統合の違いを、平均精度だけでなく、見逃し、検知遅れ、ノイズ条件間のばらつき、実験条件間の汎化性、判断根拠の物理的妥当性から評価する。
研究進捗報告/2026/612/今後の研究計画_2026-06-12.md,34,method,- 予測熱流束をONB閾値で二値化し、ROC/AUCなどで沸騰検知性能を評価できる。
研究進捗報告/2026/612/今後の研究計画_2026-06-12.md,65,method,ここで重要なのは、アンサンブルをONB検知ロジックそのものとして扱わないことである。アンサンブルは、音響スペクトログラムから回帰した熱流束を安定化するための処理として位置づける。そのうえで、統合後の予測熱流束を閾値処理し、ONB近傍検知を評価する。
研究進捗報告/2026/612/今後の研究計画_2026-06-12.md,73,method,そのため、アンサンブルの評価では、平均R2だけでなく、SNR別の分散、fold別の分散、ONB近傍の見逃し率、検知遅れ、ONB閾値付近での予測の揺れを必ず見る。
研究進捗報告/2026/612/今後の研究計画_2026-06-12.md,111,method,- 予測熱流束の連続値をスコアにした `ROC-AUC`
研究進捗報告/2026/612/今後の研究計画_2026-06-12.md,112,method,- 予測熱流束の連続値をスコアにした `PR-AUC`
研究進捗報告/2026/612/今後の研究計画_2026-06-12.md,113,method,- ONB閾値後の `Accuracy`
研究進捗報告/2026/612/今後の研究計画_2026-06-12.md,121,method,卒論では、二値化後の予測に対してAUCを計算していた部分がある。修士では、通常のROC/AUCとして解釈するために、予測熱流束の連続値をスコアとして使うAUCと、ONB閾値で二値化した後の分類指標を分ける。
研究進捗報告/2026/612/今後の研究計画_2026-06-12.md,125,method;next,先生との相談を踏まえると、今後は「沸騰開始点に対して感度の高いモデル」を探す視点を入れる必要がある。ここでの感度は、単に全体R2が高いという意味ではなく、ONB閾値付近の微小な変化に対して予測熱流束や判定が適切に反応するか、かつノイズで過剰に揺れないかを意味する。
研究進捗報告/2026/612/今後の研究計画_2026-06-12.md,130,method,- ONB閾値付近での見逃し率
研究進捗報告/2026/612/今後の研究計画_2026-06-12.md,131,method,- ONB閾値付近での誤検知率
研究進捗報告/2026/612/今後の研究計画_2026-06-12.md,149,method,ランダムKFoldだけでは、隣接チャンクや同一実験内データがtrain/testに混ざり、汎化性能を高く見積もる可能性がある。そのため、最終的にはleave-one-run-out、日付別分割、ノイズ条件を跨ぐ評価も検討する。
研究進捗報告/2026/612/今後の研究計画_2026-06-12.md,158,next,CA-LIGは考え方として有用だが、現時点では新しい手法で引用数も少ない。まずは引用数・実装・説明のしやすさから、Integrated Gradients、Attention Rollout、Grad-CAM、RISE、マスク実験を優先する。
研究進捗報告/2026/612/今後の研究計画_2026-06-12.md,167,method,- 評価指標を、回帰、連続スコア検知、閾値後分類、ONB近傍性能、頑健性に分ける。
研究進捗報告/2026/612/今後の研究計画_2026-06-12.md,169,method,- AUCを、連続スコア版と二値化後指標に分ける。
研究進捗報告/2026/612/今後の研究計画_2026-06-12.md,186,method,- 評価: 全体回帰、ONB近傍回帰、閾値検知、SNR/foldばらつき
研究進捗報告/2026/612/今後の研究計画_2026-06-12.md,187,method,- 保存: 予測値、正解値、ONB閾値、評価指標、図を後から比較できる形で残す
研究進捗報告/2026/612/今後の研究計画_2026-06-12.md,209,method,- ONB閾値付近で予測熱流束が過剰に揺れていないか。
研究進捗報告/2026/612/今後の研究計画_2026-06-12.md,226,next,次に、沸騰開始点に対して感度の高いモデルを探す。ここでは、全データでの平均精度よりも、ONB前後の限られた範囲でどのモデルが反応できているかを見る。
研究進捗報告/2026/612/今後の研究計画_2026-06-12.md,229,method,- ONB閾値を少し動かしたときに、判定が過剰に変わらないかを見る。
研究進捗報告/2026/612/今後の研究計画_2026-06-12.md,258,method,- アンサンブル後に、ONB閾値付近の予測の揺れが小さくなるか。
研究進捗報告/2026/612/今後の研究計画_2026-06-12.md,277,method,1. RandomForest単体で、熱流束回帰、ONB閾値判定、SNR別評価、fold別評価まで一通り動く状態にする。
研究進捗報告/2026/612/今後の研究計画_2026-06-12.md,291,method,- 沸騰開始点に対して感度の高いモデルを探す場合、ONB近傍誤差、見逃し率、検知遅れ、閾値付近の予測の揺れのどれを主指標にすべきか。
研究進捗報告/2026/612/今後の研究計画_2026-06-12.md,293,method,- 評価分割は、ランダムKFoldに加えてleave-one-run-outや実験日別分割を入れるべきか。
研究進捗報告/2026/612/今後の研究計画_2026-06-12.md,294,next,- 説明性手法は、CA-LIGを主手法にするのではなく、まずIntegrated Gradients、Attention Rollout、Grad-CAM、RISE、マスク実験を優先する方針でよいか。
研究進捗報告/2026/612/今後の研究計画_2026-06-12.md,299,method,卒論では、CNNアンサンブルにより音響スペクトログラムから熱流束を回帰し、閾値処理で沸騰開始検知ができることを示しました。修士では、その単純な延長として精度向上だけを目指すのではなく、ONB近傍に対象を絞り、ノイズ下での見逃し、検知遅れ、条件間ばらつき、および判断根拠の物理的妥当性を評価します。
研究進捗報告/2026/612/研究進捗報告_柴崎陸_6月12日.docx,65,next,整理した課題に対する短期目標．
研究進捗報告/2026/612/研究進捗報告_柴崎陸_6月12日.docx,66,next,研究実施に係る中期目標（例えば，中間発表までの計画など）．
研究進捗報告/2026/612/研究進捗報告_柴崎陸_6月12日.pdf,22,next,【P】Plan: 整理した課題に対する短期目標．研究実施に係る中期目標（例えば，中間発
研究進捗報告/2026/619（研究計画発表）/スライド内容案_0619.md,13,next,4. CNN+TransformerとAlexNetは、今回は主結果ではなく、比較対象としての構造確認と今後の改善対象として軽く説明する。
研究進捗報告/2026/619（研究計画発表）/スライド内容案_0619.md,52,next,4. 今後の検証方針と相談事項
研究進捗報告/2026/619（研究計画発表）/スライド内容案_0619.md,96,method,- chunk単位KFoldの妥当性
研究進捗報告/2026/619（研究計画発表）/スライド内容案_0619.md,97,method,- AUC指標の扱い
研究進捗報告/2026/619（研究計画発表）/スライド内容案_0619.md,130,method;next,今回のデータは、各条件1020サンプルで、熱流束ラベルは17段階ある。各熱流束に対して複数chunkが存在するため、今回のKFoldは同一実験・同一条件内でのchunk内挿性能を見る評価になっている。未知実験日や未知熱流束への一般化は、今後別途確認する必要がある。
研究進捗報告/2026/619（研究計画発表）/スライド内容案_0619.md,221,method,"ONB検知: Accuracy, Precision, Recall, F1, AUC(計算方法を確認中)"
研究進捗報告/2026/619（研究計画発表）/スライド内容案_0619.md,238,method,| model | mean R2 | mean ONB検知AUC<br>(参考) | mean RMSE |
研究進捗報告/2026/619（研究計画発表）/スライド内容案_0619.md,280,next,周波数上限を上げれば必ず性能が上がるわけではなく、今回の条件では2-5kHz付近で十分高い性能が出ている。これは、沸騰開始点検知に有効な情報が低周波から中周波側に多く含まれる可能性を示している。ただし、物理的な妥当性は今後、周波数帯ごとの重要度評価で確認する。
研究進捗報告/2026/619（研究計画発表）/スライド内容案_0619.md,282,next,> 📌 6/19フィードバック: 表の「平均R2」が何を平均しているか（fold内集計か条件間集計か）を明確化する必要がある。また、周波数上限を上げても改善しないのはPCAが全体エネルギー成分を優先的に拾っている可能性もあり、横（周波数帯域）に切ったSHAP/帯域マスクで中身を確認する（末尾 B-1/B-5を参照）。
研究進捗報告/2026/619（研究計画発表）/スライド内容案_0619.md,312,next,ノイズあり条件でも高い性能が出ているが、これは「未知の水流音ノイズに対して完全に頑健」と言い切る結果ではない。今回の評価では、同じSNR条件のデータをtrainとvalidationに分けているため、同一ノイズ条件内での性能を見ている。今後は、no_noiseで学習してSNR=-20で評価するなど、ノイズ条件をまたいだ評価が必要である。
研究進捗報告/2026/619（研究計画発表）/スライド内容案_0619.md,329,method,5. 現在のKFoldでは同じ熱流束条件のchunkがtrain/valに入り得る
研究進捗報告/2026/619（研究計画発表）/スライド内容案_0619.md,390,next,AlexNetは画像的な局所特徴を畳み込みで抽出し、最後に全結合層で熱流束を予測する。今回の結果では一部条件でR2が0.8以上まで出るが、条件による不安定性が大きい。今後使う場合は、入力正規化、Dense層の軽量化、validation loss監視などを検討する。
研究進捗報告/2026/619（研究計画発表）/スライド内容案_0619.md,406,method,AUCを主指標として使ってよいか
研究進捗報告/2026/619（研究計画発表）/スライド内容案_0619.md,412,method,- ただし、現在保存しているAUCの一部は、
研究進捗報告/2026/619（研究計画発表）/スライド内容案_0619.md,413,method,  一般的なROC-AUCとは計算の考え方が異なる可能性がある
研究進捗報告/2026/619（研究計画発表）/スライド内容案_0619.md,415,method,- 一般的なROC-AUCは、
研究進捗報告/2026/619（研究計画発表）/スライド内容案_0619.md,420,method,- 現在のAUC値を主結果として出してよいか
研究進捗報告/2026/619（研究計画発表）/スライド内容案_0619.md,421,method,- それともAUCは再整理し、
研究進捗報告/2026/619（研究計画発表）/スライド内容案_0619.md,427,method,ここで確認したいのは、同じAUCという名前でも、計算方法によって意味が変わる点である。現在の結果には、予測値をONBしきい値で0/1に変換した後に計算している値が含まれており、これはしきい値を動かして評価する一般的なROC-AUCとは意味が異なる可能性がある。今回の発表ではAUCを断定的な主張には使わず、主には回帰性能としてR2/RMSE、ONB判定性能としてAccuracy/Precision/Recall/F1を示し、AUCは計算方法を整理したうえで補助指標として扱う方針でよいか相談したい。
研究進捗報告/2026/619（研究計画発表）/スライド内容案_0619.md,463,next,### 17. 今後の検証方針
研究進捗報告/2026/619（研究計画発表）/スライド内容案_0619.md,471,method,- AUC指標の扱いを整理
研究進捗報告/2026/619（研究計画発表）/スライド内容案_0619.md,475,method,- GroupKFold / leave-one-heatflux-out
研究進捗報告/2026/619（研究計画発表）/スライド内容案_0619.md,492,next,### 18. 今後の年間計画
研究進捗報告/2026/619（研究計画発表）/スライド内容案_0619.md,512,old_claim,"| ⑤ 深層学習＋3モデルアンサンブル（最後） | 12-1月 | CNN+Transformer・AlexNetの入力正規化と学習設定の立て直し / DL側の説明性（Grad-CAM, IG）/ 余力があれば3種アンサンブル | RF主軸が固まった後の上積み。アンサンブルは最後に位置づける |"
研究進捗報告/2026/619（研究計画発表）/スライド内容案_0619.md,517,old_claim;next,4月時点では、CNN系・Transformer系・分類木系を並行して検証する計画だった。6/19のフィードバックを受け、計画の重心を「回帰タスクによる沸騰開始点の早期検知」に明確に寄せ、順序を組み替える。まず①現在の結果に出てくる「平均」が何を平均しているのかを定義し直し、代表条件の予測-実測散布図や熱流束帯別の誤差まで降りて回帰の中身を精査する。あわせて、ノイズが増えるほど性能が上がるという違和感のある挙動の原因を調べる。次に②その原因候補であるPCAの是非を検証する。PCAは説明性を考えるうえで「もう一段」解釈を増やしてしまうため、ablationで効果を確認し、周波数帯×時間ビンのエネルギーのような解釈可能な特徴表現への置き換えを検討する。そのうえで③本研究の主戦場である回帰タスクの説明性を主軸に据え、RFにTreeSHAPを直接適用して周波数帯ごと（横に切る）の寄与を定量化する。続いて④提案手法の核心である早期検知性能を、ONB近傍に重みを置いた指標と一般化評価（別実験日・未知熱流束・未知ノイズ）で評価する。深層学習モデルと⑤3モデルアンサンブルは、RF主軸が固まった後の最後の上積みとして位置づける。最後に⑥修論として最終モデルと結果図を整理し、執筆・発表準備を行う。
研究進捗報告/2026/619（研究計画発表）/スライド内容案_0619.md,533,next,- 今後は一般化性能と説明性評価を確認する
研究進捗報告/2026/619（研究計画発表）/スライド内容案_0619.md,536,method,- AUCを主指標として使う場合の計算方法をどう整理すべきか
研究進捗報告/2026/619（研究計画発表）/スライド内容案_0619.md,539,next,- 次の優先評価は別実験日か、分割方法の見直しか
研究進捗報告/2026/619（研究計画発表）/スライド内容案_0619.md,544,next,今回の進捗としては、まずRandomForestで安定して検証できる基準を作れたことが大きい。ただし、現在の評価は同一実験内のchunk分割なので、最終的な結論には一般化性能の確認が必要である。今後どの評価を優先すべきか、先生に相談したい。
研究進捗報告/2026/619（研究計画発表）/スライド内容案_0619.md,554,next,- 今回の結果は有望だが、同一実験内のchunk分割なので、未知条件への一般化は今後確認する。
研究進捗報告/2026/619（研究計画発表）/スライド内容案_0619.md,560,method,- 「AUCが高いのでONB検知は完全に解けた」
研究進捗報告/2026/619（研究計画発表）/スライド内容案_0619.md,566,method;next,1. 今後の主性能指標は、回帰ではR2/RMSE、ONB検知ではAccuracy/Precision/Recall/F1を中心にし、AUCは計算方法を確認したうえで補助指標として報告する形でよいか。
研究進捗報告/2026/619（研究計画発表）/スライド内容案_0619.md,567,method,2. 予測値を0/1に変換した後に計算しているAUCは参考値にとどめ、一般的なROC-AUCは連続予測値を使って再整理する方がよいか。
研究進捗報告/2026/619（研究計画発表）/スライド内容案_0619.md,568,next,3. 現在のRandomForestが強い結果を受けて、今後はRFを基準モデルとして一般化性能と説明性を深掘りする方針でよいか。
研究進捗報告/2026/619（研究計画発表）/スライド内容案_0619.md,569,next,4. 次の評価は、別実験日への一般化、熱流束ラベル単位の分割、ノイズ条件をまたいだ評価のどれを優先すべきか。
研究進捗報告/2026/619（研究計画発表）/スライド内容案_0619.md,635,old_execution,  - (2) 条件間: 42条件、または周波数別7条件平均・ノイズ別6条件平均。
研究進捗報告/2026/619（研究計画発表）/スライド内容案_0619.md,648,next,  - (b) **ノイズ付与方法のラベル相関（リーク）**: SNRを信号基準で定義していると、ノイズ量が信号エネルギー（≒熱流束）と相関し、ノイズ自体がラベル情報を持ち込む恐れ。**最優先で確認すべき重大候補**。
研究進捗報告/2026/619（研究計画発表）/スライド内容案_0619.md,713,next,3. ノイズ異常は原因究明（PCA/リーク）を最優先とし、それまでノイズ別R2は確定結果として出さない方針でよいか。
研究進捗報告/2026/619（研究計画発表）/研究目的再整理_2026-06-19.md,7,method,これまでの資料では、「音響データを用いて熱流束を回帰し、ONB閾値で沸騰開始点近傍を検知する」「ノイズ下でも利用できるかを明らかにする」「評価する」といった表現が多かった。しかし、これらは手段や確認作業に近く、研究目的として置くと、目的と手段が混ざって見える。
研究進捗報告/2026/619（研究計画発表）/研究目的再整理_2026-06-19.md,9,method,特に、「ONB近傍の音響特徴を検知根拠として利用できるかを明らかにする」という表現は、卒論で示した基本的成立性に戻ってしまう可能性がある。卒論ではすでに、音響スペクトログラムから熱流束を回帰し、予測熱流束をONB閾値で二値化することで、沸騰発生検知が可能であることを示している。修士研究では、その成立性を前提に、より信頼できる検知構成へ進める必要がある。
研究進捗報告/2026/619（研究計画発表）/研究目的再整理_2026-06-19.md,26,method,- 予測熱流束をONB閾値で二値化することで、沸騰発生検知を評価できること。
研究進捗報告/2026/619（研究計画発表）/研究目的再整理_2026-06-19.md,37,method,- 気泡発生に伴う音は非定常であり、単純な音圧や単一周波数の閾値では捉えにくい。
研究進捗報告/2026/619（研究計画発表）/研究目的再整理_2026-06-19.md,39,method,- 全体の熱流束回帰精度が高くても、ONB閾値付近で予測が少しずれると、見逃しや誤検知につながる。
研究進捗報告/2026/619（研究計画発表）/研究目的再整理_2026-06-19.md,68,method,| ONB近傍誤差 | 平均精度に隠れたONB閾値付近の弱さを確認する |
研究進捗報告/2026/619（研究計画発表）/研究目的再整理_2026-06-19.md,81,method,アンサンブル統合は、ONB検知ロジックそのものではない。基本の流れは、各モデルが音響データから熱流束を回帰し、その予測熱流束を必要に応じて統合し、最後にONB閾値で判定することである。
研究進捗報告/2026/619（研究計画発表）/研究目的再整理_2026-06-19.md,92,method,   全体R2が高いだけではなく、ONB閾値付近で判定が安定するか、見逃しや検知遅れを減らせるかを確認する。
研究進捗報告/2026/619（研究計画発表）/研究目的再整理_2026-06-19.md,119,method,> 卒論では、音響スペクトログラムから熱流束を回帰し、ONB閾値で沸騰発生を検知できる可能性を示しました。修士では、その成立性を前提として、ノイズが増えた場合やONB近傍の微弱な変化に対して、どのモデル構成や統合方法が安定して使えるのかを整理したいと考えています。特に、アンサンブル統合を単なる平均精度向上ではなく、ノイズ耐性、予測ばらつきの低減、ONB近傍の見逃し・検知遅れの低減という観点から位置づけます。そのうえで、改善が沸騰現象に関係する時間・周波数特徴に基づいているかも確認します。
研究進捗報告/2026/619（研究計画発表）/研究目的再整理_2026-06-19.md,121,next,## 今後の相談事項
研究進捗報告/2026/619（研究計画発表）/研究進捗_柴崎陸_0619.pptx,19,next,今後の検証方針と相談事項
研究進捗報告/2026/619（研究計画発表）/研究進捗_柴崎陸_0619.pptx,32,next,今後の検証方針と相談事項
研究進捗報告/2026/619（研究計画発表）/研究進捗_柴崎陸_0619.pptx,49,method,chunk単位KFoldの妥当性
研究進捗報告/2026/619（研究計画発表）/研究進捗_柴崎陸_0619.pptx,50,method,AUC指標の扱い
研究進捗報告/2026/619（研究計画発表）/研究進捗_柴崎陸_0619.pptx,130,next,今後：
研究進捗報告/2026/619（研究計画発表）/研究進捗_柴崎陸_0619.pptx,142,next,今後の検証方針と相談事項
研究進捗報告/2026/619（研究計画発表）/研究進捗_柴崎陸_0619.pptx,178,next,今後の検証方針と相談事項
研究進捗報告/2026/619（研究計画発表）/研究進捗_柴崎陸_0619.pptx,187,method,①：AUCを指標として使ってよいか
研究進捗報告/2026/619（研究計画発表）/研究進捗_柴崎陸_0619.pptx,190,method,ただし、現在保存している AUC の一部は、一般的な ROC-AUC とは計算の考え方が異なる
研究進捗報告/2026/619（研究計画発表）/研究進捗_柴崎陸_0619.pptx,191,method,→　一般的な ROC-AUC は、連続的な予測値をスコアとして使い、しきい値を動かしたときに検知性能がどう動くのかを見るグラフと指標
研究進捗報告/2026/619（研究計画発表）/研究進捗_柴崎陸_0619.pptx,193,method,現在のAUCの計算方法は一般的な計算方法とは異なるため，
研究進捗報告/2026/619（研究計画発表）/研究進捗_柴崎陸_0619.pptx,195,method,AUC
研究進捗報告/2026/619（研究計画発表）/研究進捗_柴崎陸_0619.pptx,216,next,今後の年間計画
研究進捗報告/2026/626/6月19日発表後_今後の進め方.md,1,next,# 6月19日発表後 今後の進め方
研究進捗報告/2026/626/6月19日発表後_今後の進め方.md,6,next,## 結論
研究進捗報告/2026/626/6月19日発表後_今後の進め方.md,8,next,今後は、現時点のRandomForestの結果だけを基準にして研究方針を固定するのではなく、**CNN+Transformer、AlexNet、RandomForestの各モデルについて、学習設定・性能・説明性をそれぞれ整えたうえで比較する** 方針に寄せるのがよい。
研究進捗報告/2026/626/6月19日発表後_今後の進め方.md,18,method,- ノイズ条件や周波数条件ごとにR2やAUCを比較する。
研究進捗報告/2026/626/6月19日発表後_今後の進め方.md,31,next,## 直近で最優先にやること
研究進捗報告/2026/626/6月19日発表後_今後の進め方.md,35,method,6/19発表で出した平均R2や平均AUCについて、何を平均しているのかを明確にする必要がある。
研究進捗報告/2026/626/6月19日発表後_今後の進め方.md,71,next,no_noiseよりSNR付き条件のR2が高いのは、物理的にはかなり違和感がある。現時点では、ノイズ頑健性が高いと結論づけるのではなく、原因を切り分ける。
研究進捗報告/2026/626/6月19日発表後_今後の進め方.md,84,next,今後は、PCAを完全に捨てるのではなく、まずベースラインとして残しつつ、次のような解釈可能特徴を試す。
研究進捗報告/2026/626/6月19日発表後_今後の進め方.md,136,next,| `docs/research_plan/` | 発表後コメントや今後の研究計画など、やや詳しい方針メモ |
研究進捗報告/2026/626/研究進捗報告_柴崎陸_6月26日.docx,50,next,整理した課題に対する短期目標．
研究進捗報告/2026/626/研究進捗報告_柴崎陸_6月26日.docx,51,next,研究実施に係る中期目標（例えば，中間発表までの計画など）．
研究進捗報告/2026/626/研究進捗報告_柴崎陸_6月26日.pdf,20,next,【P】Plan: 整理した課題に対する短期目標．研究実施に係る中期目標（例えば，中間発
研究進捗報告/2026/703/研究進捗報告_柴崎陸_7月3日.docx,51,next,整理した課題に対する短期目標．
研究進捗報告/2026/703/研究進捗報告_柴崎陸_7月3日.docx,52,next,研究実施に係る中期目標（例えば，中間発表までの計画など）．
研究進捗報告/2026/703/研究進捗報告_柴崎陸_7月3日.pdf,21,next,【P】Plan: 整理した課題に対する短期目標．研究実施に係る中期目標（例えば，中間発
研究進捗報告/2026/710/研究進捗報告_柴崎陸_7月10日.docx,54,next,整理した課題に対する短期目標．
研究進捗報告/2026/710/研究進捗報告_柴崎陸_7月10日.docx,55,next,研究実施に係る中期目標（例えば，中間発表までの計画など）．
研究進捗報告/2026/710/研究進捗報告_柴崎陸_7月10日.pdf,17,next,【P】Plan: 整理した課題に対する短期目標．研究実施に係る中期目標（例えば，中間発
研究進捗報告/2026/717/研究進捗報告_柴崎陸_7月17日.docx,54,next,整理した課題に対する短期目標．
研究進捗報告/2026/717/研究進捗報告_柴崎陸_7月17日.docx,55,next,研究実施に係る中期目標（例えば，中間発表までの計画など）．
研究進捗報告/2026/717/研究進捗報告_柴崎陸_7月17日.pdf,26,next,【P】Plan: 整理した課題に対する短期目標．研究実施に係る中期目標（例えば，中間発
研究進捗報告/2026/724（中間発表）/PowerPoint_Claude作成プロンプト_0724.md,13,next,過去資料に書かれている研究結果、数値、文章、結論は今回の発表内容として使用しないでください。
研究進捗報告/2026/724（中間発表）/PowerPoint_Claude作成プロンプト_0724.md,93,next,3. 未完了部分と今後の実施順序
研究進捗報告/2026/724（中間発表）/PowerPoint_Claude作成プロンプト_0724.md,150,next,色分けする場合は、既存資料の色を優先してください。
研究進捗報告/2026/724（中間発表）/PowerPoint_Claude作成プロンプト_0724.md,151,next,必要であれば、完了、進行中、今後の3状態だけを区別してください。
研究進捗報告/2026/724（中間発表）/PowerPoint_Claude作成プロンプト_0724.md,225,next,- CNN+TransformerとAlexNetの精度回復を優先した
研究進捗報告/2026/724（中間発表）/PowerPoint_Claude作成プロンプト_0724.md,233,next,スライド7　今後の実施順序
研究進捗報告/2026/724（中間発表）/PowerPoint_Claude作成プロンプト_0724.md,237,next,今後の実施順序
研究進捗報告/2026/724（中間発表）/PowerPoint_Claude作成プロンプト_0724.md,332,next,表の下に、次の結論を強調してください。
研究進捗報告/2026/724（中間発表）/PowerPoint_Claude作成プロンプト_0724.md,357,method,- 同一標本でのIGとGrad-CAMの整合性
研究進捗報告/2026/724（中間発表）/PowerPoint_Claude作成プロンプト_0724.md,362,next,スライド下部の結論：
研究進捗報告/2026/724（中間発表）/PowerPoint_Claude作成プロンプト_0724.md,404,next,右下または下部に、今後必要なことを短く示してください。
研究進捗報告/2026/724（中間発表）/PowerPoint_Claude作成プロンプト_0724.md,425,next,次に行うこと
研究進捗報告/2026/724（中間発表）/PowerPoint_Claude作成プロンプト_0724.md,432,next,最下部に、今回の発表全体の結論として次の文章を配置してください。
研究進捗報告/2026/724（中間発表）/PowerPoint_Claude作成プロンプト_0724.md,435,next,今後は説明結果の検証とONB専用の研究設計を優先する。
研究進捗報告/2026/724（中間発表）/スライド内容案_0724.md,13,next,発表全体の結論は、次の表現が最も正確である。
研究進捗報告/2026/724（中間発表）/スライド内容案_0724.md,15,next,> モデル学習と評価を行う実装基盤は、年間計画に対して概ね順調であり、一部は前倒しで進んでいる。一方、説明結果の物理的な妥当性確認と、沸騰開始点近傍に特化したデータ設計・早期検知の定義は未完了である。今後は、実装した手法から結果を出す段階から、その結果を研究上の結論として検証する段階へ移る。
研究進捗報告/2026/724（中間発表）/スライド内容案_0724.md,21,next,「コードが動く」と「研究として結論を出せる」を分けて説明する。
研究進捗報告/2026/724（中間発表）/スライド内容案_0724.md,27,next,| 研究上の完了 | 結果を解釈し、研究目的に対する結論を説明できる |
研究進捗報告/2026/724（中間発表）/スライド内容案_0724.md,39,old_claim;next,| ⑤ 修論執筆・まとめ | 計画上、今後着手 | 未着手 |
研究進捗報告/2026/724（中間発表）/スライド内容案_0724.md,110,next,- 灰: 今後着手
研究進捗報告/2026/724（中間発表）/スライド内容案_0724.md,148,next,①は、RF単体で回帰からしきい値検知まで一通り評価できるため、年間計画上は完了とする。②も、3モデルを同じ条件で学習し、アンサンブルまで比較できる実装基盤は確立した。ただし、アンサンブルがRF単体より有効であるという結論はまだ得られていないため、「高性能な最終アンサンブルが確立した」とは表現しない。
研究進捗報告/2026/724（中間発表）/スライド内容案_0724.md,150,next,③は説明手法の選定、実装、出力までは完了しているが、説明画像や定量結果の確認が残っている。④はONB近傍の評価指標を導入しただけで、ONBに特化した研究設計そのものは今後の課題である。
研究進捗報告/2026/724（中間発表）/スライド内容案_0724.md,178,next,- CNN+TransformerとAlexNetの精度回復を優先した
研究進捗報告/2026/724（中間発表）/スライド内容案_0724.md,185,old_claim,遅れの主因は、深層学習モデルの精度を立て直し、3モデルを比較できる状態にする作業へ時間を使ったことである。また、説明性評価を中間発表前に動かすため、年間計画上は後半の作業を前倒しした。その結果、ONB専用のデータ設計や早期検知の定義が後ろにずれた。
研究進捗報告/2026/724（中間発表）/スライド内容案_0724.md,189,next,### スライド6 今後の実施順序
研究進捗報告/2026/724（中間発表）/スライド内容案_0724.md,224,next,次は新しい手法を増やすより、すでに出力した説明結果の確認と、ONB近傍で何をもって早期検知とするかの定義を優先する。その後、データと評価分割を決め直し、同じ条件で単体モデル、アンサンブル、説明性を再検証する。
研究進捗報告/2026/724（中間発表）/スライド内容案_0724.md,251,next,前回はRFを基準モデルとして確立したところまでを報告した。その後、CNN+TransformerとAlexNetの学習設定を調整し、3モデルを比較できる状態に戻した。次に、モデルごとの説明性手法を選定して実装し、現在は出力結果の確認段階に入っている。
研究進捗報告/2026/724（中間発表）/スライド内容案_0724.md,295,method,- 同一標本でIGとGrad-CAMの傾向が整合するか
研究進捗報告/2026/724（中間発表）/スライド内容案_0724.md,317,next,説明画像と数値出力の作成までは完了した。ただし、現時点では、見た目だけを根拠に「この周波数帯が沸騰を表す」とは結論づけない。同一標本でも説明手法によって強調領域が異なる場合があるため、入力との対応、説明の安定性、マスク時の性能低下を確認している。
研究進捗報告/2026/724（中間発表）/スライド内容案_0724.md,379,next,| 実施済み | 今後必要 |
研究進捗報告/2026/724（中間発表）/スライド内容案_0724.md,389,old_claim,④は完全な未着手ではなく、評価指標の基盤には着手している。ただし、現在の±10%は暫定値であり、早期検知として重要な「ONBよりどれだけ前に兆候を捉えられたか」はまだ定義・実装できていない。また、現在のchunk単位分割だけでは未知の収録条件への一般化を十分に評価できないため、元WAV単位や実験日単位の分割が必要である。
研究進捗報告/2026/724（中間発表）/スライド内容案_0724.md,407,next,次に行うこと
研究進捗報告/2026/724（中間発表）/スライド内容案_0724.md,417,next,実装面では、RF単体、3モデル、アンサンブル、説明性評価まで進めることができた。一方、今後の中心は、出力した説明が物理的に妥当かを確認し、ONB近傍の早期検知をどの指標とデータで評価するかを確立することである。年間計画全体としては、モデル実装は前倒し、ONB専用設計は遅れているため、今後は④を優先する。
研究進捗報告/2026/724（中間発表）/スライド内容案_0724.md,430,next,- 今後は説明結果の妥当性と、ONB専用の研究設計を確認する。
研究進捗報告/2026/724（中間発表）/スライド内容案_0724.md,457,next,3. 次の優先順位を、説明性出力の確認より先に元WAV単位・実験日単位の評価分割へ置くべきか。
研究進捗報告/2026/724（中間発表）/スライド内容案_0724.md,471,next,5. 未完了部分・理由・今後の順序
研究進捗報告/2026/724（中間発表）/研究進捗_柴崎陸_0724.pptx,74,next,アンサンブルの実装を優先してしまっていたため，説明性が遅れ気味
研究進捗報告/2026/724（中間発表）/研究進捗_柴崎陸_0724.pptx,91,next,今後やること
研究進捗報告/2026/724（中間発表）/研究進捗_柴崎陸_0724.pptx,192,method,同一標本でのIGの整合性
研究進捗報告/2026/724（中間発表）/研究進捗_柴崎陸_0724.pptx,210,next,次に行うこと
研究進捗報告/2026_AE＿植木研＿8125517＿柴崎陸.docx,82,method,閾値による沸騰発生検知の基本的成立性を示した。修士
研究進捗報告/2026_AE＿植木研＿8125517＿柴崎陸.docx,92,next,点の達成を目標とする。
研究進捗報告/2026_AE＿植木研＿8125517＿柴崎陸.docx,121,next,変換、標準化、周波数上限、ノイズ条件などの前処理を整理し、各モデルが同一条件で比較できる評価環境を整える。次に、
研究進捗報告/2026_AE＿植木研＿8125517＿柴崎陸.docx,129,method,閾値による検知性能を評価する。この際、平均的な
研究進捗報告/8121048_柴崎陸_最終投稿卒論.pdf,18,next,示すことを目標に，水を対象としたサブクール沸騰時に生じる音響データを取得し，時間‐
研究進捗報告/8121048_柴崎陸_最終投稿卒論.pdf,20,method,基に沸騰開始点を閾値としたROC 曲線による沸騰発生検知性能を評価した結果，検知手法の
研究進捗報告/8121048_柴崎陸_最終投稿卒論.pdf,109,next,今後の展望. . . . . . . . . . . . . . . . . . . . . . . . . . . . . . . . . . . . .
研究進捗報告/8121048_柴崎陸_最終投稿卒論.pdf,178,next,は，電力広域的運営推進機関が2024 年1 月に公表した今後10 年間の電力需要の予測によれ
研究進捗報告/8121048_柴崎陸_最終投稿卒論.pdf,250,next,する結果を中心に論じる．最後に第5 章では，以上を踏まえた本研究の結論と今後の展望に
研究進捗報告/8121048_柴崎陸_最終投稿卒論.pdf,450,next,式(3.2.1) において，𝑁は信号𝑦signal(𝑖) のサンプル数を表す．次に，ノイズ信号についても
研究進捗報告/8121048_柴崎陸_最終投稿卒論.pdf,666,method,AUC（Area Under the Curve）は，ROC 曲線の下に囲まれた面積を表す指標であり，モデ
研究進捗報告/8121048_柴崎陸_最終投稿卒論.pdf,667,method,ルの全体的な性能を示す[18]．AUC は0 から1 の範囲で，1 に近いほど優れた分類性能を持
研究進捗報告/8121048_柴崎陸_最終投稿卒論.pdf,668,method,つことを示す．AUC の値が0.5 の場合，モデルはランダムな予測と同等の性能であり，0.5
研究進捗報告/8121048_柴崎陸_最終投稿卒論.pdf,670,method,ROC 曲線とAUC は，特に不均衡なデータセットにおいて有用であり，クラスの不均衡が
研究進捗報告/8121048_柴崎陸_最終投稿卒論.pdf,675,method,と特異度を計算する．具体的には，予測確率を閾値に基づいてクラスラベルに変換し，これ
研究進捗報告/8121048_柴崎陸_最終投稿卒論.pdf,677,method,を元に，異なる閾値に対する感度と特異度を求め，これらの値をプロットすることでROC 曲
研究進捗報告/8121048_柴崎陸_最終投稿卒論.pdf,690,method,このようにして，ROC 曲線を描くためにさまざまな閾値を設定し，その結果を基に性能を
研究進捗報告/8121048_柴崎陸_最終投稿卒論.pdf,694,method,方法と異なる点は，ラベル変換のため閾値を1 つしか使用しないことである．その1 つの閾
研究進捗報告/8121048_柴崎陸_最終投稿卒論.pdf,696,method,求め方とその妥当性については第4 章に示した．これにより，回帰分析の予測熱流束が閾値
研究進捗報告/8121048_柴崎陸_最終投稿卒論.pdf,697,method,より高いときは陽性（沸騰），低いときは陰性（未沸騰）のラベルに分類し，1 つの閾値に基づ
研究進捗報告/8121048_柴崎陸_最終投稿卒論.pdf,705,method,に，指定された閾値（THRESHOLD）を使用して2 値分類を行う．本研究では，3 回
研究進捗報告/8121048_柴崎陸_最終投稿卒論.pdf,706,method,の実験データをまとめて学習データとして使用しているため，閾値の熱流束は3 回の
研究進捗報告/8121048_柴崎陸_最終投稿卒論.pdf,707,method,実験ごとの核沸騰開始点の熱流束の平均値を使用した．予測値がこの閾値を超える場
研究進捗報告/8121048_柴崎陸_最終投稿卒論.pdf,712,method,デル）に対してROC 曲線を描画し，曲線下面積であるAUC（Area Under the Curve）
研究進捗報告/8121048_柴崎陸_最終投稿卒論.pdf,714,method,5. 最後に，各単体モデルとアンサンブル学習の決定係数およびAUC の結果を比較する．
研究進捗報告/8121048_柴崎陸_最終投稿卒論.pdf,751,method,• 各塊内の予測値が全て閾値を超えているかを判定．
研究進捗報告/8121048_柴崎陸_最終投稿卒論.pdf,753,method,3. すべての予測値が閾値を超える場合，その最小予測値を「100% 分類可能な熱流束値」
研究進捗報告/8121048_柴崎陸_最終投稿卒論.pdf,755,method,4. 結果をプロットし，閾値を超えた塊の最小値をグラフに描画する．
研究進捗報告/8121048_柴崎陸_最終投稿卒論.pdf,758,method,モデル性能の評価には，決定係数，曲線下面積(AUC)，および劣化率を用いた．劣化率は
研究進捗報告/8121048_柴崎陸_最終投稿卒論.pdf,766,method,ここで，性能no noise はノイズがない場合の決定係数またはAUC，性能noise は特定のSNR
研究進捗報告/8121048_柴崎陸_最終投稿卒論.pdf,781,next,ここで，𝜎𝐴と𝜎𝐵はそれぞれの測定値の標準誤差を表す．次に，比𝐴
研究進捗報告/8121048_柴崎陸_最終投稿卒論.pdf,862,method,AUC を比較することでノイズ耐性を評価する．また，異なるSNR 条件下におけるモデルの
研究進捗報告/8121048_柴崎陸_最終投稿卒論.pdf,890,method,モデルごとの決定係数とAUC の比較
研究進捗報告/8121048_柴崎陸_最終投稿卒論.pdf,891,method,本節では，全ての回帰分析結果をモデルごとに比較し，決定係数とAUC を用いた性能評価
研究進捗報告/8121048_柴崎陸_最終投稿卒論.pdf,893,method,まず，各単一モデルとアンサンブルモデルの5 分割交差検証による決定係数およびAUC を
研究進捗報告/8121048_柴崎陸_最終投稿卒論.pdf,936,method,Table 4.2.2 Comparison of AUC of models by SNR
研究進捗報告/8121048_柴崎陸_最終投稿卒論.pdf,979,method,く再現していることを意味する．一方，AUC 値の表は，モデルの分類性能を表しており，高
研究進捗報告/8121048_柴崎陸_最終投稿卒論.pdf,980,method,いAUC 値はモデルが沸騰・未沸騰の分類を正確に行えることを示している．いずれの指標
研究進捗報告/8121048_柴崎陸_最終投稿卒論.pdf,983,method;next,次に，決定係数とAUC をモデルごとにグラフ化し，ノイズ耐性を視覚的に比較した．
研究進捗報告/8121048_柴崎陸_最終投稿卒論.pdf,994,method,AUC の比較
研究進捗報告/8121048_柴崎陸_最終投稿卒論.pdf,995,method,Fig. 4.2.3 は各モデルにおけるAUC のSNR 条件ごとの比較の図を示している．
研究進捗報告/8121048_柴崎陸_最終投稿卒論.pdf,996,method,Fig. 4.2.3 Comparison of AUC in each model
研究進捗報告/8121048_柴崎陸_最終投稿卒論.pdf,1047,method,Table 4.2.4 AUC degradation rate
研究進捗報告/8121048_柴崎陸_最終投稿卒論.pdf,1116,next,100% 検知可能とする熱流束を算出する．次に，この値を定量的に評価する手法として，実験
研究進捗報告/8121048_柴崎陸_最終投稿卒論.pdf,1380,method,第二に，ROC 曲線分析およびAUC 評価により，アンサンブルモデルの優位性を実証した．
研究進捗報告/8121048_柴崎陸_最終投稿卒論.pdf,1384,method,AUC においても約8% の劣化率に留めた．この結果は，可視化データと音圧変化の時刻歴応
研究進捗報告/8121048_柴崎陸_最終投稿卒論.pdf,1390,next,今後の展望
研究進捗報告/8121048_柴崎陸_最終投稿卒論.pdf,1391,next,本研究における今後の展望として，いくつかの重要な課題と改善点が挙げられる．まず，
研究進捗報告/8121048_柴崎陸_最終投稿卒論.pdf,1395,next,次に，100% 分類性能では，予測アルゴリズムのファインチューニングや，リアルタイム性
研究進捗報告/8121048_柴崎陸_最終投稿卒論.pdf,1468,method,"McInnes, and Andreas Holzinger. Deep roc analysis and auc as balanced average accuracy,"
研究進捗報告/Deep Autoencoders for Acoustic Anomaly Detection.pdf,740,method,"ROC Curve (AUC) and partial-AUC (pAUC) [19, 20]. The"
研究進捗報告/Deep Autoencoders for Acoustic Anomaly Detection.pdf,744,method,The AUC measure represents the overall ML discrimi-
研究進捗報告/Deep Autoencoders for Acoustic Anomaly Detection.pdf,745,method,"nation performance, while pAUC focuses on a particular"
研究進捗報告/Deep Autoencoders for Acoustic Anomaly Detection.pdf,758,method,AAD datasets. The AUC and pAUC values can be inter-
研究進捗報告/Deep Autoencoders for Acoustic Anomaly Detection.pdf,773,method,"1080Ti). To evaluate the model performance, both AUC"
研究進捗報告/Deep Autoencoders for Acoustic Anomaly Detection.pdf,774,method,"and pAUC metrics were used, as deﬁned in Sect. 2.4."
研究進捗報告/Deep Autoencoders for Acoustic Anomaly Detection.pdf,796,method,"AUC and pAUC measures), regarding the Toycar, Toy-"
研究進捗報告/Deep Autoencoders for Acoustic Anomaly Detection.pdf,802,method,"should be noted that when considering the AUC measure,"
研究進捗報告/Deep Autoencoders for Acoustic Anomaly Detection.pdf,804,method,"by the proposed AEs, since most AUC values are above"
研究進捗報告/Deep Autoencoders for Acoustic Anomaly Detection.pdf,818,method,Table 3 Comparison of AUC and pAUC results for all AE architectures for each machine (best average values are denoted in bold)
研究進捗報告/Deep Autoencoders for Acoustic Anomaly Detection.pdf,827,method,AUC ð%Þ
研究進捗報告/Deep Autoencoders for Acoustic Anomaly Detection.pdf,828,method,pAUC ð%Þ
研究進捗報告/Deep Autoencoders for Acoustic Anomaly Detection.pdf,829,method,AUC ð%Þ
研究進捗報告/Deep Autoencoders for Acoustic Anomaly Detection.pdf,830,method,pAUC ð%Þ
研究進捗報告/Deep Autoencoders for Acoustic Anomaly Detection.pdf,831,method,AUC ð%Þ
研究進捗報告/Deep Autoencoders for Acoustic Anomaly Detection.pdf,832,method,pAUC ð%Þ
研究進捗報告/Deep Autoencoders for Acoustic Anomaly Detection.pdf,833,method,AUC ð%Þ
研究進捗報告/Deep Autoencoders for Acoustic Anomaly Detection.pdf,834,method,pAUC ð%Þ
研究進捗報告/Deep Autoencoders for Acoustic Anomaly Detection.pdf,1167,method,both AUC and pAUC measures) for the Mix3 and Mix6NR
研究進捗報告/Deep Autoencoders for Acoustic Anomaly Detection.pdf,1169,method,LSTM AEs in terms of the AUC values for the Mix6
研究進捗報告/Deep Autoencoders for Acoustic Anomaly Detection.pdf,1171,method,ture obtained the worst AUC and pAUC values for the
研究進捗報告/Deep Autoencoders for Acoustic Anomaly Detection.pdf,1174,method,the best AEs producing an AUC values of 78% (Mix3 and
研究進捗報告/Deep Autoencoders for Acoustic Anomaly Detection.pdf,1225,method,"case (Cough), the LSTM AE obtained the highest AUC"
研究進捗報告/Deep Autoencoders for Acoustic Anomaly Detection.pdf,1251,method,Table 5 Comparison of AUC and pAUC results for all AE archi-
研究進捗報告/Deep Autoencoders for Acoustic Anomaly Detection.pdf,1258,method,AUC
研究進捗報告/Deep Autoencoders for Acoustic Anomaly Detection.pdf,1259,method,pAUC
研究進捗報告/Deep Autoencoders for Acoustic Anomaly Detection.pdf,1343,method,AUC
研究進捗報告/Deep Autoencoders for Acoustic Anomaly Detection.pdf,1344,method,pAUC
研究進捗報告/卒論_柴崎陸.pdf,18,next,示すことを目標に，水を対象としたサブクール沸騰時に生じる音響データを取得し，時間‐
研究進捗報告/卒論_柴崎陸.pdf,20,method,基に沸騰開始点を閾値としたROC 曲線による沸騰発生検知性能を評価した結果，検知手法の
研究進捗報告/卒論_柴崎陸.pdf,109,next,今後の展望. . . . . . . . . . . . . . . . . . . . . . . . . . . . . . . . . . . . .
研究進捗報告/卒論_柴崎陸.pdf,178,next,は，電力広域的運営推進機関が2024 年1 月に公表した今後10 年間の電力需要の予測によれ
研究進捗報告/卒論_柴崎陸.pdf,250,next,する結果を中心に論じる．最後に第5 章では，以上を踏まえた本研究の結論と今後の展望に
研究進捗報告/卒論_柴崎陸.pdf,450,next,式(3.2.1) において，𝑁は信号𝑦signal(𝑖) のサンプル数を表す．次に，ノイズ信号についても
研究進捗報告/卒論_柴崎陸.pdf,666,method,AUC（Area Under the Curve）は，ROC 曲線の下に囲まれた面積を表す指標であり，モデ
研究進捗報告/卒論_柴崎陸.pdf,667,method,ルの全体的な性能を示す[18]．AUC は0 から1 の範囲で，1 に近いほど優れた分類性能を持
研究進捗報告/卒論_柴崎陸.pdf,668,method,つことを示す．AUC の値が0.5 の場合，モデルはランダムな予測と同等の性能であり，0.5
研究進捗報告/卒論_柴崎陸.pdf,670,method,ROC 曲線とAUC は，特に不均衡なデータセットにおいて有用であり，クラスの不均衡が
研究進捗報告/卒論_柴崎陸.pdf,675,method,と特異度を計算する．具体的には，予測確率を閾値に基づいてクラスラベルに変換し，これ
研究進捗報告/卒論_柴崎陸.pdf,677,method,を元に，異なる閾値に対する感度と特異度を求め，これらの値をプロットすることでROC 曲
研究進捗報告/卒論_柴崎陸.pdf,690,method,このようにして，ROC 曲線を描くためにさまざまな閾値を設定し，その結果を基に性能を
研究進捗報告/卒論_柴崎陸.pdf,694,method,方法と異なる点は，ラベル変換のため閾値を1 つしか使用しないことである．その1 つの閾
研究進捗報告/卒論_柴崎陸.pdf,696,method,求め方とその妥当性については第4 章に示した．これにより，回帰分析の予測熱流束が閾値
研究進捗報告/卒論_柴崎陸.pdf,697,method,より高いときは陽性（沸騰），低いときは陰性（未沸騰）のラベルに分類し，1 つの閾値に基づ
研究進捗報告/卒論_柴崎陸.pdf,705,method,に，指定された閾値（THRESHOLD）を使用して2 値分類を行う．本研究では，3 回
研究進捗報告/卒論_柴崎陸.pdf,706,method,の実験データをまとめて学習データとして使用しているため，閾値の熱流束は3 回の
研究進捗報告/卒論_柴崎陸.pdf,707,method,実験ごとの核沸騰開始点の熱流束の平均値を使用した．予測値がこの閾値を超える場
研究進捗報告/卒論_柴崎陸.pdf,712,method,デル）に対してROC 曲線を描画し，曲線下面積であるAUC（Area Under the Curve）
研究進捗報告/卒論_柴崎陸.pdf,714,method,5. 最後に，各単体モデルとアンサンブル学習の決定係数およびAUC の結果を比較する．
研究進捗報告/卒論_柴崎陸.pdf,751,method,• 各塊内の予測値が全て閾値を超えているかを判定．
研究進捗報告/卒論_柴崎陸.pdf,753,method,3. すべての予測値が閾値を超える場合，その最小予測値を「100% 分類可能な熱流束値」
研究進捗報告/卒論_柴崎陸.pdf,755,method,4. 結果をプロットし，閾値を超えた塊の最小値をグラフに描画する．
研究進捗報告/卒論_柴崎陸.pdf,758,method,モデル性能の評価には，決定係数，曲線下面積(AUC)，および劣化率を用いた．劣化率は
研究進捗報告/卒論_柴崎陸.pdf,766,method,ここで，性能no noise はノイズがない場合の決定係数またはAUC，性能noise は特定のSNR
研究進捗報告/卒論_柴崎陸.pdf,781,next,ここで，𝜎𝐴と𝜎𝐵はそれぞれの測定値の標準誤差を表す．次に，比𝐴
研究進捗報告/卒論_柴崎陸.pdf,862,method,AUC を比較することでノイズ耐性を評価する．また，異なるSNR 条件下におけるモデルの
研究進捗報告/卒論_柴崎陸.pdf,890,method,モデルごとの決定係数とAUC の比較
研究進捗報告/卒論_柴崎陸.pdf,891,method,本節では，全ての回帰分析結果をモデルごとに比較し，決定係数とAUC を用いた性能評価
研究進捗報告/卒論_柴崎陸.pdf,893,method,まず，各単一モデルとアンサンブルモデルの5 分割交差検証による決定係数およびAUC を
研究進捗報告/卒論_柴崎陸.pdf,936,method,Table 4.2.2 Comparison of AUC of models by SNR
研究進捗報告/卒論_柴崎陸.pdf,979,method,く再現していることを意味する．一方，AUC 値の表は，モデルの分類性能を表しており，高
研究進捗報告/卒論_柴崎陸.pdf,980,method,いAUC 値はモデルが沸騰・未沸騰の分類を正確に行えることを示している．いずれの指標
研究進捗報告/卒論_柴崎陸.pdf,983,method;next,次に，決定係数とAUC をモデルごとにグラフ化し，ノイズ耐性を視覚的に比較した．
研究進捗報告/卒論_柴崎陸.pdf,994,method,AUC の比較
研究進捗報告/卒論_柴崎陸.pdf,995,method,Fig. 4.2.3 は各モデルにおけるAUC のSNR 条件ごとの比較の図を示している．
研究進捗報告/卒論_柴崎陸.pdf,996,method,Fig. 4.2.3 Comparison of AUC in each model
研究進捗報告/卒論_柴崎陸.pdf,1047,method,Table 4.2.4 AUC degradation rate
研究進捗報告/卒論_柴崎陸.pdf,1116,next,100% 検知可能とする熱流束を算出する．次に，この値を定量的に評価する手法として，実験
研究進捗報告/卒論_柴崎陸.pdf,1380,method,第二に，ROC 曲線分析およびAUC 評価により，アンサンブルモデルの優位性を実証した．
研究進捗報告/卒論_柴崎陸.pdf,1384,method,AUC においても約8% の劣化率に留めた．この結果は，可視化データと音圧変化の時刻歴応
研究進捗報告/卒論_柴崎陸.pdf,1390,next,今後の展望
研究進捗報告/卒論_柴崎陸.pdf,1391,next,本研究における今後の展望として，いくつかの重要な課題と改善点が挙げられる．まず，
研究進捗報告/卒論_柴崎陸.pdf,1395,next,次に，100% 分類性能では，予測アルゴリズムのファインチューニングや，リアルタイム性
研究進捗報告/卒論_柴崎陸.pdf,1468,method,"McInnes, and Andreas Holzinger. Deep roc analysis and auc as balanced average accuracy,"
研究進捗報告/原子力学会/2025#2.U2.pptx,24,next,研究目標・発表内容
研究進捗報告/原子力学会/2025#2.U2.pptx,26,next,目標
研究進捗報告/原子力学会/2025#2.U2.pptx,103,method,閾値
研究進捗報告/原子力学会/2025#2.U2.pptx,132,next,目標液温
研究進捗報告/原子力学会/2025#2.U2.pptx,243,method,AUC
研究進捗報告/原子力学会/2025#2.U2.pptx,276,method,閾値
研究進捗報告/原子力学会/2025#2.U2.pptx,280,method,全ての予測値が閾値を超えるか判定
研究進捗報告/原子力学会/2025#2.U2.pptx,288,method,閾値
研究進捗報告/原子力学会/2025#2.U2.pptx,365,next,結果，識別の有効性を確認し今後の手法開発に備える知見
研究進捗報告/原子力学会/2025#2.U2.pptx,434,next,終了時に達成すべき目標
研究進捗報告/原子力学会/2025#2.U2.pptx,539,next,次に，所望の 
研究進捗報告/原子力学会/2025#2.U2.pptx,801,method,AUC
研究進捗報告/原子力学会/2025#2.U2.pptx,832,method,AUC
研究進捗報告/原子力学会/2025#2.U2.pptx,886,method,を組み合わせることで、沸騰・未沸騰状態の検出を試みています。しかし、単一モデルでは騒音やノイズに対する耐性が十分でなく、予測の安定性も課題となっています。また、閾値の設定がラベルの境界条件に依存しやすい点も問題です。そこで、本研究ではラベル付与に左右されにくい新たな分類手法を検討し、より頑健で安定した沸騰検出モデルの構築を目指しています。
研究進捗報告/原子力学会/2025#2.U2.pptx,920,next,）を水槽内に張り、超純水を加熱・脱気してから目標液温
研究進捗報告/原子力学会/2025#2.U2.pptx,1036,method,AUC
研究進捗報告/原子力学会/2025#2.U2.pptx,1039,method,AUC
研究進捗報告/原子力学会/2025#2.U2.pptx,1056,method,この手法では、まず実験で得られた沸騰開始点の熱流束を“閾値”として設定し、データを複数のグループに分けます。
研究進捗報告/原子力学会/2025#2.U2.pptx,1057,method,各グループ内の全予測値が閾値を上回っているかを順に確認していきます．この時，データの左下の熱流束が小さなところから測定されるので，左下から確認します．そして，確認していく中で，一番初めに各グループ内とそれ以降の全予測値が閾値を上回っていたら，最小のグループが
研究進捗報告/原子力学会/2025#2.U2.pptx,1063,method,横軸の各実測熱流束に対応する複数の予測値（縦軸）をプロットし、閾値（青点線）を上回るかどうかで評価した。すべてが閾値を上回り，それ以降全ての予測が閾値を上回っていたグループにおいて、その最小予測値を 
研究進捗報告/原子力学会/2025ポスターセッション予稿_柴崎陸.pptx,153,method,AUC
研究進捗報告/原子力学会/2025ポスターセッション予稿_柴崎陸.pptx,210,next,結論
研究進捗報告/原子力学会/2025ポスターセッション予稿_柴崎陸.pptx,227,method,AUC
研究進捗報告/原子力学会/2025ポスターセッション予稿_柴崎陸.pptx,287,method,閾値
研究進捗報告/原子力学会/2025ポスターセッション予稿_柴崎陸.pptx,407,next,目標液温
研究進捗報告/原子力学会/2025ポスターセッション予稿_柴崎陸.pptx,543,method,AUC
研究進捗報告/原子力学会/2025ポスターセッション予稿_柴崎陸.pptx,676,method,閾値
研究進捗報告/原子力学会/2025ポスターセッション予稿_柴崎陸.pptx,684,method,閾値
研究進捗報告/原子力学会/2025ポスターセッション予稿_柴崎陸.pptx,688,method,全ての予測値が閾値を超えるか判定
研究進捗報告/原子力学会/2025ポスターセッション予稿_柴崎陸.pptx,843,next,結果，識別の有効性を確認し今後の手法開発に備える知見
研究進捗報告/原子力学会/2025ポスターセッション予稿_柴崎陸.pptx,857,method,-AUC
研究進捗報告/原子力学会/2025ポスターセッション予稿_柴崎陸.pptx,861,method,2. AUC
研究進捗報告/原子力学会/2025ポスターセッション予稿_柴崎陸.pptx,875,method,-AUC
研究進捗報告/原子力学会/2025ポスターセッション予稿_柴崎陸.pptx,879,method,4. AUC
研究進捗報告/原子力学会/2025ポスターセッション予稿_柴崎陸.pptx,967,method,AUC
研究進捗報告/原子力学会/2025ポスターセッション予稿_柴崎陸.pptx,972,next,次に結果です．
研究進捗報告/原子力学会/2025ポスターセッション予稿_柴崎陸.pptx,999,next,次に，沸騰
研究進捗報告/原子力学会/2025ポスターセッション予稿_柴崎陸.pptx,1025,next,最後に結論としては，
研究進捗報告/原子力学会/2025ポスターセッション予稿_柴崎陸.pptx,1045,method,AUC
研究進捗報告/原子力学会/2025年日本原子力学会 春の年会発表概要集.pdf,286,next,なる.本研究では1173K の液体LBE の撹拌流動場における酸化物分散強化(ODS)型FeCrAl 合金SP10 と316L オ
研究進捗報告/原子力学会/2025年日本原子力学会 春の年会発表概要集.pdf,288,next,し腐食していた. 1273 K の大気中における予備酸化処理によりα-Al2O3 を表面に形成させたSP10 は耐食性を示し
研究進捗報告/原子力学会/2025年日本原子力学会 春の年会発表概要集.pdf,530,next,示すことを目標に、音響識別によるサブクール沸騰の発生検知及び推移把握に適合する深層学習の手法構築および妥当
研究進捗報告/原子力学会/2025年日本原子力学会 春の年会発表概要集.pdf,531,method,性評価を行った。Guided Grad-CAM に基づく高解像度時間-周波数表現で表す識別根拠の可視化を通じ、深層学習
研究進捗報告/原子力学会/2025年日本原子力学会 春の年会発表概要集.pdf,570,next,知技術の基礎知見の取得と基本的成立性を示すことを目標に、水を対象としたサブクール沸騰時に生じる音響データを取
研究進捗報告/原子力学会/2025年日本原子力学会 春の年会発表概要集.pdf,572,method,点を閾値としたROC 曲線による沸騰発生検知性能を評価した結果、検知手法の有効性を検証した。また、ホワイトノイズ
研究進捗報告/原子力学会/原子力学会_柴崎陸.pptx,17,next,今後の展望
研究進捗報告/原子力学会/原子力学会_柴崎陸.pptx,43,next,今後の展望
研究進捗報告/原子力学会/原子力学会_柴崎陸.pptx,153,next,今後の展望
研究進捗報告/原子力学会/原子力学会_柴崎陸.pptx,281,next,目標の液温
研究進捗報告/原子力学会/原子力学会_柴崎陸.pptx,285,next,目標温度の
研究進捗報告/原子力学会/原子力学会_柴崎陸.pptx,362,next,今後の展望
研究進捗報告/原子力学会/原子力学会_柴崎陸.pptx,601,method,閾値
研究進捗報告/原子力学会/原子力学会_柴崎陸.pptx,606,method,予測値が閾値を
研究進捗報告/原子力学会/原子力学会_柴崎陸.pptx,621,method,AUC(
研究進捗報告/原子力学会/原子力学会_柴崎陸.pptx,629,method,AUC
研究進捗報告/原子力学会/原子力学会_柴崎陸.pptx,640,next,今後の展望
研究進捗報告/原子力学会/原子力学会_柴崎陸.pptx,764,method,Fig. 4.8 Comparison of AUC in each model
研究進捗報告/原子力学会/原子力学会_柴崎陸.pptx,770,method,AUC
研究進捗報告/原子力学会/原子力学会_柴崎陸.pptx,797,next,p20
研究進捗報告/原子力学会/原子力学会_柴崎陸.pptx,813,method,4.2 Degradation rate of AUC of the model per SNR(%)
研究進捗報告/原子力学会/原子力学会_柴崎陸.pptx,823,method,AUC
研究進捗報告/原子力学会/原子力学会_柴崎陸.pptx,837,method,AUC
研究進捗報告/原子力学会/原子力学会_柴崎陸.pptx,965,next,今後の展望
研究進捗報告/原子力学会/原子力学会_柴崎陸.pptx,986,next,今後の展望
研究進捗報告/原子力学会/原子力学会_柴崎陸.pptx,1044,next,– p11
研究進捗報告/原子力学会/原子力学会_柴崎陸.pptx,1096,next,次に，所望の 
研究進捗報告/原子力学会/原子力学会_柴崎陸.pptx,1151,next,– p11
研究進捗報告/原子力学会/原子力学会_柴崎陸.pptx,1233,next,– p11
研究進捗報告/原子力学会/原子力学会_柴崎陸.pptx,1261,next,– p12
研究進捗報告/原子力学会/原子力学会_柴崎陸.pptx,1304,next,– p12
研究進捗報告/原子力学会/原子力学会_柴崎陸.pptx,1351,next,– p12
研究進捗報告/原子力学会/原子力学会_柴崎陸.pptx,1366,next,– p12
研究進捗報告/原子力学会/原子力学会_柴崎陸.pptx,1387,next,– p12
研究進捗報告/原子力学会/原子力学会_柴崎陸.pptx,1405,next,– p13
研究進捗報告/原子力学会/原子力学会_柴崎陸.pptx,1500,method,陽性と陰性に分類する際の閾値を変更した際の真陽性率と偽陽性率の値をプロットしていく
研究進捗報告/原子力学会/原子力学会_柴崎陸.pptx,1507,method,AUC
研究進捗報告/原子力学会/原子力学会_柴崎陸.pptx,1516,method,https://www.kikagaku.co.jp/kikagaku-blog/roc-auc/
研究進捗報告/原子力学会/原子力学会_柴崎陸.pptx,1527,next,– p13
研究進捗報告/原子力学会/原子力学会_柴崎陸.pptx,1533,next,– p13
研究進捗報告/原子力学会/原子力学会_柴崎陸.pptx,1543,next, – p18
研究進捗報告/原子力学会/原子力学会_柴崎陸.pptx,1564,next, – p20
研究進捗報告/原子力学会/原子力学会_柴崎陸.pptx,1573,next, – p20
研究進捗報告/原子力学会/原子力学会_柴崎陸.pptx,1831,next,まずモデル訓練を行い，個々のモデルで検証データに対して熱流束を予測させました．次にアンサンブル学習のための重みとして用いるために，各モデルの決定係数といった指標を計算し，重み付き平均でアンサンブル学習の予測値を決定しました．この予測値は，単一モデルの予測と同様に熱流束の値となっています．
研究進捗報告/原子力学会/原子力学会_柴崎陸.pptx,1834,method,回の実験データをもとに自ら決定した核沸騰開始点の熱流束の値を閾値として，「アンサンブル学習の予測値」が
研究進捗報告/原子力学会/原子力学会_柴崎陸.pptx,1835,method,予測値が閾値を
研究進捗報告/原子力学会/原子力学会_柴崎陸.pptx,1849,method,AUC
研究進捗報告/原子力学会/原学会_予稿.docx,42,next,炉心局所異常に伴う異常検知技術の基礎知見の取得と基本的成立性を示すことを目標に
研究進捗報告/原子力学会/原学会_予稿.docx,85,next,ことを最終目標としている．本報告では
研究進捗報告/原子力学会/原学会春_（２）沸騰検知技術.docx,43,next,ことを目標に、
研究進捗報告/原子力学会/原学会春_（２）沸騰検知技術.docx,70,next,ことを目標に、
研究進捗報告/原子力学会/原学会春＿(2)沸騰検知技術_U1_aiz.docx,48,next,ことを目標に、
研究進捗報告/原子力学会/原学会春＿(2)沸騰検知技術_U1_aiz.docx,75,next,ことを目標に、
研究進捗報告/原子力学会/原学会春＿(2)沸騰検知技術_U1_aiz.docx,212,next,識別の有効性を確認し今後の手法開発に備える知見を得た。
研究進捗報告/原子力学会/原学会春＿(2)沸騰検知技術_U1_aiz.pdf,11,next,ゴリズムを構築することを目標に、音響識別によるサブクール沸騰の発生検知に適合する深層学習活用手法
研究進捗報告/原子力学会/原学会春＿(2)沸騰検知技術_U1_aiz.pdf,18,next,沸騰現象の発現を検知するアルゴリズムを構築することを目標に、サブクール沸騰時に生じる音圧データ
研究進捗報告/原子力学会/原学会春＿(2)沸騰検知技術_U1_aiz.pdf,38,next,沸騰検知のアルゴリズム構築を試行した結果、識別の有効性を確認し今後の手法開発に備える知見を得た。
研究進捗報告/研究計画の基本となる考え方_柴崎陸.docx,21,method,- 気泡発生に伴う音は非定常で、単純な音圧や単一周波数の閾値では捉えにくい。
研究進捗報告/研究計画の基本となる考え方_柴崎陸.docx,25,method,- 熱流束の予測誤差が小さくても、閾値近傍では沸騰判定が
研究進捗報告/研究計画の基本となる考え方_柴崎陸.docx,37,method,そのために、音響スペクトログラムから熱流束を回帰し、予測熱流束の閾値処理によってONB近傍を検知する流れを用いる。さらに、入力表現、単体モデル、アンサンブル統合を比較し、どの構成がノイズ条件下でも安定した検知につながるか、またその判断根拠が物理的に妥当かを評価する。
研究進捗報告/研究計画の基本となる考え方_柴崎陸.docx,40,method,- 熱流束回帰を行うことで、沸騰状態を連続的な物理量として扱い、その後に閾値処理でONB近傍を検知できる。
研究進捗報告/研究計画の基本となる考え方_柴崎陸.docx,48,next,研究目標の設定
研究進捗報告/研究計画の基本となる考え方_柴崎陸.docx,50,method,- 単体モデルを同一条件で比較し、熱流束回帰と閾値検知の基準性能を整理する。
研究進捗報告/音響工学特論/スライド/2024_音響工学特論_02.pdf,98,next,と結論づける人間の心理的効果
研究進捗報告/音響工学特論/スライド/2024_音響工学特論_02.pdf,162,next,これで俺の次に
研究進捗報告/音響工学特論/スライド/2024_音響工学特論_02.pdf,341,next,幅優先探索
研究進捗報告/音響工学特論/スライド/2024_音響工学特論_02.pdf,360,next,深さ優先探索
研究進捗報告/音響工学特論/スライド/2024_音響工学特論_03.pdf,133,next,かのようにふるまるようにすることが研究目標の
研究進捗報告/音響工学特論/スライド/2024_音響工学特論_03.pdf,197,next,自分が行った行動の結果、副次的に次に何が起きるか、検討
研究進捗報告/音響工学特論/スライド/2024_音響工学特論_03.pdf,208,next,自分が行った行動の結果、副次的に次に何が起きるか、検討
研究進捗報告/音響工学特論/スライド/2024_音響工学特論_03.pdf,319,next,・具体的なソフトウェア開発の目標
研究進捗報告/音響工学特論/スライド/2024_音響工学特論_03.pdf,833,next,• 誤認識したデータを優先的に正しく分類できるように
研究進捗報告/音響工学特論/スライド/2024_音響工学特論_06.pdf,121,method,• 閾値を超えた場合に、出⼒信号を⽣成する
研究進捗報告/音響工学特論/スライド/2024_音響工学特論_06.pdf,132,method,• 閾値を超えた場合に、出⼒信号を⽣成するモデル
研究進捗報告/音響工学特論/スライド/2024_音響工学特論_06.pdf,187,method,• 結合信号が閾値を超えるとニューロンが発⽕して、軸索を
研究進捗報告/音響工学特論/スライド/2024_音響工学特論_07.pdf,98,next,優先的に分配
研究進捗報告/音響工学特論/スライド/2024_音響工学特論_07.pdf,111,next,優先的に分配
