noise,source_wav_id,chunk_index,target_kW_m2,fixed_prediction_kW_m2,free_prediction_kW_m2
clean,20250618::index=1.0,0,-1.42e-09,35.12799807720684,33.19192631790772
clean,20250618::index=1.0,3,-1.42e-09,69.2314935750445,67.52813969660161
clean,20250618::index=1.0,5,-1.42e-09,18.456093441645915,16.660717214445313
clean,20250618::index=1.0,12,-1.42e-09,-3.5272109006019923,-4.851500646223403
clean,20250618::index=1.0,13,-1.42e-09,-3.6822923357320296,-5.85663765761185
clean,20250618::index=1.0,31,-1.42e-09,3.82047653012048,2.0030450814366336
clean,20250618::index=1.0,33,-1.42e-09,8.048572627684852,6.0828128984106495
clean,20250618::index=1.0,36,-1.42e-09,5.194003688322116,3.3871994265320065
clean,20250618::index=1.0,45,-1.42e-09,-4.6420577661656,-6.297042276809578
clean,20250618::index=1.0,46,-1.42e-09,-3.911960052670529,-5.441466739949471
clean,20250618::index=1.0,48,-1.42e-09,-0.030995334224599446,-2.032126963897867
clean,20250618::index=1.0,50,-1.42e-09,1.2719784227811672,-0.6123988129436178
clean,20250618::index=1.0,52,-1.42e-09,-3.476361927041004,-5.675279636480203
clean,20250618::index=1.0,54,-1.42e-09,-9.679756677533872,-11.447645037385602
clean,20250618::index=1.0,57,-1.42e-09,-5.269546706114377,-6.884189704791516
clean,20250611::index=1.3.28E-04,0,3.280469999999e-07,38.823219023357595,37.39858388504354
clean,20250611::index=1.3.28E-04,3,3.280469999999e-07,68.46139346767255,67.20823095131395
clean,20250611::index=1.3.28E-04,5,3.280469999999e-07,119.74264599767288,118.2004170787439
clean,20250611::index=1.3.28E-04,12,3.280469999999e-07,56.57318504168853,55.397190960064
clean,20250611::index=1.3.28E-04,13,3.280469999999e-07,8.457619347026979,5.892520305965948
clean,20250611::index=1.3.28E-04,31,3.280469999999e-07,0.17841913806769638,-2.27152575616584
clean,20250611::index=1.3.28E-04,33,3.280469999999e-07,64.6681558617036,62.42021569529562
clean,20250611::index=1.3.28E-04,36,3.280469999999e-07,15.315673449680556,12.6744863460822
clean,20250611::index=1.3.28E-04,45,3.280469999999e-07,15.229010483183258,14.276015634469763
clean,20250611::index=1.3.28E-04,46,3.280469999999e-07,58.71319780792105,56.463937374598785
clean,20250611::index=1.3.28E-04,48,3.280469999999e-07,5.232350388568592,4.192081196726973
clean,20250611::index=1.3.28E-04,50,3.280469999999e-07,106.7411419152568,104.67134858156365
clean,20250611::index=1.3.28E-04,52,3.280469999999e-07,74.1508054411485,72.81955017468516
clean,20250611::index=1.3.28E-04,54,3.280469999999e-07,31.540032827391947,30.112219106107165
clean,20250611::index=1.3.28E-04,57,3.280469999999e-07,30.19257744195687,28.45302614405787
clean,20250611::index=5.1.11E+05,17,111.2647017,85.74786356306532,86.30164428424597
clean,20250611::index=5.1.11E+05,19,111.2647017,69.55450764076382,70.02101611885524
clean,20250611::index=5.1.11E+05,21,111.2647017,57.32567630040501,56.34478840300924
clean,20250611::index=5.1.11E+05,23,111.2647017,98.83531048069574,99.10452790386336
clean,20250611::index=5.1.11E+05,28,111.2647017,72.79930076914714,72.58426195786662
clean,20250611::index=5.1.11E+05,34,111.2647017,91.01388657523555,91.47618160405247
clean,20250611::index=5.1.11E+05,35,111.2647017,106.22872156566946,106.26095652103466
clean,20250611::index=5.1.11E+05,41,111.2647017,66.10777423095587,66.38411766230975
clean,20250611::index=5.1.11E+05,46,111.2647017,105.96121604886152,106.11702795300685
clean,20250611::index=5.1.11E+05,47,111.2647017,122.969226521978,123.14639990944909
clean,20250611::index=5.1.11E+05,48,111.2647017,124.64680434877023,125.02604795552246
clean,20250611::index=5.1.11E+05,51,111.2647017,117.5022923118131,118.12807453478726
clean,20250611::index=5.1.11E+05,55,111.2647017,124.86935469137565,125.24101095390203
clean,20250611::index=5.1.11E+05,56,111.2647017,135.35682273084132,135.7743816111772
clean,20250611::index=5.1.11E+05,58,111.2647017,111.7020238918705,111.79591735593114
clean,20250618::index=5.113188,17,113.1882901,79.43769570920267,79.60591225952449
clean,20250618::index=5.113188,19,113.1882901,115.17661172646888,115.27489148160195
clean,20250618::index=5.113188,21,113.1882901,124.74797325825324,125.18728900080376
clean,20250618::index=5.113188,23,113.1882901,117.36767018577555,117.60211792136575
clean,20250618::index=5.113188,28,113.1882901,115.73591608268848,116.12180409133458
clean,20250618::index=5.113188,34,113.1882901,107.81114974176462,108.10037934238454
clean,20250618::index=5.113188,35,113.1882901,110.908906496194,111.15213988705841
clean,20250618::index=5.113188,41,113.1882901,119.24000207523959,119.96290672968463
clean,20250618::index=5.113188,46,113.1882901,103.94767142962104,104.43141663115554
clean,20250618::index=5.113188,47,113.1882901,110.93918401381178,111.49034026231634
clean,20250618::index=5.113188,48,113.1882901,110.2872358012926,110.61335044246235
clean,20250618::index=5.113188,51,113.1882901,113.69884840426816,114.225305258795
clean,20250618::index=5.113188,55,113.1882901,123.8208699729182,124.53518168986379
clean,20250618::index=5.113188,56,113.1882901,117.92947185319164,118.59679340056871
clean,20250618::index=5.113188,58,113.1882901,130.07919593288088,130.44476834354262
clean,20250611::index=6.1.44E+05,6,144.32426180000002,121.00909607786824,121.85801350357518
clean,20250611::index=6.1.44E+05,11,144.32426180000002,134.04161856715072,134.51112442432418
clean,20250611::index=6.1.44E+05,13,144.32426180000002,71.70116097175206,72.35796748671825
clean,20250611::index=6.1.44E+05,26,144.32426180000002,110.8358057693989,111.58549433449369
clean,20250611::index=6.1.44E+05,31,144.32426180000002,134.6274591004259,134.23893479293454
clean,20250611::index=6.1.44E+05,34,144.32426180000002,125.12666598701826,126.1766929510248
clean,20250611::index=6.1.44E+05,35,144.32426180000002,111.22342789973392,111.183236458915
clean,20250611::index=6.1.44E+05,36,144.32426180000002,89.1859509754516,90.06187761252227
clean,20250611::index=6.1.44E+05,38,144.32426180000002,123.6097760257397,123.81564120747323
clean,20250611::index=6.1.44E+05,40,144.32426180000002,118.85794408860879,119.84154808431767
clean,20250611::index=6.1.44E+05,46,144.32426180000002,106.80713975570451,107.12410453941465
clean,20250611::index=6.1.44E+05,47,144.32426180000002,82.17699442593107,82.48107721305637
clean,20250611::index=6.1.44E+05,56,144.32426180000002,144.97172352862225,145.83786716588958
clean,20250611::index=6.1.44E+05,58,144.32426180000002,140.80250533862977,140.72226437279346
clean,20250611::index=6.1.44E+05,59,144.32426180000002,159.49265920779655,159.46310138947118
clean,20250618::index=6.146381,6,146.38165049999998,139.79333429249584,140.3841632877138
clean,20250618::index=6.146381,11,146.38165049999998,135.87676436122553,136.73327361660625
clean,20250618::index=6.146381,13,146.38165049999998,144.22566502207474,145.70165145219943
clean,20250618::index=6.146381,26,146.38165049999998,141.87442248691545,143.22854917159972
clean,20250618::index=6.146381,31,146.38165049999998,148.73471720282907,149.78079009765653
clean,20250618::index=6.146381,34,146.38165049999998,140.30175716362783,141.42284697564443
clean,20250618::index=6.146381,35,146.38165049999998,143.21116583940355,144.91501016420037
clean,20250618::index=6.146381,36,146.38165049999998,142.8096075710425,143.9642962909222
clean,20250618::index=6.146381,38,146.38165049999998,142.8474470528451,144.07834983153225
clean,20250618::index=6.146381,40,146.38165049999998,145.88874637565064,146.66469896462712
clean,20250618::index=6.146381,46,146.38165049999998,143.03512731760398,144.22290102087695
clean,20250618::index=6.146381,47,146.38165049999998,140.564025876101,141.62381826565453
clean,20250618::index=6.146381,56,146.38165049999998,141.70401466000988,142.70926685201917
clean,20250618::index=6.146381,58,146.38165049999998,141.1470673167496,141.99904851008125
clean,20250618::index=6.146381,59,146.38165049999998,144.3753951092408,145.27776644435406
clean,20250611::index=7.1.81E+05,4,181.378003,141.45920051755792,143.15124510140646
clean,20250611::index=7.1.81E+05,5,181.378003,148.84356187042104,149.0227696028735
clean,20250611::index=7.1.81E+05,10,181.378003,147.09793555948994,148.4632400847932
clean,20250611::index=7.1.81E+05,15,181.378003,168.36446661147312,169.1091987683204
clean,20250611::index=7.1.81E+05,18,181.378003,158.98767175175524,160.7952456313829
clean,20250611::index=7.1.81E+05,20,181.378003,138.72152449507675,138.4467182314206
clean,20250611::index=7.1.81E+05,26,181.378003,133.46605901725428,134.2297117682906
clean,20250611::index=7.1.81E+05,28,181.378003,81.16185254499553,81.90383238102976
clean,20250611::index=7.1.81E+05,33,181.378003,152.2871656704555,153.01048585803395
clean,20250611::index=7.1.81E+05,37,181.378003,169.39921543562343,169.9473658636945
clean,20250611::index=7.1.81E+05,41,181.378003,154.16403095281544,155.55349968927354
clean,20250611::index=7.1.81E+05,44,181.378003,178.2702534123301,178.0527768781568
clean,20250611::index=7.1.81E+05,56,181.378003,120.74491598730059,121.04534967271574
clean,20250611::index=7.1.81E+05,57,181.378003,170.5681469916781,170.46487259755125
clean,20250611::index=7.1.81E+05,58,181.378003,165.85706513686407,166.70600936999173
clean,20250618::index=7.184190,4,184.1909699,172.9484060972044,174.0201214807027
clean,20250618::index=7.184190,5,184.1909699,181.12258578742617,182.27229542329783
clean,20250618::index=7.184190,10,184.1909699,160.11563134236872,160.65295704985166
clean,20250618::index=7.184190,15,184.1909699,176.89854258576432,177.64977026611288
clean,20250618::index=7.184190,18,184.1909699,181.3920500969333,182.66507768168165
clean,20250618::index=7.184190,20,184.1909699,177.73681895661792,178.77889087492343
clean,20250618::index=7.184190,26,184.1909699,180.32568674075398,181.58505297513523
clean,20250618::index=7.184190,28,184.1909699,180.99576046327488,181.77840377012882
clean,20250618::index=7.184190,33,184.1909699,176.7362826121911,177.8074314497863
clean,20250618::index=7.184190,37,184.1909699,179.7467689439464,180.89012572881288
clean,20250618::index=7.184190,41,184.1909699,186.57205726221142,187.9222510442072
clean,20250618::index=7.184190,44,184.1909699,184.74222081555936,185.93699055336833
clean,20250618::index=7.184190,56,184.1909699,188.84437660188794,190.25544073326466
clean,20250618::index=7.184190,57,184.1909699,184.35470630375414,185.9619390155674
clean,20250618::index=7.184190,58,184.1909699,181.3550917188961,182.6443314533565
clean,20250611::index=3.2.10E+04,1,20.97971604,32.53758441835501,30.694152137143636
clean,20250611::index=3.2.10E+04,6,20.97971604,49.43743142655512,48.0240262762117
clean,20250611::index=3.2.10E+04,11,20.97971604,22.98493530686041,21.9563406384226
clean,20250611::index=3.2.10E+04,22,20.97971604,112.3035923982918,110.62087207683676
clean,20250611::index=3.2.10E+04,28,20.97971604,29.56517172158647,27.724945638674274
clean,20250611::index=3.2.10E+04,33,20.97971604,54.656178901100695,53.86787372598808
clean,20250611::index=3.2.10E+04,34,20.97971604,57.9573625780077,57.38937307410778
clean,20250611::index=3.2.10E+04,36,20.97971604,20.104338301508687,19.77731710035838
clean,20250611::index=3.2.10E+04,41,20.97971604,39.18690340694097,38.671633141853626
clean,20250611::index=3.2.10E+04,42,20.97971604,20.19636157450937,19.324087960959705
clean,20250611::index=3.2.10E+04,52,20.97971604,37.441500781806944,35.72133293835435
clean,20250611::index=3.2.10E+04,54,20.97971604,73.04045488715819,74.2165044151273
clean,20250611::index=3.2.10E+04,56,20.97971604,64.33643652513936,64.90542691327964
clean,20250611::index=3.2.10E+04,57,20.97971604,60.67571280673304,60.25357119886455
clean,20250611::index=3.2.10E+04,59,20.97971604,49.438733183444306,50.093403578846974
clean,20250618::index=3.21242,1,21.24286319,16.7777740808281,15.13757899166977
clean,20250618::index=3.21242,6,21.24286319,17.56131176578251,16.076848065886512
clean,20250618::index=3.21242,11,21.24286319,23.59351524735876,21.881520114401972
clean,20250618::index=3.21242,22,21.24286319,21.07371639583249,19.582827570649542
clean,20250618::index=3.21242,28,21.24286319,27.144068935165517,25.966403330324646
clean,20250618::index=3.21242,33,21.24286319,24.99759419307071,24.60390813194959
clean,20250618::index=3.21242,34,21.24286319,38.00948939039104,35.814025026671764
clean,20250618::index=3.21242,36,21.24286319,46.114106942503255,45.221548793743686
clean,20250618::index=3.21242,41,21.24286319,20.399129481439708,19.356201554364556
clean,20250618::index=3.21242,42,21.24286319,24.1898454775039,22.880630641698676
clean,20250618::index=3.21242,52,21.24286319,27.843184863390977,27.06518734565366
clean,20250618::index=3.21242,54,21.24286319,48.29488297154779,46.80403362456657
clean,20250618::index=3.21242,56,21.24286319,45.63033604895754,44.83719626381813
clean,20250618::index=3.21242,57,21.24286319,39.890584886219415,38.458730229543214
clean,20250618::index=3.21242,59,21.24286319,48.941747849270925,47.35976814462367
clean,20250611::index=8.2.22E+05,0,221.5051102,207.2965006325505,208.41189039432132
clean,20250611::index=8.2.22E+05,4,221.5051102,210.8605537966532,212.07987892411293
clean,20250611::index=8.2.22E+05,6,221.5051102,196.81598008363702,197.70198431287673
clean,20250611::index=8.2.22E+05,9,221.5051102,211.5671320042128,212.28071412827433
clean,20250611::index=8.2.22E+05,13,221.5051102,183.6204900999439,184.57580712930485
clean,20250611::index=8.2.22E+05,15,221.5051102,216.20587201314908,216.73020330837826
clean,20250611::index=8.2.22E+05,17,221.5051102,220.34629740027802,221.83239194247838
clean,20250611::index=8.2.22E+05,22,221.5051102,212.64426564817296,213.51937765640628
clean,20250611::index=8.2.22E+05,24,221.5051102,222.2441982928379,222.66314251830437
clean,20250611::index=8.2.22E+05,28,221.5051102,202.6941091009725,203.4878748830406
clean,20250611::index=8.2.22E+05,31,221.5051102,181.14501263971627,182.23539994580986
clean,20250611::index=8.2.22E+05,39,221.5051102,222.67912543329993,223.3726737705256
clean,20250611::index=8.2.22E+05,40,221.5051102,221.22180630883733,221.70483059582838
clean,20250611::index=8.2.22E+05,50,221.5051102,201.4555290321485,202.91506157778326
clean,20250611::index=8.2.22E+05,59,221.5051102,220.27141285709484,221.03683957419676
clean,20250618::index=8.225704,0,225.70496179999998,218.26245510210097,219.20335148460074
clean,20250618::index=8.225704,4,225.70496179999998,222.7704712106031,223.72579798514457
clean,20250618::index=8.225704,6,225.70496179999998,221.9744218891075,223.15049495710852
clean,20250618::index=8.225704,9,225.70496179999998,221.04228198640456,222.94058275036636
clean,20250618::index=8.225704,13,225.70496179999998,273.9733238382999,273.03496808732393
clean,20250618::index=8.225704,15,225.70496179999998,220.53598433527847,221.78057123913266
clean,20250618::index=8.225704,17,225.70496179999998,235.64232199771544,236.68302926722583
clean,20250618::index=8.225704,22,225.70496179999998,234.71128959530608,236.10884033718852
clean,20250618::index=8.225704,24,225.70496179999998,228.98128028118668,230.04534770025145
clean,20250618::index=8.225704,28,225.70496179999998,229.9186904335572,231.1996075939418
clean,20250618::index=8.225704,31,225.70496179999998,217.09918577163495,218.45411616772438
clean,20250618::index=8.225704,39,225.70496179999998,231.98869845143776,233.45227433637783
clean,20250618::index=8.225704,40,225.70496179999998,220.97802640344327,222.22512962270483
clean,20250618::index=8.225704,50,225.70496179999998,258.5855783591303,260.0313439808969
clean,20250618::index=8.225704,59,225.70496179999998,236.5362292640597,237.81181614471276
clean,20250611::index=2.2.36E+03,0,2.35533535,26.26094617822866,24.902973942516688
clean,20250611::index=2.2.36E+03,2,2.35533535,58.95328912488523,57.84770250436806
clean,20250611::index=2.2.36E+03,3,2.35533535,20.44156888368936,20.1933442615439
clean,20250611::index=2.2.36E+03,14,2.35533535,11.036235608824452,9.964021723715007
clean,20250611::index=2.2.36E+03,21,2.35533535,60.97280631164772,58.35317427637755
clean,20250611::index=2.2.36E+03,23,2.35533535,34.32543415650502,33.21247545828035
clean,20250611::index=2.2.36E+03,29,2.35533535,27.90383404234881,26.63248347923834
clean,20250611::index=2.2.36E+03,36,2.35533535,32.516465164139625,30.453454379393133
clean,20250611::index=2.2.36E+03,37,2.35533535,54.17759452087812,53.22504044059454
clean,20250611::index=2.2.36E+03,44,2.35533535,30.372074588984372,28.875395871150477
clean,20250611::index=2.2.36E+03,47,2.35533535,46.561470905192955,44.62611408071701
clean,20250611::index=2.2.36E+03,48,2.35533535,32.19655307820892,31.32523171633046
clean,20250611::index=2.2.36E+03,54,2.35533535,62.76541168378852,60.8448035140221
clean,20250611::index=2.2.36E+03,55,2.35533535,42.86769656102095,42.52319821279677
clean,20250611::index=2.2.36E+03,59,2.35533535,60.27949799909157,58.20595837490056
clean,20250618::index=2.2380,0,2.380025286,39.32169085497086,36.99668429753021
clean,20250618::index=2.2380,2,2.380025286,12.39943751641631,10.985997129028833
clean,20250618::index=2.2380,3,2.380025286,7.688894099362123,5.832817203872176
clean,20250618::index=2.2380,14,2.380025286,8.650950925704125,6.844707431848146
clean,20250618::index=2.2380,21,2.380025286,111.93881708630373,110.25103441745797
clean,20250618::index=2.2380,23,2.380025286,1.4407357398844651,-0.5263248449220492
clean,20250618::index=2.2380,29,2.380025286,2.4893538353937386,-0.18964164340524092
clean,20250618::index=2.2380,36,2.380025286,11.917269840504165,9.917465920104807
clean,20250618::index=2.2380,37,2.380025286,15.652124419666233,13.75340846323558
clean,20250618::index=2.2380,44,2.380025286,15.570224525679365,13.681917402864489
clean,20250618::index=2.2380,47,2.380025286,47.568125743547576,45.35398905037914
clean,20250618::index=2.2380,48,2.380025286,18.521802319847367,16.53740421964449
clean,20250618::index=2.2380,54,2.380025286,21.062102363265346,19.381406807698674
clean,20250618::index=2.2380,55,2.380025286,51.83191752345975,50.1254717020956
clean,20250618::index=2.2380,59,2.380025286,14.299163140509028,12.809931921179137
clean,20250611::index=9.2.67E+05,3,266.90769650000004,279.3300953249269,279.6176873243081
clean,20250611::index=9.2.67E+05,6,266.90769650000004,272.24632653158375,271.7702823335598
clean,20250611::index=9.2.67E+05,7,266.90769650000004,290.89270428153213,291.51287676390643
clean,20250611::index=9.2.67E+05,15,266.90769650000004,205.57819392553333,205.49952830712837
clean,20250611::index=9.2.67E+05,18,266.90769650000004,265.11784267818877,264.97268059605904
clean,20250611::index=9.2.67E+05,21,266.90769650000004,132.96197606380034,134.20778786296378
clean,20250611::index=9.2.67E+05,26,266.90769650000004,263.14931936431145,262.233510752301
clean,20250611::index=9.2.67E+05,27,266.90769650000004,220.30645737140247,221.10693346843894
clean,20250611::index=9.2.67E+05,29,266.90769650000004,272.910991039167,272.30785761539573
clean,20250611::index=9.2.67E+05,30,266.90769650000004,278.09630709610326,277.0828496926998
clean,20250611::index=9.2.67E+05,31,266.90769650000004,258.619191509101,257.73214436233144
clean,20250611::index=9.2.67E+05,41,266.90769650000004,223.30467861652426,221.61057761516778
clean,20250611::index=9.2.67E+05,45,266.90769650000004,252.435931158688,254.86624172602663
clean,20250611::index=9.2.67E+05,51,266.90769650000004,266.29903489944644,265.22301579436356
clean,20250611::index=9.2.67E+05,53,266.90769650000004,283.95993023368413,284.49955311663956
clean,20250618::index=9.271677,3,271.6776816,268.4697749202306,268.1871068155143
clean,20250618::index=9.271677,6,271.6776816,278.5905233322572,277.845830263352
clean,20250618::index=9.271677,7,271.6776816,274.26659402831007,276.3831337115053
clean,20250618::index=9.271677,15,271.6776816,311.3791357074947,310.06106618458574
clean,20250618::index=9.271677,18,271.6776816,261.2775169512398,263.1888503501881
clean,20250618::index=9.271677,21,271.6776816,284.3669868395735,285.0072995590932
clean,20250618::index=9.271677,26,271.6776816,269.0973475899842,271.2329044820439
clean,20250618::index=9.271677,27,271.6776816,270.7260595147188,271.7936891967329
clean,20250618::index=9.271677,29,271.6776816,265.6340025077022,267.29606876891756
clean,20250618::index=9.271677,30,271.6776816,266.3979771419626,268.0149493895308
clean,20250618::index=9.271677,31,271.6776816,244.81974451593908,246.5856403210246
clean,20250618::index=9.271677,41,271.6776816,278.0013571151837,278.74866026108276
clean,20250618::index=9.271677,45,271.6776816,287.0482037192709,286.1980524916737
clean,20250618::index=9.271677,51,271.6776816,259.0374839572366,260.54736372820537
clean,20250618::index=9.271677,53,271.6776816,267.0180329809575,268.8370355411641
clean,20250611::index=10.3.15E+05,2,315.4661173,280.498551969072,280.86092338152946
clean,20250611::index=10.3.15E+05,4,315.4661173,263.29410837293256,261.71286665598296
clean,20250611::index=10.3.15E+05,10,315.4661173,310.1292533198672,310.02244928460203
clean,20250611::index=10.3.15E+05,18,315.4661173,286.6037002439127,284.6527460386639
clean,20250611::index=10.3.15E+05,21,315.4661173,106.50000123426028,108.54277324148002
clean,20250611::index=10.3.15E+05,27,315.4661173,291.90517478833067,292.0795097742076
clean,20250611::index=10.3.15E+05,29,315.4661173,271.1803126121756,270.3826657919971
clean,20250611::index=10.3.15E+05,31,315.4661173,293.41761867252177,293.7700395814557
clean,20250611::index=10.3.15E+05,40,315.4661173,322.8323578643905,322.69666756667596
clean,20250611::index=10.3.15E+05,45,315.4661173,329.99549999477364,329.4972067381273
clean,20250611::index=10.3.15E+05,47,315.4661173,327.80262458966325,326.7483263191415
clean,20250611::index=10.3.15E+05,48,315.4661173,319.0828969509575,318.8864844651872
clean,20250611::index=10.3.15E+05,50,315.4661173,331.5652486974362,331.1963218335629
clean,20250611::index=10.3.15E+05,53,315.4661173,286.8522046123513,284.3379789543401
clean,20250611::index=10.3.15E+05,55,315.4661173,312.60261724995246,312.0123568365545
clean,20250618::index=10.322114,2,322.1142428,344.22333988801427,342.6231660698331
clean,20250618::index=10.322114,4,322.1142428,348.4551200759881,348.75086035835204
clean,20250618::index=10.322114,10,322.1142428,332.3466287122805,332.78827668728496
clean,20250618::index=10.322114,18,322.1142428,332.8886908369611,332.6159039041088
clean,20250618::index=10.322114,21,322.1142428,304.92714613776366,303.8935854036834
clean,20250618::index=10.322114,27,322.1142428,286.68761047411584,290.3211760991101
clean,20250618::index=10.322114,29,322.1142428,296.72561480113654,299.2280315147293
clean,20250618::index=10.322114,31,322.1142428,299.8524576366987,301.8429627152767
clean,20250618::index=10.322114,40,322.1142428,297.44449477734867,300.1925666917196
clean,20250618::index=10.322114,45,322.1142428,300.2572408923508,302.4812994439414
clean,20250618::index=10.322114,47,322.1142428,294.941958509478,296.89915022694424
clean,20250618::index=10.322114,48,322.1142428,287.71248165833,290.2041280590142
clean,20250618::index=10.322114,50,322.1142428,284.2413746865663,286.6485789210102
clean,20250618::index=10.322114,53,322.1142428,295.0656104866239,297.0616062590711
clean,20250618::index=10.322114,55,322.1142428,268.5272662835673,271.27981671813336
clean,20250611::index=11.3.69E+05,1,368.97810499999997,369.1270204867579,368.81595198533853
clean,20250611::index=11.3.69E+05,5,368.97810499999997,389.3867102016988,389.08753309473934
clean,20250611::index=11.3.69E+05,15,368.97810499999997,369.9688937468975,369.66297448019424
clean,20250611::index=11.3.69E+05,17,368.97810499999997,370.324205129013,370.189845979112
clean,20250611::index=11.3.69E+05,20,368.97810499999997,373.4725195154228,373.38132153812
clean,20250611::index=11.3.69E+05,31,368.97810499999997,389.6079296938955,388.11640670052026
clean,20250611::index=11.3.69E+05,37,368.97810499999997,387.69627313214573,386.68503777969454
clean,20250611::index=11.3.69E+05,44,368.97810499999997,341.3207448183022,341.70820752748153
clean,20250611::index=11.3.69E+05,45,368.97810499999997,362.48981026395893,362.41426465100795
clean,20250611::index=11.3.69E+05,49,368.97810499999997,353.321150958641,352.8840340222373
clean,20250611::index=11.3.69E+05,50,368.97810499999997,329.7226252195537,329.92123658961634
clean,20250611::index=11.3.69E+05,53,368.97810499999997,394.0142893763057,392.863566782766
clean,20250611::index=11.3.69E+05,54,368.97810499999997,364.41115421754614,364.18320224816114
clean,20250611::index=11.3.69E+05,55,368.97810499999997,361.59159886339177,361.39315710491996
clean,20250611::index=11.3.69E+05,58,368.97810499999997,365.4847577474432,364.8779125087038
clean,20250618::index=11.376320,1,376.3201201,380.63211580592827,380.17788024720574
clean,20250618::index=11.376320,5,376.3201201,382.47436822483104,382.6766893518075
clean,20250618::index=11.376320,15,376.3201201,366.61260014516574,366.0566025917435
clean,20250618::index=11.376320,17,376.3201201,357.34263123273723,357.1466422107779
clean,20250618::index=11.376320,20,376.3201201,370.5323427117943,370.44335940691275
clean,20250618::index=11.376320,31,376.3201201,290.80367926728144,292.73882292613143
clean,20250618::index=11.376320,37,376.3201201,365.95852534983914,366.8128977272313
clean,20250618::index=11.376320,44,376.3201201,373.9730178790279,373.329868758869
clean,20250618::index=11.376320,45,376.3201201,379.39373115856773,379.3000327456202
clean,20250618::index=11.376320,49,376.3201201,374.9202298036867,375.21355633635227
clean,20250618::index=11.376320,50,376.3201201,324.3703147193965,324.80507526368643
clean,20250618::index=11.376320,53,376.3201201,367.7700860077842,367.7712054198504
clean,20250618::index=11.376320,54,376.3201201,355.93623895093043,355.91824464116684
clean,20250618::index=11.376320,55,376.3201201,378.89305575343025,378.30755585956297
clean,20250618::index=11.376320,58,376.3201201,374.4288584488167,374.77690825393785
clean,20250611::index=12.4.27E+05,3,427.27619500000003,437.9058228641437,437.68339890196637
clean,20250611::index=12.4.27E+05,9,427.27619500000003,430.0510580920613,429.7100178444699
clean,20250611::index=12.4.27E+05,13,427.27619500000003,435.22599694940544,435.53600301633605
clean,20250611::index=12.4.27E+05,15,427.27619500000003,440.8712420458917,440.4669810019161
clean,20250611::index=12.4.27E+05,17,427.27619500000003,436.2581271194162,436.099150391035
clean,20250611::index=12.4.27E+05,22,427.27619500000003,467.8424124493822,467.21171648093724
clean,20250611::index=12.4.27E+05,28,427.27619500000003,422.1403795423613,421.3521285228334
clean,20250611::index=12.4.27E+05,30,427.27619500000003,420.61538264620117,419.9111528397654
clean,20250611::index=12.4.27E+05,39,427.27619500000003,426.4261720511171,425.8889460956917
clean,20250611::index=12.4.27E+05,42,427.27619500000003,451.5440891715785,451.388842213339
clean,20250611::index=12.4.27E+05,44,427.27619500000003,431.169054469792,430.99874866792584
clean,20250611::index=12.4.27E+05,46,427.27619500000003,482.1112191379508,481.69570426404704
clean,20250611::index=12.4.27E+05,47,427.27619500000003,454.19408779155333,454.63407380850396
clean,20250611::index=12.4.27E+05,54,427.27619500000003,436.8842196625307,436.7437889329455
clean,20250611::index=12.4.27E+05,57,427.27619500000003,448.6337605893077,448.44136394525196
clean,20250618::index=12.434018,3,434.0180833,400.7039142508501,400.5042104530002
clean,20250618::index=12.434018,9,434.0180833,427.246660346359,426.7857752472525
clean,20250618::index=12.434018,13,434.0180833,469.9424121846933,469.0314841675409
clean,20250618::index=12.434018,15,434.0180833,411.3519966326002,411.929519289919
clean,20250618::index=12.434018,17,434.0180833,412.6539157774864,412.3700911208382
clean,20250618::index=12.434018,22,434.0180833,398.5028255050434,398.7830281157133
clean,20250618::index=12.434018,28,434.0180833,422.5185040489352,422.68879476888515
clean,20250618::index=12.434018,30,434.0180833,448.07435840919055,447.4703120079771
clean,20250618::index=12.434018,39,434.0180833,381.80073941821894,382.48841948529645
clean,20250618::index=12.434018,42,434.0180833,389.2576644888285,390.43988631882667
clean,20250618::index=12.434018,44,434.0180833,397.3448480124202,397.4553553968644
clean,20250618::index=12.434018,46,434.0180833,435.24613852417286,435.39050951629457
clean,20250618::index=12.434018,47,434.0180833,470.325726585894,470.1289138502863
clean,20250618::index=12.434018,54,434.0180833,471.4149982946009,471.3198877204515
clean,20250618::index=12.434018,57,434.0180833,438.88735776693,438.57371673681195
clean,20250611::index=13.4.89E+05,3,489.45399810000004,536.2254326401204,535.5325765518251
clean,20250611::index=13.4.89E+05,7,489.45399810000004,463.5236400113908,462.8891434488196
clean,20250611::index=13.4.89E+05,12,489.45399810000004,483.5981417455743,483.4739052176458
clean,20250611::index=13.4.89E+05,13,489.45399810000004,479.9287803939756,479.30436272758885
clean,20250611::index=13.4.89E+05,14,489.45399810000004,484.4298807767251,484.4904958103943
clean,20250611::index=13.4.89E+05,20,489.45399810000004,493.05531536714574,492.2750372017778
clean,20250611::index=13.4.89E+05,34,489.45399810000004,485.9127593590614,485.00511309385956
clean,20250611::index=13.4.89E+05,39,489.45399810000004,487.1802167572973,486.65142777483993
clean,20250611::index=13.4.89E+05,42,489.45399810000004,467.997494910097,467.126030874588
clean,20250611::index=13.4.89E+05,44,489.45399810000004,504.87166128529157,504.4130696355765
clean,20250611::index=13.4.89E+05,48,489.45399810000004,484.9135082273983,484.64109967481454
clean,20250611::index=13.4.89E+05,51,489.45399810000004,494.9736752389848,494.53402956910145
clean,20250611::index=13.4.89E+05,53,489.45399810000004,485.25585221812094,485.361861963076
clean,20250611::index=13.4.89E+05,54,489.45399810000004,488.0105922982105,487.1547262703553
clean,20250611::index=13.4.89E+05,59,489.45399810000004,482.00193075450153,482.7348822919671
clean,20250618::index=13.496023,3,496.0233525,503.7676698951793,503.6000937623491
clean,20250618::index=13.496023,7,496.0233525,516.3667213676854,515.9760904853339
clean,20250618::index=13.496023,12,496.0233525,473.0890214810224,472.4701057200845
clean,20250618::index=13.496023,13,496.0233525,494.5900884715048,493.8023593024375
clean,20250618::index=13.496023,14,496.0233525,518.0519782941587,518.2396437098778
clean,20250618::index=13.496023,20,496.0233525,494.072665216685,493.8232304905552
clean,20250618::index=13.496023,34,496.0233525,485.7623246623785,485.3311176792161
clean,20250618::index=13.496023,39,496.0233525,489.57200491864046,488.9091136197538
clean,20250618::index=13.496023,42,496.0233525,444.3476529906789,444.5204658502631
clean,20250618::index=13.496023,44,496.0233525,494.6570972593791,493.98518405268396
clean,20250618::index=13.496023,48,496.0233525,482.6682251752648,482.77724406758847
clean,20250618::index=13.496023,51,496.0233525,479.13661364015735,478.78539653151324
clean,20250618::index=13.496023,53,496.0233525,483.69813905804835,482.6013624257334
clean,20250618::index=13.496023,54,496.0233525,517.2394929872796,516.7163007660135
clean,20250618::index=13.496023,59,496.0233525,503.7321579445619,502.94254747489003
clean,20250611::index=14.5.54E+05,8,554.1963218000001,558.0450373876968,557.4101387557852
clean,20250611::index=14.5.54E+05,9,554.1963218000001,549.7245801143301,548.9265785137299
clean,20250611::index=14.5.54E+05,10,554.1963218000001,540.9700277321933,540.4562922595841
clean,20250611::index=14.5.54E+05,14,554.1963218000001,556.514941104348,556.1472240719332
clean,20250611::index=14.5.54E+05,29,554.1963218000001,545.967534265028,545.2498801189539
clean,20250611::index=14.5.54E+05,30,554.1963218000001,486.46385875454513,486.16476559724555
clean,20250611::index=14.5.54E+05,33,554.1963218000001,599.2554620417885,599.102395237519
clean,20250611::index=14.5.54E+05,36,554.1963218000001,553.3124237633741,552.8599154512997
clean,20250611::index=14.5.54E+05,43,554.1963218000001,545.5279403297845,544.6960901641728
clean,20250611::index=14.5.54E+05,48,554.1963218000001,536.0253185490961,535.3908758630594
clean,20250611::index=14.5.54E+05,50,554.1963218000001,552.2445624485401,551.3389087922499
clean,20250611::index=14.5.54E+05,51,554.1963218000001,562.5127255201537,561.3863011428815
clean,20250611::index=14.5.54E+05,54,554.1963218000001,546.1913909223373,544.9136776249431
clean,20250611::index=14.5.54E+05,57,554.1963218000001,543.6878208921958,542.8446411112809
clean,20250611::index=14.5.54E+05,58,554.1963218000001,518.9201610194331,518.2774714705205
clean,20250618::index=14.562158,8,562.1587854,552.9993363844396,552.0231852823964
clean,20250618::index=14.562158,9,562.1587854,563.5629101005693,563.1000027182002
clean,20250618::index=14.562158,10,562.1587854,558.8851718269631,558.6466091319553
clean,20250618::index=14.562158,14,562.1587854,571.4970667578551,571.2391741344986
clean,20250618::index=14.562158,29,562.1587854,550.4632833023264,549.3894814005397
clean,20250618::index=14.562158,30,562.1587854,564.6644176856834,564.0828725946094
clean,20250618::index=14.562158,33,562.1587854,560.1407341755685,559.7717161862498
clean,20250618::index=14.562158,36,562.1587854,584.9949130187821,584.9727798346403
clean,20250618::index=14.562158,43,562.1587854,575.858206322135,575.8213315492097
clean,20250618::index=14.562158,48,562.1587854,531.0326374127072,530.916175847337
clean,20250618::index=14.562158,50,562.1587854,560.1641976262918,559.9892624451537
clean,20250618::index=14.562158,51,562.1587854,559.8016967424795,558.9221357275815
clean,20250618::index=14.562158,54,562.1587854,549.7164352127772,549.0144909814078
clean,20250618::index=14.562158,57,562.1587854,555.5915917727265,555.2458633811292
clean,20250618::index=14.562158,58,562.1587854,577.0946604923453,577.1693718777615
clean,20250611::index=4.5.76E+04,2,57.59331665,68.63556060929953,68.44441775201469
clean,20250611::index=4.5.76E+04,3,57.59331665,89.34840263170865,89.17743261968418
clean,20250611::index=4.5.76E+04,6,57.59331665,72.8897331648244,72.15007328498122
clean,20250611::index=4.5.76E+04,11,57.59331665,53.88757223959065,54.25917669832809
clean,20250611::index=4.5.76E+04,13,57.59331665,49.69744360054716,49.286096371685716
clean,20250611::index=4.5.76E+04,15,57.59331665,68.46782259349752,67.3222257387967
clean,20250611::index=4.5.76E+04,18,57.59331665,70.86865139628738,69.57852188344043
clean,20250611::index=4.5.76E+04,33,57.59331665,39.03364774325785,37.631393581903225
clean,20250611::index=4.5.76E+04,38,57.59331665,59.034697774554424,58.95425513447154
clean,20250611::index=4.5.76E+04,41,57.59331665,53.130028339630776,53.8934798501756
clean,20250611::index=4.5.76E+04,42,57.59331665,61.28593250001842,59.687196208321716
clean,20250611::index=4.5.76E+04,44,57.59331665,37.71017931545685,37.12741308252677
clean,20250611::index=4.5.76E+04,46,57.59331665,114.657619400073,113.71783945315714
clean,20250611::index=4.5.76E+04,54,57.59331665,77.03498539354861,77.10467518723293
clean,20250611::index=4.5.76E+04,55,57.59331665,114.75518775752627,115.46541830148507
clean,20250618::index=4.58389,2,58.38985471,28.10937012934676,27.272284724353053
clean,20250618::index=4.58389,3,58.38985471,38.67329335368618,38.22950781036654
clean,20250618::index=4.58389,6,58.38985471,54.11323546693267,53.34903916349674
clean,20250618::index=4.58389,11,58.38985471,56.11398659717776,55.39234776715221
clean,20250618::index=4.58389,13,58.38985471,55.95554641790893,55.00390578260611
clean,20250618::index=4.58389,15,58.38985471,62.09811011432705,61.61879297523791
clean,20250618::index=4.58389,18,58.38985471,56.921553200097364,55.7537253890529
clean,20250618::index=4.58389,33,58.38985471,50.7775200926124,49.519613972108225
clean,20250618::index=4.58389,38,58.38985471,49.03325443665818,48.293189949875256
clean,20250618::index=4.58389,41,58.38985471,56.34439405453149,56.2163220213366
clean,20250618::index=4.58389,42,58.38985471,58.91517000044773,58.189013030511376
clean,20250618::index=4.58389,44,58.38985471,42.12852274726696,41.1271294954414
clean,20250618::index=4.58389,46,58.38985471,58.83797330779049,58.06166576130715
clean,20250618::index=4.58389,54,58.38985471,62.01222722808436,61.25830162240932
clean,20250618::index=4.58389,55,58.38985471,62.37392624852194,61.832836861845735
clean,20250611::index=15.6.24E+05,3,624.4425514,660.4234912332773,659.6553174004414
clean,20250611::index=15.6.24E+05,4,624.4425514,620.5067483885365,619.1222617454778
clean,20250611::index=15.6.24E+05,11,624.4425514,637.1166043307144,636.5708403870512
clean,20250611::index=15.6.24E+05,13,624.4425514,584.3628776092085,584.0686961593842
clean,20250611::index=15.6.24E+05,14,624.4425514,610.072946250901,608.260119944531
clean,20250611::index=15.6.24E+05,18,624.4425514,609.1337251126017,608.0163978381084
clean,20250611::index=15.6.24E+05,19,624.4425514,620.7018341584862,619.312434897149
clean,20250611::index=15.6.24E+05,27,624.4425514,621.7300913723033,621.7792509105622
clean,20250611::index=15.6.24E+05,39,624.4425514,620.7191379840281,620.1322351028376
clean,20250611::index=15.6.24E+05,43,624.4425514,641.9675544980038,641.0724799646434
clean,20250611::index=15.6.24E+05,46,624.4425514,622.635956118012,622.8257241701917
clean,20250611::index=15.6.24E+05,51,624.4425514,616.8949645775633,615.886369676757
clean,20250611::index=15.6.24E+05,55,624.4425514,626.1440347792753,624.784340116122
clean,20250611::index=15.6.24E+05,57,624.4425514,608.5563382185077,608.2141662843802
clean,20250611::index=15.6.24E+05,58,624.4425514,620.0557824926603,618.7297576679387
clean,20250618::index=15.633482,3,633.482536,633.1991653522857,632.6597704666087
clean,20250618::index=15.633482,4,633.482536,630.2937962301229,629.6486496439128
clean,20250618::index=15.633482,11,633.482536,637.2940520520152,636.3008292267585
clean,20250618::index=15.633482,13,633.482536,607.1933841672397,606.8718144586925
clean,20250618::index=15.633482,14,633.482536,635.7625902279387,634.8653155938692
clean,20250618::index=15.633482,18,633.482536,611.8629547928148,611.3167112677198
clean,20250618::index=15.633482,19,633.482536,637.9161923858818,637.9314126999257
clean,20250618::index=15.633482,27,633.482536,605.0047762443037,604.3901671219614
clean,20250618::index=15.633482,39,633.482536,585.2729284160781,584.7481628659136
clean,20250618::index=15.633482,43,633.482536,645.5475619234084,644.6889101519719
clean,20250618::index=15.633482,46,633.482536,666.8240891089503,665.4455729396386
clean,20250618::index=15.633482,51,633.482536,689.1756448131524,688.5664982480066
clean,20250618::index=15.633482,55,633.482536,604.641100668282,604.8904922462561
clean,20250618::index=15.633482,57,633.482536,641.0213110641928,641.2335453696683
clean,20250618::index=15.633482,58,633.482536,636.6579664553449,636.5149501916197
clean,20250611::index=16.6.98E+05,2,698.421296,669.345629630906,667.9220778793958
clean,20250611::index=16.6.98E+05,6,698.421296,708.5760916021147,707.1620003848352
clean,20250611::index=16.6.98E+05,9,698.421296,677.0257846645193,675.0763540679962
clean,20250611::index=16.6.98E+05,10,698.421296,675.924945439131,674.9513317187841
clean,20250611::index=16.6.98E+05,13,698.421296,700.1924844678028,699.541130763876
clean,20250611::index=16.6.98E+05,17,698.421296,693.3256761592972,691.8432754738222
clean,20250611::index=16.6.98E+05,35,698.421296,689.5674585241998,688.518267211577
clean,20250611::index=16.6.98E+05,37,698.421296,691.7846067791966,690.7188180235477
clean,20250611::index=16.6.98E+05,39,698.421296,697.0235426368057,697.320978806088
clean,20250611::index=16.6.98E+05,40,698.421296,704.1241227436709,702.8555997175258
clean,20250611::index=16.6.98E+05,46,698.421296,737.7325735796995,737.7165481214768
clean,20250611::index=16.6.98E+05,47,698.421296,704.3534982580028,703.631453755411
clean,20250611::index=16.6.98E+05,52,698.421296,753.2383119252872,752.9375827865101
clean,20250611::index=16.6.98E+05,55,698.421296,691.5327340244544,691.937879144474
clean,20250611::index=16.6.98E+05,57,698.421296,696.9403224557036,696.0489262850327
clean,20250618::index=16.709792,2,709.7927143,706.2266688762808,706.6914088074686
clean,20250618::index=16.709792,6,709.7927143,733.1860715039332,731.3172013220003
clean,20250618::index=16.709792,9,709.7927143,700.7496119067237,699.9530114767664
clean,20250618::index=16.709792,10,709.7927143,745.0214249520301,743.4154917491152
clean,20250618::index=16.709792,13,709.7927143,716.0993413355365,715.0245487591052
clean,20250618::index=16.709792,17,709.7927143,725.5044498629567,726.0082828619664
clean,20250618::index=16.709792,35,709.7927143,704.9493876360352,704.2834840257127
clean,20250618::index=16.709792,37,709.7927143,705.9601479559271,705.242909039334
clean,20250618::index=16.709792,39,709.7927143,692.1810484063834,690.8258388267053
clean,20250618::index=16.709792,40,709.7927143,739.5130038004131,738.7603310724654
clean,20250618::index=16.709792,46,709.7927143,754.9378696104089,754.1390151219991
clean,20250618::index=16.709792,47,709.7927143,723.0092878330444,722.5856081411223
clean,20250618::index=16.709792,52,709.7927143,713.3975798499114,713.8380897334362
clean,20250618::index=16.709792,55,709.7927143,707.1849699739643,706.3349539301042
clean,20250618::index=16.709792,57,709.7927143,670.2080721970775,670.9022003101983
clean,20250611::index=17.7.77E+05,5,776.6472223000001,767.541427126867,767.8433757218667
clean,20250611::index=17.7.77E+05,6,776.6472223000001,789.7948130521213,788.9639259383252
clean,20250611::index=17.7.77E+05,7,776.6472223000001,769.2201723076669,768.254978690831
clean,20250611::index=17.7.77E+05,8,776.6472223000001,781.4762230704879,780.7137092265286
clean,20250611::index=17.7.77E+05,10,776.6472223000001,774.3190216111041,773.9734025599969
clean,20250611::index=17.7.77E+05,14,776.6472223000001,765.7166982887968,764.2946111496324
clean,20250611::index=17.7.77E+05,19,776.6472223000001,791.7050023013315,789.6673657142862
clean,20250611::index=17.7.77E+05,24,776.6472223000001,773.5466551986779,772.7292003799196
clean,20250611::index=17.7.77E+05,26,776.6472223000001,771.8480937383105,770.9726735592997
clean,20250611::index=17.7.77E+05,31,776.6472223000001,799.1349820520796,798.986304758801
clean,20250611::index=17.7.77E+05,41,776.6472223000001,774.9839809307563,773.6346039696499
clean,20250611::index=17.7.77E+05,52,776.6472223000001,797.7538817480205,797.7539481610112
clean,20250611::index=17.7.77E+05,53,776.6472223000001,798.5696714923278,798.1760129593472
clean,20250611::index=17.7.77E+05,54,776.6472223000001,768.1272653891974,767.4315591477508
clean,20250611::index=17.7.77E+05,55,776.6472223000001,772.6998980811398,771.2785008894216
clean,20250618::index=17.789500,5,789.5001968,774.3471869774991,773.7257578103074
clean,20250618::index=17.789500,6,789.5001968,821.2517091189085,820.2555976930395
clean,20250618::index=17.789500,7,789.5001968,751.5962154600668,751.4872156335786
clean,20250618::index=17.789500,8,789.5001968,722.0601124171384,721.7341686697233
clean,20250618::index=17.789500,10,789.5001968,753.5473964071082,752.4322539455621
clean,20250618::index=17.789500,14,789.5001968,839.8450836156068,838.944425033594
clean,20250618::index=17.789500,19,789.5001968,804.8393199739781,803.8494515871021
clean,20250618::index=17.789500,24,789.5001968,768.6361798011361,766.9202446115902
clean,20250618::index=17.789500,26,789.5001968,837.8053523437254,836.6888269463435
clean,20250618::index=17.789500,31,789.5001968,765.0273315432139,765.3812347215661
clean,20250618::index=17.789500,41,789.5001968,751.6942650849555,750.5013992216843
clean,20250618::index=17.789500,52,789.5001968,765.0944489942401,764.4797271793285
clean,20250618::index=17.789500,53,789.5001968,768.7769957898329,768.4136867289435
clean,20250618::index=17.789500,54,789.5001968,803.6740336395964,802.6342492522028
clean,20250618::index=17.789500,55,789.5001968,798.30635444677,796.8418908913849
clean,20250611::index=18.8.59E+05,0,859.3439142,844.1620203400203,842.4975097958683
clean,20250611::index=18.8.59E+05,5,859.3439142,835.1209007185488,834.3002132616463
clean,20250611::index=18.8.59E+05,14,859.3439142,851.4472269634693,850.396961707866
clean,20250611::index=18.8.59E+05,18,859.3439142,822.1495721238089,821.1588392142513
clean,20250611::index=18.8.59E+05,19,859.3439142,841.8685843513091,840.5576643666816
clean,20250611::index=18.8.59E+05,21,859.3439142,843.1081746016959,842.4339244093544
clean,20250611::index=18.8.59E+05,26,859.3439142,846.6690930156902,845.9260354211549
clean,20250611::index=18.8.59E+05,27,859.3439142,853.4103302665966,852.2736502601099
clean,20250611::index=18.8.59E+05,32,859.3439142,848.3567829930081,848.4535974049704
clean,20250611::index=18.8.59E+05,36,859.3439142,846.6878527207358,845.5573390520815
clean,20250611::index=18.8.59E+05,43,859.3439142,799.052928123273,798.0860857005117
clean,20250611::index=18.8.59E+05,53,859.3439142,848.2468084729662,846.6713427186659
clean,20250611::index=18.8.59E+05,54,859.3439142,844.2026016341204,842.4350158231888
clean,20250611::index=18.8.59E+05,56,859.3439142,848.2008477211004,847.6850976206863
clean,20250611::index=18.8.59E+05,57,859.3439142,847.0281201266263,845.6507496213559
clean,20250618::index=18.873637,0,873.6370359,854.3449438396276,853.73486029853
clean,20250618::index=18.873637,5,873.6370359,855.726543093716,854.9642618344091
clean,20250618::index=18.873637,14,873.6370359,856.7602494362407,856.8727501758343
clean,20250618::index=18.873637,18,873.6370359,856.8370760792128,854.9323413414353
clean,20250618::index=18.873637,19,873.6370359,846.5321949485543,844.7371191299588
clean,20250618::index=18.873637,21,873.6370359,847.3204065188638,845.9561444501022
clean,20250618::index=18.873637,26,873.6370359,869.5256592185971,867.7999973289662
clean,20250618::index=18.873637,27,873.6370359,842.7053337400719,841.1690127475058
clean,20250618::index=18.873637,32,873.6370359,852.886619071336,852.5867482091692
clean,20250618::index=18.873637,36,873.6370359,840.9417036278376,840.008365640085
clean,20250618::index=18.873637,43,873.6370359,850.9296980145627,849.8055098642426
clean,20250618::index=18.873637,53,873.6370359,849.9977716760582,850.0555605569531
clean,20250618::index=18.873637,54,873.6370359,840.3006598034714,838.765738091753
clean,20250618::index=18.873637,56,873.6370359,860.0925979842419,858.7812002881017
clean,20250618::index=18.873637,57,873.6370359,843.9486267412555,843.2423180129898
0,20250618::index=1.0,0,-1.42e-09,138.03021569075645,137.69589513309805
0,20250618::index=1.0,3,-1.42e-09,105.18204008267388,105.04819568241392
0,20250618::index=1.0,5,-1.42e-09,80.40035763786648,79.7012014825118
0,20250618::index=1.0,12,-1.42e-09,80.90543514291096,80.34976778277529
0,20250618::index=1.0,13,-1.42e-09,68.00479679252588,66.88958248565685
0,20250618::index=1.0,31,-1.42e-09,97.62714323609316,97.25173071989758
0,20250618::index=1.0,33,-1.42e-09,106.14170134111028,106.90433683637482
0,20250618::index=1.0,36,-1.42e-09,63.823814409325436,61.81869637325446
0,20250618::index=1.0,45,-1.42e-09,72.45349589473196,71.89957944624649
0,20250618::index=1.0,46,-1.42e-09,77.2035637751437,77.50162487434595
0,20250618::index=1.0,48,-1.42e-09,80.85882614034121,80.41496385966468
0,20250618::index=1.0,50,-1.42e-09,68.43421844331945,67.99442011344163
0,20250618::index=1.0,52,-1.42e-09,89.72867088788486,89.70261168979502
0,20250618::index=1.0,54,-1.42e-09,71.66290678888079,71.18460024641931
0,20250618::index=1.0,57,-1.42e-09,87.14758716206005,86.94031166618277
0,20250611::index=1.3.28E-04,0,3.280469999999e-07,137.30635790532634,137.0262596008633
0,20250611::index=1.3.28E-04,3,3.280469999999e-07,132.81035538400982,132.42681684792254
0,20250611::index=1.3.28E-04,5,3.280469999999e-07,161.52718033861052,159.87801927987474
0,20250611::index=1.3.28E-04,12,3.280469999999e-07,72.26342135056152,70.55886923693568
0,20250611::index=1.3.28E-04,13,3.280469999999e-07,110.35665249728264,108.28939170742119
0,20250611::index=1.3.28E-04,31,3.280469999999e-07,136.85258004183055,135.30032531931036
0,20250611::index=1.3.28E-04,33,3.280469999999e-07,85.50555987620406,83.38374272955771
0,20250611::index=1.3.28E-04,36,3.280469999999e-07,116.34831255091756,114.27727129657943
0,20250611::index=1.3.28E-04,45,3.280469999999e-07,115.6052522957318,114.37904853055701
0,20250611::index=1.3.28E-04,46,3.280469999999e-07,146.50827906369224,145.26966013984037
0,20250611::index=1.3.28E-04,48,3.280469999999e-07,123.606332587303,122.71597665759563
0,20250611::index=1.3.28E-04,50,3.280469999999e-07,103.43506241571184,101.76701700038123
0,20250611::index=1.3.28E-04,52,3.280469999999e-07,99.74167002219754,98.24559112505294
0,20250611::index=1.3.28E-04,54,3.280469999999e-07,77.23740713391955,75.41878453620717
0,20250611::index=1.3.28E-04,57,3.280469999999e-07,123.2545245958846,121.9703500629149
0,20250611::index=5.1.11E+05,17,111.2647017,97.82364558328702,97.98832159924316
0,20250611::index=5.1.11E+05,19,111.2647017,82.01575530909753,81.57930543673287
0,20250611::index=5.1.11E+05,21,111.2647017,84.44632493088878,84.09816118495183
0,20250611::index=5.1.11E+05,23,111.2647017,89.4391286328535,89.92924508537786
0,20250611::index=5.1.11E+05,28,111.2647017,78.45758244592766,78.78631793909484
0,20250611::index=5.1.11E+05,34,111.2647017,88.98045645362117,88.97079667334854
0,20250611::index=5.1.11E+05,35,111.2647017,104.04625041664316,104.15586266440181
0,20250611::index=5.1.11E+05,41,111.2647017,100.05774477261308,100.54932736120469
0,20250611::index=5.1.11E+05,46,111.2647017,109.58848360281938,108.65908365869609
0,20250611::index=5.1.11E+05,47,111.2647017,97.91311768859444,98.16596540792911
0,20250611::index=5.1.11E+05,48,111.2647017,107.30101960743023,107.8413879479394
0,20250611::index=5.1.11E+05,51,111.2647017,97.51139784391535,98.50265490904614
0,20250611::index=5.1.11E+05,55,111.2647017,100.54336336061938,100.94675118526162
0,20250611::index=5.1.11E+05,56,111.2647017,97.4314557376611,97.2056832170981
0,20250611::index=5.1.11E+05,58,111.2647017,101.2819718481458,101.62798479365769
0,20250618::index=5.113188,17,113.1882901,101.70293374186976,102.40641182098744
0,20250618::index=5.113188,19,113.1882901,105.40462944318847,104.94671727818509
0,20250618::index=5.113188,21,113.1882901,112.9428435572818,113.47365706228744
0,20250618::index=5.113188,23,113.1882901,104.13627472195806,104.17973451494666
0,20250618::index=5.113188,28,113.1882901,105.67182766111476,106.14116815518904
0,20250618::index=5.113188,34,113.1882901,102.43514510604192,102.66985160353423
0,20250618::index=5.113188,35,113.1882901,103.13845707731464,103.1019093566983
0,20250618::index=5.113188,41,113.1882901,109.48527689073372,110.36515336729185
0,20250618::index=5.113188,46,113.1882901,101.20872469912463,101.53886704771857
0,20250618::index=5.113188,47,113.1882901,90.30369470754957,90.32581075805744
0,20250618::index=5.113188,48,113.1882901,106.16959941855964,106.41122992333828
0,20250618::index=5.113188,51,113.1882901,106.85705305050232,106.92739259516938
0,20250618::index=5.113188,55,113.1882901,112.8329218568272,113.42921659762611
0,20250618::index=5.113188,56,113.1882901,107.12395253499348,107.64277837945927
0,20250618::index=5.113188,58,113.1882901,112.95261654509484,113.20996170271994
0,20250611::index=6.1.44E+05,6,144.32426180000002,100.25890718427632,100.97808595581324
0,20250611::index=6.1.44E+05,11,144.32426180000002,95.4660691554048,96.50537895932688
0,20250611::index=6.1.44E+05,13,144.32426180000002,89.01829859848915,89.75222476420511
0,20250611::index=6.1.44E+05,26,144.32426180000002,102.70453192524236,102.6913788432838
0,20250611::index=6.1.44E+05,31,144.32426180000002,100.15788922591415,100.68084457329563
0,20250611::index=6.1.44E+05,34,144.32426180000002,93.80455488669631,94.68548776281747
0,20250611::index=6.1.44E+05,35,144.32426180000002,101.05503459664793,100.93985500441225
0,20250611::index=6.1.44E+05,36,144.32426180000002,98.05377851833543,98.90086206712759
0,20250611::index=6.1.44E+05,38,144.32426180000002,107.94095345988308,108.06940893358629
0,20250611::index=6.1.44E+05,40,144.32426180000002,109.52616147492324,110.20724958592851
0,20250611::index=6.1.44E+05,46,144.32426180000002,119.28517686918684,119.6555308121302
0,20250611::index=6.1.44E+05,47,144.32426180000002,101.50441556918688,100.84535913865132
0,20250611::index=6.1.44E+05,56,144.32426180000002,120.10303867105183,121.29486977952232
0,20250611::index=6.1.44E+05,58,144.32426180000002,131.07056930618918,130.74726365963457
0,20250611::index=6.1.44E+05,59,144.32426180000002,126.71935339231408,127.32338774508113
0,20250618::index=6.146381,6,146.38165049999998,123.87810533690549,124.7342452049316
0,20250618::index=6.146381,11,146.38165049999998,123.15454305214695,123.26477578609784
0,20250618::index=6.146381,13,146.38165049999998,125.4434011051667,126.62346447538299
0,20250618::index=6.146381,26,146.38165049999998,117.29156318435672,117.36734862649215
0,20250618::index=6.146381,31,146.38165049999998,121.00418483108488,121.33274038762606
0,20250618::index=6.146381,34,146.38165049999998,125.82835063972112,126.08271980826655
0,20250618::index=6.146381,35,146.38165049999998,125.84586318910128,126.9523171770958
0,20250618::index=6.146381,36,146.38165049999998,129.73853839097936,130.59349700850416
0,20250618::index=6.146381,38,146.38165049999998,116.09504660412657,116.30900316797668
0,20250618::index=6.146381,40,146.38165049999998,125.09690564505692,125.44092814264434
0,20250618::index=6.146381,46,146.38165049999998,122.26327412879463,122.98164746476965
0,20250618::index=6.146381,47,146.38165049999998,109.57847957923528,110.4588417129521
0,20250618::index=6.146381,56,146.38165049999998,123.23024100370584,124.13691424492296
0,20250618::index=6.146381,58,146.38165049999998,124.26971950774143,124.8137758965278
0,20250618::index=6.146381,59,146.38165049999998,120.7132660091435,121.25943139871383
0,20250611::index=7.1.81E+05,4,181.378003,117.64766548837116,118.88864886051887
0,20250611::index=7.1.81E+05,5,181.378003,113.2545298640128,113.90984546780808
0,20250611::index=7.1.81E+05,10,181.378003,122.71577944165534,123.4100838416763
0,20250611::index=7.1.81E+05,15,181.378003,128.07667412663625,128.09269280723237
0,20250611::index=7.1.81E+05,18,181.378003,129.0868280979203,130.67593157100342
0,20250611::index=7.1.81E+05,20,181.378003,127.30251060426724,127.74452732451913
0,20250611::index=7.1.81E+05,26,181.378003,140.72615628929603,140.78442803029617
0,20250611::index=7.1.81E+05,28,181.378003,110.65281355507453,110.39362740796085
0,20250611::index=7.1.81E+05,33,181.378003,115.94030388303403,115.8539124973153
0,20250611::index=7.1.81E+05,37,181.378003,117.73442990623586,118.13700283009425
0,20250611::index=7.1.81E+05,41,181.378003,117.03636846662614,117.91371027356406
0,20250611::index=7.1.81E+05,44,181.378003,118.13427915225468,118.29822975645735
0,20250611::index=7.1.81E+05,56,181.378003,123.17971307520365,123.85099327536861
0,20250611::index=7.1.81E+05,57,181.378003,129.97689206991524,130.4219439087726
0,20250611::index=7.1.81E+05,58,181.378003,123.9084450834858,124.5623590504025
0,20250618::index=7.184190,4,184.1909699,148.16183558090776,148.94540621128007
0,20250618::index=7.184190,5,184.1909699,161.79174625988665,163.05453367084894
0,20250618::index=7.184190,10,184.1909699,135.0418639255874,136.0107466080297
0,20250618::index=7.184190,15,184.1909699,155.40936739434827,156.3565471914289
0,20250618::index=7.184190,18,184.1909699,166.29399446953803,166.93295615053157
0,20250618::index=7.184190,20,184.1909699,152.81142470171804,153.96266574757232
0,20250618::index=7.184190,26,184.1909699,138.54047268207884,139.74109495703732
0,20250618::index=7.184190,28,184.1909699,164.27752179080701,165.43686719621962
0,20250618::index=7.184190,33,184.1909699,173.16890234855532,173.64086733457432
0,20250618::index=7.184190,37,184.1909699,154.4378376951762,155.53486287011472
0,20250618::index=7.184190,41,184.1909699,186.0446660645089,187.03774318084692
0,20250618::index=7.184190,44,184.1909699,158.43750174262811,158.60391296813796
0,20250618::index=7.184190,56,184.1909699,145.8978333788093,147.04861330750725
0,20250618::index=7.184190,57,184.1909699,165.24142320277815,166.35168169880856
0,20250618::index=7.184190,58,184.1909699,159.20195553612405,160.50460423593861
0,20250611::index=3.2.10E+04,1,20.97971604,77.05901367609346,75.4574666671454
0,20250611::index=3.2.10E+04,6,20.97971604,92.85233791095534,91.8463785882773
0,20250611::index=3.2.10E+04,11,20.97971604,106.0601730735249,104.4972474815452
0,20250611::index=3.2.10E+04,22,20.97971604,97.94759440208648,96.56875472588524
0,20250611::index=3.2.10E+04,28,20.97971604,60.13636321286817,58.647331927722036
0,20250611::index=3.2.10E+04,33,20.97971604,94.96575304927457,94.93677809446937
0,20250611::index=3.2.10E+04,34,20.97971604,71.67951260199588,71.12937621285744
0,20250611::index=3.2.10E+04,36,20.97971604,53.64386907775387,52.706690745522536
0,20250611::index=3.2.10E+04,41,20.97971604,77.32008270828578,77.33250341162271
0,20250611::index=3.2.10E+04,42,20.97971604,45.51312621973796,45.49338102665863
0,20250611::index=3.2.10E+04,52,20.97971604,74.72781698694806,73.4763893736034
0,20250611::index=3.2.10E+04,54,20.97971604,92.8591080919362,93.65290040138736
0,20250611::index=3.2.10E+04,56,20.97971604,81.41831830119212,81.68918718298777
0,20250611::index=3.2.10E+04,57,20.97971604,100.21746520363136,100.27900754211024
0,20250611::index=3.2.10E+04,59,20.97971604,87.23812797934947,87.74128324593474
0,20250618::index=3.21242,1,21.24286319,101.52334886743023,101.37381819383683
0,20250618::index=3.21242,6,21.24286319,68.68651028413753,67.8486645952966
0,20250618::index=3.21242,11,21.24286319,80.70411933411205,79.23192594393497
0,20250618::index=3.21242,22,21.24286319,101.52747382040936,101.972172672102
0,20250618::index=3.21242,28,21.24286319,68.503168651524,67.40879312567961
0,20250618::index=3.21242,33,21.24286319,85.66864188784893,85.71289465921451
0,20250618::index=3.21242,34,21.24286319,79.66313583150014,78.66304434665156
0,20250618::index=3.21242,36,21.24286319,78.1584278184769,77.95842744305519
0,20250618::index=3.21242,41,21.24286319,82.50771811395545,80.89768146740393
0,20250618::index=3.21242,42,21.24286319,72.24388404384288,72.03821936382793
0,20250618::index=3.21242,52,21.24286319,80.01429069280067,79.42028446838668
0,20250618::index=3.21242,54,21.24286319,90.63925814435889,90.42326063199538
0,20250618::index=3.21242,56,21.24286319,84.44265055018307,83.92974490291354
0,20250618::index=3.21242,57,21.24286319,84.47335950885224,82.86638257749254
0,20250618::index=3.21242,59,21.24286319,90.73091316043113,90.94993353322172
0,20250611::index=8.2.22E+05,0,221.5051102,133.0485947603871,133.6258532694933
0,20250611::index=8.2.22E+05,4,221.5051102,150.3836498561576,152.33366835684478
0,20250611::index=8.2.22E+05,6,221.5051102,149.1170302874128,149.25102093170227
0,20250611::index=8.2.22E+05,9,221.5051102,160.25973671869136,161.20165031994645
0,20250611::index=8.2.22E+05,13,221.5051102,159.8886875252513,160.94200705920727
0,20250611::index=8.2.22E+05,15,221.5051102,159.91998101060855,160.64840699501872
0,20250611::index=8.2.22E+05,17,221.5051102,151.4325949190114,151.93566096245874
0,20250611::index=8.2.22E+05,22,221.5051102,136.69421166404788,137.22819656351328
0,20250611::index=8.2.22E+05,24,221.5051102,149.8832474434265,150.3580034498508
0,20250611::index=8.2.22E+05,28,221.5051102,162.08476304940373,162.24458814488392
0,20250611::index=8.2.22E+05,31,221.5051102,151.4816040140182,151.44336087624018
0,20250611::index=8.2.22E+05,39,221.5051102,202.49940298882333,203.30063019700307
0,20250611::index=8.2.22E+05,40,221.5051102,158.5702389979135,159.29555509206028
0,20250611::index=8.2.22E+05,50,221.5051102,149.9347237683435,151.31720492815484
0,20250611::index=8.2.22E+05,59,221.5051102,158.3107388027823,158.53765556799422
0,20250618::index=8.225704,0,225.70496179999998,148.44319436500913,149.0223032092099
0,20250618::index=8.225704,4,225.70496179999998,195.8037164664473,196.928198678749
0,20250618::index=8.225704,6,225.70496179999998,152.7331652325034,154.01836310099756
0,20250618::index=8.225704,9,225.70496179999998,163.59454710131368,165.39916463091527
0,20250618::index=8.225704,13,225.70496179999998,270.46343303065373,269.7797803752613
0,20250618::index=8.225704,15,225.70496179999998,163.95583443462985,165.7187709086414
0,20250618::index=8.225704,17,225.70496179999998,196.3847158263765,196.48561374514009
0,20250618::index=8.225704,22,225.70496179999998,178.55754671439848,179.98586381721455
0,20250618::index=8.225704,24,225.70496179999998,161.01671032928715,161.33677507249678
0,20250618::index=8.225704,28,225.70496179999998,152.40366241410234,153.13415387175235
0,20250618::index=8.225704,31,225.70496179999998,185.7982211227008,186.96869594197085
0,20250618::index=8.225704,39,225.70496179999998,223.9220496981648,224.72890000645958
0,20250618::index=8.225704,40,225.70496179999998,186.87086252001217,188.48031591315527
0,20250618::index=8.225704,50,225.70496179999998,264.72186074867005,266.3924585202451
0,20250618::index=8.225704,59,225.70496179999998,188.9837222069019,190.75915889156389
0,20250611::index=2.2.36E+03,0,2.35533535,70.74731157010535,69.78045678061991
0,20250611::index=2.2.36E+03,2,2.35533535,76.78915925019784,76.9175185777333
0,20250611::index=2.2.36E+03,3,2.35533535,67.73926788258811,67.06143177490765
0,20250611::index=2.2.36E+03,14,2.35533535,121.4765021546616,119.210794105125
0,20250611::index=2.2.36E+03,21,2.35533535,90.01571071913358,87.81960021312543
0,20250611::index=2.2.36E+03,23,2.35533535,69.08983709401771,68.2608210221566
0,20250611::index=2.2.36E+03,29,2.35533535,75.20984299836853,73.9893702782793
0,20250611::index=2.2.36E+03,36,2.35533535,63.86163981004695,62.104633764265536
0,20250611::index=2.2.36E+03,37,2.35533535,91.71896167400622,91.0770159840962
0,20250611::index=2.2.36E+03,44,2.35533535,78.2204373342245,77.32093369670065
0,20250611::index=2.2.36E+03,47,2.35533535,74.40254997613371,73.95366130057495
0,20250611::index=2.2.36E+03,48,2.35533535,64.76428650824253,63.845943226659706
0,20250611::index=2.2.36E+03,54,2.35533535,76.66807771851994,75.66513736980336
0,20250611::index=2.2.36E+03,55,2.35533535,67.81098769933448,67.70737111626546
0,20250611::index=2.2.36E+03,59,2.35533535,77.37225371263548,75.95419081809487
0,20250618::index=2.2380,0,2.380025286,109.122461121698,108.86900833365021
0,20250618::index=2.2380,2,2.380025286,83.79769644688352,82.67908432208316
0,20250618::index=2.2380,3,2.380025286,77.14609924206977,76.35144745485456
0,20250618::index=2.2380,14,2.380025286,98.71726540404563,98.46247415318953
0,20250618::index=2.2380,21,2.380025286,134.87168995001477,133.91547327264524
0,20250618::index=2.2380,23,2.380025286,84.7100774870459,84.15662989201361
0,20250618::index=2.2380,29,2.380025286,96.65564871978192,96.15630246698016
0,20250618::index=2.2380,36,2.380025286,58.33105442279346,56.7157122788576
0,20250618::index=2.2380,37,2.380025286,118.69345606261753,118.44463715042696
0,20250618::index=2.2380,44,2.380025286,103.1188545973964,103.12063813622704
0,20250618::index=2.2380,47,2.380025286,112.31146222584536,111.54112798953743
0,20250618::index=2.2380,48,2.380025286,85.67681416154954,84.60065111181102
0,20250618::index=2.2380,54,2.380025286,105.7062251718756,105.51729617971752
0,20250618::index=2.2380,55,2.380025286,86.55634019509165,86.75275733099797
0,20250618::index=2.2380,59,2.380025286,81.34846164287315,80.85839097418928
0,20250611::index=9.2.67E+05,3,266.90769650000004,279.3296976481383,279.57221485542124
0,20250611::index=9.2.67E+05,6,266.90769650000004,274.1350207023406,273.7165646683563
0,20250611::index=9.2.67E+05,7,266.90769650000004,290.448592038037,290.83112783815966
0,20250611::index=9.2.67E+05,15,266.90769650000004,191.27068633799936,190.83153549898122
0,20250611::index=9.2.67E+05,18,266.90769650000004,266.4589413943139,266.12833484500203
0,20250611::index=9.2.67E+05,21,266.90769650000004,162.7138470917818,162.73492131567895
0,20250611::index=9.2.67E+05,26,266.90769650000004,269.14322580955826,267.7536096404364
0,20250611::index=9.2.67E+05,27,266.90769650000004,157.2710598873223,158.35528351268096
0,20250611::index=9.2.67E+05,29,266.90769650000004,265.86528883984215,264.294523522931
0,20250611::index=9.2.67E+05,30,266.90769650000004,277.7995696793285,276.45452552455737
0,20250611::index=9.2.67E+05,31,266.90769650000004,255.86396095533908,254.57205999007726
0,20250611::index=9.2.67E+05,41,266.90769650000004,194.5257691132761,191.49994749346584
0,20250611::index=9.2.67E+05,45,266.90769650000004,135.15566913617207,136.96900983133276
0,20250611::index=9.2.67E+05,51,266.90769650000004,263.13113865184334,261.0334160408419
0,20250611::index=9.2.67E+05,53,266.90769650000004,286.3765874427208,286.75603003898243
0,20250618::index=9.271677,3,271.6776816,258.52019970630954,258.1397297474755
0,20250618::index=9.271677,6,271.6776816,264.47028857036923,263.82519435371006
0,20250618::index=9.271677,7,271.6776816,209.01182708973326,211.23951915756635
0,20250618::index=9.271677,15,271.6776816,308.134531650536,306.3029453539663
0,20250618::index=9.271677,18,271.6776816,228.62266671106698,230.5587576838713
0,20250618::index=9.271677,21,271.6776816,263.4977688195199,263.7564669485789
0,20250618::index=9.271677,26,271.6776816,196.76171910101164,197.37746956984455
0,20250618::index=9.271677,27,271.6776816,184.79650228793318,186.7580412824273
0,20250618::index=9.271677,29,271.6776816,200.0620421351564,201.4315773069371
0,20250618::index=9.271677,30,271.6776816,201.1793969761888,202.12650081185055
0,20250618::index=9.271677,31,271.6776816,180.24304847175358,181.07335810053425
0,20250618::index=9.271677,41,271.6776816,262.9364908921439,263.3778260128589
0,20250618::index=9.271677,45,271.6776816,284.9109034521171,284.012215544613
0,20250618::index=9.271677,51,271.6776816,169.94121776585973,169.0513456638285
0,20250618::index=9.271677,53,271.6776816,184.47165437407318,184.52883592505776
0,20250611::index=10.3.15E+05,2,315.4661173,287.72509822756655,287.0919933626221
0,20250611::index=10.3.15E+05,4,315.4661173,262.34432403295244,260.9933974969444
0,20250611::index=10.3.15E+05,10,315.4661173,308.98829468856786,308.927562286325
0,20250611::index=10.3.15E+05,18,315.4661173,283.9022890098545,280.8469245172013
0,20250611::index=10.3.15E+05,21,315.4661173,151.43951488157936,151.37240641339875
0,20250611::index=10.3.15E+05,27,315.4661173,299.9375620425855,299.1514411213796
0,20250611::index=10.3.15E+05,29,315.4661173,276.51658499622516,275.25061042156074
0,20250611::index=10.3.15E+05,31,315.4661173,293.8441709212428,293.93616214557073
0,20250611::index=10.3.15E+05,40,315.4661173,323.22516489267326,322.8945278247336
0,20250611::index=10.3.15E+05,45,315.4661173,329.96918702291583,329.5428191897334
0,20250611::index=10.3.15E+05,47,315.4661173,330.6895542671306,329.509309486921
0,20250611::index=10.3.15E+05,48,315.4661173,318.27189878624586,318.2542155061919
0,20250611::index=10.3.15E+05,50,315.4661173,331.4888727178875,330.91071530219256
0,20250611::index=10.3.15E+05,53,315.4661173,277.39038356803707,275.236162128161
0,20250611::index=10.3.15E+05,55,315.4661173,312.78840943349127,312.23584487261286
0,20250618::index=10.322114,2,322.1142428,334.74184109675844,332.72687073255867
0,20250618::index=10.322114,4,322.1142428,337.54306334490445,337.5272125983996
0,20250618::index=10.322114,10,322.1142428,307.15900107106,306.9815588205078
0,20250618::index=10.322114,18,322.1142428,330.04099117586395,329.6107525662491
0,20250618::index=10.322114,21,322.1142428,275.8948412619694,274.8667458991146
0,20250618::index=10.322114,27,322.1142428,261.63425650557093,264.77113522873157
0,20250618::index=10.322114,29,322.1142428,159.52356402564618,161.13122072524416
0,20250618::index=10.322114,31,322.1142428,245.22911480877585,246.86085663086354
0,20250618::index=10.322114,40,322.1142428,151.21927295689738,153.05636600357715
0,20250618::index=10.322114,45,322.1142428,223.6763834249822,224.9626943373957
0,20250618::index=10.322114,47,322.1142428,185.8984395585166,187.65279870556932
0,20250618::index=10.322114,48,322.1142428,245.9527780103225,247.6911993019444
0,20250618::index=10.322114,50,322.1142428,156.3363671107016,157.40478229117687
0,20250618::index=10.322114,53,322.1142428,176.23238288382313,177.41290260067524
0,20250618::index=10.322114,55,322.1142428,141.9638971929198,143.95948753882547
0,20250611::index=11.3.69E+05,1,368.97810499999997,368.7350198591115,368.43388455524826
0,20250611::index=11.3.69E+05,5,368.97810499999997,389.4372806631144,389.1183888253982
0,20250611::index=11.3.69E+05,15,368.97810499999997,370.6893943267081,370.39218914997474
0,20250611::index=11.3.69E+05,17,368.97810499999997,369.860110941142,369.7188983035898
0,20250611::index=11.3.69E+05,20,368.97810499999997,374.2957246298081,374.1876027428468
0,20250611::index=11.3.69E+05,31,368.97810499999997,391.09612331194944,389.54526399752274
0,20250611::index=11.3.69E+05,37,368.97810499999997,387.7539101514362,386.7578615968879
0,20250611::index=11.3.69E+05,44,368.97810499999997,337.9266564985925,338.2675531962982
0,20250611::index=11.3.69E+05,45,368.97810499999997,362.3902523019714,362.38585389675166
0,20250611::index=11.3.69E+05,49,368.97810499999997,351.74066103366135,351.1933214336159
0,20250611::index=11.3.69E+05,50,368.97810499999997,327.31485676966804,327.62865129723684
0,20250611::index=11.3.69E+05,53,368.97810499999997,394.0500566282042,392.9450612045656
0,20250611::index=11.3.69E+05,54,368.97810499999997,364.2058923232636,363.8557699887342
0,20250611::index=11.3.69E+05,55,368.97810499999997,362.24930647485985,361.99926395768045
0,20250611::index=11.3.69E+05,58,368.97810499999997,363.7256398447262,363.0787532942454
0,20250618::index=11.376320,1,376.3201201,368.7648286497832,368.8526939084772
0,20250618::index=11.376320,5,376.3201201,382.3012488388202,382.3615321586633
0,20250618::index=11.376320,15,376.3201201,364.8293941935903,363.7614712627195
0,20250618::index=11.376320,17,376.3201201,353.2850354861205,352.82451003199327
0,20250618::index=11.376320,20,376.3201201,371.62036717491037,371.20376328596217
0,20250618::index=11.376320,31,376.3201201,292.823175727664,294.300201434848
0,20250618::index=11.376320,37,376.3201201,338.5330500303017,338.62780533234195
0,20250618::index=11.376320,44,376.3201201,367.6992594287556,366.9078530038599
0,20250618::index=11.376320,45,376.3201201,381.4280198435154,381.55777756626594
0,20250618::index=11.376320,49,376.3201201,375.0635044064185,375.2892899854105
0,20250618::index=11.376320,50,376.3201201,322.98153943414724,322.8828890032277
0,20250618::index=11.376320,53,376.3201201,365.8382225597194,365.6097441302592
0,20250618::index=11.376320,54,376.3201201,354.483753156308,353.80020299908824
0,20250618::index=11.376320,55,376.3201201,377.67161665052436,377.12525446028434
0,20250618::index=11.376320,58,376.3201201,375.1245247057256,375.24337833256124
0,20250611::index=12.4.27E+05,3,427.27619500000003,437.64341372408285,437.4494646180778
0,20250611::index=12.4.27E+05,9,427.27619500000003,430.24205328973744,429.886414827505
0,20250611::index=12.4.27E+05,13,427.27619500000003,435.8221872714204,436.1098563446293
0,20250611::index=12.4.27E+05,15,427.27619500000003,440.4935233715996,440.1048078148136
0,20250611::index=12.4.27E+05,17,427.27619500000003,436.40877135725486,436.2511669729011
0,20250611::index=12.4.27E+05,22,427.27619500000003,467.8806863083639,467.2254198684582
0,20250611::index=12.4.27E+05,28,427.27619500000003,422.9596783474713,422.1415172732681
0,20250611::index=12.4.27E+05,30,427.27619500000003,420.4738609301742,419.777958026285
0,20250611::index=12.4.27E+05,39,427.27619500000003,426.4466568814321,425.8940987210575
0,20250611::index=12.4.27E+05,42,427.27619500000003,451.5769752605176,451.431250922748
0,20250611::index=12.4.27E+05,44,427.27619500000003,431.2581422315751,431.0859828983721
0,20250611::index=12.4.27E+05,46,427.27619500000003,482.813071163989,482.38158423283437
0,20250611::index=12.4.27E+05,47,427.27619500000003,454.8517906126308,455.27354244183874
0,20250611::index=12.4.27E+05,54,427.27619500000003,436.07189676337117,435.97958235637157
0,20250611::index=12.4.27E+05,57,427.27619500000003,448.22861929646496,448.0491161818121
0,20250618::index=12.434018,3,434.0180833,399.2599973969458,399.1164897088622
0,20250618::index=12.434018,9,434.0180833,425.01031927880064,424.54234702487366
0,20250618::index=12.434018,13,434.0180833,469.2256639492457,468.3397752608404
0,20250618::index=12.434018,15,434.0180833,410.91212918522183,411.4489092773521
0,20250618::index=12.434018,17,434.0180833,411.9171844356825,411.6829596411823
0,20250618::index=12.434018,22,434.0180833,396.5191439761765,396.7727374391678
0,20250618::index=12.434018,28,434.0180833,420.93791057942354,421.15079921165585
0,20250618::index=12.434018,30,434.0180833,448.531857441175,447.9031447871919
0,20250618::index=12.434018,39,434.0180833,377.2097144819264,377.8410884729957
0,20250618::index=12.434018,42,434.0180833,390.0717673067953,391.20180549620864
0,20250618::index=12.434018,44,434.0180833,395.37376798232253,395.47302279143446
0,20250618::index=12.434018,46,434.0180833,434.9821803181505,435.1601198944949
0,20250618::index=12.434018,47,434.0180833,470.8187543545792,470.605518688377
0,20250618::index=12.434018,54,434.0180833,471.02435184118616,470.9545977576229
0,20250618::index=12.434018,57,434.0180833,439.28880247626006,438.99118410018514
0,20250611::index=13.4.89E+05,3,489.45399810000004,536.1587052565135,535.4731142047702
0,20250611::index=13.4.89E+05,7,489.45399810000004,462.80436203248684,462.22627835695044
0,20250611::index=13.4.89E+05,12,489.45399810000004,483.2285568397892,483.1479701126162
0,20250611::index=13.4.89E+05,13,489.45399810000004,479.3498100294459,478.7515097042168
0,20250611::index=13.4.89E+05,14,489.45399810000004,484.14725498410763,484.21076014739737
0,20250611::index=13.4.89E+05,20,489.45399810000004,492.8169206626594,492.0480089610739
0,20250611::index=13.4.89E+05,34,489.45399810000004,485.7192727017104,484.81375032769375
0,20250611::index=13.4.89E+05,39,489.45399810000004,486.86845614535247,486.34561198956897
0,20250611::index=13.4.89E+05,42,489.45399810000004,468.4666487029997,467.5978298962585
0,20250611::index=13.4.89E+05,44,489.45399810000004,505.05212866850206,504.60199034248063
0,20250611::index=13.4.89E+05,48,489.45399810000004,484.92298739925207,484.6654551458212
0,20250611::index=13.4.89E+05,51,489.45399810000004,495.4228225654664,494.9314279934329
0,20250611::index=13.4.89E+05,53,489.45399810000004,485.706082692983,485.7573871029428
0,20250611::index=13.4.89E+05,54,489.45399810000004,488.4834735524417,487.62876095137784
0,20250611::index=13.4.89E+05,59,489.45399810000004,481.87651296146714,482.6127300797493
0,20250618::index=13.496023,3,496.0233525,504.46299469331336,504.26145683953865
0,20250618::index=13.496023,7,496.0233525,516.7319905287064,516.312043502124
0,20250618::index=13.496023,12,496.0233525,472.9454665629838,472.35666023336984
0,20250618::index=13.496023,13,496.0233525,494.7386843883827,493.9205280473162
0,20250618::index=13.496023,14,496.0233525,519.228938506335,519.3972394772667
0,20250618::index=13.496023,20,496.0233525,494.2752077192465,494.0606021099973
0,20250618::index=13.496023,34,496.0233525,486.080591969291,485.6574192562881
0,20250618::index=13.496023,39,496.0233525,489.29754902736266,488.656643223436
0,20250618::index=13.496023,42,496.0233525,443.934762542614,444.0996845968419
0,20250618::index=13.496023,44,496.0233525,495.13043673824643,494.44426837949356
0,20250618::index=13.496023,48,496.0233525,482.8725860988521,482.98395514723626
0,20250618::index=13.496023,51,496.0233525,479.2145703593848,478.8616163098669
0,20250618::index=13.496023,53,496.0233525,483.72855722154617,482.6264207285737
0,20250618::index=13.496023,54,496.0233525,517.2529260411047,516.7597543069621
0,20250618::index=13.496023,59,496.0233525,504.4948517674952,503.6445027596439
0,20250611::index=14.5.54E+05,8,554.1963218000001,558.8077128794256,558.133569164867
0,20250611::index=14.5.54E+05,9,554.1963218000001,549.0983926362532,548.3142480767449
0,20250611::index=14.5.54E+05,10,554.1963218000001,541.3969371641252,540.8733587685432
0,20250611::index=14.5.54E+05,14,554.1963218000001,556.9810920498779,556.6096655044007
0,20250611::index=14.5.54E+05,29,554.1963218000001,547.6805685869828,546.8875088258361
0,20250611::index=14.5.54E+05,30,554.1963218000001,486.7253386422912,486.42627335063645
0,20250611::index=14.5.54E+05,33,554.1963218000001,599.3739018412085,599.226145711586
0,20250611::index=14.5.54E+05,36,554.1963218000001,553.192814090524,552.7635374935198
0,20250611::index=14.5.54E+05,43,554.1963218000001,546.1350320878297,545.2604283838236
0,20250611::index=14.5.54E+05,48,554.1963218000001,537.3570071792052,536.7215632226765
0,20250611::index=14.5.54E+05,50,554.1963218000001,552.8261006039504,551.9085620740069
0,20250611::index=14.5.54E+05,51,554.1963218000001,562.6927315801062,561.5540131381642
0,20250611::index=14.5.54E+05,54,554.1963218000001,546.0320674197177,544.7420918131302
0,20250611::index=14.5.54E+05,57,554.1963218000001,543.5528497474774,542.7046437288132
0,20250611::index=14.5.54E+05,58,554.1963218000001,519.1185588748972,518.4579613096109
0,20250618::index=14.562158,8,562.1587854,553.5576758422342,552.5516516390734
0,20250618::index=14.562158,9,562.1587854,563.9722215419833,563.4986148763998
0,20250618::index=14.562158,10,562.1587854,559.5728719093939,559.2955475889808
0,20250618::index=14.562158,14,562.1587854,571.2000744813058,570.9552225456453
0,20250618::index=14.562158,29,562.1587854,550.1903630874006,549.1031030013941
0,20250618::index=14.562158,30,562.1587854,564.292616695965,563.7243146168315
0,20250618::index=14.562158,33,562.1587854,559.8646399484651,559.5018260078234
0,20250618::index=14.562158,36,562.1587854,584.8036102132073,584.787075419047
0,20250618::index=14.562158,43,562.1587854,575.9263909547536,575.8972782246503
0,20250618::index=14.562158,48,562.1587854,530.5393235897508,530.4074448023753
0,20250618::index=14.562158,50,562.1587854,560.3918157898615,560.2087380776277
0,20250618::index=14.562158,51,562.1587854,559.8637714064084,558.9809536304103
0,20250618::index=14.562158,54,562.1587854,549.8809621189306,549.1748186981966
0,20250618::index=14.562158,57,562.1587854,555.7759447307288,555.4096737929776
0,20250618::index=14.562158,58,562.1587854,576.8319478973253,576.9153624028315
0,20250611::index=4.5.76E+04,2,57.59331665,92.978011404442,92.34737398556625
0,20250611::index=4.5.76E+04,3,57.59331665,85.91320768062029,85.70427819838942
0,20250611::index=4.5.76E+04,6,57.59331665,77.7153929018237,77.18779380156997
0,20250611::index=4.5.76E+04,11,57.59331665,71.04419129678952,71.05149943302665
0,20250611::index=4.5.76E+04,13,57.59331665,77.82510018455633,77.03426582053413
0,20250611::index=4.5.76E+04,15,57.59331665,78.33141611678516,78.08187009003997
0,20250611::index=4.5.76E+04,18,57.59331665,83.25864445922193,83.10079933302282
0,20250611::index=4.5.76E+04,33,57.59331665,80.04928413134107,79.66317420549406
0,20250611::index=4.5.76E+04,38,57.59331665,82.22718368088542,81.89048306463516
0,20250611::index=4.5.76E+04,41,57.59331665,89.11282306390417,89.89287788523653
0,20250611::index=4.5.76E+04,42,57.59331665,72.81032511717993,71.66422897159575
0,20250611::index=4.5.76E+04,44,57.59331665,73.58006775142404,72.80065342884123
0,20250611::index=4.5.76E+04,46,57.59331665,91.03841553586088,90.95009234611922
0,20250611::index=4.5.76E+04,54,57.59331665,77.08291203836221,76.02887233623
0,20250611::index=4.5.76E+04,55,57.59331665,96.79924107629668,97.08581526413968
0,20250618::index=4.58389,2,58.38985471,110.67467274935012,109.99834284361849
0,20250618::index=4.58389,3,58.38985471,108.28275930051169,107.48700202323208
0,20250618::index=4.58389,6,58.38985471,96.1893672532936,96.0103326624679
0,20250618::index=4.58389,11,58.38985471,95.65980877977,95.31970221292954
0,20250618::index=4.58389,13,58.38985471,84.73501968404572,84.03166848316391
0,20250618::index=4.58389,15,58.38985471,91.56092127319113,91.54661073262974
0,20250618::index=4.58389,18,58.38985471,86.21302780879421,85.98273492778486
0,20250618::index=4.58389,33,58.38985471,86.04943907187544,85.43593819856439
0,20250618::index=4.58389,38,58.38985471,106.43537294464416,106.90892414005967
0,20250618::index=4.58389,41,58.38985471,87.70600336057939,87.85325094295624
0,20250618::index=4.58389,42,58.38985471,95.0075313656612,94.67673362258945
0,20250618::index=4.58389,44,58.38985471,107.27619027523303,107.75451052569399
0,20250618::index=4.58389,46,58.38985471,88.22760895742222,87.54058693125391
0,20250618::index=4.58389,54,58.38985471,80.46282201624513,80.10398445638486
0,20250618::index=4.58389,55,58.38985471,74.4926003600653,75.01526770567762
0,20250611::index=15.6.24E+05,3,624.4425514,660.712360181608,659.9665367058752
0,20250611::index=15.6.24E+05,4,624.4425514,620.2000852084656,618.8329802449198
0,20250611::index=15.6.24E+05,11,624.4425514,637.2639022828205,636.6989553700703
0,20250611::index=15.6.24E+05,13,624.4425514,584.3314194690852,584.038849100917
0,20250611::index=15.6.24E+05,14,624.4425514,610.6435047770512,608.8275484799134
0,20250611::index=15.6.24E+05,18,624.4425514,609.5406088883576,608.4045060614656
0,20250611::index=15.6.24E+05,19,624.4425514,621.3120580383777,619.8727019328276
0,20250611::index=15.6.24E+05,27,624.4425514,621.7365488320869,621.7777507633225
0,20250611::index=15.6.24E+05,39,624.4425514,620.7663685587178,620.1838913853891
0,20250611::index=15.6.24E+05,43,624.4425514,641.7429549714636,640.8710817674207
0,20250611::index=15.6.24E+05,46,624.4425514,622.3334851406438,622.5747919988252
0,20250611::index=15.6.24E+05,51,624.4425514,617.1474168556174,616.1539320808795
0,20250611::index=15.6.24E+05,55,624.4425514,625.8072956081305,624.4420877343044
0,20250611::index=15.6.24E+05,57,624.4425514,609.3304916208535,608.9477928267834
0,20250611::index=15.6.24E+05,58,624.4425514,620.4848205049025,619.1252580540859
0,20250618::index=15.633482,3,633.482536,633.17073087671,632.6523403557075
0,20250618::index=15.633482,4,633.482536,630.4111332174098,629.776767560934
0,20250618::index=15.633482,11,633.482536,637.2354608587865,636.2503824158579
0,20250618::index=15.633482,13,633.482536,607.2970769080222,606.9833797956012
0,20250618::index=15.633482,14,633.482536,635.1926360919983,634.3371782330408
0,20250618::index=15.633482,18,633.482536,611.9115238294625,611.3412739541731
0,20250618::index=15.633482,19,633.482536,638.1312372480623,638.1366931703999
0,20250618::index=15.633482,27,633.482536,605.2901663524539,604.6775340012907
0,20250618::index=15.633482,39,633.482536,585.3771111561817,584.8545118271352
0,20250618::index=15.633482,43,633.482536,645.4024758630009,644.5536703151963
0,20250618::index=15.633482,46,633.482536,667.0118803463573,665.6264567511445
0,20250618::index=15.633482,51,633.482536,689.1958205476849,688.5670531817663
0,20250618::index=15.633482,55,633.482536,605.1612318542753,605.4197759750462
0,20250618::index=15.633482,57,633.482536,640.5991452009615,640.8208810684044
0,20250618::index=15.633482,58,633.482536,636.4098869577069,636.2623056255921
0,20250611::index=16.6.98E+05,2,698.421296,669.4430962056452,668.0435958135874
0,20250611::index=16.6.98E+05,6,698.421296,708.4977281045781,707.0843676631
0,20250611::index=16.6.98E+05,9,698.421296,677.1191439350353,675.1170388394928
0,20250611::index=16.6.98E+05,10,698.421296,675.320937922113,674.3761842248558
0,20250611::index=16.6.98E+05,13,698.421296,700.5499084049004,699.891551381817
0,20250611::index=16.6.98E+05,17,698.421296,693.5899389780203,692.110160097152
0,20250611::index=16.6.98E+05,35,698.421296,689.4933508819859,688.4636616599465
0,20250611::index=16.6.98E+05,37,698.421296,692.0603046335141,691.0315552555167
0,20250611::index=16.6.98E+05,39,698.421296,696.991883993045,697.2918800919306
0,20250611::index=16.6.98E+05,40,698.421296,704.1855134249167,702.8877941509861
0,20250611::index=16.6.98E+05,46,698.421296,738.083347807943,738.0819248305792
0,20250611::index=16.6.98E+05,47,698.421296,704.2968145025624,703.579394423444
0,20250611::index=16.6.98E+05,52,698.421296,753.2560085900994,752.9539561126376
0,20250611::index=16.6.98E+05,55,698.421296,691.8658178479923,692.2861718830551
0,20250611::index=16.6.98E+05,57,698.421296,697.2550166220132,696.3661874852758
0,20250618::index=16.709792,2,709.7927143,706.6389280967674,707.0974801814729
0,20250618::index=16.709792,6,709.7927143,733.6286862004825,731.7423339031174
0,20250618::index=16.709792,9,709.7927143,701.0132883192621,700.2292209311945
0,20250618::index=16.709792,10,709.7927143,745.2213640834758,743.6133903368143
0,20250618::index=16.709792,13,709.7927143,716.2579729844285,715.193104567683
0,20250618::index=16.709792,17,709.7927143,725.7130842215562,726.2115214349727
0,20250618::index=16.709792,35,709.7927143,705.5078723823415,704.8310875346602
0,20250618::index=16.709792,37,709.7927143,706.0662347428397,705.3696130992153
0,20250618::index=16.709792,39,709.7927143,692.1444910882581,690.7902410235733
0,20250618::index=16.709792,40,709.7927143,739.5480136265267,738.7870041175108
0,20250618::index=16.709792,46,709.7927143,753.9424232069957,753.1409480383188
0,20250618::index=16.709792,47,709.7927143,722.9067352169164,722.4779517011668
0,20250618::index=16.709792,52,709.7927143,713.4282648416773,713.8637523497083
0,20250618::index=16.709792,55,709.7927143,706.8700394058845,706.0222816189564
0,20250618::index=16.709792,57,709.7927143,670.1004412158895,670.806530514782
0,20250611::index=17.7.77E+05,5,776.6472223000001,767.4577978430774,767.7545905253602
0,20250611::index=17.7.77E+05,6,776.6472223000001,789.8369319445233,789.0160390825397
0,20250611::index=17.7.77E+05,7,776.6472223000001,772.360631664946,771.3548071165395
0,20250611::index=17.7.77E+05,8,776.6472223000001,781.690439238931,780.9338333489201
0,20250611::index=17.7.77E+05,10,776.6472223000001,773.9385937727537,773.633596399434
0,20250611::index=17.7.77E+05,14,776.6472223000001,765.6635949678201,764.2345225003882
0,20250611::index=17.7.77E+05,19,776.6472223000001,792.0438765630944,790.0218019972698
0,20250611::index=17.7.77E+05,24,776.6472223000001,773.7437143664663,772.9244481302185
0,20250611::index=17.7.77E+05,26,776.6472223000001,772.1469481739146,771.2682545005638
0,20250611::index=17.7.77E+05,31,776.6472223000001,798.2631916373459,798.1203369525444
0,20250611::index=17.7.77E+05,41,776.6472223000001,774.7313574345167,773.3898927779223
0,20250611::index=17.7.77E+05,52,776.6472223000001,797.5538765120632,797.5381182612873
0,20250611::index=17.7.77E+05,53,776.6472223000001,798.3797228627477,798.0031796406905
0,20250611::index=17.7.77E+05,54,776.6472223000001,768.1627568339816,767.4152014943529
0,20250611::index=17.7.77E+05,55,776.6472223000001,775.2324185822742,773.7979811098841
0,20250618::index=17.789500,5,789.5001968,774.6517648107243,774.0271539860174
0,20250618::index=17.789500,6,789.5001968,821.2916275427468,820.3095935773454
0,20250618::index=17.789500,7,789.5001968,751.7245208562407,751.5975597343163
0,20250618::index=17.789500,8,789.5001968,721.8094561621109,721.4964643915462
0,20250618::index=17.789500,10,789.5001968,753.5526381352821,752.4371709609001
0,20250618::index=17.789500,14,789.5001968,839.960759618495,839.053776390486
0,20250618::index=17.789500,19,789.5001968,805.497623915051,804.5064083330117
0,20250618::index=17.789500,24,789.5001968,768.3210622631578,766.603939744202
0,20250618::index=17.789500,26,789.5001968,837.9568889461689,836.8369385289159
0,20250618::index=17.789500,31,789.5001968,765.3967965846931,765.6703860354255
0,20250618::index=17.789500,41,789.5001968,751.5247933328801,750.3413327237306
0,20250618::index=17.789500,52,789.5001968,766.0205754730645,765.4019127107031
0,20250618::index=17.789500,53,789.5001968,768.8151175722921,768.4535037142272
0,20250618::index=17.789500,54,789.5001968,804.082535077592,803.0409729138587
0,20250618::index=17.789500,55,789.5001968,798.8548914950419,797.3862736678122
0,20250611::index=18.8.59E+05,0,859.3439142,843.9478471024545,842.2739336778179
0,20250611::index=18.8.59E+05,5,859.3439142,835.046118131399,834.2346808830173
0,20250611::index=18.8.59E+05,14,859.3439142,851.4092568276322,850.3716320317086
0,20250611::index=18.8.59E+05,18,859.3439142,822.6134354483103,821.6290489984253
0,20250611::index=18.8.59E+05,19,859.3439142,842.0043744853218,840.6764657442868
0,20250611::index=18.8.59E+05,21,859.3439142,843.1423909275726,842.4753693964527
0,20250611::index=18.8.59E+05,26,859.3439142,846.0518095179273,845.3323557945228
0,20250611::index=18.8.59E+05,27,859.3439142,853.4539863906354,852.320297223899
0,20250611::index=18.8.59E+05,32,859.3439142,848.5254568701774,848.6102337923522
0,20250611::index=18.8.59E+05,36,859.3439142,846.6626412312721,845.5445660206998
0,20250611::index=18.8.59E+05,43,859.3439142,799.2886085578751,798.3039178488992
0,20250611::index=18.8.59E+05,53,859.3439142,848.5384035629519,846.9449725687406
0,20250611::index=18.8.59E+05,54,859.3439142,844.098527524153,842.3319004564582
0,20250611::index=18.8.59E+05,56,859.3439142,848.1846371358437,847.6582607028249
0,20250611::index=18.8.59E+05,57,859.3439142,847.0297866851395,845.6364615846746
0,20250618::index=18.873637,0,873.6370359,855.130828386663,854.5132380173039
0,20250618::index=18.873637,5,873.6370359,855.6631132540393,854.9135658954746
0,20250618::index=18.873637,14,873.6370359,857.1366915454742,857.2213412241506
0,20250618::index=18.873637,18,873.6370359,856.5019699056166,854.6190059174896
0,20250618::index=18.873637,19,873.6370359,846.8561821121019,845.0573555948974
0,20250618::index=18.873637,21,873.6370359,848.483784825067,847.0997330267284
0,20250618::index=18.873637,26,873.6370359,869.646222247023,867.9463255013527
0,20250618::index=18.873637,27,873.6370359,842.6978438895292,841.1676073532918
0,20250618::index=18.873637,32,873.6370359,853.2848026347785,853.0020712197281
0,20250618::index=18.873637,36,873.6370359,844.4102807514092,843.4378290216869
0,20250618::index=18.873637,43,873.6370359,850.9558553578527,849.8276474838231
0,20250618::index=18.873637,53,873.6370359,849.8890988614232,849.9315797958573
0,20250618::index=18.873637,54,873.6370359,840.2700713704183,838.7461013474596
0,20250618::index=18.873637,56,873.6370359,860.2361899691031,858.9311800685815
0,20250618::index=18.873637,57,873.6370359,843.8177321906903,843.1011052413508
-4,20250618::index=1.0,0,-1.42e-09,135.6121671073248,135.2923410364071
-4,20250618::index=1.0,3,-1.42e-09,144.27555454749844,143.85758446792747
-4,20250618::index=1.0,5,-1.42e-09,141.88369430543165,141.7065859870563
-4,20250618::index=1.0,12,-1.42e-09,119.55356768384644,119.26367269027928
-4,20250618::index=1.0,13,-1.42e-09,128.9280964298786,127.48723063210473
-4,20250618::index=1.0,31,-1.42e-09,131.98842319208617,131.49343800064187
-4,20250618::index=1.0,33,-1.42e-09,151.8766607640558,152.2406366715721
-4,20250618::index=1.0,36,-1.42e-09,130.0801815086548,129.20783057320037
-4,20250618::index=1.0,45,-1.42e-09,127.76145335903412,127.95534091151656
-4,20250618::index=1.0,46,-1.42e-09,136.06931066656645,135.92021929763735
-4,20250618::index=1.0,48,-1.42e-09,132.91813959342483,132.5817148890155
-4,20250618::index=1.0,50,-1.42e-09,124.63924470567835,124.82151435719531
-4,20250618::index=1.0,52,-1.42e-09,132.83493394156696,132.63954728666886
-4,20250618::index=1.0,54,-1.42e-09,127.9713252664485,128.42617813754256
-4,20250618::index=1.0,57,-1.42e-09,132.09897940889664,132.86410223105582
-4,20250611::index=1.3.28E-04,0,3.280469999999e-07,127.95718209838539,128.40436014707424
-4,20250611::index=1.3.28E-04,3,3.280469999999e-07,119.80381345644028,118.87147344047807
-4,20250611::index=1.3.28E-04,5,3.280469999999e-07,169.1167044021969,167.5650005103383
-4,20250611::index=1.3.28E-04,12,3.280469999999e-07,79.94726697347775,78.22545920048854
-4,20250611::index=1.3.28E-04,13,3.280469999999e-07,125.06428310450781,123.38161519272258
-4,20250611::index=1.3.28E-04,31,3.280469999999e-07,125.25486783225783,124.26642224073463
-4,20250611::index=1.3.28E-04,33,3.280469999999e-07,81.86666450162797,80.19668456566605
-4,20250611::index=1.3.28E-04,36,3.280469999999e-07,150.7013550524793,149.3964711235945
-4,20250611::index=1.3.28E-04,45,3.280469999999e-07,126.17941050953016,124.73245251382289
-4,20250611::index=1.3.28E-04,46,3.280469999999e-07,141.95168986935238,142.28780537243426
-4,20250611::index=1.3.28E-04,48,3.280469999999e-07,132.78758413178633,131.6623782052177
-4,20250611::index=1.3.28E-04,50,3.280469999999e-07,102.06676936928463,101.16765223011173
-4,20250611::index=1.3.28E-04,52,3.280469999999e-07,118.57013908915832,117.64840610587302
-4,20250611::index=1.3.28E-04,54,3.280469999999e-07,79.41894216944247,77.6948180847069
-4,20250611::index=1.3.28E-04,57,3.280469999999e-07,114.30076120677296,112.88038351939272
-4,20250611::index=5.1.11E+05,17,111.2647017,94.31797488029956,93.94421162292392
-4,20250611::index=5.1.11E+05,19,111.2647017,88.20697562989662,87.41671148142301
-4,20250611::index=5.1.11E+05,21,111.2647017,85.68450021910134,85.0663363657091
-4,20250611::index=5.1.11E+05,23,111.2647017,97.52236079541504,97.86327003268643
-4,20250611::index=5.1.11E+05,28,111.2647017,80.26322070083985,80.78906880410027
-4,20250611::index=5.1.11E+05,34,111.2647017,91.993255173056,91.56684535304306
-4,20250611::index=5.1.11E+05,35,111.2647017,134.21691781250448,133.70181775064484
-4,20250611::index=5.1.11E+05,41,111.2647017,98.27432897819185,98.50613694097335
-4,20250611::index=5.1.11E+05,46,111.2647017,100.67960514448093,100.26146824418937
-4,20250611::index=5.1.11E+05,47,111.2647017,98.05297706113417,97.82582271275689
-4,20250611::index=5.1.11E+05,48,111.2647017,99.6369654749668,100.12186619017992
-4,20250611::index=5.1.11E+05,51,111.2647017,101.6550848205214,102.21541580584382
-4,20250611::index=5.1.11E+05,55,111.2647017,90.76711339537496,91.47117788360309
-4,20250611::index=5.1.11E+05,56,111.2647017,95.00340934265374,94.85353921248485
-4,20250611::index=5.1.11E+05,58,111.2647017,99.55089781627537,99.65844424500341
-4,20250618::index=5.113188,17,113.1882901,125.97690504365488,126.86990702326152
-4,20250618::index=5.113188,19,113.1882901,87.1297802676847,86.94169212689334
-4,20250618::index=5.113188,21,113.1882901,97.28254872162698,97.51616432712434
-4,20250618::index=5.113188,23,113.1882901,95.14562320378649,95.02638061506674
-4,20250618::index=5.113188,28,113.1882901,89.93338376306728,90.31316930486146
-4,20250618::index=5.113188,34,113.1882901,87.46084059631536,87.4665619096606
-4,20250618::index=5.113188,35,113.1882901,97.02430644447348,97.09648645576293
-4,20250618::index=5.113188,41,113.1882901,92.1957551926235,92.88289706087504
-4,20250618::index=5.113188,46,113.1882901,88.63662052172245,88.78344761767289
-4,20250618::index=5.113188,47,113.1882901,84.02010685483086,84.00584952838702
-4,20250618::index=5.113188,48,113.1882901,95.65661391394377,95.6067158437886
-4,20250618::index=5.113188,51,113.1882901,98.93912249735996,98.87412864571046
-4,20250618::index=5.113188,55,113.1882901,102.23727399622496,102.72340662696817
-4,20250618::index=5.113188,56,113.1882901,95.65175048145046,95.84535731042546
-4,20250618::index=5.113188,58,113.1882901,100.5554296631236,100.87271842270776
-4,20250611::index=6.1.44E+05,6,144.32426180000002,92.86836875193158,93.06597593048653
-4,20250611::index=6.1.44E+05,11,144.32426180000002,97.73784984714878,98.08154448760486
-4,20250611::index=6.1.44E+05,13,144.32426180000002,89.93824907907,90.45573631731288
-4,20250611::index=6.1.44E+05,26,144.32426180000002,118.43528085846155,118.07226185564731
-4,20250611::index=6.1.44E+05,31,144.32426180000002,89.4217544774205,90.01472229966376
-4,20250611::index=6.1.44E+05,34,144.32426180000002,91.22812474349703,91.55337824783261
-4,20250611::index=6.1.44E+05,35,144.32426180000002,127.91337278734284,127.12621048148702
-4,20250611::index=6.1.44E+05,36,144.32426180000002,95.06977377918103,95.43020228213571
-4,20250611::index=6.1.44E+05,38,144.32426180000002,118.39404438609725,118.0087664014481
-4,20250611::index=6.1.44E+05,40,144.32426180000002,104.37306770116842,104.94654431293455
-4,20250611::index=6.1.44E+05,46,144.32426180000002,111.06073682504899,111.48403749097295
-4,20250611::index=6.1.44E+05,47,144.32426180000002,89.45298439963811,88.0699536041717
-4,20250611::index=6.1.44E+05,56,144.32426180000002,116.54497480042956,117.55095829257407
-4,20250611::index=6.1.44E+05,58,144.32426180000002,116.92232324206469,116.99621770313789
-4,20250611::index=6.1.44E+05,59,144.32426180000002,114.92735166429904,115.25346369015654
-4,20250618::index=6.146381,6,146.38165049999998,112.94014402536177,113.89390394798305
-4,20250618::index=6.146381,11,146.38165049999998,105.01908379058,104.68777505216
-4,20250618::index=6.146381,13,146.38165049999998,114.13618649774293,115.14180461357874
-4,20250618::index=6.146381,26,146.38165049999998,104.06555485505277,103.83028597268907
-4,20250618::index=6.146381,31,146.38165049999998,102.61638070937492,102.75082849432548
-4,20250618::index=6.146381,34,146.38165049999998,110.45319755804948,110.41433167358558
-4,20250618::index=6.146381,35,146.38165049999998,132.52376936366338,133.16421877719185
-4,20250618::index=6.146381,36,146.38165049999998,117.31536511108935,117.53127894304421
-4,20250618::index=6.146381,38,146.38165049999998,105.00157410863495,104.98392778976975
-4,20250618::index=6.146381,40,146.38165049999998,112.24496083699584,111.94041472345322
-4,20250618::index=6.146381,46,146.38165049999998,108.14312870837438,108.69496158596425
-4,20250618::index=6.146381,47,146.38165049999998,98.53780408299276,99.04286410949148
-4,20250618::index=6.146381,56,146.38165049999998,112.668184044109,113.35558422744295
-4,20250618::index=6.146381,58,146.38165049999998,109.36746245903386,109.7389065509357
-4,20250618::index=6.146381,59,146.38165049999998,102.07326508055432,102.56509836162623
-4,20250611::index=7.1.81E+05,4,181.378003,109.07422060825996,109.49995236368557
-4,20250611::index=7.1.81E+05,5,181.378003,98.67337918318051,98.47095255953931
-4,20250611::index=7.1.81E+05,10,181.378003,106.07717556830254,105.76335059354278
-4,20250611::index=7.1.81E+05,15,181.378003,118.45072789708924,117.81410797362025
-4,20250611::index=7.1.81E+05,18,181.378003,116.22722339207559,117.45448557835326
-4,20250611::index=7.1.81E+05,20,181.378003,126.04567416004267,126.07292658662152
-4,20250611::index=7.1.81E+05,26,181.378003,118.25699523784813,117.91963256590975
-4,20250611::index=7.1.81E+05,28,181.378003,108.79909179291276,108.11531111094845
-4,20250611::index=7.1.81E+05,33,181.378003,104.63843983072331,104.93345866201487
-4,20250611::index=7.1.81E+05,37,181.378003,99.5063833771622,100.30214336614506
-4,20250611::index=7.1.81E+05,41,181.378003,97.49156201922243,97.98713943028612
-4,20250611::index=7.1.81E+05,44,181.378003,103.35810606946535,103.76755435956326
-4,20250611::index=7.1.81E+05,56,181.378003,107.53155178414744,107.82134192569934
-4,20250611::index=7.1.81E+05,57,181.378003,131.97405508092075,132.51633505129752
-4,20250611::index=7.1.81E+05,58,181.378003,122.16641813563548,122.95517401976433
-4,20250618::index=7.184190,4,184.1909699,129.07458260909854,130.06804742831494
-4,20250618::index=7.184190,5,184.1909699,135.63940589257493,136.9035686789045
-4,20250618::index=7.184190,10,184.1909699,115.53919791732854,115.93199053731837
-4,20250618::index=7.184190,15,184.1909699,130.78362214271053,131.708397578183
-4,20250618::index=7.184190,18,184.1909699,140.0160358060471,140.64657673569494
-4,20250618::index=7.184190,20,184.1909699,127.15705473604932,128.1941120498344
-4,20250618::index=7.184190,26,184.1909699,123.21152724686081,123.85321711912236
-4,20250618::index=7.184190,28,184.1909699,149.8207015171079,150.89916208620596
-4,20250618::index=7.184190,33,184.1909699,178.70721042544588,178.74108889171566
-4,20250618::index=7.184190,37,184.1909699,137.95176169785316,138.53106929179847
-4,20250618::index=7.184190,41,184.1909699,169.78627768625097,170.58828410646868
-4,20250618::index=7.184190,44,184.1909699,147.1957290313468,147.153083119343
-4,20250618::index=7.184190,56,184.1909699,155.29711435468585,155.4034327630934
-4,20250618::index=7.184190,57,184.1909699,153.37367116507096,154.13298844918168
-4,20250618::index=7.184190,58,184.1909699,151.07949895403476,151.84495170498496
-4,20250611::index=3.2.10E+04,1,20.97971604,79.08204302884965,78.13590735941277
-4,20250611::index=3.2.10E+04,6,20.97971604,96.77724964652408,96.12460185368884
-4,20250611::index=3.2.10E+04,11,20.97971604,110.8281905764894,109.4850723451057
-4,20250611::index=3.2.10E+04,22,20.97971604,92.28001879013786,91.03306774496141
-4,20250611::index=3.2.10E+04,28,20.97971604,74.42603835546947,73.84209839668249
-4,20250611::index=3.2.10E+04,33,20.97971604,94.73994542929304,94.39583022421456
-4,20250611::index=3.2.10E+04,34,20.97971604,83.35969073755452,83.01583689450152
-4,20250611::index=3.2.10E+04,36,20.97971604,59.232946363420396,58.5128855717493
-4,20250611::index=3.2.10E+04,41,20.97971604,80.67737559279288,80.77632691179777
-4,20250611::index=3.2.10E+04,42,20.97971604,74.13024747624193,74.09614560722123
-4,20250611::index=3.2.10E+04,52,20.97971604,85.15085899004477,84.02896591616279
-4,20250611::index=3.2.10E+04,54,20.97971604,98.1030486788754,98.9121226084615
-4,20250611::index=3.2.10E+04,56,20.97971604,87.45469478117393,87.1606499757975
-4,20250611::index=3.2.10E+04,57,20.97971604,97.89356075715142,97.18623677672784
-4,20250611::index=3.2.10E+04,59,20.97971604,89.78843944063918,89.91641242647806
-4,20250618::index=3.21242,1,21.24286319,133.13842136904663,132.33551108673225
-4,20250618::index=3.21242,6,21.24286319,125.25606328493653,123.99146731720901
-4,20250618::index=3.21242,11,21.24286319,121.79432320318224,120.88049625557022
-4,20250618::index=3.21242,22,21.24286319,133.97517867054574,133.82630741572444
-4,20250618::index=3.21242,28,21.24286319,110.71314219051469,110.32311190956838
-4,20250618::index=3.21242,33,21.24286319,136.88195621610757,136.19491869309914
-4,20250618::index=3.21242,34,21.24286319,122.72840157013333,122.71585974752612
-4,20250618::index=3.21242,36,21.24286319,130.33095269127804,130.52504146945077
-4,20250618::index=3.21242,41,21.24286319,125.44120985419289,124.33307599586229
-4,20250618::index=3.21242,42,21.24286319,123.60732303435776,123.43004315886455
-4,20250618::index=3.21242,52,21.24286319,131.03099559273204,130.05027937782992
-4,20250618::index=3.21242,54,21.24286319,128.2623607584449,128.58976517779635
-4,20250618::index=3.21242,56,21.24286319,132.5561995543741,131.66429700962837
-4,20250618::index=3.21242,57,21.24286319,133.80072062170208,132.55884504712463
-4,20250618::index=3.21242,59,21.24286319,125.14695635209698,125.39901978564811
-4,20250611::index=8.2.22E+05,0,221.5051102,121.43038129772935,121.57614293383219
-4,20250611::index=8.2.22E+05,4,221.5051102,136.55036104282533,138.02127879101522
-4,20250611::index=8.2.22E+05,6,221.5051102,131.41286534120854,130.8898580395091
-4,20250611::index=8.2.22E+05,9,221.5051102,142.61945780028645,142.3829999439078
-4,20250611::index=8.2.22E+05,13,221.5051102,134.38304081431627,135.02634722688293
-4,20250611::index=8.2.22E+05,15,221.5051102,144.3927483515374,144.97966417565615
-4,20250611::index=8.2.22E+05,17,221.5051102,150.6766338219347,151.0005340007465
-4,20250611::index=8.2.22E+05,22,221.5051102,125.83318048159619,125.68553332296472
-4,20250611::index=8.2.22E+05,24,221.5051102,141.40464562687907,141.42076125226376
-4,20250611::index=8.2.22E+05,28,221.5051102,142.7828402832222,142.53586400295197
-4,20250611::index=8.2.22E+05,31,221.5051102,148.57578566546383,149.24500238983586
-4,20250611::index=8.2.22E+05,39,221.5051102,162.05874362677795,162.99802380248204
-4,20250611::index=8.2.22E+05,40,221.5051102,134.38169757914585,135.11693125439663
-4,20250611::index=8.2.22E+05,50,221.5051102,133.59474106371863,133.89576098969724
-4,20250611::index=8.2.22E+05,59,221.5051102,128.66298060760056,129.18559975550812
-4,20250618::index=8.225704,0,225.70496179999998,141.3123445406739,141.47777579886144
-4,20250618::index=8.225704,4,225.70496179999998,187.61872151217656,188.48460429867907
-4,20250618::index=8.225704,6,225.70496179999998,157.92213990943407,158.7686730153206
-4,20250618::index=8.225704,9,225.70496179999998,148.85231185881617,149.74153355831353
-4,20250618::index=8.225704,13,225.70496179999998,267.47571963864925,266.5213766972802
-4,20250618::index=8.225704,15,225.70496179999998,163.25814075914107,164.2508728018008
-4,20250618::index=8.225704,17,225.70496179999998,164.09486496668407,164.41101032531017
-4,20250618::index=8.225704,22,225.70496179999998,166.4550608801677,166.96174120769473
-4,20250618::index=8.225704,24,225.70496179999998,146.83355456535855,146.9683701505199
-4,20250618::index=8.225704,28,225.70496179999998,166.30046408364905,166.0890728932356
-4,20250618::index=8.225704,31,225.70496179999998,146.2385556651284,146.6339733127706
-4,20250618::index=8.225704,39,225.70496179999998,197.85670103967144,198.3220649108902
-4,20250618::index=8.225704,40,225.70496179999998,175.0039707252092,175.60478067881226
-4,20250618::index=8.225704,50,225.70496179999998,268.4403915724628,269.86319096358017
-4,20250618::index=8.225704,59,225.70496179999998,169.0648132628529,170.4795627379728
-4,20250611::index=2.2.36E+03,0,2.35533535,74.38453580688419,73.58957379594706
-4,20250611::index=2.2.36E+03,2,2.35533535,93.70646795934064,93.90420136381087
-4,20250611::index=2.2.36E+03,3,2.35533535,74.7325601212838,74.00464540917015
-4,20250611::index=2.2.36E+03,14,2.35533535,132.62590232853552,130.5663075432048
-4,20250611::index=2.2.36E+03,21,2.35533535,106.81954919963032,105.38687757247564
-4,20250611::index=2.2.36E+03,23,2.35533535,80.06057665845478,79.23586304877402
-4,20250611::index=2.2.36E+03,29,2.35533535,88.2646653776468,87.73961334514719
-4,20250611::index=2.2.36E+03,36,2.35533535,75.56335697532761,74.10047833058866
-4,20250611::index=2.2.36E+03,37,2.35533535,87.3259520471831,87.58008849419393
-4,20250611::index=2.2.36E+03,44,2.35533535,85.0306077751154,84.53893097649926
-4,20250611::index=2.2.36E+03,47,2.35533535,88.33255140056,86.94696783854553
-4,20250611::index=2.2.36E+03,48,2.35533535,77.0918234328571,76.7133327897769
-4,20250611::index=2.2.36E+03,54,2.35533535,90.01108546598189,89.08838967062499
-4,20250611::index=2.2.36E+03,55,2.35533535,83.86215589034991,83.92024465305104
-4,20250611::index=2.2.36E+03,59,2.35533535,92.15091043473313,91.82428027330502
-4,20250618::index=2.2380,0,2.380025286,125.76603834171432,125.89354363824535
-4,20250618::index=2.2380,2,2.380025286,132.3532395540453,132.69961563724178
-4,20250618::index=2.2380,3,2.380025286,118.3613065895684,118.02170662808145
-4,20250618::index=2.2380,14,2.380025286,123.08388808188836,123.13820012737443
-4,20250618::index=2.2380,21,2.380025286,104.65032386051227,104.59508150472969
-4,20250618::index=2.2380,23,2.380025286,127.63416754864832,128.42084921464172
-4,20250618::index=2.2380,29,2.380025286,124.46562451781554,124.81852112801859
-4,20250618::index=2.2380,36,2.380025286,120.6712236320582,119.73319083209306
-4,20250618::index=2.2380,37,2.380025286,130.1110826060974,130.3499977596328
-4,20250618::index=2.2380,44,2.380025286,130.25302032218195,129.87031935074916
-4,20250618::index=2.2380,47,2.380025286,130.45520584506417,130.64636250495116
-4,20250618::index=2.2380,48,2.380025286,136.8721203695793,135.81302740279128
-4,20250618::index=2.2380,54,2.380025286,130.53402798634755,130.34646014055582
-4,20250618::index=2.2380,55,2.380025286,130.16528769205806,130.54981492121195
-4,20250618::index=2.2380,59,2.380025286,131.8786072081328,132.377501164708
-4,20250611::index=9.2.67E+05,3,266.90769650000004,279.4753427647791,279.5410965119387
-4,20250611::index=9.2.67E+05,6,266.90769650000004,273.5842896239294,273.23958067644884
-4,20250611::index=9.2.67E+05,7,266.90769650000004,291.70345222882304,291.9169183053804
-4,20250611::index=9.2.67E+05,15,266.90769650000004,159.39525897671433,158.6299708210884
-4,20250611::index=9.2.67E+05,18,266.90769650000004,269.35796126893035,268.554449731609
-4,20250611::index=9.2.67E+05,21,266.90769650000004,147.2886667154876,146.30015669233347
-4,20250611::index=9.2.67E+05,26,266.90769650000004,264.89428800448746,263.22607399761336
-4,20250611::index=9.2.67E+05,27,266.90769650000004,145.63348974550772,146.5695285628488
-4,20250611::index=9.2.67E+05,29,266.90769650000004,260.1384894537872,258.8407235234231
-4,20250611::index=9.2.67E+05,30,266.90769650000004,274.5939433828901,273.199118186389
-4,20250611::index=9.2.67E+05,31,266.90769650000004,250.9514174938891,249.09367917826793
-4,20250611::index=9.2.67E+05,41,266.90769650000004,186.97140647448254,183.2626864827514
-4,20250611::index=9.2.67E+05,45,266.90769650000004,125.28050147484439,125.19746121225252
-4,20250611::index=9.2.67E+05,51,266.90769650000004,254.3169059251833,250.81313224121521
-4,20250611::index=9.2.67E+05,53,266.90769650000004,286.12172584922433,286.4226817201313
-4,20250618::index=9.271677,3,271.6776816,216.4732107512994,214.89827692210574
-4,20250618::index=9.271677,6,271.6776816,252.61718206226402,251.73788268808627
-4,20250618::index=9.271677,7,271.6776816,187.55495736747812,189.44522325135435
-4,20250618::index=9.271677,15,271.6776816,302.5546563826192,300.7634556277471
-4,20250618::index=9.271677,18,271.6776816,203.51101374912636,204.78888643897398
-4,20250618::index=9.271677,21,271.6776816,236.0061531721281,236.22443423415103
-4,20250618::index=9.271677,26,271.6776816,179.7020049635453,180.2724705449221
-4,20250618::index=9.271677,27,271.6776816,156.8710032607603,157.60761068882826
-4,20250618::index=9.271677,29,271.6776816,177.61008093180348,178.03387084286294
-4,20250618::index=9.271677,30,271.6776816,176.70865823413547,177.47024988394153
-4,20250618::index=9.271677,31,271.6776816,151.62549363914405,152.51788263873436
-4,20250618::index=9.271677,41,271.6776816,245.45913579141893,245.59377550480903
-4,20250618::index=9.271677,45,271.6776816,279.27047827924935,278.4358973080045
-4,20250618::index=9.271677,51,271.6776816,155.96310679531362,155.3362563402167
-4,20250618::index=9.271677,53,271.6776816,148.58305510594974,148.91107858622465
-4,20250611::index=10.3.15E+05,2,315.4661173,281.1091080800281,279.66527810399606
-4,20250611::index=10.3.15E+05,4,315.4661173,255.03994410669998,253.28999712553713
-4,20250611::index=10.3.15E+05,10,315.4661173,306.6991546487517,306.63086839938694
-4,20250611::index=10.3.15E+05,18,315.4661173,275.1525339888778,271.52173766191834
-4,20250611::index=10.3.15E+05,21,315.4661173,124.25785759139758,123.99858632749199
-4,20250611::index=10.3.15E+05,27,315.4661173,301.4250380469789,300.53547503979087
-4,20250611::index=10.3.15E+05,29,315.4661173,272.10431117393284,270.3410210749497
-4,20250611::index=10.3.15E+05,31,315.4661173,288.1950240095084,288.00779860307324
-4,20250611::index=10.3.15E+05,40,315.4661173,323.1136609480296,322.82497982382813
-4,20250611::index=10.3.15E+05,45,315.4661173,329.6604686692409,329.1467476737215
-4,20250611::index=10.3.15E+05,47,315.4661173,331.1413702505223,329.9346692509164
-4,20250611::index=10.3.15E+05,48,315.4661173,317.69308116422735,317.66259732221886
-4,20250611::index=10.3.15E+05,50,315.4661173,331.89641243459926,331.15544207383357
-4,20250611::index=10.3.15E+05,53,315.4661173,271.5698913963415,269.5439665955267
-4,20250611::index=10.3.15E+05,55,315.4661173,311.9966224538553,311.3701709806296
-4,20250618::index=10.322114,2,322.1142428,326.7123478577902,324.73679845819765
-4,20250618::index=10.322114,4,322.1142428,318.28275837853494,318.2810465350322
-4,20250618::index=10.322114,10,322.1142428,281.573778739288,281.5040590303459
-4,20250618::index=10.322114,18,322.1142428,323.2240138270009,322.85296361061825
-4,20250618::index=10.322114,21,322.1142428,266.37626509174413,264.97411552141597
-4,20250618::index=10.322114,27,322.1142428,222.34543195409378,224.75374647352598
-4,20250618::index=10.322114,29,322.1142428,140.40068466325366,140.77188315872866
-4,20250618::index=10.322114,31,322.1142428,196.724420894464,197.47808199454718
-4,20250618::index=10.322114,40,322.1142428,155.72697420832512,157.22427388822527
-4,20250618::index=10.322114,45,322.1142428,196.00876161196484,196.03838647018063
-4,20250618::index=10.322114,47,322.1142428,165.05653642875632,166.41359733253083
-4,20250618::index=10.322114,48,322.1142428,209.20706481185158,209.99701990254215
-4,20250618::index=10.322114,50,322.1142428,146.4821466129913,147.36470211045278
-4,20250618::index=10.322114,53,322.1142428,155.94785215045286,155.52676258973418
-4,20250618::index=10.322114,55,322.1142428,164.41838155959988,164.95900721332472
-4,20250611::index=11.3.69E+05,1,368.97810499999997,370.6214538050436,370.23907125525466
-4,20250611::index=11.3.69E+05,5,368.97810499999997,390.2053792070238,389.8445049339532
-4,20250611::index=11.3.69E+05,15,368.97810499999997,370.3851362655984,370.1193600005731
-4,20250611::index=11.3.69E+05,17,368.97810499999997,370.69650515357125,370.5031570196934
-4,20250611::index=11.3.69E+05,20,368.97810499999997,377.4093112781774,377.29023496785936
-4,20250611::index=11.3.69E+05,31,368.97810499999997,391.1405512210432,389.6013451765868
-4,20250611::index=11.3.69E+05,37,368.97810499999997,386.8464947023889,385.8403556187637
-4,20250611::index=11.3.69E+05,44,368.97810499999997,337.255391361211,337.4603670074178
-4,20250611::index=11.3.69E+05,45,368.97810499999997,361.5068400769956,361.5170570146637
-4,20250611::index=11.3.69E+05,49,368.97810499999997,349.6516488054056,349.1752424020898
-4,20250611::index=11.3.69E+05,50,368.97810499999997,319.2590492176226,319.28626889823033
-4,20250611::index=11.3.69E+05,53,368.97810499999997,394.2608411786582,393.1516114483088
-4,20250611::index=11.3.69E+05,54,368.97810499999997,364.6813384704688,364.267363308745
-4,20250611::index=11.3.69E+05,55,368.97810499999997,363.42087475040523,363.1793608694131
-4,20250611::index=11.3.69E+05,58,368.97810499999997,362.9368275443218,362.2812154191007
-4,20250618::index=11.376320,1,376.3201201,364.8475057100204,365.05267059946163
-4,20250618::index=11.376320,5,376.3201201,383.4914246799837,383.40197860594776
-4,20250618::index=11.376320,15,376.3201201,353.42099827844373,352.3085345655071
-4,20250618::index=11.376320,17,376.3201201,349.7053380496367,349.42899420163775
-4,20250618::index=11.376320,20,376.3201201,369.8070367916792,369.0534954094504
-4,20250618::index=11.376320,31,376.3201201,282.9883689908311,284.07544416740217
-4,20250618::index=11.376320,37,376.3201201,313.28198551034114,313.38051169139203
-4,20250618::index=11.376320,44,376.3201201,362.58259204499524,362.10998952778255
-4,20250618::index=11.376320,45,376.3201201,382.3998489131903,382.73459210348835
-4,20250618::index=11.376320,49,376.3201201,372.27614608074765,372.5340461411887
-4,20250618::index=11.376320,50,376.3201201,319.05925995250186,318.83480684216846
-4,20250618::index=11.376320,53,376.3201201,364.146325022669,363.92822232421145
-4,20250618::index=11.376320,54,376.3201201,351.7011687762048,350.8193466328237
-4,20250618::index=11.376320,55,376.3201201,378.72053863601457,378.0504848224243
-4,20250618::index=11.376320,58,376.3201201,372.9560069940451,373.0216433012469
-4,20250611::index=12.4.27E+05,3,427.27619500000003,437.6728205398226,437.4918687769617
-4,20250611::index=12.4.27E+05,9,427.27619500000003,430.5824106819016,430.20984733121765
-4,20250611::index=12.4.27E+05,13,427.27619500000003,436.28114931849433,436.54928616421455
-4,20250611::index=12.4.27E+05,15,427.27619500000003,440.3179134651698,439.93340840926084
-4,20250611::index=12.4.27E+05,17,427.27619500000003,436.64859751757774,436.4898576966249
-4,20250611::index=12.4.27E+05,22,427.27619500000003,468.3134398288831,467.6244469398402
-4,20250611::index=12.4.27E+05,28,427.27619500000003,423.73319096530855,422.9069672506379
-4,20250611::index=12.4.27E+05,30,427.27619500000003,420.45449391720354,419.76846296071324
-4,20250611::index=12.4.27E+05,39,427.27619500000003,426.3607951278169,425.79945583441605
-4,20250611::index=12.4.27E+05,42,427.27619500000003,451.8612748530628,451.715205963674
-4,20250611::index=12.4.27E+05,44,427.27619500000003,431.1922041404658,431.03132037861195
-4,20250611::index=12.4.27E+05,46,427.27619500000003,483.1819756302487,482.7502626709059
-4,20250611::index=12.4.27E+05,47,427.27619500000003,455.20235808603314,455.6207943770613
-4,20250611::index=12.4.27E+05,54,427.27619500000003,435.3925999513608,435.3283006359092
-4,20250611::index=12.4.27E+05,57,427.27619500000003,448.6363013571648,448.4657582031012
-4,20250618::index=12.434018,3,434.0180833,394.6303456077787,394.51967866723334
-4,20250618::index=12.434018,9,434.0180833,424.2819327469145,423.78324267354236
-4,20250618::index=12.434018,13,434.0180833,469.1014729109571,468.22933127669745
-4,20250618::index=12.434018,15,434.0180833,411.7057511589661,412.2302841880185
-4,20250618::index=12.434018,17,434.0180833,411.4742659278803,411.246745801709
-4,20250618::index=12.434018,22,434.0180833,394.8915364219114,395.05806807795244
-4,20250618::index=12.434018,28,434.0180833,420.6375856614277,420.8380424138591
-4,20250618::index=12.434018,30,434.0180833,449.0379283696588,448.3884644766403
-4,20250618::index=12.434018,39,434.0180833,373.51986993615293,374.19486212248637
-4,20250618::index=12.434018,42,434.0180833,391.7030811155784,392.6509295786724
-4,20250618::index=12.434018,44,434.0180833,393.12340912497456,393.22170427266985
-4,20250618::index=12.434018,46,434.0180833,434.6010932581011,434.7760225933174
-4,20250618::index=12.434018,47,434.0180833,470.7488190660653,470.5214624524584
-4,20250618::index=12.434018,54,434.0180833,470.81644291510526,470.75975892577094
-4,20250618::index=12.434018,57,434.0180833,439.70349333046335,439.3902625664689
-4,20250611::index=13.4.89E+05,3,489.45399810000004,536.4281765888771,535.7408684832752
-4,20250611::index=13.4.89E+05,7,489.45399810000004,463.203471538167,462.6508723901359
-4,20250611::index=13.4.89E+05,12,489.45399810000004,483.1747476815835,483.1308832800629
-4,20250611::index=13.4.89E+05,13,489.45399810000004,479.40357298499407,478.801793607786
-4,20250611::index=13.4.89E+05,14,489.45399810000004,484.6040192378287,484.6336363179755
-4,20250611::index=13.4.89E+05,20,489.45399810000004,493.94428402642535,493.1734732107404
-4,20250611::index=13.4.89E+05,34,489.45399810000004,485.6889446896608,484.7720904716074
-4,20250611::index=13.4.89E+05,39,489.45399810000004,486.9079054045521,486.38594044988093
-4,20250611::index=13.4.89E+05,42,489.45399810000004,469.3948037976172,468.52438953372433
-4,20250611::index=13.4.89E+05,44,489.45399810000004,505.1849168653196,504.7445731091087
-4,20250611::index=13.4.89E+05,48,489.45399810000004,485.1394300567048,484.88510243572364
-4,20250611::index=13.4.89E+05,51,489.45399810000004,495.7028510879566,495.18030890339094
-4,20250611::index=13.4.89E+05,53,489.45399810000004,486.9700691414327,486.98698940644016
-4,20250611::index=13.4.89E+05,54,489.45399810000004,488.5429946787049,487.68239982426434
-4,20250611::index=13.4.89E+05,59,489.45399810000004,482.69943531822815,483.4138451495144
-4,20250618::index=13.496023,3,496.0233525,504.69402713240567,504.4645767399392
-4,20250618::index=13.496023,7,496.0233525,516.4644800101189,516.0561407690964
-4,20250618::index=13.496023,12,496.0233525,472.7311394465561,472.1790939576031
-4,20250618::index=13.496023,13,496.0233525,494.511803480788,493.6980417271504
-4,20250618::index=13.496023,14,496.0233525,519.8152237830623,519.9695141262125
-4,20250618::index=13.496023,20,496.0233525,494.3976921215213,494.20298161559555
-4,20250618::index=13.496023,34,496.0233525,486.1837922190373,485.7621045660614
-4,20250618::index=13.496023,39,496.0233525,489.2161746899161,488.5798107911418
-4,20250618::index=13.496023,42,496.0233525,443.89846577224046,444.01384533317963
-4,20250618::index=13.496023,44,496.0233525,495.2190668449682,494.53834237295416
-4,20250618::index=13.496023,48,496.0233525,482.8952753981445,483.0014211441266
-4,20250618::index=13.496023,51,496.0233525,478.8581236936476,478.5331057638704
-4,20250618::index=13.496023,53,496.0233525,483.89219663472227,482.7725807531178
-4,20250618::index=13.496023,54,496.0233525,517.2434619740496,516.7681145742724
-4,20250618::index=13.496023,59,496.0233525,504.8958823470305,504.018029762953
-4,20250611::index=14.5.54E+05,8,554.1963218000001,559.0037925276802,558.3183775457018
-4,20250611::index=14.5.54E+05,9,554.1963218000001,548.9912287750631,548.2151196553118
-4,20250611::index=14.5.54E+05,10,554.1963218000001,541.8350767328565,541.3048716013109
-4,20250611::index=14.5.54E+05,14,554.1963218000001,557.3988520556744,557.0151453919071
-4,20250611::index=14.5.54E+05,29,554.1963218000001,548.8854025761583,548.0630694960026
-4,20250611::index=14.5.54E+05,30,554.1963218000001,486.5698140021755,486.26843228570664
-4,20250611::index=14.5.54E+05,33,554.1963218000001,599.5135107446921,599.363973916362
-4,20250611::index=14.5.54E+05,36,554.1963218000001,553.2228055083742,552.8100469691767
-4,20250611::index=14.5.54E+05,43,554.1963218000001,546.4059761120249,545.5171597980149
-4,20250611::index=14.5.54E+05,48,554.1963218000001,537.4311733428488,536.8111327929811
-4,20250611::index=14.5.54E+05,50,554.1963218000001,553.2803102240354,552.3630857386427
-4,20250611::index=14.5.54E+05,51,554.1963218000001,562.9332138066077,561.7845742493557
-4,20250611::index=14.5.54E+05,54,554.1963218000001,546.5327403107781,545.2362437531058
-4,20250611::index=14.5.54E+05,57,554.1963218000001,543.4551577923954,542.6062442454775
-4,20250611::index=14.5.54E+05,58,554.1963218000001,519.118396009252,518.4528481617788
-4,20250618::index=14.562158,8,562.1587854,553.7091897178377,552.7052844852943
-4,20250618::index=14.562158,9,562.1587854,564.2979348500238,563.8239226183185
-4,20250618::index=14.562158,10,562.1587854,560.0368157779775,559.7289620047867
-4,20250618::index=14.562158,14,562.1587854,570.8899668095551,570.6569313133381
-4,20250618::index=14.562158,29,562.1587854,550.1632755971698,549.0686815215038
-4,20250618::index=14.562158,30,562.1587854,564.1951700385443,563.6287074382093
-4,20250618::index=14.562158,33,562.1587854,559.697844778954,559.3344816195837
-4,20250618::index=14.562158,36,562.1587854,584.9415155951558,584.9259767870313
-4,20250618::index=14.562158,43,562.1587854,575.9735567928225,575.9533741009753
-4,20250618::index=14.562158,48,562.1587854,530.5897322051035,530.4415240707875
-4,20250618::index=14.562158,50,562.1587854,560.5484641589449,560.3620006106678
-4,20250618::index=14.562158,51,562.1587854,559.8768201172537,558.9976748938618
-4,20250618::index=14.562158,54,562.1587854,550.0286402646287,549.3272993835403
-4,20250618::index=14.562158,57,562.1587854,555.9796137382549,555.6155684579038
-4,20250618::index=14.562158,58,562.1587854,576.8852863725973,576.9722480721014
-4,20250611::index=4.5.76E+04,2,57.59331665,96.69437106676995,96.02118794657893
-4,20250611::index=4.5.76E+04,3,57.59331665,92.17429826062589,92.06148745526185
-4,20250611::index=4.5.76E+04,6,57.59331665,77.61056973936918,77.10921591642985
-4,20250611::index=4.5.76E+04,11,57.59331665,85.83609671371994,85.93603859824222
-4,20250611::index=4.5.76E+04,13,57.59331665,84.72354241880568,84.40378978546146
-4,20250611::index=4.5.76E+04,15,57.59331665,85.35052455095366,85.03834730517369
-4,20250611::index=4.5.76E+04,18,57.59331665,91.27173014078352,91.35452587021915
-4,20250611::index=4.5.76E+04,33,57.59331665,90.76653175601945,90.84539575073296
-4,20250611::index=4.5.76E+04,38,57.59331665,93.62926457439437,93.15840463715155
-4,20250611::index=4.5.76E+04,41,57.59331665,95.13125638427779,95.64462457610956
-4,20250611::index=4.5.76E+04,42,57.59331665,90.49193374147013,89.35356628852267
-4,20250611::index=4.5.76E+04,44,57.59331665,82.42965048211575,81.96936438722459
-4,20250611::index=4.5.76E+04,46,57.59331665,90.79222482719358,90.6694016698556
-4,20250611::index=4.5.76E+04,54,57.59331665,84.1941410660479,84.38756424651216
-4,20250611::index=4.5.76E+04,55,57.59331665,104.72662556702099,104.35927048668249
-4,20250618::index=4.58389,2,58.38985471,136.10100855196237,136.1891327585506
-4,20250618::index=4.58389,3,58.38985471,134.03526202252698,133.63304735562252
-4,20250618::index=4.58389,6,58.38985471,138.2377560371152,137.44646721250734
-4,20250618::index=4.58389,11,58.38985471,130.92161286250365,131.05999773052034
-4,20250618::index=4.58389,13,58.38985471,125.9041979458243,125.78620790800937
-4,20250618::index=4.58389,15,58.38985471,132.79223642983277,132.9086550404449
-4,20250618::index=4.58389,18,58.38985471,133.46523227228613,133.32937414362067
-4,20250618::index=4.58389,33,58.38985471,133.42901187395665,133.27772348001838
-4,20250618::index=4.58389,38,58.38985471,132.76358764702877,133.22647935843563
-4,20250618::index=4.58389,41,58.38985471,130.7049051369085,130.5366363776649
-4,20250618::index=4.58389,42,58.38985471,138.76396520272377,138.47258008636194
-4,20250618::index=4.58389,44,58.38985471,133.9789642796254,134.01092744768783
-4,20250618::index=4.58389,46,58.38985471,131.6740530912629,131.11227759197348
-4,20250618::index=4.58389,54,58.38985471,122.56696143840236,122.24658835933995
-4,20250618::index=4.58389,55,58.38985471,112.47284708811314,112.5024603376658
-4,20250611::index=15.6.24E+05,3,624.4425514,660.8103378036839,660.0798968824878
-4,20250611::index=15.6.24E+05,4,624.4425514,620.2447416113272,618.8761783505838
-4,20250611::index=15.6.24E+05,11,624.4425514,637.2150091535242,636.6406026617572
-4,20250611::index=15.6.24E+05,13,624.4425514,584.3417132678009,584.052817833308
-4,20250611::index=15.6.24E+05,14,624.4425514,611.0542794454888,609.2397004773774
-4,20250611::index=15.6.24E+05,18,624.4425514,609.6553515984635,608.5147771931413
-4,20250611::index=15.6.24E+05,19,624.4425514,621.3150435730827,619.8556894250924
-4,20250611::index=15.6.24E+05,27,624.4425514,621.7260603290908,621.765323054496
-4,20250611::index=15.6.24E+05,39,624.4425514,620.8624149831561,620.2846235264267
-4,20250611::index=15.6.24E+05,43,624.4425514,642.2915182205476,641.4248096780485
-4,20250611::index=15.6.24E+05,46,624.4425514,622.4683507154997,622.7354574650681
-4,20250611::index=15.6.24E+05,51,624.4425514,617.0609262915544,616.073624499386
-4,20250611::index=15.6.24E+05,55,624.4425514,625.614146239154,624.2488464368951
-4,20250611::index=15.6.24E+05,57,624.4425514,609.8225023281302,609.4143721034433
-4,20250611::index=15.6.24E+05,58,624.4425514,620.8073592670395,619.430958347679
-4,20250618::index=15.633482,3,633.482536,633.0484185325569,632.5382422496461
-4,20250618::index=15.633482,4,633.482536,630.5389431102825,629.9085208334019
-4,20250618::index=15.633482,11,633.482536,637.3561502322653,636.3805934506436
-4,20250618::index=15.633482,13,633.482536,607.4318204555104,607.129651949256
-4,20250618::index=15.633482,14,633.482536,635.1206937929682,634.2936070102336
-4,20250618::index=15.633482,18,633.482536,611.9741594095314,611.3923587874503
-4,20250618::index=15.633482,19,633.482536,638.2889765572949,638.2936635357328
-4,20250618::index=15.633482,27,633.482536,605.5471362503399,604.9324210980969
-4,20250618::index=15.633482,39,633.482536,585.3132529243306,584.8007994487728
-4,20250618::index=15.633482,43,633.482536,645.3753947879195,644.5292986228369
-4,20250618::index=15.633482,46,633.482536,667.066626353857,665.6733630009919
-4,20250618::index=15.633482,51,633.482536,689.3406831156786,688.7014348937586
-4,20250618::index=15.633482,55,633.482536,605.3812492121868,605.6482462646616
-4,20250618::index=15.633482,57,633.482536,640.3356588136604,640.5646487537098
-4,20250618::index=15.633482,58,633.482536,636.3676968813236,636.2155808937587
-4,20250611::index=16.6.98E+05,2,698.421296,669.5263277119678,668.1372456753837
-4,20250611::index=16.6.98E+05,6,698.421296,708.7938050569983,707.3767730614461
-4,20250611::index=16.6.98E+05,9,698.421296,677.1387942823585,675.1128876029337
-4,20250611::index=16.6.98E+05,10,698.421296,675.0766993787257,674.1426854611776
-4,20250611::index=16.6.98E+05,13,698.421296,700.6621049939115,699.9994575627306
-4,20250611::index=16.6.98E+05,17,698.421296,693.7551617896563,692.2780475242646
-4,20250611::index=16.6.98E+05,35,698.421296,689.6393958465345,688.6153332422533
-4,20250611::index=16.6.98E+05,37,698.421296,691.6527435272953,690.6413736402137
-4,20250611::index=16.6.98E+05,39,698.421296,696.6714214250047,696.9735227154865
-4,20250611::index=16.6.98E+05,40,698.421296,704.0813128623197,702.7722640500466
-4,20250611::index=16.6.98E+05,46,698.421296,738.1499385195815,738.1585377590897
-4,20250611::index=16.6.98E+05,47,698.421296,704.3163685600679,703.5922348317653
-4,20250611::index=16.6.98E+05,52,698.421296,753.2276049008758,752.9271180414414
-4,20250611::index=16.6.98E+05,55,698.421296,692.0045076706838,692.4318568446253
-4,20250611::index=16.6.98E+05,57,698.421296,697.6982481611525,696.8054872757529
-4,20250618::index=16.709792,2,709.7927143,706.9698611865663,707.4264056901501
-4,20250618::index=16.709792,6,709.7927143,733.8880602055419,731.9913992684852
-4,20250618::index=16.709792,9,709.7927143,701.2455324584804,700.4705139267917
-4,20250618::index=16.709792,10,709.7927143,744.0660202500571,742.4747930832525
-4,20250618::index=16.709792,13,709.7927143,716.4166333390921,715.3627622405529
-4,20250618::index=16.709792,17,709.7927143,725.8488020997349,726.3457708363022
-4,20250618::index=16.709792,35,709.7927143,706.224394640351,705.549456964492
-4,20250618::index=16.709792,37,709.7927143,706.2856421135428,705.611622535222
-4,20250618::index=16.709792,39,709.7927143,692.3052098007798,690.9514398296167
-4,20250618::index=16.709792,40,709.7927143,739.7195035627981,738.9563545201412
-4,20250618::index=16.709792,46,709.7927143,753.3214294759997,752.5245089184258
-4,20250618::index=16.709792,47,709.7927143,722.8424561477365,722.3996712161962
-4,20250618::index=16.709792,52,709.7927143,713.5018813165419,713.929756737086
-4,20250618::index=16.709792,55,709.7927143,707.0221632984185,706.1811102909195
-4,20250618::index=16.709792,57,709.7927143,670.2092118336761,670.9205907649822
-4,20250611::index=17.7.77E+05,5,776.6472223000001,767.4795933361436,767.7686369937055
-4,20250611::index=17.7.77E+05,6,776.6472223000001,790.0624692552128,789.2473686782824
-4,20250611::index=17.7.77E+05,7,776.6472223000001,772.727525764841,771.7100999717389
-4,20250611::index=17.7.77E+05,8,776.6472223000001,781.7510412196768,781.0079935909149
-4,20250611::index=17.7.77E+05,10,776.6472223000001,773.7903038266406,773.509788831746
-4,20250611::index=17.7.77E+05,14,776.6472223000001,765.6708017534228,764.231128852199
-4,20250611::index=17.7.77E+05,19,776.6472223000001,792.1736656881789,790.1565439082225
-4,20250611::index=17.7.77E+05,24,776.6472223000001,773.8162628416851,772.993433272805
-4,20250611::index=17.7.77E+05,26,776.6472223000001,772.1919953074413,771.3195651594681
-4,20250611::index=17.7.77E+05,31,776.6472223000001,798.041992451907,797.9051571763329
-4,20250611::index=17.7.77E+05,41,776.6472223000001,774.8395210963038,773.5037120229869
-4,20250611::index=17.7.77E+05,52,776.6472223000001,797.8082541345643,797.7849166035929
-4,20250611::index=17.7.77E+05,53,776.6472223000001,798.5416838237089,798.1843540376764
-4,20250611::index=17.7.77E+05,54,776.6472223000001,768.2191541116797,767.4780383247802
-4,20250611::index=17.7.77E+05,55,776.6472223000001,775.3858841569182,773.9590157792434
-4,20250618::index=17.789500,5,789.5001968,774.7630585614254,774.1458186636296
-4,20250618::index=17.789500,6,789.5001968,821.4181637647558,820.4466328767878
-4,20250618::index=17.789500,7,789.5001968,751.9575626112367,751.8204070152527
-4,20250618::index=17.789500,8,789.5001968,721.7516773131199,721.4456196026443
-4,20250618::index=17.789500,10,789.5001968,753.5650056041789,752.4530504334215
-4,20250618::index=17.789500,14,789.5001968,840.0914030218764,839.1820547056776
-4,20250618::index=17.789500,19,789.5001968,806.1439423273961,805.1463146971073
-4,20250618::index=17.789500,24,789.5001968,768.1766380622021,766.4644246786726
-4,20250618::index=17.789500,26,789.5001968,838.493625338327,837.3734194430664
-4,20250618::index=17.789500,31,789.5001968,765.5871789123906,765.8507475043608
-4,20250618::index=17.789500,41,789.5001968,751.5485031489061,750.3762606182144
-4,20250618::index=17.789500,52,789.5001968,766.8968706774481,766.2700551976731
-4,20250618::index=17.789500,53,789.5001968,769.3908302577087,769.0331249355597
-4,20250618::index=17.789500,54,789.5001968,804.2117356151865,803.1709501687379
-4,20250618::index=17.789500,55,789.5001968,799.0834247980263,797.6100925502985
-4,20250611::index=18.8.59E+05,0,859.3439142,843.8703613781431,842.1917828746836
-4,20250611::index=18.8.59E+05,5,859.3439142,834.9919763414301,834.186492328533
-4,20250611::index=18.8.59E+05,14,859.3439142,851.4089002505563,850.3760328273022
-4,20250611::index=18.8.59E+05,18,859.3439142,822.6098994390875,821.6284715647828
-4,20250611::index=18.8.59E+05,19,859.3439142,842.0726526732996,840.731527244348
-4,20250611::index=18.8.59E+05,21,859.3439142,844.3378639488938,843.6613119645673
-4,20250611::index=18.8.59E+05,26,859.3439142,845.8529259186836,845.142493903528
-4,20250611::index=18.8.59E+05,27,859.3439142,853.386089277614,852.2553681616148
-4,20250611::index=18.8.59E+05,32,859.3439142,849.1251928973641,849.201399964083
-4,20250611::index=18.8.59E+05,36,859.3439142,846.6486674031895,845.5368324718036
-4,20250611::index=18.8.59E+05,43,859.3439142,799.3361730904779,798.3404400494734
-4,20250611::index=18.8.59E+05,53,859.3439142,848.8303534804573,847.2330234438542
-4,20250611::index=18.8.59E+05,54,859.3439142,844.0956948761626,842.3287723439909
-4,20250611::index=18.8.59E+05,56,859.3439142,848.2063532976796,847.6714788031302
-4,20250611::index=18.8.59E+05,57,859.3439142,847.0059497322234,845.607485187842
-4,20250618::index=18.873637,0,873.6370359,855.4576282367498,854.8402484521202
-4,20250618::index=18.873637,5,873.6370359,855.6722644782706,854.9286549404155
-4,20250618::index=18.873637,14,873.6370359,857.2665725951168,857.3360731109584
-4,20250618::index=18.873637,18,873.6370359,856.1301586356582,854.2576727352638
-4,20250618::index=18.873637,19,873.6370359,846.8978991744112,845.098992819528
-4,20250618::index=18.873637,21,873.6370359,848.8475707829016,847.4567414987945
-4,20250618::index=18.873637,26,873.6370359,870.3329207983501,868.6478178455073
-4,20250618::index=18.873637,27,873.6370359,842.7795544834947,841.2551527704981
-4,20250618::index=18.873637,32,873.6370359,853.3000818027593,853.0260939358817
-4,20250618::index=18.873637,36,873.6370359,844.5101565450148,843.5344586000751
-4,20250618::index=18.873637,43,873.6370359,850.969010840536,849.8378635622038
-4,20250618::index=18.873637,53,873.6370359,849.6946967108516,849.7274584436504
-4,20250618::index=18.873637,54,873.6370359,840.2705329251053,838.7531022058516
-4,20250618::index=18.873637,56,873.6370359,860.1583173613178,858.8608903420028
-4,20250618::index=18.873637,57,873.6370359,843.7073451898779,842.9868189466495
-8,20250618::index=1.0,0,-1.42e-09,124.84506181072052,122.61381376918864
-8,20250618::index=1.0,3,-1.42e-09,136.1450927984468,136.09646606553733
-8,20250618::index=1.0,5,-1.42e-09,144.5171719668376,144.62581969084815
-8,20250618::index=1.0,12,-1.42e-09,135.8579590916351,135.79587697833938
-8,20250618::index=1.0,13,-1.42e-09,142.73276856939586,141.73042941262625
-8,20250618::index=1.0,31,-1.42e-09,135.57697392337565,134.44364496348223
-8,20250618::index=1.0,33,-1.42e-09,147.24762996841454,147.45577424000896
-8,20250618::index=1.0,36,-1.42e-09,154.29877645551025,154.17602389066326
-8,20250618::index=1.0,45,-1.42e-09,133.75101904889942,133.40925797293835
-8,20250618::index=1.0,46,-1.42e-09,148.32589140224198,148.73600333368444
-8,20250618::index=1.0,48,-1.42e-09,146.21749150303464,145.74116748402923
-8,20250618::index=1.0,50,-1.42e-09,128.6964957159801,128.72770022970036
-8,20250618::index=1.0,52,-1.42e-09,147.30205045141483,146.69417842072886
-8,20250618::index=1.0,54,-1.42e-09,134.92583793287838,135.85802075785676
-8,20250618::index=1.0,57,-1.42e-09,149.92369870730246,150.6283481649796
-8,20250611::index=1.3.28E-04,0,3.280469999999e-07,108.69330796834434,108.77384553997572
-8,20250611::index=1.3.28E-04,3,3.280469999999e-07,116.147504892205,115.99046316425189
-8,20250611::index=1.3.28E-04,5,3.280469999999e-07,126.23090697398936,125.21097271670612
-8,20250611::index=1.3.28E-04,12,3.280469999999e-07,82.75425788591943,81.50943479139072
-8,20250611::index=1.3.28E-04,13,3.280469999999e-07,115.65361782816998,114.35768593355701
-8,20250611::index=1.3.28E-04,31,3.280469999999e-07,124.6475585520612,123.91348250282876
-8,20250611::index=1.3.28E-04,33,3.280469999999e-07,114.53916375551172,113.53832836456755
-8,20250611::index=1.3.28E-04,36,3.280469999999e-07,138.34010533311164,138.64914734951353
-8,20250611::index=1.3.28E-04,45,3.280469999999e-07,108.506470160692,107.04760004724551
-8,20250611::index=1.3.28E-04,46,3.280469999999e-07,131.20257366148797,131.89173207350888
-8,20250611::index=1.3.28E-04,48,3.280469999999e-07,125.21407858029082,124.1213192269245
-8,20250611::index=1.3.28E-04,50,3.280469999999e-07,106.50518924889465,106.08349365621436
-8,20250611::index=1.3.28E-04,52,3.280469999999e-07,103.5388875818954,103.13951039891863
-8,20250611::index=1.3.28E-04,54,3.280469999999e-07,81.9275566304277,80.52295506508132
-8,20250611::index=1.3.28E-04,57,3.280469999999e-07,114.67129933714392,113.91239898187722
-8,20250611::index=5.1.11E+05,17,111.2647017,86.5038508854131,85.91585961232158
-8,20250611::index=5.1.11E+05,19,111.2647017,85.38200759734366,84.40267465364512
-8,20250611::index=5.1.11E+05,21,111.2647017,98.97278788725124,98.0383642887288
-8,20250611::index=5.1.11E+05,23,111.2647017,107.36990726285005,106.75743794416636
-8,20250611::index=5.1.11E+05,28,111.2647017,94.60515762292836,94.87126438729918
-8,20250611::index=5.1.11E+05,34,111.2647017,92.59242755146275,92.44208712627871
-8,20250611::index=5.1.11E+05,35,111.2647017,128.35426738745133,127.92812262800864
-8,20250611::index=5.1.11E+05,41,111.2647017,108.37891641472608,108.48976713230086
-8,20250611::index=5.1.11E+05,46,111.2647017,118.40817897659065,118.20763127386394
-8,20250611::index=5.1.11E+05,47,111.2647017,102.95623606583342,102.2637277444047
-8,20250611::index=5.1.11E+05,48,111.2647017,103.0837886636822,103.42681877584265
-8,20250611::index=5.1.11E+05,51,111.2647017,93.51968171258669,93.26275402018673
-8,20250611::index=5.1.11E+05,55,111.2647017,96.37451136096237,96.58498903418372
-8,20250611::index=5.1.11E+05,56,111.2647017,117.20602316985763,116.82474345170955
-8,20250611::index=5.1.11E+05,58,111.2647017,111.55561253545004,111.07578130419905
-8,20250618::index=5.113188,17,113.1882901,126.59324978627859,127.34982503638646
-8,20250618::index=5.113188,19,113.1882901,80.55254401732297,80.48897165680383
-8,20250618::index=5.113188,21,113.1882901,106.83276346360235,106.62016377513287
-8,20250618::index=5.113188,23,113.1882901,91.67815140923162,91.25509888508442
-8,20250618::index=5.113188,28,113.1882901,81.48422830867867,81.56954646070885
-8,20250618::index=5.113188,34,113.1882901,84.81528041982227,84.58816939138332
-8,20250618::index=5.113188,35,113.1882901,113.75626258486416,113.90092091070638
-8,20250618::index=5.113188,41,113.1882901,94.46774210375304,94.98520144746301
-8,20250618::index=5.113188,46,113.1882901,86.14724698352697,86.2639070092459
-8,20250618::index=5.113188,47,113.1882901,88.31289918613147,88.12517419254951
-8,20250618::index=5.113188,48,113.1882901,95.03957865291936,94.97566432193011
-8,20250618::index=5.113188,51,113.1882901,96.088262208698,95.99938090809337
-8,20250618::index=5.113188,55,113.1882901,86.16373783550755,86.32731222127886
-8,20250618::index=5.113188,56,113.1882901,87.71721721702627,87.71588511480473
-8,20250618::index=5.113188,58,113.1882901,94.64976548075842,94.76384265559554
-8,20250611::index=6.1.44E+05,6,144.32426180000002,93.78843306871497,93.7795578600188
-8,20250611::index=6.1.44E+05,11,144.32426180000002,108.5898230828823,107.47923490727965
-8,20250611::index=6.1.44E+05,13,144.32426180000002,101.3552261161602,101.2965304969511
-8,20250611::index=6.1.44E+05,26,144.32426180000002,114.77020728609244,114.57386153433545
-8,20250611::index=6.1.44E+05,31,144.32426180000002,108.1672807457492,107.70058622296665
-8,20250611::index=6.1.44E+05,34,144.32426180000002,109.66986386308842,109.87650016805196
-8,20250611::index=6.1.44E+05,35,144.32426180000002,131.50087663727462,130.3043434315347
-8,20250611::index=6.1.44E+05,36,144.32426180000002,100.64684909978,100.50552049044305
-8,20250611::index=6.1.44E+05,38,144.32426180000002,109.99988164067702,109.6256766036858
-8,20250611::index=6.1.44E+05,40,144.32426180000002,115.78079275109968,116.04727617366066
-8,20250611::index=6.1.44E+05,46,144.32426180000002,112.59050638520107,112.5734305717091
-8,20250611::index=6.1.44E+05,47,144.32426180000002,84.84649199710522,83.14751938064367
-8,20250611::index=6.1.44E+05,56,144.32426180000002,115.65507176913968,115.93125262817948
-8,20250611::index=6.1.44E+05,58,144.32426180000002,109.8860053342458,109.78488137691684
-8,20250611::index=6.1.44E+05,59,144.32426180000002,113.81687648715268,114.09105354579651
-8,20250618::index=6.146381,6,146.38165049999998,103.1919157770125,103.95043906468341
-8,20250618::index=6.146381,11,146.38165049999998,100.81219007147196,100.36011028696622
-8,20250618::index=6.146381,13,146.38165049999998,97.6721579500348,98.37160327666474
-8,20250618::index=6.146381,26,146.38165049999998,112.79923401602393,112.3599355937521
-8,20250618::index=6.146381,31,146.38165049999998,104.74878183665712,105.34435868808306
-8,20250618::index=6.146381,34,146.38165049999998,96.87356169939264,96.65525396918385
-8,20250618::index=6.146381,35,146.38165049999998,130.66332004940796,130.57397502049986
-8,20250618::index=6.146381,36,146.38165049999998,110.8042978123973,111.07083187575678
-8,20250618::index=6.146381,38,146.38165049999998,113.38093523237181,112.853412059104
-8,20250618::index=6.146381,40,146.38165049999998,93.01167980283596,92.57393745677763
-8,20250618::index=6.146381,46,146.38165049999998,92.31981702407586,92.65660183776923
-8,20250618::index=6.146381,47,146.38165049999998,92.96872129231791,93.66144418770772
-8,20250618::index=6.146381,56,146.38165049999998,100.00648084568044,100.64677050982402
-8,20250618::index=6.146381,58,146.38165049999998,110.48391717862371,110.24150294942318
-8,20250618::index=6.146381,59,146.38165049999998,88.19552412522549,88.50364750144246
-8,20250611::index=7.1.81E+05,4,181.378003,115.6657373120706,115.64450658527869
-8,20250611::index=7.1.81E+05,5,181.378003,90.85017909855792,90.35042983794698
-8,20250611::index=7.1.81E+05,10,181.378003,105.58617753054939,104.6543952197677
-8,20250611::index=7.1.81E+05,15,181.378003,124.33014501249279,122.99210088695841
-8,20250611::index=7.1.81E+05,18,181.378003,110.95008244313935,111.63362293298552
-8,20250611::index=7.1.81E+05,20,181.378003,114.75376329121237,114.47922224266097
-8,20250611::index=7.1.81E+05,26,181.378003,117.86867842251011,117.56154888107017
-8,20250611::index=7.1.81E+05,28,181.378003,111.90082705825347,110.68515763706155
-8,20250611::index=7.1.81E+05,33,181.378003,123.18131939575552,123.12701604449951
-8,20250611::index=7.1.81E+05,37,181.378003,109.12611703898732,107.76006895651977
-8,20250611::index=7.1.81E+05,41,181.378003,85.13553974318562,85.6191662741677
-8,20250611::index=7.1.81E+05,44,181.378003,107.33244340878976,107.79031282455333
-8,20250611::index=7.1.81E+05,56,181.378003,94.20801268571361,93.17956949875726
-8,20250611::index=7.1.81E+05,57,181.378003,128.1550561623468,128.11206128101358
-8,20250611::index=7.1.81E+05,58,181.378003,113.30816802606796,113.00125303295206
-8,20250618::index=7.184190,4,184.1909699,110.38809268516505,111.26820975382552
-8,20250618::index=7.184190,5,184.1909699,118.79228262549128,119.73401409399308
-8,20250618::index=7.184190,10,184.1909699,100.24902185709053,100.35108906858514
-8,20250618::index=7.184190,15,184.1909699,125.29747390388924,125.98594635786361
-8,20250618::index=7.184190,18,184.1909699,117.48476476686102,118.17479100192791
-8,20250618::index=7.184190,20,184.1909699,118.55761728484123,118.80212850205835
-8,20250618::index=7.184190,26,184.1909699,115.24821821115817,114.99651187090569
-8,20250618::index=7.184190,28,184.1909699,126.7318175959159,127.04185722319721
-8,20250618::index=7.184190,33,184.1909699,173.80617697987566,173.4318110348659
-8,20250618::index=7.184190,37,184.1909699,126.63148460524698,125.7870797094061
-8,20250618::index=7.184190,41,184.1909699,143.44067614670612,143.92694617270183
-8,20250618::index=7.184190,44,184.1909699,135.27249867692916,135.00513462482218
-8,20250618::index=7.184190,56,184.1909699,137.9024754264195,137.52276670420616
-8,20250618::index=7.184190,57,184.1909699,144.11778231963748,144.6595274019702
-8,20250618::index=7.184190,58,184.1909699,136.38976579050043,136.80506627514072
-8,20250611::index=3.2.10E+04,1,20.97971604,100.18961135373239,99.30170996209415
-8,20250611::index=3.2.10E+04,6,20.97971604,87.91484408139321,87.51174694944102
-8,20250611::index=3.2.10E+04,11,20.97971604,109.21122934954046,108.59194948695732
-8,20250611::index=3.2.10E+04,22,20.97971604,103.36332867861772,102.19172069945014
-8,20250611::index=3.2.10E+04,28,20.97971604,83.09088030236992,82.5360746937962
-8,20250611::index=3.2.10E+04,33,20.97971604,110.18188425441039,110.26861425243852
-8,20250611::index=3.2.10E+04,34,20.97971604,94.7452722115988,94.75302091173869
-8,20250611::index=3.2.10E+04,36,20.97971604,78.30691844092952,77.68123399103831
-8,20250611::index=3.2.10E+04,41,20.97971604,86.43135554811907,85.77144356502234
-8,20250611::index=3.2.10E+04,42,20.97971604,92.22988901138932,91.94592043915573
-8,20250611::index=3.2.10E+04,52,20.97971604,83.86979189282803,83.20079045098754
-8,20250611::index=3.2.10E+04,54,20.97971604,117.92769928695542,117.89114961611853
-8,20250611::index=3.2.10E+04,56,20.97971604,86.21837805882772,85.45350289035494
-8,20250611::index=3.2.10E+04,57,20.97971604,95.93399830093827,94.48872393478767
-8,20250611::index=3.2.10E+04,59,20.97971604,87.37025272356067,87.25793741892382
-8,20250618::index=3.21242,1,21.24286319,129.54038945473434,129.0841102832074
-8,20250618::index=3.21242,6,21.24286319,131.4429640051434,130.57314414492907
-8,20250618::index=3.21242,11,21.24286319,127.40681717973068,126.80408201402811
-8,20250618::index=3.21242,22,21.24286319,139.98979863223022,140.39958350691165
-8,20250618::index=3.21242,28,21.24286319,127.86456142659644,127.38436733350231
-8,20250618::index=3.21242,33,21.24286319,133.75084675169614,133.38520041515528
-8,20250618::index=3.21242,34,21.24286319,128.4034796102021,127.88291810382341
-8,20250618::index=3.21242,36,21.24286319,141.56547287995218,141.53147393993467
-8,20250618::index=3.21242,41,21.24286319,138.09564441740483,137.5505664421165
-8,20250618::index=3.21242,42,21.24286319,130.08945512562724,129.78232734882346
-8,20250618::index=3.21242,52,21.24286319,133.99855637017083,133.60945279151966
-8,20250618::index=3.21242,54,21.24286319,123.62320953736621,124.49807255169986
-8,20250618::index=3.21242,56,21.24286319,137.52986132056543,136.5246724316847
-8,20250618::index=3.21242,57,21.24286319,134.32241813143406,133.24041557081975
-8,20250618::index=3.21242,59,21.24286319,131.7644564688821,131.91159891516077
-8,20250611::index=8.2.22E+05,0,221.5051102,110.49752418782246,110.32969333270584
-8,20250611::index=8.2.22E+05,4,221.5051102,121.23984500962588,121.90145772476016
-8,20250611::index=8.2.22E+05,6,221.5051102,125.53439558283677,124.6127472547679
-8,20250611::index=8.2.22E+05,9,221.5051102,120.8549109211846,119.75967540922453
-8,20250611::index=8.2.22E+05,13,221.5051102,129.3683713063891,128.91470544292292
-8,20250611::index=8.2.22E+05,15,221.5051102,127.6967498737304,128.05171217277098
-8,20250611::index=8.2.22E+05,17,221.5051102,126.73537237195171,126.84003401314558
-8,20250611::index=8.2.22E+05,22,221.5051102,119.14955182467699,118.42036506073633
-8,20250611::index=8.2.22E+05,24,221.5051102,122.7961367006668,121.52320549675699
-8,20250611::index=8.2.22E+05,28,221.5051102,145.73467303951352,144.82167485255093
-8,20250611::index=8.2.22E+05,31,221.5051102,128.88953667120217,129.39351630183998
-8,20250611::index=8.2.22E+05,39,221.5051102,143.58705086637735,144.34886591251185
-8,20250611::index=8.2.22E+05,40,221.5051102,131.45139211843633,131.9092051192642
-8,20250611::index=8.2.22E+05,50,221.5051102,123.7040805425762,123.88420316298775
-8,20250611::index=8.2.22E+05,59,221.5051102,114.86551619317406,115.16700498043198
-8,20250618::index=8.225704,0,225.70496179999998,125.92152204917579,125.45023570438273
-8,20250618::index=8.225704,4,225.70496179999998,170.76599121323775,171.2934631198555
-8,20250618::index=8.225704,6,225.70496179999998,140.50278837964345,141.260457487455
-8,20250618::index=8.225704,9,225.70496179999998,135.68121644638813,135.90523632324312
-8,20250618::index=8.225704,13,225.70496179999998,261.9765557414772,260.4755811765915
-8,20250618::index=8.225704,15,225.70496179999998,150.1228374446368,150.1772226717068
-8,20250618::index=8.225704,17,225.70496179999998,142.23702846703267,141.98999147562046
-8,20250618::index=8.225704,22,225.70496179999998,144.2010857925495,144.2899981296931
-8,20250618::index=8.225704,24,225.70496179999998,137.89251146842602,138.07751016675064
-8,20250618::index=8.225704,28,225.70496179999998,155.9549109348588,156.04521541879865
-8,20250618::index=8.225704,31,225.70496179999998,141.1484662847875,140.8463793583753
-8,20250618::index=8.225704,39,225.70496179999998,184.6570233001617,184.94340786655454
-8,20250618::index=8.225704,40,225.70496179999998,141.07624155686096,140.75874590234045
-8,20250618::index=8.225704,50,225.70496179999998,254.35462843238813,255.1518116665594
-8,20250618::index=8.225704,59,225.70496179999998,141.12115031056064,141.7068198885761
-8,20250611::index=2.2.36E+03,0,2.35533535,95.73818151525431,94.91094826375789
-8,20250611::index=2.2.36E+03,2,2.35533535,108.23961447584428,107.79465357845251
-8,20250611::index=2.2.36E+03,3,2.35533535,85.55492265249178,84.54673887072578
-8,20250611::index=2.2.36E+03,14,2.35533535,119.5280415443584,118.62075760200779
-8,20250611::index=2.2.36E+03,21,2.35533535,104.8924981808682,104.5762488941701
-8,20250611::index=2.2.36E+03,23,2.35533535,110.86878715386032,110.2548411252997
-8,20250611::index=2.2.36E+03,29,2.35533535,106.08874218070376,105.91284050913814
-8,20250611::index=2.2.36E+03,36,2.35533535,89.94838055331073,88.73052140725045
-8,20250611::index=2.2.36E+03,37,2.35533535,104.27729246423264,103.74141958759208
-8,20250611::index=2.2.36E+03,44,2.35533535,103.27295022576229,102.64644594925575
-8,20250611::index=2.2.36E+03,47,2.35533535,99.76328816268705,98.76361059468488
-8,20250611::index=2.2.36E+03,48,2.35533535,96.42536695347108,96.32822242212713
-8,20250611::index=2.2.36E+03,54,2.35533535,96.01847267420865,95.40291869704053
-8,20250611::index=2.2.36E+03,55,2.35533535,93.79431601492755,94.2092963090173
-8,20250611::index=2.2.36E+03,59,2.35533535,93.53763975462616,94.10723871318842
-8,20250618::index=2.2380,0,2.380025286,112.46227661717552,112.9214629642386
-8,20250618::index=2.2380,2,2.380025286,134.40329052191007,135.43952461081
-8,20250618::index=2.2380,3,2.380025286,131.6485723958674,131.64525345241518
-8,20250618::index=2.2380,14,2.380025286,120.20788804335791,119.4053047725862
-8,20250618::index=2.2380,21,2.380025286,111.9579392165013,111.65173568614152
-8,20250618::index=2.2380,23,2.380025286,130.23085750012788,131.07885388639895
-8,20250618::index=2.2380,29,2.380025286,123.35384637984856,123.29150525872114
-8,20250618::index=2.2380,36,2.380025286,134.45319157289558,134.22437302746857
-8,20250618::index=2.2380,37,2.380025286,125.49050114752501,125.58748305139864
-8,20250618::index=2.2380,44,2.380025286,127.22389754484168,126.82055518685479
-8,20250618::index=2.2380,47,2.380025286,122.93360817303888,122.82406181156175
-8,20250618::index=2.2380,48,2.380025286,139.04449651593242,138.37985515216184
-8,20250618::index=2.2380,54,2.380025286,126.32181162504007,127.65058058122071
-8,20250618::index=2.2380,55,2.380025286,128.02015863027415,127.90125945945951
-8,20250618::index=2.2380,59,2.380025286,128.34560156896086,129.03026112527633
-8,20250611::index=9.2.67E+05,3,266.90769650000004,278.8385123541938,278.5560791154609
-8,20250611::index=9.2.67E+05,6,266.90769650000004,273.32084490945783,272.802635486758
-8,20250611::index=9.2.67E+05,7,266.90769650000004,293.3425058438362,293.260224536446
-8,20250611::index=9.2.67E+05,15,266.90769650000004,124.62929397124668,123.74118749579146
-8,20250611::index=9.2.67E+05,18,266.90769650000004,270.33416090202786,269.19385376983956
-8,20250611::index=9.2.67E+05,21,266.90769650000004,134.81375421300027,133.10987240675271
-8,20250611::index=9.2.67E+05,26,266.90769650000004,260.2875808419111,258.4263804725988
-8,20250611::index=9.2.67E+05,27,266.90769650000004,128.6277236435209,128.7920154981351
-8,20250611::index=9.2.67E+05,29,266.90769650000004,253.18079410386622,251.69438675829286
-8,20250611::index=9.2.67E+05,30,266.90769650000004,269.7402935720853,268.4906193827923
-8,20250611::index=9.2.67E+05,31,266.90769650000004,242.32666738519688,239.83359152379157
-8,20250611::index=9.2.67E+05,41,266.90769650000004,167.10424791839566,164.06518603672853
-8,20250611::index=9.2.67E+05,45,266.90769650000004,118.42366768752136,117.01033541729564
-8,20250611::index=9.2.67E+05,51,266.90769650000004,246.30874066255896,242.06434756095476
-8,20250611::index=9.2.67E+05,53,266.90769650000004,284.86937117379347,284.924863479448
-8,20250618::index=9.271677,3,271.6776816,180.67476450954524,178.46573389798064
-8,20250618::index=9.271677,6,271.6776816,225.6073206784069,223.70356569437192
-8,20250618::index=9.271677,7,271.6776816,138.24048671731623,139.96464769831064
-8,20250618::index=9.271677,15,271.6776816,293.01086484238425,291.3762612612624
-8,20250618::index=9.271677,18,271.6776816,183.22939871083176,184.08254480329933
-8,20250618::index=9.271677,21,271.6776816,185.11894759856654,184.42114566872687
-8,20250618::index=9.271677,26,271.6776816,142.09838836363787,140.99416397439236
-8,20250618::index=9.271677,27,271.6776816,142.5876035781808,142.32753329492505
-8,20250618::index=9.271677,29,271.6776816,146.3535846877732,146.7938610536654
-8,20250618::index=9.271677,30,271.6776816,156.14203884711978,156.6471758173386
-8,20250618::index=9.271677,31,271.6776816,139.3251033450635,139.82316724793665
-8,20250618::index=9.271677,41,271.6776816,228.11342635793062,226.82795517076457
-8,20250618::index=9.271677,45,271.6776816,273.39518199571955,272.1145146950855
-8,20250618::index=9.271677,51,271.6776816,135.98588115421,135.37608336673534
-8,20250618::index=9.271677,53,271.6776816,139.86487761502235,140.3617097608979
-8,20250611::index=10.3.15E+05,2,315.4661173,263.356079624019,260.95369596927367
-8,20250611::index=10.3.15E+05,4,315.4661173,248.86419341957497,246.3461867697031
-8,20250611::index=10.3.15E+05,10,315.4661173,306.28280366753205,306.07986348546297
-8,20250611::index=10.3.15E+05,18,315.4661173,265.04534133822284,261.8294934179976
-8,20250611::index=10.3.15E+05,21,315.4661173,124.082536502717,124.24370283650975
-8,20250611::index=10.3.15E+05,27,315.4661173,296.7876974906627,296.2314651336948
-8,20250611::index=10.3.15E+05,29,315.4661173,259.50598652979573,256.16053303688597
-8,20250611::index=10.3.15E+05,31,315.4661173,285.14878379862034,284.69419251211104
-8,20250611::index=10.3.15E+05,40,315.4661173,322.1588065023746,321.84013336376387
-8,20250611::index=10.3.15E+05,45,315.4661173,330.5672068485772,329.810005610272
-8,20250611::index=10.3.15E+05,47,315.4661173,334.33326640747003,333.04099927154306
-8,20250611::index=10.3.15E+05,48,315.4661173,313.638666522165,313.6178705958367
-8,20250611::index=10.3.15E+05,50,315.4661173,330.68714304414556,329.7751141370876
-8,20250611::index=10.3.15E+05,53,315.4661173,259.12238465102905,257.13441677869884
-8,20250611::index=10.3.15E+05,55,315.4661173,311.3756089087258,310.4746998162516
-8,20250618::index=10.322114,2,322.1142428,325.0996709111184,322.8549849183476
-8,20250618::index=10.322114,4,322.1142428,307.3406431486482,307.24194998269945
-8,20250618::index=10.322114,10,322.1142428,268.29060928211067,267.15738516657046
-8,20250618::index=10.322114,18,322.1142428,317.4602235363365,317.2720576980498
-8,20250618::index=10.322114,21,322.1142428,263.2131809413725,261.0520643464532
-8,20250618::index=10.322114,27,322.1142428,190.4806827368901,191.69607439005358
-8,20250618::index=10.322114,29,322.1142428,133.12420714536864,133.5193167680475
-8,20250618::index=10.322114,31,322.1142428,177.9033917300807,178.1748706869301
-8,20250618::index=10.322114,40,322.1142428,144.24147273097498,145.1738408179974
-8,20250618::index=10.322114,45,322.1142428,172.9057827546639,172.73870681568374
-8,20250618::index=10.322114,47,322.1142428,131.60542332007765,132.6520998255112
-8,20250618::index=10.322114,48,322.1142428,190.98630674226288,191.8323318825816
-8,20250618::index=10.322114,50,322.1142428,144.69701802879914,144.9068661324409
-8,20250618::index=10.322114,53,322.1142428,141.02327551661125,140.15818540639486
-8,20250618::index=10.322114,55,322.1142428,148.46206790534342,149.27384295421678
-8,20250611::index=11.3.69E+05,1,368.97810499999997,373.4207191200751,372.9422022070159
-8,20250611::index=11.3.69E+05,5,368.97810499999997,391.5776629128482,391.1477445285016
-8,20250611::index=11.3.69E+05,15,368.97810499999997,371.39057770289804,371.0663557814824
-8,20250611::index=11.3.69E+05,17,368.97810499999997,371.2336613449666,370.97226881089506
-8,20250611::index=11.3.69E+05,20,368.97810499999997,379.41260797802084,379.264268799082
-8,20250611::index=11.3.69E+05,31,368.97810499999997,391.4415941106767,389.8948990326778
-8,20250611::index=11.3.69E+05,37,368.97810499999997,385.3957273546232,384.3510970374755
-8,20250611::index=11.3.69E+05,44,368.97810499999997,337.64689884576467,337.5356005920542
-8,20250611::index=11.3.69E+05,45,368.97810499999997,362.40093180766735,362.2286328523864
-8,20250611::index=11.3.69E+05,49,368.97810499999997,348.5488884699816,347.9262014601492
-8,20250611::index=11.3.69E+05,50,368.97810499999997,302.62916800721143,302.6009371005306
-8,20250611::index=11.3.69E+05,53,368.97810499999997,395.7847587480148,394.5792820184601
-8,20250611::index=11.3.69E+05,54,368.97810499999997,364.78430747045434,364.29310597349775
-8,20250611::index=11.3.69E+05,55,368.97810499999997,363.07732912124646,362.7958108049371
-8,20250611::index=11.3.69E+05,58,368.97810499999997,357.1612573980016,356.6083347820105
-8,20250618::index=11.376320,1,376.3201201,362.81520907091607,362.9388979079601
-8,20250618::index=11.376320,5,376.3201201,382.92362481036577,382.7920120953657
-8,20250618::index=11.376320,15,376.3201201,332.96008122935507,332.0856008428117
-8,20250618::index=11.376320,17,376.3201201,349.39950093784336,348.8931924677115
-8,20250618::index=11.376320,20,376.3201201,360.17066125536894,359.41832639621504
-8,20250618::index=11.376320,31,376.3201201,270.5700055518745,270.9615889534504
-8,20250618::index=11.376320,37,376.3201201,302.28668951381707,302.2570056914424
-8,20250618::index=11.376320,44,376.3201201,350.70659197674814,350.4642887859774
-8,20250618::index=11.376320,45,376.3201201,382.15245443442177,382.53123110516043
-8,20250618::index=11.376320,49,376.3201201,366.81145056967347,366.99451776166427
-8,20250618::index=11.376320,50,376.3201201,315.32908458751956,314.7936030503922
-8,20250618::index=11.376320,53,376.3201201,356.0617173737509,355.7943724385788
-8,20250618::index=11.376320,54,376.3201201,345.54201732371047,344.56388348626865
-8,20250618::index=11.376320,55,376.3201201,379.1241553711977,378.45838832477216
-8,20250618::index=11.376320,58,376.3201201,364.4242423851609,364.47358890216503
-8,20250611::index=12.4.27E+05,3,427.27619500000003,437.82336286000805,437.66619701433206
-8,20250611::index=12.4.27E+05,9,427.27619500000003,431.1843024489684,430.8037723611969
-8,20250611::index=12.4.27E+05,13,427.27619500000003,437.1271314356981,437.3473139172655
-8,20250611::index=12.4.27E+05,15,427.27619500000003,440.9192398710056,440.5114220481392
-8,20250611::index=12.4.27E+05,17,427.27619500000003,437.0579223583556,436.88627310216003
-8,20250611::index=12.4.27E+05,22,427.27619500000003,469.0700082400291,468.3494659265972
-8,20250611::index=12.4.27E+05,28,427.27619500000003,428.9949702470621,428.12870679324317
-8,20250611::index=12.4.27E+05,30,427.27619500000003,421.1641711853828,420.4939001202771
-8,20250611::index=12.4.27E+05,39,427.27619500000003,426.29331941103766,425.73295619401574
-8,20250611::index=12.4.27E+05,42,427.27619500000003,452.6217065887217,452.47693175999007
-8,20250611::index=12.4.27E+05,44,427.27619500000003,431.7672248735167,431.6034063252099
-8,20250611::index=12.4.27E+05,46,427.27619500000003,485.1848479905221,484.74637108915255
-8,20250611::index=12.4.27E+05,47,427.27619500000003,457.0334707559743,457.4505065422867
-8,20250611::index=12.4.27E+05,54,427.27619500000003,435.70549620174984,435.66100555309106
-8,20250611::index=12.4.27E+05,57,427.27619500000003,449.2789495254479,449.10798504834287
-8,20250618::index=12.434018,3,434.0180833,388.11883160378727,387.97360555894613
-8,20250618::index=12.434018,9,434.0180833,424.5568630307008,424.00706317287296
-8,20250618::index=12.434018,13,434.0180833,469.08844828662166,468.24601534392997
-8,20250618::index=12.434018,15,434.0180833,412.6772308451353,413.13411293188426
-8,20250618::index=12.434018,17,434.0180833,407.54091546097703,407.27558933357625
-8,20250618::index=12.434018,22,434.0180833,395.14370435616553,395.1603844008941
-8,20250618::index=12.434018,28,434.0180833,417.8249656461543,417.9785417643143
-8,20250618::index=12.434018,30,434.0180833,449.69796743551836,449.00279035387473
-8,20250618::index=12.434018,39,434.0180833,369.23800916814116,369.9187309639249
-8,20250618::index=12.434018,42,434.0180833,389.15020426228,389.79384082561666
-8,20250618::index=12.434018,44,434.0180833,393.1437299773758,393.2605474082105
-8,20250618::index=12.434018,46,434.0180833,433.2625227442201,433.391561894432
-8,20250618::index=12.434018,47,434.0180833,471.9966361898152,471.7406428890773
-8,20250618::index=12.434018,54,434.0180833,470.5167641427335,470.45625015941926
-8,20250618::index=12.434018,57,434.0180833,438.75308440098286,438.39512918645426
-8,20250611::index=13.4.89E+05,3,489.45399810000004,537.1669165140844,536.4705678100036
-8,20250611::index=13.4.89E+05,7,489.45399810000004,466.1853211377906,465.6378247450147
-8,20250611::index=13.4.89E+05,12,489.45399810000004,483.3036080175064,483.2952749285656
-8,20250611::index=13.4.89E+05,13,489.45399810000004,480.1317813262415,479.5156571685491
-8,20250611::index=13.4.89E+05,14,489.45399810000004,486.2664141865295,486.2418080589105
-8,20250611::index=13.4.89E+05,20,489.45399810000004,494.5466054806899,493.77938654662177
-8,20250611::index=13.4.89E+05,34,489.45399810000004,486.5066961090217,485.55187779359665
-8,20250611::index=13.4.89E+05,39,489.45399810000004,487.01674178522404,486.49950366276363
-8,20250611::index=13.4.89E+05,42,489.45399810000004,470.08727256064594,469.21844142064054
-8,20250611::index=13.4.89E+05,44,489.45399810000004,505.02239879031544,504.59999970312805
-8,20250611::index=13.4.89E+05,48,489.45399810000004,485.26096637041695,485.0273969355614
-8,20250611::index=13.4.89E+05,51,489.45399810000004,497.3663569837047,496.79919691914756
-8,20250611::index=13.4.89E+05,53,489.45399810000004,488.95720860071503,488.9487167596116
-8,20250611::index=13.4.89E+05,54,489.45399810000004,489.3002691826379,488.42789972173523
-8,20250611::index=13.4.89E+05,59,489.45399810000004,483.4172642213096,484.0795090405689
-8,20250618::index=13.496023,3,496.0233525,504.4717316333238,504.22717562156777
-8,20250618::index=13.496023,7,496.0233525,516.6842921434584,516.3072603178756
-8,20250618::index=13.496023,12,496.0233525,472.40645124532455,471.8911186147831
-8,20250618::index=13.496023,13,496.0233525,494.73371206266495,493.91655108678856
-8,20250618::index=13.496023,14,496.0233525,520.513240063076,520.6462428801677
-8,20250618::index=13.496023,20,496.0233525,494.7218518844698,494.5462501553177
-8,20250618::index=13.496023,34,496.0233525,486.03789747265364,485.6206931748408
-8,20250618::index=13.496023,39,496.0233525,488.8750228118156,488.25710159253674
-8,20250618::index=13.496023,42,496.0233525,442.5268150262458,442.56394530331073
-8,20250618::index=13.496023,44,496.0233525,493.9964263184616,493.34529226933654
-8,20250618::index=13.496023,48,496.0233525,483.0242560180296,483.12499878508
-8,20250618::index=13.496023,51,496.0233525,479.57038201664176,479.2751018308619
-8,20250618::index=13.496023,53,496.0233525,484.4797486904102,483.33173269649836
-8,20250618::index=13.496023,54,496.0233525,517.6313653265069,517.1651176451505
-8,20250618::index=13.496023,59,496.0233525,505.1892041060384,504.28304649104876
-8,20250611::index=14.5.54E+05,8,554.1963218000001,559.7088942957146,559.0039372455607
-8,20250611::index=14.5.54E+05,9,554.1963218000001,549.1633453735838,548.39661809596
-8,20250611::index=14.5.54E+05,10,554.1963218000001,542.5222208951218,541.9852677731916
-8,20250611::index=14.5.54E+05,14,554.1963218000001,558.1472956203646,557.7555923597675
-8,20250611::index=14.5.54E+05,29,554.1963218000001,549.7984221536934,548.963230751627
-8,20250611::index=14.5.54E+05,30,554.1963218000001,486.73472612100795,486.4350570450002
-8,20250611::index=14.5.54E+05,33,554.1963218000001,599.8954161297705,599.7426391672457
-8,20250611::index=14.5.54E+05,36,554.1963218000001,553.3393814359217,552.9464602240623
-8,20250611::index=14.5.54E+05,43,554.1963218000001,547.4948528365474,546.5648818923752
-8,20250611::index=14.5.54E+05,48,554.1963218000001,537.5690089593608,536.9691800492941
-8,20250611::index=14.5.54E+05,50,554.1963218000001,553.1308120615676,552.2202044675889
-8,20250611::index=14.5.54E+05,51,554.1963218000001,564.1171633850457,562.9579108828162
-8,20250611::index=14.5.54E+05,54,554.1963218000001,546.2598515918464,544.9717871265524
-8,20250611::index=14.5.54E+05,57,554.1963218000001,543.3935868323041,542.5383973561594
-8,20250611::index=14.5.54E+05,58,554.1963218000001,519.3178400974672,518.6356812474135
-8,20250618::index=14.562158,8,562.1587854,554.1120847509952,553.1163033367469
-8,20250618::index=14.562158,9,562.1587854,564.7404500168747,564.2578030052148
-8,20250618::index=14.562158,10,562.1587854,560.541219891757,560.202865554071
-8,20250618::index=14.562158,14,562.1587854,570.5846798360196,570.3605709717694
-8,20250618::index=14.562158,29,562.1587854,550.4301434816854,549.3312727771743
-8,20250618::index=14.562158,30,562.1587854,564.3142526439806,563.741649651438
-8,20250618::index=14.562158,33,562.1587854,559.5819629925977,559.2369752978111
-8,20250618::index=14.562158,36,562.1587854,584.6810177161423,584.6684212678791
-8,20250618::index=14.562158,43,562.1587854,576.0216223808108,576.0227359034801
-8,20250618::index=14.562158,48,562.1587854,530.8222311961603,530.6506181188038
-8,20250618::index=14.562158,50,562.1587854,560.5833216867288,560.4090642224455
-8,20250618::index=14.562158,51,562.1587854,559.9106940295353,559.0503727862906
-8,20250618::index=14.562158,54,562.1587854,550.4193543839622,549.713667730516
-8,20250618::index=14.562158,57,562.1587854,556.198403393927,555.8480124501136
-8,20250618::index=14.562158,58,562.1587854,576.86744645027,576.9642988289802
-8,20250611::index=4.5.76E+04,2,57.59331665,111.38526853489026,111.08582365876504
-8,20250611::index=4.5.76E+04,3,57.59331665,92.97924914716637,92.51272978516826
-8,20250611::index=4.5.76E+04,6,57.59331665,83.02871319065144,82.36044887613087
-8,20250611::index=4.5.76E+04,11,57.59331665,105.68405806448803,105.62426163859796
-8,20250611::index=4.5.76E+04,13,57.59331665,90.21340660943783,89.90378290075355
-8,20250611::index=4.5.76E+04,15,57.59331665,118.3590215358831,117.70546664742314
-8,20250611::index=4.5.76E+04,18,57.59331665,108.17760095289064,107.97925586928851
-8,20250611::index=4.5.76E+04,33,57.59331665,95.28312669176445,95.99092561754935
-8,20250611::index=4.5.76E+04,38,57.59331665,114.60309448523412,114.23279895697347
-8,20250611::index=4.5.76E+04,41,57.59331665,114.37019113154942,114.29444651129957
-8,20250611::index=4.5.76E+04,42,57.59331665,92.65009263871448,91.76691556006324
-8,20250611::index=4.5.76E+04,44,57.59331665,84.02482405148834,83.10064168994775
-8,20250611::index=4.5.76E+04,46,57.59331665,91.71166579552684,91.4449320075456
-8,20250611::index=4.5.76E+04,54,57.59331665,109.54986550729683,109.2801649130772
-8,20250611::index=4.5.76E+04,55,57.59331665,120.00549725878423,119.23352967798276
-8,20250618::index=4.58389,2,58.38985471,141.68011776901974,141.22288729874066
-8,20250618::index=4.58389,3,58.38985471,131.2538708382296,130.92237667896512
-8,20250618::index=4.58389,6,58.38985471,133.99645251209313,133.18749366734374
-8,20250618::index=4.58389,11,58.38985471,128.2393481732437,128.8440300829168
-8,20250618::index=4.58389,13,58.38985471,135.1684543661048,135.1833931688561
-8,20250618::index=4.58389,15,58.38985471,136.56867163345515,136.84480621737939
-8,20250618::index=4.58389,18,58.38985471,126.52300534981113,126.3446487688612
-8,20250618::index=4.58389,33,58.38985471,134.1026696877664,134.4733060961017
-8,20250618::index=4.58389,38,58.38985471,127.6122981260348,127.84276099963748
-8,20250618::index=4.58389,41,58.38985471,124.38376328576192,124.15316217714657
-8,20250618::index=4.58389,42,58.38985471,142.47331712157245,141.84106769566768
-8,20250618::index=4.58389,44,58.38985471,131.86277724139376,131.53481201344135
-8,20250618::index=4.58389,46,58.38985471,135.41174745433014,134.79403480531482
-8,20250618::index=4.58389,54,58.38985471,124.90792066809908,124.84863865119587
-8,20250618::index=4.58389,55,58.38985471,130.3038769686181,130.00225648688092
-8,20250611::index=15.6.24E+05,3,624.4425514,661.0248092956173,660.3197780958969
-8,20250611::index=15.6.24E+05,4,624.4425514,620.6586802902307,619.2876111247974
-8,20250611::index=15.6.24E+05,11,624.4425514,637.4358684257171,636.8436158324298
-8,20250611::index=15.6.24E+05,13,624.4425514,584.2160177181267,583.9283840332843
-8,20250611::index=15.6.24E+05,14,624.4425514,611.5907491568944,609.7828374459257
-8,20250611::index=15.6.24E+05,18,624.4425514,609.6590170160288,608.5195784332037
-8,20250611::index=15.6.24E+05,19,624.4425514,621.3212644798514,619.837041537613
-8,20250611::index=15.6.24E+05,27,624.4425514,621.8386392713459,621.8680725320088
-8,20250611::index=15.6.24E+05,39,624.4425514,620.8378559508873,620.2698793356789
-8,20250611::index=15.6.24E+05,43,624.4425514,642.214790416379,641.3511153010023
-8,20250611::index=15.6.24E+05,46,624.4425514,622.773332006973,623.0755628067675
-8,20250611::index=15.6.24E+05,51,624.4425514,617.0609788508174,616.0834789222207
-8,20250611::index=15.6.24E+05,55,624.4425514,625.4271424659404,624.0658701866967
-8,20250611::index=15.6.24E+05,57,624.4425514,610.7108395769621,610.2695792190435
-8,20250611::index=15.6.24E+05,58,624.4425514,621.2609716419929,619.8604276888328
-8,20250618::index=15.633482,3,633.482536,633.0339547625086,632.5396899085282
-8,20250618::index=15.633482,4,633.482536,630.9577558638947,630.3366942031008
-8,20250618::index=15.633482,11,633.482536,637.5826901220601,636.6189820819972
-8,20250618::index=15.633482,13,633.482536,607.6418023694317,607.3534767117353
-8,20250618::index=15.633482,14,633.482536,634.9916978302826,634.2121060511361
-8,20250618::index=15.633482,18,633.482536,612.1351533773089,611.5392684986289
-8,20250618::index=15.633482,19,633.482536,638.0717425529896,638.1324485137789
-8,20250618::index=15.633482,27,633.482536,606.045547394279,605.4390796454813
-8,20250618::index=15.633482,39,633.482536,585.1724024617233,584.6803472460854
-8,20250618::index=15.633482,43,633.482536,645.9178716593583,645.0729661617721
-8,20250618::index=15.633482,46,633.482536,667.3830111018056,665.9915056637145
-8,20250618::index=15.633482,51,633.482536,689.4419610076612,688.7951185273843
-8,20250618::index=15.633482,55,633.482536,605.5713100529026,605.8628455085721
-8,20250618::index=15.633482,57,633.482536,639.9832872767057,640.2203115864585
-8,20250618::index=15.633482,58,633.482536,636.6188808540409,636.4617636832968
-8,20250611::index=16.6.98E+05,2,698.421296,669.9565301432273,668.5931488362602
-8,20250611::index=16.6.98E+05,6,698.421296,708.7533808031632,707.331479562725
-8,20250611::index=16.6.98E+05,9,698.421296,677.7440597597824,675.690898334298
-8,20250611::index=16.6.98E+05,10,698.421296,675.2529434598847,674.3320271065053
-8,20250611::index=16.6.98E+05,13,698.421296,700.9058335014644,700.2361351482174
-8,20250611::index=16.6.98E+05,17,698.421296,693.9397477892809,692.4674454402178
-8,20250611::index=16.6.98E+05,35,698.421296,691.4650193381324,690.420977162882
-8,20250611::index=16.6.98E+05,37,698.421296,691.8442339082646,690.8543703776892
-8,20250611::index=16.6.98E+05,39,698.421296,696.6033789343617,696.9099133275598
-8,20250611::index=16.6.98E+05,40,698.421296,703.9777476417338,702.6607508735274
-8,20250611::index=16.6.98E+05,46,698.421296,738.4181674255796,738.4425615070666
-8,20250611::index=16.6.98E+05,47,698.421296,705.0974431818988,704.3489852681765
-8,20250611::index=16.6.98E+05,52,698.421296,753.7314785058489,753.4260003579845
-8,20250611::index=16.6.98E+05,55,698.421296,692.3319277066104,692.7761343913768
-8,20250611::index=16.6.98E+05,57,698.421296,698.159810942314,697.2690807205178
-8,20250618::index=16.709792,2,709.7927143,707.6695850035676,708.1273800152283
-8,20250618::index=16.709792,6,709.7927143,734.6558919768695,732.743140410734
-8,20250618::index=16.709792,9,709.7927143,701.7926340779924,701.0314982661756
-8,20250618::index=16.709792,10,709.7927143,744.1730115419359,742.5900746361485
-8,20250618::index=16.709792,13,709.7927143,716.803986983866,715.7628590284202
-8,20250618::index=16.709792,17,709.7927143,725.0478492293873,725.544699265303
-8,20250618::index=16.709792,35,709.7927143,712.8543530949485,712.1631573622258
-8,20250618::index=16.709792,37,709.7927143,707.6040090488726,706.9536280065308
-8,20250618::index=16.709792,39,709.7927143,692.4312303025357,691.0773923616104
-8,20250618::index=16.709792,40,709.7927143,741.009566478041,740.234479355034
-8,20250618::index=16.709792,46,709.7927143,752.9771410954526,752.1919955843056
-8,20250618::index=16.709792,47,709.7927143,722.8769463552214,722.4190464817675
-8,20250618::index=16.709792,52,709.7927143,713.6319014866572,714.0532675394595
-8,20250618::index=16.709792,55,709.7927143,706.942797190334,706.1125140636987
-8,20250618::index=16.709792,57,709.7927143,670.4185205692542,671.1383413744474
-8,20250611::index=17.7.77E+05,5,776.6472223000001,767.5981373584382,767.8763861182201
-8,20250611::index=17.7.77E+05,6,776.6472223000001,790.354176841604,789.5598766318858
-8,20250611::index=17.7.77E+05,7,776.6472223000001,773.16534272662,772.1399458466323
-8,20250611::index=17.7.77E+05,8,776.6472223000001,781.7342191060288,781.0146271446324
-8,20250611::index=17.7.77E+05,10,776.6472223000001,773.5528378361633,773.3135373569731
-8,20250611::index=17.7.77E+05,14,776.6472223000001,766.0761873172274,764.6313005731464
-8,20250611::index=17.7.77E+05,19,776.6472223000001,792.5464613257644,790.5393383245549
-8,20250611::index=17.7.77E+05,24,776.6472223000001,774.3315609620607,773.4988853962858
-8,20250611::index=17.7.77E+05,26,776.6472223000001,772.3756854201303,771.519138081761
-8,20250611::index=17.7.77E+05,31,776.6472223000001,797.8213065065603,797.6852693932728
-8,20250611::index=17.7.77E+05,41,776.6472223000001,774.8577419974956,773.5290888182531
-8,20250611::index=17.7.77E+05,52,776.6472223000001,798.1336741618622,798.1026929786349
-8,20250611::index=17.7.77E+05,53,776.6472223000001,798.4240562729555,798.0930970277853
-8,20250611::index=17.7.77E+05,54,776.6472223000001,768.5811120715223,767.8575853880262
-8,20250611::index=17.7.77E+05,55,776.6472223000001,775.8146408622447,774.4005214003608
-8,20250618::index=17.789500,5,789.5001968,774.8915659871316,774.2956638024704
-8,20250618::index=17.789500,6,789.5001968,822.3129889130895,821.362384764472
-8,20250618::index=17.789500,7,789.5001968,752.258107539664,752.1087943655716
-8,20250618::index=17.789500,8,789.5001968,722.0664371877087,721.764525729946
-8,20250618::index=17.789500,10,789.5001968,754.5231561361459,753.4294496481683
-8,20250618::index=17.789500,14,789.5001968,840.3964583855415,839.4881966866901
-8,20250618::index=17.789500,19,789.5001968,806.7390809148533,805.7455971670146
-8,20250618::index=17.789500,24,789.5001968,767.8725083135456,766.1681038037583
-8,20250618::index=17.789500,26,789.5001968,839.4323041667263,838.3230668186912
-8,20250618::index=17.789500,31,789.5001968,766.4569694149469,766.7071850143047
-8,20250618::index=17.789500,41,789.5001968,751.6055326211639,750.4544905013444
-8,20250618::index=17.789500,52,789.5001968,767.2247522086749,766.5959306122941
-8,20250618::index=17.789500,53,789.5001968,770.5718018594466,770.2222248718971
-8,20250618::index=17.789500,54,789.5001968,804.4250734026557,803.3859352754051
-8,20250618::index=17.789500,55,789.5001968,799.6806128283798,798.2146464832251
-8,20250611::index=18.8.59E+05,0,859.3439142,843.8456686571722,842.1694065257825
-8,20250611::index=18.8.59E+05,5,859.3439142,834.9264163532945,834.1260748292126
-8,20250611::index=18.8.59E+05,14,859.3439142,851.425250744331,850.3904224624388
-8,20250611::index=18.8.59E+05,18,859.3439142,823.0401737392529,822.0689960033518
-8,20250611::index=18.8.59E+05,19,859.3439142,842.1261012830363,840.7766945434804
-8,20250611::index=18.8.59E+05,21,859.3439142,844.3692013766523,843.6966585411099
-8,20250611::index=18.8.59E+05,26,859.3439142,846.1024840639485,845.4109226289024
-8,20250611::index=18.8.59E+05,27,859.3439142,853.2699129600516,852.1436938969376
-8,20250611::index=18.8.59E+05,32,859.3439142,849.1089462006008,849.1882989674335
-8,20250611::index=18.8.59E+05,36,859.3439142,846.6446051855442,845.5416335978468
-8,20250611::index=18.8.59E+05,43,859.3439142,802.2392324183454,801.2066028540265
-8,20250611::index=18.8.59E+05,53,859.3439142,848.8045220477185,847.208174575624
-8,20250611::index=18.8.59E+05,54,859.3439142,844.1801054355034,842.4055614178958
-8,20250611::index=18.8.59E+05,56,859.3439142,848.0895986564175,847.5478361156577
-8,20250611::index=18.8.59E+05,57,859.3439142,846.8917752360405,845.4873794706649
-8,20250618::index=18.873637,0,873.6370359,855.7980781614929,855.1908052932079
-8,20250618::index=18.873637,5,873.6370359,855.7648223238934,855.0306590732314
-8,20250618::index=18.873637,14,873.6370359,857.4549728153868,857.5061951587326
-8,20250618::index=18.873637,18,873.6370359,856.3242221176445,854.4662967320808
-8,20250618::index=18.873637,19,873.6370359,847.0355660317813,845.2368094717924
-8,20250618::index=18.873637,21,873.6370359,848.8446524018366,847.4518123939802
-8,20250618::index=18.873637,26,873.6370359,870.2745698551726,868.6248498125944
-8,20250618::index=18.873637,27,873.6370359,842.8240267713961,841.3106239755239
-8,20250618::index=18.873637,32,873.6370359,853.6622534780339,853.4046171310736
-8,20250618::index=18.873637,36,873.6370359,844.6933549340524,843.6928631230012
-8,20250618::index=18.873637,43,873.6370359,851.0245908714721,849.8924440326487
-8,20250618::index=18.873637,53,873.6370359,849.4086967793876,849.4238959625195
-8,20250618::index=18.873637,54,873.6370359,840.1763898093451,838.6808453915471
-8,20250618::index=18.873637,56,873.6370359,860.2229710910489,858.9375677602203
-8,20250618::index=18.873637,57,873.6370359,843.6345218138381,842.9100171996606
-12,20250618::index=1.0,0,-1.42e-09,122.04394762613656,118.91436787538088
-12,20250618::index=1.0,3,-1.42e-09,125.48461088456361,125.61045207820699
-12,20250618::index=1.0,5,-1.42e-09,131.2419007360146,130.2821420663451
-12,20250618::index=1.0,12,-1.42e-09,128.13481900633627,127.65689725987045
-12,20250618::index=1.0,13,-1.42e-09,132.1127400703404,130.86228643228895
-12,20250618::index=1.0,31,-1.42e-09,124.87491188650972,124.48840447721534
-12,20250618::index=1.0,33,-1.42e-09,137.85921254311398,137.12397673462542
-12,20250618::index=1.0,36,-1.42e-09,140.30195063588843,139.53882621911595
-12,20250618::index=1.0,45,-1.42e-09,122.52671066343308,121.33664626255579
-12,20250618::index=1.0,46,-1.42e-09,136.6080648206846,137.11716947476248
-12,20250618::index=1.0,48,-1.42e-09,140.96792963011424,140.45283421917185
-12,20250618::index=1.0,50,-1.42e-09,115.08488067508048,115.31867577868535
-12,20250618::index=1.0,52,-1.42e-09,132.3102493340495,131.09809835073014
-12,20250618::index=1.0,54,-1.42e-09,119.50049147464908,119.68799225686318
-12,20250618::index=1.0,57,-1.42e-09,138.36610943679082,138.83608260281002
-12,20250611::index=1.3.28E-04,0,3.280469999999e-07,111.1954383286634,107.86461670004431
-12,20250611::index=1.3.28E-04,3,3.280469999999e-07,113.54846533627403,113.97353318905014
-12,20250611::index=1.3.28E-04,5,3.280469999999e-07,115.80726985723823,114.84505837657277
-12,20250611::index=1.3.28E-04,12,3.280469999999e-07,110.46093742801739,109.20082305368871
-12,20250611::index=1.3.28E-04,13,3.280469999999e-07,106.61031252186115,105.78544561876329
-12,20250611::index=1.3.28E-04,31,3.280469999999e-07,123.80728086155501,124.21006309503655
-12,20250611::index=1.3.28E-04,33,3.280469999999e-07,119.25489308265168,118.57423324586695
-12,20250611::index=1.3.28E-04,36,3.280469999999e-07,128.63822554038336,129.42483609463713
-12,20250611::index=1.3.28E-04,45,3.280469999999e-07,115.58776290897728,113.97798547033574
-12,20250611::index=1.3.28E-04,46,3.280469999999e-07,125.29882147614995,124.11022824648165
-12,20250611::index=1.3.28E-04,48,3.280469999999e-07,116.25721965705411,116.13734993787122
-12,20250611::index=1.3.28E-04,50,3.280469999999e-07,109.22138629550516,108.83544410404942
-12,20250611::index=1.3.28E-04,52,3.280469999999e-07,106.69748362951276,106.08276795554809
-12,20250611::index=1.3.28E-04,54,3.280469999999e-07,106.26409798889048,106.0654013380704
-12,20250611::index=1.3.28E-04,57,3.280469999999e-07,121.9550423737208,121.21056431323919
-12,20250611::index=5.1.11E+05,17,111.2647017,102.64843907598498,102.31772049364436
-12,20250611::index=5.1.11E+05,19,111.2647017,106.18084519107728,104.20866488927754
-12,20250611::index=5.1.11E+05,21,111.2647017,102.5204808904267,100.84836846185509
-12,20250611::index=5.1.11E+05,23,111.2647017,107.2409896909552,104.78899319090304
-12,20250611::index=5.1.11E+05,28,111.2647017,106.34254547255615,105.31157296894698
-12,20250611::index=5.1.11E+05,34,111.2647017,105.68578297857132,105.55242707411041
-12,20250611::index=5.1.11E+05,35,111.2647017,129.17957829716428,127.56298109728722
-12,20250611::index=5.1.11E+05,41,111.2647017,120.70253373473115,120.0264614305824
-12,20250611::index=5.1.11E+05,46,111.2647017,117.5111644607304,116.89846878902387
-12,20250611::index=5.1.11E+05,47,111.2647017,112.96425914635316,109.72070361690712
-12,20250611::index=5.1.11E+05,48,111.2647017,117.45081972878468,117.39328004272782
-12,20250611::index=5.1.11E+05,51,111.2647017,109.54821926976393,108.52345224069073
-12,20250611::index=5.1.11E+05,55,111.2647017,108.05670027898167,107.55437263680248
-12,20250611::index=5.1.11E+05,56,111.2647017,120.85372416731019,120.10524393524386
-12,20250611::index=5.1.11E+05,58,111.2647017,109.9623290601198,109.07480892751681
-12,20250618::index=5.113188,17,113.1882901,118.98025771549702,118.84181878882178
-12,20250618::index=5.113188,19,113.1882901,101.61404031998268,100.57243065494764
-12,20250618::index=5.113188,21,113.1882901,109.90679897452766,109.09621876337899
-12,20250618::index=5.113188,23,113.1882901,107.21706495494395,106.7643609539079
-12,20250618::index=5.113188,28,113.1882901,99.41270122506461,99.26818094622945
-12,20250618::index=5.113188,34,113.1882901,103.71887109122291,103.7644097508335
-12,20250618::index=5.113188,35,113.1882901,125.96211810123852,126.09052548851432
-12,20250618::index=5.113188,41,113.1882901,108.38128855554667,108.23437897539006
-12,20250618::index=5.113188,46,113.1882901,100.07262233288584,100.11715499448276
-12,20250618::index=5.113188,47,113.1882901,110.81861777466071,109.01909259918656
-12,20250618::index=5.113188,48,113.1882901,108.41158412886733,108.26480238957359
-12,20250618::index=5.113188,51,113.1882901,111.77811051686112,111.45883140372926
-12,20250618::index=5.113188,55,113.1882901,103.14078102799341,102.96668095420885
-12,20250618::index=5.113188,56,113.1882901,109.16183427983886,108.60541983071958
-12,20250618::index=5.113188,58,113.1882901,105.69409813430508,105.31855786414071
-12,20250611::index=6.1.44E+05,6,144.32426180000002,105.43855519476156,105.78988689405605
-12,20250611::index=6.1.44E+05,11,144.32426180000002,109.57638810418024,106.58751172211048
-12,20250611::index=6.1.44E+05,13,144.32426180000002,110.78839449441568,110.42436695401025
-12,20250611::index=6.1.44E+05,26,144.32426180000002,118.35068729598018,116.19224885172898
-12,20250611::index=6.1.44E+05,31,144.32426180000002,109.82568656646103,107.22896139970987
-12,20250611::index=6.1.44E+05,34,144.32426180000002,102.0494280881281,101.90886128861727
-12,20250611::index=6.1.44E+05,35,144.32426180000002,131.77943743944377,129.3438718100912
-12,20250611::index=6.1.44E+05,36,144.32426180000002,114.42874615595859,113.8520164995175
-12,20250611::index=6.1.44E+05,38,144.32426180000002,111.21759227525177,110.48571939774831
-12,20250611::index=6.1.44E+05,40,144.32426180000002,109.96133812357236,109.50678731665633
-12,20250611::index=6.1.44E+05,46,144.32426180000002,116.71717666711648,115.00193001192633
-12,20250611::index=6.1.44E+05,47,144.32426180000002,107.254463402996,104.70347829642321
-12,20250611::index=6.1.44E+05,56,144.32426180000002,116.60230597088128,116.64585416602375
-12,20250611::index=6.1.44E+05,58,144.32426180000002,114.13969577307928,112.05154892364226
-12,20250611::index=6.1.44E+05,59,144.32426180000002,108.81946067858999,108.44517943544771
-12,20250618::index=6.146381,6,146.38165049999998,108.26107877382833,107.64362219299673
-12,20250618::index=6.146381,11,146.38165049999998,108.74279082048685,107.67229006500581
-12,20250618::index=6.146381,13,146.38165049999998,104.54915061785313,104.61376015284463
-12,20250618::index=6.146381,26,146.38165049999998,121.27755785949428,119.62047222359968
-12,20250618::index=6.146381,31,146.38165049999998,109.47547750034892,109.57236186012484
-12,20250618::index=6.146381,34,146.38165049999998,105.67853718116756,105.53312462083309
-12,20250618::index=6.146381,35,146.38165049999998,132.2832239798837,131.71278323594902
-12,20250618::index=6.146381,36,146.38165049999998,118.8961333001552,118.94232891383642
-12,20250618::index=6.146381,38,146.38165049999998,121.08112071244632,119.01888259577373
-12,20250618::index=6.146381,40,146.38165049999998,106.51876463241912,106.00020173060302
-12,20250618::index=6.146381,46,146.38165049999998,109.34490264274974,107.97819983798976
-12,20250618::index=6.146381,47,146.38165049999998,110.70833132339892,110.9469957008118
-12,20250618::index=6.146381,56,146.38165049999998,114.45211131164656,114.83568201814973
-12,20250618::index=6.146381,58,146.38165049999998,120.87425798895671,119.20793221335572
-12,20250618::index=6.146381,59,146.38165049999998,94.81742475101751,93.32014672634674
-12,20250611::index=7.1.81E+05,4,181.378003,105.65852417100602,105.29332745899862
-12,20250611::index=7.1.81E+05,5,181.378003,104.6262911104095,102.11878093198543
-12,20250611::index=7.1.81E+05,10,181.378003,113.71824373857226,112.6268563097942
-12,20250611::index=7.1.81E+05,15,181.378003,111.92790736483047,111.41422493865251
-12,20250611::index=7.1.81E+05,18,181.378003,104.82890817890484,104.71033082066324
-12,20250611::index=7.1.81E+05,20,181.378003,118.3885663026962,117.84554025538368
-12,20250611::index=7.1.81E+05,26,181.378003,123.72266855805525,121.76687717890819
-12,20250611::index=7.1.81E+05,28,181.378003,107.58128193915378,104.05817858956951
-12,20250611::index=7.1.81E+05,33,181.378003,122.52263370192284,121.96323772895104
-12,20250611::index=7.1.81E+05,37,181.378003,118.32053535605688,115.16603219501866
-12,20250611::index=7.1.81E+05,41,181.378003,107.19210463943612,107.74657322850632
-12,20250611::index=7.1.81E+05,44,181.378003,109.75696767723876,109.45191239643705
-12,20250611::index=7.1.81E+05,56,181.378003,110.04535272728636,108.9112753472124
-12,20250611::index=7.1.81E+05,57,181.378003,129.57958296942172,129.48933627987623
-12,20250611::index=7.1.81E+05,58,181.378003,115.26563697498308,112.51146726974052
-12,20250618::index=7.184190,4,184.1909699,111.59457666017492,109.66736900598266
-12,20250618::index=7.184190,5,184.1909699,112.55850354186502,113.00826312054403
-12,20250618::index=7.184190,10,184.1909699,111.36559378270016,109.94548393281005
-12,20250618::index=7.184190,15,184.1909699,123.11616791144118,122.00518512782793
-12,20250618::index=7.184190,18,184.1909699,113.6386057941112,113.74384227534071
-12,20250618::index=7.184190,20,184.1909699,116.11438854690981,113.65811829175189
-12,20250618::index=7.184190,26,184.1909699,120.4163506112342,119.44237387262079
-12,20250618::index=7.184190,28,184.1909699,122.43328527230392,122.36528231335441
-12,20250618::index=7.184190,33,184.1909699,163.02051117891008,161.59054017557722
-12,20250618::index=7.184190,37,184.1909699,128.4044701097828,125.42995729687514
-12,20250618::index=7.184190,41,184.1909699,129.74878353416946,129.2078164064312
-12,20250618::index=7.184190,44,184.1909699,127.96484324035627,126.05778910236499
-12,20250618::index=7.184190,56,184.1909699,131.0857794219031,130.48990276409296
-12,20250618::index=7.184190,57,184.1909699,135.71893276673927,135.43804300347864
-12,20250618::index=7.184190,58,184.1909699,130.13005330809247,130.06309749750295
-12,20250611::index=3.2.10E+04,1,20.97971604,112.18729686927712,109.54812069818784
-12,20250611::index=3.2.10E+04,6,20.97971604,100.85703607192448,99.52434104339854
-12,20250611::index=3.2.10E+04,11,20.97971604,106.32743229596372,105.98773257831985
-12,20250611::index=3.2.10E+04,22,20.97971604,107.43908423785436,106.30560691298633
-12,20250611::index=3.2.10E+04,28,20.97971604,98.01550022989102,97.38209036175114
-12,20250611::index=3.2.10E+04,33,20.97971604,115.64360422018648,115.5277975675522
-12,20250611::index=3.2.10E+04,34,20.97971604,108.70402884642932,108.2654066386557
-12,20250611::index=3.2.10E+04,36,20.97971604,101.98230245818439,101.41800763399976
-12,20250611::index=3.2.10E+04,41,20.97971604,107.72626565274597,105.60925689687114
-12,20250611::index=3.2.10E+04,42,20.97971604,113.25496114334048,113.37388239595569
-12,20250611::index=3.2.10E+04,52,20.97971604,103.82381820852265,103.14349168201944
-12,20250611::index=3.2.10E+04,54,20.97971604,116.24745452469115,116.57729782402043
-12,20250611::index=3.2.10E+04,56,20.97971604,104.71194105011564,103.59315714671901
-12,20250611::index=3.2.10E+04,57,20.97971604,111.64863198036228,110.71601922762122
-12,20250611::index=3.2.10E+04,59,20.97971604,107.73024424043146,105.69577274619158
-12,20250618::index=3.21242,1,21.24286319,115.09931325136117,115.02606196494527
-12,20250618::index=3.21242,6,21.24286319,128.2436073755447,127.80226011980481
-12,20250618::index=3.21242,11,21.24286319,114.23210932094072,113.27414172488442
-12,20250618::index=3.21242,22,21.24286319,129.04944963003916,128.9687345479048
-12,20250618::index=3.21242,28,21.24286319,127.55414192291137,126.97492452392918
-12,20250618::index=3.21242,33,21.24286319,125.66090172116263,125.0965782547226
-12,20250618::index=3.21242,34,21.24286319,113.4749641047859,112.2542077401071
-12,20250618::index=3.21242,36,21.24286319,136.00630400212142,135.81034862471242
-12,20250618::index=3.21242,41,21.24286319,128.93512279391445,127.02474582783734
-12,20250618::index=3.21242,42,21.24286319,124.44447472972624,123.63450060841951
-12,20250618::index=3.21242,52,21.24286319,129.24398746832776,129.69448418755584
-12,20250618::index=3.21242,54,21.24286319,115.33743225273456,115.73729910603444
-12,20250618::index=3.21242,56,21.24286319,130.60323471729035,129.83109198270168
-12,20250618::index=3.21242,57,21.24286319,125.88363942929304,125.40583136088922
-12,20250618::index=3.21242,59,21.24286319,114.0740080786356,114.04048902294132
-12,20250611::index=8.2.22E+05,0,221.5051102,116.31249919871846,113.51015198465568
-12,20250611::index=8.2.22E+05,4,221.5051102,109.5124806735844,109.84644621117448
-12,20250611::index=8.2.22E+05,6,221.5051102,114.82895959820974,114.30132012952097
-12,20250611::index=8.2.22E+05,9,221.5051102,114.7411147069427,111.65039974964854
-12,20250611::index=8.2.22E+05,13,221.5051102,108.6035848845102,106.96069594302607
-12,20250611::index=8.2.22E+05,15,221.5051102,116.4729571792476,116.60740673512241
-12,20250611::index=8.2.22E+05,17,221.5051102,116.56867572746584,116.06195938075547
-12,20250611::index=8.2.22E+05,22,221.5051102,112.7047274751907,112.39435183942528
-12,20250611::index=8.2.22E+05,24,221.5051102,111.3757893523957,109.91742968314804
-12,20250611::index=8.2.22E+05,28,221.5051102,124.8526869285078,123.55699529575043
-12,20250611::index=8.2.22E+05,31,221.5051102,119.90509330657079,119.6502430332172
-12,20250611::index=8.2.22E+05,39,221.5051102,128.74067073452142,129.4882749087268
-12,20250611::index=8.2.22E+05,40,221.5051102,115.64094460993027,115.78261003930655
-12,20250611::index=8.2.22E+05,50,221.5051102,108.63104123691424,109.03580544707783
-12,20250611::index=8.2.22E+05,59,221.5051102,105.95581047697864,105.99342446363009
-12,20250618::index=8.225704,0,225.70496179999998,118.68756163344652,115.82910389612293
-12,20250618::index=8.225704,4,225.70496179999998,161.22644183732055,161.02676475984194
-12,20250618::index=8.225704,6,225.70496179999998,131.44487041422377,131.789892994394
-12,20250618::index=8.225704,9,225.70496179999998,123.71189204036077,121.56686396306327
-12,20250618::index=8.225704,13,225.70496179999998,253.6285853083244,251.6680349871039
-12,20250618::index=8.225704,15,225.70496179999998,145.52925718625698,145.537735924819
-12,20250618::index=8.225704,17,225.70496179999998,126.47781571082392,126.66189907921206
-12,20250618::index=8.225704,22,225.70496179999998,128.874891898654,128.1141303013991
-12,20250618::index=8.225704,24,225.70496179999998,122.52891896038336,121.59944997139552
-12,20250618::index=8.225704,28,225.70496179999998,138.75311914658076,139.37356948833573
-12,20250618::index=8.225704,31,225.70496179999998,123.42386809490404,122.87936638255714
-12,20250618::index=8.225704,39,225.70496179999998,173.8057701788384,174.06843822618322
-12,20250618::index=8.225704,40,225.70496179999998,124.15140028261604,122.96353021527665
-12,20250618::index=8.225704,50,225.70496179999998,222.29780295604175,222.24158032919578
-12,20250618::index=8.225704,59,225.70496179999998,127.04119587809012,126.59348134428325
-12,20250611::index=2.2.36E+03,0,2.35533535,111.69377035053824,108.97809803832749
-12,20250611::index=2.2.36E+03,2,2.35533535,111.64684910275218,110.05389707578436
-12,20250611::index=2.2.36E+03,3,2.35533535,104.84490271695054,103.82597610180999
-12,20250611::index=2.2.36E+03,14,2.35533535,114.67978074229852,113.21337894023524
-12,20250611::index=2.2.36E+03,21,2.35533535,107.17643564805346,106.60905369499929
-12,20250611::index=2.2.36E+03,23,2.35533535,113.15402134661488,112.89020966089033
-12,20250611::index=2.2.36E+03,29,2.35533535,108.09608815917152,106.39402558254913
-12,20250611::index=2.2.36E+03,36,2.35533535,110.1585854546546,108.95705629604265
-12,20250611::index=2.2.36E+03,37,2.35533535,110.03932121420425,108.42027819951059
-12,20250611::index=2.2.36E+03,44,2.35533535,104.69693479232885,103.98591329060898
-12,20250611::index=2.2.36E+03,47,2.35533535,108.06792825848862,107.11344415231291
-12,20250611::index=2.2.36E+03,48,2.35533535,114.53882166253348,114.49688630308574
-12,20250611::index=2.2.36E+03,54,2.35533535,111.86667864066492,111.44490034617046
-12,20250611::index=2.2.36E+03,55,2.35533535,113.85016831784347,114.15511866100687
-12,20250611::index=2.2.36E+03,59,2.35533535,102.5911841515805,103.14959125889854
-12,20250618::index=2.2380,0,2.380025286,117.70987264798168,115.34586483408641
-12,20250618::index=2.2380,2,2.380025286,126.87004197359212,126.98341302785076
-12,20250618::index=2.2380,3,2.380025286,118.55006725687534,117.91165217822122
-12,20250618::index=2.2380,14,2.380025286,111.43099909554026,110.17460874271681
-12,20250618::index=2.2380,21,2.380025286,108.49821020344253,106.72217510204233
-12,20250618::index=2.2380,23,2.380025286,121.80901817061869,121.47394095178703
-12,20250618::index=2.2380,29,2.380025286,114.15972150249284,111.26468050324124
-12,20250618::index=2.2380,36,2.380025286,134.847166340537,134.51464616076328
-12,20250618::index=2.2380,37,2.380025286,124.48016527334043,121.94098341242793
-12,20250618::index=2.2380,44,2.380025286,152.79494201624405,151.7199694935654
-12,20250618::index=2.2380,47,2.380025286,118.02025532686403,116.77931156317389
-12,20250618::index=2.2380,48,2.380025286,131.51460335771696,131.2363848476137
-12,20250618::index=2.2380,54,2.380025286,116.96342976105781,117.80220126566128
-12,20250618::index=2.2380,55,2.380025286,124.97612946062544,123.75576055961915
-12,20250618::index=2.2380,59,2.380025286,116.97128648595948,117.2904007334708
-12,20250611::index=9.2.67E+05,3,266.90769650000004,278.3227843055433,277.5470829673155
-12,20250611::index=9.2.67E+05,6,266.90769650000004,266.1815267724945,265.56877839874835
-12,20250611::index=9.2.67E+05,7,266.90769650000004,294.38144404352306,293.80318721652475
-12,20250611::index=9.2.67E+05,15,266.90769650000004,122.66840112969999,121.27770294353422
-12,20250611::index=9.2.67E+05,18,266.90769650000004,269.5762684873981,267.89422301590486
-12,20250611::index=9.2.67E+05,21,266.90769650000004,112.77734975733678,111.3773456102821
-12,20250611::index=9.2.67E+05,26,266.90769650000004,258.4211119648258,256.80290463448796
-12,20250611::index=9.2.67E+05,27,266.90769650000004,113.72417546592044,113.5660691666066
-12,20250611::index=9.2.67E+05,29,266.90769650000004,244.0882414755031,241.51694909004763
-12,20250611::index=9.2.67E+05,30,266.90769650000004,266.89887830206936,265.68284286100476
-12,20250611::index=9.2.67E+05,31,266.90769650000004,240.889202191977,237.68815756094054
-12,20250611::index=9.2.67E+05,41,266.90769650000004,148.89189910249164,146.2098584829789
-12,20250611::index=9.2.67E+05,45,266.90769650000004,109.14764836341838,107.25366671278407
-12,20250611::index=9.2.67E+05,51,266.90769650000004,235.80090508384052,231.3258934934152
-12,20250611::index=9.2.67E+05,53,266.90769650000004,282.76554642375686,282.2764314717305
-12,20250618::index=9.271677,3,271.6776816,171.50527940624252,168.8001691370009
-12,20250618::index=9.271677,6,271.6776816,200.45153902633425,198.42013440175668
-12,20250618::index=9.271677,7,271.6776816,130.77511381499573,131.50029538248447
-12,20250618::index=9.271677,15,271.6776816,277.0723272835028,275.14265370429297
-12,20250618::index=9.271677,18,271.6776816,173.83710800366413,174.14288554631298
-12,20250618::index=9.271677,21,271.6776816,170.15449854655495,167.40967610552298
-12,20250618::index=9.271677,26,271.6776816,125.33406079836112,123.35327135895905
-12,20250618::index=9.271677,27,271.6776816,127.18015604120336,126.71172223883634
-12,20250618::index=9.271677,29,271.6776816,126.19320130393936,123.69522830003568
-12,20250618::index=9.271677,30,271.6776816,121.95545531507089,122.38839862989857
-12,20250618::index=9.271677,31,271.6776816,129.55494076335057,128.48665774690642
-12,20250618::index=9.271677,41,271.6776816,183.789830731404,181.00124543892602
-12,20250618::index=9.271677,45,271.6776816,268.9870574835428,267.56656848038546
-12,20250618::index=9.271677,51,271.6776816,116.34670605810952,116.3324491655722
-12,20250618::index=9.271677,53,271.6776816,124.20439711645378,123.56555029457898
-12,20250611::index=10.3.15E+05,2,315.4661173,252.89580458362371,249.77344983490278
-12,20250611::index=10.3.15E+05,4,315.4661173,238.9212692897694,235.20856379598123
-12,20250611::index=10.3.15E+05,10,315.4661173,306.5184856191416,305.91182019863834
-12,20250611::index=10.3.15E+05,18,315.4661173,252.9881217084067,250.28626409600648
-12,20250611::index=10.3.15E+05,21,315.4661173,118.2194467746038,117.73900335353282
-12,20250611::index=10.3.15E+05,27,315.4661173,282.68639651632776,281.7250623681091
-12,20250611::index=10.3.15E+05,29,315.4661173,248.3724986700496,244.6615187195978
-12,20250611::index=10.3.15E+05,31,315.4661173,275.87494647520464,275.14921061957534
-12,20250611::index=10.3.15E+05,40,315.4661173,318.5071591920233,318.0922595470824
-12,20250611::index=10.3.15E+05,45,315.4661173,332.6105404788435,331.58339878092636
-12,20250611::index=10.3.15E+05,47,315.4661173,340.1008435036718,338.7487429579005
-12,20250611::index=10.3.15E+05,48,315.4661173,312.25279406181704,312.28263861949523
-12,20250611::index=10.3.15E+05,50,315.4661173,330.6924539645694,329.5353237246617
-12,20250611::index=10.3.15E+05,53,315.4661173,231.9256739578044,229.7499040709893
-12,20250611::index=10.3.15E+05,55,315.4661173,310.53892919279554,309.23371432592376
-12,20250618::index=10.322114,2,322.1142428,312.3215094581092,309.62038094609636
-12,20250618::index=10.322114,4,322.1142428,295.50716213105653,295.2864384539741
-12,20250618::index=10.322114,10,322.1142428,258.1113553908514,255.99773689447224
-12,20250618::index=10.322114,18,322.1142428,307.97353678296656,307.69773411644155
-12,20250618::index=10.322114,21,322.1142428,257.18782077827916,254.36422202362266
-12,20250618::index=10.322114,27,322.1142428,169.81890374966005,169.95668063295378
-12,20250618::index=10.322114,29,322.1142428,121.46954212160084,118.59076598066919
-12,20250618::index=10.322114,31,322.1142428,167.9528453097253,165.5498156851813
-12,20250618::index=10.322114,40,322.1142428,134.62638816530438,134.6135926597495
-12,20250618::index=10.322114,45,322.1142428,166.3881038349413,165.43484746881308
-12,20250618::index=10.322114,47,322.1142428,120.20438992046023,119.23824514328854
-12,20250618::index=10.322114,48,322.1142428,178.7062126629516,179.6455690806
-12,20250618::index=10.322114,50,322.1142428,123.87057112990064,123.56691934620714
-12,20250618::index=10.322114,53,322.1142428,124.69382635973287,123.2697989726775
-12,20250618::index=10.322114,55,322.1142428,140.5783805754798,140.97366492111004
-12,20250611::index=11.3.69E+05,1,368.97810499999997,375.1722362566248,374.56627954749206
-12,20250611::index=11.3.69E+05,5,368.97810499999997,393.9196413609305,393.4240021627546
-12,20250611::index=11.3.69E+05,15,368.97810499999997,370.74290503617596,370.28371461239504
-12,20250611::index=11.3.69E+05,17,368.97810499999997,375.94693595189216,375.461280429914
-12,20250611::index=11.3.69E+05,20,368.97810499999997,385.9483251535905,385.7593562737917
-12,20250611::index=11.3.69E+05,31,368.97810499999997,394.68429033577297,393.1296614203872
-12,20250611::index=11.3.69E+05,37,368.97810499999997,402.5813518265876,401.4019855870842
-12,20250611::index=11.3.69E+05,44,368.97810499999997,334.39463761759345,334.14248588777315
-12,20250611::index=11.3.69E+05,45,368.97810499999997,357.8830778058267,357.4615122605072
-12,20250611::index=11.3.69E+05,49,368.97810499999997,338.5984168617351,337.93257962282513
-12,20250611::index=11.3.69E+05,50,368.97810499999997,296.34608500286964,295.99702462737844
-12,20250611::index=11.3.69E+05,53,368.97810499999997,403.2624297264996,402.0143053842112
-12,20250611::index=11.3.69E+05,54,368.97810499999997,362.1690063014669,361.6818858246637
-12,20250611::index=11.3.69E+05,55,368.97810499999997,361.02738176018005,360.6664156469945
-12,20250611::index=11.3.69E+05,58,368.97810499999997,352.4329928682505,352.08633723788336
-12,20250618::index=11.376320,1,376.3201201,356.6278953241189,356.2187894564399
-12,20250618::index=11.376320,5,376.3201201,367.4869748347592,367.37710231348893
-12,20250618::index=11.376320,15,376.3201201,309.4543987141206,308.9596142853767
-12,20250618::index=11.376320,17,376.3201201,337.9488232578303,337.545631837578
-12,20250618::index=11.376320,20,376.3201201,353.9169812013901,353.02128425848923
-12,20250618::index=11.376320,31,376.3201201,213.53203307883442,211.90442525340916
-12,20250618::index=11.376320,37,376.3201201,292.7771866383886,292.403611275477
-12,20250618::index=11.376320,44,376.3201201,337.3959519987294,337.2186588592652
-12,20250618::index=11.376320,45,376.3201201,380.8606379594755,381.1544898263396
-12,20250618::index=11.376320,49,376.3201201,349.83101617772627,349.830232526279
-12,20250618::index=11.376320,50,376.3201201,304.1528192222995,303.35137259560867
-12,20250618::index=11.376320,53,376.3201201,352.97901592508526,352.4601517323671
-12,20250618::index=11.376320,54,376.3201201,327.88998714668736,326.9399996623503
-12,20250618::index=11.376320,55,376.3201201,378.198803150415,377.48385521378293
-12,20250618::index=11.376320,58,376.3201201,357.07900705291524,356.92620641168554
-12,20250611::index=12.4.27E+05,3,427.27619500000003,439.5976678917116,439.4514595416031
-12,20250611::index=12.4.27E+05,9,427.27619500000003,435.98502747991864,435.60956329438403
-12,20250611::index=12.4.27E+05,13,427.27619500000003,440.394896410424,440.5491868404119
-12,20250611::index=12.4.27E+05,15,427.27619500000003,441.9431026997841,441.5552479938551
-12,20250611::index=12.4.27E+05,17,427.27619500000003,438.13024536118235,437.9214062017526
-12,20250611::index=12.4.27E+05,22,427.27619500000003,471.45406499352487,470.7089864485184
-12,20250611::index=12.4.27E+05,28,427.27619500000003,429.808121781666,428.9334597785828
-12,20250611::index=12.4.27E+05,30,427.27619500000003,421.02418902031326,420.4060350984294
-12,20250611::index=12.4.27E+05,39,427.27619500000003,427.610200203243,427.00383556498
-12,20250611::index=12.4.27E+05,42,427.27619500000003,454.9015434909541,454.74718092547465
-12,20250611::index=12.4.27E+05,44,427.27619500000003,434.2004249077408,434.0200764212614
-12,20250611::index=12.4.27E+05,46,427.27619500000003,486.0028207817227,485.58847241990304
-12,20250611::index=12.4.27E+05,47,427.27619500000003,460.1567490113863,460.60436563288874
-12,20250611::index=12.4.27E+05,54,427.27619500000003,438.27870731061597,438.20394622100406
-12,20250611::index=12.4.27E+05,57,427.27619500000003,457.9970966077179,457.7924122527922
-12,20250618::index=12.434018,3,434.0180833,381.67815403995127,381.36302710498825
-12,20250618::index=12.434018,9,434.0180833,424.5569071098832,423.9150891364044
-12,20250618::index=12.434018,13,434.0180833,471.8210435503613,470.94042763225826
-12,20250618::index=12.434018,15,434.0180833,414.78526315376257,415.1221364927579
-12,20250618::index=12.434018,17,434.0180833,404.58711019682096,404.2005043550599
-12,20250618::index=12.434018,22,434.0180833,391.0420438075138,390.96358496995776
-12,20250618::index=12.434018,28,434.0180833,416.67620304825164,416.75801487200914
-12,20250618::index=12.434018,30,434.0180833,458.1154916320501,457.3532354160559
-12,20250618::index=12.434018,39,434.0180833,367.4682197197382,367.9741725489042
-12,20250618::index=12.434018,42,434.0180833,386.61612090244944,387.01720973809677
-12,20250618::index=12.434018,44,434.0180833,393.5800731021431,393.58599454792113
-12,20250618::index=12.434018,46,434.0180833,433.31878203163654,433.42372434411914
-12,20250618::index=12.434018,47,434.0180833,472.5234550912345,472.21462397501216
-12,20250618::index=12.434018,54,434.0180833,470.7673432681033,470.62352360410273
-12,20250618::index=12.434018,57,434.0180833,438.00298348712363,437.5795439218664
-12,20250611::index=13.4.89E+05,3,489.45399810000004,538.2654733829984,537.5508423963365
-12,20250611::index=13.4.89E+05,7,489.45399810000004,471.9640077243027,471.4249402917372
-12,20250611::index=13.4.89E+05,12,489.45399810000004,483.7411463077698,483.79024355449184
-12,20250611::index=13.4.89E+05,13,489.45399810000004,481.87923053218555,481.2563286665273
-12,20250611::index=13.4.89E+05,14,489.45399810000004,486.8461288854311,486.8096641958322
-12,20250611::index=13.4.89E+05,20,489.45399810000004,498.59983759021674,497.8479323868473
-12,20250611::index=13.4.89E+05,34,489.45399810000004,487.5579962178426,486.5615778492111
-12,20250611::index=13.4.89E+05,39,489.45399810000004,487.0677153647855,486.5743280537038
-12,20250611::index=13.4.89E+05,42,489.45399810000004,472.9988025370553,472.12473484246186
-12,20250611::index=13.4.89E+05,44,489.45399810000004,506.2008829007995,505.7985068783616
-12,20250611::index=13.4.89E+05,48,489.45399810000004,486.3899613905215,486.17267485544596
-12,20250611::index=13.4.89E+05,51,489.45399810000004,499.2217499388973,498.6329245711464
-12,20250611::index=13.4.89E+05,53,489.45399810000004,491.5305270145754,491.5303763909414
-12,20250611::index=13.4.89E+05,54,489.45399810000004,490.20909707553614,489.37459441768965
-12,20250611::index=13.4.89E+05,59,489.45399810000004,485.94743028857044,486.5101167784172
-12,20250618::index=13.496023,3,496.0233525,506.105443819902,505.8521144771666
-12,20250618::index=13.496023,7,496.0233525,520.7852827627934,520.4046714131387
-12,20250618::index=13.496023,12,496.0233525,473.1326982780425,472.5751910413084
-12,20250618::index=13.496023,13,496.0233525,495.6129867034605,494.7666202291528
-12,20250618::index=13.496023,14,496.0233525,522.5276273667419,522.6094285478624
-12,20250618::index=13.496023,20,496.0233525,495.1145781035253,494.9603531615833
-12,20250618::index=13.496023,34,496.0233525,486.2195533635865,485.79111965220756
-12,20250618::index=13.496023,39,496.0233525,488.5303074191976,487.9239910317766
-12,20250618::index=13.496023,42,496.0233525,442.7800024166353,442.7503006622871
-12,20250618::index=13.496023,44,496.0233525,493.6168281823418,493.01953307147164
-12,20250618::index=13.496023,48,496.0233525,483.3011475720055,483.375698766762
-12,20250618::index=13.496023,51,496.0233525,480.66739177394624,480.3821530049167
-12,20250618::index=13.496023,53,496.0233525,484.56586081706683,483.3942810292178
-12,20250618::index=13.496023,54,496.0233525,517.7773012572812,517.3362458693377
-12,20250618::index=13.496023,59,496.0233525,505.290071828306,504.36595793392524
-12,20250611::index=14.5.54E+05,8,554.1963218000001,560.8114002080517,560.0868502438847
-12,20250611::index=14.5.54E+05,9,554.1963218000001,550.0782826022971,549.306664100358
-12,20250611::index=14.5.54E+05,10,554.1963218000001,544.2215819484417,543.6982960698186
-12,20250611::index=14.5.54E+05,14,554.1963218000001,560.2118383466205,559.8375463167258
-12,20250611::index=14.5.54E+05,29,554.1963218000001,552.7496730274125,551.9013356435544
-12,20250611::index=14.5.54E+05,30,554.1963218000001,487.8255331515378,487.5149849946781
-12,20250611::index=14.5.54E+05,33,554.1963218000001,600.395623884829,600.2419519642564
-12,20250611::index=14.5.54E+05,36,554.1963218000001,553.9818013773494,553.6211078114803
-12,20250611::index=14.5.54E+05,43,554.1963218000001,548.5687007761417,547.6022320778284
-12,20250611::index=14.5.54E+05,48,554.1963218000001,539.729428117032,539.1379775272708
-12,20250611::index=14.5.54E+05,50,554.1963218000001,554.1150037086451,553.2027781937115
-12,20250611::index=14.5.54E+05,51,554.1963218000001,564.6769724531642,563.5372838481584
-12,20250611::index=14.5.54E+05,54,554.1963218000001,547.8984394378009,546.6285383942976
-12,20250611::index=14.5.54E+05,57,554.1963218000001,542.6691776340992,541.8090375002979
-12,20250611::index=14.5.54E+05,58,554.1963218000001,519.7378022401309,519.0560788152898
-12,20250618::index=14.562158,8,562.1587854,555.7536875861576,554.7790274023342
-12,20250618::index=14.562158,9,562.1587854,564.9119941359766,564.459341001628
-12,20250618::index=14.562158,10,562.1587854,561.2342990209105,560.8899822156261
-12,20250618::index=14.562158,14,562.1587854,570.4976247440711,570.3403731445168
-12,20250618::index=14.562158,29,562.1587854,550.4860059292521,549.396638220646
-12,20250618::index=14.562158,30,562.1587854,564.658181274428,564.0683251901073
-12,20250618::index=14.562158,33,562.1587854,559.4895329509812,559.1522923580782
-12,20250618::index=14.562158,36,562.1587854,584.8966712129693,584.8668893765243
-12,20250618::index=14.562158,43,562.1587854,576.0579979772209,576.1232615692571
-12,20250618::index=14.562158,48,562.1587854,531.8691440598182,531.6537590261985
-12,20250618::index=14.562158,50,562.1587854,562.0025130016982,561.8482545526178
-12,20250618::index=14.562158,51,562.1587854,560.3594165777253,559.5488930799523
-12,20250618::index=14.562158,54,562.1587854,550.4533525508512,549.7760164174287
-12,20250618::index=14.562158,57,562.1587854,556.3542855770581,556.0382952670927
-12,20250618::index=14.562158,58,562.1587854,577.0046303059661,577.1216329932123
-12,20250611::index=4.5.76E+04,2,57.59331665,114.85984600197982,114.63946358971518
-12,20250611::index=4.5.76E+04,3,57.59331665,106.945527156716,106.13207219972651
-12,20250611::index=4.5.76E+04,6,57.59331665,102.02417944354153,101.7629363719169
-12,20250611::index=4.5.76E+04,11,57.59331665,116.15634728715918,114.90130161880155
-12,20250611::index=4.5.76E+04,13,57.59331665,104.79729087456391,104.65755498292567
-12,20250611::index=4.5.76E+04,15,57.59331665,116.93149634914424,114.43575222489743
-12,20250611::index=4.5.76E+04,18,57.59331665,103.45506388220224,103.01561085534067
-12,20250611::index=4.5.76E+04,33,57.59331665,116.24292000316258,116.20267426806117
-12,20250611::index=4.5.76E+04,38,57.59331665,116.03793908834338,113.82557773855648
-12,20250611::index=4.5.76E+04,41,57.59331665,108.92681903862618,108.16463184830977
-12,20250611::index=4.5.76E+04,42,57.59331665,113.5934536903034,112.53201501044586
-12,20250611::index=4.5.76E+04,44,57.59331665,110.40123140219472,108.82650996305904
-12,20250611::index=4.5.76E+04,46,57.59331665,108.48708809848942,107.89807941073227
-12,20250611::index=4.5.76E+04,54,57.59331665,106.8866907651562,106.55079606818128
-12,20250611::index=4.5.76E+04,55,57.59331665,116.31075287824497,115.50474464398715
-12,20250618::index=4.58389,2,58.38985471,130.22236269421376,129.33906559831667
-12,20250618::index=4.58389,3,58.38985471,123.33420794155279,122.87483702805169
-12,20250618::index=4.58389,6,58.38985471,127.82656484976302,127.21072720418321
-12,20250618::index=4.58389,11,58.38985471,120.39497509926231,120.8193536913763
-12,20250618::index=4.58389,13,58.38985471,127.61862479232822,127.101188352013
-12,20250618::index=4.58389,15,58.38985471,133.78755912556406,132.29681303087267
-12,20250618::index=4.58389,18,58.38985471,125.6696366049425,124.79407889942993
-12,20250618::index=4.58389,33,58.38985471,131.54702951315866,130.8917342036305
-12,20250618::index=4.58389,38,58.38985471,122.00771506287676,120.1995180051715
-12,20250618::index=4.58389,41,58.38985471,117.5817912750138,117.08757096724543
-12,20250618::index=4.58389,42,58.38985471,132.59419890527766,131.6021817655364
-12,20250618::index=4.58389,44,58.38985471,123.62491798496502,122.6294024769362
-12,20250618::index=4.58389,46,58.38985471,140.31555450382433,140.0965365389413
-12,20250618::index=4.58389,54,58.38985471,118.25049942720145,118.63951359717856
-12,20250618::index=4.58389,55,58.38985471,130.35682608423184,129.15906791939196
-12,20250611::index=15.6.24E+05,3,624.4425514,661.8808282077089,661.2053906479532
-12,20250611::index=15.6.24E+05,4,624.4425514,620.935853163228,619.5701994037009
-12,20250611::index=15.6.24E+05,11,624.4425514,638.732954124232,638.1139043189315
-12,20250611::index=15.6.24E+05,13,624.4425514,583.5737139440738,583.311302738036
-12,20250611::index=15.6.24E+05,14,624.4425514,613.0140383661969,611.1991977102778
-12,20250611::index=15.6.24E+05,18,624.4425514,610.2658910571716,609.1307706288816
-12,20250611::index=15.6.24E+05,19,624.4425514,621.0959783184552,619.607931559574
-12,20250611::index=15.6.24E+05,27,624.4425514,622.1724100478424,622.1742512625067
-12,20250611::index=15.6.24E+05,39,624.4425514,620.8345748204836,620.2840544562799
-12,20250611::index=15.6.24E+05,43,624.4425514,642.772473365675,641.9277500497885
-12,20250611::index=15.6.24E+05,46,624.4425514,623.6178456446232,623.9832398225159
-12,20250611::index=15.6.24E+05,51,624.4425514,617.7564803066482,616.7779657933653
-12,20250611::index=15.6.24E+05,55,624.4425514,624.9434826271947,623.6009098607758
-12,20250611::index=15.6.24E+05,57,624.4425514,612.076517912092,611.6031555194238
-12,20250611::index=15.6.24E+05,58,624.4425514,621.7028901448748,620.2784242297022
-12,20250618::index=15.633482,3,633.482536,632.8403282051437,632.3671643418636
-12,20250618::index=15.633482,4,633.482536,633.5843615464092,632.9427988743852
-12,20250618::index=15.633482,11,633.482536,637.8926782033816,636.9468560537969
-12,20250618::index=15.633482,13,633.482536,608.0366153582357,607.762295068477
-12,20250618::index=15.633482,14,633.482536,635.5998816177555,634.8865532088669
-12,20250618::index=15.633482,18,633.482536,612.2163011801626,611.621861401916
-12,20250618::index=15.633482,19,633.482536,638.4957273022707,638.582437501437
-12,20250618::index=15.633482,27,633.482536,606.8891996938228,606.3066157452782
-12,20250618::index=15.633482,39,633.482536,584.5714191114929,584.106097741169
-12,20250618::index=15.633482,43,633.482536,646.6480890062679,645.8174973751711
-12,20250618::index=15.633482,46,633.482536,667.5250383748536,666.1509940723088
-12,20250618::index=15.633482,51,633.482536,689.6685054689946,689.0237572953538
-12,20250618::index=15.633482,55,633.482536,606.4108556768359,606.7498139450009
-12,20250618::index=15.633482,57,633.482536,639.9595950732975,640.2062743733476
-12,20250618::index=15.633482,58,633.482536,637.1106620098574,636.964683376856
-12,20250611::index=16.6.98E+05,2,698.421296,671.481592231985,670.1587391339597
-12,20250611::index=16.6.98E+05,6,698.421296,709.2022673160507,707.7653213037352
-12,20250611::index=16.6.98E+05,9,698.421296,677.8193547192695,675.7415201480152
-12,20250611::index=16.6.98E+05,10,698.421296,675.2821177357548,674.3789281877556
-12,20250611::index=16.6.98E+05,13,698.421296,701.4157737842579,700.7427202535442
-12,20250611::index=16.6.98E+05,17,698.421296,694.8317530134681,693.35778370436
-12,20250611::index=16.6.98E+05,35,698.421296,694.3139320574796,693.2820030204174
-12,20250611::index=16.6.98E+05,37,698.421296,692.9288412695737,691.9616798812679
-12,20250611::index=16.6.98E+05,39,698.421296,696.6927452652342,697.0049371500601
-12,20250611::index=16.6.98E+05,40,698.421296,703.6242685080173,702.3055265537954
-12,20250611::index=16.6.98E+05,46,698.421296,739.0699474298546,739.120083355309
-12,20250611::index=16.6.98E+05,47,698.421296,706.789302528403,705.994821298132
-12,20250611::index=16.6.98E+05,52,698.421296,754.2302361091537,753.9178779205454
-12,20250611::index=16.6.98E+05,55,698.421296,692.7603403147748,693.2369678006172
-12,20250611::index=16.6.98E+05,57,698.421296,699.0525358275695,698.1730483750446
-12,20250618::index=16.709792,2,709.7927143,708.897647944005,709.3725014710602
-12,20250618::index=16.709792,6,709.7927143,737.2072463687616,735.3043571211056
-12,20250618::index=16.709792,9,709.7927143,703.2635409449576,702.5414335772672
-12,20250618::index=16.709792,10,709.7927143,745.0415220070711,743.4634465820344
-12,20250618::index=16.709792,13,709.7927143,718.3017105849074,717.2883950135159
-12,20250618::index=16.709792,17,709.7927143,725.3905023009979,725.869269718488
-12,20250618::index=16.709792,35,709.7927143,720.4290324962242,719.7886232028983
-12,20250618::index=16.709792,37,709.7927143,709.7841996137753,709.1701179286509
-12,20250618::index=16.709792,39,709.7927143,693.8884382106038,692.5353335584576
-12,20250618::index=16.709792,40,709.7927143,743.113990515438,742.3324628956922
-12,20250618::index=16.709792,46,709.7927143,753.6118832002078,752.854929586354
-12,20250618::index=16.709792,47,709.7927143,722.8155395857219,722.3087336226836
-12,20250618::index=16.709792,52,709.7927143,713.9130504004048,714.3491328414332
-12,20250618::index=16.709792,55,709.7927143,707.6168492247089,706.8233135582869
-12,20250618::index=16.709792,57,709.7927143,670.8896002901291,671.6237818719736
-12,20250611::index=17.7.77E+05,5,776.6472223000001,768.4732411645364,768.7356969643973
-12,20250611::index=17.7.77E+05,6,776.6472223000001,790.9373474889826,790.1575738548721
-12,20250611::index=17.7.77E+05,7,776.6472223000001,774.0324135213997,773.0031347523154
-12,20250611::index=17.7.77E+05,8,776.6472223000001,783.5321689913426,782.8866617086603
-12,20250611::index=17.7.77E+05,10,776.6472223000001,773.1040390303357,772.9275012402754
-12,20250611::index=17.7.77E+05,14,776.6472223000001,766.5060236102527,765.0616566955188
-12,20250611::index=17.7.77E+05,19,776.6472223000001,793.610993633048,791.6415188206782
-12,20250611::index=17.7.77E+05,24,776.6472223000001,776.9295407136518,776.0658675601139
-12,20250611::index=17.7.77E+05,26,776.6472223000001,772.6022924949649,771.7893341227774
-12,20250611::index=17.7.77E+05,31,776.6472223000001,797.4640701278533,797.3278028687856
-12,20250611::index=17.7.77E+05,41,776.6472223000001,775.5758350171321,774.2495538043561
-12,20250611::index=17.7.77E+05,52,776.6472223000001,798.4343678655015,798.3940786895038
-12,20250611::index=17.7.77E+05,53,776.6472223000001,798.2941809074302,797.999552788873
-12,20250611::index=17.7.77E+05,54,776.6472223000001,769.101661976746,768.4170415823505
-12,20250611::index=17.7.77E+05,55,776.6472223000001,776.2314474691436,774.835531511921
-12,20250618::index=17.789500,5,789.5001968,774.9365243400616,774.3712980027396
-12,20250618::index=17.789500,6,789.5001968,822.5834254769647,821.6565182065111
-12,20250618::index=17.789500,7,789.5001968,752.4387262115449,752.2953142502024
-12,20250618::index=17.789500,8,789.5001968,722.4380886205685,722.1577977354176
-12,20250618::index=17.789500,10,789.5001968,756.0125497069996,754.9525208812859
-12,20250618::index=17.789500,14,789.5001968,841.0665901291261,840.1579356721154
-12,20250618::index=17.789500,19,789.5001968,807.2585760356702,806.2705036598485
-12,20250618::index=17.789500,24,789.5001968,767.9343454814065,766.2237670804886
-12,20250618::index=17.789500,26,789.5001968,841.8257982732116,840.72859655279
-12,20250618::index=17.789500,31,789.5001968,768.8332235334054,769.0773950944522
-12,20250618::index=17.789500,41,789.5001968,751.6718398198982,750.5563371878645
-12,20250618::index=17.789500,52,789.5001968,769.0479266939203,768.4173315259745
-12,20250618::index=17.789500,53,789.5001968,775.3876577434485,775.0302138819361
-12,20250618::index=17.789500,54,789.5001968,805.4043677732652,804.3626134633297
-12,20250618::index=17.789500,55,789.5001968,800.3282577499466,798.8795973169736
-12,20250611::index=18.8.59E+05,0,859.3439142,843.7997407115604,842.1320318864698
-12,20250611::index=18.8.59E+05,5,859.3439142,834.8735828281683,834.0828317047913
-12,20250611::index=18.8.59E+05,14,859.3439142,851.5944789841566,850.5469647897903
-12,20250611::index=18.8.59E+05,18,859.3439142,822.8632193897869,821.9142412275407
-12,20250611::index=18.8.59E+05,19,859.3439142,842.3905988727804,841.0170971221022
-12,20250611::index=18.8.59E+05,21,859.3439142,846.1805687664569,845.497426633523
-12,20250611::index=18.8.59E+05,26,859.3439142,846.0832104820325,845.4091975914331
-12,20250611::index=18.8.59E+05,27,859.3439142,853.0711302027458,851.9508905643768
-12,20250611::index=18.8.59E+05,32,859.3439142,849.038348400977,849.1079210113094
-12,20250611::index=18.8.59E+05,36,859.3439142,846.8608393861887,845.7579855132881
-12,20250611::index=18.8.59E+05,43,859.3439142,802.541757299898,801.4817386794356
-12,20250611::index=18.8.59E+05,53,859.3439142,848.981685315654,847.3959791009539
-12,20250611::index=18.8.59E+05,54,859.3439142,844.6347606525675,842.8575094498831
-12,20250611::index=18.8.59E+05,56,859.3439142,847.9256478009142,847.3829845084227
-12,20250611::index=18.8.59E+05,57,859.3439142,846.6790093772853,845.2698359838511
-12,20250618::index=18.873637,0,873.6370359,856.3172781914465,855.7281728269004
-12,20250618::index=18.873637,5,873.6370359,855.8166902475966,855.0965842141912
-12,20250618::index=18.873637,14,873.6370359,857.725125729103,857.7496528833326
-12,20250618::index=18.873637,18,873.6370359,856.4144914847584,854.5891995325748
-12,20250618::index=18.873637,19,873.6370359,847.8251581250673,846.0301328873993
-12,20250618::index=18.873637,21,873.6370359,850.008532514333,848.614649621093
-12,20250618::index=18.873637,26,873.6370359,870.6807444002158,869.0627718766168
-12,20250618::index=18.873637,27,873.6370359,842.7906099505618,841.3054459569435
-12,20250618::index=18.873637,32,873.6370359,854.5381019861672,854.322740096407
-12,20250618::index=18.873637,36,873.6370359,845.031483912467,844.0429923327927
-12,20250618::index=18.873637,43,873.6370359,851.0680313674775,849.9394142495521
-12,20250618::index=18.873637,53,873.6370359,849.1697108900571,849.18183530842
-12,20250618::index=18.873637,54,873.6370359,839.7685329028881,838.3110345397725
-12,20250618::index=18.873637,56,873.6370359,860.2739607686892,859.0184430971341
-12,20250618::index=18.873637,57,873.6370359,843.7134447229779,842.9772250932144
-16,20250618::index=1.0,0,-1.42e-09,134.86168365672327,131.375470076872
-16,20250618::index=1.0,3,-1.42e-09,130.7839386798485,128.58080492280246
-16,20250618::index=1.0,5,-1.42e-09,120.85219570419822,119.30995854250287
-16,20250618::index=1.0,12,-1.42e-09,125.20202797850017,122.0143142976448
-16,20250618::index=1.0,13,-1.42e-09,119.90666734116847,118.62778312637701
-16,20250618::index=1.0,31,-1.42e-09,133.71976898023598,130.6672703660919
-16,20250618::index=1.0,33,-1.42e-09,139.4023070598379,136.58865317131557
-16,20250618::index=1.0,36,-1.42e-09,125.1395738902514,122.7677793621243
-16,20250618::index=1.0,45,-1.42e-09,126.39999310041463,121.9362604726056
-16,20250618::index=1.0,46,-1.42e-09,130.6168199346593,127.6420686317907
-16,20250618::index=1.0,48,-1.42e-09,136.60873205316858,134.0155400681064
-16,20250618::index=1.0,50,-1.42e-09,118.60063509633129,115.35476263975184
-16,20250618::index=1.0,52,-1.42e-09,126.46131659967187,124.38853025792373
-16,20250618::index=1.0,54,-1.42e-09,122.4905966845212,120.98032103788117
-16,20250618::index=1.0,57,-1.42e-09,133.66354022990458,130.84909265965055
-16,20250611::index=1.3.28E-04,0,3.280469999999e-07,126.99857465304602,123.6875259022148
-16,20250611::index=1.3.28E-04,3,3.280469999999e-07,126.8889373641246,124.3149829784966
-16,20250611::index=1.3.28E-04,5,3.280469999999e-07,116.46045149691436,114.13425403904837
-16,20250611::index=1.3.28E-04,12,3.280469999999e-07,119.63706462403255,116.22208106645633
-16,20250611::index=1.3.28E-04,13,3.280469999999e-07,115.35569678879459,112.03655737433161
-16,20250611::index=1.3.28E-04,31,3.280469999999e-07,131.4236655952118,128.90792163179472
-16,20250611::index=1.3.28E-04,33,3.280469999999e-07,124.3828512554354,122.12695824639273
-16,20250611::index=1.3.28E-04,36,3.280469999999e-07,126.71167428182976,126.63483090360589
-16,20250611::index=1.3.28E-04,45,3.280469999999e-07,122.94433948814005,120.23887871151274
-16,20250611::index=1.3.28E-04,46,3.280469999999e-07,132.92552611468412,130.3293959874018
-16,20250611::index=1.3.28E-04,48,3.280469999999e-07,126.12522076034128,123.29452895949939
-16,20250611::index=1.3.28E-04,50,3.280469999999e-07,118.10725313731616,115.02551821979166
-16,20250611::index=1.3.28E-04,52,3.280469999999e-07,113.95525926264231,112.75122756777523
-16,20250611::index=1.3.28E-04,54,3.280469999999e-07,123.23133744421264,121.7330204161283
-16,20250611::index=1.3.28E-04,57,3.280469999999e-07,130.3922136696615,126.66462198863486
-16,20250611::index=5.1.11E+05,17,111.2647017,118.41582905834596,115.44233577997635
-16,20250611::index=5.1.11E+05,19,111.2647017,115.37780812958604,113.81757656346562
-16,20250611::index=5.1.11E+05,21,111.2647017,116.2544560675862,112.99040943965953
-16,20250611::index=5.1.11E+05,23,111.2647017,120.84245705706404,117.91916277503879
-16,20250611::index=5.1.11E+05,28,111.2647017,118.395806109847,114.0594062597212
-16,20250611::index=5.1.11E+05,34,111.2647017,115.81671494414005,113.05222639817711
-16,20250611::index=5.1.11E+05,35,111.2647017,132.23825722229782,129.54222114222435
-16,20250611::index=5.1.11E+05,41,111.2647017,131.60823065532824,128.29183756856062
-16,20250611::index=5.1.11E+05,46,111.2647017,119.72516858999032,118.37799134012765
-16,20250611::index=5.1.11E+05,47,111.2647017,128.61625747812894,124.97665700347783
-16,20250611::index=5.1.11E+05,48,111.2647017,122.73229693651085,119.80066478366737
-16,20250611::index=5.1.11E+05,51,111.2647017,117.22191697537592,113.26611634644969
-16,20250611::index=5.1.11E+05,55,111.2647017,115.50771959539745,112.83575798416193
-16,20250611::index=5.1.11E+05,56,111.2647017,126.80678887865416,124.66004242967861
-16,20250611::index=5.1.11E+05,58,111.2647017,124.03359882778224,120.86453405677906
-16,20250618::index=5.113188,17,113.1882901,126.73715892236541,122.80449233167818
-16,20250618::index=5.113188,19,113.1882901,116.15794035211717,114.67749345408804
-16,20250618::index=5.113188,21,113.1882901,125.24535498265348,121.99364168511283
-16,20250618::index=5.113188,23,113.1882901,124.52057728548148,121.74594787788705
-16,20250618::index=5.113188,28,113.1882901,110.24567918678996,107.44933653840162
-16,20250618::index=5.113188,34,113.1882901,119.62422095679742,117.04214659682236
-16,20250618::index=5.113188,35,113.1882901,142.1635776236352,139.57879711570172
-16,20250618::index=5.113188,41,113.1882901,123.3648031519992,120.27915593406335
-16,20250618::index=5.113188,46,113.1882901,117.1655551375382,113.63750299854875
-16,20250618::index=5.113188,47,113.1882901,127.74646942483334,124.88975076944851
-16,20250618::index=5.113188,48,113.1882901,128.89146377547172,126.26109730476055
-16,20250618::index=5.113188,51,113.1882901,124.22185006358188,122.07028650657557
-16,20250618::index=5.113188,55,113.1882901,121.90730556900692,118.10310128998391
-16,20250618::index=5.113188,56,113.1882901,121.60621058044937,120.17116105804742
-16,20250618::index=5.113188,58,113.1882901,126.12889766479962,122.92943055919064
-16,20250611::index=6.1.44E+05,6,144.32426180000002,116.06215660458581,112.94987903641696
-16,20250611::index=6.1.44E+05,11,144.32426180000002,118.60825410679388,114.84888545348673
-16,20250611::index=6.1.44E+05,13,144.32426180000002,120.84390734230031,118.00296190414662
-16,20250611::index=6.1.44E+05,26,144.32426180000002,127.63342089789869,124.6896221645747
-16,20250611::index=6.1.44E+05,31,144.32426180000002,120.80548273472964,117.57630875321236
-16,20250611::index=6.1.44E+05,34,144.32426180000002,115.23867144815111,112.12176253893236
-16,20250611::index=6.1.44E+05,35,144.32426180000002,138.5737734328372,136.17479949480654
-16,20250611::index=6.1.44E+05,36,144.32426180000002,120.18799173958897,119.97971572765651
-16,20250611::index=6.1.44E+05,38,144.32426180000002,121.30980091262734,118.16449622166667
-16,20250611::index=6.1.44E+05,40,144.32426180000002,119.0585353877059,117.65298449536459
-16,20250611::index=6.1.44E+05,46,144.32426180000002,125.84381894499664,123.37304579186738
-16,20250611::index=6.1.44E+05,47,144.32426180000002,124.82345616547894,121.24152979864138
-16,20250611::index=6.1.44E+05,56,144.32426180000002,125.92318321762652,123.74700372988583
-16,20250611::index=6.1.44E+05,58,144.32426180000002,123.09369064923268,119.97728008368598
-16,20250611::index=6.1.44E+05,59,144.32426180000002,118.8438115624513,116.11440555212604
-16,20250618::index=6.146381,6,146.38165049999998,119.65953204035141,118.03795493091933
-16,20250618::index=6.146381,11,146.38165049999998,123.92536930245592,120.19962750453202
-16,20250618::index=6.146381,13,146.38165049999998,113.804315247158,111.86355578492216
-16,20250618::index=6.146381,26,146.38165049999998,131.73833709950878,129.20702459879277
-16,20250618::index=6.146381,31,146.38165049999998,117.16601631921364,114.05071790677974
-16,20250618::index=6.146381,34,146.38165049999998,117.92561386033596,115.15792797944732
-16,20250618::index=6.146381,35,146.38165049999998,144.5070663187256,143.41133055589464
-16,20250618::index=6.146381,36,146.38165049999998,129.30910666218094,127.86089523458969
-16,20250618::index=6.146381,38,146.38165049999998,127.19109283310738,124.56872231257758
-16,20250618::index=6.146381,40,146.38165049999998,122.94933291998447,119.51727274261208
-16,20250618::index=6.146381,46,146.38165049999998,126.9162268755275,124.29602404020642
-16,20250618::index=6.146381,47,146.38165049999998,129.79013958910053,128.18631029239913
-16,20250618::index=6.146381,56,146.38165049999998,127.77770448721436,125.13594480012293
-16,20250618::index=6.146381,58,146.38165049999998,133.72797484483712,130.93559183536914
-16,20250618::index=6.146381,59,146.38165049999998,109.52568727659526,107.25934636214055
-16,20250611::index=7.1.81E+05,4,181.378003,109.65262906207008,106.47274044204934
-16,20250611::index=7.1.81E+05,5,181.378003,107.8707476752668,104.18209010382377
-16,20250611::index=7.1.81E+05,10,181.378003,122.55066358700721,120.09902564568873
-16,20250611::index=7.1.81E+05,15,181.378003,120.27012819959495,117.83361352187542
-16,20250611::index=7.1.81E+05,18,181.378003,111.46664833165063,110.901695258269
-16,20250611::index=7.1.81E+05,20,181.378003,124.59419112646056,121.40976863244698
-16,20250611::index=7.1.81E+05,26,181.378003,134.5997171237189,132.3496372230178
-16,20250611::index=7.1.81E+05,28,181.378003,117.81477323446093,114.50203344456536
-16,20250611::index=7.1.81E+05,33,181.378003,127.64234909076211,125.57740118229414
-16,20250611::index=7.1.81E+05,37,181.378003,130.36585384067243,126.96759450330222
-16,20250611::index=7.1.81E+05,41,181.378003,120.74407062982507,118.2621737428531
-16,20250611::index=7.1.81E+05,44,181.378003,124.811210543948,121.71097815438652
-16,20250611::index=7.1.81E+05,56,181.378003,118.03252401823264,115.8868061389056
-16,20250611::index=7.1.81E+05,57,181.378003,136.4180912620632,134.209819497592
-16,20250611::index=7.1.81E+05,58,181.378003,125.99969998445607,123.19161665639201
-16,20250618::index=7.184190,4,184.1909699,116.08802047709224,113.30602442364426
-16,20250618::index=7.184190,5,184.1909699,118.51539133974119,117.9866284007232
-16,20250618::index=7.184190,10,184.1909699,123.26997689937672,120.72823757880553
-16,20250618::index=7.184190,15,184.1909699,125.28801515312061,122.81735189529564
-16,20250618::index=7.184190,18,184.1909699,120.20468382000216,119.44240972682657
-16,20250618::index=7.184190,20,184.1909699,130.2134929273296,126.61800110141199
-16,20250618::index=7.184190,26,184.1909699,130.36533858414978,127.35764726842663
-16,20250618::index=7.184190,28,184.1909699,118.52432785093983,115.887024958262
-16,20250618::index=7.184190,33,184.1909699,167.20730111347737,164.6013787876444
-16,20250618::index=7.184190,37,184.1909699,138.42007496368296,134.84841428296662
-16,20250618::index=7.184190,41,184.1909699,136.43788630277555,132.52377509119086
-16,20250618::index=7.184190,44,184.1909699,138.5486810998749,135.1990016227225
-16,20250618::index=7.184190,56,184.1909699,135.38868486335753,133.06128020053978
-16,20250618::index=7.184190,57,184.1909699,139.970757448814,137.48589481618367
-16,20250618::index=7.184190,58,184.1909699,135.53670206371626,132.3221947896107
-16,20250611::index=3.2.10E+04,1,20.97971604,123.95797544474944,121.04526021669973
-16,20250611::index=3.2.10E+04,6,20.97971604,111.65514248356385,108.02525474768677
-16,20250611::index=3.2.10E+04,11,20.97971604,118.3086047882509,115.22181960620621
-16,20250611::index=3.2.10E+04,22,20.97971604,125.21839768593112,123.00709084404436
-16,20250611::index=3.2.10E+04,28,20.97971604,112.82060965090214,109.74113531210341
-16,20250611::index=3.2.10E+04,33,20.97971604,126.03127120930097,124.30872100220608
-16,20250611::index=3.2.10E+04,34,20.97971604,115.08534511411872,112.56936755745325
-16,20250611::index=3.2.10E+04,36,20.97971604,112.51598022491625,111.34339120458952
-16,20250611::index=3.2.10E+04,41,20.97971604,120.1809692631274,116.69749822175866
-16,20250611::index=3.2.10E+04,42,20.97971604,124.39089823718943,121.93573376608323
-16,20250611::index=3.2.10E+04,52,20.97971604,112.2365898974638,110.79669436786186
-16,20250611::index=3.2.10E+04,54,20.97971604,126.67676825485167,124.06552754052542
-16,20250611::index=3.2.10E+04,56,20.97971604,122.12344149739332,118.82807603472874
-16,20250611::index=3.2.10E+04,57,20.97971604,129.30140504528677,126.43081326637277
-16,20250611::index=3.2.10E+04,59,20.97971604,115.15228800021832,112.30791990048243
-16,20250618::index=3.21242,1,21.24286319,155.0678992098037,151.94628475891494
-16,20250618::index=3.21242,6,21.24286319,120.25240112623045,119.31487966822634
-16,20250618::index=3.21242,11,21.24286319,120.22621005820997,116.68868363558123
-16,20250618::index=3.21242,22,21.24286319,138.09758636133333,135.53738177080038
-16,20250618::index=3.21242,28,21.24286319,118.38559083731981,115.39995719702351
-16,20250618::index=3.21242,33,21.24286319,133.88777319790557,131.68564713846993
-16,20250618::index=3.21242,34,21.24286319,117.45762474900408,113.65486696983069
-16,20250618::index=3.21242,36,21.24286319,130.30400749681675,129.02925585978065
-16,20250618::index=3.21242,41,21.24286319,132.9885709842068,129.26533314329322
-16,20250618::index=3.21242,42,21.24286319,127.75052240037394,124.37712577271287
-16,20250618::index=3.21242,52,21.24286319,130.6412077497786,128.02818778953835
-16,20250618::index=3.21242,54,21.24286319,121.60652627982404,120.2620771941134
-16,20250618::index=3.21242,56,21.24286319,133.71166334690648,130.56657473224988
-16,20250618::index=3.21242,57,21.24286319,134.14090139572048,131.28000690756292
-16,20250618::index=3.21242,59,21.24286319,120.30188764585675,117.86052163354418
-16,20250611::index=8.2.22E+05,0,221.5051102,135.17008551151014,132.28752022454367
-16,20250611::index=8.2.22E+05,4,221.5051102,110.1036367592935,109.13231876400637
-16,20250611::index=8.2.22E+05,6,221.5051102,119.14981546327112,117.79504777691061
-16,20250611::index=8.2.22E+05,9,221.5051102,121.56085270892642,118.19607114144839
-16,20250611::index=8.2.22E+05,13,221.5051102,117.96096922077294,115.89943171509135
-16,20250611::index=8.2.22E+05,15,221.5051102,121.78173704919857,118.90847934603009
-16,20250611::index=8.2.22E+05,17,221.5051102,125.33212905320332,121.97474798218435
-16,20250611::index=8.2.22E+05,22,221.5051102,129.8680230781462,127.61328622689275
-16,20250611::index=8.2.22E+05,24,221.5051102,124.43428189071018,120.98449363899583
-16,20250611::index=8.2.22E+05,28,221.5051102,118.65467366143017,115.90999991164213
-16,20250611::index=8.2.22E+05,31,221.5051102,130.86232673158707,127.9172466553124
-16,20250611::index=8.2.22E+05,39,221.5051102,125.38412586219978,122.4105251561804
-16,20250611::index=8.2.22E+05,40,221.5051102,122.13055649142744,120.10114127723668
-16,20250611::index=8.2.22E+05,50,221.5051102,115.5120680980904,112.73844213388108
-16,20250611::index=8.2.22E+05,59,221.5051102,116.35327560356819,113.80464974259597
-16,20250618::index=8.225704,0,225.70496179999998,133.56248780787917,130.58435633983856
-16,20250618::index=8.225704,4,225.70496179999998,123.39537607336909,120.32896510149699
-16,20250618::index=8.225704,6,225.70496179999998,122.15533256767081,121.12893021878283
-16,20250618::index=8.225704,9,225.70496179999998,127.3972988756852,124.31978049492415
-16,20250618::index=8.225704,13,225.70496179999998,243.57733573403286,240.3329604303463
-16,20250618::index=8.225704,15,225.70496179999998,136.26532041713185,133.81441589514782
-16,20250618::index=8.225704,17,225.70496179999998,129.8511343396224,127.2214229017561
-16,20250618::index=8.225704,22,225.70496179999998,135.11891014229548,132.52234410083693
-16,20250618::index=8.225704,24,225.70496179999998,126.34477987883153,122.94751943741505
-16,20250618::index=8.225704,28,225.70496179999998,123.61696267770667,121.05260193402752
-16,20250618::index=8.225704,31,225.70496179999998,126.52842563252699,123.53523334344392
-16,20250618::index=8.225704,39,225.70496179999998,166.99686255012745,165.93113800684543
-16,20250618::index=8.225704,40,225.70496179999998,128.33238931136185,125.19902960446161
-16,20250618::index=8.225704,50,225.70496179999998,193.67983460462654,190.71562828775063
-16,20250618::index=8.225704,59,225.70496179999998,125.30269137726901,122.18915881456748
-16,20250611::index=2.2.36E+03,0,2.35533535,133.16146809488487,130.4277857016062
-16,20250611::index=2.2.36E+03,2,2.35533535,124.15845548590664,121.72150409869022
-16,20250611::index=2.2.36E+03,3,2.35533535,116.87965481607334,115.77137375815241
-16,20250611::index=2.2.36E+03,14,2.35533535,120.13926546917989,116.35180568308903
-16,20250611::index=2.2.36E+03,21,2.35533535,123.83026296587742,120.7309723830428
-16,20250611::index=2.2.36E+03,23,2.35533535,123.47978897069264,121.55295696756046
-16,20250611::index=2.2.36E+03,29,2.35533535,119.84158112670555,115.76842602953278
-16,20250611::index=2.2.36E+03,36,2.35533535,116.50458899963822,115.4975862605005
-16,20250611::index=2.2.36E+03,37,2.35533535,126.19010903290724,122.21515071766176
-16,20250611::index=2.2.36E+03,44,2.35533535,122.46052316790576,118.98423560744959
-16,20250611::index=2.2.36E+03,47,2.35533535,130.85271436887288,128.1462698079379
-16,20250611::index=2.2.36E+03,48,2.35533535,121.80926212494123,119.55538627279036
-16,20250611::index=2.2.36E+03,54,2.35533535,120.0461640508901,117.18853412511896
-16,20250611::index=2.2.36E+03,55,2.35533535,122.78375154130082,120.08551257638732
-16,20250611::index=2.2.36E+03,59,2.35533535,117.77238939421997,117.18802400236939
-16,20250618::index=2.2380,0,2.380025286,135.73444055921107,133.16580919738234
-16,20250618::index=2.2380,2,2.380025286,134.3430564983656,131.07504982696886
-16,20250618::index=2.2380,3,2.380025286,124.35645771777048,123.28605719549248
-16,20250618::index=2.2380,14,2.380025286,118.03397899009748,115.44437908689233
-16,20250618::index=2.2380,21,2.380025286,122.270345462418,118.95285992748853
-16,20250618::index=2.2380,23,2.380025286,127.39807959676524,124.27102228599455
-16,20250618::index=2.2380,29,2.380025286,119.83860516847143,116.55379897270664
-16,20250618::index=2.2380,36,2.380025286,130.48766191038249,129.07040316061767
-16,20250618::index=2.2380,37,2.380025286,132.91827785245184,129.99451776613398
-16,20250618::index=2.2380,44,2.380025286,163.98237692241136,159.87400243763886
-16,20250618::index=2.2380,47,2.380025286,131.16985431553698,129.697527165786
-16,20250618::index=2.2380,48,2.380025286,136.51462803556896,133.5329787663585
-16,20250618::index=2.2380,54,2.380025286,121.54549785593936,120.29494271539097
-16,20250618::index=2.2380,55,2.380025286,123.80153777630288,120.8272595393342
-16,20250618::index=2.2380,59,2.380025286,122.5356869570764,120.01759308032804
-16,20250611::index=9.2.67E+05,3,266.90769650000004,282.0670089928185,280.8045662558476
-16,20250611::index=9.2.67E+05,6,266.90769650000004,260.49204362697367,259.84570028992414
-16,20250611::index=9.2.67E+05,7,266.90769650000004,296.94631283218223,295.82929160889944
-16,20250611::index=9.2.67E+05,15,266.90769650000004,126.65284817204564,123.41955154715542
-16,20250611::index=9.2.67E+05,18,266.90769650000004,268.54228405181806,266.45527916093573
-16,20250611::index=9.2.67E+05,21,266.90769650000004,124.62364111841721,121.0131958952544
-16,20250611::index=9.2.67E+05,26,266.90769650000004,244.9891150512116,243.10999587221517
-16,20250611::index=9.2.67E+05,27,266.90769650000004,120.35303777268255,117.37888356690164
-16,20250611::index=9.2.67E+05,29,266.90769650000004,242.2655903411955,240.1299611165007
-16,20250611::index=9.2.67E+05,30,266.90769650000004,259.0044873726693,257.84138057234856
-16,20250611::index=9.2.67E+05,31,266.90769650000004,235.9670696890476,233.20021820890332
-16,20250611::index=9.2.67E+05,41,266.90769650000004,132.877093832953,129.53696056307595
-16,20250611::index=9.2.67E+05,45,266.90769650000004,120.49167567266763,117.11974074053776
-16,20250611::index=9.2.67E+05,51,266.90769650000004,230.07820395401572,225.93156018989117
-16,20250611::index=9.2.67E+05,53,266.90769650000004,281.49762235401516,280.46494530106594
-16,20250618::index=9.271677,3,271.6776816,133.98589890603884,131.02898888450602
-16,20250618::index=9.271677,6,271.6776816,176.84737319691067,174.29122617104707
-16,20250618::index=9.271677,7,271.6776816,130.07475355438163,127.47015599962114
-16,20250618::index=9.271677,15,271.6776816,256.59527177392425,254.35736452192765
-16,20250618::index=9.271677,18,271.6776816,130.2024039869729,130.35360295990688
-16,20250618::index=9.271677,21,271.6776816,170.1434265210107,166.62076034463757
-16,20250618::index=9.271677,26,271.6776816,132.87268397097392,130.24754352823132
-16,20250618::index=9.271677,27,271.6776816,119.49035473042558,117.55895216734635
-16,20250618::index=9.271677,29,271.6776816,125.70532752994148,122.22764919289224
-16,20250618::index=9.271677,30,271.6776816,124.62610188733086,123.31774353251785
-16,20250618::index=9.271677,31,271.6776816,136.18271178802,133.90194922846203
-16,20250618::index=9.271677,41,271.6776816,179.8190622767397,177.01860376307354
-16,20250618::index=9.271677,45,271.6776816,265.4784651319203,263.87832643068435
-16,20250618::index=9.271677,51,271.6776816,125.52603372642034,122.70960002364762
-16,20250618::index=9.271677,53,271.6776816,122.77954208581724,120.52820650952657
-16,20250611::index=10.3.15E+05,2,315.4661173,251.62025820279732,248.56648813803073
-16,20250611::index=10.3.15E+05,4,315.4661173,229.882796385519,225.64638701046468
-16,20250611::index=10.3.15E+05,10,315.4661173,307.19646240794486,306.29539826606646
-16,20250611::index=10.3.15E+05,18,315.4661173,240.89224433447444,237.9357131066936
-16,20250611::index=10.3.15E+05,21,315.4661173,127.93629297345868,124.81992591305338
-16,20250611::index=10.3.15E+05,27,315.4661173,268.73585329200296,267.32650345145623
-16,20250611::index=10.3.15E+05,29,315.4661173,236.89735850735445,233.06008244209733
-16,20250611::index=10.3.15E+05,31,315.4661173,275.22957885550244,274.00060667193407
-16,20250611::index=10.3.15E+05,40,315.4661173,314.65247127582444,314.1444734021914
-16,20250611::index=10.3.15E+05,45,315.4661173,333.6207360639168,332.43685093540853
-16,20250611::index=10.3.15E+05,47,315.4661173,344.10393161842967,343.017582877159
-16,20250611::index=10.3.15E+05,48,315.4661173,311.0310439296055,310.9329358902256
-16,20250611::index=10.3.15E+05,50,315.4661173,328.15114288141797,326.79927406614047
-16,20250611::index=10.3.15E+05,53,315.4661173,198.79781061477,196.55163522956445
-16,20250611::index=10.3.15E+05,55,315.4661173,308.1245141198018,307.0369874569098
-16,20250618::index=10.322114,2,322.1142428,306.49832615891364,302.8677295995297
-16,20250618::index=10.322114,4,322.1142428,281.86684462721644,281.5191475301184
-16,20250618::index=10.322114,10,322.1142428,242.41983559032388,239.83438618895002
-16,20250618::index=10.322114,18,322.1142428,289.1386595807638,288.4127028637509
-16,20250618::index=10.322114,21,322.1142428,236.03339157207992,232.714279898996
-16,20250618::index=10.322114,27,322.1142428,160.39321832863288,158.21815144913083
-16,20250618::index=10.322114,29,322.1142428,123.01488013491905,119.05510328685492
-16,20250618::index=10.322114,31,322.1142428,167.47462790483797,163.79542844760354
-16,20250618::index=10.322114,40,322.1142428,132.42201701481258,130.80713238034454
-16,20250618::index=10.322114,45,322.1142428,134.1988925621723,130.60764357361913
-16,20250618::index=10.322114,47,322.1142428,131.58179696650856,130.58854460759045
-16,20250618::index=10.322114,48,322.1142428,173.2568129003772,171.1282815662388
-16,20250618::index=10.322114,50,322.1142428,124.99962342439443,121.95807072354812
-16,20250618::index=10.322114,53,322.1142428,128.26311404075577,125.94009362791056
-16,20250618::index=10.322114,55,322.1142428,132.71913604498022,130.6265663237345
-16,20250611::index=11.3.69E+05,1,368.97810499999997,376.0222977338196,375.3576523479804
-16,20250611::index=11.3.69E+05,5,368.97810499999997,402.18874094783547,401.6941777387051
-16,20250611::index=11.3.69E+05,15,368.97810499999997,370.8939703359336,370.2290792438085
-16,20250611::index=11.3.69E+05,17,368.97810499999997,375.8726924209588,375.2456098530741
-16,20250611::index=11.3.69E+05,20,368.97810499999997,388.7417848565836,388.5911997172418
-16,20250611::index=11.3.69E+05,31,368.97810499999997,395.58183061694876,394.0582786955053
-16,20250611::index=11.3.69E+05,37,368.97810499999997,410.67826557252124,409.4141261527976
-16,20250611::index=11.3.69E+05,44,368.97810499999997,328.47003380564115,328.1530432585147
-16,20250611::index=11.3.69E+05,45,368.97810499999997,346.76999598137905,346.1766178960607
-16,20250611::index=11.3.69E+05,49,368.97810499999997,327.1611607397316,326.6675320058277
-16,20250611::index=11.3.69E+05,50,368.97810499999997,289.68268514783006,289.07653412540566
-16,20250611::index=11.3.69E+05,53,368.97810499999997,411.2487298426111,409.9073739526076
-16,20250611::index=11.3.69E+05,54,368.97810499999997,360.87755777859434,360.3113819976302
-16,20250611::index=11.3.69E+05,55,368.97810499999997,360.25291094315645,359.7454995701188
-16,20250611::index=11.3.69E+05,58,368.97810499999997,337.7565437965698,337.54702190508965
-16,20250618::index=11.376320,1,376.3201201,346.167531407524,345.72881124319827
-16,20250618::index=11.376320,5,376.3201201,354.43369416948957,354.3626350118144
-16,20250618::index=11.376320,15,376.3201201,280.932503517189,280.67931980866217
-16,20250618::index=11.376320,17,376.3201201,329.4845846553751,329.32690493105605
-16,20250618::index=11.376320,20,376.3201201,343.43772246283714,342.6025941012967
-16,20250618::index=11.376320,31,376.3201201,192.53403410000362,189.15230189293476
-16,20250618::index=11.376320,37,376.3201201,275.39835919077467,274.48444457542496
-16,20250618::index=11.376320,44,376.3201201,324.18426222445805,323.8116535818438
-16,20250618::index=11.376320,45,376.3201201,372.36808247725116,372.5553714048579
-16,20250618::index=11.376320,49,376.3201201,328.3685274723285,328.4310961994598
-16,20250618::index=11.376320,50,376.3201201,295.21826124693007,294.11718633635707
-16,20250618::index=11.376320,53,376.3201201,345.00742588717173,344.3861218055522
-16,20250618::index=11.376320,54,376.3201201,315.62343206518204,314.8535969392595
-16,20250618::index=11.376320,55,376.3201201,371.716843192308,371.0256790280449
-16,20250618::index=11.376320,58,376.3201201,341.24523008149623,341.1272139369479
-16,20250611::index=12.4.27E+05,3,427.27619500000003,449.5095355301496,449.29565300863703
-16,20250611::index=12.4.27E+05,9,427.27619500000003,445.8363723364881,445.57287671292033
-16,20250611::index=12.4.27E+05,13,427.27619500000003,449.5753463812738,449.67890745282523
-16,20250611::index=12.4.27E+05,15,427.27619500000003,445.9969990206666,445.6442886787518
-16,20250611::index=12.4.27E+05,17,427.27619500000003,445.7827747307325,445.47442481395603
-16,20250611::index=12.4.27E+05,22,427.27619500000003,476.5802547219597,475.79641478447786
-16,20250611::index=12.4.27E+05,28,427.27619500000003,436.5343487467002,435.5613136640185
-16,20250611::index=12.4.27E+05,30,427.27619500000003,429.386153230138,428.7724943953158
-16,20250611::index=12.4.27E+05,39,427.27619500000003,434.9495594838245,434.2207153456441
-16,20250611::index=12.4.27E+05,42,427.27619500000003,460.40682235712484,460.255048919986
-16,20250611::index=12.4.27E+05,44,427.27619500000003,444.8579368490807,444.5994463541041
-16,20250611::index=12.4.27E+05,46,427.27619500000003,487.20564329866625,486.83679552501957
-16,20250611::index=12.4.27E+05,47,427.27619500000003,468.55028047096437,468.9424696552082
-16,20250611::index=12.4.27E+05,54,427.27619500000003,450.792861093881,450.66168678531335
-16,20250611::index=12.4.27E+05,57,427.27619500000003,463.2855926128596,463.071475013217
-16,20250618::index=12.434018,3,434.0180833,379.6961391935451,379.26354698106155
-16,20250618::index=12.434018,9,434.0180833,424.2216070225452,423.55485027193737
-16,20250618::index=12.434018,13,434.0180833,475.51807597312234,474.6044519197823
-16,20250618::index=12.434018,15,434.0180833,415.94352195065215,416.15261208865377
-16,20250618::index=12.434018,17,434.0180833,400.6878137866324,400.33833960267424
-16,20250618::index=12.434018,22,434.0180833,384.0977767396519,383.84305523712374
-16,20250618::index=12.434018,28,434.0180833,416.4937366161484,416.57115950796316
-16,20250618::index=12.434018,30,434.0180833,460.491921233768,459.6792549003234
-16,20250618::index=12.434018,39,434.0180833,361.4742194394158,361.94413961364734
-16,20250618::index=12.434018,42,434.0180833,379.2082612184871,379.39856786375907
-16,20250618::index=12.434018,44,434.0180833,384.0618368420765,384.0528961900627
-16,20250618::index=12.434018,46,434.0180833,432.95231768776256,433.1145919043255
-16,20250618::index=12.434018,47,434.0180833,473.1178457546567,472.7776932104785
-16,20250618::index=12.434018,54,434.0180833,472.36028742526923,472.045761072689
-16,20250618::index=12.434018,57,434.0180833,435.7155476727625,435.34976478731363
-16,20250611::index=13.4.89E+05,3,489.45399810000004,542.2191063406962,541.444966640057
-16,20250611::index=13.4.89E+05,7,489.45399810000004,484.8873968644535,484.3116100941415
-16,20250611::index=13.4.89E+05,12,489.45399810000004,485.1726006316576,485.256482285615
-16,20250611::index=13.4.89E+05,13,489.45399810000004,483.4705485376139,482.8665727062523
-16,20250611::index=13.4.89E+05,14,489.45399810000004,490.14315749777023,490.0615510696447
-16,20250611::index=13.4.89E+05,20,489.45399810000004,501.29482961953477,500.57710417922937
-16,20250611::index=13.4.89E+05,34,489.45399810000004,490.01110924348393,488.9331156907639
-16,20250611::index=13.4.89E+05,39,489.45399810000004,487.53397984328655,487.051615414713
-16,20250611::index=13.4.89E+05,42,489.45399810000004,473.0459103431727,472.16811155124117
-16,20250611::index=13.4.89E+05,44,489.45399810000004,509.0281930520934,508.65578900160875
-16,20250611::index=13.4.89E+05,48,489.45399810000004,489.43765089835404,489.18296508033063
-16,20250611::index=13.4.89E+05,51,489.45399810000004,500.0006400167373,499.4090142025429
-16,20250611::index=13.4.89E+05,53,489.45399810000004,491.9756223345734,491.9379688666372
-16,20250611::index=13.4.89E+05,54,489.45399810000004,494.2517765600877,493.4930212444786
-16,20250611::index=13.4.89E+05,59,489.45399810000004,489.23948829934324,489.6314814387396
-16,20250618::index=13.496023,3,496.0233525,508.0619002807977,507.7684579279255
-16,20250618::index=13.496023,7,496.0233525,524.5171504103015,524.1850119684584
-16,20250618::index=13.496023,12,496.0233525,474.5878025958552,473.9965097539141
-16,20250618::index=13.496023,13,496.0233525,496.5186645549572,495.6236067223264
-16,20250618::index=13.496023,14,496.0233525,524.609645297911,524.6278032920936
-16,20250618::index=13.496023,20,496.0233525,497.06271658996127,496.91607268205985
-16,20250618::index=13.496023,34,496.0233525,486.17264116218405,485.716145389798
-16,20250618::index=13.496023,39,496.0233525,488.4235918831282,487.8576225916008
-16,20250618::index=13.496023,42,496.0233525,441.8100500234582,441.7118652732512
-16,20250618::index=13.496023,44,496.0233525,494.23904829354154,493.68746776878675
-16,20250618::index=13.496023,48,496.0233525,483.8094041248858,483.86804431382905
-16,20250618::index=13.496023,51,496.0233525,480.70958659400003,480.4957097064204
-16,20250618::index=13.496023,53,496.0233525,485.8094521409631,484.651202561597
-16,20250618::index=13.496023,54,496.0233525,517.7176732577465,517.3901114281206
-16,20250618::index=13.496023,59,496.0233525,510.0087224252846,509.0482898554539
-16,20250611::index=14.5.54E+05,8,554.1963218000001,563.1756045835875,562.4479356745767
-16,20250611::index=14.5.54E+05,9,554.1963218000001,552.5725381519554,551.8237224563724
-16,20250611::index=14.5.54E+05,10,554.1963218000001,548.4211644582152,547.9422560588795
-16,20250611::index=14.5.54E+05,14,554.1963218000001,565.0444422894525,564.7374750625313
-16,20250611::index=14.5.54E+05,29,554.1963218000001,553.8106123135736,553.0068566381655
-16,20250611::index=14.5.54E+05,30,554.1963218000001,490.01157707426165,489.6836024465668
-16,20250611::index=14.5.54E+05,33,554.1963218000001,601.4076590520297,601.257790224391
-16,20250611::index=14.5.54E+05,36,554.1963218000001,555.2497838329433,554.92312713001
-16,20250611::index=14.5.54E+05,43,554.1963218000001,552.5500701658218,551.5824758815114
-16,20250611::index=14.5.54E+05,48,554.1963218000001,541.7959467458471,541.2230393384934
-16,20250611::index=14.5.54E+05,50,554.1963218000001,553.932864453668,553.0545141833857
-16,20250611::index=14.5.54E+05,51,554.1963218000001,566.0246595127049,564.9169529886857
-16,20250611::index=14.5.54E+05,54,554.1963218000001,547.7133904205743,546.5304263876335
-16,20250611::index=14.5.54E+05,57,554.1963218000001,544.5046514684723,543.6161630357959
-16,20250611::index=14.5.54E+05,58,554.1963218000001,521.3010809681979,520.644511444307
-16,20250618::index=14.562158,8,562.1587854,556.3217939310466,555.3586820235648
-16,20250618::index=14.562158,9,562.1587854,568.566786095087,568.1381664454717
-16,20250618::index=14.562158,10,562.1587854,563.1728665004684,562.9019790876104
-16,20250618::index=14.562158,14,562.1587854,572.5664800670762,572.4709504571349
-16,20250618::index=14.562158,29,562.1587854,552.4216608687763,551.3376508388704
-16,20250618::index=14.562158,30,562.1587854,566.584390172847,565.9783651898376
-16,20250618::index=14.562158,33,562.1587854,560.8527465551607,560.5227418440962
-16,20250618::index=14.562158,36,562.1587854,586.5101478926011,586.4434409243195
-16,20250618::index=14.562158,43,562.1587854,577.8179133075927,577.9557230907092
-16,20250618::index=14.562158,48,562.1587854,534.0957221390585,533.8209698341087
-16,20250618::index=14.562158,50,562.1587854,562.9421958798982,562.8239056168193
-16,20250618::index=14.562158,51,562.1587854,561.951935157834,561.2020386751193
-16,20250618::index=14.562158,54,562.1587854,551.4408236013298,550.8082807239051
-16,20250618::index=14.562158,57,562.1587854,559.8517505643512,559.5519580800147
-16,20250618::index=14.562158,58,562.1587854,577.5202974259365,577.6537062702807
-16,20250611::index=4.5.76E+04,2,57.59331665,126.59491363655336,124.49263040100875
-16,20250611::index=4.5.76E+04,3,57.59331665,119.0919591322348,117.45570110857838
-16,20250611::index=4.5.76E+04,6,57.59331665,110.30285762252484,108.51931821314068
-16,20250611::index=4.5.76E+04,11,57.59331665,126.41258048086378,123.58207414470552
-16,20250611::index=4.5.76E+04,13,57.59331665,115.02118324735588,113.1004082822627
-16,20250611::index=4.5.76E+04,15,57.59331665,124.46677389419132,121.61302168618143
-16,20250611::index=4.5.76E+04,18,57.59331665,112.49781721165668,111.22127809734774
-16,20250611::index=4.5.76E+04,33,57.59331665,127.01929351503205,125.01294675217392
-16,20250611::index=4.5.76E+04,38,57.59331665,122.8703817507988,120.06195591885002
-16,20250611::index=4.5.76E+04,41,57.59331665,124.02738121211206,121.00827626306646
-16,20250611::index=4.5.76E+04,42,57.59331665,125.61206806880848,122.6447000403969
-16,20250611::index=4.5.76E+04,44,57.59331665,125.15739240650016,121.42881442418648
-16,20250611::index=4.5.76E+04,46,57.59331665,120.99495145398407,118.93965715557565
-16,20250611::index=4.5.76E+04,54,57.59331665,116.47569602857513,114.8564769164121
-16,20250611::index=4.5.76E+04,55,57.59331665,120.85808257820904,118.17837201444733
-16,20250618::index=4.58389,2,58.38985471,138.19822698299754,135.7337853605617
-16,20250618::index=4.58389,3,58.38985471,128.66632672536699,125.77791334658427
-16,20250618::index=4.58389,6,58.38985471,121.45810531038195,119.0045870983656
-16,20250618::index=4.58389,11,58.38985471,123.49660185835532,120.83438794487662
-16,20250618::index=4.58389,13,58.38985471,118.5005731633291,117.63798992851652
-16,20250618::index=4.58389,15,58.38985471,128.62917881824484,126.1580525574899
-16,20250618::index=4.58389,18,58.38985471,122.78531660328255,120.52256575766086
-16,20250618::index=4.58389,33,58.38985471,138.12647388877522,135.71158892463816
-16,20250618::index=4.58389,38,58.38985471,129.2501245668225,126.48767773311972
-16,20250618::index=4.58389,41,58.38985471,130.26004496934118,126.95265668957519
-16,20250618::index=4.58389,42,58.38985471,129.08314275446844,127.90080542611662
-16,20250618::index=4.58389,44,58.38985471,137.3187023007118,133.3553203493932
-16,20250618::index=4.58389,46,58.38985471,137.00336242682783,133.84760404811547
-16,20250618::index=4.58389,54,58.38985471,120.13258926270551,117.83493388003801
-16,20250618::index=4.58389,55,58.38985471,126.00234583390312,122.99537671315811
-16,20250611::index=15.6.24E+05,3,624.4425514,663.9686166590972,663.3671552948416
-16,20250611::index=15.6.24E+05,4,624.4425514,622.708119375033,621.3329490752878
-16,20250611::index=15.6.24E+05,11,624.4425514,640.4306921270295,639.7858384276855
-16,20250611::index=15.6.24E+05,13,624.4425514,583.5799099001724,583.3820289716816
-16,20250611::index=15.6.24E+05,14,624.4425514,615.1226990395809,613.3138984594555
-16,20250611::index=15.6.24E+05,18,624.4425514,610.347578671305,609.2435558526865
-16,20250611::index=15.6.24E+05,19,624.4425514,621.3930437681903,619.922173829523
-16,20250611::index=15.6.24E+05,27,624.4425514,623.3050777240992,623.2694415325058
-16,20250611::index=15.6.24E+05,39,624.4425514,622.3652172265068,621.8283760105872
-16,20250611::index=15.6.24E+05,43,624.4425514,644.234096382554,643.419458590291
-16,20250611::index=15.6.24E+05,46,624.4425514,624.861354813908,625.330757791702
-16,20250611::index=15.6.24E+05,51,624.4425514,618.5107816601286,617.5309920756072
-16,20250611::index=15.6.24E+05,55,624.4425514,625.4769178101001,624.1202892462355
-16,20250611::index=15.6.24E+05,57,624.4425514,613.417221169725,612.9403052183231
-16,20250611::index=15.6.24E+05,58,624.4425514,622.2450504870163,620.8284103501777
-16,20250618::index=15.633482,3,633.482536,632.3979462190853,631.9542506706385
-16,20250618::index=15.633482,4,633.482536,634.0925256101001,633.471465344934
-16,20250618::index=15.633482,11,633.482536,639.9141679040697,639.0102580885078
-16,20250618::index=15.633482,13,633.482536,609.5901390499342,609.3331157008364
-16,20250618::index=15.633482,14,633.482536,635.3812512126799,634.8182768272281
-16,20250618::index=15.633482,18,633.482536,612.5995408083825,612.020981773603
-16,20250618::index=15.633482,19,633.482536,639.8541111988434,639.9856170197654
-16,20250618::index=15.633482,27,633.482536,607.5558816087048,607.0124499535217
-16,20250618::index=15.633482,39,633.482536,584.5737032098591,584.1430939219448
-16,20250618::index=15.633482,43,633.482536,648.3846604502354,647.6036412810074
-16,20250618::index=15.633482,46,633.482536,671.7134874829308,670.3796286924498
-16,20250618::index=15.633482,51,633.482536,690.4599323963444,689.8035746828245
-16,20250618::index=15.633482,55,633.482536,608.5855313082451,608.9743853678676
-16,20250618::index=15.633482,57,633.482536,640.5790076381913,640.813689263142
-16,20250618::index=15.633482,58,633.482536,639.3550273123849,639.2092228990037
-16,20250611::index=16.6.98E+05,2,698.421296,674.9804182005252,673.7362642794371
-16,20250611::index=16.6.98E+05,6,698.421296,710.2930545981172,708.8293514706544
-16,20250611::index=16.6.98E+05,9,698.421296,678.5416166403,676.4633807578462
-16,20250611::index=16.6.98E+05,10,698.421296,676.9543495986316,676.1120950797282
-16,20250611::index=16.6.98E+05,13,698.421296,702.6594548591446,701.9940251257947
-16,20250611::index=16.6.98E+05,17,698.421296,696.4872002631329,694.9852528786446
-16,20250611::index=16.6.98E+05,35,698.421296,714.5884799034189,713.5410674636043
-16,20250611::index=16.6.98E+05,37,698.421296,700.30725692877,699.3471563802138
-16,20250611::index=16.6.98E+05,39,698.421296,696.8135926464174,697.1519076171896
-16,20250611::index=16.6.98E+05,40,698.421296,702.0991264519287,700.815485032318
-16,20250611::index=16.6.98E+05,46,698.421296,741.088951819204,741.1959447342915
-16,20250611::index=16.6.98E+05,47,698.421296,710.0802455651776,709.1908995842842
-16,20250611::index=16.6.98E+05,52,698.421296,758.6757338375799,758.319020476094
-16,20250611::index=16.6.98E+05,55,698.421296,695.3289145893299,695.842234665654
-16,20250611::index=16.6.98E+05,57,698.421296,702.8678913019703,701.9777678541617
-16,20250618::index=16.709792,2,709.7927143,723.9559877253057,724.4152441093887
-16,20250618::index=16.709792,6,709.7927143,741.9969386482397,740.1383686385426
-16,20250618::index=16.709792,9,709.7927143,709.1712948875609,708.5230702621163
-16,20250618::index=16.709792,10,709.7927143,748.9223551339502,747.3416227261008
-16,20250618::index=16.709792,13,709.7927143,720.1741158076868,719.2129488209973
-16,20250618::index=16.709792,17,709.7927143,726.1441250137069,726.6463826328614
-16,20250618::index=16.709792,35,709.7927143,725.2650923087998,724.6567539005292
-16,20250618::index=16.709792,37,709.7927143,716.8500078868655,716.3025074878263
-16,20250618::index=16.709792,39,709.7927143,694.9966252674864,693.670904538406
-16,20250618::index=16.709792,40,709.7927143,743.7811628892314,743.040069552423
-16,20250618::index=16.709792,46,709.7927143,755.1801801222432,754.4742324196822
-16,20250618::index=16.709792,47,709.7927143,723.08829527553,722.5593836874339
-16,20250618::index=16.709792,52,709.7927143,713.7839010659224,714.2587580000218
-16,20250618::index=16.709792,55,709.7927143,708.7389693682261,708.0359057227818
-16,20250618::index=16.709792,57,709.7927143,671.2831857648846,672.0624709336535
-16,20250611::index=17.7.77E+05,5,776.6472223000001,769.3127927279111,769.5649597047011
-16,20250611::index=17.7.77E+05,6,776.6472223000001,791.3129922071736,790.581163992197
-16,20250611::index=17.7.77E+05,7,776.6472223000001,776.4332184385692,775.4135074186563
-16,20250611::index=17.7.77E+05,8,776.6472223000001,783.9810679731415,783.439787964494
-16,20250611::index=17.7.77E+05,10,776.6472223000001,775.43965354959,775.3159498900819
-16,20250611::index=17.7.77E+05,14,776.6472223000001,769.7714592838212,768.3354650728066
-16,20250611::index=17.7.77E+05,19,776.6472223000001,794.4767802775754,792.588830883396
-16,20250611::index=17.7.77E+05,24,776.6472223000001,778.0519074767211,777.1729642038523
-16,20250611::index=17.7.77E+05,26,776.6472223000001,779.1817699446409,778.4339139755922
-16,20250611::index=17.7.77E+05,31,776.6472223000001,798.2289473268187,798.1061434011597
-16,20250611::index=17.7.77E+05,41,776.6472223000001,786.7615343019953,785.3684999032347
-16,20250611::index=17.7.77E+05,52,776.6472223000001,798.5750214660299,798.5520851253372
-16,20250611::index=17.7.77E+05,53,776.6472223000001,799.6870758280149,799.4376801625815
-16,20250611::index=17.7.77E+05,54,776.6472223000001,773.9761957405073,773.340835251292
-16,20250611::index=17.7.77E+05,55,776.6472223000001,777.2513082024221,775.8908768995814
-16,20250618::index=17.789500,5,789.5001968,775.1042244923242,774.5808158599259
-16,20250618::index=17.789500,6,789.5001968,825.0897363709322,824.2128157686326
-16,20250618::index=17.789500,7,789.5001968,753.8131268528534,753.6888649020193
-16,20250618::index=17.789500,8,789.5001968,725.2927844774612,725.0400182808909
-16,20250618::index=17.789500,10,789.5001968,760.6539264524899,759.6666027160239
-16,20250618::index=17.789500,14,789.5001968,842.0424117732225,841.1236797506467
-16,20250618::index=17.789500,19,789.5001968,808.9769909333436,807.9868326229216
-16,20250618::index=17.789500,24,789.5001968,770.0583020009894,768.3055909261226
-16,20250618::index=17.789500,26,789.5001968,844.277107884481,843.2039223451206
-16,20250618::index=17.789500,31,789.5001968,771.9904641464034,772.2341565438015
-16,20250618::index=17.789500,41,789.5001968,752.1845762592297,751.1178600863087
-16,20250618::index=17.789500,52,789.5001968,765.737871931495,765.1527529853181
-16,20250618::index=17.789500,53,789.5001968,779.5527455105182,779.2184403071082
-16,20250618::index=17.789500,54,789.5001968,807.7264543576429,806.6969600229828
-16,20250618::index=17.789500,55,789.5001968,803.7585675067567,802.3249419566368
-16,20250611::index=18.8.59E+05,0,859.3439142,843.297134969551,841.668353683347
-16,20250611::index=18.8.59E+05,5,859.3439142,834.8117431089001,834.0445601620753
-16,20250611::index=18.8.59E+05,14,859.3439142,852.0560395664478,850.9686878477717
-16,20250611::index=18.8.59E+05,18,859.3439142,822.8313102535348,821.932229231783
-16,20250611::index=18.8.59E+05,19,859.3439142,842.7155889088026,841.3389474421833
-16,20250611::index=18.8.59E+05,21,859.3439142,846.4782558024764,845.7799727480375
-16,20250611::index=18.8.59E+05,26,859.3439142,848.7099171402524,848.0497503350127
-16,20250611::index=18.8.59E+05,27,859.3439142,852.8796104414324,851.7660847622999
-16,20250611::index=18.8.59E+05,32,859.3439142,849.0032270859857,849.0537774309072
-16,20250611::index=18.8.59E+05,36,859.3439142,847.2627755787007,846.1513512019043
-16,20250611::index=18.8.59E+05,43,859.3439142,804.0812920034019,802.9736549415509
-16,20250611::index=18.8.59E+05,53,859.3439142,849.2364084870353,847.6620175765585
-16,20250611::index=18.8.59E+05,54,859.3439142,845.5683639024307,843.7995520316717
-16,20250611::index=18.8.59E+05,56,859.3439142,847.6409363832777,847.0865391081687
-16,20250611::index=18.8.59E+05,57,859.3439142,845.9570173388048,844.5502594890979
-16,20250618::index=18.873637,0,873.6370359,856.7155381408614,856.1299810016989
-16,20250618::index=18.873637,5,873.6370359,856.0445656014439,855.3675907092074
-16,20250618::index=18.873637,14,873.6370359,857.8265946917938,857.8282158755807
-16,20250618::index=18.873637,18,873.6370359,857.2958673656716,855.5276957786799
-16,20250618::index=18.873637,19,873.6370359,847.7488403909716,846.0156379164982
-16,20250618::index=18.873637,21,873.6370359,850.5348035447048,849.1277150853786
-16,20250618::index=18.873637,26,873.6370359,871.4090715450429,869.8637877767802
-16,20250618::index=18.873637,27,873.6370359,843.0067131726423,841.5723256327631
-16,20250618::index=18.873637,32,873.6370359,855.8510341805088,855.7333112227453
-16,20250618::index=18.873637,36,873.6370359,845.2788237193085,844.3064212797012
-16,20250618::index=18.873637,43,873.6370359,851.5108420210229,850.3849358490041
-16,20250618::index=18.873637,53,873.6370359,849.0442454831069,849.0386958411946
-16,20250618::index=18.873637,54,873.6370359,839.7513227013014,838.3555715683901
-16,20250618::index=18.873637,56,873.6370359,860.5426883248625,859.3405085834278
-16,20250618::index=18.873637,57,873.6370359,844.449203060411,843.6681830360324
-20,20250618::index=1.0,0,-1.42e-09,153.43855188409856,150.80841160287758
-20,20250618::index=1.0,3,-1.42e-09,142.28441503652098,139.24856115363283
-20,20250618::index=1.0,5,-1.42e-09,130.3769406245235,126.76772531883789
-20,20250618::index=1.0,12,-1.42e-09,136.46890665049193,133.12991670115525
-20,20250618::index=1.0,13,-1.42e-09,130.59693957971635,126.57103145011828
-20,20250618::index=1.0,31,-1.42e-09,146.9531336489438,143.99316242608396
-20,20250618::index=1.0,33,-1.42e-09,146.91258822693553,143.34981176107004
-20,20250618::index=1.0,36,-1.42e-09,133.30488184744382,131.31854526354869
-20,20250618::index=1.0,45,-1.42e-09,141.70541185571201,137.25721425494942
-20,20250618::index=1.0,46,-1.42e-09,146.95218246338436,143.2715769309893
-20,20250618::index=1.0,48,-1.42e-09,150.57027927172587,147.69756753214511
-20,20250618::index=1.0,50,-1.42e-09,131.72634709189072,128.5603318097751
-20,20250618::index=1.0,52,-1.42e-09,144.4612320780605,140.47875198229175
-20,20250618::index=1.0,54,-1.42e-09,139.07904876021064,136.76672315626573
-20,20250618::index=1.0,57,-1.42e-09,148.20911330857803,145.15717521180974
-20,20250611::index=1.3.28E-04,0,3.280469999999e-07,148.3228591521948,146.14473917884524
-20,20250611::index=1.3.28E-04,3,3.280469999999e-07,139.09480957977246,135.87329909104344
-20,20250611::index=1.3.28E-04,5,3.280469999999e-07,130.03130397446748,126.73648909521668
-20,20250611::index=1.3.28E-04,12,3.280469999999e-07,139.058389634046,136.26005009196916
-20,20250611::index=1.3.28E-04,13,3.280469999999e-07,128.46792632873283,124.85039930193396
-20,20250611::index=1.3.28E-04,31,3.280469999999e-07,144.52857258068713,141.8611019141291
-20,20250611::index=1.3.28E-04,33,3.280469999999e-07,141.42091237757705,138.49079184720551
-20,20250611::index=1.3.28E-04,36,3.280469999999e-07,135.1837461044584,133.04183016549763
-20,20250611::index=1.3.28E-04,45,3.280469999999e-07,146.6664240018795,142.96341468812767
-20,20250611::index=1.3.28E-04,46,3.280469999999e-07,145.99944512905816,142.6338704050167
-20,20250611::index=1.3.28E-04,48,3.280469999999e-07,144.84979896168096,142.18233976734066
-20,20250611::index=1.3.28E-04,50,3.280469999999e-07,132.9924268510172,129.4388971215544
-20,20250611::index=1.3.28E-04,52,3.280469999999e-07,141.1868729090783,137.78834593401834
-20,20250611::index=1.3.28E-04,54,3.280469999999e-07,138.31926276250945,136.3363961603562
-20,20250611::index=1.3.28E-04,57,3.280469999999e-07,147.62809318597573,143.9499411369354
-20,20250611::index=5.1.11E+05,17,111.2647017,138.99245390692383,135.9520384191275
-20,20250611::index=5.1.11E+05,19,111.2647017,136.54975553787037,133.98054359011113
-20,20250611::index=5.1.11E+05,21,111.2647017,140.37535014895892,137.232804990017
-20,20250611::index=5.1.11E+05,23,111.2647017,141.83536865464797,139.35958409406285
-20,20250611::index=5.1.11E+05,28,111.2647017,128.38340876133446,124.09036009509235
-20,20250611::index=5.1.11E+05,34,111.2647017,136.9780014050255,133.7878591003891
-20,20250611::index=5.1.11E+05,35,111.2647017,152.68809425326913,150.20207697187337
-20,20250611::index=5.1.11E+05,41,111.2647017,150.4016042878297,147.2286800753658
-20,20250611::index=5.1.11E+05,46,111.2647017,141.91637353568763,137.91230374191744
-20,20250611::index=5.1.11E+05,47,111.2647017,150.1803338483927,147.438402832192
-20,20250611::index=5.1.11E+05,48,111.2647017,147.64101880394136,144.76334853818673
-20,20250611::index=5.1.11E+05,51,111.2647017,136.2230251033131,132.68863439248457
-20,20250611::index=5.1.11E+05,55,111.2647017,138.54597644576705,134.60192315735566
-20,20250611::index=5.1.11E+05,56,111.2647017,141.4246411472109,138.61921853827886
-20,20250611::index=5.1.11E+05,58,111.2647017,144.6456283487646,141.8240675900794
-20,20250618::index=5.113188,17,113.1882901,142.22283272338376,138.1807479668548
-20,20250618::index=5.113188,19,113.1882901,133.22461327556636,130.7851846401182
-20,20250618::index=5.113188,21,113.1882901,145.34913434680155,142.37329278146208
-20,20250618::index=5.113188,23,113.1882901,145.31677030839265,143.18467719015607
-20,20250618::index=5.113188,28,113.1882901,130.20914113716282,126.68514065964041
-20,20250618::index=5.113188,34,113.1882901,137.52461262188018,135.05367712496317
-20,20250618::index=5.113188,35,113.1882901,156.75709812189072,154.497140459443
-20,20250618::index=5.113188,41,113.1882901,140.43617645602225,137.46764995908865
-20,20250618::index=5.113188,46,113.1882901,138.79636125255323,134.96076985625987
-20,20250618::index=5.113188,47,113.1882901,150.75794366302253,148.7606340461505
-20,20250618::index=5.113188,48,113.1882901,149.1390016294974,146.4874560013511
-20,20250618::index=5.113188,51,113.1882901,137.1981152852616,133.81881342511906
-20,20250618::index=5.113188,55,113.1882901,139.9170614415772,136.183153826641
-20,20250618::index=5.113188,56,113.1882901,142.81874718652975,139.60963574434317
-20,20250618::index=5.113188,58,113.1882901,144.9553219274155,142.02940201380403
-20,20250611::index=6.1.44E+05,6,144.32426180000002,130.67425814778545,127.08798513841049
-20,20250611::index=6.1.44E+05,11,144.32426180000002,134.23878361527284,130.87098594584535
-20,20250611::index=6.1.44E+05,13,144.32426180000002,129.70503580981745,126.32849131854671
-20,20250611::index=6.1.44E+05,26,144.32426180000002,148.87900228632182,145.9001928806178
-20,20250611::index=6.1.44E+05,31,144.32426180000002,137.65844551326205,134.8005763006624
-20,20250611::index=6.1.44E+05,34,144.32426180000002,139.0548396500359,135.77436779955505
-20,20250611::index=6.1.44E+05,35,144.32426180000002,155.4857429363929,153.2771460736245
-20,20250611::index=6.1.44E+05,36,144.32426180000002,130.49592278103268,129.4417829199794
-20,20250611::index=6.1.44E+05,38,144.32426180000002,139.50101632837,136.4405635832524
-20,20250611::index=6.1.44E+05,40,144.32426180000002,136.2530108878372,133.04741545852147
-20,20250611::index=6.1.44E+05,46,144.32426180000002,141.8458939787555,138.6651815326295
-20,20250611::index=6.1.44E+05,47,144.32426180000002,151.15050986196843,148.99952832274272
-20,20250611::index=6.1.44E+05,56,144.32426180000002,139.77047759493078,136.51969135408115
-20,20250611::index=6.1.44E+05,58,144.32426180000002,144.89417704011453,141.83696469393522
-20,20250611::index=6.1.44E+05,59,144.32426180000002,134.9580063967718,132.5034011712889
-20,20250618::index=6.146381,6,146.38165049999998,136.8277739081434,133.59219873903135
-20,20250618::index=6.146381,11,146.38165049999998,141.29442243460815,138.2532316901633
-20,20250618::index=6.146381,13,146.38165049999998,128.41374090626135,124.41139524923554
-20,20250618::index=6.146381,26,146.38165049999998,150.70921669332108,148.44062202495215
-20,20250618::index=6.146381,31,146.38165049999998,136.88796967720643,134.09919430131973
-20,20250618::index=6.146381,34,146.38165049999998,134.946280585811,132.36017313463196
-20,20250618::index=6.146381,35,146.38165049999998,177.1304196777417,175.26653987306725
-20,20250618::index=6.146381,36,146.38165049999998,141.74279412593572,139.7651512754112
-20,20250618::index=6.146381,38,146.38165049999998,143.88073700855116,141.59506326551917
-20,20250618::index=6.146381,40,146.38165049999998,141.51708487230843,137.84848679094037
-20,20250618::index=6.146381,46,146.38165049999998,144.26421573049203,141.2191683058763
-20,20250618::index=6.146381,47,146.38165049999998,150.49201708436453,149.28429077580319
-20,20250618::index=6.146381,56,146.38165049999998,143.471229403099,140.5396676237444
-20,20250618::index=6.146381,58,146.38165049999998,145.744050358319,142.9552341918395
-20,20250618::index=6.146381,59,146.38165049999998,129.27704642055022,126.93790101555334
-20,20250611::index=7.1.81E+05,4,181.378003,123.27874271293244,119.72450366053216
-20,20250611::index=7.1.81E+05,5,181.378003,126.50814002678408,122.83972844182611
-20,20250611::index=7.1.81E+05,10,181.378003,142.4800172136841,139.817726489981
-20,20250611::index=7.1.81E+05,15,181.378003,143.89902912099114,141.00037805451058
-20,20250611::index=7.1.81E+05,18,181.378003,135.06304166895274,132.02241865673798
-20,20250611::index=7.1.81E+05,20,181.378003,140.51831729393533,137.33727541655114
-20,20250611::index=7.1.81E+05,26,181.378003,154.51254954070015,152.50342401308876
-20,20250611::index=7.1.81E+05,28,181.378003,128.79642808329314,124.7254706747319
-20,20250611::index=7.1.81E+05,33,181.378003,138.60220975496281,135.03654948652684
-20,20250611::index=7.1.81E+05,37,181.378003,152.89277060255617,149.99678064642674
-20,20250611::index=7.1.81E+05,41,181.378003,139.19487214737225,136.50377642592878
-20,20250611::index=7.1.81E+05,44,181.378003,145.08993200785062,142.1556207801704
-20,20250611::index=7.1.81E+05,56,181.378003,136.9156761068591,134.31441554026773
-20,20250611::index=7.1.81E+05,57,181.378003,151.6657965653874,149.47195189084945
-20,20250611::index=7.1.81E+05,58,181.378003,143.23631294192512,140.78601127250843
-20,20250618::index=7.184190,4,184.1909699,133.556621866093,130.53100999751746
-20,20250618::index=7.184190,5,184.1909699,133.34079957195803,130.13948764104285
-20,20250618::index=7.184190,10,184.1909699,139.94756994558247,136.81444733238837
-20,20250618::index=7.184190,15,184.1909699,141.3612851576893,138.77418802057224
-20,20250618::index=7.184190,18,184.1909699,138.60358305903378,135.95064436266082
-20,20250618::index=7.184190,20,184.1909699,143.51608778934786,139.73948123366833
-20,20250618::index=7.184190,26,184.1909699,152.1717450974661,149.40117742460976
-20,20250618::index=7.184190,28,184.1909699,125.53224349982712,122.10586583718525
-20,20250618::index=7.184190,33,184.1909699,165.74901645769063,161.99161585465944
-20,20250618::index=7.184190,37,184.1909699,156.91091883882464,154.08506228698198
-20,20250618::index=7.184190,41,184.1909699,152.50337199190525,148.99648927629738
-20,20250618::index=7.184190,44,184.1909699,148.07421583605898,145.18309762211922
-20,20250618::index=7.184190,56,184.1909699,150.56512694206518,147.037772407869
-20,20250618::index=7.184190,57,184.1909699,152.10191563955672,148.7872542834785
-20,20250618::index=7.184190,58,184.1909699,149.21534858826,146.25795317926887
-20,20250611::index=3.2.10E+04,1,20.97971604,144.29557442953484,142.01174194696517
-20,20250611::index=3.2.10E+04,6,20.97971604,128.4396541353111,125.27494489559624
-20,20250611::index=3.2.10E+04,11,20.97971604,139.4575322746322,136.46429434077692
-20,20250611::index=3.2.10E+04,22,20.97971604,147.8556369293365,145.39461379985607
-20,20250611::index=3.2.10E+04,28,20.97971604,128.30871683848852,125.01559529218846
-20,20250611::index=3.2.10E+04,33,20.97971604,139.79649764966547,136.50183804029652
-20,20250611::index=3.2.10E+04,34,20.97971604,134.67488792374007,131.69576425838235
-20,20250611::index=3.2.10E+04,36,20.97971604,131.451182069076,129.4482806111574
-20,20250611::index=3.2.10E+04,41,20.97971604,137.88004564869703,134.63666284449656
-20,20250611::index=3.2.10E+04,42,20.97971604,139.5911188342472,136.55743351474462
-20,20250611::index=3.2.10E+04,52,20.97971604,133.87336139124983,130.66742004443324
-20,20250611::index=3.2.10E+04,54,20.97971604,136.7955183693954,134.04887777391113
-20,20250611::index=3.2.10E+04,56,20.97971604,138.5827655102106,135.07689777788414
-20,20250611::index=3.2.10E+04,57,20.97971604,151.6467538381762,148.7924687735441
-20,20250611::index=3.2.10E+04,59,20.97971604,132.0009433266792,129.67301754028065
-20,20250618::index=3.21242,1,21.24286319,178.53383255603165,175.69982642504434
-20,20250618::index=3.21242,6,21.24286319,137.76324862988497,134.98585828340762
-20,20250618::index=3.21242,11,21.24286319,136.77781100636426,133.51420014262186
-20,20250618::index=3.21242,22,21.24286319,152.6637795702789,150.69832849183376
-20,20250618::index=3.21242,28,21.24286319,126.19138177930492,122.25236652711826
-20,20250618::index=3.21242,33,21.24286319,145.64426563474424,142.34172536614005
-20,20250618::index=3.21242,34,21.24286319,135.74338003303768,131.81094961311686
-20,20250618::index=3.21242,36,21.24286319,136.33060418243628,134.2480588190545
-20,20250618::index=3.21242,41,21.24286319,148.81418551898517,145.537157554666
-20,20250618::index=3.21242,42,21.24286319,138.61612759228098,134.9498682019178
-20,20250618::index=3.21242,52,21.24286319,145.05024351222536,141.5212854361139
-20,20250618::index=3.21242,54,21.24286319,137.38317529608634,135.2421145818844
-20,20250618::index=3.21242,56,21.24286319,143.9222387179032,140.66577929472143
-20,20250618::index=3.21242,57,21.24286319,148.75432664532406,145.81000835830818
-20,20250618::index=3.21242,59,21.24286319,132.79243924326275,129.90703919985262
-20,20250611::index=8.2.22E+05,0,221.5051102,156.66083195873733,154.70913014034
-20,20250611::index=8.2.22E+05,4,221.5051102,128.22205754569217,125.45142377116863
-20,20250611::index=8.2.22E+05,6,221.5051102,132.6260017914155,130.01217565656785
-20,20250611::index=8.2.22E+05,9,221.5051102,140.2713733148547,137.14510466187332
-20,20250611::index=8.2.22E+05,13,221.5051102,128.33328917834584,124.83140289422683
-20,20250611::index=8.2.22E+05,15,221.5051102,141.2299293493422,137.9772410869489
-20,20250611::index=8.2.22E+05,17,221.5051102,142.10963350306483,138.5915730720602
-20,20250611::index=8.2.22E+05,22,221.5051102,149.54354430495897,147.17839327961872
-20,20250611::index=8.2.22E+05,24,221.5051102,140.3395205898707,136.93544602532918
-20,20250611::index=8.2.22E+05,28,221.5051102,129.77984443634156,126.35353832237476
-20,20250611::index=8.2.22E+05,31,221.5051102,144.9168009684673,142.13191536689266
-20,20250611::index=8.2.22E+05,39,221.5051102,135.22486720058038,131.96118006640253
-20,20250611::index=8.2.22E+05,40,221.5051102,141.05045230651785,138.1734115849098
-20,20250611::index=8.2.22E+05,50,221.5051102,131.66983225090135,128.45342042947095
-20,20250611::index=8.2.22E+05,59,221.5051102,130.05134857202023,127.53777644472159
-20,20250618::index=8.225704,0,225.70496179999998,154.86667512435076,152.82071847463203
-20,20250618::index=8.225704,4,225.70496179999998,133.86485035910005,130.48107273317896
-20,20250618::index=8.225704,6,225.70496179999998,135.03747888582438,132.46026930820878
-20,20250618::index=8.225704,9,225.70496179999998,143.30588683010282,140.4863886436946
-20,20250618::index=8.225704,13,225.70496179999998,243.4931980120603,239.72504585374912
-20,20250618::index=8.225704,15,225.70496179999998,149.70463833397977,146.90566427188438
-20,20250618::index=8.225704,17,225.70496179999998,144.9175635646113,141.66161910138047
-20,20250618::index=8.225704,22,225.70496179999998,150.15617992014134,148.02075175436775
-20,20250618::index=8.225704,24,225.70496179999998,142.7404006447274,139.28408044624874
-20,20250618::index=8.225704,28,225.70496179999998,130.81993086359162,127.16753142705866
-20,20250618::index=8.225704,31,225.70496179999998,141.28326727112213,138.5226727627094
-20,20250618::index=8.225704,39,225.70496179999998,170.44223925804076,166.97520217388475
-20,20250618::index=8.225704,40,225.70496179999998,145.44990648851055,141.65791908934943
-20,20250618::index=8.225704,50,225.70496179999998,191.95742715176488,188.80540808872215
-20,20250618::index=8.225704,59,225.70496179999998,135.4149080663259,132.46038200871558
-20,20250611::index=2.2.36E+03,0,2.35533535,154.79655847668494,152.64155867700725
-20,20250611::index=2.2.36E+03,2,2.35533535,143.3051690852201,140.31059400119224
-20,20250611::index=2.2.36E+03,3,2.35533535,138.7350050904668,135.63925017332684
-20,20250611::index=2.2.36E+03,14,2.35533535,137.36861435275276,134.31803980951224
-20,20250611::index=2.2.36E+03,21,2.35533535,143.6983426714663,140.69070392745633
-20,20250611::index=2.2.36E+03,23,2.35533535,140.1735852900378,137.94311697812103
-20,20250611::index=2.2.36E+03,29,2.35533535,137.28627250971186,133.55115945957263
-20,20250611::index=2.2.36E+03,36,2.35533535,126.29162227265823,123.58603547152165
-20,20250611::index=2.2.36E+03,37,2.35533535,150.18560456538611,147.51964285826386
-20,20250611::index=2.2.36E+03,44,2.35533535,145.7211096294065,142.60915961696446
-20,20250611::index=2.2.36E+03,47,2.35533535,151.63881095622102,149.54162703696983
-20,20250611::index=2.2.36E+03,48,2.35533535,142.38686167962126,140.01887158641628
-20,20250611::index=2.2.36E+03,54,2.35533535,135.52528136967035,133.3008078054982
-20,20250611::index=2.2.36E+03,55,2.35533535,137.8104200048786,134.44528195146407
-20,20250611::index=2.2.36E+03,59,2.35533535,132.36767203185383,130.6588047370837
-20,20250618::index=2.2380,0,2.380025286,155.84773575249,153.80529807346073
-20,20250618::index=2.2380,2,2.380025286,149.24283843038396,146.18282889273917
-20,20250618::index=2.2380,3,2.380025286,140.37556813848113,136.9821626396303
-20,20250618::index=2.2380,14,2.380025286,138.97762162588063,136.0286345767465
-20,20250618::index=2.2380,21,2.380025286,142.93663856635393,139.9601862725542
-20,20250618::index=2.2380,23,2.380025286,140.8477738164005,138.16741091217202
-20,20250618::index=2.2380,29,2.380025286,137.45681379637278,134.12820107977083
-20,20250618::index=2.2380,36,2.380025286,134.40340984327068,132.47886191445434
-20,20250618::index=2.2380,37,2.380025286,154.59147999606913,152.009606043877
-20,20250618::index=2.2380,44,2.380025286,170.05133067340037,166.7745042569079
-20,20250618::index=2.2380,47,2.380025286,154.5331498901999,152.46316357851052
-20,20250618::index=2.2380,48,2.380025286,150.14394077520362,147.53718692044237
-20,20250618::index=2.2380,54,2.380025286,139.47111385417665,137.09923999244862
-20,20250618::index=2.2380,55,2.380025286,140.91698033374985,136.6572021800059
-20,20250618::index=2.2380,59,2.380025286,133.86270952447768,131.33612109831165
-20,20250611::index=9.2.67E+05,3,266.90769650000004,285.43602476435217,283.90106465752586
-20,20250611::index=9.2.67E+05,6,266.90769650000004,262.24737469386065,261.93072524443096
-20,20250611::index=9.2.67E+05,7,266.90769650000004,293.11274963661407,292.0909248351342
-20,20250611::index=9.2.67E+05,15,266.90769650000004,145.83802365164732,142.21880562014584
-20,20250611::index=9.2.67E+05,18,266.90769650000004,268.8083974616628,266.7888297652486
-20,20250611::index=9.2.67E+05,21,266.90769650000004,144.91364474980045,141.7512757391393
-20,20250611::index=9.2.67E+05,26,266.90769650000004,231.4875507534198,229.67454937608352
-20,20250611::index=9.2.67E+05,27,266.90769650000004,133.3365708528507,129.8791566486092
-20,20250611::index=9.2.67E+05,29,266.90769650000004,235.50087473967892,233.97783481423085
-20,20250611::index=9.2.67E+05,30,266.90769650000004,258.0360935151592,257.47273366656833
-20,20250611::index=9.2.67E+05,31,266.90769650000004,228.2275189553507,226.03572022272854
-20,20250611::index=9.2.67E+05,41,266.90769650000004,147.7527239135507,144.4850861427915
-20,20250611::index=9.2.67E+05,45,266.90769650000004,136.7290246141614,132.44277806188248
-20,20250611::index=9.2.67E+05,51,266.90769650000004,227.415921583577,223.54407830656498
-20,20250611::index=9.2.67E+05,53,266.90769650000004,278.2972144135305,277.7097849990784
-20,20250618::index=9.271677,3,271.6776816,144.09838814550173,141.26136253663614
-20,20250618::index=9.271677,6,271.6776816,182.78017654100051,179.98813373749317
-20,20250618::index=9.271677,7,271.6776816,142.91314056477466,140.1946042088378
-20,20250618::index=9.271677,15,271.6776816,238.0042369802958,235.53041190841412
-20,20250618::index=9.271677,18,271.6776816,144.50480387433478,142.36217017945336
-20,20250618::index=9.271677,21,271.6776816,180.64908353254629,177.34444120190227
-20,20250618::index=9.271677,26,271.6776816,152.4179214745696,150.11283691901818
-20,20250618::index=9.271677,27,271.6776816,135.72532706411465,132.01453064098257
-20,20250618::index=9.271677,29,271.6776816,140.423575386131,136.91621238929494
-20,20250618::index=9.271677,30,271.6776816,141.90569130394522,139.23580348146115
-20,20250618::index=9.271677,31,271.6776816,145.86561977948628,143.21668381678768
-20,20250618::index=9.271677,41,271.6776816,188.937261907752,185.82537654198572
-20,20250618::index=9.271677,45,271.6776816,264.41164989549213,263.21409155174
-20,20250618::index=9.271677,51,271.6776816,139.8860168310795,136.8210663810987
-20,20250618::index=9.271677,53,271.6776816,139.36970171019215,136.44361581267387
-20,20250611::index=10.3.15E+05,2,315.4661173,257.43436887132697,255.51908105429797
-20,20250611::index=10.3.15E+05,4,315.4661173,216.86192287894235,212.73567385317176
-20,20250611::index=10.3.15E+05,10,315.4661173,301.7663316028137,301.28777597845794
-20,20250611::index=10.3.15E+05,18,315.4661173,237.5825155373023,234.7325803000183
-20,20250611::index=10.3.15E+05,21,315.4661173,144.30141761520372,141.03111636654057
-20,20250611::index=10.3.15E+05,27,315.4661173,270.2557046045667,269.0956933488551
-20,20250611::index=10.3.15E+05,29,315.4661173,224.79559095035916,221.23207402974438
-20,20250611::index=10.3.15E+05,31,315.4661173,283.99395774709006,282.7857042870866
-20,20250611::index=10.3.15E+05,40,315.4661173,310.7969273180168,310.3908585943637
-20,20250611::index=10.3.15E+05,45,315.4661173,328.4970666801198,327.43330821893557
-20,20250611::index=10.3.15E+05,47,315.4661173,349.3083481345191,348.92741938414565
-20,20250611::index=10.3.15E+05,48,315.4661173,298.7871171674388,298.401478062843
-20,20250611::index=10.3.15E+05,50,315.4661173,325.1819333524061,324.06258653885334
-20,20250611::index=10.3.15E+05,53,315.4661173,195.32833169260562,193.24072926742323
-20,20250611::index=10.3.15E+05,55,315.4661173,296.7364501098541,296.0196639785009
-20,20250618::index=10.322114,2,322.1142428,305.74149989107735,302.08541100336043
-20,20250618::index=10.322114,4,322.1142428,278.3567548047644,277.66657020919445
-20,20250618::index=10.322114,10,322.1142428,215.1319444022968,212.63345078569878
-20,20250618::index=10.322114,18,322.1142428,282.0577413055246,281.46826574191863
-20,20250618::index=10.322114,21,322.1142428,220.406391236076,217.36028612760018
-20,20250618::index=10.322114,27,322.1142428,140.12224911874142,136.94110636637106
-20,20250618::index=10.322114,29,322.1142428,135.19951430582847,131.57327182295614
-20,20250618::index=10.322114,31,322.1142428,147.44227946599608,144.36586986432087
-20,20250618::index=10.322114,40,322.1142428,147.1844671465243,143.54633726630698
-20,20250618::index=10.322114,45,322.1142428,145.8155883529179,141.61185875623175
-20,20250618::index=10.322114,47,322.1142428,154.19105063277843,152.557561521283
-20,20250618::index=10.322114,48,322.1142428,152.52493013770894,150.41695749131665
-20,20250618::index=10.322114,50,322.1142428,136.77763148250824,133.93087363191708
-20,20250618::index=10.322114,53,322.1142428,142.42334345837222,139.6761151424938
-20,20250618::index=10.322114,55,322.1142428,141.78620567950304,138.14109274944346
-20,20250611::index=11.3.69E+05,1,368.97810499999997,373.5205157830741,373.229346228395
-20,20250611::index=11.3.69E+05,5,368.97810499999997,413.96323974087414,413.41032643103966
-20,20250611::index=11.3.69E+05,15,368.97810499999997,368.91468748676397,368.3464497499933
-20,20250611::index=11.3.69E+05,17,368.97810499999997,376.5784600953681,376.05198592483725
-20,20250611::index=11.3.69E+05,20,368.97810499999997,391.0101539273312,391.1909192027605
-20,20250611::index=11.3.69E+05,31,368.97810499999997,398.33626485820895,396.98145747732065
-20,20250611::index=11.3.69E+05,37,368.97810499999997,416.5854806946646,415.5449886921311
-20,20250611::index=11.3.69E+05,44,368.97810499999997,318.7708197670089,318.46487383371215
-20,20250611::index=11.3.69E+05,45,368.97810499999997,340.86874728419855,340.3044780993731
-20,20250611::index=11.3.69E+05,49,368.97810499999997,318.152323189152,317.8533170058459
-20,20250611::index=11.3.69E+05,50,368.97810499999997,294.243547761798,293.4450151443021
-20,20250611::index=11.3.69E+05,53,368.97810499999997,414.4285545235576,413.16172182468443
-20,20250611::index=11.3.69E+05,54,368.97810499999997,356.54906296378147,355.96211517641683
-20,20250611::index=11.3.69E+05,55,368.97810499999997,358.1997284052072,357.4704958207025
-20,20250611::index=11.3.69E+05,58,368.97810499999997,330.47447400177015,330.4923974356693
-20,20250618::index=11.376320,1,376.3201201,342.82344766108685,342.7935454328239
-20,20250618::index=11.376320,5,376.3201201,345.00685630369804,345.0745094583029
-20,20250618::index=11.376320,15,376.3201201,279.1113430023286,278.24097293845404
-20,20250618::index=11.376320,17,376.3201201,321.04783084387867,321.34017550086077
-20,20250618::index=11.376320,20,376.3201201,338.38634578833546,337.72213308692983
-20,20250618::index=11.376320,31,376.3201201,190.9462418175403,188.15831265290691
-20,20250618::index=11.376320,37,376.3201201,250.31021374962367,249.46414959940066
-20,20250618::index=11.376320,44,376.3201201,309.6525766502779,309.50061640529515
-20,20250618::index=11.376320,45,376.3201201,362.5284417093163,362.9602191685527
-20,20250618::index=11.376320,49,376.3201201,307.4706823058397,307.599693847335
-20,20250618::index=11.376320,50,376.3201201,283.7380483572124,283.124140154483
-20,20250618::index=11.376320,53,376.3201201,334.48913860579347,334.1280230001378
-20,20250618::index=11.376320,54,376.3201201,302.9264583860506,302.3870785613177
-20,20250618::index=11.376320,55,376.3201201,364.8804557416159,364.18786596066707
-20,20250618::index=11.376320,58,376.3201201,330.1682596522561,330.2602483184615
-20,20250611::index=12.4.27E+05,3,427.27619500000003,455.95372232390264,455.7011580405071
-20,20250611::index=12.4.27E+05,9,427.27619500000003,451.15904228663413,451.0398011449015
-20,20250611::index=12.4.27E+05,13,427.27619500000003,461.2000455632557,461.27714047615495
-20,20250611::index=12.4.27E+05,15,427.27619500000003,457.9600026082505,457.728913362402
-20,20250611::index=12.4.27E+05,17,427.27619500000003,467.9844441344972,467.62207661228206
-20,20250611::index=12.4.27E+05,22,427.27619500000003,482.50332811481655,481.73089343974874
-20,20250611::index=12.4.27E+05,28,427.27619500000003,442.8315106738973,441.8746095912841
-20,20250611::index=12.4.27E+05,30,427.27619500000003,444.23940600354734,443.73335696852683
-20,20250611::index=12.4.27E+05,39,427.27619500000003,446.55551217652226,445.7495614734879
-20,20250611::index=12.4.27E+05,42,427.27619500000003,461.9095280581523,461.78392744485046
-20,20250611::index=12.4.27E+05,44,427.27619500000003,459.84712822377406,459.5197133310528
-20,20250611::index=12.4.27E+05,46,427.27619500000003,493.5592071521763,493.2610976285502
-20,20250611::index=12.4.27E+05,47,427.27619500000003,482.0223762560975,482.3548120609763
-20,20250611::index=12.4.27E+05,54,427.27619500000003,462.8115319290243,462.70371076299904
-20,20250611::index=12.4.27E+05,57,427.27619500000003,473.0078740516198,472.76840372879656
-20,20250618::index=12.434018,3,434.0180833,378.65826861555774,378.25428359719155
-20,20250618::index=12.434018,9,434.0180833,427.12966752115415,426.66217195282314
-20,20250618::index=12.434018,13,434.0180833,476.78307605771596,475.9439929002221
-20,20250618::index=12.434018,15,434.0180833,414.58757654109377,414.9641464229688
-20,20250618::index=12.434018,17,434.0180833,394.78964057498797,394.6416413230849
-20,20250618::index=12.434018,22,434.0180833,381.8686628177872,381.9890927360643
-20,20250618::index=12.434018,28,434.0180833,416.9316065807712,417.21268711253407
-20,20250618::index=12.434018,30,434.0180833,465.4674981456377,464.532356821138
-20,20250618::index=12.434018,39,434.0180833,355.0724813852473,355.7248093878518
-20,20250618::index=12.434018,42,434.0180833,371.1558366977476,371.43786038271315
-20,20250618::index=12.434018,44,434.0180833,378.7237797375305,379.138812068853
-20,20250618::index=12.434018,46,434.0180833,433.49436973247936,433.8019979130595
-20,20250618::index=12.434018,47,434.0180833,475.2538011187789,475.12001080848995
-20,20250618::index=12.434018,54,434.0180833,475.02007498357966,474.665478585628
-20,20250618::index=12.434018,57,434.0180833,436.32048860837693,436.14884822469713
-20,20250611::index=13.4.89E+05,3,489.45399810000004,550.4660154011488,549.6681577500408
-20,20250611::index=13.4.89E+05,7,489.45399810000004,490.6270096077884,490.03628759322106
-20,20250611::index=13.4.89E+05,12,489.45399810000004,491.0673951673015,491.10060532717904
-20,20250611::index=13.4.89E+05,13,489.45399810000004,488.30014314181847,487.70244539094796
-20,20250611::index=13.4.89E+05,14,489.45399810000004,496.1073874183151,495.86132702871345
-20,20250611::index=13.4.89E+05,20,489.45399810000004,505.7832197663064,505.02433413748986
-20,20250611::index=13.4.89E+05,34,489.45399810000004,495.3418825933868,494.2669143137244
-20,20250611::index=13.4.89E+05,39,489.45399810000004,490.01501350402646,489.5249935911354
-20,20250611::index=13.4.89E+05,42,489.45399810000004,472.0676575544352,471.2927593908374
-20,20250611::index=13.4.89E+05,44,489.45399810000004,514.1271592548846,513.6896307905073
-20,20250611::index=13.4.89E+05,48,489.45399810000004,490.78057937096224,490.5935934444739
-20,20250611::index=13.4.89E+05,51,489.45399810000004,506.1088769918285,505.47150828950765
-20,20250611::index=13.4.89E+05,53,489.45399810000004,494.8243321672749,494.7019886848285
-20,20250611::index=13.4.89E+05,54,489.45399810000004,497.28763793256064,496.66787319838335
-20,20250611::index=13.4.89E+05,59,489.45399810000004,493.97840790631125,494.16449204051895
-20,20250618::index=13.496023,3,496.0233525,509.3165771974569,509.097642455483
-20,20250618::index=13.496023,7,496.0233525,530.7005366361346,530.4916632263319
-20,20250618::index=13.496023,12,496.0233525,476.23014316897854,475.7298222557831
-20,20250618::index=13.496023,13,496.0233525,498.01446982853724,497.17779391268135
-20,20250618::index=13.496023,14,496.0233525,527.4219273070123,527.4799176901618
-20,20250618::index=13.496023,20,496.0233525,499.6188701519853,499.71439355872985
-20,20250618::index=13.496023,34,496.0233525,486.9721004472929,486.6008690965046
-20,20250618::index=13.496023,39,496.0233525,485.74370407398277,485.39742128775646
-20,20250618::index=13.496023,42,496.0233525,443.6564334175912,443.5858448574693
-20,20250618::index=13.496023,44,496.0233525,496.3299139890368,495.8976054883731
-20,20250618::index=13.496023,48,496.0233525,485.47347035453816,485.542590335246
-20,20250618::index=13.496023,51,496.0233525,481.6442019884056,481.5629347411721
-20,20250618::index=13.496023,53,496.0233525,486.6694353516422,485.55611015024846
-20,20250618::index=13.496023,54,496.0233525,520.5966691110417,520.3901109532529
-20,20250618::index=13.496023,59,496.0233525,513.7973961541978,512.9020469162607
-20,20250611::index=14.5.54E+05,8,554.1963218000001,570.8368858975651,570.1764555732613
-20,20250611::index=14.5.54E+05,9,554.1963218000001,558.1357937645074,557.4533739244378
-20,20250611::index=14.5.54E+05,10,554.1963218000001,550.7704848735893,550.4152901382063
-20,20250611::index=14.5.54E+05,14,554.1963218000001,566.9013073233212,566.710614609691
-20,20250611::index=14.5.54E+05,29,554.1963218000001,556.9570739204839,556.2454126376869
-20,20250611::index=14.5.54E+05,30,554.1963218000001,494.8170095095817,494.4677075316065
-20,20250611::index=14.5.54E+05,33,554.1963218000001,605.5653606626908,605.476125019505
-20,20250611::index=14.5.54E+05,36,554.1963218000001,557.6567913280466,557.3707509490507
-20,20250611::index=14.5.54E+05,43,554.1963218000001,553.7587580641601,552.7966214640836
-20,20250611::index=14.5.54E+05,48,554.1963218000001,545.3159844215795,544.7294391534292
-20,20250611::index=14.5.54E+05,50,554.1963218000001,555.2514940161003,554.4674128571621
-20,20250611::index=14.5.54E+05,51,554.1963218000001,572.3876956247774,571.3389828533207
-20,20250611::index=14.5.54E+05,54,554.1963218000001,549.2174489046753,548.1857095572456
-20,20250611::index=14.5.54E+05,57,554.1963218000001,548.2471904449296,547.4073739490052
-20,20250611::index=14.5.54E+05,58,554.1963218000001,526.4784332666076,525.9349228788332
-20,20250618::index=14.562158,8,562.1587854,556.2704185751263,555.4278013302068
-20,20250618::index=14.562158,9,562.1587854,572.8986657240596,572.4336042088904
-20,20250618::index=14.562158,10,562.1587854,567.6866627509561,567.5721733811905
-20,20250618::index=14.562158,14,562.1587854,573.450332438129,573.4422412244064
-20,20250618::index=14.562158,29,562.1587854,554.7624067052424,553.6768749635722
-20,20250618::index=14.562158,30,562.1587854,571.6888352896646,571.11027468764
-20,20250618::index=14.562158,33,562.1587854,561.6578881837966,561.3945828082984
-20,20250618::index=14.562158,36,562.1587854,588.4024755769951,588.3255392702189
-20,20250618::index=14.562158,43,562.1587854,580.7310282782754,580.9219936217411
-20,20250618::index=14.562158,48,562.1587854,535.2099534204947,534.8790331499521
-20,20250618::index=14.562158,50,562.1587854,565.5554602951315,565.5124800631822
-20,20250618::index=14.562158,51,562.1587854,567.3629604807838,566.7300055916218
-20,20250618::index=14.562158,54,562.1587854,552.0765071084928,551.546404093388
-20,20250618::index=14.562158,57,562.1587854,561.9298151934789,561.6254362265229
-20,20250618::index=14.562158,58,562.1587854,585.1441791251609,585.2802209692106
-20,20250611::index=4.5.76E+04,2,57.59331665,147.2996732450255,144.37763278398802
-20,20250611::index=4.5.76E+04,3,57.59331665,138.91097032376996,135.3614365141075
-20,20250611::index=4.5.76E+04,6,57.59331665,128.36624247835064,125.34249656687798
-20,20250611::index=4.5.76E+04,11,57.59331665,138.52387903274013,135.65605474840137
-20,20250611::index=4.5.76E+04,13,57.59331665,126.79114191195922,123.96668448126582
-20,20250611::index=4.5.76E+04,15,57.59331665,143.07278750626492,140.29284991544313
-20,20250611::index=4.5.76E+04,18,57.59331665,133.43311035779868,130.68877149123486
-20,20250611::index=4.5.76E+04,33,57.59331665,139.63684702066905,136.70392498535813
-20,20250611::index=4.5.76E+04,38,57.59331665,140.5033065951843,137.85143004962885
-20,20250611::index=4.5.76E+04,41,57.59331665,145.5890094240398,142.3237827278354
-20,20250611::index=4.5.76E+04,42,57.59331665,140.11584379779518,137.30385498298855
-20,20250611::index=4.5.76E+04,44,57.59331665,145.27689663673436,142.22248653793878
-20,20250611::index=4.5.76E+04,46,57.59331665,140.61753121272508,136.98318210109298
-20,20250611::index=4.5.76E+04,54,57.59331665,134.7187264315978,132.28519909879128
-20,20250611::index=4.5.76E+04,55,57.59331665,137.53041471964687,133.7779699757168
-20,20250618::index=4.58389,2,58.38985471,151.65894657141635,148.79348369187792
-20,20250618::index=4.58389,3,58.38985471,144.3811697823134,141.13295162883813
-20,20250618::index=4.58389,6,58.38985471,134.72092587368888,131.50986792039004
-20,20250618::index=4.58389,11,58.38985471,137.08528463330958,134.12086506466042
-20,20250618::index=4.58389,13,58.38985471,129.4875182961676,125.74197951846914
-20,20250618::index=4.58389,15,58.38985471,144.07901443257893,140.83245435581105
-20,20250618::index=4.58389,18,58.38985471,138.77344990517776,135.52561479122826
-20,20250618::index=4.58389,33,58.38985471,145.8620702494631,142.60386082393092
-20,20250618::index=4.58389,38,58.38985471,142.2714052320353,139.26291652207723
-20,20250618::index=4.58389,41,58.38985471,148.03461065223271,144.53808590062064
-20,20250618::index=4.58389,42,58.38985471,143.24459900045255,140.1538647659012
-20,20250618::index=4.58389,44,58.38985471,149.37389114972297,145.75014199942214
-20,20250618::index=4.58389,46,58.38985471,148.11460754300924,144.57493457947896
-20,20250618::index=4.58389,54,58.38985471,137.20905980716876,135.20660616873755
-20,20250618::index=4.58389,55,58.38985471,141.69335196393854,138.23297383861603
-20,20250611::index=15.6.24E+05,3,624.4425514,666.7272714393243,666.2625400575175
-20,20250611::index=15.6.24E+05,4,624.4425514,623.3128674520649,621.999040788199
-20,20250611::index=15.6.24E+05,11,624.4425514,643.4285762708417,642.7533045487891
-20,20250611::index=15.6.24E+05,13,624.4425514,584.3028300925823,584.2108108801094
-20,20250611::index=15.6.24E+05,14,624.4425514,618.6442897289163,616.9214441594265
-20,20250611::index=15.6.24E+05,18,624.4425514,613.152962854866,612.1668030189966
-20,20250611::index=15.6.24E+05,19,624.4425514,621.9601935138614,620.5650179107193
-20,20250611::index=15.6.24E+05,27,624.4425514,625.8866060856363,625.8327414037647
-20,20250611::index=15.6.24E+05,39,624.4425514,624.8297673522444,624.3124071008122
-20,20250611::index=15.6.24E+05,43,624.4425514,648.3901422023673,647.6353192507905
-20,20250611::index=15.6.24E+05,46,624.4425514,626.1161284004324,626.7203513094339
-20,20250611::index=15.6.24E+05,51,624.4425514,622.7579831990072,621.7870299198415
-20,20250611::index=15.6.24E+05,55,624.4425514,629.796064307083,628.473206998787
-20,20250611::index=15.6.24E+05,57,624.4425514,615.6710011148032,615.2774888717317
-20,20250611::index=15.6.24E+05,58,624.4425514,623.4109373567444,621.9742093976089
-20,20250618::index=15.633482,3,633.482536,635.7530480456398,635.2945142991318
-20,20250618::index=15.633482,4,633.482536,634.9165503115443,634.3710155318172
-20,20250618::index=15.633482,11,633.482536,641.9673516069963,641.1342006692536
-20,20250618::index=15.633482,13,633.482536,612.6178864673498,612.3963442281377
-20,20250618::index=15.633482,14,633.482536,641.6395627376658,641.2194537368007
-20,20250618::index=15.633482,18,633.482536,611.8126477034793,611.3112260261656
-20,20250618::index=15.633482,19,633.482536,639.9387102285067,640.1845661540292
-20,20250618::index=15.633482,27,633.482536,606.7407399127882,606.2527241977868
-20,20250618::index=15.633482,39,633.482536,585.1271590550427,584.7424243795355
-20,20250618::index=15.633482,43,633.482536,651.3110413307578,650.6760347567371
-20,20250618::index=15.633482,46,633.482536,675.3078990545571,674.0601780005911
-20,20250618::index=15.633482,51,633.482536,696.0003875259944,695.404626568147
-20,20250618::index=15.633482,55,633.482536,610.5450323204963,611.0262210358479
-20,20250618::index=15.633482,57,633.482536,643.0812485373585,643.3080185078054
-20,20250618::index=15.633482,58,633.482536,641.6776359316799,641.5012188011231
-20,20250611::index=16.6.98E+05,2,698.421296,680.1179913574607,679.0204632971424
-20,20250611::index=16.6.98E+05,6,698.421296,713.0185272905163,711.5211436636775
-20,20250611::index=16.6.98E+05,9,698.421296,683.3326773491705,681.2913518123534
-20,20250611::index=16.6.98E+05,10,698.421296,684.7100224296842,683.9206217308417
-20,20250611::index=16.6.98E+05,13,698.421296,706.1642994958137,705.5295152045943
-20,20250611::index=16.6.98E+05,17,698.421296,702.2573167142269,700.7074069549815
-20,20250611::index=16.6.98E+05,35,698.421296,717.1102249349407,716.1474813010068
-20,20250611::index=16.6.98E+05,37,698.421296,719.2314671421897,718.2912059934639
-20,20250611::index=16.6.98E+05,39,698.421296,696.5625272434542,696.9745556233323
-20,20250611::index=16.6.98E+05,40,698.421296,707.695849466871,706.4347210747121
-20,20250611::index=16.6.98E+05,46,698.421296,748.4700633444916,748.6032386068953
-20,20250611::index=16.6.98E+05,47,698.421296,717.0753550758232,716.1574433617973
-20,20250611::index=16.6.98E+05,52,698.421296,763.1883890402459,762.7898823095376
-20,20250611::index=16.6.98E+05,55,698.421296,698.137686486078,698.7070127562594
-20,20250611::index=16.6.98E+05,57,698.421296,708.0746602431734,707.2332988632711
-20,20250618::index=16.709792,2,709.7927143,738.3686587295539,738.9253176134399
-20,20250618::index=16.709792,6,709.7927143,759.4911216681597,757.6793376351229
-20,20250618::index=16.709792,9,709.7927143,731.6859376254088,731.1444315798886
-20,20250618::index=16.709792,10,709.7927143,755.7587243134653,754.2500575834686
-20,20250618::index=16.709792,13,709.7927143,726.4685687771939,725.6211181379973
-20,20250618::index=16.709792,17,709.7927143,728.8076237329145,729.3277083506699
-20,20250618::index=16.709792,35,709.7927143,731.6435086826829,731.0721820690433
-20,20250618::index=16.709792,37,709.7927143,722.9967247325962,722.5772875747383
-20,20250618::index=16.709792,39,709.7927143,696.2651146904844,694.9854356278855
-20,20250618::index=16.709792,40,709.7927143,752.09735705355,751.4233457082543
-20,20250618::index=16.709792,46,709.7927143,762.1576635210836,761.5434527945349
-20,20250618::index=16.709792,47,709.7927143,727.4343777547424,726.9229608718631
-20,20250618::index=16.709792,52,709.7927143,716.5433053351238,717.089724513796
-20,20250618::index=16.709792,55,709.7927143,710.2203335497277,709.6621587904785
-20,20250618::index=16.709792,57,709.7927143,674.7219556243643,675.5190724028959
-20,20250611::index=17.7.77E+05,5,776.6472223000001,773.7551101705155,773.9693833323959
-20,20250611::index=17.7.77E+05,6,776.6472223000001,794.1481717307362,793.5180376320002
-20,20250611::index=17.7.77E+05,7,776.6472223000001,782.1286242326461,781.130331642028
-20,20250611::index=17.7.77E+05,8,776.6472223000001,789.2828872324978,788.8924599702434
-20,20250611::index=17.7.77E+05,10,776.6472223000001,779.2685859001721,779.2368849539382
-20,20250611::index=17.7.77E+05,14,776.6472223000001,777.22797233535,775.8330536581249
-20,20250611::index=17.7.77E+05,19,776.6472223000001,795.98335408864,794.2488090720161
-20,20250611::index=17.7.77E+05,24,776.6472223000001,783.2927733997639,782.3853796348784
-20,20250611::index=17.7.77E+05,26,776.6472223000001,787.9215960725385,787.3400347588966
-20,20250611::index=17.7.77E+05,31,776.6472223000001,800.3899047527314,800.2918786191366
-20,20250611::index=17.7.77E+05,41,776.6472223000001,790.0728671242384,788.7364320793592
-20,20250611::index=17.7.77E+05,52,776.6472223000001,799.6862314087338,799.7474011190668
-20,20250611::index=17.7.77E+05,53,776.6472223000001,804.9329352369361,804.7554719366742
-20,20250611::index=17.7.77E+05,54,776.6472223000001,775.5958011286036,775.0737510093195
-20,20250611::index=17.7.77E+05,55,776.6472223000001,781.1161617236291,779.8329177931541
-20,20250618::index=17.789500,5,789.5001968,776.7223758290461,776.2411217584219
-20,20250618::index=17.789500,6,789.5001968,831.3031968160391,830.5063869274788
-20,20250618::index=17.789500,7,789.5001968,755.18466940071,755.1788214904717
-20,20250618::index=17.789500,8,789.5001968,751.8425345105177,751.645050113453
-20,20250618::index=17.789500,10,789.5001968,780.627216485983,779.6792426182498
-20,20250618::index=17.789500,14,789.5001968,845.8659945394905,844.8992098586631
-20,20250618::index=17.789500,19,789.5001968,812.8632888154214,811.893419987533
-20,20250618::index=17.789500,24,789.5001968,781.0499093585133,779.1305873862652
-20,20250618::index=17.789500,26,789.5001968,850.1300402099962,849.0375415919796
-20,20250618::index=17.789500,31,789.5001968,786.0996354241646,786.2741323216518
-20,20250618::index=17.789500,41,789.5001968,753.7495306175978,752.8118179270213
-20,20250618::index=17.789500,52,789.5001968,768.5192969517235,767.9396545219333
-20,20250618::index=17.789500,53,789.5001968,782.8898688900094,782.6124865443263
-20,20250618::index=17.789500,54,789.5001968,813.8476122685792,812.8919269348752
-20,20250618::index=17.789500,55,789.5001968,807.0179783038966,805.6546889775997
-20,20250611::index=18.8.59E+05,0,859.3439142,842.5368005381827,841.0153435703896
-20,20250611::index=18.8.59E+05,5,859.3439142,837.6627501995732,836.9372224470516
-20,20250611::index=18.8.59E+05,14,859.3439142,851.7285511569123,850.635616626431
-20,20250611::index=18.8.59E+05,18,859.3439142,825.1519992150653,824.3208967074397
-20,20250611::index=18.8.59E+05,19,859.3439142,847.107301810983,845.6848609235835
-20,20250611::index=18.8.59E+05,21,859.3439142,846.4621862107336,845.7458972376204
-20,20250611::index=18.8.59E+05,26,859.3439142,849.0503345590105,848.4765741329179
-20,20250611::index=18.8.59E+05,27,859.3439142,852.9328195986062,851.8263547230209
-20,20250611::index=18.8.59E+05,32,859.3439142,848.4175756388588,848.4824637203732
-20,20250611::index=18.8.59E+05,36,859.3439142,847.8964741221154,846.7701295969622
-20,20250611::index=18.8.59E+05,43,859.3439142,805.7171999770042,804.5836064529985
-20,20250611::index=18.8.59E+05,53,859.3439142,848.7870351101263,847.2460260976787
-20,20250611::index=18.8.59E+05,54,859.3439142,846.7045343500654,844.9636957638537
-20,20250611::index=18.8.59E+05,56,859.3439142,846.8854228297113,846.3383854611643
-20,20250611::index=18.8.59E+05,57,859.3439142,846.151459872816,844.743741217467
-20,20250618::index=18.873637,0,873.6370359,858.3512467915333,857.7600032795507
-20,20250618::index=18.873637,5,873.6370359,858.855300896461,858.2114636443351
-20,20250618::index=18.873637,14,873.6370359,859.0232217933426,858.9954601464408
-20,20250618::index=18.873637,18,873.6370359,858.063112055993,856.413925909727
-20,20250618::index=18.873637,19,873.6370359,847.2332109007223,845.6300749416022
-20,20250618::index=18.873637,21,873.6370359,852.0255802062318,850.6679374312586
-20,20250618::index=18.873637,26,873.6370359,872.1627331494948,870.7547803138438
-20,20250618::index=18.873637,27,873.6370359,845.355351056109,843.9989815390512
-20,20250618::index=18.873637,32,873.6370359,855.55868846015,855.58345719798
-20,20250618::index=18.873637,36,873.6370359,845.4408551302618,844.5351578851173
-20,20250618::index=18.873637,43,873.6370359,853.0096896023676,851.8812419558002
-20,20250618::index=18.873637,53,873.6370359,850.042165654657,850.0021971585096
-20,20250618::index=18.873637,54,873.6370359,841.1919754800463,839.8726971355674
-20,20250618::index=18.873637,56,873.6370359,860.5033719276566,859.3941121321711
-20,20250618::index=18.873637,57,873.6370359,845.4945598337955,844.6875911423421
