############################################################
### 本番モード (SMOKE_TEST = False) ###
有効なモデル: ['Conformer']  (model_tag=conformer)
重み戦略: simple | 統合: mean | epoch=300 | fold=3
validation_config:
{'run': {'smoke_test': False,
         'epochs': 300,
         'folds': 3,
         'color_channel': 1,
         'random_seed': 42,
         'loop_parameter_sets': True},
 'data': {'experiment_root': 'C:\\Users\\Casper4\\Python\\ueki\\shibasaki\\研究\\Pool_boiling\\Subcooling_20_degrees\\0.3',
          'result_model_group': 'conformer',
          'noise_source': 'waterflow',
          'chunk_seconds': 1,
          'experiment_names': ['2025.06.18_0.3_3',
                               '2025.07.09_0.3_1',
                               '2025.06.11_0.3_2'],
          'max_freq_hz_list': ['maxfreq=22kHz'],
          'noise_dir_names': ['heatflux_no_noise'],
          'data_source_dir_by_experiment': {'2025.06.11_0.3_2': 'waterflow_20260629_1s',
                                            '2025.06.18_0.3_3': 'waterflow_20260622_1s',
                                            '2025.07.09_0.3_1': 'waterflow_20251219_1s'},
          'skip_missing_datasets': False},
 'thresholds': {'by_experiment': {'2025.07.09_0.3_1': 275174.6640882674,
                                  '2025.06.11_0.3_2': 266907.6965,
                                  '2025.06.18_0.3_3': 271677.6816},
                'require_experiment_threshold': False,
                'onb_band_frac': 0.1},
 'models': {'active_model_keys': ['conformer'],
            'parameter_sets': [{'name': 't7d256k7b4',
                                'models': {'conformer': {'lr': 0.0001,
                                                         'batch_size': 64,
                                                         'time_reduction': 32,
                                                         'frontend_filters': [96,
                                                                              256,
                                                                              384,
                                                                              384,
                                                                              256],
                                                         'model_dim': 256,
                                                         'attention_key_dim': 64,
                                                         'num_heads': 4,
                                                         'ff_dim': 2048,
                                                         'num_conformer_blocks': 4,
                                                         'conv_kernel_size': 7,
                                                         'dropout': 0.2}}}]},
 'ensemble': {'enabled': False,
              'weight_strategy': 'simple',
              'fixed_weights': {'rf': 0.9, 'conformer': 0.05, 'alexnet': 0.05},
              'inner_holdout_frac': 0.2,
              'combine': 'mean'},
 'features': {'pca_components': 100},
 'output': {'save_date': '20260702',
            'result_date_dir': '20260702_cfa3',
            'run_instance_id': '190911',
            'save_fold_predictions': True,
            'save_tuning_summary': True}}
############################################################
dataset plan: existing=3 / intended=3

========================================
dataset 1/3 | 2025.06.18_0.3_3 | maxfreq=22kHz | heatflux_no_noise
data_path=C:\Users\Casper4\Python\ueki\shibasaki\研究\Pool_boiling\Subcooling_20_degrees\0.3\2025.06.18_0.3_3\data\npy\waterflow_20260622_1s\maxfreq=22kHz\heatflux_no_noise
threshold=271677.6816
読み込みスタート
x shape: (1080, 224, 224, 1) | y shape: (1080,) | 読み込み 0.67 秒
parameter_set=t7d256k7b4 | model_params={'conformer': {'lr': 0.0001, 'batch_size': 64, 'early_stopping': True, 'builder_params': {'model_dim': 256, 'attention_key_dim': 64, 'num_heads': 4, 'ff_dim': 2048, 'num_conformer_blocks': 4, 'conv_kernel_size': 7, 'dropout': 0.2, 'time_reduction': 32, 'frontend_filters': [96, 256, 384, 384, 256]}, 'input_axes_assumption': ['time_frame', 'frequency_bin', 'channel'], 'architecture': {'front_end': 'alexnet_like_cnn_with_configurable_time_reduction', 'sequence_length_after_cnn': '224 / time_reduction', 'encoder': 'conformer_block', 'model_dim': 256, 'attention_key_dim': 64, 'num_heads': 4, 'ff_dim': 2048, 'conv_kernel_size': 31, 'pooling': 'AttentionPooling'}}}
run_dir=e300_t7d256k7b4_conformer
  params for conformer: lr=0.0001, batch_size=64
[Conformer] Fold 1/3 学習開始
Epoch 1/300

 1/12 [=>............................] - ETA: 1:39 - loss: 0.4029
 3/12 [======>.......................] - ETA: 0s - loss: 0.3120  
 5/12 [===========>..................] - ETA: 0s - loss: 0.3181
 7/12 [================>.............] - ETA: 0s - loss: 0.3251
 9/12 [=====================>........] - ETA: 0s - loss: 0.3139
11/12 [==========================>...] - ETA: 0s - loss: 0.3094
12/12 [==============================] - ETA: 0s - loss: 0.3097
12/12 [==============================] - 9s 41ms/step - loss: 0.3097
Epoch 2/300

 1/12 [=>............................] - ETA: 0s - loss: 0.3926
 3/12 [======>.......................] - ETA: 0s - loss: 0.3491
 5/12 [===========>..................] - ETA: 0s - loss: 0.3462
 7/12 [================>.............] - ETA: 0s - loss: 0.3357
 9/12 [=====================>........] - ETA: 0s - loss: 0.3184
11/12 [==========================>...] - ETA: 0s - loss: 0.3153
12/12 [==============================] - 0s 36ms/step - loss: 0.3153
Epoch 3/300

 1/12 [=>............................] - ETA: 0s - loss: 0.2605
 3/12 [======>.......................] - ETA: 0s - loss: 0.2824
 5/12 [===========>..................] - ETA: 0s - loss: 0.2750
 7/12 [================>.............] - ETA: 0s - loss: 0.2789
 9/12 [=====================>........] - ETA: 0s - loss: 0.2769
11/12 [==========================>...] - ETA: 0s - loss: 0.2810
12/12 [==============================] - 0s 35ms/step - loss: 0.2804
Epoch 4/300

 1/12 [=>............................] - ETA: 0s - loss: 0.3174
 3/12 [======>.......................] - ETA: 0s - loss: 0.2419
 5/12 [===========>..................] - ETA: 0s - loss: 0.2367
 7/12 [================>.............] - ETA: 0s - loss: 0.2387
 9/12 [=====================>........] - ETA: 0s - loss: 0.2413
11/12 [==========================>...] - ETA: 0s - loss: 0.2345
12/12 [==============================] - 0s 35ms/step - loss: 0.2331
Epoch 5/300

 1/12 [=>............................] - ETA: 0s - loss: 0.2647
 3/12 [======>.......................] - ETA: 0s - loss: 0.2729
 5/12 [===========>..................] - ETA: 0s - loss: 0.2672
 7/12 [================>.............] - ETA: 0s - loss: 0.2579
 9/12 [=====================>........] - ETA: 0s - loss: 0.2435
11/12 [==========================>...] - ETA: 0s - loss: 0.2409
12/12 [==============================] - 0s 36ms/step - loss: 0.2392
Epoch 6/300

 1/12 [=>............................] - ETA: 0s - loss: 0.2119
 3/12 [======>.......................] - ETA: 0s - loss: 0.2175
 5/12 [===========>..................] - ETA: 0s - loss: 0.2311
 7/12 [================>.............] - ETA: 0s - loss: 0.2136
 9/12 [=====================>........] - ETA: 0s - loss: 0.2220
11/12 [==========================>...] - ETA: 0s - loss: 0.2181
12/12 [==============================] - 0s 36ms/step - loss: 0.2160
Epoch 7/300

 1/12 [=>............................] - ETA: 0s - loss: 0.2994
 3/12 [======>.......................] - ETA: 0s - loss: 0.2406
 5/12 [===========>..................] - ETA: 0s - loss: 0.2348
 7/12 [================>.............] - ETA: 0s - loss: 0.2177
 9/12 [=====================>........] - ETA: 0s - loss: 0.2176
11/12 [==========================>...] - ETA: 0s - loss: 0.2118
12/12 [==============================] - 0s 36ms/step - loss: 0.2130
Epoch 8/300

 1/12 [=>............................] - ETA: 0s - loss: 0.1910
 2/12 [====>.........................] - ETA: 0s - loss: 0.1765
 4/12 [=========>....................] - ETA: 0s - loss: 0.1755
 6/12 [==============>...............] - ETA: 0s - loss: 0.1755
 7/12 [================>.............] - ETA: 0s - loss: 0.1771
 9/12 [=====================>........] - ETA: 0s - loss: 0.1807
11/12 [==========================>...] - ETA: 0s - loss: 0.1782
12/12 [==============================] - 0s 36ms/step - loss: 0.1777
Epoch 9/300

 1/12 [=>............................] - ETA: 0s - loss: 0.1360
 3/12 [======>.......................] - ETA: 0s - loss: 0.1748
 5/12 [===========>..................] - ETA: 0s - loss: 0.1836
 7/12 [================>.............] - ETA: 0s - loss: 0.1891
 9/12 [=====================>........] - ETA: 0s - loss: 0.1853
10/12 [========================>.....] - ETA: 0s - loss: 0.1834
12/12 [==============================] - ETA: 0s - loss: 0.1833
12/12 [==============================] - 0s 36ms/step - loss: 0.1833
Epoch 10/300

 1/12 [=>............................] - ETA: 0s - loss: 0.1894
 3/12 [======>.......................] - ETA: 0s - loss: 0.1805
 5/12 [===========>..................] - ETA: 0s - loss: 0.1903
 7/12 [================>.............] - ETA: 0s - loss: 0.1796
 9/12 [=====================>........] - ETA: 0s - loss: 0.1829
11/12 [==========================>...] - ETA: 0s - loss: 0.1738
12/12 [==============================] - 0s 36ms/step - loss: 0.1735
Epoch 11/300

 1/12 [=>............................] - ETA: 0s - loss: 0.2055
 3/12 [======>.......................] - ETA: 0s - loss: 0.1915
 4/12 [=========>....................] - ETA: 0s - loss: 0.1910
 6/12 [==============>...............] - ETA: 0s - loss: 0.1804
 8/12 [===================>..........] - ETA: 0s - loss: 0.1790
10/12 [========================>.....] - ETA: 0s - loss: 0.1769
12/12 [==============================] - ETA: 0s - loss: 0.1734
12/12 [==============================] - 0s 36ms/step - loss: 0.1734
Epoch 12/300

 1/12 [=>............................] - ETA: 0s - loss: 0.2013
 3/12 [======>.......................] - ETA: 0s - loss: 0.1961
 5/12 [===========>..................] - ETA: 0s - loss: 0.1835
 7/12 [================>.............] - ETA: 0s - loss: 0.1825
 9/12 [=====================>........] - ETA: 0s - loss: 0.1805
11/12 [==========================>...] - ETA: 0s - loss: 0.1775
12/12 [==============================] - 0s 36ms/step - loss: 0.1757
Epoch 13/300

 1/12 [=>............................] - ETA: 0s - loss: 0.1478
 3/12 [======>.......................] - ETA: 0s - loss: 0.1473
 5/12 [===========>..................] - ETA: 0s - loss: 0.1450
 7/12 [================>.............] - ETA: 0s - loss: 0.1552
 8/12 [===================>..........] - ETA: 0s - loss: 0.1611
10/12 [========================>.....] - ETA: 0s - loss: 0.1587
12/12 [==============================] - ETA: 0s - loss: 0.1579
12/12 [==============================] - 0s 36ms/step - loss: 0.1579
Epoch 14/300

 1/12 [=>............................] - ETA: 0s - loss: 0.1792
 3/12 [======>.......................] - ETA: 0s - loss: 0.1510
 5/12 [===========>..................] - ETA: 0s - loss: 0.1618
 7/12 [================>.............] - ETA: 0s - loss: 0.1559
 8/12 [===================>..........] - ETA: 0s - loss: 0.1559
10/12 [========================>.....] - ETA: 0s - loss: 0.1518
12/12 [==============================] - ETA: 0s - loss: 0.1502
12/12 [==============================] - 0s 36ms/step - loss: 0.1502
Epoch 15/300

 1/12 [=>............................] - ETA: 0s - loss: 0.1842
 3/12 [======>.......................] - ETA: 0s - loss: 0.1559
 5/12 [===========>..................] - ETA: 0s - loss: 0.1596
 7/12 [================>.............] - ETA: 0s - loss: 0.1496
 9/12 [=====================>........] - ETA: 0s - loss: 0.1503
11/12 [==========================>...] - ETA: 0s - loss: 0.1562
12/12 [==============================] - 0s 36ms/step - loss: 0.1553
Epoch 16/300

 1/12 [=>............................] - ETA: 0s - loss: 0.1634
 3/12 [======>.......................] - ETA: 0s - loss: 0.1599
 5/12 [===========>..................] - ETA: 0s - loss: 0.1450
 7/12 [================>.............] - ETA: 0s - loss: 0.1447
 9/12 [=====================>........] - ETA: 0s - loss: 0.1427
11/12 [==========================>...] - ETA: 0s - loss: 0.1532
12/12 [==============================] - 0s 36ms/step - loss: 0.1524
Epoch 17/300

 1/12 [=>............................] - ETA: 0s - loss: 0.1185
 3/12 [======>.......................] - ETA: 0s - loss: 0.1447
 5/12 [===========>..................] - ETA: 0s - loss: 0.1413
 7/12 [================>.............] - ETA: 0s - loss: 0.1470
 9/12 [=====================>........] - ETA: 0s - loss: 0.1430
11/12 [==========================>...] - ETA: 0s - loss: 0.1445
12/12 [==============================] - 0s 36ms/step - loss: 0.1459
Epoch 18/300

 1/12 [=>............................] - ETA: 0s - loss: 0.1464
 3/12 [======>.......................] - ETA: 0s - loss: 0.1658
 5/12 [===========>..................] - ETA: 0s - loss: 0.1545
 7/12 [================>.............] - ETA: 0s - loss: 0.1661
 9/12 [=====================>........] - ETA: 0s - loss: 0.1648
11/12 [==========================>...] - ETA: 0s - loss: 0.1638
12/12 [==============================] - 0s 38ms/step - loss: 0.1654
Epoch 19/300

 1/12 [=>............................] - ETA: 0s - loss: 0.1420
 3/12 [======>.......................] - ETA: 0s - loss: 0.1522
 5/12 [===========>..................] - ETA: 0s - loss: 0.1462
 7/12 [================>.............] - ETA: 0s - loss: 0.1397
 8/12 [===================>..........] - ETA: 0s - loss: 0.1411
10/12 [========================>.....] - ETA: 0s - loss: 0.1419
12/12 [==============================] - ETA: 0s - loss: 0.1443
12/12 [==============================] - 0s 38ms/step - loss: 0.1443
Epoch 20/300

 1/12 [=>............................] - ETA: 0s - loss: 0.1043
 3/12 [======>.......................] - ETA: 0s - loss: 0.1232
 5/12 [===========>..................] - ETA: 0s - loss: 0.1364
 7/12 [================>.............] - ETA: 0s - loss: 0.1355
 9/12 [=====================>........] - ETA: 0s - loss: 0.1388
11/12 [==========================>...] - ETA: 0s - loss: 0.1372
12/12 [==============================] - 0s 36ms/step - loss: 0.1366
Epoch 21/300

 1/12 [=>............................] - ETA: 0s - loss: 0.1443
 3/12 [======>.......................] - ETA: 0s - loss: 0.1297
 5/12 [===========>..................] - ETA: 0s - loss: 0.1211
 7/12 [================>.............] - ETA: 0s - loss: 0.1193
 9/12 [=====================>........] - ETA: 0s - loss: 0.1256
11/12 [==========================>...] - ETA: 0s - loss: 0.1276
12/12 [==============================] - 0s 35ms/step - loss: 0.1278
Epoch 22/300

 1/12 [=>............................] - ETA: 0s - loss: 0.1594
 3/12 [======>.......................] - ETA: 0s - loss: 0.1429
 5/12 [===========>..................] - ETA: 0s - loss: 0.1290
 7/12 [================>.............] - ETA: 0s - loss: 0.1264
 9/12 [=====================>........] - ETA: 0s - loss: 0.1237
11/12 [==========================>...] - ETA: 0s - loss: 0.1279
12/12 [==============================] - 0s 35ms/step - loss: 0.1305
Epoch 23/300

 1/12 [=>............................] - ETA: 0s - loss: 0.1314
 3/12 [======>.......................] - ETA: 0s - loss: 0.1214
 5/12 [===========>..................] - ETA: 0s - loss: 0.1314
 7/12 [================>.............] - ETA: 0s - loss: 0.1245
 9/12 [=====================>........] - ETA: 0s - loss: 0.1242
11/12 [==========================>...] - ETA: 0s - loss: 0.1243
12/12 [==============================] - 0s 36ms/step - loss: 0.1243
Epoch 24/300

 1/12 [=>............................] - ETA: 0s - loss: 0.1523
 2/12 [====>.........................] - ETA: 0s - loss: 0.1304
 4/12 [=========>....................] - ETA: 0s - loss: 0.1292
 6/12 [==============>...............] - ETA: 0s - loss: 0.1308
 8/12 [===================>..........] - ETA: 0s - loss: 0.1270
10/12 [========================>.....] - ETA: 0s - loss: 0.1319
12/12 [==============================] - ETA: 0s - loss: 0.1315
12/12 [==============================] - 0s 36ms/step - loss: 0.1315
Epoch 25/300

 1/12 [=>............................] - ETA: 0s - loss: 0.1044
 3/12 [======>.......................] - ETA: 0s - loss: 0.1098
 5/12 [===========>..................] - ETA: 0s - loss: 0.1238
 7/12 [================>.............] - ETA: 0s - loss: 0.1221
 9/12 [=====================>........] - ETA: 0s - loss: 0.1214
11/12 [==========================>...] - ETA: 0s - loss: 0.1197
12/12 [==============================] - 0s 35ms/step - loss: 0.1188
Epoch 26/300

 1/12 [=>............................] - ETA: 0s - loss: 0.0892
 3/12 [======>.......................] - ETA: 0s - loss: 0.1217
 5/12 [===========>..................] - ETA: 0s - loss: 0.1145
 7/12 [================>.............] - ETA: 0s - loss: 0.1156
 9/12 [=====================>........] - ETA: 0s - loss: 0.1174
11/12 [==========================>...] - ETA: 0s - loss: 0.1236
12/12 [==============================] - 0s 36ms/step - loss: 0.1224
Epoch 27/300

 1/12 [=>............................] - ETA: 0s - loss: 0.1231
 3/12 [======>.......................] - ETA: 0s - loss: 0.1185
 5/12 [===========>..................] - ETA: 0s - loss: 0.1169
 7/12 [================>.............] - ETA: 0s - loss: 0.1266
 9/12 [=====================>........] - ETA: 0s - loss: 0.1218
11/12 [==========================>...] - ETA: 0s - loss: 0.1200
12/12 [==============================] - 0s 36ms/step - loss: 0.1193
Epoch 28/300

 1/12 [=>............................] - ETA: 0s - loss: 0.0778
 3/12 [======>.......................] - ETA: 0s - loss: 0.1208
 5/12 [===========>..................] - ETA: 0s - loss: 0.1438
 7/12 [================>.............] - ETA: 0s - loss: 0.1326
 9/12 [=====================>........] - ETA: 0s - loss: 0.1284
10/12 [========================>.....] - ETA: 0s - loss: 0.1273
12/12 [==============================] - 0s 35ms/step - loss: 0.1277
Epoch 29/300

 1/12 [=>............................] - ETA: 0s - loss: 0.1319
 3/12 [======>.......................] - ETA: 0s - loss: 0.1134
 5/12 [===========>..................] - ETA: 0s - loss: 0.1208
 7/12 [================>.............] - ETA: 0s - loss: 0.1246
 9/12 [=====================>........] - ETA: 0s - loss: 0.1263
11/12 [==========================>...] - ETA: 0s - loss: 0.1238
12/12 [==============================] - 0s 35ms/step - loss: 0.1254
Epoch 30/300

 1/12 [=>............................] - ETA: 0s - loss: 0.0986
 3/12 [======>.......................] - ETA: 0s - loss: 0.1192
 5/12 [===========>..................] - ETA: 0s - loss: 0.1182
 7/12 [================>.............] - ETA: 0s - loss: 0.1196
 9/12 [=====================>........] - ETA: 0s - loss: 0.1151
11/12 [==========================>...] - ETA: 0s - loss: 0.1165
12/12 [==============================] - 0s 35ms/step - loss: 0.1158
Epoch 31/300

 1/12 [=>............................] - ETA: 0s - loss: 0.1715
 3/12 [======>.......................] - ETA: 0s - loss: 0.1434
 4/12 [=========>....................] - ETA: 0s - loss: 0.1289
 6/12 [==============>...............] - ETA: 0s - loss: 0.1233
 8/12 [===================>..........] - ETA: 0s - loss: 0.1106
10/12 [========================>.....] - ETA: 0s - loss: 0.1140
12/12 [==============================] - ETA: 0s - loss: 0.1127
12/12 [==============================] - 0s 36ms/step - loss: 0.1127
Epoch 32/300

 1/12 [=>............................] - ETA: 0s - loss: 0.1213
 3/12 [======>.......................] - ETA: 0s - loss: 0.1158
 5/12 [===========>..................] - ETA: 0s - loss: 0.1136
 7/12 [================>.............] - ETA: 0s - loss: 0.1155
 9/12 [=====================>........] - ETA: 0s - loss: 0.1142
11/12 [==========================>...] - ETA: 0s - loss: 0.1132
12/12 [==============================] - 0s 36ms/step - loss: 0.1132
Epoch 33/300

 1/12 [=>............................] - ETA: 0s - loss: 0.1249
 3/12 [======>.......................] - ETA: 0s - loss: 0.1188
 5/12 [===========>..................] - ETA: 0s - loss: 0.1231
 7/12 [================>.............] - ETA: 0s - loss: 0.1214
 9/12 [=====================>........] - ETA: 0s - loss: 0.1242
11/12 [==========================>...] - ETA: 0s - loss: 0.1177
12/12 [==============================] - 0s 35ms/step - loss: 0.1188
Epoch 34/300

 1/12 [=>............................] - ETA: 0s - loss: 0.1551
 3/12 [======>.......................] - ETA: 0s - loss: 0.1111
 5/12 [===========>..................] - ETA: 0s - loss: 0.1149
 7/12 [================>.............] - ETA: 0s - loss: 0.1115
 9/12 [=====================>........] - ETA: 0s - loss: 0.1117
11/12 [==========================>...] - ETA: 0s - loss: 0.1082
12/12 [==============================] - 0s 36ms/step - loss: 0.1085
Epoch 35/300

 1/12 [=>............................] - ETA: 0s - loss: 0.1345
 3/12 [======>.......................] - ETA: 0s - loss: 0.1150
 5/12 [===========>..................] - ETA: 0s - loss: 0.1099
 7/12 [================>.............] - ETA: 0s - loss: 0.1088
 9/12 [=====================>........] - ETA: 0s - loss: 0.1135
11/12 [==========================>...] - ETA: 0s - loss: 0.1173
12/12 [==============================] - 0s 35ms/step - loss: 0.1185
Epoch 36/300

 1/12 [=>............................] - ETA: 0s - loss: 0.1419
 3/12 [======>.......................] - ETA: 0s - loss: 0.1239
 5/12 [===========>..................] - ETA: 0s - loss: 0.1199
 7/12 [================>.............] - ETA: 0s - loss: 0.1216
 9/12 [=====================>........] - ETA: 0s - loss: 0.1202
11/12 [==========================>...] - ETA: 0s - loss: 0.1142
12/12 [==============================] - 0s 36ms/step - loss: 0.1134
Epoch 37/300

 1/12 [=>............................] - ETA: 0s - loss: 0.1054
 3/12 [======>.......................] - ETA: 0s - loss: 0.1169
 5/12 [===========>..................] - ETA: 0s - loss: 0.1104
 7/12 [================>.............] - ETA: 0s - loss: 0.1090
 9/12 [=====================>........] - ETA: 0s - loss: 0.1128
11/12 [==========================>...] - ETA: 0s - loss: 0.1121
12/12 [==============================] - 0s 36ms/step - loss: 0.1114
Epoch 38/300

 1/12 [=>............................] - ETA: 0s - loss: 0.1178
 3/12 [======>.......................] - ETA: 0s - loss: 0.1145
 5/12 [===========>..................] - ETA: 0s - loss: 0.1204
 7/12 [================>.............] - ETA: 0s - loss: 0.1183
 9/12 [=====================>........] - ETA: 0s - loss: 0.1126
11/12 [==========================>...] - ETA: 0s - loss: 0.1153
12/12 [==============================] - 0s 36ms/step - loss: 0.1160
Epoch 39/300

 1/12 [=>............................] - ETA: 0s - loss: 0.1095
 3/12 [======>.......................] - ETA: 0s - loss: 0.0918
 5/12 [===========>..................] - ETA: 0s - loss: 0.0888
 7/12 [================>.............] - ETA: 0s - loss: 0.0950
 9/12 [=====================>........] - ETA: 0s - loss: 0.0970
11/12 [==========================>...] - ETA: 0s - loss: 0.1051
12/12 [==============================] - 0s 36ms/step - loss: 0.1052
Epoch 40/300

 1/12 [=>............................] - ETA: 0s - loss: 0.1220
 3/12 [======>.......................] - ETA: 0s - loss: 0.1256
 5/12 [===========>..................] - ETA: 0s - loss: 0.1095
 7/12 [================>.............] - ETA: 0s - loss: 0.1133
 9/12 [=====================>........] - ETA: 0s - loss: 0.1083
11/12 [==========================>...] - ETA: 0s - loss: 0.1081
12/12 [==============================] - 0s 36ms/step - loss: 0.1074
Epoch 41/300

 1/12 [=>............................] - ETA: 0s - loss: 0.0912
 3/12 [======>.......................] - ETA: 0s - loss: 0.0958
 5/12 [===========>..................] - ETA: 0s - loss: 0.0879
 7/12 [================>.............] - ETA: 0s - loss: 0.0947
 9/12 [=====================>........] - ETA: 0s - loss: 0.0987
11/12 [==========================>...] - ETA: 0s - loss: 0.0984
12/12 [==============================] - 0s 36ms/step - loss: 0.0991
Epoch 42/300

 1/12 [=>............................] - ETA: 0s - loss: 0.1218
 3/12 [======>.......................] - ETA: 0s - loss: 0.1016
 5/12 [===========>..................] - ETA: 0s - loss: 0.1019
 7/12 [================>.............] - ETA: 0s - loss: 0.1038
 9/12 [=====================>........] - ETA: 0s - loss: 0.1027
11/12 [==========================>...] - ETA: 0s - loss: 0.1041
12/12 [==============================] - 0s 36ms/step - loss: 0.1039
Epoch 43/300

 1/12 [=>............................] - ETA: 0s - loss: 0.0815
 3/12 [======>.......................] - ETA: 0s - loss: 0.1026
 5/12 [===========>..................] - ETA: 0s - loss: 0.1042
 7/12 [================>.............] - ETA: 0s - loss: 0.1000
 9/12 [=====================>........] - ETA: 0s - loss: 0.1005
11/12 [==========================>...] - ETA: 0s - loss: 0.1006
12/12 [==============================] - 0s 35ms/step - loss: 0.1005
Epoch 44/300

 1/12 [=>............................] - ETA: 0s - loss: 0.1109
 3/12 [======>.......................] - ETA: 0s - loss: 0.1074
 5/12 [===========>..................] - ETA: 0s - loss: 0.1011
 7/12 [================>.............] - ETA: 0s - loss: 0.0958
 9/12 [=====================>........] - ETA: 0s - loss: 0.0975
11/12 [==========================>...] - ETA: 0s - loss: 0.0996
12/12 [==============================] - 0s 36ms/step - loss: 0.0995
Epoch 45/300

 1/12 [=>............................] - ETA: 0s - loss: 0.1083
 3/12 [======>.......................] - ETA: 0s - loss: 0.0945
 5/12 [===========>..................] - ETA: 0s - loss: 0.0954
 7/12 [================>.............] - ETA: 0s - loss: 0.1029
 8/12 [===================>..........] - ETA: 0s - loss: 0.1024
10/12 [========================>.....] - ETA: 0s - loss: 0.1073
12/12 [==============================] - ETA: 0s - loss: 0.1113
12/12 [==============================] - 0s 36ms/step - loss: 0.1113
Epoch 46/300

 1/12 [=>............................] - ETA: 0s - loss: 0.0746
 3/12 [======>.......................] - ETA: 0s - loss: 0.0935
 5/12 [===========>..................] - ETA: 0s - loss: 0.0938
 7/12 [================>.............] - ETA: 0s - loss: 0.0947
 9/12 [=====================>........] - ETA: 0s - loss: 0.0939
11/12 [==========================>...] - ETA: 0s - loss: 0.0958
12/12 [==============================] - 0s 37ms/step - loss: 0.0953
Epoch 47/300

 1/12 [=>............................] - ETA: 0s - loss: 0.1063
 3/12 [======>.......................] - ETA: 0s - loss: 0.0890
 5/12 [===========>..................] - ETA: 0s - loss: 0.0956
 7/12 [================>.............] - ETA: 0s - loss: 0.0986
 9/12 [=====================>........] - ETA: 0s - loss: 0.0944
11/12 [==========================>...] - ETA: 0s - loss: 0.0963
12/12 [==============================] - 0s 35ms/step - loss: 0.0960
Epoch 48/300

 1/12 [=>............................] - ETA: 0s - loss: 0.0899
 3/12 [======>.......................] - ETA: 0s - loss: 0.0922
 5/12 [===========>..................] - ETA: 0s - loss: 0.0912
 7/12 [================>.............] - ETA: 0s - loss: 0.0920
 9/12 [=====================>........] - ETA: 0s - loss: 0.1009
11/12 [==========================>...] - ETA: 0s - loss: 0.1010
12/12 [==============================] - 0s 35ms/step - loss: 0.1004
Epoch 49/300

 1/12 [=>............................] - ETA: 0s - loss: 0.0658
 3/12 [======>.......................] - ETA: 0s - loss: 0.0771
 4/12 [=========>....................] - ETA: 0s - loss: 0.0795
 6/12 [==============>...............] - ETA: 0s - loss: 0.0860
 8/12 [===================>..........] - ETA: 0s - loss: 0.0848
 9/12 [=====================>........] - ETA: 0s - loss: 0.0883
11/12 [==========================>...] - ETA: 0s - loss: 0.0902
12/12 [==============================] - 0s 36ms/step - loss: 0.0895
Epoch 50/300

 1/12 [=>............................] - ETA: 0s - loss: 0.0981
 3/12 [======>.......................] - ETA: 0s - loss: 0.0987
 4/12 [=========>....................] - ETA: 0s - loss: 0.1013
 6/12 [==============>...............] - ETA: 0s - loss: 0.0970
 8/12 [===================>..........] - ETA: 0s - loss: 0.0955
10/12 [========================>.....] - ETA: 0s - loss: 0.0946
12/12 [==============================] - ETA: 0s - loss: 0.0962
12/12 [==============================] - 0s 36ms/step - loss: 0.0962
Epoch 51/300

 1/12 [=>............................] - ETA: 0s - loss: 0.0987
 3/12 [======>.......................] - ETA: 0s - loss: 0.0999
 5/12 [===========>..................] - ETA: 0s - loss: 0.0946
 7/12 [================>.............] - ETA: 0s - loss: 0.0970
 9/12 [=====================>........] - ETA: 0s - loss: 0.0978
11/12 [==========================>...] - ETA: 0s - loss: 0.0965
12/12 [==============================] - 0s 36ms/step - loss: 0.0964
Epoch 52/300

 1/12 [=>............................] - ETA: 0s - loss: 0.1394
 3/12 [======>.......................] - ETA: 0s - loss: 0.1071
 5/12 [===========>..................] - ETA: 0s - loss: 0.1079
 7/12 [================>.............] - ETA: 0s - loss: 0.0992
 9/12 [=====================>........] - ETA: 0s - loss: 0.0965
11/12 [==========================>...] - ETA: 0s - loss: 0.0970
12/12 [==============================] - 0s 36ms/step - loss: 0.0973
Epoch 53/300

 1/12 [=>............................] - ETA: 0s - loss: 0.0857
 3/12 [======>.......................] - ETA: 0s - loss: 0.0833
 5/12 [===========>..................] - ETA: 0s - loss: 0.0933
 7/12 [================>.............] - ETA: 0s - loss: 0.0918
 9/12 [=====================>........] - ETA: 0s - loss: 0.0901
11/12 [==========================>...] - ETA: 0s - loss: 0.0886
12/12 [==============================] - 0s 36ms/step - loss: 0.0884
Epoch 54/300

 1/12 [=>............................] - ETA: 0s - loss: 0.0844
 3/12 [======>.......................] - ETA: 0s - loss: 0.1027
 5/12 [===========>..................] - ETA: 0s - loss: 0.0964
 7/12 [================>.............] - ETA: 0s - loss: 0.0911
 9/12 [=====================>........] - ETA: 0s - loss: 0.0905
11/12 [==========================>...] - ETA: 0s - loss: 0.0939
12/12 [==============================] - 0s 35ms/step - loss: 0.0933
Epoch 55/300

 1/12 [=>............................] - ETA: 0s - loss: 0.1055
 3/12 [======>.......................] - ETA: 0s - loss: 0.1079
 5/12 [===========>..................] - ETA: 0s - loss: 0.1023
 7/12 [================>.............] - ETA: 0s - loss: 0.1030
 9/12 [=====================>........] - ETA: 0s - loss: 0.0966
11/12 [==========================>...] - ETA: 0s - loss: 0.0976
12/12 [==============================] - 0s 38ms/step - loss: 0.0978
Epoch 56/300

 1/12 [=>............................] - ETA: 0s - loss: 0.1018
 3/12 [======>.......................] - ETA: 0s - loss: 0.0972
 5/12 [===========>..................] - ETA: 0s - loss: 0.1099
 7/12 [================>.............] - ETA: 0s - loss: 0.1088
 9/12 [=====================>........] - ETA: 0s - loss: 0.0999
11/12 [==========================>...] - ETA: 0s - loss: 0.0986
12/12 [==============================] - 0s 38ms/step - loss: 0.0976
Epoch 57/300

 1/12 [=>............................] - ETA: 0s - loss: 0.1015
 3/12 [======>.......................] - ETA: 0s - loss: 0.0805
 5/12 [===========>..................] - ETA: 0s - loss: 0.0795
 7/12 [================>.............] - ETA: 0s - loss: 0.0826
 9/12 [=====================>........] - ETA: 0s - loss: 0.0867
11/12 [==========================>...] - ETA: 0s - loss: 0.0859
12/12 [==============================] - 0s 37ms/step - loss: 0.0855
Epoch 58/300

 1/12 [=>............................] - ETA: 0s - loss: 0.0947
 2/12 [====>.........................] - ETA: 0s - loss: 0.0772
 4/12 [=========>....................] - ETA: 0s - loss: 0.0844
 6/12 [==============>...............] - ETA: 0s - loss: 0.0866
 8/12 [===================>..........] - ETA: 0s - loss: 0.0862
10/12 [========================>.....] - ETA: 0s - loss: 0.0864
12/12 [==============================] - ETA: 0s - loss: 0.0850
12/12 [==============================] - 0s 37ms/step - loss: 0.0850
Epoch 59/300

 1/12 [=>............................] - ETA: 0s - loss: 0.0728
 3/12 [======>.......................] - ETA: 0s - loss: 0.0722
 5/12 [===========>..................] - ETA: 0s - loss: 0.0846
 7/12 [================>.............] - ETA: 0s - loss: 0.0848
 9/12 [=====================>........] - ETA: 0s - loss: 0.0839
11/12 [==========================>...] - ETA: 0s - loss: 0.0856
12/12 [==============================] - 0s 34ms/step - loss: 0.0861
Epoch 60/300

 1/12 [=>............................] - ETA: 0s - loss: 0.1116
 3/12 [======>.......................] - ETA: 0s - loss: 0.0925
 5/12 [===========>..................] - ETA: 0s - loss: 0.0923
 7/12 [================>.............] - ETA: 0s - loss: 0.0876
 9/12 [=====================>........] - ETA: 0s - loss: 0.0865
11/12 [==========================>...] - ETA: 0s - loss: 0.0856
12/12 [==============================] - 0s 35ms/step - loss: 0.0852
Epoch 61/300

 1/12 [=>............................] - ETA: 0s - loss: 0.0909
 3/12 [======>.......................] - ETA: 0s - loss: 0.0835
 5/12 [===========>..................] - ETA: 0s - loss: 0.0805
 7/12 [================>.............] - ETA: 0s - loss: 0.0821
 9/12 [=====================>........] - ETA: 0s - loss: 0.0834
11/12 [==========================>...] - ETA: 0s - loss: 0.0837
12/12 [==============================] - 0s 34ms/step - loss: 0.0832
Epoch 62/300

 1/12 [=>............................] - ETA: 0s - loss: 0.0592
 3/12 [======>.......................] - ETA: 0s - loss: 0.0742
 5/12 [===========>..................] - ETA: 0s - loss: 0.0805
 7/12 [================>.............] - ETA: 0s - loss: 0.0865
 9/12 [=====================>........] - ETA: 0s - loss: 0.0842
11/12 [==========================>...] - ETA: 0s - loss: 0.0841
12/12 [==============================] - 0s 35ms/step - loss: 0.0839
Epoch 63/300

 1/12 [=>............................] - ETA: 0s - loss: 0.0795
 3/12 [======>.......................] - ETA: 0s - loss: 0.0856
 5/12 [===========>..................] - ETA: 0s - loss: 0.0854
 7/12 [================>.............] - ETA: 0s - loss: 0.0835
 9/12 [=====================>........] - ETA: 0s - loss: 0.0820
11/12 [==========================>...] - ETA: 0s - loss: 0.0832
12/12 [==============================] - 0s 34ms/step - loss: 0.0838
Epoch 64/300

 1/12 [=>............................] - ETA: 0s - loss: 0.0739
 3/12 [======>.......................] - ETA: 0s - loss: 0.0794
 5/12 [===========>..................] - ETA: 0s - loss: 0.0793
 7/12 [================>.............] - ETA: 0s - loss: 0.0805
 9/12 [=====================>........] - ETA: 0s - loss: 0.0790
11/12 [==========================>...] - ETA: 0s - loss: 0.0816
12/12 [==============================] - 0s 35ms/step - loss: 0.0813
Epoch 65/300

 1/12 [=>............................] - ETA: 0s - loss: 0.0824
 3/12 [======>.......................] - ETA: 0s - loss: 0.0831
 5/12 [===========>..................] - ETA: 0s - loss: 0.0863
 7/12 [================>.............] - ETA: 0s - loss: 0.0842
 9/12 [=====================>........] - ETA: 0s - loss: 0.0827
11/12 [==========================>...] - ETA: 0s - loss: 0.0831
12/12 [==============================] - 0s 36ms/step - loss: 0.0837
Epoch 66/300

 1/12 [=>............................] - ETA: 0s - loss: 0.0980
 3/12 [======>.......................] - ETA: 0s - loss: 0.1004
 5/12 [===========>..................] - ETA: 0s - loss: 0.0989
 7/12 [================>.............] - ETA: 0s - loss: 0.0979
 9/12 [=====================>........] - ETA: 0s - loss: 0.0946
11/12 [==========================>...] - ETA: 0s - loss: 0.0919
12/12 [==============================] - 0s 36ms/step - loss: 0.0906
Epoch 67/300

 1/12 [=>............................] - ETA: 0s - loss: 0.0973
 3/12 [======>.......................] - ETA: 0s - loss: 0.0969
 5/12 [===========>..................] - ETA: 0s - loss: 0.0991
 7/12 [================>.............] - ETA: 0s - loss: 0.0918
 9/12 [=====================>........] - ETA: 0s - loss: 0.0879
11/12 [==========================>...] - ETA: 0s - loss: 0.0885
12/12 [==============================] - 0s 35ms/step - loss: 0.0878
Epoch 68/300

 1/12 [=>............................] - ETA: 0s - loss: 0.1034
 3/12 [======>.......................] - ETA: 0s - loss: 0.0878
 5/12 [===========>..................] - ETA: 0s - loss: 0.0847
 7/12 [================>.............] - ETA: 0s - loss: 0.0829
 9/12 [=====================>........] - ETA: 0s - loss: 0.0809
11/12 [==========================>...] - ETA: 0s - loss: 0.0803
12/12 [==============================] - 0s 35ms/step - loss: 0.0812
Epoch 69/300

 1/12 [=>............................] - ETA: 0s - loss: 0.0791
 3/12 [======>.......................] - ETA: 0s - loss: 0.0800
 5/12 [===========>..................] - ETA: 0s - loss: 0.0807
 7/12 [================>.............] - ETA: 0s - loss: 0.0785
 9/12 [=====================>........] - ETA: 0s - loss: 0.0796
11/12 [==========================>...] - ETA: 0s - loss: 0.0772
12/12 [==============================] - 0s 36ms/step - loss: 0.0764
Epoch 70/300

 1/12 [=>............................] - ETA: 0s - loss: 0.0716
 3/12 [======>.......................] - ETA: 0s - loss: 0.0817
 5/12 [===========>..................] - ETA: 0s - loss: 0.0833
 7/12 [================>.............] - ETA: 0s - loss: 0.0811
 9/12 [=====================>........] - ETA: 0s - loss: 0.0802
11/12 [==========================>...] - ETA: 0s - loss: 0.0813
12/12 [==============================] - 0s 36ms/step - loss: 0.0806
Epoch 71/300

 1/12 [=>............................] - ETA: 0s - loss: 0.0850
 3/12 [======>.......................] - ETA: 0s - loss: 0.0725
 5/12 [===========>..................] - ETA: 0s - loss: 0.0764
 7/12 [================>.............] - ETA: 0s - loss: 0.0804
 9/12 [=====================>........] - ETA: 0s - loss: 0.0820
11/12 [==========================>...] - ETA: 0s - loss: 0.0795
12/12 [==============================] - 0s 35ms/step - loss: 0.0794
Epoch 72/300

 1/12 [=>............................] - ETA: 0s - loss: 0.0874
 3/12 [======>.......................] - ETA: 0s - loss: 0.0701
 5/12 [===========>..................] - ETA: 0s - loss: 0.0730
 7/12 [================>.............] - ETA: 0s - loss: 0.0751
 9/12 [=====================>........] - ETA: 0s - loss: 0.0784
11/12 [==========================>...] - ETA: 0s - loss: 0.0789
12/12 [==============================] - 0s 34ms/step - loss: 0.0788
Epoch 73/300

 1/12 [=>............................] - ETA: 0s - loss: 0.0829
 3/12 [======>.......................] - ETA: 0s - loss: 0.0836
 5/12 [===========>..................] - ETA: 0s - loss: 0.0889
 7/12 [================>.............] - ETA: 0s - loss: 0.0894
 9/12 [=====================>........] - ETA: 0s - loss: 0.0850
11/12 [==========================>...] - ETA: 0s - loss: 0.0844
12/12 [==============================] - 0s 35ms/step - loss: 0.0851
Epoch 74/300

 1/12 [=>............................] - ETA: 0s - loss: 0.0883
 3/12 [======>.......................] - ETA: 0s - loss: 0.0723
 5/12 [===========>..................] - ETA: 0s - loss: 0.0749
 7/12 [================>.............] - ETA: 0s - loss: 0.0781
 9/12 [=====================>........] - ETA: 0s - loss: 0.0760
11/12 [==========================>...] - ETA: 0s - loss: 0.0742
12/12 [==============================] - 0s 35ms/step - loss: 0.0740
Epoch 75/300

 1/12 [=>............................] - ETA: 0s - loss: 0.0919
 3/12 [======>.......................] - ETA: 0s - loss: 0.0828
 5/12 [===========>..................] - ETA: 0s - loss: 0.0768
 7/12 [================>.............] - ETA: 0s - loss: 0.0735
 9/12 [=====================>........] - ETA: 0s - loss: 0.0738
11/12 [==========================>...] - ETA: 0s - loss: 0.0736
12/12 [==============================] - 0s 35ms/step - loss: 0.0740
Epoch 76/300

 1/12 [=>............................] - ETA: 0s - loss: 0.0739
 3/12 [======>.......................] - ETA: 0s - loss: 0.0811
 5/12 [===========>..................] - ETA: 0s - loss: 0.0808
 7/12 [================>.............] - ETA: 0s - loss: 0.0837
 9/12 [=====================>........] - ETA: 0s - loss: 0.0813
11/12 [==========================>...] - ETA: 0s - loss: 0.0767
12/12 [==============================] - 0s 36ms/step - loss: 0.0772
Epoch 77/300

 1/12 [=>............................] - ETA: 0s - loss: 0.0802
 3/12 [======>.......................] - ETA: 0s - loss: 0.0766
 5/12 [===========>..................] - ETA: 0s - loss: 0.0692
 7/12 [================>.............] - ETA: 0s - loss: 0.0692
 9/12 [=====================>........] - ETA: 0s - loss: 0.0739
11/12 [==========================>...] - ETA: 0s - loss: 0.0719
12/12 [==============================] - 0s 35ms/step - loss: 0.0720
Epoch 78/300

 1/12 [=>............................] - ETA: 0s - loss: 0.0857
 3/12 [======>.......................] - ETA: 0s - loss: 0.0838
 5/12 [===========>..................] - ETA: 0s - loss: 0.0815
 7/12 [================>.............] - ETA: 0s - loss: 0.0798
 9/12 [=====================>........] - ETA: 0s - loss: 0.0778
11/12 [==========================>...] - ETA: 0s - loss: 0.0800
12/12 [==============================] - 0s 34ms/step - loss: 0.0793
Epoch 79/300

 1/12 [=>............................] - ETA: 0s - loss: 0.0865
 3/12 [======>.......................] - ETA: 0s - loss: 0.0792
 5/12 [===========>..................] - ETA: 0s - loss: 0.0845
 7/12 [================>.............] - ETA: 0s - loss: 0.0779
 9/12 [=====================>........] - ETA: 0s - loss: 0.0751
11/12 [==========================>...] - ETA: 0s - loss: 0.0775
12/12 [==============================] - 0s 35ms/step - loss: 0.0775
Epoch 80/300

 1/12 [=>............................] - ETA: 0s - loss: 0.0873
 3/12 [======>.......................] - ETA: 0s - loss: 0.0771
 5/12 [===========>..................] - ETA: 0s - loss: 0.0749
 7/12 [================>.............] - ETA: 0s - loss: 0.0753
 9/12 [=====================>........] - ETA: 0s - loss: 0.0775
11/12 [==========================>...] - ETA: 0s - loss: 0.0777
12/12 [==============================] - 0s 35ms/step - loss: 0.0783
Epoch 81/300

 1/12 [=>............................] - ETA: 0s - loss: 0.0703
 3/12 [======>.......................] - ETA: 0s - loss: 0.0711
 5/12 [===========>..................] - ETA: 0s - loss: 0.0758
 7/12 [================>.............] - ETA: 0s - loss: 0.0705
 9/12 [=====================>........] - ETA: 0s - loss: 0.0715
11/12 [==========================>...] - ETA: 0s - loss: 0.0731
12/12 [==============================] - 0s 35ms/step - loss: 0.0731
Epoch 82/300

 1/12 [=>............................] - ETA: 0s - loss: 0.0866
 3/12 [======>.......................] - ETA: 0s - loss: 0.0987
 5/12 [===========>..................] - ETA: 0s - loss: 0.0915
 7/12 [================>.............] - ETA: 0s - loss: 0.0895
 9/12 [=====================>........] - ETA: 0s - loss: 0.0827
11/12 [==========================>...] - ETA: 0s - loss: 0.0830
12/12 [==============================] - 0s 35ms/step - loss: 0.0827
Epoch 83/300

 1/12 [=>............................] - ETA: 0s - loss: 0.0864
 3/12 [======>.......................] - ETA: 0s - loss: 0.0802
 5/12 [===========>..................] - ETA: 0s - loss: 0.0719
 7/12 [================>.............] - ETA: 0s - loss: 0.0743
 9/12 [=====================>........] - ETA: 0s - loss: 0.0736
11/12 [==========================>...] - ETA: 0s - loss: 0.0728
12/12 [==============================] - 0s 35ms/step - loss: 0.0726
Epoch 84/300

 1/12 [=>............................] - ETA: 0s - loss: 0.0790
 2/12 [====>.........................] - ETA: 0s - loss: 0.0724
 4/12 [=========>....................] - ETA: 0s - loss: 0.0728
 6/12 [==============>...............] - ETA: 0s - loss: 0.0714
 7/12 [================>.............] - ETA: 0s - loss: 0.0734
 9/12 [=====================>........] - ETA: 0s - loss: 0.0717
11/12 [==========================>...] - ETA: 0s - loss: 0.0706
12/12 [==============================] - 0s 36ms/step - loss: 0.0710
Epoch 85/300

 1/12 [=>............................] - ETA: 0s - loss: 0.0668
 3/12 [======>.......................] - ETA: 0s - loss: 0.0628
 5/12 [===========>..................] - ETA: 0s - loss: 0.0676
 7/12 [================>.............] - ETA: 0s - loss: 0.0698
 9/12 [=====================>........] - ETA: 0s - loss: 0.0733
11/12 [==========================>...] - ETA: 0s - loss: 0.0694
12/12 [==============================] - 0s 36ms/step - loss: 0.0690
Epoch 86/300

 1/12 [=>............................] - ETA: 0s - loss: 0.1196
 3/12 [======>.......................] - ETA: 0s - loss: 0.0883
 5/12 [===========>..................] - ETA: 0s - loss: 0.0822
 7/12 [================>.............] - ETA: 0s - loss: 0.0802
 9/12 [=====================>........] - ETA: 0s - loss: 0.0791
11/12 [==========================>...] - ETA: 0s - loss: 0.0801
12/12 [==============================] - 0s 36ms/step - loss: 0.0797
Epoch 87/300

 1/12 [=>............................] - ETA: 0s - loss: 0.0662
 3/12 [======>.......................] - ETA: 0s - loss: 0.0843
 5/12 [===========>..................] - ETA: 0s - loss: 0.0797
 7/12 [================>.............] - ETA: 0s - loss: 0.0792
 9/12 [=====================>........] - ETA: 0s - loss: 0.0796
11/12 [==========================>...] - ETA: 0s - loss: 0.0803
12/12 [==============================] - 0s 36ms/step - loss: 0.0797
Epoch 88/300

 1/12 [=>............................] - ETA: 0s - loss: 0.0612
 3/12 [======>.......................] - ETA: 0s - loss: 0.0723
 4/12 [=========>....................] - ETA: 0s - loss: 0.0732
 6/12 [==============>...............] - ETA: 0s - loss: 0.0748
 8/12 [===================>..........] - ETA: 0s - loss: 0.0745
10/12 [========================>.....] - ETA: 0s - loss: 0.0750
12/12 [==============================] - ETA: 0s - loss: 0.0762
12/12 [==============================] - 0s 36ms/step - loss: 0.0762
Epoch 89/300

 1/12 [=>............................] - ETA: 0s - loss: 0.0713
 3/12 [======>.......................] - ETA: 0s - loss: 0.0801
 5/12 [===========>..................] - ETA: 0s - loss: 0.0678
 7/12 [================>.............] - ETA: 0s - loss: 0.0729
 8/12 [===================>..........] - ETA: 0s - loss: 0.0721
10/12 [========================>.....] - ETA: 0s - loss: 0.0746
12/12 [==============================] - ETA: 0s - loss: 0.0760
12/12 [==============================] - 0s 37ms/step - loss: 0.0760
Epoch 90/300

 1/12 [=>............................] - ETA: 0s - loss: 0.0755
 3/12 [======>.......................] - ETA: 0s - loss: 0.0772
 5/12 [===========>..................] - ETA: 0s - loss: 0.0766
 7/12 [================>.............] - ETA: 0s - loss: 0.0768
 9/12 [=====================>........] - ETA: 0s - loss: 0.0772
11/12 [==========================>...] - ETA: 0s - loss: 0.0782
12/12 [==============================] - 0s 35ms/step - loss: 0.0777
Epoch 91/300

 1/12 [=>............................] - ETA: 0s - loss: 0.0814
 3/12 [======>.......................] - ETA: 0s - loss: 0.0728
 5/12 [===========>..................] - ETA: 0s - loss: 0.0765
 7/12 [================>.............] - ETA: 0s - loss: 0.0725
 9/12 [=====================>........] - ETA: 0s - loss: 0.0715
11/12 [==========================>...] - ETA: 0s - loss: 0.0724
12/12 [==============================] - 0s 36ms/step - loss: 0.0721
Epoch 92/300

 1/12 [=>............................] - ETA: 0s - loss: 0.0524
 3/12 [======>.......................] - ETA: 0s - loss: 0.0675
 5/12 [===========>..................] - ETA: 0s - loss: 0.0760
 7/12 [================>.............] - ETA: 0s - loss: 0.0765
 9/12 [=====================>........] - ETA: 0s - loss: 0.0746
11/12 [==========================>...] - ETA: 0s - loss: 0.0739
12/12 [==============================] - 0s 39ms/step - loss: 0.0745
Epoch 93/300

 1/12 [=>............................] - ETA: 0s - loss: 0.0618
 3/12 [======>.......................] - ETA: 0s - loss: 0.0652
 5/12 [===========>..................] - ETA: 0s - loss: 0.0747
 7/12 [================>.............] - ETA: 0s - loss: 0.0717
 9/12 [=====================>........] - ETA: 0s - loss: 0.0704
11/12 [==========================>...] - ETA: 0s - loss: 0.0714
12/12 [==============================] - 0s 38ms/step - loss: 0.0708
Epoch 94/300

 1/12 [=>............................] - ETA: 0s - loss: 0.0650
 3/12 [======>.......................] - ETA: 0s - loss: 0.0715
 5/12 [===========>..................] - ETA: 0s - loss: 0.0723
 7/12 [================>.............] - ETA: 0s - loss: 0.0725
 9/12 [=====================>........] - ETA: 0s - loss: 0.0714
11/12 [==========================>...] - ETA: 0s - loss: 0.0714
12/12 [==============================] - 0s 38ms/step - loss: 0.0720
Epoch 95/300

 1/12 [=>............................] - ETA: 0s - loss: 0.0547
 3/12 [======>.......................] - ETA: 0s - loss: 0.0590
 5/12 [===========>..................] - ETA: 0s - loss: 0.0629
 7/12 [================>.............] - ETA: 0s - loss: 0.0615
 9/12 [=====================>........] - ETA: 0s - loss: 0.0630
11/12 [==========================>...] - ETA: 0s - loss: 0.0667
12/12 [==============================] - 0s 35ms/step - loss: 0.0669
Epoch 96/300

 1/12 [=>............................] - ETA: 0s - loss: 0.1036
 3/12 [======>.......................] - ETA: 0s - loss: 0.0732
 5/12 [===========>..................] - ETA: 0s - loss: 0.0706
 7/12 [================>.............] - ETA: 0s - loss: 0.0715
 9/12 [=====================>........] - ETA: 0s - loss: 0.0716
11/12 [==========================>...] - ETA: 0s - loss: 0.0716
12/12 [==============================] - 0s 37ms/step - loss: 0.0717
Epoch 97/300

 1/12 [=>............................] - ETA: 0s - loss: 0.0571
 3/12 [======>.......................] - ETA: 0s - loss: 0.0608
 5/12 [===========>..................] - ETA: 0s - loss: 0.0659
 7/12 [================>.............] - ETA: 0s - loss: 0.0655
 9/12 [=====================>........] - ETA: 0s - loss: 0.0683
11/12 [==========================>...] - ETA: 0s - loss: 0.0679
12/12 [==============================] - 0s 35ms/step - loss: 0.0683
Epoch 98/300

 1/12 [=>............................] - ETA: 0s - loss: 0.0639
 3/12 [======>.......................] - ETA: 0s - loss: 0.0711
 5/12 [===========>..................] - ETA: 0s - loss: 0.0693
 7/12 [================>.............] - ETA: 0s - loss: 0.0663
 9/12 [=====================>........] - ETA: 0s - loss: 0.0655
11/12 [==========================>...] - ETA: 0s - loss: 0.0669
12/12 [==============================] - 0s 36ms/step - loss: 0.0675
Epoch 99/300

 1/12 [=>............................] - ETA: 0s - loss: 0.0433
 3/12 [======>.......................] - ETA: 0s - loss: 0.0585
 5/12 [===========>..................] - ETA: 0s - loss: 0.0600
 7/12 [================>.............] - ETA: 0s - loss: 0.0590
 9/12 [=====================>........] - ETA: 0s - loss: 0.0616
11/12 [==========================>...] - ETA: 0s - loss: 0.0602
12/12 [==============================] - 0s 36ms/step - loss: 0.0601
Epoch 100/300

 1/12 [=>............................] - ETA: 0s - loss: 0.0780
 3/12 [======>.......................] - ETA: 0s - loss: 0.0710
 5/12 [===========>..................] - ETA: 0s - loss: 0.0628
 7/12 [================>.............] - ETA: 0s - loss: 0.0592
 9/12 [=====================>........] - ETA: 0s - loss: 0.0614
11/12 [==========================>...] - ETA: 0s - loss: 0.0638
12/12 [==============================] - 0s 35ms/step - loss: 0.0649
Epoch 101/300

 1/12 [=>............................] - ETA: 0s - loss: 0.0548
 3/12 [======>.......................] - ETA: 0s - loss: 0.0698
 5/12 [===========>..................] - ETA: 0s - loss: 0.0658
 6/12 [==============>...............] - ETA: 0s - loss: 0.0662
 8/12 [===================>..........] - ETA: 0s - loss: 0.0694
10/12 [========================>.....] - ETA: 0s - loss: 0.0673
12/12 [==============================] - ETA: 0s - loss: 0.0673
12/12 [==============================] - 0s 35ms/step - loss: 0.0673
Epoch 102/300

 1/12 [=>............................] - ETA: 0s - loss: 0.1029
 2/12 [====>.........................] - ETA: 0s - loss: 0.0806
 4/12 [=========>....................] - ETA: 0s - loss: 0.0787
 6/12 [==============>...............] - ETA: 0s - loss: 0.0749
 8/12 [===================>..........] - ETA: 0s - loss: 0.0756
10/12 [========================>.....] - ETA: 0s - loss: 0.0732
12/12 [==============================] - ETA: 0s - loss: 0.0707
12/12 [==============================] - 0s 36ms/step - loss: 0.0707
Epoch 103/300

 1/12 [=>............................] - ETA: 0s - loss: 0.0607
 3/12 [======>.......................] - ETA: 0s - loss: 0.0671
 5/12 [===========>..................] - ETA: 0s - loss: 0.0752
 7/12 [================>.............] - ETA: 0s - loss: 0.0729
 9/12 [=====================>........] - ETA: 0s - loss: 0.0736
11/12 [==========================>...] - ETA: 0s - loss: 0.0748
12/12 [==============================] - 0s 38ms/step - loss: 0.0746
Epoch 104/300

 1/12 [=>............................] - ETA: 0s - loss: 0.0683
 3/12 [======>.......................] - ETA: 0s - loss: 0.0640
 5/12 [===========>..................] - ETA: 0s - loss: 0.0696
 7/12 [================>.............] - ETA: 0s - loss: 0.0678
 9/12 [=====================>........] - ETA: 0s - loss: 0.0687
11/12 [==========================>...] - ETA: 0s - loss: 0.0692
12/12 [==============================] - 0s 35ms/step - loss: 0.0701
Epoch 105/300

 1/12 [=>............................] - ETA: 0s - loss: 0.0630
 2/12 [====>.........................] - ETA: 0s - loss: 0.0616
 4/12 [=========>....................] - ETA: 0s - loss: 0.0617
 6/12 [==============>...............] - ETA: 0s - loss: 0.0651
 8/12 [===================>..........] - ETA: 0s - loss: 0.0661
10/12 [========================>.....] - ETA: 0s - loss: 0.0646
12/12 [==============================] - ETA: 0s - loss: 0.0650
12/12 [==============================] - 0s 36ms/step - loss: 0.0650
Epoch 106/300

 1/12 [=>............................] - ETA: 0s - loss: 0.0515
 2/12 [====>.........................] - ETA: 0s - loss: 0.0547
 4/12 [=========>....................] - ETA: 0s - loss: 0.0641
 6/12 [==============>...............] - ETA: 0s - loss: 0.0654
 8/12 [===================>..........] - ETA: 0s - loss: 0.0630
10/12 [========================>.....] - ETA: 0s - loss: 0.0649
12/12 [==============================] - ETA: 0s - loss: 0.0657
12/12 [==============================] - 0s 36ms/step - loss: 0.0657
Epoch 107/300

 1/12 [=>............................] - ETA: 0s - loss: 0.0682
 3/12 [======>.......................] - ETA: 0s - loss: 0.0696
 5/12 [===========>..................] - ETA: 0s - loss: 0.0730
 7/12 [================>.............] - ETA: 0s - loss: 0.0719
 9/12 [=====================>........] - ETA: 0s - loss: 0.0698
11/12 [==========================>...] - ETA: 0s - loss: 0.0709
12/12 [==============================] - 0s 36ms/step - loss: 0.0709
Epoch 108/300

 1/12 [=>............................] - ETA: 0s - loss: 0.0693
 3/12 [======>.......................] - ETA: 0s - loss: 0.0743
 5/12 [===========>..................] - ETA: 0s - loss: 0.0706
 7/12 [================>.............] - ETA: 0s - loss: 0.0652
 9/12 [=====================>........] - ETA: 0s - loss: 0.0620
11/12 [==========================>...] - ETA: 0s - loss: 0.0636
12/12 [==============================] - 0s 35ms/step - loss: 0.0637
Epoch 109/300

 1/12 [=>............................] - ETA: 0s - loss: 0.0523
 3/12 [======>.......................] - ETA: 0s - loss: 0.0716
 5/12 [===========>..................] - ETA: 0s - loss: 0.0706
 7/12 [================>.............] - ETA: 0s - loss: 0.0672
 9/12 [=====================>........] - ETA: 0s - loss: 0.0667
11/12 [==========================>...] - ETA: 0s - loss: 0.0634
12/12 [==============================] - 0s 35ms/step - loss: 0.0640
Epoch 110/300

 1/12 [=>............................] - ETA: 0s - loss: 0.0745
 3/12 [======>.......................] - ETA: 0s - loss: 0.0575
 5/12 [===========>..................] - ETA: 0s - loss: 0.0563
 7/12 [================>.............] - ETA: 0s - loss: 0.0592
 9/12 [=====================>........] - ETA: 0s - loss: 0.0580
11/12 [==========================>...] - ETA: 0s - loss: 0.0594
12/12 [==============================] - 0s 36ms/step - loss: 0.0604
Epoch 111/300

 1/12 [=>............................] - ETA: 0s - loss: 0.0685
 3/12 [======>.......................] - ETA: 0s - loss: 0.0628
 5/12 [===========>..................] - ETA: 0s - loss: 0.0633
 7/12 [================>.............] - ETA: 0s - loss: 0.0657
 9/12 [=====================>........] - ETA: 0s - loss: 0.0664
11/12 [==========================>...] - ETA: 0s - loss: 0.0674
12/12 [==============================] - 0s 36ms/step - loss: 0.0669
Epoch 112/300

 1/12 [=>............................] - ETA: 0s - loss: 0.0615
 3/12 [======>.......................] - ETA: 0s - loss: 0.0666
 5/12 [===========>..................] - ETA: 0s - loss: 0.0700
 7/12 [================>.............] - ETA: 0s - loss: 0.0657
 9/12 [=====================>........] - ETA: 0s - loss: 0.0675
11/12 [==========================>...] - ETA: 0s - loss: 0.0641
12/12 [==============================] - 0s 36ms/step - loss: 0.0643
Epoch 113/300

 1/12 [=>............................] - ETA: 0s - loss: 0.0567
 3/12 [======>.......................] - ETA: 0s - loss: 0.0638
 5/12 [===========>..................] - ETA: 0s - loss: 0.0712
 7/12 [================>.............] - ETA: 0s - loss: 0.0707
 9/12 [=====================>........] - ETA: 0s - loss: 0.0687
11/12 [==========================>...] - ETA: 0s - loss: 0.0679
12/12 [==============================] - 0s 36ms/step - loss: 0.0676
Epoch 114/300

 1/12 [=>............................] - ETA: 0s - loss: 0.0699
 3/12 [======>.......................] - ETA: 0s - loss: 0.0622
 5/12 [===========>..................] - ETA: 0s - loss: 0.0634
 7/12 [================>.............] - ETA: 0s - loss: 0.0663
 9/12 [=====================>........] - ETA: 0s - loss: 0.0636
11/12 [==========================>...] - ETA: 0s - loss: 0.0625
12/12 [==============================] - 0s 36ms/step - loss: 0.0627
Epoch 115/300

 1/12 [=>............................] - ETA: 0s - loss: 0.0614
 3/12 [======>.......................] - ETA: 0s - loss: 0.0702
 5/12 [===========>..................] - ETA: 0s - loss: 0.0667
 7/12 [================>.............] - ETA: 0s - loss: 0.0632
 9/12 [=====================>........] - ETA: 0s - loss: 0.0630
10/12 [========================>.....] - ETA: 0s - loss: 0.0627
12/12 [==============================] - ETA: 0s - loss: 0.0622
12/12 [==============================] - 0s 36ms/step - loss: 0.0622
Epoch 116/300

 1/12 [=>............................] - ETA: 0s - loss: 0.0630
 3/12 [======>.......................] - ETA: 0s - loss: 0.0707
 5/12 [===========>..................] - ETA: 0s - loss: 0.0666
 7/12 [================>.............] - ETA: 0s - loss: 0.0662
 9/12 [=====================>........] - ETA: 0s - loss: 0.0660
11/12 [==========================>...] - ETA: 0s - loss: 0.0661
12/12 [==============================] - 0s 36ms/step - loss: 0.0665
Epoch 117/300

 1/12 [=>............................] - ETA: 0s - loss: 0.0617
 3/12 [======>.......................] - ETA: 0s - loss: 0.0658
 5/12 [===========>..................] - ETA: 0s - loss: 0.0592
 7/12 [================>.............] - ETA: 0s - loss: 0.0637
 8/12 [===================>..........] - ETA: 0s - loss: 0.0667
10/12 [========================>.....] - ETA: 0s - loss: 0.0653
12/12 [==============================] - ETA: 0s - loss: 0.0653
12/12 [==============================] - 0s 36ms/step - loss: 0.0653
Epoch 118/300

 1/12 [=>............................] - ETA: 0s - loss: 0.0814
 3/12 [======>.......................] - ETA: 0s - loss: 0.0841
 5/12 [===========>..................] - ETA: 0s - loss: 0.0781
 7/12 [================>.............] - ETA: 0s - loss: 0.0746
 9/12 [=====================>........] - ETA: 0s - loss: 0.0730
11/12 [==========================>...] - ETA: 0s - loss: 0.0728
12/12 [==============================] - 0s 36ms/step - loss: 0.0731
Epoch 119/300

 1/12 [=>............................] - ETA: 0s - loss: 0.0680
 3/12 [======>.......................] - ETA: 0s - loss: 0.0640
 5/12 [===========>..................] - ETA: 0s - loss: 0.0702
 7/12 [================>.............] - ETA: 0s - loss: 0.0668
 9/12 [=====================>........] - ETA: 0s - loss: 0.0647
11/12 [==========================>...] - ETA: 0s - loss: 0.0628
12/12 [==============================] - 0s 37ms/step - loss: 0.0642
Epoch 119: early stopping

 1/12 [=>............................] - ETA: 7s
 9/12 [=====================>........] - ETA: 0s
12/12 [==============================] - 1s 8ms/step
  params for conformer: lr=0.0001, batch_size=64
[Conformer] Fold 2/3 学習開始
Epoch 1/300

 1/12 [=>............................] - ETA: 1:06 - loss: 0.4701
 3/12 [======>.......................] - ETA: 0s - loss: 0.3780  
 5/12 [===========>..................] - ETA: 0s - loss: 0.3704
 7/12 [================>.............] - ETA: 0s - loss: 0.3603
 9/12 [=====================>........] - ETA: 0s - loss: 0.3420
11/12 [==========================>...] - ETA: 0s - loss: 0.3380
12/12 [==============================] - 6s 36ms/step - loss: 0.3387
Epoch 2/300

 1/12 [=>............................] - ETA: 0s - loss: 0.2093
 3/12 [======>.......................] - ETA: 0s - loss: 0.3124
 4/12 [=========>....................] - ETA: 0s - loss: 0.3132
 6/12 [==============>...............] - ETA: 0s - loss: 0.3033
 8/12 [===================>..........] - ETA: 0s - loss: 0.3044
10/12 [========================>.....] - ETA: 0s - loss: 0.2995
12/12 [==============================] - ETA: 0s - loss: 0.2983
12/12 [==============================] - 0s 36ms/step - loss: 0.2983
Epoch 3/300

 1/12 [=>............................] - ETA: 0s - loss: 0.3456
 3/12 [======>.......................] - ETA: 0s - loss: 0.2927
 5/12 [===========>..................] - ETA: 0s - loss: 0.2758
 7/12 [================>.............] - ETA: 0s - loss: 0.2715
 9/12 [=====================>........] - ETA: 0s - loss: 0.2696
11/12 [==========================>...] - ETA: 0s - loss: 0.2765
12/12 [==============================] - 0s 36ms/step - loss: 0.2806
Epoch 4/300

 1/12 [=>............................] - ETA: 0s - loss: 0.1807
 3/12 [======>.......................] - ETA: 0s - loss: 0.2243
 5/12 [===========>..................] - ETA: 0s - loss: 0.2638
 7/12 [================>.............] - ETA: 0s - loss: 0.2497
 9/12 [=====================>........] - ETA: 0s - loss: 0.2505
11/12 [==========================>...] - ETA: 0s - loss: 0.2503
12/12 [==============================] - 0s 36ms/step - loss: 0.2500
Epoch 5/300

 1/12 [=>............................] - ETA: 0s - loss: 0.2312
 3/12 [======>.......................] - ETA: 0s - loss: 0.2422
 5/12 [===========>..................] - ETA: 0s - loss: 0.2563
 7/12 [================>.............] - ETA: 0s - loss: 0.2545
 9/12 [=====================>........] - ETA: 0s - loss: 0.2481
11/12 [==========================>...] - ETA: 0s - loss: 0.2425
12/12 [==============================] - 0s 36ms/step - loss: 0.2412
Epoch 6/300

 1/12 [=>............................] - ETA: 0s - loss: 0.2480
 3/12 [======>.......................] - ETA: 0s - loss: 0.2289
 5/12 [===========>..................] - ETA: 0s - loss: 0.2261
 7/12 [================>.............] - ETA: 0s - loss: 0.2201
 9/12 [=====================>........] - ETA: 0s - loss: 0.2203
11/12 [==========================>...] - ETA: 0s - loss: 0.2226
12/12 [==============================] - 0s 36ms/step - loss: 0.2232
Epoch 7/300

 1/12 [=>............................] - ETA: 0s - loss: 0.1757
 2/12 [====>.........................] - ETA: 0s - loss: 0.1706
 4/12 [=========>....................] - ETA: 0s - loss: 0.2091
 6/12 [==============>...............] - ETA: 0s - loss: 0.2183
 8/12 [===================>..........] - ETA: 0s - loss: 0.2246
10/12 [========================>.....] - ETA: 0s - loss: 0.2288
12/12 [==============================] - ETA: 0s - loss: 0.2287
12/12 [==============================] - 0s 38ms/step - loss: 0.2287
Epoch 8/300

 1/12 [=>............................] - ETA: 0s - loss: 0.2298
 3/12 [======>.......................] - ETA: 0s - loss: 0.2117
 5/12 [===========>..................] - ETA: 0s - loss: 0.1970
 7/12 [================>.............] - ETA: 0s - loss: 0.1986
 9/12 [=====================>........] - ETA: 0s - loss: 0.2025
11/12 [==========================>...] - ETA: 0s - loss: 0.1994
12/12 [==============================] - 0s 35ms/step - loss: 0.1996
Epoch 9/300

 1/12 [=>............................] - ETA: 0s - loss: 0.2120
 3/12 [======>.......................] - ETA: 0s - loss: 0.2058
 5/12 [===========>..................] - ETA: 0s - loss: 0.1939
 7/12 [================>.............] - ETA: 0s - loss: 0.1869
 9/12 [=====================>........] - ETA: 0s - loss: 0.1902
11/12 [==========================>...] - ETA: 0s - loss: 0.1894
12/12 [==============================] - 0s 36ms/step - loss: 0.1883
Epoch 10/300

 1/12 [=>............................] - ETA: 0s - loss: 0.1761
 3/12 [======>.......................] - ETA: 0s - loss: 0.1906
 5/12 [===========>..................] - ETA: 0s - loss: 0.1865
 7/12 [================>.............] - ETA: 0s - loss: 0.1870
 9/12 [=====================>........] - ETA: 0s - loss: 0.1929
10/12 [========================>.....] - ETA: 0s - loss: 0.1893
12/12 [==============================] - ETA: 0s - loss: 0.1884
12/12 [==============================] - 0s 36ms/step - loss: 0.1884
Epoch 11/300

 1/12 [=>............................] - ETA: 0s - loss: 0.1649
 3/12 [======>.......................] - ETA: 0s - loss: 0.1671
 5/12 [===========>..................] - ETA: 0s - loss: 0.1819
 7/12 [================>.............] - ETA: 0s - loss: 0.1738
 9/12 [=====================>........] - ETA: 0s - loss: 0.1758
11/12 [==========================>...] - ETA: 0s - loss: 0.1784
12/12 [==============================] - 0s 35ms/step - loss: 0.1793
Epoch 12/300

 1/12 [=>............................] - ETA: 0s - loss: 0.2129
 3/12 [======>.......................] - ETA: 0s - loss: 0.1702
 5/12 [===========>..................] - ETA: 0s - loss: 0.1696
 7/12 [================>.............] - ETA: 0s - loss: 0.1683
 9/12 [=====================>........] - ETA: 0s - loss: 0.1761
11/12 [==========================>...] - ETA: 0s - loss: 0.1766
12/12 [==============================] - 0s 35ms/step - loss: 0.1759
Epoch 13/300

 1/12 [=>............................] - ETA: 0s - loss: 0.1677
 3/12 [======>.......................] - ETA: 0s - loss: 0.1627
 5/12 [===========>..................] - ETA: 0s - loss: 0.1656
 7/12 [================>.............] - ETA: 0s - loss: 0.1596
 9/12 [=====================>........] - ETA: 0s - loss: 0.1578
11/12 [==========================>...] - ETA: 0s - loss: 0.1550
12/12 [==============================] - 0s 36ms/step - loss: 0.1540
Epoch 14/300

 1/12 [=>............................] - ETA: 0s - loss: 0.1625
 3/12 [======>.......................] - ETA: 0s - loss: 0.1776
 5/12 [===========>..................] - ETA: 0s - loss: 0.1721
 7/12 [================>.............] - ETA: 0s - loss: 0.1727
 9/12 [=====================>........] - ETA: 0s - loss: 0.1660
11/12 [==========================>...] - ETA: 0s - loss: 0.1639
12/12 [==============================] - 0s 36ms/step - loss: 0.1633
Epoch 15/300

 1/12 [=>............................] - ETA: 0s - loss: 0.1857
 3/12 [======>.......................] - ETA: 0s - loss: 0.1709
 5/12 [===========>..................] - ETA: 0s - loss: 0.1562
 7/12 [================>.............] - ETA: 0s - loss: 0.1450
 9/12 [=====================>........] - ETA: 0s - loss: 0.1408
11/12 [==========================>...] - ETA: 0s - loss: 0.1497
12/12 [==============================] - 0s 37ms/step - loss: 0.1514
Epoch 16/300

 1/12 [=>............................] - ETA: 0s - loss: 0.1473
 3/12 [======>.......................] - ETA: 0s - loss: 0.1558
 5/12 [===========>..................] - ETA: 0s - loss: 0.1433
 7/12 [================>.............] - ETA: 0s - loss: 0.1475
 9/12 [=====================>........] - ETA: 0s - loss: 0.1509
11/12 [==========================>...] - ETA: 0s - loss: 0.1505
12/12 [==============================] - 0s 36ms/step - loss: 0.1506
Epoch 17/300

 1/12 [=>............................] - ETA: 0s - loss: 0.1585
 3/12 [======>.......................] - ETA: 0s - loss: 0.1467
 5/12 [===========>..................] - ETA: 0s - loss: 0.1428
 7/12 [================>.............] - ETA: 0s - loss: 0.1426
 9/12 [=====================>........] - ETA: 0s - loss: 0.1423
11/12 [==========================>...] - ETA: 0s - loss: 0.1418
12/12 [==============================] - 0s 36ms/step - loss: 0.1420
Epoch 18/300

 1/12 [=>............................] - ETA: 0s - loss: 0.1908
 3/12 [======>.......................] - ETA: 0s - loss: 0.1577
 5/12 [===========>..................] - ETA: 0s - loss: 0.1619
 7/12 [================>.............] - ETA: 0s - loss: 0.1545
 9/12 [=====================>........] - ETA: 0s - loss: 0.1496
11/12 [==========================>...] - ETA: 0s - loss: 0.1416
12/12 [==============================] - 0s 35ms/step - loss: 0.1408
Epoch 19/300

 1/12 [=>............................] - ETA: 0s - loss: 0.1416
 2/12 [====>.........................] - ETA: 0s - loss: 0.1456
 4/12 [=========>....................] - ETA: 0s - loss: 0.1555
 6/12 [==============>...............] - ETA: 0s - loss: 0.1552
 8/12 [===================>..........] - ETA: 0s - loss: 0.1463
10/12 [========================>.....] - ETA: 0s - loss: 0.1413
12/12 [==============================] - ETA: 0s - loss: 0.1386
12/12 [==============================] - 0s 38ms/step - loss: 0.1386
Epoch 20/300

 1/12 [=>............................] - ETA: 0s - loss: 0.1616
 3/12 [======>.......................] - ETA: 0s - loss: 0.1424
 5/12 [===========>..................] - ETA: 0s - loss: 0.1422
 7/12 [================>.............] - ETA: 0s - loss: 0.1398
 9/12 [=====================>........] - ETA: 0s - loss: 0.1389
11/12 [==========================>...] - ETA: 0s - loss: 0.1386
12/12 [==============================] - 0s 36ms/step - loss: 0.1373
Epoch 21/300

 1/12 [=>............................] - ETA: 0s - loss: 0.1265
 3/12 [======>.......................] - ETA: 0s - loss: 0.1374
 5/12 [===========>..................] - ETA: 0s - loss: 0.1406
 7/12 [================>.............] - ETA: 0s - loss: 0.1484
 9/12 [=====================>........] - ETA: 0s - loss: 0.1499
10/12 [========================>.....] - ETA: 0s - loss: 0.1496
12/12 [==============================] - ETA: 0s - loss: 0.1477
12/12 [==============================] - 0s 38ms/step - loss: 0.1477
Epoch 22/300

 1/12 [=>............................] - ETA: 0s - loss: 0.0955
 3/12 [======>.......................] - ETA: 0s - loss: 0.1087
 5/12 [===========>..................] - ETA: 0s - loss: 0.1179
 7/12 [================>.............] - ETA: 0s - loss: 0.1190
 9/12 [=====================>........] - ETA: 0s - loss: 0.1214
11/12 [==========================>...] - ETA: 0s - loss: 0.1251
12/12 [==============================] - 0s 36ms/step - loss: 0.1246
Epoch 23/300

 1/12 [=>............................] - ETA: 0s - loss: 0.1373
 3/12 [======>.......................] - ETA: 0s - loss: 0.1218
 5/12 [===========>..................] - ETA: 0s - loss: 0.1201
 7/12 [================>.............] - ETA: 0s - loss: 0.1291
 9/12 [=====================>........] - ETA: 0s - loss: 0.1304
11/12 [==========================>...] - ETA: 0s - loss: 0.1325
12/12 [==============================] - 0s 36ms/step - loss: 0.1328
Epoch 24/300

 1/12 [=>............................] - ETA: 0s - loss: 0.1115
 3/12 [======>.......................] - ETA: 0s - loss: 0.1390
 5/12 [===========>..................] - ETA: 0s - loss: 0.1430
 7/12 [================>.............] - ETA: 0s - loss: 0.1408
 9/12 [=====================>........] - ETA: 0s - loss: 0.1356
11/12 [==========================>...] - ETA: 0s - loss: 0.1329
12/12 [==============================] - 0s 36ms/step - loss: 0.1325
Epoch 25/300

 1/12 [=>............................] - ETA: 0s - loss: 0.1431
 3/12 [======>.......................] - ETA: 0s - loss: 0.1331
 5/12 [===========>..................] - ETA: 0s - loss: 0.1257
 7/12 [================>.............] - ETA: 0s - loss: 0.1228
 9/12 [=====================>........] - ETA: 0s - loss: 0.1187
11/12 [==========================>...] - ETA: 0s - loss: 0.1193
12/12 [==============================] - 0s 36ms/step - loss: 0.1204
Epoch 26/300

 1/12 [=>............................] - ETA: 0s - loss: 0.1089
 3/12 [======>.......................] - ETA: 0s - loss: 0.1270
 5/12 [===========>..................] - ETA: 0s - loss: 0.1330
 7/12 [================>.............] - ETA: 0s - loss: 0.1266
 9/12 [=====================>........] - ETA: 0s - loss: 0.1291
11/12 [==========================>...] - ETA: 0s - loss: 0.1249
12/12 [==============================] - 0s 36ms/step - loss: 0.1239
Epoch 27/300

 1/12 [=>............................] - ETA: 0s - loss: 0.0860
 3/12 [======>.......................] - ETA: 0s - loss: 0.0986
 5/12 [===========>..................] - ETA: 0s - loss: 0.0942
 7/12 [================>.............] - ETA: 0s - loss: 0.1076
 9/12 [=====================>........] - ETA: 0s - loss: 0.1130
11/12 [==========================>...] - ETA: 0s - loss: 0.1142
12/12 [==============================] - 0s 36ms/step - loss: 0.1137
Epoch 28/300

 1/12 [=>............................] - ETA: 0s - loss: 0.1262
 3/12 [======>.......................] - ETA: 0s - loss: 0.1278
 5/12 [===========>..................] - ETA: 0s - loss: 0.1160
 7/12 [================>.............] - ETA: 0s - loss: 0.1135
 9/12 [=====================>........] - ETA: 0s - loss: 0.1183
11/12 [==========================>...] - ETA: 0s - loss: 0.1164
12/12 [==============================] - 0s 38ms/step - loss: 0.1165
Epoch 29/300

 1/12 [=>............................] - ETA: 0s - loss: 0.0962
 3/12 [======>.......................] - ETA: 0s - loss: 0.1186
 5/12 [===========>..................] - ETA: 0s - loss: 0.1254
 7/12 [================>.............] - ETA: 0s - loss: 0.1191
 9/12 [=====================>........] - ETA: 0s - loss: 0.1154
11/12 [==========================>...] - ETA: 0s - loss: 0.1156
12/12 [==============================] - 0s 39ms/step - loss: 0.1158
Epoch 30/300

 1/12 [=>............................] - ETA: 0s - loss: 0.1459
 3/12 [======>.......................] - ETA: 0s - loss: 0.1490
 5/12 [===========>..................] - ETA: 0s - loss: 0.1417
 7/12 [================>.............] - ETA: 0s - loss: 0.1395
 9/12 [=====================>........] - ETA: 0s - loss: 0.1394
11/12 [==========================>...] - ETA: 0s - loss: 0.1348
12/12 [==============================] - 0s 37ms/step - loss: 0.1357
Epoch 31/300

 1/12 [=>............................] - ETA: 0s - loss: 0.1453
 3/12 [======>.......................] - ETA: 0s - loss: 0.1165
 5/12 [===========>..................] - ETA: 0s - loss: 0.1095
 7/12 [================>.............] - ETA: 0s - loss: 0.1150
 9/12 [=====================>........] - ETA: 0s - loss: 0.1144
11/12 [==========================>...] - ETA: 0s - loss: 0.1130
12/12 [==============================] - 0s 36ms/step - loss: 0.1119
Epoch 32/300

 1/12 [=>............................] - ETA: 0s - loss: 0.1249
 3/12 [======>.......................] - ETA: 0s - loss: 0.1203
 5/12 [===========>..................] - ETA: 0s - loss: 0.1137
 7/12 [================>.............] - ETA: 0s - loss: 0.1078
 9/12 [=====================>........] - ETA: 0s - loss: 0.1086
11/12 [==========================>...] - ETA: 0s - loss: 0.1159
12/12 [==============================] - 0s 36ms/step - loss: 0.1162
Epoch 33/300

 1/12 [=>............................] - ETA: 0s - loss: 0.1001
 3/12 [======>.......................] - ETA: 0s - loss: 0.0872
 5/12 [===========>..................] - ETA: 0s - loss: 0.1028
 7/12 [================>.............] - ETA: 0s - loss: 0.1043
 9/12 [=====================>........] - ETA: 0s - loss: 0.1026
11/12 [==========================>...] - ETA: 0s - loss: 0.1067
12/12 [==============================] - 0s 36ms/step - loss: 0.1060
Epoch 34/300

 1/12 [=>............................] - ETA: 0s - loss: 0.0924
 3/12 [======>.......................] - ETA: 0s - loss: 0.1030
 5/12 [===========>..................] - ETA: 0s - loss: 0.1089
 7/12 [================>.............] - ETA: 0s - loss: 0.1050
 9/12 [=====================>........] - ETA: 0s - loss: 0.1084
11/12 [==========================>...] - ETA: 0s - loss: 0.1072
12/12 [==============================] - 0s 36ms/step - loss: 0.1072
Epoch 35/300

 1/12 [=>............................] - ETA: 0s - loss: 0.1013
 3/12 [======>.......................] - ETA: 0s - loss: 0.1166
 5/12 [===========>..................] - ETA: 0s - loss: 0.1117
 7/12 [================>.............] - ETA: 0s - loss: 0.1049
 9/12 [=====================>........] - ETA: 0s - loss: 0.1038
11/12 [==========================>...] - ETA: 0s - loss: 0.1094
12/12 [==============================] - 0s 36ms/step - loss: 0.1092
Epoch 36/300

 1/12 [=>............................] - ETA: 0s - loss: 0.0780
 3/12 [======>.......................] - ETA: 0s - loss: 0.1072
 5/12 [===========>..................] - ETA: 0s - loss: 0.1041
 7/12 [================>.............] - ETA: 0s - loss: 0.1028
 9/12 [=====================>........] - ETA: 0s - loss: 0.1080
11/12 [==========================>...] - ETA: 0s - loss: 0.1060
12/12 [==============================] - 0s 36ms/step - loss: 0.1055
Epoch 37/300

 1/12 [=>............................] - ETA: 0s - loss: 0.0806
 3/12 [======>.......................] - ETA: 0s - loss: 0.0941
 5/12 [===========>..................] - ETA: 0s - loss: 0.0988
 7/12 [================>.............] - ETA: 0s - loss: 0.0982
 9/12 [=====================>........] - ETA: 0s - loss: 0.0988
11/12 [==========================>...] - ETA: 0s - loss: 0.0983
12/12 [==============================] - 0s 36ms/step - loss: 0.0977
Epoch 38/300

 1/12 [=>............................] - ETA: 0s - loss: 0.0877
 3/12 [======>.......................] - ETA: 0s - loss: 0.1195
 5/12 [===========>..................] - ETA: 0s - loss: 0.1074
 7/12 [================>.............] - ETA: 0s - loss: 0.1096
 9/12 [=====================>........] - ETA: 0s - loss: 0.1061
11/12 [==========================>...] - ETA: 0s - loss: 0.1018
12/12 [==============================] - 0s 36ms/step - loss: 0.1033
Epoch 39/300

 1/12 [=>............................] - ETA: 0s - loss: 0.1063
 3/12 [======>.......................] - ETA: 0s - loss: 0.1099
 5/12 [===========>..................] - ETA: 0s - loss: 0.1137
 7/12 [================>.............] - ETA: 0s - loss: 0.1118
 9/12 [=====================>........] - ETA: 0s - loss: 0.1086
10/12 [========================>.....] - ETA: 0s - loss: 0.1061
12/12 [==============================] - ETA: 0s - loss: 0.1053
12/12 [==============================] - 0s 37ms/step - loss: 0.1053
Epoch 40/300

 1/12 [=>............................] - ETA: 0s - loss: 0.1060
 3/12 [======>.......................] - ETA: 0s - loss: 0.0886
 5/12 [===========>..................] - ETA: 0s - loss: 0.1037
 7/12 [================>.............] - ETA: 0s - loss: 0.1108
 9/12 [=====================>........] - ETA: 0s - loss: 0.1075
11/12 [==========================>...] - ETA: 0s - loss: 0.1066
12/12 [==============================] - 0s 36ms/step - loss: 0.1064
Epoch 41/300

 1/12 [=>............................] - ETA: 0s - loss: 0.1143
 3/12 [======>.......................] - ETA: 0s - loss: 0.1073
 5/12 [===========>..................] - ETA: 0s - loss: 0.1030
 7/12 [================>.............] - ETA: 0s - loss: 0.0972
 9/12 [=====================>........] - ETA: 0s - loss: 0.0971
11/12 [==========================>...] - ETA: 0s - loss: 0.0955
12/12 [==============================] - 0s 35ms/step - loss: 0.0977
Epoch 42/300

 1/12 [=>............................] - ETA: 0s - loss: 0.1214
 3/12 [======>.......................] - ETA: 0s - loss: 0.1127
 5/12 [===========>..................] - ETA: 0s - loss: 0.1016
 7/12 [================>.............] - ETA: 0s - loss: 0.0985
 9/12 [=====================>........] - ETA: 0s - loss: 0.0980
11/12 [==========================>...] - ETA: 0s - loss: 0.0956
12/12 [==============================] - 0s 36ms/step - loss: 0.0951
Epoch 43/300

 1/12 [=>............................] - ETA: 0s - loss: 0.0754
 3/12 [======>.......................] - ETA: 0s - loss: 0.0978
 5/12 [===========>..................] - ETA: 0s - loss: 0.0999
 7/12 [================>.............] - ETA: 0s - loss: 0.1019
 9/12 [=====================>........] - ETA: 0s - loss: 0.1057
11/12 [==========================>...] - ETA: 0s - loss: 0.1046
12/12 [==============================] - 0s 36ms/step - loss: 0.1043
Epoch 44/300

 1/12 [=>............................] - ETA: 0s - loss: 0.0997
 3/12 [======>.......................] - ETA: 0s - loss: 0.0985
 5/12 [===========>..................] - ETA: 0s - loss: 0.0981
 6/12 [==============>...............] - ETA: 0s - loss: 0.0946
 8/12 [===================>..........] - ETA: 0s - loss: 0.0947
10/12 [========================>.....] - ETA: 0s - loss: 0.0948
12/12 [==============================] - ETA: 0s - loss: 0.0932
12/12 [==============================] - 0s 35ms/step - loss: 0.0932
Epoch 45/300

 1/12 [=>............................] - ETA: 0s - loss: 0.0967
 3/12 [======>.......................] - ETA: 0s - loss: 0.1021
 5/12 [===========>..................] - ETA: 0s - loss: 0.1003
 7/12 [================>.............] - ETA: 0s - loss: 0.1027
 9/12 [=====================>........] - ETA: 0s - loss: 0.1020
11/12 [==========================>...] - ETA: 0s - loss: 0.1062
12/12 [==============================] - 0s 35ms/step - loss: 0.1081
Epoch 46/300

 1/12 [=>............................] - ETA: 0s - loss: 0.0935
 3/12 [======>.......................] - ETA: 0s - loss: 0.1081
 5/12 [===========>..................] - ETA: 0s - loss: 0.1147
 7/12 [================>.............] - ETA: 0s - loss: 0.1174
 9/12 [=====================>........] - ETA: 0s - loss: 0.1121
10/12 [========================>.....] - ETA: 0s - loss: 0.1088
12/12 [==============================] - ETA: 0s - loss: 0.1061
12/12 [==============================] - 0s 37ms/step - loss: 0.1061
Epoch 47/300

 1/12 [=>............................] - ETA: 0s - loss: 0.0875
 3/12 [======>.......................] - ETA: 0s - loss: 0.0911
 5/12 [===========>..................] - ETA: 0s - loss: 0.0954
 7/12 [================>.............] - ETA: 0s - loss: 0.0958
 9/12 [=====================>........] - ETA: 0s - loss: 0.0935
11/12 [==========================>...] - ETA: 0s - loss: 0.0950
12/12 [==============================] - 0s 35ms/step - loss: 0.0959
Epoch 48/300

 1/12 [=>............................] - ETA: 0s - loss: 0.0770
 3/12 [======>.......................] - ETA: 0s - loss: 0.1002
 5/12 [===========>..................] - ETA: 0s - loss: 0.1006
 7/12 [================>.............] - ETA: 0s - loss: 0.1000
 9/12 [=====================>........] - ETA: 0s - loss: 0.0984
11/12 [==========================>...] - ETA: 0s - loss: 0.0959
12/12 [==============================] - 0s 36ms/step - loss: 0.0954
Epoch 49/300

 1/12 [=>............................] - ETA: 0s - loss: 0.0860
 3/12 [======>.......................] - ETA: 0s - loss: 0.0962
 5/12 [===========>..................] - ETA: 0s - loss: 0.0947
 7/12 [================>.............] - ETA: 0s - loss: 0.0971
 9/12 [=====================>........] - ETA: 0s - loss: 0.0978
11/12 [==========================>...] - ETA: 0s - loss: 0.0973
12/12 [==============================] - 0s 36ms/step - loss: 0.0976
Epoch 50/300

 1/12 [=>............................] - ETA: 0s - loss: 0.0966
 3/12 [======>.......................] - ETA: 0s - loss: 0.0871
 5/12 [===========>..................] - ETA: 0s - loss: 0.0932
 7/12 [================>.............] - ETA: 0s - loss: 0.0912
 9/12 [=====================>........] - ETA: 0s - loss: 0.0931
11/12 [==========================>...] - ETA: 0s - loss: 0.0940
12/12 [==============================] - 0s 36ms/step - loss: 0.0936
Epoch 51/300

 1/12 [=>............................] - ETA: 0s - loss: 0.0863
 3/12 [======>.......................] - ETA: 0s - loss: 0.0873
 5/12 [===========>..................] - ETA: 0s - loss: 0.0885
 7/12 [================>.............] - ETA: 0s - loss: 0.0832
 9/12 [=====================>........] - ETA: 0s - loss: 0.0837
11/12 [==========================>...] - ETA: 0s - loss: 0.0859
12/12 [==============================] - 0s 35ms/step - loss: 0.0856
Epoch 52/300

 1/12 [=>............................] - ETA: 0s - loss: 0.1040
 3/12 [======>.......................] - ETA: 0s - loss: 0.0894
 5/12 [===========>..................] - ETA: 0s - loss: 0.0848
 7/12 [================>.............] - ETA: 0s - loss: 0.0916
 9/12 [=====================>........] - ETA: 0s - loss: 0.0944
11/12 [==========================>...] - ETA: 0s - loss: 0.0941
12/12 [==============================] - 0s 35ms/step - loss: 0.0939
Epoch 53/300

 1/12 [=>............................] - ETA: 0s - loss: 0.0987
 3/12 [======>.......................] - ETA: 0s - loss: 0.0888
 5/12 [===========>..................] - ETA: 0s - loss: 0.0865
 7/12 [================>.............] - ETA: 0s - loss: 0.0890
 8/12 [===================>..........] - ETA: 0s - loss: 0.0899
10/12 [========================>.....] - ETA: 0s - loss: 0.0897
12/12 [==============================] - ETA: 0s - loss: 0.0916
12/12 [==============================] - 0s 36ms/step - loss: 0.0916
Epoch 54/300

 1/12 [=>............................] - ETA: 0s - loss: 0.0943
 3/12 [======>.......................] - ETA: 0s - loss: 0.0901
 5/12 [===========>..................] - ETA: 0s - loss: 0.0966
 7/12 [================>.............] - ETA: 0s - loss: 0.0989
 9/12 [=====================>........] - ETA: 0s - loss: 0.0954
11/12 [==========================>...] - ETA: 0s - loss: 0.0935
12/12 [==============================] - 0s 35ms/step - loss: 0.0935
Epoch 55/300

 1/12 [=>............................] - ETA: 0s - loss: 0.0966
 3/12 [======>.......................] - ETA: 0s - loss: 0.0925
 5/12 [===========>..................] - ETA: 0s - loss: 0.0947
 7/12 [================>.............] - ETA: 0s - loss: 0.0923
 9/12 [=====================>........] - ETA: 0s - loss: 0.0892
11/12 [==========================>...] - ETA: 0s - loss: 0.0891
12/12 [==============================] - 0s 36ms/step - loss: 0.0889
Epoch 56/300

 1/12 [=>............................] - ETA: 0s - loss: 0.0875
 3/12 [======>.......................] - ETA: 0s - loss: 0.0870
 5/12 [===========>..................] - ETA: 0s - loss: 0.0880
 7/12 [================>.............] - ETA: 0s - loss: 0.0885
 9/12 [=====================>........] - ETA: 0s - loss: 0.0898
11/12 [==========================>...] - ETA: 0s - loss: 0.0909
12/12 [==============================] - 0s 35ms/step - loss: 0.0904
Epoch 57/300

 1/12 [=>............................] - ETA: 0s - loss: 0.1069
 3/12 [======>.......................] - ETA: 0s - loss: 0.0858
 5/12 [===========>..................] - ETA: 0s - loss: 0.0841
 7/12 [================>.............] - ETA: 0s - loss: 0.0893
 9/12 [=====================>........] - ETA: 0s - loss: 0.0900
11/12 [==========================>...] - ETA: 0s - loss: 0.0864
12/12 [==============================] - 0s 35ms/step - loss: 0.0867
Epoch 58/300

 1/12 [=>............................] - ETA: 0s - loss: 0.0961
 3/12 [======>.......................] - ETA: 0s - loss: 0.0848
 5/12 [===========>..................] - ETA: 0s - loss: 0.0839
 7/12 [================>.............] - ETA: 0s - loss: 0.0794
 9/12 [=====================>........] - ETA: 0s - loss: 0.0801
11/12 [==========================>...] - ETA: 0s - loss: 0.0818
12/12 [==============================] - 0s 35ms/step - loss: 0.0809
Epoch 59/300

 1/12 [=>............................] - ETA: 0s - loss: 0.0834
 3/12 [======>.......................] - ETA: 0s - loss: 0.0813
 5/12 [===========>..................] - ETA: 0s - loss: 0.0808
 7/12 [================>.............] - ETA: 0s - loss: 0.0854
 9/12 [=====================>........] - ETA: 0s - loss: 0.0840
11/12 [==========================>...] - ETA: 0s - loss: 0.0872
12/12 [==============================] - 0s 36ms/step - loss: 0.0865
Epoch 60/300

 1/12 [=>............................] - ETA: 0s - loss: 0.0899
 3/12 [======>.......................] - ETA: 0s - loss: 0.0833
 5/12 [===========>..................] - ETA: 0s - loss: 0.0927
 7/12 [================>.............] - ETA: 0s - loss: 0.0883
 9/12 [=====================>........] - ETA: 0s - loss: 0.0907
11/12 [==========================>...] - ETA: 0s - loss: 0.0886
12/12 [==============================] - 0s 36ms/step - loss: 0.0897
Epoch 61/300

 1/12 [=>............................] - ETA: 0s - loss: 0.0773
 3/12 [======>.......................] - ETA: 0s - loss: 0.0999
 5/12 [===========>..................] - ETA: 0s - loss: 0.0946
 7/12 [================>.............] - ETA: 0s - loss: 0.0921
 9/12 [=====================>........] - ETA: 0s - loss: 0.0901
11/12 [==========================>...] - ETA: 0s - loss: 0.0930
12/12 [==============================] - 0s 35ms/step - loss: 0.0920
Epoch 62/300

 1/12 [=>............................] - ETA: 0s - loss: 0.1022
 3/12 [======>.......................] - ETA: 0s - loss: 0.1054
 5/12 [===========>..................] - ETA: 0s - loss: 0.0910
 7/12 [================>.............] - ETA: 0s - loss: 0.0862
 9/12 [=====================>........] - ETA: 0s - loss: 0.0855
11/12 [==========================>...] - ETA: 0s - loss: 0.0862
12/12 [==============================] - 0s 35ms/step - loss: 0.0870
Epoch 63/300

 1/12 [=>............................] - ETA: 0s - loss: 0.0563
 3/12 [======>.......................] - ETA: 0s - loss: 0.0800
 5/12 [===========>..................] - ETA: 0s - loss: 0.0756
 7/12 [================>.............] - ETA: 0s - loss: 0.0823
 9/12 [=====================>........] - ETA: 0s - loss: 0.0813
11/12 [==========================>...] - ETA: 0s - loss: 0.0801
12/12 [==============================] - 0s 35ms/step - loss: 0.0809
Epoch 64/300

 1/12 [=>............................] - ETA: 0s - loss: 0.0791
 3/12 [======>.......................] - ETA: 0s - loss: 0.0865
 5/12 [===========>..................] - ETA: 0s - loss: 0.0851
 7/12 [================>.............] - ETA: 0s - loss: 0.0854
 9/12 [=====================>........] - ETA: 0s - loss: 0.0869
11/12 [==========================>...] - ETA: 0s - loss: 0.0875
12/12 [==============================] - 0s 35ms/step - loss: 0.0880
Epoch 65/300

 1/12 [=>............................] - ETA: 0s - loss: 0.0747
 3/12 [======>.......................] - ETA: 0s - loss: 0.0733
 5/12 [===========>..................] - ETA: 0s - loss: 0.0818
 7/12 [================>.............] - ETA: 0s - loss: 0.0859
 9/12 [=====================>........] - ETA: 0s - loss: 0.0897
11/12 [==========================>...] - ETA: 0s - loss: 0.0919
12/12 [==============================] - 0s 36ms/step - loss: 0.0925
Epoch 66/300

 1/12 [=>............................] - ETA: 0s - loss: 0.0727
 3/12 [======>.......................] - ETA: 0s - loss: 0.0780
 5/12 [===========>..................] - ETA: 0s - loss: 0.0771
 7/12 [================>.............] - ETA: 0s - loss: 0.0798
 9/12 [=====================>........] - ETA: 0s - loss: 0.0753
10/12 [========================>.....] - ETA: 0s - loss: 0.0755
12/12 [==============================] - ETA: 0s - loss: 0.0769
12/12 [==============================] - 0s 38ms/step - loss: 0.0769
Epoch 67/300

 1/12 [=>............................] - ETA: 0s - loss: 0.1046
 3/12 [======>.......................] - ETA: 0s - loss: 0.0943
 5/12 [===========>..................] - ETA: 0s - loss: 0.0997
 7/12 [================>.............] - ETA: 0s - loss: 0.0962
 9/12 [=====================>........] - ETA: 0s - loss: 0.0936
11/12 [==========================>...] - ETA: 0s - loss: 0.0901
12/12 [==============================] - 0s 38ms/step - loss: 0.0893
Epoch 68/300

 1/12 [=>............................] - ETA: 0s - loss: 0.0759
 3/12 [======>.......................] - ETA: 0s - loss: 0.0860
 5/12 [===========>..................] - ETA: 0s - loss: 0.0838
 7/12 [================>.............] - ETA: 0s - loss: 0.0833
 9/12 [=====================>........] - ETA: 0s - loss: 0.0819
11/12 [==========================>...] - ETA: 0s - loss: 0.0812
12/12 [==============================] - 0s 38ms/step - loss: 0.0814
Epoch 69/300

 1/12 [=>............................] - ETA: 0s - loss: 0.0836
 3/12 [======>.......................] - ETA: 0s - loss: 0.0821
 5/12 [===========>..................] - ETA: 0s - loss: 0.0843
 7/12 [================>.............] - ETA: 0s - loss: 0.0829
 9/12 [=====================>........] - ETA: 0s - loss: 0.0822
11/12 [==========================>...] - ETA: 0s - loss: 0.0837
12/12 [==============================] - 0s 36ms/step - loss: 0.0834
Epoch 70/300

 1/12 [=>............................] - ETA: 0s - loss: 0.0748
 3/12 [======>.......................] - ETA: 0s - loss: 0.0687
 5/12 [===========>..................] - ETA: 0s - loss: 0.0741
 7/12 [================>.............] - ETA: 0s - loss: 0.0766
 9/12 [=====================>........] - ETA: 0s - loss: 0.0782
11/12 [==========================>...] - ETA: 0s - loss: 0.0792
12/12 [==============================] - 0s 36ms/step - loss: 0.0785
Epoch 71/300

 1/12 [=>............................] - ETA: 0s - loss: 0.1011
 3/12 [======>.......................] - ETA: 0s - loss: 0.0876
 5/12 [===========>..................] - ETA: 0s - loss: 0.0824
 7/12 [================>.............] - ETA: 0s - loss: 0.0825
 9/12 [=====================>........] - ETA: 0s - loss: 0.0821
11/12 [==========================>...] - ETA: 0s - loss: 0.0811
12/12 [==============================] - 0s 36ms/step - loss: 0.0804
Epoch 72/300

 1/12 [=>............................] - ETA: 0s - loss: 0.0648
 3/12 [======>.......................] - ETA: 0s - loss: 0.0868
 5/12 [===========>..................] - ETA: 0s - loss: 0.0891
 7/12 [================>.............] - ETA: 0s - loss: 0.0862
 9/12 [=====================>........] - ETA: 0s - loss: 0.0846
11/12 [==========================>...] - ETA: 0s - loss: 0.0827
12/12 [==============================] - 0s 36ms/step - loss: 0.0827
Epoch 73/300

 1/12 [=>............................] - ETA: 0s - loss: 0.0618
 3/12 [======>.......................] - ETA: 0s - loss: 0.0652
 5/12 [===========>..................] - ETA: 0s - loss: 0.0743
 7/12 [================>.............] - ETA: 0s - loss: 0.0754
 9/12 [=====================>........] - ETA: 0s - loss: 0.0763
11/12 [==========================>...] - ETA: 0s - loss: 0.0776
12/12 [==============================] - 0s 36ms/step - loss: 0.0772
Epoch 74/300

 1/12 [=>............................] - ETA: 0s - loss: 0.0921
 3/12 [======>.......................] - ETA: 0s - loss: 0.0836
 5/12 [===========>..................] - ETA: 0s - loss: 0.0776
 7/12 [================>.............] - ETA: 0s - loss: 0.0794
 9/12 [=====================>........] - ETA: 0s - loss: 0.0780
11/12 [==========================>...] - ETA: 0s - loss: 0.0748
12/12 [==============================] - 0s 35ms/step - loss: 0.0753
Epoch 75/300

 1/12 [=>............................] - ETA: 0s - loss: 0.0839
 3/12 [======>.......................] - ETA: 0s - loss: 0.0729
 5/12 [===========>..................] - ETA: 0s - loss: 0.0756
 7/12 [================>.............] - ETA: 0s - loss: 0.0771
 9/12 [=====================>........] - ETA: 0s - loss: 0.0802
11/12 [==========================>...] - ETA: 0s - loss: 0.0842
12/12 [==============================] - 0s 35ms/step - loss: 0.0836
Epoch 76/300

 1/12 [=>............................] - ETA: 0s - loss: 0.0518
 3/12 [======>.......................] - ETA: 0s - loss: 0.0677
 5/12 [===========>..................] - ETA: 0s - loss: 0.0751
 7/12 [================>.............] - ETA: 0s - loss: 0.0774
 9/12 [=====================>........] - ETA: 0s - loss: 0.0766
10/12 [========================>.....] - ETA: 0s - loss: 0.0748
12/12 [==============================] - ETA: 0s - loss: 0.0750
12/12 [==============================] - 0s 36ms/step - loss: 0.0750
Epoch 77/300

 1/12 [=>............................] - ETA: 0s - loss: 0.0814
 3/12 [======>.......................] - ETA: 0s - loss: 0.0824
 5/12 [===========>..................] - ETA: 0s - loss: 0.0766
 7/12 [================>.............] - ETA: 0s - loss: 0.0775
 9/12 [=====================>........] - ETA: 0s - loss: 0.0754
11/12 [==========================>...] - ETA: 0s - loss: 0.0771
12/12 [==============================] - 0s 36ms/step - loss: 0.0769
Epoch 78/300

 1/12 [=>............................] - ETA: 0s - loss: 0.0667
 3/12 [======>.......................] - ETA: 0s - loss: 0.0738
 5/12 [===========>..................] - ETA: 0s - loss: 0.0788
 7/12 [================>.............] - ETA: 0s - loss: 0.0763
 9/12 [=====================>........] - ETA: 0s - loss: 0.0759
11/12 [==========================>...] - ETA: 0s - loss: 0.0766
12/12 [==============================] - 0s 36ms/step - loss: 0.0769
Epoch 79/300

 1/12 [=>............................] - ETA: 0s - loss: 0.0866
 3/12 [======>.......................] - ETA: 0s - loss: 0.0724
 5/12 [===========>..................] - ETA: 0s - loss: 0.0712
 7/12 [================>.............] - ETA: 0s - loss: 0.0721
 9/12 [=====================>........] - ETA: 0s - loss: 0.0711
11/12 [==========================>...] - ETA: 0s - loss: 0.0716
12/12 [==============================] - 0s 36ms/step - loss: 0.0713
Epoch 80/300

 1/12 [=>............................] - ETA: 0s - loss: 0.0881
 3/12 [======>.......................] - ETA: 0s - loss: 0.0890
 5/12 [===========>..................] - ETA: 0s - loss: 0.0876
 7/12 [================>.............] - ETA: 0s - loss: 0.0856
 9/12 [=====================>........] - ETA: 0s - loss: 0.0839
11/12 [==========================>...] - ETA: 0s - loss: 0.0811
12/12 [==============================] - 0s 38ms/step - loss: 0.0812
Epoch 81/300

 1/12 [=>............................] - ETA: 0s - loss: 0.0722
 3/12 [======>.......................] - ETA: 0s - loss: 0.0716
 4/12 [=========>....................] - ETA: 0s - loss: 0.0781
 6/12 [==============>...............] - ETA: 0s - loss: 0.0730
 8/12 [===================>..........] - ETA: 0s - loss: 0.0732
10/12 [========================>.....] - ETA: 0s - loss: 0.0749
12/12 [==============================] - ETA: 0s - loss: 0.0775
12/12 [==============================] - 0s 37ms/step - loss: 0.0775
Epoch 82/300

 1/12 [=>............................] - ETA: 0s - loss: 0.0600
 3/12 [======>.......................] - ETA: 0s - loss: 0.0734
 5/12 [===========>..................] - ETA: 0s - loss: 0.0750
 7/12 [================>.............] - ETA: 0s - loss: 0.0753
 9/12 [=====================>........] - ETA: 0s - loss: 0.0760
11/12 [==========================>...] - ETA: 0s - loss: 0.0756
12/12 [==============================] - 0s 35ms/step - loss: 0.0748
Epoch 83/300

 1/12 [=>............................] - ETA: 0s - loss: 0.0824
 3/12 [======>.......................] - ETA: 0s - loss: 0.0745
 5/12 [===========>..................] - ETA: 0s - loss: 0.0748
 7/12 [================>.............] - ETA: 0s - loss: 0.0727
 9/12 [=====================>........] - ETA: 0s - loss: 0.0700
11/12 [==========================>...] - ETA: 0s - loss: 0.0713
12/12 [==============================] - 0s 36ms/step - loss: 0.0718
Epoch 84/300

 1/12 [=>............................] - ETA: 0s - loss: 0.0726
 3/12 [======>.......................] - ETA: 0s - loss: 0.0812
 5/12 [===========>..................] - ETA: 0s - loss: 0.0804
 7/12 [================>.............] - ETA: 0s - loss: 0.0772
 9/12 [=====================>........] - ETA: 0s - loss: 0.0729
11/12 [==========================>...] - ETA: 0s - loss: 0.0727
12/12 [==============================] - 0s 36ms/step - loss: 0.0724
Epoch 85/300

 1/12 [=>............................] - ETA: 0s - loss: 0.0715
 3/12 [======>.......................] - ETA: 0s - loss: 0.0693
 5/12 [===========>..................] - ETA: 0s - loss: 0.0757
 7/12 [================>.............] - ETA: 0s - loss: 0.0773
 9/12 [=====================>........] - ETA: 0s - loss: 0.0778
11/12 [==========================>...] - ETA: 0s - loss: 0.0798
12/12 [==============================] - 0s 36ms/step - loss: 0.0790
Epoch 86/300

 1/12 [=>............................] - ETA: 0s - loss: 0.0750
 3/12 [======>.......................] - ETA: 0s - loss: 0.0898
 5/12 [===========>..................] - ETA: 0s - loss: 0.0888
 7/12 [================>.............] - ETA: 0s - loss: 0.0813
 9/12 [=====================>........] - ETA: 0s - loss: 0.0833
11/12 [==========================>...] - ETA: 0s - loss: 0.0792
12/12 [==============================] - 0s 37ms/step - loss: 0.0789
Epoch 87/300

 1/12 [=>............................] - ETA: 0s - loss: 0.0538
 3/12 [======>.......................] - ETA: 0s - loss: 0.0521
 5/12 [===========>..................] - ETA: 0s - loss: 0.0634
 7/12 [================>.............] - ETA: 0s - loss: 0.0722
 9/12 [=====================>........] - ETA: 0s - loss: 0.0740
11/12 [==========================>...] - ETA: 0s - loss: 0.0783
12/12 [==============================] - 0s 36ms/step - loss: 0.0777
Epoch 88/300

 1/12 [=>............................] - ETA: 0s - loss: 0.0635
 3/12 [======>.......................] - ETA: 0s - loss: 0.0720
 5/12 [===========>..................] - ETA: 0s - loss: 0.0728
 7/12 [================>.............] - ETA: 0s - loss: 0.0805
 9/12 [=====================>........] - ETA: 0s - loss: 0.0756
11/12 [==========================>...] - ETA: 0s - loss: 0.0742
12/12 [==============================] - 0s 36ms/step - loss: 0.0754
Epoch 89/300

 1/12 [=>............................] - ETA: 0s - loss: 0.0719
 3/12 [======>.......................] - ETA: 0s - loss: 0.0634
 5/12 [===========>..................] - ETA: 0s - loss: 0.0681
 7/12 [================>.............] - ETA: 0s - loss: 0.0712
 9/12 [=====================>........] - ETA: 0s - loss: 0.0727
11/12 [==========================>...] - ETA: 0s - loss: 0.0761
12/12 [==============================] - 0s 36ms/step - loss: 0.0765
Epoch 90/300

 1/12 [=>............................] - ETA: 0s - loss: 0.0645
 3/12 [======>.......................] - ETA: 0s - loss: 0.0654
 5/12 [===========>..................] - ETA: 0s - loss: 0.0684
 7/12 [================>.............] - ETA: 0s - loss: 0.0676
 9/12 [=====================>........] - ETA: 0s - loss: 0.0711
11/12 [==========================>...] - ETA: 0s - loss: 0.0688
12/12 [==============================] - 0s 36ms/step - loss: 0.0697
Epoch 91/300

 1/12 [=>............................] - ETA: 0s - loss: 0.0608
 3/12 [======>.......................] - ETA: 0s - loss: 0.0773
 5/12 [===========>..................] - ETA: 0s - loss: 0.0736
 7/12 [================>.............] - ETA: 0s - loss: 0.0755
 8/12 [===================>..........] - ETA: 0s - loss: 0.0746
10/12 [========================>.....] - ETA: 0s - loss: 0.0712
12/12 [==============================] - ETA: 0s - loss: 0.0718
12/12 [==============================] - 0s 36ms/step - loss: 0.0718
Epoch 92/300

 1/12 [=>............................] - ETA: 0s - loss: 0.0728
 3/12 [======>.......................] - ETA: 0s - loss: 0.0692
 5/12 [===========>..................] - ETA: 0s - loss: 0.0690
 7/12 [================>.............] - ETA: 0s - loss: 0.0729
 9/12 [=====================>........] - ETA: 0s - loss: 0.0702
11/12 [==========================>...] - ETA: 0s - loss: 0.0720
12/12 [==============================] - 0s 36ms/step - loss: 0.0721
Epoch 93/300

 1/12 [=>............................] - ETA: 0s - loss: 0.0982
 2/12 [====>.........................] - ETA: 0s - loss: 0.0855
 4/12 [=========>....................] - ETA: 0s - loss: 0.0768
 6/12 [==============>...............] - ETA: 0s - loss: 0.0750
 8/12 [===================>..........] - ETA: 0s - loss: 0.0747
10/12 [========================>.....] - ETA: 0s - loss: 0.0751
12/12 [==============================] - ETA: 0s - loss: 0.0743
12/12 [==============================] - 0s 38ms/step - loss: 0.0743
Epoch 94/300

 1/12 [=>............................] - ETA: 0s - loss: 0.0907
 3/12 [======>.......................] - ETA: 0s - loss: 0.0736
 5/12 [===========>..................] - ETA: 0s - loss: 0.0762
 7/12 [================>.............] - ETA: 0s - loss: 0.0760
 9/12 [=====================>........] - ETA: 0s - loss: 0.0749
11/12 [==========================>...] - ETA: 0s - loss: 0.0719
12/12 [==============================] - 0s 36ms/step - loss: 0.0716
Epoch 95/300

 1/12 [=>............................] - ETA: 0s - loss: 0.0797
 3/12 [======>.......................] - ETA: 0s - loss: 0.0747
 4/12 [=========>....................] - ETA: 0s - loss: 0.0737
 6/12 [==============>...............] - ETA: 0s - loss: 0.0746
 8/12 [===================>..........] - ETA: 0s - loss: 0.0745
10/12 [========================>.....] - ETA: 0s - loss: 0.0741
12/12 [==============================] - ETA: 0s - loss: 0.0732
12/12 [==============================] - 0s 36ms/step - loss: 0.0732
Epoch 96/300

 1/12 [=>............................] - ETA: 0s - loss: 0.0774
 3/12 [======>.......................] - ETA: 0s - loss: 0.0660
 5/12 [===========>..................] - ETA: 0s - loss: 0.0663
 7/12 [================>.............] - ETA: 0s - loss: 0.0699
 9/12 [=====================>........] - ETA: 0s - loss: 0.0732
11/12 [==========================>...] - ETA: 0s - loss: 0.0720
12/12 [==============================] - 0s 36ms/step - loss: 0.0729
Epoch 97/300

 1/12 [=>............................] - ETA: 0s - loss: 0.0502
 3/12 [======>.......................] - ETA: 0s - loss: 0.0689
 5/12 [===========>..................] - ETA: 0s - loss: 0.0725
 7/12 [================>.............] - ETA: 0s - loss: 0.0741
 9/12 [=====================>........] - ETA: 0s - loss: 0.0713
11/12 [==========================>...] - ETA: 0s - loss: 0.0662
12/12 [==============================] - 0s 36ms/step - loss: 0.0659
Epoch 98/300

 1/12 [=>............................] - ETA: 0s - loss: 0.0791
 3/12 [======>.......................] - ETA: 0s - loss: 0.0715
 5/12 [===========>..................] - ETA: 0s - loss: 0.0685
 7/12 [================>.............] - ETA: 0s - loss: 0.0665
 9/12 [=====================>........] - ETA: 0s - loss: 0.0628
11/12 [==========================>...] - ETA: 0s - loss: 0.0609
12/12 [==============================] - 0s 36ms/step - loss: 0.0611
Epoch 99/300

 1/12 [=>............................] - ETA: 0s - loss: 0.0655
 3/12 [======>.......................] - ETA: 0s - loss: 0.0763
 5/12 [===========>..................] - ETA: 0s - loss: 0.0759
 7/12 [================>.............] - ETA: 0s - loss: 0.0761
 9/12 [=====================>........] - ETA: 0s - loss: 0.0777
11/12 [==========================>...] - ETA: 0s - loss: 0.0765
12/12 [==============================] - 0s 35ms/step - loss: 0.0773
Epoch 100/300

 1/12 [=>............................] - ETA: 0s - loss: 0.0627
 3/12 [======>.......................] - ETA: 0s - loss: 0.0691
 5/12 [===========>..................] - ETA: 0s - loss: 0.0636
 7/12 [================>.............] - ETA: 0s - loss: 0.0625
 9/12 [=====================>........] - ETA: 0s - loss: 0.0631
11/12 [==========================>...] - ETA: 0s - loss: 0.0658
12/12 [==============================] - 0s 36ms/step - loss: 0.0653
Epoch 101/300

 1/12 [=>............................] - ETA: 0s - loss: 0.0707
 3/12 [======>.......................] - ETA: 0s - loss: 0.0611
 5/12 [===========>..................] - ETA: 0s - loss: 0.0610
 7/12 [================>.............] - ETA: 0s - loss: 0.0679
 9/12 [=====================>........] - ETA: 0s - loss: 0.0647
11/12 [==========================>...] - ETA: 0s - loss: 0.0652
12/12 [==============================] - 0s 37ms/step - loss: 0.0646
Epoch 102/300

 1/12 [=>............................] - ETA: 0s - loss: 0.0717
 3/12 [======>.......................] - ETA: 0s - loss: 0.0657
 5/12 [===========>..................] - ETA: 0s - loss: 0.0634
 7/12 [================>.............] - ETA: 0s - loss: 0.0658
 9/12 [=====================>........] - ETA: 0s - loss: 0.0671
11/12 [==========================>...] - ETA: 0s - loss: 0.0649
12/12 [==============================] - 0s 39ms/step - loss: 0.0645
Epoch 103/300

 1/12 [=>............................] - ETA: 0s - loss: 0.0646
 3/12 [======>.......................] - ETA: 0s - loss: 0.0586
 5/12 [===========>..................] - ETA: 0s - loss: 0.0599
 7/12 [================>.............] - ETA: 0s - loss: 0.0596
 9/12 [=====================>........] - ETA: 0s - loss: 0.0615
11/12 [==========================>...] - ETA: 0s - loss: 0.0633
12/12 [==============================] - 0s 39ms/step - loss: 0.0631
Epoch 104/300

 1/12 [=>............................] - ETA: 0s - loss: 0.0881
 3/12 [======>.......................] - ETA: 0s - loss: 0.0727
 5/12 [===========>..................] - ETA: 0s - loss: 0.0658
 7/12 [================>.............] - ETA: 0s - loss: 0.0682
 9/12 [=====================>........] - ETA: 0s - loss: 0.0664
10/12 [========================>.....] - ETA: 0s - loss: 0.0655
12/12 [==============================] - ETA: 0s - loss: 0.0648
12/12 [==============================] - 0s 37ms/step - loss: 0.0648
Epoch 105/300

 1/12 [=>............................] - ETA: 0s - loss: 0.0581
 3/12 [======>.......................] - ETA: 0s - loss: 0.0626
 5/12 [===========>..................] - ETA: 0s - loss: 0.0629
 7/12 [================>.............] - ETA: 0s - loss: 0.0639
 9/12 [=====================>........] - ETA: 0s - loss: 0.0621
11/12 [==========================>...] - ETA: 0s - loss: 0.0623
12/12 [==============================] - 0s 36ms/step - loss: 0.0623
Epoch 106/300

 1/12 [=>............................] - ETA: 0s - loss: 0.0557
 3/12 [======>.......................] - ETA: 0s - loss: 0.0711
 5/12 [===========>..................] - ETA: 0s - loss: 0.0720
 7/12 [================>.............] - ETA: 0s - loss: 0.0724
 8/12 [===================>..........] - ETA: 0s - loss: 0.0708
10/12 [========================>.....] - ETA: 0s - loss: 0.0728
12/12 [==============================] - ETA: 0s - loss: 0.0710
12/12 [==============================] - 0s 36ms/step - loss: 0.0710
Epoch 107/300

 1/12 [=>............................] - ETA: 0s - loss: 0.0722
 3/12 [======>.......................] - ETA: 0s - loss: 0.0657
 5/12 [===========>..................] - ETA: 0s - loss: 0.0693
 7/12 [================>.............] - ETA: 0s - loss: 0.0663
 9/12 [=====================>........] - ETA: 0s - loss: 0.0639
11/12 [==========================>...] - ETA: 0s - loss: 0.0639
12/12 [==============================] - 0s 38ms/step - loss: 0.0645
Epoch 108/300

 1/12 [=>............................] - ETA: 0s - loss: 0.0359
 3/12 [======>.......................] - ETA: 0s - loss: 0.0522
 5/12 [===========>..................] - ETA: 0s - loss: 0.0495
 7/12 [================>.............] - ETA: 0s - loss: 0.0511
 9/12 [=====================>........] - ETA: 0s - loss: 0.0535
11/12 [==========================>...] - ETA: 0s - loss: 0.0566
12/12 [==============================] - 0s 36ms/step - loss: 0.0571
Epoch 109/300

 1/12 [=>............................] - ETA: 0s - loss: 0.0775
 3/12 [======>.......................] - ETA: 0s - loss: 0.0731
 5/12 [===========>..................] - ETA: 0s - loss: 0.0659
 7/12 [================>.............] - ETA: 0s - loss: 0.0631
 9/12 [=====================>........] - ETA: 0s - loss: 0.0621
11/12 [==========================>...] - ETA: 0s - loss: 0.0623
12/12 [==============================] - 0s 36ms/step - loss: 0.0619
Epoch 110/300

 1/12 [=>............................] - ETA: 0s - loss: 0.0665
 3/12 [======>.......................] - ETA: 0s - loss: 0.0608
 5/12 [===========>..................] - ETA: 0s - loss: 0.0624
 7/12 [================>.............] - ETA: 0s - loss: 0.0681
 9/12 [=====================>........] - ETA: 0s - loss: 0.0643
11/12 [==========================>...] - ETA: 0s - loss: 0.0640
12/12 [==============================] - 0s 37ms/step - loss: 0.0643
Epoch 111/300

 1/12 [=>............................] - ETA: 0s - loss: 0.0745
 3/12 [======>.......................] - ETA: 0s - loss: 0.0655
 5/12 [===========>..................] - ETA: 0s - loss: 0.0714
 7/12 [================>.............] - ETA: 0s - loss: 0.0699
 9/12 [=====================>........] - ETA: 0s - loss: 0.0698
11/12 [==========================>...] - ETA: 0s - loss: 0.0710
12/12 [==============================] - 0s 35ms/step - loss: 0.0708
Epoch 112/300

 1/12 [=>............................] - ETA: 0s - loss: 0.0741
 3/12 [======>.......................] - ETA: 0s - loss: 0.0598
 5/12 [===========>..................] - ETA: 0s - loss: 0.0648
 7/12 [================>.............] - ETA: 0s - loss: 0.0650
 9/12 [=====================>........] - ETA: 0s - loss: 0.0621
11/12 [==========================>...] - ETA: 0s - loss: 0.0614
12/12 [==============================] - 0s 36ms/step - loss: 0.0619
Epoch 113/300

 1/12 [=>............................] - ETA: 0s - loss: 0.0524
 3/12 [======>.......................] - ETA: 0s - loss: 0.0488
 5/12 [===========>..................] - ETA: 0s - loss: 0.0605
 7/12 [================>.............] - ETA: 0s - loss: 0.0626
 9/12 [=====================>........] - ETA: 0s - loss: 0.0643
11/12 [==========================>...] - ETA: 0s - loss: 0.0661
12/12 [==============================] - 0s 36ms/step - loss: 0.0667
Epoch 114/300

 1/12 [=>............................] - ETA: 0s - loss: 0.0663
 3/12 [======>.......................] - ETA: 0s - loss: 0.0585
 5/12 [===========>..................] - ETA: 0s - loss: 0.0600
 7/12 [================>.............] - ETA: 0s - loss: 0.0594
 9/12 [=====================>........] - ETA: 0s - loss: 0.0600
11/12 [==========================>...] - ETA: 0s - loss: 0.0597
12/12 [==============================] - 0s 36ms/step - loss: 0.0599
Epoch 115/300

 1/12 [=>............................] - ETA: 0s - loss: 0.0484
 3/12 [======>.......................] - ETA: 0s - loss: 0.0623
 5/12 [===========>..................] - ETA: 0s - loss: 0.0638
 7/12 [================>.............] - ETA: 0s - loss: 0.0657
 9/12 [=====================>........] - ETA: 0s - loss: 0.0650
11/12 [==========================>...] - ETA: 0s - loss: 0.0680
12/12 [==============================] - 0s 36ms/step - loss: 0.0686
Epoch 116/300

 1/12 [=>............................] - ETA: 0s - loss: 0.0712
 3/12 [======>.......................] - ETA: 0s - loss: 0.0657
 5/12 [===========>..................] - ETA: 0s - loss: 0.0716
 7/12 [================>.............] - ETA: 0s - loss: 0.0718
 9/12 [=====================>........] - ETA: 0s - loss: 0.0665
11/12 [==========================>...] - ETA: 0s - loss: 0.0677
12/12 [==============================] - 0s 36ms/step - loss: 0.0674
Epoch 117/300

 1/12 [=>............................] - ETA: 0s - loss: 0.0593
 3/12 [======>.......................] - ETA: 0s - loss: 0.0708
 5/12 [===========>..................] - ETA: 0s - loss: 0.0655
 7/12 [================>.............] - ETA: 0s - loss: 0.0659
 9/12 [=====================>........] - ETA: 0s - loss: 0.0632
11/12 [==========================>...] - ETA: 0s - loss: 0.0602
12/12 [==============================] - 0s 35ms/step - loss: 0.0605
Epoch 118/300

 1/12 [=>............................] - ETA: 0s - loss: 0.0674
 3/12 [======>.......................] - ETA: 0s - loss: 0.0644
 5/12 [===========>..................] - ETA: 0s - loss: 0.0649
 7/12 [================>.............] - ETA: 0s - loss: 0.0610
 9/12 [=====================>........] - ETA: 0s - loss: 0.0607
11/12 [==========================>...] - ETA: 0s - loss: 0.0617
12/12 [==============================] - 0s 36ms/step - loss: 0.0614
Epoch 119/300

 1/12 [=>............................] - ETA: 0s - loss: 0.0902
 3/12 [======>.......................] - ETA: 0s - loss: 0.0653
 5/12 [===========>..................] - ETA: 0s - loss: 0.0662
 7/12 [================>.............] - ETA: 0s - loss: 0.0647
 9/12 [=====================>........] - ETA: 0s - loss: 0.0700
11/12 [==========================>...] - ETA: 0s - loss: 0.0683
12/12 [==============================] - 0s 36ms/step - loss: 0.0680
Epoch 120/300

 1/12 [=>............................] - ETA: 0s - loss: 0.0650
 3/12 [======>.......................] - ETA: 0s - loss: 0.0552
 5/12 [===========>..................] - ETA: 0s - loss: 0.0565
 7/12 [================>.............] - ETA: 0s - loss: 0.0561
 9/12 [=====================>........] - ETA: 0s - loss: 0.0571
11/12 [==========================>...] - ETA: 0s - loss: 0.0572
12/12 [==============================] - 0s 38ms/step - loss: 0.0573
Epoch 121/300

 1/12 [=>............................] - ETA: 0s - loss: 0.0652
 3/12 [======>.......................] - ETA: 0s - loss: 0.0650
 5/12 [===========>..................] - ETA: 0s - loss: 0.0605
 7/12 [================>.............] - ETA: 0s - loss: 0.0622
 9/12 [=====================>........] - ETA: 0s - loss: 0.0611
11/12 [==========================>...] - ETA: 0s - loss: 0.0622
12/12 [==============================] - 0s 36ms/step - loss: 0.0616
Epoch 122/300

 1/12 [=>............................] - ETA: 0s - loss: 0.0563
 3/12 [======>.......................] - ETA: 0s - loss: 0.0570
 5/12 [===========>..................] - ETA: 0s - loss: 0.0560
 7/12 [================>.............] - ETA: 0s - loss: 0.0558
 9/12 [=====================>........] - ETA: 0s - loss: 0.0591
11/12 [==========================>...] - ETA: 0s - loss: 0.0565
12/12 [==============================] - 0s 36ms/step - loss: 0.0568
Epoch 123/300

 1/12 [=>............................] - ETA: 0s - loss: 0.0728
 3/12 [======>.......................] - ETA: 0s - loss: 0.0631
 5/12 [===========>..................] - ETA: 0s - loss: 0.0582
 7/12 [================>.............] - ETA: 0s - loss: 0.0588
 8/12 [===================>..........] - ETA: 0s - loss: 0.0584
10/12 [========================>.....] - ETA: 0s - loss: 0.0576
12/12 [==============================] - ETA: 0s - loss: 0.0576
12/12 [==============================] - 0s 36ms/step - loss: 0.0576
Epoch 124/300

 1/12 [=>............................] - ETA: 0s - loss: 0.0830
 2/12 [====>.........................] - ETA: 0s - loss: 0.0726
 4/12 [=========>....................] - ETA: 0s - loss: 0.0720
 6/12 [==============>...............] - ETA: 0s - loss: 0.0699
 8/12 [===================>..........] - ETA: 0s - loss: 0.0670
10/12 [========================>.....] - ETA: 0s - loss: 0.0655
12/12 [==============================] - ETA: 0s - loss: 0.0664
12/12 [==============================] - 0s 36ms/step - loss: 0.0664
Epoch 125/300

 1/12 [=>............................] - ETA: 0s - loss: 0.0682
 3/12 [======>.......................] - ETA: 0s - loss: 0.0740
 5/12 [===========>..................] - ETA: 0s - loss: 0.0637
 6/12 [==============>...............] - ETA: 0s - loss: 0.0651
 8/12 [===================>..........] - ETA: 0s - loss: 0.0661
10/12 [========================>.....] - ETA: 0s - loss: 0.0660
12/12 [==============================] - ETA: 0s - loss: 0.0658
12/12 [==============================] - 0s 36ms/step - loss: 0.0658
Epoch 126/300

 1/12 [=>............................] - ETA: 0s - loss: 0.0705
 3/12 [======>.......................] - ETA: 0s - loss: 0.0709
 5/12 [===========>..................] - ETA: 0s - loss: 0.0700
 7/12 [================>.............] - ETA: 0s - loss: 0.0719
 9/12 [=====================>........] - ETA: 0s - loss: 0.0700
11/12 [==========================>...] - ETA: 0s - loss: 0.0705
12/12 [==============================] - 0s 36ms/step - loss: 0.0709
Epoch 127/300

 1/12 [=>............................] - ETA: 0s - loss: 0.0742
 3/12 [======>.......................] - ETA: 0s - loss: 0.0666
 5/12 [===========>..................] - ETA: 0s - loss: 0.0653
 7/12 [================>.............] - ETA: 0s - loss: 0.0670
 9/12 [=====================>........] - ETA: 0s - loss: 0.0673
11/12 [==========================>...] - ETA: 0s - loss: 0.0658
12/12 [==============================] - 0s 37ms/step - loss: 0.0657
Epoch 128/300

 1/12 [=>............................] - ETA: 0s - loss: 0.0604
 3/12 [======>.......................] - ETA: 0s - loss: 0.0650
 5/12 [===========>..................] - ETA: 0s - loss: 0.0664
 7/12 [================>.............] - ETA: 0s - loss: 0.0634
 9/12 [=====================>........] - ETA: 0s - loss: 0.0637
11/12 [==========================>...] - ETA: 0s - loss: 0.0638
12/12 [==============================] - 0s 36ms/step - loss: 0.0637
Epoch 129/300

 1/12 [=>............................] - ETA: 0s - loss: 0.0666
 3/12 [======>.......................] - ETA: 0s - loss: 0.0528
 5/12 [===========>..................] - ETA: 0s - loss: 0.0572
 7/12 [================>.............] - ETA: 0s - loss: 0.0580
 9/12 [=====================>........] - ETA: 0s - loss: 0.0606
11/12 [==========================>...] - ETA: 0s - loss: 0.0653
12/12 [==============================] - 0s 35ms/step - loss: 0.0644
Epoch 130/300

 1/12 [=>............................] - ETA: 0s - loss: 0.0842
 3/12 [======>.......................] - ETA: 0s - loss: 0.0676
 5/12 [===========>..................] - ETA: 0s - loss: 0.0632
 7/12 [================>.............] - ETA: 0s - loss: 0.0668
 9/12 [=====================>........] - ETA: 0s - loss: 0.0638
11/12 [==========================>...] - ETA: 0s - loss: 0.0621
12/12 [==============================] - 0s 36ms/step - loss: 0.0624
Epoch 131/300

 1/12 [=>............................] - ETA: 0s - loss: 0.0606
 3/12 [======>.......................] - ETA: 0s - loss: 0.0601
 5/12 [===========>..................] - ETA: 0s - loss: 0.0580
 7/12 [================>.............] - ETA: 0s - loss: 0.0584
 9/12 [=====================>........] - ETA: 0s - loss: 0.0568
11/12 [==========================>...] - ETA: 0s - loss: 0.0579
12/12 [==============================] - 0s 36ms/step - loss: 0.0581
Epoch 132/300

 1/12 [=>............................] - ETA: 0s - loss: 0.0603
 3/12 [======>.......................] - ETA: 0s - loss: 0.0690
 5/12 [===========>..................] - ETA: 0s - loss: 0.0665
 7/12 [================>.............] - ETA: 0s - loss: 0.0650
 9/12 [=====================>........] - ETA: 0s - loss: 0.0620
11/12 [==========================>...] - ETA: 0s - loss: 0.0615
12/12 [==============================] - 0s 36ms/step - loss: 0.0619
Epoch 133/300

 1/12 [=>............................] - ETA: 0s - loss: 0.0654
 3/12 [======>.......................] - ETA: 0s - loss: 0.0618
 5/12 [===========>..................] - ETA: 0s - loss: 0.0555
 7/12 [================>.............] - ETA: 0s - loss: 0.0567
 9/12 [=====================>........] - ETA: 0s - loss: 0.0581
11/12 [==========================>...] - ETA: 0s - loss: 0.0596
12/12 [==============================] - 0s 37ms/step - loss: 0.0597
Epoch 134/300

 1/12 [=>............................] - ETA: 0s - loss: 0.0803
 3/12 [======>.......................] - ETA: 0s - loss: 0.0640
 5/12 [===========>..................] - ETA: 0s - loss: 0.0666
 7/12 [================>.............] - ETA: 0s - loss: 0.0655
 9/12 [=====================>........] - ETA: 0s - loss: 0.0626
11/12 [==========================>...] - ETA: 0s - loss: 0.0632
12/12 [==============================] - 0s 36ms/step - loss: 0.0638
Epoch 135/300

 1/12 [=>............................] - ETA: 0s - loss: 0.0652
 3/12 [======>.......................] - ETA: 0s - loss: 0.0645
 5/12 [===========>..................] - ETA: 0s - loss: 0.0630
 7/12 [================>.............] - ETA: 0s - loss: 0.0578
 8/12 [===================>..........] - ETA: 0s - loss: 0.0585
10/12 [========================>.....] - ETA: 0s - loss: 0.0569
12/12 [==============================] - ETA: 0s - loss: 0.0557
12/12 [==============================] - 0s 36ms/step - loss: 0.0557
Epoch 136/300

 1/12 [=>............................] - ETA: 0s - loss: 0.0538
 3/12 [======>.......................] - ETA: 0s - loss: 0.0535
 5/12 [===========>..................] - ETA: 0s - loss: 0.0581
 7/12 [================>.............] - ETA: 0s - loss: 0.0587
 9/12 [=====================>........] - ETA: 0s - loss: 0.0583
11/12 [==========================>...] - ETA: 0s - loss: 0.0577
12/12 [==============================] - 0s 36ms/step - loss: 0.0571
Epoch 137/300

 1/12 [=>............................] - ETA: 0s - loss: 0.0748
 3/12 [======>.......................] - ETA: 0s - loss: 0.0650
 4/12 [=========>....................] - ETA: 0s - loss: 0.0608
 6/12 [==============>...............] - ETA: 0s - loss: 0.0598
 8/12 [===================>..........] - ETA: 0s - loss: 0.0572
10/12 [========================>.....] - ETA: 0s - loss: 0.0576
12/12 [==============================] - ETA: 0s - loss: 0.0599
12/12 [==============================] - 0s 36ms/step - loss: 0.0599
Epoch 138/300

 1/12 [=>............................] - ETA: 0s - loss: 0.0478
 3/12 [======>.......................] - ETA: 0s - loss: 0.0522
 5/12 [===========>..................] - ETA: 0s - loss: 0.0568
 7/12 [================>.............] - ETA: 0s - loss: 0.0583
 9/12 [=====================>........] - ETA: 0s - loss: 0.0588
11/12 [==========================>...] - ETA: 0s - loss: 0.0584
12/12 [==============================] - 0s 38ms/step - loss: 0.0576
Epoch 139/300

 1/12 [=>............................] - ETA: 0s - loss: 0.0537
 3/12 [======>.......................] - ETA: 0s - loss: 0.0539
 5/12 [===========>..................] - ETA: 0s - loss: 0.0548
 6/12 [==============>...............] - ETA: 0s - loss: 0.0533
 8/12 [===================>..........] - ETA: 0s - loss: 0.0550
10/12 [========================>.....] - ETA: 0s - loss: 0.0548
12/12 [==============================] - ETA: 0s - loss: 0.0542
12/12 [==============================] - 0s 39ms/step - loss: 0.0542
Epoch 140/300

 1/12 [=>............................] - ETA: 0s - loss: 0.0664
 3/12 [======>.......................] - ETA: 0s - loss: 0.0574
 4/12 [=========>....................] - ETA: 0s - loss: 0.0633
 6/12 [==============>...............] - ETA: 0s - loss: 0.0587
 8/12 [===================>..........] - ETA: 0s - loss: 0.0576
10/12 [========================>.....] - ETA: 0s - loss: 0.0600
12/12 [==============================] - ETA: 0s - loss: 0.0605
12/12 [==============================] - 0s 39ms/step - loss: 0.0605
Epoch 141/300

 1/12 [=>............................] - ETA: 0s - loss: 0.0607
 3/12 [======>.......................] - ETA: 0s - loss: 0.0615
 4/12 [=========>....................] - ETA: 0s - loss: 0.0602
 6/12 [==============>...............] - ETA: 0s - loss: 0.0580
 8/12 [===================>..........] - ETA: 0s - loss: 0.0614
 9/12 [=====================>........] - ETA: 0s - loss: 0.0601
11/12 [==========================>...] - ETA: 0s - loss: 0.0598
12/12 [==============================] - 0s 36ms/step - loss: 0.0594
Epoch 142/300

 1/12 [=>............................] - ETA: 0s - loss: 0.0584
 3/12 [======>.......................] - ETA: 0s - loss: 0.0593
 5/12 [===========>..................] - ETA: 0s - loss: 0.0596
 7/12 [================>.............] - ETA: 0s - loss: 0.0588
 9/12 [=====================>........] - ETA: 0s - loss: 0.0601
11/12 [==========================>...] - ETA: 0s - loss: 0.0594
12/12 [==============================] - 0s 36ms/step - loss: 0.0597
Epoch 143/300

 1/12 [=>............................] - ETA: 0s - loss: 0.0692
 3/12 [======>.......................] - ETA: 0s - loss: 0.0635
 5/12 [===========>..................] - ETA: 0s - loss: 0.0614
 6/12 [==============>...............] - ETA: 0s - loss: 0.0595
 8/12 [===================>..........] - ETA: 0s - loss: 0.0597
10/12 [========================>.....] - ETA: 0s - loss: 0.0570
11/12 [==========================>...] - ETA: 0s - loss: 0.0570
12/12 [==============================] - 0s 35ms/step - loss: 0.0569
Epoch 144/300

 1/12 [=>............................] - ETA: 0s - loss: 0.0700
 3/12 [======>.......................] - ETA: 0s - loss: 0.0598
 5/12 [===========>..................] - ETA: 0s - loss: 0.0558
 7/12 [================>.............] - ETA: 0s - loss: 0.0540
 9/12 [=====================>........] - ETA: 0s - loss: 0.0545
11/12 [==========================>...] - ETA: 0s - loss: 0.0533
12/12 [==============================] - 0s 36ms/step - loss: 0.0542
Epoch 145/300

 1/12 [=>............................] - ETA: 0s - loss: 0.0419
 3/12 [======>.......................] - ETA: 0s - loss: 0.0507
 5/12 [===========>..................] - ETA: 0s - loss: 0.0501
 7/12 [================>.............] - ETA: 0s - loss: 0.0519
 9/12 [=====================>........] - ETA: 0s - loss: 0.0524
11/12 [==========================>...] - ETA: 0s - loss: 0.0533
12/12 [==============================] - 0s 36ms/step - loss: 0.0529
Epoch 146/300

 1/12 [=>............................] - ETA: 0s - loss: 0.0390
 3/12 [======>.......................] - ETA: 0s - loss: 0.0503
 5/12 [===========>..................] - ETA: 0s - loss: 0.0546
 7/12 [================>.............] - ETA: 0s - loss: 0.0609
 9/12 [=====================>........] - ETA: 0s - loss: 0.0592
11/12 [==========================>...] - ETA: 0s - loss: 0.0592
12/12 [==============================] - 0s 37ms/step - loss: 0.0595
Epoch 147/300

 1/12 [=>............................] - ETA: 0s - loss: 0.0381
 3/12 [======>.......................] - ETA: 0s - loss: 0.0514
 5/12 [===========>..................] - ETA: 0s - loss: 0.0552
 7/12 [================>.............] - ETA: 0s - loss: 0.0529
 9/12 [=====================>........] - ETA: 0s - loss: 0.0524
11/12 [==========================>...] - ETA: 0s - loss: 0.0530
12/12 [==============================] - 0s 36ms/step - loss: 0.0526
Epoch 148/300

 1/12 [=>............................] - ETA: 0s - loss: 0.0505
 3/12 [======>.......................] - ETA: 0s - loss: 0.0538
 5/12 [===========>..................] - ETA: 0s - loss: 0.0576
 7/12 [================>.............] - ETA: 0s - loss: 0.0588
 9/12 [=====================>........] - ETA: 0s - loss: 0.0591
11/12 [==========================>...] - ETA: 0s - loss: 0.0587
12/12 [==============================] - 0s 35ms/step - loss: 0.0590
Epoch 149/300

 1/12 [=>............................] - ETA: 0s - loss: 0.0471
 3/12 [======>.......................] - ETA: 0s - loss: 0.0559
 5/12 [===========>..................] - ETA: 0s - loss: 0.0550
 7/12 [================>.............] - ETA: 0s - loss: 0.0534
 9/12 [=====================>........] - ETA: 0s - loss: 0.0519
11/12 [==========================>...] - ETA: 0s - loss: 0.0532
12/12 [==============================] - 0s 36ms/step - loss: 0.0532
Epoch 150/300

 1/12 [=>............................] - ETA: 0s - loss: 0.0726
 3/12 [======>.......................] - ETA: 0s - loss: 0.0634
 5/12 [===========>..................] - ETA: 0s - loss: 0.0618
 7/12 [================>.............] - ETA: 0s - loss: 0.0614
 9/12 [=====================>........] - ETA: 0s - loss: 0.0631
11/12 [==========================>...] - ETA: 0s - loss: 0.0616
12/12 [==============================] - 0s 36ms/step - loss: 0.0614
Epoch 151/300

 1/12 [=>............................] - ETA: 0s - loss: 0.0590
 3/12 [======>.......................] - ETA: 0s - loss: 0.0609
 5/12 [===========>..................] - ETA: 0s - loss: 0.0572
 7/12 [================>.............] - ETA: 0s - loss: 0.0550
 9/12 [=====================>........] - ETA: 0s - loss: 0.0586
11/12 [==========================>...] - ETA: 0s - loss: 0.0587
12/12 [==============================] - 0s 37ms/step - loss: 0.0584
Epoch 152/300

 1/12 [=>............................] - ETA: 0s - loss: 0.0543
 3/12 [======>.......................] - ETA: 0s - loss: 0.0547
 4/12 [=========>....................] - ETA: 0s - loss: 0.0578
 6/12 [==============>...............] - ETA: 0s - loss: 0.0550
 8/12 [===================>..........] - ETA: 0s - loss: 0.0553
10/12 [========================>.....] - ETA: 0s - loss: 0.0575
12/12 [==============================] - ETA: 0s - loss: 0.0566
12/12 [==============================] - 0s 36ms/step - loss: 0.0566
Epoch 153/300

 1/12 [=>............................] - ETA: 0s - loss: 0.0494
 3/12 [======>.......................] - ETA: 0s - loss: 0.0509
 5/12 [===========>..................] - ETA: 0s - loss: 0.0495
 7/12 [================>.............] - ETA: 0s - loss: 0.0501
 9/12 [=====================>........] - ETA: 0s - loss: 0.0513
11/12 [==========================>...] - ETA: 0s - loss: 0.0542
12/12 [==============================] - 0s 36ms/step - loss: 0.0538
Epoch 154/300

 1/12 [=>............................] - ETA: 0s - loss: 0.0679
 3/12 [======>.......................] - ETA: 0s - loss: 0.0583
 5/12 [===========>..................] - ETA: 0s - loss: 0.0595
 7/12 [================>.............] - ETA: 0s - loss: 0.0589
 9/12 [=====================>........] - ETA: 0s - loss: 0.0589
11/12 [==========================>...] - ETA: 0s - loss: 0.0573
12/12 [==============================] - 0s 37ms/step - loss: 0.0577
Epoch 155/300

 1/12 [=>............................] - ETA: 0s - loss: 0.0608
 3/12 [======>.......................] - ETA: 0s - loss: 0.0561
 5/12 [===========>..................] - ETA: 0s - loss: 0.0568
 7/12 [================>.............] - ETA: 0s - loss: 0.0576
 9/12 [=====================>........] - ETA: 0s - loss: 0.0557
11/12 [==========================>...] - ETA: 0s - loss: 0.0566
12/12 [==============================] - 0s 36ms/step - loss: 0.0566
Epoch 156/300

 1/12 [=>............................] - ETA: 0s - loss: 0.0460
 3/12 [======>.......................] - ETA: 0s - loss: 0.0556
 5/12 [===========>..................] - ETA: 0s - loss: 0.0580
 7/12 [================>.............] - ETA: 0s - loss: 0.0577
 9/12 [=====================>........] - ETA: 0s - loss: 0.0549
11/12 [==========================>...] - ETA: 0s - loss: 0.0531
12/12 [==============================] - 0s 36ms/step - loss: 0.0532
Epoch 157/300

 1/12 [=>............................] - ETA: 0s - loss: 0.0580
 3/12 [======>.......................] - ETA: 0s - loss: 0.0577
 5/12 [===========>..................] - ETA: 0s - loss: 0.0611
 7/12 [================>.............] - ETA: 0s - loss: 0.0565
 9/12 [=====================>........] - ETA: 0s - loss: 0.0569
11/12 [==========================>...] - ETA: 0s - loss: 0.0578
12/12 [==============================] - 0s 35ms/step - loss: 0.0573
Epoch 158/300

 1/12 [=>............................] - ETA: 0s - loss: 0.0638
 3/12 [======>.......................] - ETA: 0s - loss: 0.0547
 5/12 [===========>..................] - ETA: 0s - loss: 0.0566
 7/12 [================>.............] - ETA: 0s - loss: 0.0566
 9/12 [=====================>........] - ETA: 0s - loss: 0.0559
11/12 [==========================>...] - ETA: 0s - loss: 0.0549
12/12 [==============================] - 0s 35ms/step - loss: 0.0545
Epoch 159/300

 1/12 [=>............................] - ETA: 0s - loss: 0.0494
 3/12 [======>.......................] - ETA: 0s - loss: 0.0539
 5/12 [===========>..................] - ETA: 0s - loss: 0.0541
 7/12 [================>.............] - ETA: 0s - loss: 0.0550
 9/12 [=====================>........] - ETA: 0s - loss: 0.0547
11/12 [==========================>...] - ETA: 0s - loss: 0.0544
12/12 [==============================] - 0s 35ms/step - loss: 0.0553
Epoch 160/300

 1/12 [=>............................] - ETA: 0s - loss: 0.0650
 3/12 [======>.......................] - ETA: 0s - loss: 0.0522
 5/12 [===========>..................] - ETA: 0s - loss: 0.0549
 7/12 [================>.............] - ETA: 0s - loss: 0.0545
 9/12 [=====================>........] - ETA: 0s - loss: 0.0546
11/12 [==========================>...] - ETA: 0s - loss: 0.0548
12/12 [==============================] - 0s 35ms/step - loss: 0.0546
Epoch 161/300

 1/12 [=>............................] - ETA: 0s - loss: 0.0410
 3/12 [======>.......................] - ETA: 0s - loss: 0.0504
 5/12 [===========>..................] - ETA: 0s - loss: 0.0526
 7/12 [================>.............] - ETA: 0s - loss: 0.0516
 9/12 [=====================>........] - ETA: 0s - loss: 0.0499
11/12 [==========================>...] - ETA: 0s - loss: 0.0499
12/12 [==============================] - 0s 35ms/step - loss: 0.0501
Epoch 162/300

 1/12 [=>............................] - ETA: 0s - loss: 0.0602
 3/12 [======>.......................] - ETA: 0s - loss: 0.0582
 5/12 [===========>..................] - ETA: 0s - loss: 0.0622
 7/12 [================>.............] - ETA: 0s - loss: 0.0621
 9/12 [=====================>........] - ETA: 0s - loss: 0.0604
11/12 [==========================>...] - ETA: 0s - loss: 0.0584
12/12 [==============================] - 0s 35ms/step - loss: 0.0581
Epoch 163/300

 1/12 [=>............................] - ETA: 0s - loss: 0.0717
 3/12 [======>.......................] - ETA: 0s - loss: 0.0646
 5/12 [===========>..................] - ETA: 0s - loss: 0.0590
 7/12 [================>.............] - ETA: 0s - loss: 0.0576
 9/12 [=====================>........] - ETA: 0s - loss: 0.0570
11/12 [==========================>...] - ETA: 0s - loss: 0.0569
12/12 [==============================] - 0s 37ms/step - loss: 0.0567
Epoch 164/300

 1/12 [=>............................] - ETA: 0s - loss: 0.0632
 3/12 [======>.......................] - ETA: 0s - loss: 0.0518
 5/12 [===========>..................] - ETA: 0s - loss: 0.0510
 7/12 [================>.............] - ETA: 0s - loss: 0.0504
 9/12 [=====================>........] - ETA: 0s - loss: 0.0506
11/12 [==========================>...] - ETA: 0s - loss: 0.0515
12/12 [==============================] - 0s 35ms/step - loss: 0.0522
Epoch 165/300

 1/12 [=>............................] - ETA: 0s - loss: 0.0545
 3/12 [======>.......................] - ETA: 0s - loss: 0.0588
 5/12 [===========>..................] - ETA: 0s - loss: 0.0521
 7/12 [================>.............] - ETA: 0s - loss: 0.0534
 9/12 [=====================>........] - ETA: 0s - loss: 0.0547
10/12 [========================>.....] - ETA: 0s - loss: 0.0539
12/12 [==============================] - ETA: 0s - loss: 0.0529
12/12 [==============================] - 0s 37ms/step - loss: 0.0529
Epoch 166/300

 1/12 [=>............................] - ETA: 0s - loss: 0.0558
 3/12 [======>.......................] - ETA: 0s - loss: 0.0513
 5/12 [===========>..................] - ETA: 0s - loss: 0.0546
 7/12 [================>.............] - ETA: 0s - loss: 0.0585
 9/12 [=====================>........] - ETA: 0s - loss: 0.0572
11/12 [==========================>...] - ETA: 0s - loss: 0.0572
12/12 [==============================] - 0s 37ms/step - loss: 0.0571
Epoch 167/300

 1/12 [=>............................] - ETA: 0s - loss: 0.0457
 3/12 [======>.......................] - ETA: 0s - loss: 0.0525
 5/12 [===========>..................] - ETA: 0s - loss: 0.0544
 7/12 [================>.............] - ETA: 0s - loss: 0.0553
 9/12 [=====================>........] - ETA: 0s - loss: 0.0546
11/12 [==========================>...] - ETA: 0s - loss: 0.0548
12/12 [==============================] - 0s 35ms/step - loss: 0.0541
Epoch 168/300

 1/12 [=>............................] - ETA: 0s - loss: 0.0487
 3/12 [======>.......................] - ETA: 0s - loss: 0.0530
 5/12 [===========>..................] - ETA: 0s - loss: 0.0563
 7/12 [================>.............] - ETA: 0s - loss: 0.0528
 9/12 [=====================>........] - ETA: 0s - loss: 0.0506
11/12 [==========================>...] - ETA: 0s - loss: 0.0522
12/12 [==============================] - 0s 36ms/step - loss: 0.0521
Epoch 169/300

 1/12 [=>............................] - ETA: 0s - loss: 0.0618
 3/12 [======>.......................] - ETA: 0s - loss: 0.0550
 5/12 [===========>..................] - ETA: 0s - loss: 0.0515
 7/12 [================>.............] - ETA: 0s - loss: 0.0531
 9/12 [=====================>........] - ETA: 0s - loss: 0.0543
11/12 [==========================>...] - ETA: 0s - loss: 0.0544
12/12 [==============================] - 0s 36ms/step - loss: 0.0552
Epoch 170/300

 1/12 [=>............................] - ETA: 0s - loss: 0.0680
 3/12 [======>.......................] - ETA: 0s - loss: 0.0526
 5/12 [===========>..................] - ETA: 0s - loss: 0.0502
 7/12 [================>.............] - ETA: 0s - loss: 0.0500
 9/12 [=====================>........] - ETA: 0s - loss: 0.0504
11/12 [==========================>...] - ETA: 0s - loss: 0.0508
12/12 [==============================] - 0s 35ms/step - loss: 0.0509
Epoch 171/300

 1/12 [=>............................] - ETA: 0s - loss: 0.0559
 3/12 [======>.......................] - ETA: 0s - loss: 0.0566
 5/12 [===========>..................] - ETA: 0s - loss: 0.0538
 7/12 [================>.............] - ETA: 0s - loss: 0.0540
 9/12 [=====================>........] - ETA: 0s - loss: 0.0533
11/12 [==========================>...] - ETA: 0s - loss: 0.0540
12/12 [==============================] - 0s 36ms/step - loss: 0.0539
Epoch 172/300

 1/12 [=>............................] - ETA: 0s - loss: 0.0432
 3/12 [======>.......................] - ETA: 0s - loss: 0.0517
 5/12 [===========>..................] - ETA: 0s - loss: 0.0578
 7/12 [================>.............] - ETA: 0s - loss: 0.0569
 9/12 [=====================>........] - ETA: 0s - loss: 0.0556
11/12 [==========================>...] - ETA: 0s - loss: 0.0556
12/12 [==============================] - 0s 36ms/step - loss: 0.0571
Epoch 173/300

 1/12 [=>............................] - ETA: 0s - loss: 0.0512
 3/12 [======>.......................] - ETA: 0s - loss: 0.0542
 5/12 [===========>..................] - ETA: 0s - loss: 0.0533
 7/12 [================>.............] - ETA: 0s - loss: 0.0531
 9/12 [=====================>........] - ETA: 0s - loss: 0.0531
11/12 [==========================>...] - ETA: 0s - loss: 0.0528
12/12 [==============================] - 0s 36ms/step - loss: 0.0530
Epoch 174/300

 1/12 [=>............................] - ETA: 0s - loss: 0.0480
 3/12 [======>.......................] - ETA: 0s - loss: 0.0566
 5/12 [===========>..................] - ETA: 0s - loss: 0.0547
 7/12 [================>.............] - ETA: 0s - loss: 0.0527
 8/12 [===================>..........] - ETA: 0s - loss: 0.0511
10/12 [========================>.....] - ETA: 0s - loss: 0.0531
11/12 [==========================>...] - ETA: 0s - loss: 0.0528
12/12 [==============================] - 0s 37ms/step - loss: 0.0524
Epoch 175/300

 1/12 [=>............................] - ETA: 0s - loss: 0.0485
 3/12 [======>.......................] - ETA: 0s - loss: 0.0513
 5/12 [===========>..................] - ETA: 0s - loss: 0.0541
 7/12 [================>.............] - ETA: 0s - loss: 0.0529
 9/12 [=====================>........] - ETA: 0s - loss: 0.0532
11/12 [==========================>...] - ETA: 0s - loss: 0.0532
12/12 [==============================] - 0s 38ms/step - loss: 0.0528
Epoch 176/300

 1/12 [=>............................] - ETA: 0s - loss: 0.0443
 3/12 [======>.......................] - ETA: 0s - loss: 0.0549
 4/12 [=========>....................] - ETA: 0s - loss: 0.0522
 6/12 [==============>...............] - ETA: 0s - loss: 0.0533
 8/12 [===================>..........] - ETA: 0s - loss: 0.0524
10/12 [========================>.....] - ETA: 0s - loss: 0.0522
12/12 [==============================] - ETA: 0s - loss: 0.0526
12/12 [==============================] - 0s 39ms/step - loss: 0.0526
Epoch 177/300

 1/12 [=>............................] - ETA: 0s - loss: 0.0622
 3/12 [======>.......................] - ETA: 0s - loss: 0.0528
 5/12 [===========>..................] - ETA: 0s - loss: 0.0534
 7/12 [================>.............] - ETA: 0s - loss: 0.0531
 9/12 [=====================>........] - ETA: 0s - loss: 0.0544
11/12 [==========================>...] - ETA: 0s - loss: 0.0549
12/12 [==============================] - 0s 36ms/step - loss: 0.0547
Epoch 178/300

 1/12 [=>............................] - ETA: 0s - loss: 0.0630
 2/12 [====>.........................] - ETA: 0s - loss: 0.0617
 4/12 [=========>....................] - ETA: 0s - loss: 0.0576
 6/12 [==============>...............] - ETA: 0s - loss: 0.0520
 8/12 [===================>..........] - ETA: 0s - loss: 0.0518
10/12 [========================>.....] - ETA: 0s - loss: 0.0526
12/12 [==============================] - ETA: 0s - loss: 0.0524
12/12 [==============================] - 0s 36ms/step - loss: 0.0524
Epoch 179/300

 1/12 [=>............................] - ETA: 0s - loss: 0.0467
 3/12 [======>.......................] - ETA: 0s - loss: 0.0557
 5/12 [===========>..................] - ETA: 0s - loss: 0.0548
 7/12 [================>.............] - ETA: 0s - loss: 0.0528
 9/12 [=====================>........] - ETA: 0s - loss: 0.0519
11/12 [==========================>...] - ETA: 0s - loss: 0.0541
12/12 [==============================] - 0s 36ms/step - loss: 0.0543
Epoch 180/300

 1/12 [=>............................] - ETA: 0s - loss: 0.0624
 3/12 [======>.......................] - ETA: 0s - loss: 0.0527
 5/12 [===========>..................] - ETA: 0s - loss: 0.0509
 6/12 [==============>...............] - ETA: 0s - loss: 0.0487
 8/12 [===================>..........] - ETA: 0s - loss: 0.0488
10/12 [========================>.....] - ETA: 0s - loss: 0.0502
12/12 [==============================] - ETA: 0s - loss: 0.0513
12/12 [==============================] - 0s 36ms/step - loss: 0.0513
Epoch 181/300

 1/12 [=>............................] - ETA: 0s - loss: 0.0626
 3/12 [======>.......................] - ETA: 0s - loss: 0.0571
 5/12 [===========>..................] - ETA: 0s - loss: 0.0518
 7/12 [================>.............] - ETA: 0s - loss: 0.0497
 9/12 [=====================>........] - ETA: 0s - loss: 0.0520
11/12 [==========================>...] - ETA: 0s - loss: 0.0555
12/12 [==============================] - 0s 36ms/step - loss: 0.0553
Epoch 181: early stopping

 1/12 [=>............................] - ETA: 6s
 9/12 [=====================>........] - ETA: 0s
12/12 [==============================] - 1s 8ms/step
  params for conformer: lr=0.0001, batch_size=64
[Conformer] Fold 3/3 学習開始
Epoch 1/300

 1/12 [=>............................] - ETA: 1:08 - loss: 1.5564
 3/12 [======>.......................] - ETA: 0s - loss: 1.4949  
 5/12 [===========>..................] - ETA: 0s - loss: 1.3865
 7/12 [================>.............] - ETA: 0s - loss: 1.3372
 9/12 [=====================>........] - ETA: 0s - loss: 1.2240
11/12 [==========================>...] - ETA: 0s - loss: 1.0914
12/12 [==============================] - 7s 36ms/step - loss: 1.0761
Epoch 2/300

 1/12 [=>............................] - ETA: 0s - loss: 0.3414
 3/12 [======>.......................] - ETA: 0s - loss: 0.2653
 5/12 [===========>..................] - ETA: 0s - loss: 0.3121
 7/12 [================>.............] - ETA: 0s - loss: 0.3266
 9/12 [=====================>........] - ETA: 0s - loss: 0.3541
11/12 [==========================>...] - ETA: 0s - loss: 0.3685
12/12 [==============================] - 0s 36ms/step - loss: 0.3657
Epoch 3/300

 1/12 [=>............................] - ETA: 0s - loss: 0.3093
 3/12 [======>.......................] - ETA: 0s - loss: 0.2506
 5/12 [===========>..................] - ETA: 0s - loss: 0.2742
 7/12 [================>.............] - ETA: 0s - loss: 0.2787
 9/12 [=====================>........] - ETA: 0s - loss: 0.2891
11/12 [==========================>...] - ETA: 0s - loss: 0.3036
12/12 [==============================] - 0s 38ms/step - loss: 0.3068
Epoch 4/300

 1/12 [=>............................] - ETA: 0s - loss: 0.3387
 3/12 [======>.......................] - ETA: 0s - loss: 0.2699
 5/12 [===========>..................] - ETA: 0s - loss: 0.2832
 7/12 [================>.............] - ETA: 0s - loss: 0.2711
 9/12 [=====================>........] - ETA: 0s - loss: 0.2672
11/12 [==========================>...] - ETA: 0s - loss: 0.2688
12/12 [==============================] - 0s 36ms/step - loss: 0.2697
Epoch 5/300

 1/12 [=>............................] - ETA: 0s - loss: 0.2251
 3/12 [======>.......................] - ETA: 0s - loss: 0.2285
 5/12 [===========>..................] - ETA: 0s - loss: 0.2496
 7/12 [================>.............] - ETA: 0s - loss: 0.2529
 9/12 [=====================>........] - ETA: 0s - loss: 0.2545
11/12 [==========================>...] - ETA: 0s - loss: 0.2515
12/12 [==============================] - 0s 36ms/step - loss: 0.2500
Epoch 6/300

 1/12 [=>............................] - ETA: 0s - loss: 0.2923
 2/12 [====>.........................] - ETA: 0s - loss: 0.2572
 4/12 [=========>....................] - ETA: 0s - loss: 0.2237
 6/12 [==============>...............] - ETA: 0s - loss: 0.2229
 8/12 [===================>..........] - ETA: 0s - loss: 0.2220
10/12 [========================>.....] - ETA: 0s - loss: 0.2232
12/12 [==============================] - ETA: 0s - loss: 0.2206
12/12 [==============================] - 0s 36ms/step - loss: 0.2206
Epoch 7/300

 1/12 [=>............................] - ETA: 0s - loss: 0.1892
 3/12 [======>.......................] - ETA: 0s - loss: 0.2031
 5/12 [===========>..................] - ETA: 0s - loss: 0.2057
 7/12 [================>.............] - ETA: 0s - loss: 0.2116
 9/12 [=====================>........] - ETA: 0s - loss: 0.2177
11/12 [==========================>...] - ETA: 0s - loss: 0.2181
12/12 [==============================] - 0s 36ms/step - loss: 0.2182
Epoch 8/300

 1/12 [=>............................] - ETA: 0s - loss: 0.2527
 3/12 [======>.......................] - ETA: 0s - loss: 0.2419
 5/12 [===========>..................] - ETA: 0s - loss: 0.2477
 7/12 [================>.............] - ETA: 0s - loss: 0.2507
 9/12 [=====================>........] - ETA: 0s - loss: 0.2363
11/12 [==========================>...] - ETA: 0s - loss: 0.2265
12/12 [==============================] - 0s 36ms/step - loss: 0.2264
Epoch 9/300

 1/12 [=>............................] - ETA: 0s - loss: 0.2167
 3/12 [======>.......................] - ETA: 0s - loss: 0.2221
 5/12 [===========>..................] - ETA: 0s - loss: 0.2158
 7/12 [================>.............] - ETA: 0s - loss: 0.2196
 9/12 [=====================>........] - ETA: 0s - loss: 0.2138
11/12 [==========================>...] - ETA: 0s - loss: 0.2106
12/12 [==============================] - 0s 37ms/step - loss: 0.2089
Epoch 10/300

 1/12 [=>............................] - ETA: 0s - loss: 0.1935
 3/12 [======>.......................] - ETA: 0s - loss: 0.2283
 5/12 [===========>..................] - ETA: 0s - loss: 0.2009
 7/12 [================>.............] - ETA: 0s - loss: 0.1864
 9/12 [=====================>........] - ETA: 0s - loss: 0.1878
10/12 [========================>.....] - ETA: 0s - loss: 0.1894
12/12 [==============================] - ETA: 0s - loss: 0.1927
12/12 [==============================] - 0s 36ms/step - loss: 0.1927
Epoch 11/300

 1/12 [=>............................] - ETA: 0s - loss: 0.1537
 3/12 [======>.......................] - ETA: 0s - loss: 0.1928
 5/12 [===========>..................] - ETA: 0s - loss: 0.1949
 7/12 [================>.............] - ETA: 0s - loss: 0.1808
 9/12 [=====================>........] - ETA: 0s - loss: 0.1873
11/12 [==========================>...] - ETA: 0s - loss: 0.1873
12/12 [==============================] - 0s 38ms/step - loss: 0.1912
Epoch 12/300

 1/12 [=>............................] - ETA: 0s - loss: 0.1939
 2/12 [====>.........................] - ETA: 0s - loss: 0.1848
 4/12 [=========>....................] - ETA: 0s - loss: 0.1846
 6/12 [==============>...............] - ETA: 0s - loss: 0.1885
 7/12 [================>.............] - ETA: 0s - loss: 0.1872
 9/12 [=====================>........] - ETA: 0s - loss: 0.1882
11/12 [==========================>...] - ETA: 0s - loss: 0.1833
12/12 [==============================] - 0s 40ms/step - loss: 0.1851
Epoch 13/300

 1/12 [=>............................] - ETA: 0s - loss: 0.1690
 3/12 [======>.......................] - ETA: 0s - loss: 0.1756
 5/12 [===========>..................] - ETA: 0s - loss: 0.1700
 7/12 [================>.............] - ETA: 0s - loss: 0.1831
 9/12 [=====================>........] - ETA: 0s - loss: 0.1813
11/12 [==========================>...] - ETA: 0s - loss: 0.1794
12/12 [==============================] - 0s 38ms/step - loss: 0.1824
Epoch 14/300

 1/12 [=>............................] - ETA: 0s - loss: 0.1551
 3/12 [======>.......................] - ETA: 0s - loss: 0.1885
 5/12 [===========>..................] - ETA: 0s - loss: 0.1940
 7/12 [================>.............] - ETA: 0s - loss: 0.1824
 9/12 [=====================>........] - ETA: 0s - loss: 0.1778
10/12 [========================>.....] - ETA: 0s - loss: 0.1735
12/12 [==============================] - ETA: 0s - loss: 0.1726
12/12 [==============================] - 0s 38ms/step - loss: 0.1726
Epoch 15/300

 1/12 [=>............................] - ETA: 0s - loss: 0.1630
 3/12 [======>.......................] - ETA: 0s - loss: 0.1764
 5/12 [===========>..................] - ETA: 0s - loss: 0.1723
 7/12 [================>.............] - ETA: 0s - loss: 0.1718
 9/12 [=====================>........] - ETA: 0s - loss: 0.1645
11/12 [==========================>...] - ETA: 0s - loss: 0.1601
12/12 [==============================] - 0s 35ms/step - loss: 0.1611
Epoch 16/300

 1/12 [=>............................] - ETA: 0s - loss: 0.1249
 3/12 [======>.......................] - ETA: 0s - loss: 0.1428
 5/12 [===========>..................] - ETA: 0s - loss: 0.1573
 7/12 [================>.............] - ETA: 0s - loss: 0.1653
 9/12 [=====================>........] - ETA: 0s - loss: 0.1689
11/12 [==========================>...] - ETA: 0s - loss: 0.1702
12/12 [==============================] - 0s 35ms/step - loss: 0.1699
Epoch 17/300

 1/12 [=>............................] - ETA: 0s - loss: 0.1584
 3/12 [======>.......................] - ETA: 0s - loss: 0.1413
 5/12 [===========>..................] - ETA: 0s - loss: 0.1485
 7/12 [================>.............] - ETA: 0s - loss: 0.1574
 9/12 [=====================>........] - ETA: 0s - loss: 0.1590
11/12 [==========================>...] - ETA: 0s - loss: 0.1549
12/12 [==============================] - 0s 35ms/step - loss: 0.1567
Epoch 18/300

 1/12 [=>............................] - ETA: 0s - loss: 0.1316
 3/12 [======>.......................] - ETA: 0s - loss: 0.1520
 5/12 [===========>..................] - ETA: 0s - loss: 0.1644
 7/12 [================>.............] - ETA: 0s - loss: 0.1594
 9/12 [=====================>........] - ETA: 0s - loss: 0.1582
11/12 [==========================>...] - ETA: 0s - loss: 0.1551
12/12 [==============================] - 0s 36ms/step - loss: 0.1546
Epoch 19/300

 1/12 [=>............................] - ETA: 0s - loss: 0.1447
 3/12 [======>.......................] - ETA: 0s - loss: 0.1596
 5/12 [===========>..................] - ETA: 0s - loss: 0.1535
 7/12 [================>.............] - ETA: 0s - loss: 0.1568
 9/12 [=====================>........] - ETA: 0s - loss: 0.1523
11/12 [==========================>...] - ETA: 0s - loss: 0.1514
12/12 [==============================] - 0s 36ms/step - loss: 0.1505
Epoch 20/300

 1/12 [=>............................] - ETA: 0s - loss: 0.1253
 3/12 [======>.......................] - ETA: 0s - loss: 0.1665
 5/12 [===========>..................] - ETA: 0s - loss: 0.1561
 7/12 [================>.............] - ETA: 0s - loss: 0.1570
 9/12 [=====================>........] - ETA: 0s - loss: 0.1572
10/12 [========================>.....] - ETA: 0s - loss: 0.1610
12/12 [==============================] - ETA: 0s - loss: 0.1642
12/12 [==============================] - 0s 36ms/step - loss: 0.1642
Epoch 21/300

 1/12 [=>............................] - ETA: 0s - loss: 0.2019
 3/12 [======>.......................] - ETA: 0s - loss: 0.1670
 5/12 [===========>..................] - ETA: 0s - loss: 0.1593
 7/12 [================>.............] - ETA: 0s - loss: 0.1580
 9/12 [=====================>........] - ETA: 0s - loss: 0.1561
11/12 [==========================>...] - ETA: 0s - loss: 0.1519
12/12 [==============================] - 0s 35ms/step - loss: 0.1508
Epoch 22/300

 1/12 [=>............................] - ETA: 0s - loss: 0.1203
 3/12 [======>.......................] - ETA: 0s - loss: 0.1294
 5/12 [===========>..................] - ETA: 0s - loss: 0.1285
 7/12 [================>.............] - ETA: 0s - loss: 0.1303
 9/12 [=====================>........] - ETA: 0s - loss: 0.1283
11/12 [==========================>...] - ETA: 0s - loss: 0.1272
12/12 [==============================] - 0s 36ms/step - loss: 0.1263
Epoch 23/300

 1/12 [=>............................] - ETA: 0s - loss: 0.1872
 3/12 [======>.......................] - ETA: 0s - loss: 0.1529
 5/12 [===========>..................] - ETA: 0s - loss: 0.1549
 7/12 [================>.............] - ETA: 0s - loss: 0.1463
 9/12 [=====================>........] - ETA: 0s - loss: 0.1466
11/12 [==========================>...] - ETA: 0s - loss: 0.1506
12/12 [==============================] - 0s 34ms/step - loss: 0.1516
Epoch 24/300

 1/12 [=>............................] - ETA: 0s - loss: 0.1479
 3/12 [======>.......................] - ETA: 0s - loss: 0.1411
 5/12 [===========>..................] - ETA: 0s - loss: 0.1392
 7/12 [================>.............] - ETA: 0s - loss: 0.1405
 9/12 [=====================>........] - ETA: 0s - loss: 0.1437
11/12 [==========================>...] - ETA: 0s - loss: 0.1460
12/12 [==============================] - 0s 36ms/step - loss: 0.1446
Epoch 25/300

 1/12 [=>............................] - ETA: 0s - loss: 0.1310
 3/12 [======>.......................] - ETA: 0s - loss: 0.1414
 4/12 [=========>....................] - ETA: 0s - loss: 0.1435
 6/12 [==============>...............] - ETA: 0s - loss: 0.1464
 8/12 [===================>..........] - ETA: 0s - loss: 0.1416
10/12 [========================>.....] - ETA: 0s - loss: 0.1407
12/12 [==============================] - ETA: 0s - loss: 0.1376
12/12 [==============================] - 0s 36ms/step - loss: 0.1376
Epoch 26/300

 1/12 [=>............................] - ETA: 0s - loss: 0.1598
 3/12 [======>.......................] - ETA: 0s - loss: 0.1462
 5/12 [===========>..................] - ETA: 0s - loss: 0.1299
 7/12 [================>.............] - ETA: 0s - loss: 0.1312
 9/12 [=====================>........] - ETA: 0s - loss: 0.1363
11/12 [==========================>...] - ETA: 0s - loss: 0.1383
12/12 [==============================] - 0s 36ms/step - loss: 0.1371
Epoch 27/300

 1/12 [=>............................] - ETA: 0s - loss: 0.0766
 2/12 [====>.........................] - ETA: 0s - loss: 0.1024
 4/12 [=========>....................] - ETA: 0s - loss: 0.1195
 6/12 [==============>...............] - ETA: 0s - loss: 0.1337
 8/12 [===================>..........] - ETA: 0s - loss: 0.1349
10/12 [========================>.....] - ETA: 0s - loss: 0.1276
12/12 [==============================] - ETA: 0s - loss: 0.1275
12/12 [==============================] - 0s 36ms/step - loss: 0.1275
Epoch 28/300

 1/12 [=>............................] - ETA: 0s - loss: 0.0999
 3/12 [======>.......................] - ETA: 0s - loss: 0.1229
 5/12 [===========>..................] - ETA: 0s - loss: 0.1271
 7/12 [================>.............] - ETA: 0s - loss: 0.1293
 9/12 [=====================>........] - ETA: 0s - loss: 0.1250
11/12 [==========================>...] - ETA: 0s - loss: 0.1238
12/12 [==============================] - 0s 35ms/step - loss: 0.1252
Epoch 29/300

 1/12 [=>............................] - ETA: 0s - loss: 0.1189
 3/12 [======>.......................] - ETA: 0s - loss: 0.1195
 5/12 [===========>..................] - ETA: 0s - loss: 0.1357
 6/12 [==============>...............] - ETA: 0s - loss: 0.1279
 8/12 [===================>..........] - ETA: 0s - loss: 0.1253
10/12 [========================>.....] - ETA: 0s - loss: 0.1265
12/12 [==============================] - ETA: 0s - loss: 0.1263
12/12 [==============================] - 0s 35ms/step - loss: 0.1263
Epoch 30/300

 1/12 [=>............................] - ETA: 0s - loss: 0.1964
 3/12 [======>.......................] - ETA: 0s - loss: 0.1386
 5/12 [===========>..................] - ETA: 0s - loss: 0.1382
 7/12 [================>.............] - ETA: 0s - loss: 0.1294
 8/12 [===================>..........] - ETA: 0s - loss: 0.1296
10/12 [========================>.....] - ETA: 0s - loss: 0.1286
12/12 [==============================] - ETA: 0s - loss: 0.1283
12/12 [==============================] - 0s 37ms/step - loss: 0.1283
Epoch 31/300

 1/12 [=>............................] - ETA: 0s - loss: 0.1485
 3/12 [======>.......................] - ETA: 0s - loss: 0.1389
 5/12 [===========>..................] - ETA: 0s - loss: 0.1390
 7/12 [================>.............] - ETA: 0s - loss: 0.1336
 9/12 [=====================>........] - ETA: 0s - loss: 0.1295
11/12 [==========================>...] - ETA: 0s - loss: 0.1334
12/12 [==============================] - 0s 36ms/step - loss: 0.1343
Epoch 32/300

 1/12 [=>............................] - ETA: 0s - loss: 0.1079
 3/12 [======>.......................] - ETA: 0s - loss: 0.1137
 5/12 [===========>..................] - ETA: 0s - loss: 0.1164
 7/12 [================>.............] - ETA: 0s - loss: 0.1225
 9/12 [=====================>........] - ETA: 0s - loss: 0.1228
10/12 [========================>.....] - ETA: 0s - loss: 0.1227
12/12 [==============================] - ETA: 0s - loss: 0.1203
12/12 [==============================] - 0s 36ms/step - loss: 0.1203
Epoch 33/300

 1/12 [=>............................] - ETA: 0s - loss: 0.1136
 3/12 [======>.......................] - ETA: 0s - loss: 0.1240
 5/12 [===========>..................] - ETA: 0s - loss: 0.1387
 7/12 [================>.............] - ETA: 0s - loss: 0.1376
 9/12 [=====================>........] - ETA: 0s - loss: 0.1357
11/12 [==========================>...] - ETA: 0s - loss: 0.1294
12/12 [==============================] - 0s 35ms/step - loss: 0.1302
Epoch 34/300

 1/12 [=>............................] - ETA: 0s - loss: 0.1404
 3/12 [======>.......................] - ETA: 0s - loss: 0.1216
 5/12 [===========>..................] - ETA: 0s - loss: 0.1152
 7/12 [================>.............] - ETA: 0s - loss: 0.1184
 9/12 [=====================>........] - ETA: 0s - loss: 0.1233
11/12 [==========================>...] - ETA: 0s - loss: 0.1253
12/12 [==============================] - 0s 35ms/step - loss: 0.1265
Epoch 35/300

 1/12 [=>............................] - ETA: 0s - loss: 0.0913
 3/12 [======>.......................] - ETA: 0s - loss: 0.0916
 5/12 [===========>..................] - ETA: 0s - loss: 0.1140
 7/12 [================>.............] - ETA: 0s - loss: 0.1199
 9/12 [=====================>........] - ETA: 0s - loss: 0.1222
11/12 [==========================>...] - ETA: 0s - loss: 0.1225
12/12 [==============================] - 0s 35ms/step - loss: 0.1232
Epoch 36/300

 1/12 [=>............................] - ETA: 0s - loss: 0.1421
 3/12 [======>.......................] - ETA: 0s - loss: 0.1086
 5/12 [===========>..................] - ETA: 0s - loss: 0.1063
 7/12 [================>.............] - ETA: 0s - loss: 0.0989
 9/12 [=====================>........] - ETA: 0s - loss: 0.1085
11/12 [==========================>...] - ETA: 0s - loss: 0.1125
12/12 [==============================] - 0s 36ms/step - loss: 0.1129
Epoch 37/300

 1/12 [=>............................] - ETA: 0s - loss: 0.1184
 3/12 [======>.......................] - ETA: 0s - loss: 0.1177
 5/12 [===========>..................] - ETA: 0s - loss: 0.1268
 7/12 [================>.............] - ETA: 0s - loss: 0.1243
 9/12 [=====================>........] - ETA: 0s - loss: 0.1238
11/12 [==========================>...] - ETA: 0s - loss: 0.1216
12/12 [==============================] - 0s 36ms/step - loss: 0.1210
Epoch 38/300

 1/12 [=>............................] - ETA: 0s - loss: 0.1201
 3/12 [======>.......................] - ETA: 0s - loss: 0.1313
 5/12 [===========>..................] - ETA: 0s - loss: 0.1232
 6/12 [==============>...............] - ETA: 0s - loss: 0.1183
 8/12 [===================>..........] - ETA: 0s - loss: 0.1201
10/12 [========================>.....] - ETA: 0s - loss: 0.1176
12/12 [==============================] - ETA: 0s - loss: 0.1152
12/12 [==============================] - 0s 35ms/step - loss: 0.1152
Epoch 39/300

 1/12 [=>............................] - ETA: 0s - loss: 0.0890
 2/12 [====>.........................] - ETA: 0s - loss: 0.1071
 4/12 [=========>....................] - ETA: 0s - loss: 0.1098
 6/12 [==============>...............] - ETA: 0s - loss: 0.1151
 8/12 [===================>..........] - ETA: 0s - loss: 0.1171
10/12 [========================>.....] - ETA: 0s - loss: 0.1152
12/12 [==============================] - ETA: 0s - loss: 0.1163
12/12 [==============================] - 0s 36ms/step - loss: 0.1163
Epoch 40/300

 1/12 [=>............................] - ETA: 0s - loss: 0.1013
 3/12 [======>.......................] - ETA: 0s - loss: 0.1139
 5/12 [===========>..................] - ETA: 0s - loss: 0.1207
 7/12 [================>.............] - ETA: 0s - loss: 0.1235
 9/12 [=====================>........] - ETA: 0s - loss: 0.1241
11/12 [==========================>...] - ETA: 0s - loss: 0.1237
12/12 [==============================] - 0s 36ms/step - loss: 0.1232
Epoch 41/300

 1/12 [=>............................] - ETA: 0s - loss: 0.1119
 3/12 [======>.......................] - ETA: 0s - loss: 0.1044
 5/12 [===========>..................] - ETA: 0s - loss: 0.1026
 7/12 [================>.............] - ETA: 0s - loss: 0.1018
 9/12 [=====================>........] - ETA: 0s - loss: 0.1050
11/12 [==========================>...] - ETA: 0s - loss: 0.1100
12/12 [==============================] - 0s 35ms/step - loss: 0.1096
Epoch 42/300

 1/12 [=>............................] - ETA: 0s - loss: 0.1104
 3/12 [======>.......................] - ETA: 0s - loss: 0.1213
 5/12 [===========>..................] - ETA: 0s - loss: 0.1185
 7/12 [================>.............] - ETA: 0s - loss: 0.1154
 9/12 [=====================>........] - ETA: 0s - loss: 0.1107
11/12 [==========================>...] - ETA: 0s - loss: 0.1102
12/12 [==============================] - 0s 35ms/step - loss: 0.1087
Epoch 43/300

 1/12 [=>............................] - ETA: 0s - loss: 0.1140
 3/12 [======>.......................] - ETA: 0s - loss: 0.1130
 5/12 [===========>..................] - ETA: 0s - loss: 0.1030
 7/12 [================>.............] - ETA: 0s - loss: 0.1014
 9/12 [=====================>........] - ETA: 0s - loss: 0.0994
11/12 [==========================>...] - ETA: 0s - loss: 0.0983
12/12 [==============================] - 0s 36ms/step - loss: 0.0986
Epoch 44/300

 1/12 [=>............................] - ETA: 0s - loss: 0.0868
 3/12 [======>.......................] - ETA: 0s - loss: 0.0908
 5/12 [===========>..................] - ETA: 0s - loss: 0.1008
 7/12 [================>.............] - ETA: 0s - loss: 0.1056
 9/12 [=====================>........] - ETA: 0s - loss: 0.1099
11/12 [==========================>...] - ETA: 0s - loss: 0.1069
12/12 [==============================] - 0s 36ms/step - loss: 0.1081
Epoch 45/300

 1/12 [=>............................] - ETA: 0s - loss: 0.0986
 3/12 [======>.......................] - ETA: 0s - loss: 0.1121
 5/12 [===========>..................] - ETA: 0s - loss: 0.1052
 7/12 [================>.............] - ETA: 0s - loss: 0.1020
 9/12 [=====================>........] - ETA: 0s - loss: 0.1035
11/12 [==========================>...] - ETA: 0s - loss: 0.1013
12/12 [==============================] - 0s 36ms/step - loss: 0.1019
Epoch 46/300

 1/12 [=>............................] - ETA: 0s - loss: 0.0935
 3/12 [======>.......................] - ETA: 0s - loss: 0.1089
 5/12 [===========>..................] - ETA: 0s - loss: 0.1011
 7/12 [================>.............] - ETA: 0s - loss: 0.0989
 9/12 [=====================>........] - ETA: 0s - loss: 0.0996
10/12 [========================>.....] - ETA: 0s - loss: 0.0980
12/12 [==============================] - 0s 35ms/step - loss: 0.0981
Epoch 47/300

 1/12 [=>............................] - ETA: 0s - loss: 0.1231
 3/12 [======>.......................] - ETA: 0s - loss: 0.1135
 5/12 [===========>..................] - ETA: 0s - loss: 0.1154
 7/12 [================>.............] - ETA: 0s - loss: 0.1128
 9/12 [=====================>........] - ETA: 0s - loss: 0.1175
11/12 [==========================>...] - ETA: 0s - loss: 0.1172
12/12 [==============================] - 0s 36ms/step - loss: 0.1159
Epoch 48/300

 1/12 [=>............................] - ETA: 0s - loss: 0.0906
 3/12 [======>.......................] - ETA: 0s - loss: 0.0999
 5/12 [===========>..................] - ETA: 0s - loss: 0.1074
 7/12 [================>.............] - ETA: 0s - loss: 0.1036
 8/12 [===================>..........] - ETA: 0s - loss: 0.1047
10/12 [========================>.....] - ETA: 0s - loss: 0.1020
12/12 [==============================] - ETA: 0s - loss: 0.1000
12/12 [==============================] - 0s 38ms/step - loss: 0.1000
Epoch 49/300

 1/12 [=>............................] - ETA: 0s - loss: 0.0976
 3/12 [======>.......................] - ETA: 0s - loss: 0.1000
 5/12 [===========>..................] - ETA: 0s - loss: 0.0962
 7/12 [================>.............] - ETA: 0s - loss: 0.0875
 9/12 [=====================>........] - ETA: 0s - loss: 0.0904
11/12 [==========================>...] - ETA: 0s - loss: 0.0898
12/12 [==============================] - 0s 36ms/step - loss: 0.0885
Epoch 50/300

 1/12 [=>............................] - ETA: 0s - loss: 0.0588
 3/12 [======>.......................] - ETA: 0s - loss: 0.1057
 4/12 [=========>....................] - ETA: 0s - loss: 0.1080
 6/12 [==============>...............] - ETA: 0s - loss: 0.1000
 7/12 [================>.............] - ETA: 0s - loss: 0.0986
 9/12 [=====================>........] - ETA: 0s - loss: 0.0983
11/12 [==========================>...] - ETA: 0s - loss: 0.0969
12/12 [==============================] - 0s 38ms/step - loss: 0.0975
Epoch 51/300

 1/12 [=>............................] - ETA: 0s - loss: 0.1163
 3/12 [======>.......................] - ETA: 0s - loss: 0.1054
 5/12 [===========>..................] - ETA: 0s - loss: 0.1085
 7/12 [================>.............] - ETA: 0s - loss: 0.1032
 9/12 [=====================>........] - ETA: 0s - loss: 0.1031
11/12 [==========================>...] - ETA: 0s - loss: 0.1027
12/12 [==============================] - 0s 36ms/step - loss: 0.1040
Epoch 52/300

 1/12 [=>............................] - ETA: 0s - loss: 0.0971
 3/12 [======>.......................] - ETA: 0s - loss: 0.1066
 5/12 [===========>..................] - ETA: 0s - loss: 0.1050
 7/12 [================>.............] - ETA: 0s - loss: 0.1005
 8/12 [===================>..........] - ETA: 0s - loss: 0.1011
10/12 [========================>.....] - ETA: 0s - loss: 0.0990
12/12 [==============================] - ETA: 0s - loss: 0.0984
12/12 [==============================] - 0s 36ms/step - loss: 0.0984
Epoch 53/300

 1/12 [=>............................] - ETA: 0s - loss: 0.1049
 3/12 [======>.......................] - ETA: 0s - loss: 0.0821
 5/12 [===========>..................] - ETA: 0s - loss: 0.0814
 7/12 [================>.............] - ETA: 0s - loss: 0.0828
 9/12 [=====================>........] - ETA: 0s - loss: 0.0821
11/12 [==========================>...] - ETA: 0s - loss: 0.0830
12/12 [==============================] - 0s 36ms/step - loss: 0.0841
Epoch 54/300

 1/12 [=>............................] - ETA: 0s - loss: 0.0783
 3/12 [======>.......................] - ETA: 0s - loss: 0.0827
 5/12 [===========>..................] - ETA: 0s - loss: 0.0852
 7/12 [================>.............] - ETA: 0s - loss: 0.0849
 9/12 [=====================>........] - ETA: 0s - loss: 0.0900
11/12 [==========================>...] - ETA: 0s - loss: 0.0948
12/12 [==============================] - 0s 36ms/step - loss: 0.0948
Epoch 55/300

 1/12 [=>............................] - ETA: 0s - loss: 0.1025
 3/12 [======>.......................] - ETA: 0s - loss: 0.0971
 5/12 [===========>..................] - ETA: 0s - loss: 0.1028
 7/12 [================>.............] - ETA: 0s - loss: 0.1094
 9/12 [=====================>........] - ETA: 0s - loss: 0.1057
11/12 [==========================>...] - ETA: 0s - loss: 0.1076
12/12 [==============================] - 0s 36ms/step - loss: 0.1072
Epoch 56/300

 1/12 [=>............................] - ETA: 0s - loss: 0.0996
 3/12 [======>.......................] - ETA: 0s - loss: 0.1125
 5/12 [===========>..................] - ETA: 0s - loss: 0.1098
 7/12 [================>.............] - ETA: 0s - loss: 0.1071
 9/12 [=====================>........] - ETA: 0s - loss: 0.0997
11/12 [==========================>...] - ETA: 0s - loss: 0.1007
12/12 [==============================] - 0s 36ms/step - loss: 0.0999
Epoch 57/300

 1/12 [=>............................] - ETA: 0s - loss: 0.0715
 3/12 [======>.......................] - ETA: 0s - loss: 0.0769
 5/12 [===========>..................] - ETA: 0s - loss: 0.0835
 7/12 [================>.............] - ETA: 0s - loss: 0.0900
 9/12 [=====================>........] - ETA: 0s - loss: 0.0886
11/12 [==========================>...] - ETA: 0s - loss: 0.0875
12/12 [==============================] - 0s 35ms/step - loss: 0.0866
Epoch 58/300

 1/12 [=>............................] - ETA: 0s - loss: 0.1118
 3/12 [======>.......................] - ETA: 0s - loss: 0.1016
 5/12 [===========>..................] - ETA: 0s - loss: 0.1033
 7/12 [================>.............] - ETA: 0s - loss: 0.0945
 9/12 [=====================>........] - ETA: 0s - loss: 0.0921
11/12 [==========================>...] - ETA: 0s - loss: 0.0944
12/12 [==============================] - 0s 36ms/step - loss: 0.0947
Epoch 59/300

 1/12 [=>............................] - ETA: 0s - loss: 0.0799
 3/12 [======>.......................] - ETA: 0s - loss: 0.0791
 5/12 [===========>..................] - ETA: 0s - loss: 0.0839
 7/12 [================>.............] - ETA: 0s - loss: 0.0861
 9/12 [=====================>........] - ETA: 0s - loss: 0.0924
11/12 [==========================>...] - ETA: 0s - loss: 0.0908
12/12 [==============================] - 0s 36ms/step - loss: 0.0910
Epoch 60/300

 1/12 [=>............................] - ETA: 0s - loss: 0.0748
 3/12 [======>.......................] - ETA: 0s - loss: 0.0724
 5/12 [===========>..................] - ETA: 0s - loss: 0.0874
 7/12 [================>.............] - ETA: 0s - loss: 0.0833
 9/12 [=====================>........] - ETA: 0s - loss: 0.0813
11/12 [==========================>...] - ETA: 0s - loss: 0.0829
12/12 [==============================] - 0s 36ms/step - loss: 0.0827
Epoch 61/300

 1/12 [=>............................] - ETA: 0s - loss: 0.0853
 3/12 [======>.......................] - ETA: 0s - loss: 0.0918
 4/12 [=========>....................] - ETA: 0s - loss: 0.0931
 6/12 [==============>...............] - ETA: 0s - loss: 0.0942
 8/12 [===================>..........] - ETA: 0s - loss: 0.0987
10/12 [========================>.....] - ETA: 0s - loss: 0.0979
12/12 [==============================] - ETA: 0s - loss: 0.0960
12/12 [==============================] - 0s 36ms/step - loss: 0.0960
Epoch 62/300

 1/12 [=>............................] - ETA: 0s - loss: 0.0855
 3/12 [======>.......................] - ETA: 0s - loss: 0.0853
 5/12 [===========>..................] - ETA: 0s - loss: 0.0889
 7/12 [================>.............] - ETA: 0s - loss: 0.0849
 8/12 [===================>..........] - ETA: 0s - loss: 0.0873
10/12 [========================>.....] - ETA: 0s - loss: 0.0838
12/12 [==============================] - ETA: 0s - loss: 0.0827
12/12 [==============================] - 0s 37ms/step - loss: 0.0827
Epoch 63/300

 1/12 [=>............................] - ETA: 0s - loss: 0.0690
 3/12 [======>.......................] - ETA: 0s - loss: 0.0785
 5/12 [===========>..................] - ETA: 0s - loss: 0.0796
 6/12 [==============>...............] - ETA: 0s - loss: 0.0803
 8/12 [===================>..........] - ETA: 0s - loss: 0.0836
10/12 [========================>.....] - ETA: 0s - loss: 0.0826
12/12 [==============================] - ETA: 0s - loss: 0.0820
12/12 [==============================] - 0s 36ms/step - loss: 0.0820
Epoch 64/300

 1/12 [=>............................] - ETA: 0s - loss: 0.0629
 3/12 [======>.......................] - ETA: 0s - loss: 0.0840
 5/12 [===========>..................] - ETA: 0s - loss: 0.0883
 7/12 [================>.............] - ETA: 0s - loss: 0.0924
 9/12 [=====================>........] - ETA: 0s - loss: 0.0902
11/12 [==========================>...] - ETA: 0s - loss: 0.0901
12/12 [==============================] - 0s 35ms/step - loss: 0.0900
Epoch 65/300

 1/12 [=>............................] - ETA: 0s - loss: 0.0919
 3/12 [======>.......................] - ETA: 0s - loss: 0.0787
 5/12 [===========>..................] - ETA: 0s - loss: 0.0777
 7/12 [================>.............] - ETA: 0s - loss: 0.0859
 9/12 [=====================>........] - ETA: 0s - loss: 0.0871
11/12 [==========================>...] - ETA: 0s - loss: 0.0870
12/12 [==============================] - 0s 35ms/step - loss: 0.0869
Epoch 66/300

 1/12 [=>............................] - ETA: 0s - loss: 0.0737
 3/12 [======>.......................] - ETA: 0s - loss: 0.0938
 5/12 [===========>..................] - ETA: 0s - loss: 0.0877
 7/12 [================>.............] - ETA: 0s - loss: 0.0894
 9/12 [=====================>........] - ETA: 0s - loss: 0.0901
11/12 [==========================>...] - ETA: 0s - loss: 0.0879
12/12 [==============================] - 0s 36ms/step - loss: 0.0882
Epoch 67/300

 1/12 [=>............................] - ETA: 0s - loss: 0.0809
 3/12 [======>.......................] - ETA: 0s - loss: 0.0810
 4/12 [=========>....................] - ETA: 0s - loss: 0.0771
 6/12 [==============>...............] - ETA: 0s - loss: 0.0769
 8/12 [===================>..........] - ETA: 0s - loss: 0.0806
10/12 [========================>.....] - ETA: 0s - loss: 0.0835
12/12 [==============================] - ETA: 0s - loss: 0.0854
12/12 [==============================] - 0s 36ms/step - loss: 0.0854
Epoch 68/300

 1/12 [=>............................] - ETA: 0s - loss: 0.0831
 3/12 [======>.......................] - ETA: 0s - loss: 0.0840
 5/12 [===========>..................] - ETA: 0s - loss: 0.0837
 7/12 [================>.............] - ETA: 0s - loss: 0.0870
 9/12 [=====================>........] - ETA: 0s - loss: 0.0859
11/12 [==========================>...] - ETA: 0s - loss: 0.0873
12/12 [==============================] - 0s 36ms/step - loss: 0.0878
Epoch 69/300

 1/12 [=>............................] - ETA: 0s - loss: 0.0891
 3/12 [======>.......................] - ETA: 0s - loss: 0.0915
 5/12 [===========>..................] - ETA: 0s - loss: 0.0898
 7/12 [================>.............] - ETA: 0s - loss: 0.0890
 8/12 [===================>..........] - ETA: 0s - loss: 0.0900
10/12 [========================>.....] - ETA: 0s - loss: 0.0905
12/12 [==============================] - ETA: 0s - loss: 0.0890
12/12 [==============================] - 0s 36ms/step - loss: 0.0890
Epoch 70/300

 1/12 [=>............................] - ETA: 0s - loss: 0.0949
 3/12 [======>.......................] - ETA: 0s - loss: 0.0900
 5/12 [===========>..................] - ETA: 0s - loss: 0.0830
 7/12 [================>.............] - ETA: 0s - loss: 0.0862
 9/12 [=====================>........] - ETA: 0s - loss: 0.0867
11/12 [==========================>...] - ETA: 0s - loss: 0.0843
12/12 [==============================] - 0s 36ms/step - loss: 0.0835
Epoch 71/300

 1/12 [=>............................] - ETA: 0s - loss: 0.0724
 3/12 [======>.......................] - ETA: 0s - loss: 0.0710
 4/12 [=========>....................] - ETA: 0s - loss: 0.0711
 6/12 [==============>...............] - ETA: 0s - loss: 0.0734
 8/12 [===================>..........] - ETA: 0s - loss: 0.0764
 9/12 [=====================>........] - ETA: 0s - loss: 0.0763
11/12 [==========================>...] - ETA: 0s - loss: 0.0773
12/12 [==============================] - 0s 36ms/step - loss: 0.0764
Epoch 72/300

 1/12 [=>............................] - ETA: 0s - loss: 0.0766
 3/12 [======>.......................] - ETA: 0s - loss: 0.0763
 5/12 [===========>..................] - ETA: 0s - loss: 0.0815
 7/12 [================>.............] - ETA: 0s - loss: 0.0769
 9/12 [=====================>........] - ETA: 0s - loss: 0.0782
11/12 [==========================>...] - ETA: 0s - loss: 0.0775
12/12 [==============================] - 0s 36ms/step - loss: 0.0772
Epoch 73/300

 1/12 [=>............................] - ETA: 0s - loss: 0.0519
 3/12 [======>.......................] - ETA: 0s - loss: 0.0606
 5/12 [===========>..................] - ETA: 0s - loss: 0.0686
 7/12 [================>.............] - ETA: 0s - loss: 0.0748
 9/12 [=====================>........] - ETA: 0s - loss: 0.0762
11/12 [==========================>...] - ETA: 0s - loss: 0.0747
12/12 [==============================] - 0s 36ms/step - loss: 0.0751
Epoch 74/300

 1/12 [=>............................] - ETA: 0s - loss: 0.0884
 2/12 [====>.........................] - ETA: 0s - loss: 0.0844
 4/12 [=========>....................] - ETA: 0s - loss: 0.0756
 6/12 [==============>...............] - ETA: 0s - loss: 0.0757
 8/12 [===================>..........] - ETA: 0s - loss: 0.0797
10/12 [========================>.....] - ETA: 0s - loss: 0.0822
12/12 [==============================] - ETA: 0s - loss: 0.0830
12/12 [==============================] - 0s 36ms/step - loss: 0.0830
Epoch 75/300

 1/12 [=>............................] - ETA: 0s - loss: 0.0653
 3/12 [======>.......................] - ETA: 0s - loss: 0.0738
 5/12 [===========>..................] - ETA: 0s - loss: 0.0798
 7/12 [================>.............] - ETA: 0s - loss: 0.0756
 9/12 [=====================>........] - ETA: 0s - loss: 0.0742
11/12 [==========================>...] - ETA: 0s - loss: 0.0752
12/12 [==============================] - 0s 36ms/step - loss: 0.0750
Epoch 76/300

 1/12 [=>............................] - ETA: 0s - loss: 0.0834
 3/12 [======>.......................] - ETA: 0s - loss: 0.0880
 5/12 [===========>..................] - ETA: 0s - loss: 0.0870
 7/12 [================>.............] - ETA: 0s - loss: 0.0848
 9/12 [=====================>........] - ETA: 0s - loss: 0.0828
11/12 [==========================>...] - ETA: 0s - loss: 0.0827
12/12 [==============================] - 0s 36ms/step - loss: 0.0826
Epoch 77/300

 1/12 [=>............................] - ETA: 0s - loss: 0.0655
 3/12 [======>.......................] - ETA: 0s - loss: 0.0758
 5/12 [===========>..................] - ETA: 0s - loss: 0.0783
 7/12 [================>.............] - ETA: 0s - loss: 0.0782
 9/12 [=====================>........] - ETA: 0s - loss: 0.0812
11/12 [==========================>...] - ETA: 0s - loss: 0.0819
12/12 [==============================] - 0s 36ms/step - loss: 0.0824
Epoch 78/300

 1/12 [=>............................] - ETA: 0s - loss: 0.0736
 3/12 [======>.......................] - ETA: 0s - loss: 0.0832
 5/12 [===========>..................] - ETA: 0s - loss: 0.0816
 7/12 [================>.............] - ETA: 0s - loss: 0.0791
 9/12 [=====================>........] - ETA: 0s - loss: 0.0756
11/12 [==========================>...] - ETA: 0s - loss: 0.0773
12/12 [==============================] - 0s 36ms/step - loss: 0.0765
Epoch 79/300

 1/12 [=>............................] - ETA: 0s - loss: 0.0677
 3/12 [======>.......................] - ETA: 0s - loss: 0.0715
 5/12 [===========>..................] - ETA: 0s - loss: 0.0733
 7/12 [================>.............] - ETA: 0s - loss: 0.0776
 9/12 [=====================>........] - ETA: 0s - loss: 0.0791
11/12 [==========================>...] - ETA: 0s - loss: 0.0809
12/12 [==============================] - 0s 36ms/step - loss: 0.0808
Epoch 80/300

 1/12 [=>............................] - ETA: 0s - loss: 0.0771
 3/12 [======>.......................] - ETA: 0s - loss: 0.0765
 5/12 [===========>..................] - ETA: 0s - loss: 0.0739
 7/12 [================>.............] - ETA: 0s - loss: 0.0760
 9/12 [=====================>........] - ETA: 0s - loss: 0.0785
11/12 [==========================>...] - ETA: 0s - loss: 0.0775
12/12 [==============================] - 0s 36ms/step - loss: 0.0768
Epoch 81/300

 1/12 [=>............................] - ETA: 0s - loss: 0.0676
 3/12 [======>.......................] - ETA: 0s - loss: 0.0885
 4/12 [=========>....................] - ETA: 0s - loss: 0.0853
 6/12 [==============>...............] - ETA: 0s - loss: 0.0806
 8/12 [===================>..........] - ETA: 0s - loss: 0.0824
10/12 [========================>.....] - ETA: 0s - loss: 0.0833
12/12 [==============================] - ETA: 0s - loss: 0.0837
12/12 [==============================] - 0s 36ms/step - loss: 0.0837
Epoch 82/300

 1/12 [=>............................] - ETA: 0s - loss: 0.0643
 3/12 [======>.......................] - ETA: 0s - loss: 0.0678
 5/12 [===========>..................] - ETA: 0s - loss: 0.0816
 7/12 [================>.............] - ETA: 0s - loss: 0.0865
 9/12 [=====================>........] - ETA: 0s - loss: 0.0862
11/12 [==========================>...] - ETA: 0s - loss: 0.0824
12/12 [==============================] - 0s 37ms/step - loss: 0.0840
Epoch 83/300

 1/12 [=>............................] - ETA: 0s - loss: 0.0882
 3/12 [======>.......................] - ETA: 0s - loss: 0.0890
 5/12 [===========>..................] - ETA: 0s - loss: 0.0860
 7/12 [================>.............] - ETA: 0s - loss: 0.0890
 9/12 [=====================>........] - ETA: 0s - loss: 0.0843
11/12 [==========================>...] - ETA: 0s - loss: 0.0849
12/12 [==============================] - 0s 35ms/step - loss: 0.0844
Epoch 84/300

 1/12 [=>............................] - ETA: 0s - loss: 0.0638
 3/12 [======>.......................] - ETA: 0s - loss: 0.0773
 5/12 [===========>..................] - ETA: 0s - loss: 0.0761
 7/12 [================>.............] - ETA: 0s - loss: 0.0773
 9/12 [=====================>........] - ETA: 0s - loss: 0.0743
11/12 [==========================>...] - ETA: 0s - loss: 0.0727
12/12 [==============================] - 0s 37ms/step - loss: 0.0724
Epoch 85/300

 1/12 [=>............................] - ETA: 0s - loss: 0.0700
 3/12 [======>.......................] - ETA: 0s - loss: 0.0739
 5/12 [===========>..................] - ETA: 0s - loss: 0.0794
 7/12 [================>.............] - ETA: 0s - loss: 0.0807
 8/12 [===================>..........] - ETA: 0s - loss: 0.0843
10/12 [========================>.....] - ETA: 0s - loss: 0.0798
12/12 [==============================] - ETA: 0s - loss: 0.0794
12/12 [==============================] - 0s 38ms/step - loss: 0.0794
Epoch 86/300

 1/12 [=>............................] - ETA: 0s - loss: 0.0942
 3/12 [======>.......................] - ETA: 0s - loss: 0.0926
 5/12 [===========>..................] - ETA: 0s - loss: 0.0897
 7/12 [================>.............] - ETA: 0s - loss: 0.0869
 9/12 [=====================>........] - ETA: 0s - loss: 0.0913
11/12 [==========================>...] - ETA: 0s - loss: 0.0886
12/12 [==============================] - 0s 39ms/step - loss: 0.0876
Epoch 87/300

 1/12 [=>............................] - ETA: 0s - loss: 0.1194
 3/12 [======>.......................] - ETA: 0s - loss: 0.0917
 5/12 [===========>..................] - ETA: 0s - loss: 0.0836
 7/12 [================>.............] - ETA: 0s - loss: 0.0797
 9/12 [=====================>........] - ETA: 0s - loss: 0.0808
11/12 [==========================>...] - ETA: 0s - loss: 0.0773
12/12 [==============================] - 0s 38ms/step - loss: 0.0771
Epoch 88/300

 1/12 [=>............................] - ETA: 0s - loss: 0.0875
 3/12 [======>.......................] - ETA: 0s - loss: 0.0862
 5/12 [===========>..................] - ETA: 0s - loss: 0.0822
 7/12 [================>.............] - ETA: 0s - loss: 0.0792
 9/12 [=====================>........] - ETA: 0s - loss: 0.0784
11/12 [==========================>...] - ETA: 0s - loss: 0.0759
12/12 [==============================] - 0s 35ms/step - loss: 0.0757
Epoch 89/300

 1/12 [=>............................] - ETA: 0s - loss: 0.0772
 3/12 [======>.......................] - ETA: 0s - loss: 0.0844
 5/12 [===========>..................] - ETA: 0s - loss: 0.0769
 7/12 [================>.............] - ETA: 0s - loss: 0.0756
 9/12 [=====================>........] - ETA: 0s - loss: 0.0774
11/12 [==========================>...] - ETA: 0s - loss: 0.0784
12/12 [==============================] - 0s 35ms/step - loss: 0.0791
Epoch 90/300

 1/12 [=>............................] - ETA: 0s - loss: 0.0863
 3/12 [======>.......................] - ETA: 0s - loss: 0.0776
 5/12 [===========>..................] - ETA: 0s - loss: 0.0725
 7/12 [================>.............] - ETA: 0s - loss: 0.0702
 9/12 [=====================>........] - ETA: 0s - loss: 0.0717
11/12 [==========================>...] - ETA: 0s - loss: 0.0715
12/12 [==============================] - 0s 35ms/step - loss: 0.0718
Epoch 91/300

 1/12 [=>............................] - ETA: 0s - loss: 0.0608
 3/12 [======>.......................] - ETA: 0s - loss: 0.0733
 5/12 [===========>..................] - ETA: 0s - loss: 0.0722
 7/12 [================>.............] - ETA: 0s - loss: 0.0687
 9/12 [=====================>........] - ETA: 0s - loss: 0.0672
11/12 [==========================>...] - ETA: 0s - loss: 0.0694
12/12 [==============================] - 0s 36ms/step - loss: 0.0694
Epoch 92/300

 1/12 [=>............................] - ETA: 0s - loss: 0.0934
 3/12 [======>.......................] - ETA: 0s - loss: 0.0798
 5/12 [===========>..................] - ETA: 0s - loss: 0.0799
 7/12 [================>.............] - ETA: 0s - loss: 0.0738
 9/12 [=====================>........] - ETA: 0s - loss: 0.0751
11/12 [==========================>...] - ETA: 0s - loss: 0.0753
12/12 [==============================] - 0s 36ms/step - loss: 0.0756
Epoch 93/300

 1/12 [=>............................] - ETA: 0s - loss: 0.1003
 3/12 [======>.......................] - ETA: 0s - loss: 0.0850
 5/12 [===========>..................] - ETA: 0s - loss: 0.0817
 7/12 [================>.............] - ETA: 0s - loss: 0.0804
 9/12 [=====================>........] - ETA: 0s - loss: 0.0779
11/12 [==========================>...] - ETA: 0s - loss: 0.0788
12/12 [==============================] - 0s 35ms/step - loss: 0.0788
Epoch 94/300

 1/12 [=>............................] - ETA: 0s - loss: 0.0759
 3/12 [======>.......................] - ETA: 0s - loss: 0.0768
 5/12 [===========>..................] - ETA: 0s - loss: 0.0744
 7/12 [================>.............] - ETA: 0s - loss: 0.0760
 9/12 [=====================>........] - ETA: 0s - loss: 0.0756
11/12 [==========================>...] - ETA: 0s - loss: 0.0725
12/12 [==============================] - 0s 36ms/step - loss: 0.0717
Epoch 95/300

 1/12 [=>............................] - ETA: 0s - loss: 0.0553
 3/12 [======>.......................] - ETA: 0s - loss: 0.0667
 5/12 [===========>..................] - ETA: 0s - loss: 0.0659
 7/12 [================>.............] - ETA: 0s - loss: 0.0649
 9/12 [=====================>........] - ETA: 0s - loss: 0.0661
11/12 [==========================>...] - ETA: 0s - loss: 0.0678
12/12 [==============================] - 0s 35ms/step - loss: 0.0675
Epoch 96/300

 1/12 [=>............................] - ETA: 0s - loss: 0.0720
 3/12 [======>.......................] - ETA: 0s - loss: 0.0671
 5/12 [===========>..................] - ETA: 0s - loss: 0.0672
 7/12 [================>.............] - ETA: 0s - loss: 0.0701
 9/12 [=====================>........] - ETA: 0s - loss: 0.0709
11/12 [==========================>...] - ETA: 0s - loss: 0.0717
12/12 [==============================] - 0s 36ms/step - loss: 0.0717
Epoch 97/300

 1/12 [=>............................] - ETA: 0s - loss: 0.0750
 3/12 [======>.......................] - ETA: 0s - loss: 0.0843
 5/12 [===========>..................] - ETA: 0s - loss: 0.0823
 7/12 [================>.............] - ETA: 0s - loss: 0.0819
 9/12 [=====================>........] - ETA: 0s - loss: 0.0784
11/12 [==========================>...] - ETA: 0s - loss: 0.0741
12/12 [==============================] - 0s 36ms/step - loss: 0.0740
Epoch 98/300

 1/12 [=>............................] - ETA: 0s - loss: 0.0571
 3/12 [======>.......................] - ETA: 0s - loss: 0.0719
 5/12 [===========>..................] - ETA: 0s - loss: 0.0682
 7/12 [================>.............] - ETA: 0s - loss: 0.0695
 9/12 [=====================>........] - ETA: 0s - loss: 0.0742
11/12 [==========================>...] - ETA: 0s - loss: 0.0738
12/12 [==============================] - 0s 36ms/step - loss: 0.0734
Epoch 99/300

 1/12 [=>............................] - ETA: 0s - loss: 0.0537
 3/12 [======>.......................] - ETA: 0s - loss: 0.0674
 5/12 [===========>..................] - ETA: 0s - loss: 0.0686
 7/12 [================>.............] - ETA: 0s - loss: 0.0714
 9/12 [=====================>........] - ETA: 0s - loss: 0.0701
11/12 [==========================>...] - ETA: 0s - loss: 0.0710
12/12 [==============================] - 0s 36ms/step - loss: 0.0704
Epoch 100/300

 1/12 [=>............................] - ETA: 0s - loss: 0.0718
 3/12 [======>.......................] - ETA: 0s - loss: 0.0803
 5/12 [===========>..................] - ETA: 0s - loss: 0.0745
 7/12 [================>.............] - ETA: 0s - loss: 0.0748
 9/12 [=====================>........] - ETA: 0s - loss: 0.0726
11/12 [==========================>...] - ETA: 0s - loss: 0.0742
12/12 [==============================] - 0s 36ms/step - loss: 0.0749
Epoch 101/300

 1/12 [=>............................] - ETA: 0s - loss: 0.0826
 3/12 [======>.......................] - ETA: 0s - loss: 0.0734
 5/12 [===========>..................] - ETA: 0s - loss: 0.0691
 7/12 [================>.............] - ETA: 0s - loss: 0.0704
 9/12 [=====================>........] - ETA: 0s - loss: 0.0701
11/12 [==========================>...] - ETA: 0s - loss: 0.0706
12/12 [==============================] - 0s 36ms/step - loss: 0.0704
Epoch 102/300

 1/12 [=>............................] - ETA: 0s - loss: 0.0639
 3/12 [======>.......................] - ETA: 0s - loss: 0.0729
 5/12 [===========>..................] - ETA: 0s - loss: 0.0649
 7/12 [================>.............] - ETA: 0s - loss: 0.0670
 8/12 [===================>..........] - ETA: 0s - loss: 0.0681
10/12 [========================>.....] - ETA: 0s - loss: 0.0685
12/12 [==============================] - ETA: 0s - loss: 0.0673
12/12 [==============================] - 0s 36ms/step - loss: 0.0673
Epoch 103/300

 1/12 [=>............................] - ETA: 0s - loss: 0.0725
 3/12 [======>.......................] - ETA: 0s - loss: 0.0685
 5/12 [===========>..................] - ETA: 0s - loss: 0.0792
 7/12 [================>.............] - ETA: 0s - loss: 0.0782
 9/12 [=====================>........] - ETA: 0s - loss: 0.0744
11/12 [==========================>...] - ETA: 0s - loss: 0.0727
12/12 [==============================] - 0s 36ms/step - loss: 0.0738
Epoch 104/300

 1/12 [=>............................] - ETA: 0s - loss: 0.0643
 3/12 [======>.......................] - ETA: 0s - loss: 0.0693
 5/12 [===========>..................] - ETA: 0s - loss: 0.0737
 7/12 [================>.............] - ETA: 0s - loss: 0.0696
 9/12 [=====================>........] - ETA: 0s - loss: 0.0675
11/12 [==========================>...] - ETA: 0s - loss: 0.0682
12/12 [==============================] - 0s 36ms/step - loss: 0.0677
Epoch 105/300

 1/12 [=>............................] - ETA: 0s - loss: 0.0959
 3/12 [======>.......................] - ETA: 0s - loss: 0.0779
 5/12 [===========>..................] - ETA: 0s - loss: 0.0744
 7/12 [================>.............] - ETA: 0s - loss: 0.0770
 9/12 [=====================>........] - ETA: 0s - loss: 0.0740
11/12 [==========================>...] - ETA: 0s - loss: 0.0739
12/12 [==============================] - 0s 36ms/step - loss: 0.0737
Epoch 106/300

 1/12 [=>............................] - ETA: 0s - loss: 0.0590
 3/12 [======>.......................] - ETA: 0s - loss: 0.0715
 5/12 [===========>..................] - ETA: 0s - loss: 0.0689
 7/12 [================>.............] - ETA: 0s - loss: 0.0678
 9/12 [=====================>........] - ETA: 0s - loss: 0.0695
11/12 [==========================>...] - ETA: 0s - loss: 0.0687
12/12 [==============================] - 0s 35ms/step - loss: 0.0687
Epoch 107/300

 1/12 [=>............................] - ETA: 0s - loss: 0.0670
 3/12 [======>.......................] - ETA: 0s - loss: 0.0685
 5/12 [===========>..................] - ETA: 0s - loss: 0.0663
 7/12 [================>.............] - ETA: 0s - loss: 0.0651
 9/12 [=====================>........] - ETA: 0s - loss: 0.0624
11/12 [==========================>...] - ETA: 0s - loss: 0.0631
12/12 [==============================] - 0s 35ms/step - loss: 0.0631
Epoch 108/300

 1/12 [=>............................] - ETA: 0s - loss: 0.0657
 3/12 [======>.......................] - ETA: 0s - loss: 0.0779
 5/12 [===========>..................] - ETA: 0s - loss: 0.0772
 7/12 [================>.............] - ETA: 0s - loss: 0.0761
 9/12 [=====================>........] - ETA: 0s - loss: 0.0721
11/12 [==========================>...] - ETA: 0s - loss: 0.0716
12/12 [==============================] - 0s 35ms/step - loss: 0.0716
Epoch 109/300

 1/12 [=>............................] - ETA: 0s - loss: 0.0692
 3/12 [======>.......................] - ETA: 0s - loss: 0.0639
 5/12 [===========>..................] - ETA: 0s - loss: 0.0696
 7/12 [================>.............] - ETA: 0s - loss: 0.0662
 9/12 [=====================>........] - ETA: 0s - loss: 0.0662
11/12 [==========================>...] - ETA: 0s - loss: 0.0674
12/12 [==============================] - 0s 35ms/step - loss: 0.0676
Epoch 110/300

 1/12 [=>............................] - ETA: 0s - loss: 0.0632
 3/12 [======>.......................] - ETA: 0s - loss: 0.0672
 5/12 [===========>..................] - ETA: 0s - loss: 0.0642
 7/12 [================>.............] - ETA: 0s - loss: 0.0683
 9/12 [=====================>........] - ETA: 0s - loss: 0.0668
11/12 [==========================>...] - ETA: 0s - loss: 0.0660
12/12 [==============================] - 0s 36ms/step - loss: 0.0653
Epoch 111/300

 1/12 [=>............................] - ETA: 0s - loss: 0.0741
 3/12 [======>.......................] - ETA: 0s - loss: 0.0686
 4/12 [=========>....................] - ETA: 0s - loss: 0.0640
 6/12 [==============>...............] - ETA: 0s - loss: 0.0645
 8/12 [===================>..........] - ETA: 0s - loss: 0.0662
 9/12 [=====================>........] - ETA: 0s - loss: 0.0667
11/12 [==========================>...] - ETA: 0s - loss: 0.0680
12/12 [==============================] - 0s 36ms/step - loss: 0.0683
Epoch 112/300

 1/12 [=>............................] - ETA: 0s - loss: 0.0647
 3/12 [======>.......................] - ETA: 0s - loss: 0.0591
 5/12 [===========>..................] - ETA: 0s - loss: 0.0595
 7/12 [================>.............] - ETA: 0s - loss: 0.0632
 9/12 [=====================>........] - ETA: 0s - loss: 0.0624
11/12 [==========================>...] - ETA: 0s - loss: 0.0615
12/12 [==============================] - 0s 36ms/step - loss: 0.0620
Epoch 113/300

 1/12 [=>............................] - ETA: 0s - loss: 0.0719
 3/12 [======>.......................] - ETA: 0s - loss: 0.0658
 5/12 [===========>..................] - ETA: 0s - loss: 0.0677
 7/12 [================>.............] - ETA: 0s - loss: 0.0638
 9/12 [=====================>........] - ETA: 0s - loss: 0.0640
11/12 [==========================>...] - ETA: 0s - loss: 0.0651
12/12 [==============================] - 0s 34ms/step - loss: 0.0649
Epoch 114/300

 1/12 [=>............................] - ETA: 0s - loss: 0.0585
 3/12 [======>.......................] - ETA: 0s - loss: 0.0635
 5/12 [===========>..................] - ETA: 0s - loss: 0.0693
 7/12 [================>.............] - ETA: 0s - loss: 0.0687
 9/12 [=====================>........] - ETA: 0s - loss: 0.0678
11/12 [==========================>...] - ETA: 0s - loss: 0.0682
12/12 [==============================] - 0s 35ms/step - loss: 0.0681
Epoch 115/300

 1/12 [=>............................] - ETA: 0s - loss: 0.0569
 3/12 [======>.......................] - ETA: 0s - loss: 0.0564
 5/12 [===========>..................] - ETA: 0s - loss: 0.0596
 7/12 [================>.............] - ETA: 0s - loss: 0.0600
 9/12 [=====================>........] - ETA: 0s - loss: 0.0637
11/12 [==========================>...] - ETA: 0s - loss: 0.0656
12/12 [==============================] - 0s 35ms/step - loss: 0.0659
Epoch 116/300

 1/12 [=>............................] - ETA: 0s - loss: 0.0748
 3/12 [======>.......................] - ETA: 0s - loss: 0.0708
 5/12 [===========>..................] - ETA: 0s - loss: 0.0704
 7/12 [================>.............] - ETA: 0s - loss: 0.0702
 9/12 [=====================>........] - ETA: 0s - loss: 0.0713
11/12 [==========================>...] - ETA: 0s - loss: 0.0717
12/12 [==============================] - 0s 35ms/step - loss: 0.0716
Epoch 117/300

 1/12 [=>............................] - ETA: 0s - loss: 0.0574
 3/12 [======>.......................] - ETA: 0s - loss: 0.0582
 5/12 [===========>..................] - ETA: 0s - loss: 0.0614
 7/12 [================>.............] - ETA: 0s - loss: 0.0621
 9/12 [=====================>........] - ETA: 0s - loss: 0.0633
11/12 [==========================>...] - ETA: 0s - loss: 0.0626
12/12 [==============================] - 0s 36ms/step - loss: 0.0635
Epoch 118/300

 1/12 [=>............................] - ETA: 0s - loss: 0.0665
 3/12 [======>.......................] - ETA: 0s - loss: 0.0641
 5/12 [===========>..................] - ETA: 0s - loss: 0.0625
 7/12 [================>.............] - ETA: 0s - loss: 0.0635
 9/12 [=====================>........] - ETA: 0s - loss: 0.0665
11/12 [==========================>...] - ETA: 0s - loss: 0.0667
12/12 [==============================] - 0s 36ms/step - loss: 0.0664
Epoch 119/300

 1/12 [=>............................] - ETA: 0s - loss: 0.0594
 3/12 [======>.......................] - ETA: 0s - loss: 0.0595
 5/12 [===========>..................] - ETA: 0s - loss: 0.0639
 7/12 [================>.............] - ETA: 0s - loss: 0.0632
 9/12 [=====================>........] - ETA: 0s - loss: 0.0601
11/12 [==========================>...] - ETA: 0s - loss: 0.0611
12/12 [==============================] - 0s 36ms/step - loss: 0.0615
Epoch 120/300

 1/12 [=>............................] - ETA: 0s - loss: 0.0888
 3/12 [======>.......................] - ETA: 0s - loss: 0.0792
 5/12 [===========>..................] - ETA: 0s - loss: 0.0720
 7/12 [================>.............] - ETA: 0s - loss: 0.0716
 9/12 [=====================>........] - ETA: 0s - loss: 0.0695
10/12 [========================>.....] - ETA: 0s - loss: 0.0708
12/12 [==============================] - ETA: 0s - loss: 0.0698
12/12 [==============================] - 0s 36ms/step - loss: 0.0698
Epoch 121/300

 1/12 [=>............................] - ETA: 0s - loss: 0.0687
 3/12 [======>.......................] - ETA: 0s - loss: 0.0653
 4/12 [=========>....................] - ETA: 0s - loss: 0.0625
 6/12 [==============>...............] - ETA: 0s - loss: 0.0629
 8/12 [===================>..........] - ETA: 0s - loss: 0.0624
10/12 [========================>.....] - ETA: 0s - loss: 0.0617
12/12 [==============================] - ETA: 0s - loss: 0.0627
12/12 [==============================] - 0s 37ms/step - loss: 0.0627
Epoch 122/300

 1/12 [=>............................] - ETA: 0s - loss: 0.0636
 3/12 [======>.......................] - ETA: 0s - loss: 0.0690
 5/12 [===========>..................] - ETA: 0s - loss: 0.0681
 7/12 [================>.............] - ETA: 0s - loss: 0.0695
 9/12 [=====================>........] - ETA: 0s - loss: 0.0727
11/12 [==========================>...] - ETA: 0s - loss: 0.0707
12/12 [==============================] - 0s 38ms/step - loss: 0.0717
Epoch 123/300

 1/12 [=>............................] - ETA: 0s - loss: 0.0808
 3/12 [======>.......................] - ETA: 0s - loss: 0.0650
 5/12 [===========>..................] - ETA: 0s - loss: 0.0676
 7/12 [================>.............] - ETA: 0s - loss: 0.0728
 9/12 [=====================>........] - ETA: 0s - loss: 0.0723
11/12 [==========================>...] - ETA: 0s - loss: 0.0712
12/12 [==============================] - 0s 39ms/step - loss: 0.0705
Epoch 124/300

 1/12 [=>............................] - ETA: 0s - loss: 0.0564
 3/12 [======>.......................] - ETA: 0s - loss: 0.0575
 5/12 [===========>..................] - ETA: 0s - loss: 0.0623
 7/12 [================>.............] - ETA: 0s - loss: 0.0625
 9/12 [=====================>........] - ETA: 0s - loss: 0.0623
11/12 [==========================>...] - ETA: 0s - loss: 0.0616
12/12 [==============================] - 0s 37ms/step - loss: 0.0620
Epoch 125/300

 1/12 [=>............................] - ETA: 0s - loss: 0.0562
 3/12 [======>.......................] - ETA: 0s - loss: 0.0574
 5/12 [===========>..................] - ETA: 0s - loss: 0.0558
 7/12 [================>.............] - ETA: 0s - loss: 0.0552
 9/12 [=====================>........] - ETA: 0s - loss: 0.0557
11/12 [==========================>...] - ETA: 0s - loss: 0.0563
12/12 [==============================] - 0s 37ms/step - loss: 0.0564
Epoch 126/300

 1/12 [=>............................] - ETA: 0s - loss: 0.0638
 3/12 [======>.......................] - ETA: 0s - loss: 0.0627
 5/12 [===========>..................] - ETA: 0s - loss: 0.0608
 7/12 [================>.............] - ETA: 0s - loss: 0.0612
 9/12 [=====================>........] - ETA: 0s - loss: 0.0617
11/12 [==========================>...] - ETA: 0s - loss: 0.0630
12/12 [==============================] - 0s 35ms/step - loss: 0.0627
Epoch 127/300

 1/12 [=>............................] - ETA: 0s - loss: 0.0816
 3/12 [======>.......................] - ETA: 0s - loss: 0.0773
 5/12 [===========>..................] - ETA: 0s - loss: 0.0714
 7/12 [================>.............] - ETA: 0s - loss: 0.0677
 9/12 [=====================>........] - ETA: 0s - loss: 0.0652
11/12 [==========================>...] - ETA: 0s - loss: 0.0643
12/12 [==============================] - 0s 36ms/step - loss: 0.0657
Epoch 128/300

 1/12 [=>............................] - ETA: 0s - loss: 0.0647
 3/12 [======>.......................] - ETA: 0s - loss: 0.0623
 5/12 [===========>..................] - ETA: 0s - loss: 0.0642
 7/12 [================>.............] - ETA: 0s - loss: 0.0610
 9/12 [=====================>........] - ETA: 0s - loss: 0.0618
11/12 [==========================>...] - ETA: 0s - loss: 0.0632
12/12 [==============================] - 0s 36ms/step - loss: 0.0630
Epoch 129/300

 1/12 [=>............................] - ETA: 0s - loss: 0.0531
 3/12 [======>.......................] - ETA: 0s - loss: 0.0568
 5/12 [===========>..................] - ETA: 0s - loss: 0.0615
 7/12 [================>.............] - ETA: 0s - loss: 0.0619
 9/12 [=====================>........] - ETA: 0s - loss: 0.0596
11/12 [==========================>...] - ETA: 0s - loss: 0.0617
12/12 [==============================] - 0s 36ms/step - loss: 0.0623
Epoch 130/300

 1/12 [=>............................] - ETA: 0s - loss: 0.0884
 3/12 [======>.......................] - ETA: 0s - loss: 0.0592
 5/12 [===========>..................] - ETA: 0s - loss: 0.0607
 7/12 [================>.............] - ETA: 0s - loss: 0.0616
 9/12 [=====================>........] - ETA: 0s - loss: 0.0604
11/12 [==========================>...] - ETA: 0s - loss: 0.0606
12/12 [==============================] - 0s 36ms/step - loss: 0.0599
Epoch 131/300

 1/12 [=>............................] - ETA: 0s - loss: 0.0635
 3/12 [======>.......................] - ETA: 0s - loss: 0.0628
 5/12 [===========>..................] - ETA: 0s - loss: 0.0631
 7/12 [================>.............] - ETA: 0s - loss: 0.0616
 9/12 [=====================>........] - ETA: 0s - loss: 0.0606
11/12 [==========================>...] - ETA: 0s - loss: 0.0603
12/12 [==============================] - 0s 36ms/step - loss: 0.0610
Epoch 132/300

 1/12 [=>............................] - ETA: 0s - loss: 0.0852
 3/12 [======>.......................] - ETA: 0s - loss: 0.0703
 5/12 [===========>..................] - ETA: 0s - loss: 0.0711
 7/12 [================>.............] - ETA: 0s - loss: 0.0677
 9/12 [=====================>........] - ETA: 0s - loss: 0.0655
11/12 [==========================>...] - ETA: 0s - loss: 0.0637
12/12 [==============================] - 0s 36ms/step - loss: 0.0647
Epoch 133/300

 1/12 [=>............................] - ETA: 0s - loss: 0.0759
 3/12 [======>.......................] - ETA: 0s - loss: 0.0704
 5/12 [===========>..................] - ETA: 0s - loss: 0.0596
 7/12 [================>.............] - ETA: 0s - loss: 0.0628
 9/12 [=====================>........] - ETA: 0s - loss: 0.0596
11/12 [==========================>...] - ETA: 0s - loss: 0.0594
12/12 [==============================] - 0s 35ms/step - loss: 0.0586
Epoch 134/300

 1/12 [=>............................] - ETA: 0s - loss: 0.0458
 3/12 [======>.......................] - ETA: 0s - loss: 0.0669
 5/12 [===========>..................] - ETA: 0s - loss: 0.0667
 7/12 [================>.............] - ETA: 0s - loss: 0.0687
 9/12 [=====================>........] - ETA: 0s - loss: 0.0698
11/12 [==========================>...] - ETA: 0s - loss: 0.0686
12/12 [==============================] - 0s 36ms/step - loss: 0.0679
Epoch 135/300

 1/12 [=>............................] - ETA: 0s - loss: 0.0700
 3/12 [======>.......................] - ETA: 0s - loss: 0.0639
 5/12 [===========>..................] - ETA: 0s - loss: 0.0626
 7/12 [================>.............] - ETA: 0s - loss: 0.0655
 9/12 [=====================>........] - ETA: 0s - loss: 0.0652
11/12 [==========================>...] - ETA: 0s - loss: 0.0647
12/12 [==============================] - 0s 36ms/step - loss: 0.0651
Epoch 136/300

 1/12 [=>............................] - ETA: 0s - loss: 0.0593
 3/12 [======>.......................] - ETA: 0s - loss: 0.0692
 5/12 [===========>..................] - ETA: 0s - loss: 0.0652
 7/12 [================>.............] - ETA: 0s - loss: 0.0659
 9/12 [=====================>........] - ETA: 0s - loss: 0.0637
11/12 [==========================>...] - ETA: 0s - loss: 0.0637
12/12 [==============================] - 0s 35ms/step - loss: 0.0644
Epoch 137/300

 1/12 [=>............................] - ETA: 0s - loss: 0.0561
 3/12 [======>.......................] - ETA: 0s - loss: 0.0536
 5/12 [===========>..................] - ETA: 0s - loss: 0.0574
 7/12 [================>.............] - ETA: 0s - loss: 0.0557
 9/12 [=====================>........] - ETA: 0s - loss: 0.0611
11/12 [==========================>...] - ETA: 0s - loss: 0.0608
12/12 [==============================] - 0s 35ms/step - loss: 0.0602
Epoch 138/300

 1/12 [=>............................] - ETA: 0s - loss: 0.0807
 3/12 [======>.......................] - ETA: 0s - loss: 0.0690
 5/12 [===========>..................] - ETA: 0s - loss: 0.0636
 7/12 [================>.............] - ETA: 0s - loss: 0.0619
 9/12 [=====================>........] - ETA: 0s - loss: 0.0611
11/12 [==========================>...] - ETA: 0s - loss: 0.0634
12/12 [==============================] - 0s 35ms/step - loss: 0.0642
Epoch 139/300

 1/12 [=>............................] - ETA: 0s - loss: 0.0702
 3/12 [======>.......................] - ETA: 0s - loss: 0.0573
 5/12 [===========>..................] - ETA: 0s - loss: 0.0596
 7/12 [================>.............] - ETA: 0s - loss: 0.0606
 9/12 [=====================>........] - ETA: 0s - loss: 0.0622
11/12 [==========================>...] - ETA: 0s - loss: 0.0640
12/12 [==============================] - 0s 36ms/step - loss: 0.0641
Epoch 140/300

 1/12 [=>............................] - ETA: 0s - loss: 0.0619
 3/12 [======>.......................] - ETA: 0s - loss: 0.0742
 5/12 [===========>..................] - ETA: 0s - loss: 0.0662
 7/12 [================>.............] - ETA: 0s - loss: 0.0650
 9/12 [=====================>........] - ETA: 0s - loss: 0.0650
11/12 [==========================>...] - ETA: 0s - loss: 0.0625
12/12 [==============================] - 0s 35ms/step - loss: 0.0624
Epoch 141/300

 1/12 [=>............................] - ETA: 0s - loss: 0.0753
 3/12 [======>.......................] - ETA: 0s - loss: 0.0659
 5/12 [===========>..................] - ETA: 0s - loss: 0.0642
 7/12 [================>.............] - ETA: 0s - loss: 0.0644
 9/12 [=====================>........] - ETA: 0s - loss: 0.0642
11/12 [==========================>...] - ETA: 0s - loss: 0.0625
12/12 [==============================] - 0s 35ms/step - loss: 0.0623
Epoch 142/300

 1/12 [=>............................] - ETA: 0s - loss: 0.0702
 3/12 [======>.......................] - ETA: 0s - loss: 0.0554
 5/12 [===========>..................] - ETA: 0s - loss: 0.0645
 7/12 [================>.............] - ETA: 0s - loss: 0.0608
 9/12 [=====================>........] - ETA: 0s - loss: 0.0583
11/12 [==========================>...] - ETA: 0s - loss: 0.0603
12/12 [==============================] - 0s 36ms/step - loss: 0.0603
Epoch 143/300

 1/12 [=>............................] - ETA: 0s - loss: 0.0639
 3/12 [======>.......................] - ETA: 0s - loss: 0.0625
 5/12 [===========>..................] - ETA: 0s - loss: 0.0580
 7/12 [================>.............] - ETA: 0s - loss: 0.0562
 9/12 [=====================>........] - ETA: 0s - loss: 0.0562
11/12 [==========================>...] - ETA: 0s - loss: 0.0596
12/12 [==============================] - 0s 35ms/step - loss: 0.0595
Epoch 144/300

 1/12 [=>............................] - ETA: 0s - loss: 0.0754
 3/12 [======>.......................] - ETA: 0s - loss: 0.0559
 5/12 [===========>..................] - ETA: 0s - loss: 0.0581
 7/12 [================>.............] - ETA: 0s - loss: 0.0584
 9/12 [=====================>........] - ETA: 0s - loss: 0.0623
11/12 [==========================>...] - ETA: 0s - loss: 0.0627
12/12 [==============================] - 0s 35ms/step - loss: 0.0620
Epoch 145/300

 1/12 [=>............................] - ETA: 0s - loss: 0.0511
 3/12 [======>.......................] - ETA: 0s - loss: 0.0574
 5/12 [===========>..................] - ETA: 0s - loss: 0.0603
 7/12 [================>.............] - ETA: 0s - loss: 0.0572
 9/12 [=====================>........] - ETA: 0s - loss: 0.0575
11/12 [==========================>...] - ETA: 0s - loss: 0.0547
12/12 [==============================] - 0s 35ms/step - loss: 0.0546
Epoch 146/300

 1/12 [=>............................] - ETA: 0s - loss: 0.0600
 3/12 [======>.......................] - ETA: 0s - loss: 0.0569
 5/12 [===========>..................] - ETA: 0s - loss: 0.0594
 7/12 [================>.............] - ETA: 0s - loss: 0.0593
 9/12 [=====================>........] - ETA: 0s - loss: 0.0591
11/12 [==========================>...] - ETA: 0s - loss: 0.0572
12/12 [==============================] - 0s 35ms/step - loss: 0.0571
Epoch 147/300

 1/12 [=>............................] - ETA: 0s - loss: 0.0723
 3/12 [======>.......................] - ETA: 0s - loss: 0.0659
 5/12 [===========>..................] - ETA: 0s - loss: 0.0632
 7/12 [================>.............] - ETA: 0s - loss: 0.0631
 9/12 [=====================>........] - ETA: 0s - loss: 0.0647
11/12 [==========================>...] - ETA: 0s - loss: 0.0627
12/12 [==============================] - 0s 35ms/step - loss: 0.0625
Epoch 148/300

 1/12 [=>............................] - ETA: 0s - loss: 0.0521
 3/12 [======>.......................] - ETA: 0s - loss: 0.0544
 5/12 [===========>..................] - ETA: 0s - loss: 0.0551
 7/12 [================>.............] - ETA: 0s - loss: 0.0571
 9/12 [=====================>........] - ETA: 0s - loss: 0.0572
11/12 [==========================>...] - ETA: 0s - loss: 0.0578
12/12 [==============================] - 0s 34ms/step - loss: 0.0571
Epoch 149/300

 1/12 [=>............................] - ETA: 0s - loss: 0.0592
 3/12 [======>.......................] - ETA: 0s - loss: 0.0650
 5/12 [===========>..................] - ETA: 0s - loss: 0.0591
 7/12 [================>.............] - ETA: 0s - loss: 0.0614
 9/12 [=====================>........] - ETA: 0s - loss: 0.0603
11/12 [==========================>...] - ETA: 0s - loss: 0.0581
12/12 [==============================] - 0s 35ms/step - loss: 0.0583
Epoch 150/300

 1/12 [=>............................] - ETA: 0s - loss: 0.0685
 3/12 [======>.......................] - ETA: 0s - loss: 0.0624
 5/12 [===========>..................] - ETA: 0s - loss: 0.0568
 7/12 [================>.............] - ETA: 0s - loss: 0.0582
 9/12 [=====================>........] - ETA: 0s - loss: 0.0589
11/12 [==========================>...] - ETA: 0s - loss: 0.0586
12/12 [==============================] - 0s 35ms/step - loss: 0.0588
Epoch 151/300

 1/12 [=>............................] - ETA: 0s - loss: 0.0534
 3/12 [======>.......................] - ETA: 0s - loss: 0.0568
 5/12 [===========>..................] - ETA: 0s - loss: 0.0554
 7/12 [================>.............] - ETA: 0s - loss: 0.0577
 9/12 [=====================>........] - ETA: 0s - loss: 0.0589
11/12 [==========================>...] - ETA: 0s - loss: 0.0582
12/12 [==============================] - 0s 35ms/step - loss: 0.0575
Epoch 152/300

 1/12 [=>............................] - ETA: 0s - loss: 0.0507
 3/12 [======>.......................] - ETA: 0s - loss: 0.0571
 5/12 [===========>..................] - ETA: 0s - loss: 0.0573
 7/12 [================>.............] - ETA: 0s - loss: 0.0584
 9/12 [=====================>........] - ETA: 0s - loss: 0.0584
11/12 [==========================>...] - ETA: 0s - loss: 0.0591
12/12 [==============================] - 0s 35ms/step - loss: 0.0589
Epoch 153/300

 1/12 [=>............................] - ETA: 0s - loss: 0.0700
 3/12 [======>.......................] - ETA: 0s - loss: 0.0647
 5/12 [===========>..................] - ETA: 0s - loss: 0.0587
 6/12 [==============>...............] - ETA: 0s - loss: 0.0586
 8/12 [===================>..........] - ETA: 0s - loss: 0.0613
10/12 [========================>.....] - ETA: 0s - loss: 0.0593
12/12 [==============================] - ETA: 0s - loss: 0.0592
12/12 [==============================] - 0s 35ms/step - loss: 0.0592
Epoch 154/300

 1/12 [=>............................] - ETA: 0s - loss: 0.0811
 3/12 [======>.......................] - ETA: 0s - loss: 0.0714
 5/12 [===========>..................] - ETA: 0s - loss: 0.0680
 7/12 [================>.............] - ETA: 0s - loss: 0.0653
 9/12 [=====================>........] - ETA: 0s - loss: 0.0630
11/12 [==========================>...] - ETA: 0s - loss: 0.0623
12/12 [==============================] - 0s 36ms/step - loss: 0.0622
Epoch 155/300

 1/12 [=>............................] - ETA: 0s - loss: 0.0609
 3/12 [======>.......................] - ETA: 0s - loss: 0.0568
 5/12 [===========>..................] - ETA: 0s - loss: 0.0566
 7/12 [================>.............] - ETA: 0s - loss: 0.0550
 9/12 [=====================>........] - ETA: 0s - loss: 0.0531
11/12 [==========================>...] - ETA: 0s - loss: 0.0537
12/12 [==============================] - 0s 35ms/step - loss: 0.0531
Epoch 156/300

 1/12 [=>............................] - ETA: 0s - loss: 0.0548
 3/12 [======>.......................] - ETA: 0s - loss: 0.0524
 5/12 [===========>..................] - ETA: 0s - loss: 0.0598
 7/12 [================>.............] - ETA: 0s - loss: 0.0591
 9/12 [=====================>........] - ETA: 0s - loss: 0.0586
11/12 [==========================>...] - ETA: 0s - loss: 0.0568
12/12 [==============================] - 0s 35ms/step - loss: 0.0567
Epoch 157/300

 1/12 [=>............................] - ETA: 0s - loss: 0.0652
 3/12 [======>.......................] - ETA: 0s - loss: 0.0658
 5/12 [===========>..................] - ETA: 0s - loss: 0.0633
 7/12 [================>.............] - ETA: 0s - loss: 0.0623
 9/12 [=====================>........] - ETA: 0s - loss: 0.0588
11/12 [==========================>...] - ETA: 0s - loss: 0.0584
12/12 [==============================] - 0s 36ms/step - loss: 0.0587
Epoch 158/300

 1/12 [=>............................] - ETA: 0s - loss: 0.0646
 3/12 [======>.......................] - ETA: 0s - loss: 0.0585
 5/12 [===========>..................] - ETA: 0s - loss: 0.0563
 7/12 [================>.............] - ETA: 0s - loss: 0.0543
 9/12 [=====================>........] - ETA: 0s - loss: 0.0558
11/12 [==========================>...] - ETA: 0s - loss: 0.0569
12/12 [==============================] - 0s 37ms/step - loss: 0.0574
Epoch 159/300

 1/12 [=>............................] - ETA: 0s - loss: 0.0531
 3/12 [======>.......................] - ETA: 0s - loss: 0.0570
 5/12 [===========>..................] - ETA: 0s - loss: 0.0592
 7/12 [================>.............] - ETA: 0s - loss: 0.0588
 9/12 [=====================>........] - ETA: 0s - loss: 0.0573
11/12 [==========================>...] - ETA: 0s - loss: 0.0565
12/12 [==============================] - 0s 36ms/step - loss: 0.0564
Epoch 160/300

 1/12 [=>............................] - ETA: 0s - loss: 0.0510
 3/12 [======>.......................] - ETA: 0s - loss: 0.0490
 5/12 [===========>..................] - ETA: 0s - loss: 0.0510
 7/12 [================>.............] - ETA: 0s - loss: 0.0531
 9/12 [=====================>........] - ETA: 0s - loss: 0.0565
11/12 [==========================>...] - ETA: 0s - loss: 0.0585
12/12 [==============================] - 0s 38ms/step - loss: 0.0585
Epoch 161/300

 1/12 [=>............................] - ETA: 0s - loss: 0.0659
 3/12 [======>.......................] - ETA: 0s - loss: 0.0623
 5/12 [===========>..................] - ETA: 0s - loss: 0.0602
 7/12 [================>.............] - ETA: 0s - loss: 0.0612
 9/12 [=====================>........] - ETA: 0s - loss: 0.0593
11/12 [==========================>...] - ETA: 0s - loss: 0.0566
12/12 [==============================] - 0s 36ms/step - loss: 0.0568
Epoch 162/300

 1/12 [=>............................] - ETA: 0s - loss: 0.0508
 3/12 [======>.......................] - ETA: 0s - loss: 0.0563
 5/12 [===========>..................] - ETA: 0s - loss: 0.0576
 7/12 [================>.............] - ETA: 0s - loss: 0.0552
 9/12 [=====================>........] - ETA: 0s - loss: 0.0557
11/12 [==========================>...] - ETA: 0s - loss: 0.0566
12/12 [==============================] - 0s 35ms/step - loss: 0.0560
Epoch 163/300

 1/12 [=>............................] - ETA: 0s - loss: 0.0686
 3/12 [======>.......................] - ETA: 0s - loss: 0.0581
 5/12 [===========>..................] - ETA: 0s - loss: 0.0544
 7/12 [================>.............] - ETA: 0s - loss: 0.0516
 9/12 [=====================>........] - ETA: 0s - loss: 0.0536
11/12 [==========================>...] - ETA: 0s - loss: 0.0562
12/12 [==============================] - 0s 35ms/step - loss: 0.0558
Epoch 164/300

 1/12 [=>............................] - ETA: 0s - loss: 0.0591
 3/12 [======>.......................] - ETA: 0s - loss: 0.0552
 5/12 [===========>..................] - ETA: 0s - loss: 0.0590
 7/12 [================>.............] - ETA: 0s - loss: 0.0574
 9/12 [=====================>........] - ETA: 0s - loss: 0.0561
11/12 [==========================>...] - ETA: 0s - loss: 0.0577
12/12 [==============================] - 0s 35ms/step - loss: 0.0573
Epoch 165/300

 1/12 [=>............................] - ETA: 0s - loss: 0.0659
 3/12 [======>.......................] - ETA: 0s - loss: 0.0530
 5/12 [===========>..................] - ETA: 0s - loss: 0.0561
 7/12 [================>.............] - ETA: 0s - loss: 0.0614
 9/12 [=====================>........] - ETA: 0s - loss: 0.0600
11/12 [==========================>...] - ETA: 0s - loss: 0.0588
12/12 [==============================] - 0s 35ms/step - loss: 0.0582
Epoch 166/300

 1/12 [=>............................] - ETA: 0s - loss: 0.0501
 3/12 [======>.......................] - ETA: 0s - loss: 0.0521
 5/12 [===========>..................] - ETA: 0s - loss: 0.0523
 7/12 [================>.............] - ETA: 0s - loss: 0.0523
 9/12 [=====================>........] - ETA: 0s - loss: 0.0562
11/12 [==========================>...] - ETA: 0s - loss: 0.0555
12/12 [==============================] - 0s 35ms/step - loss: 0.0552
Epoch 167/300

 1/12 [=>............................] - ETA: 0s - loss: 0.0509
 3/12 [======>.......................] - ETA: 0s - loss: 0.0586
 5/12 [===========>..................] - ETA: 0s - loss: 0.0645
 7/12 [================>.............] - ETA: 0s - loss: 0.0597
 9/12 [=====================>........] - ETA: 0s - loss: 0.0572
11/12 [==========================>...] - ETA: 0s - loss: 0.0571
12/12 [==============================] - 0s 36ms/step - loss: 0.0572
Epoch 168/300

 1/12 [=>............................] - ETA: 0s - loss: 0.0724
 3/12 [======>.......................] - ETA: 0s - loss: 0.0588
 5/12 [===========>..................] - ETA: 0s - loss: 0.0629
 7/12 [================>.............] - ETA: 0s - loss: 0.0612
 9/12 [=====================>........] - ETA: 0s - loss: 0.0581
11/12 [==========================>...] - ETA: 0s - loss: 0.0568
12/12 [==============================] - 0s 36ms/step - loss: 0.0566
Epoch 169/300

 1/12 [=>............................] - ETA: 0s - loss: 0.0483
 3/12 [======>.......................] - ETA: 0s - loss: 0.0633
 5/12 [===========>..................] - ETA: 0s - loss: 0.0631
 7/12 [================>.............] - ETA: 0s - loss: 0.0606
 9/12 [=====================>........] - ETA: 0s - loss: 0.0587
11/12 [==========================>...] - ETA: 0s - loss: 0.0566
12/12 [==============================] - 0s 34ms/step - loss: 0.0567
Epoch 170/300

 1/12 [=>............................] - ETA: 0s - loss: 0.0628
 3/12 [======>.......................] - ETA: 0s - loss: 0.0618
 5/12 [===========>..................] - ETA: 0s - loss: 0.0629
 7/12 [================>.............] - ETA: 0s - loss: 0.0619
 9/12 [=====================>........] - ETA: 0s - loss: 0.0607
11/12 [==========================>...] - ETA: 0s - loss: 0.0610
12/12 [==============================] - 0s 35ms/step - loss: 0.0615
Epoch 171/300

 1/12 [=>............................] - ETA: 0s - loss: 0.0572
 3/12 [======>.......................] - ETA: 0s - loss: 0.0531
 5/12 [===========>..................] - ETA: 0s - loss: 0.0557
 7/12 [================>.............] - ETA: 0s - loss: 0.0557
 9/12 [=====================>........] - ETA: 0s - loss: 0.0553
11/12 [==========================>...] - ETA: 0s - loss: 0.0559
12/12 [==============================] - 0s 35ms/step - loss: 0.0562
Epoch 172/300

 1/12 [=>............................] - ETA: 0s - loss: 0.0533
 3/12 [======>.......................] - ETA: 0s - loss: 0.0544
 5/12 [===========>..................] - ETA: 0s - loss: 0.0576
 7/12 [================>.............] - ETA: 0s - loss: 0.0567
 9/12 [=====================>........] - ETA: 0s - loss: 0.0544
11/12 [==========================>...] - ETA: 0s - loss: 0.0526
12/12 [==============================] - 0s 35ms/step - loss: 0.0522
Epoch 173/300

 1/12 [=>............................] - ETA: 0s - loss: 0.0488
 3/12 [======>.......................] - ETA: 0s - loss: 0.0548
 5/12 [===========>..................] - ETA: 0s - loss: 0.0587
 7/12 [================>.............] - ETA: 0s - loss: 0.0576
 9/12 [=====================>........] - ETA: 0s - loss: 0.0578
11/12 [==========================>...] - ETA: 0s - loss: 0.0578
12/12 [==============================] - 0s 35ms/step - loss: 0.0583
Epoch 174/300

 1/12 [=>............................] - ETA: 0s - loss: 0.0433
 3/12 [======>.......................] - ETA: 0s - loss: 0.0546
 5/12 [===========>..................] - ETA: 0s - loss: 0.0545
 7/12 [================>.............] - ETA: 0s - loss: 0.0539
 9/12 [=====================>........] - ETA: 0s - loss: 0.0547
11/12 [==========================>...] - ETA: 0s - loss: 0.0561
12/12 [==============================] - 0s 35ms/step - loss: 0.0564
Epoch 175/300

 1/12 [=>............................] - ETA: 0s - loss: 0.0657
 3/12 [======>.......................] - ETA: 0s - loss: 0.0580
 5/12 [===========>..................] - ETA: 0s - loss: 0.0576
 7/12 [================>.............] - ETA: 0s - loss: 0.0584
 9/12 [=====================>........] - ETA: 0s - loss: 0.0581
11/12 [==========================>...] - ETA: 0s - loss: 0.0576
12/12 [==============================] - 0s 34ms/step - loss: 0.0579
Epoch 176/300

 1/12 [=>............................] - ETA: 0s - loss: 0.0501
 3/12 [======>.......................] - ETA: 0s - loss: 0.0518
 5/12 [===========>..................] - ETA: 0s - loss: 0.0533
 7/12 [================>.............] - ETA: 0s - loss: 0.0550
 9/12 [=====================>........] - ETA: 0s - loss: 0.0563
11/12 [==========================>...] - ETA: 0s - loss: 0.0589
12/12 [==============================] - 0s 35ms/step - loss: 0.0583
Epoch 177/300

 1/12 [=>............................] - ETA: 0s - loss: 0.0484
 3/12 [======>.......................] - ETA: 0s - loss: 0.0620
 5/12 [===========>..................] - ETA: 0s - loss: 0.0611
 7/12 [================>.............] - ETA: 0s - loss: 0.0590
 9/12 [=====================>........] - ETA: 0s - loss: 0.0583
11/12 [==========================>...] - ETA: 0s - loss: 0.0588
12/12 [==============================] - 0s 36ms/step - loss: 0.0585
Epoch 178/300

 1/12 [=>............................] - ETA: 0s - loss: 0.0641
 3/12 [======>.......................] - ETA: 0s - loss: 0.0542
 5/12 [===========>..................] - ETA: 0s - loss: 0.0508
 7/12 [================>.............] - ETA: 0s - loss: 0.0534
 9/12 [=====================>........] - ETA: 0s - loss: 0.0524
11/12 [==========================>...] - ETA: 0s - loss: 0.0531
12/12 [==============================] - 0s 36ms/step - loss: 0.0524
Epoch 179/300

 1/12 [=>............................] - ETA: 0s - loss: 0.0432
 3/12 [======>.......................] - ETA: 0s - loss: 0.0474
 5/12 [===========>..................] - ETA: 0s - loss: 0.0512
 7/12 [================>.............] - ETA: 0s - loss: 0.0537
 9/12 [=====================>........] - ETA: 0s - loss: 0.0524
10/12 [========================>.....] - ETA: 0s - loss: 0.0536
12/12 [==============================] - 0s 35ms/step - loss: 0.0536
Epoch 180/300

 1/12 [=>............................] - ETA: 0s - loss: 0.0615
 3/12 [======>.......................] - ETA: 0s - loss: 0.0628
 5/12 [===========>..................] - ETA: 0s - loss: 0.0577
 7/12 [================>.............] - ETA: 0s - loss: 0.0542
 9/12 [=====================>........] - ETA: 0s - loss: 0.0548
11/12 [==========================>...] - ETA: 0s - loss: 0.0541
12/12 [==============================] - 0s 35ms/step - loss: 0.0539
Epoch 181/300

 1/12 [=>............................] - ETA: 0s - loss: 0.0356
 3/12 [======>.......................] - ETA: 0s - loss: 0.0467
 5/12 [===========>..................] - ETA: 0s - loss: 0.0503
 7/12 [================>.............] - ETA: 0s - loss: 0.0493
 9/12 [=====================>........] - ETA: 0s - loss: 0.0535
11/12 [==========================>...] - ETA: 0s - loss: 0.0540
12/12 [==============================] - 0s 35ms/step - loss: 0.0541
Epoch 182/300

 1/12 [=>............................] - ETA: 0s - loss: 0.0470
 3/12 [======>.......................] - ETA: 0s - loss: 0.0519
 4/12 [=========>....................] - ETA: 0s - loss: 0.0491
 6/12 [==============>...............] - ETA: 0s - loss: 0.0480
 8/12 [===================>..........] - ETA: 0s - loss: 0.0492
10/12 [========================>.....] - ETA: 0s - loss: 0.0476
12/12 [==============================] - ETA: 0s - loss: 0.0482
12/12 [==============================] - 0s 35ms/step - loss: 0.0482
Epoch 183/300

 1/12 [=>............................] - ETA: 0s - loss: 0.0412
 3/12 [======>.......................] - ETA: 0s - loss: 0.0485
 5/12 [===========>..................] - ETA: 0s - loss: 0.0496
 7/12 [================>.............] - ETA: 0s - loss: 0.0518
 9/12 [=====================>........] - ETA: 0s - loss: 0.0511
11/12 [==========================>...] - ETA: 0s - loss: 0.0526
12/12 [==============================] - 0s 35ms/step - loss: 0.0526
Epoch 184/300

 1/12 [=>............................] - ETA: 0s - loss: 0.0556
 3/12 [======>.......................] - ETA: 0s - loss: 0.0586
 5/12 [===========>..................] - ETA: 0s - loss: 0.0634
 7/12 [================>.............] - ETA: 0s - loss: 0.0631
 9/12 [=====================>........] - ETA: 0s - loss: 0.0610
11/12 [==========================>...] - ETA: 0s - loss: 0.0609
12/12 [==============================] - 0s 36ms/step - loss: 0.0603
Epoch 185/300

 1/12 [=>............................] - ETA: 0s - loss: 0.0477
 3/12 [======>.......................] - ETA: 0s - loss: 0.0518
 5/12 [===========>..................] - ETA: 0s - loss: 0.0535
 6/12 [==============>...............] - ETA: 0s - loss: 0.0519
 8/12 [===================>..........] - ETA: 0s - loss: 0.0554
10/12 [========================>.....] - ETA: 0s - loss: 0.0559
12/12 [==============================] - ETA: 0s - loss: 0.0551
12/12 [==============================] - 0s 35ms/step - loss: 0.0551
Epoch 186/300

 1/12 [=>............................] - ETA: 0s - loss: 0.0467
 2/12 [====>.........................] - ETA: 0s - loss: 0.0444
 4/12 [=========>....................] - ETA: 0s - loss: 0.0544
 6/12 [==============>...............] - ETA: 0s - loss: 0.0541
 8/12 [===================>..........] - ETA: 0s - loss: 0.0546
10/12 [========================>.....] - ETA: 0s - loss: 0.0559
12/12 [==============================] - ETA: 0s - loss: 0.0548
12/12 [==============================] - 0s 36ms/step - loss: 0.0548
Epoch 187/300

 1/12 [=>............................] - ETA: 0s - loss: 0.0470
 3/12 [======>.......................] - ETA: 0s - loss: 0.0480
 5/12 [===========>..................] - ETA: 0s - loss: 0.0499
 7/12 [================>.............] - ETA: 0s - loss: 0.0494
 9/12 [=====================>........] - ETA: 0s - loss: 0.0500
10/12 [========================>.....] - ETA: 0s - loss: 0.0503
12/12 [==============================] - 0s 35ms/step - loss: 0.0499
Epoch 188/300

 1/12 [=>............................] - ETA: 0s - loss: 0.0659
 3/12 [======>.......................] - ETA: 0s - loss: 0.0565
 5/12 [===========>..................] - ETA: 0s - loss: 0.0533
 6/12 [==============>...............] - ETA: 0s - loss: 0.0537
 8/12 [===================>..........] - ETA: 0s - loss: 0.0513
10/12 [========================>.....] - ETA: 0s - loss: 0.0533
12/12 [==============================] - ETA: 0s - loss: 0.0542
12/12 [==============================] - 0s 35ms/step - loss: 0.0542
Epoch 189/300

 1/12 [=>............................] - ETA: 0s - loss: 0.0641
 3/12 [======>.......................] - ETA: 0s - loss: 0.0573
 5/12 [===========>..................] - ETA: 0s - loss: 0.0597
 7/12 [================>.............] - ETA: 0s - loss: 0.0583
 8/12 [===================>..........] - ETA: 0s - loss: 0.0564
10/12 [========================>.....] - ETA: 0s - loss: 0.0564
12/12 [==============================] - ETA: 0s - loss: 0.0557
12/12 [==============================] - 0s 36ms/step - loss: 0.0557
Epoch 190/300

 1/12 [=>............................] - ETA: 0s - loss: 0.0435
 3/12 [======>.......................] - ETA: 0s - loss: 0.0400
 5/12 [===========>..................] - ETA: 0s - loss: 0.0445
 7/12 [================>.............] - ETA: 0s - loss: 0.0441
 9/12 [=====================>........] - ETA: 0s - loss: 0.0465
11/12 [==========================>...] - ETA: 0s - loss: 0.0489
12/12 [==============================] - 0s 36ms/step - loss: 0.0497
Epoch 191/300

 1/12 [=>............................] - ETA: 0s - loss: 0.0583
 3/12 [======>.......................] - ETA: 0s - loss: 0.0540
 5/12 [===========>..................] - ETA: 0s - loss: 0.0510
 7/12 [================>.............] - ETA: 0s - loss: 0.0543
 9/12 [=====================>........] - ETA: 0s - loss: 0.0557
11/12 [==========================>...] - ETA: 0s - loss: 0.0546
12/12 [==============================] - 0s 35ms/step - loss: 0.0541
Epoch 192/300

 1/12 [=>............................] - ETA: 0s - loss: 0.0516
 3/12 [======>.......................] - ETA: 0s - loss: 0.0526
 5/12 [===========>..................] - ETA: 0s - loss: 0.0571
 7/12 [================>.............] - ETA: 0s - loss: 0.0555
 9/12 [=====================>........] - ETA: 0s - loss: 0.0593
11/12 [==========================>...] - ETA: 0s - loss: 0.0598
12/12 [==============================] - 0s 36ms/step - loss: 0.0598
Epoch 193/300

 1/12 [=>............................] - ETA: 0s - loss: 0.0487
 3/12 [======>.......................] - ETA: 0s - loss: 0.0536
 5/12 [===========>..................] - ETA: 0s - loss: 0.0550
 7/12 [================>.............] - ETA: 0s - loss: 0.0564
 9/12 [=====================>........] - ETA: 0s - loss: 0.0591
11/12 [==========================>...] - ETA: 0s - loss: 0.0591
12/12 [==============================] - 0s 36ms/step - loss: 0.0585
Epoch 194/300

 1/12 [=>............................] - ETA: 0s - loss: 0.0701
 3/12 [======>.......................] - ETA: 0s - loss: 0.0545
 5/12 [===========>..................] - ETA: 0s - loss: 0.0557
 7/12 [================>.............] - ETA: 0s - loss: 0.0554
 9/12 [=====================>........] - ETA: 0s - loss: 0.0557
10/12 [========================>.....] - ETA: 0s - loss: 0.0544
12/12 [==============================] - ETA: 0s - loss: 0.0545
12/12 [==============================] - 0s 36ms/step - loss: 0.0545
Epoch 195/300

 1/12 [=>............................] - ETA: 0s - loss: 0.0628
 3/12 [======>.......................] - ETA: 0s - loss: 0.0588
 5/12 [===========>..................] - ETA: 0s - loss: 0.0522
 7/12 [================>.............] - ETA: 0s - loss: 0.0513
 9/12 [=====================>........] - ETA: 0s - loss: 0.0536
11/12 [==========================>...] - ETA: 0s - loss: 0.0539
12/12 [==============================] - 0s 36ms/step - loss: 0.0543
Epoch 196/300

 1/12 [=>............................] - ETA: 0s - loss: 0.0592
 3/12 [======>.......................] - ETA: 0s - loss: 0.0656
 5/12 [===========>..................] - ETA: 0s - loss: 0.0646
 7/12 [================>.............] - ETA: 0s - loss: 0.0626
 9/12 [=====================>........] - ETA: 0s - loss: 0.0586
11/12 [==========================>...] - ETA: 0s - loss: 0.0582
12/12 [==============================] - 0s 38ms/step - loss: 0.0578
Epoch 197/300

 1/12 [=>............................] - ETA: 0s - loss: 0.0536
 3/12 [======>.......................] - ETA: 0s - loss: 0.0545
 4/12 [=========>....................] - ETA: 0s - loss: 0.0534
 6/12 [==============>...............] - ETA: 0s - loss: 0.0568
 8/12 [===================>..........] - ETA: 0s - loss: 0.0550
10/12 [========================>.....] - ETA: 0s - loss: 0.0538
12/12 [==============================] - ETA: 0s - loss: 0.0540
12/12 [==============================] - 0s 39ms/step - loss: 0.0540
Epoch 198/300

 1/12 [=>............................] - ETA: 0s - loss: 0.0529
 3/12 [======>.......................] - ETA: 0s - loss: 0.0484
 5/12 [===========>..................] - ETA: 0s - loss: 0.0461
 7/12 [================>.............] - ETA: 0s - loss: 0.0461
 9/12 [=====================>........] - ETA: 0s - loss: 0.0486
11/12 [==========================>...] - ETA: 0s - loss: 0.0478
12/12 [==============================] - 0s 37ms/step - loss: 0.0477
Epoch 199/300

 1/12 [=>............................] - ETA: 0s - loss: 0.0666
 3/12 [======>.......................] - ETA: 0s - loss: 0.0634
 5/12 [===========>..................] - ETA: 0s - loss: 0.0589
 7/12 [================>.............] - ETA: 0s - loss: 0.0592
 9/12 [=====================>........] - ETA: 0s - loss: 0.0576
11/12 [==========================>...] - ETA: 0s - loss: 0.0566
12/12 [==============================] - 0s 36ms/step - loss: 0.0559
Epoch 200/300

 1/12 [=>............................] - ETA: 0s - loss: 0.0548
 3/12 [======>.......................] - ETA: 0s - loss: 0.0594
 5/12 [===========>..................] - ETA: 0s - loss: 0.0548
 7/12 [================>.............] - ETA: 0s - loss: 0.0521
 9/12 [=====================>........] - ETA: 0s - loss: 0.0532
11/12 [==========================>...] - ETA: 0s - loss: 0.0512
12/12 [==============================] - 0s 36ms/step - loss: 0.0513
Epoch 201/300

 1/12 [=>............................] - ETA: 0s - loss: 0.0446
 3/12 [======>.......................] - ETA: 0s - loss: 0.0620
 5/12 [===========>..................] - ETA: 0s - loss: 0.0559
 7/12 [================>.............] - ETA: 0s - loss: 0.0539
 9/12 [=====================>........] - ETA: 0s - loss: 0.0504
10/12 [========================>.....] - ETA: 0s - loss: 0.0488
12/12 [==============================] - 0s 35ms/step - loss: 0.0499
Epoch 202/300

 1/12 [=>............................] - ETA: 0s - loss: 0.0480
 3/12 [======>.......................] - ETA: 0s - loss: 0.0469
 5/12 [===========>..................] - ETA: 0s - loss: 0.0485
 7/12 [================>.............] - ETA: 0s - loss: 0.0479
 9/12 [=====================>........] - ETA: 0s - loss: 0.0475
11/12 [==========================>...] - ETA: 0s - loss: 0.0475
12/12 [==============================] - 0s 35ms/step - loss: 0.0477
Epoch 203/300

 1/12 [=>............................] - ETA: 0s - loss: 0.0544
 3/12 [======>.......................] - ETA: 0s - loss: 0.0505
 5/12 [===========>..................] - ETA: 0s - loss: 0.0542
 7/12 [================>.............] - ETA: 0s - loss: 0.0545
 9/12 [=====================>........] - ETA: 0s - loss: 0.0546
10/12 [========================>.....] - ETA: 0s - loss: 0.0549
12/12 [==============================] - ETA: 0s - loss: 0.0572
12/12 [==============================] - 0s 36ms/step - loss: 0.0572
Epoch 204/300

 1/12 [=>............................] - ETA: 0s - loss: 0.0635
 3/12 [======>.......................] - ETA: 0s - loss: 0.0501
 5/12 [===========>..................] - ETA: 0s - loss: 0.0503
 7/12 [================>.............] - ETA: 0s - loss: 0.0537
 9/12 [=====================>........] - ETA: 0s - loss: 0.0519
10/12 [========================>.....] - ETA: 0s - loss: 0.0514
12/12 [==============================] - ETA: 0s - loss: 0.0519
12/12 [==============================] - 0s 36ms/step - loss: 0.0519
Epoch 205/300

 1/12 [=>............................] - ETA: 0s - loss: 0.0548
 3/12 [======>.......................] - ETA: 0s - loss: 0.0475
 5/12 [===========>..................] - ETA: 0s - loss: 0.0462
 7/12 [================>.............] - ETA: 0s - loss: 0.0465
 9/12 [=====================>........] - ETA: 0s - loss: 0.0482
11/12 [==========================>...] - ETA: 0s - loss: 0.0488
12/12 [==============================] - 0s 36ms/step - loss: 0.0485
Epoch 206/300

 1/12 [=>............................] - ETA: 0s - loss: 0.0475
 3/12 [======>.......................] - ETA: 0s - loss: 0.0553
 5/12 [===========>..................] - ETA: 0s - loss: 0.0570
 7/12 [================>.............] - ETA: 0s - loss: 0.0533
 9/12 [=====================>........] - ETA: 0s - loss: 0.0519
11/12 [==========================>...] - ETA: 0s - loss: 0.0511
12/12 [==============================] - 0s 36ms/step - loss: 0.0511
Epoch 207/300

 1/12 [=>............................] - ETA: 0s - loss: 0.0550
 3/12 [======>.......................] - ETA: 0s - loss: 0.0561
 5/12 [===========>..................] - ETA: 0s - loss: 0.0538
 7/12 [================>.............] - ETA: 0s - loss: 0.0530
 9/12 [=====================>........] - ETA: 0s - loss: 0.0542
11/12 [==========================>...] - ETA: 0s - loss: 0.0535
12/12 [==============================] - 0s 36ms/step - loss: 0.0534
Epoch 208/300

 1/12 [=>............................] - ETA: 0s - loss: 0.0590
 3/12 [======>.......................] - ETA: 0s - loss: 0.0531
 5/12 [===========>..................] - ETA: 0s - loss: 0.0538
 7/12 [================>.............] - ETA: 0s - loss: 0.0537
 9/12 [=====================>........] - ETA: 0s - loss: 0.0506
11/12 [==========================>...] - ETA: 0s - loss: 0.0489
12/12 [==============================] - 0s 36ms/step - loss: 0.0499
Epoch 209/300

 1/12 [=>............................] - ETA: 0s - loss: 0.0571
 3/12 [======>.......................] - ETA: 0s - loss: 0.0482
 5/12 [===========>..................] - ETA: 0s - loss: 0.0478
 7/12 [================>.............] - ETA: 0s - loss: 0.0470
 9/12 [=====================>........] - ETA: 0s - loss: 0.0452
11/12 [==========================>...] - ETA: 0s - loss: 0.0464
12/12 [==============================] - 0s 36ms/step - loss: 0.0472
Epoch 210/300

 1/12 [=>............................] - ETA: 0s - loss: 0.0475
 3/12 [======>.......................] - ETA: 0s - loss: 0.0519
 5/12 [===========>..................] - ETA: 0s - loss: 0.0502
 7/12 [================>.............] - ETA: 0s - loss: 0.0517
 9/12 [=====================>........] - ETA: 0s - loss: 0.0484
11/12 [==========================>...] - ETA: 0s - loss: 0.0503
12/12 [==============================] - 0s 35ms/step - loss: 0.0504
Epoch 211/300

 1/12 [=>............................] - ETA: 0s - loss: 0.0542
 3/12 [======>.......................] - ETA: 0s - loss: 0.0608
 5/12 [===========>..................] - ETA: 0s - loss: 0.0547
 7/12 [================>.............] - ETA: 0s - loss: 0.0567
 9/12 [=====================>........] - ETA: 0s - loss: 0.0560
11/12 [==========================>...] - ETA: 0s - loss: 0.0549
12/12 [==============================] - 0s 36ms/step - loss: 0.0543
Epoch 212/300

 1/12 [=>............................] - ETA: 0s - loss: 0.0657
 3/12 [======>.......................] - ETA: 0s - loss: 0.0549
 5/12 [===========>..................] - ETA: 0s - loss: 0.0498
 7/12 [================>.............] - ETA: 0s - loss: 0.0528
 9/12 [=====================>........] - ETA: 0s - loss: 0.0511
11/12 [==========================>...] - ETA: 0s - loss: 0.0498
12/12 [==============================] - 0s 36ms/step - loss: 0.0499
Epoch 213/300

 1/12 [=>............................] - ETA: 0s - loss: 0.0616
 3/12 [======>.......................] - ETA: 0s - loss: 0.0548
 5/12 [===========>..................] - ETA: 0s - loss: 0.0529
 7/12 [================>.............] - ETA: 0s - loss: 0.0554
 9/12 [=====================>........] - ETA: 0s - loss: 0.0579
11/12 [==========================>...] - ETA: 0s - loss: 0.0565
12/12 [==============================] - 0s 35ms/step - loss: 0.0562
Epoch 214/300

 1/12 [=>............................] - ETA: 0s - loss: 0.0606
 3/12 [======>.......................] - ETA: 0s - loss: 0.0577
 5/12 [===========>..................] - ETA: 0s - loss: 0.0551
 7/12 [================>.............] - ETA: 0s - loss: 0.0525
 9/12 [=====================>........] - ETA: 0s - loss: 0.0515
11/12 [==========================>...] - ETA: 0s - loss: 0.0508
12/12 [==============================] - 0s 35ms/step - loss: 0.0513
Epoch 215/300

 1/12 [=>............................] - ETA: 0s - loss: 0.0409
 3/12 [======>.......................] - ETA: 0s - loss: 0.0513
 5/12 [===========>..................] - ETA: 0s - loss: 0.0519
 7/12 [================>.............] - ETA: 0s - loss: 0.0596
 9/12 [=====================>........] - ETA: 0s - loss: 0.0588
11/12 [==========================>...] - ETA: 0s - loss: 0.0568
12/12 [==============================] - 0s 35ms/step - loss: 0.0562
Epoch 216/300

 1/12 [=>............................] - ETA: 0s - loss: 0.0541
 3/12 [======>.......................] - ETA: 0s - loss: 0.0495
 5/12 [===========>..................] - ETA: 0s - loss: 0.0521
 7/12 [================>.............] - ETA: 0s - loss: 0.0516
 9/12 [=====================>........] - ETA: 0s - loss: 0.0511
11/12 [==========================>...] - ETA: 0s - loss: 0.0531
12/12 [==============================] - 0s 35ms/step - loss: 0.0526
Epoch 217/300

 1/12 [=>............................] - ETA: 0s - loss: 0.0406
 3/12 [======>.......................] - ETA: 0s - loss: 0.0492
 5/12 [===========>..................] - ETA: 0s - loss: 0.0480
 7/12 [================>.............] - ETA: 0s - loss: 0.0485
 9/12 [=====================>........] - ETA: 0s - loss: 0.0514
11/12 [==========================>...] - ETA: 0s - loss: 0.0520
12/12 [==============================] - 0s 35ms/step - loss: 0.0519
Epoch 218/300

 1/12 [=>............................] - ETA: 0s - loss: 0.0576
 2/12 [====>.........................] - ETA: 0s - loss: 0.0594
 4/12 [=========>....................] - ETA: 0s - loss: 0.0517
 6/12 [==============>...............] - ETA: 0s - loss: 0.0531
 8/12 [===================>..........] - ETA: 0s - loss: 0.0531
10/12 [========================>.....] - ETA: 0s - loss: 0.0506
12/12 [==============================] - ETA: 0s - loss: 0.0503
12/12 [==============================] - 0s 36ms/step - loss: 0.0503
Epoch 219/300

 1/12 [=>............................] - ETA: 0s - loss: 0.0520
 3/12 [======>.......................] - ETA: 0s - loss: 0.0533
 5/12 [===========>..................] - ETA: 0s - loss: 0.0497
 7/12 [================>.............] - ETA: 0s - loss: 0.0483
 9/12 [=====================>........] - ETA: 0s - loss: 0.0461
11/12 [==========================>...] - ETA: 0s - loss: 0.0453
12/12 [==============================] - 0s 36ms/step - loss: 0.0449
Epoch 220/300

 1/12 [=>............................] - ETA: 0s - loss: 0.0498
 3/12 [======>.......................] - ETA: 0s - loss: 0.0511
 5/12 [===========>..................] - ETA: 0s - loss: 0.0458
 7/12 [================>.............] - ETA: 0s - loss: 0.0469
 9/12 [=====================>........] - ETA: 0s - loss: 0.0476
11/12 [==========================>...] - ETA: 0s - loss: 0.0483
12/12 [==============================] - 0s 35ms/step - loss: 0.0486
Epoch 221/300

 1/12 [=>............................] - ETA: 0s - loss: 0.0568
 3/12 [======>.......................] - ETA: 0s - loss: 0.0503
 5/12 [===========>..................] - ETA: 0s - loss: 0.0456
 7/12 [================>.............] - ETA: 0s - loss: 0.0479
 9/12 [=====================>........] - ETA: 0s - loss: 0.0483
11/12 [==========================>...] - ETA: 0s - loss: 0.0497
12/12 [==============================] - 0s 36ms/step - loss: 0.0497
Epoch 222/300

 1/12 [=>............................] - ETA: 0s - loss: 0.0483
 3/12 [======>.......................] - ETA: 0s - loss: 0.0464
 5/12 [===========>..................] - ETA: 0s - loss: 0.0447
 7/12 [================>.............] - ETA: 0s - loss: 0.0454
 9/12 [=====================>........] - ETA: 0s - loss: 0.0462
11/12 [==========================>...] - ETA: 0s - loss: 0.0460
12/12 [==============================] - 0s 36ms/step - loss: 0.0456
Epoch 223/300

 1/12 [=>............................] - ETA: 0s - loss: 0.0378
 3/12 [======>.......................] - ETA: 0s - loss: 0.0463
 5/12 [===========>..................] - ETA: 0s - loss: 0.0421
 7/12 [================>.............] - ETA: 0s - loss: 0.0474
 9/12 [=====================>........] - ETA: 0s - loss: 0.0496
11/12 [==========================>...] - ETA: 0s - loss: 0.0520
12/12 [==============================] - 0s 36ms/step - loss: 0.0516
Epoch 224/300

 1/12 [=>............................] - ETA: 0s - loss: 0.0589
 3/12 [======>.......................] - ETA: 0s - loss: 0.0576
 5/12 [===========>..................] - ETA: 0s - loss: 0.0579
 7/12 [================>.............] - ETA: 0s - loss: 0.0532
 9/12 [=====================>........] - ETA: 0s - loss: 0.0515
11/12 [==========================>...] - ETA: 0s - loss: 0.0487
12/12 [==============================] - 0s 35ms/step - loss: 0.0487
Epoch 225/300

 1/12 [=>............................] - ETA: 0s - loss: 0.0589
 3/12 [======>.......................] - ETA: 0s - loss: 0.0563
 5/12 [===========>..................] - ETA: 0s - loss: 0.0527
 7/12 [================>.............] - ETA: 0s - loss: 0.0519
 9/12 [=====================>........] - ETA: 0s - loss: 0.0526
11/12 [==========================>...] - ETA: 0s - loss: 0.0522
12/12 [==============================] - 0s 36ms/step - loss: 0.0517
Epoch 226/300

 1/12 [=>............................] - ETA: 0s - loss: 0.0783
 3/12 [======>.......................] - ETA: 0s - loss: 0.0598
 5/12 [===========>..................] - ETA: 0s - loss: 0.0568
 7/12 [================>.............] - ETA: 0s - loss: 0.0556
 9/12 [=====================>........] - ETA: 0s - loss: 0.0559
11/12 [==========================>...] - ETA: 0s - loss: 0.0532
12/12 [==============================] - 0s 36ms/step - loss: 0.0527
Epoch 227/300

 1/12 [=>............................] - ETA: 0s - loss: 0.0369
 3/12 [======>.......................] - ETA: 0s - loss: 0.0467
 5/12 [===========>..................] - ETA: 0s - loss: 0.0472
 7/12 [================>.............] - ETA: 0s - loss: 0.0497
 9/12 [=====================>........] - ETA: 0s - loss: 0.0518
11/12 [==========================>...] - ETA: 0s - loss: 0.0509
12/12 [==============================] - 0s 36ms/step - loss: 0.0512
Epoch 228/300

 1/12 [=>............................] - ETA: 0s - loss: 0.0481
 3/12 [======>.......................] - ETA: 0s - loss: 0.0507
 5/12 [===========>..................] - ETA: 0s - loss: 0.0500
 7/12 [================>.............] - ETA: 0s - loss: 0.0501
 9/12 [=====================>........] - ETA: 0s - loss: 0.0504
11/12 [==========================>...] - ETA: 0s - loss: 0.0498
12/12 [==============================] - 0s 35ms/step - loss: 0.0496
Epoch 229/300

 1/12 [=>............................] - ETA: 0s - loss: 0.0487
 3/12 [======>.......................] - ETA: 0s - loss: 0.0471
 5/12 [===========>..................] - ETA: 0s - loss: 0.0464
 7/12 [================>.............] - ETA: 0s - loss: 0.0468
 9/12 [=====================>........] - ETA: 0s - loss: 0.0472
11/12 [==========================>...] - ETA: 0s - loss: 0.0463
12/12 [==============================] - 0s 35ms/step - loss: 0.0469
Epoch 230/300

 1/12 [=>............................] - ETA: 0s - loss: 0.0379
 3/12 [======>.......................] - ETA: 0s - loss: 0.0414
 5/12 [===========>..................] - ETA: 0s - loss: 0.0465
 7/12 [================>.............] - ETA: 0s - loss: 0.0440
 9/12 [=====================>........] - ETA: 0s - loss: 0.0448
11/12 [==========================>...] - ETA: 0s - loss: 0.0466
12/12 [==============================] - 0s 35ms/step - loss: 0.0466
Epoch 231/300

 1/12 [=>............................] - ETA: 0s - loss: 0.0530
 3/12 [======>.......................] - ETA: 0s - loss: 0.0488
 5/12 [===========>..................] - ETA: 0s - loss: 0.0516
 7/12 [================>.............] - ETA: 0s - loss: 0.0502
 9/12 [=====================>........] - ETA: 0s - loss: 0.0507
11/12 [==========================>...] - ETA: 0s - loss: 0.0525
12/12 [==============================] - 0s 35ms/step - loss: 0.0528
Epoch 232/300

 1/12 [=>............................] - ETA: 0s - loss: 0.0380
 3/12 [======>.......................] - ETA: 0s - loss: 0.0467
 5/12 [===========>..................] - ETA: 0s - loss: 0.0461
 7/12 [================>.............] - ETA: 0s - loss: 0.0449
 9/12 [=====================>........] - ETA: 0s - loss: 0.0443
11/12 [==========================>...] - ETA: 0s - loss: 0.0456
12/12 [==============================] - 0s 36ms/step - loss: 0.0453
Epoch 233/300

 1/12 [=>............................] - ETA: 0s - loss: 0.0398
 3/12 [======>.......................] - ETA: 0s - loss: 0.0467
 5/12 [===========>..................] - ETA: 0s - loss: 0.0473
 7/12 [================>.............] - ETA: 0s - loss: 0.0479
 9/12 [=====================>........] - ETA: 0s - loss: 0.0479
11/12 [==========================>...] - ETA: 0s - loss: 0.0485
12/12 [==============================] - 0s 38ms/step - loss: 0.0484
Epoch 234/300

 1/12 [=>............................] - ETA: 0s - loss: 0.0409
 2/12 [====>.........................] - ETA: 0s - loss: 0.0462
 4/12 [=========>....................] - ETA: 0s - loss: 0.0454
 6/12 [==============>...............] - ETA: 0s - loss: 0.0426
 8/12 [===================>..........] - ETA: 0s - loss: 0.0449
10/12 [========================>.....] - ETA: 0s - loss: 0.0469
12/12 [==============================] - ETA: 0s - loss: 0.0466
12/12 [==============================] - 0s 39ms/step - loss: 0.0466
Epoch 235/300

 1/12 [=>............................] - ETA: 0s - loss: 0.0524
 3/12 [======>.......................] - ETA: 0s - loss: 0.0480
 5/12 [===========>..................] - ETA: 0s - loss: 0.0537
 7/12 [================>.............] - ETA: 0s - loss: 0.0515
 9/12 [=====================>........] - ETA: 0s - loss: 0.0500
11/12 [==========================>...] - ETA: 0s - loss: 0.0495
12/12 [==============================] - 0s 36ms/step - loss: 0.0495
Epoch 236/300

 1/12 [=>............................] - ETA: 0s - loss: 0.0498
 3/12 [======>.......................] - ETA: 0s - loss: 0.0463
 5/12 [===========>..................] - ETA: 0s - loss: 0.0466
 7/12 [================>.............] - ETA: 0s - loss: 0.0443
 9/12 [=====================>........] - ETA: 0s - loss: 0.0451
11/12 [==========================>...] - ETA: 0s - loss: 0.0468
12/12 [==============================] - 0s 36ms/step - loss: 0.0467
Epoch 237/300

 1/12 [=>............................] - ETA: 0s - loss: 0.0554
 3/12 [======>.......................] - ETA: 0s - loss: 0.0519
 4/12 [=========>....................] - ETA: 0s - loss: 0.0479
 6/12 [==============>...............] - ETA: 0s - loss: 0.0474
 8/12 [===================>..........] - ETA: 0s - loss: 0.0515
10/12 [========================>.....] - ETA: 0s - loss: 0.0494
12/12 [==============================] - ETA: 0s - loss: 0.0494
12/12 [==============================] - 0s 37ms/step - loss: 0.0494
Epoch 238/300

 1/12 [=>............................] - ETA: 0s - loss: 0.0574
 3/12 [======>.......................] - ETA: 0s - loss: 0.0578
 5/12 [===========>..................] - ETA: 0s - loss: 0.0544
 7/12 [================>.............] - ETA: 0s - loss: 0.0518
 9/12 [=====================>........] - ETA: 0s - loss: 0.0513
11/12 [==========================>...] - ETA: 0s - loss: 0.0505
12/12 [==============================] - 0s 36ms/step - loss: 0.0506
Epoch 239/300

 1/12 [=>............................] - ETA: 0s - loss: 0.0592
 3/12 [======>.......................] - ETA: 0s - loss: 0.0554
 5/12 [===========>..................] - ETA: 0s - loss: 0.0531
 7/12 [================>.............] - ETA: 0s - loss: 0.0504
 9/12 [=====================>........] - ETA: 0s - loss: 0.0476
11/12 [==========================>...] - ETA: 0s - loss: 0.0463
12/12 [==============================] - 0s 36ms/step - loss: 0.0457
Epoch 239: early stopping

 1/12 [=>............................] - ETA: 6s
 9/12 [=====================>........] - ETA: 0s
12/12 [==============================] - 1s 8ms/step
指標 CSV を保存: C:\Users\Casper4\Python\ueki\shibasaki\研究\Pool_boiling\Subcooling_20_degrees\0.3\2025.06.18_0.3_3\regression_result\npy\conformer\20260702_cfa3\heatflux_no_noise\maxfreq=22kHz\e300_t7d256k7b4_conformer\metrics_summary_no_noise.csv
tuning summary saved: C:\Users\Casper4\Python\ueki\shibasaki\研究\Pool_boiling\Subcooling_20_degrees\0.3\2025.06.18_0.3_3\regression_result\npy\conformer\20260702_cfa3\tuning_summary.csv

========================================
dataset 2/3 | 2025.07.09_0.3_1 | maxfreq=22kHz | heatflux_no_noise
data_path=C:\Users\Casper4\Python\ueki\shibasaki\研究\Pool_boiling\Subcooling_20_degrees\0.3\2025.07.09_0.3_1\data\npy\waterflow_20251219_1s\maxfreq=22kHz\heatflux_no_noise
threshold=275174.6640882674
読み込みスタート
x shape: (1020, 224, 224, 1) | y shape: (1020,) | 読み込み 0.65 秒
parameter_set=t7d256k7b4 | model_params={'conformer': {'lr': 0.0001, 'batch_size': 64, 'early_stopping': True, 'builder_params': {'model_dim': 256, 'attention_key_dim': 64, 'num_heads': 4, 'ff_dim': 2048, 'num_conformer_blocks': 4, 'conv_kernel_size': 7, 'dropout': 0.2, 'time_reduction': 32, 'frontend_filters': [96, 256, 384, 384, 256]}, 'input_axes_assumption': ['time_frame', 'frequency_bin', 'channel'], 'architecture': {'front_end': 'alexnet_like_cnn_with_configurable_time_reduction', 'sequence_length_after_cnn': '224 / time_reduction', 'encoder': 'conformer_block', 'model_dim': 256, 'attention_key_dim': 64, 'num_heads': 4, 'ff_dim': 2048, 'conv_kernel_size': 31, 'pooling': 'AttentionPooling'}}}
run_dir=e300_t7d256k7b4_conformer
  params for conformer: lr=0.0001, batch_size=64
[Conformer] Fold 1/3 学習開始
Epoch 1/300

 1/11 [=>............................] - ETA: 1:02 - loss: 1.1422
 3/11 [=======>......................] - ETA: 0s - loss: 1.0424  
 5/11 [============>.................] - ETA: 0s - loss: 0.9396
 7/11 [==================>...........] - ETA: 0s - loss: 0.8526
 9/11 [=======================>......] - ETA: 0s - loss: 0.7755
11/11 [==============================] - ETA: 0s - loss: 0.7161
11/11 [==============================] - 7s 50ms/step - loss: 0.7161
Epoch 2/300

 1/11 [=>............................] - ETA: 0s - loss: 0.3365
 3/11 [=======>......................] - ETA: 0s - loss: 0.2845
 5/11 [============>.................] - ETA: 0s - loss: 0.2845
 7/11 [==================>...........] - ETA: 0s - loss: 0.3046
 9/11 [=======================>......] - ETA: 0s - loss: 0.2984
11/11 [==============================] - ETA: 0s - loss: 0.3051
11/11 [==============================] - 0s 37ms/step - loss: 0.3051
Epoch 3/300

 1/11 [=>............................] - ETA: 0s - loss: 0.2845
 3/11 [=======>......................] - ETA: 0s - loss: 0.2999
 5/11 [============>.................] - ETA: 0s - loss: 0.2791
 7/11 [==================>...........] - ETA: 0s - loss: 0.2721
 9/11 [=======================>......] - ETA: 0s - loss: 0.2776
11/11 [==============================] - ETA: 0s - loss: 0.2793
11/11 [==============================] - 0s 37ms/step - loss: 0.2793
Epoch 4/300

 1/11 [=>............................] - ETA: 0s - loss: 0.2384
 3/11 [=======>......................] - ETA: 0s - loss: 0.2542
 5/11 [============>.................] - ETA: 0s - loss: 0.2412
 7/11 [==================>...........] - ETA: 0s - loss: 0.2310
 9/11 [=======================>......] - ETA: 0s - loss: 0.2212
11/11 [==============================] - ETA: 0s - loss: 0.2260
11/11 [==============================] - 0s 37ms/step - loss: 0.2260
Epoch 5/300

 1/11 [=>............................] - ETA: 0s - loss: 0.1629
 3/11 [=======>......................] - ETA: 0s - loss: 0.2050
 5/11 [============>.................] - ETA: 0s - loss: 0.2202
 7/11 [==================>...........] - ETA: 0s - loss: 0.2154
 9/11 [=======================>......] - ETA: 0s - loss: 0.2164
11/11 [==============================] - ETA: 0s - loss: 0.2147
11/11 [==============================] - 0s 36ms/step - loss: 0.2147
Epoch 6/300

 1/11 [=>............................] - ETA: 0s - loss: 0.2493
 3/11 [=======>......................] - ETA: 0s - loss: 0.2106
 5/11 [============>.................] - ETA: 0s - loss: 0.2091
 7/11 [==================>...........] - ETA: 0s - loss: 0.2082
 9/11 [=======================>......] - ETA: 0s - loss: 0.2048
11/11 [==============================] - ETA: 0s - loss: 0.2016
11/11 [==============================] - 0s 36ms/step - loss: 0.2016
Epoch 7/300

 1/11 [=>............................] - ETA: 0s - loss: 0.1865
 3/11 [=======>......................] - ETA: 0s - loss: 0.1714
 5/11 [============>.................] - ETA: 0s - loss: 0.1826
 7/11 [==================>...........] - ETA: 0s - loss: 0.1869
 9/11 [=======================>......] - ETA: 0s - loss: 0.1838
11/11 [==============================] - ETA: 0s - loss: 0.1794
11/11 [==============================] - 0s 37ms/step - loss: 0.1794
Epoch 8/300

 1/11 [=>............................] - ETA: 0s - loss: 0.1688
 3/11 [=======>......................] - ETA: 0s - loss: 0.1771
 5/11 [============>.................] - ETA: 0s - loss: 0.1797
 7/11 [==================>...........] - ETA: 0s - loss: 0.1840
 9/11 [=======================>......] - ETA: 0s - loss: 0.1797
11/11 [==============================] - ETA: 0s - loss: 0.1823
11/11 [==============================] - 0s 37ms/step - loss: 0.1823
Epoch 9/300

 1/11 [=>............................] - ETA: 0s - loss: 0.1621
 3/11 [=======>......................] - ETA: 0s - loss: 0.1564
 5/11 [============>.................] - ETA: 0s - loss: 0.1435
 7/11 [==================>...........] - ETA: 0s - loss: 0.1471
 9/11 [=======================>......] - ETA: 0s - loss: 0.1520
11/11 [==============================] - ETA: 0s - loss: 0.1498
11/11 [==============================] - 0s 37ms/step - loss: 0.1498
Epoch 10/300

 1/11 [=>............................] - ETA: 0s - loss: 0.1221
 3/11 [=======>......................] - ETA: 0s - loss: 0.1463
 5/11 [============>.................] - ETA: 0s - loss: 0.1457
 7/11 [==================>...........] - ETA: 0s - loss: 0.1486
 9/11 [=======================>......] - ETA: 0s - loss: 0.1529
11/11 [==============================] - ETA: 0s - loss: 0.1537
11/11 [==============================] - 0s 37ms/step - loss: 0.1537
Epoch 11/300

 1/11 [=>............................] - ETA: 0s - loss: 0.1830
 3/11 [=======>......................] - ETA: 0s - loss: 0.1572
 5/11 [============>.................] - ETA: 0s - loss: 0.1504
 7/11 [==================>...........] - ETA: 0s - loss: 0.1444
 9/11 [=======================>......] - ETA: 0s - loss: 0.1515
11/11 [==============================] - ETA: 0s - loss: 0.1515
11/11 [==============================] - 0s 39ms/step - loss: 0.1515
Epoch 12/300

 1/11 [=>............................] - ETA: 0s - loss: 0.1654
 3/11 [=======>......................] - ETA: 0s - loss: 0.1351
 5/11 [============>.................] - ETA: 0s - loss: 0.1664
 6/11 [===============>..............] - ETA: 0s - loss: 0.1661
 8/11 [====================>.........] - ETA: 0s - loss: 0.1619
10/11 [==========================>...] - ETA: 0s - loss: 0.1601
11/11 [==============================] - 0s 45ms/step - loss: 0.1556
Epoch 13/300

 1/11 [=>............................] - ETA: 0s - loss: 0.1742
 3/11 [=======>......................] - ETA: 0s - loss: 0.1578
 5/11 [============>.................] - ETA: 0s - loss: 0.1615
 7/11 [==================>...........] - ETA: 0s - loss: 0.1655
 9/11 [=======================>......] - ETA: 0s - loss: 0.1553
11/11 [==============================] - ETA: 0s - loss: 0.1560
11/11 [==============================] - 0s 38ms/step - loss: 0.1560
Epoch 14/300

 1/11 [=>............................] - ETA: 0s - loss: 0.1587
 3/11 [=======>......................] - ETA: 0s - loss: 0.1574
 5/11 [============>.................] - ETA: 0s - loss: 0.1617
 7/11 [==================>...........] - ETA: 0s - loss: 0.1586
 9/11 [=======================>......] - ETA: 0s - loss: 0.1558
11/11 [==============================] - ETA: 0s - loss: 0.1625
11/11 [==============================] - 0s 35ms/step - loss: 0.1625
Epoch 15/300

 1/11 [=>............................] - ETA: 0s - loss: 0.1348
 3/11 [=======>......................] - ETA: 0s - loss: 0.1451
 5/11 [============>.................] - ETA: 0s - loss: 0.1422
 7/11 [==================>...........] - ETA: 0s - loss: 0.1462
 9/11 [=======================>......] - ETA: 0s - loss: 0.1443
11/11 [==============================] - ETA: 0s - loss: 0.1460
11/11 [==============================] - 0s 35ms/step - loss: 0.1460
Epoch 16/300

 1/11 [=>............................] - ETA: 0s - loss: 0.1414
 3/11 [=======>......................] - ETA: 0s - loss: 0.1321
 5/11 [============>.................] - ETA: 0s - loss: 0.1299
 7/11 [==================>...........] - ETA: 0s - loss: 0.1309
 9/11 [=======================>......] - ETA: 0s - loss: 0.1308
11/11 [==============================] - ETA: 0s - loss: 0.1343
11/11 [==============================] - 0s 35ms/step - loss: 0.1343
Epoch 17/300

 1/11 [=>............................] - ETA: 0s - loss: 0.2154
 3/11 [=======>......................] - ETA: 0s - loss: 0.1680
 5/11 [============>.................] - ETA: 0s - loss: 0.1538
 7/11 [==================>...........] - ETA: 0s - loss: 0.1451
 9/11 [=======================>......] - ETA: 0s - loss: 0.1414
11/11 [==============================] - ETA: 0s - loss: 0.1407
11/11 [==============================] - 0s 35ms/step - loss: 0.1407
Epoch 18/300

 1/11 [=>............................] - ETA: 0s - loss: 0.0991
 3/11 [=======>......................] - ETA: 0s - loss: 0.1372
 5/11 [============>.................] - ETA: 0s - loss: 0.1281
 7/11 [==================>...........] - ETA: 0s - loss: 0.1298
 9/11 [=======================>......] - ETA: 0s - loss: 0.1301
11/11 [==============================] - ETA: 0s - loss: 0.1313
11/11 [==============================] - 0s 37ms/step - loss: 0.1313
Epoch 19/300

 1/11 [=>............................] - ETA: 0s - loss: 0.1477
 3/11 [=======>......................] - ETA: 0s - loss: 0.1163
 4/11 [=========>....................] - ETA: 0s - loss: 0.1268
 6/11 [===============>..............] - ETA: 0s - loss: 0.1333
 8/11 [====================>.........] - ETA: 0s - loss: 0.1226
10/11 [==========================>...] - ETA: 0s - loss: 0.1254
11/11 [==============================] - 0s 37ms/step - loss: 0.1251
Epoch 20/300

 1/11 [=>............................] - ETA: 0s - loss: 0.1139
 3/11 [=======>......................] - ETA: 0s - loss: 0.1232
 4/11 [=========>....................] - ETA: 0s - loss: 0.1241
 6/11 [===============>..............] - ETA: 0s - loss: 0.1313
 8/11 [====================>.........] - ETA: 0s - loss: 0.1253
10/11 [==========================>...] - ETA: 0s - loss: 0.1275
11/11 [==============================] - 0s 37ms/step - loss: 0.1252
Epoch 21/300

 1/11 [=>............................] - ETA: 0s - loss: 0.1373
 3/11 [=======>......................] - ETA: 0s - loss: 0.1408
 5/11 [============>.................] - ETA: 0s - loss: 0.1287
 7/11 [==================>...........] - ETA: 0s - loss: 0.1263
 9/11 [=======================>......] - ETA: 0s - loss: 0.1275
11/11 [==============================] - ETA: 0s - loss: 0.1233
11/11 [==============================] - 0s 36ms/step - loss: 0.1233
Epoch 22/300

 1/11 [=>............................] - ETA: 0s - loss: 0.0956
 3/11 [=======>......................] - ETA: 0s - loss: 0.0862
 5/11 [============>.................] - ETA: 0s - loss: 0.0951
 7/11 [==================>...........] - ETA: 0s - loss: 0.1007
 9/11 [=======================>......] - ETA: 0s - loss: 0.1052
11/11 [==============================] - ETA: 0s - loss: 0.1026
11/11 [==============================] - 0s 37ms/step - loss: 0.1026
Epoch 23/300

 1/11 [=>............................] - ETA: 0s - loss: 0.1111
 2/11 [====>.........................] - ETA: 0s - loss: 0.1074
 4/11 [=========>....................] - ETA: 0s - loss: 0.1104
 6/11 [===============>..............] - ETA: 0s - loss: 0.1141
 8/11 [====================>.........] - ETA: 0s - loss: 0.1167
10/11 [==========================>...] - ETA: 0s - loss: 0.1174
11/11 [==============================] - 0s 37ms/step - loss: 0.1167
Epoch 24/300

 1/11 [=>............................] - ETA: 0s - loss: 0.1493
 3/11 [=======>......................] - ETA: 0s - loss: 0.1365
 5/11 [============>.................] - ETA: 0s - loss: 0.1365
 7/11 [==================>...........] - ETA: 0s - loss: 0.1327
 8/11 [====================>.........] - ETA: 0s - loss: 0.1298
10/11 [==========================>...] - ETA: 0s - loss: 0.1244
11/11 [==============================] - 0s 37ms/step - loss: 0.1239
Epoch 25/300

 1/11 [=>............................] - ETA: 0s - loss: 0.1221
 3/11 [=======>......................] - ETA: 0s - loss: 0.1213
 5/11 [============>.................] - ETA: 0s - loss: 0.1188
 7/11 [==================>...........] - ETA: 0s - loss: 0.1197
 8/11 [====================>.........] - ETA: 0s - loss: 0.1199
10/11 [==========================>...] - ETA: 0s - loss: 0.1196
11/11 [==============================] - 0s 37ms/step - loss: 0.1233
Epoch 26/300

 1/11 [=>............................] - ETA: 0s - loss: 0.1404
 3/11 [=======>......................] - ETA: 0s - loss: 0.1223
 5/11 [============>.................] - ETA: 0s - loss: 0.1219
 7/11 [==================>...........] - ETA: 0s - loss: 0.1206
 9/11 [=======================>......] - ETA: 0s - loss: 0.1178
11/11 [==============================] - ETA: 0s - loss: 0.1174
11/11 [==============================] - 0s 36ms/step - loss: 0.1174
Epoch 27/300

 1/11 [=>............................] - ETA: 0s - loss: 0.0849
 3/11 [=======>......................] - ETA: 0s - loss: 0.1011
 5/11 [============>.................] - ETA: 0s - loss: 0.1192
 6/11 [===============>..............] - ETA: 0s - loss: 0.1164
 8/11 [====================>.........] - ETA: 0s - loss: 0.1197
10/11 [==========================>...] - ETA: 0s - loss: 0.1177
11/11 [==============================] - 0s 35ms/step - loss: 0.1167
Epoch 28/300

 1/11 [=>............................] - ETA: 0s - loss: 0.1128
 3/11 [=======>......................] - ETA: 0s - loss: 0.1052
 5/11 [============>.................] - ETA: 0s - loss: 0.1100
 7/11 [==================>...........] - ETA: 0s - loss: 0.1193
 9/11 [=======================>......] - ETA: 0s - loss: 0.1150
11/11 [==============================] - ETA: 0s - loss: 0.1168
11/11 [==============================] - 0s 37ms/step - loss: 0.1168
Epoch 29/300

 1/11 [=>............................] - ETA: 0s - loss: 0.1141
 3/11 [=======>......................] - ETA: 0s - loss: 0.1107
 5/11 [============>.................] - ETA: 0s - loss: 0.1046
 7/11 [==================>...........] - ETA: 0s - loss: 0.1180
 9/11 [=======================>......] - ETA: 0s - loss: 0.1199
11/11 [==============================] - ETA: 0s - loss: 0.1175
11/11 [==============================] - 0s 37ms/step - loss: 0.1175
Epoch 30/300

 1/11 [=>............................] - ETA: 0s - loss: 0.0977
 3/11 [=======>......................] - ETA: 0s - loss: 0.1094
 5/11 [============>.................] - ETA: 0s - loss: 0.1040
 7/11 [==================>...........] - ETA: 0s - loss: 0.1013
 8/11 [====================>.........] - ETA: 0s - loss: 0.1050
10/11 [==========================>...] - ETA: 0s - loss: 0.1033
11/11 [==============================] - 0s 37ms/step - loss: 0.1047
Epoch 31/300

 1/11 [=>............................] - ETA: 0s - loss: 0.0991
 3/11 [=======>......................] - ETA: 0s - loss: 0.1178
 5/11 [============>.................] - ETA: 0s - loss: 0.1177
 7/11 [==================>...........] - ETA: 0s - loss: 0.1228
 9/11 [=======================>......] - ETA: 0s - loss: 0.1242
11/11 [==============================] - ETA: 0s - loss: 0.1203
11/11 [==============================] - 0s 37ms/step - loss: 0.1203
Epoch 32/300

 1/11 [=>............................] - ETA: 0s - loss: 0.0792
 3/11 [=======>......................] - ETA: 0s - loss: 0.0859
 5/11 [============>.................] - ETA: 0s - loss: 0.0980
 7/11 [==================>...........] - ETA: 0s - loss: 0.1040
 9/11 [=======================>......] - ETA: 0s - loss: 0.1048
11/11 [==============================] - ETA: 0s - loss: 0.1037
11/11 [==============================] - 0s 37ms/step - loss: 0.1037
Epoch 33/300

 1/11 [=>............................] - ETA: 0s - loss: 0.0881
 3/11 [=======>......................] - ETA: 0s - loss: 0.0935
 5/11 [============>.................] - ETA: 0s - loss: 0.1033
 7/11 [==================>...........] - ETA: 0s - loss: 0.1081
 9/11 [=======================>......] - ETA: 0s - loss: 0.1149
11/11 [==============================] - ETA: 0s - loss: 0.1144
11/11 [==============================] - 0s 37ms/step - loss: 0.1144
Epoch 34/300

 1/11 [=>............................] - ETA: 0s - loss: 0.1253
 3/11 [=======>......................] - ETA: 0s - loss: 0.1129
 5/11 [============>.................] - ETA: 0s - loss: 0.1045
 7/11 [==================>...........] - ETA: 0s - loss: 0.0978
 9/11 [=======================>......] - ETA: 0s - loss: 0.0972
11/11 [==============================] - ETA: 0s - loss: 0.0972
11/11 [==============================] - 0s 37ms/step - loss: 0.0972
Epoch 35/300

 1/11 [=>............................] - ETA: 0s - loss: 0.1066
 3/11 [=======>......................] - ETA: 0s - loss: 0.1024
 5/11 [============>.................] - ETA: 0s - loss: 0.0935
 7/11 [==================>...........] - ETA: 0s - loss: 0.0920
 9/11 [=======================>......] - ETA: 0s - loss: 0.0948
11/11 [==============================] - ETA: 0s - loss: 0.0970
11/11 [==============================] - 0s 37ms/step - loss: 0.0970
Epoch 36/300

 1/11 [=>............................] - ETA: 0s - loss: 0.0892
 3/11 [=======>......................] - ETA: 0s - loss: 0.1073
 5/11 [============>.................] - ETA: 0s - loss: 0.1023
 7/11 [==================>...........] - ETA: 0s - loss: 0.1033
 9/11 [=======================>......] - ETA: 0s - loss: 0.1002
11/11 [==============================] - ETA: 0s - loss: 0.1053
11/11 [==============================] - 0s 36ms/step - loss: 0.1053
Epoch 37/300

 1/11 [=>............................] - ETA: 0s - loss: 0.1245
 3/11 [=======>......................] - ETA: 0s - loss: 0.1104
 5/11 [============>.................] - ETA: 0s - loss: 0.1047
 7/11 [==================>...........] - ETA: 0s - loss: 0.1023
 9/11 [=======================>......] - ETA: 0s - loss: 0.1062
11/11 [==============================] - ETA: 0s - loss: 0.1032
11/11 [==============================] - 0s 37ms/step - loss: 0.1032
Epoch 38/300

 1/11 [=>............................] - ETA: 0s - loss: 0.1174
 3/11 [=======>......................] - ETA: 0s - loss: 0.0863
 5/11 [============>.................] - ETA: 0s - loss: 0.0865
 7/11 [==================>...........] - ETA: 0s - loss: 0.0846
 9/11 [=======================>......] - ETA: 0s - loss: 0.0915
11/11 [==============================] - ETA: 0s - loss: 0.0940
11/11 [==============================] - 0s 37ms/step - loss: 0.0940
Epoch 39/300

 1/11 [=>............................] - ETA: 0s - loss: 0.0882
 3/11 [=======>......................] - ETA: 0s - loss: 0.0927
 5/11 [============>.................] - ETA: 0s - loss: 0.0980
 7/11 [==================>...........] - ETA: 0s - loss: 0.0974
 9/11 [=======================>......] - ETA: 0s - loss: 0.0984
11/11 [==============================] - ETA: 0s - loss: 0.0963
11/11 [==============================] - 0s 37ms/step - loss: 0.0963
Epoch 40/300

 1/11 [=>............................] - ETA: 0s - loss: 0.1212
 3/11 [=======>......................] - ETA: 0s - loss: 0.1006
 5/11 [============>.................] - ETA: 0s - loss: 0.0952
 7/11 [==================>...........] - ETA: 0s - loss: 0.0903
 9/11 [=======================>......] - ETA: 0s - loss: 0.0887
11/11 [==============================] - ETA: 0s - loss: 0.0899
11/11 [==============================] - 0s 38ms/step - loss: 0.0899
Epoch 41/300

 1/11 [=>............................] - ETA: 0s - loss: 0.1039
 3/11 [=======>......................] - ETA: 0s - loss: 0.1025
 5/11 [============>.................] - ETA: 0s - loss: 0.1041
 7/11 [==================>...........] - ETA: 0s - loss: 0.0990
 9/11 [=======================>......] - ETA: 0s - loss: 0.0991
11/11 [==============================] - ETA: 0s - loss: 0.0970
11/11 [==============================] - 0s 37ms/step - loss: 0.0970
Epoch 42/300

 1/11 [=>............................] - ETA: 0s - loss: 0.1193
 3/11 [=======>......................] - ETA: 0s - loss: 0.0992
 5/11 [============>.................] - ETA: 0s - loss: 0.0975
 7/11 [==================>...........] - ETA: 0s - loss: 0.0988
 9/11 [=======================>......] - ETA: 0s - loss: 0.0990
11/11 [==============================] - ETA: 0s - loss: 0.0981
11/11 [==============================] - 0s 37ms/step - loss: 0.0981
Epoch 43/300

 1/11 [=>............................] - ETA: 0s - loss: 0.1125
 3/11 [=======>......................] - ETA: 0s - loss: 0.1023
 5/11 [============>.................] - ETA: 0s - loss: 0.1060
 7/11 [==================>...........] - ETA: 0s - loss: 0.1037
 9/11 [=======================>......] - ETA: 0s - loss: 0.0979
11/11 [==============================] - ETA: 0s - loss: 0.0978
11/11 [==============================] - 0s 37ms/step - loss: 0.0978
Epoch 44/300

 1/11 [=>............................] - ETA: 0s - loss: 0.1058
 3/11 [=======>......................] - ETA: 0s - loss: 0.0865
 4/11 [=========>....................] - ETA: 0s - loss: 0.0851
 6/11 [===============>..............] - ETA: 0s - loss: 0.0871
 8/11 [====================>.........] - ETA: 0s - loss: 0.0868
10/11 [==========================>...] - ETA: 0s - loss: 0.0892
11/11 [==============================] - 0s 36ms/step - loss: 0.0894
Epoch 45/300

 1/11 [=>............................] - ETA: 0s - loss: 0.1289
 3/11 [=======>......................] - ETA: 0s - loss: 0.0998
 5/11 [============>.................] - ETA: 0s - loss: 0.0980
 7/11 [==================>...........] - ETA: 0s - loss: 0.0977
 9/11 [=======================>......] - ETA: 0s - loss: 0.0966
11/11 [==============================] - ETA: 0s - loss: 0.0960
11/11 [==============================] - 0s 37ms/step - loss: 0.0960
Epoch 46/300

 1/11 [=>............................] - ETA: 0s - loss: 0.1220
 3/11 [=======>......................] - ETA: 0s - loss: 0.0914
 4/11 [=========>....................] - ETA: 0s - loss: 0.0966
 6/11 [===============>..............] - ETA: 0s - loss: 0.0926
 8/11 [====================>.........] - ETA: 0s - loss: 0.0954
10/11 [==========================>...] - ETA: 0s - loss: 0.0918
11/11 [==============================] - 0s 37ms/step - loss: 0.0916
Epoch 47/300

 1/11 [=>............................] - ETA: 0s - loss: 0.0937
 3/11 [=======>......................] - ETA: 0s - loss: 0.0878
 5/11 [============>.................] - ETA: 0s - loss: 0.0884
 7/11 [==================>...........] - ETA: 0s - loss: 0.0957
 9/11 [=======================>......] - ETA: 0s - loss: 0.0925
11/11 [==============================] - ETA: 0s - loss: 0.0919
11/11 [==============================] - 0s 35ms/step - loss: 0.0919
Epoch 48/300

 1/11 [=>............................] - ETA: 0s - loss: 0.0921
 3/11 [=======>......................] - ETA: 0s - loss: 0.0995
 5/11 [============>.................] - ETA: 0s - loss: 0.0979
 7/11 [==================>...........] - ETA: 0s - loss: 0.0935
 9/11 [=======================>......] - ETA: 0s - loss: 0.0882
11/11 [==============================] - ETA: 0s - loss: 0.0904
11/11 [==============================] - 0s 37ms/step - loss: 0.0904
Epoch 49/300

 1/11 [=>............................] - ETA: 0s - loss: 0.0805
 3/11 [=======>......................] - ETA: 0s - loss: 0.0762
 5/11 [============>.................] - ETA: 0s - loss: 0.0780
 6/11 [===============>..............] - ETA: 0s - loss: 0.0816
 8/11 [====================>.........] - ETA: 0s - loss: 0.0906
10/11 [==========================>...] - ETA: 0s - loss: 0.0907
11/11 [==============================] - 0s 37ms/step - loss: 0.0901
Epoch 50/300

 1/11 [=>............................] - ETA: 0s - loss: 0.0887
 2/11 [====>.........................] - ETA: 0s - loss: 0.0848
 4/11 [=========>....................] - ETA: 0s - loss: 0.0876
 5/11 [============>.................] - ETA: 0s - loss: 0.0915
 7/11 [==================>...........] - ETA: 0s - loss: 0.0915
 9/11 [=======================>......] - ETA: 0s - loss: 0.0927
11/11 [==============================] - ETA: 0s - loss: 0.0937
11/11 [==============================] - 0s 40ms/step - loss: 0.0937
Epoch 51/300

 1/11 [=>............................] - ETA: 0s - loss: 0.0956
 3/11 [=======>......................] - ETA: 0s - loss: 0.0808
 5/11 [============>.................] - ETA: 0s - loss: 0.0766
 6/11 [===============>..............] - ETA: 0s - loss: 0.0814
 7/11 [==================>...........] - ETA: 0s - loss: 0.0789
 9/11 [=======================>......] - ETA: 0s - loss: 0.0792
11/11 [==============================] - ETA: 0s - loss: 0.0779
11/11 [==============================] - 0s 38ms/step - loss: 0.0779
Epoch 52/300

 1/11 [=>............................] - ETA: 0s - loss: 0.0777
 3/11 [=======>......................] - ETA: 0s - loss: 0.0968
 4/11 [=========>....................] - ETA: 0s - loss: 0.0909
 5/11 [============>.................] - ETA: 0s - loss: 0.0949
 7/11 [==================>...........] - ETA: 0s - loss: 0.0932
 9/11 [=======================>......] - ETA: 0s - loss: 0.0923
11/11 [==============================] - ETA: 0s - loss: 0.0891
11/11 [==============================] - 0s 38ms/step - loss: 0.0891
Epoch 53/300

 1/11 [=>............................] - ETA: 0s - loss: 0.0753
 3/11 [=======>......................] - ETA: 0s - loss: 0.0779
 4/11 [=========>....................] - ETA: 0s - loss: 0.0791
 6/11 [===============>..............] - ETA: 0s - loss: 0.0846
 8/11 [====================>.........] - ETA: 0s - loss: 0.0885
10/11 [==========================>...] - ETA: 0s - loss: 0.0883
11/11 [==============================] - 0s 37ms/step - loss: 0.0883
Epoch 54/300

 1/11 [=>............................] - ETA: 0s - loss: 0.0847
 3/11 [=======>......................] - ETA: 0s - loss: 0.0879
 5/11 [============>.................] - ETA: 0s - loss: 0.0845
 7/11 [==================>...........] - ETA: 0s - loss: 0.0875
 9/11 [=======================>......] - ETA: 0s - loss: 0.0872
11/11 [==============================] - ETA: 0s - loss: 0.0863
11/11 [==============================] - 0s 37ms/step - loss: 0.0863
Epoch 55/300

 1/11 [=>............................] - ETA: 0s - loss: 0.0767
 3/11 [=======>......................] - ETA: 0s - loss: 0.0911
 5/11 [============>.................] - ETA: 0s - loss: 0.0817
 7/11 [==================>...........] - ETA: 0s - loss: 0.0822
 9/11 [=======================>......] - ETA: 0s - loss: 0.0795
11/11 [==============================] - ETA: 0s - loss: 0.0798
11/11 [==============================] - 0s 37ms/step - loss: 0.0798
Epoch 56/300

 1/11 [=>............................] - ETA: 0s - loss: 0.0713
 2/11 [====>.........................] - ETA: 0s - loss: 0.0682
 4/11 [=========>....................] - ETA: 0s - loss: 0.0620
 6/11 [===============>..............] - ETA: 0s - loss: 0.0678
 8/11 [====================>.........] - ETA: 0s - loss: 0.0725
10/11 [==========================>...] - ETA: 0s - loss: 0.0769
11/11 [==============================] - 0s 37ms/step - loss: 0.0774
Epoch 57/300

 1/11 [=>............................] - ETA: 0s - loss: 0.1006
 3/11 [=======>......................] - ETA: 0s - loss: 0.0769
 5/11 [============>.................] - ETA: 0s - loss: 0.0803
 7/11 [==================>...........] - ETA: 0s - loss: 0.0762
 9/11 [=======================>......] - ETA: 0s - loss: 0.0778
11/11 [==============================] - ETA: 0s - loss: 0.0796
11/11 [==============================] - 0s 35ms/step - loss: 0.0796
Epoch 58/300

 1/11 [=>............................] - ETA: 0s - loss: 0.0977
 3/11 [=======>......................] - ETA: 0s - loss: 0.0832
 5/11 [============>.................] - ETA: 0s - loss: 0.0952
 6/11 [===============>..............] - ETA: 0s - loss: 0.0929
 8/11 [====================>.........] - ETA: 0s - loss: 0.0932
10/11 [==========================>...] - ETA: 0s - loss: 0.0901
11/11 [==============================] - 0s 37ms/step - loss: 0.0884
Epoch 59/300

 1/11 [=>............................] - ETA: 0s - loss: 0.0803
 3/11 [=======>......................] - ETA: 0s - loss: 0.0843
 5/11 [============>.................] - ETA: 0s - loss: 0.0821
 7/11 [==================>...........] - ETA: 0s - loss: 0.0794
 8/11 [====================>.........] - ETA: 0s - loss: 0.0804
10/11 [==========================>...] - ETA: 0s - loss: 0.0822
11/11 [==============================] - 0s 37ms/step - loss: 0.0817
Epoch 60/300

 1/11 [=>............................] - ETA: 0s - loss: 0.0770
 2/11 [====>.........................] - ETA: 0s - loss: 0.0847
 4/11 [=========>....................] - ETA: 0s - loss: 0.0788
 6/11 [===============>..............] - ETA: 0s - loss: 0.0745
 8/11 [====================>.........] - ETA: 0s - loss: 0.0749
10/11 [==========================>...] - ETA: 0s - loss: 0.0803
11/11 [==============================] - 0s 38ms/step - loss: 0.0803
Epoch 61/300

 1/11 [=>............................] - ETA: 0s - loss: 0.0792
 3/11 [=======>......................] - ETA: 0s - loss: 0.0898
 5/11 [============>.................] - ETA: 0s - loss: 0.0893
 7/11 [==================>...........] - ETA: 0s - loss: 0.0895
 9/11 [=======================>......] - ETA: 0s - loss: 0.0866
11/11 [==============================] - ETA: 0s - loss: 0.0858
11/11 [==============================] - 0s 36ms/step - loss: 0.0858
Epoch 62/300

 1/11 [=>............................] - ETA: 0s - loss: 0.0635
 3/11 [=======>......................] - ETA: 0s - loss: 0.0696
 5/11 [============>.................] - ETA: 0s - loss: 0.0779
 7/11 [==================>...........] - ETA: 0s - loss: 0.0786
 9/11 [=======================>......] - ETA: 0s - loss: 0.0775
11/11 [==============================] - ETA: 0s - loss: 0.0798
11/11 [==============================] - 0s 37ms/step - loss: 0.0798
Epoch 63/300

 1/11 [=>............................] - ETA: 0s - loss: 0.0760
 3/11 [=======>......................] - ETA: 0s - loss: 0.0857
 5/11 [============>.................] - ETA: 0s - loss: 0.0805
 7/11 [==================>...........] - ETA: 0s - loss: 0.0881
 9/11 [=======================>......] - ETA: 0s - loss: 0.0850
11/11 [==============================] - ETA: 0s - loss: 0.0858
11/11 [==============================] - 0s 36ms/step - loss: 0.0858
Epoch 64/300

 1/11 [=>............................] - ETA: 0s - loss: 0.0893
 3/11 [=======>......................] - ETA: 0s - loss: 0.0815
 5/11 [============>.................] - ETA: 0s - loss: 0.0758
 7/11 [==================>...........] - ETA: 0s - loss: 0.0806
 9/11 [=======================>......] - ETA: 0s - loss: 0.0799
11/11 [==============================] - ETA: 0s - loss: 0.0796
11/11 [==============================] - 0s 37ms/step - loss: 0.0796
Epoch 65/300

 1/11 [=>............................] - ETA: 0s - loss: 0.1112
 2/11 [====>.........................] - ETA: 0s - loss: 0.0987
 4/11 [=========>....................] - ETA: 0s - loss: 0.0822
 6/11 [===============>..............] - ETA: 0s - loss: 0.0775
 8/11 [====================>.........] - ETA: 0s - loss: 0.0779
10/11 [==========================>...] - ETA: 0s - loss: 0.0771
11/11 [==============================] - 0s 37ms/step - loss: 0.0769
Epoch 66/300

 1/11 [=>............................] - ETA: 0s - loss: 0.0710
 3/11 [=======>......................] - ETA: 0s - loss: 0.0795
 5/11 [============>.................] - ETA: 0s - loss: 0.0784
 7/11 [==================>...........] - ETA: 0s - loss: 0.0807
 9/11 [=======================>......] - ETA: 0s - loss: 0.0838
11/11 [==============================] - ETA: 0s - loss: 0.0836
11/11 [==============================] - 0s 37ms/step - loss: 0.0836
Epoch 67/300

 1/11 [=>............................] - ETA: 0s - loss: 0.0902
 3/11 [=======>......................] - ETA: 0s - loss: 0.0852
 5/11 [============>.................] - ETA: 0s - loss: 0.0889
 7/11 [==================>...........] - ETA: 0s - loss: 0.0816
 9/11 [=======================>......] - ETA: 0s - loss: 0.0807
11/11 [==============================] - ETA: 0s - loss: 0.0825
11/11 [==============================] - 0s 37ms/step - loss: 0.0825
Epoch 68/300

 1/11 [=>............................] - ETA: 0s - loss: 0.0894
 3/11 [=======>......................] - ETA: 0s - loss: 0.0899
 5/11 [============>.................] - ETA: 0s - loss: 0.0898
 7/11 [==================>...........] - ETA: 0s - loss: 0.0834
 9/11 [=======================>......] - ETA: 0s - loss: 0.0828
11/11 [==============================] - ETA: 0s - loss: 0.0841
11/11 [==============================] - 0s 35ms/step - loss: 0.0841
Epoch 69/300

 1/11 [=>............................] - ETA: 0s - loss: 0.0707
 3/11 [=======>......................] - ETA: 0s - loss: 0.0719
 5/11 [============>.................] - ETA: 0s - loss: 0.0756
 7/11 [==================>...........] - ETA: 0s - loss: 0.0782
 9/11 [=======================>......] - ETA: 0s - loss: 0.0764
11/11 [==============================] - ETA: 0s - loss: 0.0775
11/11 [==============================] - 0s 37ms/step - loss: 0.0775
Epoch 70/300

 1/11 [=>............................] - ETA: 0s - loss: 0.0945
 3/11 [=======>......................] - ETA: 0s - loss: 0.0890
 4/11 [=========>....................] - ETA: 0s - loss: 0.0902
 6/11 [===============>..............] - ETA: 0s - loss: 0.0824
 7/11 [==================>...........] - ETA: 0s - loss: 0.0820
 9/11 [=======================>......] - ETA: 0s - loss: 0.0817
11/11 [==============================] - ETA: 0s - loss: 0.0795
11/11 [==============================] - 0s 36ms/step - loss: 0.0795
Epoch 71/300

 1/11 [=>............................] - ETA: 0s - loss: 0.0750
 3/11 [=======>......................] - ETA: 0s - loss: 0.0774
 5/11 [============>.................] - ETA: 0s - loss: 0.0739
 7/11 [==================>...........] - ETA: 0s - loss: 0.0775
 9/11 [=======================>......] - ETA: 0s - loss: 0.0748
11/11 [==============================] - ETA: 0s - loss: 0.0751
11/11 [==============================] - 0s 37ms/step - loss: 0.0751
Epoch 72/300

 1/11 [=>............................] - ETA: 0s - loss: 0.0715
 3/11 [=======>......................] - ETA: 0s - loss: 0.0725
 5/11 [============>.................] - ETA: 0s - loss: 0.0700
 7/11 [==================>...........] - ETA: 0s - loss: 0.0715
 9/11 [=======================>......] - ETA: 0s - loss: 0.0728
11/11 [==============================] - ETA: 0s - loss: 0.0730
11/11 [==============================] - 0s 37ms/step - loss: 0.0730
Epoch 73/300

 1/11 [=>............................] - ETA: 0s - loss: 0.0741
 3/11 [=======>......................] - ETA: 0s - loss: 0.0824
 4/11 [=========>....................] - ETA: 0s - loss: 0.0787
 6/11 [===============>..............] - ETA: 0s - loss: 0.0759
 8/11 [====================>.........] - ETA: 0s - loss: 0.0755
10/11 [==========================>...] - ETA: 0s - loss: 0.0742
11/11 [==============================] - 0s 37ms/step - loss: 0.0733
Epoch 74/300

 1/11 [=>............................] - ETA: 0s - loss: 0.0787
 3/11 [=======>......................] - ETA: 0s - loss: 0.0812
 5/11 [============>.................] - ETA: 0s - loss: 0.0768
 7/11 [==================>...........] - ETA: 0s - loss: 0.0752
 9/11 [=======================>......] - ETA: 0s - loss: 0.0750
11/11 [==============================] - ETA: 0s - loss: 0.0747
11/11 [==============================] - 0s 37ms/step - loss: 0.0747
Epoch 75/300

 1/11 [=>............................] - ETA: 0s - loss: 0.0583
 3/11 [=======>......................] - ETA: 0s - loss: 0.0596
 5/11 [============>.................] - ETA: 0s - loss: 0.0627
 7/11 [==================>...........] - ETA: 0s - loss: 0.0643
 9/11 [=======================>......] - ETA: 0s - loss: 0.0640
11/11 [==============================] - ETA: 0s - loss: 0.0645
11/11 [==============================] - 0s 37ms/step - loss: 0.0645
Epoch 76/300

 1/11 [=>............................] - ETA: 0s - loss: 0.0569
 3/11 [=======>......................] - ETA: 0s - loss: 0.0540
 5/11 [============>.................] - ETA: 0s - loss: 0.0580
 7/11 [==================>...........] - ETA: 0s - loss: 0.0603
 9/11 [=======================>......] - ETA: 0s - loss: 0.0620
11/11 [==============================] - ETA: 0s - loss: 0.0636
11/11 [==============================] - 0s 37ms/step - loss: 0.0636
Epoch 77/300

 1/11 [=>............................] - ETA: 0s - loss: 0.0650
 3/11 [=======>......................] - ETA: 0s - loss: 0.0809
 5/11 [============>.................] - ETA: 0s - loss: 0.0790
 7/11 [==================>...........] - ETA: 0s - loss: 0.0752
 9/11 [=======================>......] - ETA: 0s - loss: 0.0729
11/11 [==============================] - ETA: 0s - loss: 0.0737
11/11 [==============================] - 0s 37ms/step - loss: 0.0737
Epoch 78/300

 1/11 [=>............................] - ETA: 0s - loss: 0.0559
 2/11 [====>.........................] - ETA: 0s - loss: 0.0728
 4/11 [=========>....................] - ETA: 0s - loss: 0.0688
 6/11 [===============>..............] - ETA: 0s - loss: 0.0668
 8/11 [====================>.........] - ETA: 0s - loss: 0.0660
10/11 [==========================>...] - ETA: 0s - loss: 0.0711
11/11 [==============================] - 0s 38ms/step - loss: 0.0716
Epoch 79/300

 1/11 [=>............................] - ETA: 0s - loss: 0.0902
 3/11 [=======>......................] - ETA: 0s - loss: 0.0808
 5/11 [============>.................] - ETA: 0s - loss: 0.0825
 7/11 [==================>...........] - ETA: 0s - loss: 0.0738
 9/11 [=======================>......] - ETA: 0s - loss: 0.0706
11/11 [==============================] - ETA: 0s - loss: 0.0705
11/11 [==============================] - 0s 37ms/step - loss: 0.0705
Epoch 80/300

 1/11 [=>............................] - ETA: 0s - loss: 0.0742
 3/11 [=======>......................] - ETA: 0s - loss: 0.0682
 5/11 [============>.................] - ETA: 0s - loss: 0.0743
 7/11 [==================>...........] - ETA: 0s - loss: 0.0763
 9/11 [=======================>......] - ETA: 0s - loss: 0.0752
11/11 [==============================] - ETA: 0s - loss: 0.0737
11/11 [==============================] - 0s 37ms/step - loss: 0.0737
Epoch 81/300

 1/11 [=>............................] - ETA: 0s - loss: 0.0712
 3/11 [=======>......................] - ETA: 0s - loss: 0.0719
 5/11 [============>.................] - ETA: 0s - loss: 0.0724
 7/11 [==================>...........] - ETA: 0s - loss: 0.0745
 9/11 [=======================>......] - ETA: 0s - loss: 0.0745
11/11 [==============================] - ETA: 0s - loss: 0.0727
11/11 [==============================] - 0s 37ms/step - loss: 0.0727
Epoch 82/300

 1/11 [=>............................] - ETA: 0s - loss: 0.0614
 3/11 [=======>......................] - ETA: 0s - loss: 0.0716
 5/11 [============>.................] - ETA: 0s - loss: 0.0673
 7/11 [==================>...........] - ETA: 0s - loss: 0.0742
 9/11 [=======================>......] - ETA: 0s - loss: 0.0706
11/11 [==============================] - ETA: 0s - loss: 0.0713
11/11 [==============================] - 0s 37ms/step - loss: 0.0713
Epoch 83/300

 1/11 [=>............................] - ETA: 0s - loss: 0.0635
 3/11 [=======>......................] - ETA: 0s - loss: 0.0693
 5/11 [============>.................] - ETA: 0s - loss: 0.0671
 7/11 [==================>...........] - ETA: 0s - loss: 0.0641
 9/11 [=======================>......] - ETA: 0s - loss: 0.0612
11/11 [==============================] - ETA: 0s - loss: 0.0633
11/11 [==============================] - 0s 37ms/step - loss: 0.0633
Epoch 84/300

 1/11 [=>............................] - ETA: 0s - loss: 0.0664
 3/11 [=======>......................] - ETA: 0s - loss: 0.0654
 5/11 [============>.................] - ETA: 0s - loss: 0.0663
 7/11 [==================>...........] - ETA: 0s - loss: 0.0643
 9/11 [=======================>......] - ETA: 0s - loss: 0.0617
11/11 [==============================] - ETA: 0s - loss: 0.0634
11/11 [==============================] - 0s 37ms/step - loss: 0.0634
Epoch 85/300

 1/11 [=>............................] - ETA: 0s - loss: 0.0750
 3/11 [=======>......................] - ETA: 0s - loss: 0.0679
 5/11 [============>.................] - ETA: 0s - loss: 0.0703
 7/11 [==================>...........] - ETA: 0s - loss: 0.0692
 9/11 [=======================>......] - ETA: 0s - loss: 0.0684
11/11 [==============================] - ETA: 0s - loss: 0.0683
11/11 [==============================] - 0s 37ms/step - loss: 0.0683
Epoch 86/300

 1/11 [=>............................] - ETA: 0s - loss: 0.0658
 3/11 [=======>......................] - ETA: 0s - loss: 0.0708
 5/11 [============>.................] - ETA: 0s - loss: 0.0684
 7/11 [==================>...........] - ETA: 0s - loss: 0.0679
 9/11 [=======================>......] - ETA: 0s - loss: 0.0660
11/11 [==============================] - ETA: 0s - loss: 0.0656
11/11 [==============================] - 0s 37ms/step - loss: 0.0656
Epoch 87/300

 1/11 [=>............................] - ETA: 0s - loss: 0.0529
 3/11 [=======>......................] - ETA: 0s - loss: 0.0657
 5/11 [============>.................] - ETA: 0s - loss: 0.0641
 7/11 [==================>...........] - ETA: 0s - loss: 0.0637
 9/11 [=======================>......] - ETA: 0s - loss: 0.0624
11/11 [==============================] - ETA: 0s - loss: 0.0651
11/11 [==============================] - 0s 37ms/step - loss: 0.0651
Epoch 88/300

 1/11 [=>............................] - ETA: 0s - loss: 0.0572
 3/11 [=======>......................] - ETA: 0s - loss: 0.0614
 5/11 [============>.................] - ETA: 0s - loss: 0.0683
 6/11 [===============>..............] - ETA: 0s - loss: 0.0672
 8/11 [====================>.........] - ETA: 0s - loss: 0.0727
10/11 [==========================>...] - ETA: 0s - loss: 0.0703
11/11 [==============================] - 0s 37ms/step - loss: 0.0691
Epoch 89/300

 1/11 [=>............................] - ETA: 0s - loss: 0.0690
 3/11 [=======>......................] - ETA: 0s - loss: 0.0689
 5/11 [============>.................] - ETA: 0s - loss: 0.0689
 7/11 [==================>...........] - ETA: 0s - loss: 0.0693
 9/11 [=======================>......] - ETA: 0s - loss: 0.0682
11/11 [==============================] - ETA: 0s - loss: 0.0665
11/11 [==============================] - 0s 38ms/step - loss: 0.0665
Epoch 90/300

 1/11 [=>............................] - ETA: 0s - loss: 0.0642
 3/11 [=======>......................] - ETA: 0s - loss: 0.0701
 5/11 [============>.................] - ETA: 0s - loss: 0.0719
 7/11 [==================>...........] - ETA: 0s - loss: 0.0694
 9/11 [=======================>......] - ETA: 0s - loss: 0.0681
11/11 [==============================] - ETA: 0s - loss: 0.0710
11/11 [==============================] - 0s 37ms/step - loss: 0.0710
Epoch 91/300

 1/11 [=>............................] - ETA: 0s - loss: 0.0691
 3/11 [=======>......................] - ETA: 0s - loss: 0.0690
 5/11 [============>.................] - ETA: 0s - loss: 0.0673
 7/11 [==================>...........] - ETA: 0s - loss: 0.0638
 9/11 [=======================>......] - ETA: 0s - loss: 0.0669
11/11 [==============================] - ETA: 0s - loss: 0.0675
11/11 [==============================] - 0s 38ms/step - loss: 0.0675
Epoch 92/300

 1/11 [=>............................] - ETA: 0s - loss: 0.0761
 3/11 [=======>......................] - ETA: 0s - loss: 0.0731
 5/11 [============>.................] - ETA: 0s - loss: 0.0691
 7/11 [==================>...........] - ETA: 0s - loss: 0.0689
 9/11 [=======================>......] - ETA: 0s - loss: 0.0690
11/11 [==============================] - ETA: 0s - loss: 0.0693
11/11 [==============================] - 0s 37ms/step - loss: 0.0693
Epoch 93/300

 1/11 [=>............................] - ETA: 0s - loss: 0.0768
 3/11 [=======>......................] - ETA: 0s - loss: 0.0762
 5/11 [============>.................] - ETA: 0s - loss: 0.0760
 7/11 [==================>...........] - ETA: 0s - loss: 0.0725
 9/11 [=======================>......] - ETA: 0s - loss: 0.0714
11/11 [==============================] - ETA: 0s - loss: 0.0715
11/11 [==============================] - 0s 37ms/step - loss: 0.0715
Epoch 94/300

 1/11 [=>............................] - ETA: 0s - loss: 0.0726
 3/11 [=======>......................] - ETA: 0s - loss: 0.0818
 5/11 [============>.................] - ETA: 0s - loss: 0.0766
 7/11 [==================>...........] - ETA: 0s - loss: 0.0745
 9/11 [=======================>......] - ETA: 0s - loss: 0.0743
11/11 [==============================] - ETA: 0s - loss: 0.0732
11/11 [==============================] - 0s 36ms/step - loss: 0.0732
Epoch 95/300

 1/11 [=>............................] - ETA: 0s - loss: 0.0651
 3/11 [=======>......................] - ETA: 0s - loss: 0.0631
 5/11 [============>.................] - ETA: 0s - loss: 0.0648
 7/11 [==================>...........] - ETA: 0s - loss: 0.0634
 9/11 [=======================>......] - ETA: 0s - loss: 0.0659
11/11 [==============================] - ETA: 0s - loss: 0.0669
11/11 [==============================] - 0s 35ms/step - loss: 0.0669
Epoch 96/300

 1/11 [=>............................] - ETA: 0s - loss: 0.0697
 3/11 [=======>......................] - ETA: 0s - loss: 0.0768
 5/11 [============>.................] - ETA: 0s - loss: 0.0718
 7/11 [==================>...........] - ETA: 0s - loss: 0.0745
 8/11 [====================>.........] - ETA: 0s - loss: 0.0714
10/11 [==========================>...] - ETA: 0s - loss: 0.0712
11/11 [==============================] - 0s 37ms/step - loss: 0.0711
Epoch 97/300

 1/11 [=>............................] - ETA: 0s - loss: 0.0691
 3/11 [=======>......................] - ETA: 0s - loss: 0.0756
 5/11 [============>.................] - ETA: 0s - loss: 0.0700
 7/11 [==================>...........] - ETA: 0s - loss: 0.0669
 9/11 [=======================>......] - ETA: 0s - loss: 0.0674
11/11 [==============================] - ETA: 0s - loss: 0.0656
11/11 [==============================] - 0s 37ms/step - loss: 0.0656
Epoch 98/300

 1/11 [=>............................] - ETA: 0s - loss: 0.0521
 3/11 [=======>......................] - ETA: 0s - loss: 0.0655
 5/11 [============>.................] - ETA: 0s - loss: 0.0645
 6/11 [===============>..............] - ETA: 0s - loss: 0.0634
 8/11 [====================>.........] - ETA: 0s - loss: 0.0654
10/11 [==========================>...] - ETA: 0s - loss: 0.0688
11/11 [==============================] - 0s 36ms/step - loss: 0.0689
Epoch 99/300

 1/11 [=>............................] - ETA: 0s - loss: 0.0765
 3/11 [=======>......................] - ETA: 0s - loss: 0.0685
 5/11 [============>.................] - ETA: 0s - loss: 0.0635
 7/11 [==================>...........] - ETA: 0s - loss: 0.0633
 9/11 [=======================>......] - ETA: 0s - loss: 0.0671
11/11 [==============================] - ETA: 0s - loss: 0.0685
11/11 [==============================] - 0s 35ms/step - loss: 0.0685
Epoch 100/300

 1/11 [=>............................] - ETA: 0s - loss: 0.0862
 3/11 [=======>......................] - ETA: 0s - loss: 0.0833
 5/11 [============>.................] - ETA: 0s - loss: 0.0743
 6/11 [===============>..............] - ETA: 0s - loss: 0.0746
 8/11 [====================>.........] - ETA: 0s - loss: 0.0713
10/11 [==========================>...] - ETA: 0s - loss: 0.0693
11/11 [==============================] - 0s 37ms/step - loss: 0.0697
Epoch 101/300

 1/11 [=>............................] - ETA: 0s - loss: 0.0630
 3/11 [=======>......................] - ETA: 0s - loss: 0.0744
 5/11 [============>.................] - ETA: 0s - loss: 0.0658
 7/11 [==================>...........] - ETA: 0s - loss: 0.0670
 9/11 [=======================>......] - ETA: 0s - loss: 0.0678
11/11 [==============================] - ETA: 0s - loss: 0.0677
11/11 [==============================] - 0s 37ms/step - loss: 0.0677
Epoch 102/300

 1/11 [=>............................] - ETA: 0s - loss: 0.0682
 3/11 [=======>......................] - ETA: 0s - loss: 0.0667
 5/11 [============>.................] - ETA: 0s - loss: 0.0643
 7/11 [==================>...........] - ETA: 0s - loss: 0.0641
 9/11 [=======================>......] - ETA: 0s - loss: 0.0658
11/11 [==============================] - ETA: 0s - loss: 0.0674
11/11 [==============================] - 0s 37ms/step - loss: 0.0674
Epoch 103/300

 1/11 [=>............................] - ETA: 0s - loss: 0.0552
 3/11 [=======>......................] - ETA: 0s - loss: 0.0646
 5/11 [============>.................] - ETA: 0s - loss: 0.0622
 7/11 [==================>...........] - ETA: 0s - loss: 0.0633
 9/11 [=======================>......] - ETA: 0s - loss: 0.0629
11/11 [==============================] - ETA: 0s - loss: 0.0638
11/11 [==============================] - 0s 37ms/step - loss: 0.0638
Epoch 103: early stopping

 1/11 [=>............................] - ETA: 6s
 7/11 [==================>...........] - ETA: 0s
11/11 [==============================] - 1s 8ms/step
  params for conformer: lr=0.0001, batch_size=64
[Conformer] Fold 2/3 学習開始
Epoch 1/300

 1/11 [=>............................] - ETA: 1:03 - loss: 0.4195
 3/11 [=======>......................] - ETA: 0s - loss: 0.4414  
 5/11 [============>.................] - ETA: 0s - loss: 0.4491
 7/11 [==================>...........] - ETA: 0s - loss: 0.4071
 9/11 [=======================>......] - ETA: 0s - loss: 0.3798
11/11 [==============================] - ETA: 0s - loss: 0.3634
11/11 [==============================] - 7s 36ms/step - loss: 0.3634
Epoch 2/300

 1/11 [=>............................] - ETA: 0s - loss: 0.3857
 3/11 [=======>......................] - ETA: 0s - loss: 0.3035
 5/11 [============>.................] - ETA: 0s - loss: 0.3205
 7/11 [==================>...........] - ETA: 0s - loss: 0.3257
 9/11 [=======================>......] - ETA: 0s - loss: 0.3180
11/11 [==============================] - ETA: 0s - loss: 0.3101
11/11 [==============================] - 0s 37ms/step - loss: 0.3101
Epoch 3/300

 1/11 [=>............................] - ETA: 0s - loss: 0.3312
 3/11 [=======>......................] - ETA: 0s - loss: 0.2968
 5/11 [============>.................] - ETA: 0s - loss: 0.2803
 7/11 [==================>...........] - ETA: 0s - loss: 0.2715
 9/11 [=======================>......] - ETA: 0s - loss: 0.2717
11/11 [==============================] - ETA: 0s - loss: 0.2648
11/11 [==============================] - 0s 36ms/step - loss: 0.2648
Epoch 4/300

 1/11 [=>............................] - ETA: 0s - loss: 0.2770
 3/11 [=======>......................] - ETA: 0s - loss: 0.2408
 5/11 [============>.................] - ETA: 0s - loss: 0.2642
 7/11 [==================>...........] - ETA: 0s - loss: 0.2637
 9/11 [=======================>......] - ETA: 0s - loss: 0.2659
11/11 [==============================] - ETA: 0s - loss: 0.2578
11/11 [==============================] - 0s 36ms/step - loss: 0.2578
Epoch 5/300

 1/11 [=>............................] - ETA: 0s - loss: 0.2380
 3/11 [=======>......................] - ETA: 0s - loss: 0.1983
 5/11 [============>.................] - ETA: 0s - loss: 0.2068
 7/11 [==================>...........] - ETA: 0s - loss: 0.2193
 9/11 [=======================>......] - ETA: 0s - loss: 0.2186
11/11 [==============================] - ETA: 0s - loss: 0.2234
11/11 [==============================] - 0s 36ms/step - loss: 0.2234
Epoch 6/300

 1/11 [=>............................] - ETA: 0s - loss: 0.2338
 3/11 [=======>......................] - ETA: 0s - loss: 0.2094
 5/11 [============>.................] - ETA: 0s - loss: 0.2062
 7/11 [==================>...........] - ETA: 0s - loss: 0.2142
 9/11 [=======================>......] - ETA: 0s - loss: 0.2036
11/11 [==============================] - ETA: 0s - loss: 0.2035
11/11 [==============================] - 0s 38ms/step - loss: 0.2035
Epoch 7/300

 1/11 [=>............................] - ETA: 0s - loss: 0.1644
 3/11 [=======>......................] - ETA: 0s - loss: 0.2413
 5/11 [============>.................] - ETA: 0s - loss: 0.2320
 7/11 [==================>...........] - ETA: 0s - loss: 0.2346
 9/11 [=======================>......] - ETA: 0s - loss: 0.2282
11/11 [==============================] - ETA: 0s - loss: 0.2276
11/11 [==============================] - 0s 38ms/step - loss: 0.2276
Epoch 8/300

 1/11 [=>............................] - ETA: 0s - loss: 0.1985
 3/11 [=======>......................] - ETA: 0s - loss: 0.2082
 5/11 [============>.................] - ETA: 0s - loss: 0.1921
 7/11 [==================>...........] - ETA: 0s - loss: 0.1977
 9/11 [=======================>......] - ETA: 0s - loss: 0.1983
11/11 [==============================] - ETA: 0s - loss: 0.1997
11/11 [==============================] - 0s 38ms/step - loss: 0.1997
Epoch 9/300

 1/11 [=>............................] - ETA: 0s - loss: 0.1662
 3/11 [=======>......................] - ETA: 0s - loss: 0.1748
 5/11 [============>.................] - ETA: 0s - loss: 0.1860
 7/11 [==================>...........] - ETA: 0s - loss: 0.1842
 9/11 [=======================>......] - ETA: 0s - loss: 0.1820
11/11 [==============================] - ETA: 0s - loss: 0.1831
11/11 [==============================] - 0s 36ms/step - loss: 0.1831
Epoch 10/300

 1/11 [=>............................] - ETA: 0s - loss: 0.1440
 3/11 [=======>......................] - ETA: 0s - loss: 0.1752
 5/11 [============>.................] - ETA: 0s - loss: 0.1747
 7/11 [==================>...........] - ETA: 0s - loss: 0.1824
 9/11 [=======================>......] - ETA: 0s - loss: 0.1817
11/11 [==============================] - ETA: 0s - loss: 0.1811
11/11 [==============================] - 0s 36ms/step - loss: 0.1811
Epoch 11/300

 1/11 [=>............................] - ETA: 0s - loss: 0.2208
 3/11 [=======>......................] - ETA: 0s - loss: 0.1854
 5/11 [============>.................] - ETA: 0s - loss: 0.1680
 7/11 [==================>...........] - ETA: 0s - loss: 0.1684
 9/11 [=======================>......] - ETA: 0s - loss: 0.1751
11/11 [==============================] - ETA: 0s - loss: 0.1853
11/11 [==============================] - 0s 36ms/step - loss: 0.1853
Epoch 12/300

 1/11 [=>............................] - ETA: 0s - loss: 0.1350
 3/11 [=======>......................] - ETA: 0s - loss: 0.1397
 5/11 [============>.................] - ETA: 0s - loss: 0.1550
 7/11 [==================>...........] - ETA: 0s - loss: 0.1640
 9/11 [=======================>......] - ETA: 0s - loss: 0.1609
11/11 [==============================] - ETA: 0s - loss: 0.1589
11/11 [==============================] - 0s 36ms/step - loss: 0.1589
Epoch 13/300

 1/11 [=>............................] - ETA: 0s - loss: 0.1393
 3/11 [=======>......................] - ETA: 0s - loss: 0.1672
 5/11 [============>.................] - ETA: 0s - loss: 0.1730
 7/11 [==================>...........] - ETA: 0s - loss: 0.1788
 9/11 [=======================>......] - ETA: 0s - loss: 0.1679
11/11 [==============================] - ETA: 0s - loss: 0.1615
11/11 [==============================] - 0s 37ms/step - loss: 0.1615
Epoch 14/300

 1/11 [=>............................] - ETA: 0s - loss: 0.2013
 3/11 [=======>......................] - ETA: 0s - loss: 0.1486
 5/11 [============>.................] - ETA: 0s - loss: 0.1429
 7/11 [==================>...........] - ETA: 0s - loss: 0.1413
 9/11 [=======================>......] - ETA: 0s - loss: 0.1401
11/11 [==============================] - ETA: 0s - loss: 0.1434
11/11 [==============================] - 0s 36ms/step - loss: 0.1434
Epoch 15/300

 1/11 [=>............................] - ETA: 0s - loss: 0.1269
 3/11 [=======>......................] - ETA: 0s - loss: 0.1443
 5/11 [============>.................] - ETA: 0s - loss: 0.1421
 7/11 [==================>...........] - ETA: 0s - loss: 0.1441
 9/11 [=======================>......] - ETA: 0s - loss: 0.1440
11/11 [==============================] - ETA: 0s - loss: 0.1457
11/11 [==============================] - 0s 36ms/step - loss: 0.1457
Epoch 16/300

 1/11 [=>............................] - ETA: 0s - loss: 0.1457
 3/11 [=======>......................] - ETA: 0s - loss: 0.1624
 5/11 [============>.................] - ETA: 0s - loss: 0.1531
 7/11 [==================>...........] - ETA: 0s - loss: 0.1420
 9/11 [=======================>......] - ETA: 0s - loss: 0.1451
11/11 [==============================] - ETA: 0s - loss: 0.1403
11/11 [==============================] - 0s 36ms/step - loss: 0.1403
Epoch 17/300

 1/11 [=>............................] - ETA: 0s - loss: 0.1298
 3/11 [=======>......................] - ETA: 0s - loss: 0.1430
 5/11 [============>.................] - ETA: 0s - loss: 0.1401
 7/11 [==================>...........] - ETA: 0s - loss: 0.1397
 9/11 [=======================>......] - ETA: 0s - loss: 0.1432
11/11 [==============================] - ETA: 0s - loss: 0.1506
11/11 [==============================] - 0s 36ms/step - loss: 0.1506
Epoch 18/300

 1/11 [=>............................] - ETA: 0s - loss: 0.1334
 3/11 [=======>......................] - ETA: 0s - loss: 0.1487
 5/11 [============>.................] - ETA: 0s - loss: 0.1587
 7/11 [==================>...........] - ETA: 0s - loss: 0.1586
 9/11 [=======================>......] - ETA: 0s - loss: 0.1550
11/11 [==============================] - ETA: 0s - loss: 0.1513
11/11 [==============================] - 0s 36ms/step - loss: 0.1513
Epoch 19/300

 1/11 [=>............................] - ETA: 0s - loss: 0.1900
 3/11 [=======>......................] - ETA: 0s - loss: 0.1489
 5/11 [============>.................] - ETA: 0s - loss: 0.1423
 7/11 [==================>...........] - ETA: 0s - loss: 0.1412
 9/11 [=======================>......] - ETA: 0s - loss: 0.1393
11/11 [==============================] - ETA: 0s - loss: 0.1432
11/11 [==============================] - 0s 36ms/step - loss: 0.1432
Epoch 20/300

 1/11 [=>............................] - ETA: 0s - loss: 0.1525
 3/11 [=======>......................] - ETA: 0s - loss: 0.1419
 5/11 [============>.................] - ETA: 0s - loss: 0.1423
 7/11 [==================>...........] - ETA: 0s - loss: 0.1454
 9/11 [=======================>......] - ETA: 0s - loss: 0.1451
11/11 [==============================] - ETA: 0s - loss: 0.1393
11/11 [==============================] - 0s 36ms/step - loss: 0.1393
Epoch 21/300

 1/11 [=>............................] - ETA: 0s - loss: 0.1071
 3/11 [=======>......................] - ETA: 0s - loss: 0.1499
 5/11 [============>.................] - ETA: 0s - loss: 0.1462
 7/11 [==================>...........] - ETA: 0s - loss: 0.1466
 9/11 [=======================>......] - ETA: 0s - loss: 0.1439
11/11 [==============================] - ETA: 0s - loss: 0.1469
11/11 [==============================] - 0s 36ms/step - loss: 0.1469
Epoch 22/300

 1/11 [=>............................] - ETA: 0s - loss: 0.1917
 3/11 [=======>......................] - ETA: 0s - loss: 0.1608
 5/11 [============>.................] - ETA: 0s - loss: 0.1529
 7/11 [==================>...........] - ETA: 0s - loss: 0.1520
 9/11 [=======================>......] - ETA: 0s - loss: 0.1478
11/11 [==============================] - ETA: 0s - loss: 0.1534
11/11 [==============================] - 0s 36ms/step - loss: 0.1534
Epoch 23/300

 1/11 [=>............................] - ETA: 0s - loss: 0.0789
 3/11 [=======>......................] - ETA: 0s - loss: 0.1161
 5/11 [============>.................] - ETA: 0s - loss: 0.1276
 7/11 [==================>...........] - ETA: 0s - loss: 0.1282
 9/11 [=======================>......] - ETA: 0s - loss: 0.1284
11/11 [==============================] - ETA: 0s - loss: 0.1257
11/11 [==============================] - 0s 36ms/step - loss: 0.1257
Epoch 24/300

 1/11 [=>............................] - ETA: 0s - loss: 0.1141
 3/11 [=======>......................] - ETA: 0s - loss: 0.1386
 5/11 [============>.................] - ETA: 0s - loss: 0.1405
 7/11 [==================>...........] - ETA: 0s - loss: 0.1423
 9/11 [=======================>......] - ETA: 0s - loss: 0.1455
11/11 [==============================] - ETA: 0s - loss: 0.1406
11/11 [==============================] - 0s 36ms/step - loss: 0.1406
Epoch 25/300

 1/11 [=>............................] - ETA: 0s - loss: 0.1082
 3/11 [=======>......................] - ETA: 0s - loss: 0.1298
 5/11 [============>.................] - ETA: 0s - loss: 0.1206
 7/11 [==================>...........] - ETA: 0s - loss: 0.1190
 9/11 [=======================>......] - ETA: 0s - loss: 0.1225
11/11 [==============================] - ETA: 0s - loss: 0.1249
11/11 [==============================] - 0s 36ms/step - loss: 0.1249
Epoch 26/300

 1/11 [=>............................] - ETA: 0s - loss: 0.1279
 3/11 [=======>......................] - ETA: 0s - loss: 0.1218
 5/11 [============>.................] - ETA: 0s - loss: 0.1251
 7/11 [==================>...........] - ETA: 0s - loss: 0.1319
 9/11 [=======================>......] - ETA: 0s - loss: 0.1300
11/11 [==============================] - ETA: 0s - loss: 0.1336
11/11 [==============================] - 0s 36ms/step - loss: 0.1336
Epoch 27/300

 1/11 [=>............................] - ETA: 0s - loss: 0.0899
 3/11 [=======>......................] - ETA: 0s - loss: 0.1103
 5/11 [============>.................] - ETA: 0s - loss: 0.1207
 7/11 [==================>...........] - ETA: 0s - loss: 0.1153
 9/11 [=======================>......] - ETA: 0s - loss: 0.1142
11/11 [==============================] - ETA: 0s - loss: 0.1153
11/11 [==============================] - 0s 37ms/step - loss: 0.1153
Epoch 28/300

 1/11 [=>............................] - ETA: 0s - loss: 0.1030
 3/11 [=======>......................] - ETA: 0s - loss: 0.1107
 5/11 [============>.................] - ETA: 0s - loss: 0.1089
 7/11 [==================>...........] - ETA: 0s - loss: 0.1172
 9/11 [=======================>......] - ETA: 0s - loss: 0.1121
11/11 [==============================] - ETA: 0s - loss: 0.1134
11/11 [==============================] - 0s 36ms/step - loss: 0.1134
Epoch 29/300

 1/11 [=>............................] - ETA: 0s - loss: 0.1182
 3/11 [=======>......................] - ETA: 0s - loss: 0.1047
 5/11 [============>.................] - ETA: 0s - loss: 0.1139
 7/11 [==================>...........] - ETA: 0s - loss: 0.1166
 9/11 [=======================>......] - ETA: 0s - loss: 0.1169
11/11 [==============================] - ETA: 0s - loss: 0.1127
11/11 [==============================] - 0s 36ms/step - loss: 0.1127
Epoch 30/300

 1/11 [=>............................] - ETA: 0s - loss: 0.1187
 3/11 [=======>......................] - ETA: 0s - loss: 0.1217
 5/11 [============>.................] - ETA: 0s - loss: 0.1189
 7/11 [==================>...........] - ETA: 0s - loss: 0.1189
 9/11 [=======================>......] - ETA: 0s - loss: 0.1224
11/11 [==============================] - ETA: 0s - loss: 0.1246
11/11 [==============================] - 0s 36ms/step - loss: 0.1246
Epoch 31/300

 1/11 [=>............................] - ETA: 0s - loss: 0.0824
 3/11 [=======>......................] - ETA: 0s - loss: 0.0911
 5/11 [============>.................] - ETA: 0s - loss: 0.0990
 7/11 [==================>...........] - ETA: 0s - loss: 0.1036
 9/11 [=======================>......] - ETA: 0s - loss: 0.1081
11/11 [==============================] - ETA: 0s - loss: 0.1081
11/11 [==============================] - 0s 36ms/step - loss: 0.1081
Epoch 32/300

 1/11 [=>............................] - ETA: 0s - loss: 0.1014
 3/11 [=======>......................] - ETA: 0s - loss: 0.1033
 5/11 [============>.................] - ETA: 0s - loss: 0.1076
 7/11 [==================>...........] - ETA: 0s - loss: 0.1174
 9/11 [=======================>......] - ETA: 0s - loss: 0.1152
11/11 [==============================] - ETA: 0s - loss: 0.1120
11/11 [==============================] - 0s 36ms/step - loss: 0.1120
Epoch 33/300

 1/11 [=>............................] - ETA: 0s - loss: 0.0803
 3/11 [=======>......................] - ETA: 0s - loss: 0.0940
 5/11 [============>.................] - ETA: 0s - loss: 0.1026
 7/11 [==================>...........] - ETA: 0s - loss: 0.1130
 9/11 [=======================>......] - ETA: 0s - loss: 0.1096
11/11 [==============================] - ETA: 0s - loss: 0.1095
11/11 [==============================] - 0s 38ms/step - loss: 0.1095
Epoch 34/300

 1/11 [=>............................] - ETA: 0s - loss: 0.1340
 3/11 [=======>......................] - ETA: 0s - loss: 0.1123
 5/11 [============>.................] - ETA: 0s - loss: 0.1165
 7/11 [==================>...........] - ETA: 0s - loss: 0.1288
 9/11 [=======================>......] - ETA: 0s - loss: 0.1263
11/11 [==============================] - ETA: 0s - loss: 0.1227
11/11 [==============================] - 0s 35ms/step - loss: 0.1227
Epoch 35/300

 1/11 [=>............................] - ETA: 0s - loss: 0.1179
 3/11 [=======>......................] - ETA: 0s - loss: 0.1106
 5/11 [============>.................] - ETA: 0s - loss: 0.1132
 7/11 [==================>...........] - ETA: 0s - loss: 0.1140
 9/11 [=======================>......] - ETA: 0s - loss: 0.1147
11/11 [==============================] - ETA: 0s - loss: 0.1140
11/11 [==============================] - 0s 36ms/step - loss: 0.1140
Epoch 36/300

 1/11 [=>............................] - ETA: 0s - loss: 0.0918
 3/11 [=======>......................] - ETA: 0s - loss: 0.1173
 5/11 [============>.................] - ETA: 0s - loss: 0.1113
 7/11 [==================>...........] - ETA: 0s - loss: 0.1116
 9/11 [=======================>......] - ETA: 0s - loss: 0.1107
11/11 [==============================] - ETA: 0s - loss: 0.1103
11/11 [==============================] - 0s 36ms/step - loss: 0.1103
Epoch 37/300

 1/11 [=>............................] - ETA: 0s - loss: 0.0893
 3/11 [=======>......................] - ETA: 0s - loss: 0.1138
 5/11 [============>.................] - ETA: 0s - loss: 0.1100
 7/11 [==================>...........] - ETA: 0s - loss: 0.1077
 9/11 [=======================>......] - ETA: 0s - loss: 0.1076
11/11 [==============================] - ETA: 0s - loss: 0.1078
11/11 [==============================] - 0s 36ms/step - loss: 0.1078
Epoch 38/300

 1/11 [=>............................] - ETA: 0s - loss: 0.1249
 3/11 [=======>......................] - ETA: 0s - loss: 0.1188
 5/11 [============>.................] - ETA: 0s - loss: 0.1091
 7/11 [==================>...........] - ETA: 0s - loss: 0.1116
 9/11 [=======================>......] - ETA: 0s - loss: 0.1126
11/11 [==============================] - ETA: 0s - loss: 0.1144
11/11 [==============================] - 0s 36ms/step - loss: 0.1144
Epoch 39/300

 1/11 [=>............................] - ETA: 0s - loss: 0.1114
 3/11 [=======>......................] - ETA: 0s - loss: 0.1173
 5/11 [============>.................] - ETA: 0s - loss: 0.1102
 7/11 [==================>...........] - ETA: 0s - loss: 0.1068
 9/11 [=======================>......] - ETA: 0s - loss: 0.1075
11/11 [==============================] - ETA: 0s - loss: 0.1074
11/11 [==============================] - 0s 36ms/step - loss: 0.1074
Epoch 40/300

 1/11 [=>............................] - ETA: 0s - loss: 0.1249
 3/11 [=======>......................] - ETA: 0s - loss: 0.1089
 5/11 [============>.................] - ETA: 0s - loss: 0.1046
 7/11 [==================>...........] - ETA: 0s - loss: 0.1015
 9/11 [=======================>......] - ETA: 0s - loss: 0.1044
11/11 [==============================] - ETA: 0s - loss: 0.1058
11/11 [==============================] - 0s 36ms/step - loss: 0.1058
Epoch 41/300

 1/11 [=>............................] - ETA: 0s - loss: 0.0720
 3/11 [=======>......................] - ETA: 0s - loss: 0.0871
 5/11 [============>.................] - ETA: 0s - loss: 0.0901
 7/11 [==================>...........] - ETA: 0s - loss: 0.0911
 9/11 [=======================>......] - ETA: 0s - loss: 0.0972
11/11 [==============================] - ETA: 0s - loss: 0.0960
11/11 [==============================] - 0s 37ms/step - loss: 0.0960
Epoch 42/300

 1/11 [=>............................] - ETA: 0s - loss: 0.1132
 3/11 [=======>......................] - ETA: 0s - loss: 0.1088
 5/11 [============>.................] - ETA: 0s - loss: 0.0956
 7/11 [==================>...........] - ETA: 0s - loss: 0.0924
 9/11 [=======================>......] - ETA: 0s - loss: 0.0945
11/11 [==============================] - ETA: 0s - loss: 0.0932
11/11 [==============================] - 0s 36ms/step - loss: 0.0932
Epoch 43/300

 1/11 [=>............................] - ETA: 0s - loss: 0.1112
 3/11 [=======>......................] - ETA: 0s - loss: 0.1117
 5/11 [============>.................] - ETA: 0s - loss: 0.1039
 7/11 [==================>...........] - ETA: 0s - loss: 0.1024
 9/11 [=======================>......] - ETA: 0s - loss: 0.1032
11/11 [==============================] - ETA: 0s - loss: 0.1048
11/11 [==============================] - 0s 37ms/step - loss: 0.1048
Epoch 44/300

 1/11 [=>............................] - ETA: 0s - loss: 0.0823
 3/11 [=======>......................] - ETA: 0s - loss: 0.0838
 5/11 [============>.................] - ETA: 0s - loss: 0.0968
 7/11 [==================>...........] - ETA: 0s - loss: 0.0949
 9/11 [=======================>......] - ETA: 0s - loss: 0.0927
11/11 [==============================] - ETA: 0s - loss: 0.0942
11/11 [==============================] - 0s 35ms/step - loss: 0.0942
Epoch 45/300

 1/11 [=>............................] - ETA: 0s - loss: 0.1012
 3/11 [=======>......................] - ETA: 0s - loss: 0.1036
 5/11 [============>.................] - ETA: 0s - loss: 0.1041
 7/11 [==================>...........] - ETA: 0s - loss: 0.1000
 9/11 [=======================>......] - ETA: 0s - loss: 0.1014
11/11 [==============================] - ETA: 0s - loss: 0.1031
11/11 [==============================] - 0s 35ms/step - loss: 0.1031
Epoch 46/300

 1/11 [=>............................] - ETA: 0s - loss: 0.0782
 3/11 [=======>......................] - ETA: 0s - loss: 0.0850
 5/11 [============>.................] - ETA: 0s - loss: 0.0916
 7/11 [==================>...........] - ETA: 0s - loss: 0.0892
 9/11 [=======================>......] - ETA: 0s - loss: 0.0890
11/11 [==============================] - ETA: 0s - loss: 0.0883
11/11 [==============================] - 0s 38ms/step - loss: 0.0883
Epoch 47/300

 1/11 [=>............................] - ETA: 0s - loss: 0.0808
 3/11 [=======>......................] - ETA: 0s - loss: 0.0918
 5/11 [============>.................] - ETA: 0s - loss: 0.0950
 7/11 [==================>...........] - ETA: 0s - loss: 0.0921
 8/11 [====================>.........] - ETA: 0s - loss: 0.0890
10/11 [==========================>...] - ETA: 0s - loss: 0.0917
11/11 [==============================] - 0s 37ms/step - loss: 0.0912
Epoch 48/300

 1/11 [=>............................] - ETA: 0s - loss: 0.0971
 3/11 [=======>......................] - ETA: 0s - loss: 0.0980
 5/11 [============>.................] - ETA: 0s - loss: 0.1063
 7/11 [==================>...........] - ETA: 0s - loss: 0.1061
 8/11 [====================>.........] - ETA: 0s - loss: 0.1060
10/11 [==========================>...] - ETA: 0s - loss: 0.1042
11/11 [==============================] - 0s 37ms/step - loss: 0.1063
Epoch 49/300

 1/11 [=>............................] - ETA: 0s - loss: 0.1068
 3/11 [=======>......................] - ETA: 0s - loss: 0.1058
 5/11 [============>.................] - ETA: 0s - loss: 0.0977
 7/11 [==================>...........] - ETA: 0s - loss: 0.0942
 9/11 [=======================>......] - ETA: 0s - loss: 0.0985
11/11 [==============================] - ETA: 0s - loss: 0.0963
11/11 [==============================] - 0s 37ms/step - loss: 0.0963
Epoch 50/300

 1/11 [=>............................] - ETA: 0s - loss: 0.1182
 3/11 [=======>......................] - ETA: 0s - loss: 0.0985
 5/11 [============>.................] - ETA: 0s - loss: 0.0983
 7/11 [==================>...........] - ETA: 0s - loss: 0.0912
 9/11 [=======================>......] - ETA: 0s - loss: 0.0913
11/11 [==============================] - ETA: 0s - loss: 0.0883
11/11 [==============================] - 0s 37ms/step - loss: 0.0883
Epoch 51/300

 1/11 [=>............................] - ETA: 0s - loss: 0.0894
 3/11 [=======>......................] - ETA: 0s - loss: 0.0837
 5/11 [============>.................] - ETA: 0s - loss: 0.0903
 7/11 [==================>...........] - ETA: 0s - loss: 0.0891
 9/11 [=======================>......] - ETA: 0s - loss: 0.0874
11/11 [==============================] - ETA: 0s - loss: 0.0865
11/11 [==============================] - 0s 35ms/step - loss: 0.0865
Epoch 52/300

 1/11 [=>............................] - ETA: 0s - loss: 0.1056
 3/11 [=======>......................] - ETA: 0s - loss: 0.1104
 5/11 [============>.................] - ETA: 0s - loss: 0.1050
 7/11 [==================>...........] - ETA: 0s - loss: 0.1136
 9/11 [=======================>......] - ETA: 0s - loss: 0.1109
11/11 [==============================] - ETA: 0s - loss: 0.1080
11/11 [==============================] - 0s 35ms/step - loss: 0.1080
Epoch 53/300

 1/11 [=>............................] - ETA: 0s - loss: 0.0701
 2/11 [====>.........................] - ETA: 0s - loss: 0.0800
 4/11 [=========>....................] - ETA: 0s - loss: 0.0913
 6/11 [===============>..............] - ETA: 0s - loss: 0.0916
 8/11 [====================>.........] - ETA: 0s - loss: 0.0920
10/11 [==========================>...] - ETA: 0s - loss: 0.0911
11/11 [==============================] - 0s 37ms/step - loss: 0.0921
Epoch 54/300

 1/11 [=>............................] - ETA: 0s - loss: 0.0679
 3/11 [=======>......................] - ETA: 0s - loss: 0.0733
 4/11 [=========>....................] - ETA: 0s - loss: 0.0781
 6/11 [===============>..............] - ETA: 0s - loss: 0.0827
 8/11 [====================>.........] - ETA: 0s - loss: 0.0884
10/11 [==========================>...] - ETA: 0s - loss: 0.0944
11/11 [==============================] - 0s 37ms/step - loss: 0.0931
Epoch 55/300

 1/11 [=>............................] - ETA: 0s - loss: 0.0721
 3/11 [=======>......................] - ETA: 0s - loss: 0.0844
 4/11 [=========>....................] - ETA: 0s - loss: 0.0838
 6/11 [===============>..............] - ETA: 0s - loss: 0.0812
 8/11 [====================>.........] - ETA: 0s - loss: 0.0833
10/11 [==========================>...] - ETA: 0s - loss: 0.0835
11/11 [==============================] - 0s 37ms/step - loss: 0.0831
Epoch 56/300

 1/11 [=>............................] - ETA: 0s - loss: 0.0743
 3/11 [=======>......................] - ETA: 0s - loss: 0.0868
 5/11 [============>.................] - ETA: 0s - loss: 0.0869
 7/11 [==================>...........] - ETA: 0s - loss: 0.0865
 9/11 [=======================>......] - ETA: 0s - loss: 0.0861
10/11 [==========================>...] - ETA: 0s - loss: 0.0899
11/11 [==============================] - 0s 37ms/step - loss: 0.0913
Epoch 57/300

 1/11 [=>............................] - ETA: 0s - loss: 0.1031
 3/11 [=======>......................] - ETA: 0s - loss: 0.1027
 5/11 [============>.................] - ETA: 0s - loss: 0.1008
 7/11 [==================>...........] - ETA: 0s - loss: 0.1002
 9/11 [=======================>......] - ETA: 0s - loss: 0.0911
11/11 [==============================] - ETA: 0s - loss: 0.0901
11/11 [==============================] - 0s 37ms/step - loss: 0.0901
Epoch 58/300

 1/11 [=>............................] - ETA: 0s - loss: 0.0761
 3/11 [=======>......................] - ETA: 0s - loss: 0.0787
 5/11 [============>.................] - ETA: 0s - loss: 0.0821
 7/11 [==================>...........] - ETA: 0s - loss: 0.0849
 9/11 [=======================>......] - ETA: 0s - loss: 0.0834
11/11 [==============================] - ETA: 0s - loss: 0.0818
11/11 [==============================] - 0s 37ms/step - loss: 0.0818
Epoch 59/300

 1/11 [=>............................] - ETA: 0s - loss: 0.0819
 3/11 [=======>......................] - ETA: 0s - loss: 0.0768
 5/11 [============>.................] - ETA: 0s - loss: 0.0861
 7/11 [==================>...........] - ETA: 0s - loss: 0.0844
 9/11 [=======================>......] - ETA: 0s - loss: 0.0872
11/11 [==============================] - ETA: 0s - loss: 0.0863
11/11 [==============================] - 0s 35ms/step - loss: 0.0863
Epoch 60/300

 1/11 [=>............................] - ETA: 0s - loss: 0.0903
 3/11 [=======>......................] - ETA: 0s - loss: 0.0745
 5/11 [============>.................] - ETA: 0s - loss: 0.0793
 7/11 [==================>...........] - ETA: 0s - loss: 0.0867
 9/11 [=======================>......] - ETA: 0s - loss: 0.0893
11/11 [==============================] - ETA: 0s - loss: 0.0860
11/11 [==============================] - 0s 35ms/step - loss: 0.0860
Epoch 61/300

 1/11 [=>............................] - ETA: 0s - loss: 0.0633
 2/11 [====>.........................] - ETA: 0s - loss: 0.0734
 4/11 [=========>....................] - ETA: 0s - loss: 0.0887
 6/11 [===============>..............] - ETA: 0s - loss: 0.0836
 8/11 [====================>.........] - ETA: 0s - loss: 0.0845
10/11 [==========================>...] - ETA: 0s - loss: 0.0834
11/11 [==============================] - 0s 37ms/step - loss: 0.0851
Epoch 62/300

 1/11 [=>............................] - ETA: 0s - loss: 0.1032
 3/11 [=======>......................] - ETA: 0s - loss: 0.0837
 5/11 [============>.................] - ETA: 0s - loss: 0.0848
 7/11 [==================>...........] - ETA: 0s - loss: 0.0848
 9/11 [=======================>......] - ETA: 0s - loss: 0.0821
11/11 [==============================] - ETA: 0s - loss: 0.0827
11/11 [==============================] - 0s 35ms/step - loss: 0.0827
Epoch 63/300

 1/11 [=>............................] - ETA: 0s - loss: 0.1098
 3/11 [=======>......................] - ETA: 0s - loss: 0.0904
 5/11 [============>.................] - ETA: 0s - loss: 0.1022
 7/11 [==================>...........] - ETA: 0s - loss: 0.1017
 9/11 [=======================>......] - ETA: 0s - loss: 0.0984
11/11 [==============================] - ETA: 0s - loss: 0.0951
11/11 [==============================] - 0s 35ms/step - loss: 0.0951
Epoch 64/300

 1/11 [=>............................] - ETA: 0s - loss: 0.0968
 2/11 [====>.........................] - ETA: 0s - loss: 0.0804
 4/11 [=========>....................] - ETA: 0s - loss: 0.0789
 6/11 [===============>..............] - ETA: 0s - loss: 0.0820
 8/11 [====================>.........] - ETA: 0s - loss: 0.0831
10/11 [==========================>...] - ETA: 0s - loss: 0.0845
11/11 [==============================] - 0s 37ms/step - loss: 0.0865
Epoch 65/300

 1/11 [=>............................] - ETA: 0s - loss: 0.0746
 3/11 [=======>......................] - ETA: 0s - loss: 0.0798
 5/11 [============>.................] - ETA: 0s - loss: 0.0824
 7/11 [==================>...........] - ETA: 0s - loss: 0.0861
 9/11 [=======================>......] - ETA: 0s - loss: 0.0859
11/11 [==============================] - ETA: 0s - loss: 0.0858
11/11 [==============================] - 0s 37ms/step - loss: 0.0858
Epoch 66/300

 1/11 [=>............................] - ETA: 0s - loss: 0.1183
 2/11 [====>.........................] - ETA: 0s - loss: 0.1060
 4/11 [=========>....................] - ETA: 0s - loss: 0.0923
 6/11 [===============>..............] - ETA: 0s - loss: 0.0904
 7/11 [==================>...........] - ETA: 0s - loss: 0.0919
 9/11 [=======================>......] - ETA: 0s - loss: 0.0941
11/11 [==============================] - ETA: 0s - loss: 0.0938
11/11 [==============================] - 0s 37ms/step - loss: 0.0938
Epoch 67/300

 1/11 [=>............................] - ETA: 0s - loss: 0.0769
 3/11 [=======>......................] - ETA: 0s - loss: 0.0744
 5/11 [============>.................] - ETA: 0s - loss: 0.0823
 7/11 [==================>...........] - ETA: 0s - loss: 0.0811
 9/11 [=======================>......] - ETA: 0s - loss: 0.0812
11/11 [==============================] - ETA: 0s - loss: 0.0825
11/11 [==============================] - 0s 37ms/step - loss: 0.0825
Epoch 68/300

 1/11 [=>............................] - ETA: 0s - loss: 0.0586
 3/11 [=======>......................] - ETA: 0s - loss: 0.0684
 5/11 [============>.................] - ETA: 0s - loss: 0.0759
 7/11 [==================>...........] - ETA: 0s - loss: 0.0778
 9/11 [=======================>......] - ETA: 0s - loss: 0.0819
11/11 [==============================] - ETA: 0s - loss: 0.0836
11/11 [==============================] - 0s 37ms/step - loss: 0.0836
Epoch 69/300

 1/11 [=>............................] - ETA: 0s - loss: 0.0635
 3/11 [=======>......................] - ETA: 0s - loss: 0.0929
 5/11 [============>.................] - ETA: 0s - loss: 0.0853
 7/11 [==================>...........] - ETA: 0s - loss: 0.0851
 9/11 [=======================>......] - ETA: 0s - loss: 0.0847
11/11 [==============================] - ETA: 0s - loss: 0.0863
11/11 [==============================] - 0s 37ms/step - loss: 0.0863
Epoch 70/300

 1/11 [=>............................] - ETA: 0s - loss: 0.0788
 3/11 [=======>......................] - ETA: 0s - loss: 0.0876
 5/11 [============>.................] - ETA: 0s - loss: 0.0754
 7/11 [==================>...........] - ETA: 0s - loss: 0.0769
 9/11 [=======================>......] - ETA: 0s - loss: 0.0806
11/11 [==============================] - ETA: 0s - loss: 0.0793
11/11 [==============================] - 0s 37ms/step - loss: 0.0793
Epoch 71/300

 1/11 [=>............................] - ETA: 0s - loss: 0.0847
 3/11 [=======>......................] - ETA: 0s - loss: 0.0673
 5/11 [============>.................] - ETA: 0s - loss: 0.0698
 7/11 [==================>...........] - ETA: 0s - loss: 0.0743
 9/11 [=======================>......] - ETA: 0s - loss: 0.0798
11/11 [==============================] - ETA: 0s - loss: 0.0760
11/11 [==============================] - 0s 37ms/step - loss: 0.0760
Epoch 72/300

 1/11 [=>............................] - ETA: 0s - loss: 0.0925
 3/11 [=======>......................] - ETA: 0s - loss: 0.0801
 5/11 [============>.................] - ETA: 0s - loss: 0.0742
 7/11 [==================>...........] - ETA: 0s - loss: 0.0767
 9/11 [=======================>......] - ETA: 0s - loss: 0.0811
11/11 [==============================] - ETA: 0s - loss: 0.0813
11/11 [==============================] - 0s 37ms/step - loss: 0.0813
Epoch 73/300

 1/11 [=>............................] - ETA: 0s - loss: 0.0959
 3/11 [=======>......................] - ETA: 0s - loss: 0.0775
 5/11 [============>.................] - ETA: 0s - loss: 0.0753
 7/11 [==================>...........] - ETA: 0s - loss: 0.0813
 9/11 [=======================>......] - ETA: 0s - loss: 0.0815
11/11 [==============================] - ETA: 0s - loss: 0.0847
11/11 [==============================] - 0s 36ms/step - loss: 0.0847
Epoch 74/300

 1/11 [=>............................] - ETA: 0s - loss: 0.0635
 3/11 [=======>......................] - ETA: 0s - loss: 0.0720
 5/11 [============>.................] - ETA: 0s - loss: 0.0769
 7/11 [==================>...........] - ETA: 0s - loss: 0.0799
 9/11 [=======================>......] - ETA: 0s - loss: 0.0785
11/11 [==============================] - ETA: 0s - loss: 0.0760
11/11 [==============================] - 0s 35ms/step - loss: 0.0760
Epoch 75/300

 1/11 [=>............................] - ETA: 0s - loss: 0.0936
 3/11 [=======>......................] - ETA: 0s - loss: 0.0860
 5/11 [============>.................] - ETA: 0s - loss: 0.0881
 7/11 [==================>...........] - ETA: 0s - loss: 0.0884
 9/11 [=======================>......] - ETA: 0s - loss: 0.0832
11/11 [==============================] - ETA: 0s - loss: 0.0819
11/11 [==============================] - 0s 35ms/step - loss: 0.0819
Epoch 76/300

 1/11 [=>............................] - ETA: 0s - loss: 0.0985
 3/11 [=======>......................] - ETA: 0s - loss: 0.0818
 5/11 [============>.................] - ETA: 0s - loss: 0.0828
 7/11 [==================>...........] - ETA: 0s - loss: 0.0793
 9/11 [=======================>......] - ETA: 0s - loss: 0.0801
11/11 [==============================] - ETA: 0s - loss: 0.0793
11/11 [==============================] - 0s 35ms/step - loss: 0.0793
Epoch 77/300

 1/11 [=>............................] - ETA: 0s - loss: 0.0689
 3/11 [=======>......................] - ETA: 0s - loss: 0.0665
 5/11 [============>.................] - ETA: 0s - loss: 0.0733
 7/11 [==================>...........] - ETA: 0s - loss: 0.0739
 9/11 [=======================>......] - ETA: 0s - loss: 0.0759
11/11 [==============================] - ETA: 0s - loss: 0.0839
11/11 [==============================] - 0s 37ms/step - loss: 0.0839
Epoch 78/300

 1/11 [=>............................] - ETA: 0s - loss: 0.0808
 3/11 [=======>......................] - ETA: 0s - loss: 0.0810
 5/11 [============>.................] - ETA: 0s - loss: 0.0783
 7/11 [==================>...........] - ETA: 0s - loss: 0.0780
 9/11 [=======================>......] - ETA: 0s - loss: 0.0793
11/11 [==============================] - ETA: 0s - loss: 0.0798
11/11 [==============================] - 0s 37ms/step - loss: 0.0798
Epoch 79/300

 1/11 [=>............................] - ETA: 0s - loss: 0.0639
 3/11 [=======>......................] - ETA: 0s - loss: 0.0725
 5/11 [============>.................] - ETA: 0s - loss: 0.0741
 7/11 [==================>...........] - ETA: 0s - loss: 0.0726
 9/11 [=======================>......] - ETA: 0s - loss: 0.0767
11/11 [==============================] - ETA: 0s - loss: 0.0766
11/11 [==============================] - 0s 37ms/step - loss: 0.0766
Epoch 80/300

 1/11 [=>............................] - ETA: 0s - loss: 0.0832
 3/11 [=======>......................] - ETA: 0s - loss: 0.0848
 5/11 [============>.................] - ETA: 0s - loss: 0.0826
 7/11 [==================>...........] - ETA: 0s - loss: 0.0805
 9/11 [=======================>......] - ETA: 0s - loss: 0.0787
11/11 [==============================] - ETA: 0s - loss: 0.0778
11/11 [==============================] - 0s 37ms/step - loss: 0.0778
Epoch 81/300

 1/11 [=>............................] - ETA: 0s - loss: 0.0664
 3/11 [=======>......................] - ETA: 0s - loss: 0.0817
 4/11 [=========>....................] - ETA: 0s - loss: 0.0796
 6/11 [===============>..............] - ETA: 0s - loss: 0.0779
 8/11 [====================>.........] - ETA: 0s - loss: 0.0738
10/11 [==========================>...] - ETA: 0s - loss: 0.0745
11/11 [==============================] - 0s 37ms/step - loss: 0.0753
Epoch 82/300

 1/11 [=>............................] - ETA: 0s - loss: 0.0679
 3/11 [=======>......................] - ETA: 0s - loss: 0.0737
 5/11 [============>.................] - ETA: 0s - loss: 0.0778
 7/11 [==================>...........] - ETA: 0s - loss: 0.0765
 9/11 [=======================>......] - ETA: 0s - loss: 0.0785
11/11 [==============================] - ETA: 0s - loss: 0.0806
11/11 [==============================] - 0s 37ms/step - loss: 0.0806
Epoch 83/300

 1/11 [=>............................] - ETA: 0s - loss: 0.0713
 3/11 [=======>......................] - ETA: 0s - loss: 0.0799
 5/11 [============>.................] - ETA: 0s - loss: 0.0794
 7/11 [==================>...........] - ETA: 0s - loss: 0.0730
 9/11 [=======================>......] - ETA: 0s - loss: 0.0687
11/11 [==============================] - ETA: 0s - loss: 0.0689
11/11 [==============================] - 0s 37ms/step - loss: 0.0689
Epoch 84/300

 1/11 [=>............................] - ETA: 0s - loss: 0.0821
 3/11 [=======>......................] - ETA: 0s - loss: 0.0770
 5/11 [============>.................] - ETA: 0s - loss: 0.0781
 7/11 [==================>...........] - ETA: 0s - loss: 0.0759
 8/11 [====================>.........] - ETA: 0s - loss: 0.0764
10/11 [==========================>...] - ETA: 0s - loss: 0.0770
11/11 [==============================] - 0s 37ms/step - loss: 0.0768
Epoch 85/300

 1/11 [=>............................] - ETA: 0s - loss: 0.0879
 3/11 [=======>......................] - ETA: 0s - loss: 0.0822
 5/11 [============>.................] - ETA: 0s - loss: 0.0829
 7/11 [==================>...........] - ETA: 0s - loss: 0.0809
 9/11 [=======================>......] - ETA: 0s - loss: 0.0805
11/11 [==============================] - ETA: 0s - loss: 0.0820
11/11 [==============================] - 0s 37ms/step - loss: 0.0820
Epoch 86/300

 1/11 [=>............................] - ETA: 0s - loss: 0.0815
 3/11 [=======>......................] - ETA: 0s - loss: 0.0700
 5/11 [============>.................] - ETA: 0s - loss: 0.0728
 7/11 [==================>...........] - ETA: 0s - loss: 0.0757
 9/11 [=======================>......] - ETA: 0s - loss: 0.0770
11/11 [==============================] - ETA: 0s - loss: 0.0781
11/11 [==============================] - 0s 38ms/step - loss: 0.0781
Epoch 87/300

 1/11 [=>............................] - ETA: 0s - loss: 0.0684
 3/11 [=======>......................] - ETA: 0s - loss: 0.0756
 5/11 [============>.................] - ETA: 0s - loss: 0.0696
 7/11 [==================>...........] - ETA: 0s - loss: 0.0686
 9/11 [=======================>......] - ETA: 0s - loss: 0.0681
11/11 [==============================] - ETA: 0s - loss: 0.0674
11/11 [==============================] - 0s 40ms/step - loss: 0.0674
Epoch 88/300

 1/11 [=>............................] - ETA: 0s - loss: 0.0662
 3/11 [=======>......................] - ETA: 0s - loss: 0.0834
 5/11 [============>.................] - ETA: 0s - loss: 0.0861
 7/11 [==================>...........] - ETA: 0s - loss: 0.0841
 9/11 [=======================>......] - ETA: 0s - loss: 0.0852
11/11 [==============================] - ETA: 0s - loss: 0.0821
11/11 [==============================] - 0s 40ms/step - loss: 0.0821
Epoch 89/300

 1/11 [=>............................] - ETA: 0s - loss: 0.0518
 3/11 [=======>......................] - ETA: 0s - loss: 0.0775
 5/11 [============>.................] - ETA: 0s - loss: 0.0768
 7/11 [==================>...........] - ETA: 0s - loss: 0.0745
 9/11 [=======================>......] - ETA: 0s - loss: 0.0733
11/11 [==============================] - ETA: 0s - loss: 0.0724
11/11 [==============================] - 0s 37ms/step - loss: 0.0724
Epoch 90/300

 1/11 [=>............................] - ETA: 0s - loss: 0.0571
 3/11 [=======>......................] - ETA: 0s - loss: 0.0622
 5/11 [============>.................] - ETA: 0s - loss: 0.0612
 7/11 [==================>...........] - ETA: 0s - loss: 0.0650
 9/11 [=======================>......] - ETA: 0s - loss: 0.0650
11/11 [==============================] - ETA: 0s - loss: 0.0666
11/11 [==============================] - 0s 37ms/step - loss: 0.0666
Epoch 91/300

 1/11 [=>............................] - ETA: 0s - loss: 0.0776
 3/11 [=======>......................] - ETA: 0s - loss: 0.0804
 5/11 [============>.................] - ETA: 0s - loss: 0.0774
 7/11 [==================>...........] - ETA: 0s - loss: 0.0750
 9/11 [=======================>......] - ETA: 0s - loss: 0.0783
11/11 [==============================] - ETA: 0s - loss: 0.0757
11/11 [==============================] - 0s 37ms/step - loss: 0.0757
Epoch 92/300

 1/11 [=>............................] - ETA: 0s - loss: 0.0716
 3/11 [=======>......................] - ETA: 0s - loss: 0.0686
 5/11 [============>.................] - ETA: 0s - loss: 0.0705
 7/11 [==================>...........] - ETA: 0s - loss: 0.0687
 9/11 [=======================>......] - ETA: 0s - loss: 0.0698
11/11 [==============================] - ETA: 0s - loss: 0.0678
11/11 [==============================] - 0s 36ms/step - loss: 0.0678
Epoch 93/300

 1/11 [=>............................] - ETA: 0s - loss: 0.0690
 3/11 [=======>......................] - ETA: 0s - loss: 0.0763
 5/11 [============>.................] - ETA: 0s - loss: 0.0742
 7/11 [==================>...........] - ETA: 0s - loss: 0.0728
 9/11 [=======================>......] - ETA: 0s - loss: 0.0726
11/11 [==============================] - ETA: 0s - loss: 0.0716
11/11 [==============================] - 0s 36ms/step - loss: 0.0716
Epoch 94/300

 1/11 [=>............................] - ETA: 0s - loss: 0.0653
 3/11 [=======>......................] - ETA: 0s - loss: 0.0711
 5/11 [============>.................] - ETA: 0s - loss: 0.0724
 7/11 [==================>...........] - ETA: 0s - loss: 0.0705
 8/11 [====================>.........] - ETA: 0s - loss: 0.0734
10/11 [==========================>...] - ETA: 0s - loss: 0.0722
11/11 [==============================] - 0s 37ms/step - loss: 0.0736
Epoch 95/300

 1/11 [=>............................] - ETA: 0s - loss: 0.0743
 3/11 [=======>......................] - ETA: 0s - loss: 0.0693
 5/11 [============>.................] - ETA: 0s - loss: 0.0694
 7/11 [==================>...........] - ETA: 0s - loss: 0.0691
 9/11 [=======================>......] - ETA: 0s - loss: 0.0696
11/11 [==============================] - ETA: 0s - loss: 0.0687
11/11 [==============================] - 0s 37ms/step - loss: 0.0687
Epoch 96/300

 1/11 [=>............................] - ETA: 0s - loss: 0.0657
 3/11 [=======>......................] - ETA: 0s - loss: 0.0704
 5/11 [============>.................] - ETA: 0s - loss: 0.0749
 7/11 [==================>...........] - ETA: 0s - loss: 0.0716
 9/11 [=======================>......] - ETA: 0s - loss: 0.0695
11/11 [==============================] - ETA: 0s - loss: 0.0712
11/11 [==============================] - 0s 37ms/step - loss: 0.0712
Epoch 97/300

 1/11 [=>............................] - ETA: 0s - loss: 0.0562
 3/11 [=======>......................] - ETA: 0s - loss: 0.0791
 5/11 [============>.................] - ETA: 0s - loss: 0.0726
 7/11 [==================>...........] - ETA: 0s - loss: 0.0732
 9/11 [=======================>......] - ETA: 0s - loss: 0.0707
11/11 [==============================] - ETA: 0s - loss: 0.0724
11/11 [==============================] - 0s 36ms/step - loss: 0.0724
Epoch 98/300

 1/11 [=>............................] - ETA: 0s - loss: 0.0624
 3/11 [=======>......................] - ETA: 0s - loss: 0.0612
 5/11 [============>.................] - ETA: 0s - loss: 0.0667
 7/11 [==================>...........] - ETA: 0s - loss: 0.0640
 9/11 [=======================>......] - ETA: 0s - loss: 0.0680
11/11 [==============================] - ETA: 0s - loss: 0.0680
11/11 [==============================] - 0s 38ms/step - loss: 0.0680
Epoch 99/300

 1/11 [=>............................] - ETA: 0s - loss: 0.0644
 3/11 [=======>......................] - ETA: 0s - loss: 0.0683
 5/11 [============>.................] - ETA: 0s - loss: 0.0718
 7/11 [==================>...........] - ETA: 0s - loss: 0.0712
 9/11 [=======================>......] - ETA: 0s - loss: 0.0737
10/11 [==========================>...] - ETA: 0s - loss: 0.0726
11/11 [==============================] - 0s 37ms/step - loss: 0.0743
Epoch 100/300

 1/11 [=>............................] - ETA: 0s - loss: 0.0717
 3/11 [=======>......................] - ETA: 0s - loss: 0.0710
 5/11 [============>.................] - ETA: 0s - loss: 0.0712
 7/11 [==================>...........] - ETA: 0s - loss: 0.0700
 9/11 [=======================>......] - ETA: 0s - loss: 0.0701
11/11 [==============================] - ETA: 0s - loss: 0.0707
11/11 [==============================] - 0s 37ms/step - loss: 0.0707
Epoch 101/300

 1/11 [=>............................] - ETA: 0s - loss: 0.0746
 3/11 [=======>......................] - ETA: 0s - loss: 0.0742
 5/11 [============>.................] - ETA: 0s - loss: 0.0722
 7/11 [==================>...........] - ETA: 0s - loss: 0.0702
 9/11 [=======================>......] - ETA: 0s - loss: 0.0660
11/11 [==============================] - ETA: 0s - loss: 0.0652
11/11 [==============================] - 0s 37ms/step - loss: 0.0652
Epoch 102/300

 1/11 [=>............................] - ETA: 0s - loss: 0.0991
 3/11 [=======>......................] - ETA: 0s - loss: 0.0757
 5/11 [============>.................] - ETA: 0s - loss: 0.0754
 7/11 [==================>...........] - ETA: 0s - loss: 0.0691
 9/11 [=======================>......] - ETA: 0s - loss: 0.0689
11/11 [==============================] - ETA: 0s - loss: 0.0717
11/11 [==============================] - 0s 37ms/step - loss: 0.0717
Epoch 103/300

 1/11 [=>............................] - ETA: 0s - loss: 0.0772
 3/11 [=======>......................] - ETA: 0s - loss: 0.0716
 5/11 [============>.................] - ETA: 0s - loss: 0.0700
 7/11 [==================>...........] - ETA: 0s - loss: 0.0717
 9/11 [=======================>......] - ETA: 0s - loss: 0.0727
11/11 [==============================] - ETA: 0s - loss: 0.0743
11/11 [==============================] - 0s 38ms/step - loss: 0.0743
Epoch 104/300

 1/11 [=>............................] - ETA: 0s - loss: 0.0652
 3/11 [=======>......................] - ETA: 0s - loss: 0.0568
 5/11 [============>.................] - ETA: 0s - loss: 0.0665
 7/11 [==================>...........] - ETA: 0s - loss: 0.0697
 9/11 [=======================>......] - ETA: 0s - loss: 0.0697
11/11 [==============================] - ETA: 0s - loss: 0.0688
11/11 [==============================] - 0s 37ms/step - loss: 0.0688
Epoch 105/300

 1/11 [=>............................] - ETA: 0s - loss: 0.0879
 3/11 [=======>......................] - ETA: 0s - loss: 0.0776
 5/11 [============>.................] - ETA: 0s - loss: 0.0724
 7/11 [==================>...........] - ETA: 0s - loss: 0.0686
 9/11 [=======================>......] - ETA: 0s - loss: 0.0681
11/11 [==============================] - ETA: 0s - loss: 0.0676
11/11 [==============================] - 0s 37ms/step - loss: 0.0676
Epoch 106/300

 1/11 [=>............................] - ETA: 0s - loss: 0.0666
 3/11 [=======>......................] - ETA: 0s - loss: 0.0688
 5/11 [============>.................] - ETA: 0s - loss: 0.0691
 7/11 [==================>...........] - ETA: 0s - loss: 0.0690
 9/11 [=======================>......] - ETA: 0s - loss: 0.0669
11/11 [==============================] - ETA: 0s - loss: 0.0652
11/11 [==============================] - 0s 37ms/step - loss: 0.0652
Epoch 107/300

 1/11 [=>............................] - ETA: 0s - loss: 0.0633
 3/11 [=======>......................] - ETA: 0s - loss: 0.0568
 5/11 [============>.................] - ETA: 0s - loss: 0.0634
 7/11 [==================>...........] - ETA: 0s - loss: 0.0628
 9/11 [=======================>......] - ETA: 0s - loss: 0.0633
11/11 [==============================] - ETA: 0s - loss: 0.0645
11/11 [==============================] - 0s 36ms/step - loss: 0.0645
Epoch 108/300

 1/11 [=>............................] - ETA: 0s - loss: 0.0500
 3/11 [=======>......................] - ETA: 0s - loss: 0.0606
 5/11 [============>.................] - ETA: 0s - loss: 0.0672
 7/11 [==================>...........] - ETA: 0s - loss: 0.0693
 9/11 [=======================>......] - ETA: 0s - loss: 0.0680
11/11 [==============================] - ETA: 0s - loss: 0.0657
11/11 [==============================] - 0s 37ms/step - loss: 0.0657
Epoch 109/300

 1/11 [=>............................] - ETA: 0s - loss: 0.0748
 3/11 [=======>......................] - ETA: 0s - loss: 0.0828
 5/11 [============>.................] - ETA: 0s - loss: 0.0815
 7/11 [==================>...........] - ETA: 0s - loss: 0.0758
 9/11 [=======================>......] - ETA: 0s - loss: 0.0732
11/11 [==============================] - ETA: 0s - loss: 0.0727
11/11 [==============================] - 0s 36ms/step - loss: 0.0727
Epoch 110/300

 1/11 [=>............................] - ETA: 0s - loss: 0.0676
 3/11 [=======>......................] - ETA: 0s - loss: 0.0663
 5/11 [============>.................] - ETA: 0s - loss: 0.0644
 7/11 [==================>...........] - ETA: 0s - loss: 0.0639
 9/11 [=======================>......] - ETA: 0s - loss: 0.0639
11/11 [==============================] - ETA: 0s - loss: 0.0635
11/11 [==============================] - 0s 36ms/step - loss: 0.0635
Epoch 111/300

 1/11 [=>............................] - ETA: 0s - loss: 0.0945
 3/11 [=======>......................] - ETA: 0s - loss: 0.0771
 5/11 [============>.................] - ETA: 0s - loss: 0.0723
 7/11 [==================>...........] - ETA: 0s - loss: 0.0706
 9/11 [=======================>......] - ETA: 0s - loss: 0.0717
11/11 [==============================] - ETA: 0s - loss: 0.0701
11/11 [==============================] - 0s 37ms/step - loss: 0.0701
Epoch 112/300

 1/11 [=>............................] - ETA: 0s - loss: 0.0822
 3/11 [=======>......................] - ETA: 0s - loss: 0.0699
 5/11 [============>.................] - ETA: 0s - loss: 0.0707
 7/11 [==================>...........] - ETA: 0s - loss: 0.0696
 9/11 [=======================>......] - ETA: 0s - loss: 0.0713
11/11 [==============================] - ETA: 0s - loss: 0.0703
11/11 [==============================] - 0s 36ms/step - loss: 0.0703
Epoch 113/300

 1/11 [=>............................] - ETA: 0s - loss: 0.0546
 3/11 [=======>......................] - ETA: 0s - loss: 0.0699
 5/11 [============>.................] - ETA: 0s - loss: 0.0664
 7/11 [==================>...........] - ETA: 0s - loss: 0.0646
 9/11 [=======================>......] - ETA: 0s - loss: 0.0671
11/11 [==============================] - ETA: 0s - loss: 0.0666
11/11 [==============================] - 0s 36ms/step - loss: 0.0666
Epoch 114/300

 1/11 [=>............................] - ETA: 0s - loss: 0.0727
 3/11 [=======>......................] - ETA: 0s - loss: 0.0702
 5/11 [============>.................] - ETA: 0s - loss: 0.0672
 7/11 [==================>...........] - ETA: 0s - loss: 0.0654
 9/11 [=======================>......] - ETA: 0s - loss: 0.0641
11/11 [==============================] - ETA: 0s - loss: 0.0641
11/11 [==============================] - 0s 37ms/step - loss: 0.0641
Epoch 115/300

 1/11 [=>............................] - ETA: 0s - loss: 0.0655
 3/11 [=======>......................] - ETA: 0s - loss: 0.0576
 5/11 [============>.................] - ETA: 0s - loss: 0.0655
 7/11 [==================>...........] - ETA: 0s - loss: 0.0670
 9/11 [=======================>......] - ETA: 0s - loss: 0.0664
11/11 [==============================] - ETA: 0s - loss: 0.0691
11/11 [==============================] - 0s 37ms/step - loss: 0.0691
Epoch 116/300

 1/11 [=>............................] - ETA: 0s - loss: 0.0683
 3/11 [=======>......................] - ETA: 0s - loss: 0.0732
 5/11 [============>.................] - ETA: 0s - loss: 0.0739
 7/11 [==================>...........] - ETA: 0s - loss: 0.0737
 9/11 [=======================>......] - ETA: 0s - loss: 0.0724
11/11 [==============================] - ETA: 0s - loss: 0.0722
11/11 [==============================] - 0s 37ms/step - loss: 0.0722
Epoch 117/300

 1/11 [=>............................] - ETA: 0s - loss: 0.0762
 3/11 [=======>......................] - ETA: 0s - loss: 0.0671
 5/11 [============>.................] - ETA: 0s - loss: 0.0663
 7/11 [==================>...........] - ETA: 0s - loss: 0.0640
 9/11 [=======================>......] - ETA: 0s - loss: 0.0630
11/11 [==============================] - ETA: 0s - loss: 0.0632
11/11 [==============================] - 0s 35ms/step - loss: 0.0632
Epoch 118/300

 1/11 [=>............................] - ETA: 0s - loss: 0.0686
 3/11 [=======>......................] - ETA: 0s - loss: 0.0665
 5/11 [============>.................] - ETA: 0s - loss: 0.0654
 7/11 [==================>...........] - ETA: 0s - loss: 0.0622
 9/11 [=======================>......] - ETA: 0s - loss: 0.0601
11/11 [==============================] - ETA: 0s - loss: 0.0642
11/11 [==============================] - 0s 35ms/step - loss: 0.0642
Epoch 119/300

 1/11 [=>............................] - ETA: 0s - loss: 0.0722
 3/11 [=======>......................] - ETA: 0s - loss: 0.0667
 5/11 [============>.................] - ETA: 0s - loss: 0.0634
 7/11 [==================>...........] - ETA: 0s - loss: 0.0649
 9/11 [=======================>......] - ETA: 0s - loss: 0.0648
11/11 [==============================] - ETA: 0s - loss: 0.0638
11/11 [==============================] - 0s 35ms/step - loss: 0.0638
Epoch 120/300

 1/11 [=>............................] - ETA: 0s - loss: 0.0837
 3/11 [=======>......................] - ETA: 0s - loss: 0.0738
 5/11 [============>.................] - ETA: 0s - loss: 0.0680
 6/11 [===============>..............] - ETA: 0s - loss: 0.0633
 8/11 [====================>.........] - ETA: 0s - loss: 0.0620
10/11 [==========================>...] - ETA: 0s - loss: 0.0610
11/11 [==============================] - 0s 35ms/step - loss: 0.0598
Epoch 121/300

 1/11 [=>............................] - ETA: 0s - loss: 0.0645
 3/11 [=======>......................] - ETA: 0s - loss: 0.0593
 5/11 [============>.................] - ETA: 0s - loss: 0.0660
 7/11 [==================>...........] - ETA: 0s - loss: 0.0632
 9/11 [=======================>......] - ETA: 0s - loss: 0.0616
11/11 [==============================] - ETA: 0s - loss: 0.0620
11/11 [==============================] - 0s 35ms/step - loss: 0.0620
Epoch 122/300

 1/11 [=>............................] - ETA: 0s - loss: 0.0563
 3/11 [=======>......................] - ETA: 0s - loss: 0.0568
 5/11 [============>.................] - ETA: 0s - loss: 0.0575
 7/11 [==================>...........] - ETA: 0s - loss: 0.0589
 9/11 [=======================>......] - ETA: 0s - loss: 0.0561
11/11 [==============================] - ETA: 0s - loss: 0.0567
11/11 [==============================] - 0s 37ms/step - loss: 0.0567
Epoch 123/300

 1/11 [=>............................] - ETA: 0s - loss: 0.0568
 3/11 [=======>......................] - ETA: 0s - loss: 0.0625
 5/11 [============>.................] - ETA: 0s - loss: 0.0654
 7/11 [==================>...........] - ETA: 0s - loss: 0.0719
 9/11 [=======================>......] - ETA: 0s - loss: 0.0697
11/11 [==============================] - ETA: 0s - loss: 0.0694
11/11 [==============================] - 0s 37ms/step - loss: 0.0694
Epoch 124/300

 1/11 [=>............................] - ETA: 0s - loss: 0.0651
 3/11 [=======>......................] - ETA: 0s - loss: 0.0700
 5/11 [============>.................] - ETA: 0s - loss: 0.0671
 7/11 [==================>...........] - ETA: 0s - loss: 0.0655
 9/11 [=======================>......] - ETA: 0s - loss: 0.0646
11/11 [==============================] - ETA: 0s - loss: 0.0629
11/11 [==============================] - 0s 37ms/step - loss: 0.0629
Epoch 125/300

 1/11 [=>............................] - ETA: 0s - loss: 0.0425
 3/11 [=======>......................] - ETA: 0s - loss: 0.0531
 5/11 [============>.................] - ETA: 0s - loss: 0.0545
 7/11 [==================>...........] - ETA: 0s - loss: 0.0594
 9/11 [=======================>......] - ETA: 0s - loss: 0.0606
11/11 [==============================] - ETA: 0s - loss: 0.0622
11/11 [==============================] - 0s 38ms/step - loss: 0.0622
Epoch 126/300

 1/11 [=>............................] - ETA: 0s - loss: 0.0546
 3/11 [=======>......................] - ETA: 0s - loss: 0.0555
 5/11 [============>.................] - ETA: 0s - loss: 0.0591
 7/11 [==================>...........] - ETA: 0s - loss: 0.0584
 9/11 [=======================>......] - ETA: 0s - loss: 0.0637
11/11 [==============================] - ETA: 0s - loss: 0.0625
11/11 [==============================] - 0s 37ms/step - loss: 0.0625
Epoch 127/300

 1/11 [=>............................] - ETA: 0s - loss: 0.0860
 3/11 [=======>......................] - ETA: 0s - loss: 0.0685
 5/11 [============>.................] - ETA: 0s - loss: 0.0636
 7/11 [==================>...........] - ETA: 0s - loss: 0.0634
 9/11 [=======================>......] - ETA: 0s - loss: 0.0625
10/11 [==========================>...] - ETA: 0s - loss: 0.0629
11/11 [==============================] - 0s 38ms/step - loss: 0.0622
Epoch 128/300

 1/11 [=>............................] - ETA: 0s - loss: 0.0684
 3/11 [=======>......................] - ETA: 0s - loss: 0.0614
 5/11 [============>.................] - ETA: 0s - loss: 0.0553
 7/11 [==================>...........] - ETA: 0s - loss: 0.0559
 9/11 [=======================>......] - ETA: 0s - loss: 0.0552
11/11 [==============================] - ETA: 0s - loss: 0.0569
11/11 [==============================] - 0s 37ms/step - loss: 0.0569
Epoch 129/300

 1/11 [=>............................] - ETA: 0s - loss: 0.0649
 3/11 [=======>......................] - ETA: 0s - loss: 0.0702
 5/11 [============>.................] - ETA: 0s - loss: 0.0656
 7/11 [==================>...........] - ETA: 0s - loss: 0.0637
 8/11 [====================>.........] - ETA: 0s - loss: 0.0630
10/11 [==========================>...] - ETA: 0s - loss: 0.0647
11/11 [==============================] - 0s 37ms/step - loss: 0.0639
Epoch 130/300

 1/11 [=>............................] - ETA: 0s - loss: 0.0660
 3/11 [=======>......................] - ETA: 0s - loss: 0.0648
 5/11 [============>.................] - ETA: 0s - loss: 0.0648
 7/11 [==================>...........] - ETA: 0s - loss: 0.0634
 9/11 [=======================>......] - ETA: 0s - loss: 0.0633
11/11 [==============================] - ETA: 0s - loss: 0.0643
11/11 [==============================] - 0s 37ms/step - loss: 0.0643
Epoch 131/300

 1/11 [=>............................] - ETA: 0s - loss: 0.0558
 3/11 [=======>......................] - ETA: 0s - loss: 0.0571
 5/11 [============>.................] - ETA: 0s - loss: 0.0611
 7/11 [==================>...........] - ETA: 0s - loss: 0.0636
 9/11 [=======================>......] - ETA: 0s - loss: 0.0635
10/11 [==========================>...] - ETA: 0s - loss: 0.0621
11/11 [==============================] - 0s 37ms/step - loss: 0.0628
Epoch 132/300

 1/11 [=>............................] - ETA: 0s - loss: 0.0623
 3/11 [=======>......................] - ETA: 0s - loss: 0.0646
 5/11 [============>.................] - ETA: 0s - loss: 0.0629
 7/11 [==================>...........] - ETA: 0s - loss: 0.0630
 9/11 [=======================>......] - ETA: 0s - loss: 0.0618
11/11 [==============================] - ETA: 0s - loss: 0.0606
11/11 [==============================] - 0s 37ms/step - loss: 0.0606
Epoch 133/300

 1/11 [=>............................] - ETA: 0s - loss: 0.0612
 3/11 [=======>......................] - ETA: 0s - loss: 0.0650
 5/11 [============>.................] - ETA: 0s - loss: 0.0670
 7/11 [==================>...........] - ETA: 0s - loss: 0.0639
 9/11 [=======================>......] - ETA: 0s - loss: 0.0652
11/11 [==============================] - ETA: 0s - loss: 0.0631
11/11 [==============================] - 0s 36ms/step - loss: 0.0631
Epoch 134/300

 1/11 [=>............................] - ETA: 0s - loss: 0.0618
 3/11 [=======>......................] - ETA: 0s - loss: 0.0665
 5/11 [============>.................] - ETA: 0s - loss: 0.0661
 7/11 [==================>...........] - ETA: 0s - loss: 0.0647
 9/11 [=======================>......] - ETA: 0s - loss: 0.0618
11/11 [==============================] - ETA: 0s - loss: 0.0629
11/11 [==============================] - 0s 37ms/step - loss: 0.0629
Epoch 135/300

 1/11 [=>............................] - ETA: 0s - loss: 0.0488
 3/11 [=======>......................] - ETA: 0s - loss: 0.0553
 5/11 [============>.................] - ETA: 0s - loss: 0.0525
 7/11 [==================>...........] - ETA: 0s - loss: 0.0541
 9/11 [=======================>......] - ETA: 0s - loss: 0.0560
11/11 [==============================] - ETA: 0s - loss: 0.0568
11/11 [==============================] - 0s 36ms/step - loss: 0.0568
Epoch 136/300

 1/11 [=>............................] - ETA: 0s - loss: 0.0679
 3/11 [=======>......................] - ETA: 0s - loss: 0.0594
 5/11 [============>.................] - ETA: 0s - loss: 0.0598
 7/11 [==================>...........] - ETA: 0s - loss: 0.0616
 9/11 [=======================>......] - ETA: 0s - loss: 0.0610
11/11 [==============================] - ETA: 0s - loss: 0.0604
11/11 [==============================] - 0s 36ms/step - loss: 0.0604
Epoch 137/300

 1/11 [=>............................] - ETA: 0s - loss: 0.0538
 3/11 [=======>......................] - ETA: 0s - loss: 0.0570
 5/11 [============>.................] - ETA: 0s - loss: 0.0594
 7/11 [==================>...........] - ETA: 0s - loss: 0.0593
 9/11 [=======================>......] - ETA: 0s - loss: 0.0585
11/11 [==============================] - ETA: 0s - loss: 0.0567
11/11 [==============================] - 0s 37ms/step - loss: 0.0567
Epoch 138/300

 1/11 [=>............................] - ETA: 0s - loss: 0.0578
 3/11 [=======>......................] - ETA: 0s - loss: 0.0574
 5/11 [============>.................] - ETA: 0s - loss: 0.0583
 7/11 [==================>...........] - ETA: 0s - loss: 0.0594
 9/11 [=======================>......] - ETA: 0s - loss: 0.0606
11/11 [==============================] - ETA: 0s - loss: 0.0604
11/11 [==============================] - 0s 36ms/step - loss: 0.0604
Epoch 139/300

 1/11 [=>............................] - ETA: 0s - loss: 0.0539
 3/11 [=======>......................] - ETA: 0s - loss: 0.0623
 5/11 [============>.................] - ETA: 0s - loss: 0.0607
 7/11 [==================>...........] - ETA: 0s - loss: 0.0615
 9/11 [=======================>......] - ETA: 0s - loss: 0.0609
11/11 [==============================] - ETA: 0s - loss: 0.0612
11/11 [==============================] - 0s 37ms/step - loss: 0.0612
Epoch 140/300

 1/11 [=>............................] - ETA: 0s - loss: 0.0571
 3/11 [=======>......................] - ETA: 0s - loss: 0.0524
 5/11 [============>.................] - ETA: 0s - loss: 0.0524
 7/11 [==================>...........] - ETA: 0s - loss: 0.0560
 9/11 [=======================>......] - ETA: 0s - loss: 0.0590
11/11 [==============================] - ETA: 0s - loss: 0.0593
11/11 [==============================] - 0s 36ms/step - loss: 0.0593
Epoch 141/300

 1/11 [=>............................] - ETA: 0s - loss: 0.0616
 3/11 [=======>......................] - ETA: 0s - loss: 0.0574
 5/11 [============>.................] - ETA: 0s - loss: 0.0609
 7/11 [==================>...........] - ETA: 0s - loss: 0.0588
 9/11 [=======================>......] - ETA: 0s - loss: 0.0593
11/11 [==============================] - ETA: 0s - loss: 0.0580
11/11 [==============================] - 0s 36ms/step - loss: 0.0580
Epoch 142/300

 1/11 [=>............................] - ETA: 0s - loss: 0.0482
 3/11 [=======>......................] - ETA: 0s - loss: 0.0411
 5/11 [============>.................] - ETA: 0s - loss: 0.0485
 7/11 [==================>...........] - ETA: 0s - loss: 0.0523
 9/11 [=======================>......] - ETA: 0s - loss: 0.0561
11/11 [==============================] - ETA: 0s - loss: 0.0568
11/11 [==============================] - 0s 36ms/step - loss: 0.0568
Epoch 142: early stopping

 1/11 [=>............................] - ETA: 6s
 7/11 [==================>...........] - ETA: 0s
11/11 [==============================] - 1s 8ms/step
  params for conformer: lr=0.0001, batch_size=64
[Conformer] Fold 3/3 学習開始
Epoch 1/300

 1/11 [=>............................] - ETA: 1:02 - loss: 1.2469
 3/11 [=======>......................] - ETA: 0s - loss: 1.3003  
 5/11 [============>.................] - ETA: 0s - loss: 1.2365
 7/11 [==================>...........] - ETA: 0s - loss: 1.1228
 9/11 [=======================>......] - ETA: 0s - loss: 1.0202
11/11 [==============================] - ETA: 0s - loss: 0.9556
11/11 [==============================] - 7s 37ms/step - loss: 0.9556
Epoch 2/300

 1/11 [=>............................] - ETA: 0s - loss: 0.4316
 3/11 [=======>......................] - ETA: 0s - loss: 0.3899
 5/11 [============>.................] - ETA: 0s - loss: 0.3976
 7/11 [==================>...........] - ETA: 0s - loss: 0.3634
 9/11 [=======================>......] - ETA: 0s - loss: 0.3864
11/11 [==============================] - ETA: 0s - loss: 0.3853
11/11 [==============================] - 0s 37ms/step - loss: 0.3853
Epoch 3/300

 1/11 [=>............................] - ETA: 0s - loss: 0.3992
 3/11 [=======>......................] - ETA: 0s - loss: 0.3514
 5/11 [============>.................] - ETA: 0s - loss: 0.3372
 7/11 [==================>...........] - ETA: 0s - loss: 0.3155
 9/11 [=======================>......] - ETA: 0s - loss: 0.3137
11/11 [==============================] - ETA: 0s - loss: 0.3029
11/11 [==============================] - 0s 38ms/step - loss: 0.3029
Epoch 4/300

 1/11 [=>............................] - ETA: 0s - loss: 0.2884
 2/11 [====>.........................] - ETA: 0s - loss: 0.2843
 4/11 [=========>....................] - ETA: 0s - loss: 0.2861
 5/11 [============>.................] - ETA: 0s - loss: 0.2846
 7/11 [==================>...........] - ETA: 0s - loss: 0.2887
 9/11 [=======================>......] - ETA: 0s - loss: 0.3056
11/11 [==============================] - ETA: 0s - loss: 0.3082
11/11 [==============================] - 0s 41ms/step - loss: 0.3082
Epoch 5/300

 1/11 [=>............................] - ETA: 0s - loss: 0.3538
 3/11 [=======>......................] - ETA: 0s - loss: 0.2844
 5/11 [============>.................] - ETA: 0s - loss: 0.2597
 7/11 [==================>...........] - ETA: 0s - loss: 0.2617
 9/11 [=======================>......] - ETA: 0s - loss: 0.2569
11/11 [==============================] - ETA: 0s - loss: 0.2554
11/11 [==============================] - 0s 39ms/step - loss: 0.2554
Epoch 6/300

 1/11 [=>............................] - ETA: 0s - loss: 0.1953
 3/11 [=======>......................] - ETA: 0s - loss: 0.2722
 5/11 [============>.................] - ETA: 0s - loss: 0.2772
 7/11 [==================>...........] - ETA: 0s - loss: 0.2631
 9/11 [=======================>......] - ETA: 0s - loss: 0.2629
11/11 [==============================] - ETA: 0s - loss: 0.2547
11/11 [==============================] - 0s 37ms/step - loss: 0.2547
Epoch 7/300

 1/11 [=>............................] - ETA: 0s - loss: 0.2791
 3/11 [=======>......................] - ETA: 0s - loss: 0.2552
 5/11 [============>.................] - ETA: 0s - loss: 0.2412
 7/11 [==================>...........] - ETA: 0s - loss: 0.2382
 9/11 [=======================>......] - ETA: 0s - loss: 0.2445
11/11 [==============================] - ETA: 0s - loss: 0.2349
11/11 [==============================] - 0s 37ms/step - loss: 0.2349
Epoch 8/300

 1/11 [=>............................] - ETA: 0s - loss: 0.1628
 3/11 [=======>......................] - ETA: 0s - loss: 0.2460
 5/11 [============>.................] - ETA: 0s - loss: 0.2471
 7/11 [==================>...........] - ETA: 0s - loss: 0.2423
 9/11 [=======================>......] - ETA: 0s - loss: 0.2548
11/11 [==============================] - ETA: 0s - loss: 0.2460
11/11 [==============================] - 0s 37ms/step - loss: 0.2460
Epoch 9/300

 1/11 [=>............................] - ETA: 0s - loss: 0.1881
 3/11 [=======>......................] - ETA: 0s - loss: 0.1833
 5/11 [============>.................] - ETA: 0s - loss: 0.1896
 7/11 [==================>...........] - ETA: 0s - loss: 0.1924
 9/11 [=======================>......] - ETA: 0s - loss: 0.1999
11/11 [==============================] - ETA: 0s - loss: 0.2024
11/11 [==============================] - 0s 36ms/step - loss: 0.2024
Epoch 10/300

 1/11 [=>............................] - ETA: 0s - loss: 0.1899
 3/11 [=======>......................] - ETA: 0s - loss: 0.1753
 5/11 [============>.................] - ETA: 0s - loss: 0.1761
 7/11 [==================>...........] - ETA: 0s - loss: 0.1743
 9/11 [=======================>......] - ETA: 0s - loss: 0.1846
11/11 [==============================] - ETA: 0s - loss: 0.1891
11/11 [==============================] - 0s 37ms/step - loss: 0.1891
Epoch 11/300

 1/11 [=>............................] - ETA: 0s - loss: 0.2010
 3/11 [=======>......................] - ETA: 0s - loss: 0.1926
 5/11 [============>.................] - ETA: 0s - loss: 0.1933
 7/11 [==================>...........] - ETA: 0s - loss: 0.1924
 9/11 [=======================>......] - ETA: 0s - loss: 0.1869
11/11 [==============================] - ETA: 0s - loss: 0.1791
11/11 [==============================] - 0s 35ms/step - loss: 0.1791
Epoch 12/300

 1/11 [=>............................] - ETA: 0s - loss: 0.1561
 2/11 [====>.........................] - ETA: 0s - loss: 0.1374
 4/11 [=========>....................] - ETA: 0s - loss: 0.1614
 6/11 [===============>..............] - ETA: 0s - loss: 0.1748
 7/11 [==================>...........] - ETA: 0s - loss: 0.1674
 9/11 [=======================>......] - ETA: 0s - loss: 0.1728
11/11 [==============================] - ETA: 0s - loss: 0.1705
11/11 [==============================] - 0s 37ms/step - loss: 0.1705
Epoch 13/300

 1/11 [=>............................] - ETA: 0s - loss: 0.1542
 3/11 [=======>......................] - ETA: 0s - loss: 0.1773
 5/11 [============>.................] - ETA: 0s - loss: 0.1837
 7/11 [==================>...........] - ETA: 0s - loss: 0.1894
 9/11 [=======================>......] - ETA: 0s - loss: 0.1793
11/11 [==============================] - ETA: 0s - loss: 0.1751
11/11 [==============================] - 0s 37ms/step - loss: 0.1751
Epoch 14/300

 1/11 [=>............................] - ETA: 0s - loss: 0.1680
 3/11 [=======>......................] - ETA: 0s - loss: 0.1936
 5/11 [============>.................] - ETA: 0s - loss: 0.1804
 7/11 [==================>...........] - ETA: 0s - loss: 0.1809
 9/11 [=======================>......] - ETA: 0s - loss: 0.1757
11/11 [==============================] - ETA: 0s - loss: 0.1821
11/11 [==============================] - 0s 37ms/step - loss: 0.1821
Epoch 15/300

 1/11 [=>............................] - ETA: 0s - loss: 0.1638
 3/11 [=======>......................] - ETA: 0s - loss: 0.1489
 5/11 [============>.................] - ETA: 0s - loss: 0.1587
 7/11 [==================>...........] - ETA: 0s - loss: 0.1642
 9/11 [=======================>......] - ETA: 0s - loss: 0.1702
11/11 [==============================] - ETA: 0s - loss: 0.1678
11/11 [==============================] - 0s 36ms/step - loss: 0.1678
Epoch 16/300

 1/11 [=>............................] - ETA: 0s - loss: 0.1184
 3/11 [=======>......................] - ETA: 0s - loss: 0.1299
 5/11 [============>.................] - ETA: 0s - loss: 0.1474
 7/11 [==================>...........] - ETA: 0s - loss: 0.1595
 9/11 [=======================>......] - ETA: 0s - loss: 0.1554
11/11 [==============================] - ETA: 0s - loss: 0.1565
11/11 [==============================] - 0s 36ms/step - loss: 0.1565
Epoch 17/300

 1/11 [=>............................] - ETA: 0s - loss: 0.1841
 3/11 [=======>......................] - ETA: 0s - loss: 0.1771
 5/11 [============>.................] - ETA: 0s - loss: 0.1672
 7/11 [==================>...........] - ETA: 0s - loss: 0.1618
 9/11 [=======================>......] - ETA: 0s - loss: 0.1639
11/11 [==============================] - ETA: 0s - loss: 0.1680
11/11 [==============================] - 0s 37ms/step - loss: 0.1680
Epoch 18/300

 1/11 [=>............................] - ETA: 0s - loss: 0.1800
 3/11 [=======>......................] - ETA: 0s - loss: 0.1798
 5/11 [============>.................] - ETA: 0s - loss: 0.1566
 7/11 [==================>...........] - ETA: 0s - loss: 0.1572
 9/11 [=======================>......] - ETA: 0s - loss: 0.1615
11/11 [==============================] - ETA: 0s - loss: 0.1569
11/11 [==============================] - 0s 37ms/step - loss: 0.1569
Epoch 19/300

 1/11 [=>............................] - ETA: 0s - loss: 0.1729
 3/11 [=======>......................] - ETA: 0s - loss: 0.1649
 5/11 [============>.................] - ETA: 0s - loss: 0.1664
 7/11 [==================>...........] - ETA: 0s - loss: 0.1661
 9/11 [=======================>......] - ETA: 0s - loss: 0.1625
11/11 [==============================] - ETA: 0s - loss: 0.1612
11/11 [==============================] - 0s 36ms/step - loss: 0.1612
Epoch 20/300

 1/11 [=>............................] - ETA: 0s - loss: 0.1296
 3/11 [=======>......................] - ETA: 0s - loss: 0.1338
 5/11 [============>.................] - ETA: 0s - loss: 0.1477
 7/11 [==================>...........] - ETA: 0s - loss: 0.1488
 9/11 [=======================>......] - ETA: 0s - loss: 0.1503
11/11 [==============================] - ETA: 0s - loss: 0.1500
11/11 [==============================] - 0s 36ms/step - loss: 0.1500
Epoch 21/300

 1/11 [=>............................] - ETA: 0s - loss: 0.1292
 3/11 [=======>......................] - ETA: 0s - loss: 0.1478
 5/11 [============>.................] - ETA: 0s - loss: 0.1534
 7/11 [==================>...........] - ETA: 0s - loss: 0.1529
 9/11 [=======================>......] - ETA: 0s - loss: 0.1492
11/11 [==============================] - ETA: 0s - loss: 0.1477
11/11 [==============================] - 0s 37ms/step - loss: 0.1477
Epoch 22/300

 1/11 [=>............................] - ETA: 0s - loss: 0.1120
 3/11 [=======>......................] - ETA: 0s - loss: 0.1395
 5/11 [============>.................] - ETA: 0s - loss: 0.1391
 7/11 [==================>...........] - ETA: 0s - loss: 0.1517
 9/11 [=======================>......] - ETA: 0s - loss: 0.1499
11/11 [==============================] - ETA: 0s - loss: 0.1446
11/11 [==============================] - 0s 37ms/step - loss: 0.1446
Epoch 23/300

 1/11 [=>............................] - ETA: 0s - loss: 0.1612
 3/11 [=======>......................] - ETA: 0s - loss: 0.1533
 5/11 [============>.................] - ETA: 0s - loss: 0.1500
 7/11 [==================>...........] - ETA: 0s - loss: 0.1436
 9/11 [=======================>......] - ETA: 0s - loss: 0.1424
11/11 [==============================] - ETA: 0s - loss: 0.1444
11/11 [==============================] - 0s 36ms/step - loss: 0.1444
Epoch 24/300

 1/11 [=>............................] - ETA: 0s - loss: 0.1708
 3/11 [=======>......................] - ETA: 0s - loss: 0.1513
 5/11 [============>.................] - ETA: 0s - loss: 0.1504
 7/11 [==================>...........] - ETA: 0s - loss: 0.1490
 9/11 [=======================>......] - ETA: 0s - loss: 0.1485
11/11 [==============================] - ETA: 0s - loss: 0.1498
11/11 [==============================] - 0s 36ms/step - loss: 0.1498
Epoch 25/300

 1/11 [=>............................] - ETA: 0s - loss: 0.1307
 3/11 [=======>......................] - ETA: 0s - loss: 0.1248
 5/11 [============>.................] - ETA: 0s - loss: 0.1290
 7/11 [==================>...........] - ETA: 0s - loss: 0.1286
 9/11 [=======================>......] - ETA: 0s - loss: 0.1315
11/11 [==============================] - ETA: 0s - loss: 0.1372
11/11 [==============================] - 0s 36ms/step - loss: 0.1372
Epoch 26/300

 1/11 [=>............................] - ETA: 0s - loss: 0.0992
 3/11 [=======>......................] - ETA: 0s - loss: 0.1307
 5/11 [============>.................] - ETA: 0s - loss: 0.1354
 7/11 [==================>...........] - ETA: 0s - loss: 0.1295
 9/11 [=======================>......] - ETA: 0s - loss: 0.1297
11/11 [==============================] - ETA: 0s - loss: 0.1330
11/11 [==============================] - 0s 36ms/step - loss: 0.1330
Epoch 27/300

 1/11 [=>............................] - ETA: 0s - loss: 0.1686
 3/11 [=======>......................] - ETA: 0s - loss: 0.1535
 5/11 [============>.................] - ETA: 0s - loss: 0.1461
 7/11 [==================>...........] - ETA: 0s - loss: 0.1420
 9/11 [=======================>......] - ETA: 0s - loss: 0.1375
11/11 [==============================] - ETA: 0s - loss: 0.1397
11/11 [==============================] - 0s 37ms/step - loss: 0.1397
Epoch 28/300

 1/11 [=>............................] - ETA: 0s - loss: 0.1168
 3/11 [=======>......................] - ETA: 0s - loss: 0.1377
 5/11 [============>.................] - ETA: 0s - loss: 0.1358
 7/11 [==================>...........] - ETA: 0s - loss: 0.1403
 9/11 [=======================>......] - ETA: 0s - loss: 0.1405
11/11 [==============================] - ETA: 0s - loss: 0.1352
11/11 [==============================] - 0s 37ms/step - loss: 0.1352
Epoch 29/300

 1/11 [=>............................] - ETA: 0s - loss: 0.1153
 3/11 [=======>......................] - ETA: 0s - loss: 0.1051
 5/11 [============>.................] - ETA: 0s - loss: 0.1129
 7/11 [==================>...........] - ETA: 0s - loss: 0.1167
 9/11 [=======================>......] - ETA: 0s - loss: 0.1265
11/11 [==============================] - ETA: 0s - loss: 0.1275
11/11 [==============================] - 0s 36ms/step - loss: 0.1275
Epoch 30/300

 1/11 [=>............................] - ETA: 0s - loss: 0.0817
 3/11 [=======>......................] - ETA: 0s - loss: 0.1028
 5/11 [============>.................] - ETA: 0s - loss: 0.1131
 7/11 [==================>...........] - ETA: 0s - loss: 0.1179
 9/11 [=======================>......] - ETA: 0s - loss: 0.1172
11/11 [==============================] - ETA: 0s - loss: 0.1233
11/11 [==============================] - 0s 37ms/step - loss: 0.1233
Epoch 31/300

 1/11 [=>............................] - ETA: 0s - loss: 0.1399
 3/11 [=======>......................] - ETA: 0s - loss: 0.1202
 5/11 [============>.................] - ETA: 0s - loss: 0.1219
 7/11 [==================>...........] - ETA: 0s - loss: 0.1241
 9/11 [=======================>......] - ETA: 0s - loss: 0.1275
11/11 [==============================] - ETA: 0s - loss: 0.1288
11/11 [==============================] - 0s 37ms/step - loss: 0.1288
Epoch 32/300

 1/11 [=>............................] - ETA: 0s - loss: 0.1338
 3/11 [=======>......................] - ETA: 0s - loss: 0.1127
 5/11 [============>.................] - ETA: 0s - loss: 0.1394
 7/11 [==================>...........] - ETA: 0s - loss: 0.1328
 9/11 [=======================>......] - ETA: 0s - loss: 0.1344
11/11 [==============================] - ETA: 0s - loss: 0.1300
11/11 [==============================] - 0s 37ms/step - loss: 0.1300
Epoch 33/300

 1/11 [=>............................] - ETA: 0s - loss: 0.1411
 3/11 [=======>......................] - ETA: 0s - loss: 0.1419
 5/11 [============>.................] - ETA: 0s - loss: 0.1342
 7/11 [==================>...........] - ETA: 0s - loss: 0.1367
 9/11 [=======================>......] - ETA: 0s - loss: 0.1384
11/11 [==============================] - ETA: 0s - loss: 0.1363
11/11 [==============================] - 0s 37ms/step - loss: 0.1363
Epoch 34/300

 1/11 [=>............................] - ETA: 0s - loss: 0.1326
 3/11 [=======>......................] - ETA: 0s - loss: 0.1115
 5/11 [============>.................] - ETA: 0s - loss: 0.1113
 7/11 [==================>...........] - ETA: 0s - loss: 0.1203
 9/11 [=======================>......] - ETA: 0s - loss: 0.1218
11/11 [==============================] - ETA: 0s - loss: 0.1223
11/11 [==============================] - 0s 35ms/step - loss: 0.1223
Epoch 35/300

 1/11 [=>............................] - ETA: 0s - loss: 0.1237
 3/11 [=======>......................] - ETA: 0s - loss: 0.1150
 5/11 [============>.................] - ETA: 0s - loss: 0.1142
 7/11 [==================>...........] - ETA: 0s - loss: 0.1107
 9/11 [=======================>......] - ETA: 0s - loss: 0.1136
11/11 [==============================] - ETA: 0s - loss: 0.1103
11/11 [==============================] - 0s 35ms/step - loss: 0.1103
Epoch 36/300

 1/11 [=>............................] - ETA: 0s - loss: 0.1264
 3/11 [=======>......................] - ETA: 0s - loss: 0.1197
 5/11 [============>.................] - ETA: 0s - loss: 0.1133
 7/11 [==================>...........] - ETA: 0s - loss: 0.1125
 9/11 [=======================>......] - ETA: 0s - loss: 0.1154
11/11 [==============================] - ETA: 0s - loss: 0.1142
11/11 [==============================] - 0s 35ms/step - loss: 0.1142
Epoch 37/300

 1/11 [=>............................] - ETA: 0s - loss: 0.1074
 3/11 [=======>......................] - ETA: 0s - loss: 0.1088
 5/11 [============>.................] - ETA: 0s - loss: 0.1234
 7/11 [==================>...........] - ETA: 0s - loss: 0.1294
 9/11 [=======================>......] - ETA: 0s - loss: 0.1359
11/11 [==============================] - ETA: 0s - loss: 0.1311
11/11 [==============================] - 0s 37ms/step - loss: 0.1311
Epoch 38/300

 1/11 [=>............................] - ETA: 0s - loss: 0.1271
 3/11 [=======>......................] - ETA: 0s - loss: 0.1226
 5/11 [============>.................] - ETA: 0s - loss: 0.1208
 7/11 [==================>...........] - ETA: 0s - loss: 0.1243
 9/11 [=======================>......] - ETA: 0s - loss: 0.1204
11/11 [==============================] - ETA: 0s - loss: 0.1193
11/11 [==============================] - 0s 37ms/step - loss: 0.1193
Epoch 39/300

 1/11 [=>............................] - ETA: 0s - loss: 0.1428
 3/11 [=======>......................] - ETA: 0s - loss: 0.1226
 5/11 [============>.................] - ETA: 0s - loss: 0.1144
 7/11 [==================>...........] - ETA: 0s - loss: 0.1142
 9/11 [=======================>......] - ETA: 0s - loss: 0.1130
11/11 [==============================] - ETA: 0s - loss: 0.1166
11/11 [==============================] - 0s 37ms/step - loss: 0.1166
Epoch 40/300

 1/11 [=>............................] - ETA: 0s - loss: 0.1052
 3/11 [=======>......................] - ETA: 0s - loss: 0.1208
 5/11 [============>.................] - ETA: 0s - loss: 0.1193
 7/11 [==================>...........] - ETA: 0s - loss: 0.1124
 9/11 [=======================>......] - ETA: 0s - loss: 0.1158
11/11 [==============================] - ETA: 0s - loss: 0.1145
11/11 [==============================] - 0s 37ms/step - loss: 0.1145
Epoch 41/300

 1/11 [=>............................] - ETA: 0s - loss: 0.1160
 3/11 [=======>......................] - ETA: 0s - loss: 0.1234
 5/11 [============>.................] - ETA: 0s - loss: 0.1208
 7/11 [==================>...........] - ETA: 0s - loss: 0.1228
 9/11 [=======================>......] - ETA: 0s - loss: 0.1195
11/11 [==============================] - ETA: 0s - loss: 0.1215
11/11 [==============================] - 0s 35ms/step - loss: 0.1215
Epoch 42/300

 1/11 [=>............................] - ETA: 0s - loss: 0.1100
 3/11 [=======>......................] - ETA: 0s - loss: 0.1067
 5/11 [============>.................] - ETA: 0s - loss: 0.1081
 7/11 [==================>...........] - ETA: 0s - loss: 0.1080
 9/11 [=======================>......] - ETA: 0s - loss: 0.1097
11/11 [==============================] - ETA: 0s - loss: 0.1117
11/11 [==============================] - 0s 37ms/step - loss: 0.1117
Epoch 43/300

 1/11 [=>............................] - ETA: 0s - loss: 0.1199
 3/11 [=======>......................] - ETA: 0s - loss: 0.0964
 5/11 [============>.................] - ETA: 0s - loss: 0.0968
 7/11 [==================>...........] - ETA: 0s - loss: 0.1024
 9/11 [=======================>......] - ETA: 0s - loss: 0.0959
11/11 [==============================] - ETA: 0s - loss: 0.0965
11/11 [==============================] - 0s 37ms/step - loss: 0.0965
Epoch 44/300

 1/11 [=>............................] - ETA: 0s - loss: 0.1176
 2/11 [====>.........................] - ETA: 0s - loss: 0.1392
 4/11 [=========>....................] - ETA: 0s - loss: 0.1213
 6/11 [===============>..............] - ETA: 0s - loss: 0.1188
 8/11 [====================>.........] - ETA: 0s - loss: 0.1163
10/11 [==========================>...] - ETA: 0s - loss: 0.1147
11/11 [==============================] - 0s 37ms/step - loss: 0.1143
Epoch 45/300

 1/11 [=>............................] - ETA: 0s - loss: 0.1376
 3/11 [=======>......................] - ETA: 0s - loss: 0.1142
 5/11 [============>.................] - ETA: 0s - loss: 0.1233
 7/11 [==================>...........] - ETA: 0s - loss: 0.1238
 9/11 [=======================>......] - ETA: 0s - loss: 0.1200
11/11 [==============================] - ETA: 0s - loss: 0.1169
11/11 [==============================] - 0s 40ms/step - loss: 0.1169
Epoch 46/300

 1/11 [=>............................] - ETA: 0s - loss: 0.0998
 3/11 [=======>......................] - ETA: 0s - loss: 0.1098
 5/11 [============>.................] - ETA: 0s - loss: 0.1145
 7/11 [==================>...........] - ETA: 0s - loss: 0.1107
 9/11 [=======================>......] - ETA: 0s - loss: 0.1080
11/11 [==============================] - ETA: 0s - loss: 0.1073
11/11 [==============================] - 0s 37ms/step - loss: 0.1073
Epoch 47/300

 1/11 [=>............................] - ETA: 0s - loss: 0.0630
 3/11 [=======>......................] - ETA: 0s - loss: 0.1021
 5/11 [============>.................] - ETA: 0s - loss: 0.1097
 7/11 [==================>...........] - ETA: 0s - loss: 0.1056
 9/11 [=======================>......] - ETA: 0s - loss: 0.1034
11/11 [==============================] - ETA: 0s - loss: 0.1049
11/11 [==============================] - 0s 35ms/step - loss: 0.1049
Epoch 48/300

 1/11 [=>............................] - ETA: 0s - loss: 0.0980
 3/11 [=======>......................] - ETA: 0s - loss: 0.0869
 5/11 [============>.................] - ETA: 0s - loss: 0.0857
 6/11 [===============>..............] - ETA: 0s - loss: 0.0873
 8/11 [====================>.........] - ETA: 0s - loss: 0.0953
10/11 [==========================>...] - ETA: 0s - loss: 0.0974
11/11 [==============================] - 0s 36ms/step - loss: 0.0973
Epoch 49/300

 1/11 [=>............................] - ETA: 0s - loss: 0.1169
 3/11 [=======>......................] - ETA: 0s - loss: 0.1162
 5/11 [============>.................] - ETA: 0s - loss: 0.1137
 7/11 [==================>...........] - ETA: 0s - loss: 0.1142
 9/11 [=======================>......] - ETA: 0s - loss: 0.1144
11/11 [==============================] - ETA: 0s - loss: 0.1090
11/11 [==============================] - 0s 37ms/step - loss: 0.1090
Epoch 50/300

 1/11 [=>............................] - ETA: 0s - loss: 0.1033
 3/11 [=======>......................] - ETA: 0s - loss: 0.0942
 5/11 [============>.................] - ETA: 0s - loss: 0.0975
 7/11 [==================>...........] - ETA: 0s - loss: 0.0949
 9/11 [=======================>......] - ETA: 0s - loss: 0.0942
11/11 [==============================] - ETA: 0s - loss: 0.0952
11/11 [==============================] - 0s 37ms/step - loss: 0.0952
Epoch 51/300

 1/11 [=>............................] - ETA: 0s - loss: 0.0793
 3/11 [=======>......................] - ETA: 0s - loss: 0.0979
 5/11 [============>.................] - ETA: 0s - loss: 0.1068
 7/11 [==================>...........] - ETA: 0s - loss: 0.1048
 9/11 [=======================>......] - ETA: 0s - loss: 0.1030
11/11 [==============================] - ETA: 0s - loss: 0.0968
11/11 [==============================] - 0s 37ms/step - loss: 0.0968
Epoch 52/300

 1/11 [=>............................] - ETA: 0s - loss: 0.1006
 3/11 [=======>......................] - ETA: 0s - loss: 0.1012
 5/11 [============>.................] - ETA: 0s - loss: 0.0974
 7/11 [==================>...........] - ETA: 0s - loss: 0.0974
 9/11 [=======================>......] - ETA: 0s - loss: 0.1012
11/11 [==============================] - ETA: 0s - loss: 0.0994
11/11 [==============================] - 0s 37ms/step - loss: 0.0994
Epoch 53/300

 1/11 [=>............................] - ETA: 0s - loss: 0.0825
 3/11 [=======>......................] - ETA: 0s - loss: 0.0756
 5/11 [============>.................] - ETA: 0s - loss: 0.0851
 7/11 [==================>...........] - ETA: 0s - loss: 0.0831
 9/11 [=======================>......] - ETA: 0s - loss: 0.0865
11/11 [==============================] - ETA: 0s - loss: 0.0872
11/11 [==============================] - 0s 36ms/step - loss: 0.0872
Epoch 54/300

 1/11 [=>............................] - ETA: 0s - loss: 0.0711
 3/11 [=======>......................] - ETA: 0s - loss: 0.0891
 5/11 [============>.................] - ETA: 0s - loss: 0.0864
 7/11 [==================>...........] - ETA: 0s - loss: 0.0958
 9/11 [=======================>......] - ETA: 0s - loss: 0.0942
11/11 [==============================] - ETA: 0s - loss: 0.0944
11/11 [==============================] - 0s 37ms/step - loss: 0.0944
Epoch 55/300

 1/11 [=>............................] - ETA: 0s - loss: 0.0992
 3/11 [=======>......................] - ETA: 0s - loss: 0.0905
 5/11 [============>.................] - ETA: 0s - loss: 0.0943
 7/11 [==================>...........] - ETA: 0s - loss: 0.1001
 9/11 [=======================>......] - ETA: 0s - loss: 0.0967
11/11 [==============================] - ETA: 0s - loss: 0.0957
11/11 [==============================] - 0s 36ms/step - loss: 0.0957
Epoch 56/300

 1/11 [=>............................] - ETA: 0s - loss: 0.0790
 3/11 [=======>......................] - ETA: 0s - loss: 0.0839
 5/11 [============>.................] - ETA: 0s - loss: 0.0862
 7/11 [==================>...........] - ETA: 0s - loss: 0.0820
 9/11 [=======================>......] - ETA: 0s - loss: 0.0854
11/11 [==============================] - ETA: 0s - loss: 0.0909
11/11 [==============================] - 0s 37ms/step - loss: 0.0909
Epoch 57/300

 1/11 [=>............................] - ETA: 0s - loss: 0.0823
 3/11 [=======>......................] - ETA: 0s - loss: 0.0768
 5/11 [============>.................] - ETA: 0s - loss: 0.0811
 7/11 [==================>...........] - ETA: 0s - loss: 0.0837
 9/11 [=======================>......] - ETA: 0s - loss: 0.0836
11/11 [==============================] - ETA: 0s - loss: 0.0868
11/11 [==============================] - 0s 37ms/step - loss: 0.0868
Epoch 58/300

 1/11 [=>............................] - ETA: 0s - loss: 0.1206
 3/11 [=======>......................] - ETA: 0s - loss: 0.1037
 5/11 [============>.................] - ETA: 0s - loss: 0.1028
 7/11 [==================>...........] - ETA: 0s - loss: 0.1012
 8/11 [====================>.........] - ETA: 0s - loss: 0.1014
10/11 [==========================>...] - ETA: 0s - loss: 0.0976
11/11 [==============================] - 0s 37ms/step - loss: 0.0971
Epoch 59/300

 1/11 [=>............................] - ETA: 0s - loss: 0.1153
 3/11 [=======>......................] - ETA: 0s - loss: 0.1111
 5/11 [============>.................] - ETA: 0s - loss: 0.1065
 7/11 [==================>...........] - ETA: 0s - loss: 0.1048
 9/11 [=======================>......] - ETA: 0s - loss: 0.1064
11/11 [==============================] - ETA: 0s - loss: 0.1056
11/11 [==============================] - 0s 38ms/step - loss: 0.1056
Epoch 60/300

 1/11 [=>............................] - ETA: 0s - loss: 0.1035
 3/11 [=======>......................] - ETA: 0s - loss: 0.0976
 5/11 [============>.................] - ETA: 0s - loss: 0.1002
 7/11 [==================>...........] - ETA: 0s - loss: 0.0981
 9/11 [=======================>......] - ETA: 0s - loss: 0.0964
11/11 [==============================] - ETA: 0s - loss: 0.0965
11/11 [==============================] - 0s 36ms/step - loss: 0.0965
Epoch 61/300

 1/11 [=>............................] - ETA: 0s - loss: 0.0827
 3/11 [=======>......................] - ETA: 0s - loss: 0.0948
 5/11 [============>.................] - ETA: 0s - loss: 0.0997
 7/11 [==================>...........] - ETA: 0s - loss: 0.0970
 9/11 [=======================>......] - ETA: 0s - loss: 0.0952
11/11 [==============================] - ETA: 0s - loss: 0.0945
11/11 [==============================] - 0s 36ms/step - loss: 0.0945
Epoch 62/300

 1/11 [=>............................] - ETA: 0s - loss: 0.1255
 3/11 [=======>......................] - ETA: 0s - loss: 0.1009
 5/11 [============>.................] - ETA: 0s - loss: 0.0915
 7/11 [==================>...........] - ETA: 0s - loss: 0.0882
 9/11 [=======================>......] - ETA: 0s - loss: 0.0923
11/11 [==============================] - ETA: 0s - loss: 0.0905
11/11 [==============================] - 0s 36ms/step - loss: 0.0905
Epoch 63/300

 1/11 [=>............................] - ETA: 0s - loss: 0.0721
 3/11 [=======>......................] - ETA: 0s - loss: 0.0793
 5/11 [============>.................] - ETA: 0s - loss: 0.0881
 7/11 [==================>...........] - ETA: 0s - loss: 0.0892
 9/11 [=======================>......] - ETA: 0s - loss: 0.0899
11/11 [==============================] - ETA: 0s - loss: 0.0899
11/11 [==============================] - 0s 36ms/step - loss: 0.0899
Epoch 64/300

 1/11 [=>............................] - ETA: 0s - loss: 0.0880
 3/11 [=======>......................] - ETA: 0s - loss: 0.0872
 5/11 [============>.................] - ETA: 0s - loss: 0.0854
 7/11 [==================>...........] - ETA: 0s - loss: 0.0923
 9/11 [=======================>......] - ETA: 0s - loss: 0.0917
11/11 [==============================] - ETA: 0s - loss: 0.0923
11/11 [==============================] - 0s 37ms/step - loss: 0.0923
Epoch 65/300

 1/11 [=>............................] - ETA: 0s - loss: 0.0929
 3/11 [=======>......................] - ETA: 0s - loss: 0.0864
 5/11 [============>.................] - ETA: 0s - loss: 0.0910
 7/11 [==================>...........] - ETA: 0s - loss: 0.0995
 9/11 [=======================>......] - ETA: 0s - loss: 0.0973
11/11 [==============================] - ETA: 0s - loss: 0.0960
11/11 [==============================] - 0s 36ms/step - loss: 0.0960
Epoch 66/300

 1/11 [=>............................] - ETA: 0s - loss: 0.0892
 3/11 [=======>......................] - ETA: 0s - loss: 0.0786
 5/11 [============>.................] - ETA: 0s - loss: 0.0810
 7/11 [==================>...........] - ETA: 0s - loss: 0.0874
 9/11 [=======================>......] - ETA: 0s - loss: 0.0845
11/11 [==============================] - ETA: 0s - loss: 0.0843
11/11 [==============================] - 0s 36ms/step - loss: 0.0843
Epoch 67/300

 1/11 [=>............................] - ETA: 0s - loss: 0.0975
 3/11 [=======>......................] - ETA: 0s - loss: 0.0785
 5/11 [============>.................] - ETA: 0s - loss: 0.0833
 7/11 [==================>...........] - ETA: 0s - loss: 0.0834
 9/11 [=======================>......] - ETA: 0s - loss: 0.0817
11/11 [==============================] - ETA: 0s - loss: 0.0851
11/11 [==============================] - 0s 36ms/step - loss: 0.0851
Epoch 68/300

 1/11 [=>............................] - ETA: 0s - loss: 0.1115
 3/11 [=======>......................] - ETA: 0s - loss: 0.0914
 5/11 [============>.................] - ETA: 0s - loss: 0.0950
 7/11 [==================>...........] - ETA: 0s - loss: 0.0888
 9/11 [=======================>......] - ETA: 0s - loss: 0.0884
11/11 [==============================] - ETA: 0s - loss: 0.0844
11/11 [==============================] - 0s 37ms/step - loss: 0.0844
Epoch 69/300

 1/11 [=>............................] - ETA: 0s - loss: 0.0764
 3/11 [=======>......................] - ETA: 0s - loss: 0.0869
 5/11 [============>.................] - ETA: 0s - loss: 0.0858
 7/11 [==================>...........] - ETA: 0s - loss: 0.0880
 9/11 [=======================>......] - ETA: 0s - loss: 0.0892
11/11 [==============================] - ETA: 0s - loss: 0.0884
11/11 [==============================] - 0s 36ms/step - loss: 0.0884
Epoch 70/300

 1/11 [=>............................] - ETA: 0s - loss: 0.0846
 3/11 [=======>......................] - ETA: 0s - loss: 0.0764
 5/11 [============>.................] - ETA: 0s - loss: 0.0816
 7/11 [==================>...........] - ETA: 0s - loss: 0.0855
 9/11 [=======================>......] - ETA: 0s - loss: 0.0876
11/11 [==============================] - ETA: 0s - loss: 0.0866
11/11 [==============================] - 0s 35ms/step - loss: 0.0866
Epoch 71/300

 1/11 [=>............................] - ETA: 0s - loss: 0.0800
 3/11 [=======>......................] - ETA: 0s - loss: 0.0853
 5/11 [============>.................] - ETA: 0s - loss: 0.0802
 7/11 [==================>...........] - ETA: 0s - loss: 0.0771
 9/11 [=======================>......] - ETA: 0s - loss: 0.0761
11/11 [==============================] - ETA: 0s - loss: 0.0778
11/11 [==============================] - 0s 37ms/step - loss: 0.0778
Epoch 72/300

 1/11 [=>............................] - ETA: 0s - loss: 0.0823
 3/11 [=======>......................] - ETA: 0s - loss: 0.0784
 5/11 [============>.................] - ETA: 0s - loss: 0.0804
 7/11 [==================>...........] - ETA: 0s - loss: 0.0767
 9/11 [=======================>......] - ETA: 0s - loss: 0.0758
11/11 [==============================] - ETA: 0s - loss: 0.0767
11/11 [==============================] - 0s 37ms/step - loss: 0.0767
Epoch 73/300

 1/11 [=>............................] - ETA: 0s - loss: 0.0971
 3/11 [=======>......................] - ETA: 0s - loss: 0.0854
 5/11 [============>.................] - ETA: 0s - loss: 0.0821
 7/11 [==================>...........] - ETA: 0s - loss: 0.0813
 9/11 [=======================>......] - ETA: 0s - loss: 0.0822
11/11 [==============================] - ETA: 0s - loss: 0.0832
11/11 [==============================] - 0s 37ms/step - loss: 0.0832
Epoch 74/300

 1/11 [=>............................] - ETA: 0s - loss: 0.0764
 3/11 [=======>......................] - ETA: 0s - loss: 0.0720
 5/11 [============>.................] - ETA: 0s - loss: 0.0733
 7/11 [==================>...........] - ETA: 0s - loss: 0.0785
 9/11 [=======================>......] - ETA: 0s - loss: 0.0778
11/11 [==============================] - ETA: 0s - loss: 0.0816
11/11 [==============================] - 0s 37ms/step - loss: 0.0816
Epoch 75/300

 1/11 [=>............................] - ETA: 0s - loss: 0.0837
 3/11 [=======>......................] - ETA: 0s - loss: 0.0976
 5/11 [============>.................] - ETA: 0s - loss: 0.0874
 7/11 [==================>...........] - ETA: 0s - loss: 0.0861
 9/11 [=======================>......] - ETA: 0s - loss: 0.0907
11/11 [==============================] - ETA: 0s - loss: 0.0874
11/11 [==============================] - 0s 37ms/step - loss: 0.0874
Epoch 76/300

 1/11 [=>............................] - ETA: 0s - loss: 0.0692
 3/11 [=======>......................] - ETA: 0s - loss: 0.0846
 5/11 [============>.................] - ETA: 0s - loss: 0.0890
 7/11 [==================>...........] - ETA: 0s - loss: 0.0902
 9/11 [=======================>......] - ETA: 0s - loss: 0.0915
11/11 [==============================] - ETA: 0s - loss: 0.0913
11/11 [==============================] - 0s 37ms/step - loss: 0.0913
Epoch 77/300

 1/11 [=>............................] - ETA: 0s - loss: 0.0870
 3/11 [=======>......................] - ETA: 0s - loss: 0.0835
 5/11 [============>.................] - ETA: 0s - loss: 0.0851
 7/11 [==================>...........] - ETA: 0s - loss: 0.0858
 9/11 [=======================>......] - ETA: 0s - loss: 0.0846
11/11 [==============================] - ETA: 0s - loss: 0.0859
11/11 [==============================] - 0s 37ms/step - loss: 0.0859
Epoch 78/300

 1/11 [=>............................] - ETA: 0s - loss: 0.0599
 3/11 [=======>......................] - ETA: 0s - loss: 0.0747
 5/11 [============>.................] - ETA: 0s - loss: 0.0792
 7/11 [==================>...........] - ETA: 0s - loss: 0.0853
 9/11 [=======================>......] - ETA: 0s - loss: 0.0832
11/11 [==============================] - ETA: 0s - loss: 0.0831
11/11 [==============================] - 0s 36ms/step - loss: 0.0831
Epoch 79/300

 1/11 [=>............................] - ETA: 0s - loss: 0.0767
 3/11 [=======>......................] - ETA: 0s - loss: 0.0853
 5/11 [============>.................] - ETA: 0s - loss: 0.0819
 7/11 [==================>...........] - ETA: 0s - loss: 0.0838
 9/11 [=======================>......] - ETA: 0s - loss: 0.0845
11/11 [==============================] - ETA: 0s - loss: 0.0830
11/11 [==============================] - 0s 37ms/step - loss: 0.0830
Epoch 80/300

 1/11 [=>............................] - ETA: 0s - loss: 0.0784
 3/11 [=======>......................] - ETA: 0s - loss: 0.0687
 4/11 [=========>....................] - ETA: 0s - loss: 0.0730
 6/11 [===============>..............] - ETA: 0s - loss: 0.0769
 8/11 [====================>.........] - ETA: 0s - loss: 0.0757
10/11 [==========================>...] - ETA: 0s - loss: 0.0791
11/11 [==============================] - 0s 37ms/step - loss: 0.0787
Epoch 81/300

 1/11 [=>............................] - ETA: 0s - loss: 0.0711
 3/11 [=======>......................] - ETA: 0s - loss: 0.0728
 5/11 [============>.................] - ETA: 0s - loss: 0.0774
 7/11 [==================>...........] - ETA: 0s - loss: 0.0788
 9/11 [=======================>......] - ETA: 0s - loss: 0.0756
11/11 [==============================] - ETA: 0s - loss: 0.0760
11/11 [==============================] - 0s 35ms/step - loss: 0.0760
Epoch 82/300

 1/11 [=>............................] - ETA: 0s - loss: 0.0755
 3/11 [=======>......................] - ETA: 0s - loss: 0.0833
 5/11 [============>.................] - ETA: 0s - loss: 0.0772
 7/11 [==================>...........] - ETA: 0s - loss: 0.0764
 9/11 [=======================>......] - ETA: 0s - loss: 0.0760
11/11 [==============================] - ETA: 0s - loss: 0.0810
11/11 [==============================] - 0s 35ms/step - loss: 0.0810
Epoch 83/300

 1/11 [=>............................] - ETA: 0s - loss: 0.1144
 3/11 [=======>......................] - ETA: 0s - loss: 0.0901
 5/11 [============>.................] - ETA: 0s - loss: 0.0849
 7/11 [==================>...........] - ETA: 0s - loss: 0.0832
 8/11 [====================>.........] - ETA: 0s - loss: 0.0848
10/11 [==========================>...] - ETA: 0s - loss: 0.0803
11/11 [==============================] - 0s 38ms/step - loss: 0.0798
Epoch 84/300

 1/11 [=>............................] - ETA: 0s - loss: 0.0803
 3/11 [=======>......................] - ETA: 0s - loss: 0.0729
 4/11 [=========>....................] - ETA: 0s - loss: 0.0707
 6/11 [===============>..............] - ETA: 0s - loss: 0.0732
 8/11 [====================>.........] - ETA: 0s - loss: 0.0722
10/11 [==========================>...] - ETA: 0s - loss: 0.0733
11/11 [==============================] - 0s 37ms/step - loss: 0.0731
Epoch 85/300

 1/11 [=>............................] - ETA: 0s - loss: 0.0805
 3/11 [=======>......................] - ETA: 0s - loss: 0.0874
 5/11 [============>.................] - ETA: 0s - loss: 0.0878
 7/11 [==================>...........] - ETA: 0s - loss: 0.0824
 9/11 [=======================>......] - ETA: 0s - loss: 0.0784
10/11 [==========================>...] - ETA: 0s - loss: 0.0779
11/11 [==============================] - 0s 40ms/step - loss: 0.0795
Epoch 86/300

 1/11 [=>............................] - ETA: 0s - loss: 0.0914
 3/11 [=======>......................] - ETA: 0s - loss: 0.0876
 5/11 [============>.................] - ETA: 0s - loss: 0.0830
 7/11 [==================>...........] - ETA: 0s - loss: 0.0816
 9/11 [=======================>......] - ETA: 0s - loss: 0.0818
11/11 [==============================] - ETA: 0s - loss: 0.0798
11/11 [==============================] - 0s 37ms/step - loss: 0.0798
Epoch 87/300

 1/11 [=>............................] - ETA: 0s - loss: 0.0793
 3/11 [=======>......................] - ETA: 0s - loss: 0.0825
 5/11 [============>.................] - ETA: 0s - loss: 0.0843
 7/11 [==================>...........] - ETA: 0s - loss: 0.0841
 9/11 [=======================>......] - ETA: 0s - loss: 0.0825
11/11 [==============================] - ETA: 0s - loss: 0.0811
11/11 [==============================] - 0s 37ms/step - loss: 0.0811
Epoch 88/300

 1/11 [=>............................] - ETA: 0s - loss: 0.0894
 3/11 [=======>......................] - ETA: 0s - loss: 0.0769
 5/11 [============>.................] - ETA: 0s - loss: 0.0827
 7/11 [==================>...........] - ETA: 0s - loss: 0.0859
 9/11 [=======================>......] - ETA: 0s - loss: 0.0850
10/11 [==========================>...] - ETA: 0s - loss: 0.0848
11/11 [==============================] - 0s 37ms/step - loss: 0.0834
Epoch 89/300

 1/11 [=>............................] - ETA: 0s - loss: 0.0888
 3/11 [=======>......................] - ETA: 0s - loss: 0.0829
 5/11 [============>.................] - ETA: 0s - loss: 0.0789
 7/11 [==================>...........] - ETA: 0s - loss: 0.0804
 9/11 [=======================>......] - ETA: 0s - loss: 0.0812
11/11 [==============================] - ETA: 0s - loss: 0.0789
11/11 [==============================] - 0s 35ms/step - loss: 0.0789
Epoch 90/300

 1/11 [=>............................] - ETA: 0s - loss: 0.0499
 3/11 [=======>......................] - ETA: 0s - loss: 0.0770
 5/11 [============>.................] - ETA: 0s - loss: 0.0818
 7/11 [==================>...........] - ETA: 0s - loss: 0.0767
 9/11 [=======================>......] - ETA: 0s - loss: 0.0803
11/11 [==============================] - ETA: 0s - loss: 0.0800
11/11 [==============================] - 0s 35ms/step - loss: 0.0800
Epoch 91/300

 1/11 [=>............................] - ETA: 0s - loss: 0.0670
 3/11 [=======>......................] - ETA: 0s - loss: 0.0616
 5/11 [============>.................] - ETA: 0s - loss: 0.0649
 7/11 [==================>...........] - ETA: 0s - loss: 0.0687
 9/11 [=======================>......] - ETA: 0s - loss: 0.0693
11/11 [==============================] - ETA: 0s - loss: 0.0686
11/11 [==============================] - 0s 37ms/step - loss: 0.0686
Epoch 92/300

 1/11 [=>............................] - ETA: 0s - loss: 0.0864
 3/11 [=======>......................] - ETA: 0s - loss: 0.0746
 5/11 [============>.................] - ETA: 0s - loss: 0.0799
 7/11 [==================>...........] - ETA: 0s - loss: 0.0829
 9/11 [=======================>......] - ETA: 0s - loss: 0.0815
11/11 [==============================] - ETA: 0s - loss: 0.0806
11/11 [==============================] - 0s 37ms/step - loss: 0.0806
Epoch 93/300

 1/11 [=>............................] - ETA: 0s - loss: 0.0554
 3/11 [=======>......................] - ETA: 0s - loss: 0.0725
 5/11 [============>.................] - ETA: 0s - loss: 0.0818
 7/11 [==================>...........] - ETA: 0s - loss: 0.0828
 9/11 [=======================>......] - ETA: 0s - loss: 0.0813
10/11 [==========================>...] - ETA: 0s - loss: 0.0813
11/11 [==============================] - 0s 37ms/step - loss: 0.0802
Epoch 94/300

 1/11 [=>............................] - ETA: 0s - loss: 0.0707
 3/11 [=======>......................] - ETA: 0s - loss: 0.0700
 5/11 [============>.................] - ETA: 0s - loss: 0.0760
 7/11 [==================>...........] - ETA: 0s - loss: 0.0770
 8/11 [====================>.........] - ETA: 0s - loss: 0.0782
10/11 [==========================>...] - ETA: 0s - loss: 0.0806
11/11 [==============================] - 0s 37ms/step - loss: 0.0814
Epoch 95/300

 1/11 [=>............................] - ETA: 0s - loss: 0.0782
 3/11 [=======>......................] - ETA: 0s - loss: 0.0799
 5/11 [============>.................] - ETA: 0s - loss: 0.0771
 7/11 [==================>...........] - ETA: 0s - loss: 0.0754
 9/11 [=======================>......] - ETA: 0s - loss: 0.0767
11/11 [==============================] - ETA: 0s - loss: 0.0746
11/11 [==============================] - 0s 35ms/step - loss: 0.0746
Epoch 96/300

 1/11 [=>............................] - ETA: 0s - loss: 0.0553
 3/11 [=======>......................] - ETA: 0s - loss: 0.0649
 5/11 [============>.................] - ETA: 0s - loss: 0.0698
 6/11 [===============>..............] - ETA: 0s - loss: 0.0705
 8/11 [====================>.........] - ETA: 0s - loss: 0.0742
10/11 [==========================>...] - ETA: 0s - loss: 0.0764
11/11 [==============================] - 0s 35ms/step - loss: 0.0748
Epoch 97/300

 1/11 [=>............................] - ETA: 0s - loss: 0.0730
 3/11 [=======>......................] - ETA: 0s - loss: 0.0735
 5/11 [============>.................] - ETA: 0s - loss: 0.0736
 7/11 [==================>...........] - ETA: 0s - loss: 0.0739
 9/11 [=======================>......] - ETA: 0s - loss: 0.0781
11/11 [==============================] - ETA: 0s - loss: 0.0801
11/11 [==============================] - 0s 37ms/step - loss: 0.0801
Epoch 98/300

 1/11 [=>............................] - ETA: 0s - loss: 0.0545
 3/11 [=======>......................] - ETA: 0s - loss: 0.0787
 5/11 [============>.................] - ETA: 0s - loss: 0.0753
 7/11 [==================>...........] - ETA: 0s - loss: 0.0767
 9/11 [=======================>......] - ETA: 0s - loss: 0.0759
11/11 [==============================] - ETA: 0s - loss: 0.0786
11/11 [==============================] - 0s 37ms/step - loss: 0.0786
Epoch 99/300

 1/11 [=>............................] - ETA: 0s - loss: 0.0736
 3/11 [=======>......................] - ETA: 0s - loss: 0.0665
 5/11 [============>.................] - ETA: 0s - loss: 0.0610
 6/11 [===============>..............] - ETA: 0s - loss: 0.0623
 8/11 [====================>.........] - ETA: 0s - loss: 0.0665
10/11 [==========================>...] - ETA: 0s - loss: 0.0656
11/11 [==============================] - 0s 35ms/step - loss: 0.0657
Epoch 100/300

 1/11 [=>............................] - ETA: 0s - loss: 0.0811
 3/11 [=======>......................] - ETA: 0s - loss: 0.0805
 5/11 [============>.................] - ETA: 0s - loss: 0.0818
 7/11 [==================>...........] - ETA: 0s - loss: 0.0774
 9/11 [=======================>......] - ETA: 0s - loss: 0.0769
11/11 [==============================] - ETA: 0s - loss: 0.0742
11/11 [==============================] - 0s 37ms/step - loss: 0.0742
Epoch 101/300

 1/11 [=>............................] - ETA: 0s - loss: 0.0523
 3/11 [=======>......................] - ETA: 0s - loss: 0.0730
 5/11 [============>.................] - ETA: 0s - loss: 0.0744
 7/11 [==================>...........] - ETA: 0s - loss: 0.0748
 9/11 [=======================>......] - ETA: 0s - loss: 0.0736
11/11 [==============================] - ETA: 0s - loss: 0.0735
11/11 [==============================] - 0s 36ms/step - loss: 0.0735
Epoch 102/300

 1/11 [=>............................] - ETA: 0s - loss: 0.0618
 3/11 [=======>......................] - ETA: 0s - loss: 0.0783
 5/11 [============>.................] - ETA: 0s - loss: 0.0839
 7/11 [==================>...........] - ETA: 0s - loss: 0.0808
 9/11 [=======================>......] - ETA: 0s - loss: 0.0761
11/11 [==============================] - ETA: 0s - loss: 0.0750
11/11 [==============================] - 0s 36ms/step - loss: 0.0750
Epoch 103/300

 1/11 [=>............................] - ETA: 0s - loss: 0.0674
 3/11 [=======>......................] - ETA: 0s - loss: 0.0837
 5/11 [============>.................] - ETA: 0s - loss: 0.0800
 7/11 [==================>...........] - ETA: 0s - loss: 0.0775
 9/11 [=======================>......] - ETA: 0s - loss: 0.0757
11/11 [==============================] - ETA: 0s - loss: 0.0730
11/11 [==============================] - 0s 35ms/step - loss: 0.0730
Epoch 104/300

 1/11 [=>............................] - ETA: 0s - loss: 0.0644
 3/11 [=======>......................] - ETA: 0s - loss: 0.0744
 5/11 [============>.................] - ETA: 0s - loss: 0.0716
 7/11 [==================>...........] - ETA: 0s - loss: 0.0712
 9/11 [=======================>......] - ETA: 0s - loss: 0.0682
11/11 [==============================] - ETA: 0s - loss: 0.0713
11/11 [==============================] - 0s 36ms/step - loss: 0.0713
Epoch 105/300

 1/11 [=>............................] - ETA: 0s - loss: 0.0617
 3/11 [=======>......................] - ETA: 0s - loss: 0.0624
 5/11 [============>.................] - ETA: 0s - loss: 0.0622
 7/11 [==================>...........] - ETA: 0s - loss: 0.0631
 9/11 [=======================>......] - ETA: 0s - loss: 0.0649
11/11 [==============================] - ETA: 0s - loss: 0.0667
11/11 [==============================] - 0s 36ms/step - loss: 0.0667
Epoch 106/300

 1/11 [=>............................] - ETA: 0s - loss: 0.0596
 3/11 [=======>......................] - ETA: 0s - loss: 0.0620
 5/11 [============>.................] - ETA: 0s - loss: 0.0624
 7/11 [==================>...........] - ETA: 0s - loss: 0.0613
 9/11 [=======================>......] - ETA: 0s - loss: 0.0616
11/11 [==============================] - ETA: 0s - loss: 0.0620
11/11 [==============================] - 0s 35ms/step - loss: 0.0620
Epoch 107/300

 1/11 [=>............................] - ETA: 0s - loss: 0.0655
 3/11 [=======>......................] - ETA: 0s - loss: 0.0659
 5/11 [============>.................] - ETA: 0s - loss: 0.0642
 7/11 [==================>...........] - ETA: 0s - loss: 0.0686
 9/11 [=======================>......] - ETA: 0s - loss: 0.0700
11/11 [==============================] - ETA: 0s - loss: 0.0706
11/11 [==============================] - 0s 37ms/step - loss: 0.0706
Epoch 108/300

 1/11 [=>............................] - ETA: 0s - loss: 0.0763
 3/11 [=======>......................] - ETA: 0s - loss: 0.0761
 5/11 [============>.................] - ETA: 0s - loss: 0.0747
 7/11 [==================>...........] - ETA: 0s - loss: 0.0745
 9/11 [=======================>......] - ETA: 0s - loss: 0.0725
11/11 [==============================] - ETA: 0s - loss: 0.0725
11/11 [==============================] - 0s 36ms/step - loss: 0.0725
Epoch 109/300

 1/11 [=>............................] - ETA: 0s - loss: 0.0693
 3/11 [=======>......................] - ETA: 0s - loss: 0.0706
 5/11 [============>.................] - ETA: 0s - loss: 0.0713
 7/11 [==================>...........] - ETA: 0s - loss: 0.0734
 9/11 [=======================>......] - ETA: 0s - loss: 0.0729
11/11 [==============================] - ETA: 0s - loss: 0.0717
11/11 [==============================] - 0s 36ms/step - loss: 0.0717
Epoch 110/300

 1/11 [=>............................] - ETA: 0s - loss: 0.0906
 3/11 [=======>......................] - ETA: 0s - loss: 0.0783
 5/11 [============>.................] - ETA: 0s - loss: 0.0756
 7/11 [==================>...........] - ETA: 0s - loss: 0.0726
 9/11 [=======================>......] - ETA: 0s - loss: 0.0712
11/11 [==============================] - ETA: 0s - loss: 0.0701
11/11 [==============================] - 0s 35ms/step - loss: 0.0701
Epoch 111/300

 1/11 [=>............................] - ETA: 0s - loss: 0.0518
 3/11 [=======>......................] - ETA: 0s - loss: 0.0650
 5/11 [============>.................] - ETA: 0s - loss: 0.0703
 7/11 [==================>...........] - ETA: 0s - loss: 0.0702
 9/11 [=======================>......] - ETA: 0s - loss: 0.0705
11/11 [==============================] - ETA: 0s - loss: 0.0705
11/11 [==============================] - 0s 36ms/step - loss: 0.0705
Epoch 112/300

 1/11 [=>............................] - ETA: 0s - loss: 0.0782
 3/11 [=======>......................] - ETA: 0s - loss: 0.0768
 5/11 [============>.................] - ETA: 0s - loss: 0.0737
 7/11 [==================>...........] - ETA: 0s - loss: 0.0693
 9/11 [=======================>......] - ETA: 0s - loss: 0.0689
11/11 [==============================] - ETA: 0s - loss: 0.0684
11/11 [==============================] - 0s 37ms/step - loss: 0.0684
Epoch 113/300

 1/11 [=>............................] - ETA: 0s - loss: 0.0739
 3/11 [=======>......................] - ETA: 0s - loss: 0.0814
 5/11 [============>.................] - ETA: 0s - loss: 0.0720
 7/11 [==================>...........] - ETA: 0s - loss: 0.0684
 9/11 [=======================>......] - ETA: 0s - loss: 0.0691
11/11 [==============================] - ETA: 0s - loss: 0.0669
11/11 [==============================] - 0s 36ms/step - loss: 0.0669
Epoch 114/300

 1/11 [=>............................] - ETA: 0s - loss: 0.0638
 3/11 [=======>......................] - ETA: 0s - loss: 0.0712
 5/11 [============>.................] - ETA: 0s - loss: 0.0742
 7/11 [==================>...........] - ETA: 0s - loss: 0.0714
 9/11 [=======================>......] - ETA: 0s - loss: 0.0723
11/11 [==============================] - ETA: 0s - loss: 0.0707
11/11 [==============================] - 0s 36ms/step - loss: 0.0707
Epoch 115/300

 1/11 [=>............................] - ETA: 0s - loss: 0.0518
 3/11 [=======>......................] - ETA: 0s - loss: 0.0626
 5/11 [============>.................] - ETA: 0s - loss: 0.0618
 7/11 [==================>...........] - ETA: 0s - loss: 0.0657
 9/11 [=======================>......] - ETA: 0s - loss: 0.0668
11/11 [==============================] - ETA: 0s - loss: 0.0678
11/11 [==============================] - 0s 36ms/step - loss: 0.0678
Epoch 116/300

 1/11 [=>............................] - ETA: 0s - loss: 0.0584
 3/11 [=======>......................] - ETA: 0s - loss: 0.0713
 5/11 [============>.................] - ETA: 0s - loss: 0.0724
 7/11 [==================>...........] - ETA: 0s - loss: 0.0707
 9/11 [=======================>......] - ETA: 0s - loss: 0.0733
11/11 [==============================] - ETA: 0s - loss: 0.0715
11/11 [==============================] - 0s 36ms/step - loss: 0.0715
Epoch 117/300

 1/11 [=>............................] - ETA: 0s - loss: 0.0681
 3/11 [=======>......................] - ETA: 0s - loss: 0.0719
 5/11 [============>.................] - ETA: 0s - loss: 0.0739
 7/11 [==================>...........] - ETA: 0s - loss: 0.0716
 9/11 [=======================>......] - ETA: 0s - loss: 0.0721
11/11 [==============================] - ETA: 0s - loss: 0.0716
11/11 [==============================] - 0s 36ms/step - loss: 0.0716
Epoch 118/300

 1/11 [=>............................] - ETA: 0s - loss: 0.0681
 3/11 [=======>......................] - ETA: 0s - loss: 0.0684
 5/11 [============>.................] - ETA: 0s - loss: 0.0744
 7/11 [==================>...........] - ETA: 0s - loss: 0.0738
 9/11 [=======================>......] - ETA: 0s - loss: 0.0739
11/11 [==============================] - ETA: 0s - loss: 0.0711
11/11 [==============================] - 0s 36ms/step - loss: 0.0711
Epoch 119/300

 1/11 [=>............................] - ETA: 0s - loss: 0.0662
 3/11 [=======>......................] - ETA: 0s - loss: 0.0577
 5/11 [============>.................] - ETA: 0s - loss: 0.0675
 7/11 [==================>...........] - ETA: 0s - loss: 0.0684
 9/11 [=======================>......] - ETA: 0s - loss: 0.0673
11/11 [==============================] - ETA: 0s - loss: 0.0675
11/11 [==============================] - 0s 36ms/step - loss: 0.0675
Epoch 120/300

 1/11 [=>............................] - ETA: 0s - loss: 0.0641
 3/11 [=======>......................] - ETA: 0s - loss: 0.0697
 5/11 [============>.................] - ETA: 0s - loss: 0.0738
 7/11 [==================>...........] - ETA: 0s - loss: 0.0736
 9/11 [=======================>......] - ETA: 0s - loss: 0.0687
11/11 [==============================] - ETA: 0s - loss: 0.0697
11/11 [==============================] - 0s 36ms/step - loss: 0.0697
Epoch 121/300

 1/11 [=>............................] - ETA: 0s - loss: 0.0692
 3/11 [=======>......................] - ETA: 0s - loss: 0.0771
 5/11 [============>.................] - ETA: 0s - loss: 0.0720
 7/11 [==================>...........] - ETA: 0s - loss: 0.0704
 9/11 [=======================>......] - ETA: 0s - loss: 0.0684
11/11 [==============================] - ETA: 0s - loss: 0.0691
11/11 [==============================] - 0s 36ms/step - loss: 0.0691
Epoch 122/300

 1/11 [=>............................] - ETA: 0s - loss: 0.0703
 3/11 [=======>......................] - ETA: 0s - loss: 0.0686
 5/11 [============>.................] - ETA: 0s - loss: 0.0665
 7/11 [==================>...........] - ETA: 0s - loss: 0.0674
 9/11 [=======================>......] - ETA: 0s - loss: 0.0703
11/11 [==============================] - ETA: 0s - loss: 0.0697
11/11 [==============================] - 0s 36ms/step - loss: 0.0697
Epoch 123/300

 1/11 [=>............................] - ETA: 0s - loss: 0.1015
 3/11 [=======>......................] - ETA: 0s - loss: 0.0725
 5/11 [============>.................] - ETA: 0s - loss: 0.0678
 7/11 [==================>...........] - ETA: 0s - loss: 0.0694
 9/11 [=======================>......] - ETA: 0s - loss: 0.0678
10/11 [==========================>...] - ETA: 0s - loss: 0.0670
11/11 [==============================] - 0s 39ms/step - loss: 0.0682
Epoch 124/300

 1/11 [=>............................] - ETA: 0s - loss: 0.0663
 3/11 [=======>......................] - ETA: 0s - loss: 0.0654
 5/11 [============>.................] - ETA: 0s - loss: 0.0698
 7/11 [==================>...........] - ETA: 0s - loss: 0.0734
 9/11 [=======================>......] - ETA: 0s - loss: 0.0757
11/11 [==============================] - ETA: 0s - loss: 0.0746
11/11 [==============================] - 0s 37ms/step - loss: 0.0746
Epoch 125/300

 1/11 [=>............................] - ETA: 0s - loss: 0.0673
 3/11 [=======>......................] - ETA: 0s - loss: 0.0555
 5/11 [============>.................] - ETA: 0s - loss: 0.0581
 7/11 [==================>...........] - ETA: 0s - loss: 0.0592
 9/11 [=======================>......] - ETA: 0s - loss: 0.0613
11/11 [==============================] - ETA: 0s - loss: 0.0628
11/11 [==============================] - 0s 40ms/step - loss: 0.0628
Epoch 126/300

 1/11 [=>............................] - ETA: 0s - loss: 0.0619
 3/11 [=======>......................] - ETA: 0s - loss: 0.0710
 5/11 [============>.................] - ETA: 0s - loss: 0.0690
 7/11 [==================>...........] - ETA: 0s - loss: 0.0682
 9/11 [=======================>......] - ETA: 0s - loss: 0.0673
11/11 [==============================] - ETA: 0s - loss: 0.0688
11/11 [==============================] - 0s 36ms/step - loss: 0.0688
Epoch 126: early stopping

 1/11 [=>............................] - ETA: 6s
 9/11 [=======================>......] - ETA: 0s
11/11 [==============================] - 1s 8ms/step
指標 CSV を保存: C:\Users\Casper4\Python\ueki\shibasaki\研究\Pool_boiling\Subcooling_20_degrees\0.3\2025.07.09_0.3_1\regression_result\npy\conformer\20260702_cfa3\heatflux_no_noise\maxfreq=22kHz\e300_t7d256k7b4_conformer\metrics_summary_no_noise.csv
tuning summary saved: C:\Users\Casper4\Python\ueki\shibasaki\研究\Pool_boiling\Subcooling_20_degrees\0.3\2025.07.09_0.3_1\regression_result\npy\conformer\20260702_cfa3\tuning_summary.csv

========================================
dataset 3/3 | 2025.06.11_0.3_2 | maxfreq=22kHz | heatflux_no_noise
data_path=C:\Users\Casper4\Python\ueki\shibasaki\研究\Pool_boiling\Subcooling_20_degrees\0.3\2025.06.11_0.3_2\data\npy\waterflow_20260629_1s\maxfreq=22kHz\heatflux_no_noise
threshold=266907.6965
読み込みスタート
x shape: (1080, 224, 224, 1) | y shape: (1080,) | 読み込み 0.73 秒
parameter_set=t7d256k7b4 | model_params={'conformer': {'lr': 0.0001, 'batch_size': 64, 'early_stopping': True, 'builder_params': {'model_dim': 256, 'attention_key_dim': 64, 'num_heads': 4, 'ff_dim': 2048, 'num_conformer_blocks': 4, 'conv_kernel_size': 7, 'dropout': 0.2, 'time_reduction': 32, 'frontend_filters': [96, 256, 384, 384, 256]}, 'input_axes_assumption': ['time_frame', 'frequency_bin', 'channel'], 'architecture': {'front_end': 'alexnet_like_cnn_with_configurable_time_reduction', 'sequence_length_after_cnn': '224 / time_reduction', 'encoder': 'conformer_block', 'model_dim': 256, 'attention_key_dim': 64, 'num_heads': 4, 'ff_dim': 2048, 'conv_kernel_size': 31, 'pooling': 'AttentionPooling'}}}
run_dir=e300_t7d256k7b4_conformer
  params for conformer: lr=0.0001, batch_size=64
[Conformer] Fold 1/3 学習開始
Epoch 1/300

 1/12 [=>............................] - ETA: 1:10 - loss: 0.8032
 3/12 [======>.......................] - ETA: 0s - loss: 0.9244  
 5/12 [===========>..................] - ETA: 0s - loss: 0.7673
 7/12 [================>.............] - ETA: 0s - loss: 0.7011
 9/12 [=====================>........] - ETA: 0s - loss: 0.6272
10/12 [========================>.....] - ETA: 0s - loss: 0.5985
12/12 [==============================] - ETA: 0s - loss: 0.5714
12/12 [==============================] - 7s 36ms/step - loss: 0.5714
Epoch 2/300

 1/12 [=>............................] - ETA: 0s - loss: 0.3341
 3/12 [======>.......................] - ETA: 0s - loss: 0.3538
 5/12 [===========>..................] - ETA: 0s - loss: 0.3703
 7/12 [================>.............] - ETA: 0s - loss: 0.3644
 9/12 [=====================>........] - ETA: 0s - loss: 0.3570
11/12 [==========================>...] - ETA: 0s - loss: 0.3440
12/12 [==============================] - 0s 35ms/step - loss: 0.3414
Epoch 3/300

 1/12 [=>............................] - ETA: 0s - loss: 0.2962
 3/12 [======>.......................] - ETA: 0s - loss: 0.2875
 5/12 [===========>..................] - ETA: 0s - loss: 0.2605
 7/12 [================>.............] - ETA: 0s - loss: 0.2646
 9/12 [=====================>........] - ETA: 0s - loss: 0.2643
11/12 [==========================>...] - ETA: 0s - loss: 0.2602
12/12 [==============================] - 0s 36ms/step - loss: 0.2605
Epoch 4/300

 1/12 [=>............................] - ETA: 0s - loss: 0.2065
 3/12 [======>.......................] - ETA: 0s - loss: 0.2291
 5/12 [===========>..................] - ETA: 0s - loss: 0.2294
 7/12 [================>.............] - ETA: 0s - loss: 0.2333
 9/12 [=====================>........] - ETA: 0s - loss: 0.2307
11/12 [==========================>...] - ETA: 0s - loss: 0.2282
12/12 [==============================] - 0s 35ms/step - loss: 0.2319
Epoch 5/300

 1/12 [=>............................] - ETA: 0s - loss: 0.2485
 3/12 [======>.......................] - ETA: 0s - loss: 0.2210
 5/12 [===========>..................] - ETA: 0s - loss: 0.2101
 7/12 [================>.............] - ETA: 0s - loss: 0.2199
 9/12 [=====================>........] - ETA: 0s - loss: 0.2252
11/12 [==========================>...] - ETA: 0s - loss: 0.2228
12/12 [==============================] - 0s 35ms/step - loss: 0.2242
Epoch 6/300

 1/12 [=>............................] - ETA: 0s - loss: 0.1862
 3/12 [======>.......................] - ETA: 0s - loss: 0.2071
 5/12 [===========>..................] - ETA: 0s - loss: 0.2084
 7/12 [================>.............] - ETA: 0s - loss: 0.2080
 9/12 [=====================>........] - ETA: 0s - loss: 0.2108
11/12 [==========================>...] - ETA: 0s - loss: 0.2141
12/12 [==============================] - 0s 36ms/step - loss: 0.2142
Epoch 7/300

 1/12 [=>............................] - ETA: 0s - loss: 0.2149
 3/12 [======>.......................] - ETA: 0s - loss: 0.2067
 5/12 [===========>..................] - ETA: 0s - loss: 0.1977
 7/12 [================>.............] - ETA: 0s - loss: 0.2102
 9/12 [=====================>........] - ETA: 0s - loss: 0.2151
11/12 [==========================>...] - ETA: 0s - loss: 0.2176
12/12 [==============================] - 0s 34ms/step - loss: 0.2161
Epoch 8/300

 1/12 [=>............................] - ETA: 0s - loss: 0.2364
 3/12 [======>.......................] - ETA: 0s - loss: 0.2043
 5/12 [===========>..................] - ETA: 0s - loss: 0.2069
 7/12 [================>.............] - ETA: 0s - loss: 0.2112
 9/12 [=====================>........] - ETA: 0s - loss: 0.2094
11/12 [==========================>...] - ETA: 0s - loss: 0.2106
12/12 [==============================] - 0s 35ms/step - loss: 0.2114
Epoch 9/300

 1/12 [=>............................] - ETA: 0s - loss: 0.1751
 3/12 [======>.......................] - ETA: 0s - loss: 0.1612
 5/12 [===========>..................] - ETA: 0s - loss: 0.1712
 7/12 [================>.............] - ETA: 0s - loss: 0.1735
 9/12 [=====================>........] - ETA: 0s - loss: 0.1800
11/12 [==========================>...] - ETA: 0s - loss: 0.1861
12/12 [==============================] - 0s 35ms/step - loss: 0.1856
Epoch 10/300

 1/12 [=>............................] - ETA: 0s - loss: 0.1793
 3/12 [======>.......................] - ETA: 0s - loss: 0.1700
 5/12 [===========>..................] - ETA: 0s - loss: 0.1923
 7/12 [================>.............] - ETA: 0s - loss: 0.1844
 9/12 [=====================>........] - ETA: 0s - loss: 0.1834
11/12 [==========================>...] - ETA: 0s - loss: 0.1810
12/12 [==============================] - 0s 34ms/step - loss: 0.1801
Epoch 11/300

 1/12 [=>............................] - ETA: 0s - loss: 0.1721
 3/12 [======>.......................] - ETA: 0s - loss: 0.1933
 5/12 [===========>..................] - ETA: 0s - loss: 0.1747
 7/12 [================>.............] - ETA: 0s - loss: 0.1766
 9/12 [=====================>........] - ETA: 0s - loss: 0.1859
11/12 [==========================>...] - ETA: 0s - loss: 0.1845
12/12 [==============================] - 0s 35ms/step - loss: 0.1848
Epoch 12/300

 1/12 [=>............................] - ETA: 0s - loss: 0.1579
 3/12 [======>.......................] - ETA: 0s - loss: 0.1752
 5/12 [===========>..................] - ETA: 0s - loss: 0.1672
 7/12 [================>.............] - ETA: 0s - loss: 0.1735
 9/12 [=====================>........] - ETA: 0s - loss: 0.1715
11/12 [==========================>...] - ETA: 0s - loss: 0.1722
12/12 [==============================] - 0s 36ms/step - loss: 0.1742
Epoch 13/300

 1/12 [=>............................] - ETA: 0s - loss: 0.1981
 3/12 [======>.......................] - ETA: 0s - loss: 0.1727
 5/12 [===========>..................] - ETA: 0s - loss: 0.1692
 7/12 [================>.............] - ETA: 0s - loss: 0.1693
 9/12 [=====================>........] - ETA: 0s - loss: 0.1659
11/12 [==========================>...] - ETA: 0s - loss: 0.1613
12/12 [==============================] - 0s 36ms/step - loss: 0.1619
Epoch 14/300

 1/12 [=>............................] - ETA: 0s - loss: 0.2193
 3/12 [======>.......................] - ETA: 0s - loss: 0.1851
 5/12 [===========>..................] - ETA: 0s - loss: 0.1616
 7/12 [================>.............] - ETA: 0s - loss: 0.1569
 9/12 [=====================>........] - ETA: 0s - loss: 0.1653
11/12 [==========================>...] - ETA: 0s - loss: 0.1653
12/12 [==============================] - 0s 36ms/step - loss: 0.1629
Epoch 15/300

 1/12 [=>............................] - ETA: 0s - loss: 0.1066
 3/12 [======>.......................] - ETA: 0s - loss: 0.1404
 5/12 [===========>..................] - ETA: 0s - loss: 0.1453
 7/12 [================>.............] - ETA: 0s - loss: 0.1480
 9/12 [=====================>........] - ETA: 0s - loss: 0.1438
11/12 [==========================>...] - ETA: 0s - loss: 0.1476
12/12 [==============================] - 0s 38ms/step - loss: 0.1498
Epoch 16/300

 1/12 [=>............................] - ETA: 0s - loss: 0.2087
 3/12 [======>.......................] - ETA: 0s - loss: 0.1663
 5/12 [===========>..................] - ETA: 0s - loss: 0.1644
 7/12 [================>.............] - ETA: 0s - loss: 0.1658
 9/12 [=====================>........] - ETA: 0s - loss: 0.1600
11/12 [==========================>...] - ETA: 0s - loss: 0.1545
12/12 [==============================] - 0s 35ms/step - loss: 0.1538
Epoch 17/300

 1/12 [=>............................] - ETA: 0s - loss: 0.1434
 3/12 [======>.......................] - ETA: 0s - loss: 0.1305
 5/12 [===========>..................] - ETA: 0s - loss: 0.1453
 7/12 [================>.............] - ETA: 0s - loss: 0.1470
 9/12 [=====================>........] - ETA: 0s - loss: 0.1456
11/12 [==========================>...] - ETA: 0s - loss: 0.1437
12/12 [==============================] - 0s 35ms/step - loss: 0.1437
Epoch 18/300

 1/12 [=>............................] - ETA: 0s - loss: 0.1113
 3/12 [======>.......................] - ETA: 0s - loss: 0.1310
 5/12 [===========>..................] - ETA: 0s - loss: 0.1361
 7/12 [================>.............] - ETA: 0s - loss: 0.1417
 9/12 [=====================>........] - ETA: 0s - loss: 0.1454
11/12 [==========================>...] - ETA: 0s - loss: 0.1430
12/12 [==============================] - 0s 35ms/step - loss: 0.1423
Epoch 19/300

 1/12 [=>............................] - ETA: 0s - loss: 0.1412
 3/12 [======>.......................] - ETA: 0s - loss: 0.1603
 5/12 [===========>..................] - ETA: 0s - loss: 0.1505
 7/12 [================>.............] - ETA: 0s - loss: 0.1479
 9/12 [=====================>........] - ETA: 0s - loss: 0.1506
11/12 [==========================>...] - ETA: 0s - loss: 0.1527
12/12 [==============================] - 0s 34ms/step - loss: 0.1514
Epoch 20/300

 1/12 [=>............................] - ETA: 0s - loss: 0.1198
 3/12 [======>.......................] - ETA: 0s - loss: 0.1225
 5/12 [===========>..................] - ETA: 0s - loss: 0.1456
 7/12 [================>.............] - ETA: 0s - loss: 0.1503
 9/12 [=====================>........] - ETA: 0s - loss: 0.1458
11/12 [==========================>...] - ETA: 0s - loss: 0.1437
12/12 [==============================] - 0s 35ms/step - loss: 0.1431
Epoch 21/300

 1/12 [=>............................] - ETA: 0s - loss: 0.1621
 3/12 [======>.......................] - ETA: 0s - loss: 0.1438
 5/12 [===========>..................] - ETA: 0s - loss: 0.1385
 7/12 [================>.............] - ETA: 0s - loss: 0.1419
 9/12 [=====================>........] - ETA: 0s - loss: 0.1426
11/12 [==========================>...] - ETA: 0s - loss: 0.1371
12/12 [==============================] - 0s 36ms/step - loss: 0.1366
Epoch 22/300

 1/12 [=>............................] - ETA: 0s - loss: 0.1276
 3/12 [======>.......................] - ETA: 0s - loss: 0.1254
 5/12 [===========>..................] - ETA: 0s - loss: 0.1287
 7/12 [================>.............] - ETA: 0s - loss: 0.1291
 9/12 [=====================>........] - ETA: 0s - loss: 0.1270
11/12 [==========================>...] - ETA: 0s - loss: 0.1264
12/12 [==============================] - 0s 36ms/step - loss: 0.1297
Epoch 23/300

 1/12 [=>............................] - ETA: 0s - loss: 0.1689
 3/12 [======>.......................] - ETA: 0s - loss: 0.1228
 5/12 [===========>..................] - ETA: 0s - loss: 0.1277
 7/12 [================>.............] - ETA: 0s - loss: 0.1305
 9/12 [=====================>........] - ETA: 0s - loss: 0.1324
11/12 [==========================>...] - ETA: 0s - loss: 0.1323
12/12 [==============================] - 0s 35ms/step - loss: 0.1320
Epoch 24/300

 1/12 [=>............................] - ETA: 0s - loss: 0.1184
 3/12 [======>.......................] - ETA: 0s - loss: 0.1262
 5/12 [===========>..................] - ETA: 0s - loss: 0.1217
 7/12 [================>.............] - ETA: 0s - loss: 0.1227
 9/12 [=====================>........] - ETA: 0s - loss: 0.1341
11/12 [==========================>...] - ETA: 0s - loss: 0.1322
12/12 [==============================] - 0s 35ms/step - loss: 0.1341
Epoch 25/300

 1/12 [=>............................] - ETA: 0s - loss: 0.1375
 3/12 [======>.......................] - ETA: 0s - loss: 0.1240
 5/12 [===========>..................] - ETA: 0s - loss: 0.1188
 7/12 [================>.............] - ETA: 0s - loss: 0.1168
 9/12 [=====================>........] - ETA: 0s - loss: 0.1137
11/12 [==========================>...] - ETA: 0s - loss: 0.1151
12/12 [==============================] - 0s 36ms/step - loss: 0.1153
Epoch 26/300

 1/12 [=>............................] - ETA: 0s - loss: 0.1505
 3/12 [======>.......................] - ETA: 0s - loss: 0.1296
 5/12 [===========>..................] - ETA: 0s - loss: 0.1326
 6/12 [==============>...............] - ETA: 0s - loss: 0.1351
 8/12 [===================>..........] - ETA: 0s - loss: 0.1320
10/12 [========================>.....] - ETA: 0s - loss: 0.1295
12/12 [==============================] - ETA: 0s - loss: 0.1290
12/12 [==============================] - 0s 35ms/step - loss: 0.1290
Epoch 27/300

 1/12 [=>............................] - ETA: 0s - loss: 0.1261
 3/12 [======>.......................] - ETA: 0s - loss: 0.1333
 5/12 [===========>..................] - ETA: 0s - loss: 0.1271
 7/12 [================>.............] - ETA: 0s - loss: 0.1270
 9/12 [=====================>........] - ETA: 0s - loss: 0.1195
11/12 [==========================>...] - ETA: 0s - loss: 0.1208
12/12 [==============================] - 0s 35ms/step - loss: 0.1209
Epoch 28/300

 1/12 [=>............................] - ETA: 0s - loss: 0.1219
 3/12 [======>.......................] - ETA: 0s - loss: 0.1312
 5/12 [===========>..................] - ETA: 0s - loss: 0.1287
 7/12 [================>.............] - ETA: 0s - loss: 0.1266
 9/12 [=====================>........] - ETA: 0s - loss: 0.1286
11/12 [==========================>...] - ETA: 0s - loss: 0.1294
12/12 [==============================] - 0s 36ms/step - loss: 0.1288
Epoch 29/300

 1/12 [=>............................] - ETA: 0s - loss: 0.1022
 3/12 [======>.......................] - ETA: 0s - loss: 0.1173
 5/12 [===========>..................] - ETA: 0s - loss: 0.1333
 7/12 [================>.............] - ETA: 0s - loss: 0.1293
 9/12 [=====================>........] - ETA: 0s - loss: 0.1265
11/12 [==========================>...] - ETA: 0s - loss: 0.1264
12/12 [==============================] - 0s 35ms/step - loss: 0.1261
Epoch 30/300

 1/12 [=>............................] - ETA: 0s - loss: 0.1390
 3/12 [======>.......................] - ETA: 0s - loss: 0.1482
 5/12 [===========>..................] - ETA: 0s - loss: 0.1366
 7/12 [================>.............] - ETA: 0s - loss: 0.1403
 9/12 [=====================>........] - ETA: 0s - loss: 0.1350
11/12 [==========================>...] - ETA: 0s - loss: 0.1299
12/12 [==============================] - 0s 35ms/step - loss: 0.1326
Epoch 31/300

 1/12 [=>............................] - ETA: 0s - loss: 0.1040
 3/12 [======>.......................] - ETA: 0s - loss: 0.1177
 5/12 [===========>..................] - ETA: 0s - loss: 0.1047
 7/12 [================>.............] - ETA: 0s - loss: 0.1103
 9/12 [=====================>........] - ETA: 0s - loss: 0.1095
10/12 [========================>.....] - ETA: 0s - loss: 0.1109
12/12 [==============================] - 0s 35ms/step - loss: 0.1104
Epoch 32/300

 1/12 [=>............................] - ETA: 0s - loss: 0.0810
 3/12 [======>.......................] - ETA: 0s - loss: 0.1005
 5/12 [===========>..................] - ETA: 0s - loss: 0.1085
 7/12 [================>.............] - ETA: 0s - loss: 0.1080
 9/12 [=====================>........] - ETA: 0s - loss: 0.1074
11/12 [==========================>...] - ETA: 0s - loss: 0.1124
12/12 [==============================] - 0s 35ms/step - loss: 0.1122
Epoch 33/300

 1/12 [=>............................] - ETA: 0s - loss: 0.1444
 3/12 [======>.......................] - ETA: 0s - loss: 0.1163
 5/12 [===========>..................] - ETA: 0s - loss: 0.1184
 7/12 [================>.............] - ETA: 0s - loss: 0.1238
 9/12 [=====================>........] - ETA: 0s - loss: 0.1269
10/12 [========================>.....] - ETA: 0s - loss: 0.1250
12/12 [==============================] - 0s 35ms/step - loss: 0.1263
Epoch 34/300

 1/12 [=>............................] - ETA: 0s - loss: 0.1127
 3/12 [======>.......................] - ETA: 0s - loss: 0.1067
 5/12 [===========>..................] - ETA: 0s - loss: 0.1083
 7/12 [================>.............] - ETA: 0s - loss: 0.1129
 9/12 [=====================>........] - ETA: 0s - loss: 0.1179
11/12 [==========================>...] - ETA: 0s - loss: 0.1178
12/12 [==============================] - 0s 35ms/step - loss: 0.1181
Epoch 35/300

 1/12 [=>............................] - ETA: 0s - loss: 0.1261
 3/12 [======>.......................] - ETA: 0s - loss: 0.1098
 5/12 [===========>..................] - ETA: 0s - loss: 0.1056
 7/12 [================>.............] - ETA: 0s - loss: 0.1017
 9/12 [=====================>........] - ETA: 0s - loss: 0.1042
11/12 [==========================>...] - ETA: 0s - loss: 0.1065
12/12 [==============================] - 0s 35ms/step - loss: 0.1068
Epoch 36/300

 1/12 [=>............................] - ETA: 0s - loss: 0.0952
 3/12 [======>.......................] - ETA: 0s - loss: 0.1021
 5/12 [===========>..................] - ETA: 0s - loss: 0.1022
 7/12 [================>.............] - ETA: 0s - loss: 0.1020
 9/12 [=====================>........] - ETA: 0s - loss: 0.1072
11/12 [==========================>...] - ETA: 0s - loss: 0.1072
12/12 [==============================] - 0s 35ms/step - loss: 0.1091
Epoch 37/300

 1/12 [=>............................] - ETA: 0s - loss: 0.1152
 3/12 [======>.......................] - ETA: 0s - loss: 0.0992
 5/12 [===========>..................] - ETA: 0s - loss: 0.0975
 7/12 [================>.............] - ETA: 0s - loss: 0.0968
 9/12 [=====================>........] - ETA: 0s - loss: 0.0990
11/12 [==========================>...] - ETA: 0s - loss: 0.1006
12/12 [==============================] - 0s 36ms/step - loss: 0.1012
Epoch 38/300

 1/12 [=>............................] - ETA: 0s - loss: 0.1278
 3/12 [======>.......................] - ETA: 0s - loss: 0.1114
 5/12 [===========>..................] - ETA: 0s - loss: 0.1116
 7/12 [================>.............] - ETA: 0s - loss: 0.1190
 9/12 [=====================>........] - ETA: 0s - loss: 0.1145
11/12 [==========================>...] - ETA: 0s - loss: 0.1096
12/12 [==============================] - 0s 35ms/step - loss: 0.1086
Epoch 39/300

 1/12 [=>............................] - ETA: 0s - loss: 0.0863
 2/12 [====>.........................] - ETA: 0s - loss: 0.1021
 4/12 [=========>....................] - ETA: 0s - loss: 0.1010
 6/12 [==============>...............] - ETA: 0s - loss: 0.1052
 8/12 [===================>..........] - ETA: 0s - loss: 0.1065
 9/12 [=====================>........] - ETA: 0s - loss: 0.1046
11/12 [==========================>...] - ETA: 0s - loss: 0.1055
12/12 [==============================] - 0s 36ms/step - loss: 0.1057
Epoch 40/300

 1/12 [=>............................] - ETA: 0s - loss: 0.1020
 3/12 [======>.......................] - ETA: 0s - loss: 0.1203
 5/12 [===========>..................] - ETA: 0s - loss: 0.1139
 7/12 [================>.............] - ETA: 0s - loss: 0.1123
 9/12 [=====================>........] - ETA: 0s - loss: 0.1038
11/12 [==========================>...] - ETA: 0s - loss: 0.1029
12/12 [==============================] - 0s 35ms/step - loss: 0.1031
Epoch 41/300

 1/12 [=>............................] - ETA: 0s - loss: 0.1253
 3/12 [======>.......................] - ETA: 0s - loss: 0.1231
 5/12 [===========>..................] - ETA: 0s - loss: 0.1145
 7/12 [================>.............] - ETA: 0s - loss: 0.1140
 9/12 [=====================>........] - ETA: 0s - loss: 0.1074
11/12 [==========================>...] - ETA: 0s - loss: 0.1102
12/12 [==============================] - 0s 36ms/step - loss: 0.1104
Epoch 42/300

 1/12 [=>............................] - ETA: 0s - loss: 0.1084
 3/12 [======>.......................] - ETA: 0s - loss: 0.0967
 5/12 [===========>..................] - ETA: 0s - loss: 0.0941
 6/12 [==============>...............] - ETA: 0s - loss: 0.0903
 8/12 [===================>..........] - ETA: 0s - loss: 0.0977
10/12 [========================>.....] - ETA: 0s - loss: 0.1012
12/12 [==============================] - ETA: 0s - loss: 0.1007
12/12 [==============================] - 0s 35ms/step - loss: 0.1007
Epoch 43/300

 1/12 [=>............................] - ETA: 0s - loss: 0.0960
 3/12 [======>.......................] - ETA: 0s - loss: 0.1242
 5/12 [===========>..................] - ETA: 0s - loss: 0.1142
 7/12 [================>.............] - ETA: 0s - loss: 0.1080
 9/12 [=====================>........] - ETA: 0s - loss: 0.1065
11/12 [==========================>...] - ETA: 0s - loss: 0.1092
12/12 [==============================] - 0s 36ms/step - loss: 0.1081
Epoch 44/300

 1/12 [=>............................] - ETA: 0s - loss: 0.1463
 3/12 [======>.......................] - ETA: 0s - loss: 0.1183
 5/12 [===========>..................] - ETA: 0s - loss: 0.1017
 7/12 [================>.............] - ETA: 0s - loss: 0.0970
 9/12 [=====================>........] - ETA: 0s - loss: 0.0968
11/12 [==========================>...] - ETA: 0s - loss: 0.0966
12/12 [==============================] - 0s 35ms/step - loss: 0.0957
Epoch 45/300

 1/12 [=>............................] - ETA: 0s - loss: 0.1347
 3/12 [======>.......................] - ETA: 0s - loss: 0.1082
 5/12 [===========>..................] - ETA: 0s - loss: 0.1090
 7/12 [================>.............] - ETA: 0s - loss: 0.1086
 8/12 [===================>..........] - ETA: 0s - loss: 0.1042
10/12 [========================>.....] - ETA: 0s - loss: 0.1003
12/12 [==============================] - ETA: 0s - loss: 0.1031
12/12 [==============================] - 0s 35ms/step - loss: 0.1031
Epoch 46/300

 1/12 [=>............................] - ETA: 0s - loss: 0.1044
 3/12 [======>.......................] - ETA: 0s - loss: 0.1022
 5/12 [===========>..................] - ETA: 0s - loss: 0.0995
 7/12 [================>.............] - ETA: 0s - loss: 0.1005
 9/12 [=====================>........] - ETA: 0s - loss: 0.0981
11/12 [==========================>...] - ETA: 0s - loss: 0.0975
12/12 [==============================] - 0s 35ms/step - loss: 0.0990
Epoch 47/300

 1/12 [=>............................] - ETA: 0s - loss: 0.0777
 3/12 [======>.......................] - ETA: 0s - loss: 0.0830
 5/12 [===========>..................] - ETA: 0s - loss: 0.0816
 6/12 [==============>...............] - ETA: 0s - loss: 0.0797
 8/12 [===================>..........] - ETA: 0s - loss: 0.0869
10/12 [========================>.....] - ETA: 0s - loss: 0.0903
11/12 [==========================>...] - ETA: 0s - loss: 0.0887
12/12 [==============================] - 0s 35ms/step - loss: 0.0907
Epoch 48/300

 1/12 [=>............................] - ETA: 0s - loss: 0.1120
 3/12 [======>.......................] - ETA: 0s - loss: 0.0998
 5/12 [===========>..................] - ETA: 0s - loss: 0.0961
 7/12 [================>.............] - ETA: 0s - loss: 0.0963
 9/12 [=====================>........] - ETA: 0s - loss: 0.0936
11/12 [==========================>...] - ETA: 0s - loss: 0.0941
12/12 [==============================] - 0s 35ms/step - loss: 0.0947
Epoch 49/300

 1/12 [=>............................] - ETA: 0s - loss: 0.0953
 3/12 [======>.......................] - ETA: 0s - loss: 0.0997
 5/12 [===========>..................] - ETA: 0s - loss: 0.1041
 7/12 [================>.............] - ETA: 0s - loss: 0.1001
 9/12 [=====================>........] - ETA: 0s - loss: 0.0971
11/12 [==========================>...] - ETA: 0s - loss: 0.0974
12/12 [==============================] - 0s 34ms/step - loss: 0.0963
Epoch 50/300

 1/12 [=>............................] - ETA: 0s - loss: 0.0569
 3/12 [======>.......................] - ETA: 0s - loss: 0.0793
 5/12 [===========>..................] - ETA: 0s - loss: 0.0816
 7/12 [================>.............] - ETA: 0s - loss: 0.0833
 9/12 [=====================>........] - ETA: 0s - loss: 0.0876
11/12 [==========================>...] - ETA: 0s - loss: 0.0909
12/12 [==============================] - 0s 35ms/step - loss: 0.0909
Epoch 51/300

 1/12 [=>............................] - ETA: 0s - loss: 0.0919
 3/12 [======>.......................] - ETA: 0s - loss: 0.0907
 5/12 [===========>..................] - ETA: 0s - loss: 0.0952
 7/12 [================>.............] - ETA: 0s - loss: 0.0936
 9/12 [=====================>........] - ETA: 0s - loss: 0.0988
10/12 [========================>.....] - ETA: 0s - loss: 0.0976
12/12 [==============================] - ETA: 0s - loss: 0.0937
12/12 [==============================] - 0s 38ms/step - loss: 0.0937
Epoch 52/300

 1/12 [=>............................] - ETA: 0s - loss: 0.0829
 3/12 [======>.......................] - ETA: 0s - loss: 0.0914
 5/12 [===========>..................] - ETA: 0s - loss: 0.0870
 7/12 [================>.............] - ETA: 0s - loss: 0.0897
 9/12 [=====================>........] - ETA: 0s - loss: 0.0946
11/12 [==========================>...] - ETA: 0s - loss: 0.0908
12/12 [==============================] - 0s 36ms/step - loss: 0.0924
Epoch 53/300

 1/12 [=>............................] - ETA: 0s - loss: 0.0783
 3/12 [======>.......................] - ETA: 0s - loss: 0.0913
 5/12 [===========>..................] - ETA: 0s - loss: 0.0939
 7/12 [================>.............] - ETA: 0s - loss: 0.0943
 9/12 [=====================>........] - ETA: 0s - loss: 0.0891
11/12 [==========================>...] - ETA: 0s - loss: 0.0916
12/12 [==============================] - 0s 36ms/step - loss: 0.0922
Epoch 54/300

 1/12 [=>............................] - ETA: 0s - loss: 0.0698
 3/12 [======>.......................] - ETA: 0s - loss: 0.1014
 5/12 [===========>..................] - ETA: 0s - loss: 0.1021
 7/12 [================>.............] - ETA: 0s - loss: 0.1030
 9/12 [=====================>........] - ETA: 0s - loss: 0.0975
11/12 [==========================>...] - ETA: 0s - loss: 0.0937
12/12 [==============================] - 0s 37ms/step - loss: 0.0938
Epoch 55/300

 1/12 [=>............................] - ETA: 0s - loss: 0.0701
 3/12 [======>.......................] - ETA: 0s - loss: 0.0754
 5/12 [===========>..................] - ETA: 0s - loss: 0.0857
 7/12 [================>.............] - ETA: 0s - loss: 0.0877
 9/12 [=====================>........] - ETA: 0s - loss: 0.0848
11/12 [==========================>...] - ETA: 0s - loss: 0.0887
12/12 [==============================] - 0s 35ms/step - loss: 0.0885
Epoch 56/300

 1/12 [=>............................] - ETA: 0s - loss: 0.1127
 3/12 [======>.......................] - ETA: 0s - loss: 0.1013
 5/12 [===========>..................] - ETA: 0s - loss: 0.0920
 7/12 [================>.............] - ETA: 0s - loss: 0.0922
 9/12 [=====================>........] - ETA: 0s - loss: 0.0980
11/12 [==========================>...] - ETA: 0s - loss: 0.0929
12/12 [==============================] - 0s 35ms/step - loss: 0.0929
Epoch 57/300

 1/12 [=>............................] - ETA: 0s - loss: 0.1169
 3/12 [======>.......................] - ETA: 0s - loss: 0.1118
 5/12 [===========>..................] - ETA: 0s - loss: 0.1051
 7/12 [================>.............] - ETA: 0s - loss: 0.0994
 9/12 [=====================>........] - ETA: 0s - loss: 0.0965
10/12 [========================>.....] - ETA: 0s - loss: 0.0967
12/12 [==============================] - 0s 35ms/step - loss: 0.0956
Epoch 58/300

 1/12 [=>............................] - ETA: 0s - loss: 0.1069
 3/12 [======>.......................] - ETA: 0s - loss: 0.1034
 5/12 [===========>..................] - ETA: 0s - loss: 0.0982
 7/12 [================>.............] - ETA: 0s - loss: 0.0973
 9/12 [=====================>........] - ETA: 0s - loss: 0.0909
11/12 [==========================>...] - ETA: 0s - loss: 0.0905
12/12 [==============================] - 0s 36ms/step - loss: 0.0901
Epoch 59/300

 1/12 [=>............................] - ETA: 0s - loss: 0.0600
 3/12 [======>.......................] - ETA: 0s - loss: 0.0836
 5/12 [===========>..................] - ETA: 0s - loss: 0.0818
 7/12 [================>.............] - ETA: 0s - loss: 0.0810
 9/12 [=====================>........] - ETA: 0s - loss: 0.0856
11/12 [==========================>...] - ETA: 0s - loss: 0.0892
12/12 [==============================] - 0s 35ms/step - loss: 0.0887
Epoch 60/300

 1/12 [=>............................] - ETA: 0s - loss: 0.0922
 3/12 [======>.......................] - ETA: 0s - loss: 0.0918
 5/12 [===========>..................] - ETA: 0s - loss: 0.0848
 7/12 [================>.............] - ETA: 0s - loss: 0.0872
 9/12 [=====================>........] - ETA: 0s - loss: 0.0898
11/12 [==========================>...] - ETA: 0s - loss: 0.0873
12/12 [==============================] - 0s 35ms/step - loss: 0.0871
Epoch 61/300

 1/12 [=>............................] - ETA: 0s - loss: 0.0906
 3/12 [======>.......................] - ETA: 0s - loss: 0.0814
 5/12 [===========>..................] - ETA: 0s - loss: 0.0868
 7/12 [================>.............] - ETA: 0s - loss: 0.0887
 9/12 [=====================>........] - ETA: 0s - loss: 0.0900
11/12 [==========================>...] - ETA: 0s - loss: 0.0882
12/12 [==============================] - 0s 36ms/step - loss: 0.0876
Epoch 62/300

 1/12 [=>............................] - ETA: 0s - loss: 0.1065
 3/12 [======>.......................] - ETA: 0s - loss: 0.0973
 5/12 [===========>..................] - ETA: 0s - loss: 0.0868
 7/12 [================>.............] - ETA: 0s - loss: 0.0908
 9/12 [=====================>........] - ETA: 0s - loss: 0.0907
11/12 [==========================>...] - ETA: 0s - loss: 0.0904
12/12 [==============================] - 0s 36ms/step - loss: 0.0900
Epoch 63/300

 1/12 [=>............................] - ETA: 0s - loss: 0.0894
 3/12 [======>.......................] - ETA: 0s - loss: 0.0812
 5/12 [===========>..................] - ETA: 0s - loss: 0.0845
 7/12 [================>.............] - ETA: 0s - loss: 0.0879
 9/12 [=====================>........] - ETA: 0s - loss: 0.0887
11/12 [==========================>...] - ETA: 0s - loss: 0.0897
12/12 [==============================] - 0s 36ms/step - loss: 0.0895
Epoch 64/300

 1/12 [=>............................] - ETA: 0s - loss: 0.0980
 3/12 [======>.......................] - ETA: 0s - loss: 0.0853
 5/12 [===========>..................] - ETA: 0s - loss: 0.0834
 7/12 [================>.............] - ETA: 0s - loss: 0.0862
 9/12 [=====================>........] - ETA: 0s - loss: 0.0822
11/12 [==========================>...] - ETA: 0s - loss: 0.0830
12/12 [==============================] - 0s 35ms/step - loss: 0.0828
Epoch 65/300

 1/12 [=>............................] - ETA: 0s - loss: 0.0806
 3/12 [======>.......................] - ETA: 0s - loss: 0.0866
 5/12 [===========>..................] - ETA: 0s - loss: 0.0849
 7/12 [================>.............] - ETA: 0s - loss: 0.0838
 9/12 [=====================>........] - ETA: 0s - loss: 0.0870
11/12 [==========================>...] - ETA: 0s - loss: 0.0856
12/12 [==============================] - 0s 36ms/step - loss: 0.0863
Epoch 66/300

 1/12 [=>............................] - ETA: 0s - loss: 0.0598
 3/12 [======>.......................] - ETA: 0s - loss: 0.0858
 5/12 [===========>..................] - ETA: 0s - loss: 0.0852
 7/12 [================>.............] - ETA: 0s - loss: 0.0814
 9/12 [=====================>........] - ETA: 0s - loss: 0.0854
11/12 [==========================>...] - ETA: 0s - loss: 0.0854
12/12 [==============================] - 0s 36ms/step - loss: 0.0857
Epoch 67/300

 1/12 [=>............................] - ETA: 0s - loss: 0.1001
 3/12 [======>.......................] - ETA: 0s - loss: 0.0864
 5/12 [===========>..................] - ETA: 0s - loss: 0.0887
 7/12 [================>.............] - ETA: 0s - loss: 0.0859
 9/12 [=====================>........] - ETA: 0s - loss: 0.0837
11/12 [==========================>...] - ETA: 0s - loss: 0.0831
12/12 [==============================] - 0s 36ms/step - loss: 0.0829
Epoch 68/300

 1/12 [=>............................] - ETA: 0s - loss: 0.1022
 3/12 [======>.......................] - ETA: 0s - loss: 0.0853
 5/12 [===========>..................] - ETA: 0s - loss: 0.0886
 7/12 [================>.............] - ETA: 0s - loss: 0.0914
 9/12 [=====================>........] - ETA: 0s - loss: 0.0902
11/12 [==========================>...] - ETA: 0s - loss: 0.0877
12/12 [==============================] - 0s 36ms/step - loss: 0.0882
Epoch 69/300

 1/12 [=>............................] - ETA: 0s - loss: 0.0936
 3/12 [======>.......................] - ETA: 0s - loss: 0.0878
 5/12 [===========>..................] - ETA: 0s - loss: 0.0869
 7/12 [================>.............] - ETA: 0s - loss: 0.0849
 9/12 [=====================>........] - ETA: 0s - loss: 0.0877
11/12 [==========================>...] - ETA: 0s - loss: 0.0873
12/12 [==============================] - 0s 36ms/step - loss: 0.0874
Epoch 70/300

 1/12 [=>............................] - ETA: 0s - loss: 0.1022
 3/12 [======>.......................] - ETA: 0s - loss: 0.0938
 4/12 [=========>....................] - ETA: 0s - loss: 0.0888
 6/12 [==============>...............] - ETA: 0s - loss: 0.0856
 8/12 [===================>..........] - ETA: 0s - loss: 0.0819
10/12 [========================>.....] - ETA: 0s - loss: 0.0814
12/12 [==============================] - ETA: 0s - loss: 0.0827
12/12 [==============================] - 0s 36ms/step - loss: 0.0827
Epoch 71/300

 1/12 [=>............................] - ETA: 0s - loss: 0.0933
 3/12 [======>.......................] - ETA: 0s - loss: 0.0716
 5/12 [===========>..................] - ETA: 0s - loss: 0.0821
 7/12 [================>.............] - ETA: 0s - loss: 0.0797
 9/12 [=====================>........] - ETA: 0s - loss: 0.0800
11/12 [==========================>...] - ETA: 0s - loss: 0.0810
12/12 [==============================] - 0s 36ms/step - loss: 0.0813
Epoch 72/300

 1/12 [=>............................] - ETA: 0s - loss: 0.0818
 3/12 [======>.......................] - ETA: 0s - loss: 0.0753
 5/12 [===========>..................] - ETA: 0s - loss: 0.0721
 7/12 [================>.............] - ETA: 0s - loss: 0.0751
 9/12 [=====================>........] - ETA: 0s - loss: 0.0699
11/12 [==========================>...] - ETA: 0s - loss: 0.0704
12/12 [==============================] - 0s 36ms/step - loss: 0.0701
Epoch 73/300

 1/12 [=>............................] - ETA: 0s - loss: 0.0811
 2/12 [====>.........................] - ETA: 0s - loss: 0.0789
 4/12 [=========>....................] - ETA: 0s - loss: 0.0861
 6/12 [==============>...............] - ETA: 0s - loss: 0.0857
 8/12 [===================>..........] - ETA: 0s - loss: 0.0868
10/12 [========================>.....] - ETA: 0s - loss: 0.0861
12/12 [==============================] - ETA: 0s - loss: 0.0836
12/12 [==============================] - 0s 36ms/step - loss: 0.0836
Epoch 74/300

 1/12 [=>............................] - ETA: 0s - loss: 0.0646
 3/12 [======>.......................] - ETA: 0s - loss: 0.0679
 5/12 [===========>..................] - ETA: 0s - loss: 0.0739
 7/12 [================>.............] - ETA: 0s - loss: 0.0721
 9/12 [=====================>........] - ETA: 0s - loss: 0.0720
11/12 [==========================>...] - ETA: 0s - loss: 0.0710
12/12 [==============================] - 0s 35ms/step - loss: 0.0712
Epoch 75/300

 1/12 [=>............................] - ETA: 0s - loss: 0.0580
 3/12 [======>.......................] - ETA: 0s - loss: 0.0645
 5/12 [===========>..................] - ETA: 0s - loss: 0.0694
 7/12 [================>.............] - ETA: 0s - loss: 0.0701
 9/12 [=====================>........] - ETA: 0s - loss: 0.0739
11/12 [==========================>...] - ETA: 0s - loss: 0.0734
12/12 [==============================] - 0s 35ms/step - loss: 0.0736
Epoch 76/300

 1/12 [=>............................] - ETA: 0s - loss: 0.0693
 3/12 [======>.......................] - ETA: 0s - loss: 0.0711
 5/12 [===========>..................] - ETA: 0s - loss: 0.0756
 7/12 [================>.............] - ETA: 0s - loss: 0.0748
 9/12 [=====================>........] - ETA: 0s - loss: 0.0724
11/12 [==========================>...] - ETA: 0s - loss: 0.0741
12/12 [==============================] - 0s 35ms/step - loss: 0.0740
Epoch 77/300

 1/12 [=>............................] - ETA: 0s - loss: 0.0754
 3/12 [======>.......................] - ETA: 0s - loss: 0.0878
 5/12 [===========>..................] - ETA: 0s - loss: 0.0843
 7/12 [================>.............] - ETA: 0s - loss: 0.0804
 9/12 [=====================>........] - ETA: 0s - loss: 0.0789
11/12 [==========================>...] - ETA: 0s - loss: 0.0787
12/12 [==============================] - 0s 36ms/step - loss: 0.0786
Epoch 78/300

 1/12 [=>............................] - ETA: 0s - loss: 0.0805
 3/12 [======>.......................] - ETA: 0s - loss: 0.0766
 5/12 [===========>..................] - ETA: 0s - loss: 0.0735
 7/12 [================>.............] - ETA: 0s - loss: 0.0783
 9/12 [=====================>........] - ETA: 0s - loss: 0.0754
11/12 [==========================>...] - ETA: 0s - loss: 0.0768
12/12 [==============================] - 0s 35ms/step - loss: 0.0773
Epoch 79/300

 1/12 [=>............................] - ETA: 0s - loss: 0.0665
 3/12 [======>.......................] - ETA: 0s - loss: 0.0792
 5/12 [===========>..................] - ETA: 0s - loss: 0.0783
 7/12 [================>.............] - ETA: 0s - loss: 0.0808
 9/12 [=====================>........] - ETA: 0s - loss: 0.0818
11/12 [==========================>...] - ETA: 0s - loss: 0.0781
12/12 [==============================] - 0s 35ms/step - loss: 0.0791
Epoch 80/300

 1/12 [=>............................] - ETA: 0s - loss: 0.0637
 2/12 [====>.........................] - ETA: 0s - loss: 0.0695
 4/12 [=========>....................] - ETA: 0s - loss: 0.0825
 6/12 [==============>...............] - ETA: 0s - loss: 0.0761
 8/12 [===================>..........] - ETA: 0s - loss: 0.0761
10/12 [========================>.....] - ETA: 0s - loss: 0.0755
12/12 [==============================] - ETA: 0s - loss: 0.0764
12/12 [==============================] - 0s 37ms/step - loss: 0.0764
Epoch 81/300

 1/12 [=>............................] - ETA: 0s - loss: 0.0872
 3/12 [======>.......................] - ETA: 0s - loss: 0.0795
 5/12 [===========>..................] - ETA: 0s - loss: 0.0759
 7/12 [================>.............] - ETA: 0s - loss: 0.0801
 9/12 [=====================>........] - ETA: 0s - loss: 0.0795
11/12 [==========================>...] - ETA: 0s - loss: 0.0764
12/12 [==============================] - 0s 36ms/step - loss: 0.0759
Epoch 82/300

 1/12 [=>............................] - ETA: 0s - loss: 0.0782
 3/12 [======>.......................] - ETA: 0s - loss: 0.0737
 5/12 [===========>..................] - ETA: 0s - loss: 0.0753
 7/12 [================>.............] - ETA: 0s - loss: 0.0804
 9/12 [=====================>........] - ETA: 0s - loss: 0.0831
11/12 [==========================>...] - ETA: 0s - loss: 0.0801
12/12 [==============================] - 0s 36ms/step - loss: 0.0796
Epoch 83/300

 1/12 [=>............................] - ETA: 0s - loss: 0.0643
 3/12 [======>.......................] - ETA: 0s - loss: 0.0600
 5/12 [===========>..................] - ETA: 0s - loss: 0.0622
 7/12 [================>.............] - ETA: 0s - loss: 0.0681
 9/12 [=====================>........] - ETA: 0s - loss: 0.0726
11/12 [==========================>...] - ETA: 0s - loss: 0.0737
12/12 [==============================] - 0s 35ms/step - loss: 0.0750
Epoch 84/300

 1/12 [=>............................] - ETA: 0s - loss: 0.0844
 3/12 [======>.......................] - ETA: 0s - loss: 0.0755
 5/12 [===========>..................] - ETA: 0s - loss: 0.0736
 7/12 [================>.............] - ETA: 0s - loss: 0.0748
 9/12 [=====================>........] - ETA: 0s - loss: 0.0756
11/12 [==========================>...] - ETA: 0s - loss: 0.0761
12/12 [==============================] - 0s 35ms/step - loss: 0.0760
Epoch 85/300

 1/12 [=>............................] - ETA: 0s - loss: 0.0690
 3/12 [======>.......................] - ETA: 0s - loss: 0.0711
 5/12 [===========>..................] - ETA: 0s - loss: 0.0815
 7/12 [================>.............] - ETA: 0s - loss: 0.0800
 9/12 [=====================>........] - ETA: 0s - loss: 0.0797
11/12 [==========================>...] - ETA: 0s - loss: 0.0810
12/12 [==============================] - 0s 35ms/step - loss: 0.0799
Epoch 86/300

 1/12 [=>............................] - ETA: 0s - loss: 0.0717
 3/12 [======>.......................] - ETA: 0s - loss: 0.0588
 5/12 [===========>..................] - ETA: 0s - loss: 0.0683
 7/12 [================>.............] - ETA: 0s - loss: 0.0678
 9/12 [=====================>........] - ETA: 0s - loss: 0.0733
11/12 [==========================>...] - ETA: 0s - loss: 0.0766
12/12 [==============================] - 0s 35ms/step - loss: 0.0768
Epoch 87/300

 1/12 [=>............................] - ETA: 0s - loss: 0.0612
 3/12 [======>.......................] - ETA: 0s - loss: 0.0666
 5/12 [===========>..................] - ETA: 0s - loss: 0.0752
 7/12 [================>.............] - ETA: 0s - loss: 0.0760
 9/12 [=====================>........] - ETA: 0s - loss: 0.0753
11/12 [==========================>...] - ETA: 0s - loss: 0.0726
12/12 [==============================] - 0s 35ms/step - loss: 0.0727
Epoch 88/300

 1/12 [=>............................] - ETA: 0s - loss: 0.0430
 2/12 [====>.........................] - ETA: 0s - loss: 0.0742
 4/12 [=========>....................] - ETA: 0s - loss: 0.0776
 5/12 [===========>..................] - ETA: 0s - loss: 0.0774
 7/12 [================>.............] - ETA: 0s - loss: 0.0814
 8/12 [===================>..........] - ETA: 0s - loss: 0.0820
10/12 [========================>.....] - ETA: 0s - loss: 0.0820
12/12 [==============================] - ETA: 0s - loss: 0.0803
12/12 [==============================] - 0s 39ms/step - loss: 0.0803
Epoch 89/300

 1/12 [=>............................] - ETA: 0s - loss: 0.0799
 2/12 [====>.........................] - ETA: 0s - loss: 0.0758
 4/12 [=========>....................] - ETA: 0s - loss: 0.0687
 6/12 [==============>...............] - ETA: 0s - loss: 0.0683
 8/12 [===================>..........] - ETA: 0s - loss: 0.0702
10/12 [========================>.....] - ETA: 0s - loss: 0.0732
12/12 [==============================] - ETA: 0s - loss: 0.0722
12/12 [==============================] - 0s 39ms/step - loss: 0.0722
Epoch 90/300

 1/12 [=>............................] - ETA: 0s - loss: 0.0641
 3/12 [======>.......................] - ETA: 0s - loss: 0.0698
 5/12 [===========>..................] - ETA: 0s - loss: 0.0698
 7/12 [================>.............] - ETA: 0s - loss: 0.0726
 9/12 [=====================>........] - ETA: 0s - loss: 0.0709
11/12 [==========================>...] - ETA: 0s - loss: 0.0734
12/12 [==============================] - 0s 37ms/step - loss: 0.0733
Epoch 91/300

 1/12 [=>............................] - ETA: 0s - loss: 0.0650
 3/12 [======>.......................] - ETA: 0s - loss: 0.0813
 5/12 [===========>..................] - ETA: 0s - loss: 0.0813
 7/12 [================>.............] - ETA: 0s - loss: 0.0778
 9/12 [=====================>........] - ETA: 0s - loss: 0.0789
11/12 [==========================>...] - ETA: 0s - loss: 0.0746
12/12 [==============================] - 0s 36ms/step - loss: 0.0739
Epoch 92/300

 1/12 [=>............................] - ETA: 0s - loss: 0.0608
 3/12 [======>.......................] - ETA: 0s - loss: 0.0688
 5/12 [===========>..................] - ETA: 0s - loss: 0.0705
 7/12 [================>.............] - ETA: 0s - loss: 0.0728
 9/12 [=====================>........] - ETA: 0s - loss: 0.0750
11/12 [==========================>...] - ETA: 0s - loss: 0.0744
12/12 [==============================] - 0s 35ms/step - loss: 0.0742
Epoch 92: early stopping

 1/12 [=>............................] - ETA: 6s
 8/12 [===================>..........] - ETA: 0s
12/12 [==============================] - 1s 9ms/step
  params for conformer: lr=0.0001, batch_size=64
[Conformer] Fold 2/3 学習開始
Epoch 1/300

 1/12 [=>............................] - ETA: 1:08 - loss: 0.5437
 3/12 [======>.......................] - ETA: 0s - loss: 0.5953  
 5/12 [===========>..................] - ETA: 0s - loss: 0.5057
 7/12 [================>.............] - ETA: 0s - loss: 0.5067
 9/12 [=====================>........] - ETA: 0s - loss: 0.4724
11/12 [==========================>...] - ETA: 0s - loss: 0.4585
12/12 [==============================] - 7s 35ms/step - loss: 0.4551
Epoch 2/300

 1/12 [=>............................] - ETA: 0s - loss: 0.3890
 3/12 [======>.......................] - ETA: 0s - loss: 0.3964
 5/12 [===========>..................] - ETA: 0s - loss: 0.3609
 7/12 [================>.............] - ETA: 0s - loss: 0.3636
 9/12 [=====================>........] - ETA: 0s - loss: 0.3431
11/12 [==========================>...] - ETA: 0s - loss: 0.3404
12/12 [==============================] - 0s 36ms/step - loss: 0.3387
Epoch 3/300

 1/12 [=>............................] - ETA: 0s - loss: 0.3650
 3/12 [======>.......................] - ETA: 0s - loss: 0.3386
 5/12 [===========>..................] - ETA: 0s - loss: 0.3171
 7/12 [================>.............] - ETA: 0s - loss: 0.3074
 9/12 [=====================>........] - ETA: 0s - loss: 0.2978
11/12 [==========================>...] - ETA: 0s - loss: 0.2981
12/12 [==============================] - 0s 36ms/step - loss: 0.2980
Epoch 4/300

 1/12 [=>............................] - ETA: 0s - loss: 0.2895
 3/12 [======>.......................] - ETA: 0s - loss: 0.2546
 5/12 [===========>..................] - ETA: 0s - loss: 0.2572
 7/12 [================>.............] - ETA: 0s - loss: 0.2462
 9/12 [=====================>........] - ETA: 0s - loss: 0.2506
10/12 [========================>.....] - ETA: 0s - loss: 0.2475
12/12 [==============================] - ETA: 0s - loss: 0.2427
12/12 [==============================] - 0s 36ms/step - loss: 0.2427
Epoch 5/300

 1/12 [=>............................] - ETA: 0s - loss: 0.2433
 3/12 [======>.......................] - ETA: 0s - loss: 0.2440
 5/12 [===========>..................] - ETA: 0s - loss: 0.2592
 7/12 [================>.............] - ETA: 0s - loss: 0.2403
 9/12 [=====================>........] - ETA: 0s - loss: 0.2427
11/12 [==========================>...] - ETA: 0s - loss: 0.2429
12/12 [==============================] - 0s 36ms/step - loss: 0.2435
Epoch 6/300

 1/12 [=>............................] - ETA: 0s - loss: 0.1718
 3/12 [======>.......................] - ETA: 0s - loss: 0.2286
 5/12 [===========>..................] - ETA: 0s - loss: 0.2257
 7/12 [================>.............] - ETA: 0s - loss: 0.2266
 9/12 [=====================>........] - ETA: 0s - loss: 0.2261
11/12 [==========================>...] - ETA: 0s - loss: 0.2231
12/12 [==============================] - 0s 36ms/step - loss: 0.2220
Epoch 7/300

 1/12 [=>............................] - ETA: 0s - loss: 0.1941
 3/12 [======>.......................] - ETA: 0s - loss: 0.2077
 5/12 [===========>..................] - ETA: 0s - loss: 0.2115
 7/12 [================>.............] - ETA: 0s - loss: 0.2291
 9/12 [=====================>........] - ETA: 0s - loss: 0.2320
11/12 [==========================>...] - ETA: 0s - loss: 0.2253
12/12 [==============================] - 0s 36ms/step - loss: 0.2316
Epoch 8/300

 1/12 [=>............................] - ETA: 0s - loss: 0.2438
 3/12 [======>.......................] - ETA: 0s - loss: 0.2139
 4/12 [=========>....................] - ETA: 0s - loss: 0.2067
 6/12 [==============>...............] - ETA: 0s - loss: 0.2084
 8/12 [===================>..........] - ETA: 0s - loss: 0.1991
10/12 [========================>.....] - ETA: 0s - loss: 0.1947
12/12 [==============================] - ETA: 0s - loss: 0.1914
12/12 [==============================] - 0s 36ms/step - loss: 0.1914
Epoch 9/300

 1/12 [=>............................] - ETA: 0s - loss: 0.1977
 3/12 [======>.......................] - ETA: 0s - loss: 0.1915
 5/12 [===========>..................] - ETA: 0s - loss: 0.1869
 7/12 [================>.............] - ETA: 0s - loss: 0.1902
 9/12 [=====================>........] - ETA: 0s - loss: 0.1995
11/12 [==========================>...] - ETA: 0s - loss: 0.2009
12/12 [==============================] - 0s 35ms/step - loss: 0.2001
Epoch 10/300

 1/12 [=>............................] - ETA: 0s - loss: 0.1557
 3/12 [======>.......................] - ETA: 0s - loss: 0.1564
 5/12 [===========>..................] - ETA: 0s - loss: 0.1541
 6/12 [==============>...............] - ETA: 0s - loss: 0.1634
 8/12 [===================>..........] - ETA: 0s - loss: 0.1660
10/12 [========================>.....] - ETA: 0s - loss: 0.1712
11/12 [==========================>...] - ETA: 0s - loss: 0.1701
12/12 [==============================] - 0s 35ms/step - loss: 0.1691
Epoch 11/300

 1/12 [=>............................] - ETA: 0s - loss: 0.1426
 3/12 [======>.......................] - ETA: 0s - loss: 0.1499
 5/12 [===========>..................] - ETA: 0s - loss: 0.1588
 7/12 [================>.............] - ETA: 0s - loss: 0.1752
 9/12 [=====================>........] - ETA: 0s - loss: 0.1806
11/12 [==========================>...] - ETA: 0s - loss: 0.1797
12/12 [==============================] - 0s 36ms/step - loss: 0.1799
Epoch 12/300

 1/12 [=>............................] - ETA: 0s - loss: 0.1708
 3/12 [======>.......................] - ETA: 0s - loss: 0.1879
 5/12 [===========>..................] - ETA: 0s - loss: 0.1672
 7/12 [================>.............] - ETA: 0s - loss: 0.1598
 9/12 [=====================>........] - ETA: 0s - loss: 0.1734
11/12 [==========================>...] - ETA: 0s - loss: 0.1734
12/12 [==============================] - 0s 35ms/step - loss: 0.1722
Epoch 13/300

 1/12 [=>............................] - ETA: 0s - loss: 0.1620
 3/12 [======>.......................] - ETA: 0s - loss: 0.1864
 5/12 [===========>..................] - ETA: 0s - loss: 0.1774
 7/12 [================>.............] - ETA: 0s - loss: 0.1727
 9/12 [=====================>........] - ETA: 0s - loss: 0.1715
11/12 [==========================>...] - ETA: 0s - loss: 0.1681
12/12 [==============================] - 0s 35ms/step - loss: 0.1675
Epoch 14/300

 1/12 [=>............................] - ETA: 0s - loss: 0.1694
 3/12 [======>.......................] - ETA: 0s - loss: 0.1586
 5/12 [===========>..................] - ETA: 0s - loss: 0.1632
 7/12 [================>.............] - ETA: 0s - loss: 0.1627
 9/12 [=====================>........] - ETA: 0s - loss: 0.1593
11/12 [==========================>...] - ETA: 0s - loss: 0.1673
12/12 [==============================] - 0s 37ms/step - loss: 0.1687
Epoch 15/300

 1/12 [=>............................] - ETA: 0s - loss: 0.1595
 3/12 [======>.......................] - ETA: 0s - loss: 0.1369
 5/12 [===========>..................] - ETA: 0s - loss: 0.1519
 7/12 [================>.............] - ETA: 0s - loss: 0.1577
 9/12 [=====================>........] - ETA: 0s - loss: 0.1603
11/12 [==========================>...] - ETA: 0s - loss: 0.1571
12/12 [==============================] - 0s 40ms/step - loss: 0.1561
Epoch 16/300

 1/12 [=>............................] - ETA: 0s - loss: 0.1534
 3/12 [======>.......................] - ETA: 0s - loss: 0.1725
 5/12 [===========>..................] - ETA: 0s - loss: 0.1605
 7/12 [================>.............] - ETA: 0s - loss: 0.1526
 9/12 [=====================>........] - ETA: 0s - loss: 0.1560
11/12 [==========================>...] - ETA: 0s - loss: 0.1576
12/12 [==============================] - 0s 40ms/step - loss: 0.1564
Epoch 17/300

 1/12 [=>............................] - ETA: 0s - loss: 0.1241
 3/12 [======>.......................] - ETA: 0s - loss: 0.1268
 5/12 [===========>..................] - ETA: 0s - loss: 0.1341
 6/12 [==============>...............] - ETA: 0s - loss: 0.1311
 8/12 [===================>..........] - ETA: 0s - loss: 0.1281
10/12 [========================>.....] - ETA: 0s - loss: 0.1327
12/12 [==============================] - ETA: 0s - loss: 0.1362
12/12 [==============================] - 0s 37ms/step - loss: 0.1362
Epoch 18/300

 1/12 [=>............................] - ETA: 0s - loss: 0.1247
 3/12 [======>.......................] - ETA: 0s - loss: 0.1438
 5/12 [===========>..................] - ETA: 0s - loss: 0.1587
 7/12 [================>.............] - ETA: 0s - loss: 0.1599
 9/12 [=====================>........] - ETA: 0s - loss: 0.1549
11/12 [==========================>...] - ETA: 0s - loss: 0.1515
12/12 [==============================] - 0s 36ms/step - loss: 0.1511
Epoch 19/300

 1/12 [=>............................] - ETA: 0s - loss: 0.1340
 2/12 [====>.........................] - ETA: 0s - loss: 0.1589
 4/12 [=========>....................] - ETA: 0s - loss: 0.1592
 6/12 [==============>...............] - ETA: 0s - loss: 0.1624
 8/12 [===================>..........] - ETA: 0s - loss: 0.1564
10/12 [========================>.....] - ETA: 0s - loss: 0.1564
12/12 [==============================] - ETA: 0s - loss: 0.1552
12/12 [==============================] - 0s 38ms/step - loss: 0.1552
Epoch 20/300

 1/12 [=>............................] - ETA: 0s - loss: 0.1173
 3/12 [======>.......................] - ETA: 0s - loss: 0.1378
 5/12 [===========>..................] - ETA: 0s - loss: 0.1289
 7/12 [================>.............] - ETA: 0s - loss: 0.1278
 9/12 [=====================>........] - ETA: 0s - loss: 0.1262
11/12 [==========================>...] - ETA: 0s - loss: 0.1305
12/12 [==============================] - 0s 36ms/step - loss: 0.1301
Epoch 21/300

 1/12 [=>............................] - ETA: 0s - loss: 0.1186
 3/12 [======>.......................] - ETA: 0s - loss: 0.1569
 5/12 [===========>..................] - ETA: 0s - loss: 0.1445
 7/12 [================>.............] - ETA: 0s - loss: 0.1395
 9/12 [=====================>........] - ETA: 0s - loss: 0.1360
11/12 [==========================>...] - ETA: 0s - loss: 0.1369
12/12 [==============================] - 0s 36ms/step - loss: 0.1356
Epoch 22/300

 1/12 [=>............................] - ETA: 0s - loss: 0.1142
 3/12 [======>.......................] - ETA: 0s - loss: 0.1279
 5/12 [===========>..................] - ETA: 0s - loss: 0.1263
 7/12 [================>.............] - ETA: 0s - loss: 0.1260
 9/12 [=====================>........] - ETA: 0s - loss: 0.1239
11/12 [==========================>...] - ETA: 0s - loss: 0.1266
12/12 [==============================] - 0s 36ms/step - loss: 0.1276
Epoch 23/300

 1/12 [=>............................] - ETA: 0s - loss: 0.1451
 3/12 [======>.......................] - ETA: 0s - loss: 0.1273
 5/12 [===========>..................] - ETA: 0s - loss: 0.1423
 7/12 [================>.............] - ETA: 0s - loss: 0.1358
 9/12 [=====================>........] - ETA: 0s - loss: 0.1355
11/12 [==========================>...] - ETA: 0s - loss: 0.1347
12/12 [==============================] - 0s 36ms/step - loss: 0.1345
Epoch 24/300

 1/12 [=>............................] - ETA: 0s - loss: 0.1599
 3/12 [======>.......................] - ETA: 0s - loss: 0.1483
 5/12 [===========>..................] - ETA: 0s - loss: 0.1435
 7/12 [================>.............] - ETA: 0s - loss: 0.1419
 9/12 [=====================>........] - ETA: 0s - loss: 0.1455
11/12 [==========================>...] - ETA: 0s - loss: 0.1419
12/12 [==============================] - 0s 36ms/step - loss: 0.1414
Epoch 25/300

 1/12 [=>............................] - ETA: 0s - loss: 0.1446
 3/12 [======>.......................] - ETA: 0s - loss: 0.1435
 5/12 [===========>..................] - ETA: 0s - loss: 0.1255
 7/12 [================>.............] - ETA: 0s - loss: 0.1202
 9/12 [=====================>........] - ETA: 0s - loss: 0.1240
11/12 [==========================>...] - ETA: 0s - loss: 0.1234
12/12 [==============================] - 0s 35ms/step - loss: 0.1239
Epoch 26/300

 1/12 [=>............................] - ETA: 0s - loss: 0.1267
 3/12 [======>.......................] - ETA: 0s - loss: 0.1140
 5/12 [===========>..................] - ETA: 0s - loss: 0.1198
 7/12 [================>.............] - ETA: 0s - loss: 0.1304
 9/12 [=====================>........] - ETA: 0s - loss: 0.1304
11/12 [==========================>...] - ETA: 0s - loss: 0.1292
12/12 [==============================] - 0s 36ms/step - loss: 0.1287
Epoch 27/300

 1/12 [=>............................] - ETA: 0s - loss: 0.1137
 3/12 [======>.......................] - ETA: 0s - loss: 0.1381
 5/12 [===========>..................] - ETA: 0s - loss: 0.1270
 7/12 [================>.............] - ETA: 0s - loss: 0.1265
 9/12 [=====================>........] - ETA: 0s - loss: 0.1267
11/12 [==========================>...] - ETA: 0s - loss: 0.1267
12/12 [==============================] - 0s 35ms/step - loss: 0.1270
Epoch 28/300

 1/12 [=>............................] - ETA: 0s - loss: 0.1162
 3/12 [======>.......................] - ETA: 0s - loss: 0.1184
 5/12 [===========>..................] - ETA: 0s - loss: 0.1152
 7/12 [================>.............] - ETA: 0s - loss: 0.1201
 9/12 [=====================>........] - ETA: 0s - loss: 0.1142
11/12 [==========================>...] - ETA: 0s - loss: 0.1157
12/12 [==============================] - 0s 36ms/step - loss: 0.1157
Epoch 29/300

 1/12 [=>............................] - ETA: 0s - loss: 0.1090
 3/12 [======>.......................] - ETA: 0s - loss: 0.1165
 5/12 [===========>..................] - ETA: 0s - loss: 0.1277
 7/12 [================>.............] - ETA: 0s - loss: 0.1226
 9/12 [=====================>........] - ETA: 0s - loss: 0.1264
11/12 [==========================>...] - ETA: 0s - loss: 0.1287
12/12 [==============================] - 0s 36ms/step - loss: 0.1299
Epoch 30/300

 1/12 [=>............................] - ETA: 0s - loss: 0.0896
 3/12 [======>.......................] - ETA: 0s - loss: 0.1160
 5/12 [===========>..................] - ETA: 0s - loss: 0.1187
 7/12 [================>.............] - ETA: 0s - loss: 0.1152
 9/12 [=====================>........] - ETA: 0s - loss: 0.1165
11/12 [==========================>...] - ETA: 0s - loss: 0.1172
12/12 [==============================] - 0s 35ms/step - loss: 0.1171
Epoch 31/300

 1/12 [=>............................] - ETA: 0s - loss: 0.1004
 3/12 [======>.......................] - ETA: 0s - loss: 0.1053
 5/12 [===========>..................] - ETA: 0s - loss: 0.1106
 7/12 [================>.............] - ETA: 0s - loss: 0.1137
 9/12 [=====================>........] - ETA: 0s - loss: 0.1140
11/12 [==========================>...] - ETA: 0s - loss: 0.1136
12/12 [==============================] - 0s 36ms/step - loss: 0.1126
Epoch 32/300

 1/12 [=>............................] - ETA: 0s - loss: 0.1569
 3/12 [======>.......................] - ETA: 0s - loss: 0.1300
 5/12 [===========>..................] - ETA: 0s - loss: 0.1297
 7/12 [================>.............] - ETA: 0s - loss: 0.1293
 9/12 [=====================>........] - ETA: 0s - loss: 0.1274
11/12 [==========================>...] - ETA: 0s - loss: 0.1223
12/12 [==============================] - 0s 35ms/step - loss: 0.1224
Epoch 33/300

 1/12 [=>............................] - ETA: 0s - loss: 0.1267
 3/12 [======>.......................] - ETA: 0s - loss: 0.1183
 5/12 [===========>..................] - ETA: 0s - loss: 0.1264
 7/12 [================>.............] - ETA: 0s - loss: 0.1254
 9/12 [=====================>........] - ETA: 0s - loss: 0.1207
11/12 [==========================>...] - ETA: 0s - loss: 0.1208
12/12 [==============================] - 0s 35ms/step - loss: 0.1204
Epoch 34/300

 1/12 [=>............................] - ETA: 0s - loss: 0.1042
 3/12 [======>.......................] - ETA: 0s - loss: 0.1097
 5/12 [===========>..................] - ETA: 0s - loss: 0.1077
 7/12 [================>.............] - ETA: 0s - loss: 0.1078
 9/12 [=====================>........] - ETA: 0s - loss: 0.1091
11/12 [==========================>...] - ETA: 0s - loss: 0.1118
12/12 [==============================] - 0s 36ms/step - loss: 0.1119
Epoch 35/300

 1/12 [=>............................] - ETA: 0s - loss: 0.1281
 3/12 [======>.......................] - ETA: 0s - loss: 0.1125
 5/12 [===========>..................] - ETA: 0s - loss: 0.1088
 7/12 [================>.............] - ETA: 0s - loss: 0.1092
 9/12 [=====================>........] - ETA: 0s - loss: 0.1054
11/12 [==========================>...] - ETA: 0s - loss: 0.1119
12/12 [==============================] - 0s 35ms/step - loss: 0.1102
Epoch 36/300

 1/12 [=>............................] - ETA: 0s - loss: 0.0965
 3/12 [======>.......................] - ETA: 0s - loss: 0.1091
 5/12 [===========>..................] - ETA: 0s - loss: 0.1080
 7/12 [================>.............] - ETA: 0s - loss: 0.1094
 9/12 [=====================>........] - ETA: 0s - loss: 0.1121
11/12 [==========================>...] - ETA: 0s - loss: 0.1109
12/12 [==============================] - 0s 35ms/step - loss: 0.1110
Epoch 37/300

 1/12 [=>............................] - ETA: 0s - loss: 0.0865
 3/12 [======>.......................] - ETA: 0s - loss: 0.1021
 5/12 [===========>..................] - ETA: 0s - loss: 0.1068
 7/12 [================>.............] - ETA: 0s - loss: 0.1017
 9/12 [=====================>........] - ETA: 0s - loss: 0.1045
11/12 [==========================>...] - ETA: 0s - loss: 0.1037
12/12 [==============================] - 0s 36ms/step - loss: 0.1044
Epoch 38/300

 1/12 [=>............................] - ETA: 0s - loss: 0.1044
 3/12 [======>.......................] - ETA: 0s - loss: 0.0986
 5/12 [===========>..................] - ETA: 0s - loss: 0.1041
 7/12 [================>.............] - ETA: 0s - loss: 0.1077
 9/12 [=====================>........] - ETA: 0s - loss: 0.1100
11/12 [==========================>...] - ETA: 0s - loss: 0.1139
12/12 [==============================] - 0s 35ms/step - loss: 0.1141
Epoch 39/300

 1/12 [=>............................] - ETA: 0s - loss: 0.0872
 3/12 [======>.......................] - ETA: 0s - loss: 0.1001
 5/12 [===========>..................] - ETA: 0s - loss: 0.1095
 7/12 [================>.............] - ETA: 0s - loss: 0.1123
 9/12 [=====================>........] - ETA: 0s - loss: 0.1088
11/12 [==========================>...] - ETA: 0s - loss: 0.1121
12/12 [==============================] - 0s 36ms/step - loss: 0.1139
Epoch 40/300

 1/12 [=>............................] - ETA: 0s - loss: 0.1105
 3/12 [======>.......................] - ETA: 0s - loss: 0.1181
 5/12 [===========>..................] - ETA: 0s - loss: 0.1092
 7/12 [================>.............] - ETA: 0s - loss: 0.1098
 9/12 [=====================>........] - ETA: 0s - loss: 0.1087
11/12 [==========================>...] - ETA: 0s - loss: 0.1056
12/12 [==============================] - 0s 35ms/step - loss: 0.1061
Epoch 41/300

 1/12 [=>............................] - ETA: 0s - loss: 0.1204
 3/12 [======>.......................] - ETA: 0s - loss: 0.1073
 5/12 [===========>..................] - ETA: 0s - loss: 0.1116
 7/12 [================>.............] - ETA: 0s - loss: 0.1065
 9/12 [=====================>........] - ETA: 0s - loss: 0.1056
11/12 [==========================>...] - ETA: 0s - loss: 0.1019
12/12 [==============================] - 0s 35ms/step - loss: 0.1024
Epoch 42/300

 1/12 [=>............................] - ETA: 0s - loss: 0.1104
 3/12 [======>.......................] - ETA: 0s - loss: 0.1031
 5/12 [===========>..................] - ETA: 0s - loss: 0.1114
 7/12 [================>.............] - ETA: 0s - loss: 0.1179
 9/12 [=====================>........] - ETA: 0s - loss: 0.1088
11/12 [==========================>...] - ETA: 0s - loss: 0.1112
12/12 [==============================] - 0s 36ms/step - loss: 0.1103
Epoch 43/300

 1/12 [=>............................] - ETA: 0s - loss: 0.0899
 3/12 [======>.......................] - ETA: 0s - loss: 0.1133
 5/12 [===========>..................] - ETA: 0s - loss: 0.0996
 7/12 [================>.............] - ETA: 0s - loss: 0.0998
 9/12 [=====================>........] - ETA: 0s - loss: 0.1058
11/12 [==========================>...] - ETA: 0s - loss: 0.1020
12/12 [==============================] - 0s 36ms/step - loss: 0.1020
Epoch 44/300

 1/12 [=>............................] - ETA: 0s - loss: 0.1399
 3/12 [======>.......................] - ETA: 0s - loss: 0.1076
 5/12 [===========>..................] - ETA: 0s - loss: 0.1086
 7/12 [================>.............] - ETA: 0s - loss: 0.1028
 9/12 [=====================>........] - ETA: 0s - loss: 0.1065
11/12 [==========================>...] - ETA: 0s - loss: 0.1095
12/12 [==============================] - 0s 36ms/step - loss: 0.1084
Epoch 45/300

 1/12 [=>............................] - ETA: 0s - loss: 0.1213
 3/12 [======>.......................] - ETA: 0s - loss: 0.0995
 5/12 [===========>..................] - ETA: 0s - loss: 0.0997
 7/12 [================>.............] - ETA: 0s - loss: 0.1005
 9/12 [=====================>........] - ETA: 0s - loss: 0.1011
10/12 [========================>.....] - ETA: 0s - loss: 0.0977
12/12 [==============================] - 0s 35ms/step - loss: 0.0970
Epoch 46/300

 1/12 [=>............................] - ETA: 0s - loss: 0.0944
 3/12 [======>.......................] - ETA: 0s - loss: 0.1057
 5/12 [===========>..................] - ETA: 0s - loss: 0.1008
 7/12 [================>.............] - ETA: 0s - loss: 0.1106
 9/12 [=====================>........] - ETA: 0s - loss: 0.1064
11/12 [==========================>...] - ETA: 0s - loss: 0.1056
12/12 [==============================] - 0s 35ms/step - loss: 0.1046
Epoch 47/300

 1/12 [=>............................] - ETA: 0s - loss: 0.0705
 3/12 [======>.......................] - ETA: 0s - loss: 0.0936
 5/12 [===========>..................] - ETA: 0s - loss: 0.0890
 7/12 [================>.............] - ETA: 0s - loss: 0.0928
 9/12 [=====================>........] - ETA: 0s - loss: 0.0932
11/12 [==========================>...] - ETA: 0s - loss: 0.0977
12/12 [==============================] - 0s 35ms/step - loss: 0.0977
Epoch 48/300

 1/12 [=>............................] - ETA: 0s - loss: 0.0696
 3/12 [======>.......................] - ETA: 0s - loss: 0.0800
 5/12 [===========>..................] - ETA: 0s - loss: 0.0915
 7/12 [================>.............] - ETA: 0s - loss: 0.0945
 9/12 [=====================>........] - ETA: 0s - loss: 0.0963
11/12 [==========================>...] - ETA: 0s - loss: 0.0945
12/12 [==============================] - 0s 36ms/step - loss: 0.0943
Epoch 49/300

 1/12 [=>............................] - ETA: 0s - loss: 0.0968
 3/12 [======>.......................] - ETA: 0s - loss: 0.0993
 5/12 [===========>..................] - ETA: 0s - loss: 0.0956
 7/12 [================>.............] - ETA: 0s - loss: 0.0975
 9/12 [=====================>........] - ETA: 0s - loss: 0.0982
11/12 [==========================>...] - ETA: 0s - loss: 0.0980
12/12 [==============================] - 0s 35ms/step - loss: 0.0983
Epoch 50/300

 1/12 [=>............................] - ETA: 0s - loss: 0.0903
 3/12 [======>.......................] - ETA: 0s - loss: 0.0892
 5/12 [===========>..................] - ETA: 0s - loss: 0.1035
 7/12 [================>.............] - ETA: 0s - loss: 0.0977
 9/12 [=====================>........] - ETA: 0s - loss: 0.1000
11/12 [==========================>...] - ETA: 0s - loss: 0.0981
12/12 [==============================] - 0s 36ms/step - loss: 0.0967
Epoch 51/300

 1/12 [=>............................] - ETA: 0s - loss: 0.0973
 3/12 [======>.......................] - ETA: 0s - loss: 0.1074
 5/12 [===========>..................] - ETA: 0s - loss: 0.1013
 7/12 [================>.............] - ETA: 0s - loss: 0.1000
 8/12 [===================>..........] - ETA: 0s - loss: 0.1032
10/12 [========================>.....] - ETA: 0s - loss: 0.1038
12/12 [==============================] - ETA: 0s - loss: 0.1056
12/12 [==============================] - 0s 40ms/step - loss: 0.1056
Epoch 52/300

 1/12 [=>............................] - ETA: 0s - loss: 0.1220
 3/12 [======>.......................] - ETA: 0s - loss: 0.1061
 5/12 [===========>..................] - ETA: 0s - loss: 0.0927
 7/12 [================>.............] - ETA: 0s - loss: 0.0950
 9/12 [=====================>........] - ETA: 0s - loss: 0.0944
11/12 [==========================>...] - ETA: 0s - loss: 0.0929
12/12 [==============================] - 0s 38ms/step - loss: 0.0925
Epoch 53/300

 1/12 [=>............................] - ETA: 0s - loss: 0.1168
 3/12 [======>.......................] - ETA: 0s - loss: 0.1010
 5/12 [===========>..................] - ETA: 0s - loss: 0.1029
 7/12 [================>.............] - ETA: 0s - loss: 0.1016
 9/12 [=====================>........] - ETA: 0s - loss: 0.0961
11/12 [==========================>...] - ETA: 0s - loss: 0.0964
12/12 [==============================] - 0s 36ms/step - loss: 0.0959
Epoch 54/300

 1/12 [=>............................] - ETA: 0s - loss: 0.0913
 3/12 [======>.......................] - ETA: 0s - loss: 0.0848
 5/12 [===========>..................] - ETA: 0s - loss: 0.0787
 7/12 [================>.............] - ETA: 0s - loss: 0.0830
 9/12 [=====================>........] - ETA: 0s - loss: 0.0855
11/12 [==========================>...] - ETA: 0s - loss: 0.0847
12/12 [==============================] - 0s 35ms/step - loss: 0.0853
Epoch 55/300

 1/12 [=>............................] - ETA: 0s - loss: 0.1110
 3/12 [======>.......................] - ETA: 0s - loss: 0.1093
 5/12 [===========>..................] - ETA: 0s - loss: 0.1056
 7/12 [================>.............] - ETA: 0s - loss: 0.1023
 9/12 [=====================>........] - ETA: 0s - loss: 0.0972
11/12 [==========================>...] - ETA: 0s - loss: 0.0945
12/12 [==============================] - 0s 36ms/step - loss: 0.0948
Epoch 56/300

 1/12 [=>............................] - ETA: 0s - loss: 0.1083
 2/12 [====>.........................] - ETA: 0s - loss: 0.0983
 4/12 [=========>....................] - ETA: 0s - loss: 0.0917
 6/12 [==============>...............] - ETA: 0s - loss: 0.0917
 8/12 [===================>..........] - ETA: 0s - loss: 0.0892
10/12 [========================>.....] - ETA: 0s - loss: 0.0910
12/12 [==============================] - ETA: 0s - loss: 0.0903
12/12 [==============================] - 0s 38ms/step - loss: 0.0903
Epoch 57/300

 1/12 [=>............................] - ETA: 0s - loss: 0.1196
 3/12 [======>.......................] - ETA: 0s - loss: 0.1023
 5/12 [===========>..................] - ETA: 0s - loss: 0.0952
 7/12 [================>.............] - ETA: 0s - loss: 0.0958
 9/12 [=====================>........] - ETA: 0s - loss: 0.0993
11/12 [==========================>...] - ETA: 0s - loss: 0.1024
12/12 [==============================] - 0s 36ms/step - loss: 0.1019
Epoch 58/300

 1/12 [=>............................] - ETA: 0s - loss: 0.1271
 3/12 [======>.......................] - ETA: 0s - loss: 0.1082
 5/12 [===========>..................] - ETA: 0s - loss: 0.1035
 7/12 [================>.............] - ETA: 0s - loss: 0.0959
 9/12 [=====================>........] - ETA: 0s - loss: 0.0949
11/12 [==========================>...] - ETA: 0s - loss: 0.0933
12/12 [==============================] - 0s 35ms/step - loss: 0.0925
Epoch 59/300

 1/12 [=>............................] - ETA: 0s - loss: 0.0838
 3/12 [======>.......................] - ETA: 0s - loss: 0.0700
 5/12 [===========>..................] - ETA: 0s - loss: 0.0817
 7/12 [================>.............] - ETA: 0s - loss: 0.0835
 9/12 [=====================>........] - ETA: 0s - loss: 0.0858
11/12 [==========================>...] - ETA: 0s - loss: 0.0840
12/12 [==============================] - 0s 36ms/step - loss: 0.0839
Epoch 60/300

 1/12 [=>............................] - ETA: 0s - loss: 0.0721
 3/12 [======>.......................] - ETA: 0s - loss: 0.0846
 5/12 [===========>..................] - ETA: 0s - loss: 0.0829
 7/12 [================>.............] - ETA: 0s - loss: 0.0810
 8/12 [===================>..........] - ETA: 0s - loss: 0.0837
10/12 [========================>.....] - ETA: 0s - loss: 0.0813
12/12 [==============================] - ETA: 0s - loss: 0.0784
12/12 [==============================] - 0s 36ms/step - loss: 0.0784
Epoch 61/300

 1/12 [=>............................] - ETA: 0s - loss: 0.0872
 3/12 [======>.......................] - ETA: 0s - loss: 0.0815
 5/12 [===========>..................] - ETA: 0s - loss: 0.0811
 7/12 [================>.............] - ETA: 0s - loss: 0.0806
 9/12 [=====================>........] - ETA: 0s - loss: 0.0819
11/12 [==========================>...] - ETA: 0s - loss: 0.0831
12/12 [==============================] - 0s 38ms/step - loss: 0.0837
Epoch 62/300

 1/12 [=>............................] - ETA: 0s - loss: 0.0672
 3/12 [======>.......................] - ETA: 0s - loss: 0.0652
 5/12 [===========>..................] - ETA: 0s - loss: 0.0749
 7/12 [================>.............] - ETA: 0s - loss: 0.0750
 9/12 [=====================>........] - ETA: 0s - loss: 0.0759
11/12 [==========================>...] - ETA: 0s - loss: 0.0775
12/12 [==============================] - 0s 36ms/step - loss: 0.0769
Epoch 63/300

 1/12 [=>............................] - ETA: 0s - loss: 0.1173
 3/12 [======>.......................] - ETA: 0s - loss: 0.0934
 5/12 [===========>..................] - ETA: 0s - loss: 0.0862
 7/12 [================>.............] - ETA: 0s - loss: 0.0823
 9/12 [=====================>........] - ETA: 0s - loss: 0.0874
11/12 [==========================>...] - ETA: 0s - loss: 0.0877
12/12 [==============================] - 0s 36ms/step - loss: 0.0885
Epoch 64/300

 1/12 [=>............................] - ETA: 0s - loss: 0.0815
 3/12 [======>.......................] - ETA: 0s - loss: 0.0878
 5/12 [===========>..................] - ETA: 0s - loss: 0.0902
 7/12 [================>.............] - ETA: 0s - loss: 0.0879
 9/12 [=====================>........] - ETA: 0s - loss: 0.0855
11/12 [==========================>...] - ETA: 0s - loss: 0.0825
12/12 [==============================] - 0s 36ms/step - loss: 0.0825
Epoch 65/300

 1/12 [=>............................] - ETA: 0s - loss: 0.0875
 3/12 [======>.......................] - ETA: 0s - loss: 0.0828
 5/12 [===========>..................] - ETA: 0s - loss: 0.0836
 7/12 [================>.............] - ETA: 0s - loss: 0.0862
 9/12 [=====================>........] - ETA: 0s - loss: 0.0877
11/12 [==========================>...] - ETA: 0s - loss: 0.0880
12/12 [==============================] - 0s 36ms/step - loss: 0.0883
Epoch 66/300

 1/12 [=>............................] - ETA: 0s - loss: 0.1118
 2/12 [====>.........................] - ETA: 0s - loss: 0.1023
 4/12 [=========>....................] - ETA: 0s - loss: 0.0925
 6/12 [==============>...............] - ETA: 0s - loss: 0.0866
 8/12 [===================>..........] - ETA: 0s - loss: 0.0847
10/12 [========================>.....] - ETA: 0s - loss: 0.0841
12/12 [==============================] - ETA: 0s - loss: 0.0843
12/12 [==============================] - 0s 36ms/step - loss: 0.0843
Epoch 67/300

 1/12 [=>............................] - ETA: 0s - loss: 0.0862
 3/12 [======>.......................] - ETA: 0s - loss: 0.0766
 5/12 [===========>..................] - ETA: 0s - loss: 0.0780
 6/12 [==============>...............] - ETA: 0s - loss: 0.0802
 8/12 [===================>..........] - ETA: 0s - loss: 0.0834
10/12 [========================>.....] - ETA: 0s - loss: 0.0817
12/12 [==============================] - ETA: 0s - loss: 0.0796
12/12 [==============================] - 0s 36ms/step - loss: 0.0796
Epoch 68/300

 1/12 [=>............................] - ETA: 0s - loss: 0.0707
 3/12 [======>.......................] - ETA: 0s - loss: 0.0685
 5/12 [===========>..................] - ETA: 0s - loss: 0.0818
 7/12 [================>.............] - ETA: 0s - loss: 0.0781
 9/12 [=====================>........] - ETA: 0s - loss: 0.0766
11/12 [==========================>...] - ETA: 0s - loss: 0.0767
12/12 [==============================] - 0s 36ms/step - loss: 0.0769
Epoch 69/300

 1/12 [=>............................] - ETA: 0s - loss: 0.0718
 3/12 [======>.......................] - ETA: 0s - loss: 0.0767
 5/12 [===========>..................] - ETA: 0s - loss: 0.0757
 7/12 [================>.............] - ETA: 0s - loss: 0.0789
 9/12 [=====================>........] - ETA: 0s - loss: 0.0781
11/12 [==========================>...] - ETA: 0s - loss: 0.0835
12/12 [==============================] - 0s 36ms/step - loss: 0.0833
Epoch 70/300

 1/12 [=>............................] - ETA: 0s - loss: 0.0885
 3/12 [======>.......................] - ETA: 0s - loss: 0.0808
 5/12 [===========>..................] - ETA: 0s - loss: 0.0864
 7/12 [================>.............] - ETA: 0s - loss: 0.0876
 9/12 [=====================>........] - ETA: 0s - loss: 0.0842
11/12 [==========================>...] - ETA: 0s - loss: 0.0800
12/12 [==============================] - 0s 37ms/step - loss: 0.0799
Epoch 71/300

 1/12 [=>............................] - ETA: 0s - loss: 0.0780
 3/12 [======>.......................] - ETA: 0s - loss: 0.0772
 5/12 [===========>..................] - ETA: 0s - loss: 0.0790
 7/12 [================>.............] - ETA: 0s - loss: 0.0823
 9/12 [=====================>........] - ETA: 0s - loss: 0.0862
11/12 [==========================>...] - ETA: 0s - loss: 0.0866
12/12 [==============================] - 0s 36ms/step - loss: 0.0862
Epoch 72/300

 1/12 [=>............................] - ETA: 0s - loss: 0.0842
 3/12 [======>.......................] - ETA: 0s - loss: 0.0807
 5/12 [===========>..................] - ETA: 0s - loss: 0.0782
 7/12 [================>.............] - ETA: 0s - loss: 0.0823
 9/12 [=====================>........] - ETA: 0s - loss: 0.0779
11/12 [==========================>...] - ETA: 0s - loss: 0.0807
12/12 [==============================] - 0s 36ms/step - loss: 0.0801
Epoch 73/300

 1/12 [=>............................] - ETA: 0s - loss: 0.0888
 3/12 [======>.......................] - ETA: 0s - loss: 0.0869
 5/12 [===========>..................] - ETA: 0s - loss: 0.0782
 7/12 [================>.............] - ETA: 0s - loss: 0.0788
 8/12 [===================>..........] - ETA: 0s - loss: 0.0764
10/12 [========================>.....] - ETA: 0s - loss: 0.0788
12/12 [==============================] - ETA: 0s - loss: 0.0781
12/12 [==============================] - 0s 35ms/step - loss: 0.0781
Epoch 74/300

 1/12 [=>............................] - ETA: 0s - loss: 0.0803
 3/12 [======>.......................] - ETA: 0s - loss: 0.0866
 5/12 [===========>..................] - ETA: 0s - loss: 0.0804
 7/12 [================>.............] - ETA: 0s - loss: 0.0760
 9/12 [=====================>........] - ETA: 0s - loss: 0.0770
11/12 [==========================>...] - ETA: 0s - loss: 0.0783
12/12 [==============================] - 0s 36ms/step - loss: 0.0782
Epoch 75/300

 1/12 [=>............................] - ETA: 0s - loss: 0.0559
 3/12 [======>.......................] - ETA: 0s - loss: 0.0603
 5/12 [===========>..................] - ETA: 0s - loss: 0.0648
 7/12 [================>.............] - ETA: 0s - loss: 0.0699
 9/12 [=====================>........] - ETA: 0s - loss: 0.0711
11/12 [==========================>...] - ETA: 0s - loss: 0.0699
12/12 [==============================] - 0s 37ms/step - loss: 0.0705
Epoch 76/300

 1/12 [=>............................] - ETA: 0s - loss: 0.0596
 3/12 [======>.......................] - ETA: 0s - loss: 0.0675
 5/12 [===========>..................] - ETA: 0s - loss: 0.0719
 7/12 [================>.............] - ETA: 0s - loss: 0.0756
 9/12 [=====================>........] - ETA: 0s - loss: 0.0805
11/12 [==========================>...] - ETA: 0s - loss: 0.0799
12/12 [==============================] - 0s 35ms/step - loss: 0.0809
Epoch 77/300

 1/12 [=>............................] - ETA: 0s - loss: 0.0752
 3/12 [======>.......................] - ETA: 0s - loss: 0.0829
 5/12 [===========>..................] - ETA: 0s - loss: 0.0720
 7/12 [================>.............] - ETA: 0s - loss: 0.0718
 9/12 [=====================>........] - ETA: 0s - loss: 0.0724
11/12 [==========================>...] - ETA: 0s - loss: 0.0722
12/12 [==============================] - 0s 36ms/step - loss: 0.0718
Epoch 78/300

 1/12 [=>............................] - ETA: 0s - loss: 0.0701
 3/12 [======>.......................] - ETA: 0s - loss: 0.0766
 5/12 [===========>..................] - ETA: 0s - loss: 0.0765
 7/12 [================>.............] - ETA: 0s - loss: 0.0794
 9/12 [=====================>........] - ETA: 0s - loss: 0.0770
11/12 [==========================>...] - ETA: 0s - loss: 0.0765
12/12 [==============================] - 0s 35ms/step - loss: 0.0763
Epoch 79/300

 1/12 [=>............................] - ETA: 0s - loss: 0.0617
 3/12 [======>.......................] - ETA: 0s - loss: 0.0626
 5/12 [===========>..................] - ETA: 0s - loss: 0.0743
 7/12 [================>.............] - ETA: 0s - loss: 0.0753
 9/12 [=====================>........] - ETA: 0s - loss: 0.0760
11/12 [==========================>...] - ETA: 0s - loss: 0.0755
12/12 [==============================] - 0s 35ms/step - loss: 0.0757
Epoch 80/300

 1/12 [=>............................] - ETA: 0s - loss: 0.0963
 3/12 [======>.......................] - ETA: 0s - loss: 0.0847
 5/12 [===========>..................] - ETA: 0s - loss: 0.0862
 7/12 [================>.............] - ETA: 0s - loss: 0.0804
 9/12 [=====================>........] - ETA: 0s - loss: 0.0807
11/12 [==========================>...] - ETA: 0s - loss: 0.0827
12/12 [==============================] - 0s 35ms/step - loss: 0.0839
Epoch 81/300

 1/12 [=>............................] - ETA: 0s - loss: 0.0691
 3/12 [======>.......................] - ETA: 0s - loss: 0.0839
 5/12 [===========>..................] - ETA: 0s - loss: 0.0796
 7/12 [================>.............] - ETA: 0s - loss: 0.0767
 9/12 [=====================>........] - ETA: 0s - loss: 0.0768
11/12 [==========================>...] - ETA: 0s - loss: 0.0761
12/12 [==============================] - 0s 37ms/step - loss: 0.0767
Epoch 82/300

 1/12 [=>............................] - ETA: 0s - loss: 0.0588
 3/12 [======>.......................] - ETA: 0s - loss: 0.0675
 5/12 [===========>..................] - ETA: 0s - loss: 0.0658
 7/12 [================>.............] - ETA: 0s - loss: 0.0688
 9/12 [=====================>........] - ETA: 0s - loss: 0.0723
11/12 [==========================>...] - ETA: 0s - loss: 0.0739
12/12 [==============================] - 0s 36ms/step - loss: 0.0733
Epoch 83/300

 1/12 [=>............................] - ETA: 0s - loss: 0.0694
 3/12 [======>.......................] - ETA: 0s - loss: 0.0603
 5/12 [===========>..................] - ETA: 0s - loss: 0.0685
 7/12 [================>.............] - ETA: 0s - loss: 0.0665
 9/12 [=====================>........] - ETA: 0s - loss: 0.0662
11/12 [==========================>...] - ETA: 0s - loss: 0.0690
12/12 [==============================] - 0s 36ms/step - loss: 0.0684
Epoch 84/300

 1/12 [=>............................] - ETA: 0s - loss: 0.0620
 3/12 [======>.......................] - ETA: 0s - loss: 0.0648
 5/12 [===========>..................] - ETA: 0s - loss: 0.0644
 7/12 [================>.............] - ETA: 0s - loss: 0.0681
 9/12 [=====================>........] - ETA: 0s - loss: 0.0676
11/12 [==========================>...] - ETA: 0s - loss: 0.0695
12/12 [==============================] - 0s 36ms/step - loss: 0.0705
Epoch 85/300

 1/12 [=>............................] - ETA: 0s - loss: 0.0730
 3/12 [======>.......................] - ETA: 0s - loss: 0.0746
 5/12 [===========>..................] - ETA: 0s - loss: 0.0738
 7/12 [================>.............] - ETA: 0s - loss: 0.0770
 9/12 [=====================>........] - ETA: 0s - loss: 0.0765
11/12 [==========================>...] - ETA: 0s - loss: 0.0737
12/12 [==============================] - 0s 37ms/step - loss: 0.0732
Epoch 86/300

 1/12 [=>............................] - ETA: 0s - loss: 0.0670
 3/12 [======>.......................] - ETA: 0s - loss: 0.0640
 5/12 [===========>..................] - ETA: 0s - loss: 0.0654
 7/12 [================>.............] - ETA: 0s - loss: 0.0657
 9/12 [=====================>........] - ETA: 0s - loss: 0.0664
11/12 [==========================>...] - ETA: 0s - loss: 0.0692
12/12 [==============================] - 0s 36ms/step - loss: 0.0686
Epoch 87/300

 1/12 [=>............................] - ETA: 0s - loss: 0.0776
 3/12 [======>.......................] - ETA: 0s - loss: 0.0679
 5/12 [===========>..................] - ETA: 0s - loss: 0.0682
 7/12 [================>.............] - ETA: 0s - loss: 0.0718
 9/12 [=====================>........] - ETA: 0s - loss: 0.0771
11/12 [==========================>...] - ETA: 0s - loss: 0.0789
12/12 [==============================] - 0s 38ms/step - loss: 0.0798
Epoch 88/300

 1/12 [=>............................] - ETA: 0s - loss: 0.0787
 3/12 [======>.......................] - ETA: 0s - loss: 0.0683
 5/12 [===========>..................] - ETA: 0s - loss: 0.0708
 7/12 [================>.............] - ETA: 0s - loss: 0.0728
 9/12 [=====================>........] - ETA: 0s - loss: 0.0734
11/12 [==========================>...] - ETA: 0s - loss: 0.0755
12/12 [==============================] - 0s 38ms/step - loss: 0.0759
Epoch 89/300

 1/12 [=>............................] - ETA: 0s - loss: 0.0897
 3/12 [======>.......................] - ETA: 0s - loss: 0.0804
 5/12 [===========>..................] - ETA: 0s - loss: 0.0764
 7/12 [================>.............] - ETA: 0s - loss: 0.0767
 8/12 [===================>..........] - ETA: 0s - loss: 0.0746
10/12 [========================>.....] - ETA: 0s - loss: 0.0759
12/12 [==============================] - ETA: 0s - loss: 0.0757
12/12 [==============================] - 0s 38ms/step - loss: 0.0757
Epoch 90/300

 1/12 [=>............................] - ETA: 0s - loss: 0.0610
 3/12 [======>.......................] - ETA: 0s - loss: 0.0657
 5/12 [===========>..................] - ETA: 0s - loss: 0.0626
 7/12 [================>.............] - ETA: 0s - loss: 0.0649
 9/12 [=====================>........] - ETA: 0s - loss: 0.0665
11/12 [==========================>...] - ETA: 0s - loss: 0.0655
12/12 [==============================] - 0s 36ms/step - loss: 0.0649
Epoch 91/300

 1/12 [=>............................] - ETA: 0s - loss: 0.0655
 3/12 [======>.......................] - ETA: 0s - loss: 0.0720
 5/12 [===========>..................] - ETA: 0s - loss: 0.0693
 7/12 [================>.............] - ETA: 0s - loss: 0.0691
 9/12 [=====================>........] - ETA: 0s - loss: 0.0704
11/12 [==========================>...] - ETA: 0s - loss: 0.0678
12/12 [==============================] - 0s 36ms/step - loss: 0.0683
Epoch 92/300

 1/12 [=>............................] - ETA: 0s - loss: 0.0870
 3/12 [======>.......................] - ETA: 0s - loss: 0.0832
 5/12 [===========>..................] - ETA: 0s - loss: 0.0790
 7/12 [================>.............] - ETA: 0s - loss: 0.0780
 9/12 [=====================>........] - ETA: 0s - loss: 0.0749
11/12 [==========================>...] - ETA: 0s - loss: 0.0731
12/12 [==============================] - 0s 36ms/step - loss: 0.0725
Epoch 93/300

 1/12 [=>............................] - ETA: 0s - loss: 0.0919
 3/12 [======>.......................] - ETA: 0s - loss: 0.0791
 5/12 [===========>..................] - ETA: 0s - loss: 0.0825
 7/12 [================>.............] - ETA: 0s - loss: 0.0829
 9/12 [=====================>........] - ETA: 0s - loss: 0.0765
11/12 [==========================>...] - ETA: 0s - loss: 0.0758
12/12 [==============================] - 0s 36ms/step - loss: 0.0756
Epoch 94/300

 1/12 [=>............................] - ETA: 0s - loss: 0.0698
 3/12 [======>.......................] - ETA: 0s - loss: 0.0688
 5/12 [===========>..................] - ETA: 0s - loss: 0.0640
 7/12 [================>.............] - ETA: 0s - loss: 0.0620
 9/12 [=====================>........] - ETA: 0s - loss: 0.0624
11/12 [==========================>...] - ETA: 0s - loss: 0.0638
12/12 [==============================] - 0s 36ms/step - loss: 0.0638
Epoch 95/300

 1/12 [=>............................] - ETA: 0s - loss: 0.0786
 3/12 [======>.......................] - ETA: 0s - loss: 0.0665
 5/12 [===========>..................] - ETA: 0s - loss: 0.0653
 7/12 [================>.............] - ETA: 0s - loss: 0.0697
 9/12 [=====================>........] - ETA: 0s - loss: 0.0692
11/12 [==========================>...] - ETA: 0s - loss: 0.0703
12/12 [==============================] - 0s 36ms/step - loss: 0.0699
Epoch 96/300

 1/12 [=>............................] - ETA: 0s - loss: 0.0672
 3/12 [======>.......................] - ETA: 0s - loss: 0.0681
 5/12 [===========>..................] - ETA: 0s - loss: 0.0648
 7/12 [================>.............] - ETA: 0s - loss: 0.0657
 9/12 [=====================>........] - ETA: 0s - loss: 0.0658
11/12 [==========================>...] - ETA: 0s - loss: 0.0689
12/12 [==============================] - 0s 36ms/step - loss: 0.0690
Epoch 97/300

 1/12 [=>............................] - ETA: 0s - loss: 0.0862
 3/12 [======>.......................] - ETA: 0s - loss: 0.0798
 5/12 [===========>..................] - ETA: 0s - loss: 0.0722
 7/12 [================>.............] - ETA: 0s - loss: 0.0671
 9/12 [=====================>........] - ETA: 0s - loss: 0.0634
11/12 [==========================>...] - ETA: 0s - loss: 0.0641
12/12 [==============================] - 0s 36ms/step - loss: 0.0651
Epoch 98/300

 1/12 [=>............................] - ETA: 0s - loss: 0.0702
 3/12 [======>.......................] - ETA: 0s - loss: 0.0621
 5/12 [===========>..................] - ETA: 0s - loss: 0.0652
 7/12 [================>.............] - ETA: 0s - loss: 0.0638
 9/12 [=====================>........] - ETA: 0s - loss: 0.0630
11/12 [==========================>...] - ETA: 0s - loss: 0.0638
12/12 [==============================] - 0s 35ms/step - loss: 0.0636
Epoch 99/300

 1/12 [=>............................] - ETA: 0s - loss: 0.0647
 3/12 [======>.......................] - ETA: 0s - loss: 0.0666
 5/12 [===========>..................] - ETA: 0s - loss: 0.0696
 7/12 [================>.............] - ETA: 0s - loss: 0.0697
 9/12 [=====================>........] - ETA: 0s - loss: 0.0738
11/12 [==========================>...] - ETA: 0s - loss: 0.0713
12/12 [==============================] - 0s 36ms/step - loss: 0.0711
Epoch 100/300

 1/12 [=>............................] - ETA: 0s - loss: 0.0739
 3/12 [======>.......................] - ETA: 0s - loss: 0.0642
 5/12 [===========>..................] - ETA: 0s - loss: 0.0642
 7/12 [================>.............] - ETA: 0s - loss: 0.0633
 9/12 [=====================>........] - ETA: 0s - loss: 0.0644
11/12 [==========================>...] - ETA: 0s - loss: 0.0656
12/12 [==============================] - 0s 36ms/step - loss: 0.0658
Epoch 101/300

 1/12 [=>............................] - ETA: 0s - loss: 0.0684
 3/12 [======>.......................] - ETA: 0s - loss: 0.0724
 5/12 [===========>..................] - ETA: 0s - loss: 0.0631
 7/12 [================>.............] - ETA: 0s - loss: 0.0664
 9/12 [=====================>........] - ETA: 0s - loss: 0.0679
11/12 [==========================>...] - ETA: 0s - loss: 0.0679
12/12 [==============================] - 0s 35ms/step - loss: 0.0674
Epoch 102/300

 1/12 [=>............................] - ETA: 0s - loss: 0.0736
 3/12 [======>.......................] - ETA: 0s - loss: 0.0688
 5/12 [===========>..................] - ETA: 0s - loss: 0.0611
 7/12 [================>.............] - ETA: 0s - loss: 0.0616
 9/12 [=====================>........] - ETA: 0s - loss: 0.0645
11/12 [==========================>...] - ETA: 0s - loss: 0.0660
12/12 [==============================] - 0s 36ms/step - loss: 0.0657
Epoch 103/300

 1/12 [=>............................] - ETA: 0s - loss: 0.0671
 3/12 [======>.......................] - ETA: 0s - loss: 0.0625
 5/12 [===========>..................] - ETA: 0s - loss: 0.0607
 7/12 [================>.............] - ETA: 0s - loss: 0.0643
 9/12 [=====================>........] - ETA: 0s - loss: 0.0655
11/12 [==========================>...] - ETA: 0s - loss: 0.0674
12/12 [==============================] - 0s 36ms/step - loss: 0.0674
Epoch 104/300

 1/12 [=>............................] - ETA: 0s - loss: 0.0588
 3/12 [======>.......................] - ETA: 0s - loss: 0.0655
 5/12 [===========>..................] - ETA: 0s - loss: 0.0698
 7/12 [================>.............] - ETA: 0s - loss: 0.0709
 9/12 [=====================>........] - ETA: 0s - loss: 0.0656
11/12 [==========================>...] - ETA: 0s - loss: 0.0636
12/12 [==============================] - 0s 36ms/step - loss: 0.0633
Epoch 105/300

 1/12 [=>............................] - ETA: 0s - loss: 0.0529
 3/12 [======>.......................] - ETA: 0s - loss: 0.0591
 5/12 [===========>..................] - ETA: 0s - loss: 0.0640
 7/12 [================>.............] - ETA: 0s - loss: 0.0610
 9/12 [=====================>........] - ETA: 0s - loss: 0.0629
11/12 [==========================>...] - ETA: 0s - loss: 0.0617
12/12 [==============================] - 0s 37ms/step - loss: 0.0614
Epoch 106/300

 1/12 [=>............................] - ETA: 0s - loss: 0.0657
 3/12 [======>.......................] - ETA: 0s - loss: 0.0615
 5/12 [===========>..................] - ETA: 0s - loss: 0.0622
 7/12 [================>.............] - ETA: 0s - loss: 0.0633
 9/12 [=====================>........] - ETA: 0s - loss: 0.0631
11/12 [==========================>...] - ETA: 0s - loss: 0.0653
12/12 [==============================] - 0s 35ms/step - loss: 0.0652
Epoch 107/300

 1/12 [=>............................] - ETA: 0s - loss: 0.0558
 3/12 [======>.......................] - ETA: 0s - loss: 0.0670
 5/12 [===========>..................] - ETA: 0s - loss: 0.0679
 7/12 [================>.............] - ETA: 0s - loss: 0.0652
 9/12 [=====================>........] - ETA: 0s - loss: 0.0660
11/12 [==========================>...] - ETA: 0s - loss: 0.0655
12/12 [==============================] - 0s 35ms/step - loss: 0.0648
Epoch 108/300

 1/12 [=>............................] - ETA: 0s - loss: 0.0857
 3/12 [======>.......................] - ETA: 0s - loss: 0.0746
 5/12 [===========>..................] - ETA: 0s - loss: 0.0673
 7/12 [================>.............] - ETA: 0s - loss: 0.0632
 9/12 [=====================>........] - ETA: 0s - loss: 0.0636
11/12 [==========================>...] - ETA: 0s - loss: 0.0649
12/12 [==============================] - 0s 35ms/step - loss: 0.0647
Epoch 109/300

 1/12 [=>............................] - ETA: 0s - loss: 0.0639
 3/12 [======>.......................] - ETA: 0s - loss: 0.0646
 5/12 [===========>..................] - ETA: 0s - loss: 0.0650
 7/12 [================>.............] - ETA: 0s - loss: 0.0664
 9/12 [=====================>........] - ETA: 0s - loss: 0.0641
11/12 [==========================>...] - ETA: 0s - loss: 0.0648
12/12 [==============================] - 0s 36ms/step - loss: 0.0645
Epoch 110/300

 1/12 [=>............................] - ETA: 0s - loss: 0.0717
 3/12 [======>.......................] - ETA: 0s - loss: 0.0714
 5/12 [===========>..................] - ETA: 0s - loss: 0.0623
 7/12 [================>.............] - ETA: 0s - loss: 0.0622
 9/12 [=====================>........] - ETA: 0s - loss: 0.0637
11/12 [==========================>...] - ETA: 0s - loss: 0.0640
12/12 [==============================] - 0s 37ms/step - loss: 0.0632
Epoch 111/300

 1/12 [=>............................] - ETA: 0s - loss: 0.0743
 3/12 [======>.......................] - ETA: 0s - loss: 0.0644
 5/12 [===========>..................] - ETA: 0s - loss: 0.0684
 7/12 [================>.............] - ETA: 0s - loss: 0.0655
 9/12 [=====================>........] - ETA: 0s - loss: 0.0661
11/12 [==========================>...] - ETA: 0s - loss: 0.0668
12/12 [==============================] - 0s 36ms/step - loss: 0.0667
Epoch 112/300

 1/12 [=>............................] - ETA: 0s - loss: 0.0643
 3/12 [======>.......................] - ETA: 0s - loss: 0.0550
 5/12 [===========>..................] - ETA: 0s - loss: 0.0669
 7/12 [================>.............] - ETA: 0s - loss: 0.0629
 9/12 [=====================>........] - ETA: 0s - loss: 0.0651
11/12 [==========================>...] - ETA: 0s - loss: 0.0639
12/12 [==============================] - 0s 35ms/step - loss: 0.0642
Epoch 113/300

 1/12 [=>............................] - ETA: 0s - loss: 0.0572
 3/12 [======>.......................] - ETA: 0s - loss: 0.0564
 5/12 [===========>..................] - ETA: 0s - loss: 0.0613
 7/12 [================>.............] - ETA: 0s - loss: 0.0615
 9/12 [=====================>........] - ETA: 0s - loss: 0.0620
11/12 [==========================>...] - ETA: 0s - loss: 0.0645
12/12 [==============================] - 0s 35ms/step - loss: 0.0649
Epoch 114/300

 1/12 [=>............................] - ETA: 0s - loss: 0.0540
 3/12 [======>.......................] - ETA: 0s - loss: 0.0637
 5/12 [===========>..................] - ETA: 0s - loss: 0.0607
 6/12 [==============>...............] - ETA: 0s - loss: 0.0601
 8/12 [===================>..........] - ETA: 0s - loss: 0.0620
10/12 [========================>.....] - ETA: 0s - loss: 0.0607
12/12 [==============================] - ETA: 0s - loss: 0.0600
12/12 [==============================] - 0s 36ms/step - loss: 0.0600
Epoch 115/300

 1/12 [=>............................] - ETA: 0s - loss: 0.0574
 3/12 [======>.......................] - ETA: 0s - loss: 0.0624
 5/12 [===========>..................] - ETA: 0s - loss: 0.0637
 7/12 [================>.............] - ETA: 0s - loss: 0.0627
 9/12 [=====================>........] - ETA: 0s - loss: 0.0606
11/12 [==========================>...] - ETA: 0s - loss: 0.0619
12/12 [==============================] - 0s 35ms/step - loss: 0.0615
Epoch 116/300

 1/12 [=>............................] - ETA: 0s - loss: 0.0531
 3/12 [======>.......................] - ETA: 0s - loss: 0.0508
 5/12 [===========>..................] - ETA: 0s - loss: 0.0608
 7/12 [================>.............] - ETA: 0s - loss: 0.0579
 9/12 [=====================>........] - ETA: 0s - loss: 0.0599
10/12 [========================>.....] - ETA: 0s - loss: 0.0612
12/12 [==============================] - ETA: 0s - loss: 0.0621
12/12 [==============================] - 0s 35ms/step - loss: 0.0621
Epoch 117/300

 1/12 [=>............................] - ETA: 0s - loss: 0.0801
 3/12 [======>.......................] - ETA: 0s - loss: 0.0748
 5/12 [===========>..................] - ETA: 0s - loss: 0.0694
 7/12 [================>.............] - ETA: 0s - loss: 0.0687
 9/12 [=====================>........] - ETA: 0s - loss: 0.0676
11/12 [==========================>...] - ETA: 0s - loss: 0.0660
12/12 [==============================] - 0s 35ms/step - loss: 0.0663
Epoch 118/300

 1/12 [=>............................] - ETA: 0s - loss: 0.0570
 3/12 [======>.......................] - ETA: 0s - loss: 0.0579
 5/12 [===========>..................] - ETA: 0s - loss: 0.0614
 7/12 [================>.............] - ETA: 0s - loss: 0.0574
 9/12 [=====================>........] - ETA: 0s - loss: 0.0597
11/12 [==========================>...] - ETA: 0s - loss: 0.0609
12/12 [==============================] - 0s 35ms/step - loss: 0.0604
Epoch 119/300

 1/12 [=>............................] - ETA: 0s - loss: 0.0386
 3/12 [======>.......................] - ETA: 0s - loss: 0.0571
 5/12 [===========>..................] - ETA: 0s - loss: 0.0581
 7/12 [================>.............] - ETA: 0s - loss: 0.0576
 9/12 [=====================>........] - ETA: 0s - loss: 0.0575
11/12 [==========================>...] - ETA: 0s - loss: 0.0599
12/12 [==============================] - 0s 36ms/step - loss: 0.0594
Epoch 120/300

 1/12 [=>............................] - ETA: 0s - loss: 0.0524
 3/12 [======>.......................] - ETA: 0s - loss: 0.0598
 5/12 [===========>..................] - ETA: 0s - loss: 0.0637
 7/12 [================>.............] - ETA: 0s - loss: 0.0596
 9/12 [=====================>........] - ETA: 0s - loss: 0.0612
11/12 [==========================>...] - ETA: 0s - loss: 0.0600
12/12 [==============================] - 0s 36ms/step - loss: 0.0595
Epoch 121/300

 1/12 [=>............................] - ETA: 0s - loss: 0.0528
 3/12 [======>.......................] - ETA: 0s - loss: 0.0636
 5/12 [===========>..................] - ETA: 0s - loss: 0.0606
 7/12 [================>.............] - ETA: 0s - loss: 0.0590
 9/12 [=====================>........] - ETA: 0s - loss: 0.0600
11/12 [==========================>...] - ETA: 0s - loss: 0.0594
12/12 [==============================] - 0s 36ms/step - loss: 0.0595
Epoch 122/300

 1/12 [=>............................] - ETA: 0s - loss: 0.0652
 3/12 [======>.......................] - ETA: 0s - loss: 0.0663
 5/12 [===========>..................] - ETA: 0s - loss: 0.0613
 7/12 [================>.............] - ETA: 0s - loss: 0.0613
 9/12 [=====================>........] - ETA: 0s - loss: 0.0602
11/12 [==========================>...] - ETA: 0s - loss: 0.0593
12/12 [==============================] - 0s 35ms/step - loss: 0.0591
Epoch 123/300

 1/12 [=>............................] - ETA: 0s - loss: 0.0585
 3/12 [======>.......................] - ETA: 0s - loss: 0.0693
 5/12 [===========>..................] - ETA: 0s - loss: 0.0690
 7/12 [================>.............] - ETA: 0s - loss: 0.0642
 9/12 [=====================>........] - ETA: 0s - loss: 0.0633
11/12 [==========================>...] - ETA: 0s - loss: 0.0605
12/12 [==============================] - 0s 36ms/step - loss: 0.0599
Epoch 124/300

 1/12 [=>............................] - ETA: 0s - loss: 0.0701
 3/12 [======>.......................] - ETA: 0s - loss: 0.0582
 5/12 [===========>..................] - ETA: 0s - loss: 0.0612
 6/12 [==============>...............] - ETA: 0s - loss: 0.0615
 8/12 [===================>..........] - ETA: 0s - loss: 0.0598
10/12 [========================>.....] - ETA: 0s - loss: 0.0586
12/12 [==============================] - ETA: 0s - loss: 0.0595
12/12 [==============================] - 0s 39ms/step - loss: 0.0595
Epoch 125/300

 1/12 [=>............................] - ETA: 0s - loss: 0.0771
 3/12 [======>.......................] - ETA: 0s - loss: 0.0624
 5/12 [===========>..................] - ETA: 0s - loss: 0.0614
 7/12 [================>.............] - ETA: 0s - loss: 0.0592
 9/12 [=====================>........] - ETA: 0s - loss: 0.0600
11/12 [==========================>...] - ETA: 0s - loss: 0.0612
12/12 [==============================] - 0s 36ms/step - loss: 0.0606
Epoch 126/300

 1/12 [=>............................] - ETA: 0s - loss: 0.0649
 3/12 [======>.......................] - ETA: 0s - loss: 0.0622
 5/12 [===========>..................] - ETA: 0s - loss: 0.0614
 7/12 [================>.............] - ETA: 0s - loss: 0.0594
 9/12 [=====================>........] - ETA: 0s - loss: 0.0592
11/12 [==========================>...] - ETA: 0s - loss: 0.0603
12/12 [==============================] - 0s 38ms/step - loss: 0.0598
Epoch 127/300

 1/12 [=>............................] - ETA: 0s - loss: 0.0597
 3/12 [======>.......................] - ETA: 0s - loss: 0.0561
 5/12 [===========>..................] - ETA: 0s - loss: 0.0607
 7/12 [================>.............] - ETA: 0s - loss: 0.0576
 9/12 [=====================>........] - ETA: 0s - loss: 0.0575
11/12 [==========================>...] - ETA: 0s - loss: 0.0589
12/12 [==============================] - 0s 36ms/step - loss: 0.0595
Epoch 128/300

 1/12 [=>............................] - ETA: 0s - loss: 0.0424
 3/12 [======>.......................] - ETA: 0s - loss: 0.0572
 5/12 [===========>..................] - ETA: 0s - loss: 0.0566
 7/12 [================>.............] - ETA: 0s - loss: 0.0603
 9/12 [=====================>........] - ETA: 0s - loss: 0.0618
11/12 [==========================>...] - ETA: 0s - loss: 0.0615
12/12 [==============================] - 0s 36ms/step - loss: 0.0612
Epoch 129/300

 1/12 [=>............................] - ETA: 0s - loss: 0.0598
 3/12 [======>.......................] - ETA: 0s - loss: 0.0591
 5/12 [===========>..................] - ETA: 0s - loss: 0.0630
 7/12 [================>.............] - ETA: 0s - loss: 0.0646
 9/12 [=====================>........] - ETA: 0s - loss: 0.0642
11/12 [==========================>...] - ETA: 0s - loss: 0.0641
12/12 [==============================] - 0s 34ms/step - loss: 0.0644
Epoch 130/300

 1/12 [=>............................] - ETA: 0s - loss: 0.0586
 3/12 [======>.......................] - ETA: 0s - loss: 0.0570
 5/12 [===========>..................] - ETA: 0s - loss: 0.0543
 7/12 [================>.............] - ETA: 0s - loss: 0.0550
 9/12 [=====================>........] - ETA: 0s - loss: 0.0554
11/12 [==========================>...] - ETA: 0s - loss: 0.0573
12/12 [==============================] - 0s 35ms/step - loss: 0.0577
Epoch 131/300

 1/12 [=>............................] - ETA: 0s - loss: 0.0707
 3/12 [======>.......................] - ETA: 0s - loss: 0.0580
 5/12 [===========>..................] - ETA: 0s - loss: 0.0568
 7/12 [================>.............] - ETA: 0s - loss: 0.0597
 9/12 [=====================>........] - ETA: 0s - loss: 0.0602
11/12 [==========================>...] - ETA: 0s - loss: 0.0610
12/12 [==============================] - 0s 37ms/step - loss: 0.0607
Epoch 132/300

 1/12 [=>............................] - ETA: 0s - loss: 0.0597
 3/12 [======>.......................] - ETA: 0s - loss: 0.0553
 5/12 [===========>..................] - ETA: 0s - loss: 0.0583
 7/12 [================>.............] - ETA: 0s - loss: 0.0597
 9/12 [=====================>........] - ETA: 0s - loss: 0.0578
11/12 [==========================>...] - ETA: 0s - loss: 0.0557
12/12 [==============================] - 0s 34ms/step - loss: 0.0561
Epoch 133/300

 1/12 [=>............................] - ETA: 0s - loss: 0.0612
 3/12 [======>.......................] - ETA: 0s - loss: 0.0643
 5/12 [===========>..................] - ETA: 0s - loss: 0.0620
 7/12 [================>.............] - ETA: 0s - loss: 0.0591
 9/12 [=====================>........] - ETA: 0s - loss: 0.0576
11/12 [==========================>...] - ETA: 0s - loss: 0.0575
12/12 [==============================] - 0s 35ms/step - loss: 0.0570
Epoch 134/300

 1/12 [=>............................] - ETA: 0s - loss: 0.0638
 3/12 [======>.......................] - ETA: 0s - loss: 0.0574
 5/12 [===========>..................] - ETA: 0s - loss: 0.0603
 7/12 [================>.............] - ETA: 0s - loss: 0.0579
 9/12 [=====================>........] - ETA: 0s - loss: 0.0601
11/12 [==========================>...] - ETA: 0s - loss: 0.0586
12/12 [==============================] - 0s 36ms/step - loss: 0.0584
Epoch 135/300

 1/12 [=>............................] - ETA: 0s - loss: 0.0626
 3/12 [======>.......................] - ETA: 0s - loss: 0.0626
 5/12 [===========>..................] - ETA: 0s - loss: 0.0605
 7/12 [================>.............] - ETA: 0s - loss: 0.0575
 9/12 [=====================>........] - ETA: 0s - loss: 0.0589
11/12 [==========================>...] - ETA: 0s - loss: 0.0576
12/12 [==============================] - 0s 35ms/step - loss: 0.0581
Epoch 136/300

 1/12 [=>............................] - ETA: 0s - loss: 0.0518
 3/12 [======>.......................] - ETA: 0s - loss: 0.0565
 5/12 [===========>..................] - ETA: 0s - loss: 0.0529
 7/12 [================>.............] - ETA: 0s - loss: 0.0536
 9/12 [=====================>........] - ETA: 0s - loss: 0.0560
11/12 [==========================>...] - ETA: 0s - loss: 0.0563
12/12 [==============================] - 0s 35ms/step - loss: 0.0561
Epoch 137/300

 1/12 [=>............................] - ETA: 0s - loss: 0.0541
 3/12 [======>.......................] - ETA: 0s - loss: 0.0543
 5/12 [===========>..................] - ETA: 0s - loss: 0.0579
 7/12 [================>.............] - ETA: 0s - loss: 0.0593
 9/12 [=====================>........] - ETA: 0s - loss: 0.0607
11/12 [==========================>...] - ETA: 0s - loss: 0.0600
12/12 [==============================] - 0s 34ms/step - loss: 0.0606
Epoch 138/300

 1/12 [=>............................] - ETA: 0s - loss: 0.0493
 3/12 [======>.......................] - ETA: 0s - loss: 0.0494
 5/12 [===========>..................] - ETA: 0s - loss: 0.0491
 7/12 [================>.............] - ETA: 0s - loss: 0.0517
 9/12 [=====================>........] - ETA: 0s - loss: 0.0535
11/12 [==========================>...] - ETA: 0s - loss: 0.0561
12/12 [==============================] - 0s 35ms/step - loss: 0.0557
Epoch 139/300

 1/12 [=>............................] - ETA: 0s - loss: 0.0527
 3/12 [======>.......................] - ETA: 0s - loss: 0.0468
 5/12 [===========>..................] - ETA: 0s - loss: 0.0466
 7/12 [================>.............] - ETA: 0s - loss: 0.0494
 9/12 [=====================>........] - ETA: 0s - loss: 0.0509
11/12 [==========================>...] - ETA: 0s - loss: 0.0511
12/12 [==============================] - 0s 36ms/step - loss: 0.0518
Epoch 140/300

 1/12 [=>............................] - ETA: 0s - loss: 0.0629
 3/12 [======>.......................] - ETA: 0s - loss: 0.0603
 5/12 [===========>..................] - ETA: 0s - loss: 0.0593
 7/12 [================>.............] - ETA: 0s - loss: 0.0604
 9/12 [=====================>........] - ETA: 0s - loss: 0.0586
11/12 [==========================>...] - ETA: 0s - loss: 0.0574
12/12 [==============================] - 0s 35ms/step - loss: 0.0570
Epoch 141/300

 1/12 [=>............................] - ETA: 0s - loss: 0.0741
 3/12 [======>.......................] - ETA: 0s - loss: 0.0657
 5/12 [===========>..................] - ETA: 0s - loss: 0.0615
 7/12 [================>.............] - ETA: 0s - loss: 0.0586
 9/12 [=====================>........] - ETA: 0s - loss: 0.0570
11/12 [==========================>...] - ETA: 0s - loss: 0.0567
12/12 [==============================] - 0s 35ms/step - loss: 0.0569
Epoch 142/300

 1/12 [=>............................] - ETA: 0s - loss: 0.0403
 3/12 [======>.......................] - ETA: 0s - loss: 0.0548
 5/12 [===========>..................] - ETA: 0s - loss: 0.0554
 7/12 [================>.............] - ETA: 0s - loss: 0.0563
 9/12 [=====================>........] - ETA: 0s - loss: 0.0561
11/12 [==========================>...] - ETA: 0s - loss: 0.0587
12/12 [==============================] - 0s 35ms/step - loss: 0.0588
Epoch 143/300

 1/12 [=>............................] - ETA: 0s - loss: 0.0405
 3/12 [======>.......................] - ETA: 0s - loss: 0.0532
 5/12 [===========>..................] - ETA: 0s - loss: 0.0534
 7/12 [================>.............] - ETA: 0s - loss: 0.0522
 9/12 [=====================>........] - ETA: 0s - loss: 0.0537
11/12 [==========================>...] - ETA: 0s - loss: 0.0551
12/12 [==============================] - 0s 35ms/step - loss: 0.0552
Epoch 144/300

 1/12 [=>............................] - ETA: 0s - loss: 0.0529
 3/12 [======>.......................] - ETA: 0s - loss: 0.0522
 5/12 [===========>..................] - ETA: 0s - loss: 0.0503
 7/12 [================>.............] - ETA: 0s - loss: 0.0547
 9/12 [=====================>........] - ETA: 0s - loss: 0.0538
11/12 [==========================>...] - ETA: 0s - loss: 0.0529
12/12 [==============================] - 0s 36ms/step - loss: 0.0527
Epoch 145/300

 1/12 [=>............................] - ETA: 0s - loss: 0.0734
 3/12 [======>.......................] - ETA: 0s - loss: 0.0545
 5/12 [===========>..................] - ETA: 0s - loss: 0.0519
 7/12 [================>.............] - ETA: 0s - loss: 0.0522
 9/12 [=====================>........] - ETA: 0s - loss: 0.0555
11/12 [==========================>...] - ETA: 0s - loss: 0.0558
12/12 [==============================] - 0s 35ms/step - loss: 0.0560
Epoch 146/300

 1/12 [=>............................] - ETA: 0s - loss: 0.0420
 3/12 [======>.......................] - ETA: 0s - loss: 0.0554
 5/12 [===========>..................] - ETA: 0s - loss: 0.0575
 7/12 [================>.............] - ETA: 0s - loss: 0.0598
 9/12 [=====================>........] - ETA: 0s - loss: 0.0599
11/12 [==========================>...] - ETA: 0s - loss: 0.0592
12/12 [==============================] - 0s 36ms/step - loss: 0.0593
Epoch 147/300

 1/12 [=>............................] - ETA: 0s - loss: 0.0451
 3/12 [======>.......................] - ETA: 0s - loss: 0.0405
 5/12 [===========>..................] - ETA: 0s - loss: 0.0454
 7/12 [================>.............] - ETA: 0s - loss: 0.0490
 9/12 [=====================>........] - ETA: 0s - loss: 0.0487
11/12 [==========================>...] - ETA: 0s - loss: 0.0493
12/12 [==============================] - 0s 35ms/step - loss: 0.0494
Epoch 148/300

 1/12 [=>............................] - ETA: 0s - loss: 0.0566
 3/12 [======>.......................] - ETA: 0s - loss: 0.0553
 5/12 [===========>..................] - ETA: 0s - loss: 0.0540
 7/12 [================>.............] - ETA: 0s - loss: 0.0564
 9/12 [=====================>........] - ETA: 0s - loss: 0.0549
11/12 [==========================>...] - ETA: 0s - loss: 0.0574
12/12 [==============================] - 0s 36ms/step - loss: 0.0577
Epoch 149/300

 1/12 [=>............................] - ETA: 0s - loss: 0.0598
 3/12 [======>.......................] - ETA: 0s - loss: 0.0580
 5/12 [===========>..................] - ETA: 0s - loss: 0.0576
 7/12 [================>.............] - ETA: 0s - loss: 0.0574
 9/12 [=====================>........] - ETA: 0s - loss: 0.0547
11/12 [==========================>...] - ETA: 0s - loss: 0.0562
12/12 [==============================] - 0s 36ms/step - loss: 0.0559
Epoch 150/300

 1/12 [=>............................] - ETA: 0s - loss: 0.0505
 3/12 [======>.......................] - ETA: 0s - loss: 0.0460
 5/12 [===========>..................] - ETA: 0s - loss: 0.0448
 7/12 [================>.............] - ETA: 0s - loss: 0.0480
 9/12 [=====================>........] - ETA: 0s - loss: 0.0517
11/12 [==========================>...] - ETA: 0s - loss: 0.0523
12/12 [==============================] - 0s 36ms/step - loss: 0.0525
Epoch 151/300

 1/12 [=>............................] - ETA: 0s - loss: 0.0611
 3/12 [======>.......................] - ETA: 0s - loss: 0.0600
 5/12 [===========>..................] - ETA: 0s - loss: 0.0597
 7/12 [================>.............] - ETA: 0s - loss: 0.0562
 9/12 [=====================>........] - ETA: 0s - loss: 0.0554
11/12 [==========================>...] - ETA: 0s - loss: 0.0549
12/12 [==============================] - 0s 35ms/step - loss: 0.0545
Epoch 152/300

 1/12 [=>............................] - ETA: 0s - loss: 0.0560
 3/12 [======>.......................] - ETA: 0s - loss: 0.0541
 5/12 [===========>..................] - ETA: 0s - loss: 0.0487
 7/12 [================>.............] - ETA: 0s - loss: 0.0511
 9/12 [=====================>........] - ETA: 0s - loss: 0.0520
11/12 [==========================>...] - ETA: 0s - loss: 0.0513
12/12 [==============================] - 0s 35ms/step - loss: 0.0524
Epoch 153/300

 1/12 [=>............................] - ETA: 0s - loss: 0.0583
 3/12 [======>.......................] - ETA: 0s - loss: 0.0512
 5/12 [===========>..................] - ETA: 0s - loss: 0.0518
 7/12 [================>.............] - ETA: 0s - loss: 0.0530
 9/12 [=====================>........] - ETA: 0s - loss: 0.0527
11/12 [==========================>...] - ETA: 0s - loss: 0.0505
12/12 [==============================] - 0s 35ms/step - loss: 0.0508
Epoch 154/300

 1/12 [=>............................] - ETA: 0s - loss: 0.0539
 3/12 [======>.......................] - ETA: 0s - loss: 0.0565
 5/12 [===========>..................] - ETA: 0s - loss: 0.0548
 7/12 [================>.............] - ETA: 0s - loss: 0.0559
 9/12 [=====================>........] - ETA: 0s - loss: 0.0545
11/12 [==========================>...] - ETA: 0s - loss: 0.0528
12/12 [==============================] - 0s 36ms/step - loss: 0.0526
Epoch 155/300

 1/12 [=>............................] - ETA: 0s - loss: 0.0614
 3/12 [======>.......................] - ETA: 0s - loss: 0.0520
 5/12 [===========>..................] - ETA: 0s - loss: 0.0505
 7/12 [================>.............] - ETA: 0s - loss: 0.0505
 9/12 [=====================>........] - ETA: 0s - loss: 0.0538
11/12 [==========================>...] - ETA: 0s - loss: 0.0530
12/12 [==============================] - 0s 35ms/step - loss: 0.0536
Epoch 156/300

 1/12 [=>............................] - ETA: 0s - loss: 0.0535
 3/12 [======>.......................] - ETA: 0s - loss: 0.0536
 5/12 [===========>..................] - ETA: 0s - loss: 0.0516
 7/12 [================>.............] - ETA: 0s - loss: 0.0517
 9/12 [=====================>........] - ETA: 0s - loss: 0.0518
11/12 [==========================>...] - ETA: 0s - loss: 0.0520
12/12 [==============================] - 0s 36ms/step - loss: 0.0521
Epoch 157/300

 1/12 [=>............................] - ETA: 0s - loss: 0.0568
 3/12 [======>.......................] - ETA: 0s - loss: 0.0576
 5/12 [===========>..................] - ETA: 0s - loss: 0.0537
 7/12 [================>.............] - ETA: 0s - loss: 0.0540
 9/12 [=====================>........] - ETA: 0s - loss: 0.0525
10/12 [========================>.....] - ETA: 0s - loss: 0.0533
12/12 [==============================] - ETA: 0s - loss: 0.0518
12/12 [==============================] - 0s 36ms/step - loss: 0.0518
Epoch 158/300

 1/12 [=>............................] - ETA: 0s - loss: 0.0434
 3/12 [======>.......................] - ETA: 0s - loss: 0.0528
 5/12 [===========>..................] - ETA: 0s - loss: 0.0550
 7/12 [================>.............] - ETA: 0s - loss: 0.0539
 9/12 [=====================>........] - ETA: 0s - loss: 0.0542
11/12 [==========================>...] - ETA: 0s - loss: 0.0539
12/12 [==============================] - 0s 36ms/step - loss: 0.0545
Epoch 159/300

 1/12 [=>............................] - ETA: 0s - loss: 0.0625
 3/12 [======>.......................] - ETA: 0s - loss: 0.0579
 5/12 [===========>..................] - ETA: 0s - loss: 0.0538
 7/12 [================>.............] - ETA: 0s - loss: 0.0522
 9/12 [=====================>........] - ETA: 0s - loss: 0.0536
11/12 [==========================>...] - ETA: 0s - loss: 0.0540
12/12 [==============================] - 0s 35ms/step - loss: 0.0541
Epoch 160/300

 1/12 [=>............................] - ETA: 0s - loss: 0.0346
 3/12 [======>.......................] - ETA: 0s - loss: 0.0514
 5/12 [===========>..................] - ETA: 0s - loss: 0.0510
 7/12 [================>.............] - ETA: 0s - loss: 0.0505
 9/12 [=====================>........] - ETA: 0s - loss: 0.0485
11/12 [==========================>...] - ETA: 0s - loss: 0.0494
12/12 [==============================] - 0s 36ms/step - loss: 0.0493
Epoch 161/300

 1/12 [=>............................] - ETA: 0s - loss: 0.0379
 3/12 [======>.......................] - ETA: 0s - loss: 0.0458
 5/12 [===========>..................] - ETA: 0s - loss: 0.0556
 7/12 [================>.............] - ETA: 0s - loss: 0.0542
 9/12 [=====================>........] - ETA: 0s - loss: 0.0552
11/12 [==========================>...] - ETA: 0s - loss: 0.0551
12/12 [==============================] - 0s 37ms/step - loss: 0.0551
Epoch 162/300

 1/12 [=>............................] - ETA: 0s - loss: 0.0401
 2/12 [====>.........................] - ETA: 0s - loss: 0.0474
 4/12 [=========>....................] - ETA: 0s - loss: 0.0492
 6/12 [==============>...............] - ETA: 0s - loss: 0.0474
 8/12 [===================>..........] - ETA: 0s - loss: 0.0492
10/12 [========================>.....] - ETA: 0s - loss: 0.0488
12/12 [==============================] - ETA: 0s - loss: 0.0482
12/12 [==============================] - 0s 38ms/step - loss: 0.0482
Epoch 163/300

 1/12 [=>............................] - ETA: 0s - loss: 0.0430
 3/12 [======>.......................] - ETA: 0s - loss: 0.0576
 5/12 [===========>..................] - ETA: 0s - loss: 0.0547
 7/12 [================>.............] - ETA: 0s - loss: 0.0550
 9/12 [=====================>........] - ETA: 0s - loss: 0.0543
11/12 [==========================>...] - ETA: 0s - loss: 0.0533
12/12 [==============================] - 0s 36ms/step - loss: 0.0529
Epoch 164/300

 1/12 [=>............................] - ETA: 0s - loss: 0.0395
 3/12 [======>.......................] - ETA: 0s - loss: 0.0474
 5/12 [===========>..................] - ETA: 0s - loss: 0.0505
 7/12 [================>.............] - ETA: 0s - loss: 0.0519
 9/12 [=====================>........] - ETA: 0s - loss: 0.0534
11/12 [==========================>...] - ETA: 0s - loss: 0.0511
12/12 [==============================] - 0s 36ms/step - loss: 0.0506
Epoch 165/300

 1/12 [=>............................] - ETA: 0s - loss: 0.0547
 3/12 [======>.......................] - ETA: 0s - loss: 0.0568
 5/12 [===========>..................] - ETA: 0s - loss: 0.0566
 7/12 [================>.............] - ETA: 0s - loss: 0.0564
 9/12 [=====================>........] - ETA: 0s - loss: 0.0542
11/12 [==========================>...] - ETA: 0s - loss: 0.0529
12/12 [==============================] - 0s 34ms/step - loss: 0.0537
Epoch 166/300

 1/12 [=>............................] - ETA: 0s - loss: 0.0550
 3/12 [======>.......................] - ETA: 0s - loss: 0.0492
 5/12 [===========>..................] - ETA: 0s - loss: 0.0496
 7/12 [================>.............] - ETA: 0s - loss: 0.0507
 9/12 [=====================>........] - ETA: 0s - loss: 0.0512
11/12 [==========================>...] - ETA: 0s - loss: 0.0526
12/12 [==============================] - 0s 35ms/step - loss: 0.0527
Epoch 167/300

 1/12 [=>............................] - ETA: 0s - loss: 0.0403
 3/12 [======>.......................] - ETA: 0s - loss: 0.0466
 5/12 [===========>..................] - ETA: 0s - loss: 0.0535
 7/12 [================>.............] - ETA: 0s - loss: 0.0516
 9/12 [=====================>........] - ETA: 0s - loss: 0.0515
11/12 [==========================>...] - ETA: 0s - loss: 0.0521
12/12 [==============================] - 0s 34ms/step - loss: 0.0521
Epoch 168/300

 1/12 [=>............................] - ETA: 0s - loss: 0.0591
 2/12 [====>.........................] - ETA: 0s - loss: 0.0498
 4/12 [=========>....................] - ETA: 0s - loss: 0.0495
 6/12 [==============>...............] - ETA: 0s - loss: 0.0500
 8/12 [===================>..........] - ETA: 0s - loss: 0.0517
10/12 [========================>.....] - ETA: 0s - loss: 0.0522
12/12 [==============================] - ETA: 0s - loss: 0.0510
12/12 [==============================] - 0s 36ms/step - loss: 0.0510
Epoch 169/300

 1/12 [=>............................] - ETA: 0s - loss: 0.0467
 3/12 [======>.......................] - ETA: 0s - loss: 0.0544
 5/12 [===========>..................] - ETA: 0s - loss: 0.0525
 7/12 [================>.............] - ETA: 0s - loss: 0.0525
 9/12 [=====================>........] - ETA: 0s - loss: 0.0532
11/12 [==========================>...] - ETA: 0s - loss: 0.0523
12/12 [==============================] - 0s 36ms/step - loss: 0.0532
Epoch 170/300

 1/12 [=>............................] - ETA: 0s - loss: 0.0521
 3/12 [======>.......................] - ETA: 0s - loss: 0.0472
 5/12 [===========>..................] - ETA: 0s - loss: 0.0491
 7/12 [================>.............] - ETA: 0s - loss: 0.0512
 9/12 [=====================>........] - ETA: 0s - loss: 0.0516
11/12 [==========================>...] - ETA: 0s - loss: 0.0503
12/12 [==============================] - 0s 35ms/step - loss: 0.0501
Epoch 171/300

 1/12 [=>............................] - ETA: 0s - loss: 0.0647
 3/12 [======>.......................] - ETA: 0s - loss: 0.0589
 5/12 [===========>..................] - ETA: 0s - loss: 0.0560
 7/12 [================>.............] - ETA: 0s - loss: 0.0557
 9/12 [=====================>........] - ETA: 0s - loss: 0.0566
11/12 [==========================>...] - ETA: 0s - loss: 0.0540
12/12 [==============================] - 0s 37ms/step - loss: 0.0540
Epoch 172/300

 1/12 [=>............................] - ETA: 0s - loss: 0.0556
 3/12 [======>.......................] - ETA: 0s - loss: 0.0493
 5/12 [===========>..................] - ETA: 0s - loss: 0.0502
 7/12 [================>.............] - ETA: 0s - loss: 0.0527
 9/12 [=====================>........] - ETA: 0s - loss: 0.0513
11/12 [==========================>...] - ETA: 0s - loss: 0.0505
12/12 [==============================] - 0s 36ms/step - loss: 0.0505
Epoch 173/300

 1/12 [=>............................] - ETA: 0s - loss: 0.0256
 3/12 [======>.......................] - ETA: 0s - loss: 0.0442
 5/12 [===========>..................] - ETA: 0s - loss: 0.0468
 7/12 [================>.............] - ETA: 0s - loss: 0.0468
 9/12 [=====================>........] - ETA: 0s - loss: 0.0459
11/12 [==========================>...] - ETA: 0s - loss: 0.0456
12/12 [==============================] - 0s 35ms/step - loss: 0.0458
Epoch 174/300

 1/12 [=>............................] - ETA: 0s - loss: 0.0383
 3/12 [======>.......................] - ETA: 0s - loss: 0.0492
 5/12 [===========>..................] - ETA: 0s - loss: 0.0467
 7/12 [================>.............] - ETA: 0s - loss: 0.0456
 9/12 [=====================>........] - ETA: 0s - loss: 0.0458
11/12 [==========================>...] - ETA: 0s - loss: 0.0490
12/12 [==============================] - 0s 35ms/step - loss: 0.0485
Epoch 175/300

 1/12 [=>............................] - ETA: 0s - loss: 0.0601
 3/12 [======>.......................] - ETA: 0s - loss: 0.0520
 5/12 [===========>..................] - ETA: 0s - loss: 0.0500
 7/12 [================>.............] - ETA: 0s - loss: 0.0502
 9/12 [=====================>........] - ETA: 0s - loss: 0.0516
11/12 [==========================>...] - ETA: 0s - loss: 0.0518
12/12 [==============================] - 0s 36ms/step - loss: 0.0527
Epoch 176/300

 1/12 [=>............................] - ETA: 0s - loss: 0.0506
 3/12 [======>.......................] - ETA: 0s - loss: 0.0471
 5/12 [===========>..................] - ETA: 0s - loss: 0.0490
 7/12 [================>.............] - ETA: 0s - loss: 0.0510
 9/12 [=====================>........] - ETA: 0s - loss: 0.0505
11/12 [==========================>...] - ETA: 0s - loss: 0.0514
12/12 [==============================] - 0s 35ms/step - loss: 0.0513
Epoch 177/300

 1/12 [=>............................] - ETA: 0s - loss: 0.0422
 3/12 [======>.......................] - ETA: 0s - loss: 0.0509
 5/12 [===========>..................] - ETA: 0s - loss: 0.0483
 7/12 [================>.............] - ETA: 0s - loss: 0.0489
 9/12 [=====================>........] - ETA: 0s - loss: 0.0486
11/12 [==========================>...] - ETA: 0s - loss: 0.0497
12/12 [==============================] - 0s 35ms/step - loss: 0.0495
Epoch 178/300

 1/12 [=>............................] - ETA: 0s - loss: 0.0342
 3/12 [======>.......................] - ETA: 0s - loss: 0.0531
 5/12 [===========>..................] - ETA: 0s - loss: 0.0494
 7/12 [================>.............] - ETA: 0s - loss: 0.0493
 9/12 [=====================>........] - ETA: 0s - loss: 0.0497
11/12 [==========================>...] - ETA: 0s - loss: 0.0493
12/12 [==============================] - 0s 35ms/step - loss: 0.0485
Epoch 179/300

 1/12 [=>............................] - ETA: 0s - loss: 0.0568
 3/12 [======>.......................] - ETA: 0s - loss: 0.0549
 5/12 [===========>..................] - ETA: 0s - loss: 0.0524
 7/12 [================>.............] - ETA: 0s - loss: 0.0536
 9/12 [=====================>........] - ETA: 0s - loss: 0.0504
11/12 [==========================>...] - ETA: 0s - loss: 0.0530
12/12 [==============================] - 0s 36ms/step - loss: 0.0530
Epoch 180/300

 1/12 [=>............................] - ETA: 0s - loss: 0.0450
 3/12 [======>.......................] - ETA: 0s - loss: 0.0533
 5/12 [===========>..................] - ETA: 0s - loss: 0.0512
 7/12 [================>.............] - ETA: 0s - loss: 0.0477
 9/12 [=====================>........] - ETA: 0s - loss: 0.0498
11/12 [==========================>...] - ETA: 0s - loss: 0.0509
12/12 [==============================] - 0s 35ms/step - loss: 0.0514
Epoch 181/300

 1/12 [=>............................] - ETA: 0s - loss: 0.0385
 3/12 [======>.......................] - ETA: 0s - loss: 0.0499
 5/12 [===========>..................] - ETA: 0s - loss: 0.0521
 6/12 [==============>...............] - ETA: 0s - loss: 0.0503
 8/12 [===================>..........] - ETA: 0s - loss: 0.0495
10/12 [========================>.....] - ETA: 0s - loss: 0.0464
12/12 [==============================] - ETA: 0s - loss: 0.0464
12/12 [==============================] - 0s 35ms/step - loss: 0.0464
Epoch 182/300

 1/12 [=>............................] - ETA: 0s - loss: 0.0634
 3/12 [======>.......................] - ETA: 0s - loss: 0.0581
 5/12 [===========>..................] - ETA: 0s - loss: 0.0594
 7/12 [================>.............] - ETA: 0s - loss: 0.0581
 9/12 [=====================>........] - ETA: 0s - loss: 0.0555
11/12 [==========================>...] - ETA: 0s - loss: 0.0541
12/12 [==============================] - 0s 35ms/step - loss: 0.0538
Epoch 183/300

 1/12 [=>............................] - ETA: 0s - loss: 0.0409
 3/12 [======>.......................] - ETA: 0s - loss: 0.0448
 5/12 [===========>..................] - ETA: 0s - loss: 0.0443
 7/12 [================>.............] - ETA: 0s - loss: 0.0470
 9/12 [=====================>........] - ETA: 0s - loss: 0.0481
11/12 [==========================>...] - ETA: 0s - loss: 0.0468
12/12 [==============================] - 0s 36ms/step - loss: 0.0463
Epoch 184/300

 1/12 [=>............................] - ETA: 0s - loss: 0.0550
 3/12 [======>.......................] - ETA: 0s - loss: 0.0530
 5/12 [===========>..................] - ETA: 0s - loss: 0.0497
 7/12 [================>.............] - ETA: 0s - loss: 0.0486
 9/12 [=====================>........] - ETA: 0s - loss: 0.0486
11/12 [==========================>...] - ETA: 0s - loss: 0.0472
12/12 [==============================] - 0s 35ms/step - loss: 0.0473
Epoch 185/300

 1/12 [=>............................] - ETA: 0s - loss: 0.0499
 3/12 [======>.......................] - ETA: 0s - loss: 0.0605
 5/12 [===========>..................] - ETA: 0s - loss: 0.0584
 7/12 [================>.............] - ETA: 0s - loss: 0.0537
 9/12 [=====================>........] - ETA: 0s - loss: 0.0541
11/12 [==========================>...] - ETA: 0s - loss: 0.0518
12/12 [==============================] - 0s 36ms/step - loss: 0.0513
Epoch 186/300

 1/12 [=>............................] - ETA: 0s - loss: 0.0468
 3/12 [======>.......................] - ETA: 0s - loss: 0.0559
 5/12 [===========>..................] - ETA: 0s - loss: 0.0537
 7/12 [================>.............] - ETA: 0s - loss: 0.0535
 9/12 [=====================>........] - ETA: 0s - loss: 0.0521
11/12 [==========================>...] - ETA: 0s - loss: 0.0522
12/12 [==============================] - 0s 35ms/step - loss: 0.0524
Epoch 187/300

 1/12 [=>............................] - ETA: 0s - loss: 0.0641
 3/12 [======>.......................] - ETA: 0s - loss: 0.0550
 5/12 [===========>..................] - ETA: 0s - loss: 0.0515
 7/12 [================>.............] - ETA: 0s - loss: 0.0482
 9/12 [=====================>........] - ETA: 0s - loss: 0.0477
11/12 [==========================>...] - ETA: 0s - loss: 0.0474
12/12 [==============================] - 0s 35ms/step - loss: 0.0481
Epoch 188/300

 1/12 [=>............................] - ETA: 0s - loss: 0.0460
 3/12 [======>.......................] - ETA: 0s - loss: 0.0477
 5/12 [===========>..................] - ETA: 0s - loss: 0.0467
 7/12 [================>.............] - ETA: 0s - loss: 0.0484
 9/12 [=====================>........] - ETA: 0s - loss: 0.0462
11/12 [==========================>...] - ETA: 0s - loss: 0.0475
12/12 [==============================] - 0s 35ms/step - loss: 0.0476
Epoch 189/300

 1/12 [=>............................] - ETA: 0s - loss: 0.0438
 3/12 [======>.......................] - ETA: 0s - loss: 0.0428
 5/12 [===========>..................] - ETA: 0s - loss: 0.0496
 7/12 [================>.............] - ETA: 0s - loss: 0.0463
 9/12 [=====================>........] - ETA: 0s - loss: 0.0447
11/12 [==========================>...] - ETA: 0s - loss: 0.0446
12/12 [==============================] - 0s 35ms/step - loss: 0.0450
Epoch 190/300

 1/12 [=>............................] - ETA: 0s - loss: 0.0492
 3/12 [======>.......................] - ETA: 0s - loss: 0.0397
 5/12 [===========>..................] - ETA: 0s - loss: 0.0475
 7/12 [================>.............] - ETA: 0s - loss: 0.0484
 9/12 [=====================>........] - ETA: 0s - loss: 0.0463
11/12 [==========================>...] - ETA: 0s - loss: 0.0462
12/12 [==============================] - 0s 36ms/step - loss: 0.0465
Epoch 191/300

 1/12 [=>............................] - ETA: 0s - loss: 0.0403
 3/12 [======>.......................] - ETA: 0s - loss: 0.0511
 5/12 [===========>..................] - ETA: 0s - loss: 0.0494
 7/12 [================>.............] - ETA: 0s - loss: 0.0488
 9/12 [=====================>........] - ETA: 0s - loss: 0.0490
11/12 [==========================>...] - ETA: 0s - loss: 0.0478
12/12 [==============================] - 0s 36ms/step - loss: 0.0475
Epoch 192/300

 1/12 [=>............................] - ETA: 0s - loss: 0.0397
 3/12 [======>.......................] - ETA: 0s - loss: 0.0487
 4/12 [=========>....................] - ETA: 0s - loss: 0.0480
 6/12 [==============>...............] - ETA: 0s - loss: 0.0469
 8/12 [===================>..........] - ETA: 0s - loss: 0.0478
10/12 [========================>.....] - ETA: 0s - loss: 0.0479
12/12 [==============================] - ETA: 0s - loss: 0.0480
12/12 [==============================] - 0s 37ms/step - loss: 0.0480
Epoch 193/300

 1/12 [=>............................] - ETA: 0s - loss: 0.0416
 3/12 [======>.......................] - ETA: 0s - loss: 0.0429
 5/12 [===========>..................] - ETA: 0s - loss: 0.0443
 7/12 [================>.............] - ETA: 0s - loss: 0.0461
 9/12 [=====================>........] - ETA: 0s - loss: 0.0499
11/12 [==========================>...] - ETA: 0s - loss: 0.0485
12/12 [==============================] - 0s 36ms/step - loss: 0.0485
Epoch 194/300

 1/12 [=>............................] - ETA: 0s - loss: 0.0501
 3/12 [======>.......................] - ETA: 0s - loss: 0.0411
 5/12 [===========>..................] - ETA: 0s - loss: 0.0361
 7/12 [================>.............] - ETA: 0s - loss: 0.0401
 9/12 [=====================>........] - ETA: 0s - loss: 0.0431
11/12 [==========================>...] - ETA: 0s - loss: 0.0454
12/12 [==============================] - 0s 36ms/step - loss: 0.0453
Epoch 195/300

 1/12 [=>............................] - ETA: 0s - loss: 0.0525
 3/12 [======>.......................] - ETA: 0s - loss: 0.0442
 5/12 [===========>..................] - ETA: 0s - loss: 0.0468
 7/12 [================>.............] - ETA: 0s - loss: 0.0467
 9/12 [=====================>........] - ETA: 0s - loss: 0.0482
11/12 [==========================>...] - ETA: 0s - loss: 0.0474
12/12 [==============================] - 0s 35ms/step - loss: 0.0479
Epoch 196/300

 1/12 [=>............................] - ETA: 0s - loss: 0.0485
 3/12 [======>.......................] - ETA: 0s - loss: 0.0523
 5/12 [===========>..................] - ETA: 0s - loss: 0.0497
 7/12 [================>.............] - ETA: 0s - loss: 0.0491
 9/12 [=====================>........] - ETA: 0s - loss: 0.0480
11/12 [==========================>...] - ETA: 0s - loss: 0.0473
12/12 [==============================] - 0s 35ms/step - loss: 0.0475
Epoch 197/300

 1/12 [=>............................] - ETA: 0s - loss: 0.0460
 3/12 [======>.......................] - ETA: 0s - loss: 0.0489
 5/12 [===========>..................] - ETA: 0s - loss: 0.0460
 7/12 [================>.............] - ETA: 0s - loss: 0.0470
 9/12 [=====================>........] - ETA: 0s - loss: 0.0461
11/12 [==========================>...] - ETA: 0s - loss: 0.0468
12/12 [==============================] - 0s 36ms/step - loss: 0.0465
Epoch 198/300

 1/12 [=>............................] - ETA: 0s - loss: 0.0443
 3/12 [======>.......................] - ETA: 0s - loss: 0.0488
 5/12 [===========>..................] - ETA: 0s - loss: 0.0489
 7/12 [================>.............] - ETA: 0s - loss: 0.0509
 9/12 [=====================>........] - ETA: 0s - loss: 0.0515
11/12 [==========================>...] - ETA: 0s - loss: 0.0503
12/12 [==============================] - 0s 38ms/step - loss: 0.0508
Epoch 199/300

 1/12 [=>............................] - ETA: 0s - loss: 0.0370
 3/12 [======>.......................] - ETA: 0s - loss: 0.0407
 5/12 [===========>..................] - ETA: 0s - loss: 0.0476
 7/12 [================>.............] - ETA: 0s - loss: 0.0465
 9/12 [=====================>........] - ETA: 0s - loss: 0.0467
11/12 [==========================>...] - ETA: 0s - loss: 0.0467
12/12 [==============================] - 0s 37ms/step - loss: 0.0463
Epoch 200/300

 1/12 [=>............................] - ETA: 0s - loss: 0.0507
 2/12 [====>.........................] - ETA: 0s - loss: 0.0467
 4/12 [=========>....................] - ETA: 0s - loss: 0.0425
 6/12 [==============>...............] - ETA: 0s - loss: 0.0469
 8/12 [===================>..........] - ETA: 0s - loss: 0.0478
 9/12 [=====================>........] - ETA: 0s - loss: 0.0473
11/12 [==========================>...] - ETA: 0s - loss: 0.0460
12/12 [==============================] - 0s 38ms/step - loss: 0.0464
Epoch 201/300

 1/12 [=>............................] - ETA: 0s - loss: 0.0479
 3/12 [======>.......................] - ETA: 0s - loss: 0.0414
 5/12 [===========>..................] - ETA: 0s - loss: 0.0405
 7/12 [================>.............] - ETA: 0s - loss: 0.0396
 9/12 [=====================>........] - ETA: 0s - loss: 0.0393
11/12 [==========================>...] - ETA: 0s - loss: 0.0405
12/12 [==============================] - 0s 37ms/step - loss: 0.0399
Epoch 202/300

 1/12 [=>............................] - ETA: 0s - loss: 0.0360
 3/12 [======>.......................] - ETA: 0s - loss: 0.0423
 5/12 [===========>..................] - ETA: 0s - loss: 0.0410
 7/12 [================>.............] - ETA: 0s - loss: 0.0400
 9/12 [=====================>........] - ETA: 0s - loss: 0.0406
11/12 [==========================>...] - ETA: 0s - loss: 0.0416
12/12 [==============================] - 0s 35ms/step - loss: 0.0416
Epoch 203/300

 1/12 [=>............................] - ETA: 0s - loss: 0.0493
 3/12 [======>.......................] - ETA: 0s - loss: 0.0471
 5/12 [===========>..................] - ETA: 0s - loss: 0.0485
 7/12 [================>.............] - ETA: 0s - loss: 0.0478
 9/12 [=====================>........] - ETA: 0s - loss: 0.0471
11/12 [==========================>...] - ETA: 0s - loss: 0.0460
12/12 [==============================] - 0s 35ms/step - loss: 0.0464
Epoch 204/300

 1/12 [=>............................] - ETA: 0s - loss: 0.0451
 3/12 [======>.......................] - ETA: 0s - loss: 0.0465
 5/12 [===========>..................] - ETA: 0s - loss: 0.0519
 7/12 [================>.............] - ETA: 0s - loss: 0.0541
 9/12 [=====================>........] - ETA: 0s - loss: 0.0531
11/12 [==========================>...] - ETA: 0s - loss: 0.0529
12/12 [==============================] - 0s 35ms/step - loss: 0.0527
Epoch 205/300

 1/12 [=>............................] - ETA: 0s - loss: 0.0503
 3/12 [======>.......................] - ETA: 0s - loss: 0.0486
 5/12 [===========>..................] - ETA: 0s - loss: 0.0517
 7/12 [================>.............] - ETA: 0s - loss: 0.0479
 9/12 [=====================>........] - ETA: 0s - loss: 0.0499
11/12 [==========================>...] - ETA: 0s - loss: 0.0484
12/12 [==============================] - 0s 36ms/step - loss: 0.0478
Epoch 206/300

 1/12 [=>............................] - ETA: 0s - loss: 0.0671
 3/12 [======>.......................] - ETA: 0s - loss: 0.0566
 5/12 [===========>..................] - ETA: 0s - loss: 0.0541
 7/12 [================>.............] - ETA: 0s - loss: 0.0520
 9/12 [=====================>........] - ETA: 0s - loss: 0.0506
11/12 [==========================>...] - ETA: 0s - loss: 0.0513
12/12 [==============================] - 0s 36ms/step - loss: 0.0516
Epoch 207/300

 1/12 [=>............................] - ETA: 0s - loss: 0.0753
 3/12 [======>.......................] - ETA: 0s - loss: 0.0489
 5/12 [===========>..................] - ETA: 0s - loss: 0.0445
 7/12 [================>.............] - ETA: 0s - loss: 0.0467
 9/12 [=====================>........] - ETA: 0s - loss: 0.0479
11/12 [==========================>...] - ETA: 0s - loss: 0.0476
12/12 [==============================] - 0s 39ms/step - loss: 0.0478
Epoch 208/300

 1/12 [=>............................] - ETA: 0s - loss: 0.0392
 3/12 [======>.......................] - ETA: 0s - loss: 0.0414
 5/12 [===========>..................] - ETA: 0s - loss: 0.0409
 7/12 [================>.............] - ETA: 0s - loss: 0.0428
 9/12 [=====================>........] - ETA: 0s - loss: 0.0436
11/12 [==========================>...] - ETA: 0s - loss: 0.0443
12/12 [==============================] - 0s 39ms/step - loss: 0.0445
Epoch 209/300

 1/12 [=>............................] - ETA: 0s - loss: 0.0435
 3/12 [======>.......................] - ETA: 0s - loss: 0.0417
 5/12 [===========>..................] - ETA: 0s - loss: 0.0497
 7/12 [================>.............] - ETA: 0s - loss: 0.0508
 9/12 [=====================>........] - ETA: 0s - loss: 0.0503
11/12 [==========================>...] - ETA: 0s - loss: 0.0505
12/12 [==============================] - 0s 36ms/step - loss: 0.0498
Epoch 210/300

 1/12 [=>............................] - ETA: 0s - loss: 0.0421
 3/12 [======>.......................] - ETA: 0s - loss: 0.0451
 5/12 [===========>..................] - ETA: 0s - loss: 0.0476
 7/12 [================>.............] - ETA: 0s - loss: 0.0484
 9/12 [=====================>........] - ETA: 0s - loss: 0.0463
11/12 [==========================>...] - ETA: 0s - loss: 0.0456
12/12 [==============================] - 0s 36ms/step - loss: 0.0458
Epoch 211/300

 1/12 [=>............................] - ETA: 0s - loss: 0.0500
 3/12 [======>.......................] - ETA: 0s - loss: 0.0472
 5/12 [===========>..................] - ETA: 0s - loss: 0.0477
 7/12 [================>.............] - ETA: 0s - loss: 0.0497
 9/12 [=====================>........] - ETA: 0s - loss: 0.0482
11/12 [==========================>...] - ETA: 0s - loss: 0.0472
12/12 [==============================] - 0s 36ms/step - loss: 0.0466
Epoch 212/300

 1/12 [=>............................] - ETA: 0s - loss: 0.0452
 3/12 [======>.......................] - ETA: 0s - loss: 0.0432
 5/12 [===========>..................] - ETA: 0s - loss: 0.0485
 7/12 [================>.............] - ETA: 0s - loss: 0.0497
 9/12 [=====================>........] - ETA: 0s - loss: 0.0474
11/12 [==========================>...] - ETA: 0s - loss: 0.0473
12/12 [==============================] - 0s 37ms/step - loss: 0.0476
Epoch 213/300

 1/12 [=>............................] - ETA: 0s - loss: 0.0497
 3/12 [======>.......................] - ETA: 0s - loss: 0.0418
 5/12 [===========>..................] - ETA: 0s - loss: 0.0425
 7/12 [================>.............] - ETA: 0s - loss: 0.0446
 9/12 [=====================>........] - ETA: 0s - loss: 0.0426
11/12 [==========================>...] - ETA: 0s - loss: 0.0437
12/12 [==============================] - 0s 37ms/step - loss: 0.0434
Epoch 214/300

 1/12 [=>............................] - ETA: 0s - loss: 0.0438
 3/12 [======>.......................] - ETA: 0s - loss: 0.0418
 5/12 [===========>..................] - ETA: 0s - loss: 0.0424
 7/12 [================>.............] - ETA: 0s - loss: 0.0428
 9/12 [=====================>........] - ETA: 0s - loss: 0.0458
11/12 [==========================>...] - ETA: 0s - loss: 0.0445
12/12 [==============================] - 0s 35ms/step - loss: 0.0448
Epoch 215/300

 1/12 [=>............................] - ETA: 0s - loss: 0.0478
 3/12 [======>.......................] - ETA: 0s - loss: 0.0409
 5/12 [===========>..................] - ETA: 0s - loss: 0.0419
 7/12 [================>.............] - ETA: 0s - loss: 0.0431
 9/12 [=====================>........] - ETA: 0s - loss: 0.0453
11/12 [==========================>...] - ETA: 0s - loss: 0.0460
12/12 [==============================] - 0s 36ms/step - loss: 0.0458
Epoch 216/300

 1/12 [=>............................] - ETA: 0s - loss: 0.0499
 2/12 [====>.........................] - ETA: 0s - loss: 0.0515
 4/12 [=========>....................] - ETA: 0s - loss: 0.0479
 6/12 [==============>...............] - ETA: 0s - loss: 0.0472
 8/12 [===================>..........] - ETA: 0s - loss: 0.0463
10/12 [========================>.....] - ETA: 0s - loss: 0.0465
12/12 [==============================] - ETA: 0s - loss: 0.0455
12/12 [==============================] - 0s 38ms/step - loss: 0.0455
Epoch 217/300

 1/12 [=>............................] - ETA: 0s - loss: 0.0536
 3/12 [======>.......................] - ETA: 0s - loss: 0.0467
 5/12 [===========>..................] - ETA: 0s - loss: 0.0504
 7/12 [================>.............] - ETA: 0s - loss: 0.0463
 9/12 [=====================>........] - ETA: 0s - loss: 0.0475
11/12 [==========================>...] - ETA: 0s - loss: 0.0488
12/12 [==============================] - 0s 37ms/step - loss: 0.0491
Epoch 218/300

 1/12 [=>............................] - ETA: 0s - loss: 0.0486
 3/12 [======>.......................] - ETA: 0s - loss: 0.0520
 5/12 [===========>..................] - ETA: 0s - loss: 0.0478
 7/12 [================>.............] - ETA: 0s - loss: 0.0461
 9/12 [=====================>........] - ETA: 0s - loss: 0.0449
11/12 [==========================>...] - ETA: 0s - loss: 0.0442
12/12 [==============================] - 0s 36ms/step - loss: 0.0440
Epoch 219/300

 1/12 [=>............................] - ETA: 0s - loss: 0.0468
 3/12 [======>.......................] - ETA: 0s - loss: 0.0495
 5/12 [===========>..................] - ETA: 0s - loss: 0.0431
 7/12 [================>.............] - ETA: 0s - loss: 0.0436
 9/12 [=====================>........] - ETA: 0s - loss: 0.0451
11/12 [==========================>...] - ETA: 0s - loss: 0.0434
12/12 [==============================] - 0s 37ms/step - loss: 0.0433
Epoch 220/300

 1/12 [=>............................] - ETA: 0s - loss: 0.0432
 3/12 [======>.......................] - ETA: 0s - loss: 0.0423
 5/12 [===========>..................] - ETA: 0s - loss: 0.0467
 7/12 [================>.............] - ETA: 0s - loss: 0.0456
 9/12 [=====================>........] - ETA: 0s - loss: 0.0450
11/12 [==========================>...] - ETA: 0s - loss: 0.0459
12/12 [==============================] - 0s 37ms/step - loss: 0.0463
Epoch 221/300

 1/12 [=>............................] - ETA: 0s - loss: 0.0444
 3/12 [======>.......................] - ETA: 0s - loss: 0.0424
 5/12 [===========>..................] - ETA: 0s - loss: 0.0434
 7/12 [================>.............] - ETA: 0s - loss: 0.0438
 9/12 [=====================>........] - ETA: 0s - loss: 0.0440
11/12 [==========================>...] - ETA: 0s - loss: 0.0434
12/12 [==============================] - 0s 35ms/step - loss: 0.0435
Epoch 221: early stopping

 1/12 [=>............................] - ETA: 6s
 6/12 [==============>...............] - ETA: 0s
12/12 [==============================] - 1s 9ms/step
  params for conformer: lr=0.0001, batch_size=64
[Conformer] Fold 3/3 学習開始
Epoch 1/300

 1/12 [=>............................] - ETA: 1:08 - loss: 0.7817
 2/12 [====>.........................] - ETA: 0s - loss: 0.7872  
 4/12 [=========>....................] - ETA: 0s - loss: 0.7541
 6/12 [==============>...............] - ETA: 0s - loss: 0.7013
 8/12 [===================>..........] - ETA: 0s - loss: 0.6714
10/12 [========================>.....] - ETA: 0s - loss: 0.6059
12/12 [==============================] - ETA: 0s - loss: 0.5812
12/12 [==============================] - 7s 36ms/step - loss: 0.5812
Epoch 2/300

 1/12 [=>............................] - ETA: 0s - loss: 0.3160
 3/12 [======>.......................] - ETA: 0s - loss: 0.3319
 5/12 [===========>..................] - ETA: 0s - loss: 0.3833
 7/12 [================>.............] - ETA: 0s - loss: 0.3630
 9/12 [=====================>........] - ETA: 0s - loss: 0.3570
11/12 [==========================>...] - ETA: 0s - loss: 0.3395
12/12 [==============================] - 0s 36ms/step - loss: 0.3376
Epoch 3/300

 1/12 [=>............................] - ETA: 0s - loss: 0.2865
 3/12 [======>.......................] - ETA: 0s - loss: 0.2749
 5/12 [===========>..................] - ETA: 0s - loss: 0.2886
 7/12 [================>.............] - ETA: 0s - loss: 0.2745
 9/12 [=====================>........] - ETA: 0s - loss: 0.2739
11/12 [==========================>...] - ETA: 0s - loss: 0.2765
12/12 [==============================] - 0s 36ms/step - loss: 0.2782
Epoch 4/300

 1/12 [=>............................] - ETA: 0s - loss: 0.2524
 3/12 [======>.......................] - ETA: 0s - loss: 0.2621
 5/12 [===========>..................] - ETA: 0s - loss: 0.2812
 7/12 [================>.............] - ETA: 0s - loss: 0.2714
 9/12 [=====================>........] - ETA: 0s - loss: 0.2652
10/12 [========================>.....] - ETA: 0s - loss: 0.2639
12/12 [==============================] - ETA: 0s - loss: 0.2611
12/12 [==============================] - 0s 38ms/step - loss: 0.2611
Epoch 5/300

 1/12 [=>............................] - ETA: 0s - loss: 0.2865
 3/12 [======>.......................] - ETA: 0s - loss: 0.2949
 5/12 [===========>..................] - ETA: 0s - loss: 0.2781
 7/12 [================>.............] - ETA: 0s - loss: 0.2566
 9/12 [=====================>........] - ETA: 0s - loss: 0.2400
11/12 [==========================>...] - ETA: 0s - loss: 0.2361
12/12 [==============================] - 0s 36ms/step - loss: 0.2349
Epoch 6/300

 1/12 [=>............................] - ETA: 0s - loss: 0.2077
 3/12 [======>.......................] - ETA: 0s - loss: 0.2019
 5/12 [===========>..................] - ETA: 0s - loss: 0.2174
 7/12 [================>.............] - ETA: 0s - loss: 0.2092
 9/12 [=====================>........] - ETA: 0s - loss: 0.2098
11/12 [==========================>...] - ETA: 0s - loss: 0.2194
12/12 [==============================] - 0s 35ms/step - loss: 0.2166
Epoch 7/300

 1/12 [=>............................] - ETA: 0s - loss: 0.2223
 3/12 [======>.......................] - ETA: 0s - loss: 0.2146
 5/12 [===========>..................] - ETA: 0s - loss: 0.2000
 7/12 [================>.............] - ETA: 0s - loss: 0.2061
 9/12 [=====================>........] - ETA: 0s - loss: 0.2026
11/12 [==========================>...] - ETA: 0s - loss: 0.2066
12/12 [==============================] - 0s 35ms/step - loss: 0.2056
Epoch 8/300

 1/12 [=>............................] - ETA: 0s - loss: 0.2455
 2/12 [====>.........................] - ETA: 0s - loss: 0.2210
 4/12 [=========>....................] - ETA: 0s - loss: 0.2226
 6/12 [==============>...............] - ETA: 0s - loss: 0.2098
 8/12 [===================>..........] - ETA: 0s - loss: 0.1962
10/12 [========================>.....] - ETA: 0s - loss: 0.2011
12/12 [==============================] - ETA: 0s - loss: 0.2054
12/12 [==============================] - 0s 36ms/step - loss: 0.2054
Epoch 9/300

 1/12 [=>............................] - ETA: 0s - loss: 0.2466
 3/12 [======>.......................] - ETA: 0s - loss: 0.2007
 5/12 [===========>..................] - ETA: 0s - loss: 0.2091
 7/12 [================>.............] - ETA: 0s - loss: 0.2106
 9/12 [=====================>........] - ETA: 0s - loss: 0.2112
11/12 [==========================>...] - ETA: 0s - loss: 0.2075
12/12 [==============================] - 0s 36ms/step - loss: 0.2087
Epoch 10/300

 1/12 [=>............................] - ETA: 0s - loss: 0.2064
 3/12 [======>.......................] - ETA: 0s - loss: 0.2021
 5/12 [===========>..................] - ETA: 0s - loss: 0.2001
 7/12 [================>.............] - ETA: 0s - loss: 0.1939
 9/12 [=====================>........] - ETA: 0s - loss: 0.1934
11/12 [==========================>...] - ETA: 0s - loss: 0.1905
12/12 [==============================] - 0s 35ms/step - loss: 0.1922
Epoch 11/300

 1/12 [=>............................] - ETA: 0s - loss: 0.2194
 3/12 [======>.......................] - ETA: 0s - loss: 0.1933
 5/12 [===========>..................] - ETA: 0s - loss: 0.1855
 7/12 [================>.............] - ETA: 0s - loss: 0.1770
 9/12 [=====================>........] - ETA: 0s - loss: 0.1754
11/12 [==========================>...] - ETA: 0s - loss: 0.1728
12/12 [==============================] - 0s 35ms/step - loss: 0.1718
Epoch 12/300

 1/12 [=>............................] - ETA: 0s - loss: 0.1811
 3/12 [======>.......................] - ETA: 0s - loss: 0.1762
 5/12 [===========>..................] - ETA: 0s - loss: 0.1778
 7/12 [================>.............] - ETA: 0s - loss: 0.1716
 9/12 [=====================>........] - ETA: 0s - loss: 0.1671
11/12 [==========================>...] - ETA: 0s - loss: 0.1614
12/12 [==============================] - 0s 36ms/step - loss: 0.1603
Epoch 13/300

 1/12 [=>............................] - ETA: 0s - loss: 0.1594
 3/12 [======>.......................] - ETA: 0s - loss: 0.1603
 5/12 [===========>..................] - ETA: 0s - loss: 0.1940
 7/12 [================>.............] - ETA: 0s - loss: 0.1883
 8/12 [===================>..........] - ETA: 0s - loss: 0.1845
10/12 [========================>.....] - ETA: 0s - loss: 0.1794
12/12 [==============================] - ETA: 0s - loss: 0.1786
12/12 [==============================] - 0s 36ms/step - loss: 0.1786
Epoch 14/300

 1/12 [=>............................] - ETA: 0s - loss: 0.1411
 3/12 [======>.......................] - ETA: 0s - loss: 0.1486
 5/12 [===========>..................] - ETA: 0s - loss: 0.1590
 7/12 [================>.............] - ETA: 0s - loss: 0.1587
 9/12 [=====================>........] - ETA: 0s - loss: 0.1730
11/12 [==========================>...] - ETA: 0s - loss: 0.1677
12/12 [==============================] - 0s 36ms/step - loss: 0.1663
Epoch 15/300

 1/12 [=>............................] - ETA: 0s - loss: 0.1346
 3/12 [======>.......................] - ETA: 0s - loss: 0.1662
 5/12 [===========>..................] - ETA: 0s - loss: 0.1568
 7/12 [================>.............] - ETA: 0s - loss: 0.1627
 9/12 [=====================>........] - ETA: 0s - loss: 0.1601
11/12 [==========================>...] - ETA: 0s - loss: 0.1587
12/12 [==============================] - 0s 36ms/step - loss: 0.1599
Epoch 16/300

 1/12 [=>............................] - ETA: 0s - loss: 0.1346
 3/12 [======>.......................] - ETA: 0s - loss: 0.1769
 5/12 [===========>..................] - ETA: 0s - loss: 0.1653
 7/12 [================>.............] - ETA: 0s - loss: 0.1688
 9/12 [=====================>........] - ETA: 0s - loss: 0.1667
11/12 [==========================>...] - ETA: 0s - loss: 0.1640
12/12 [==============================] - 0s 36ms/step - loss: 0.1646
Epoch 17/300

 1/12 [=>............................] - ETA: 0s - loss: 0.1849
 3/12 [======>.......................] - ETA: 0s - loss: 0.1805
 5/12 [===========>..................] - ETA: 0s - loss: 0.1670
 7/12 [================>.............] - ETA: 0s - loss: 0.1716
 9/12 [=====================>........] - ETA: 0s - loss: 0.1623
11/12 [==========================>...] - ETA: 0s - loss: 0.1614
12/12 [==============================] - 0s 36ms/step - loss: 0.1596
Epoch 18/300

 1/12 [=>............................] - ETA: 0s - loss: 0.1637
 3/12 [======>.......................] - ETA: 0s - loss: 0.1529
 5/12 [===========>..................] - ETA: 0s - loss: 0.1657
 7/12 [================>.............] - ETA: 0s - loss: 0.1714
 9/12 [=====================>........] - ETA: 0s - loss: 0.1667
11/12 [==========================>...] - ETA: 0s - loss: 0.1609
12/12 [==============================] - 0s 36ms/step - loss: 0.1617
Epoch 19/300

 1/12 [=>............................] - ETA: 0s - loss: 0.1613
 3/12 [======>.......................] - ETA: 0s - loss: 0.1599
 5/12 [===========>..................] - ETA: 0s - loss: 0.1532
 7/12 [================>.............] - ETA: 0s - loss: 0.1503
 9/12 [=====================>........] - ETA: 0s - loss: 0.1507
11/12 [==========================>...] - ETA: 0s - loss: 0.1520
12/12 [==============================] - 0s 36ms/step - loss: 0.1526
Epoch 20/300

 1/12 [=>............................] - ETA: 0s - loss: 0.1082
 3/12 [======>.......................] - ETA: 0s - loss: 0.1322
 5/12 [===========>..................] - ETA: 0s - loss: 0.1296
 7/12 [================>.............] - ETA: 0s - loss: 0.1258
 9/12 [=====================>........] - ETA: 0s - loss: 0.1298
11/12 [==========================>...] - ETA: 0s - loss: 0.1289
12/12 [==============================] - 0s 37ms/step - loss: 0.1312
Epoch 21/300

 1/12 [=>............................] - ETA: 0s - loss: 0.1498
 3/12 [======>.......................] - ETA: 0s - loss: 0.1325
 5/12 [===========>..................] - ETA: 0s - loss: 0.1405
 7/12 [================>.............] - ETA: 0s - loss: 0.1323
 9/12 [=====================>........] - ETA: 0s - loss: 0.1285
11/12 [==========================>...] - ETA: 0s - loss: 0.1299
12/12 [==============================] - 0s 38ms/step - loss: 0.1300
Epoch 22/300

 1/12 [=>............................] - ETA: 0s - loss: 0.1080
 3/12 [======>.......................] - ETA: 0s - loss: 0.1341
 5/12 [===========>..................] - ETA: 0s - loss: 0.1332
 7/12 [================>.............] - ETA: 0s - loss: 0.1243
 9/12 [=====================>........] - ETA: 0s - loss: 0.1241
11/12 [==========================>...] - ETA: 0s - loss: 0.1297
12/12 [==============================] - 0s 36ms/step - loss: 0.1291
Epoch 23/300

 1/12 [=>............................] - ETA: 0s - loss: 0.1632
 3/12 [======>.......................] - ETA: 0s - loss: 0.1314
 5/12 [===========>..................] - ETA: 0s - loss: 0.1344
 6/12 [==============>...............] - ETA: 0s - loss: 0.1334
 8/12 [===================>..........] - ETA: 0s - loss: 0.1256
10/12 [========================>.....] - ETA: 0s - loss: 0.1275
12/12 [==============================] - ETA: 0s - loss: 0.1376
12/12 [==============================] - 0s 38ms/step - loss: 0.1376
Epoch 24/300

 1/12 [=>............................] - ETA: 0s - loss: 0.1200
 3/12 [======>.......................] - ETA: 0s - loss: 0.1275
 5/12 [===========>..................] - ETA: 0s - loss: 0.1246
 7/12 [================>.............] - ETA: 0s - loss: 0.1248
 9/12 [=====================>........] - ETA: 0s - loss: 0.1262
11/12 [==========================>...] - ETA: 0s - loss: 0.1275
12/12 [==============================] - 0s 36ms/step - loss: 0.1301
Epoch 25/300

 1/12 [=>............................] - ETA: 0s - loss: 0.1311
 3/12 [======>.......................] - ETA: 0s - loss: 0.1236
 5/12 [===========>..................] - ETA: 0s - loss: 0.1238
 7/12 [================>.............] - ETA: 0s - loss: 0.1210
 9/12 [=====================>........] - ETA: 0s - loss: 0.1167
11/12 [==========================>...] - ETA: 0s - loss: 0.1161
12/12 [==============================] - 0s 36ms/step - loss: 0.1160
Epoch 26/300

 1/12 [=>............................] - ETA: 0s - loss: 0.1139
 3/12 [======>.......................] - ETA: 0s - loss: 0.1208
 5/12 [===========>..................] - ETA: 0s - loss: 0.1295
 7/12 [================>.............] - ETA: 0s - loss: 0.1280
 9/12 [=====================>........] - ETA: 0s - loss: 0.1274
11/12 [==========================>...] - ETA: 0s - loss: 0.1288
12/12 [==============================] - 0s 36ms/step - loss: 0.1291
Epoch 27/300

 1/12 [=>............................] - ETA: 0s - loss: 0.1466
 3/12 [======>.......................] - ETA: 0s - loss: 0.1372
 5/12 [===========>..................] - ETA: 0s - loss: 0.1282
 7/12 [================>.............] - ETA: 0s - loss: 0.1302
 9/12 [=====================>........] - ETA: 0s - loss: 0.1282
11/12 [==========================>...] - ETA: 0s - loss: 0.1230
12/12 [==============================] - 0s 36ms/step - loss: 0.1231
Epoch 28/300

 1/12 [=>............................] - ETA: 0s - loss: 0.1373
 3/12 [======>.......................] - ETA: 0s - loss: 0.1208
 5/12 [===========>..................] - ETA: 0s - loss: 0.1248
 7/12 [================>.............] - ETA: 0s - loss: 0.1177
 8/12 [===================>..........] - ETA: 0s - loss: 0.1219
10/12 [========================>.....] - ETA: 0s - loss: 0.1305
12/12 [==============================] - ETA: 0s - loss: 0.1277
12/12 [==============================] - 0s 36ms/step - loss: 0.1277
Epoch 29/300

 1/12 [=>............................] - ETA: 0s - loss: 0.1428
 3/12 [======>.......................] - ETA: 0s - loss: 0.1183
 5/12 [===========>..................] - ETA: 0s - loss: 0.1140
 7/12 [================>.............] - ETA: 0s - loss: 0.1200
 9/12 [=====================>........] - ETA: 0s - loss: 0.1173
11/12 [==========================>...] - ETA: 0s - loss: 0.1123
12/12 [==============================] - 0s 36ms/step - loss: 0.1127
Epoch 30/300

 1/12 [=>............................] - ETA: 0s - loss: 0.1410
 3/12 [======>.......................] - ETA: 0s - loss: 0.1255
 5/12 [===========>..................] - ETA: 0s - loss: 0.1153
 7/12 [================>.............] - ETA: 0s - loss: 0.1188
 9/12 [=====================>........] - ETA: 0s - loss: 0.1185
11/12 [==========================>...] - ETA: 0s - loss: 0.1226
12/12 [==============================] - 0s 35ms/step - loss: 0.1240
Epoch 31/300

 1/12 [=>............................] - ETA: 0s - loss: 0.1088
 3/12 [======>.......................] - ETA: 0s - loss: 0.1225
 5/12 [===========>..................] - ETA: 0s - loss: 0.1133
 7/12 [================>.............] - ETA: 0s - loss: 0.1115
 9/12 [=====================>........] - ETA: 0s - loss: 0.1134
11/12 [==========================>...] - ETA: 0s - loss: 0.1167
12/12 [==============================] - 0s 36ms/step - loss: 0.1169
Epoch 32/300

 1/12 [=>............................] - ETA: 0s - loss: 0.1041
 3/12 [======>.......................] - ETA: 0s - loss: 0.1078
 5/12 [===========>..................] - ETA: 0s - loss: 0.1081
 7/12 [================>.............] - ETA: 0s - loss: 0.1059
 9/12 [=====================>........] - ETA: 0s - loss: 0.1117
11/12 [==========================>...] - ETA: 0s - loss: 0.1071
12/12 [==============================] - 0s 39ms/step - loss: 0.1076
Epoch 33/300

 1/12 [=>............................] - ETA: 0s - loss: 0.1001
 3/12 [======>.......................] - ETA: 0s - loss: 0.1125
 5/12 [===========>..................] - ETA: 0s - loss: 0.1149
 7/12 [================>.............] - ETA: 0s - loss: 0.1129
 8/12 [===================>..........] - ETA: 0s - loss: 0.1104
10/12 [========================>.....] - ETA: 0s - loss: 0.1101
12/12 [==============================] - ETA: 0s - loss: 0.1094
12/12 [==============================] - 0s 39ms/step - loss: 0.1094
Epoch 34/300

 1/12 [=>............................] - ETA: 0s - loss: 0.1224
 3/12 [======>.......................] - ETA: 0s - loss: 0.1131
 5/12 [===========>..................] - ETA: 0s - loss: 0.1101
 7/12 [================>.............] - ETA: 0s - loss: 0.1124
 8/12 [===================>..........] - ETA: 0s - loss: 0.1122
10/12 [========================>.....] - ETA: 0s - loss: 0.1103
12/12 [==============================] - ETA: 0s - loss: 0.1111
12/12 [==============================] - 0s 38ms/step - loss: 0.1111
Epoch 35/300

 1/12 [=>............................] - ETA: 0s - loss: 0.0989
 3/12 [======>.......................] - ETA: 0s - loss: 0.1008
 5/12 [===========>..................] - ETA: 0s - loss: 0.1091
 7/12 [================>.............] - ETA: 0s - loss: 0.1082
 9/12 [=====================>........] - ETA: 0s - loss: 0.1106
11/12 [==========================>...] - ETA: 0s - loss: 0.1066
12/12 [==============================] - 0s 36ms/step - loss: 0.1057
Epoch 36/300

 1/12 [=>............................] - ETA: 0s - loss: 0.1280
 3/12 [======>.......................] - ETA: 0s - loss: 0.1097
 5/12 [===========>..................] - ETA: 0s - loss: 0.1089
 7/12 [================>.............] - ETA: 0s - loss: 0.1080
 9/12 [=====================>........] - ETA: 0s - loss: 0.1097
10/12 [========================>.....] - ETA: 0s - loss: 0.1114
12/12 [==============================] - ETA: 0s - loss: 0.1102
12/12 [==============================] - 0s 36ms/step - loss: 0.1102
Epoch 37/300

 1/12 [=>............................] - ETA: 0s - loss: 0.0992
 3/12 [======>.......................] - ETA: 0s - loss: 0.1068
 5/12 [===========>..................] - ETA: 0s - loss: 0.1071
 7/12 [================>.............] - ETA: 0s - loss: 0.1081
 9/12 [=====================>........] - ETA: 0s - loss: 0.1063
11/12 [==========================>...] - ETA: 0s - loss: 0.1066
12/12 [==============================] - 0s 36ms/step - loss: 0.1059
Epoch 38/300

 1/12 [=>............................] - ETA: 0s - loss: 0.0967
 2/12 [====>.........................] - ETA: 0s - loss: 0.0956
 4/12 [=========>....................] - ETA: 0s - loss: 0.1074
 6/12 [==============>...............] - ETA: 0s - loss: 0.1126
 8/12 [===================>..........] - ETA: 0s - loss: 0.1102
10/12 [========================>.....] - ETA: 0s - loss: 0.1120
12/12 [==============================] - ETA: 0s - loss: 0.1110
12/12 [==============================] - 0s 38ms/step - loss: 0.1110
Epoch 39/300

 1/12 [=>............................] - ETA: 0s - loss: 0.0982
 3/12 [======>.......................] - ETA: 0s - loss: 0.1123
 4/12 [=========>....................] - ETA: 0s - loss: 0.1207
 6/12 [==============>...............] - ETA: 0s - loss: 0.1113
 8/12 [===================>..........] - ETA: 0s - loss: 0.1074
 9/12 [=====================>........] - ETA: 0s - loss: 0.1110
11/12 [==========================>...] - ETA: 0s - loss: 0.1118
12/12 [==============================] - 0s 36ms/step - loss: 0.1118
Epoch 40/300

 1/12 [=>............................] - ETA: 0s - loss: 0.0851
 3/12 [======>.......................] - ETA: 0s - loss: 0.0920
 5/12 [===========>..................] - ETA: 0s - loss: 0.0959
 7/12 [================>.............] - ETA: 0s - loss: 0.0938
 9/12 [=====================>........] - ETA: 0s - loss: 0.0936
11/12 [==========================>...] - ETA: 0s - loss: 0.0934
12/12 [==============================] - 0s 36ms/step - loss: 0.0927
Epoch 41/300

 1/12 [=>............................] - ETA: 0s - loss: 0.1069
 2/12 [====>.........................] - ETA: 0s - loss: 0.1287
 4/12 [=========>....................] - ETA: 0s - loss: 0.1253
 6/12 [==============>...............] - ETA: 0s - loss: 0.1193
 8/12 [===================>..........] - ETA: 0s - loss: 0.1108
10/12 [========================>.....] - ETA: 0s - loss: 0.1058
12/12 [==============================] - ETA: 0s - loss: 0.1048
12/12 [==============================] - 0s 36ms/step - loss: 0.1048
Epoch 42/300

 1/12 [=>............................] - ETA: 0s - loss: 0.0918
 3/12 [======>.......................] - ETA: 0s - loss: 0.1071
 5/12 [===========>..................] - ETA: 0s - loss: 0.1018
 7/12 [================>.............] - ETA: 0s - loss: 0.0992
 9/12 [=====================>........] - ETA: 0s - loss: 0.0985
11/12 [==========================>...] - ETA: 0s - loss: 0.1015
12/12 [==============================] - 0s 36ms/step - loss: 0.1004
Epoch 43/300

 1/12 [=>............................] - ETA: 0s - loss: 0.1061
 3/12 [======>.......................] - ETA: 0s - loss: 0.1005
 5/12 [===========>..................] - ETA: 0s - loss: 0.0971
 7/12 [================>.............] - ETA: 0s - loss: 0.0998
 9/12 [=====================>........] - ETA: 0s - loss: 0.0968
11/12 [==========================>...] - ETA: 0s - loss: 0.1001
12/12 [==============================] - 0s 38ms/step - loss: 0.0991
Epoch 44/300

 1/12 [=>............................] - ETA: 0s - loss: 0.1197
 3/12 [======>.......................] - ETA: 0s - loss: 0.1043
 5/12 [===========>..................] - ETA: 0s - loss: 0.0936
 7/12 [================>.............] - ETA: 0s - loss: 0.0922
 9/12 [=====================>........] - ETA: 0s - loss: 0.0930
11/12 [==========================>...] - ETA: 0s - loss: 0.0955
12/12 [==============================] - 0s 38ms/step - loss: 0.0944
Epoch 45/300

 1/12 [=>............................] - ETA: 0s - loss: 0.1099
 3/12 [======>.......................] - ETA: 0s - loss: 0.0985
 5/12 [===========>..................] - ETA: 0s - loss: 0.0897
 7/12 [================>.............] - ETA: 0s - loss: 0.0940
 9/12 [=====================>........] - ETA: 0s - loss: 0.0983
11/12 [==========================>...] - ETA: 0s - loss: 0.0980
12/12 [==============================] - 0s 36ms/step - loss: 0.0977
Epoch 46/300

 1/12 [=>............................] - ETA: 0s - loss: 0.0963
 3/12 [======>.......................] - ETA: 0s - loss: 0.1020
 5/12 [===========>..................] - ETA: 0s - loss: 0.0919
 7/12 [================>.............] - ETA: 0s - loss: 0.0919
 9/12 [=====================>........] - ETA: 0s - loss: 0.0934
11/12 [==========================>...] - ETA: 0s - loss: 0.0910
12/12 [==============================] - 0s 36ms/step - loss: 0.0917
Epoch 47/300

 1/12 [=>............................] - ETA: 0s - loss: 0.1098
 3/12 [======>.......................] - ETA: 0s - loss: 0.1036
 5/12 [===========>..................] - ETA: 0s - loss: 0.1090
 7/12 [================>.............] - ETA: 0s - loss: 0.1068
 8/12 [===================>..........] - ETA: 0s - loss: 0.1064
10/12 [========================>.....] - ETA: 0s - loss: 0.1034
12/12 [==============================] - ETA: 0s - loss: 0.1026
12/12 [==============================] - 0s 36ms/step - loss: 0.1026
Epoch 48/300

 1/12 [=>............................] - ETA: 0s - loss: 0.1000
 3/12 [======>.......................] - ETA: 0s - loss: 0.1022
 5/12 [===========>..................] - ETA: 0s - loss: 0.0946
 7/12 [================>.............] - ETA: 0s - loss: 0.0982
 8/12 [===================>..........] - ETA: 0s - loss: 0.0970
10/12 [========================>.....] - ETA: 0s - loss: 0.0987
12/12 [==============================] - ETA: 0s - loss: 0.0994
12/12 [==============================] - 0s 36ms/step - loss: 0.0994
Epoch 49/300

 1/12 [=>............................] - ETA: 0s - loss: 0.0861
 3/12 [======>.......................] - ETA: 0s - loss: 0.0960
 5/12 [===========>..................] - ETA: 0s - loss: 0.0971
 7/12 [================>.............] - ETA: 0s - loss: 0.0954
 9/12 [=====================>........] - ETA: 0s - loss: 0.0926
10/12 [========================>.....] - ETA: 0s - loss: 0.0909
12/12 [==============================] - ETA: 0s - loss: 0.0878
12/12 [==============================] - 0s 38ms/step - loss: 0.0878
Epoch 50/300

 1/12 [=>............................] - ETA: 0s - loss: 0.0880
 3/12 [======>.......................] - ETA: 0s - loss: 0.0937
 5/12 [===========>..................] - ETA: 0s - loss: 0.0939
 7/12 [================>.............] - ETA: 0s - loss: 0.0922
 9/12 [=====================>........] - ETA: 0s - loss: 0.0964
11/12 [==========================>...] - ETA: 0s - loss: 0.0932
12/12 [==============================] - 0s 36ms/step - loss: 0.0935
Epoch 51/300

 1/12 [=>............................] - ETA: 0s - loss: 0.1042
 3/12 [======>.......................] - ETA: 0s - loss: 0.0925
 5/12 [===========>..................] - ETA: 0s - loss: 0.0926
 7/12 [================>.............] - ETA: 0s - loss: 0.0914
 9/12 [=====================>........] - ETA: 0s - loss: 0.0924
11/12 [==========================>...] - ETA: 0s - loss: 0.0933
12/12 [==============================] - 0s 37ms/step - loss: 0.0924
Epoch 52/300

 1/12 [=>............................] - ETA: 0s - loss: 0.1012
 3/12 [======>.......................] - ETA: 0s - loss: 0.1013
 5/12 [===========>..................] - ETA: 0s - loss: 0.1040
 7/12 [================>.............] - ETA: 0s - loss: 0.1002
 9/12 [=====================>........] - ETA: 0s - loss: 0.0973
11/12 [==========================>...] - ETA: 0s - loss: 0.0947
12/12 [==============================] - 0s 36ms/step - loss: 0.0941
Epoch 53/300

 1/12 [=>............................] - ETA: 0s - loss: 0.0682
 3/12 [======>.......................] - ETA: 0s - loss: 0.0766
 5/12 [===========>..................] - ETA: 0s - loss: 0.0811
 7/12 [================>.............] - ETA: 0s - loss: 0.0879
 9/12 [=====================>........] - ETA: 0s - loss: 0.0861
11/12 [==========================>...] - ETA: 0s - loss: 0.0890
12/12 [==============================] - 0s 36ms/step - loss: 0.0881
Epoch 54/300

 1/12 [=>............................] - ETA: 0s - loss: 0.0861
 3/12 [======>.......................] - ETA: 0s - loss: 0.0918
 4/12 [=========>....................] - ETA: 0s - loss: 0.0968
 6/12 [==============>...............] - ETA: 0s - loss: 0.0937
 8/12 [===================>..........] - ETA: 0s - loss: 0.0921
10/12 [========================>.....] - ETA: 0s - loss: 0.0939
12/12 [==============================] - ETA: 0s - loss: 0.0929
12/12 [==============================] - 0s 36ms/step - loss: 0.0929
Epoch 55/300

 1/12 [=>............................] - ETA: 0s - loss: 0.0841
 3/12 [======>.......................] - ETA: 0s - loss: 0.0888
 5/12 [===========>..................] - ETA: 0s - loss: 0.0918
 7/12 [================>.............] - ETA: 0s - loss: 0.0913
 9/12 [=====================>........] - ETA: 0s - loss: 0.0881
11/12 [==========================>...] - ETA: 0s - loss: 0.0896
12/12 [==============================] - 0s 36ms/step - loss: 0.0900
Epoch 56/300

 1/12 [=>............................] - ETA: 0s - loss: 0.0924
 3/12 [======>.......................] - ETA: 0s - loss: 0.0832
 5/12 [===========>..................] - ETA: 0s - loss: 0.0874
 7/12 [================>.............] - ETA: 0s - loss: 0.0874
 9/12 [=====================>........] - ETA: 0s - loss: 0.0894
11/12 [==========================>...] - ETA: 0s - loss: 0.0885
12/12 [==============================] - 0s 37ms/step - loss: 0.0878
Epoch 57/300

 1/12 [=>............................] - ETA: 0s - loss: 0.1041
 3/12 [======>.......................] - ETA: 0s - loss: 0.0945
 5/12 [===========>..................] - ETA: 0s - loss: 0.0948
 7/12 [================>.............] - ETA: 0s - loss: 0.0911
 9/12 [=====================>........] - ETA: 0s - loss: 0.0881
11/12 [==========================>...] - ETA: 0s - loss: 0.0869
12/12 [==============================] - 0s 35ms/step - loss: 0.0868
Epoch 58/300

 1/12 [=>............................] - ETA: 0s - loss: 0.0834
 2/12 [====>.........................] - ETA: 0s - loss: 0.0948
 4/12 [=========>....................] - ETA: 0s - loss: 0.0908
 6/12 [==============>...............] - ETA: 0s - loss: 0.0833
 8/12 [===================>..........] - ETA: 0s - loss: 0.0830
10/12 [========================>.....] - ETA: 0s - loss: 0.0828
11/12 [==========================>...] - ETA: 0s - loss: 0.0844
12/12 [==============================] - 0s 38ms/step - loss: 0.0848
Epoch 59/300

 1/12 [=>............................] - ETA: 0s - loss: 0.0730
 3/12 [======>.......................] - ETA: 0s - loss: 0.0869
 5/12 [===========>..................] - ETA: 0s - loss: 0.0940
 7/12 [================>.............] - ETA: 0s - loss: 0.0907
 9/12 [=====================>........] - ETA: 0s - loss: 0.0914
11/12 [==========================>...] - ETA: 0s - loss: 0.0903
12/12 [==============================] - 0s 36ms/step - loss: 0.0905
Epoch 60/300

 1/12 [=>............................] - ETA: 0s - loss: 0.0619
 3/12 [======>.......................] - ETA: 0s - loss: 0.0712
 5/12 [===========>..................] - ETA: 0s - loss: 0.0744
 7/12 [================>.............] - ETA: 0s - loss: 0.0791
 9/12 [=====================>........] - ETA: 0s - loss: 0.0783
11/12 [==========================>...] - ETA: 0s - loss: 0.0769
12/12 [==============================] - 0s 36ms/step - loss: 0.0778
Epoch 61/300

 1/12 [=>............................] - ETA: 0s - loss: 0.0945
 3/12 [======>.......................] - ETA: 0s - loss: 0.0791
 5/12 [===========>..................] - ETA: 0s - loss: 0.0875
 7/12 [================>.............] - ETA: 0s - loss: 0.0947
 9/12 [=====================>........] - ETA: 0s - loss: 0.0900
11/12 [==========================>...] - ETA: 0s - loss: 0.0898
12/12 [==============================] - 0s 35ms/step - loss: 0.0906
Epoch 62/300

 1/12 [=>............................] - ETA: 0s - loss: 0.0749
 3/12 [======>.......................] - ETA: 0s - loss: 0.0875
 5/12 [===========>..................] - ETA: 0s - loss: 0.0849
 7/12 [================>.............] - ETA: 0s - loss: 0.0848
 9/12 [=====================>........] - ETA: 0s - loss: 0.0843
11/12 [==========================>...] - ETA: 0s - loss: 0.0823
12/12 [==============================] - 0s 36ms/step - loss: 0.0820
Epoch 63/300

 1/12 [=>............................] - ETA: 0s - loss: 0.0920
 3/12 [======>.......................] - ETA: 0s - loss: 0.0900
 5/12 [===========>..................] - ETA: 0s - loss: 0.0832
 7/12 [================>.............] - ETA: 0s - loss: 0.0830
 9/12 [=====================>........] - ETA: 0s - loss: 0.0805
11/12 [==========================>...] - ETA: 0s - loss: 0.0812
12/12 [==============================] - 0s 36ms/step - loss: 0.0813
Epoch 64/300

 1/12 [=>............................] - ETA: 0s - loss: 0.0630
 3/12 [======>.......................] - ETA: 0s - loss: 0.0746
 5/12 [===========>..................] - ETA: 0s - loss: 0.0816
 7/12 [================>.............] - ETA: 0s - loss: 0.0863
 9/12 [=====================>........] - ETA: 0s - loss: 0.0871
11/12 [==========================>...] - ETA: 0s - loss: 0.0901
12/12 [==============================] - 0s 36ms/step - loss: 0.0901
Epoch 65/300

 1/12 [=>............................] - ETA: 0s - loss: 0.0734
 3/12 [======>.......................] - ETA: 0s - loss: 0.0874
 5/12 [===========>..................] - ETA: 0s - loss: 0.0858
 7/12 [================>.............] - ETA: 0s - loss: 0.0893
 9/12 [=====================>........] - ETA: 0s - loss: 0.0910
11/12 [==========================>...] - ETA: 0s - loss: 0.0898
12/12 [==============================] - 0s 36ms/step - loss: 0.0901
Epoch 66/300

 1/12 [=>............................] - ETA: 0s - loss: 0.0890
 3/12 [======>.......................] - ETA: 0s - loss: 0.0753
 5/12 [===========>..................] - ETA: 0s - loss: 0.0819
 7/12 [================>.............] - ETA: 0s - loss: 0.0781
 9/12 [=====================>........] - ETA: 0s - loss: 0.0793
11/12 [==========================>...] - ETA: 0s - loss: 0.0799
12/12 [==============================] - 0s 36ms/step - loss: 0.0796
Epoch 67/300

 1/12 [=>............................] - ETA: 0s - loss: 0.0620
 3/12 [======>.......................] - ETA: 0s - loss: 0.0915
 5/12 [===========>..................] - ETA: 0s - loss: 0.0881
 7/12 [================>.............] - ETA: 0s - loss: 0.0855
 9/12 [=====================>........] - ETA: 0s - loss: 0.0877
11/12 [==========================>...] - ETA: 0s - loss: 0.0847
12/12 [==============================] - 0s 37ms/step - loss: 0.0844
Epoch 68/300

 1/12 [=>............................] - ETA: 0s - loss: 0.0787
 3/12 [======>.......................] - ETA: 0s - loss: 0.0842
 5/12 [===========>..................] - ETA: 0s - loss: 0.0815
 7/12 [================>.............] - ETA: 0s - loss: 0.0805
 9/12 [=====================>........] - ETA: 0s - loss: 0.0787
11/12 [==========================>...] - ETA: 0s - loss: 0.0786
12/12 [==============================] - 0s 39ms/step - loss: 0.0797
Epoch 69/300

 1/12 [=>............................] - ETA: 0s - loss: 0.0777
 3/12 [======>.......................] - ETA: 0s - loss: 0.0770
 5/12 [===========>..................] - ETA: 0s - loss: 0.0743
 7/12 [================>.............] - ETA: 0s - loss: 0.0695
 9/12 [=====================>........] - ETA: 0s - loss: 0.0713
10/12 [========================>.....] - ETA: 0s - loss: 0.0721
12/12 [==============================] - ETA: 0s - loss: 0.0742
12/12 [==============================] - 0s 40ms/step - loss: 0.0742
Epoch 70/300

 1/12 [=>............................] - ETA: 0s - loss: 0.0817
 3/12 [======>.......................] - ETA: 0s - loss: 0.0807
 5/12 [===========>..................] - ETA: 0s - loss: 0.0892
 7/12 [================>.............] - ETA: 0s - loss: 0.0878
 9/12 [=====================>........] - ETA: 0s - loss: 0.0859
11/12 [==========================>...] - ETA: 0s - loss: 0.0836
12/12 [==============================] - 0s 38ms/step - loss: 0.0831
Epoch 71/300

 1/12 [=>............................] - ETA: 0s - loss: 0.0861
 3/12 [======>.......................] - ETA: 0s - loss: 0.0781
 5/12 [===========>..................] - ETA: 0s - loss: 0.0744
 7/12 [================>.............] - ETA: 0s - loss: 0.0771
 9/12 [=====================>........] - ETA: 0s - loss: 0.0732
11/12 [==========================>...] - ETA: 0s - loss: 0.0763
12/12 [==============================] - 0s 36ms/step - loss: 0.0761
Epoch 72/300

 1/12 [=>............................] - ETA: 0s - loss: 0.0809
 3/12 [======>.......................] - ETA: 0s - loss: 0.0701
 5/12 [===========>..................] - ETA: 0s - loss: 0.0764
 7/12 [================>.............] - ETA: 0s - loss: 0.0749
 9/12 [=====================>........] - ETA: 0s - loss: 0.0737
11/12 [==========================>...] - ETA: 0s - loss: 0.0729
12/12 [==============================] - 0s 37ms/step - loss: 0.0734
Epoch 73/300

 1/12 [=>............................] - ETA: 0s - loss: 0.0661
 3/12 [======>.......................] - ETA: 0s - loss: 0.0763
 5/12 [===========>..................] - ETA: 0s - loss: 0.0781
 7/12 [================>.............] - ETA: 0s - loss: 0.0818
 9/12 [=====================>........] - ETA: 0s - loss: 0.0810
11/12 [==========================>...] - ETA: 0s - loss: 0.0814
12/12 [==============================] - 0s 36ms/step - loss: 0.0810
Epoch 74/300

 1/12 [=>............................] - ETA: 0s - loss: 0.0713
 2/12 [====>.........................] - ETA: 0s - loss: 0.0726
 4/12 [=========>....................] - ETA: 0s - loss: 0.0736
 6/12 [==============>...............] - ETA: 0s - loss: 0.0773
 8/12 [===================>..........] - ETA: 0s - loss: 0.0777
10/12 [========================>.....] - ETA: 0s - loss: 0.0763
12/12 [==============================] - ETA: 0s - loss: 0.0766
12/12 [==============================] - 0s 37ms/step - loss: 0.0766
Epoch 75/300

 1/12 [=>............................] - ETA: 0s - loss: 0.0632
 3/12 [======>.......................] - ETA: 0s - loss: 0.0686
 5/12 [===========>..................] - ETA: 0s - loss: 0.0713
 7/12 [================>.............] - ETA: 0s - loss: 0.0741
 9/12 [=====================>........] - ETA: 0s - loss: 0.0764
11/12 [==========================>...] - ETA: 0s - loss: 0.0749
12/12 [==============================] - 0s 36ms/step - loss: 0.0754
Epoch 76/300

 1/12 [=>............................] - ETA: 0s - loss: 0.0395
 3/12 [======>.......................] - ETA: 0s - loss: 0.0601
 5/12 [===========>..................] - ETA: 0s - loss: 0.0648
 7/12 [================>.............] - ETA: 0s - loss: 0.0647
 9/12 [=====================>........] - ETA: 0s - loss: 0.0683
11/12 [==========================>...] - ETA: 0s - loss: 0.0698
12/12 [==============================] - 0s 36ms/step - loss: 0.0696
Epoch 77/300

 1/12 [=>............................] - ETA: 0s - loss: 0.0485
 3/12 [======>.......................] - ETA: 0s - loss: 0.0785
 5/12 [===========>..................] - ETA: 0s - loss: 0.0746
 7/12 [================>.............] - ETA: 0s - loss: 0.0748
 9/12 [=====================>........] - ETA: 0s - loss: 0.0731
11/12 [==========================>...] - ETA: 0s - loss: 0.0727
12/12 [==============================] - 0s 36ms/step - loss: 0.0727
Epoch 78/300

 1/12 [=>............................] - ETA: 0s - loss: 0.0760
 3/12 [======>.......................] - ETA: 0s - loss: 0.0799
 5/12 [===========>..................] - ETA: 0s - loss: 0.0826
 7/12 [================>.............] - ETA: 0s - loss: 0.0774
 9/12 [=====================>........] - ETA: 0s - loss: 0.0721
11/12 [==========================>...] - ETA: 0s - loss: 0.0710
12/12 [==============================] - 0s 36ms/step - loss: 0.0721
Epoch 79/300

 1/12 [=>............................] - ETA: 0s - loss: 0.0719
 3/12 [======>.......................] - ETA: 0s - loss: 0.0738
 5/12 [===========>..................] - ETA: 0s - loss: 0.0799
 7/12 [================>.............] - ETA: 0s - loss: 0.0805
 9/12 [=====================>........] - ETA: 0s - loss: 0.0801
11/12 [==========================>...] - ETA: 0s - loss: 0.0776
12/12 [==============================] - 0s 36ms/step - loss: 0.0775
Epoch 80/300

 1/12 [=>............................] - ETA: 0s - loss: 0.0745
 3/12 [======>.......................] - ETA: 0s - loss: 0.0690
 5/12 [===========>..................] - ETA: 0s - loss: 0.0796
 7/12 [================>.............] - ETA: 0s - loss: 0.0805
 9/12 [=====================>........] - ETA: 0s - loss: 0.0800
11/12 [==========================>...] - ETA: 0s - loss: 0.0795
12/12 [==============================] - 0s 36ms/step - loss: 0.0789
Epoch 81/300

 1/12 [=>............................] - ETA: 0s - loss: 0.0585
 3/12 [======>.......................] - ETA: 0s - loss: 0.0638
 5/12 [===========>..................] - ETA: 0s - loss: 0.0640
 7/12 [================>.............] - ETA: 0s - loss: 0.0675
 9/12 [=====================>........] - ETA: 0s - loss: 0.0679
11/12 [==========================>...] - ETA: 0s - loss: 0.0724
12/12 [==============================] - 0s 36ms/step - loss: 0.0730
Epoch 82/300

 1/12 [=>............................] - ETA: 0s - loss: 0.0774
 3/12 [======>.......................] - ETA: 0s - loss: 0.0844
 5/12 [===========>..................] - ETA: 0s - loss: 0.0771
 7/12 [================>.............] - ETA: 0s - loss: 0.0778
 9/12 [=====================>........] - ETA: 0s - loss: 0.0769
11/12 [==========================>...] - ETA: 0s - loss: 0.0745
12/12 [==============================] - 0s 39ms/step - loss: 0.0749
Epoch 83/300

 1/12 [=>............................] - ETA: 0s - loss: 0.0651
 3/12 [======>.......................] - ETA: 0s - loss: 0.0693
 5/12 [===========>..................] - ETA: 0s - loss: 0.0679
 7/12 [================>.............] - ETA: 0s - loss: 0.0686
 9/12 [=====================>........] - ETA: 0s - loss: 0.0707
11/12 [==========================>...] - ETA: 0s - loss: 0.0732
12/12 [==============================] - 0s 37ms/step - loss: 0.0727
Epoch 84/300

 1/12 [=>............................] - ETA: 0s - loss: 0.1317
 3/12 [======>.......................] - ETA: 0s - loss: 0.0919
 5/12 [===========>..................] - ETA: 0s - loss: 0.0864
 6/12 [==============>...............] - ETA: 0s - loss: 0.0859
 8/12 [===================>..........] - ETA: 0s - loss: 0.0860
10/12 [========================>.....] - ETA: 0s - loss: 0.0833
12/12 [==============================] - ETA: 0s - loss: 0.0823
12/12 [==============================] - 0s 37ms/step - loss: 0.0823
Epoch 85/300

 1/12 [=>............................] - ETA: 0s - loss: 0.0786
 3/12 [======>.......................] - ETA: 0s - loss: 0.0723
 5/12 [===========>..................] - ETA: 0s - loss: 0.0732
 7/12 [================>.............] - ETA: 0s - loss: 0.0751
 9/12 [=====================>........] - ETA: 0s - loss: 0.0737
11/12 [==========================>...] - ETA: 0s - loss: 0.0738
12/12 [==============================] - 0s 36ms/step - loss: 0.0738
Epoch 86/300

 1/12 [=>............................] - ETA: 0s - loss: 0.0600
 3/12 [======>.......................] - ETA: 0s - loss: 0.0779
 5/12 [===========>..................] - ETA: 0s - loss: 0.0781
 7/12 [================>.............] - ETA: 0s - loss: 0.0709
 9/12 [=====================>........] - ETA: 0s - loss: 0.0737
11/12 [==========================>...] - ETA: 0s - loss: 0.0747
12/12 [==============================] - 0s 36ms/step - loss: 0.0747
Epoch 87/300

 1/12 [=>............................] - ETA: 0s - loss: 0.0662
 3/12 [======>.......................] - ETA: 0s - loss: 0.0708
 5/12 [===========>..................] - ETA: 0s - loss: 0.0628
 7/12 [================>.............] - ETA: 0s - loss: 0.0623
 9/12 [=====================>........] - ETA: 0s - loss: 0.0669
11/12 [==========================>...] - ETA: 0s - loss: 0.0685
12/12 [==============================] - 0s 35ms/step - loss: 0.0683
Epoch 88/300

 1/12 [=>............................] - ETA: 0s - loss: 0.0633
 3/12 [======>.......................] - ETA: 0s - loss: 0.0646
 5/12 [===========>..................] - ETA: 0s - loss: 0.0705
 7/12 [================>.............] - ETA: 0s - loss: 0.0687
 9/12 [=====================>........] - ETA: 0s - loss: 0.0684
11/12 [==========================>...] - ETA: 0s - loss: 0.0706
12/12 [==============================] - 0s 36ms/step - loss: 0.0712
Epoch 89/300

 1/12 [=>............................] - ETA: 0s - loss: 0.0756
 3/12 [======>.......................] - ETA: 0s - loss: 0.0663
 5/12 [===========>..................] - ETA: 0s - loss: 0.0671
 7/12 [================>.............] - ETA: 0s - loss: 0.0713
 9/12 [=====================>........] - ETA: 0s - loss: 0.0753
11/12 [==========================>...] - ETA: 0s - loss: 0.0756
12/12 [==============================] - 0s 35ms/step - loss: 0.0750
Epoch 90/300

 1/12 [=>............................] - ETA: 0s - loss: 0.0682
 3/12 [======>.......................] - ETA: 0s - loss: 0.0648
 5/12 [===========>..................] - ETA: 0s - loss: 0.0673
 7/12 [================>.............] - ETA: 0s - loss: 0.0648
 9/12 [=====================>........] - ETA: 0s - loss: 0.0684
11/12 [==========================>...] - ETA: 0s - loss: 0.0687
12/12 [==============================] - 0s 35ms/step - loss: 0.0698
Epoch 91/300

 1/12 [=>............................] - ETA: 0s - loss: 0.0431
 2/12 [====>.........................] - ETA: 0s - loss: 0.0515
 4/12 [=========>....................] - ETA: 0s - loss: 0.0544
 6/12 [==============>...............] - ETA: 0s - loss: 0.0571
 8/12 [===================>..........] - ETA: 0s - loss: 0.0584
10/12 [========================>.....] - ETA: 0s - loss: 0.0601
12/12 [==============================] - ETA: 0s - loss: 0.0610
12/12 [==============================] - 0s 37ms/step - loss: 0.0610
Epoch 92/300

 1/12 [=>............................] - ETA: 0s - loss: 0.0579
 3/12 [======>.......................] - ETA: 0s - loss: 0.0661
 5/12 [===========>..................] - ETA: 0s - loss: 0.0638
 7/12 [================>.............] - ETA: 0s - loss: 0.0663
 9/12 [=====================>........] - ETA: 0s - loss: 0.0659
11/12 [==========================>...] - ETA: 0s - loss: 0.0664
12/12 [==============================] - 0s 35ms/step - loss: 0.0673
Epoch 93/300

 1/12 [=>............................] - ETA: 0s - loss: 0.0756
 3/12 [======>.......................] - ETA: 0s - loss: 0.0813
 5/12 [===========>..................] - ETA: 0s - loss: 0.0736
 7/12 [================>.............] - ETA: 0s - loss: 0.0750
 9/12 [=====================>........] - ETA: 0s - loss: 0.0752
11/12 [==========================>...] - ETA: 0s - loss: 0.0753
12/12 [==============================] - 0s 36ms/step - loss: 0.0755
Epoch 94/300

 1/12 [=>............................] - ETA: 0s - loss: 0.0691
 3/12 [======>.......................] - ETA: 0s - loss: 0.0729
 5/12 [===========>..................] - ETA: 0s - loss: 0.0673
 7/12 [================>.............] - ETA: 0s - loss: 0.0656
 9/12 [=====================>........] - ETA: 0s - loss: 0.0641
11/12 [==========================>...] - ETA: 0s - loss: 0.0651
12/12 [==============================] - 0s 36ms/step - loss: 0.0655
Epoch 95/300

 1/12 [=>............................] - ETA: 0s - loss: 0.0727
 3/12 [======>.......................] - ETA: 0s - loss: 0.0701
 5/12 [===========>..................] - ETA: 0s - loss: 0.0679
 7/12 [================>.............] - ETA: 0s - loss: 0.0692
 9/12 [=====================>........] - ETA: 0s - loss: 0.0693
11/12 [==========================>...] - ETA: 0s - loss: 0.0672
12/12 [==============================] - 0s 36ms/step - loss: 0.0678
Epoch 96/300

 1/12 [=>............................] - ETA: 0s - loss: 0.0616
 3/12 [======>.......................] - ETA: 0s - loss: 0.0621
 5/12 [===========>..................] - ETA: 0s - loss: 0.0691
 7/12 [================>.............] - ETA: 0s - loss: 0.0679
 9/12 [=====================>........] - ETA: 0s - loss: 0.0712
11/12 [==========================>...] - ETA: 0s - loss: 0.0727
12/12 [==============================] - 0s 35ms/step - loss: 0.0723
Epoch 97/300

 1/12 [=>............................] - ETA: 0s - loss: 0.0780
 3/12 [======>.......................] - ETA: 0s - loss: 0.0642
 5/12 [===========>..................] - ETA: 0s - loss: 0.0639
 7/12 [================>.............] - ETA: 0s - loss: 0.0660
 9/12 [=====================>........] - ETA: 0s - loss: 0.0668
10/12 [========================>.....] - ETA: 0s - loss: 0.0666
12/12 [==============================] - ETA: 0s - loss: 0.0653
12/12 [==============================] - 0s 36ms/step - loss: 0.0653
Epoch 98/300

 1/12 [=>............................] - ETA: 0s - loss: 0.0843
 3/12 [======>.......................] - ETA: 0s - loss: 0.0859
 5/12 [===========>..................] - ETA: 0s - loss: 0.0757
 7/12 [================>.............] - ETA: 0s - loss: 0.0719
 9/12 [=====================>........] - ETA: 0s - loss: 0.0686
11/12 [==========================>...] - ETA: 0s - loss: 0.0690
12/12 [==============================] - 0s 36ms/step - loss: 0.0692
Epoch 99/300

 1/12 [=>............................] - ETA: 0s - loss: 0.0520
 3/12 [======>.......................] - ETA: 0s - loss: 0.0620
 5/12 [===========>..................] - ETA: 0s - loss: 0.0689
 7/12 [================>.............] - ETA: 0s - loss: 0.0675
 9/12 [=====================>........] - ETA: 0s - loss: 0.0647
11/12 [==========================>...] - ETA: 0s - loss: 0.0684
12/12 [==============================] - 0s 36ms/step - loss: 0.0690
Epoch 100/300

 1/12 [=>............................] - ETA: 0s - loss: 0.0477
 3/12 [======>.......................] - ETA: 0s - loss: 0.0585
 5/12 [===========>..................] - ETA: 0s - loss: 0.0640
 7/12 [================>.............] - ETA: 0s - loss: 0.0671
 9/12 [=====================>........] - ETA: 0s - loss: 0.0663
11/12 [==========================>...] - ETA: 0s - loss: 0.0676
12/12 [==============================] - 0s 36ms/step - loss: 0.0676
Epoch 101/300

 1/12 [=>............................] - ETA: 0s - loss: 0.0635
 3/12 [======>.......................] - ETA: 0s - loss: 0.0639
 5/12 [===========>..................] - ETA: 0s - loss: 0.0632
 7/12 [================>.............] - ETA: 0s - loss: 0.0640
 9/12 [=====================>........] - ETA: 0s - loss: 0.0644
11/12 [==========================>...] - ETA: 0s - loss: 0.0632
12/12 [==============================] - 0s 36ms/step - loss: 0.0627
Epoch 102/300

 1/12 [=>............................] - ETA: 0s - loss: 0.0477
 2/12 [====>.........................] - ETA: 0s - loss: 0.0607
 4/12 [=========>....................] - ETA: 0s - loss: 0.0687
 6/12 [==============>...............] - ETA: 0s - loss: 0.0711
 8/12 [===================>..........] - ETA: 0s - loss: 0.0696
10/12 [========================>.....] - ETA: 0s - loss: 0.0715
12/12 [==============================] - ETA: 0s - loss: 0.0696
12/12 [==============================] - 0s 36ms/step - loss: 0.0696
Epoch 103/300

 1/12 [=>............................] - ETA: 0s - loss: 0.0781
 2/12 [====>.........................] - ETA: 0s - loss: 0.0686
 4/12 [=========>....................] - ETA: 0s - loss: 0.0624
 6/12 [==============>...............] - ETA: 0s - loss: 0.0652
 8/12 [===================>..........] - ETA: 0s - loss: 0.0656
10/12 [========================>.....] - ETA: 0s - loss: 0.0653
12/12 [==============================] - ETA: 0s - loss: 0.0681
12/12 [==============================] - 0s 38ms/step - loss: 0.0681
Epoch 104/300

 1/12 [=>............................] - ETA: 0s - loss: 0.0722
 3/12 [======>.......................] - ETA: 0s - loss: 0.0647
 5/12 [===========>..................] - ETA: 0s - loss: 0.0706
 7/12 [================>.............] - ETA: 0s - loss: 0.0696
 9/12 [=====================>........] - ETA: 0s - loss: 0.0657
11/12 [==========================>...] - ETA: 0s - loss: 0.0643
12/12 [==============================] - 0s 38ms/step - loss: 0.0663
Epoch 105/300

 1/12 [=>............................] - ETA: 0s - loss: 0.0575
 3/12 [======>.......................] - ETA: 0s - loss: 0.0714
 5/12 [===========>..................] - ETA: 0s - loss: 0.0682
 7/12 [================>.............] - ETA: 0s - loss: 0.0677
 9/12 [=====================>........] - ETA: 0s - loss: 0.0671
11/12 [==========================>...] - ETA: 0s - loss: 0.0639
12/12 [==============================] - 0s 37ms/step - loss: 0.0644
Epoch 106/300

 1/12 [=>............................] - ETA: 0s - loss: 0.0507
 3/12 [======>.......................] - ETA: 0s - loss: 0.0566
 5/12 [===========>..................] - ETA: 0s - loss: 0.0598
 7/12 [================>.............] - ETA: 0s - loss: 0.0630
 9/12 [=====================>........] - ETA: 0s - loss: 0.0608
11/12 [==========================>...] - ETA: 0s - loss: 0.0599
12/12 [==============================] - 0s 36ms/step - loss: 0.0591
Epoch 107/300

 1/12 [=>............................] - ETA: 0s - loss: 0.0460
 3/12 [======>.......................] - ETA: 0s - loss: 0.0493
 5/12 [===========>..................] - ETA: 0s - loss: 0.0549
 7/12 [================>.............] - ETA: 0s - loss: 0.0595
 8/12 [===================>..........] - ETA: 0s - loss: 0.0610
10/12 [========================>.....] - ETA: 0s - loss: 0.0614
12/12 [==============================] - ETA: 0s - loss: 0.0629
12/12 [==============================] - 0s 36ms/step - loss: 0.0629
Epoch 108/300

 1/12 [=>............................] - ETA: 0s - loss: 0.0606
 3/12 [======>.......................] - ETA: 0s - loss: 0.0687
 5/12 [===========>..................] - ETA: 0s - loss: 0.0620
 7/12 [================>.............] - ETA: 0s - loss: 0.0633
 9/12 [=====================>........] - ETA: 0s - loss: 0.0601
11/12 [==========================>...] - ETA: 0s - loss: 0.0606
12/12 [==============================] - 0s 38ms/step - loss: 0.0609
Epoch 109/300

 1/12 [=>............................] - ETA: 0s - loss: 0.0608
 3/12 [======>.......................] - ETA: 0s - loss: 0.0630
 5/12 [===========>..................] - ETA: 0s - loss: 0.0628
 7/12 [================>.............] - ETA: 0s - loss: 0.0613
 9/12 [=====================>........] - ETA: 0s - loss: 0.0591
11/12 [==========================>...] - ETA: 0s - loss: 0.0600
12/12 [==============================] - 0s 36ms/step - loss: 0.0594
Epoch 110/300

 1/12 [=>............................] - ETA: 0s - loss: 0.0930
 3/12 [======>.......................] - ETA: 0s - loss: 0.0780
 5/12 [===========>..................] - ETA: 0s - loss: 0.0733
 7/12 [================>.............] - ETA: 0s - loss: 0.0677
 9/12 [=====================>........] - ETA: 0s - loss: 0.0688
11/12 [==========================>...] - ETA: 0s - loss: 0.0660
12/12 [==============================] - 0s 36ms/step - loss: 0.0659
Epoch 111/300

 1/12 [=>............................] - ETA: 0s - loss: 0.0733
 3/12 [======>.......................] - ETA: 0s - loss: 0.0703
 5/12 [===========>..................] - ETA: 0s - loss: 0.0676
 7/12 [================>.............] - ETA: 0s - loss: 0.0665
 8/12 [===================>..........] - ETA: 0s - loss: 0.0661
10/12 [========================>.....] - ETA: 0s - loss: 0.0655
12/12 [==============================] - ETA: 0s - loss: 0.0638
12/12 [==============================] - 0s 36ms/step - loss: 0.0638
Epoch 112/300

 1/12 [=>............................] - ETA: 0s - loss: 0.0492
 3/12 [======>.......................] - ETA: 0s - loss: 0.0526
 5/12 [===========>..................] - ETA: 0s - loss: 0.0633
 7/12 [================>.............] - ETA: 0s - loss: 0.0603
 9/12 [=====================>........] - ETA: 0s - loss: 0.0609
11/12 [==========================>...] - ETA: 0s - loss: 0.0582
12/12 [==============================] - 0s 36ms/step - loss: 0.0584
Epoch 113/300

 1/12 [=>............................] - ETA: 0s - loss: 0.0704
 3/12 [======>.......................] - ETA: 0s - loss: 0.0665
 5/12 [===========>..................] - ETA: 0s - loss: 0.0633
 7/12 [================>.............] - ETA: 0s - loss: 0.0609
 9/12 [=====================>........] - ETA: 0s - loss: 0.0629
11/12 [==========================>...] - ETA: 0s - loss: 0.0637
12/12 [==============================] - 0s 36ms/step - loss: 0.0635
Epoch 114/300

 1/12 [=>............................] - ETA: 0s - loss: 0.0470
 3/12 [======>.......................] - ETA: 0s - loss: 0.0523
 5/12 [===========>..................] - ETA: 0s - loss: 0.0535
 7/12 [================>.............] - ETA: 0s - loss: 0.0557
 9/12 [=====================>........] - ETA: 0s - loss: 0.0564
11/12 [==========================>...] - ETA: 0s - loss: 0.0574
12/12 [==============================] - 0s 35ms/step - loss: 0.0572
Epoch 115/300

 1/12 [=>............................] - ETA: 0s - loss: 0.0395
 3/12 [======>.......................] - ETA: 0s - loss: 0.0563
 5/12 [===========>..................] - ETA: 0s - loss: 0.0528
 7/12 [================>.............] - ETA: 0s - loss: 0.0565
 9/12 [=====================>........] - ETA: 0s - loss: 0.0579
11/12 [==========================>...] - ETA: 0s - loss: 0.0585
12/12 [==============================] - 0s 35ms/step - loss: 0.0601
Epoch 116/300

 1/12 [=>............................] - ETA: 0s - loss: 0.0561
 3/12 [======>.......................] - ETA: 0s - loss: 0.0641
 5/12 [===========>..................] - ETA: 0s - loss: 0.0596
 7/12 [================>.............] - ETA: 0s - loss: 0.0581
 9/12 [=====================>........] - ETA: 0s - loss: 0.0578
11/12 [==========================>...] - ETA: 0s - loss: 0.0568
12/12 [==============================] - 0s 36ms/step - loss: 0.0570
Epoch 117/300

 1/12 [=>............................] - ETA: 0s - loss: 0.0592
 3/12 [======>.......................] - ETA: 0s - loss: 0.0566
 5/12 [===========>..................] - ETA: 0s - loss: 0.0560
 7/12 [================>.............] - ETA: 0s - loss: 0.0563
 8/12 [===================>..........] - ETA: 0s - loss: 0.0600
10/12 [========================>.....] - ETA: 0s - loss: 0.0608
12/12 [==============================] - ETA: 0s - loss: 0.0602
12/12 [==============================] - 0s 36ms/step - loss: 0.0602
Epoch 118/300

 1/12 [=>............................] - ETA: 0s - loss: 0.0662
 3/12 [======>.......................] - ETA: 0s - loss: 0.0607
 5/12 [===========>..................] - ETA: 0s - loss: 0.0621
 7/12 [================>.............] - ETA: 0s - loss: 0.0629
 9/12 [=====================>........] - ETA: 0s - loss: 0.0610
11/12 [==========================>...] - ETA: 0s - loss: 0.0583
12/12 [==============================] - 0s 36ms/step - loss: 0.0587
Epoch 119/300

 1/12 [=>............................] - ETA: 0s - loss: 0.0619
 3/12 [======>.......................] - ETA: 0s - loss: 0.0560
 5/12 [===========>..................] - ETA: 0s - loss: 0.0574
 7/12 [================>.............] - ETA: 0s - loss: 0.0551
 9/12 [=====================>........] - ETA: 0s - loss: 0.0560
11/12 [==========================>...] - ETA: 0s - loss: 0.0554
12/12 [==============================] - 0s 36ms/step - loss: 0.0550
Epoch 120/300

 1/12 [=>............................] - ETA: 0s - loss: 0.0443
 3/12 [======>.......................] - ETA: 0s - loss: 0.0687
 5/12 [===========>..................] - ETA: 0s - loss: 0.0666
 7/12 [================>.............] - ETA: 0s - loss: 0.0619
 9/12 [=====================>........] - ETA: 0s - loss: 0.0629
11/12 [==========================>...] - ETA: 0s - loss: 0.0601
12/12 [==============================] - 0s 36ms/step - loss: 0.0598
Epoch 121/300

 1/12 [=>............................] - ETA: 0s - loss: 0.0692
 3/12 [======>.......................] - ETA: 0s - loss: 0.0542
 5/12 [===========>..................] - ETA: 0s - loss: 0.0562
 7/12 [================>.............] - ETA: 0s - loss: 0.0603
 9/12 [=====================>........] - ETA: 0s - loss: 0.0622
11/12 [==========================>...] - ETA: 0s - loss: 0.0621
12/12 [==============================] - 0s 36ms/step - loss: 0.0620
Epoch 122/300

 1/12 [=>............................] - ETA: 0s - loss: 0.0532
 3/12 [======>.......................] - ETA: 0s - loss: 0.0590
 5/12 [===========>..................] - ETA: 0s - loss: 0.0554
 7/12 [================>.............] - ETA: 0s - loss: 0.0589
 9/12 [=====================>........] - ETA: 0s - loss: 0.0594
11/12 [==========================>...] - ETA: 0s - loss: 0.0591
12/12 [==============================] - 0s 35ms/step - loss: 0.0587
Epoch 123/300

 1/12 [=>............................] - ETA: 0s - loss: 0.0511
 3/12 [======>.......................] - ETA: 0s - loss: 0.0641
 5/12 [===========>..................] - ETA: 0s - loss: 0.0715
 7/12 [================>.............] - ETA: 0s - loss: 0.0653
 9/12 [=====================>........] - ETA: 0s - loss: 0.0627
11/12 [==========================>...] - ETA: 0s - loss: 0.0618
12/12 [==============================] - 0s 35ms/step - loss: 0.0615
Epoch 124/300

 1/12 [=>............................] - ETA: 0s - loss: 0.0500
 3/12 [======>.......................] - ETA: 0s - loss: 0.0495
 5/12 [===========>..................] - ETA: 0s - loss: 0.0534
 7/12 [================>.............] - ETA: 0s - loss: 0.0552
 9/12 [=====================>........] - ETA: 0s - loss: 0.0561
11/12 [==========================>...] - ETA: 0s - loss: 0.0588
12/12 [==============================] - 0s 35ms/step - loss: 0.0581
Epoch 125/300

 1/12 [=>............................] - ETA: 0s - loss: 0.0570
 3/12 [======>.......................] - ETA: 0s - loss: 0.0548
 5/12 [===========>..................] - ETA: 0s - loss: 0.0600
 7/12 [================>.............] - ETA: 0s - loss: 0.0599
 9/12 [=====================>........] - ETA: 0s - loss: 0.0608
11/12 [==========================>...] - ETA: 0s - loss: 0.0611
12/12 [==============================] - 0s 35ms/step - loss: 0.0616
Epoch 126/300

 1/12 [=>............................] - ETA: 0s - loss: 0.0505
 3/12 [======>.......................] - ETA: 0s - loss: 0.0563
 5/12 [===========>..................] - ETA: 0s - loss: 0.0599
 7/12 [================>.............] - ETA: 0s - loss: 0.0559
 9/12 [=====================>........] - ETA: 0s - loss: 0.0609
11/12 [==========================>...] - ETA: 0s - loss: 0.0630
12/12 [==============================] - 0s 35ms/step - loss: 0.0623
Epoch 127/300

 1/12 [=>............................] - ETA: 0s - loss: 0.0666
 3/12 [======>.......................] - ETA: 0s - loss: 0.0598
 5/12 [===========>..................] - ETA: 0s - loss: 0.0586
 7/12 [================>.............] - ETA: 0s - loss: 0.0572
 9/12 [=====================>........] - ETA: 0s - loss: 0.0574
11/12 [==========================>...] - ETA: 0s - loss: 0.0583
12/12 [==============================] - 0s 36ms/step - loss: 0.0583
Epoch 128/300

 1/12 [=>............................] - ETA: 0s - loss: 0.0477
 3/12 [======>.......................] - ETA: 0s - loss: 0.0542
 5/12 [===========>..................] - ETA: 0s - loss: 0.0535
 7/12 [================>.............] - ETA: 0s - loss: 0.0545
 9/12 [=====================>........] - ETA: 0s - loss: 0.0545
11/12 [==========================>...] - ETA: 0s - loss: 0.0552
12/12 [==============================] - 0s 36ms/step - loss: 0.0556
Epoch 129/300

 1/12 [=>............................] - ETA: 0s - loss: 0.0509
 3/12 [======>.......................] - ETA: 0s - loss: 0.0594
 5/12 [===========>..................] - ETA: 0s - loss: 0.0591
 7/12 [================>.............] - ETA: 0s - loss: 0.0573
 9/12 [=====================>........] - ETA: 0s - loss: 0.0588
11/12 [==========================>...] - ETA: 0s - loss: 0.0600
12/12 [==============================] - 0s 36ms/step - loss: 0.0602
Epoch 130/300

 1/12 [=>............................] - ETA: 0s - loss: 0.0688
 3/12 [======>.......................] - ETA: 0s - loss: 0.0594
 5/12 [===========>..................] - ETA: 0s - loss: 0.0572
 7/12 [================>.............] - ETA: 0s - loss: 0.0565
 9/12 [=====================>........] - ETA: 0s - loss: 0.0581
11/12 [==========================>...] - ETA: 0s - loss: 0.0571
12/12 [==============================] - 0s 36ms/step - loss: 0.0570
Epoch 131/300

 1/12 [=>............................] - ETA: 0s - loss: 0.0609
 3/12 [======>.......................] - ETA: 0s - loss: 0.0610
 5/12 [===========>..................] - ETA: 0s - loss: 0.0586
 7/12 [================>.............] - ETA: 0s - loss: 0.0594
 9/12 [=====================>........] - ETA: 0s - loss: 0.0579
11/12 [==========================>...] - ETA: 0s - loss: 0.0580
12/12 [==============================] - 0s 36ms/step - loss: 0.0577
Epoch 132/300

 1/12 [=>............................] - ETA: 0s - loss: 0.0433
 3/12 [======>.......................] - ETA: 0s - loss: 0.0565
 5/12 [===========>..................] - ETA: 0s - loss: 0.0566
 7/12 [================>.............] - ETA: 0s - loss: 0.0592
 9/12 [=====================>........] - ETA: 0s - loss: 0.0586
11/12 [==========================>...] - ETA: 0s - loss: 0.0566
12/12 [==============================] - 0s 36ms/step - loss: 0.0565
Epoch 133/300

 1/12 [=>............................] - ETA: 0s - loss: 0.0698
 3/12 [======>.......................] - ETA: 0s - loss: 0.0654
 5/12 [===========>..................] - ETA: 0s - loss: 0.0614
 7/12 [================>.............] - ETA: 0s - loss: 0.0633
 9/12 [=====================>........] - ETA: 0s - loss: 0.0629
11/12 [==========================>...] - ETA: 0s - loss: 0.0624
12/12 [==============================] - 0s 35ms/step - loss: 0.0621
Epoch 134/300

 1/12 [=>............................] - ETA: 0s - loss: 0.0646
 3/12 [======>.......................] - ETA: 0s - loss: 0.0714
 5/12 [===========>..................] - ETA: 0s - loss: 0.0666
 7/12 [================>.............] - ETA: 0s - loss: 0.0626
 9/12 [=====================>........] - ETA: 0s - loss: 0.0614
11/12 [==========================>...] - ETA: 0s - loss: 0.0622
12/12 [==============================] - 0s 36ms/step - loss: 0.0619
Epoch 135/300

 1/12 [=>............................] - ETA: 0s - loss: 0.0561
 3/12 [======>.......................] - ETA: 0s - loss: 0.0507
 5/12 [===========>..................] - ETA: 0s - loss: 0.0537
 6/12 [==============>...............] - ETA: 0s - loss: 0.0546
 8/12 [===================>..........] - ETA: 0s - loss: 0.0574
10/12 [========================>.....] - ETA: 0s - loss: 0.0575
12/12 [==============================] - ETA: 0s - loss: 0.0574
12/12 [==============================] - 0s 35ms/step - loss: 0.0574
Epoch 136/300

 1/12 [=>............................] - ETA: 0s - loss: 0.0616
 3/12 [======>.......................] - ETA: 0s - loss: 0.0660
 5/12 [===========>..................] - ETA: 0s - loss: 0.0632
 7/12 [================>.............] - ETA: 0s - loss: 0.0618
 9/12 [=====================>........] - ETA: 0s - loss: 0.0609
11/12 [==========================>...] - ETA: 0s - loss: 0.0588
12/12 [==============================] - 0s 35ms/step - loss: 0.0585
Epoch 137/300

 1/12 [=>............................] - ETA: 0s - loss: 0.0425
 3/12 [======>.......................] - ETA: 0s - loss: 0.0414
 5/12 [===========>..................] - ETA: 0s - loss: 0.0448
 7/12 [================>.............] - ETA: 0s - loss: 0.0491
 9/12 [=====================>........] - ETA: 0s - loss: 0.0516
11/12 [==========================>...] - ETA: 0s - loss: 0.0522
12/12 [==============================] - 0s 36ms/step - loss: 0.0527
Epoch 138/300

 1/12 [=>............................] - ETA: 0s - loss: 0.0540
 3/12 [======>.......................] - ETA: 0s - loss: 0.0571
 5/12 [===========>..................] - ETA: 0s - loss: 0.0588
 7/12 [================>.............] - ETA: 0s - loss: 0.0556
 9/12 [=====================>........] - ETA: 0s - loss: 0.0549
11/12 [==========================>...] - ETA: 0s - loss: 0.0539
12/12 [==============================] - 0s 36ms/step - loss: 0.0541
Epoch 139/300

 1/12 [=>............................] - ETA: 0s - loss: 0.0525
 3/12 [======>.......................] - ETA: 0s - loss: 0.0552
 5/12 [===========>..................] - ETA: 0s - loss: 0.0555
 7/12 [================>.............] - ETA: 0s - loss: 0.0548
 9/12 [=====================>........] - ETA: 0s - loss: 0.0572
11/12 [==========================>...] - ETA: 0s - loss: 0.0572
12/12 [==============================] - 0s 36ms/step - loss: 0.0571
Epoch 140/300

 1/12 [=>............................] - ETA: 0s - loss: 0.0521
 3/12 [======>.......................] - ETA: 0s - loss: 0.0511
 5/12 [===========>..................] - ETA: 0s - loss: 0.0483
 7/12 [================>.............] - ETA: 0s - loss: 0.0480
 9/12 [=====================>........] - ETA: 0s - loss: 0.0505
11/12 [==========================>...] - ETA: 0s - loss: 0.0501
12/12 [==============================] - 0s 36ms/step - loss: 0.0498
Epoch 141/300

 1/12 [=>............................] - ETA: 0s - loss: 0.0593
 3/12 [======>.......................] - ETA: 0s - loss: 0.0565
 5/12 [===========>..................] - ETA: 0s - loss: 0.0547
 6/12 [==============>...............] - ETA: 0s - loss: 0.0532
 8/12 [===================>..........] - ETA: 0s - loss: 0.0546
10/12 [========================>.....] - ETA: 0s - loss: 0.0535
12/12 [==============================] - ETA: 0s - loss: 0.0553
12/12 [==============================] - 0s 38ms/step - loss: 0.0553
Epoch 142/300

 1/12 [=>............................] - ETA: 0s - loss: 0.0623
 3/12 [======>.......................] - ETA: 0s - loss: 0.0527
 5/12 [===========>..................] - ETA: 0s - loss: 0.0515
 7/12 [================>.............] - ETA: 0s - loss: 0.0538
 9/12 [=====================>........] - ETA: 0s - loss: 0.0554
11/12 [==========================>...] - ETA: 0s - loss: 0.0559
12/12 [==============================] - 0s 38ms/step - loss: 0.0560
Epoch 143/300

 1/12 [=>............................] - ETA: 0s - loss: 0.0500
 2/12 [====>.........................] - ETA: 0s - loss: 0.0508
 4/12 [=========>....................] - ETA: 0s - loss: 0.0523
 6/12 [==============>...............] - ETA: 0s - loss: 0.0522
 8/12 [===================>..........] - ETA: 0s - loss: 0.0561
10/12 [========================>.....] - ETA: 0s - loss: 0.0577
12/12 [==============================] - ETA: 0s - loss: 0.0572
12/12 [==============================] - 0s 39ms/step - loss: 0.0572
Epoch 144/300

 1/12 [=>............................] - ETA: 0s - loss: 0.0608
 3/12 [======>.......................] - ETA: 0s - loss: 0.0601
 5/12 [===========>..................] - ETA: 0s - loss: 0.0571
 7/12 [================>.............] - ETA: 0s - loss: 0.0522
 9/12 [=====================>........] - ETA: 0s - loss: 0.0542
11/12 [==========================>...] - ETA: 0s - loss: 0.0549
12/12 [==============================] - 0s 36ms/step - loss: 0.0546
Epoch 145/300

 1/12 [=>............................] - ETA: 0s - loss: 0.0523
 3/12 [======>.......................] - ETA: 0s - loss: 0.0564
 5/12 [===========>..................] - ETA: 0s - loss: 0.0563
 7/12 [================>.............] - ETA: 0s - loss: 0.0585
 9/12 [=====================>........] - ETA: 0s - loss: 0.0563
11/12 [==========================>...] - ETA: 0s - loss: 0.0549
12/12 [==============================] - 0s 35ms/step - loss: 0.0542
Epoch 146/300

 1/12 [=>............................] - ETA: 0s - loss: 0.0568
 3/12 [======>.......................] - ETA: 0s - loss: 0.0669
 5/12 [===========>..................] - ETA: 0s - loss: 0.0645
 7/12 [================>.............] - ETA: 0s - loss: 0.0594
 9/12 [=====================>........] - ETA: 0s - loss: 0.0580
11/12 [==========================>...] - ETA: 0s - loss: 0.0556
12/12 [==============================] - 0s 36ms/step - loss: 0.0556
Epoch 147/300

 1/12 [=>............................] - ETA: 0s - loss: 0.0940
 3/12 [======>.......................] - ETA: 0s - loss: 0.0715
 5/12 [===========>..................] - ETA: 0s - loss: 0.0662
 7/12 [================>.............] - ETA: 0s - loss: 0.0654
 9/12 [=====================>........] - ETA: 0s - loss: 0.0623
11/12 [==========================>...] - ETA: 0s - loss: 0.0599
12/12 [==============================] - 0s 35ms/step - loss: 0.0590
Epoch 148/300

 1/12 [=>............................] - ETA: 0s - loss: 0.0485
 3/12 [======>.......................] - ETA: 0s - loss: 0.0530
 5/12 [===========>..................] - ETA: 0s - loss: 0.0534
 7/12 [================>.............] - ETA: 0s - loss: 0.0553
 9/12 [=====================>........] - ETA: 0s - loss: 0.0574
11/12 [==========================>...] - ETA: 0s - loss: 0.0550
12/12 [==============================] - 0s 36ms/step - loss: 0.0554
Epoch 149/300

 1/12 [=>............................] - ETA: 0s - loss: 0.0577
 3/12 [======>.......................] - ETA: 0s - loss: 0.0591
 5/12 [===========>..................] - ETA: 0s - loss: 0.0612
 7/12 [================>.............] - ETA: 0s - loss: 0.0585
 9/12 [=====================>........] - ETA: 0s - loss: 0.0562
11/12 [==========================>...] - ETA: 0s - loss: 0.0535
12/12 [==============================] - 0s 36ms/step - loss: 0.0536
Epoch 150/300

 1/12 [=>............................] - ETA: 0s - loss: 0.0532
 3/12 [======>.......................] - ETA: 0s - loss: 0.0533
 5/12 [===========>..................] - ETA: 0s - loss: 0.0518
 7/12 [================>.............] - ETA: 0s - loss: 0.0524
 9/12 [=====================>........] - ETA: 0s - loss: 0.0538
11/12 [==========================>...] - ETA: 0s - loss: 0.0555
12/12 [==============================] - 0s 36ms/step - loss: 0.0553
Epoch 151/300

 1/12 [=>............................] - ETA: 0s - loss: 0.0614
 3/12 [======>.......................] - ETA: 0s - loss: 0.0500
 5/12 [===========>..................] - ETA: 0s - loss: 0.0498
 7/12 [================>.............] - ETA: 0s - loss: 0.0513
 9/12 [=====================>........] - ETA: 0s - loss: 0.0516
11/12 [==========================>...] - ETA: 0s - loss: 0.0524
12/12 [==============================] - 0s 36ms/step - loss: 0.0523
Epoch 152/300

 1/12 [=>............................] - ETA: 0s - loss: 0.0502
 3/12 [======>.......................] - ETA: 0s - loss: 0.0543
 5/12 [===========>..................] - ETA: 0s - loss: 0.0561
 7/12 [================>.............] - ETA: 0s - loss: 0.0549
 9/12 [=====================>........] - ETA: 0s - loss: 0.0568
11/12 [==========================>...] - ETA: 0s - loss: 0.0579
12/12 [==============================] - 0s 35ms/step - loss: 0.0578
Epoch 153/300

 1/12 [=>............................] - ETA: 0s - loss: 0.0493
 3/12 [======>.......................] - ETA: 0s - loss: 0.0526
 5/12 [===========>..................] - ETA: 0s - loss: 0.0516
 7/12 [================>.............] - ETA: 0s - loss: 0.0540
 9/12 [=====================>........] - ETA: 0s - loss: 0.0554
11/12 [==========================>...] - ETA: 0s - loss: 0.0548
12/12 [==============================] - 0s 35ms/step - loss: 0.0542
Epoch 154/300

 1/12 [=>............................] - ETA: 0s - loss: 0.0515
 3/12 [======>.......................] - ETA: 0s - loss: 0.0686
 5/12 [===========>..................] - ETA: 0s - loss: 0.0610
 7/12 [================>.............] - ETA: 0s - loss: 0.0616
 9/12 [=====================>........] - ETA: 0s - loss: 0.0609
11/12 [==========================>...] - ETA: 0s - loss: 0.0609
12/12 [==============================] - 0s 35ms/step - loss: 0.0603
Epoch 155/300

 1/12 [=>............................] - ETA: 0s - loss: 0.0614
 3/12 [======>.......................] - ETA: 0s - loss: 0.0582
 5/12 [===========>..................] - ETA: 0s - loss: 0.0584
 7/12 [================>.............] - ETA: 0s - loss: 0.0581
 9/12 [=====================>........] - ETA: 0s - loss: 0.0575
11/12 [==========================>...] - ETA: 0s - loss: 0.0558
12/12 [==============================] - 0s 36ms/step - loss: 0.0554
Epoch 156/300

 1/12 [=>............................] - ETA: 0s - loss: 0.0493
 3/12 [======>.......................] - ETA: 0s - loss: 0.0461
 5/12 [===========>..................] - ETA: 0s - loss: 0.0483
 7/12 [================>.............] - ETA: 0s - loss: 0.0502
 9/12 [=====================>........] - ETA: 0s - loss: 0.0530
11/12 [==========================>...] - ETA: 0s - loss: 0.0516
12/12 [==============================] - 0s 36ms/step - loss: 0.0513
Epoch 157/300

 1/12 [=>............................] - ETA: 0s - loss: 0.0663
 3/12 [======>.......................] - ETA: 0s - loss: 0.0564
 5/12 [===========>..................] - ETA: 0s - loss: 0.0564
 7/12 [================>.............] - ETA: 0s - loss: 0.0587
 9/12 [=====================>........] - ETA: 0s - loss: 0.0570
11/12 [==========================>...] - ETA: 0s - loss: 0.0553
12/12 [==============================] - 0s 36ms/step - loss: 0.0554
Epoch 158/300

 1/12 [=>............................] - ETA: 0s - loss: 0.0503
 3/12 [======>.......................] - ETA: 0s - loss: 0.0496
 5/12 [===========>..................] - ETA: 0s - loss: 0.0497
 7/12 [================>.............] - ETA: 0s - loss: 0.0484
 9/12 [=====================>........] - ETA: 0s - loss: 0.0495
11/12 [==========================>...] - ETA: 0s - loss: 0.0513
12/12 [==============================] - 0s 36ms/step - loss: 0.0515
Epoch 159/300

 1/12 [=>............................] - ETA: 0s - loss: 0.0632
 3/12 [======>.......................] - ETA: 0s - loss: 0.0594
 5/12 [===========>..................] - ETA: 0s - loss: 0.0579
 7/12 [================>.............] - ETA: 0s - loss: 0.0553
 9/12 [=====================>........] - ETA: 0s - loss: 0.0559
11/12 [==========================>...] - ETA: 0s - loss: 0.0548
12/12 [==============================] - 0s 35ms/step - loss: 0.0549
Epoch 160/300

 1/12 [=>............................] - ETA: 0s - loss: 0.0366
 3/12 [======>.......................] - ETA: 0s - loss: 0.0489
 5/12 [===========>..................] - ETA: 0s - loss: 0.0492
 7/12 [================>.............] - ETA: 0s - loss: 0.0507
 9/12 [=====================>........] - ETA: 0s - loss: 0.0521
11/12 [==========================>...] - ETA: 0s - loss: 0.0522
12/12 [==============================] - 0s 36ms/step - loss: 0.0519
Epoch 160: early stopping

 1/12 [=>............................] - ETA: 6s
 8/12 [===================>..........] - ETA: 0s
12/12 [==============================] - 1s 9ms/step
指標 CSV を保存: C:\Users\Casper4\Python\ueki\shibasaki\研究\Pool_boiling\Subcooling_20_degrees\0.3\2025.06.11_0.3_2\regression_result\npy\conformer\20260702_cfa3\heatflux_no_noise\maxfreq=22kHz\e300_t7d256k7b4_conformer\metrics_summary_no_noise.csv
tuning summary saved: C:\Users\Casper4\Python\ueki\shibasaki\研究\Pool_boiling\Subcooling_20_degrees\0.3\2025.06.11_0.3_2\regression_result\npy\conformer\20260702_cfa3\tuning_summary.csv
