############################################################
### 本番モード (SMOKE_TEST = False) ###
有効なモデル: ['Conformer']  (model_tag=conformer)
重み戦略: simple | 統合: mean | epoch=300 | fold=3
validation_config:
{'run': {'smoke_test': False,
         'epochs': 300,
         'folds': 3,
         'color_channel': 1,
         'random_seed': 42,
         'loop_parameter_sets': True},
 'data': {'experiment_root': 'C:\\Users\\Casper4\\Python\\ueki\\shibasaki\\研究\\Pool_boiling\\Subcooling_20_degrees\\0.3',
          'result_model_group': 'conformer',
          'noise_source': 'waterflow',
          'chunk_seconds': 1,
          'experiment_names': ['2025.06.18_0.3_3',
                               '2025.07.09_0.3_1',
                               '2025.06.11_0.3_2'],
          'max_freq_hz_list': ['maxfreq=22kHz'],
          'noise_dir_names': ['heatflux_no_noise'],
          'data_source_dir_by_experiment': {'2025.06.11_0.3_2': 'waterflow_20260629_1s',
                                            '2025.06.18_0.3_3': 'waterflow_20260622_1s',
                                            '2025.07.09_0.3_1': 'waterflow_20251219_1s'},
          'skip_missing_datasets': False},
 'thresholds': {'by_experiment': {'2025.07.09_0.3_1': 275174.6640882674,
                                  '2025.06.11_0.3_2': 266907.6965,
                                  '2025.06.18_0.3_3': 271677.6816},
                'require_experiment_threshold': False,
                'onb_band_frac': 0.1},
 'models': {'active_model_keys': ['conformer'],
            'parameter_sets': [{'name': 't28d128k15b3',
                                'models': {'conformer': {'lr': 0.0001,
                                                         'batch_size': 64,
                                                         'time_reduction': 8,
                                                         'frontend_filters': [48,
                                                                              96,
                                                                              128,
                                                                              128,
                                                                              128],
                                                         'model_dim': 128,
                                                         'attention_key_dim': 32,
                                                         'num_heads': 4,
                                                         'ff_dim': 512,
                                                         'num_conformer_blocks': 3,
                                                         'conv_kernel_size': 15,
                                                         'dropout': 0.2}}},
                               {'name': 't56d64k15b2',
                                'models': {'conformer': {'lr': 0.0001,
                                                         'batch_size': 64,
                                                         'time_reduction': 4,
                                                         'frontend_filters': [32,
                                                                              64,
                                                                              96,
                                                                              96,
                                                                              96],
                                                         'model_dim': 64,
                                                         'attention_key_dim': 16,
                                                         'num_heads': 4,
                                                         'ff_dim': 256,
                                                         'num_conformer_blocks': 2,
                                                         'conv_kernel_size': 15,
                                                         'dropout': 0.25}}}]},
 'ensemble': {'enabled': False,
              'weight_strategy': 'simple',
              'fixed_weights': {'rf': 0.9, 'conformer': 0.05, 'alexnet': 0.05},
              'inner_holdout_frac': 0.2,
              'combine': 'mean'},
 'features': {'pca_components': 100},
 'output': {'save_date': '20260702',
            'result_date_dir': '20260702_cfa',
            'run_instance_id': '183531',
            'save_fold_predictions': True,
            'save_tuning_summary': True}}
############################################################
dataset plan: existing=3 / intended=3

========================================
dataset 1/3 | 2025.06.18_0.3_3 | maxfreq=22kHz | heatflux_no_noise
data_path=C:\Users\Casper4\Python\ueki\shibasaki\研究\Pool_boiling\Subcooling_20_degrees\0.3\2025.06.18_0.3_3\data\npy\waterflow_20260622_1s\maxfreq=22kHz\heatflux_no_noise
threshold=271677.6816
読み込みスタート
x shape: (1080, 224, 224, 1) | y shape: (1080,) | 読み込み 0.86 秒
parameter_set=t28d128k15b3 | model_params={'conformer': {'lr': 0.0001, 'batch_size': 64, 'early_stopping': True, 'builder_params': {'model_dim': 128, 'attention_key_dim': 32, 'num_heads': 4, 'ff_dim': 512, 'num_conformer_blocks': 3, 'conv_kernel_size': 15, 'dropout': 0.2, 'time_reduction': 8, 'frontend_filters': [48, 96, 128, 128, 128]}, 'input_axes_assumption': ['time_frame', 'frequency_bin', 'channel'], 'architecture': {'front_end': 'alexnet_like_cnn_with_configurable_time_reduction', 'sequence_length_after_cnn': '224 / time_reduction', 'encoder': 'conformer_block', 'model_dim': 256, 'attention_key_dim': 64, 'num_heads': 4, 'ff_dim': 2048, 'conv_kernel_size': 31, 'pooling': 'AttentionPooling'}}}
run_dir=e300_t28d128k15b3_conformer
  params for conformer: lr=0.0001, batch_size=64
[Conformer] Fold 1/3 学習開始
Epoch 1/300

 1/12 [=>............................] - ETA: 1:24 - loss: 0.1556
 3/12 [======>.......................] - ETA: 0s - loss: 0.1669  
 5/12 [===========>..................] - ETA: 0s - loss: 0.1636
 7/12 [================>.............] - ETA: 0s - loss: 0.1600
 9/12 [=====================>........] - ETA: 0s - loss: 0.1540
11/12 [==========================>...] - ETA: 0s - loss: 0.1487
12/12 [==============================] - 8s 29ms/step - loss: 0.1485
Epoch 2/300

 1/12 [=>............................] - ETA: 0s - loss: 0.1150
 3/12 [======>.......................] - ETA: 0s - loss: 0.1060
 5/12 [===========>..................] - ETA: 0s - loss: 0.1132
 7/12 [================>.............] - ETA: 0s - loss: 0.1118
 9/12 [=====================>........] - ETA: 0s - loss: 0.1141
11/12 [==========================>...] - ETA: 0s - loss: 0.1131
12/12 [==============================] - 0s 27ms/step - loss: 0.1125
Epoch 3/300

 1/12 [=>............................] - ETA: 0s - loss: 0.1151
 3/12 [======>.......................] - ETA: 0s - loss: 0.1045
 6/12 [==============>...............] - ETA: 0s - loss: 0.1073
 8/12 [===================>..........] - ETA: 0s - loss: 0.1017
10/12 [========================>.....] - ETA: 0s - loss: 0.1036
12/12 [==============================] - 0s 27ms/step - loss: 0.1038
Epoch 4/300

 1/12 [=>............................] - ETA: 0s - loss: 0.1057
 3/12 [======>.......................] - ETA: 0s - loss: 0.0943
 5/12 [===========>..................] - ETA: 0s - loss: 0.0999
 7/12 [================>.............] - ETA: 0s - loss: 0.0979
 9/12 [=====================>........] - ETA: 0s - loss: 0.0949
11/12 [==========================>...] - ETA: 0s - loss: 0.0955
12/12 [==============================] - 0s 26ms/step - loss: 0.0964
Epoch 5/300

 1/12 [=>............................] - ETA: 0s - loss: 0.0908
 3/12 [======>.......................] - ETA: 0s - loss: 0.0762
 5/12 [===========>..................] - ETA: 0s - loss: 0.0862
 7/12 [================>.............] - ETA: 0s - loss: 0.0811
 9/12 [=====================>........] - ETA: 0s - loss: 0.0830
11/12 [==========================>...] - ETA: 0s - loss: 0.0854
12/12 [==============================] - 0s 28ms/step - loss: 0.0857
Epoch 6/300

 1/12 [=>............................] - ETA: 0s - loss: 0.0816
 3/12 [======>.......................] - ETA: 0s - loss: 0.0924
 5/12 [===========>..................] - ETA: 0s - loss: 0.0977
 7/12 [================>.............] - ETA: 0s - loss: 0.0921
 9/12 [=====================>........] - ETA: 0s - loss: 0.0918
11/12 [==========================>...] - ETA: 0s - loss: 0.0917
12/12 [==============================] - 0s 27ms/step - loss: 0.0926
Epoch 7/300

 1/12 [=>............................] - ETA: 0s - loss: 0.0808
 3/12 [======>.......................] - ETA: 0s - loss: 0.0947
 5/12 [===========>..................] - ETA: 0s - loss: 0.0860
 7/12 [================>.............] - ETA: 0s - loss: 0.0877
 9/12 [=====================>........] - ETA: 0s - loss: 0.0884
11/12 [==========================>...] - ETA: 0s - loss: 0.0880
12/12 [==============================] - 0s 27ms/step - loss: 0.0872
Epoch 8/300

 1/12 [=>............................] - ETA: 0s - loss: 0.0609
 3/12 [======>.......................] - ETA: 0s - loss: 0.0801
 5/12 [===========>..................] - ETA: 0s - loss: 0.0910
 7/12 [================>.............] - ETA: 0s - loss: 0.0856
 9/12 [=====================>........] - ETA: 0s - loss: 0.0854
11/12 [==========================>...] - ETA: 0s - loss: 0.0870
12/12 [==============================] - 0s 26ms/step - loss: 0.0867
Epoch 9/300

 1/12 [=>............................] - ETA: 0s - loss: 0.0673
 3/12 [======>.......................] - ETA: 0s - loss: 0.0676
 5/12 [===========>..................] - ETA: 0s - loss: 0.0741
 7/12 [================>.............] - ETA: 0s - loss: 0.0766
 9/12 [=====================>........] - ETA: 0s - loss: 0.0788
11/12 [==========================>...] - ETA: 0s - loss: 0.0797
12/12 [==============================] - 0s 27ms/step - loss: 0.0801
Epoch 10/300

 1/12 [=>............................] - ETA: 0s - loss: 0.0977
 3/12 [======>.......................] - ETA: 0s - loss: 0.0778
 5/12 [===========>..................] - ETA: 0s - loss: 0.0798
 7/12 [================>.............] - ETA: 0s - loss: 0.0789
 9/12 [=====================>........] - ETA: 0s - loss: 0.0808
11/12 [==========================>...] - ETA: 0s - loss: 0.0811
12/12 [==============================] - 0s 27ms/step - loss: 0.0813
Epoch 11/300

 1/12 [=>............................] - ETA: 0s - loss: 0.0753
 3/12 [======>.......................] - ETA: 0s - loss: 0.0872
 5/12 [===========>..................] - ETA: 0s - loss: 0.0863
 7/12 [================>.............] - ETA: 0s - loss: 0.0816
 9/12 [=====================>........] - ETA: 0s - loss: 0.0809
11/12 [==========================>...] - ETA: 0s - loss: 0.0823
12/12 [==============================] - 0s 27ms/step - loss: 0.0825
Epoch 12/300

 1/12 [=>............................] - ETA: 0s - loss: 0.0750
 3/12 [======>.......................] - ETA: 0s - loss: 0.0749
 5/12 [===========>..................] - ETA: 0s - loss: 0.0768
 7/12 [================>.............] - ETA: 0s - loss: 0.0792
 9/12 [=====================>........] - ETA: 0s - loss: 0.0791
11/12 [==========================>...] - ETA: 0s - loss: 0.0784
12/12 [==============================] - 0s 27ms/step - loss: 0.0780
Epoch 13/300

 1/12 [=>............................] - ETA: 0s - loss: 0.0906
 3/12 [======>.......................] - ETA: 0s - loss: 0.0807
 5/12 [===========>..................] - ETA: 0s - loss: 0.0833
 7/12 [================>.............] - ETA: 0s - loss: 0.0801
 9/12 [=====================>........] - ETA: 0s - loss: 0.0795
11/12 [==========================>...] - ETA: 0s - loss: 0.0777
12/12 [==============================] - 0s 27ms/step - loss: 0.0777
Epoch 14/300

 1/12 [=>............................] - ETA: 0s - loss: 0.0773
 3/12 [======>.......................] - ETA: 0s - loss: 0.0756
 5/12 [===========>..................] - ETA: 0s - loss: 0.0764
 7/12 [================>.............] - ETA: 0s - loss: 0.0742
 9/12 [=====================>........] - ETA: 0s - loss: 0.0724
11/12 [==========================>...] - ETA: 0s - loss: 0.0718
12/12 [==============================] - 0s 27ms/step - loss: 0.0712
Epoch 15/300

 1/12 [=>............................] - ETA: 0s - loss: 0.0750
 3/12 [======>.......................] - ETA: 0s - loss: 0.0611
 5/12 [===========>..................] - ETA: 0s - loss: 0.0553
 7/12 [================>.............] - ETA: 0s - loss: 0.0559
 9/12 [=====================>........] - ETA: 0s - loss: 0.0589
11/12 [==========================>...] - ETA: 0s - loss: 0.0659
12/12 [==============================] - 0s 27ms/step - loss: 0.0659
Epoch 16/300

 1/12 [=>............................] - ETA: 0s - loss: 0.0771
 3/12 [======>.......................] - ETA: 0s - loss: 0.0765
 5/12 [===========>..................] - ETA: 0s - loss: 0.0754
 7/12 [================>.............] - ETA: 0s - loss: 0.0720
 9/12 [=====================>........] - ETA: 0s - loss: 0.0697
11/12 [==========================>...] - ETA: 0s - loss: 0.0732
12/12 [==============================] - 0s 27ms/step - loss: 0.0734
Epoch 17/300

 1/12 [=>............................] - ETA: 0s - loss: 0.0708
 3/12 [======>.......................] - ETA: 0s - loss: 0.0657
 5/12 [===========>..................] - ETA: 0s - loss: 0.0662
 7/12 [================>.............] - ETA: 0s - loss: 0.0663
 9/12 [=====================>........] - ETA: 0s - loss: 0.0685
11/12 [==========================>...] - ETA: 0s - loss: 0.0711
12/12 [==============================] - 0s 27ms/step - loss: 0.0709
Epoch 18/300

 1/12 [=>............................] - ETA: 0s - loss: 0.0751
 3/12 [======>.......................] - ETA: 0s - loss: 0.0796
 5/12 [===========>..................] - ETA: 0s - loss: 0.0793
 7/12 [================>.............] - ETA: 0s - loss: 0.0786
 9/12 [=====================>........] - ETA: 0s - loss: 0.0772
11/12 [==========================>...] - ETA: 0s - loss: 0.0757
12/12 [==============================] - 0s 27ms/step - loss: 0.0762
Epoch 19/300

 1/12 [=>............................] - ETA: 0s - loss: 0.0886
 3/12 [======>.......................] - ETA: 0s - loss: 0.0850
 5/12 [===========>..................] - ETA: 0s - loss: 0.0779
 7/12 [================>.............] - ETA: 0s - loss: 0.0782
 9/12 [=====================>........] - ETA: 0s - loss: 0.0819
11/12 [==========================>...] - ETA: 0s - loss: 0.0787
12/12 [==============================] - 0s 27ms/step - loss: 0.0784
Epoch 20/300

 1/12 [=>............................] - ETA: 0s - loss: 0.0621
 3/12 [======>.......................] - ETA: 0s - loss: 0.0615
 5/12 [===========>..................] - ETA: 0s - loss: 0.0624
 7/12 [================>.............] - ETA: 0s - loss: 0.0675
 9/12 [=====================>........] - ETA: 0s - loss: 0.0696
11/12 [==========================>...] - ETA: 0s - loss: 0.0679
12/12 [==============================] - 0s 26ms/step - loss: 0.0671
Epoch 21/300

 1/12 [=>............................] - ETA: 0s - loss: 0.0530
 3/12 [======>.......................] - ETA: 0s - loss: 0.0629
 5/12 [===========>..................] - ETA: 0s - loss: 0.0610
 7/12 [================>.............] - ETA: 0s - loss: 0.0623
 9/12 [=====================>........] - ETA: 0s - loss: 0.0651
11/12 [==========================>...] - ETA: 0s - loss: 0.0642
12/12 [==============================] - 0s 26ms/step - loss: 0.0643
Epoch 22/300

 1/12 [=>............................] - ETA: 0s - loss: 0.0521
 3/12 [======>.......................] - ETA: 0s - loss: 0.0641
 5/12 [===========>..................] - ETA: 0s - loss: 0.0709
 7/12 [================>.............] - ETA: 0s - loss: 0.0673
 9/12 [=====================>........] - ETA: 0s - loss: 0.0653
11/12 [==========================>...] - ETA: 0s - loss: 0.0661
12/12 [==============================] - 0s 27ms/step - loss: 0.0658
Epoch 23/300

 1/12 [=>............................] - ETA: 0s - loss: 0.0487
 3/12 [======>.......................] - ETA: 0s - loss: 0.0630
 5/12 [===========>..................] - ETA: 0s - loss: 0.0636
 7/12 [================>.............] - ETA: 0s - loss: 0.0655
 9/12 [=====================>........] - ETA: 0s - loss: 0.0659
11/12 [==========================>...] - ETA: 0s - loss: 0.0703
12/12 [==============================] - 0s 27ms/step - loss: 0.0710
Epoch 24/300

 1/12 [=>............................] - ETA: 0s - loss: 0.0730
 3/12 [======>.......................] - ETA: 0s - loss: 0.0675
 5/12 [===========>..................] - ETA: 0s - loss: 0.0661
 7/12 [================>.............] - ETA: 0s - loss: 0.0689
 9/12 [=====================>........] - ETA: 0s - loss: 0.0740
11/12 [==========================>...] - ETA: 0s - loss: 0.0733
12/12 [==============================] - 0s 27ms/step - loss: 0.0735
Epoch 25/300

 1/12 [=>............................] - ETA: 0s - loss: 0.0715
 3/12 [======>.......................] - ETA: 0s - loss: 0.0656
 5/12 [===========>..................] - ETA: 0s - loss: 0.0616
 7/12 [================>.............] - ETA: 0s - loss: 0.0634
 9/12 [=====================>........] - ETA: 0s - loss: 0.0626
11/12 [==========================>...] - ETA: 0s - loss: 0.0620
12/12 [==============================] - 0s 26ms/step - loss: 0.0620
Epoch 26/300

 1/12 [=>............................] - ETA: 0s - loss: 0.0500
 3/12 [======>.......................] - ETA: 0s - loss: 0.0615
 5/12 [===========>..................] - ETA: 0s - loss: 0.0605
 7/12 [================>.............] - ETA: 0s - loss: 0.0614
 9/12 [=====================>........] - ETA: 0s - loss: 0.0621
11/12 [==========================>...] - ETA: 0s - loss: 0.0638
12/12 [==============================] - 0s 27ms/step - loss: 0.0636
Epoch 27/300

 1/12 [=>............................] - ETA: 0s - loss: 0.0659
 3/12 [======>.......................] - ETA: 0s - loss: 0.0640
 5/12 [===========>..................] - ETA: 0s - loss: 0.0616
 7/12 [================>.............] - ETA: 0s - loss: 0.0619
 9/12 [=====================>........] - ETA: 0s - loss: 0.0641
11/12 [==========================>...] - ETA: 0s - loss: 0.0645
12/12 [==============================] - 0s 27ms/step - loss: 0.0649
Epoch 28/300

 1/12 [=>............................] - ETA: 0s - loss: 0.0924
 3/12 [======>.......................] - ETA: 0s - loss: 0.0735
 5/12 [===========>..................] - ETA: 0s - loss: 0.0697
 7/12 [================>.............] - ETA: 0s - loss: 0.0708
 9/12 [=====================>........] - ETA: 0s - loss: 0.0691
11/12 [==========================>...] - ETA: 0s - loss: 0.0678
12/12 [==============================] - 0s 26ms/step - loss: 0.0671
Epoch 29/300

 1/12 [=>............................] - ETA: 0s - loss: 0.0702
 3/12 [======>.......................] - ETA: 0s - loss: 0.0705
 5/12 [===========>..................] - ETA: 0s - loss: 0.0670
 7/12 [================>.............] - ETA: 0s - loss: 0.0677
 9/12 [=====================>........] - ETA: 0s - loss: 0.0689
11/12 [==========================>...] - ETA: 0s - loss: 0.0656
12/12 [==============================] - 0s 27ms/step - loss: 0.0666
Epoch 30/300

 1/12 [=>............................] - ETA: 0s - loss: 0.0681
 3/12 [======>.......................] - ETA: 0s - loss: 0.0700
 5/12 [===========>..................] - ETA: 0s - loss: 0.0681
 7/12 [================>.............] - ETA: 0s - loss: 0.0674
 9/12 [=====================>........] - ETA: 0s - loss: 0.0654
11/12 [==========================>...] - ETA: 0s - loss: 0.0637
12/12 [==============================] - 0s 27ms/step - loss: 0.0632
Epoch 31/300

 1/12 [=>............................] - ETA: 0s - loss: 0.0673
 3/12 [======>.......................] - ETA: 0s - loss: 0.0677
 5/12 [===========>..................] - ETA: 0s - loss: 0.0634
 7/12 [================>.............] - ETA: 0s - loss: 0.0632
 9/12 [=====================>........] - ETA: 0s - loss: 0.0636
11/12 [==========================>...] - ETA: 0s - loss: 0.0632
12/12 [==============================] - 0s 26ms/step - loss: 0.0626
Epoch 32/300

 1/12 [=>............................] - ETA: 0s - loss: 0.0705
 3/12 [======>.......................] - ETA: 0s - loss: 0.0613
 5/12 [===========>..................] - ETA: 0s - loss: 0.0553
 7/12 [================>.............] - ETA: 0s - loss: 0.0561
 9/12 [=====================>........] - ETA: 0s - loss: 0.0580
11/12 [==========================>...] - ETA: 0s - loss: 0.0622
12/12 [==============================] - 0s 27ms/step - loss: 0.0617
Epoch 33/300

 1/12 [=>............................] - ETA: 0s - loss: 0.0570
 3/12 [======>.......................] - ETA: 0s - loss: 0.0626
 5/12 [===========>..................] - ETA: 0s - loss: 0.0619
 7/12 [================>.............] - ETA: 0s - loss: 0.0645
 9/12 [=====================>........] - ETA: 0s - loss: 0.0644
11/12 [==========================>...] - ETA: 0s - loss: 0.0646
12/12 [==============================] - 0s 27ms/step - loss: 0.0649
Epoch 34/300

 1/12 [=>............................] - ETA: 0s - loss: 0.0626
 3/12 [======>.......................] - ETA: 0s - loss: 0.0737
 5/12 [===========>..................] - ETA: 0s - loss: 0.0685
 7/12 [================>.............] - ETA: 0s - loss: 0.0677
 9/12 [=====================>........] - ETA: 0s - loss: 0.0691
11/12 [==========================>...] - ETA: 0s - loss: 0.0668
12/12 [==============================] - 0s 26ms/step - loss: 0.0667
Epoch 35/300

 1/12 [=>............................] - ETA: 0s - loss: 0.0624
 3/12 [======>.......................] - ETA: 0s - loss: 0.0700
 5/12 [===========>..................] - ETA: 0s - loss: 0.0688
 7/12 [================>.............] - ETA: 0s - loss: 0.0674
 9/12 [=====================>........] - ETA: 0s - loss: 0.0663
11/12 [==========================>...] - ETA: 0s - loss: 0.0675
12/12 [==============================] - 0s 27ms/step - loss: 0.0667
Epoch 36/300

 1/12 [=>............................] - ETA: 0s - loss: 0.0651
 3/12 [======>.......................] - ETA: 0s - loss: 0.0671
 5/12 [===========>..................] - ETA: 0s - loss: 0.0672
 7/12 [================>.............] - ETA: 0s - loss: 0.0649
 9/12 [=====================>........] - ETA: 0s - loss: 0.0621
11/12 [==========================>...] - ETA: 0s - loss: 0.0626
12/12 [==============================] - 0s 27ms/step - loss: 0.0631
Epoch 37/300

 1/12 [=>............................] - ETA: 0s - loss: 0.0465
 3/12 [======>.......................] - ETA: 0s - loss: 0.0616
 5/12 [===========>..................] - ETA: 0s - loss: 0.0665
 7/12 [================>.............] - ETA: 0s - loss: 0.0650
 9/12 [=====================>........] - ETA: 0s - loss: 0.0637
11/12 [==========================>...] - ETA: 0s - loss: 0.0650
12/12 [==============================] - 0s 27ms/step - loss: 0.0650
Epoch 38/300

 1/12 [=>............................] - ETA: 0s - loss: 0.0454
 3/12 [======>.......................] - ETA: 0s - loss: 0.0596
 5/12 [===========>..................] - ETA: 0s - loss: 0.0608
 7/12 [================>.............] - ETA: 0s - loss: 0.0590
 9/12 [=====================>........] - ETA: 0s - loss: 0.0607
11/12 [==========================>...] - ETA: 0s - loss: 0.0619
12/12 [==============================] - 0s 27ms/step - loss: 0.0618
Epoch 39/300

 1/12 [=>............................] - ETA: 0s - loss: 0.0570
 3/12 [======>.......................] - ETA: 0s - loss: 0.0646
 5/12 [===========>..................] - ETA: 0s - loss: 0.0622
 7/12 [================>.............] - ETA: 0s - loss: 0.0639
 9/12 [=====================>........] - ETA: 0s - loss: 0.0652
11/12 [==========================>...] - ETA: 0s - loss: 0.0631
12/12 [==============================] - 0s 28ms/step - loss: 0.0630
Epoch 40/300

 1/12 [=>............................] - ETA: 0s - loss: 0.0575
 3/12 [======>.......................] - ETA: 0s - loss: 0.0615
 5/12 [===========>..................] - ETA: 0s - loss: 0.0603
 7/12 [================>.............] - ETA: 0s - loss: 0.0639
 9/12 [=====================>........] - ETA: 0s - loss: 0.0631
11/12 [==========================>...] - ETA: 0s - loss: 0.0606
12/12 [==============================] - 0s 28ms/step - loss: 0.0608
Epoch 41/300

 1/12 [=>............................] - ETA: 0s - loss: 0.0749
 3/12 [======>.......................] - ETA: 0s - loss: 0.0655
 5/12 [===========>..................] - ETA: 0s - loss: 0.0617
 7/12 [================>.............] - ETA: 0s - loss: 0.0612
 9/12 [=====================>........] - ETA: 0s - loss: 0.0601
11/12 [==========================>...] - ETA: 0s - loss: 0.0603
12/12 [==============================] - 0s 29ms/step - loss: 0.0602
Epoch 42/300

 1/12 [=>............................] - ETA: 0s - loss: 0.0590
 3/12 [======>.......................] - ETA: 0s - loss: 0.0611
 5/12 [===========>..................] - ETA: 0s - loss: 0.0664
 7/12 [================>.............] - ETA: 0s - loss: 0.0635
 9/12 [=====================>........] - ETA: 0s - loss: 0.0652
11/12 [==========================>...] - ETA: 0s - loss: 0.0647
12/12 [==============================] - 0s 29ms/step - loss: 0.0644
Epoch 43/300

 1/12 [=>............................] - ETA: 0s - loss: 0.0781
 3/12 [======>.......................] - ETA: 0s - loss: 0.0728
 5/12 [===========>..................] - ETA: 0s - loss: 0.0640
 7/12 [================>.............] - ETA: 0s - loss: 0.0643
 9/12 [=====================>........] - ETA: 0s - loss: 0.0625
11/12 [==========================>...] - ETA: 0s - loss: 0.0624
12/12 [==============================] - 0s 27ms/step - loss: 0.0615
Epoch 44/300

 1/12 [=>............................] - ETA: 0s - loss: 0.0717
 3/12 [======>.......................] - ETA: 0s - loss: 0.0578
 5/12 [===========>..................] - ETA: 0s - loss: 0.0546
 7/12 [================>.............] - ETA: 0s - loss: 0.0544
 9/12 [=====================>........] - ETA: 0s - loss: 0.0570
11/12 [==========================>...] - ETA: 0s - loss: 0.0573
12/12 [==============================] - 0s 27ms/step - loss: 0.0577
Epoch 45/300

 1/12 [=>............................] - ETA: 0s - loss: 0.0625
 3/12 [======>.......................] - ETA: 0s - loss: 0.0670
 5/12 [===========>..................] - ETA: 0s - loss: 0.0607
 7/12 [================>.............] - ETA: 0s - loss: 0.0621
 9/12 [=====================>........] - ETA: 0s - loss: 0.0634
11/12 [==========================>...] - ETA: 0s - loss: 0.0644
12/12 [==============================] - 0s 27ms/step - loss: 0.0649
Epoch 46/300

 1/12 [=>............................] - ETA: 0s - loss: 0.0728
 3/12 [======>.......................] - ETA: 0s - loss: 0.0709
 5/12 [===========>..................] - ETA: 0s - loss: 0.0668
 7/12 [================>.............] - ETA: 0s - loss: 0.0660
 9/12 [=====================>........] - ETA: 0s - loss: 0.0649
11/12 [==========================>...] - ETA: 0s - loss: 0.0643
12/12 [==============================] - 0s 27ms/step - loss: 0.0648
Epoch 47/300

 1/12 [=>............................] - ETA: 0s - loss: 0.0678
 3/12 [======>.......................] - ETA: 0s - loss: 0.0630
 5/12 [===========>..................] - ETA: 0s - loss: 0.0619
 7/12 [================>.............] - ETA: 0s - loss: 0.0599
 9/12 [=====================>........] - ETA: 0s - loss: 0.0572
11/12 [==========================>...] - ETA: 0s - loss: 0.0569
12/12 [==============================] - 0s 26ms/step - loss: 0.0578
Epoch 48/300

 1/12 [=>............................] - ETA: 0s - loss: 0.0868
 3/12 [======>.......................] - ETA: 0s - loss: 0.0554
 5/12 [===========>..................] - ETA: 0s - loss: 0.0607
 7/12 [================>.............] - ETA: 0s - loss: 0.0613
 9/12 [=====================>........] - ETA: 0s - loss: 0.0604
11/12 [==========================>...] - ETA: 0s - loss: 0.0643
12/12 [==============================] - 0s 27ms/step - loss: 0.0642
Epoch 49/300

 1/12 [=>............................] - ETA: 0s - loss: 0.0636
 3/12 [======>.......................] - ETA: 0s - loss: 0.0590
 5/12 [===========>..................] - ETA: 0s - loss: 0.0591
 7/12 [================>.............] - ETA: 0s - loss: 0.0584
 9/12 [=====================>........] - ETA: 0s - loss: 0.0584
11/12 [==========================>...] - ETA: 0s - loss: 0.0598
12/12 [==============================] - 0s 27ms/step - loss: 0.0602
Epoch 50/300

 1/12 [=>............................] - ETA: 0s - loss: 0.0493
 3/12 [======>.......................] - ETA: 0s - loss: 0.0532
 5/12 [===========>..................] - ETA: 0s - loss: 0.0551
 7/12 [================>.............] - ETA: 0s - loss: 0.0572
 9/12 [=====================>........] - ETA: 0s - loss: 0.0566
11/12 [==========================>...] - ETA: 0s - loss: 0.0581
12/12 [==============================] - 0s 27ms/step - loss: 0.0584
Epoch 51/300

 1/12 [=>............................] - ETA: 0s - loss: 0.0544
 3/12 [======>.......................] - ETA: 0s - loss: 0.0616
 5/12 [===========>..................] - ETA: 0s - loss: 0.0637
 7/12 [================>.............] - ETA: 0s - loss: 0.0605
 9/12 [=====================>........] - ETA: 0s - loss: 0.0628
11/12 [==========================>...] - ETA: 0s - loss: 0.0606
12/12 [==============================] - 0s 26ms/step - loss: 0.0611
Epoch 52/300

 1/12 [=>............................] - ETA: 0s - loss: 0.0625
 3/12 [======>.......................] - ETA: 0s - loss: 0.0677
 5/12 [===========>..................] - ETA: 0s - loss: 0.0665
 7/12 [================>.............] - ETA: 0s - loss: 0.0660
 9/12 [=====================>........] - ETA: 0s - loss: 0.0652
11/12 [==========================>...] - ETA: 0s - loss: 0.0621
12/12 [==============================] - 0s 27ms/step - loss: 0.0622
Epoch 53/300

 1/12 [=>............................] - ETA: 0s - loss: 0.0686
 3/12 [======>.......................] - ETA: 0s - loss: 0.0579
 5/12 [===========>..................] - ETA: 0s - loss: 0.0515
 7/12 [================>.............] - ETA: 0s - loss: 0.0575
 9/12 [=====================>........] - ETA: 0s - loss: 0.0579
11/12 [==========================>...] - ETA: 0s - loss: 0.0585
12/12 [==============================] - 0s 27ms/step - loss: 0.0587
Epoch 54/300

 1/12 [=>............................] - ETA: 0s - loss: 0.0567
 3/12 [======>.......................] - ETA: 0s - loss: 0.0594
 5/12 [===========>..................] - ETA: 0s - loss: 0.0549
 7/12 [================>.............] - ETA: 0s - loss: 0.0566
 9/12 [=====================>........] - ETA: 0s - loss: 0.0571
11/12 [==========================>...] - ETA: 0s - loss: 0.0555
12/12 [==============================] - 0s 27ms/step - loss: 0.0549
Epoch 55/300

 1/12 [=>............................] - ETA: 0s - loss: 0.0698
 3/12 [======>.......................] - ETA: 0s - loss: 0.0612
 5/12 [===========>..................] - ETA: 0s - loss: 0.0599
 7/12 [================>.............] - ETA: 0s - loss: 0.0632
 9/12 [=====================>........] - ETA: 0s - loss: 0.0633
11/12 [==========================>...] - ETA: 0s - loss: 0.0635
12/12 [==============================] - 0s 27ms/step - loss: 0.0633
Epoch 56/300

 1/12 [=>............................] - ETA: 0s - loss: 0.0642
 3/12 [======>.......................] - ETA: 0s - loss: 0.0597
 5/12 [===========>..................] - ETA: 0s - loss: 0.0572
 7/12 [================>.............] - ETA: 0s - loss: 0.0576
 9/12 [=====================>........] - ETA: 0s - loss: 0.0568
11/12 [==========================>...] - ETA: 0s - loss: 0.0552
12/12 [==============================] - 0s 27ms/step - loss: 0.0547
Epoch 57/300

 1/12 [=>............................] - ETA: 0s - loss: 0.0724
 3/12 [======>.......................] - ETA: 0s - loss: 0.0580
 5/12 [===========>..................] - ETA: 0s - loss: 0.0530
 7/12 [================>.............] - ETA: 0s - loss: 0.0523
 9/12 [=====================>........] - ETA: 0s - loss: 0.0543
11/12 [==========================>...] - ETA: 0s - loss: 0.0561
12/12 [==============================] - 0s 28ms/step - loss: 0.0565
Epoch 58/300

 1/12 [=>............................] - ETA: 0s - loss: 0.0461
 3/12 [======>.......................] - ETA: 0s - loss: 0.0559
 5/12 [===========>..................] - ETA: 0s - loss: 0.0604
 7/12 [================>.............] - ETA: 0s - loss: 0.0595
 9/12 [=====================>........] - ETA: 0s - loss: 0.0585
11/12 [==========================>...] - ETA: 0s - loss: 0.0578
12/12 [==============================] - 0s 27ms/step - loss: 0.0577
Epoch 59/300

 1/12 [=>............................] - ETA: 0s - loss: 0.0560
 3/12 [======>.......................] - ETA: 0s - loss: 0.0599
 5/12 [===========>..................] - ETA: 0s - loss: 0.0562
 7/12 [================>.............] - ETA: 0s - loss: 0.0582
 9/12 [=====================>........] - ETA: 0s - loss: 0.0625
11/12 [==========================>...] - ETA: 0s - loss: 0.0618
12/12 [==============================] - 0s 27ms/step - loss: 0.0618
Epoch 60/300

 1/12 [=>............................] - ETA: 0s - loss: 0.0620
 3/12 [======>.......................] - ETA: 0s - loss: 0.0588
 5/12 [===========>..................] - ETA: 0s - loss: 0.0566
 7/12 [================>.............] - ETA: 0s - loss: 0.0542
 9/12 [=====================>........] - ETA: 0s - loss: 0.0552
11/12 [==========================>...] - ETA: 0s - loss: 0.0563
12/12 [==============================] - 0s 27ms/step - loss: 0.0562
Epoch 61/300

 1/12 [=>............................] - ETA: 0s - loss: 0.0737
 3/12 [======>.......................] - ETA: 0s - loss: 0.0617
 5/12 [===========>..................] - ETA: 0s - loss: 0.0587
 7/12 [================>.............] - ETA: 0s - loss: 0.0569
 9/12 [=====================>........] - ETA: 0s - loss: 0.0557
11/12 [==========================>...] - ETA: 0s - loss: 0.0564
12/12 [==============================] - 0s 27ms/step - loss: 0.0564
Epoch 62/300

 1/12 [=>............................] - ETA: 0s - loss: 0.0547
 3/12 [======>.......................] - ETA: 0s - loss: 0.0564
 5/12 [===========>..................] - ETA: 0s - loss: 0.0607
 7/12 [================>.............] - ETA: 0s - loss: 0.0597
 9/12 [=====================>........] - ETA: 0s - loss: 0.0604
11/12 [==========================>...] - ETA: 0s - loss: 0.0598
12/12 [==============================] - 0s 27ms/step - loss: 0.0595
Epoch 63/300

 1/12 [=>............................] - ETA: 0s - loss: 0.0750
 3/12 [======>.......................] - ETA: 0s - loss: 0.0582
 5/12 [===========>..................] - ETA: 0s - loss: 0.0597
 7/12 [================>.............] - ETA: 0s - loss: 0.0585
 9/12 [=====================>........] - ETA: 0s - loss: 0.0565
11/12 [==========================>...] - ETA: 0s - loss: 0.0555
12/12 [==============================] - 0s 27ms/step - loss: 0.0553
Epoch 64/300

 1/12 [=>............................] - ETA: 0s - loss: 0.0515
 3/12 [======>.......................] - ETA: 0s - loss: 0.0478
 5/12 [===========>..................] - ETA: 0s - loss: 0.0537
 7/12 [================>.............] - ETA: 0s - loss: 0.0579
 9/12 [=====================>........] - ETA: 0s - loss: 0.0596
11/12 [==========================>...] - ETA: 0s - loss: 0.0605
12/12 [==============================] - 0s 27ms/step - loss: 0.0608
Epoch 65/300

 1/12 [=>............................] - ETA: 0s - loss: 0.0586
 3/12 [======>.......................] - ETA: 0s - loss: 0.0547
 5/12 [===========>..................] - ETA: 0s - loss: 0.0554
 7/12 [================>.............] - ETA: 0s - loss: 0.0601
 9/12 [=====================>........] - ETA: 0s - loss: 0.0565
11/12 [==========================>...] - ETA: 0s - loss: 0.0569
12/12 [==============================] - 0s 27ms/step - loss: 0.0567
Epoch 66/300

 1/12 [=>............................] - ETA: 0s - loss: 0.0691
 3/12 [======>.......................] - ETA: 0s - loss: 0.0652
 5/12 [===========>..................] - ETA: 0s - loss: 0.0599
 7/12 [================>.............] - ETA: 0s - loss: 0.0606
 9/12 [=====================>........] - ETA: 0s - loss: 0.0587
11/12 [==========================>...] - ETA: 0s - loss: 0.0579
12/12 [==============================] - 0s 27ms/step - loss: 0.0585
Epoch 67/300

 1/12 [=>............................] - ETA: 0s - loss: 0.0691
 3/12 [======>.......................] - ETA: 0s - loss: 0.0669
 5/12 [===========>..................] - ETA: 0s - loss: 0.0621
 7/12 [================>.............] - ETA: 0s - loss: 0.0592
 9/12 [=====================>........] - ETA: 0s - loss: 0.0587
11/12 [==========================>...] - ETA: 0s - loss: 0.0579
12/12 [==============================] - 0s 27ms/step - loss: 0.0582
Epoch 68/300

 1/12 [=>............................] - ETA: 0s - loss: 0.0681
 3/12 [======>.......................] - ETA: 0s - loss: 0.0550
 5/12 [===========>..................] - ETA: 0s - loss: 0.0565
 7/12 [================>.............] - ETA: 0s - loss: 0.0554
 9/12 [=====================>........] - ETA: 0s - loss: 0.0580
11/12 [==========================>...] - ETA: 0s - loss: 0.0601
12/12 [==============================] - 0s 26ms/step - loss: 0.0602
Epoch 69/300

 1/12 [=>............................] - ETA: 0s - loss: 0.0528
 3/12 [======>.......................] - ETA: 0s - loss: 0.0502
 5/12 [===========>..................] - ETA: 0s - loss: 0.0506
 7/12 [================>.............] - ETA: 0s - loss: 0.0515
 9/12 [=====================>........] - ETA: 0s - loss: 0.0513
11/12 [==========================>...] - ETA: 0s - loss: 0.0519
12/12 [==============================] - 0s 27ms/step - loss: 0.0518
Epoch 70/300

 1/12 [=>............................] - ETA: 0s - loss: 0.0586
 3/12 [======>.......................] - ETA: 0s - loss: 0.0593
 5/12 [===========>..................] - ETA: 0s - loss: 0.0538
 7/12 [================>.............] - ETA: 0s - loss: 0.0551
 9/12 [=====================>........] - ETA: 0s - loss: 0.0558
11/12 [==========================>...] - ETA: 0s - loss: 0.0563
12/12 [==============================] - 0s 27ms/step - loss: 0.0562
Epoch 71/300

 1/12 [=>............................] - ETA: 0s - loss: 0.0533
 3/12 [======>.......................] - ETA: 0s - loss: 0.0597
 5/12 [===========>..................] - ETA: 0s - loss: 0.0602
 7/12 [================>.............] - ETA: 0s - loss: 0.0601
 9/12 [=====================>........] - ETA: 0s - loss: 0.0604
11/12 [==========================>...] - ETA: 0s - loss: 0.0582
12/12 [==============================] - 0s 27ms/step - loss: 0.0586
Epoch 72/300

 1/12 [=>............................] - ETA: 0s - loss: 0.0448
 3/12 [======>.......................] - ETA: 0s - loss: 0.0601
 5/12 [===========>..................] - ETA: 0s - loss: 0.0550
 7/12 [================>.............] - ETA: 0s - loss: 0.0559
 9/12 [=====================>........] - ETA: 0s - loss: 0.0561
11/12 [==========================>...] - ETA: 0s - loss: 0.0556
12/12 [==============================] - 0s 27ms/step - loss: 0.0555
Epoch 73/300

 1/12 [=>............................] - ETA: 0s - loss: 0.0480
 3/12 [======>.......................] - ETA: 0s - loss: 0.0474
 5/12 [===========>..................] - ETA: 0s - loss: 0.0497
 7/12 [================>.............] - ETA: 0s - loss: 0.0485
 9/12 [=====================>........] - ETA: 0s - loss: 0.0491
11/12 [==========================>...] - ETA: 0s - loss: 0.0503
12/12 [==============================] - 0s 26ms/step - loss: 0.0502
Epoch 74/300

 1/12 [=>............................] - ETA: 0s - loss: 0.0483
 3/12 [======>.......................] - ETA: 0s - loss: 0.0585
 5/12 [===========>..................] - ETA: 0s - loss: 0.0567
 7/12 [================>.............] - ETA: 0s - loss: 0.0539
 9/12 [=====================>........] - ETA: 0s - loss: 0.0549
11/12 [==========================>...] - ETA: 0s - loss: 0.0553
12/12 [==============================] - 0s 27ms/step - loss: 0.0553
Epoch 75/300

 1/12 [=>............................] - ETA: 0s - loss: 0.0619
 3/12 [======>.......................] - ETA: 0s - loss: 0.0602
 5/12 [===========>..................] - ETA: 0s - loss: 0.0577
 7/12 [================>.............] - ETA: 0s - loss: 0.0560
 9/12 [=====================>........] - ETA: 0s - loss: 0.0567
11/12 [==========================>...] - ETA: 0s - loss: 0.0548
12/12 [==============================] - 0s 26ms/step - loss: 0.0552
Epoch 76/300

 1/12 [=>............................] - ETA: 0s - loss: 0.0439
 3/12 [======>.......................] - ETA: 0s - loss: 0.0529
 5/12 [===========>..................] - ETA: 0s - loss: 0.0542
 7/12 [================>.............] - ETA: 0s - loss: 0.0564
 9/12 [=====================>........] - ETA: 0s - loss: 0.0552
11/12 [==========================>...] - ETA: 0s - loss: 0.0549
12/12 [==============================] - 0s 27ms/step - loss: 0.0549
Epoch 77/300

 1/12 [=>............................] - ETA: 0s - loss: 0.0594
 3/12 [======>.......................] - ETA: 0s - loss: 0.0633
 5/12 [===========>..................] - ETA: 0s - loss: 0.0605
 7/12 [================>.............] - ETA: 0s - loss: 0.0578
 9/12 [=====================>........] - ETA: 0s - loss: 0.0571
11/12 [==========================>...] - ETA: 0s - loss: 0.0544
12/12 [==============================] - 0s 27ms/step - loss: 0.0541
Epoch 78/300

 1/12 [=>............................] - ETA: 0s - loss: 0.0394
 3/12 [======>.......................] - ETA: 0s - loss: 0.0486
 5/12 [===========>..................] - ETA: 0s - loss: 0.0494
 7/12 [================>.............] - ETA: 0s - loss: 0.0491
 9/12 [=====================>........] - ETA: 0s - loss: 0.0509
11/12 [==========================>...] - ETA: 0s - loss: 0.0526
12/12 [==============================] - 0s 26ms/step - loss: 0.0528
Epoch 79/300

 1/12 [=>............................] - ETA: 0s - loss: 0.0483
 3/12 [======>.......................] - ETA: 0s - loss: 0.0539
 5/12 [===========>..................] - ETA: 0s - loss: 0.0529
 7/12 [================>.............] - ETA: 0s - loss: 0.0556
 9/12 [=====================>........] - ETA: 0s - loss: 0.0546
11/12 [==========================>...] - ETA: 0s - loss: 0.0535
12/12 [==============================] - 0s 27ms/step - loss: 0.0539
Epoch 80/300

 1/12 [=>............................] - ETA: 0s - loss: 0.0700
 3/12 [======>.......................] - ETA: 0s - loss: 0.0598
 5/12 [===========>..................] - ETA: 0s - loss: 0.0568
 7/12 [================>.............] - ETA: 0s - loss: 0.0561
 9/12 [=====================>........] - ETA: 0s - loss: 0.0547
11/12 [==========================>...] - ETA: 0s - loss: 0.0536
12/12 [==============================] - 0s 27ms/step - loss: 0.0534
Epoch 81/300

 1/12 [=>............................] - ETA: 0s - loss: 0.0577
 3/12 [======>.......................] - ETA: 0s - loss: 0.0679
 5/12 [===========>..................] - ETA: 0s - loss: 0.0603
 7/12 [================>.............] - ETA: 0s - loss: 0.0560
 9/12 [=====================>........] - ETA: 0s - loss: 0.0553
11/12 [==========================>...] - ETA: 0s - loss: 0.0560
12/12 [==============================] - 0s 27ms/step - loss: 0.0564
Epoch 82/300

 1/12 [=>............................] - ETA: 0s - loss: 0.0610
 3/12 [======>.......................] - ETA: 0s - loss: 0.0474
 5/12 [===========>..................] - ETA: 0s - loss: 0.0533
 7/12 [================>.............] - ETA: 0s - loss: 0.0521
 9/12 [=====================>........] - ETA: 0s - loss: 0.0515
11/12 [==========================>...] - ETA: 0s - loss: 0.0530
12/12 [==============================] - 0s 27ms/step - loss: 0.0530
Epoch 83/300

 1/12 [=>............................] - ETA: 0s - loss: 0.0672
 3/12 [======>.......................] - ETA: 0s - loss: 0.0546
 5/12 [===========>..................] - ETA: 0s - loss: 0.0505
 7/12 [================>.............] - ETA: 0s - loss: 0.0498
 9/12 [=====================>........] - ETA: 0s - loss: 0.0519
11/12 [==========================>...] - ETA: 0s - loss: 0.0524
12/12 [==============================] - 0s 27ms/step - loss: 0.0517
Epoch 84/300

 1/12 [=>............................] - ETA: 0s - loss: 0.0599
 3/12 [======>.......................] - ETA: 0s - loss: 0.0544
 5/12 [===========>..................] - ETA: 0s - loss: 0.0513
 7/12 [================>.............] - ETA: 0s - loss: 0.0525
 9/12 [=====================>........] - ETA: 0s - loss: 0.0539
11/12 [==========================>...] - ETA: 0s - loss: 0.0563
12/12 [==============================] - 0s 27ms/step - loss: 0.0557
Epoch 85/300

 1/12 [=>............................] - ETA: 0s - loss: 0.0470
 3/12 [======>.......................] - ETA: 0s - loss: 0.0480
 5/12 [===========>..................] - ETA: 0s - loss: 0.0496
 7/12 [================>.............] - ETA: 0s - loss: 0.0507
 9/12 [=====================>........] - ETA: 0s - loss: 0.0506
11/12 [==========================>...] - ETA: 0s - loss: 0.0489
12/12 [==============================] - 0s 27ms/step - loss: 0.0484
Epoch 86/300

 1/12 [=>............................] - ETA: 0s - loss: 0.0436
 3/12 [======>.......................] - ETA: 0s - loss: 0.0546
 5/12 [===========>..................] - ETA: 0s - loss: 0.0551
 7/12 [================>.............] - ETA: 0s - loss: 0.0515
 9/12 [=====================>........] - ETA: 0s - loss: 0.0535
11/12 [==========================>...] - ETA: 0s - loss: 0.0535
12/12 [==============================] - 0s 28ms/step - loss: 0.0528
Epoch 87/300

 1/12 [=>............................] - ETA: 0s - loss: 0.0603
 3/12 [======>.......................] - ETA: 0s - loss: 0.0511
 5/12 [===========>..................] - ETA: 0s - loss: 0.0507
 7/12 [================>.............] - ETA: 0s - loss: 0.0496
 9/12 [=====================>........] - ETA: 0s - loss: 0.0486
11/12 [==========================>...] - ETA: 0s - loss: 0.0491
12/12 [==============================] - 0s 27ms/step - loss: 0.0487
Epoch 88/300

 1/12 [=>............................] - ETA: 0s - loss: 0.0476
 3/12 [======>.......................] - ETA: 0s - loss: 0.0480
 5/12 [===========>..................] - ETA: 0s - loss: 0.0467
 7/12 [================>.............] - ETA: 0s - loss: 0.0484
 9/12 [=====================>........] - ETA: 0s - loss: 0.0506
11/12 [==========================>...] - ETA: 0s - loss: 0.0492
12/12 [==============================] - 0s 28ms/step - loss: 0.0489
Epoch 89/300

 1/12 [=>............................] - ETA: 0s - loss: 0.0650
 3/12 [======>.......................] - ETA: 0s - loss: 0.0616
 5/12 [===========>..................] - ETA: 0s - loss: 0.0544
 7/12 [================>.............] - ETA: 0s - loss: 0.0568
 9/12 [=====================>........] - ETA: 0s - loss: 0.0556
11/12 [==========================>...] - ETA: 0s - loss: 0.0563
12/12 [==============================] - 0s 31ms/step - loss: 0.0570
Epoch 90/300

 1/12 [=>............................] - ETA: 0s - loss: 0.0541
 3/12 [======>.......................] - ETA: 0s - loss: 0.0539
 5/12 [===========>..................] - ETA: 0s - loss: 0.0525
 7/12 [================>.............] - ETA: 0s - loss: 0.0512
 9/12 [=====================>........] - ETA: 0s - loss: 0.0514
11/12 [==========================>...] - ETA: 0s - loss: 0.0522
12/12 [==============================] - 0s 29ms/step - loss: 0.0526
Epoch 91/300

 1/12 [=>............................] - ETA: 0s - loss: 0.0416
 3/12 [======>.......................] - ETA: 0s - loss: 0.0464
 5/12 [===========>..................] - ETA: 0s - loss: 0.0491
 7/12 [================>.............] - ETA: 0s - loss: 0.0495
 9/12 [=====================>........] - ETA: 0s - loss: 0.0503
11/12 [==========================>...] - ETA: 0s - loss: 0.0509
12/12 [==============================] - 0s 29ms/step - loss: 0.0504
Epoch 92/300

 1/12 [=>............................] - ETA: 0s - loss: 0.0508
 3/12 [======>.......................] - ETA: 0s - loss: 0.0479
 5/12 [===========>..................] - ETA: 0s - loss: 0.0508
 7/12 [================>.............] - ETA: 0s - loss: 0.0501
 9/12 [=====================>........] - ETA: 0s - loss: 0.0512
11/12 [==========================>...] - ETA: 0s - loss: 0.0510
12/12 [==============================] - 0s 27ms/step - loss: 0.0508
Epoch 93/300

 1/12 [=>............................] - ETA: 0s - loss: 0.0521
 3/12 [======>.......................] - ETA: 0s - loss: 0.0471
 5/12 [===========>..................] - ETA: 0s - loss: 0.0488
 7/12 [================>.............] - ETA: 0s - loss: 0.0490
 9/12 [=====================>........] - ETA: 0s - loss: 0.0494
11/12 [==========================>...] - ETA: 0s - loss: 0.0517
12/12 [==============================] - 0s 28ms/step - loss: 0.0512
Epoch 94/300

 1/12 [=>............................] - ETA: 0s - loss: 0.0442
 3/12 [======>.......................] - ETA: 0s - loss: 0.0587
 5/12 [===========>..................] - ETA: 0s - loss: 0.0614
 7/12 [================>.............] - ETA: 0s - loss: 0.0582
 9/12 [=====================>........] - ETA: 0s - loss: 0.0566
11/12 [==========================>...] - ETA: 0s - loss: 0.0563
12/12 [==============================] - 0s 28ms/step - loss: 0.0561
Epoch 95/300

 1/12 [=>............................] - ETA: 0s - loss: 0.0505
 3/12 [======>.......................] - ETA: 0s - loss: 0.0493
 5/12 [===========>..................] - ETA: 0s - loss: 0.0507
 7/12 [================>.............] - ETA: 0s - loss: 0.0500
 9/12 [=====================>........] - ETA: 0s - loss: 0.0528
11/12 [==========================>...] - ETA: 0s - loss: 0.0520
12/12 [==============================] - 0s 27ms/step - loss: 0.0515
Epoch 96/300

 1/12 [=>............................] - ETA: 0s - loss: 0.0530
 3/12 [======>.......................] - ETA: 0s - loss: 0.0499
 5/12 [===========>..................] - ETA: 0s - loss: 0.0483
 7/12 [================>.............] - ETA: 0s - loss: 0.0479
 9/12 [=====================>........] - ETA: 0s - loss: 0.0460
11/12 [==========================>...] - ETA: 0s - loss: 0.0467
12/12 [==============================] - 0s 27ms/step - loss: 0.0465
Epoch 97/300

 1/12 [=>............................] - ETA: 0s - loss: 0.0457
 3/12 [======>.......................] - ETA: 0s - loss: 0.0489
 5/12 [===========>..................] - ETA: 0s - loss: 0.0481
 7/12 [================>.............] - ETA: 0s - loss: 0.0483
 9/12 [=====================>........] - ETA: 0s - loss: 0.0475
11/12 [==========================>...] - ETA: 0s - loss: 0.0486
12/12 [==============================] - 0s 28ms/step - loss: 0.0491
Epoch 98/300

 1/12 [=>............................] - ETA: 0s - loss: 0.0378
 3/12 [======>.......................] - ETA: 0s - loss: 0.0480
 5/12 [===========>..................] - ETA: 0s - loss: 0.0487
 7/12 [================>.............] - ETA: 0s - loss: 0.0474
 9/12 [=====================>........] - ETA: 0s - loss: 0.0488
11/12 [==========================>...] - ETA: 0s - loss: 0.0484
12/12 [==============================] - 0s 27ms/step - loss: 0.0489
Epoch 99/300

 1/12 [=>............................] - ETA: 0s - loss: 0.0443
 3/12 [======>.......................] - ETA: 0s - loss: 0.0435
 5/12 [===========>..................] - ETA: 0s - loss: 0.0486
 7/12 [================>.............] - ETA: 0s - loss: 0.0483
 9/12 [=====================>........] - ETA: 0s - loss: 0.0479
11/12 [==========================>...] - ETA: 0s - loss: 0.0496
12/12 [==============================] - 0s 27ms/step - loss: 0.0497
Epoch 100/300

 1/12 [=>............................] - ETA: 0s - loss: 0.0481
 3/12 [======>.......................] - ETA: 0s - loss: 0.0494
 5/12 [===========>..................] - ETA: 0s - loss: 0.0503
 7/12 [================>.............] - ETA: 0s - loss: 0.0520
 9/12 [=====================>........] - ETA: 0s - loss: 0.0505
11/12 [==========================>...] - ETA: 0s - loss: 0.0505
12/12 [==============================] - 0s 27ms/step - loss: 0.0501
Epoch 101/300

 1/12 [=>............................] - ETA: 0s - loss: 0.0449
 3/12 [======>.......................] - ETA: 0s - loss: 0.0535
 5/12 [===========>..................] - ETA: 0s - loss: 0.0513
 7/12 [================>.............] - ETA: 0s - loss: 0.0495
 9/12 [=====================>........] - ETA: 0s - loss: 0.0509
11/12 [==========================>...] - ETA: 0s - loss: 0.0486
12/12 [==============================] - 0s 27ms/step - loss: 0.0485
Epoch 102/300

 1/12 [=>............................] - ETA: 0s - loss: 0.0641
 3/12 [======>.......................] - ETA: 0s - loss: 0.0513
 5/12 [===========>..................] - ETA: 0s - loss: 0.0516
 7/12 [================>.............] - ETA: 0s - loss: 0.0524
 9/12 [=====================>........] - ETA: 0s - loss: 0.0531
11/12 [==========================>...] - ETA: 0s - loss: 0.0518
12/12 [==============================] - 0s 27ms/step - loss: 0.0523
Epoch 103/300

 1/12 [=>............................] - ETA: 0s - loss: 0.0436
 3/12 [======>.......................] - ETA: 0s - loss: 0.0576
 5/12 [===========>..................] - ETA: 0s - loss: 0.0548
 7/12 [================>.............] - ETA: 0s - loss: 0.0537
 9/12 [=====================>........] - ETA: 0s - loss: 0.0509
11/12 [==========================>...] - ETA: 0s - loss: 0.0520
12/12 [==============================] - 0s 27ms/step - loss: 0.0515
Epoch 104/300

 1/12 [=>............................] - ETA: 0s - loss: 0.0581
 3/12 [======>.......................] - ETA: 0s - loss: 0.0533
 5/12 [===========>..................] - ETA: 0s - loss: 0.0539
 7/12 [================>.............] - ETA: 0s - loss: 0.0499
 9/12 [=====================>........] - ETA: 0s - loss: 0.0485
11/12 [==========================>...] - ETA: 0s - loss: 0.0489
12/12 [==============================] - 0s 27ms/step - loss: 0.0493
Epoch 105/300

 1/12 [=>............................] - ETA: 0s - loss: 0.0420
 3/12 [======>.......................] - ETA: 0s - loss: 0.0478
 5/12 [===========>..................] - ETA: 0s - loss: 0.0465
 7/12 [================>.............] - ETA: 0s - loss: 0.0466
 9/12 [=====================>........] - ETA: 0s - loss: 0.0479
11/12 [==========================>...] - ETA: 0s - loss: 0.0488
12/12 [==============================] - 0s 27ms/step - loss: 0.0483
Epoch 106/300

 1/12 [=>............................] - ETA: 0s - loss: 0.0435
 3/12 [======>.......................] - ETA: 0s - loss: 0.0399
 5/12 [===========>..................] - ETA: 0s - loss: 0.0435
 7/12 [================>.............] - ETA: 0s - loss: 0.0453
 9/12 [=====================>........] - ETA: 0s - loss: 0.0448
11/12 [==========================>...] - ETA: 0s - loss: 0.0449
12/12 [==============================] - 0s 28ms/step - loss: 0.0457
Epoch 107/300

 1/12 [=>............................] - ETA: 0s - loss: 0.0470
 3/12 [======>.......................] - ETA: 0s - loss: 0.0477
 5/12 [===========>..................] - ETA: 0s - loss: 0.0497
 7/12 [================>.............] - ETA: 0s - loss: 0.0487
 9/12 [=====================>........] - ETA: 0s - loss: 0.0470
11/12 [==========================>...] - ETA: 0s - loss: 0.0480
12/12 [==============================] - 0s 28ms/step - loss: 0.0475
Epoch 108/300

 1/12 [=>............................] - ETA: 0s - loss: 0.0684
 3/12 [======>.......................] - ETA: 0s - loss: 0.0580
 5/12 [===========>..................] - ETA: 0s - loss: 0.0517
 7/12 [================>.............] - ETA: 0s - loss: 0.0490
 9/12 [=====================>........] - ETA: 0s - loss: 0.0489
11/12 [==========================>...] - ETA: 0s - loss: 0.0504
12/12 [==============================] - 0s 27ms/step - loss: 0.0505
Epoch 109/300

 1/12 [=>............................] - ETA: 0s - loss: 0.0433
 3/12 [======>.......................] - ETA: 0s - loss: 0.0406
 5/12 [===========>..................] - ETA: 0s - loss: 0.0448
 7/12 [================>.............] - ETA: 0s - loss: 0.0436
 9/12 [=====================>........] - ETA: 0s - loss: 0.0438
11/12 [==========================>...] - ETA: 0s - loss: 0.0437
12/12 [==============================] - 0s 27ms/step - loss: 0.0440
Epoch 110/300

 1/12 [=>............................] - ETA: 0s - loss: 0.0402
 3/12 [======>.......................] - ETA: 0s - loss: 0.0495
 5/12 [===========>..................] - ETA: 0s - loss: 0.0484
 7/12 [================>.............] - ETA: 0s - loss: 0.0467
 9/12 [=====================>........] - ETA: 0s - loss: 0.0484
11/12 [==========================>...] - ETA: 0s - loss: 0.0475
12/12 [==============================] - 0s 28ms/step - loss: 0.0475
Epoch 111/300

 1/12 [=>............................] - ETA: 0s - loss: 0.0457
 3/12 [======>.......................] - ETA: 0s - loss: 0.0434
 5/12 [===========>..................] - ETA: 0s - loss: 0.0448
 7/12 [================>.............] - ETA: 0s - loss: 0.0450
 9/12 [=====================>........] - ETA: 0s - loss: 0.0436
11/12 [==========================>...] - ETA: 0s - loss: 0.0449
12/12 [==============================] - 0s 27ms/step - loss: 0.0448
Epoch 112/300

 1/12 [=>............................] - ETA: 0s - loss: 0.0484
 3/12 [======>.......................] - ETA: 0s - loss: 0.0455
 5/12 [===========>..................] - ETA: 0s - loss: 0.0491
 7/12 [================>.............] - ETA: 0s - loss: 0.0452
 9/12 [=====================>........] - ETA: 0s - loss: 0.0447
11/12 [==========================>...] - ETA: 0s - loss: 0.0459
12/12 [==============================] - 0s 28ms/step - loss: 0.0459
Epoch 113/300

 1/12 [=>............................] - ETA: 0s - loss: 0.0542
 3/12 [======>.......................] - ETA: 0s - loss: 0.0495
 5/12 [===========>..................] - ETA: 0s - loss: 0.0470
 7/12 [================>.............] - ETA: 0s - loss: 0.0470
 9/12 [=====================>........] - ETA: 0s - loss: 0.0483
11/12 [==========================>...] - ETA: 0s - loss: 0.0481
12/12 [==============================] - 0s 27ms/step - loss: 0.0483
Epoch 114/300

 1/12 [=>............................] - ETA: 0s - loss: 0.0553
 3/12 [======>.......................] - ETA: 0s - loss: 0.0439
 5/12 [===========>..................] - ETA: 0s - loss: 0.0477
 7/12 [================>.............] - ETA: 0s - loss: 0.0487
 9/12 [=====================>........] - ETA: 0s - loss: 0.0490
11/12 [==========================>...] - ETA: 0s - loss: 0.0482
12/12 [==============================] - 0s 27ms/step - loss: 0.0479
Epoch 115/300

 1/12 [=>............................] - ETA: 0s - loss: 0.0413
 3/12 [======>.......................] - ETA: 0s - loss: 0.0462
 5/12 [===========>..................] - ETA: 0s - loss: 0.0478
 7/12 [================>.............] - ETA: 0s - loss: 0.0453
 9/12 [=====================>........] - ETA: 0s - loss: 0.0483
11/12 [==========================>...] - ETA: 0s - loss: 0.0489
12/12 [==============================] - 0s 27ms/step - loss: 0.0493
Epoch 116/300

 1/12 [=>............................] - ETA: 0s - loss: 0.0510
 3/12 [======>.......................] - ETA: 0s - loss: 0.0508
 5/12 [===========>..................] - ETA: 0s - loss: 0.0470
 7/12 [================>.............] - ETA: 0s - loss: 0.0463
 9/12 [=====================>........] - ETA: 0s - loss: 0.0454
11/12 [==========================>...] - ETA: 0s - loss: 0.0462
12/12 [==============================] - 0s 27ms/step - loss: 0.0467
Epoch 117/300

 1/12 [=>............................] - ETA: 0s - loss: 0.0605
 3/12 [======>.......................] - ETA: 0s - loss: 0.0561
 5/12 [===========>..................] - ETA: 0s - loss: 0.0510
 7/12 [================>.............] - ETA: 0s - loss: 0.0498
 9/12 [=====================>........] - ETA: 0s - loss: 0.0491
11/12 [==========================>...] - ETA: 0s - loss: 0.0481
12/12 [==============================] - 0s 27ms/step - loss: 0.0482
Epoch 118/300

 1/12 [=>............................] - ETA: 0s - loss: 0.0397
 3/12 [======>.......................] - ETA: 0s - loss: 0.0501
 5/12 [===========>..................] - ETA: 0s - loss: 0.0523
 7/12 [================>.............] - ETA: 0s - loss: 0.0509
 9/12 [=====================>........] - ETA: 0s - loss: 0.0496
11/12 [==========================>...] - ETA: 0s - loss: 0.0503
12/12 [==============================] - 0s 27ms/step - loss: 0.0505
Epoch 119/300

 1/12 [=>............................] - ETA: 0s - loss: 0.0425
 3/12 [======>.......................] - ETA: 0s - loss: 0.0452
 5/12 [===========>..................] - ETA: 0s - loss: 0.0411
 7/12 [================>.............] - ETA: 0s - loss: 0.0424
 9/12 [=====================>........] - ETA: 0s - loss: 0.0438
11/12 [==========================>...] - ETA: 0s - loss: 0.0445
12/12 [==============================] - 0s 27ms/step - loss: 0.0443
Epoch 120/300

 1/12 [=>............................] - ETA: 0s - loss: 0.0417
 3/12 [======>.......................] - ETA: 0s - loss: 0.0442
 5/12 [===========>..................] - ETA: 0s - loss: 0.0473
 7/12 [================>.............] - ETA: 0s - loss: 0.0472
 9/12 [=====================>........] - ETA: 0s - loss: 0.0444
11/12 [==========================>...] - ETA: 0s - loss: 0.0448
12/12 [==============================] - 0s 27ms/step - loss: 0.0442
Epoch 121/300

 1/12 [=>............................] - ETA: 0s - loss: 0.0503
 3/12 [======>.......................] - ETA: 0s - loss: 0.0482
 5/12 [===========>..................] - ETA: 0s - loss: 0.0476
 7/12 [================>.............] - ETA: 0s - loss: 0.0491
 9/12 [=====================>........] - ETA: 0s - loss: 0.0492
11/12 [==========================>...] - ETA: 0s - loss: 0.0498
12/12 [==============================] - 0s 27ms/step - loss: 0.0495
Epoch 122/300

 1/12 [=>............................] - ETA: 0s - loss: 0.0408
 3/12 [======>.......................] - ETA: 0s - loss: 0.0444
 5/12 [===========>..................] - ETA: 0s - loss: 0.0450
 7/12 [================>.............] - ETA: 0s - loss: 0.0470
 9/12 [=====================>........] - ETA: 0s - loss: 0.0474
11/12 [==========================>...] - ETA: 0s - loss: 0.0463
12/12 [==============================] - 0s 27ms/step - loss: 0.0460
Epoch 123/300

 1/12 [=>............................] - ETA: 0s - loss: 0.0486
 3/12 [======>.......................] - ETA: 0s - loss: 0.0540
 5/12 [===========>..................] - ETA: 0s - loss: 0.0532
 7/12 [================>.............] - ETA: 0s - loss: 0.0505
 9/12 [=====================>........] - ETA: 0s - loss: 0.0485
11/12 [==========================>...] - ETA: 0s - loss: 0.0483
12/12 [==============================] - 0s 28ms/step - loss: 0.0480
Epoch 124/300

 1/12 [=>............................] - ETA: 0s - loss: 0.0334
 3/12 [======>.......................] - ETA: 0s - loss: 0.0426
 5/12 [===========>..................] - ETA: 0s - loss: 0.0428
 7/12 [================>.............] - ETA: 0s - loss: 0.0450
 9/12 [=====================>........] - ETA: 0s - loss: 0.0462
11/12 [==========================>...] - ETA: 0s - loss: 0.0459
12/12 [==============================] - 0s 29ms/step - loss: 0.0461
Epoch 125/300

 1/12 [=>............................] - ETA: 0s - loss: 0.0526
 3/12 [======>.......................] - ETA: 0s - loss: 0.0441
 5/12 [===========>..................] - ETA: 0s - loss: 0.0461
 7/12 [================>.............] - ETA: 0s - loss: 0.0488
 9/12 [=====================>........] - ETA: 0s - loss: 0.0473
11/12 [==========================>...] - ETA: 0s - loss: 0.0484
12/12 [==============================] - 0s 27ms/step - loss: 0.0479
Epoch 126/300

 1/12 [=>............................] - ETA: 0s - loss: 0.0450
 3/12 [======>.......................] - ETA: 0s - loss: 0.0480
 5/12 [===========>..................] - ETA: 0s - loss: 0.0503
 7/12 [================>.............] - ETA: 0s - loss: 0.0473
 9/12 [=====================>........] - ETA: 0s - loss: 0.0480
11/12 [==========================>...] - ETA: 0s - loss: 0.0488
12/12 [==============================] - 0s 28ms/step - loss: 0.0483
Epoch 127/300

 1/12 [=>............................] - ETA: 0s - loss: 0.0540
 3/12 [======>.......................] - ETA: 0s - loss: 0.0545
 5/12 [===========>..................] - ETA: 0s - loss: 0.0506
 7/12 [================>.............] - ETA: 0s - loss: 0.0484
 9/12 [=====================>........] - ETA: 0s - loss: 0.0466
11/12 [==========================>...] - ETA: 0s - loss: 0.0480
12/12 [==============================] - 0s 28ms/step - loss: 0.0473
Epoch 128/300

 1/12 [=>............................] - ETA: 0s - loss: 0.0612
 3/12 [======>.......................] - ETA: 0s - loss: 0.0547
 5/12 [===========>..................] - ETA: 0s - loss: 0.0504
 7/12 [================>.............] - ETA: 0s - loss: 0.0473
 9/12 [=====================>........] - ETA: 0s - loss: 0.0462
11/12 [==========================>...] - ETA: 0s - loss: 0.0464
12/12 [==============================] - 0s 27ms/step - loss: 0.0465
Epoch 129/300

 1/12 [=>............................] - ETA: 0s - loss: 0.0330
 3/12 [======>.......................] - ETA: 0s - loss: 0.0401
 5/12 [===========>..................] - ETA: 0s - loss: 0.0460
 7/12 [================>.............] - ETA: 0s - loss: 0.0465
 9/12 [=====================>........] - ETA: 0s - loss: 0.0472
11/12 [==========================>...] - ETA: 0s - loss: 0.0469
12/12 [==============================] - 0s 27ms/step - loss: 0.0468
Epoch 129: early stopping

 1/12 [=>............................] - ETA: 5s
10/12 [========================>.....] - ETA: 0s
12/12 [==============================] - 1s 6ms/step
  params for conformer: lr=0.0001, batch_size=64
[Conformer] Fold 2/3 学習開始
Epoch 1/300

 1/12 [=>............................] - ETA: 54s - loss: 0.3881
 3/12 [======>.......................] - ETA: 0s - loss: 0.4685 
 5/12 [===========>..................] - ETA: 0s - loss: 0.4449
 7/12 [================>.............] - ETA: 0s - loss: 0.4134
 9/12 [=====================>........] - ETA: 0s - loss: 0.3784
11/12 [==========================>...] - ETA: 0s - loss: 0.3504
12/12 [==============================] - 5s 31ms/step - loss: 0.3446
Epoch 2/300

 1/12 [=>............................] - ETA: 0s - loss: 0.1185
 3/12 [======>.......................] - ETA: 0s - loss: 0.1376
 5/12 [===========>..................] - ETA: 0s - loss: 0.1399
 7/12 [================>.............] - ETA: 0s - loss: 0.1446
 9/12 [=====================>........] - ETA: 0s - loss: 0.1463
11/12 [==========================>...] - ETA: 0s - loss: 0.1475
12/12 [==============================] - 0s 34ms/step - loss: 0.1463
Epoch 3/300

 1/12 [=>............................] - ETA: 0s - loss: 0.1387
 3/12 [======>.......................] - ETA: 0s - loss: 0.1524
 5/12 [===========>..................] - ETA: 0s - loss: 0.1430
 7/12 [================>.............] - ETA: 0s - loss: 0.1429
 9/12 [=====================>........] - ETA: 0s - loss: 0.1411
11/12 [==========================>...] - ETA: 0s - loss: 0.1375
12/12 [==============================] - 0s 29ms/step - loss: 0.1369
Epoch 4/300

 1/12 [=>............................] - ETA: 0s - loss: 0.1357
 3/12 [======>.......................] - ETA: 0s - loss: 0.1356
 5/12 [===========>..................] - ETA: 0s - loss: 0.1228
 7/12 [================>.............] - ETA: 0s - loss: 0.1258
 9/12 [=====================>........] - ETA: 0s - loss: 0.1211
11/12 [==========================>...] - ETA: 0s - loss: 0.1210
12/12 [==============================] - 0s 30ms/step - loss: 0.1208
Epoch 5/300

 1/12 [=>............................] - ETA: 0s - loss: 0.1287
 3/12 [======>.......................] - ETA: 0s - loss: 0.1187
 5/12 [===========>..................] - ETA: 0s - loss: 0.1194
 7/12 [================>.............] - ETA: 0s - loss: 0.1116
 9/12 [=====================>........] - ETA: 0s - loss: 0.1089
11/12 [==========================>...] - ETA: 0s - loss: 0.1109
12/12 [==============================] - 0s 31ms/step - loss: 0.1106
Epoch 6/300

 1/12 [=>............................] - ETA: 0s - loss: 0.1208
 3/12 [======>.......................] - ETA: 0s - loss: 0.1255
 5/12 [===========>..................] - ETA: 0s - loss: 0.1234
 7/12 [================>.............] - ETA: 0s - loss: 0.1206
 9/12 [=====================>........] - ETA: 0s - loss: 0.1205
11/12 [==========================>...] - ETA: 0s - loss: 0.1195
12/12 [==============================] - 0s 31ms/step - loss: 0.1180
Epoch 7/300

 1/12 [=>............................] - ETA: 0s - loss: 0.1300
 3/12 [======>.......................] - ETA: 0s - loss: 0.1197
 5/12 [===========>..................] - ETA: 0s - loss: 0.1155
 7/12 [================>.............] - ETA: 0s - loss: 0.1147
 9/12 [=====================>........] - ETA: 0s - loss: 0.1113
11/12 [==========================>...] - ETA: 0s - loss: 0.1098
12/12 [==============================] - 0s 29ms/step - loss: 0.1092
Epoch 8/300

 1/12 [=>............................] - ETA: 0s - loss: 0.1060
 3/12 [======>.......................] - ETA: 0s - loss: 0.0979
 5/12 [===========>..................] - ETA: 0s - loss: 0.0968
 7/12 [================>.............] - ETA: 0s - loss: 0.0929
 9/12 [=====================>........] - ETA: 0s - loss: 0.0919
11/12 [==========================>...] - ETA: 0s - loss: 0.0909
12/12 [==============================] - 0s 28ms/step - loss: 0.0909
Epoch 9/300

 1/12 [=>............................] - ETA: 0s - loss: 0.0979
 3/12 [======>.......................] - ETA: 0s - loss: 0.0887
 5/12 [===========>..................] - ETA: 0s - loss: 0.0972
 7/12 [================>.............] - ETA: 0s - loss: 0.1020
 9/12 [=====================>........] - ETA: 0s - loss: 0.0958
11/12 [==========================>...] - ETA: 0s - loss: 0.0970
12/12 [==============================] - 0s 29ms/step - loss: 0.0960
Epoch 10/300

 1/12 [=>............................] - ETA: 0s - loss: 0.1288
 3/12 [======>.......................] - ETA: 0s - loss: 0.0990
 4/12 [=========>....................] - ETA: 0s - loss: 0.0911
 6/12 [==============>...............] - ETA: 0s - loss: 0.0913
 8/12 [===================>..........] - ETA: 0s - loss: 0.0888
10/12 [========================>.....] - ETA: 0s - loss: 0.0859
12/12 [==============================] - ETA: 0s - loss: 0.0862
12/12 [==============================] - 0s 30ms/step - loss: 0.0862
Epoch 11/300

 1/12 [=>............................] - ETA: 0s - loss: 0.0980
 3/12 [======>.......................] - ETA: 0s - loss: 0.0989
 5/12 [===========>..................] - ETA: 0s - loss: 0.0959
 7/12 [================>.............] - ETA: 0s - loss: 0.0980
 9/12 [=====================>........] - ETA: 0s - loss: 0.0950
11/12 [==========================>...] - ETA: 0s - loss: 0.0965
12/12 [==============================] - 0s 28ms/step - loss: 0.0968
Epoch 12/300

 1/12 [=>............................] - ETA: 0s - loss: 0.0943
 3/12 [======>.......................] - ETA: 0s - loss: 0.1097
 5/12 [===========>..................] - ETA: 0s - loss: 0.1036
 7/12 [================>.............] - ETA: 0s - loss: 0.0960
 9/12 [=====================>........] - ETA: 0s - loss: 0.0951
11/12 [==========================>...] - ETA: 0s - loss: 0.0920
12/12 [==============================] - 0s 28ms/step - loss: 0.0917
Epoch 13/300

 1/12 [=>............................] - ETA: 0s - loss: 0.0872
 3/12 [======>.......................] - ETA: 0s - loss: 0.0829
 5/12 [===========>..................] - ETA: 0s - loss: 0.0821
 7/12 [================>.............] - ETA: 0s - loss: 0.0825
 9/12 [=====================>........] - ETA: 0s - loss: 0.0834
11/12 [==========================>...] - ETA: 0s - loss: 0.0848
12/12 [==============================] - 0s 29ms/step - loss: 0.0855
Epoch 14/300

 1/12 [=>............................] - ETA: 0s - loss: 0.0908
 3/12 [======>.......................] - ETA: 0s - loss: 0.0960
 5/12 [===========>..................] - ETA: 0s - loss: 0.0900
 7/12 [================>.............] - ETA: 0s - loss: 0.0926
 9/12 [=====================>........] - ETA: 0s - loss: 0.0914
11/12 [==========================>...] - ETA: 0s - loss: 0.0933
12/12 [==============================] - 0s 28ms/step - loss: 0.0933
Epoch 15/300

 1/12 [=>............................] - ETA: 0s - loss: 0.0570
 3/12 [======>.......................] - ETA: 0s - loss: 0.0734
 5/12 [===========>..................] - ETA: 0s - loss: 0.0836
 7/12 [================>.............] - ETA: 0s - loss: 0.0904
 9/12 [=====================>........] - ETA: 0s - loss: 0.0877
11/12 [==========================>...] - ETA: 0s - loss: 0.0866
12/12 [==============================] - 0s 29ms/step - loss: 0.0856
Epoch 16/300

 1/12 [=>............................] - ETA: 0s - loss: 0.0773
 3/12 [======>.......................] - ETA: 0s - loss: 0.0817
 5/12 [===========>..................] - ETA: 0s - loss: 0.0886
 7/12 [================>.............] - ETA: 0s - loss: 0.0883
 9/12 [=====================>........] - ETA: 0s - loss: 0.0876
11/12 [==========================>...] - ETA: 0s - loss: 0.0864
12/12 [==============================] - 0s 29ms/step - loss: 0.0859
Epoch 17/300

 1/12 [=>............................] - ETA: 0s - loss: 0.0775
 3/12 [======>.......................] - ETA: 0s - loss: 0.0894
 5/12 [===========>..................] - ETA: 0s - loss: 0.0933
 7/12 [================>.............] - ETA: 0s - loss: 0.0962
 9/12 [=====================>........] - ETA: 0s - loss: 0.0891
11/12 [==========================>...] - ETA: 0s - loss: 0.0884
12/12 [==============================] - 0s 29ms/step - loss: 0.0877
Epoch 18/300

 1/12 [=>............................] - ETA: 0s - loss: 0.1242
 3/12 [======>.......................] - ETA: 0s - loss: 0.0906
 5/12 [===========>..................] - ETA: 0s - loss: 0.0914
 7/12 [================>.............] - ETA: 0s - loss: 0.0859
 9/12 [=====================>........] - ETA: 0s - loss: 0.0811
11/12 [==========================>...] - ETA: 0s - loss: 0.0834
12/12 [==============================] - 0s 29ms/step - loss: 0.0827
Epoch 19/300

 1/12 [=>............................] - ETA: 0s - loss: 0.0748
 3/12 [======>.......................] - ETA: 0s - loss: 0.0787
 5/12 [===========>..................] - ETA: 0s - loss: 0.0805
 7/12 [================>.............] - ETA: 0s - loss: 0.0826
 9/12 [=====================>........] - ETA: 0s - loss: 0.0844
11/12 [==========================>...] - ETA: 0s - loss: 0.0822
12/12 [==============================] - 0s 29ms/step - loss: 0.0824
Epoch 20/300

 1/12 [=>............................] - ETA: 0s - loss: 0.0665
 3/12 [======>.......................] - ETA: 0s - loss: 0.0707
 5/12 [===========>..................] - ETA: 0s - loss: 0.0763
 7/12 [================>.............] - ETA: 0s - loss: 0.0819
 9/12 [=====================>........] - ETA: 0s - loss: 0.0812
11/12 [==========================>...] - ETA: 0s - loss: 0.0789
12/12 [==============================] - 0s 29ms/step - loss: 0.0784
Epoch 21/300

 1/12 [=>............................] - ETA: 0s - loss: 0.0654
 3/12 [======>.......................] - ETA: 0s - loss: 0.0798
 5/12 [===========>..................] - ETA: 0s - loss: 0.0745
 7/12 [================>.............] - ETA: 0s - loss: 0.0763
 9/12 [=====================>........] - ETA: 0s - loss: 0.0730
11/12 [==========================>...] - ETA: 0s - loss: 0.0732
12/12 [==============================] - 0s 30ms/step - loss: 0.0742
Epoch 22/300

 1/12 [=>............................] - ETA: 0s - loss: 0.0870
 3/12 [======>.......................] - ETA: 0s - loss: 0.0807
 5/12 [===========>..................] - ETA: 0s - loss: 0.0791
 7/12 [================>.............] - ETA: 0s - loss: 0.0735
 9/12 [=====================>........] - ETA: 0s - loss: 0.0732
11/12 [==========================>...] - ETA: 0s - loss: 0.0727
12/12 [==============================] - 0s 29ms/step - loss: 0.0721
Epoch 23/300

 1/12 [=>............................] - ETA: 0s - loss: 0.0741
 3/12 [======>.......................] - ETA: 0s - loss: 0.0780
 5/12 [===========>..................] - ETA: 0s - loss: 0.0793
 7/12 [================>.............] - ETA: 0s - loss: 0.0745
 9/12 [=====================>........] - ETA: 0s - loss: 0.0740
11/12 [==========================>...] - ETA: 0s - loss: 0.0715
12/12 [==============================] - 0s 29ms/step - loss: 0.0713
Epoch 24/300

 1/12 [=>............................] - ETA: 0s - loss: 0.0924
 3/12 [======>.......................] - ETA: 0s - loss: 0.0826
 5/12 [===========>..................] - ETA: 0s - loss: 0.0800
 7/12 [================>.............] - ETA: 0s - loss: 0.0815
 9/12 [=====================>........] - ETA: 0s - loss: 0.0802
11/12 [==========================>...] - ETA: 0s - loss: 0.0759
12/12 [==============================] - 0s 28ms/step - loss: 0.0755
Epoch 25/300

 1/12 [=>............................] - ETA: 0s - loss: 0.0529
 3/12 [======>.......................] - ETA: 0s - loss: 0.0637
 5/12 [===========>..................] - ETA: 0s - loss: 0.0620
 7/12 [================>.............] - ETA: 0s - loss: 0.0673
 9/12 [=====================>........] - ETA: 0s - loss: 0.0691
11/12 [==========================>...] - ETA: 0s - loss: 0.0680
12/12 [==============================] - 0s 28ms/step - loss: 0.0679
Epoch 26/300

 1/12 [=>............................] - ETA: 0s - loss: 0.0742
 3/12 [======>.......................] - ETA: 0s - loss: 0.0840
 5/12 [===========>..................] - ETA: 0s - loss: 0.0768
 7/12 [================>.............] - ETA: 0s - loss: 0.0777
 9/12 [=====================>........] - ETA: 0s - loss: 0.0743
11/12 [==========================>...] - ETA: 0s - loss: 0.0722
12/12 [==============================] - 0s 28ms/step - loss: 0.0717
Epoch 27/300

 1/12 [=>............................] - ETA: 0s - loss: 0.0664
 3/12 [======>.......................] - ETA: 0s - loss: 0.0715
 5/12 [===========>..................] - ETA: 0s - loss: 0.0759
 7/12 [================>.............] - ETA: 0s - loss: 0.0721
 9/12 [=====================>........] - ETA: 0s - loss: 0.0691
11/12 [==========================>...] - ETA: 0s - loss: 0.0692
12/12 [==============================] - 0s 27ms/step - loss: 0.0694
Epoch 28/300

 1/12 [=>............................] - ETA: 0s - loss: 0.0756
 3/12 [======>.......................] - ETA: 0s - loss: 0.0700
 5/12 [===========>..................] - ETA: 0s - loss: 0.0727
 7/12 [================>.............] - ETA: 0s - loss: 0.0726
 9/12 [=====================>........] - ETA: 0s - loss: 0.0738
11/12 [==========================>...] - ETA: 0s - loss: 0.0729
12/12 [==============================] - 0s 28ms/step - loss: 0.0724
Epoch 29/300

 1/12 [=>............................] - ETA: 0s - loss: 0.0930
 3/12 [======>.......................] - ETA: 0s - loss: 0.0850
 5/12 [===========>..................] - ETA: 0s - loss: 0.0790
 7/12 [================>.............] - ETA: 0s - loss: 0.0735
 9/12 [=====================>........] - ETA: 0s - loss: 0.0716
11/12 [==========================>...] - ETA: 0s - loss: 0.0735
12/12 [==============================] - 0s 30ms/step - loss: 0.0749
Epoch 30/300

 1/12 [=>............................] - ETA: 0s - loss: 0.0624
 3/12 [======>.......................] - ETA: 0s - loss: 0.0641
 5/12 [===========>..................] - ETA: 0s - loss: 0.0690
 7/12 [================>.............] - ETA: 0s - loss: 0.0710
 9/12 [=====================>........] - ETA: 0s - loss: 0.0720
11/12 [==========================>...] - ETA: 0s - loss: 0.0725
12/12 [==============================] - 0s 29ms/step - loss: 0.0717
Epoch 31/300

 1/12 [=>............................] - ETA: 0s - loss: 0.0622
 3/12 [======>.......................] - ETA: 0s - loss: 0.0640
 5/12 [===========>..................] - ETA: 0s - loss: 0.0663
 7/12 [================>.............] - ETA: 0s - loss: 0.0661
 9/12 [=====================>........] - ETA: 0s - loss: 0.0679
11/12 [==========================>...] - ETA: 0s - loss: 0.0677
12/12 [==============================] - 0s 29ms/step - loss: 0.0677
Epoch 32/300

 1/12 [=>............................] - ETA: 0s - loss: 0.0549
 3/12 [======>.......................] - ETA: 0s - loss: 0.0592
 5/12 [===========>..................] - ETA: 0s - loss: 0.0672
 7/12 [================>.............] - ETA: 0s - loss: 0.0727
 9/12 [=====================>........] - ETA: 0s - loss: 0.0739
11/12 [==========================>...] - ETA: 0s - loss: 0.0712
12/12 [==============================] - 0s 29ms/step - loss: 0.0714
Epoch 33/300

 1/12 [=>............................] - ETA: 0s - loss: 0.0948
 3/12 [======>.......................] - ETA: 0s - loss: 0.0696
 5/12 [===========>..................] - ETA: 0s - loss: 0.0668
 7/12 [================>.............] - ETA: 0s - loss: 0.0691
 9/12 [=====================>........] - ETA: 0s - loss: 0.0668
11/12 [==========================>...] - ETA: 0s - loss: 0.0641
12/12 [==============================] - 0s 28ms/step - loss: 0.0636
Epoch 34/300

 1/12 [=>............................] - ETA: 0s - loss: 0.0690
 3/12 [======>.......................] - ETA: 0s - loss: 0.0768
 5/12 [===========>..................] - ETA: 0s - loss: 0.0714
 7/12 [================>.............] - ETA: 0s - loss: 0.0699
 9/12 [=====================>........] - ETA: 0s - loss: 0.0735
11/12 [==========================>...] - ETA: 0s - loss: 0.0711
12/12 [==============================] - 0s 29ms/step - loss: 0.0719
Epoch 35/300

 1/12 [=>............................] - ETA: 0s - loss: 0.0815
 3/12 [======>.......................] - ETA: 0s - loss: 0.0752
 5/12 [===========>..................] - ETA: 0s - loss: 0.0787
 7/12 [================>.............] - ETA: 0s - loss: 0.0729
 9/12 [=====================>........] - ETA: 0s - loss: 0.0745
11/12 [==========================>...] - ETA: 0s - loss: 0.0760
12/12 [==============================] - 0s 29ms/step - loss: 0.0752
Epoch 36/300

 1/12 [=>............................] - ETA: 0s - loss: 0.0898
 3/12 [======>.......................] - ETA: 0s - loss: 0.0657
 5/12 [===========>..................] - ETA: 0s - loss: 0.0649
 7/12 [================>.............] - ETA: 0s - loss: 0.0640
 9/12 [=====================>........] - ETA: 0s - loss: 0.0636
11/12 [==========================>...] - ETA: 0s - loss: 0.0652
12/12 [==============================] - 0s 29ms/step - loss: 0.0649
Epoch 37/300

 1/12 [=>............................] - ETA: 0s - loss: 0.0594
 3/12 [======>.......................] - ETA: 0s - loss: 0.0614
 5/12 [===========>..................] - ETA: 0s - loss: 0.0674
 7/12 [================>.............] - ETA: 0s - loss: 0.0639
 9/12 [=====================>........] - ETA: 0s - loss: 0.0651
11/12 [==========================>...] - ETA: 0s - loss: 0.0671
12/12 [==============================] - 0s 30ms/step - loss: 0.0669
Epoch 38/300

 1/12 [=>............................] - ETA: 0s - loss: 0.0596
 3/12 [======>.......................] - ETA: 0s - loss: 0.0668
 5/12 [===========>..................] - ETA: 0s - loss: 0.0670
 7/12 [================>.............] - ETA: 0s - loss: 0.0735
 9/12 [=====================>........] - ETA: 0s - loss: 0.0711
11/12 [==========================>...] - ETA: 0s - loss: 0.0692
12/12 [==============================] - 0s 27ms/step - loss: 0.0688
Epoch 39/300

 1/12 [=>............................] - ETA: 0s - loss: 0.0733
 3/12 [======>.......................] - ETA: 0s - loss: 0.0705
 5/12 [===========>..................] - ETA: 0s - loss: 0.0618
 7/12 [================>.............] - ETA: 0s - loss: 0.0595
 9/12 [=====================>........] - ETA: 0s - loss: 0.0646
11/12 [==========================>...] - ETA: 0s - loss: 0.0664
12/12 [==============================] - 0s 27ms/step - loss: 0.0670
Epoch 40/300

 1/12 [=>............................] - ETA: 0s - loss: 0.0718
 3/12 [======>.......................] - ETA: 0s - loss: 0.0588
 5/12 [===========>..................] - ETA: 0s - loss: 0.0622
 7/12 [================>.............] - ETA: 0s - loss: 0.0660
 9/12 [=====================>........] - ETA: 0s - loss: 0.0668
11/12 [==========================>...] - ETA: 0s - loss: 0.0668
12/12 [==============================] - 0s 28ms/step - loss: 0.0668
Epoch 41/300

 1/12 [=>............................] - ETA: 0s - loss: 0.0765
 3/12 [======>.......................] - ETA: 0s - loss: 0.0626
 4/12 [=========>....................] - ETA: 0s - loss: 0.0654
 6/12 [==============>...............] - ETA: 0s - loss: 0.0651
 8/12 [===================>..........] - ETA: 0s - loss: 0.0618
10/12 [========================>.....] - ETA: 0s - loss: 0.0617
12/12 [==============================] - 0s 29ms/step - loss: 0.0647
Epoch 42/300

 1/12 [=>............................] - ETA: 0s - loss: 0.0679
 3/12 [======>.......................] - ETA: 0s - loss: 0.0694
 5/12 [===========>..................] - ETA: 0s - loss: 0.0653
 7/12 [================>.............] - ETA: 0s - loss: 0.0610
 9/12 [=====================>........] - ETA: 0s - loss: 0.0575
11/12 [==========================>...] - ETA: 0s - loss: 0.0613
12/12 [==============================] - 0s 27ms/step - loss: 0.0605
Epoch 43/300

 1/12 [=>............................] - ETA: 0s - loss: 0.0697
 3/12 [======>.......................] - ETA: 0s - loss: 0.0658
 5/12 [===========>..................] - ETA: 0s - loss: 0.0597
 7/12 [================>.............] - ETA: 0s - loss: 0.0638
 9/12 [=====================>........] - ETA: 0s - loss: 0.0654
11/12 [==========================>...] - ETA: 0s - loss: 0.0641
12/12 [==============================] - 0s 28ms/step - loss: 0.0639
Epoch 44/300

 1/12 [=>............................] - ETA: 0s - loss: 0.0806
 3/12 [======>.......................] - ETA: 0s - loss: 0.0675
 5/12 [===========>..................] - ETA: 0s - loss: 0.0660
 7/12 [================>.............] - ETA: 0s - loss: 0.0660
 9/12 [=====================>........] - ETA: 0s - loss: 0.0652
11/12 [==========================>...] - ETA: 0s - loss: 0.0665
12/12 [==============================] - 0s 28ms/step - loss: 0.0659
Epoch 45/300

 1/12 [=>............................] - ETA: 0s - loss: 0.0760
 3/12 [======>.......................] - ETA: 0s - loss: 0.0586
 5/12 [===========>..................] - ETA: 0s - loss: 0.0639
 7/12 [================>.............] - ETA: 0s - loss: 0.0627
 9/12 [=====================>........] - ETA: 0s - loss: 0.0630
11/12 [==========================>...] - ETA: 0s - loss: 0.0623
12/12 [==============================] - 0s 28ms/step - loss: 0.0626
Epoch 46/300

 1/12 [=>............................] - ETA: 0s - loss: 0.0579
 3/12 [======>.......................] - ETA: 0s - loss: 0.0711
 5/12 [===========>..................] - ETA: 0s - loss: 0.0660
 7/12 [================>.............] - ETA: 0s - loss: 0.0663
 9/12 [=====================>........] - ETA: 0s - loss: 0.0672
11/12 [==========================>...] - ETA: 0s - loss: 0.0678
12/12 [==============================] - 0s 29ms/step - loss: 0.0677
Epoch 47/300

 1/12 [=>............................] - ETA: 0s - loss: 0.0373
 3/12 [======>.......................] - ETA: 0s - loss: 0.0527
 5/12 [===========>..................] - ETA: 0s - loss: 0.0616
 7/12 [================>.............] - ETA: 0s - loss: 0.0648
 9/12 [=====================>........] - ETA: 0s - loss: 0.0637
11/12 [==========================>...] - ETA: 0s - loss: 0.0627
12/12 [==============================] - 0s 31ms/step - loss: 0.0626
Epoch 48/300

 1/12 [=>............................] - ETA: 0s - loss: 0.0690
 3/12 [======>.......................] - ETA: 0s - loss: 0.0650
 5/12 [===========>..................] - ETA: 0s - loss: 0.0688
 7/12 [================>.............] - ETA: 0s - loss: 0.0652
 9/12 [=====================>........] - ETA: 0s - loss: 0.0682
11/12 [==========================>...] - ETA: 0s - loss: 0.0691
12/12 [==============================] - 0s 28ms/step - loss: 0.0684
Epoch 49/300

 1/12 [=>............................] - ETA: 0s - loss: 0.0602
 3/12 [======>.......................] - ETA: 0s - loss: 0.0559
 5/12 [===========>..................] - ETA: 0s - loss: 0.0633
 7/12 [================>.............] - ETA: 0s - loss: 0.0622
 9/12 [=====================>........] - ETA: 0s - loss: 0.0641
11/12 [==========================>...] - ETA: 0s - loss: 0.0647
12/12 [==============================] - 0s 28ms/step - loss: 0.0650
Epoch 50/300

 1/12 [=>............................] - ETA: 0s - loss: 0.0765
 3/12 [======>.......................] - ETA: 0s - loss: 0.0630
 5/12 [===========>..................] - ETA: 0s - loss: 0.0684
 7/12 [================>.............] - ETA: 0s - loss: 0.0701
 9/12 [=====================>........] - ETA: 0s - loss: 0.0693
11/12 [==========================>...] - ETA: 0s - loss: 0.0667
12/12 [==============================] - 0s 29ms/step - loss: 0.0666
Epoch 51/300

 1/12 [=>............................] - ETA: 0s - loss: 0.0531
 3/12 [======>.......................] - ETA: 0s - loss: 0.0542
 5/12 [===========>..................] - ETA: 0s - loss: 0.0510
 7/12 [================>.............] - ETA: 0s - loss: 0.0547
 9/12 [=====================>........] - ETA: 0s - loss: 0.0562
11/12 [==========================>...] - ETA: 0s - loss: 0.0608
12/12 [==============================] - 0s 28ms/step - loss: 0.0608
Epoch 52/300

 1/12 [=>............................] - ETA: 0s - loss: 0.0810
 3/12 [======>.......................] - ETA: 0s - loss: 0.0727
 5/12 [===========>..................] - ETA: 0s - loss: 0.0694
 7/12 [================>.............] - ETA: 0s - loss: 0.0686
 9/12 [=====================>........] - ETA: 0s - loss: 0.0674
11/12 [==========================>...] - ETA: 0s - loss: 0.0653
12/12 [==============================] - 0s 29ms/step - loss: 0.0643
Epoch 53/300

 1/12 [=>............................] - ETA: 0s - loss: 0.0779
 3/12 [======>.......................] - ETA: 0s - loss: 0.0664
 5/12 [===========>..................] - ETA: 0s - loss: 0.0643
 7/12 [================>.............] - ETA: 0s - loss: 0.0677
 9/12 [=====================>........] - ETA: 0s - loss: 0.0632
11/12 [==========================>...] - ETA: 0s - loss: 0.0623
12/12 [==============================] - 0s 30ms/step - loss: 0.0623
Epoch 54/300

 1/12 [=>............................] - ETA: 0s - loss: 0.0460
 3/12 [======>.......................] - ETA: 0s - loss: 0.0572
 5/12 [===========>..................] - ETA: 0s - loss: 0.0569
 7/12 [================>.............] - ETA: 0s - loss: 0.0571
 9/12 [=====================>........] - ETA: 0s - loss: 0.0551
11/12 [==========================>...] - ETA: 0s - loss: 0.0570
12/12 [==============================] - 0s 30ms/step - loss: 0.0572
Epoch 55/300

 1/12 [=>............................] - ETA: 0s - loss: 0.0502
 3/12 [======>.......................] - ETA: 0s - loss: 0.0552
 5/12 [===========>..................] - ETA: 0s - loss: 0.0586
 7/12 [================>.............] - ETA: 0s - loss: 0.0597
 9/12 [=====================>........] - ETA: 0s - loss: 0.0603
11/12 [==========================>...] - ETA: 0s - loss: 0.0615
12/12 [==============================] - 0s 30ms/step - loss: 0.0619
Epoch 56/300

 1/12 [=>............................] - ETA: 0s - loss: 0.0393
 3/12 [======>.......................] - ETA: 0s - loss: 0.0550
 5/12 [===========>..................] - ETA: 0s - loss: 0.0590
 7/12 [================>.............] - ETA: 0s - loss: 0.0613
 9/12 [=====================>........] - ETA: 0s - loss: 0.0615
11/12 [==========================>...] - ETA: 0s - loss: 0.0597
12/12 [==============================] - 0s 29ms/step - loss: 0.0596
Epoch 57/300

 1/12 [=>............................] - ETA: 0s - loss: 0.0877
 3/12 [======>.......................] - ETA: 0s - loss: 0.0643
 5/12 [===========>..................] - ETA: 0s - loss: 0.0614
 7/12 [================>.............] - ETA: 0s - loss: 0.0620
 9/12 [=====================>........] - ETA: 0s - loss: 0.0627
11/12 [==========================>...] - ETA: 0s - loss: 0.0630
12/12 [==============================] - 0s 29ms/step - loss: 0.0625
Epoch 58/300

 1/12 [=>............................] - ETA: 0s - loss: 0.0813
 3/12 [======>.......................] - ETA: 0s - loss: 0.0746
 5/12 [===========>..................] - ETA: 0s - loss: 0.0675
 6/12 [==============>...............] - ETA: 0s - loss: 0.0694
 8/12 [===================>..........] - ETA: 0s - loss: 0.0657
10/12 [========================>.....] - ETA: 0s - loss: 0.0648
12/12 [==============================] - ETA: 0s - loss: 0.0646
12/12 [==============================] - 0s 34ms/step - loss: 0.0646
Epoch 59/300

 1/12 [=>............................] - ETA: 0s - loss: 0.0451
 3/12 [======>.......................] - ETA: 0s - loss: 0.0609
 5/12 [===========>..................] - ETA: 0s - loss: 0.0605
 7/12 [================>.............] - ETA: 0s - loss: 0.0590
 9/12 [=====================>........] - ETA: 0s - loss: 0.0600
11/12 [==========================>...] - ETA: 0s - loss: 0.0589
12/12 [==============================] - 0s 29ms/step - loss: 0.0588
Epoch 60/300

 1/12 [=>............................] - ETA: 0s - loss: 0.0482
 3/12 [======>.......................] - ETA: 0s - loss: 0.0551
 5/12 [===========>..................] - ETA: 0s - loss: 0.0569
 7/12 [================>.............] - ETA: 0s - loss: 0.0561
 9/12 [=====================>........] - ETA: 0s - loss: 0.0586
11/12 [==========================>...] - ETA: 0s - loss: 0.0570
12/12 [==============================] - 0s 28ms/step - loss: 0.0568
Epoch 61/300

 1/12 [=>............................] - ETA: 0s - loss: 0.0581
 3/12 [======>.......................] - ETA: 0s - loss: 0.0623
 5/12 [===========>..................] - ETA: 0s - loss: 0.0556
 7/12 [================>.............] - ETA: 0s - loss: 0.0584
 9/12 [=====================>........] - ETA: 0s - loss: 0.0569
11/12 [==========================>...] - ETA: 0s - loss: 0.0608
12/12 [==============================] - 0s 29ms/step - loss: 0.0608
Epoch 62/300

 1/12 [=>............................] - ETA: 0s - loss: 0.0540
 3/12 [======>.......................] - ETA: 0s - loss: 0.0578
 5/12 [===========>..................] - ETA: 0s - loss: 0.0541
 7/12 [================>.............] - ETA: 0s - loss: 0.0536
 9/12 [=====================>........] - ETA: 0s - loss: 0.0548
11/12 [==========================>...] - ETA: 0s - loss: 0.0555
12/12 [==============================] - 0s 28ms/step - loss: 0.0549
Epoch 63/300

 1/12 [=>............................] - ETA: 0s - loss: 0.0658
 3/12 [======>.......................] - ETA: 0s - loss: 0.0534
 5/12 [===========>..................] - ETA: 0s - loss: 0.0557
 7/12 [================>.............] - ETA: 0s - loss: 0.0541
 9/12 [=====================>........] - ETA: 0s - loss: 0.0542
11/12 [==========================>...] - ETA: 0s - loss: 0.0540
12/12 [==============================] - 0s 29ms/step - loss: 0.0548
Epoch 64/300

 1/12 [=>............................] - ETA: 0s - loss: 0.0580
 3/12 [======>.......................] - ETA: 0s - loss: 0.0611
 5/12 [===========>..................] - ETA: 0s - loss: 0.0573
 7/12 [================>.............] - ETA: 0s - loss: 0.0587
 9/12 [=====================>........] - ETA: 0s - loss: 0.0577
11/12 [==========================>...] - ETA: 0s - loss: 0.0578
12/12 [==============================] - 0s 28ms/step - loss: 0.0574
Epoch 65/300

 1/12 [=>............................] - ETA: 0s - loss: 0.0620
 3/12 [======>.......................] - ETA: 0s - loss: 0.0519
 5/12 [===========>..................] - ETA: 0s - loss: 0.0541
 7/12 [================>.............] - ETA: 0s - loss: 0.0550
 9/12 [=====================>........] - ETA: 0s - loss: 0.0551
11/12 [==========================>...] - ETA: 0s - loss: 0.0554
12/12 [==============================] - 0s 28ms/step - loss: 0.0556
Epoch 66/300

 1/12 [=>............................] - ETA: 0s - loss: 0.0578
 3/12 [======>.......................] - ETA: 0s - loss: 0.0597
 5/12 [===========>..................] - ETA: 0s - loss: 0.0625
 7/12 [================>.............] - ETA: 0s - loss: 0.0582
 9/12 [=====================>........] - ETA: 0s - loss: 0.0595
11/12 [==========================>...] - ETA: 0s - loss: 0.0590
12/12 [==============================] - 0s 30ms/step - loss: 0.0594
Epoch 67/300

 1/12 [=>............................] - ETA: 0s - loss: 0.0475
 3/12 [======>.......................] - ETA: 0s - loss: 0.0576
 5/12 [===========>..................] - ETA: 0s - loss: 0.0573
 7/12 [================>.............] - ETA: 0s - loss: 0.0558
 9/12 [=====================>........] - ETA: 0s - loss: 0.0581
11/12 [==========================>...] - ETA: 0s - loss: 0.0574
12/12 [==============================] - 0s 28ms/step - loss: 0.0566
Epoch 68/300

 1/12 [=>............................] - ETA: 0s - loss: 0.0591
 3/12 [======>.......................] - ETA: 0s - loss: 0.0520
 5/12 [===========>..................] - ETA: 0s - loss: 0.0565
 7/12 [================>.............] - ETA: 0s - loss: 0.0570
 9/12 [=====================>........] - ETA: 0s - loss: 0.0556
11/12 [==========================>...] - ETA: 0s - loss: 0.0564
12/12 [==============================] - 0s 30ms/step - loss: 0.0563
Epoch 69/300

 1/12 [=>............................] - ETA: 0s - loss: 0.0537
 3/12 [======>.......................] - ETA: 0s - loss: 0.0536
 5/12 [===========>..................] - ETA: 0s - loss: 0.0553
 7/12 [================>.............] - ETA: 0s - loss: 0.0560
 9/12 [=====================>........] - ETA: 0s - loss: 0.0573
11/12 [==========================>...] - ETA: 0s - loss: 0.0567
12/12 [==============================] - 0s 28ms/step - loss: 0.0575
Epoch 70/300

 1/12 [=>............................] - ETA: 0s - loss: 0.0561
 3/12 [======>.......................] - ETA: 0s - loss: 0.0569
 5/12 [===========>..................] - ETA: 0s - loss: 0.0557
 7/12 [================>.............] - ETA: 0s - loss: 0.0547
 9/12 [=====================>........] - ETA: 0s - loss: 0.0552
11/12 [==========================>...] - ETA: 0s - loss: 0.0534
12/12 [==============================] - 0s 28ms/step - loss: 0.0529
Epoch 71/300

 1/12 [=>............................] - ETA: 0s - loss: 0.0641
 3/12 [======>.......................] - ETA: 0s - loss: 0.0548
 5/12 [===========>..................] - ETA: 0s - loss: 0.0559
 7/12 [================>.............] - ETA: 0s - loss: 0.0574
 9/12 [=====================>........] - ETA: 0s - loss: 0.0583
11/12 [==========================>...] - ETA: 0s - loss: 0.0589
12/12 [==============================] - 0s 29ms/step - loss: 0.0590
Epoch 72/300

 1/12 [=>............................] - ETA: 0s - loss: 0.0732
 3/12 [======>.......................] - ETA: 0s - loss: 0.0597
 5/12 [===========>..................] - ETA: 0s - loss: 0.0578
 7/12 [================>.............] - ETA: 0s - loss: 0.0566
 9/12 [=====================>........] - ETA: 0s - loss: 0.0541
11/12 [==========================>...] - ETA: 0s - loss: 0.0530
12/12 [==============================] - 0s 29ms/step - loss: 0.0535
Epoch 73/300

 1/12 [=>............................] - ETA: 0s - loss: 0.0541
 3/12 [======>.......................] - ETA: 0s - loss: 0.0502
 5/12 [===========>..................] - ETA: 0s - loss: 0.0548
 7/12 [================>.............] - ETA: 0s - loss: 0.0544
 9/12 [=====================>........] - ETA: 0s - loss: 0.0550
11/12 [==========================>...] - ETA: 0s - loss: 0.0544
12/12 [==============================] - 0s 29ms/step - loss: 0.0542
Epoch 74/300

 1/12 [=>............................] - ETA: 0s - loss: 0.0519
 3/12 [======>.......................] - ETA: 0s - loss: 0.0568
 5/12 [===========>..................] - ETA: 0s - loss: 0.0563
 7/12 [================>.............] - ETA: 0s - loss: 0.0569
 9/12 [=====================>........] - ETA: 0s - loss: 0.0570
11/12 [==========================>...] - ETA: 0s - loss: 0.0576
12/12 [==============================] - 0s 28ms/step - loss: 0.0578
Epoch 75/300

 1/12 [=>............................] - ETA: 0s - loss: 0.0550
 3/12 [======>.......................] - ETA: 0s - loss: 0.0493
 5/12 [===========>..................] - ETA: 0s - loss: 0.0513
 7/12 [================>.............] - ETA: 0s - loss: 0.0515
 9/12 [=====================>........] - ETA: 0s - loss: 0.0502
11/12 [==========================>...] - ETA: 0s - loss: 0.0496
12/12 [==============================] - 0s 27ms/step - loss: 0.0503
Epoch 76/300

 1/12 [=>............................] - ETA: 0s - loss: 0.0719
 3/12 [======>.......................] - ETA: 0s - loss: 0.0562
 5/12 [===========>..................] - ETA: 0s - loss: 0.0532
 8/12 [===================>..........] - ETA: 0s - loss: 0.0524
10/12 [========================>.....] - ETA: 0s - loss: 0.0533
12/12 [==============================] - 0s 28ms/step - loss: 0.0527
Epoch 77/300

 1/12 [=>............................] - ETA: 0s - loss: 0.0599
 3/12 [======>.......................] - ETA: 0s - loss: 0.0601
 5/12 [===========>..................] - ETA: 0s - loss: 0.0556
 7/12 [================>.............] - ETA: 0s - loss: 0.0542
 9/12 [=====================>........] - ETA: 0s - loss: 0.0558
11/12 [==========================>...] - ETA: 0s - loss: 0.0554
12/12 [==============================] - 0s 28ms/step - loss: 0.0550
Epoch 78/300

 1/12 [=>............................] - ETA: 0s - loss: 0.0532
 3/12 [======>.......................] - ETA: 0s - loss: 0.0518
 5/12 [===========>..................] - ETA: 0s - loss: 0.0524
 7/12 [================>.............] - ETA: 0s - loss: 0.0532
 9/12 [=====================>........] - ETA: 0s - loss: 0.0534
11/12 [==========================>...] - ETA: 0s - loss: 0.0559
12/12 [==============================] - 0s 28ms/step - loss: 0.0563
Epoch 79/300

 1/12 [=>............................] - ETA: 0s - loss: 0.0502
 3/12 [======>.......................] - ETA: 0s - loss: 0.0511
 5/12 [===========>..................] - ETA: 0s - loss: 0.0528
 7/12 [================>.............] - ETA: 0s - loss: 0.0556
 9/12 [=====================>........] - ETA: 0s - loss: 0.0564
11/12 [==========================>...] - ETA: 0s - loss: 0.0567
12/12 [==============================] - 0s 28ms/step - loss: 0.0562
Epoch 80/300

 1/12 [=>............................] - ETA: 0s - loss: 0.0632
 3/12 [======>.......................] - ETA: 0s - loss: 0.0518
 5/12 [===========>..................] - ETA: 0s - loss: 0.0561
 7/12 [================>.............] - ETA: 0s - loss: 0.0538
 9/12 [=====================>........] - ETA: 0s - loss: 0.0516
11/12 [==========================>...] - ETA: 0s - loss: 0.0547
12/12 [==============================] - 0s 29ms/step - loss: 0.0543
Epoch 81/300

 1/12 [=>............................] - ETA: 0s - loss: 0.0569
 3/12 [======>.......................] - ETA: 0s - loss: 0.0553
 5/12 [===========>..................] - ETA: 0s - loss: 0.0595
 7/12 [================>.............] - ETA: 0s - loss: 0.0574
 9/12 [=====================>........] - ETA: 0s - loss: 0.0553
11/12 [==========================>...] - ETA: 0s - loss: 0.0564
12/12 [==============================] - 0s 31ms/step - loss: 0.0567
Epoch 82/300

 1/12 [=>............................] - ETA: 0s - loss: 0.0383
 3/12 [======>.......................] - ETA: 0s - loss: 0.0515
 5/12 [===========>..................] - ETA: 0s - loss: 0.0539
 7/12 [================>.............] - ETA: 0s - loss: 0.0539
 9/12 [=====================>........] - ETA: 0s - loss: 0.0538
11/12 [==========================>...] - ETA: 0s - loss: 0.0533
12/12 [==============================] - 0s 31ms/step - loss: 0.0529
Epoch 83/300

 1/12 [=>............................] - ETA: 0s - loss: 0.0390
 3/12 [======>.......................] - ETA: 0s - loss: 0.0484
 5/12 [===========>..................] - ETA: 0s - loss: 0.0519
 7/12 [================>.............] - ETA: 0s - loss: 0.0547
 9/12 [=====================>........] - ETA: 0s - loss: 0.0526
11/12 [==========================>...] - ETA: 0s - loss: 0.0525
12/12 [==============================] - 0s 30ms/step - loss: 0.0521
Epoch 84/300

 1/12 [=>............................] - ETA: 0s - loss: 0.0551
 3/12 [======>.......................] - ETA: 0s - loss: 0.0541
 5/12 [===========>..................] - ETA: 0s - loss: 0.0505
 7/12 [================>.............] - ETA: 0s - loss: 0.0483
 9/12 [=====================>........] - ETA: 0s - loss: 0.0490
11/12 [==========================>...] - ETA: 0s - loss: 0.0505
12/12 [==============================] - 0s 28ms/step - loss: 0.0506
Epoch 85/300

 1/12 [=>............................] - ETA: 0s - loss: 0.0534
 3/12 [======>.......................] - ETA: 0s - loss: 0.0533
 5/12 [===========>..................] - ETA: 0s - loss: 0.0546
 7/12 [================>.............] - ETA: 0s - loss: 0.0526
 9/12 [=====================>........] - ETA: 0s - loss: 0.0519
11/12 [==========================>...] - ETA: 0s - loss: 0.0533
12/12 [==============================] - 0s 29ms/step - loss: 0.0530
Epoch 86/300

 1/12 [=>............................] - ETA: 0s - loss: 0.0481
 3/12 [======>.......................] - ETA: 0s - loss: 0.0488
 5/12 [===========>..................] - ETA: 0s - loss: 0.0511
 8/12 [===================>..........] - ETA: 0s - loss: 0.0540
10/12 [========================>.....] - ETA: 0s - loss: 0.0539
12/12 [==============================] - 0s 28ms/step - loss: 0.0534
Epoch 87/300

 1/12 [=>............................] - ETA: 0s - loss: 0.0394
 3/12 [======>.......................] - ETA: 0s - loss: 0.0446
 5/12 [===========>..................] - ETA: 0s - loss: 0.0460
 7/12 [================>.............] - ETA: 0s - loss: 0.0509
 9/12 [=====================>........] - ETA: 0s - loss: 0.0550
11/12 [==========================>...] - ETA: 0s - loss: 0.0562
12/12 [==============================] - 0s 28ms/step - loss: 0.0569
Epoch 88/300

 1/12 [=>............................] - ETA: 0s - loss: 0.0401
 3/12 [======>.......................] - ETA: 0s - loss: 0.0433
 5/12 [===========>..................] - ETA: 0s - loss: 0.0444
 7/12 [================>.............] - ETA: 0s - loss: 0.0504
 9/12 [=====================>........] - ETA: 0s - loss: 0.0507
12/12 [==============================] - ETA: 0s - loss: 0.0489
12/12 [==============================] - 0s 28ms/step - loss: 0.0489
Epoch 89/300

 1/12 [=>............................] - ETA: 0s - loss: 0.0418
 3/12 [======>.......................] - ETA: 0s - loss: 0.0488
 5/12 [===========>..................] - ETA: 0s - loss: 0.0458
 7/12 [================>.............] - ETA: 0s - loss: 0.0478
 9/12 [=====================>........] - ETA: 0s - loss: 0.0472
11/12 [==========================>...] - ETA: 0s - loss: 0.0471
12/12 [==============================] - 0s 30ms/step - loss: 0.0476
Epoch 90/300

 1/12 [=>............................] - ETA: 0s - loss: 0.0551
 3/12 [======>.......................] - ETA: 0s - loss: 0.0577
 5/12 [===========>..................] - ETA: 0s - loss: 0.0558
 7/12 [================>.............] - ETA: 0s - loss: 0.0565
 9/12 [=====================>........] - ETA: 0s - loss: 0.0541
11/12 [==========================>...] - ETA: 0s - loss: 0.0546
12/12 [==============================] - 0s 30ms/step - loss: 0.0544
Epoch 91/300

 1/12 [=>............................] - ETA: 0s - loss: 0.0308
 3/12 [======>.......................] - ETA: 0s - loss: 0.0419
 5/12 [===========>..................] - ETA: 0s - loss: 0.0472
 7/12 [================>.............] - ETA: 0s - loss: 0.0458
 9/12 [=====================>........] - ETA: 0s - loss: 0.0465
11/12 [==========================>...] - ETA: 0s - loss: 0.0470
12/12 [==============================] - 0s 29ms/step - loss: 0.0474
Epoch 92/300

 1/12 [=>............................] - ETA: 0s - loss: 0.0508
 3/12 [======>.......................] - ETA: 0s - loss: 0.0518
 5/12 [===========>..................] - ETA: 0s - loss: 0.0514
 7/12 [================>.............] - ETA: 0s - loss: 0.0562
 9/12 [=====================>........] - ETA: 0s - loss: 0.0575
11/12 [==========================>...] - ETA: 0s - loss: 0.0576
12/12 [==============================] - 0s 28ms/step - loss: 0.0572
Epoch 93/300

 1/12 [=>............................] - ETA: 0s - loss: 0.0455
 3/12 [======>.......................] - ETA: 0s - loss: 0.0478
 5/12 [===========>..................] - ETA: 0s - loss: 0.0465
 7/12 [================>.............] - ETA: 0s - loss: 0.0443
 9/12 [=====================>........] - ETA: 0s - loss: 0.0470
11/12 [==========================>...] - ETA: 0s - loss: 0.0483
12/12 [==============================] - 0s 28ms/step - loss: 0.0488
Epoch 94/300

 1/12 [=>............................] - ETA: 0s - loss: 0.0648
 3/12 [======>.......................] - ETA: 0s - loss: 0.0472
 5/12 [===========>..................] - ETA: 0s - loss: 0.0491
 7/12 [================>.............] - ETA: 0s - loss: 0.0494
 9/12 [=====================>........] - ETA: 0s - loss: 0.0499
11/12 [==========================>...] - ETA: 0s - loss: 0.0492
12/12 [==============================] - 0s 29ms/step - loss: 0.0487
Epoch 95/300

 1/12 [=>............................] - ETA: 0s - loss: 0.0478
 3/12 [======>.......................] - ETA: 0s - loss: 0.0505
 5/12 [===========>..................] - ETA: 0s - loss: 0.0493
 7/12 [================>.............] - ETA: 0s - loss: 0.0526
 9/12 [=====================>........] - ETA: 0s - loss: 0.0496
11/12 [==========================>...] - ETA: 0s - loss: 0.0506
12/12 [==============================] - 0s 27ms/step - loss: 0.0510
Epoch 96/300

 1/12 [=>............................] - ETA: 0s - loss: 0.0299
 3/12 [======>.......................] - ETA: 0s - loss: 0.0404
 5/12 [===========>..................] - ETA: 0s - loss: 0.0408
 7/12 [================>.............] - ETA: 0s - loss: 0.0428
 9/12 [=====================>........] - ETA: 0s - loss: 0.0445
11/12 [==========================>...] - ETA: 0s - loss: 0.0459
12/12 [==============================] - 0s 27ms/step - loss: 0.0460
Epoch 97/300

 1/12 [=>............................] - ETA: 0s - loss: 0.0476
 3/12 [======>.......................] - ETA: 0s - loss: 0.0497
 5/12 [===========>..................] - ETA: 0s - loss: 0.0474
 7/12 [================>.............] - ETA: 0s - loss: 0.0484
 9/12 [=====================>........] - ETA: 0s - loss: 0.0478
11/12 [==========================>...] - ETA: 0s - loss: 0.0473
12/12 [==============================] - 0s 28ms/step - loss: 0.0474
Epoch 98/300

 1/12 [=>............................] - ETA: 0s - loss: 0.0481
 3/12 [======>.......................] - ETA: 0s - loss: 0.0518
 5/12 [===========>..................] - ETA: 0s - loss: 0.0487
 7/12 [================>.............] - ETA: 0s - loss: 0.0484
 9/12 [=====================>........] - ETA: 0s - loss: 0.0479
11/12 [==========================>...] - ETA: 0s - loss: 0.0468
12/12 [==============================] - 0s 28ms/step - loss: 0.0467
Epoch 99/300

 1/12 [=>............................] - ETA: 0s - loss: 0.0586
 3/12 [======>.......................] - ETA: 0s - loss: 0.0476
 5/12 [===========>..................] - ETA: 0s - loss: 0.0488
 7/12 [================>.............] - ETA: 0s - loss: 0.0479
 9/12 [=====================>........] - ETA: 0s - loss: 0.0504
11/12 [==========================>...] - ETA: 0s - loss: 0.0486
12/12 [==============================] - 0s 28ms/step - loss: 0.0491
Epoch 100/300

 1/12 [=>............................] - ETA: 0s - loss: 0.0551
 3/12 [======>.......................] - ETA: 0s - loss: 0.0493
 5/12 [===========>..................] - ETA: 0s - loss: 0.0516
 7/12 [================>.............] - ETA: 0s - loss: 0.0515
 9/12 [=====================>........] - ETA: 0s - loss: 0.0510
11/12 [==========================>...] - ETA: 0s - loss: 0.0504
12/12 [==============================] - 0s 29ms/step - loss: 0.0503
Epoch 101/300

 1/12 [=>............................] - ETA: 0s - loss: 0.0369
 3/12 [======>.......................] - ETA: 0s - loss: 0.0452
 5/12 [===========>..................] - ETA: 0s - loss: 0.0518
 7/12 [================>.............] - ETA: 0s - loss: 0.0524
 9/12 [=====================>........] - ETA: 0s - loss: 0.0509
11/12 [==========================>...] - ETA: 0s - loss: 0.0492
12/12 [==============================] - 0s 28ms/step - loss: 0.0499
Epoch 102/300

 1/12 [=>............................] - ETA: 0s - loss: 0.0469
 3/12 [======>.......................] - ETA: 0s - loss: 0.0466
 5/12 [===========>..................] - ETA: 0s - loss: 0.0413
 7/12 [================>.............] - ETA: 0s - loss: 0.0457
 9/12 [=====================>........] - ETA: 0s - loss: 0.0482
11/12 [==========================>...] - ETA: 0s - loss: 0.0473
12/12 [==============================] - 0s 29ms/step - loss: 0.0474
Epoch 103/300

 1/12 [=>............................] - ETA: 0s - loss: 0.0629
 3/12 [======>.......................] - ETA: 0s - loss: 0.0509
 6/12 [==============>...............] - ETA: 0s - loss: 0.0521
 8/12 [===================>..........] - ETA: 0s - loss: 0.0509
10/12 [========================>.....] - ETA: 0s - loss: 0.0508
12/12 [==============================] - 0s 28ms/step - loss: 0.0504
Epoch 104/300

 1/12 [=>............................] - ETA: 0s - loss: 0.0346
 3/12 [======>.......................] - ETA: 0s - loss: 0.0398
 5/12 [===========>..................] - ETA: 0s - loss: 0.0433
 7/12 [================>.............] - ETA: 0s - loss: 0.0458
 9/12 [=====================>........] - ETA: 0s - loss: 0.0442
11/12 [==========================>...] - ETA: 0s - loss: 0.0452
12/12 [==============================] - 0s 28ms/step - loss: 0.0458
Epoch 105/300

 1/12 [=>............................] - ETA: 0s - loss: 0.0447
 3/12 [======>.......................] - ETA: 0s - loss: 0.0461
 5/12 [===========>..................] - ETA: 0s - loss: 0.0467
 7/12 [================>.............] - ETA: 0s - loss: 0.0457
 9/12 [=====================>........] - ETA: 0s - loss: 0.0461
12/12 [==============================] - ETA: 0s - loss: 0.0480
12/12 [==============================] - 0s 27ms/step - loss: 0.0480
Epoch 106/300

 1/12 [=>............................] - ETA: 0s - loss: 0.0420
 3/12 [======>.......................] - ETA: 0s - loss: 0.0467
 5/12 [===========>..................] - ETA: 0s - loss: 0.0479
 7/12 [================>.............] - ETA: 0s - loss: 0.0493
 9/12 [=====================>........] - ETA: 0s - loss: 0.0495
11/12 [==========================>...] - ETA: 0s - loss: 0.0478
12/12 [==============================] - 0s 28ms/step - loss: 0.0484
Epoch 107/300

 1/12 [=>............................] - ETA: 0s - loss: 0.0580
 3/12 [======>.......................] - ETA: 0s - loss: 0.0525
 5/12 [===========>..................] - ETA: 0s - loss: 0.0500
 7/12 [================>.............] - ETA: 0s - loss: 0.0524
 9/12 [=====================>........] - ETA: 0s - loss: 0.0493
11/12 [==========================>...] - ETA: 0s - loss: 0.0503
12/12 [==============================] - 0s 29ms/step - loss: 0.0501
Epoch 108/300

 1/12 [=>............................] - ETA: 0s - loss: 0.0481
 3/12 [======>.......................] - ETA: 0s - loss: 0.0509
 5/12 [===========>..................] - ETA: 0s - loss: 0.0492
 7/12 [================>.............] - ETA: 0s - loss: 0.0490
 9/12 [=====================>........] - ETA: 0s - loss: 0.0491
11/12 [==========================>...] - ETA: 0s - loss: 0.0500
12/12 [==============================] - 0s 29ms/step - loss: 0.0498
Epoch 109/300

 1/12 [=>............................] - ETA: 0s - loss: 0.0415
 3/12 [======>.......................] - ETA: 0s - loss: 0.0457
 5/12 [===========>..................] - ETA: 0s - loss: 0.0492
 7/12 [================>.............] - ETA: 0s - loss: 0.0473
 9/12 [=====================>........] - ETA: 0s - loss: 0.0468
11/12 [==========================>...] - ETA: 0s - loss: 0.0481
12/12 [==============================] - 0s 29ms/step - loss: 0.0480
Epoch 110/300

 1/12 [=>............................] - ETA: 0s - loss: 0.0573
 3/12 [======>.......................] - ETA: 0s - loss: 0.0458
 5/12 [===========>..................] - ETA: 0s - loss: 0.0451
 7/12 [================>.............] - ETA: 0s - loss: 0.0456
 9/12 [=====================>........] - ETA: 0s - loss: 0.0465
11/12 [==========================>...] - ETA: 0s - loss: 0.0455
12/12 [==============================] - 0s 27ms/step - loss: 0.0455
Epoch 111/300

 1/12 [=>............................] - ETA: 0s - loss: 0.0528
 3/12 [======>.......................] - ETA: 0s - loss: 0.0435
 5/12 [===========>..................] - ETA: 0s - loss: 0.0468
 7/12 [================>.............] - ETA: 0s - loss: 0.0483
 9/12 [=====================>........] - ETA: 0s - loss: 0.0488
11/12 [==========================>...] - ETA: 0s - loss: 0.0483
12/12 [==============================] - 0s 29ms/step - loss: 0.0479
Epoch 112/300

 1/12 [=>............................] - ETA: 0s - loss: 0.0431
 3/12 [======>.......................] - ETA: 0s - loss: 0.0451
 5/12 [===========>..................] - ETA: 0s - loss: 0.0506
 7/12 [================>.............] - ETA: 0s - loss: 0.0486
 9/12 [=====================>........] - ETA: 0s - loss: 0.0457
11/12 [==========================>...] - ETA: 0s - loss: 0.0440
12/12 [==============================] - 0s 28ms/step - loss: 0.0447
Epoch 113/300

 1/12 [=>............................] - ETA: 0s - loss: 0.0484
 3/12 [======>.......................] - ETA: 0s - loss: 0.0477
 5/12 [===========>..................] - ETA: 0s - loss: 0.0476
 7/12 [================>.............] - ETA: 0s - loss: 0.0481
 9/12 [=====================>........] - ETA: 0s - loss: 0.0470
11/12 [==========================>...] - ETA: 0s - loss: 0.0482
12/12 [==============================] - 0s 28ms/step - loss: 0.0484
Epoch 114/300

 1/12 [=>............................] - ETA: 0s - loss: 0.0439
 3/12 [======>.......................] - ETA: 0s - loss: 0.0526
 5/12 [===========>..................] - ETA: 0s - loss: 0.0489
 7/12 [================>.............] - ETA: 0s - loss: 0.0504
 9/12 [=====================>........] - ETA: 0s - loss: 0.0466
11/12 [==========================>...] - ETA: 0s - loss: 0.0480
12/12 [==============================] - 0s 28ms/step - loss: 0.0481
Epoch 115/300

 1/12 [=>............................] - ETA: 0s - loss: 0.0525
 3/12 [======>.......................] - ETA: 0s - loss: 0.0519
 5/12 [===========>..................] - ETA: 0s - loss: 0.0464
 7/12 [================>.............] - ETA: 0s - loss: 0.0488
 9/12 [=====================>........] - ETA: 0s - loss: 0.0511
11/12 [==========================>...] - ETA: 0s - loss: 0.0525
12/12 [==============================] - 0s 28ms/step - loss: 0.0529
Epoch 116/300

 1/12 [=>............................] - ETA: 0s - loss: 0.0566
 3/12 [======>.......................] - ETA: 0s - loss: 0.0499
 5/12 [===========>..................] - ETA: 0s - loss: 0.0489
 7/12 [================>.............] - ETA: 0s - loss: 0.0473
 9/12 [=====================>........] - ETA: 0s - loss: 0.0480
11/12 [==========================>...] - ETA: 0s - loss: 0.0472
12/12 [==============================] - 0s 28ms/step - loss: 0.0477
Epoch 117/300

 1/12 [=>............................] - ETA: 0s - loss: 0.0495
 3/12 [======>.......................] - ETA: 0s - loss: 0.0454
 5/12 [===========>..................] - ETA: 0s - loss: 0.0493
 7/12 [================>.............] - ETA: 0s - loss: 0.0481
 9/12 [=====================>........] - ETA: 0s - loss: 0.0492
11/12 [==========================>...] - ETA: 0s - loss: 0.0492
12/12 [==============================] - 0s 28ms/step - loss: 0.0489
Epoch 118/300

 1/12 [=>............................] - ETA: 0s - loss: 0.0384
 3/12 [======>.......................] - ETA: 0s - loss: 0.0448
 5/12 [===========>..................] - ETA: 0s - loss: 0.0414
 7/12 [================>.............] - ETA: 0s - loss: 0.0436
 9/12 [=====================>........] - ETA: 0s - loss: 0.0444
11/12 [==========================>...] - ETA: 0s - loss: 0.0442
12/12 [==============================] - 0s 29ms/step - loss: 0.0444
Epoch 119/300

 1/12 [=>............................] - ETA: 0s - loss: 0.0440
 3/12 [======>.......................] - ETA: 0s - loss: 0.0424
 5/12 [===========>..................] - ETA: 0s - loss: 0.0499
 7/12 [================>.............] - ETA: 0s - loss: 0.0509
 9/12 [=====================>........] - ETA: 0s - loss: 0.0488
11/12 [==========================>...] - ETA: 0s - loss: 0.0477
12/12 [==============================] - 0s 28ms/step - loss: 0.0480
Epoch 120/300

 1/12 [=>............................] - ETA: 0s - loss: 0.0572
 3/12 [======>.......................] - ETA: 0s - loss: 0.0519
 5/12 [===========>..................] - ETA: 0s - loss: 0.0503
 7/12 [================>.............] - ETA: 0s - loss: 0.0503
 9/12 [=====================>........] - ETA: 0s - loss: 0.0488
11/12 [==========================>...] - ETA: 0s - loss: 0.0493
12/12 [==============================] - 0s 28ms/step - loss: 0.0496
Epoch 121/300

 1/12 [=>............................] - ETA: 0s - loss: 0.0407
 3/12 [======>.......................] - ETA: 0s - loss: 0.0543
 5/12 [===========>..................] - ETA: 0s - loss: 0.0478
 7/12 [================>.............] - ETA: 0s - loss: 0.0462
 9/12 [=====================>........] - ETA: 0s - loss: 0.0455
11/12 [==========================>...] - ETA: 0s - loss: 0.0459
12/12 [==============================] - 0s 28ms/step - loss: 0.0461
Epoch 122/300

 1/12 [=>............................] - ETA: 0s - loss: 0.0627
 3/12 [======>.......................] - ETA: 0s - loss: 0.0515
 5/12 [===========>..................] - ETA: 0s - loss: 0.0491
 7/12 [================>.............] - ETA: 0s - loss: 0.0469
 9/12 [=====================>........] - ETA: 0s - loss: 0.0494
11/12 [==========================>...] - ETA: 0s - loss: 0.0490
12/12 [==============================] - 0s 28ms/step - loss: 0.0495
Epoch 123/300

 1/12 [=>............................] - ETA: 0s - loss: 0.0533
 3/12 [======>.......................] - ETA: 0s - loss: 0.0592
 5/12 [===========>..................] - ETA: 0s - loss: 0.0517
 7/12 [================>.............] - ETA: 0s - loss: 0.0499
 9/12 [=====================>........] - ETA: 0s - loss: 0.0503
11/12 [==========================>...] - ETA: 0s - loss: 0.0484
12/12 [==============================] - 0s 27ms/step - loss: 0.0478
Epoch 124/300

 1/12 [=>............................] - ETA: 0s - loss: 0.0414
 3/12 [======>.......................] - ETA: 0s - loss: 0.0526
 5/12 [===========>..................] - ETA: 0s - loss: 0.0494
 7/12 [================>.............] - ETA: 0s - loss: 0.0514
 9/12 [=====================>........] - ETA: 0s - loss: 0.0498
11/12 [==========================>...] - ETA: 0s - loss: 0.0497
12/12 [==============================] - 0s 27ms/step - loss: 0.0499
Epoch 125/300

 1/12 [=>............................] - ETA: 0s - loss: 0.0672
 3/12 [======>.......................] - ETA: 0s - loss: 0.0554
 5/12 [===========>..................] - ETA: 0s - loss: 0.0510
 7/12 [================>.............] - ETA: 0s - loss: 0.0503
 9/12 [=====================>........] - ETA: 0s - loss: 0.0477
11/12 [==========================>...] - ETA: 0s - loss: 0.0484
12/12 [==============================] - 0s 28ms/step - loss: 0.0480
Epoch 126/300

 1/12 [=>............................] - ETA: 0s - loss: 0.0440
 3/12 [======>.......................] - ETA: 0s - loss: 0.0500
 5/12 [===========>..................] - ETA: 0s - loss: 0.0500
 7/12 [================>.............] - ETA: 0s - loss: 0.0500
 9/12 [=====================>........] - ETA: 0s - loss: 0.0525
11/12 [==========================>...] - ETA: 0s - loss: 0.0517
12/12 [==============================] - 0s 28ms/step - loss: 0.0517
Epoch 127/300

 1/12 [=>............................] - ETA: 0s - loss: 0.0417
 3/12 [======>.......................] - ETA: 0s - loss: 0.0494
 5/12 [===========>..................] - ETA: 0s - loss: 0.0471
 7/12 [================>.............] - ETA: 0s - loss: 0.0501
 9/12 [=====================>........] - ETA: 0s - loss: 0.0503
11/12 [==========================>...] - ETA: 0s - loss: 0.0497
12/12 [==============================] - 0s 29ms/step - loss: 0.0501
Epoch 128/300

 1/12 [=>............................] - ETA: 0s - loss: 0.0462
 3/12 [======>.......................] - ETA: 0s - loss: 0.0534
 5/12 [===========>..................] - ETA: 0s - loss: 0.0492
 7/12 [================>.............] - ETA: 0s - loss: 0.0488
 9/12 [=====================>........] - ETA: 0s - loss: 0.0493
11/12 [==========================>...] - ETA: 0s - loss: 0.0496
12/12 [==============================] - 0s 30ms/step - loss: 0.0491
Epoch 129/300

 1/12 [=>............................] - ETA: 0s - loss: 0.0325
 3/12 [======>.......................] - ETA: 0s - loss: 0.0345
 5/12 [===========>..................] - ETA: 0s - loss: 0.0440
 7/12 [================>.............] - ETA: 0s - loss: 0.0446
 9/12 [=====================>........] - ETA: 0s - loss: 0.0456
11/12 [==========================>...] - ETA: 0s - loss: 0.0446
12/12 [==============================] - 0s 31ms/step - loss: 0.0450
Epoch 130/300

 1/12 [=>............................] - ETA: 0s - loss: 0.0423
 3/12 [======>.......................] - ETA: 0s - loss: 0.0481
 5/12 [===========>..................] - ETA: 0s - loss: 0.0459
 7/12 [================>.............] - ETA: 0s - loss: 0.0472
 9/12 [=====================>........] - ETA: 0s - loss: 0.0466
11/12 [==========================>...] - ETA: 0s - loss: 0.0456
12/12 [==============================] - 0s 29ms/step - loss: 0.0461
Epoch 131/300

 1/12 [=>............................] - ETA: 0s - loss: 0.0473
 3/12 [======>.......................] - ETA: 0s - loss: 0.0455
 5/12 [===========>..................] - ETA: 0s - loss: 0.0437
 7/12 [================>.............] - ETA: 0s - loss: 0.0448
 9/12 [=====================>........] - ETA: 0s - loss: 0.0448
11/12 [==========================>...] - ETA: 0s - loss: 0.0449
12/12 [==============================] - 0s 27ms/step - loss: 0.0463
Epoch 132/300

 1/12 [=>............................] - ETA: 0s - loss: 0.0431
 3/12 [======>.......................] - ETA: 0s - loss: 0.0442
 5/12 [===========>..................] - ETA: 0s - loss: 0.0464
 7/12 [================>.............] - ETA: 0s - loss: 0.0479
 9/12 [=====================>........] - ETA: 0s - loss: 0.0482
11/12 [==========================>...] - ETA: 0s - loss: 0.0491
12/12 [==============================] - 0s 28ms/step - loss: 0.0490
Epoch 133/300

 1/12 [=>............................] - ETA: 0s - loss: 0.0483
 3/12 [======>.......................] - ETA: 0s - loss: 0.0471
 5/12 [===========>..................] - ETA: 0s - loss: 0.0469
 7/12 [================>.............] - ETA: 0s - loss: 0.0482
 9/12 [=====================>........] - ETA: 0s - loss: 0.0486
11/12 [==========================>...] - ETA: 0s - loss: 0.0484
12/12 [==============================] - 0s 28ms/step - loss: 0.0488
Epoch 134/300

 1/12 [=>............................] - ETA: 0s - loss: 0.0381
 3/12 [======>.......................] - ETA: 0s - loss: 0.0447
 5/12 [===========>..................] - ETA: 0s - loss: 0.0473
 7/12 [================>.............] - ETA: 0s - loss: 0.0499
 9/12 [=====================>........] - ETA: 0s - loss: 0.0482
11/12 [==========================>...] - ETA: 0s - loss: 0.0481
12/12 [==============================] - 0s 28ms/step - loss: 0.0476
Epoch 135/300

 1/12 [=>............................] - ETA: 0s - loss: 0.0600
 3/12 [======>.......................] - ETA: 0s - loss: 0.0533
 5/12 [===========>..................] - ETA: 0s - loss: 0.0470
 7/12 [================>.............] - ETA: 0s - loss: 0.0461
 9/12 [=====================>........] - ETA: 0s - loss: 0.0458
11/12 [==========================>...] - ETA: 0s - loss: 0.0462
12/12 [==============================] - 0s 28ms/step - loss: 0.0461
Epoch 136/300

 1/12 [=>............................] - ETA: 0s - loss: 0.0470
 3/12 [======>.......................] - ETA: 0s - loss: 0.0482
 5/12 [===========>..................] - ETA: 0s - loss: 0.0489
 7/12 [================>.............] - ETA: 0s - loss: 0.0501
 9/12 [=====================>........] - ETA: 0s - loss: 0.0515
11/12 [==========================>...] - ETA: 0s - loss: 0.0508
12/12 [==============================] - 0s 30ms/step - loss: 0.0508
Epoch 137/300

 1/12 [=>............................] - ETA: 0s - loss: 0.0364
 3/12 [======>.......................] - ETA: 0s - loss: 0.0459
 5/12 [===========>..................] - ETA: 0s - loss: 0.0459
 7/12 [================>.............] - ETA: 0s - loss: 0.0441
 9/12 [=====================>........] - ETA: 0s - loss: 0.0445
11/12 [==========================>...] - ETA: 0s - loss: 0.0453
12/12 [==============================] - 0s 28ms/step - loss: 0.0453
Epoch 138/300

 1/12 [=>............................] - ETA: 0s - loss: 0.0462
 3/12 [======>.......................] - ETA: 0s - loss: 0.0517
 5/12 [===========>..................] - ETA: 0s - loss: 0.0480
 7/12 [================>.............] - ETA: 0s - loss: 0.0446
 9/12 [=====================>........] - ETA: 0s - loss: 0.0449
11/12 [==========================>...] - ETA: 0s - loss: 0.0450
12/12 [==============================] - 0s 27ms/step - loss: 0.0446
Epoch 138: early stopping

 1/12 [=>............................] - ETA: 6s
 9/12 [=====================>........] - ETA: 0s
12/12 [==============================] - 1s 6ms/step
  params for conformer: lr=0.0001, batch_size=64
[Conformer] Fold 3/3 学習開始
Epoch 1/300

 1/12 [=>............................] - ETA: 52s - loss: 0.2723
 3/12 [======>.......................] - ETA: 0s - loss: 0.2770 
 5/12 [===========>..................] - ETA: 0s - loss: 0.2608
 7/12 [================>.............] - ETA: 0s - loss: 0.2417
 9/12 [=====================>........] - ETA: 0s - loss: 0.2207
11/12 [==========================>...] - ETA: 0s - loss: 0.2001
12/12 [==============================] - 5s 28ms/step - loss: 0.1993
Epoch 2/300

 1/12 [=>............................] - ETA: 0s - loss: 0.1272
 3/12 [======>.......................] - ETA: 0s - loss: 0.1320
 5/12 [===========>..................] - ETA: 0s - loss: 0.1239
 7/12 [================>.............] - ETA: 0s - loss: 0.1195
 9/12 [=====================>........] - ETA: 0s - loss: 0.1203
11/12 [==========================>...] - ETA: 0s - loss: 0.1208
12/12 [==============================] - 0s 28ms/step - loss: 0.1209
Epoch 3/300

 1/12 [=>............................] - ETA: 0s - loss: 0.0929
 3/12 [======>.......................] - ETA: 0s - loss: 0.0894
 5/12 [===========>..................] - ETA: 0s - loss: 0.0948
 7/12 [================>.............] - ETA: 0s - loss: 0.1049
 9/12 [=====================>........] - ETA: 0s - loss: 0.1017
11/12 [==========================>...] - ETA: 0s - loss: 0.1043
12/12 [==============================] - 0s 27ms/step - loss: 0.1053
Epoch 4/300

 1/12 [=>............................] - ETA: 0s - loss: 0.1117
 3/12 [======>.......................] - ETA: 0s - loss: 0.1017
 5/12 [===========>..................] - ETA: 0s - loss: 0.1012
 7/12 [================>.............] - ETA: 0s - loss: 0.1009
 9/12 [=====================>........] - ETA: 0s - loss: 0.1022
11/12 [==========================>...] - ETA: 0s - loss: 0.0988
12/12 [==============================] - 0s 27ms/step - loss: 0.0988
Epoch 5/300

 1/12 [=>............................] - ETA: 0s - loss: 0.1065
 3/12 [======>.......................] - ETA: 0s - loss: 0.0912
 5/12 [===========>..................] - ETA: 0s - loss: 0.0922
 7/12 [================>.............] - ETA: 0s - loss: 0.0946
 9/12 [=====================>........] - ETA: 0s - loss: 0.0993
11/12 [==========================>...] - ETA: 0s - loss: 0.0982
12/12 [==============================] - 0s 28ms/step - loss: 0.0981
Epoch 6/300

 1/12 [=>............................] - ETA: 0s - loss: 0.0994
 3/12 [======>.......................] - ETA: 0s - loss: 0.0934
 5/12 [===========>..................] - ETA: 0s - loss: 0.1018
 7/12 [================>.............] - ETA: 0s - loss: 0.0955
 9/12 [=====================>........] - ETA: 0s - loss: 0.0918
11/12 [==========================>...] - ETA: 0s - loss: 0.0940
12/12 [==============================] - 0s 28ms/step - loss: 0.0946
Epoch 7/300

 1/12 [=>............................] - ETA: 0s - loss: 0.0686
 3/12 [======>.......................] - ETA: 0s - loss: 0.0715
 5/12 [===========>..................] - ETA: 0s - loss: 0.0685
 7/12 [================>.............] - ETA: 0s - loss: 0.0711
 9/12 [=====================>........] - ETA: 0s - loss: 0.0737
11/12 [==========================>...] - ETA: 0s - loss: 0.0754
12/12 [==============================] - 0s 27ms/step - loss: 0.0766
Epoch 8/300

 1/12 [=>............................] - ETA: 0s - loss: 0.0768
 3/12 [======>.......................] - ETA: 0s - loss: 0.0749
 5/12 [===========>..................] - ETA: 0s - loss: 0.0824
 7/12 [================>.............] - ETA: 0s - loss: 0.0816
 9/12 [=====================>........] - ETA: 0s - loss: 0.0824
11/12 [==========================>...] - ETA: 0s - loss: 0.0851
12/12 [==============================] - 0s 28ms/step - loss: 0.0842
Epoch 9/300

 1/12 [=>............................] - ETA: 0s - loss: 0.0835
 3/12 [======>.......................] - ETA: 0s - loss: 0.0813
 5/12 [===========>..................] - ETA: 0s - loss: 0.0854
 7/12 [================>.............] - ETA: 0s - loss: 0.0824
 9/12 [=====================>........] - ETA: 0s - loss: 0.0812
11/12 [==========================>...] - ETA: 0s - loss: 0.0777
12/12 [==============================] - 0s 28ms/step - loss: 0.0776
Epoch 10/300

 1/12 [=>............................] - ETA: 0s - loss: 0.0842
 3/12 [======>.......................] - ETA: 0s - loss: 0.0833
 5/12 [===========>..................] - ETA: 0s - loss: 0.0815
 7/12 [================>.............] - ETA: 0s - loss: 0.0845
 9/12 [=====================>........] - ETA: 0s - loss: 0.0793
11/12 [==========================>...] - ETA: 0s - loss: 0.0799
12/12 [==============================] - 0s 28ms/step - loss: 0.0805
Epoch 11/300

 1/12 [=>............................] - ETA: 0s - loss: 0.0826
 3/12 [======>.......................] - ETA: 0s - loss: 0.0788
 5/12 [===========>..................] - ETA: 0s - loss: 0.0790
 7/12 [================>.............] - ETA: 0s - loss: 0.0847
 9/12 [=====================>........] - ETA: 0s - loss: 0.0812
11/12 [==========================>...] - ETA: 0s - loss: 0.0792
12/12 [==============================] - 0s 28ms/step - loss: 0.0796
Epoch 12/300

 1/12 [=>............................] - ETA: 0s - loss: 0.0962
 3/12 [======>.......................] - ETA: 0s - loss: 0.0831
 5/12 [===========>..................] - ETA: 0s - loss: 0.0747
 7/12 [================>.............] - ETA: 0s - loss: 0.0780
 9/12 [=====================>........] - ETA: 0s - loss: 0.0773
11/12 [==========================>...] - ETA: 0s - loss: 0.0790
12/12 [==============================] - 0s 28ms/step - loss: 0.0792
Epoch 13/300

 1/12 [=>............................] - ETA: 0s - loss: 0.0831
 3/12 [======>.......................] - ETA: 0s - loss: 0.0745
 5/12 [===========>..................] - ETA: 0s - loss: 0.0723
 7/12 [================>.............] - ETA: 0s - loss: 0.0724
 9/12 [=====================>........] - ETA: 0s - loss: 0.0737
11/12 [==========================>...] - ETA: 0s - loss: 0.0732
12/12 [==============================] - 0s 28ms/step - loss: 0.0723
Epoch 14/300

 1/12 [=>............................] - ETA: 0s - loss: 0.0920
 3/12 [======>.......................] - ETA: 0s - loss: 0.0812
 5/12 [===========>..................] - ETA: 0s - loss: 0.0751
 7/12 [================>.............] - ETA: 0s - loss: 0.0774
 9/12 [=====================>........] - ETA: 0s - loss: 0.0750
11/12 [==========================>...] - ETA: 0s - loss: 0.0738
12/12 [==============================] - 0s 28ms/step - loss: 0.0740
Epoch 15/300

 1/12 [=>............................] - ETA: 0s - loss: 0.0507
 3/12 [======>.......................] - ETA: 0s - loss: 0.0653
 5/12 [===========>..................] - ETA: 0s - loss: 0.0754
 7/12 [================>.............] - ETA: 0s - loss: 0.0768
 9/12 [=====================>........] - ETA: 0s - loss: 0.0758
11/12 [==========================>...] - ETA: 0s - loss: 0.0767
12/12 [==============================] - 0s 28ms/step - loss: 0.0764
Epoch 16/300

 1/12 [=>............................] - ETA: 0s - loss: 0.0601
 3/12 [======>.......................] - ETA: 0s - loss: 0.0697
 5/12 [===========>..................] - ETA: 0s - loss: 0.0722
 7/12 [================>.............] - ETA: 0s - loss: 0.0710
 9/12 [=====================>........] - ETA: 0s - loss: 0.0709
12/12 [==============================] - ETA: 0s - loss: 0.0741
12/12 [==============================] - 0s 28ms/step - loss: 0.0741
Epoch 17/300

 1/12 [=>............................] - ETA: 0s - loss: 0.0758
 3/12 [======>.......................] - ETA: 0s - loss: 0.0753
 5/12 [===========>..................] - ETA: 0s - loss: 0.0755
 7/12 [================>.............] - ETA: 0s - loss: 0.0770
 9/12 [=====================>........] - ETA: 0s - loss: 0.0746
11/12 [==========================>...] - ETA: 0s - loss: 0.0746
12/12 [==============================] - 0s 28ms/step - loss: 0.0748
Epoch 18/300

 1/12 [=>............................] - ETA: 0s - loss: 0.0538
 3/12 [======>.......................] - ETA: 0s - loss: 0.0735
 5/12 [===========>..................] - ETA: 0s - loss: 0.0745
 7/12 [================>.............] - ETA: 0s - loss: 0.0766
 9/12 [=====================>........] - ETA: 0s - loss: 0.0736
11/12 [==========================>...] - ETA: 0s - loss: 0.0726
12/12 [==============================] - 0s 31ms/step - loss: 0.0721
Epoch 19/300

 1/12 [=>............................] - ETA: 0s - loss: 0.0477
 3/12 [======>.......................] - ETA: 0s - loss: 0.0632
 5/12 [===========>..................] - ETA: 0s - loss: 0.0604
 7/12 [================>.............] - ETA: 0s - loss: 0.0585
 9/12 [=====================>........] - ETA: 0s - loss: 0.0619
11/12 [==========================>...] - ETA: 0s - loss: 0.0650
12/12 [==============================] - 0s 31ms/step - loss: 0.0653
Epoch 20/300

 1/12 [=>............................] - ETA: 0s - loss: 0.0719
 3/12 [======>.......................] - ETA: 0s - loss: 0.0632
 5/12 [===========>..................] - ETA: 0s - loss: 0.0661
 7/12 [================>.............] - ETA: 0s - loss: 0.0686
 9/12 [=====================>........] - ETA: 0s - loss: 0.0684
11/12 [==========================>...] - ETA: 0s - loss: 0.0705
12/12 [==============================] - 0s 32ms/step - loss: 0.0700
Epoch 21/300

 1/12 [=>............................] - ETA: 0s - loss: 0.0648
 3/12 [======>.......................] - ETA: 0s - loss: 0.0661
 5/12 [===========>..................] - ETA: 0s - loss: 0.0717
 7/12 [================>.............] - ETA: 0s - loss: 0.0718
 9/12 [=====================>........] - ETA: 0s - loss: 0.0718
11/12 [==========================>...] - ETA: 0s - loss: 0.0724
12/12 [==============================] - 0s 28ms/step - loss: 0.0720
Epoch 22/300

 1/12 [=>............................] - ETA: 0s - loss: 0.0705
 3/12 [======>.......................] - ETA: 0s - loss: 0.0609
 5/12 [===========>..................] - ETA: 0s - loss: 0.0627
 7/12 [================>.............] - ETA: 0s - loss: 0.0628
 9/12 [=====================>........] - ETA: 0s - loss: 0.0638
11/12 [==========================>...] - ETA: 0s - loss: 0.0662
12/12 [==============================] - 0s 28ms/step - loss: 0.0661
Epoch 23/300

 1/12 [=>............................] - ETA: 0s - loss: 0.0658
 3/12 [======>.......................] - ETA: 0s - loss: 0.0688
 5/12 [===========>..................] - ETA: 0s - loss: 0.0725
 7/12 [================>.............] - ETA: 0s - loss: 0.0713
 9/12 [=====================>........] - ETA: 0s - loss: 0.0727
11/12 [==========================>...] - ETA: 0s - loss: 0.0734
12/12 [==============================] - 0s 28ms/step - loss: 0.0729
Epoch 24/300

 1/12 [=>............................] - ETA: 0s - loss: 0.0593
 3/12 [======>.......................] - ETA: 0s - loss: 0.0644
 5/12 [===========>..................] - ETA: 0s - loss: 0.0687
 7/12 [================>.............] - ETA: 0s - loss: 0.0688
 9/12 [=====================>........] - ETA: 0s - loss: 0.0702
11/12 [==========================>...] - ETA: 0s - loss: 0.0703
12/12 [==============================] - 0s 28ms/step - loss: 0.0708
Epoch 25/300

 1/12 [=>............................] - ETA: 0s - loss: 0.0690
 3/12 [======>.......................] - ETA: 0s - loss: 0.0587
 5/12 [===========>..................] - ETA: 0s - loss: 0.0643
 7/12 [================>.............] - ETA: 0s - loss: 0.0674
 9/12 [=====================>........] - ETA: 0s - loss: 0.0676
11/12 [==========================>...] - ETA: 0s - loss: 0.0674
12/12 [==============================] - 0s 28ms/step - loss: 0.0674
Epoch 26/300

 1/12 [=>............................] - ETA: 0s - loss: 0.0683
 3/12 [======>.......................] - ETA: 0s - loss: 0.0650
 5/12 [===========>..................] - ETA: 0s - loss: 0.0626
 7/12 [================>.............] - ETA: 0s - loss: 0.0658
 9/12 [=====================>........] - ETA: 0s - loss: 0.0639
11/12 [==========================>...] - ETA: 0s - loss: 0.0635
12/12 [==============================] - 0s 29ms/step - loss: 0.0641
Epoch 27/300

 1/12 [=>............................] - ETA: 0s - loss: 0.0640
 3/12 [======>.......................] - ETA: 0s - loss: 0.0762
 5/12 [===========>..................] - ETA: 0s - loss: 0.0716
 7/12 [================>.............] - ETA: 0s - loss: 0.0748
 9/12 [=====================>........] - ETA: 0s - loss: 0.0748
11/12 [==========================>...] - ETA: 0s - loss: 0.0752
12/12 [==============================] - 0s 30ms/step - loss: 0.0749
Epoch 28/300

 1/12 [=>............................] - ETA: 0s - loss: 0.0555
 3/12 [======>.......................] - ETA: 0s - loss: 0.0603
 5/12 [===========>..................] - ETA: 0s - loss: 0.0608
 7/12 [================>.............] - ETA: 0s - loss: 0.0637
 9/12 [=====================>........] - ETA: 0s - loss: 0.0660
11/12 [==========================>...] - ETA: 0s - loss: 0.0670
12/12 [==============================] - 0s 28ms/step - loss: 0.0672
Epoch 29/300

 1/12 [=>............................] - ETA: 0s - loss: 0.0608
 3/12 [======>.......................] - ETA: 0s - loss: 0.0696
 5/12 [===========>..................] - ETA: 0s - loss: 0.0663
 7/12 [================>.............] - ETA: 0s - loss: 0.0635
 9/12 [=====================>........] - ETA: 0s - loss: 0.0650
11/12 [==========================>...] - ETA: 0s - loss: 0.0674
12/12 [==============================] - 0s 27ms/step - loss: 0.0673
Epoch 30/300

 1/12 [=>............................] - ETA: 0s - loss: 0.0585
 3/12 [======>.......................] - ETA: 0s - loss: 0.0659
 5/12 [===========>..................] - ETA: 0s - loss: 0.0637
 7/12 [================>.............] - ETA: 0s - loss: 0.0630
 9/12 [=====================>........] - ETA: 0s - loss: 0.0630
11/12 [==========================>...] - ETA: 0s - loss: 0.0644
12/12 [==============================] - 0s 28ms/step - loss: 0.0642
Epoch 31/300

 1/12 [=>............................] - ETA: 0s - loss: 0.0527
 3/12 [======>.......................] - ETA: 0s - loss: 0.0559
 5/12 [===========>..................] - ETA: 0s - loss: 0.0602
 7/12 [================>.............] - ETA: 0s - loss: 0.0652
 9/12 [=====================>........] - ETA: 0s - loss: 0.0624
11/12 [==========================>...] - ETA: 0s - loss: 0.0613
12/12 [==============================] - 0s 28ms/step - loss: 0.0623
Epoch 32/300

 1/12 [=>............................] - ETA: 0s - loss: 0.0609
 3/12 [======>.......................] - ETA: 0s - loss: 0.0623
 5/12 [===========>..................] - ETA: 0s - loss: 0.0584
 7/12 [================>.............] - ETA: 0s - loss: 0.0586
 9/12 [=====================>........] - ETA: 0s - loss: 0.0567
11/12 [==========================>...] - ETA: 0s - loss: 0.0585
12/12 [==============================] - 0s 28ms/step - loss: 0.0589
Epoch 33/300

 1/12 [=>............................] - ETA: 0s - loss: 0.0690
 3/12 [======>.......................] - ETA: 0s - loss: 0.0585
 5/12 [===========>..................] - ETA: 0s - loss: 0.0562
 7/12 [================>.............] - ETA: 0s - loss: 0.0557
 9/12 [=====================>........] - ETA: 0s - loss: 0.0568
11/12 [==========================>...] - ETA: 0s - loss: 0.0572
12/12 [==============================] - 0s 29ms/step - loss: 0.0575
Epoch 34/300

 1/12 [=>............................] - ETA: 0s - loss: 0.0488
 3/12 [======>.......................] - ETA: 0s - loss: 0.0624
 5/12 [===========>..................] - ETA: 0s - loss: 0.0647
 7/12 [================>.............] - ETA: 0s - loss: 0.0652
 9/12 [=====================>........] - ETA: 0s - loss: 0.0624
11/12 [==========================>...] - ETA: 0s - loss: 0.0588
12/12 [==============================] - 0s 27ms/step - loss: 0.0584
Epoch 35/300

 1/12 [=>............................] - ETA: 0s - loss: 0.0569
 3/12 [======>.......................] - ETA: 0s - loss: 0.0653
 5/12 [===========>..................] - ETA: 0s - loss: 0.0628
 7/12 [================>.............] - ETA: 0s - loss: 0.0597
 9/12 [=====================>........] - ETA: 0s - loss: 0.0576
11/12 [==========================>...] - ETA: 0s - loss: 0.0568
12/12 [==============================] - 0s 27ms/step - loss: 0.0563
Epoch 36/300

 1/12 [=>............................] - ETA: 0s - loss: 0.0619
 3/12 [======>.......................] - ETA: 0s - loss: 0.0617
 5/12 [===========>..................] - ETA: 0s - loss: 0.0663
 7/12 [================>.............] - ETA: 0s - loss: 0.0669
 9/12 [=====================>........] - ETA: 0s - loss: 0.0656
11/12 [==========================>...] - ETA: 0s - loss: 0.0642
12/12 [==============================] - 0s 27ms/step - loss: 0.0642
Epoch 37/300

 1/12 [=>............................] - ETA: 0s - loss: 0.0549
 3/12 [======>.......................] - ETA: 0s - loss: 0.0610
 5/12 [===========>..................] - ETA: 0s - loss: 0.0600
 7/12 [================>.............] - ETA: 0s - loss: 0.0576
 9/12 [=====================>........] - ETA: 0s - loss: 0.0577
11/12 [==========================>...] - ETA: 0s - loss: 0.0612
12/12 [==============================] - 0s 28ms/step - loss: 0.0611
Epoch 38/300

 1/12 [=>............................] - ETA: 0s - loss: 0.0617
 3/12 [======>.......................] - ETA: 0s - loss: 0.0567
 5/12 [===========>..................] - ETA: 0s - loss: 0.0605
 7/12 [================>.............] - ETA: 0s - loss: 0.0597
 9/12 [=====================>........] - ETA: 0s - loss: 0.0604
11/12 [==========================>...] - ETA: 0s - loss: 0.0615
12/12 [==============================] - 0s 28ms/step - loss: 0.0622
Epoch 39/300

 1/12 [=>............................] - ETA: 0s - loss: 0.0596
 3/12 [======>.......................] - ETA: 0s - loss: 0.0657
 5/12 [===========>..................] - ETA: 0s - loss: 0.0650
 7/12 [================>.............] - ETA: 0s - loss: 0.0650
 9/12 [=====================>........] - ETA: 0s - loss: 0.0636
11/12 [==========================>...] - ETA: 0s - loss: 0.0652
12/12 [==============================] - 0s 28ms/step - loss: 0.0674
Epoch 40/300

 1/12 [=>............................] - ETA: 0s - loss: 0.0613
 3/12 [======>.......................] - ETA: 0s - loss: 0.0597
 5/12 [===========>..................] - ETA: 0s - loss: 0.0562
 7/12 [================>.............] - ETA: 0s - loss: 0.0561
 9/12 [=====================>........] - ETA: 0s - loss: 0.0590
11/12 [==========================>...] - ETA: 0s - loss: 0.0587
12/12 [==============================] - 0s 28ms/step - loss: 0.0589
Epoch 41/300

 1/12 [=>............................] - ETA: 0s - loss: 0.0581
 3/12 [======>.......................] - ETA: 0s - loss: 0.0560
 5/12 [===========>..................] - ETA: 0s - loss: 0.0531
 7/12 [================>.............] - ETA: 0s - loss: 0.0530
 9/12 [=====================>........] - ETA: 0s - loss: 0.0538
11/12 [==========================>...] - ETA: 0s - loss: 0.0556
12/12 [==============================] - 0s 28ms/step - loss: 0.0563
Epoch 42/300

 1/12 [=>............................] - ETA: 0s - loss: 0.0688
 3/12 [======>.......................] - ETA: 0s - loss: 0.0624
 5/12 [===========>..................] - ETA: 0s - loss: 0.0626
 7/12 [================>.............] - ETA: 0s - loss: 0.0609
 9/12 [=====================>........] - ETA: 0s - loss: 0.0621
11/12 [==========================>...] - ETA: 0s - loss: 0.0609
12/12 [==============================] - 0s 28ms/step - loss: 0.0607
Epoch 43/300

 1/12 [=>............................] - ETA: 0s - loss: 0.0608
 3/12 [======>.......................] - ETA: 0s - loss: 0.0662
 5/12 [===========>..................] - ETA: 0s - loss: 0.0588
 7/12 [================>.............] - ETA: 0s - loss: 0.0577
 9/12 [=====================>........] - ETA: 0s - loss: 0.0591
11/12 [==========================>...] - ETA: 0s - loss: 0.0602
12/12 [==============================] - 0s 28ms/step - loss: 0.0597
Epoch 44/300

 1/12 [=>............................] - ETA: 0s - loss: 0.0614
 3/12 [======>.......................] - ETA: 0s - loss: 0.0652
 5/12 [===========>..................] - ETA: 0s - loss: 0.0619
 7/12 [================>.............] - ETA: 0s - loss: 0.0590
 9/12 [=====================>........] - ETA: 0s - loss: 0.0604
11/12 [==========================>...] - ETA: 0s - loss: 0.0606
12/12 [==============================] - 0s 28ms/step - loss: 0.0605
Epoch 45/300

 1/12 [=>............................] - ETA: 0s - loss: 0.0504
 3/12 [======>.......................] - ETA: 0s - loss: 0.0546
 5/12 [===========>..................] - ETA: 0s - loss: 0.0580
 7/12 [================>.............] - ETA: 0s - loss: 0.0585
 9/12 [=====================>........] - ETA: 0s - loss: 0.0577
11/12 [==========================>...] - ETA: 0s - loss: 0.0564
12/12 [==============================] - 0s 27ms/step - loss: 0.0563
Epoch 46/300

 1/12 [=>............................] - ETA: 0s - loss: 0.0597
 3/12 [======>.......................] - ETA: 0s - loss: 0.0589
 5/12 [===========>..................] - ETA: 0s - loss: 0.0600
 7/12 [================>.............] - ETA: 0s - loss: 0.0604
 9/12 [=====================>........] - ETA: 0s - loss: 0.0575
11/12 [==========================>...] - ETA: 0s - loss: 0.0552
12/12 [==============================] - 0s 28ms/step - loss: 0.0551
Epoch 47/300

 1/12 [=>............................] - ETA: 0s - loss: 0.0547
 3/12 [======>.......................] - ETA: 0s - loss: 0.0535
 5/12 [===========>..................] - ETA: 0s - loss: 0.0579
 7/12 [================>.............] - ETA: 0s - loss: 0.0595
 9/12 [=====================>........] - ETA: 0s - loss: 0.0588
11/12 [==========================>...] - ETA: 0s - loss: 0.0602
12/12 [==============================] - 0s 27ms/step - loss: 0.0602
Epoch 48/300

 1/12 [=>............................] - ETA: 0s - loss: 0.0747
 3/12 [======>.......................] - ETA: 0s - loss: 0.0673
 5/12 [===========>..................] - ETA: 0s - loss: 0.0630
 7/12 [================>.............] - ETA: 0s - loss: 0.0631
 9/12 [=====================>........] - ETA: 0s - loss: 0.0604
11/12 [==========================>...] - ETA: 0s - loss: 0.0594
12/12 [==============================] - 0s 28ms/step - loss: 0.0598
Epoch 49/300

 1/12 [=>............................] - ETA: 0s - loss: 0.0714
 3/12 [======>.......................] - ETA: 0s - loss: 0.0566
 5/12 [===========>..................] - ETA: 0s - loss: 0.0558
 7/12 [================>.............] - ETA: 0s - loss: 0.0554
 9/12 [=====================>........] - ETA: 0s - loss: 0.0542
11/12 [==========================>...] - ETA: 0s - loss: 0.0546
12/12 [==============================] - 0s 28ms/step - loss: 0.0548
Epoch 50/300

 1/12 [=>............................] - ETA: 0s - loss: 0.0567
 3/12 [======>.......................] - ETA: 0s - loss: 0.0596
 5/12 [===========>..................] - ETA: 0s - loss: 0.0567
 7/12 [================>.............] - ETA: 0s - loss: 0.0581
 9/12 [=====================>........] - ETA: 0s - loss: 0.0546
11/12 [==========================>...] - ETA: 0s - loss: 0.0568
12/12 [==============================] - 0s 28ms/step - loss: 0.0569
Epoch 51/300

 1/12 [=>............................] - ETA: 0s - loss: 0.0536
 3/12 [======>.......................] - ETA: 0s - loss: 0.0512
 5/12 [===========>..................] - ETA: 0s - loss: 0.0580
 7/12 [================>.............] - ETA: 0s - loss: 0.0570
 9/12 [=====================>........] - ETA: 0s - loss: 0.0585
11/12 [==========================>...] - ETA: 0s - loss: 0.0581
12/12 [==============================] - 0s 28ms/step - loss: 0.0579
Epoch 52/300

 1/12 [=>............................] - ETA: 0s - loss: 0.0596
 3/12 [======>.......................] - ETA: 0s - loss: 0.0580
 5/12 [===========>..................] - ETA: 0s - loss: 0.0553
 7/12 [================>.............] - ETA: 0s - loss: 0.0558
 9/12 [=====================>........] - ETA: 0s - loss: 0.0591
11/12 [==========================>...] - ETA: 0s - loss: 0.0571
12/12 [==============================] - 0s 28ms/step - loss: 0.0575
Epoch 53/300

 1/12 [=>............................] - ETA: 0s - loss: 0.0546
 3/12 [======>.......................] - ETA: 0s - loss: 0.0541
 5/12 [===========>..................] - ETA: 0s - loss: 0.0514
 7/12 [================>.............] - ETA: 0s - loss: 0.0504
 9/12 [=====================>........] - ETA: 0s - loss: 0.0519
11/12 [==========================>...] - ETA: 0s - loss: 0.0524
12/12 [==============================] - 0s 28ms/step - loss: 0.0528
Epoch 54/300

 1/12 [=>............................] - ETA: 0s - loss: 0.0641
 3/12 [======>.......................] - ETA: 0s - loss: 0.0554
 5/12 [===========>..................] - ETA: 0s - loss: 0.0546
 7/12 [================>.............] - ETA: 0s - loss: 0.0552
 9/12 [=====================>........] - ETA: 0s - loss: 0.0551
11/12 [==========================>...] - ETA: 0s - loss: 0.0551
12/12 [==============================] - 0s 28ms/step - loss: 0.0552
Epoch 55/300

 1/12 [=>............................] - ETA: 0s - loss: 0.0714
 3/12 [======>.......................] - ETA: 0s - loss: 0.0620
 5/12 [===========>..................] - ETA: 0s - loss: 0.0595
 7/12 [================>.............] - ETA: 0s - loss: 0.0586
 9/12 [=====================>........] - ETA: 0s - loss: 0.0582
11/12 [==========================>...] - ETA: 0s - loss: 0.0582
12/12 [==============================] - 0s 28ms/step - loss: 0.0582
Epoch 56/300

 1/12 [=>............................] - ETA: 0s - loss: 0.0560
 3/12 [======>.......................] - ETA: 0s - loss: 0.0556
 5/12 [===========>..................] - ETA: 0s - loss: 0.0597
 7/12 [================>.............] - ETA: 0s - loss: 0.0562
 9/12 [=====================>........] - ETA: 0s - loss: 0.0544
11/12 [==========================>...] - ETA: 0s - loss: 0.0526
12/12 [==============================] - 0s 28ms/step - loss: 0.0522
Epoch 57/300

 1/12 [=>............................] - ETA: 0s - loss: 0.0638
 3/12 [======>.......................] - ETA: 0s - loss: 0.0608
 5/12 [===========>..................] - ETA: 0s - loss: 0.0594
 7/12 [================>.............] - ETA: 0s - loss: 0.0592
 9/12 [=====================>........] - ETA: 0s - loss: 0.0590
11/12 [==========================>...] - ETA: 0s - loss: 0.0591
12/12 [==============================] - 0s 28ms/step - loss: 0.0592
Epoch 58/300

 1/12 [=>............................] - ETA: 0s - loss: 0.0464
 3/12 [======>.......................] - ETA: 0s - loss: 0.0530
 5/12 [===========>..................] - ETA: 0s - loss: 0.0546
 7/12 [================>.............] - ETA: 0s - loss: 0.0563
 9/12 [=====================>........] - ETA: 0s - loss: 0.0556
11/12 [==========================>...] - ETA: 0s - loss: 0.0553
12/12 [==============================] - 0s 28ms/step - loss: 0.0558
Epoch 59/300

 1/12 [=>............................] - ETA: 0s - loss: 0.0584
 3/12 [======>.......................] - ETA: 0s - loss: 0.0516
 5/12 [===========>..................] - ETA: 0s - loss: 0.0551
 7/12 [================>.............] - ETA: 0s - loss: 0.0545
 9/12 [=====================>........] - ETA: 0s - loss: 0.0530
11/12 [==========================>...] - ETA: 0s - loss: 0.0540
12/12 [==============================] - 0s 28ms/step - loss: 0.0545
Epoch 60/300

 1/12 [=>............................] - ETA: 0s - loss: 0.0561
 3/12 [======>.......................] - ETA: 0s - loss: 0.0556
 5/12 [===========>..................] - ETA: 0s - loss: 0.0564
 7/12 [================>.............] - ETA: 0s - loss: 0.0555
 9/12 [=====================>........] - ETA: 0s - loss: 0.0545
11/12 [==========================>...] - ETA: 0s - loss: 0.0556
12/12 [==============================] - 0s 28ms/step - loss: 0.0549
Epoch 61/300

 1/12 [=>............................] - ETA: 0s - loss: 0.0672
 3/12 [======>.......................] - ETA: 0s - loss: 0.0560
 5/12 [===========>..................] - ETA: 0s - loss: 0.0539
 7/12 [================>.............] - ETA: 0s - loss: 0.0555
 9/12 [=====================>........] - ETA: 0s - loss: 0.0554
11/12 [==========================>...] - ETA: 0s - loss: 0.0560
12/12 [==============================] - 0s 28ms/step - loss: 0.0568
Epoch 62/300

 1/12 [=>............................] - ETA: 0s - loss: 0.0547
 3/12 [======>.......................] - ETA: 0s - loss: 0.0536
 5/12 [===========>..................] - ETA: 0s - loss: 0.0556
 7/12 [================>.............] - ETA: 0s - loss: 0.0542
 9/12 [=====================>........] - ETA: 0s - loss: 0.0540
11/12 [==========================>...] - ETA: 0s - loss: 0.0532
12/12 [==============================] - 0s 28ms/step - loss: 0.0531
Epoch 63/300

 1/12 [=>............................] - ETA: 0s - loss: 0.0432
 3/12 [======>.......................] - ETA: 0s - loss: 0.0474
 5/12 [===========>..................] - ETA: 0s - loss: 0.0478
 7/12 [================>.............] - ETA: 0s - loss: 0.0480
 9/12 [=====================>........] - ETA: 0s - loss: 0.0492
11/12 [==========================>...] - ETA: 0s - loss: 0.0503
12/12 [==============================] - 0s 28ms/step - loss: 0.0508
Epoch 64/300

 1/12 [=>............................] - ETA: 0s - loss: 0.0492
 3/12 [======>.......................] - ETA: 0s - loss: 0.0530
 5/12 [===========>..................] - ETA: 0s - loss: 0.0509
 7/12 [================>.............] - ETA: 0s - loss: 0.0542
 9/12 [=====================>........] - ETA: 0s - loss: 0.0562
11/12 [==========================>...] - ETA: 0s - loss: 0.0547
12/12 [==============================] - 0s 28ms/step - loss: 0.0551
Epoch 65/300

 1/12 [=>............................] - ETA: 0s - loss: 0.0679
 3/12 [======>.......................] - ETA: 0s - loss: 0.0551
 5/12 [===========>..................] - ETA: 0s - loss: 0.0565
 7/12 [================>.............] - ETA: 0s - loss: 0.0550
 9/12 [=====================>........] - ETA: 0s - loss: 0.0521
11/12 [==========================>...] - ETA: 0s - loss: 0.0519
12/12 [==============================] - 0s 30ms/step - loss: 0.0523
Epoch 66/300

 1/12 [=>............................] - ETA: 0s - loss: 0.0439
 3/12 [======>.......................] - ETA: 0s - loss: 0.0517
 5/12 [===========>..................] - ETA: 0s - loss: 0.0546
 7/12 [================>.............] - ETA: 0s - loss: 0.0578
 9/12 [=====================>........] - ETA: 0s - loss: 0.0574
11/12 [==========================>...] - ETA: 0s - loss: 0.0574
12/12 [==============================] - 0s 32ms/step - loss: 0.0572
Epoch 67/300

 1/12 [=>............................] - ETA: 0s - loss: 0.0669
 3/12 [======>.......................] - ETA: 0s - loss: 0.0587
 5/12 [===========>..................] - ETA: 0s - loss: 0.0556
 7/12 [================>.............] - ETA: 0s - loss: 0.0531
 9/12 [=====================>........] - ETA: 0s - loss: 0.0530
11/12 [==========================>...] - ETA: 0s - loss: 0.0520
12/12 [==============================] - 0s 31ms/step - loss: 0.0518
Epoch 68/300

 1/12 [=>............................] - ETA: 0s - loss: 0.0416
 3/12 [======>.......................] - ETA: 0s - loss: 0.0484
 5/12 [===========>..................] - ETA: 0s - loss: 0.0478
 7/12 [================>.............] - ETA: 0s - loss: 0.0473
 9/12 [=====================>........] - ETA: 0s - loss: 0.0481
11/12 [==========================>...] - ETA: 0s - loss: 0.0488
12/12 [==============================] - 0s 29ms/step - loss: 0.0493
Epoch 69/300

 1/12 [=>............................] - ETA: 0s - loss: 0.0479
 3/12 [======>.......................] - ETA: 0s - loss: 0.0500
 5/12 [===========>..................] - ETA: 0s - loss: 0.0524
 7/12 [================>.............] - ETA: 0s - loss: 0.0508
 9/12 [=====================>........] - ETA: 0s - loss: 0.0494
11/12 [==========================>...] - ETA: 0s - loss: 0.0505
12/12 [==============================] - 0s 28ms/step - loss: 0.0507
Epoch 70/300

 1/12 [=>............................] - ETA: 0s - loss: 0.0524
 3/12 [======>.......................] - ETA: 0s - loss: 0.0560
 5/12 [===========>..................] - ETA: 0s - loss: 0.0536
 7/12 [================>.............] - ETA: 0s - loss: 0.0527
 9/12 [=====================>........] - ETA: 0s - loss: 0.0539
11/12 [==========================>...] - ETA: 0s - loss: 0.0527
12/12 [==============================] - 0s 28ms/step - loss: 0.0528
Epoch 71/300

 1/12 [=>............................] - ETA: 0s - loss: 0.0543
 3/12 [======>.......................] - ETA: 0s - loss: 0.0463
 5/12 [===========>..................] - ETA: 0s - loss: 0.0484
 7/12 [================>.............] - ETA: 0s - loss: 0.0481
 9/12 [=====================>........] - ETA: 0s - loss: 0.0491
11/12 [==========================>...] - ETA: 0s - loss: 0.0505
12/12 [==============================] - 0s 28ms/step - loss: 0.0509
Epoch 72/300

 1/12 [=>............................] - ETA: 0s - loss: 0.0626
 3/12 [======>.......................] - ETA: 0s - loss: 0.0580
 5/12 [===========>..................] - ETA: 0s - loss: 0.0566
 7/12 [================>.............] - ETA: 0s - loss: 0.0538
 9/12 [=====================>........] - ETA: 0s - loss: 0.0525
11/12 [==========================>...] - ETA: 0s - loss: 0.0551
12/12 [==============================] - 0s 28ms/step - loss: 0.0547
Epoch 73/300

 1/12 [=>............................] - ETA: 0s - loss: 0.0533
 3/12 [======>.......................] - ETA: 0s - loss: 0.0523
 5/12 [===========>..................] - ETA: 0s - loss: 0.0494
 7/12 [================>.............] - ETA: 0s - loss: 0.0494
 9/12 [=====================>........] - ETA: 0s - loss: 0.0493
11/12 [==========================>...] - ETA: 0s - loss: 0.0509
12/12 [==============================] - 0s 29ms/step - loss: 0.0508
Epoch 74/300

 1/12 [=>............................] - ETA: 0s - loss: 0.0426
 3/12 [======>.......................] - ETA: 0s - loss: 0.0452
 5/12 [===========>..................] - ETA: 0s - loss: 0.0484
 7/12 [================>.............] - ETA: 0s - loss: 0.0509
 9/12 [=====================>........] - ETA: 0s - loss: 0.0512
11/12 [==========================>...] - ETA: 0s - loss: 0.0499
12/12 [==============================] - 0s 30ms/step - loss: 0.0499
Epoch 75/300

 1/12 [=>............................] - ETA: 0s - loss: 0.0475
 3/12 [======>.......................] - ETA: 0s - loss: 0.0481
 5/12 [===========>..................] - ETA: 0s - loss: 0.0508
 7/12 [================>.............] - ETA: 0s - loss: 0.0506
 9/12 [=====================>........] - ETA: 0s - loss: 0.0529
11/12 [==========================>...] - ETA: 0s - loss: 0.0519
12/12 [==============================] - 0s 29ms/step - loss: 0.0526
Epoch 76/300

 1/12 [=>............................] - ETA: 0s - loss: 0.0607
 3/12 [======>.......................] - ETA: 0s - loss: 0.0527
 5/12 [===========>..................] - ETA: 0s - loss: 0.0522
 7/12 [================>.............] - ETA: 0s - loss: 0.0527
 9/12 [=====================>........] - ETA: 0s - loss: 0.0541
11/12 [==========================>...] - ETA: 0s - loss: 0.0526
12/12 [==============================] - 0s 28ms/step - loss: 0.0530
Epoch 77/300

 1/12 [=>............................] - ETA: 0s - loss: 0.0452
 3/12 [======>.......................] - ETA: 0s - loss: 0.0551
 5/12 [===========>..................] - ETA: 0s - loss: 0.0559
 7/12 [================>.............] - ETA: 0s - loss: 0.0518
 9/12 [=====================>........] - ETA: 0s - loss: 0.0520
11/12 [==========================>...] - ETA: 0s - loss: 0.0516
12/12 [==============================] - 0s 28ms/step - loss: 0.0518
Epoch 78/300

 1/12 [=>............................] - ETA: 0s - loss: 0.0465
 3/12 [======>.......................] - ETA: 0s - loss: 0.0445
 5/12 [===========>..................] - ETA: 0s - loss: 0.0493
 7/12 [================>.............] - ETA: 0s - loss: 0.0501
 9/12 [=====================>........] - ETA: 0s - loss: 0.0489
11/12 [==========================>...] - ETA: 0s - loss: 0.0507
12/12 [==============================] - 0s 27ms/step - loss: 0.0505
Epoch 79/300

 1/12 [=>............................] - ETA: 0s - loss: 0.0353
 3/12 [======>.......................] - ETA: 0s - loss: 0.0424
 5/12 [===========>..................] - ETA: 0s - loss: 0.0412
 7/12 [================>.............] - ETA: 0s - loss: 0.0445
 9/12 [=====================>........] - ETA: 0s - loss: 0.0459
11/12 [==========================>...] - ETA: 0s - loss: 0.0464
12/12 [==============================] - 0s 27ms/step - loss: 0.0465
Epoch 80/300

 1/12 [=>............................] - ETA: 0s - loss: 0.0448
 3/12 [======>.......................] - ETA: 0s - loss: 0.0484
 5/12 [===========>..................] - ETA: 0s - loss: 0.0469
 7/12 [================>.............] - ETA: 0s - loss: 0.0466
 9/12 [=====================>........] - ETA: 0s - loss: 0.0465
11/12 [==========================>...] - ETA: 0s - loss: 0.0459
12/12 [==============================] - 0s 27ms/step - loss: 0.0463
Epoch 81/300

 1/12 [=>............................] - ETA: 0s - loss: 0.0367
 3/12 [======>.......................] - ETA: 0s - loss: 0.0501
 5/12 [===========>..................] - ETA: 0s - loss: 0.0458
 7/12 [================>.............] - ETA: 0s - loss: 0.0439
 9/12 [=====================>........] - ETA: 0s - loss: 0.0444
11/12 [==========================>...] - ETA: 0s - loss: 0.0449
12/12 [==============================] - 0s 28ms/step - loss: 0.0453
Epoch 82/300

 1/12 [=>............................] - ETA: 0s - loss: 0.0456
 3/12 [======>.......................] - ETA: 0s - loss: 0.0481
 5/12 [===========>..................] - ETA: 0s - loss: 0.0496
 7/12 [================>.............] - ETA: 0s - loss: 0.0465
 9/12 [=====================>........] - ETA: 0s - loss: 0.0489
11/12 [==========================>...] - ETA: 0s - loss: 0.0463
12/12 [==============================] - 0s 28ms/step - loss: 0.0465
Epoch 83/300

 1/12 [=>............................] - ETA: 0s - loss: 0.0597
 3/12 [======>.......................] - ETA: 0s - loss: 0.0508
 5/12 [===========>..................] - ETA: 0s - loss: 0.0513
 7/12 [================>.............] - ETA: 0s - loss: 0.0533
 9/12 [=====================>........] - ETA: 0s - loss: 0.0549
11/12 [==========================>...] - ETA: 0s - loss: 0.0551
12/12 [==============================] - 0s 28ms/step - loss: 0.0549
Epoch 84/300

 1/12 [=>............................] - ETA: 0s - loss: 0.0467
 3/12 [======>.......................] - ETA: 0s - loss: 0.0458
 5/12 [===========>..................] - ETA: 0s - loss: 0.0457
 7/12 [================>.............] - ETA: 0s - loss: 0.0477
 9/12 [=====================>........] - ETA: 0s - loss: 0.0479
11/12 [==========================>...] - ETA: 0s - loss: 0.0460
12/12 [==============================] - 0s 28ms/step - loss: 0.0458
Epoch 85/300

 1/12 [=>............................] - ETA: 0s - loss: 0.0678
 3/12 [======>.......................] - ETA: 0s - loss: 0.0564
 5/12 [===========>..................] - ETA: 0s - loss: 0.0563
 7/12 [================>.............] - ETA: 0s - loss: 0.0539
 9/12 [=====================>........] - ETA: 0s - loss: 0.0512
11/12 [==========================>...] - ETA: 0s - loss: 0.0509
12/12 [==============================] - 0s 28ms/step - loss: 0.0507
Epoch 86/300

 1/12 [=>............................] - ETA: 0s - loss: 0.0498
 3/12 [======>.......................] - ETA: 0s - loss: 0.0474
 5/12 [===========>..................] - ETA: 0s - loss: 0.0533
 7/12 [================>.............] - ETA: 0s - loss: 0.0506
 9/12 [=====================>........] - ETA: 0s - loss: 0.0530
11/12 [==========================>...] - ETA: 0s - loss: 0.0551
12/12 [==============================] - 0s 28ms/step - loss: 0.0546
Epoch 87/300

 1/12 [=>............................] - ETA: 0s - loss: 0.0505
 3/12 [======>.......................] - ETA: 0s - loss: 0.0452
 5/12 [===========>..................] - ETA: 0s - loss: 0.0438
 7/12 [================>.............] - ETA: 0s - loss: 0.0449
 9/12 [=====================>........] - ETA: 0s - loss: 0.0458
11/12 [==========================>...] - ETA: 0s - loss: 0.0474
12/12 [==============================] - 0s 27ms/step - loss: 0.0476
Epoch 88/300

 1/12 [=>............................] - ETA: 0s - loss: 0.0450
 3/12 [======>.......................] - ETA: 0s - loss: 0.0458
 5/12 [===========>..................] - ETA: 0s - loss: 0.0470
 7/12 [================>.............] - ETA: 0s - loss: 0.0465
 9/12 [=====================>........] - ETA: 0s - loss: 0.0459
11/12 [==========================>...] - ETA: 0s - loss: 0.0463
12/12 [==============================] - 0s 28ms/step - loss: 0.0469
Epoch 89/300

 1/12 [=>............................] - ETA: 0s - loss: 0.0590
 3/12 [======>.......................] - ETA: 0s - loss: 0.0583
 5/12 [===========>..................] - ETA: 0s - loss: 0.0525
 7/12 [================>.............] - ETA: 0s - loss: 0.0522
 9/12 [=====================>........] - ETA: 0s - loss: 0.0539
11/12 [==========================>...] - ETA: 0s - loss: 0.0553
12/12 [==============================] - 0s 27ms/step - loss: 0.0551
Epoch 90/300

 1/12 [=>............................] - ETA: 0s - loss: 0.0455
 3/12 [======>.......................] - ETA: 0s - loss: 0.0433
 5/12 [===========>..................] - ETA: 0s - loss: 0.0483
 7/12 [================>.............] - ETA: 0s - loss: 0.0476
 9/12 [=====================>........] - ETA: 0s - loss: 0.0475
11/12 [==========================>...] - ETA: 0s - loss: 0.0487
12/12 [==============================] - 0s 27ms/step - loss: 0.0493
Epoch 91/300

 1/12 [=>............................] - ETA: 0s - loss: 0.0532
 3/12 [======>.......................] - ETA: 0s - loss: 0.0534
 5/12 [===========>..................] - ETA: 0s - loss: 0.0495
 7/12 [================>.............] - ETA: 0s - loss: 0.0520
 9/12 [=====================>........] - ETA: 0s - loss: 0.0505
11/12 [==========================>...] - ETA: 0s - loss: 0.0490
12/12 [==============================] - 0s 27ms/step - loss: 0.0494
Epoch 92/300

 1/12 [=>............................] - ETA: 0s - loss: 0.0486
 3/12 [======>.......................] - ETA: 0s - loss: 0.0419
 5/12 [===========>..................] - ETA: 0s - loss: 0.0413
 7/12 [================>.............] - ETA: 0s - loss: 0.0436
 9/12 [=====================>........] - ETA: 0s - loss: 0.0450
11/12 [==========================>...] - ETA: 0s - loss: 0.0447
12/12 [==============================] - 0s 27ms/step - loss: 0.0442
Epoch 93/300

 1/12 [=>............................] - ETA: 0s - loss: 0.0515
 3/12 [======>.......................] - ETA: 0s - loss: 0.0437
 5/12 [===========>..................] - ETA: 0s - loss: 0.0458
 7/12 [================>.............] - ETA: 0s - loss: 0.0467
 9/12 [=====================>........] - ETA: 0s - loss: 0.0475
11/12 [==========================>...] - ETA: 0s - loss: 0.0481
12/12 [==============================] - 0s 27ms/step - loss: 0.0482
Epoch 94/300

 1/12 [=>............................] - ETA: 0s - loss: 0.0474
 3/12 [======>.......................] - ETA: 0s - loss: 0.0522
 5/12 [===========>..................] - ETA: 0s - loss: 0.0492
 7/12 [================>.............] - ETA: 0s - loss: 0.0498
 9/12 [=====================>........] - ETA: 0s - loss: 0.0510
11/12 [==========================>...] - ETA: 0s - loss: 0.0492
12/12 [==============================] - 0s 28ms/step - loss: 0.0489
Epoch 95/300

 1/12 [=>............................] - ETA: 0s - loss: 0.0446
 3/12 [======>.......................] - ETA: 0s - loss: 0.0484
 5/12 [===========>..................] - ETA: 0s - loss: 0.0458
 7/12 [================>.............] - ETA: 0s - loss: 0.0448
 9/12 [=====================>........] - ETA: 0s - loss: 0.0453
11/12 [==========================>...] - ETA: 0s - loss: 0.0456
12/12 [==============================] - 0s 27ms/step - loss: 0.0454
Epoch 96/300

 1/12 [=>............................] - ETA: 0s - loss: 0.0649
 3/12 [======>.......................] - ETA: 0s - loss: 0.0501
 5/12 [===========>..................] - ETA: 0s - loss: 0.0489
 7/12 [================>.............] - ETA: 0s - loss: 0.0460
 9/12 [=====================>........] - ETA: 0s - loss: 0.0472
11/12 [==========================>...] - ETA: 0s - loss: 0.0468
12/12 [==============================] - 0s 27ms/step - loss: 0.0468
Epoch 97/300

 1/12 [=>............................] - ETA: 0s - loss: 0.0636
 3/12 [======>.......................] - ETA: 0s - loss: 0.0548
 5/12 [===========>..................] - ETA: 0s - loss: 0.0530
 7/12 [================>.............] - ETA: 0s - loss: 0.0525
 9/12 [=====================>........] - ETA: 0s - loss: 0.0520
11/12 [==========================>...] - ETA: 0s - loss: 0.0509
12/12 [==============================] - 0s 28ms/step - loss: 0.0517
Epoch 98/300

 1/12 [=>............................] - ETA: 0s - loss: 0.0399
 3/12 [======>.......................] - ETA: 0s - loss: 0.0481
 5/12 [===========>..................] - ETA: 0s - loss: 0.0428
 7/12 [================>.............] - ETA: 0s - loss: 0.0435
 9/12 [=====================>........] - ETA: 0s - loss: 0.0459
11/12 [==========================>...] - ETA: 0s - loss: 0.0453
12/12 [==============================] - 0s 28ms/step - loss: 0.0448
Epoch 99/300

 1/12 [=>............................] - ETA: 0s - loss: 0.0517
 3/12 [======>.......................] - ETA: 0s - loss: 0.0522
 5/12 [===========>..................] - ETA: 0s - loss: 0.0508
 7/12 [================>.............] - ETA: 0s - loss: 0.0522
 9/12 [=====================>........] - ETA: 0s - loss: 0.0498
11/12 [==========================>...] - ETA: 0s - loss: 0.0496
12/12 [==============================] - 0s 28ms/step - loss: 0.0491
Epoch 100/300

 1/12 [=>............................] - ETA: 0s - loss: 0.0419
 3/12 [======>.......................] - ETA: 0s - loss: 0.0462
 5/12 [===========>..................] - ETA: 0s - loss: 0.0441
 7/12 [================>.............] - ETA: 0s - loss: 0.0450
 9/12 [=====================>........] - ETA: 0s - loss: 0.0453
11/12 [==========================>...] - ETA: 0s - loss: 0.0443
12/12 [==============================] - 0s 28ms/step - loss: 0.0446
Epoch 101/300

 1/12 [=>............................] - ETA: 0s - loss: 0.0521
 3/12 [======>.......................] - ETA: 0s - loss: 0.0454
 5/12 [===========>..................] - ETA: 0s - loss: 0.0445
 7/12 [================>.............] - ETA: 0s - loss: 0.0471
 9/12 [=====================>........] - ETA: 0s - loss: 0.0493
11/12 [==========================>...] - ETA: 0s - loss: 0.0482
12/12 [==============================] - 0s 27ms/step - loss: 0.0479
Epoch 102/300

 1/12 [=>............................] - ETA: 0s - loss: 0.0593
 3/12 [======>.......................] - ETA: 0s - loss: 0.0533
 5/12 [===========>..................] - ETA: 0s - loss: 0.0506
 7/12 [================>.............] - ETA: 0s - loss: 0.0535
 9/12 [=====================>........] - ETA: 0s - loss: 0.0525
11/12 [==========================>...] - ETA: 0s - loss: 0.0517
12/12 [==============================] - 0s 28ms/step - loss: 0.0510
Epoch 103/300

 1/12 [=>............................] - ETA: 0s - loss: 0.0433
 3/12 [======>.......................] - ETA: 0s - loss: 0.0363
 5/12 [===========>..................] - ETA: 0s - loss: 0.0446
 7/12 [================>.............] - ETA: 0s - loss: 0.0436
 9/12 [=====================>........] - ETA: 0s - loss: 0.0431
11/12 [==========================>...] - ETA: 0s - loss: 0.0458
12/12 [==============================] - 0s 28ms/step - loss: 0.0455
Epoch 104/300

 1/12 [=>............................] - ETA: 0s - loss: 0.0534
 3/12 [======>.......................] - ETA: 0s - loss: 0.0527
 5/12 [===========>..................] - ETA: 0s - loss: 0.0483
 7/12 [================>.............] - ETA: 0s - loss: 0.0498
 9/12 [=====================>........] - ETA: 0s - loss: 0.0511
11/12 [==========================>...] - ETA: 0s - loss: 0.0508
12/12 [==============================] - 0s 27ms/step - loss: 0.0508
Epoch 105/300

 1/12 [=>............................] - ETA: 0s - loss: 0.0504
 3/12 [======>.......................] - ETA: 0s - loss: 0.0442
 5/12 [===========>..................] - ETA: 0s - loss: 0.0461
 7/12 [================>.............] - ETA: 0s - loss: 0.0495
 9/12 [=====================>........] - ETA: 0s - loss: 0.0488
11/12 [==========================>...] - ETA: 0s - loss: 0.0492
12/12 [==============================] - 0s 27ms/step - loss: 0.0493
Epoch 106/300

 1/12 [=>............................] - ETA: 0s - loss: 0.0431
 3/12 [======>.......................] - ETA: 0s - loss: 0.0497
 5/12 [===========>..................] - ETA: 0s - loss: 0.0494
 7/12 [================>.............] - ETA: 0s - loss: 0.0486
 9/12 [=====================>........] - ETA: 0s - loss: 0.0464
11/12 [==========================>...] - ETA: 0s - loss: 0.0462
12/12 [==============================] - 0s 28ms/step - loss: 0.0460
Epoch 107/300

 1/12 [=>............................] - ETA: 0s - loss: 0.0449
 3/12 [======>.......................] - ETA: 0s - loss: 0.0438
 5/12 [===========>..................] - ETA: 0s - loss: 0.0438
 7/12 [================>.............] - ETA: 0s - loss: 0.0456
 9/12 [=====================>........] - ETA: 0s - loss: 0.0480
11/12 [==========================>...] - ETA: 0s - loss: 0.0484
12/12 [==============================] - 0s 28ms/step - loss: 0.0479
Epoch 108/300

 1/12 [=>............................] - ETA: 0s - loss: 0.0359
 3/12 [======>.......................] - ETA: 0s - loss: 0.0501
 5/12 [===========>..................] - ETA: 0s - loss: 0.0452
 7/12 [================>.............] - ETA: 0s - loss: 0.0444
 9/12 [=====================>........] - ETA: 0s - loss: 0.0447
11/12 [==========================>...] - ETA: 0s - loss: 0.0461
12/12 [==============================] - 0s 28ms/step - loss: 0.0463
Epoch 109/300

 1/12 [=>............................] - ETA: 0s - loss: 0.0689
 3/12 [======>.......................] - ETA: 0s - loss: 0.0598
 5/12 [===========>..................] - ETA: 0s - loss: 0.0499
 7/12 [================>.............] - ETA: 0s - loss: 0.0525
 9/12 [=====================>........] - ETA: 0s - loss: 0.0502
11/12 [==========================>...] - ETA: 0s - loss: 0.0496
12/12 [==============================] - 0s 28ms/step - loss: 0.0495
Epoch 110/300

 1/12 [=>............................] - ETA: 0s - loss: 0.0534
 3/12 [======>.......................] - ETA: 0s - loss: 0.0439
 5/12 [===========>..................] - ETA: 0s - loss: 0.0409
 7/12 [================>.............] - ETA: 0s - loss: 0.0456
 9/12 [=====================>........] - ETA: 0s - loss: 0.0453
11/12 [==========================>...] - ETA: 0s - loss: 0.0460
12/12 [==============================] - 0s 28ms/step - loss: 0.0460
Epoch 111/300

 1/12 [=>............................] - ETA: 0s - loss: 0.0436
 3/12 [======>.......................] - ETA: 0s - loss: 0.0457
 5/12 [===========>..................] - ETA: 0s - loss: 0.0491
 7/12 [================>.............] - ETA: 0s - loss: 0.0484
 9/12 [=====================>........] - ETA: 0s - loss: 0.0473
11/12 [==========================>...] - ETA: 0s - loss: 0.0476
12/12 [==============================] - 0s 28ms/step - loss: 0.0478
Epoch 112/300

 1/12 [=>............................] - ETA: 0s - loss: 0.0369
 3/12 [======>.......................] - ETA: 0s - loss: 0.0434
 5/12 [===========>..................] - ETA: 0s - loss: 0.0462
 7/12 [================>.............] - ETA: 0s - loss: 0.0444
 9/12 [=====================>........] - ETA: 0s - loss: 0.0427
11/12 [==========================>...] - ETA: 0s - loss: 0.0438
12/12 [==============================] - 0s 29ms/step - loss: 0.0435
Epoch 113/300

 1/12 [=>............................] - ETA: 0s - loss: 0.0517
 3/12 [======>.......................] - ETA: 0s - loss: 0.0513
 5/12 [===========>..................] - ETA: 0s - loss: 0.0538
 7/12 [================>.............] - ETA: 0s - loss: 0.0502
 9/12 [=====================>........] - ETA: 0s - loss: 0.0507
11/12 [==========================>...] - ETA: 0s - loss: 0.0480
12/12 [==============================] - 0s 29ms/step - loss: 0.0475
Epoch 114/300

 1/12 [=>............................] - ETA: 0s - loss: 0.0464
 3/12 [======>.......................] - ETA: 0s - loss: 0.0461
 5/12 [===========>..................] - ETA: 0s - loss: 0.0435
 7/12 [================>.............] - ETA: 0s - loss: 0.0450
 9/12 [=====================>........] - ETA: 0s - loss: 0.0439
11/12 [==========================>...] - ETA: 0s - loss: 0.0453
12/12 [==============================] - 0s 30ms/step - loss: 0.0456
Epoch 115/300

 1/12 [=>............................] - ETA: 0s - loss: 0.0348
 3/12 [======>.......................] - ETA: 0s - loss: 0.0489
 5/12 [===========>..................] - ETA: 0s - loss: 0.0463
 7/12 [================>.............] - ETA: 0s - loss: 0.0460
 9/12 [=====================>........] - ETA: 0s - loss: 0.0457
11/12 [==========================>...] - ETA: 0s - loss: 0.0462
12/12 [==============================] - 0s 28ms/step - loss: 0.0462
Epoch 116/300

 1/12 [=>............................] - ETA: 0s - loss: 0.0492
 3/12 [======>.......................] - ETA: 0s - loss: 0.0481
 5/12 [===========>..................] - ETA: 0s - loss: 0.0510
 7/12 [================>.............] - ETA: 0s - loss: 0.0514
 9/12 [=====================>........] - ETA: 0s - loss: 0.0511
11/12 [==========================>...] - ETA: 0s - loss: 0.0506
12/12 [==============================] - 0s 27ms/step - loss: 0.0515
Epoch 117/300

 1/12 [=>............................] - ETA: 0s - loss: 0.0402
 3/12 [======>.......................] - ETA: 0s - loss: 0.0411
 5/12 [===========>..................] - ETA: 0s - loss: 0.0379
 7/12 [================>.............] - ETA: 0s - loss: 0.0398
 9/12 [=====================>........] - ETA: 0s - loss: 0.0412
11/12 [==========================>...] - ETA: 0s - loss: 0.0400
12/12 [==============================] - 0s 28ms/step - loss: 0.0402
Epoch 118/300

 1/12 [=>............................] - ETA: 0s - loss: 0.0513
 3/12 [======>.......................] - ETA: 0s - loss: 0.0432
 5/12 [===========>..................] - ETA: 0s - loss: 0.0463
 7/12 [================>.............] - ETA: 0s - loss: 0.0431
 9/12 [=====================>........] - ETA: 0s - loss: 0.0438
11/12 [==========================>...] - ETA: 0s - loss: 0.0437
12/12 [==============================] - 0s 30ms/step - loss: 0.0437
Epoch 119/300

 1/12 [=>............................] - ETA: 0s - loss: 0.0594
 3/12 [======>.......................] - ETA: 0s - loss: 0.0522
 5/12 [===========>..................] - ETA: 0s - loss: 0.0542
 7/12 [================>.............] - ETA: 0s - loss: 0.0509
 9/12 [=====================>........] - ETA: 0s - loss: 0.0480
11/12 [==========================>...] - ETA: 0s - loss: 0.0483
12/12 [==============================] - 0s 29ms/step - loss: 0.0483
Epoch 120/300

 1/12 [=>............................] - ETA: 0s - loss: 0.0635
 3/12 [======>.......................] - ETA: 0s - loss: 0.0508
 5/12 [===========>..................] - ETA: 0s - loss: 0.0490
 7/12 [================>.............] - ETA: 0s - loss: 0.0487
 9/12 [=====================>........] - ETA: 0s - loss: 0.0479
11/12 [==========================>...] - ETA: 0s - loss: 0.0477
12/12 [==============================] - 0s 28ms/step - loss: 0.0473
Epoch 121/300

 1/12 [=>............................] - ETA: 0s - loss: 0.0432
 3/12 [======>.......................] - ETA: 0s - loss: 0.0450
 5/12 [===========>..................] - ETA: 0s - loss: 0.0451
 7/12 [================>.............] - ETA: 0s - loss: 0.0441
 9/12 [=====================>........] - ETA: 0s - loss: 0.0436
11/12 [==========================>...] - ETA: 0s - loss: 0.0459
12/12 [==============================] - 0s 29ms/step - loss: 0.0458
Epoch 122/300

 1/12 [=>............................] - ETA: 0s - loss: 0.0406
 3/12 [======>.......................] - ETA: 0s - loss: 0.0475
 5/12 [===========>..................] - ETA: 0s - loss: 0.0479
 7/12 [================>.............] - ETA: 0s - loss: 0.0452
 9/12 [=====================>........] - ETA: 0s - loss: 0.0501
11/12 [==========================>...] - ETA: 0s - loss: 0.0500
12/12 [==============================] - 0s 27ms/step - loss: 0.0502
Epoch 123/300

 1/12 [=>............................] - ETA: 0s - loss: 0.0418
 3/12 [======>.......................] - ETA: 0s - loss: 0.0443
 5/12 [===========>..................] - ETA: 0s - loss: 0.0425
 7/12 [================>.............] - ETA: 0s - loss: 0.0395
 9/12 [=====================>........] - ETA: 0s - loss: 0.0413
11/12 [==========================>...] - ETA: 0s - loss: 0.0410
12/12 [==============================] - 0s 28ms/step - loss: 0.0406
Epoch 124/300

 1/12 [=>............................] - ETA: 0s - loss: 0.0482
 3/12 [======>.......................] - ETA: 0s - loss: 0.0420
 5/12 [===========>..................] - ETA: 0s - loss: 0.0424
 7/12 [================>.............] - ETA: 0s - loss: 0.0426
 9/12 [=====================>........] - ETA: 0s - loss: 0.0418
11/12 [==========================>...] - ETA: 0s - loss: 0.0443
12/12 [==============================] - 0s 28ms/step - loss: 0.0440
Epoch 125/300

 1/12 [=>............................] - ETA: 0s - loss: 0.0605
 3/12 [======>.......................] - ETA: 0s - loss: 0.0483
 5/12 [===========>..................] - ETA: 0s - loss: 0.0457
 7/12 [================>.............] - ETA: 0s - loss: 0.0438
 9/12 [=====================>........] - ETA: 0s - loss: 0.0436
11/12 [==========================>...] - ETA: 0s - loss: 0.0446
12/12 [==============================] - 0s 28ms/step - loss: 0.0440
Epoch 126/300

 1/12 [=>............................] - ETA: 0s - loss: 0.0479
 3/12 [======>.......................] - ETA: 0s - loss: 0.0418
 5/12 [===========>..................] - ETA: 0s - loss: 0.0404
 7/12 [================>.............] - ETA: 0s - loss: 0.0426
 9/12 [=====================>........] - ETA: 0s - loss: 0.0426
11/12 [==========================>...] - ETA: 0s - loss: 0.0440
12/12 [==============================] - 0s 28ms/step - loss: 0.0439
Epoch 127/300

 1/12 [=>............................] - ETA: 0s - loss: 0.0488
 3/12 [======>.......................] - ETA: 0s - loss: 0.0533
 5/12 [===========>..................] - ETA: 0s - loss: 0.0455
 7/12 [================>.............] - ETA: 0s - loss: 0.0462
 9/12 [=====================>........] - ETA: 0s - loss: 0.0456
11/12 [==========================>...] - ETA: 0s - loss: 0.0468
12/12 [==============================] - 0s 28ms/step - loss: 0.0467
Epoch 128/300

 1/12 [=>............................] - ETA: 0s - loss: 0.0400
 3/12 [======>.......................] - ETA: 0s - loss: 0.0442
 5/12 [===========>..................] - ETA: 0s - loss: 0.0418
 7/12 [================>.............] - ETA: 0s - loss: 0.0389
 9/12 [=====================>........] - ETA: 0s - loss: 0.0409
11/12 [==========================>...] - ETA: 0s - loss: 0.0405
12/12 [==============================] - 0s 27ms/step - loss: 0.0406
Epoch 129/300

 1/12 [=>............................] - ETA: 0s - loss: 0.0426
 3/12 [======>.......................] - ETA: 0s - loss: 0.0459
 5/12 [===========>..................] - ETA: 0s - loss: 0.0456
 7/12 [================>.............] - ETA: 0s - loss: 0.0447
 9/12 [=====================>........] - ETA: 0s - loss: 0.0422
11/12 [==========================>...] - ETA: 0s - loss: 0.0425
12/12 [==============================] - 0s 28ms/step - loss: 0.0421
Epoch 130/300

 1/12 [=>............................] - ETA: 0s - loss: 0.0381
 3/12 [======>.......................] - ETA: 0s - loss: 0.0353
 5/12 [===========>..................] - ETA: 0s - loss: 0.0348
 7/12 [================>.............] - ETA: 0s - loss: 0.0370
 9/12 [=====================>........] - ETA: 0s - loss: 0.0386
11/12 [==========================>...] - ETA: 0s - loss: 0.0408
12/12 [==============================] - 0s 28ms/step - loss: 0.0413
Epoch 131/300

 1/12 [=>............................] - ETA: 0s - loss: 0.0399
 3/12 [======>.......................] - ETA: 0s - loss: 0.0385
 5/12 [===========>..................] - ETA: 0s - loss: 0.0422
 7/12 [================>.............] - ETA: 0s - loss: 0.0447
 9/12 [=====================>........] - ETA: 0s - loss: 0.0444
11/12 [==========================>...] - ETA: 0s - loss: 0.0463
12/12 [==============================] - 0s 28ms/step - loss: 0.0460
Epoch 132/300

 1/12 [=>............................] - ETA: 0s - loss: 0.0376
 3/12 [======>.......................] - ETA: 0s - loss: 0.0425
 5/12 [===========>..................] - ETA: 0s - loss: 0.0424
 7/12 [================>.............] - ETA: 0s - loss: 0.0438
 9/12 [=====================>........] - ETA: 0s - loss: 0.0447
11/12 [==========================>...] - ETA: 0s - loss: 0.0438
12/12 [==============================] - 0s 28ms/step - loss: 0.0434
Epoch 133/300

 1/12 [=>............................] - ETA: 0s - loss: 0.0527
 3/12 [======>.......................] - ETA: 0s - loss: 0.0540
 5/12 [===========>..................] - ETA: 0s - loss: 0.0516
 7/12 [================>.............] - ETA: 0s - loss: 0.0462
 9/12 [=====================>........] - ETA: 0s - loss: 0.0461
11/12 [==========================>...] - ETA: 0s - loss: 0.0465
12/12 [==============================] - 0s 28ms/step - loss: 0.0472
Epoch 134/300

 1/12 [=>............................] - ETA: 0s - loss: 0.0436
 3/12 [======>.......................] - ETA: 0s - loss: 0.0454
 5/12 [===========>..................] - ETA: 0s - loss: 0.0429
 7/12 [================>.............] - ETA: 0s - loss: 0.0422
 9/12 [=====================>........] - ETA: 0s - loss: 0.0425
11/12 [==========================>...] - ETA: 0s - loss: 0.0436
12/12 [==============================] - 0s 27ms/step - loss: 0.0432
Epoch 135/300

 1/12 [=>............................] - ETA: 0s - loss: 0.0469
 3/12 [======>.......................] - ETA: 0s - loss: 0.0481
 5/12 [===========>..................] - ETA: 0s - loss: 0.0456
 7/12 [================>.............] - ETA: 0s - loss: 0.0440
 9/12 [=====================>........] - ETA: 0s - loss: 0.0437
11/12 [==========================>...] - ETA: 0s - loss: 0.0439
12/12 [==============================] - 0s 28ms/step - loss: 0.0443
Epoch 136/300

 1/12 [=>............................] - ETA: 0s - loss: 0.0383
 3/12 [======>.......................] - ETA: 0s - loss: 0.0409
 5/12 [===========>..................] - ETA: 0s - loss: 0.0428
 7/12 [================>.............] - ETA: 0s - loss: 0.0437
 9/12 [=====================>........] - ETA: 0s - loss: 0.0428
11/12 [==========================>...] - ETA: 0s - loss: 0.0434
12/12 [==============================] - 0s 28ms/step - loss: 0.0429
Epoch 137/300

 1/12 [=>............................] - ETA: 0s - loss: 0.0354
 3/12 [======>.......................] - ETA: 0s - loss: 0.0451
 5/12 [===========>..................] - ETA: 0s - loss: 0.0440
 7/12 [================>.............] - ETA: 0s - loss: 0.0432
 9/12 [=====================>........] - ETA: 0s - loss: 0.0423
11/12 [==========================>...] - ETA: 0s - loss: 0.0429
12/12 [==============================] - 0s 27ms/step - loss: 0.0427
Epoch 137: early stopping

 1/12 [=>............................] - ETA: 6s
 9/12 [=====================>........] - ETA: 0s
12/12 [==============================] - 1s 7ms/step
指標 CSV を保存: C:\Users\Casper4\Python\ueki\shibasaki\研究\Pool_boiling\Subcooling_20_degrees\0.3\2025.06.18_0.3_3\regression_result\npy\conformer\20260702_cfa\heatflux_no_noise\maxfreq=22kHz\e300_t28d128k15b3_conformer\metrics_summary_no_noise.csv
tuning summary saved: C:\Users\Casper4\Python\ueki\shibasaki\研究\Pool_boiling\Subcooling_20_degrees\0.3\2025.06.18_0.3_3\regression_result\npy\conformer\20260702_cfa\tuning_summary.csv
parameter_set=t56d64k15b2 | model_params={'conformer': {'lr': 0.0001, 'batch_size': 64, 'early_stopping': True, 'builder_params': {'model_dim': 64, 'attention_key_dim': 16, 'num_heads': 4, 'ff_dim': 256, 'num_conformer_blocks': 2, 'conv_kernel_size': 15, 'dropout': 0.25, 'time_reduction': 4, 'frontend_filters': [32, 64, 96, 96, 96]}, 'input_axes_assumption': ['time_frame', 'frequency_bin', 'channel'], 'architecture': {'front_end': 'alexnet_like_cnn_with_configurable_time_reduction', 'sequence_length_after_cnn': '224 / time_reduction', 'encoder': 'conformer_block', 'model_dim': 256, 'attention_key_dim': 64, 'num_heads': 4, 'ff_dim': 2048, 'conv_kernel_size': 31, 'pooling': 'AttentionPooling'}}}
run_dir=e300_t56d64k15b2_conformer
  params for conformer: lr=0.0001, batch_size=64
[Conformer] Fold 1/3 学習開始
Epoch 1/300

 1/12 [=>............................] - ETA: 41s - loss: 0.1933
 3/12 [======>.......................] - ETA: 0s - loss: 0.2656 
 6/12 [==============>...............] - ETA: 0s - loss: 0.2459
 9/12 [=====================>........] - ETA: 0s - loss: 0.2227
12/12 [==============================] - ETA: 0s - loss: 0.2021
12/12 [==============================] - 4s 27ms/step - loss: 0.2021
Epoch 2/300

 1/12 [=>............................] - ETA: 0s - loss: 0.0975
 3/12 [======>.......................] - ETA: 0s - loss: 0.0872
 6/12 [==============>...............] - ETA: 0s - loss: 0.0888
 9/12 [=====================>........] - ETA: 0s - loss: 0.0880
12/12 [==============================] - ETA: 0s - loss: 0.0878
12/12 [==============================] - 0s 25ms/step - loss: 0.0878
Epoch 3/300

 1/12 [=>............................] - ETA: 0s - loss: 0.0850
 3/12 [======>.......................] - ETA: 0s - loss: 0.0761
 6/12 [==============>...............] - ETA: 0s - loss: 0.0722
 9/12 [=====================>........] - ETA: 0s - loss: 0.0691
12/12 [==============================] - ETA: 0s - loss: 0.0680
12/12 [==============================] - 0s 24ms/step - loss: 0.0680
Epoch 4/300

 1/12 [=>............................] - ETA: 0s - loss: 0.0740
 3/12 [======>.......................] - ETA: 0s - loss: 0.0675
 5/12 [===========>..................] - ETA: 0s - loss: 0.0642
 8/12 [===================>..........] - ETA: 0s - loss: 0.0632
11/12 [==========================>...] - ETA: 0s - loss: 0.0615
12/12 [==============================] - 0s 24ms/step - loss: 0.0626
Epoch 5/300

 1/12 [=>............................] - ETA: 0s - loss: 0.0740
 3/12 [======>.......................] - ETA: 0s - loss: 0.0614
 6/12 [==============>...............] - ETA: 0s - loss: 0.0591
 9/12 [=====================>........] - ETA: 0s - loss: 0.0577
11/12 [==========================>...] - ETA: 0s - loss: 0.0566
12/12 [==============================] - 0s 25ms/step - loss: 0.0566
Epoch 6/300

 1/12 [=>............................] - ETA: 0s - loss: 0.0468
 3/12 [======>.......................] - ETA: 0s - loss: 0.0603
 6/12 [==============>...............] - ETA: 0s - loss: 0.0605
 9/12 [=====================>........] - ETA: 0s - loss: 0.0583
12/12 [==============================] - ETA: 0s - loss: 0.0585
12/12 [==============================] - 0s 24ms/step - loss: 0.0585
Epoch 7/300

 1/12 [=>............................] - ETA: 0s - loss: 0.0543
 3/12 [======>.......................] - ETA: 0s - loss: 0.0545
 6/12 [==============>...............] - ETA: 0s - loss: 0.0543
 8/12 [===================>..........] - ETA: 0s - loss: 0.0557
10/12 [========================>.....] - ETA: 0s - loss: 0.0551
12/12 [==============================] - 0s 24ms/step - loss: 0.0544
Epoch 8/300

 1/12 [=>............................] - ETA: 0s - loss: 0.0501
 3/12 [======>.......................] - ETA: 0s - loss: 0.0496
 5/12 [===========>..................] - ETA: 0s - loss: 0.0532
 8/12 [===================>..........] - ETA: 0s - loss: 0.0510
10/12 [========================>.....] - ETA: 0s - loss: 0.0492
12/12 [==============================] - 0s 25ms/step - loss: 0.0492
Epoch 9/300

 1/12 [=>............................] - ETA: 0s - loss: 0.0638
 3/12 [======>.......................] - ETA: 0s - loss: 0.0553
 5/12 [===========>..................] - ETA: 0s - loss: 0.0507
 7/12 [================>.............] - ETA: 0s - loss: 0.0527
 9/12 [=====================>........] - ETA: 0s - loss: 0.0544
11/12 [==========================>...] - ETA: 0s - loss: 0.0535
12/12 [==============================] - 0s 25ms/step - loss: 0.0530
Epoch 10/300

 1/12 [=>............................] - ETA: 0s - loss: 0.0516
 3/12 [======>.......................] - ETA: 0s - loss: 0.0508
 5/12 [===========>..................] - ETA: 0s - loss: 0.0520
 7/12 [================>.............] - ETA: 0s - loss: 0.0542
 9/12 [=====================>........] - ETA: 0s - loss: 0.0539
11/12 [==========================>...] - ETA: 0s - loss: 0.0540
12/12 [==============================] - 0s 26ms/step - loss: 0.0540
Epoch 11/300

 1/12 [=>............................] - ETA: 0s - loss: 0.0747
 3/12 [======>.......................] - ETA: 0s - loss: 0.0553
 6/12 [==============>...............] - ETA: 0s - loss: 0.0576
 8/12 [===================>..........] - ETA: 0s - loss: 0.0576
10/12 [========================>.....] - ETA: 0s - loss: 0.0559
12/12 [==============================] - 0s 25ms/step - loss: 0.0568
Epoch 12/300

 1/12 [=>............................] - ETA: 0s - loss: 0.0581
 4/12 [=========>....................] - ETA: 0s - loss: 0.0505
 7/12 [================>.............] - ETA: 0s - loss: 0.0516
10/12 [========================>.....] - ETA: 0s - loss: 0.0525
12/12 [==============================] - 0s 24ms/step - loss: 0.0518
Epoch 13/300

 1/12 [=>............................] - ETA: 0s - loss: 0.0532
 4/12 [=========>....................] - ETA: 0s - loss: 0.0547
 6/12 [==============>...............] - ETA: 0s - loss: 0.0576
 8/12 [===================>..........] - ETA: 0s - loss: 0.0547
11/12 [==========================>...] - ETA: 0s - loss: 0.0544
12/12 [==============================] - 0s 24ms/step - loss: 0.0544
Epoch 14/300

 1/12 [=>............................] - ETA: 0s - loss: 0.0432
 4/12 [=========>....................] - ETA: 0s - loss: 0.0538
 6/12 [==============>...............] - ETA: 0s - loss: 0.0491
 9/12 [=====================>........] - ETA: 0s - loss: 0.0517
12/12 [==============================] - ETA: 0s - loss: 0.0509
12/12 [==============================] - 0s 24ms/step - loss: 0.0509
Epoch 15/300

 1/12 [=>............................] - ETA: 0s - loss: 0.0682
 4/12 [=========>....................] - ETA: 0s - loss: 0.0524
 7/12 [================>.............] - ETA: 0s - loss: 0.0519
10/12 [========================>.....] - ETA: 0s - loss: 0.0541
12/12 [==============================] - 0s 24ms/step - loss: 0.0526
Epoch 16/300

 1/12 [=>............................] - ETA: 0s - loss: 0.0493
 4/12 [=========>....................] - ETA: 0s - loss: 0.0499
 7/12 [================>.............] - ETA: 0s - loss: 0.0500
10/12 [========================>.....] - ETA: 0s - loss: 0.0496
12/12 [==============================] - 0s 24ms/step - loss: 0.0506
Epoch 17/300

 1/12 [=>............................] - ETA: 0s - loss: 0.0400
 4/12 [=========>....................] - ETA: 0s - loss: 0.0433
 6/12 [==============>...............] - ETA: 0s - loss: 0.0444
 8/12 [===================>..........] - ETA: 0s - loss: 0.0492
10/12 [========================>.....] - ETA: 0s - loss: 0.0515
12/12 [==============================] - 0s 24ms/step - loss: 0.0525
Epoch 18/300

 1/12 [=>............................] - ETA: 0s - loss: 0.0572
 4/12 [=========>....................] - ETA: 0s - loss: 0.0449
 6/12 [==============>...............] - ETA: 0s - loss: 0.0469
 8/12 [===================>..........] - ETA: 0s - loss: 0.0472
11/12 [==========================>...] - ETA: 0s - loss: 0.0464
12/12 [==============================] - 0s 24ms/step - loss: 0.0463
Epoch 19/300

 1/12 [=>............................] - ETA: 0s - loss: 0.0418
 3/12 [======>.......................] - ETA: 0s - loss: 0.0459
 6/12 [==============>...............] - ETA: 0s - loss: 0.0495
 8/12 [===================>..........] - ETA: 0s - loss: 0.0497
11/12 [==========================>...] - ETA: 0s - loss: 0.0489
12/12 [==============================] - 0s 24ms/step - loss: 0.0489
Epoch 20/300

 1/12 [=>............................] - ETA: 0s - loss: 0.0453
 4/12 [=========>....................] - ETA: 0s - loss: 0.0546
 7/12 [================>.............] - ETA: 0s - loss: 0.0519
 9/12 [=====================>........] - ETA: 0s - loss: 0.0499
12/12 [==============================] - ETA: 0s - loss: 0.0482
12/12 [==============================] - 0s 24ms/step - loss: 0.0482
Epoch 21/300

 1/12 [=>............................] - ETA: 0s - loss: 0.0485
 3/12 [======>.......................] - ETA: 0s - loss: 0.0488
 6/12 [==============>...............] - ETA: 0s - loss: 0.0464
 9/12 [=====================>........] - ETA: 0s - loss: 0.0469
11/12 [==========================>...] - ETA: 0s - loss: 0.0469
12/12 [==============================] - 0s 24ms/step - loss: 0.0470
Epoch 22/300

 1/12 [=>............................] - ETA: 0s - loss: 0.0561
 3/12 [======>.......................] - ETA: 0s - loss: 0.0547
 5/12 [===========>..................] - ETA: 0s - loss: 0.0504
 8/12 [===================>..........] - ETA: 0s - loss: 0.0509
11/12 [==========================>...] - ETA: 0s - loss: 0.0500
12/12 [==============================] - 0s 24ms/step - loss: 0.0503
Epoch 23/300

 1/12 [=>............................] - ETA: 0s - loss: 0.0369
 4/12 [=========>....................] - ETA: 0s - loss: 0.0384
 7/12 [================>.............] - ETA: 0s - loss: 0.0419
10/12 [========================>.....] - ETA: 0s - loss: 0.0439
12/12 [==============================] - 0s 24ms/step - loss: 0.0447
Epoch 24/300

 1/12 [=>............................] - ETA: 0s - loss: 0.0566
 4/12 [=========>....................] - ETA: 0s - loss: 0.0480
 7/12 [================>.............] - ETA: 0s - loss: 0.0468
 9/12 [=====================>........] - ETA: 0s - loss: 0.0501
11/12 [==========================>...] - ETA: 0s - loss: 0.0490
12/12 [==============================] - 0s 24ms/step - loss: 0.0493
Epoch 25/300

 1/12 [=>............................] - ETA: 0s - loss: 0.0419
 4/12 [=========>....................] - ETA: 0s - loss: 0.0448
 6/12 [==============>...............] - ETA: 0s - loss: 0.0474
 9/12 [=====================>........] - ETA: 0s - loss: 0.0487
12/12 [==============================] - ETA: 0s - loss: 0.0488
12/12 [==============================] - 0s 24ms/step - loss: 0.0488
Epoch 26/300

 1/12 [=>............................] - ETA: 0s - loss: 0.0466
 4/12 [=========>....................] - ETA: 0s - loss: 0.0512
 7/12 [================>.............] - ETA: 0s - loss: 0.0462
10/12 [========================>.....] - ETA: 0s - loss: 0.0454
12/12 [==============================] - 0s 24ms/step - loss: 0.0484
Epoch 27/300

 1/12 [=>............................] - ETA: 0s - loss: 0.0348
 3/12 [======>.......................] - ETA: 0s - loss: 0.0393
 6/12 [==============>...............] - ETA: 0s - loss: 0.0448
 9/12 [=====================>........] - ETA: 0s - loss: 0.0475
12/12 [==============================] - ETA: 0s - loss: 0.0455
12/12 [==============================] - 0s 24ms/step - loss: 0.0455
Epoch 28/300

 1/12 [=>............................] - ETA: 0s - loss: 0.0408
 3/12 [======>.......................] - ETA: 0s - loss: 0.0429
 5/12 [===========>..................] - ETA: 0s - loss: 0.0460
 8/12 [===================>..........] - ETA: 0s - loss: 0.0471
11/12 [==========================>...] - ETA: 0s - loss: 0.0466
12/12 [==============================] - 0s 25ms/step - loss: 0.0474
Epoch 29/300

 1/12 [=>............................] - ETA: 0s - loss: 0.0675
 3/12 [======>.......................] - ETA: 0s - loss: 0.0572
 6/12 [==============>...............] - ETA: 0s - loss: 0.0517
 8/12 [===================>..........] - ETA: 0s - loss: 0.0512
10/12 [========================>.....] - ETA: 0s - loss: 0.0495
12/12 [==============================] - 0s 25ms/step - loss: 0.0505
Epoch 30/300

 1/12 [=>............................] - ETA: 0s - loss: 0.0420
 4/12 [=========>....................] - ETA: 0s - loss: 0.0445
 7/12 [================>.............] - ETA: 0s - loss: 0.0457
 9/12 [=====================>........] - ETA: 0s - loss: 0.0456
12/12 [==============================] - ETA: 0s - loss: 0.0466
12/12 [==============================] - 0s 24ms/step - loss: 0.0466
Epoch 31/300

 1/12 [=>............................] - ETA: 0s - loss: 0.0432
 4/12 [=========>....................] - ETA: 0s - loss: 0.0446
 6/12 [==============>...............] - ETA: 0s - loss: 0.0455
 8/12 [===================>..........] - ETA: 0s - loss: 0.0447
11/12 [==========================>...] - ETA: 0s - loss: 0.0453
12/12 [==============================] - 0s 25ms/step - loss: 0.0448
Epoch 32/300

 1/12 [=>............................] - ETA: 0s - loss: 0.0443
 4/12 [=========>....................] - ETA: 0s - loss: 0.0482
 7/12 [================>.............] - ETA: 0s - loss: 0.0463
10/12 [========================>.....] - ETA: 0s - loss: 0.0475
12/12 [==============================] - 0s 24ms/step - loss: 0.0478
Epoch 33/300

 1/12 [=>............................] - ETA: 0s - loss: 0.0529
 4/12 [=========>....................] - ETA: 0s - loss: 0.0501
 6/12 [==============>...............] - ETA: 0s - loss: 0.0462
 9/12 [=====================>........] - ETA: 0s - loss: 0.0462
11/12 [==========================>...] - ETA: 0s - loss: 0.0463
12/12 [==============================] - 0s 24ms/step - loss: 0.0457
Epoch 34/300

 1/12 [=>............................] - ETA: 0s - loss: 0.0436
 4/12 [=========>....................] - ETA: 0s - loss: 0.0458
 6/12 [==============>...............] - ETA: 0s - loss: 0.0504
 9/12 [=====================>........] - ETA: 0s - loss: 0.0481
11/12 [==========================>...] - ETA: 0s - loss: 0.0474
12/12 [==============================] - 0s 25ms/step - loss: 0.0476
Epoch 35/300

 1/12 [=>............................] - ETA: 0s - loss: 0.0334
 3/12 [======>.......................] - ETA: 0s - loss: 0.0393
 6/12 [==============>...............] - ETA: 0s - loss: 0.0432
 9/12 [=====================>........] - ETA: 0s - loss: 0.0447
12/12 [==============================] - ETA: 0s - loss: 0.0444
12/12 [==============================] - 0s 24ms/step - loss: 0.0444
Epoch 36/300

 1/12 [=>............................] - ETA: 0s - loss: 0.0398
 4/12 [=========>....................] - ETA: 0s - loss: 0.0405
 7/12 [================>.............] - ETA: 0s - loss: 0.0401
 9/12 [=====================>........] - ETA: 0s - loss: 0.0419
12/12 [==============================] - ETA: 0s - loss: 0.0441
12/12 [==============================] - 0s 24ms/step - loss: 0.0441
Epoch 37/300

 1/12 [=>............................] - ETA: 0s - loss: 0.0371
 4/12 [=========>....................] - ETA: 0s - loss: 0.0456
 7/12 [================>.............] - ETA: 0s - loss: 0.0457
 9/12 [=====================>........] - ETA: 0s - loss: 0.0475
12/12 [==============================] - ETA: 0s - loss: 0.0477
12/12 [==============================] - 0s 25ms/step - loss: 0.0477
Epoch 38/300

 1/12 [=>............................] - ETA: 0s - loss: 0.0538
 3/12 [======>.......................] - ETA: 0s - loss: 0.0510
 5/12 [===========>..................] - ETA: 0s - loss: 0.0490
 8/12 [===================>..........] - ETA: 0s - loss: 0.0506
10/12 [========================>.....] - ETA: 0s - loss: 0.0490
12/12 [==============================] - 0s 24ms/step - loss: 0.0495
Epoch 39/300

 1/12 [=>............................] - ETA: 0s - loss: 0.0545
 4/12 [=========>....................] - ETA: 0s - loss: 0.0506
 7/12 [================>.............] - ETA: 0s - loss: 0.0465
 9/12 [=====================>........] - ETA: 0s - loss: 0.0458
11/12 [==========================>...] - ETA: 0s - loss: 0.0449
12/12 [==============================] - 0s 24ms/step - loss: 0.0454
Epoch 40/300

 1/12 [=>............................] - ETA: 0s - loss: 0.0405
 4/12 [=========>....................] - ETA: 0s - loss: 0.0430
 7/12 [================>.............] - ETA: 0s - loss: 0.0419
10/12 [========================>.....] - ETA: 0s - loss: 0.0437
12/12 [==============================] - 0s 24ms/step - loss: 0.0435
Epoch 41/300

 1/12 [=>............................] - ETA: 0s - loss: 0.0488
 3/12 [======>.......................] - ETA: 0s - loss: 0.0511
 6/12 [==============>...............] - ETA: 0s - loss: 0.0438
 8/12 [===================>..........] - ETA: 0s - loss: 0.0431
10/12 [========================>.....] - ETA: 0s - loss: 0.0435
12/12 [==============================] - 0s 25ms/step - loss: 0.0457
Epoch 42/300

 1/12 [=>............................] - ETA: 0s - loss: 0.0431
 3/12 [======>.......................] - ETA: 0s - loss: 0.0480
 5/12 [===========>..................] - ETA: 0s - loss: 0.0452
 7/12 [================>.............] - ETA: 0s - loss: 0.0445
 9/12 [=====================>........] - ETA: 0s - loss: 0.0456
11/12 [==========================>...] - ETA: 0s - loss: 0.0470
12/12 [==============================] - 0s 26ms/step - loss: 0.0467
Epoch 43/300

 1/12 [=>............................] - ETA: 0s - loss: 0.0421
 3/12 [======>.......................] - ETA: 0s - loss: 0.0461
 5/12 [===========>..................] - ETA: 0s - loss: 0.0422
 7/12 [================>.............] - ETA: 0s - loss: 0.0428
10/12 [========================>.....] - ETA: 0s - loss: 0.0436
12/12 [==============================] - 0s 25ms/step - loss: 0.0437
Epoch 44/300

 1/12 [=>............................] - ETA: 0s - loss: 0.0414
 4/12 [=========>....................] - ETA: 0s - loss: 0.0468
 7/12 [================>.............] - ETA: 0s - loss: 0.0454
10/12 [========================>.....] - ETA: 0s - loss: 0.0455
12/12 [==============================] - 0s 24ms/step - loss: 0.0468
Epoch 45/300

 1/12 [=>............................] - ETA: 0s - loss: 0.0386
 3/12 [======>.......................] - ETA: 0s - loss: 0.0394
 5/12 [===========>..................] - ETA: 0s - loss: 0.0395
 8/12 [===================>..........] - ETA: 0s - loss: 0.0382
10/12 [========================>.....] - ETA: 0s - loss: 0.0389
12/12 [==============================] - 0s 25ms/step - loss: 0.0397
Epoch 46/300

 1/12 [=>............................] - ETA: 0s - loss: 0.0526
 4/12 [=========>....................] - ETA: 0s - loss: 0.0454
 7/12 [================>.............] - ETA: 0s - loss: 0.0459
10/12 [========================>.....] - ETA: 0s - loss: 0.0442
12/12 [==============================] - 0s 24ms/step - loss: 0.0440
Epoch 47/300

 1/12 [=>............................] - ETA: 0s - loss: 0.0387
 3/12 [======>.......................] - ETA: 0s - loss: 0.0448
 6/12 [==============>...............] - ETA: 0s - loss: 0.0469
 8/12 [===================>..........] - ETA: 0s - loss: 0.0484
11/12 [==========================>...] - ETA: 0s - loss: 0.0491
12/12 [==============================] - 0s 25ms/step - loss: 0.0489
Epoch 48/300

 1/12 [=>............................] - ETA: 0s - loss: 0.0495
 4/12 [=========>....................] - ETA: 0s - loss: 0.0400
 6/12 [==============>...............] - ETA: 0s - loss: 0.0420
 9/12 [=====================>........] - ETA: 0s - loss: 0.0435
11/12 [==========================>...] - ETA: 0s - loss: 0.0431
12/12 [==============================] - 0s 24ms/step - loss: 0.0428
Epoch 49/300

 1/12 [=>............................] - ETA: 0s - loss: 0.0480
 3/12 [======>.......................] - ETA: 0s - loss: 0.0451
 6/12 [==============>...............] - ETA: 0s - loss: 0.0436
 8/12 [===================>..........] - ETA: 0s - loss: 0.0442
10/12 [========================>.....] - ETA: 0s - loss: 0.0427
12/12 [==============================] - 0s 24ms/step - loss: 0.0441
Epoch 50/300

 1/12 [=>............................] - ETA: 0s - loss: 0.0531
 4/12 [=========>....................] - ETA: 0s - loss: 0.0517
 7/12 [================>.............] - ETA: 0s - loss: 0.0491
10/12 [========================>.....] - ETA: 0s - loss: 0.0472
12/12 [==============================] - ETA: 0s - loss: 0.0470
12/12 [==============================] - 0s 25ms/step - loss: 0.0470
Epoch 51/300

 1/12 [=>............................] - ETA: 0s - loss: 0.0492
 3/12 [======>.......................] - ETA: 0s - loss: 0.0495
 6/12 [==============>...............] - ETA: 0s - loss: 0.0462
 9/12 [=====================>........] - ETA: 0s - loss: 0.0448
11/12 [==========================>...] - ETA: 0s - loss: 0.0426
12/12 [==============================] - 0s 24ms/step - loss: 0.0426
Epoch 52/300

 1/12 [=>............................] - ETA: 0s - loss: 0.0399
 3/12 [======>.......................] - ETA: 0s - loss: 0.0407
 6/12 [==============>...............] - ETA: 0s - loss: 0.0427
 8/12 [===================>..........] - ETA: 0s - loss: 0.0429
10/12 [========================>.....] - ETA: 0s - loss: 0.0432
12/12 [==============================] - 0s 24ms/step - loss: 0.0425
Epoch 53/300

 1/12 [=>............................] - ETA: 0s - loss: 0.0360
 4/12 [=========>....................] - ETA: 0s - loss: 0.0429
 7/12 [================>.............] - ETA: 0s - loss: 0.0422
10/12 [========================>.....] - ETA: 0s - loss: 0.0419
12/12 [==============================] - 0s 24ms/step - loss: 0.0423
Epoch 54/300

 1/12 [=>............................] - ETA: 0s - loss: 0.0299
 4/12 [=========>....................] - ETA: 0s - loss: 0.0338
 7/12 [================>.............] - ETA: 0s - loss: 0.0355
10/12 [========================>.....] - ETA: 0s - loss: 0.0388
12/12 [==============================] - 0s 24ms/step - loss: 0.0408
Epoch 55/300

 1/12 [=>............................] - ETA: 0s - loss: 0.0359
 4/12 [=========>....................] - ETA: 0s - loss: 0.0400
 6/12 [==============>...............] - ETA: 0s - loss: 0.0420
 9/12 [=====================>........] - ETA: 0s - loss: 0.0435
12/12 [==============================] - ETA: 0s - loss: 0.0427
12/12 [==============================] - 0s 24ms/step - loss: 0.0427
Epoch 56/300

 1/12 [=>............................] - ETA: 0s - loss: 0.0330
 4/12 [=========>....................] - ETA: 0s - loss: 0.0448
 6/12 [==============>...............] - ETA: 0s - loss: 0.0466
 9/12 [=====================>........] - ETA: 0s - loss: 0.0435
12/12 [==============================] - ETA: 0s - loss: 0.0428
12/12 [==============================] - 0s 24ms/step - loss: 0.0428
Epoch 57/300

 1/12 [=>............................] - ETA: 0s - loss: 0.0470
 4/12 [=========>....................] - ETA: 0s - loss: 0.0442
 7/12 [================>.............] - ETA: 0s - loss: 0.0443
10/12 [========================>.....] - ETA: 0s - loss: 0.0450
12/12 [==============================] - 0s 24ms/step - loss: 0.0449
Epoch 58/300

 1/12 [=>............................] - ETA: 0s - loss: 0.0594
 3/12 [======>.......................] - ETA: 0s - loss: 0.0527
 6/12 [==============>...............] - ETA: 0s - loss: 0.0516
 9/12 [=====================>........] - ETA: 0s - loss: 0.0486
11/12 [==========================>...] - ETA: 0s - loss: 0.0477
12/12 [==============================] - 0s 24ms/step - loss: 0.0473
Epoch 59/300

 1/12 [=>............................] - ETA: 0s - loss: 0.0394
 4/12 [=========>....................] - ETA: 0s - loss: 0.0435
 7/12 [================>.............] - ETA: 0s - loss: 0.0472
10/12 [========================>.....] - ETA: 0s - loss: 0.0468
12/12 [==============================] - 0s 24ms/step - loss: 0.0487
Epoch 60/300

 1/12 [=>............................] - ETA: 0s - loss: 0.0410
 4/12 [=========>....................] - ETA: 0s - loss: 0.0475
 7/12 [================>.............] - ETA: 0s - loss: 0.0456
10/12 [========================>.....] - ETA: 0s - loss: 0.0465
12/12 [==============================] - 0s 24ms/step - loss: 0.0445
Epoch 61/300

 1/12 [=>............................] - ETA: 0s - loss: 0.0413
 4/12 [=========>....................] - ETA: 0s - loss: 0.0405
 7/12 [================>.............] - ETA: 0s - loss: 0.0402
10/12 [========================>.....] - ETA: 0s - loss: 0.0407
12/12 [==============================] - 0s 24ms/step - loss: 0.0408
Epoch 62/300

 1/12 [=>............................] - ETA: 0s - loss: 0.0587
 4/12 [=========>....................] - ETA: 0s - loss: 0.0488
 7/12 [================>.............] - ETA: 0s - loss: 0.0468
10/12 [========================>.....] - ETA: 0s - loss: 0.0455
12/12 [==============================] - 0s 25ms/step - loss: 0.0449
Epoch 63/300

 1/12 [=>............................] - ETA: 0s - loss: 0.0406
 4/12 [=========>....................] - ETA: 0s - loss: 0.0425
 7/12 [================>.............] - ETA: 0s - loss: 0.0393
 9/12 [=====================>........] - ETA: 0s - loss: 0.0388
11/12 [==========================>...] - ETA: 0s - loss: 0.0406
12/12 [==============================] - 0s 24ms/step - loss: 0.0409
Epoch 64/300

 1/12 [=>............................] - ETA: 0s - loss: 0.0418
 3/12 [======>.......................] - ETA: 0s - loss: 0.0374
 5/12 [===========>..................] - ETA: 0s - loss: 0.0382
 7/12 [================>.............] - ETA: 0s - loss: 0.0407
 9/12 [=====================>........] - ETA: 0s - loss: 0.0421
12/12 [==============================] - ETA: 0s - loss: 0.0424
12/12 [==============================] - 0s 25ms/step - loss: 0.0424
Epoch 65/300

 1/12 [=>............................] - ETA: 0s - loss: 0.0510
 3/12 [======>.......................] - ETA: 0s - loss: 0.0383
 5/12 [===========>..................] - ETA: 0s - loss: 0.0401
 8/12 [===================>..........] - ETA: 0s - loss: 0.0421
10/12 [========================>.....] - ETA: 0s - loss: 0.0406
12/12 [==============================] - 0s 25ms/step - loss: 0.0402
Epoch 65: early stopping

 1/12 [=>............................] - ETA: 5s
11/12 [==========================>...] - ETA: 0s
12/12 [==============================] - 1s 5ms/step
  params for conformer: lr=0.0001, batch_size=64
[Conformer] Fold 2/3 学習開始
Epoch 1/300

 1/12 [=>............................] - ETA: 37s - loss: 0.5305
 2/12 [====>.........................] - ETA: 0s - loss: 0.5642 
 3/12 [======>.......................] - ETA: 0s - loss: 0.6181
 5/12 [===========>..................] - ETA: 0s - loss: 0.6016
 8/12 [===================>..........] - ETA: 0s - loss: 0.5578
10/12 [========================>.....] - ETA: 0s - loss: 0.5158
12/12 [==============================] - 4s 31ms/step - loss: 0.4883
Epoch 2/300

 1/12 [=>............................] - ETA: 0s - loss: 0.2204
 4/12 [=========>....................] - ETA: 0s - loss: 0.1785
 7/12 [================>.............] - ETA: 0s - loss: 0.1515
10/12 [========================>.....] - ETA: 0s - loss: 0.1362
12/12 [==============================] - 0s 24ms/step - loss: 0.1313
Epoch 3/300

 1/12 [=>............................] - ETA: 0s - loss: 0.1105
 4/12 [=========>....................] - ETA: 0s - loss: 0.1069
 7/12 [================>.............] - ETA: 0s - loss: 0.1087
10/12 [========================>.....] - ETA: 0s - loss: 0.1053
12/12 [==============================] - 0s 24ms/step - loss: 0.1040
Epoch 4/300

 1/12 [=>............................] - ETA: 0s - loss: 0.0707
 4/12 [=========>....................] - ETA: 0s - loss: 0.0858
 7/12 [================>.............] - ETA: 0s - loss: 0.0863
 9/12 [=====================>........] - ETA: 0s - loss: 0.0842
12/12 [==============================] - ETA: 0s - loss: 0.0873
12/12 [==============================] - 0s 24ms/step - loss: 0.0873
Epoch 5/300

 1/12 [=>............................] - ETA: 0s - loss: 0.0895
 4/12 [=========>....................] - ETA: 0s - loss: 0.0820
 6/12 [==============>...............] - ETA: 0s - loss: 0.0749
 9/12 [=====================>........] - ETA: 0s - loss: 0.0730
11/12 [==========================>...] - ETA: 0s - loss: 0.0745
12/12 [==============================] - 0s 24ms/step - loss: 0.0758
Epoch 6/300

 1/12 [=>............................] - ETA: 0s - loss: 0.0584
 4/12 [=========>....................] - ETA: 0s - loss: 0.0737
 7/12 [================>.............] - ETA: 0s - loss: 0.0719
 9/12 [=====================>........] - ETA: 0s - loss: 0.0738
12/12 [==============================] - ETA: 0s - loss: 0.0748
12/12 [==============================] - 0s 24ms/step - loss: 0.0748
Epoch 7/300

 1/12 [=>............................] - ETA: 0s - loss: 0.0696
 4/12 [=========>....................] - ETA: 0s - loss: 0.0638
 7/12 [================>.............] - ETA: 0s - loss: 0.0658
10/12 [========================>.....] - ETA: 0s - loss: 0.0647
12/12 [==============================] - 0s 24ms/step - loss: 0.0647
Epoch 8/300

 1/12 [=>............................] - ETA: 0s - loss: 0.0780
 4/12 [=========>....................] - ETA: 0s - loss: 0.0665
 7/12 [================>.............] - ETA: 0s - loss: 0.0701
 9/12 [=====================>........] - ETA: 0s - loss: 0.0659
12/12 [==============================] - ETA: 0s - loss: 0.0638
12/12 [==============================] - 0s 24ms/step - loss: 0.0638
Epoch 9/300

 1/12 [=>............................] - ETA: 0s - loss: 0.0631
 4/12 [=========>....................] - ETA: 0s - loss: 0.0613
 6/12 [==============>...............] - ETA: 0s - loss: 0.0605
 8/12 [===================>..........] - ETA: 0s - loss: 0.0583
10/12 [========================>.....] - ETA: 0s - loss: 0.0581
12/12 [==============================] - 0s 24ms/step - loss: 0.0587
Epoch 10/300

 1/12 [=>............................] - ETA: 0s - loss: 0.0425
 3/12 [======>.......................] - ETA: 0s - loss: 0.0628
 5/12 [===========>..................] - ETA: 0s - loss: 0.0621
 8/12 [===================>..........] - ETA: 0s - loss: 0.0597
11/12 [==========================>...] - ETA: 0s - loss: 0.0605
12/12 [==============================] - 0s 24ms/step - loss: 0.0600
Epoch 11/300

 1/12 [=>............................] - ETA: 0s - loss: 0.0581
 4/12 [=========>....................] - ETA: 0s - loss: 0.0554
 6/12 [==============>...............] - ETA: 0s - loss: 0.0579
 9/12 [=====================>........] - ETA: 0s - loss: 0.0593
12/12 [==============================] - ETA: 0s - loss: 0.0597
12/12 [==============================] - 0s 24ms/step - loss: 0.0597
Epoch 12/300

 1/12 [=>............................] - ETA: 0s - loss: 0.0751
 3/12 [======>.......................] - ETA: 0s - loss: 0.0644
 5/12 [===========>..................] - ETA: 0s - loss: 0.0598
 7/12 [================>.............] - ETA: 0s - loss: 0.0587
10/12 [========================>.....] - ETA: 0s - loss: 0.0560
12/12 [==============================] - 0s 25ms/step - loss: 0.0558
Epoch 13/300

 1/12 [=>............................] - ETA: 0s - loss: 0.0678
 3/12 [======>.......................] - ETA: 0s - loss: 0.0563
 5/12 [===========>..................] - ETA: 0s - loss: 0.0504
 7/12 [================>.............] - ETA: 0s - loss: 0.0520
 9/12 [=====================>........] - ETA: 0s - loss: 0.0544
11/12 [==========================>...] - ETA: 0s - loss: 0.0573
12/12 [==============================] - 0s 25ms/step - loss: 0.0574
Epoch 14/300

 1/12 [=>............................] - ETA: 0s - loss: 0.0600
 3/12 [======>.......................] - ETA: 0s - loss: 0.0537
 5/12 [===========>..................] - ETA: 0s - loss: 0.0567
 7/12 [================>.............] - ETA: 0s - loss: 0.0552
 9/12 [=====================>........] - ETA: 0s - loss: 0.0531
11/12 [==========================>...] - ETA: 0s - loss: 0.0522
12/12 [==============================] - 0s 26ms/step - loss: 0.0523
Epoch 15/300

 1/12 [=>............................] - ETA: 0s - loss: 0.0467
 4/12 [=========>....................] - ETA: 0s - loss: 0.0478
 6/12 [==============>...............] - ETA: 0s - loss: 0.0503
 8/12 [===================>..........] - ETA: 0s - loss: 0.0504
11/12 [==========================>...] - ETA: 0s - loss: 0.0516
12/12 [==============================] - 0s 24ms/step - loss: 0.0514
Epoch 16/300

 1/12 [=>............................] - ETA: 0s - loss: 0.0471
 3/12 [======>.......................] - ETA: 0s - loss: 0.0513
 5/12 [===========>..................] - ETA: 0s - loss: 0.0554
 7/12 [================>.............] - ETA: 0s - loss: 0.0545
 9/12 [=====================>........] - ETA: 0s - loss: 0.0542
11/12 [==========================>...] - ETA: 0s - loss: 0.0531
12/12 [==============================] - 0s 25ms/step - loss: 0.0535
Epoch 17/300

 1/12 [=>............................] - ETA: 0s - loss: 0.0588
 3/12 [======>.......................] - ETA: 0s - loss: 0.0540
 5/12 [===========>..................] - ETA: 0s - loss: 0.0497
 7/12 [================>.............] - ETA: 0s - loss: 0.0496
10/12 [========================>.....] - ETA: 0s - loss: 0.0484
12/12 [==============================] - 0s 25ms/step - loss: 0.0504
Epoch 18/300

 1/12 [=>............................] - ETA: 0s - loss: 0.0576
 4/12 [=========>....................] - ETA: 0s - loss: 0.0441
 6/12 [==============>...............] - ETA: 0s - loss: 0.0508
 9/12 [=====================>........] - ETA: 0s - loss: 0.0504
11/12 [==========================>...] - ETA: 0s - loss: 0.0499
12/12 [==============================] - 0s 24ms/step - loss: 0.0495
Epoch 19/300

 1/12 [=>............................] - ETA: 0s - loss: 0.0508
 4/12 [=========>....................] - ETA: 0s - loss: 0.0485
 6/12 [==============>...............] - ETA: 0s - loss: 0.0457
 9/12 [=====================>........] - ETA: 0s - loss: 0.0465
12/12 [==============================] - ETA: 0s - loss: 0.0481
12/12 [==============================] - 0s 24ms/step - loss: 0.0481
Epoch 20/300

 1/12 [=>............................] - ETA: 0s - loss: 0.0509
 4/12 [=========>....................] - ETA: 0s - loss: 0.0524
 7/12 [================>.............] - ETA: 0s - loss: 0.0508
10/12 [========================>.....] - ETA: 0s - loss: 0.0500
12/12 [==============================] - 0s 23ms/step - loss: 0.0498
Epoch 21/300

 1/12 [=>............................] - ETA: 0s - loss: 0.0451
 3/12 [======>.......................] - ETA: 0s - loss: 0.0558
 6/12 [==============>...............] - ETA: 0s - loss: 0.0538
 9/12 [=====================>........] - ETA: 0s - loss: 0.0514
12/12 [==============================] - ETA: 0s - loss: 0.0527
12/12 [==============================] - 0s 25ms/step - loss: 0.0527
Epoch 22/300

 1/12 [=>............................] - ETA: 0s - loss: 0.0576
 4/12 [=========>....................] - ETA: 0s - loss: 0.0525
 7/12 [================>.............] - ETA: 0s - loss: 0.0556
10/12 [========================>.....] - ETA: 0s - loss: 0.0531
12/12 [==============================] - 0s 24ms/step - loss: 0.0523
Epoch 23/300

 1/12 [=>............................] - ETA: 0s - loss: 0.0598
 4/12 [=========>....................] - ETA: 0s - loss: 0.0553
 7/12 [================>.............] - ETA: 0s - loss: 0.0518
10/12 [========================>.....] - ETA: 0s - loss: 0.0538
12/12 [==============================] - 0s 24ms/step - loss: 0.0542
Epoch 24/300

 1/12 [=>............................] - ETA: 0s - loss: 0.0525
 4/12 [=========>....................] - ETA: 0s - loss: 0.0480
 7/12 [================>.............] - ETA: 0s - loss: 0.0490
10/12 [========================>.....] - ETA: 0s - loss: 0.0473
12/12 [==============================] - 0s 24ms/step - loss: 0.0470
Epoch 25/300

 1/12 [=>............................] - ETA: 0s - loss: 0.0445
 3/12 [======>.......................] - ETA: 0s - loss: 0.0479
 5/12 [===========>..................] - ETA: 0s - loss: 0.0484
 8/12 [===================>..........] - ETA: 0s - loss: 0.0495
10/12 [========================>.....] - ETA: 0s - loss: 0.0479
12/12 [==============================] - 0s 24ms/step - loss: 0.0487
Epoch 26/300

 1/12 [=>............................] - ETA: 0s - loss: 0.0311
 4/12 [=========>....................] - ETA: 0s - loss: 0.0529
 7/12 [================>.............] - ETA: 0s - loss: 0.0535
10/12 [========================>.....] - ETA: 0s - loss: 0.0520
12/12 [==============================] - 0s 24ms/step - loss: 0.0524
Epoch 27/300

 1/12 [=>............................] - ETA: 0s - loss: 0.0442
 3/12 [======>.......................] - ETA: 0s - loss: 0.0518
 6/12 [==============>...............] - ETA: 0s - loss: 0.0514
 9/12 [=====================>........] - ETA: 0s - loss: 0.0512
12/12 [==============================] - ETA: 0s - loss: 0.0522
12/12 [==============================] - 0s 24ms/step - loss: 0.0522
Epoch 28/300

 1/12 [=>............................] - ETA: 0s - loss: 0.0560
 4/12 [=========>....................] - ETA: 0s - loss: 0.0526
 7/12 [================>.............] - ETA: 0s - loss: 0.0560
10/12 [========================>.....] - ETA: 0s - loss: 0.0559
12/12 [==============================] - 0s 24ms/step - loss: 0.0544
Epoch 29/300

 1/12 [=>............................] - ETA: 0s - loss: 0.0521
 4/12 [=========>....................] - ETA: 0s - loss: 0.0483
 7/12 [================>.............] - ETA: 0s - loss: 0.0501
10/12 [========================>.....] - ETA: 0s - loss: 0.0496
12/12 [==============================] - 0s 24ms/step - loss: 0.0507
Epoch 30/300

 1/12 [=>............................] - ETA: 0s - loss: 0.0581
 4/12 [=========>....................] - ETA: 0s - loss: 0.0490
 7/12 [================>.............] - ETA: 0s - loss: 0.0504
10/12 [========================>.....] - ETA: 0s - loss: 0.0485
12/12 [==============================] - 0s 24ms/step - loss: 0.0494
Epoch 31/300

 1/12 [=>............................] - ETA: 0s - loss: 0.0526
 4/12 [=========>....................] - ETA: 0s - loss: 0.0502
 6/12 [==============>...............] - ETA: 0s - loss: 0.0512
 9/12 [=====================>........] - ETA: 0s - loss: 0.0488
12/12 [==============================] - ETA: 0s - loss: 0.0488
12/12 [==============================] - 0s 24ms/step - loss: 0.0488
Epoch 32/300

 1/12 [=>............................] - ETA: 0s - loss: 0.0405
 4/12 [=========>....................] - ETA: 0s - loss: 0.0429
 6/12 [==============>...............] - ETA: 0s - loss: 0.0469
 9/12 [=====================>........] - ETA: 0s - loss: 0.0457
12/12 [==============================] - ETA: 0s - loss: 0.0472
12/12 [==============================] - 0s 24ms/step - loss: 0.0472
Epoch 33/300

 1/12 [=>............................] - ETA: 0s - loss: 0.0554
 4/12 [=========>....................] - ETA: 0s - loss: 0.0492
 6/12 [==============>...............] - ETA: 0s - loss: 0.0468
 9/12 [=====================>........] - ETA: 0s - loss: 0.0474
11/12 [==========================>...] - ETA: 0s - loss: 0.0467
12/12 [==============================] - 0s 24ms/step - loss: 0.0470
Epoch 34/300

 1/12 [=>............................] - ETA: 0s - loss: 0.0389
 4/12 [=========>....................] - ETA: 0s - loss: 0.0503
 7/12 [================>.............] - ETA: 0s - loss: 0.0458
10/12 [========================>.....] - ETA: 0s - loss: 0.0460
12/12 [==============================] - 0s 24ms/step - loss: 0.0465
Epoch 35/300

 1/12 [=>............................] - ETA: 0s - loss: 0.0608
 4/12 [=========>....................] - ETA: 0s - loss: 0.0541
 7/12 [================>.............] - ETA: 0s - loss: 0.0500
 9/12 [=====================>........] - ETA: 0s - loss: 0.0493
11/12 [==========================>...] - ETA: 0s - loss: 0.0492
12/12 [==============================] - 0s 24ms/step - loss: 0.0492
Epoch 36/300

 1/12 [=>............................] - ETA: 0s - loss: 0.0512
 3/12 [======>.......................] - ETA: 0s - loss: 0.0459
 5/12 [===========>..................] - ETA: 0s - loss: 0.0498
 7/12 [================>.............] - ETA: 0s - loss: 0.0463
 9/12 [=====================>........] - ETA: 0s - loss: 0.0441
11/12 [==========================>...] - ETA: 0s - loss: 0.0457
12/12 [==============================] - 0s 27ms/step - loss: 0.0461
Epoch 37/300

 1/12 [=>............................] - ETA: 0s - loss: 0.0527
 3/12 [======>.......................] - ETA: 0s - loss: 0.0441
 5/12 [===========>..................] - ETA: 0s - loss: 0.0479
 7/12 [================>.............] - ETA: 0s - loss: 0.0453
 9/12 [=====================>........] - ETA: 0s - loss: 0.0464
11/12 [==========================>...] - ETA: 0s - loss: 0.0461
12/12 [==============================] - 0s 25ms/step - loss: 0.0459
Epoch 38/300

 1/12 [=>............................] - ETA: 0s - loss: 0.0418
 3/12 [======>.......................] - ETA: 0s - loss: 0.0514
 6/12 [==============>...............] - ETA: 0s - loss: 0.0473
 8/12 [===================>..........] - ETA: 0s - loss: 0.0453
11/12 [==========================>...] - ETA: 0s - loss: 0.0436
12/12 [==============================] - 0s 25ms/step - loss: 0.0443
Epoch 39/300

 1/12 [=>............................] - ETA: 0s - loss: 0.0501
 3/12 [======>.......................] - ETA: 0s - loss: 0.0518
 6/12 [==============>...............] - ETA: 0s - loss: 0.0500
 8/12 [===================>..........] - ETA: 0s - loss: 0.0494
11/12 [==========================>...] - ETA: 0s - loss: 0.0503
12/12 [==============================] - 0s 25ms/step - loss: 0.0514
Epoch 40/300

 1/12 [=>............................] - ETA: 0s - loss: 0.0559
 4/12 [=========>....................] - ETA: 0s - loss: 0.0520
 7/12 [================>.............] - ETA: 0s - loss: 0.0497
10/12 [========================>.....] - ETA: 0s - loss: 0.0491
12/12 [==============================] - 0s 24ms/step - loss: 0.0494
Epoch 41/300

 1/12 [=>............................] - ETA: 0s - loss: 0.0543
 3/12 [======>.......................] - ETA: 0s - loss: 0.0596
 6/12 [==============>...............] - ETA: 0s - loss: 0.0501
 8/12 [===================>..........] - ETA: 0s - loss: 0.0497
11/12 [==========================>...] - ETA: 0s - loss: 0.0474
12/12 [==============================] - 0s 24ms/step - loss: 0.0473
Epoch 42/300

 1/12 [=>............................] - ETA: 0s - loss: 0.0518
 4/12 [=========>....................] - ETA: 0s - loss: 0.0492
 6/12 [==============>...............] - ETA: 0s - loss: 0.0481
 9/12 [=====================>........] - ETA: 0s - loss: 0.0480
12/12 [==============================] - ETA: 0s - loss: 0.0492
12/12 [==============================] - 0s 24ms/step - loss: 0.0492
Epoch 43/300

 1/12 [=>............................] - ETA: 0s - loss: 0.0328
 4/12 [=========>....................] - ETA: 0s - loss: 0.0433
 7/12 [================>.............] - ETA: 0s - loss: 0.0423
 9/12 [=====================>........] - ETA: 0s - loss: 0.0420
12/12 [==============================] - ETA: 0s - loss: 0.0418
12/12 [==============================] - 0s 24ms/step - loss: 0.0418
Epoch 44/300

 1/12 [=>............................] - ETA: 0s - loss: 0.0402
 4/12 [=========>....................] - ETA: 0s - loss: 0.0450
 7/12 [================>.............] - ETA: 0s - loss: 0.0472
10/12 [========================>.....] - ETA: 0s - loss: 0.0479
12/12 [==============================] - 0s 24ms/step - loss: 0.0477
Epoch 45/300

 1/12 [=>............................] - ETA: 0s - loss: 0.0429
 4/12 [=========>....................] - ETA: 0s - loss: 0.0472
 7/12 [================>.............] - ETA: 0s - loss: 0.0452
10/12 [========================>.....] - ETA: 0s - loss: 0.0453
12/12 [==============================] - 0s 24ms/step - loss: 0.0451
Epoch 46/300

 1/12 [=>............................] - ETA: 0s - loss: 0.0568
 4/12 [=========>....................] - ETA: 0s - loss: 0.0518
 6/12 [==============>...............] - ETA: 0s - loss: 0.0534
 9/12 [=====================>........] - ETA: 0s - loss: 0.0495
12/12 [==============================] - ETA: 0s - loss: 0.0463
12/12 [==============================] - 0s 24ms/step - loss: 0.0463
Epoch 47/300

 1/12 [=>............................] - ETA: 0s - loss: 0.0408
 3/12 [======>.......................] - ETA: 0s - loss: 0.0446
 6/12 [==============>...............] - ETA: 0s - loss: 0.0488
 8/12 [===================>..........] - ETA: 0s - loss: 0.0513
11/12 [==========================>...] - ETA: 0s - loss: 0.0501
12/12 [==============================] - 0s 24ms/step - loss: 0.0494
Epoch 48/300

 1/12 [=>............................] - ETA: 0s - loss: 0.0543
 4/12 [=========>....................] - ETA: 0s - loss: 0.0492
 7/12 [================>.............] - ETA: 0s - loss: 0.0460
10/12 [========================>.....] - ETA: 0s - loss: 0.0473
12/12 [==============================] - 0s 24ms/step - loss: 0.0475
Epoch 49/300

 1/12 [=>............................] - ETA: 0s - loss: 0.0572
 4/12 [=========>....................] - ETA: 0s - loss: 0.0451
 6/12 [==============>...............] - ETA: 0s - loss: 0.0439
 9/12 [=====================>........] - ETA: 0s - loss: 0.0424
11/12 [==========================>...] - ETA: 0s - loss: 0.0429
12/12 [==============================] - 0s 24ms/step - loss: 0.0428
Epoch 50/300

 1/12 [=>............................] - ETA: 0s - loss: 0.0580
 4/12 [=========>....................] - ETA: 0s - loss: 0.0522
 6/12 [==============>...............] - ETA: 0s - loss: 0.0493
 8/12 [===================>..........] - ETA: 0s - loss: 0.0471
10/12 [========================>.....] - ETA: 0s - loss: 0.0457
12/12 [==============================] - 0s 25ms/step - loss: 0.0440
Epoch 51/300

 1/12 [=>............................] - ETA: 0s - loss: 0.0328
 3/12 [======>.......................] - ETA: 0s - loss: 0.0370
 5/12 [===========>..................] - ETA: 0s - loss: 0.0369
 7/12 [================>.............] - ETA: 0s - loss: 0.0379
 9/12 [=====================>........] - ETA: 0s - loss: 0.0393
11/12 [==========================>...] - ETA: 0s - loss: 0.0389
12/12 [==============================] - 0s 25ms/step - loss: 0.0387
Epoch 52/300

 1/12 [=>............................] - ETA: 0s - loss: 0.0486
 4/12 [=========>....................] - ETA: 0s - loss: 0.0440
 7/12 [================>.............] - ETA: 0s - loss: 0.0463
10/12 [========================>.....] - ETA: 0s - loss: 0.0480
12/12 [==============================] - 0s 24ms/step - loss: 0.0491
Epoch 53/300

 1/12 [=>............................] - ETA: 0s - loss: 0.0370
 4/12 [=========>....................] - ETA: 0s - loss: 0.0410
 7/12 [================>.............] - ETA: 0s - loss: 0.0373
10/12 [========================>.....] - ETA: 0s - loss: 0.0404
12/12 [==============================] - 0s 24ms/step - loss: 0.0408
Epoch 54/300

 1/12 [=>............................] - ETA: 0s - loss: 0.0595
 3/12 [======>.......................] - ETA: 0s - loss: 0.0560
 6/12 [==============>...............] - ETA: 0s - loss: 0.0485
 9/12 [=====================>........] - ETA: 0s - loss: 0.0457
12/12 [==============================] - ETA: 0s - loss: 0.0444
12/12 [==============================] - 0s 24ms/step - loss: 0.0444
Epoch 55/300

 1/12 [=>............................] - ETA: 0s - loss: 0.0380
 4/12 [=========>....................] - ETA: 0s - loss: 0.0415
 7/12 [================>.............] - ETA: 0s - loss: 0.0441
10/12 [========================>.....] - ETA: 0s - loss: 0.0456
12/12 [==============================] - 0s 24ms/step - loss: 0.0459
Epoch 56/300

 1/12 [=>............................] - ETA: 0s - loss: 0.0368
 3/12 [======>.......................] - ETA: 0s - loss: 0.0442
 6/12 [==============>...............] - ETA: 0s - loss: 0.0416
 9/12 [=====================>........] - ETA: 0s - loss: 0.0424
12/12 [==============================] - ETA: 0s - loss: 0.0420
12/12 [==============================] - 0s 24ms/step - loss: 0.0420
Epoch 57/300

 1/12 [=>............................] - ETA: 0s - loss: 0.0432
 3/12 [======>.......................] - ETA: 0s - loss: 0.0399
 5/12 [===========>..................] - ETA: 0s - loss: 0.0419
 8/12 [===================>..........] - ETA: 0s - loss: 0.0403
10/12 [========================>.....] - ETA: 0s - loss: 0.0417
12/12 [==============================] - 0s 24ms/step - loss: 0.0412
Epoch 58/300

 1/12 [=>............................] - ETA: 0s - loss: 0.0478
 4/12 [=========>....................] - ETA: 0s - loss: 0.0507
 7/12 [================>.............] - ETA: 0s - loss: 0.0481
 9/12 [=====================>........] - ETA: 0s - loss: 0.0466
12/12 [==============================] - ETA: 0s - loss: 0.0471
12/12 [==============================] - 0s 24ms/step - loss: 0.0471
Epoch 59/300

 1/12 [=>............................] - ETA: 0s - loss: 0.0426
 4/12 [=========>....................] - ETA: 0s - loss: 0.0416
 7/12 [================>.............] - ETA: 0s - loss: 0.0418
 9/12 [=====================>........] - ETA: 0s - loss: 0.0422
12/12 [==============================] - ETA: 0s - loss: 0.0425
12/12 [==============================] - 0s 24ms/step - loss: 0.0425
Epoch 60/300

 1/12 [=>............................] - ETA: 0s - loss: 0.0384
 3/12 [======>.......................] - ETA: 0s - loss: 0.0435
 6/12 [==============>...............] - ETA: 0s - loss: 0.0426
 9/12 [=====================>........] - ETA: 0s - loss: 0.0438
12/12 [==============================] - ETA: 0s - loss: 0.0425
12/12 [==============================] - 0s 24ms/step - loss: 0.0425
Epoch 61/300

 1/12 [=>............................] - ETA: 0s - loss: 0.0400
 3/12 [======>.......................] - ETA: 0s - loss: 0.0436
 6/12 [==============>...............] - ETA: 0s - loss: 0.0452
 9/12 [=====================>........] - ETA: 0s - loss: 0.0456
12/12 [==============================] - ETA: 0s - loss: 0.0457
12/12 [==============================] - 0s 24ms/step - loss: 0.0457
Epoch 62/300

 1/12 [=>............................] - ETA: 0s - loss: 0.0496
 4/12 [=========>....................] - ETA: 0s - loss: 0.0497
 7/12 [================>.............] - ETA: 0s - loss: 0.0435
10/12 [========================>.....] - ETA: 0s - loss: 0.0431
12/12 [==============================] - 0s 24ms/step - loss: 0.0425
Epoch 63/300

 1/12 [=>............................] - ETA: 0s - loss: 0.0337
 4/12 [=========>....................] - ETA: 0s - loss: 0.0418
 7/12 [================>.............] - ETA: 0s - loss: 0.0402
10/12 [========================>.....] - ETA: 0s - loss: 0.0431
12/12 [==============================] - 0s 24ms/step - loss: 0.0436
Epoch 64/300

 1/12 [=>............................] - ETA: 0s - loss: 0.0263
 4/12 [=========>....................] - ETA: 0s - loss: 0.0417
 6/12 [==============>...............] - ETA: 0s - loss: 0.0421
 9/12 [=====================>........] - ETA: 0s - loss: 0.0438
12/12 [==============================] - ETA: 0s - loss: 0.0422
12/12 [==============================] - 0s 24ms/step - loss: 0.0422
Epoch 65/300

 1/12 [=>............................] - ETA: 0s - loss: 0.0446
 4/12 [=========>....................] - ETA: 0s - loss: 0.0418
 7/12 [================>.............] - ETA: 0s - loss: 0.0449
10/12 [========================>.....] - ETA: 0s - loss: 0.0454
12/12 [==============================] - 0s 24ms/step - loss: 0.0462
Epoch 66/300

 1/12 [=>............................] - ETA: 0s - loss: 0.0300
 4/12 [=========>....................] - ETA: 0s - loss: 0.0364
 6/12 [==============>...............] - ETA: 0s - loss: 0.0395
 9/12 [=====================>........] - ETA: 0s - loss: 0.0401
12/12 [==============================] - ETA: 0s - loss: 0.0399
12/12 [==============================] - 0s 24ms/step - loss: 0.0399
Epoch 67/300

 1/12 [=>............................] - ETA: 0s - loss: 0.0364
 4/12 [=========>....................] - ETA: 0s - loss: 0.0413
 7/12 [================>.............] - ETA: 0s - loss: 0.0432
10/12 [========================>.....] - ETA: 0s - loss: 0.0423
12/12 [==============================] - 0s 24ms/step - loss: 0.0424
Epoch 68/300

 1/12 [=>............................] - ETA: 0s - loss: 0.0327
 4/12 [=========>....................] - ETA: 0s - loss: 0.0423
 7/12 [================>.............] - ETA: 0s - loss: 0.0438
10/12 [========================>.....] - ETA: 0s - loss: 0.0426
12/12 [==============================] - 0s 24ms/step - loss: 0.0421
Epoch 69/300

 1/12 [=>............................] - ETA: 0s - loss: 0.0382
 4/12 [=========>....................] - ETA: 0s - loss: 0.0464
 7/12 [================>.............] - ETA: 0s - loss: 0.0436
10/12 [========================>.....] - ETA: 0s - loss: 0.0417
12/12 [==============================] - 0s 24ms/step - loss: 0.0408
Epoch 70/300

 1/12 [=>............................] - ETA: 0s - loss: 0.0453
 3/12 [======>.......................] - ETA: 0s - loss: 0.0474
 6/12 [==============>...............] - ETA: 0s - loss: 0.0435
 9/12 [=====================>........] - ETA: 0s - loss: 0.0436
12/12 [==============================] - ETA: 0s - loss: 0.0415
12/12 [==============================] - 0s 24ms/step - loss: 0.0415
Epoch 71/300

 1/12 [=>............................] - ETA: 0s - loss: 0.0350
 4/12 [=========>....................] - ETA: 0s - loss: 0.0362
 7/12 [================>.............] - ETA: 0s - loss: 0.0397
 9/12 [=====================>........] - ETA: 0s - loss: 0.0419
12/12 [==============================] - ETA: 0s - loss: 0.0435
12/12 [==============================] - 0s 24ms/step - loss: 0.0435
Epoch 71: early stopping

 1/12 [=>............................] - ETA: 3s
12/12 [==============================] - ETA: 0s
12/12 [==============================] - 0s 5ms/step
  params for conformer: lr=0.0001, batch_size=64
[Conformer] Fold 3/3 学習開始
Epoch 1/300

 1/12 [=>............................] - ETA: 36s - loss: 0.4806
 2/12 [====>.........................] - ETA: 0s - loss: 0.4502 
 3/12 [======>.......................] - ETA: 0s - loss: 0.4923
 5/12 [===========>..................] - ETA: 0s - loss: 0.4836
 7/12 [================>.............] - ETA: 0s - loss: 0.4587
10/12 [========================>.....] - ETA: 0s - loss: 0.4146
12/12 [==============================] - 4s 37ms/step - loss: 0.3954
Epoch 2/300

 1/12 [=>............................] - ETA: 0s - loss: 0.1735
 4/12 [=========>....................] - ETA: 0s - loss: 0.1535
 7/12 [================>.............] - ETA: 0s - loss: 0.1400
10/12 [========================>.....] - ETA: 0s - loss: 0.1249
12/12 [==============================] - 0s 24ms/step - loss: 0.1198
Epoch 3/300

 1/12 [=>............................] - ETA: 0s - loss: 0.0926
 4/12 [=========>....................] - ETA: 0s - loss: 0.0957
 7/12 [================>.............] - ETA: 0s - loss: 0.0914
10/12 [========================>.....] - ETA: 0s - loss: 0.0880
12/12 [==============================] - 0s 23ms/step - loss: 0.0850
Epoch 4/300

 1/12 [=>............................] - ETA: 0s - loss: 0.0997
 3/12 [======>.......................] - ETA: 0s - loss: 0.0774
 6/12 [==============>...............] - ETA: 0s - loss: 0.0686
 8/12 [===================>..........] - ETA: 0s - loss: 0.0665
11/12 [==========================>...] - ETA: 0s - loss: 0.0691
12/12 [==============================] - 0s 25ms/step - loss: 0.0700
Epoch 5/300

 1/12 [=>............................] - ETA: 0s - loss: 0.0653
 4/12 [=========>....................] - ETA: 0s - loss: 0.0601
 6/12 [==============>...............] - ETA: 0s - loss: 0.0610
 9/12 [=====================>........] - ETA: 0s - loss: 0.0606
12/12 [==============================] - ETA: 0s - loss: 0.0610
12/12 [==============================] - 0s 24ms/step - loss: 0.0610
Epoch 6/300

 1/12 [=>............................] - ETA: 0s - loss: 0.0480
 4/12 [=========>....................] - ETA: 0s - loss: 0.0571
 7/12 [================>.............] - ETA: 0s - loss: 0.0580
10/12 [========================>.....] - ETA: 0s - loss: 0.0580
12/12 [==============================] - 0s 24ms/step - loss: 0.0570
Epoch 7/300

 1/12 [=>............................] - ETA: 0s - loss: 0.0436
 3/12 [======>.......................] - ETA: 0s - loss: 0.0509
 6/12 [==============>...............] - ETA: 0s - loss: 0.0512
 9/12 [=====================>........] - ETA: 0s - loss: 0.0578
12/12 [==============================] - ETA: 0s - loss: 0.0576
12/12 [==============================] - 0s 24ms/step - loss: 0.0576
Epoch 8/300

 1/12 [=>............................] - ETA: 0s - loss: 0.0548
 4/12 [=========>....................] - ETA: 0s - loss: 0.0506
 7/12 [================>.............] - ETA: 0s - loss: 0.0552
10/12 [========================>.....] - ETA: 0s - loss: 0.0552
12/12 [==============================] - 0s 24ms/step - loss: 0.0550
Epoch 9/300

 1/12 [=>............................] - ETA: 0s - loss: 0.0377
 4/12 [=========>....................] - ETA: 0s - loss: 0.0450
 7/12 [================>.............] - ETA: 0s - loss: 0.0458
10/12 [========================>.....] - ETA: 0s - loss: 0.0486
12/12 [==============================] - 0s 23ms/step - loss: 0.0496
Epoch 10/300

 1/12 [=>............................] - ETA: 0s - loss: 0.0535
 4/12 [=========>....................] - ETA: 0s - loss: 0.0570
 7/12 [================>.............] - ETA: 0s - loss: 0.0560
10/12 [========================>.....] - ETA: 0s - loss: 0.0552
12/12 [==============================] - 0s 23ms/step - loss: 0.0549
Epoch 11/300

 1/12 [=>............................] - ETA: 0s - loss: 0.0643
 4/12 [=========>....................] - ETA: 0s - loss: 0.0623
 7/12 [================>.............] - ETA: 0s - loss: 0.0590
10/12 [========================>.....] - ETA: 0s - loss: 0.0581
12/12 [==============================] - 0s 23ms/step - loss: 0.0587
Epoch 12/300

 1/12 [=>............................] - ETA: 0s - loss: 0.0572
 4/12 [=========>....................] - ETA: 0s - loss: 0.0514
 7/12 [================>.............] - ETA: 0s - loss: 0.0549
10/12 [========================>.....] - ETA: 0s - loss: 0.0536
12/12 [==============================] - 0s 23ms/step - loss: 0.0537
Epoch 13/300

 1/12 [=>............................] - ETA: 0s - loss: 0.0507
 4/12 [=========>....................] - ETA: 0s - loss: 0.0554
 6/12 [==============>...............] - ETA: 0s - loss: 0.0547
 9/12 [=====================>........] - ETA: 0s - loss: 0.0541
12/12 [==============================] - ETA: 0s - loss: 0.0542
12/12 [==============================] - 0s 23ms/step - loss: 0.0542
Epoch 14/300

 1/12 [=>............................] - ETA: 0s - loss: 0.0500
 4/12 [=========>....................] - ETA: 0s - loss: 0.0530
 6/12 [==============>...............] - ETA: 0s - loss: 0.0492
 9/12 [=====================>........] - ETA: 0s - loss: 0.0481
11/12 [==========================>...] - ETA: 0s - loss: 0.0490
12/12 [==============================] - 0s 24ms/step - loss: 0.0490
Epoch 15/300

 1/12 [=>............................] - ETA: 0s - loss: 0.0470
 4/12 [=========>....................] - ETA: 0s - loss: 0.0561
 7/12 [================>.............] - ETA: 0s - loss: 0.0528
 9/12 [=====================>........] - ETA: 0s - loss: 0.0540
12/12 [==============================] - ETA: 0s - loss: 0.0554
12/12 [==============================] - 0s 23ms/step - loss: 0.0554
Epoch 16/300

 1/12 [=>............................] - ETA: 0s - loss: 0.0449
 4/12 [=========>....................] - ETA: 0s - loss: 0.0455
 7/12 [================>.............] - ETA: 0s - loss: 0.0475
10/12 [========================>.....] - ETA: 0s - loss: 0.0492
12/12 [==============================] - 0s 24ms/step - loss: 0.0500
Epoch 17/300

 1/12 [=>............................] - ETA: 0s - loss: 0.0422
 4/12 [=========>....................] - ETA: 0s - loss: 0.0492
 7/12 [================>.............] - ETA: 0s - loss: 0.0492
10/12 [========================>.....] - ETA: 0s - loss: 0.0511
12/12 [==============================] - 0s 23ms/step - loss: 0.0508
Epoch 18/300

 1/12 [=>............................] - ETA: 0s - loss: 0.0477
 3/12 [======>.......................] - ETA: 0s - loss: 0.0494
 6/12 [==============>...............] - ETA: 0s - loss: 0.0484
 9/12 [=====================>........] - ETA: 0s - loss: 0.0503
12/12 [==============================] - ETA: 0s - loss: 0.0501
12/12 [==============================] - 0s 23ms/step - loss: 0.0501
Epoch 19/300

 1/12 [=>............................] - ETA: 0s - loss: 0.0535
 4/12 [=========>....................] - ETA: 0s - loss: 0.0476
 7/12 [================>.............] - ETA: 0s - loss: 0.0464
10/12 [========================>.....] - ETA: 0s - loss: 0.0481
12/12 [==============================] - 0s 24ms/step - loss: 0.0481
Epoch 20/300

 1/12 [=>............................] - ETA: 0s - loss: 0.0457
 4/12 [=========>....................] - ETA: 0s - loss: 0.0526
 6/12 [==============>...............] - ETA: 0s - loss: 0.0535
 9/12 [=====================>........] - ETA: 0s - loss: 0.0527
12/12 [==============================] - ETA: 0s - loss: 0.0528
12/12 [==============================] - 0s 24ms/step - loss: 0.0528
Epoch 21/300

 1/12 [=>............................] - ETA: 0s - loss: 0.0601
 3/12 [======>.......................] - ETA: 0s - loss: 0.0614
 6/12 [==============>...............] - ETA: 0s - loss: 0.0568
 9/12 [=====================>........] - ETA: 0s - loss: 0.0537
12/12 [==============================] - ETA: 0s - loss: 0.0530
12/12 [==============================] - 0s 24ms/step - loss: 0.0530
Epoch 22/300

 1/12 [=>............................] - ETA: 0s - loss: 0.0510
 4/12 [=========>....................] - ETA: 0s - loss: 0.0491
 7/12 [================>.............] - ETA: 0s - loss: 0.0535
10/12 [========================>.....] - ETA: 0s - loss: 0.0527
12/12 [==============================] - 0s 24ms/step - loss: 0.0519
Epoch 23/300

 1/12 [=>............................] - ETA: 0s - loss: 0.0405
 4/12 [=========>....................] - ETA: 0s - loss: 0.0415
 7/12 [================>.............] - ETA: 0s - loss: 0.0408
10/12 [========================>.....] - ETA: 0s - loss: 0.0428
12/12 [==============================] - 0s 23ms/step - loss: 0.0464
Epoch 24/300

 1/12 [=>............................] - ETA: 0s - loss: 0.0439
 4/12 [=========>....................] - ETA: 0s - loss: 0.0487
 7/12 [================>.............] - ETA: 0s - loss: 0.0484
10/12 [========================>.....] - ETA: 0s - loss: 0.0472
12/12 [==============================] - 0s 24ms/step - loss: 0.0486
Epoch 25/300

 1/12 [=>............................] - ETA: 0s - loss: 0.0729
 4/12 [=========>....................] - ETA: 0s - loss: 0.0456
 7/12 [================>.............] - ETA: 0s - loss: 0.0490
10/12 [========================>.....] - ETA: 0s - loss: 0.0480
12/12 [==============================] - 0s 23ms/step - loss: 0.0484
Epoch 26/300

 1/12 [=>............................] - ETA: 0s - loss: 0.0483
 4/12 [=========>....................] - ETA: 0s - loss: 0.0455
 7/12 [================>.............] - ETA: 0s - loss: 0.0505
10/12 [========================>.....] - ETA: 0s - loss: 0.0517
12/12 [==============================] - 0s 24ms/step - loss: 0.0511
Epoch 27/300

 1/12 [=>............................] - ETA: 0s - loss: 0.0529
 3/12 [======>.......................] - ETA: 0s - loss: 0.0539
 6/12 [==============>...............] - ETA: 0s - loss: 0.0495
 9/12 [=====================>........] - ETA: 0s - loss: 0.0463
11/12 [==========================>...] - ETA: 0s - loss: 0.0472
12/12 [==============================] - 0s 24ms/step - loss: 0.0470
Epoch 28/300

 1/12 [=>............................] - ETA: 0s - loss: 0.0445
 4/12 [=========>....................] - ETA: 0s - loss: 0.0456
 7/12 [================>.............] - ETA: 0s - loss: 0.0447
 9/12 [=====================>........] - ETA: 0s - loss: 0.0456
12/12 [==============================] - ETA: 0s - loss: 0.0475
12/12 [==============================] - 0s 24ms/step - loss: 0.0475
Epoch 29/300

 1/12 [=>............................] - ETA: 0s - loss: 0.0525
 3/12 [======>.......................] - ETA: 0s - loss: 0.0552
 6/12 [==============>...............] - ETA: 0s - loss: 0.0558
 9/12 [=====================>........] - ETA: 0s - loss: 0.0507
12/12 [==============================] - ETA: 0s - loss: 0.0498
12/12 [==============================] - 0s 24ms/step - loss: 0.0498
Epoch 30/300

 1/12 [=>............................] - ETA: 0s - loss: 0.0509
 4/12 [=========>....................] - ETA: 0s - loss: 0.0467
 7/12 [================>.............] - ETA: 0s - loss: 0.0518
10/12 [========================>.....] - ETA: 0s - loss: 0.0517
12/12 [==============================] - 0s 24ms/step - loss: 0.0516
Epoch 31/300

 1/12 [=>............................] - ETA: 0s - loss: 0.0310
 4/12 [=========>....................] - ETA: 0s - loss: 0.0445
 7/12 [================>.............] - ETA: 0s - loss: 0.0423
10/12 [========================>.....] - ETA: 0s - loss: 0.0456
12/12 [==============================] - 0s 24ms/step - loss: 0.0446
Epoch 32/300

 1/12 [=>............................] - ETA: 0s - loss: 0.0401
 4/12 [=========>....................] - ETA: 0s - loss: 0.0429
 7/12 [================>.............] - ETA: 0s - loss: 0.0413
 9/12 [=====================>........] - ETA: 0s - loss: 0.0422
12/12 [==============================] - ETA: 0s - loss: 0.0454
12/12 [==============================] - 0s 24ms/step - loss: 0.0454
Epoch 33/300

 1/12 [=>............................] - ETA: 0s - loss: 0.0306
 4/12 [=========>....................] - ETA: 0s - loss: 0.0390
 7/12 [================>.............] - ETA: 0s - loss: 0.0428
10/12 [========================>.....] - ETA: 0s - loss: 0.0420
12/12 [==============================] - 0s 24ms/step - loss: 0.0431
Epoch 34/300

 1/12 [=>............................] - ETA: 0s - loss: 0.0535
 3/12 [======>.......................] - ETA: 0s - loss: 0.0541
 6/12 [==============>...............] - ETA: 0s - loss: 0.0492
 9/12 [=====================>........] - ETA: 0s - loss: 0.0485
11/12 [==========================>...] - ETA: 0s - loss: 0.0474
12/12 [==============================] - 0s 24ms/step - loss: 0.0481
Epoch 35/300

 1/12 [=>............................] - ETA: 0s - loss: 0.0401
 4/12 [=========>....................] - ETA: 0s - loss: 0.0427
 7/12 [================>.............] - ETA: 0s - loss: 0.0433
10/12 [========================>.....] - ETA: 0s - loss: 0.0446
12/12 [==============================] - 0s 24ms/step - loss: 0.0441
Epoch 36/300

 1/12 [=>............................] - ETA: 0s - loss: 0.0514
 4/12 [=========>....................] - ETA: 0s - loss: 0.0474
 7/12 [================>.............] - ETA: 0s - loss: 0.0483
10/12 [========================>.....] - ETA: 0s - loss: 0.0455
12/12 [==============================] - 0s 23ms/step - loss: 0.0455
Epoch 37/300

 1/12 [=>............................] - ETA: 0s - loss: 0.0490
 4/12 [=========>....................] - ETA: 0s - loss: 0.0496
 7/12 [================>.............] - ETA: 0s - loss: 0.0472
10/12 [========================>.....] - ETA: 0s - loss: 0.0485
12/12 [==============================] - 0s 24ms/step - loss: 0.0485
Epoch 38/300

 1/12 [=>............................] - ETA: 0s - loss: 0.0504
 3/12 [======>.......................] - ETA: 0s - loss: 0.0464
 6/12 [==============>...............] - ETA: 0s - loss: 0.0435
 9/12 [=====================>........] - ETA: 0s - loss: 0.0460
12/12 [==============================] - ETA: 0s - loss: 0.0459
12/12 [==============================] - 0s 24ms/step - loss: 0.0459
Epoch 39/300

 1/12 [=>............................] - ETA: 0s - loss: 0.0328
 4/12 [=========>....................] - ETA: 0s - loss: 0.0415
 7/12 [================>.............] - ETA: 0s - loss: 0.0436
10/12 [========================>.....] - ETA: 0s - loss: 0.0446
12/12 [==============================] - 0s 23ms/step - loss: 0.0455
Epoch 40/300

 1/12 [=>............................] - ETA: 0s - loss: 0.0494
 4/12 [=========>....................] - ETA: 0s - loss: 0.0493
 7/12 [================>.............] - ETA: 0s - loss: 0.0461
 9/12 [=====================>........] - ETA: 0s - loss: 0.0457
12/12 [==============================] - ETA: 0s - loss: 0.0464
12/12 [==============================] - 0s 24ms/step - loss: 0.0464
Epoch 41/300

 1/12 [=>............................] - ETA: 0s - loss: 0.0473
 4/12 [=========>....................] - ETA: 0s - loss: 0.0465
 7/12 [================>.............] - ETA: 0s - loss: 0.0460
10/12 [========================>.....] - ETA: 0s - loss: 0.0452
12/12 [==============================] - 0s 24ms/step - loss: 0.0437
Epoch 42/300

 1/12 [=>............................] - ETA: 0s - loss: 0.0421
 4/12 [=========>....................] - ETA: 0s - loss: 0.0410
 7/12 [================>.............] - ETA: 0s - loss: 0.0412
10/12 [========================>.....] - ETA: 0s - loss: 0.0418
12/12 [==============================] - 0s 24ms/step - loss: 0.0427
Epoch 43/300

 1/12 [=>............................] - ETA: 0s - loss: 0.0459
 3/12 [======>.......................] - ETA: 0s - loss: 0.0466
 6/12 [==============>...............] - ETA: 0s - loss: 0.0464
 9/12 [=====================>........] - ETA: 0s - loss: 0.0467
12/12 [==============================] - ETA: 0s - loss: 0.0459
12/12 [==============================] - 0s 24ms/step - loss: 0.0459
Epoch 44/300

 1/12 [=>............................] - ETA: 0s - loss: 0.0578
 4/12 [=========>....................] - ETA: 0s - loss: 0.0456
 7/12 [================>.............] - ETA: 0s - loss: 0.0466
10/12 [========================>.....] - ETA: 0s - loss: 0.0445
12/12 [==============================] - 0s 24ms/step - loss: 0.0455
Epoch 45/300

 1/12 [=>............................] - ETA: 0s - loss: 0.0415
 4/12 [=========>....................] - ETA: 0s - loss: 0.0480
 7/12 [================>.............] - ETA: 0s - loss: 0.0465
10/12 [========================>.....] - ETA: 0s - loss: 0.0463
12/12 [==============================] - 0s 24ms/step - loss: 0.0459
Epoch 46/300

 1/12 [=>............................] - ETA: 0s - loss: 0.0338
 4/12 [=========>....................] - ETA: 0s - loss: 0.0376
 7/12 [================>.............] - ETA: 0s - loss: 0.0388
 9/12 [=====================>........] - ETA: 0s - loss: 0.0401
12/12 [==============================] - ETA: 0s - loss: 0.0393
12/12 [==============================] - 0s 24ms/step - loss: 0.0393
Epoch 47/300

 1/12 [=>............................] - ETA: 0s - loss: 0.0329
 4/12 [=========>....................] - ETA: 0s - loss: 0.0394
 7/12 [================>.............] - ETA: 0s - loss: 0.0414
 9/12 [=====================>........] - ETA: 0s - loss: 0.0435
12/12 [==============================] - ETA: 0s - loss: 0.0440
12/12 [==============================] - 0s 24ms/step - loss: 0.0440
Epoch 48/300

 1/12 [=>............................] - ETA: 0s - loss: 0.0388
 3/12 [======>.......................] - ETA: 0s - loss: 0.0397
 5/12 [===========>..................] - ETA: 0s - loss: 0.0399
 7/12 [================>.............] - ETA: 0s - loss: 0.0434
10/12 [========================>.....] - ETA: 0s - loss: 0.0451
12/12 [==============================] - 0s 24ms/step - loss: 0.0444
Epoch 49/300

 1/12 [=>............................] - ETA: 0s - loss: 0.0489
 4/12 [=========>....................] - ETA: 0s - loss: 0.0487
 6/12 [==============>...............] - ETA: 0s - loss: 0.0482
 9/12 [=====================>........] - ETA: 0s - loss: 0.0485
12/12 [==============================] - ETA: 0s - loss: 0.0470
12/12 [==============================] - 0s 24ms/step - loss: 0.0470
Epoch 50/300

 1/12 [=>............................] - ETA: 0s - loss: 0.0539
 3/12 [======>.......................] - ETA: 0s - loss: 0.0501
 6/12 [==============>...............] - ETA: 0s - loss: 0.0451
 9/12 [=====================>........] - ETA: 0s - loss: 0.0424
12/12 [==============================] - ETA: 0s - loss: 0.0422
12/12 [==============================] - 0s 24ms/step - loss: 0.0422
Epoch 51/300

 1/12 [=>............................] - ETA: 0s - loss: 0.0402
 4/12 [=========>....................] - ETA: 0s - loss: 0.0397
 6/12 [==============>...............] - ETA: 0s - loss: 0.0404
 9/12 [=====================>........] - ETA: 0s - loss: 0.0416
11/12 [==========================>...] - ETA: 0s - loss: 0.0434
12/12 [==============================] - 0s 24ms/step - loss: 0.0435
Epoch 52/300

 1/12 [=>............................] - ETA: 0s - loss: 0.0577
 3/12 [======>.......................] - ETA: 0s - loss: 0.0502
 6/12 [==============>...............] - ETA: 0s - loss: 0.0456
 9/12 [=====================>........] - ETA: 0s - loss: 0.0468
12/12 [==============================] - ETA: 0s - loss: 0.0456
12/12 [==============================] - 0s 24ms/step - loss: 0.0456
Epoch 53/300

 1/12 [=>............................] - ETA: 0s - loss: 0.0453
 4/12 [=========>....................] - ETA: 0s - loss: 0.0409
 7/12 [================>.............] - ETA: 0s - loss: 0.0429
10/12 [========================>.....] - ETA: 0s - loss: 0.0433
12/12 [==============================] - 0s 24ms/step - loss: 0.0435
Epoch 54/300

 1/12 [=>............................] - ETA: 0s - loss: 0.0453
 3/12 [======>.......................] - ETA: 0s - loss: 0.0428
 6/12 [==============>...............] - ETA: 0s - loss: 0.0411
 9/12 [=====================>........] - ETA: 0s - loss: 0.0386
12/12 [==============================] - ETA: 0s - loss: 0.0379
12/12 [==============================] - 0s 24ms/step - loss: 0.0379
Epoch 55/300

 1/12 [=>............................] - ETA: 0s - loss: 0.0416
 4/12 [=========>....................] - ETA: 0s - loss: 0.0406
 6/12 [==============>...............] - ETA: 0s - loss: 0.0408
 9/12 [=====================>........] - ETA: 0s - loss: 0.0407
12/12 [==============================] - ETA: 0s - loss: 0.0420
12/12 [==============================] - 0s 24ms/step - loss: 0.0420
Epoch 56/300

 1/12 [=>............................] - ETA: 0s - loss: 0.0393
 4/12 [=========>....................] - ETA: 0s - loss: 0.0461
 6/12 [==============>...............] - ETA: 0s - loss: 0.0441
 9/12 [=====================>........] - ETA: 0s - loss: 0.0443
11/12 [==========================>...] - ETA: 0s - loss: 0.0461
12/12 [==============================] - 0s 24ms/step - loss: 0.0458
Epoch 57/300

 1/12 [=>............................] - ETA: 0s - loss: 0.0602
 3/12 [======>.......................] - ETA: 0s - loss: 0.0435
 5/12 [===========>..................] - ETA: 0s - loss: 0.0411
 8/12 [===================>..........] - ETA: 0s - loss: 0.0419
11/12 [==========================>...] - ETA: 0s - loss: 0.0412
12/12 [==============================] - 0s 24ms/step - loss: 0.0409
Epoch 58/300

 1/12 [=>............................] - ETA: 0s - loss: 0.0528
 4/12 [=========>....................] - ETA: 0s - loss: 0.0452
 7/12 [================>.............] - ETA: 0s - loss: 0.0418
10/12 [========================>.....] - ETA: 0s - loss: 0.0426
12/12 [==============================] - 0s 24ms/step - loss: 0.0426
Epoch 59/300

 1/12 [=>............................] - ETA: 0s - loss: 0.0389
 3/12 [======>.......................] - ETA: 0s - loss: 0.0402
 5/12 [===========>..................] - ETA: 0s - loss: 0.0391
 7/12 [================>.............] - ETA: 0s - loss: 0.0397
10/12 [========================>.....] - ETA: 0s - loss: 0.0416
12/12 [==============================] - 0s 25ms/step - loss: 0.0414
Epoch 60/300

 1/12 [=>............................] - ETA: 0s - loss: 0.0363
 3/12 [======>.......................] - ETA: 0s - loss: 0.0413
 6/12 [==============>...............] - ETA: 0s - loss: 0.0433
 9/12 [=====================>........] - ETA: 0s - loss: 0.0435
11/12 [==========================>...] - ETA: 0s - loss: 0.0427
12/12 [==============================] - 0s 25ms/step - loss: 0.0421
Epoch 61/300

 1/12 [=>............................] - ETA: 0s - loss: 0.0428
 3/12 [======>.......................] - ETA: 0s - loss: 0.0476
 6/12 [==============>...............] - ETA: 0s - loss: 0.0481
 8/12 [===================>..........] - ETA: 0s - loss: 0.0482
11/12 [==========================>...] - ETA: 0s - loss: 0.0438
12/12 [==============================] - 0s 25ms/step - loss: 0.0444
Epoch 62/300

 1/12 [=>............................] - ETA: 0s - loss: 0.0441
 4/12 [=========>....................] - ETA: 0s - loss: 0.0442
 6/12 [==============>...............] - ETA: 0s - loss: 0.0428
 8/12 [===================>..........] - ETA: 0s - loss: 0.0430
10/12 [========================>.....] - ETA: 0s - loss: 0.0438
12/12 [==============================] - 0s 25ms/step - loss: 0.0431
Epoch 63/300

 1/12 [=>............................] - ETA: 0s - loss: 0.0382
 3/12 [======>.......................] - ETA: 0s - loss: 0.0371
 5/12 [===========>..................] - ETA: 0s - loss: 0.0371
 8/12 [===================>..........] - ETA: 0s - loss: 0.0402
10/12 [========================>.....] - ETA: 0s - loss: 0.0395
12/12 [==============================] - 0s 25ms/step - loss: 0.0401
Epoch 64/300

 1/12 [=>............................] - ETA: 0s - loss: 0.0391
 3/12 [======>.......................] - ETA: 0s - loss: 0.0375
 5/12 [===========>..................] - ETA: 0s - loss: 0.0414
 8/12 [===================>..........] - ETA: 0s - loss: 0.0411
11/12 [==========================>...] - ETA: 0s - loss: 0.0432
12/12 [==============================] - 0s 24ms/step - loss: 0.0431
Epoch 65/300

 1/12 [=>............................] - ETA: 0s - loss: 0.0376
 3/12 [======>.......................] - ETA: 0s - loss: 0.0353
 6/12 [==============>...............] - ETA: 0s - loss: 0.0421
 9/12 [=====================>........] - ETA: 0s - loss: 0.0403
12/12 [==============================] - ETA: 0s - loss: 0.0402
12/12 [==============================] - 0s 24ms/step - loss: 0.0402
Epoch 66/300

 1/12 [=>............................] - ETA: 0s - loss: 0.0290
 4/12 [=========>....................] - ETA: 0s - loss: 0.0352
 7/12 [================>.............] - ETA: 0s - loss: 0.0384
10/12 [========================>.....] - ETA: 0s - loss: 0.0406
12/12 [==============================] - 0s 24ms/step - loss: 0.0399
Epoch 67/300

 1/12 [=>............................] - ETA: 0s - loss: 0.0396
 4/12 [=========>....................] - ETA: 0s - loss: 0.0450
 7/12 [================>.............] - ETA: 0s - loss: 0.0444
10/12 [========================>.....] - ETA: 0s - loss: 0.0444
12/12 [==============================] - 0s 24ms/step - loss: 0.0448
Epoch 68/300

 1/12 [=>............................] - ETA: 0s - loss: 0.0444
 4/12 [=========>....................] - ETA: 0s - loss: 0.0436
 7/12 [================>.............] - ETA: 0s - loss: 0.0438
10/12 [========================>.....] - ETA: 0s - loss: 0.0447
12/12 [==============================] - 0s 24ms/step - loss: 0.0448
Epoch 69/300

 1/12 [=>............................] - ETA: 0s - loss: 0.0330
 4/12 [=========>....................] - ETA: 0s - loss: 0.0422
 6/12 [==============>...............] - ETA: 0s - loss: 0.0436
 9/12 [=====================>........] - ETA: 0s - loss: 0.0431
11/12 [==========================>...] - ETA: 0s - loss: 0.0424
12/12 [==============================] - 0s 24ms/step - loss: 0.0422
Epoch 70/300

 1/12 [=>............................] - ETA: 0s - loss: 0.0383
 4/12 [=========>....................] - ETA: 0s - loss: 0.0422
 6/12 [==============>...............] - ETA: 0s - loss: 0.0417
 9/12 [=====================>........] - ETA: 0s - loss: 0.0404
11/12 [==========================>...] - ETA: 0s - loss: 0.0409
12/12 [==============================] - 0s 24ms/step - loss: 0.0407
Epoch 71/300

 1/12 [=>............................] - ETA: 0s - loss: 0.0515
 4/12 [=========>....................] - ETA: 0s - loss: 0.0449
 6/12 [==============>...............] - ETA: 0s - loss: 0.0437
 9/12 [=====================>........] - ETA: 0s - loss: 0.0432
11/12 [==========================>...] - ETA: 0s - loss: 0.0425
12/12 [==============================] - 0s 24ms/step - loss: 0.0423
Epoch 72/300

 1/12 [=>............................] - ETA: 0s - loss: 0.0370
 4/12 [=========>....................] - ETA: 0s - loss: 0.0383
 7/12 [================>.............] - ETA: 0s - loss: 0.0373
10/12 [========================>.....] - ETA: 0s - loss: 0.0380
12/12 [==============================] - 0s 24ms/step - loss: 0.0395
Epoch 73/300

 1/12 [=>............................] - ETA: 0s - loss: 0.0410
 3/12 [======>.......................] - ETA: 0s - loss: 0.0426
 6/12 [==============>...............] - ETA: 0s - loss: 0.0411
 8/12 [===================>..........] - ETA: 0s - loss: 0.0389
11/12 [==========================>...] - ETA: 0s - loss: 0.0402
12/12 [==============================] - 0s 24ms/step - loss: 0.0412
Epoch 74/300

 1/12 [=>............................] - ETA: 0s - loss: 0.0402
 4/12 [=========>....................] - ETA: 0s - loss: 0.0410
 6/12 [==============>...............] - ETA: 0s - loss: 0.0424
 8/12 [===================>..........] - ETA: 0s - loss: 0.0415
11/12 [==========================>...] - ETA: 0s - loss: 0.0426
12/12 [==============================] - 0s 24ms/step - loss: 0.0426
Epoch 74: early stopping

 1/12 [=>............................] - ETA: 3s
11/12 [==========================>...] - ETA: 0s
12/12 [==============================] - 0s 5ms/step
指標 CSV を保存: C:\Users\Casper4\Python\ueki\shibasaki\研究\Pool_boiling\Subcooling_20_degrees\0.3\2025.06.18_0.3_3\regression_result\npy\conformer\20260702_cfa\heatflux_no_noise\maxfreq=22kHz\e300_t56d64k15b2_conformer\metrics_summary_no_noise.csv
tuning summary saved: C:\Users\Casper4\Python\ueki\shibasaki\研究\Pool_boiling\Subcooling_20_degrees\0.3\2025.06.18_0.3_3\regression_result\npy\conformer\20260702_cfa\tuning_summary.csv

========================================
dataset 2/3 | 2025.07.09_0.3_1 | maxfreq=22kHz | heatflux_no_noise
data_path=C:\Users\Casper4\Python\ueki\shibasaki\研究\Pool_boiling\Subcooling_20_degrees\0.3\2025.07.09_0.3_1\data\npy\waterflow_20251219_1s\maxfreq=22kHz\heatflux_no_noise
threshold=275174.6640882674
読み込みスタート
x shape: (1020, 224, 224, 1) | y shape: (1020,) | 読み込み 1.40 秒
parameter_set=t28d128k15b3 | model_params={'conformer': {'lr': 0.0001, 'batch_size': 64, 'early_stopping': True, 'builder_params': {'model_dim': 128, 'attention_key_dim': 32, 'num_heads': 4, 'ff_dim': 512, 'num_conformer_blocks': 3, 'conv_kernel_size': 15, 'dropout': 0.2, 'time_reduction': 8, 'frontend_filters': [48, 96, 128, 128, 128]}, 'input_axes_assumption': ['time_frame', 'frequency_bin', 'channel'], 'architecture': {'front_end': 'alexnet_like_cnn_with_configurable_time_reduction', 'sequence_length_after_cnn': '224 / time_reduction', 'encoder': 'conformer_block', 'model_dim': 256, 'attention_key_dim': 64, 'num_heads': 4, 'ff_dim': 2048, 'conv_kernel_size': 31, 'pooling': 'AttentionPooling'}}}
run_dir=e300_t28d128k15b3_conformer
  params for conformer: lr=0.0001, batch_size=64
[Conformer] Fold 1/3 学習開始
Epoch 1/300

 1/11 [=>............................] - ETA: 49s - loss: 0.4733
 3/11 [=======>......................] - ETA: 0s - loss: 0.4381 
 5/11 [============>.................] - ETA: 0s - loss: 0.4360
 7/11 [==================>...........] - ETA: 0s - loss: 0.3904
 9/11 [=======================>......] - ETA: 0s - loss: 0.3536
11/11 [==============================] - ETA: 0s - loss: 0.3353
11/11 [==============================] - 5s 34ms/step - loss: 0.3353
Epoch 2/300

 1/11 [=>............................] - ETA: 0s - loss: 0.1194
 3/11 [=======>......................] - ETA: 0s - loss: 0.1192
 5/11 [============>.................] - ETA: 0s - loss: 0.1056
 7/11 [==================>...........] - ETA: 0s - loss: 0.1099
 9/11 [=======================>......] - ETA: 0s - loss: 0.1082
11/11 [==============================] - ETA: 0s - loss: 0.1095
11/11 [==============================] - 0s 28ms/step - loss: 0.1095
Epoch 3/300

 1/11 [=>............................] - ETA: 0s - loss: 0.0914
 3/11 [=======>......................] - ETA: 0s - loss: 0.0976
 5/11 [============>.................] - ETA: 0s - loss: 0.1012
 7/11 [==================>...........] - ETA: 0s - loss: 0.0959
 9/11 [=======================>......] - ETA: 0s - loss: 0.0929
11/11 [==============================] - 0s 28ms/step - loss: 0.0909
Epoch 4/300

 1/11 [=>............................] - ETA: 0s - loss: 0.0631
 3/11 [=======>......................] - ETA: 0s - loss: 0.0740
 5/11 [============>.................] - ETA: 0s - loss: 0.0755
 7/11 [==================>...........] - ETA: 0s - loss: 0.0746
 9/11 [=======================>......] - ETA: 0s - loss: 0.0748
11/11 [==============================] - ETA: 0s - loss: 0.0766
11/11 [==============================] - 0s 28ms/step - loss: 0.0766
Epoch 5/300

 1/11 [=>............................] - ETA: 0s - loss: 0.0595
 3/11 [=======>......................] - ETA: 0s - loss: 0.0714
 5/11 [============>.................] - ETA: 0s - loss: 0.0734
 7/11 [==================>...........] - ETA: 0s - loss: 0.0681
 9/11 [=======================>......] - ETA: 0s - loss: 0.0675
11/11 [==============================] - ETA: 0s - loss: 0.0686
11/11 [==============================] - 0s 28ms/step - loss: 0.0686
Epoch 6/300

 1/11 [=>............................] - ETA: 0s - loss: 0.0599
 3/11 [=======>......................] - ETA: 0s - loss: 0.0631
 5/11 [============>.................] - ETA: 0s - loss: 0.0649
 7/11 [==================>...........] - ETA: 0s - loss: 0.0654
 9/11 [=======================>......] - ETA: 0s - loss: 0.0659
11/11 [==============================] - ETA: 0s - loss: 0.0632
11/11 [==============================] - 0s 28ms/step - loss: 0.0632
Epoch 7/300

 1/11 [=>............................] - ETA: 0s - loss: 0.0466
 3/11 [=======>......................] - ETA: 0s - loss: 0.0578
 5/11 [============>.................] - ETA: 0s - loss: 0.0596
 7/11 [==================>...........] - ETA: 0s - loss: 0.0617
 9/11 [=======================>......] - ETA: 0s - loss: 0.0584
11/11 [==============================] - 0s 27ms/step - loss: 0.0585
Epoch 8/300

 1/11 [=>............................] - ETA: 0s - loss: 0.0455
 3/11 [=======>......................] - ETA: 0s - loss: 0.0560
 5/11 [============>.................] - ETA: 0s - loss: 0.0577
 7/11 [==================>...........] - ETA: 0s - loss: 0.0599
 9/11 [=======================>......] - ETA: 0s - loss: 0.0583
11/11 [==============================] - ETA: 0s - loss: 0.0580
11/11 [==============================] - 0s 28ms/step - loss: 0.0580
Epoch 9/300

 1/11 [=>............................] - ETA: 0s - loss: 0.0614
 3/11 [=======>......................] - ETA: 0s - loss: 0.0582
 5/11 [============>.................] - ETA: 0s - loss: 0.0584
 7/11 [==================>...........] - ETA: 0s - loss: 0.0587
 9/11 [=======================>......] - ETA: 0s - loss: 0.0574
11/11 [==============================] - ETA: 0s - loss: 0.0561
11/11 [==============================] - 0s 28ms/step - loss: 0.0561
Epoch 10/300

 1/11 [=>............................] - ETA: 0s - loss: 0.0614
 3/11 [=======>......................] - ETA: 0s - loss: 0.0589
 5/11 [============>.................] - ETA: 0s - loss: 0.0549
 7/11 [==================>...........] - ETA: 0s - loss: 0.0517
 9/11 [=======================>......] - ETA: 0s - loss: 0.0533
11/11 [==============================] - ETA: 0s - loss: 0.0520
11/11 [==============================] - 0s 29ms/step - loss: 0.0520
Epoch 11/300

 1/11 [=>............................] - ETA: 0s - loss: 0.0453
 3/11 [=======>......................] - ETA: 0s - loss: 0.0498
 5/11 [============>.................] - ETA: 0s - loss: 0.0488
 7/11 [==================>...........] - ETA: 0s - loss: 0.0494
 9/11 [=======================>......] - ETA: 0s - loss: 0.0489
11/11 [==============================] - ETA: 0s - loss: 0.0487
11/11 [==============================] - 0s 28ms/step - loss: 0.0487
Epoch 12/300

 1/11 [=>............................] - ETA: 0s - loss: 0.0529
 3/11 [=======>......................] - ETA: 0s - loss: 0.0547
 5/11 [============>.................] - ETA: 0s - loss: 0.0532
 7/11 [==================>...........] - ETA: 0s - loss: 0.0511
 9/11 [=======================>......] - ETA: 0s - loss: 0.0514
11/11 [==============================] - ETA: 0s - loss: 0.0507
11/11 [==============================] - 0s 29ms/step - loss: 0.0507
Epoch 13/300

 1/11 [=>............................] - ETA: 0s - loss: 0.0596
 3/11 [=======>......................] - ETA: 0s - loss: 0.0588
 5/11 [============>.................] - ETA: 0s - loss: 0.0577
 7/11 [==================>...........] - ETA: 0s - loss: 0.0562
 9/11 [=======================>......] - ETA: 0s - loss: 0.0534
11/11 [==============================] - ETA: 0s - loss: 0.0542
11/11 [==============================] - 0s 28ms/step - loss: 0.0542
Epoch 14/300

 1/11 [=>............................] - ETA: 0s - loss: 0.0438
 3/11 [=======>......................] - ETA: 0s - loss: 0.0447
 5/11 [============>.................] - ETA: 0s - loss: 0.0488
 7/11 [==================>...........] - ETA: 0s - loss: 0.0481
 9/11 [=======================>......] - ETA: 0s - loss: 0.0502
11/11 [==============================] - ETA: 0s - loss: 0.0518
11/11 [==============================] - 0s 29ms/step - loss: 0.0518
Epoch 15/300

 1/11 [=>............................] - ETA: 0s - loss: 0.0521
 3/11 [=======>......................] - ETA: 0s - loss: 0.0463
 5/11 [============>.................] - ETA: 0s - loss: 0.0487
 7/11 [==================>...........] - ETA: 0s - loss: 0.0503
 9/11 [=======================>......] - ETA: 0s - loss: 0.0495
11/11 [==============================] - ETA: 0s - loss: 0.0506
11/11 [==============================] - 0s 28ms/step - loss: 0.0506
Epoch 16/300

 1/11 [=>............................] - ETA: 0s - loss: 0.0444
 3/11 [=======>......................] - ETA: 0s - loss: 0.0511
 5/11 [============>.................] - ETA: 0s - loss: 0.0522
 7/11 [==================>...........] - ETA: 0s - loss: 0.0495
 9/11 [=======================>......] - ETA: 0s - loss: 0.0526
11/11 [==============================] - ETA: 0s - loss: 0.0525
11/11 [==============================] - 0s 29ms/step - loss: 0.0525
Epoch 17/300

 1/11 [=>............................] - ETA: 0s - loss: 0.0616
 3/11 [=======>......................] - ETA: 0s - loss: 0.0574
 5/11 [============>.................] - ETA: 0s - loss: 0.0540
 7/11 [==================>...........] - ETA: 0s - loss: 0.0537
 9/11 [=======================>......] - ETA: 0s - loss: 0.0531
11/11 [==============================] - ETA: 0s - loss: 0.0532
11/11 [==============================] - 0s 28ms/step - loss: 0.0532
Epoch 18/300

 1/11 [=>............................] - ETA: 0s - loss: 0.0551
 3/11 [=======>......................] - ETA: 0s - loss: 0.0571
 5/11 [============>.................] - ETA: 0s - loss: 0.0554
 7/11 [==================>...........] - ETA: 0s - loss: 0.0525
 9/11 [=======================>......] - ETA: 0s - loss: 0.0512
11/11 [==============================] - ETA: 0s - loss: 0.0516
11/11 [==============================] - 0s 28ms/step - loss: 0.0516
Epoch 19/300

 1/11 [=>............................] - ETA: 0s - loss: 0.0719
 3/11 [=======>......................] - ETA: 0s - loss: 0.0596
 5/11 [============>.................] - ETA: 0s - loss: 0.0606
 7/11 [==================>...........] - ETA: 0s - loss: 0.0578
 9/11 [=======================>......] - ETA: 0s - loss: 0.0562
11/11 [==============================] - ETA: 0s - loss: 0.0547
11/11 [==============================] - 0s 28ms/step - loss: 0.0547
Epoch 20/300

 1/11 [=>............................] - ETA: 0s - loss: 0.0630
 3/11 [=======>......................] - ETA: 0s - loss: 0.0517
 5/11 [============>.................] - ETA: 0s - loss: 0.0485
 7/11 [==================>...........] - ETA: 0s - loss: 0.0514
 9/11 [=======================>......] - ETA: 0s - loss: 0.0527
11/11 [==============================] - ETA: 0s - loss: 0.0531
11/11 [==============================] - 0s 28ms/step - loss: 0.0531
Epoch 21/300

 1/11 [=>............................] - ETA: 0s - loss: 0.0711
 3/11 [=======>......................] - ETA: 0s - loss: 0.0580
 5/11 [============>.................] - ETA: 0s - loss: 0.0534
 7/11 [==================>...........] - ETA: 0s - loss: 0.0513
 9/11 [=======================>......] - ETA: 0s - loss: 0.0519
11/11 [==============================] - ETA: 0s - loss: 0.0511
11/11 [==============================] - 0s 28ms/step - loss: 0.0511
Epoch 22/300

 1/11 [=>............................] - ETA: 0s - loss: 0.0429
 3/11 [=======>......................] - ETA: 0s - loss: 0.0512
 5/11 [============>.................] - ETA: 0s - loss: 0.0482
 7/11 [==================>...........] - ETA: 0s - loss: 0.0478
 9/11 [=======================>......] - ETA: 0s - loss: 0.0478
11/11 [==============================] - ETA: 0s - loss: 0.0495
11/11 [==============================] - 0s 28ms/step - loss: 0.0495
Epoch 23/300

 1/11 [=>............................] - ETA: 0s - loss: 0.0555
 3/11 [=======>......................] - ETA: 0s - loss: 0.0493
 5/11 [============>.................] - ETA: 0s - loss: 0.0502
 7/11 [==================>...........] - ETA: 0s - loss: 0.0509
 9/11 [=======================>......] - ETA: 0s - loss: 0.0502
11/11 [==============================] - ETA: 0s - loss: 0.0502
11/11 [==============================] - 0s 28ms/step - loss: 0.0502
Epoch 24/300

 1/11 [=>............................] - ETA: 0s - loss: 0.0629
 3/11 [=======>......................] - ETA: 0s - loss: 0.0587
 5/11 [============>.................] - ETA: 0s - loss: 0.0514
 7/11 [==================>...........] - ETA: 0s - loss: 0.0499
 9/11 [=======================>......] - ETA: 0s - loss: 0.0485
11/11 [==============================] - ETA: 0s - loss: 0.0489
11/11 [==============================] - 0s 28ms/step - loss: 0.0489
Epoch 25/300

 1/11 [=>............................] - ETA: 0s - loss: 0.0590
 3/11 [=======>......................] - ETA: 0s - loss: 0.0499
 5/11 [============>.................] - ETA: 0s - loss: 0.0509
 7/11 [==================>...........] - ETA: 0s - loss: 0.0541
 9/11 [=======================>......] - ETA: 0s - loss: 0.0564
11/11 [==============================] - ETA: 0s - loss: 0.0567
11/11 [==============================] - 0s 28ms/step - loss: 0.0567
Epoch 26/300

 1/11 [=>............................] - ETA: 0s - loss: 0.0614
 3/11 [=======>......................] - ETA: 0s - loss: 0.0504
 5/11 [============>.................] - ETA: 0s - loss: 0.0529
 7/11 [==================>...........] - ETA: 0s - loss: 0.0527
 9/11 [=======================>......] - ETA: 0s - loss: 0.0519
11/11 [==============================] - ETA: 0s - loss: 0.0514
11/11 [==============================] - 0s 27ms/step - loss: 0.0514
Epoch 27/300

 1/11 [=>............................] - ETA: 0s - loss: 0.0439
 3/11 [=======>......................] - ETA: 0s - loss: 0.0461
 5/11 [============>.................] - ETA: 0s - loss: 0.0487
 7/11 [==================>...........] - ETA: 0s - loss: 0.0496
 9/11 [=======================>......] - ETA: 0s - loss: 0.0490
11/11 [==============================] - ETA: 0s - loss: 0.0479
11/11 [==============================] - 0s 27ms/step - loss: 0.0479
Epoch 28/300

 1/11 [=>............................] - ETA: 0s - loss: 0.0526
 3/11 [=======>......................] - ETA: 0s - loss: 0.0468
 5/11 [============>.................] - ETA: 0s - loss: 0.0472
 7/11 [==================>...........] - ETA: 0s - loss: 0.0461
 9/11 [=======================>......] - ETA: 0s - loss: 0.0464
11/11 [==============================] - ETA: 0s - loss: 0.0457
11/11 [==============================] - 0s 28ms/step - loss: 0.0457
Epoch 29/300

 1/11 [=>............................] - ETA: 0s - loss: 0.0620
 3/11 [=======>......................] - ETA: 0s - loss: 0.0492
 5/11 [============>.................] - ETA: 0s - loss: 0.0482
 7/11 [==================>...........] - ETA: 0s - loss: 0.0488
 9/11 [=======================>......] - ETA: 0s - loss: 0.0504
11/11 [==============================] - ETA: 0s - loss: 0.0495
11/11 [==============================] - 0s 28ms/step - loss: 0.0495
Epoch 30/300

 1/11 [=>............................] - ETA: 0s - loss: 0.0507
 3/11 [=======>......................] - ETA: 0s - loss: 0.0464
 5/11 [============>.................] - ETA: 0s - loss: 0.0475
 7/11 [==================>...........] - ETA: 0s - loss: 0.0478
 9/11 [=======================>......] - ETA: 0s - loss: 0.0471
11/11 [==============================] - ETA: 0s - loss: 0.0465
11/11 [==============================] - 0s 29ms/step - loss: 0.0465
Epoch 31/300

 1/11 [=>............................] - ETA: 0s - loss: 0.0483
 3/11 [=======>......................] - ETA: 0s - loss: 0.0490
 5/11 [============>.................] - ETA: 0s - loss: 0.0535
 7/11 [==================>...........] - ETA: 0s - loss: 0.0535
 9/11 [=======================>......] - ETA: 0s - loss: 0.0526
11/11 [==============================] - ETA: 0s - loss: 0.0519
11/11 [==============================] - 0s 31ms/step - loss: 0.0519
Epoch 32/300

 1/11 [=>............................] - ETA: 0s - loss: 0.0478
 3/11 [=======>......................] - ETA: 0s - loss: 0.0516
 5/11 [============>.................] - ETA: 0s - loss: 0.0503
 7/11 [==================>...........] - ETA: 0s - loss: 0.0491
 9/11 [=======================>......] - ETA: 0s - loss: 0.0484
11/11 [==============================] - ETA: 0s - loss: 0.0472
11/11 [==============================] - 0s 27ms/step - loss: 0.0472
Epoch 33/300

 1/11 [=>............................] - ETA: 0s - loss: 0.0532
 3/11 [=======>......................] - ETA: 0s - loss: 0.0469
 5/11 [============>.................] - ETA: 0s - loss: 0.0509
 7/11 [==================>...........] - ETA: 0s - loss: 0.0500
 9/11 [=======================>......] - ETA: 0s - loss: 0.0498
11/11 [==============================] - ETA: 0s - loss: 0.0522
11/11 [==============================] - 0s 27ms/step - loss: 0.0522
Epoch 34/300

 1/11 [=>............................] - ETA: 0s - loss: 0.0304
 3/11 [=======>......................] - ETA: 0s - loss: 0.0344
 5/11 [============>.................] - ETA: 0s - loss: 0.0387
 7/11 [==================>...........] - ETA: 0s - loss: 0.0427
 9/11 [=======================>......] - ETA: 0s - loss: 0.0443
11/11 [==============================] - ETA: 0s - loss: 0.0442
11/11 [==============================] - 0s 28ms/step - loss: 0.0442
Epoch 35/300

 1/11 [=>............................] - ETA: 0s - loss: 0.0498
 3/11 [=======>......................] - ETA: 0s - loss: 0.0544
 5/11 [============>.................] - ETA: 0s - loss: 0.0489
 7/11 [==================>...........] - ETA: 0s - loss: 0.0481
 9/11 [=======================>......] - ETA: 0s - loss: 0.0476
11/11 [==============================] - ETA: 0s - loss: 0.0465
11/11 [==============================] - 0s 28ms/step - loss: 0.0465
Epoch 36/300

 1/11 [=>............................] - ETA: 0s - loss: 0.0437
 3/11 [=======>......................] - ETA: 0s - loss: 0.0459
 5/11 [============>.................] - ETA: 0s - loss: 0.0471
 7/11 [==================>...........] - ETA: 0s - loss: 0.0471
 9/11 [=======================>......] - ETA: 0s - loss: 0.0459
11/11 [==============================] - ETA: 0s - loss: 0.0458
11/11 [==============================] - 0s 28ms/step - loss: 0.0458
Epoch 37/300

 1/11 [=>............................] - ETA: 0s - loss: 0.0486
 3/11 [=======>......................] - ETA: 0s - loss: 0.0448
 5/11 [============>.................] - ETA: 0s - loss: 0.0452
 7/11 [==================>...........] - ETA: 0s - loss: 0.0478
 9/11 [=======================>......] - ETA: 0s - loss: 0.0475
11/11 [==============================] - ETA: 0s - loss: 0.0457
11/11 [==============================] - 0s 27ms/step - loss: 0.0457
Epoch 38/300

 1/11 [=>............................] - ETA: 0s - loss: 0.0636
 3/11 [=======>......................] - ETA: 0s - loss: 0.0609
 5/11 [============>.................] - ETA: 0s - loss: 0.0554
 7/11 [==================>...........] - ETA: 0s - loss: 0.0525
 9/11 [=======================>......] - ETA: 0s - loss: 0.0520
11/11 [==============================] - ETA: 0s - loss: 0.0510
11/11 [==============================] - 0s 28ms/step - loss: 0.0510
Epoch 39/300

 1/11 [=>............................] - ETA: 0s - loss: 0.0381
 3/11 [=======>......................] - ETA: 0s - loss: 0.0420
 5/11 [============>.................] - ETA: 0s - loss: 0.0417
 7/11 [==================>...........] - ETA: 0s - loss: 0.0437
 9/11 [=======================>......] - ETA: 0s - loss: 0.0425
11/11 [==============================] - ETA: 0s - loss: 0.0433
11/11 [==============================] - 0s 27ms/step - loss: 0.0433
Epoch 40/300

 1/11 [=>............................] - ETA: 0s - loss: 0.0579
 3/11 [=======>......................] - ETA: 0s - loss: 0.0513
 5/11 [============>.................] - ETA: 0s - loss: 0.0484
 7/11 [==================>...........] - ETA: 0s - loss: 0.0461
 9/11 [=======================>......] - ETA: 0s - loss: 0.0460
11/11 [==============================] - 0s 27ms/step - loss: 0.0461
Epoch 41/300

 1/11 [=>............................] - ETA: 0s - loss: 0.0379
 3/11 [=======>......................] - ETA: 0s - loss: 0.0424
 5/11 [============>.................] - ETA: 0s - loss: 0.0421
 7/11 [==================>...........] - ETA: 0s - loss: 0.0458
 9/11 [=======================>......] - ETA: 0s - loss: 0.0438
11/11 [==============================] - ETA: 0s - loss: 0.0450
11/11 [==============================] - 0s 27ms/step - loss: 0.0450
Epoch 42/300

 1/11 [=>............................] - ETA: 0s - loss: 0.0516
 3/11 [=======>......................] - ETA: 0s - loss: 0.0467
 5/11 [============>.................] - ETA: 0s - loss: 0.0489
 7/11 [==================>...........] - ETA: 0s - loss: 0.0465
 9/11 [=======================>......] - ETA: 0s - loss: 0.0457
11/11 [==============================] - ETA: 0s - loss: 0.0462
11/11 [==============================] - 0s 28ms/step - loss: 0.0462
Epoch 43/300

 1/11 [=>............................] - ETA: 0s - loss: 0.0536
 3/11 [=======>......................] - ETA: 0s - loss: 0.0522
 5/11 [============>.................] - ETA: 0s - loss: 0.0502
 7/11 [==================>...........] - ETA: 0s - loss: 0.0485
 9/11 [=======================>......] - ETA: 0s - loss: 0.0485
11/11 [==============================] - ETA: 0s - loss: 0.0479
11/11 [==============================] - 0s 28ms/step - loss: 0.0479
Epoch 44/300

 1/11 [=>............................] - ETA: 0s - loss: 0.0460
 3/11 [=======>......................] - ETA: 0s - loss: 0.0458
 5/11 [============>.................] - ETA: 0s - loss: 0.0464
 7/11 [==================>...........] - ETA: 0s - loss: 0.0481
 9/11 [=======================>......] - ETA: 0s - loss: 0.0463
11/11 [==============================] - 0s 27ms/step - loss: 0.0460
Epoch 45/300

 1/11 [=>............................] - ETA: 0s - loss: 0.0476
 3/11 [=======>......................] - ETA: 0s - loss: 0.0467
 5/11 [============>.................] - ETA: 0s - loss: 0.0460
 7/11 [==================>...........] - ETA: 0s - loss: 0.0445
 9/11 [=======================>......] - ETA: 0s - loss: 0.0448
11/11 [==============================] - ETA: 0s - loss: 0.0440
11/11 [==============================] - 0s 27ms/step - loss: 0.0440
Epoch 46/300

 1/11 [=>............................] - ETA: 0s - loss: 0.0568
 3/11 [=======>......................] - ETA: 0s - loss: 0.0591
 5/11 [============>.................] - ETA: 0s - loss: 0.0556
 7/11 [==================>...........] - ETA: 0s - loss: 0.0527
 9/11 [=======================>......] - ETA: 0s - loss: 0.0522
11/11 [==============================] - ETA: 0s - loss: 0.0510
11/11 [==============================] - 0s 28ms/step - loss: 0.0510
Epoch 47/300

 1/11 [=>............................] - ETA: 0s - loss: 0.0420
 3/11 [=======>......................] - ETA: 0s - loss: 0.0422
 5/11 [============>.................] - ETA: 0s - loss: 0.0405
 7/11 [==================>...........] - ETA: 0s - loss: 0.0446
 9/11 [=======================>......] - ETA: 0s - loss: 0.0450
11/11 [==============================] - ETA: 0s - loss: 0.0449
11/11 [==============================] - 0s 27ms/step - loss: 0.0449
Epoch 48/300

 1/11 [=>............................] - ETA: 0s - loss: 0.0554
 3/11 [=======>......................] - ETA: 0s - loss: 0.0494
 5/11 [============>.................] - ETA: 0s - loss: 0.0472
 7/11 [==================>...........] - ETA: 0s - loss: 0.0444
 9/11 [=======================>......] - ETA: 0s - loss: 0.0424
11/11 [==============================] - ETA: 0s - loss: 0.0449
11/11 [==============================] - 0s 28ms/step - loss: 0.0449
Epoch 49/300

 1/11 [=>............................] - ETA: 0s - loss: 0.0613
 3/11 [=======>......................] - ETA: 0s - loss: 0.0528
 5/11 [============>.................] - ETA: 0s - loss: 0.0494
 7/11 [==================>...........] - ETA: 0s - loss: 0.0492
 9/11 [=======================>......] - ETA: 0s - loss: 0.0489
11/11 [==============================] - ETA: 0s - loss: 0.0475
11/11 [==============================] - 0s 27ms/step - loss: 0.0475
Epoch 50/300

 1/11 [=>............................] - ETA: 0s - loss: 0.0368
 3/11 [=======>......................] - ETA: 0s - loss: 0.0426
 5/11 [============>.................] - ETA: 0s - loss: 0.0417
 7/11 [==================>...........] - ETA: 0s - loss: 0.0426
 9/11 [=======================>......] - ETA: 0s - loss: 0.0441
11/11 [==============================] - ETA: 0s - loss: 0.0455
11/11 [==============================] - 0s 27ms/step - loss: 0.0455
Epoch 51/300

 1/11 [=>............................] - ETA: 0s - loss: 0.0457
 3/11 [=======>......................] - ETA: 0s - loss: 0.0438
 5/11 [============>.................] - ETA: 0s - loss: 0.0434
 7/11 [==================>...........] - ETA: 0s - loss: 0.0438
 9/11 [=======================>......] - ETA: 0s - loss: 0.0444
11/11 [==============================] - ETA: 0s - loss: 0.0451
11/11 [==============================] - 0s 27ms/step - loss: 0.0451
Epoch 52/300

 1/11 [=>............................] - ETA: 0s - loss: 0.0588
 3/11 [=======>......................] - ETA: 0s - loss: 0.0463
 5/11 [============>.................] - ETA: 0s - loss: 0.0457
 7/11 [==================>...........] - ETA: 0s - loss: 0.0459
 9/11 [=======================>......] - ETA: 0s - loss: 0.0473
11/11 [==============================] - ETA: 0s - loss: 0.0478
11/11 [==============================] - 0s 28ms/step - loss: 0.0478
Epoch 53/300

 1/11 [=>............................] - ETA: 0s - loss: 0.0488
 3/11 [=======>......................] - ETA: 0s - loss: 0.0445
 5/11 [============>.................] - ETA: 0s - loss: 0.0419
 7/11 [==================>...........] - ETA: 0s - loss: 0.0429
 9/11 [=======================>......] - ETA: 0s - loss: 0.0415
11/11 [==============================] - ETA: 0s - loss: 0.0416
11/11 [==============================] - 0s 27ms/step - loss: 0.0416
Epoch 54/300

 1/11 [=>............................] - ETA: 0s - loss: 0.0332
 3/11 [=======>......................] - ETA: 0s - loss: 0.0417
 5/11 [============>.................] - ETA: 0s - loss: 0.0418
 7/11 [==================>...........] - ETA: 0s - loss: 0.0433
 9/11 [=======================>......] - ETA: 0s - loss: 0.0429
11/11 [==============================] - ETA: 0s - loss: 0.0427
11/11 [==============================] - 0s 28ms/step - loss: 0.0427
Epoch 55/300

 1/11 [=>............................] - ETA: 0s - loss: 0.0459
 3/11 [=======>......................] - ETA: 0s - loss: 0.0462
 5/11 [============>.................] - ETA: 0s - loss: 0.0434
 7/11 [==================>...........] - ETA: 0s - loss: 0.0419
 9/11 [=======================>......] - ETA: 0s - loss: 0.0415
11/11 [==============================] - ETA: 0s - loss: 0.0424
11/11 [==============================] - 0s 28ms/step - loss: 0.0424
Epoch 56/300

 1/11 [=>............................] - ETA: 0s - loss: 0.0499
 3/11 [=======>......................] - ETA: 0s - loss: 0.0467
 5/11 [============>.................] - ETA: 0s - loss: 0.0424
 7/11 [==================>...........] - ETA: 0s - loss: 0.0432
 9/11 [=======================>......] - ETA: 0s - loss: 0.0463
11/11 [==============================] - ETA: 0s - loss: 0.0464
11/11 [==============================] - 0s 27ms/step - loss: 0.0464
Epoch 57/300

 1/11 [=>............................] - ETA: 0s - loss: 0.0443
 3/11 [=======>......................] - ETA: 0s - loss: 0.0437
 5/11 [============>.................] - ETA: 0s - loss: 0.0460
 7/11 [==================>...........] - ETA: 0s - loss: 0.0462
 9/11 [=======================>......] - ETA: 0s - loss: 0.0453
11/11 [==============================] - ETA: 0s - loss: 0.0451
11/11 [==============================] - 0s 27ms/step - loss: 0.0451
Epoch 58/300

 1/11 [=>............................] - ETA: 0s - loss: 0.0429
 3/11 [=======>......................] - ETA: 0s - loss: 0.0407
 5/11 [============>.................] - ETA: 0s - loss: 0.0443
 7/11 [==================>...........] - ETA: 0s - loss: 0.0420
 9/11 [=======================>......] - ETA: 0s - loss: 0.0425
11/11 [==============================] - ETA: 0s - loss: 0.0417
11/11 [==============================] - 0s 28ms/step - loss: 0.0417
Epoch 59/300

 1/11 [=>............................] - ETA: 0s - loss: 0.0458
 3/11 [=======>......................] - ETA: 0s - loss: 0.0445
 5/11 [============>.................] - ETA: 0s - loss: 0.0412
 7/11 [==================>...........] - ETA: 0s - loss: 0.0445
 9/11 [=======================>......] - ETA: 0s - loss: 0.0475
11/11 [==============================] - ETA: 0s - loss: 0.0472
11/11 [==============================] - 0s 27ms/step - loss: 0.0472
Epoch 60/300

 1/11 [=>............................] - ETA: 0s - loss: 0.0421
 3/11 [=======>......................] - ETA: 0s - loss: 0.0477
 5/11 [============>.................] - ETA: 0s - loss: 0.0461
 7/11 [==================>...........] - ETA: 0s - loss: 0.0447
 9/11 [=======================>......] - ETA: 0s - loss: 0.0458
11/11 [==============================] - ETA: 0s - loss: 0.0448
11/11 [==============================] - 0s 28ms/step - loss: 0.0448
Epoch 61/300

 1/11 [=>............................] - ETA: 0s - loss: 0.0478
 3/11 [=======>......................] - ETA: 0s - loss: 0.0505
 5/11 [============>.................] - ETA: 0s - loss: 0.0485
 7/11 [==================>...........] - ETA: 0s - loss: 0.0459
 9/11 [=======================>......] - ETA: 0s - loss: 0.0443
11/11 [==============================] - ETA: 0s - loss: 0.0460
11/11 [==============================] - 0s 27ms/step - loss: 0.0460
Epoch 62/300

 1/11 [=>............................] - ETA: 0s - loss: 0.0528
 3/11 [=======>......................] - ETA: 0s - loss: 0.0452
 5/11 [============>.................] - ETA: 0s - loss: 0.0454
 7/11 [==================>...........] - ETA: 0s - loss: 0.0437
 9/11 [=======================>......] - ETA: 0s - loss: 0.0462
11/11 [==============================] - ETA: 0s - loss: 0.0470
11/11 [==============================] - 0s 28ms/step - loss: 0.0470
Epoch 63/300

 1/11 [=>............................] - ETA: 0s - loss: 0.0481
 3/11 [=======>......................] - ETA: 0s - loss: 0.0405
 5/11 [============>.................] - ETA: 0s - loss: 0.0389
 7/11 [==================>...........] - ETA: 0s - loss: 0.0387
 9/11 [=======================>......] - ETA: 0s - loss: 0.0392
11/11 [==============================] - ETA: 0s - loss: 0.0405
11/11 [==============================] - 0s 28ms/step - loss: 0.0405
Epoch 64/300

 1/11 [=>............................] - ETA: 0s - loss: 0.0436
 3/11 [=======>......................] - ETA: 0s - loss: 0.0419
 5/11 [============>.................] - ETA: 0s - loss: 0.0427
 7/11 [==================>...........] - ETA: 0s - loss: 0.0445
 9/11 [=======================>......] - ETA: 0s - loss: 0.0443
11/11 [==============================] - ETA: 0s - loss: 0.0463
11/11 [==============================] - 0s 27ms/step - loss: 0.0463
Epoch 65/300

 1/11 [=>............................] - ETA: 0s - loss: 0.0374
 3/11 [=======>......................] - ETA: 0s - loss: 0.0424
 5/11 [============>.................] - ETA: 0s - loss: 0.0417
 7/11 [==================>...........] - ETA: 0s - loss: 0.0412
 9/11 [=======================>......] - ETA: 0s - loss: 0.0412
11/11 [==============================] - ETA: 0s - loss: 0.0426
11/11 [==============================] - 0s 31ms/step - loss: 0.0426
Epoch 66/300

 1/11 [=>............................] - ETA: 0s - loss: 0.0430
 3/11 [=======>......................] - ETA: 0s - loss: 0.0458
 5/11 [============>.................] - ETA: 0s - loss: 0.0435
 7/11 [==================>...........] - ETA: 0s - loss: 0.0460
 9/11 [=======================>......] - ETA: 0s - loss: 0.0439
11/11 [==============================] - ETA: 0s - loss: 0.0441
11/11 [==============================] - 0s 28ms/step - loss: 0.0441
Epoch 67/300

 1/11 [=>............................] - ETA: 0s - loss: 0.0379
 3/11 [=======>......................] - ETA: 0s - loss: 0.0394
 5/11 [============>.................] - ETA: 0s - loss: 0.0421
 7/11 [==================>...........] - ETA: 0s - loss: 0.0429
 9/11 [=======================>......] - ETA: 0s - loss: 0.0433
11/11 [==============================] - ETA: 0s - loss: 0.0432
11/11 [==============================] - 0s 30ms/step - loss: 0.0432
Epoch 68/300

 1/11 [=>............................] - ETA: 0s - loss: 0.0548
 3/11 [=======>......................] - ETA: 0s - loss: 0.0499
 5/11 [============>.................] - ETA: 0s - loss: 0.0483
 7/11 [==================>...........] - ETA: 0s - loss: 0.0458
 9/11 [=======================>......] - ETA: 0s - loss: 0.0435
11/11 [==============================] - ETA: 0s - loss: 0.0435
11/11 [==============================] - 0s 29ms/step - loss: 0.0435
Epoch 69/300

 1/11 [=>............................] - ETA: 0s - loss: 0.0484
 3/11 [=======>......................] - ETA: 0s - loss: 0.0423
 5/11 [============>.................] - ETA: 0s - loss: 0.0404
 7/11 [==================>...........] - ETA: 0s - loss: 0.0395
 9/11 [=======================>......] - ETA: 0s - loss: 0.0394
11/11 [==============================] - ETA: 0s - loss: 0.0395
11/11 [==============================] - 0s 27ms/step - loss: 0.0395
Epoch 70/300

 1/11 [=>............................] - ETA: 0s - loss: 0.0403
 3/11 [=======>......................] - ETA: 0s - loss: 0.0400
 5/11 [============>.................] - ETA: 0s - loss: 0.0431
 7/11 [==================>...........] - ETA: 0s - loss: 0.0411
 9/11 [=======================>......] - ETA: 0s - loss: 0.0405
11/11 [==============================] - ETA: 0s - loss: 0.0411
11/11 [==============================] - 0s 28ms/step - loss: 0.0411
Epoch 71/300

 1/11 [=>............................] - ETA: 0s - loss: 0.0410
 3/11 [=======>......................] - ETA: 0s - loss: 0.0417
 5/11 [============>.................] - ETA: 0s - loss: 0.0457
 7/11 [==================>...........] - ETA: 0s - loss: 0.0451
 9/11 [=======================>......] - ETA: 0s - loss: 0.0436
11/11 [==============================] - ETA: 0s - loss: 0.0430
11/11 [==============================] - 0s 28ms/step - loss: 0.0430
Epoch 72/300

 1/11 [=>............................] - ETA: 0s - loss: 0.0421
 3/11 [=======>......................] - ETA: 0s - loss: 0.0384
 5/11 [============>.................] - ETA: 0s - loss: 0.0432
 7/11 [==================>...........] - ETA: 0s - loss: 0.0407
 9/11 [=======================>......] - ETA: 0s - loss: 0.0396
11/11 [==============================] - ETA: 0s - loss: 0.0404
11/11 [==============================] - 0s 28ms/step - loss: 0.0404
Epoch 73/300

 1/11 [=>............................] - ETA: 0s - loss: 0.0358
 3/11 [=======>......................] - ETA: 0s - loss: 0.0375
 5/11 [============>.................] - ETA: 0s - loss: 0.0385
 7/11 [==================>...........] - ETA: 0s - loss: 0.0402
 9/11 [=======================>......] - ETA: 0s - loss: 0.0425
11/11 [==============================] - ETA: 0s - loss: 0.0428
11/11 [==============================] - 0s 28ms/step - loss: 0.0428
Epoch 74/300

 1/11 [=>............................] - ETA: 0s - loss: 0.0454
 3/11 [=======>......................] - ETA: 0s - loss: 0.0443
 5/11 [============>.................] - ETA: 0s - loss: 0.0447
 7/11 [==================>...........] - ETA: 0s - loss: 0.0455
 9/11 [=======================>......] - ETA: 0s - loss: 0.0439
11/11 [==============================] - ETA: 0s - loss: 0.0435
11/11 [==============================] - 0s 28ms/step - loss: 0.0435
Epoch 75/300

 1/11 [=>............................] - ETA: 0s - loss: 0.0362
 3/11 [=======>......................] - ETA: 0s - loss: 0.0372
 5/11 [============>.................] - ETA: 0s - loss: 0.0386
 7/11 [==================>...........] - ETA: 0s - loss: 0.0408
 9/11 [=======================>......] - ETA: 0s - loss: 0.0454
11/11 [==============================] - ETA: 0s - loss: 0.0449
11/11 [==============================] - 0s 28ms/step - loss: 0.0449
Epoch 76/300

 1/11 [=>............................] - ETA: 0s - loss: 0.0433
 3/11 [=======>......................] - ETA: 0s - loss: 0.0427
 5/11 [============>.................] - ETA: 0s - loss: 0.0421
 7/11 [==================>...........] - ETA: 0s - loss: 0.0424
 9/11 [=======================>......] - ETA: 0s - loss: 0.0425
11/11 [==============================] - ETA: 0s - loss: 0.0432
11/11 [==============================] - 0s 27ms/step - loss: 0.0432
Epoch 77/300

 1/11 [=>............................] - ETA: 0s - loss: 0.0313
 3/11 [=======>......................] - ETA: 0s - loss: 0.0357
 5/11 [============>.................] - ETA: 0s - loss: 0.0392
 7/11 [==================>...........] - ETA: 0s - loss: 0.0424
 9/11 [=======================>......] - ETA: 0s - loss: 0.0420
11/11 [==============================] - 0s 27ms/step - loss: 0.0445
Epoch 78/300

 1/11 [=>............................] - ETA: 0s - loss: 0.0436
 3/11 [=======>......................] - ETA: 0s - loss: 0.0404
 5/11 [============>.................] - ETA: 0s - loss: 0.0416
 7/11 [==================>...........] - ETA: 0s - loss: 0.0437
 9/11 [=======================>......] - ETA: 0s - loss: 0.0439
11/11 [==============================] - ETA: 0s - loss: 0.0433
11/11 [==============================] - 0s 27ms/step - loss: 0.0433
Epoch 79/300

 1/11 [=>............................] - ETA: 0s - loss: 0.0462
 3/11 [=======>......................] - ETA: 0s - loss: 0.0460
 5/11 [============>.................] - ETA: 0s - loss: 0.0477
 7/11 [==================>...........] - ETA: 0s - loss: 0.0474
 9/11 [=======================>......] - ETA: 0s - loss: 0.0474
11/11 [==============================] - ETA: 0s - loss: 0.0467
11/11 [==============================] - 0s 28ms/step - loss: 0.0467
Epoch 80/300

 1/11 [=>............................] - ETA: 0s - loss: 0.0316
 3/11 [=======>......................] - ETA: 0s - loss: 0.0357
 5/11 [============>.................] - ETA: 0s - loss: 0.0386
 7/11 [==================>...........] - ETA: 0s - loss: 0.0384
 9/11 [=======================>......] - ETA: 0s - loss: 0.0380
11/11 [==============================] - ETA: 0s - loss: 0.0400
11/11 [==============================] - 0s 27ms/step - loss: 0.0400
Epoch 81/300

 1/11 [=>............................] - ETA: 0s - loss: 0.0281
 3/11 [=======>......................] - ETA: 0s - loss: 0.0387
 5/11 [============>.................] - ETA: 0s - loss: 0.0400
 7/11 [==================>...........] - ETA: 0s - loss: 0.0421
 9/11 [=======================>......] - ETA: 0s - loss: 0.0429
11/11 [==============================] - ETA: 0s - loss: 0.0437
11/11 [==============================] - 0s 27ms/step - loss: 0.0437
Epoch 82/300

 1/11 [=>............................] - ETA: 0s - loss: 0.0317
 3/11 [=======>......................] - ETA: 0s - loss: 0.0405
 5/11 [============>.................] - ETA: 0s - loss: 0.0434
 7/11 [==================>...........] - ETA: 0s - loss: 0.0421
 9/11 [=======================>......] - ETA: 0s - loss: 0.0437
11/11 [==============================] - ETA: 0s - loss: 0.0444
11/11 [==============================] - 0s 27ms/step - loss: 0.0444
Epoch 83/300

 1/11 [=>............................] - ETA: 0s - loss: 0.0452
 3/11 [=======>......................] - ETA: 0s - loss: 0.0392
 5/11 [============>.................] - ETA: 0s - loss: 0.0415
 7/11 [==================>...........] - ETA: 0s - loss: 0.0400
 9/11 [=======================>......] - ETA: 0s - loss: 0.0397
11/11 [==============================] - ETA: 0s - loss: 0.0395
11/11 [==============================] - 0s 28ms/step - loss: 0.0395
Epoch 84/300

 1/11 [=>............................] - ETA: 0s - loss: 0.0471
 3/11 [=======>......................] - ETA: 0s - loss: 0.0426
 5/11 [============>.................] - ETA: 0s - loss: 0.0423
 7/11 [==================>...........] - ETA: 0s - loss: 0.0408
 9/11 [=======================>......] - ETA: 0s - loss: 0.0412
11/11 [==============================] - ETA: 0s - loss: 0.0414
11/11 [==============================] - 0s 28ms/step - loss: 0.0414
Epoch 85/300

 1/11 [=>............................] - ETA: 0s - loss: 0.0416
 3/11 [=======>......................] - ETA: 0s - loss: 0.0414
 5/11 [============>.................] - ETA: 0s - loss: 0.0452
 7/11 [==================>...........] - ETA: 0s - loss: 0.0457
 9/11 [=======================>......] - ETA: 0s - loss: 0.0456
11/11 [==============================] - ETA: 0s - loss: 0.0455
11/11 [==============================] - 0s 28ms/step - loss: 0.0455
Epoch 86/300

 1/11 [=>............................] - ETA: 0s - loss: 0.0356
 3/11 [=======>......................] - ETA: 0s - loss: 0.0395
 5/11 [============>.................] - ETA: 0s - loss: 0.0411
 7/11 [==================>...........] - ETA: 0s - loss: 0.0438
 9/11 [=======================>......] - ETA: 0s - loss: 0.0409
11/11 [==============================] - ETA: 0s - loss: 0.0409
11/11 [==============================] - 0s 28ms/step - loss: 0.0409
Epoch 87/300

 1/11 [=>............................] - ETA: 0s - loss: 0.0347
 3/11 [=======>......................] - ETA: 0s - loss: 0.0449
 5/11 [============>.................] - ETA: 0s - loss: 0.0430
 7/11 [==================>...........] - ETA: 0s - loss: 0.0416
 9/11 [=======================>......] - ETA: 0s - loss: 0.0406
11/11 [==============================] - ETA: 0s - loss: 0.0416
11/11 [==============================] - 0s 27ms/step - loss: 0.0416
Epoch 88/300

 1/11 [=>............................] - ETA: 0s - loss: 0.0350
 3/11 [=======>......................] - ETA: 0s - loss: 0.0408
 5/11 [============>.................] - ETA: 0s - loss: 0.0403
 7/11 [==================>...........] - ETA: 0s - loss: 0.0392
 9/11 [=======================>......] - ETA: 0s - loss: 0.0402
11/11 [==============================] - ETA: 0s - loss: 0.0404
11/11 [==============================] - 0s 27ms/step - loss: 0.0404
Epoch 89/300

 1/11 [=>............................] - ETA: 0s - loss: 0.0429
 3/11 [=======>......................] - ETA: 0s - loss: 0.0436
 5/11 [============>.................] - ETA: 0s - loss: 0.0420
 7/11 [==================>...........] - ETA: 0s - loss: 0.0458
 9/11 [=======================>......] - ETA: 0s - loss: 0.0451
11/11 [==============================] - ETA: 0s - loss: 0.0444
11/11 [==============================] - 0s 28ms/step - loss: 0.0444
Epoch 89: early stopping

 1/11 [=>............................] - ETA: 6s
10/11 [==========================>...] - ETA: 0s
11/11 [==============================] - 1s 7ms/step
  params for conformer: lr=0.0001, batch_size=64
[Conformer] Fold 2/3 学習開始
Epoch 1/300

 1/11 [=>............................] - ETA: 46s - loss: 0.2215
 3/11 [=======>......................] - ETA: 0s - loss: 0.2278 
 5/11 [============>.................] - ETA: 0s - loss: 0.2121
 7/11 [==================>...........] - ETA: 0s - loss: 0.1969
 9/11 [=======================>......] - ETA: 0s - loss: 0.1875
11/11 [==============================] - ETA: 0s - loss: 0.1799
11/11 [==============================] - 5s 29ms/step - loss: 0.1799
Epoch 2/300

 1/11 [=>............................] - ETA: 0s - loss: 0.1321
 3/11 [=======>......................] - ETA: 0s - loss: 0.1214
 5/11 [============>.................] - ETA: 0s - loss: 0.1180
 7/11 [==================>...........] - ETA: 0s - loss: 0.1218
 9/11 [=======================>......] - ETA: 0s - loss: 0.1183
11/11 [==============================] - ETA: 0s - loss: 0.1233
11/11 [==============================] - 0s 30ms/step - loss: 0.1233
Epoch 3/300

 1/11 [=>............................] - ETA: 0s - loss: 0.1004
 3/11 [=======>......................] - ETA: 0s - loss: 0.1093
 5/11 [============>.................] - ETA: 0s - loss: 0.1125
 7/11 [==================>...........] - ETA: 0s - loss: 0.1137
 9/11 [=======================>......] - ETA: 0s - loss: 0.1146
11/11 [==============================] - ETA: 0s - loss: 0.1109
11/11 [==============================] - 0s 28ms/step - loss: 0.1109
Epoch 4/300

 1/11 [=>............................] - ETA: 0s - loss: 0.0828
 3/11 [=======>......................] - ETA: 0s - loss: 0.0994
 5/11 [============>.................] - ETA: 0s - loss: 0.1058
 7/11 [==================>...........] - ETA: 0s - loss: 0.0973
 9/11 [=======================>......] - ETA: 0s - loss: 0.1029
11/11 [==============================] - ETA: 0s - loss: 0.1027
11/11 [==============================] - 0s 27ms/step - loss: 0.1027
Epoch 5/300

 1/11 [=>............................] - ETA: 0s - loss: 0.0773
 3/11 [=======>......................] - ETA: 0s - loss: 0.1028
 5/11 [============>.................] - ETA: 0s - loss: 0.0963
 7/11 [==================>...........] - ETA: 0s - loss: 0.0988
 9/11 [=======================>......] - ETA: 0s - loss: 0.0945
11/11 [==============================] - ETA: 0s - loss: 0.0952
11/11 [==============================] - 0s 27ms/step - loss: 0.0952
Epoch 6/300

 1/11 [=>............................] - ETA: 0s - loss: 0.1178
 3/11 [=======>......................] - ETA: 0s - loss: 0.0885
 5/11 [============>.................] - ETA: 0s - loss: 0.0892
 7/11 [==================>...........] - ETA: 0s - loss: 0.0878
 9/11 [=======================>......] - ETA: 0s - loss: 0.0854
11/11 [==============================] - ETA: 0s - loss: 0.0838
11/11 [==============================] - 0s 27ms/step - loss: 0.0838
Epoch 7/300

 1/11 [=>............................] - ETA: 0s - loss: 0.0613
 3/11 [=======>......................] - ETA: 0s - loss: 0.0882
 5/11 [============>.................] - ETA: 0s - loss: 0.0903
 7/11 [==================>...........] - ETA: 0s - loss: 0.0904
 9/11 [=======================>......] - ETA: 0s - loss: 0.0854
11/11 [==============================] - ETA: 0s - loss: 0.0837
11/11 [==============================] - 0s 28ms/step - loss: 0.0837
Epoch 8/300

 1/11 [=>............................] - ETA: 0s - loss: 0.0859
 3/11 [=======>......................] - ETA: 0s - loss: 0.0795
 5/11 [============>.................] - ETA: 0s - loss: 0.0777
 7/11 [==================>...........] - ETA: 0s - loss: 0.0819
 9/11 [=======================>......] - ETA: 0s - loss: 0.0832
11/11 [==============================] - ETA: 0s - loss: 0.0860
11/11 [==============================] - 0s 28ms/step - loss: 0.0860
Epoch 9/300

 1/11 [=>............................] - ETA: 0s - loss: 0.0748
 3/11 [=======>......................] - ETA: 0s - loss: 0.0849
 5/11 [============>.................] - ETA: 0s - loss: 0.0804
 7/11 [==================>...........] - ETA: 0s - loss: 0.0849
 9/11 [=======================>......] - ETA: 0s - loss: 0.0839
11/11 [==============================] - ETA: 0s - loss: 0.0836
11/11 [==============================] - 0s 29ms/step - loss: 0.0836
Epoch 10/300

 1/11 [=>............................] - ETA: 0s - loss: 0.0764
 3/11 [=======>......................] - ETA: 0s - loss: 0.0892
 5/11 [============>.................] - ETA: 0s - loss: 0.0853
 7/11 [==================>...........] - ETA: 0s - loss: 0.0837
 9/11 [=======================>......] - ETA: 0s - loss: 0.0811
11/11 [==============================] - ETA: 0s - loss: 0.0809
11/11 [==============================] - 0s 29ms/step - loss: 0.0809
Epoch 11/300

 1/11 [=>............................] - ETA: 0s - loss: 0.0794
 3/11 [=======>......................] - ETA: 0s - loss: 0.0780
 5/11 [============>.................] - ETA: 0s - loss: 0.0807
 7/11 [==================>...........] - ETA: 0s - loss: 0.0831
 9/11 [=======================>......] - ETA: 0s - loss: 0.0822
11/11 [==============================] - ETA: 0s - loss: 0.0825
11/11 [==============================] - 0s 31ms/step - loss: 0.0825
Epoch 12/300

 1/11 [=>............................] - ETA: 0s - loss: 0.1085
 3/11 [=======>......................] - ETA: 0s - loss: 0.0911
 5/11 [============>.................] - ETA: 0s - loss: 0.0794
 7/11 [==================>...........] - ETA: 0s - loss: 0.0818
 9/11 [=======================>......] - ETA: 0s - loss: 0.0788
11/11 [==============================] - ETA: 0s - loss: 0.0800
11/11 [==============================] - 0s 27ms/step - loss: 0.0800
Epoch 13/300

 1/11 [=>............................] - ETA: 0s - loss: 0.0749
 3/11 [=======>......................] - ETA: 0s - loss: 0.0679
 5/11 [============>.................] - ETA: 0s - loss: 0.0678
 7/11 [==================>...........] - ETA: 0s - loss: 0.0704
 9/11 [=======================>......] - ETA: 0s - loss: 0.0703
11/11 [==============================] - ETA: 0s - loss: 0.0751
11/11 [==============================] - 0s 27ms/step - loss: 0.0751
Epoch 14/300

 1/11 [=>............................] - ETA: 0s - loss: 0.0693
 3/11 [=======>......................] - ETA: 0s - loss: 0.0797
 5/11 [============>.................] - ETA: 0s - loss: 0.0761
 7/11 [==================>...........] - ETA: 0s - loss: 0.0821
 9/11 [=======================>......] - ETA: 0s - loss: 0.0858
11/11 [==============================] - ETA: 0s - loss: 0.0868
11/11 [==============================] - 0s 28ms/step - loss: 0.0868
Epoch 15/300

 1/11 [=>............................] - ETA: 0s - loss: 0.0780
 3/11 [=======>......................] - ETA: 0s - loss: 0.0719
 5/11 [============>.................] - ETA: 0s - loss: 0.0794
 7/11 [==================>...........] - ETA: 0s - loss: 0.0785
 9/11 [=======================>......] - ETA: 0s - loss: 0.0786
11/11 [==============================] - ETA: 0s - loss: 0.0788
11/11 [==============================] - 0s 27ms/step - loss: 0.0788
Epoch 16/300

 1/11 [=>............................] - ETA: 0s - loss: 0.0743
 3/11 [=======>......................] - ETA: 0s - loss: 0.0763
 5/11 [============>.................] - ETA: 0s - loss: 0.0725
 7/11 [==================>...........] - ETA: 0s - loss: 0.0695
 9/11 [=======================>......] - ETA: 0s - loss: 0.0712
11/11 [==============================] - ETA: 0s - loss: 0.0726
11/11 [==============================] - 0s 27ms/step - loss: 0.0726
Epoch 17/300

 1/11 [=>............................] - ETA: 0s - loss: 0.0703
 3/11 [=======>......................] - ETA: 0s - loss: 0.0729
 5/11 [============>.................] - ETA: 0s - loss: 0.0698
 7/11 [==================>...........] - ETA: 0s - loss: 0.0708
 9/11 [=======================>......] - ETA: 0s - loss: 0.0717
11/11 [==============================] - ETA: 0s - loss: 0.0725
11/11 [==============================] - 0s 27ms/step - loss: 0.0725
Epoch 18/300

 1/11 [=>............................] - ETA: 0s - loss: 0.0611
 3/11 [=======>......................] - ETA: 0s - loss: 0.0749
 5/11 [============>.................] - ETA: 0s - loss: 0.0823
 7/11 [==================>...........] - ETA: 0s - loss: 0.0803
 9/11 [=======================>......] - ETA: 0s - loss: 0.0786
11/11 [==============================] - ETA: 0s - loss: 0.0790
11/11 [==============================] - 0s 27ms/step - loss: 0.0790
Epoch 19/300

 1/11 [=>............................] - ETA: 0s - loss: 0.0883
 3/11 [=======>......................] - ETA: 0s - loss: 0.0770
 5/11 [============>.................] - ETA: 0s - loss: 0.0775
 7/11 [==================>...........] - ETA: 0s - loss: 0.0770
 9/11 [=======================>......] - ETA: 0s - loss: 0.0754
11/11 [==============================] - ETA: 0s - loss: 0.0775
11/11 [==============================] - 0s 27ms/step - loss: 0.0775
Epoch 20/300

 1/11 [=>............................] - ETA: 0s - loss: 0.0738
 3/11 [=======>......................] - ETA: 0s - loss: 0.0782
 5/11 [============>.................] - ETA: 0s - loss: 0.0698
 7/11 [==================>...........] - ETA: 0s - loss: 0.0718
 9/11 [=======================>......] - ETA: 0s - loss: 0.0769
11/11 [==============================] - ETA: 0s - loss: 0.0743
11/11 [==============================] - 0s 28ms/step - loss: 0.0743
Epoch 21/300

 1/11 [=>............................] - ETA: 0s - loss: 0.0678
 3/11 [=======>......................] - ETA: 0s - loss: 0.0754
 5/11 [============>.................] - ETA: 0s - loss: 0.0702
 7/11 [==================>...........] - ETA: 0s - loss: 0.0699
 9/11 [=======================>......] - ETA: 0s - loss: 0.0699
11/11 [==============================] - ETA: 0s - loss: 0.0701
11/11 [==============================] - 0s 27ms/step - loss: 0.0701
Epoch 22/300

 1/11 [=>............................] - ETA: 0s - loss: 0.0969
 3/11 [=======>......................] - ETA: 0s - loss: 0.0742
 5/11 [============>.................] - ETA: 0s - loss: 0.0699
 7/11 [==================>...........] - ETA: 0s - loss: 0.0694
 9/11 [=======================>......] - ETA: 0s - loss: 0.0742
11/11 [==============================] - ETA: 0s - loss: 0.0730
11/11 [==============================] - 0s 28ms/step - loss: 0.0730
Epoch 23/300

 1/11 [=>............................] - ETA: 0s - loss: 0.0687
 3/11 [=======>......................] - ETA: 0s - loss: 0.0718
 5/11 [============>.................] - ETA: 0s - loss: 0.0775
 7/11 [==================>...........] - ETA: 0s - loss: 0.0748
 9/11 [=======================>......] - ETA: 0s - loss: 0.0722
11/11 [==============================] - ETA: 0s - loss: 0.0705
11/11 [==============================] - 0s 27ms/step - loss: 0.0705
Epoch 24/300

 1/11 [=>............................] - ETA: 0s - loss: 0.0727
 3/11 [=======>......................] - ETA: 0s - loss: 0.0838
 5/11 [============>.................] - ETA: 0s - loss: 0.0813
 7/11 [==================>...........] - ETA: 0s - loss: 0.0802
 9/11 [=======================>......] - ETA: 0s - loss: 0.0804
11/11 [==============================] - ETA: 0s - loss: 0.0796
11/11 [==============================] - 0s 28ms/step - loss: 0.0796
Epoch 25/300

 1/11 [=>............................] - ETA: 0s - loss: 0.0898
 3/11 [=======>......................] - ETA: 0s - loss: 0.0722
 5/11 [============>.................] - ETA: 0s - loss: 0.0628
 7/11 [==================>...........] - ETA: 0s - loss: 0.0657
 9/11 [=======================>......] - ETA: 0s - loss: 0.0681
11/11 [==============================] - ETA: 0s - loss: 0.0701
11/11 [==============================] - 0s 27ms/step - loss: 0.0701
Epoch 26/300

 1/11 [=>............................] - ETA: 0s - loss: 0.0794
 3/11 [=======>......................] - ETA: 0s - loss: 0.0759
 5/11 [============>.................] - ETA: 0s - loss: 0.0683
 7/11 [==================>...........] - ETA: 0s - loss: 0.0695
 9/11 [=======================>......] - ETA: 0s - loss: 0.0688
11/11 [==============================] - ETA: 0s - loss: 0.0689
11/11 [==============================] - 0s 27ms/step - loss: 0.0689
Epoch 27/300

 1/11 [=>............................] - ETA: 0s - loss: 0.0550
 3/11 [=======>......................] - ETA: 0s - loss: 0.0577
 5/11 [============>.................] - ETA: 0s - loss: 0.0622
 7/11 [==================>...........] - ETA: 0s - loss: 0.0633
 9/11 [=======================>......] - ETA: 0s - loss: 0.0637
11/11 [==============================] - ETA: 0s - loss: 0.0642
11/11 [==============================] - 0s 27ms/step - loss: 0.0642
Epoch 28/300

 1/11 [=>............................] - ETA: 0s - loss: 0.0585
 3/11 [=======>......................] - ETA: 0s - loss: 0.0635
 5/11 [============>.................] - ETA: 0s - loss: 0.0588
 7/11 [==================>...........] - ETA: 0s - loss: 0.0608
10/11 [==========================>...] - ETA: 0s - loss: 0.0656
11/11 [==============================] - 0s 27ms/step - loss: 0.0659
Epoch 29/300

 1/11 [=>............................] - ETA: 0s - loss: 0.0680
 3/11 [=======>......................] - ETA: 0s - loss: 0.0607
 5/11 [============>.................] - ETA: 0s - loss: 0.0664
 7/11 [==================>...........] - ETA: 0s - loss: 0.0665
 9/11 [=======================>......] - ETA: 0s - loss: 0.0649
11/11 [==============================] - ETA: 0s - loss: 0.0651
11/11 [==============================] - 0s 27ms/step - loss: 0.0651
Epoch 30/300

 1/11 [=>............................] - ETA: 0s - loss: 0.0667
 3/11 [=======>......................] - ETA: 0s - loss: 0.0667
 5/11 [============>.................] - ETA: 0s - loss: 0.0645
 7/11 [==================>...........] - ETA: 0s - loss: 0.0684
 9/11 [=======================>......] - ETA: 0s - loss: 0.0672
11/11 [==============================] - ETA: 0s - loss: 0.0642
11/11 [==============================] - 0s 27ms/step - loss: 0.0642
Epoch 31/300

 1/11 [=>............................] - ETA: 0s - loss: 0.0671
 3/11 [=======>......................] - ETA: 0s - loss: 0.0616
 5/11 [============>.................] - ETA: 0s - loss: 0.0612
 7/11 [==================>...........] - ETA: 0s - loss: 0.0647
 9/11 [=======================>......] - ETA: 0s - loss: 0.0622
11/11 [==============================] - ETA: 0s - loss: 0.0618
11/11 [==============================] - 0s 27ms/step - loss: 0.0618
Epoch 32/300

 1/11 [=>............................] - ETA: 0s - loss: 0.0654
 3/11 [=======>......................] - ETA: 0s - loss: 0.0664
 5/11 [============>.................] - ETA: 0s - loss: 0.0667
 7/11 [==================>...........] - ETA: 0s - loss: 0.0659
 9/11 [=======================>......] - ETA: 0s - loss: 0.0656
11/11 [==============================] - ETA: 0s - loss: 0.0639
11/11 [==============================] - 0s 27ms/step - loss: 0.0639
Epoch 33/300

 1/11 [=>............................] - ETA: 0s - loss: 0.0549
 3/11 [=======>......................] - ETA: 0s - loss: 0.0678
 5/11 [============>.................] - ETA: 0s - loss: 0.0631
 7/11 [==================>...........] - ETA: 0s - loss: 0.0625
 9/11 [=======================>......] - ETA: 0s - loss: 0.0615
11/11 [==============================] - 0s 27ms/step - loss: 0.0619
Epoch 34/300

 1/11 [=>............................] - ETA: 0s - loss: 0.0864
 3/11 [=======>......................] - ETA: 0s - loss: 0.0855
 5/11 [============>.................] - ETA: 0s - loss: 0.0757
 7/11 [==================>...........] - ETA: 0s - loss: 0.0746
 9/11 [=======================>......] - ETA: 0s - loss: 0.0727
11/11 [==============================] - ETA: 0s - loss: 0.0746
11/11 [==============================] - 0s 27ms/step - loss: 0.0746
Epoch 35/300

 1/11 [=>............................] - ETA: 0s - loss: 0.0740
 3/11 [=======>......................] - ETA: 0s - loss: 0.0679
 5/11 [============>.................] - ETA: 0s - loss: 0.0647
 7/11 [==================>...........] - ETA: 0s - loss: 0.0679
 9/11 [=======================>......] - ETA: 0s - loss: 0.0686
11/11 [==============================] - ETA: 0s - loss: 0.0662
11/11 [==============================] - 0s 28ms/step - loss: 0.0662
Epoch 36/300

 1/11 [=>............................] - ETA: 0s - loss: 0.0583
 3/11 [=======>......................] - ETA: 0s - loss: 0.0628
 5/11 [============>.................] - ETA: 0s - loss: 0.0652
 7/11 [==================>...........] - ETA: 0s - loss: 0.0642
 9/11 [=======================>......] - ETA: 0s - loss: 0.0610
11/11 [==============================] - ETA: 0s - loss: 0.0617
11/11 [==============================] - 0s 27ms/step - loss: 0.0617
Epoch 37/300

 1/11 [=>............................] - ETA: 0s - loss: 0.0680
 3/11 [=======>......................] - ETA: 0s - loss: 0.0612
 5/11 [============>.................] - ETA: 0s - loss: 0.0645
 7/11 [==================>...........] - ETA: 0s - loss: 0.0642
 9/11 [=======================>......] - ETA: 0s - loss: 0.0631
11/11 [==============================] - ETA: 0s - loss: 0.0626
11/11 [==============================] - 0s 27ms/step - loss: 0.0626
Epoch 38/300

 1/11 [=>............................] - ETA: 0s - loss: 0.0526
 3/11 [=======>......................] - ETA: 0s - loss: 0.0637
 5/11 [============>.................] - ETA: 0s - loss: 0.0644
 7/11 [==================>...........] - ETA: 0s - loss: 0.0618
 9/11 [=======================>......] - ETA: 0s - loss: 0.0609
11/11 [==============================] - ETA: 0s - loss: 0.0601
11/11 [==============================] - 0s 27ms/step - loss: 0.0601
Epoch 39/300

 1/11 [=>............................] - ETA: 0s - loss: 0.0655
 3/11 [=======>......................] - ETA: 0s - loss: 0.0664
 5/11 [============>.................] - ETA: 0s - loss: 0.0704
 7/11 [==================>...........] - ETA: 0s - loss: 0.0688
 9/11 [=======================>......] - ETA: 0s - loss: 0.0650
11/11 [==============================] - ETA: 0s - loss: 0.0618
11/11 [==============================] - 0s 27ms/step - loss: 0.0618
Epoch 40/300

 1/11 [=>............................] - ETA: 0s - loss: 0.0548
 3/11 [=======>......................] - ETA: 0s - loss: 0.0611
 5/11 [============>.................] - ETA: 0s - loss: 0.0600
 7/11 [==================>...........] - ETA: 0s - loss: 0.0583
 9/11 [=======================>......] - ETA: 0s - loss: 0.0579
11/11 [==============================] - ETA: 0s - loss: 0.0592
11/11 [==============================] - 0s 28ms/step - loss: 0.0592
Epoch 41/300

 1/11 [=>............................] - ETA: 0s - loss: 0.0732
 3/11 [=======>......................] - ETA: 0s - loss: 0.0611
 5/11 [============>.................] - ETA: 0s - loss: 0.0588
 7/11 [==================>...........] - ETA: 0s - loss: 0.0605
 9/11 [=======================>......] - ETA: 0s - loss: 0.0559
11/11 [==============================] - ETA: 0s - loss: 0.0550
11/11 [==============================] - 0s 27ms/step - loss: 0.0550
Epoch 42/300

 1/11 [=>............................] - ETA: 0s - loss: 0.0646
 3/11 [=======>......................] - ETA: 0s - loss: 0.0590
 5/11 [============>.................] - ETA: 0s - loss: 0.0542
 7/11 [==================>...........] - ETA: 0s - loss: 0.0549
 9/11 [=======================>......] - ETA: 0s - loss: 0.0562
11/11 [==============================] - ETA: 0s - loss: 0.0573
11/11 [==============================] - 0s 27ms/step - loss: 0.0573
Epoch 43/300

 1/11 [=>............................] - ETA: 0s - loss: 0.0505
 3/11 [=======>......................] - ETA: 0s - loss: 0.0632
 5/11 [============>.................] - ETA: 0s - loss: 0.0616
 7/11 [==================>...........] - ETA: 0s - loss: 0.0634
 9/11 [=======================>......] - ETA: 0s - loss: 0.0645
11/11 [==============================] - ETA: 0s - loss: 0.0640
11/11 [==============================] - 0s 28ms/step - loss: 0.0640
Epoch 44/300

 1/11 [=>............................] - ETA: 0s - loss: 0.0593
 3/11 [=======>......................] - ETA: 0s - loss: 0.0549
 5/11 [============>.................] - ETA: 0s - loss: 0.0578
 7/11 [==================>...........] - ETA: 0s - loss: 0.0571
 9/11 [=======================>......] - ETA: 0s - loss: 0.0589
11/11 [==============================] - ETA: 0s - loss: 0.0591
11/11 [==============================] - 0s 27ms/step - loss: 0.0591
Epoch 45/300

 1/11 [=>............................] - ETA: 0s - loss: 0.0421
 3/11 [=======>......................] - ETA: 0s - loss: 0.0655
 5/11 [============>.................] - ETA: 0s - loss: 0.0598
 7/11 [==================>...........] - ETA: 0s - loss: 0.0631
 9/11 [=======================>......] - ETA: 0s - loss: 0.0608
11/11 [==============================] - ETA: 0s - loss: 0.0613
11/11 [==============================] - 0s 27ms/step - loss: 0.0613
Epoch 46/300

 1/11 [=>............................] - ETA: 0s - loss: 0.0665
 3/11 [=======>......................] - ETA: 0s - loss: 0.0699
 5/11 [============>.................] - ETA: 0s - loss: 0.0640
 7/11 [==================>...........] - ETA: 0s - loss: 0.0573
 9/11 [=======================>......] - ETA: 0s - loss: 0.0593
11/11 [==============================] - ETA: 0s - loss: 0.0602
11/11 [==============================] - 0s 27ms/step - loss: 0.0602
Epoch 47/300

 1/11 [=>............................] - ETA: 0s - loss: 0.0655
 3/11 [=======>......................] - ETA: 0s - loss: 0.0649
 5/11 [============>.................] - ETA: 0s - loss: 0.0590
 7/11 [==================>...........] - ETA: 0s - loss: 0.0585
 9/11 [=======================>......] - ETA: 0s - loss: 0.0582
11/11 [==============================] - ETA: 0s - loss: 0.0574
11/11 [==============================] - 0s 27ms/step - loss: 0.0574
Epoch 48/300

 1/11 [=>............................] - ETA: 0s - loss: 0.0479
 3/11 [=======>......................] - ETA: 0s - loss: 0.0572
 5/11 [============>.................] - ETA: 0s - loss: 0.0535
 7/11 [==================>...........] - ETA: 0s - loss: 0.0573
 9/11 [=======================>......] - ETA: 0s - loss: 0.0566
11/11 [==============================] - ETA: 0s - loss: 0.0561
11/11 [==============================] - 0s 27ms/step - loss: 0.0561
Epoch 49/300

 1/11 [=>............................] - ETA: 0s - loss: 0.0599
 3/11 [=======>......................] - ETA: 0s - loss: 0.0505
 5/11 [============>.................] - ETA: 0s - loss: 0.0553
 7/11 [==================>...........] - ETA: 0s - loss: 0.0555
 9/11 [=======================>......] - ETA: 0s - loss: 0.0556
11/11 [==============================] - ETA: 0s - loss: 0.0562
11/11 [==============================] - 0s 27ms/step - loss: 0.0562
Epoch 50/300

 1/11 [=>............................] - ETA: 0s - loss: 0.0582
 3/11 [=======>......................] - ETA: 0s - loss: 0.0541
 5/11 [============>.................] - ETA: 0s - loss: 0.0540
 7/11 [==================>...........] - ETA: 0s - loss: 0.0546
 9/11 [=======================>......] - ETA: 0s - loss: 0.0559
11/11 [==============================] - ETA: 0s - loss: 0.0576
11/11 [==============================] - 0s 27ms/step - loss: 0.0576
Epoch 51/300

 1/11 [=>............................] - ETA: 0s - loss: 0.0508
 3/11 [=======>......................] - ETA: 0s - loss: 0.0622
 5/11 [============>.................] - ETA: 0s - loss: 0.0606
 7/11 [==================>...........] - ETA: 0s - loss: 0.0604
 9/11 [=======================>......] - ETA: 0s - loss: 0.0600
11/11 [==============================] - ETA: 0s - loss: 0.0604
11/11 [==============================] - 0s 27ms/step - loss: 0.0604
Epoch 52/300

 1/11 [=>............................] - ETA: 0s - loss: 0.0657
 3/11 [=======>......................] - ETA: 0s - loss: 0.0637
 5/11 [============>.................] - ETA: 0s - loss: 0.0579
 7/11 [==================>...........] - ETA: 0s - loss: 0.0575
 9/11 [=======================>......] - ETA: 0s - loss: 0.0568
11/11 [==============================] - ETA: 0s - loss: 0.0566
11/11 [==============================] - 0s 27ms/step - loss: 0.0566
Epoch 53/300

 1/11 [=>............................] - ETA: 0s - loss: 0.0476
 3/11 [=======>......................] - ETA: 0s - loss: 0.0623
 5/11 [============>.................] - ETA: 0s - loss: 0.0593
 7/11 [==================>...........] - ETA: 0s - loss: 0.0594
 9/11 [=======================>......] - ETA: 0s - loss: 0.0573
11/11 [==============================] - ETA: 0s - loss: 0.0583
11/11 [==============================] - 0s 27ms/step - loss: 0.0583
Epoch 54/300

 1/11 [=>............................] - ETA: 0s - loss: 0.0557
 3/11 [=======>......................] - ETA: 0s - loss: 0.0586
 5/11 [============>.................] - ETA: 0s - loss: 0.0626
 7/11 [==================>...........] - ETA: 0s - loss: 0.0599
 9/11 [=======================>......] - ETA: 0s - loss: 0.0587
11/11 [==============================] - ETA: 0s - loss: 0.0586
11/11 [==============================] - 0s 27ms/step - loss: 0.0586
Epoch 55/300

 1/11 [=>............................] - ETA: 0s - loss: 0.0698
 3/11 [=======>......................] - ETA: 0s - loss: 0.0624
 5/11 [============>.................] - ETA: 0s - loss: 0.0590
 7/11 [==================>...........] - ETA: 0s - loss: 0.0594
 9/11 [=======================>......] - ETA: 0s - loss: 0.0595
11/11 [==============================] - ETA: 0s - loss: 0.0590
11/11 [==============================] - 0s 27ms/step - loss: 0.0590
Epoch 56/300

 1/11 [=>............................] - ETA: 0s - loss: 0.0453
 3/11 [=======>......................] - ETA: 0s - loss: 0.0535
 5/11 [============>.................] - ETA: 0s - loss: 0.0576
 7/11 [==================>...........] - ETA: 0s - loss: 0.0568
 9/11 [=======================>......] - ETA: 0s - loss: 0.0575
11/11 [==============================] - ETA: 0s - loss: 0.0573
11/11 [==============================] - 0s 27ms/step - loss: 0.0573
Epoch 57/300

 1/11 [=>............................] - ETA: 0s - loss: 0.0587
 3/11 [=======>......................] - ETA: 0s - loss: 0.0595
 5/11 [============>.................] - ETA: 0s - loss: 0.0585
 7/11 [==================>...........] - ETA: 0s - loss: 0.0607
 9/11 [=======================>......] - ETA: 0s - loss: 0.0578
11/11 [==============================] - ETA: 0s - loss: 0.0564
11/11 [==============================] - 0s 27ms/step - loss: 0.0564
Epoch 58/300

 1/11 [=>............................] - ETA: 0s - loss: 0.0515
 3/11 [=======>......................] - ETA: 0s - loss: 0.0566
 5/11 [============>.................] - ETA: 0s - loss: 0.0538
 7/11 [==================>...........] - ETA: 0s - loss: 0.0572
 9/11 [=======================>......] - ETA: 0s - loss: 0.0588
11/11 [==============================] - ETA: 0s - loss: 0.0579
11/11 [==============================] - 0s 27ms/step - loss: 0.0579
Epoch 59/300

 1/11 [=>............................] - ETA: 0s - loss: 0.0582
 3/11 [=======>......................] - ETA: 0s - loss: 0.0551
 5/11 [============>.................] - ETA: 0s - loss: 0.0567
 7/11 [==================>...........] - ETA: 0s - loss: 0.0582
 9/11 [=======================>......] - ETA: 0s - loss: 0.0596
11/11 [==============================] - ETA: 0s - loss: 0.0581
11/11 [==============================] - 0s 27ms/step - loss: 0.0581
Epoch 60/300

 1/11 [=>............................] - ETA: 0s - loss: 0.0714
 3/11 [=======>......................] - ETA: 0s - loss: 0.0600
 5/11 [============>.................] - ETA: 0s - loss: 0.0597
 7/11 [==================>...........] - ETA: 0s - loss: 0.0567
 9/11 [=======================>......] - ETA: 0s - loss: 0.0600
11/11 [==============================] - ETA: 0s - loss: 0.0584
11/11 [==============================] - 0s 28ms/step - loss: 0.0584
Epoch 61/300

 1/11 [=>............................] - ETA: 0s - loss: 0.0566
 3/11 [=======>......................] - ETA: 0s - loss: 0.0595
 5/11 [============>.................] - ETA: 0s - loss: 0.0567
 7/11 [==================>...........] - ETA: 0s - loss: 0.0586
 9/11 [=======================>......] - ETA: 0s - loss: 0.0609
11/11 [==============================] - ETA: 0s - loss: 0.0609
11/11 [==============================] - 0s 29ms/step - loss: 0.0609
Epoch 61: early stopping

 1/11 [=>............................] - ETA: 6s
 9/11 [=======================>......] - ETA: 0s
11/11 [==============================] - 1s 6ms/step
  params for conformer: lr=0.0001, batch_size=64
[Conformer] Fold 3/3 学習開始
Epoch 1/300

 1/11 [=>............................] - ETA: 48s - loss: 0.2381
 3/11 [=======>......................] - ETA: 0s - loss: 0.2334 
 5/11 [============>.................] - ETA: 0s - loss: 0.2396
 7/11 [==================>...........] - ETA: 0s - loss: 0.2212
 9/11 [=======================>......] - ETA: 0s - loss: 0.2024
11/11 [==============================] - ETA: 0s - loss: 0.1900
11/11 [==============================] - 5s 28ms/step - loss: 0.1900
Epoch 2/300

 1/11 [=>............................] - ETA: 0s - loss: 0.1151
 3/11 [=======>......................] - ETA: 0s - loss: 0.1017
 5/11 [============>.................] - ETA: 0s - loss: 0.1095
 7/11 [==================>...........] - ETA: 0s - loss: 0.1092
 9/11 [=======================>......] - ETA: 0s - loss: 0.1080
11/11 [==============================] - ETA: 0s - loss: 0.1110
11/11 [==============================] - 0s 27ms/step - loss: 0.1110
Epoch 3/300

 1/11 [=>............................] - ETA: 0s - loss: 0.1063
 3/11 [=======>......................] - ETA: 0s - loss: 0.0952
 5/11 [============>.................] - ETA: 0s - loss: 0.0976
 7/11 [==================>...........] - ETA: 0s - loss: 0.0886
 9/11 [=======================>......] - ETA: 0s - loss: 0.0857
11/11 [==============================] - ETA: 0s - loss: 0.0846
11/11 [==============================] - 0s 28ms/step - loss: 0.0846
Epoch 4/300

 1/11 [=>............................] - ETA: 0s - loss: 0.0688
 3/11 [=======>......................] - ETA: 0s - loss: 0.0725
 5/11 [============>.................] - ETA: 0s - loss: 0.0701
 7/11 [==================>...........] - ETA: 0s - loss: 0.0772
 9/11 [=======================>......] - ETA: 0s - loss: 0.0796
11/11 [==============================] - 0s 27ms/step - loss: 0.0791
Epoch 5/300

 1/11 [=>............................] - ETA: 0s - loss: 0.0997
 3/11 [=======>......................] - ETA: 0s - loss: 0.0667
 5/11 [============>.................] - ETA: 0s - loss: 0.0658
 7/11 [==================>...........] - ETA: 0s - loss: 0.0668
 9/11 [=======================>......] - ETA: 0s - loss: 0.0675
11/11 [==============================] - ETA: 0s - loss: 0.0686
11/11 [==============================] - 0s 27ms/step - loss: 0.0686
Epoch 6/300

 1/11 [=>............................] - ETA: 0s - loss: 0.0727
 3/11 [=======>......................] - ETA: 0s - loss: 0.0663
 5/11 [============>.................] - ETA: 0s - loss: 0.0655
 7/11 [==================>...........] - ETA: 0s - loss: 0.0681
 9/11 [=======================>......] - ETA: 0s - loss: 0.0684
11/11 [==============================] - ETA: 0s - loss: 0.0687
11/11 [==============================] - 0s 27ms/step - loss: 0.0687
Epoch 7/300

 1/11 [=>............................] - ETA: 0s - loss: 0.0769
 3/11 [=======>......................] - ETA: 0s - loss: 0.0724
 5/11 [============>.................] - ETA: 0s - loss: 0.0677
 7/11 [==================>...........] - ETA: 0s - loss: 0.0677
 9/11 [=======================>......] - ETA: 0s - loss: 0.0663
11/11 [==============================] - ETA: 0s - loss: 0.0687
11/11 [==============================] - 0s 27ms/step - loss: 0.0687
Epoch 8/300

 1/11 [=>............................] - ETA: 0s - loss: 0.0626
 3/11 [=======>......................] - ETA: 0s - loss: 0.0639
 5/11 [============>.................] - ETA: 0s - loss: 0.0628
 7/11 [==================>...........] - ETA: 0s - loss: 0.0665
 9/11 [=======================>......] - ETA: 0s - loss: 0.0667
11/11 [==============================] - ETA: 0s - loss: 0.0674
11/11 [==============================] - 0s 28ms/step - loss: 0.0674
Epoch 9/300

 1/11 [=>............................] - ETA: 0s - loss: 0.0699
 3/11 [=======>......................] - ETA: 0s - loss: 0.0640
 5/11 [============>.................] - ETA: 0s - loss: 0.0622
 7/11 [==================>...........] - ETA: 0s - loss: 0.0625
 9/11 [=======================>......] - ETA: 0s - loss: 0.0647
11/11 [==============================] - 0s 27ms/step - loss: 0.0656
Epoch 10/300

 1/11 [=>............................] - ETA: 0s - loss: 0.0761
 3/11 [=======>......................] - ETA: 0s - loss: 0.0775
 5/11 [============>.................] - ETA: 0s - loss: 0.0764
 7/11 [==================>...........] - ETA: 0s - loss: 0.0751
 9/11 [=======================>......] - ETA: 0s - loss: 0.0730
11/11 [==============================] - 0s 27ms/step - loss: 0.0725
Epoch 11/300

 1/11 [=>............................] - ETA: 0s - loss: 0.0532
 3/11 [=======>......................] - ETA: 0s - loss: 0.0530
 5/11 [============>.................] - ETA: 0s - loss: 0.0537
 7/11 [==================>...........] - ETA: 0s - loss: 0.0566
 9/11 [=======================>......] - ETA: 0s - loss: 0.0594
11/11 [==============================] - ETA: 0s - loss: 0.0600
11/11 [==============================] - 0s 28ms/step - loss: 0.0600
Epoch 12/300

 1/11 [=>............................] - ETA: 0s - loss: 0.0749
 3/11 [=======>......................] - ETA: 0s - loss: 0.0668
 5/11 [============>.................] - ETA: 0s - loss: 0.0608
 7/11 [==================>...........] - ETA: 0s - loss: 0.0640
 9/11 [=======================>......] - ETA: 0s - loss: 0.0620
11/11 [==============================] - ETA: 0s - loss: 0.0608
11/11 [==============================] - 0s 28ms/step - loss: 0.0608
Epoch 13/300

 1/11 [=>............................] - ETA: 0s - loss: 0.0643
 3/11 [=======>......................] - ETA: 0s - loss: 0.0597
 5/11 [============>.................] - ETA: 0s - loss: 0.0601
 7/11 [==================>...........] - ETA: 0s - loss: 0.0618
 9/11 [=======================>......] - ETA: 0s - loss: 0.0606
11/11 [==============================] - ETA: 0s - loss: 0.0624
11/11 [==============================] - 0s 27ms/step - loss: 0.0624
Epoch 14/300

 1/11 [=>............................] - ETA: 0s - loss: 0.0470
 3/11 [=======>......................] - ETA: 0s - loss: 0.0599
 5/11 [============>.................] - ETA: 0s - loss: 0.0638
 7/11 [==================>...........] - ETA: 0s - loss: 0.0658
 9/11 [=======================>......] - ETA: 0s - loss: 0.0647
11/11 [==============================] - ETA: 0s - loss: 0.0644
11/11 [==============================] - 0s 28ms/step - loss: 0.0644
Epoch 15/300

 1/11 [=>............................] - ETA: 0s - loss: 0.0698
 3/11 [=======>......................] - ETA: 0s - loss: 0.0653
 5/11 [============>.................] - ETA: 0s - loss: 0.0725
 7/11 [==================>...........] - ETA: 0s - loss: 0.0677
 9/11 [=======================>......] - ETA: 0s - loss: 0.0679
11/11 [==============================] - 0s 27ms/step - loss: 0.0661
Epoch 16/300

 1/11 [=>............................] - ETA: 0s - loss: 0.0869
 3/11 [=======>......................] - ETA: 0s - loss: 0.0734
 5/11 [============>.................] - ETA: 0s - loss: 0.0690
 7/11 [==================>...........] - ETA: 0s - loss: 0.0656
 9/11 [=======================>......] - ETA: 0s - loss: 0.0637
11/11 [==============================] - ETA: 0s - loss: 0.0641
11/11 [==============================] - 0s 28ms/step - loss: 0.0641
Epoch 17/300

 1/11 [=>............................] - ETA: 0s - loss: 0.0534
 3/11 [=======>......................] - ETA: 0s - loss: 0.0576
 5/11 [============>.................] - ETA: 0s - loss: 0.0577
 7/11 [==================>...........] - ETA: 0s - loss: 0.0619
 9/11 [=======================>......] - ETA: 0s - loss: 0.0592
11/11 [==============================] - ETA: 0s - loss: 0.0599
11/11 [==============================] - 0s 28ms/step - loss: 0.0599
Epoch 18/300

 1/11 [=>............................] - ETA: 0s - loss: 0.0829
 3/11 [=======>......................] - ETA: 0s - loss: 0.0657
 5/11 [============>.................] - ETA: 0s - loss: 0.0639
 7/11 [==================>...........] - ETA: 0s - loss: 0.0663
 9/11 [=======================>......] - ETA: 0s - loss: 0.0663
11/11 [==============================] - ETA: 0s - loss: 0.0647
11/11 [==============================] - 0s 28ms/step - loss: 0.0647
Epoch 19/300

 1/11 [=>............................] - ETA: 0s - loss: 0.0788
 3/11 [=======>......................] - ETA: 0s - loss: 0.0696
 5/11 [============>.................] - ETA: 0s - loss: 0.0665
 7/11 [==================>...........] - ETA: 0s - loss: 0.0677
 9/11 [=======================>......] - ETA: 0s - loss: 0.0650
11/11 [==============================] - ETA: 0s - loss: 0.0638
11/11 [==============================] - 0s 28ms/step - loss: 0.0638
Epoch 20/300

 1/11 [=>............................] - ETA: 0s - loss: 0.0497
 3/11 [=======>......................] - ETA: 0s - loss: 0.0529
 5/11 [============>.................] - ETA: 0s - loss: 0.0606
 7/11 [==================>...........] - ETA: 0s - loss: 0.0610
 9/11 [=======================>......] - ETA: 0s - loss: 0.0621
11/11 [==============================] - ETA: 0s - loss: 0.0610
11/11 [==============================] - 0s 28ms/step - loss: 0.0610
Epoch 21/300

 1/11 [=>............................] - ETA: 0s - loss: 0.0592
 3/11 [=======>......................] - ETA: 0s - loss: 0.0603
 5/11 [============>.................] - ETA: 0s - loss: 0.0609
 7/11 [==================>...........] - ETA: 0s - loss: 0.0620
 9/11 [=======================>......] - ETA: 0s - loss: 0.0594
11/11 [==============================] - ETA: 0s - loss: 0.0614
11/11 [==============================] - 0s 27ms/step - loss: 0.0614
Epoch 22/300

 1/11 [=>............................] - ETA: 0s - loss: 0.0606
 3/11 [=======>......................] - ETA: 0s - loss: 0.0557
 5/11 [============>.................] - ETA: 0s - loss: 0.0589
 7/11 [==================>...........] - ETA: 0s - loss: 0.0585
 9/11 [=======================>......] - ETA: 0s - loss: 0.0568
11/11 [==============================] - ETA: 0s - loss: 0.0580
11/11 [==============================] - 0s 27ms/step - loss: 0.0580
Epoch 23/300

 1/11 [=>............................] - ETA: 0s - loss: 0.0691
 3/11 [=======>......................] - ETA: 0s - loss: 0.0693
 5/11 [============>.................] - ETA: 0s - loss: 0.0717
 7/11 [==================>...........] - ETA: 0s - loss: 0.0659
 9/11 [=======================>......] - ETA: 0s - loss: 0.0662
11/11 [==============================] - ETA: 0s - loss: 0.0656
11/11 [==============================] - 0s 28ms/step - loss: 0.0656
Epoch 24/300

 1/11 [=>............................] - ETA: 0s - loss: 0.0665
 3/11 [=======>......................] - ETA: 0s - loss: 0.0724
 5/11 [============>.................] - ETA: 0s - loss: 0.0683
 7/11 [==================>...........] - ETA: 0s - loss: 0.0630
 9/11 [=======================>......] - ETA: 0s - loss: 0.0605
11/11 [==============================] - ETA: 0s - loss: 0.0623
11/11 [==============================] - 0s 27ms/step - loss: 0.0623
Epoch 25/300

 1/11 [=>............................] - ETA: 0s - loss: 0.0573
 3/11 [=======>......................] - ETA: 0s - loss: 0.0626
 5/11 [============>.................] - ETA: 0s - loss: 0.0658
 7/11 [==================>...........] - ETA: 0s - loss: 0.0657
 9/11 [=======================>......] - ETA: 0s - loss: 0.0666
11/11 [==============================] - ETA: 0s - loss: 0.0696
11/11 [==============================] - 0s 28ms/step - loss: 0.0696
Epoch 26/300

 1/11 [=>............................] - ETA: 0s - loss: 0.0607
 3/11 [=======>......................] - ETA: 0s - loss: 0.0629
 5/11 [============>.................] - ETA: 0s - loss: 0.0658
 7/11 [==================>...........] - ETA: 0s - loss: 0.0668
 9/11 [=======================>......] - ETA: 0s - loss: 0.0660
11/11 [==============================] - ETA: 0s - loss: 0.0645
11/11 [==============================] - 0s 27ms/step - loss: 0.0645
Epoch 27/300

 1/11 [=>............................] - ETA: 0s - loss: 0.0534
 3/11 [=======>......................] - ETA: 0s - loss: 0.0542
 5/11 [============>.................] - ETA: 0s - loss: 0.0577
 7/11 [==================>...........] - ETA: 0s - loss: 0.0548
 9/11 [=======================>......] - ETA: 0s - loss: 0.0566
11/11 [==============================] - ETA: 0s - loss: 0.0580
11/11 [==============================] - 0s 28ms/step - loss: 0.0580
Epoch 28/300

 1/11 [=>............................] - ETA: 0s - loss: 0.0601
 3/11 [=======>......................] - ETA: 0s - loss: 0.0611
 5/11 [============>.................] - ETA: 0s - loss: 0.0585
 7/11 [==================>...........] - ETA: 0s - loss: 0.0603
 9/11 [=======================>......] - ETA: 0s - loss: 0.0601
11/11 [==============================] - 0s 27ms/step - loss: 0.0586
Epoch 29/300

 1/11 [=>............................] - ETA: 0s - loss: 0.0817
 3/11 [=======>......................] - ETA: 0s - loss: 0.0696
 5/11 [============>.................] - ETA: 0s - loss: 0.0668
 7/11 [==================>...........] - ETA: 0s - loss: 0.0649
 9/11 [=======================>......] - ETA: 0s - loss: 0.0631
11/11 [==============================] - ETA: 0s - loss: 0.0629
11/11 [==============================] - 0s 27ms/step - loss: 0.0629
Epoch 30/300

 1/11 [=>............................] - ETA: 0s - loss: 0.0651
 3/11 [=======>......................] - ETA: 0s - loss: 0.0612
 5/11 [============>.................] - ETA: 0s - loss: 0.0599
 7/11 [==================>...........] - ETA: 0s - loss: 0.0577
 9/11 [=======================>......] - ETA: 0s - loss: 0.0624
11/11 [==============================] - ETA: 0s - loss: 0.0625
11/11 [==============================] - 0s 28ms/step - loss: 0.0625
Epoch 31/300

 1/11 [=>............................] - ETA: 0s - loss: 0.0565
 3/11 [=======>......................] - ETA: 0s - loss: 0.0516
 5/11 [============>.................] - ETA: 0s - loss: 0.0512
 7/11 [==================>...........] - ETA: 0s - loss: 0.0513
 9/11 [=======================>......] - ETA: 0s - loss: 0.0541
11/11 [==============================] - ETA: 0s - loss: 0.0538
11/11 [==============================] - 0s 30ms/step - loss: 0.0538
Epoch 32/300

 1/11 [=>............................] - ETA: 0s - loss: 0.0444
 3/11 [=======>......................] - ETA: 0s - loss: 0.0499
 5/11 [============>.................] - ETA: 0s - loss: 0.0541
 7/11 [==================>...........] - ETA: 0s - loss: 0.0530
 9/11 [=======================>......] - ETA: 0s - loss: 0.0515
11/11 [==============================] - ETA: 0s - loss: 0.0515
11/11 [==============================] - 0s 28ms/step - loss: 0.0515
Epoch 33/300

 1/11 [=>............................] - ETA: 0s - loss: 0.0531
 3/11 [=======>......................] - ETA: 0s - loss: 0.0536
 5/11 [============>.................] - ETA: 0s - loss: 0.0550
 7/11 [==================>...........] - ETA: 0s - loss: 0.0541
 9/11 [=======================>......] - ETA: 0s - loss: 0.0560
11/11 [==============================] - ETA: 0s - loss: 0.0560
11/11 [==============================] - 0s 29ms/step - loss: 0.0560
Epoch 34/300

 1/11 [=>............................] - ETA: 0s - loss: 0.0470
 3/11 [=======>......................] - ETA: 0s - loss: 0.0496
 5/11 [============>.................] - ETA: 0s - loss: 0.0495
 7/11 [==================>...........] - ETA: 0s - loss: 0.0524
 9/11 [=======================>......] - ETA: 0s - loss: 0.0541
11/11 [==============================] - ETA: 0s - loss: 0.0555
11/11 [==============================] - 0s 31ms/step - loss: 0.0555
Epoch 35/300

 1/11 [=>............................] - ETA: 0s - loss: 0.0515
 3/11 [=======>......................] - ETA: 0s - loss: 0.0585
 5/11 [============>.................] - ETA: 0s - loss: 0.0561
 7/11 [==================>...........] - ETA: 0s - loss: 0.0584
 9/11 [=======================>......] - ETA: 0s - loss: 0.0585
11/11 [==============================] - 0s 27ms/step - loss: 0.0578
Epoch 36/300

 1/11 [=>............................] - ETA: 0s - loss: 0.0609
 3/11 [=======>......................] - ETA: 0s - loss: 0.0582
 5/11 [============>.................] - ETA: 0s - loss: 0.0537
 7/11 [==================>...........] - ETA: 0s - loss: 0.0549
 9/11 [=======================>......] - ETA: 0s - loss: 0.0522
11/11 [==============================] - 0s 27ms/step - loss: 0.0517
Epoch 37/300

 1/11 [=>............................] - ETA: 0s - loss: 0.0479
 3/11 [=======>......................] - ETA: 0s - loss: 0.0568
 5/11 [============>.................] - ETA: 0s - loss: 0.0606
 7/11 [==================>...........] - ETA: 0s - loss: 0.0589
 9/11 [=======================>......] - ETA: 0s - loss: 0.0564
11/11 [==============================] - ETA: 0s - loss: 0.0541
11/11 [==============================] - 0s 27ms/step - loss: 0.0541
Epoch 38/300

 1/11 [=>............................] - ETA: 0s - loss: 0.0665
 3/11 [=======>......................] - ETA: 0s - loss: 0.0522
 5/11 [============>.................] - ETA: 0s - loss: 0.0515
 7/11 [==================>...........] - ETA: 0s - loss: 0.0560
 9/11 [=======================>......] - ETA: 0s - loss: 0.0545
11/11 [==============================] - ETA: 0s - loss: 0.0553
11/11 [==============================] - 0s 28ms/step - loss: 0.0553
Epoch 39/300

 1/11 [=>............................] - ETA: 0s - loss: 0.0571
 3/11 [=======>......................] - ETA: 0s - loss: 0.0543
 5/11 [============>.................] - ETA: 0s - loss: 0.0569
 7/11 [==================>...........] - ETA: 0s - loss: 0.0580
 9/11 [=======================>......] - ETA: 0s - loss: 0.0561
11/11 [==============================] - ETA: 0s - loss: 0.0544
11/11 [==============================] - 0s 28ms/step - loss: 0.0544
Epoch 40/300

 1/11 [=>............................] - ETA: 0s - loss: 0.0391
 3/11 [=======>......................] - ETA: 0s - loss: 0.0546
 5/11 [============>.................] - ETA: 0s - loss: 0.0564
 7/11 [==================>...........] - ETA: 0s - loss: 0.0567
 9/11 [=======================>......] - ETA: 0s - loss: 0.0588
11/11 [==============================] - ETA: 0s - loss: 0.0574
11/11 [==============================] - 0s 27ms/step - loss: 0.0574
Epoch 41/300

 1/11 [=>............................] - ETA: 0s - loss: 0.0589
 3/11 [=======>......................] - ETA: 0s - loss: 0.0610
 5/11 [============>.................] - ETA: 0s - loss: 0.0551
 7/11 [==================>...........] - ETA: 0s - loss: 0.0580
 9/11 [=======================>......] - ETA: 0s - loss: 0.0560
11/11 [==============================] - 0s 27ms/step - loss: 0.0550
Epoch 42/300

 1/11 [=>............................] - ETA: 0s - loss: 0.0551
 3/11 [=======>......................] - ETA: 0s - loss: 0.0507
 5/11 [============>.................] - ETA: 0s - loss: 0.0492
 7/11 [==================>...........] - ETA: 0s - loss: 0.0517
 9/11 [=======================>......] - ETA: 0s - loss: 0.0513
11/11 [==============================] - 0s 27ms/step - loss: 0.0510
Epoch 43/300

 1/11 [=>............................] - ETA: 0s - loss: 0.0445
 3/11 [=======>......................] - ETA: 0s - loss: 0.0470
 5/11 [============>.................] - ETA: 0s - loss: 0.0478
 7/11 [==================>...........] - ETA: 0s - loss: 0.0536
 9/11 [=======================>......] - ETA: 0s - loss: 0.0522
11/11 [==============================] - ETA: 0s - loss: 0.0516
11/11 [==============================] - 0s 28ms/step - loss: 0.0516
Epoch 44/300

 1/11 [=>............................] - ETA: 0s - loss: 0.0615
 3/11 [=======>......................] - ETA: 0s - loss: 0.0575
 5/11 [============>.................] - ETA: 0s - loss: 0.0593
 7/11 [==================>...........] - ETA: 0s - loss: 0.0597
 9/11 [=======================>......] - ETA: 0s - loss: 0.0577
11/11 [==============================] - ETA: 0s - loss: 0.0586
11/11 [==============================] - 0s 27ms/step - loss: 0.0586
Epoch 45/300

 1/11 [=>............................] - ETA: 0s - loss: 0.0515
 3/11 [=======>......................] - ETA: 0s - loss: 0.0564
 5/11 [============>.................] - ETA: 0s - loss: 0.0550
 7/11 [==================>...........] - ETA: 0s - loss: 0.0574
 9/11 [=======================>......] - ETA: 0s - loss: 0.0562
11/11 [==============================] - ETA: 0s - loss: 0.0542
11/11 [==============================] - 0s 27ms/step - loss: 0.0542
Epoch 46/300

 1/11 [=>............................] - ETA: 0s - loss: 0.0435
 3/11 [=======>......................] - ETA: 0s - loss: 0.0518
 5/11 [============>.................] - ETA: 0s - loss: 0.0527
 7/11 [==================>...........] - ETA: 0s - loss: 0.0559
 9/11 [=======================>......] - ETA: 0s - loss: 0.0537
11/11 [==============================] - ETA: 0s - loss: 0.0545
11/11 [==============================] - 0s 27ms/step - loss: 0.0545
Epoch 47/300

 1/11 [=>............................] - ETA: 0s - loss: 0.0609
 3/11 [=======>......................] - ETA: 0s - loss: 0.0583
 5/11 [============>.................] - ETA: 0s - loss: 0.0536
 7/11 [==================>...........] - ETA: 0s - loss: 0.0508
 9/11 [=======================>......] - ETA: 0s - loss: 0.0490
11/11 [==============================] - ETA: 0s - loss: 0.0496
11/11 [==============================] - 0s 28ms/step - loss: 0.0496
Epoch 48/300

 1/11 [=>............................] - ETA: 0s - loss: 0.0527
 3/11 [=======>......................] - ETA: 0s - loss: 0.0564
 5/11 [============>.................] - ETA: 0s - loss: 0.0509
 7/11 [==================>...........] - ETA: 0s - loss: 0.0553
 9/11 [=======================>......] - ETA: 0s - loss: 0.0540
11/11 [==============================] - ETA: 0s - loss: 0.0561
11/11 [==============================] - 0s 27ms/step - loss: 0.0561
Epoch 49/300

 1/11 [=>............................] - ETA: 0s - loss: 0.0461
 3/11 [=======>......................] - ETA: 0s - loss: 0.0519
 5/11 [============>.................] - ETA: 0s - loss: 0.0497
 7/11 [==================>...........] - ETA: 0s - loss: 0.0485
 9/11 [=======================>......] - ETA: 0s - loss: 0.0512
11/11 [==============================] - ETA: 0s - loss: 0.0539
11/11 [==============================] - 0s 28ms/step - loss: 0.0539
Epoch 50/300

 1/11 [=>............................] - ETA: 0s - loss: 0.0476
 3/11 [=======>......................] - ETA: 0s - loss: 0.0511
 5/11 [============>.................] - ETA: 0s - loss: 0.0520
 7/11 [==================>...........] - ETA: 0s - loss: 0.0516
 9/11 [=======================>......] - ETA: 0s - loss: 0.0510
11/11 [==============================] - ETA: 0s - loss: 0.0508
11/11 [==============================] - 0s 27ms/step - loss: 0.0508
Epoch 51/300

 1/11 [=>............................] - ETA: 0s - loss: 0.0705
 3/11 [=======>......................] - ETA: 0s - loss: 0.0581
 5/11 [============>.................] - ETA: 0s - loss: 0.0555
 7/11 [==================>...........] - ETA: 0s - loss: 0.0593
 9/11 [=======================>......] - ETA: 0s - loss: 0.0579
11/11 [==============================] - ETA: 0s - loss: 0.0563
11/11 [==============================] - 0s 27ms/step - loss: 0.0563
Epoch 52/300

 1/11 [=>............................] - ETA: 0s - loss: 0.0559
 3/11 [=======>......................] - ETA: 0s - loss: 0.0564
 5/11 [============>.................] - ETA: 0s - loss: 0.0588
 7/11 [==================>...........] - ETA: 0s - loss: 0.0551
 9/11 [=======================>......] - ETA: 0s - loss: 0.0535
11/11 [==============================] - ETA: 0s - loss: 0.0525
11/11 [==============================] - 0s 28ms/step - loss: 0.0525
Epoch 53/300

 1/11 [=>............................] - ETA: 0s - loss: 0.0570
 3/11 [=======>......................] - ETA: 0s - loss: 0.0516
 5/11 [============>.................] - ETA: 0s - loss: 0.0519
 7/11 [==================>...........] - ETA: 0s - loss: 0.0507
 9/11 [=======================>......] - ETA: 0s - loss: 0.0508
11/11 [==============================] - ETA: 0s - loss: 0.0505
11/11 [==============================] - 0s 27ms/step - loss: 0.0505
Epoch 54/300

 1/11 [=>............................] - ETA: 0s - loss: 0.0512
 3/11 [=======>......................] - ETA: 0s - loss: 0.0481
 5/11 [============>.................] - ETA: 0s - loss: 0.0472
 7/11 [==================>...........] - ETA: 0s - loss: 0.0498
 9/11 [=======================>......] - ETA: 0s - loss: 0.0503
11/11 [==============================] - ETA: 0s - loss: 0.0509
11/11 [==============================] - 0s 28ms/step - loss: 0.0509
Epoch 55/300

 1/11 [=>............................] - ETA: 0s - loss: 0.0688
 3/11 [=======>......................] - ETA: 0s - loss: 0.0555
 5/11 [============>.................] - ETA: 0s - loss: 0.0543
 7/11 [==================>...........] - ETA: 0s - loss: 0.0556
 9/11 [=======================>......] - ETA: 0s - loss: 0.0542
11/11 [==============================] - ETA: 0s - loss: 0.0529
11/11 [==============================] - 0s 27ms/step - loss: 0.0529
Epoch 56/300

 1/11 [=>............................] - ETA: 0s - loss: 0.0482
 3/11 [=======>......................] - ETA: 0s - loss: 0.0530
 5/11 [============>.................] - ETA: 0s - loss: 0.0540
 7/11 [==================>...........] - ETA: 0s - loss: 0.0544
 9/11 [=======================>......] - ETA: 0s - loss: 0.0538
11/11 [==============================] - ETA: 0s - loss: 0.0530
11/11 [==============================] - 0s 27ms/step - loss: 0.0530
Epoch 57/300

 1/11 [=>............................] - ETA: 0s - loss: 0.0510
 3/11 [=======>......................] - ETA: 0s - loss: 0.0432
 5/11 [============>.................] - ETA: 0s - loss: 0.0502
 7/11 [==================>...........] - ETA: 0s - loss: 0.0520
 9/11 [=======================>......] - ETA: 0s - loss: 0.0502
11/11 [==============================] - ETA: 0s - loss: 0.0502
11/11 [==============================] - 0s 27ms/step - loss: 0.0502
Epoch 58/300

 1/11 [=>............................] - ETA: 0s - loss: 0.0339
 3/11 [=======>......................] - ETA: 0s - loss: 0.0424
 5/11 [============>.................] - ETA: 0s - loss: 0.0473
 7/11 [==================>...........] - ETA: 0s - loss: 0.0463
 9/11 [=======================>......] - ETA: 0s - loss: 0.0469
11/11 [==============================] - ETA: 0s - loss: 0.0492
11/11 [==============================] - 0s 27ms/step - loss: 0.0492
Epoch 59/300

 1/11 [=>............................] - ETA: 0s - loss: 0.0465
 3/11 [=======>......................] - ETA: 0s - loss: 0.0464
 5/11 [============>.................] - ETA: 0s - loss: 0.0489
 7/11 [==================>...........] - ETA: 0s - loss: 0.0483
 9/11 [=======================>......] - ETA: 0s - loss: 0.0457
11/11 [==============================] - ETA: 0s - loss: 0.0467
11/11 [==============================] - 0s 27ms/step - loss: 0.0467
Epoch 60/300

 1/11 [=>............................] - ETA: 0s - loss: 0.0492
 3/11 [=======>......................] - ETA: 0s - loss: 0.0513
 5/11 [============>.................] - ETA: 0s - loss: 0.0524
 7/11 [==================>...........] - ETA: 0s - loss: 0.0530
 9/11 [=======================>......] - ETA: 0s - loss: 0.0551
11/11 [==============================] - ETA: 0s - loss: 0.0543
11/11 [==============================] - 0s 27ms/step - loss: 0.0543
Epoch 61/300

 1/11 [=>............................] - ETA: 0s - loss: 0.0526
 3/11 [=======>......................] - ETA: 0s - loss: 0.0444
 5/11 [============>.................] - ETA: 0s - loss: 0.0478
 7/11 [==================>...........] - ETA: 0s - loss: 0.0464
 9/11 [=======================>......] - ETA: 0s - loss: 0.0487
11/11 [==============================] - ETA: 0s - loss: 0.0487
11/11 [==============================] - 0s 27ms/step - loss: 0.0487
Epoch 62/300

 1/11 [=>............................] - ETA: 0s - loss: 0.0435
 3/11 [=======>......................] - ETA: 0s - loss: 0.0460
 5/11 [============>.................] - ETA: 0s - loss: 0.0464
 7/11 [==================>...........] - ETA: 0s - loss: 0.0467
 9/11 [=======================>......] - ETA: 0s - loss: 0.0488
11/11 [==============================] - ETA: 0s - loss: 0.0484
11/11 [==============================] - 0s 27ms/step - loss: 0.0484
Epoch 63/300

 1/11 [=>............................] - ETA: 0s - loss: 0.0471
 3/11 [=======>......................] - ETA: 0s - loss: 0.0462
 5/11 [============>.................] - ETA: 0s - loss: 0.0464
 7/11 [==================>...........] - ETA: 0s - loss: 0.0486
 9/11 [=======================>......] - ETA: 0s - loss: 0.0533
11/11 [==============================] - ETA: 0s - loss: 0.0517
11/11 [==============================] - 0s 28ms/step - loss: 0.0517
Epoch 64/300

 1/11 [=>............................] - ETA: 0s - loss: 0.0501
 3/11 [=======>......................] - ETA: 0s - loss: 0.0554
 5/11 [============>.................] - ETA: 0s - loss: 0.0532
 7/11 [==================>...........] - ETA: 0s - loss: 0.0515
 9/11 [=======================>......] - ETA: 0s - loss: 0.0510
11/11 [==============================] - ETA: 0s - loss: 0.0519
11/11 [==============================] - 0s 27ms/step - loss: 0.0519
Epoch 65/300

 1/11 [=>............................] - ETA: 0s - loss: 0.0429
 3/11 [=======>......................] - ETA: 0s - loss: 0.0489
 5/11 [============>.................] - ETA: 0s - loss: 0.0437
 7/11 [==================>...........] - ETA: 0s - loss: 0.0439
 9/11 [=======================>......] - ETA: 0s - loss: 0.0466
11/11 [==============================] - ETA: 0s - loss: 0.0475
11/11 [==============================] - 0s 28ms/step - loss: 0.0475
Epoch 66/300

 1/11 [=>............................] - ETA: 0s - loss: 0.0630
 3/11 [=======>......................] - ETA: 0s - loss: 0.0548
 5/11 [============>.................] - ETA: 0s - loss: 0.0531
 7/11 [==================>...........] - ETA: 0s - loss: 0.0531
 9/11 [=======================>......] - ETA: 0s - loss: 0.0518
11/11 [==============================] - ETA: 0s - loss: 0.0505
11/11 [==============================] - 0s 27ms/step - loss: 0.0505
Epoch 67/300

 1/11 [=>............................] - ETA: 0s - loss: 0.0614
 3/11 [=======>......................] - ETA: 0s - loss: 0.0550
 5/11 [============>.................] - ETA: 0s - loss: 0.0495
 7/11 [==================>...........] - ETA: 0s - loss: 0.0514
 9/11 [=======================>......] - ETA: 0s - loss: 0.0511
11/11 [==============================] - ETA: 0s - loss: 0.0482
11/11 [==============================] - 0s 28ms/step - loss: 0.0482
Epoch 68/300

 1/11 [=>............................] - ETA: 0s - loss: 0.0440
 3/11 [=======>......................] - ETA: 0s - loss: 0.0456
 5/11 [============>.................] - ETA: 0s - loss: 0.0485
 7/11 [==================>...........] - ETA: 0s - loss: 0.0505
 9/11 [=======================>......] - ETA: 0s - loss: 0.0507
11/11 [==============================] - ETA: 0s - loss: 0.0508
11/11 [==============================] - 0s 27ms/step - loss: 0.0508
Epoch 69/300

 1/11 [=>............................] - ETA: 0s - loss: 0.0511
 3/11 [=======>......................] - ETA: 0s - loss: 0.0431
 5/11 [============>.................] - ETA: 0s - loss: 0.0448
 7/11 [==================>...........] - ETA: 0s - loss: 0.0444
 9/11 [=======================>......] - ETA: 0s - loss: 0.0452
11/11 [==============================] - ETA: 0s - loss: 0.0463
11/11 [==============================] - 0s 28ms/step - loss: 0.0463
Epoch 70/300

 1/11 [=>............................] - ETA: 0s - loss: 0.0532
 3/11 [=======>......................] - ETA: 0s - loss: 0.0535
 5/11 [============>.................] - ETA: 0s - loss: 0.0523
 7/11 [==================>...........] - ETA: 0s - loss: 0.0533
 9/11 [=======================>......] - ETA: 0s - loss: 0.0527
11/11 [==============================] - ETA: 0s - loss: 0.0520
11/11 [==============================] - 0s 28ms/step - loss: 0.0520
Epoch 71/300

 1/11 [=>............................] - ETA: 0s - loss: 0.0464
 3/11 [=======>......................] - ETA: 0s - loss: 0.0501
 5/11 [============>.................] - ETA: 0s - loss: 0.0476
 7/11 [==================>...........] - ETA: 0s - loss: 0.0471
 9/11 [=======================>......] - ETA: 0s - loss: 0.0482
11/11 [==============================] - ETA: 0s - loss: 0.0482
11/11 [==============================] - 0s 27ms/step - loss: 0.0482
Epoch 72/300

 1/11 [=>............................] - ETA: 0s - loss: 0.0435
 3/11 [=======>......................] - ETA: 0s - loss: 0.0428
 5/11 [============>.................] - ETA: 0s - loss: 0.0411
 7/11 [==================>...........] - ETA: 0s - loss: 0.0435
 9/11 [=======================>......] - ETA: 0s - loss: 0.0478
11/11 [==============================] - ETA: 0s - loss: 0.0478
11/11 [==============================] - 0s 27ms/step - loss: 0.0478
Epoch 73/300

 1/11 [=>............................] - ETA: 0s - loss: 0.0450
 3/11 [=======>......................] - ETA: 0s - loss: 0.0470
 5/11 [============>.................] - ETA: 0s - loss: 0.0497
 7/11 [==================>...........] - ETA: 0s - loss: 0.0492
 9/11 [=======================>......] - ETA: 0s - loss: 0.0470
11/11 [==============================] - 0s 28ms/step - loss: 0.0488
Epoch 74/300

 1/11 [=>............................] - ETA: 0s - loss: 0.0413
 3/11 [=======>......................] - ETA: 0s - loss: 0.0425
 5/11 [============>.................] - ETA: 0s - loss: 0.0439
 7/11 [==================>...........] - ETA: 0s - loss: 0.0435
 9/11 [=======================>......] - ETA: 0s - loss: 0.0433
11/11 [==============================] - 0s 27ms/step - loss: 0.0449
Epoch 75/300

 1/11 [=>............................] - ETA: 0s - loss: 0.0459
 3/11 [=======>......................] - ETA: 0s - loss: 0.0438
 5/11 [============>.................] - ETA: 0s - loss: 0.0452
 7/11 [==================>...........] - ETA: 0s - loss: 0.0443
 9/11 [=======================>......] - ETA: 0s - loss: 0.0444
11/11 [==============================] - ETA: 0s - loss: 0.0465
11/11 [==============================] - 0s 28ms/step - loss: 0.0465
Epoch 76/300

 1/11 [=>............................] - ETA: 0s - loss: 0.0462
 3/11 [=======>......................] - ETA: 0s - loss: 0.0438
 5/11 [============>.................] - ETA: 0s - loss: 0.0497
 7/11 [==================>...........] - ETA: 0s - loss: 0.0503
 9/11 [=======================>......] - ETA: 0s - loss: 0.0500
11/11 [==============================] - ETA: 0s - loss: 0.0495
11/11 [==============================] - 0s 28ms/step - loss: 0.0495
Epoch 77/300

 1/11 [=>............................] - ETA: 0s - loss: 0.0581
 3/11 [=======>......................] - ETA: 0s - loss: 0.0494
 5/11 [============>.................] - ETA: 0s - loss: 0.0516
 7/11 [==================>...........] - ETA: 0s - loss: 0.0514
 9/11 [=======================>......] - ETA: 0s - loss: 0.0496
11/11 [==============================] - ETA: 0s - loss: 0.0509
11/11 [==============================] - 0s 27ms/step - loss: 0.0509
Epoch 78/300

 1/11 [=>............................] - ETA: 0s - loss: 0.0497
 3/11 [=======>......................] - ETA: 0s - loss: 0.0501
 5/11 [============>.................] - ETA: 0s - loss: 0.0495
 7/11 [==================>...........] - ETA: 0s - loss: 0.0499
 9/11 [=======================>......] - ETA: 0s - loss: 0.0505
11/11 [==============================] - ETA: 0s - loss: 0.0510
11/11 [==============================] - 0s 28ms/step - loss: 0.0510
Epoch 79/300

 1/11 [=>............................] - ETA: 0s - loss: 0.0417
 3/11 [=======>......................] - ETA: 0s - loss: 0.0464
 5/11 [============>.................] - ETA: 0s - loss: 0.0468
 7/11 [==================>...........] - ETA: 0s - loss: 0.0467
 9/11 [=======================>......] - ETA: 0s - loss: 0.0482
11/11 [==============================] - ETA: 0s - loss: 0.0486
11/11 [==============================] - 0s 27ms/step - loss: 0.0486
Epoch 80/300

 1/11 [=>............................] - ETA: 0s - loss: 0.0471
 3/11 [=======>......................] - ETA: 0s - loss: 0.0466
 5/11 [============>.................] - ETA: 0s - loss: 0.0466
 7/11 [==================>...........] - ETA: 0s - loss: 0.0474
 9/11 [=======================>......] - ETA: 0s - loss: 0.0454
11/11 [==============================] - ETA: 0s - loss: 0.0463
11/11 [==============================] - 0s 28ms/step - loss: 0.0463
Epoch 81/300

 1/11 [=>............................] - ETA: 0s - loss: 0.0423
 3/11 [=======>......................] - ETA: 0s - loss: 0.0429
 5/11 [============>.................] - ETA: 0s - loss: 0.0460
 7/11 [==================>...........] - ETA: 0s - loss: 0.0452
 9/11 [=======================>......] - ETA: 0s - loss: 0.0429
11/11 [==============================] - ETA: 0s - loss: 0.0425
11/11 [==============================] - 0s 27ms/step - loss: 0.0425
Epoch 82/300

 1/11 [=>............................] - ETA: 0s - loss: 0.0445
 3/11 [=======>......................] - ETA: 0s - loss: 0.0448
 5/11 [============>.................] - ETA: 0s - loss: 0.0425
 7/11 [==================>...........] - ETA: 0s - loss: 0.0447
 9/11 [=======================>......] - ETA: 0s - loss: 0.0457
11/11 [==============================] - ETA: 0s - loss: 0.0452
11/11 [==============================] - 0s 27ms/step - loss: 0.0452
Epoch 83/300

 1/11 [=>............................] - ETA: 0s - loss: 0.0593
 3/11 [=======>......................] - ETA: 0s - loss: 0.0535
 5/11 [============>.................] - ETA: 0s - loss: 0.0530
 7/11 [==================>...........] - ETA: 0s - loss: 0.0527
 9/11 [=======================>......] - ETA: 0s - loss: 0.0506
11/11 [==============================] - ETA: 0s - loss: 0.0491
11/11 [==============================] - 0s 28ms/step - loss: 0.0491
Epoch 84/300

 1/11 [=>............................] - ETA: 0s - loss: 0.0551
 3/11 [=======>......................] - ETA: 0s - loss: 0.0505
 5/11 [============>.................] - ETA: 0s - loss: 0.0471
 7/11 [==================>...........] - ETA: 0s - loss: 0.0471
 9/11 [=======================>......] - ETA: 0s - loss: 0.0482
11/11 [==============================] - ETA: 0s - loss: 0.0483
11/11 [==============================] - 0s 29ms/step - loss: 0.0483
Epoch 85/300

 1/11 [=>............................] - ETA: 0s - loss: 0.0474
 3/11 [=======>......................] - ETA: 0s - loss: 0.0529
 5/11 [============>.................] - ETA: 0s - loss: 0.0485
 7/11 [==================>...........] - ETA: 0s - loss: 0.0526
 9/11 [=======================>......] - ETA: 0s - loss: 0.0525
11/11 [==============================] - ETA: 0s - loss: 0.0516
11/11 [==============================] - 0s 31ms/step - loss: 0.0516
Epoch 86/300

 1/11 [=>............................] - ETA: 0s - loss: 0.0421
 3/11 [=======>......................] - ETA: 0s - loss: 0.0509
 5/11 [============>.................] - ETA: 0s - loss: 0.0505
 7/11 [==================>...........] - ETA: 0s - loss: 0.0515
 9/11 [=======================>......] - ETA: 0s - loss: 0.0505
11/11 [==============================] - ETA: 0s - loss: 0.0493
11/11 [==============================] - 0s 28ms/step - loss: 0.0493
Epoch 87/300

 1/11 [=>............................] - ETA: 0s - loss: 0.0542
 3/11 [=======>......................] - ETA: 0s - loss: 0.0466
 5/11 [============>.................] - ETA: 0s - loss: 0.0446
 7/11 [==================>...........] - ETA: 0s - loss: 0.0449
 9/11 [=======================>......] - ETA: 0s - loss: 0.0445
11/11 [==============================] - ETA: 0s - loss: 0.0447
11/11 [==============================] - 0s 29ms/step - loss: 0.0447
Epoch 88/300

 1/11 [=>............................] - ETA: 0s - loss: 0.0572
 3/11 [=======>......................] - ETA: 0s - loss: 0.0554
 5/11 [============>.................] - ETA: 0s - loss: 0.0513
 7/11 [==================>...........] - ETA: 0s - loss: 0.0512
 9/11 [=======================>......] - ETA: 0s - loss: 0.0502
11/11 [==============================] - ETA: 0s - loss: 0.0512
11/11 [==============================] - 0s 28ms/step - loss: 0.0512
Epoch 89/300

 1/11 [=>............................] - ETA: 0s - loss: 0.0408
 3/11 [=======>......................] - ETA: 0s - loss: 0.0434
 5/11 [============>.................] - ETA: 0s - loss: 0.0444
 7/11 [==================>...........] - ETA: 0s - loss: 0.0471
 9/11 [=======================>......] - ETA: 0s - loss: 0.0481
11/11 [==============================] - ETA: 0s - loss: 0.0498
11/11 [==============================] - 0s 28ms/step - loss: 0.0498
Epoch 90/300

 1/11 [=>............................] - ETA: 0s - loss: 0.0483
 3/11 [=======>......................] - ETA: 0s - loss: 0.0475
 5/11 [============>.................] - ETA: 0s - loss: 0.0486
 7/11 [==================>...........] - ETA: 0s - loss: 0.0476
 9/11 [=======================>......] - ETA: 0s - loss: 0.0460
11/11 [==============================] - 0s 27ms/step - loss: 0.0453
Epoch 91/300

 1/11 [=>............................] - ETA: 0s - loss: 0.0458
 3/11 [=======>......................] - ETA: 0s - loss: 0.0467
 5/11 [============>.................] - ETA: 0s - loss: 0.0472
 7/11 [==================>...........] - ETA: 0s - loss: 0.0510
 9/11 [=======================>......] - ETA: 0s - loss: 0.0492
11/11 [==============================] - ETA: 0s - loss: 0.0481
11/11 [==============================] - 0s 27ms/step - loss: 0.0481
Epoch 92/300

 1/11 [=>............................] - ETA: 0s - loss: 0.0499
 3/11 [=======>......................] - ETA: 0s - loss: 0.0514
 5/11 [============>.................] - ETA: 0s - loss: 0.0477
 7/11 [==================>...........] - ETA: 0s - loss: 0.0494
 9/11 [=======================>......] - ETA: 0s - loss: 0.0491
11/11 [==============================] - ETA: 0s - loss: 0.0482
11/11 [==============================] - 0s 27ms/step - loss: 0.0482
Epoch 93/300

 1/11 [=>............................] - ETA: 0s - loss: 0.0454
 3/11 [=======>......................] - ETA: 0s - loss: 0.0483
 5/11 [============>.................] - ETA: 0s - loss: 0.0500
 7/11 [==================>...........] - ETA: 0s - loss: 0.0504
 9/11 [=======================>......] - ETA: 0s - loss: 0.0492
11/11 [==============================] - ETA: 0s - loss: 0.0499
11/11 [==============================] - 0s 27ms/step - loss: 0.0499
Epoch 94/300

 1/11 [=>............................] - ETA: 0s - loss: 0.0470
 3/11 [=======>......................] - ETA: 0s - loss: 0.0443
 5/11 [============>.................] - ETA: 0s - loss: 0.0435
 7/11 [==================>...........] - ETA: 0s - loss: 0.0429
 9/11 [=======================>......] - ETA: 0s - loss: 0.0425
11/11 [==============================] - ETA: 0s - loss: 0.0431
11/11 [==============================] - 0s 27ms/step - loss: 0.0431
Epoch 95/300

 1/11 [=>............................] - ETA: 0s - loss: 0.0602
 3/11 [=======>......................] - ETA: 0s - loss: 0.0540
 5/11 [============>.................] - ETA: 0s - loss: 0.0512
 7/11 [==================>...........] - ETA: 0s - loss: 0.0499
 9/11 [=======================>......] - ETA: 0s - loss: 0.0481
11/11 [==============================] - ETA: 0s - loss: 0.0471
11/11 [==============================] - 0s 27ms/step - loss: 0.0471
Epoch 96/300

 1/11 [=>............................] - ETA: 0s - loss: 0.0744
 3/11 [=======>......................] - ETA: 0s - loss: 0.0552
 5/11 [============>.................] - ETA: 0s - loss: 0.0517
 7/11 [==================>...........] - ETA: 0s - loss: 0.0486
 9/11 [=======================>......] - ETA: 0s - loss: 0.0482
11/11 [==============================] - ETA: 0s - loss: 0.0488
11/11 [==============================] - 0s 27ms/step - loss: 0.0488
Epoch 97/300

 1/11 [=>............................] - ETA: 0s - loss: 0.0496
 3/11 [=======>......................] - ETA: 0s - loss: 0.0462
 5/11 [============>.................] - ETA: 0s - loss: 0.0447
 7/11 [==================>...........] - ETA: 0s - loss: 0.0475
 9/11 [=======================>......] - ETA: 0s - loss: 0.0470
11/11 [==============================] - ETA: 0s - loss: 0.0459
11/11 [==============================] - 0s 28ms/step - loss: 0.0459
Epoch 98/300

 1/11 [=>............................] - ETA: 0s - loss: 0.0546
 3/11 [=======>......................] - ETA: 0s - loss: 0.0497
 5/11 [============>.................] - ETA: 0s - loss: 0.0473
 7/11 [==================>...........] - ETA: 0s - loss: 0.0452
 9/11 [=======================>......] - ETA: 0s - loss: 0.0455
11/11 [==============================] - ETA: 0s - loss: 0.0458
11/11 [==============================] - 0s 27ms/step - loss: 0.0458
Epoch 99/300

 1/11 [=>............................] - ETA: 0s - loss: 0.0548
 3/11 [=======>......................] - ETA: 0s - loss: 0.0480
 5/11 [============>.................] - ETA: 0s - loss: 0.0451
 7/11 [==================>...........] - ETA: 0s - loss: 0.0483
 9/11 [=======================>......] - ETA: 0s - loss: 0.0483
11/11 [==============================] - ETA: 0s - loss: 0.0491
11/11 [==============================] - 0s 27ms/step - loss: 0.0491
Epoch 100/300

 1/11 [=>............................] - ETA: 0s - loss: 0.0502
 3/11 [=======>......................] - ETA: 0s - loss: 0.0451
 5/11 [============>.................] - ETA: 0s - loss: 0.0455
 8/11 [====================>.........] - ETA: 0s - loss: 0.0464
10/11 [==========================>...] - ETA: 0s - loss: 0.0467
11/11 [==============================] - 0s 27ms/step - loss: 0.0473
Epoch 101/300

 1/11 [=>............................] - ETA: 0s - loss: 0.0544
 3/11 [=======>......................] - ETA: 0s - loss: 0.0532
 5/11 [============>.................] - ETA: 0s - loss: 0.0488
 7/11 [==================>...........] - ETA: 0s - loss: 0.0469
 9/11 [=======================>......] - ETA: 0s - loss: 0.0470
11/11 [==============================] - ETA: 0s - loss: 0.0474
11/11 [==============================] - 0s 27ms/step - loss: 0.0474
Epoch 101: early stopping

 1/11 [=>............................] - ETA: 6s
10/11 [==========================>...] - ETA: 0s
11/11 [==============================] - 1s 6ms/step
指標 CSV を保存: C:\Users\Casper4\Python\ueki\shibasaki\研究\Pool_boiling\Subcooling_20_degrees\0.3\2025.07.09_0.3_1\regression_result\npy\conformer\20260702_cfa\heatflux_no_noise\maxfreq=22kHz\e300_t28d128k15b3_conformer\metrics_summary_no_noise.csv
tuning summary saved: C:\Users\Casper4\Python\ueki\shibasaki\研究\Pool_boiling\Subcooling_20_degrees\0.3\2025.07.09_0.3_1\regression_result\npy\conformer\20260702_cfa\tuning_summary.csv
parameter_set=t56d64k15b2 | model_params={'conformer': {'lr': 0.0001, 'batch_size': 64, 'early_stopping': True, 'builder_params': {'model_dim': 64, 'attention_key_dim': 16, 'num_heads': 4, 'ff_dim': 256, 'num_conformer_blocks': 2, 'conv_kernel_size': 15, 'dropout': 0.25, 'time_reduction': 4, 'frontend_filters': [32, 64, 96, 96, 96]}, 'input_axes_assumption': ['time_frame', 'frequency_bin', 'channel'], 'architecture': {'front_end': 'alexnet_like_cnn_with_configurable_time_reduction', 'sequence_length_after_cnn': '224 / time_reduction', 'encoder': 'conformer_block', 'model_dim': 256, 'attention_key_dim': 64, 'num_heads': 4, 'ff_dim': 2048, 'conv_kernel_size': 31, 'pooling': 'AttentionPooling'}}}
run_dir=e300_t56d64k15b2_conformer
  params for conformer: lr=0.0001, batch_size=64
[Conformer] Fold 1/3 学習開始
Epoch 1/300

 1/11 [=>............................] - ETA: 34s - loss: 0.6732
 2/11 [====>.........................] - ETA: 0s - loss: 0.6759 
 5/11 [============>.................] - ETA: 0s - loss: 0.6286
 8/11 [====================>.........] - ETA: 0s - loss: 0.5374
10/11 [==========================>...] - ETA: 0s - loss: 0.4960
11/11 [==============================] - ETA: 0s - loss: 0.4822
11/11 [==============================] - 4s 34ms/step - loss: 0.4822
Epoch 2/300

 1/11 [=>............................] - ETA: 0s - loss: 0.1770
 4/11 [=========>....................] - ETA: 0s - loss: 0.1449
 7/11 [==================>...........] - ETA: 0s - loss: 0.1249
10/11 [==========================>...] - ETA: 0s - loss: 0.1079
11/11 [==============================] - 0s 24ms/step - loss: 0.1083
Epoch 3/300

 1/11 [=>............................] - ETA: 0s - loss: 0.0905
 4/11 [=========>....................] - ETA: 0s - loss: 0.0786
 7/11 [==================>...........] - ETA: 0s - loss: 0.0837
10/11 [==========================>...] - ETA: 0s - loss: 0.0821
11/11 [==============================] - 0s 25ms/step - loss: 0.0804
Epoch 4/300

 1/11 [=>............................] - ETA: 0s - loss: 0.0528
 3/11 [=======>......................] - ETA: 0s - loss: 0.0506
 5/11 [============>.................] - ETA: 0s - loss: 0.0598
 8/11 [====================>.........] - ETA: 0s - loss: 0.0615
10/11 [==========================>...] - ETA: 0s - loss: 0.0616
11/11 [==============================] - 0s 24ms/step - loss: 0.0607
Epoch 5/300

 1/11 [=>............................] - ETA: 0s - loss: 0.0769
 4/11 [=========>....................] - ETA: 0s - loss: 0.0605
 7/11 [==================>...........] - ETA: 0s - loss: 0.0570
10/11 [==========================>...] - ETA: 0s - loss: 0.0575
11/11 [==============================] - 0s 24ms/step - loss: 0.0576
Epoch 6/300

 1/11 [=>............................] - ETA: 0s - loss: 0.0602
 4/11 [=========>....................] - ETA: 0s - loss: 0.0591
 6/11 [===============>..............] - ETA: 0s - loss: 0.0578
 9/11 [=======================>......] - ETA: 0s - loss: 0.0592
11/11 [==============================] - 0s 24ms/step - loss: 0.0575
Epoch 7/300

 1/11 [=>............................] - ETA: 0s - loss: 0.0673
 4/11 [=========>....................] - ETA: 0s - loss: 0.0604
 7/11 [==================>...........] - ETA: 0s - loss: 0.0585
10/11 [==========================>...] - ETA: 0s - loss: 0.0559
11/11 [==============================] - 0s 24ms/step - loss: 0.0564
Epoch 8/300

 1/11 [=>............................] - ETA: 0s - loss: 0.0578
 4/11 [=========>....................] - ETA: 0s - loss: 0.0639
 6/11 [===============>..............] - ETA: 0s - loss: 0.0623
 9/11 [=======================>......] - ETA: 0s - loss: 0.0646
11/11 [==============================] - 0s 25ms/step - loss: 0.0657
Epoch 9/300

 1/11 [=>............................] - ETA: 0s - loss: 0.0710
 3/11 [=======>......................] - ETA: 0s - loss: 0.0543
 6/11 [===============>..............] - ETA: 0s - loss: 0.0558
 9/11 [=======================>......] - ETA: 0s - loss: 0.0558
11/11 [==============================] - 0s 25ms/step - loss: 0.0579
Epoch 10/300

 1/11 [=>............................] - ETA: 0s - loss: 0.0559
 3/11 [=======>......................] - ETA: 0s - loss: 0.0639
 6/11 [===============>..............] - ETA: 0s - loss: 0.0599
 9/11 [=======================>......] - ETA: 0s - loss: 0.0642
11/11 [==============================] - 0s 24ms/step - loss: 0.0630
Epoch 11/300

 1/11 [=>............................] - ETA: 0s - loss: 0.0548
 4/11 [=========>....................] - ETA: 0s - loss: 0.0557
 7/11 [==================>...........] - ETA: 0s - loss: 0.0561
10/11 [==========================>...] - ETA: 0s - loss: 0.0530
11/11 [==============================] - 0s 24ms/step - loss: 0.0523
Epoch 12/300

 1/11 [=>............................] - ETA: 0s - loss: 0.0528
 3/11 [=======>......................] - ETA: 0s - loss: 0.0489
 5/11 [============>.................] - ETA: 0s - loss: 0.0509
 8/11 [====================>.........] - ETA: 0s - loss: 0.0532
10/11 [==========================>...] - ETA: 0s - loss: 0.0531
11/11 [==============================] - 0s 25ms/step - loss: 0.0529
Epoch 13/300

 1/11 [=>............................] - ETA: 0s - loss: 0.0517
 3/11 [=======>......................] - ETA: 0s - loss: 0.0616
 6/11 [===============>..............] - ETA: 0s - loss: 0.0570
 8/11 [====================>.........] - ETA: 0s - loss: 0.0534
10/11 [==========================>...] - ETA: 0s - loss: 0.0510
11/11 [==============================] - 0s 25ms/step - loss: 0.0515
Epoch 14/300

 1/11 [=>............................] - ETA: 0s - loss: 0.0539
 4/11 [=========>....................] - ETA: 0s - loss: 0.0547
 7/11 [==================>...........] - ETA: 0s - loss: 0.0519
10/11 [==========================>...] - ETA: 0s - loss: 0.0537
11/11 [==============================] - 0s 24ms/step - loss: 0.0524
Epoch 15/300

 1/11 [=>............................] - ETA: 0s - loss: 0.0611
 4/11 [=========>....................] - ETA: 0s - loss: 0.0536
 6/11 [===============>..............] - ETA: 0s - loss: 0.0517
 9/11 [=======================>......] - ETA: 0s - loss: 0.0520
11/11 [==============================] - 0s 25ms/step - loss: 0.0513
Epoch 16/300

 1/11 [=>............................] - ETA: 0s - loss: 0.0436
 3/11 [=======>......................] - ETA: 0s - loss: 0.0472
 6/11 [===============>..............] - ETA: 0s - loss: 0.0508
 8/11 [====================>.........] - ETA: 0s - loss: 0.0533
10/11 [==========================>...] - ETA: 0s - loss: 0.0542
11/11 [==============================] - 0s 25ms/step - loss: 0.0559
Epoch 17/300

 1/11 [=>............................] - ETA: 0s - loss: 0.0485
 4/11 [=========>....................] - ETA: 0s - loss: 0.0510
 7/11 [==================>...........] - ETA: 0s - loss: 0.0531
10/11 [==========================>...] - ETA: 0s - loss: 0.0525
11/11 [==============================] - 0s 24ms/step - loss: 0.0533
Epoch 18/300

 1/11 [=>............................] - ETA: 0s - loss: 0.0581
 4/11 [=========>....................] - ETA: 0s - loss: 0.0562
 6/11 [===============>..............] - ETA: 0s - loss: 0.0535
 8/11 [====================>.........] - ETA: 0s - loss: 0.0519
11/11 [==============================] - ETA: 0s - loss: 0.0515
11/11 [==============================] - 0s 25ms/step - loss: 0.0515
Epoch 19/300

 1/11 [=>............................] - ETA: 0s - loss: 0.0520
 4/11 [=========>....................] - ETA: 0s - loss: 0.0564
 7/11 [==================>...........] - ETA: 0s - loss: 0.0582
10/11 [==========================>...] - ETA: 0s - loss: 0.0582
11/11 [==============================] - 0s 24ms/step - loss: 0.0586
Epoch 20/300

 1/11 [=>............................] - ETA: 0s - loss: 0.0447
 4/11 [=========>....................] - ETA: 0s - loss: 0.0510
 7/11 [==================>...........] - ETA: 0s - loss: 0.0478
 9/11 [=======================>......] - ETA: 0s - loss: 0.0483
11/11 [==============================] - 0s 25ms/step - loss: 0.0484
Epoch 21/300

 1/11 [=>............................] - ETA: 0s - loss: 0.0437
 4/11 [=========>....................] - ETA: 0s - loss: 0.0563
 6/11 [===============>..............] - ETA: 0s - loss: 0.0522
 9/11 [=======================>......] - ETA: 0s - loss: 0.0512
11/11 [==============================] - 0s 25ms/step - loss: 0.0519
Epoch 22/300

 1/11 [=>............................] - ETA: 0s - loss: 0.0558
 3/11 [=======>......................] - ETA: 0s - loss: 0.0527
 6/11 [===============>..............] - ETA: 0s - loss: 0.0526
 8/11 [====================>.........] - ETA: 0s - loss: 0.0543
10/11 [==========================>...] - ETA: 0s - loss: 0.0537
11/11 [==============================] - 0s 26ms/step - loss: 0.0537
Epoch 23/300

 1/11 [=>............................] - ETA: 0s - loss: 0.0565
 4/11 [=========>....................] - ETA: 0s - loss: 0.0534
 6/11 [===============>..............] - ETA: 0s - loss: 0.0547
 8/11 [====================>.........] - ETA: 0s - loss: 0.0553
10/11 [==========================>...] - ETA: 0s - loss: 0.0531
11/11 [==============================] - 0s 26ms/step - loss: 0.0541
Epoch 24/300

 1/11 [=>............................] - ETA: 0s - loss: 0.0402
 3/11 [=======>......................] - ETA: 0s - loss: 0.0494
 6/11 [===============>..............] - ETA: 0s - loss: 0.0535
 9/11 [=======================>......] - ETA: 0s - loss: 0.0516
11/11 [==============================] - ETA: 0s - loss: 0.0507
11/11 [==============================] - 0s 27ms/step - loss: 0.0507
Epoch 25/300

 1/11 [=>............................] - ETA: 0s - loss: 0.0410
 4/11 [=========>....................] - ETA: 0s - loss: 0.0442
 6/11 [===============>..............] - ETA: 0s - loss: 0.0456
 8/11 [====================>.........] - ETA: 0s - loss: 0.0485
11/11 [==============================] - ETA: 0s - loss: 0.0529
11/11 [==============================] - 0s 24ms/step - loss: 0.0529
Epoch 26/300

 1/11 [=>............................] - ETA: 0s - loss: 0.0588
 4/11 [=========>....................] - ETA: 0s - loss: 0.0590
 6/11 [===============>..............] - ETA: 0s - loss: 0.0535
 9/11 [=======================>......] - ETA: 0s - loss: 0.0544
11/11 [==============================] - 0s 24ms/step - loss: 0.0538
Epoch 27/300

 1/11 [=>............................] - ETA: 0s - loss: 0.0512
 4/11 [=========>....................] - ETA: 0s - loss: 0.0485
 6/11 [===============>..............] - ETA: 0s - loss: 0.0503
 9/11 [=======================>......] - ETA: 0s - loss: 0.0521
11/11 [==============================] - 0s 24ms/step - loss: 0.0507
Epoch 28/300

 1/11 [=>............................] - ETA: 0s - loss: 0.0494
 3/11 [=======>......................] - ETA: 0s - loss: 0.0478
 6/11 [===============>..............] - ETA: 0s - loss: 0.0522
 9/11 [=======================>......] - ETA: 0s - loss: 0.0520
11/11 [==============================] - 0s 24ms/step - loss: 0.0524
Epoch 29/300

 1/11 [=>............................] - ETA: 0s - loss: 0.0589
 4/11 [=========>....................] - ETA: 0s - loss: 0.0518
 6/11 [===============>..............] - ETA: 0s - loss: 0.0536
 8/11 [====================>.........] - ETA: 0s - loss: 0.0538
11/11 [==============================] - ETA: 0s - loss: 0.0523
11/11 [==============================] - 0s 24ms/step - loss: 0.0523
Epoch 30/300

 1/11 [=>............................] - ETA: 0s - loss: 0.0558
 3/11 [=======>......................] - ETA: 0s - loss: 0.0552
 6/11 [===============>..............] - ETA: 0s - loss: 0.0543
 9/11 [=======================>......] - ETA: 0s - loss: 0.0529
11/11 [==============================] - 0s 24ms/step - loss: 0.0527
Epoch 31/300

 1/11 [=>............................] - ETA: 0s - loss: 0.0432
 3/11 [=======>......................] - ETA: 0s - loss: 0.0390
 6/11 [===============>..............] - ETA: 0s - loss: 0.0424
 9/11 [=======================>......] - ETA: 0s - loss: 0.0430
11/11 [==============================] - 0s 24ms/step - loss: 0.0443
Epoch 32/300

 1/11 [=>............................] - ETA: 0s - loss: 0.0433
 4/11 [=========>....................] - ETA: 0s - loss: 0.0506
 7/11 [==================>...........] - ETA: 0s - loss: 0.0501
10/11 [==========================>...] - ETA: 0s - loss: 0.0508
11/11 [==============================] - 0s 24ms/step - loss: 0.0501
Epoch 33/300

 1/11 [=>............................] - ETA: 0s - loss: 0.0453
 4/11 [=========>....................] - ETA: 0s - loss: 0.0463
 7/11 [==================>...........] - ETA: 0s - loss: 0.0457
10/11 [==========================>...] - ETA: 0s - loss: 0.0459
11/11 [==============================] - 0s 24ms/step - loss: 0.0462
Epoch 34/300

 1/11 [=>............................] - ETA: 0s - loss: 0.0389
 3/11 [=======>......................] - ETA: 0s - loss: 0.0489
 6/11 [===============>..............] - ETA: 0s - loss: 0.0453
 9/11 [=======================>......] - ETA: 0s - loss: 0.0447
11/11 [==============================] - 0s 25ms/step - loss: 0.0459
Epoch 35/300

 1/11 [=>............................] - ETA: 0s - loss: 0.0457
 3/11 [=======>......................] - ETA: 0s - loss: 0.0532
 5/11 [============>.................] - ETA: 0s - loss: 0.0525
 8/11 [====================>.........] - ETA: 0s - loss: 0.0497
11/11 [==============================] - ETA: 0s - loss: 0.0494
11/11 [==============================] - 0s 25ms/step - loss: 0.0494
Epoch 36/300

 1/11 [=>............................] - ETA: 0s - loss: 0.0447
 4/11 [=========>....................] - ETA: 0s - loss: 0.0466
 7/11 [==================>...........] - ETA: 0s - loss: 0.0457
 9/11 [=======================>......] - ETA: 0s - loss: 0.0443
11/11 [==============================] - 0s 24ms/step - loss: 0.0432
Epoch 37/300

 1/11 [=>............................] - ETA: 0s - loss: 0.0547
 4/11 [=========>....................] - ETA: 0s - loss: 0.0457
 6/11 [===============>..............] - ETA: 0s - loss: 0.0445
 9/11 [=======================>......] - ETA: 0s - loss: 0.0440
11/11 [==============================] - 0s 24ms/step - loss: 0.0456
Epoch 38/300

 1/11 [=>............................] - ETA: 0s - loss: 0.0523
 3/11 [=======>......................] - ETA: 0s - loss: 0.0491
 6/11 [===============>..............] - ETA: 0s - loss: 0.0507
 9/11 [=======================>......] - ETA: 0s - loss: 0.0517
11/11 [==============================] - 0s 25ms/step - loss: 0.0511
Epoch 39/300

 1/11 [=>............................] - ETA: 0s - loss: 0.0509
 4/11 [=========>....................] - ETA: 0s - loss: 0.0470
 7/11 [==================>...........] - ETA: 0s - loss: 0.0448
10/11 [==========================>...] - ETA: 0s - loss: 0.0468
11/11 [==============================] - 0s 24ms/step - loss: 0.0481
Epoch 40/300

 1/11 [=>............................] - ETA: 0s - loss: 0.0489
 3/11 [=======>......................] - ETA: 0s - loss: 0.0460
 5/11 [============>.................] - ETA: 0s - loss: 0.0482
 7/11 [==================>...........] - ETA: 0s - loss: 0.0453
10/11 [==========================>...] - ETA: 0s - loss: 0.0441
11/11 [==============================] - 0s 24ms/step - loss: 0.0455
Epoch 41/300

 1/11 [=>............................] - ETA: 0s - loss: 0.0357
 4/11 [=========>....................] - ETA: 0s - loss: 0.0435
 7/11 [==================>...........] - ETA: 0s - loss: 0.0436
10/11 [==========================>...] - ETA: 0s - loss: 0.0441
11/11 [==============================] - 0s 24ms/step - loss: 0.0448
Epoch 42/300

 1/11 [=>............................] - ETA: 0s - loss: 0.0480
 4/11 [=========>....................] - ETA: 0s - loss: 0.0433
 7/11 [==================>...........] - ETA: 0s - loss: 0.0442
 9/11 [=======================>......] - ETA: 0s - loss: 0.0452
11/11 [==============================] - 0s 24ms/step - loss: 0.0439
Epoch 43/300

 1/11 [=>............................] - ETA: 0s - loss: 0.0603
 4/11 [=========>....................] - ETA: 0s - loss: 0.0526
 7/11 [==================>...........] - ETA: 0s - loss: 0.0461
 9/11 [=======================>......] - ETA: 0s - loss: 0.0448
11/11 [==============================] - 0s 24ms/step - loss: 0.0439
Epoch 44/300

 1/11 [=>............................] - ETA: 0s - loss: 0.0370
 4/11 [=========>....................] - ETA: 0s - loss: 0.0442
 7/11 [==================>...........] - ETA: 0s - loss: 0.0484
10/11 [==========================>...] - ETA: 0s - loss: 0.0487
11/11 [==============================] - 0s 24ms/step - loss: 0.0481
Epoch 45/300

 1/11 [=>............................] - ETA: 0s - loss: 0.0547
 3/11 [=======>......................] - ETA: 0s - loss: 0.0558
 6/11 [===============>..............] - ETA: 0s - loss: 0.0532
 9/11 [=======================>......] - ETA: 0s - loss: 0.0516
11/11 [==============================] - 0s 24ms/step - loss: 0.0512
Epoch 46/300

 1/11 [=>............................] - ETA: 0s - loss: 0.0492
 3/11 [=======>......................] - ETA: 0s - loss: 0.0507
 6/11 [===============>..............] - ETA: 0s - loss: 0.0469
 9/11 [=======================>......] - ETA: 0s - loss: 0.0463
11/11 [==============================] - 0s 25ms/step - loss: 0.0463
Epoch 47/300

 1/11 [=>............................] - ETA: 0s - loss: 0.0500
 3/11 [=======>......................] - ETA: 0s - loss: 0.0425
 6/11 [===============>..............] - ETA: 0s - loss: 0.0435
 9/11 [=======================>......] - ETA: 0s - loss: 0.0429
11/11 [==============================] - 0s 24ms/step - loss: 0.0428
Epoch 48/300

 1/11 [=>............................] - ETA: 0s - loss: 0.0539
 3/11 [=======>......................] - ETA: 0s - loss: 0.0454
 6/11 [===============>..............] - ETA: 0s - loss: 0.0453
 8/11 [====================>.........] - ETA: 0s - loss: 0.0436
11/11 [==============================] - ETA: 0s - loss: 0.0461
11/11 [==============================] - 0s 26ms/step - loss: 0.0461
Epoch 49/300

 1/11 [=>............................] - ETA: 0s - loss: 0.0524
 4/11 [=========>....................] - ETA: 0s - loss: 0.0467
 7/11 [==================>...........] - ETA: 0s - loss: 0.0431
10/11 [==========================>...] - ETA: 0s - loss: 0.0434
11/11 [==============================] - 0s 24ms/step - loss: 0.0426
Epoch 50/300

 1/11 [=>............................] - ETA: 0s - loss: 0.0400
 4/11 [=========>....................] - ETA: 0s - loss: 0.0451
 7/11 [==================>...........] - ETA: 0s - loss: 0.0449
10/11 [==========================>...] - ETA: 0s - loss: 0.0421
11/11 [==============================] - 0s 24ms/step - loss: 0.0419
Epoch 51/300

 1/11 [=>............................] - ETA: 0s - loss: 0.0438
 4/11 [=========>....................] - ETA: 0s - loss: 0.0476
 7/11 [==================>...........] - ETA: 0s - loss: 0.0486
 9/11 [=======================>......] - ETA: 0s - loss: 0.0477
11/11 [==============================] - 0s 24ms/step - loss: 0.0466
Epoch 52/300

 1/11 [=>............................] - ETA: 0s - loss: 0.0440
 4/11 [=========>....................] - ETA: 0s - loss: 0.0474
 6/11 [===============>..............] - ETA: 0s - loss: 0.0486
 9/11 [=======================>......] - ETA: 0s - loss: 0.0470
11/11 [==============================] - 0s 24ms/step - loss: 0.0475
Epoch 53/300

 1/11 [=>............................] - ETA: 0s - loss: 0.0441
 4/11 [=========>....................] - ETA: 0s - loss: 0.0510
 7/11 [==================>...........] - ETA: 0s - loss: 0.0485
10/11 [==========================>...] - ETA: 0s - loss: 0.0475
11/11 [==============================] - 0s 24ms/step - loss: 0.0468
Epoch 54/300

 1/11 [=>............................] - ETA: 0s - loss: 0.0599
 4/11 [=========>....................] - ETA: 0s - loss: 0.0467
 6/11 [===============>..............] - ETA: 0s - loss: 0.0473
 8/11 [====================>.........] - ETA: 0s - loss: 0.0463
11/11 [==============================] - ETA: 0s - loss: 0.0446
11/11 [==============================] - 0s 25ms/step - loss: 0.0446
Epoch 55/300

 1/11 [=>............................] - ETA: 0s - loss: 0.0451
 4/11 [=========>....................] - ETA: 0s - loss: 0.0439
 6/11 [===============>..............] - ETA: 0s - loss: 0.0428
 9/11 [=======================>......] - ETA: 0s - loss: 0.0434
11/11 [==============================] - 0s 25ms/step - loss: 0.0426
Epoch 56/300

 1/11 [=>............................] - ETA: 0s - loss: 0.0404
 3/11 [=======>......................] - ETA: 0s - loss: 0.0421
 6/11 [===============>..............] - ETA: 0s - loss: 0.0439
 9/11 [=======================>......] - ETA: 0s - loss: 0.0444
11/11 [==============================] - 0s 24ms/step - loss: 0.0447
Epoch 57/300

 1/11 [=>............................] - ETA: 0s - loss: 0.0517
 3/11 [=======>......................] - ETA: 0s - loss: 0.0471
 6/11 [===============>..............] - ETA: 0s - loss: 0.0432
 8/11 [====================>.........] - ETA: 0s - loss: 0.0443
10/11 [==========================>...] - ETA: 0s - loss: 0.0423
11/11 [==============================] - 0s 25ms/step - loss: 0.0429
Epoch 58/300

 1/11 [=>............................] - ETA: 0s - loss: 0.0498
 4/11 [=========>....................] - ETA: 0s - loss: 0.0396
 6/11 [===============>..............] - ETA: 0s - loss: 0.0409
 9/11 [=======================>......] - ETA: 0s - loss: 0.0410
11/11 [==============================] - 0s 24ms/step - loss: 0.0395
Epoch 59/300

 1/11 [=>............................] - ETA: 0s - loss: 0.0461
 3/11 [=======>......................] - ETA: 0s - loss: 0.0419
 6/11 [===============>..............] - ETA: 0s - loss: 0.0445
 9/11 [=======================>......] - ETA: 0s - loss: 0.0457
11/11 [==============================] - 0s 25ms/step - loss: 0.0449
Epoch 60/300

 1/11 [=>............................] - ETA: 0s - loss: 0.0635
 4/11 [=========>....................] - ETA: 0s - loss: 0.0542
 6/11 [===============>..............] - ETA: 0s - loss: 0.0512
 9/11 [=======================>......] - ETA: 0s - loss: 0.0490
11/11 [==============================] - 0s 24ms/step - loss: 0.0473
Epoch 61/300

 1/11 [=>............................] - ETA: 0s - loss: 0.0366
 3/11 [=======>......................] - ETA: 0s - loss: 0.0396
 6/11 [===============>..............] - ETA: 0s - loss: 0.0391
 8/11 [====================>.........] - ETA: 0s - loss: 0.0369
11/11 [==============================] - ETA: 0s - loss: 0.0366
11/11 [==============================] - 0s 24ms/step - loss: 0.0366
Epoch 62/300

 1/11 [=>............................] - ETA: 0s - loss: 0.0377
 3/11 [=======>......................] - ETA: 0s - loss: 0.0402
 6/11 [===============>..............] - ETA: 0s - loss: 0.0436
 9/11 [=======================>......] - ETA: 0s - loss: 0.0403
11/11 [==============================] - 0s 25ms/step - loss: 0.0415
Epoch 63/300

 1/11 [=>............................] - ETA: 0s - loss: 0.0387
 4/11 [=========>....................] - ETA: 0s - loss: 0.0388
 6/11 [===============>..............] - ETA: 0s - loss: 0.0425
 9/11 [=======================>......] - ETA: 0s - loss: 0.0427
11/11 [==============================] - 0s 25ms/step - loss: 0.0437
Epoch 64/300

 1/11 [=>............................] - ETA: 0s - loss: 0.0547
 4/11 [=========>....................] - ETA: 0s - loss: 0.0472
 7/11 [==================>...........] - ETA: 0s - loss: 0.0445
10/11 [==========================>...] - ETA: 0s - loss: 0.0434
11/11 [==============================] - 0s 24ms/step - loss: 0.0438
Epoch 65/300

 1/11 [=>............................] - ETA: 0s - loss: 0.0544
 3/11 [=======>......................] - ETA: 0s - loss: 0.0497
 6/11 [===============>..............] - ETA: 0s - loss: 0.0474
 9/11 [=======================>......] - ETA: 0s - loss: 0.0466
11/11 [==============================] - 0s 24ms/step - loss: 0.0461
Epoch 66/300

 1/11 [=>............................] - ETA: 0s - loss: 0.0335
 4/11 [=========>....................] - ETA: 0s - loss: 0.0380
 6/11 [===============>..............] - ETA: 0s - loss: 0.0394
 9/11 [=======================>......] - ETA: 0s - loss: 0.0404
11/11 [==============================] - 0s 24ms/step - loss: 0.0392
Epoch 67/300

 1/11 [=>............................] - ETA: 0s - loss: 0.0522
 3/11 [=======>......................] - ETA: 0s - loss: 0.0433
 6/11 [===============>..............] - ETA: 0s - loss: 0.0464
 8/11 [====================>.........] - ETA: 0s - loss: 0.0446
11/11 [==============================] - ETA: 0s - loss: 0.0450
11/11 [==============================] - 0s 25ms/step - loss: 0.0450
Epoch 68/300

 1/11 [=>............................] - ETA: 0s - loss: 0.0404
 4/11 [=========>....................] - ETA: 0s - loss: 0.0428
 7/11 [==================>...........] - ETA: 0s - loss: 0.0403
10/11 [==========================>...] - ETA: 0s - loss: 0.0406
11/11 [==============================] - 0s 24ms/step - loss: 0.0412
Epoch 69/300

 1/11 [=>............................] - ETA: 0s - loss: 0.0395
 4/11 [=========>....................] - ETA: 0s - loss: 0.0343
 6/11 [===============>..............] - ETA: 0s - loss: 0.0372
 9/11 [=======================>......] - ETA: 0s - loss: 0.0371
11/11 [==============================] - 0s 24ms/step - loss: 0.0387
Epoch 70/300

 1/11 [=>............................] - ETA: 0s - loss: 0.0415
 3/11 [=======>......................] - ETA: 0s - loss: 0.0376
 6/11 [===============>..............] - ETA: 0s - loss: 0.0386
 8/11 [====================>.........] - ETA: 0s - loss: 0.0402
10/11 [==========================>...] - ETA: 0s - loss: 0.0418
11/11 [==============================] - 0s 25ms/step - loss: 0.0411
Epoch 71/300

 1/11 [=>............................] - ETA: 0s - loss: 0.0445
 4/11 [=========>....................] - ETA: 0s - loss: 0.0419
 6/11 [===============>..............] - ETA: 0s - loss: 0.0446
 8/11 [====================>.........] - ETA: 0s - loss: 0.0446
11/11 [==============================] - ETA: 0s - loss: 0.0429
11/11 [==============================] - 0s 24ms/step - loss: 0.0429
Epoch 72/300

 1/11 [=>............................] - ETA: 0s - loss: 0.0391
 4/11 [=========>....................] - ETA: 0s - loss: 0.0408
 7/11 [==================>...........] - ETA: 0s - loss: 0.0401
10/11 [==========================>...] - ETA: 0s - loss: 0.0387
11/11 [==============================] - 0s 25ms/step - loss: 0.0384
Epoch 73/300

 1/11 [=>............................] - ETA: 0s - loss: 0.0543
 4/11 [=========>....................] - ETA: 0s - loss: 0.0476
 7/11 [==================>...........] - ETA: 0s - loss: 0.0466
10/11 [==========================>...] - ETA: 0s - loss: 0.0461
11/11 [==============================] - 0s 24ms/step - loss: 0.0455
Epoch 74/300

 1/11 [=>............................] - ETA: 0s - loss: 0.0377
 4/11 [=========>....................] - ETA: 0s - loss: 0.0421
 6/11 [===============>..............] - ETA: 0s - loss: 0.0433
 9/11 [=======================>......] - ETA: 0s - loss: 0.0440
11/11 [==============================] - 0s 24ms/step - loss: 0.0440
Epoch 75/300

 1/11 [=>............................] - ETA: 0s - loss: 0.0401
 3/11 [=======>......................] - ETA: 0s - loss: 0.0424
 5/11 [============>.................] - ETA: 0s - loss: 0.0452
 8/11 [====================>.........] - ETA: 0s - loss: 0.0439
11/11 [==============================] - ETA: 0s - loss: 0.0438
11/11 [==============================] - 0s 25ms/step - loss: 0.0438
Epoch 76/300

 1/11 [=>............................] - ETA: 0s - loss: 0.0346
 3/11 [=======>......................] - ETA: 0s - loss: 0.0357
 5/11 [============>.................] - ETA: 0s - loss: 0.0400
 8/11 [====================>.........] - ETA: 0s - loss: 0.0405
10/11 [==========================>...] - ETA: 0s - loss: 0.0430
11/11 [==============================] - 0s 25ms/step - loss: 0.0433
Epoch 77/300

 1/11 [=>............................] - ETA: 0s - loss: 0.0280
 4/11 [=========>....................] - ETA: 0s - loss: 0.0410
 7/11 [==================>...........] - ETA: 0s - loss: 0.0409
10/11 [==========================>...] - ETA: 0s - loss: 0.0404
11/11 [==============================] - 0s 25ms/step - loss: 0.0404
Epoch 78/300

 1/11 [=>............................] - ETA: 0s - loss: 0.0419
 4/11 [=========>....................] - ETA: 0s - loss: 0.0390
 7/11 [==================>...........] - ETA: 0s - loss: 0.0407
 9/11 [=======================>......] - ETA: 0s - loss: 0.0433
11/11 [==============================] - 0s 24ms/step - loss: 0.0423
Epoch 79/300

 1/11 [=>............................] - ETA: 0s - loss: 0.0343
 3/11 [=======>......................] - ETA: 0s - loss: 0.0391
 6/11 [===============>..............] - ETA: 0s - loss: 0.0386
 8/11 [====================>.........] - ETA: 0s - loss: 0.0378
11/11 [==============================] - ETA: 0s - loss: 0.0394
11/11 [==============================] - 0s 24ms/step - loss: 0.0394
Epoch 80/300

 1/11 [=>............................] - ETA: 0s - loss: 0.0459
 3/11 [=======>......................] - ETA: 0s - loss: 0.0437
 6/11 [===============>..............] - ETA: 0s - loss: 0.0401
 9/11 [=======================>......] - ETA: 0s - loss: 0.0418
11/11 [==============================] - ETA: 0s - loss: 0.0437
11/11 [==============================] - 0s 28ms/step - loss: 0.0437
Epoch 81/300

 1/11 [=>............................] - ETA: 0s - loss: 0.0378
 3/11 [=======>......................] - ETA: 0s - loss: 0.0412
 6/11 [===============>..............] - ETA: 0s - loss: 0.0399
 9/11 [=======================>......] - ETA: 0s - loss: 0.0403
11/11 [==============================] - 0s 25ms/step - loss: 0.0401
Epoch 81: early stopping

 1/11 [=>............................] - ETA: 3s
11/11 [==============================] - ETA: 0s
11/11 [==============================] - 0s 5ms/step
  params for conformer: lr=0.0001, batch_size=64
[Conformer] Fold 2/3 学習開始
Epoch 1/300

 1/11 [=>............................] - ETA: 33s - loss: 0.1031
 2/11 [====>.........................] - ETA: 0s - loss: 0.1117 
 3/11 [=======>......................] - ETA: 0s - loss: 0.1022
 4/11 [=========>....................] - ETA: 0s - loss: 0.1001
 6/11 [===============>..............] - ETA: 0s - loss: 0.0984
 8/11 [====================>.........] - ETA: 0s - loss: 0.0996
10/11 [==========================>...] - ETA: 0s - loss: 0.0970
11/11 [==============================] - 4s 38ms/step - loss: 0.0973
Epoch 2/300

 1/11 [=>............................] - ETA: 0s - loss: 0.0946
 3/11 [=======>......................] - ETA: 0s - loss: 0.0696
 6/11 [===============>..............] - ETA: 0s - loss: 0.0682
 9/11 [=======================>......] - ETA: 0s - loss: 0.0648
11/11 [==============================] - 0s 24ms/step - loss: 0.0632
Epoch 3/300

 1/11 [=>............................] - ETA: 0s - loss: 0.0505
 3/11 [=======>......................] - ETA: 0s - loss: 0.0492
 6/11 [===============>..............] - ETA: 0s - loss: 0.0517
 9/11 [=======================>......] - ETA: 0s - loss: 0.0536
11/11 [==============================] - 0s 24ms/step - loss: 0.0544
Epoch 4/300

 1/11 [=>............................] - ETA: 0s - loss: 0.0554
 4/11 [=========>....................] - ETA: 0s - loss: 0.0545
 7/11 [==================>...........] - ETA: 0s - loss: 0.0575
10/11 [==========================>...] - ETA: 0s - loss: 0.0573
11/11 [==============================] - 0s 24ms/step - loss: 0.0567
Epoch 5/300

 1/11 [=>............................] - ETA: 0s - loss: 0.0526
 3/11 [=======>......................] - ETA: 0s - loss: 0.0531
 6/11 [===============>..............] - ETA: 0s - loss: 0.0515
 9/11 [=======================>......] - ETA: 0s - loss: 0.0483
11/11 [==============================] - 0s 24ms/step - loss: 0.0507
Epoch 6/300

 1/11 [=>............................] - ETA: 0s - loss: 0.0582
 4/11 [=========>....................] - ETA: 0s - loss: 0.0511
 7/11 [==================>...........] - ETA: 0s - loss: 0.0511
10/11 [==========================>...] - ETA: 0s - loss: 0.0525
11/11 [==============================] - 0s 24ms/step - loss: 0.0518
Epoch 7/300

 1/11 [=>............................] - ETA: 0s - loss: 0.0461
 3/11 [=======>......................] - ETA: 0s - loss: 0.0470
 6/11 [===============>..............] - ETA: 0s - loss: 0.0515
 9/11 [=======================>......] - ETA: 0s - loss: 0.0482
11/11 [==============================] - 0s 24ms/step - loss: 0.0483
Epoch 8/300

 1/11 [=>............................] - ETA: 0s - loss: 0.0408
 3/11 [=======>......................] - ETA: 0s - loss: 0.0525
 6/11 [===============>..............] - ETA: 0s - loss: 0.0587
 9/11 [=======================>......] - ETA: 0s - loss: 0.0559
11/11 [==============================] - 0s 24ms/step - loss: 0.0541
Epoch 9/300

 1/11 [=>............................] - ETA: 0s - loss: 0.0444
 4/11 [=========>....................] - ETA: 0s - loss: 0.0476
 6/11 [===============>..............] - ETA: 0s - loss: 0.0482
 9/11 [=======================>......] - ETA: 0s - loss: 0.0490
11/11 [==============================] - 0s 24ms/step - loss: 0.0499
Epoch 10/300

 1/11 [=>............................] - ETA: 0s - loss: 0.0678
 4/11 [=========>....................] - ETA: 0s - loss: 0.0575
 6/11 [===============>..............] - ETA: 0s - loss: 0.0558
 9/11 [=======================>......] - ETA: 0s - loss: 0.0549
11/11 [==============================] - 0s 24ms/step - loss: 0.0531
Epoch 11/300

 1/11 [=>............................] - ETA: 0s - loss: 0.0358
 4/11 [=========>....................] - ETA: 0s - loss: 0.0514
 6/11 [===============>..............] - ETA: 0s - loss: 0.0511
 8/11 [====================>.........] - ETA: 0s - loss: 0.0537
11/11 [==============================] - ETA: 0s - loss: 0.0517
11/11 [==============================] - 0s 25ms/step - loss: 0.0517
Epoch 12/300

 1/11 [=>............................] - ETA: 0s - loss: 0.0519
 4/11 [=========>....................] - ETA: 0s - loss: 0.0492
 7/11 [==================>...........] - ETA: 0s - loss: 0.0523
10/11 [==========================>...] - ETA: 0s - loss: 0.0531
11/11 [==============================] - 0s 24ms/step - loss: 0.0521
Epoch 13/300

 1/11 [=>............................] - ETA: 0s - loss: 0.0607
 3/11 [=======>......................] - ETA: 0s - loss: 0.0540
 6/11 [===============>..............] - ETA: 0s - loss: 0.0513
 9/11 [=======================>......] - ETA: 0s - loss: 0.0509
11/11 [==============================] - 0s 24ms/step - loss: 0.0506
Epoch 14/300

 1/11 [=>............................] - ETA: 0s - loss: 0.0515
 3/11 [=======>......................] - ETA: 0s - loss: 0.0558
 6/11 [===============>..............] - ETA: 0s - loss: 0.0502
 9/11 [=======================>......] - ETA: 0s - loss: 0.0498
11/11 [==============================] - 0s 24ms/step - loss: 0.0506
Epoch 15/300

 1/11 [=>............................] - ETA: 0s - loss: 0.0581
 4/11 [=========>....................] - ETA: 0s - loss: 0.0520
 6/11 [===============>..............] - ETA: 0s - loss: 0.0533
 9/11 [=======================>......] - ETA: 0s - loss: 0.0553
11/11 [==============================] - ETA: 0s - loss: 0.0536
11/11 [==============================] - 0s 25ms/step - loss: 0.0536
Epoch 16/300

 1/11 [=>............................] - ETA: 0s - loss: 0.0603
 4/11 [=========>....................] - ETA: 0s - loss: 0.0520
 6/11 [===============>..............] - ETA: 0s - loss: 0.0505
 9/11 [=======================>......] - ETA: 0s - loss: 0.0525
11/11 [==============================] - 0s 24ms/step - loss: 0.0527
Epoch 17/300

 1/11 [=>............................] - ETA: 0s - loss: 0.0582
 4/11 [=========>....................] - ETA: 0s - loss: 0.0502
 6/11 [===============>..............] - ETA: 0s - loss: 0.0527
 9/11 [=======================>......] - ETA: 0s - loss: 0.0529
11/11 [==============================] - 0s 24ms/step - loss: 0.0537
Epoch 18/300

 1/11 [=>............................] - ETA: 0s - loss: 0.0439
 3/11 [=======>......................] - ETA: 0s - loss: 0.0518
 5/11 [============>.................] - ETA: 0s - loss: 0.0506
 8/11 [====================>.........] - ETA: 0s - loss: 0.0501
10/11 [==========================>...] - ETA: 0s - loss: 0.0501
11/11 [==============================] - 0s 25ms/step - loss: 0.0509
Epoch 19/300

 1/11 [=>............................] - ETA: 0s - loss: 0.0674
 3/11 [=======>......................] - ETA: 0s - loss: 0.0493
 6/11 [===============>..............] - ETA: 0s - loss: 0.0492
 9/11 [=======================>......] - ETA: 0s - loss: 0.0495
11/11 [==============================] - 0s 24ms/step - loss: 0.0514
Epoch 20/300

 1/11 [=>............................] - ETA: 0s - loss: 0.0503
 4/11 [=========>....................] - ETA: 0s - loss: 0.0428
 7/11 [==================>...........] - ETA: 0s - loss: 0.0455
10/11 [==========================>...] - ETA: 0s - loss: 0.0485
11/11 [==============================] - 0s 24ms/step - loss: 0.0477
Epoch 21/300

 1/11 [=>............................] - ETA: 0s - loss: 0.0567
 4/11 [=========>....................] - ETA: 0s - loss: 0.0491
 6/11 [===============>..............] - ETA: 0s - loss: 0.0439
 8/11 [====================>.........] - ETA: 0s - loss: 0.0430
11/11 [==============================] - ETA: 0s - loss: 0.0452
11/11 [==============================] - 0s 25ms/step - loss: 0.0452
Epoch 22/300

 1/11 [=>............................] - ETA: 0s - loss: 0.0477
 4/11 [=========>....................] - ETA: 0s - loss: 0.0526
 6/11 [===============>..............] - ETA: 0s - loss: 0.0522
 8/11 [====================>.........] - ETA: 0s - loss: 0.0519
11/11 [==============================] - ETA: 0s - loss: 0.0516
11/11 [==============================] - 0s 24ms/step - loss: 0.0516
Epoch 23/300

 1/11 [=>............................] - ETA: 0s - loss: 0.0340
 4/11 [=========>....................] - ETA: 0s - loss: 0.0493
 7/11 [==================>...........] - ETA: 0s - loss: 0.0485
 9/11 [=======================>......] - ETA: 0s - loss: 0.0475
11/11 [==============================] - 0s 24ms/step - loss: 0.0457
Epoch 24/300

 1/11 [=>............................] - ETA: 0s - loss: 0.0530
 4/11 [=========>....................] - ETA: 0s - loss: 0.0516
 6/11 [===============>..............] - ETA: 0s - loss: 0.0517
 8/11 [====================>.........] - ETA: 0s - loss: 0.0533
11/11 [==============================] - ETA: 0s - loss: 0.0535
11/11 [==============================] - 0s 25ms/step - loss: 0.0535
Epoch 25/300

 1/11 [=>............................] - ETA: 0s - loss: 0.0595
 4/11 [=========>....................] - ETA: 0s - loss: 0.0514
 6/11 [===============>..............] - ETA: 0s - loss: 0.0509
 9/11 [=======================>......] - ETA: 0s - loss: 0.0526
11/11 [==============================] - 0s 24ms/step - loss: 0.0525
Epoch 26/300

 1/11 [=>............................] - ETA: 0s - loss: 0.0520
 3/11 [=======>......................] - ETA: 0s - loss: 0.0545
 6/11 [===============>..............] - ETA: 0s - loss: 0.0546
 8/11 [====================>.........] - ETA: 0s - loss: 0.0505
11/11 [==============================] - ETA: 0s - loss: 0.0492
11/11 [==============================] - 0s 24ms/step - loss: 0.0492
Epoch 27/300

 1/11 [=>............................] - ETA: 0s - loss: 0.0489
 3/11 [=======>......................] - ETA: 0s - loss: 0.0484
 6/11 [===============>..............] - ETA: 0s - loss: 0.0462
 9/11 [=======================>......] - ETA: 0s - loss: 0.0452
11/11 [==============================] - 0s 25ms/step - loss: 0.0473
Epoch 28/300

 1/11 [=>............................] - ETA: 0s - loss: 0.0249
 3/11 [=======>......................] - ETA: 0s - loss: 0.0419
 6/11 [===============>..............] - ETA: 0s - loss: 0.0444
 9/11 [=======================>......] - ETA: 0s - loss: 0.0435
11/11 [==============================] - 0s 24ms/step - loss: 0.0425
Epoch 29/300

 1/11 [=>............................] - ETA: 0s - loss: 0.0544
 3/11 [=======>......................] - ETA: 0s - loss: 0.0456
 6/11 [===============>..............] - ETA: 0s - loss: 0.0475
 9/11 [=======================>......] - ETA: 0s - loss: 0.0473
11/11 [==============================] - 0s 25ms/step - loss: 0.0463
Epoch 30/300

 1/11 [=>............................] - ETA: 0s - loss: 0.0548
 3/11 [=======>......................] - ETA: 0s - loss: 0.0493
 5/11 [============>.................] - ETA: 0s - loss: 0.0485
 8/11 [====================>.........] - ETA: 0s - loss: 0.0512
10/11 [==========================>...] - ETA: 0s - loss: 0.0510
11/11 [==============================] - 0s 25ms/step - loss: 0.0522
Epoch 31/300

 1/11 [=>............................] - ETA: 0s - loss: 0.0374
 3/11 [=======>......................] - ETA: 0s - loss: 0.0403
 6/11 [===============>..............] - ETA: 0s - loss: 0.0435
 8/11 [====================>.........] - ETA: 0s - loss: 0.0468
11/11 [==============================] - ETA: 0s - loss: 0.0450
11/11 [==============================] - 0s 25ms/step - loss: 0.0450
Epoch 32/300

 1/11 [=>............................] - ETA: 0s - loss: 0.0362
 4/11 [=========>....................] - ETA: 0s - loss: 0.0421
 6/11 [===============>..............] - ETA: 0s - loss: 0.0455
 9/11 [=======================>......] - ETA: 0s - loss: 0.0488
11/11 [==============================] - ETA: 0s - loss: 0.0483
11/11 [==============================] - 0s 25ms/step - loss: 0.0483
Epoch 33/300

 1/11 [=>............................] - ETA: 0s - loss: 0.0575
 4/11 [=========>....................] - ETA: 0s - loss: 0.0483
 7/11 [==================>...........] - ETA: 0s - loss: 0.0451
10/11 [==========================>...] - ETA: 0s - loss: 0.0472
11/11 [==============================] - 0s 25ms/step - loss: 0.0463
Epoch 34/300

 1/11 [=>............................] - ETA: 0s - loss: 0.0406
 3/11 [=======>......................] - ETA: 0s - loss: 0.0390
 6/11 [===============>..............] - ETA: 0s - loss: 0.0456
 8/11 [====================>.........] - ETA: 0s - loss: 0.0471
11/11 [==============================] - ETA: 0s - loss: 0.0496
11/11 [==============================] - 0s 25ms/step - loss: 0.0496
Epoch 35/300

 1/11 [=>............................] - ETA: 0s - loss: 0.0446
 4/11 [=========>....................] - ETA: 0s - loss: 0.0448
 6/11 [===============>..............] - ETA: 0s - loss: 0.0456
 8/11 [====================>.........] - ETA: 0s - loss: 0.0443
11/11 [==============================] - ETA: 0s - loss: 0.0455
11/11 [==============================] - 0s 24ms/step - loss: 0.0455
Epoch 36/300

 1/11 [=>............................] - ETA: 0s - loss: 0.0475
 4/11 [=========>....................] - ETA: 0s - loss: 0.0477
 7/11 [==================>...........] - ETA: 0s - loss: 0.0506
10/11 [==========================>...] - ETA: 0s - loss: 0.0506
11/11 [==============================] - 0s 25ms/step - loss: 0.0498
Epoch 37/300

 1/11 [=>............................] - ETA: 0s - loss: 0.0435
 4/11 [=========>....................] - ETA: 0s - loss: 0.0472
 7/11 [==================>...........] - ETA: 0s - loss: 0.0468
10/11 [==========================>...] - ETA: 0s - loss: 0.0470
11/11 [==============================] - 0s 25ms/step - loss: 0.0467
Epoch 38/300

 1/11 [=>............................] - ETA: 0s - loss: 0.0436
 4/11 [=========>....................] - ETA: 0s - loss: 0.0488
 7/11 [==================>...........] - ETA: 0s - loss: 0.0472
 9/11 [=======================>......] - ETA: 0s - loss: 0.0458
11/11 [==============================] - 0s 24ms/step - loss: 0.0467
Epoch 39/300

 1/11 [=>............................] - ETA: 0s - loss: 0.0585
 4/11 [=========>....................] - ETA: 0s - loss: 0.0531
 7/11 [==================>...........] - ETA: 0s - loss: 0.0511
10/11 [==========================>...] - ETA: 0s - loss: 0.0494
11/11 [==============================] - 0s 24ms/step - loss: 0.0491
Epoch 40/300

 1/11 [=>............................] - ETA: 0s - loss: 0.0525
 3/11 [=======>......................] - ETA: 0s - loss: 0.0411
 6/11 [===============>..............] - ETA: 0s - loss: 0.0461
 8/11 [====================>.........] - ETA: 0s - loss: 0.0429
11/11 [==============================] - ETA: 0s - loss: 0.0427
11/11 [==============================] - 0s 26ms/step - loss: 0.0427
Epoch 41/300

 1/11 [=>............................] - ETA: 0s - loss: 0.0533
 4/11 [=========>....................] - ETA: 0s - loss: 0.0489
 7/11 [==================>...........] - ETA: 0s - loss: 0.0484
 9/11 [=======================>......] - ETA: 0s - loss: 0.0479
11/11 [==============================] - 0s 25ms/step - loss: 0.0468
Epoch 42/300

 1/11 [=>............................] - ETA: 0s - loss: 0.0399
 4/11 [=========>....................] - ETA: 0s - loss: 0.0452
 7/11 [==================>...........] - ETA: 0s - loss: 0.0414
10/11 [==========================>...] - ETA: 0s - loss: 0.0418
11/11 [==============================] - 0s 25ms/step - loss: 0.0420
Epoch 43/300

 1/11 [=>............................] - ETA: 0s - loss: 0.0429
 3/11 [=======>......................] - ETA: 0s - loss: 0.0440
 6/11 [===============>..............] - ETA: 0s - loss: 0.0472
 8/11 [====================>.........] - ETA: 0s - loss: 0.0477
10/11 [==========================>...] - ETA: 0s - loss: 0.0469
11/11 [==============================] - 0s 25ms/step - loss: 0.0485
Epoch 44/300

 1/11 [=>............................] - ETA: 0s - loss: 0.0356
 3/11 [=======>......................] - ETA: 0s - loss: 0.0333
 5/11 [============>.................] - ETA: 0s - loss: 0.0388
 8/11 [====================>.........] - ETA: 0s - loss: 0.0432
11/11 [==============================] - ETA: 0s - loss: 0.0446
11/11 [==============================] - 0s 25ms/step - loss: 0.0446
Epoch 45/300

 1/11 [=>............................] - ETA: 0s - loss: 0.0441
 4/11 [=========>....................] - ETA: 0s - loss: 0.0480
 7/11 [==================>...........] - ETA: 0s - loss: 0.0499
 9/11 [=======================>......] - ETA: 0s - loss: 0.0483
11/11 [==============================] - 0s 24ms/step - loss: 0.0475
Epoch 46/300

 1/11 [=>............................] - ETA: 0s - loss: 0.0580
 4/11 [=========>....................] - ETA: 0s - loss: 0.0501
 6/11 [===============>..............] - ETA: 0s - loss: 0.0476
 8/11 [====================>.........] - ETA: 0s - loss: 0.0511
10/11 [==========================>...] - ETA: 0s - loss: 0.0508
11/11 [==============================] - 0s 25ms/step - loss: 0.0504
Epoch 47/300

 1/11 [=>............................] - ETA: 0s - loss: 0.0460
 4/11 [=========>....................] - ETA: 0s - loss: 0.0506
 7/11 [==================>...........] - ETA: 0s - loss: 0.0476
 9/11 [=======================>......] - ETA: 0s - loss: 0.0470
11/11 [==============================] - 0s 24ms/step - loss: 0.0465
Epoch 48/300

 1/11 [=>............................] - ETA: 0s - loss: 0.0516
 4/11 [=========>....................] - ETA: 0s - loss: 0.0468
 6/11 [===============>..............] - ETA: 0s - loss: 0.0455
 8/11 [====================>.........] - ETA: 0s - loss: 0.0448
10/11 [==========================>...] - ETA: 0s - loss: 0.0467
11/11 [==============================] - 0s 24ms/step - loss: 0.0465
Epoch 49/300

 1/11 [=>............................] - ETA: 0s - loss: 0.0591
 4/11 [=========>....................] - ETA: 0s - loss: 0.0490
 7/11 [==================>...........] - ETA: 0s - loss: 0.0456
 9/11 [=======================>......] - ETA: 0s - loss: 0.0423
11/11 [==============================] - 0s 25ms/step - loss: 0.0417
Epoch 50/300

 1/11 [=>............................] - ETA: 0s - loss: 0.0441
 3/11 [=======>......................] - ETA: 0s - loss: 0.0457
 6/11 [===============>..............] - ETA: 0s - loss: 0.0451
 8/11 [====================>.........] - ETA: 0s - loss: 0.0449
11/11 [==============================] - ETA: 0s - loss: 0.0465
11/11 [==============================] - 0s 25ms/step - loss: 0.0465
Epoch 51/300

 1/11 [=>............................] - ETA: 0s - loss: 0.0373
 4/11 [=========>....................] - ETA: 0s - loss: 0.0530
 6/11 [===============>..............] - ETA: 0s - loss: 0.0505
 9/11 [=======================>......] - ETA: 0s - loss: 0.0456
11/11 [==============================] - 0s 25ms/step - loss: 0.0455
Epoch 52/300

 1/11 [=>............................] - ETA: 0s - loss: 0.0462
 4/11 [=========>....................] - ETA: 0s - loss: 0.0457
 6/11 [===============>..............] - ETA: 0s - loss: 0.0487
 9/11 [=======================>......] - ETA: 0s - loss: 0.0436
11/11 [==============================] - 0s 24ms/step - loss: 0.0435
Epoch 53/300

 1/11 [=>............................] - ETA: 0s - loss: 0.0220
 3/11 [=======>......................] - ETA: 0s - loss: 0.0421
 6/11 [===============>..............] - ETA: 0s - loss: 0.0423
 9/11 [=======================>......] - ETA: 0s - loss: 0.0425
11/11 [==============================] - 0s 25ms/step - loss: 0.0409
Epoch 54/300

 1/11 [=>............................] - ETA: 0s - loss: 0.0368
 3/11 [=======>......................] - ETA: 0s - loss: 0.0376
 6/11 [===============>..............] - ETA: 0s - loss: 0.0421
 8/11 [====================>.........] - ETA: 0s - loss: 0.0431
10/11 [==========================>...] - ETA: 0s - loss: 0.0416
11/11 [==============================] - 0s 26ms/step - loss: 0.0413
Epoch 55/300

 1/11 [=>............................] - ETA: 0s - loss: 0.0369
 3/11 [=======>......................] - ETA: 0s - loss: 0.0432
 5/11 [============>.................] - ETA: 0s - loss: 0.0401
 7/11 [==================>...........] - ETA: 0s - loss: 0.0408
10/11 [==========================>...] - ETA: 0s - loss: 0.0431
11/11 [==============================] - 0s 25ms/step - loss: 0.0435
Epoch 56/300

 1/11 [=>............................] - ETA: 0s - loss: 0.0402
 4/11 [=========>....................] - ETA: 0s - loss: 0.0370
 7/11 [==================>...........] - ETA: 0s - loss: 0.0415
10/11 [==========================>...] - ETA: 0s - loss: 0.0419
11/11 [==============================] - 0s 24ms/step - loss: 0.0425
Epoch 57/300

 1/11 [=>............................] - ETA: 0s - loss: 0.0545
 4/11 [=========>....................] - ETA: 0s - loss: 0.0501
 7/11 [==================>...........] - ETA: 0s - loss: 0.0465
10/11 [==========================>...] - ETA: 0s - loss: 0.0475
11/11 [==============================] - 0s 25ms/step - loss: 0.0466
Epoch 58/300

 1/11 [=>............................] - ETA: 0s - loss: 0.0476
 3/11 [=======>......................] - ETA: 0s - loss: 0.0424
 5/11 [============>.................] - ETA: 0s - loss: 0.0418
 7/11 [==================>...........] - ETA: 0s - loss: 0.0441
10/11 [==========================>...] - ETA: 0s - loss: 0.0431
11/11 [==============================] - 0s 25ms/step - loss: 0.0433
Epoch 59/300

 1/11 [=>............................] - ETA: 0s - loss: 0.0269
 4/11 [=========>....................] - ETA: 0s - loss: 0.0352
 7/11 [==================>...........] - ETA: 0s - loss: 0.0369
10/11 [==========================>...] - ETA: 0s - loss: 0.0376
11/11 [==============================] - 0s 24ms/step - loss: 0.0392
Epoch 60/300

 1/11 [=>............................] - ETA: 0s - loss: 0.0461
 4/11 [=========>....................] - ETA: 0s - loss: 0.0472
 7/11 [==================>...........] - ETA: 0s - loss: 0.0499
10/11 [==========================>...] - ETA: 0s - loss: 0.0510
11/11 [==============================] - 0s 24ms/step - loss: 0.0509
Epoch 61/300

 1/11 [=>............................] - ETA: 0s - loss: 0.0294
 4/11 [=========>....................] - ETA: 0s - loss: 0.0388
 7/11 [==================>...........] - ETA: 0s - loss: 0.0411
 9/11 [=======================>......] - ETA: 0s - loss: 0.0413
11/11 [==============================] - 0s 24ms/step - loss: 0.0424
Epoch 62/300

 1/11 [=>............................] - ETA: 0s - loss: 0.0499
 3/11 [=======>......................] - ETA: 0s - loss: 0.0393
 6/11 [===============>..............] - ETA: 0s - loss: 0.0412
 9/11 [=======================>......] - ETA: 0s - loss: 0.0439
11/11 [==============================] - 0s 24ms/step - loss: 0.0441
Epoch 63/300

 1/11 [=>............................] - ETA: 0s - loss: 0.0384
 4/11 [=========>....................] - ETA: 0s - loss: 0.0487
 7/11 [==================>...........] - ETA: 0s - loss: 0.0452
 9/11 [=======================>......] - ETA: 0s - loss: 0.0440
11/11 [==============================] - 0s 24ms/step - loss: 0.0430
Epoch 64/300

 1/11 [=>............................] - ETA: 0s - loss: 0.0443
 3/11 [=======>......................] - ETA: 0s - loss: 0.0451
 6/11 [===============>..............] - ETA: 0s - loss: 0.0448
 9/11 [=======================>......] - ETA: 0s - loss: 0.0419
11/11 [==============================] - 0s 24ms/step - loss: 0.0418
Epoch 65/300

 1/11 [=>............................] - ETA: 0s - loss: 0.0542
 4/11 [=========>....................] - ETA: 0s - loss: 0.0393
 6/11 [===============>..............] - ETA: 0s - loss: 0.0396
 9/11 [=======================>......] - ETA: 0s - loss: 0.0407
11/11 [==============================] - 0s 24ms/step - loss: 0.0398
Epoch 66/300

 1/11 [=>............................] - ETA: 0s - loss: 0.0354
 3/11 [=======>......................] - ETA: 0s - loss: 0.0396
 6/11 [===============>..............] - ETA: 0s - loss: 0.0425
 9/11 [=======================>......] - ETA: 0s - loss: 0.0413
11/11 [==============================] - 0s 24ms/step - loss: 0.0430
Epoch 67/300

 1/11 [=>............................] - ETA: 0s - loss: 0.0344
 4/11 [=========>....................] - ETA: 0s - loss: 0.0440
 6/11 [===============>..............] - ETA: 0s - loss: 0.0416
 9/11 [=======================>......] - ETA: 0s - loss: 0.0420
11/11 [==============================] - 0s 24ms/step - loss: 0.0423
Epoch 68/300

 1/11 [=>............................] - ETA: 0s - loss: 0.0476
 4/11 [=========>....................] - ETA: 0s - loss: 0.0488
 7/11 [==================>...........] - ETA: 0s - loss: 0.0460
 9/11 [=======================>......] - ETA: 0s - loss: 0.0464
11/11 [==============================] - 0s 24ms/step - loss: 0.0461
Epoch 69/300

 1/11 [=>............................] - ETA: 0s - loss: 0.0431
 4/11 [=========>....................] - ETA: 0s - loss: 0.0466
 7/11 [==================>...........] - ETA: 0s - loss: 0.0421
10/11 [==========================>...] - ETA: 0s - loss: 0.0421
11/11 [==============================] - 0s 24ms/step - loss: 0.0420
Epoch 70/300

 1/11 [=>............................] - ETA: 0s - loss: 0.0345
 3/11 [=======>......................] - ETA: 0s - loss: 0.0358
 6/11 [===============>..............] - ETA: 0s - loss: 0.0428
 9/11 [=======================>......] - ETA: 0s - loss: 0.0409
11/11 [==============================] - 0s 24ms/step - loss: 0.0411
Epoch 71/300

 1/11 [=>............................] - ETA: 0s - loss: 0.0483
 3/11 [=======>......................] - ETA: 0s - loss: 0.0405
 5/11 [============>.................] - ETA: 0s - loss: 0.0413
 8/11 [====================>.........] - ETA: 0s - loss: 0.0425
11/11 [==============================] - ETA: 0s - loss: 0.0402
11/11 [==============================] - 0s 25ms/step - loss: 0.0402
Epoch 72/300

 1/11 [=>............................] - ETA: 0s - loss: 0.0370
 4/11 [=========>....................] - ETA: 0s - loss: 0.0440
 6/11 [===============>..............] - ETA: 0s - loss: 0.0452
 8/11 [====================>.........] - ETA: 0s - loss: 0.0449
11/11 [==============================] - ETA: 0s - loss: 0.0434
11/11 [==============================] - 0s 25ms/step - loss: 0.0434
Epoch 73/300

 1/11 [=>............................] - ETA: 0s - loss: 0.0379
 3/11 [=======>......................] - ETA: 0s - loss: 0.0411
 6/11 [===============>..............] - ETA: 0s - loss: 0.0407
 8/11 [====================>.........] - ETA: 0s - loss: 0.0395
11/11 [==============================] - ETA: 0s - loss: 0.0399
11/11 [==============================] - 0s 24ms/step - loss: 0.0399
Epoch 74/300

 1/11 [=>............................] - ETA: 0s - loss: 0.0444
 3/11 [=======>......................] - ETA: 0s - loss: 0.0380
 6/11 [===============>..............] - ETA: 0s - loss: 0.0443
 9/11 [=======================>......] - ETA: 0s - loss: 0.0450
11/11 [==============================] - 0s 24ms/step - loss: 0.0433
Epoch 75/300

 1/11 [=>............................] - ETA: 0s - loss: 0.0372
 4/11 [=========>....................] - ETA: 0s - loss: 0.0384
 7/11 [==================>...........] - ETA: 0s - loss: 0.0367
10/11 [==========================>...] - ETA: 0s - loss: 0.0374
11/11 [==============================] - 0s 24ms/step - loss: 0.0378
Epoch 76/300

 1/11 [=>............................] - ETA: 0s - loss: 0.0366
 4/11 [=========>....................] - ETA: 0s - loss: 0.0387
 6/11 [===============>..............] - ETA: 0s - loss: 0.0412
 9/11 [=======================>......] - ETA: 0s - loss: 0.0402
11/11 [==============================] - 0s 24ms/step - loss: 0.0414
Epoch 77/300

 1/11 [=>............................] - ETA: 0s - loss: 0.0439
 3/11 [=======>......................] - ETA: 0s - loss: 0.0394
 6/11 [===============>..............] - ETA: 0s - loss: 0.0435
 9/11 [=======================>......] - ETA: 0s - loss: 0.0418
11/11 [==============================] - 0s 25ms/step - loss: 0.0425
Epoch 78/300

 1/11 [=>............................] - ETA: 0s - loss: 0.0295
 4/11 [=========>....................] - ETA: 0s - loss: 0.0391
 7/11 [==================>...........] - ETA: 0s - loss: 0.0399
 9/11 [=======================>......] - ETA: 0s - loss: 0.0413
11/11 [==============================] - 0s 24ms/step - loss: 0.0414
Epoch 79/300

 1/11 [=>............................] - ETA: 0s - loss: 0.0434
 3/11 [=======>......................] - ETA: 0s - loss: 0.0446
 5/11 [============>.................] - ETA: 0s - loss: 0.0418
 8/11 [====================>.........] - ETA: 0s - loss: 0.0414
10/11 [==========================>...] - ETA: 0s - loss: 0.0453
11/11 [==============================] - 0s 25ms/step - loss: 0.0453
Epoch 80/300

 1/11 [=>............................] - ETA: 0s - loss: 0.0468
 4/11 [=========>....................] - ETA: 0s - loss: 0.0372
 7/11 [==================>...........] - ETA: 0s - loss: 0.0386
 9/11 [=======================>......] - ETA: 0s - loss: 0.0405
11/11 [==============================] - 0s 24ms/step - loss: 0.0425
Epoch 81/300

 1/11 [=>............................] - ETA: 0s - loss: 0.0507
 3/11 [=======>......................] - ETA: 0s - loss: 0.0491
 6/11 [===============>..............] - ETA: 0s - loss: 0.0424
 9/11 [=======================>......] - ETA: 0s - loss: 0.0423
11/11 [==============================] - 0s 25ms/step - loss: 0.0415
Epoch 82/300

 1/11 [=>............................] - ETA: 0s - loss: 0.0451
 3/11 [=======>......................] - ETA: 0s - loss: 0.0458
 6/11 [===============>..............] - ETA: 0s - loss: 0.0415
 9/11 [=======================>......] - ETA: 0s - loss: 0.0419
11/11 [==============================] - 0s 24ms/step - loss: 0.0415
Epoch 83/300

 1/11 [=>............................] - ETA: 0s - loss: 0.0349
 4/11 [=========>....................] - ETA: 0s - loss: 0.0401
 7/11 [==================>...........] - ETA: 0s - loss: 0.0413
 9/11 [=======================>......] - ETA: 0s - loss: 0.0418
11/11 [==============================] - 0s 24ms/step - loss: 0.0429
Epoch 84/300

 1/11 [=>............................] - ETA: 0s - loss: 0.0477
 3/11 [=======>......................] - ETA: 0s - loss: 0.0464
 6/11 [===============>..............] - ETA: 0s - loss: 0.0433
 8/11 [====================>.........] - ETA: 0s - loss: 0.0408
10/11 [==========================>...] - ETA: 0s - loss: 0.0406
11/11 [==============================] - 0s 25ms/step - loss: 0.0401
Epoch 85/300

 1/11 [=>............................] - ETA: 0s - loss: 0.0376
 4/11 [=========>....................] - ETA: 0s - loss: 0.0477
 7/11 [==================>...........] - ETA: 0s - loss: 0.0433
 9/11 [=======================>......] - ETA: 0s - loss: 0.0405
11/11 [==============================] - 0s 24ms/step - loss: 0.0416
Epoch 86/300

 1/11 [=>............................] - ETA: 0s - loss: 0.0343
 4/11 [=========>....................] - ETA: 0s - loss: 0.0376
 6/11 [===============>..............] - ETA: 0s - loss: 0.0415
 9/11 [=======================>......] - ETA: 0s - loss: 0.0384
11/11 [==============================] - 0s 24ms/step - loss: 0.0387
Epoch 87/300

 1/11 [=>............................] - ETA: 0s - loss: 0.0460
 4/11 [=========>....................] - ETA: 0s - loss: 0.0436
 7/11 [==================>...........] - ETA: 0s - loss: 0.0429
10/11 [==========================>...] - ETA: 0s - loss: 0.0428
11/11 [==============================] - 0s 24ms/step - loss: 0.0438
Epoch 88/300

 1/11 [=>............................] - ETA: 0s - loss: 0.0405
 4/11 [=========>....................] - ETA: 0s - loss: 0.0425
 6/11 [===============>..............] - ETA: 0s - loss: 0.0416
 9/11 [=======================>......] - ETA: 0s - loss: 0.0430
11/11 [==============================] - 0s 25ms/step - loss: 0.0436
Epoch 89/300

 1/11 [=>............................] - ETA: 0s - loss: 0.0329
 4/11 [=========>....................] - ETA: 0s - loss: 0.0384
 7/11 [==================>...........] - ETA: 0s - loss: 0.0426
10/11 [==========================>...] - ETA: 0s - loss: 0.0409
11/11 [==============================] - 0s 24ms/step - loss: 0.0401
Epoch 90/300

 1/11 [=>............................] - ETA: 0s - loss: 0.0378
 3/11 [=======>......................] - ETA: 0s - loss: 0.0376
 6/11 [===============>..............] - ETA: 0s - loss: 0.0411
 9/11 [=======================>......] - ETA: 0s - loss: 0.0425
11/11 [==============================] - 0s 24ms/step - loss: 0.0450
Epoch 91/300

 1/11 [=>............................] - ETA: 0s - loss: 0.0454
 4/11 [=========>....................] - ETA: 0s - loss: 0.0404
 6/11 [===============>..............] - ETA: 0s - loss: 0.0423
 9/11 [=======================>......] - ETA: 0s - loss: 0.0423
11/11 [==============================] - 0s 25ms/step - loss: 0.0405
Epoch 92/300

 1/11 [=>............................] - ETA: 0s - loss: 0.0321
 3/11 [=======>......................] - ETA: 0s - loss: 0.0340
 6/11 [===============>..............] - ETA: 0s - loss: 0.0374
 8/11 [====================>.........] - ETA: 0s - loss: 0.0365
11/11 [==============================] - ETA: 0s - loss: 0.0365
11/11 [==============================] - 0s 24ms/step - loss: 0.0365
Epoch 93/300

 1/11 [=>............................] - ETA: 0s - loss: 0.0362
 4/11 [=========>....................] - ETA: 0s - loss: 0.0371
 7/11 [==================>...........] - ETA: 0s - loss: 0.0394
10/11 [==========================>...] - ETA: 0s - loss: 0.0387
11/11 [==============================] - 0s 24ms/step - loss: 0.0389
Epoch 94/300

 1/11 [=>............................] - ETA: 0s - loss: 0.0458
 4/11 [=========>....................] - ETA: 0s - loss: 0.0403
 7/11 [==================>...........] - ETA: 0s - loss: 0.0389
 9/11 [=======================>......] - ETA: 0s - loss: 0.0395
11/11 [==============================] - 0s 25ms/step - loss: 0.0391
Epoch 95/300

 1/11 [=>............................] - ETA: 0s - loss: 0.0412
 3/11 [=======>......................] - ETA: 0s - loss: 0.0434
 5/11 [============>.................] - ETA: 0s - loss: 0.0455
 8/11 [====================>.........] - ETA: 0s - loss: 0.0427
11/11 [==============================] - ETA: 0s - loss: 0.0415
11/11 [==============================] - 0s 25ms/step - loss: 0.0415
Epoch 96/300

 1/11 [=>............................] - ETA: 0s - loss: 0.0330
 3/11 [=======>......................] - ETA: 0s - loss: 0.0374
 5/11 [============>.................] - ETA: 0s - loss: 0.0374
 7/11 [==================>...........] - ETA: 0s - loss: 0.0392
 9/11 [=======================>......] - ETA: 0s - loss: 0.0381
11/11 [==============================] - 0s 25ms/step - loss: 0.0387
Epoch 97/300

 1/11 [=>............................] - ETA: 0s - loss: 0.0432
 4/11 [=========>....................] - ETA: 0s - loss: 0.0402
 6/11 [===============>..............] - ETA: 0s - loss: 0.0402
 8/11 [====================>.........] - ETA: 0s - loss: 0.0421
11/11 [==============================] - ETA: 0s - loss: 0.0404
11/11 [==============================] - 0s 25ms/step - loss: 0.0404
Epoch 98/300

 1/11 [=>............................] - ETA: 0s - loss: 0.0352
 3/11 [=======>......................] - ETA: 0s - loss: 0.0357
 6/11 [===============>..............] - ETA: 0s - loss: 0.0354
 8/11 [====================>.........] - ETA: 0s - loss: 0.0360
11/11 [==============================] - ETA: 0s - loss: 0.0366
11/11 [==============================] - 0s 25ms/step - loss: 0.0366
Epoch 99/300

 1/11 [=>............................] - ETA: 0s - loss: 0.0296
 4/11 [=========>....................] - ETA: 0s - loss: 0.0382
 6/11 [===============>..............] - ETA: 0s - loss: 0.0415
 8/11 [====================>.........] - ETA: 0s - loss: 0.0426
10/11 [==========================>...] - ETA: 0s - loss: 0.0411
11/11 [==============================] - 0s 28ms/step - loss: 0.0416
Epoch 100/300

 1/11 [=>............................] - ETA: 0s - loss: 0.0401
 4/11 [=========>....................] - ETA: 0s - loss: 0.0395
 6/11 [===============>..............] - ETA: 0s - loss: 0.0396
 8/11 [====================>.........] - ETA: 0s - loss: 0.0428
10/11 [==========================>...] - ETA: 0s - loss: 0.0429
11/11 [==============================] - 0s 25ms/step - loss: 0.0428
Epoch 101/300

 1/11 [=>............................] - ETA: 0s - loss: 0.0434
 3/11 [=======>......................] - ETA: 0s - loss: 0.0516
 5/11 [============>.................] - ETA: 0s - loss: 0.0505
 7/11 [==================>...........] - ETA: 0s - loss: 0.0475
 9/11 [=======================>......] - ETA: 0s - loss: 0.0463
11/11 [==============================] - ETA: 0s - loss: 0.0453
11/11 [==============================] - 0s 27ms/step - loss: 0.0453
Epoch 102/300

 1/11 [=>............................] - ETA: 0s - loss: 0.0342
 3/11 [=======>......................] - ETA: 0s - loss: 0.0324
 5/11 [============>.................] - ETA: 0s - loss: 0.0348
 7/11 [==================>...........] - ETA: 0s - loss: 0.0372
 9/11 [=======================>......] - ETA: 0s - loss: 0.0400
11/11 [==============================] - ETA: 0s - loss: 0.0405
11/11 [==============================] - 0s 28ms/step - loss: 0.0405
Epoch 103/300

 1/11 [=>............................] - ETA: 0s - loss: 0.0299
 3/11 [=======>......................] - ETA: 0s - loss: 0.0370
 5/11 [============>.................] - ETA: 0s - loss: 0.0383
 7/11 [==================>...........] - ETA: 0s - loss: 0.0388
 9/11 [=======================>......] - ETA: 0s - loss: 0.0388
11/11 [==============================] - 0s 26ms/step - loss: 0.0383
Epoch 104/300

 1/11 [=>............................] - ETA: 0s - loss: 0.0390
 3/11 [=======>......................] - ETA: 0s - loss: 0.0375
 5/11 [============>.................] - ETA: 0s - loss: 0.0374
 7/11 [==================>...........] - ETA: 0s - loss: 0.0375
 9/11 [=======================>......] - ETA: 0s - loss: 0.0374
11/11 [==============================] - 0s 25ms/step - loss: 0.0391
Epoch 105/300

 1/11 [=>............................] - ETA: 0s - loss: 0.0432
 3/11 [=======>......................] - ETA: 0s - loss: 0.0426
 6/11 [===============>..............] - ETA: 0s - loss: 0.0387
 9/11 [=======================>......] - ETA: 0s - loss: 0.0388
11/11 [==============================] - 0s 25ms/step - loss: 0.0407
Epoch 106/300

 1/11 [=>............................] - ETA: 0s - loss: 0.0357
 4/11 [=========>....................] - ETA: 0s - loss: 0.0381
 7/11 [==================>...........] - ETA: 0s - loss: 0.0376
10/11 [==========================>...] - ETA: 0s - loss: 0.0391
11/11 [==============================] - 0s 24ms/step - loss: 0.0390
Epoch 107/300

 1/11 [=>............................] - ETA: 0s - loss: 0.0489
 4/11 [=========>....................] - ETA: 0s - loss: 0.0397
 7/11 [==================>...........] - ETA: 0s - loss: 0.0413
10/11 [==========================>...] - ETA: 0s - loss: 0.0409
11/11 [==============================] - 0s 24ms/step - loss: 0.0401
Epoch 108/300

 1/11 [=>............................] - ETA: 0s - loss: 0.0445
 4/11 [=========>....................] - ETA: 0s - loss: 0.0401
 7/11 [==================>...........] - ETA: 0s - loss: 0.0402
 9/11 [=======================>......] - ETA: 0s - loss: 0.0401
11/11 [==============================] - 0s 25ms/step - loss: 0.0399
Epoch 109/300

 1/11 [=>............................] - ETA: 0s - loss: 0.0483
 4/11 [=========>....................] - ETA: 0s - loss: 0.0419
 6/11 [===============>..............] - ETA: 0s - loss: 0.0398
 9/11 [=======================>......] - ETA: 0s - loss: 0.0386
11/11 [==============================] - 0s 25ms/step - loss: 0.0385
Epoch 110/300

 1/11 [=>............................] - ETA: 0s - loss: 0.0361
 3/11 [=======>......................] - ETA: 0s - loss: 0.0344
 5/11 [============>.................] - ETA: 0s - loss: 0.0342
 7/11 [==================>...........] - ETA: 0s - loss: 0.0345
10/11 [==========================>...] - ETA: 0s - loss: 0.0350
11/11 [==============================] - 0s 26ms/step - loss: 0.0353
Epoch 111/300

 1/11 [=>............................] - ETA: 0s - loss: 0.0387
 4/11 [=========>....................] - ETA: 0s - loss: 0.0405
 6/11 [===============>..............] - ETA: 0s - loss: 0.0418
 9/11 [=======================>......] - ETA: 0s - loss: 0.0417
11/11 [==============================] - 0s 24ms/step - loss: 0.0406
Epoch 112/300

 1/11 [=>............................] - ETA: 0s - loss: 0.0557
 4/11 [=========>....................] - ETA: 0s - loss: 0.0416
 7/11 [==================>...........] - ETA: 0s - loss: 0.0397
10/11 [==========================>...] - ETA: 0s - loss: 0.0400
11/11 [==============================] - 0s 24ms/step - loss: 0.0397
Epoch 113/300

 1/11 [=>............................] - ETA: 0s - loss: 0.0305
 3/11 [=======>......................] - ETA: 0s - loss: 0.0399
 5/11 [============>.................] - ETA: 0s - loss: 0.0405
 7/11 [==================>...........] - ETA: 0s - loss: 0.0407
10/11 [==========================>...] - ETA: 0s - loss: 0.0433
11/11 [==============================] - 0s 25ms/step - loss: 0.0428
Epoch 114/300

 1/11 [=>............................] - ETA: 0s - loss: 0.0323
 4/11 [=========>....................] - ETA: 0s - loss: 0.0336
 7/11 [==================>...........] - ETA: 0s - loss: 0.0370
 9/11 [=======================>......] - ETA: 0s - loss: 0.0376
11/11 [==============================] - 0s 25ms/step - loss: 0.0393
Epoch 115/300

 1/11 [=>............................] - ETA: 0s - loss: 0.0391
 4/11 [=========>....................] - ETA: 0s - loss: 0.0415
 7/11 [==================>...........] - ETA: 0s - loss: 0.0409
 9/11 [=======================>......] - ETA: 0s - loss: 0.0416
11/11 [==============================] - 0s 25ms/step - loss: 0.0416
Epoch 116/300

 1/11 [=>............................] - ETA: 0s - loss: 0.0392
 3/11 [=======>......................] - ETA: 0s - loss: 0.0450
 5/11 [============>.................] - ETA: 0s - loss: 0.0465
 7/11 [==================>...........] - ETA: 0s - loss: 0.0438
10/11 [==========================>...] - ETA: 0s - loss: 0.0412
11/11 [==============================] - 0s 25ms/step - loss: 0.0406
Epoch 117/300

 1/11 [=>............................] - ETA: 0s - loss: 0.0303
 3/11 [=======>......................] - ETA: 0s - loss: 0.0327
 5/11 [============>.................] - ETA: 0s - loss: 0.0332
 7/11 [==================>...........] - ETA: 0s - loss: 0.0344
 9/11 [=======================>......] - ETA: 0s - loss: 0.0365
11/11 [==============================] - 0s 25ms/step - loss: 0.0357
Epoch 118/300

 1/11 [=>............................] - ETA: 0s - loss: 0.0352
 4/11 [=========>....................] - ETA: 0s - loss: 0.0408
 6/11 [===============>..............] - ETA: 0s - loss: 0.0437
 9/11 [=======================>......] - ETA: 0s - loss: 0.0412
11/11 [==============================] - 0s 25ms/step - loss: 0.0400
Epoch 119/300

 1/11 [=>............................] - ETA: 0s - loss: 0.0370
 3/11 [=======>......................] - ETA: 0s - loss: 0.0499
 5/11 [============>.................] - ETA: 0s - loss: 0.0455
 7/11 [==================>...........] - ETA: 0s - loss: 0.0423
 9/11 [=======================>......] - ETA: 0s - loss: 0.0409
11/11 [==============================] - 0s 26ms/step - loss: 0.0397
Epoch 120/300

 1/11 [=>............................] - ETA: 0s - loss: 0.0354
 3/11 [=======>......................] - ETA: 0s - loss: 0.0411
 5/11 [============>.................] - ETA: 0s - loss: 0.0414
 8/11 [====================>.........] - ETA: 0s - loss: 0.0410
10/11 [==========================>...] - ETA: 0s - loss: 0.0404
11/11 [==============================] - 0s 26ms/step - loss: 0.0399
Epoch 121/300

 1/11 [=>............................] - ETA: 0s - loss: 0.0435
 3/11 [=======>......................] - ETA: 0s - loss: 0.0386
 6/11 [===============>..............] - ETA: 0s - loss: 0.0405
 8/11 [====================>.........] - ETA: 0s - loss: 0.0399
11/11 [==============================] - ETA: 0s - loss: 0.0396
11/11 [==============================] - 0s 25ms/step - loss: 0.0396
Epoch 122/300

 1/11 [=>............................] - ETA: 0s - loss: 0.0359
 4/11 [=========>....................] - ETA: 0s - loss: 0.0352
 6/11 [===============>..............] - ETA: 0s - loss: 0.0361
 9/11 [=======================>......] - ETA: 0s - loss: 0.0375
11/11 [==============================] - 0s 24ms/step - loss: 0.0372
Epoch 123/300

 1/11 [=>............................] - ETA: 0s - loss: 0.0342
 3/11 [=======>......................] - ETA: 0s - loss: 0.0401
 5/11 [============>.................] - ETA: 0s - loss: 0.0408
 7/11 [==================>...........] - ETA: 0s - loss: 0.0401
10/11 [==========================>...] - ETA: 0s - loss: 0.0386
11/11 [==============================] - 0s 25ms/step - loss: 0.0389
Epoch 124/300

 1/11 [=>............................] - ETA: 0s - loss: 0.0392
 3/11 [=======>......................] - ETA: 0s - loss: 0.0408
 5/11 [============>.................] - ETA: 0s - loss: 0.0422
 7/11 [==================>...........] - ETA: 0s - loss: 0.0401
 9/11 [=======================>......] - ETA: 0s - loss: 0.0388
11/11 [==============================] - 0s 25ms/step - loss: 0.0406
Epoch 125/300

 1/11 [=>............................] - ETA: 0s - loss: 0.0416
 4/11 [=========>....................] - ETA: 0s - loss: 0.0358
 6/11 [===============>..............] - ETA: 0s - loss: 0.0347
 9/11 [=======================>......] - ETA: 0s - loss: 0.0376
11/11 [==============================] - 0s 24ms/step - loss: 0.0374
Epoch 126/300

 1/11 [=>............................] - ETA: 0s - loss: 0.0537
 4/11 [=========>....................] - ETA: 0s - loss: 0.0434
 7/11 [==================>...........] - ETA: 0s - loss: 0.0416
10/11 [==========================>...] - ETA: 0s - loss: 0.0427
11/11 [==============================] - 0s 24ms/step - loss: 0.0437
Epoch 127/300

 1/11 [=>............................] - ETA: 0s - loss: 0.0362
 4/11 [=========>....................] - ETA: 0s - loss: 0.0402
 7/11 [==================>...........] - ETA: 0s - loss: 0.0380
 9/11 [=======================>......] - ETA: 0s - loss: 0.0391
11/11 [==============================] - 0s 25ms/step - loss: 0.0395
Epoch 128/300

 1/11 [=>............................] - ETA: 0s - loss: 0.0354
 4/11 [=========>....................] - ETA: 0s - loss: 0.0353
 6/11 [===============>..............] - ETA: 0s - loss: 0.0355
 9/11 [=======================>......] - ETA: 0s - loss: 0.0379
11/11 [==============================] - 0s 25ms/step - loss: 0.0373
Epoch 129/300

 1/11 [=>............................] - ETA: 0s - loss: 0.0300
 4/11 [=========>....................] - ETA: 0s - loss: 0.0340
 6/11 [===============>..............] - ETA: 0s - loss: 0.0380
 8/11 [====================>.........] - ETA: 0s - loss: 0.0368
11/11 [==============================] - ETA: 0s - loss: 0.0361
11/11 [==============================] - 0s 25ms/step - loss: 0.0361
Epoch 130/300

 1/11 [=>............................] - ETA: 0s - loss: 0.0380
 3/11 [=======>......................] - ETA: 0s - loss: 0.0356
 6/11 [===============>..............] - ETA: 0s - loss: 0.0371
 9/11 [=======================>......] - ETA: 0s - loss: 0.0391
11/11 [==============================] - 0s 24ms/step - loss: 0.0384
Epoch 130: early stopping

 1/11 [=>............................] - ETA: 3s
11/11 [==============================] - 0s 5ms/step
  params for conformer: lr=0.0001, batch_size=64
[Conformer] Fold 3/3 学習開始
Epoch 1/300

 1/11 [=>............................] - ETA: 33s - loss: 0.6791
 2/11 [====>.........................] - ETA: 0s - loss: 0.7242 
 3/11 [=======>......................] - ETA: 0s - loss: 0.6915
 5/11 [============>.................] - ETA: 0s - loss: 0.7006
 7/11 [==================>...........] - ETA: 0s - loss: 0.6452
 9/11 [=======================>......] - ETA: 0s - loss: 0.5868
11/11 [==============================] - 4s 34ms/step - loss: 0.5493
Epoch 2/300

 1/11 [=>............................] - ETA: 0s - loss: 0.2378
 3/11 [=======>......................] - ETA: 0s - loss: 0.2048
 5/11 [============>.................] - ETA: 0s - loss: 0.1763
 7/11 [==================>...........] - ETA: 0s - loss: 0.1616
 9/11 [=======================>......] - ETA: 0s - loss: 0.1490
11/11 [==============================] - 0s 26ms/step - loss: 0.1458
Epoch 3/300

 1/11 [=>............................] - ETA: 0s - loss: 0.1338
 3/11 [=======>......................] - ETA: 0s - loss: 0.1044
 6/11 [===============>..............] - ETA: 0s - loss: 0.1076
 9/11 [=======================>......] - ETA: 0s - loss: 0.1065
11/11 [==============================] - 0s 25ms/step - loss: 0.1073
Epoch 4/300

 1/11 [=>............................] - ETA: 0s - loss: 0.1020
 4/11 [=========>....................] - ETA: 0s - loss: 0.0943
 6/11 [===============>..............] - ETA: 0s - loss: 0.0901
 9/11 [=======================>......] - ETA: 0s - loss: 0.0888
11/11 [==============================] - 0s 25ms/step - loss: 0.0864
Epoch 5/300

 1/11 [=>............................] - ETA: 0s - loss: 0.0735
 4/11 [=========>....................] - ETA: 0s - loss: 0.0727
 7/11 [==================>...........] - ETA: 0s - loss: 0.0778
10/11 [==========================>...] - ETA: 0s - loss: 0.0795
11/11 [==============================] - 0s 24ms/step - loss: 0.0782
Epoch 6/300

 1/11 [=>............................] - ETA: 0s - loss: 0.0907
 4/11 [=========>....................] - ETA: 0s - loss: 0.0740
 6/11 [===============>..............] - ETA: 0s - loss: 0.0753
 9/11 [=======================>......] - ETA: 0s - loss: 0.0756
11/11 [==============================] - 0s 25ms/step - loss: 0.0749
Epoch 7/300

 1/11 [=>............................] - ETA: 0s - loss: 0.0773
 3/11 [=======>......................] - ETA: 0s - loss: 0.0805
 5/11 [============>.................] - ETA: 0s - loss: 0.0796
 8/11 [====================>.........] - ETA: 0s - loss: 0.0746
10/11 [==========================>...] - ETA: 0s - loss: 0.0725
11/11 [==============================] - 0s 24ms/step - loss: 0.0719
Epoch 8/300

 1/11 [=>............................] - ETA: 0s - loss: 0.0546
 3/11 [=======>......................] - ETA: 0s - loss: 0.0720
 6/11 [===============>..............] - ETA: 0s - loss: 0.0866
 9/11 [=======================>......] - ETA: 0s - loss: 0.0801
11/11 [==============================] - 0s 25ms/step - loss: 0.0791
Epoch 9/300

 1/11 [=>............................] - ETA: 0s - loss: 0.0666
 4/11 [=========>....................] - ETA: 0s - loss: 0.0797
 6/11 [===============>..............] - ETA: 0s - loss: 0.0813
 8/11 [====================>.........] - ETA: 0s - loss: 0.0791
10/11 [==========================>...] - ETA: 0s - loss: 0.0776
11/11 [==============================] - 0s 25ms/step - loss: 0.0779
Epoch 10/300

 1/11 [=>............................] - ETA: 0s - loss: 0.0552
 4/11 [=========>....................] - ETA: 0s - loss: 0.0646
 6/11 [===============>..............] - ETA: 0s - loss: 0.0690
 8/11 [====================>.........] - ETA: 0s - loss: 0.0718
10/11 [==========================>...] - ETA: 0s - loss: 0.0739
11/11 [==============================] - 0s 26ms/step - loss: 0.0729
Epoch 11/300

 1/11 [=>............................] - ETA: 0s - loss: 0.0615
 3/11 [=======>......................] - ETA: 0s - loss: 0.0709
 5/11 [============>.................] - ETA: 0s - loss: 0.0749
 7/11 [==================>...........] - ETA: 0s - loss: 0.0726
 9/11 [=======================>......] - ETA: 0s - loss: 0.0746
11/11 [==============================] - ETA: 0s - loss: 0.0737
11/11 [==============================] - 0s 27ms/step - loss: 0.0737
Epoch 12/300

 1/11 [=>............................] - ETA: 0s - loss: 0.0884
 4/11 [=========>....................] - ETA: 0s - loss: 0.0756
 7/11 [==================>...........] - ETA: 0s - loss: 0.0701
 9/11 [=======================>......] - ETA: 0s - loss: 0.0711
11/11 [==============================] - 0s 26ms/step - loss: 0.0715
Epoch 13/300

 1/11 [=>............................] - ETA: 0s - loss: 0.0746
 3/11 [=======>......................] - ETA: 0s - loss: 0.0768
 6/11 [===============>..............] - ETA: 0s - loss: 0.0794
 8/11 [====================>.........] - ETA: 0s - loss: 0.0815
10/11 [==========================>...] - ETA: 0s - loss: 0.0792
11/11 [==============================] - 0s 26ms/step - loss: 0.0781
Epoch 14/300

 1/11 [=>............................] - ETA: 0s - loss: 0.0689
 3/11 [=======>......................] - ETA: 0s - loss: 0.0649
 5/11 [============>.................] - ETA: 0s - loss: 0.0753
 7/11 [==================>...........] - ETA: 0s - loss: 0.0725
 9/11 [=======================>......] - ETA: 0s - loss: 0.0724
11/11 [==============================] - 0s 25ms/step - loss: 0.0706
Epoch 15/300

 1/11 [=>............................] - ETA: 0s - loss: 0.0518
 3/11 [=======>......................] - ETA: 0s - loss: 0.0558
 5/11 [============>.................] - ETA: 0s - loss: 0.0651
 7/11 [==================>...........] - ETA: 0s - loss: 0.0677
10/11 [==========================>...] - ETA: 0s - loss: 0.0650
11/11 [==============================] - 0s 26ms/step - loss: 0.0655
Epoch 16/300

 1/11 [=>............................] - ETA: 0s - loss: 0.0802
 4/11 [=========>....................] - ETA: 0s - loss: 0.0620
 6/11 [===============>..............] - ETA: 0s - loss: 0.0649
 8/11 [====================>.........] - ETA: 0s - loss: 0.0634
11/11 [==============================] - ETA: 0s - loss: 0.0671
11/11 [==============================] - 0s 25ms/step - loss: 0.0671
Epoch 17/300

 1/11 [=>............................] - ETA: 0s - loss: 0.0508
 3/11 [=======>......................] - ETA: 0s - loss: 0.0636
 6/11 [===============>..............] - ETA: 0s - loss: 0.0663
 9/11 [=======================>......] - ETA: 0s - loss: 0.0664
11/11 [==============================] - 0s 24ms/step - loss: 0.0668
Epoch 18/300

 1/11 [=>............................] - ETA: 0s - loss: 0.0720
 3/11 [=======>......................] - ETA: 0s - loss: 0.0745
 6/11 [===============>..............] - ETA: 0s - loss: 0.0666
 9/11 [=======================>......] - ETA: 0s - loss: 0.0645
11/11 [==============================] - 0s 24ms/step - loss: 0.0665
Epoch 19/300

 1/11 [=>............................] - ETA: 0s - loss: 0.0731
 3/11 [=======>......................] - ETA: 0s - loss: 0.0674
 6/11 [===============>..............] - ETA: 0s - loss: 0.0680
 9/11 [=======================>......] - ETA: 0s - loss: 0.0686
11/11 [==============================] - 0s 24ms/step - loss: 0.0708
Epoch 20/300

 1/11 [=>............................] - ETA: 0s - loss: 0.0639
 4/11 [=========>....................] - ETA: 0s - loss: 0.0653
 7/11 [==================>...........] - ETA: 0s - loss: 0.0639
10/11 [==========================>...] - ETA: 0s - loss: 0.0657
11/11 [==============================] - 0s 24ms/step - loss: 0.0649
Epoch 21/300

 1/11 [=>............................] - ETA: 0s - loss: 0.0541
 3/11 [=======>......................] - ETA: 0s - loss: 0.0596
 6/11 [===============>..............] - ETA: 0s - loss: 0.0594
 8/11 [====================>.........] - ETA: 0s - loss: 0.0613
10/11 [==========================>...] - ETA: 0s - loss: 0.0580
11/11 [==============================] - 0s 24ms/step - loss: 0.0583
Epoch 22/300

 1/11 [=>............................] - ETA: 0s - loss: 0.0731
 3/11 [=======>......................] - ETA: 0s - loss: 0.0663
 6/11 [===============>..............] - ETA: 0s - loss: 0.0716
 8/11 [====================>.........] - ETA: 0s - loss: 0.0726
11/11 [==============================] - ETA: 0s - loss: 0.0699
11/11 [==============================] - 0s 24ms/step - loss: 0.0699
Epoch 23/300

 1/11 [=>............................] - ETA: 0s - loss: 0.0645
 3/11 [=======>......................] - ETA: 0s - loss: 0.0649
 6/11 [===============>..............] - ETA: 0s - loss: 0.0608
 8/11 [====================>.........] - ETA: 0s - loss: 0.0590
11/11 [==============================] - ETA: 0s - loss: 0.0595
11/11 [==============================] - 0s 25ms/step - loss: 0.0595
Epoch 24/300

 1/11 [=>............................] - ETA: 0s - loss: 0.0554
 3/11 [=======>......................] - ETA: 0s - loss: 0.0559
 6/11 [===============>..............] - ETA: 0s - loss: 0.0545
 9/11 [=======================>......] - ETA: 0s - loss: 0.0615
11/11 [==============================] - 0s 24ms/step - loss: 0.0619
Epoch 25/300

 1/11 [=>............................] - ETA: 0s - loss: 0.0637
 4/11 [=========>....................] - ETA: 0s - loss: 0.0589
 7/11 [==================>...........] - ETA: 0s - loss: 0.0570
10/11 [==========================>...] - ETA: 0s - loss: 0.0578
11/11 [==============================] - 0s 24ms/step - loss: 0.0590
Epoch 26/300

 1/11 [=>............................] - ETA: 0s - loss: 0.0730
 3/11 [=======>......................] - ETA: 0s - loss: 0.0681
 5/11 [============>.................] - ETA: 0s - loss: 0.0687
 7/11 [==================>...........] - ETA: 0s - loss: 0.0638
10/11 [==========================>...] - ETA: 0s - loss: 0.0637
11/11 [==============================] - 0s 25ms/step - loss: 0.0652
Epoch 27/300

 1/11 [=>............................] - ETA: 0s - loss: 0.0572
 4/11 [=========>....................] - ETA: 0s - loss: 0.0556
 7/11 [==================>...........] - ETA: 0s - loss: 0.0623
10/11 [==========================>...] - ETA: 0s - loss: 0.0635
11/11 [==============================] - 0s 24ms/step - loss: 0.0648
Epoch 28/300

 1/11 [=>............................] - ETA: 0s - loss: 0.0816
 4/11 [=========>....................] - ETA: 0s - loss: 0.0677
 6/11 [===============>..............] - ETA: 0s - loss: 0.0639
 9/11 [=======================>......] - ETA: 0s - loss: 0.0645
11/11 [==============================] - 0s 25ms/step - loss: 0.0637
Epoch 29/300

 1/11 [=>............................] - ETA: 0s - loss: 0.0602
 3/11 [=======>......................] - ETA: 0s - loss: 0.0616
 6/11 [===============>..............] - ETA: 0s - loss: 0.0645
 9/11 [=======================>......] - ETA: 0s - loss: 0.0647
11/11 [==============================] - 0s 25ms/step - loss: 0.0640
Epoch 30/300

 1/11 [=>............................] - ETA: 0s - loss: 0.0607
 4/11 [=========>....................] - ETA: 0s - loss: 0.0630
 7/11 [==================>...........] - ETA: 0s - loss: 0.0637
 9/11 [=======================>......] - ETA: 0s - loss: 0.0649
11/11 [==============================] - 0s 24ms/step - loss: 0.0656
Epoch 31/300

 1/11 [=>............................] - ETA: 0s - loss: 0.0696
 4/11 [=========>....................] - ETA: 0s - loss: 0.0631
 7/11 [==================>...........] - ETA: 0s - loss: 0.0623
 9/11 [=======================>......] - ETA: 0s - loss: 0.0644
11/11 [==============================] - 0s 24ms/step - loss: 0.0635
Epoch 32/300

 1/11 [=>............................] - ETA: 0s - loss: 0.0623
 4/11 [=========>....................] - ETA: 0s - loss: 0.0570
 7/11 [==================>...........] - ETA: 0s - loss: 0.0581
10/11 [==========================>...] - ETA: 0s - loss: 0.0600
11/11 [==============================] - 0s 24ms/step - loss: 0.0606
Epoch 33/300

 1/11 [=>............................] - ETA: 0s - loss: 0.0540
 4/11 [=========>....................] - ETA: 0s - loss: 0.0635
 7/11 [==================>...........] - ETA: 0s - loss: 0.0620
10/11 [==========================>...] - ETA: 0s - loss: 0.0638
11/11 [==============================] - 0s 24ms/step - loss: 0.0627
Epoch 34/300

 1/11 [=>............................] - ETA: 0s - loss: 0.0637
 3/11 [=======>......................] - ETA: 0s - loss: 0.0604
 5/11 [============>.................] - ETA: 0s - loss: 0.0598
 8/11 [====================>.........] - ETA: 0s - loss: 0.0597
10/11 [==========================>...] - ETA: 0s - loss: 0.0589
11/11 [==============================] - 0s 26ms/step - loss: 0.0590
Epoch 35/300

 1/11 [=>............................] - ETA: 0s - loss: 0.0593
 4/11 [=========>....................] - ETA: 0s - loss: 0.0597
 6/11 [===============>..............] - ETA: 0s - loss: 0.0594
 9/11 [=======================>......] - ETA: 0s - loss: 0.0538
11/11 [==============================] - 0s 24ms/step - loss: 0.0538
Epoch 36/300

 1/11 [=>............................] - ETA: 0s - loss: 0.0626
 3/11 [=======>......................] - ETA: 0s - loss: 0.0543
 5/11 [============>.................] - ETA: 0s - loss: 0.0588
 8/11 [====================>.........] - ETA: 0s - loss: 0.0587
11/11 [==============================] - ETA: 0s - loss: 0.0587
11/11 [==============================] - 0s 25ms/step - loss: 0.0587
Epoch 37/300

 1/11 [=>............................] - ETA: 0s - loss: 0.0585
 4/11 [=========>....................] - ETA: 0s - loss: 0.0683
 6/11 [===============>..............] - ETA: 0s - loss: 0.0655
 8/11 [====================>.........] - ETA: 0s - loss: 0.0643
10/11 [==========================>...] - ETA: 0s - loss: 0.0626
11/11 [==============================] - 0s 25ms/step - loss: 0.0623
Epoch 38/300

 1/11 [=>............................] - ETA: 0s - loss: 0.0785
 3/11 [=======>......................] - ETA: 0s - loss: 0.0625
 6/11 [===============>..............] - ETA: 0s - loss: 0.0592
 9/11 [=======================>......] - ETA: 0s - loss: 0.0612
11/11 [==============================] - 0s 24ms/step - loss: 0.0622
Epoch 39/300

 1/11 [=>............................] - ETA: 0s - loss: 0.0635
 4/11 [=========>....................] - ETA: 0s - loss: 0.0588
 7/11 [==================>...........] - ETA: 0s - loss: 0.0541
10/11 [==========================>...] - ETA: 0s - loss: 0.0543
11/11 [==============================] - 0s 24ms/step - loss: 0.0543
Epoch 40/300

 1/11 [=>............................] - ETA: 0s - loss: 0.0459
 4/11 [=========>....................] - ETA: 0s - loss: 0.0539
 7/11 [==================>...........] - ETA: 0s - loss: 0.0527
 9/11 [=======================>......] - ETA: 0s - loss: 0.0557
11/11 [==============================] - 0s 24ms/step - loss: 0.0542
Epoch 41/300

 1/11 [=>............................] - ETA: 0s - loss: 0.0481
 3/11 [=======>......................] - ETA: 0s - loss: 0.0607
 6/11 [===============>..............] - ETA: 0s - loss: 0.0611
 8/11 [====================>.........] - ETA: 0s - loss: 0.0601
10/11 [==========================>...] - ETA: 0s - loss: 0.0597
11/11 [==============================] - 0s 25ms/step - loss: 0.0590
Epoch 42/300

 1/11 [=>............................] - ETA: 0s - loss: 0.0636
 4/11 [=========>....................] - ETA: 0s - loss: 0.0552
 7/11 [==================>...........] - ETA: 0s - loss: 0.0536
10/11 [==========================>...] - ETA: 0s - loss: 0.0530
11/11 [==============================] - 0s 24ms/step - loss: 0.0525
Epoch 43/300

 1/11 [=>............................] - ETA: 0s - loss: 0.0486
 4/11 [=========>....................] - ETA: 0s - loss: 0.0568
 7/11 [==================>...........] - ETA: 0s - loss: 0.0551
 9/11 [=======================>......] - ETA: 0s - loss: 0.0547
11/11 [==============================] - 0s 24ms/step - loss: 0.0546
Epoch 44/300

 1/11 [=>............................] - ETA: 0s - loss: 0.0549
 4/11 [=========>....................] - ETA: 0s - loss: 0.0547
 7/11 [==================>...........] - ETA: 0s - loss: 0.0584
10/11 [==========================>...] - ETA: 0s - loss: 0.0566
11/11 [==============================] - 0s 24ms/step - loss: 0.0563
Epoch 45/300

 1/11 [=>............................] - ETA: 0s - loss: 0.0615
 4/11 [=========>....................] - ETA: 0s - loss: 0.0588
 7/11 [==================>...........] - ETA: 0s - loss: 0.0571
 9/11 [=======================>......] - ETA: 0s - loss: 0.0572
11/11 [==============================] - 0s 24ms/step - loss: 0.0581
Epoch 46/300

 1/11 [=>............................] - ETA: 0s - loss: 0.0508
 3/11 [=======>......................] - ETA: 0s - loss: 0.0601
 6/11 [===============>..............] - ETA: 0s - loss: 0.0578
 9/11 [=======================>......] - ETA: 0s - loss: 0.0554
11/11 [==============================] - 0s 24ms/step - loss: 0.0551
Epoch 47/300

 1/11 [=>............................] - ETA: 0s - loss: 0.0560
 4/11 [=========>....................] - ETA: 0s - loss: 0.0519
 7/11 [==================>...........] - ETA: 0s - loss: 0.0548
10/11 [==========================>...] - ETA: 0s - loss: 0.0553
11/11 [==============================] - 0s 24ms/step - loss: 0.0542
Epoch 48/300

 1/11 [=>............................] - ETA: 0s - loss: 0.0453
 3/11 [=======>......................] - ETA: 0s - loss: 0.0558
 6/11 [===============>..............] - ETA: 0s - loss: 0.0510
 9/11 [=======================>......] - ETA: 0s - loss: 0.0495
11/11 [==============================] - 0s 24ms/step - loss: 0.0505
Epoch 49/300

 1/11 [=>............................] - ETA: 0s - loss: 0.0579
 3/11 [=======>......................] - ETA: 0s - loss: 0.0549
 6/11 [===============>..............] - ETA: 0s - loss: 0.0513
 8/11 [====================>.........] - ETA: 0s - loss: 0.0511
11/11 [==============================] - ETA: 0s - loss: 0.0521
11/11 [==============================] - 0s 24ms/step - loss: 0.0521
Epoch 50/300

 1/11 [=>............................] - ETA: 0s - loss: 0.0615
 4/11 [=========>....................] - ETA: 0s - loss: 0.0571
 7/11 [==================>...........] - ETA: 0s - loss: 0.0541
10/11 [==========================>...] - ETA: 0s - loss: 0.0537
11/11 [==============================] - 0s 24ms/step - loss: 0.0537
Epoch 51/300

 1/11 [=>............................] - ETA: 0s - loss: 0.0424
 4/11 [=========>....................] - ETA: 0s - loss: 0.0521
 7/11 [==================>...........] - ETA: 0s - loss: 0.0584
10/11 [==========================>...] - ETA: 0s - loss: 0.0591
11/11 [==============================] - 0s 24ms/step - loss: 0.0584
Epoch 52/300

 1/11 [=>............................] - ETA: 0s - loss: 0.0485
 4/11 [=========>....................] - ETA: 0s - loss: 0.0461
 7/11 [==================>...........] - ETA: 0s - loss: 0.0535
10/11 [==========================>...] - ETA: 0s - loss: 0.0506
11/11 [==============================] - 0s 24ms/step - loss: 0.0521
Epoch 53/300

 1/11 [=>............................] - ETA: 0s - loss: 0.0324
 4/11 [=========>....................] - ETA: 0s - loss: 0.0526
 7/11 [==================>...........] - ETA: 0s - loss: 0.0534
 9/11 [=======================>......] - ETA: 0s - loss: 0.0526
11/11 [==============================] - 0s 24ms/step - loss: 0.0535
Epoch 54/300

 1/11 [=>............................] - ETA: 0s - loss: 0.0451
 4/11 [=========>....................] - ETA: 0s - loss: 0.0518
 7/11 [==================>...........] - ETA: 0s - loss: 0.0528
 9/11 [=======================>......] - ETA: 0s - loss: 0.0512
11/11 [==============================] - 0s 24ms/step - loss: 0.0525
Epoch 55/300

 1/11 [=>............................] - ETA: 0s - loss: 0.0509
 3/11 [=======>......................] - ETA: 0s - loss: 0.0462
 6/11 [===============>..............] - ETA: 0s - loss: 0.0488
 9/11 [=======================>......] - ETA: 0s - loss: 0.0482
11/11 [==============================] - 0s 24ms/step - loss: 0.0483
Epoch 56/300

 1/11 [=>............................] - ETA: 0s - loss: 0.0588
 4/11 [=========>....................] - ETA: 0s - loss: 0.0573
 7/11 [==================>...........] - ETA: 0s - loss: 0.0539
10/11 [==========================>...] - ETA: 0s - loss: 0.0545
11/11 [==============================] - 0s 24ms/step - loss: 0.0535
Epoch 57/300

 1/11 [=>............................] - ETA: 0s - loss: 0.0505
 4/11 [=========>....................] - ETA: 0s - loss: 0.0579
 7/11 [==================>...........] - ETA: 0s - loss: 0.0560
 9/11 [=======================>......] - ETA: 0s - loss: 0.0529
11/11 [==============================] - 0s 25ms/step - loss: 0.0522
Epoch 58/300

 1/11 [=>............................] - ETA: 0s - loss: 0.0558
 4/11 [=========>....................] - ETA: 0s - loss: 0.0493
 7/11 [==================>...........] - ETA: 0s - loss: 0.0488
10/11 [==========================>...] - ETA: 0s - loss: 0.0509
11/11 [==============================] - 0s 24ms/step - loss: 0.0514
Epoch 59/300

 1/11 [=>............................] - ETA: 0s - loss: 0.0414
 3/11 [=======>......................] - ETA: 0s - loss: 0.0553
 6/11 [===============>..............] - ETA: 0s - loss: 0.0552
 8/11 [====================>.........] - ETA: 0s - loss: 0.0523
11/11 [==============================] - ETA: 0s - loss: 0.0516
11/11 [==============================] - 0s 24ms/step - loss: 0.0516
Epoch 60/300

 1/11 [=>............................] - ETA: 0s - loss: 0.0486
 4/11 [=========>....................] - ETA: 0s - loss: 0.0501
 6/11 [===============>..............] - ETA: 0s - loss: 0.0492
 9/11 [=======================>......] - ETA: 0s - loss: 0.0491
11/11 [==============================] - 0s 24ms/step - loss: 0.0477
Epoch 61/300

 1/11 [=>............................] - ETA: 0s - loss: 0.0398
 4/11 [=========>....................] - ETA: 0s - loss: 0.0469
 7/11 [==================>...........] - ETA: 0s - loss: 0.0482
10/11 [==========================>...] - ETA: 0s - loss: 0.0473
11/11 [==============================] - 0s 24ms/step - loss: 0.0471
Epoch 62/300

 1/11 [=>............................] - ETA: 0s - loss: 0.0685
 4/11 [=========>....................] - ETA: 0s - loss: 0.0499
 7/11 [==================>...........] - ETA: 0s - loss: 0.0497
10/11 [==========================>...] - ETA: 0s - loss: 0.0522
11/11 [==============================] - 0s 24ms/step - loss: 0.0511
Epoch 63/300

 1/11 [=>............................] - ETA: 0s - loss: 0.0513
 4/11 [=========>....................] - ETA: 0s - loss: 0.0587
 7/11 [==================>...........] - ETA: 0s - loss: 0.0553
10/11 [==========================>...] - ETA: 0s - loss: 0.0531
11/11 [==============================] - 0s 24ms/step - loss: 0.0534
Epoch 64/300

 1/11 [=>............................] - ETA: 0s - loss: 0.0718
 4/11 [=========>....................] - ETA: 0s - loss: 0.0532
 7/11 [==================>...........] - ETA: 0s - loss: 0.0537
10/11 [==========================>...] - ETA: 0s - loss: 0.0540
11/11 [==============================] - 0s 24ms/step - loss: 0.0525
Epoch 65/300

 1/11 [=>............................] - ETA: 0s - loss: 0.0506
 4/11 [=========>....................] - ETA: 0s - loss: 0.0514
 7/11 [==================>...........] - ETA: 0s - loss: 0.0529
10/11 [==========================>...] - ETA: 0s - loss: 0.0532
11/11 [==============================] - 0s 24ms/step - loss: 0.0539
Epoch 66/300

 1/11 [=>............................] - ETA: 0s - loss: 0.0536
 4/11 [=========>....................] - ETA: 0s - loss: 0.0539
 7/11 [==================>...........] - ETA: 0s - loss: 0.0541
10/11 [==========================>...] - ETA: 0s - loss: 0.0496
11/11 [==============================] - 0s 24ms/step - loss: 0.0500
Epoch 67/300

 1/11 [=>............................] - ETA: 0s - loss: 0.0602
 4/11 [=========>....................] - ETA: 0s - loss: 0.0525
 6/11 [===============>..............] - ETA: 0s - loss: 0.0485
 9/11 [=======================>......] - ETA: 0s - loss: 0.0493
11/11 [==============================] - 0s 24ms/step - loss: 0.0502
Epoch 68/300

 1/11 [=>............................] - ETA: 0s - loss: 0.0468
 3/11 [=======>......................] - ETA: 0s - loss: 0.0522
 6/11 [===============>..............] - ETA: 0s - loss: 0.0530
 9/11 [=======================>......] - ETA: 0s - loss: 0.0540
11/11 [==============================] - 0s 24ms/step - loss: 0.0540
Epoch 69/300

 1/11 [=>............................] - ETA: 0s - loss: 0.0425
 4/11 [=========>....................] - ETA: 0s - loss: 0.0477
 7/11 [==================>...........] - ETA: 0s - loss: 0.0460
 9/11 [=======================>......] - ETA: 0s - loss: 0.0471
11/11 [==============================] - 0s 25ms/step - loss: 0.0478
Epoch 70/300

 1/11 [=>............................] - ETA: 0s - loss: 0.0433
 4/11 [=========>....................] - ETA: 0s - loss: 0.0480
 6/11 [===============>..............] - ETA: 0s - loss: 0.0500
 8/11 [====================>.........] - ETA: 0s - loss: 0.0480
10/11 [==========================>...] - ETA: 0s - loss: 0.0478
11/11 [==============================] - 0s 25ms/step - loss: 0.0476
Epoch 71/300

 1/11 [=>............................] - ETA: 0s - loss: 0.0383
 3/11 [=======>......................] - ETA: 0s - loss: 0.0490
 6/11 [===============>..............] - ETA: 0s - loss: 0.0474
 8/11 [====================>.........] - ETA: 0s - loss: 0.0465
11/11 [==============================] - ETA: 0s - loss: 0.0475
11/11 [==============================] - 0s 25ms/step - loss: 0.0475
Epoch 72/300

 1/11 [=>............................] - ETA: 0s - loss: 0.0449
 3/11 [=======>......................] - ETA: 0s - loss: 0.0400
 5/11 [============>.................] - ETA: 0s - loss: 0.0464
 7/11 [==================>...........] - ETA: 0s - loss: 0.0480
 9/11 [=======================>......] - ETA: 0s - loss: 0.0512
11/11 [==============================] - 0s 25ms/step - loss: 0.0504
Epoch 73/300

 1/11 [=>............................] - ETA: 0s - loss: 0.0580
 3/11 [=======>......................] - ETA: 0s - loss: 0.0543
 6/11 [===============>..............] - ETA: 0s - loss: 0.0536
 9/11 [=======================>......] - ETA: 0s - loss: 0.0546
11/11 [==============================] - 0s 25ms/step - loss: 0.0517
Epoch 74/300

 1/11 [=>............................] - ETA: 0s - loss: 0.0557
 3/11 [=======>......................] - ETA: 0s - loss: 0.0503
 5/11 [============>.................] - ETA: 0s - loss: 0.0526
 8/11 [====================>.........] - ETA: 0s - loss: 0.0500
11/11 [==============================] - ETA: 0s - loss: 0.0467
11/11 [==============================] - 0s 25ms/step - loss: 0.0467
Epoch 75/300

 1/11 [=>............................] - ETA: 0s - loss: 0.0430
 3/11 [=======>......................] - ETA: 0s - loss: 0.0481
 6/11 [===============>..............] - ETA: 0s - loss: 0.0497
 9/11 [=======================>......] - ETA: 0s - loss: 0.0497
11/11 [==============================] - 0s 24ms/step - loss: 0.0493
Epoch 76/300

 1/11 [=>............................] - ETA: 0s - loss: 0.0409
 4/11 [=========>....................] - ETA: 0s - loss: 0.0472
 7/11 [==================>...........] - ETA: 0s - loss: 0.0511
10/11 [==========================>...] - ETA: 0s - loss: 0.0499
11/11 [==============================] - 0s 24ms/step - loss: 0.0511
Epoch 77/300

 1/11 [=>............................] - ETA: 0s - loss: 0.0403
 4/11 [=========>....................] - ETA: 0s - loss: 0.0470
 7/11 [==================>...........] - ETA: 0s - loss: 0.0508
10/11 [==========================>...] - ETA: 0s - loss: 0.0466
11/11 [==============================] - 0s 24ms/step - loss: 0.0478
Epoch 78/300

 1/11 [=>............................] - ETA: 0s - loss: 0.0493
 4/11 [=========>....................] - ETA: 0s - loss: 0.0472
 6/11 [===============>..............] - ETA: 0s - loss: 0.0479
 9/11 [=======================>......] - ETA: 0s - loss: 0.0481
11/11 [==============================] - 0s 24ms/step - loss: 0.0484
Epoch 79/300

 1/11 [=>............................] - ETA: 0s - loss: 0.0300
 4/11 [=========>....................] - ETA: 0s - loss: 0.0413
 7/11 [==================>...........] - ETA: 0s - loss: 0.0460
10/11 [==========================>...] - ETA: 0s - loss: 0.0456
11/11 [==============================] - 0s 24ms/step - loss: 0.0457
Epoch 80/300

 1/11 [=>............................] - ETA: 0s - loss: 0.0522
 4/11 [=========>....................] - ETA: 0s - loss: 0.0460
 6/11 [===============>..............] - ETA: 0s - loss: 0.0479
 9/11 [=======================>......] - ETA: 0s - loss: 0.0482
11/11 [==============================] - 0s 24ms/step - loss: 0.0498
Epoch 81/300

 1/11 [=>............................] - ETA: 0s - loss: 0.0459
 4/11 [=========>....................] - ETA: 0s - loss: 0.0471
 7/11 [==================>...........] - ETA: 0s - loss: 0.0458
10/11 [==========================>...] - ETA: 0s - loss: 0.0480
11/11 [==============================] - 0s 24ms/step - loss: 0.0482
Epoch 82/300

 1/11 [=>............................] - ETA: 0s - loss: 0.0391
 4/11 [=========>....................] - ETA: 0s - loss: 0.0480
 7/11 [==================>...........] - ETA: 0s - loss: 0.0452
10/11 [==========================>...] - ETA: 0s - loss: 0.0451
11/11 [==============================] - 0s 24ms/step - loss: 0.0449
Epoch 83/300

 1/11 [=>............................] - ETA: 0s - loss: 0.0401
 4/11 [=========>....................] - ETA: 0s - loss: 0.0481
 7/11 [==================>...........] - ETA: 0s - loss: 0.0478
 9/11 [=======================>......] - ETA: 0s - loss: 0.0468
11/11 [==============================] - 0s 24ms/step - loss: 0.0452
Epoch 84/300

 1/11 [=>............................] - ETA: 0s - loss: 0.0404
 4/11 [=========>....................] - ETA: 0s - loss: 0.0455
 6/11 [===============>..............] - ETA: 0s - loss: 0.0482
 9/11 [=======================>......] - ETA: 0s - loss: 0.0447
11/11 [==============================] - 0s 24ms/step - loss: 0.0444
Epoch 85/300

 1/11 [=>............................] - ETA: 0s - loss: 0.0482
 4/11 [=========>....................] - ETA: 0s - loss: 0.0508
 7/11 [==================>...........] - ETA: 0s - loss: 0.0469
10/11 [==========================>...] - ETA: 0s - loss: 0.0459
11/11 [==============================] - 0s 24ms/step - loss: 0.0456
Epoch 86/300

 1/11 [=>............................] - ETA: 0s - loss: 0.0417
 4/11 [=========>....................] - ETA: 0s - loss: 0.0497
 7/11 [==================>...........] - ETA: 0s - loss: 0.0521
10/11 [==========================>...] - ETA: 0s - loss: 0.0489
11/11 [==============================] - 0s 25ms/step - loss: 0.0488
Epoch 87/300

 1/11 [=>............................] - ETA: 0s - loss: 0.0430
 4/11 [=========>....................] - ETA: 0s - loss: 0.0466
 7/11 [==================>...........] - ETA: 0s - loss: 0.0485
10/11 [==========================>...] - ETA: 0s - loss: 0.0469
11/11 [==============================] - 0s 24ms/step - loss: 0.0469
Epoch 88/300

 1/11 [=>............................] - ETA: 0s - loss: 0.0484
 4/11 [=========>....................] - ETA: 0s - loss: 0.0453
 7/11 [==================>...........] - ETA: 0s - loss: 0.0463
 9/11 [=======================>......] - ETA: 0s - loss: 0.0456
11/11 [==============================] - 0s 24ms/step - loss: 0.0449
Epoch 89/300

 1/11 [=>............................] - ETA: 0s - loss: 0.0460
 4/11 [=========>....................] - ETA: 0s - loss: 0.0537
 7/11 [==================>...........] - ETA: 0s - loss: 0.0531
10/11 [==========================>...] - ETA: 0s - loss: 0.0535
11/11 [==============================] - 0s 24ms/step - loss: 0.0530
Epoch 90/300

 1/11 [=>............................] - ETA: 0s - loss: 0.0442
 4/11 [=========>....................] - ETA: 0s - loss: 0.0446
 7/11 [==================>...........] - ETA: 0s - loss: 0.0444
10/11 [==========================>...] - ETA: 0s - loss: 0.0453
11/11 [==============================] - 0s 24ms/step - loss: 0.0467
Epoch 91/300

 1/11 [=>............................] - ETA: 0s - loss: 0.0405
 4/11 [=========>....................] - ETA: 0s - loss: 0.0491
 7/11 [==================>...........] - ETA: 0s - loss: 0.0477
10/11 [==========================>...] - ETA: 0s - loss: 0.0471
11/11 [==============================] - 0s 24ms/step - loss: 0.0460
Epoch 92/300

 1/11 [=>............................] - ETA: 0s - loss: 0.0463
 4/11 [=========>....................] - ETA: 0s - loss: 0.0463
 7/11 [==================>...........] - ETA: 0s - loss: 0.0425
10/11 [==========================>...] - ETA: 0s - loss: 0.0446
11/11 [==============================] - 0s 24ms/step - loss: 0.0445
Epoch 93/300

 1/11 [=>............................] - ETA: 0s - loss: 0.0456
 4/11 [=========>....................] - ETA: 0s - loss: 0.0462
 7/11 [==================>...........] - ETA: 0s - loss: 0.0437
10/11 [==========================>...] - ETA: 0s - loss: 0.0450
11/11 [==============================] - 0s 24ms/step - loss: 0.0451
Epoch 94/300

 1/11 [=>............................] - ETA: 0s - loss: 0.0338
 4/11 [=========>....................] - ETA: 0s - loss: 0.0497
 7/11 [==================>...........] - ETA: 0s - loss: 0.0498
10/11 [==========================>...] - ETA: 0s - loss: 0.0488
11/11 [==============================] - 0s 24ms/step - loss: 0.0487
Epoch 95/300

 1/11 [=>............................] - ETA: 0s - loss: 0.0483
 4/11 [=========>....................] - ETA: 0s - loss: 0.0494
 7/11 [==================>...........] - ETA: 0s - loss: 0.0473
10/11 [==========================>...] - ETA: 0s - loss: 0.0462
11/11 [==============================] - 0s 24ms/step - loss: 0.0460
Epoch 96/300

 1/11 [=>............................] - ETA: 0s - loss: 0.0465
 3/11 [=======>......................] - ETA: 0s - loss: 0.0487
 6/11 [===============>..............] - ETA: 0s - loss: 0.0461
 9/11 [=======================>......] - ETA: 0s - loss: 0.0471
11/11 [==============================] - 0s 25ms/step - loss: 0.0485
Epoch 97/300

 1/11 [=>............................] - ETA: 0s - loss: 0.0569
 4/11 [=========>....................] - ETA: 0s - loss: 0.0443
 7/11 [==================>...........] - ETA: 0s - loss: 0.0452
10/11 [==========================>...] - ETA: 0s - loss: 0.0435
11/11 [==============================] - 0s 24ms/step - loss: 0.0438
Epoch 98/300

 1/11 [=>............................] - ETA: 0s - loss: 0.0639
 4/11 [=========>....................] - ETA: 0s - loss: 0.0520
 7/11 [==================>...........] - ETA: 0s - loss: 0.0491
 9/11 [=======================>......] - ETA: 0s - loss: 0.0524
11/11 [==============================] - 0s 24ms/step - loss: 0.0523
Epoch 99/300

 1/11 [=>............................] - ETA: 0s - loss: 0.0534
 3/11 [=======>......................] - ETA: 0s - loss: 0.0425
 6/11 [===============>..............] - ETA: 0s - loss: 0.0485
 9/11 [=======================>......] - ETA: 0s - loss: 0.0498
11/11 [==============================] - 0s 25ms/step - loss: 0.0499
Epoch 100/300

 1/11 [=>............................] - ETA: 0s - loss: 0.0502
 4/11 [=========>....................] - ETA: 0s - loss: 0.0466
 7/11 [==================>...........] - ETA: 0s - loss: 0.0448
10/11 [==========================>...] - ETA: 0s - loss: 0.0445
11/11 [==============================] - 0s 24ms/step - loss: 0.0442
Epoch 101/300

 1/11 [=>............................] - ETA: 0s - loss: 0.0457
 4/11 [=========>....................] - ETA: 0s - loss: 0.0497
 6/11 [===============>..............] - ETA: 0s - loss: 0.0512
 9/11 [=======================>......] - ETA: 0s - loss: 0.0495
11/11 [==============================] - 0s 24ms/step - loss: 0.0489
Epoch 102/300

 1/11 [=>............................] - ETA: 0s - loss: 0.0448
 4/11 [=========>....................] - ETA: 0s - loss: 0.0422
 7/11 [==================>...........] - ETA: 0s - loss: 0.0422
10/11 [==========================>...] - ETA: 0s - loss: 0.0432
11/11 [==============================] - 0s 24ms/step - loss: 0.0442
Epoch 103/300

 1/11 [=>............................] - ETA: 0s - loss: 0.0620
 3/11 [=======>......................] - ETA: 0s - loss: 0.0552
 5/11 [============>.................] - ETA: 0s - loss: 0.0513
 7/11 [==================>...........] - ETA: 0s - loss: 0.0486
10/11 [==========================>...] - ETA: 0s - loss: 0.0473
11/11 [==============================] - 0s 24ms/step - loss: 0.0476
Epoch 104/300

 1/11 [=>............................] - ETA: 0s - loss: 0.0393
 4/11 [=========>....................] - ETA: 0s - loss: 0.0435
 7/11 [==================>...........] - ETA: 0s - loss: 0.0444
10/11 [==========================>...] - ETA: 0s - loss: 0.0436
11/11 [==============================] - 0s 24ms/step - loss: 0.0434
Epoch 105/300

 1/11 [=>............................] - ETA: 0s - loss: 0.0512
 3/11 [=======>......................] - ETA: 0s - loss: 0.0470
 6/11 [===============>..............] - ETA: 0s - loss: 0.0478
 8/11 [====================>.........] - ETA: 0s - loss: 0.0458
10/11 [==========================>...] - ETA: 0s - loss: 0.0443
11/11 [==============================] - 0s 25ms/step - loss: 0.0448
Epoch 106/300

 1/11 [=>............................] - ETA: 0s - loss: 0.0550
 3/11 [=======>......................] - ETA: 0s - loss: 0.0455
 6/11 [===============>..............] - ETA: 0s - loss: 0.0463
 9/11 [=======================>......] - ETA: 0s - loss: 0.0471
11/11 [==============================] - 0s 24ms/step - loss: 0.0478
Epoch 107/300

 1/11 [=>............................] - ETA: 0s - loss: 0.0518
 4/11 [=========>....................] - ETA: 0s - loss: 0.0435
 6/11 [===============>..............] - ETA: 0s - loss: 0.0449
 9/11 [=======================>......] - ETA: 0s - loss: 0.0471
11/11 [==============================] - 0s 24ms/step - loss: 0.0464
Epoch 108/300

 1/11 [=>............................] - ETA: 0s - loss: 0.0429
 4/11 [=========>....................] - ETA: 0s - loss: 0.0450
 7/11 [==================>...........] - ETA: 0s - loss: 0.0416
10/11 [==========================>...] - ETA: 0s - loss: 0.0436
11/11 [==============================] - 0s 24ms/step - loss: 0.0429
Epoch 109/300

 1/11 [=>............................] - ETA: 0s - loss: 0.0287
 4/11 [=========>....................] - ETA: 0s - loss: 0.0410
 6/11 [===============>..............] - ETA: 0s - loss: 0.0397
 9/11 [=======================>......] - ETA: 0s - loss: 0.0393
11/11 [==============================] - 0s 24ms/step - loss: 0.0402
Epoch 110/300

 1/11 [=>............................] - ETA: 0s - loss: 0.0447
 4/11 [=========>....................] - ETA: 0s - loss: 0.0426
 7/11 [==================>...........] - ETA: 0s - loss: 0.0444
10/11 [==========================>...] - ETA: 0s - loss: 0.0435
11/11 [==============================] - 0s 24ms/step - loss: 0.0443
Epoch 111/300

 1/11 [=>............................] - ETA: 0s - loss: 0.0422
 4/11 [=========>....................] - ETA: 0s - loss: 0.0451
 6/11 [===============>..............] - ETA: 0s - loss: 0.0473
 9/11 [=======================>......] - ETA: 0s - loss: 0.0475
11/11 [==============================] - 0s 24ms/step - loss: 0.0478
Epoch 112/300

 1/11 [=>............................] - ETA: 0s - loss: 0.0494
 4/11 [=========>....................] - ETA: 0s - loss: 0.0476
 7/11 [==================>...........] - ETA: 0s - loss: 0.0430
10/11 [==========================>...] - ETA: 0s - loss: 0.0445
11/11 [==============================] - 0s 25ms/step - loss: 0.0440
Epoch 113/300

 1/11 [=>............................] - ETA: 0s - loss: 0.0493
 3/11 [=======>......................] - ETA: 0s - loss: 0.0572
 5/11 [============>.................] - ETA: 0s - loss: 0.0493
 8/11 [====================>.........] - ETA: 0s - loss: 0.0471
10/11 [==========================>...] - ETA: 0s - loss: 0.0470
11/11 [==============================] - 0s 25ms/step - loss: 0.0485
Epoch 114/300

 1/11 [=>............................] - ETA: 0s - loss: 0.0577
 4/11 [=========>....................] - ETA: 0s - loss: 0.0440
 6/11 [===============>..............] - ETA: 0s - loss: 0.0434
 8/11 [====================>.........] - ETA: 0s - loss: 0.0438
11/11 [==============================] - ETA: 0s - loss: 0.0456
11/11 [==============================] - 0s 25ms/step - loss: 0.0456
Epoch 115/300

 1/11 [=>............................] - ETA: 0s - loss: 0.0425
 4/11 [=========>....................] - ETA: 0s - loss: 0.0420
 7/11 [==================>...........] - ETA: 0s - loss: 0.0440
10/11 [==========================>...] - ETA: 0s - loss: 0.0467
11/11 [==============================] - 0s 24ms/step - loss: 0.0465
Epoch 116/300

 1/11 [=>............................] - ETA: 0s - loss: 0.0527
 4/11 [=========>....................] - ETA: 0s - loss: 0.0465
 6/11 [===============>..............] - ETA: 0s - loss: 0.0471
 9/11 [=======================>......] - ETA: 0s - loss: 0.0478
11/11 [==============================] - 0s 24ms/step - loss: 0.0488
Epoch 117/300

 1/11 [=>............................] - ETA: 0s - loss: 0.0317
 4/11 [=========>....................] - ETA: 0s - loss: 0.0397
 7/11 [==================>...........] - ETA: 0s - loss: 0.0406
 9/11 [=======================>......] - ETA: 0s - loss: 0.0407
11/11 [==============================] - 0s 24ms/step - loss: 0.0406
Epoch 118/300

 1/11 [=>............................] - ETA: 0s - loss: 0.0385
 4/11 [=========>....................] - ETA: 0s - loss: 0.0455
 6/11 [===============>..............] - ETA: 0s - loss: 0.0506
 9/11 [=======================>......] - ETA: 0s - loss: 0.0469
11/11 [==============================] - 0s 24ms/step - loss: 0.0458
Epoch 119/300

 1/11 [=>............................] - ETA: 0s - loss: 0.0405
 3/11 [=======>......................] - ETA: 0s - loss: 0.0413
 6/11 [===============>..............] - ETA: 0s - loss: 0.0408
 9/11 [=======================>......] - ETA: 0s - loss: 0.0429
11/11 [==============================] - 0s 24ms/step - loss: 0.0415
Epoch 120/300

 1/11 [=>............................] - ETA: 0s - loss: 0.0571
 4/11 [=========>....................] - ETA: 0s - loss: 0.0480
 7/11 [==================>...........] - ETA: 0s - loss: 0.0465
10/11 [==========================>...] - ETA: 0s - loss: 0.0454
11/11 [==============================] - 0s 24ms/step - loss: 0.0444
Epoch 121/300

 1/11 [=>............................] - ETA: 0s - loss: 0.0605
 3/11 [=======>......................] - ETA: 0s - loss: 0.0528
 5/11 [============>.................] - ETA: 0s - loss: 0.0484
 8/11 [====================>.........] - ETA: 0s - loss: 0.0464
11/11 [==============================] - ETA: 0s - loss: 0.0448
11/11 [==============================] - 0s 25ms/step - loss: 0.0448
Epoch 122/300

 1/11 [=>............................] - ETA: 0s - loss: 0.0466
 4/11 [=========>....................] - ETA: 0s - loss: 0.0402
 6/11 [===============>..............] - ETA: 0s - loss: 0.0389
 9/11 [=======================>......] - ETA: 0s - loss: 0.0423
11/11 [==============================] - 0s 24ms/step - loss: 0.0420
Epoch 123/300

 1/11 [=>............................] - ETA: 0s - loss: 0.0539
 3/11 [=======>......................] - ETA: 0s - loss: 0.0476
 5/11 [============>.................] - ETA: 0s - loss: 0.0466
 8/11 [====================>.........] - ETA: 0s - loss: 0.0486
10/11 [==========================>...] - ETA: 0s - loss: 0.0456
11/11 [==============================] - 0s 25ms/step - loss: 0.0456
Epoch 124/300

 1/11 [=>............................] - ETA: 0s - loss: 0.0475
 3/11 [=======>......................] - ETA: 0s - loss: 0.0437
 6/11 [===============>..............] - ETA: 0s - loss: 0.0424
 8/11 [====================>.........] - ETA: 0s - loss: 0.0431
11/11 [==============================] - ETA: 0s - loss: 0.0422
11/11 [==============================] - 0s 25ms/step - loss: 0.0422
Epoch 125/300

 1/11 [=>............................] - ETA: 0s - loss: 0.0323
 4/11 [=========>....................] - ETA: 0s - loss: 0.0360
 6/11 [===============>..............] - ETA: 0s - loss: 0.0392
 9/11 [=======================>......] - ETA: 0s - loss: 0.0385
11/11 [==============================] - 0s 24ms/step - loss: 0.0407
Epoch 126/300

 1/11 [=>............................] - ETA: 0s - loss: 0.0442
 4/11 [=========>....................] - ETA: 0s - loss: 0.0443
 6/11 [===============>..............] - ETA: 0s - loss: 0.0459
 9/11 [=======================>......] - ETA: 0s - loss: 0.0455
11/11 [==============================] - 0s 24ms/step - loss: 0.0458
Epoch 127/300

 1/11 [=>............................] - ETA: 0s - loss: 0.0475
 4/11 [=========>....................] - ETA: 0s - loss: 0.0443
 7/11 [==================>...........] - ETA: 0s - loss: 0.0434
 9/11 [=======================>......] - ETA: 0s - loss: 0.0449
11/11 [==============================] - 0s 24ms/step - loss: 0.0449
Epoch 128/300

 1/11 [=>............................] - ETA: 0s - loss: 0.0415
 3/11 [=======>......................] - ETA: 0s - loss: 0.0445
 6/11 [===============>..............] - ETA: 0s - loss: 0.0461
 9/11 [=======================>......] - ETA: 0s - loss: 0.0479
11/11 [==============================] - 0s 24ms/step - loss: 0.0466
Epoch 129/300

 1/11 [=>............................] - ETA: 0s - loss: 0.0332
 4/11 [=========>....................] - ETA: 0s - loss: 0.0483
 7/11 [==================>...........] - ETA: 0s - loss: 0.0481
 9/11 [=======================>......] - ETA: 0s - loss: 0.0471
11/11 [==============================] - 0s 25ms/step - loss: 0.0450
Epoch 129: early stopping

 1/11 [=>............................] - ETA: 3s
11/11 [==============================] - ETA: 0s
11/11 [==============================] - 0s 5ms/step
指標 CSV を保存: C:\Users\Casper4\Python\ueki\shibasaki\研究\Pool_boiling\Subcooling_20_degrees\0.3\2025.07.09_0.3_1\regression_result\npy\conformer\20260702_cfa\heatflux_no_noise\maxfreq=22kHz\e300_t56d64k15b2_conformer\metrics_summary_no_noise.csv
tuning summary saved: C:\Users\Casper4\Python\ueki\shibasaki\研究\Pool_boiling\Subcooling_20_degrees\0.3\2025.07.09_0.3_1\regression_result\npy\conformer\20260702_cfa\tuning_summary.csv

========================================
dataset 3/3 | 2025.06.11_0.3_2 | maxfreq=22kHz | heatflux_no_noise
data_path=C:\Users\Casper4\Python\ueki\shibasaki\研究\Pool_boiling\Subcooling_20_degrees\0.3\2025.06.11_0.3_2\data\npy\waterflow_20260629_1s\maxfreq=22kHz\heatflux_no_noise
threshold=266907.6965
読み込みスタート
x shape: (1080, 224, 224, 1) | y shape: (1080,) | 読み込み 0.94 秒
parameter_set=t28d128k15b3 | model_params={'conformer': {'lr': 0.0001, 'batch_size': 64, 'early_stopping': True, 'builder_params': {'model_dim': 128, 'attention_key_dim': 32, 'num_heads': 4, 'ff_dim': 512, 'num_conformer_blocks': 3, 'conv_kernel_size': 15, 'dropout': 0.2, 'time_reduction': 8, 'frontend_filters': [48, 96, 128, 128, 128]}, 'input_axes_assumption': ['time_frame', 'frequency_bin', 'channel'], 'architecture': {'front_end': 'alexnet_like_cnn_with_configurable_time_reduction', 'sequence_length_after_cnn': '224 / time_reduction', 'encoder': 'conformer_block', 'model_dim': 256, 'attention_key_dim': 64, 'num_heads': 4, 'ff_dim': 2048, 'conv_kernel_size': 31, 'pooling': 'AttentionPooling'}}}
run_dir=e300_t28d128k15b3_conformer
  params for conformer: lr=0.0001, batch_size=64
[Conformer] Fold 1/3 学習開始
Epoch 1/300

 1/12 [=>............................] - ETA: 54s - loss: 0.1950
 3/12 [======>.......................] - ETA: 0s - loss: 0.1571 
 5/12 [===========>..................] - ETA: 0s - loss: 0.1468
 7/12 [================>.............] - ETA: 0s - loss: 0.1472
 9/12 [=====================>........] - ETA: 0s - loss: 0.1404
11/12 [==========================>...] - ETA: 0s - loss: 0.1358
12/12 [==============================] - 5s 29ms/step - loss: 0.1365
Epoch 2/300

 1/12 [=>............................] - ETA: 0s - loss: 0.0955
 3/12 [======>.......................] - ETA: 0s - loss: 0.1075
 5/12 [===========>..................] - ETA: 0s - loss: 0.1063
 7/12 [================>.............] - ETA: 0s - loss: 0.1158
 9/12 [=====================>........] - ETA: 0s - loss: 0.1115
11/12 [==========================>...] - ETA: 0s - loss: 0.1095
12/12 [==============================] - 0s 28ms/step - loss: 0.1099
Epoch 3/300

 1/12 [=>............................] - ETA: 0s - loss: 0.0644
 3/12 [======>.......................] - ETA: 0s - loss: 0.0859
 5/12 [===========>..................] - ETA: 0s - loss: 0.0877
 7/12 [================>.............] - ETA: 0s - loss: 0.0917
 9/12 [=====================>........] - ETA: 0s - loss: 0.0864
11/12 [==========================>...] - ETA: 0s - loss: 0.0864
12/12 [==============================] - 0s 27ms/step - loss: 0.0861
Epoch 4/300

 1/12 [=>............................] - ETA: 0s - loss: 0.0804
 3/12 [======>.......................] - ETA: 0s - loss: 0.0776
 5/12 [===========>..................] - ETA: 0s - loss: 0.0732
 7/12 [================>.............] - ETA: 0s - loss: 0.0724
 9/12 [=====================>........] - ETA: 0s - loss: 0.0740
11/12 [==========================>...] - ETA: 0s - loss: 0.0741
12/12 [==============================] - 0s 27ms/step - loss: 0.0752
Epoch 5/300

 1/12 [=>............................] - ETA: 0s - loss: 0.1034
 3/12 [======>.......................] - ETA: 0s - loss: 0.0853
 5/12 [===========>..................] - ETA: 0s - loss: 0.0793
 7/12 [================>.............] - ETA: 0s - loss: 0.0746
 9/12 [=====================>........] - ETA: 0s - loss: 0.0742
11/12 [==========================>...] - ETA: 0s - loss: 0.0713
12/12 [==============================] - 0s 27ms/step - loss: 0.0718
Epoch 6/300

 1/12 [=>............................] - ETA: 0s - loss: 0.0876
 3/12 [======>.......................] - ETA: 0s - loss: 0.0840
 5/12 [===========>..................] - ETA: 0s - loss: 0.0741
 7/12 [================>.............] - ETA: 0s - loss: 0.0733
 9/12 [=====================>........] - ETA: 0s - loss: 0.0718
11/12 [==========================>...] - ETA: 0s - loss: 0.0723
12/12 [==============================] - 0s 27ms/step - loss: 0.0729
Epoch 7/300

 1/12 [=>............................] - ETA: 0s - loss: 0.0731
 3/12 [======>.......................] - ETA: 0s - loss: 0.0806
 5/12 [===========>..................] - ETA: 0s - loss: 0.0683
 7/12 [================>.............] - ETA: 0s - loss: 0.0739
 9/12 [=====================>........] - ETA: 0s - loss: 0.0728
11/12 [==========================>...] - ETA: 0s - loss: 0.0720
12/12 [==============================] - 0s 27ms/step - loss: 0.0714
Epoch 8/300

 1/12 [=>............................] - ETA: 0s - loss: 0.0691
 3/12 [======>.......................] - ETA: 0s - loss: 0.0616
 5/12 [===========>..................] - ETA: 0s - loss: 0.0742
 7/12 [================>.............] - ETA: 0s - loss: 0.0740
 9/12 [=====================>........] - ETA: 0s - loss: 0.0705
11/12 [==========================>...] - ETA: 0s - loss: 0.0694
12/12 [==============================] - 0s 27ms/step - loss: 0.0691
Epoch 9/300

 1/12 [=>............................] - ETA: 0s - loss: 0.0710
 3/12 [======>.......................] - ETA: 0s - loss: 0.0693
 5/12 [===========>..................] - ETA: 0s - loss: 0.0695
 7/12 [================>.............] - ETA: 0s - loss: 0.0680
 9/12 [=====================>........] - ETA: 0s - loss: 0.0671
11/12 [==========================>...] - ETA: 0s - loss: 0.0674
12/12 [==============================] - 0s 27ms/step - loss: 0.0677
Epoch 10/300

 1/12 [=>............................] - ETA: 0s - loss: 0.0711
 3/12 [======>.......................] - ETA: 0s - loss: 0.0718
 5/12 [===========>..................] - ETA: 0s - loss: 0.0705
 7/12 [================>.............] - ETA: 0s - loss: 0.0708
 9/12 [=====================>........] - ETA: 0s - loss: 0.0700
11/12 [==========================>...] - ETA: 0s - loss: 0.0723
12/12 [==============================] - 0s 27ms/step - loss: 0.0725
Epoch 11/300

 1/12 [=>............................] - ETA: 0s - loss: 0.0705
 3/12 [======>.......................] - ETA: 0s - loss: 0.0726
 5/12 [===========>..................] - ETA: 0s - loss: 0.0772
 7/12 [================>.............] - ETA: 0s - loss: 0.0701
 9/12 [=====================>........] - ETA: 0s - loss: 0.0677
11/12 [==========================>...] - ETA: 0s - loss: 0.0681
12/12 [==============================] - 0s 27ms/step - loss: 0.0686
Epoch 12/300

 1/12 [=>............................] - ETA: 0s - loss: 0.0866
 3/12 [======>.......................] - ETA: 0s - loss: 0.0709
 5/12 [===========>..................] - ETA: 0s - loss: 0.0638
 7/12 [================>.............] - ETA: 0s - loss: 0.0677
 9/12 [=====================>........] - ETA: 0s - loss: 0.0679
11/12 [==========================>...] - ETA: 0s - loss: 0.0664
12/12 [==============================] - 0s 27ms/step - loss: 0.0665
Epoch 13/300

 1/12 [=>............................] - ETA: 0s - loss: 0.0498
 3/12 [======>.......................] - ETA: 0s - loss: 0.0611
 5/12 [===========>..................] - ETA: 0s - loss: 0.0613
 7/12 [================>.............] - ETA: 0s - loss: 0.0621
 9/12 [=====================>........] - ETA: 0s - loss: 0.0616
11/12 [==========================>...] - ETA: 0s - loss: 0.0622
12/12 [==============================] - 0s 27ms/step - loss: 0.0618
Epoch 14/300

 1/12 [=>............................] - ETA: 0s - loss: 0.0477
 3/12 [======>.......................] - ETA: 0s - loss: 0.0621
 5/12 [===========>..................] - ETA: 0s - loss: 0.0695
 7/12 [================>.............] - ETA: 0s - loss: 0.0675
 9/12 [=====================>........] - ETA: 0s - loss: 0.0689
11/12 [==========================>...] - ETA: 0s - loss: 0.0677
12/12 [==============================] - 0s 27ms/step - loss: 0.0675
Epoch 15/300

 1/12 [=>............................] - ETA: 0s - loss: 0.0625
 3/12 [======>.......................] - ETA: 0s - loss: 0.0632
 5/12 [===========>..................] - ETA: 0s - loss: 0.0622
 7/12 [================>.............] - ETA: 0s - loss: 0.0635
 9/12 [=====================>........] - ETA: 0s - loss: 0.0635
11/12 [==========================>...] - ETA: 0s - loss: 0.0634
12/12 [==============================] - 0s 27ms/step - loss: 0.0631
Epoch 16/300

 1/12 [=>............................] - ETA: 0s - loss: 0.0525
 3/12 [======>.......................] - ETA: 0s - loss: 0.0647
 5/12 [===========>..................] - ETA: 0s - loss: 0.0611
 7/12 [================>.............] - ETA: 0s - loss: 0.0646
 9/12 [=====================>........] - ETA: 0s - loss: 0.0646
11/12 [==========================>...] - ETA: 0s - loss: 0.0621
12/12 [==============================] - 0s 27ms/step - loss: 0.0628
Epoch 17/300

 1/12 [=>............................] - ETA: 0s - loss: 0.1025
 3/12 [======>.......................] - ETA: 0s - loss: 0.0753
 5/12 [===========>..................] - ETA: 0s - loss: 0.0734
 7/12 [================>.............] - ETA: 0s - loss: 0.0704
 9/12 [=====================>........] - ETA: 0s - loss: 0.0678
11/12 [==========================>...] - ETA: 0s - loss: 0.0706
12/12 [==============================] - 0s 27ms/step - loss: 0.0698
Epoch 18/300

 1/12 [=>............................] - ETA: 0s - loss: 0.0764
 3/12 [======>.......................] - ETA: 0s - loss: 0.0674
 5/12 [===========>..................] - ETA: 0s - loss: 0.0638
 7/12 [================>.............] - ETA: 0s - loss: 0.0656
 9/12 [=====================>........] - ETA: 0s - loss: 0.0640
11/12 [==========================>...] - ETA: 0s - loss: 0.0630
12/12 [==============================] - 0s 27ms/step - loss: 0.0626
Epoch 19/300

 1/12 [=>............................] - ETA: 0s - loss: 0.0474
 3/12 [======>.......................] - ETA: 0s - loss: 0.0562
 5/12 [===========>..................] - ETA: 0s - loss: 0.0546
 7/12 [================>.............] - ETA: 0s - loss: 0.0602
 9/12 [=====================>........] - ETA: 0s - loss: 0.0601
11/12 [==========================>...] - ETA: 0s - loss: 0.0594
12/12 [==============================] - 0s 27ms/step - loss: 0.0592
Epoch 20/300

 1/12 [=>............................] - ETA: 0s - loss: 0.0463
 3/12 [======>.......................] - ETA: 0s - loss: 0.0588
 5/12 [===========>..................] - ETA: 0s - loss: 0.0580
 7/12 [================>.............] - ETA: 0s - loss: 0.0618
 9/12 [=====================>........] - ETA: 0s - loss: 0.0611
11/12 [==========================>...] - ETA: 0s - loss: 0.0621
12/12 [==============================] - 0s 27ms/step - loss: 0.0616
Epoch 21/300

 1/12 [=>............................] - ETA: 0s - loss: 0.0541
 3/12 [======>.......................] - ETA: 0s - loss: 0.0714
 5/12 [===========>..................] - ETA: 0s - loss: 0.0642
 7/12 [================>.............] - ETA: 0s - loss: 0.0618
 9/12 [=====================>........] - ETA: 0s - loss: 0.0613
11/12 [==========================>...] - ETA: 0s - loss: 0.0608
12/12 [==============================] - 0s 26ms/step - loss: 0.0610
Epoch 22/300

 1/12 [=>............................] - ETA: 0s - loss: 0.0666
 3/12 [======>.......................] - ETA: 0s - loss: 0.0724
 5/12 [===========>..................] - ETA: 0s - loss: 0.0681
 7/12 [================>.............] - ETA: 0s - loss: 0.0627
 9/12 [=====================>........] - ETA: 0s - loss: 0.0618
11/12 [==========================>...] - ETA: 0s - loss: 0.0612
12/12 [==============================] - 0s 27ms/step - loss: 0.0621
Epoch 23/300

 1/12 [=>............................] - ETA: 0s - loss: 0.0698
 3/12 [======>.......................] - ETA: 0s - loss: 0.0602
 5/12 [===========>..................] - ETA: 0s - loss: 0.0553
 7/12 [================>.............] - ETA: 0s - loss: 0.0547
 9/12 [=====================>........] - ETA: 0s - loss: 0.0539
11/12 [==========================>...] - ETA: 0s - loss: 0.0555
12/12 [==============================] - 0s 26ms/step - loss: 0.0555
Epoch 24/300

 1/12 [=>............................] - ETA: 0s - loss: 0.0397
 3/12 [======>.......................] - ETA: 0s - loss: 0.0524
 5/12 [===========>..................] - ETA: 0s - loss: 0.0561
 7/12 [================>.............] - ETA: 0s - loss: 0.0562
 9/12 [=====================>........] - ETA: 0s - loss: 0.0573
11/12 [==========================>...] - ETA: 0s - loss: 0.0565
12/12 [==============================] - 0s 27ms/step - loss: 0.0561
Epoch 25/300

 1/12 [=>............................] - ETA: 0s - loss: 0.0519
 3/12 [======>.......................] - ETA: 0s - loss: 0.0520
 5/12 [===========>..................] - ETA: 0s - loss: 0.0561
 7/12 [================>.............] - ETA: 0s - loss: 0.0599
 9/12 [=====================>........] - ETA: 0s - loss: 0.0608
11/12 [==========================>...] - ETA: 0s - loss: 0.0599
12/12 [==============================] - 0s 27ms/step - loss: 0.0599
Epoch 26/300

 1/12 [=>............................] - ETA: 0s - loss: 0.0475
 3/12 [======>.......................] - ETA: 0s - loss: 0.0520
 5/12 [===========>..................] - ETA: 0s - loss: 0.0546
 7/12 [================>.............] - ETA: 0s - loss: 0.0575
 9/12 [=====================>........] - ETA: 0s - loss: 0.0573
11/12 [==========================>...] - ETA: 0s - loss: 0.0577
12/12 [==============================] - 0s 28ms/step - loss: 0.0583
Epoch 27/300

 1/12 [=>............................] - ETA: 0s - loss: 0.0683
 3/12 [======>.......................] - ETA: 0s - loss: 0.0633
 5/12 [===========>..................] - ETA: 0s - loss: 0.0661
 7/12 [================>.............] - ETA: 0s - loss: 0.0661
 9/12 [=====================>........] - ETA: 0s - loss: 0.0649
11/12 [==========================>...] - ETA: 0s - loss: 0.0633
12/12 [==============================] - 0s 29ms/step - loss: 0.0635
Epoch 28/300

 1/12 [=>............................] - ETA: 0s - loss: 0.0629
 3/12 [======>.......................] - ETA: 0s - loss: 0.0594
 5/12 [===========>..................] - ETA: 0s - loss: 0.0573
 7/12 [================>.............] - ETA: 0s - loss: 0.0569
 9/12 [=====================>........] - ETA: 0s - loss: 0.0557
11/12 [==========================>...] - ETA: 0s - loss: 0.0557
12/12 [==============================] - 0s 29ms/step - loss: 0.0563
Epoch 29/300

 1/12 [=>............................] - ETA: 0s - loss: 0.0617
 3/12 [======>.......................] - ETA: 0s - loss: 0.0677
 5/12 [===========>..................] - ETA: 0s - loss: 0.0645
 7/12 [================>.............] - ETA: 0s - loss: 0.0608
 9/12 [=====================>........] - ETA: 0s - loss: 0.0590
11/12 [==========================>...] - ETA: 0s - loss: 0.0594
12/12 [==============================] - 0s 29ms/step - loss: 0.0604
Epoch 30/300

 1/12 [=>............................] - ETA: 0s - loss: 0.0635
 3/12 [======>.......................] - ETA: 0s - loss: 0.0607
 5/12 [===========>..................] - ETA: 0s - loss: 0.0597
 7/12 [================>.............] - ETA: 0s - loss: 0.0602
 9/12 [=====================>........] - ETA: 0s - loss: 0.0594
11/12 [==========================>...] - ETA: 0s - loss: 0.0599
12/12 [==============================] - 0s 28ms/step - loss: 0.0594
Epoch 31/300

 1/12 [=>............................] - ETA: 0s - loss: 0.0501
 3/12 [======>.......................] - ETA: 0s - loss: 0.0571
 5/12 [===========>..................] - ETA: 0s - loss: 0.0591
 7/12 [================>.............] - ETA: 0s - loss: 0.0574
 9/12 [=====================>........] - ETA: 0s - loss: 0.0574
11/12 [==========================>...] - ETA: 0s - loss: 0.0569
12/12 [==============================] - 0s 27ms/step - loss: 0.0570
Epoch 32/300

 1/12 [=>............................] - ETA: 0s - loss: 0.0480
 3/12 [======>.......................] - ETA: 0s - loss: 0.0608
 5/12 [===========>..................] - ETA: 0s - loss: 0.0614
 7/12 [================>.............] - ETA: 0s - loss: 0.0608
 9/12 [=====================>........] - ETA: 0s - loss: 0.0597
11/12 [==========================>...] - ETA: 0s - loss: 0.0586
12/12 [==============================] - 0s 28ms/step - loss: 0.0586
Epoch 33/300

 1/12 [=>............................] - ETA: 0s - loss: 0.0748
 3/12 [======>.......................] - ETA: 0s - loss: 0.0694
 5/12 [===========>..................] - ETA: 0s - loss: 0.0607
 7/12 [================>.............] - ETA: 0s - loss: 0.0585
 9/12 [=====================>........] - ETA: 0s - loss: 0.0586
11/12 [==========================>...] - ETA: 0s - loss: 0.0583
12/12 [==============================] - 0s 27ms/step - loss: 0.0581
Epoch 34/300

 1/12 [=>............................] - ETA: 0s - loss: 0.0555
 3/12 [======>.......................] - ETA: 0s - loss: 0.0564
 5/12 [===========>..................] - ETA: 0s - loss: 0.0578
 7/12 [================>.............] - ETA: 0s - loss: 0.0557
 9/12 [=====================>........] - ETA: 0s - loss: 0.0569
11/12 [==========================>...] - ETA: 0s - loss: 0.0583
12/12 [==============================] - 0s 27ms/step - loss: 0.0588
Epoch 35/300

 1/12 [=>............................] - ETA: 0s - loss: 0.0479
 3/12 [======>.......................] - ETA: 0s - loss: 0.0500
 5/12 [===========>..................] - ETA: 0s - loss: 0.0544
 7/12 [================>.............] - ETA: 0s - loss: 0.0520
 9/12 [=====================>........] - ETA: 0s - loss: 0.0522
11/12 [==========================>...] - ETA: 0s - loss: 0.0546
12/12 [==============================] - 0s 27ms/step - loss: 0.0551
Epoch 36/300

 1/12 [=>............................] - ETA: 0s - loss: 0.0435
 3/12 [======>.......................] - ETA: 0s - loss: 0.0528
 5/12 [===========>..................] - ETA: 0s - loss: 0.0496
 7/12 [================>.............] - ETA: 0s - loss: 0.0509
 9/12 [=====================>........] - ETA: 0s - loss: 0.0496
11/12 [==========================>...] - ETA: 0s - loss: 0.0516
12/12 [==============================] - 0s 27ms/step - loss: 0.0521
Epoch 37/300

 1/12 [=>............................] - ETA: 0s - loss: 0.0494
 3/12 [======>.......................] - ETA: 0s - loss: 0.0516
 5/12 [===========>..................] - ETA: 0s - loss: 0.0497
 7/12 [================>.............] - ETA: 0s - loss: 0.0478
 9/12 [=====================>........] - ETA: 0s - loss: 0.0466
11/12 [==========================>...] - ETA: 0s - loss: 0.0445
12/12 [==============================] - 0s 27ms/step - loss: 0.0445
Epoch 38/300

 1/12 [=>............................] - ETA: 0s - loss: 0.0559
 3/12 [======>.......................] - ETA: 0s - loss: 0.0575
 5/12 [===========>..................] - ETA: 0s - loss: 0.0552
 7/12 [================>.............] - ETA: 0s - loss: 0.0533
 9/12 [=====================>........] - ETA: 0s - loss: 0.0562
11/12 [==========================>...] - ETA: 0s - loss: 0.0582
12/12 [==============================] - 0s 27ms/step - loss: 0.0584
Epoch 39/300

 1/12 [=>............................] - ETA: 0s - loss: 0.0546
 3/12 [======>.......................] - ETA: 0s - loss: 0.0528
 5/12 [===========>..................] - ETA: 0s - loss: 0.0482
 7/12 [================>.............] - ETA: 0s - loss: 0.0470
 9/12 [=====================>........] - ETA: 0s - loss: 0.0489
11/12 [==========================>...] - ETA: 0s - loss: 0.0476
12/12 [==============================] - 0s 27ms/step - loss: 0.0486
Epoch 40/300

 1/12 [=>............................] - ETA: 0s - loss: 0.0402
 3/12 [======>.......................] - ETA: 0s - loss: 0.0528
 5/12 [===========>..................] - ETA: 0s - loss: 0.0584
 7/12 [================>.............] - ETA: 0s - loss: 0.0547
 9/12 [=====================>........] - ETA: 0s - loss: 0.0534
11/12 [==========================>...] - ETA: 0s - loss: 0.0520
12/12 [==============================] - 0s 27ms/step - loss: 0.0525
Epoch 41/300

 1/12 [=>............................] - ETA: 0s - loss: 0.0584
 3/12 [======>.......................] - ETA: 0s - loss: 0.0588
 5/12 [===========>..................] - ETA: 0s - loss: 0.0546
 7/12 [================>.............] - ETA: 0s - loss: 0.0534
 9/12 [=====================>........] - ETA: 0s - loss: 0.0544
11/12 [==========================>...] - ETA: 0s - loss: 0.0538
12/12 [==============================] - 0s 27ms/step - loss: 0.0535
Epoch 42/300

 1/12 [=>............................] - ETA: 0s - loss: 0.0574
 3/12 [======>.......................] - ETA: 0s - loss: 0.0517
 5/12 [===========>..................] - ETA: 0s - loss: 0.0523
 7/12 [================>.............] - ETA: 0s - loss: 0.0528
 9/12 [=====================>........] - ETA: 0s - loss: 0.0514
11/12 [==========================>...] - ETA: 0s - loss: 0.0526
12/12 [==============================] - 0s 27ms/step - loss: 0.0531
Epoch 43/300

 1/12 [=>............................] - ETA: 0s - loss: 0.0597
 3/12 [======>.......................] - ETA: 0s - loss: 0.0590
 5/12 [===========>..................] - ETA: 0s - loss: 0.0549
 7/12 [================>.............] - ETA: 0s - loss: 0.0584
 9/12 [=====================>........] - ETA: 0s - loss: 0.0574
11/12 [==========================>...] - ETA: 0s - loss: 0.0565
12/12 [==============================] - 0s 26ms/step - loss: 0.0564
Epoch 44/300

 1/12 [=>............................] - ETA: 0s - loss: 0.0654
 3/12 [======>.......................] - ETA: 0s - loss: 0.0548
 5/12 [===========>..................] - ETA: 0s - loss: 0.0541
 7/12 [================>.............] - ETA: 0s - loss: 0.0528
 9/12 [=====================>........] - ETA: 0s - loss: 0.0524
11/12 [==========================>...] - ETA: 0s - loss: 0.0507
12/12 [==============================] - 0s 27ms/step - loss: 0.0504
Epoch 45/300

 1/12 [=>............................] - ETA: 0s - loss: 0.0458
 3/12 [======>.......................] - ETA: 0s - loss: 0.0495
 5/12 [===========>..................] - ETA: 0s - loss: 0.0493
 7/12 [================>.............] - ETA: 0s - loss: 0.0504
 9/12 [=====================>........] - ETA: 0s - loss: 0.0509
11/12 [==========================>...] - ETA: 0s - loss: 0.0501
12/12 [==============================] - 0s 27ms/step - loss: 0.0504
Epoch 46/300

 1/12 [=>............................] - ETA: 0s - loss: 0.0346
 3/12 [======>.......................] - ETA: 0s - loss: 0.0412
 5/12 [===========>..................] - ETA: 0s - loss: 0.0460
 7/12 [================>.............] - ETA: 0s - loss: 0.0472
 9/12 [=====================>........] - ETA: 0s - loss: 0.0479
11/12 [==========================>...] - ETA: 0s - loss: 0.0487
12/12 [==============================] - 0s 27ms/step - loss: 0.0487
Epoch 47/300

 1/12 [=>............................] - ETA: 0s - loss: 0.0455
 3/12 [======>.......................] - ETA: 0s - loss: 0.0438
 5/12 [===========>..................] - ETA: 0s - loss: 0.0440
 7/12 [================>.............] - ETA: 0s - loss: 0.0439
 9/12 [=====================>........] - ETA: 0s - loss: 0.0462
11/12 [==========================>...] - ETA: 0s - loss: 0.0472
12/12 [==============================] - 0s 27ms/step - loss: 0.0471
Epoch 48/300

 1/12 [=>............................] - ETA: 0s - loss: 0.0470
 3/12 [======>.......................] - ETA: 0s - loss: 0.0456
 5/12 [===========>..................] - ETA: 0s - loss: 0.0459
 7/12 [================>.............] - ETA: 0s - loss: 0.0472
 9/12 [=====================>........] - ETA: 0s - loss: 0.0482
11/12 [==========================>...] - ETA: 0s - loss: 0.0475
12/12 [==============================] - 0s 27ms/step - loss: 0.0474
Epoch 49/300

 1/12 [=>............................] - ETA: 0s - loss: 0.0486
 3/12 [======>.......................] - ETA: 0s - loss: 0.0567
 5/12 [===========>..................] - ETA: 0s - loss: 0.0521
 7/12 [================>.............] - ETA: 0s - loss: 0.0495
 9/12 [=====================>........] - ETA: 0s - loss: 0.0503
11/12 [==========================>...] - ETA: 0s - loss: 0.0515
12/12 [==============================] - 0s 28ms/step - loss: 0.0514
Epoch 50/300

 1/12 [=>............................] - ETA: 0s - loss: 0.0473
 3/12 [======>.......................] - ETA: 0s - loss: 0.0502
 5/12 [===========>..................] - ETA: 0s - loss: 0.0493
 7/12 [================>.............] - ETA: 0s - loss: 0.0522
 9/12 [=====================>........] - ETA: 0s - loss: 0.0496
11/12 [==========================>...] - ETA: 0s - loss: 0.0494
12/12 [==============================] - 0s 27ms/step - loss: 0.0494
Epoch 51/300

 1/12 [=>............................] - ETA: 0s - loss: 0.0557
 3/12 [======>.......................] - ETA: 0s - loss: 0.0515
 5/12 [===========>..................] - ETA: 0s - loss: 0.0502
 7/12 [================>.............] - ETA: 0s - loss: 0.0484
 9/12 [=====================>........] - ETA: 0s - loss: 0.0480
11/12 [==========================>...] - ETA: 0s - loss: 0.0478
12/12 [==============================] - 0s 28ms/step - loss: 0.0476
Epoch 52/300

 1/12 [=>............................] - ETA: 0s - loss: 0.0596
 3/12 [======>.......................] - ETA: 0s - loss: 0.0459
 5/12 [===========>..................] - ETA: 0s - loss: 0.0493
 7/12 [================>.............] - ETA: 0s - loss: 0.0462
 9/12 [=====================>........] - ETA: 0s - loss: 0.0485
11/12 [==========================>...] - ETA: 0s - loss: 0.0490
12/12 [==============================] - 0s 27ms/step - loss: 0.0492
Epoch 53/300

 1/12 [=>............................] - ETA: 0s - loss: 0.0498
 3/12 [======>.......................] - ETA: 0s - loss: 0.0483
 5/12 [===========>..................] - ETA: 0s - loss: 0.0444
 7/12 [================>.............] - ETA: 0s - loss: 0.0481
 9/12 [=====================>........] - ETA: 0s - loss: 0.0474
11/12 [==========================>...] - ETA: 0s - loss: 0.0499
12/12 [==============================] - 0s 27ms/step - loss: 0.0500
Epoch 54/300

 1/12 [=>............................] - ETA: 0s - loss: 0.0401
 3/12 [======>.......................] - ETA: 0s - loss: 0.0482
 5/12 [===========>..................] - ETA: 0s - loss: 0.0479
 7/12 [================>.............] - ETA: 0s - loss: 0.0487
 9/12 [=====================>........] - ETA: 0s - loss: 0.0481
11/12 [==========================>...] - ETA: 0s - loss: 0.0475
12/12 [==============================] - 0s 27ms/step - loss: 0.0471
Epoch 55/300

 1/12 [=>............................] - ETA: 0s - loss: 0.0469
 3/12 [======>.......................] - ETA: 0s - loss: 0.0424
 5/12 [===========>..................] - ETA: 0s - loss: 0.0452
 7/12 [================>.............] - ETA: 0s - loss: 0.0452
 9/12 [=====================>........] - ETA: 0s - loss: 0.0465
11/12 [==========================>...] - ETA: 0s - loss: 0.0458
12/12 [==============================] - 0s 27ms/step - loss: 0.0460
Epoch 56/300

 1/12 [=>............................] - ETA: 0s - loss: 0.0504
 3/12 [======>.......................] - ETA: 0s - loss: 0.0520
 5/12 [===========>..................] - ETA: 0s - loss: 0.0537
 7/12 [================>.............] - ETA: 0s - loss: 0.0512
 9/12 [=====================>........] - ETA: 0s - loss: 0.0512
11/12 [==========================>...] - ETA: 0s - loss: 0.0522
12/12 [==============================] - 0s 27ms/step - loss: 0.0523
Epoch 57/300

 1/12 [=>............................] - ETA: 0s - loss: 0.0587
 3/12 [======>.......................] - ETA: 0s - loss: 0.0499
 5/12 [===========>..................] - ETA: 0s - loss: 0.0457
 7/12 [================>.............] - ETA: 0s - loss: 0.0442
 9/12 [=====================>........] - ETA: 0s - loss: 0.0439
11/12 [==========================>...] - ETA: 0s - loss: 0.0444
12/12 [==============================] - 0s 27ms/step - loss: 0.0445
Epoch 57: early stopping

 1/12 [=>............................] - ETA: 5s
 9/12 [=====================>........] - ETA: 0s
12/12 [==============================] - 1s 6ms/step
  params for conformer: lr=0.0001, batch_size=64
[Conformer] Fold 2/3 学習開始
Epoch 1/300

 1/12 [=>............................] - ETA: 54s - loss: 0.2222
 3/12 [======>.......................] - ETA: 0s - loss: 0.2330 
 5/12 [===========>..................] - ETA: 0s - loss: 0.2101
 7/12 [================>.............] - ETA: 0s - loss: 0.2001
 9/12 [=====================>........] - ETA: 0s - loss: 0.1855
11/12 [==========================>...] - ETA: 0s - loss: 0.1730
12/12 [==============================] - 5s 28ms/step - loss: 0.1727
Epoch 2/300

 1/12 [=>............................] - ETA: 0s - loss: 0.1324
 3/12 [======>.......................] - ETA: 0s - loss: 0.1214
 5/12 [===========>..................] - ETA: 0s - loss: 0.1292
 7/12 [================>.............] - ETA: 0s - loss: 0.1223
 9/12 [=====================>........] - ETA: 0s - loss: 0.1198
11/12 [==========================>...] - ETA: 0s - loss: 0.1206
12/12 [==============================] - 0s 28ms/step - loss: 0.1201
Epoch 3/300

 1/12 [=>............................] - ETA: 0s - loss: 0.0811
 3/12 [======>.......................] - ETA: 0s - loss: 0.1019
 5/12 [===========>..................] - ETA: 0s - loss: 0.0994
 7/12 [================>.............] - ETA: 0s - loss: 0.1039
 9/12 [=====================>........] - ETA: 0s - loss: 0.0984
11/12 [==========================>...] - ETA: 0s - loss: 0.1005
12/12 [==============================] - 0s 27ms/step - loss: 0.1001
Epoch 4/300

 1/12 [=>............................] - ETA: 0s - loss: 0.1097
 3/12 [======>.......................] - ETA: 0s - loss: 0.0994
 5/12 [===========>..................] - ETA: 0s - loss: 0.0937
 7/12 [================>.............] - ETA: 0s - loss: 0.0966
 9/12 [=====================>........] - ETA: 0s - loss: 0.0952
11/12 [==========================>...] - ETA: 0s - loss: 0.0954
12/12 [==============================] - 0s 27ms/step - loss: 0.0957
Epoch 5/300

 1/12 [=>............................] - ETA: 0s - loss: 0.0792
 3/12 [======>.......................] - ETA: 0s - loss: 0.0795
 5/12 [===========>..................] - ETA: 0s - loss: 0.0773
 7/12 [================>.............] - ETA: 0s - loss: 0.0848
 9/12 [=====================>........] - ETA: 0s - loss: 0.0892
11/12 [==========================>...] - ETA: 0s - loss: 0.0900
12/12 [==============================] - 0s 27ms/step - loss: 0.0901
Epoch 6/300

 1/12 [=>............................] - ETA: 0s - loss: 0.0821
 3/12 [======>.......................] - ETA: 0s - loss: 0.0917
 5/12 [===========>..................] - ETA: 0s - loss: 0.0958
 7/12 [================>.............] - ETA: 0s - loss: 0.0974
 9/12 [=====================>........] - ETA: 0s - loss: 0.0970
11/12 [==========================>...] - ETA: 0s - loss: 0.0955
12/12 [==============================] - 0s 27ms/step - loss: 0.0951
Epoch 7/300

 1/12 [=>............................] - ETA: 0s - loss: 0.0713
 3/12 [======>.......................] - ETA: 0s - loss: 0.0778
 5/12 [===========>..................] - ETA: 0s - loss: 0.0816
 7/12 [================>.............] - ETA: 0s - loss: 0.0820
 9/12 [=====================>........] - ETA: 0s - loss: 0.0828
11/12 [==========================>...] - ETA: 0s - loss: 0.0829
12/12 [==============================] - 0s 27ms/step - loss: 0.0815
Epoch 8/300

 1/12 [=>............................] - ETA: 0s - loss: 0.0561
 3/12 [======>.......................] - ETA: 0s - loss: 0.0773
 5/12 [===========>..................] - ETA: 0s - loss: 0.0828
 7/12 [================>.............] - ETA: 0s - loss: 0.0809
 9/12 [=====================>........] - ETA: 0s - loss: 0.0793
11/12 [==========================>...] - ETA: 0s - loss: 0.0804
12/12 [==============================] - 0s 27ms/step - loss: 0.0792
Epoch 9/300

 1/12 [=>............................] - ETA: 0s - loss: 0.0996
 3/12 [======>.......................] - ETA: 0s - loss: 0.0888
 5/12 [===========>..................] - ETA: 0s - loss: 0.0844
 7/12 [================>.............] - ETA: 0s - loss: 0.0840
 9/12 [=====================>........] - ETA: 0s - loss: 0.0850
11/12 [==========================>...] - ETA: 0s - loss: 0.0841
12/12 [==============================] - 0s 27ms/step - loss: 0.0846
Epoch 10/300

 1/12 [=>............................] - ETA: 0s - loss: 0.0900
 3/12 [======>.......................] - ETA: 0s - loss: 0.0716
 5/12 [===========>..................] - ETA: 0s - loss: 0.0741
 7/12 [================>.............] - ETA: 0s - loss: 0.0750
 9/12 [=====================>........] - ETA: 0s - loss: 0.0724
11/12 [==========================>...] - ETA: 0s - loss: 0.0727
12/12 [==============================] - 0s 27ms/step - loss: 0.0723
Epoch 11/300

 1/12 [=>............................] - ETA: 0s - loss: 0.0723
 3/12 [======>.......................] - ETA: 0s - loss: 0.0714
 5/12 [===========>..................] - ETA: 0s - loss: 0.0743
 7/12 [================>.............] - ETA: 0s - loss: 0.0719
 9/12 [=====================>........] - ETA: 0s - loss: 0.0722
11/12 [==========================>...] - ETA: 0s - loss: 0.0728
12/12 [==============================] - 0s 28ms/step - loss: 0.0739
Epoch 12/300

 1/12 [=>............................] - ETA: 0s - loss: 0.0666
 3/12 [======>.......................] - ETA: 0s - loss: 0.0749
 5/12 [===========>..................] - ETA: 0s - loss: 0.0709
 7/12 [================>.............] - ETA: 0s - loss: 0.0745
 9/12 [=====================>........] - ETA: 0s - loss: 0.0811
11/12 [==========================>...] - ETA: 0s - loss: 0.0805
12/12 [==============================] - 0s 27ms/step - loss: 0.0809
Epoch 13/300

 1/12 [=>............................] - ETA: 0s - loss: 0.0712
 3/12 [======>.......................] - ETA: 0s - loss: 0.0778
 5/12 [===========>..................] - ETA: 0s - loss: 0.0769
 7/12 [================>.............] - ETA: 0s - loss: 0.0738
 9/12 [=====================>........] - ETA: 0s - loss: 0.0780
11/12 [==========================>...] - ETA: 0s - loss: 0.0770
12/12 [==============================] - 0s 27ms/step - loss: 0.0765
Epoch 14/300

 1/12 [=>............................] - ETA: 0s - loss: 0.0842
 3/12 [======>.......................] - ETA: 0s - loss: 0.0854
 5/12 [===========>..................] - ETA: 0s - loss: 0.0827
 7/12 [================>.............] - ETA: 0s - loss: 0.0814
 9/12 [=====================>........] - ETA: 0s - loss: 0.0811
11/12 [==========================>...] - ETA: 0s - loss: 0.0824
12/12 [==============================] - 0s 27ms/step - loss: 0.0835
Epoch 15/300

 1/12 [=>............................] - ETA: 0s - loss: 0.0724
 3/12 [======>.......................] - ETA: 0s - loss: 0.0896
 5/12 [===========>..................] - ETA: 0s - loss: 0.0843
 7/12 [================>.............] - ETA: 0s - loss: 0.0799
 9/12 [=====================>........] - ETA: 0s - loss: 0.0777
11/12 [==========================>...] - ETA: 0s - loss: 0.0766
12/12 [==============================] - 0s 27ms/step - loss: 0.0766
Epoch 16/300

 1/12 [=>............................] - ETA: 0s - loss: 0.0668
 3/12 [======>.......................] - ETA: 0s - loss: 0.0727
 5/12 [===========>..................] - ETA: 0s - loss: 0.0802
 7/12 [================>.............] - ETA: 0s - loss: 0.0799
 9/12 [=====================>........] - ETA: 0s - loss: 0.0769
11/12 [==========================>...] - ETA: 0s - loss: 0.0742
12/12 [==============================] - 0s 27ms/step - loss: 0.0741
Epoch 17/300

 1/12 [=>............................] - ETA: 0s - loss: 0.0816
 3/12 [======>.......................] - ETA: 0s - loss: 0.0894
 5/12 [===========>..................] - ETA: 0s - loss: 0.0854
 7/12 [================>.............] - ETA: 0s - loss: 0.0846
 9/12 [=====================>........] - ETA: 0s - loss: 0.0832
11/12 [==========================>...] - ETA: 0s - loss: 0.0813
12/12 [==============================] - 0s 27ms/step - loss: 0.0810
Epoch 18/300

 1/12 [=>............................] - ETA: 0s - loss: 0.0869
 3/12 [======>.......................] - ETA: 0s - loss: 0.0821
 5/12 [===========>..................] - ETA: 0s - loss: 0.0730
 7/12 [================>.............] - ETA: 0s - loss: 0.0727
 9/12 [=====================>........] - ETA: 0s - loss: 0.0737
11/12 [==========================>...] - ETA: 0s - loss: 0.0705
12/12 [==============================] - 0s 27ms/step - loss: 0.0702
Epoch 19/300

 1/12 [=>............................] - ETA: 0s - loss: 0.0645
 3/12 [======>.......................] - ETA: 0s - loss: 0.0740
 5/12 [===========>..................] - ETA: 0s - loss: 0.0697
 7/12 [================>.............] - ETA: 0s - loss: 0.0730
 9/12 [=====================>........] - ETA: 0s - loss: 0.0743
11/12 [==========================>...] - ETA: 0s - loss: 0.0715
12/12 [==============================] - 0s 27ms/step - loss: 0.0709
Epoch 20/300

 1/12 [=>............................] - ETA: 0s - loss: 0.0777
 3/12 [======>.......................] - ETA: 0s - loss: 0.0711
 5/12 [===========>..................] - ETA: 0s - loss: 0.0767
 7/12 [================>.............] - ETA: 0s - loss: 0.0762
 9/12 [=====================>........] - ETA: 0s - loss: 0.0723
11/12 [==========================>...] - ETA: 0s - loss: 0.0746
12/12 [==============================] - 0s 27ms/step - loss: 0.0749
Epoch 21/300

 1/12 [=>............................] - ETA: 0s - loss: 0.0893
 3/12 [======>.......................] - ETA: 0s - loss: 0.0711
 5/12 [===========>..................] - ETA: 0s - loss: 0.0730
 7/12 [================>.............] - ETA: 0s - loss: 0.0702
10/12 [========================>.....] - ETA: 0s - loss: 0.0675
12/12 [==============================] - ETA: 0s - loss: 0.0671
12/12 [==============================] - 0s 27ms/step - loss: 0.0671
Epoch 22/300

 1/12 [=>............................] - ETA: 0s - loss: 0.0618
 3/12 [======>.......................] - ETA: 0s - loss: 0.0613
 5/12 [===========>..................] - ETA: 0s - loss: 0.0607
 7/12 [================>.............] - ETA: 0s - loss: 0.0641
 9/12 [=====================>........] - ETA: 0s - loss: 0.0628
11/12 [==========================>...] - ETA: 0s - loss: 0.0641
12/12 [==============================] - 0s 28ms/step - loss: 0.0640
Epoch 23/300

 1/12 [=>............................] - ETA: 0s - loss: 0.0564
 3/12 [======>.......................] - ETA: 0s - loss: 0.0555
 5/12 [===========>..................] - ETA: 0s - loss: 0.0589
 7/12 [================>.............] - ETA: 0s - loss: 0.0628
 9/12 [=====================>........] - ETA: 0s - loss: 0.0628
11/12 [==========================>...] - ETA: 0s - loss: 0.0669
12/12 [==============================] - 0s 28ms/step - loss: 0.0667
Epoch 24/300

 1/12 [=>............................] - ETA: 0s - loss: 0.0783
 3/12 [======>.......................] - ETA: 0s - loss: 0.0697
 5/12 [===========>..................] - ETA: 0s - loss: 0.0704
 7/12 [================>.............] - ETA: 0s - loss: 0.0732
 9/12 [=====================>........] - ETA: 0s - loss: 0.0737
11/12 [==========================>...] - ETA: 0s - loss: 0.0703
12/12 [==============================] - 0s 27ms/step - loss: 0.0698
Epoch 25/300

 1/12 [=>............................] - ETA: 0s - loss: 0.0697
 3/12 [======>.......................] - ETA: 0s - loss: 0.0687
 5/12 [===========>..................] - ETA: 0s - loss: 0.0701
 7/12 [================>.............] - ETA: 0s - loss: 0.0706
 9/12 [=====================>........] - ETA: 0s - loss: 0.0678
11/12 [==========================>...] - ETA: 0s - loss: 0.0669
12/12 [==============================] - 0s 27ms/step - loss: 0.0672
Epoch 26/300

 1/12 [=>............................] - ETA: 0s - loss: 0.0551
 3/12 [======>.......................] - ETA: 0s - loss: 0.0660
 5/12 [===========>..................] - ETA: 0s - loss: 0.0650
 7/12 [================>.............] - ETA: 0s - loss: 0.0673
 9/12 [=====================>........] - ETA: 0s - loss: 0.0642
11/12 [==========================>...] - ETA: 0s - loss: 0.0653
12/12 [==============================] - 0s 27ms/step - loss: 0.0653
Epoch 27/300

 1/12 [=>............................] - ETA: 0s - loss: 0.0542
 3/12 [======>.......................] - ETA: 0s - loss: 0.0630
 5/12 [===========>..................] - ETA: 0s - loss: 0.0647
 7/12 [================>.............] - ETA: 0s - loss: 0.0649
 9/12 [=====================>........] - ETA: 0s - loss: 0.0676
11/12 [==========================>...] - ETA: 0s - loss: 0.0690
12/12 [==============================] - 0s 27ms/step - loss: 0.0686
Epoch 28/300

 1/12 [=>............................] - ETA: 0s - loss: 0.0486
 3/12 [======>.......................] - ETA: 0s - loss: 0.0523
 5/12 [===========>..................] - ETA: 0s - loss: 0.0642
 7/12 [================>.............] - ETA: 0s - loss: 0.0656
 9/12 [=====================>........] - ETA: 0s - loss: 0.0628
11/12 [==========================>...] - ETA: 0s - loss: 0.0640
12/12 [==============================] - 0s 27ms/step - loss: 0.0647
Epoch 29/300

 1/12 [=>............................] - ETA: 0s - loss: 0.0601
 3/12 [======>.......................] - ETA: 0s - loss: 0.0593
 5/12 [===========>..................] - ETA: 0s - loss: 0.0604
 7/12 [================>.............] - ETA: 0s - loss: 0.0573
 9/12 [=====================>........] - ETA: 0s - loss: 0.0598
11/12 [==========================>...] - ETA: 0s - loss: 0.0601
12/12 [==============================] - 0s 27ms/step - loss: 0.0601
Epoch 30/300

 1/12 [=>............................] - ETA: 0s - loss: 0.0426
 3/12 [======>.......................] - ETA: 0s - loss: 0.0556
 5/12 [===========>..................] - ETA: 0s - loss: 0.0545
 7/12 [================>.............] - ETA: 0s - loss: 0.0565
 9/12 [=====================>........] - ETA: 0s - loss: 0.0647
11/12 [==========================>...] - ETA: 0s - loss: 0.0653
12/12 [==============================] - 0s 27ms/step - loss: 0.0658
Epoch 31/300

 1/12 [=>............................] - ETA: 0s - loss: 0.0725
 3/12 [======>.......................] - ETA: 0s - loss: 0.0696
 5/12 [===========>..................] - ETA: 0s - loss: 0.0726
 7/12 [================>.............] - ETA: 0s - loss: 0.0692
 9/12 [=====================>........] - ETA: 0s - loss: 0.0680
11/12 [==========================>...] - ETA: 0s - loss: 0.0673
12/12 [==============================] - 0s 27ms/step - loss: 0.0682
Epoch 32/300

 1/12 [=>............................] - ETA: 0s - loss: 0.0505
 3/12 [======>.......................] - ETA: 0s - loss: 0.0626
 5/12 [===========>..................] - ETA: 0s - loss: 0.0637
 7/12 [================>.............] - ETA: 0s - loss: 0.0637
 9/12 [=====================>........] - ETA: 0s - loss: 0.0626
11/12 [==========================>...] - ETA: 0s - loss: 0.0638
12/12 [==============================] - 0s 27ms/step - loss: 0.0638
Epoch 33/300

 1/12 [=>............................] - ETA: 0s - loss: 0.0541
 3/12 [======>.......................] - ETA: 0s - loss: 0.0607
 5/12 [===========>..................] - ETA: 0s - loss: 0.0668
 7/12 [================>.............] - ETA: 0s - loss: 0.0646
 9/12 [=====================>........] - ETA: 0s - loss: 0.0614
11/12 [==========================>...] - ETA: 0s - loss: 0.0643
12/12 [==============================] - 0s 27ms/step - loss: 0.0640
Epoch 34/300

 1/12 [=>............................] - ETA: 0s - loss: 0.0597
 3/12 [======>.......................] - ETA: 0s - loss: 0.0686
 5/12 [===========>..................] - ETA: 0s - loss: 0.0668
 7/12 [================>.............] - ETA: 0s - loss: 0.0636
 9/12 [=====================>........] - ETA: 0s - loss: 0.0659
11/12 [==========================>...] - ETA: 0s - loss: 0.0650
12/12 [==============================] - 0s 27ms/step - loss: 0.0651
Epoch 35/300

 1/12 [=>............................] - ETA: 0s - loss: 0.0540
 3/12 [======>.......................] - ETA: 0s - loss: 0.0562
 5/12 [===========>..................] - ETA: 0s - loss: 0.0647
 7/12 [================>.............] - ETA: 0s - loss: 0.0629
 9/12 [=====================>........] - ETA: 0s - loss: 0.0655
11/12 [==========================>...] - ETA: 0s - loss: 0.0635
12/12 [==============================] - 0s 27ms/step - loss: 0.0633
Epoch 36/300

 1/12 [=>............................] - ETA: 0s - loss: 0.0546
 3/12 [======>.......................] - ETA: 0s - loss: 0.0668
 5/12 [===========>..................] - ETA: 0s - loss: 0.0623
 7/12 [================>.............] - ETA: 0s - loss: 0.0685
 9/12 [=====================>........] - ETA: 0s - loss: 0.0668
11/12 [==========================>...] - ETA: 0s - loss: 0.0658
12/12 [==============================] - 0s 27ms/step - loss: 0.0656
Epoch 37/300

 1/12 [=>............................] - ETA: 0s - loss: 0.0669
 3/12 [======>.......................] - ETA: 0s - loss: 0.0666
 5/12 [===========>..................] - ETA: 0s - loss: 0.0666
 7/12 [================>.............] - ETA: 0s - loss: 0.0632
 9/12 [=====================>........] - ETA: 0s - loss: 0.0622
11/12 [==========================>...] - ETA: 0s - loss: 0.0610
12/12 [==============================] - 0s 27ms/step - loss: 0.0614
Epoch 38/300

 1/12 [=>............................] - ETA: 0s - loss: 0.0678
 3/12 [======>.......................] - ETA: 0s - loss: 0.0628
 5/12 [===========>..................] - ETA: 0s - loss: 0.0617
 7/12 [================>.............] - ETA: 0s - loss: 0.0634
 9/12 [=====================>........] - ETA: 0s - loss: 0.0615
11/12 [==========================>...] - ETA: 0s - loss: 0.0596
12/12 [==============================] - 0s 27ms/step - loss: 0.0595
Epoch 39/300

 1/12 [=>............................] - ETA: 0s - loss: 0.0544
 3/12 [======>.......................] - ETA: 0s - loss: 0.0547
 5/12 [===========>..................] - ETA: 0s - loss: 0.0554
 7/12 [================>.............] - ETA: 0s - loss: 0.0570
 9/12 [=====================>........] - ETA: 0s - loss: 0.0612
11/12 [==========================>...] - ETA: 0s - loss: 0.0605
12/12 [==============================] - 0s 27ms/step - loss: 0.0618
Epoch 40/300

 1/12 [=>............................] - ETA: 0s - loss: 0.0738
 3/12 [======>.......................] - ETA: 0s - loss: 0.0620
 5/12 [===========>..................] - ETA: 0s - loss: 0.0681
 7/12 [================>.............] - ETA: 0s - loss: 0.0647
 9/12 [=====================>........] - ETA: 0s - loss: 0.0647
11/12 [==========================>...] - ETA: 0s - loss: 0.0650
12/12 [==============================] - 0s 27ms/step - loss: 0.0647
Epoch 41/300

 1/12 [=>............................] - ETA: 0s - loss: 0.0625
 3/12 [======>.......................] - ETA: 0s - loss: 0.0619
 5/12 [===========>..................] - ETA: 0s - loss: 0.0627
 7/12 [================>.............] - ETA: 0s - loss: 0.0634
 9/12 [=====================>........] - ETA: 0s - loss: 0.0595
11/12 [==========================>...] - ETA: 0s - loss: 0.0590
12/12 [==============================] - 0s 27ms/step - loss: 0.0585
Epoch 42/300

 1/12 [=>............................] - ETA: 0s - loss: 0.0582
 3/12 [======>.......................] - ETA: 0s - loss: 0.0573
 5/12 [===========>..................] - ETA: 0s - loss: 0.0552
 7/12 [================>.............] - ETA: 0s - loss: 0.0602
 9/12 [=====================>........] - ETA: 0s - loss: 0.0591
11/12 [==========================>...] - ETA: 0s - loss: 0.0584
12/12 [==============================] - 0s 27ms/step - loss: 0.0584
Epoch 43/300

 1/12 [=>............................] - ETA: 0s - loss: 0.0670
 3/12 [======>.......................] - ETA: 0s - loss: 0.0633
 5/12 [===========>..................] - ETA: 0s - loss: 0.0580
 7/12 [================>.............] - ETA: 0s - loss: 0.0583
 9/12 [=====================>........] - ETA: 0s - loss: 0.0585
11/12 [==========================>...] - ETA: 0s - loss: 0.0598
12/12 [==============================] - 0s 27ms/step - loss: 0.0599
Epoch 44/300

 1/12 [=>............................] - ETA: 0s - loss: 0.0404
 3/12 [======>.......................] - ETA: 0s - loss: 0.0574
 5/12 [===========>..................] - ETA: 0s - loss: 0.0557
 7/12 [================>.............] - ETA: 0s - loss: 0.0588
 9/12 [=====================>........] - ETA: 0s - loss: 0.0581
11/12 [==========================>...] - ETA: 0s - loss: 0.0564
12/12 [==============================] - 0s 27ms/step - loss: 0.0569
Epoch 45/300

 1/12 [=>............................] - ETA: 0s - loss: 0.0359
 3/12 [======>.......................] - ETA: 0s - loss: 0.0474
 5/12 [===========>..................] - ETA: 0s - loss: 0.0530
 7/12 [================>.............] - ETA: 0s - loss: 0.0553
 9/12 [=====================>........] - ETA: 0s - loss: 0.0564
11/12 [==========================>...] - ETA: 0s - loss: 0.0576
12/12 [==============================] - 0s 27ms/step - loss: 0.0580
Epoch 46/300

 1/12 [=>............................] - ETA: 0s - loss: 0.0683
 3/12 [======>.......................] - ETA: 0s - loss: 0.0614
 5/12 [===========>..................] - ETA: 0s - loss: 0.0594
 7/12 [================>.............] - ETA: 0s - loss: 0.0613
 9/12 [=====================>........] - ETA: 0s - loss: 0.0613
11/12 [==========================>...] - ETA: 0s - loss: 0.0601
12/12 [==============================] - 0s 27ms/step - loss: 0.0594
Epoch 47/300

 1/12 [=>............................] - ETA: 0s - loss: 0.0604
 3/12 [======>.......................] - ETA: 0s - loss: 0.0591
 5/12 [===========>..................] - ETA: 0s - loss: 0.0609
 7/12 [================>.............] - ETA: 0s - loss: 0.0614
 9/12 [=====================>........] - ETA: 0s - loss: 0.0641
11/12 [==========================>...] - ETA: 0s - loss: 0.0659
12/12 [==============================] - 0s 28ms/step - loss: 0.0662
Epoch 48/300

 1/12 [=>............................] - ETA: 0s - loss: 0.0682
 3/12 [======>.......................] - ETA: 0s - loss: 0.0612
 5/12 [===========>..................] - ETA: 0s - loss: 0.0602
 7/12 [================>.............] - ETA: 0s - loss: 0.0583
 9/12 [=====================>........] - ETA: 0s - loss: 0.0585
12/12 [==============================] - ETA: 0s - loss: 0.0600
12/12 [==============================] - 0s 30ms/step - loss: 0.0600
Epoch 49/300

 1/12 [=>............................] - ETA: 0s - loss: 0.0656
 3/12 [======>.......................] - ETA: 0s - loss: 0.0550
 5/12 [===========>..................] - ETA: 0s - loss: 0.0573
 7/12 [================>.............] - ETA: 0s - loss: 0.0561
 9/12 [=====================>........] - ETA: 0s - loss: 0.0571
11/12 [==========================>...] - ETA: 0s - loss: 0.0562
12/12 [==============================] - 0s 29ms/step - loss: 0.0559
Epoch 50/300

 1/12 [=>............................] - ETA: 0s - loss: 0.0620
 3/12 [======>.......................] - ETA: 0s - loss: 0.0559
 5/12 [===========>..................] - ETA: 0s - loss: 0.0583
 7/12 [================>.............] - ETA: 0s - loss: 0.0586
 9/12 [=====================>........] - ETA: 0s - loss: 0.0572
11/12 [==========================>...] - ETA: 0s - loss: 0.0565
12/12 [==============================] - 0s 29ms/step - loss: 0.0571
Epoch 51/300

 1/12 [=>............................] - ETA: 0s - loss: 0.0570
 3/12 [======>.......................] - ETA: 0s - loss: 0.0585
 5/12 [===========>..................] - ETA: 0s - loss: 0.0600
 7/12 [================>.............] - ETA: 0s - loss: 0.0597
 9/12 [=====================>........] - ETA: 0s - loss: 0.0613
11/12 [==========================>...] - ETA: 0s - loss: 0.0630
12/12 [==============================] - 0s 27ms/step - loss: 0.0629
Epoch 52/300

 1/12 [=>............................] - ETA: 0s - loss: 0.0591
 3/12 [======>.......................] - ETA: 0s - loss: 0.0608
 5/12 [===========>..................] - ETA: 0s - loss: 0.0588
 7/12 [================>.............] - ETA: 0s - loss: 0.0579
 9/12 [=====================>........] - ETA: 0s - loss: 0.0580
11/12 [==========================>...] - ETA: 0s - loss: 0.0580
12/12 [==============================] - 0s 27ms/step - loss: 0.0586
Epoch 53/300

 1/12 [=>............................] - ETA: 0s - loss: 0.0622
 3/12 [======>.......................] - ETA: 0s - loss: 0.0622
 5/12 [===========>..................] - ETA: 0s - loss: 0.0605
 7/12 [================>.............] - ETA: 0s - loss: 0.0586
 9/12 [=====================>........] - ETA: 0s - loss: 0.0555
11/12 [==========================>...] - ETA: 0s - loss: 0.0555
12/12 [==============================] - 0s 27ms/step - loss: 0.0560
Epoch 54/300

 1/12 [=>............................] - ETA: 0s - loss: 0.0663
 3/12 [======>.......................] - ETA: 0s - loss: 0.0673
 5/12 [===========>..................] - ETA: 0s - loss: 0.0617
 7/12 [================>.............] - ETA: 0s - loss: 0.0593
 9/12 [=====================>........] - ETA: 0s - loss: 0.0593
11/12 [==========================>...] - ETA: 0s - loss: 0.0573
12/12 [==============================] - 0s 27ms/step - loss: 0.0581
Epoch 55/300

 1/12 [=>............................] - ETA: 0s - loss: 0.0488
 3/12 [======>.......................] - ETA: 0s - loss: 0.0531
 5/12 [===========>..................] - ETA: 0s - loss: 0.0541
 7/12 [================>.............] - ETA: 0s - loss: 0.0539
 9/12 [=====================>........] - ETA: 0s - loss: 0.0561
11/12 [==========================>...] - ETA: 0s - loss: 0.0570
12/12 [==============================] - 0s 27ms/step - loss: 0.0579
Epoch 56/300

 1/12 [=>............................] - ETA: 0s - loss: 0.0616
 3/12 [======>.......................] - ETA: 0s - loss: 0.0563
 5/12 [===========>..................] - ETA: 0s - loss: 0.0555
 7/12 [================>.............] - ETA: 0s - loss: 0.0563
 9/12 [=====================>........] - ETA: 0s - loss: 0.0554
11/12 [==========================>...] - ETA: 0s - loss: 0.0555
12/12 [==============================] - 0s 27ms/step - loss: 0.0558
Epoch 57/300

 1/12 [=>............................] - ETA: 0s - loss: 0.0839
 3/12 [======>.......................] - ETA: 0s - loss: 0.0708
 5/12 [===========>..................] - ETA: 0s - loss: 0.0613
 7/12 [================>.............] - ETA: 0s - loss: 0.0557
 9/12 [=====================>........] - ETA: 0s - loss: 0.0570
11/12 [==========================>...] - ETA: 0s - loss: 0.0565
12/12 [==============================] - 0s 27ms/step - loss: 0.0570
Epoch 58/300

 1/12 [=>............................] - ETA: 0s - loss: 0.0744
 3/12 [======>.......................] - ETA: 0s - loss: 0.0580
 5/12 [===========>..................] - ETA: 0s - loss: 0.0595
 7/12 [================>.............] - ETA: 0s - loss: 0.0566
 9/12 [=====================>........] - ETA: 0s - loss: 0.0576
11/12 [==========================>...] - ETA: 0s - loss: 0.0551
12/12 [==============================] - 0s 27ms/step - loss: 0.0548
Epoch 59/300

 1/12 [=>............................] - ETA: 0s - loss: 0.0669
 3/12 [======>.......................] - ETA: 0s - loss: 0.0522
 5/12 [===========>..................] - ETA: 0s - loss: 0.0501
 7/12 [================>.............] - ETA: 0s - loss: 0.0558
 9/12 [=====================>........] - ETA: 0s - loss: 0.0535
11/12 [==========================>...] - ETA: 0s - loss: 0.0538
12/12 [==============================] - 0s 27ms/step - loss: 0.0538
Epoch 60/300

 1/12 [=>............................] - ETA: 0s - loss: 0.0698
 3/12 [======>.......................] - ETA: 0s - loss: 0.0643
 5/12 [===========>..................] - ETA: 0s - loss: 0.0585
 7/12 [================>.............] - ETA: 0s - loss: 0.0585
 9/12 [=====================>........] - ETA: 0s - loss: 0.0572
11/12 [==========================>...] - ETA: 0s - loss: 0.0558
12/12 [==============================] - 0s 27ms/step - loss: 0.0558
Epoch 61/300

 1/12 [=>............................] - ETA: 0s - loss: 0.0483
 3/12 [======>.......................] - ETA: 0s - loss: 0.0483
 5/12 [===========>..................] - ETA: 0s - loss: 0.0540
 7/12 [================>.............] - ETA: 0s - loss: 0.0560
 9/12 [=====================>........] - ETA: 0s - loss: 0.0557
11/12 [==========================>...] - ETA: 0s - loss: 0.0567
12/12 [==============================] - 0s 26ms/step - loss: 0.0567
Epoch 62/300

 1/12 [=>............................] - ETA: 0s - loss: 0.0462
 3/12 [======>.......................] - ETA: 0s - loss: 0.0478
 5/12 [===========>..................] - ETA: 0s - loss: 0.0500
 7/12 [================>.............] - ETA: 0s - loss: 0.0501
 9/12 [=====================>........] - ETA: 0s - loss: 0.0498
11/12 [==========================>...] - ETA: 0s - loss: 0.0491
12/12 [==============================] - 0s 27ms/step - loss: 0.0491
Epoch 63/300

 1/12 [=>............................] - ETA: 0s - loss: 0.0432
 3/12 [======>.......................] - ETA: 0s - loss: 0.0494
 5/12 [===========>..................] - ETA: 0s - loss: 0.0484
 7/12 [================>.............] - ETA: 0s - loss: 0.0485
 9/12 [=====================>........] - ETA: 0s - loss: 0.0481
11/12 [==========================>...] - ETA: 0s - loss: 0.0471
12/12 [==============================] - 0s 27ms/step - loss: 0.0473
Epoch 64/300

 1/12 [=>............................] - ETA: 0s - loss: 0.0410
 3/12 [======>.......................] - ETA: 0s - loss: 0.0439
 5/12 [===========>..................] - ETA: 0s - loss: 0.0473
 7/12 [================>.............] - ETA: 0s - loss: 0.0497
 9/12 [=====================>........] - ETA: 0s - loss: 0.0498
11/12 [==========================>...] - ETA: 0s - loss: 0.0494
12/12 [==============================] - 0s 27ms/step - loss: 0.0496
Epoch 65/300

 1/12 [=>............................] - ETA: 0s - loss: 0.0555
 3/12 [======>.......................] - ETA: 0s - loss: 0.0532
 5/12 [===========>..................] - ETA: 0s - loss: 0.0537
 7/12 [================>.............] - ETA: 0s - loss: 0.0521
 9/12 [=====================>........] - ETA: 0s - loss: 0.0548
11/12 [==========================>...] - ETA: 0s - loss: 0.0552
12/12 [==============================] - 0s 27ms/step - loss: 0.0554
Epoch 66/300

 1/12 [=>............................] - ETA: 0s - loss: 0.0407
 3/12 [======>.......................] - ETA: 0s - loss: 0.0472
 5/12 [===========>..................] - ETA: 0s - loss: 0.0464
 7/12 [================>.............] - ETA: 0s - loss: 0.0481
 9/12 [=====================>........] - ETA: 0s - loss: 0.0503
11/12 [==========================>...] - ETA: 0s - loss: 0.0511
12/12 [==============================] - 0s 27ms/step - loss: 0.0525
Epoch 67/300

 1/12 [=>............................] - ETA: 0s - loss: 0.0395
 3/12 [======>.......................] - ETA: 0s - loss: 0.0464
 5/12 [===========>..................] - ETA: 0s - loss: 0.0479
 7/12 [================>.............] - ETA: 0s - loss: 0.0489
 9/12 [=====================>........] - ETA: 0s - loss: 0.0502
11/12 [==========================>...] - ETA: 0s - loss: 0.0501
12/12 [==============================] - 0s 27ms/step - loss: 0.0498
Epoch 68/300

 1/12 [=>............................] - ETA: 0s - loss: 0.0578
 3/12 [======>.......................] - ETA: 0s - loss: 0.0505
 5/12 [===========>..................] - ETA: 0s - loss: 0.0496
 7/12 [================>.............] - ETA: 0s - loss: 0.0518
 9/12 [=====================>........] - ETA: 0s - loss: 0.0515
11/12 [==========================>...] - ETA: 0s - loss: 0.0509
12/12 [==============================] - 0s 27ms/step - loss: 0.0513
Epoch 69/300

 1/12 [=>............................] - ETA: 0s - loss: 0.0513
 3/12 [======>.......................] - ETA: 0s - loss: 0.0613
 5/12 [===========>..................] - ETA: 0s - loss: 0.0590
 7/12 [================>.............] - ETA: 0s - loss: 0.0570
 9/12 [=====================>........] - ETA: 0s - loss: 0.0575
11/12 [==========================>...] - ETA: 0s - loss: 0.0567
12/12 [==============================] - 0s 27ms/step - loss: 0.0570
Epoch 70/300

 1/12 [=>............................] - ETA: 0s - loss: 0.0567
 3/12 [======>.......................] - ETA: 0s - loss: 0.0681
 5/12 [===========>..................] - ETA: 0s - loss: 0.0585
 8/12 [===================>..........] - ETA: 0s - loss: 0.0556
10/12 [========================>.....] - ETA: 0s - loss: 0.0562
12/12 [==============================] - 0s 27ms/step - loss: 0.0556
Epoch 71/300

 1/12 [=>............................] - ETA: 0s - loss: 0.0491
 3/12 [======>.......................] - ETA: 0s - loss: 0.0472
 5/12 [===========>..................] - ETA: 0s - loss: 0.0490
 7/12 [================>.............] - ETA: 0s - loss: 0.0490
 9/12 [=====================>........] - ETA: 0s - loss: 0.0491
11/12 [==========================>...] - ETA: 0s - loss: 0.0497
12/12 [==============================] - 0s 27ms/step - loss: 0.0495
Epoch 72/300

 1/12 [=>............................] - ETA: 0s - loss: 0.0513
 3/12 [======>.......................] - ETA: 0s - loss: 0.0558
 5/12 [===========>..................] - ETA: 0s - loss: 0.0558
 7/12 [================>.............] - ETA: 0s - loss: 0.0532
 9/12 [=====================>........] - ETA: 0s - loss: 0.0506
11/12 [==========================>...] - ETA: 0s - loss: 0.0528
12/12 [==============================] - 0s 28ms/step - loss: 0.0529
Epoch 73/300

 1/12 [=>............................] - ETA: 0s - loss: 0.0421
 3/12 [======>.......................] - ETA: 0s - loss: 0.0504
 5/12 [===========>..................] - ETA: 0s - loss: 0.0538
 7/12 [================>.............] - ETA: 0s - loss: 0.0548
 9/12 [=====================>........] - ETA: 0s - loss: 0.0526
11/12 [==========================>...] - ETA: 0s - loss: 0.0525
12/12 [==============================] - 0s 27ms/step - loss: 0.0531
Epoch 74/300

 1/12 [=>............................] - ETA: 0s - loss: 0.0413
 3/12 [======>.......................] - ETA: 0s - loss: 0.0500
 5/12 [===========>..................] - ETA: 0s - loss: 0.0486
 7/12 [================>.............] - ETA: 0s - loss: 0.0453
 9/12 [=====================>........] - ETA: 0s - loss: 0.0451
11/12 [==========================>...] - ETA: 0s - loss: 0.0455
12/12 [==============================] - 0s 27ms/step - loss: 0.0449
Epoch 75/300

 1/12 [=>............................] - ETA: 0s - loss: 0.0539
 3/12 [======>.......................] - ETA: 0s - loss: 0.0628
 5/12 [===========>..................] - ETA: 0s - loss: 0.0577
 7/12 [================>.............] - ETA: 0s - loss: 0.0557
 9/12 [=====================>........] - ETA: 0s - loss: 0.0562
11/12 [==========================>...] - ETA: 0s - loss: 0.0554
12/12 [==============================] - 0s 28ms/step - loss: 0.0552
Epoch 76/300

 1/12 [=>............................] - ETA: 0s - loss: 0.0489
 3/12 [======>.......................] - ETA: 0s - loss: 0.0554
 5/12 [===========>..................] - ETA: 0s - loss: 0.0576
 7/12 [================>.............] - ETA: 0s - loss: 0.0536
 9/12 [=====================>........] - ETA: 0s - loss: 0.0531
11/12 [==========================>...] - ETA: 0s - loss: 0.0525
12/12 [==============================] - 0s 27ms/step - loss: 0.0523
Epoch 77/300

 1/12 [=>............................] - ETA: 0s - loss: 0.0527
 3/12 [======>.......................] - ETA: 0s - loss: 0.0588
 5/12 [===========>..................] - ETA: 0s - loss: 0.0577
 7/12 [================>.............] - ETA: 0s - loss: 0.0549
 9/12 [=====================>........] - ETA: 0s - loss: 0.0543
11/12 [==========================>...] - ETA: 0s - loss: 0.0520
12/12 [==============================] - 0s 27ms/step - loss: 0.0527
Epoch 78/300

 1/12 [=>............................] - ETA: 0s - loss: 0.0519
 3/12 [======>.......................] - ETA: 0s - loss: 0.0425
 5/12 [===========>..................] - ETA: 0s - loss: 0.0456
 7/12 [================>.............] - ETA: 0s - loss: 0.0463
 9/12 [=====================>........] - ETA: 0s - loss: 0.0460
11/12 [==========================>...] - ETA: 0s - loss: 0.0471
12/12 [==============================] - 0s 27ms/step - loss: 0.0472
Epoch 79/300

 1/12 [=>............................] - ETA: 0s - loss: 0.0484
 3/12 [======>.......................] - ETA: 0s - loss: 0.0561
 5/12 [===========>..................] - ETA: 0s - loss: 0.0530
 7/12 [================>.............] - ETA: 0s - loss: 0.0539
 9/12 [=====================>........] - ETA: 0s - loss: 0.0533
11/12 [==========================>...] - ETA: 0s - loss: 0.0529
12/12 [==============================] - 0s 27ms/step - loss: 0.0523
Epoch 80/300

 1/12 [=>............................] - ETA: 0s - loss: 0.0537
 3/12 [======>.......................] - ETA: 0s - loss: 0.0511
 5/12 [===========>..................] - ETA: 0s - loss: 0.0563
 7/12 [================>.............] - ETA: 0s - loss: 0.0541
 9/12 [=====================>........] - ETA: 0s - loss: 0.0523
11/12 [==========================>...] - ETA: 0s - loss: 0.0525
12/12 [==============================] - 0s 27ms/step - loss: 0.0524
Epoch 81/300

 1/12 [=>............................] - ETA: 0s - loss: 0.0435
 3/12 [======>.......................] - ETA: 0s - loss: 0.0513
 5/12 [===========>..................] - ETA: 0s - loss: 0.0504
 7/12 [================>.............] - ETA: 0s - loss: 0.0490
 9/12 [=====================>........] - ETA: 0s - loss: 0.0511
11/12 [==========================>...] - ETA: 0s - loss: 0.0494
12/12 [==============================] - 0s 27ms/step - loss: 0.0501
Epoch 82/300

 1/12 [=>............................] - ETA: 0s - loss: 0.0489
 3/12 [======>.......................] - ETA: 0s - loss: 0.0442
 5/12 [===========>..................] - ETA: 0s - loss: 0.0442
 7/12 [================>.............] - ETA: 0s - loss: 0.0463
 9/12 [=====================>........] - ETA: 0s - loss: 0.0461
11/12 [==========================>...] - ETA: 0s - loss: 0.0472
12/12 [==============================] - 0s 27ms/step - loss: 0.0470
Epoch 83/300

 1/12 [=>............................] - ETA: 0s - loss: 0.0376
 3/12 [======>.......................] - ETA: 0s - loss: 0.0425
 5/12 [===========>..................] - ETA: 0s - loss: 0.0451
 7/12 [================>.............] - ETA: 0s - loss: 0.0478
 9/12 [=====================>........] - ETA: 0s - loss: 0.0473
11/12 [==========================>...] - ETA: 0s - loss: 0.0510
12/12 [==============================] - 0s 27ms/step - loss: 0.0502
Epoch 84/300

 1/12 [=>............................] - ETA: 0s - loss: 0.0485
 3/12 [======>.......................] - ETA: 0s - loss: 0.0509
 5/12 [===========>..................] - ETA: 0s - loss: 0.0509
 7/12 [================>.............] - ETA: 0s - loss: 0.0477
 9/12 [=====================>........] - ETA: 0s - loss: 0.0479
11/12 [==========================>...] - ETA: 0s - loss: 0.0476
12/12 [==============================] - 0s 27ms/step - loss: 0.0483
Epoch 85/300

 1/12 [=>............................] - ETA: 0s - loss: 0.0467
 3/12 [======>.......................] - ETA: 0s - loss: 0.0393
 5/12 [===========>..................] - ETA: 0s - loss: 0.0400
 7/12 [================>.............] - ETA: 0s - loss: 0.0427
 9/12 [=====================>........] - ETA: 0s - loss: 0.0450
11/12 [==========================>...] - ETA: 0s - loss: 0.0467
12/12 [==============================] - 0s 27ms/step - loss: 0.0466
Epoch 86/300

 1/12 [=>............................] - ETA: 0s - loss: 0.0459
 3/12 [======>.......................] - ETA: 0s - loss: 0.0482
 5/12 [===========>..................] - ETA: 0s - loss: 0.0490
 7/12 [================>.............] - ETA: 0s - loss: 0.0472
 9/12 [=====================>........] - ETA: 0s - loss: 0.0481
11/12 [==========================>...] - ETA: 0s - loss: 0.0466
12/12 [==============================] - 0s 27ms/step - loss: 0.0467
Epoch 87/300

 1/12 [=>............................] - ETA: 0s - loss: 0.0580
 3/12 [======>.......................] - ETA: 0s - loss: 0.0519
 5/12 [===========>..................] - ETA: 0s - loss: 0.0500
 7/12 [================>.............] - ETA: 0s - loss: 0.0484
 9/12 [=====================>........] - ETA: 0s - loss: 0.0490
11/12 [==========================>...] - ETA: 0s - loss: 0.0501
12/12 [==============================] - 0s 27ms/step - loss: 0.0501
Epoch 88/300

 1/12 [=>............................] - ETA: 0s - loss: 0.0444
 3/12 [======>.......................] - ETA: 0s - loss: 0.0454
 5/12 [===========>..................] - ETA: 0s - loss: 0.0492
 7/12 [================>.............] - ETA: 0s - loss: 0.0502
 9/12 [=====================>........] - ETA: 0s - loss: 0.0526
11/12 [==========================>...] - ETA: 0s - loss: 0.0518
12/12 [==============================] - 0s 27ms/step - loss: 0.0511
Epoch 89/300

 1/12 [=>............................] - ETA: 0s - loss: 0.0539
 3/12 [======>.......................] - ETA: 0s - loss: 0.0486
 5/12 [===========>..................] - ETA: 0s - loss: 0.0472
 7/12 [================>.............] - ETA: 0s - loss: 0.0467
 9/12 [=====================>........] - ETA: 0s - loss: 0.0485
11/12 [==========================>...] - ETA: 0s - loss: 0.0490
12/12 [==============================] - 0s 27ms/step - loss: 0.0487
Epoch 90/300

 1/12 [=>............................] - ETA: 0s - loss: 0.0469
 3/12 [======>.......................] - ETA: 0s - loss: 0.0477
 5/12 [===========>..................] - ETA: 0s - loss: 0.0498
 7/12 [================>.............] - ETA: 0s - loss: 0.0496
 9/12 [=====================>........] - ETA: 0s - loss: 0.0514
11/12 [==========================>...] - ETA: 0s - loss: 0.0509
12/12 [==============================] - 0s 27ms/step - loss: 0.0509
Epoch 91/300

 1/12 [=>............................] - ETA: 0s - loss: 0.0442
 3/12 [======>.......................] - ETA: 0s - loss: 0.0447
 5/12 [===========>..................] - ETA: 0s - loss: 0.0477
 7/12 [================>.............] - ETA: 0s - loss: 0.0478
 9/12 [=====================>........] - ETA: 0s - loss: 0.0485
11/12 [==========================>...] - ETA: 0s - loss: 0.0487
12/12 [==============================] - 0s 27ms/step - loss: 0.0485
Epoch 92/300

 1/12 [=>............................] - ETA: 0s - loss: 0.0434
 3/12 [======>.......................] - ETA: 0s - loss: 0.0526
 5/12 [===========>..................] - ETA: 0s - loss: 0.0489
 7/12 [================>.............] - ETA: 0s - loss: 0.0504
 9/12 [=====================>........] - ETA: 0s - loss: 0.0510
11/12 [==========================>...] - ETA: 0s - loss: 0.0498
12/12 [==============================] - 0s 27ms/step - loss: 0.0492
Epoch 93/300

 1/12 [=>............................] - ETA: 0s - loss: 0.0476
 3/12 [======>.......................] - ETA: 0s - loss: 0.0442
 5/12 [===========>..................] - ETA: 0s - loss: 0.0478
 7/12 [================>.............] - ETA: 0s - loss: 0.0499
 9/12 [=====================>........] - ETA: 0s - loss: 0.0492
11/12 [==========================>...] - ETA: 0s - loss: 0.0506
12/12 [==============================] - 0s 27ms/step - loss: 0.0513
Epoch 94/300

 1/12 [=>............................] - ETA: 0s - loss: 0.0445
 3/12 [======>.......................] - ETA: 0s - loss: 0.0515
 5/12 [===========>..................] - ETA: 0s - loss: 0.0532
 7/12 [================>.............] - ETA: 0s - loss: 0.0494
 9/12 [=====================>........] - ETA: 0s - loss: 0.0489
11/12 [==========================>...] - ETA: 0s - loss: 0.0472
12/12 [==============================] - 0s 27ms/step - loss: 0.0467
Epoch 94: early stopping

 1/12 [=>............................] - ETA: 5s
 9/12 [=====================>........] - ETA: 0s
12/12 [==============================] - 1s 7ms/step
  params for conformer: lr=0.0001, batch_size=64
[Conformer] Fold 3/3 学習開始
Epoch 1/300

 1/12 [=>............................] - ETA: 54s - loss: 0.2611
 3/12 [======>.......................] - ETA: 0s - loss: 0.2860 
 5/12 [===========>..................] - ETA: 0s - loss: 0.2729
 7/12 [================>.............] - ETA: 0s - loss: 0.2491
 9/12 [=====================>........] - ETA: 0s - loss: 0.2295
11/12 [==========================>...] - ETA: 0s - loss: 0.2145
12/12 [==============================] - 5s 27ms/step - loss: 0.2110
Epoch 2/300

 1/12 [=>............................] - ETA: 0s - loss: 0.1046
 3/12 [======>.......................] - ETA: 0s - loss: 0.1209
 5/12 [===========>..................] - ETA: 0s - loss: 0.1251
 7/12 [================>.............] - ETA: 0s - loss: 0.1263
 9/12 [=====================>........] - ETA: 0s - loss: 0.1236
11/12 [==========================>...] - ETA: 0s - loss: 0.1262
12/12 [==============================] - 0s 27ms/step - loss: 0.1276
Epoch 3/300

 1/12 [=>............................] - ETA: 0s - loss: 0.1189
 3/12 [======>.......................] - ETA: 0s - loss: 0.1061
 5/12 [===========>..................] - ETA: 0s - loss: 0.1025
 7/12 [================>.............] - ETA: 0s - loss: 0.1011
 9/12 [=====================>........] - ETA: 0s - loss: 0.0994
11/12 [==========================>...] - ETA: 0s - loss: 0.0999
12/12 [==============================] - 0s 26ms/step - loss: 0.0991
Epoch 4/300

 1/12 [=>............................] - ETA: 0s - loss: 0.0792
 3/12 [======>.......................] - ETA: 0s - loss: 0.0874
 5/12 [===========>..................] - ETA: 0s - loss: 0.0964
 7/12 [================>.............] - ETA: 0s - loss: 0.0908
 9/12 [=====================>........] - ETA: 0s - loss: 0.0908
11/12 [==========================>...] - ETA: 0s - loss: 0.0945
12/12 [==============================] - 0s 29ms/step - loss: 0.0954
Epoch 5/300

 1/12 [=>............................] - ETA: 0s - loss: 0.0924
 3/12 [======>.......................] - ETA: 0s - loss: 0.0933
 5/12 [===========>..................] - ETA: 0s - loss: 0.0879
 7/12 [================>.............] - ETA: 0s - loss: 0.0869
 9/12 [=====================>........] - ETA: 0s - loss: 0.0854
11/12 [==========================>...] - ETA: 0s - loss: 0.0847
12/12 [==============================] - 0s 29ms/step - loss: 0.0846
Epoch 6/300

 1/12 [=>............................] - ETA: 0s - loss: 0.0683
 3/12 [======>.......................] - ETA: 0s - loss: 0.0726
 5/12 [===========>..................] - ETA: 0s - loss: 0.0759
 7/12 [================>.............] - ETA: 0s - loss: 0.0837
 9/12 [=====================>........] - ETA: 0s - loss: 0.0845
11/12 [==========================>...] - ETA: 0s - loss: 0.0816
12/12 [==============================] - 0s 27ms/step - loss: 0.0808
Epoch 7/300

 1/12 [=>............................] - ETA: 0s - loss: 0.0741
 3/12 [======>.......................] - ETA: 0s - loss: 0.0691
 5/12 [===========>..................] - ETA: 0s - loss: 0.0672
 7/12 [================>.............] - ETA: 0s - loss: 0.0657
 9/12 [=====================>........] - ETA: 0s - loss: 0.0690
11/12 [==========================>...] - ETA: 0s - loss: 0.0717
12/12 [==============================] - 0s 27ms/step - loss: 0.0726
Epoch 8/300

 1/12 [=>............................] - ETA: 0s - loss: 0.0722
 3/12 [======>.......................] - ETA: 0s - loss: 0.0716
 5/12 [===========>..................] - ETA: 0s - loss: 0.0768
 7/12 [================>.............] - ETA: 0s - loss: 0.0783
 9/12 [=====================>........] - ETA: 0s - loss: 0.0744
11/12 [==========================>...] - ETA: 0s - loss: 0.0719
12/12 [==============================] - 0s 27ms/step - loss: 0.0710
Epoch 9/300

 1/12 [=>............................] - ETA: 0s - loss: 0.0697
 3/12 [======>.......................] - ETA: 0s - loss: 0.0716
 5/12 [===========>..................] - ETA: 0s - loss: 0.0699
 7/12 [================>.............] - ETA: 0s - loss: 0.0704
 9/12 [=====================>........] - ETA: 0s - loss: 0.0705
11/12 [==========================>...] - ETA: 0s - loss: 0.0755
12/12 [==============================] - 0s 27ms/step - loss: 0.0756
Epoch 10/300

 1/12 [=>............................] - ETA: 0s - loss: 0.0764
 3/12 [======>.......................] - ETA: 0s - loss: 0.0773
 5/12 [===========>..................] - ETA: 0s - loss: 0.0723
 7/12 [================>.............] - ETA: 0s - loss: 0.0719
 9/12 [=====================>........] - ETA: 0s - loss: 0.0699
11/12 [==========================>...] - ETA: 0s - loss: 0.0706
12/12 [==============================] - 0s 27ms/step - loss: 0.0710
Epoch 11/300

 1/12 [=>............................] - ETA: 0s - loss: 0.0451
 3/12 [======>.......................] - ETA: 0s - loss: 0.0537
 5/12 [===========>..................] - ETA: 0s - loss: 0.0599
 7/12 [================>.............] - ETA: 0s - loss: 0.0619
 9/12 [=====================>........] - ETA: 0s - loss: 0.0616
11/12 [==========================>...] - ETA: 0s - loss: 0.0642
12/12 [==============================] - 0s 27ms/step - loss: 0.0654
Epoch 12/300

 1/12 [=>............................] - ETA: 0s - loss: 0.0702
 3/12 [======>.......................] - ETA: 0s - loss: 0.0778
 5/12 [===========>..................] - ETA: 0s - loss: 0.0709
 7/12 [================>.............] - ETA: 0s - loss: 0.0689
 9/12 [=====================>........] - ETA: 0s - loss: 0.0678
11/12 [==========================>...] - ETA: 0s - loss: 0.0711
12/12 [==============================] - 0s 27ms/step - loss: 0.0711
Epoch 13/300

 1/12 [=>............................] - ETA: 0s - loss: 0.0608
 3/12 [======>.......................] - ETA: 0s - loss: 0.0664
 5/12 [===========>..................] - ETA: 0s - loss: 0.0769
 7/12 [================>.............] - ETA: 0s - loss: 0.0740
 9/12 [=====================>........] - ETA: 0s - loss: 0.0720
11/12 [==========================>...] - ETA: 0s - loss: 0.0698
12/12 [==============================] - 0s 27ms/step - loss: 0.0696
Epoch 14/300

 1/12 [=>............................] - ETA: 0s - loss: 0.0651
 3/12 [======>.......................] - ETA: 0s - loss: 0.0620
 5/12 [===========>..................] - ETA: 0s - loss: 0.0615
 7/12 [================>.............] - ETA: 0s - loss: 0.0658
 9/12 [=====================>........] - ETA: 0s - loss: 0.0660
11/12 [==========================>...] - ETA: 0s - loss: 0.0660
12/12 [==============================] - 0s 27ms/step - loss: 0.0652
Epoch 15/300

 1/12 [=>............................] - ETA: 0s - loss: 0.0457
 3/12 [======>.......................] - ETA: 0s - loss: 0.0704
 5/12 [===========>..................] - ETA: 0s - loss: 0.0755
 7/12 [================>.............] - ETA: 0s - loss: 0.0717
 9/12 [=====================>........] - ETA: 0s - loss: 0.0714
11/12 [==========================>...] - ETA: 0s - loss: 0.0693
12/12 [==============================] - 0s 27ms/step - loss: 0.0693
Epoch 16/300

 1/12 [=>............................] - ETA: 0s - loss: 0.0670
 3/12 [======>.......................] - ETA: 0s - loss: 0.0715
 5/12 [===========>..................] - ETA: 0s - loss: 0.0688
 7/12 [================>.............] - ETA: 0s - loss: 0.0679
 9/12 [=====================>........] - ETA: 0s - loss: 0.0667
11/12 [==========================>...] - ETA: 0s - loss: 0.0652
12/12 [==============================] - 0s 27ms/step - loss: 0.0655
Epoch 17/300

 1/12 [=>............................] - ETA: 0s - loss: 0.0662
 3/12 [======>.......................] - ETA: 0s - loss: 0.0706
 5/12 [===========>..................] - ETA: 0s - loss: 0.0674
 7/12 [================>.............] - ETA: 0s - loss: 0.0674
 9/12 [=====================>........] - ETA: 0s - loss: 0.0653
11/12 [==========================>...] - ETA: 0s - loss: 0.0661
12/12 [==============================] - 0s 27ms/step - loss: 0.0658
Epoch 18/300

 1/12 [=>............................] - ETA: 0s - loss: 0.0717
 3/12 [======>.......................] - ETA: 0s - loss: 0.0775
 5/12 [===========>..................] - ETA: 0s - loss: 0.0705
 7/12 [================>.............] - ETA: 0s - loss: 0.0671
 9/12 [=====================>........] - ETA: 0s - loss: 0.0668
11/12 [==========================>...] - ETA: 0s - loss: 0.0656
12/12 [==============================] - 0s 28ms/step - loss: 0.0655
Epoch 19/300

 1/12 [=>............................] - ETA: 0s - loss: 0.0674
 3/12 [======>.......................] - ETA: 0s - loss: 0.0581
 5/12 [===========>..................] - ETA: 0s - loss: 0.0661
 7/12 [================>.............] - ETA: 0s - loss: 0.0676
 9/12 [=====================>........] - ETA: 0s - loss: 0.0687
11/12 [==========================>...] - ETA: 0s - loss: 0.0697
12/12 [==============================] - 0s 27ms/step - loss: 0.0695
Epoch 20/300

 1/12 [=>............................] - ETA: 0s - loss: 0.0620
 3/12 [======>.......................] - ETA: 0s - loss: 0.0624
 5/12 [===========>..................] - ETA: 0s - loss: 0.0585
 7/12 [================>.............] - ETA: 0s - loss: 0.0602
 9/12 [=====================>........] - ETA: 0s - loss: 0.0600
11/12 [==========================>...] - ETA: 0s - loss: 0.0615
12/12 [==============================] - 0s 27ms/step - loss: 0.0608
Epoch 21/300

 1/12 [=>............................] - ETA: 0s - loss: 0.0538
 3/12 [======>.......................] - ETA: 0s - loss: 0.0571
 5/12 [===========>..................] - ETA: 0s - loss: 0.0600
 7/12 [================>.............] - ETA: 0s - loss: 0.0599
 9/12 [=====================>........] - ETA: 0s - loss: 0.0608
11/12 [==========================>...] - ETA: 0s - loss: 0.0605
12/12 [==============================] - 0s 27ms/step - loss: 0.0603
Epoch 22/300

 1/12 [=>............................] - ETA: 0s - loss: 0.0760
 3/12 [======>.......................] - ETA: 0s - loss: 0.0706
 5/12 [===========>..................] - ETA: 0s - loss: 0.0678
 7/12 [================>.............] - ETA: 0s - loss: 0.0679
 9/12 [=====================>........] - ETA: 0s - loss: 0.0656
11/12 [==========================>...] - ETA: 0s - loss: 0.0643
12/12 [==============================] - 0s 27ms/step - loss: 0.0643
Epoch 23/300

 1/12 [=>............................] - ETA: 0s - loss: 0.0465
 3/12 [======>.......................] - ETA: 0s - loss: 0.0531
 5/12 [===========>..................] - ETA: 0s - loss: 0.0583
 7/12 [================>.............] - ETA: 0s - loss: 0.0602
 9/12 [=====================>........] - ETA: 0s - loss: 0.0606
11/12 [==========================>...] - ETA: 0s - loss: 0.0611
12/12 [==============================] - 0s 27ms/step - loss: 0.0604
Epoch 24/300

 1/12 [=>............................] - ETA: 0s - loss: 0.0589
 3/12 [======>.......................] - ETA: 0s - loss: 0.0633
 5/12 [===========>..................] - ETA: 0s - loss: 0.0629
 7/12 [================>.............] - ETA: 0s - loss: 0.0670
 9/12 [=====================>........] - ETA: 0s - loss: 0.0663
11/12 [==========================>...] - ETA: 0s - loss: 0.0628
12/12 [==============================] - 0s 27ms/step - loss: 0.0627
Epoch 25/300

 1/12 [=>............................] - ETA: 0s - loss: 0.0646
 3/12 [======>.......................] - ETA: 0s - loss: 0.0514
 5/12 [===========>..................] - ETA: 0s - loss: 0.0589
 7/12 [================>.............] - ETA: 0s - loss: 0.0598
 9/12 [=====================>........] - ETA: 0s - loss: 0.0628
11/12 [==========================>...] - ETA: 0s - loss: 0.0625
12/12 [==============================] - 0s 27ms/step - loss: 0.0619
Epoch 26/300

 1/12 [=>............................] - ETA: 0s - loss: 0.0661
 3/12 [======>.......................] - ETA: 0s - loss: 0.0635
 5/12 [===========>..................] - ETA: 0s - loss: 0.0628
 7/12 [================>.............] - ETA: 0s - loss: 0.0666
 9/12 [=====================>........] - ETA: 0s - loss: 0.0651
11/12 [==========================>...] - ETA: 0s - loss: 0.0653
12/12 [==============================] - 0s 27ms/step - loss: 0.0651
Epoch 27/300

 1/12 [=>............................] - ETA: 0s - loss: 0.0607
 3/12 [======>.......................] - ETA: 0s - loss: 0.0673
 5/12 [===========>..................] - ETA: 0s - loss: 0.0623
 7/12 [================>.............] - ETA: 0s - loss: 0.0640
 9/12 [=====================>........] - ETA: 0s - loss: 0.0636
11/12 [==========================>...] - ETA: 0s - loss: 0.0618
12/12 [==============================] - 0s 27ms/step - loss: 0.0615
Epoch 28/300

 1/12 [=>............................] - ETA: 0s - loss: 0.0651
 3/12 [======>.......................] - ETA: 0s - loss: 0.0634
 5/12 [===========>..................] - ETA: 0s - loss: 0.0644
 7/12 [================>.............] - ETA: 0s - loss: 0.0643
 9/12 [=====================>........] - ETA: 0s - loss: 0.0668
11/12 [==========================>...] - ETA: 0s - loss: 0.0665
12/12 [==============================] - 0s 27ms/step - loss: 0.0659
Epoch 29/300

 1/12 [=>............................] - ETA: 0s - loss: 0.0452
 3/12 [======>.......................] - ETA: 0s - loss: 0.0629
 5/12 [===========>..................] - ETA: 0s - loss: 0.0639
 7/12 [================>.............] - ETA: 0s - loss: 0.0639
 9/12 [=====================>........] - ETA: 0s - loss: 0.0610
11/12 [==========================>...] - ETA: 0s - loss: 0.0591
12/12 [==============================] - 0s 27ms/step - loss: 0.0601
Epoch 30/300

 1/12 [=>............................] - ETA: 0s - loss: 0.0619
 3/12 [======>.......................] - ETA: 0s - loss: 0.0535
 5/12 [===========>..................] - ETA: 0s - loss: 0.0546
 7/12 [================>.............] - ETA: 0s - loss: 0.0570
 9/12 [=====================>........] - ETA: 0s - loss: 0.0593
11/12 [==========================>...] - ETA: 0s - loss: 0.0594
12/12 [==============================] - 0s 27ms/step - loss: 0.0594
Epoch 31/300

 1/12 [=>............................] - ETA: 0s - loss: 0.0681
 3/12 [======>.......................] - ETA: 0s - loss: 0.0585
 5/12 [===========>..................] - ETA: 0s - loss: 0.0605
 7/12 [================>.............] - ETA: 0s - loss: 0.0573
 9/12 [=====================>........] - ETA: 0s - loss: 0.0570
11/12 [==========================>...] - ETA: 0s - loss: 0.0567
12/12 [==============================] - 0s 28ms/step - loss: 0.0568
Epoch 32/300

 1/12 [=>............................] - ETA: 0s - loss: 0.0608
 3/12 [======>.......................] - ETA: 0s - loss: 0.0589
 5/12 [===========>..................] - ETA: 0s - loss: 0.0563
 7/12 [================>.............] - ETA: 0s - loss: 0.0572
 9/12 [=====================>........] - ETA: 0s - loss: 0.0559
11/12 [==========================>...] - ETA: 0s - loss: 0.0573
12/12 [==============================] - 0s 28ms/step - loss: 0.0569
Epoch 33/300

 1/12 [=>............................] - ETA: 0s - loss: 0.0721
 3/12 [======>.......................] - ETA: 0s - loss: 0.0585
 5/12 [===========>..................] - ETA: 0s - loss: 0.0579
 7/12 [================>.............] - ETA: 0s - loss: 0.0560
 9/12 [=====================>........] - ETA: 0s - loss: 0.0572
11/12 [==========================>...] - ETA: 0s - loss: 0.0594
12/12 [==============================] - 0s 28ms/step - loss: 0.0591
Epoch 34/300

 1/12 [=>............................] - ETA: 0s - loss: 0.0553
 3/12 [======>.......................] - ETA: 0s - loss: 0.0548
 5/12 [===========>..................] - ETA: 0s - loss: 0.0562
 7/12 [================>.............] - ETA: 0s - loss: 0.0592
 9/12 [=====================>........] - ETA: 0s - loss: 0.0651
11/12 [==========================>...] - ETA: 0s - loss: 0.0644
12/12 [==============================] - 0s 28ms/step - loss: 0.0647
Epoch 35/300

 1/12 [=>............................] - ETA: 0s - loss: 0.0621
 3/12 [======>.......................] - ETA: 0s - loss: 0.0584
 5/12 [===========>..................] - ETA: 0s - loss: 0.0643
 7/12 [================>.............] - ETA: 0s - loss: 0.0647
 9/12 [=====================>........] - ETA: 0s - loss: 0.0653
11/12 [==========================>...] - ETA: 0s - loss: 0.0638
12/12 [==============================] - 0s 28ms/step - loss: 0.0637
Epoch 36/300

 1/12 [=>............................] - ETA: 0s - loss: 0.0672
 3/12 [======>.......................] - ETA: 0s - loss: 0.0648
 5/12 [===========>..................] - ETA: 0s - loss: 0.0650
 7/12 [================>.............] - ETA: 0s - loss: 0.0616
 9/12 [=====================>........] - ETA: 0s - loss: 0.0611
11/12 [==========================>...] - ETA: 0s - loss: 0.0615
12/12 [==============================] - 0s 27ms/step - loss: 0.0607
Epoch 37/300

 1/12 [=>............................] - ETA: 0s - loss: 0.0519
 3/12 [======>.......................] - ETA: 0s - loss: 0.0486
 5/12 [===========>..................] - ETA: 0s - loss: 0.0511
 7/12 [================>.............] - ETA: 0s - loss: 0.0509
 9/12 [=====================>........] - ETA: 0s - loss: 0.0546
11/12 [==========================>...] - ETA: 0s - loss: 0.0560
12/12 [==============================] - 0s 27ms/step - loss: 0.0559
Epoch 38/300

 1/12 [=>............................] - ETA: 0s - loss: 0.0533
 3/12 [======>.......................] - ETA: 0s - loss: 0.0600
 5/12 [===========>..................] - ETA: 0s - loss: 0.0560
 7/12 [================>.............] - ETA: 0s - loss: 0.0565
 9/12 [=====================>........] - ETA: 0s - loss: 0.0554
11/12 [==========================>...] - ETA: 0s - loss: 0.0542
12/12 [==============================] - 0s 27ms/step - loss: 0.0544
Epoch 39/300

 1/12 [=>............................] - ETA: 0s - loss: 0.0464
 3/12 [======>.......................] - ETA: 0s - loss: 0.0494
 5/12 [===========>..................] - ETA: 0s - loss: 0.0484
 7/12 [================>.............] - ETA: 0s - loss: 0.0487
 9/12 [=====================>........] - ETA: 0s - loss: 0.0492
11/12 [==========================>...] - ETA: 0s - loss: 0.0516
12/12 [==============================] - 0s 27ms/step - loss: 0.0511
Epoch 40/300

 1/12 [=>............................] - ETA: 0s - loss: 0.0620
 3/12 [======>.......................] - ETA: 0s - loss: 0.0584
 5/12 [===========>..................] - ETA: 0s - loss: 0.0598
 7/12 [================>.............] - ETA: 0s - loss: 0.0598
 9/12 [=====================>........] - ETA: 0s - loss: 0.0582
11/12 [==========================>...] - ETA: 0s - loss: 0.0561
12/12 [==============================] - 0s 27ms/step - loss: 0.0561
Epoch 41/300

 1/12 [=>............................] - ETA: 0s - loss: 0.0572
 3/12 [======>.......................] - ETA: 0s - loss: 0.0591
 5/12 [===========>..................] - ETA: 0s - loss: 0.0539
 7/12 [================>.............] - ETA: 0s - loss: 0.0553
 9/12 [=====================>........] - ETA: 0s - loss: 0.0562
11/12 [==========================>...] - ETA: 0s - loss: 0.0564
12/12 [==============================] - 0s 27ms/step - loss: 0.0563
Epoch 42/300

 1/12 [=>............................] - ETA: 0s - loss: 0.0577
 3/12 [======>.......................] - ETA: 0s - loss: 0.0525
 5/12 [===========>..................] - ETA: 0s - loss: 0.0490
 7/12 [================>.............] - ETA: 0s - loss: 0.0500
 9/12 [=====================>........] - ETA: 0s - loss: 0.0495
11/12 [==========================>...] - ETA: 0s - loss: 0.0498
12/12 [==============================] - 0s 27ms/step - loss: 0.0497
Epoch 43/300

 1/12 [=>............................] - ETA: 0s - loss: 0.0357
 3/12 [======>.......................] - ETA: 0s - loss: 0.0518
 5/12 [===========>..................] - ETA: 0s - loss: 0.0519
 7/12 [================>.............] - ETA: 0s - loss: 0.0523
 9/12 [=====================>........] - ETA: 0s - loss: 0.0517
11/12 [==========================>...] - ETA: 0s - loss: 0.0516
12/12 [==============================] - 0s 27ms/step - loss: 0.0511
Epoch 44/300

 1/12 [=>............................] - ETA: 0s - loss: 0.0462
 3/12 [======>.......................] - ETA: 0s - loss: 0.0468
 5/12 [===========>..................] - ETA: 0s - loss: 0.0507
 7/12 [================>.............] - ETA: 0s - loss: 0.0505
 9/12 [=====================>........] - ETA: 0s - loss: 0.0524
11/12 [==========================>...] - ETA: 0s - loss: 0.0524
12/12 [==============================] - 0s 27ms/step - loss: 0.0523
Epoch 45/300

 1/12 [=>............................] - ETA: 0s - loss: 0.0448
 3/12 [======>.......................] - ETA: 0s - loss: 0.0437
 5/12 [===========>..................] - ETA: 0s - loss: 0.0505
 7/12 [================>.............] - ETA: 0s - loss: 0.0530
 9/12 [=====================>........] - ETA: 0s - loss: 0.0548
11/12 [==========================>...] - ETA: 0s - loss: 0.0540
12/12 [==============================] - 0s 27ms/step - loss: 0.0545
Epoch 46/300

 1/12 [=>............................] - ETA: 0s - loss: 0.0495
 3/12 [======>.......................] - ETA: 0s - loss: 0.0497
 5/12 [===========>..................] - ETA: 0s - loss: 0.0527
 7/12 [================>.............] - ETA: 0s - loss: 0.0540
 9/12 [=====================>........] - ETA: 0s - loss: 0.0536
11/12 [==========================>...] - ETA: 0s - loss: 0.0533
12/12 [==============================] - 0s 27ms/step - loss: 0.0527
Epoch 47/300

 1/12 [=>............................] - ETA: 0s - loss: 0.0525
 3/12 [======>.......................] - ETA: 0s - loss: 0.0601
 5/12 [===========>..................] - ETA: 0s - loss: 0.0570
 7/12 [================>.............] - ETA: 0s - loss: 0.0572
 9/12 [=====================>........] - ETA: 0s - loss: 0.0574
11/12 [==========================>...] - ETA: 0s - loss: 0.0554
12/12 [==============================] - 0s 27ms/step - loss: 0.0548
Epoch 48/300

 1/12 [=>............................] - ETA: 0s - loss: 0.0427
 3/12 [======>.......................] - ETA: 0s - loss: 0.0472
 5/12 [===========>..................] - ETA: 0s - loss: 0.0464
 7/12 [================>.............] - ETA: 0s - loss: 0.0484
 9/12 [=====================>........] - ETA: 0s - loss: 0.0498
11/12 [==========================>...] - ETA: 0s - loss: 0.0498
12/12 [==============================] - 0s 27ms/step - loss: 0.0501
Epoch 49/300

 1/12 [=>............................] - ETA: 0s - loss: 0.0557
 3/12 [======>.......................] - ETA: 0s - loss: 0.0534
 5/12 [===========>..................] - ETA: 0s - loss: 0.0568
 7/12 [================>.............] - ETA: 0s - loss: 0.0563
 9/12 [=====================>........] - ETA: 0s - loss: 0.0560
11/12 [==========================>...] - ETA: 0s - loss: 0.0568
12/12 [==============================] - 0s 27ms/step - loss: 0.0564
Epoch 50/300

 1/12 [=>............................] - ETA: 0s - loss: 0.0558
 3/12 [======>.......................] - ETA: 0s - loss: 0.0611
 5/12 [===========>..................] - ETA: 0s - loss: 0.0598
 7/12 [================>.............] - ETA: 0s - loss: 0.0580
 9/12 [=====================>........] - ETA: 0s - loss: 0.0552
11/12 [==========================>...] - ETA: 0s - loss: 0.0542
12/12 [==============================] - 0s 27ms/step - loss: 0.0541
Epoch 51/300

 1/12 [=>............................] - ETA: 0s - loss: 0.0428
 3/12 [======>.......................] - ETA: 0s - loss: 0.0535
 5/12 [===========>..................] - ETA: 0s - loss: 0.0527
 7/12 [================>.............] - ETA: 0s - loss: 0.0521
 9/12 [=====================>........] - ETA: 0s - loss: 0.0527
11/12 [==========================>...] - ETA: 0s - loss: 0.0522
12/12 [==============================] - 0s 27ms/step - loss: 0.0525
Epoch 52/300

 1/12 [=>............................] - ETA: 0s - loss: 0.0526
 3/12 [======>.......................] - ETA: 0s - loss: 0.0504
 5/12 [===========>..................] - ETA: 0s - loss: 0.0526
 7/12 [================>.............] - ETA: 0s - loss: 0.0535
 9/12 [=====================>........] - ETA: 0s - loss: 0.0538
11/12 [==========================>...] - ETA: 0s - loss: 0.0555
12/12 [==============================] - 0s 27ms/step - loss: 0.0552
Epoch 53/300

 1/12 [=>............................] - ETA: 0s - loss: 0.0496
 3/12 [======>.......................] - ETA: 0s - loss: 0.0518
 5/12 [===========>..................] - ETA: 0s - loss: 0.0500
 7/12 [================>.............] - ETA: 0s - loss: 0.0518
 9/12 [=====================>........] - ETA: 0s - loss: 0.0516
11/12 [==========================>...] - ETA: 0s - loss: 0.0547
12/12 [==============================] - 0s 27ms/step - loss: 0.0555
Epoch 54/300

 1/12 [=>............................] - ETA: 0s - loss: 0.0400
 3/12 [======>.......................] - ETA: 0s - loss: 0.0528
 5/12 [===========>..................] - ETA: 0s - loss: 0.0502
 7/12 [================>.............] - ETA: 0s - loss: 0.0488
 9/12 [=====================>........] - ETA: 0s - loss: 0.0463
11/12 [==========================>...] - ETA: 0s - loss: 0.0482
12/12 [==============================] - 0s 27ms/step - loss: 0.0483
Epoch 55/300

 1/12 [=>............................] - ETA: 0s - loss: 0.0441
 3/12 [======>.......................] - ETA: 0s - loss: 0.0485
 5/12 [===========>..................] - ETA: 0s - loss: 0.0502
 7/12 [================>.............] - ETA: 0s - loss: 0.0505
 9/12 [=====================>........] - ETA: 0s - loss: 0.0492
11/12 [==========================>...] - ETA: 0s - loss: 0.0505
12/12 [==============================] - 0s 27ms/step - loss: 0.0517
Epoch 56/300

 1/12 [=>............................] - ETA: 0s - loss: 0.0453
 3/12 [======>.......................] - ETA: 0s - loss: 0.0498
 5/12 [===========>..................] - ETA: 0s - loss: 0.0473
 8/12 [===================>..........] - ETA: 0s - loss: 0.0466
10/12 [========================>.....] - ETA: 0s - loss: 0.0469
12/12 [==============================] - 0s 27ms/step - loss: 0.0480
Epoch 57/300

 1/12 [=>............................] - ETA: 0s - loss: 0.0622
 3/12 [======>.......................] - ETA: 0s - loss: 0.0586
 5/12 [===========>..................] - ETA: 0s - loss: 0.0549
 7/12 [================>.............] - ETA: 0s - loss: 0.0549
 9/12 [=====================>........] - ETA: 0s - loss: 0.0539
11/12 [==========================>...] - ETA: 0s - loss: 0.0555
12/12 [==============================] - 0s 27ms/step - loss: 0.0559
Epoch 58/300

 1/12 [=>............................] - ETA: 0s - loss: 0.0539
 3/12 [======>.......................] - ETA: 0s - loss: 0.0527
 5/12 [===========>..................] - ETA: 0s - loss: 0.0520
 7/12 [================>.............] - ETA: 0s - loss: 0.0491
 9/12 [=====================>........] - ETA: 0s - loss: 0.0485
11/12 [==========================>...] - ETA: 0s - loss: 0.0511
12/12 [==============================] - 0s 27ms/step - loss: 0.0511
Epoch 59/300

 1/12 [=>............................] - ETA: 0s - loss: 0.0476
 3/12 [======>.......................] - ETA: 0s - loss: 0.0423
 5/12 [===========>..................] - ETA: 0s - loss: 0.0457
 7/12 [================>.............] - ETA: 0s - loss: 0.0454
 9/12 [=====================>........] - ETA: 0s - loss: 0.0515
11/12 [==========================>...] - ETA: 0s - loss: 0.0517
12/12 [==============================] - 0s 27ms/step - loss: 0.0522
Epoch 60/300

 1/12 [=>............................] - ETA: 0s - loss: 0.0435
 3/12 [======>.......................] - ETA: 0s - loss: 0.0399
 5/12 [===========>..................] - ETA: 0s - loss: 0.0436
 7/12 [================>.............] - ETA: 0s - loss: 0.0434
 9/12 [=====================>........] - ETA: 0s - loss: 0.0443
11/12 [==========================>...] - ETA: 0s - loss: 0.0446
12/12 [==============================] - 0s 27ms/step - loss: 0.0451
Epoch 61/300

 1/12 [=>............................] - ETA: 0s - loss: 0.0453
 3/12 [======>.......................] - ETA: 0s - loss: 0.0496
 5/12 [===========>..................] - ETA: 0s - loss: 0.0535
 7/12 [================>.............] - ETA: 0s - loss: 0.0513
 9/12 [=====================>........] - ETA: 0s - loss: 0.0528
11/12 [==========================>...] - ETA: 0s - loss: 0.0504
12/12 [==============================] - 0s 26ms/step - loss: 0.0504
Epoch 62/300

 1/12 [=>............................] - ETA: 0s - loss: 0.0452
 3/12 [======>.......................] - ETA: 0s - loss: 0.0511
 5/12 [===========>..................] - ETA: 0s - loss: 0.0548
 7/12 [================>.............] - ETA: 0s - loss: 0.0523
 9/12 [=====================>........] - ETA: 0s - loss: 0.0530
11/12 [==========================>...] - ETA: 0s - loss: 0.0522
12/12 [==============================] - 0s 27ms/step - loss: 0.0524
Epoch 63/300

 1/12 [=>............................] - ETA: 0s - loss: 0.0577
 3/12 [======>.......................] - ETA: 0s - loss: 0.0499
 5/12 [===========>..................] - ETA: 0s - loss: 0.0503
 7/12 [================>.............] - ETA: 0s - loss: 0.0514
 9/12 [=====================>........] - ETA: 0s - loss: 0.0518
11/12 [==========================>...] - ETA: 0s - loss: 0.0543
12/12 [==============================] - 0s 27ms/step - loss: 0.0543
Epoch 64/300

 1/12 [=>............................] - ETA: 0s - loss: 0.0483
 3/12 [======>.......................] - ETA: 0s - loss: 0.0464
 5/12 [===========>..................] - ETA: 0s - loss: 0.0441
 7/12 [================>.............] - ETA: 0s - loss: 0.0465
 9/12 [=====================>........] - ETA: 0s - loss: 0.0494
11/12 [==========================>...] - ETA: 0s - loss: 0.0509
12/12 [==============================] - 0s 27ms/step - loss: 0.0506
Epoch 65/300

 1/12 [=>............................] - ETA: 0s - loss: 0.0880
 3/12 [======>.......................] - ETA: 0s - loss: 0.0592
 5/12 [===========>..................] - ETA: 0s - loss: 0.0585
 7/12 [================>.............] - ETA: 0s - loss: 0.0570
 9/12 [=====================>........] - ETA: 0s - loss: 0.0550
11/12 [==========================>...] - ETA: 0s - loss: 0.0548
12/12 [==============================] - 0s 27ms/step - loss: 0.0545
Epoch 66/300

 1/12 [=>............................] - ETA: 0s - loss: 0.0357
 3/12 [======>.......................] - ETA: 0s - loss: 0.0399
 5/12 [===========>..................] - ETA: 0s - loss: 0.0415
 7/12 [================>.............] - ETA: 0s - loss: 0.0399
 9/12 [=====================>........] - ETA: 0s - loss: 0.0419
11/12 [==========================>...] - ETA: 0s - loss: 0.0430
12/12 [==============================] - 0s 27ms/step - loss: 0.0431
Epoch 67/300

 1/12 [=>............................] - ETA: 0s - loss: 0.0427
 3/12 [======>.......................] - ETA: 0s - loss: 0.0436
 5/12 [===========>..................] - ETA: 0s - loss: 0.0469
 7/12 [================>.............] - ETA: 0s - loss: 0.0478
 9/12 [=====================>........] - ETA: 0s - loss: 0.0478
11/12 [==========================>...] - ETA: 0s - loss: 0.0472
12/12 [==============================] - 0s 27ms/step - loss: 0.0473
Epoch 68/300

 1/12 [=>............................] - ETA: 0s - loss: 0.0549
 3/12 [======>.......................] - ETA: 0s - loss: 0.0593
 5/12 [===========>..................] - ETA: 0s - loss: 0.0559
 7/12 [================>.............] - ETA: 0s - loss: 0.0559
 9/12 [=====================>........] - ETA: 0s - loss: 0.0545
11/12 [==========================>...] - ETA: 0s - loss: 0.0539
12/12 [==============================] - 0s 27ms/step - loss: 0.0545
Epoch 69/300

 1/12 [=>............................] - ETA: 0s - loss: 0.0413
 3/12 [======>.......................] - ETA: 0s - loss: 0.0418
 5/12 [===========>..................] - ETA: 0s - loss: 0.0416
 7/12 [================>.............] - ETA: 0s - loss: 0.0445
 9/12 [=====================>........] - ETA: 0s - loss: 0.0468
11/12 [==========================>...] - ETA: 0s - loss: 0.0473
12/12 [==============================] - 0s 27ms/step - loss: 0.0475
Epoch 70/300

 1/12 [=>............................] - ETA: 0s - loss: 0.0413
 3/12 [======>.......................] - ETA: 0s - loss: 0.0417
 5/12 [===========>..................] - ETA: 0s - loss: 0.0441
 7/12 [================>.............] - ETA: 0s - loss: 0.0439
 9/12 [=====================>........] - ETA: 0s - loss: 0.0447
11/12 [==========================>...] - ETA: 0s - loss: 0.0448
12/12 [==============================] - 0s 27ms/step - loss: 0.0445
Epoch 71/300

 1/12 [=>............................] - ETA: 0s - loss: 0.0634
 3/12 [======>.......................] - ETA: 0s - loss: 0.0541
 5/12 [===========>..................] - ETA: 0s - loss: 0.0545
 7/12 [================>.............] - ETA: 0s - loss: 0.0529
 9/12 [=====================>........] - ETA: 0s - loss: 0.0511
11/12 [==========================>...] - ETA: 0s - loss: 0.0497
12/12 [==============================] - 0s 27ms/step - loss: 0.0499
Epoch 72/300

 1/12 [=>............................] - ETA: 0s - loss: 0.0513
 3/12 [======>.......................] - ETA: 0s - loss: 0.0466
 5/12 [===========>..................] - ETA: 0s - loss: 0.0537
 7/12 [================>.............] - ETA: 0s - loss: 0.0533
 9/12 [=====================>........] - ETA: 0s - loss: 0.0541
11/12 [==========================>...] - ETA: 0s - loss: 0.0503
12/12 [==============================] - 0s 26ms/step - loss: 0.0497
Epoch 73/300

 1/12 [=>............................] - ETA: 0s - loss: 0.0504
 3/12 [======>.......................] - ETA: 0s - loss: 0.0518
 5/12 [===========>..................] - ETA: 0s - loss: 0.0480
 7/12 [================>.............] - ETA: 0s - loss: 0.0472
 9/12 [=====================>........] - ETA: 0s - loss: 0.0457
11/12 [==========================>...] - ETA: 0s - loss: 0.0478
12/12 [==============================] - 0s 27ms/step - loss: 0.0475
Epoch 74/300

 1/12 [=>............................] - ETA: 0s - loss: 0.0563
 3/12 [======>.......................] - ETA: 0s - loss: 0.0486
 5/12 [===========>..................] - ETA: 0s - loss: 0.0470
 7/12 [================>.............] - ETA: 0s - loss: 0.0457
 9/12 [=====================>........] - ETA: 0s - loss: 0.0461
11/12 [==========================>...] - ETA: 0s - loss: 0.0467
12/12 [==============================] - 0s 27ms/step - loss: 0.0467
Epoch 75/300

 1/12 [=>............................] - ETA: 0s - loss: 0.0448
 3/12 [======>.......................] - ETA: 0s - loss: 0.0483
 5/12 [===========>..................] - ETA: 0s - loss: 0.0480
 7/12 [================>.............] - ETA: 0s - loss: 0.0490
 9/12 [=====================>........] - ETA: 0s - loss: 0.0525
11/12 [==========================>...] - ETA: 0s - loss: 0.0511
12/12 [==============================] - 0s 27ms/step - loss: 0.0507
Epoch 76/300

 1/12 [=>............................] - ETA: 0s - loss: 0.0411
 3/12 [======>.......................] - ETA: 0s - loss: 0.0462
 5/12 [===========>..................] - ETA: 0s - loss: 0.0489
 7/12 [================>.............] - ETA: 0s - loss: 0.0490
 9/12 [=====================>........] - ETA: 0s - loss: 0.0501
11/12 [==========================>...] - ETA: 0s - loss: 0.0514
12/12 [==============================] - 0s 27ms/step - loss: 0.0515
Epoch 77/300

 1/12 [=>............................] - ETA: 0s - loss: 0.0504
 3/12 [======>.......................] - ETA: 0s - loss: 0.0543
 5/12 [===========>..................] - ETA: 0s - loss: 0.0512
 7/12 [================>.............] - ETA: 0s - loss: 0.0489
 9/12 [=====================>........] - ETA: 0s - loss: 0.0463
11/12 [==========================>...] - ETA: 0s - loss: 0.0472
12/12 [==============================] - 0s 27ms/step - loss: 0.0472
Epoch 78/300

 1/12 [=>............................] - ETA: 0s - loss: 0.0357
 3/12 [======>.......................] - ETA: 0s - loss: 0.0423
 5/12 [===========>..................] - ETA: 0s - loss: 0.0477
 7/12 [================>.............] - ETA: 0s - loss: 0.0447
 9/12 [=====================>........] - ETA: 0s - loss: 0.0454
11/12 [==========================>...] - ETA: 0s - loss: 0.0483
12/12 [==============================] - 0s 27ms/step - loss: 0.0483
Epoch 79/300

 1/12 [=>............................] - ETA: 0s - loss: 0.0567
 3/12 [======>.......................] - ETA: 0s - loss: 0.0466
 5/12 [===========>..................] - ETA: 0s - loss: 0.0428
 7/12 [================>.............] - ETA: 0s - loss: 0.0453
 9/12 [=====================>........] - ETA: 0s - loss: 0.0451
11/12 [==========================>...] - ETA: 0s - loss: 0.0457
12/12 [==============================] - 0s 27ms/step - loss: 0.0455
Epoch 80/300

 1/12 [=>............................] - ETA: 0s - loss: 0.0301
 3/12 [======>.......................] - ETA: 0s - loss: 0.0443
 6/12 [==============>...............] - ETA: 0s - loss: 0.0462
 8/12 [===================>..........] - ETA: 0s - loss: 0.0457
10/12 [========================>.....] - ETA: 0s - loss: 0.0452
12/12 [==============================] - 0s 27ms/step - loss: 0.0457
Epoch 81/300

 1/12 [=>............................] - ETA: 0s - loss: 0.0423
 3/12 [======>.......................] - ETA: 0s - loss: 0.0476
 5/12 [===========>..................] - ETA: 0s - loss: 0.0487
 7/12 [================>.............] - ETA: 0s - loss: 0.0466
 9/12 [=====================>........] - ETA: 0s - loss: 0.0457
11/12 [==========================>...] - ETA: 0s - loss: 0.0465
12/12 [==============================] - 0s 28ms/step - loss: 0.0478
Epoch 82/300

 1/12 [=>............................] - ETA: 0s - loss: 0.0491
 3/12 [======>.......................] - ETA: 0s - loss: 0.0425
 5/12 [===========>..................] - ETA: 0s - loss: 0.0429
 7/12 [================>.............] - ETA: 0s - loss: 0.0429
 9/12 [=====================>........] - ETA: 0s - loss: 0.0429
11/12 [==========================>...] - ETA: 0s - loss: 0.0431
12/12 [==============================] - 0s 28ms/step - loss: 0.0429
Epoch 83/300

 1/12 [=>............................] - ETA: 0s - loss: 0.0383
 3/12 [======>.......................] - ETA: 0s - loss: 0.0539
 5/12 [===========>..................] - ETA: 0s - loss: 0.0499
 7/12 [================>.............] - ETA: 0s - loss: 0.0476
 9/12 [=====================>........] - ETA: 0s - loss: 0.0464
11/12 [==========================>...] - ETA: 0s - loss: 0.0467
12/12 [==============================] - 0s 28ms/step - loss: 0.0463
Epoch 84/300

 1/12 [=>............................] - ETA: 0s - loss: 0.0641
 3/12 [======>.......................] - ETA: 0s - loss: 0.0503
 5/12 [===========>..................] - ETA: 0s - loss: 0.0461
 7/12 [================>.............] - ETA: 0s - loss: 0.0427
 9/12 [=====================>........] - ETA: 0s - loss: 0.0421
11/12 [==========================>...] - ETA: 0s - loss: 0.0425
12/12 [==============================] - 0s 28ms/step - loss: 0.0426
Epoch 85/300

 1/12 [=>............................] - ETA: 0s - loss: 0.0666
 3/12 [======>.......................] - ETA: 0s - loss: 0.0527
 5/12 [===========>..................] - ETA: 0s - loss: 0.0510
 7/12 [================>.............] - ETA: 0s - loss: 0.0493
 9/12 [=====================>........] - ETA: 0s - loss: 0.0467
11/12 [==========================>...] - ETA: 0s - loss: 0.0474
12/12 [==============================] - 0s 27ms/step - loss: 0.0474
Epoch 86/300

 1/12 [=>............................] - ETA: 0s - loss: 0.0446
 3/12 [======>.......................] - ETA: 0s - loss: 0.0482
 5/12 [===========>..................] - ETA: 0s - loss: 0.0534
 7/12 [================>.............] - ETA: 0s - loss: 0.0511
 9/12 [=====================>........] - ETA: 0s - loss: 0.0515
11/12 [==========================>...] - ETA: 0s - loss: 0.0522
12/12 [==============================] - 0s 27ms/step - loss: 0.0518
Epoch 87/300

 1/12 [=>............................] - ETA: 0s - loss: 0.0403
 3/12 [======>.......................] - ETA: 0s - loss: 0.0434
 5/12 [===========>..................] - ETA: 0s - loss: 0.0447
 7/12 [================>.............] - ETA: 0s - loss: 0.0469
 9/12 [=====================>........] - ETA: 0s - loss: 0.0480
11/12 [==========================>...] - ETA: 0s - loss: 0.0469
12/12 [==============================] - 0s 27ms/step - loss: 0.0469
Epoch 88/300

 1/12 [=>............................] - ETA: 0s - loss: 0.0461
 3/12 [======>.......................] - ETA: 0s - loss: 0.0424
 5/12 [===========>..................] - ETA: 0s - loss: 0.0476
 7/12 [================>.............] - ETA: 0s - loss: 0.0487
 9/12 [=====================>........] - ETA: 0s - loss: 0.0474
11/12 [==========================>...] - ETA: 0s - loss: 0.0467
12/12 [==============================] - 0s 27ms/step - loss: 0.0474
Epoch 89/300

 1/12 [=>............................] - ETA: 0s - loss: 0.0615
 3/12 [======>.......................] - ETA: 0s - loss: 0.0497
 5/12 [===========>..................] - ETA: 0s - loss: 0.0449
 7/12 [================>.............] - ETA: 0s - loss: 0.0419
 9/12 [=====================>........] - ETA: 0s - loss: 0.0453
11/12 [==========================>...] - ETA: 0s - loss: 0.0461
12/12 [==============================] - 0s 27ms/step - loss: 0.0461
Epoch 90/300

 1/12 [=>............................] - ETA: 0s - loss: 0.0332
 3/12 [======>.......................] - ETA: 0s - loss: 0.0386
 5/12 [===========>..................] - ETA: 0s - loss: 0.0430
 7/12 [================>.............] - ETA: 0s - loss: 0.0438
 9/12 [=====================>........] - ETA: 0s - loss: 0.0442
11/12 [==========================>...] - ETA: 0s - loss: 0.0450
12/12 [==============================] - 0s 27ms/step - loss: 0.0453
Epoch 91/300

 1/12 [=>............................] - ETA: 0s - loss: 0.0363
 3/12 [======>.......................] - ETA: 0s - loss: 0.0432
 5/12 [===========>..................] - ETA: 0s - loss: 0.0438
 7/12 [================>.............] - ETA: 0s - loss: 0.0424
 9/12 [=====================>........] - ETA: 0s - loss: 0.0414
11/12 [==========================>...] - ETA: 0s - loss: 0.0418
12/12 [==============================] - 0s 27ms/step - loss: 0.0417
Epoch 92/300

 1/12 [=>............................] - ETA: 0s - loss: 0.0486
 3/12 [======>.......................] - ETA: 0s - loss: 0.0499
 5/12 [===========>..................] - ETA: 0s - loss: 0.0472
 7/12 [================>.............] - ETA: 0s - loss: 0.0462
 9/12 [=====================>........] - ETA: 0s - loss: 0.0452
11/12 [==========================>...] - ETA: 0s - loss: 0.0445
12/12 [==============================] - 0s 27ms/step - loss: 0.0444
Epoch 93/300

 1/12 [=>............................] - ETA: 0s - loss: 0.0374
 3/12 [======>.......................] - ETA: 0s - loss: 0.0464
 5/12 [===========>..................] - ETA: 0s - loss: 0.0525
 7/12 [================>.............] - ETA: 0s - loss: 0.0514
 9/12 [=====================>........] - ETA: 0s - loss: 0.0501
11/12 [==========================>...] - ETA: 0s - loss: 0.0503
12/12 [==============================] - 0s 27ms/step - loss: 0.0500
Epoch 94/300

 1/12 [=>............................] - ETA: 0s - loss: 0.0315
 3/12 [======>.......................] - ETA: 0s - loss: 0.0399
 5/12 [===========>..................] - ETA: 0s - loss: 0.0421
 7/12 [================>.............] - ETA: 0s - loss: 0.0409
 9/12 [=====================>........] - ETA: 0s - loss: 0.0401
11/12 [==========================>...] - ETA: 0s - loss: 0.0431
12/12 [==============================] - 0s 26ms/step - loss: 0.0429
Epoch 95/300

 1/12 [=>............................] - ETA: 0s - loss: 0.0420
 3/12 [======>.......................] - ETA: 0s - loss: 0.0368
 5/12 [===========>..................] - ETA: 0s - loss: 0.0418
 7/12 [================>.............] - ETA: 0s - loss: 0.0429
 9/12 [=====================>........] - ETA: 0s - loss: 0.0415
11/12 [==========================>...] - ETA: 0s - loss: 0.0426
12/12 [==============================] - 0s 27ms/step - loss: 0.0424
Epoch 96/300

 1/12 [=>............................] - ETA: 0s - loss: 0.0425
 3/12 [======>.......................] - ETA: 0s - loss: 0.0438
 5/12 [===========>..................] - ETA: 0s - loss: 0.0418
 7/12 [================>.............] - ETA: 0s - loss: 0.0422
 9/12 [=====================>........] - ETA: 0s - loss: 0.0434
11/12 [==========================>...] - ETA: 0s - loss: 0.0427
12/12 [==============================] - 0s 27ms/step - loss: 0.0424
Epoch 97/300

 1/12 [=>............................] - ETA: 0s - loss: 0.0399
 3/12 [======>.......................] - ETA: 0s - loss: 0.0415
 5/12 [===========>..................] - ETA: 0s - loss: 0.0459
 7/12 [================>.............] - ETA: 0s - loss: 0.0469
 9/12 [=====================>........] - ETA: 0s - loss: 0.0450
11/12 [==========================>...] - ETA: 0s - loss: 0.0458
12/12 [==============================] - 0s 27ms/step - loss: 0.0460
Epoch 98/300

 1/12 [=>............................] - ETA: 0s - loss: 0.0429
 3/12 [======>.......................] - ETA: 0s - loss: 0.0429
 5/12 [===========>..................] - ETA: 0s - loss: 0.0434
 7/12 [================>.............] - ETA: 0s - loss: 0.0437
 9/12 [=====================>........] - ETA: 0s - loss: 0.0428
11/12 [==========================>...] - ETA: 0s - loss: 0.0427
12/12 [==============================] - 0s 27ms/step - loss: 0.0430
Epoch 99/300

 1/12 [=>............................] - ETA: 0s - loss: 0.0325
 3/12 [======>.......................] - ETA: 0s - loss: 0.0376
 5/12 [===========>..................] - ETA: 0s - loss: 0.0439
 7/12 [================>.............] - ETA: 0s - loss: 0.0441
 9/12 [=====================>........] - ETA: 0s - loss: 0.0447
11/12 [==========================>...] - ETA: 0s - loss: 0.0436
12/12 [==============================] - 0s 28ms/step - loss: 0.0432
Epoch 100/300

 1/12 [=>............................] - ETA: 0s - loss: 0.0389
 3/12 [======>.......................] - ETA: 0s - loss: 0.0432
 5/12 [===========>..................] - ETA: 0s - loss: 0.0462
 7/12 [================>.............] - ETA: 0s - loss: 0.0427
 9/12 [=====================>........] - ETA: 0s - loss: 0.0455
11/12 [==========================>...] - ETA: 0s - loss: 0.0468
12/12 [==============================] - 0s 26ms/step - loss: 0.0469
Epoch 101/300

 1/12 [=>............................] - ETA: 0s - loss: 0.0317
 3/12 [======>.......................] - ETA: 0s - loss: 0.0454
 5/12 [===========>..................] - ETA: 0s - loss: 0.0407
 7/12 [================>.............] - ETA: 0s - loss: 0.0415
 9/12 [=====================>........] - ETA: 0s - loss: 0.0420
11/12 [==========================>...] - ETA: 0s - loss: 0.0432
12/12 [==============================] - 0s 27ms/step - loss: 0.0432
Epoch 102/300

 1/12 [=>............................] - ETA: 0s - loss: 0.0597
 3/12 [======>.......................] - ETA: 0s - loss: 0.0494
 5/12 [===========>..................] - ETA: 0s - loss: 0.0444
 7/12 [================>.............] - ETA: 0s - loss: 0.0440
 9/12 [=====================>........] - ETA: 0s - loss: 0.0463
11/12 [==========================>...] - ETA: 0s - loss: 0.0458
12/12 [==============================] - 0s 27ms/step - loss: 0.0459
Epoch 103/300

 1/12 [=>............................] - ETA: 0s - loss: 0.0464
 3/12 [======>.......................] - ETA: 0s - loss: 0.0487
 5/12 [===========>..................] - ETA: 0s - loss: 0.0483
 7/12 [================>.............] - ETA: 0s - loss: 0.0498
 9/12 [=====================>........] - ETA: 0s - loss: 0.0477
11/12 [==========================>...] - ETA: 0s - loss: 0.0481
12/12 [==============================] - 0s 27ms/step - loss: 0.0476
Epoch 104/300

 1/12 [=>............................] - ETA: 0s - loss: 0.0419
 3/12 [======>.......................] - ETA: 0s - loss: 0.0441
 5/12 [===========>..................] - ETA: 0s - loss: 0.0454
 7/12 [================>.............] - ETA: 0s - loss: 0.0456
 9/12 [=====================>........] - ETA: 0s - loss: 0.0443
11/12 [==========================>...] - ETA: 0s - loss: 0.0444
12/12 [==============================] - 0s 27ms/step - loss: 0.0441
Epoch 105/300

 1/12 [=>............................] - ETA: 0s - loss: 0.0340
 3/12 [======>.......................] - ETA: 0s - loss: 0.0388
 5/12 [===========>..................] - ETA: 0s - loss: 0.0424
 7/12 [================>.............] - ETA: 0s - loss: 0.0419
 9/12 [=====================>........] - ETA: 0s - loss: 0.0414
11/12 [==========================>...] - ETA: 0s - loss: 0.0409
12/12 [==============================] - 0s 27ms/step - loss: 0.0409
Epoch 106/300

 1/12 [=>............................] - ETA: 0s - loss: 0.0408
 3/12 [======>.......................] - ETA: 0s - loss: 0.0393
 5/12 [===========>..................] - ETA: 0s - loss: 0.0415
 7/12 [================>.............] - ETA: 0s - loss: 0.0416
 9/12 [=====================>........] - ETA: 0s - loss: 0.0420
12/12 [==============================] - ETA: 0s - loss: 0.0421
12/12 [==============================] - 0s 27ms/step - loss: 0.0421
Epoch 107/300

 1/12 [=>............................] - ETA: 0s - loss: 0.0345
 3/12 [======>.......................] - ETA: 0s - loss: 0.0349
 5/12 [===========>..................] - ETA: 0s - loss: 0.0373
 7/12 [================>.............] - ETA: 0s - loss: 0.0379
 9/12 [=====================>........] - ETA: 0s - loss: 0.0391
11/12 [==========================>...] - ETA: 0s - loss: 0.0392
12/12 [==============================] - 0s 26ms/step - loss: 0.0391
Epoch 108/300

 1/12 [=>............................] - ETA: 0s - loss: 0.0414
 3/12 [======>.......................] - ETA: 0s - loss: 0.0406
 5/12 [===========>..................] - ETA: 0s - loss: 0.0416
 7/12 [================>.............] - ETA: 0s - loss: 0.0411
 9/12 [=====================>........] - ETA: 0s - loss: 0.0399
11/12 [==========================>...] - ETA: 0s - loss: 0.0399
12/12 [==============================] - 0s 27ms/step - loss: 0.0402
Epoch 109/300

 1/12 [=>............................] - ETA: 0s - loss: 0.0441
 3/12 [======>.......................] - ETA: 0s - loss: 0.0456
 5/12 [===========>..................] - ETA: 0s - loss: 0.0451
 7/12 [================>.............] - ETA: 0s - loss: 0.0435
 9/12 [=====================>........] - ETA: 0s - loss: 0.0441
11/12 [==========================>...] - ETA: 0s - loss: 0.0421
12/12 [==============================] - 0s 26ms/step - loss: 0.0419
Epoch 110/300

 1/12 [=>............................] - ETA: 0s - loss: 0.0433
 3/12 [======>.......................] - ETA: 0s - loss: 0.0515
 5/12 [===========>..................] - ETA: 0s - loss: 0.0484
 7/12 [================>.............] - ETA: 0s - loss: 0.0476
 9/12 [=====================>........] - ETA: 0s - loss: 0.0461
11/12 [==========================>...] - ETA: 0s - loss: 0.0454
12/12 [==============================] - 0s 27ms/step - loss: 0.0458
Epoch 111/300

 1/12 [=>............................] - ETA: 0s - loss: 0.0380
 3/12 [======>.......................] - ETA: 0s - loss: 0.0395
 5/12 [===========>..................] - ETA: 0s - loss: 0.0369
 7/12 [================>.............] - ETA: 0s - loss: 0.0381
 9/12 [=====================>........] - ETA: 0s - loss: 0.0373
11/12 [==========================>...] - ETA: 0s - loss: 0.0396
12/12 [==============================] - 0s 26ms/step - loss: 0.0396
Epoch 112/300

 1/12 [=>............................] - ETA: 0s - loss: 0.0393
 3/12 [======>.......................] - ETA: 0s - loss: 0.0415
 5/12 [===========>..................] - ETA: 0s - loss: 0.0446
 7/12 [================>.............] - ETA: 0s - loss: 0.0449
 9/12 [=====================>........] - ETA: 0s - loss: 0.0449
11/12 [==========================>...] - ETA: 0s - loss: 0.0438
12/12 [==============================] - 0s 27ms/step - loss: 0.0434
Epoch 113/300

 1/12 [=>............................] - ETA: 0s - loss: 0.0408
 3/12 [======>.......................] - ETA: 0s - loss: 0.0386
 5/12 [===========>..................] - ETA: 0s - loss: 0.0431
 7/12 [================>.............] - ETA: 0s - loss: 0.0434
 9/12 [=====================>........] - ETA: 0s - loss: 0.0459
11/12 [==========================>...] - ETA: 0s - loss: 0.0441
12/12 [==============================] - 0s 26ms/step - loss: 0.0438
Epoch 114/300

 1/12 [=>............................] - ETA: 0s - loss: 0.0342
 3/12 [======>.......................] - ETA: 0s - loss: 0.0413
 5/12 [===========>..................] - ETA: 0s - loss: 0.0424
 7/12 [================>.............] - ETA: 0s - loss: 0.0409
 9/12 [=====================>........] - ETA: 0s - loss: 0.0406
11/12 [==========================>...] - ETA: 0s - loss: 0.0415
12/12 [==============================] - 0s 27ms/step - loss: 0.0413
Epoch 115/300

 1/12 [=>............................] - ETA: 0s - loss: 0.0383
 3/12 [======>.......................] - ETA: 0s - loss: 0.0407
 5/12 [===========>..................] - ETA: 0s - loss: 0.0402
 7/12 [================>.............] - ETA: 0s - loss: 0.0383
 9/12 [=====================>........] - ETA: 0s - loss: 0.0396
11/12 [==========================>...] - ETA: 0s - loss: 0.0381
12/12 [==============================] - 0s 27ms/step - loss: 0.0388
Epoch 116/300

 1/12 [=>............................] - ETA: 0s - loss: 0.0467
 3/12 [======>.......................] - ETA: 0s - loss: 0.0453
 5/12 [===========>..................] - ETA: 0s - loss: 0.0411
 7/12 [================>.............] - ETA: 0s - loss: 0.0380
 9/12 [=====================>........] - ETA: 0s - loss: 0.0392
11/12 [==========================>...] - ETA: 0s - loss: 0.0401
12/12 [==============================] - 0s 27ms/step - loss: 0.0405
Epoch 117/300

 1/12 [=>............................] - ETA: 0s - loss: 0.0432
 3/12 [======>.......................] - ETA: 0s - loss: 0.0395
 5/12 [===========>..................] - ETA: 0s - loss: 0.0430
 7/12 [================>.............] - ETA: 0s - loss: 0.0452
 9/12 [=====================>........] - ETA: 0s - loss: 0.0429
11/12 [==========================>...] - ETA: 0s - loss: 0.0422
12/12 [==============================] - 0s 26ms/step - loss: 0.0421
Epoch 118/300

 1/12 [=>............................] - ETA: 0s - loss: 0.0338
 3/12 [======>.......................] - ETA: 0s - loss: 0.0427
 5/12 [===========>..................] - ETA: 0s - loss: 0.0393
 7/12 [================>.............] - ETA: 0s - loss: 0.0412
 9/12 [=====================>........] - ETA: 0s - loss: 0.0410
11/12 [==========================>...] - ETA: 0s - loss: 0.0414
12/12 [==============================] - 0s 27ms/step - loss: 0.0412
Epoch 119/300

 1/12 [=>............................] - ETA: 0s - loss: 0.0398
 3/12 [======>.......................] - ETA: 0s - loss: 0.0448
 5/12 [===========>..................] - ETA: 0s - loss: 0.0470
 8/12 [===================>..........] - ETA: 0s - loss: 0.0460
10/12 [========================>.....] - ETA: 0s - loss: 0.0449
12/12 [==============================] - 0s 27ms/step - loss: 0.0445
Epoch 120/300

 1/12 [=>............................] - ETA: 0s - loss: 0.0382
 3/12 [======>.......................] - ETA: 0s - loss: 0.0364
 5/12 [===========>..................] - ETA: 0s - loss: 0.0355
 7/12 [================>.............] - ETA: 0s - loss: 0.0374
 9/12 [=====================>........] - ETA: 0s - loss: 0.0372
11/12 [==========================>...] - ETA: 0s - loss: 0.0394
12/12 [==============================] - 0s 27ms/step - loss: 0.0394
Epoch 121/300

 1/12 [=>............................] - ETA: 0s - loss: 0.0407
 3/12 [======>.......................] - ETA: 0s - loss: 0.0393
 5/12 [===========>..................] - ETA: 0s - loss: 0.0428
 7/12 [================>.............] - ETA: 0s - loss: 0.0422
 9/12 [=====================>........] - ETA: 0s - loss: 0.0426
11/12 [==========================>...] - ETA: 0s - loss: 0.0438
12/12 [==============================] - 0s 27ms/step - loss: 0.0436
Epoch 122/300

 1/12 [=>............................] - ETA: 0s - loss: 0.0344
 3/12 [======>.......................] - ETA: 0s - loss: 0.0413
 5/12 [===========>..................] - ETA: 0s - loss: 0.0396
 7/12 [================>.............] - ETA: 0s - loss: 0.0416
 9/12 [=====================>........] - ETA: 0s - loss: 0.0430
11/12 [==========================>...] - ETA: 0s - loss: 0.0423
12/12 [==============================] - 0s 27ms/step - loss: 0.0422
Epoch 123/300

 1/12 [=>............................] - ETA: 0s - loss: 0.0364
 3/12 [======>.......................] - ETA: 0s - loss: 0.0423
 5/12 [===========>..................] - ETA: 0s - loss: 0.0409
 7/12 [================>.............] - ETA: 0s - loss: 0.0407
 9/12 [=====================>........] - ETA: 0s - loss: 0.0402
11/12 [==========================>...] - ETA: 0s - loss: 0.0398
12/12 [==============================] - 0s 27ms/step - loss: 0.0401
Epoch 124/300

 1/12 [=>............................] - ETA: 0s - loss: 0.0497
 3/12 [======>.......................] - ETA: 0s - loss: 0.0421
 5/12 [===========>..................] - ETA: 0s - loss: 0.0438
 7/12 [================>.............] - ETA: 0s - loss: 0.0455
 9/12 [=====================>........] - ETA: 0s - loss: 0.0441
11/12 [==========================>...] - ETA: 0s - loss: 0.0451
12/12 [==============================] - 0s 27ms/step - loss: 0.0452
Epoch 125/300

 1/12 [=>............................] - ETA: 0s - loss: 0.0467
 3/12 [======>.......................] - ETA: 0s - loss: 0.0433
 5/12 [===========>..................] - ETA: 0s - loss: 0.0401
 7/12 [================>.............] - ETA: 0s - loss: 0.0402
 9/12 [=====================>........] - ETA: 0s - loss: 0.0388
11/12 [==========================>...] - ETA: 0s - loss: 0.0400
12/12 [==============================] - 0s 27ms/step - loss: 0.0403
Epoch 126/300

 1/12 [=>............................] - ETA: 0s - loss: 0.0403
 3/12 [======>.......................] - ETA: 0s - loss: 0.0423
 5/12 [===========>..................] - ETA: 0s - loss: 0.0405
 7/12 [================>.............] - ETA: 0s - loss: 0.0386
 9/12 [=====================>........] - ETA: 0s - loss: 0.0377
11/12 [==========================>...] - ETA: 0s - loss: 0.0384
12/12 [==============================] - 0s 27ms/step - loss: 0.0384
Epoch 127/300

 1/12 [=>............................] - ETA: 0s - loss: 0.0527
 3/12 [======>.......................] - ETA: 0s - loss: 0.0471
 5/12 [===========>..................] - ETA: 0s - loss: 0.0458
 7/12 [================>.............] - ETA: 0s - loss: 0.0439
 9/12 [=====================>........] - ETA: 0s - loss: 0.0413
11/12 [==========================>...] - ETA: 0s - loss: 0.0411
12/12 [==============================] - 0s 27ms/step - loss: 0.0408
Epoch 128/300

 1/12 [=>............................] - ETA: 0s - loss: 0.0279
 3/12 [======>.......................] - ETA: 0s - loss: 0.0358
 5/12 [===========>..................] - ETA: 0s - loss: 0.0360
 7/12 [================>.............] - ETA: 0s - loss: 0.0360
 9/12 [=====================>........] - ETA: 0s - loss: 0.0358
11/12 [==========================>...] - ETA: 0s - loss: 0.0372
12/12 [==============================] - 0s 27ms/step - loss: 0.0372
Epoch 129/300

 1/12 [=>............................] - ETA: 0s - loss: 0.0383
 3/12 [======>.......................] - ETA: 0s - loss: 0.0418
 5/12 [===========>..................] - ETA: 0s - loss: 0.0394
 7/12 [================>.............] - ETA: 0s - loss: 0.0390
 9/12 [=====================>........] - ETA: 0s - loss: 0.0402
11/12 [==========================>...] - ETA: 0s - loss: 0.0404
12/12 [==============================] - 0s 27ms/step - loss: 0.0408
Epoch 130/300

 1/12 [=>............................] - ETA: 0s - loss: 0.0571
 3/12 [======>.......................] - ETA: 0s - loss: 0.0437
 5/12 [===========>..................] - ETA: 0s - loss: 0.0436
 7/12 [================>.............] - ETA: 0s - loss: 0.0430
 9/12 [=====================>........] - ETA: 0s - loss: 0.0426
11/12 [==========================>...] - ETA: 0s - loss: 0.0419
12/12 [==============================] - 0s 27ms/step - loss: 0.0416
Epoch 131/300

 1/12 [=>............................] - ETA: 0s - loss: 0.0343
 3/12 [======>.......................] - ETA: 0s - loss: 0.0394
 5/12 [===========>..................] - ETA: 0s - loss: 0.0399
 7/12 [================>.............] - ETA: 0s - loss: 0.0411
 9/12 [=====================>........] - ETA: 0s - loss: 0.0409
11/12 [==========================>...] - ETA: 0s - loss: 0.0413
12/12 [==============================] - 0s 27ms/step - loss: 0.0410
Epoch 132/300

 1/12 [=>............................] - ETA: 0s - loss: 0.0376
 3/12 [======>.......................] - ETA: 0s - loss: 0.0399
 5/12 [===========>..................] - ETA: 0s - loss: 0.0389
 7/12 [================>.............] - ETA: 0s - loss: 0.0396
 9/12 [=====================>........] - ETA: 0s - loss: 0.0407
11/12 [==========================>...] - ETA: 0s - loss: 0.0401
12/12 [==============================] - 0s 28ms/step - loss: 0.0408
Epoch 133/300

 1/12 [=>............................] - ETA: 0s - loss: 0.0445
 3/12 [======>.......................] - ETA: 0s - loss: 0.0396
 5/12 [===========>..................] - ETA: 0s - loss: 0.0436
 7/12 [================>.............] - ETA: 0s - loss: 0.0423
 9/12 [=====================>........] - ETA: 0s - loss: 0.0400
11/12 [==========================>...] - ETA: 0s - loss: 0.0406
12/12 [==============================] - 0s 29ms/step - loss: 0.0407
Epoch 134/300

 1/12 [=>............................] - ETA: 0s - loss: 0.0516
 3/12 [======>.......................] - ETA: 0s - loss: 0.0429
 5/12 [===========>..................] - ETA: 0s - loss: 0.0397
 7/12 [================>.............] - ETA: 0s - loss: 0.0410
 9/12 [=====================>........] - ETA: 0s - loss: 0.0414
11/12 [==========================>...] - ETA: 0s - loss: 0.0416
12/12 [==============================] - 0s 27ms/step - loss: 0.0415
Epoch 135/300

 1/12 [=>............................] - ETA: 0s - loss: 0.0446
 3/12 [======>.......................] - ETA: 0s - loss: 0.0433
 5/12 [===========>..................] - ETA: 0s - loss: 0.0430
 7/12 [================>.............] - ETA: 0s - loss: 0.0427
 9/12 [=====================>........] - ETA: 0s - loss: 0.0437
11/12 [==========================>...] - ETA: 0s - loss: 0.0434
12/12 [==============================] - 0s 27ms/step - loss: 0.0435
Epoch 136/300

 1/12 [=>............................] - ETA: 0s - loss: 0.0177
 3/12 [======>.......................] - ETA: 0s - loss: 0.0338
 5/12 [===========>..................] - ETA: 0s - loss: 0.0374
 7/12 [================>.............] - ETA: 0s - loss: 0.0377
 9/12 [=====================>........] - ETA: 0s - loss: 0.0382
11/12 [==========================>...] - ETA: 0s - loss: 0.0410
12/12 [==============================] - 0s 27ms/step - loss: 0.0412
Epoch 137/300

 1/12 [=>............................] - ETA: 0s - loss: 0.0403
 3/12 [======>.......................] - ETA: 0s - loss: 0.0432
 5/12 [===========>..................] - ETA: 0s - loss: 0.0441
 7/12 [================>.............] - ETA: 0s - loss: 0.0407
 9/12 [=====================>........] - ETA: 0s - loss: 0.0398
11/12 [==========================>...] - ETA: 0s - loss: 0.0394
12/12 [==============================] - 0s 27ms/step - loss: 0.0393
Epoch 138/300

 1/12 [=>............................] - ETA: 0s - loss: 0.0377
 3/12 [======>.......................] - ETA: 0s - loss: 0.0374
 5/12 [===========>..................] - ETA: 0s - loss: 0.0390
 7/12 [================>.............] - ETA: 0s - loss: 0.0367
 9/12 [=====================>........] - ETA: 0s - loss: 0.0357
11/12 [==========================>...] - ETA: 0s - loss: 0.0372
12/12 [==============================] - 0s 27ms/step - loss: 0.0372
Epoch 139/300

 1/12 [=>............................] - ETA: 0s - loss: 0.0365
 3/12 [======>.......................] - ETA: 0s - loss: 0.0411
 5/12 [===========>..................] - ETA: 0s - loss: 0.0415
 7/12 [================>.............] - ETA: 0s - loss: 0.0420
 9/12 [=====================>........] - ETA: 0s - loss: 0.0421
11/12 [==========================>...] - ETA: 0s - loss: 0.0404
12/12 [==============================] - 0s 27ms/step - loss: 0.0411
Epoch 140/300

 1/12 [=>............................] - ETA: 0s - loss: 0.0437
 3/12 [======>.......................] - ETA: 0s - loss: 0.0457
 5/12 [===========>..................] - ETA: 0s - loss: 0.0403
 7/12 [================>.............] - ETA: 0s - loss: 0.0399
 9/12 [=====================>........] - ETA: 0s - loss: 0.0406
11/12 [==========================>...] - ETA: 0s - loss: 0.0404
12/12 [==============================] - 0s 27ms/step - loss: 0.0401
Epoch 141/300

 1/12 [=>............................] - ETA: 0s - loss: 0.0650
 3/12 [======>.......................] - ETA: 0s - loss: 0.0507
 5/12 [===========>..................] - ETA: 0s - loss: 0.0474
 7/12 [================>.............] - ETA: 0s - loss: 0.0443
 9/12 [=====================>........] - ETA: 0s - loss: 0.0425
11/12 [==========================>...] - ETA: 0s - loss: 0.0422
12/12 [==============================] - 0s 27ms/step - loss: 0.0419
Epoch 142/300

 1/12 [=>............................] - ETA: 0s - loss: 0.0381
 3/12 [======>.......................] - ETA: 0s - loss: 0.0376
 5/12 [===========>..................] - ETA: 0s - loss: 0.0390
 7/12 [================>.............] - ETA: 0s - loss: 0.0388
 9/12 [=====================>........] - ETA: 0s - loss: 0.0389
11/12 [==========================>...] - ETA: 0s - loss: 0.0390
12/12 [==============================] - 0s 27ms/step - loss: 0.0388
Epoch 143/300

 1/12 [=>............................] - ETA: 0s - loss: 0.0349
 3/12 [======>.......................] - ETA: 0s - loss: 0.0399
 5/12 [===========>..................] - ETA: 0s - loss: 0.0377
 7/12 [================>.............] - ETA: 0s - loss: 0.0367
 9/12 [=====================>........] - ETA: 0s - loss: 0.0379
11/12 [==========================>...] - ETA: 0s - loss: 0.0380
12/12 [==============================] - 0s 27ms/step - loss: 0.0383
Epoch 144/300

 1/12 [=>............................] - ETA: 0s - loss: 0.0396
 3/12 [======>.......................] - ETA: 0s - loss: 0.0355
 5/12 [===========>..................] - ETA: 0s - loss: 0.0381
 7/12 [================>.............] - ETA: 0s - loss: 0.0395
 9/12 [=====================>........] - ETA: 0s - loss: 0.0385
11/12 [==========================>...] - ETA: 0s - loss: 0.0397
12/12 [==============================] - 0s 27ms/step - loss: 0.0399
Epoch 145/300

 1/12 [=>............................] - ETA: 0s - loss: 0.0321
 3/12 [======>.......................] - ETA: 0s - loss: 0.0361
 5/12 [===========>..................] - ETA: 0s - loss: 0.0376
 7/12 [================>.............] - ETA: 0s - loss: 0.0383
 9/12 [=====================>........] - ETA: 0s - loss: 0.0381
11/12 [==========================>...] - ETA: 0s - loss: 0.0385
12/12 [==============================] - 0s 27ms/step - loss: 0.0389
Epoch 146/300

 1/12 [=>............................] - ETA: 0s - loss: 0.0244
 3/12 [======>.......................] - ETA: 0s - loss: 0.0318
 5/12 [===========>..................] - ETA: 0s - loss: 0.0361
 7/12 [================>.............] - ETA: 0s - loss: 0.0376
 9/12 [=====================>........] - ETA: 0s - loss: 0.0381
11/12 [==========================>...] - ETA: 0s - loss: 0.0375
12/12 [==============================] - 0s 26ms/step - loss: 0.0373
Epoch 147/300

 1/12 [=>............................] - ETA: 0s - loss: 0.0339
 3/12 [======>.......................] - ETA: 0s - loss: 0.0359
 5/12 [===========>..................] - ETA: 0s - loss: 0.0346
 7/12 [================>.............] - ETA: 0s - loss: 0.0388
 9/12 [=====================>........] - ETA: 0s - loss: 0.0385
11/12 [==========================>...] - ETA: 0s - loss: 0.0380
12/12 [==============================] - 0s 27ms/step - loss: 0.0382
Epoch 148/300

 1/12 [=>............................] - ETA: 0s - loss: 0.0331
 3/12 [======>.......................] - ETA: 0s - loss: 0.0309
 5/12 [===========>..................] - ETA: 0s - loss: 0.0309
 7/12 [================>.............] - ETA: 0s - loss: 0.0336
 9/12 [=====================>........] - ETA: 0s - loss: 0.0338
11/12 [==========================>...] - ETA: 0s - loss: 0.0347
12/12 [==============================] - 0s 27ms/step - loss: 0.0348
Epoch 149/300

 1/12 [=>............................] - ETA: 0s - loss: 0.0418
 3/12 [======>.......................] - ETA: 0s - loss: 0.0368
 5/12 [===========>..................] - ETA: 0s - loss: 0.0396
 7/12 [================>.............] - ETA: 0s - loss: 0.0397
 9/12 [=====================>........] - ETA: 0s - loss: 0.0383
11/12 [==========================>...] - ETA: 0s - loss: 0.0374
12/12 [==============================] - 0s 27ms/step - loss: 0.0380
Epoch 150/300

 1/12 [=>............................] - ETA: 0s - loss: 0.0398
 3/12 [======>.......................] - ETA: 0s - loss: 0.0409
 5/12 [===========>..................] - ETA: 0s - loss: 0.0407
 7/12 [================>.............] - ETA: 0s - loss: 0.0398
 9/12 [=====================>........] - ETA: 0s - loss: 0.0398
11/12 [==========================>...] - ETA: 0s - loss: 0.0386
12/12 [==============================] - 0s 26ms/step - loss: 0.0385
Epoch 151/300

 1/12 [=>............................] - ETA: 0s - loss: 0.0303
 3/12 [======>.......................] - ETA: 0s - loss: 0.0363
 5/12 [===========>..................] - ETA: 0s - loss: 0.0353
 7/12 [================>.............] - ETA: 0s - loss: 0.0368
 9/12 [=====================>........] - ETA: 0s - loss: 0.0364
11/12 [==========================>...] - ETA: 0s - loss: 0.0364
12/12 [==============================] - 0s 26ms/step - loss: 0.0363
Epoch 152/300

 1/12 [=>............................] - ETA: 0s - loss: 0.0304
 3/12 [======>.......................] - ETA: 0s - loss: 0.0359
 5/12 [===========>..................] - ETA: 0s - loss: 0.0369
 7/12 [================>.............] - ETA: 0s - loss: 0.0369
 9/12 [=====================>........] - ETA: 0s - loss: 0.0380
11/12 [==========================>...] - ETA: 0s - loss: 0.0376
12/12 [==============================] - 0s 27ms/step - loss: 0.0378
Epoch 153/300

 1/12 [=>............................] - ETA: 0s - loss: 0.0406
 3/12 [======>.......................] - ETA: 0s - loss: 0.0422
 5/12 [===========>..................] - ETA: 0s - loss: 0.0433
 7/12 [================>.............] - ETA: 0s - loss: 0.0428
 9/12 [=====================>........] - ETA: 0s - loss: 0.0403
11/12 [==========================>...] - ETA: 0s - loss: 0.0389
12/12 [==============================] - 0s 27ms/step - loss: 0.0387
Epoch 154/300

 1/12 [=>............................] - ETA: 0s - loss: 0.0385
 3/12 [======>.......................] - ETA: 0s - loss: 0.0381
 5/12 [===========>..................] - ETA: 0s - loss: 0.0381
 7/12 [================>.............] - ETA: 0s - loss: 0.0374
 9/12 [=====================>........] - ETA: 0s - loss: 0.0378
11/12 [==========================>...] - ETA: 0s - loss: 0.0368
12/12 [==============================] - 0s 27ms/step - loss: 0.0367
Epoch 155/300

 1/12 [=>............................] - ETA: 0s - loss: 0.0373
 3/12 [======>.......................] - ETA: 0s - loss: 0.0322
 5/12 [===========>..................] - ETA: 0s - loss: 0.0364
 7/12 [================>.............] - ETA: 0s - loss: 0.0384
 9/12 [=====================>........] - ETA: 0s - loss: 0.0373
11/12 [==========================>...] - ETA: 0s - loss: 0.0376
12/12 [==============================] - 0s 27ms/step - loss: 0.0373
Epoch 156/300

 1/12 [=>............................] - ETA: 0s - loss: 0.0322
 3/12 [======>.......................] - ETA: 0s - loss: 0.0387
 5/12 [===========>..................] - ETA: 0s - loss: 0.0406
 7/12 [================>.............] - ETA: 0s - loss: 0.0397
 9/12 [=====================>........] - ETA: 0s - loss: 0.0401
11/12 [==========================>...] - ETA: 0s - loss: 0.0390
12/12 [==============================] - 0s 27ms/step - loss: 0.0392
Epoch 157/300

 1/12 [=>............................] - ETA: 0s - loss: 0.0357
 3/12 [======>.......................] - ETA: 0s - loss: 0.0398
 5/12 [===========>..................] - ETA: 0s - loss: 0.0404
 7/12 [================>.............] - ETA: 0s - loss: 0.0402
 9/12 [=====================>........] - ETA: 0s - loss: 0.0404
11/12 [==========================>...] - ETA: 0s - loss: 0.0398
12/12 [==============================] - 0s 27ms/step - loss: 0.0395
Epoch 158/300

 1/12 [=>............................] - ETA: 0s - loss: 0.0326
 3/12 [======>.......................] - ETA: 0s - loss: 0.0340
 5/12 [===========>..................] - ETA: 0s - loss: 0.0357
 7/12 [================>.............] - ETA: 0s - loss: 0.0342
 9/12 [=====================>........] - ETA: 0s - loss: 0.0347
11/12 [==========================>...] - ETA: 0s - loss: 0.0345
12/12 [==============================] - 0s 26ms/step - loss: 0.0345
Epoch 159/300

 1/12 [=>............................] - ETA: 0s - loss: 0.0374
 3/12 [======>.......................] - ETA: 0s - loss: 0.0349
 5/12 [===========>..................] - ETA: 0s - loss: 0.0402
 7/12 [================>.............] - ETA: 0s - loss: 0.0386
 9/12 [=====================>........] - ETA: 0s - loss: 0.0395
11/12 [==========================>...] - ETA: 0s - loss: 0.0387
12/12 [==============================] - 0s 27ms/step - loss: 0.0387
Epoch 160/300

 1/12 [=>............................] - ETA: 0s - loss: 0.0290
 3/12 [======>.......................] - ETA: 0s - loss: 0.0306
 5/12 [===========>..................] - ETA: 0s - loss: 0.0380
 7/12 [================>.............] - ETA: 0s - loss: 0.0357
 9/12 [=====================>........] - ETA: 0s - loss: 0.0355
11/12 [==========================>...] - ETA: 0s - loss: 0.0377
12/12 [==============================] - 0s 27ms/step - loss: 0.0383
Epoch 161/300

 1/12 [=>............................] - ETA: 0s - loss: 0.0364
 3/12 [======>.......................] - ETA: 0s - loss: 0.0378
 5/12 [===========>..................] - ETA: 0s - loss: 0.0374
 7/12 [================>.............] - ETA: 0s - loss: 0.0369
 9/12 [=====================>........] - ETA: 0s - loss: 0.0372
11/12 [==========================>...] - ETA: 0s - loss: 0.0373
12/12 [==============================] - 0s 27ms/step - loss: 0.0375
Epoch 162/300

 1/12 [=>............................] - ETA: 0s - loss: 0.0284
 3/12 [======>.......................] - ETA: 0s - loss: 0.0367
 5/12 [===========>..................] - ETA: 0s - loss: 0.0407
 7/12 [================>.............] - ETA: 0s - loss: 0.0397
 9/12 [=====================>........] - ETA: 0s - loss: 0.0419
11/12 [==========================>...] - ETA: 0s - loss: 0.0419
12/12 [==============================] - 0s 26ms/step - loss: 0.0423
Epoch 163/300

 1/12 [=>............................] - ETA: 0s - loss: 0.0439
 3/12 [======>.......................] - ETA: 0s - loss: 0.0438
 5/12 [===========>..................] - ETA: 0s - loss: 0.0390
 7/12 [================>.............] - ETA: 0s - loss: 0.0359
 9/12 [=====================>........] - ETA: 0s - loss: 0.0350
11/12 [==========================>...] - ETA: 0s - loss: 0.0357
12/12 [==============================] - 0s 26ms/step - loss: 0.0357
Epoch 164/300

 1/12 [=>............................] - ETA: 0s - loss: 0.0283
 3/12 [======>.......................] - ETA: 0s - loss: 0.0373
 5/12 [===========>..................] - ETA: 0s - loss: 0.0407
 7/12 [================>.............] - ETA: 0s - loss: 0.0375
 9/12 [=====================>........] - ETA: 0s - loss: 0.0351
11/12 [==========================>...] - ETA: 0s - loss: 0.0358
12/12 [==============================] - 0s 26ms/step - loss: 0.0358
Epoch 165/300

 1/12 [=>............................] - ETA: 0s - loss: 0.0497
 3/12 [======>.......................] - ETA: 0s - loss: 0.0415
 5/12 [===========>..................] - ETA: 0s - loss: 0.0399
 7/12 [================>.............] - ETA: 0s - loss: 0.0386
 9/12 [=====================>........] - ETA: 0s - loss: 0.0389
11/12 [==========================>...] - ETA: 0s - loss: 0.0387
12/12 [==============================] - 0s 27ms/step - loss: 0.0388
Epoch 166/300

 1/12 [=>............................] - ETA: 0s - loss: 0.0416
 3/12 [======>.......................] - ETA: 0s - loss: 0.0331
 5/12 [===========>..................] - ETA: 0s - loss: 0.0325
 7/12 [================>.............] - ETA: 0s - loss: 0.0319
 9/12 [=====================>........] - ETA: 0s - loss: 0.0339
11/12 [==========================>...] - ETA: 0s - loss: 0.0351
12/12 [==============================] - 0s 27ms/step - loss: 0.0352
Epoch 167/300

 1/12 [=>............................] - ETA: 0s - loss: 0.0318
 3/12 [======>.......................] - ETA: 0s - loss: 0.0305
 5/12 [===========>..................] - ETA: 0s - loss: 0.0305
 7/12 [================>.............] - ETA: 0s - loss: 0.0324
 9/12 [=====================>........] - ETA: 0s - loss: 0.0329
11/12 [==========================>...] - ETA: 0s - loss: 0.0328
12/12 [==============================] - 0s 27ms/step - loss: 0.0327
Epoch 168/300

 1/12 [=>............................] - ETA: 0s - loss: 0.0347
 3/12 [======>.......................] - ETA: 0s - loss: 0.0383
 5/12 [===========>..................] - ETA: 0s - loss: 0.0390
 7/12 [================>.............] - ETA: 0s - loss: 0.0380
 9/12 [=====================>........] - ETA: 0s - loss: 0.0379
11/12 [==========================>...] - ETA: 0s - loss: 0.0380
12/12 [==============================] - 0s 26ms/step - loss: 0.0383
Epoch 169/300

 1/12 [=>............................] - ETA: 0s - loss: 0.0299
 3/12 [======>.......................] - ETA: 0s - loss: 0.0364
 5/12 [===========>..................] - ETA: 0s - loss: 0.0385
 7/12 [================>.............] - ETA: 0s - loss: 0.0368
 9/12 [=====================>........] - ETA: 0s - loss: 0.0363
11/12 [==========================>...] - ETA: 0s - loss: 0.0362
12/12 [==============================] - 0s 27ms/step - loss: 0.0365
Epoch 170/300

 1/12 [=>............................] - ETA: 0s - loss: 0.0430
 3/12 [======>.......................] - ETA: 0s - loss: 0.0370
 5/12 [===========>..................] - ETA: 0s - loss: 0.0338
 7/12 [================>.............] - ETA: 0s - loss: 0.0360
 9/12 [=====================>........] - ETA: 0s - loss: 0.0376
11/12 [==========================>...] - ETA: 0s - loss: 0.0382
12/12 [==============================] - 0s 27ms/step - loss: 0.0385
Epoch 171/300

 1/12 [=>............................] - ETA: 0s - loss: 0.0386
 3/12 [======>.......................] - ETA: 0s - loss: 0.0410
 5/12 [===========>..................] - ETA: 0s - loss: 0.0406
 7/12 [================>.............] - ETA: 0s - loss: 0.0386
 9/12 [=====================>........] - ETA: 0s - loss: 0.0387
11/12 [==========================>...] - ETA: 0s - loss: 0.0395
12/12 [==============================] - 0s 27ms/step - loss: 0.0393
Epoch 172/300

 1/12 [=>............................] - ETA: 0s - loss: 0.0304
 3/12 [======>.......................] - ETA: 0s - loss: 0.0323
 5/12 [===========>..................] - ETA: 0s - loss: 0.0345
 7/12 [================>.............] - ETA: 0s - loss: 0.0377
 9/12 [=====================>........] - ETA: 0s - loss: 0.0377
11/12 [==========================>...] - ETA: 0s - loss: 0.0379
12/12 [==============================] - 0s 27ms/step - loss: 0.0379
Epoch 173/300

 1/12 [=>............................] - ETA: 0s - loss: 0.0490
 3/12 [======>.......................] - ETA: 0s - loss: 0.0418
 5/12 [===========>..................] - ETA: 0s - loss: 0.0404
 7/12 [================>.............] - ETA: 0s - loss: 0.0387
 9/12 [=====================>........] - ETA: 0s - loss: 0.0392
11/12 [==========================>...] - ETA: 0s - loss: 0.0390
12/12 [==============================] - 0s 27ms/step - loss: 0.0386
Epoch 174/300

 1/12 [=>............................] - ETA: 0s - loss: 0.0340
 3/12 [======>.......................] - ETA: 0s - loss: 0.0381
 5/12 [===========>..................] - ETA: 0s - loss: 0.0359
 7/12 [================>.............] - ETA: 0s - loss: 0.0359
 9/12 [=====================>........] - ETA: 0s - loss: 0.0378
11/12 [==========================>...] - ETA: 0s - loss: 0.0386
12/12 [==============================] - 0s 27ms/step - loss: 0.0388
Epoch 175/300

 1/12 [=>............................] - ETA: 0s - loss: 0.0407
 3/12 [======>.......................] - ETA: 0s - loss: 0.0348
 5/12 [===========>..................] - ETA: 0s - loss: 0.0351
 7/12 [================>.............] - ETA: 0s - loss: 0.0352
 9/12 [=====================>........] - ETA: 0s - loss: 0.0362
11/12 [==========================>...] - ETA: 0s - loss: 0.0366
12/12 [==============================] - 0s 28ms/step - loss: 0.0364
Epoch 176/300

 1/12 [=>............................] - ETA: 0s - loss: 0.0306
 3/12 [======>.......................] - ETA: 0s - loss: 0.0343
 5/12 [===========>..................] - ETA: 0s - loss: 0.0325
 7/12 [================>.............] - ETA: 0s - loss: 0.0318
 9/12 [=====================>........] - ETA: 0s - loss: 0.0338
11/12 [==========================>...] - ETA: 0s - loss: 0.0335
12/12 [==============================] - 0s 27ms/step - loss: 0.0335
Epoch 177/300

 1/12 [=>............................] - ETA: 0s - loss: 0.0326
 3/12 [======>.......................] - ETA: 0s - loss: 0.0346
 5/12 [===========>..................] - ETA: 0s - loss: 0.0331
 7/12 [================>.............] - ETA: 0s - loss: 0.0340
 9/12 [=====================>........] - ETA: 0s - loss: 0.0350
11/12 [==========================>...] - ETA: 0s - loss: 0.0348
12/12 [==============================] - 0s 27ms/step - loss: 0.0349
Epoch 178/300

 1/12 [=>............................] - ETA: 0s - loss: 0.0428
 3/12 [======>.......................] - ETA: 0s - loss: 0.0393
 5/12 [===========>..................] - ETA: 0s - loss: 0.0398
 7/12 [================>.............] - ETA: 0s - loss: 0.0380
 9/12 [=====================>........] - ETA: 0s - loss: 0.0386
11/12 [==========================>...] - ETA: 0s - loss: 0.0377
12/12 [==============================] - 0s 27ms/step - loss: 0.0380
Epoch 179/300

 1/12 [=>............................] - ETA: 0s - loss: 0.0331
 3/12 [======>.......................] - ETA: 0s - loss: 0.0372
 5/12 [===========>..................] - ETA: 0s - loss: 0.0338
 7/12 [================>.............] - ETA: 0s - loss: 0.0333
 9/12 [=====================>........] - ETA: 0s - loss: 0.0324
11/12 [==========================>...] - ETA: 0s - loss: 0.0337
12/12 [==============================] - 0s 27ms/step - loss: 0.0335
Epoch 180/300

 1/12 [=>............................] - ETA: 0s - loss: 0.0375
 3/12 [======>.......................] - ETA: 0s - loss: 0.0411
 5/12 [===========>..................] - ETA: 0s - loss: 0.0388
 7/12 [================>.............] - ETA: 0s - loss: 0.0381
 9/12 [=====================>........] - ETA: 0s - loss: 0.0370
11/12 [==========================>...] - ETA: 0s - loss: 0.0374
12/12 [==============================] - 0s 28ms/step - loss: 0.0374
Epoch 181/300

 1/12 [=>............................] - ETA: 0s - loss: 0.0443
 3/12 [======>.......................] - ETA: 0s - loss: 0.0407
 5/12 [===========>..................] - ETA: 0s - loss: 0.0405
 7/12 [================>.............] - ETA: 0s - loss: 0.0397
 9/12 [=====================>........] - ETA: 0s - loss: 0.0415
11/12 [==========================>...] - ETA: 0s - loss: 0.0414
12/12 [==============================] - 0s 29ms/step - loss: 0.0416
Epoch 182/300

 1/12 [=>............................] - ETA: 0s - loss: 0.0328
 3/12 [======>.......................] - ETA: 0s - loss: 0.0306
 5/12 [===========>..................] - ETA: 0s - loss: 0.0309
 7/12 [================>.............] - ETA: 0s - loss: 0.0328
 9/12 [=====================>........] - ETA: 0s - loss: 0.0334
11/12 [==========================>...] - ETA: 0s - loss: 0.0342
12/12 [==============================] - 0s 29ms/step - loss: 0.0338
Epoch 183/300

 1/12 [=>............................] - ETA: 0s - loss: 0.0351
 3/12 [======>.......................] - ETA: 0s - loss: 0.0362
 5/12 [===========>..................] - ETA: 0s - loss: 0.0375
 7/12 [================>.............] - ETA: 0s - loss: 0.0370
 9/12 [=====================>........] - ETA: 0s - loss: 0.0356
11/12 [==========================>...] - ETA: 0s - loss: 0.0353
12/12 [==============================] - 0s 29ms/step - loss: 0.0351
Epoch 184/300

 1/12 [=>............................] - ETA: 0s - loss: 0.0399
 3/12 [======>.......................] - ETA: 0s - loss: 0.0346
 5/12 [===========>..................] - ETA: 0s - loss: 0.0366
 7/12 [================>.............] - ETA: 0s - loss: 0.0366
 9/12 [=====================>........] - ETA: 0s - loss: 0.0380
11/12 [==========================>...] - ETA: 0s - loss: 0.0375
12/12 [==============================] - 0s 27ms/step - loss: 0.0374
Epoch 185/300

 1/12 [=>............................] - ETA: 0s - loss: 0.0366
 3/12 [======>.......................] - ETA: 0s - loss: 0.0364
 5/12 [===========>..................] - ETA: 0s - loss: 0.0362
 7/12 [================>.............] - ETA: 0s - loss: 0.0363
 9/12 [=====================>........] - ETA: 0s - loss: 0.0352
11/12 [==========================>...] - ETA: 0s - loss: 0.0357
12/12 [==============================] - 0s 27ms/step - loss: 0.0359
Epoch 186/300

 1/12 [=>............................] - ETA: 0s - loss: 0.0222
 3/12 [======>.......................] - ETA: 0s - loss: 0.0333
 5/12 [===========>..................] - ETA: 0s - loss: 0.0308
 7/12 [================>.............] - ETA: 0s - loss: 0.0320
 9/12 [=====================>........] - ETA: 0s - loss: 0.0317
11/12 [==========================>...] - ETA: 0s - loss: 0.0318
12/12 [==============================] - 0s 27ms/step - loss: 0.0319
Epoch 187/300

 1/12 [=>............................] - ETA: 0s - loss: 0.0442
 3/12 [======>.......................] - ETA: 0s - loss: 0.0390
 5/12 [===========>..................] - ETA: 0s - loss: 0.0383
 7/12 [================>.............] - ETA: 0s - loss: 0.0355
 9/12 [=====================>........] - ETA: 0s - loss: 0.0370
11/12 [==========================>...] - ETA: 0s - loss: 0.0362
12/12 [==============================] - 0s 27ms/step - loss: 0.0366
Epoch 188/300

 1/12 [=>............................] - ETA: 0s - loss: 0.0361
 3/12 [======>.......................] - ETA: 0s - loss: 0.0359
 5/12 [===========>..................] - ETA: 0s - loss: 0.0372
 7/12 [================>.............] - ETA: 0s - loss: 0.0349
 9/12 [=====================>........] - ETA: 0s - loss: 0.0352
11/12 [==========================>...] - ETA: 0s - loss: 0.0357
12/12 [==============================] - 0s 27ms/step - loss: 0.0356
Epoch 189/300

 1/12 [=>............................] - ETA: 0s - loss: 0.0311
 3/12 [======>.......................] - ETA: 0s - loss: 0.0325
 5/12 [===========>..................] - ETA: 0s - loss: 0.0340
 7/12 [================>.............] - ETA: 0s - loss: 0.0355
 9/12 [=====================>........] - ETA: 0s - loss: 0.0350
11/12 [==========================>...] - ETA: 0s - loss: 0.0356
12/12 [==============================] - 0s 27ms/step - loss: 0.0357
Epoch 190/300

 1/12 [=>............................] - ETA: 0s - loss: 0.0310
 3/12 [======>.......................] - ETA: 0s - loss: 0.0378
 5/12 [===========>..................] - ETA: 0s - loss: 0.0359
 7/12 [================>.............] - ETA: 0s - loss: 0.0348
 9/12 [=====================>........] - ETA: 0s - loss: 0.0358
11/12 [==========================>...] - ETA: 0s - loss: 0.0350
12/12 [==============================] - 0s 27ms/step - loss: 0.0352
Epoch 191/300

 1/12 [=>............................] - ETA: 0s - loss: 0.0296
 3/12 [======>.......................] - ETA: 0s - loss: 0.0313
 5/12 [===========>..................] - ETA: 0s - loss: 0.0349
 7/12 [================>.............] - ETA: 0s - loss: 0.0344
 9/12 [=====================>........] - ETA: 0s - loss: 0.0342
11/12 [==========================>...] - ETA: 0s - loss: 0.0342
12/12 [==============================] - 0s 27ms/step - loss: 0.0343
Epoch 192/300

 1/12 [=>............................] - ETA: 0s - loss: 0.0469
 3/12 [======>.......................] - ETA: 0s - loss: 0.0446
 5/12 [===========>..................] - ETA: 0s - loss: 0.0387
 7/12 [================>.............] - ETA: 0s - loss: 0.0359
 9/12 [=====================>........] - ETA: 0s - loss: 0.0359
11/12 [==========================>...] - ETA: 0s - loss: 0.0353
12/12 [==============================] - 0s 27ms/step - loss: 0.0352
Epoch 193/300

 1/12 [=>............................] - ETA: 0s - loss: 0.0353
 3/12 [======>.......................] - ETA: 0s - loss: 0.0370
 5/12 [===========>..................] - ETA: 0s - loss: 0.0362
 7/12 [================>.............] - ETA: 0s - loss: 0.0385
 9/12 [=====================>........] - ETA: 0s - loss: 0.0370
11/12 [==========================>...] - ETA: 0s - loss: 0.0358
12/12 [==============================] - 0s 27ms/step - loss: 0.0356
Epoch 194/300

 1/12 [=>............................] - ETA: 0s - loss: 0.0401
 3/12 [======>.......................] - ETA: 0s - loss: 0.0368
 5/12 [===========>..................] - ETA: 0s - loss: 0.0369
 7/12 [================>.............] - ETA: 0s - loss: 0.0360
 9/12 [=====================>........] - ETA: 0s - loss: 0.0356
11/12 [==========================>...] - ETA: 0s - loss: 0.0350
12/12 [==============================] - 0s 27ms/step - loss: 0.0348
Epoch 195/300

 1/12 [=>............................] - ETA: 0s - loss: 0.0512
 3/12 [======>.......................] - ETA: 0s - loss: 0.0388
 5/12 [===========>..................] - ETA: 0s - loss: 0.0360
 7/12 [================>.............] - ETA: 0s - loss: 0.0367
 9/12 [=====================>........] - ETA: 0s - loss: 0.0386
11/12 [==========================>...] - ETA: 0s - loss: 0.0392
12/12 [==============================] - 0s 27ms/step - loss: 0.0390
Epoch 196/300

 1/12 [=>............................] - ETA: 0s - loss: 0.0363
 3/12 [======>.......................] - ETA: 0s - loss: 0.0355
 5/12 [===========>..................] - ETA: 0s - loss: 0.0330
 7/12 [================>.............] - ETA: 0s - loss: 0.0339
 9/12 [=====================>........] - ETA: 0s - loss: 0.0351
11/12 [==========================>...] - ETA: 0s - loss: 0.0348
12/12 [==============================] - 0s 27ms/step - loss: 0.0347
Epoch 197/300

 1/12 [=>............................] - ETA: 0s - loss: 0.0349
 3/12 [======>.......................] - ETA: 0s - loss: 0.0342
 5/12 [===========>..................] - ETA: 0s - loss: 0.0322
 7/12 [================>.............] - ETA: 0s - loss: 0.0328
 9/12 [=====================>........] - ETA: 0s - loss: 0.0329
11/12 [==========================>...] - ETA: 0s - loss: 0.0337
12/12 [==============================] - 0s 27ms/step - loss: 0.0337
Epoch 198/300

 1/12 [=>............................] - ETA: 0s - loss: 0.0335
 3/12 [======>.......................] - ETA: 0s - loss: 0.0344
 5/12 [===========>..................] - ETA: 0s - loss: 0.0366
 7/12 [================>.............] - ETA: 0s - loss: 0.0357
 9/12 [=====================>........] - ETA: 0s - loss: 0.0351
11/12 [==========================>...] - ETA: 0s - loss: 0.0360
12/12 [==============================] - 0s 27ms/step - loss: 0.0361
Epoch 199/300

 1/12 [=>............................] - ETA: 0s - loss: 0.0347
 3/12 [======>.......................] - ETA: 0s - loss: 0.0382
 5/12 [===========>..................] - ETA: 0s - loss: 0.0373
 7/12 [================>.............] - ETA: 0s - loss: 0.0373
 9/12 [=====================>........] - ETA: 0s - loss: 0.0367
11/12 [==========================>...] - ETA: 0s - loss: 0.0360
12/12 [==============================] - 0s 27ms/step - loss: 0.0358
Epoch 200/300

 1/12 [=>............................] - ETA: 0s - loss: 0.0447
 3/12 [======>.......................] - ETA: 0s - loss: 0.0412
 5/12 [===========>..................] - ETA: 0s - loss: 0.0418
 7/12 [================>.............] - ETA: 0s - loss: 0.0382
 9/12 [=====================>........] - ETA: 0s - loss: 0.0395
11/12 [==========================>...] - ETA: 0s - loss: 0.0395
12/12 [==============================] - 0s 27ms/step - loss: 0.0394
Epoch 201/300

 1/12 [=>............................] - ETA: 0s - loss: 0.0324
 3/12 [======>.......................] - ETA: 0s - loss: 0.0339
 5/12 [===========>..................] - ETA: 0s - loss: 0.0343
 7/12 [================>.............] - ETA: 0s - loss: 0.0341
 9/12 [=====================>........] - ETA: 0s - loss: 0.0336
11/12 [==========================>...] - ETA: 0s - loss: 0.0326
12/12 [==============================] - 0s 26ms/step - loss: 0.0326
Epoch 202/300

 1/12 [=>............................] - ETA: 0s - loss: 0.0360
 3/12 [======>.......................] - ETA: 0s - loss: 0.0349
 5/12 [===========>..................] - ETA: 0s - loss: 0.0335
 7/12 [================>.............] - ETA: 0s - loss: 0.0353
 9/12 [=====================>........] - ETA: 0s - loss: 0.0360
11/12 [==========================>...] - ETA: 0s - loss: 0.0362
12/12 [==============================] - 0s 27ms/step - loss: 0.0362
Epoch 203/300

 1/12 [=>............................] - ETA: 0s - loss: 0.0383
 3/12 [======>.......................] - ETA: 0s - loss: 0.0349
 5/12 [===========>..................] - ETA: 0s - loss: 0.0343
 7/12 [================>.............] - ETA: 0s - loss: 0.0323
 9/12 [=====================>........] - ETA: 0s - loss: 0.0343
11/12 [==========================>...] - ETA: 0s - loss: 0.0339
12/12 [==============================] - 0s 27ms/step - loss: 0.0341
Epoch 204/300

 1/12 [=>............................] - ETA: 0s - loss: 0.0269
 3/12 [======>.......................] - ETA: 0s - loss: 0.0339
 5/12 [===========>..................] - ETA: 0s - loss: 0.0348
 7/12 [================>.............] - ETA: 0s - loss: 0.0338
 9/12 [=====================>........] - ETA: 0s - loss: 0.0325
11/12 [==========================>...] - ETA: 0s - loss: 0.0334
12/12 [==============================] - 0s 27ms/step - loss: 0.0331
Epoch 205/300

 1/12 [=>............................] - ETA: 0s - loss: 0.0276
 3/12 [======>.......................] - ETA: 0s - loss: 0.0361
 5/12 [===========>..................] - ETA: 0s - loss: 0.0348
 7/12 [================>.............] - ETA: 0s - loss: 0.0331
 9/12 [=====================>........] - ETA: 0s - loss: 0.0332
11/12 [==========================>...] - ETA: 0s - loss: 0.0328
12/12 [==============================] - 0s 27ms/step - loss: 0.0329
Epoch 206/300

 1/12 [=>............................] - ETA: 0s - loss: 0.0294
 3/12 [======>.......................] - ETA: 0s - loss: 0.0382
 5/12 [===========>..................] - ETA: 0s - loss: 0.0377
 7/12 [================>.............] - ETA: 0s - loss: 0.0352
 9/12 [=====================>........] - ETA: 0s - loss: 0.0338
11/12 [==========================>...] - ETA: 0s - loss: 0.0324
12/12 [==============================] - 0s 27ms/step - loss: 0.0329
Epoch 206: early stopping

 1/12 [=>............................] - ETA: 5s
 9/12 [=====================>........] - ETA: 0s
12/12 [==============================] - 1s 6ms/step
指標 CSV を保存: C:\Users\Casper4\Python\ueki\shibasaki\研究\Pool_boiling\Subcooling_20_degrees\0.3\2025.06.11_0.3_2\regression_result\npy\conformer\20260702_cfa\heatflux_no_noise\maxfreq=22kHz\e300_t28d128k15b3_conformer\metrics_summary_no_noise.csv
tuning summary saved: C:\Users\Casper4\Python\ueki\shibasaki\研究\Pool_boiling\Subcooling_20_degrees\0.3\2025.06.11_0.3_2\regression_result\npy\conformer\20260702_cfa\tuning_summary.csv
parameter_set=t56d64k15b2 | model_params={'conformer': {'lr': 0.0001, 'batch_size': 64, 'early_stopping': True, 'builder_params': {'model_dim': 64, 'attention_key_dim': 16, 'num_heads': 4, 'ff_dim': 256, 'num_conformer_blocks': 2, 'conv_kernel_size': 15, 'dropout': 0.25, 'time_reduction': 4, 'frontend_filters': [32, 64, 96, 96, 96]}, 'input_axes_assumption': ['time_frame', 'frequency_bin', 'channel'], 'architecture': {'front_end': 'alexnet_like_cnn_with_configurable_time_reduction', 'sequence_length_after_cnn': '224 / time_reduction', 'encoder': 'conformer_block', 'model_dim': 256, 'attention_key_dim': 64, 'num_heads': 4, 'ff_dim': 2048, 'conv_kernel_size': 31, 'pooling': 'AttentionPooling'}}}
run_dir=e300_t56d64k15b2_conformer
  params for conformer: lr=0.0001, batch_size=64
[Conformer] Fold 1/3 学習開始
Epoch 1/300

 1/12 [=>............................] - ETA: 38s - loss: 0.1466
 2/12 [====>.........................] - ETA: 1s - loss: 0.1558 
 3/12 [======>.......................] - ETA: 0s - loss: 0.1516
 6/12 [==============>...............] - ETA: 0s - loss: 0.1481
 9/12 [=====================>........] - ETA: 0s - loss: 0.1335
12/12 [==============================] - ETA: 0s - loss: 0.1283
12/12 [==============================] - 4s 39ms/step - loss: 0.1283
Epoch 2/300

 1/12 [=>............................] - ETA: 0s - loss: 0.1156
 4/12 [=========>....................] - ETA: 0s - loss: 0.0852
 7/12 [================>.............] - ETA: 0s - loss: 0.0871
10/12 [========================>.....] - ETA: 0s - loss: 0.0826
12/12 [==============================] - 0s 24ms/step - loss: 0.0810
Epoch 3/300

 1/12 [=>............................] - ETA: 0s - loss: 0.0534
 3/12 [======>.......................] - ETA: 0s - loss: 0.0660
 5/12 [===========>..................] - ETA: 0s - loss: 0.0693
 8/12 [===================>..........] - ETA: 0s - loss: 0.0708
11/12 [==========================>...] - ETA: 0s - loss: 0.0687
12/12 [==============================] - 0s 24ms/step - loss: 0.0691
Epoch 4/300

 1/12 [=>............................] - ETA: 0s - loss: 0.0618
 4/12 [=========>....................] - ETA: 0s - loss: 0.0666
 7/12 [================>.............] - ETA: 0s - loss: 0.0665
10/12 [========================>.....] - ETA: 0s - loss: 0.0639
12/12 [==============================] - 0s 24ms/step - loss: 0.0654
Epoch 5/300

 1/12 [=>............................] - ETA: 0s - loss: 0.0865
 3/12 [======>.......................] - ETA: 0s - loss: 0.0658
 6/12 [==============>...............] - ETA: 0s - loss: 0.0669
 9/12 [=====================>........] - ETA: 0s - loss: 0.0603
11/12 [==========================>...] - ETA: 0s - loss: 0.0584
12/12 [==============================] - 0s 24ms/step - loss: 0.0595
Epoch 6/300

 1/12 [=>............................] - ETA: 0s - loss: 0.0584
 3/12 [======>.......................] - ETA: 0s - loss: 0.0658
 6/12 [==============>...............] - ETA: 0s - loss: 0.0681
 9/12 [=====================>........] - ETA: 0s - loss: 0.0662
11/12 [==========================>...] - ETA: 0s - loss: 0.0655
12/12 [==============================] - 0s 24ms/step - loss: 0.0654
Epoch 7/300

 1/12 [=>............................] - ETA: 0s - loss: 0.0658
 3/12 [======>.......................] - ETA: 0s - loss: 0.0621
 5/12 [===========>..................] - ETA: 0s - loss: 0.0585
 8/12 [===================>..........] - ETA: 0s - loss: 0.0630
11/12 [==========================>...] - ETA: 0s - loss: 0.0609
12/12 [==============================] - 0s 24ms/step - loss: 0.0607
Epoch 8/300

 1/12 [=>............................] - ETA: 0s - loss: 0.0468
 4/12 [=========>....................] - ETA: 0s - loss: 0.0504
 6/12 [==============>...............] - ETA: 0s - loss: 0.0529
 8/12 [===================>..........] - ETA: 0s - loss: 0.0558
10/12 [========================>.....] - ETA: 0s - loss: 0.0564
12/12 [==============================] - 0s 25ms/step - loss: 0.0563
Epoch 9/300

 1/12 [=>............................] - ETA: 0s - loss: 0.0478
 3/12 [======>.......................] - ETA: 0s - loss: 0.0519
 5/12 [===========>..................] - ETA: 0s - loss: 0.0533
 7/12 [================>.............] - ETA: 0s - loss: 0.0551
10/12 [========================>.....] - ETA: 0s - loss: 0.0557
12/12 [==============================] - 0s 26ms/step - loss: 0.0553
Epoch 10/300

 1/12 [=>............................] - ETA: 0s - loss: 0.0579
 3/12 [======>.......................] - ETA: 0s - loss: 0.0534
 5/12 [===========>..................] - ETA: 0s - loss: 0.0534
 7/12 [================>.............] - ETA: 0s - loss: 0.0519
 9/12 [=====================>........] - ETA: 0s - loss: 0.0541
11/12 [==========================>...] - ETA: 0s - loss: 0.0532
12/12 [==============================] - 0s 26ms/step - loss: 0.0534
Epoch 11/300

 1/12 [=>............................] - ETA: 0s - loss: 0.0585
 3/12 [======>.......................] - ETA: 0s - loss: 0.0598
 5/12 [===========>..................] - ETA: 0s - loss: 0.0591
 7/12 [================>.............] - ETA: 0s - loss: 0.0543
 9/12 [=====================>........] - ETA: 0s - loss: 0.0547
11/12 [==========================>...] - ETA: 0s - loss: 0.0541
12/12 [==============================] - 0s 26ms/step - loss: 0.0551
Epoch 12/300

 1/12 [=>............................] - ETA: 0s - loss: 0.0604
 3/12 [======>.......................] - ETA: 0s - loss: 0.0609
 5/12 [===========>..................] - ETA: 0s - loss: 0.0568
 8/12 [===================>..........] - ETA: 0s - loss: 0.0584
11/12 [==========================>...] - ETA: 0s - loss: 0.0559
12/12 [==============================] - 0s 24ms/step - loss: 0.0559
Epoch 13/300

 1/12 [=>............................] - ETA: 0s - loss: 0.0628
 4/12 [=========>....................] - ETA: 0s - loss: 0.0519
 6/12 [==============>...............] - ETA: 0s - loss: 0.0521
 9/12 [=====================>........] - ETA: 0s - loss: 0.0537
12/12 [==============================] - ETA: 0s - loss: 0.0531
12/12 [==============================] - 0s 24ms/step - loss: 0.0531
Epoch 14/300

 1/12 [=>............................] - ETA: 0s - loss: 0.0832
 4/12 [=========>....................] - ETA: 0s - loss: 0.0672
 6/12 [==============>...............] - ETA: 0s - loss: 0.0647
 8/12 [===================>..........] - ETA: 0s - loss: 0.0605
10/12 [========================>.....] - ETA: 0s - loss: 0.0595
12/12 [==============================] - 0s 24ms/step - loss: 0.0570
Epoch 15/300

 1/12 [=>............................] - ETA: 0s - loss: 0.0556
 3/12 [======>.......................] - ETA: 0s - loss: 0.0540
 5/12 [===========>..................] - ETA: 0s - loss: 0.0599
 7/12 [================>.............] - ETA: 0s - loss: 0.0574
10/12 [========================>.....] - ETA: 0s - loss: 0.0563
12/12 [==============================] - 0s 24ms/step - loss: 0.0565
Epoch 16/300

 1/12 [=>............................] - ETA: 0s - loss: 0.0522
 3/12 [======>.......................] - ETA: 0s - loss: 0.0565
 6/12 [==============>...............] - ETA: 0s - loss: 0.0537
 8/12 [===================>..........] - ETA: 0s - loss: 0.0527
10/12 [========================>.....] - ETA: 0s - loss: 0.0520
12/12 [==============================] - 0s 24ms/step - loss: 0.0529
Epoch 17/300

 1/12 [=>............................] - ETA: 0s - loss: 0.0422
 3/12 [======>.......................] - ETA: 0s - loss: 0.0514
 5/12 [===========>..................] - ETA: 0s - loss: 0.0485
 7/12 [================>.............] - ETA: 0s - loss: 0.0512
 9/12 [=====================>........] - ETA: 0s - loss: 0.0507
11/12 [==========================>...] - ETA: 0s - loss: 0.0524
12/12 [==============================] - 0s 25ms/step - loss: 0.0525
Epoch 18/300

 1/12 [=>............................] - ETA: 0s - loss: 0.0572
 3/12 [======>.......................] - ETA: 0s - loss: 0.0546
 5/12 [===========>..................] - ETA: 0s - loss: 0.0527
 8/12 [===================>..........] - ETA: 0s - loss: 0.0535
10/12 [========================>.....] - ETA: 0s - loss: 0.0511
12/12 [==============================] - 0s 24ms/step - loss: 0.0500
Epoch 19/300

 1/12 [=>............................] - ETA: 0s - loss: 0.0425
 4/12 [=========>....................] - ETA: 0s - loss: 0.0542
 6/12 [==============>...............] - ETA: 0s - loss: 0.0553
 9/12 [=====================>........] - ETA: 0s - loss: 0.0558
12/12 [==============================] - ETA: 0s - loss: 0.0554
12/12 [==============================] - 0s 24ms/step - loss: 0.0554
Epoch 20/300

 1/12 [=>............................] - ETA: 0s - loss: 0.0464
 4/12 [=========>....................] - ETA: 0s - loss: 0.0485
 6/12 [==============>...............] - ETA: 0s - loss: 0.0533
 8/12 [===================>..........] - ETA: 0s - loss: 0.0524
11/12 [==========================>...] - ETA: 0s - loss: 0.0517
12/12 [==============================] - 0s 24ms/step - loss: 0.0510
Epoch 21/300

 1/12 [=>............................] - ETA: 0s - loss: 0.0419
 4/12 [=========>....................] - ETA: 0s - loss: 0.0493
 7/12 [================>.............] - ETA: 0s - loss: 0.0537
10/12 [========================>.....] - ETA: 0s - loss: 0.0543
12/12 [==============================] - 0s 24ms/step - loss: 0.0544
Epoch 22/300

 1/12 [=>............................] - ETA: 0s - loss: 0.0695
 4/12 [=========>....................] - ETA: 0s - loss: 0.0556
 7/12 [================>.............] - ETA: 0s - loss: 0.0529
 9/12 [=====================>........] - ETA: 0s - loss: 0.0519
11/12 [==========================>...] - ETA: 0s - loss: 0.0529
12/12 [==============================] - 0s 24ms/step - loss: 0.0527
Epoch 23/300

 1/12 [=>............................] - ETA: 0s - loss: 0.0479
 3/12 [======>.......................] - ETA: 0s - loss: 0.0468
 6/12 [==============>...............] - ETA: 0s - loss: 0.0470
 9/12 [=====================>........] - ETA: 0s - loss: 0.0505
12/12 [==============================] - ETA: 0s - loss: 0.0486
12/12 [==============================] - 0s 24ms/step - loss: 0.0486
Epoch 24/300

 1/12 [=>............................] - ETA: 0s - loss: 0.0702
 3/12 [======>.......................] - ETA: 0s - loss: 0.0523
 5/12 [===========>..................] - ETA: 0s - loss: 0.0501
 7/12 [================>.............] - ETA: 0s - loss: 0.0491
10/12 [========================>.....] - ETA: 0s - loss: 0.0492
12/12 [==============================] - 0s 24ms/step - loss: 0.0482
Epoch 25/300

 1/12 [=>............................] - ETA: 0s - loss: 0.0372
 4/12 [=========>....................] - ETA: 0s - loss: 0.0467
 6/12 [==============>...............] - ETA: 0s - loss: 0.0501
 9/12 [=====================>........] - ETA: 0s - loss: 0.0482
12/12 [==============================] - ETA: 0s - loss: 0.0481
12/12 [==============================] - 0s 24ms/step - loss: 0.0481
Epoch 26/300

 1/12 [=>............................] - ETA: 0s - loss: 0.0505
 4/12 [=========>....................] - ETA: 0s - loss: 0.0482
 7/12 [================>.............] - ETA: 0s - loss: 0.0453
 9/12 [=====================>........] - ETA: 0s - loss: 0.0472
12/12 [==============================] - ETA: 0s - loss: 0.0505
12/12 [==============================] - 0s 24ms/step - loss: 0.0505
Epoch 27/300

 1/12 [=>............................] - ETA: 0s - loss: 0.0486
 3/12 [======>.......................] - ETA: 0s - loss: 0.0553
 5/12 [===========>..................] - ETA: 0s - loss: 0.0505
 7/12 [================>.............] - ETA: 0s - loss: 0.0506
10/12 [========================>.....] - ETA: 0s - loss: 0.0493
12/12 [==============================] - 0s 25ms/step - loss: 0.0504
Epoch 28/300

 1/12 [=>............................] - ETA: 0s - loss: 0.0464
 3/12 [======>.......................] - ETA: 0s - loss: 0.0468
 5/12 [===========>..................] - ETA: 0s - loss: 0.0502
 8/12 [===================>..........] - ETA: 0s - loss: 0.0474
11/12 [==========================>...] - ETA: 0s - loss: 0.0483
12/12 [==============================] - 0s 24ms/step - loss: 0.0480
Epoch 29/300

 1/12 [=>............................] - ETA: 0s - loss: 0.0541
 3/12 [======>.......................] - ETA: 0s - loss: 0.0495
 5/12 [===========>..................] - ETA: 0s - loss: 0.0503
 8/12 [===================>..........] - ETA: 0s - loss: 0.0508
11/12 [==========================>...] - ETA: 0s - loss: 0.0487
12/12 [==============================] - 0s 25ms/step - loss: 0.0494
Epoch 30/300

 1/12 [=>............................] - ETA: 0s - loss: 0.0577
 3/12 [======>.......................] - ETA: 0s - loss: 0.0564
 6/12 [==============>...............] - ETA: 0s - loss: 0.0521
 8/12 [===================>..........] - ETA: 0s - loss: 0.0525
10/12 [========================>.....] - ETA: 0s - loss: 0.0508
12/12 [==============================] - 0s 25ms/step - loss: 0.0503
Epoch 31/300

 1/12 [=>............................] - ETA: 0s - loss: 0.0527
 4/12 [=========>....................] - ETA: 0s - loss: 0.0468
 7/12 [================>.............] - ETA: 0s - loss: 0.0489
 9/12 [=====================>........] - ETA: 0s - loss: 0.0487
12/12 [==============================] - ETA: 0s - loss: 0.0479
12/12 [==============================] - 0s 24ms/step - loss: 0.0479
Epoch 32/300

 1/12 [=>............................] - ETA: 0s - loss: 0.0522
 4/12 [=========>....................] - ETA: 0s - loss: 0.0462
 6/12 [==============>...............] - ETA: 0s - loss: 0.0514
 8/12 [===================>..........] - ETA: 0s - loss: 0.0493
10/12 [========================>.....] - ETA: 0s - loss: 0.0484
12/12 [==============================] - 0s 25ms/step - loss: 0.0487
Epoch 33/300

 1/12 [=>............................] - ETA: 0s - loss: 0.0450
 3/12 [======>.......................] - ETA: 0s - loss: 0.0465
 6/12 [==============>...............] - ETA: 0s - loss: 0.0490
 9/12 [=====================>........] - ETA: 0s - loss: 0.0500
12/12 [==============================] - ETA: 0s - loss: 0.0495
12/12 [==============================] - 0s 24ms/step - loss: 0.0495
Epoch 34/300

 1/12 [=>............................] - ETA: 0s - loss: 0.0415
 4/12 [=========>....................] - ETA: 0s - loss: 0.0455
 7/12 [================>.............] - ETA: 0s - loss: 0.0431
10/12 [========================>.....] - ETA: 0s - loss: 0.0457
12/12 [==============================] - 0s 24ms/step - loss: 0.0454
Epoch 35/300

 1/12 [=>............................] - ETA: 0s - loss: 0.0382
 3/12 [======>.......................] - ETA: 0s - loss: 0.0471
 6/12 [==============>...............] - ETA: 0s - loss: 0.0550
 9/12 [=====================>........] - ETA: 0s - loss: 0.0509
12/12 [==============================] - ETA: 0s - loss: 0.0484
12/12 [==============================] - 0s 24ms/step - loss: 0.0484
Epoch 36/300

 1/12 [=>............................] - ETA: 0s - loss: 0.0430
 4/12 [=========>....................] - ETA: 0s - loss: 0.0527
 7/12 [================>.............] - ETA: 0s - loss: 0.0475
10/12 [========================>.....] - ETA: 0s - loss: 0.0472
12/12 [==============================] - 0s 24ms/step - loss: 0.0467
Epoch 37/300

 1/12 [=>............................] - ETA: 0s - loss: 0.0368
 4/12 [=========>....................] - ETA: 0s - loss: 0.0478
 7/12 [================>.............] - ETA: 0s - loss: 0.0445
 9/12 [=====================>........] - ETA: 0s - loss: 0.0456
11/12 [==========================>...] - ETA: 0s - loss: 0.0470
12/12 [==============================] - 0s 24ms/step - loss: 0.0468
Epoch 38/300

 1/12 [=>............................] - ETA: 0s - loss: 0.0364
 4/12 [=========>....................] - ETA: 0s - loss: 0.0447
 7/12 [================>.............] - ETA: 0s - loss: 0.0468
10/12 [========================>.....] - ETA: 0s - loss: 0.0464
12/12 [==============================] - 0s 24ms/step - loss: 0.0468
Epoch 39/300

 1/12 [=>............................] - ETA: 0s - loss: 0.0453
 4/12 [=========>....................] - ETA: 0s - loss: 0.0478
 7/12 [================>.............] - ETA: 0s - loss: 0.0480
10/12 [========================>.....] - ETA: 0s - loss: 0.0486
12/12 [==============================] - 0s 23ms/step - loss: 0.0483
Epoch 40/300

 1/12 [=>............................] - ETA: 0s - loss: 0.0447
 4/12 [=========>....................] - ETA: 0s - loss: 0.0419
 7/12 [================>.............] - ETA: 0s - loss: 0.0462
10/12 [========================>.....] - ETA: 0s - loss: 0.0469
12/12 [==============================] - 0s 24ms/step - loss: 0.0463
Epoch 41/300

 1/12 [=>............................] - ETA: 0s - loss: 0.0480
 4/12 [=========>....................] - ETA: 0s - loss: 0.0439
 7/12 [================>.............] - ETA: 0s - loss: 0.0419
10/12 [========================>.....] - ETA: 0s - loss: 0.0402
12/12 [==============================] - 0s 24ms/step - loss: 0.0418
Epoch 42/300

 1/12 [=>............................] - ETA: 0s - loss: 0.0382
 3/12 [======>.......................] - ETA: 0s - loss: 0.0516
 6/12 [==============>...............] - ETA: 0s - loss: 0.0466
 9/12 [=====================>........] - ETA: 0s - loss: 0.0475
12/12 [==============================] - ETA: 0s - loss: 0.0449
12/12 [==============================] - 0s 24ms/step - loss: 0.0449
Epoch 43/300

 1/12 [=>............................] - ETA: 0s - loss: 0.0399
 4/12 [=========>....................] - ETA: 0s - loss: 0.0435
 7/12 [================>.............] - ETA: 0s - loss: 0.0409
10/12 [========================>.....] - ETA: 0s - loss: 0.0421
12/12 [==============================] - 0s 24ms/step - loss: 0.0415
Epoch 44/300

 1/12 [=>............................] - ETA: 0s - loss: 0.0467
 3/12 [======>.......................] - ETA: 0s - loss: 0.0440
 6/12 [==============>...............] - ETA: 0s - loss: 0.0411
 9/12 [=====================>........] - ETA: 0s - loss: 0.0421
11/12 [==========================>...] - ETA: 0s - loss: 0.0420
12/12 [==============================] - 0s 24ms/step - loss: 0.0421
Epoch 45/300

 1/12 [=>............................] - ETA: 0s - loss: 0.0444
 3/12 [======>.......................] - ETA: 0s - loss: 0.0425
 6/12 [==============>...............] - ETA: 0s - loss: 0.0443
 9/12 [=====================>........] - ETA: 0s - loss: 0.0450
12/12 [==============================] - ETA: 0s - loss: 0.0455
12/12 [==============================] - 0s 24ms/step - loss: 0.0455
Epoch 46/300

 1/12 [=>............................] - ETA: 0s - loss: 0.0544
 3/12 [======>.......................] - ETA: 0s - loss: 0.0548
 6/12 [==============>...............] - ETA: 0s - loss: 0.0510
 9/12 [=====================>........] - ETA: 0s - loss: 0.0486
12/12 [==============================] - ETA: 0s - loss: 0.0470
12/12 [==============================] - 0s 24ms/step - loss: 0.0470
Epoch 47/300

 1/12 [=>............................] - ETA: 0s - loss: 0.0449
 4/12 [=========>....................] - ETA: 0s - loss: 0.0427
 6/12 [==============>...............] - ETA: 0s - loss: 0.0430
 9/12 [=====================>........] - ETA: 0s - loss: 0.0432
11/12 [==========================>...] - ETA: 0s - loss: 0.0433
12/12 [==============================] - 0s 24ms/step - loss: 0.0430
Epoch 48/300

 1/12 [=>............................] - ETA: 0s - loss: 0.0623
 4/12 [=========>....................] - ETA: 0s - loss: 0.0445
 7/12 [================>.............] - ETA: 0s - loss: 0.0433
 9/12 [=====================>........] - ETA: 0s - loss: 0.0429
12/12 [==============================] - ETA: 0s - loss: 0.0435
12/12 [==============================] - 0s 24ms/step - loss: 0.0435
Epoch 49/300

 1/12 [=>............................] - ETA: 0s - loss: 0.0482
 3/12 [======>.......................] - ETA: 0s - loss: 0.0481
 6/12 [==============>...............] - ETA: 0s - loss: 0.0439
 9/12 [=====================>........] - ETA: 0s - loss: 0.0442
11/12 [==========================>...] - ETA: 0s - loss: 0.0430
12/12 [==============================] - 0s 24ms/step - loss: 0.0432
Epoch 50/300

 1/12 [=>............................] - ETA: 0s - loss: 0.0469
 3/12 [======>.......................] - ETA: 0s - loss: 0.0476
 5/12 [===========>..................] - ETA: 0s - loss: 0.0457
 7/12 [================>.............] - ETA: 0s - loss: 0.0471
10/12 [========================>.....] - ETA: 0s - loss: 0.0434
12/12 [==============================] - 0s 24ms/step - loss: 0.0433
Epoch 51/300

 1/12 [=>............................] - ETA: 0s - loss: 0.0415
 3/12 [======>.......................] - ETA: 0s - loss: 0.0463
 5/12 [===========>..................] - ETA: 0s - loss: 0.0451
 7/12 [================>.............] - ETA: 0s - loss: 0.0426
10/12 [========================>.....] - ETA: 0s - loss: 0.0430
12/12 [==============================] - 0s 25ms/step - loss: 0.0435
Epoch 52/300

 1/12 [=>............................] - ETA: 0s - loss: 0.0510
 4/12 [=========>....................] - ETA: 0s - loss: 0.0409
 7/12 [================>.............] - ETA: 0s - loss: 0.0418
 9/12 [=====================>........] - ETA: 0s - loss: 0.0409
11/12 [==========================>...] - ETA: 0s - loss: 0.0421
12/12 [==============================] - 0s 24ms/step - loss: 0.0424
Epoch 53/300

 1/12 [=>............................] - ETA: 0s - loss: 0.0505
 3/12 [======>.......................] - ETA: 0s - loss: 0.0481
 6/12 [==============>...............] - ETA: 0s - loss: 0.0435
 8/12 [===================>..........] - ETA: 0s - loss: 0.0429
11/12 [==========================>...] - ETA: 0s - loss: 0.0446
12/12 [==============================] - 0s 24ms/step - loss: 0.0448
Epoch 54/300

 1/12 [=>............................] - ETA: 0s - loss: 0.0366
 4/12 [=========>....................] - ETA: 0s - loss: 0.0387
 7/12 [================>.............] - ETA: 0s - loss: 0.0410
 9/12 [=====================>........] - ETA: 0s - loss: 0.0414
12/12 [==============================] - ETA: 0s - loss: 0.0416
12/12 [==============================] - 0s 24ms/step - loss: 0.0416
Epoch 55/300

 1/12 [=>............................] - ETA: 0s - loss: 0.0342
 4/12 [=========>....................] - ETA: 0s - loss: 0.0371
 6/12 [==============>...............] - ETA: 0s - loss: 0.0374
 9/12 [=====================>........] - ETA: 0s - loss: 0.0403
12/12 [==============================] - ETA: 0s - loss: 0.0414
12/12 [==============================] - 0s 24ms/step - loss: 0.0414
Epoch 56/300

 1/12 [=>............................] - ETA: 0s - loss: 0.0438
 4/12 [=========>....................] - ETA: 0s - loss: 0.0446
 6/12 [==============>...............] - ETA: 0s - loss: 0.0439
 9/12 [=====================>........] - ETA: 0s - loss: 0.0415
12/12 [==============================] - ETA: 0s - loss: 0.0403
12/12 [==============================] - 0s 24ms/step - loss: 0.0403
Epoch 57/300

 1/12 [=>............................] - ETA: 0s - loss: 0.0435
 4/12 [=========>....................] - ETA: 0s - loss: 0.0423
 7/12 [================>.............] - ETA: 0s - loss: 0.0414
10/12 [========================>.....] - ETA: 0s - loss: 0.0416
12/12 [==============================] - 0s 24ms/step - loss: 0.0423
Epoch 58/300

 1/12 [=>............................] - ETA: 0s - loss: 0.0420
 4/12 [=========>....................] - ETA: 0s - loss: 0.0446
 7/12 [================>.............] - ETA: 0s - loss: 0.0454
 9/12 [=====================>........] - ETA: 0s - loss: 0.0453
12/12 [==============================] - ETA: 0s - loss: 0.0446
12/12 [==============================] - 0s 24ms/step - loss: 0.0446
Epoch 59/300

 1/12 [=>............................] - ETA: 0s - loss: 0.0388
 3/12 [======>.......................] - ETA: 0s - loss: 0.0414
 5/12 [===========>..................] - ETA: 0s - loss: 0.0422
 7/12 [================>.............] - ETA: 0s - loss: 0.0427
10/12 [========================>.....] - ETA: 0s - loss: 0.0412
12/12 [==============================] - 0s 24ms/step - loss: 0.0416
Epoch 60/300

 1/12 [=>............................] - ETA: 0s - loss: 0.0537
 4/12 [=========>....................] - ETA: 0s - loss: 0.0478
 7/12 [================>.............] - ETA: 0s - loss: 0.0450
10/12 [========================>.....] - ETA: 0s - loss: 0.0439
12/12 [==============================] - 0s 24ms/step - loss: 0.0438
Epoch 61/300

 1/12 [=>............................] - ETA: 0s - loss: 0.0578
 4/12 [=========>....................] - ETA: 0s - loss: 0.0467
 7/12 [================>.............] - ETA: 0s - loss: 0.0448
10/12 [========================>.....] - ETA: 0s - loss: 0.0421
12/12 [==============================] - 0s 24ms/step - loss: 0.0425
Epoch 62/300

 1/12 [=>............................] - ETA: 0s - loss: 0.0393
 4/12 [=========>....................] - ETA: 0s - loss: 0.0410
 6/12 [==============>...............] - ETA: 0s - loss: 0.0390
 9/12 [=====================>........] - ETA: 0s - loss: 0.0395
11/12 [==========================>...] - ETA: 0s - loss: 0.0399
12/12 [==============================] - 0s 24ms/step - loss: 0.0400
Epoch 63/300

 1/12 [=>............................] - ETA: 0s - loss: 0.0362
 4/12 [=========>....................] - ETA: 0s - loss: 0.0382
 6/12 [==============>...............] - ETA: 0s - loss: 0.0367
 8/12 [===================>..........] - ETA: 0s - loss: 0.0381
10/12 [========================>.....] - ETA: 0s - loss: 0.0381
12/12 [==============================] - 0s 25ms/step - loss: 0.0386
Epoch 64/300

 1/12 [=>............................] - ETA: 0s - loss: 0.0381
 4/12 [=========>....................] - ETA: 0s - loss: 0.0408
 6/12 [==============>...............] - ETA: 0s - loss: 0.0417
 8/12 [===================>..........] - ETA: 0s - loss: 0.0394
10/12 [========================>.....] - ETA: 0s - loss: 0.0400
12/12 [==============================] - 0s 25ms/step - loss: 0.0401
Epoch 65/300

 1/12 [=>............................] - ETA: 0s - loss: 0.0419
 4/12 [=========>....................] - ETA: 0s - loss: 0.0417
 6/12 [==============>...............] - ETA: 0s - loss: 0.0422
 8/12 [===================>..........] - ETA: 0s - loss: 0.0435
10/12 [========================>.....] - ETA: 0s - loss: 0.0431
12/12 [==============================] - ETA: 0s - loss: 0.0423
12/12 [==============================] - 0s 27ms/step - loss: 0.0423
Epoch 66/300

 1/12 [=>............................] - ETA: 0s - loss: 0.0327
 3/12 [======>.......................] - ETA: 0s - loss: 0.0368
 5/12 [===========>..................] - ETA: 0s - loss: 0.0376
 8/12 [===================>..........] - ETA: 0s - loss: 0.0380
10/12 [========================>.....] - ETA: 0s - loss: 0.0388
12/12 [==============================] - 0s 25ms/step - loss: 0.0389
Epoch 67/300

 1/12 [=>............................] - ETA: 0s - loss: 0.0414
 3/12 [======>.......................] - ETA: 0s - loss: 0.0418
 6/12 [==============>...............] - ETA: 0s - loss: 0.0412
 9/12 [=====================>........] - ETA: 0s - loss: 0.0405
11/12 [==========================>...] - ETA: 0s - loss: 0.0401
12/12 [==============================] - 0s 24ms/step - loss: 0.0398
Epoch 68/300

 1/12 [=>............................] - ETA: 0s - loss: 0.0422
 3/12 [======>.......................] - ETA: 0s - loss: 0.0368
 5/12 [===========>..................] - ETA: 0s - loss: 0.0410
 8/12 [===================>..........] - ETA: 0s - loss: 0.0421
10/12 [========================>.....] - ETA: 0s - loss: 0.0429
12/12 [==============================] - 0s 24ms/step - loss: 0.0419
Epoch 69/300

 1/12 [=>............................] - ETA: 0s - loss: 0.0386
 3/12 [======>.......................] - ETA: 0s - loss: 0.0371
 5/12 [===========>..................] - ETA: 0s - loss: 0.0376
 8/12 [===================>..........] - ETA: 0s - loss: 0.0372
11/12 [==========================>...] - ETA: 0s - loss: 0.0383
12/12 [==============================] - 0s 24ms/step - loss: 0.0383
Epoch 70/300

 1/12 [=>............................] - ETA: 0s - loss: 0.0450
 4/12 [=========>....................] - ETA: 0s - loss: 0.0451
 7/12 [================>.............] - ETA: 0s - loss: 0.0415
10/12 [========================>.....] - ETA: 0s - loss: 0.0431
12/12 [==============================] - 0s 24ms/step - loss: 0.0423
Epoch 71/300

 1/12 [=>............................] - ETA: 0s - loss: 0.0368
 4/12 [=========>....................] - ETA: 0s - loss: 0.0361
 7/12 [================>.............] - ETA: 0s - loss: 0.0351
10/12 [========================>.....] - ETA: 0s - loss: 0.0373
12/12 [==============================] - 0s 24ms/step - loss: 0.0382
Epoch 72/300

 1/12 [=>............................] - ETA: 0s - loss: 0.0368
 4/12 [=========>....................] - ETA: 0s - loss: 0.0373
 7/12 [================>.............] - ETA: 0s - loss: 0.0390
 9/12 [=====================>........] - ETA: 0s - loss: 0.0389
12/12 [==============================] - ETA: 0s - loss: 0.0381
12/12 [==============================] - 0s 24ms/step - loss: 0.0381
Epoch 73/300

 1/12 [=>............................] - ETA: 0s - loss: 0.0355
 4/12 [=========>....................] - ETA: 0s - loss: 0.0405
 7/12 [================>.............] - ETA: 0s - loss: 0.0407
10/12 [========================>.....] - ETA: 0s - loss: 0.0406
12/12 [==============================] - 0s 24ms/step - loss: 0.0401
Epoch 74/300

 1/12 [=>............................] - ETA: 0s - loss: 0.0488
 4/12 [=========>....................] - ETA: 0s - loss: 0.0395
 6/12 [==============>...............] - ETA: 0s - loss: 0.0373
 9/12 [=====================>........] - ETA: 0s - loss: 0.0355
12/12 [==============================] - ETA: 0s - loss: 0.0353
12/12 [==============================] - 0s 24ms/step - loss: 0.0353
Epoch 75/300

 1/12 [=>............................] - ETA: 0s - loss: 0.0263
 4/12 [=========>....................] - ETA: 0s - loss: 0.0340
 7/12 [================>.............] - ETA: 0s - loss: 0.0391
10/12 [========================>.....] - ETA: 0s - loss: 0.0392
12/12 [==============================] - 0s 24ms/step - loss: 0.0386
Epoch 76/300

 1/12 [=>............................] - ETA: 0s - loss: 0.0372
 3/12 [======>.......................] - ETA: 0s - loss: 0.0427
 5/12 [===========>..................] - ETA: 0s - loss: 0.0420
 8/12 [===================>..........] - ETA: 0s - loss: 0.0438
10/12 [========================>.....] - ETA: 0s - loss: 0.0431
12/12 [==============================] - 0s 25ms/step - loss: 0.0423
Epoch 77/300

 1/12 [=>............................] - ETA: 0s - loss: 0.0469
 4/12 [=========>....................] - ETA: 0s - loss: 0.0429
 7/12 [================>.............] - ETA: 0s - loss: 0.0423
10/12 [========================>.....] - ETA: 0s - loss: 0.0399
12/12 [==============================] - 0s 24ms/step - loss: 0.0403
Epoch 78/300

 1/12 [=>............................] - ETA: 0s - loss: 0.0301
 3/12 [======>.......................] - ETA: 0s - loss: 0.0346
 6/12 [==============>...............] - ETA: 0s - loss: 0.0380
 8/12 [===================>..........] - ETA: 0s - loss: 0.0381
11/12 [==========================>...] - ETA: 0s - loss: 0.0401
12/12 [==============================] - 0s 24ms/step - loss: 0.0406
Epoch 79/300

 1/12 [=>............................] - ETA: 0s - loss: 0.0267
 4/12 [=========>....................] - ETA: 0s - loss: 0.0350
 7/12 [================>.............] - ETA: 0s - loss: 0.0355
 9/12 [=====================>........] - ETA: 0s - loss: 0.0367
12/12 [==============================] - ETA: 0s - loss: 0.0368
12/12 [==============================] - 0s 24ms/step - loss: 0.0368
Epoch 80/300

 1/12 [=>............................] - ETA: 0s - loss: 0.0433
 4/12 [=========>....................] - ETA: 0s - loss: 0.0390
 7/12 [================>.............] - ETA: 0s - loss: 0.0367
10/12 [========================>.....] - ETA: 0s - loss: 0.0363
12/12 [==============================] - 0s 24ms/step - loss: 0.0360
Epoch 81/300

 1/12 [=>............................] - ETA: 0s - loss: 0.0581
 3/12 [======>.......................] - ETA: 0s - loss: 0.0476
 6/12 [==============>...............] - ETA: 0s - loss: 0.0433
 8/12 [===================>..........] - ETA: 0s - loss: 0.0408
11/12 [==========================>...] - ETA: 0s - loss: 0.0406
12/12 [==============================] - 0s 24ms/step - loss: 0.0404
Epoch 82/300

 1/12 [=>............................] - ETA: 0s - loss: 0.0389
 4/12 [=========>....................] - ETA: 0s - loss: 0.0394
 7/12 [================>.............] - ETA: 0s - loss: 0.0389
 9/12 [=====================>........] - ETA: 0s - loss: 0.0389
11/12 [==========================>...] - ETA: 0s - loss: 0.0384
12/12 [==============================] - 0s 24ms/step - loss: 0.0380
Epoch 83/300

 1/12 [=>............................] - ETA: 0s - loss: 0.0390
 3/12 [======>.......................] - ETA: 0s - loss: 0.0400
 6/12 [==============>...............] - ETA: 0s - loss: 0.0394
 9/12 [=====================>........] - ETA: 0s - loss: 0.0400
12/12 [==============================] - ETA: 0s - loss: 0.0384
12/12 [==============================] - 0s 24ms/step - loss: 0.0384
Epoch 84/300

 1/12 [=>............................] - ETA: 0s - loss: 0.0368
 4/12 [=========>....................] - ETA: 0s - loss: 0.0325
 6/12 [==============>...............] - ETA: 0s - loss: 0.0356
 8/12 [===================>..........] - ETA: 0s - loss: 0.0356
11/12 [==========================>...] - ETA: 0s - loss: 0.0372
12/12 [==============================] - 0s 24ms/step - loss: 0.0372
Epoch 85/300

 1/12 [=>............................] - ETA: 0s - loss: 0.0437
 4/12 [=========>....................] - ETA: 0s - loss: 0.0395
 7/12 [================>.............] - ETA: 0s - loss: 0.0373
10/12 [========================>.....] - ETA: 0s - loss: 0.0371
12/12 [==============================] - 0s 24ms/step - loss: 0.0375
Epoch 86/300

 1/12 [=>............................] - ETA: 0s - loss: 0.0419
 3/12 [======>.......................] - ETA: 0s - loss: 0.0376
 6/12 [==============>...............] - ETA: 0s - loss: 0.0359
 9/12 [=====================>........] - ETA: 0s - loss: 0.0383
11/12 [==========================>...] - ETA: 0s - loss: 0.0385
12/12 [==============================] - 0s 24ms/step - loss: 0.0387
Epoch 87/300

 1/12 [=>............................] - ETA: 0s - loss: 0.0320
 4/12 [=========>....................] - ETA: 0s - loss: 0.0336
 7/12 [================>.............] - ETA: 0s - loss: 0.0375
 9/12 [=====================>........] - ETA: 0s - loss: 0.0386
12/12 [==============================] - ETA: 0s - loss: 0.0389
12/12 [==============================] - 0s 24ms/step - loss: 0.0389
Epoch 88/300

 1/12 [=>............................] - ETA: 0s - loss: 0.0356
 4/12 [=========>....................] - ETA: 0s - loss: 0.0368
 6/12 [==============>...............] - ETA: 0s - loss: 0.0364
 9/12 [=====================>........] - ETA: 0s - loss: 0.0375
12/12 [==============================] - ETA: 0s - loss: 0.0388
12/12 [==============================] - 0s 24ms/step - loss: 0.0388
Epoch 89/300

 1/12 [=>............................] - ETA: 0s - loss: 0.0448
 4/12 [=========>....................] - ETA: 0s - loss: 0.0383
 6/12 [==============>...............] - ETA: 0s - loss: 0.0382
 9/12 [=====================>........] - ETA: 0s - loss: 0.0389
12/12 [==============================] - ETA: 0s - loss: 0.0391
12/12 [==============================] - 0s 24ms/step - loss: 0.0391
Epoch 90/300

 1/12 [=>............................] - ETA: 0s - loss: 0.0282
 4/12 [=========>....................] - ETA: 0s - loss: 0.0333
 6/12 [==============>...............] - ETA: 0s - loss: 0.0355
 9/12 [=====================>........] - ETA: 0s - loss: 0.0358
12/12 [==============================] - ETA: 0s - loss: 0.0362
12/12 [==============================] - 0s 24ms/step - loss: 0.0362
Epoch 91/300

 1/12 [=>............................] - ETA: 0s - loss: 0.0424
 4/12 [=========>....................] - ETA: 0s - loss: 0.0454
 7/12 [================>.............] - ETA: 0s - loss: 0.0408
 9/12 [=====================>........] - ETA: 0s - loss: 0.0386
12/12 [==============================] - ETA: 0s - loss: 0.0381
12/12 [==============================] - 0s 24ms/step - loss: 0.0381
Epoch 92/300

 1/12 [=>............................] - ETA: 0s - loss: 0.0402
 4/12 [=========>....................] - ETA: 0s - loss: 0.0362
 7/12 [================>.............] - ETA: 0s - loss: 0.0380
10/12 [========================>.....] - ETA: 0s - loss: 0.0387
12/12 [==============================] - 0s 24ms/step - loss: 0.0389
Epoch 93/300

 1/12 [=>............................] - ETA: 0s - loss: 0.0342
 4/12 [=========>....................] - ETA: 0s - loss: 0.0332
 7/12 [================>.............] - ETA: 0s - loss: 0.0336
10/12 [========================>.....] - ETA: 0s - loss: 0.0350
12/12 [==============================] - 0s 24ms/step - loss: 0.0359
Epoch 94/300

 1/12 [=>............................] - ETA: 0s - loss: 0.0356
 4/12 [=========>....................] - ETA: 0s - loss: 0.0352
 7/12 [================>.............] - ETA: 0s - loss: 0.0346
 9/12 [=====================>........] - ETA: 0s - loss: 0.0348
12/12 [==============================] - ETA: 0s - loss: 0.0350
12/12 [==============================] - 0s 24ms/step - loss: 0.0350
Epoch 95/300

 1/12 [=>............................] - ETA: 0s - loss: 0.0441
 4/12 [=========>....................] - ETA: 0s - loss: 0.0387
 7/12 [================>.............] - ETA: 0s - loss: 0.0372
10/12 [========================>.....] - ETA: 0s - loss: 0.0374
12/12 [==============================] - 0s 24ms/step - loss: 0.0365
Epoch 96/300

 1/12 [=>............................] - ETA: 0s - loss: 0.0503
 4/12 [=========>....................] - ETA: 0s - loss: 0.0399
 7/12 [================>.............] - ETA: 0s - loss: 0.0383
 9/12 [=====================>........] - ETA: 0s - loss: 0.0393
12/12 [==============================] - ETA: 0s - loss: 0.0402
12/12 [==============================] - 0s 24ms/step - loss: 0.0402
Epoch 97/300

 1/12 [=>............................] - ETA: 0s - loss: 0.0455
 3/12 [======>.......................] - ETA: 0s - loss: 0.0374
 6/12 [==============>...............] - ETA: 0s - loss: 0.0360
 9/12 [=====================>........] - ETA: 0s - loss: 0.0347
12/12 [==============================] - ETA: 0s - loss: 0.0357
12/12 [==============================] - 0s 24ms/step - loss: 0.0357
Epoch 98/300

 1/12 [=>............................] - ETA: 0s - loss: 0.0416
 3/12 [======>.......................] - ETA: 0s - loss: 0.0399
 6/12 [==============>...............] - ETA: 0s - loss: 0.0382
 8/12 [===================>..........] - ETA: 0s - loss: 0.0384
11/12 [==========================>...] - ETA: 0s - loss: 0.0382
12/12 [==============================] - 0s 24ms/step - loss: 0.0384
Epoch 99/300

 1/12 [=>............................] - ETA: 0s - loss: 0.0426
 3/12 [======>.......................] - ETA: 0s - loss: 0.0340
 6/12 [==============>...............] - ETA: 0s - loss: 0.0352
 9/12 [=====================>........] - ETA: 0s - loss: 0.0346
12/12 [==============================] - ETA: 0s - loss: 0.0345
12/12 [==============================] - 0s 24ms/step - loss: 0.0345
Epoch 100/300

 1/12 [=>............................] - ETA: 0s - loss: 0.0396
 4/12 [=========>....................] - ETA: 0s - loss: 0.0413
 7/12 [================>.............] - ETA: 0s - loss: 0.0359
10/12 [========================>.....] - ETA: 0s - loss: 0.0365
12/12 [==============================] - 0s 24ms/step - loss: 0.0370
Epoch 101/300

 1/12 [=>............................] - ETA: 0s - loss: 0.0286
 4/12 [=========>....................] - ETA: 0s - loss: 0.0305
 7/12 [================>.............] - ETA: 0s - loss: 0.0354
10/12 [========================>.....] - ETA: 0s - loss: 0.0337
12/12 [==============================] - 0s 24ms/step - loss: 0.0339
Epoch 102/300

 1/12 [=>............................] - ETA: 0s - loss: 0.0304
 3/12 [======>.......................] - ETA: 0s - loss: 0.0365
 6/12 [==============>...............] - ETA: 0s - loss: 0.0332
 9/12 [=====================>........] - ETA: 0s - loss: 0.0355
12/12 [==============================] - ETA: 0s - loss: 0.0361
12/12 [==============================] - 0s 24ms/step - loss: 0.0361
Epoch 103/300

 1/12 [=>............................] - ETA: 0s - loss: 0.0365
 4/12 [=========>....................] - ETA: 0s - loss: 0.0357
 7/12 [================>.............] - ETA: 0s - loss: 0.0356
10/12 [========================>.....] - ETA: 0s - loss: 0.0348
12/12 [==============================] - 0s 24ms/step - loss: 0.0349
Epoch 104/300

 1/12 [=>............................] - ETA: 0s - loss: 0.0444
 3/12 [======>.......................] - ETA: 0s - loss: 0.0420
 6/12 [==============>...............] - ETA: 0s - loss: 0.0426
 9/12 [=====================>........] - ETA: 0s - loss: 0.0416
11/12 [==========================>...] - ETA: 0s - loss: 0.0395
12/12 [==============================] - 0s 24ms/step - loss: 0.0395
Epoch 105/300

 1/12 [=>............................] - ETA: 0s - loss: 0.0453
 4/12 [=========>....................] - ETA: 0s - loss: 0.0375
 7/12 [================>.............] - ETA: 0s - loss: 0.0349
10/12 [========================>.....] - ETA: 0s - loss: 0.0340
12/12 [==============================] - 0s 24ms/step - loss: 0.0351
Epoch 106/300

 1/12 [=>............................] - ETA: 0s - loss: 0.0243
 4/12 [=========>....................] - ETA: 0s - loss: 0.0308
 7/12 [================>.............] - ETA: 0s - loss: 0.0315
10/12 [========================>.....] - ETA: 0s - loss: 0.0348
12/12 [==============================] - 0s 24ms/step - loss: 0.0355
Epoch 107/300

 1/12 [=>............................] - ETA: 0s - loss: 0.0352
 4/12 [=========>....................] - ETA: 0s - loss: 0.0349
 6/12 [==============>...............] - ETA: 0s - loss: 0.0362
 9/12 [=====================>........] - ETA: 0s - loss: 0.0391
12/12 [==============================] - ETA: 0s - loss: 0.0374
12/12 [==============================] - 0s 24ms/step - loss: 0.0374
Epoch 108/300

 1/12 [=>............................] - ETA: 0s - loss: 0.0331
 4/12 [=========>....................] - ETA: 0s - loss: 0.0334
 7/12 [================>.............] - ETA: 0s - loss: 0.0350
 9/12 [=====================>........] - ETA: 0s - loss: 0.0340
12/12 [==============================] - ETA: 0s - loss: 0.0339
12/12 [==============================] - 0s 24ms/step - loss: 0.0339
Epoch 109/300

 1/12 [=>............................] - ETA: 0s - loss: 0.0305
 4/12 [=========>....................] - ETA: 0s - loss: 0.0371
 7/12 [================>.............] - ETA: 0s - loss: 0.0370
 9/12 [=====================>........] - ETA: 0s - loss: 0.0347
12/12 [==============================] - ETA: 0s - loss: 0.0341
12/12 [==============================] - 0s 24ms/step - loss: 0.0341
Epoch 110/300

 1/12 [=>............................] - ETA: 0s - loss: 0.0371
 4/12 [=========>....................] - ETA: 0s - loss: 0.0340
 7/12 [================>.............] - ETA: 0s - loss: 0.0328
10/12 [========================>.....] - ETA: 0s - loss: 0.0323
12/12 [==============================] - 0s 24ms/step - loss: 0.0327
Epoch 111/300

 1/12 [=>............................] - ETA: 0s - loss: 0.0353
 4/12 [=========>....................] - ETA: 0s - loss: 0.0301
 7/12 [================>.............] - ETA: 0s - loss: 0.0319
10/12 [========================>.....] - ETA: 0s - loss: 0.0324
12/12 [==============================] - 0s 24ms/step - loss: 0.0331
Epoch 112/300

 1/12 [=>............................] - ETA: 0s - loss: 0.0385
 4/12 [=========>....................] - ETA: 0s - loss: 0.0427
 6/12 [==============>...............] - ETA: 0s - loss: 0.0408
 8/12 [===================>..........] - ETA: 0s - loss: 0.0390
11/12 [==========================>...] - ETA: 0s - loss: 0.0371
12/12 [==============================] - 0s 24ms/step - loss: 0.0372
Epoch 113/300

 1/12 [=>............................] - ETA: 0s - loss: 0.0418
 4/12 [=========>....................] - ETA: 0s - loss: 0.0357
 6/12 [==============>...............] - ETA: 0s - loss: 0.0359
 9/12 [=====================>........] - ETA: 0s - loss: 0.0366
12/12 [==============================] - ETA: 0s - loss: 0.0357
12/12 [==============================] - 0s 24ms/step - loss: 0.0357
Epoch 114/300

 1/12 [=>............................] - ETA: 0s - loss: 0.0303
 4/12 [=========>....................] - ETA: 0s - loss: 0.0346
 6/12 [==============>...............] - ETA: 0s - loss: 0.0342
 9/12 [=====================>........] - ETA: 0s - loss: 0.0329
12/12 [==============================] - ETA: 0s - loss: 0.0323
12/12 [==============================] - 0s 24ms/step - loss: 0.0323
Epoch 115/300

 1/12 [=>............................] - ETA: 0s - loss: 0.0344
 4/12 [=========>....................] - ETA: 0s - loss: 0.0363
 7/12 [================>.............] - ETA: 0s - loss: 0.0351
10/12 [========================>.....] - ETA: 0s - loss: 0.0351
12/12 [==============================] - 0s 24ms/step - loss: 0.0351
Epoch 116/300

 1/12 [=>............................] - ETA: 0s - loss: 0.0256
 4/12 [=========>....................] - ETA: 0s - loss: 0.0351
 6/12 [==============>...............] - ETA: 0s - loss: 0.0344
 9/12 [=====================>........] - ETA: 0s - loss: 0.0352
12/12 [==============================] - ETA: 0s - loss: 0.0359
12/12 [==============================] - 0s 24ms/step - loss: 0.0359
Epoch 117/300

 1/12 [=>............................] - ETA: 0s - loss: 0.0316
 4/12 [=========>....................] - ETA: 0s - loss: 0.0348
 6/12 [==============>...............] - ETA: 0s - loss: 0.0347
 9/12 [=====================>........] - ETA: 0s - loss: 0.0367
12/12 [==============================] - ETA: 0s - loss: 0.0358
12/12 [==============================] - 0s 24ms/step - loss: 0.0358
Epoch 118/300

 1/12 [=>............................] - ETA: 0s - loss: 0.0346
 4/12 [=========>....................] - ETA: 0s - loss: 0.0351
 6/12 [==============>...............] - ETA: 0s - loss: 0.0372
 8/12 [===================>..........] - ETA: 0s - loss: 0.0381
10/12 [========================>.....] - ETA: 0s - loss: 0.0367
12/12 [==============================] - 0s 25ms/step - loss: 0.0350
Epoch 119/300

 1/12 [=>............................] - ETA: 0s - loss: 0.0431
 4/12 [=========>....................] - ETA: 0s - loss: 0.0345
 6/12 [==============>...............] - ETA: 0s - loss: 0.0345
 8/12 [===================>..........] - ETA: 0s - loss: 0.0353
10/12 [========================>.....] - ETA: 0s - loss: 0.0350
12/12 [==============================] - 0s 26ms/step - loss: 0.0358
Epoch 120/300

 1/12 [=>............................] - ETA: 0s - loss: 0.0350
 3/12 [======>.......................] - ETA: 0s - loss: 0.0337
 5/12 [===========>..................] - ETA: 0s - loss: 0.0344
 8/12 [===================>..........] - ETA: 0s - loss: 0.0362
10/12 [========================>.....] - ETA: 0s - loss: 0.0353
12/12 [==============================] - 0s 25ms/step - loss: 0.0348
Epoch 121/300

 1/12 [=>............................] - ETA: 0s - loss: 0.0260
 3/12 [======>.......................] - ETA: 0s - loss: 0.0377
 5/12 [===========>..................] - ETA: 0s - loss: 0.0348
 7/12 [================>.............] - ETA: 0s - loss: 0.0332
 9/12 [=====================>........] - ETA: 0s - loss: 0.0343
11/12 [==========================>...] - ETA: 0s - loss: 0.0357
12/12 [==============================] - 0s 26ms/step - loss: 0.0357
Epoch 122/300

 1/12 [=>............................] - ETA: 0s - loss: 0.0264
 3/12 [======>.......................] - ETA: 0s - loss: 0.0326
 5/12 [===========>..................] - ETA: 0s - loss: 0.0311
 8/12 [===================>..........] - ETA: 0s - loss: 0.0353
11/12 [==========================>...] - ETA: 0s - loss: 0.0354
12/12 [==============================] - 0s 24ms/step - loss: 0.0356
Epoch 123/300

 1/12 [=>............................] - ETA: 0s - loss: 0.0381
 4/12 [=========>....................] - ETA: 0s - loss: 0.0412
 7/12 [================>.............] - ETA: 0s - loss: 0.0378
10/12 [========================>.....] - ETA: 0s - loss: 0.0355
12/12 [==============================] - 0s 24ms/step - loss: 0.0368
Epoch 124/300

 1/12 [=>............................] - ETA: 0s - loss: 0.0384
 4/12 [=========>....................] - ETA: 0s - loss: 0.0391
 7/12 [================>.............] - ETA: 0s - loss: 0.0361
10/12 [========================>.....] - ETA: 0s - loss: 0.0348
12/12 [==============================] - 0s 23ms/step - loss: 0.0352
Epoch 125/300

 1/12 [=>............................] - ETA: 0s - loss: 0.0344
 4/12 [=========>....................] - ETA: 0s - loss: 0.0314
 7/12 [================>.............] - ETA: 0s - loss: 0.0353
10/12 [========================>.....] - ETA: 0s - loss: 0.0351
12/12 [==============================] - 0s 24ms/step - loss: 0.0356
Epoch 126/300

 1/12 [=>............................] - ETA: 0s - loss: 0.0312
 4/12 [=========>....................] - ETA: 0s - loss: 0.0342
 7/12 [================>.............] - ETA: 0s - loss: 0.0359
10/12 [========================>.....] - ETA: 0s - loss: 0.0331
12/12 [==============================] - 0s 24ms/step - loss: 0.0341
Epoch 127/300

 1/12 [=>............................] - ETA: 0s - loss: 0.0422
 4/12 [=========>....................] - ETA: 0s - loss: 0.0315
 7/12 [================>.............] - ETA: 0s - loss: 0.0350
10/12 [========================>.....] - ETA: 0s - loss: 0.0348
12/12 [==============================] - 0s 24ms/step - loss: 0.0351
Epoch 128/300

 1/12 [=>............................] - ETA: 0s - loss: 0.0255
 3/12 [======>.......................] - ETA: 0s - loss: 0.0314
 6/12 [==============>...............] - ETA: 0s - loss: 0.0338
 9/12 [=====================>........] - ETA: 0s - loss: 0.0329
12/12 [==============================] - ETA: 0s - loss: 0.0322
12/12 [==============================] - 0s 24ms/step - loss: 0.0322
Epoch 129/300

 1/12 [=>............................] - ETA: 0s - loss: 0.0451
 3/12 [======>.......................] - ETA: 0s - loss: 0.0360
 6/12 [==============>...............] - ETA: 0s - loss: 0.0337
 9/12 [=====================>........] - ETA: 0s - loss: 0.0331
11/12 [==========================>...] - ETA: 0s - loss: 0.0333
12/12 [==============================] - 0s 24ms/step - loss: 0.0330
Epoch 130/300

 1/12 [=>............................] - ETA: 0s - loss: 0.0352
 4/12 [=========>....................] - ETA: 0s - loss: 0.0362
 7/12 [================>.............] - ETA: 0s - loss: 0.0355
10/12 [========================>.....] - ETA: 0s - loss: 0.0349
12/12 [==============================] - 0s 24ms/step - loss: 0.0344
Epoch 131/300

 1/12 [=>............................] - ETA: 0s - loss: 0.0396
 3/12 [======>.......................] - ETA: 0s - loss: 0.0370
 6/12 [==============>...............] - ETA: 0s - loss: 0.0343
 8/12 [===================>..........] - ETA: 0s - loss: 0.0358
10/12 [========================>.....] - ETA: 0s - loss: 0.0360
12/12 [==============================] - 0s 24ms/step - loss: 0.0357
Epoch 132/300

 1/12 [=>............................] - ETA: 0s - loss: 0.0329
 4/12 [=========>....................] - ETA: 0s - loss: 0.0325
 6/12 [==============>...............] - ETA: 0s - loss: 0.0323
 9/12 [=====================>........] - ETA: 0s - loss: 0.0335
11/12 [==========================>...] - ETA: 0s - loss: 0.0329
12/12 [==============================] - 0s 24ms/step - loss: 0.0327
Epoch 133/300

 1/12 [=>............................] - ETA: 0s - loss: 0.0345
 4/12 [=========>....................] - ETA: 0s - loss: 0.0323
 7/12 [================>.............] - ETA: 0s - loss: 0.0333
10/12 [========================>.....] - ETA: 0s - loss: 0.0341
12/12 [==============================] - 0s 24ms/step - loss: 0.0339
Epoch 134/300

 1/12 [=>............................] - ETA: 0s - loss: 0.0373
 4/12 [=========>....................] - ETA: 0s - loss: 0.0373
 7/12 [================>.............] - ETA: 0s - loss: 0.0361
 9/12 [=====================>........] - ETA: 0s - loss: 0.0366
12/12 [==============================] - ETA: 0s - loss: 0.0345
12/12 [==============================] - 0s 24ms/step - loss: 0.0345
Epoch 134: early stopping

 1/12 [=>............................] - ETA: 3s
11/12 [==========================>...] - ETA: 0s
12/12 [==============================] - 0s 5ms/step
  params for conformer: lr=0.0001, batch_size=64
[Conformer] Fold 2/3 学習開始
Epoch 1/300

 1/12 [=>............................] - ETA: 37s - loss: 1.3581
 2/12 [====>.........................] - ETA: 0s - loss: 1.4323 
 3/12 [======>.......................] - ETA: 0s - loss: 1.4950
 5/12 [===========>..................] - ETA: 0s - loss: 1.4478
 7/12 [================>.............] - ETA: 0s - loss: 1.3861
 9/12 [=====================>........] - ETA: 0s - loss: 1.3258
12/12 [==============================] - ETA: 0s - loss: 1.2313
12/12 [==============================] - 4s 35ms/step - loss: 1.2313
Epoch 2/300

 1/12 [=>............................] - ETA: 0s - loss: 0.7182
 4/12 [=========>....................] - ETA: 0s - loss: 0.5983
 6/12 [==============>...............] - ETA: 0s - loss: 0.5454
 9/12 [=====================>........] - ETA: 0s - loss: 0.4452
12/12 [==============================] - ETA: 0s - loss: 0.3879
12/12 [==============================] - 0s 24ms/step - loss: 0.3879
Epoch 3/300

 1/12 [=>............................] - ETA: 0s - loss: 0.1170
 3/12 [======>.......................] - ETA: 0s - loss: 0.1173
 6/12 [==============>...............] - ETA: 0s - loss: 0.1291
 8/12 [===================>..........] - ETA: 0s - loss: 0.1307
11/12 [==========================>...] - ETA: 0s - loss: 0.1287
12/12 [==============================] - 0s 24ms/step - loss: 0.1287
Epoch 4/300

 1/12 [=>............................] - ETA: 0s - loss: 0.1117
 4/12 [=========>....................] - ETA: 0s - loss: 0.1207
 7/12 [================>.............] - ETA: 0s - loss: 0.1132
 9/12 [=====================>........] - ETA: 0s - loss: 0.1085
11/12 [==========================>...] - ETA: 0s - loss: 0.1060
12/12 [==============================] - 0s 24ms/step - loss: 0.1055
Epoch 5/300

 1/12 [=>............................] - ETA: 0s - loss: 0.1022
 3/12 [======>.......................] - ETA: 0s - loss: 0.0974
 6/12 [==============>...............] - ETA: 0s - loss: 0.0902
 9/12 [=====================>........] - ETA: 0s - loss: 0.0875
12/12 [==============================] - ETA: 0s - loss: 0.0875
12/12 [==============================] - 0s 24ms/step - loss: 0.0875
Epoch 6/300

 1/12 [=>............................] - ETA: 0s - loss: 0.0794
 4/12 [=========>....................] - ETA: 0s - loss: 0.0853
 6/12 [==============>...............] - ETA: 0s - loss: 0.0815
 8/12 [===================>..........] - ETA: 0s - loss: 0.0808
11/12 [==========================>...] - ETA: 0s - loss: 0.0782
12/12 [==============================] - 0s 24ms/step - loss: 0.0775
Epoch 7/300

 1/12 [=>............................] - ETA: 0s - loss: 0.0735
 3/12 [======>.......................] - ETA: 0s - loss: 0.0751
 5/12 [===========>..................] - ETA: 0s - loss: 0.0685
 8/12 [===================>..........] - ETA: 0s - loss: 0.0675
10/12 [========================>.....] - ETA: 0s - loss: 0.0661
12/12 [==============================] - 0s 24ms/step - loss: 0.0658
Epoch 8/300

 1/12 [=>............................] - ETA: 0s - loss: 0.0673
 4/12 [=========>....................] - ETA: 0s - loss: 0.0624
 7/12 [================>.............] - ETA: 0s - loss: 0.0639
10/12 [========================>.....] - ETA: 0s - loss: 0.0680
12/12 [==============================] - 0s 24ms/step - loss: 0.0671
Epoch 9/300

 1/12 [=>............................] - ETA: 0s - loss: 0.0667
 4/12 [=========>....................] - ETA: 0s - loss: 0.0621
 6/12 [==============>...............] - ETA: 0s - loss: 0.0620
 9/12 [=====================>........] - ETA: 0s - loss: 0.0637
12/12 [==============================] - ETA: 0s - loss: 0.0630
12/12 [==============================] - 0s 24ms/step - loss: 0.0630
Epoch 10/300

 1/12 [=>............................] - ETA: 0s - loss: 0.0612
 3/12 [======>.......................] - ETA: 0s - loss: 0.0622
 5/12 [===========>..................] - ETA: 0s - loss: 0.0620
 8/12 [===================>..........] - ETA: 0s - loss: 0.0585
11/12 [==========================>...] - ETA: 0s - loss: 0.0622
12/12 [==============================] - 0s 24ms/step - loss: 0.0624
Epoch 11/300

 1/12 [=>............................] - ETA: 0s - loss: 0.0763
 3/12 [======>.......................] - ETA: 0s - loss: 0.0754
 6/12 [==============>...............] - ETA: 0s - loss: 0.0726
 9/12 [=====================>........] - ETA: 0s - loss: 0.0652
11/12 [==========================>...] - ETA: 0s - loss: 0.0665
12/12 [==============================] - 0s 24ms/step - loss: 0.0664
Epoch 12/300

 1/12 [=>............................] - ETA: 0s - loss: 0.0685
 4/12 [=========>....................] - ETA: 0s - loss: 0.0648
 7/12 [================>.............] - ETA: 0s - loss: 0.0621
10/12 [========================>.....] - ETA: 0s - loss: 0.0620
12/12 [==============================] - 0s 24ms/step - loss: 0.0614
Epoch 13/300

 1/12 [=>............................] - ETA: 0s - loss: 0.0486
 4/12 [=========>....................] - ETA: 0s - loss: 0.0531
 6/12 [==============>...............] - ETA: 0s - loss: 0.0550
 8/12 [===================>..........] - ETA: 0s - loss: 0.0559
11/12 [==========================>...] - ETA: 0s - loss: 0.0563
12/12 [==============================] - 0s 24ms/step - loss: 0.0559
Epoch 14/300

 1/12 [=>............................] - ETA: 0s - loss: 0.0534
 4/12 [=========>....................] - ETA: 0s - loss: 0.0599
 7/12 [================>.............] - ETA: 0s - loss: 0.0635
10/12 [========================>.....] - ETA: 0s - loss: 0.0641
12/12 [==============================] - 0s 24ms/step - loss: 0.0621
Epoch 15/300

 1/12 [=>............................] - ETA: 0s - loss: 0.0648
 4/12 [=========>....................] - ETA: 0s - loss: 0.0594
 7/12 [================>.............] - ETA: 0s - loss: 0.0607
 9/12 [=====================>........] - ETA: 0s - loss: 0.0607
11/12 [==========================>...] - ETA: 0s - loss: 0.0603
12/12 [==============================] - 0s 24ms/step - loss: 0.0604
Epoch 16/300

 1/12 [=>............................] - ETA: 0s - loss: 0.0454
 3/12 [======>.......................] - ETA: 0s - loss: 0.0552
 6/12 [==============>...............] - ETA: 0s - loss: 0.0586
 9/12 [=====================>........] - ETA: 0s - loss: 0.0589
12/12 [==============================] - ETA: 0s - loss: 0.0552
12/12 [==============================] - 0s 24ms/step - loss: 0.0552
Epoch 17/300

 1/12 [=>............................] - ETA: 0s - loss: 0.0823
 3/12 [======>.......................] - ETA: 0s - loss: 0.0709
 6/12 [==============>...............] - ETA: 0s - loss: 0.0639
 9/12 [=====================>........] - ETA: 0s - loss: 0.0614
12/12 [==============================] - ETA: 0s - loss: 0.0617
12/12 [==============================] - 0s 24ms/step - loss: 0.0617
Epoch 18/300

 1/12 [=>............................] - ETA: 0s - loss: 0.0564
 4/12 [=========>....................] - ETA: 0s - loss: 0.0590
 7/12 [================>.............] - ETA: 0s - loss: 0.0565
10/12 [========================>.....] - ETA: 0s - loss: 0.0585
12/12 [==============================] - 0s 24ms/step - loss: 0.0574
Epoch 19/300

 1/12 [=>............................] - ETA: 0s - loss: 0.0530
 3/12 [======>.......................] - ETA: 0s - loss: 0.0556
 5/12 [===========>..................] - ETA: 0s - loss: 0.0557
 8/12 [===================>..........] - ETA: 0s - loss: 0.0552
10/12 [========================>.....] - ETA: 0s - loss: 0.0561
12/12 [==============================] - 0s 24ms/step - loss: 0.0546
Epoch 20/300

 1/12 [=>............................] - ETA: 0s - loss: 0.0644
 4/12 [=========>....................] - ETA: 0s - loss: 0.0563
 6/12 [==============>...............] - ETA: 0s - loss: 0.0561
 8/12 [===================>..........] - ETA: 0s - loss: 0.0543
11/12 [==========================>...] - ETA: 0s - loss: 0.0545
12/12 [==============================] - 0s 24ms/step - loss: 0.0540
Epoch 21/300

 1/12 [=>............................] - ETA: 0s - loss: 0.0465
 4/12 [=========>....................] - ETA: 0s - loss: 0.0539
 6/12 [==============>...............] - ETA: 0s - loss: 0.0521
 9/12 [=====================>........] - ETA: 0s - loss: 0.0546
11/12 [==========================>...] - ETA: 0s - loss: 0.0538
12/12 [==============================] - 0s 24ms/step - loss: 0.0546
Epoch 22/300

 1/12 [=>............................] - ETA: 0s - loss: 0.0485
 4/12 [=========>....................] - ETA: 0s - loss: 0.0540
 6/12 [==============>...............] - ETA: 0s - loss: 0.0560
 9/12 [=====================>........] - ETA: 0s - loss: 0.0592
11/12 [==========================>...] - ETA: 0s - loss: 0.0589
12/12 [==============================] - 0s 24ms/step - loss: 0.0589
Epoch 23/300

 1/12 [=>............................] - ETA: 0s - loss: 0.0545
 3/12 [======>.......................] - ETA: 0s - loss: 0.0532
 5/12 [===========>..................] - ETA: 0s - loss: 0.0502
 7/12 [================>.............] - ETA: 0s - loss: 0.0487
 9/12 [=====================>........] - ETA: 0s - loss: 0.0514
12/12 [==============================] - ETA: 0s - loss: 0.0533
12/12 [==============================] - 0s 25ms/step - loss: 0.0533
Epoch 24/300

 1/12 [=>............................] - ETA: 0s - loss: 0.0526
 4/12 [=========>....................] - ETA: 0s - loss: 0.0546
 6/12 [==============>...............] - ETA: 0s - loss: 0.0539
 8/12 [===================>..........] - ETA: 0s - loss: 0.0598
10/12 [========================>.....] - ETA: 0s - loss: 0.0574
12/12 [==============================] - 0s 25ms/step - loss: 0.0580
Epoch 25/300

 1/12 [=>............................] - ETA: 0s - loss: 0.0446
 3/12 [======>.......................] - ETA: 0s - loss: 0.0554
 5/12 [===========>..................] - ETA: 0s - loss: 0.0542
 7/12 [================>.............] - ETA: 0s - loss: 0.0552
 9/12 [=====================>........] - ETA: 0s - loss: 0.0521
11/12 [==========================>...] - ETA: 0s - loss: 0.0533
12/12 [==============================] - 0s 26ms/step - loss: 0.0533
Epoch 26/300

 1/12 [=>............................] - ETA: 0s - loss: 0.0483
 3/12 [======>.......................] - ETA: 0s - loss: 0.0512
 5/12 [===========>..................] - ETA: 0s - loss: 0.0532
 7/12 [================>.............] - ETA: 0s - loss: 0.0516
 9/12 [=====================>........] - ETA: 0s - loss: 0.0523
11/12 [==========================>...] - ETA: 0s - loss: 0.0535
12/12 [==============================] - 0s 25ms/step - loss: 0.0541
Epoch 27/300

 1/12 [=>............................] - ETA: 0s - loss: 0.0436
 3/12 [======>.......................] - ETA: 0s - loss: 0.0533
 5/12 [===========>..................] - ETA: 0s - loss: 0.0523
 7/12 [================>.............] - ETA: 0s - loss: 0.0516
10/12 [========================>.....] - ETA: 0s - loss: 0.0499
12/12 [==============================] - 0s 24ms/step - loss: 0.0500
Epoch 28/300

 1/12 [=>............................] - ETA: 0s - loss: 0.0520
 3/12 [======>.......................] - ETA: 0s - loss: 0.0595
 6/12 [==============>...............] - ETA: 0s - loss: 0.0566
 9/12 [=====================>........] - ETA: 0s - loss: 0.0551
12/12 [==============================] - ETA: 0s - loss: 0.0554
12/12 [==============================] - 0s 24ms/step - loss: 0.0554
Epoch 29/300

 1/12 [=>............................] - ETA: 0s - loss: 0.0478
 4/12 [=========>....................] - ETA: 0s - loss: 0.0523
 6/12 [==============>...............] - ETA: 0s - loss: 0.0516
 9/12 [=====================>........] - ETA: 0s - loss: 0.0527
12/12 [==============================] - ETA: 0s - loss: 0.0532
12/12 [==============================] - 0s 24ms/step - loss: 0.0532
Epoch 30/300

 1/12 [=>............................] - ETA: 0s - loss: 0.0586
 4/12 [=========>....................] - ETA: 0s - loss: 0.0529
 7/12 [================>.............] - ETA: 0s - loss: 0.0555
 9/12 [=====================>........] - ETA: 0s - loss: 0.0544
12/12 [==============================] - ETA: 0s - loss: 0.0515
12/12 [==============================] - 0s 24ms/step - loss: 0.0515
Epoch 31/300

 1/12 [=>............................] - ETA: 0s - loss: 0.0580
 3/12 [======>.......................] - ETA: 0s - loss: 0.0523
 5/12 [===========>..................] - ETA: 0s - loss: 0.0522
 8/12 [===================>..........] - ETA: 0s - loss: 0.0513
10/12 [========================>.....] - ETA: 0s - loss: 0.0498
12/12 [==============================] - 0s 25ms/step - loss: 0.0488
Epoch 32/300

 1/12 [=>............................] - ETA: 0s - loss: 0.0471
 4/12 [=========>....................] - ETA: 0s - loss: 0.0430
 7/12 [================>.............] - ETA: 0s - loss: 0.0464
 9/12 [=====================>........] - ETA: 0s - loss: 0.0489
12/12 [==============================] - ETA: 0s - loss: 0.0493
12/12 [==============================] - 0s 24ms/step - loss: 0.0493
Epoch 33/300

 1/12 [=>............................] - ETA: 0s - loss: 0.0426
 4/12 [=========>....................] - ETA: 0s - loss: 0.0459
 7/12 [================>.............] - ETA: 0s - loss: 0.0485
10/12 [========================>.....] - ETA: 0s - loss: 0.0457
12/12 [==============================] - 0s 24ms/step - loss: 0.0465
Epoch 34/300

 1/12 [=>............................] - ETA: 0s - loss: 0.0552
 4/12 [=========>....................] - ETA: 0s - loss: 0.0553
 6/12 [==============>...............] - ETA: 0s - loss: 0.0534
 9/12 [=====================>........] - ETA: 0s - loss: 0.0519
11/12 [==========================>...] - ETA: 0s - loss: 0.0511
12/12 [==============================] - 0s 24ms/step - loss: 0.0512
Epoch 35/300

 1/12 [=>............................] - ETA: 0s - loss: 0.0540
 4/12 [=========>....................] - ETA: 0s - loss: 0.0526
 6/12 [==============>...............] - ETA: 0s - loss: 0.0504
 9/12 [=====================>........] - ETA: 0s - loss: 0.0495
11/12 [==========================>...] - ETA: 0s - loss: 0.0496
12/12 [==============================] - 0s 25ms/step - loss: 0.0494
Epoch 36/300

 1/12 [=>............................] - ETA: 0s - loss: 0.0487
 3/12 [======>.......................] - ETA: 0s - loss: 0.0445
 5/12 [===========>..................] - ETA: 0s - loss: 0.0515
 8/12 [===================>..........] - ETA: 0s - loss: 0.0525
11/12 [==========================>...] - ETA: 0s - loss: 0.0514
12/12 [==============================] - 0s 25ms/step - loss: 0.0519
Epoch 37/300

 1/12 [=>............................] - ETA: 0s - loss: 0.0444
 4/12 [=========>....................] - ETA: 0s - loss: 0.0520
 7/12 [================>.............] - ETA: 0s - loss: 0.0542
 9/12 [=====================>........] - ETA: 0s - loss: 0.0533
12/12 [==============================] - ETA: 0s - loss: 0.0504
12/12 [==============================] - 0s 24ms/step - loss: 0.0504
Epoch 38/300

 1/12 [=>............................] - ETA: 0s - loss: 0.0405
 3/12 [======>.......................] - ETA: 0s - loss: 0.0489
 6/12 [==============>...............] - ETA: 0s - loss: 0.0476
 8/12 [===================>..........] - ETA: 0s - loss: 0.0490
11/12 [==========================>...] - ETA: 0s - loss: 0.0469
12/12 [==============================] - 0s 24ms/step - loss: 0.0473
Epoch 39/300

 1/12 [=>............................] - ETA: 0s - loss: 0.0456
 3/12 [======>.......................] - ETA: 0s - loss: 0.0456
 5/12 [===========>..................] - ETA: 0s - loss: 0.0502
 7/12 [================>.............] - ETA: 0s - loss: 0.0498
10/12 [========================>.....] - ETA: 0s - loss: 0.0481
12/12 [==============================] - 0s 25ms/step - loss: 0.0486
Epoch 40/300

 1/12 [=>............................] - ETA: 0s - loss: 0.0547
 4/12 [=========>....................] - ETA: 0s - loss: 0.0535
 7/12 [================>.............] - ETA: 0s - loss: 0.0479
10/12 [========================>.....] - ETA: 0s - loss: 0.0483
12/12 [==============================] - 0s 24ms/step - loss: 0.0482
Epoch 41/300

 1/12 [=>............................] - ETA: 0s - loss: 0.0624
 4/12 [=========>....................] - ETA: 0s - loss: 0.0553
 7/12 [================>.............] - ETA: 0s - loss: 0.0526
10/12 [========================>.....] - ETA: 0s - loss: 0.0496
12/12 [==============================] - 0s 24ms/step - loss: 0.0517
Epoch 42/300

 1/12 [=>............................] - ETA: 0s - loss: 0.0425
 3/12 [======>.......................] - ETA: 0s - loss: 0.0482
 5/12 [===========>..................] - ETA: 0s - loss: 0.0496
 7/12 [================>.............] - ETA: 0s - loss: 0.0507
10/12 [========================>.....] - ETA: 0s - loss: 0.0498
12/12 [==============================] - 0s 24ms/step - loss: 0.0501
Epoch 43/300

 1/12 [=>............................] - ETA: 0s - loss: 0.0447
 4/12 [=========>....................] - ETA: 0s - loss: 0.0421
 6/12 [==============>...............] - ETA: 0s - loss: 0.0432
 9/12 [=====================>........] - ETA: 0s - loss: 0.0442
11/12 [==========================>...] - ETA: 0s - loss: 0.0434
12/12 [==============================] - 0s 24ms/step - loss: 0.0431
Epoch 44/300

 1/12 [=>............................] - ETA: 0s - loss: 0.0431
 4/12 [=========>....................] - ETA: 0s - loss: 0.0442
 6/12 [==============>...............] - ETA: 0s - loss: 0.0478
 9/12 [=====================>........] - ETA: 0s - loss: 0.0458
11/12 [==========================>...] - ETA: 0s - loss: 0.0460
12/12 [==============================] - 0s 24ms/step - loss: 0.0456
Epoch 45/300

 1/12 [=>............................] - ETA: 0s - loss: 0.0367
 3/12 [======>.......................] - ETA: 0s - loss: 0.0432
 6/12 [==============>...............] - ETA: 0s - loss: 0.0502
 8/12 [===================>..........] - ETA: 0s - loss: 0.0490
10/12 [========================>.....] - ETA: 0s - loss: 0.0485
12/12 [==============================] - 0s 24ms/step - loss: 0.0483
Epoch 46/300

 1/12 [=>............................] - ETA: 0s - loss: 0.0474
 3/12 [======>.......................] - ETA: 0s - loss: 0.0482
 5/12 [===========>..................] - ETA: 0s - loss: 0.0496
 8/12 [===================>..........] - ETA: 0s - loss: 0.0504
10/12 [========================>.....] - ETA: 0s - loss: 0.0480
12/12 [==============================] - 0s 24ms/step - loss: 0.0485
Epoch 47/300

 1/12 [=>............................] - ETA: 0s - loss: 0.0292
 4/12 [=========>....................] - ETA: 0s - loss: 0.0377
 7/12 [================>.............] - ETA: 0s - loss: 0.0420
 9/12 [=====================>........] - ETA: 0s - loss: 0.0439
11/12 [==========================>...] - ETA: 0s - loss: 0.0443
12/12 [==============================] - 0s 24ms/step - loss: 0.0438
Epoch 48/300

 1/12 [=>............................] - ETA: 0s - loss: 0.0526
 4/12 [=========>....................] - ETA: 0s - loss: 0.0546
 7/12 [================>.............] - ETA: 0s - loss: 0.0515
10/12 [========================>.....] - ETA: 0s - loss: 0.0489
12/12 [==============================] - 0s 24ms/step - loss: 0.0495
Epoch 49/300

 1/12 [=>............................] - ETA: 0s - loss: 0.0393
 3/12 [======>.......................] - ETA: 0s - loss: 0.0405
 5/12 [===========>..................] - ETA: 0s - loss: 0.0388
 7/12 [================>.............] - ETA: 0s - loss: 0.0414
 9/12 [=====================>........] - ETA: 0s - loss: 0.0418
11/12 [==========================>...] - ETA: 0s - loss: 0.0417
12/12 [==============================] - 0s 25ms/step - loss: 0.0414
Epoch 50/300

 1/12 [=>............................] - ETA: 0s - loss: 0.0545
 3/12 [======>.......................] - ETA: 0s - loss: 0.0529
 6/12 [==============>...............] - ETA: 0s - loss: 0.0508
 9/12 [=====================>........] - ETA: 0s - loss: 0.0491
11/12 [==========================>...] - ETA: 0s - loss: 0.0478
12/12 [==============================] - 0s 24ms/step - loss: 0.0475
Epoch 51/300

 1/12 [=>............................] - ETA: 0s - loss: 0.0394
 3/12 [======>.......................] - ETA: 0s - loss: 0.0474
 6/12 [==============>...............] - ETA: 0s - loss: 0.0448
 8/12 [===================>..........] - ETA: 0s - loss: 0.0444
10/12 [========================>.....] - ETA: 0s - loss: 0.0452
12/12 [==============================] - 0s 24ms/step - loss: 0.0442
Epoch 52/300

 1/12 [=>............................] - ETA: 0s - loss: 0.0531
 4/12 [=========>....................] - ETA: 0s - loss: 0.0498
 7/12 [================>.............] - ETA: 0s - loss: 0.0476
10/12 [========================>.....] - ETA: 0s - loss: 0.0462
12/12 [==============================] - 0s 24ms/step - loss: 0.0467
Epoch 53/300

 1/12 [=>............................] - ETA: 0s - loss: 0.0384
 3/12 [======>.......................] - ETA: 0s - loss: 0.0441
 6/12 [==============>...............] - ETA: 0s - loss: 0.0442
 8/12 [===================>..........] - ETA: 0s - loss: 0.0430
11/12 [==========================>...] - ETA: 0s - loss: 0.0450
12/12 [==============================] - 0s 24ms/step - loss: 0.0456
Epoch 54/300

 1/12 [=>............................] - ETA: 0s - loss: 0.0371
 3/12 [======>.......................] - ETA: 0s - loss: 0.0519
 6/12 [==============>...............] - ETA: 0s - loss: 0.0477
 9/12 [=====================>........] - ETA: 0s - loss: 0.0472
11/12 [==========================>...] - ETA: 0s - loss: 0.0468
12/12 [==============================] - 0s 24ms/step - loss: 0.0479
Epoch 55/300

 1/12 [=>............................] - ETA: 0s - loss: 0.0725
 4/12 [=========>....................] - ETA: 0s - loss: 0.0574
 7/12 [================>.............] - ETA: 0s - loss: 0.0501
10/12 [========================>.....] - ETA: 0s - loss: 0.0492
12/12 [==============================] - 0s 24ms/step - loss: 0.0478
Epoch 56/300

 1/12 [=>............................] - ETA: 0s - loss: 0.0572
 3/12 [======>.......................] - ETA: 0s - loss: 0.0508
 5/12 [===========>..................] - ETA: 0s - loss: 0.0465
 8/12 [===================>..........] - ETA: 0s - loss: 0.0444
11/12 [==========================>...] - ETA: 0s - loss: 0.0454
12/12 [==============================] - 0s 24ms/step - loss: 0.0452
Epoch 57/300

 1/12 [=>............................] - ETA: 0s - loss: 0.0607
 4/12 [=========>....................] - ETA: 0s - loss: 0.0462
 7/12 [================>.............] - ETA: 0s - loss: 0.0447
10/12 [========================>.....] - ETA: 0s - loss: 0.0433
12/12 [==============================] - 0s 24ms/step - loss: 0.0453
Epoch 58/300

 1/12 [=>............................] - ETA: 0s - loss: 0.0535
 3/12 [======>.......................] - ETA: 0s - loss: 0.0472
 6/12 [==============>...............] - ETA: 0s - loss: 0.0433
 8/12 [===================>..........] - ETA: 0s - loss: 0.0417
11/12 [==========================>...] - ETA: 0s - loss: 0.0426
12/12 [==============================] - 0s 24ms/step - loss: 0.0427
Epoch 59/300

 1/12 [=>............................] - ETA: 0s - loss: 0.0571
 3/12 [======>.......................] - ETA: 0s - loss: 0.0461
 5/12 [===========>..................] - ETA: 0s - loss: 0.0488
 7/12 [================>.............] - ETA: 0s - loss: 0.0507
10/12 [========================>.....] - ETA: 0s - loss: 0.0479
12/12 [==============================] - 0s 24ms/step - loss: 0.0474
Epoch 60/300

 1/12 [=>............................] - ETA: 0s - loss: 0.0533
 4/12 [=========>....................] - ETA: 0s - loss: 0.0507
 6/12 [==============>...............] - ETA: 0s - loss: 0.0505
 9/12 [=====================>........] - ETA: 0s - loss: 0.0480
12/12 [==============================] - ETA: 0s - loss: 0.0468
12/12 [==============================] - 0s 24ms/step - loss: 0.0468
Epoch 61/300

 1/12 [=>............................] - ETA: 0s - loss: 0.0511
 4/12 [=========>....................] - ETA: 0s - loss: 0.0415
 6/12 [==============>...............] - ETA: 0s - loss: 0.0412
 9/12 [=====================>........] - ETA: 0s - loss: 0.0419
12/12 [==============================] - ETA: 0s - loss: 0.0414
12/12 [==============================] - 0s 24ms/step - loss: 0.0414
Epoch 62/300

 1/12 [=>............................] - ETA: 0s - loss: 0.0403
 4/12 [=========>....................] - ETA: 0s - loss: 0.0427
 6/12 [==============>...............] - ETA: 0s - loss: 0.0444
 8/12 [===================>..........] - ETA: 0s - loss: 0.0453
11/12 [==========================>...] - ETA: 0s - loss: 0.0465
12/12 [==============================] - 0s 24ms/step - loss: 0.0465
Epoch 63/300

 1/12 [=>............................] - ETA: 0s - loss: 0.0421
 4/12 [=========>....................] - ETA: 0s - loss: 0.0459
 6/12 [==============>...............] - ETA: 0s - loss: 0.0427
 8/12 [===================>..........] - ETA: 0s - loss: 0.0429
11/12 [==========================>...] - ETA: 0s - loss: 0.0425
12/12 [==============================] - 0s 24ms/step - loss: 0.0429
Epoch 64/300

 1/12 [=>............................] - ETA: 0s - loss: 0.0310
 4/12 [=========>....................] - ETA: 0s - loss: 0.0437
 7/12 [================>.............] - ETA: 0s - loss: 0.0423
10/12 [========================>.....] - ETA: 0s - loss: 0.0429
12/12 [==============================] - 0s 24ms/step - loss: 0.0433
Epoch 65/300

 1/12 [=>............................] - ETA: 0s - loss: 0.0377
 4/12 [=========>....................] - ETA: 0s - loss: 0.0383
 6/12 [==============>...............] - ETA: 0s - loss: 0.0402
 9/12 [=====================>........] - ETA: 0s - loss: 0.0387
12/12 [==============================] - ETA: 0s - loss: 0.0417
12/12 [==============================] - 0s 24ms/step - loss: 0.0417
Epoch 66/300

 1/12 [=>............................] - ETA: 0s - loss: 0.0360
 4/12 [=========>....................] - ETA: 0s - loss: 0.0439
 7/12 [================>.............] - ETA: 0s - loss: 0.0446
 9/12 [=====================>........] - ETA: 0s - loss: 0.0443
11/12 [==========================>...] - ETA: 0s - loss: 0.0439
12/12 [==============================] - 0s 24ms/step - loss: 0.0443
Epoch 67/300

 1/12 [=>............................] - ETA: 0s - loss: 0.0441
 4/12 [=========>....................] - ETA: 0s - loss: 0.0441
 7/12 [================>.............] - ETA: 0s - loss: 0.0424
 9/12 [=====================>........] - ETA: 0s - loss: 0.0423
11/12 [==========================>...] - ETA: 0s - loss: 0.0417
12/12 [==============================] - 0s 24ms/step - loss: 0.0419
Epoch 68/300

 1/12 [=>............................] - ETA: 0s - loss: 0.0360
 4/12 [=========>....................] - ETA: 0s - loss: 0.0412
 6/12 [==============>...............] - ETA: 0s - loss: 0.0434
 8/12 [===================>..........] - ETA: 0s - loss: 0.0447
11/12 [==========================>...] - ETA: 0s - loss: 0.0439
12/12 [==============================] - 0s 24ms/step - loss: 0.0442
Epoch 69/300

 1/12 [=>............................] - ETA: 0s - loss: 0.0529
 3/12 [======>.......................] - ETA: 0s - loss: 0.0463
 6/12 [==============>...............] - ETA: 0s - loss: 0.0446
 8/12 [===================>..........] - ETA: 0s - loss: 0.0452
10/12 [========================>.....] - ETA: 0s - loss: 0.0482
12/12 [==============================] - 0s 24ms/step - loss: 0.0488
Epoch 69: early stopping

 1/12 [=>............................] - ETA: 3s
11/12 [==========================>...] - ETA: 0s
12/12 [==============================] - 0s 5ms/step
  params for conformer: lr=0.0001, batch_size=64
[Conformer] Fold 3/3 学習開始
Epoch 1/300

 1/12 [=>............................] - ETA: 37s - loss: 0.4800
 2/12 [====>.........................] - ETA: 0s - loss: 0.4583 
 3/12 [======>.......................] - ETA: 0s - loss: 0.4831
 4/12 [=========>....................] - ETA: 0s - loss: 0.4803
 5/12 [===========>..................] - ETA: 0s - loss: 0.4516
 7/12 [================>.............] - ETA: 0s - loss: 0.4257
10/12 [========================>.....] - ETA: 0s - loss: 0.3736
12/12 [==============================] - 4s 37ms/step - loss: 0.3540
Epoch 2/300

 1/12 [=>............................] - ETA: 0s - loss: 0.1684
 3/12 [======>.......................] - ETA: 0s - loss: 0.1356
 5/12 [===========>..................] - ETA: 0s - loss: 0.1318
 8/12 [===================>..........] - ETA: 0s - loss: 0.1200
11/12 [==========================>...] - ETA: 0s - loss: 0.1146
12/12 [==============================] - 0s 25ms/step - loss: 0.1140
Epoch 3/300

 1/12 [=>............................] - ETA: 0s - loss: 0.1172
 4/12 [=========>....................] - ETA: 0s - loss: 0.1033
 7/12 [================>.............] - ETA: 0s - loss: 0.0941
 9/12 [=====================>........] - ETA: 0s - loss: 0.0901
12/12 [==============================] - ETA: 0s - loss: 0.0874
12/12 [==============================] - 0s 24ms/step - loss: 0.0874
Epoch 4/300

 1/12 [=>............................] - ETA: 0s - loss: 0.1063
 3/12 [======>.......................] - ETA: 0s - loss: 0.0843
 5/12 [===========>..................] - ETA: 0s - loss: 0.0827
 8/12 [===================>..........] - ETA: 0s - loss: 0.0788
10/12 [========================>.....] - ETA: 0s - loss: 0.0772
12/12 [==============================] - 0s 25ms/step - loss: 0.0782
Epoch 5/300

 1/12 [=>............................] - ETA: 0s - loss: 0.0709
 4/12 [=========>....................] - ETA: 0s - loss: 0.0669
 7/12 [================>.............] - ETA: 0s - loss: 0.0700
 9/12 [=====================>........] - ETA: 0s - loss: 0.0727
12/12 [==============================] - ETA: 0s - loss: 0.0725
12/12 [==============================] - 0s 25ms/step - loss: 0.0725
Epoch 6/300

 1/12 [=>............................] - ETA: 0s - loss: 0.0641
 3/12 [======>.......................] - ETA: 0s - loss: 0.0732
 6/12 [==============>...............] - ETA: 0s - loss: 0.0669
 9/12 [=====================>........] - ETA: 0s - loss: 0.0662
11/12 [==========================>...] - ETA: 0s - loss: 0.0658
12/12 [==============================] - 0s 24ms/step - loss: 0.0659
Epoch 7/300

 1/12 [=>............................] - ETA: 0s - loss: 0.0504
 4/12 [=========>....................] - ETA: 0s - loss: 0.0603
 6/12 [==============>...............] - ETA: 0s - loss: 0.0604
 9/12 [=====================>........] - ETA: 0s - loss: 0.0600
12/12 [==============================] - ETA: 0s - loss: 0.0605
12/12 [==============================] - 0s 24ms/step - loss: 0.0605
Epoch 8/300

 1/12 [=>............................] - ETA: 0s - loss: 0.0722
 4/12 [=========>....................] - ETA: 0s - loss: 0.0567
 6/12 [==============>...............] - ETA: 0s - loss: 0.0612
 9/12 [=====================>........] - ETA: 0s - loss: 0.0597
11/12 [==========================>...] - ETA: 0s - loss: 0.0614
12/12 [==============================] - 0s 24ms/step - loss: 0.0617
Epoch 9/300

 1/12 [=>............................] - ETA: 0s - loss: 0.0571
 3/12 [======>.......................] - ETA: 0s - loss: 0.0587
 5/12 [===========>..................] - ETA: 0s - loss: 0.0585
 7/12 [================>.............] - ETA: 0s - loss: 0.0543
10/12 [========================>.....] - ETA: 0s - loss: 0.0547
12/12 [==============================] - 0s 24ms/step - loss: 0.0554
Epoch 10/300

 1/12 [=>............................] - ETA: 0s - loss: 0.0369
 3/12 [======>.......................] - ETA: 0s - loss: 0.0555
 6/12 [==============>...............] - ETA: 0s - loss: 0.0587
 9/12 [=====================>........] - ETA: 0s - loss: 0.0569
11/12 [==========================>...] - ETA: 0s - loss: 0.0582
12/12 [==============================] - 0s 24ms/step - loss: 0.0583
Epoch 11/300

 1/12 [=>............................] - ETA: 0s - loss: 0.0575
 3/12 [======>.......................] - ETA: 0s - loss: 0.0521
 5/12 [===========>..................] - ETA: 0s - loss: 0.0547
 8/12 [===================>..........] - ETA: 0s - loss: 0.0562
11/12 [==========================>...] - ETA: 0s - loss: 0.0557
12/12 [==============================] - 0s 24ms/step - loss: 0.0555
Epoch 12/300

 1/12 [=>............................] - ETA: 0s - loss: 0.0713
 4/12 [=========>....................] - ETA: 0s - loss: 0.0628
 7/12 [================>.............] - ETA: 0s - loss: 0.0580
 9/12 [=====================>........] - ETA: 0s - loss: 0.0598
12/12 [==============================] - ETA: 0s - loss: 0.0589
12/12 [==============================] - 0s 24ms/step - loss: 0.0589
Epoch 13/300

 1/12 [=>............................] - ETA: 0s - loss: 0.0669
 3/12 [======>.......................] - ETA: 0s - loss: 0.0569
 6/12 [==============>...............] - ETA: 0s - loss: 0.0586
 8/12 [===================>..........] - ETA: 0s - loss: 0.0563
11/12 [==========================>...] - ETA: 0s - loss: 0.0559
12/12 [==============================] - 0s 24ms/step - loss: 0.0556
Epoch 14/300

 1/12 [=>............................] - ETA: 0s - loss: 0.0716
 3/12 [======>.......................] - ETA: 0s - loss: 0.0561
 6/12 [==============>...............] - ETA: 0s - loss: 0.0529
 9/12 [=====================>........] - ETA: 0s - loss: 0.0507
11/12 [==========================>...] - ETA: 0s - loss: 0.0510
12/12 [==============================] - 0s 24ms/step - loss: 0.0517
Epoch 15/300

 1/12 [=>............................] - ETA: 0s - loss: 0.0396
 4/12 [=========>....................] - ETA: 0s - loss: 0.0517
 7/12 [================>.............] - ETA: 0s - loss: 0.0533
 9/12 [=====================>........] - ETA: 0s - loss: 0.0527
11/12 [==========================>...] - ETA: 0s - loss: 0.0513
12/12 [==============================] - 0s 24ms/step - loss: 0.0512
Epoch 16/300

 1/12 [=>............................] - ETA: 0s - loss: 0.0513
 4/12 [=========>....................] - ETA: 0s - loss: 0.0532
 7/12 [================>.............] - ETA: 0s - loss: 0.0601
 9/12 [=====================>........] - ETA: 0s - loss: 0.0585
11/12 [==========================>...] - ETA: 0s - loss: 0.0555
12/12 [==============================] - 0s 24ms/step - loss: 0.0561
Epoch 17/300

 1/12 [=>............................] - ETA: 0s - loss: 0.0515
 4/12 [=========>....................] - ETA: 0s - loss: 0.0527
 7/12 [================>.............] - ETA: 0s - loss: 0.0526
10/12 [========================>.....] - ETA: 0s - loss: 0.0555
12/12 [==============================] - 0s 24ms/step - loss: 0.0556
Epoch 18/300

 1/12 [=>............................] - ETA: 0s - loss: 0.0394
 3/12 [======>.......................] - ETA: 0s - loss: 0.0423
 6/12 [==============>...............] - ETA: 0s - loss: 0.0482
 9/12 [=====================>........] - ETA: 0s - loss: 0.0509
11/12 [==========================>...] - ETA: 0s - loss: 0.0496
12/12 [==============================] - 0s 24ms/step - loss: 0.0501
Epoch 19/300

 1/12 [=>............................] - ETA: 0s - loss: 0.0553
 3/12 [======>.......................] - ETA: 0s - loss: 0.0545
 5/12 [===========>..................] - ETA: 0s - loss: 0.0534
 7/12 [================>.............] - ETA: 0s - loss: 0.0548
10/12 [========================>.....] - ETA: 0s - loss: 0.0533
12/12 [==============================] - 0s 24ms/step - loss: 0.0537
Epoch 20/300

 1/12 [=>............................] - ETA: 0s - loss: 0.0496
 3/12 [======>.......................] - ETA: 0s - loss: 0.0580
 5/12 [===========>..................] - ETA: 0s - loss: 0.0559
 7/12 [================>.............] - ETA: 0s - loss: 0.0530
10/12 [========================>.....] - ETA: 0s - loss: 0.0535
12/12 [==============================] - 0s 25ms/step - loss: 0.0531
Epoch 21/300

 1/12 [=>............................] - ETA: 0s - loss: 0.0566
 4/12 [=========>....................] - ETA: 0s - loss: 0.0538
 7/12 [================>.............] - ETA: 0s - loss: 0.0514
10/12 [========================>.....] - ETA: 0s - loss: 0.0502
12/12 [==============================] - 0s 24ms/step - loss: 0.0506
Epoch 22/300

 1/12 [=>............................] - ETA: 0s - loss: 0.0553
 3/12 [======>.......................] - ETA: 0s - loss: 0.0515
 6/12 [==============>...............] - ETA: 0s - loss: 0.0507
 8/12 [===================>..........] - ETA: 0s - loss: 0.0513
11/12 [==========================>...] - ETA: 0s - loss: 0.0510
12/12 [==============================] - 0s 24ms/step - loss: 0.0509
Epoch 23/300

 1/12 [=>............................] - ETA: 0s - loss: 0.0516
 4/12 [=========>....................] - ETA: 0s - loss: 0.0484
 6/12 [==============>...............] - ETA: 0s - loss: 0.0460
 9/12 [=====================>........] - ETA: 0s - loss: 0.0490
11/12 [==========================>...] - ETA: 0s - loss: 0.0519
12/12 [==============================] - 0s 24ms/step - loss: 0.0517
Epoch 24/300

 1/12 [=>............................] - ETA: 0s - loss: 0.0579
 3/12 [======>.......................] - ETA: 0s - loss: 0.0515
 6/12 [==============>...............] - ETA: 0s - loss: 0.0493
 9/12 [=====================>........] - ETA: 0s - loss: 0.0487
11/12 [==========================>...] - ETA: 0s - loss: 0.0490
12/12 [==============================] - 0s 24ms/step - loss: 0.0491
Epoch 25/300

 1/12 [=>............................] - ETA: 0s - loss: 0.0421
 4/12 [=========>....................] - ETA: 0s - loss: 0.0476
 7/12 [================>.............] - ETA: 0s - loss: 0.0483
10/12 [========================>.....] - ETA: 0s - loss: 0.0493
12/12 [==============================] - 0s 24ms/step - loss: 0.0494
Epoch 26/300

 1/12 [=>............................] - ETA: 0s - loss: 0.0428
 4/12 [=========>....................] - ETA: 0s - loss: 0.0500
 6/12 [==============>...............] - ETA: 0s - loss: 0.0487
 9/12 [=====================>........] - ETA: 0s - loss: 0.0500
12/12 [==============================] - ETA: 0s - loss: 0.0514
12/12 [==============================] - 0s 24ms/step - loss: 0.0514
Epoch 27/300

 1/12 [=>............................] - ETA: 0s - loss: 0.0441
 4/12 [=========>....................] - ETA: 0s - loss: 0.0491
 6/12 [==============>...............] - ETA: 0s - loss: 0.0505
 9/12 [=====================>........] - ETA: 0s - loss: 0.0498
12/12 [==============================] - ETA: 0s - loss: 0.0499
12/12 [==============================] - 0s 24ms/step - loss: 0.0499
Epoch 28/300

 1/12 [=>............................] - ETA: 0s - loss: 0.0483
 3/12 [======>.......................] - ETA: 0s - loss: 0.0443
 5/12 [===========>..................] - ETA: 0s - loss: 0.0487
 8/12 [===================>..........] - ETA: 0s - loss: 0.0487
11/12 [==========================>...] - ETA: 0s - loss: 0.0510
12/12 [==============================] - 0s 24ms/step - loss: 0.0509
Epoch 29/300

 1/12 [=>............................] - ETA: 0s - loss: 0.0362
 4/12 [=========>....................] - ETA: 0s - loss: 0.0415
 7/12 [================>.............] - ETA: 0s - loss: 0.0435
 9/12 [=====================>........] - ETA: 0s - loss: 0.0461
12/12 [==============================] - ETA: 0s - loss: 0.0475
12/12 [==============================] - 0s 24ms/step - loss: 0.0475
Epoch 30/300

 1/12 [=>............................] - ETA: 0s - loss: 0.0828
 3/12 [======>.......................] - ETA: 0s - loss: 0.0625
 6/12 [==============>...............] - ETA: 0s - loss: 0.0602
 9/12 [=====================>........] - ETA: 0s - loss: 0.0571
12/12 [==============================] - ETA: 0s - loss: 0.0526
12/12 [==============================] - 0s 24ms/step - loss: 0.0526
Epoch 31/300

 1/12 [=>............................] - ETA: 0s - loss: 0.0423
 3/12 [======>.......................] - ETA: 0s - loss: 0.0447
 5/12 [===========>..................] - ETA: 0s - loss: 0.0437
 8/12 [===================>..........] - ETA: 0s - loss: 0.0465
10/12 [========================>.....] - ETA: 0s - loss: 0.0476
12/12 [==============================] - 0s 25ms/step - loss: 0.0479
Epoch 32/300

 1/12 [=>............................] - ETA: 0s - loss: 0.0379
 4/12 [=========>....................] - ETA: 0s - loss: 0.0424
 6/12 [==============>...............] - ETA: 0s - loss: 0.0427
 8/12 [===================>..........] - ETA: 0s - loss: 0.0443
11/12 [==========================>...] - ETA: 0s - loss: 0.0437
12/12 [==============================] - 0s 24ms/step - loss: 0.0448
Epoch 33/300

 1/12 [=>............................] - ETA: 0s - loss: 0.0433
 3/12 [======>.......................] - ETA: 0s - loss: 0.0487
 6/12 [==============>...............] - ETA: 0s - loss: 0.0490
 8/12 [===================>..........] - ETA: 0s - loss: 0.0495
10/12 [========================>.....] - ETA: 0s - loss: 0.0489
12/12 [==============================] - 0s 24ms/step - loss: 0.0488
Epoch 34/300

 1/12 [=>............................] - ETA: 0s - loss: 0.0450
 3/12 [======>.......................] - ETA: 0s - loss: 0.0455
 6/12 [==============>...............] - ETA: 0s - loss: 0.0439
 8/12 [===================>..........] - ETA: 0s - loss: 0.0441
11/12 [==========================>...] - ETA: 0s - loss: 0.0455
12/12 [==============================] - 0s 24ms/step - loss: 0.0457
Epoch 35/300

 1/12 [=>............................] - ETA: 0s - loss: 0.0476
 3/12 [======>.......................] - ETA: 0s - loss: 0.0488
 6/12 [==============>...............] - ETA: 0s - loss: 0.0484
 9/12 [=====================>........] - ETA: 0s - loss: 0.0473
12/12 [==============================] - ETA: 0s - loss: 0.0477
12/12 [==============================] - 0s 24ms/step - loss: 0.0477
Epoch 36/300

 1/12 [=>............................] - ETA: 0s - loss: 0.0454
 4/12 [=========>....................] - ETA: 0s - loss: 0.0436
 7/12 [================>.............] - ETA: 0s - loss: 0.0436
10/12 [========================>.....] - ETA: 0s - loss: 0.0426
12/12 [==============================] - 0s 24ms/step - loss: 0.0441
Epoch 37/300

 1/12 [=>............................] - ETA: 0s - loss: 0.0360
 4/12 [=========>....................] - ETA: 0s - loss: 0.0465
 7/12 [================>.............] - ETA: 0s - loss: 0.0490
10/12 [========================>.....] - ETA: 0s - loss: 0.0483
12/12 [==============================] - 0s 24ms/step - loss: 0.0494
Epoch 38/300

 1/12 [=>............................] - ETA: 0s - loss: 0.0401
 4/12 [=========>....................] - ETA: 0s - loss: 0.0445
 7/12 [================>.............] - ETA: 0s - loss: 0.0481
 9/12 [=====================>........] - ETA: 0s - loss: 0.0487
11/12 [==========================>...] - ETA: 0s - loss: 0.0494
12/12 [==============================] - 0s 24ms/step - loss: 0.0498
Epoch 39/300

 1/12 [=>............................] - ETA: 0s - loss: 0.0394
 3/12 [======>.......................] - ETA: 0s - loss: 0.0425
 5/12 [===========>..................] - ETA: 0s - loss: 0.0423
 7/12 [================>.............] - ETA: 0s - loss: 0.0410
 9/12 [=====================>........] - ETA: 0s - loss: 0.0421
12/12 [==============================] - ETA: 0s - loss: 0.0434
12/12 [==============================] - 0s 25ms/step - loss: 0.0434
Epoch 40/300

 1/12 [=>............................] - ETA: 0s - loss: 0.0457
 4/12 [=========>....................] - ETA: 0s - loss: 0.0416
 6/12 [==============>...............] - ETA: 0s - loss: 0.0450
 8/12 [===================>..........] - ETA: 0s - loss: 0.0452
11/12 [==========================>...] - ETA: 0s - loss: 0.0462
12/12 [==============================] - 0s 25ms/step - loss: 0.0459
Epoch 41/300

 1/12 [=>............................] - ETA: 0s - loss: 0.0530
 4/12 [=========>....................] - ETA: 0s - loss: 0.0483
 7/12 [================>.............] - ETA: 0s - loss: 0.0471
 9/12 [=====================>........] - ETA: 0s - loss: 0.0477
12/12 [==============================] - ETA: 0s - loss: 0.0465
12/12 [==============================] - 0s 24ms/step - loss: 0.0465
Epoch 42/300

 1/12 [=>............................] - ETA: 0s - loss: 0.0331
 3/12 [======>.......................] - ETA: 0s - loss: 0.0441
 6/12 [==============>...............] - ETA: 0s - loss: 0.0445
 9/12 [=====================>........] - ETA: 0s - loss: 0.0479
11/12 [==========================>...] - ETA: 0s - loss: 0.0491
12/12 [==============================] - 0s 24ms/step - loss: 0.0495
Epoch 43/300

 1/12 [=>............................] - ETA: 0s - loss: 0.0512
 3/12 [======>.......................] - ETA: 0s - loss: 0.0515
 6/12 [==============>...............] - ETA: 0s - loss: 0.0486
 9/12 [=====================>........] - ETA: 0s - loss: 0.0516
11/12 [==========================>...] - ETA: 0s - loss: 0.0517
12/12 [==============================] - 0s 24ms/step - loss: 0.0521
Epoch 44/300

 1/12 [=>............................] - ETA: 0s - loss: 0.0535
 3/12 [======>.......................] - ETA: 0s - loss: 0.0456
 6/12 [==============>...............] - ETA: 0s - loss: 0.0452
 9/12 [=====================>........] - ETA: 0s - loss: 0.0463
11/12 [==========================>...] - ETA: 0s - loss: 0.0487
12/12 [==============================] - 0s 24ms/step - loss: 0.0485
Epoch 45/300

 1/12 [=>............................] - ETA: 0s - loss: 0.0532
 4/12 [=========>....................] - ETA: 0s - loss: 0.0476
 7/12 [================>.............] - ETA: 0s - loss: 0.0449
10/12 [========================>.....] - ETA: 0s - loss: 0.0443
12/12 [==============================] - 0s 24ms/step - loss: 0.0438
Epoch 46/300

 1/12 [=>............................] - ETA: 0s - loss: 0.0521
 3/12 [======>.......................] - ETA: 0s - loss: 0.0459
 6/12 [==============>...............] - ETA: 0s - loss: 0.0464
 9/12 [=====================>........] - ETA: 0s - loss: 0.0451
12/12 [==============================] - ETA: 0s - loss: 0.0465
12/12 [==============================] - 0s 24ms/step - loss: 0.0465
Epoch 47/300

 1/12 [=>............................] - ETA: 0s - loss: 0.0388
 4/12 [=========>....................] - ETA: 0s - loss: 0.0401
 6/12 [==============>...............] - ETA: 0s - loss: 0.0421
 8/12 [===================>..........] - ETA: 0s - loss: 0.0440
10/12 [========================>.....] - ETA: 0s - loss: 0.0438
12/12 [==============================] - 0s 25ms/step - loss: 0.0436
Epoch 48/300

 1/12 [=>............................] - ETA: 0s - loss: 0.0489
 3/12 [======>.......................] - ETA: 0s - loss: 0.0469
 5/12 [===========>..................] - ETA: 0s - loss: 0.0473
 7/12 [================>.............] - ETA: 0s - loss: 0.0442
 9/12 [=====================>........] - ETA: 0s - loss: 0.0440
11/12 [==========================>...] - ETA: 0s - loss: 0.0426
12/12 [==============================] - 0s 26ms/step - loss: 0.0429
Epoch 49/300

 1/12 [=>............................] - ETA: 0s - loss: 0.0443
 3/12 [======>.......................] - ETA: 0s - loss: 0.0425
 5/12 [===========>..................] - ETA: 0s - loss: 0.0441
 7/12 [================>.............] - ETA: 0s - loss: 0.0441
 9/12 [=====================>........] - ETA: 0s - loss: 0.0457
11/12 [==========================>...] - ETA: 0s - loss: 0.0445
12/12 [==============================] - 0s 25ms/step - loss: 0.0455
Epoch 50/300

 1/12 [=>............................] - ETA: 0s - loss: 0.0428
 3/12 [======>.......................] - ETA: 0s - loss: 0.0443
 6/12 [==============>...............] - ETA: 0s - loss: 0.0442
 8/12 [===================>..........] - ETA: 0s - loss: 0.0436
10/12 [========================>.....] - ETA: 0s - loss: 0.0432
12/12 [==============================] - 0s 25ms/step - loss: 0.0436
Epoch 51/300

 1/12 [=>............................] - ETA: 0s - loss: 0.0613
 3/12 [======>.......................] - ETA: 0s - loss: 0.0498
 5/12 [===========>..................] - ETA: 0s - loss: 0.0481
 8/12 [===================>..........] - ETA: 0s - loss: 0.0466
10/12 [========================>.....] - ETA: 0s - loss: 0.0456
12/12 [==============================] - 0s 25ms/step - loss: 0.0456
Epoch 52/300

 1/12 [=>............................] - ETA: 0s - loss: 0.0412
 3/12 [======>.......................] - ETA: 0s - loss: 0.0438
 6/12 [==============>...............] - ETA: 0s - loss: 0.0406
 9/12 [=====================>........] - ETA: 0s - loss: 0.0409
11/12 [==========================>...] - ETA: 0s - loss: 0.0412
12/12 [==============================] - 0s 24ms/step - loss: 0.0417
Epoch 53/300

 1/12 [=>............................] - ETA: 0s - loss: 0.0438
 3/12 [======>.......................] - ETA: 0s - loss: 0.0496
 6/12 [==============>...............] - ETA: 0s - loss: 0.0465
 9/12 [=====================>........] - ETA: 0s - loss: 0.0444
12/12 [==============================] - ETA: 0s - loss: 0.0437
12/12 [==============================] - 0s 24ms/step - loss: 0.0437
Epoch 54/300

 1/12 [=>............................] - ETA: 0s - loss: 0.0465
 3/12 [======>.......................] - ETA: 0s - loss: 0.0573
 5/12 [===========>..................] - ETA: 0s - loss: 0.0479
 7/12 [================>.............] - ETA: 0s - loss: 0.0454
10/12 [========================>.....] - ETA: 0s - loss: 0.0460
12/12 [==============================] - 0s 24ms/step - loss: 0.0458
Epoch 55/300

 1/12 [=>............................] - ETA: 0s - loss: 0.0363
 3/12 [======>.......................] - ETA: 0s - loss: 0.0414
 6/12 [==============>...............] - ETA: 0s - loss: 0.0488
 9/12 [=====================>........] - ETA: 0s - loss: 0.0488
12/12 [==============================] - ETA: 0s - loss: 0.0484
12/12 [==============================] - 0s 24ms/step - loss: 0.0484
Epoch 56/300

 1/12 [=>............................] - ETA: 0s - loss: 0.0487
 4/12 [=========>....................] - ETA: 0s - loss: 0.0458
 7/12 [================>.............] - ETA: 0s - loss: 0.0435
 9/12 [=====================>........] - ETA: 0s - loss: 0.0429
11/12 [==========================>...] - ETA: 0s - loss: 0.0433
12/12 [==============================] - 0s 24ms/step - loss: 0.0432
Epoch 57/300

 1/12 [=>............................] - ETA: 0s - loss: 0.0472
 4/12 [=========>....................] - ETA: 0s - loss: 0.0462
 7/12 [================>.............] - ETA: 0s - loss: 0.0448
10/12 [========================>.....] - ETA: 0s - loss: 0.0438
12/12 [==============================] - 0s 23ms/step - loss: 0.0441
Epoch 58/300

 1/12 [=>............................] - ETA: 0s - loss: 0.0391
 4/12 [=========>....................] - ETA: 0s - loss: 0.0420
 7/12 [================>.............] - ETA: 0s - loss: 0.0406
10/12 [========================>.....] - ETA: 0s - loss: 0.0415
12/12 [==============================] - 0s 24ms/step - loss: 0.0413
Epoch 59/300

 1/12 [=>............................] - ETA: 0s - loss: 0.0503
 3/12 [======>.......................] - ETA: 0s - loss: 0.0436
 6/12 [==============>...............] - ETA: 0s - loss: 0.0416
 8/12 [===================>..........] - ETA: 0s - loss: 0.0413
11/12 [==========================>...] - ETA: 0s - loss: 0.0410
12/12 [==============================] - 0s 24ms/step - loss: 0.0415
Epoch 60/300

 1/12 [=>............................] - ETA: 0s - loss: 0.0459
 4/12 [=========>....................] - ETA: 0s - loss: 0.0370
 6/12 [==============>...............] - ETA: 0s - loss: 0.0393
 9/12 [=====================>........] - ETA: 0s - loss: 0.0401
12/12 [==============================] - ETA: 0s - loss: 0.0398
12/12 [==============================] - 0s 24ms/step - loss: 0.0398
Epoch 61/300

 1/12 [=>............................] - ETA: 0s - loss: 0.0450
 4/12 [=========>....................] - ETA: 0s - loss: 0.0436
 7/12 [================>.............] - ETA: 0s - loss: 0.0423
 9/12 [=====================>........] - ETA: 0s - loss: 0.0437
12/12 [==============================] - ETA: 0s - loss: 0.0432
12/12 [==============================] - 0s 24ms/step - loss: 0.0432
Epoch 62/300

 1/12 [=>............................] - ETA: 0s - loss: 0.0427
 3/12 [======>.......................] - ETA: 0s - loss: 0.0390
 6/12 [==============>...............] - ETA: 0s - loss: 0.0393
 9/12 [=====================>........] - ETA: 0s - loss: 0.0414
12/12 [==============================] - ETA: 0s - loss: 0.0415
12/12 [==============================] - 0s 24ms/step - loss: 0.0415
Epoch 63/300

 1/12 [=>............................] - ETA: 0s - loss: 0.0529
 4/12 [=========>....................] - ETA: 0s - loss: 0.0423
 7/12 [================>.............] - ETA: 0s - loss: 0.0414
10/12 [========================>.....] - ETA: 0s - loss: 0.0430
12/12 [==============================] - 0s 24ms/step - loss: 0.0424
Epoch 64/300

 1/12 [=>............................] - ETA: 0s - loss: 0.0443
 4/12 [=========>....................] - ETA: 0s - loss: 0.0431
 7/12 [================>.............] - ETA: 0s - loss: 0.0426
10/12 [========================>.....] - ETA: 0s - loss: 0.0435
12/12 [==============================] - 0s 24ms/step - loss: 0.0431
Epoch 65/300

 1/12 [=>............................] - ETA: 0s - loss: 0.0511
 3/12 [======>.......................] - ETA: 0s - loss: 0.0398
 5/12 [===========>..................] - ETA: 0s - loss: 0.0401
 8/12 [===================>..........] - ETA: 0s - loss: 0.0436
11/12 [==========================>...] - ETA: 0s - loss: 0.0422
12/12 [==============================] - 0s 25ms/step - loss: 0.0422
Epoch 66/300

 1/12 [=>............................] - ETA: 0s - loss: 0.0461
 3/12 [======>.......................] - ETA: 0s - loss: 0.0414
 6/12 [==============>...............] - ETA: 0s - loss: 0.0416
 9/12 [=====================>........] - ETA: 0s - loss: 0.0409
12/12 [==============================] - ETA: 0s - loss: 0.0431
12/12 [==============================] - 0s 24ms/step - loss: 0.0431
Epoch 67/300

 1/12 [=>............................] - ETA: 0s - loss: 0.0365
 3/12 [======>.......................] - ETA: 0s - loss: 0.0363
 6/12 [==============>...............] - ETA: 0s - loss: 0.0389
 9/12 [=====================>........] - ETA: 0s - loss: 0.0391
12/12 [==============================] - ETA: 0s - loss: 0.0393
12/12 [==============================] - 0s 24ms/step - loss: 0.0393
Epoch 68/300

 1/12 [=>............................] - ETA: 0s - loss: 0.0536
 3/12 [======>.......................] - ETA: 0s - loss: 0.0465
 6/12 [==============>...............] - ETA: 0s - loss: 0.0418
 9/12 [=====================>........] - ETA: 0s - loss: 0.0401
11/12 [==========================>...] - ETA: 0s - loss: 0.0406
12/12 [==============================] - 0s 24ms/step - loss: 0.0411
Epoch 69/300

 1/12 [=>............................] - ETA: 0s - loss: 0.0379
 4/12 [=========>....................] - ETA: 0s - loss: 0.0450
 7/12 [================>.............] - ETA: 0s - loss: 0.0433
10/12 [========================>.....] - ETA: 0s - loss: 0.0436
12/12 [==============================] - 0s 24ms/step - loss: 0.0441
Epoch 70/300

 1/12 [=>............................] - ETA: 0s - loss: 0.0446
 4/12 [=========>....................] - ETA: 0s - loss: 0.0410
 7/12 [================>.............] - ETA: 0s - loss: 0.0410
10/12 [========================>.....] - ETA: 0s - loss: 0.0405
12/12 [==============================] - 0s 24ms/step - loss: 0.0405
Epoch 71/300

 1/12 [=>............................] - ETA: 0s - loss: 0.0434
 4/12 [=========>....................] - ETA: 0s - loss: 0.0393
 6/12 [==============>...............] - ETA: 0s - loss: 0.0376
 9/12 [=====================>........] - ETA: 0s - loss: 0.0387
12/12 [==============================] - ETA: 0s - loss: 0.0392
12/12 [==============================] - 0s 24ms/step - loss: 0.0392
Epoch 72/300

 1/12 [=>............................] - ETA: 0s - loss: 0.0472
 4/12 [=========>....................] - ETA: 0s - loss: 0.0406
 7/12 [================>.............] - ETA: 0s - loss: 0.0387
10/12 [========================>.....] - ETA: 0s - loss: 0.0383
12/12 [==============================] - 0s 24ms/step - loss: 0.0388
Epoch 73/300

 1/12 [=>............................] - ETA: 0s - loss: 0.0438
 4/12 [=========>....................] - ETA: 0s - loss: 0.0377
 7/12 [================>.............] - ETA: 0s - loss: 0.0373
10/12 [========================>.....] - ETA: 0s - loss: 0.0377
12/12 [==============================] - 0s 24ms/step - loss: 0.0379
Epoch 74/300

 1/12 [=>............................] - ETA: 0s - loss: 0.0442
 3/12 [======>.......................] - ETA: 0s - loss: 0.0394
 6/12 [==============>...............] - ETA: 0s - loss: 0.0420
 8/12 [===================>..........] - ETA: 0s - loss: 0.0418
11/12 [==========================>...] - ETA: 0s - loss: 0.0411
12/12 [==============================] - 0s 24ms/step - loss: 0.0411
Epoch 75/300

 1/12 [=>............................] - ETA: 0s - loss: 0.0422
 3/12 [======>.......................] - ETA: 0s - loss: 0.0408
 6/12 [==============>...............] - ETA: 0s - loss: 0.0386
 9/12 [=====================>........] - ETA: 0s - loss: 0.0407
12/12 [==============================] - ETA: 0s - loss: 0.0415
12/12 [==============================] - 0s 24ms/step - loss: 0.0415
Epoch 76/300

 1/12 [=>............................] - ETA: 0s - loss: 0.0350
 4/12 [=========>....................] - ETA: 0s - loss: 0.0463
 7/12 [================>.............] - ETA: 0s - loss: 0.0441
 9/12 [=====================>........] - ETA: 0s - loss: 0.0419
12/12 [==============================] - ETA: 0s - loss: 0.0422
12/12 [==============================] - 0s 24ms/step - loss: 0.0422
Epoch 77/300

 1/12 [=>............................] - ETA: 0s - loss: 0.0360
 4/12 [=========>....................] - ETA: 0s - loss: 0.0500
 7/12 [================>.............] - ETA: 0s - loss: 0.0443
10/12 [========================>.....] - ETA: 0s - loss: 0.0452
12/12 [==============================] - 0s 24ms/step - loss: 0.0457
Epoch 78/300

 1/12 [=>............................] - ETA: 0s - loss: 0.0230
 4/12 [=========>....................] - ETA: 0s - loss: 0.0356
 6/12 [==============>...............] - ETA: 0s - loss: 0.0356
 9/12 [=====================>........] - ETA: 0s - loss: 0.0358
12/12 [==============================] - ETA: 0s - loss: 0.0374
12/12 [==============================] - 0s 24ms/step - loss: 0.0374
Epoch 79/300

 1/12 [=>............................] - ETA: 0s - loss: 0.0436
 4/12 [=========>....................] - ETA: 0s - loss: 0.0368
 7/12 [================>.............] - ETA: 0s - loss: 0.0380
10/12 [========================>.....] - ETA: 0s - loss: 0.0373
12/12 [==============================] - 0s 24ms/step - loss: 0.0375
Epoch 80/300

 1/12 [=>............................] - ETA: 0s - loss: 0.0462
 3/12 [======>.......................] - ETA: 0s - loss: 0.0415
 6/12 [==============>...............] - ETA: 0s - loss: 0.0408
 8/12 [===================>..........] - ETA: 0s - loss: 0.0403
10/12 [========================>.....] - ETA: 0s - loss: 0.0413
12/12 [==============================] - 0s 24ms/step - loss: 0.0417
Epoch 81/300

 1/12 [=>............................] - ETA: 0s - loss: 0.0385
 4/12 [=========>....................] - ETA: 0s - loss: 0.0427
 7/12 [================>.............] - ETA: 0s - loss: 0.0438
10/12 [========================>.....] - ETA: 0s - loss: 0.0423
12/12 [==============================] - 0s 24ms/step - loss: 0.0419
Epoch 82/300

 1/12 [=>............................] - ETA: 0s - loss: 0.0449
 3/12 [======>.......................] - ETA: 0s - loss: 0.0465
 6/12 [==============>...............] - ETA: 0s - loss: 0.0440
 9/12 [=====================>........] - ETA: 0s - loss: 0.0417
11/12 [==========================>...] - ETA: 0s - loss: 0.0402
12/12 [==============================] - 0s 24ms/step - loss: 0.0402
Epoch 83/300

 1/12 [=>............................] - ETA: 0s - loss: 0.0372
 3/12 [======>.......................] - ETA: 0s - loss: 0.0444
 6/12 [==============>...............] - ETA: 0s - loss: 0.0449
 9/12 [=====================>........] - ETA: 0s - loss: 0.0454
12/12 [==============================] - ETA: 0s - loss: 0.0430
12/12 [==============================] - 0s 24ms/step - loss: 0.0430
Epoch 84/300

 1/12 [=>............................] - ETA: 0s - loss: 0.0350
 3/12 [======>.......................] - ETA: 0s - loss: 0.0335
 6/12 [==============>...............] - ETA: 0s - loss: 0.0378
 8/12 [===================>..........] - ETA: 0s - loss: 0.0378
11/12 [==========================>...] - ETA: 0s - loss: 0.0387
12/12 [==============================] - 0s 24ms/step - loss: 0.0390
Epoch 85/300

 1/12 [=>............................] - ETA: 0s - loss: 0.0346
 4/12 [=========>....................] - ETA: 0s - loss: 0.0407
 7/12 [================>.............] - ETA: 0s - loss: 0.0375
10/12 [========================>.....] - ETA: 0s - loss: 0.0365
12/12 [==============================] - 0s 24ms/step - loss: 0.0379
Epoch 86/300

 1/12 [=>............................] - ETA: 0s - loss: 0.0342
 4/12 [=========>....................] - ETA: 0s - loss: 0.0389
 6/12 [==============>...............] - ETA: 0s - loss: 0.0419
 9/12 [=====================>........] - ETA: 0s - loss: 0.0426
12/12 [==============================] - ETA: 0s - loss: 0.0422
12/12 [==============================] - 0s 24ms/step - loss: 0.0422
Epoch 87/300

 1/12 [=>............................] - ETA: 0s - loss: 0.0480
 3/12 [======>.......................] - ETA: 0s - loss: 0.0414
 5/12 [===========>..................] - ETA: 0s - loss: 0.0370
 8/12 [===================>..........] - ETA: 0s - loss: 0.0383
10/12 [========================>.....] - ETA: 0s - loss: 0.0391
12/12 [==============================] - 0s 25ms/step - loss: 0.0395
Epoch 88/300

 1/12 [=>............................] - ETA: 0s - loss: 0.0348
 4/12 [=========>....................] - ETA: 0s - loss: 0.0389
 7/12 [================>.............] - ETA: 0s - loss: 0.0405
10/12 [========================>.....] - ETA: 0s - loss: 0.0382
12/12 [==============================] - 0s 24ms/step - loss: 0.0389
Epoch 89/300

 1/12 [=>............................] - ETA: 0s - loss: 0.0330
 3/12 [======>.......................] - ETA: 0s - loss: 0.0404
 5/12 [===========>..................] - ETA: 0s - loss: 0.0382
 8/12 [===================>..........] - ETA: 0s - loss: 0.0386
10/12 [========================>.....] - ETA: 0s - loss: 0.0391
12/12 [==============================] - 0s 24ms/step - loss: 0.0397
Epoch 90/300

 1/12 [=>............................] - ETA: 0s - loss: 0.0319
 4/12 [=========>....................] - ETA: 0s - loss: 0.0328
 7/12 [================>.............] - ETA: 0s - loss: 0.0371
10/12 [========================>.....] - ETA: 0s - loss: 0.0372
12/12 [==============================] - 0s 24ms/step - loss: 0.0379
Epoch 91/300

 1/12 [=>............................] - ETA: 0s - loss: 0.0305
 4/12 [=========>....................] - ETA: 0s - loss: 0.0355
 7/12 [================>.............] - ETA: 0s - loss: 0.0376
10/12 [========================>.....] - ETA: 0s - loss: 0.0387
12/12 [==============================] - 0s 24ms/step - loss: 0.0390
Epoch 92/300

 1/12 [=>............................] - ETA: 0s - loss: 0.0333
 4/12 [=========>....................] - ETA: 0s - loss: 0.0348
 6/12 [==============>...............] - ETA: 0s - loss: 0.0356
 9/12 [=====================>........] - ETA: 0s - loss: 0.0357
11/12 [==========================>...] - ETA: 0s - loss: 0.0358
12/12 [==============================] - 0s 24ms/step - loss: 0.0360
Epoch 93/300

 1/12 [=>............................] - ETA: 0s - loss: 0.0369
 4/12 [=========>....................] - ETA: 0s - loss: 0.0336
 6/12 [==============>...............] - ETA: 0s - loss: 0.0326
 9/12 [=====================>........] - ETA: 0s - loss: 0.0342
11/12 [==========================>...] - ETA: 0s - loss: 0.0364
12/12 [==============================] - 0s 24ms/step - loss: 0.0363
Epoch 94/300

 1/12 [=>............................] - ETA: 0s - loss: 0.0395
 4/12 [=========>....................] - ETA: 0s - loss: 0.0382
 7/12 [================>.............] - ETA: 0s - loss: 0.0369
10/12 [========================>.....] - ETA: 0s - loss: 0.0392
12/12 [==============================] - 0s 24ms/step - loss: 0.0401
Epoch 95/300

 1/12 [=>............................] - ETA: 0s - loss: 0.0404
 4/12 [=========>....................] - ETA: 0s - loss: 0.0363
 7/12 [================>.............] - ETA: 0s - loss: 0.0376
10/12 [========================>.....] - ETA: 0s - loss: 0.0373
12/12 [==============================] - 0s 24ms/step - loss: 0.0371
Epoch 96/300

 1/12 [=>............................] - ETA: 0s - loss: 0.0453
 4/12 [=========>....................] - ETA: 0s - loss: 0.0436
 7/12 [================>.............] - ETA: 0s - loss: 0.0398
 9/12 [=====================>........] - ETA: 0s - loss: 0.0399
12/12 [==============================] - ETA: 0s - loss: 0.0389
12/12 [==============================] - 0s 24ms/step - loss: 0.0389
Epoch 97/300

 1/12 [=>............................] - ETA: 0s - loss: 0.0371
 4/12 [=========>....................] - ETA: 0s - loss: 0.0382
 7/12 [================>.............] - ETA: 0s - loss: 0.0356
10/12 [========================>.....] - ETA: 0s - loss: 0.0341
12/12 [==============================] - 0s 24ms/step - loss: 0.0352
Epoch 98/300

 1/12 [=>............................] - ETA: 0s - loss: 0.0321
 4/12 [=========>....................] - ETA: 0s - loss: 0.0390
 7/12 [================>.............] - ETA: 0s - loss: 0.0385
10/12 [========================>.....] - ETA: 0s - loss: 0.0372
12/12 [==============================] - 0s 24ms/step - loss: 0.0378
Epoch 99/300

 1/12 [=>............................] - ETA: 0s - loss: 0.0274
 4/12 [=========>....................] - ETA: 0s - loss: 0.0362
 6/12 [==============>...............] - ETA: 0s - loss: 0.0375
 9/12 [=====================>........] - ETA: 0s - loss: 0.0393
12/12 [==============================] - ETA: 0s - loss: 0.0392
12/12 [==============================] - 0s 24ms/step - loss: 0.0392
Epoch 100/300

 1/12 [=>............................] - ETA: 0s - loss: 0.0333
 3/12 [======>.......................] - ETA: 0s - loss: 0.0381
 6/12 [==============>...............] - ETA: 0s - loss: 0.0348
 8/12 [===================>..........] - ETA: 0s - loss: 0.0387
11/12 [==========================>...] - ETA: 0s - loss: 0.0393
12/12 [==============================] - 0s 25ms/step - loss: 0.0391
Epoch 101/300

 1/12 [=>............................] - ETA: 0s - loss: 0.0431
 3/12 [======>.......................] - ETA: 0s - loss: 0.0367
 6/12 [==============>...............] - ETA: 0s - loss: 0.0383
 9/12 [=====================>........] - ETA: 0s - loss: 0.0389
11/12 [==========================>...] - ETA: 0s - loss: 0.0380
12/12 [==============================] - 0s 24ms/step - loss: 0.0385
Epoch 102/300

 1/12 [=>............................] - ETA: 0s - loss: 0.0338
 3/12 [======>.......................] - ETA: 0s - loss: 0.0392
 5/12 [===========>..................] - ETA: 0s - loss: 0.0363
 7/12 [================>.............] - ETA: 0s - loss: 0.0355
 9/12 [=====================>........] - ETA: 0s - loss: 0.0380
11/12 [==========================>...] - ETA: 0s - loss: 0.0374
12/12 [==============================] - 0s 26ms/step - loss: 0.0372
Epoch 103/300

 1/12 [=>............................] - ETA: 0s - loss: 0.0383
 3/12 [======>.......................] - ETA: 0s - loss: 0.0344
 6/12 [==============>...............] - ETA: 0s - loss: 0.0363
 8/12 [===================>..........] - ETA: 0s - loss: 0.0372
10/12 [========================>.....] - ETA: 0s - loss: 0.0360
12/12 [==============================] - 0s 25ms/step - loss: 0.0369
Epoch 104/300

 1/12 [=>............................] - ETA: 0s - loss: 0.0371
 3/12 [======>.......................] - ETA: 0s - loss: 0.0399
 5/12 [===========>..................] - ETA: 0s - loss: 0.0393
 7/12 [================>.............] - ETA: 0s - loss: 0.0404
 9/12 [=====================>........] - ETA: 0s - loss: 0.0398
11/12 [==========================>...] - ETA: 0s - loss: 0.0386
12/12 [==============================] - 0s 26ms/step - loss: 0.0391
Epoch 105/300

 1/12 [=>............................] - ETA: 0s - loss: 0.0432
 3/12 [======>.......................] - ETA: 0s - loss: 0.0380
 5/12 [===========>..................] - ETA: 0s - loss: 0.0402
 7/12 [================>.............] - ETA: 0s - loss: 0.0398
 9/12 [=====================>........] - ETA: 0s - loss: 0.0384
11/12 [==========================>...] - ETA: 0s - loss: 0.0394
12/12 [==============================] - 0s 26ms/step - loss: 0.0396
Epoch 106/300

 1/12 [=>............................] - ETA: 0s - loss: 0.0244
 3/12 [======>.......................] - ETA: 0s - loss: 0.0357
 6/12 [==============>...............] - ETA: 0s - loss: 0.0381
 8/12 [===================>..........] - ETA: 0s - loss: 0.0378
11/12 [==========================>...] - ETA: 0s - loss: 0.0391
12/12 [==============================] - 0s 24ms/step - loss: 0.0391
Epoch 107/300

 1/12 [=>............................] - ETA: 0s - loss: 0.0362
 4/12 [=========>....................] - ETA: 0s - loss: 0.0392
 6/12 [==============>...............] - ETA: 0s - loss: 0.0393
 9/12 [=====================>........] - ETA: 0s - loss: 0.0372
12/12 [==============================] - ETA: 0s - loss: 0.0364
12/12 [==============================] - 0s 24ms/step - loss: 0.0364
Epoch 108/300

 1/12 [=>............................] - ETA: 0s - loss: 0.0345
 4/12 [=========>....................] - ETA: 0s - loss: 0.0350
 6/12 [==============>...............] - ETA: 0s - loss: 0.0337
 8/12 [===================>..........] - ETA: 0s - loss: 0.0351
10/12 [========================>.....] - ETA: 0s - loss: 0.0352
12/12 [==============================] - 0s 24ms/step - loss: 0.0361
Epoch 109/300

 1/12 [=>............................] - ETA: 0s - loss: 0.0317
 4/12 [=========>....................] - ETA: 0s - loss: 0.0351
 6/12 [==============>...............] - ETA: 0s - loss: 0.0362
 9/12 [=====================>........] - ETA: 0s - loss: 0.0358
11/12 [==========================>...] - ETA: 0s - loss: 0.0359
12/12 [==============================] - 0s 24ms/step - loss: 0.0360
Epoch 110/300

 1/12 [=>............................] - ETA: 0s - loss: 0.0312
 3/12 [======>.......................] - ETA: 0s - loss: 0.0344
 6/12 [==============>...............] - ETA: 0s - loss: 0.0342
 8/12 [===================>..........] - ETA: 0s - loss: 0.0339
10/12 [========================>.....] - ETA: 0s - loss: 0.0345
12/12 [==============================] - 0s 25ms/step - loss: 0.0354
Epoch 111/300

 1/12 [=>............................] - ETA: 0s - loss: 0.0529
 4/12 [=========>....................] - ETA: 0s - loss: 0.0415
 7/12 [================>.............] - ETA: 0s - loss: 0.0406
10/12 [========================>.....] - ETA: 0s - loss: 0.0394
12/12 [==============================] - 0s 24ms/step - loss: 0.0397
Epoch 112/300

 1/12 [=>............................] - ETA: 0s - loss: 0.0317
 4/12 [=========>....................] - ETA: 0s - loss: 0.0399
 6/12 [==============>...............] - ETA: 0s - loss: 0.0411
 8/12 [===================>..........] - ETA: 0s - loss: 0.0393
11/12 [==========================>...] - ETA: 0s - loss: 0.0392
12/12 [==============================] - 0s 25ms/step - loss: 0.0391
Epoch 113/300

 1/12 [=>............................] - ETA: 0s - loss: 0.0340
 4/12 [=========>....................] - ETA: 0s - loss: 0.0355
 7/12 [================>.............] - ETA: 0s - loss: 0.0366
10/12 [========================>.....] - ETA: 0s - loss: 0.0367
12/12 [==============================] - 0s 24ms/step - loss: 0.0365
Epoch 114/300

 1/12 [=>............................] - ETA: 0s - loss: 0.0336
 4/12 [=========>....................] - ETA: 0s - loss: 0.0358
 6/12 [==============>...............] - ETA: 0s - loss: 0.0342
 9/12 [=====================>........] - ETA: 0s - loss: 0.0363
11/12 [==========================>...] - ETA: 0s - loss: 0.0369
12/12 [==============================] - 0s 24ms/step - loss: 0.0365
Epoch 115/300

 1/12 [=>............................] - ETA: 0s - loss: 0.0314
 4/12 [=========>....................] - ETA: 0s - loss: 0.0327
 7/12 [================>.............] - ETA: 0s - loss: 0.0358
10/12 [========================>.....] - ETA: 0s - loss: 0.0351
12/12 [==============================] - 0s 24ms/step - loss: 0.0357
Epoch 116/300

 1/12 [=>............................] - ETA: 0s - loss: 0.0284
 3/12 [======>.......................] - ETA: 0s - loss: 0.0300
 5/12 [===========>..................] - ETA: 0s - loss: 0.0326
 7/12 [================>.............] - ETA: 0s - loss: 0.0324
10/12 [========================>.....] - ETA: 0s - loss: 0.0332
12/12 [==============================] - 0s 25ms/step - loss: 0.0323
Epoch 117/300

 1/12 [=>............................] - ETA: 0s - loss: 0.0336
 3/12 [======>.......................] - ETA: 0s - loss: 0.0327
 6/12 [==============>...............] - ETA: 0s - loss: 0.0323
 9/12 [=====================>........] - ETA: 0s - loss: 0.0332
12/12 [==============================] - ETA: 0s - loss: 0.0343
12/12 [==============================] - 0s 24ms/step - loss: 0.0343
Epoch 118/300

 1/12 [=>............................] - ETA: 0s - loss: 0.0334
 4/12 [=========>....................] - ETA: 0s - loss: 0.0339
 6/12 [==============>...............] - ETA: 0s - loss: 0.0357
 9/12 [=====================>........] - ETA: 0s - loss: 0.0369
11/12 [==========================>...] - ETA: 0s - loss: 0.0373
12/12 [==============================] - 0s 24ms/step - loss: 0.0372
Epoch 119/300

 1/12 [=>............................] - ETA: 0s - loss: 0.0333
 4/12 [=========>....................] - ETA: 0s - loss: 0.0324
 6/12 [==============>...............] - ETA: 0s - loss: 0.0330
 8/12 [===================>..........] - ETA: 0s - loss: 0.0336
10/12 [========================>.....] - ETA: 0s - loss: 0.0333
12/12 [==============================] - 0s 24ms/step - loss: 0.0346
Epoch 120/300

 1/12 [=>............................] - ETA: 0s - loss: 0.0450
 4/12 [=========>....................] - ETA: 0s - loss: 0.0344
 6/12 [==============>...............] - ETA: 0s - loss: 0.0324
 9/12 [=====================>........] - ETA: 0s - loss: 0.0329
11/12 [==========================>...] - ETA: 0s - loss: 0.0345
12/12 [==============================] - 0s 25ms/step - loss: 0.0342
Epoch 121/300

 1/12 [=>............................] - ETA: 0s - loss: 0.0304
 4/12 [=========>....................] - ETA: 0s - loss: 0.0343
 7/12 [================>.............] - ETA: 0s - loss: 0.0346
10/12 [========================>.....] - ETA: 0s - loss: 0.0352
12/12 [==============================] - 0s 24ms/step - loss: 0.0367
Epoch 122/300

 1/12 [=>............................] - ETA: 0s - loss: 0.0251
 4/12 [=========>....................] - ETA: 0s - loss: 0.0330
 7/12 [================>.............] - ETA: 0s - loss: 0.0354
10/12 [========================>.....] - ETA: 0s - loss: 0.0360
12/12 [==============================] - 0s 24ms/step - loss: 0.0362
Epoch 123/300

 1/12 [=>............................] - ETA: 0s - loss: 0.0403
 4/12 [=========>....................] - ETA: 0s - loss: 0.0346
 7/12 [================>.............] - ETA: 0s - loss: 0.0338
10/12 [========================>.....] - ETA: 0s - loss: 0.0350
12/12 [==============================] - 0s 24ms/step - loss: 0.0351
Epoch 124/300

 1/12 [=>............................] - ETA: 0s - loss: 0.0322
 3/12 [======>.......................] - ETA: 0s - loss: 0.0395
 6/12 [==============>...............] - ETA: 0s - loss: 0.0393
 9/12 [=====================>........] - ETA: 0s - loss: 0.0367
12/12 [==============================] - ETA: 0s - loss: 0.0381
12/12 [==============================] - 0s 24ms/step - loss: 0.0381
Epoch 125/300

 1/12 [=>............................] - ETA: 0s - loss: 0.0306
 4/12 [=========>....................] - ETA: 0s - loss: 0.0375
 7/12 [================>.............] - ETA: 0s - loss: 0.0380
 9/12 [=====================>........] - ETA: 0s - loss: 0.0368
11/12 [==========================>...] - ETA: 0s - loss: 0.0375
12/12 [==============================] - 0s 25ms/step - loss: 0.0376
Epoch 126/300

 1/12 [=>............................] - ETA: 0s - loss: 0.0376
 3/12 [======>.......................] - ETA: 0s - loss: 0.0341
 5/12 [===========>..................] - ETA: 0s - loss: 0.0352
 7/12 [================>.............] - ETA: 0s - loss: 0.0350
 9/12 [=====================>........] - ETA: 0s - loss: 0.0336
11/12 [==========================>...] - ETA: 0s - loss: 0.0342
12/12 [==============================] - 0s 26ms/step - loss: 0.0343
Epoch 127/300

 1/12 [=>............................] - ETA: 0s - loss: 0.0378
 3/12 [======>.......................] - ETA: 0s - loss: 0.0363
 5/12 [===========>..................] - ETA: 0s - loss: 0.0360
 7/12 [================>.............] - ETA: 0s - loss: 0.0371
 9/12 [=====================>........] - ETA: 0s - loss: 0.0359
11/12 [==========================>...] - ETA: 0s - loss: 0.0358
12/12 [==============================] - 0s 25ms/step - loss: 0.0358
Epoch 128/300

 1/12 [=>............................] - ETA: 0s - loss: 0.0326
 3/12 [======>.......................] - ETA: 0s - loss: 0.0358
 6/12 [==============>...............] - ETA: 0s - loss: 0.0344
 8/12 [===================>..........] - ETA: 0s - loss: 0.0351
10/12 [========================>.....] - ETA: 0s - loss: 0.0354
12/12 [==============================] - 0s 24ms/step - loss: 0.0348
Epoch 129/300

 1/12 [=>............................] - ETA: 0s - loss: 0.0379
 3/12 [======>.......................] - ETA: 0s - loss: 0.0359
 5/12 [===========>..................] - ETA: 0s - loss: 0.0373
 8/12 [===================>..........] - ETA: 0s - loss: 0.0362
10/12 [========================>.....] - ETA: 0s - loss: 0.0366
12/12 [==============================] - 0s 25ms/step - loss: 0.0365
Epoch 130/300

 1/12 [=>............................] - ETA: 0s - loss: 0.0413
 4/12 [=========>....................] - ETA: 0s - loss: 0.0378
 7/12 [================>.............] - ETA: 0s - loss: 0.0343
10/12 [========================>.....] - ETA: 0s - loss: 0.0336
12/12 [==============================] - 0s 24ms/step - loss: 0.0339
Epoch 131/300

 1/12 [=>............................] - ETA: 0s - loss: 0.0294
 3/12 [======>.......................] - ETA: 0s - loss: 0.0335
 5/12 [===========>..................] - ETA: 0s - loss: 0.0322
 8/12 [===================>..........] - ETA: 0s - loss: 0.0326
11/12 [==========================>...] - ETA: 0s - loss: 0.0346
12/12 [==============================] - 0s 24ms/step - loss: 0.0347
Epoch 132/300

 1/12 [=>............................] - ETA: 0s - loss: 0.0441
 3/12 [======>.......................] - ETA: 0s - loss: 0.0375
 5/12 [===========>..................] - ETA: 0s - loss: 0.0362
 7/12 [================>.............] - ETA: 0s - loss: 0.0349
 9/12 [=====================>........] - ETA: 0s - loss: 0.0353
12/12 [==============================] - ETA: 0s - loss: 0.0354
12/12 [==============================] - 0s 25ms/step - loss: 0.0354
Epoch 133/300

 1/12 [=>............................] - ETA: 0s - loss: 0.0362
 4/12 [=========>....................] - ETA: 0s - loss: 0.0362
 7/12 [================>.............] - ETA: 0s - loss: 0.0348
 9/12 [=====================>........] - ETA: 0s - loss: 0.0340
12/12 [==============================] - ETA: 0s - loss: 0.0350
12/12 [==============================] - 0s 24ms/step - loss: 0.0350
Epoch 134/300

 1/12 [=>............................] - ETA: 0s - loss: 0.0340
 4/12 [=========>....................] - ETA: 0s - loss: 0.0347
 7/12 [================>.............] - ETA: 0s - loss: 0.0394
 9/12 [=====================>........] - ETA: 0s - loss: 0.0407
12/12 [==============================] - ETA: 0s - loss: 0.0395
12/12 [==============================] - 0s 24ms/step - loss: 0.0395
Epoch 135/300

 1/12 [=>............................] - ETA: 0s - loss: 0.0383
 3/12 [======>.......................] - ETA: 0s - loss: 0.0342
 5/12 [===========>..................] - ETA: 0s - loss: 0.0351
 8/12 [===================>..........] - ETA: 0s - loss: 0.0330
10/12 [========================>.....] - ETA: 0s - loss: 0.0334
12/12 [==============================] - 0s 24ms/step - loss: 0.0335
Epoch 136/300

 1/12 [=>............................] - ETA: 0s - loss: 0.0217
 4/12 [=========>....................] - ETA: 0s - loss: 0.0337
 6/12 [==============>...............] - ETA: 0s - loss: 0.0340
 9/12 [=====================>........] - ETA: 0s - loss: 0.0340
11/12 [==========================>...] - ETA: 0s - loss: 0.0341
12/12 [==============================] - 0s 24ms/step - loss: 0.0339
Epoch 136: early stopping

 1/12 [=>............................] - ETA: 3s
12/12 [==============================] - ETA: 0s
12/12 [==============================] - 0s 5ms/step
指標 CSV を保存: C:\Users\Casper4\Python\ueki\shibasaki\研究\Pool_boiling\Subcooling_20_degrees\0.3\2025.06.11_0.3_2\regression_result\npy\conformer\20260702_cfa\heatflux_no_noise\maxfreq=22kHz\e300_t56d64k15b2_conformer\metrics_summary_no_noise.csv
tuning summary saved: C:\Users\Casper4\Python\ueki\shibasaki\研究\Pool_boiling\Subcooling_20_degrees\0.3\2025.06.11_0.3_2\regression_result\npy\conformer\20260702_cfa\tuning_summary.csv
