experiment,noise,model,source_wav_id,heatflux,half_n,one_n,half_rmse,one_rmse,rmse_half_minus_one,half_better,half_bias,one_bias
2025.06.18_0.3_3,clean,RF,index=1.0,-1.42e-06,30,15,120152.79931286187,114804.53802670035,5348.26128616152,0,120141.61119933662,114777.34375142002
2025.06.18_0.3_3,clean,Conformer,index=1.0,-1.42e-06,30,15,40834.04333990386,38022.364892335056,2811.6784475688037,0,24008.88621561271,-3984.1889308716645
2025.06.18_0.3_3,clean,AlexNet,index=1.0,-1.42e-06,30,15,41631.88580467612,55415.1754323593,-13783.289627683174,1,-23967.13774272062,-48525.237319543536
2025.06.18_0.3_3,clean,performance,index=1.0,-1.42e-06,30,15,36630.632626334234,25488.35159320546,11142.281033128773,0,27127.30216883956,6508.28680063209
2025.06.18_0.3_3,clean,equal,index=1.0,-1.42e-06,30,15,45189.28686686051,29219.629416571905,15969.657450288603,0,40061.11989074292,20755.972500334923
2025.06.11_0.3_2,clean,RF,index=1.3.28E-04,0.000328047,30,15,115292.89346321645,113496.83142286543,1796.062040351011,0,115212.88040111962,113468.39654695302
2025.06.11_0.3_2,clean,Conformer,index=1.3.28E-04,0.000328047,30,15,79868.17905264541,54685.543846510685,25182.635206134728,0,56589.57621003894,44823.933981848844
2025.06.11_0.3_2,clean,AlexNet,index=1.3.28E-04,0.000328047,30,15,48653.10900437279,44428.64683191576,4224.462172457032,0,18904.874016842325,20284.609209713417
2025.06.11_0.3_2,clean,performance,index=1.3.28E-04,0.000328047,30,15,65136.48799663586,56606.56739005809,8529.920606577769,0,55416.225774418795,51303.47679727131
2025.06.11_0.3_2,clean,equal,index=1.3.28E-04,0.000328047,30,15,69837.14388054816,63011.14951670964,6825.994363838523,0,63569.110209333645,59525.646579505075
2025.06.11_0.3_2,clean,RF,index=5.1.11E+05,111264.7017,30,15,6492.3046327745415,2390.0359730494024,4102.2686597251395,0,4614.263143749995,1022.3561124999949
2025.06.11_0.3_2,clean,Conformer,index=5.1.11E+05,111264.7017,30,15,22719.682226802528,26602.44851896869,-3882.7662921661613,1,-3534.878392708338,8595.116008333329
2025.06.11_0.3_2,clean,AlexNet,index=5.1.11E+05,111264.7017,30,15,57134.401564553285,28402.606758649825,28731.79480590346,0,-46508.56753658856,16883.13371666666
2025.06.11_0.3_2,clean,performance,index=5.1.11E+05,111264.7017,30,15,23625.165882310448,17884.65168180707,5740.514200503378,0,-17465.68926821782,9800.906702670387
2025.06.11_0.3_2,clean,equal,index=5.1.11E+05,111264.7017,30,15,20547.190022160576,15453.904511639847,5093.285510520729,0,-15143.060928515635,8833.535279166656
2025.06.18_0.3_3,clean,RF,index=5.113188,113188.2901,30,15,5453.146857131559,2103.894302552411,3349.252554579148,0,2995.149483333335,-2082.5713499999983
2025.06.18_0.3_3,clean,Conformer,index=5.113188,113188.2901,30,15,22617.470326309514,17129.483897848255,5487.9864284612595,0,-9880.96405833333,-8230.519266666664
2025.06.18_0.3_3,clean,AlexNet,index=5.113188,113188.2901,30,15,34274.251927722464,16450.509890497735,17823.74203722473,0,-14115.703706770832,-7778.153641666665
2025.06.18_0.3_3,clean,performance,index=5.113188,113188.2901,30,15,20096.25785440496,12155.648199595027,7940.609654809934,0,-8663.81357995072,-6738.169560722339
2025.06.18_0.3_3,clean,equal,index=5.113188,113188.2901,30,15,16830.467941060022,10482.327959990298,6348.139981069724,0,-7000.506093923617,-6030.414752777784
2025.06.11_0.3_2,clean,RF,index=6.1.44E+05,144324.2618,30,15,31398.873433778936,29740.307542835977,1658.5658909429585,0,-31185.569612500003,-29626.769612499993
2025.06.11_0.3_2,clean,Conformer,index=6.1.44E+05,144324.2618,30,15,28717.71313345292,28013.81629481459,703.8968386383276,0,1480.5447104166592,-6562.5170083333405
2025.06.11_0.3_2,clean,AlexNet,index=6.1.44E+05,144324.2618,30,15,49469.533069011864,26125.678819886412,23343.854249125452,0,-33252.762125520836,6361.072054166659
2025.06.11_0.3_2,clean,performance,index=6.1.44E+05,144324.2618,30,15,27303.8996753665,19710.581486001425,7593.318189365076,0,-18199.490139169106,-7129.5625173648195
2025.06.11_0.3_2,clean,equal,index=6.1.44E+05,144324.2618,30,15,27369.166269644385,18565.49991831867,8803.666351325715,0,-20985.929009201405,-9942.738188888907
2025.06.18_0.3_3,clean,RF,index=6.146381,146381.6505,30,15,29298.45481610225,35355.78331249999,-6057.3284963977385,1,-28980.31195833332,-35355.78331249999
2025.06.18_0.3_3,clean,Conformer,index=6.146381,146381.6505,30,15,13347.946978348285,14190.444996378365,-842.498018030079,1,-4992.035916666656,-9178.231749999988
2025.06.18_0.3_3,clean,AlexNet,index=6.146381,146381.6505,30,15,18281.745346974483,14104.91264898184,4176.832697992642,0,-14590.287479166656,-8603.068729166656
2025.06.18_0.3_3,clean,performance,index=6.146381,146381.6505,30,15,15694.800740250512,16563.7719755767,-868.9712353261875,1,-13639.953441905607,-14671.756603554804
2025.06.18_0.3_3,clean,equal,index=6.146381,146381.6505,30,15,17482.11048911179,18885.622084177423,-1403.5115950656327,1,-16187.545118055556,-17712.361263888884
2025.06.11_0.3_2,clean,RF,index=7.1.81E+05,181378.003,30,15,67270.34654961502,69918.838619587,-2648.4920699719805,1,-67143.96471875001,-69905.12175
2025.06.11_0.3_2,clean,Conformer,index=7.1.81E+05,181378.003,30,15,43978.22238153189,33419.391897765265,10558.830483766622,0,-37920.27617708334,-24497.50456250001
2025.06.11_0.3_2,clean,AlexNet,index=7.1.81E+05,181378.003,30,15,67969.11073789922,24207.185967932124,43761.924769967096,0,-59221.075135416664,-4798.091541666664
2025.06.11_0.3_2,clean,performance,index=7.1.81E+05,181378.003,30,15,54729.77075855554,30885.439708498972,23844.331050056568,0,-51960.98056699478,-27590.556604467434
2025.06.11_0.3_2,clean,equal,index=7.1.81E+05,181378.003,30,15,56747.267886068046,35125.25296251554,21622.01492355251,0,-54761.77201041668,-33066.90595138889
2025.06.18_0.3_3,clean,RF,index=7.184190,184190.9699,30,15,67238.34018096198,73165.1027125,-5926.762531538014,1,-67094.10609791665,-73165.1027125
2025.06.18_0.3_3,clean,Conformer,index=7.184190,184190.9699,30,15,14350.868837665352,14885.56614386672,-534.6973062013676,1,-2163.0407333333296,-7771.064691666663
2025.06.18_0.3_3,clean,AlexNet,index=7.184190,184190.9699,30,15,16733.394029162573,22468.74249113418,-5735.348461971607,1,-14119.90219166667,-13289.381879166664
2025.06.18_0.3_3,clean,performance,index=7.184190,184190.9699,30,15,22058.086168635364,25748.723992313397,-3690.637823678033,1,-20454.58878729058,-23887.959023221327
2025.06.18_0.3_3,clean,equal,index=7.184190,184190.9699,30,15,28653.19232085898,32518.399572780843,-3865.2072519218636,1,-27792.349674305562,-31408.51642777778
2025.06.11_0.3_2,clean,RF,index=3.2.10E+04,20979.71604,30,15,95615.3947587193,90126.49794755923,5488.89681116007,0,95508.1982829167,90126.00270999999
2025.06.11_0.3_2,clean,Conformer,index=3.2.10E+04,20979.71604,30,15,38885.36260185804,46797.633091144766,-7912.270489286726,1,17700.111059609382,16592.355444375
2025.06.11_0.3_2,clean,AlexNet,index=3.2.10E+04,20979.71604,30,15,27228.24936845562,64535.92432658863,-37307.67495813301,1,-6234.241593385416,46817.532364947925
2025.06.11_0.3_2,clean,performance,index=3.2.10E+04,20979.71604,30,15,32923.5012494626,53360.12923385817,-20436.62798439557,1,25659.122905041284,42981.57492861753
2025.06.11_0.3_2,clean,equal,index=3.2.10E+04,20979.71604,30,15,39606.78082227205,57839.832722971005,-18233.051900698956,1,35658.02258304686,51178.63017310763
2025.06.18_0.3_3,clean,RF,index=3.21242,21242.86319,30,15,99011.83776243057,90990.53887081098,8021.29889161959,0,99011.65243500001,90964.34306000003
2025.06.18_0.3_3,clean,Conformer,index=3.21242,21242.86319,30,15,17349.502760597312,22416.345369783183,-5066.842609185871,1,8990.400742291667,-14323.61667307292
2025.06.18_0.3_3,clean,AlexNet,index=3.21242,21242.86319,30,15,28065.97410923228,33055.657512534424,-4989.683403302144,1,-16708.879134417322,-29007.56880930339
2025.06.18_0.3_3,clean,performance,index=3.21242,21242.86319,30,15,22699.458946770854,11863.418039122771,10836.040907648083,0,18925.45890659114,3514.5017835921744
2025.06.18_0.3_3,clean,equal,index=3.21242,21242.86319,30,15,32304.392721120388,18573.65190673633,13730.740814384058,0,30431.058014291448,15877.719192541228
2025.06.11_0.3_2,clean,RF,index=8.2.22E+05,221505.1102,30,15,103262.64226861551,106096.16670439279,-2833.5244357772754,1,-103190.34743958333,-106073.2930125
2025.06.11_0.3_2,clean,Conformer,index=8.2.22E+05,221505.1102,30,15,39702.52718500177,32600.650739889847,7101.8764451119205,0,-15888.764106249995,1616.1773000000044
2025.06.11_0.3_2,clean,AlexNet,index=8.2.22E+05,221505.1102,30,15,48407.24659555966,26703.61066585442,21703.635929705244,0,-31256.470877083328,-1996.7226999999955
2025.06.11_0.3_2,clean,performance,index=8.2.22E+05,221505.1102,30,15,47316.50140038922,30509.619198931392,16806.88220145783,0,-40223.708052942275,-23040.75932640828
2025.06.11_0.3_2,clean,equal,index=8.2.22E+05,221505.1102,30,15,54392.8571731868,39196.18824384533,15196.668929341467,0,-50111.8608076389,-35484.612804166674
2025.06.18_0.3_3,clean,RF,index=8.225704,225704.9618,30,15,103714.06912364271,107707.44319348622,-3993.374069843514,1,-102995.12351875003,-93785.8435708333
2025.06.18_0.3_3,clean,Conformer,index=8.225704,225704.9618,30,15,18425.342465532078,23934.014515253086,-5508.672049721008,1,-7018.34773749999,896.4319500000099
2025.06.18_0.3_3,clean,AlexNet,index=8.225704,225704.9618,30,15,21758.55685005833,16209.854441451473,5548.702408606856,0,-17921.483674999985,-8883.58367499999
2025.06.18_0.3_3,clean,performance,index=8.225704,225704.9618,30,15,33219.01584897277,32766.879359377584,452.1364895951847,0,-31585.40209792126,-23054.86505937121
2025.06.18_0.3_3,clean,equal,index=8.225704,225704.9618,30,15,43586.91784472114,43152.79745423607,434.12039048506995,0,-42644.98497708333,-33924.33176527777
2025.06.11_0.3_2,clean,RF,index=2.2.36E+03,2355.33535,30,15,128411.39454836863,109286.12952012193,19125.265028246693,0,122745.01126458337,109277.24902499998
2025.06.11_0.3_2,clean,Conformer,index=2.2.36E+03,2355.33535,30,15,45365.35303828718,51857.528713267704,-6492.175674980521,1,35256.98189853517,45615.89085442709
2025.06.11_0.3_2,clean,AlexNet,index=2.2.36E+03,2355.33535,30,15,29918.951404512325,35333.15710505001,-5414.205700537688,1,-8788.658160872397,24889.787383561194
2025.06.11_0.3_2,clean,performance,index=2.2.36E+03,2355.33535,30,15,42335.80028638145,54908.552327226316,-12572.752040844869,1,37954.93126324599,52324.30261524635
2025.06.11_0.3_2,clean,equal,index=2.2.36E+03,2355.33535,30,15,53117.941749555765,61577.61857769334,-8459.676828137577,1,49737.77833408203,59927.64242099609
2025.06.18_0.3_3,clean,RF,index=2.2380,2380.025286,30,15,118066.0606515,114118.59772815136,3947.462923348634,0,118066.06065149995,114111.20388066667
2025.06.18_0.3_3,clean,Conformer,index=2.2380,2380.025286,30,15,29036.719452852092,23009.023487773866,6027.695965078226,0,20369.040656382815,-8868.212200062502
2025.06.18_0.3_3,clean,AlexNet,index=2.2380,2380.025286,30,15,27673.869422614276,33674.21730791987,-6000.347885305593,1,-12900.237323150062,-30470.75326451562
2025.06.18_0.3_3,clean,performance,index=2.2380,2380.025286,30,15,33277.005077927526,15115.665129201816,18161.339948725712,0,29188.794919552547,10435.374630997145
2025.06.18_0.3_3,clean,equal,index=2.2380,2380.025286,30,15,44016.480455593126,26433.915215136858,17582.565240456268,0,41844.954661577576,24924.07947202951
2025.06.11_0.3_2,clean,RF,index=9.2.67E+05,266907.6965,30,15,122225.91304325848,98223.29649400072,24002.616549257757,0,-65245.72150000003,-15394.450145833353
2025.06.11_0.3_2,clean,Conformer,index=9.2.67E+05,266907.6965,30,15,57278.107122847985,57604.404278258844,-326.297155410859,1,-28503.8405104167,-26601.164208333354
2025.06.11_0.3_2,clean,AlexNet,index=9.2.67E+05,266907.6965,30,15,72900.95286575636,65621.48874908139,7279.464116674979,0,-50117.2069166667,-32041.413166666687
2025.06.11_0.3_2,clean,performance,index=9.2.67E+05,266907.6965,30,15,72319.57907595774,62794.21725545647,9525.361820501268,0,-44271.395892763605,-26036.83663938715
2025.06.11_0.3_2,clean,equal,index=9.2.67E+05,266907.6965,30,15,79573.37163053652,67352.01904108972,12221.352589446804,0,-47955.58964236114,-24679.009173611146
2025.06.18_0.3_3,clean,RF,index=9.271677,271677.6816,30,15,131181.8900008936,133601.83154637454,-2419.9415454809496,1,-104741.09800624996,-115036.22639166667
2025.06.18_0.3_3,clean,Conformer,index=9.271677,271677.6816,30,15,35324.32366838983,34781.44533620603,542.8783321837982,0,4121.73871249999,-11634.64410000001
2025.06.18_0.3_3,clean,AlexNet,index=9.271677,271677.6816,30,15,33177.75955270349,24410.75359220105,8767.005960502436,0,-9783.33160000001,-20558.815975000012
2025.06.18_0.3_3,clean,performance,index=9.271677,271677.6816,30,15,45874.6405634836,47686.2184126123,-1811.5778491287056,1,-24304.904417482783,-37187.14181758464
2025.06.18_0.3_3,clean,equal,index=9.271677,271677.6816,30,15,57536.15544758011,59747.57848130307,-2211.42303372296,1,-36800.89696458336,-49076.562155555584
2025.06.11_0.3_2,clean,RF,index=10.3.15E+05,315466.1173,30,15,66491.98396004502,58088.50882520688,8403.47513483814,0,-1193.0305812499835,2309.8363458333497
2025.06.11_0.3_2,clean,Conformer,index=10.3.15E+05,315466.1173,30,15,50595.61271297723,63465.95472252186,-12870.342009544634,1,-15337.640737499984,-37192.952716666674
2025.06.11_0.3_2,clean,AlexNet,index=10.3.15E+05,315466.1173,30,15,46491.75767254411,54250.29037404971,-7758.532701505603,1,-30715.428758333328,-32107.923549999985
2025.06.11_0.3_2,clean,performance,index=10.3.15E+05,315466.1173,30,15,45632.25841409546,50535.514085312025,-4903.255671216568,1,-17913.918147790315,-26854.38481989613
2025.06.11_0.3_2,clean,equal,index=10.3.15E+05,315466.1173,30,15,46652.064799059364,48498.063020334645,-1845.9982212752802,1,-15748.700025694447,-22330.346640277785
2025.06.18_0.3_3,clean,RF,index=10.322114,322114.2428,30,15,163480.26567337883,169147.24807148697,-5666.982398108143,1,-125658.29175833336,-134699.3329041667
2025.06.18_0.3_3,clean,Conformer,index=10.322114,322114.2428,30,15,29006.538674388885,30327.792357609505,-1321.2536832206206,1,-966.0855083333406,-13627.699050000007
2025.06.18_0.3_3,clean,AlexNet,index=10.322114,322114.2428,30,15,35967.256136003925,44759.345815990324,-8792.089679986399,1,-18820.301654166673,-37428.19175833334
2025.06.18_0.3_3,clean,performance,index=10.322114,322114.2428,30,15,52046.29931483843,61851.181512093484,-9804.882197255058,1,-34229.30968357155,-48141.52196099383
2025.06.18_0.3_3,clean,equal,index=10.322114,322114.2428,30,15,68347.27439258026,78074.0689164207,-9726.794523840435,1,-48481.559640277796,-61918.4079041667
2025.06.11_0.3_2,clean,RF,index=11.3.69E+05,368978.105,30,15,53334.7461942738,49048.12887018563,4286.617324088169,0,33732.02625000002,21039.72833333335
2025.06.11_0.3_2,clean,Conformer,index=11.3.69E+05,368978.105,30,15,24273.627489217994,21638.902549583316,2634.724939634678,0,2323.4304166666852,-3997.3799999999815
2025.06.11_0.3_2,clean,AlexNet,index=11.3.69E+05,368978.105,30,15,25236.347184805927,34300.89052754428,-9064.543342738354,1,-16956.614374999983,-1528.609166666648
2025.06.11_0.3_2,clean,performance,index=11.3.69E+05,368978.105,30,15,22978.43910322696,27417.292181256475,-4438.853078029515,1,2026.9010091992814,2295.7332096785035
2025.06.11_0.3_2,clean,equal,index=11.3.69E+05,368978.105,30,15,25902.308274814608,30426.684212241737,-4524.3759374271285,1,6366.280763888881,5171.246388888879
2025.06.18_0.3_3,clean,RF,index=11.376320,376320.1201,30,15,105447.05462690566,80422.48385815349,25024.57076875218,0,-76424.49848541665,-59784.64770416664
2025.06.18_0.3_3,clean,Conformer,index=11.376320,376320.1201,30,15,55925.168867773755,42489.53272310564,13435.636144668111,0,-22473.36749583332,-19380.305516666667
2025.06.18_0.3_3,clean,AlexNet,index=11.376320,376320.1201,30,15,57976.078805527344,42288.22413842734,15687.854667100008,0,-46980.636245833324,-31412.980516666667
2025.06.18_0.3_3,clean,performance,index=11.376320,376320.1201,30,15,62479.58499033661,46009.02419331439,16470.56079702222,0,-42988.51119226663,-32305.853111666176
2025.06.18_0.3_3,clean,equal,index=11.376320,376320.1201,30,15,68319.4673003413,50404.02078939237,17915.446510948932,0,-48626.1674090278,-36859.311245833356
2025.06.11_0.3_2,clean,RF,index=12.4.27E+05,427276.195,30,15,31815.714178941307,34820.84568490728,-3005.1315059659755,1,30779.54874999998,33123.73208333333
2025.06.11_0.3_2,clean,Conformer,index=12.4.27E+05,427276.195,30,15,22987.554657407352,32349.281418180315,-9361.726760772963,1,12221.848749999994,26553.86541666666
2025.06.11_0.3_2,clean,AlexNet,index=12.4.27E+05,427276.195,30,15,28248.276986294462,29983.92703499927,-1735.650048704807,1,-14888.776250000006,20238.325833333325
2025.06.11_0.3_2,clean,performance,index=12.4.27E+05,427276.195,30,15,17296.399878550026,30682.4603494061,-13386.060470856075,1,6311.540228536284,25808.8375925974
2025.06.11_0.3_2,clean,equal,index=12.4.27E+05,427276.195,30,15,17227.757651961845,30767.544661861313,-13539.787009899468,1,9370.873749999957,26638.64111111107
2025.06.18_0.3_3,clean,RF,index=12.434018,434018.0833,30,15,29639.38543569215,49198.89211693292,-19559.506681240768,1,10804.96774166667,-25814.618716666664
2025.06.18_0.3_3,clean,Conformer,index=12.434018,434018.0833,30,15,22878.227429754374,30332.59582802185,-7454.3683982674775,1,7557.687533333335,-9435.477049999998
2025.06.18_0.3_3,clean,AlexNet,index=12.434018,434018.0833,30,15,31092.655153848875,26106.078795793987,4986.576358054888,0,-20754.270800000002,-13677.479133333332
2025.06.18_0.3_3,clean,performance,index=12.434018,434018.0833,30,15,20470.949139886274,31610.128714497292,-11139.179574611018,1,-2075.3355348868104,-14456.436142703158
2025.06.18_0.3_3,clean,equal,index=12.434018,434018.0833,30,15,20764.49771525933,33788.015695100956,-13023.517979841625,1,-797.2051750000295,-16309.191633333367
2025.06.11_0.3_2,clean,RF,index=13.4.89E+05,489453.9981,30,15,32816.81885225699,21546.15712084689,11270.661731410102,0,14763.719608333307,9511.133149999974
2025.06.11_0.3_2,clean,Conformer,index=13.4.89E+05,489453.9981,30,15,24231.69799265634,18877.52777151074,5354.1702211455995,0,2731.869608333307,2484.2643999999736
2025.06.11_0.3_2,clean,AlexNet,index=13.4.89E+05,489453.9981,30,15,41562.55523342142,23834.941146874076,17727.614086547346,0,-32782.43455833335,3115.6164833333073
2025.06.11_0.3_2,clean,performance,index=13.4.89E+05,489453.9981,30,15,23114.655758833993,18188.45802745589,4926.197731378103,0,-7644.457967201673,4229.303492351055
2025.06.11_0.3_2,clean,equal,index=13.4.89E+05,489453.9981,30,15,22811.68369949638,18547.281641303838,4264.402058192543,0,-5095.615113888946,5037.004677777726
2025.06.18_0.3_3,clean,RF,index=13.496023,496023.3525,30,15,29328.172273727563,28349.58401766756,978.5882560600039,0,-9437.334791666646,-16972.65249999998
2025.06.18_0.3_3,clean,Conformer,index=13.496023,496023.3525,30,15,25810.387904952226,27580.932796656518,-1770.5448917042922,1,3346.983958333354,-6638.956666666646
2025.06.18_0.3_3,clean,AlexNet,index=13.496023,496023.3525,30,15,48315.62254166685,24391.565116769943,23924.05742489691,0,-40768.65354166666,-10958.92124999998
2025.06.18_0.3_3,clean,performance,index=13.496023,496023.3525,30,15,27867.10336383825,24033.59729461499,3833.506069223262,0,-15491.135415569219,-10372.35918826923
2025.06.18_0.3_3,clean,equal,index=13.496023,496023.3525,30,15,27863.350159283753,23984.42527262211,3878.9248866616435,0,-15619.668125000013,-11523.510138888898
2025.06.11_0.3_2,clean,RF,index=14.5.54E+05,554196.3218,30,15,43928.1512499446,33491.84878731356,10436.302462631043,0,13368.441741666633,-1710.0613833333675
2025.06.11_0.3_2,clean,Conformer,index=14.5.54E+05,554196.3218,30,15,37348.62342954082,30880.976327729953,6467.647101810868,0,6721.760491666632,3697.0906999999656
2025.06.11_0.3_2,clean,AlexNet,index=14.5.54E+05,554196.3218,30,15,52694.25845141293,33899.29898897027,18794.959462442654,0,-44040.759300000034,-7173.6322166667005
2025.06.11_0.3_2,clean,performance,index=14.5.54E+05,554196.3218,30,15,32881.591777706875,29941.0312015146,2940.5605761922743,0,-10373.118756327625,-1219.5753438238055
2025.06.11_0.3_2,clean,equal,index=14.5.54E+05,554196.3218,30,15,32479.064570799615,30257.914247849552,2221.150322950063,0,-7983.519022222292,-1728.8676333333947
2025.06.18_0.3_3,clean,RF,index=14.562158,562158.7854,30,15,30132.46500159152,18196.410956716445,11936.054044875076,0,-18240.087483333384,-13109.068733333384
2025.06.18_0.3_3,clean,Conformer,index=14.562158,562158.7854,30,15,34612.08358637678,26953.85164988491,7658.231936491869,0,3806.085433333282,8740.83543333328
2025.06.18_0.3_3,clean,AlexNet,index=14.562158,562158.7854,30,15,49839.22081482107,22113.652099883926,27725.568714937144,0,-37333.44998333336,6790.914599999948
2025.06.18_0.3_3,clean,performance,index=14.562158,562158.7854,30,15,33824.99326070216,19059.878270065965,14765.114990636197,0,-15933.064261358692,3319.233947279964
2025.06.18_0.3_3,clean,equal,index=14.562158,562158.7854,30,15,33212.59064030995,17245.461146330545,15967.129493979406,0,-17255.817344444535,807.5604333332429
2025.06.11_0.3_2,clean,RF,index=4.5.76E+04,57593.31665,30,15,58767.06897201054,55694.694856063805,3072.3741159467318,0,58590.12293333335,55630.535433333316
2025.06.11_0.3_2,clean,Conformer,index=4.5.76E+04,57593.31665,30,15,30599.289702344868,32508.406718632647,-1909.1170162877788,1,10292.984066145837,19110.164600000004
2025.06.11_0.3_2,clean,AlexNet,index=4.5.76E+04,57593.31665,30,15,50216.29023414402,44512.78974923917,5703.500484904849,0,-32040.261451330574,22022.995003645836
2025.06.11_0.3_2,clean,performance,index=4.5.76E+04,57593.31665,30,15,23840.937044031736,34926.66588095917,-11085.728836927432,1,5208.43022388382,28052.760621730886
2025.06.11_0.3_2,clean,equal,index=4.5.76E+04,57593.31665,30,15,23668.2565634925,37144.54194290081,-13476.28537940831,1,12280.948516049531,32254.56501232638
2025.06.18_0.3_3,clean,RF,index=4.58389,58389.85471,30,15,62056.23122750001,56727.10567049502,5329.125557004991,0,62056.23122749998,56674.799977500006
2025.06.18_0.3_3,clean,Conformer,index=4.58389,58389.85471,30,15,17329.04340381903,31036.117325031544,-13707.073921212515,1,172.44620145833372,-22606.818577187492
2025.06.18_0.3_3,clean,AlexNet,index=4.58389,58389.85471,30,15,33187.68029397306,43406.628915788,-10218.94862181494,1,-24563.007155475258,-41393.62765921874
2025.06.18_0.3_3,clean,performance,index=4.58389,58389.85471,30,15,14646.979566484872,16315.513898683615,-1668.5343321987439,1,4423.0778850753595,-11834.896828001822
2025.06.18_0.3_3,clean,equal,index=4.58389,58389.85471,30,15,17350.279100560965,9406.815153336358,7943.463947224607,0,12555.223424494356,-2441.8820863020896
2025.06.11_0.3_2,clean,RF,index=15.6.24E+05,624442.5514,30,15,61266.951967804154,49915.907617823235,11351.044349980919,0,44538.192350000005,37307.43193333333
2025.06.11_0.3_2,clean,Conformer,index=15.6.24E+05,624442.5514,30,15,35074.18326700617,35535.06817958356,-460.88491257739224,1,-927.44098333333,11477.344433333337
2025.06.11_0.3_2,clean,AlexNet,index=15.6.24E+05,624442.5514,30,15,59382.75919930911,40640.80014557652,18741.959053732593,0,-51588.439941666664,4046.37776666667
2025.06.11_0.3_2,clean,performance,index=15.6.24E+05,624442.5514,30,15,31491.14604256754,34107.32158703992,-2616.175544472382,1,-9657.797657348581,14535.964944234218
2025.06.11_0.3_2,clean,equal,index=15.6.24E+05,624442.5514,30,15,30504.8673054114,34696.01992964488,-4191.152624233477,1,-2659.2295250000316,17610.384711111074
2025.06.18_0.3_3,clean,RF,index=15.633482,633482.536,30,15,43420.427228443914,44331.68116293723,-911.2539344933175,1,-14146.563083333296,-14546.394333333297
2025.06.18_0.3_3,clean,Conformer,index=15.633482,633482.536,30,15,35494.8499246937,33675.95255645131,1818.8973682423893,0,-396.113083333297,17096.92233333337
2025.06.18_0.3_3,clean,AlexNet,index=15.633482,633482.536,30,15,54721.5424362136,29266.212353284576,25455.33008292902,0,-45283.22141666661,12106.214000000036
2025.06.18_0.3_3,clean,performance,index=15.633482,633482.536,30,15,36610.487045674105,29826.68976955784,6783.797276116264,0,-19722.95949821566,8499.60206705907
2025.06.18_0.3_3,clean,equal,index=15.633482,633482.536,30,15,37124.86034338804,30454.89466860434,6669.965674783703,0,-19941.96586111112,4885.580666666672
2025.06.11_0.3_2,clean,RF,index=16.6.98E+05,698421.296,30,15,49103.11195990367,47504.70940301318,1598.4025568904908,0,39633.61650000002,43083.42483333336
2025.06.11_0.3_2,clean,Conformer,index=16.6.98E+05,698421.296,30,15,36542.16744089637,45073.00154078153,-8530.834099885156,1,9825.860250000027,28815.47483333336
2025.06.11_0.3_2,clean,AlexNet,index=16.6.98E+05,698421.296,30,15,62938.78724135053,30247.98514908043,32690.802092270103,0,-53365.608499999995,19312.408166666693
2025.06.11_0.3_2,clean,performance,index=16.6.98E+05,698421.296,30,15,29316.365143121646,36384.93354948886,-7068.568406367212,1,-6835.189337051846,28647.18910835296
2025.06.11_0.3_2,clean,equal,index=16.6.98E+05,698421.296,30,15,27421.19241886618,36096.75632696568,-8675.563908099502,1,-1302.0439166666824,30403.769277777756
2025.06.18_0.3_3,clean,RF,index=16.709792,709792.7143,30,15,34594.92883867967,28542.939225703187,6051.989612976482,0,10361.716950000007,1874.131533333341
2025.06.18_0.3_3,clean,Conformer,index=16.709792,709792.7143,30,15,37114.65378111637,47205.45963939341,-10090.805858277039,1,15569.233616666674,39404.23986666668
2025.06.18_0.3_3,clean,AlexNet,index=16.709792,709792.7143,30,15,58236.76967146901,41496.51133124086,16740.258340228153,0,-46372.23721666668,29517.36070000001
2025.06.18_0.3_3,clean,performance,index=16.709792,709792.7143,30,15,29911.528391290223,35757.84167636709,-5846.313285076867,1,-8147.266933362361,27842.05663742545
2025.06.18_0.3_3,clean,equal,index=16.709792,709792.7143,30,15,28746.1523953983,32544.964394542018,-3798.811999143716,1,-6813.76221666669,23598.57736666662
2025.06.11_0.3_2,clean,RF,index=17.7.77E+05,776647.2223,30,15,15300.075391108327,15430.93588127685,-130.86049016852303,1,-11256.48896666669,-11428.443133333356
2025.06.11_0.3_2,clean,Conformer,index=17.7.77E+05,776647.2223,30,15,33035.62319674002,36005.71381512265,-2970.09061838263,1,10076.777699999977,22984.502699999975
2025.06.11_0.3_2,clean,AlexNet,index=17.7.77E+05,776647.2223,30,15,74487.75403454134,25621.785695786693,48865.968338754654,0,-68293.75563333336,-2806.7431333333566
2025.06.11_0.3_2,clean,performance,index=17.7.77E+05,776647.2223,30,15,32561.638685555612,20395.025311392423,12166.61337416319,0,-23093.187978408194,6626.709315788552
2025.06.11_0.3_2,clean,equal,index=17.7.77E+05,776647.2223,30,15,30570.14372013645,17267.432585688824,13302.711134447625,0,-23157.822300000098,2916.438811111039
2025.06.18_0.3_3,clean,RF,index=17.789500,789500.1968,30,15,40047.02661233629,53996.19789538183,-13949.171283045544,1,-19547.613466666702,-31372.6634666667
2025.06.18_0.3_3,clean,Conformer,index=17.789500,789500.1968,30,15,34463.09045423999,30751.171739868765,3711.9187143712224,0,6495.369866666632,14417.353199999965
2025.06.18_0.3_3,clean,AlexNet,index=17.789500,789500.1968,30,15,79273.08431647319,27438.8040897518,51834.28022672139,0,-72691.49055000003,-10118.480133333367
2025.06.18_0.3_3,clean,performance,index=17.789500,789500.1968,30,15,38519.931992075966,26415.17185130763,12104.760140768336,0,-27982.76658103793,-3981.977928245898
2025.06.18_0.3_3,clean,equal,index=17.789500,789500.1968,30,15,38516.75813466692,29404.311473509646,9112.446661157272,0,-28581.24471666676,-9024.596800000074
2025.06.11_0.3_2,clean,RF,index=18.8.59E+05,859343.9142,30,15,81819.64162903471,78989.44057177323,2830.2010572614818,0,-81288.22045,-78678.27253333334
2025.06.11_0.3_2,clean,Conformer,index=18.8.59E+05,859343.9142,30,15,41951.09138275749,22023.792675331573,19927.298707425918,0,-25619.605866666665,-2145.7266999999993
2025.06.11_0.3_2,clean,AlexNet,index=18.8.59E+05,859343.9142,30,15,109801.9200893124,39571.11683391234,70230.80325540007,0,-105893.74545,-35448.53503333333
2025.06.11_0.3_2,clean,performance,index=18.8.59E+05,859343.9142,30,15,70483.54455608525,32835.693915768185,37647.85064031707,0,-66849.75843520199,-30246.097197877087
2025.06.11_0.3_2,clean,equal,index=18.8.59E+05,859343.9142,30,15,73489.87924494999,40173.63347941755,33316.24576553244,0,-70933.85725555563,-38757.51142222228
2025.06.18_0.3_3,clean,RF,index=18.873637,873637.0359,30,15,75488.87255718609,72791.45374471752,2697.4188124685606,0,-74484.65048333335,-71536.14006666669
2025.06.18_0.3_3,clean,Conformer,index=18.873637,873637.0359,30,15,50292.90841816219,35729.00364237049,14563.9047757917,0,-38260.996316666686,-23266.190066666684
2025.06.18_0.3_3,clean,AlexNet,index=18.873637,873637.0359,30,15,123233.57113708068,54600.6135150427,68632.95762203798,0,-119121.17340000001,-50300.39006666668
2025.06.18_0.3_3,clean,performance,index=18.873637,873637.0359,30,15,79514.63093533814,46850.08568994498,32664.545245393158,0,-75533.61151106165,-43064.491562300675
2025.06.18_0.3_3,clean,equal,index=18.873637,873637.0359,30,15,80383.54547871377,51116.84178701716,29266.70369169661,0,-77288.94006666675,-48367.573400000074
2025.06.18_0.3_3,0,RF,index=1.0,-1.42e-06,30,15,119564.0678136169,111855.58723625436,7708.480577362541,0,119532.66172016996,111840.04375142002
2025.06.18_0.3_3,0,Conformer,index=1.0,-1.42e-06,30,15,139717.60691460222,113091.05046479605,26626.556449806172,0,136242.23489725328,110855.69739725335
2025.06.18_0.3_3,0,AlexNet,index=1.0,-1.42e-06,30,15,118220.65100007624,40052.44719588116,78168.20380419507,0,107800.02031391996,34095.180828242905
2025.06.18_0.3_3,0,performance,index=1.0,-1.42e-06,30,15,125224.86479644,86018.69654916311,39206.16824727689,0,122280.52247846282,84653.31103744052
2025.06.18_0.3_3,0,equal,index=1.0,-1.42e-06,30,15,123427.12894290512,86577.00996383015,36850.11897907498,0,121191.63897711442,85596.97399230541
2025.06.11_0.3_2,0,RF,index=1.3.28E-04,0.000328047,30,15,113662.35450513056,112387.17524887947,1275.1792562510818,0,113599.54576570295,112366.90904695302
2025.06.11_0.3_2,0,Conformer,index=1.3.28E-04,0.000328047,30,15,113084.30938656122,139078.09560373743,-25993.78621717621,1,105417.55082755191,135114.05592195303
2025.06.11_0.3_2,0,AlexNet,index=1.3.28E-04,0.000328047,30,15,56545.718841355345,47429.630082642725,9116.08875871262,0,40595.58260957508,35416.43486075509
2025.06.11_0.3_2,0,performance,index=1.3.28E-04,0.000328047,30,15,86735.40468349395,98489.62080121468,-11754.21611772073,1,83522.43146124292,95858.43805244524
2025.06.11_0.3_2,0,equal,index=1.3.28E-04,0.000328047,30,15,88806.36372919974,96243.324732405,-7436.961003205259,1,86537.55973427666,94299.1332765537
2025.06.11_0.3_2,0,RF,index=5.1.11E+05,111264.7017,30,15,6272.173969734998,1420.8403207488996,4851.333648986098,0,4309.788404166661,288.03111249999495
2025.06.11_0.3_2,0,Conformer,index=5.1.11E+05,111264.7017,30,15,50646.57097493846,50189.123053497104,457.44792144135863,0,43190.66262291665,43822.24830000001
2025.06.11_0.3_2,0,AlexNet,index=5.1.11E+05,111264.7017,30,15,40153.87169059976,23597.67621143408,16556.195479165675,0,-31530.079955208334,-10387.020189583338
2025.06.11_0.3_2,0,performance,index=5.1.11E+05,111264.7017,30,15,15672.44734378733,20987.55613852251,-5315.108794735179,1,7587.993717147808,15701.537723696852
2025.06.11_0.3_2,0,equal,index=5.1.11E+05,111264.7017,30,15,12807.322301971757,16219.699308898094,-3412.3770069263373,1,5323.45702395832,11241.086407638873
2025.06.18_0.3_3,0,RF,index=5.113188,113188.2901,30,15,29635.119418375507,2162.4229124999983,27472.69650587551,0,8076.941410416669,-2162.4229124999983
2025.06.18_0.3_3,0,Conformer,index=5.113188,113188.2901,30,15,33526.195463436256,16900.30265351867,16625.892809917586,0,25261.997400000004,-11762.841141666662
2025.06.18_0.3_3,0,AlexNet,index=5.113188,113188.2901,30,15,27792.999233051865,18392.139601425304,9400.859631626561,0,8646.983337500005,-7251.205724999997
2025.06.18_0.3_3,0,performance,index=5.113188,113188.2901,30,15,23354.638944862767,12045.271769364424,11309.367175498342,0,15513.444304286144,-8122.904421526876
2025.06.18_0.3_3,0,equal,index=5.113188,113188.2901,30,15,21827.541040300068,10508.323051974381,11319.217988325687,0,13995.307382638885,-7058.8232597222295
2025.06.11_0.3_2,0,RF,index=6.1.44E+05,144324.2618,30,15,31835.395060323215,30399.39337143643,1436.0016888867867,0,-31096.490966666668,-30281.243049999994
2025.06.11_0.3_2,0,Conformer,index=6.1.44E+05,144324.2618,30,15,35325.05008775467,24651.732712890684,10673.31737486399,0,12704.216845833327,15353.696533333326
2025.06.11_0.3_2,0,AlexNet,index=6.1.44E+05,144324.2618,30,15,55685.294122633015,43135.572674109564,12549.72144852345,0,-47508.844612500005,-33670.21909166666
2025.06.11_0.3_2,0,performance,index=6.1.44E+05,144324.2618,30,15,23976.552902690808,17987.854401092252,5988.698501598556,0,-18660.724793652804,-11439.25837072888
2025.06.11_0.3_2,0,equal,index=6.1.44E+05,144324.2618,30,15,25407.268582469875,20400.208513028087,5007.060069441788,0,-21967.039577777796,-16199.255202777797
2025.06.18_0.3_3,0,RF,index=6.146381,146381.6505,30,15,30234.471026327865,35355.78331249999,-5121.312286172124,1,-29893.736177083323,-35355.78331249999
2025.06.18_0.3_3,0,Conformer,index=6.146381,146381.6505,30,15,15306.562191547317,23590.40016691704,-8283.837975369723,1,5777.441947916678,-17916.57237499999
2025.06.18_0.3_3,0,AlexNet,index=6.146381,146381.6505,30,15,15452.771883873034,16333.742972665581,-880.9710887925467,1,-9157.872635416656,-10585.44424999999
2025.06.18_0.3_3,0,performance,index=6.146381,146381.6505,30,15,11109.689248158744,21510.254092289277,-10400.564844130533,1,-7323.934365453289,-19185.226710117913
2025.06.18_0.3_3,0,equal,index=6.146381,146381.6505,30,15,13158.227042448469,22788.039951377854,-9629.812908929385,1,-11091.388954861111,-21285.9333125
2025.06.11_0.3_2,0,RF,index=7.1.81E+05,181378.003,30,15,66674.79519700806,70272.91940371676,-3598.1242067087005,1,-66535.01523958334,-70272.28425000001
2025.06.11_0.3_2,0,Conformer,index=7.1.81E+05,181378.003,30,15,24498.63708676338,23723.285654884137,775.351431879244,0,-12108.151177083337,-15909.221749999997
2025.06.11_0.3_2,0,AlexNet,index=7.1.81E+05,181378.003,30,15,80883.97376384256,57984.88151483614,22899.09224900642,0,-74372.77682812499,-54971.49987500001
2025.06.11_0.3_2,0,performance,index=7.1.81E+05,181378.003,30,15,48629.35507231779,42829.49938817107,5799.855684146722,0,-46501.14137684879,-41171.62196195121
2025.06.11_0.3_2,0,equal,index=7.1.81E+05,181378.003,30,15,52452.714944058665,48114.24071818248,4338.4742258761835,0,-51005.31441493056,-47051.001958333334
2025.06.18_0.3_3,0,RF,index=7.184190,184190.9699,30,15,67546.96847520693,73085.86185759217,-5538.893382385242,1,-67398.58083749998,-73085.25115
2025.06.18_0.3_3,0,Conformer,index=7.184190,184190.9699,30,15,18214.260193794627,25517.14446095383,-7302.884267159203,1,4764.180620833337,-9877.983441666664
2025.06.18_0.3_3,0,AlexNet,index=7.184190,184190.9699,30,15,14668.43362240195,31772.00538004993,-17103.57175764798,1,-7746.79385833333,-24839.064170833335
2025.06.18_0.3_3,0,performance,index=7.184190,184190.9699,30,15,18224.0822113929,32637.30610854601,-14413.223897153111,1,-15280.886955465046,-28769.072442200282
2025.06.18_0.3_3,0,equal,index=7.184190,184190.9699,30,15,24924.029405053538,38196.10408007006,-13272.07467501652,1,-23460.398025000006,-35934.0995875
2025.06.11_0.3_2,0,RF,index=3.2.10E+04,20979.71604,30,15,95009.08387412765,90423.75020391986,4585.333670207794,0,94899.24880375002,90413.31364749999
2025.06.11_0.3_2,0,Conformer,index=3.2.10E+04,20979.71604,30,15,95793.41969699829,85837.07959067464,9956.340106323652,0,90432.33382979169,78265.72842614584
2025.06.11_0.3_2,0,AlexNet,index=3.2.10E+04,20979.71604,30,15,44245.70573559233,59842.97874280487,-15597.273007212541,1,37905.655086302075,46750.42705895834
2025.06.11_0.3_2,0,performance,index=3.2.10E+04,20979.71604,30,15,74820.92688515912,73870.96988509588,949.9570000632375,0,72226.19448400303,70061.13707023766
2025.06.11_0.3_2,0,equal,index=3.2.10E+04,20979.71604,30,15,76190.71885285787,74561.65344846642,1629.0654043914546,0,74412.41257328124,71809.82304420139
2025.06.18_0.3_3,0,RF,index=3.21242,21242.86319,30,15,98855.7800531046,89783.00399749998,9072.776055604612,0,98849.22404958334,89783.00399750003
2025.06.18_0.3_3,0,Conformer,index=3.21242,21242.86319,30,15,99014.76001116939,84266.15143684458,14748.608574324811,0,97421.93654958335,83013.40087250002
2025.06.18_0.3_3,0,AlexNet,index=3.21242,21242.86319,30,15,98975.67059826448,44495.2479292384,54480.42266902608,0,92990.40308604167,38974.40230479168
2025.06.18_0.3_3,0,performance,index=3.21242,21242.86319,30,15,97444.39078600521,70193.61456272405,27250.776223281166,0,96111.27243265469,69329.63018762607
2025.06.18_0.3_3,0,equal,index=3.21242,21242.86319,30,15,97440.37742295545,71248.77308885926,26191.60433409619,0,96420.52122840277,70590.26905826388
2025.06.11_0.3_2,0,RF,index=8.2.22E+05,221505.1102,30,15,103262.64226861551,108309.87887995566,-5047.236611340151,1,-103190.34743958333,-108276.26801249999
2025.06.11_0.3_2,0,Conformer,index=8.2.22E+05,221505.1102,30,15,41956.82683063323,35920.775402611325,6036.051428021907,0,-30374.60655416666,-18952.22374166666
2025.06.11_0.3_2,0,AlexNet,index=8.2.22E+05,221505.1102,30,15,115959.83209474287,98772.94460617065,17186.887488572218,0,-111115.78754374999,-90348.72165833334
2025.06.11_0.3_2,0,performance,index=8.2.22E+05,221505.1102,30,15,77541.92511941727,67249.8985080263,10292.026611390975,0,-75453.57909198038,-62943.2721888504
2025.06.11_0.3_2,0,equal,index=8.2.22E+05,221505.1102,30,15,83014.9147684886,75419.69039997799,7595.224368510608,0,-81560.24717916668,-72525.7378041667
2025.06.18_0.3_3,0,RF,index=8.225704,225704.9618,30,15,104035.98712863355,109972.86451238526,-5936.877383751707,1,-103299.59825833335,-95988.81857083329
2025.06.18_0.3_3,0,Conformer,index=8.225704,225704.9618,30,15,32313.643146811144,25071.148535306515,7242.49461150463,0,-19202.08367499998,-6285.88054999999
2025.06.18_0.3_3,0,AlexNet,index=8.225704,225704.9618,30,15,29599.08324989738,51516.904200715486,-21917.820950818106,1,-17254.190445833327,-43882.91804999998
2025.06.18_0.3_3,0,performance,index=8.225704,225704.9618,30,15,40720.73693713177,47976.83874746451,-7256.101810332744,1,-36532.081538816325,-38727.544824453
2025.06.18_0.3_3,0,equal,index=8.225704,225704.9618,30,15,49152.05231820294,57943.997200873666,-8791.944882670723,1,-46585.29079305555,-48719.20572361111
2025.06.11_0.3_2,0,RF,index=2.2.36E+03,2355.33535,30,15,126820.99660767052,108911.14035155541,17909.856256115105,0,121627.02480625005,108910.08652499998
2025.06.11_0.3_2,0,Conformer,index=2.2.36E+03,2355.33535,30,15,101750.3869490674,112252.55821632719,-10502.171267259793,1,97096.37988437504,109712.7839208333
2025.06.11_0.3_2,0,AlexNet,index=2.2.36E+03,2355.33535,30,15,44232.59423799923,38857.57130336726,5375.022934631968,0,35117.048406510425,33417.755649348954
2025.06.11_0.3_2,0,performance,index=2.2.36E+03,2355.33535,30,15,81957.1010076709,84095.91247205416,-2138.8114643832523,1,79745.52772400771,83282.05607325483
2025.06.11_0.3_2,0,equal,index=2.2.36E+03,2355.33535,30,15,86458.50186573966,84562.17275618574,1896.329109553917,0,84613.48436571182,84013.54203172743
2025.06.18_0.3_3,0,RF,index=2.2380,2380.025286,30,15,118066.0606515,112186.5276313904,5879.533020109593,0,118066.06065149995,112152.77367233332
2025.06.18_0.3_3,0,Conformer,index=2.2380,2380.025286,30,15,112199.62915045161,98158.37560578164,14041.253544669977,0,108699.11260462497,95987.67237025
2025.06.18_0.3_3,0,AlexNet,index=2.2380,2380.025286,30,15,86565.71628915692,46126.45299727494,40439.26329188198,0,79537.73936243748,38672.96517623959
2025.06.18_0.3_3,0,performance,index=2.2380,2380.025286,30,15,102463.6951189259,81170.71888461937,21292.976234306523,0,100068.9776702731,79777.94014221447
2025.06.18_0.3_3,0,equal,index=2.2380,2380.025286,30,15,103825.9303057659,83262.5392285551,20563.391077210792,0,102100.97087285416,82271.13707294097
2025.06.11_0.3_2,0,RF,index=9.2.67E+05,266907.6965,30,15,122223.46155578108,98825.28145512211,23398.180100658967,0,-65250.735041666696,-15862.960041666687
2025.06.11_0.3_2,0,Conformer,index=9.2.67E+05,266907.6965,30,15,84948.82900987774,48586.51785036817,36362.31115950957,0,-64086.7748854167,-19213.211083333354
2025.06.11_0.3_2,0,AlexNet,index=9.2.67E+05,266907.6965,30,15,149173.0921682487,121947.94337056129,27225.148797687405,0,-124963.7256341146,-79784.11368750005
2025.06.11_0.3_2,0,performance,index=9.2.67E+05,266907.6965,30,15,110726.27406646426,77504.72580326688,33221.54826319739,0,-86547.45669870192,-39329.70656789041
2025.06.11_0.3_2,0,equal,index=9.2.67E+05,266907.6965,30,15,112441.27245107977,82218.94429415654,30222.328156923235,0,-84767.07852039933,-38286.7616041667
2025.06.18_0.3_3,0,RF,index=9.271677,271677.6816,30,15,131903.12869319535,135037.46265099035,-3134.3339577949955,1,-105350.04748541662,-116260.3316
2025.06.18_0.3_3,0,Conformer,index=9.271677,271677.6816,30,15,55988.59374110971,46626.00206220561,9362.5916789041,0,-38409.434204166675,-29211.564933333346
2025.06.18_0.3_3,0,AlexNet,index=9.271677,271677.6816,30,15,49027.56746628179,91977.60346588552,-42950.03599960373,1,-30531.86597500001,-85027.50868333335
2025.06.18_0.3_3,0,performance,index=9.271677,271677.6816,30,15,65869.25314079679,78440.67339276109,-12571.4202519643,1,-49895.47038411958,-67346.0285609197
2025.06.18_0.3_3,0,equal,index=9.271677,271677.6816,30,15,75222.22011101544,88628.42030146267,-13406.200190447227,1,-58097.115888194465,-76833.13507222224
2025.06.11_0.3_2,0,RF,index=10.3.15E+05,315466.1173,30,15,66499.73434586619,58088.50882520688,8411.22552065931,0,-1187.2243312499836,2309.8363458333497
2025.06.11_0.3_2,0,Conformer,index=10.3.15E+05,315466.1173,30,15,50963.209467622444,63773.995914260435,-12810.78644663799,1,-17917.804799999984,-30336.12667499999
2025.06.11_0.3_2,0,AlexNet,index=10.3.15E+05,315466.1173,30,15,73247.6369291301,121938.70584983884,-48691.06892070874,1,-51658.173810416665,-78611.56625833335
2025.06.11_0.3_2,0,performance,index=10.3.15E+05,315466.1173,30,15,55421.50678912242,75824.00944524165,-20402.502656119235,1,-26638.934562452043,-39851.85083861021
2025.06.11_0.3_2,0,equal,index=10.3.15E+05,315466.1173,30,15,55544.31039556472,72856.7330365919,-17312.422641027188,1,-23587.734313888886,-35545.952195833335
2025.06.18_0.3_3,0,RF,index=10.322114,322114.2428,30,15,164628.34794576102,172275.38166115456,-7647.03371539354,1,-126567.50660208336,-137275.84175833335
2025.06.18_0.3_3,0,Conformer,index=10.322114,322114.2428,30,15,70640.19357211792,77425.032180803,-6784.8386086850805,1,-52351.5579041667,-61212.96675833334
2025.06.18_0.3_3,0,AlexNet,index=10.322114,322114.2428,30,15,69581.87145068802,121462.52150264829,-51880.65005196027,1,-55649.937070833366,-110187.06363333337
2025.06.18_0.3_3,0,performance,index=10.322114,322114.2428,30,15,85735.83161460164,110702.56581348632,-24966.734198884675,1,-69475.8570796717,-94604.34720960967
2025.06.18_0.3_3,0,equal,index=10.322114,322114.2428,30,15,96609.5139737642,121014.28809341439,-24404.77411965019,1,-78189.66719236113,-102891.95738333339
2025.06.11_0.3_2,0,RF,index=11.3.69E+05,368978.105,30,15,53314.66252452386,49040.331654282025,4274.330870241836,0,33723.720000000016,20999.467916666687
2025.06.11_0.3_2,0,Conformer,index=11.3.69E+05,368978.105,30,15,23223.952589117634,24409.002267799933,-1185.0496786822987,1,3923.537708333352,-5493.334166666648
2025.06.11_0.3_2,0,AlexNet,index=11.3.69E+05,368978.105,30,15,25876.450064319506,32182.034576009326,-6305.58451168982,1,-17409.664374999982,-1584.977916666648
2025.06.11_0.3_2,0,performance,index=11.3.69E+05,368978.105,30,15,22488.12079809328,28414.22862706175,-5926.10782896847,1,2532.8741977804107,1611.6921654760838
2025.06.11_0.3_2,0,equal,index=11.3.69E+05,368978.105,30,15,25625.593987464243,31066.476657295505,-5440.882669831262,1,6745.864444444437,4640.3852777777665
2025.06.18_0.3_3,0,RF,index=11.376320,376320.1201,30,15,107317.98722008325,80428.00815648746,26889.97906359579,0,-77171.75942291666,-59793.90395416664
2025.06.18_0.3_3,0,Conformer,index=11.376320,376320.1201,30,15,78778.26526475974,42124.095415942946,36654.1698488168,0,-40082.69171458332,-18533.259683333334
2025.06.18_0.3_3,0,AlexNet,index=11.376320,376320.1201,30,15,88006.75054516194,53335.406662299574,34671.34388286236,0,-60134.139631249986,-37582.17739166666
2025.06.18_0.3_3,0,performance,index=11.376320,376320.1201,30,15,84835.81591081047,48669.79116519208,36166.02474561839,0,-55354.85916749316,-34059.55556259151
2025.06.18_0.3_3,0,equal,index=11.376320,376320.1201,30,15,87859.41278951084,53348.65824466774,34510.7545448431,0,-59129.53025625002,-38636.44700972225
2025.06.11_0.3_2,0,RF,index=12.4.27E+05,427276.195,30,15,31815.714178941307,34797.66591958789,-2981.951740646582,1,30779.54874999998,33099.29666666666
2025.06.11_0.3_2,0,Conformer,index=12.4.27E+05,427276.195,30,15,22465.09566139927,32307.794696843466,-9842.699035444195,1,12928.689374999993,26606.22791666666
2025.06.11_0.3_2,0,AlexNet,index=12.4.27E+05,427276.195,30,15,28216.469653297958,30332.37714928561,-2115.9074959876525,1,-14493.702291666674,20427.204999999994
2025.06.11_0.3_2,0,performance,index=12.4.27E+05,427276.195,30,15,16976.48620080017,30822.59526809074,-13846.10906729057,1,6753.000421218316,25891.483780580944
2025.06.11_0.3_2,0,equal,index=12.4.27E+05,427276.195,30,15,17067.345632437187,30901.67479860385,-13834.329166166663,1,9738.17861111107,26710.909861111082
2025.06.18_0.3_3,0,RF,index=12.434018,434018.0833,30,15,29618.372713971523,49217.94516394269,-19599.57244997117,1,10848.667741666668,-25833.368716666664
2025.06.18_0.3_3,0,Conformer,index=12.434018,434018.0833,30,15,22513.035169687028,34661.10275048431,-12148.06758079728,1,8245.642741666668,-12359.247883333332
2025.06.18_0.3_3,0,AlexNet,index=12.434018,434018.0833,30,15,30896.327656398687,27489.843766346432,3406.4838900522554,0,-20318.761425,-15045.541633333332
2025.06.18_0.3_3,0,performance,index=12.434018,434018.0833,30,15,19992.639209200977,33655.33117236428,-13662.691963163299,1,-1617.6916315334208,-16213.221970153476
2025.06.18_0.3_3,0,equal,index=12.434018,434018.0833,30,15,20295.33827738948,35396.27232093983,-15100.93404355035,1,-408.15031388892095,-17746.052744444467
2025.06.11_0.3_2,0,RF,index=13.4.89E+05,489453.9981,30,15,32816.81885225699,21546.15712084689,11270.661731410102,0,14763.719608333307,9511.133149999974
2025.06.11_0.3_2,0,Conformer,index=13.4.89E+05,489453.9981,30,15,23871.260598224755,19265.938605582724,4605.321992642032,0,3310.107108333307,2297.316483333307
2025.06.11_0.3_2,0,AlexNet,index=13.4.89E+05,489453.9981,30,15,41410.000012451426,23793.70069324954,17616.299319201888,0,-32834.36685000001,3333.1789833333073
2025.06.11_0.3_2,0,performance,index=13.4.89E+05,489453.9981,30,15,22702.09930359579,18382.325772035452,4319.773531560339,0,-7420.1823706296755,4222.209759211746
2025.06.11_0.3_2,0,equal,index=13.4.89E+05,489453.9981,30,15,22455.255051584212,18672.714542487265,3782.540509096947,0,-4920.180044444501,5047.209538888835
2025.06.18_0.3_3,0,RF,index=13.496023,496023.3525,30,15,29328.172273727563,28273.24035728419,1054.9319164433728,0,-9437.334791666646,-16902.354583333312
2025.06.18_0.3_3,0,Conformer,index=13.496023,496023.3525,30,15,26686.814487101397,28331.381406017244,-1644.566918915847,1,3315.247500000021,-5636.014999999979
2025.06.18_0.3_3,0,AlexNet,index=13.496023,496023.3525,30,15,47219.89680349122,24174.795626301224,23045.101177189994,0,-39930.06604166666,-10893.17749999998
2025.06.18_0.3_3,0,performance,index=13.496023,496023.3525,30,15,27747.452542441853,24166.118909123452,3581.3336333184016,0,-15198.52557634292,-9894.718469664143
2025.06.18_0.3_3,0,equal,index=13.496023,496023.3525,30,15,27729.073082246694,24053.787296869174,3675.2857853775204,0,-15350.717777777785,-11143.849027777793
2025.06.11_0.3_2,0,RF,index=14.5.54E+05,554196.3218,30,15,43904.71485988341,33491.84878731356,10412.86607256985,0,13386.820908333299,-1710.0613833333675
2025.06.11_0.3_2,0,Conformer,index=14.5.54E+05,554196.3218,30,15,37145.1343823287,31878.11847036401,5267.015911964692,0,7590.358408333299,4586.849033333299
2025.06.11_0.3_2,0,AlexNet,index=14.5.54E+05,554196.3218,30,15,52360.0537844981,33680.70795644727,18679.345828050828,0,-43799.564508333366,-7498.917633333368
2025.06.11_0.3_2,0,performance,index=14.5.54E+05,554196.3218,30,15,32294.92326871122,30062.20485252375,2232.7184161874684,0,-9915.819028598637,-941.4119091147556
2025.06.11_0.3_2,0,equal,index=14.5.54E+05,554196.3218,30,15,31952.263320357695,30308.758481556764,1643.5048388009309,0,-7607.461730555626,-1540.7099944445072
2025.06.18_0.3_3,0,RF,index=14.562158,562158.7854,30,15,30132.46500159152,18186.1367885901,11946.32821300142,0,-18240.087483333384,-13090.443733333384
2025.06.18_0.3_3,0,Conformer,index=14.562158,562158.7854,30,15,36665.890244546776,26887.731176995167,9778.159067551609,0,5220.490641666615,8839.597933333282
2025.06.18_0.3_3,0,AlexNet,index=14.562158,562158.7854,30,15,49539.375248606,22164.939611561418,27374.43563704458,0,-37151.6114416667,6932.118766666615
2025.06.18_0.3_3,0,performance,index=14.562158,562158.7854,30,15,34103.212667897846,19050.233970301106,15052.97869759674,0,-15271.781357467908,3415.179035723062
2025.06.18_0.3_3,0,equal,index=14.562158,562158.7854,30,15,33352.75492605415,17238.62270990826,16114.132216145888,0,-16723.736094444528,893.7576555554755
2025.06.11_0.3_2,0,RF,index=4.5.76E+04,57593.31665,30,15,58460.99393681771,55533.311996982855,2927.6819398348525,0,58282.562777083345,55465.84220416665
2025.06.11_0.3_2,0,Conformer,index=4.5.76E+04,57593.31665,30,15,75648.18243251383,63761.572800490896,11886.609632022934,0,71413.41642291668,60019.832829166655
2025.06.11_0.3_2,0,AlexNet,index=4.5.76E+04,57593.31665,30,15,30419.129100656868,36992.277230284046,-6573.148129627178,1,1146.5618656249997,17280.75301145833
2025.06.11_0.3_2,0,performance,index=4.5.76E+04,57593.31665,30,15,46461.83765696961,47647.99071058788,-1186.153053618269,1,42959.672568394126,44321.46766402914
2025.06.11_0.3_2,0,equal,index=4.5.76E+04,57593.31665,30,15,46252.802775145865,46887.67975645765,-634.8769813117833,1,43614.18035520832,44255.47601493055
2025.06.18_0.3_3,0,RF,index=4.58389,58389.85471,30,15,62056.23122750001,55037.06528832149,7019.165939178514,0,62056.23122749998,54961.60518583334
2025.06.18_0.3_3,0,Conformer,index=4.58389,58389.85471,30,15,69321.15178887226,58649.02749558923,10672.124293283028,0,65469.65935249998,55513.768727500006
2025.06.18_0.3_3,0,AlexNet,index=4.58389,58389.85471,30,15,62026.97519928054,17787.733060815768,44239.242138464775,0,55280.84932645831,3430.2555764583335
2025.06.18_0.3_3,0,performance,index=4.58389,58389.85471,30,15,63176.54217848077,38862.784817429674,24313.757361051095,0,61020.0143865725,37469.67367469107
2025.06.18_0.3_3,0,equal,index=4.58389,58389.85471,30,15,62529.195068585235,38969.91795176318,23559.277116822057,0,60935.57996881943,37968.54316326387
2025.06.11_0.3_2,0,RF,index=15.6.24E+05,624442.5514,30,15,61266.966028922805,49915.907617823235,11351.05841109957,0,44538.11735,37307.43193333333
2025.06.11_0.3_2,0,Conformer,index=15.6.24E+05,624442.5514,30,15,35131.22687260476,35348.732423675676,-217.5055510709135,1,-180.37639999999664,11912.036100000003
2025.06.11_0.3_2,0,AlexNet,index=15.6.24E+05,624442.5514,30,15,59162.88552190186,40686.53375832615,18476.35176357571,0,-51221.89723333333,4229.25276666667
2025.06.11_0.3_2,0,performance,index=15.6.24E+05,624442.5514,30,15,31467.672597469882,34069.803861217704,-2602.1312637478222,1,-9209.843855801388,14789.486663234591
2025.06.11_0.3_2,0,equal,index=15.6.24E+05,624442.5514,30,15,30589.804358814486,34682.15384521278,-4092.3494863982924,1,-2288.0520944444734,17816.24026666664
2025.06.18_0.3_3,0,RF,index=15.633482,633482.536,30,15,43426.125114812814,44269.643156180224,-843.5180413674098,1,-14095.665166666631,-14508.01516666663
2025.06.18_0.3_3,0,Conformer,index=15.633482,633482.536,30,15,35639.94399565709,33514.774208010356,2125.169787646737,0,127.72858333336966,17000.993166666703
2025.06.18_0.3_3,0,AlexNet,index=15.633482,633482.536,30,15,54394.42227444767,29274.749112250287,25119.673162197385,0,-45144.61933333327,12253.851500000037
2025.06.18_0.3_3,0,performance,index=15.633482,633482.536,30,15,36346.02168405837,29749.383562627903,6596.638121430464,0,-19441.129091656785,8516.695050876984
2025.06.18_0.3_3,0,equal,index=15.633482,633482.536,30,15,36878.13484164624,30376.918154455685,6501.216687190557,0,-19704.185305555548,4915.609833333331
2025.06.11_0.3_2,0,RF,index=16.6.98E+05,698421.296,30,15,49112.516793814066,47504.70940301318,1607.8073908008882,0,39616.53316666668,43083.42483333336
2025.06.11_0.3_2,0,Conformer,index=16.6.98E+05,698421.296,30,15,37731.47738565765,45740.600033539165,-8009.122647881515,1,10303.822750000027,28831.74983333336
2025.06.11_0.3_2,0,AlexNet,index=16.6.98E+05,698421.296,30,15,62971.887181352395,30399.096820496787,32572.790360855608,0,-53177.48974999999,19574.554000000026
2025.06.11_0.3_2,0,performance,index=16.6.98E+05,698421.296,30,15,29769.295234246027,36613.04341248391,-6843.748178237882,1,-6569.174238929525,28744.53974147095
2025.06.11_0.3_2,0,equal,index=16.6.98E+05,698421.296,30,15,27840.55159206792,36257.39142158701,-8416.83982951909,1,-1085.7112777777909,30496.576222222197
2025.06.18_0.3_3,0,RF,index=16.709792,709792.7143,30,15,34594.92883867967,28542.939225703187,6051.989612976482,0,10361.716950000007,1874.131533333341
2025.06.18_0.3_3,0,Conformer,index=16.709792,709792.7143,30,15,38051.29077077312,47554.8355696561,-9503.544798882976,1,15693.337783333342,39853.32736666667
2025.06.18_0.3_3,0,AlexNet,index=16.709792,709792.7143,30,15,58011.80092431312,41423.639767056615,16588.1611572565,0,-46098.380966666686,29658.58153333334
2025.06.18_0.3_3,0,performance,index=16.709792,709792.7143,30,15,30335.21281069692,35957.20648605456,-5621.993675357637,1,-7995.14859651385,28087.55520789256
2025.06.18_0.3_3,0,equal,index=16.709792,709792.7143,30,15,29106.62799297108,32693.095571633006,-3586.4675786619264,1,-6681.108744444481,23795.34681111107
2025.06.11_0.3_2,0,RF,index=17.7.77E+05,776647.2223,30,15,15199.443512975786,14856.605579647428,342.8379333283574,0,-11089.649383333357,-11200.530633333356
2025.06.11_0.3_2,0,Conformer,index=17.7.77E+05,776647.2223,30,15,32834.48889300281,35474.73630561318,-2640.24741261037,1,10295.156866666644,22637.87353333331
2025.06.11_0.3_2,0,AlexNet,index=17.7.77E+05,776647.2223,30,15,74489.35976768199,25730.557171144443,48758.80259653755,0,-68333.37230000002,-2893.50146666669
2025.06.11_0.3_2,0,performance,index=17.7.77E+05,776647.2223,30,15,32476.9508305601,20087.590183702643,12389.360646857458,0,-22979.995054622916,6494.427719803954
2025.06.11_0.3_2,0,equal,index=17.7.77E+05,776647.2223,30,15,30521.26042832321,16956.5588265922,13564.701601731009,0,-23042.621605555625,2847.947144444372
2025.06.18_0.3_3,0,RF,index=17.789500,789500.1968,30,15,40047.02661233629,53991.334060930865,-13944.307448594576,1,-19547.613466666702,-31347.667633333367
2025.06.18_0.3_3,0,Conformer,index=17.789500,789500.1968,30,15,35277.850471014084,30874.979313678323,4402.871157335761,0,6258.317783333299,14560.7865333333
2025.06.18_0.3_3,0,AlexNet,index=17.789500,789500.1968,30,15,78836.09595576748,27390.49954298358,51445.596412783896,0,-72278.4947166667,-10200.475966666701
2025.06.18_0.3_3,0,performance,index=17.789500,789500.1968,30,15,38544.87596484641,26402.5075676514,12142.368397195012,0,-27931.795672784086,-3941.8742982545946
2025.06.18_0.3_3,0,equal,index=17.789500,789500.1968,30,15,38488.695856762795,29387.274582789298,9101.421273973498,0,-28522.596800000076,-8995.785688888987
2025.06.11_0.3_2,0,RF,index=18.8.59E+05,859343.9142,30,15,81780.43332036893,79001.10841192219,2779.324908446739,0,-81248.44336666666,-78688.7392
2025.06.11_0.3_2,0,Conformer,index=18.8.59E+05,859343.9142,30,15,41935.001882047145,22014.949175757567,19920.052706289578,0,-25513.743366666666,-2250.8100333333327
2025.06.11_0.3_2,0,AlexNet,index=18.8.59E+05,859343.9142,30,15,109625.68442812456,39637.930529054116,69987.75389907043,0,-105714.81836666666,-35498.997533333335
2025.06.11_0.3_2,0,performance,index=18.8.59E+05,859343.9142,30,15,70354.82610016911,32902.69317803139,37452.132922137724,0,-66731.41499657826,-30311.81195842009
2025.06.11_0.3_2,0,equal,index=18.8.59E+05,859343.9142,30,15,73371.81385125373,40234.615421213886,33137.19843003984,0,-70825.66836666672,-38812.848922222285
2025.06.18_0.3_3,0,RF,index=18.873637,873637.0359,30,15,75479.20822295577,72791.45374471752,2687.7544782382465,0,-74475.70256666669,-71536.14006666669
2025.06.18_0.3_3,0,Conformer,index=18.873637,873637.0359,30,15,50223.84248535404,35772.76693698854,14451.075548365501,0,-38204.635900000016,-23504.710900000016
2025.06.18_0.3_3,0,AlexNet,index=18.873637,873637.0359,30,15,123113.7573640815,54817.99142449551,68295.76593958598,0,-119019.28590000002,-50382.05673333335
2025.06.18_0.3_3,0,performance,index=18.873637,873637.0359,30,15,79450.49843439563,47002.04410517792,32448.45432921771,0,-75470.81149346224,-43197.17388929263
2025.06.18_0.3_3,0,equal,index=18.873637,873637.0359,30,15,80324.96041663337,51245.9130442957,29079.04737233767,0,-77233.20812222228,-48474.302566666745
2025.06.18_0.3_3,-4,RF,index=1.0,-1.42e-06,30,15,117480.27606844185,111186.31583564825,6293.960232793601,0,117401.33854308662,111185.57031392002
2025.06.18_0.3_3,-4,Conformer,index=1.0,-1.42e-06,30,15,161366.7040159502,145923.45596993217,15443.248046018038,0,159221.34739725335,144866.83229308669
2025.06.18_0.3_3,-4,AlexNet,index=1.0,-1.42e-06,30,15,145814.45656220106,75016.44466472686,70798.01189747419,0,142820.32812641995,73841.36067850335
2025.06.18_0.3_3,-4,performance,index=1.0,-1.42e-06,30,15,145281.7639589082,113344.91584419263,31936.848114715584,0,144266.15428016827,113101.19194769324
2025.06.18_0.3_3,-4,equal,index=1.0,-1.42e-06,30,15,140576.2266642834,110124.95689051403,30451.269773769367,0,139814.33802225333,109964.58776183668
2025.06.11_0.3_2,-4,RF,index=1.3.28E-04,0.000328047,30,15,121875.39462616992,112659.91969621665,9215.47492995327,0,118402.4056615363,112628.06581778635
2025.06.11_0.3_2,-4,Conformer,index=1.3.28E-04,0.000328047,30,15,129162.33223265239,144794.05608528302,-15631.723852630632,1,123646.99251049462,142299.47363028635
2025.06.11_0.3_2,-4,AlexNet,index=1.3.28E-04,0.000328047,30,15,85509.04627438166,46050.28769115966,39458.758583222,0,80463.13594718084,39883.88499096342
2025.06.11_0.3_2,-4,performance,index=1.3.28E-04,0.000328047,30,15,108655.69629129485,102169.97143488926,6485.724856405592,0,106766.26516590882,100603.03657039496
2025.06.11_0.3_2,-4,equal,index=1.3.28E-04,0.000328047,30,15,108847.48461749438,99423.44995937463,9424.034658119752,0,107504.17803973725,98270.47481301203
2025.06.11_0.3_2,-4,RF,index=5.1.11E+05,111264.7017,30,15,27429.857504168518,338.4425902016231,27091.414913966895,0,8888.640227083328,-158.98295000000508
2025.06.11_0.3_2,-4,Conformer,index=5.1.11E+05,111264.7017,30,15,48600.64939246579,48673.49675304272,-72.84736057692498,1,44778.135799999975,41437.99152916668
2025.06.11_0.3_2,-4,AlexNet,index=5.1.11E+05,111264.7017,30,15,28507.325353713783,35234.973112644584,-6727.6477589308015,1,-17803.282038541667,-30652.855866666658
2025.06.11_0.3_2,-4,performance,index=5.1.11E+05,111264.7017,30,15,19379.20438421845,16250.7129414662,3128.491442752251,0,14246.219690013282,7584.696651035007
2025.06.11_0.3_2,-4,equal,index=5.1.11E+05,111264.7017,30,15,18511.812203435955,12333.726635916599,6178.085567519356,0,11954.497996180544,3542.050904166656
2025.06.18_0.3_3,-4,RF,index=5.113188,113188.2901,30,15,26832.085760995673,2162.4229124999983,24669.662848495675,0,7254.206775000002,-2162.4229124999983
2025.06.18_0.3_3,-4,Conformer,index=5.113188,113188.2901,30,15,46893.232726899274,19676.436694627006,27216.79603227227,0,42841.396097916644,-15171.063537499991
2025.06.18_0.3_3,-4,AlexNet,index=5.113188,113188.2901,30,15,32034.577762408953,16990.320634928124,15044.257127480829,0,21150.644275000006,-7483.392704166664
2025.06.18_0.3_3,-4,performance,index=5.113188,113188.2901,30,15,31181.772842870047,12300.87478578226,18880.898057087787,0,27293.312282333605,-9697.116778513902
2025.06.18_0.3_3,-4,equal,index=5.113188,113188.2901,30,15,27906.775764067956,10554.134750262554,17352.6410138054,0,23748.74904930555,-8272.293051388895
2025.06.11_0.3_2,-4,RF,index=6.1.44E+05,144324.2618,30,15,32109.470182645255,32191.17445612981,-81.70427348455632,1,-31404.05034166667,-32117.055549999994
2025.06.11_0.3_2,-4,Conformer,index=6.1.44E+05,144324.2618,30,15,30732.00204525359,18377.06356469058,12354.93848056301,0,10085.24002291666,10249.13611666666
2025.06.11_0.3_2,-4,AlexNet,index=6.1.44E+05,144324.2618,30,15,55336.17949047674,62772.50804303241,-7436.328552555671,1,-49416.86101875,-58173.538362499996
2025.06.11_0.3_2,-4,performance,index=6.1.44E+05,144324.2618,30,15,24631.629900445438,25287.860282455946,-656.230382010508,1,-20524.45961574491,-22509.033384494065
2025.06.11_0.3_2,-4,equal,index=6.1.44E+05,144324.2618,30,15,26214.362134004383,28651.92969803124,-2437.5675640268564,1,-23578.557112500013,-26680.48593194446
2025.06.18_0.3_3,-4,RF,index=6.146381,146381.6505,30,15,38764.18242816536,35355.78331249999,3408.399115665372,0,-26017.60883333332,-35355.78331249999
2025.06.18_0.3_3,-4,Conformer,index=6.146381,146381.6505,30,15,24700.144258634984,31137.251544345338,-6437.107285710354,1,17523.534395833343,-25982.428104166655
2025.06.18_0.3_3,-4,AlexNet,index=6.146381,146381.6505,30,15,13557.327688627369,19911.017623692944,-6353.689935065575,1,-5334.709614583322,-15290.65674999999
2025.06.18_0.3_3,-4,performance,index=6.146381,146381.6505,30,15,11299.746595531407,25957.577152793336,-14657.830557261928,1,-156.80016676904245,-24340.88968889187
2025.06.18_0.3_3,-4,equal,index=6.146381,146381.6505,30,15,13158.630132566812,26594.095733303744,-13435.465600736932,1,-4609.594684027777,-25542.956055555554
2025.06.11_0.3_2,-4,RF,index=7.1.81E+05,181378.003,30,15,69009.8821817142,67802.8635925299,1207.0185891842993,0,-57586.516281250006,-65557.94154166667
2025.06.11_0.3_2,-4,Conformer,index=7.1.81E+05,181378.003,30,15,27043.792403728345,30960.732452015436,-3916.9400482870915,1,-19819.46810416667,-24480.984770833336
2025.06.11_0.3_2,-4,AlexNet,index=7.1.81E+05,181378.003,30,15,80409.44966397803,85287.34274503507,-4877.8930810570455,1,-76322.737375,-83627.85846875001
2025.06.11_0.3_2,-4,performance,index=7.1.81E+05,181378.003,30,15,50886.97477484913,55136.67903893788,-4249.704264088752,1,-48536.54304714611,-53766.6733648605
2025.06.11_0.3_2,-4,equal,index=7.1.81E+05,181378.003,30,15,53973.915684660926,59011.91971252437,-5038.004027863448,1,-51242.90725347224,-57888.92826041666
2025.06.18_0.3_3,-4,RF,index=7.184190,184190.9699,30,15,69095.63628775804,73085.86185759217,-3990.2255698341323,1,-64037.62797291665,-73085.25115
2025.06.18_0.3_3,-4,Conformer,index=7.184190,184190.9699,30,15,22083.223530562755,34584.05689199147,-12500.833361428718,1,2032.5254125000035,-23740.250629166676
2025.06.18_0.3_3,-4,AlexNet,index=7.184190,184190.9699,30,15,22689.090282180416,43041.338624798496,-20352.24834261808,1,-12615.291254166668,-38073.57875416668
2025.06.18_0.3_3,-4,performance,index=7.184190,184190.9699,30,15,22027.061622500274,42516.095293839404,-20489.03367133913,1,-17485.177446621885,-39401.40300257519
2025.06.18_0.3_3,-4,equal,index=7.184190,184190.9699,30,15,27880.33597318213,46908.86930704925,-19028.533333867123,1,-24873.46460486112,-44966.360177777795
2025.06.11_0.3_2,-4,RF,index=3.2.10E+04,20979.71604,30,15,103175.58433105527,90503.76178233631,12671.822548718963,0,99079.85088708336,90493.16520999999
2025.06.11_0.3_2,-4,Conformer,index=3.2.10E+04,20979.71604,30,15,106702.77956143446,95749.28260506192,10953.496956372546,0,102412.72041833335,90658.14567874999
2025.06.11_0.3_2,-4,AlexNet,index=3.2.10E+04,20979.71604,30,15,68478.16041618862,49212.922545988105,19265.237870200515,0,65788.1731527083,41247.49073083334
2025.06.11_0.3_2,-4,performance,index=3.2.10E+04,20979.71604,30,15,90417.92380989649,75959.76811672107,14458.155693175417,0,88335.26417894156,73618.06975108504
2025.06.11_0.3_2,-4,equal,index=3.2.10E+04,20979.71604,30,15,91052.42819541525,75784.94325528783,15267.484940127426,0,89093.58148604166,74132.93387319444
2025.06.18_0.3_3,-4,RF,index=3.21242,21242.86319,30,15,97612.6127471891,89783.00399749998,7829.608749689112,0,97538.4633725,89783.00399750003
2025.06.18_0.3_3,-4,Conformer,index=3.21242,21242.86319,30,15,129270.36016806301,115529.81629542288,13740.543872640133,0,127761.44149750001,114838.22639333336
2025.06.18_0.3_3,-4,AlexNet,index=3.21242,21242.86319,30,15,118008.280446692,56384.86014140865,61623.420305283355,0,114332.596185,54870.95738291668
2025.06.18_0.3_3,-4,performance,index=3.21242,21242.86319,30,15,117368.54511925647,89005.69698434389,28362.84813491258,0,116378.4549229561,88753.61439451652
2025.06.18_0.3_3,-4,equal,index=3.21242,21242.86319,30,15,113989.04383649168,86683.16847472318,27305.8753617685,0,113210.83368499998,86497.39592458331
2025.06.11_0.3_2,-4,RF,index=8.2.22E+05,221505.1102,30,15,103883.6621452007,109680.91816323696,-5797.256018036263,1,-103799.29691875,-109665.06645
2025.06.11_0.3_2,-4,Conformer,index=8.2.22E+05,221505.1102,30,15,56066.20621345311,47716.03302755419,8350.173185898915,0,-49785.54431458333,-39880.675825
2025.06.11_0.3_2,-4,AlexNet,index=8.2.22E+05,221505.1102,30,15,104654.3972244547,131230.85999131922,-26576.46276686451,1,-102091.94431458334,-129435.66905416666
2025.06.11_0.3_2,-4,performance,index=8.2.22E+05,221505.1102,30,15,81762.88853977268,87414.63882945967,-5651.750289686985,1,-80456.64948379525,-85872.53190713501
2025.06.11_0.3_2,-4,equal,index=8.2.22E+05,221505.1102,30,15,86137.48699174367,94024.82374058184,-7887.336748838163,1,-85225.59518263888,-92993.8037763889
2025.06.18_0.3_3,-4,RF,index=8.225704,225704.9618,30,15,105313.81938003711,111450.589640477,-6136.770260439895,1,-104517.49721666668,-97346.85711249996
2025.06.18_0.3_3,-4,Conformer,index=8.225704,225704.9618,30,15,46770.85754888845,45718.13716829538,1052.7203805930694,0,-36727.44409166664,-31904.82429999999
2025.06.18_0.3_3,-4,AlexNet,index=8.225704,225704.9618,30,15,47050.96935424814,81537.74678349686,-34486.777429248716,1,-38988.86570624998,-74172.92742499996
2025.06.18_0.3_3,-4,performance,index=8.225704,225704.9618,30,15,55226.68081448354,69429.20244052006,-14202.521626036527,1,-52094.9188405649,-60679.2423336173
2025.06.18_0.3_3,-4,equal,index=8.225704,225704.9618,30,15,62141.8252119256,76727.37994985246,-14585.554737926861,1,-60077.935671527775,-67808.20294583334
2025.06.11_0.3_2,-4,RF,index=2.2.36E+03,2355.33535,30,15,141444.00920708603,109950.57046590239,31493.438741183636,0,132193.07298333338,109921.48964999997
2025.06.11_0.3_2,-4,Conformer,index=2.2.36E+03,2355.33535,30,15,116100.20848320759,125738.77691130817,-9638.568428100582,1,113070.00970208338,124177.9495458333
2025.06.11_0.3_2,-4,AlexNet,index=2.2.36E+03,2355.33535,30,15,68710.19749132174,46542.00672061594,22168.190770705805,0,63930.27142083333,41658.58014479167
2025.06.11_0.3_2,-4,performance,index=2.2.36E+03,2355.33535,30,15,101125.00179469763,93354.21985019752,7770.781944500108,0,99243.64981556973,92680.08856677653
2025.06.11_0.3_2,-4,equal,index=2.2.36E+03,2355.33535,30,15,105192.67533441828,92407.25869524665,12785.416639171628,0,103064.45136875,91919.33978020835
2025.06.18_0.3_3,-4,RF,index=2.2380,2380.025286,30,15,117184.68038687776,109555.55383611284,7629.126550764922,0,117152.63643274995,109539.8700265
2025.06.18_0.3_3,-4,Conformer,index=2.2380,2380.025286,30,15,145042.48274924775,121212.85452844526,23829.628220802493,0,142360.26533899998,120529.487214
2025.06.18_0.3_3,-4,AlexNet,index=2.2380,2380.025286,30,15,120754.8824342736,66272.3654237099,54482.51701056371,0,118986.0830473333,64343.24606816667
2025.06.18_0.3_3,-4,performance,index=2.2380,2380.025286,30,15,129411.0612960656,99067.96033196167,30343.100964103927,0,128424.61529661542,98804.19076264383
2025.06.18_0.3_3,-4,equal,index=2.2380,2380.025286,30,15,126869.95015317488,98339.22396631305,28530.726186861837,0,126166.3282730278,98137.5344362222
2025.06.11_0.3_2,-4,RF,index=9.2.67E+05,266907.6965,30,15,121206.78016217037,98825.28145512211,22381.49870704826,0,-64211.3928541667,-15862.960041666687
2025.06.11_0.3_2,-4,Conformer,index=9.2.67E+05,266907.6965,30,15,92339.89414122493,53889.82469216788,38450.069449057046,0,-73022.0178541667,-27354.394416666688
2025.06.11_0.3_2,-4,AlexNet,index=9.2.67E+05,266907.6965,30,15,137720.4392089496,134639.7132811653,3080.7259277842822,0,-118728.31850520834,-92531.27084895837
2025.06.11_0.3_2,-4,performance,index=9.2.67E+05,266907.6965,30,15,110466.86288066709,84515.72572049568,25951.137160171405,0,-87807.92135905624,-47285.954978130016
2025.06.11_0.3_2,-4,equal,index=9.2.67E+05,266907.6965,30,15,111542.95140600484,87855.66133063364,23687.290075371202,0,-85320.57640451392,-45249.541769097246
2025.06.18_0.3_3,-4,RF,index=9.271677,271677.6816,30,15,131399.65293632046,136918.17051058068,-5518.517574260215,1,-104385.0539958333,-117894.36753750002
2025.06.18_0.3_3,-4,Conformer,index=9.271677,271677.6816,30,15,72239.44328787032,66001.85083710706,6237.592450763259,0,-58694.70451666668,-54006.08680833334
2025.06.18_0.3_3,-4,AlexNet,index=9.271677,271677.6816,30,15,70153.4895543212,119004.89852769303,-48851.40897337183,1,-57827.39774583335,-111738.43368333335
2025.06.18_0.3_3,-4,performance,index=9.271677,271677.6816,30,15,81403.372133537,97806.34162057725,-16402.969487040245,1,-68179.80925856478,-87764.56390523408
2025.06.18_0.3_3,-4,equal,index=9.271677,271677.6816,30,15,88572.02577872087,105596.39979399275,-17024.374015271882,1,-73635.7187527778,-94546.29600972224
2025.06.11_0.3_2,-4,RF,index=10.3.15E+05,315466.1173,30,15,66499.73434586619,57807.6184840536,8692.115861812592,0,-1187.2243312499836,2389.6879083333497
2025.06.11_0.3_2,-4,Conformer,index=10.3.15E+05,315466.1173,30,15,58828.50562253963,73286.18208987666,-14457.676467337027,1,-26907.97250833333,-37154.29959166668
2025.06.11_0.3_2,-4,AlexNet,index=10.3.15E+05,315466.1173,30,15,83346.18570486884,139464.45704890275,-56118.271344033914,1,-59647.21625833333,-94044.08370625
2025.06.11_0.3_2,-4,performance,index=10.3.15E+05,315466.1173,30,15,62487.12748859863,85529.58284940459,-23042.455360805958,1,-33335.26090516697,-48134.81610572853
2025.06.11_0.3_2,-4,equal,index=10.3.15E+05,315466.1173,30,15,61197.18925467435,81022.10349278808,-19824.914238113735,1,-29247.471032638885,-42936.23179652777
2025.06.18_0.3_3,-4,RF,index=10.322114,322114.2428,30,15,164998.11416912425,172718.82489583184,-7720.710726707592,1,-126791.16467500004,-137643.00425833336
2025.06.18_0.3_3,-4,Conformer,index=10.322114,322114.2428,30,15,97521.39618828574,111967.95776302471,-14446.561574738967,1,-82356.91519583337,-95021.12092500002
2025.06.18_0.3_3,-4,AlexNet,index=10.322114,322114.2428,30,15,103942.1549247256,150904.23973429392,-46962.08480956832,1,-91494.71936250004,-138807.10061250004
2025.06.18_0.3_3,-4,performance,index=10.322114,322114.2428,30,15,109936.70964307943,135723.7919311743,-25787.082288094854,1,-95222.93008309028,-119356.3984602165
2025.06.18_0.3_3,-4,equal,index=10.322114,322114.2428,30,15,117035.18133140626,142027.81790335433,-24992.636571948067,1,-100214.26641111112,-123823.74193194446
2025.06.11_0.3_2,-4,RF,index=11.3.69E+05,368978.105,30,15,53325.13803761205,49035.573917439964,4289.564120172086,0,33714.220000000016,20974.061666666687
2025.06.11_0.3_2,-4,Conformer,index=11.3.69E+05,368978.105,30,15,22510.70273068337,23272.953346694147,-762.2506160107769,1,5573.504375000019,-3788.6945833333148
2025.06.11_0.3_2,-4,AlexNet,index=11.3.69E+05,368978.105,30,15,26803.36328324692,31060.772359366554,-4257.409076119635,1,-18195.015416666647,-1823.2133333333147
2025.06.11_0.3_2,-4,performance,index=11.3.69E+05,368978.105,30,15,22324.422424993474,27689.15952624468,-5364.737101251205,1,2938.323359786686,2271.5673250171626
2025.06.11_0.3_2,-4,equal,index=11.3.69E+05,368978.105,30,15,25560.448153898527,30517.186865839987,-4956.73871194146,1,7030.902986111108,5120.717916666658
2025.06.18_0.3_3,-4,RF,index=11.376320,376320.1201,30,15,97947.77502709423,80516.977311083,17430.797716011235,0,-71834.41619374999,-59915.93937083331
2025.06.18_0.3_3,-4,Conformer,index=11.376320,376320.1201,30,15,84111.7099155249,45203.6345246284,38908.0753908965,0,-49286.580516666654,-25293.068016666668
2025.06.18_0.3_3,-4,AlexNet,index=11.376320,376320.1201,30,15,99519.6817287485,62104.75044371486,37414.93128503364,0,-72137.41801666665,-42817.189891666654
2025.06.18_0.3_3,-4,performance,index=11.376320,376320.1201,30,15,89207.00107618058,53834.62289394048,35372.37818224009,0,-62460.706277836856,-38851.45094858607
2025.06.18_0.3_3,-4,equal,index=11.376320,376320.1201,30,15,90085.74366198048,58018.10662962174,32067.63703235874,0,-64419.47157569448,-42675.39909305557
2025.06.11_0.3_2,-4,RF,index=12.4.27E+05,427276.195,30,15,31815.714178941307,34797.66591958789,-2981.951740646582,1,30779.54874999998,33099.29666666666
2025.06.11_0.3_2,-4,Conformer,index=12.4.27E+05,427276.195,30,15,22644.443164381264,32126.51280287774,-9482.069638496476,1,13500.539374999993,26291.304999999993
2025.06.11_0.3_2,-4,AlexNet,index=12.4.27E+05,427276.195,30,15,27791.342763441113,30600.746113640267,-2809.4033501991544,1,-13800.71895833334,20582.161249999994
2025.06.11_0.3_2,-4,performance,index=12.4.27E+05,427276.195,30,15,17088.634805222035,30837.435895686147,-13748.801090464112,1,7246.372115680015,25806.735103800984
2025.06.11_0.3_2,-4,equal,index=12.4.27E+05,427276.195,30,15,17242.231914796444,30930.716790284492,-13688.484875488048,1,10159.789722222178,26657.587638888854
2025.06.18_0.3_3,-4,RF,index=12.434018,434018.0833,30,15,29609.918240168252,49193.14976320237,-19583.231523034116,1,10884.041700000002,-25813.660383333332
2025.06.18_0.3_3,-4,Conformer,index=12.434018,434018.0833,30,15,22472.991978922335,37363.2634694316,-14890.271490509265,1,7874.454200000002,-13788.622883333332
2025.06.18_0.3_3,-4,AlexNet,index=12.434018,434018.0833,30,15,31425.90080263152,28631.210230319604,2794.690572311916,0,-20734.203091666677,-15966.768716666666
2025.06.18_0.3_3,-4,performance,index=12.434018,434018.0833,30,15,20098.641025706936,35038.40794045332,-14939.766914746382,1,-1917.8097320303864,-17152.66641258987
2025.06.18_0.3_3,-4,equal,index=12.434018,434018.0833,30,15,20384.608323389777,36470.177533220914,-16085.569209831137,1,-658.5690638889287,-18523.017327777805
2025.06.11_0.3_2,-4,RF,index=13.4.89E+05,489453.9981,30,15,32817.40284334001,21547.7131852904,11269.68965804961,0,14768.400858333307,9470.903983333306
2025.06.11_0.3_2,-4,Conformer,index=13.4.89E+05,489453.9981,30,15,24041.503111019392,19422.980740278756,4618.522370740637,0,3904.8581499999736,2621.283149999974
2025.06.11_0.3_2,-4,AlexNet,index=13.4.89E+05,489453.9981,30,15,41209.370895837,23733.378690312573,17475.992205524424,0,-32662.06789166668,3467.989399999974
2025.06.11_0.3_2,-4,performance,index=13.4.89E+05,489453.9981,30,15,22562.88558468004,18515.768049423943,4047.1175352560967,0,-7106.145591777268,4401.897502143503
2025.06.11_0.3_2,-4,equal,index=13.4.89E+05,489453.9981,30,15,22351.53897701249,18773.410589702402,3578.1283873100874,0,-4662.936294444503,5186.725511111055
2025.06.18_0.3_3,-4,RF,index=13.496023,496023.3525,30,15,29307.327564474766,28273.24035728419,1034.087207190576,0,-9380.785833333312,-16902.354583333312
2025.06.18_0.3_3,-4,Conformer,index=13.496023,496023.3525,30,15,26870.09070713185,28682.14368338863,-1812.0529762567785,1,3388.8579166666877,-5072.679583333313
2025.06.18_0.3_3,-4,AlexNet,index=13.496023,496023.3525,30,15,46800.90558298463,24014.894765281773,22786.01081770286,0,-39668.16708333333,-10863.939999999979
2025.06.18_0.3_3,-4,performance,index=13.496023,496023.3525,30,15,27565.038752386976,24197.93187660867,3367.106875778307,0,-15059.878027213761,-9637.666825851298
2025.06.18_0.3_3,-4,equal,index=13.496023,496023.3525,30,15,27562.081373301127,24051.094988812645,3510.986384488482,0,-15220.031666666679,-10946.324722222238
2025.06.11_0.3_2,-4,RF,index=14.5.54E+05,554196.3218,30,15,43904.71485988341,33491.84878731356,10412.86607256985,0,13386.820908333299,-1710.0613833333675
2025.06.11_0.3_2,-4,Conformer,index=14.5.54E+05,554196.3218,30,15,37215.1084606121,32542.985623613855,4672.1228369982455,0,8412.299033333298,4808.884449999966
2025.06.11_0.3_2,-4,AlexNet,index=14.5.54E+05,554196.3218,30,15,52010.77439287381,33507.22872073948,18503.545672134336,0,-43391.23325833337,-7539.196800000034
2025.06.11_0.3_2,-4,performance,index=14.5.54E+05,554196.3218,30,15,32018.407149162562,30221.52781174816,1796.8793374144007,0,-9421.107575897951,-857.9239761291537
2025.06.11_0.3_2,-4,equal,index=14.5.54E+05,554196.3218,30,15,31741.21367904709,30406.51567651111,1334.6980025359808,0,-7197.37110555563,-1480.1245777778483
2025.06.18_0.3_3,-4,RF,index=14.562158,562158.7854,30,15,30161.258083069235,18158.859716773422,12002.398366295813,0,-18259.817691666718,-13071.472900000052
2025.06.18_0.3_3,-4,Conformer,index=14.562158,562158.7854,30,15,36509.441737249756,26937.886898811306,9571.55483843845,0,5568.336474999948,8976.681266666616
2025.06.18_0.3_3,-4,AlexNet,index=14.562158,562158.7854,30,15,49325.26846935383,22227.1381624855,27098.130306868334,0,-36928.41873333336,7049.381266666615
2025.06.18_0.3_3,-4,performance,index=14.562158,562158.7854,30,15,33879.80728233538,19075.746592812742,14804.060689522637,0,-15048.268084165136,3519.7614759398234
2025.06.18_0.3_3,-4,equal,index=14.562158,562158.7854,30,15,33161.01201055032,17251.13412351615,15909.877887034174,0,-16539.966650000082,984.8632111110259
2025.06.11_0.3_2,-4,RF,index=4.5.76E+04,57593.31665,30,15,76304.04896607461,54296.13591596939,22007.91305010522,0,67431.11746458335,54278.822412499976
2025.06.11_0.3_2,-4,Conformer,index=4.5.76E+04,57593.31665,30,15,84078.20039694775,74387.6409999869,9690.559396960845,0,80543.34897500002,70693.1974125
2025.06.11_0.3_2,-4,AlexNet,index=4.5.76E+04,57593.31665,30,15,41054.26421807404,28835.79720833068,12218.467009743355,0,30747.71043333333,14341.282698958334
2025.06.11_0.3_2,-4,performance,index=4.5.76E+04,57593.31665,30,15,62606.75217182154,50508.09298285491,12098.65918896663,0,59562.53400883247,47731.447888507355
2025.06.11_0.3_2,-4,equal,index=4.5.76E+04,57593.31665,30,15,63077.41988586783,48554.015896269986,14523.403989597842,0,59574.058957638896,46437.7675079861
2025.06.18_0.3_3,-4,RF,index=4.58389,58389.85471,30,15,70308.04391095953,53157.39114773027,17150.652763229264,0,65721.65883166665,53125.79268583334
2025.06.18_0.3_3,-4,Conformer,index=4.58389,58389.85471,30,15,93142.95412657388,78383.65497914665,14759.299147427228,0,90264.98252958331,75801.41508166665
2025.06.18_0.3_3,-4,AlexNet,index=4.58389,58389.85471,30,15,82195.00393731431,18856.479363619106,63338.524573695206,0,77834.11325874997,15803.282529583337
2025.06.18_0.3_3,-4,performance,index=4.58389,58389.85471,30,15,82020.28904866762,51154.6958028522,30865.59324581542,0,80464.51351724323,50223.54872756109
2025.06.18_0.3_3,-4,equal,index=4.58389,58389.85471,30,15,79414.8651879633,48865.265746090074,30549.599441873223,0,77940.25154,48243.49676569444
2025.06.11_0.3_2,-4,RF,index=15.6.24E+05,624442.5514,30,15,61266.966028922805,49922.07847461536,11344.887554307446,0,44538.11735,37325.60276666667
2025.06.11_0.3_2,-4,Conformer,index=15.6.24E+05,624442.5514,30,15,35285.183730893,35489.049918185774,-203.86618729277689,1,335.00276666667,12302.636100000003
2025.06.11_0.3_2,-4,AlexNet,index=15.6.24E+05,624442.5514,30,15,59120.14493399309,40681.078570771664,18439.066363221427,0,-51143.80244166667,4449.01526666667
2025.06.11_0.3_2,-4,performance,index=15.6.24E+05,624442.5514,30,15,31469.61016701526,34159.93997013258,-2690.3298031173217,1,-8964.567809605187,15040.321890844987
2025.06.11_0.3_2,-4,equal,index=15.6.24E+05,624442.5514,30,15,30631.8328818973,34759.43081107978,-4127.597929182481,1,-2090.2274416666983,18025.75137777774
2025.06.18_0.3_3,-4,RF,index=15.633482,633482.536,30,15,43430.427555552764,44269.643156180224,-839.2156006274599,1,-14306.538083333297,-14508.01516666663
2025.06.18_0.3_3,-4,Conformer,index=15.633482,633482.536,30,15,35713.31916024651,33472.96892194903,2240.3502382974766,0,367.236916666703,16914.818166666704
2025.06.18_0.3_3,-4,AlexNet,index=15.633482,633482.536,30,15,54130.9557354113,29281.730667278436,24849.225068132862,0,-44982.31724999994,12362.689000000037
2025.06.18_0.3_3,-4,performance,index=15.633482,633482.536,30,15,36220.325356997426,29725.755825814376,6494.56953118305,0,-19326.40576162309,8516.367711190678
2025.06.18_0.3_3,-4,equal,index=15.633482,633482.536,30,15,36774.24248602001,30351.753347415994,6422.489138604018,0,-19640.53947222223,4923.16399999999
2025.06.11_0.3_2,-4,RF,index=16.6.98E+05,698421.296,30,15,49112.516793814066,47504.70940301318,1607.8073908008882,0,39616.53316666668,43083.42483333336
2025.06.11_0.3_2,-4,Conformer,index=16.6.98E+05,698421.296,30,15,37710.449426499246,46157.82448524059,-8447.375058741345,1,10363.210250000027,28949.85400000003
2025.06.11_0.3_2,-4,AlexNet,index=16.6.98E+05,698421.296,30,15,62920.97763171309,30516.975083719874,32404.002547993216,0,-53013.34183333333,19722.97900000003
2025.06.11_0.3_2,-4,performance,index=16.6.98E+05,698421.296,30,15,29764.88635714167,36772.75260435711,-7007.866247215443,1,-6484.304714495941,28847.40060381685
2025.06.11_0.3_2,-4,equal,index=16.6.98E+05,698421.296,30,15,27849.203985157208,36375.670789650554,-8526.466804493346,1,-1011.1994722222444,30585.41927777778
2025.06.18_0.3_3,-4,RF,index=16.709792,709792.7143,30,15,34633.827218261125,28588.328544173066,6045.4986740880595,0,10374.423200000008,1905.6857000000077
2025.06.18_0.3_3,-4,Conformer,index=16.709792,709792.7143,30,15,37986.35045996885,47668.347370455274,-9681.996910486421,1,15619.581533333341,40013.548200000005
2025.06.18_0.3_3,-4,AlexNet,index=16.709792,709792.7143,30,15,57859.784148374805,41394.33533916381,16465.448809210997,0,-45924.18721666668,29783.752366666675
2025.06.18_0.3_3,-4,performance,index=16.709792,709792.7143,30,15,30358.199519756774,36040.685311339694,-5682.48579158292,1,-7959.892130258543,28207.739513350967
2025.06.18_0.3_3,-4,equal,index=16.709792,709792.7143,30,15,29136.921012060116,32757.646068448517,-3620.725056388401,1,-6643.3941611111395,23900.995422222186
2025.06.11_0.3_2,-4,RF,index=17.7.77E+05,776647.2223,30,15,15199.443512975786,14856.605579647428,342.8379333283574,0,-11089.649383333357,-11200.530633333356
2025.06.11_0.3_2,-4,Conformer,index=17.7.77E+05,776647.2223,30,15,32948.70002660489,35083.06578951244,-2134.365762907546,1,10166.36728333331,22363.23603333331
2025.06.11_0.3_2,-4,AlexNet,index=17.7.77E+05,776647.2223,30,15,74515.71893592132,25812.816227212887,48702.90270870844,0,-68370.20355000002,-2936.6556333333565
2025.06.11_0.3_2,-4,performance,index=17.7.77E+05,776647.2223,30,15,32553.699651386767,19936.742524894937,12616.95712649183,0,-23047.605513558727,6359.164043780183
2025.06.11_0.3_2,-4,equal,index=17.7.77E+05,776647.2223,30,15,30585.232220101403,16865.43149960559,13719.800720495812,0,-23097.828550000086,2742.0165888888064
2025.06.18_0.3_3,-4,RF,index=17.789500,789500.1968,30,15,40047.02661233629,53991.334060930865,-13944.307448594576,1,-19547.613466666702,-31347.667633333367
2025.06.18_0.3_3,-4,Conformer,index=17.789500,789500.1968,30,15,35408.79069687833,30914.51144284743,4494.279254030898,0,6558.436533333299,14657.732366666633
2025.06.18_0.3_3,-4,AlexNet,index=17.789500,789500.1968,30,15,78673.11324153566,27311.592048873736,51361.52119266192,0,-72100.27180000003,-10219.417633333367
2025.06.18_0.3_3,-4,performance,index=17.789500,789500.1968,30,15,38399.77633781377,26347.788259292047,12051.988078521721,0,-27740.532473953437,-3905.887779419396
2025.06.18_0.3_3,-4,equal,index=17.789500,789500.1968,30,15,38364.40625724797,29335.941536003516,9028.46472124445,0,-28363.14957777785,-8969.784300000088
2025.06.11_0.3_2,-4,RF,index=18.8.59E+05,859343.9142,30,15,81780.43332036893,79001.10841192219,2779.324908446739,0,-81248.44336666666,-78688.7392
2025.06.11_0.3_2,-4,Conformer,index=18.8.59E+05,859343.9142,30,15,41808.749512652896,21953.216538242854,19855.53297441004,0,-25328.266283333334,-2284.8600333333325
2025.06.11_0.3_2,-4,AlexNet,index=18.8.59E+05,859343.9142,30,15,109507.11095392921,39679.67518456438,69827.43576936482,0,-105586.98503333333,-35536.1017
2025.06.11_0.3_2,-4,performance,index=18.8.59E+05,859343.9142,30,15,70225.40842299905,32920.7579192741,37304.65050372495,0,-66606.75800610296,-30339.509949824052
2025.06.11_0.3_2,-4,equal,index=18.8.59E+05,859343.9142,30,15,73262.47780819828,40256.1609709833,33006.31683721498,0,-70721.2315611112,-38836.566977777824
2025.06.18_0.3_3,-4,RF,index=18.873637,873637.0359,30,15,75479.20822295577,72791.45374471752,2687.7544782382465,0,-74475.70256666669,-71536.14006666669
2025.06.18_0.3_3,-4,Conformer,index=18.873637,873637.0359,30,15,50149.102668627806,35758.91445381171,14390.188214816095,0,-38161.448400000016,-23642.08173333335
2025.06.18_0.3_3,-4,AlexNet,index=18.873637,873637.0359,30,15,123014.70207231554,54902.95913591546,68111.74293640009,0,-118933.72131666668,-50391.84423333335
2025.06.18_0.3_3,-4,performance,index=18.873637,873637.0359,30,15,79390.8697553015,47066.691585050496,32324.178170250998,0,-75421.4273202374,-43260.77129001089
2025.06.18_0.3_3,-4,equal,index=18.873637,873637.0359,30,15,80273.86336786347,51301.34058633166,28972.522781531807,0,-77190.2907611112,-48523.35534444452
2025.06.18_0.3_3,-8,RF,index=1.0,-1.42e-06,30,15,122322.45102776102,117726.7452853755,4595.705742385529,0,119532.15807433662,116249.56510558669
2025.06.18_0.3_3,-8,Conformer,index=1.0,-1.42e-06,30,15,174374.644191728,147443.82324193366,26930.820949794346,0,172969.72422017006,146471.31979308667
2025.06.18_0.3_3,-8,AlexNet,index=1.0,-1.42e-06,30,15,147344.9368769947,95120.45537726233,52224.48149973237,0,145731.95078267,94311.52343892002
2025.06.18_0.3_3,-8,performance,index=1.0,-1.42e-06,30,15,152196.96813836807,122285.95742954871,29911.01070881936,0,151568.5249099192,121950.2798358499
2025.06.18_0.3_3,-8,equal,index=1.0,-1.42e-06,30,15,146712.92966873213,119345.75713167332,27367.17253705881,0,146077.9443590589,119010.80277919775
2025.06.11_0.3_2,-8,RF,index=1.3.28E-04,0.000328047,30,15,143003.28078287782,113822.80238727982,29180.478395597995,0,133232.4470677863,113737.81269278635
2025.06.11_0.3_2,-8,Conformer,index=1.3.28E-04,0.000328047,30,15,143906.75087862802,135981.03872043046,7925.712158197566,0,140561.20149486963,134136.629359453
2025.06.11_0.3_2,-8,AlexNet,index=1.3.28E-04,0.000328047,30,15,117114.24421731883,61776.24904401992,55337.995173298914,0,115932.89316153628,58226.69394278635
2025.06.11_0.3_2,-8,performance,index=1.3.28E-04,0.000328047,30,15,131366.5137175625,104409.0589729896,26957.45474457291,0,130003.37795583931,103577.88535989149
2025.06.11_0.3_2,-8,equal,index=1.3.28E-04,0.000328047,30,15,131600.6789024788,102671.86110521162,28928.817797267184,0,129908.84724139744,102033.7119983419
2025.06.11_0.3_2,-8,RF,index=5.1.11E+05,111264.7017,30,15,111400.82906962952,338.4425902016231,111062.38647942789,0,83293.3363208333,-158.98295000000508
2025.06.11_0.3_2,-8,Conformer,index=5.1.11E+05,111264.7017,30,15,53204.83675241184,38567.1369740194,14637.699778392438,0,50499.08579999998,31765.306112500002
2025.06.11_0.3_2,-8,AlexNet,index=5.1.11E+05,111264.7017,30,15,18948.830544991768,36889.747043264964,-17940.916498273196,1,8249.952987499995,-34351.63138749999
2025.06.11_0.3_2,-8,performance,index=5.1.11E+05,111264.7017,30,15,47307.56952087437,10737.344253265324,36570.22526760904,0,42119.52452370387,2070.887950330615
2025.06.11_0.3_2,-8,equal,index=5.1.11E+05,111264.7017,30,15,55430.798273363616,8502.639964343234,46928.15830902038,0,47347.45836944443,-915.1027416666815
2025.06.18_0.3_3,-8,RF,index=5.113188,113188.2901,30,15,96184.54285806809,3594.54053666878,92590.00232139931,0,65201.32604583334,366.08490000000165
2025.06.18_0.3_3,-8,Conformer,index=5.113188,113188.2901,30,15,54914.78682817483,24229.82111777545,30684.96571039938,0,52332.00625416664,-17542.67629791666
2025.06.18_0.3_3,-8,AlexNet,index=5.113188,113188.2901,30,15,31829.384037187458,12395.5813377198,19433.80269946766,0,23596.523181250006,-3983.3062458333316
2025.06.18_0.3_3,-8,performance,index=5.113188,113188.2901,30,15,47982.36940752517,11521.136169284751,36461.23323824042,0,44608.5900642548,-8982.667484037916
2025.06.18_0.3_3,-8,equal,index=5.113188,113188.2901,30,15,52849.84521047418,9128.079106415402,43721.76610405878,0,47043.28516041664,-7053.299214583338
2025.06.11_0.3_2,-8,RF,index=6.1.44E+05,144324.2618,30,15,80571.53240536392,32537.692480686375,48033.839924677544,0,30153.959293749995,-32484.218049999992
2025.06.11_0.3_2,-8,Conformer,index=6.1.44E+05,144324.2618,30,15,26288.93410819878,16387.409580495114,9901.524527703667,0,7796.001741666659,2969.093408333326
2025.06.11_0.3_2,-8,AlexNet,index=6.1.44E+05,144324.2618,30,15,32326.301192805127,68422.919736416,-36096.61854361088,1,-27366.561800000003,-67391.61466458332
2025.06.11_0.3_2,-8,performance,index=6.1.44E+05,144324.2618,30,15,22377.291765755814,30123.271107672826,-7745.979341917013,1,-236.82557000772456,-28953.049728539507
2025.06.11_0.3_2,-8,equal,index=6.1.44E+05,144324.2618,30,15,29218.64589241798,33018.62422366117,-3799.9783312431937,1,3527.7997451388687,-32302.246435416684
2025.06.18_0.3_3,-8,RF,index=6.146381,146381.6505,30,15,88727.32329319707,33974.44035767726,54752.88293551981,0,44085.63127083334,-33838.678624999986
2025.06.18_0.3_3,-8,Conformer,index=6.146381,146381.6505,30,15,30409.943908759567,45088.530704207755,-14678.586795448187,1,22135.394552083344,-39792.61768749999
2025.06.18_0.3_3,-8,AlexNet,index=6.146381,146381.6505,30,15,15627.887784953155,26144.643551332807,-10516.755766379652,1,-7087.568208333322,-22349.282791666654
2025.06.18_0.3_3,-8,performance,index=6.146381,146381.6505,30,15,27615.13797133498,33779.60891532682,-6164.470943991837,1,16182.1690393821,-32495.168695673674
2025.06.18_0.3_3,-8,equal,index=6.146381,146381.6505,30,15,35538.75070007895,32775.194600994146,2763.5560990848026,0,19711.152538194438,-31993.526368055554
2025.06.11_0.3_2,-8,RF,index=7.1.81E+05,181378.003,30,15,73202.01113641636,67720.66523217298,5481.345904243382,0,-28020.104302083335,-65478.089979166674
2025.06.11_0.3_2,-8,Conformer,index=7.1.81E+05,181378.003,30,15,30412.706175362706,38850.61329870193,-8437.907123339224,1,-20394.85951041667,-35167.192583333344
2025.06.11_0.3_2,-8,AlexNet,index=7.1.81E+05,181378.003,30,15,66477.69984992663,101376.61833715238,-34898.91848722575,1,-63536.24544791667,-100084.38294791667
2025.06.11_0.3_2,-8,performance,index=7.1.81E+05,181378.003,30,15,43626.801172690786,64798.10008044593,-21171.298907755147,1,-37770.792683516884,-64097.949372699135
2025.06.11_0.3_2,-8,equal,index=7.1.81E+05,181378.003,30,15,46390.26572962234,67528.84963966717,-21138.58391004483,1,-37317.069753472235,-66909.88850347222
2025.06.18_0.3_3,-8,RF,index=7.184190,184190.9699,30,15,69695.27564586054,69101.84206922485,593.4335766356962,0,-59787.71963958331,-66933.65531666667
2025.06.18_0.3_3,-8,Conformer,index=7.184190,184190.9699,30,15,19752.6435933929,49346.53617590096,-29593.892582508062,1,-4332.308441666663,-45450.49750416668
2025.06.18_0.3_3,-8,AlexNet,index=7.184190,184190.9699,30,15,35150.589085601656,58645.604566022,-23495.01548042034,1,-29061.95974375,-54982.27354583334
2025.06.18_0.3_3,-8,performance,index=7.184190,184190.9699,30,15,28392.3982049743,55198.38429214807,-26805.98608717377,1,-25251.288311229895,-53401.58511244452
2025.06.18_0.3_3,-8,equal,index=7.184190,184190.9699,30,15,34307.5588033893,57204.45311516978,-22896.89431178048,1,-31060.662608333347,-55788.80878888889
2025.06.11_0.3_2,-8,RF,index=3.2.10E+04,20979.71604,30,15,173177.7340591437,91173.48063845349,82004.2534206902,0,156908.62067874998,91137.405835
2025.06.11_0.3_2,-8,Conformer,index=3.2.10E+04,20979.71604,30,15,116229.04784281657,98279.81294024902,17949.23490256755,0,112905.29307458336,94723.26859541665
2025.06.11_0.3_2,-8,AlexNet,index=3.2.10E+04,20979.71604,30,15,96621.50105622203,38108.38385802137,58513.117198200656,0,94798.0771891667,34909.34880375001
2025.06.11_0.3_2,-8,performance,index=3.2.10E+04,20979.71604,30,15,117521.66044106585,74809.29619447398,42712.36424659187,0,115738.50609298525,73359.24797641735
2025.06.11_0.3_2,-8,equal,index=3.2.10E+04,20979.71604,30,15,124272.55549639056,74551.83493016509,49720.72056622547,0,121537.33031416665,73590.00774472223
2025.06.18_0.3_3,-8,RF,index=3.21242,21242.86319,30,15,108936.91822417392,89863.35224776501,19073.565976408907,0,102584.87977875001,89862.85556000003
2025.06.18_0.3_3,-8,Conformer,index=3.21242,21242.86319,30,15,144732.4428969037,116477.02094989414,28255.421947009556,0,143602.34826833333,115287.68472666669
2025.06.18_0.3_3,-8,AlexNet,index=3.21242,21242.86319,30,15,122306.31436006702,70323.69906954282,51982.61529052419,0,119424.94097666668,69541.75139333335
2025.06.18_0.3_3,-8,performance,index=3.21242,21242.86319,30,15,127167.06837703475,94262.90039867238,32904.16797836237,0,125982.09765454776,94016.85090702113
2025.06.18_0.3_3,-8,equal,index=3.21242,21242.86319,30,15,123290.32669980175,91718.12922816248,31572.197471639272,0,121870.72300791666,91564.09722666665
2025.06.11_0.3_2,-8,RF,index=8.2.22E+05,221505.1102,30,15,99931.34638324488,109549.56099482549,-9618.21461158061,1,-86331.05525208333,-109526.5273875
2025.06.11_0.3_2,-8,Conformer,index=8.2.22E+05,221505.1102,30,15,56005.30565766949,67862.5176736363,-11857.21201596682,1,-51139.949522916664,-64827.71749166666
2025.06.11_0.3_2,-8,AlexNet,index=8.2.22E+05,221505.1102,30,15,84793.32194729662,139374.75439056434,-54581.432443267724,1,-83750.44171041666,-138813.29171041667
2025.06.11_0.3_2,-8,performance,index=8.2.22E+05,221505.1102,30,15,72789.52194621382,100426.94536283438,-27637.423416620557,1,-70587.13814541193,-100007.45832379053
2025.06.11_0.3_2,-8,equal,index=8.2.22E+05,221505.1102,30,15,76751.76742521874,104651.48124909443,-27899.71382387569,1,-73740.48216180556,-104389.17886319445
2025.06.18_0.3_3,-8,RF,index=8.225704,225704.9618,30,15,105051.57314311291,111152.3045997209,-6100.731456607988,1,-97927.79903958336,-97048.61492499996
2025.06.18_0.3_3,-8,Conformer,index=8.225704,225704.9618,30,15,52578.865386698,60010.421648736105,-7431.556262038102,1,-44781.547216666644,-52747.107112499965
2025.06.18_0.3_3,-8,AlexNet,index=8.225704,225704.9618,30,15,69657.1910874852,100515.32676073744,-30858.13567325224,1,-66067.56101874998,-94759.65971666663
2025.06.18_0.3_3,-8,performance,index=8.225704,225704.9618,30,15,65632.4248408959,83393.87078047862,-17761.44593958273,1,-63948.75080273224,-76837.25661514477
2025.06.18_0.3_3,-8,equal,index=8.225704,225704.9618,30,15,71400.06005050674,88743.95035645146,-17343.89030594472,1,-69592.30242500002,-81518.46058472223
2025.06.11_0.3_2,-8,RF,index=2.2.36E+03,2355.33535,30,15,208396.8961888847,112507.14012243971,95889.756066445,0,195078.4932958333,112449.99746249997
2025.06.11_0.3_2,-8,Conformer,index=2.2.36E+03,2355.33535,30,15,131797.17232984834,125356.5607998077,6440.611530040638,0,129336.4289729167,124313.8932958333
2025.06.11_0.3_2,-8,AlexNet,index=2.2.36E+03,2355.33535,30,15,100861.27097259746,55793.552360012436,45067.71861258502,0,99261.84863437504,53556.69173333336
2025.06.11_0.3_2,-8,performance,index=2.2.36E+03,2355.33535,30,15,134116.77755334062,97987.40513016719,36129.37242317344,0,132466.7594924948,97384.05599790717
2025.06.11_0.3_2,-8,equal,index=2.2.36E+03,2355.33535,30,15,143798.61781651626,97222.36915132437,46576.24866519189,0,141225.59030104164,96773.52749722221
2025.06.18_0.3_3,-8,RF,index=2.2380,2380.025286,30,15,120311.37996932659,109487.10707548908,10824.272893837508,0,117468.84190149997,109470.949714
2025.06.18_0.3_3,-8,Conformer,index=2.2380,2380.025286,30,15,160873.08685930222,121065.12362885544,39807.96323044678,0,158911.05518274996,119781.04085983335
2025.06.18_0.3_3,-8,AlexNet,index=2.2380,2380.025286,30,15,134051.88606662644,87914.64412002244,46137.241946604,0,133358.5072660833,87195.82106816667
2025.06.18_0.3_3,-8,performance,index=2.2380,2380.025286,30,15,141507.0717389626,106691.34455655768,34815.727182404924,0,140697.96707896038,106325.55206159223
2025.06.18_0.3_3,-8,equal,index=2.2380,2380.025286,30,15,137408.07586186563,105722.95404221248,31685.12181965314,0,136579.46811677777,105482.60388066668
2025.06.11_0.3_2,-8,RF,index=9.2.67E+05,266907.6965,30,15,107472.90085888619,98230.66983655171,9242.231022334483,0,-40854.8358229167,-15479.87618750002
2025.06.11_0.3_2,-8,Conformer,index=9.2.67E+05,266907.6965,30,15,90629.99730162627,64180.420249382754,26449.577052243512,0,-74500.0209791667,-39883.33920833337
2025.06.11_0.3_2,-8,AlexNet,index=9.2.67E+05,266907.6965,30,15,117495.50184743608,131414.26218104013,-13918.760333604048,1,-102433.64103125004,-93834.51472916671
2025.06.11_0.3_2,-8,performance,index=9.2.67E+05,266907.6965,30,15,97442.60291790983,88085.9882509213,9356.61466698852,0,-77474.0164153583,-53144.37880871359
2025.06.11_0.3_2,-8,equal,index=9.2.67E+05,266907.6965,30,15,96850.87972350357,89562.57928432256,7288.30043918101,0,-72596.16594444448,-49732.57670833338
2025.06.18_0.3_3,-8,RF,index=9.271677,271677.6816,30,15,126160.50216093568,132451.3054616694,-6290.803300733722,1,-93255.58628749996,-112990.07587083335
2025.06.18_0.3_3,-8,Conformer,index=9.271677,271677.6816,30,15,81773.54064974192,95853.3597375796,-14079.819087837677,1,-72828.69462083334,-86188.26180833335
2025.06.18_0.3_3,-8,AlexNet,index=9.271677,271677.6816,30,15,93418.88385820245,133706.34685761368,-40287.46299941123,1,-84325.44462083332,-126947.87014166667
2025.06.18_0.3_3,-8,performance,index=9.271677,271677.6816,30,15,91937.17363919923,115317.74354716037,-23380.569907961137,1,-81405.2883689015,-106042.48019352717
2025.06.18_0.3_3,-8,equal,index=9.271677,271677.6816,30,15,96307.7805456537,119097.70021305991,-22789.91966740621,1,-83469.90850972224,-108708.73594027778
2025.06.11_0.3_2,-8,RF,index=10.3.15E+05,315466.1173,30,15,67399.9793087703,57807.6184840536,9592.3608247167,0,-1490.0886541666503,2389.6879083333497
2025.06.11_0.3_2,-8,Conformer,index=10.3.15E+05,315466.1173,30,15,66124.86587081724,79853.46873922399,-13728.602868406742,1,-33477.786049999995,-45410.81157083334
2025.06.11_0.3_2,-8,AlexNet,index=10.3.15E+05,315466.1173,30,15,84694.99579540045,133940.34250906247,-49245.34671366202,1,-61481.61547708333,-93449.56105
2025.06.11_0.3_2,-8,performance,index=10.3.15E+05,315466.1173,30,15,66290.80338478745,86322.73297402148,-20031.92958923403,1,-36832.96344080805,-51550.2173945044
2025.06.11_0.3_2,-8,equal,index=10.3.15E+05,315466.1173,30,15,64163.53624408455,80855.99668418955,-16692.460440105002,1,-32149.83006041667,-45490.22823750002
2025.06.18_0.3_3,-8,RF,index=10.322114,322114.2428,30,15,167284.01260970536,171504.18128685706,-4220.168677151698,1,-128666.09332083336,-136631.59905000002
2025.06.18_0.3_3,-8,Conformer,index=10.322114,322114.2428,30,15,113363.00085308374,128429.04728814127,-15066.046435057535,1,-100490.0813416667,-113105.95738333337
2025.06.18_0.3_3,-8,AlexNet,index=10.322114,322114.2428,30,15,139824.26999461846,166898.74773569216,-27074.4777410737,1,-127741.20425833337,-156145.73655000006
2025.06.18_0.3_3,-8,performance,index=10.322114,322114.2428,30,15,130401.98565085774,148945.65459675924,-18543.668945901503,1,-116477.0159077697,-133032.57714065316
2025.06.18_0.3_3,-8,equal,index=10.322114,322114.2428,30,15,135112.49313266156,153098.9264796184,-17986.433346956852,1,-118965.79297361113,-135294.43099444447
2025.06.11_0.3_2,-8,RF,index=11.3.69E+05,368978.105,30,15,53316.952694673426,49015.36287483711,4301.589819836314,0,33732.595000000016,21010.555416666684
2025.06.11_0.3_2,-8,Conformer,index=11.3.69E+05,368978.105,30,15,20981.895987159,22770.62366747202,-1788.727680313019,1,10005.756458333351,-927.2237499999814
2025.06.11_0.3_2,-8,AlexNet,index=11.3.69E+05,368978.105,30,15,29199.212016767462,31519.824505309294,-2320.612488541832,1,-20067.99354166665,-2526.477916666648
2025.06.11_0.3_2,-8,performance,index=11.3.69E+05,368978.105,30,15,21891.41586767059,27973.777683125078,-6082.361815454489,1,4123.239270335168,3292.068541775248
2025.06.11_0.3_2,-8,equal,index=11.3.69E+05,368978.105,30,15,25425.345953199445,30729.2735563577,-5303.927603158256,1,7890.1193055555495,5852.284583333329
2025.06.18_0.3_3,-8,RF,index=11.376320,376320.1201,30,15,88536.57647326494,80436.50713083064,8100.069342434304,0,-67076.53364166665,-59814.81020416664
2025.06.18_0.3_3,-8,Conformer,index=11.376320,376320.1201,30,15,93495.56780127904,51887.29882643356,41608.26897484549,0,-61406.658641666654,-33774.255516666664
2025.06.18_0.3_3,-8,AlexNet,index=11.376320,376320.1201,30,15,114965.241163867,72988.28500938542,41976.95615448158,0,-89291.74536041665,-52000.11072499997
2025.06.18_0.3_3,-8,performance,index=11.376320,376320.1201,30,15,97270.77637429742,60781.34002138141,36489.43635291601,0,-72796.85493767686,-45708.18617482845
2025.06.18_0.3_3,-8,equal,index=11.376320,376320.1201,30,15,95517.27466536377,63945.86040813587,31571.4142572279,0,-72591.64588125,-48529.72548194446
2025.06.11_0.3_2,-8,RF,index=12.4.27E+05,427276.195,30,15,31815.714178941307,34797.66591958789,-2981.951740646582,1,30779.54874999998,33099.29666666666
2025.06.11_0.3_2,-8,Conformer,index=12.4.27E+05,427276.195,30,15,24118.699426436084,32746.629371335464,-8627.92994489938,1,15815.99354166666,26487.06541666666
2025.06.11_0.3_2,-8,AlexNet,index=12.4.27E+05,427276.195,30,15,27769.516101749243,30956.858353008218,-3187.342251258975,1,-12950.096041666673,20851.619583333326
2025.06.11_0.3_2,-8,performance,index=12.4.27E+05,427276.195,30,15,17863.753507374127,31196.162795907378,-13332.40928853325,1,8530.66814596096,25985.2961868686
2025.06.11_0.3_2,-8,equal,index=12.4.27E+05,427276.195,30,15,18028.787956371743,31222.645202511598,-13193.857246139854,1,11215.14874999996,26812.660555555525
2025.06.18_0.3_3,-8,RF,index=12.434018,434018.0833,30,15,29616.43495210834,49193.14976320237,-19576.71481109403,1,10863.169825,-25813.660383333332
2025.06.18_0.3_3,-8,Conformer,index=12.434018,434018.0833,30,15,22500.8981733677,40211.66750186151,-17710.769328493814,1,7068.101075000001,-15045.68955
2025.06.18_0.3_3,-8,AlexNet,index=12.434018,434018.0833,30,15,32660.71752293879,29471.79723665509,3188.920286283701,0,-21533.10830000001,-17194.60413333333
2025.06.18_0.3_3,-8,performance,index=12.434018,434018.0833,30,15,20573.747046063272,36404.98236388307,-15831.2353178198,1,-2552.943212439861,-18126.364943146
2025.06.18_0.3_3,-8,equal,index=12.434018,434018.0833,30,15,20753.451341618314,37503.38053098757,-16749.929189369253,1,-1200.612466666702,-19351.318022222247
2025.06.11_0.3_2,-8,RF,index=13.4.89E+05,489453.9981,30,15,32824.47467951377,21780.284790405905,11044.189889107864,0,14760.85606666664,9658.053983333308
2025.06.11_0.3_2,-8,Conformer,index=13.4.89E+05,489453.9981,30,15,24190.080245866397,19628.67535156459,4561.404894301806,0,5089.465441666641,3391.591483333307
2025.06.11_0.3_2,-8,AlexNet,index=13.4.89E+05,489453.9981,30,15,40865.60953717785,23729.965855283233,17135.643681894617,0,-32242.59914166668,3881.1185666666406
2025.06.11_0.3_2,-8,performance,index=13.4.89E+05,489453.9981,30,15,22370.4215511006,18672.20687227254,3698.214678828059,0,-6456.441229245954,4922.497113330988
2025.06.11_0.3_2,-8,equal,index=13.4.89E+05,489453.9981,30,15,22249.240090509546,18931.040835832704,3318.1992546768415,0,-4130.759211111165,5643.58801111104
2025.06.18_0.3_3,-8,RF,index=13.496023,496023.3525,30,15,29307.327564474766,28349.967444564463,957.3601199103032,0,-9380.785833333312,-17012.235833333314
2025.06.18_0.3_3,-8,Conformer,index=13.496023,496023.3525,30,15,27432.3922225312,29094.32473433945,-1661.9325118082488,1,4178.030833333354,-4639.375416666646
2025.06.18_0.3_3,-8,AlexNet,index=13.496023,496023.3525,30,15,46543.802768983915,23877.70517208721,22666.097596896703,0,-39479.87958333332,-10818.160833333312
2025.06.18_0.3_3,-8,performance,index=13.496023,496023.3525,30,15,27378.240653250414,24236.61406351983,3141.626589730582,0,-14659.23268278942,-9455.823793244102
2025.06.18_0.3_3,-8,equal,index=13.496023,496023.3525,30,15,27399.67608551162,24049.2052091028,3350.4708764088173,0,-14894.211527777794,-10823.257361111135
2025.06.11_0.3_2,-8,RF,index=14.5.54E+05,554196.3218,30,15,43914.80427031155,33491.84878731356,10422.95548299799,0,13394.697991666633,-1710.0613833333675
2025.06.11_0.3_2,-8,Conformer,index=14.5.54E+05,554196.3218,30,15,37901.12306813571,33428.60828363887,4472.514784496845,0,9367.335491666632,4993.8990333332995
2025.06.11_0.3_2,-8,AlexNet,index=14.5.54E+05,554196.3218,30,15,51308.042726668595,33323.09925243798,17984.94347423061,0,-42460.955133333366,-7422.328050000035
2025.06.11_0.3_2,-8,performance,index=14.5.54E+05,554196.3218,30,15,31974.612098667923,30473.8943093718,1500.7177892961226,0,-8678.289839196506,-736.5865680656318
2025.06.11_0.3_2,-8,equal,index=14.5.54E+05,554196.3218,30,15,31715.658334616972,30571.420548472954,1144.2377861440182,0,-6566.307216666732,-1379.496800000073
2025.06.18_0.3_3,-8,RF,index=14.562158,562158.7854,30,15,30136.12623447518,18204.171259426686,11931.954975048495,0,-18237.044775000053,-13218.864566666718
2025.06.18_0.3_3,-8,Conformer,index=14.562158,562158.7854,30,15,35742.11014844695,26905.40898095118,8836.701167495768,0,6274.798974999949,9328.810433333281
2025.06.18_0.3_3,-8,AlexNet,index=14.562158,562158.7854,30,15,48849.96245004895,22345.71162710669,26504.25082294226,0,-36311.59581666671,7312.560433333282
2025.06.18_0.3_3,-8,performance,index=14.562158,562158.7854,30,15,33331.065075037826,19098.999127887877,14232.06594714995,0,-14521.17644608458,3732.67470193073
2025.06.18_0.3_3,-8,equal,index=14.562158,562158.7854,30,15,32693.90212708894,17261.08236335534,15432.819763733598,0,-16091.28053888897,1140.8354333332352
2025.06.11_0.3_2,-8,RF,index=4.5.76E+04,57593.31665,30,15,164037.92484849354,54369.663080415405,109668.26176807814,0,146806.07345416668,54337.509912499976
2025.06.11_0.3_2,-8,Conformer,index=4.5.76E+04,57593.31665,30,15,97248.80364389344,75856.25995412191,21392.543689771526,0,95360.76590208335,73346.33543333334
2025.06.11_0.3_2,-8,AlexNet,index=4.5.76E+04,57593.31665,30,15,66044.34373242437,20449.96497015747,45594.378762266904,0,60340.40131875002,14524.617204166669
2025.06.11_0.3_2,-8,performance,index=4.5.76E+04,57593.31665,30,15,96487.07466070885,50155.443455524946,46331.631205183905,0,93619.66903184346,48970.54722059213
2025.06.11_0.3_2,-8,equal,index=4.5.76E+04,57593.31665,30,15,105155.39065625465,48229.78799485202,56925.60266140263,0,100835.74689166667,47402.82085
2025.06.18_0.3_3,-8,RF,index=4.58389,58389.85471,30,15,77274.23836801814,53157.39114773027,24116.84722028787,0,68356.77445666664,53125.79268583334
2025.06.18_0.3_3,-8,Conformer,index=4.58389,58389.85471,30,15,110127.7392978228,74766.148956694,35361.5903411288,0,108459.12237333333,71406.65101916667
2025.06.18_0.3_3,-8,AlexNet,index=4.58389,58389.85471,30,15,85932.82347888198,32537.41330283279,53395.41017604919,0,82631.09476916664,30975.987477500006
2025.06.18_0.3_3,-8,performance,index=4.58389,58389.85471,30,15,91832.605374982,54406.159192908366,37426.44618207363,0,90432.9546937242,53518.242016402175
2025.06.18_0.3_3,-8,equal,index=4.58389,58389.85471,30,15,88164.90255248209,52389.057214147055,35775.845338335035,0,86482.33053305556,51836.14372749999
2025.06.11_0.3_2,-8,RF,index=15.6.24E+05,624442.5514,30,15,61258.37130326156,49835.68132930327,11422.689973958295,0,44551.848600000005,37245.4486
2025.06.11_0.3_2,-8,Conformer,index=15.6.24E+05,624442.5514,30,15,35625.821033008426,35875.9630434483,-250.14201043987123,1,921.47151666667,12970.37776666667
2025.06.11_0.3_2,-8,AlexNet,index=15.6.24E+05,624442.5514,30,15,58885.59667712322,40705.14008174226,18180.456595380958,0,-50782.61285833333,4963.30276666667
2025.06.11_0.3_2,-8,performance,index=15.6.24E+05,624442.5514,30,15,31509.258335188657,34360.00286276592,-2850.7445275772625,1,-8583.15653739993,15492.648013603353
2025.06.11_0.3_2,-8,equal,index=15.6.24E+05,624442.5514,30,15,30725.712874390247,34907.97258956676,-4182.259715176511,1,-1769.7642472222526,18393.043044444414
2025.06.18_0.3_3,-8,RF,index=15.633482,633482.536,30,15,43477.30410842788,44648.65991563615,-1171.355807208267,1,-14337.810999999963,-15143.94016666663
2025.06.18_0.3_3,-8,Conformer,index=15.633482,633482.536,30,15,35977.56613086984,33658.73711942524,2318.829011444599,0,1017.4723333333696,17086.7681666667
2025.06.18_0.3_3,-8,AlexNet,index=15.633482,633482.536,30,15,53623.355786499495,29344.329179377106,24279.02660712239,0,-44539.18599999994,12566.69733333337
2025.06.18_0.3_3,-8,performance,index=15.633482,633482.536,30,15,35990.52939339421,29693.4651447393,6297.064248654908,0,-18897.93029850664,8523.703997711891
2025.06.18_0.3_3,-8,equal,index=15.633482,633482.536,30,15,36580.86940416565,30296.08087524582,6284.7885289198275,0,-19286.508222222223,4836.508444444432
2025.06.11_0.3_2,-8,RF,index=16.6.98E+05,698421.296,30,15,49111.578599037624,47504.70940301318,1606.8691960244469,0,39615.74358333335,43083.42483333336
2025.06.11_0.3_2,-8,Conformer,index=16.6.98E+05,698421.296,30,15,37737.65287200666,46668.30505021968,-8930.652178213015,1,11004.94983333336,29218.35400000003
2025.06.11_0.3_2,-8,AlexNet,index=16.6.98E+05,698421.296,30,15,62667.679624567594,30780.622305763965,31887.05731880363,0,-52621.17308333333,20041.908166666693
2025.06.11_0.3_2,-8,performance,index=16.6.98E+05,698421.296,30,15,29599.11136762617,37018.670753875704,-7419.559386249533,1,-6071.457218580596,29074.878682311693
2025.06.11_0.3_2,-8,equal,index=16.6.98E+05,698421.296,30,15,27771.416108303507,36575.41121045185,-8803.995102148343,1,-666.8265555555777,30781.22899999999
2025.06.18_0.3_3,-8,RF,index=16.709792,709792.7143,30,15,34633.827218261125,28588.328544173066,6045.4986740880595,0,10374.423200000008,1905.6857000000077
2025.06.18_0.3_3,-8,Conformer,index=16.709792,709792.7143,30,15,37751.66623469361,47826.45966312945,-10074.793428435842,1,15680.648200000007,40334.34820000001
2025.06.18_0.3_3,-8,AlexNet,index=16.709792,709792.7143,30,15,57542.207759732504,41379.32157445936,16162.886185273142,0,-45543.57055000002,30042.731533333343
2025.06.18_0.3_3,-8,performance,index=16.709792,709792.7143,30,15,30281.419906226987,36133.83227040287,-5852.4123641758815,1,-7795.337562080748,28437.51688046582
2025.06.18_0.3_3,-8,equal,index=16.709792,709792.7143,30,15,29097.42492586957,32811.69284560611,-3714.267919736536,1,-6496.166383333369,24094.255144444418
2025.06.11_0.3_2,-8,RF,index=17.7.77E+05,776647.2223,30,15,15085.75173638939,14856.605579647428,229.14615674196102,0,-10972.486883333357,-11200.530633333356
2025.06.11_0.3_2,-8,Conformer,index=17.7.77E+05,776647.2223,30,15,33087.97520828869,34537.50889658477,-1449.5336882960764,1,10360.177699999977,21989.219366666643
2025.06.11_0.3_2,-8,AlexNet,index=17.7.77E+05,776647.2223,30,15,74503.26865268049,25893.259028375884,48610.00962430461,0,-68354.71188333335,-2989.322300000023
2025.06.11_0.3_2,-8,performance,index=17.7.77E+05,776647.2223,30,15,32499.789589014217,19740.22387130448,12759.565717709738,0,-22935.297379767224,6177.054743259299
2025.06.11_0.3_2,-8,equal,index=17.7.77E+05,776647.2223,30,15,30531.803584447815,16749.625405242885,13782.17817920493,0,-22989.007022222297,2599.788811111031
2025.06.18_0.3_3,-8,RF,index=17.789500,789500.1968,30,15,40056.08571642552,53968.53985795589,-13912.454141530368,1,-19553.019716666702,-31330.0634666667
2025.06.18_0.3_3,-8,Conformer,index=17.789500,789500.1968,30,15,35343.64240782313,30933.291820115963,4410.350587707166,0,7240.9302833332995,14888.936533333299
2025.06.18_0.3_3,-8,AlexNet,index=17.789500,789500.1968,30,15,78430.34967454842,27073.924907135442,51356.42476741297,0,-71825.0384666667,-10103.225966666701
2025.06.18_0.3_3,-8,performance,index=17.789500,789500.1968,30,15,38066.358933798256,26191.904008112404,11874.454925685852,0,-27354.196938833666,-3760.704479048952
2025.06.18_0.3_3,-8,equal,index=17.789500,789500.1968,30,15,38099.896940441264,29186.227929234505,8913.669011206759,0,-28045.709300000086,-8848.117633333406
2025.06.11_0.3_2,-8,RF,index=18.8.59E+05,859343.9142,30,15,81780.43332036893,79058.27173614905,2722.1615842198808,0,-81248.44336666666,-78745.68503333333
2025.06.11_0.3_2,-8,Conformer,index=18.8.59E+05,859343.9142,30,15,41544.57804168894,21905.774157974472,19638.803883714467,0,-24864.018366666667,-2462.5850333333324
2025.06.11_0.3_2,-8,AlexNet,index=18.8.59E+05,859343.9142,30,15,109290.14662659468,39740.30270901561,69549.84391757907,0,-105363.64545,-35585.93086666667
2025.06.11_0.3_2,-8,performance,index=18.8.59E+05,859343.9142,30,15,69949.3975311665,32994.33503290099,36955.062498265506,0,-66329.99657687763,-30446.96129447751
2025.06.11_0.3_2,-8,equal,index=18.8.59E+05,859343.9142,30,15,73030.08525497517,40333.50011885854,32696.585136116635,0,-70492.03572777784,-38931.40031111119
2025.06.18_0.3_3,-8,RF,index=18.873637,873637.0359,30,15,75479.20822295577,72755.66238497663,2723.545837979138,0,-74475.70256666669,-71498.34423333335
2025.06.18_0.3_3,-8,Conformer,index=18.873637,873637.0359,30,15,49897.855510601825,35691.8811019269,14205.974408674927,0,-37900.19631666668,-23671.24840000002
2025.06.18_0.3_3,-8,AlexNet,index=18.873637,873637.0359,30,15,122721.20628668721,54964.32542607158,67756.88086061564,0,-118656.62340000001,-50329.74423333335
2025.06.18_0.3_3,-8,performance,index=18.873637,873637.0359,30,15,79175.13533269273,47082.515045203196,32092.62028748954,0,-75210.4379493238,-43243.97057331232
2025.06.18_0.3_3,-8,equal,index=18.873637,873637.0359,30,15,80089.89015181267,51305.8094754271,28784.080676385565,0,-77010.84076111118,-48499.77895555563
2025.06.18_0.3_3,-12,RF,index=1.0,-1.42e-06,30,15,203723.638261018,122740.89759382371,80982.74066719429,0,189945.8067722534,120310.98073058669
2025.06.18_0.3_3,-12,Conformer,index=1.0,-1.42e-06,30,15,179650.65560337304,138701.15160358284,40949.503999790206,0,178186.68463683673,137530.67708475335
2025.06.18_0.3_3,-12,AlexNet,index=1.0,-1.42e-06,30,15,149415.52238481253,105073.1297889632,44342.392595849335,0,148680.14062641998,103945.79635558669
2025.06.18_0.3_3,-12,performance,index=1.0,-1.42e-06,30,15,170906.33939388487,122538.57650940609,48367.76288447878,0,169943.78567886847,122228.89437374937
2025.06.18_0.3_3,-12,equal,index=1.0,-1.42e-06,30,15,174055.1386492962,120908.5571285254,53146.58152077079,0,172270.87734516998,120595.81805697555
2025.06.11_0.3_2,-12,RF,index=1.3.28E-04,0.000328047,30,15,256307.95239358448,127676.49012391522,128631.46226966925,0,254861.5577448696,125138.20071361968
2025.06.11_0.3_2,-12,Conformer,index=1.3.28E-04,0.000328047,30,15,159216.18721524565,128956.51878728798,30259.668427957673,0,157140.8275365363,127205.76269278635
2025.06.11_0.3_2,-12,AlexNet,index=1.3.28E-04,0.000328047,30,15,145541.0144491284,79276.39685982255,66264.61758930584,0,144677.41685945296,77986.68482820301
2025.06.11_0.3_2,-12,performance,index=1.3.28E-04,0.000328047,30,15,174290.46835266615,110471.58505566795,63818.8832969982,0,173556.69988782768,109817.96139371513
2025.06.11_0.3_2,-12,equal,index=1.3.28E-04,0.000328047,30,15,186202.04747751285,110866.13757170703,75335.90990580582,0,185559.934046953,110110.216078203
2025.06.11_0.3_2,-12,RF,index=5.1.11E+05,111264.7017,30,15,148928.00887821306,41204.70016076513,107723.30871744793,0,148850.0644458333,26161.064966666676
2025.06.11_0.3_2,-12,Conformer,index=5.1.11E+05,111264.7017,30,15,63718.27171849888,32066.935491881908,31651.33622661697,0,61210.683716666645,24950.477466666667
2025.06.11_0.3_2,-12,AlexNet,index=5.1.11E+05,111264.7017,30,15,34237.15329735143,31136.452320707576,3100.700976643857,0,31391.4092375,-28621.192585416666
2025.06.11_0.3_2,-12,performance,index=5.1.11E+05,111264.7017,30,15,69860.26979717561,12934.36891510989,56925.900882065725,0,69131.59818215537,6777.500579136791
2025.06.11_0.3_2,-12,equal,index=5.1.11E+05,111264.7017,30,15,80961.3663627979,14959.13251739686,66002.23384540103,0,80484.05246666665,7496.7832826388785
2025.06.18_0.3_3,-12,RF,index=5.113188,113188.2901,30,15,138680.90810499975,18333.98893834957,120346.91916665019,0,131347.7375041667,12625.132816666672
2025.06.18_0.3_3,-12,Conformer,index=5.113188,113188.2901,30,15,61416.999589739775,19391.991635914597,42025.007953825174,0,58770.37969166665,-9510.095829166667
2025.06.18_0.3_3,-12,AlexNet,index=5.113188,113188.2901,30,15,34099.050161370375,12757.750927533563,21341.299233836813,0,28180.81875416667,-4411.007808333332
2025.06.18_0.3_3,-12,performance,index=5.113188,113188.2901,30,15,64759.40058278047,8751.052716093205,56008.34786668727,0,63179.13365219077,-2942.7038738860547
2025.06.18_0.3_3,-12,equal,index=5.113188,113188.2901,30,15,74759.60804405723,8113.594858913893,66646.01318514333,0,72766.31198333333,-431.9902736111175
2025.06.11_0.3_2,-12,RF,index=6.1.44E+05,144324.2618,30,15,114458.20791520894,34195.470062357024,80262.73785285192,0,114433.45642916666,-1348.7180500000075
2025.06.11_0.3_2,-12,Conformer,index=6.1.44E+05,144324.2618,30,15,28523.12926490046,18190.969261725695,10332.160003174766,0,18563.58168958333,-11912.681591666675
2025.06.11_0.3_2,-12,AlexNet,index=6.1.44E+05,144324.2618,30,15,16542.649669047943,60256.47552207541,-43713.82585302746,1,-1183.702945833341,-59419.325862499994
2025.06.11_0.3_2,-12,performance,index=6.1.44E+05,144324.2618,30,15,34397.436727947344,28569.738668515325,5827.698059432019,0,31924.881282169103,-25964.848592906
2025.06.11_0.3_2,-12,equal,index=6.1.44E+05,144324.2618,30,15,45202.041526711815,28157.063698481445,17044.97782823037,0,43937.77839097219,-24226.908501388905
2025.06.18_0.3_3,-12,RF,index=6.146381,146381.6505,30,15,112968.51719730205,35083.0898239724,77885.42737332964,0,112915.71095833335,-5806.427583333322
2025.06.18_0.3_3,-12,Conformer,index=6.146381,146381.6505,30,15,35315.236139511675,45523.81680204043,-10208.580662528751,1,25022.71851041668,-40404.52549999999
2025.06.18_0.3_3,-12,AlexNet,index=6.146381,146381.6505,30,15,15748.383509448779,31438.62796124631,-15690.244451797533,1,-4606.507791666655,-29778.797374999987
2025.06.18_0.3_3,-12,performance,index=6.146381,146381.6505,30,15,35321.97028301231,31862.633804184377,3459.336478827936,0,33067.377208414284,-29225.545252228367
2025.06.18_0.3_3,-12,equal,index=6.146381,146381.6505,30,15,45624.53157771525,28957.53677333706,16666.99480437819,0,44443.97389236112,-25329.91681944444
2025.06.11_0.3_2,-12,RF,index=7.1.81E+05,181378.003,30,15,77630.42388466735,53208.86684749821,24421.557037169143,0,72855.67538541667,-41593.79675000001
2025.06.11_0.3_2,-12,Conformer,index=7.1.81E+05,181378.003,30,15,29545.284185769997,45128.80554065118,-15583.52135488118,1,-16731.036333333337,-40445.137895833344
2025.06.11_0.3_2,-12,AlexNet,index=7.1.81E+05,181378.003,30,15,42810.613709142286,95998.72429598698,-53188.11058684469,1,-40396.26341666667,-94870.45716666667
2025.06.11_0.3_2,-12,performance,index=7.1.81E+05,181378.003,30,15,15299.215569758251,61395.13938128346,-46095.92381152521,1,-6147.070900482073,-59424.83182771938
2025.06.11_0.3_2,-12,equal,index=7.1.81E+05,181378.003,30,15,14852.911634302534,61223.61887716635,-46370.70724286382,1,5242.79187847221,-58969.79727083335
2025.06.18_0.3_3,-12,RF,index=7.184190,184190.9699,30,15,75649.35389536631,52633.2604077166,23016.093487649705,0,65784.49338125002,-39963.91365000001
2025.06.18_0.3_3,-12,Conformer,index=7.184190,184190.9699,30,15,23730.83889226476,60690.135008446654,-36959.2961161819,1,-12625.40766041667,-55698.55427500001
2025.06.18_0.3_3,-12,AlexNet,index=7.184190,184190.9699,30,15,39036.360969114445,75001.67072043827,-35965.309751323824,1,-37283.42094166666,-73659.26885833334
2025.06.18_0.3_3,-12,performance,index=7.184190,184190.9699,30,15,12169.50450543763,60057.73154287019,-47888.22703743256,1,-4801.322043377155,-58458.57454294293
2025.06.18_0.3_3,-12,equal,index=7.184190,184190.9699,30,15,14275.753364297218,58301.00779886439,-44025.25443456717,1,5291.888259722207,-56440.57892777779
2025.06.11_0.3_2,-12,RF,index=3.2.10E+04,20979.71604,30,15,237247.36311827405,122620.83412903493,114626.52898923912,0,237239.7100016666,118234.0938558333
2025.06.11_0.3_2,-12,Conformer,index=3.2.10E+04,20979.71604,30,15,128953.0081742359,101322.16649108879,27630.84168314711,0,126471.88161625002,99164.468335
2025.06.11_0.3_2,-12,AlexNet,index=3.2.10E+04,20979.71604,30,15,121247.0896399375,51665.449459830954,69581.64018010655,0,119689.69619958336,50418.30869958335
2025.06.11_0.3_2,-12,performance,index=3.2.10E+04,20979.71604,30,15,148431.49583900522,87695.15234121228,60736.34349779294,0,147759.42932016833,86535.0149618835
2025.06.11_0.3_2,-12,equal,index=3.2.10E+04,20979.71604,30,15,161566.61769985931,90698.96544020418,70867.65225965514,0,161133.76260583333,89272.29029680556
2025.06.18_0.3_3,-12,RF,index=3.21242,21242.86319,30,15,223686.03102714228,101450.63093248701,122235.40009465527,0,217957.68420583333,99734.80920583336
2025.06.18_0.3_3,-12,Conformer,index=3.21242,21242.86319,30,15,153008.12670953062,108687.31525633886,44320.81145319177,0,151745.82847666665,107440.15399750002
2025.06.18_0.3_3,-12,AlexNet,index=3.21242,21242.86319,30,15,130902.44934822005,81169.2296049002,49733.219743319845,0,127961.32821625001,80656.06285166669
2025.06.18_0.3_3,-12,performance,index=3.21242,21242.86319,30,15,158400.4969583768,96979.45943058426,61421.03752779255,0,157271.87820646205,96547.38619645164
2025.06.18_0.3_3,-12,equal,index=3.21242,21242.86319,30,15,167296.8438961214,96350.64785585715,70946.19604026424,0,165888.2802995833,95943.67535166666
2025.06.11_0.3_2,-12,RF,index=8.2.22E+05,221505.1102,30,15,45719.42389163596,100708.94862129886,-54989.524729662895,1,28205.99552916667,-97332.20082499999
2025.06.11_0.3_2,-12,Conformer,index=8.2.22E+05,221505.1102,30,15,50606.238452770216,78005.30090607917,-27399.06245330895,1,-47618.085199999994,-76184.59874166666
2025.06.11_0.3_2,-12,AlexNet,index=8.2.22E+05,221505.1102,30,15,71849.14938474422,126213.48157247821,-54364.33218773399,1,-70650.69535625,-125946.5930125
2025.06.11_0.3_2,-12,performance,index=8.2.22E+05,221505.1102,30,15,41619.29239765641,98204.84742764667,-56585.55502999026,1,-39755.683295960676,-97907.57702125372
2025.06.11_0.3_2,-12,equal,index=8.2.22E+05,221505.1102,30,15,33412.97981998892,100168.54000107909,-66755.56018109017,1,-30020.928342361127,-99821.13085972222
2025.06.18_0.3_3,-12,RF,index=8.225704,225704.9618,30,15,56770.84053418041,101498.16826937186,-44727.32773519145,1,6182.97570000001,-83811.17534166663
2025.06.18_0.3_3,-12,Conformer,index=8.225704,225704.9618,30,15,50487.74146847282,76837.82066073889,-26350.079192266065,1,-43129.181591666646,-72088.5341958333
2025.06.18_0.3_3,-12,AlexNet,index=8.225704,225704.9618,30,15,70458.69168087828,112944.99591402343,-42486.30423314514,1,-69213.19357083332,-109557.17690416663
2025.06.18_0.3_3,-12,performance,index=8.225704,225704.9618,30,15,46569.89319386231,91398.1983933638,-44828.30519950148,1,-42067.4511119049,-87531.7197767668
2025.06.18_0.3_3,-12,equal,index=8.225704,225704.9618,30,15,42712.37696049217,93362.8238555218,-50650.44689502963,1,-35386.4664875,-88485.62881388889
2025.06.11_0.3_2,-12,RF,index=2.2.36E+03,2355.33535,30,15,256825.43800584064,127081.59084736987,129743.84715847077,0,256801.79225416662,125099.57402499997
2025.06.11_0.3_2,-12,Conformer,index=2.2.36E+03,2355.33535,30,15,152286.81815725786,121333.30602938241,30953.512127875452,0,150199.87558750002,120497.00527499996
2025.06.11_0.3_2,-12,AlexNet,index=2.2.36E+03,2355.33535,30,15,131862.32262056693,76941.493872276,54920.828748290936,0,130452.91386875004,75977.91907708334
2025.06.11_0.3_2,-12,performance,index=2.2.36E+03,2355.33535,30,15,166570.70226329222,106670.14675838003,59900.55550491219,0,165863.54197752345,106176.86548498209
2025.06.11_0.3_2,-12,equal,index=2.2.36E+03,2355.33535,30,15,179605.27351337732,107782.67920342374,71822.59430995358,0,179151.52723680556,107191.49945902778
2025.06.18_0.3_3,-12,RF,index=2.2380,2380.025286,30,15,226505.56316824924,136577.1797873498,89928.38338089944,0,217264.3674223333,132792.25335983335
2025.06.18_0.3_3,-12,Conformer,index=2.2380,2380.025286,30,15,167611.55298172412,125135.46384326261,42476.08913846151,0,166375.45283899998,124181.18669316667
2025.06.18_0.3_3,-12,AlexNet,index=2.2380,2380.025286,30,15,142898.13690791995,96243.06146553822,46655.07544238173,0,142126.79971399996,95666.4044015
2025.06.18_0.3_3,-12,performance,index=2.2380,2380.025286,30,15,169425.89360341514,116743.42941174573,52682.46419166941,0,168445.06261389848,116240.29384569082
2025.06.18_0.3_3,-12,equal,index=2.2380,2380.025286,30,15,176891.4275589796,118247.04487971672,58644.38267926288,0,175255.5399917778,117546.6148181667
2025.06.11_0.3_2,-12,RF,index=9.2.67E+05,266907.6965,30,15,47655.508408820686,94796.53738733931,-47141.028978518625,1,14725.155322916647,-13162.087645833353
2025.06.11_0.3_2,-12,Conformer,index=9.2.67E+05,266907.6965,30,15,84386.63419747526,75940.68195923595,8445.952238239304,0,-70221.35717708337,-51048.0287916667
2025.06.11_0.3_2,-12,AlexNet,index=9.2.67E+05,266907.6965,30,15,99923.05802549423,130600.31506951732,-30677.257044023092,1,-88880.0092604167,-98131.87670833338
2025.06.11_0.3_2,-12,performance,index=9.2.67E+05,266907.6965,30,15,72571.06936239575,91519.23226995248,-18948.162907556733,1,-58806.16063586594,-59014.41430611295
2025.06.11_0.3_2,-12,equal,index=9.2.67E+05,266907.6965,30,15,63786.93198880431,90873.9488682525,-27087.016879448187,1,-48125.40370486115,-54113.997715277816
2025.06.18_0.3_3,-12,RF,index=9.271677,271677.6816,30,15,61972.31490378706,116216.8621156273,-54244.54721184024,1,-19998.671183333343,-96847.86545416668
2025.06.18_0.3_3,-12,Conformer,index=9.271677,271677.6816,30,15,85516.96085153958,116673.27140339745,-31156.310551857867,1,-79953.28732916666,-110798.19670416668
2025.06.18_0.3_3,-12,AlexNet,index=9.271677,271677.6816,30,15,104644.98187236438,143368.4448583868,-38723.46298602241,1,-97507.75842291662,-137358.4425375
2025.06.18_0.3_3,-12,performance,index=9.271677,271677.6816,30,15,80461.66299320234,124181.41743978002,-43719.75444657769,1,-73496.51779646381,-116905.60409111311
2025.06.18_0.3_3,-12,equal,index=9.271677,271677.6816,30,15,74828.25855164556,123516.2280237578,-48687.969472112236,1,-65819.90564513892,-115001.50156527781
2025.06.11_0.3_2,-12,RF,index=10.3.15E+05,315466.1173,30,15,28694.011265615485,56096.64370363895,-27402.632438023462,1,13954.314991666683,3022.4853041666834
2025.06.11_0.3_2,-12,Conformer,index=10.3.15E+05,315466.1173,30,15,65372.318662148515,94467.12777965648,-29094.809117507968,1,-35623.99386249999,-57519.21625833334
2025.06.11_0.3_2,-12,AlexNet,index=10.3.15E+05,315466.1173,30,15,87966.06780516199,128321.95099589616,-40355.88319073417,1,-65450.76052916666,-91940.34698750002
2025.06.11_0.3_2,-12,performance,index=10.3.15E+05,315466.1173,30,15,59487.70820276817,90869.58018124198,-31381.871978473813,1,-35870.71430596767,-56202.08608957622
2025.06.11_0.3_2,-12,equal,index=10.3.15E+05,315466.1173,30,15,52146.349939527805,83498.31605482713,-31351.96611529932,1,-29040.146466666665,-48812.35931388889
2025.06.18_0.3_3,-12,RF,index=10.322114,322114.2428,30,15,117603.02252332587,156752.2421214996,-39149.219598173746,1,-75428.24019583336,-123062.18186250003
2025.06.18_0.3_3,-12,Conformer,index=10.322114,322114.2428,30,15,120789.86997103698,146349.3451014161,-25559.475130379127,1,-109212.26936250002,-135889.01936250002
2025.06.18_0.3_3,-12,AlexNet,index=10.322114,322114.2428,30,15,149218.703244679,178620.61100952633,-29401.907764847332,1,-137967.2219666667,-169496.97248750005
2025.06.18_0.3_3,-12,performance,index=10.322114,322114.2428,30,15,123496.0889526268,157364.4575710434,-33868.3686184166,1,-112456.14345312146,-144666.0954544736
2025.06.18_0.3_3,-12,equal,index=10.322114,322114.2428,30,15,120228.11844074499,157525.43133509447,-37297.31289434948,1,-107535.91050833337,-142816.05790416666
2025.06.11_0.3_2,-12,RF,index=11.3.69E+05,368978.105,30,15,53336.84854505154,49007.54726117,4329.301283881541,0,33694.02104166669,21031.486666666686
2025.06.11_0.3_2,-12,Conformer,index=11.3.69E+05,368978.105,30,15,25231.75621593498,27149.03197669108,-1917.2757607560998,1,19031.277291666684,2839.0116666666854
2025.06.11_0.3_2,-12,AlexNet,index=11.3.69E+05,368978.105,30,15,30812.71563371772,33168.08799625816,-2355.372362540442,1,-21266.669583333314,-3521.046666666648
2025.06.11_0.3_2,-12,performance,index=11.3.69E+05,368978.105,30,15,22662.193315747667,30447.75024340916,-7785.5569276614915,1,7474.017239334178,4605.623322983591
2025.06.11_0.3_2,-12,equal,index=11.3.69E+05,368978.105,30,15,26393.976533088757,32569.086393722933,-6175.109860634177,1,10486.20958333332,6783.150555555561
2025.06.18_0.3_3,-12,RF,index=11.376320,376320.1201,30,15,64073.823703045695,78424.27558809836,-14350.451885052666,1,-57256.159162499986,-59198.840933333304
2025.06.18_0.3_3,-12,Conformer,index=11.376320,376320.1201,30,15,100669.68319624911,64222.71450838685,36446.96868786226,0,-72704.36385,-46369.84093333332
2025.06.18_0.3_3,-12,AlexNet,index=11.376320,376320.1201,30,15,123078.5386396611,84247.6790756575,38830.85956400359,0,-103415.50187083332,-61862.615933333305
2025.06.18_0.3_3,-12,performance,index=11.376320,376320.1201,30,15,99062.43377233874,71017.94915990325,28044.484612435495,0,-80595.37368365345,-54490.78290493109
2025.06.18_0.3_3,-12,equal,index=11.376320,376320.1201,30,15,93836.97728398175,72279.00107604655,21557.976207935193,0,-77792.00829444447,-55810.43260000002
2025.06.11_0.3_2,-12,RF,index=12.4.27E+05,427276.195,30,15,31838.155933064474,34797.66591958789,-2959.509986523415,1,30804.377916666646,33099.29666666666
2025.06.11_0.3_2,-12,Conformer,index=12.4.27E+05,427276.195,30,15,28575.447546613697,34420.92499765966,-5845.477451045965,1,21365.418541666648,28077.319583333327
2025.06.11_0.3_2,-12,AlexNet,index=12.4.27E+05,427276.195,30,15,27860.11476186339,32200.698484175864,-4340.583722312473,1,-11840.135625000006,21805.513333333325
2025.06.11_0.3_2,-12,performance,index=12.4.27E+05,427276.195,30,15,19788.763452011324,32265.111736101626,-12476.348284090302,1,11275.209992908862,27010.803654573287
2025.06.11_0.3_2,-12,equal,index=12.4.27E+05,427276.195,30,15,19836.58481475148,32123.829194152313,-12287.244379400832,1,13443.220277777735,27660.709861111063
2025.06.18_0.3_3,-12,RF,index=12.434018,434018.0833,30,15,29630.481360370028,49280.450048802275,-19649.968688432247,1,10873.897950000002,-25901.737466666666
2025.06.18_0.3_3,-12,Conformer,index=12.434018,434018.0833,30,15,22768.79689303669,39823.41932532914,-17054.622432292446,1,8694.643783333335,-14610.743716666666
2025.06.18_0.3_3,-12,AlexNet,index=12.434018,434018.0833,30,15,34329.90229998664,32023.577784971676,2306.324515014967,0,-23285.30517500001,-19317.687466666666
2025.06.18_0.3_3,-12,performance,index=12.434018,434018.0833,30,15,20439.78344782139,37036.66910798722,-16596.885660165826,1,-2505.7616904235288,-18685.454895338476
2025.06.18_0.3_3,-12,equal,index=12.434018,434018.0833,30,15,20583.820646040378,38147.400264084026,-17563.57961804365,1,-1238.9211472222544,-19943.38955000002
2025.06.11_0.3_2,-12,RF,index=13.4.89E+05,489453.9981,30,15,32837.79717375859,21780.284790405905,11057.512383352685,0,14676.906066666641,9658.053983333308
2025.06.11_0.3_2,-12,Conformer,index=13.4.89E+05,489453.9981,30,15,24442.790373170188,19632.838011500335,4809.952361669853,0,8726.79044166664,4022.120649999974
2025.06.11_0.3_2,-12,AlexNet,index=13.4.89E+05,489453.9981,30,15,39891.240484800874,23937.763607661942,15953.476877138932,0,-31138.438725000015,4665.085233333307
2025.06.11_0.3_2,-12,performance,index=13.4.89E+05,489453.9981,30,15,21600.804634919896,18671.54895818039,2929.255676739507,0,-4541.6345218808465,5468.742164806735
2025.06.11_0.3_2,-12,equal,index=13.4.89E+05,489453.9981,30,15,21766.130786511207,18951.906010648174,2814.224775863033,0,-2578.2474055556136,6115.086622222176
2025.06.18_0.3_3,-12,RF,index=13.496023,496023.3525,30,15,29318.931953657786,28337.10721270952,981.8247409482647,0,-9378.809791666647,-16866.66499999998
2025.06.18_0.3_3,-12,Conformer,index=13.496023,496023.3525,30,15,29194.896300940763,28783.60350591929,411.29279502147256,0,5906.015208333354,-3480.314999999979
2025.06.18_0.3_3,-12,AlexNet,index=13.496023,496023.3525,30,15,46319.89793132088,23763.273436478055,22556.62449484282,0,-39022.18166666666,-10792.569166666646
2025.06.18_0.3_3,-12,performance,index=13.496023,496023.3525,30,15,27624.154023721687,23743.1320012906,3881.022022431087,0,-13764.978130108824,-8907.186373493549
2025.06.18_0.3_3,-12,equal,index=13.496023,496023.3525,30,15,27609.075344285957,23591.878061844618,4017.1972824413388,0,-14164.992083333347,-10379.849722222227
2025.06.11_0.3_2,-12,RF,index=14.5.54E+05,554196.3218,30,15,43907.65965013932,33491.84878731356,10415.810862825761,0,13360.264658333299,-1710.0613833333675
2025.06.11_0.3_2,-12,Conformer,index=14.5.54E+05,554196.3218,30,15,38154.66990023542,34155.436874652696,3999.2330255827255,0,11425.762574999966,5737.957366666632
2025.06.11_0.3_2,-12,AlexNet,index=14.5.54E+05,554196.3218,30,15,49902.885561443465,33256.986986049975,16645.89857539349,0,-40811.8478416667,-6926.559300000034
2025.06.11_0.3_2,-12,performance,index=14.5.54E+05,554196.3218,30,15,31252.69279244823,30709.03217078576,543.6606216624714,0,-7218.16592884653,-239.7461437457474
2025.06.11_0.3_2,-12,equal,index=14.5.54E+05,554196.3218,30,15,31110.26802072703,30732.254085444165,378.01393528286644,0,-5341.940202777844,-966.2211055556273
2025.06.18_0.3_3,-12,RF,index=14.562158,562158.7854,30,15,30136.731323591677,18193.464523117782,11943.266800473895,0,-18258.709358333384,-13248.47706666672
2025.06.18_0.3_3,-12,Conformer,index=14.562158,562158.7854,30,15,34991.07093406378,26454.657087136267,8536.41384692751,0,8266.314599999949,10050.435433333281
2025.06.18_0.3_3,-12,AlexNet,index=14.562158,562158.7854,30,15,47865.67044252853,22568.777867324938,25296.89257520359,0,-35157.67394166672,8136.452099999949
2025.06.18_0.3_3,-12,performance,index=14.562158,562158.7854,30,15,32306.66892425845,18927.188103578093,13379.480820680357,0,-13267.126892948969,4326.161509751482
2025.06.18_0.3_3,-12,equal,index=14.562158,562158.7854,30,15,31788.820675869916,17086.716787563862,14702.103888306054,0,-15050.022900000078,1646.1368222221345
2025.06.11_0.3_2,-12,RF,index=4.5.76E+04,57593.31665,30,15,201482.8602965035,74036.91322315333,127445.94707335017,0,201466.68855833323,69969.76512083333
2025.06.11_0.3_2,-12,Conformer,index=4.5.76E+04,57593.31665,30,15,106482.66597979638,74692.56318740736,31790.10279238902,0,104508.20157916668,72889.68855833334
2025.06.11_0.3_2,-12,AlexNet,index=4.5.76E+04,57593.31665,30,15,86192.83085420456,27137.156801553043,59055.67405265151,0,82741.10262083335,24916.317725000004
2025.06.11_0.3_2,-12,performance,index=4.5.76E+04,57593.31665,30,15,117997.01758403674,56716.36045995858,61280.65712407816,0,117366.10109068695,55745.26704391846
2025.06.11_0.3_2,-12,equal,index=4.5.76E+04,57593.31665,30,15,130007.47238674098,56959.93224257889,73047.54014416208,0,129571.99758611112,55925.25713472221
2025.06.18_0.3_3,-12,RF,index=4.58389,58389.85471,30,15,177718.66685507976,69408.70697555621,108309.95987952355,0,167169.1669045834,65601.72081083334
2025.06.18_0.3_3,-12,Conformer,index=4.58389,58389.85471,30,15,118614.96784281009,76941.29578383669,41673.6720589734,0,116997.22341499999,74143.81404000001
2025.06.18_0.3_3,-12,AlexNet,index=4.58389,58389.85471,30,15,94025.26720208034,40399.10459509558,53626.16260698476,0,90110.20857124998,39091.45987333334
2025.06.18_0.3_3,-12,performance,index=4.58389,58389.85471,30,15,119066.74601449321,60880.412424358525,58186.33359013469,0,117950.42011687273,60223.6783974025
2025.06.18_0.3_3,-12,equal,index=4.58389,58389.85471,30,15,126412.23368652111,60256.65675128381,66155.5769352373,0,124758.86629694443,59612.33157472222
2025.06.11_0.3_2,-12,RF,index=15.6.24E+05,624442.5514,30,15,61260.61068099087,49835.68132930327,11424.929351687599,0,44554.504850000005,37245.4486
2025.06.11_0.3_2,-12,Conformer,index=15.6.24E+05,624442.5514,30,15,36326.56438952797,36769.592906021295,-443.02851649332297,1,2706.2173500000035,13995.386100000003
2025.06.11_0.3_2,-12,AlexNet,index=15.6.24E+05,624442.5514,30,15,58178.95799376179,40848.14561312727,17330.812380634517,0,-49705.00556666667,5866.536100000003
2025.06.11_0.3_2,-12,performance,index=15.6.24E+05,624442.5514,30,15,31534.575308018408,34912.447718579686,-3377.8724105612782,1,-7438.706318599723,16252.89373811193
2025.06.11_0.3_2,-12,equal,index=15.6.24E+05,624442.5514,30,15,30957.76961710482,35362.24577049639,-4404.47615339157,1,-814.7611222222447,19035.79026666663
2025.06.18_0.3_3,-12,RF,index=15.633482,633482.536,30,15,43525.15759086047,44648.65991563615,-1123.5023247756762,1,-14327.023499999963,-15143.94016666663
2025.06.18_0.3_3,-12,Conformer,index=15.633482,633482.536,30,15,36602.25299351589,33920.050545080194,2682.2024484356953,0,2991.51608333337,17605.95983333337
2025.06.18_0.3_3,-12,AlexNet,index=15.633482,633482.536,30,15,52534.1863212183,29469.0616045439,23065.124716674403,0,-43491.55891666661,13158.50983333337
2025.06.18_0.3_3,-12,performance,index=15.633482,633482.536,30,15,35388.18427637508,29666.40041128268,5721.783865092402,0,-17683.04996841947,8955.006000680236
2025.06.18_0.3_3,-12,equal,index=15.633482,633482.536,30,15,36086.02646360145,30192.37730169968,5893.649161901769,0,-18275.688777777777,5206.843166666672
2025.06.11_0.3_2,-12,RF,index=16.6.98E+05,698421.296,30,15,49111.578599037624,47502.39527065973,1609.1833283778979,0,39615.74358333335,43080.95816666669
2025.06.11_0.3_2,-12,Conformer,index=16.6.98E+05,698421.296,30,15,38727.77473453269,47449.173097915,-8721.398363382308,1,12978.304000000027,29806.10400000003
2025.06.11_0.3_2,-12,AlexNet,index=16.6.98E+05,698421.296,30,15,62146.27787690229,31313.6783184948,30832.59955840749,0,-51869.837666666666,20743.270666666693
2025.06.11_0.3_2,-12,performance,index=16.6.98E+05,698421.296,30,15,29549.038284600385,37511.058246960216,-7962.019962359831,1,-4967.283264867107,29573.403821698295
2025.06.11_0.3_2,-12,equal,index=16.6.98E+05,698421.296,30,15,27878.79229662826,36993.540063419714,-9114.747766791454,1,241.40330555554246,31210.110944444437
2025.06.18_0.3_3,-12,RF,index=16.709792,709792.7143,30,15,34567.84228835138,28672.997494332783,5894.844794018594,0,10370.379450000008,2026.181533333341
2025.06.18_0.3_3,-12,Conformer,index=16.709792,709792.7143,30,15,38005.991555744076,48194.05911519717,-10188.067559453091,1,16544.52945000001,40979.135700000006
2025.06.18_0.3_3,-12,AlexNet,index=16.709792,709792.7143,30,15,56991.70159116084,41446.25546667262,15545.446124488219,0,-44844.36221666668,30667.594033333342
2025.06.18_0.3_3,-12,performance,index=16.709792,709792.7143,30,15,30174.933494491594,36336.999575653026,-6162.0660811614325,1,-7177.725501937621,28961.45711971633
2025.06.18_0.3_3,-12,equal,index=16.709792,709792.7143,30,15,29029.455603698123,32943.83986671926,-3914.3842630211366,1,-5976.484438888915,24557.637088888867
2025.06.11_0.3_2,-12,RF,index=17.7.77E+05,776647.2223,30,15,15095.76415236491,14856.605579647428,239.15857271748246,0,-10980.361883333357,-11200.530633333356
2025.06.11_0.3_2,-12,Conformer,index=17.7.77E+05,776647.2223,30,15,33620.795411375446,33893.43067009094,-272.63525871549064,1,11304.88603333331,21343.99853333331
2025.06.11_0.3_2,-12,AlexNet,index=17.7.77E+05,776647.2223,30,15,74153.96915451651,25999.912641697174,48154.05651281934,0,-67989.18688333336,-2893.768133333356
2025.06.11_0.3_2,-12,performance,index=17.7.77E+05,776647.2223,30,15,32123.506162147718,19633.73126765876,12489.774894488957,0,-22406.253577388878,5927.046967216581
2025.06.11_0.3_2,-12,equal,index=17.7.77E+05,776647.2223,30,15,30195.826477414445,16732.00556918335,13463.820908231093,0,-22554.887577777856,2416.566588888814
2025.06.18_0.3_3,-12,RF,index=17.789500,789500.1968,30,15,40197.934991496564,53968.53985795589,-13770.604866459325,1,-19712.761383333367,-31330.0634666667
2025.06.18_0.3_3,-12,Conformer,index=17.789500,789500.1968,30,15,35658.44100965398,30964.57454111007,4693.866468543911,0,8323.644866666633,15436.978199999965
2025.06.18_0.3_3,-12,AlexNet,index=17.789500,789500.1968,30,15,77890.12408366914,26612.538289621156,51277.58579404799,0,-71202.0009666667,-9726.700966666702
2025.06.18_0.3_3,-12,performance,index=17.789500,789500.1968,30,15,37604.40946863776,25879.61785993587,11724.79160870189,0,-26705.728812163583,-3390.8425704727956
2025.06.18_0.3_3,-12,equal,index=17.789500,789500.1968,30,15,37737.20287971345,28888.07092532837,8849.131954385077,0,-27530.372494444542,-8539.928744444524
2025.06.11_0.3_2,-12,RF,index=18.8.59E+05,859343.9142,30,15,81753.15785734757,79074.51252041527,2678.645336932299,0,-81217.29753333333,-78763.28503333333
2025.06.11_0.3_2,-12,Conformer,index=18.8.59E+05,859343.9142,30,15,41083.33205393244,22068.19870780817,19015.133346124272,0,-24051.012116666665,-2819.551699999999
2025.06.11_0.3_2,-12,AlexNet,index=18.8.59E+05,859343.9142,30,15,108827.69265495833,39816.274667956066,69011.41798700226,0,-104906.79753333333,-35608.58086666666
2025.06.11_0.3_2,-12,performance,index=18.8.59E+05,859343.9142,30,15,69434.24958815238,33132.465686283576,36301.7839018688,0,-65814.66040740897,-30615.09176172605
2025.06.11_0.3_2,-12,equal,index=18.8.59E+05,859343.9142,30,15,72589.1753989048,40452.544608446595,32136.630790458206,0,-70058.36906111118,-39063.80586666674
2025.06.18_0.3_3,-12,RF,index=18.873637,873637.0359,30,15,75479.20822295577,72813.62242197289,2665.5858009828808,0,-74475.70256666669,-71553.74423333335
2025.06.18_0.3_3,-12,Conformer,index=18.873637,873637.0359,30,15,49354.817035859836,35456.82733267216,13897.989703187675,0,-37173.61715000002,-23481.356733333352
2025.06.18_0.3_3,-12,AlexNet,index=18.873637,873637.0359,30,15,122164.09284000815,54951.23992760238,67212.85291240577,0,-118115.48798333335,-50130.29423333335
2025.06.18_0.3_3,-12,performance,index=18.873637,873637.0359,30,15,78693.68416147624,47020.49089740438,31673.19326407186,0,-74707.38456448908,-43104.12023486556
2025.06.18_0.3_3,-12,equal,index=18.873637,873637.0359,30,15,79680.17782850875,51257.7388099602,28422.439018548546,0,-76588.26923333338,-48388.46506666675
2025.06.18_0.3_3,-16,RF,index=1.0,-1.42e-06,30,15,260998.97070793426,190597.73873495584,70401.23197297842,0,260976.3291680867,185033.2276055866
2025.06.18_0.3_3,-16,Conformer,index=1.0,-1.42e-06,30,15,183703.29132547812,142954.06263185866,40749.22869361946,0,182516.10468892005,141052.45520975336
2025.06.18_0.3_3,-16,AlexNet,index=1.0,-1.42e-06,30,15,160266.06058259122,112604.82459399133,47661.23598859989,0,159549.09323058667,111904.40885558669
2025.06.18_0.3_3,-16,performance,index=1.0,-1.42e-06,30,15,191207.80710139024,141500.4910060668,49707.31609532345,0,190967.9486572027,140583.62884793308
2025.06.18_0.3_3,-16,equal,index=1.0,-1.42e-06,30,15,201173.0246368774,147172.68389908303,54000.34073779438,0,201013.84236253105,145996.69722364223
2025.06.11_0.3_2,-16,RF,index=1.3.28E-04,0.000328047,30,15,259754.28887135064,192724.1878029445,67030.10106840613,0,259735.79602611958,187734.73404695294
2025.06.11_0.3_2,-16,Conformer,index=1.3.28E-04,0.000328047,30,15,176755.22474996574,136762.39644130226,39992.82830866348,0,175699.0720677863,135807.48560945303
2025.06.11_0.3_2,-16,AlexNet,index=1.3.28E-04,0.000328047,30,15,157621.2655846811,102965.23093146864,54656.03465321245,0,156763.15488028628,102184.30696361969
2025.06.11_0.3_2,-16,performance,index=1.3.28E-04,0.000328047,30,15,187086.6218024553,136096.01383368953,50990.60796876578,0,186817.93948845004,135526.28923754566
2025.06.11_0.3_2,-16,equal,index=1.3.28E-04,0.000328047,30,15,197579.34600580143,142851.69335058346,54727.65265521797,0,197399.34099139748,141908.84220667518
2025.06.11_0.3_2,-16,RF,index=5.1.11E+05,111264.7017,30,15,153985.0574932358,93584.81410049234,60400.24339274346,0,153377.49204999997,86211.26184166665
2025.06.11_0.3_2,-16,Conformer,index=5.1.11E+05,111264.7017,30,15,82186.25433678072,28386.824700849407,53799.429635931316,0,78852.41939374998,25363.27955
2025.06.11_0.3_2,-16,AlexNet,index=5.1.11E+05,111264.7017,30,15,40690.17992734544,16267.306480294526,24422.87344705091,0,38140.646737499985,-10140.769929166672
2025.06.11_0.3_2,-16,performance,index=5.1.11E+05,111264.7017,30,15,80910.24813218534,29018.81962084925,51891.42851133609,0,79985.90487413322,26374.324381990282
2025.06.11_0.3_2,-16,equal,index=5.1.11E+05,111264.7017,30,15,90805.09035164822,37107.815545706806,53697.274805941415,0,90123.51939374997,33811.257154166655
2025.06.18_0.3_3,-16,RF,index=5.113188,113188.2901,30,15,152470.76553383062,96052.14523384298,56418.62029998764,0,151880.01042083337,89528.56667083332
2025.06.18_0.3_3,-16,Conformer,index=5.113188,113188.2901,30,15,68878.16007925571,22687.76411050408,46190.39596875163,0,66386.6869833333,12517.70000416667
2025.06.18_0.3_3,-16,AlexNet,index=5.113188,113188.2901,30,15,41760.024125687625,11295.753508933181,30464.270616754446,0,37071.57812916666,2282.744795833335
2025.06.18_0.3_3,-16,performance,index=5.113188,113188.2901,30,15,74833.87667758812,29461.908235656854,45371.96844193127,0,74031.17206595471,25738.959269302824
2025.06.18_0.3_3,-16,equal,index=5.113188,113188.2901,30,15,85722.95109166969,38520.78147703367,47202.16961463602,0,85112.7585111111,34776.337156944435
2025.06.11_0.3_2,-16,RF,index=6.1.44E+05,144324.2618,30,15,116638.8728753857,65969.78580396059,50669.08707142511,0,116561.02934583332,54042.22309583334
2025.06.11_0.3_2,-16,Conformer,index=6.1.44E+05,144324.2618,30,15,42026.82604876204,16194.95928085417,25831.86676790787,0,36822.79445,-8124.580029166674
2025.06.11_0.3_2,-16,AlexNet,index=6.1.44E+05,144324.2618,30,15,18654.069308150367,43004.45667522042,-24350.387367070052,1,10312.655908333332,-41241.70034166666
2025.06.11_0.3_2,-16,performance,index=6.1.44E+05,144324.2618,30,15,45833.86066913284,13311.810772952005,32522.049896180833,0,44256.08676380671,-6005.361334448322
2025.06.11_0.3_2,-16,equal,index=6.1.44E+05,144324.2618,30,15,55499.46804519479,14737.662264124476,40761.80578107032,0,54565.49323472219,1558.647574999978
2025.06.18_0.3_3,-16,RF,index=6.146381,146381.6505,30,15,115090.8565913029,63294.91257213079,51795.944019172115,0,115020.81877083334,47681.69429166668
2025.06.18_0.3_3,-16,Conformer,index=6.146381,146381.6505,30,15,43181.15668149091,28342.531515407572,14838.625166083337,0,35871.536739583345,-21914.04581249999
2025.06.18_0.3_3,-16,AlexNet,index=6.146381,146381.6505,30,15,15490.75761000575,27990.91904235734,-12500.161432351588,1,10835.355229166678,-24602.73643749999
2025.06.18_0.3_3,-16,performance,index=6.146381,146381.6505,30,15,45340.097902048605,15968.384325100806,29371.713576947797,0,43716.26026876165,-7707.990856962437
2025.06.18_0.3_3,-16,equal,index=6.146381,146381.6505,30,15,54805.78270603419,16465.87430305602,38339.908402978166,0,53909.23691319443,388.30401388889004
2025.06.11_0.3_2,-16,RF,index=7.1.81E+05,181378.003,30,15,82881.36166060748,42916.20530087235,39965.15635973513,0,81693.45116666667,10684.800645833337
2025.06.11_0.3_2,-16,Conformer,index=7.1.81E+05,181378.003,30,15,28190.150618299107,47778.53522280515,-19588.38460450604,1,-5914.41367708333,-42868.76706250001
2025.06.11_0.3_2,-16,AlexNet,index=7.1.81E+05,181378.003,30,15,30207.23114641583,76274.6374103708,-46067.40626395497,1,-27470.020187500002,-74124.68997916668
2025.06.11_0.3_2,-16,performance,index=7.1.81E+05,181378.003,30,15,15264.617499515418,46463.51165895505,-31198.894159439635,1,5014.743619668153,-41981.70441031799
2025.06.11_0.3_2,-16,equal,index=7.1.81E+05,181378.003,30,15,20465.02144047563,41670.384987877456,-21205.363547401827,1,16103.005767361097,-35436.21879861112
2025.06.18_0.3_3,-16,RF,index=7.184190,184190.9699,30,15,79995.08804932632,43255.54646025285,36739.54158907347,0,78832.52020416669,97.13582916667025
2025.06.18_0.3_3,-16,Conformer,index=7.184190,184190.9699,30,15,22423.67437693507,54741.51382602807,-32317.839449093004,1,-11100.209222916668,-46712.18240000001
2025.06.18_0.3_3,-16,AlexNet,index=7.184190,184190.9699,30,15,36047.740956361085,66677.27536573586,-30629.53440937477,1,-31834.463389583336,-65072.65583750001
2025.06.18_0.3_3,-16,performance,index=7.184190,184190.9699,30,15,11338.697062933548,47940.442118701794,-36601.745055768246,1,627.3513216600453,-42853.59250818714
2025.06.18_0.3_3,-16,equal,index=7.184190,184190.9699,30,15,16067.078412073595,43859.38829976733,-27792.309887693733,1,11965.94919722221,-37229.23413611112
2025.06.11_0.3_2,-16,RF,index=3.2.10E+04,20979.71604,30,15,242236.3243290301,171554.2231534933,70682.10117553678,0,242075.54177249994,168575.0667725
2025.06.11_0.3_2,-16,Conformer,index=3.2.10E+04,20979.71604,30,15,150609.55027423787,113323.0602648066,37286.490009431276,0,148614.19229333333,112244.91312666664
2025.06.11_0.3_2,-16,AlexNet,index=3.2.10E+04,20979.71604,30,15,130049.88683521839,81847.81629760622,48202.07053761218,0,127255.33526208336,81327.02198083332
2025.06.11_0.3_2,-16,performance,index=3.2.10E+04,20979.71604,30,15,161218.3348446289,114336.20563018226,46882.12921444664,0,160870.8294550167,113851.98498100547
2025.06.11_0.3_2,-16,equal,index=3.2.10E+04,20979.71604,30,15,172906.73662028724,121389.76773806896,51516.96888221828,0,172648.35644263888,120715.66729333332
2025.06.18_0.3_3,-16,RF,index=3.21242,21242.86319,30,15,241040.89414836446,169141.49393191558,71899.40021644888,0,240888.80608083334,167465.64514333336
2025.06.18_0.3_3,-16,Conformer,index=3.21242,21242.86319,30,15,160994.45699940575,112741.9810491045,48252.47595030125,0,159565.25035166665,110983.8112891667
2025.06.18_0.3_3,-16,AlexNet,index=3.21242,21242.86319,30,15,144024.04784924834,92195.50440397263,51828.5434452757,0,141015.67483083333,91377.04774750002
2025.06.18_0.3_3,-16,performance,index=3.21242,21242.86319,30,15,170773.6296045576,116942.30412019257,53831.32548436502,0,170243.04301770075,116516.47792391804
2025.06.18_0.3_3,-16,equal,index=3.21242,21242.86319,30,15,180889.4124116363,123699.99155895827,57189.42085267803,0,180489.91042111107,123275.50139333331
2025.06.11_0.3_2,-16,RF,index=8.2.22E+05,221505.1102,30,15,41962.69104186855,49640.2884849908,-7677.597443122249,1,41087.694487500004,-27770.662804166663
2025.06.11_0.3_2,-16,Conformer,index=8.2.22E+05,221505.1102,30,15,40850.422250748416,84998.05345920408,-44147.63120845566,1,-35384.55186666666,-82881.0852
2025.06.11_0.3_2,-16,AlexNet,index=8.2.22E+05,221505.1102,30,15,67663.6418022512,109643.05658968269,-41979.414787431495,1,-64910.067231249996,-108971.74665833333
2025.06.11_0.3_2,-16,performance,index=8.2.22E+05,221505.1102,30,15,31422.91913868274,81173.48701952789,-49750.56788084515,1,-29752.04470509359,-79877.95932957498
2025.06.11_0.3_2,-16,equal,index=8.2.22E+05,221505.1102,30,15,21726.126946347482,75312.18110624957,-53586.05415990209,1,-19735.64153680557,-73207.83155416668
2025.06.18_0.3_3,-16,RF,index=8.225704,225704.9618,30,15,38282.86575496785,52578.52860255971,-14295.662847591862,1,37257.94288750002,-8937.559716666658
2025.06.18_0.3_3,-16,Conformer,index=8.225704,225704.9618,30,15,42166.94147938018,79950.33258173577,-37783.39110235559,1,-34981.61388333331,-78037.7920083333
2025.06.18_0.3_3,-16,AlexNet,index=8.225704,225704.9618,30,15,66904.19499360894,108373.42112811493,-41469.226134505996,1,-65441.638102083314,-106177.89304999997
2025.06.18_0.3_3,-16,performance,index=8.225704,225704.9618,30,15,32571.053376273478,75588.41984707734,-43017.36647080386,1,-30598.063818709834,-72698.32966590468
2025.06.18_0.3_3,-16,equal,index=8.225704,225704.9618,30,15,23018.052447535265,69114.58539211209,-46096.53294457682,1,-21055.103032638886,-64384.414925000005
2025.06.11_0.3_2,-16,RF,index=2.2.36E+03,2355.33535,30,15,259678.81846697401,209164.82559797322,50513.992869000795,0,259642.3719416666,200701.6594416667
2025.06.11_0.3_2,-16,Conformer,index=2.2.36E+03,2355.33535,30,15,174015.1357917137,133212.62753091246,40802.50826080123,0,172470.08261874996,132691.2120458333
2025.06.11_0.3_2,-16,AlexNet,index=2.2.36E+03,2355.33535,30,15,145590.49272468156,105029.15080583842,40561.34191884314,0,144786.60136875,104287.5537125
2025.06.11_0.3_2,-16,performance,index=2.2.36E+03,2355.33535,30,15,181490.1700961945,138685.5994387001,42804.57065749439,0,181070.0414372142,137703.03518628457
2025.06.11_0.3_2,-16,equal,index=2.2.36E+03,2355.33535,30,15,192574.79385453952,147600.40639919162,44974.387455347896,0,192299.68530972218,145893.4750666666
2025.06.18_0.3_3,-16,RF,index=2.2380,2380.025286,30,15,258398.07553195313,190491.01666257193,67907.0588693812,0,258359.24450566663,185220.4096098333
2025.06.18_0.3_3,-16,Conformer,index=2.2380,2380.025286,30,15,175001.1595833214,134999.087864502,40002.07171881938,0,174034.97315149996,134182.44398483334
2025.06.18_0.3_3,-16,AlexNet,index=2.2380,2380.025286,30,15,157749.7403285446,110127.8469606528,47621.89336789181,0,157153.11481816662,109239.01533899999
2025.06.18_0.3_3,-16,performance,index=2.2380,2380.025286,30,15,186250.96996144846,137528.08946502802,48722.88049642043,0,185964.9500086589,136694.95512169693
2025.06.18_0.3_3,-16,equal,index=2.2380,2380.025286,30,15,196706.35200879083,144122.91148722943,52583.440521561395,0,196515.77749177773,142880.62297788888
2025.06.11_0.3_2,-16,RF,index=9.2.67E+05,266907.6965,30,15,39201.12894759673,61727.05089829008,-22525.92195069335,1,21059.855062499977,11331.19412499998
2025.06.11_0.3_2,-16,Conformer,index=9.2.67E+05,266907.6965,30,15,70008.89667596538,86827.60458032845,-16818.707904363066,1,-55400.8412916667,-61864.70587500003
2025.06.11_0.3_2,-16,AlexNet,index=9.2.67E+05,266907.6965,30,15,94797.87907666316,119145.42016003505,-24347.541083371892,1,-87726.4709791667,-89240.23556250005
2025.06.11_0.3_2,-16,performance,index=9.2.67E+05,266907.6965,30,15,61939.33932911311,83957.31392278396,-22017.97459367085,1,-50792.43504788742,-55371.65313758698
2025.06.11_0.3_2,-16,equal,index=9.2.67E+05,266907.6965,30,15,53209.20482914539,77521.20163895705,-24311.99680981166,1,-40689.152402777814,-46591.24910416669
2025.06.18_0.3_3,-16,RF,index=9.271677,271677.6816,30,15,25259.442622310882,88069.38266762652,-62809.940045315634,1,2262.0517333333223,-70912.01753750001
2025.06.18_0.3_3,-16,Conformer,index=9.271677,271677.6816,30,15,83725.59914047994,123071.21815477843,-39345.619014298485,1,-78236.74149583332,-118054.31441250001
2025.06.18_0.3_3,-16,AlexNet,index=9.271677,271677.6816,30,15,99628.3105836365,145487.3747596719,-45859.06417603539,1,-94161.61909999997,-140596.23576666668
2025.06.18_0.3_3,-16,performance,index=9.271677,271677.6816,30,15,71175.49447861205,121532.67302015299,-50357.17854154094,1,-66778.25532282553,-115562.33455826688
2025.06.18_0.3_3,-16,equal,index=9.271677,271677.6816,30,15,61656.101727065376,116746.54069318461,-55090.43896611923,1,-56712.102954166694,-109854.18923888892
2025.06.11_0.3_2,-16,RF,index=10.3.15E+05,315466.1173,30,15,30083.281234680227,37209.20979709864,-7125.928562418416,1,13087.04884583335,8894.992075000016
2025.06.11_0.3_2,-16,Conformer,index=10.3.15E+05,315466.1173,30,15,67600.79603283585,100932.91418353385,-33332.11815069801,1,-37023.443341666665,-61890.993341666675
2025.06.11_0.3_2,-16,AlexNet,index=10.3.15E+05,315466.1173,30,15,88702.7233247339,125551.14610588703,-36848.42278115313,1,-69091.56990416667,-92283.32719583335
2025.06.11_0.3_2,-16,performance,index=10.3.15E+05,315466.1173,30,15,60660.59173322664,89743.57628891616,-29082.984555689516,1,-37973.76060355547,-56960.10298708822
2025.06.11_0.3_2,-16,equal,index=10.3.15E+05,315466.1173,30,15,53169.90551599466,79749.01033618771,-26579.104820193053,1,-31009.321466666668,-48426.442820833334
2025.06.18_0.3_3,-16,RF,index=10.322114,322114.2428,30,15,57754.62220651852,126680.60867661312,-68925.98647009459,1,-36324.62457083334,-98010.57561250003
2025.06.18_0.3_3,-16,Conformer,index=10.322114,322114.2428,30,15,120979.8230160002,150002.2134587709,-29022.390442770688,1,-111895.23967500003,-142636.83915416672
2025.06.18_0.3_3,-16,AlexNet,index=10.322114,322114.2428,30,15,140306.3731472992,181118.60792411587,-40812.23477681668,1,-130898.65842500003,-174336.96780000007
2025.06.18_0.3_3,-16,performance,index=10.322114,322114.2428,30,15,110557.03047576525,152948.40606645087,-42391.375590685624,1,-102617.15885786702,-143843.59916032327
2025.06.18_0.3_3,-16,equal,index=10.322114,322114.2428,30,15,101192.3331795161,149004.34167427773,-47812.00849476163,1,-93039.50755694446,-138328.1275222222
2025.06.11_0.3_2,-16,RF,index=11.3.69E+05,368978.105,30,15,53564.63200516107,48947.652169544774,4616.979835616294,0,33970.28875000002,21124.401250000017
2025.06.11_0.3_2,-16,Conformer,index=11.3.69E+05,368978.105,30,15,37333.08546339083,34901.20717115684,2431.8782922339888,0,32023.097083333352,8815.015833333351
2025.06.11_0.3_2,-16,AlexNet,index=11.3.69E+05,368978.105,30,15,33548.466589390315,35666.69604731833,-2118.2294579280133,1,-23289.129999999983,-5005.677916666648
2025.06.11_0.3_2,-16,performance,index=11.3.69E+05,368978.105,30,15,26476.109942616622,34847.86401236765,-8371.75406975103,1,12260.115236663545,6735.03336520883
2025.06.11_0.3_2,-16,equal,index=11.3.69E+05,368978.105,30,15,29648.88240875351,36054.00035991524,-6405.11795116173,1,14234.751944444437,8311.246388888887
2025.06.18_0.3_3,-16,RF,index=11.376320,376320.1201,30,15,61374.616974047516,49607.41104734345,11767.205926704068,0,-55186.03624583332,-47336.38259999999
2025.06.18_0.3_3,-16,Conformer,index=11.376320,376320.1201,30,15,106868.57408452543,81020.75969366533,25847.814390860105,0,-81242.51645416666,-60820.90551666664
2025.06.18_0.3_3,-16,AlexNet,index=11.376320,376320.1201,30,15,129562.84819423807,90695.56750765699,38867.280686581085,0,-113383.35525624998,-69825.37114166663
2025.06.18_0.3_3,-16,performance,index=11.376320,376320.1201,30,15,103080.34340727882,75254.09673952381,27826.24666775501,0,-87379.4548972602,-60987.933317314804
2025.06.18_0.3_3,-16,equal,index=11.376320,376320.1201,30,15,96912.15412349119,71157.72335633912,25754.430767152066,0,-83270.63598541668,-59327.55308611112
2025.06.11_0.3_2,-16,RF,index=12.4.27E+05,427276.195,30,15,31830.235663350308,34975.29858255652,-3145.0629192062115,1,30795.804999999982,33239.407083333324
2025.06.11_0.3_2,-16,Conformer,index=12.4.27E+05,427276.195,30,15,37563.545778853164,39516.77120261657,-1953.2254237634043,1,32283.341458333314,33903.12999999999
2025.06.11_0.3_2,-16,AlexNet,index=12.4.27E+05,427276.195,30,15,26999.108868462157,34299.62671777739,-7300.517849315234,1,-9780.476250000007,24038.38416666666
2025.06.11_0.3_2,-16,performance,index=12.4.27E+05,427276.195,30,15,23179.187669937677,35284.71501308564,-12105.527343147962,1,16617.2273076331,30363.966607120994
2025.06.11_0.3_2,-16,equal,index=12.4.27E+05,427276.195,30,15,22926.354813828955,34662.62803388537,-11736.273220056413,1,17766.22340277774,30393.640416666636
2025.06.18_0.3_3,-16,RF,index=12.434018,434018.0833,30,15,29629.259180802237,48769.87311269299,-19140.613931890755,1,10953.715658333334,-25547.424966666666
2025.06.18_0.3_3,-16,Conformer,index=12.434018,434018.0833,30,15,26770.116812555523,42718.189049184155,-15948.072236628632,1,14303.073991666668,-14236.697883333332
2025.06.18_0.3_3,-16,AlexNet,index=12.434018,434018.0833,30,15,35838.38884277898,35442.99603942784,395.3928033511402,0,-24831.20517500001,-21365.768716666666
2025.06.18_0.3_3,-16,performance,index=12.434018,434018.0833,30,15,20627.164793918622,39506.09189623698,-18878.92710231836,1,-693.5964615414812,-19149.25140183004
2025.06.18_0.3_3,-16,equal,index=12.434018,434018.0833,30,15,20780.203165947336,40194.60745539702,-19414.40428944968,1,141.8614916666314,-20383.29718888891
2025.06.11_0.3_2,-16,RF,index=13.4.89E+05,489453.9981,30,15,32799.88039461111,21807.01005271398,10992.870341897127,0,14606.561274999975,9685.91856666664
2025.06.11_0.3_2,-16,Conformer,index=13.4.89E+05,489453.9981,30,15,27129.160602586373,20868.610119383127,6260.550483203246,0,16681.773774999972,6799.353983333307
2025.06.11_0.3_2,-16,AlexNet,index=13.4.89E+05,489453.9981,30,15,37954.647886562525,24492.95297498654,13461.694911575985,0,-29073.33351666668,6545.164399999974
2025.06.11_0.3_2,-16,performance,index=13.4.89E+05,489453.9981,30,15,20645.75204413165,19262.97395843353,1382.778085698119,0,-457.17822870220795,7339.467146049968
2025.06.11_0.3_2,-16,equal,index=13.4.89E+05,489453.9981,30,15,21221.298470391266,19465.257554238775,1756.0409161524913,0,738.3338444443827,7676.812316666602
2025.06.18_0.3_3,-16,RF,index=13.496023,496023.3525,30,15,29359.403388953888,28322.282823273672,1037.1205656802158,0,-9417.951458333313,-16883.137916666645
2025.06.18_0.3_3,-16,Conformer,index=13.496023,496023.3525,30,15,31398.053188549227,28041.892334783453,3356.160853765774,0,10601.702708333354,933.7329166666876
2025.06.18_0.3_3,-16,AlexNet,index=13.496023,496023.3525,30,15,45200.918037856856,23419.172798388765,21781.74523946809,0,-37568.05770833333,-9556.748333333313
2025.06.18_0.3_3,-16,performance,index=13.496023,496023.3525,30,15,27057.329261898893,22510.310031612702,4547.019230286191,0,-11267.69737081674,-6550.1684601847855
2025.06.18_0.3_3,-16,equal,index=13.496023,496023.3525,30,15,27156.408050982987,22464.140727593218,4692.267323389769,0,-12128.10215277779,-8502.051111111126
2025.06.11_0.3_2,-16,RF,index=14.5.54E+05,554196.3218,30,15,43825.508343754904,33563.582952621684,10261.92539113322,0,13275.041741666633,-1745.4405500000344
2025.06.11_0.3_2,-16,Conformer,index=14.5.54E+05,554196.3218,30,15,38976.81215348161,34402.635700822066,4574.176452659543,0,17056.9209083333,7341.176116666632
2025.06.11_0.3_2,-16,AlexNet,index=14.5.54E+05,554196.3218,30,15,47567.70754164908,33156.97261378675,14410.73492786233,0,-37721.65200833337,-4903.553050000034
2025.06.11_0.3_2,-16,performance,index=14.5.54E+05,554196.3218,30,15,29944.938376243957,30735.648388956666,-790.7100127127087,1,-3740.3632643538276,1151.6783684738136
2025.06.11_0.3_2,-16,equal,index=14.5.54E+05,554196.3218,30,15,30126.904772201826,30730.26085664992,-603.3560844480926,1,-2463.2297861111874,230.7275055554773
2025.06.18_0.3_3,-16,RF,index=14.562158,562158.7854,30,15,30138.18417754154,18214.245479631638,11923.938697909904,0,-18245.136441666717,-13264.014566666718
2025.06.18_0.3_3,-16,Conformer,index=14.562158,562158.7854,30,15,35977.14695075742,27281.257848306315,8695.889102451107,0,12677.670849999948,12363.777099999948
2025.06.18_0.3_3,-16,AlexNet,index=14.562158,562158.7854,30,15,45953.41092633143,23166.590320724317,22786.820605607114,0,-32269.966650000053,9874.268766666615
2025.06.18_0.3_3,-16,performance,index=14.562158,562158.7854,30,15,31107.114830891263,19174.786256223535,11932.328574667728,0,-10355.091905961664,5935.102295327194
2025.06.18_0.3_3,-16,equal,index=14.562158,562158.7854,30,15,30564.283842862915,17130.341172648135,13433.94267021478,0,-12612.477413888973,2991.3437666665686
2025.06.11_0.3_2,-16,RF,index=4.5.76E+04,57593.31665,30,15,207354.97789165354,115845.64998186781,91509.32790978573,0,206908.9849124999,112155.67605833337
2025.06.11_0.3_2,-16,Conformer,index=4.5.76E+04,57593.31665,30,15,130792.60613976732,78110.61703737287,52681.98910239445,0,128569.00053750002,76215.67397500001
2025.06.11_0.3_2,-16,AlexNet,index=4.5.76E+04,57593.31665,30,15,95339.11804503964,45258.00986433451,50081.10818070512,0,92731.78777708336,44110.35887083333
2025.06.11_0.3_2,-16,performance,index=4.5.76E+04,57593.31665,30,15,132875.72985509742,74008.47905229894,58867.25080279849,0,132299.3506831492,72980.92635996173
2025.06.11_0.3_2,-16,equal,index=4.5.76E+04,57593.31665,30,15,143154.7857250528,78676.4589483395,64478.32677671329,0,142736.59107569445,77493.90296805555
2025.06.18_0.3_3,-16,RF,index=4.58389,58389.85471,30,15,205579.29081698414,121179.11773347661,84400.17308350753,0,205119.6614358334,116808.86247749999
2025.06.18_0.3_3,-16,Conformer,index=4.58389,58389.85471,30,15,130848.6250279163,85030.97484919478,45817.650178721524,0,128765.95310249999,81940.16456083332
2025.06.18_0.3_3,-16,AlexNet,index=4.58389,58389.85471,30,15,110718.65662141875,50382.15961408361,60336.497007335136,0,106644.94789416666,48672.99268583334
2025.06.18_0.3_3,-16,performance,index=4.58389,58389.85471,30,15,137746.4139502796,78908.58777026473,58837.82618001486,0,137074.57083011963,78072.65457109464
2025.06.18_0.3_3,-16,equal,index=4.58389,58389.85471,30,15,147359.14011202904,83457.77099792655,63901.36911410249,0,146843.52081083332,82474.00657472221
2025.06.11_0.3_2,-16,RF,index=15.6.24E+05,624442.5514,30,15,61154.51872237639,49783.749309222156,11370.769413154238,0,44474.22151666667,36935.49443333333
2025.06.11_0.3_2,-16,Conformer,index=15.6.24E+05,624442.5514,30,15,37510.92480327537,37787.47201340296,-276.54721012759546,1,6129.379850000003,15998.394433333337
2025.06.11_0.3_2,-16,AlexNet,index=15.6.24E+05,624442.5514,30,15,56379.87095510996,41535.27821626494,14844.592738845022,0,-47410.95973333333,7570.244433333337
2025.06.11_0.3_2,-16,performance,index=15.6.24E+05,624442.5514,30,15,31446.034050124465,35764.733788373145,-4318.699738248681,1,-5179.065539141081,17650.021957304165
2025.06.11_0.3_2,-16,equal,index=15.6.24E+05,624442.5514,30,15,31256.106350747683,36110.45913497792,-4854.352784230239,1,1064.2138777777513,20168.044433333296
2025.06.18_0.3_3,-16,RF,index=15.633482,633482.536,30,15,43495.59540336942,44587.803300150335,-1092.2078967809139,1,-14300.65266666663,-15172.331833333297
2025.06.18_0.3_3,-16,Conformer,index=15.633482,633482.536,30,15,38184.95423097026,34685.38276185817,3499.5714691120884,0,7964.936916666703,19648.001500000035
2025.06.18_0.3_3,-16,AlexNet,index=15.633482,633482.536,30,15,49968.600148407335,29968.1385155064,20000.461632900933,0,-40716.21099999996,14543.60983333337
2025.06.18_0.3_3,-16,performance,index=15.633482,633482.536,30,15,33969.15596143076,29713.513191329246,4255.642770101516,0,-14572.843603968453,10320.818701509534
2025.06.18_0.3_3,-16,equal,index=15.633482,633482.536,30,15,34872.72699280975,30021.19490004287,4851.532092766884,0,-15683.975583333331,6339.759833333315
2025.06.11_0.3_2,-16,RF,index=16.6.98E+05,698421.296,30,15,49075.16341696214,47489.63977008763,1585.523646874506,0,39610.85816666669,43061.679000000026
2025.06.11_0.3_2,-16,Conformer,index=16.6.98E+05,698421.296,30,15,40937.97871112125,48727.727497283435,-7789.748786162185,1,16319.654000000028,32159.69983333336
2025.06.11_0.3_2,-16,AlexNet,index=16.6.98E+05,698421.296,30,15,60540.422484241186,32525.45961236902,28014.962871872165,0,-49723.962666666666,22073.083166666693
2025.06.11_0.3_2,-16,performance,index=16.6.98E+05,698421.296,30,15,29711.12767132464,38704.12782808287,-8993.00015675823,1,-2779.940913807985,31058.769467533482
2025.06.11_0.3_2,-16,equal,index=16.6.98E+05,698421.296,30,15,28273.8154561018,38060.229947550535,-9786.414491448737,1,2068.8498333333137,32431.487333333313
2025.06.18_0.3_3,-16,RF,index=16.709792,709792.7143,30,15,34552.438996666424,28634.294333573056,5918.144663093368,0,10395.066950000008,1928.8398666666742
2025.06.18_0.3_3,-16,Conformer,index=16.709792,709792.7143,30,15,39770.11700031712,49068.00103456033,-9297.884034243209,1,19765.535700000008,42339.89820000001
2025.06.18_0.3_3,-16,AlexNet,index=16.709792,709792.7143,30,15,55667.800087825664,42077.659967632135,13590.14012019353,0,-42980.95388333335,32221.814866666675
2025.06.18_0.3_3,-16,performance,index=16.709792,709792.7143,30,15,30057.03015828213,36845.25188737302,-6788.221729090892,1,-5137.717251388411,30071.778881884577
2025.06.18_0.3_3,-16,equal,index=16.709792,709792.7143,30,15,29023.942771882736,33255.78831163809,-4231.845539755355,1,-4273.450411111151,25496.85097777775
2025.06.11_0.3_2,-16,RF,index=17.7.77E+05,776647.2223,30,15,15095.76415236491,14856.605579647428,239.15857271748246,0,-10980.361883333357,-11200.530633333356
2025.06.11_0.3_2,-16,Conformer,index=17.7.77E+05,776647.2223,30,15,34701.58662974572,32625.584425145866,2076.002204599852,0,13098.415199999978,20602.61103333331
2025.06.11_0.3_2,-16,AlexNet,index=17.7.77E+05,776647.2223,30,15,73285.96363656007,26078.79107262684,47207.172563933236,0,-67112.74313333335,-2266.05146666669
2025.06.11_0.3_2,-16,performance,index=17.7.77E+05,776647.2223,30,15,31429.032804035618,19266.82641761305,12162.206386422567,0,-21332.073285742874,5818.014352977019
2025.06.11_0.3_2,-16,equal,index=17.7.77E+05,776647.2223,30,15,29561.78081101006,16505.46125976678,13056.31955124328,0,-21664.896605555627,2378.6763111110236
2025.06.18_0.3_3,-16,RF,index=17.789500,789500.1968,30,15,40211.51167418186,53854.207014733896,-13642.69534055204,1,-19685.667633333367,-31243.9634666667
2025.06.18_0.3_3,-16,Conformer,index=17.789500,789500.1968,30,15,36664.7086526156,31599.733302588487,5064.975350027111,0,10542.9115333333,17407.103199999965
2025.06.18_0.3_3,-16,AlexNet,index=17.789500,789500.1968,30,15,76589.0373741587,25747.558548700068,50841.47882545863,0,-69728.70305000004,-8692.684300000034
2025.06.18_0.3_3,-16,performance,index=17.789500,789500.1968,30,15,36638.27575521741,25387.72058045695,11250.555174760459,0,-25228.896492432406,-2152.4906239015827
2025.06.18_0.3_3,-16,equal,index=17.789500,789500.1968,30,15,36890.12303845319,28321.308306606315,8568.814731846873,0,-26290.48638333342,-7509.84818888898
2025.06.11_0.3_2,-16,RF,index=18.8.59E+05,859343.9142,30,15,81720.31070132236,79074.51252041527,2645.7981809070916,0,-81187.84128333333,-78763.28503333333
2025.06.11_0.3_2,-16,Conformer,index=18.8.59E+05,859343.9142,30,15,39917.617940422206,22111.1447032539,17806.473237168306,0,-21871.405866666664,-3206.1600333333326
2025.06.11_0.3_2,-16,AlexNet,index=18.8.59E+05,859343.9142,30,15,107677.85339965718,39852.219741762856,67825.63365789433,0,-103724.65378333333,-35532.0392
2025.06.11_0.3_2,-16,performance,index=18.8.59E+05,859343.9142,30,15,68114.90021550535,33243.922031865455,34870.97818363989,0,-64460.2313322413,-30758.25595899492
2025.06.11_0.3_2,-16,equal,index=18.8.59E+05,859343.9142,30,15,71465.56182922753,40543.80615219636,30921.75567703117,0,-68927.96697777783,-39167.16142222229
2025.06.18_0.3_3,-16,RF,index=18.873637,873637.0359,30,15,75479.20822295577,72813.62242197289,2665.5858009828808,0,-74475.70256666669,-71553.74423333335
2025.06.18_0.3_3,-16,Conformer,index=18.873637,873637.0359,30,15,48257.773176920375,34777.41507947588,13480.358097444492,0,-35719.43590000002,-23005.077566666685
2025.06.18_0.3_3,-16,AlexNet,index=18.873637,873637.0359,30,15,120870.85263588221,54506.84222470758,66364.01041117463,0,-116839.96715000001,-49370.39423333335
2025.06.18_0.3_3,-16,performance,index=18.873637,873637.0359,30,15,77651.06981882376,46650.44521377366,31000.6246050501,0,-73630.3401617535,-42633.787156798804
2025.06.18_0.3_3,-16,equal,index=18.873637,873637.0359,30,15,78791.0342159865,50928.03173981157,27863.002476174923,0,-75678.36853888897,-47976.40534444452
2025.06.18_0.3_3,-20,RF,index=1.0,-1.42e-06,30,15,286264.4263145416,288686.5126573071,-2422.086342765484,1,285331.58854308666,284962.75729308656
2025.06.18_0.3_3,-20,Conformer,index=1.0,-1.42e-06,30,15,205019.38010265704,160914.59085319578,44104.78924946126,0,203819.92343892006,159303.97187642
2025.06.18_0.3_3,-20,AlexNet,index=1.0,-1.42e-06,30,15,150953.89263533728,134963.7720178011,15990.120617536188,0,150075.89297016998,134714.18645975334
2025.06.18_0.3_3,-20,performance,index=1.0,-1.42e-06,30,15,202004.74430092826,179123.8713912876,22880.87290964066,0,201697.35392575958,178162.06920027424
2025.06.18_0.3_3,-20,equal,index=1.0,-1.42e-06,30,15,213389.31362207409,194183.6793074236,19205.634314650495,0,213075.80165072557,192993.63854308662
2025.06.11_0.3_2,-20,RF,index=1.3.28E-04,0.000328047,30,15,288328.2810296634,295793.8236320196,-7465.542602356174,1,287365.3132136196,292776.02050528623
2025.06.11_0.3_2,-20,Conformer,index=1.3.28E-04,0.000328047,30,15,204588.90891093787,157466.69789101798,47122.211019919894,0,203249.8626927863,156909.67571361965
2025.06.11_0.3_2,-20,AlexNet,index=1.3.28E-04,0.000328047,30,15,149119.4166959071,128863.57005867068,20255.84663723642,0,148257.6725886196,128333.48977611968
2025.06.11_0.3_2,-20,performance,index=1.3.28E-04,0.000328047,30,15,201594.4412372657,177162.4003037472,24432.040933518496,0,201230.46827352725,176615.19483464392
2025.06.11_0.3_2,-20,equal,index=1.3.28E-04,0.000328047,30,15,213329.30915486562,193469.8646290246,19859.444525841012,0,212957.61616500854,192673.06199834184
2025.06.11_0.3_2,-20,RF,index=5.1.11E+05,111264.7017,30,15,187463.02283078185,193078.89137316364,-5615.868542381795,1,185731.21600833331,191421.2097583333
2025.06.11_0.3_2,-20,Conformer,index=5.1.11E+05,111264.7017,30,15,106757.13701550818,50388.76717049994,56368.369845008245,0,102517.32590416663,49195.36809166668
2025.06.11_0.3_2,-20,AlexNet,index=5.1.11E+05,111264.7017,30,15,38530.1648872072,20618.068582279913,17912.096304927283,0,33353.520175,17229.22434166666
2025.06.11_0.3_2,-20,performance,index=5.1.11E+05,111264.7017,30,15,97115.93416872428,69643.25284994993,27472.681318774354,0,95134.00629505217,69116.93238315897
2025.06.11_0.3_2,-20,equal,index=5.1.11E+05,111264.7017,30,15,108909.62042444028,86587.14948277475,22322.470941665524,0,107200.68736249999,85948.60073055554
2025.06.18_0.3_3,-20,RF,index=5.113188,113188.2901,30,15,185432.5850553107,192057.2158943834,-6624.630839072721,1,183650.3000041667,190357.0338583334
2025.06.18_0.3_3,-20,Conformer,index=5.113188,113188.2901,30,15,95042.78009169699,48143.97250251102,46898.80758918597,0,91154.97083750003,44135.28958750001
2025.06.18_0.3_3,-20,AlexNet,index=5.113188,113188.2901,30,15,38054.27495223942,25840.060045749076,12214.214906490346,0,32444.349483333335,21599.658858333343
2025.06.18_0.3_3,-20,performance,index=5.113188,113188.2901,30,15,91020.99635334814,69315.14599786453,21705.850355483606,0,89576.5652266271,68171.0548606903
2025.06.18_0.3_3,-20,equal,index=5.113188,113188.2901,30,15,103623.39055262435,86353.14320726934,17270.247345355005,0,102416.54010833331,85363.99410138887
2025.06.11_0.3_2,-20,RF,index=6.1.44E+05,144324.2618,30,15,145629.12248039502,159595.72530110992,-13966.602820714907,1,143855.63976249995,154915.47569999998
2025.06.11_0.3_2,-20,Conformer,index=6.1.44E+05,144324.2618,30,15,64979.71491397971,22338.745968993044,42640.96894498667,0,60312.453304166665,11490.482470833325
2025.06.11_0.3_2,-20,AlexNet,index=6.1.44E+05,144324.2618,30,15,16059.18844413222,18385.36801394232,-2326.1795698100996,1,2336.3655437499924,-14790.19513333334
2025.06.11_0.3_2,-20,performance,index=6.1.44E+05,144324.2618,30,15,59122.795345316204,37403.68611203985,21719.10923327635,0,57081.61954669947,33629.36249616857
2025.06.11_0.3_2,-20,equal,index=6.1.44E+05,144324.2618,30,15,70431.42703983185,53802.60897580207,16628.81806402978,0,68834.81953680553,50538.587679166645
2025.06.18_0.3_3,-20,RF,index=6.146381,146381.6505,30,15,145662.65998093024,156431.88016498627,-10769.22018405603,1,143916.80835416671,152160.43595833334
2025.06.18_0.3_3,-20,Conformer,index=6.146381,146381.6505,30,15,64253.50765266854,15239.252204830476,49014.25544783806,0,58821.43491666668,3742.699500000011
2025.06.18_0.3_3,-20,AlexNet,index=6.146381,146381.6505,30,15,12095.833030046517,16201.829474679964,-4105.996444633447,1,5766.745333333344,-10494.64112499999
2025.06.18_0.3_3,-20,performance,index=6.146381,146381.6505,30,15,59447.49126485294,33711.14576987933,25736.34549497361,0,57719.15269278372,31111.68973059592
2025.06.18_0.3_3,-20,equal,index=6.146381,146381.6505,30,15,70822.22044468138,50890.21721016234,19932.00323451905,0,69501.66286805556,48469.498111111105
2025.06.11_0.3_2,-20,RF,index=7.1.81E+05,181378.003,30,15,111210.68746825193,123622.58356134954,-12411.896093097617,1,108790.41366666667,120881.25325
2025.06.11_0.3_2,-20,Conformer,index=7.1.81E+05,181378.003,30,15,34356.35746892634,30759.270728526044,3597.0867404002965,0,19029.39283333333,-21608.151437500004
2025.06.11_0.3_2,-20,AlexNet,index=7.1.81E+05,181378.003,30,15,41782.39518275329,53488.539030199616,-11706.143847446328,1,-38072.57826041667,-52130.36081250001
2025.06.11_0.3_2,-20,performance,index=7.1.81E+05,181378.003,30,15,24757.321500074395,14501.716940268701,10255.604559805693,0,17451.337410684628,-1132.3676319136148
2025.06.11_0.3_2,-20,equal,index=7.1.81E+05,181378.003,30,15,34334.120714269295,21661.92913046387,12672.191583805426,0,29915.74274652777,15714.24699999999
2025.06.18_0.3_3,-20,RF,index=7.184190,184190.9699,30,15,105778.50215753225,120361.0737258977,-14582.571568365456,1,103203.16812083336,117572.51760000004
2025.06.18_0.3_3,-20,Conformer,index=7.184190,184190.9699,30,15,30951.657016284862,35565.887371561825,-4614.230355276963,1,10053.381141666669,-22936.179795833345
2025.06.18_0.3_3,-20,AlexNet,index=7.184190,184190.9699,30,15,42199.74471836633,53212.97779418686,-11013.233075820528,1,-37310.62224375,-51897.848545833345
2025.06.18_0.3_3,-20,performance,index=7.184190,184190.9699,30,15,22736.42654128452,16467.325193761793,6269.101347522726,0,12755.19011176367,-2353.9915219385175
2025.06.18_0.3_3,-20,equal,index=7.184190,184190.9699,30,15,31085.30766980148,21657.723773550337,9427.583896251144,0,25315.309006249987,14246.163086111093
2025.06.11_0.3_2,-20,RF,index=3.2.10E+04,20979.71604,30,15,274590.96732165624,275022.31556001585,-431.3482383596129,1,273664.89958499995,271366.76937666675
2025.06.11_0.3_2,-20,Conformer,index=3.2.10E+04,20979.71604,30,15,184678.03323993168,135915.26820247865,48762.765037453035,0,182378.83291833327,135092.4844808333
2025.06.11_0.3_2,-20,AlexNet,index=3.2.10E+04,20979.71604,30,15,123195.38020895689,109139.2803017862,14056.09990717069,0,120027.75791833336,109013.28812666664
2025.06.11_0.3_2,-20,performance,index=3.2.10E+04,20979.71604,30,15,179776.442161149,156296.59923024237,23479.842930906627,0,179212.79358904445,155746.01216159927
2025.06.11_0.3_2,-20,equal,index=3.2.10E+04,20979.71604,30,15,192498.3330759168,172666.23030152812,19832.10277438868,0,192023.83014055557,171824.18066138888
2025.06.18_0.3_3,-20,RF,index=3.21242,21242.86319,30,15,270657.2434660377,273249.7645403011,-2592.521074263437,1,269699.89931,269661.94306
2025.06.18_0.3_3,-20,Conformer,index=3.21242,21242.86319,30,15,187216.50329313515,133894.19438390172,53322.30890923343,0,185087.496185,132809.9253516667
2025.06.18_0.3_3,-20,AlexNet,index=3.21242,21242.86319,30,15,132353.32478727913,115299.46458146352,17053.86020581561,0,129180.20529958334,114817.3159766667
2025.06.18_0.3_3,-20,performance,index=3.21242,21242.86319,30,15,183601.30472878658,157235.45298346816,26365.851745318418,0,182840.83355719876,156371.98422635853
2025.06.18_0.3_3,-20,equal,index=3.21242,21242.86319,30,15,195283.45834343944,173556.25411090782,21727.20423253163,0,194655.86693152777,172429.72812944438
2025.06.11_0.3_2,-20,RF,index=8.2.22E+05,221505.1102,30,15,83282.3076822771,79507.51340865062,3774.7942736264813,0,78956.43094583334,68462.97000833334
2025.06.11_0.3_2,-20,Conformer,index=8.2.22E+05,221505.1102,30,15,28899.70336613319,68770.43092314941,-39870.72755701622,1,-8830.04509583333,-65910.40915833334
2025.06.11_0.3_2,-20,AlexNet,index=8.2.22E+05,221505.1102,30,15,73017.34262633478,91617.35325199523,-18600.01062566045,1,-71046.99509583334,-91111.86749166666
2025.06.11_0.3_2,-20,performance,index=8.2.22E+05,221505.1102,30,15,19514.41582315194,47947.16927655725,-28432.753453405312,1,-12697.884728526546,-45368.10675362188
2025.06.11_0.3_2,-20,equal,index=8.2.22E+05,221505.1102,30,15,15029.548179398573,34775.64238592391,-19746.094206525333,1,-306.8697486111215,-29519.768880555574
2025.06.18_0.3_3,-20,RF,index=8.225704,225704.9618,30,15,77082.712007129,77100.71344197655,-18.001434847552446,1,72115.62101250002,64966.44653333337
2025.06.18_0.3_3,-20,Conformer,index=8.225704,225704.9618,30,15,26545.701240729977,63384.51814381074,-36838.81690308076,1,-9206.96804999999,-61133.207633333295
2025.06.18_0.3_3,-20,AlexNet,index=8.225704,225704.9618,30,15,76858.84037677733,89625.23076100144,-12766.390384224112,1,-75578.18315416666,-87509.20346666663
2025.06.18_0.3_3,-20,performance,index=8.225704,225704.9618,30,15,20877.439445732358,46330.73458551169,-25453.29513977933,1,-15977.133383837114,-42793.964963317296
2025.06.18_0.3_3,-20,equal,index=8.225704,225704.9618,30,15,14202.446217242423,34684.35666173874,-20481.910444496316,1,-4223.17673055556,-27891.98818888889
2025.06.11_0.3_2,-20,RF,index=2.2.36E+03,2355.33535,30,15,290714.17549842986,302912.8830668087,-12198.707568378828,1,289733.12558749993,301731.71985833335
2025.06.11_0.3_2,-20,Conformer,index=2.2.36E+03,2355.33535,30,15,198901.17243144265,158003.12123859662,40898.05119284603,0,197596.1964208333,156864.4198583333
2025.06.11_0.3_2,-20,AlexNet,index=2.2.36E+03,2355.33535,30,15,141020.30832906195,124844.96155916125,16175.346769900701,0,140217.00241041667,124229.45162916664
2025.06.11_0.3_2,-20,performance,index=2.2.36E+03,2355.33535,30,15,196890.40775842834,177708.1382188173,19182.269539611036,0,196426.67843733492,177130.11423781732
2025.06.11_0.3_2,-20,equal,index=2.2.36E+03,2355.33535,30,15,209606.68290514182,194884.76659271962,14721.916312422196,0,209182.10813958332,194275.19711527776
2025.06.18_0.3_3,-20,RF,index=2.2380,2380.025286,30,15,284373.41924316733,300799.83050935715,-16426.411266189825,1,283379.1517973333,298288.15804733324
2025.06.18_0.3_3,-20,Conformer,index=2.2380,2380.025286,30,15,197598.0652827979,162441.01828593266,35157.04699686525,0,196520.50596399995,161261.70960983328
2025.06.18_0.3_3,-20,AlexNet,index=2.2380,2380.025286,30,15,149774.64628336165,126313.09283436126,23461.553449000392,0,148761.88721399996,126027.19242233335
2025.06.18_0.3_3,-20,performance,index=2.2380,2380.025286,30,15,198065.91533853987,179581.52904599166,18484.38629254821,0,197728.7570583162,178928.05445980994
2025.06.18_0.3_3,-20,equal,index=2.2380,2380.025286,30,15,209850.02458745782,195994.55146193493,13855.473125522898,0,209553.84832511115,195192.35335983333
2025.06.11_0.3_2,-20,RF,index=9.2.67E+05,266907.6965,30,15,48599.53714344464,50836.23431930852,-2236.6971758638756,1,43183.772249999965,50365.1430833333
2025.06.11_0.3_2,-20,Conformer,index=9.2.67E+05,266907.6965,30,15,50993.43146715635,77419.72851898138,-26426.297051825037,1,-34269.77931250003,-53711.10900000003
2025.06.11_0.3_2,-20,AlexNet,index=9.2.67E+05,266907.6965,30,15,105205.80882773764,100198.66018797464,5007.148639762992,0,-96517.24858333336,-76908.34077083338
2025.06.11_0.3_2,-20,performance,index=9.2.67E+05,266907.6965,30,15,51596.17135079078,60891.74350529392,-9295.572154503141,1,-40365.383801593,-39066.20126927997
2025.06.11_0.3_2,-20,equal,index=9.2.67E+05,266907.6965,30,15,41693.39489447724,48874.81270263995,-7181.417808162711,1,-29201.085215277813,-26751.435562500043
2025.06.18_0.3_3,-20,RF,index=9.271677,271677.6816,30,15,37058.54502467402,37876.753396845044,-818.2083721710223,1,26749.447045833324,37694.85173333332
2025.06.18_0.3_3,-20,Conformer,index=9.271677,271677.6816,30,15,65757.93954169804,108019.65066194085,-42261.711120242806,1,-57819.208162500014,-104490.64097500002
2025.06.18_0.3_3,-20,AlexNet,index=9.271677,271677.6816,30,15,113792.46046592685,133406.09481161757,-19613.63434569072,1,-108481.2157145833,-130380.13785000001
2025.06.18_0.3_3,-20,performance,index=9.271677,271677.6816,30,15,63294.68024013575,85078.06133590013,-21783.38109576438,1,-58161.51122647059,-82486.62911744851
2025.06.18_0.3_3,-20,equal,index=9.271677,271677.6816,30,15,52309.88312184024,68153.4165381494,-15843.533416309154,1,-46516.99227708335,-65725.3090305556
2025.06.11_0.3_2,-20,RF,index=10.3.15E+05,315466.1173,30,15,28961.010605201842,25147.82842651442,3813.1821786874207,0,14573.605616666684,16616.27853333335
2025.06.11_0.3_2,-20,Conformer,index=10.3.15E+05,315466.1173,30,15,60713.038521518705,96281.3993288029,-35568.360807284196,1,-27271.148549999994,-55686.970425000014
2025.06.11_0.3_2,-20,AlexNet,index=10.3.15E+05,315466.1173,30,15,101454.46903778367,122904.98025114584,-21450.511213362173,1,-81371.2532375,-91476.17875833335
2025.06.11_0.3_2,-20,performance,index=10.3.15E+05,315466.1173,30,15,60997.586542380326,84009.99782397141,-23012.411281591085,1,-38033.019605096386,-52283.48314418577
2025.06.11_0.3_2,-20,equal,index=10.3.15E+05,315466.1173,30,15,53548.11069465227,73000.826909662,-19452.716215009736,1,-31356.26539027778,-43515.62355
2025.06.18_0.3_3,-20,RF,index=10.322114,322114.2428,30,15,43762.32755211538,19449.47724376017,24312.850308355206,0,-17821.13238333334,-5560.067800000007
2025.06.18_0.3_3,-20,Conformer,index=10.322114,322114.2428,30,15,105401.58778005013,141009.93906880333,-35608.3512887532,1,-98355.64592500003,-135133.98134166672
2025.06.18_0.3_3,-20,AlexNet,index=10.322114,322114.2428,30,15,153455.9623436997,171592.42615777443,-18136.463814074727,1,-146347.1711854167,-167797.23186250005
2025.06.18_0.3_3,-20,performance,index=10.322114,322114.2428,30,15,104320.96786810369,122218.31420195213,-17897.346333848443,1,-98589.03044052413,-118203.07217916663
2025.06.18_0.3_3,-20,equal,index=10.322114,322114.2428,30,15,93386.07133612526,106586.19328590242,-13200.121949777167,1,-87507.98316458336,-102830.4270013889
2025.06.11_0.3_2,-20,RF,index=11.3.69E+05,368978.105,30,15,53663.380380009265,48924.94516859202,4738.435211417243,0,34074.90645833335,21197.80125000002
2025.06.11_0.3_2,-20,Conformer,index=11.3.69E+05,368978.105,30,15,55167.79761342601,43217.90682627085,11949.890787155156,0,50294.19083333335,17402.811666666687
2025.06.11_0.3_2,-20,AlexNet,index=11.3.69E+05,368978.105,30,15,33286.88034562323,38753.68565937627,-5466.805313753044,1,-21589.278958333314,-3878.961249999981
2025.06.11_0.3_2,-20,performance,index=11.3.69E+05,368978.105,30,15,32578.748300244624,39794.364413563104,-7215.61611331848,1,20588.09062556899,10903.989941942067
2025.06.11_0.3_2,-20,equal,index=11.3.69E+05,368978.105,30,15,34529.412175869744,40154.64086086036,-5625.228684990616,1,20926.606111111098,11573.883888888871
2025.06.18_0.3_3,-20,RF,index=11.376320,376320.1201,30,15,51808.01208200576,48033.44870866174,3774.563373344019,0,-48254.06437083332,-45907.02009999999
2025.06.18_0.3_3,-20,Conformer,index=11.376320,376320.1201,30,15,99064.24147332383,85271.86868397944,13792.372789344387,0,-75266.25603749999,-64566.41176666664
2025.06.18_0.3_3,-20,AlexNet,index=11.376320,376320.1201,30,15,141183.24348908075,101102.41757028371,40080.82591879704,0,-127076.94405833332,-82215.49301666665
2025.06.18_0.3_3,-20,performance,index=11.376320,376320.1201,30,15,101779.20899021007,80453.74998409918,21325.45900611089,0,-88374.72919432083,-66583.29389459586
2025.06.18_0.3_3,-20,equal,index=11.376320,376320.1201,30,15,94784.31241968395,75641.66312812587,19142.649291558075,0,-83532.42148888894,-64229.64162777779
2025.06.11_0.3_2,-20,RF,index=12.4.27E+05,427276.195,30,15,31809.242500789675,34924.257404415315,-3115.0149036256407,1,30772.35812499998,33184.15499999999
2025.06.11_0.3_2,-20,Conformer,index=12.4.27E+05,427276.195,30,15,57287.832395414305,52209.30054843678,5078.531846977523,0,53148.40916666665,47325.115416666646
2025.06.11_0.3_2,-20,AlexNet,index=12.4.27E+05,427276.195,30,15,24541.157044685693,38347.361836527336,-13806.204791841643,1,-3357.85958333334,29249.75291666666
2025.06.11_0.3_2,-20,performance,index=12.4.27E+05,427276.195,30,15,32237.363452460675,42387.08566195673,-10149.722209496053,1,27731.932840415022,38030.15720624311
2025.06.11_0.3_2,-20,equal,index=12.4.27E+05,427276.195,30,15,30579.679991916644,40452.77470152618,-9873.094709609533,1,26854.3025694444,36586.34111111107
2025.06.18_0.3_3,-20,RF,index=12.434018,434018.0833,30,15,30687.702807349415,48629.48712539813,-17941.784318048718,1,10614.791700000002,-25344.9083
2025.06.18_0.3_3,-20,Conformer,index=12.434018,434018.0833,30,15,35824.049047899054,44522.87482892228,-8698.825781023224,1,25342.656283333323,-10996.39163333333
2025.06.18_0.3_3,-20,AlexNet,index=12.434018,434018.0833,30,15,34376.508861476286,34953.37300567282,-576.8641441965374,1,-23088.215591666678,-19476.23955
2025.06.18_0.3_3,-20,performance,index=12.434018,434018.0833,30,15,22021.098973331154,40283.573388790915,-18262.47441545976,1,4513.18984616655,-17034.271289547192
2025.06.18_0.3_3,-20,equal,index=12.434018,434018.0833,30,15,22053.731950676374,40737.901154516505,-18684.16920384013,1,4289.744130555527,-18605.846494444475
2025.06.11_0.3_2,-20,RF,index=13.4.89E+05,489453.9981,30,15,32916.542645825815,21729.928386982192,11186.614258843623,0,14680.693566666641,9637.847733333307
2025.06.11_0.3_2,-20,Conformer,index=13.4.89E+05,489453.9981,30,15,40247.51635850758,27967.13350529744,12280.38285321014,0,33747.812316666656,17320.058149999975
2025.06.11_0.3_2,-20,AlexNet,index=13.4.89E+05,489453.9981,30,15,34159.269936990975,26273.435065787504,7885.834871203471,0,-24304.688725000015,11089.031066666641
2025.06.11_0.3_2,-20,performance,index=13.4.89E+05,489453.9981,30,15,22238.697216433666,23085.173831584205,-846.4766151505391,1,8477.027970366002,13505.46139877297
2025.06.11_0.3_2,-20,equal,index=13.4.89E+05,489453.9981,30,15,22525.874825023548,22452.753876716688,73.12094830685965,0,8041.272386111052,12682.312316666601
2025.06.18_0.3_3,-20,RF,index=13.496023,496023.3525,30,15,29368.166417306846,28225.61394775139,1142.552469555456,0,-9428.699374999978,-16796.40458333331
2025.06.18_0.3_3,-20,Conformer,index=13.496023,496023.3525,30,15,37876.54210998491,29059.506807869446,8817.035302115466,0,21523.476666666684,9599.176666666688
2025.06.18_0.3_3,-20,AlexNet,index=13.496023,496023.3525,30,15,42288.202145996554,22401.617899851302,19886.584246145252,0,-33803.99312499999,-4673.048333333312
2025.06.18_0.3_3,-20,performance,index=13.496023,496023.3525,30,15,25517.86387580446,21096.8404413843,4421.02343442016,0,-5302.673635335069,-1051.3388544825177
2025.06.18_0.3_3,-20,equal,index=13.496023,496023.3525,30,15,25549.251668977482,20765.590852789093,4783.660816188389,0,-7236.4052777777915,-3956.758750000022
2025.06.11_0.3_2,-20,RF,index=14.5.54E+05,554196.3218,30,15,43765.85266491916,33529.62044078308,10236.232224136082,0,13283.990699999966,-1827.432216666701
2025.06.11_0.3_2,-20,Conformer,index=14.5.54E+05,554196.3218,30,15,45688.50737103897,35532.3549893582,10156.152381680768,0,30445.038616666632,13015.0677833333
2025.06.11_0.3_2,-20,AlexNet,index=14.5.54E+05,554196.3218,30,15,43734.64849711254,32962.266822446174,10772.381674666365,0,-32854.3447166667,394.5240333332991
2025.06.11_0.3_2,-20,performance,index=14.5.54E+05,554196.3218,30,15,28967.427806698593,30881.56339076319,-1914.1355840645956,1,3668.8188068432055,5444.8064011698125
2025.06.11_0.3_2,-20,equal,index=14.5.54E+05,554196.3218,30,15,29275.569126849477,30717.28336276589,-1441.7142359164136,1,3624.8948666665974,3860.719866666586
2025.06.18_0.3_3,-20,RF,index=14.562158,562158.7854,30,15,30224.434032087698,18281.579095451154,11942.854936636544,0,-18313.489566666718,-13313.489566666718
2025.06.18_0.3_3,-20,Conformer,index=14.562158,562158.7854,30,15,42664.65826968528,30239.961125089565,12424.697144595713,0,24559.75834999995,19365.068766666616
2025.06.18_0.3_3,-20,AlexNet,index=14.562158,562158.7854,30,15,41888.61944936501,24910.508183234444,16978.111266130567,0,-25811.774983333384,13539.822933333282
2025.06.18_0.3_3,-20,performance,index=14.562158,562158.7854,30,15,29600.093711111047,20459.498325492077,9140.59538561897,0,-3015.5368427289027,10255.470559003414
2025.06.18_0.3_3,-20,equal,index=14.562158,562158.7854,30,15,28563.231589756342,17760.70120997839,10802.530379777952,0,-6521.83540000009,6530.4673777776925
2025.06.11_0.3_2,-20,RF,index=4.5.76E+04,57593.31665,30,15,239332.57893915704,245513.6898748564,-6181.110935699369,1,237991.02449583323,244344.9531416667
2025.06.11_0.3_2,-20,Conformer,index=4.5.76E+04,57593.31665,30,15,159897.087491129,100266.25848466357,59630.82900646543,0,157740.05782916662,98907.5531416667
2025.06.11_0.3_2,-20,AlexNet,index=4.5.76E+04,57593.31665,30,15,93698.56223378953,73230.05720615569,20468.505027633844,0,90908.50444375002,72845.34532916668
2025.06.11_0.3_2,-20,performance,index=4.5.76E+04,57593.31665,30,15,151536.89294113484,122027.06933264964,29509.823608485196,0,150572.05225927226,121559.15021469581
2025.06.11_0.3_2,-20,equal,index=4.5.76E+04,57593.31665,30,15,163087.24819291133,139181.16461919912,23906.08357371221,0,162213.1955895833,138699.28387083334
2025.06.18_0.3_3,-20,RF,index=4.58389,58389.85471,30,15,232511.2784515297,243769.43978919912,-11258.161337669415,1,231116.45987333343,242496.6713316666
2025.06.18_0.3_3,-20,Conformer,index=4.58389,58389.85471,30,15,153475.70458461923,102384.64470824203,51091.0598763772,0,150712.88018583335,100668.69893583331
2025.06.18_0.3_3,-20,AlexNet,index=4.58389,58389.85471,30,15,102562.84257272737,73767.78455595477,28795.0580167726,0,98422.43695666664,73259.26404000001
2025.06.18_0.3_3,-20,performance,index=4.58389,58389.85471,30,15,149906.23313937982,122654.13620064061,27252.09693873921,0,148882.94509477538,122071.90737501324
2025.06.18_0.3_3,-20,equal,index=4.58389,58389.85471,30,15,160990.05821923362,139384.59725228837,21605.460966945247,0,160083.92567194448,138808.21143583333
2025.06.11_0.3_2,-20,RF,index=15.6.24E+05,624442.5514,30,15,61152.70362343121,49783.749309222156,11368.954314209055,0,44476.67985,36935.49443333333
2025.06.11_0.3_2,-20,Conformer,index=15.6.24E+05,624442.5514,30,15,42356.51727047201,40978.81437415272,1377.7028963192934,0,14921.179850000004,20358.011100000003
2025.06.11_0.3_2,-20,AlexNet,index=15.6.24E+05,624442.5514,30,15,52057.63287854311,43130.77119560478,8926.861682938332,0,-42264.167024999995,10608.66526666667
2025.06.11_0.3_2,-20,performance,index=15.6.24E+05,624442.5514,30,15,32128.434569040895,37966.06446624285,-5837.629897201958,1,397.3527451347249,20607.10405425863
2025.06.11_0.3_2,-20,equal,index=15.6.24E+05,624442.5514,30,15,32596.99679373063,38007.79039897514,-5410.793605244515,1,5711.230891666627,22634.056933333297
2025.06.18_0.3_3,-20,RF,index=15.633482,633482.536,30,15,43384.202253208794,44629.47107240287,-1245.268819194076,1,-14260.117249999963,-15212.985999999964
2025.06.18_0.3_3,-20,Conformer,index=15.633482,633482.536,30,15,42958.0153625618,36582.40016032872,6375.615202233079,0,17671.976500000037,25150.12233333337
2025.06.18_0.3_3,-20,AlexNet,index=15.633482,633482.536,30,15,44797.975590139504,31804.88115803229,12993.094432107213,0,-34687.67349999996,17801.526500000036
2025.06.18_0.3_3,-20,performance,index=15.633482,633482.536,30,15,32055.13567639561,30281.163303983212,1773.9723724123978,0,-8281.576155827152,13845.520935158991
2025.06.18_0.3_3,-20,equal,index=15.633482,633482.536,30,15,33068.05494050557,30054.833170793663,3013.2217697119086,0,-10425.271416666674,9246.22094444444
2025.06.11_0.3_2,-20,RF,index=16.6.98E+05,698421.296,30,15,48965.23647075185,47502.41591363538,1462.8205571164726,0,39518.86650000002,43058.17483333336
2025.06.11_0.3_2,-20,Conformer,index=16.6.98E+05,698421.296,30,15,44717.82351793666,50301.733802293005,-5583.910284356345,1,23203.439416666693,36423.045666666694
2025.06.11_0.3_2,-20,AlexNet,index=16.6.98E+05,698421.296,30,15,56920.33131060414,35216.46792434096,21703.863386263176,0,-44980.03558333333,25496.283166666693
2025.06.11_0.3_2,-20,performance,index=16.6.98E+05,698421.296,30,15,29797.447809989095,40829.63743659418,-11032.189626605086,1,1826.6649767817541,34105.29861724769
2025.06.11_0.3_2,-20,equal,index=16.6.98E+05,698421.296,30,15,28862.916760240914,40053.22237715522,-11190.30561691431,1,5914.090111111104,34992.50122222222
2025.06.18_0.3_3,-20,RF,index=16.709792,709792.7143,30,15,34898.46781917901,28632.60647820489,6265.861340974119,0,10554.13778333334,1875.7482000000077
2025.06.18_0.3_3,-20,Conformer,index=16.709792,709792.7143,30,15,44294.5538558062,53880.24812621314,-9585.694270406937,1,27926.10028333334,47703.673200000005
2025.06.18_0.3_3,-20,AlexNet,index=16.709792,709792.7143,30,15,52361.328569671314,44058.610115266834,8302.71845440448,0,-38235.7893,35794.89820000001
2025.06.18_0.3_3,-20,performance,index=16.709792,709792.7143,30,15,29738.204243125478,39474.33361744832,-9736.129374322842,1,60.24792674134175,33641.581983229604
2025.06.18_0.3_3,-20,equal,index=16.709792,709792.7143,30,15,28897.046928015858,35172.870041294875,-6275.823113279017,1,81.48292222218976,28458.106533333303
2025.06.11_0.3_2,-20,RF,index=17.7.77E+05,776647.2223,30,15,15096.123883176757,14782.421300538279,313.7025826384779,0,-10864.428550000022,-11154.330633333357
2025.06.11_0.3_2,-20,Conformer,index=17.7.77E+05,776647.2223,30,15,36631.8208571299,31469.320106438205,5162.500750691692,0,18851.477699999978,20126.306866666644
2025.06.11_0.3_2,-20,AlexNet,index=17.7.77E+05,776647.2223,30,15,70577.39675332404,26075.047788798416,44502.34896452562,0,-64340.43271666669,-228.3848000000231
2025.06.11_0.3_2,-20,performance,index=17.7.77E+05,776647.2223,30,15,28849.17730891469,19035.60682086912,9813.570488045567,0,-17875.822677196462,6320.470930671157
2025.06.11_0.3_2,-20,equal,index=17.7.77E+05,776647.2223,30,15,27306.844904149064,16349.20516475511,10957.639739393953,0,-18784.461188888974,2914.530477777721
2025.06.18_0.3_3,-20,RF,index=17.789500,789500.1968,30,15,40169.77930693973,54103.435467751755,-13933.656160812025,1,-19581.315550000036,-31395.034300000036
2025.06.18_0.3_3,-20,Conformer,index=17.789500,789500.1968,30,15,39263.09463287224,33593.61672281658,5669.4779100556625,0,16177.4490333333,22294.365699999966
2025.06.18_0.3_3,-20,AlexNet,index=17.789500,789500.1968,30,15,73169.21719073184,24361.12160732067,48808.09558341117,0,-65987.54680000004,-5839.134300000034
2025.06.18_0.3_3,-20,performance,index=17.789500,789500.1968,30,15,34183.69927722219,24949.42285678535,9234.276420436843,0,-21471.501370850743,939.4665000012533
2025.06.18_0.3_3,-20,equal,index=17.789500,789500.1968,30,15,34677.02439690452,27552.69093844017,7124.333458464349,0,-23130.471105555644,-4979.934300000089
2025.06.11_0.3_2,-20,RF,index=18.8.59E+05,859343.9142,30,15,81816.32726909927,79074.51252041527,2741.8147486840026,0,-81282.20378333333,-78763.28503333333
2025.06.11_0.3_2,-20,Conformer,index=18.8.59E+05,859343.9142,30,15,36857.20436756354,21934.719330592598,14922.485036970946,0,-16773.553783333333,-3548.514199999999
2025.06.11_0.3_2,-20,AlexNet,index=18.8.59E+05,859343.9142,30,15,105170.93474462553,39463.589285671434,65707.34545895409,0,-101042.67045,-34844.20586666666
2025.06.11_0.3_2,-20,performance,index=18.8.59E+05,859343.9142,30,15,65091.500112864764,33158.211962632304,31933.28815023246,0,-61357.64960901519,-30671.647071920437
2025.06.11_0.3_2,-20,equal,index=18.8.59E+05,859343.9142,30,15,68939.55296639021,40439.84388353708,28499.70908285313,0,-66366.1426722223,-39052.00170000006
2025.06.18_0.3_3,-20,RF,index=18.873637,873637.0359,30,15,75688.33666079935,72736.71537143593,2951.621289363422,0,-74661.08798333335,-71492.81506666668
2025.06.18_0.3_3,-20,Conformer,index=18.873637,873637.0359,30,15,44805.696161240565,33755.79744571009,11049.898715530471,0,-31641.073400000016,-22060.098400000017
2025.06.18_0.3_3,-20,AlexNet,index=18.873637,873637.0359,30,15,117664.10368979751,53459.95517850221,64204.1485112953,0,-113516.33173333335,-47722.73173333335
2025.06.18_0.3_3,-20,performance,index=18.873637,873637.0359,30,15,74831.5700872751,45893.73283452372,28937.837252751386,0,-70742.00395052614,-41639.19428703558
2025.06.18_0.3_3,-20,equal,index=18.873637,873637.0359,30,15,76444.38619983211,50227.34412133157,26217.04207850054,0,-73272.83103888897,-47091.88173333341
