method,noise,source_wav_id,chunk_index,y_kW_m2,prediction_kW_m2
fixed15_band10,clean,20250618::index=1.0,0,-1.42e-09,116.8227983948425
fixed15_band10,clean,20250618::index=1.0,3,-1.42e-09,10.350853271327852
fixed15_band10,clean,20250618::index=1.0,5,-1.42e-09,5.423560056838512
fixed15_band10,clean,20250618::index=1.0,12,-1.42e-09,-2.0036118472457343
fixed15_band10,clean,20250618::index=1.0,13,-1.42e-09,-2.0036118472457343
fixed15_band10,clean,20250618::index=1.0,31,-1.42e-09,10.682011906628661
fixed15_band10,clean,20250618::index=1.0,33,-1.42e-09,13.156460442325447
fixed15_band10,clean,20250618::index=1.0,36,-1.42e-09,2.6374106219926032
fixed15_band10,clean,20250618::index=1.0,45,-1.42e-09,-0.32554422484933604
fixed15_band10,clean,20250618::index=1.0,46,-1.42e-09,-2.0036118472457343
fixed15_band10,clean,20250618::index=1.0,48,-1.42e-09,-1.072697432255265
fixed15_band10,clean,20250618::index=1.0,50,-1.42e-09,2.2172713355355245
fixed15_band10,clean,20250618::index=1.0,52,-1.42e-09,-4.306946626247341
fixed15_band10,clean,20250618::index=1.0,54,-1.42e-09,1.9406835316073245
fixed15_band10,clean,20250618::index=1.0,57,-1.42e-09,-0.396059319806929
fixed15_band10,clean,20250611::index=1.3.28E-04,0,3.28047e-07,77.34367265090899
fixed15_band10,clean,20250611::index=1.3.28E-04,3,3.28047e-07,116.41052610782378
fixed15_band10,clean,20250611::index=1.3.28E-04,5,3.28047e-07,117.36273980033396
fixed15_band10,clean,20250611::index=1.3.28E-04,12,3.28047e-07,63.58039728859903
fixed15_band10,clean,20250611::index=1.3.28E-04,13,3.28047e-07,53.322148922207006
fixed15_band10,clean,20250611::index=1.3.28E-04,31,3.28047e-07,-15.098603188721114
fixed15_band10,clean,20250611::index=1.3.28E-04,33,3.28047e-07,146.39607392183035
fixed15_band10,clean,20250611::index=1.3.28E-04,36,3.28047e-07,-24.17147026268973
fixed15_band10,clean,20250611::index=1.3.28E-04,45,3.28047e-07,20.252260969528905
fixed15_band10,clean,20250611::index=1.3.28E-04,46,3.28047e-07,91.83316009744865
fixed15_band10,clean,20250611::index=1.3.28E-04,48,3.28047e-07,8.53451573119122
fixed15_band10,clean,20250611::index=1.3.28E-04,50,3.28047e-07,94.66950457515772
fixed15_band10,clean,20250611::index=1.3.28E-04,52,3.28047e-07,101.84038592990144
fixed15_band10,clean,20250611::index=1.3.28E-04,54,3.28047e-07,16.541779291740603
fixed15_band10,clean,20250611::index=1.3.28E-04,57,3.28047e-07,53.257119863686206
fixed15_band10,clean,20250611::index=5.1.11E+05,17,111.2647017,83.33319153572165
fixed15_band10,clean,20250611::index=5.1.11E+05,19,111.2647017,68.72108139307876
fixed15_band10,clean,20250611::index=5.1.11E+05,21,111.2647017,56.655887249151576
fixed15_band10,clean,20250611::index=5.1.11E+05,23,111.2647017,101.94430850112192
fixed15_band10,clean,20250611::index=5.1.11E+05,28,111.2647017,83.32106271786944
fixed15_band10,clean,20250611::index=5.1.11E+05,34,111.2647017,82.44752291131435
fixed15_band10,clean,20250611::index=5.1.11E+05,35,111.2647017,107.35844906703551
fixed15_band10,clean,20250611::index=5.1.11E+05,41,111.2647017,65.95359781208163
fixed15_band10,clean,20250611::index=5.1.11E+05,46,111.2647017,112.73960769898412
fixed15_band10,clean,20250611::index=5.1.11E+05,47,111.2647017,119.32509284015424
fixed15_band10,clean,20250611::index=5.1.11E+05,48,111.2647017,52.23819354030253
fixed15_band10,clean,20250611::index=5.1.11E+05,51,111.2647017,141.8366580520558
fixed15_band10,clean,20250611::index=5.1.11E+05,55,111.2647017,59.595431190161705
fixed15_band10,clean,20250611::index=5.1.11E+05,56,111.2647017,153.47128956874033
fixed15_band10,clean,20250611::index=5.1.11E+05,58,111.2647017,102.44607441707295
fixed15_band10,clean,20250618::index=5.113188,17,113.1882901,92.47724730208013
fixed15_band10,clean,20250618::index=5.113188,19,113.1882901,120.55294169169267
fixed15_band10,clean,20250618::index=5.113188,21,113.1882901,112.44429564436442
fixed15_band10,clean,20250618::index=5.113188,23,113.1882901,114.38004772343406
fixed15_band10,clean,20250618::index=5.113188,28,113.1882901,111.17640150079227
fixed15_band10,clean,20250618::index=5.113188,34,113.1882901,91.79580871376382
fixed15_band10,clean,20250618::index=5.113188,35,113.1882901,112.83266775522341
fixed15_band10,clean,20250618::index=5.113188,41,113.1882901,112.66940323713119
fixed15_band10,clean,20250618::index=5.113188,46,113.1882901,104.89131940389316
fixed15_band10,clean,20250618::index=5.113188,47,113.1882901,108.91651724956971
fixed15_band10,clean,20250618::index=5.113188,48,113.1882901,107.54891083912142
fixed15_band10,clean,20250618::index=5.113188,51,113.1882901,110.54397219548103
fixed15_band10,clean,20250618::index=5.113188,55,113.1882901,144.0470119338408
fixed15_band10,clean,20250618::index=5.113188,56,113.1882901,143.54118144364992
fixed15_band10,clean,20250618::index=5.113188,58,113.1882901,146.9710044589645
fixed15_band10,clean,20250611::index=6.1.44E+05,6,144.32426180000002,59.80977851259612
fixed15_band10,clean,20250611::index=6.1.44E+05,11,144.32426180000002,141.87693421008711
fixed15_band10,clean,20250611::index=6.1.44E+05,13,144.32426180000002,59.7150495896728
fixed15_band10,clean,20250611::index=6.1.44E+05,26,144.32426180000002,122.82349577406687
fixed15_band10,clean,20250611::index=6.1.44E+05,31,144.32426180000002,121.14573398313853
fixed15_band10,clean,20250611::index=6.1.44E+05,34,144.32426180000002,111.61646283064921
fixed15_band10,clean,20250611::index=6.1.44E+05,35,144.32426180000002,117.1535932882241
fixed15_band10,clean,20250611::index=6.1.44E+05,36,144.32426180000002,61.83130525913857
fixed15_band10,clean,20250611::index=6.1.44E+05,38,144.32426180000002,113.31300603436647
fixed15_band10,clean,20250611::index=6.1.44E+05,40,144.32426180000002,103.33197919104089
fixed15_band10,clean,20250611::index=6.1.44E+05,46,144.32426180000002,84.27080634464564
fixed15_band10,clean,20250611::index=6.1.44E+05,47,144.32426180000002,86.57094205648721
fixed15_band10,clean,20250611::index=6.1.44E+05,56,144.32426180000002,126.57806600173848
fixed15_band10,clean,20250611::index=6.1.44E+05,58,144.32426180000002,109.43014437788455
fixed15_band10,clean,20250611::index=6.1.44E+05,59,144.32426180000002,147.54066673172827
fixed15_band10,clean,20250618::index=6.146381,6,146.38165049999998,146.5297107582304
fixed15_band10,clean,20250618::index=6.146381,11,146.38165049999998,146.6944166550363
fixed15_band10,clean,20250618::index=6.146381,13,146.38165049999998,158.41277658592423
fixed15_band10,clean,20250618::index=6.146381,26,146.38165049999998,112.39529877339562
fixed15_band10,clean,20250618::index=6.146381,31,146.38165049999998,113.29953093499108
fixed15_band10,clean,20250618::index=6.146381,34,146.38165049999998,152.18524765962414
fixed15_band10,clean,20250618::index=6.146381,35,146.38165049999998,150.40743338186618
fixed15_band10,clean,20250618::index=6.146381,36,146.38165049999998,146.5297107582304
fixed15_band10,clean,20250618::index=6.146381,38,146.38165049999998,141.8418539088751
fixed15_band10,clean,20250618::index=6.146381,40,146.38165049999998,147.19075337541597
fixed15_band10,clean,20250618::index=6.146381,46,146.38165049999998,148.29819462636925
fixed15_band10,clean,20250618::index=6.146381,47,146.38165049999998,147.19075337541597
fixed15_band10,clean,20250618::index=6.146381,56,146.38165049999998,154.51388227928322
fixed15_band10,clean,20250618::index=6.146381,58,146.38165049999998,158.98095611835467
fixed15_band10,clean,20250618::index=6.146381,59,146.38165049999998,165.28738066592803
fixed15_band10,clean,20250611::index=7.1.81E+05,4,181.378003,86.4588231311086
fixed15_band10,clean,20250611::index=7.1.81E+05,5,181.378003,123.63983297703533
fixed15_band10,clean,20250611::index=7.1.81E+05,10,181.378003,88.56254168652642
fixed15_band10,clean,20250611::index=7.1.81E+05,15,181.378003,160.93096545367453
fixed15_band10,clean,20250611::index=7.1.81E+05,18,181.378003,144.03509886380746
fixed15_band10,clean,20250611::index=7.1.81E+05,20,181.378003,129.62074193613023
fixed15_band10,clean,20250611::index=7.1.81E+05,26,181.378003,122.6670722214006
fixed15_band10,clean,20250611::index=7.1.81E+05,28,181.378003,80.1519014899274
fixed15_band10,clean,20250611::index=7.1.81E+05,33,181.378003,133.48833747787822
fixed15_band10,clean,20250611::index=7.1.81E+05,37,181.378003,169.7236816299901
fixed15_band10,clean,20250611::index=7.1.81E+05,41,181.378003,109.45122929961734
fixed15_band10,clean,20250611::index=7.1.81E+05,44,181.378003,170.46359905304894
fixed15_band10,clean,20250611::index=7.1.81E+05,56,181.378003,157.08988673598037
fixed15_band10,clean,20250611::index=7.1.81E+05,57,181.378003,167.02191725110904
fixed15_band10,clean,20250611::index=7.1.81E+05,58,181.378003,197.12667203316008
fixed15_band10,clean,20250618::index=7.184190,4,184.1909699,177.67524725223805
fixed15_band10,clean,20250618::index=7.184190,5,184.1909699,172.93714579086077
fixed15_band10,clean,20250618::index=7.184190,10,184.1909699,156.36891171159945
fixed15_band10,clean,20250618::index=7.184190,15,184.1909699,187.16481166221976
fixed15_band10,clean,20250618::index=7.184190,18,184.1909699,176.96668084703387
fixed15_band10,clean,20250618::index=7.184190,20,184.1909699,129.4451692682959
fixed15_band10,clean,20250618::index=7.184190,26,184.1909699,178.8743218593875
fixed15_band10,clean,20250618::index=7.184190,28,184.1909699,173.5956382633344
fixed15_band10,clean,20250618::index=7.184190,33,184.1909699,162.10138740383536
fixed15_band10,clean,20250618::index=7.184190,37,184.1909699,184.4662224263773
fixed15_band10,clean,20250618::index=7.184190,41,184.1909699,196.35714374931638
fixed15_band10,clean,20250618::index=7.184190,44,184.1909699,98.82843784065551
fixed15_band10,clean,20250618::index=7.184190,56,184.1909699,166.2939380244109
fixed15_band10,clean,20250618::index=7.184190,57,184.1909699,116.34374888128838
fixed15_band10,clean,20250618::index=7.184190,58,184.1909699,197.9840217500343
fixed15_band10,clean,20250611::index=3.2.10E+04,1,20.97971604,54.29048218634542
fixed15_band10,clean,20250611::index=3.2.10E+04,6,20.97971604,77.12067454355221
fixed15_band10,clean,20250611::index=3.2.10E+04,11,20.97971604,73.29514872125573
fixed15_band10,clean,20250611::index=3.2.10E+04,22,20.97971604,82.00540454085352
fixed15_band10,clean,20250611::index=3.2.10E+04,28,20.97971604,46.2485485186235
fixed15_band10,clean,20250611::index=3.2.10E+04,33,20.97971604,24.61315674910148
fixed15_band10,clean,20250611::index=3.2.10E+04,34,20.97971604,50.445924207948615
fixed15_band10,clean,20250611::index=3.2.10E+04,36,20.97971604,55.9536805083194
fixed15_band10,clean,20250611::index=3.2.10E+04,41,20.97971604,50.513377819044365
fixed15_band10,clean,20250611::index=3.2.10E+04,42,20.97971604,26.30689936313472
fixed15_band10,clean,20250611::index=3.2.10E+04,52,20.97971604,13.888004694796903
fixed15_band10,clean,20250611::index=3.2.10E+04,54,20.97971604,32.357745449358795
fixed15_band10,clean,20250611::index=3.2.10E+04,56,20.97971604,59.58355814331525
fixed15_band10,clean,20250611::index=3.2.10E+04,57,20.97971604,16.301779291823962
fixed15_band10,clean,20250611::index=3.2.10E+04,59,20.97971604,45.69057619882873
fixed15_band10,clean,20250618::index=3.21242,1,21.24286319,23.390158067319827
fixed15_band10,clean,20250618::index=3.21242,6,21.24286319,10.284219816509955
fixed15_band10,clean,20250618::index=3.21242,11,21.24286319,21.066591027638573
fixed15_band10,clean,20250618::index=3.21242,22,21.24286319,28.01789701894051
fixed15_band10,clean,20250618::index=3.21242,28,21.24286319,48.75393445551129
fixed15_band10,clean,20250618::index=3.21242,33,21.24286319,45.965932267150244
fixed15_band10,clean,20250618::index=3.21242,34,21.24286319,33.63960055614748
fixed15_band10,clean,20250618::index=3.21242,36,21.24286319,42.28084622501266
fixed15_band10,clean,20250618::index=3.21242,41,21.24286319,33.64158130838147
fixed15_band10,clean,20250618::index=3.21242,42,21.24286319,43.949091740425295
fixed15_band10,clean,20250618::index=3.21242,52,21.24286319,33.62229282860579
fixed15_band10,clean,20250618::index=3.21242,54,21.24286319,35.587003179966615
fixed15_band10,clean,20250618::index=3.21242,56,21.24286319,46.478439132774945
fixed15_band10,clean,20250618::index=3.21242,57,21.24286319,63.31285499553354
fixed15_band10,clean,20250618::index=3.21242,59,21.24286319,34.78378258271804
fixed15_band10,clean,20250611::index=8.2.22E+05,0,221.5051102,214.26268529041687
fixed15_band10,clean,20250611::index=8.2.22E+05,4,221.5051102,212.61937850749513
fixed15_band10,clean,20250611::index=8.2.22E+05,6,221.5051102,210.2216446007144
fixed15_band10,clean,20250611::index=8.2.22E+05,9,221.5051102,222.30488237499426
fixed15_band10,clean,20250611::index=8.2.22E+05,13,221.5051102,228.99272944289794
fixed15_band10,clean,20250611::index=8.2.22E+05,15,221.5051102,207.80349444048431
fixed15_band10,clean,20250611::index=8.2.22E+05,17,221.5051102,215.95492444714918
fixed15_band10,clean,20250611::index=8.2.22E+05,22,221.5051102,209.8638782376303
fixed15_band10,clean,20250611::index=8.2.22E+05,24,221.5051102,225.76237255022983
fixed15_band10,clean,20250611::index=8.2.22E+05,28,221.5051102,217.816131488106
fixed15_band10,clean,20250611::index=8.2.22E+05,31,221.5051102,205.21440136988542
fixed15_band10,clean,20250611::index=8.2.22E+05,39,221.5051102,229.2220466220863
fixed15_band10,clean,20250611::index=8.2.22E+05,40,221.5051102,222.88135610477565
fixed15_band10,clean,20250611::index=8.2.22E+05,50,221.5051102,198.63610201286556
fixed15_band10,clean,20250611::index=8.2.22E+05,59,221.5051102,222.25902145600918
fixed15_band10,clean,20250618::index=8.225704,0,225.70496179999998,169.48480444157954
fixed15_band10,clean,20250618::index=8.225704,4,225.70496179999998,176.6430711621976
fixed15_band10,clean,20250618::index=8.225704,6,225.70496179999998,254.68252869033788
fixed15_band10,clean,20250618::index=8.225704,9,225.70496179999998,217.80223674084633
fixed15_band10,clean,20250618::index=8.225704,13,225.70496179999998,270.93050120391166
fixed15_band10,clean,20250618::index=8.225704,15,225.70496179999998,230.98389392888666
fixed15_band10,clean,20250618::index=8.225704,17,225.70496179999998,253.18685665729626
fixed15_band10,clean,20250618::index=8.225704,22,225.70496179999998,250.53595268188192
fixed15_band10,clean,20250618::index=8.225704,24,225.70496179999998,255.06551534786766
fixed15_band10,clean,20250618::index=8.225704,28,225.70496179999998,250.12925324757816
fixed15_band10,clean,20250618::index=8.225704,31,225.70496179999998,241.6221167570467
fixed15_band10,clean,20250618::index=8.225704,39,225.70496179999998,253.02961866632813
fixed15_band10,clean,20250618::index=8.225704,40,225.70496179999998,245.92132130443042
fixed15_band10,clean,20250618::index=8.225704,50,225.70496179999998,269.0133843340302
fixed15_band10,clean,20250618::index=8.225704,59,225.70496179999998,263.7288140619625
fixed15_band10,clean,20250611::index=2.2.36E+03,0,2.35533535,73.83519217354797
fixed15_band10,clean,20250611::index=2.2.36E+03,2,2.35533535,50.50027482196243
fixed15_band10,clean,20250611::index=2.2.36E+03,3,2.35533535,20.36880058138675
fixed15_band10,clean,20250611::index=2.2.36E+03,14,2.35533535,34.95724668792156
fixed15_band10,clean,20250611::index=2.2.36E+03,21,2.35533535,63.29681566949686
fixed15_band10,clean,20250611::index=2.2.36E+03,23,2.35533535,54.67996275811276
fixed15_band10,clean,20250611::index=2.2.36E+03,29,2.35533535,42.22335360017584
fixed15_band10,clean,20250611::index=2.2.36E+03,36,2.35533535,15.557863685769501
fixed15_band10,clean,20250611::index=2.2.36E+03,37,2.35533535,116.20811213747339
fixed15_band10,clean,20250611::index=2.2.36E+03,44,2.35533535,41.74310209509703
fixed15_band10,clean,20250611::index=2.2.36E+03,47,2.35533535,68.28194914570298
fixed15_band10,clean,20250611::index=2.2.36E+03,48,2.35533535,24.6170923046938
fixed15_band10,clean,20250611::index=2.2.36E+03,54,2.35533535,55.0512509372852
fixed15_band10,clean,20250611::index=2.2.36E+03,55,2.35533535,27.186296324478697
fixed15_band10,clean,20250611::index=2.2.36E+03,59,2.35533535,89.36427135746922
fixed15_band10,clean,20250618::index=2.2380,0,2.380025286,49.253688725571486
fixed15_band10,clean,20250618::index=2.2380,2,2.380025286,16.396370308160964
fixed15_band10,clean,20250618::index=2.2380,3,2.380025286,33.69689074952903
fixed15_band10,clean,20250618::index=2.2380,14,2.380025286,11.34646284479755
fixed15_band10,clean,20250618::index=2.2380,21,2.380025286,42.740875632539826
fixed15_band10,clean,20250618::index=2.2380,23,2.380025286,28.506507705272064
fixed15_band10,clean,20250618::index=2.2380,29,2.380025286,24.165195956987848
fixed15_band10,clean,20250618::index=2.2380,36,2.380025286,34.7756625615736
fixed15_band10,clean,20250618::index=2.2380,37,2.380025286,26.601270909833982
fixed15_band10,clean,20250618::index=2.2380,44,2.380025286,32.181168960966325
fixed15_band10,clean,20250618::index=2.2380,47,2.380025286,49.42863802187922
fixed15_band10,clean,20250618::index=2.2380,48,2.380025286,67.56523222118969
fixed15_band10,clean,20250618::index=2.2380,54,2.380025286,60.69714388485352
fixed15_band10,clean,20250618::index=2.2380,55,2.380025286,55.13779315647205
fixed15_band10,clean,20250618::index=2.2380,59,2.380025286,75.51195835510201
fixed15_band10,clean,20250611::index=9.2.67E+05,3,266.90769650000004,310.56866806634446
fixed15_band10,clean,20250611::index=9.2.67E+05,6,266.90769650000004,284.6781939416506
fixed15_band10,clean,20250611::index=9.2.67E+05,7,266.90769650000004,285.55095151343204
fixed15_band10,clean,20250611::index=9.2.67E+05,15,266.90769650000004,125.76442722072295
fixed15_band10,clean,20250611::index=9.2.67E+05,18,266.90769650000004,298.99476798023375
fixed15_band10,clean,20250611::index=9.2.67E+05,21,266.90769650000004,101.11230766846877
fixed15_band10,clean,20250611::index=9.2.67E+05,26,266.90769650000004,274.5524730129795
fixed15_band10,clean,20250611::index=9.2.67E+05,27,266.90769650000004,131.65814441072916
fixed15_band10,clean,20250611::index=9.2.67E+05,29,266.90769650000004,284.89756275508495
fixed15_band10,clean,20250611::index=9.2.67E+05,30,266.90769650000004,288.3737007349316
fixed15_band10,clean,20250611::index=9.2.67E+05,31,266.90769650000004,277.73067971837844
fixed15_band10,clean,20250611::index=9.2.67E+05,41,266.90769650000004,274.07908203207637
fixed15_band10,clean,20250611::index=9.2.67E+05,45,266.90769650000004,233.3227759486918
fixed15_band10,clean,20250611::index=9.2.67E+05,51,266.90769650000004,275.1709680818456
fixed15_band10,clean,20250611::index=9.2.67E+05,53,266.90769650000004,285.55095151343204
fixed15_band10,clean,20250618::index=9.271677,3,271.6776816,296.62240820226094
fixed15_band10,clean,20250618::index=9.271677,6,271.6776816,300.8399778591555
fixed15_band10,clean,20250618::index=9.271677,7,271.6776816,298.633038688404
fixed15_band10,clean,20250618::index=9.271677,15,271.6776816,316.76309695808703
fixed15_band10,clean,20250618::index=9.271677,18,271.6776816,299.6673691647462
fixed15_band10,clean,20250618::index=9.271677,21,271.6776816,306.61048903828913
fixed15_band10,clean,20250618::index=9.271677,26,271.6776816,281.5506092688667
fixed15_band10,clean,20250618::index=9.271677,27,271.6776816,283.03439085060444
fixed15_band10,clean,20250618::index=9.271677,29,271.6776816,280.03246891091555
fixed15_band10,clean,20250618::index=9.271677,30,271.6776816,271.43661927934386
fixed15_band10,clean,20250618::index=9.271677,31,271.6776816,278.54720141685226
fixed15_band10,clean,20250618::index=9.271677,41,271.6776816,269.1683595492033
fixed15_band10,clean,20250618::index=9.271677,45,271.6776816,289.2760030359789
fixed15_band10,clean,20250618::index=9.271677,51,271.6776816,251.85389903791832
fixed15_band10,clean,20250618::index=9.271677,53,271.6776816,262.9536529974325
fixed15_band10,clean,20250611::index=10.3.15E+05,2,315.4661173,304.83215775469273
fixed15_band10,clean,20250611::index=10.3.15E+05,4,315.4661173,266.6980009188095
fixed15_band10,clean,20250611::index=10.3.15E+05,10,315.4661173,315.70381540256153
fixed15_band10,clean,20250611::index=10.3.15E+05,18,315.4661173,266.6980009188095
fixed15_band10,clean,20250611::index=10.3.15E+05,21,315.4661173,90.45981927319474
fixed15_band10,clean,20250611::index=10.3.15E+05,27,315.4661173,312.918919410433
fixed15_band10,clean,20250611::index=10.3.15E+05,29,315.4661173,291.2803809363453
fixed15_band10,clean,20250611::index=10.3.15E+05,31,315.4661173,316.0992532933144
fixed15_band10,clean,20250611::index=10.3.15E+05,40,315.4661173,313.5455176784798
fixed15_band10,clean,20250611::index=10.3.15E+05,45,315.4661173,343.09409288553763
fixed15_band10,clean,20250611::index=10.3.15E+05,47,315.4661173,309.1929982122888
fixed15_band10,clean,20250611::index=10.3.15E+05,48,315.4661173,306.236002355564
fixed15_band10,clean,20250611::index=10.3.15E+05,50,315.4661173,343.41718563861184
fixed15_band10,clean,20250611::index=10.3.15E+05,53,315.4661173,291.27913229777437
fixed15_band10,clean,20250611::index=10.3.15E+05,55,315.4661173,298.99476798023375
fixed15_band10,clean,20250618::index=10.322114,2,322.1142428,348.1252948576683
fixed15_band10,clean,20250618::index=10.322114,4,322.1142428,332.4670054180862
fixed15_band10,clean,20250618::index=10.322114,10,322.1142428,321.8456829146949
fixed15_band10,clean,20250618::index=10.322114,18,322.1142428,346.80131089474753
fixed15_band10,clean,20250618::index=10.322114,21,322.1142428,294.9712287165605
fixed15_band10,clean,20250618::index=10.322114,27,322.1142428,271.36881328921686
fixed15_band10,clean,20250618::index=10.322114,29,322.1142428,203.555459865571
fixed15_band10,clean,20250618::index=10.322114,31,322.1142428,288.63127599581895
fixed15_band10,clean,20250618::index=10.322114,40,322.1142428,283.3943414217826
fixed15_band10,clean,20250618::index=10.322114,45,322.1142428,293.67774544307923
fixed15_band10,clean,20250618::index=10.322114,47,322.1142428,296.62138405800704
fixed15_band10,clean,20250618::index=10.322114,48,322.1142428,298.497763461424
fixed15_band10,clean,20250618::index=10.322114,50,322.1142428,280.10075572183
fixed15_band10,clean,20250618::index=10.322114,53,322.1142428,215.57442216266492
fixed15_band10,clean,20250618::index=10.322114,55,322.1142428,155.29992049927554
fixed15_band10,clean,20250611::index=11.3.69E+05,1,368.97810499999997,363.74512081032464
fixed15_band10,clean,20250611::index=11.3.69E+05,5,368.97810499999997,403.86917181062415
fixed15_band10,clean,20250611::index=11.3.69E+05,15,368.97810499999997,371.3759397623725
fixed15_band10,clean,20250611::index=11.3.69E+05,17,368.97810499999997,367.2604247147645
fixed15_band10,clean,20250611::index=11.3.69E+05,20,368.97810499999997,377.88246836819434
fixed15_band10,clean,20250611::index=11.3.69E+05,31,368.97810499999997,401.50203790913116
fixed15_band10,clean,20250611::index=11.3.69E+05,37,368.97810499999997,405.39497492329133
fixed15_band10,clean,20250611::index=11.3.69E+05,44,368.97810499999997,349.1093039292653
fixed15_band10,clean,20250611::index=11.3.69E+05,45,368.97810499999997,359.61435905074177
fixed15_band10,clean,20250611::index=11.3.69E+05,49,368.97810499999997,364.1538919189506
fixed15_band10,clean,20250611::index=11.3.69E+05,50,368.97810499999997,346.7799641063027
fixed15_band10,clean,20250611::index=11.3.69E+05,53,368.97810499999997,426.52299574460307
fixed15_band10,clean,20250611::index=11.3.69E+05,54,368.97810499999997,354.22778884839266
fixed15_band10,clean,20250611::index=11.3.69E+05,55,368.97810499999997,364.08952734468613
fixed15_band10,clean,20250611::index=11.3.69E+05,58,368.97810499999997,363.76222149844847
fixed15_band10,clean,20250618::index=11.376320,1,376.3201201,388.60953980260285
fixed15_band10,clean,20250618::index=11.376320,5,376.3201201,358.8170444384198
fixed15_band10,clean,20250618::index=11.376320,15,376.3201201,333.2790110198012
fixed15_band10,clean,20250618::index=11.376320,17,376.3201201,371.34153560849717
fixed15_band10,clean,20250618::index=11.376320,20,376.3201201,372.2507444134911
fixed15_band10,clean,20250618::index=11.376320,31,376.3201201,303.1403746554822
fixed15_band10,clean,20250618::index=11.376320,37,376.3201201,332.62518130466856
fixed15_band10,clean,20250618::index=11.376320,44,376.3201201,374.2742584769694
fixed15_band10,clean,20250618::index=11.376320,45,376.3201201,377.59039342324036
fixed15_band10,clean,20250618::index=11.376320,49,376.3201201,359.2239073781898
fixed15_band10,clean,20250618::index=11.376320,50,376.3201201,345.94381013901284
fixed15_band10,clean,20250618::index=11.376320,53,376.3201201,377.59407928943205
fixed15_band10,clean,20250618::index=11.376320,54,376.3201201,350.47909204188164
fixed15_band10,clean,20250618::index=11.376320,55,376.3201201,397.47497316796415
fixed15_band10,clean,20250618::index=11.376320,58,376.3201201,378.25553375582626
fixed15_band10,clean,20250611::index=12.4.27E+05,3,427.27619500000003,454.75423772347546
fixed15_band10,clean,20250611::index=12.4.27E+05,9,427.27619500000003,428.86123648758485
fixed15_band10,clean,20250611::index=12.4.27E+05,13,427.27619500000003,450.04944551946676
fixed15_band10,clean,20250611::index=12.4.27E+05,15,427.27619500000003,465.93001819727044
fixed15_band10,clean,20250611::index=12.4.27E+05,17,427.27619500000003,435.47569029290383
fixed15_band10,clean,20250611::index=12.4.27E+05,22,427.27619500000003,479.20558818099056
fixed15_band10,clean,20250611::index=12.4.27E+05,28,427.27619500000003,430.0820990175295
fixed15_band10,clean,20250611::index=12.4.27E+05,30,427.27619500000003,427.15113551239375
fixed15_band10,clean,20250611::index=12.4.27E+05,39,427.27619500000003,429.42058337379405
fixed15_band10,clean,20250611::index=12.4.27E+05,42,427.27619500000003,454.75423772347546
fixed15_band10,clean,20250611::index=12.4.27E+05,44,427.27619500000003,445.44542930347893
fixed15_band10,clean,20250611::index=12.4.27E+05,46,427.27619500000003,470.6331827270052
fixed15_band10,clean,20250611::index=12.4.27E+05,47,427.27619500000003,456.3624349604302
fixed15_band10,clean,20250611::index=12.4.27E+05,54,427.27619500000003,435.7553604401044
fixed15_band10,clean,20250611::index=12.4.27E+05,57,427.27619500000003,465.8821240313771
fixed15_band10,clean,20250618::index=12.434018,3,434.0180833,361.9541434448558
fixed15_band10,clean,20250618::index=12.434018,9,434.0180833,405.339017859307
fixed15_band10,clean,20250618::index=12.434018,13,434.0180833,480.7760636815978
fixed15_band10,clean,20250618::index=12.434018,15,434.0180833,392.9931249095031
fixed15_band10,clean,20250618::index=12.434018,17,434.0180833,393.4450574987259
fixed15_band10,clean,20250618::index=12.434018,22,434.0180833,390.96197877680623
fixed15_band10,clean,20250618::index=12.434018,28,434.0180833,402.7277533409341
fixed15_band10,clean,20250618::index=12.434018,30,434.0180833,445.79240874461027
fixed15_band10,clean,20250618::index=12.434018,39,434.0180833,385.40077660296845
fixed15_band10,clean,20250618::index=12.434018,42,434.0180833,381.51075739255685
fixed15_band10,clean,20250618::index=12.434018,44,434.0180833,375.8343377099216
fixed15_band10,clean,20250618::index=12.434018,46,434.0180833,414.50406475598913
fixed15_band10,clean,20250618::index=12.434018,47,434.0180833,463.71982433606314
fixed15_band10,clean,20250618::index=12.434018,54,434.0180833,464.685399858714
fixed15_band10,clean,20250618::index=12.434018,57,434.0180833,439.71131407480146
fixed15_band10,clean,20250611::index=13.4.89E+05,3,489.45399810000004,549.0815419733715
fixed15_band10,clean,20250611::index=13.4.89E+05,7,489.45399810000004,458.0546562311386
fixed15_band10,clean,20250611::index=13.4.89E+05,12,489.45399810000004,491.67273455025844
fixed15_band10,clean,20250611::index=13.4.89E+05,13,489.45399810000004,479.4474089656737
fixed15_band10,clean,20250611::index=13.4.89E+05,14,489.45399810000004,496.5417745086915
fixed15_band10,clean,20250611::index=13.4.89E+05,20,489.45399810000004,496.2961245441195
fixed15_band10,clean,20250611::index=13.4.89E+05,34,489.45399810000004,487.6907571851577
fixed15_band10,clean,20250611::index=13.4.89E+05,39,489.45399810000004,478.9245806986207
fixed15_band10,clean,20250611::index=13.4.89E+05,42,489.45399810000004,457.05190657937743
fixed15_band10,clean,20250611::index=13.4.89E+05,44,489.45399810000004,497.0563097066142
fixed15_band10,clean,20250611::index=13.4.89E+05,48,489.45399810000004,490.01834688362976
fixed15_band10,clean,20250611::index=13.4.89E+05,51,489.45399810000004,487.2966268117871
fixed15_band10,clean,20250611::index=13.4.89E+05,53,489.45399810000004,488.5161928273757
fixed15_band10,clean,20250611::index=13.4.89E+05,54,489.45399810000004,494.878809723353
fixed15_band10,clean,20250611::index=13.4.89E+05,59,489.45399810000004,476.99101336870484
fixed15_band10,clean,20250618::index=13.496023,3,496.0233525,505.6180302364951
fixed15_band10,clean,20250618::index=13.496023,7,496.0233525,511.48624218177935
fixed15_band10,clean,20250618::index=13.496023,12,496.0233525,464.39046693861786
fixed15_band10,clean,20250618::index=13.496023,13,496.0233525,505.6180302364951
fixed15_band10,clean,20250618::index=13.496023,14,496.0233525,517.039867441326
fixed15_band10,clean,20250618::index=13.496023,20,496.0233525,487.59462408601735
fixed15_band10,clean,20250618::index=13.496023,34,496.0233525,470.60093636737975
fixed15_band10,clean,20250618::index=13.496023,39,496.0233525,474.6192827448358
fixed15_band10,clean,20250618::index=13.496023,42,496.0233525,438.4519515538314
fixed15_band10,clean,20250618::index=13.496023,44,496.0233525,496.3599462299156
fixed15_band10,clean,20250618::index=13.496023,48,496.0233525,459.25780142426055
fixed15_band10,clean,20250618::index=13.496023,51,496.0233525,462.38591686717047
fixed15_band10,clean,20250618::index=13.496023,53,496.0233525,458.73227584415235
fixed15_band10,clean,20250618::index=13.496023,54,496.0233525,520.4024912609312
fixed15_band10,clean,20250618::index=13.496023,59,496.0233525,503.9513365705908
fixed15_band10,clean,20250611::index=14.5.54E+05,8,554.1963218000001,557.038066749613
fixed15_band10,clean,20250611::index=14.5.54E+05,9,554.1963218000001,546.273124388796
fixed15_band10,clean,20250611::index=14.5.54E+05,10,554.1963218000001,549.499587314905
fixed15_band10,clean,20250611::index=14.5.54E+05,14,554.1963218000001,556.1799568482327
fixed15_band10,clean,20250611::index=14.5.54E+05,29,554.1963218000001,544.4558375282768
fixed15_band10,clean,20250611::index=14.5.54E+05,30,554.1963218000001,502.0987017925947
fixed15_band10,clean,20250611::index=14.5.54E+05,33,554.1963218000001,610.7787914529882
fixed15_band10,clean,20250611::index=14.5.54E+05,36,554.1963218000001,558.945929031646
fixed15_band10,clean,20250611::index=14.5.54E+05,43,554.1963218000001,546.1185410110502
fixed15_band10,clean,20250611::index=14.5.54E+05,48,554.1963218000001,532.4107906840622
fixed15_band10,clean,20250611::index=14.5.54E+05,50,554.1963218000001,546.0370746511135
fixed15_band10,clean,20250611::index=14.5.54E+05,51,554.1963218000001,577.2521189990749
fixed15_band10,clean,20250611::index=14.5.54E+05,54,554.1963218000001,553.9670184422071
fixed15_band10,clean,20250611::index=14.5.54E+05,57,554.1963218000001,562.8913742841215
fixed15_band10,clean,20250611::index=14.5.54E+05,58,554.1963218000001,511.1383130030089
fixed15_band10,clean,20250618::index=14.562158,8,562.1587854,542.5431698864669
fixed15_band10,clean,20250618::index=14.562158,9,562.1587854,574.6488193656434
fixed15_band10,clean,20250618::index=14.562158,10,562.1587854,558.6329993012483
fixed15_band10,clean,20250618::index=14.562158,14,562.1587854,576.6052797653272
fixed15_band10,clean,20250618::index=14.562158,29,562.1587854,563.8436744403075
fixed15_band10,clean,20250618::index=14.562158,30,562.1587854,552.8991955286225
fixed15_band10,clean,20250618::index=14.562158,33,562.1587854,558.8510769153932
fixed15_band10,clean,20250618::index=14.562158,36,562.1587854,575.7391448125308
fixed15_band10,clean,20250618::index=14.562158,43,562.1587854,574.6488193656434
fixed15_band10,clean,20250618::index=14.562158,48,562.1587854,511.8468224132808
fixed15_band10,clean,20250618::index=14.562158,50,562.1587854,562.8131515336305
fixed15_band10,clean,20250618::index=14.562158,51,562.1587854,561.3301310561959
fixed15_band10,clean,20250618::index=14.562158,54,562.1587854,538.5798628646598
fixed15_band10,clean,20250618::index=14.562158,57,562.1587854,562.5316031684705
fixed15_band10,clean,20250618::index=14.562158,58,562.1587854,569.0872452962809
fixed15_band10,clean,20250611::index=4.5.76E+04,2,57.59331665,43.40655150377896
fixed15_band10,clean,20250611::index=4.5.76E+04,3,57.59331665,50.83594637754215
fixed15_band10,clean,20250611::index=4.5.76E+04,6,57.59331665,51.56416001468368
fixed15_band10,clean,20250611::index=4.5.76E+04,11,57.59331665,71.79658823222319
fixed15_band10,clean,20250611::index=4.5.76E+04,13,57.59331665,12.792222091324357
fixed15_band10,clean,20250611::index=4.5.76E+04,15,57.59331665,75.3698138101062
fixed15_band10,clean,20250611::index=4.5.76E+04,18,57.59331665,73.84794944232516
fixed15_band10,clean,20250611::index=4.5.76E+04,33,57.59331665,30.690968295008215
fixed15_band10,clean,20250611::index=4.5.76E+04,38,57.59331665,16.287032458741653
fixed15_band10,clean,20250611::index=4.5.76E+04,41,57.59331665,38.36250850341182
fixed15_band10,clean,20250611::index=4.5.76E+04,42,57.59331665,44.917520209137685
fixed15_band10,clean,20250611::index=4.5.76E+04,44,57.59331665,29.4677803537515
fixed15_band10,clean,20250611::index=4.5.76E+04,46,57.59331665,89.12053973015868
fixed15_band10,clean,20250611::index=4.5.76E+04,54,57.59331665,72.1612704048386
fixed15_band10,clean,20250611::index=4.5.76E+04,55,57.59331665,135.14682841271764
fixed15_band10,clean,20250618::index=4.58389,2,58.38985471,53.28138567197279
fixed15_band10,clean,20250618::index=4.58389,3,58.38985471,64.82455910477715
fixed15_band10,clean,20250618::index=4.58389,6,58.38985471,66.81152896473498
fixed15_band10,clean,20250618::index=4.58389,11,58.38985471,69.6837199821016
fixed15_band10,clean,20250618::index=4.58389,13,58.38985471,61.46730232732143
fixed15_band10,clean,20250618::index=4.58389,15,58.38985471,54.84067727525921
fixed15_band10,clean,20250618::index=4.58389,18,58.38985471,48.63696817646217
fixed15_band10,clean,20250618::index=4.58389,33,58.38985471,42.75817011339114
fixed15_band10,clean,20250618::index=4.58389,38,58.38985471,20.248762099377352
fixed15_band10,clean,20250618::index=4.58389,41,58.38985471,44.517598420198475
fixed15_band10,clean,20250618::index=4.58389,42,58.38985471,42.055996838073405
fixed15_band10,clean,20250618::index=4.58389,44,58.38985471,52.03258749891966
fixed15_band10,clean,20250618::index=4.58389,46,58.38985471,38.72461012700826
fixed15_band10,clean,20250618::index=4.58389,54,58.38985471,57.62208682155846
fixed15_band10,clean,20250618::index=4.58389,55,58.38985471,28.081443896331884
fixed15_band10,clean,20250611::index=15.6.24E+05,3,624.4425514,654.8191203666141
fixed15_band10,clean,20250611::index=15.6.24E+05,4,624.4425514,616.1819832317118
fixed15_band10,clean,20250611::index=15.6.24E+05,11,624.4425514,643.9415543505481
fixed15_band10,clean,20250611::index=15.6.24E+05,13,624.4425514,584.3346959954813
fixed15_band10,clean,20250611::index=15.6.24E+05,14,624.4425514,634.8024833374815
fixed15_band10,clean,20250611::index=15.6.24E+05,18,624.4425514,612.1644289180242
fixed15_band10,clean,20250611::index=15.6.24E+05,19,624.4425514,615.2402213714026
fixed15_band10,clean,20250611::index=15.6.24E+05,27,624.4425514,602.9988038020208
fixed15_band10,clean,20250611::index=15.6.24E+05,39,624.4425514,647.5509891035001
fixed15_band10,clean,20250611::index=15.6.24E+05,43,624.4425514,643.3232958567212
fixed15_band10,clean,20250611::index=15.6.24E+05,46,624.4425514,618.0288227044593
fixed15_band10,clean,20250611::index=15.6.24E+05,51,624.4425514,626.0261546487786
fixed15_band10,clean,20250611::index=15.6.24E+05,55,624.4425514,639.3624634265934
fixed15_band10,clean,20250611::index=15.6.24E+05,57,624.4425514,606.0929546243623
fixed15_band10,clean,20250611::index=15.6.24E+05,58,624.4425514,616.3305468182899
fixed15_band10,clean,20250618::index=15.633482,3,633.482536,655.7534237020343
fixed15_band10,clean,20250618::index=15.633482,4,633.482536,638.1384447525228
fixed15_band10,clean,20250618::index=15.633482,11,633.482536,640.0599663353246
fixed15_band10,clean,20250618::index=15.633482,13,633.482536,588.030706409371
fixed15_band10,clean,20250618::index=15.633482,14,633.482536,642.6025478600026
fixed15_band10,clean,20250618::index=15.633482,18,633.482536,603.614433536529
fixed15_band10,clean,20250618::index=15.633482,19,633.482536,639.2426439666293
fixed15_band10,clean,20250618::index=15.633482,27,633.482536,596.6180680482425
fixed15_band10,clean,20250618::index=15.633482,39,633.482536,587.7157311572441
fixed15_band10,clean,20250618::index=15.633482,43,633.482536,648.9793374893097
fixed15_band10,clean,20250618::index=15.633482,46,633.482536,681.8658306680433
fixed15_band10,clean,20250618::index=15.633482,51,633.482536,685.2658839154818
fixed15_band10,clean,20250618::index=15.633482,55,633.482536,590.7487198333607
fixed15_band10,clean,20250618::index=15.633482,57,633.482536,630.6691523202092
fixed15_band10,clean,20250618::index=15.633482,58,633.482536,656.3463110780773
fixed15_band10,clean,20250611::index=16.6.98E+05,2,698.421296,683.3533855114258
fixed15_band10,clean,20250611::index=16.6.98E+05,6,698.421296,758.7033951517213
fixed15_band10,clean,20250611::index=16.6.98E+05,9,698.421296,663.7853698268183
fixed15_band10,clean,20250611::index=16.6.98E+05,10,698.421296,699.7767442758299
fixed15_band10,clean,20250611::index=16.6.98E+05,13,698.421296,691.0444715618377
fixed15_band10,clean,20250611::index=16.6.98E+05,17,698.421296,687.951982131458
fixed15_band10,clean,20250611::index=16.6.98E+05,35,698.421296,676.2462507520584
fixed15_band10,clean,20250611::index=16.6.98E+05,37,698.421296,719.9131487053469
fixed15_band10,clean,20250611::index=16.6.98E+05,39,698.421296,667.1167087800962
fixed15_band10,clean,20250611::index=16.6.98E+05,40,698.421296,715.2601272793925
fixed15_band10,clean,20250611::index=16.6.98E+05,46,698.421296,766.9623645183573
fixed15_band10,clean,20250611::index=16.6.98E+05,47,698.421296,710.2178838567245
fixed15_band10,clean,20250611::index=16.6.98E+05,52,698.421296,747.4960841954521
fixed15_band10,clean,20250611::index=16.6.98E+05,55,698.421296,671.9813250598332
fixed15_band10,clean,20250611::index=16.6.98E+05,57,698.421296,694.9124548871504
fixed15_band10,clean,20250618::index=16.709792,2,709.7927143,705.3158763125113
fixed15_band10,clean,20250618::index=16.709792,6,709.7927143,732.7066379742998
fixed15_band10,clean,20250618::index=16.709792,9,709.7927143,679.1569781010097
fixed15_band10,clean,20250618::index=16.709792,10,709.7927143,761.833860680077
fixed15_band10,clean,20250618::index=16.709792,13,709.7927143,713.1432231820987
fixed15_band10,clean,20250618::index=16.709792,17,709.7927143,730.3652191296317
fixed15_band10,clean,20250618::index=16.709792,35,709.7927143,687.4463032434626
fixed15_band10,clean,20250618::index=16.709792,37,709.7927143,723.3273666765272
fixed15_band10,clean,20250618::index=16.709792,39,709.7927143,703.4515303682509
fixed15_band10,clean,20250618::index=16.709792,40,709.7927143,775.7299639136455
fixed15_band10,clean,20250618::index=16.709792,46,709.7927143,803.6916077583985
fixed15_band10,clean,20250618::index=16.709792,47,709.7927143,751.071199348214
fixed15_band10,clean,20250618::index=16.709792,52,709.7927143,719.8033841497946
fixed15_band10,clean,20250618::index=16.709792,55,709.7927143,676.9249663396148
fixed15_band10,clean,20250618::index=16.709792,57,709.7927143,658.7669973713722
fixed15_band10,clean,20250611::index=17.7.77E+05,5,776.6472223000001,752.8184975570201
fixed15_band10,clean,20250611::index=17.7.77E+05,6,776.6472223000001,773.9048879979233
fixed15_band10,clean,20250611::index=17.7.77E+05,7,776.6472223000001,831.7047867627983
fixed15_band10,clean,20250611::index=17.7.77E+05,8,776.6472223000001,782.3852592925568
fixed15_band10,clean,20250611::index=17.7.77E+05,10,776.6472223000001,779.6751427882508
fixed15_band10,clean,20250611::index=17.7.77E+05,14,776.6472223000001,804.9694373998121
fixed15_band10,clean,20250611::index=17.7.77E+05,19,776.6472223000001,830.7640516726184
fixed15_band10,clean,20250611::index=17.7.77E+05,24,776.6472223000001,789.5769313997748
fixed15_band10,clean,20250611::index=17.7.77E+05,26,776.6472223000001,746.4683867061104
fixed15_band10,clean,20250611::index=17.7.77E+05,31,776.6472223000001,769.6128194261605
fixed15_band10,clean,20250611::index=17.7.77E+05,41,776.6472223000001,791.3438224013677
fixed15_band10,clean,20250611::index=17.7.77E+05,52,776.6472223000001,779.1212863592899
fixed15_band10,clean,20250611::index=17.7.77E+05,53,776.6472223000001,785.0820958635593
fixed15_band10,clean,20250611::index=17.7.77E+05,54,776.6472223000001,748.452319898318
fixed15_band10,clean,20250611::index=17.7.77E+05,55,776.6472223000001,756.0142441938043
fixed15_band10,clean,20250618::index=17.789500,5,789.5001968,760.3042720883584
fixed15_band10,clean,20250618::index=17.789500,6,789.5001968,844.4353428166766
fixed15_band10,clean,20250618::index=17.789500,7,789.5001968,750.1881648000793
fixed15_band10,clean,20250618::index=17.789500,8,789.5001968,714.6301735015874
fixed15_band10,clean,20250618::index=17.789500,10,789.5001968,774.2262056302985
fixed15_band10,clean,20250618::index=17.789500,14,789.5001968,848.0615632044342
fixed15_band10,clean,20250618::index=17.789500,19,789.5001968,825.515828120615
fixed15_band10,clean,20250618::index=17.789500,24,789.5001968,766.3347521858796
fixed15_band10,clean,20250618::index=17.789500,26,789.5001968,856.2723705185997
fixed15_band10,clean,20250618::index=17.789500,31,789.5001968,796.769390692462
fixed15_band10,clean,20250618::index=17.789500,41,789.5001968,755.0841124803942
fixed15_band10,clean,20250618::index=17.789500,52,789.5001968,743.0408092372132
fixed15_band10,clean,20250618::index=17.789500,53,789.5001968,762.2637743399349
fixed15_band10,clean,20250618::index=17.789500,54,789.5001968,799.5080298858168
fixed15_band10,clean,20250618::index=17.789500,55,789.5001968,792.4118784130916
fixed15_band10,clean,20250611::index=18.8.59E+05,0,859.3439142,859.9082261523571
fixed15_band10,clean,20250611::index=18.8.59E+05,5,859.3439142,800.2321321916736
fixed15_band10,clean,20250611::index=18.8.59E+05,14,859.3439142,851.5817541716158
fixed15_band10,clean,20250611::index=18.8.59E+05,18,859.3439142,808.1818551904388
fixed15_band10,clean,20250611::index=18.8.59E+05,19,859.3439142,860.21515129927
fixed15_band10,clean,20250611::index=18.8.59E+05,21,859.3439142,853.9099473789737
fixed15_band10,clean,20250611::index=18.8.59E+05,26,859.3439142,858.6651192807395
fixed15_band10,clean,20250611::index=18.8.59E+05,27,859.3439142,855.3723373866519
fixed15_band10,clean,20250611::index=18.8.59E+05,32,859.3439142,857.0768076032853
fixed15_band10,clean,20250611::index=18.8.59E+05,36,859.3439142,863.7102334815795
fixed15_band10,clean,20250611::index=18.8.59E+05,43,859.3439142,785.8016135989418
fixed15_band10,clean,20250611::index=18.8.59E+05,53,859.3439142,854.5979259397747
fixed15_band10,clean,20250611::index=18.8.59E+05,54,859.3439142,850.9138502864208
fixed15_band10,clean,20250611::index=18.8.59E+05,56,859.3439142,862.6249854417993
fixed15_band10,clean,20250611::index=18.8.59E+05,57,859.3439142,846.840527642523
fixed15_band10,clean,20250618::index=18.873637,0,873.6370359,867.8590761029128
fixed15_band10,clean,20250618::index=18.873637,5,873.6370359,866.8536249039718
fixed15_band10,clean,20250618::index=18.873637,14,873.6370359,862.6059295801072
fixed15_band10,clean,20250618::index=18.873637,18,873.6370359,857.5412895946699
fixed15_band10,clean,20250618::index=18.873637,19,873.6370359,847.9923301926088
fixed15_band10,clean,20250618::index=18.873637,21,873.6370359,842.6824302245718
fixed15_band10,clean,20250618::index=18.873637,26,873.6370359,872.1630942121595
fixed15_band10,clean,20250618::index=18.873637,27,873.6370359,861.4751816711974
fixed15_band10,clean,20250618::index=18.873637,32,873.6370359,848.3900333816491
fixed15_band10,clean,20250618::index=18.873637,36,873.6370359,842.9957980675981
fixed15_band10,clean,20250618::index=18.873637,43,873.6370359,858.4461405187166
fixed15_band10,clean,20250618::index=18.873637,53,873.6370359,861.7800886544219
fixed15_band10,clean,20250618::index=18.873637,54,873.6370359,832.3419173851288
fixed15_band10,clean,20250618::index=18.873637,56,873.6370359,843.1995168412692
fixed15_band10,clean,20250618::index=18.873637,57,873.6370359,857.3853258508497
fixed15_frequency34,clean,20250618::index=1.0,0,-1.42e-09,52.25170609033899
fixed15_frequency34,clean,20250618::index=1.0,3,-1.42e-09,140.70606871170367
fixed15_frequency34,clean,20250618::index=1.0,5,-1.42e-09,14.400823628977031
fixed15_frequency34,clean,20250618::index=1.0,12,-1.42e-09,5.856116797767587
fixed15_frequency34,clean,20250618::index=1.0,13,-1.42e-09,2.390790075328055
fixed15_frequency34,clean,20250618::index=1.0,31,-1.42e-09,5.477272659271553
fixed15_frequency34,clean,20250618::index=1.0,33,-1.42e-09,6.409208281031345
fixed15_frequency34,clean,20250618::index=1.0,36,-1.42e-09,-8.397327808006708
fixed15_frequency34,clean,20250618::index=1.0,45,-1.42e-09,1.9243296028804033
fixed15_frequency34,clean,20250618::index=1.0,46,-1.42e-09,0.01814515083202934
fixed15_frequency34,clean,20250618::index=1.0,48,-1.42e-09,0.7892788751165537
fixed15_frequency34,clean,20250618::index=1.0,50,-1.42e-09,-4.4217666586057325
fixed15_frequency34,clean,20250618::index=1.0,52,-1.42e-09,4.0535478846164645
fixed15_frequency34,clean,20250618::index=1.0,54,-1.42e-09,-3.997643642304843
fixed15_frequency34,clean,20250618::index=1.0,57,-1.42e-09,2.185914684973694
fixed15_frequency34,clean,20250611::index=1.3.28E-04,0,3.28047e-07,89.96053366305453
fixed15_frequency34,clean,20250611::index=1.3.28E-04,3,3.28047e-07,145.95079051756244
fixed15_frequency34,clean,20250611::index=1.3.28E-04,5,3.28047e-07,171.2914748631361
fixed15_frequency34,clean,20250611::index=1.3.28E-04,12,3.28047e-07,38.48545882751776
fixed15_frequency34,clean,20250611::index=1.3.28E-04,13,3.28047e-07,-3.81860613109828
fixed15_frequency34,clean,20250611::index=1.3.28E-04,31,3.28047e-07,-6.659379081717402
fixed15_frequency34,clean,20250611::index=1.3.28E-04,33,3.28047e-07,51.17898402269901
fixed15_frequency34,clean,20250611::index=1.3.28E-04,36,3.28047e-07,-5.595065448940247
fixed15_frequency34,clean,20250611::index=1.3.28E-04,45,3.28047e-07,-16.137413889939552
fixed15_frequency34,clean,20250611::index=1.3.28E-04,46,3.28047e-07,37.236026982540245
fixed15_frequency34,clean,20250611::index=1.3.28E-04,48,3.28047e-07,-11.645977772812534
fixed15_frequency34,clean,20250611::index=1.3.28E-04,50,3.28047e-07,140.91352911475468
fixed15_frequency34,clean,20250611::index=1.3.28E-04,52,3.28047e-07,84.27345541740321
fixed15_frequency34,clean,20250611::index=1.3.28E-04,54,3.28047e-07,24.845169463366677
fixed15_frequency34,clean,20250611::index=1.3.28E-04,57,3.28047e-07,47.29307118736478
fixed15_frequency34,clean,20250611::index=5.1.11E+05,17,111.2647017,64.65683471646777
fixed15_frequency34,clean,20250611::index=5.1.11E+05,19,111.2647017,58.08052970798945
fixed15_frequency34,clean,20250611::index=5.1.11E+05,21,111.2647017,55.6254557463216
fixed15_frequency34,clean,20250611::index=5.1.11E+05,23,111.2647017,79.17553780461836
fixed15_frequency34,clean,20250611::index=5.1.11E+05,28,111.2647017,67.32057144403038
fixed15_frequency34,clean,20250611::index=5.1.11E+05,34,111.2647017,72.7815479496651
fixed15_frequency34,clean,20250611::index=5.1.11E+05,35,111.2647017,118.26427033572057
fixed15_frequency34,clean,20250611::index=5.1.11E+05,41,111.2647017,67.862883842984
fixed15_frequency34,clean,20250611::index=5.1.11E+05,46,111.2647017,78.60018991150496
fixed15_frequency34,clean,20250611::index=5.1.11E+05,47,111.2647017,158.03461999316545
fixed15_frequency34,clean,20250611::index=5.1.11E+05,48,111.2647017,120.93651049854536
fixed15_frequency34,clean,20250611::index=5.1.11E+05,51,111.2647017,103.48409755002493
fixed15_frequency34,clean,20250611::index=5.1.11E+05,55,111.2647017,129.15203867234146
fixed15_frequency34,clean,20250611::index=5.1.11E+05,56,111.2647017,153.24366704652093
fixed15_frequency34,clean,20250611::index=5.1.11E+05,58,111.2647017,94.03849590436724
fixed15_frequency34,clean,20250618::index=5.113188,17,113.1882901,69.94206589866357
fixed15_frequency34,clean,20250618::index=5.113188,19,113.1882901,134.9443577145908
fixed15_frequency34,clean,20250618::index=5.113188,21,113.1882901,116.43556974773318
fixed15_frequency34,clean,20250618::index=5.113188,23,113.1882901,138.0972036897168
fixed15_frequency34,clean,20250618::index=5.113188,28,113.1882901,108.06163027800466
fixed15_frequency34,clean,20250618::index=5.113188,34,113.1882901,104.65753874418853
fixed15_frequency34,clean,20250618::index=5.113188,35,113.1882901,105.73031360663447
fixed15_frequency34,clean,20250618::index=5.113188,41,113.1882901,118.65308753991525
fixed15_frequency34,clean,20250618::index=5.113188,46,113.1882901,113.72589760720652
fixed15_frequency34,clean,20250618::index=5.113188,47,113.1882901,108.18439438651194
fixed15_frequency34,clean,20250618::index=5.113188,48,113.1882901,115.23738609642982
fixed15_frequency34,clean,20250618::index=5.113188,51,113.1882901,123.90664955704973
fixed15_frequency34,clean,20250618::index=5.113188,55,113.1882901,125.86102368356929
fixed15_frequency34,clean,20250618::index=5.113188,56,113.1882901,140.9584524269453
fixed15_frequency34,clean,20250618::index=5.113188,58,113.1882901,139.85472511062395
fixed15_frequency34,clean,20250611::index=6.1.44E+05,6,144.32426180000002,125.01220485463152
fixed15_frequency34,clean,20250611::index=6.1.44E+05,11,144.32426180000002,122.63146402778816
fixed15_frequency34,clean,20250611::index=6.1.44E+05,13,144.32426180000002,51.363679506447596
fixed15_frequency34,clean,20250611::index=6.1.44E+05,26,144.32426180000002,111.49195298567932
fixed15_frequency34,clean,20250611::index=6.1.44E+05,31,144.32426180000002,149.0761142351463
fixed15_frequency34,clean,20250611::index=6.1.44E+05,34,144.32426180000002,161.62113717540097
fixed15_frequency34,clean,20250611::index=6.1.44E+05,35,144.32426180000002,116.97171954449792
fixed15_frequency34,clean,20250611::index=6.1.44E+05,36,144.32426180000002,95.09622292679856
fixed15_frequency34,clean,20250611::index=6.1.44E+05,38,144.32426180000002,113.89471009023073
fixed15_frequency34,clean,20250611::index=6.1.44E+05,40,144.32426180000002,162.77345384156075
fixed15_frequency34,clean,20250611::index=6.1.44E+05,46,144.32426180000002,120.47608496066229
fixed15_frequency34,clean,20250611::index=6.1.44E+05,47,144.32426180000002,99.91323760897373
fixed15_frequency34,clean,20250611::index=6.1.44E+05,56,144.32426180000002,153.01681494001156
fixed15_frequency34,clean,20250611::index=6.1.44E+05,58,144.32426180000002,110.83485711358345
fixed15_frequency34,clean,20250611::index=6.1.44E+05,59,144.32426180000002,171.56838276697528
fixed15_frequency34,clean,20250618::index=6.146381,6,146.38165049999998,140.02470597598779
fixed15_frequency34,clean,20250618::index=6.146381,11,146.38165049999998,110.03353882177284
fixed15_frequency34,clean,20250618::index=6.146381,13,146.38165049999998,145.47662424758116
fixed15_frequency34,clean,20250618::index=6.146381,26,146.38165049999998,147.1508784562107
fixed15_frequency34,clean,20250618::index=6.146381,31,146.38165049999998,149.4130048837679
fixed15_frequency34,clean,20250618::index=6.146381,34,146.38165049999998,146.51092667845396
fixed15_frequency34,clean,20250618::index=6.146381,35,146.38165049999998,141.6648145956007
fixed15_frequency34,clean,20250618::index=6.146381,36,146.38165049999998,145.46217435637783
fixed15_frequency34,clean,20250618::index=6.146381,38,146.38165049999998,144.03935576520882
fixed15_frequency34,clean,20250618::index=6.146381,40,146.38165049999998,153.23251069030263
fixed15_frequency34,clean,20250618::index=6.146381,46,146.38165049999998,151.51000635127102
fixed15_frequency34,clean,20250618::index=6.146381,47,146.38165049999998,146.07239648721733
fixed15_frequency34,clean,20250618::index=6.146381,56,146.38165049999998,140.4352214822459
fixed15_frequency34,clean,20250618::index=6.146381,58,146.38165049999998,140.28035957329843
fixed15_frequency34,clean,20250618::index=6.146381,59,146.38165049999998,170.35165134632737
fixed15_frequency34,clean,20250611::index=7.1.81E+05,4,181.378003,154.40724232261866
fixed15_frequency34,clean,20250611::index=7.1.81E+05,5,181.378003,176.112003470391
fixed15_frequency34,clean,20250611::index=7.1.81E+05,10,181.378003,141.01393854951377
fixed15_frequency34,clean,20250611::index=7.1.81E+05,15,181.378003,175.08214359213954
fixed15_frequency34,clean,20250611::index=7.1.81E+05,18,181.378003,158.51178695674724
fixed15_frequency34,clean,20250611::index=7.1.81E+05,20,181.378003,168.5465316222045
fixed15_frequency34,clean,20250611::index=7.1.81E+05,26,181.378003,132.84351587804676
fixed15_frequency34,clean,20250611::index=7.1.81E+05,28,181.378003,95.9344513074432
fixed15_frequency34,clean,20250611::index=7.1.81E+05,33,181.378003,145.47520170923684
fixed15_frequency34,clean,20250611::index=7.1.81E+05,37,181.378003,195.46936145710475
fixed15_frequency34,clean,20250611::index=7.1.81E+05,41,181.378003,164.06902220986683
fixed15_frequency34,clean,20250611::index=7.1.81E+05,44,181.378003,177.87140960539492
fixed15_frequency34,clean,20250611::index=7.1.81E+05,56,181.378003,127.15370467790034
fixed15_frequency34,clean,20250611::index=7.1.81E+05,57,181.378003,167.9378947554285
fixed15_frequency34,clean,20250611::index=7.1.81E+05,58,181.378003,212.07294376293223
fixed15_frequency34,clean,20250618::index=7.184190,4,184.1909699,189.09351743123293
fixed15_frequency34,clean,20250618::index=7.184190,5,184.1909699,187.15081999864523
fixed15_frequency34,clean,20250618::index=7.184190,10,184.1909699,175.1541517618615
fixed15_frequency34,clean,20250618::index=7.184190,15,184.1909699,184.97097415529677
fixed15_frequency34,clean,20250618::index=7.184190,18,184.1909699,185.6720296856957
fixed15_frequency34,clean,20250618::index=7.184190,20,184.1909699,181.92491276846118
fixed15_frequency34,clean,20250618::index=7.184190,26,184.1909699,184.91994498630498
fixed15_frequency34,clean,20250618::index=7.184190,28,184.1909699,162.17754953990763
fixed15_frequency34,clean,20250618::index=7.184190,33,184.1909699,172.63197620106064
fixed15_frequency34,clean,20250618::index=7.184190,37,184.1909699,192.56631608365407
fixed15_frequency34,clean,20250618::index=7.184190,41,184.1909699,223.5898921110107
fixed15_frequency34,clean,20250618::index=7.184190,44,184.1909699,195.42557208904233
fixed15_frequency34,clean,20250618::index=7.184190,56,184.1909699,215.16504242810785
fixed15_frequency34,clean,20250618::index=7.184190,57,184.1909699,180.0174929643359
fixed15_frequency34,clean,20250618::index=7.184190,58,184.1909699,183.77102150863337
fixed15_frequency34,clean,20250611::index=3.2.10E+04,1,20.97971604,19.085304907823318
fixed15_frequency34,clean,20250611::index=3.2.10E+04,6,20.97971604,68.46379268134615
fixed15_frequency34,clean,20250611::index=3.2.10E+04,11,20.97971604,42.37593316013535
fixed15_frequency34,clean,20250611::index=3.2.10E+04,22,20.97971604,168.10885152580332
fixed15_frequency34,clean,20250611::index=3.2.10E+04,28,20.97971604,38.67777742633053
fixed15_frequency34,clean,20250611::index=3.2.10E+04,33,20.97971604,43.402877719298004
fixed15_frequency34,clean,20250611::index=3.2.10E+04,34,20.97971604,64.76950440696534
fixed15_frequency34,clean,20250611::index=3.2.10E+04,36,20.97971604,28.512175282354875
fixed15_frequency34,clean,20250611::index=3.2.10E+04,41,20.97971604,50.4846723157471
fixed15_frequency34,clean,20250611::index=3.2.10E+04,42,20.97971604,13.995810371041978
fixed15_frequency34,clean,20250611::index=3.2.10E+04,52,20.97971604,29.55405246555608
fixed15_frequency34,clean,20250611::index=3.2.10E+04,54,20.97971604,55.56575821643637
fixed15_frequency34,clean,20250611::index=3.2.10E+04,56,20.97971604,61.221417328481415
fixed15_frequency34,clean,20250611::index=3.2.10E+04,57,20.97971604,48.17861111693128
fixed15_frequency34,clean,20250611::index=3.2.10E+04,59,20.97971604,42.94157373283506
fixed15_frequency34,clean,20250618::index=3.21242,1,21.24286319,16.29496774933623
fixed15_frequency34,clean,20250618::index=3.21242,6,21.24286319,7.567487779047989
fixed15_frequency34,clean,20250618::index=3.21242,11,21.24286319,23.396116619558203
fixed15_frequency34,clean,20250618::index=3.21242,22,21.24286319,25.755536395906486
fixed15_frequency34,clean,20250618::index=3.21242,28,21.24286319,34.16491760986308
fixed15_frequency34,clean,20250618::index=3.21242,33,21.24286319,32.541027468920355
fixed15_frequency34,clean,20250618::index=3.21242,34,21.24286319,55.67155669582492
fixed15_frequency34,clean,20250618::index=3.21242,36,21.24286319,55.44444303819736
fixed15_frequency34,clean,20250618::index=3.21242,41,21.24286319,29.73169271951334
fixed15_frequency34,clean,20250618::index=3.21242,42,21.24286319,30.074272986881155
fixed15_frequency34,clean,20250618::index=3.21242,52,21.24286319,35.36611904645403
fixed15_frequency34,clean,20250618::index=3.21242,54,21.24286319,53.18883827310501
fixed15_frequency34,clean,20250618::index=3.21242,56,21.24286319,46.90528281840234
fixed15_frequency34,clean,20250618::index=3.21242,57,21.24286319,53.419916189678524
fixed15_frequency34,clean,20250618::index=3.21242,59,21.24286319,47.17976863165302
fixed15_frequency34,clean,20250611::index=8.2.22E+05,0,221.5051102,218.07347210780665
fixed15_frequency34,clean,20250611::index=8.2.22E+05,4,221.5051102,217.44668639672682
fixed15_frequency34,clean,20250611::index=8.2.22E+05,6,221.5051102,216.34511749738704
fixed15_frequency34,clean,20250611::index=8.2.22E+05,9,221.5051102,220.00328093253577
fixed15_frequency34,clean,20250611::index=8.2.22E+05,13,221.5051102,152.1796940614542
fixed15_frequency34,clean,20250611::index=8.2.22E+05,15,221.5051102,216.73556522745793
fixed15_frequency34,clean,20250611::index=8.2.22E+05,17,221.5051102,226.23841107209424
fixed15_frequency34,clean,20250611::index=8.2.22E+05,22,221.5051102,220.45017627552363
fixed15_frequency34,clean,20250611::index=8.2.22E+05,24,221.5051102,228.56172100181777
fixed15_frequency34,clean,20250611::index=8.2.22E+05,28,221.5051102,209.08791242881395
fixed15_frequency34,clean,20250611::index=8.2.22E+05,31,221.5051102,145.34550437386656
fixed15_frequency34,clean,20250611::index=8.2.22E+05,39,221.5051102,224.90598380617106
fixed15_frequency34,clean,20250611::index=8.2.22E+05,40,221.5051102,231.57985106966197
fixed15_frequency34,clean,20250611::index=8.2.22E+05,50,221.5051102,171.39276330415555
fixed15_frequency34,clean,20250611::index=8.2.22E+05,59,221.5051102,229.0291620873386
fixed15_frequency34,clean,20250618::index=8.225704,0,225.70496179999998,211.56715596556361
fixed15_frequency34,clean,20250618::index=8.225704,4,225.70496179999998,218.03238239305156
fixed15_frequency34,clean,20250618::index=8.225704,6,225.70496179999998,231.59425955558396
fixed15_frequency34,clean,20250618::index=8.225704,9,225.70496179999998,229.8842689480628
fixed15_frequency34,clean,20250618::index=8.225704,13,225.70496179999998,270.4820831705802
fixed15_frequency34,clean,20250618::index=8.225704,15,225.70496179999998,207.63860432956778
fixed15_frequency34,clean,20250618::index=8.225704,17,225.70496179999998,237.10069380250468
fixed15_frequency34,clean,20250618::index=8.225704,22,225.70496179999998,217.87029704876906
fixed15_frequency34,clean,20250618::index=8.225704,24,225.70496179999998,229.21998538774025
fixed15_frequency34,clean,20250618::index=8.225704,28,225.70496179999998,222.11528615418013
fixed15_frequency34,clean,20250618::index=8.225704,31,225.70496179999998,232.20504384473435
fixed15_frequency34,clean,20250618::index=8.225704,39,225.70496179999998,242.27418175539222
fixed15_frequency34,clean,20250618::index=8.225704,40,225.70496179999998,237.57189625728546
fixed15_frequency34,clean,20250618::index=8.225704,50,225.70496179999998,274.9771318243432
fixed15_frequency34,clean,20250618::index=8.225704,59,225.70496179999998,247.0414648129324
fixed15_frequency34,clean,20250611::index=2.2.36E+03,0,2.35533535,41.78969832235275
fixed15_frequency34,clean,20250611::index=2.2.36E+03,2,2.35533535,45.79257916758634
fixed15_frequency34,clean,20250611::index=2.2.36E+03,3,2.35533535,17.495955166485736
fixed15_frequency34,clean,20250611::index=2.2.36E+03,14,2.35533535,3.4911087016045452
fixed15_frequency34,clean,20250611::index=2.2.36E+03,21,2.35533535,48.36535180199291
fixed15_frequency34,clean,20250611::index=2.2.36E+03,23,2.35533535,33.27130814649931
fixed15_frequency34,clean,20250611::index=2.2.36E+03,29,2.35533535,21.355770484587875
fixed15_frequency34,clean,20250611::index=2.2.36E+03,36,2.35533535,30.749984912591863
fixed15_frequency34,clean,20250611::index=2.2.36E+03,37,2.35533535,76.28503161671343
fixed15_frequency34,clean,20250611::index=2.2.36E+03,44,2.35533535,23.998960016204585
fixed15_frequency34,clean,20250611::index=2.2.36E+03,47,2.35533535,42.22056208631461
fixed15_frequency34,clean,20250611::index=2.2.36E+03,48,2.35533535,25.97090933228263
fixed15_frequency34,clean,20250611::index=2.2.36E+03,54,2.35533535,56.218565908215425
fixed15_frequency34,clean,20250611::index=2.2.36E+03,55,2.35533535,25.197257451756716
fixed15_frequency34,clean,20250611::index=2.2.36E+03,59,2.35533535,63.71188093955859
fixed15_frequency34,clean,20250618::index=2.2380,0,2.380025286,43.697083914718085
fixed15_frequency34,clean,20250618::index=2.2380,2,2.380025286,9.228700876427675
fixed15_frequency34,clean,20250618::index=2.2380,3,2.380025286,11.29230056280042
fixed15_frequency34,clean,20250618::index=2.2380,14,2.380025286,-1.315001078458499
fixed15_frequency34,clean,20250618::index=2.2380,21,2.380025286,160.49342288346378
fixed15_frequency34,clean,20250618::index=2.2380,23,2.380025286,2.1194353451733603
fixed15_frequency34,clean,20250618::index=2.2380,29,2.380025286,12.848804674772763
fixed15_frequency34,clean,20250618::index=2.2380,36,2.380025286,35.79673967032125
fixed15_frequency34,clean,20250618::index=2.2380,37,2.380025286,26.47888114693853
fixed15_frequency34,clean,20250618::index=2.2380,44,2.380025286,24.52300084754314
fixed15_frequency34,clean,20250618::index=2.2380,47,2.380025286,80.12979586608866
fixed15_frequency34,clean,20250618::index=2.2380,48,2.380025286,33.49713322624001
fixed15_frequency34,clean,20250618::index=2.2380,54,2.380025286,13.45420148520152
fixed15_frequency34,clean,20250618::index=2.2380,55,2.380025286,89.15548803174228
fixed15_frequency34,clean,20250618::index=2.2380,59,2.380025286,20.660873920125045
fixed15_frequency34,clean,20250611::index=9.2.67E+05,3,266.90769650000004,287.77968256441727
fixed15_frequency34,clean,20250611::index=9.2.67E+05,6,266.90769650000004,272.72379041767
fixed15_frequency34,clean,20250611::index=9.2.67E+05,7,266.90769650000004,286.83121007204727
fixed15_frequency34,clean,20250611::index=9.2.67E+05,15,266.90769650000004,196.0579255159124
fixed15_frequency34,clean,20250611::index=9.2.67E+05,18,266.90769650000004,278.3636927666937
fixed15_frequency34,clean,20250611::index=9.2.67E+05,21,266.90769650000004,121.02437339831468
fixed15_frequency34,clean,20250611::index=9.2.67E+05,26,266.90769650000004,271.00781807980917
fixed15_frequency34,clean,20250611::index=9.2.67E+05,27,266.90769650000004,207.47140080864938
fixed15_frequency34,clean,20250611::index=9.2.67E+05,29,266.90769650000004,275.91417335161526
fixed15_frequency34,clean,20250611::index=9.2.67E+05,30,266.90769650000004,279.18075546565007
fixed15_frequency34,clean,20250611::index=9.2.67E+05,31,266.90769650000004,264.4550369858983
fixed15_frequency34,clean,20250611::index=9.2.67E+05,41,266.90769650000004,240.65696734173858
fixed15_frequency34,clean,20250611::index=9.2.67E+05,45,266.90769650000004,244.2398114620479
fixed15_frequency34,clean,20250611::index=9.2.67E+05,51,266.90769650000004,272.8337874529502
fixed15_frequency34,clean,20250611::index=9.2.67E+05,53,266.90769650000004,287.01598286235895
fixed15_frequency34,clean,20250618::index=9.271677,3,271.6776816,279.0114666926701
fixed15_frequency34,clean,20250618::index=9.271677,6,271.6776816,301.0206042834222
fixed15_frequency34,clean,20250618::index=9.271677,7,271.6776816,295.3789940769612
fixed15_frequency34,clean,20250618::index=9.271677,15,271.6776816,316.0342208570561
fixed15_frequency34,clean,20250618::index=9.271677,18,271.6776816,258.3999887069171
fixed15_frequency34,clean,20250618::index=9.271677,21,271.6776816,318.2236122662437
fixed15_frequency34,clean,20250618::index=9.271677,26,271.6776816,292.69086839873097
fixed15_frequency34,clean,20250618::index=9.271677,27,271.6776816,284.8671112025365
fixed15_frequency34,clean,20250618::index=9.271677,29,271.6776816,298.4651855679869
fixed15_frequency34,clean,20250618::index=9.271677,30,271.6776816,290.81185234033177
fixed15_frequency34,clean,20250618::index=9.271677,31,271.6776816,261.86371729997916
fixed15_frequency34,clean,20250618::index=9.271677,41,271.6776816,292.02839528816514
fixed15_frequency34,clean,20250618::index=9.271677,45,271.6776816,280.28283923195363
fixed15_frequency34,clean,20250618::index=9.271677,51,271.6776816,266.3557052835923
fixed15_frequency34,clean,20250618::index=9.271677,53,271.6776816,271.2639893101047
fixed15_frequency34,clean,20250611::index=10.3.15E+05,2,315.4661173,302.6391631484621
fixed15_frequency34,clean,20250611::index=10.3.15E+05,4,315.4661173,267.17189199294785
fixed15_frequency34,clean,20250611::index=10.3.15E+05,10,315.4661173,306.76577346112265
fixed15_frequency34,clean,20250611::index=10.3.15E+05,18,315.4661173,287.5591889729827
fixed15_frequency34,clean,20250611::index=10.3.15E+05,21,315.4661173,84.80349418508015
fixed15_frequency34,clean,20250611::index=10.3.15E+05,27,315.4661173,323.73368878160187
fixed15_frequency34,clean,20250611::index=10.3.15E+05,29,315.4661173,293.0453228372032
fixed15_frequency34,clean,20250611::index=10.3.15E+05,31,315.4661173,320.2003862866256
fixed15_frequency34,clean,20250611::index=10.3.15E+05,40,315.4661173,308.7290643776956
fixed15_frequency34,clean,20250611::index=10.3.15E+05,45,315.4661173,333.92537312641065
fixed15_frequency34,clean,20250611::index=10.3.15E+05,47,315.4661173,310.3718482378764
fixed15_frequency34,clean,20250611::index=10.3.15E+05,48,315.4661173,323.1402069920104
fixed15_frequency34,clean,20250611::index=10.3.15E+05,50,315.4661173,334.3656969385534
fixed15_frequency34,clean,20250611::index=10.3.15E+05,53,315.4661173,305.3802457738477
fixed15_frequency34,clean,20250611::index=10.3.15E+05,55,315.4661173,297.55621295340416
fixed15_frequency34,clean,20250618::index=10.322114,2,322.1142428,335.2125229170313
fixed15_frequency34,clean,20250618::index=10.322114,4,322.1142428,347.0294652995277
fixed15_frequency34,clean,20250618::index=10.322114,10,322.1142428,336.10758931794766
fixed15_frequency34,clean,20250618::index=10.322114,18,322.1142428,335.30395273280425
fixed15_frequency34,clean,20250618::index=10.322114,21,322.1142428,318.10216848078926
fixed15_frequency34,clean,20250618::index=10.322114,27,322.1142428,300.7303868152992
fixed15_frequency34,clean,20250618::index=10.322114,29,322.1142428,285.7910266458219
fixed15_frequency34,clean,20250618::index=10.322114,31,322.1142428,309.591086335934
fixed15_frequency34,clean,20250618::index=10.322114,40,322.1142428,301.2742642182841
fixed15_frequency34,clean,20250618::index=10.322114,45,322.1142428,307.91590920879463
fixed15_frequency34,clean,20250618::index=10.322114,47,322.1142428,298.7809124298205
fixed15_frequency34,clean,20250618::index=10.322114,48,322.1142428,291.3737797389307
fixed15_frequency34,clean,20250618::index=10.322114,50,322.1142428,290.49332011772253
fixed15_frequency34,clean,20250618::index=10.322114,53,322.1142428,299.1398246176773
fixed15_frequency34,clean,20250618::index=10.322114,55,322.1142428,248.98679973681573
fixed15_frequency34,clean,20250611::index=11.3.69E+05,1,368.97810499999997,371.85417820867275
fixed15_frequency34,clean,20250611::index=11.3.69E+05,5,368.97810499999997,395.8884131641035
fixed15_frequency34,clean,20250611::index=11.3.69E+05,15,368.97810499999997,385.6947333999695
fixed15_frequency34,clean,20250611::index=11.3.69E+05,17,368.97810499999997,370.95348877844367
fixed15_frequency34,clean,20250611::index=11.3.69E+05,20,368.97810499999997,375.33452109826516
fixed15_frequency34,clean,20250611::index=11.3.69E+05,31,368.97810499999997,417.6211916031427
fixed15_frequency34,clean,20250611::index=11.3.69E+05,37,368.97810499999997,411.492719823043
fixed15_frequency34,clean,20250611::index=11.3.69E+05,44,368.97810499999997,357.4865030199707
fixed15_frequency34,clean,20250611::index=11.3.69E+05,45,368.97810499999997,366.8734090591339
fixed15_frequency34,clean,20250611::index=11.3.69E+05,49,368.97810499999997,360.95952784034966
fixed15_frequency34,clean,20250611::index=11.3.69E+05,50,368.97810499999997,344.88931767103645
fixed15_frequency34,clean,20250611::index=11.3.69E+05,53,368.97810499999997,385.61320563544007
fixed15_frequency34,clean,20250611::index=11.3.69E+05,54,368.97810499999997,369.48348999445176
fixed15_frequency34,clean,20250611::index=11.3.69E+05,55,368.97810499999997,365.50965903888505
fixed15_frequency34,clean,20250611::index=11.3.69E+05,58,368.97810499999997,366.0522900450838
fixed15_frequency34,clean,20250618::index=11.376320,1,376.3201201,383.5023792497549
fixed15_frequency34,clean,20250618::index=11.376320,5,376.3201201,370.01215836360825
fixed15_frequency34,clean,20250618::index=11.376320,15,376.3201201,370.90063993484483
fixed15_frequency34,clean,20250618::index=11.376320,17,376.3201201,370.94206436910025
fixed15_frequency34,clean,20250618::index=11.376320,20,376.3201201,378.68970520446413
fixed15_frequency34,clean,20250618::index=11.376320,31,376.3201201,294.69952200097214
fixed15_frequency34,clean,20250618::index=11.376320,37,376.3201201,371.6950930506893
fixed15_frequency34,clean,20250618::index=11.376320,44,376.3201201,376.2949754014681
fixed15_frequency34,clean,20250618::index=11.376320,45,376.3201201,390.82755236682823
fixed15_frequency34,clean,20250618::index=11.376320,49,376.3201201,370.80534434295737
fixed15_frequency34,clean,20250618::index=11.376320,50,376.3201201,342.0125242516557
fixed15_frequency34,clean,20250618::index=11.376320,53,376.3201201,382.41535106698865
fixed15_frequency34,clean,20250618::index=11.376320,54,376.3201201,373.07446578002356
fixed15_frequency34,clean,20250618::index=11.376320,55,376.3201201,390.26086086949107
fixed15_frequency34,clean,20250618::index=11.376320,58,376.3201201,373.72698580529027
fixed15_frequency34,clean,20250611::index=12.4.27E+05,3,427.27619500000003,444.2760448658058
fixed15_frequency34,clean,20250611::index=12.4.27E+05,9,427.27619500000003,423.7395438120787
fixed15_frequency34,clean,20250611::index=12.4.27E+05,13,427.27619500000003,428.4974080789646
fixed15_frequency34,clean,20250611::index=12.4.27E+05,15,427.27619500000003,446.13661566021625
fixed15_frequency34,clean,20250611::index=12.4.27E+05,17,427.27619500000003,431.5382352550217
fixed15_frequency34,clean,20250611::index=12.4.27E+05,22,427.27619500000003,461.4692900337993
fixed15_frequency34,clean,20250611::index=12.4.27E+05,28,427.27619500000003,424.6846646818205
fixed15_frequency34,clean,20250611::index=12.4.27E+05,30,427.27619500000003,425.4054301150231
fixed15_frequency34,clean,20250611::index=12.4.27E+05,39,427.27619500000003,427.73466658464395
fixed15_frequency34,clean,20250611::index=12.4.27E+05,42,427.27619500000003,447.69660248010797
fixed15_frequency34,clean,20250611::index=12.4.27E+05,44,427.27619500000003,435.9266441302903
fixed15_frequency34,clean,20250611::index=12.4.27E+05,46,427.27619500000003,463.99563318095255
fixed15_frequency34,clean,20250611::index=12.4.27E+05,47,427.27619500000003,447.82055536281143
fixed15_frequency34,clean,20250611::index=12.4.27E+05,54,427.27619500000003,429.67930896816864
fixed15_frequency34,clean,20250611::index=12.4.27E+05,57,427.27619500000003,450.2248251558978
fixed15_frequency34,clean,20250618::index=12.434018,3,434.0180833,385.94053391935677
fixed15_frequency34,clean,20250618::index=12.434018,9,434.0180833,425.2814754052292
fixed15_frequency34,clean,20250618::index=12.434018,13,434.0180833,481.86962938965803
fixed15_frequency34,clean,20250618::index=12.434018,15,434.0180833,396.79618217686703
fixed15_frequency34,clean,20250618::index=12.434018,17,434.0180833,399.30178353438816
fixed15_frequency34,clean,20250618::index=12.434018,22,434.0180833,401.1434922168219
fixed15_frequency34,clean,20250618::index=12.434018,28,434.0180833,409.72011408391194
fixed15_frequency34,clean,20250618::index=12.434018,30,434.0180833,451.2735511839575
fixed15_frequency34,clean,20250618::index=12.434018,39,434.0180833,387.19629600089223
fixed15_frequency34,clean,20250618::index=12.434018,42,434.0180833,372.623779674298
fixed15_frequency34,clean,20250618::index=12.434018,44,434.0180833,381.24698982031873
fixed15_frequency34,clean,20250618::index=12.434018,46,434.0180833,423.857424474861
fixed15_frequency34,clean,20250618::index=12.434018,47,434.0180833,473.6273639871509
fixed15_frequency34,clean,20250618::index=12.434018,54,434.0180833,471.0616078228127
fixed15_frequency34,clean,20250618::index=12.434018,57,434.0180833,435.802114598022
fixed15_frequency34,clean,20250611::index=13.4.89E+05,3,489.45399810000004,524.963097228658
fixed15_frequency34,clean,20250611::index=13.4.89E+05,7,489.45399810000004,449.48343204921366
fixed15_frequency34,clean,20250611::index=13.4.89E+05,12,489.45399810000004,479.40918688269335
fixed15_frequency34,clean,20250611::index=13.4.89E+05,13,489.45399810000004,466.4960963033009
fixed15_frequency34,clean,20250611::index=13.4.89E+05,14,489.45399810000004,483.7214213154053
fixed15_frequency34,clean,20250611::index=13.4.89E+05,20,489.45399810000004,479.3799737136216
fixed15_frequency34,clean,20250611::index=13.4.89E+05,34,489.45399810000004,494.55302413619324
fixed15_frequency34,clean,20250611::index=13.4.89E+05,39,489.45399810000004,490.5412373734369
fixed15_frequency34,clean,20250611::index=13.4.89E+05,42,489.45399810000004,455.0304097683181
fixed15_frequency34,clean,20250611::index=13.4.89E+05,44,489.45399810000004,506.9926150319063
fixed15_frequency34,clean,20250611::index=13.4.89E+05,48,489.45399810000004,500.3261834185543
fixed15_frequency34,clean,20250611::index=13.4.89E+05,51,489.45399810000004,491.58657163730123
fixed15_frequency34,clean,20250611::index=13.4.89E+05,53,489.45399810000004,491.6626868844926
fixed15_frequency34,clean,20250611::index=13.4.89E+05,54,489.45399810000004,490.1509295556528
fixed15_frequency34,clean,20250611::index=13.4.89E+05,59,489.45399810000004,472.3897929346525
fixed15_frequency34,clean,20250618::index=13.496023,3,496.0233525,506.12089775620115
fixed15_frequency34,clean,20250618::index=13.496023,7,496.0233525,511.7921170714084
fixed15_frequency34,clean,20250618::index=13.496023,12,496.0233525,470.7984194447168
fixed15_frequency34,clean,20250618::index=13.496023,13,496.0233525,504.0720566423965
fixed15_frequency34,clean,20250618::index=13.496023,14,496.0233525,511.22829828969907
fixed15_frequency34,clean,20250618::index=13.496023,20,496.0233525,498.3413746848053
fixed15_frequency34,clean,20250618::index=13.496023,34,496.0233525,480.88049781164545
fixed15_frequency34,clean,20250618::index=13.496023,39,496.0233525,470.3728717910485
fixed15_frequency34,clean,20250618::index=13.496023,42,496.0233525,442.24745159235255
fixed15_frequency34,clean,20250618::index=13.496023,44,496.0233525,505.9871997172401
fixed15_frequency34,clean,20250618::index=13.496023,48,496.0233525,468.5425460628827
fixed15_frequency34,clean,20250618::index=13.496023,51,496.0233525,474.02493648517014
fixed15_frequency34,clean,20250618::index=13.496023,53,496.0233525,475.46123226425317
fixed15_frequency34,clean,20250618::index=13.496023,54,496.0233525,520.3568556939014
fixed15_frequency34,clean,20250618::index=13.496023,59,496.0233525,511.2950467575019
fixed15_frequency34,clean,20250611::index=14.5.54E+05,8,554.1963218000001,557.4519438722683
fixed15_frequency34,clean,20250611::index=14.5.54E+05,9,554.1963218000001,550.0316616650014
fixed15_frequency34,clean,20250611::index=14.5.54E+05,10,554.1963218000001,538.3190150236387
fixed15_frequency34,clean,20250611::index=14.5.54E+05,14,554.1963218000001,547.3738643180959
fixed15_frequency34,clean,20250611::index=14.5.54E+05,29,554.1963218000001,533.1752872076753
fixed15_frequency34,clean,20250611::index=14.5.54E+05,30,554.1963218000001,482.2168786162042
fixed15_frequency34,clean,20250611::index=14.5.54E+05,33,554.1963218000001,592.8518468704569
fixed15_frequency34,clean,20250611::index=14.5.54E+05,36,554.1963218000001,553.6345377694628
fixed15_frequency34,clean,20250611::index=14.5.54E+05,43,554.1963218000001,530.7301097252185
fixed15_frequency34,clean,20250611::index=14.5.54E+05,48,554.1963218000001,544.1028629447512
fixed15_frequency34,clean,20250611::index=14.5.54E+05,50,554.1963218000001,552.5930367448113
fixed15_frequency34,clean,20250611::index=14.5.54E+05,51,554.1963218000001,563.0061496122293
fixed15_frequency34,clean,20250611::index=14.5.54E+05,54,554.1963218000001,552.7201677804073
fixed15_frequency34,clean,20250611::index=14.5.54E+05,57,554.1963218000001,551.688247202574
fixed15_frequency34,clean,20250611::index=14.5.54E+05,58,554.1963218000001,521.2391448058268
fixed15_frequency34,clean,20250618::index=14.562158,8,562.1587854,544.8101116549537
fixed15_frequency34,clean,20250618::index=14.562158,9,562.1587854,571.7866641432144
fixed15_frequency34,clean,20250618::index=14.562158,10,562.1587854,565.1153280841781
fixed15_frequency34,clean,20250618::index=14.562158,14,562.1587854,568.0554216492976
fixed15_frequency34,clean,20250618::index=14.562158,29,562.1587854,554.9933544985106
fixed15_frequency34,clean,20250618::index=14.562158,30,562.1587854,568.9896887552324
fixed15_frequency34,clean,20250618::index=14.562158,33,562.1587854,560.3806567193383
fixed15_frequency34,clean,20250618::index=14.562158,36,562.1587854,578.2154228288507
fixed15_frequency34,clean,20250618::index=14.562158,43,562.1587854,572.4896381433543
fixed15_frequency34,clean,20250618::index=14.562158,48,562.1587854,527.3808643710638
fixed15_frequency34,clean,20250618::index=14.562158,50,562.1587854,558.8395414546474
fixed15_frequency34,clean,20250618::index=14.562158,51,562.1587854,561.1387853176076
fixed15_frequency34,clean,20250618::index=14.562158,54,562.1587854,543.3692666947593
fixed15_frequency34,clean,20250618::index=14.562158,57,562.1587854,557.7786136705303
fixed15_frequency34,clean,20250618::index=14.562158,58,562.1587854,584.4933623211914
fixed15_frequency34,clean,20250611::index=4.5.76E+04,2,57.59331665,53.299083916088314
fixed15_frequency34,clean,20250611::index=4.5.76E+04,3,57.59331665,88.58275213784083
fixed15_frequency34,clean,20250611::index=4.5.76E+04,6,57.59331665,100.15034803050862
fixed15_frequency34,clean,20250611::index=4.5.76E+04,11,57.59331665,51.19391312037221
fixed15_frequency34,clean,20250611::index=4.5.76E+04,13,57.59331665,31.998113147582117
fixed15_frequency34,clean,20250611::index=4.5.76E+04,15,57.59331665,69.27983623227708
fixed15_frequency34,clean,20250611::index=4.5.76E+04,18,57.59331665,74.04036658207374
fixed15_frequency34,clean,20250611::index=4.5.76E+04,33,57.59331665,26.94372879537875
fixed15_frequency34,clean,20250611::index=4.5.76E+04,38,57.59331665,53.174573729934544
fixed15_frequency34,clean,20250611::index=4.5.76E+04,41,57.59331665,55.64566030357052
fixed15_frequency34,clean,20250611::index=4.5.76E+04,42,57.59331665,46.722857283411585
fixed15_frequency34,clean,20250611::index=4.5.76E+04,44,57.59331665,28.33957964913779
fixed15_frequency34,clean,20250611::index=4.5.76E+04,46,57.59331665,172.0913026921515
fixed15_frequency34,clean,20250611::index=4.5.76E+04,54,57.59331665,49.830432475583464
fixed15_frequency34,clean,20250611::index=4.5.76E+04,55,57.59331665,139.35247460052798
fixed15_frequency34,clean,20250618::index=4.58389,2,58.38985471,47.36591245163463
fixed15_frequency34,clean,20250618::index=4.58389,3,58.38985471,25.28725640853469
fixed15_frequency34,clean,20250618::index=4.58389,6,58.38985471,66.09069527802205
fixed15_frequency34,clean,20250618::index=4.58389,11,58.38985471,51.94188205880684
fixed15_frequency34,clean,20250618::index=4.58389,13,58.38985471,67.64165340915916
fixed15_frequency34,clean,20250618::index=4.58389,15,58.38985471,57.61004851850153
fixed15_frequency34,clean,20250618::index=4.58389,18,58.38985471,71.01215863100902
fixed15_frequency34,clean,20250618::index=4.58389,33,58.38985471,46.57910030328082
fixed15_frequency34,clean,20250618::index=4.58389,38,58.38985471,33.6192497887536
fixed15_frequency34,clean,20250618::index=4.58389,41,58.38985471,55.213192249237025
fixed15_frequency34,clean,20250618::index=4.58389,42,58.38985471,52.94363522082692
fixed15_frequency34,clean,20250618::index=4.58389,44,58.38985471,49.35305271810446
fixed15_frequency34,clean,20250618::index=4.58389,46,58.38985471,70.82207362403182
fixed15_frequency34,clean,20250618::index=4.58389,54,58.38985471,74.935057026514
fixed15_frequency34,clean,20250618::index=4.58389,55,58.38985471,23.912651295279538
fixed15_frequency34,clean,20250611::index=15.6.24E+05,3,624.4425514,639.8301542116269
fixed15_frequency34,clean,20250611::index=15.6.24E+05,4,624.4425514,616.0010718815503
fixed15_frequency34,clean,20250611::index=15.6.24E+05,11,624.4425514,646.4166542676011
fixed15_frequency34,clean,20250611::index=15.6.24E+05,13,624.4425514,590.2295787927483
fixed15_frequency34,clean,20250611::index=15.6.24E+05,14,624.4425514,627.1428943881747
fixed15_frequency34,clean,20250611::index=15.6.24E+05,18,624.4425514,609.5287802828734
fixed15_frequency34,clean,20250611::index=15.6.24E+05,19,624.4425514,617.4597465706447
fixed15_frequency34,clean,20250611::index=15.6.24E+05,27,624.4425514,615.4451616604752
fixed15_frequency34,clean,20250611::index=15.6.24E+05,39,624.4425514,632.6877538837317
fixed15_frequency34,clean,20250611::index=15.6.24E+05,43,624.4425514,635.5073737925858
fixed15_frequency34,clean,20250611::index=15.6.24E+05,46,624.4425514,626.9299142160711
fixed15_frequency34,clean,20250611::index=15.6.24E+05,51,624.4425514,628.7028609263266
fixed15_frequency34,clean,20250611::index=15.6.24E+05,55,624.4425514,644.2960159772704
fixed15_frequency34,clean,20250611::index=15.6.24E+05,57,624.4425514,617.1719621373321
fixed15_frequency34,clean,20250611::index=15.6.24E+05,58,624.4425514,626.1025071506297
fixed15_frequency34,clean,20250618::index=15.633482,3,633.482536,648.2069736429717
fixed15_frequency34,clean,20250618::index=15.633482,4,633.482536,639.7351849608375
fixed15_frequency34,clean,20250618::index=15.633482,11,633.482536,644.8133878648154
fixed15_frequency34,clean,20250618::index=15.633482,13,633.482536,583.7272637392997
fixed15_frequency34,clean,20250618::index=15.633482,14,633.482536,642.4013158615325
fixed15_frequency34,clean,20250618::index=15.633482,18,633.482536,615.8325843690479
fixed15_frequency34,clean,20250618::index=15.633482,19,633.482536,645.9220749398246
fixed15_frequency34,clean,20250618::index=15.633482,27,633.482536,600.9089178968478
fixed15_frequency34,clean,20250618::index=15.633482,39,633.482536,590.7999789719711
fixed15_frequency34,clean,20250618::index=15.633482,43,633.482536,651.3390948850379
fixed15_frequency34,clean,20250618::index=15.633482,46,633.482536,686.1424325205419
fixed15_frequency34,clean,20250618::index=15.633482,51,633.482536,689.7508369882374
fixed15_frequency34,clean,20250618::index=15.633482,55,633.482536,592.6696665956207
fixed15_frequency34,clean,20250618::index=15.633482,57,633.482536,639.6334114069223
fixed15_frequency34,clean,20250618::index=15.633482,58,633.482536,645.6775516341921
fixed15_frequency34,clean,20250611::index=16.6.98E+05,2,698.421296,662.8009288352166
fixed15_frequency34,clean,20250611::index=16.6.98E+05,6,698.421296,739.4442358778495
fixed15_frequency34,clean,20250611::index=16.6.98E+05,9,698.421296,667.1358499037067
fixed15_frequency34,clean,20250611::index=16.6.98E+05,10,698.421296,689.2881826638984
fixed15_frequency34,clean,20250611::index=16.6.98E+05,13,698.421296,694.8437433227475
fixed15_frequency34,clean,20250611::index=16.6.98E+05,17,698.421296,682.4719124258353
fixed15_frequency34,clean,20250611::index=16.6.98E+05,35,698.421296,683.7225945068756
fixed15_frequency34,clean,20250611::index=16.6.98E+05,37,698.421296,705.8656102276046
fixed15_frequency34,clean,20250611::index=16.6.98E+05,39,698.421296,678.006850733856
fixed15_frequency34,clean,20250611::index=16.6.98E+05,40,698.421296,702.8166196751421
fixed15_frequency34,clean,20250611::index=16.6.98E+05,46,698.421296,747.7094271603265
fixed15_frequency34,clean,20250611::index=16.6.98E+05,47,698.421296,693.6337419794291
fixed15_frequency34,clean,20250611::index=16.6.98E+05,52,698.421296,748.6685416236437
fixed15_frequency34,clean,20250611::index=16.6.98E+05,55,698.421296,669.0906193977114
fixed15_frequency34,clean,20250611::index=16.6.98E+05,57,698.421296,683.1039319305809
fixed15_frequency34,clean,20250618::index=16.709792,2,709.7927143,702.846176374357
fixed15_frequency34,clean,20250618::index=16.709792,6,709.7927143,737.6053842127757
fixed15_frequency34,clean,20250618::index=16.709792,9,709.7927143,697.4062617827825
fixed15_frequency34,clean,20250618::index=16.709792,10,709.7927143,739.3225406577111
fixed15_frequency34,clean,20250618::index=16.709792,13,709.7927143,706.1680789238783
fixed15_frequency34,clean,20250618::index=16.709792,17,709.7927143,710.4111612484664
fixed15_frequency34,clean,20250618::index=16.709792,35,709.7927143,702.3208185326602
fixed15_frequency34,clean,20250618::index=16.709792,37,709.7927143,721.6914110907593
fixed15_frequency34,clean,20250618::index=16.709792,39,709.7927143,696.9043582011473
fixed15_frequency34,clean,20250618::index=16.709792,40,709.7927143,747.8376464837215
fixed15_frequency34,clean,20250618::index=16.709792,46,709.7927143,755.991357629706
fixed15_frequency34,clean,20250618::index=16.709792,47,709.7927143,719.6343866404842
fixed15_frequency34,clean,20250618::index=16.709792,52,709.7927143,697.3162401374223
fixed15_frequency34,clean,20250618::index=16.709792,55,709.7927143,697.9539407763001
fixed15_frequency34,clean,20250618::index=16.709792,57,709.7927143,665.4514325391219
fixed15_frequency34,clean,20250611::index=17.7.77E+05,5,776.6472223000001,791.2870686964965
fixed15_frequency34,clean,20250611::index=17.7.77E+05,6,776.6472223000001,789.3731228412034
fixed15_frequency34,clean,20250611::index=17.7.77E+05,7,776.6472223000001,819.590250016754
fixed15_frequency34,clean,20250611::index=17.7.77E+05,8,776.6472223000001,806.7225380040204
fixed15_frequency34,clean,20250611::index=17.7.77E+05,10,776.6472223000001,777.590537380683
fixed15_frequency34,clean,20250611::index=17.7.77E+05,14,776.6472223000001,757.6505556318858
fixed15_frequency34,clean,20250611::index=17.7.77E+05,19,776.6472223000001,819.098821998538
fixed15_frequency34,clean,20250611::index=17.7.77E+05,24,776.6472223000001,777.7485627906469
fixed15_frequency34,clean,20250611::index=17.7.77E+05,26,776.6472223000001,764.8771742680954
fixed15_frequency34,clean,20250611::index=17.7.77E+05,31,776.6472223000001,808.1992157362035
fixed15_frequency34,clean,20250611::index=17.7.77E+05,41,776.6472223000001,787.737974849922
fixed15_frequency34,clean,20250611::index=17.7.77E+05,52,776.6472223000001,793.6890962647741
fixed15_frequency34,clean,20250611::index=17.7.77E+05,53,776.6472223000001,815.7250668117935
fixed15_frequency34,clean,20250611::index=17.7.77E+05,54,776.6472223000001,797.9381870081997
fixed15_frequency34,clean,20250611::index=17.7.77E+05,55,776.6472223000001,779.4280076065808
fixed15_frequency34,clean,20250618::index=17.789500,5,789.5001968,768.4468755286786
fixed15_frequency34,clean,20250618::index=17.789500,6,789.5001968,831.6370257739903
fixed15_frequency34,clean,20250618::index=17.789500,7,789.5001968,760.3489952735698
fixed15_frequency34,clean,20250618::index=17.789500,8,789.5001968,698.3810666462114
fixed15_frequency34,clean,20250618::index=17.789500,10,789.5001968,769.7239022181458
fixed15_frequency34,clean,20250618::index=17.789500,14,789.5001968,856.3296477890046
fixed15_frequency34,clean,20250618::index=17.789500,19,789.5001968,818.0685033805472
fixed15_frequency34,clean,20250618::index=17.789500,24,789.5001968,780.391087651755
fixed15_frequency34,clean,20250618::index=17.789500,26,789.5001968,849.2671731995683
fixed15_frequency34,clean,20250618::index=17.789500,31,789.5001968,765.7709929370469
fixed15_frequency34,clean,20250618::index=17.789500,41,789.5001968,781.1256548011703
fixed15_frequency34,clean,20250618::index=17.789500,52,789.5001968,778.2519240269129
fixed15_frequency34,clean,20250618::index=17.789500,53,789.5001968,767.6345164452955
fixed15_frequency34,clean,20250618::index=17.789500,54,789.5001968,809.4743101092569
fixed15_frequency34,clean,20250618::index=17.789500,55,789.5001968,804.1089031380174
fixed15_frequency34,clean,20250611::index=18.8.59E+05,0,859.3439142,861.2040865439456
fixed15_frequency34,clean,20250611::index=18.8.59E+05,5,859.3439142,831.0851546062421
fixed15_frequency34,clean,20250611::index=18.8.59E+05,14,859.3439142,851.1153066894935
fixed15_frequency34,clean,20250611::index=18.8.59E+05,18,859.3439142,835.2428085818227
fixed15_frequency34,clean,20250611::index=18.8.59E+05,19,859.3439142,845.2707541348424
fixed15_frequency34,clean,20250611::index=18.8.59E+05,21,859.3439142,843.7335575554124
fixed15_frequency34,clean,20250611::index=18.8.59E+05,26,859.3439142,849.12869181806
fixed15_frequency34,clean,20250611::index=18.8.59E+05,27,859.3439142,860.637134510494
fixed15_frequency34,clean,20250611::index=18.8.59E+05,32,859.3439142,854.2916511305617
fixed15_frequency34,clean,20250611::index=18.8.59E+05,36,859.3439142,850.7536101821006
fixed15_frequency34,clean,20250611::index=18.8.59E+05,43,859.3439142,814.8368309615128
fixed15_frequency34,clean,20250611::index=18.8.59E+05,53,859.3439142,847.0091382142398
fixed15_frequency34,clean,20250611::index=18.8.59E+05,54,859.3439142,859.2695201767935
fixed15_frequency34,clean,20250611::index=18.8.59E+05,56,859.3439142,856.4262746658474
fixed15_frequency34,clean,20250611::index=18.8.59E+05,57,859.3439142,844.1734293018078
fixed15_frequency34,clean,20250618::index=18.873637,0,873.6370359,853.9385796303302
fixed15_frequency34,clean,20250618::index=18.873637,5,873.6370359,859.1819798249569
fixed15_frequency34,clean,20250618::index=18.873637,14,873.6370359,868.5337004050322
fixed15_frequency34,clean,20250618::index=18.873637,18,873.6370359,866.4487208744408
fixed15_frequency34,clean,20250618::index=18.873637,19,873.6370359,859.7696411517472
fixed15_frequency34,clean,20250618::index=18.873637,21,873.6370359,849.7412651675527
fixed15_frequency34,clean,20250618::index=18.873637,26,873.6370359,880.4149620413091
fixed15_frequency34,clean,20250618::index=18.873637,27,873.6370359,845.2129394827045
fixed15_frequency34,clean,20250618::index=18.873637,32,873.6370359,860.1731017693955
fixed15_frequency34,clean,20250618::index=18.873637,36,873.6370359,835.3438434899189
fixed15_frequency34,clean,20250618::index=18.873637,43,873.6370359,868.1373901706258
fixed15_frequency34,clean,20250618::index=18.873637,53,873.6370359,866.4033580168566
fixed15_frequency34,clean,20250618::index=18.873637,54,873.6370359,846.5320415943617
fixed15_frequency34,clean,20250618::index=18.873637,56,873.6370359,859.7669220436547
fixed15_frequency34,clean,20250618::index=18.873637,57,873.6370359,863.5173122376992
fixed15_temporal46,clean,20250618::index=1.0,0,-1.42e-09,95.28225094081655
fixed15_temporal46,clean,20250618::index=1.0,3,-1.42e-09,35.60745570607063
fixed15_temporal46,clean,20250618::index=1.0,5,-1.42e-09,61.61273184780273
fixed15_temporal46,clean,20250618::index=1.0,12,-1.42e-09,5.756671022637993
fixed15_temporal46,clean,20250618::index=1.0,13,-1.42e-09,-4.2989584575440265
fixed15_temporal46,clean,20250618::index=1.0,31,-1.42e-09,13.083591799063813
fixed15_temporal46,clean,20250618::index=1.0,33,-1.42e-09,17.751669494483163
fixed15_temporal46,clean,20250618::index=1.0,36,-1.42e-09,3.666302163521138
fixed15_temporal46,clean,20250618::index=1.0,45,-1.42e-09,-2.921817717412244
fixed15_temporal46,clean,20250618::index=1.0,46,-1.42e-09,-3.2330488916610283
fixed15_temporal46,clean,20250618::index=1.0,48,-1.42e-09,-3.3462526408905706
fixed15_temporal46,clean,20250618::index=1.0,50,-1.42e-09,-4.074892565779999
fixed15_temporal46,clean,20250618::index=1.0,52,-1.42e-09,-1.545783293011788
fixed15_temporal46,clean,20250618::index=1.0,54,-1.42e-09,0.8006766152953905
fixed15_temporal46,clean,20250618::index=1.0,57,-1.42e-09,7.58967488801583
fixed15_temporal46,clean,20250611::index=1.3.28E-04,0,3.28047e-07,41.90623380985611
fixed15_temporal46,clean,20250611::index=1.3.28E-04,3,3.28047e-07,109.85924194383652
fixed15_temporal46,clean,20250611::index=1.3.28E-04,5,3.28047e-07,140.51390255510245
fixed15_temporal46,clean,20250611::index=1.3.28E-04,12,3.28047e-07,51.31927426973992
fixed15_temporal46,clean,20250611::index=1.3.28E-04,13,3.28047e-07,-0.8233224949250951
fixed15_temporal46,clean,20250611::index=1.3.28E-04,31,3.28047e-07,-28.857956655013062
fixed15_temporal46,clean,20250611::index=1.3.28E-04,33,3.28047e-07,18.136968755671376
fixed15_temporal46,clean,20250611::index=1.3.28E-04,36,3.28047e-07,10.13188950580581
fixed15_temporal46,clean,20250611::index=1.3.28E-04,45,3.28047e-07,39.976820087405706
fixed15_temporal46,clean,20250611::index=1.3.28E-04,46,3.28047e-07,10.200211301939396
fixed15_temporal46,clean,20250611::index=1.3.28E-04,48,3.28047e-07,12.762645447669966
fixed15_temporal46,clean,20250611::index=1.3.28E-04,50,3.28047e-07,61.90348699269455
fixed15_temporal46,clean,20250611::index=1.3.28E-04,52,3.28047e-07,93.18035175603704
fixed15_temporal46,clean,20250611::index=1.3.28E-04,54,3.28047e-07,40.95996467953558
fixed15_temporal46,clean,20250611::index=1.3.28E-04,57,3.28047e-07,8.073156095479643
fixed15_temporal46,clean,20250611::index=5.1.11E+05,17,111.2647017,80.61183613231233
fixed15_temporal46,clean,20250611::index=5.1.11E+05,19,111.2647017,55.5340024061865
fixed15_temporal46,clean,20250611::index=5.1.11E+05,21,111.2647017,36.646647244595286
fixed15_temporal46,clean,20250611::index=5.1.11E+05,23,111.2647017,96.64071137488591
fixed15_temporal46,clean,20250611::index=5.1.11E+05,28,111.2647017,62.56787127438756
fixed15_temporal46,clean,20250611::index=5.1.11E+05,34,111.2647017,109.16143917790217
fixed15_temporal46,clean,20250611::index=5.1.11E+05,35,111.2647017,121.58278874050045
fixed15_temporal46,clean,20250611::index=5.1.11E+05,41,111.2647017,33.75717978116301
fixed15_temporal46,clean,20250611::index=5.1.11E+05,46,111.2647017,90.76812359338217
fixed15_temporal46,clean,20250611::index=5.1.11E+05,47,111.2647017,102.86353739774556
fixed15_temporal46,clean,20250611::index=5.1.11E+05,48,111.2647017,95.98945348243839
fixed15_temporal46,clean,20250611::index=5.1.11E+05,51,111.2647017,157.20620812118807
fixed15_temporal46,clean,20250611::index=5.1.11E+05,55,111.2647017,109.87335168804474
fixed15_temporal46,clean,20250611::index=5.1.11E+05,56,111.2647017,137.0723287123177
fixed15_temporal46,clean,20250611::index=5.1.11E+05,58,111.2647017,108.52477112652136
fixed15_temporal46,clean,20250618::index=5.113188,17,113.1882901,86.24510132624404
fixed15_temporal46,clean,20250618::index=5.113188,19,113.1882901,137.63615440663108
fixed15_temporal46,clean,20250618::index=5.113188,21,113.1882901,138.2706410214762
fixed15_temporal46,clean,20250618::index=5.113188,23,113.1882901,117.70403706076381
fixed15_temporal46,clean,20250618::index=5.113188,28,113.1882901,117.93959281967936
fixed15_temporal46,clean,20250618::index=5.113188,34,113.1882901,110.07972573207137
fixed15_temporal46,clean,20250618::index=5.113188,35,113.1882901,117.965411234148
fixed15_temporal46,clean,20250618::index=5.113188,41,113.1882901,115.39162548795221
fixed15_temporal46,clean,20250618::index=5.113188,46,113.1882901,114.15495278296387
fixed15_temporal46,clean,20250618::index=5.113188,47,113.1882901,112.446598951323
fixed15_temporal46,clean,20250618::index=5.113188,48,113.1882901,132.3976212526143
fixed15_temporal46,clean,20250618::index=5.113188,51,113.1882901,111.93943100760063
fixed15_temporal46,clean,20250618::index=5.113188,55,113.1882901,120.85832436384632
fixed15_temporal46,clean,20250618::index=5.113188,56,113.1882901,126.81742431930742
fixed15_temporal46,clean,20250618::index=5.113188,58,113.1882901,149.49879356448528
fixed15_temporal46,clean,20250611::index=6.1.44E+05,6,144.32426180000002,118.98113341948083
fixed15_temporal46,clean,20250611::index=6.1.44E+05,11,144.32426180000002,128.05049611889902
fixed15_temporal46,clean,20250611::index=6.1.44E+05,13,144.32426180000002,80.70825500337996
fixed15_temporal46,clean,20250611::index=6.1.44E+05,26,144.32426180000002,114.20867321360855
fixed15_temporal46,clean,20250611::index=6.1.44E+05,31,144.32426180000002,131.59326575181683
fixed15_temporal46,clean,20250611::index=6.1.44E+05,34,144.32426180000002,128.15600640441093
fixed15_temporal46,clean,20250611::index=6.1.44E+05,35,144.32426180000002,117.98438037313824
fixed15_temporal46,clean,20250611::index=6.1.44E+05,36,144.32426180000002,80.23132435829194
fixed15_temporal46,clean,20250611::index=6.1.44E+05,38,144.32426180000002,145.72337753631254
fixed15_temporal46,clean,20250611::index=6.1.44E+05,40,144.32426180000002,102.44842037618666
fixed15_temporal46,clean,20250611::index=6.1.44E+05,46,144.32426180000002,115.82951118215678
fixed15_temporal46,clean,20250611::index=6.1.44E+05,47,144.32426180000002,63.32945485011782
fixed15_temporal46,clean,20250611::index=6.1.44E+05,56,144.32426180000002,178.98791909459828
fixed15_temporal46,clean,20250611::index=6.1.44E+05,58,144.32426180000002,187.6401907972564
fixed15_temporal46,clean,20250611::index=6.1.44E+05,59,144.32426180000002,182.4112652518478
fixed15_temporal46,clean,20250618::index=6.146381,6,146.38165049999998,139.6465122310653
fixed15_temporal46,clean,20250618::index=6.146381,11,146.38165049999998,151.32089782184178
fixed15_temporal46,clean,20250618::index=6.146381,13,146.38165049999998,144.74934798222228
fixed15_temporal46,clean,20250618::index=6.146381,26,146.38165049999998,139.3461249517208
fixed15_temporal46,clean,20250618::index=6.146381,31,146.38165049999998,137.27638235711865
fixed15_temporal46,clean,20250618::index=6.146381,34,146.38165049999998,141.22869842373072
fixed15_temporal46,clean,20250618::index=6.146381,35,146.38165049999998,132.30874039122966
fixed15_temporal46,clean,20250618::index=6.146381,36,146.38165049999998,141.9636288584529
fixed15_temporal46,clean,20250618::index=6.146381,38,146.38165049999998,144.38205768253655
fixed15_temporal46,clean,20250618::index=6.146381,40,146.38165049999998,133.41241748940487
fixed15_temporal46,clean,20250618::index=6.146381,46,146.38165049999998,143.0322018561803
fixed15_temporal46,clean,20250618::index=6.146381,47,146.38165049999998,142.5126369799015
fixed15_temporal46,clean,20250618::index=6.146381,56,146.38165049999998,152.11713364570386
fixed15_temporal46,clean,20250618::index=6.146381,58,146.38165049999998,140.07944571827673
fixed15_temporal46,clean,20250618::index=6.146381,59,146.38165049999998,154.12398390958776
fixed15_temporal46,clean,20250611::index=7.1.81E+05,4,181.378003,153.93007947595598
fixed15_temporal46,clean,20250611::index=7.1.81E+05,5,181.378003,155.73810549521656
fixed15_temporal46,clean,20250611::index=7.1.81E+05,10,181.378003,183.91501027786575
fixed15_temporal46,clean,20250611::index=7.1.81E+05,15,181.378003,168.83205018628118
fixed15_temporal46,clean,20250611::index=7.1.81E+05,18,181.378003,178.5875973519321
fixed15_temporal46,clean,20250611::index=7.1.81E+05,20,181.378003,176.63932227406846
fixed15_temporal46,clean,20250611::index=7.1.81E+05,26,181.378003,161.04109950271373
fixed15_temporal46,clean,20250611::index=7.1.81E+05,28,181.378003,48.34609164925225
fixed15_temporal46,clean,20250611::index=7.1.81E+05,33,181.378003,175.8792728569022
fixed15_temporal46,clean,20250611::index=7.1.81E+05,37,181.378003,198.70374013411393
fixed15_temporal46,clean,20250611::index=7.1.81E+05,41,181.378003,156.7427717301786
fixed15_temporal46,clean,20250611::index=7.1.81E+05,44,181.378003,175.28126065281296
fixed15_temporal46,clean,20250611::index=7.1.81E+05,56,181.378003,130.08843474330794
fixed15_temporal46,clean,20250611::index=7.1.81E+05,57,181.378003,177.12507977509108
fixed15_temporal46,clean,20250611::index=7.1.81E+05,58,181.378003,159.5832947968288
fixed15_temporal46,clean,20250618::index=7.184190,4,184.1909699,178.033462075383
fixed15_temporal46,clean,20250618::index=7.184190,5,184.1909699,190.0327554759834
fixed15_temporal46,clean,20250618::index=7.184190,10,184.1909699,163.704324082601
fixed15_temporal46,clean,20250618::index=7.184190,15,184.1909699,190.6959989746476
fixed15_temporal46,clean,20250618::index=7.184190,18,184.1909699,178.24881402632462
fixed15_temporal46,clean,20250618::index=7.184190,20,184.1909699,176.4603096788148
fixed15_temporal46,clean,20250618::index=7.184190,26,184.1909699,192.792972653969
fixed15_temporal46,clean,20250618::index=7.184190,28,184.1909699,141.79042610409633
fixed15_temporal46,clean,20250618::index=7.184190,33,184.1909699,184.90806498332918
fixed15_temporal46,clean,20250618::index=7.184190,37,184.1909699,196.44038526423228
fixed15_temporal46,clean,20250618::index=7.184190,41,184.1909699,210.49185543253066
fixed15_temporal46,clean,20250618::index=7.184190,44,184.1909699,202.95030594974477
fixed15_temporal46,clean,20250618::index=7.184190,56,184.1909699,186.43175350033414
fixed15_temporal46,clean,20250618::index=7.184190,57,184.1909699,182.31863538918932
fixed15_temporal46,clean,20250618::index=7.184190,58,184.1909699,190.55213367653002
fixed15_temporal46,clean,20250611::index=3.2.10E+04,1,20.97971604,33.51251702916925
fixed15_temporal46,clean,20250611::index=3.2.10E+04,6,20.97971604,75.99094723478146
fixed15_temporal46,clean,20250611::index=3.2.10E+04,11,20.97971604,15.745929610573446
fixed15_temporal46,clean,20250611::index=3.2.10E+04,22,20.97971604,117.57525124917059
fixed15_temporal46,clean,20250611::index=3.2.10E+04,28,20.97971604,15.967899240052436
fixed15_temporal46,clean,20250611::index=3.2.10E+04,33,20.97971604,67.51179259545674
fixed15_temporal46,clean,20250611::index=3.2.10E+04,34,20.97971604,53.5515754165558
fixed15_temporal46,clean,20250611::index=3.2.10E+04,36,20.97971604,23.26155981928718
fixed15_temporal46,clean,20250611::index=3.2.10E+04,41,20.97971604,39.562412826791984
fixed15_temporal46,clean,20250611::index=3.2.10E+04,42,20.97971604,24.369156249467984
fixed15_temporal46,clean,20250611::index=3.2.10E+04,52,20.97971604,25.889437226731367
fixed15_temporal46,clean,20250611::index=3.2.10E+04,54,20.97971604,30.22672626280044
fixed15_temporal46,clean,20250611::index=3.2.10E+04,56,20.97971604,64.65023758979527
fixed15_temporal46,clean,20250611::index=3.2.10E+04,57,20.97971604,78.2279189912702
fixed15_temporal46,clean,20250611::index=3.2.10E+04,59,20.97971604,52.72500293556177
fixed15_temporal46,clean,20250618::index=3.21242,1,21.24286319,40.77023886444506
fixed15_temporal46,clean,20250618::index=3.21242,6,21.24286319,6.032402926027751
fixed15_temporal46,clean,20250618::index=3.21242,11,21.24286319,17.62841243695664
fixed15_temporal46,clean,20250618::index=3.21242,22,21.24286319,23.1879528303791
fixed15_temporal46,clean,20250618::index=3.21242,28,21.24286319,21.737178992038405
fixed15_temporal46,clean,20250618::index=3.21242,33,21.24286319,56.28479575622774
fixed15_temporal46,clean,20250618::index=3.21242,34,21.24286319,51.042735920200855
fixed15_temporal46,clean,20250618::index=3.21242,36,21.24286319,35.77329906169031
fixed15_temporal46,clean,20250618::index=3.21242,41,21.24286319,59.985989925545255
fixed15_temporal46,clean,20250618::index=3.21242,42,21.24286319,42.129659133544905
fixed15_temporal46,clean,20250618::index=3.21242,52,21.24286319,50.874043010780525
fixed15_temporal46,clean,20250618::index=3.21242,54,21.24286319,43.32388664586586
fixed15_temporal46,clean,20250618::index=3.21242,56,21.24286319,64.71549601830439
fixed15_temporal46,clean,20250618::index=3.21242,57,21.24286319,41.29730191740287
fixed15_temporal46,clean,20250618::index=3.21242,59,21.24286319,32.99354097458966
fixed15_temporal46,clean,20250611::index=8.2.22E+05,0,221.5051102,199.08883149136818
fixed15_temporal46,clean,20250611::index=8.2.22E+05,4,221.5051102,223.05599606231732
fixed15_temporal46,clean,20250611::index=8.2.22E+05,6,221.5051102,214.20774128059594
fixed15_temporal46,clean,20250611::index=8.2.22E+05,9,221.5051102,192.3309067174463
fixed15_temporal46,clean,20250611::index=8.2.22E+05,13,221.5051102,220.3774384882695
fixed15_temporal46,clean,20250611::index=8.2.22E+05,15,221.5051102,208.21060706537767
fixed15_temporal46,clean,20250611::index=8.2.22E+05,17,221.5051102,224.42518675499406
fixed15_temporal46,clean,20250611::index=8.2.22E+05,22,221.5051102,223.28798797322477
fixed15_temporal46,clean,20250611::index=8.2.22E+05,24,221.5051102,227.61820041720284
fixed15_temporal46,clean,20250611::index=8.2.22E+05,28,221.5051102,201.145226485021
fixed15_temporal46,clean,20250611::index=8.2.22E+05,31,221.5051102,213.19619037827246
fixed15_temporal46,clean,20250611::index=8.2.22E+05,39,221.5051102,226.22076594036122
fixed15_temporal46,clean,20250611::index=8.2.22E+05,40,221.5051102,228.18897184955617
fixed15_temporal46,clean,20250611::index=8.2.22E+05,50,221.5051102,191.03576424082615
fixed15_temporal46,clean,20250611::index=8.2.22E+05,59,221.5051102,206.88844634006293
fixed15_temporal46,clean,20250618::index=8.225704,0,225.70496179999998,200.0679828042557
fixed15_temporal46,clean,20250618::index=8.225704,4,225.70496179999998,215.74885232611845
fixed15_temporal46,clean,20250618::index=8.225704,6,225.70496179999998,235.36855107452277
fixed15_temporal46,clean,20250618::index=8.225704,9,225.70496179999998,227.77981723548848
fixed15_temporal46,clean,20250618::index=8.225704,13,225.70496179999998,279.2115955739228
fixed15_temporal46,clean,20250618::index=8.225704,15,225.70496179999998,205.87200300270501
fixed15_temporal46,clean,20250618::index=8.225704,17,225.70496179999998,237.87533143656347
fixed15_temporal46,clean,20250618::index=8.225704,22,225.70496179999998,241.14235469587962
fixed15_temporal46,clean,20250618::index=8.225704,24,225.70496179999998,237.135935429004
fixed15_temporal46,clean,20250618::index=8.225704,28,225.70496179999998,224.88741424285735
fixed15_temporal46,clean,20250618::index=8.225704,31,225.70496179999998,224.38932261387043
fixed15_temporal46,clean,20250618::index=8.225704,39,225.70496179999998,239.86792844806993
fixed15_temporal46,clean,20250618::index=8.225704,40,225.70496179999998,236.8917017977724
fixed15_temporal46,clean,20250618::index=8.225704,50,225.70496179999998,289.8536439300896
fixed15_temporal46,clean,20250618::index=8.225704,59,225.70496179999998,233.2598173039045
fixed15_temporal46,clean,20250611::index=2.2.36E+03,0,2.35533535,29.958635721962796
fixed15_temporal46,clean,20250611::index=2.2.36E+03,2,2.35533535,46.3270222166457
fixed15_temporal46,clean,20250611::index=2.2.36E+03,3,2.35533535,18.69345628863576
fixed15_temporal46,clean,20250611::index=2.2.36E+03,14,2.35533535,4.4559297550160615
fixed15_temporal46,clean,20250611::index=2.2.36E+03,21,2.35533535,93.76588404500706
fixed15_temporal46,clean,20250611::index=2.2.36E+03,23,2.35533535,18.83133604272414
fixed15_temporal46,clean,20250611::index=2.2.36E+03,29,2.35533535,38.38352237223331
fixed15_temporal46,clean,20250611::index=2.2.36E+03,36,2.35533535,20.421569701668677
fixed15_temporal46,clean,20250611::index=2.2.36E+03,37,2.35533535,58.16379748095854
fixed15_temporal46,clean,20250611::index=2.2.36E+03,44,2.35533535,25.255486793485463
fixed15_temporal46,clean,20250611::index=2.2.36E+03,47,2.35533535,80.80720573703701
fixed15_temporal46,clean,20250611::index=2.2.36E+03,48,2.35533535,15.905585044107417
fixed15_temporal46,clean,20250611::index=2.2.36E+03,54,2.35533535,35.063023246275044
fixed15_temporal46,clean,20250611::index=2.2.36E+03,55,2.35533535,38.61184734368421
fixed15_temporal46,clean,20250611::index=2.2.36E+03,59,2.35533535,52.21474456961755
fixed15_temporal46,clean,20250618::index=2.2380,0,2.380025286,35.75402189361671
fixed15_temporal46,clean,20250618::index=2.2380,2,2.380025286,19.525941944314578
fixed15_temporal46,clean,20250618::index=2.2380,3,2.380025286,22.303565871268113
fixed15_temporal46,clean,20250618::index=2.2380,14,2.380025286,7.665536218923802
fixed15_temporal46,clean,20250618::index=2.2380,21,2.380025286,65.39659857205385
fixed15_temporal46,clean,20250618::index=2.2380,23,2.380025286,24.637754539000785
fixed15_temporal46,clean,20250618::index=2.2380,29,2.380025286,23.447014548109422
fixed15_temporal46,clean,20250618::index=2.2380,36,2.380025286,17.899089399368055
fixed15_temporal46,clean,20250618::index=2.2380,37,2.380025286,11.777262259128499
fixed15_temporal46,clean,20250618::index=2.2380,44,2.380025286,24.907017631066964
fixed15_temporal46,clean,20250618::index=2.2380,47,2.380025286,94.27700740539893
fixed15_temporal46,clean,20250618::index=2.2380,48,2.380025286,47.95552169376171
fixed15_temporal46,clean,20250618::index=2.2380,54,2.380025286,27.523366893933442
fixed15_temporal46,clean,20250618::index=2.2380,55,2.380025286,34.11476171094342
fixed15_temporal46,clean,20250618::index=2.2380,59,2.380025286,19.121083331280822
fixed15_temporal46,clean,20250611::index=9.2.67E+05,3,266.90769650000004,296.54787829686035
fixed15_temporal46,clean,20250611::index=9.2.67E+05,6,266.90769650000004,283.7762286017003
fixed15_temporal46,clean,20250611::index=9.2.67E+05,7,266.90769650000004,291.4209573571057
fixed15_temporal46,clean,20250611::index=9.2.67E+05,15,266.90769650000004,236.471454546226
fixed15_temporal46,clean,20250611::index=9.2.67E+05,18,266.90769650000004,274.3670569743028
fixed15_temporal46,clean,20250611::index=9.2.67E+05,21,266.90769650000004,125.34570963553915
fixed15_temporal46,clean,20250611::index=9.2.67E+05,26,266.90769650000004,271.72070959989026
fixed15_temporal46,clean,20250611::index=9.2.67E+05,27,266.90769650000004,250.5051425374887
fixed15_temporal46,clean,20250611::index=9.2.67E+05,29,266.90769650000004,294.61183637109997
fixed15_temporal46,clean,20250611::index=9.2.67E+05,30,266.90769650000004,308.0619754680875
fixed15_temporal46,clean,20250611::index=9.2.67E+05,31,266.90769650000004,285.66328057391974
fixed15_temporal46,clean,20250611::index=9.2.67E+05,41,266.90769650000004,269.1274843253726
fixed15_temporal46,clean,20250611::index=9.2.67E+05,45,266.90769650000004,187.54029016082953
fixed15_temporal46,clean,20250611::index=9.2.67E+05,51,266.90769650000004,283.09331720098567
fixed15_temporal46,clean,20250611::index=9.2.67E+05,53,266.90769650000004,297.0654727850196
fixed15_temporal46,clean,20250618::index=9.271677,3,271.6776816,275.8849489469976
fixed15_temporal46,clean,20250618::index=9.271677,6,271.6776816,280.8613573791789
fixed15_temporal46,clean,20250618::index=9.271677,7,271.6776816,283.19275076065344
fixed15_temporal46,clean,20250618::index=9.271677,15,271.6776816,320.10331571084885
fixed15_temporal46,clean,20250618::index=9.271677,18,271.6776816,279.6820232330885
fixed15_temporal46,clean,20250618::index=9.271677,21,271.6776816,281.6556123199599
fixed15_temporal46,clean,20250618::index=9.271677,26,271.6776816,295.8039303457234
fixed15_temporal46,clean,20250618::index=9.271677,27,271.6776816,269.36846956244943
fixed15_temporal46,clean,20250618::index=9.271677,29,271.6776816,280.4388562256896
fixed15_temporal46,clean,20250618::index=9.271677,30,271.6776816,300.2727083345766
fixed15_temporal46,clean,20250618::index=9.271677,31,271.6776816,268.8685149481639
fixed15_temporal46,clean,20250618::index=9.271677,41,271.6776816,276.5082596788403
fixed15_temporal46,clean,20250618::index=9.271677,45,271.6776816,299.01718333319485
fixed15_temporal46,clean,20250618::index=9.271677,51,271.6776816,264.1452373537958
fixed15_temporal46,clean,20250618::index=9.271677,53,271.6776816,252.48101087007365
fixed15_temporal46,clean,20250611::index=10.3.15E+05,2,315.4661173,290.19878001969767
fixed15_temporal46,clean,20250611::index=10.3.15E+05,4,315.4661173,280.5860596720431
fixed15_temporal46,clean,20250611::index=10.3.15E+05,10,315.4661173,320.8665854828369
fixed15_temporal46,clean,20250611::index=10.3.15E+05,18,315.4661173,285.10547396847534
fixed15_temporal46,clean,20250611::index=10.3.15E+05,21,315.4661173,164.48614334668852
fixed15_temporal46,clean,20250611::index=10.3.15E+05,27,315.4661173,309.1087472270518
fixed15_temporal46,clean,20250611::index=10.3.15E+05,29,315.4661173,302.0833522343037
fixed15_temporal46,clean,20250611::index=10.3.15E+05,31,315.4661173,322.74640538002876
fixed15_temporal46,clean,20250611::index=10.3.15E+05,40,315.4661173,331.6431817478168
fixed15_temporal46,clean,20250611::index=10.3.15E+05,45,315.4661173,361.7733973306777
fixed15_temporal46,clean,20250611::index=10.3.15E+05,47,315.4661173,326.21474127435584
fixed15_temporal46,clean,20250611::index=10.3.15E+05,48,315.4661173,301.42003572551766
fixed15_temporal46,clean,20250611::index=10.3.15E+05,50,315.4661173,344.4311227003894
fixed15_temporal46,clean,20250611::index=10.3.15E+05,53,315.4661173,291.46000910934345
fixed15_temporal46,clean,20250611::index=10.3.15E+05,55,315.4661173,282.34343027049323
fixed15_temporal46,clean,20250618::index=10.322114,2,322.1142428,305.08678991478894
fixed15_temporal46,clean,20250618::index=10.322114,4,322.1142428,343.7223056702667
fixed15_temporal46,clean,20250618::index=10.322114,10,322.1142428,326.5768668797598
fixed15_temporal46,clean,20250618::index=10.322114,18,322.1142428,336.0382782475991
fixed15_temporal46,clean,20250618::index=10.322114,21,322.1142428,290.2396746203493
fixed15_temporal46,clean,20250618::index=10.322114,27,322.1142428,274.72403823700665
fixed15_temporal46,clean,20250618::index=10.322114,29,322.1142428,233.51171935863135
fixed15_temporal46,clean,20250618::index=10.322114,31,322.1142428,298.1052340132186
fixed15_temporal46,clean,20250618::index=10.322114,40,322.1142428,276.3639275672083
fixed15_temporal46,clean,20250618::index=10.322114,45,322.1142428,300.01698532223674
fixed15_temporal46,clean,20250618::index=10.322114,47,322.1142428,321.56508489486555
fixed15_temporal46,clean,20250618::index=10.322114,48,322.1142428,309.56316560566574
fixed15_temporal46,clean,20250618::index=10.322114,50,322.1142428,290.644414284239
fixed15_temporal46,clean,20250618::index=10.322114,53,322.1142428,261.2897643514257
fixed15_temporal46,clean,20250618::index=10.322114,55,322.1142428,204.90978923110737
fixed15_temporal46,clean,20250611::index=11.3.69E+05,1,368.97810499999997,373.8796641347532
fixed15_temporal46,clean,20250611::index=11.3.69E+05,5,368.97810499999997,408.66246809964645
fixed15_temporal46,clean,20250611::index=11.3.69E+05,15,368.97810499999997,374.46414866717794
fixed15_temporal46,clean,20250611::index=11.3.69E+05,17,368.97810499999997,369.0016486418736
fixed15_temporal46,clean,20250611::index=11.3.69E+05,20,368.97810499999997,383.05018935749234
fixed15_temporal46,clean,20250611::index=11.3.69E+05,31,368.97810499999997,379.3637902691812
fixed15_temporal46,clean,20250611::index=11.3.69E+05,37,368.97810499999997,394.2657360277663
fixed15_temporal46,clean,20250611::index=11.3.69E+05,44,368.97810499999997,327.4445569781676
fixed15_temporal46,clean,20250611::index=11.3.69E+05,45,368.97810499999997,365.58600869001947
fixed15_temporal46,clean,20250611::index=11.3.69E+05,49,368.97810499999997,363.9422800834431
fixed15_temporal46,clean,20250611::index=11.3.69E+05,50,368.97810499999997,333.5032177613612
fixed15_temporal46,clean,20250611::index=11.3.69E+05,53,368.97810499999997,364.4230727773944
fixed15_temporal46,clean,20250611::index=11.3.69E+05,54,368.97810499999997,367.6932285216292
fixed15_temporal46,clean,20250611::index=11.3.69E+05,55,368.97810499999997,367.505323625188
fixed15_temporal46,clean,20250611::index=11.3.69E+05,58,368.97810499999997,350.7852151233701
fixed15_temporal46,clean,20250618::index=11.376320,1,376.3201201,373.6105406380393
fixed15_temporal46,clean,20250618::index=11.376320,5,376.3201201,378.3794888585166
fixed15_temporal46,clean,20250618::index=11.376320,15,376.3201201,353.5996484707405
fixed15_temporal46,clean,20250618::index=11.376320,17,376.3201201,363.1994424325687
fixed15_temporal46,clean,20250618::index=11.376320,20,376.3201201,375.68311914066305
fixed15_temporal46,clean,20250618::index=11.376320,31,376.3201201,310.19293548558966
fixed15_temporal46,clean,20250618::index=11.376320,37,376.3201201,343.26399316540267
fixed15_temporal46,clean,20250618::index=11.376320,44,376.3201201,373.44032845189645
fixed15_temporal46,clean,20250618::index=11.376320,45,376.3201201,374.32321814755124
fixed15_temporal46,clean,20250618::index=11.376320,49,376.3201201,378.3640185598807
fixed15_temporal46,clean,20250618::index=11.376320,50,376.3201201,345.4959470524399
fixed15_temporal46,clean,20250618::index=11.376320,53,376.3201201,366.9886185066953
fixed15_temporal46,clean,20250618::index=11.376320,54,376.3201201,361.81348967431677
fixed15_temporal46,clean,20250618::index=11.376320,55,376.3201201,396.28913112376085
fixed15_temporal46,clean,20250618::index=11.376320,58,376.3201201,368.14288822064657
fixed15_temporal46,clean,20250611::index=12.4.27E+05,3,427.27619500000003,440.0653269166996
fixed15_temporal46,clean,20250611::index=12.4.27E+05,9,427.27619500000003,433.5962169257352
fixed15_temporal46,clean,20250611::index=12.4.27E+05,13,427.27619500000003,439.13979330096373
fixed15_temporal46,clean,20250611::index=12.4.27E+05,15,427.27619500000003,467.5986417053526
fixed15_temporal46,clean,20250611::index=12.4.27E+05,17,427.27619500000003,447.7786891483171
fixed15_temporal46,clean,20250611::index=12.4.27E+05,22,427.27619500000003,479.3792313592294
fixed15_temporal46,clean,20250611::index=12.4.27E+05,28,427.27619500000003,428.00270761954465
fixed15_temporal46,clean,20250611::index=12.4.27E+05,30,427.27619500000003,429.82344311213717
fixed15_temporal46,clean,20250611::index=12.4.27E+05,39,427.27619500000003,434.44968974659764
fixed15_temporal46,clean,20250611::index=12.4.27E+05,42,427.27619500000003,462.60396827187196
fixed15_temporal46,clean,20250611::index=12.4.27E+05,44,427.27619500000003,433.11097403207407
fixed15_temporal46,clean,20250611::index=12.4.27E+05,46,427.27619500000003,485.4615982724701
fixed15_temporal46,clean,20250611::index=12.4.27E+05,47,427.27619500000003,470.11245950659804
fixed15_temporal46,clean,20250611::index=12.4.27E+05,54,427.27619500000003,423.0446273179741
fixed15_temporal46,clean,20250611::index=12.4.27E+05,57,427.27619500000003,465.5239866814194
fixed15_temporal46,clean,20250618::index=12.434018,3,434.0180833,380.94502345201414
fixed15_temporal46,clean,20250618::index=12.434018,9,434.0180833,409.5875890923498
fixed15_temporal46,clean,20250618::index=12.434018,13,434.0180833,486.99253997500216
fixed15_temporal46,clean,20250618::index=12.434018,15,434.0180833,395.5161190604316
fixed15_temporal46,clean,20250618::index=12.434018,17,434.0180833,392.25080428888265
fixed15_temporal46,clean,20250618::index=12.434018,22,434.0180833,380.3914665392539
fixed15_temporal46,clean,20250618::index=12.434018,28,434.0180833,403.87937802843106
fixed15_temporal46,clean,20250618::index=12.434018,30,434.0180833,471.9742458171908
fixed15_temporal46,clean,20250618::index=12.434018,39,434.0180833,381.88366420069366
fixed15_temporal46,clean,20250618::index=12.434018,42,434.0180833,376.82241362340653
fixed15_temporal46,clean,20250618::index=12.434018,44,434.0180833,374.8739320654091
fixed15_temporal46,clean,20250618::index=12.434018,46,434.0180833,436.0066364383551
fixed15_temporal46,clean,20250618::index=12.434018,47,434.0180833,438.2973693738237
fixed15_temporal46,clean,20250618::index=12.434018,54,434.0180833,440.0788673199063
fixed15_temporal46,clean,20250618::index=12.434018,57,434.0180833,427.5800249056637
fixed15_temporal46,clean,20250611::index=13.4.89E+05,3,489.45399810000004,539.4757435735655
fixed15_temporal46,clean,20250611::index=13.4.89E+05,7,489.45399810000004,485.4588976345118
fixed15_temporal46,clean,20250611::index=13.4.89E+05,12,489.45399810000004,485.7039831797767
fixed15_temporal46,clean,20250611::index=13.4.89E+05,13,489.45399810000004,462.1152282041319
fixed15_temporal46,clean,20250611::index=13.4.89E+05,14,489.45399810000004,496.8372987151928
fixed15_temporal46,clean,20250611::index=13.4.89E+05,20,489.45399810000004,500.2027398526746
fixed15_temporal46,clean,20250611::index=13.4.89E+05,34,489.45399810000004,490.40688566630837
fixed15_temporal46,clean,20250611::index=13.4.89E+05,39,489.45399810000004,488.71965593012055
fixed15_temporal46,clean,20250611::index=13.4.89E+05,42,489.45399810000004,466.9189117955453
fixed15_temporal46,clean,20250611::index=13.4.89E+05,44,489.45399810000004,490.1507491910855
fixed15_temporal46,clean,20250611::index=13.4.89E+05,48,489.45399810000004,489.9996954221934
fixed15_temporal46,clean,20250611::index=13.4.89E+05,51,489.45399810000004,488.99287102637066
fixed15_temporal46,clean,20250611::index=13.4.89E+05,53,489.45399810000004,492.5702782194273
fixed15_temporal46,clean,20250611::index=13.4.89E+05,54,489.45399810000004,495.82484643742487
fixed15_temporal46,clean,20250611::index=13.4.89E+05,59,489.45399810000004,484.31017375704033
fixed15_temporal46,clean,20250618::index=13.496023,3,496.0233525,493.7514748075267
fixed15_temporal46,clean,20250618::index=13.496023,7,496.0233525,501.8721198067713
fixed15_temporal46,clean,20250618::index=13.496023,12,496.0233525,458.53556155201454
fixed15_temporal46,clean,20250618::index=13.496023,13,496.0233525,490.2956445176773
fixed15_temporal46,clean,20250618::index=13.496023,14,496.0233525,499.528702252504
fixed15_temporal46,clean,20250618::index=13.496023,20,496.0233525,497.0969977827932
fixed15_temporal46,clean,20250618::index=13.496023,34,496.0233525,480.75758632748574
fixed15_temporal46,clean,20250618::index=13.496023,39,496.0233525,471.02725307683954
fixed15_temporal46,clean,20250618::index=13.496023,42,496.0233525,437.94889800901814
fixed15_temporal46,clean,20250618::index=13.496023,44,496.0233525,497.0221739491047
fixed15_temporal46,clean,20250618::index=13.496023,48,496.0233525,477.32786329788905
fixed15_temporal46,clean,20250618::index=13.496023,51,496.0233525,480.04233757676985
fixed15_temporal46,clean,20250618::index=13.496023,53,496.0233525,481.86882858215876
fixed15_temporal46,clean,20250618::index=13.496023,54,496.0233525,506.29254877416565
fixed15_temporal46,clean,20250618::index=13.496023,59,496.0233525,504.65500317491967
fixed15_temporal46,clean,20250611::index=14.5.54E+05,8,554.1963218000001,575.0026285211968
fixed15_temporal46,clean,20250611::index=14.5.54E+05,9,554.1963218000001,555.0114716191943
fixed15_temporal46,clean,20250611::index=14.5.54E+05,10,554.1963218000001,544.0550169713895
fixed15_temporal46,clean,20250611::index=14.5.54E+05,14,554.1963218000001,574.4022584100768
fixed15_temporal46,clean,20250611::index=14.5.54E+05,29,554.1963218000001,545.9005070483372
fixed15_temporal46,clean,20250611::index=14.5.54E+05,30,554.1963218000001,490.907802775076
fixed15_temporal46,clean,20250611::index=14.5.54E+05,33,554.1963218000001,585.7891079104517
fixed15_temporal46,clean,20250611::index=14.5.54E+05,36,554.1963218000001,560.4036420629463
fixed15_temporal46,clean,20250611::index=14.5.54E+05,43,554.1963218000001,501.2329422541192
fixed15_temporal46,clean,20250611::index=14.5.54E+05,48,554.1963218000001,541.568219725018
fixed15_temporal46,clean,20250611::index=14.5.54E+05,50,554.1963218000001,541.6560167551295
fixed15_temporal46,clean,20250611::index=14.5.54E+05,51,554.1963218000001,557.3126848164653
fixed15_temporal46,clean,20250611::index=14.5.54E+05,54,554.1963218000001,559.3278820660703
fixed15_temporal46,clean,20250611::index=14.5.54E+05,57,554.1963218000001,558.3392028003004
fixed15_temporal46,clean,20250611::index=14.5.54E+05,58,554.1963218000001,541.4794423569577
fixed15_temporal46,clean,20250618::index=14.562158,8,562.1587854,554.6433460975624
fixed15_temporal46,clean,20250618::index=14.562158,9,562.1587854,579.6758098093844
fixed15_temporal46,clean,20250618::index=14.562158,10,562.1587854,561.9214890113569
fixed15_temporal46,clean,20250618::index=14.562158,14,562.1587854,578.3126748429463
fixed15_temporal46,clean,20250618::index=14.562158,29,562.1587854,556.5433006000533
fixed15_temporal46,clean,20250618::index=14.562158,30,562.1587854,564.5123858860125
fixed15_temporal46,clean,20250618::index=14.562158,33,562.1587854,559.7712987854289
fixed15_temporal46,clean,20250618::index=14.562158,36,562.1587854,578.202710521432
fixed15_temporal46,clean,20250618::index=14.562158,43,562.1587854,567.6693677184096
fixed15_temporal46,clean,20250618::index=14.562158,48,562.1587854,550.5277445978725
fixed15_temporal46,clean,20250618::index=14.562158,50,562.1587854,567.3082236738377
fixed15_temporal46,clean,20250618::index=14.562158,51,562.1587854,561.8988734889937
fixed15_temporal46,clean,20250618::index=14.562158,54,562.1587854,545.8221022069487
fixed15_temporal46,clean,20250618::index=14.562158,57,562.1587854,567.8791223086782
fixed15_temporal46,clean,20250618::index=14.562158,58,562.1587854,571.7887670855571
fixed15_temporal46,clean,20250611::index=4.5.76E+04,2,57.59331665,40.53215818495672
fixed15_temporal46,clean,20250611::index=4.5.76E+04,3,57.59331665,77.36018932729785
fixed15_temporal46,clean,20250611::index=4.5.76E+04,6,57.59331665,92.85725787587594
fixed15_temporal46,clean,20250611::index=4.5.76E+04,11,57.59331665,66.51330173930678
fixed15_temporal46,clean,20250611::index=4.5.76E+04,13,57.59331665,39.61045738476304
fixed15_temporal46,clean,20250611::index=4.5.76E+04,15,57.59331665,71.56189896919844
fixed15_temporal46,clean,20250611::index=4.5.76E+04,18,57.59331665,73.03876425552518
fixed15_temporal46,clean,20250611::index=4.5.76E+04,33,57.59331665,34.137754352117646
fixed15_temporal46,clean,20250611::index=4.5.76E+04,38,57.59331665,34.430352250672314
fixed15_temporal46,clean,20250611::index=4.5.76E+04,41,57.59331665,37.288459976124216
fixed15_temporal46,clean,20250611::index=4.5.76E+04,42,57.59331665,35.05369156488509
fixed15_temporal46,clean,20250611::index=4.5.76E+04,44,57.59331665,55.08041669959996
fixed15_temporal46,clean,20250611::index=4.5.76E+04,46,57.59331665,78.31814126826387
fixed15_temporal46,clean,20250611::index=4.5.76E+04,54,57.59331665,71.63410317543064
fixed15_temporal46,clean,20250611::index=4.5.76E+04,55,57.59331665,137.69470599218718
fixed15_temporal46,clean,20250618::index=4.58389,2,58.38985471,64.5357750682734
fixed15_temporal46,clean,20250618::index=4.58389,3,58.38985471,70.52394403826607
fixed15_temporal46,clean,20250618::index=4.58389,6,58.38985471,40.9934397801899
fixed15_temporal46,clean,20250618::index=4.58389,11,58.38985471,87.20848851924984
fixed15_temporal46,clean,20250618::index=4.58389,13,58.38985471,31.419548265823313
fixed15_temporal46,clean,20250618::index=4.58389,15,58.38985471,60.24055221217505
fixed15_temporal46,clean,20250618::index=4.58389,18,58.38985471,62.44392300359121
fixed15_temporal46,clean,20250618::index=4.58389,33,58.38985471,46.62230814160166
fixed15_temporal46,clean,20250618::index=4.58389,38,58.38985471,15.99259770538765
fixed15_temporal46,clean,20250618::index=4.58389,41,58.38985471,67.3790914629658
fixed15_temporal46,clean,20250618::index=4.58389,42,58.38985471,20.122824246929728
fixed15_temporal46,clean,20250618::index=4.58389,44,58.38985471,57.924023028116956
fixed15_temporal46,clean,20250618::index=4.58389,46,58.38985471,50.1530227681144
fixed15_temporal46,clean,20250618::index=4.58389,54,58.38985471,79.53120906398641
fixed15_temporal46,clean,20250618::index=4.58389,55,58.38985471,66.33941026070477
fixed15_temporal46,clean,20250611::index=15.6.24E+05,3,624.4425514,647.7748056681456
fixed15_temporal46,clean,20250611::index=15.6.24E+05,4,624.4425514,617.5372356584184
fixed15_temporal46,clean,20250611::index=15.6.24E+05,11,624.4425514,645.2098358285959
fixed15_temporal46,clean,20250611::index=15.6.24E+05,13,624.4425514,574.7769263334596
fixed15_temporal46,clean,20250611::index=15.6.24E+05,14,624.4425514,612.2011930289017
fixed15_temporal46,clean,20250611::index=15.6.24E+05,18,624.4425514,613.3030314213725
fixed15_temporal46,clean,20250611::index=15.6.24E+05,19,624.4425514,614.6966150074992
fixed15_temporal46,clean,20250611::index=15.6.24E+05,27,624.4425514,613.8530754541266
fixed15_temporal46,clean,20250611::index=15.6.24E+05,39,624.4425514,627.8690209126542
fixed15_temporal46,clean,20250611::index=15.6.24E+05,43,624.4425514,645.8838802746055
fixed15_temporal46,clean,20250611::index=15.6.24E+05,46,624.4425514,604.9788479916936
fixed15_temporal46,clean,20250611::index=15.6.24E+05,51,624.4425514,626.7436938433017
fixed15_temporal46,clean,20250611::index=15.6.24E+05,55,624.4425514,623.2878900177406
fixed15_temporal46,clean,20250611::index=15.6.24E+05,57,624.4425514,611.9655450558389
fixed15_temporal46,clean,20250611::index=15.6.24E+05,58,624.4425514,622.5511942383775
fixed15_temporal46,clean,20250618::index=15.633482,3,633.482536,658.2680342130485
fixed15_temporal46,clean,20250618::index=15.633482,4,633.482536,635.4715676940064
fixed15_temporal46,clean,20250618::index=15.633482,11,633.482536,635.5184918808086
fixed15_temporal46,clean,20250618::index=15.633482,13,633.482536,621.8793859633575
fixed15_temporal46,clean,20250618::index=15.633482,14,633.482536,651.0351014618282
fixed15_temporal46,clean,20250618::index=15.633482,18,633.482536,601.9261435580903
fixed15_temporal46,clean,20250618::index=15.633482,19,633.482536,635.6933110514049
fixed15_temporal46,clean,20250618::index=15.633482,27,633.482536,610.0484607372412
fixed15_temporal46,clean,20250618::index=15.633482,39,633.482536,605.2299097164657
fixed15_temporal46,clean,20250618::index=15.633482,43,633.482536,673.7036080129876
fixed15_temporal46,clean,20250618::index=15.633482,46,633.482536,647.8981747674499
fixed15_temporal46,clean,20250618::index=15.633482,51,633.482536,698.9736894596048
fixed15_temporal46,clean,20250618::index=15.633482,55,633.482536,606.1991614148283
fixed15_temporal46,clean,20250618::index=15.633482,57,633.482536,653.820646061218
fixed15_temporal46,clean,20250618::index=15.633482,58,633.482536,646.1328178043577
fixed15_temporal46,clean,20250611::index=16.6.98E+05,2,698.421296,690.9102908154741
fixed15_temporal46,clean,20250611::index=16.6.98E+05,6,698.421296,698.3338457255143
fixed15_temporal46,clean,20250611::index=16.6.98E+05,9,698.421296,658.4291391058614
fixed15_temporal46,clean,20250611::index=16.6.98E+05,10,698.421296,662.6525528656298
fixed15_temporal46,clean,20250611::index=16.6.98E+05,13,698.421296,697.4656276390733
fixed15_temporal46,clean,20250611::index=16.6.98E+05,17,698.421296,688.9131535993334
fixed15_temporal46,clean,20250611::index=16.6.98E+05,35,698.421296,691.3131152267317
fixed15_temporal46,clean,20250611::index=16.6.98E+05,37,698.421296,689.1558020063762
fixed15_temporal46,clean,20250611::index=16.6.98E+05,39,698.421296,688.1462191840697
fixed15_temporal46,clean,20250611::index=16.6.98E+05,40,698.421296,706.9622950962226
fixed15_temporal46,clean,20250611::index=16.6.98E+05,46,698.421296,738.260327460563
fixed15_temporal46,clean,20250611::index=16.6.98E+05,47,698.421296,710.5310910765658
fixed15_temporal46,clean,20250611::index=16.6.98E+05,52,698.421296,749.4070334526938
fixed15_temporal46,clean,20250611::index=16.6.98E+05,55,698.421296,687.4967967162871
fixed15_temporal46,clean,20250611::index=16.6.98E+05,57,698.421296,694.0166397638002
fixed15_temporal46,clean,20250618::index=16.709792,2,709.7927143,711.3585828084797
fixed15_temporal46,clean,20250618::index=16.709792,6,709.7927143,736.8232029284216
fixed15_temporal46,clean,20250618::index=16.709792,9,709.7927143,709.1828175733135
fixed15_temporal46,clean,20250618::index=16.709792,10,709.7927143,745.7989842734116
fixed15_temporal46,clean,20250618::index=16.709792,13,709.7927143,717.0006741946876
fixed15_temporal46,clean,20250618::index=16.709792,17,709.7927143,742.8711388076293
fixed15_temporal46,clean,20250618::index=16.709792,35,709.7927143,701.7094512379774
fixed15_temporal46,clean,20250618::index=16.709792,37,709.7927143,715.1344914625193
fixed15_temporal46,clean,20250618::index=16.709792,39,709.7927143,710.2963427551892
fixed15_temporal46,clean,20250618::index=16.709792,40,709.7927143,729.4452538486535
fixed15_temporal46,clean,20250618::index=16.709792,46,709.7927143,771.4138338058104
fixed15_temporal46,clean,20250618::index=16.709792,47,709.7927143,728.7836112378592
fixed15_temporal46,clean,20250618::index=16.709792,52,709.7927143,703.7771080353195
fixed15_temporal46,clean,20250618::index=16.709792,55,709.7927143,699.7449493145883
fixed15_temporal46,clean,20250618::index=16.709792,57,709.7927143,674.6792632028707
fixed15_temporal46,clean,20250611::index=17.7.77E+05,5,776.6472223000001,761.3382402675278
fixed15_temporal46,clean,20250611::index=17.7.77E+05,6,776.6472223000001,765.892944835123
fixed15_temporal46,clean,20250611::index=17.7.77E+05,7,776.6472223000001,753.4082232500565
fixed15_temporal46,clean,20250611::index=17.7.77E+05,8,776.6472223000001,754.9637006505743
fixed15_temporal46,clean,20250611::index=17.7.77E+05,10,776.6472223000001,745.6295623614246
fixed15_temporal46,clean,20250611::index=17.7.77E+05,14,776.6472223000001,769.2922879534294
fixed15_temporal46,clean,20250611::index=17.7.77E+05,19,776.6472223000001,814.0784641176771
fixed15_temporal46,clean,20250611::index=17.7.77E+05,24,776.6472223000001,772.5987469821864
fixed15_temporal46,clean,20250611::index=17.7.77E+05,26,776.6472223000001,744.5666424230757
fixed15_temporal46,clean,20250611::index=17.7.77E+05,31,776.6472223000001,744.4035822933158
fixed15_temporal46,clean,20250611::index=17.7.77E+05,41,776.6472223000001,772.1820881975067
fixed15_temporal46,clean,20250611::index=17.7.77E+05,52,776.6472223000001,809.2542556002209
fixed15_temporal46,clean,20250611::index=17.7.77E+05,53,776.6472223000001,817.6860502393888
fixed15_temporal46,clean,20250611::index=17.7.77E+05,54,776.6472223000001,772.555895520351
fixed15_temporal46,clean,20250611::index=17.7.77E+05,55,776.6472223000001,731.1971451124334
fixed15_temporal46,clean,20250618::index=17.789500,5,789.5001968,772.6793133338739
fixed15_temporal46,clean,20250618::index=17.789500,6,789.5001968,837.1391464428901
fixed15_temporal46,clean,20250618::index=17.789500,7,789.5001968,712.428565152528
fixed15_temporal46,clean,20250618::index=17.789500,8,789.5001968,728.7326253603637
fixed15_temporal46,clean,20250618::index=17.789500,10,789.5001968,747.756485618058
fixed15_temporal46,clean,20250618::index=17.789500,14,789.5001968,828.6720264738584
fixed15_temporal46,clean,20250618::index=17.789500,19,789.5001968,826.6304921569972
fixed15_temporal46,clean,20250618::index=17.789500,24,789.5001968,750.8628492522222
fixed15_temporal46,clean,20250618::index=17.789500,26,789.5001968,842.4925858284034
fixed15_temporal46,clean,20250618::index=17.789500,31,789.5001968,796.4273919869928
fixed15_temporal46,clean,20250618::index=17.789500,41,789.5001968,764.6561614205799
fixed15_temporal46,clean,20250618::index=17.789500,52,789.5001968,757.4284845583105
fixed15_temporal46,clean,20250618::index=17.789500,53,789.5001968,749.4087500599603
fixed15_temporal46,clean,20250618::index=17.789500,54,789.5001968,806.9062390003678
fixed15_temporal46,clean,20250618::index=17.789500,55,789.5001968,793.3788752552688
fixed15_temporal46,clean,20250611::index=18.8.59E+05,0,859.3439142,866.1008563409991
fixed15_temporal46,clean,20250611::index=18.8.59E+05,5,859.3439142,843.2630119119045
fixed15_temporal46,clean,20250611::index=18.8.59E+05,14,859.3439142,858.7370462274924
fixed15_temporal46,clean,20250611::index=18.8.59E+05,18,859.3439142,839.1465105271827
fixed15_temporal46,clean,20250611::index=18.8.59E+05,19,859.3439142,866.5860656984368
fixed15_temporal46,clean,20250611::index=18.8.59E+05,21,859.3439142,868.2200499875486
fixed15_temporal46,clean,20250611::index=18.8.59E+05,26,859.3439142,871.6005749312264
fixed15_temporal46,clean,20250611::index=18.8.59E+05,27,859.3439142,854.6058958668921
fixed15_temporal46,clean,20250611::index=18.8.59E+05,32,859.3439142,858.0405961994949
fixed15_temporal46,clean,20250611::index=18.8.59E+05,36,859.3439142,858.7082592772238
fixed15_temporal46,clean,20250611::index=18.8.59E+05,43,859.3439142,784.3993904776702
fixed15_temporal46,clean,20250611::index=18.8.59E+05,53,859.3439142,865.5036083294177
fixed15_temporal46,clean,20250611::index=18.8.59E+05,54,859.3439142,829.4962008252959
fixed15_temporal46,clean,20250611::index=18.8.59E+05,56,859.3439142,865.2307730626335
fixed15_temporal46,clean,20250611::index=18.8.59E+05,57,859.3439142,857.7627718484152
fixed15_temporal46,clean,20250618::index=18.873637,0,873.6370359,870.1911575301924
fixed15_temporal46,clean,20250618::index=18.873637,5,873.6370359,869.077777423317
fixed15_temporal46,clean,20250618::index=18.873637,14,873.6370359,872.9715696485952
fixed15_temporal46,clean,20250618::index=18.873637,18,873.6370359,856.1908977190473
fixed15_temporal46,clean,20250618::index=18.873637,19,873.6370359,854.0738180813524
fixed15_temporal46,clean,20250618::index=18.873637,21,873.6370359,853.5181315584517
fixed15_temporal46,clean,20250618::index=18.873637,26,873.6370359,873.1600726555473
fixed15_temporal46,clean,20250618::index=18.873637,27,873.6370359,834.8864761870396
fixed15_temporal46,clean,20250618::index=18.873637,32,873.6370359,868.3455527667222
fixed15_temporal46,clean,20250618::index=18.873637,36,873.6370359,841.40916646431
fixed15_temporal46,clean,20250618::index=18.873637,43,873.6370359,867.6826133886972
fixed15_temporal46,clean,20250618::index=18.873637,53,873.6370359,868.6162556528135
fixed15_temporal46,clean,20250618::index=18.873637,54,873.6370359,863.2311850745864
fixed15_temporal46,clean,20250618::index=18.873637,56,873.6370359,844.810986532764
fixed15_temporal46,clean,20250618::index=18.873637,57,873.6370359,855.5269632190514
fixed15_band10,0,20250618::index=1.0,0,-1.42e-09,201.95463678926174
fixed15_band10,0,20250618::index=1.0,3,-1.42e-09,151.87437752824798
fixed15_band10,0,20250618::index=1.0,5,-1.42e-09,108.8737048625182
fixed15_band10,0,20250618::index=1.0,12,-1.42e-09,43.58655627552753
fixed15_band10,0,20250618::index=1.0,13,-1.42e-09,13.440400359772486
fixed15_band10,0,20250618::index=1.0,31,-1.42e-09,188.07342697761248
fixed15_band10,0,20250618::index=1.0,33,-1.42e-09,151.83419446979477
fixed15_band10,0,20250618::index=1.0,36,-1.42e-09,91.08310077451874
fixed15_band10,0,20250618::index=1.0,45,-1.42e-09,35.47560651305372
fixed15_band10,0,20250618::index=1.0,46,-1.42e-09,41.25009359592253
fixed15_band10,0,20250618::index=1.0,48,-1.42e-09,44.8149047881104
fixed15_band10,0,20250618::index=1.0,50,-1.42e-09,45.528755658502405
fixed15_band10,0,20250618::index=1.0,52,-1.42e-09,95.54719023130777
fixed15_band10,0,20250618::index=1.0,54,-1.42e-09,40.302082843635276
fixed15_band10,0,20250618::index=1.0,57,-1.42e-09,44.32109959638453
fixed15_band10,0,20250611::index=1.3.28E-04,0,3.28047e-07,162.29809572324118
fixed15_band10,0,20250611::index=1.3.28E-04,3,3.28047e-07,185.30444078553563
fixed15_band10,0,20250611::index=1.3.28E-04,5,3.28047e-07,220.5607049341584
fixed15_band10,0,20250611::index=1.3.28E-04,12,3.28047e-07,24.46985504494854
fixed15_band10,0,20250611::index=1.3.28E-04,13,3.28047e-07,35.10888232778349
fixed15_band10,0,20250611::index=1.3.28E-04,31,3.28047e-07,202.55067893325028
fixed15_band10,0,20250611::index=1.3.28E-04,33,3.28047e-07,116.18104876109427
fixed15_band10,0,20250611::index=1.3.28E-04,36,3.28047e-07,85.24533170241591
fixed15_band10,0,20250611::index=1.3.28E-04,45,3.28047e-07,94.61119491180489
fixed15_band10,0,20250611::index=1.3.28E-04,46,3.28047e-07,121.10892559554361
fixed15_band10,0,20250611::index=1.3.28E-04,48,3.28047e-07,92.74299421872081
fixed15_band10,0,20250611::index=1.3.28E-04,50,3.28047e-07,95.26759391051492
fixed15_band10,0,20250611::index=1.3.28E-04,52,3.28047e-07,66.60916667833641
fixed15_band10,0,20250611::index=1.3.28E-04,54,3.28047e-07,28.906983624158702
fixed15_band10,0,20250611::index=1.3.28E-04,57,3.28047e-07,91.16962909118527
fixed15_band10,0,20250611::index=5.1.11E+05,17,111.2647017,33.79326359899553
fixed15_band10,0,20250611::index=5.1.11E+05,19,111.2647017,17.7461976154205
fixed15_band10,0,20250611::index=5.1.11E+05,21,111.2647017,70.69699841358464
fixed15_band10,0,20250611::index=5.1.11E+05,23,111.2647017,25.46912425433576
fixed15_band10,0,20250611::index=5.1.11E+05,28,111.2647017,11.403652722896316
fixed15_band10,0,20250611::index=5.1.11E+05,34,111.2647017,23.930428184933113
fixed15_band10,0,20250611::index=5.1.11E+05,35,111.2647017,28.558130302173346
fixed15_band10,0,20250611::index=5.1.11E+05,41,111.2647017,49.46626956280439
fixed15_band10,0,20250611::index=5.1.11E+05,46,111.2647017,68.41834241210918
fixed15_band10,0,20250611::index=5.1.11E+05,47,111.2647017,93.11007115256707
fixed15_band10,0,20250611::index=5.1.11E+05,48,111.2647017,39.91416872226612
fixed15_band10,0,20250611::index=5.1.11E+05,51,111.2647017,51.210039015938776
fixed15_band10,0,20250611::index=5.1.11E+05,55,111.2647017,66.17525649345563
fixed15_band10,0,20250611::index=5.1.11E+05,56,111.2647017,66.75795163886941
fixed15_band10,0,20250611::index=5.1.11E+05,58,111.2647017,48.2453340971275
fixed15_band10,0,20250618::index=5.113188,17,113.1882901,155.69176513250144
fixed15_band10,0,20250618::index=5.113188,19,113.1882901,100.14514252244268
fixed15_band10,0,20250618::index=5.113188,21,113.1882901,107.37611531319418
fixed15_band10,0,20250618::index=5.113188,23,113.1882901,73.40483014222029
fixed15_band10,0,20250618::index=5.113188,28,113.1882901,100.57419225740472
fixed15_band10,0,20250618::index=5.113188,34,113.1882901,80.33934030518616
fixed15_band10,0,20250618::index=5.113188,35,113.1882901,71.27737786566122
fixed15_band10,0,20250618::index=5.113188,41,113.1882901,102.19444465204309
fixed15_band10,0,20250618::index=5.113188,46,113.1882901,93.39262076904659
fixed15_band10,0,20250618::index=5.113188,47,113.1882901,71.05708719193423
fixed15_band10,0,20250618::index=5.113188,48,113.1882901,74.60989369050935
fixed15_band10,0,20250618::index=5.113188,51,113.1882901,90.61682650746366
fixed15_band10,0,20250618::index=5.113188,55,113.1882901,111.21721970356775
fixed15_band10,0,20250618::index=5.113188,56,113.1882901,102.69836639291738
fixed15_band10,0,20250618::index=5.113188,58,113.1882901,139.35321977798824
fixed15_band10,0,20250611::index=6.1.44E+05,6,144.32426180000002,10.34875034094704
fixed15_band10,0,20250611::index=6.1.44E+05,11,144.32426180000002,46.6012762329453
fixed15_band10,0,20250611::index=6.1.44E+05,13,144.32426180000002,22.340461222108715
fixed15_band10,0,20250611::index=6.1.44E+05,26,144.32426180000002,83.1061943013987
fixed15_band10,0,20250611::index=6.1.44E+05,31,144.32426180000002,39.81764353651116
fixed15_band10,0,20250611::index=6.1.44E+05,34,144.32426180000002,34.73639538545504
fixed15_band10,0,20250611::index=6.1.44E+05,35,144.32426180000002,40.04109126656525
fixed15_band10,0,20250611::index=6.1.44E+05,36,144.32426180000002,58.7959977389091
fixed15_band10,0,20250611::index=6.1.44E+05,38,144.32426180000002,54.8882217497207
fixed15_band10,0,20250611::index=6.1.44E+05,40,144.32426180000002,74.38983075625424
fixed15_band10,0,20250611::index=6.1.44E+05,46,144.32426180000002,78.28280964934258
fixed15_band10,0,20250611::index=6.1.44E+05,47,144.32426180000002,104.7016486217536
fixed15_band10,0,20250611::index=6.1.44E+05,56,144.32426180000002,75.34453559320113
fixed15_band10,0,20250611::index=6.1.44E+05,58,144.32426180000002,98.71245455430203
fixed15_band10,0,20250611::index=6.1.44E+05,59,144.32426180000002,82.67128484518659
fixed15_band10,0,20250618::index=6.146381,6,146.38165049999998,139.9523488468226
fixed15_band10,0,20250618::index=6.146381,11,146.38165049999998,138.88455408591378
fixed15_band10,0,20250618::index=6.146381,13,146.38165049999998,144.51318761532875
fixed15_band10,0,20250618::index=6.146381,26,146.38165049999998,97.66806184066967
fixed15_band10,0,20250618::index=6.146381,31,146.38165049999998,97.32663430725432
fixed15_band10,0,20250618::index=6.146381,34,146.38165049999998,139.64732970784323
fixed15_band10,0,20250618::index=6.146381,35,146.38165049999998,74.01985417523309
fixed15_band10,0,20250618::index=6.146381,36,146.38165049999998,139.80649506521993
fixed15_band10,0,20250618::index=6.146381,38,146.38165049999998,129.30249841480824
fixed15_band10,0,20250618::index=6.146381,40,146.38165049999998,134.485417583918
fixed15_band10,0,20250618::index=6.146381,46,146.38165049999998,145.0611020515342
fixed15_band10,0,20250618::index=6.146381,47,146.38165049999998,113.20510251972854
fixed15_band10,0,20250618::index=6.146381,56,146.38165049999998,140.77697761393566
fixed15_band10,0,20250618::index=6.146381,58,146.38165049999998,149.15263091079956
fixed15_band10,0,20250618::index=6.146381,59,146.38165049999998,150.1149014803075
fixed15_band10,0,20250611::index=7.1.81E+05,4,181.378003,84.69307540983972
fixed15_band10,0,20250611::index=7.1.81E+05,5,181.378003,47.75765514748282
fixed15_band10,0,20250611::index=7.1.81E+05,10,181.378003,103.86460664424652
fixed15_band10,0,20250611::index=7.1.81E+05,15,181.378003,84.81909524818292
fixed15_band10,0,20250611::index=7.1.81E+05,18,181.378003,87.95877292577948
fixed15_band10,0,20250611::index=7.1.81E+05,20,181.378003,109.97289731285021
fixed15_band10,0,20250611::index=7.1.81E+05,26,181.378003,144.19123611024656
fixed15_band10,0,20250611::index=7.1.81E+05,28,181.378003,80.6733327368855
fixed15_band10,0,20250611::index=7.1.81E+05,33,181.378003,86.01828251039333
fixed15_band10,0,20250611::index=7.1.81E+05,37,181.378003,99.85884266724011
fixed15_band10,0,20250611::index=7.1.81E+05,41,181.378003,81.47968974628465
fixed15_band10,0,20250611::index=7.1.81E+05,44,181.378003,72.99931339989618
fixed15_band10,0,20250611::index=7.1.81E+05,56,181.378003,58.86800438806955
fixed15_band10,0,20250611::index=7.1.81E+05,57,181.378003,107.21138124955263
fixed15_band10,0,20250611::index=7.1.81E+05,58,181.378003,85.78375051538114
fixed15_band10,0,20250618::index=7.184190,4,184.1909699,113.21811635681301
fixed15_band10,0,20250618::index=7.184190,5,184.1909699,123.02316072368004
fixed15_band10,0,20250618::index=7.184190,10,184.1909699,150.12502549204982
fixed15_band10,0,20250618::index=7.184190,15,184.1909699,161.27765788890662
fixed15_band10,0,20250618::index=7.184190,18,184.1909699,146.74603008681115
fixed15_band10,0,20250618::index=7.184190,20,184.1909699,124.07819335760588
fixed15_band10,0,20250618::index=7.184190,26,184.1909699,140.59449152971803
fixed15_band10,0,20250618::index=7.184190,28,184.1909699,171.72196004997764
fixed15_band10,0,20250618::index=7.184190,33,184.1909699,215.53809489042396
fixed15_band10,0,20250618::index=7.184190,37,184.1909699,228.65104373572038
fixed15_band10,0,20250618::index=7.184190,41,184.1909699,191.63399988361547
fixed15_band10,0,20250618::index=7.184190,44,184.1909699,181.64455366810478
fixed15_band10,0,20250618::index=7.184190,56,184.1909699,161.15887830388309
fixed15_band10,0,20250618::index=7.184190,57,184.1909699,183.2918696166633
fixed15_band10,0,20250618::index=7.184190,58,184.1909699,160.9474140861653
fixed15_band10,0,20250611::index=3.2.10E+04,1,20.97971604,75.98159680661458
fixed15_band10,0,20250611::index=3.2.10E+04,6,20.97971604,67.00481819161747
fixed15_band10,0,20250611::index=3.2.10E+04,11,20.97971604,93.78735207841285
fixed15_band10,0,20250611::index=3.2.10E+04,22,20.97971604,132.83284870766187
fixed15_band10,0,20250611::index=3.2.10E+04,28,20.97971604,49.55535740266555
fixed15_band10,0,20250611::index=3.2.10E+04,33,20.97971604,20.041968730602026
fixed15_band10,0,20250611::index=3.2.10E+04,34,20.97971604,26.759190646862802
fixed15_band10,0,20250611::index=3.2.10E+04,36,20.97971604,23.59330345204442
fixed15_band10,0,20250611::index=3.2.10E+04,41,20.97971604,33.13974198090539
fixed15_band10,0,20250611::index=3.2.10E+04,42,20.97971604,17.915810816069758
fixed15_band10,0,20250611::index=3.2.10E+04,52,20.97971604,38.10385310256404
fixed15_band10,0,20250611::index=3.2.10E+04,54,20.97971604,6.415867819990598
fixed15_band10,0,20250611::index=3.2.10E+04,56,20.97971604,31.352611260968423
fixed15_band10,0,20250611::index=3.2.10E+04,57,20.97971604,51.125888017943915
fixed15_band10,0,20250611::index=3.2.10E+04,59,20.97971604,17.714665117546197
fixed15_band10,0,20250618::index=3.21242,1,21.24286319,162.01793020737796
fixed15_band10,0,20250618::index=3.21242,6,21.24286319,130.80202497841893
fixed15_band10,0,20250618::index=3.21242,11,21.24286319,93.8995801263965
fixed15_band10,0,20250618::index=3.21242,22,21.24286319,182.6833972762196
fixed15_band10,0,20250618::index=3.21242,28,21.24286319,104.27603894748088
fixed15_band10,0,20250618::index=3.21242,33,21.24286319,181.13152282870976
fixed15_band10,0,20250618::index=3.21242,34,21.24286319,118.54517509497865
fixed15_band10,0,20250618::index=3.21242,36,21.24286319,160.2154426735149
fixed15_band10,0,20250618::index=3.21242,41,21.24286319,182.7868892847771
fixed15_band10,0,20250618::index=3.21242,42,21.24286319,161.66512504041896
fixed15_band10,0,20250618::index=3.21242,52,21.24286319,161.9371445378209
fixed15_band10,0,20250618::index=3.21242,54,21.24286319,137.98519936721405
fixed15_band10,0,20250618::index=3.21242,56,21.24286319,164.73739845080487
fixed15_band10,0,20250618::index=3.21242,57,21.24286319,113.27782806164994
fixed15_band10,0,20250618::index=3.21242,59,21.24286319,131.0144511555569
fixed15_band10,0,20250611::index=8.2.22E+05,0,221.5051102,140.62652514647064
fixed15_band10,0,20250611::index=8.2.22E+05,4,221.5051102,116.19002558037825
fixed15_band10,0,20250611::index=8.2.22E+05,6,221.5051102,86.73921835728824
fixed15_band10,0,20250611::index=8.2.22E+05,9,221.5051102,138.7573312904078
fixed15_band10,0,20250611::index=8.2.22E+05,13,221.5051102,78.05057098555453
fixed15_band10,0,20250611::index=8.2.22E+05,15,221.5051102,135.32860316028064
fixed15_band10,0,20250611::index=8.2.22E+05,17,221.5051102,138.08228182138984
fixed15_band10,0,20250611::index=8.2.22E+05,22,221.5051102,109.27577990874474
fixed15_band10,0,20250611::index=8.2.22E+05,24,221.5051102,101.49655131812248
fixed15_band10,0,20250611::index=8.2.22E+05,28,221.5051102,72.04772458104088
fixed15_band10,0,20250611::index=8.2.22E+05,31,221.5051102,110.19966462012557
fixed15_band10,0,20250611::index=8.2.22E+05,39,221.5051102,99.36190201705313
fixed15_band10,0,20250611::index=8.2.22E+05,40,221.5051102,118.14498353231424
fixed15_band10,0,20250611::index=8.2.22E+05,50,221.5051102,108.71320190919644
fixed15_band10,0,20250611::index=8.2.22E+05,59,221.5051102,106.6338315954061
fixed15_band10,0,20250618::index=8.225704,0,225.70496179999998,234.35173689074077
fixed15_band10,0,20250618::index=8.225704,4,225.70496179999998,276.31938183133127
fixed15_band10,0,20250618::index=8.225704,6,225.70496179999998,212.01604805323367
fixed15_band10,0,20250618::index=8.225704,9,225.70496179999998,239.31664702063895
fixed15_band10,0,20250618::index=8.225704,13,225.70496179999998,270.93050120391166
fixed15_band10,0,20250618::index=8.225704,15,225.70496179999998,206.4797160868043
fixed15_band10,0,20250618::index=8.225704,17,225.70496179999998,290.160800427495
fixed15_band10,0,20250618::index=8.225704,22,225.70496179999998,245.79468506078825
fixed15_band10,0,20250618::index=8.225704,24,225.70496179999998,254.01963354601392
fixed15_band10,0,20250618::index=8.225704,28,225.70496179999998,219.5393024455425
fixed15_band10,0,20250618::index=8.225704,31,225.70496179999998,292.73872487934415
fixed15_band10,0,20250618::index=8.225704,39,225.70496179999998,284.95628349965585
fixed15_band10,0,20250618::index=8.225704,40,225.70496179999998,267.80045634845146
fixed15_band10,0,20250618::index=8.225704,50,225.70496179999998,277.8472424027333
fixed15_band10,0,20250618::index=8.225704,59,225.70496179999998,287.39216417745064
fixed15_band10,0,20250611::index=2.2.36E+03,0,2.35533535,38.3414548306852
fixed15_band10,0,20250611::index=2.2.36E+03,2,2.35533535,34.846233559294404
fixed15_band10,0,20250611::index=2.2.36E+03,3,2.35533535,31.970850957379312
fixed15_band10,0,20250611::index=2.2.36E+03,14,2.35533535,127.16842227309934
fixed15_band10,0,20250611::index=2.2.36E+03,21,2.35533535,61.12271259947075
fixed15_band10,0,20250611::index=2.2.36E+03,23,2.35533535,34.96547403181586
fixed15_band10,0,20250611::index=2.2.36E+03,29,2.35533535,33.56721379492933
fixed15_band10,0,20250611::index=2.2.36E+03,36,2.35533535,0.9693308972365193
fixed15_band10,0,20250611::index=2.2.36E+03,37,2.35533535,67.74824479573881
fixed15_band10,0,20250611::index=2.2.36E+03,44,2.35533535,32.74596640884552
fixed15_band10,0,20250611::index=2.2.36E+03,47,2.35533535,88.41299799399782
fixed15_band10,0,20250611::index=2.2.36E+03,48,2.35533535,20.42690729870575
fixed15_band10,0,20250611::index=2.2.36E+03,54,2.35533535,24.070933758441925
fixed15_band10,0,20250611::index=2.2.36E+03,55,2.35533535,20.172655552916797
fixed15_band10,0,20250611::index=2.2.36E+03,59,2.35533535,25.44364489768118
fixed15_band10,0,20250618::index=2.2380,0,2.380025286,154.54929436245467
fixed15_band10,0,20250618::index=2.2380,2,2.380025286,183.62862877256123
fixed15_band10,0,20250618::index=2.2380,3,2.380025286,157.136124158485
fixed15_band10,0,20250618::index=2.2380,14,2.380025286,152.47844082526387
fixed15_band10,0,20250618::index=2.2380,21,2.380025286,118.86831748196708
fixed15_band10,0,20250618::index=2.2380,23,2.380025286,142.88845409479075
fixed15_band10,0,20250618::index=2.2380,29,2.380025286,153.56832200718105
fixed15_band10,0,20250618::index=2.2380,36,2.380025286,95.01786352856604
fixed15_band10,0,20250618::index=2.2380,37,2.380025286,164.39164943900556
fixed15_band10,0,20250618::index=2.2380,44,2.380025286,139.1510909568134
fixed15_band10,0,20250618::index=2.2380,47,2.380025286,184.67529003655287
fixed15_band10,0,20250618::index=2.2380,48,2.380025286,152.6622812427325
fixed15_band10,0,20250618::index=2.2380,54,2.380025286,186.42931015681057
fixed15_band10,0,20250618::index=2.2380,55,2.380025286,173.76357341482947
fixed15_band10,0,20250618::index=2.2380,59,2.380025286,192.38308401380664
fixed15_band10,0,20250611::index=9.2.67E+05,3,266.90769650000004,310.56866806634446
fixed15_band10,0,20250611::index=9.2.67E+05,6,266.90769650000004,284.6781939416506
fixed15_band10,0,20250611::index=9.2.67E+05,7,266.90769650000004,285.55095151343204
fixed15_band10,0,20250611::index=9.2.67E+05,15,266.90769650000004,271.70033233460333
fixed15_band10,0,20250611::index=9.2.67E+05,18,266.90769650000004,298.99476798023375
fixed15_band10,0,20250611::index=9.2.67E+05,21,266.90769650000004,259.31927001520364
fixed15_band10,0,20250611::index=9.2.67E+05,26,266.90769650000004,281.50245272025927
fixed15_band10,0,20250611::index=9.2.67E+05,27,266.90769650000004,115.54538767463364
fixed15_band10,0,20250611::index=9.2.67E+05,29,266.90769650000004,293.48476881535925
fixed15_band10,0,20250611::index=9.2.67E+05,30,266.90769650000004,288.3737007349316
fixed15_band10,0,20250611::index=9.2.67E+05,31,266.90769650000004,270.2584266650581
fixed15_band10,0,20250611::index=9.2.67E+05,41,266.90769650000004,284.7245672413879
fixed15_band10,0,20250611::index=9.2.67E+05,45,266.90769650000004,114.42116406024262
fixed15_band10,0,20250611::index=9.2.67E+05,51,266.90769650000004,267.69871502852527
fixed15_band10,0,20250611::index=9.2.67E+05,53,266.90769650000004,285.55095151343204
fixed15_band10,0,20250618::index=9.271677,3,271.6776816,274.1552191405784
fixed15_band10,0,20250618::index=9.271677,6,271.6776816,297.13335400275463
fixed15_band10,0,20250618::index=9.271677,7,271.6776816,284.493237953587
fixed15_band10,0,20250618::index=9.271677,15,271.6776816,294.7038925526265
fixed15_band10,0,20250618::index=9.271677,18,271.6776816,261.93085846881326
fixed15_band10,0,20250618::index=9.271677,21,271.6776816,300.59266445147784
fixed15_band10,0,20250618::index=9.271677,26,271.6776816,282.9955105152917
fixed15_band10,0,20250618::index=9.271677,27,271.6776816,276.3324286069494
fixed15_band10,0,20250618::index=9.271677,29,271.6776816,281.50443155750753
fixed15_band10,0,20250618::index=9.271677,30,271.6776816,289.3679138274305
fixed15_band10,0,20250618::index=9.271677,31,271.6776816,292.59573755848294
fixed15_band10,0,20250618::index=9.271677,41,271.6776816,272.47815405588466
fixed15_band10,0,20250618::index=9.271677,45,271.6776816,293.50850332108104
fixed15_band10,0,20250618::index=9.271677,51,271.6776816,249.32104675634653
fixed15_band10,0,20250618::index=9.271677,53,271.6776816,279.68376889776215
fixed15_band10,0,20250611::index=10.3.15E+05,2,315.4661173,304.83215775469273
fixed15_band10,0,20250611::index=10.3.15E+05,4,315.4661173,266.6980009188095
fixed15_band10,0,20250611::index=10.3.15E+05,10,315.4661173,326.8886866683849
fixed15_band10,0,20250611::index=10.3.15E+05,18,315.4661173,266.6980009188095
fixed15_band10,0,20250611::index=10.3.15E+05,21,315.4661173,236.38558046150123
fixed15_band10,0,20250611::index=10.3.15E+05,27,315.4661173,312.918919410433
fixed15_band10,0,20250611::index=10.3.15E+05,29,315.4661173,274.4042532810684
fixed15_band10,0,20250611::index=10.3.15E+05,31,315.4661173,315.3512160493428
fixed15_band10,0,20250611::index=10.3.15E+05,40,315.4661173,313.5455176784798
fixed15_band10,0,20250611::index=10.3.15E+05,45,315.4661173,338.8445796637402
fixed15_band10,0,20250611::index=10.3.15E+05,47,315.4661173,322.04485151045503
fixed15_band10,0,20250611::index=10.3.15E+05,48,315.4661173,306.236002355564
fixed15_band10,0,20250611::index=10.3.15E+05,50,315.4661173,343.41718563861184
fixed15_band10,0,20250611::index=10.3.15E+05,53,315.4661173,283.806879244454
fixed15_band10,0,20250611::index=10.3.15E+05,55,315.4661173,298.99476798023375
fixed15_band10,0,20250618::index=10.322114,2,322.1142428,346.5831406762629
fixed15_band10,0,20250618::index=10.322114,4,322.1142428,332.97574947591886
fixed15_band10,0,20250618::index=10.322114,10,322.1142428,294.71992270305964
fixed15_band10,0,20250618::index=10.322114,18,322.1142428,346.80131089474753
fixed15_band10,0,20250618::index=10.322114,21,322.1142428,296.56169132504687
fixed15_band10,0,20250618::index=10.322114,27,322.1142428,270.6834560931495
fixed15_band10,0,20250618::index=10.322114,29,322.1142428,238.62773608926625
fixed15_band10,0,20250618::index=10.322114,31,322.1142428,291.4061017299244
fixed15_band10,0,20250618::index=10.322114,40,322.1142428,248.50065634394144
fixed15_band10,0,20250618::index=10.322114,45,322.1142428,277.7317366459978
fixed15_band10,0,20250618::index=10.322114,47,322.1142428,271.25725742763876
fixed15_band10,0,20250618::index=10.322114,48,322.1142428,285.49820585120335
fixed15_band10,0,20250618::index=10.322114,50,322.1142428,236.61149557776352
fixed15_band10,0,20250618::index=10.322114,53,322.1142428,241.3092002208213
fixed15_band10,0,20250618::index=10.322114,55,322.1142428,231.26493487587
fixed15_band10,0,20250611::index=11.3.69E+05,1,368.97810499999997,363.74512081032464
fixed15_band10,0,20250611::index=11.3.69E+05,5,368.97810499999997,403.86917181062415
fixed15_band10,0,20250611::index=11.3.69E+05,15,368.97810499999997,371.3759397623725
fixed15_band10,0,20250611::index=11.3.69E+05,17,368.97810499999997,367.2604247147645
fixed15_band10,0,20250611::index=11.3.69E+05,20,368.97810499999997,377.88246836819434
fixed15_band10,0,20250611::index=11.3.69E+05,31,368.97810499999997,401.50203790913116
fixed15_band10,0,20250611::index=11.3.69E+05,37,368.97810499999997,405.39497492329133
fixed15_band10,0,20250611::index=11.3.69E+05,44,368.97810499999997,349.1093039292653
fixed15_band10,0,20250611::index=11.3.69E+05,45,368.97810499999997,354.4796958693798
fixed15_band10,0,20250611::index=11.3.69E+05,49,368.97810499999997,361.2636054746822
fixed15_band10,0,20250611::index=11.3.69E+05,50,368.97810499999997,344.24418164724585
fixed15_band10,0,20250611::index=11.3.69E+05,53,368.97810499999997,426.52299574460307
fixed15_band10,0,20250611::index=11.3.69E+05,54,368.97810499999997,354.22778884839266
fixed15_band10,0,20250611::index=11.3.69E+05,55,368.97810499999997,363.77894998125146
fixed15_band10,0,20250611::index=11.3.69E+05,58,368.97810499999997,357.0044133433901
fixed15_band10,0,20250618::index=11.376320,1,376.3201201,388.60953980260285
fixed15_band10,0,20250618::index=11.376320,5,376.3201201,365.7799815802907
fixed15_band10,0,20250618::index=11.376320,15,376.3201201,335.66121799192393
fixed15_band10,0,20250618::index=11.376320,17,376.3201201,371.34153560849717
fixed15_band10,0,20250618::index=11.376320,20,376.3201201,371.92765166041687
fixed15_band10,0,20250618::index=11.376320,31,376.3201201,279.86056978858863
fixed15_band10,0,20250618::index=11.376320,37,376.3201201,334.0625391731615
fixed15_band10,0,20250618::index=11.376320,44,376.3201201,376.2715022361376
fixed15_band10,0,20250618::index=11.376320,45,376.3201201,377.59039342324036
fixed15_band10,0,20250618::index=11.376320,49,376.3201201,359.8859826749236
fixed15_band10,0,20250618::index=11.376320,50,376.3201201,345.19369716425655
fixed15_band10,0,20250618::index=11.376320,53,376.3201201,377.59407928943205
fixed15_band10,0,20250618::index=11.376320,54,376.3201201,350.1211286775401
fixed15_band10,0,20250618::index=11.376320,55,376.3201201,397.47497316796415
fixed15_band10,0,20250618::index=11.376320,58,376.3201201,378.25553375582626
fixed15_band10,0,20250611::index=12.4.27E+05,3,427.27619500000003,454.75423772347546
fixed15_band10,0,20250611::index=12.4.27E+05,9,427.27619500000003,428.86123648758485
fixed15_band10,0,20250611::index=12.4.27E+05,13,427.27619500000003,450.04944551946676
fixed15_band10,0,20250611::index=12.4.27E+05,15,427.27619500000003,465.93001819727044
fixed15_band10,0,20250611::index=12.4.27E+05,17,427.27619500000003,435.6967778712665
fixed15_band10,0,20250611::index=12.4.27E+05,22,427.27619500000003,479.20558818099056
fixed15_band10,0,20250611::index=12.4.27E+05,28,427.27619500000003,430.0820990175295
fixed15_band10,0,20250611::index=12.4.27E+05,30,427.27619500000003,427.15113551239375
fixed15_band10,0,20250611::index=12.4.27E+05,39,427.27619500000003,429.42058337379405
fixed15_band10,0,20250611::index=12.4.27E+05,42,427.27619500000003,454.75423772347546
fixed15_band10,0,20250611::index=12.4.27E+05,44,427.27619500000003,445.44542930347893
fixed15_band10,0,20250611::index=12.4.27E+05,46,427.27619500000003,470.6331827270052
fixed15_band10,0,20250611::index=12.4.27E+05,47,427.27619500000003,456.3624349604302
fixed15_band10,0,20250611::index=12.4.27E+05,54,427.27619500000003,435.7553604401044
fixed15_band10,0,20250611::index=12.4.27E+05,57,427.27619500000003,465.8821240313771
fixed15_band10,0,20250618::index=12.434018,3,434.0180833,361.9541434448558
fixed15_band10,0,20250618::index=12.434018,9,434.0180833,405.339017859307
fixed15_band10,0,20250618::index=12.434018,13,434.0180833,480.7760636815978
fixed15_band10,0,20250618::index=12.434018,15,434.0180833,392.9931249095031
fixed15_band10,0,20250618::index=12.434018,17,434.0180833,393.4450574987259
fixed15_band10,0,20250618::index=12.434018,22,434.0180833,390.96197877680623
fixed15_band10,0,20250618::index=12.434018,28,434.0180833,402.7277533409341
fixed15_band10,0,20250618::index=12.434018,30,434.0180833,445.79240874461027
fixed15_band10,0,20250618::index=12.434018,39,434.0180833,385.40077660296845
fixed15_band10,0,20250618::index=12.434018,42,434.0180833,381.51075739255685
fixed15_band10,0,20250618::index=12.434018,44,434.0180833,375.8343377099216
fixed15_band10,0,20250618::index=12.434018,46,434.0180833,414.50406475598913
fixed15_band10,0,20250618::index=12.434018,47,434.0180833,463.71982433606314
fixed15_band10,0,20250618::index=12.434018,54,434.0180833,464.685399858714
fixed15_band10,0,20250618::index=12.434018,57,434.0180833,439.71131407480146
fixed15_band10,0,20250611::index=13.4.89E+05,3,489.45399810000004,549.9468062217536
fixed15_band10,0,20250611::index=13.4.89E+05,7,489.45399810000004,458.0546562311386
fixed15_band10,0,20250611::index=13.4.89E+05,12,489.45399810000004,491.67273455025844
fixed15_band10,0,20250611::index=13.4.89E+05,13,489.45399810000004,479.4474089656737
fixed15_band10,0,20250611::index=13.4.89E+05,14,489.45399810000004,496.5417745086915
fixed15_band10,0,20250611::index=13.4.89E+05,20,489.45399810000004,496.2961245441195
fixed15_band10,0,20250611::index=13.4.89E+05,34,489.45399810000004,487.6907571851577
fixed15_band10,0,20250611::index=13.4.89E+05,39,489.45399810000004,478.9245806986207
fixed15_band10,0,20250611::index=13.4.89E+05,42,489.45399810000004,457.05190657937743
fixed15_band10,0,20250611::index=13.4.89E+05,44,489.45399810000004,497.0563097066142
fixed15_band10,0,20250611::index=13.4.89E+05,48,489.45399810000004,490.01834688362976
fixed15_band10,0,20250611::index=13.4.89E+05,51,489.45399810000004,487.2966268117871
fixed15_band10,0,20250611::index=13.4.89E+05,53,489.45399810000004,488.5161928273757
fixed15_band10,0,20250611::index=13.4.89E+05,54,489.45399810000004,494.878809723353
fixed15_band10,0,20250611::index=13.4.89E+05,59,489.45399810000004,476.99101336870484
fixed15_band10,0,20250618::index=13.496023,3,496.0233525,505.6180302364951
fixed15_band10,0,20250618::index=13.496023,7,496.0233525,511.48624218177935
fixed15_band10,0,20250618::index=13.496023,12,496.0233525,464.39046693861786
fixed15_band10,0,20250618::index=13.496023,13,496.0233525,505.6180302364951
fixed15_band10,0,20250618::index=13.496023,14,496.0233525,517.039867441326
fixed15_band10,0,20250618::index=13.496023,20,496.0233525,487.59462408601735
fixed15_band10,0,20250618::index=13.496023,34,496.0233525,470.60093636737975
fixed15_band10,0,20250618::index=13.496023,39,496.0233525,474.6192827448358
fixed15_band10,0,20250618::index=13.496023,42,496.0233525,438.4519515538314
fixed15_band10,0,20250618::index=13.496023,44,496.0233525,496.3599462299156
fixed15_band10,0,20250618::index=13.496023,48,496.0233525,459.25780142426055
fixed15_band10,0,20250618::index=13.496023,51,496.0233525,462.38591686717047
fixed15_band10,0,20250618::index=13.496023,53,496.0233525,458.73227584415235
fixed15_band10,0,20250618::index=13.496023,54,496.0233525,520.4024912609312
fixed15_band10,0,20250618::index=13.496023,59,496.0233525,503.9513365705908
fixed15_band10,0,20250611::index=14.5.54E+05,8,554.1963218000001,557.038066749613
fixed15_band10,0,20250611::index=14.5.54E+05,9,554.1963218000001,546.273124388796
fixed15_band10,0,20250611::index=14.5.54E+05,10,554.1963218000001,549.499587314905
fixed15_band10,0,20250611::index=14.5.54E+05,14,554.1963218000001,556.1799568482327
fixed15_band10,0,20250611::index=14.5.54E+05,29,554.1963218000001,544.4558375282768
fixed15_band10,0,20250611::index=14.5.54E+05,30,554.1963218000001,502.0987017925947
fixed15_band10,0,20250611::index=14.5.54E+05,33,554.1963218000001,610.7787914529882
fixed15_band10,0,20250611::index=14.5.54E+05,36,554.1963218000001,558.945929031646
fixed15_band10,0,20250611::index=14.5.54E+05,43,554.1963218000001,546.1185410110502
fixed15_band10,0,20250611::index=14.5.54E+05,48,554.1963218000001,532.4107906840622
fixed15_band10,0,20250611::index=14.5.54E+05,50,554.1963218000001,546.0370746511135
fixed15_band10,0,20250611::index=14.5.54E+05,51,554.1963218000001,577.2521189990749
fixed15_band10,0,20250611::index=14.5.54E+05,54,554.1963218000001,553.9670184422071
fixed15_band10,0,20250611::index=14.5.54E+05,57,554.1963218000001,562.8913742841215
fixed15_band10,0,20250611::index=14.5.54E+05,58,554.1963218000001,511.1383130030089
fixed15_band10,0,20250618::index=14.562158,8,562.1587854,542.5431698864669
fixed15_band10,0,20250618::index=14.562158,9,562.1587854,574.6488193656434
fixed15_band10,0,20250618::index=14.562158,10,562.1587854,558.6329993012483
fixed15_band10,0,20250618::index=14.562158,14,562.1587854,576.6052797653272
fixed15_band10,0,20250618::index=14.562158,29,562.1587854,563.8436744403075
fixed15_band10,0,20250618::index=14.562158,30,562.1587854,552.8991955286225
fixed15_band10,0,20250618::index=14.562158,33,562.1587854,558.8510769153932
fixed15_band10,0,20250618::index=14.562158,36,562.1587854,575.7391448125308
fixed15_band10,0,20250618::index=14.562158,43,562.1587854,574.6488193656434
fixed15_band10,0,20250618::index=14.562158,48,562.1587854,511.8468224132808
fixed15_band10,0,20250618::index=14.562158,50,562.1587854,562.8131515336305
fixed15_band10,0,20250618::index=14.562158,51,562.1587854,561.3301310561959
fixed15_band10,0,20250618::index=14.562158,54,562.1587854,538.5798628646598
fixed15_band10,0,20250618::index=14.562158,57,562.1587854,562.5316031684705
fixed15_band10,0,20250618::index=14.562158,58,562.1587854,569.0872452962809
fixed15_band10,0,20250611::index=4.5.76E+04,2,57.59331665,16.57626413778163
fixed15_band10,0,20250611::index=4.5.76E+04,3,57.59331665,39.389630280316894
fixed15_band10,0,20250611::index=4.5.76E+04,6,57.59331665,9.805808900007031
fixed15_band10,0,20250611::index=4.5.76E+04,11,57.59331665,27.87079788166563
fixed15_band10,0,20250611::index=4.5.76E+04,13,57.59331665,29.335396996228546
fixed15_band10,0,20250611::index=4.5.76E+04,15,57.59331665,21.468135999056088
fixed15_band10,0,20250611::index=4.5.76E+04,18,57.59331665,23.417412140351786
fixed15_band10,0,20250611::index=4.5.76E+04,33,57.59331665,37.35408606049453
fixed15_band10,0,20250611::index=4.5.76E+04,38,57.59331665,24.27710723500972
fixed15_band10,0,20250611::index=4.5.76E+04,41,57.59331665,30.745917203470487
fixed15_band10,0,20250611::index=4.5.76E+04,42,57.59331665,11.53543997981548
fixed15_band10,0,20250611::index=4.5.76E+04,44,57.59331665,29.060119628083633
fixed15_band10,0,20250611::index=4.5.76E+04,46,57.59331665,50.44924990549557
fixed15_band10,0,20250611::index=4.5.76E+04,54,57.59331665,18.135234498154087
fixed15_band10,0,20250611::index=4.5.76E+04,55,57.59331665,21.91832184249014
fixed15_band10,0,20250618::index=4.58389,2,58.38985471,184.3502980718062
fixed15_band10,0,20250618::index=4.58389,3,58.38985471,186.731098060248
fixed15_band10,0,20250618::index=4.58389,6,58.38985471,168.02293533143305
fixed15_band10,0,20250618::index=4.58389,11,58.38985471,170.93994842766307
fixed15_band10,0,20250618::index=4.58389,13,58.38985471,160.93228022426064
fixed15_band10,0,20250618::index=4.58389,15,58.38985471,164.73739845080487
fixed15_band10,0,20250618::index=4.58389,18,58.38985471,187.5928389728263
fixed15_band10,0,20250618::index=4.58389,33,58.38985471,181.74784150110963
fixed15_band10,0,20250618::index=4.58389,38,58.38985471,170.4176256820223
fixed15_band10,0,20250618::index=4.58389,41,58.38985471,166.8604409911252
fixed15_band10,0,20250618::index=4.58389,42,58.38985471,176.87623585322018
fixed15_band10,0,20250618::index=4.58389,44,58.38985471,174.47252788241508
fixed15_band10,0,20250618::index=4.58389,46,58.38985471,193.30290499882102
fixed15_band10,0,20250618::index=4.58389,54,58.38985471,127.83844029228426
fixed15_band10,0,20250618::index=4.58389,55,58.38985471,150.6707768762734
fixed15_band10,0,20250611::index=15.6.24E+05,3,624.4425514,654.8191203666141
fixed15_band10,0,20250611::index=15.6.24E+05,4,624.4425514,616.1819832317118
fixed15_band10,0,20250611::index=15.6.24E+05,11,624.4425514,643.9415543505481
fixed15_band10,0,20250611::index=15.6.24E+05,13,624.4425514,584.3346959954813
fixed15_band10,0,20250611::index=15.6.24E+05,14,624.4425514,634.8024833374815
fixed15_band10,0,20250611::index=15.6.24E+05,18,624.4425514,612.1644289180242
fixed15_band10,0,20250611::index=15.6.24E+05,19,624.4425514,615.2402213714026
fixed15_band10,0,20250611::index=15.6.24E+05,27,624.4425514,602.9988038020208
fixed15_band10,0,20250611::index=15.6.24E+05,39,624.4425514,647.5509891035001
fixed15_band10,0,20250611::index=15.6.24E+05,43,624.4425514,643.3232958567212
fixed15_band10,0,20250611::index=15.6.24E+05,46,624.4425514,617.1635584560773
fixed15_band10,0,20250611::index=15.6.24E+05,51,624.4425514,626.0261546487786
fixed15_band10,0,20250611::index=15.6.24E+05,55,624.4425514,639.3624634265934
fixed15_band10,0,20250611::index=15.6.24E+05,57,624.4425514,606.0929546243623
fixed15_band10,0,20250611::index=15.6.24E+05,58,624.4425514,616.3305468182899
fixed15_band10,0,20250618::index=15.633482,3,633.482536,655.7534237020343
fixed15_band10,0,20250618::index=15.633482,4,633.482536,638.1384447525228
fixed15_band10,0,20250618::index=15.633482,11,633.482536,640.0599663353246
fixed15_band10,0,20250618::index=15.633482,13,633.482536,588.030706409371
fixed15_band10,0,20250618::index=15.633482,14,633.482536,642.6025478600026
fixed15_band10,0,20250618::index=15.633482,18,633.482536,603.614433536529
fixed15_band10,0,20250618::index=15.633482,19,633.482536,639.2426439666293
fixed15_band10,0,20250618::index=15.633482,27,633.482536,596.6180680482425
fixed15_band10,0,20250618::index=15.633482,39,633.482536,587.7157311572441
fixed15_band10,0,20250618::index=15.633482,43,633.482536,648.9793374893097
fixed15_band10,0,20250618::index=15.633482,46,633.482536,681.8658306680433
fixed15_band10,0,20250618::index=15.633482,51,633.482536,685.2658839154818
fixed15_band10,0,20250618::index=15.633482,55,633.482536,590.7487198333607
fixed15_band10,0,20250618::index=15.633482,57,633.482536,630.6691523202092
fixed15_band10,0,20250618::index=15.633482,58,633.482536,656.3463110780773
fixed15_band10,0,20250611::index=16.6.98E+05,2,698.421296,683.3533855114258
fixed15_band10,0,20250611::index=16.6.98E+05,6,698.421296,758.7033951517213
fixed15_band10,0,20250611::index=16.6.98E+05,9,698.421296,663.7853698268183
fixed15_band10,0,20250611::index=16.6.98E+05,10,698.421296,699.7767442758299
fixed15_band10,0,20250611::index=16.6.98E+05,13,698.421296,691.0444715618377
fixed15_band10,0,20250611::index=16.6.98E+05,17,698.421296,687.951982131458
fixed15_band10,0,20250611::index=16.6.98E+05,35,698.421296,676.2462507520584
fixed15_band10,0,20250611::index=16.6.98E+05,37,698.421296,719.9131487053469
fixed15_band10,0,20250611::index=16.6.98E+05,39,698.421296,667.1167087800962
fixed15_band10,0,20250611::index=16.6.98E+05,40,698.421296,715.2601272793925
fixed15_band10,0,20250611::index=16.6.98E+05,46,698.421296,766.9623645183573
fixed15_band10,0,20250611::index=16.6.98E+05,47,698.421296,710.2178838567245
fixed15_band10,0,20250611::index=16.6.98E+05,52,698.421296,747.4960841954521
fixed15_band10,0,20250611::index=16.6.98E+05,55,698.421296,671.9813250598332
fixed15_band10,0,20250611::index=16.6.98E+05,57,698.421296,694.9124548871504
fixed15_band10,0,20250618::index=16.709792,2,709.7927143,704.4506120641291
fixed15_band10,0,20250618::index=16.709792,6,709.7927143,732.7066379742998
fixed15_band10,0,20250618::index=16.709792,9,709.7927143,679.1569781010097
fixed15_band10,0,20250618::index=16.709792,10,709.7927143,761.833860680077
fixed15_band10,0,20250618::index=16.709792,13,709.7927143,713.1432231820987
fixed15_band10,0,20250618::index=16.709792,17,709.7927143,730.3652191296317
fixed15_band10,0,20250618::index=16.709792,35,709.7927143,687.4463032434626
fixed15_band10,0,20250618::index=16.709792,37,709.7927143,723.3273666765272
fixed15_band10,0,20250618::index=16.709792,39,709.7927143,703.4515303682509
fixed15_band10,0,20250618::index=16.709792,40,709.7927143,775.7299639136455
fixed15_band10,0,20250618::index=16.709792,46,709.7927143,803.6916077583985
fixed15_band10,0,20250618::index=16.709792,47,709.7927143,751.071199348214
fixed15_band10,0,20250618::index=16.709792,52,709.7927143,719.8033841497946
fixed15_band10,0,20250618::index=16.709792,55,709.7927143,676.9249663396148
fixed15_band10,0,20250618::index=16.709792,57,709.7927143,658.7669973713722
fixed15_band10,0,20250611::index=17.7.77E+05,5,776.6472223000001,752.8184975570201
fixed15_band10,0,20250611::index=17.7.77E+05,6,776.6472223000001,773.9048879979233
fixed15_band10,0,20250611::index=17.7.77E+05,7,776.6472223000001,831.7047867627983
fixed15_band10,0,20250611::index=17.7.77E+05,8,776.6472223000001,782.3852592925568
fixed15_band10,0,20250611::index=17.7.77E+05,10,776.6472223000001,779.6751427882508
fixed15_band10,0,20250611::index=17.7.77E+05,14,776.6472223000001,804.9694373998121
fixed15_band10,0,20250611::index=17.7.77E+05,19,776.6472223000001,830.7640516726184
fixed15_band10,0,20250611::index=17.7.77E+05,24,776.6472223000001,789.5769313997748
fixed15_band10,0,20250611::index=17.7.77E+05,26,776.6472223000001,746.4683867061104
fixed15_band10,0,20250611::index=17.7.77E+05,31,776.6472223000001,769.6128194261605
fixed15_band10,0,20250611::index=17.7.77E+05,41,776.6472223000001,783.6855272414871
fixed15_band10,0,20250611::index=17.7.77E+05,52,776.6472223000001,779.1212863592899
fixed15_band10,0,20250611::index=17.7.77E+05,53,776.6472223000001,785.0820958635593
fixed15_band10,0,20250611::index=17.7.77E+05,54,776.6472223000001,748.452319898318
fixed15_band10,0,20250611::index=17.7.77E+05,55,776.6472223000001,756.0142441938043
fixed15_band10,0,20250618::index=17.789500,5,789.5001968,760.3042720883584
fixed15_band10,0,20250618::index=17.789500,6,789.5001968,844.4353428166766
fixed15_band10,0,20250618::index=17.789500,7,789.5001968,750.1881648000793
fixed15_band10,0,20250618::index=17.789500,8,789.5001968,714.6301735015874
fixed15_band10,0,20250618::index=17.789500,10,789.5001968,774.2262056302985
fixed15_band10,0,20250618::index=17.789500,14,789.5001968,848.0615632044342
fixed15_band10,0,20250618::index=17.789500,19,789.5001968,825.515828120615
fixed15_band10,0,20250618::index=17.789500,24,789.5001968,766.3347521858796
fixed15_band10,0,20250618::index=17.789500,26,789.5001968,856.2723705185997
fixed15_band10,0,20250618::index=17.789500,31,789.5001968,796.769390692462
fixed15_band10,0,20250618::index=17.789500,41,789.5001968,755.0841124803942
fixed15_band10,0,20250618::index=17.789500,52,789.5001968,743.0408092372132
fixed15_band10,0,20250618::index=17.789500,53,789.5001968,762.2637743399349
fixed15_band10,0,20250618::index=17.789500,54,789.5001968,799.5080298858168
fixed15_band10,0,20250618::index=17.789500,55,789.5001968,792.4118784130916
fixed15_band10,0,20250611::index=18.8.59E+05,0,859.3439142,859.9082261523571
fixed15_band10,0,20250611::index=18.8.59E+05,5,859.3439142,800.2321321916736
fixed15_band10,0,20250611::index=18.8.59E+05,14,859.3439142,851.5817541716158
fixed15_band10,0,20250611::index=18.8.59E+05,18,859.3439142,808.1818551904388
fixed15_band10,0,20250611::index=18.8.59E+05,19,859.3439142,860.21515129927
fixed15_band10,0,20250611::index=18.8.59E+05,21,859.3439142,853.9099473789737
fixed15_band10,0,20250611::index=18.8.59E+05,26,859.3439142,858.6651192807395
fixed15_band10,0,20250611::index=18.8.59E+05,27,859.3439142,855.3723373866519
fixed15_band10,0,20250611::index=18.8.59E+05,32,859.3439142,857.0768076032853
fixed15_band10,0,20250611::index=18.8.59E+05,36,859.3439142,863.7102334815795
fixed15_band10,0,20250611::index=18.8.59E+05,43,859.3439142,785.8016135989418
fixed15_band10,0,20250611::index=18.8.59E+05,53,859.3439142,854.5979259397747
fixed15_band10,0,20250611::index=18.8.59E+05,54,859.3439142,850.9138502864208
fixed15_band10,0,20250611::index=18.8.59E+05,56,859.3439142,862.6249854417993
fixed15_band10,0,20250611::index=18.8.59E+05,57,859.3439142,846.840527642523
fixed15_band10,0,20250618::index=18.873637,0,873.6370359,867.8590761029128
fixed15_band10,0,20250618::index=18.873637,5,873.6370359,866.8536249039718
fixed15_band10,0,20250618::index=18.873637,14,873.6370359,862.6059295801072
fixed15_band10,0,20250618::index=18.873637,18,873.6370359,857.5412895946699
fixed15_band10,0,20250618::index=18.873637,19,873.6370359,847.9923301926088
fixed15_band10,0,20250618::index=18.873637,21,873.6370359,842.6824302245718
fixed15_band10,0,20250618::index=18.873637,26,873.6370359,872.1630942121595
fixed15_band10,0,20250618::index=18.873637,27,873.6370359,861.4751816711974
fixed15_band10,0,20250618::index=18.873637,32,873.6370359,848.3900333816491
fixed15_band10,0,20250618::index=18.873637,36,873.6370359,842.9957980675981
fixed15_band10,0,20250618::index=18.873637,43,873.6370359,858.4461405187166
fixed15_band10,0,20250618::index=18.873637,53,873.6370359,861.7800886544219
fixed15_band10,0,20250618::index=18.873637,54,873.6370359,832.3419173851288
fixed15_band10,0,20250618::index=18.873637,56,873.6370359,843.1995168412692
fixed15_band10,0,20250618::index=18.873637,57,873.6370359,857.3853258508497
fixed15_frequency34,0,20250618::index=1.0,0,-1.42e-09,136.43373996370113
fixed15_frequency34,0,20250618::index=1.0,3,-1.42e-09,133.95666601239108
fixed15_frequency34,0,20250618::index=1.0,5,-1.42e-09,77.53104092755929
fixed15_frequency34,0,20250618::index=1.0,12,-1.42e-09,79.26779355733518
fixed15_frequency34,0,20250618::index=1.0,13,-1.42e-09,83.97525851733364
fixed15_frequency34,0,20250618::index=1.0,31,-1.42e-09,120.30030642696357
fixed15_frequency34,0,20250618::index=1.0,33,-1.42e-09,118.97542216604138
fixed15_frequency34,0,20250618::index=1.0,36,-1.42e-09,81.73482244834535
fixed15_frequency34,0,20250618::index=1.0,45,-1.42e-09,75.71932941376488
fixed15_frequency34,0,20250618::index=1.0,46,-1.42e-09,91.3671567244664
fixed15_frequency34,0,20250618::index=1.0,48,-1.42e-09,75.56298115958074
fixed15_frequency34,0,20250618::index=1.0,50,-1.42e-09,73.04965212806363
fixed15_frequency34,0,20250618::index=1.0,52,-1.42e-09,117.9057193427864
fixed15_frequency34,0,20250618::index=1.0,54,-1.42e-09,85.21707262925383
fixed15_frequency34,0,20250618::index=1.0,57,-1.42e-09,83.98601395289408
fixed15_frequency34,0,20250611::index=1.3.28E-04,0,3.28047e-07,162.95203298595132
fixed15_frequency34,0,20250611::index=1.3.28E-04,3,3.28047e-07,171.2917750287497
fixed15_frequency34,0,20250611::index=1.3.28E-04,5,3.28047e-07,184.08026642249862
fixed15_frequency34,0,20250611::index=1.3.28E-04,12,3.28047e-07,69.75772724542477
fixed15_frequency34,0,20250611::index=1.3.28E-04,13,3.28047e-07,113.88472692525444
fixed15_frequency34,0,20250611::index=1.3.28E-04,31,3.28047e-07,177.35019134651165
fixed15_frequency34,0,20250611::index=1.3.28E-04,33,3.28047e-07,45.31929842898973
fixed15_frequency34,0,20250611::index=1.3.28E-04,36,3.28047e-07,119.09242662904158
fixed15_frequency34,0,20250611::index=1.3.28E-04,45,3.28047e-07,114.59113988462342
fixed15_frequency34,0,20250611::index=1.3.28E-04,46,3.28047e-07,164.4935373455858
fixed15_frequency34,0,20250611::index=1.3.28E-04,48,3.28047e-07,150.99512020199907
fixed15_frequency34,0,20250611::index=1.3.28E-04,50,3.28047e-07,103.3999188235168
fixed15_frequency34,0,20250611::index=1.3.28E-04,52,3.28047e-07,100.47197591973331
fixed15_frequency34,0,20250611::index=1.3.28E-04,54,3.28047e-07,70.3297320376566
fixed15_frequency34,0,20250611::index=1.3.28E-04,57,3.28047e-07,103.66979780483571
fixed15_frequency34,0,20250611::index=5.1.11E+05,17,111.2647017,67.85260771664046
fixed15_frequency34,0,20250611::index=5.1.11E+05,19,111.2647017,63.867534040599736
fixed15_frequency34,0,20250611::index=5.1.11E+05,21,111.2647017,64.85545380837108
fixed15_frequency34,0,20250611::index=5.1.11E+05,23,111.2647017,67.03325285009956
fixed15_frequency34,0,20250611::index=5.1.11E+05,28,111.2647017,66.05255690909429
fixed15_frequency34,0,20250611::index=5.1.11E+05,34,111.2647017,58.16947089004283
fixed15_frequency34,0,20250611::index=5.1.11E+05,35,111.2647017,82.6793349615807
fixed15_frequency34,0,20250611::index=5.1.11E+05,41,111.2647017,70.09715719396668
fixed15_frequency34,0,20250611::index=5.1.11E+05,46,111.2647017,115.48617109674649
fixed15_frequency34,0,20250611::index=5.1.11E+05,47,111.2647017,72.45105096286397
fixed15_frequency34,0,20250611::index=5.1.11E+05,48,111.2647017,86.27389115649201
fixed15_frequency34,0,20250611::index=5.1.11E+05,51,111.2647017,83.0175946668464
fixed15_frequency34,0,20250611::index=5.1.11E+05,55,111.2647017,82.76825001981518
fixed15_frequency34,0,20250611::index=5.1.11E+05,56,111.2647017,114.28499975499628
fixed15_frequency34,0,20250611::index=5.1.11E+05,58,111.2647017,83.13690416955632
fixed15_frequency34,0,20250618::index=5.113188,17,113.1882901,93.38062946532202
fixed15_frequency34,0,20250618::index=5.113188,19,113.1882901,137.0414795075549
fixed15_frequency34,0,20250618::index=5.113188,21,113.1882901,138.24290378548397
fixed15_frequency34,0,20250618::index=5.113188,23,113.1882901,91.40453722394982
fixed15_frequency34,0,20250618::index=5.113188,28,113.1882901,102.84944917544468
fixed15_frequency34,0,20250618::index=5.113188,34,113.1882901,103.11141248945833
fixed15_frequency34,0,20250618::index=5.113188,35,113.1882901,103.09482648446824
fixed15_frequency34,0,20250618::index=5.113188,41,113.1882901,112.12191422456219
fixed15_frequency34,0,20250618::index=5.113188,46,113.1882901,102.02458764913773
fixed15_frequency34,0,20250618::index=5.113188,47,113.1882901,83.86525916744847
fixed15_frequency34,0,20250618::index=5.113188,48,113.1882901,108.25503720370098
fixed15_frequency34,0,20250618::index=5.113188,51,113.1882901,113.48942151146683
fixed15_frequency34,0,20250618::index=5.113188,55,113.1882901,107.08690067354534
fixed15_frequency34,0,20250618::index=5.113188,56,113.1882901,105.6611419312617
fixed15_frequency34,0,20250618::index=5.113188,58,113.1882901,110.40727944732856
fixed15_frequency34,0,20250611::index=6.1.44E+05,6,144.32426180000002,67.56295327882874
fixed15_frequency34,0,20250611::index=6.1.44E+05,11,144.32426180000002,74.40727447583716
fixed15_frequency34,0,20250611::index=6.1.44E+05,13,144.32426180000002,54.08569836988777
fixed15_frequency34,0,20250611::index=6.1.44E+05,26,144.32426180000002,85.96559428542417
fixed15_frequency34,0,20250611::index=6.1.44E+05,31,144.32426180000002,72.42415617585252
fixed15_frequency34,0,20250611::index=6.1.44E+05,34,144.32426180000002,85.76039122705355
fixed15_frequency34,0,20250611::index=6.1.44E+05,35,144.32426180000002,81.73461268572049
fixed15_frequency34,0,20250611::index=6.1.44E+05,36,144.32426180000002,73.74027944790573
fixed15_frequency34,0,20250611::index=6.1.44E+05,38,144.32426180000002,91.56237682620814
fixed15_frequency34,0,20250611::index=6.1.44E+05,40,144.32426180000002,103.76302801028014
fixed15_frequency34,0,20250611::index=6.1.44E+05,46,144.32426180000002,100.91481803184561
fixed15_frequency34,0,20250611::index=6.1.44E+05,47,144.32426180000002,69.46576057355445
fixed15_frequency34,0,20250611::index=6.1.44E+05,56,144.32426180000002,112.42095934386158
fixed15_frequency34,0,20250611::index=6.1.44E+05,58,144.32426180000002,122.49205638841865
fixed15_frequency34,0,20250611::index=6.1.44E+05,59,144.32426180000002,101.1792142104865
fixed15_frequency34,0,20250618::index=6.146381,6,146.38165049999998,155.86994256855175
fixed15_frequency34,0,20250618::index=6.146381,11,146.38165049999998,138.45372904041423
fixed15_frequency34,0,20250618::index=6.146381,13,146.38165049999998,142.8109320273952
fixed15_frequency34,0,20250618::index=6.146381,26,146.38165049999998,135.95454858209422
fixed15_frequency34,0,20250618::index=6.146381,31,146.38165049999998,135.35426364782654
fixed15_frequency34,0,20250618::index=6.146381,34,146.38165049999998,131.72300591874014
fixed15_frequency34,0,20250618::index=6.146381,35,146.38165049999998,142.97462434931782
fixed15_frequency34,0,20250618::index=6.146381,36,146.38165049999998,137.60678545520017
fixed15_frequency34,0,20250618::index=6.146381,38,146.38165049999998,128.07781136740064
fixed15_frequency34,0,20250618::index=6.146381,40,146.38165049999998,136.76834571323326
fixed15_frequency34,0,20250618::index=6.146381,46,146.38165049999998,132.8502264649547
fixed15_frequency34,0,20250618::index=6.146381,47,146.38165049999998,118.24400773252528
fixed15_frequency34,0,20250618::index=6.146381,56,146.38165049999998,130.11266222760287
fixed15_frequency34,0,20250618::index=6.146381,58,146.38165049999998,139.00448507456687
fixed15_frequency34,0,20250618::index=6.146381,59,146.38165049999998,130.21294359411021
fixed15_frequency34,0,20250611::index=7.1.81E+05,4,181.378003,109.42444624694821
fixed15_frequency34,0,20250611::index=7.1.81E+05,5,181.378003,81.80122207603844
fixed15_frequency34,0,20250611::index=7.1.81E+05,10,181.378003,111.20275565537682
fixed15_frequency34,0,20250611::index=7.1.81E+05,15,181.378003,127.95141019272579
fixed15_frequency34,0,20250611::index=7.1.81E+05,18,181.378003,114.24883377313537
fixed15_frequency34,0,20250611::index=7.1.81E+05,20,181.378003,141.97487259843479
fixed15_frequency34,0,20250611::index=7.1.81E+05,26,181.378003,165.73811937551957
fixed15_frequency34,0,20250611::index=7.1.81E+05,28,181.378003,110.16444055631369
fixed15_frequency34,0,20250611::index=7.1.81E+05,33,181.378003,103.0632770739932
fixed15_frequency34,0,20250611::index=7.1.81E+05,37,181.378003,107.97535592257377
fixed15_frequency34,0,20250611::index=7.1.81E+05,41,181.378003,109.98838677803616
fixed15_frequency34,0,20250611::index=7.1.81E+05,44,181.378003,100.45588579800288
fixed15_frequency34,0,20250611::index=7.1.81E+05,56,181.378003,110.5551551269456
fixed15_frequency34,0,20250611::index=7.1.81E+05,57,181.378003,129.3183681373052
fixed15_frequency34,0,20250611::index=7.1.81E+05,58,181.378003,107.65378406971931
fixed15_frequency34,0,20250618::index=7.184190,4,184.1909699,164.73111464400017
fixed15_frequency34,0,20250618::index=7.184190,5,184.1909699,162.48451751991064
fixed15_frequency34,0,20250618::index=7.184190,10,184.1909699,136.64435305496738
fixed15_frequency34,0,20250618::index=7.184190,15,184.1909699,161.85394027284295
fixed15_frequency34,0,20250618::index=7.184190,18,184.1909699,161.54510881047477
fixed15_frequency34,0,20250618::index=7.184190,20,184.1909699,158.79720751622338
fixed15_frequency34,0,20250618::index=7.184190,26,184.1909699,150.79679891737237
fixed15_frequency34,0,20250618::index=7.184190,28,184.1909699,160.7404976918605
fixed15_frequency34,0,20250618::index=7.184190,33,184.1909699,194.13992818074615
fixed15_frequency34,0,20250618::index=7.184190,37,184.1909699,203.05802429393717
fixed15_frequency34,0,20250618::index=7.184190,41,184.1909699,215.73170875950592
fixed15_frequency34,0,20250618::index=7.184190,44,184.1909699,174.09847568533405
fixed15_frequency34,0,20250618::index=7.184190,56,184.1909699,118.64391542069336
fixed15_frequency34,0,20250618::index=7.184190,57,184.1909699,162.75307802959537
fixed15_frequency34,0,20250618::index=7.184190,58,184.1909699,152.30908942433715
fixed15_frequency34,0,20250611::index=3.2.10E+04,1,20.97971604,63.58447597161693
fixed15_frequency34,0,20250611::index=3.2.10E+04,6,20.97971604,84.96757162274962
fixed15_frequency34,0,20250611::index=3.2.10E+04,11,20.97971604,118.48765633903538
fixed15_frequency34,0,20250611::index=3.2.10E+04,22,20.97971604,95.00298770620253
fixed15_frequency34,0,20250611::index=3.2.10E+04,28,20.97971604,49.631508972867984
fixed15_frequency34,0,20250611::index=3.2.10E+04,33,20.97971604,70.09499705796965
fixed15_frequency34,0,20250611::index=3.2.10E+04,34,20.97971604,53.582581768725724
fixed15_frequency34,0,20250611::index=3.2.10E+04,36,20.97971604,65.08360601179773
fixed15_frequency34,0,20250611::index=3.2.10E+04,41,20.97971604,64.65421958749144
fixed15_frequency34,0,20250611::index=3.2.10E+04,42,20.97971604,38.55760308747818
fixed15_frequency34,0,20250611::index=3.2.10E+04,52,20.97971604,66.63772416331419
fixed15_frequency34,0,20250611::index=3.2.10E+04,54,20.97971604,70.7867068301449
fixed15_frequency34,0,20250611::index=3.2.10E+04,56,20.97971604,51.411877613277234
fixed15_frequency34,0,20250611::index=3.2.10E+04,57,20.97971604,60.280582627376894
fixed15_frequency34,0,20250611::index=3.2.10E+04,59,20.97971604,64.78677818740483
fixed15_frequency34,0,20250618::index=3.21242,1,21.24286319,97.31839402507946
fixed15_frequency34,0,20250618::index=3.21242,6,21.24286319,64.99390440429845
fixed15_frequency34,0,20250618::index=3.21242,11,21.24286319,106.12803605268994
fixed15_frequency34,0,20250618::index=3.21242,22,21.24286319,89.99034290859855
fixed15_frequency34,0,20250618::index=3.21242,28,21.24286319,67.82630828424188
fixed15_frequency34,0,20250618::index=3.21242,33,21.24286319,86.48450353439526
fixed15_frequency34,0,20250618::index=3.21242,34,21.24286319,89.82945020144602
fixed15_frequency34,0,20250618::index=3.21242,36,21.24286319,69.79174830662572
fixed15_frequency34,0,20250618::index=3.21242,41,21.24286319,83.5551995536455
fixed15_frequency34,0,20250618::index=3.21242,42,21.24286319,70.6404450764586
fixed15_frequency34,0,20250618::index=3.21242,52,21.24286319,68.13769571999453
fixed15_frequency34,0,20250618::index=3.21242,54,21.24286319,109.02049407810124
fixed15_frequency34,0,20250618::index=3.21242,56,21.24286319,85.1811395161623
fixed15_frequency34,0,20250618::index=3.21242,57,21.24286319,82.30151738947302
fixed15_frequency34,0,20250618::index=3.21242,59,21.24286319,87.25239076975356
fixed15_frequency34,0,20250611::index=8.2.22E+05,0,221.5051102,149.5819870492282
fixed15_frequency34,0,20250611::index=8.2.22E+05,4,221.5051102,134.50780787829243
fixed15_frequency34,0,20250611::index=8.2.22E+05,6,221.5051102,153.95333021919376
fixed15_frequency34,0,20250611::index=8.2.22E+05,9,221.5051102,173.6651247183446
fixed15_frequency34,0,20250611::index=8.2.22E+05,13,221.5051102,144.11999878795234
fixed15_frequency34,0,20250611::index=8.2.22E+05,15,221.5051102,147.32972439688228
fixed15_frequency34,0,20250611::index=8.2.22E+05,17,221.5051102,131.9905642404214
fixed15_frequency34,0,20250611::index=8.2.22E+05,22,221.5051102,114.86746479415064
fixed15_frequency34,0,20250611::index=8.2.22E+05,24,221.5051102,120.39818170575725
fixed15_frequency34,0,20250611::index=8.2.22E+05,28,221.5051102,154.7397926058247
fixed15_frequency34,0,20250611::index=8.2.22E+05,31,221.5051102,139.97822725535087
fixed15_frequency34,0,20250611::index=8.2.22E+05,39,221.5051102,201.78707365566598
fixed15_frequency34,0,20250611::index=8.2.22E+05,40,221.5051102,160.59097128373213
fixed15_frequency34,0,20250611::index=8.2.22E+05,50,221.5051102,141.06545079143592
fixed15_frequency34,0,20250611::index=8.2.22E+05,59,221.5051102,148.82507560445654
fixed15_frequency34,0,20250618::index=8.225704,0,225.70496179999998,156.91765343509726
fixed15_frequency34,0,20250618::index=8.225704,4,225.70496179999998,245.81765184552248
fixed15_frequency34,0,20250618::index=8.225704,6,225.70496179999998,174.303552384534
fixed15_frequency34,0,20250618::index=8.225704,9,225.70496179999998,204.73830152318274
fixed15_frequency34,0,20250618::index=8.225704,13,225.70496179999998,270.4820831705802
fixed15_frequency34,0,20250618::index=8.225704,15,225.70496179999998,190.04025712904917
fixed15_frequency34,0,20250618::index=8.225704,17,225.70496179999998,259.9752893258201
fixed15_frequency34,0,20250618::index=8.225704,22,225.70496179999998,218.74016170711747
fixed15_frequency34,0,20250618::index=8.225704,24,225.70496179999998,198.97537891913186
fixed15_frequency34,0,20250618::index=8.225704,28,225.70496179999998,173.5462419291111
fixed15_frequency34,0,20250618::index=8.225704,31,225.70496179999998,252.07721396134735
fixed15_frequency34,0,20250618::index=8.225704,39,225.70496179999998,272.3123370575596
fixed15_frequency34,0,20250618::index=8.225704,40,225.70496179999998,242.20345365067155
fixed15_frequency34,0,20250618::index=8.225704,50,225.70496179999998,281.76372229159665
fixed15_frequency34,0,20250618::index=8.225704,59,225.70496179999998,251.2734508092096
fixed15_frequency34,0,20250611::index=2.2.36E+03,0,2.35533535,62.79455228930643
fixed15_frequency34,0,20250611::index=2.2.36E+03,2,2.35533535,74.70906705409395
fixed15_frequency34,0,20250611::index=2.2.36E+03,3,2.35533535,49.742072859127255
fixed15_frequency34,0,20250611::index=2.2.36E+03,14,2.35533535,122.20678516975521
fixed15_frequency34,0,20250611::index=2.2.36E+03,21,2.35533535,70.42265802679597
fixed15_frequency34,0,20250611::index=2.2.36E+03,23,2.35533535,49.09249455117165
fixed15_frequency34,0,20250611::index=2.2.36E+03,29,2.35533535,61.51322925124449
fixed15_frequency34,0,20250611::index=2.2.36E+03,36,2.35533535,48.041573797600655
fixed15_frequency34,0,20250611::index=2.2.36E+03,37,2.35533535,72.58738304029632
fixed15_frequency34,0,20250611::index=2.2.36E+03,44,2.35533535,58.9267471610899
fixed15_frequency34,0,20250611::index=2.2.36E+03,47,2.35533535,61.825824709816054
fixed15_frequency34,0,20250611::index=2.2.36E+03,48,2.35533535,51.74051954195017
fixed15_frequency34,0,20250611::index=2.2.36E+03,54,2.35533535,63.86234848061987
fixed15_frequency34,0,20250611::index=2.2.36E+03,55,2.35533535,43.6711912066063
fixed15_frequency34,0,20250611::index=2.2.36E+03,59,2.35533535,68.50007580491018
fixed15_frequency34,0,20250618::index=2.2380,0,2.380025286,90.67502992266705
fixed15_frequency34,0,20250618::index=2.2380,2,2.380025286,61.80622832038726
fixed15_frequency34,0,20250618::index=2.2380,3,2.380025286,64.44806005520819
fixed15_frequency34,0,20250618::index=2.2380,14,2.380025286,98.30279671581143
fixed15_frequency34,0,20250618::index=2.2380,21,2.380025286,167.0931416085121
fixed15_frequency34,0,20250618::index=2.2380,23,2.380025286,83.16737361501998
fixed15_frequency34,0,20250618::index=2.2380,29,2.380025286,97.24702846237557
fixed15_frequency34,0,20250618::index=2.2380,36,2.380025286,70.5028298618267
fixed15_frequency34,0,20250618::index=2.2380,37,2.380025286,111.62974780984045
fixed15_frequency34,0,20250618::index=2.2380,44,2.380025286,103.9397683180676
fixed15_frequency34,0,20250618::index=2.2380,47,2.380025286,92.1562565919719
fixed15_frequency34,0,20250618::index=2.2380,48,2.380025286,77.88751426376913
fixed15_frequency34,0,20250618::index=2.2380,54,2.380025286,133.74822162015244
fixed15_frequency34,0,20250618::index=2.2380,55,2.380025286,62.65084259046032
fixed15_frequency34,0,20250618::index=2.2380,59,2.380025286,67.71526867663547
fixed15_frequency34,0,20250611::index=9.2.67E+05,3,266.90769650000004,287.77968256441727
fixed15_frequency34,0,20250611::index=9.2.67E+05,6,266.90769650000004,272.2896066700052
fixed15_frequency34,0,20250611::index=9.2.67E+05,7,266.90769650000004,287.26543962953934
fixed15_frequency34,0,20250611::index=9.2.67E+05,15,266.90769650000004,245.24115234234483
fixed15_frequency34,0,20250611::index=9.2.67E+05,18,266.90769650000004,278.3636927666937
fixed15_frequency34,0,20250611::index=9.2.67E+05,21,266.90769650000004,236.46809862735776
fixed15_frequency34,0,20250611::index=9.2.67E+05,26,266.90769650000004,277.3011894931638
fixed15_frequency34,0,20250611::index=9.2.67E+05,27,266.90769650000004,152.94318658441236
fixed15_frequency34,0,20250611::index=9.2.67E+05,29,266.90769650000004,275.66447711055247
fixed15_frequency34,0,20250611::index=9.2.67E+05,30,266.90769650000004,279.18075546565007
fixed15_frequency34,0,20250611::index=9.2.67E+05,31,266.90769650000004,264.5934065593569
fixed15_frequency34,0,20250611::index=9.2.67E+05,41,266.90769650000004,203.75320338144292
fixed15_frequency34,0,20250611::index=9.2.67E+05,45,266.90769650000004,132.21304828829975
fixed15_frequency34,0,20250611::index=9.2.67E+05,51,266.90769650000004,271.4488741056173
fixed15_frequency34,0,20250611::index=9.2.67E+05,53,266.90769650000004,292.06067821093296
fixed15_frequency34,0,20250618::index=9.271677,3,271.6776816,262.13850915061454
fixed15_frequency34,0,20250618::index=9.271677,6,271.6776816,283.45931611894764
fixed15_frequency34,0,20250618::index=9.271677,7,271.6776816,260.2347214186234
fixed15_frequency34,0,20250618::index=9.271677,15,271.6776816,308.2766458904882
fixed15_frequency34,0,20250618::index=9.271677,18,271.6776816,254.4535970712218
fixed15_frequency34,0,20250618::index=9.271677,21,271.6776816,287.56488305808233
fixed15_frequency34,0,20250618::index=9.271677,26,271.6776816,221.2884917761971
fixed15_frequency34,0,20250618::index=9.271677,27,271.6776816,245.62499086222113
fixed15_frequency34,0,20250618::index=9.271677,29,271.6776816,267.2602529621317
fixed15_frequency34,0,20250618::index=9.271677,30,271.6776816,262.7670934655554
fixed15_frequency34,0,20250618::index=9.271677,31,271.6776816,242.41229921365903
fixed15_frequency34,0,20250618::index=9.271677,41,271.6776816,285.5405808359178
fixed15_frequency34,0,20250618::index=9.271677,45,271.6776816,279.18143758741206
fixed15_frequency34,0,20250618::index=9.271677,51,271.6776816,201.57085675883573
fixed15_frequency34,0,20250618::index=9.271677,53,271.6776816,236.70190444319957
fixed15_frequency34,0,20250611::index=10.3.15E+05,2,315.4661173,302.6391631484621
fixed15_frequency34,0,20250611::index=10.3.15E+05,4,315.4661173,262.93493734618244
fixed15_frequency34,0,20250611::index=10.3.15E+05,10,315.4661173,306.76577346112265
fixed15_frequency34,0,20250611::index=10.3.15E+05,18,315.4661173,286.03777486215796
fixed15_frequency34,0,20250611::index=10.3.15E+05,21,315.4661173,182.36589549196088
fixed15_frequency34,0,20250611::index=10.3.15E+05,27,315.4661173,317.0587524428798
fixed15_frequency34,0,20250611::index=10.3.15E+05,29,315.4661173,293.40292213731067
fixed15_frequency34,0,20250611::index=10.3.15E+05,31,315.4661173,312.1090593426155
fixed15_frequency34,0,20250611::index=10.3.15E+05,40,315.4661173,308.7290643776956
fixed15_frequency34,0,20250611::index=10.3.15E+05,45,315.4661173,335.71178539159854
fixed15_frequency34,0,20250611::index=10.3.15E+05,47,315.4661173,316.8098952896261
fixed15_frequency34,0,20250611::index=10.3.15E+05,48,315.4661173,323.9952235518529
fixed15_frequency34,0,20250611::index=10.3.15E+05,50,315.4661173,334.3656969385534
fixed15_frequency34,0,20250611::index=10.3.15E+05,53,315.4661173,287.9806386647313
fixed15_frequency34,0,20250611::index=10.3.15E+05,55,315.4661173,297.4631280286296
fixed15_frequency34,0,20250618::index=10.322114,2,322.1142428,335.2125229170313
fixed15_frequency34,0,20250618::index=10.322114,4,322.1142428,337.1726930504924
fixed15_frequency34,0,20250618::index=10.322114,10,322.1142428,303.339895767452
fixed15_frequency34,0,20250618::index=10.322114,18,322.1142428,334.4524597103362
fixed15_frequency34,0,20250618::index=10.322114,21,322.1142428,275.5471139196233
fixed15_frequency34,0,20250618::index=10.322114,27,322.1142428,270.0473382207496
fixed15_frequency34,0,20250618::index=10.322114,29,322.1142428,194.72617144453176
fixed15_frequency34,0,20250618::index=10.322114,31,322.1142428,266.1964386751043
fixed15_frequency34,0,20250618::index=10.322114,40,322.1142428,181.22405829386665
fixed15_frequency34,0,20250618::index=10.322114,45,322.1142428,260.98164919153265
fixed15_frequency34,0,20250618::index=10.322114,47,322.1142428,214.32749865222553
fixed15_frequency34,0,20250618::index=10.322114,48,322.1142428,273.607476980796
fixed15_frequency34,0,20250618::index=10.322114,50,322.1142428,201.27778638208991
fixed15_frequency34,0,20250618::index=10.322114,53,322.1142428,209.72255908917222
fixed15_frequency34,0,20250618::index=10.322114,55,322.1142428,168.38350303740526
fixed15_frequency34,0,20250611::index=11.3.69E+05,1,368.97810499999997,371.85417820867275
fixed15_frequency34,0,20250611::index=11.3.69E+05,5,368.97810499999997,395.8884131641035
fixed15_frequency34,0,20250611::index=11.3.69E+05,15,368.97810499999997,385.6947333999695
fixed15_frequency34,0,20250611::index=11.3.69E+05,17,368.97810499999997,371.4682800380623
fixed15_frequency34,0,20250611::index=11.3.69E+05,20,368.97810499999997,375.588970981154
fixed15_frequency34,0,20250611::index=11.3.69E+05,31,368.97810499999997,417.6211916031427
fixed15_frequency34,0,20250611::index=11.3.69E+05,37,368.97810499999997,411.492719823043
fixed15_frequency34,0,20250611::index=11.3.69E+05,44,368.97810499999997,358.08456237410064
fixed15_frequency34,0,20250611::index=11.3.69E+05,45,368.97810499999997,368.3633231636386
fixed15_frequency34,0,20250611::index=11.3.69E+05,49,368.97810499999997,360.95952784034966
fixed15_frequency34,0,20250611::index=11.3.69E+05,50,368.97810499999997,343.3713805921191
fixed15_frequency34,0,20250611::index=11.3.69E+05,53,368.97810499999997,385.61320563544007
fixed15_frequency34,0,20250611::index=11.3.69E+05,54,368.97810499999997,371.8106101994494
fixed15_frequency34,0,20250611::index=11.3.69E+05,55,368.97810499999997,365.50965903888505
fixed15_frequency34,0,20250611::index=11.3.69E+05,58,368.97810499999997,366.0522900450838
fixed15_frequency34,0,20250618::index=11.376320,1,376.3201201,384.04682411196177
fixed15_frequency34,0,20250618::index=11.376320,5,376.3201201,370.01215836360825
fixed15_frequency34,0,20250618::index=11.376320,15,376.3201201,359.0733404182954
fixed15_frequency34,0,20250618::index=11.376320,17,376.3201201,370.94206436910025
fixed15_frequency34,0,20250618::index=11.376320,20,376.3201201,380.0072586953334
fixed15_frequency34,0,20250618::index=11.376320,31,376.3201201,289.8069497836538
fixed15_frequency34,0,20250618::index=11.376320,37,376.3201201,353.8174820894596
fixed15_frequency34,0,20250618::index=11.376320,44,376.3201201,376.2949754014681
fixed15_frequency34,0,20250618::index=11.376320,45,376.3201201,392.3110877198796
fixed15_frequency34,0,20250618::index=11.376320,49,376.3201201,370.8616147264766
fixed15_frequency34,0,20250618::index=11.376320,50,376.3201201,338.87179338355145
fixed15_frequency34,0,20250618::index=11.376320,53,376.3201201,381.60046644812275
fixed15_frequency34,0,20250618::index=11.376320,54,376.3201201,373.07446578002356
fixed15_frequency34,0,20250618::index=11.376320,55,376.3201201,390.26086086949107
fixed15_frequency34,0,20250618::index=11.376320,58,376.3201201,376.17785526417083
fixed15_frequency34,0,20250611::index=12.4.27E+05,3,427.27619500000003,444.2760448658058
fixed15_frequency34,0,20250611::index=12.4.27E+05,9,427.27619500000003,423.7395438120787
fixed15_frequency34,0,20250611::index=12.4.27E+05,13,427.27619500000003,429.29986274809653
fixed15_frequency34,0,20250611::index=12.4.27E+05,15,427.27619500000003,446.13661566021625
fixed15_frequency34,0,20250611::index=12.4.27E+05,17,427.27619500000003,431.5382352550217
fixed15_frequency34,0,20250611::index=12.4.27E+05,22,427.27619500000003,461.4692900337993
fixed15_frequency34,0,20250611::index=12.4.27E+05,28,427.27619500000003,424.6846646818205
fixed15_frequency34,0,20250611::index=12.4.27E+05,30,427.27619500000003,425.4054301150231
fixed15_frequency34,0,20250611::index=12.4.27E+05,39,427.27619500000003,427.73466658464395
fixed15_frequency34,0,20250611::index=12.4.27E+05,42,427.27619500000003,447.69660248010797
fixed15_frequency34,0,20250611::index=12.4.27E+05,44,427.27619500000003,435.9266441302903
fixed15_frequency34,0,20250611::index=12.4.27E+05,46,427.27619500000003,463.99563318095255
fixed15_frequency34,0,20250611::index=12.4.27E+05,47,427.27619500000003,447.82055536281143
fixed15_frequency34,0,20250611::index=12.4.27E+05,54,427.27619500000003,429.67930896816864
fixed15_frequency34,0,20250611::index=12.4.27E+05,57,427.27619500000003,450.2017298686866
fixed15_frequency34,0,20250618::index=12.434018,3,434.0180833,385.94053391935677
fixed15_frequency34,0,20250618::index=12.434018,9,434.0180833,425.2814754052292
fixed15_frequency34,0,20250618::index=12.434018,13,434.0180833,481.86962938965803
fixed15_frequency34,0,20250618::index=12.434018,15,434.0180833,398.2860962813718
fixed15_frequency34,0,20250618::index=12.434018,17,434.0180833,398.7617801948284
fixed15_frequency34,0,20250618::index=12.434018,22,434.0180833,401.1434922168219
fixed15_frequency34,0,20250618::index=12.434018,28,434.0180833,409.72011408391194
fixed15_frequency34,0,20250618::index=12.434018,30,434.0180833,451.2735511839575
fixed15_frequency34,0,20250618::index=12.434018,39,434.0180833,387.19629600089223
fixed15_frequency34,0,20250618::index=12.434018,42,434.0180833,373.1568833241684
fixed15_frequency34,0,20250618::index=12.434018,44,434.0180833,378.1058111343928
fixed15_frequency34,0,20250618::index=12.434018,46,434.0180833,424.23938957908996
fixed15_frequency34,0,20250618::index=12.434018,47,434.0180833,473.6273639871509
fixed15_frequency34,0,20250618::index=12.434018,54,434.0180833,471.89941428363113
fixed15_frequency34,0,20250618::index=12.434018,57,434.0180833,435.25478052539415
fixed15_frequency34,0,20250611::index=13.4.89E+05,3,489.45399810000004,524.963097228658
fixed15_frequency34,0,20250611::index=13.4.89E+05,7,489.45399810000004,449.48343204921366
fixed15_frequency34,0,20250611::index=13.4.89E+05,12,489.45399810000004,479.40918688269335
fixed15_frequency34,0,20250611::index=13.4.89E+05,13,489.45399810000004,466.4960963033009
fixed15_frequency34,0,20250611::index=13.4.89E+05,14,489.45399810000004,484.2360544906821
fixed15_frequency34,0,20250611::index=13.4.89E+05,20,489.45399810000004,481.0575657115891
fixed15_frequency34,0,20250611::index=13.4.89E+05,34,489.45399810000004,494.55302413619324
fixed15_frequency34,0,20250611::index=13.4.89E+05,39,489.45399810000004,490.5412373734369
fixed15_frequency34,0,20250611::index=13.4.89E+05,42,489.45399810000004,457.28852660536535
fixed15_frequency34,0,20250611::index=13.4.89E+05,44,489.45399810000004,506.9926150319063
fixed15_frequency34,0,20250611::index=13.4.89E+05,48,489.45399810000004,500.3261834185543
fixed15_frequency34,0,20250611::index=13.4.89E+05,51,489.45399810000004,491.58657163730123
fixed15_frequency34,0,20250611::index=13.4.89E+05,53,489.45399810000004,491.6626868844926
fixed15_frequency34,0,20250611::index=13.4.89E+05,54,489.45399810000004,490.1509295556528
fixed15_frequency34,0,20250611::index=13.4.89E+05,59,489.45399810000004,472.3897929346525
fixed15_frequency34,0,20250618::index=13.496023,3,496.0233525,506.12089775620115
fixed15_frequency34,0,20250618::index=13.496023,7,496.0233525,511.7921170714084
fixed15_frequency34,0,20250618::index=13.496023,12,496.0233525,470.0792717940491
fixed15_frequency34,0,20250618::index=13.496023,13,496.0233525,504.0720566423965
fixed15_frequency34,0,20250618::index=13.496023,14,496.0233525,511.9606127018849
fixed15_frequency34,0,20250618::index=13.496023,20,496.0233525,498.3413746848053
fixed15_frequency34,0,20250618::index=13.496023,34,496.0233525,480.71005952616423
fixed15_frequency34,0,20250618::index=13.496023,39,496.0233525,470.3728717910485
fixed15_frequency34,0,20250618::index=13.496023,42,496.0233525,438.9339056019849
fixed15_frequency34,0,20250618::index=13.496023,44,496.0233525,505.9871997172401
fixed15_frequency34,0,20250618::index=13.496023,48,496.0233525,468.5425460628827
fixed15_frequency34,0,20250618::index=13.496023,51,496.0233525,474.02493648517014
fixed15_frequency34,0,20250618::index=13.496023,53,496.0233525,475.46123226425317
fixed15_frequency34,0,20250618::index=13.496023,54,496.0233525,520.3568556939014
fixed15_frequency34,0,20250618::index=13.496023,59,496.0233525,511.2950467575019
fixed15_frequency34,0,20250611::index=14.5.54E+05,8,554.1963218000001,557.4519438722683
fixed15_frequency34,0,20250611::index=14.5.54E+05,9,554.1963218000001,550.0316616650014
fixed15_frequency34,0,20250611::index=14.5.54E+05,10,554.1963218000001,538.3190150236387
fixed15_frequency34,0,20250611::index=14.5.54E+05,14,554.1963218000001,547.3738643180959
fixed15_frequency34,0,20250611::index=14.5.54E+05,29,554.1963218000001,533.1752872076753
fixed15_frequency34,0,20250611::index=14.5.54E+05,30,554.1963218000001,483.8944706141717
fixed15_frequency34,0,20250611::index=14.5.54E+05,33,554.1963218000001,592.8518468704569
fixed15_frequency34,0,20250611::index=14.5.54E+05,36,554.1963218000001,553.6345377694628
fixed15_frequency34,0,20250611::index=14.5.54E+05,43,554.1963218000001,532.407701723186
fixed15_frequency34,0,20250611::index=14.5.54E+05,48,554.1963218000001,544.1028629447512
fixed15_frequency34,0,20250611::index=14.5.54E+05,50,554.1963218000001,557.2459038302956
fixed15_frequency34,0,20250611::index=14.5.54E+05,51,554.1963218000001,568.0403765574872
fixed15_frequency34,0,20250611::index=14.5.54E+05,54,554.1963218000001,552.7201677804073
fixed15_frequency34,0,20250611::index=14.5.54E+05,57,554.1963218000001,551.688247202574
fixed15_frequency34,0,20250611::index=14.5.54E+05,58,554.1963218000001,521.2391448058268
fixed15_frequency34,0,20250618::index=14.562158,8,562.1587854,542.5427749614753
fixed15_frequency34,0,20250618::index=14.562158,9,562.1587854,571.7866641432144
fixed15_frequency34,0,20250618::index=14.562158,10,562.1587854,565.1153280841781
fixed15_frequency34,0,20250618::index=14.562158,14,562.1587854,568.0554216492976
fixed15_frequency34,0,20250618::index=14.562158,29,562.1587854,554.9933544985106
fixed15_frequency34,0,20250618::index=14.562158,30,562.1587854,568.9896887552324
fixed15_frequency34,0,20250618::index=14.562158,33,562.1587854,560.3806567193383
fixed15_frequency34,0,20250618::index=14.562158,36,562.1587854,578.2154228288507
fixed15_frequency34,0,20250618::index=14.562158,43,562.1587854,572.4896381433543
fixed15_frequency34,0,20250618::index=14.562158,48,562.1587854,523.6159418359431
fixed15_frequency34,0,20250618::index=14.562158,50,562.1587854,559.0195864096739
fixed15_frequency34,0,20250618::index=14.562158,51,562.1587854,561.1387853176076
fixed15_frequency34,0,20250618::index=14.562158,54,562.1587854,543.3692666947593
fixed15_frequency34,0,20250618::index=14.562158,57,562.1587854,557.7786136705303
fixed15_frequency34,0,20250618::index=14.562158,58,562.1587854,584.4933623211914
fixed15_frequency34,0,20250611::index=4.5.76E+04,2,57.59331665,76.73660711804389
fixed15_frequency34,0,20250611::index=4.5.76E+04,3,57.59331665,59.96053854229614
fixed15_frequency34,0,20250611::index=4.5.76E+04,6,57.59331665,54.895802865367585
fixed15_frequency34,0,20250611::index=4.5.76E+04,11,57.59331665,32.57882916375178
fixed15_frequency34,0,20250611::index=4.5.76E+04,13,57.59331665,45.538264844511446
fixed15_frequency34,0,20250611::index=4.5.76E+04,15,57.59331665,60.70979087612516
fixed15_frequency34,0,20250611::index=4.5.76E+04,18,57.59331665,66.48144645016896
fixed15_frequency34,0,20250611::index=4.5.76E+04,33,57.59331665,69.0123403493061
fixed15_frequency34,0,20250611::index=4.5.76E+04,38,57.59331665,65.9390764941948
fixed15_frequency34,0,20250611::index=4.5.76E+04,41,57.59331665,86.34973203819015
fixed15_frequency34,0,20250611::index=4.5.76E+04,42,57.59331665,57.675931968872824
fixed15_frequency34,0,20250611::index=4.5.76E+04,44,57.59331665,52.04081583389062
fixed15_frequency34,0,20250611::index=4.5.76E+04,46,57.59331665,71.1785872802361
fixed15_frequency34,0,20250611::index=4.5.76E+04,54,57.59331665,76.92148493935034
fixed15_frequency34,0,20250611::index=4.5.76E+04,55,57.59331665,85.53756702268663
fixed15_frequency34,0,20250618::index=4.58389,2,58.38985471,135.04471234895294
fixed15_frequency34,0,20250618::index=4.58389,3,58.38985471,129.61561292112938
fixed15_frequency34,0,20250618::index=4.58389,6,58.38985471,88.55234726442343
fixed15_frequency34,0,20250618::index=4.58389,11,58.38985471,88.98164469010739
fixed15_frequency34,0,20250618::index=4.58389,13,58.38985471,107.30646045237813
fixed15_frequency34,0,20250618::index=4.58389,15,58.38985471,93.50113235085942
fixed15_frequency34,0,20250618::index=4.58389,18,58.38985471,91.38858753335572
fixed15_frequency34,0,20250618::index=4.58389,33,58.38985471,109.64379566386405
fixed15_frequency34,0,20250618::index=4.58389,38,58.38985471,139.5336404167722
fixed15_frequency34,0,20250618::index=4.58389,41,58.38985471,92.61530682165714
fixed15_frequency34,0,20250618::index=4.58389,42,58.38985471,82.92538031074304
fixed15_frequency34,0,20250618::index=4.58389,44,58.38985471,103.84278622123286
fixed15_frequency34,0,20250618::index=4.58389,46,58.38985471,90.70362712868886
fixed15_frequency34,0,20250618::index=4.58389,54,58.38985471,62.774649457445925
fixed15_frequency34,0,20250618::index=4.58389,55,58.38985471,87.52239226103558
fixed15_frequency34,0,20250611::index=15.6.24E+05,3,624.4425514,639.8301542116269
fixed15_frequency34,0,20250611::index=15.6.24E+05,4,624.4425514,615.773798954096
fixed15_frequency34,0,20250611::index=15.6.24E+05,11,624.4425514,646.4166542676011
fixed15_frequency34,0,20250611::index=15.6.24E+05,13,624.4425514,590.2295787927483
fixed15_frequency34,0,20250611::index=15.6.24E+05,14,624.4425514,627.1428943881747
fixed15_frequency34,0,20250611::index=15.6.24E+05,18,624.4425514,609.5287802828734
fixed15_frequency34,0,20250611::index=15.6.24E+05,19,624.4425514,617.4597465706447
fixed15_frequency34,0,20250611::index=15.6.24E+05,27,624.4425514,615.4451616604752
fixed15_frequency34,0,20250611::index=15.6.24E+05,39,624.4425514,632.6877538837317
fixed15_frequency34,0,20250611::index=15.6.24E+05,43,624.4425514,635.5073737925858
fixed15_frequency34,0,20250611::index=15.6.24E+05,46,624.4425514,626.9299142160711
fixed15_frequency34,0,20250611::index=15.6.24E+05,51,624.4425514,628.7028609263266
fixed15_frequency34,0,20250611::index=15.6.24E+05,55,624.4425514,645.087446761658
fixed15_frequency34,0,20250611::index=15.6.24E+05,57,624.4425514,617.1719621373321
fixed15_frequency34,0,20250611::index=15.6.24E+05,58,624.4425514,626.1025071506297
fixed15_frequency34,0,20250618::index=15.633482,3,633.482536,648.2069736429717
fixed15_frequency34,0,20250618::index=15.633482,4,633.482536,639.7351849608375
fixed15_frequency34,0,20250618::index=15.633482,11,633.482536,644.8133878648154
fixed15_frequency34,0,20250618::index=15.633482,13,633.482536,583.7272637392997
fixed15_frequency34,0,20250618::index=15.633482,14,633.482536,642.4013158615325
fixed15_frequency34,0,20250618::index=15.633482,18,633.482536,615.8325843690479
fixed15_frequency34,0,20250618::index=15.633482,19,633.482536,645.9220749398246
fixed15_frequency34,0,20250618::index=15.633482,27,633.482536,600.9089178968478
fixed15_frequency34,0,20250618::index=15.633482,39,633.482536,590.7999789719711
fixed15_frequency34,0,20250618::index=15.633482,43,633.482536,651.3390948850379
fixed15_frequency34,0,20250618::index=15.633482,46,633.482536,686.1424325205419
fixed15_frequency34,0,20250618::index=15.633482,51,633.482536,689.7508369882374
fixed15_frequency34,0,20250618::index=15.633482,55,633.482536,592.6696665956207
fixed15_frequency34,0,20250618::index=15.633482,57,633.482536,639.6334114069223
fixed15_frequency34,0,20250618::index=15.633482,58,633.482536,647.126343467603
fixed15_frequency34,0,20250611::index=16.6.98E+05,2,698.421296,662.8009288352166
fixed15_frequency34,0,20250611::index=16.6.98E+05,6,698.421296,739.4442358778495
fixed15_frequency34,0,20250611::index=16.6.98E+05,9,698.421296,667.1358499037067
fixed15_frequency34,0,20250611::index=16.6.98E+05,10,698.421296,689.2881826638984
fixed15_frequency34,0,20250611::index=16.6.98E+05,13,698.421296,694.8437433227475
fixed15_frequency34,0,20250611::index=16.6.98E+05,17,698.421296,682.4719124258353
fixed15_frequency34,0,20250611::index=16.6.98E+05,35,698.421296,683.7225945068756
fixed15_frequency34,0,20250611::index=16.6.98E+05,37,698.421296,705.8656102276046
fixed15_frequency34,0,20250611::index=16.6.98E+05,39,698.421296,677.1955148169862
fixed15_frequency34,0,20250611::index=16.6.98E+05,40,698.421296,702.8166196751421
fixed15_frequency34,0,20250611::index=16.6.98E+05,46,698.421296,747.7094271603265
fixed15_frequency34,0,20250611::index=16.6.98E+05,47,698.421296,693.6337419794291
fixed15_frequency34,0,20250611::index=16.6.98E+05,52,698.421296,748.6685416236437
fixed15_frequency34,0,20250611::index=16.6.98E+05,55,698.421296,668.3419755264398
fixed15_frequency34,0,20250611::index=16.6.98E+05,57,698.421296,683.1039319305809
fixed15_frequency34,0,20250618::index=16.709792,2,709.7927143,702.846176374357
fixed15_frequency34,0,20250618::index=16.709792,6,709.7927143,737.6053842127757
fixed15_frequency34,0,20250618::index=16.709792,9,709.7927143,701.0271566798696
fixed15_frequency34,0,20250618::index=16.709792,10,709.7927143,739.3225406577111
fixed15_frequency34,0,20250618::index=16.709792,13,709.7927143,706.1680789238783
fixed15_frequency34,0,20250618::index=16.709792,17,709.7927143,710.4111612484664
fixed15_frequency34,0,20250618::index=16.709792,35,709.7927143,702.3208185326602
fixed15_frequency34,0,20250618::index=16.709792,37,709.7927143,721.6914110907593
fixed15_frequency34,0,20250618::index=16.709792,39,709.7927143,696.9043582011473
fixed15_frequency34,0,20250618::index=16.709792,40,709.7927143,747.8376464837215
fixed15_frequency34,0,20250618::index=16.709792,46,709.7927143,755.991357629706
fixed15_frequency34,0,20250618::index=16.709792,47,709.7927143,719.6343866404842
fixed15_frequency34,0,20250618::index=16.709792,52,709.7927143,697.3162401374223
fixed15_frequency34,0,20250618::index=16.709792,55,709.7927143,697.9539407763001
fixed15_frequency34,0,20250618::index=16.709792,57,709.7927143,665.4514325391219
fixed15_frequency34,0,20250611::index=17.7.77E+05,5,776.6472223000001,791.2870686964965
fixed15_frequency34,0,20250611::index=17.7.77E+05,6,776.6472223000001,789.3731228412034
fixed15_frequency34,0,20250611::index=17.7.77E+05,7,776.6472223000001,827.5475856152314
fixed15_frequency34,0,20250611::index=17.7.77E+05,8,776.6472223000001,806.7225380040204
fixed15_frequency34,0,20250611::index=17.7.77E+05,10,776.6472223000001,777.590537380683
fixed15_frequency34,0,20250611::index=17.7.77E+05,14,776.6472223000001,757.6505556318858
fixed15_frequency34,0,20250611::index=17.7.77E+05,19,776.6472223000001,822.3468406709842
fixed15_frequency34,0,20250611::index=17.7.77E+05,24,776.6472223000001,777.7485627906469
fixed15_frequency34,0,20250611::index=17.7.77E+05,26,776.6472223000001,764.3512328578353
fixed15_frequency34,0,20250611::index=17.7.77E+05,31,776.6472223000001,807.0832774403726
fixed15_frequency34,0,20250611::index=17.7.77E+05,41,776.6472223000001,787.737974849922
fixed15_frequency34,0,20250611::index=17.7.77E+05,52,776.6472223000001,793.6890962647741
fixed15_frequency34,0,20250611::index=17.7.77E+05,53,776.6472223000001,815.4393720295757
fixed15_frequency34,0,20250611::index=17.7.77E+05,54,776.6472223000001,797.9381870081997
fixed15_frequency34,0,20250611::index=17.7.77E+05,55,776.6472223000001,787.3853432050581
fixed15_frequency34,0,20250618::index=17.789500,5,789.5001968,768.4468755286786
fixed15_frequency34,0,20250618::index=17.789500,6,789.5001968,831.6370257739903
fixed15_frequency34,0,20250618::index=17.789500,7,789.5001968,760.3489952735698
fixed15_frequency34,0,20250618::index=17.789500,8,789.5001968,698.3810666462114
fixed15_frequency34,0,20250618::index=17.789500,10,789.5001968,769.7239022181458
fixed15_frequency34,0,20250618::index=17.789500,14,789.5001968,856.3296477890046
fixed15_frequency34,0,20250618::index=17.789500,19,789.5001968,818.0685033805472
fixed15_frequency34,0,20250618::index=17.789500,24,789.5001968,771.5001689543133
fixed15_frequency34,0,20250618::index=17.789500,26,789.5001968,850.4198990019534
fixed15_frequency34,0,20250618::index=17.789500,31,789.5001968,765.7709929370469
fixed15_frequency34,0,20250618::index=17.789500,41,789.5001968,781.1256548011703
fixed15_frequency34,0,20250618::index=17.789500,52,789.5001968,778.2519240269129
fixed15_frequency34,0,20250618::index=17.789500,53,789.5001968,767.6345164452955
fixed15_frequency34,0,20250618::index=17.789500,54,789.5001968,809.4743101092569
fixed15_frequency34,0,20250618::index=17.789500,55,789.5001968,804.1089031380174
fixed15_frequency34,0,20250611::index=18.8.59E+05,0,859.3439142,861.2040865439456
fixed15_frequency34,0,20250611::index=18.8.59E+05,5,859.3439142,831.0851546062421
fixed15_frequency34,0,20250611::index=18.8.59E+05,14,859.3439142,851.1153066894935
fixed15_frequency34,0,20250611::index=18.8.59E+05,18,859.3439142,835.2428085818227
fixed15_frequency34,0,20250611::index=18.8.59E+05,19,859.3439142,845.2707541348424
fixed15_frequency34,0,20250611::index=18.8.59E+05,21,859.3439142,843.7335575554124
fixed15_frequency34,0,20250611::index=18.8.59E+05,26,859.3439142,849.12869181806
fixed15_frequency34,0,20250611::index=18.8.59E+05,27,859.3439142,859.981747073714
fixed15_frequency34,0,20250611::index=18.8.59E+05,32,859.3439142,854.2916511305617
fixed15_frequency34,0,20250611::index=18.8.59E+05,36,859.3439142,850.7536101821006
fixed15_frequency34,0,20250611::index=18.8.59E+05,43,859.3439142,814.8368309615128
fixed15_frequency34,0,20250611::index=18.8.59E+05,53,859.3439142,847.0091382142398
fixed15_frequency34,0,20250611::index=18.8.59E+05,54,859.3439142,859.2695201767935
fixed15_frequency34,0,20250611::index=18.8.59E+05,56,859.3439142,856.4262746658474
fixed15_frequency34,0,20250611::index=18.8.59E+05,57,859.3439142,844.1734293018078
fixed15_frequency34,0,20250618::index=18.873637,0,873.6370359,853.9385796303302
fixed15_frequency34,0,20250618::index=18.873637,5,873.6370359,859.1819798249569
fixed15_frequency34,0,20250618::index=18.873637,14,873.6370359,868.5337004050322
fixed15_frequency34,0,20250618::index=18.873637,18,873.6370359,866.4487208744408
fixed15_frequency34,0,20250618::index=18.873637,19,873.6370359,859.7696411517472
fixed15_frequency34,0,20250618::index=18.873637,21,873.6370359,854.339993923545
fixed15_frequency34,0,20250618::index=18.873637,26,873.6370359,880.4149620413091
fixed15_frequency34,0,20250618::index=18.873637,27,873.6370359,845.2129394827045
fixed15_frequency34,0,20250618::index=18.873637,32,873.6370359,860.1731017693955
fixed15_frequency34,0,20250618::index=18.873637,36,873.6370359,844.06964446073
fixed15_frequency34,0,20250618::index=18.873637,43,873.6370359,868.1373901706258
fixed15_frequency34,0,20250618::index=18.873637,53,873.6370359,866.4033580168566
fixed15_frequency34,0,20250618::index=18.873637,54,873.6370359,846.5320415943617
fixed15_frequency34,0,20250618::index=18.873637,56,873.6370359,859.7669220436547
fixed15_frequency34,0,20250618::index=18.873637,57,873.6370359,863.5173122376992
fixed15_temporal46,0,20250618::index=1.0,0,-1.42e-09,152.14957929719822
fixed15_temporal46,0,20250618::index=1.0,3,-1.42e-09,100.11524842761538
fixed15_temporal46,0,20250618::index=1.0,5,-1.42e-09,93.71496072310478
fixed15_temporal46,0,20250618::index=1.0,12,-1.42e-09,69.47312612163981
fixed15_temporal46,0,20250618::index=1.0,13,-1.42e-09,58.93159318028306
fixed15_temporal46,0,20250618::index=1.0,31,-1.42e-09,112.06200131162018
fixed15_temporal46,0,20250618::index=1.0,33,-1.42e-09,120.52057582010497
fixed15_temporal46,0,20250618::index=1.0,36,-1.42e-09,112.43275020321512
fixed15_temporal46,0,20250618::index=1.0,45,-1.42e-09,51.45805668987452
fixed15_temporal46,0,20250618::index=1.0,46,-1.42e-09,57.02108677520535
fixed15_temporal46,0,20250618::index=1.0,48,-1.42e-09,60.16751329462768
fixed15_temporal46,0,20250618::index=1.0,50,-1.42e-09,59.63404346947442
fixed15_temporal46,0,20250618::index=1.0,52,-1.42e-09,64.43061536623222
fixed15_temporal46,0,20250618::index=1.0,54,-1.42e-09,53.35138675465143
fixed15_temporal46,0,20250618::index=1.0,57,-1.42e-09,61.182418243265595
fixed15_temporal46,0,20250611::index=1.3.28E-04,0,3.28047e-07,103.64138159666878
fixed15_temporal46,0,20250611::index=1.3.28E-04,3,3.28047e-07,133.23170501480132
fixed15_temporal46,0,20250611::index=1.3.28E-04,5,3.28047e-07,205.86377365503049
fixed15_temporal46,0,20250611::index=1.3.28E-04,12,3.28047e-07,12.827482210426748
fixed15_temporal46,0,20250611::index=1.3.28E-04,13,3.28047e-07,20.19204835085515
fixed15_temporal46,0,20250611::index=1.3.28E-04,31,3.28047e-07,170.42866217310527
fixed15_temporal46,0,20250611::index=1.3.28E-04,33,3.28047e-07,93.80978298217941
fixed15_temporal46,0,20250611::index=1.3.28E-04,36,3.28047e-07,15.397911760314367
fixed15_temporal46,0,20250611::index=1.3.28E-04,45,3.28047e-07,30.060767647910694
fixed15_temporal46,0,20250611::index=1.3.28E-04,46,3.28047e-07,91.578973355706
fixed15_temporal46,0,20250611::index=1.3.28E-04,48,3.28047e-07,64.88914133772998
fixed15_temporal46,0,20250611::index=1.3.28E-04,50,3.28047e-07,71.72842588274698
fixed15_temporal46,0,20250611::index=1.3.28E-04,52,3.28047e-07,107.79223045654388
fixed15_temporal46,0,20250611::index=1.3.28E-04,54,3.28047e-07,33.39927673773354
fixed15_temporal46,0,20250611::index=1.3.28E-04,57,3.28047e-07,44.85438312527148
fixed15_temporal46,0,20250611::index=5.1.11E+05,17,111.2647017,16.677288028795175
fixed15_temporal46,0,20250611::index=5.1.11E+05,19,111.2647017,32.40687860912769
fixed15_temporal46,0,20250611::index=5.1.11E+05,21,111.2647017,15.16981764553941
fixed15_temporal46,0,20250611::index=5.1.11E+05,23,111.2647017,31.34434856062651
fixed15_temporal46,0,20250611::index=5.1.11E+05,28,111.2647017,11.070110283709782
fixed15_temporal46,0,20250611::index=5.1.11E+05,34,111.2647017,49.8238298823133
fixed15_temporal46,0,20250611::index=5.1.11E+05,35,111.2647017,46.43537879094104
fixed15_temporal46,0,20250611::index=5.1.11E+05,41,111.2647017,12.57836128181815
fixed15_temporal46,0,20250611::index=5.1.11E+05,46,111.2647017,55.609924913399254
fixed15_temporal46,0,20250611::index=5.1.11E+05,47,111.2647017,57.494949395131954
fixed15_temporal46,0,20250611::index=5.1.11E+05,48,111.2647017,36.844883180833754
fixed15_temporal46,0,20250611::index=5.1.11E+05,51,111.2647017,33.35662644129123
fixed15_temporal46,0,20250611::index=5.1.11E+05,55,111.2647017,33.84812011383157
fixed15_temporal46,0,20250611::index=5.1.11E+05,56,111.2647017,67.25660354252618
fixed15_temporal46,0,20250611::index=5.1.11E+05,58,111.2647017,33.42592482679109
fixed15_temporal46,0,20250618::index=5.113188,17,113.1882901,105.48042612863838
fixed15_temporal46,0,20250618::index=5.113188,19,113.1882901,127.36236843104477
fixed15_temporal46,0,20250618::index=5.113188,21,113.1882901,129.9456806468915
fixed15_temporal46,0,20250618::index=5.113188,23,113.1882901,109.40130832071145
fixed15_temporal46,0,20250618::index=5.113188,28,113.1882901,107.77787865756304
fixed15_temporal46,0,20250618::index=5.113188,34,113.1882901,86.80886479637182
fixed15_temporal46,0,20250618::index=5.113188,35,113.1882901,84.54305465578972
fixed15_temporal46,0,20250618::index=5.113188,41,113.1882901,88.34417312320036
fixed15_temporal46,0,20250618::index=5.113188,46,113.1882901,88.06630080967365
fixed15_temporal46,0,20250618::index=5.113188,47,113.1882901,67.07737802031733
fixed15_temporal46,0,20250618::index=5.113188,48,113.1882901,82.11974638650489
fixed15_temporal46,0,20250618::index=5.113188,51,113.1882901,105.94478085551673
fixed15_temporal46,0,20250618::index=5.113188,55,113.1882901,108.00367467833814
fixed15_temporal46,0,20250618::index=5.113188,56,113.1882901,117.89822447691964
fixed15_temporal46,0,20250618::index=5.113188,58,113.1882901,143.87682059855322
fixed15_temporal46,0,20250611::index=6.1.44E+05,6,144.32426180000002,47.54493274186
fixed15_temporal46,0,20250611::index=6.1.44E+05,11,144.32426180000002,43.14964390624069
fixed15_temporal46,0,20250611::index=6.1.44E+05,13,144.32426180000002,38.19812319113348
fixed15_temporal46,0,20250611::index=6.1.44E+05,26,144.32426180000002,58.37440258719549
fixed15_temporal46,0,20250611::index=6.1.44E+05,31,144.32426180000002,53.59225580055664
fixed15_temporal46,0,20250611::index=6.1.44E+05,34,144.32426180000002,41.93056176019591
fixed15_temporal46,0,20250611::index=6.1.44E+05,35,144.32426180000002,54.31247462088295
fixed15_temporal46,0,20250611::index=6.1.44E+05,36,144.32426180000002,13.495721226227817
fixed15_temporal46,0,20250611::index=6.1.44E+05,38,144.32426180000002,75.61833224678084
fixed15_temporal46,0,20250611::index=6.1.44E+05,40,144.32426180000002,91.49971848314239
fixed15_temporal46,0,20250611::index=6.1.44E+05,46,144.32426180000002,114.82233265617607
fixed15_temporal46,0,20250611::index=6.1.44E+05,47,144.32426180000002,41.02303883105134
fixed15_temporal46,0,20250611::index=6.1.44E+05,56,144.32426180000002,106.90590743078963
fixed15_temporal46,0,20250611::index=6.1.44E+05,58,144.32426180000002,113.03860717315617
fixed15_temporal46,0,20250611::index=6.1.44E+05,59,144.32426180000002,102.2984695496635
fixed15_temporal46,0,20250618::index=6.146381,6,146.38165049999998,130.04529124149616
fixed15_temporal46,0,20250618::index=6.146381,11,146.38165049999998,143.84862787747983
fixed15_temporal46,0,20250618::index=6.146381,13,146.38165049999998,129.8405550977802
fixed15_temporal46,0,20250618::index=6.146381,26,146.38165049999998,128.8158020746428
fixed15_temporal46,0,20250618::index=6.146381,31,146.38165049999998,126.40666704116383
fixed15_temporal46,0,20250618::index=6.146381,34,146.38165049999998,128.70513073395642
fixed15_temporal46,0,20250618::index=6.146381,35,146.38165049999998,134.4570482776097
fixed15_temporal46,0,20250618::index=6.146381,36,146.38165049999998,130.39974209926257
fixed15_temporal46,0,20250618::index=6.146381,38,146.38165049999998,134.68643362684287
fixed15_temporal46,0,20250618::index=6.146381,40,146.38165049999998,129.2184761375377
fixed15_temporal46,0,20250618::index=6.146381,46,146.38165049999998,132.0845218687416
fixed15_temporal46,0,20250618::index=6.146381,47,146.38165049999998,95.27318371204217
fixed15_temporal46,0,20250618::index=6.146381,56,146.38165049999998,146.10434950854048
fixed15_temporal46,0,20250618::index=6.146381,58,146.38165049999998,137.7564064270304
fixed15_temporal46,0,20250618::index=6.146381,59,146.38165049999998,139.92339175062435
fixed15_temporal46,0,20250611::index=7.1.81E+05,4,181.378003,73.5275907840523
fixed15_temporal46,0,20250611::index=7.1.81E+05,5,181.378003,92.3715092753593
fixed15_temporal46,0,20250611::index=7.1.81E+05,10,181.378003,87.36054853143976
fixed15_temporal46,0,20250611::index=7.1.81E+05,15,181.378003,94.97503706968654
fixed15_temporal46,0,20250611::index=7.1.81E+05,18,181.378003,115.01567842867499
fixed15_temporal46,0,20250611::index=7.1.81E+05,20,181.378003,103.50861196667694
fixed15_temporal46,0,20250611::index=7.1.81E+05,26,181.378003,117.67499970001779
fixed15_temporal46,0,20250611::index=7.1.81E+05,28,181.378003,39.05816002378394
fixed15_temporal46,0,20250611::index=7.1.81E+05,33,181.378003,88.2635600969658
fixed15_temporal46,0,20250611::index=7.1.81E+05,37,181.378003,90.81811033003083
fixed15_temporal46,0,20250611::index=7.1.81E+05,41,181.378003,87.11946727714609
fixed15_temporal46,0,20250611::index=7.1.81E+05,44,181.378003,89.29213695751939
fixed15_temporal46,0,20250611::index=7.1.81E+05,56,181.378003,66.3389671602547
fixed15_temporal46,0,20250611::index=7.1.81E+05,57,181.378003,75.44802211981461
fixed15_temporal46,0,20250611::index=7.1.81E+05,58,181.378003,103.99642512273493
fixed15_temporal46,0,20250618::index=7.184190,4,184.1909699,145.88737663499631
fixed15_temporal46,0,20250618::index=7.184190,5,184.1909699,175.39332608335013
fixed15_temporal46,0,20250618::index=7.184190,10,184.1909699,159.05881537977103
fixed15_temporal46,0,20250618::index=7.184190,15,184.1909699,178.83498209405133
fixed15_temporal46,0,20250618::index=7.184190,18,184.1909699,152.43097302291366
fixed15_temporal46,0,20250618::index=7.184190,20,184.1909699,135.29906372047884
fixed15_temporal46,0,20250618::index=7.184190,26,184.1909699,151.1527553645744
fixed15_temporal46,0,20250618::index=7.184190,28,184.1909699,172.55143202507335
fixed15_temporal46,0,20250618::index=7.184190,33,184.1909699,184.47516054705684
fixed15_temporal46,0,20250618::index=7.184190,37,184.1909699,180.11395559351521
fixed15_temporal46,0,20250618::index=7.184190,41,184.1909699,154.4404727740195
fixed15_temporal46,0,20250618::index=7.184190,44,184.1909699,161.30719606467648
fixed15_temporal46,0,20250618::index=7.184190,56,184.1909699,165.46268833854057
fixed15_temporal46,0,20250618::index=7.184190,57,184.1909699,192.32896301183095
fixed15_temporal46,0,20250618::index=7.184190,58,184.1909699,146.92042129350975
fixed15_temporal46,0,20250611::index=3.2.10E+04,1,20.97971604,25.442712373623902
fixed15_temporal46,0,20250611::index=3.2.10E+04,6,20.97971604,59.65256872278152
fixed15_temporal46,0,20250611::index=3.2.10E+04,11,20.97971604,69.49165729739235
fixed15_temporal46,0,20250611::index=3.2.10E+04,22,20.97971604,92.53968074771436
fixed15_temporal46,0,20250611::index=3.2.10E+04,28,20.97971604,7.732551679630818
fixed15_temporal46,0,20250611::index=3.2.10E+04,33,20.97971604,20.227385124057715
fixed15_temporal46,0,20250611::index=3.2.10E+04,34,20.97971604,22.956570630428622
fixed15_temporal46,0,20250611::index=3.2.10E+04,36,20.97971604,-5.535195599699792
fixed15_temporal46,0,20250611::index=3.2.10E+04,41,20.97971604,27.511253572287373
fixed15_temporal46,0,20250611::index=3.2.10E+04,42,20.97971604,13.637519559984913
fixed15_temporal46,0,20250611::index=3.2.10E+04,52,20.97971604,16.417158526683995
fixed15_temporal46,0,20250611::index=3.2.10E+04,54,20.97971604,13.732896839104459
fixed15_temporal46,0,20250611::index=3.2.10E+04,56,20.97971604,36.525384597789156
fixed15_temporal46,0,20250611::index=3.2.10E+04,57,20.97971604,40.08453070510324
fixed15_temporal46,0,20250611::index=3.2.10E+04,59,20.97971604,31.123761242201105
fixed15_temporal46,0,20250618::index=3.21242,1,21.24286319,99.8687508437354
fixed15_temporal46,0,20250618::index=3.21242,6,21.24286319,98.42178346827727
fixed15_temporal46,0,20250618::index=3.21242,11,21.24286319,101.13755371007629
fixed15_temporal46,0,20250618::index=3.21242,22,21.24286319,112.14159852975503
fixed15_temporal46,0,20250618::index=3.21242,28,21.24286319,98.85014371461425
fixed15_temporal46,0,20250618::index=3.21242,33,21.24286319,106.88185541014207
fixed15_temporal46,0,20250618::index=3.21242,34,21.24286319,96.12676604438265
fixed15_temporal46,0,20250618::index=3.21242,36,21.24286319,123.77821989800304
fixed15_temporal46,0,20250618::index=3.21242,41,21.24286319,113.2250025702661
fixed15_temporal46,0,20250618::index=3.21242,42,21.24286319,119.36624109787593
fixed15_temporal46,0,20250618::index=3.21242,52,21.24286319,116.30906350578294
fixed15_temporal46,0,20250618::index=3.21242,54,21.24286319,131.9420486891464
fixed15_temporal46,0,20250618::index=3.21242,56,21.24286319,88.36942812893706
fixed15_temporal46,0,20250618::index=3.21242,57,21.24286319,97.18963626338224
fixed15_temporal46,0,20250618::index=3.21242,59,21.24286319,106.95180968139792
fixed15_temporal46,0,20250611::index=8.2.22E+05,0,221.5051102,133.14066740102587
fixed15_temporal46,0,20250611::index=8.2.22E+05,4,221.5051102,170.76801082924783
fixed15_temporal46,0,20250611::index=8.2.22E+05,6,221.5051102,111.18050631197859
fixed15_temporal46,0,20250611::index=8.2.22E+05,9,221.5051102,144.913026446139
fixed15_temporal46,0,20250611::index=8.2.22E+05,13,221.5051102,123.5700003521033
fixed15_temporal46,0,20250611::index=8.2.22E+05,15,221.5051102,132.7228546126753
fixed15_temporal46,0,20250611::index=8.2.22E+05,17,221.5051102,151.14571783634756
fixed15_temporal46,0,20250611::index=8.2.22E+05,22,221.5051102,118.27732887094271
fixed15_temporal46,0,20250611::index=8.2.22E+05,24,221.5051102,168.4144814531767
fixed15_temporal46,0,20250611::index=8.2.22E+05,28,221.5051102,114.66024163193306
fixed15_temporal46,0,20250611::index=8.2.22E+05,31,221.5051102,142.69669388378995
fixed15_temporal46,0,20250611::index=8.2.22E+05,39,221.5051102,171.29318139903054
fixed15_temporal46,0,20250611::index=8.2.22E+05,40,221.5051102,152.96169304827055
fixed15_temporal46,0,20250611::index=8.2.22E+05,50,221.5051102,32.55060559277753
fixed15_temporal46,0,20250611::index=8.2.22E+05,59,221.5051102,131.821036059047
fixed15_temporal46,0,20250618::index=8.225704,0,225.70496179999998,184.03438401127616
fixed15_temporal46,0,20250618::index=8.225704,4,225.70496179999998,269.4274936799629
fixed15_temporal46,0,20250618::index=8.225704,6,225.70496179999998,192.1842965477998
fixed15_temporal46,0,20250618::index=8.225704,9,225.70496179999998,193.36002117662508
fixed15_temporal46,0,20250618::index=8.225704,13,225.70496179999998,282.90970919190426
fixed15_temporal46,0,20250618::index=8.225704,15,225.70496179999998,200.26784894109807
fixed15_temporal46,0,20250618::index=8.225704,17,225.70496179999998,286.5900049355316
fixed15_temporal46,0,20250618::index=8.225704,22,225.70496179999998,200.14735196060397
fixed15_temporal46,0,20250618::index=8.225704,24,225.70496179999998,202.85792421767277
fixed15_temporal46,0,20250618::index=8.225704,28,225.70496179999998,204.7595129617328
fixed15_temporal46,0,20250618::index=8.225704,31,225.70496179999998,283.93593433351134
fixed15_temporal46,0,20250618::index=8.225704,39,225.70496179999998,289.7457894795893
fixed15_temporal46,0,20250618::index=8.225704,40,225.70496179999998,290.3473074751876
fixed15_temporal46,0,20250618::index=8.225704,50,225.70496179999998,284.09491007667236
fixed15_temporal46,0,20250618::index=8.225704,59,225.70496179999998,281.3296087069818
fixed15_temporal46,0,20250611::index=2.2.36E+03,0,2.35533535,3.6585629062195553
fixed15_temporal46,0,20250611::index=2.2.36E+03,2,2.35533535,17.541284839356234
fixed15_temporal46,0,20250611::index=2.2.36E+03,3,2.35533535,24.19311829551745
fixed15_temporal46,0,20250611::index=2.2.36E+03,14,2.35533535,25.223886193198364
fixed15_temporal46,0,20250611::index=2.2.36E+03,21,2.35533535,52.60589796807298
fixed15_temporal46,0,20250611::index=2.2.36E+03,23,2.35533535,13.271725890874759
fixed15_temporal46,0,20250611::index=2.2.36E+03,29,2.35533535,26.839523263202175
fixed15_temporal46,0,20250611::index=2.2.36E+03,36,2.35533535,15.122443289638504
fixed15_temporal46,0,20250611::index=2.2.36E+03,37,2.35533535,57.98493530187604
fixed15_temporal46,0,20250611::index=2.2.36E+03,44,2.35533535,16.46601456847595
fixed15_temporal46,0,20250611::index=2.2.36E+03,47,2.35533535,22.002175237073843
fixed15_temporal46,0,20250611::index=2.2.36E+03,48,2.35533535,13.60201125550832
fixed15_temporal46,0,20250611::index=2.2.36E+03,54,2.35533535,14.935239250956416
fixed15_temporal46,0,20250611::index=2.2.36E+03,55,2.35533535,29.933121776508855
fixed15_temporal46,0,20250611::index=2.2.36E+03,59,2.35533535,27.31941757498914
fixed15_temporal46,0,20250618::index=2.2380,0,2.380025286,129.5074426537057
fixed15_temporal46,0,20250618::index=2.2380,2,2.380025286,113.93295129707184
fixed15_temporal46,0,20250618::index=2.2380,3,2.380025286,108.27045350162132
fixed15_temporal46,0,20250618::index=2.2380,14,2.380025286,94.60345949188728
fixed15_temporal46,0,20250618::index=2.2380,21,2.380025286,101.78400851298795
fixed15_temporal46,0,20250618::index=2.2380,23,2.380025286,110.48921832093241
fixed15_temporal46,0,20250618::index=2.2380,29,2.380025286,108.48690031143363
fixed15_temporal46,0,20250618::index=2.2380,36,2.380025286,96.52071425271626
fixed15_temporal46,0,20250618::index=2.2380,37,2.380025286,116.80855266162051
fixed15_temporal46,0,20250618::index=2.2380,44,2.380025286,104.75606338906104
fixed15_temporal46,0,20250618::index=2.2380,47,2.380025286,121.16660180030712
fixed15_temporal46,0,20250618::index=2.2380,48,2.380025286,112.14760784351111
fixed15_temporal46,0,20250618::index=2.2380,54,2.380025286,162.25387865239088
fixed15_temporal46,0,20250618::index=2.2380,55,2.380025286,142.32635284792224
fixed15_temporal46,0,20250618::index=2.2380,59,2.380025286,110.66109061381792
fixed15_temporal46,0,20250611::index=9.2.67E+05,3,266.90769650000004,296.54787829686035
fixed15_temporal46,0,20250611::index=9.2.67E+05,6,266.90769650000004,283.9921815289215
fixed15_temporal46,0,20250611::index=9.2.67E+05,7,266.90769650000004,294.82772878206276
fixed15_temporal46,0,20250611::index=9.2.67E+05,15,266.90769650000004,253.43383119370165
fixed15_temporal46,0,20250611::index=9.2.67E+05,18,266.90769650000004,282.94512092340165
fixed15_temporal46,0,20250611::index=9.2.67E+05,21,266.90769650000004,265.36182069903634
fixed15_temporal46,0,20250611::index=9.2.67E+05,26,266.90769650000004,267.297494602054
fixed15_temporal46,0,20250611::index=9.2.67E+05,27,266.90769650000004,142.7308437969029
fixed15_temporal46,0,20250611::index=9.2.67E+05,29,266.90769650000004,289.08991114829456
fixed15_temporal46,0,20250611::index=9.2.67E+05,30,266.90769650000004,287.9311789717367
fixed15_temporal46,0,20250611::index=9.2.67E+05,31,266.90769650000004,276.4931608459066
fixed15_temporal46,0,20250611::index=9.2.67E+05,41,266.90769650000004,269.3586729084489
fixed15_temporal46,0,20250611::index=9.2.67E+05,45,266.90769650000004,68.77699217277548
fixed15_temporal46,0,20250611::index=9.2.67E+05,51,266.90769650000004,276.4931608459066
fixed15_temporal46,0,20250611::index=9.2.67E+05,53,266.90769650000004,293.22488704382215
fixed15_temporal46,0,20250618::index=9.271677,3,271.6776816,291.7403331721308
fixed15_temporal46,0,20250618::index=9.271677,6,271.6776816,276.9800956866636
fixed15_temporal46,0,20250618::index=9.271677,7,271.6776816,289.0010269033004
fixed15_temporal46,0,20250618::index=9.271677,15,271.6776816,289.17523933692286
fixed15_temporal46,0,20250618::index=9.271677,18,271.6776816,293.22341865657575
fixed15_temporal46,0,20250618::index=9.271677,21,271.6776816,297.62653004490477
fixed15_temporal46,0,20250618::index=9.271677,26,271.6776816,282.17471321256517
fixed15_temporal46,0,20250618::index=9.271677,27,271.6776816,246.4437461064723
fixed15_temporal46,0,20250618::index=9.271677,29,271.6776816,285.03754347638693
fixed15_temporal46,0,20250618::index=9.271677,30,271.6776816,287.3644827701656
fixed15_temporal46,0,20250618::index=9.271677,31,271.6776816,295.8072963644738
fixed15_temporal46,0,20250618::index=9.271677,41,271.6776816,276.17973993521167
fixed15_temporal46,0,20250618::index=9.271677,45,271.6776816,283.1081770949483
fixed15_temporal46,0,20250618::index=9.271677,51,271.6776816,201.1592543850417
fixed15_temporal46,0,20250618::index=9.271677,53,271.6776816,295.00623028622283
fixed15_temporal46,0,20250611::index=10.3.15E+05,2,315.4661173,283.14575799706006
fixed15_temporal46,0,20250611::index=10.3.15E+05,4,315.4661173,270.56460890619354
fixed15_temporal46,0,20250611::index=10.3.15E+05,10,315.4661173,322.66347193841375
fixed15_temporal46,0,20250611::index=10.3.15E+05,18,315.4661173,269.7564471433
fixed15_temporal46,0,20250611::index=10.3.15E+05,21,315.4661173,167.15027665062695
fixed15_temporal46,0,20250611::index=10.3.15E+05,27,315.4661173,307.65991627783495
fixed15_temporal46,0,20250611::index=10.3.15E+05,29,315.4661173,271.0370165105853
fixed15_temporal46,0,20250611::index=10.3.15E+05,31,315.4661173,314.58275341320916
fixed15_temporal46,0,20250611::index=10.3.15E+05,40,315.4661173,331.6431817478168
fixed15_temporal46,0,20250611::index=10.3.15E+05,45,315.4661173,361.7733973306777
fixed15_temporal46,0,20250611::index=10.3.15E+05,47,315.4661173,328.71601720848986
fixed15_temporal46,0,20250611::index=10.3.15E+05,48,315.4661173,299.37474325118046
fixed15_temporal46,0,20250611::index=10.3.15E+05,50,315.4661173,344.4311227003894
fixed15_temporal46,0,20250611::index=10.3.15E+05,53,315.4661173,284.73849849014255
fixed15_temporal46,0,20250611::index=10.3.15E+05,55,315.4661173,288.9423861954105
fixed15_temporal46,0,20250618::index=10.322114,2,322.1142428,286.3736100112713
fixed15_temporal46,0,20250618::index=10.322114,4,322.1142428,332.781722751161
fixed15_temporal46,0,20250618::index=10.322114,10,322.1142428,290.00896130054815
fixed15_temporal46,0,20250618::index=10.322114,18,322.1142428,325.20622767248983
fixed15_temporal46,0,20250618::index=10.322114,21,322.1142428,289.65673984491315
fixed15_temporal46,0,20250618::index=10.322114,27,322.1142428,291.72539306703936
fixed15_temporal46,0,20250618::index=10.322114,29,322.1142428,151.68934905349505
fixed15_temporal46,0,20250618::index=10.322114,31,322.1142428,286.4633346136196
fixed15_temporal46,0,20250618::index=10.322114,40,322.1142428,205.90014162816746
fixed15_temporal46,0,20250618::index=10.322114,45,322.1142428,284.0483091923182
fixed15_temporal46,0,20250618::index=10.322114,47,322.1142428,276.3131401565962
fixed15_temporal46,0,20250618::index=10.322114,48,322.1142428,298.040059809553
fixed15_temporal46,0,20250618::index=10.322114,50,322.1142428,198.6728690098071
fixed15_temporal46,0,20250618::index=10.322114,53,322.1142428,209.966193468525
fixed15_temporal46,0,20250618::index=10.322114,55,322.1142428,168.14380993882065
fixed15_temporal46,0,20250611::index=11.3.69E+05,1,368.97810499999997,373.74246520434923
fixed15_temporal46,0,20250611::index=11.3.69E+05,5,368.97810499999997,408.66246809964645
fixed15_temporal46,0,20250611::index=11.3.69E+05,15,368.97810499999997,373.46211757662167
fixed15_temporal46,0,20250611::index=11.3.69E+05,17,368.97810499999997,369.52900585731135
fixed15_temporal46,0,20250611::index=11.3.69E+05,20,368.97810499999997,383.05018935749234
fixed15_temporal46,0,20250611::index=11.3.69E+05,31,368.97810499999997,387.40484433520635
fixed15_temporal46,0,20250611::index=11.3.69E+05,37,368.97810499999997,394.2657360277663
fixed15_temporal46,0,20250611::index=11.3.69E+05,44,368.97810499999997,327.4445569781676
fixed15_temporal46,0,20250611::index=11.3.69E+05,45,368.97810499999997,372.7848447227957
fixed15_temporal46,0,20250611::index=11.3.69E+05,49,368.97810499999997,362.61536790616606
fixed15_temporal46,0,20250611::index=11.3.69E+05,50,368.97810499999997,328.46217882575263
fixed15_temporal46,0,20250611::index=11.3.69E+05,53,368.97810499999997,364.4230727773944
fixed15_temporal46,0,20250611::index=11.3.69E+05,54,368.97810499999997,367.6932285216292
fixed15_temporal46,0,20250611::index=11.3.69E+05,55,368.97810499999997,367.20282558679435
fixed15_temporal46,0,20250611::index=11.3.69E+05,58,368.97810499999997,344.4363422936386
fixed15_temporal46,0,20250618::index=11.376320,1,376.3201201,374.372794500796
fixed15_temporal46,0,20250618::index=11.376320,5,376.3201201,378.98333602357593
fixed15_temporal46,0,20250618::index=11.376320,15,376.3201201,336.58874265195584
fixed15_temporal46,0,20250618::index=11.376320,17,376.3201201,350.35057749069017
fixed15_temporal46,0,20250618::index=11.376320,20,376.3201201,376.6896215993648
fixed15_temporal46,0,20250618::index=11.376320,31,376.3201201,283.18980345452314
fixed15_temporal46,0,20250618::index=11.376320,37,376.3201201,334.90076373383846
fixed15_temporal46,0,20250618::index=11.376320,44,376.3201201,359.27458298280897
fixed15_temporal46,0,20250618::index=11.376320,45,376.3201201,376.3269387570352
fixed15_temporal46,0,20250618::index=11.376320,49,376.3201201,360.2372681792343
fixed15_temporal46,0,20250618::index=11.376320,50,376.3201201,332.31183786855377
fixed15_temporal46,0,20250618::index=11.376320,53,376.3201201,363.06483617412056
fixed15_temporal46,0,20250618::index=11.376320,54,376.3201201,345.5573590071778
fixed15_temporal46,0,20250618::index=11.376320,55,376.3201201,394.91799619782176
fixed15_temporal46,0,20250618::index=11.376320,58,376.3201201,365.6956500266964
fixed15_temporal46,0,20250611::index=12.4.27E+05,3,427.27619500000003,440.0653269166996
fixed15_temporal46,0,20250611::index=12.4.27E+05,9,427.27619500000003,433.5962169257352
fixed15_temporal46,0,20250611::index=12.4.27E+05,13,427.27619500000003,439.13979330096373
fixed15_temporal46,0,20250611::index=12.4.27E+05,15,427.27619500000003,467.5986417053526
fixed15_temporal46,0,20250611::index=12.4.27E+05,17,427.27619500000003,447.71626577666007
fixed15_temporal46,0,20250611::index=12.4.27E+05,22,427.27619500000003,479.3792313592294
fixed15_temporal46,0,20250611::index=12.4.27E+05,28,427.27619500000003,428.00270761954465
fixed15_temporal46,0,20250611::index=12.4.27E+05,30,427.27619500000003,429.82344311213717
fixed15_temporal46,0,20250611::index=12.4.27E+05,39,427.27619500000003,434.44968974659764
fixed15_temporal46,0,20250611::index=12.4.27E+05,42,427.27619500000003,462.60396827187196
fixed15_temporal46,0,20250611::index=12.4.27E+05,44,427.27619500000003,433.11097403207407
fixed15_temporal46,0,20250611::index=12.4.27E+05,46,427.27619500000003,485.4615982724701
fixed15_temporal46,0,20250611::index=12.4.27E+05,47,427.27619500000003,470.49425938398184
fixed15_temporal46,0,20250611::index=12.4.27E+05,54,427.27619500000003,424.55585075060935
fixed15_temporal46,0,20250611::index=12.4.27E+05,57,427.27619500000003,466.4747984723798
fixed15_temporal46,0,20250618::index=12.434018,3,434.0180833,380.4999980599887
fixed15_temporal46,0,20250618::index=12.434018,9,434.0180833,409.5875890923498
fixed15_temporal46,0,20250618::index=12.434018,13,434.0180833,486.99253997500216
fixed15_temporal46,0,20250618::index=12.434018,15,434.0180833,395.5161190604316
fixed15_temporal46,0,20250618::index=12.434018,17,434.0180833,392.25080428888265
fixed15_temporal46,0,20250618::index=12.434018,22,434.0180833,380.3914665392539
fixed15_temporal46,0,20250618::index=12.434018,28,434.0180833,403.87937802843106
fixed15_temporal46,0,20250618::index=12.434018,30,434.0180833,471.9742458171908
fixed15_temporal46,0,20250618::index=12.434018,39,434.0180833,381.88366420069366
fixed15_temporal46,0,20250618::index=12.434018,42,434.0180833,376.82241362340653
fixed15_temporal46,0,20250618::index=12.434018,44,434.0180833,374.8739320654091
fixed15_temporal46,0,20250618::index=12.434018,46,434.0180833,436.0066364383551
fixed15_temporal46,0,20250618::index=12.434018,47,434.0180833,438.2973693738237
fixed15_temporal46,0,20250618::index=12.434018,54,434.0180833,440.0788673199063
fixed15_temporal46,0,20250618::index=12.434018,57,434.0180833,428.40791622800947
fixed15_temporal46,0,20250611::index=13.4.89E+05,3,489.45399810000004,539.4757435735655
fixed15_temporal46,0,20250611::index=13.4.89E+05,7,489.45399810000004,484.9635696360104
fixed15_temporal46,0,20250611::index=13.4.89E+05,12,489.45399810000004,485.7039831797767
fixed15_temporal46,0,20250611::index=13.4.89E+05,13,489.45399810000004,462.1152282041319
fixed15_temporal46,0,20250611::index=13.4.89E+05,14,489.45399810000004,495.6384391698689
fixed15_temporal46,0,20250611::index=13.4.89E+05,20,489.45399810000004,500.2027398526746
fixed15_temporal46,0,20250611::index=13.4.89E+05,34,489.45399810000004,490.40688566630837
fixed15_temporal46,0,20250611::index=13.4.89E+05,39,489.45399810000004,488.71965593012055
fixed15_temporal46,0,20250611::index=13.4.89E+05,42,489.45399810000004,466.9189117955453
fixed15_temporal46,0,20250611::index=13.4.89E+05,44,489.45399810000004,490.1507491910855
fixed15_temporal46,0,20250611::index=13.4.89E+05,48,489.45399810000004,489.9996954221934
fixed15_temporal46,0,20250611::index=13.4.89E+05,51,489.45399810000004,488.99287102637066
fixed15_temporal46,0,20250611::index=13.4.89E+05,53,489.45399810000004,492.31674108434015
fixed15_temporal46,0,20250611::index=13.4.89E+05,54,489.45399810000004,495.82484643742487
fixed15_temporal46,0,20250611::index=13.4.89E+05,59,489.45399810000004,484.31017375704033
fixed15_temporal46,0,20250618::index=13.496023,3,496.0233525,493.7514748075267
fixed15_temporal46,0,20250618::index=13.496023,7,496.0233525,501.8721198067713
fixed15_temporal46,0,20250618::index=13.496023,12,496.0233525,458.53556155201454
fixed15_temporal46,0,20250618::index=13.496023,13,496.0233525,490.2956445176773
fixed15_temporal46,0,20250618::index=13.496023,14,496.0233525,499.528702252504
fixed15_temporal46,0,20250618::index=13.496023,20,496.0233525,497.0969977827932
fixed15_temporal46,0,20250618::index=13.496023,34,496.0233525,480.75758632748574
fixed15_temporal46,0,20250618::index=13.496023,39,496.0233525,471.02725307683954
fixed15_temporal46,0,20250618::index=13.496023,42,496.0233525,434.5352454445384
fixed15_temporal46,0,20250618::index=13.496023,44,496.0233525,497.0221739491047
fixed15_temporal46,0,20250618::index=13.496023,48,496.0233525,477.32786329788905
fixed15_temporal46,0,20250618::index=13.496023,51,496.0233525,480.04233757676985
fixed15_temporal46,0,20250618::index=13.496023,53,496.0233525,481.86882858215876
fixed15_temporal46,0,20250618::index=13.496023,54,496.0233525,506.29254877416565
fixed15_temporal46,0,20250618::index=13.496023,59,496.0233525,504.65500317491967
fixed15_temporal46,0,20250611::index=14.5.54E+05,8,554.1963218000001,575.0026285211968
fixed15_temporal46,0,20250611::index=14.5.54E+05,9,554.1963218000001,555.0114716191943
fixed15_temporal46,0,20250611::index=14.5.54E+05,10,554.1963218000001,544.0550169713895
fixed15_temporal46,0,20250611::index=14.5.54E+05,14,554.1963218000001,574.4022584100768
fixed15_temporal46,0,20250611::index=14.5.54E+05,29,554.1963218000001,545.9005070483372
fixed15_temporal46,0,20250611::index=14.5.54E+05,30,554.1963218000001,490.907802775076
fixed15_temporal46,0,20250611::index=14.5.54E+05,33,554.1963218000001,585.7891079104517
fixed15_temporal46,0,20250611::index=14.5.54E+05,36,554.1963218000001,560.4036420629463
fixed15_temporal46,0,20250611::index=14.5.54E+05,43,554.1963218000001,501.2329422541192
fixed15_temporal46,0,20250611::index=14.5.54E+05,48,554.1963218000001,541.568219725018
fixed15_temporal46,0,20250611::index=14.5.54E+05,50,554.1963218000001,541.6560167551295
fixed15_temporal46,0,20250611::index=14.5.54E+05,51,554.1963218000001,557.3126848164653
fixed15_temporal46,0,20250611::index=14.5.54E+05,54,554.1963218000001,559.0509389351478
fixed15_temporal46,0,20250611::index=14.5.54E+05,57,554.1963218000001,558.3392028003004
fixed15_temporal46,0,20250611::index=14.5.54E+05,58,554.1963218000001,541.4794423569577
fixed15_temporal46,0,20250618::index=14.562158,8,562.1587854,554.6433460975624
fixed15_temporal46,0,20250618::index=14.562158,9,562.1587854,579.6758098093844
fixed15_temporal46,0,20250618::index=14.562158,10,562.1587854,561.9214890113569
fixed15_temporal46,0,20250618::index=14.562158,14,562.1587854,578.3126748429463
fixed15_temporal46,0,20250618::index=14.562158,29,562.1587854,556.5433006000533
fixed15_temporal46,0,20250618::index=14.562158,30,562.1587854,564.5123858860125
fixed15_temporal46,0,20250618::index=14.562158,33,562.1587854,559.7712987854289
fixed15_temporal46,0,20250618::index=14.562158,36,562.1587854,578.202710521432
fixed15_temporal46,0,20250618::index=14.562158,43,562.1587854,569.3090156374371
fixed15_temporal46,0,20250618::index=14.562158,48,562.1587854,550.5277445978725
fixed15_temporal46,0,20250618::index=14.562158,50,562.1587854,567.3082236738377
fixed15_temporal46,0,20250618::index=14.562158,51,562.1587854,561.8988734889937
fixed15_temporal46,0,20250618::index=14.562158,54,562.1587854,545.8221022069487
fixed15_temporal46,0,20250618::index=14.562158,57,562.1587854,567.8791223086782
fixed15_temporal46,0,20250618::index=14.562158,58,562.1587854,571.7887670855571
fixed15_temporal46,0,20250611::index=4.5.76E+04,2,57.59331665,16.23747459369272
fixed15_temporal46,0,20250611::index=4.5.76E+04,3,57.59331665,31.22089945941339
fixed15_temporal46,0,20250611::index=4.5.76E+04,6,57.59331665,30.58373408419801
fixed15_temporal46,0,20250611::index=4.5.76E+04,11,57.59331665,29.769074201376075
fixed15_temporal46,0,20250611::index=4.5.76E+04,13,57.59331665,14.214558217478602
fixed15_temporal46,0,20250611::index=4.5.76E+04,15,57.59331665,31.692042949292585
fixed15_temporal46,0,20250611::index=4.5.76E+04,18,57.59331665,34.60472663089743
fixed15_temporal46,0,20250611::index=4.5.76E+04,33,57.59331665,19.98353063172508
fixed15_temporal46,0,20250611::index=4.5.76E+04,38,57.59331665,18.090260179643685
fixed15_temporal46,0,20250611::index=4.5.76E+04,41,57.59331665,25.856596570560335
fixed15_temporal46,0,20250611::index=4.5.76E+04,42,57.59331665,25.158842430753754
fixed15_temporal46,0,20250611::index=4.5.76E+04,44,57.59331665,13.991705976830842
fixed15_temporal46,0,20250611::index=4.5.76E+04,46,57.59331665,28.095128061577288
fixed15_temporal46,0,20250611::index=4.5.76E+04,54,57.59331665,27.633440009066767
fixed15_temporal46,0,20250611::index=4.5.76E+04,55,57.59331665,40.8130191857392
fixed15_temporal46,0,20250618::index=4.58389,2,58.38985471,134.40550587871877
fixed15_temporal46,0,20250618::index=4.58389,3,58.38985471,159.29130538177108
fixed15_temporal46,0,20250618::index=4.58389,6,58.38985471,126.57160689622384
fixed15_temporal46,0,20250618::index=4.58389,11,58.38985471,112.34236794546122
fixed15_temporal46,0,20250618::index=4.58389,13,58.38985471,109.4383729851606
fixed15_temporal46,0,20250618::index=4.58389,15,58.38985471,109.7429939245877
fixed15_temporal46,0,20250618::index=4.58389,18,58.38985471,123.8169547881098
fixed15_temporal46,0,20250618::index=4.58389,33,58.38985471,82.36450762676024
fixed15_temporal46,0,20250618::index=4.58389,38,58.38985471,136.21029833235897
fixed15_temporal46,0,20250618::index=4.58389,41,58.38985471,116.79503115977705
fixed15_temporal46,0,20250618::index=4.58389,42,58.38985471,104.57142414923035
fixed15_temporal46,0,20250618::index=4.58389,44,58.38985471,124.21895759050919
fixed15_temporal46,0,20250618::index=4.58389,46,58.38985471,110.49588698275504
fixed15_temporal46,0,20250618::index=4.58389,54,58.38985471,95.1262230390253
fixed15_temporal46,0,20250618::index=4.58389,55,58.38985471,104.920792539897
fixed15_temporal46,0,20250611::index=15.6.24E+05,3,624.4425514,647.7748056681456
fixed15_temporal46,0,20250611::index=15.6.24E+05,4,624.4425514,616.5027958005212
fixed15_temporal46,0,20250611::index=15.6.24E+05,11,624.4425514,645.2098358285959
fixed15_temporal46,0,20250611::index=15.6.24E+05,13,624.4425514,574.7769263334596
fixed15_temporal46,0,20250611::index=15.6.24E+05,14,624.4425514,611.0465864908784
fixed15_temporal46,0,20250611::index=15.6.24E+05,18,624.4425514,613.3030314213725
fixed15_temporal46,0,20250611::index=15.6.24E+05,19,624.4425514,614.6966150074992
fixed15_temporal46,0,20250611::index=15.6.24E+05,27,624.4425514,613.8530754541266
fixed15_temporal46,0,20250611::index=15.6.24E+05,39,624.4425514,627.8690209126542
fixed15_temporal46,0,20250611::index=15.6.24E+05,43,624.4425514,645.8838802746055
fixed15_temporal46,0,20250611::index=15.6.24E+05,46,624.4425514,605.516766689539
fixed15_temporal46,0,20250611::index=15.6.24E+05,51,624.4425514,626.7436938433017
fixed15_temporal46,0,20250611::index=15.6.24E+05,55,624.4425514,623.2878900177406
fixed15_temporal46,0,20250611::index=15.6.24E+05,57,624.4425514,611.9655450558389
fixed15_temporal46,0,20250611::index=15.6.24E+05,58,624.4425514,622.5511942383775
fixed15_temporal46,0,20250618::index=15.633482,3,633.482536,658.2680342130485
fixed15_temporal46,0,20250618::index=15.633482,4,633.482536,635.4715676940064
fixed15_temporal46,0,20250618::index=15.633482,11,633.482536,635.5184918808086
fixed15_temporal46,0,20250618::index=15.633482,13,633.482536,621.8793859633575
fixed15_temporal46,0,20250618::index=15.633482,14,633.482536,649.6687217647415
fixed15_temporal46,0,20250618::index=15.633482,18,633.482536,601.9261435580903
fixed15_temporal46,0,20250618::index=15.633482,19,633.482536,635.6933110514049
fixed15_temporal46,0,20250618::index=15.633482,27,633.482536,610.0484607372412
fixed15_temporal46,0,20250618::index=15.633482,39,633.482536,605.2299097164657
fixed15_temporal46,0,20250618::index=15.633482,43,633.482536,673.7036080129876
fixed15_temporal46,0,20250618::index=15.633482,46,633.482536,646.9050778400959
fixed15_temporal46,0,20250618::index=15.633482,51,633.482536,698.9736894596048
fixed15_temporal46,0,20250618::index=15.633482,55,633.482536,606.1991614148283
fixed15_temporal46,0,20250618::index=15.633482,57,633.482536,653.820646061218
fixed15_temporal46,0,20250618::index=15.633482,58,633.482536,646.1328178043577
fixed15_temporal46,0,20250611::index=16.6.98E+05,2,698.421296,690.9102908154741
fixed15_temporal46,0,20250611::index=16.6.98E+05,6,698.421296,704.6445828161912
fixed15_temporal46,0,20250611::index=16.6.98E+05,9,698.421296,658.4291391058614
fixed15_temporal46,0,20250611::index=16.6.98E+05,10,698.421296,662.6525528656298
fixed15_temporal46,0,20250611::index=16.6.98E+05,13,698.421296,697.4656276390733
fixed15_temporal46,0,20250611::index=16.6.98E+05,17,698.421296,688.9131535993334
fixed15_temporal46,0,20250611::index=16.6.98E+05,35,698.421296,691.3131152267317
fixed15_temporal46,0,20250611::index=16.6.98E+05,37,698.421296,689.1558020063762
fixed15_temporal46,0,20250611::index=16.6.98E+05,39,698.421296,688.1462191840697
fixed15_temporal46,0,20250611::index=16.6.98E+05,40,698.421296,706.9622950962226
fixed15_temporal46,0,20250611::index=16.6.98E+05,46,698.421296,738.260327460563
fixed15_temporal46,0,20250611::index=16.6.98E+05,47,698.421296,710.5310910765658
fixed15_temporal46,0,20250611::index=16.6.98E+05,52,698.421296,749.4070334526938
fixed15_temporal46,0,20250611::index=16.6.98E+05,55,698.421296,687.4967967162871
fixed15_temporal46,0,20250611::index=16.6.98E+05,57,698.421296,694.0166397638002
fixed15_temporal46,0,20250618::index=16.709792,2,709.7927143,711.3585828084797
fixed15_temporal46,0,20250618::index=16.709792,6,709.7927143,736.8232029284216
fixed15_temporal46,0,20250618::index=16.709792,9,709.7927143,710.0424728985158
fixed15_temporal46,0,20250618::index=16.709792,10,709.7927143,745.7989842734116
fixed15_temporal46,0,20250618::index=16.709792,13,709.7927143,714.4099500650601
fixed15_temporal46,0,20250618::index=16.709792,17,709.7927143,742.8711388076293
fixed15_temporal46,0,20250618::index=16.709792,35,709.7927143,701.7094512379774
fixed15_temporal46,0,20250618::index=16.709792,37,709.7927143,715.1344914625193
fixed15_temporal46,0,20250618::index=16.709792,39,709.7927143,710.2963427551892
fixed15_temporal46,0,20250618::index=16.709792,40,709.7927143,729.371760782072
fixed15_temporal46,0,20250618::index=16.709792,46,709.7927143,771.4138338058104
fixed15_temporal46,0,20250618::index=16.709792,47,709.7927143,729.5535726835615
fixed15_temporal46,0,20250618::index=16.709792,52,709.7927143,703.7771080353195
fixed15_temporal46,0,20250618::index=16.709792,55,709.7927143,699.7449493145883
fixed15_temporal46,0,20250618::index=16.709792,57,709.7927143,674.6792632028707
fixed15_temporal46,0,20250611::index=17.7.77E+05,5,776.6472223000001,761.3382402675278
fixed15_temporal46,0,20250611::index=17.7.77E+05,6,776.6472223000001,766.7180061085743
fixed15_temporal46,0,20250611::index=17.7.77E+05,7,776.6472223000001,753.4082232500565
fixed15_temporal46,0,20250611::index=17.7.77E+05,8,776.6472223000001,754.9637006505743
fixed15_temporal46,0,20250611::index=17.7.77E+05,10,776.6472223000001,745.6295623614246
fixed15_temporal46,0,20250611::index=17.7.77E+05,14,776.6472223000001,769.2922879534294
fixed15_temporal46,0,20250611::index=17.7.77E+05,19,776.6472223000001,814.0784641176771
fixed15_temporal46,0,20250611::index=17.7.77E+05,24,776.6472223000001,772.5987469821864
fixed15_temporal46,0,20250611::index=17.7.77E+05,26,776.6472223000001,744.5666424230757
fixed15_temporal46,0,20250611::index=17.7.77E+05,31,776.6472223000001,748.0401799481892
fixed15_temporal46,0,20250611::index=17.7.77E+05,41,776.6472223000001,786.6962821908819
fixed15_temporal46,0,20250611::index=17.7.77E+05,52,776.6472223000001,809.2542556002209
fixed15_temporal46,0,20250611::index=17.7.77E+05,53,776.6472223000001,817.6860502393888
fixed15_temporal46,0,20250611::index=17.7.77E+05,54,776.6472223000001,772.555895520351
fixed15_temporal46,0,20250611::index=17.7.77E+05,55,776.6472223000001,731.1971451124334
fixed15_temporal46,0,20250618::index=17.789500,5,789.5001968,772.6793133338739
fixed15_temporal46,0,20250618::index=17.789500,6,789.5001968,837.1391464428901
fixed15_temporal46,0,20250618::index=17.789500,7,789.5001968,712.428565152528
fixed15_temporal46,0,20250618::index=17.789500,8,789.5001968,725.596704889559
fixed15_temporal46,0,20250618::index=17.789500,10,789.5001968,747.756485618058
fixed15_temporal46,0,20250618::index=17.789500,14,789.5001968,828.6720264738584
fixed15_temporal46,0,20250618::index=17.789500,19,789.5001968,826.6304921569972
fixed15_temporal46,0,20250618::index=17.789500,24,789.5001968,750.8628492522222
fixed15_temporal46,0,20250618::index=17.789500,26,789.5001968,842.4925858284034
fixed15_temporal46,0,20250618::index=17.789500,31,789.5001968,796.4273919869928
fixed15_temporal46,0,20250618::index=17.789500,41,789.5001968,764.6561614205799
fixed15_temporal46,0,20250618::index=17.789500,52,789.5001968,759.6867467606112
fixed15_temporal46,0,20250618::index=17.789500,53,789.5001968,749.4087500599603
fixed15_temporal46,0,20250618::index=17.789500,54,789.5001968,806.9062390003678
fixed15_temporal46,0,20250618::index=17.789500,55,789.5001968,793.3788752552688
fixed15_temporal46,0,20250611::index=18.8.59E+05,0,859.3439142,865.8895974165491
fixed15_temporal46,0,20250611::index=18.8.59E+05,5,859.3439142,843.2630119119045
fixed15_temporal46,0,20250611::index=18.8.59E+05,14,859.3439142,858.7370462274924
fixed15_temporal46,0,20250611::index=18.8.59E+05,18,859.3439142,839.1465105271827
fixed15_temporal46,0,20250611::index=18.8.59E+05,19,859.3439142,866.5860656984368
fixed15_temporal46,0,20250611::index=18.8.59E+05,21,859.3439142,868.2200499875486
fixed15_temporal46,0,20250611::index=18.8.59E+05,26,859.3439142,871.6005749312264
fixed15_temporal46,0,20250611::index=18.8.59E+05,27,859.3439142,854.6058958668921
fixed15_temporal46,0,20250611::index=18.8.59E+05,32,859.3439142,858.0405961994949
fixed15_temporal46,0,20250611::index=18.8.59E+05,36,859.3439142,858.7082592772238
fixed15_temporal46,0,20250611::index=18.8.59E+05,43,859.3439142,784.3993904776702
fixed15_temporal46,0,20250611::index=18.8.59E+05,53,859.3439142,864.1222969622695
fixed15_temporal46,0,20250611::index=18.8.59E+05,54,859.3439142,838.0016943969666
fixed15_temporal46,0,20250611::index=18.8.59E+05,56,859.3439142,865.2307730626335
fixed15_temporal46,0,20250611::index=18.8.59E+05,57,859.3439142,857.7627718484152
fixed15_temporal46,0,20250618::index=18.873637,0,873.6370359,870.1911575301924
fixed15_temporal46,0,20250618::index=18.873637,5,873.6370359,867.628922801591
fixed15_temporal46,0,20250618::index=18.873637,14,873.6370359,872.9715696485952
fixed15_temporal46,0,20250618::index=18.873637,18,873.6370359,856.1908977190473
fixed15_temporal46,0,20250618::index=18.873637,19,873.6370359,854.0738180813524
fixed15_temporal46,0,20250618::index=18.873637,21,873.6370359,853.5181315584517
fixed15_temporal46,0,20250618::index=18.873637,26,873.6370359,873.1600726555473
fixed15_temporal46,0,20250618::index=18.873637,27,873.6370359,834.8864761870396
fixed15_temporal46,0,20250618::index=18.873637,32,873.6370359,868.3455527667222
fixed15_temporal46,0,20250618::index=18.873637,36,873.6370359,841.40916646431
fixed15_temporal46,0,20250618::index=18.873637,43,873.6370359,867.6826133886972
fixed15_temporal46,0,20250618::index=18.873637,53,873.6370359,868.6162556528135
fixed15_temporal46,0,20250618::index=18.873637,54,873.6370359,863.4623712192413
fixed15_temporal46,0,20250618::index=18.873637,56,873.6370359,844.810986532764
fixed15_temporal46,0,20250618::index=18.873637,57,873.6370359,855.5269632190514
fixed15_band10,-4,20250618::index=1.0,0,-1.42e-09,223.76123335245322
fixed15_band10,-4,20250618::index=1.0,3,-1.42e-09,200.29417439806758
fixed15_band10,-4,20250618::index=1.0,5,-1.42e-09,240.41159007104213
fixed15_band10,-4,20250618::index=1.0,12,-1.42e-09,245.78893055537998
fixed15_band10,-4,20250618::index=1.0,13,-1.42e-09,207.8491089102545
fixed15_band10,-4,20250618::index=1.0,31,-1.42e-09,237.44366871283984
fixed15_band10,-4,20250618::index=1.0,33,-1.42e-09,259.93716420207227
fixed15_band10,-4,20250618::index=1.0,36,-1.42e-09,249.06743843350912
fixed15_band10,-4,20250618::index=1.0,45,-1.42e-09,243.94559831433443
fixed15_band10,-4,20250618::index=1.0,46,-1.42e-09,247.68373509580255
fixed15_band10,-4,20250618::index=1.0,48,-1.42e-09,245.78893055537998
fixed15_band10,-4,20250618::index=1.0,50,-1.42e-09,253.47443122556012
fixed15_band10,-4,20250618::index=1.0,52,-1.42e-09,243.50818392502492
fixed15_band10,-4,20250618::index=1.0,54,-1.42e-09,253.47443122556012
fixed15_band10,-4,20250618::index=1.0,57,-1.42e-09,253.65596214044356
fixed15_band10,-4,20250611::index=1.3.28E-04,0,3.28047e-07,195.5384030254857
fixed15_band10,-4,20250611::index=1.3.28E-04,3,3.28047e-07,226.6526264297693
fixed15_band10,-4,20250611::index=1.3.28E-04,5,3.28047e-07,245.49114941906961
fixed15_band10,-4,20250611::index=1.3.28E-04,12,3.28047e-07,97.17299999665353
fixed15_band10,-4,20250611::index=1.3.28E-04,13,3.28047e-07,110.92285544890944
fixed15_band10,-4,20250611::index=1.3.28E-04,31,3.28047e-07,223.2525900119628
fixed15_band10,-4,20250611::index=1.3.28E-04,33,3.28047e-07,86.84848122746584
fixed15_band10,-4,20250611::index=1.3.28E-04,36,3.28047e-07,148.16624927799307
fixed15_band10,-4,20250611::index=1.3.28E-04,45,3.28047e-07,167.51847607816322
fixed15_band10,-4,20250611::index=1.3.28E-04,46,3.28047e-07,196.30248170827082
fixed15_band10,-4,20250611::index=1.3.28E-04,48,3.28047e-07,167.23105110601543
fixed15_band10,-4,20250611::index=1.3.28E-04,50,3.28047e-07,116.24980991396383
fixed15_band10,-4,20250611::index=1.3.28E-04,52,3.28047e-07,151.04242319503882
fixed15_band10,-4,20250611::index=1.3.28E-04,54,3.28047e-07,57.56688606719584
fixed15_band10,-4,20250611::index=1.3.28E-04,57,3.28047e-07,128.2645451233152
fixed15_band10,-4,20250611::index=5.1.11E+05,17,111.2647017,78.72027058879837
fixed15_band10,-4,20250611::index=5.1.11E+05,19,111.2647017,49.59777252673124
fixed15_band10,-4,20250611::index=5.1.11E+05,21,111.2647017,82.51941674073119
fixed15_band10,-4,20250611::index=5.1.11E+05,23,111.2647017,98.25653743438117
fixed15_band10,-4,20250611::index=5.1.11E+05,28,111.2647017,42.74393134218739
fixed15_band10,-4,20250611::index=5.1.11E+05,34,111.2647017,89.05474827293938
fixed15_band10,-4,20250611::index=5.1.11E+05,35,111.2647017,194.48439394996572
fixed15_band10,-4,20250611::index=5.1.11E+05,41,111.2647017,78.72027058879837
fixed15_band10,-4,20250611::index=5.1.11E+05,46,111.2647017,72.08035844848128
fixed15_band10,-4,20250611::index=5.1.11E+05,47,111.2647017,94.22925877428078
fixed15_band10,-4,20250611::index=5.1.11E+05,48,111.2647017,48.970166971143286
fixed15_band10,-4,20250611::index=5.1.11E+05,51,111.2647017,58.50975444961781
fixed15_band10,-4,20250611::index=5.1.11E+05,55,111.2647017,57.56688606719584
fixed15_band10,-4,20250611::index=5.1.11E+05,56,111.2647017,60.544051348445116
fixed15_band10,-4,20250611::index=5.1.11E+05,58,111.2647017,64.01201234871472
fixed15_band10,-4,20250618::index=5.113188,17,113.1882901,188.52511552668255
fixed15_band10,-4,20250618::index=5.113188,19,113.1882901,75.97712152577877
fixed15_band10,-4,20250618::index=5.113188,21,113.1882901,73.92664797121401
fixed15_band10,-4,20250618::index=5.113188,23,113.1882901,44.7287922959504
fixed15_band10,-4,20250618::index=5.113188,28,113.1882901,91.48447757956525
fixed15_band10,-4,20250618::index=5.113188,34,113.1882901,54.621424190588165
fixed15_band10,-4,20250618::index=5.113188,35,113.1882901,64.5271260041894
fixed15_band10,-4,20250618::index=5.113188,41,113.1882901,91.26844663353394
fixed15_band10,-4,20250618::index=5.113188,46,113.1882901,70.81416206672179
fixed15_band10,-4,20250618::index=5.113188,47,113.1882901,70.50766547807692
fixed15_band10,-4,20250618::index=5.113188,48,113.1882901,41.53340282791783
fixed15_band10,-4,20250618::index=5.113188,51,113.1882901,71.93836660808472
fixed15_band10,-4,20250618::index=5.113188,55,113.1882901,73.71210695166566
fixed15_band10,-4,20250618::index=5.113188,56,113.1882901,83.87184166538452
fixed15_band10,-4,20250618::index=5.113188,58,113.1882901,96.48188681224035
fixed15_band10,-4,20250611::index=6.1.44E+05,6,144.32426180000002,49.551151858108454
fixed15_band10,-4,20250611::index=6.1.44E+05,11,144.32426180000002,97.40128837942734
fixed15_band10,-4,20250611::index=6.1.44E+05,13,144.32426180000002,50.87986096427284
fixed15_band10,-4,20250611::index=6.1.44E+05,26,144.32426180000002,146.4466627725508
fixed15_band10,-4,20250611::index=6.1.44E+05,31,144.32426180000002,73.32903235157414
fixed15_band10,-4,20250611::index=6.1.44E+05,34,144.32426180000002,105.81819167753227
fixed15_band10,-4,20250611::index=6.1.44E+05,35,144.32426180000002,175.51595451971318
fixed15_band10,-4,20250611::index=6.1.44E+05,36,144.32426180000002,33.4592720525412
fixed15_band10,-4,20250611::index=6.1.44E+05,38,144.32426180000002,128.0480569621825
fixed15_band10,-4,20250611::index=6.1.44E+05,40,144.32426180000002,114.67465958779313
fixed15_band10,-4,20250611::index=6.1.44E+05,46,144.32426180000002,72.1193807170073
fixed15_band10,-4,20250611::index=6.1.44E+05,47,144.32426180000002,83.78834182129002
fixed15_band10,-4,20250611::index=6.1.44E+05,56,144.32426180000002,99.43339552124131
fixed15_band10,-4,20250611::index=6.1.44E+05,58,144.32426180000002,138.91027590699727
fixed15_band10,-4,20250611::index=6.1.44E+05,59,144.32426180000002,81.21559417888491
fixed15_band10,-4,20250618::index=6.146381,6,146.38165049999998,91.03138741651873
fixed15_band10,-4,20250618::index=6.146381,11,146.38165049999998,69.96137803575611
fixed15_band10,-4,20250618::index=6.146381,13,146.38165049999998,116.45060413838465
fixed15_band10,-4,20250618::index=6.146381,26,146.38165049999998,75.76723375394667
fixed15_band10,-4,20250618::index=6.146381,31,146.38165049999998,65.86234501165772
fixed15_band10,-4,20250618::index=6.146381,34,146.38165049999998,100.37052109430464
fixed15_band10,-4,20250618::index=6.146381,35,146.38165049999998,183.0729881138749
fixed15_band10,-4,20250618::index=6.146381,36,146.38165049999998,107.13063286632928
fixed15_band10,-4,20250618::index=6.146381,38,146.38165049999998,96.2537681344802
fixed15_band10,-4,20250618::index=6.146381,40,146.38165049999998,102.86149195642126
fixed15_band10,-4,20250618::index=6.146381,46,146.38165049999998,102.48229842706162
fixed15_band10,-4,20250618::index=6.146381,47,146.38165049999998,72.90868554951088
fixed15_band10,-4,20250618::index=6.146381,56,146.38165049999998,122.3280089813299
fixed15_band10,-4,20250618::index=6.146381,58,146.38165049999998,140.49397789198662
fixed15_band10,-4,20250618::index=6.146381,59,146.38165049999998,141.5649279499277
fixed15_band10,-4,20250611::index=7.1.81E+05,4,181.378003,128.52159929419852
fixed15_band10,-4,20250611::index=7.1.81E+05,5,181.378003,49.610935883714
fixed15_band10,-4,20250611::index=7.1.81E+05,10,181.378003,60.24143770386453
fixed15_band10,-4,20250611::index=7.1.81E+05,15,181.378003,74.7636355723533
fixed15_band10,-4,20250611::index=7.1.81E+05,18,181.378003,73.43492646618893
fixed15_band10,-4,20250611::index=7.1.81E+05,20,181.378003,195.94297903001953
fixed15_band10,-4,20250611::index=7.1.81E+05,26,181.378003,213.26847499858462
fixed15_band10,-4,20250611::index=7.1.81E+05,28,181.378003,122.26544952413691
fixed15_band10,-4,20250611::index=7.1.81E+05,33,181.378003,76.8819415137002
fixed15_band10,-4,20250611::index=7.1.81E+05,37,181.378003,94.74972381746792
fixed15_band10,-4,20250611::index=7.1.81E+05,41,181.378003,78.72027058879837
fixed15_band10,-4,20250611::index=7.1.81E+05,44,181.378003,55.724866327125795
fixed15_band10,-4,20250611::index=7.1.81E+05,56,181.378003,92.82614938672933
fixed15_band10,-4,20250611::index=7.1.81E+05,57,181.378003,105.61570191638866
fixed15_band10,-4,20250611::index=7.1.81E+05,58,181.378003,87.12269467960071
fixed15_band10,-4,20250618::index=7.184190,4,184.1909699,130.86935667418743
fixed15_band10,-4,20250618::index=7.184190,5,184.1909699,128.8972952562227
fixed15_band10,-4,20250618::index=7.184190,10,184.1909699,130.82907499078325
fixed15_band10,-4,20250618::index=7.184190,15,184.1909699,140.23412820878974
fixed15_band10,-4,20250618::index=7.184190,18,184.1909699,147.24022597568188
fixed15_band10,-4,20250618::index=7.184190,20,184.1909699,126.1879761073392
fixed15_band10,-4,20250618::index=7.184190,26,184.1909699,127.95400312408024
fixed15_band10,-4,20250618::index=7.184190,28,184.1909699,157.63419445243954
fixed15_band10,-4,20250618::index=7.184190,33,184.1909699,267.0838916701517
fixed15_band10,-4,20250618::index=7.184190,37,184.1909699,210.83856846915631
fixed15_band10,-4,20250618::index=7.184190,41,184.1909699,222.29728709118126
fixed15_band10,-4,20250618::index=7.184190,44,184.1909699,219.3057175065238
fixed15_band10,-4,20250618::index=7.184190,56,184.1909699,174.64327015385072
fixed15_band10,-4,20250618::index=7.184190,57,184.1909699,225.73005089016556
fixed15_band10,-4,20250618::index=7.184190,58,184.1909699,176.03655522103477
fixed15_band10,-4,20250611::index=3.2.10E+04,1,20.97971604,89.60658242732545
fixed15_band10,-4,20250611::index=3.2.10E+04,6,20.97971604,128.16623298401123
fixed15_band10,-4,20250611::index=3.2.10E+04,11,20.97971604,166.87505327425004
fixed15_band10,-4,20250611::index=3.2.10E+04,22,20.97971604,102.68779996730089
fixed15_band10,-4,20250611::index=3.2.10E+04,28,20.97971604,51.19045490430966
fixed15_band10,-4,20250611::index=3.2.10E+04,33,20.97971604,47.80443143582698
fixed15_band10,-4,20250611::index=3.2.10E+04,34,20.97971604,89.66772604244206
fixed15_band10,-4,20250611::index=3.2.10E+04,36,20.97971604,29.4391667036966
fixed15_band10,-4,20250611::index=3.2.10E+04,41,20.97971604,50.86669760729007
fixed15_band10,-4,20250611::index=3.2.10E+04,42,20.97971604,36.04374288228165
fixed15_band10,-4,20250611::index=3.2.10E+04,52,20.97971604,49.157916601224755
fixed15_band10,-4,20250611::index=3.2.10E+04,54,20.97971604,64.21443445325922
fixed15_band10,-4,20250611::index=3.2.10E+04,56,20.97971604,48.32935967004424
fixed15_band10,-4,20250611::index=3.2.10E+04,57,20.97971604,48.970166971143286
fixed15_band10,-4,20250611::index=3.2.10E+04,59,20.97971604,50.74031573698702
fixed15_band10,-4,20250618::index=3.21242,1,21.24286319,234.83293171274863
fixed15_band10,-4,20250618::index=3.21242,6,21.24286319,171.1548504793045
fixed15_band10,-4,20250618::index=3.21242,11,21.24286319,181.66890577748
fixed15_band10,-4,20250618::index=3.21242,22,21.24286319,219.78663357972
fixed15_band10,-4,20250618::index=3.21242,28,21.24286319,158.08559837385138
fixed15_band10,-4,20250618::index=3.21242,33,21.24286319,225.44932364346602
fixed15_band10,-4,20250618::index=3.21242,34,21.24286319,162.44421547157364
fixed15_band10,-4,20250618::index=3.21242,36,21.24286319,191.7407120843123
fixed15_band10,-4,20250618::index=3.21242,41,21.24286319,231.14974083017026
fixed15_band10,-4,20250618::index=3.21242,42,21.24286319,191.26695947204323
fixed15_band10,-4,20250618::index=3.21242,52,21.24286319,203.07322961716983
fixed15_band10,-4,20250618::index=3.21242,54,21.24286319,228.089504117481
fixed15_band10,-4,20250618::index=3.21242,56,21.24286319,198.22630333349113
fixed15_band10,-4,20250618::index=3.21242,57,21.24286319,180.9418058879809
fixed15_band10,-4,20250618::index=3.21242,59,21.24286319,162.57802312362995
fixed15_band10,-4,20250611::index=8.2.22E+05,0,221.5051102,207.18436882858356
fixed15_band10,-4,20250611::index=8.2.22E+05,4,221.5051102,135.5521932831876
fixed15_band10,-4,20250611::index=8.2.22E+05,6,221.5051102,119.25439256388324
fixed15_band10,-4,20250611::index=8.2.22E+05,9,221.5051102,221.57357785737872
fixed15_band10,-4,20250611::index=8.2.22E+05,13,221.5051102,108.81674665129981
fixed15_band10,-4,20250611::index=8.2.22E+05,15,221.5051102,168.32479517344024
fixed15_band10,-4,20250611::index=8.2.22E+05,17,221.5051102,167.28926699138776
fixed15_band10,-4,20250611::index=8.2.22E+05,22,221.5051102,169.72442514067524
fixed15_band10,-4,20250611::index=8.2.22E+05,24,221.5051102,159.18033538863216
fixed15_band10,-4,20250611::index=8.2.22E+05,28,221.5051102,100.88189737075874
fixed15_band10,-4,20250611::index=8.2.22E+05,31,221.5051102,177.2603262205225
fixed15_band10,-4,20250611::index=8.2.22E+05,39,221.5051102,144.2206878026773
fixed15_band10,-4,20250611::index=8.2.22E+05,40,221.5051102,141.34852148150654
fixed15_band10,-4,20250611::index=8.2.22E+05,50,221.5051102,148.55880753093774
fixed15_band10,-4,20250611::index=8.2.22E+05,59,221.5051102,151.51655997348698
fixed15_band10,-4,20250618::index=8.225704,0,225.70496179999998,217.66477912748707
fixed15_band10,-4,20250618::index=8.225704,4,225.70496179999998,271.25725742763876
fixed15_band10,-4,20250618::index=8.225704,6,225.70496179999998,236.77830854368435
fixed15_band10,-4,20250618::index=8.225704,9,225.70496179999998,221.3879331743821
fixed15_band10,-4,20250618::index=8.225704,13,225.70496179999998,270.93050120391166
fixed15_band10,-4,20250618::index=8.225704,15,225.70496179999998,236.88137443069581
fixed15_band10,-4,20250618::index=8.225704,17,225.70496179999998,230.11944715727654
fixed15_band10,-4,20250618::index=8.225704,22,225.70496179999998,224.08239526060197
fixed15_band10,-4,20250618::index=8.225704,24,225.70496179999998,230.11944715727654
fixed15_band10,-4,20250618::index=8.225704,28,225.70496179999998,239.43232378515336
fixed15_band10,-4,20250618::index=8.225704,31,225.70496179999998,231.06618456291156
fixed15_band10,-4,20250618::index=8.225704,39,225.70496179999998,272.8447250873114
fixed15_band10,-4,20250618::index=8.225704,40,225.70496179999998,269.34520290083765
fixed15_band10,-4,20250618::index=8.225704,50,225.70496179999998,277.95395867973303
fixed15_band10,-4,20250618::index=8.225704,59,225.70496179999998,264.1717396978282
fixed15_band10,-4,20250611::index=2.2.36E+03,0,2.35533535,75.65940371961476
fixed15_band10,-4,20250611::index=2.2.36E+03,2,2.35533535,93.87569785844624
fixed15_band10,-4,20250611::index=2.2.36E+03,3,2.35533535,78.72027058879837
fixed15_band10,-4,20250611::index=2.2.36E+03,14,2.35533535,176.63928688510654
fixed15_band10,-4,20250611::index=2.2.36E+03,21,2.35533535,119.2443493589842
fixed15_band10,-4,20250611::index=2.2.36E+03,23,2.35533535,75.52754823289473
fixed15_band10,-4,20250611::index=2.2.36E+03,29,2.35533535,102.34872778787977
fixed15_band10,-4,20250611::index=2.2.36E+03,36,2.35533535,33.79326359899553
fixed15_band10,-4,20250611::index=2.2.36E+03,37,2.35533535,73.05457880205688
fixed15_band10,-4,20250611::index=2.2.36E+03,44,2.35533535,51.04804041017556
fixed15_band10,-4,20250611::index=2.2.36E+03,47,2.35533535,102.85319123461694
fixed15_band10,-4,20250611::index=2.2.36E+03,48,2.35533535,90.48083198511567
fixed15_band10,-4,20250611::index=2.2.36E+03,54,2.35533535,58.757982094868524
fixed15_band10,-4,20250611::index=2.2.36E+03,55,2.35533535,75.31492852939611
fixed15_band10,-4,20250611::index=2.2.36E+03,59,2.35533535,88.49622608634579
fixed15_band10,-4,20250618::index=2.2380,0,2.380025286,169.29739921833976
fixed15_band10,-4,20250618::index=2.2380,2,2.380025286,226.14900675856836
fixed15_band10,-4,20250618::index=2.2380,3,2.380025286,168.51686397238558
fixed15_band10,-4,20250618::index=2.2380,14,2.380025286,188.28781632651814
fixed15_band10,-4,20250618::index=2.2380,21,2.380025286,147.61234499326582
fixed15_band10,-4,20250618::index=2.2380,23,2.380025286,225.3968158031248
fixed15_band10,-4,20250618::index=2.2380,29,2.380025286,166.59571267416513
fixed15_band10,-4,20250618::index=2.2380,36,2.380025286,197.25800444210302
fixed15_band10,-4,20250618::index=2.2380,37,2.380025286,224.22031120368018
fixed15_band10,-4,20250618::index=2.2380,44,2.380025286,222.49380441968123
fixed15_band10,-4,20250618::index=2.2380,47,2.380025286,209.83676208278288
fixed15_band10,-4,20250618::index=2.2380,48,2.380025286,219.19759948794137
fixed15_band10,-4,20250618::index=2.2380,54,2.380025286,228.74075974835625
fixed15_band10,-4,20250618::index=2.2380,55,2.380025286,218.75714148011784
fixed15_band10,-4,20250618::index=2.2380,59,2.380025286,202.11794860677182
fixed15_band10,-4,20250611::index=9.2.67E+05,3,266.90769650000004,310.56866806634446
fixed15_band10,-4,20250611::index=9.2.67E+05,6,266.90769650000004,284.6781939416506
fixed15_band10,-4,20250611::index=9.2.67E+05,7,266.90769650000004,285.55095151343204
fixed15_band10,-4,20250611::index=9.2.67E+05,15,266.90769650000004,261.318940462604
fixed15_band10,-4,20250611::index=9.2.67E+05,18,266.90769650000004,298.99476798023375
fixed15_band10,-4,20250611::index=9.2.67E+05,21,266.90769650000004,265.2152469852819
fixed15_band10,-4,20250611::index=9.2.67E+05,26,266.90769650000004,285.58543492357666
fixed15_band10,-4,20250611::index=9.2.67E+05,27,266.90769650000004,181.93814756875406
fixed15_band10,-4,20250611::index=9.2.67E+05,29,266.90769650000004,288.1968778374782
fixed15_band10,-4,20250611::index=9.2.67E+05,30,266.90769650000004,288.3737007349316
fixed15_band10,-4,20250611::index=9.2.67E+05,31,266.90769650000004,270.2584266650581
fixed15_band10,-4,20250611::index=9.2.67E+05,41,266.90769650000004,264.5031164165951
fixed15_band10,-4,20250611::index=9.2.67E+05,45,266.90769650000004,181.93814756875406
fixed15_band10,-4,20250611::index=9.2.67E+05,51,266.90769650000004,267.69871502852527
fixed15_band10,-4,20250611::index=9.2.67E+05,53,266.90769650000004,285.55095151343204
fixed15_band10,-4,20250618::index=9.271677,3,271.6776816,258.83901378775914
fixed15_band10,-4,20250618::index=9.271677,6,271.6776816,297.89183034967664
fixed15_band10,-4,20250618::index=9.271677,7,271.6776816,267.08439962737253
fixed15_band10,-4,20250618::index=9.271677,15,271.6776816,288.93066873482684
fixed15_band10,-4,20250618::index=9.271677,18,271.6776816,274.80707119768573
fixed15_band10,-4,20250618::index=9.271677,21,271.6776816,243.46387105877537
fixed15_band10,-4,20250618::index=9.271677,26,271.6776816,261.13310680396995
fixed15_band10,-4,20250618::index=9.271677,27,271.6776816,232.13273214470797
fixed15_band10,-4,20250618::index=9.271677,29,271.6776816,263.1934716635873
fixed15_band10,-4,20250618::index=9.271677,30,271.6776816,268.39846549520263
fixed15_band10,-4,20250618::index=9.271677,31,271.6776816,224.23153304859414
fixed15_band10,-4,20250618::index=9.271677,41,271.6776816,264.55787127432075
fixed15_band10,-4,20250618::index=9.271677,45,271.6776816,293.50850332108104
fixed15_band10,-4,20250618::index=9.271677,51,271.6776816,226.45053779462697
fixed15_band10,-4,20250618::index=9.271677,53,271.6776816,221.86339051456918
fixed15_band10,-4,20250611::index=10.3.15E+05,2,315.4661173,304.78453668568403
fixed15_band10,-4,20250611::index=10.3.15E+05,4,315.4661173,266.6980009188095
fixed15_band10,-4,20250611::index=10.3.15E+05,10,315.4661173,326.8886866683849
fixed15_band10,-4,20250611::index=10.3.15E+05,18,315.4661173,266.6980009188095
fixed15_band10,-4,20250611::index=10.3.15E+05,21,315.4661173,220.89677892410634
fixed15_band10,-4,20250611::index=10.3.15E+05,27,315.4661173,312.918919410433
fixed15_band10,-4,20250611::index=10.3.15E+05,29,315.4661173,279.2726197843786
fixed15_band10,-4,20250611::index=10.3.15E+05,31,315.4661173,315.3512160493428
fixed15_band10,-4,20250611::index=10.3.15E+05,40,315.4661173,313.5455176784798
fixed15_band10,-4,20250611::index=10.3.15E+05,45,315.4661173,338.8445796637402
fixed15_band10,-4,20250611::index=10.3.15E+05,47,315.4661173,322.04485151045503
fixed15_band10,-4,20250611::index=10.3.15E+05,48,315.4661173,306.236002355564
fixed15_band10,-4,20250611::index=10.3.15E+05,50,315.4661173,343.41718563861184
fixed15_band10,-4,20250611::index=10.3.15E+05,53,315.4661173,284.50728113316086
fixed15_band10,-4,20250611::index=10.3.15E+05,55,315.4661173,298.99476798023375
fixed15_band10,-4,20250618::index=10.322114,2,322.1142428,346.5831406762629
fixed15_band10,-4,20250618::index=10.322114,4,322.1142428,327.69510797441023
fixed15_band10,-4,20250618::index=10.322114,10,322.1142428,285.15649631833656
fixed15_band10,-4,20250618::index=10.322114,18,322.1142428,336.177544935396
fixed15_band10,-4,20250618::index=10.322114,21,322.1142428,281.8037961037761
fixed15_band10,-4,20250618::index=10.322114,27,322.1142428,258.59358410017035
fixed15_band10,-4,20250618::index=10.322114,29,322.1142428,235.8684598948011
fixed15_band10,-4,20250618::index=10.322114,31,322.1142428,268.16317322093226
fixed15_band10,-4,20250618::index=10.322114,40,322.1142428,231.06618456291156
fixed15_band10,-4,20250618::index=10.322114,45,322.1142428,266.4163028842913
fixed15_band10,-4,20250618::index=10.322114,47,322.1142428,261.13310680396995
fixed15_band10,-4,20250618::index=10.322114,48,322.1142428,280.03121870594265
fixed15_band10,-4,20250618::index=10.322114,50,322.1142428,231.626255404777
fixed15_band10,-4,20250618::index=10.322114,53,322.1142428,228.6980420288866
fixed15_band10,-4,20250618::index=10.322114,55,322.1142428,245.93244150117084
fixed15_band10,-4,20250611::index=11.3.69E+05,1,368.97810499999997,363.74512081032464
fixed15_band10,-4,20250611::index=11.3.69E+05,5,368.97810499999997,403.86917181062415
fixed15_band10,-4,20250611::index=11.3.69E+05,15,368.97810499999997,371.3759397623725
fixed15_band10,-4,20250611::index=11.3.69E+05,17,368.97810499999997,367.2604247147645
fixed15_band10,-4,20250611::index=11.3.69E+05,20,368.97810499999997,377.88246836819434
fixed15_band10,-4,20250611::index=11.3.69E+05,31,368.97810499999997,401.50203790913116
fixed15_band10,-4,20250611::index=11.3.69E+05,37,368.97810499999997,405.39497492329133
fixed15_band10,-4,20250611::index=11.3.69E+05,44,368.97810499999997,348.0391545086701
fixed15_band10,-4,20250611::index=11.3.69E+05,45,368.97810499999997,354.2498062821445
fixed15_band10,-4,20250611::index=11.3.69E+05,49,368.97810499999997,361.2636054746822
fixed15_band10,-4,20250611::index=11.3.69E+05,50,368.97810499999997,341.3538952029775
fixed15_band10,-4,20250611::index=11.3.69E+05,53,368.97810499999997,426.52299574460307
fixed15_band10,-4,20250611::index=11.3.69E+05,54,368.97810499999997,353.52243584564724
fixed15_band10,-4,20250611::index=11.3.69E+05,55,368.97810499999997,363.77894998125146
fixed15_band10,-4,20250611::index=11.3.69E+05,58,368.97810499999997,357.0044133433901
fixed15_band10,-4,20250618::index=11.376320,1,376.3201201,388.16374040850997
fixed15_band10,-4,20250618::index=11.376320,5,376.3201201,365.7799815802907
fixed15_band10,-4,20250618::index=11.376320,15,376.3201201,332.4347657113299
fixed15_band10,-4,20250618::index=11.376320,17,376.3201201,371.34153560849717
fixed15_band10,-4,20250618::index=11.376320,20,376.3201201,372.23549313922695
fixed15_band10,-4,20250618::index=11.376320,31,376.3201201,281.2590128904243
fixed15_band10,-4,20250618::index=11.376320,37,376.3201201,324.67159032900787
fixed15_band10,-4,20250618::index=11.376320,44,376.3201201,377.39102554053295
fixed15_band10,-4,20250618::index=11.376320,45,376.3201201,379.97260039536314
fixed15_band10,-4,20250618::index=11.376320,49,376.3201201,360.4235450024258
fixed15_band10,-4,20250618::index=11.376320,50,376.3201201,345.19369716425655
fixed15_band10,-4,20250618::index=11.376320,53,376.3201201,377.59407928943205
fixed15_band10,-4,20250618::index=11.376320,54,376.3201201,348.0940665905666
fixed15_band10,-4,20250618::index=11.376320,55,376.3201201,397.47497316796415
fixed15_band10,-4,20250618::index=11.376320,58,376.3201201,378.25553375582626
fixed15_band10,-4,20250611::index=12.4.27E+05,3,427.27619500000003,454.75423772347546
fixed15_band10,-4,20250611::index=12.4.27E+05,9,427.27619500000003,428.86123648758485
fixed15_band10,-4,20250611::index=12.4.27E+05,13,427.27619500000003,450.04944551946676
fixed15_band10,-4,20250611::index=12.4.27E+05,15,427.27619500000003,465.93001819727044
fixed15_band10,-4,20250611::index=12.4.27E+05,17,427.27619500000003,435.6967778712665
fixed15_band10,-4,20250611::index=12.4.27E+05,22,427.27619500000003,479.20558818099056
fixed15_band10,-4,20250611::index=12.4.27E+05,28,427.27619500000003,430.0820990175295
fixed15_band10,-4,20250611::index=12.4.27E+05,30,427.27619500000003,427.15113551239375
fixed15_band10,-4,20250611::index=12.4.27E+05,39,427.27619500000003,429.42058337379405
fixed15_band10,-4,20250611::index=12.4.27E+05,42,427.27619500000003,454.75423772347546
fixed15_band10,-4,20250611::index=12.4.27E+05,44,427.27619500000003,445.44542930347893
fixed15_band10,-4,20250611::index=12.4.27E+05,46,427.27619500000003,470.6331827270052
fixed15_band10,-4,20250611::index=12.4.27E+05,47,427.27619500000003,456.3624349604302
fixed15_band10,-4,20250611::index=12.4.27E+05,54,427.27619500000003,435.7553604401044
fixed15_band10,-4,20250611::index=12.4.27E+05,57,427.27619500000003,465.8821240313771
fixed15_band10,-4,20250618::index=12.434018,3,434.0180833,361.9541434448558
fixed15_band10,-4,20250618::index=12.434018,9,434.0180833,405.339017859307
fixed15_band10,-4,20250618::index=12.434018,13,434.0180833,480.7760636815978
fixed15_band10,-4,20250618::index=12.434018,15,434.0180833,392.9931249095031
fixed15_band10,-4,20250618::index=12.434018,17,434.0180833,392.4807573515185
fixed15_band10,-4,20250618::index=12.434018,22,434.0180833,391.8037373541732
fixed15_band10,-4,20250618::index=12.434018,28,434.0180833,402.7277533409341
fixed15_band10,-4,20250618::index=12.434018,30,434.0180833,445.79240874461027
fixed15_band10,-4,20250618::index=12.434018,39,434.0180833,385.40077660296845
fixed15_band10,-4,20250618::index=12.434018,42,434.0180833,381.51075739255685
fixed15_band10,-4,20250618::index=12.434018,44,434.0180833,375.8343377099216
fixed15_band10,-4,20250618::index=12.434018,46,434.0180833,414.50406475598913
fixed15_band10,-4,20250618::index=12.434018,47,434.0180833,463.71982433606314
fixed15_band10,-4,20250618::index=12.434018,54,434.0180833,464.685399858714
fixed15_band10,-4,20250618::index=12.434018,57,434.0180833,439.71131407480146
fixed15_band10,-4,20250611::index=13.4.89E+05,3,489.45399810000004,549.9468062217536
fixed15_band10,-4,20250611::index=13.4.89E+05,7,489.45399810000004,458.0546562311386
fixed15_band10,-4,20250611::index=13.4.89E+05,12,489.45399810000004,491.67273455025844
fixed15_band10,-4,20250611::index=13.4.89E+05,13,489.45399810000004,479.4474089656737
fixed15_band10,-4,20250611::index=13.4.89E+05,14,489.45399810000004,496.5417745086915
fixed15_band10,-4,20250611::index=13.4.89E+05,20,489.45399810000004,496.2961245441195
fixed15_band10,-4,20250611::index=13.4.89E+05,34,489.45399810000004,487.6907571851577
fixed15_band10,-4,20250611::index=13.4.89E+05,39,489.45399810000004,478.9245806986207
fixed15_band10,-4,20250611::index=13.4.89E+05,42,489.45399810000004,457.05190657937743
fixed15_band10,-4,20250611::index=13.4.89E+05,44,489.45399810000004,497.0563097066142
fixed15_band10,-4,20250611::index=13.4.89E+05,48,489.45399810000004,490.01834688362976
fixed15_band10,-4,20250611::index=13.4.89E+05,51,489.45399810000004,487.2966268117871
fixed15_band10,-4,20250611::index=13.4.89E+05,53,489.45399810000004,488.5161928273757
fixed15_band10,-4,20250611::index=13.4.89E+05,54,489.45399810000004,494.878809723353
fixed15_band10,-4,20250611::index=13.4.89E+05,59,489.45399810000004,476.99101336870484
fixed15_band10,-4,20250618::index=13.496023,3,496.0233525,505.6180302364951
fixed15_band10,-4,20250618::index=13.496023,7,496.0233525,511.48624218177935
fixed15_band10,-4,20250618::index=13.496023,12,496.0233525,464.39046693861786
fixed15_band10,-4,20250618::index=13.496023,13,496.0233525,505.6180302364951
fixed15_band10,-4,20250618::index=13.496023,14,496.0233525,517.039867441326
fixed15_band10,-4,20250618::index=13.496023,20,496.0233525,482.56285885370744
fixed15_band10,-4,20250618::index=13.496023,34,496.0233525,470.60093636737975
fixed15_band10,-4,20250618::index=13.496023,39,496.0233525,474.6192827448358
fixed15_band10,-4,20250618::index=13.496023,42,496.0233525,438.4519515538314
fixed15_band10,-4,20250618::index=13.496023,44,496.0233525,496.3599462299156
fixed15_band10,-4,20250618::index=13.496023,48,496.0233525,459.25780142426055
fixed15_band10,-4,20250618::index=13.496023,51,496.0233525,462.38591686717047
fixed15_band10,-4,20250618::index=13.496023,53,496.0233525,458.73227584415235
fixed15_band10,-4,20250618::index=13.496023,54,496.0233525,520.4024912609312
fixed15_band10,-4,20250618::index=13.496023,59,496.0233525,503.9513365705908
fixed15_band10,-4,20250611::index=14.5.54E+05,8,554.1963218000001,557.038066749613
fixed15_band10,-4,20250611::index=14.5.54E+05,9,554.1963218000001,546.273124388796
fixed15_band10,-4,20250611::index=14.5.54E+05,10,554.1963218000001,549.499587314905
fixed15_band10,-4,20250611::index=14.5.54E+05,14,554.1963218000001,556.1799568482327
fixed15_band10,-4,20250611::index=14.5.54E+05,29,554.1963218000001,544.4558375282768
fixed15_band10,-4,20250611::index=14.5.54E+05,30,554.1963218000001,502.0987017925947
fixed15_band10,-4,20250611::index=14.5.54E+05,33,554.1963218000001,610.7787914529882
fixed15_band10,-4,20250611::index=14.5.54E+05,36,554.1963218000001,558.945929031646
fixed15_band10,-4,20250611::index=14.5.54E+05,43,554.1963218000001,546.1185410110502
fixed15_band10,-4,20250611::index=14.5.54E+05,48,554.1963218000001,532.4107906840622
fixed15_band10,-4,20250611::index=14.5.54E+05,50,554.1963218000001,546.0370746511135
fixed15_band10,-4,20250611::index=14.5.54E+05,51,554.1963218000001,577.2521189990749
fixed15_band10,-4,20250611::index=14.5.54E+05,54,554.1963218000001,553.9670184422071
fixed15_band10,-4,20250611::index=14.5.54E+05,57,554.1963218000001,562.8913742841215
fixed15_band10,-4,20250611::index=14.5.54E+05,58,554.1963218000001,512.9397110411641
fixed15_band10,-4,20250618::index=14.562158,8,562.1587854,542.5431698864669
fixed15_band10,-4,20250618::index=14.562158,9,562.1587854,574.6488193656434
fixed15_band10,-4,20250618::index=14.562158,10,562.1587854,558.6329993012483
fixed15_band10,-4,20250618::index=14.562158,14,562.1587854,576.6052797653272
fixed15_band10,-4,20250618::index=14.562158,29,562.1587854,563.8436744403075
fixed15_band10,-4,20250618::index=14.562158,30,562.1587854,552.8991955286225
fixed15_band10,-4,20250618::index=14.562158,33,562.1587854,558.8510769153932
fixed15_band10,-4,20250618::index=14.562158,36,562.1587854,575.7391448125308
fixed15_band10,-4,20250618::index=14.562158,43,562.1587854,574.6488193656434
fixed15_band10,-4,20250618::index=14.562158,48,562.1587854,511.8468224132808
fixed15_band10,-4,20250618::index=14.562158,50,562.1587854,562.8131515336305
fixed15_band10,-4,20250618::index=14.562158,51,562.1587854,561.3301310561959
fixed15_band10,-4,20250618::index=14.562158,54,562.1587854,538.5798628646598
fixed15_band10,-4,20250618::index=14.562158,57,562.1587854,562.5316031684705
fixed15_band10,-4,20250618::index=14.562158,58,562.1587854,569.0872452962809
fixed15_band10,-4,20250611::index=4.5.76E+04,2,57.59331665,50.02986212341422
fixed15_band10,-4,20250611::index=4.5.76E+04,3,57.59331665,58.07990211177717
fixed15_band10,-4,20250611::index=4.5.76E+04,6,57.59331665,50.730050750407536
fixed15_band10,-4,20250611::index=4.5.76E+04,11,57.59331665,89.97208497234227
fixed15_band10,-4,20250611::index=4.5.76E+04,13,57.59331665,34.589739401250164
fixed15_band10,-4,20250611::index=4.5.76E+04,15,57.59331665,50.722526580213824
fixed15_band10,-4,20250611::index=4.5.76E+04,18,57.59331665,52.906143663380824
fixed15_band10,-4,20250611::index=4.5.76E+04,33,57.59331665,36.55675892686298
fixed15_band10,-4,20250611::index=4.5.76E+04,38,57.59331665,50.510221201160526
fixed15_band10,-4,20250611::index=4.5.76E+04,41,57.59331665,105.19988546533314
fixed15_band10,-4,20250611::index=4.5.76E+04,42,57.59331665,36.55675892686298
fixed15_band10,-4,20250611::index=4.5.76E+04,44,57.59331665,78.72027058879837
fixed15_band10,-4,20250611::index=4.5.76E+04,46,57.59331665,48.970166971143286
fixed15_band10,-4,20250611::index=4.5.76E+04,54,57.59331665,47.26964333853678
fixed15_band10,-4,20250611::index=4.5.76E+04,55,57.59331665,64.20127109627647
fixed15_band10,-4,20250618::index=4.58389,2,58.38985471,220.48042084507512
fixed15_band10,-4,20250618::index=4.58389,3,58.38985471,228.74075974835625
fixed15_band10,-4,20250618::index=4.58389,6,58.38985471,218.34298483762353
fixed15_band10,-4,20250618::index=4.58389,11,58.38985471,204.48427432921676
fixed15_band10,-4,20250618::index=4.58389,13,58.38985471,205.9710533181552
fixed15_band10,-4,20250618::index=4.58389,15,58.38985471,190.00249544703266
fixed15_band10,-4,20250618::index=4.58389,18,58.38985471,198.22630333349113
fixed15_band10,-4,20250618::index=4.58389,33,58.38985471,244.01635189270044
fixed15_band10,-4,20250618::index=4.58389,38,58.38985471,227.4980490221328
fixed15_band10,-4,20250618::index=4.58389,41,58.38985471,195.69666579353614
fixed15_band10,-4,20250618::index=4.58389,42,58.38985471,235.54110635790082
fixed15_band10,-4,20250618::index=4.58389,44,58.38985471,223.86639530160758
fixed15_band10,-4,20250618::index=4.58389,46,58.38985471,204.48427432921676
fixed15_band10,-4,20250618::index=4.58389,54,58.38985471,187.5480430568264
fixed15_band10,-4,20250618::index=4.58389,55,58.38985471,178.035061626635
fixed15_band10,-4,20250611::index=15.6.24E+05,3,624.4425514,654.8191203666141
fixed15_band10,-4,20250611::index=15.6.24E+05,4,624.4425514,616.1819832317118
fixed15_band10,-4,20250611::index=15.6.24E+05,11,624.4425514,643.9415543505481
fixed15_band10,-4,20250611::index=15.6.24E+05,13,624.4425514,584.3346959954813
fixed15_band10,-4,20250611::index=15.6.24E+05,14,624.4425514,634.8024833374815
fixed15_band10,-4,20250611::index=15.6.24E+05,18,624.4425514,612.1644289180242
fixed15_band10,-4,20250611::index=15.6.24E+05,19,624.4425514,615.2402213714026
fixed15_band10,-4,20250611::index=15.6.24E+05,27,624.4425514,602.9988038020208
fixed15_band10,-4,20250611::index=15.6.24E+05,39,624.4425514,647.5509891035001
fixed15_band10,-4,20250611::index=15.6.24E+05,43,624.4425514,643.3232958567212
fixed15_band10,-4,20250611::index=15.6.24E+05,46,624.4425514,617.1635584560773
fixed15_band10,-4,20250611::index=15.6.24E+05,51,624.4425514,626.0261546487786
fixed15_band10,-4,20250611::index=15.6.24E+05,55,624.4425514,639.3624634265934
fixed15_band10,-4,20250611::index=15.6.24E+05,57,624.4425514,606.0929546243623
fixed15_band10,-4,20250611::index=15.6.24E+05,58,624.4425514,616.3305468182899
fixed15_band10,-4,20250618::index=15.633482,3,633.482536,655.7534237020343
fixed15_band10,-4,20250618::index=15.633482,4,633.482536,638.1384447525228
fixed15_band10,-4,20250618::index=15.633482,11,633.482536,640.0599663353246
fixed15_band10,-4,20250618::index=15.633482,13,633.482536,588.030706409371
fixed15_band10,-4,20250618::index=15.633482,14,633.482536,646.9818530429765
fixed15_band10,-4,20250618::index=15.633482,18,633.482536,603.614433536529
fixed15_band10,-4,20250618::index=15.633482,19,633.482536,639.2426439666293
fixed15_band10,-4,20250618::index=15.633482,27,633.482536,596.6180680482425
fixed15_band10,-4,20250618::index=15.633482,39,633.482536,587.7157311572441
fixed15_band10,-4,20250618::index=15.633482,43,633.482536,648.9793374893097
fixed15_band10,-4,20250618::index=15.633482,46,633.482536,681.8658306680433
fixed15_band10,-4,20250618::index=15.633482,51,633.482536,685.2658839154818
fixed15_band10,-4,20250618::index=15.633482,55,633.482536,590.7487198333607
fixed15_band10,-4,20250618::index=15.633482,57,633.482536,630.6691523202092
fixed15_band10,-4,20250618::index=15.633482,58,633.482536,656.3463110780773
fixed15_band10,-4,20250611::index=16.6.98E+05,2,698.421296,683.3533855114258
fixed15_band10,-4,20250611::index=16.6.98E+05,6,698.421296,758.7033951517213
fixed15_band10,-4,20250611::index=16.6.98E+05,9,698.421296,663.7853698268183
fixed15_band10,-4,20250611::index=16.6.98E+05,10,698.421296,699.7767442758299
fixed15_band10,-4,20250611::index=16.6.98E+05,13,698.421296,691.0444715618377
fixed15_band10,-4,20250611::index=16.6.98E+05,17,698.421296,687.951982131458
fixed15_band10,-4,20250611::index=16.6.98E+05,35,698.421296,676.2462507520584
fixed15_band10,-4,20250611::index=16.6.98E+05,37,698.421296,719.9131487053469
fixed15_band10,-4,20250611::index=16.6.98E+05,39,698.421296,667.1167087800962
fixed15_band10,-4,20250611::index=16.6.98E+05,40,698.421296,715.2601272793925
fixed15_band10,-4,20250611::index=16.6.98E+05,46,698.421296,766.9623645183573
fixed15_band10,-4,20250611::index=16.6.98E+05,47,698.421296,710.2178838567245
fixed15_band10,-4,20250611::index=16.6.98E+05,52,698.421296,747.4960841954521
fixed15_band10,-4,20250611::index=16.6.98E+05,55,698.421296,671.9813250598332
fixed15_band10,-4,20250611::index=16.6.98E+05,57,698.421296,694.9124548871504
fixed15_band10,-4,20250618::index=16.709792,2,709.7927143,704.4506120641291
fixed15_band10,-4,20250618::index=16.709792,6,709.7927143,732.7066379742998
fixed15_band10,-4,20250618::index=16.709792,9,709.7927143,679.1569781010097
fixed15_band10,-4,20250618::index=16.709792,10,709.7927143,761.833860680077
fixed15_band10,-4,20250618::index=16.709792,13,709.7927143,713.1432231820987
fixed15_band10,-4,20250618::index=16.709792,17,709.7927143,730.3652191296317
fixed15_band10,-4,20250618::index=16.709792,35,709.7927143,687.4463032434626
fixed15_band10,-4,20250618::index=16.709792,37,709.7927143,723.3273666765272
fixed15_band10,-4,20250618::index=16.709792,39,709.7927143,703.4515303682509
fixed15_band10,-4,20250618::index=16.709792,40,709.7927143,775.7299639136455
fixed15_band10,-4,20250618::index=16.709792,46,709.7927143,803.6916077583985
fixed15_band10,-4,20250618::index=16.709792,47,709.7927143,751.071199348214
fixed15_band10,-4,20250618::index=16.709792,52,709.7927143,719.8033841497946
fixed15_band10,-4,20250618::index=16.709792,55,709.7927143,675.6857127415698
fixed15_band10,-4,20250618::index=16.709792,57,709.7927143,658.7669973713722
fixed15_band10,-4,20250611::index=17.7.77E+05,5,776.6472223000001,752.8184975570201
fixed15_band10,-4,20250611::index=17.7.77E+05,6,776.6472223000001,773.9048879979233
fixed15_band10,-4,20250611::index=17.7.77E+05,7,776.6472223000001,831.7047867627983
fixed15_band10,-4,20250611::index=17.7.77E+05,8,776.6472223000001,782.3852592925568
fixed15_band10,-4,20250611::index=17.7.77E+05,10,776.6472223000001,779.6751427882508
fixed15_band10,-4,20250611::index=17.7.77E+05,14,776.6472223000001,804.9694373998121
fixed15_band10,-4,20250611::index=17.7.77E+05,19,776.6472223000001,830.7640516726184
fixed15_band10,-4,20250611::index=17.7.77E+05,24,776.6472223000001,789.5769313997748
fixed15_band10,-4,20250611::index=17.7.77E+05,26,776.6472223000001,746.4683867061104
fixed15_band10,-4,20250611::index=17.7.77E+05,31,776.6472223000001,769.6128194261605
fixed15_band10,-4,20250611::index=17.7.77E+05,41,776.6472223000001,783.6855272414871
fixed15_band10,-4,20250611::index=17.7.77E+05,52,776.6472223000001,779.1212863592899
fixed15_band10,-4,20250611::index=17.7.77E+05,53,776.6472223000001,785.0820958635593
fixed15_band10,-4,20250611::index=17.7.77E+05,54,776.6472223000001,748.452319898318
fixed15_band10,-4,20250611::index=17.7.77E+05,55,776.6472223000001,756.0142441938043
fixed15_band10,-4,20250618::index=17.789500,5,789.5001968,760.3042720883584
fixed15_band10,-4,20250618::index=17.789500,6,789.5001968,844.4353428166766
fixed15_band10,-4,20250618::index=17.789500,7,789.5001968,750.1881648000793
fixed15_band10,-4,20250618::index=17.789500,8,789.5001968,714.6301735015874
fixed15_band10,-4,20250618::index=17.789500,10,789.5001968,774.2262056302985
fixed15_band10,-4,20250618::index=17.789500,14,789.5001968,848.0615632044342
fixed15_band10,-4,20250618::index=17.789500,19,789.5001968,825.515828120615
fixed15_band10,-4,20250618::index=17.789500,24,789.5001968,766.3347521858796
fixed15_band10,-4,20250618::index=17.789500,26,789.5001968,856.2723705185997
fixed15_band10,-4,20250618::index=17.789500,31,789.5001968,796.769390692462
fixed15_band10,-4,20250618::index=17.789500,41,789.5001968,755.0841124803942
fixed15_band10,-4,20250618::index=17.789500,52,789.5001968,743.0408092372132
fixed15_band10,-4,20250618::index=17.789500,53,789.5001968,762.2637743399349
fixed15_band10,-4,20250618::index=17.789500,54,789.5001968,799.5080298858168
fixed15_band10,-4,20250618::index=17.789500,55,789.5001968,792.4118784130916
fixed15_band10,-4,20250611::index=18.8.59E+05,0,859.3439142,859.9082261523571
fixed15_band10,-4,20250611::index=18.8.59E+05,5,859.3439142,800.2321321916736
fixed15_band10,-4,20250611::index=18.8.59E+05,14,859.3439142,851.5817541716158
fixed15_band10,-4,20250611::index=18.8.59E+05,18,859.3439142,808.1818551904388
fixed15_band10,-4,20250611::index=18.8.59E+05,19,859.3439142,860.21515129927
fixed15_band10,-4,20250611::index=18.8.59E+05,21,859.3439142,853.9099473789737
fixed15_band10,-4,20250611::index=18.8.59E+05,26,859.3439142,858.6651192807395
fixed15_band10,-4,20250611::index=18.8.59E+05,27,859.3439142,855.3723373866519
fixed15_band10,-4,20250611::index=18.8.59E+05,32,859.3439142,857.0768076032853
fixed15_band10,-4,20250611::index=18.8.59E+05,36,859.3439142,863.7102334815795
fixed15_band10,-4,20250611::index=18.8.59E+05,43,859.3439142,785.8016135989418
fixed15_band10,-4,20250611::index=18.8.59E+05,53,859.3439142,854.5979259397747
fixed15_band10,-4,20250611::index=18.8.59E+05,54,859.3439142,850.9138502864208
fixed15_band10,-4,20250611::index=18.8.59E+05,56,859.3439142,862.6249854417993
fixed15_band10,-4,20250611::index=18.8.59E+05,57,859.3439142,846.840527642523
fixed15_band10,-4,20250618::index=18.873637,0,873.6370359,867.8590761029128
fixed15_band10,-4,20250618::index=18.873637,5,873.6370359,866.8536249039718
fixed15_band10,-4,20250618::index=18.873637,14,873.6370359,862.6059295801072
fixed15_band10,-4,20250618::index=18.873637,18,873.6370359,857.5412895946699
fixed15_band10,-4,20250618::index=18.873637,19,873.6370359,847.9923301926088
fixed15_band10,-4,20250618::index=18.873637,21,873.6370359,842.6824302245718
fixed15_band10,-4,20250618::index=18.873637,26,873.6370359,872.1630942121595
fixed15_band10,-4,20250618::index=18.873637,27,873.6370359,861.4751816711974
fixed15_band10,-4,20250618::index=18.873637,32,873.6370359,848.3900333816491
fixed15_band10,-4,20250618::index=18.873637,36,873.6370359,842.9957980675981
fixed15_band10,-4,20250618::index=18.873637,43,873.6370359,858.4461405187166
fixed15_band10,-4,20250618::index=18.873637,53,873.6370359,861.7800886544219
fixed15_band10,-4,20250618::index=18.873637,54,873.6370359,832.3419173851288
fixed15_band10,-4,20250618::index=18.873637,56,873.6370359,843.1995168412692
fixed15_band10,-4,20250618::index=18.873637,57,873.6370359,857.3853258508497
fixed15_frequency34,-4,20250618::index=1.0,0,-1.42e-09,157.31961567530186
fixed15_frequency34,-4,20250618::index=1.0,3,-1.42e-09,158.6913969352156
fixed15_frequency34,-4,20250618::index=1.0,5,-1.42e-09,181.95241509146254
fixed15_frequency34,-4,20250618::index=1.0,12,-1.42e-09,158.36226846912749
fixed15_frequency34,-4,20250618::index=1.0,13,-1.42e-09,159.29104610772043
fixed15_frequency34,-4,20250618::index=1.0,31,-1.42e-09,154.65247767438976
fixed15_frequency34,-4,20250618::index=1.0,33,-1.42e-09,211.73699304774692
fixed15_frequency34,-4,20250618::index=1.0,36,-1.42e-09,184.00337891424354
fixed15_frequency34,-4,20250618::index=1.0,45,-1.42e-09,161.46139793199976
fixed15_frequency34,-4,20250618::index=1.0,46,-1.42e-09,171.96546393408875
fixed15_frequency34,-4,20250618::index=1.0,48,-1.42e-09,171.70839670643014
fixed15_frequency34,-4,20250618::index=1.0,50,-1.42e-09,156.01667071740133
fixed15_frequency34,-4,20250618::index=1.0,52,-1.42e-09,159.7657212078501
fixed15_frequency34,-4,20250618::index=1.0,54,-1.42e-09,170.1291992085935
fixed15_frequency34,-4,20250618::index=1.0,57,-1.42e-09,165.0741741236666
fixed15_frequency34,-4,20250611::index=1.3.28E-04,0,3.28047e-07,177.43893701732603
fixed15_frequency34,-4,20250611::index=1.3.28E-04,3,3.28047e-07,156.9310680051637
fixed15_frequency34,-4,20250611::index=1.3.28E-04,5,3.28047e-07,210.94524351772554
fixed15_frequency34,-4,20250611::index=1.3.28E-04,12,3.28047e-07,73.41961015260583
fixed15_frequency34,-4,20250611::index=1.3.28E-04,13,3.28047e-07,122.73777568318248
fixed15_frequency34,-4,20250611::index=1.3.28E-04,31,3.28047e-07,159.6814619210536
fixed15_frequency34,-4,20250611::index=1.3.28E-04,33,3.28047e-07,46.27626585245971
fixed15_frequency34,-4,20250611::index=1.3.28E-04,36,3.28047e-07,168.82676909730625
fixed15_frequency34,-4,20250611::index=1.3.28E-04,45,3.28047e-07,155.39885654080317
fixed15_frequency34,-4,20250611::index=1.3.28E-04,46,3.28047e-07,187.3179643020606
fixed15_frequency34,-4,20250611::index=1.3.28E-04,48,3.28047e-07,156.7767903880203
fixed15_frequency34,-4,20250611::index=1.3.28E-04,50,3.28047e-07,97.59430187775493
fixed15_frequency34,-4,20250611::index=1.3.28E-04,52,3.28047e-07,161.76855050374198
fixed15_frequency34,-4,20250611::index=1.3.28E-04,54,3.28047e-07,70.22595458234993
fixed15_frequency34,-4,20250611::index=1.3.28E-04,57,3.28047e-07,103.48510624594908
fixed15_frequency34,-4,20250611::index=5.1.11E+05,17,111.2647017,64.8127715061209
fixed15_frequency34,-4,20250611::index=5.1.11E+05,19,111.2647017,62.52394947510501
fixed15_frequency34,-4,20250611::index=5.1.11E+05,21,111.2647017,67.23984559454335
fixed15_frequency34,-4,20250611::index=5.1.11E+05,23,111.2647017,72.26635356455866
fixed15_frequency34,-4,20250611::index=5.1.11E+05,28,111.2647017,71.34156633167058
fixed15_frequency34,-4,20250611::index=5.1.11E+05,34,111.2647017,76.66290788774309
fixed15_frequency34,-4,20250611::index=5.1.11E+05,35,111.2647017,164.28181088495643
fixed15_frequency34,-4,20250611::index=5.1.11E+05,41,111.2647017,69.37463210760325
fixed15_frequency34,-4,20250611::index=5.1.11E+05,46,111.2647017,76.70591576048692
fixed15_frequency34,-4,20250611::index=5.1.11E+05,47,111.2647017,62.34585445777456
fixed15_frequency34,-4,20250611::index=5.1.11E+05,48,111.2647017,72.12096606970586
fixed15_frequency34,-4,20250611::index=5.1.11E+05,51,111.2647017,78.51126841524086
fixed15_frequency34,-4,20250611::index=5.1.11E+05,55,111.2647017,73.11992164722759
fixed15_frequency34,-4,20250611::index=5.1.11E+05,56,111.2647017,86.75294033500339
fixed15_frequency34,-4,20250611::index=5.1.11E+05,58,111.2647017,73.09746799856921
fixed15_frequency34,-4,20250618::index=5.113188,17,113.1882901,130.36421606240086
fixed15_frequency34,-4,20250618::index=5.113188,19,113.1882901,61.984166091048685
fixed15_frequency34,-4,20250618::index=5.113188,21,113.1882901,67.91296002147381
fixed15_frequency34,-4,20250618::index=5.113188,23,113.1882901,72.58684169125979
fixed15_frequency34,-4,20250618::index=5.113188,28,113.1882901,76.97092347016468
fixed15_frequency34,-4,20250618::index=5.113188,34,113.1882901,71.5100253206321
fixed15_frequency34,-4,20250618::index=5.113188,35,113.1882901,66.19034139459092
fixed15_frequency34,-4,20250618::index=5.113188,41,113.1882901,83.23908793245388
fixed15_frequency34,-4,20250618::index=5.113188,46,113.1882901,68.55335751366442
fixed15_frequency34,-4,20250618::index=5.113188,47,113.1882901,49.86446875979021
fixed15_frequency34,-4,20250618::index=5.113188,48,113.1882901,99.17629939673688
fixed15_frequency34,-4,20250618::index=5.113188,51,113.1882901,100.41316129530658
fixed15_frequency34,-4,20250618::index=5.113188,55,113.1882901,101.91046503701844
fixed15_frequency34,-4,20250618::index=5.113188,56,113.1882901,90.1193336434383
fixed15_frequency34,-4,20250618::index=5.113188,58,113.1882901,78.7131151644816
fixed15_frequency34,-4,20250611::index=6.1.44E+05,6,144.32426180000002,67.03083953771181
fixed15_frequency34,-4,20250611::index=6.1.44E+05,11,144.32426180000002,68.34213179721046
fixed15_frequency34,-4,20250611::index=6.1.44E+05,13,144.32426180000002,68.62712461204258
fixed15_frequency34,-4,20250611::index=6.1.44E+05,26,144.32426180000002,129.5545066596317
fixed15_frequency34,-4,20250611::index=6.1.44E+05,31,144.32426180000002,68.41401183048609
fixed15_frequency34,-4,20250611::index=6.1.44E+05,34,144.32426180000002,81.44859381532378
fixed15_frequency34,-4,20250611::index=6.1.44E+05,35,144.32426180000002,151.01384114103962
fixed15_frequency34,-4,20250611::index=6.1.44E+05,36,144.32426180000002,72.78941852017617
fixed15_frequency34,-4,20250611::index=6.1.44E+05,38,144.32426180000002,122.08253472436871
fixed15_frequency34,-4,20250611::index=6.1.44E+05,40,144.32426180000002,86.35873404242857
fixed15_frequency34,-4,20250611::index=6.1.44E+05,46,144.32426180000002,97.04718038783827
fixed15_frequency34,-4,20250611::index=6.1.44E+05,47,144.32426180000002,61.799158132709216
fixed15_frequency34,-4,20250611::index=6.1.44E+05,56,144.32426180000002,103.32464819884265
fixed15_frequency34,-4,20250611::index=6.1.44E+05,58,144.32426180000002,103.28538565899586
fixed15_frequency34,-4,20250611::index=6.1.44E+05,59,144.32426180000002,97.5366987310607
fixed15_frequency34,-4,20250618::index=6.146381,6,146.38165049999998,125.04666213205178
fixed15_frequency34,-4,20250618::index=6.146381,11,146.38165049999998,91.78522556185403
fixed15_frequency34,-4,20250618::index=6.146381,13,146.38165049999998,121.99839592608056
fixed15_frequency34,-4,20250618::index=6.146381,26,146.38165049999998,64.10661635327632
fixed15_frequency34,-4,20250618::index=6.146381,31,146.38165049999998,88.51374674536729
fixed15_frequency34,-4,20250618::index=6.146381,34,146.38165049999998,88.10916216165435
fixed15_frequency34,-4,20250618::index=6.146381,35,146.38165049999998,176.51014716930564
fixed15_frequency34,-4,20250618::index=6.146381,36,146.38165049999998,122.68378823057662
fixed15_frequency34,-4,20250618::index=6.146381,38,146.38165049999998,65.68746715293823
fixed15_frequency34,-4,20250618::index=6.146381,40,146.38165049999998,97.67101369417468
fixed15_frequency34,-4,20250618::index=6.146381,46,146.38165049999998,103.64313485311459
fixed15_frequency34,-4,20250618::index=6.146381,47,146.38165049999998,81.03547078829565
fixed15_frequency34,-4,20250618::index=6.146381,56,146.38165049999998,128.42438832168102
fixed15_frequency34,-4,20250618::index=6.146381,58,146.38165049999998,94.36268036528125
fixed15_frequency34,-4,20250618::index=6.146381,59,146.38165049999998,95.68107767389984
fixed15_frequency34,-4,20250611::index=7.1.81E+05,4,181.378003,91.64258040192207
fixed15_frequency34,-4,20250611::index=7.1.81E+05,5,181.378003,65.2418868737736
fixed15_frequency34,-4,20250611::index=7.1.81E+05,10,181.378003,73.67151036999395
fixed15_frequency34,-4,20250611::index=7.1.81E+05,15,181.378003,112.67621114029534
fixed15_frequency34,-4,20250611::index=7.1.81E+05,18,181.378003,106.85282499367175
fixed15_frequency34,-4,20250611::index=7.1.81E+05,20,181.378003,171.14102730127127
fixed15_frequency34,-4,20250611::index=7.1.81E+05,26,181.378003,144.3072615371928
fixed15_frequency34,-4,20250611::index=7.1.81E+05,28,181.378003,106.14393691577645
fixed15_frequency34,-4,20250611::index=7.1.81E+05,33,181.378003,81.52504792782784
fixed15_frequency34,-4,20250611::index=7.1.81E+05,37,181.378003,74.7426467541
fixed15_frequency34,-4,20250611::index=7.1.81E+05,41,181.378003,69.14028709132934
fixed15_frequency34,-4,20250611::index=7.1.81E+05,44,181.378003,68.83267350389515
fixed15_frequency34,-4,20250611::index=7.1.81E+05,56,181.378003,88.40093681416748
fixed15_frequency34,-4,20250611::index=7.1.81E+05,57,181.378003,160.23586385031774
fixed15_frequency34,-4,20250611::index=7.1.81E+05,58,181.378003,101.43216164761398
fixed15_frequency34,-4,20250618::index=7.184190,4,184.1909699,148.37296804587046
fixed15_frequency34,-4,20250618::index=7.184190,5,184.1909699,151.77757586340087
fixed15_frequency34,-4,20250618::index=7.184190,10,184.1909699,111.95999325342774
fixed15_frequency34,-4,20250618::index=7.184190,15,184.1909699,150.73665865884936
fixed15_frequency34,-4,20250618::index=7.184190,18,184.1909699,155.50027304170624
fixed15_frequency34,-4,20250618::index=7.184190,20,184.1909699,151.45750323922175
fixed15_frequency34,-4,20250618::index=7.184190,26,184.1909699,150.9820552422495
fixed15_frequency34,-4,20250618::index=7.184190,28,184.1909699,160.29628893743268
fixed15_frequency34,-4,20250618::index=7.184190,33,184.1909699,252.98454879023228
fixed15_frequency34,-4,20250618::index=7.184190,37,184.1909699,189.26123677961195
fixed15_frequency34,-4,20250618::index=7.184190,41,184.1909699,204.1858379554838
fixed15_frequency34,-4,20250618::index=7.184190,44,184.1909699,190.42819971590845
fixed15_frequency34,-4,20250618::index=7.184190,56,184.1909699,174.5981346935312
fixed15_frequency34,-4,20250618::index=7.184190,57,184.1909699,186.78155859408062
fixed15_frequency34,-4,20250618::index=7.184190,58,184.1909699,180.69075000666413
fixed15_frequency34,-4,20250611::index=3.2.10E+04,1,20.97971604,62.591385915983494
fixed15_frequency34,-4,20250611::index=3.2.10E+04,6,20.97971604,73.59656704174176
fixed15_frequency34,-4,20250611::index=3.2.10E+04,11,20.97971604,103.26719793178682
fixed15_frequency34,-4,20250611::index=3.2.10E+04,22,20.97971604,62.44978708641637
fixed15_frequency34,-4,20250611::index=3.2.10E+04,28,20.97971604,69.47218979162719
fixed15_frequency34,-4,20250611::index=3.2.10E+04,33,20.97971604,85.1778268041567
fixed15_frequency34,-4,20250611::index=3.2.10E+04,34,20.97971604,65.22964707616312
fixed15_frequency34,-4,20250611::index=3.2.10E+04,36,20.97971604,54.28666340563035
fixed15_frequency34,-4,20250611::index=3.2.10E+04,41,20.97971604,60.984551100724616
fixed15_frequency34,-4,20250611::index=3.2.10E+04,42,20.97971604,70.55879647211043
fixed15_frequency34,-4,20250611::index=3.2.10E+04,52,20.97971604,65.32710238095413
fixed15_frequency34,-4,20250611::index=3.2.10E+04,54,20.97971604,73.11850351451191
fixed15_frequency34,-4,20250611::index=3.2.10E+04,56,20.97971604,70.26520221592496
fixed15_frequency34,-4,20250611::index=3.2.10E+04,57,20.97971604,75.20532821218464
fixed15_frequency34,-4,20250611::index=3.2.10E+04,59,20.97971604,65.58468884361812
fixed15_frequency34,-4,20250618::index=3.21242,1,21.24286319,182.3234675232246
fixed15_frequency34,-4,20250618::index=3.21242,6,21.24286319,132.6581147357248
fixed15_frequency34,-4,20250618::index=3.21242,11,21.24286319,132.449836932481
fixed15_frequency34,-4,20250618::index=3.21242,22,21.24286319,153.16267306498057
fixed15_frequency34,-4,20250618::index=3.21242,28,21.24286319,97.31839402507946
fixed15_frequency34,-4,20250618::index=3.21242,33,21.24286319,183.29517739851522
fixed15_frequency34,-4,20250618::index=3.21242,34,21.24286319,95.23606338159914
fixed15_frequency34,-4,20250618::index=3.21242,36,21.24286319,151.36734366918935
fixed15_frequency34,-4,20250618::index=3.21242,41,21.24286319,154.80131961893875
fixed15_frequency34,-4,20250618::index=3.21242,42,21.24286319,136.16403983655962
fixed15_frequency34,-4,20250618::index=3.21242,52,21.24286319,136.1111283026973
fixed15_frequency34,-4,20250618::index=3.21242,54,21.24286319,150.59478961977015
fixed15_frequency34,-4,20250618::index=3.21242,56,21.24286319,149.5730498316128
fixed15_frequency34,-4,20250618::index=3.21242,57,21.24286319,152.51565243047054
fixed15_frequency34,-4,20250618::index=3.21242,59,21.24286319,94.87076337885881
fixed15_frequency34,-4,20250611::index=8.2.22E+05,0,221.5051102,153.29675379753724
fixed15_frequency34,-4,20250611::index=8.2.22E+05,4,221.5051102,148.18967696904832
fixed15_frequency34,-4,20250611::index=8.2.22E+05,6,221.5051102,105.22556005292358
fixed15_frequency34,-4,20250611::index=8.2.22E+05,9,221.5051102,193.68748350914368
fixed15_frequency34,-4,20250611::index=8.2.22E+05,13,221.5051102,128.92099776230296
fixed15_frequency34,-4,20250611::index=8.2.22E+05,15,221.5051102,144.2066388637297
fixed15_frequency34,-4,20250611::index=8.2.22E+05,17,221.5051102,153.18316885678774
fixed15_frequency34,-4,20250611::index=8.2.22E+05,22,221.5051102,135.89113617575592
fixed15_frequency34,-4,20250611::index=8.2.22E+05,24,221.5051102,151.18729809758898
fixed15_frequency34,-4,20250611::index=8.2.22E+05,28,221.5051102,123.15125325420846
fixed15_frequency34,-4,20250611::index=8.2.22E+05,31,221.5051102,165.75737518820904
fixed15_frequency34,-4,20250611::index=8.2.22E+05,39,221.5051102,160.8837060791397
fixed15_frequency34,-4,20250611::index=8.2.22E+05,40,221.5051102,105.00424403188799
fixed15_frequency34,-4,20250611::index=8.2.22E+05,50,221.5051102,102.97822340424146
fixed15_frequency34,-4,20250611::index=8.2.22E+05,59,221.5051102,111.82070263735245
fixed15_frequency34,-4,20250618::index=8.225704,0,225.70496179999998,157.19259035835148
fixed15_frequency34,-4,20250618::index=8.225704,4,225.70496179999998,232.08852974772398
fixed15_frequency34,-4,20250618::index=8.225704,6,225.70496179999998,174.1520975138488
fixed15_frequency34,-4,20250618::index=8.225704,9,225.70496179999998,163.9330598651802
fixed15_frequency34,-4,20250618::index=8.225704,13,225.70496179999998,269.80573734530356
fixed15_frequency34,-4,20250618::index=8.225704,15,225.70496179999998,189.08919383727672
fixed15_frequency34,-4,20250618::index=8.225704,17,225.70496179999998,189.3097288986264
fixed15_frequency34,-4,20250618::index=8.225704,22,225.70496179999998,192.80179532562346
fixed15_frequency34,-4,20250618::index=8.225704,24,225.70496179999998,155.69001169075858
fixed15_frequency34,-4,20250618::index=8.225704,28,225.70496179999998,202.90979558973436
fixed15_frequency34,-4,20250618::index=8.225704,31,225.70496179999998,156.21726595093176
fixed15_frequency34,-4,20250618::index=8.225704,39,225.70496179999998,259.99577913296366
fixed15_frequency34,-4,20250618::index=8.225704,40,225.70496179999998,226.45421403159233
fixed15_frequency34,-4,20250618::index=8.225704,50,225.70496179999998,281.18115376344065
fixed15_frequency34,-4,20250618::index=8.225704,59,225.70496179999998,200.1581255060949
fixed15_frequency34,-4,20250611::index=2.2.36E+03,0,2.35533535,49.455880498083616
fixed15_frequency34,-4,20250611::index=2.2.36E+03,2,2.35533535,71.70851312295017
fixed15_frequency34,-4,20250611::index=2.2.36E+03,3,2.35533535,65.48251173601282
fixed15_frequency34,-4,20250611::index=2.2.36E+03,14,2.35533535,153.29942078976964
fixed15_frequency34,-4,20250611::index=2.2.36E+03,21,2.35533535,107.53613011790114
fixed15_frequency34,-4,20250611::index=2.2.36E+03,23,2.35533535,48.00510140988343
fixed15_frequency34,-4,20250611::index=2.2.36E+03,29,2.35533535,68.47903955058254
fixed15_frequency34,-4,20250611::index=2.2.36E+03,36,2.35533535,65.29691270472166
fixed15_frequency34,-4,20250611::index=2.2.36E+03,37,2.35533535,58.438299250061206
fixed15_frequency34,-4,20250611::index=2.2.36E+03,44,2.35533535,64.09903536270484
fixed15_frequency34,-4,20250611::index=2.2.36E+03,47,2.35533535,60.72109580283031
fixed15_frequency34,-4,20250611::index=2.2.36E+03,48,2.35533535,64.70232032003695
fixed15_frequency34,-4,20250611::index=2.2.36E+03,54,2.35533535,73.37115428092623
fixed15_frequency34,-4,20250611::index=2.2.36E+03,55,2.35533535,70.08002768331859
fixed15_frequency34,-4,20250611::index=2.2.36E+03,59,2.35533535,66.46104214527224
fixed15_frequency34,-4,20250618::index=2.2380,0,2.380025286,131.64823257974717
fixed15_frequency34,-4,20250618::index=2.2380,2,2.380025286,168.2775610355458
fixed15_frequency34,-4,20250618::index=2.2380,3,2.380025286,97.78726726753023
fixed15_frequency34,-4,20250618::index=2.2380,14,2.380025286,127.6183407961834
fixed15_frequency34,-4,20250618::index=2.2380,21,2.380025286,76.59919741581496
fixed15_frequency34,-4,20250618::index=2.2380,23,2.380025286,155.76830546085793
fixed15_frequency34,-4,20250618::index=2.2380,29,2.380025286,127.28709596705407
fixed15_frequency34,-4,20250618::index=2.2380,36,2.380025286,153.05637853176745
fixed15_frequency34,-4,20250618::index=2.2380,37,2.380025286,166.193232735635
fixed15_frequency34,-4,20250618::index=2.2380,44,2.380025286,151.63722551643863
fixed15_frequency34,-4,20250618::index=2.2380,47,2.380025286,152.42758682986693
fixed15_frequency34,-4,20250618::index=2.2380,48,2.380025286,185.5955898877888
fixed15_frequency34,-4,20250618::index=2.2380,54,2.380025286,168.31173684625702
fixed15_frequency34,-4,20250618::index=2.2380,55,2.380025286,153.3232347784556
fixed15_frequency34,-4,20250618::index=2.2380,59,2.380025286,134.40477643553706
fixed15_frequency34,-4,20250611::index=9.2.67E+05,3,266.90769650000004,288.21391212190935
fixed15_frequency34,-4,20250611::index=9.2.67E+05,6,266.90769650000004,272.72383622749726
fixed15_frequency34,-4,20250611::index=9.2.67E+05,7,266.90769650000004,287.26543962953934
fixed15_frequency34,-4,20250611::index=9.2.67E+05,15,266.90769650000004,217.93995361424945
fixed15_frequency34,-4,20250611::index=9.2.67E+05,18,266.90769650000004,278.3636927666937
fixed15_frequency34,-4,20250611::index=9.2.67E+05,21,266.90769650000004,212.82572454879156
fixed15_frequency34,-4,20250611::index=9.2.67E+05,26,266.90769650000004,276.1734936961071
fixed15_frequency34,-4,20250611::index=9.2.67E+05,27,266.90769650000004,140.1561747740184
fixed15_frequency34,-4,20250611::index=9.2.67E+05,29,266.90769650000004,277.3658079105285
fixed15_frequency34,-4,20250611::index=9.2.67E+05,30,266.90769650000004,278.7838507995211
fixed15_frequency34,-4,20250611::index=9.2.67E+05,31,266.90769650000004,265.27895408859524
fixed15_frequency34,-4,20250611::index=9.2.67E+05,41,266.90769650000004,201.0249761088171
fixed15_frequency34,-4,20250611::index=9.2.67E+05,45,266.90769650000004,141.14052046619858
fixed15_frequency34,-4,20250611::index=9.2.67E+05,51,266.90769650000004,270.3046611720749
fixed15_frequency34,-4,20250611::index=9.2.67E+05,53,266.90769650000004,292.5754694705516
fixed15_frequency34,-4,20250618::index=9.271677,3,271.6776816,228.3856542574514
fixed15_frequency34,-4,20250618::index=9.271677,6,271.6776816,256.9529014365846
fixed15_frequency34,-4,20250618::index=9.271677,7,271.6776816,222.02655989959948
fixed15_frequency34,-4,20250618::index=9.271677,15,271.6776816,309.21046614038187
fixed15_frequency34,-4,20250618::index=9.271677,18,271.6776816,215.16120136610334
fixed15_frequency34,-4,20250618::index=9.271677,21,271.6776816,260.6550140142554
fixed15_frequency34,-4,20250618::index=9.271677,26,271.6776816,208.7597432898858
fixed15_frequency34,-4,20250618::index=9.271677,27,271.6776816,186.724714178033
fixed15_frequency34,-4,20250618::index=9.271677,29,271.6776816,208.0267672057605
fixed15_frequency34,-4,20250618::index=9.271677,30,271.6776816,209.52483020610248
fixed15_frequency34,-4,20250618::index=9.271677,31,271.6776816,158.48520969172847
fixed15_frequency34,-4,20250618::index=9.271677,41,271.6776816,267.9958021115941
fixed15_frequency34,-4,20250618::index=9.271677,45,271.6776816,278.14973069957085
fixed15_frequency34,-4,20250618::index=9.271677,51,271.6776816,171.45720560007325
fixed15_frequency34,-4,20250618::index=9.271677,53,271.6776816,169.61899746974802
fixed15_frequency34,-4,20250611::index=10.3.15E+05,2,315.4661173,301.9700233760438
fixed15_frequency34,-4,20250611::index=10.3.15E+05,4,315.4661173,262.9055906333629
fixed15_frequency34,-4,20250611::index=10.3.15E+05,10,315.4661173,311.0123628471204
fixed15_frequency34,-4,20250611::index=10.3.15E+05,18,315.4661173,285.01103578963216
fixed15_frequency34,-4,20250611::index=10.3.15E+05,21,315.4661173,163.10650130200767
fixed15_frequency34,-4,20250611::index=10.3.15E+05,27,315.4661173,317.5735437024984
fixed15_frequency34,-4,20250611::index=10.3.15E+05,29,315.4661173,292.64380283298823
fixed15_frequency34,-4,20250611::index=10.3.15E+05,31,315.4661173,312.1090593426155
fixed15_frequency34,-4,20250611::index=10.3.15E+05,40,315.4661173,309.60145493742175
fixed15_frequency34,-4,20250611::index=10.3.15E+05,45,315.4661173,335.71178539159854
fixed15_frequency34,-4,20250611::index=10.3.15E+05,47,315.4661173,316.8098952896261
fixed15_frequency34,-4,20250611::index=10.3.15E+05,48,315.4661173,324.51001481147154
fixed15_frequency34,-4,20250611::index=10.3.15E+05,50,315.4661173,328.80013819359027
fixed15_frequency34,-4,20250611::index=10.3.15E+05,53,315.4661173,285.75057570247384
fixed15_frequency34,-4,20250611::index=10.3.15E+05,55,315.4661173,297.2382695425789
fixed15_frequency34,-4,20250618::index=10.322114,2,322.1142428,335.2125229170313
fixed15_frequency34,-4,20250618::index=10.322114,4,322.1142428,298.09081068609595
fixed15_frequency34,-4,20250618::index=10.322114,10,322.1142428,286.5065533996902
fixed15_frequency34,-4,20250618::index=10.322114,18,322.1142428,328.5794155584834
fixed15_frequency34,-4,20250618::index=10.322114,21,322.1142428,278.19321035576064
fixed15_frequency34,-4,20250618::index=10.322114,27,322.1142428,227.35618096851732
fixed15_frequency34,-4,20250618::index=10.322114,29,322.1142428,158.06138476991333
fixed15_frequency34,-4,20250618::index=10.322114,31,322.1142428,219.37729993999662
fixed15_frequency34,-4,20250618::index=10.322114,40,322.1142428,165.99498251442887
fixed15_frequency34,-4,20250618::index=10.322114,45,322.1142428,231.87425687708787
fixed15_frequency34,-4,20250618::index=10.322114,47,322.1142428,208.4426600194692
fixed15_frequency34,-4,20250618::index=10.322114,48,322.1142428,250.37744014401076
fixed15_frequency34,-4,20250618::index=10.322114,50,322.1142428,158.0706488195751
fixed15_frequency34,-4,20250618::index=10.322114,53,322.1142428,171.0026399361536
fixed15_frequency34,-4,20250618::index=10.322114,55,322.1142428,198.54152754531682
fixed15_frequency34,-4,20250611::index=11.3.69E+05,1,368.97810499999997,377.7864796681176
fixed15_frequency34,-4,20250611::index=11.3.69E+05,5,368.97810499999997,395.8884131641035
fixed15_frequency34,-4,20250611::index=11.3.69E+05,15,368.97810499999997,385.6947333999695
fixed15_frequency34,-4,20250611::index=11.3.69E+05,17,368.97810499999997,374.58188002742395
fixed15_frequency34,-4,20250611::index=11.3.69E+05,20,368.97810499999997,381.52033216453293
fixed15_frequency34,-4,20250611::index=11.3.69E+05,31,368.97810499999997,417.6211916031427
fixed15_frequency34,-4,20250611::index=11.3.69E+05,37,368.97810499999997,412.5738414455454
fixed15_frequency34,-4,20250611::index=11.3.69E+05,44,368.97810499999997,356.8593721113966
fixed15_frequency34,-4,20250611::index=11.3.69E+05,45,368.97810499999997,368.3633231636386
fixed15_frequency34,-4,20250611::index=11.3.69E+05,49,368.97810499999997,355.05797083342776
fixed15_frequency34,-4,20250611::index=11.3.69E+05,50,368.97810499999997,333.51777447473535
fixed15_frequency34,-4,20250611::index=11.3.69E+05,53,368.97810499999997,385.61320563544007
fixed15_frequency34,-4,20250611::index=11.3.69E+05,54,368.97810499999997,373.30052430395415
fixed15_frequency34,-4,20250611::index=11.3.69E+05,55,368.97810499999997,366.02445029850367
fixed15_frequency34,-4,20250611::index=11.3.69E+05,58,368.97810499999997,368.5942500583716
fixed15_frequency34,-4,20250618::index=11.376320,1,376.3201201,384.04682411196177
fixed15_frequency34,-4,20250618::index=11.376320,5,376.3201201,370.01215836360825
fixed15_frequency34,-4,20250618::index=11.376320,15,376.3201201,356.88467383934375
fixed15_frequency34,-4,20250618::index=11.376320,17,376.3201201,367.7786632334574
fixed15_frequency34,-4,20250618::index=11.376320,20,376.3201201,377.1378248950343
fixed15_frequency34,-4,20250618::index=11.376320,31,376.3201201,287.78348532890055
fixed15_frequency34,-4,20250618::index=11.376320,37,376.3201201,304.31678314658734
fixed15_frequency34,-4,20250618::index=11.376320,44,376.3201201,376.2949754014681
fixed15_frequency34,-4,20250618::index=11.376320,45,376.3201201,392.3110877198796
fixed15_frequency34,-4,20250618::index=11.376320,49,376.3201201,370.21278715094735
fixed15_frequency34,-4,20250618::index=11.376320,50,376.3201201,333.0517847556995
fixed15_frequency34,-4,20250618::index=11.376320,53,376.3201201,376.3789126125421
fixed15_frequency34,-4,20250618::index=11.376320,54,376.3201201,367.65966434132895
fixed15_frequency34,-4,20250618::index=11.376320,55,376.3201201,390.26086086949107
fixed15_frequency34,-4,20250618::index=11.376320,58,376.3201201,374.820575978159
fixed15_frequency34,-4,20250611::index=12.4.27E+05,3,427.27619500000003,446.8525950001821
fixed15_frequency34,-4,20250611::index=12.4.27E+05,9,427.27619500000003,423.7395438120787
fixed15_frequency34,-4,20250611::index=12.4.27E+05,13,427.27619500000003,428.63644013223313
fixed15_frequency34,-4,20250611::index=12.4.27E+05,15,427.27619500000003,446.13661566021625
fixed15_frequency34,-4,20250611::index=12.4.27E+05,17,427.27619500000003,431.5382352550217
fixed15_frequency34,-4,20250611::index=12.4.27E+05,22,427.27619500000003,461.4692900337993
fixed15_frequency34,-4,20250611::index=12.4.27E+05,28,427.27619500000003,424.6846646818205
fixed15_frequency34,-4,20250611::index=12.4.27E+05,30,427.27619500000003,425.4054301150231
fixed15_frequency34,-4,20250611::index=12.4.27E+05,39,427.27619500000003,427.73466658464395
fixed15_frequency34,-4,20250611::index=12.4.27E+05,42,427.27619500000003,447.69660248010797
fixed15_frequency34,-4,20250611::index=12.4.27E+05,44,427.27619500000003,435.9266441302903
fixed15_frequency34,-4,20250611::index=12.4.27E+05,46,427.27619500000003,463.99563318095255
fixed15_frequency34,-4,20250611::index=12.4.27E+05,47,427.27619500000003,447.82055536281143
fixed15_frequency34,-4,20250611::index=12.4.27E+05,54,427.27619500000003,429.67930896816864
fixed15_frequency34,-4,20250611::index=12.4.27E+05,57,427.27619500000003,450.2017298686866
fixed15_frequency34,-4,20250618::index=12.434018,3,434.0180833,380.4000646771152
fixed15_frequency34,-4,20250618::index=12.434018,9,434.0180833,425.2814754052292
fixed15_frequency34,-4,20250618::index=12.434018,13,434.0180833,481.86962938965803
fixed15_frequency34,-4,20250618::index=12.434018,15,434.0180833,398.2860962813718
fixed15_frequency34,-4,20250618::index=12.434018,17,434.0180833,398.7617801948284
fixed15_frequency34,-4,20250618::index=12.434018,22,434.0180833,401.1434922168219
fixed15_frequency34,-4,20250618::index=12.434018,28,434.0180833,409.72011408391194
fixed15_frequency34,-4,20250618::index=12.434018,30,434.0180833,452.93197479997764
fixed15_frequency34,-4,20250618::index=12.434018,39,434.0180833,387.19629600089223
fixed15_frequency34,-4,20250618::index=12.434018,42,434.0180833,373.37282385366615
fixed15_frequency34,-4,20250618::index=12.434018,44,434.0180833,376.86324244555647
fixed15_frequency34,-4,20250618::index=12.434018,46,434.0180833,424.23938957908996
fixed15_frequency34,-4,20250618::index=12.434018,47,434.0180833,472.0943229101239
fixed15_frequency34,-4,20250618::index=12.434018,54,434.0180833,471.89941428363113
fixed15_frequency34,-4,20250618::index=12.434018,57,434.0180833,435.25478052539415
fixed15_frequency34,-4,20250611::index=13.4.89E+05,3,489.45399810000004,524.963097228658
fixed15_frequency34,-4,20250611::index=13.4.89E+05,7,489.45399810000004,450.2699118335778
fixed15_frequency34,-4,20250611::index=13.4.89E+05,12,489.45399810000004,479.40918688269335
fixed15_frequency34,-4,20250611::index=13.4.89E+05,13,489.45399810000004,466.4960963033009
fixed15_frequency34,-4,20250611::index=13.4.89E+05,14,489.45399810000004,484.06561620520085
fixed15_frequency34,-4,20250611::index=13.4.89E+05,20,489.45399810000004,481.6554124950188
fixed15_frequency34,-4,20250611::index=13.4.89E+05,34,489.45399810000004,494.55302413619324
fixed15_frequency34,-4,20250611::index=13.4.89E+05,39,489.45399810000004,490.5412373734369
fixed15_frequency34,-4,20250611::index=13.4.89E+05,42,489.45399810000004,457.28852660536535
fixed15_frequency34,-4,20250611::index=13.4.89E+05,44,489.45399810000004,506.9926150319063
fixed15_frequency34,-4,20250611::index=13.4.89E+05,48,489.45399810000004,500.3261834185543
fixed15_frequency34,-4,20250611::index=13.4.89E+05,51,489.45399810000004,493.3050591247374
fixed15_frequency34,-4,20250611::index=13.4.89E+05,53,489.45399810000004,491.6626868844926
fixed15_frequency34,-4,20250611::index=13.4.89E+05,54,489.45399810000004,490.1509295556528
fixed15_frequency34,-4,20250611::index=13.4.89E+05,59,489.45399810000004,474.06738493262003
fixed15_frequency34,-4,20250618::index=13.496023,3,496.0233525,506.12089775620115
fixed15_frequency34,-4,20250618::index=13.496023,7,496.0233525,511.7921170714084
fixed15_frequency34,-4,20250618::index=13.496023,12,496.0233525,470.0792717940491
fixed15_frequency34,-4,20250618::index=13.496023,13,496.0233525,504.0720566423965
fixed15_frequency34,-4,20250618::index=13.496023,14,496.0233525,511.9606127018849
fixed15_frequency34,-4,20250618::index=13.496023,20,496.0233525,498.3413746848053
fixed15_frequency34,-4,20250618::index=13.496023,34,496.0233525,480.71005952616423
fixed15_frequency34,-4,20250618::index=13.496023,39,496.0233525,470.3728717910485
fixed15_frequency34,-4,20250618::index=13.496023,42,496.0233525,438.9339056019849
fixed15_frequency34,-4,20250618::index=13.496023,44,496.0233525,505.9871997172401
fixed15_frequency34,-4,20250618::index=13.496023,48,496.0233525,468.5425460628827
fixed15_frequency34,-4,20250618::index=13.496023,51,496.0233525,471.3769590316799
fixed15_frequency34,-4,20250618::index=13.496023,53,496.0233525,475.29079397877194
fixed15_frequency34,-4,20250618::index=13.496023,54,496.0233525,520.3568556939014
fixed15_frequency34,-4,20250618::index=13.496023,59,496.0233525,511.2950467575019
fixed15_frequency34,-4,20250611::index=14.5.54E+05,8,554.1963218000001,557.4519438722683
fixed15_frequency34,-4,20250611::index=14.5.54E+05,9,554.1963218000001,550.0316616650014
fixed15_frequency34,-4,20250611::index=14.5.54E+05,10,554.1963218000001,538.3190150236387
fixed15_frequency34,-4,20250611::index=14.5.54E+05,14,554.1963218000001,547.3738643180959
fixed15_frequency34,-4,20250611::index=14.5.54E+05,29,554.1963218000001,537.8281542931594
fixed15_frequency34,-4,20250611::index=14.5.54E+05,30,554.1963218000001,483.8944706141717
fixed15_frequency34,-4,20250611::index=14.5.54E+05,33,554.1963218000001,592.8518468704569
fixed15_frequency34,-4,20250611::index=14.5.54E+05,36,554.1963218000001,553.6345377694628
fixed15_frequency34,-4,20250611::index=14.5.54E+05,43,554.1963218000001,532.407701723186
fixed15_frequency34,-4,20250611::index=14.5.54E+05,48,554.1963218000001,544.1028629447512
fixed15_frequency34,-4,20250611::index=14.5.54E+05,50,554.1963218000001,561.5580799201671
fixed15_frequency34,-4,20250611::index=14.5.54E+05,51,554.1963218000001,569.0721689033638
fixed15_frequency34,-4,20250611::index=14.5.54E+05,54,554.1963218000001,554.8348686562284
fixed15_frequency34,-4,20250611::index=14.5.54E+05,57,554.1963218000001,551.688247202574
fixed15_frequency34,-4,20250611::index=14.5.54E+05,58,554.1963218000001,521.2391448058268
fixed15_frequency34,-4,20250618::index=14.562158,8,562.1587854,542.5427749614753
fixed15_frequency34,-4,20250618::index=14.562158,9,562.1587854,571.7866641432144
fixed15_frequency34,-4,20250618::index=14.562158,10,562.1587854,565.9049876675882
fixed15_frequency34,-4,20250618::index=14.562158,14,562.1587854,568.0554216492976
fixed15_frequency34,-4,20250618::index=14.562158,29,562.1587854,554.9933544985106
fixed15_frequency34,-4,20250618::index=14.562158,30,562.1587854,568.9896887552324
fixed15_frequency34,-4,20250618::index=14.562158,33,562.1587854,560.3806567193383
fixed15_frequency34,-4,20250618::index=14.562158,36,562.1587854,578.2154228288507
fixed15_frequency34,-4,20250618::index=14.562158,43,562.1587854,572.4896381433543
fixed15_frequency34,-4,20250618::index=14.562158,48,562.1587854,523.6159418359431
fixed15_frequency34,-4,20250618::index=14.562158,50,562.1587854,559.0195864096739
fixed15_frequency34,-4,20250618::index=14.562158,51,562.1587854,561.1387853176076
fixed15_frequency34,-4,20250618::index=14.562158,54,562.1587854,543.3692666947593
fixed15_frequency34,-4,20250618::index=14.562158,57,562.1587854,557.7786136705303
fixed15_frequency34,-4,20250618::index=14.562158,58,562.1587854,584.4933623211914
fixed15_frequency34,-4,20250611::index=4.5.76E+04,2,57.59331665,72.79379086658913
fixed15_frequency34,-4,20250611::index=4.5.76E+04,3,57.59331665,63.36578462319498
fixed15_frequency34,-4,20250611::index=4.5.76E+04,6,57.59331665,66.48181107353786
fixed15_frequency34,-4,20250611::index=4.5.76E+04,11,57.59331665,71.42022838049262
fixed15_frequency34,-4,20250611::index=4.5.76E+04,13,57.59331665,66.92077931274153
fixed15_frequency34,-4,20250611::index=4.5.76E+04,15,57.59331665,61.892204288320315
fixed15_frequency34,-4,20250611::index=4.5.76E+04,18,57.59331665,72.03729291079468
fixed15_frequency34,-4,20250611::index=4.5.76E+04,33,57.59331665,74.24145505809317
fixed15_frequency34,-4,20250611::index=4.5.76E+04,38,57.59331665,71.48726754627249
fixed15_frequency34,-4,20250611::index=4.5.76E+04,41,57.59331665,70.97016417725584
fixed15_frequency34,-4,20250611::index=4.5.76E+04,42,57.59331665,72.79136922210274
fixed15_frequency34,-4,20250611::index=4.5.76E+04,44,57.59331665,58.89822746116035
fixed15_frequency34,-4,20250611::index=4.5.76E+04,46,57.59331665,72.2096635612691
fixed15_frequency34,-4,20250611::index=4.5.76E+04,54,57.59331665,77.22135577382278
fixed15_frequency34,-4,20250611::index=4.5.76E+04,55,57.59331665,80.08477885361935
fixed15_frequency34,-4,20250618::index=4.58389,2,58.38985471,162.2136988593031
fixed15_frequency34,-4,20250618::index=4.58389,3,58.38985471,158.34737145080885
fixed15_frequency34,-4,20250618::index=4.58389,6,58.38985471,157.68126184977484
fixed15_frequency34,-4,20250618::index=4.58389,11,58.38985471,135.90104898973718
fixed15_frequency34,-4,20250618::index=4.58389,13,58.38985471,141.22212180494384
fixed15_frequency34,-4,20250618::index=4.58389,15,58.38985471,137.06456037506035
fixed15_frequency34,-4,20250618::index=4.58389,18,58.38985471,167.59785292446008
fixed15_frequency34,-4,20250618::index=4.58389,33,58.38985471,170.14142561735295
fixed15_frequency34,-4,20250618::index=4.58389,38,58.38985471,168.9624595748733
fixed15_frequency34,-4,20250618::index=4.58389,41,58.38985471,136.0213833757156
fixed15_frequency34,-4,20250618::index=4.58389,42,58.38985471,169.78086854476962
fixed15_frequency34,-4,20250618::index=4.58389,44,58.38985471,184.6994283100476
fixed15_frequency34,-4,20250618::index=4.58389,46,58.38985471,136.70411630809855
fixed15_frequency34,-4,20250618::index=4.58389,54,58.38985471,135.4265651705541
fixed15_frequency34,-4,20250618::index=4.58389,55,58.38985471,97.81612480073015
fixed15_frequency34,-4,20250611::index=15.6.24E+05,3,624.4425514,639.8301542116269
fixed15_frequency34,-4,20250611::index=15.6.24E+05,4,624.4425514,615.773798954096
fixed15_frequency34,-4,20250611::index=15.6.24E+05,11,624.4425514,646.4166542676011
fixed15_frequency34,-4,20250611::index=15.6.24E+05,13,624.4425514,590.2295787927483
fixed15_frequency34,-4,20250611::index=15.6.24E+05,14,624.4425514,627.1428943881747
fixed15_frequency34,-4,20250611::index=15.6.24E+05,18,624.4425514,609.5287802828734
fixed15_frequency34,-4,20250611::index=15.6.24E+05,19,624.4425514,617.4597465706447
fixed15_frequency34,-4,20250611::index=15.6.24E+05,27,624.4425514,615.4451616604752
fixed15_frequency34,-4,20250611::index=15.6.24E+05,39,624.4425514,632.6877538837317
fixed15_frequency34,-4,20250611::index=15.6.24E+05,43,624.4425514,635.5073737925858
fixed15_frequency34,-4,20250611::index=15.6.24E+05,46,624.4425514,626.9299142160711
fixed15_frequency34,-4,20250611::index=15.6.24E+05,51,624.4425514,628.7028609263266
fixed15_frequency34,-4,20250611::index=15.6.24E+05,55,624.4425514,645.087446761658
fixed15_frequency34,-4,20250611::index=15.6.24E+05,57,624.4425514,617.1719621373321
fixed15_frequency34,-4,20250611::index=15.6.24E+05,58,624.4425514,626.1025071506297
fixed15_frequency34,-4,20250618::index=15.633482,3,633.482536,648.2069736429717
fixed15_frequency34,-4,20250618::index=15.633482,4,633.482536,639.7351849608375
fixed15_frequency34,-4,20250618::index=15.633482,11,633.482536,644.8133878648154
fixed15_frequency34,-4,20250618::index=15.633482,13,633.482536,583.7272637392997
fixed15_frequency34,-4,20250618::index=15.633482,14,633.482536,642.4013158615325
fixed15_frequency34,-4,20250618::index=15.633482,18,633.482536,615.8325843690479
fixed15_frequency34,-4,20250618::index=15.633482,19,633.482536,645.9220749398246
fixed15_frequency34,-4,20250618::index=15.633482,27,633.482536,600.9089178968478
fixed15_frequency34,-4,20250618::index=15.633482,39,633.482536,590.7999789719711
fixed15_frequency34,-4,20250618::index=15.633482,43,633.482536,651.3390948850379
fixed15_frequency34,-4,20250618::index=15.633482,46,633.482536,686.1424325205419
fixed15_frequency34,-4,20250618::index=15.633482,51,633.482536,691.3493140455189
fixed15_frequency34,-4,20250618::index=15.633482,55,633.482536,592.6696665956207
fixed15_frequency34,-4,20250618::index=15.633482,57,633.482536,639.6334114069223
fixed15_frequency34,-4,20250618::index=15.633482,58,633.482536,647.126343467603
fixed15_frequency34,-4,20250611::index=16.6.98E+05,2,698.421296,662.8009288352166
fixed15_frequency34,-4,20250611::index=16.6.98E+05,6,698.421296,739.4442358778495
fixed15_frequency34,-4,20250611::index=16.6.98E+05,9,698.421296,667.1358499037067
fixed15_frequency34,-4,20250611::index=16.6.98E+05,10,698.421296,689.2881826638984
fixed15_frequency34,-4,20250611::index=16.6.98E+05,13,698.421296,694.8437433227475
fixed15_frequency34,-4,20250611::index=16.6.98E+05,17,698.421296,682.4719124258353
fixed15_frequency34,-4,20250611::index=16.6.98E+05,35,698.421296,683.7225945068756
fixed15_frequency34,-4,20250611::index=16.6.98E+05,37,698.421296,705.8656102276046
fixed15_frequency34,-4,20250611::index=16.6.98E+05,39,698.421296,677.1955148169862
fixed15_frequency34,-4,20250611::index=16.6.98E+05,40,698.421296,702.8166196751421
fixed15_frequency34,-4,20250611::index=16.6.98E+05,46,698.421296,747.7094271603265
fixed15_frequency34,-4,20250611::index=16.6.98E+05,47,698.421296,693.6337419794291
fixed15_frequency34,-4,20250611::index=16.6.98E+05,52,698.421296,748.6685416236437
fixed15_frequency34,-4,20250611::index=16.6.98E+05,55,698.421296,668.3419755264398
fixed15_frequency34,-4,20250611::index=16.6.98E+05,57,698.421296,684.5527237639916
fixed15_frequency34,-4,20250618::index=16.709792,2,709.7927143,702.846176374357
fixed15_frequency34,-4,20250618::index=16.709792,6,709.7927143,737.6053842127757
fixed15_frequency34,-4,20250618::index=16.709792,9,709.7927143,701.0271566798696
fixed15_frequency34,-4,20250618::index=16.709792,10,709.7927143,739.5477786384497
fixed15_frequency34,-4,20250618::index=16.709792,13,709.7927143,706.1680789238783
fixed15_frequency34,-4,20250618::index=16.709792,17,709.7927143,710.4111612484664
fixed15_frequency34,-4,20250618::index=16.709792,35,709.7927143,702.3208185326602
fixed15_frequency34,-4,20250618::index=16.709792,37,709.7927143,722.2358559529663
fixed15_frequency34,-4,20250618::index=16.709792,39,709.7927143,696.9043582011473
fixed15_frequency34,-4,20250618::index=16.709792,40,709.7927143,747.8376464837215
fixed15_frequency34,-4,20250618::index=16.709792,46,709.7927143,755.991357629706
fixed15_frequency34,-4,20250618::index=16.709792,47,709.7927143,719.6343866404842
fixed15_frequency34,-4,20250618::index=16.709792,52,709.7927143,697.3162401374223
fixed15_frequency34,-4,20250618::index=16.709792,55,709.7927143,697.5115003879303
fixed15_frequency34,-4,20250618::index=16.709792,57,709.7927143,665.4514325391219
fixed15_frequency34,-4,20250611::index=17.7.77E+05,5,776.6472223000001,791.2870686964965
fixed15_frequency34,-4,20250611::index=17.7.77E+05,6,776.6472223000001,789.3731228412034
fixed15_frequency34,-4,20250611::index=17.7.77E+05,7,776.6472223000001,827.5475856152314
fixed15_frequency34,-4,20250611::index=17.7.77E+05,8,776.6472223000001,810.2794904943815
fixed15_frequency34,-4,20250611::index=17.7.77E+05,10,776.6472223000001,777.590537380683
fixed15_frequency34,-4,20250611::index=17.7.77E+05,14,776.6472223000001,757.6505556318858
fixed15_frequency34,-4,20250611::index=17.7.77E+05,19,776.6472223000001,822.3468406709842
fixed15_frequency34,-4,20250611::index=17.7.77E+05,24,776.6472223000001,777.7485627906469
fixed15_frequency34,-4,20250611::index=17.7.77E+05,26,776.6472223000001,764.3512328578353
fixed15_frequency34,-4,20250611::index=17.7.77E+05,31,776.6472223000001,807.0832774403726
fixed15_frequency34,-4,20250611::index=17.7.77E+05,41,776.6472223000001,787.737974849922
fixed15_frequency34,-4,20250611::index=17.7.77E+05,52,776.6472223000001,793.6890962647741
fixed15_frequency34,-4,20250611::index=17.7.77E+05,53,776.6472223000001,815.4393720295757
fixed15_frequency34,-4,20250611::index=17.7.77E+05,54,776.6472223000001,797.9381870081997
fixed15_frequency34,-4,20250611::index=17.7.77E+05,55,776.6472223000001,787.3853432050581
fixed15_frequency34,-4,20250618::index=17.789500,5,789.5001968,768.4468755286786
fixed15_frequency34,-4,20250618::index=17.789500,6,789.5001968,831.6370257739903
fixed15_frequency34,-4,20250618::index=17.789500,7,789.5001968,760.3489952735698
fixed15_frequency34,-4,20250618::index=17.789500,8,789.5001968,698.3810666462114
fixed15_frequency34,-4,20250618::index=17.789500,10,789.5001968,768.9981094806482
fixed15_frequency34,-4,20250618::index=17.789500,14,789.5001968,856.3296477890046
fixed15_frequency34,-4,20250618::index=17.789500,19,789.5001968,821.8325701117385
fixed15_frequency34,-4,20250618::index=17.789500,24,789.5001968,771.5001689543133
fixed15_frequency34,-4,20250618::index=17.789500,26,789.5001968,850.4198990019534
fixed15_frequency34,-4,20250618::index=17.789500,31,789.5001968,765.7709929370469
fixed15_frequency34,-4,20250618::index=17.789500,41,789.5001968,781.1256548011703
fixed15_frequency34,-4,20250618::index=17.789500,52,789.5001968,778.947927104232
fixed15_frequency34,-4,20250618::index=17.789500,53,789.5001968,767.6345164452955
fixed15_frequency34,-4,20250618::index=17.789500,54,789.5001968,809.4743101092569
fixed15_frequency34,-4,20250618::index=17.789500,55,789.5001968,804.1089031380174
fixed15_frequency34,-4,20250611::index=18.8.59E+05,0,859.3439142,861.2040865439456
fixed15_frequency34,-4,20250611::index=18.8.59E+05,5,859.3439142,831.0851546062421
fixed15_frequency34,-4,20250611::index=18.8.59E+05,14,859.3439142,851.1153066894935
fixed15_frequency34,-4,20250611::index=18.8.59E+05,18,859.3439142,835.2428085818227
fixed15_frequency34,-4,20250611::index=18.8.59E+05,19,859.3439142,845.2707541348424
fixed15_frequency34,-4,20250611::index=18.8.59E+05,21,859.3439142,847.742802649908
fixed15_frequency34,-4,20250611::index=18.8.59E+05,26,859.3439142,849.12869181806
fixed15_frequency34,-4,20250611::index=18.8.59E+05,27,859.3439142,859.981747073714
fixed15_frequency34,-4,20250611::index=18.8.59E+05,32,859.3439142,854.4233187373464
fixed15_frequency34,-4,20250611::index=18.8.59E+05,36,859.3439142,850.7536101821006
fixed15_frequency34,-4,20250611::index=18.8.59E+05,43,859.3439142,814.8368309615128
fixed15_frequency34,-4,20250611::index=18.8.59E+05,53,859.3439142,847.0091382142398
fixed15_frequency34,-4,20250611::index=18.8.59E+05,54,859.3439142,859.2695201767935
fixed15_frequency34,-4,20250611::index=18.8.59E+05,56,859.3439142,856.4262746658474
fixed15_frequency34,-4,20250611::index=18.8.59E+05,57,859.3439142,844.1734293018078
fixed15_frequency34,-4,20250618::index=18.873637,0,873.6370359,854.5449371612826
fixed15_frequency34,-4,20250618::index=18.873637,5,873.6370359,859.1819798249569
fixed15_frequency34,-4,20250618::index=18.873637,14,873.6370359,868.5337004050322
fixed15_frequency34,-4,20250618::index=18.873637,18,873.6370359,866.4487208744408
fixed15_frequency34,-4,20250618::index=18.873637,19,873.6370359,859.7696411517472
fixed15_frequency34,-4,20250618::index=18.873637,21,873.6370359,854.339993923545
fixed15_frequency34,-4,20250618::index=18.873637,26,873.6370359,879.083309058555
fixed15_frequency34,-4,20250618::index=18.873637,27,873.6370359,845.2129394827045
fixed15_frequency34,-4,20250618::index=18.873637,32,873.6370359,860.1731017693955
fixed15_frequency34,-4,20250618::index=18.873637,36,873.6370359,844.06964446073
fixed15_frequency34,-4,20250618::index=18.873637,43,873.6370359,868.1373901706258
fixed15_frequency34,-4,20250618::index=18.873637,53,873.6370359,866.4033580168566
fixed15_frequency34,-4,20250618::index=18.873637,54,873.6370359,846.5320415943617
fixed15_frequency34,-4,20250618::index=18.873637,56,873.6370359,859.7669220436547
fixed15_frequency34,-4,20250618::index=18.873637,57,873.6370359,863.5173122376992
fixed15_temporal46,-4,20250618::index=1.0,0,-1.42e-09,158.953488149936
fixed15_temporal46,-4,20250618::index=1.0,3,-1.42e-09,117.89199632557047
fixed15_temporal46,-4,20250618::index=1.0,5,-1.42e-09,166.06348280032006
fixed15_temporal46,-4,20250618::index=1.0,12,-1.42e-09,176.9359449649261
fixed15_temporal46,-4,20250618::index=1.0,13,-1.42e-09,121.946939537372
fixed15_temporal46,-4,20250618::index=1.0,31,-1.42e-09,164.68869049663982
fixed15_temporal46,-4,20250618::index=1.0,33,-1.42e-09,157.5731959974569
fixed15_temporal46,-4,20250618::index=1.0,36,-1.42e-09,175.0770720395259
fixed15_temporal46,-4,20250618::index=1.0,45,-1.42e-09,169.55100726935464
fixed15_temporal46,-4,20250618::index=1.0,46,-1.42e-09,156.26452823533455
fixed15_temporal46,-4,20250618::index=1.0,48,-1.42e-09,165.4261016384427
fixed15_temporal46,-4,20250618::index=1.0,50,-1.42e-09,169.30460095984049
fixed15_temporal46,-4,20250618::index=1.0,52,-1.42e-09,163.37995363167605
fixed15_temporal46,-4,20250618::index=1.0,54,-1.42e-09,154.8464319371183
fixed15_temporal46,-4,20250618::index=1.0,57,-1.42e-09,152.9437012244076
fixed15_temporal46,-4,20250611::index=1.3.28E-04,0,3.28047e-07,154.7674962205866
fixed15_temporal46,-4,20250611::index=1.3.28E-04,3,3.28047e-07,160.90620100491415
fixed15_temporal46,-4,20250611::index=1.3.28E-04,5,3.28047e-07,261.39453033818984
fixed15_temporal46,-4,20250611::index=1.3.28E-04,12,3.28047e-07,16.241238672831777
fixed15_temporal46,-4,20250611::index=1.3.28E-04,13,3.28047e-07,81.72644198290033
fixed15_temporal46,-4,20250611::index=1.3.28E-04,31,3.28047e-07,172.23708125529387
fixed15_temporal46,-4,20250611::index=1.3.28E-04,33,3.28047e-07,82.43496477426126
fixed15_temporal46,-4,20250611::index=1.3.28E-04,36,3.28047e-07,58.869840442501314
fixed15_temporal46,-4,20250611::index=1.3.28E-04,45,3.28047e-07,113.36505163273442
fixed15_temporal46,-4,20250611::index=1.3.28E-04,46,3.28047e-07,167.18371164549293
fixed15_temporal46,-4,20250611::index=1.3.28E-04,48,3.28047e-07,137.7231406616764
fixed15_temporal46,-4,20250611::index=1.3.28E-04,50,3.28047e-07,73.6966379767044
fixed15_temporal46,-4,20250611::index=1.3.28E-04,52,3.28047e-07,131.95613055955408
fixed15_temporal46,-4,20250611::index=1.3.28E-04,54,3.28047e-07,19.660341422213094
fixed15_temporal46,-4,20250611::index=1.3.28E-04,57,3.28047e-07,105.44133526806274
fixed15_temporal46,-4,20250611::index=5.1.11E+05,17,111.2647017,24.721181774056866
fixed15_temporal46,-4,20250611::index=5.1.11E+05,19,111.2647017,36.02524764067387
fixed15_temporal46,-4,20250611::index=5.1.11E+05,21,111.2647017,24.34847902045949
fixed15_temporal46,-4,20250611::index=5.1.11E+05,23,111.2647017,32.521792271989796
fixed15_temporal46,-4,20250611::index=5.1.11E+05,28,111.2647017,20.14273702709626
fixed15_temporal46,-4,20250611::index=5.1.11E+05,34,111.2647017,55.48664991138134
fixed15_temporal46,-4,20250611::index=5.1.11E+05,35,111.2647017,131.58521247031823
fixed15_temporal46,-4,20250611::index=5.1.11E+05,41,111.2647017,21.439383858689006
fixed15_temporal46,-4,20250611::index=5.1.11E+05,46,111.2647017,38.21610397043855
fixed15_temporal46,-4,20250611::index=5.1.11E+05,47,111.2647017,51.35817929940543
fixed15_temporal46,-4,20250611::index=5.1.11E+05,48,111.2647017,30.053773520412673
fixed15_temporal46,-4,20250611::index=5.1.11E+05,51,111.2647017,28.684492648705476
fixed15_temporal46,-4,20250611::index=5.1.11E+05,55,111.2647017,24.312220880896856
fixed15_temporal46,-4,20250611::index=5.1.11E+05,56,111.2647017,40.16797644050336
fixed15_temporal46,-4,20250611::index=5.1.11E+05,58,111.2647017,35.38324265577737
fixed15_temporal46,-4,20250618::index=5.113188,17,113.1882901,131.5598248244794
fixed15_temporal46,-4,20250618::index=5.113188,19,113.1882901,81.77310993286922
fixed15_temporal46,-4,20250618::index=5.113188,21,113.1882901,48.439550463205805
fixed15_temporal46,-4,20250618::index=5.113188,23,113.1882901,82.17131578141127
fixed15_temporal46,-4,20250618::index=5.113188,28,113.1882901,84.14322428814424
fixed15_temporal46,-4,20250618::index=5.113188,34,113.1882901,67.43429766204797
fixed15_temporal46,-4,20250618::index=5.113188,35,113.1882901,83.54211853784906
fixed15_temporal46,-4,20250618::index=5.113188,41,113.1882901,69.09318482485584
fixed15_temporal46,-4,20250618::index=5.113188,46,113.1882901,73.427031396389
fixed15_temporal46,-4,20250618::index=5.113188,47,113.1882901,63.33133461062299
fixed15_temporal46,-4,20250618::index=5.113188,48,113.1882901,67.23403869735941
fixed15_temporal46,-4,20250618::index=5.113188,51,113.1882901,67.77019482796628
fixed15_temporal46,-4,20250618::index=5.113188,55,113.1882901,72.70218198766428
fixed15_temporal46,-4,20250618::index=5.113188,56,113.1882901,90.17269484780296
fixed15_temporal46,-4,20250618::index=5.113188,58,113.1882901,94.90573442255854
fixed15_temporal46,-4,20250611::index=6.1.44E+05,6,144.32426180000002,42.7269751467994
fixed15_temporal46,-4,20250611::index=6.1.44E+05,11,144.32426180000002,34.370416164399956
fixed15_temporal46,-4,20250611::index=6.1.44E+05,13,144.32426180000002,38.003754491320656
fixed15_temporal46,-4,20250611::index=6.1.44E+05,26,144.32426180000002,87.73358307492997
fixed15_temporal46,-4,20250611::index=6.1.44E+05,31,144.32426180000002,47.57545253038342
fixed15_temporal46,-4,20250611::index=6.1.44E+05,34,144.32426180000002,36.95799430258409
fixed15_temporal46,-4,20250611::index=6.1.44E+05,35,144.32426180000002,141.5212042435106
fixed15_temporal46,-4,20250611::index=6.1.44E+05,36,144.32426180000002,14.74387684278369
fixed15_temporal46,-4,20250611::index=6.1.44E+05,38,144.32426180000002,95.54374448033863
fixed15_temporal46,-4,20250611::index=6.1.44E+05,40,144.32426180000002,46.03529767755702
fixed15_temporal46,-4,20250611::index=6.1.44E+05,46,144.32426180000002,105.19016291885322
fixed15_temporal46,-4,20250611::index=6.1.44E+05,47,144.32426180000002,32.15721624023665
fixed15_temporal46,-4,20250611::index=6.1.44E+05,56,144.32426180000002,89.11581642245896
fixed15_temporal46,-4,20250611::index=6.1.44E+05,58,144.32426180000002,104.87056567052214
fixed15_temporal46,-4,20250611::index=6.1.44E+05,59,144.32426180000002,95.08118799866206
fixed15_temporal46,-4,20250618::index=6.146381,6,146.38165049999998,113.44834019513723
fixed15_temporal46,-4,20250618::index=6.146381,11,146.38165049999998,93.11604797158556
fixed15_temporal46,-4,20250618::index=6.146381,13,146.38165049999998,114.10514089315474
fixed15_temporal46,-4,20250618::index=6.146381,26,146.38165049999998,56.881323411815444
fixed15_temporal46,-4,20250618::index=6.146381,31,146.38165049999998,88.553260944974
fixed15_temporal46,-4,20250618::index=6.146381,34,146.38165049999998,91.37423569214918
fixed15_temporal46,-4,20250618::index=6.146381,35,146.38165049999998,185.83548282068855
fixed15_temporal46,-4,20250618::index=6.146381,36,146.38165049999998,115.02917545195464
fixed15_temporal46,-4,20250618::index=6.146381,38,146.38165049999998,103.0806453602048
fixed15_temporal46,-4,20250618::index=6.146381,40,146.38165049999998,86.6101654407771
fixed15_temporal46,-4,20250618::index=6.146381,46,146.38165049999998,91.61324964503136
fixed15_temporal46,-4,20250618::index=6.146381,47,146.38165049999998,51.30415842659088
fixed15_temporal46,-4,20250618::index=6.146381,56,146.38165049999998,115.16490770097826
fixed15_temporal46,-4,20250618::index=6.146381,58,146.38165049999998,100.67266987069651
fixed15_temporal46,-4,20250618::index=6.146381,59,146.38165049999998,115.5552642472656
fixed15_temporal46,-4,20250611::index=7.1.81E+05,4,181.378003,72.67870808131879
fixed15_temporal46,-4,20250611::index=7.1.81E+05,5,181.378003,61.173084352289585
fixed15_temporal46,-4,20250611::index=7.1.81E+05,10,181.378003,59.040006616044145
fixed15_temporal46,-4,20250611::index=7.1.81E+05,15,181.378003,77.24061077834932
fixed15_temporal46,-4,20250611::index=7.1.81E+05,18,181.378003,97.70125774039609
fixed15_temporal46,-4,20250611::index=7.1.81E+05,20,181.378003,146.477297768853
fixed15_temporal46,-4,20250611::index=7.1.81E+05,26,181.378003,144.63759831475627
fixed15_temporal46,-4,20250611::index=7.1.81E+05,28,181.378003,37.57609354579601
fixed15_temporal46,-4,20250611::index=7.1.81E+05,33,181.378003,52.08151988135086
fixed15_temporal46,-4,20250611::index=7.1.81E+05,37,181.378003,73.47805177466438
fixed15_temporal46,-4,20250611::index=7.1.81E+05,41,181.378003,58.15124747504641
fixed15_temporal46,-4,20250611::index=7.1.81E+05,44,181.378003,52.70770754903601
fixed15_temporal46,-4,20250611::index=7.1.81E+05,56,181.378003,57.33561559473131
fixed15_temporal46,-4,20250611::index=7.1.81E+05,57,181.378003,92.52551029135198
fixed15_temporal46,-4,20250611::index=7.1.81E+05,58,181.378003,103.82808040424237
fixed15_temporal46,-4,20250618::index=7.184190,4,184.1909699,111.64797489750659
fixed15_temporal46,-4,20250618::index=7.184190,5,184.1909699,145.49269246938726
fixed15_temporal46,-4,20250618::index=7.184190,10,184.1909699,116.15152549261515
fixed15_temporal46,-4,20250618::index=7.184190,15,184.1909699,143.65055651172048
fixed15_temporal46,-4,20250618::index=7.184190,18,184.1909699,142.85046921713607
fixed15_temporal46,-4,20250618::index=7.184190,20,184.1909699,140.33431234929418
fixed15_temporal46,-4,20250618::index=7.184190,26,184.1909699,156.15105341970028
fixed15_temporal46,-4,20250618::index=7.184190,28,184.1909699,160.74003436890663
fixed15_temporal46,-4,20250618::index=7.184190,33,184.1909699,257.2947933743304
fixed15_temporal46,-4,20250618::index=7.184190,37,184.1909699,183.44406609842773
fixed15_temporal46,-4,20250618::index=7.184190,41,184.1909699,183.9795072268063
fixed15_temporal46,-4,20250618::index=7.184190,44,184.1909699,168.72571789605234
fixed15_temporal46,-4,20250618::index=7.184190,56,184.1909699,149.22294590632166
fixed15_temporal46,-4,20250618::index=7.184190,57,184.1909699,205.794899115242
fixed15_temporal46,-4,20250618::index=7.184190,58,184.1909699,140.6813989463843
fixed15_temporal46,-4,20250611::index=3.2.10E+04,1,20.97971604,30.891802755232707
fixed15_temporal46,-4,20250611::index=3.2.10E+04,6,20.97971604,32.81113105246669
fixed15_temporal46,-4,20250611::index=3.2.10E+04,11,20.97971604,109.72033026569277
fixed15_temporal46,-4,20250611::index=3.2.10E+04,22,20.97971604,73.83696234482203
fixed15_temporal46,-4,20250611::index=3.2.10E+04,28,20.97971604,10.16935829713089
fixed15_temporal46,-4,20250611::index=3.2.10E+04,33,20.97971604,25.002753739003445
fixed15_temporal46,-4,20250611::index=3.2.10E+04,34,20.97971604,27.39079795924651
fixed15_temporal46,-4,20250611::index=3.2.10E+04,36,20.97971604,12.186919275760227
fixed15_temporal46,-4,20250611::index=3.2.10E+04,41,20.97971604,24.500578156499362
fixed15_temporal46,-4,20250611::index=3.2.10E+04,42,20.97971604,22.347543629735856
fixed15_temporal46,-4,20250611::index=3.2.10E+04,52,20.97971604,14.823468223702998
fixed15_temporal46,-4,20250611::index=3.2.10E+04,54,20.97971604,29.634997157081543
fixed15_temporal46,-4,20250611::index=3.2.10E+04,56,20.97971604,30.631375778888465
fixed15_temporal46,-4,20250611::index=3.2.10E+04,57,20.97971604,33.4701984342836
fixed15_temporal46,-4,20250611::index=3.2.10E+04,59,20.97971604,50.19462255574624
fixed15_temporal46,-4,20250618::index=3.21242,1,21.24286319,153.49555113493923
fixed15_temporal46,-4,20250618::index=3.21242,6,21.24286319,119.14890874697105
fixed15_temporal46,-4,20250618::index=3.21242,11,21.24286319,147.88220493027583
fixed15_temporal46,-4,20250618::index=3.21242,22,21.24286319,152.14413734616983
fixed15_temporal46,-4,20250618::index=3.21242,28,21.24286319,110.42631151785295
fixed15_temporal46,-4,20250618::index=3.21242,33,21.24286319,164.52459059451036
fixed15_temporal46,-4,20250618::index=3.21242,34,21.24286319,137.40455619466078
fixed15_temporal46,-4,20250618::index=3.21242,36,21.24286319,140.65220768024773
fixed15_temporal46,-4,20250618::index=3.21242,41,21.24286319,181.2442682747137
fixed15_temporal46,-4,20250618::index=3.21242,42,21.24286319,136.17349018286563
fixed15_temporal46,-4,20250618::index=3.21242,52,21.24286319,142.0686402744218
fixed15_temporal46,-4,20250618::index=3.21242,54,21.24286319,185.98874877567314
fixed15_temporal46,-4,20250618::index=3.21242,56,21.24286319,149.7169702692419
fixed15_temporal46,-4,20250618::index=3.21242,57,21.24286319,126.78931442866642
fixed15_temporal46,-4,20250618::index=3.21242,59,21.24286319,135.3644257302373
fixed15_temporal46,-4,20250611::index=8.2.22E+05,0,221.5051102,184.62315355764736
fixed15_temporal46,-4,20250611::index=8.2.22E+05,4,221.5051102,131.0860168862582
fixed15_temporal46,-4,20250611::index=8.2.22E+05,6,221.5051102,116.805474811315
fixed15_temporal46,-4,20250611::index=8.2.22E+05,9,221.5051102,208.2292637605173
fixed15_temporal46,-4,20250611::index=8.2.22E+05,13,221.5051102,129.49079007912658
fixed15_temporal46,-4,20250611::index=8.2.22E+05,15,221.5051102,149.01663229715922
fixed15_temporal46,-4,20250611::index=8.2.22E+05,17,221.5051102,152.05210202335263
fixed15_temporal46,-4,20250611::index=8.2.22E+05,22,221.5051102,143.00539127805453
fixed15_temporal46,-4,20250611::index=8.2.22E+05,24,221.5051102,127.94078114483693
fixed15_temporal46,-4,20250611::index=8.2.22E+05,28,221.5051102,117.55580736230618
fixed15_temporal46,-4,20250611::index=8.2.22E+05,31,221.5051102,152.32227530404518
fixed15_temporal46,-4,20250611::index=8.2.22E+05,39,221.5051102,148.67522027231962
fixed15_temporal46,-4,20250611::index=8.2.22E+05,40,221.5051102,135.31304597478572
fixed15_temporal46,-4,20250611::index=8.2.22E+05,50,221.5051102,81.23749028016226
fixed15_temporal46,-4,20250611::index=8.2.22E+05,59,221.5051102,113.32615963003947
fixed15_temporal46,-4,20250618::index=8.225704,0,225.70496179999998,147.8238156055341
fixed15_temporal46,-4,20250618::index=8.225704,4,225.70496179999998,280.3884664200621
fixed15_temporal46,-4,20250618::index=8.225704,6,225.70496179999998,183.4393745194812
fixed15_temporal46,-4,20250618::index=8.225704,9,225.70496179999998,159.64975647173986
fixed15_temporal46,-4,20250618::index=8.225704,13,225.70496179999998,278.17601785351206
fixed15_temporal46,-4,20250618::index=8.225704,15,225.70496179999998,206.72465696819984
fixed15_temporal46,-4,20250618::index=8.225704,17,225.70496179999998,186.1731906889284
fixed15_temporal46,-4,20250618::index=8.225704,22,225.70496179999998,179.68040974206392
fixed15_temporal46,-4,20250618::index=8.225704,24,225.70496179999998,189.21313120951928
fixed15_temporal46,-4,20250618::index=8.225704,28,225.70496179999998,196.08401298885008
fixed15_temporal46,-4,20250618::index=8.225704,31,225.70496179999998,178.84053597510723
fixed15_temporal46,-4,20250618::index=8.225704,39,225.70496179999998,291.91732562771745
fixed15_temporal46,-4,20250618::index=8.225704,40,225.70496179999998,283.98086767462985
fixed15_temporal46,-4,20250618::index=8.225704,50,225.70496179999998,271.7640605251396
fixed15_temporal46,-4,20250618::index=8.225704,59,225.70496179999998,267.020439247211
fixed15_temporal46,-4,20250611::index=2.2.36E+03,0,2.35533535,23.224031096838672
fixed15_temporal46,-4,20250611::index=2.2.36E+03,2,2.35533535,33.888482857850214
fixed15_temporal46,-4,20250611::index=2.2.36E+03,3,2.35533535,32.88544504048544
fixed15_temporal46,-4,20250611::index=2.2.36E+03,14,2.35533535,126.05335070609421
fixed15_temporal46,-4,20250611::index=2.2.36E+03,21,2.35533535,76.23421082883553
fixed15_temporal46,-4,20250611::index=2.2.36E+03,23,2.35533535,30.812083750611897
fixed15_temporal46,-4,20250611::index=2.2.36E+03,29,2.35533535,34.4592611289589
fixed15_temporal46,-4,20250611::index=2.2.36E+03,36,2.35533535,20.422037108629024
fixed15_temporal46,-4,20250611::index=2.2.36E+03,37,2.35533535,40.514641195456235
fixed15_temporal46,-4,20250611::index=2.2.36E+03,44,2.35533535,28.051615209756267
fixed15_temporal46,-4,20250611::index=2.2.36E+03,47,2.35533535,30.398629806909437
fixed15_temporal46,-4,20250611::index=2.2.36E+03,48,2.35533535,29.021958812786476
fixed15_temporal46,-4,20250611::index=2.2.36E+03,54,2.35533535,14.741208112507284
fixed15_temporal46,-4,20250611::index=2.2.36E+03,55,2.35533535,41.04869744047455
fixed15_temporal46,-4,20250611::index=2.2.36E+03,59,2.35533535,29.19539463491878
fixed15_temporal46,-4,20250618::index=2.2380,0,2.380025286,137.60541622731608
fixed15_temporal46,-4,20250618::index=2.2380,2,2.380025286,152.200477001937
fixed15_temporal46,-4,20250618::index=2.2380,3,2.380025286,105.26397931970138
fixed15_temporal46,-4,20250618::index=2.2380,14,2.380025286,119.73418762880218
fixed15_temporal46,-4,20250618::index=2.2380,21,2.380025286,106.2705946852577
fixed15_temporal46,-4,20250618::index=2.2380,23,2.380025286,144.9582836263473
fixed15_temporal46,-4,20250618::index=2.2380,29,2.380025286,125.16357797772099
fixed15_temporal46,-4,20250618::index=2.2380,36,2.380025286,141.52984244836915
fixed15_temporal46,-4,20250618::index=2.2380,37,2.380025286,185.67727024858556
fixed15_temporal46,-4,20250618::index=2.2380,44,2.380025286,175.7962438057678
fixed15_temporal46,-4,20250618::index=2.2380,47,2.380025286,170.8588285037701
fixed15_temporal46,-4,20250618::index=2.2380,48,2.380025286,162.87019020638056
fixed15_temporal46,-4,20250618::index=2.2380,54,2.380025286,185.39389694703388
fixed15_temporal46,-4,20250618::index=2.2380,55,2.380025286,191.9665466617506
fixed15_temporal46,-4,20250618::index=2.2380,59,2.380025286,156.54689743630414
fixed15_temporal46,-4,20250611::index=9.2.67E+05,3,266.90769650000004,296.54787829686035
fixed15_temporal46,-4,20250611::index=9.2.67E+05,6,266.90769650000004,288.1619742177699
fixed15_temporal46,-4,20250611::index=9.2.67E+05,7,266.90769650000004,295.60348283328744
fixed15_temporal46,-4,20250611::index=9.2.67E+05,15,266.90769650000004,255.25903090488214
fixed15_temporal46,-4,20250611::index=9.2.67E+05,18,266.90769650000004,284.8270146358768
fixed15_temporal46,-4,20250611::index=9.2.67E+05,21,266.90769650000004,276.43889161105506
fixed15_temporal46,-4,20250611::index=9.2.67E+05,26,266.90769650000004,277.62364808412343
fixed15_temporal46,-4,20250611::index=9.2.67E+05,27,266.90769650000004,152.29753109575444
fixed15_temporal46,-4,20250611::index=9.2.67E+05,29,266.90769650000004,286.359836629375
fixed15_temporal46,-4,20250611::index=9.2.67E+05,30,266.90769650000004,288.4078374012998
fixed15_temporal46,-4,20250611::index=9.2.67E+05,31,266.90769650000004,272.3991046277399
fixed15_temporal46,-4,20250611::index=9.2.67E+05,41,266.90769650000004,270.0257546724262
fixed15_temporal46,-4,20250611::index=9.2.67E+05,45,266.90769650000004,92.23796280782256
fixed15_temporal46,-4,20250611::index=9.2.67E+05,51,266.90769650000004,271.09723637008705
fixed15_temporal46,-4,20250611::index=9.2.67E+05,53,266.90769650000004,291.22789735173166
fixed15_temporal46,-4,20250618::index=9.271677,3,271.6776816,270.9078991722845
fixed15_temporal46,-4,20250618::index=9.271677,6,271.6776816,274.16648334974974
fixed15_temporal46,-4,20250618::index=9.271677,7,271.6776816,278.30443891958254
fixed15_temporal46,-4,20250618::index=9.271677,15,271.6776816,291.1236036893178
fixed15_temporal46,-4,20250618::index=9.271677,18,271.6776816,278.216475623519
fixed15_temporal46,-4,20250618::index=9.271677,21,271.6776816,267.8652788753343
fixed15_temporal46,-4,20250618::index=9.271677,26,271.6776816,267.5835084707404
fixed15_temporal46,-4,20250618::index=9.271677,27,271.6776816,205.8408753606112
fixed15_temporal46,-4,20250618::index=9.271677,29,271.6776816,264.28368625524627
fixed15_temporal46,-4,20250618::index=9.271677,30,271.6776816,278.9520759454342
fixed15_temporal46,-4,20250618::index=9.271677,31,271.6776816,187.93892174596016
fixed15_temporal46,-4,20250618::index=9.271677,41,271.6776816,268.2462334019351
fixed15_temporal46,-4,20250618::index=9.271677,45,271.6776816,283.2584183064276
fixed15_temporal46,-4,20250618::index=9.271677,51,271.6776816,173.36359024523952
fixed15_temporal46,-4,20250618::index=9.271677,53,271.6776816,182.621593679936
fixed15_temporal46,-4,20250611::index=10.3.15E+05,2,315.4661173,280.73337667419355
fixed15_temporal46,-4,20250611::index=10.3.15E+05,4,315.4661173,274.4379765436191
fixed15_temporal46,-4,20250611::index=10.3.15E+05,10,315.4661173,323.4392259896385
fixed15_temporal46,-4,20250611::index=10.3.15E+05,18,315.4661173,274.1674710343936
fixed15_temporal46,-4,20250611::index=10.3.15E+05,21,315.4661173,176.45738831004047
fixed15_temporal46,-4,20250611::index=10.3.15E+05,27,315.4661173,303.68199420161915
fixed15_temporal46,-4,20250611::index=10.3.15E+05,29,315.4661173,275.55959640363426
fixed15_temporal46,-4,20250611::index=10.3.15E+05,31,315.4661173,314.72825881592996
fixed15_temporal46,-4,20250611::index=10.3.15E+05,40,315.4661173,331.6431817478168
fixed15_temporal46,-4,20250611::index=10.3.15E+05,45,315.4661173,361.7733973306777
fixed15_temporal46,-4,20250611::index=10.3.15E+05,47,315.4661173,328.71601720848986
fixed15_temporal46,-4,20250611::index=10.3.15E+05,48,315.4661173,299.37474325118046
fixed15_temporal46,-4,20250611::index=10.3.15E+05,50,315.4661173,344.4311227003894
fixed15_temporal46,-4,20250611::index=10.3.15E+05,53,315.4661173,276.9766342007183
fixed15_temporal46,-4,20250611::index=10.3.15E+05,55,315.4661173,292.62379657766814
fixed15_temporal46,-4,20250618::index=10.322114,2,322.1142428,282.02713805427913
fixed15_temporal46,-4,20250618::index=10.322114,4,322.1142428,330.29818757346834
fixed15_temporal46,-4,20250618::index=10.322114,10,322.1142428,279.29130439234495
fixed15_temporal46,-4,20250618::index=10.322114,18,322.1142428,309.39783293685883
fixed15_temporal46,-4,20250618::index=10.322114,21,322.1142428,277.30654669961103
fixed15_temporal46,-4,20250618::index=10.322114,27,322.1142428,287.133628346471
fixed15_temporal46,-4,20250618::index=10.322114,29,322.1142428,145.43255925296506
fixed15_temporal46,-4,20250618::index=10.322114,31,322.1142428,268.23895084324374
fixed15_temporal46,-4,20250618::index=10.322114,40,322.1142428,190.763166166965
fixed15_temporal46,-4,20250618::index=10.322114,45,322.1142428,269.34763956338617
fixed15_temporal46,-4,20250618::index=10.322114,47,322.1142428,261.33397789689496
fixed15_temporal46,-4,20250618::index=10.322114,48,322.1142428,272.0631622828276
fixed15_temporal46,-4,20250618::index=10.322114,50,322.1142428,163.87089675535637
fixed15_temporal46,-4,20250618::index=10.322114,53,322.1142428,167.9645860441277
fixed15_temporal46,-4,20250618::index=10.322114,55,322.1142428,165.71855036854018
fixed15_temporal46,-4,20250611::index=11.3.69E+05,1,368.97810499999997,373.74246520434923
fixed15_temporal46,-4,20250611::index=11.3.69E+05,5,368.97810499999997,408.66246809964645
fixed15_temporal46,-4,20250611::index=11.3.69E+05,15,368.97810499999997,373.46211757662167
fixed15_temporal46,-4,20250611::index=11.3.69E+05,17,368.97810499999997,369.8839034888293
fixed15_temporal46,-4,20250611::index=11.3.69E+05,20,368.97810499999997,388.8949843167458
fixed15_temporal46,-4,20250611::index=11.3.69E+05,31,368.97810499999997,387.40484433520635
fixed15_temporal46,-4,20250611::index=11.3.69E+05,37,368.97810499999997,394.0143186089219
fixed15_temporal46,-4,20250611::index=11.3.69E+05,44,368.97810499999997,325.5863249829321
fixed15_temporal46,-4,20250611::index=11.3.69E+05,45,368.97810499999997,373.2921911288146
fixed15_temporal46,-4,20250611::index=11.3.69E+05,49,368.97810499999997,362.61536790616606
fixed15_temporal46,-4,20250611::index=11.3.69E+05,50,368.97810499999997,328.4214273763496
fixed15_temporal46,-4,20250611::index=11.3.69E+05,53,368.97810499999997,364.4230727773944
fixed15_temporal46,-4,20250611::index=11.3.69E+05,54,368.97810499999997,367.6932285216292
fixed15_temporal46,-4,20250611::index=11.3.69E+05,55,368.97810499999997,367.20282558679435
fixed15_temporal46,-4,20250611::index=11.3.69E+05,58,368.97810499999997,344.4363422936386
fixed15_temporal46,-4,20250618::index=11.376320,1,376.3201201,373.5487338782246
fixed15_temporal46,-4,20250618::index=11.376320,5,376.3201201,378.98333602357593
fixed15_temporal46,-4,20250618::index=11.376320,15,376.3201201,332.61531626860403
fixed15_temporal46,-4,20250618::index=11.376320,17,376.3201201,355.23024237038146
fixed15_temporal46,-4,20250618::index=11.376320,20,376.3201201,376.6896215993648
fixed15_temporal46,-4,20250618::index=11.376320,31,376.3201201,275.9738486995812
fixed15_temporal46,-4,20250618::index=11.376320,37,376.3201201,328.5914559896873
fixed15_temporal46,-4,20250618::index=11.376320,44,376.3201201,357.73728991709027
fixed15_temporal46,-4,20250618::index=11.376320,45,376.3201201,375.55269559166663
fixed15_temporal46,-4,20250618::index=11.376320,49,376.3201201,361.66196718860334
fixed15_temporal46,-4,20250618::index=11.376320,50,376.3201201,337.06939599694607
fixed15_temporal46,-4,20250618::index=11.376320,53,376.3201201,367.3725022226108
fixed15_temporal46,-4,20250618::index=11.376320,54,376.3201201,345.45179385028547
fixed15_temporal46,-4,20250618::index=11.376320,55,376.3201201,393.95623891718185
fixed15_temporal46,-4,20250618::index=11.376320,58,376.3201201,364.6402312376638
fixed15_temporal46,-4,20250611::index=12.4.27E+05,3,427.27619500000003,440.0653269166996
fixed15_temporal46,-4,20250611::index=12.4.27E+05,9,427.27619500000003,433.5962169257352
fixed15_temporal46,-4,20250611::index=12.4.27E+05,13,427.27619500000003,439.13979330096373
fixed15_temporal46,-4,20250611::index=12.4.27E+05,15,427.27619500000003,467.5986417053526
fixed15_temporal46,-4,20250611::index=12.4.27E+05,17,427.27619500000003,447.71626577666007
fixed15_temporal46,-4,20250611::index=12.4.27E+05,22,427.27619500000003,479.3792313592294
fixed15_temporal46,-4,20250611::index=12.4.27E+05,28,427.27619500000003,428.00270761954465
fixed15_temporal46,-4,20250611::index=12.4.27E+05,30,427.27619500000003,429.82344311213717
fixed15_temporal46,-4,20250611::index=12.4.27E+05,39,427.27619500000003,434.44968974659764
fixed15_temporal46,-4,20250611::index=12.4.27E+05,42,427.27619500000003,462.60396827187196
fixed15_temporal46,-4,20250611::index=12.4.27E+05,44,427.27619500000003,433.11097403207407
fixed15_temporal46,-4,20250611::index=12.4.27E+05,46,427.27619500000003,485.84339814985384
fixed15_temporal46,-4,20250611::index=12.4.27E+05,47,427.27619500000003,470.11245950659804
fixed15_temporal46,-4,20250611::index=12.4.27E+05,54,427.27619500000003,424.55585075060935
fixed15_temporal46,-4,20250611::index=12.4.27E+05,57,427.27619500000003,466.4747984723798
fixed15_temporal46,-4,20250618::index=12.434018,3,434.0180833,380.4999980599887
fixed15_temporal46,-4,20250618::index=12.434018,9,434.0180833,409.5875890923498
fixed15_temporal46,-4,20250618::index=12.434018,13,434.0180833,486.99253997500216
fixed15_temporal46,-4,20250618::index=12.434018,15,434.0180833,395.5161190604316
fixed15_temporal46,-4,20250618::index=12.434018,17,434.0180833,392.25080428888265
fixed15_temporal46,-4,20250618::index=12.434018,22,434.0180833,380.3914665392539
fixed15_temporal46,-4,20250618::index=12.434018,28,434.0180833,403.87937802843106
fixed15_temporal46,-4,20250618::index=12.434018,30,434.0180833,471.9742458171908
fixed15_temporal46,-4,20250618::index=12.434018,39,434.0180833,381.88366420069366
fixed15_temporal46,-4,20250618::index=12.434018,42,434.0180833,376.82241362340653
fixed15_temporal46,-4,20250618::index=12.434018,44,434.0180833,374.3400988689731
fixed15_temporal46,-4,20250618::index=12.434018,46,434.0180833,436.0066364383551
fixed15_temporal46,-4,20250618::index=12.434018,47,434.0180833,439.9272644018295
fixed15_temporal46,-4,20250618::index=12.434018,54,434.0180833,440.0788673199063
fixed15_temporal46,-4,20250618::index=12.434018,57,434.0180833,428.88422183596026
fixed15_temporal46,-4,20250611::index=13.4.89E+05,3,489.45399810000004,539.4757435735655
fixed15_temporal46,-4,20250611::index=13.4.89E+05,7,489.45399810000004,484.9635696360104
fixed15_temporal46,-4,20250611::index=13.4.89E+05,12,489.45399810000004,485.7039831797767
fixed15_temporal46,-4,20250611::index=13.4.89E+05,13,489.45399810000004,462.1152282041319
fixed15_temporal46,-4,20250611::index=13.4.89E+05,14,489.45399810000004,495.6384391698689
fixed15_temporal46,-4,20250611::index=13.4.89E+05,20,489.45399810000004,500.2027398526746
fixed15_temporal46,-4,20250611::index=13.4.89E+05,34,489.45399810000004,490.40688566630837
fixed15_temporal46,-4,20250611::index=13.4.89E+05,39,489.45399810000004,488.71965593012055
fixed15_temporal46,-4,20250611::index=13.4.89E+05,42,489.45399810000004,459.9682179666273
fixed15_temporal46,-4,20250611::index=13.4.89E+05,44,489.45399810000004,490.1507491910855
fixed15_temporal46,-4,20250611::index=13.4.89E+05,48,489.45399810000004,489.9996954221934
fixed15_temporal46,-4,20250611::index=13.4.89E+05,51,489.45399810000004,488.99287102637066
fixed15_temporal46,-4,20250611::index=13.4.89E+05,53,489.45399810000004,492.97280315443345
fixed15_temporal46,-4,20250611::index=13.4.89E+05,54,489.45399810000004,495.82484643742487
fixed15_temporal46,-4,20250611::index=13.4.89E+05,59,489.45399810000004,484.31017375704033
fixed15_temporal46,-4,20250618::index=13.496023,3,496.0233525,493.7514748075267
fixed15_temporal46,-4,20250618::index=13.496023,7,496.0233525,501.8721198067713
fixed15_temporal46,-4,20250618::index=13.496023,12,496.0233525,458.53556155201454
fixed15_temporal46,-4,20250618::index=13.496023,13,496.0233525,490.2956445176773
fixed15_temporal46,-4,20250618::index=13.496023,14,496.0233525,499.528702252504
fixed15_temporal46,-4,20250618::index=13.496023,20,496.0233525,497.0969977827932
fixed15_temporal46,-4,20250618::index=13.496023,34,496.0233525,481.89815750747124
fixed15_temporal46,-4,20250618::index=13.496023,39,496.0233525,471.02725307683954
fixed15_temporal46,-4,20250618::index=13.496023,42,496.0233525,434.5352454445384
fixed15_temporal46,-4,20250618::index=13.496023,44,496.0233525,496.6176658853722
fixed15_temporal46,-4,20250618::index=13.496023,48,496.0233525,477.32786329788905
fixed15_temporal46,-4,20250618::index=13.496023,51,496.0233525,480.04233757676985
fixed15_temporal46,-4,20250618::index=13.496023,53,496.0233525,481.86882858215876
fixed15_temporal46,-4,20250618::index=13.496023,54,496.0233525,506.29254877416565
fixed15_temporal46,-4,20250618::index=13.496023,59,496.0233525,504.65500317491967
fixed15_temporal46,-4,20250611::index=14.5.54E+05,8,554.1963218000001,575.0026285211968
fixed15_temporal46,-4,20250611::index=14.5.54E+05,9,554.1963218000001,554.1332786950012
fixed15_temporal46,-4,20250611::index=14.5.54E+05,10,554.1963218000001,544.0550169713895
fixed15_temporal46,-4,20250611::index=14.5.54E+05,14,554.1963218000001,574.4022584100768
fixed15_temporal46,-4,20250611::index=14.5.54E+05,29,554.1963218000001,545.9005070483372
fixed15_temporal46,-4,20250611::index=14.5.54E+05,30,554.1963218000001,490.907802775076
fixed15_temporal46,-4,20250611::index=14.5.54E+05,33,554.1963218000001,585.7891079104517
fixed15_temporal46,-4,20250611::index=14.5.54E+05,36,554.1963218000001,560.4036420629463
fixed15_temporal46,-4,20250611::index=14.5.54E+05,43,554.1963218000001,501.2329422541192
fixed15_temporal46,-4,20250611::index=14.5.54E+05,48,554.1963218000001,541.568219725018
fixed15_temporal46,-4,20250611::index=14.5.54E+05,50,554.1963218000001,541.6560167551295
fixed15_temporal46,-4,20250611::index=14.5.54E+05,51,554.1963218000001,557.3126848164653
fixed15_temporal46,-4,20250611::index=14.5.54E+05,54,554.1963218000001,559.0509389351478
fixed15_temporal46,-4,20250611::index=14.5.54E+05,57,554.1963218000001,558.3392028003004
fixed15_temporal46,-4,20250611::index=14.5.54E+05,58,554.1963218000001,541.8839504206902
fixed15_temporal46,-4,20250618::index=14.562158,8,562.1587854,554.6433460975624
fixed15_temporal46,-4,20250618::index=14.562158,9,562.1587854,579.6758098093844
fixed15_temporal46,-4,20250618::index=14.562158,10,562.1587854,561.9214890113569
fixed15_temporal46,-4,20250618::index=14.562158,14,562.1587854,578.3126748429463
fixed15_temporal46,-4,20250618::index=14.562158,29,562.1587854,556.5433006000533
fixed15_temporal46,-4,20250618::index=14.562158,30,562.1587854,564.5123858860125
fixed15_temporal46,-4,20250618::index=14.562158,33,562.1587854,559.7712987854289
fixed15_temporal46,-4,20250618::index=14.562158,36,562.1587854,578.202710521432
fixed15_temporal46,-4,20250618::index=14.562158,43,562.1587854,569.3090156374371
fixed15_temporal46,-4,20250618::index=14.562158,48,562.1587854,550.5277445978725
fixed15_temporal46,-4,20250618::index=14.562158,50,562.1587854,567.3082236738377
fixed15_temporal46,-4,20250618::index=14.562158,51,562.1587854,561.8988734889937
fixed15_temporal46,-4,20250618::index=14.562158,54,562.1587854,545.8221022069487
fixed15_temporal46,-4,20250618::index=14.562158,57,562.1587854,567.8791223086782
fixed15_temporal46,-4,20250618::index=14.562158,58,562.1587854,571.7887670855571
fixed15_temporal46,-4,20250611::index=4.5.76E+04,2,57.59331665,52.29828945814833
fixed15_temporal46,-4,20250611::index=4.5.76E+04,3,57.59331665,29.899050783838092
fixed15_temporal46,-4,20250611::index=4.5.76E+04,6,57.59331665,21.06451190025084
fixed15_temporal46,-4,20250611::index=4.5.76E+04,11,57.59331665,37.30519666322489
fixed15_temporal46,-4,20250611::index=4.5.76E+04,13,57.59331665,11.228697782230457
fixed15_temporal46,-4,20250611::index=4.5.76E+04,15,57.59331665,33.448377206130914
fixed15_temporal46,-4,20250611::index=4.5.76E+04,18,57.59331665,16.895956617947505
fixed15_temporal46,-4,20250611::index=4.5.76E+04,33,57.59331665,21.495013662847413
fixed15_temporal46,-4,20250611::index=4.5.76E+04,38,57.59331665,28.77068222616029
fixed15_temporal46,-4,20250611::index=4.5.76E+04,41,57.59331665,26.0000313850844
fixed15_temporal46,-4,20250611::index=4.5.76E+04,42,57.59331665,30.665785843299584
fixed15_temporal46,-4,20250611::index=4.5.76E+04,44,57.59331665,17.311894261838205
fixed15_temporal46,-4,20250611::index=4.5.76E+04,46,57.59331665,28.102171442769638
fixed15_temporal46,-4,20250611::index=4.5.76E+04,54,57.59331665,32.95684825166701
fixed15_temporal46,-4,20250611::index=4.5.76E+04,55,57.59331665,27.346187055492376
fixed15_temporal46,-4,20250618::index=4.58389,2,58.38985471,160.00355144262602
fixed15_temporal46,-4,20250618::index=4.58389,3,58.38985471,191.37119438388098
fixed15_temporal46,-4,20250618::index=4.58389,6,58.38985471,181.40953839001858
fixed15_temporal46,-4,20250618::index=4.58389,11,58.38985471,148.8517328157119
fixed15_temporal46,-4,20250618::index=4.58389,13,58.38985471,141.1598196721687
fixed15_temporal46,-4,20250618::index=4.58389,15,58.38985471,135.57426913568275
fixed15_temporal46,-4,20250618::index=4.58389,18,58.38985471,133.41787021407666
fixed15_temporal46,-4,20250618::index=4.58389,33,58.38985471,163.59466078585575
fixed15_temporal46,-4,20250618::index=4.58389,38,58.38985471,159.57514122911257
fixed15_temporal46,-4,20250618::index=4.58389,41,58.38985471,142.8557720355261
fixed15_temporal46,-4,20250618::index=4.58389,42,58.38985471,164.30579480360637
fixed15_temporal46,-4,20250618::index=4.58389,44,58.38985471,166.79581626756553
fixed15_temporal46,-4,20250618::index=4.58389,46,58.38985471,146.8911173052243
fixed15_temporal46,-4,20250618::index=4.58389,54,58.38985471,140.62976159176765
fixed15_temporal46,-4,20250618::index=4.58389,55,58.38985471,139.31242078800736
fixed15_temporal46,-4,20250611::index=15.6.24E+05,3,624.4425514,647.7748056681456
fixed15_temporal46,-4,20250611::index=15.6.24E+05,4,624.4425514,616.5027958005212
fixed15_temporal46,-4,20250611::index=15.6.24E+05,11,624.4425514,645.2098358285959
fixed15_temporal46,-4,20250611::index=15.6.24E+05,13,624.4425514,574.7769263334596
fixed15_temporal46,-4,20250611::index=15.6.24E+05,14,624.4425514,611.0465864908784
fixed15_temporal46,-4,20250611::index=15.6.24E+05,18,624.4425514,613.3030314213725
fixed15_temporal46,-4,20250611::index=15.6.24E+05,19,624.4425514,614.6966150074992
fixed15_temporal46,-4,20250611::index=15.6.24E+05,27,624.4425514,614.9479993571467
fixed15_temporal46,-4,20250611::index=15.6.24E+05,39,624.4425514,627.1267244906901
fixed15_temporal46,-4,20250611::index=15.6.24E+05,43,624.4425514,645.8838802746055
fixed15_temporal46,-4,20250611::index=15.6.24E+05,46,624.4425514,605.516766689539
fixed15_temporal46,-4,20250611::index=15.6.24E+05,51,624.4425514,627.022147854329
fixed15_temporal46,-4,20250611::index=15.6.24E+05,55,624.4425514,623.2878900177406
fixed15_temporal46,-4,20250611::index=15.6.24E+05,57,624.4425514,611.9655450558389
fixed15_temporal46,-4,20250611::index=15.6.24E+05,58,624.4425514,622.0403217522752
fixed15_temporal46,-4,20250618::index=15.633482,3,633.482536,658.2680342130485
fixed15_temporal46,-4,20250618::index=15.633482,4,633.482536,635.4715676940064
fixed15_temporal46,-4,20250618::index=15.633482,11,633.482536,635.5184918808086
fixed15_temporal46,-4,20250618::index=15.633482,13,633.482536,621.8793859633575
fixed15_temporal46,-4,20250618::index=15.633482,14,633.482536,649.6687217647415
fixed15_temporal46,-4,20250618::index=15.633482,18,633.482536,601.9261435580903
fixed15_temporal46,-4,20250618::index=15.633482,19,633.482536,635.6933110514049
fixed15_temporal46,-4,20250618::index=15.633482,27,633.482536,610.0484607372412
fixed15_temporal46,-4,20250618::index=15.633482,39,633.482536,605.2299097164657
fixed15_temporal46,-4,20250618::index=15.633482,43,633.482536,673.7036080129876
fixed15_temporal46,-4,20250618::index=15.633482,46,633.482536,646.9050778400959
fixed15_temporal46,-4,20250618::index=15.633482,51,633.482536,698.9736894596048
fixed15_temporal46,-4,20250618::index=15.633482,55,633.482536,606.1991614148283
fixed15_temporal46,-4,20250618::index=15.633482,57,633.482536,638.6089581160703
fixed15_temporal46,-4,20250618::index=15.633482,58,633.482536,646.1328178043577
fixed15_temporal46,-4,20250611::index=16.6.98E+05,2,698.421296,690.9102908154741
fixed15_temporal46,-4,20250611::index=16.6.98E+05,6,698.421296,704.6445828161912
fixed15_temporal46,-4,20250611::index=16.6.98E+05,9,698.421296,673.6408270510091
fixed15_temporal46,-4,20250611::index=16.6.98E+05,10,698.421296,662.6525528656298
fixed15_temporal46,-4,20250611::index=16.6.98E+05,13,698.421296,699.9934296056547
fixed15_temporal46,-4,20250611::index=16.6.98E+05,17,698.421296,688.9131535993334
fixed15_temporal46,-4,20250611::index=16.6.98E+05,35,698.421296,691.3131152267317
fixed15_temporal46,-4,20250611::index=16.6.98E+05,37,698.421296,689.1558020063762
fixed15_temporal46,-4,20250611::index=16.6.98E+05,39,698.421296,688.1462191840697
fixed15_temporal46,-4,20250611::index=16.6.98E+05,40,698.421296,706.9622950962226
fixed15_temporal46,-4,20250611::index=16.6.98E+05,46,698.421296,738.260327460563
fixed15_temporal46,-4,20250611::index=16.6.98E+05,47,698.421296,710.5310910765658
fixed15_temporal46,-4,20250611::index=16.6.98E+05,52,698.421296,749.4070334526938
fixed15_temporal46,-4,20250611::index=16.6.98E+05,55,698.421296,687.4967967162871
fixed15_temporal46,-4,20250611::index=16.6.98E+05,57,698.421296,694.9512617481842
fixed15_temporal46,-4,20250618::index=16.709792,2,709.7927143,711.3585828084797
fixed15_temporal46,-4,20250618::index=16.709792,6,709.7927143,736.8232029284216
fixed15_temporal46,-4,20250618::index=16.709792,9,709.7927143,711.2279320909319
fixed15_temporal46,-4,20250618::index=16.709792,10,709.7927143,745.7989842734116
fixed15_temporal46,-4,20250618::index=16.709792,13,709.7927143,714.4099500650601
fixed15_temporal46,-4,20250618::index=16.709792,17,709.7927143,742.8711388076293
fixed15_temporal46,-4,20250618::index=16.709792,35,709.7927143,701.7094512379774
fixed15_temporal46,-4,20250618::index=16.709792,37,709.7927143,715.1344914625193
fixed15_temporal46,-4,20250618::index=16.709792,39,709.7927143,710.2963427551892
fixed15_temporal46,-4,20250618::index=16.709792,40,709.7927143,729.371760782072
fixed15_temporal46,-4,20250618::index=16.709792,46,709.7927143,771.4138338058104
fixed15_temporal46,-4,20250618::index=16.709792,47,709.7927143,729.5535726835615
fixed15_temporal46,-4,20250618::index=16.709792,52,709.7927143,703.7771080353195
fixed15_temporal46,-4,20250618::index=16.709792,55,709.7927143,699.7449493145883
fixed15_temporal46,-4,20250618::index=16.709792,57,709.7927143,677.8768778296408
fixed15_temporal46,-4,20250611::index=17.7.77E+05,5,776.6472223000001,761.3382402675278
fixed15_temporal46,-4,20250611::index=17.7.77E+05,6,776.6472223000001,766.7180061085743
fixed15_temporal46,-4,20250611::index=17.7.77E+05,7,776.6472223000001,753.4082232500565
fixed15_temporal46,-4,20250611::index=17.7.77E+05,8,776.6472223000001,754.9637006505743
fixed15_temporal46,-4,20250611::index=17.7.77E+05,10,776.6472223000001,745.6295623614246
fixed15_temporal46,-4,20250611::index=17.7.77E+05,14,776.6472223000001,769.2922879534294
fixed15_temporal46,-4,20250611::index=17.7.77E+05,19,776.6472223000001,814.0784641176771
fixed15_temporal46,-4,20250611::index=17.7.77E+05,24,776.6472223000001,772.5987469821864
fixed15_temporal46,-4,20250611::index=17.7.77E+05,26,776.6472223000001,744.5666424230757
fixed15_temporal46,-4,20250611::index=17.7.77E+05,31,776.6472223000001,748.0401799481892
fixed15_temporal46,-4,20250611::index=17.7.77E+05,41,776.6472223000001,797.9348599169349
fixed15_temporal46,-4,20250611::index=17.7.77E+05,52,776.6472223000001,809.2542556002209
fixed15_temporal46,-4,20250611::index=17.7.77E+05,53,776.6472223000001,817.6860502393888
fixed15_temporal46,-4,20250611::index=17.7.77E+05,54,776.6472223000001,769.8998014853131
fixed15_temporal46,-4,20250611::index=17.7.77E+05,55,776.6472223000001,731.1971451124334
fixed15_temporal46,-4,20250618::index=17.789500,5,789.5001968,770.0232192988361
fixed15_temporal46,-4,20250618::index=17.789500,6,789.5001968,837.8072833844452
fixed15_temporal46,-4,20250618::index=17.789500,7,789.5001968,712.428565152528
fixed15_temporal46,-4,20250618::index=17.789500,8,789.5001968,725.596704889559
fixed15_temporal46,-4,20250618::index=17.789500,10,789.5001968,747.756485618058
fixed15_temporal46,-4,20250618::index=17.789500,14,789.5001968,828.6720264738584
fixed15_temporal46,-4,20250618::index=17.789500,19,789.5001968,826.6304921569972
fixed15_temporal46,-4,20250618::index=17.789500,24,789.5001968,750.8628492522222
fixed15_temporal46,-4,20250618::index=17.789500,26,789.5001968,842.4925858284034
fixed15_temporal46,-4,20250618::index=17.789500,31,789.5001968,796.4273919869928
fixed15_temporal46,-4,20250618::index=17.789500,41,789.5001968,764.6561614205799
fixed15_temporal46,-4,20250618::index=17.789500,52,789.5001968,759.6867467606112
fixed15_temporal46,-4,20250618::index=17.789500,53,789.5001968,749.4087500599603
fixed15_temporal46,-4,20250618::index=17.789500,54,789.5001968,806.9062390003678
fixed15_temporal46,-4,20250618::index=17.789500,55,789.5001968,793.3788752552688
fixed15_temporal46,-4,20250611::index=18.8.59E+05,0,859.3439142,865.8895974165491
fixed15_temporal46,-4,20250611::index=18.8.59E+05,5,859.3439142,843.2630119119045
fixed15_temporal46,-4,20250611::index=18.8.59E+05,14,859.3439142,858.7370462274924
fixed15_temporal46,-4,20250611::index=18.8.59E+05,18,859.3439142,839.1465105271827
fixed15_temporal46,-4,20250611::index=18.8.59E+05,19,859.3439142,866.5860656984368
fixed15_temporal46,-4,20250611::index=18.8.59E+05,21,859.3439142,868.2200499875486
fixed15_temporal46,-4,20250611::index=18.8.59E+05,26,859.3439142,871.6005749312264
fixed15_temporal46,-4,20250611::index=18.8.59E+05,27,859.3439142,854.6058958668921
fixed15_temporal46,-4,20250611::index=18.8.59E+05,32,859.3439142,858.0405961994949
fixed15_temporal46,-4,20250611::index=18.8.59E+05,36,859.3439142,858.7082592772238
fixed15_temporal46,-4,20250611::index=18.8.59E+05,43,859.3439142,784.3993904776702
fixed15_temporal46,-4,20250611::index=18.8.59E+05,53,859.3439142,864.1222969622695
fixed15_temporal46,-4,20250611::index=18.8.59E+05,54,859.3439142,838.0016943969666
fixed15_temporal46,-4,20250611::index=18.8.59E+05,56,859.3439142,865.2307730626335
fixed15_temporal46,-4,20250611::index=18.8.59E+05,57,859.3439142,857.7627718484152
fixed15_temporal46,-4,20250618::index=18.873637,0,873.6370359,870.1911575301924
fixed15_temporal46,-4,20250618::index=18.873637,5,873.6370359,867.628922801591
fixed15_temporal46,-4,20250618::index=18.873637,14,873.6370359,872.9715696485952
fixed15_temporal46,-4,20250618::index=18.873637,18,873.6370359,856.1908977190473
fixed15_temporal46,-4,20250618::index=18.873637,19,873.6370359,854.0738180813524
fixed15_temporal46,-4,20250618::index=18.873637,21,873.6370359,853.5181315584517
fixed15_temporal46,-4,20250618::index=18.873637,26,873.6370359,873.1600726555473
fixed15_temporal46,-4,20250618::index=18.873637,27,873.6370359,834.8864761870396
fixed15_temporal46,-4,20250618::index=18.873637,32,873.6370359,868.3455527667222
fixed15_temporal46,-4,20250618::index=18.873637,36,873.6370359,841.40916646431
fixed15_temporal46,-4,20250618::index=18.873637,43,873.6370359,867.6826133886972
fixed15_temporal46,-4,20250618::index=18.873637,53,873.6370359,868.6162556528135
fixed15_temporal46,-4,20250618::index=18.873637,54,873.6370359,863.4623712192413
fixed15_temporal46,-4,20250618::index=18.873637,56,873.6370359,844.810986532764
fixed15_temporal46,-4,20250618::index=18.873637,57,873.6370359,855.5269632190514
fixed15_band10,-8,20250618::index=1.0,0,-1.42e-09,207.462974624863
fixed15_band10,-8,20250618::index=1.0,3,-1.42e-09,224.0511870175764
fixed15_band10,-8,20250618::index=1.0,5,-1.42e-09,226.09551143351555
fixed15_band10,-8,20250618::index=1.0,12,-1.42e-09,226.09551143351555
fixed15_band10,-8,20250618::index=1.0,13,-1.42e-09,232.93016294783294
fixed15_band10,-8,20250618::index=1.0,31,-1.42e-09,215.11483632038215
fixed15_band10,-8,20250618::index=1.0,33,-1.42e-09,216.76619289293626
fixed15_band10,-8,20250618::index=1.0,36,-1.42e-09,235.35456709571815
fixed15_band10,-8,20250618::index=1.0,45,-1.42e-09,224.9083123841127
fixed15_band10,-8,20250618::index=1.0,46,-1.42e-09,232.93016294783294
fixed15_band10,-8,20250618::index=1.0,48,-1.42e-09,224.9083123841127
fixed15_band10,-8,20250618::index=1.0,50,-1.42e-09,225.37953567104475
fixed15_band10,-8,20250618::index=1.0,52,-1.42e-09,219.9990572085494
fixed15_band10,-8,20250618::index=1.0,54,-1.42e-09,225.37953567104475
fixed15_band10,-8,20250618::index=1.0,57,-1.42e-09,226.09551143351555
fixed15_band10,-8,20250611::index=1.3.28E-04,0,3.28047e-07,207.7252853057224
fixed15_band10,-8,20250611::index=1.3.28E-04,3,3.28047e-07,207.7178194148886
fixed15_band10,-8,20250611::index=1.3.28E-04,5,3.28047e-07,222.30955676387558
fixed15_band10,-8,20250611::index=1.3.28E-04,12,3.28047e-07,102.7298616464613
fixed15_band10,-8,20250611::index=1.3.28E-04,13,3.28047e-07,196.24834855103376
fixed15_band10,-8,20250611::index=1.3.28E-04,31,3.28047e-07,207.56140277834214
fixed15_band10,-8,20250611::index=1.3.28E-04,33,3.28047e-07,78.57744543142701
fixed15_band10,-8,20250611::index=1.3.28E-04,36,3.28047e-07,222.24113797057814
fixed15_band10,-8,20250611::index=1.3.28E-04,45,3.28047e-07,206.65032409374138
fixed15_band10,-8,20250611::index=1.3.28E-04,46,3.28047e-07,213.1632775524084
fixed15_band10,-8,20250611::index=1.3.28E-04,48,3.28047e-07,207.3294183064253
fixed15_band10,-8,20250611::index=1.3.28E-04,50,3.28047e-07,182.69466238201224
fixed15_band10,-8,20250611::index=1.3.28E-04,52,3.28047e-07,206.3689989966772
fixed15_band10,-8,20250611::index=1.3.28E-04,54,3.28047e-07,96.35343290979344
fixed15_band10,-8,20250611::index=1.3.28E-04,57,3.28047e-07,190.45338585020502
fixed15_band10,-8,20250611::index=5.1.11E+05,17,111.2647017,96.23111088190541
fixed15_band10,-8,20250611::index=5.1.11E+05,19,111.2647017,96.23111088190541
fixed15_band10,-8,20250611::index=5.1.11E+05,21,111.2647017,139.25673927107383
fixed15_band10,-8,20250611::index=5.1.11E+05,23,111.2647017,139.67132420406668
fixed15_band10,-8,20250611::index=5.1.11E+05,28,111.2647017,104.56908480570607
fixed15_band10,-8,20250611::index=5.1.11E+05,34,111.2647017,95.49818385483962
fixed15_band10,-8,20250611::index=5.1.11E+05,35,111.2647017,218.64908401778584
fixed15_band10,-8,20250611::index=5.1.11E+05,41,111.2647017,94.5297418965568
fixed15_band10,-8,20250611::index=5.1.11E+05,46,111.2647017,140.07023403588286
fixed15_band10,-8,20250611::index=5.1.11E+05,47,111.2647017,178.4041311263782
fixed15_band10,-8,20250611::index=5.1.11E+05,48,111.2647017,94.57438930327271
fixed15_band10,-8,20250611::index=5.1.11E+05,51,111.2647017,94.5297418965568
fixed15_band10,-8,20250611::index=5.1.11E+05,55,111.2647017,95.49818385483962
fixed15_band10,-8,20250611::index=5.1.11E+05,56,111.2647017,163.156980865624
fixed15_band10,-8,20250611::index=5.1.11E+05,58,111.2647017,182.52927111469612
fixed15_band10,-8,20250618::index=5.113188,17,113.1882901,214.2073239910752
fixed15_band10,-8,20250618::index=5.113188,19,113.1882901,73.95229743637748
fixed15_band10,-8,20250618::index=5.113188,21,113.1882901,134.8210356981186
fixed15_band10,-8,20250618::index=5.113188,23,113.1882901,73.95229743637748
fixed15_band10,-8,20250618::index=5.113188,28,113.1882901,73.92664797121401
fixed15_band10,-8,20250618::index=5.113188,34,113.1882901,71.97000756173108
fixed15_band10,-8,20250618::index=5.113188,35,113.1882901,192.82285531208183
fixed15_band10,-8,20250618::index=5.113188,41,113.1882901,82.87927337122143
fixed15_band10,-8,20250618::index=5.113188,46,113.1882901,72.36482039303552
fixed15_band10,-8,20250618::index=5.113188,47,113.1882901,89.7095491015238
fixed15_band10,-8,20250618::index=5.113188,48,113.1882901,51.30115038357617
fixed15_band10,-8,20250618::index=5.113188,51,113.1882901,90.65334394919469
fixed15_band10,-8,20250618::index=5.113188,55,113.1882901,94.13021722880222
fixed15_band10,-8,20250618::index=5.113188,56,113.1882901,70.82358959669888
fixed15_band10,-8,20250618::index=5.113188,58,113.1882901,92.59703062131987
fixed15_band10,-8,20250611::index=6.1.44E+05,6,144.32426180000002,86.64402006682454
fixed15_band10,-8,20250611::index=6.1.44E+05,11,144.32426180000002,138.24654302264628
fixed15_band10,-8,20250611::index=6.1.44E+05,13,144.32426180000002,79.58998456325624
fixed15_band10,-8,20250611::index=6.1.44E+05,26,144.32426180000002,212.92440380387822
fixed15_band10,-8,20250611::index=6.1.44E+05,31,144.32426180000002,182.02552121712563
fixed15_band10,-8,20250611::index=6.1.44E+05,34,144.32426180000002,140.07023403588286
fixed15_band10,-8,20250611::index=6.1.44E+05,35,144.32426180000002,211.39587746013325
fixed15_band10,-8,20250611::index=6.1.44E+05,36,144.32426180000002,93.87569785844624
fixed15_band10,-8,20250611::index=6.1.44E+05,38,144.32426180000002,212.16177213328322
fixed15_band10,-8,20250611::index=6.1.44E+05,40,144.32426180000002,181.74454117491908
fixed15_band10,-8,20250611::index=6.1.44E+05,46,144.32426180000002,182.4008831350774
fixed15_band10,-8,20250611::index=6.1.44E+05,47,144.32426180000002,89.9764267951387
fixed15_band10,-8,20250611::index=6.1.44E+05,56,144.32426180000002,139.38018989775426
fixed15_band10,-8,20250611::index=6.1.44E+05,58,144.32426180000002,190.79268067595822
fixed15_band10,-8,20250611::index=6.1.44E+05,59,144.32426180000002,181.27706117975393
fixed15_band10,-8,20250618::index=6.146381,6,146.38165049999998,94.90785413254041
fixed15_band10,-8,20250618::index=6.146381,11,146.38165049999998,95.27171763911664
fixed15_band10,-8,20250618::index=6.146381,13,146.38165049999998,102.3885598686206
fixed15_band10,-8,20250618::index=6.146381,26,146.38165049999998,201.20963498596075
fixed15_band10,-8,20250618::index=6.146381,31,146.38165049999998,132.50068069963592
fixed15_band10,-8,20250618::index=6.146381,34,146.38165049999998,103.1656506386262
fixed15_band10,-8,20250618::index=6.146381,35,146.38165049999998,186.831128892435
fixed15_band10,-8,20250618::index=6.146381,36,146.38165049999998,75.0045009676553
fixed15_band10,-8,20250618::index=6.146381,38,146.38165049999998,205.6450334212964
fixed15_band10,-8,20250618::index=6.146381,40,146.38165049999998,75.45407457797272
fixed15_band10,-8,20250618::index=6.146381,46,146.38165049999998,74.56034374287546
fixed15_band10,-8,20250618::index=6.146381,47,146.38165049999998,98.2938506844904
fixed15_band10,-8,20250618::index=6.146381,56,146.38165049999998,75.84000763690398
fixed15_band10,-8,20250618::index=6.146381,58,146.38165049999998,178.37751355180717
fixed15_band10,-8,20250618::index=6.146381,59,146.38165049999998,94.55947774571203
fixed15_band10,-8,20250611::index=7.1.81E+05,4,181.378003,141.66633867639976
fixed15_band10,-8,20250611::index=7.1.81E+05,5,181.378003,94.41145187044572
fixed15_band10,-8,20250611::index=7.1.81E+05,10,181.378003,202.9703464034997
fixed15_band10,-8,20250611::index=7.1.81E+05,15,181.378003,189.97163310612012
fixed15_band10,-8,20250611::index=7.1.81E+05,18,181.378003,181.63191526422037
fixed15_band10,-8,20250611::index=7.1.81E+05,20,181.378003,204.97693667821514
fixed15_band10,-8,20250611::index=7.1.81E+05,26,181.378003,211.56644927315924
fixed15_band10,-8,20250611::index=7.1.81E+05,28,181.378003,189.3942945776091
fixed15_band10,-8,20250611::index=7.1.81E+05,33,181.378003,169.53340960229195
fixed15_band10,-8,20250611::index=7.1.81E+05,37,181.378003,190.01779491529484
fixed15_band10,-8,20250611::index=7.1.81E+05,41,181.378003,95.62937363704
fixed15_band10,-8,20250611::index=7.1.81E+05,44,181.378003,140.44357540501565
fixed15_band10,-8,20250611::index=7.1.81E+05,56,181.378003,84.55749467045948
fixed15_band10,-8,20250611::index=7.1.81E+05,57,181.378003,206.01598793109358
fixed15_band10,-8,20250611::index=7.1.81E+05,58,181.378003,180.51634705231388
fixed15_band10,-8,20250618::index=7.184190,4,184.1909699,135.91374514753917
fixed15_band10,-8,20250618::index=7.184190,5,184.1909699,141.4822067836309
fixed15_band10,-8,20250618::index=7.184190,10,184.1909699,91.07555308935147
fixed15_band10,-8,20250618::index=7.184190,15,184.1909699,140.11144551094893
fixed15_band10,-8,20250618::index=7.184190,18,184.1909699,129.08749987310702
fixed15_band10,-8,20250618::index=7.184190,20,184.1909699,138.03672778545373
fixed15_band10,-8,20250618::index=7.184190,26,184.1909699,207.7252853057224
fixed15_band10,-8,20250618::index=7.184190,28,184.1909699,156.27218434088286
fixed15_band10,-8,20250618::index=7.184190,33,184.1909699,256.7710572178934
fixed15_band10,-8,20250618::index=7.184190,37,184.1909699,207.02096841867402
fixed15_band10,-8,20250618::index=7.184190,41,184.1909699,205.34239803230943
fixed15_band10,-8,20250618::index=7.184190,44,184.1909699,207.7178194148886
fixed15_band10,-8,20250618::index=7.184190,56,184.1909699,204.13168402338906
fixed15_band10,-8,20250618::index=7.184190,57,184.1909699,206.48439606232535
fixed15_band10,-8,20250618::index=7.184190,58,184.1909699,207.7178194148886
fixed15_band10,-8,20250611::index=3.2.10E+04,1,20.97971604,182.69466238201224
fixed15_band10,-8,20250611::index=3.2.10E+04,6,20.97971604,84.4990787712164
fixed15_band10,-8,20250611::index=3.2.10E+04,11,20.97971604,151.04667368818247
fixed15_band10,-8,20250611::index=3.2.10E+04,22,20.97971604,142.56774954052827
fixed15_band10,-8,20250611::index=3.2.10E+04,28,20.97971604,81.45252709432258
fixed15_band10,-8,20250611::index=3.2.10E+04,33,20.97971604,136.73724992958185
fixed15_band10,-8,20250611::index=3.2.10E+04,34,20.97971604,94.22925877428078
fixed15_band10,-8,20250611::index=3.2.10E+04,36,20.97971604,83.30475753684148
fixed15_band10,-8,20250611::index=3.2.10E+04,41,20.97971604,96.41184880903653
fixed15_band10,-8,20250611::index=3.2.10E+04,42,20.97971604,98.66370647160093
fixed15_band10,-8,20250611::index=3.2.10E+04,52,20.97971604,83.78834182129002
fixed15_band10,-8,20250611::index=3.2.10E+04,54,20.97971604,163.156980865624
fixed15_band10,-8,20250611::index=3.2.10E+04,56,20.97971604,89.45144182738389
fixed15_band10,-8,20250611::index=3.2.10E+04,57,20.97971604,95.49818385483962
fixed15_band10,-8,20250611::index=3.2.10E+04,59,20.97971604,81.88069185634112
fixed15_band10,-8,20250618::index=3.21242,1,21.24286319,205.90246887417484
fixed15_band10,-8,20250618::index=3.21242,6,21.24286319,223.2239448450579
fixed15_band10,-8,20250618::index=3.21242,11,21.24286319,224.23245663938528
fixed15_band10,-8,20250618::index=3.21242,22,21.24286319,205.90246887417484
fixed15_band10,-8,20250618::index=3.21242,28,21.24286319,210.98384111444233
fixed15_band10,-8,20250618::index=3.21242,33,21.24286319,216.76619289293626
fixed15_band10,-8,20250618::index=3.21242,34,21.24286319,223.76123335245322
fixed15_band10,-8,20250618::index=3.21242,36,21.24286319,227.32959736776343
fixed15_band10,-8,20250618::index=3.21242,41,21.24286319,225.8275415432339
fixed15_band10,-8,20250618::index=3.21242,42,21.24286319,223.76123335245322
fixed15_band10,-8,20250618::index=3.21242,52,21.24286319,223.76123335245322
fixed15_band10,-8,20250618::index=3.21242,54,21.24286319,215.11483632038215
fixed15_band10,-8,20250618::index=3.21242,56,21.24286319,223.76123335245322
fixed15_band10,-8,20250618::index=3.21242,57,21.24286319,226.24828112316712
fixed15_band10,-8,20250618::index=3.21242,59,21.24286319,214.5587921795381
fixed15_band10,-8,20250611::index=8.2.22E+05,0,221.5051102,207.7252853057224
fixed15_band10,-8,20250611::index=8.2.22E+05,4,221.5051102,218.8262340643783
fixed15_band10,-8,20250611::index=8.2.22E+05,6,221.5051102,168.60482862837557
fixed15_band10,-8,20250611::index=8.2.22E+05,9,221.5051102,208.24086668012808
fixed15_band10,-8,20250611::index=8.2.22E+05,13,221.5051102,174.51357661737728
fixed15_band10,-8,20250611::index=8.2.22E+05,15,221.5051102,219.00750368618716
fixed15_band10,-8,20250611::index=8.2.22E+05,17,221.5051102,204.65473128862857
fixed15_band10,-8,20250611::index=8.2.22E+05,22,221.5051102,203.00337471607432
fixed15_band10,-8,20250611::index=8.2.22E+05,24,221.5051102,208.24086668012808
fixed15_band10,-8,20250611::index=8.2.22E+05,28,221.5051102,222.8544779215069
fixed15_band10,-8,20250611::index=8.2.22E+05,31,221.5051102,209.89222325268233
fixed15_band10,-8,20250611::index=8.2.22E+05,39,221.5051102,228.11024830201063
fixed15_band10,-8,20250611::index=8.2.22E+05,40,221.5051102,203.00337471607432
fixed15_band10,-8,20250611::index=8.2.22E+05,50,221.5051102,215.64160631049134
fixed15_band10,-8,20250611::index=8.2.22E+05,59,221.5051102,148.9948358167113
fixed15_band10,-8,20250618::index=8.225704,0,225.70496179999998,205.64762408414924
fixed15_band10,-8,20250618::index=8.225704,4,225.70496179999998,259.6219884840426
fixed15_band10,-8,20250618::index=8.225704,6,225.70496179999998,226.09551143351555
fixed15_band10,-8,20250618::index=8.225704,9,225.70496179999998,207.7178194148886
fixed15_band10,-8,20250618::index=8.225704,13,225.70496179999998,270.93050120391166
fixed15_band10,-8,20250618::index=8.225704,15,225.70496179999998,219.32371303165445
fixed15_band10,-8,20250618::index=8.225704,17,225.70496179999998,219.17101647640231
fixed15_band10,-8,20250618::index=8.225704,22,225.70496179999998,205.34239803230943
fixed15_band10,-8,20250618::index=8.225704,24,225.70496179999998,215.96067932912493
fixed15_band10,-8,20250618::index=8.225704,28,225.70496179999998,219.9990572085494
fixed15_band10,-8,20250618::index=8.225704,31,225.70496179999998,214.95841968383573
fixed15_band10,-8,20250618::index=8.225704,39,225.70496179999998,262.52198276980266
fixed15_band10,-8,20250618::index=8.225704,40,225.70496179999998,217.10470828562165
fixed15_band10,-8,20250618::index=8.225704,50,225.70496179999998,270.25684108232286
fixed15_band10,-8,20250618::index=8.225704,59,225.70496179999998,219.32371303165445
fixed15_band10,-8,20250611::index=2.2.36E+03,0,2.35533535,177.407764767756
fixed15_band10,-8,20250611::index=2.2.36E+03,2,2.35533535,183.38452016964993
fixed15_band10,-8,20250611::index=2.2.36E+03,3,2.35533535,94.22925877428078
fixed15_band10,-8,20250611::index=2.2.36E+03,14,2.35533535,203.00337471607432
fixed15_band10,-8,20250611::index=2.2.36E+03,21,2.35533535,205.68125356526357
fixed15_band10,-8,20250611::index=2.2.36E+03,23,2.35533535,191.62891982943037
fixed15_band10,-8,20250611::index=2.2.36E+03,29,2.35533535,143.14235577790114
fixed15_band10,-8,20250611::index=2.2.36E+03,36,2.35533535,79.43100753872476
fixed15_band10,-8,20250611::index=2.2.36E+03,37,2.35533535,181.9329038327668
fixed15_band10,-8,20250611::index=2.2.36E+03,44,2.35533535,140.79779110001257
fixed15_band10,-8,20250611::index=2.2.36E+03,47,2.35533535,138.03672778545373
fixed15_band10,-8,20250611::index=2.2.36E+03,48,2.35533535,95.49818385483962
fixed15_band10,-8,20250611::index=2.2.36E+03,54,2.35533535,95.49818385483962
fixed15_band10,-8,20250611::index=2.2.36E+03,55,2.35533535,95.49818385483962
fixed15_band10,-8,20250611::index=2.2.36E+03,59,2.35533535,94.22925877428078
fixed15_band10,-8,20250618::index=2.2380,0,2.380025286,206.9768252683507
fixed15_band10,-8,20250618::index=2.2380,2,2.380025286,207.7178194148886
fixed15_band10,-8,20250618::index=2.2380,3,2.380025286,224.86295255887316
fixed15_band10,-8,20250618::index=2.2380,14,2.380025286,215.11483632038215
fixed15_band10,-8,20250618::index=2.2380,21,2.380025286,203.18464433788319
fixed15_band10,-8,20250618::index=2.2380,23,2.380025286,213.29948577966843
fixed15_band10,-8,20250618::index=2.2380,29,2.380025286,207.7178194148886
fixed15_band10,-8,20250618::index=2.2380,36,2.380025286,226.09551143351555
fixed15_band10,-8,20250618::index=2.2380,37,2.380025286,208.98238824872465
fixed15_band10,-8,20250618::index=2.2380,44,2.380025286,212.73941493780302
fixed15_band10,-8,20250618::index=2.2380,47,2.380025286,207.7178194148886
fixed15_band10,-8,20250618::index=2.2380,48,2.380025286,223.76123335245322
fixed15_band10,-8,20250618::index=2.2380,54,2.380025286,215.11483632038215
fixed15_band10,-8,20250618::index=2.2380,55,2.380025286,217.66477912748707
fixed15_band10,-8,20250618::index=2.2380,59,2.380025286,222.85372102314625
fixed15_band10,-8,20250611::index=9.2.67E+05,3,266.90769650000004,310.56866806634446
fixed15_band10,-8,20250611::index=9.2.67E+05,6,266.90769650000004,284.6781939416506
fixed15_band10,-8,20250611::index=9.2.67E+05,7,266.90769650000004,285.55095151343204
fixed15_band10,-8,20250611::index=9.2.67E+05,15,266.90769650000004,206.48439606232535
fixed15_band10,-8,20250611::index=9.2.67E+05,18,266.90769650000004,298.99476798023375
fixed15_band10,-8,20250611::index=9.2.67E+05,21,266.90769650000004,238.83922089012574
fixed15_band10,-8,20250611::index=9.2.67E+05,26,266.90769650000004,280.63917927518156
fixed15_band10,-8,20250611::index=9.2.67E+05,27,266.90769650000004,224.9200292139269
fixed15_band10,-8,20250611::index=9.2.67E+05,29,266.90769650000004,290.12149536870703
fixed15_band10,-8,20250611::index=9.2.67E+05,30,266.90769650000004,288.72133151708226
fixed15_band10,-8,20250611::index=9.2.67E+05,31,266.90769650000004,270.2584266650581
fixed15_band10,-8,20250611::index=9.2.67E+05,41,266.90769650000004,247.81447721134322
fixed15_band10,-8,20250611::index=9.2.67E+05,45,266.90769650000004,215.81915320743047
fixed15_band10,-8,20250611::index=9.2.67E+05,51,266.90769650000004,270.2584266650581
fixed15_band10,-8,20250611::index=9.2.67E+05,53,266.90769650000004,285.55095151343204
fixed15_band10,-8,20250618::index=9.271677,3,271.6776816,248.41934951796827
fixed15_band10,-8,20250618::index=9.271677,6,271.6776816,236.06201107095285
fixed15_band10,-8,20250618::index=9.271677,7,271.6776816,205.34239803230943
fixed15_band10,-8,20250618::index=9.271677,15,271.6776816,282.7800096619438
fixed15_band10,-8,20250618::index=9.271677,18,271.6776816,261.4930976853837
fixed15_band10,-8,20250618::index=9.271677,21,271.6776816,248.41934951796827
fixed15_band10,-8,20250618::index=9.271677,26,271.6776816,205.34239803230943
fixed15_band10,-8,20250618::index=9.271677,27,271.6776816,217.66477912748707
fixed15_band10,-8,20250618::index=9.271677,29,271.6776816,205.34239803230943
fixed15_band10,-8,20250618::index=9.271677,30,271.6776816,246.23623779561933
fixed15_band10,-8,20250618::index=9.271677,31,271.6776816,214.95841968383573
fixed15_band10,-8,20250618::index=9.271677,41,271.6776816,246.69453018595468
fixed15_band10,-8,20250618::index=9.271677,45,271.6776816,292.5265949718189
fixed15_band10,-8,20250618::index=9.271677,51,271.6776816,213.29948577966843
fixed15_band10,-8,20250618::index=9.271677,53,271.6776816,207.56140277834214
fixed15_band10,-8,20250611::index=10.3.15E+05,2,315.4661173,285.17680484539136
fixed15_band10,-8,20250611::index=10.3.15E+05,4,315.4661173,266.6980009188095
fixed15_band10,-8,20250611::index=10.3.15E+05,10,315.4661173,326.4019774506992
fixed15_band10,-8,20250611::index=10.3.15E+05,18,315.4661173,266.6980009188095
fixed15_band10,-8,20250611::index=10.3.15E+05,21,315.4661173,207.30655798831657
fixed15_band10,-8,20250611::index=10.3.15E+05,27,315.4661173,312.918919410433
fixed15_band10,-8,20250611::index=10.3.15E+05,29,315.4661173,279.2726197843786
fixed15_band10,-8,20250611::index=10.3.15E+05,31,315.4661173,315.3512160493428
fixed15_band10,-8,20250611::index=10.3.15E+05,40,315.4661173,314.53343245560416
fixed15_band10,-8,20250611::index=10.3.15E+05,45,315.4661173,338.8445796637402
fixed15_band10,-8,20250611::index=10.3.15E+05,47,315.4661173,322.04485151045503
fixed15_band10,-8,20250611::index=10.3.15E+05,48,315.4661173,306.236002355564
fixed15_band10,-8,20250611::index=10.3.15E+05,50,315.4661173,343.41718563861184
fixed15_band10,-8,20250611::index=10.3.15E+05,53,315.4661173,294.35481734388736
fixed15_band10,-8,20250611::index=10.3.15E+05,55,315.4661173,298.99476798023375
fixed15_band10,-8,20250618::index=10.322114,2,322.1142428,346.5831406762629
fixed15_band10,-8,20250618::index=10.322114,4,322.1142428,309.0090548959109
fixed15_band10,-8,20250618::index=10.322114,10,322.1142428,286.03684665632466
fixed15_band10,-8,20250618::index=10.322114,18,322.1142428,329.21765089356506
fixed15_band10,-8,20250618::index=10.322114,21,322.1142428,284.9316887934079
fixed15_band10,-8,20250618::index=10.322114,27,322.1142428,255.81636642346186
fixed15_band10,-8,20250618::index=10.322114,29,322.1142428,207.7178194148886
fixed15_band10,-8,20250618::index=10.322114,31,322.1142428,246.67247918132733
fixed15_band10,-8,20250618::index=10.322114,40,322.1142428,219.32371303165445
fixed15_band10,-8,20250618::index=10.322114,45,322.1142428,254.06949608682095
fixed15_band10,-8,20250618::index=10.322114,47,322.1142428,205.34239803230943
fixed15_band10,-8,20250618::index=10.322114,48,322.1142428,254.06949608682095
fixed15_band10,-8,20250618::index=10.322114,50,322.1142428,225.77705783623506
fixed15_band10,-8,20250618::index=10.322114,53,322.1142428,207.56140277834214
fixed15_band10,-8,20250618::index=10.322114,55,322.1142428,223.76123335245322
fixed15_band10,-8,20250611::index=11.3.69E+05,1,368.97810499999997,363.3246204299851
fixed15_band10,-8,20250611::index=11.3.69E+05,5,368.97810499999997,403.86917181062415
fixed15_band10,-8,20250611::index=11.3.69E+05,15,368.97810499999997,372.49546306676785
fixed15_band10,-8,20250611::index=11.3.69E+05,17,368.97810499999997,367.2604247147645
fixed15_band10,-8,20250611::index=11.3.69E+05,20,368.97810499999997,378.44594621158984
fixed15_band10,-8,20250611::index=11.3.69E+05,31,368.97810499999997,395.4844232766258
fixed15_band10,-8,20250611::index=11.3.69E+05,37,368.97810499999997,405.39497492329133
fixed15_band10,-8,20250611::index=11.3.69E+05,44,368.97810499999997,345.1337315206258
fixed15_band10,-8,20250611::index=11.3.69E+05,45,368.97810499999997,354.2498062821445
fixed15_band10,-8,20250611::index=11.3.69E+05,49,368.97810499999997,352.72897159619015
fixed15_band10,-8,20250611::index=11.3.69E+05,50,368.97810499999997,332.81926132448547
fixed15_band10,-8,20250611::index=11.3.69E+05,53,368.97810499999997,426.52299574460307
fixed15_band10,-8,20250611::index=11.3.69E+05,54,368.97810499999997,352.71364985089
fixed15_band10,-8,20250611::index=11.3.69E+05,55,368.97810499999997,363.77894998125146
fixed15_band10,-8,20250611::index=11.3.69E+05,58,368.97810499999997,352.0742698669597
fixed15_band10,-8,20250618::index=11.376320,1,376.3201201,387.7583836627869
fixed15_band10,-8,20250618::index=11.376320,5,376.3201201,366.55430990160977
fixed15_band10,-8,20250618::index=11.376320,15,376.3201201,303.62018669058574
fixed15_band10,-8,20250618::index=11.376320,17,376.3201201,370.6899229463017
fixed15_band10,-8,20250618::index=11.376320,20,376.3201201,357.9841474797831
fixed15_band10,-8,20250618::index=11.376320,31,376.3201201,269.6540208577919
fixed15_band10,-8,20250618::index=11.376320,37,376.3201201,290.42090147826616
fixed15_band10,-8,20250618::index=11.376320,44,376.3201201,373.527065017262
fixed15_band10,-8,20250618::index=11.376320,45,376.3201201,375.29466126403946
fixed15_band10,-8,20250618::index=11.376320,49,376.3201201,360.9322890602584
fixed15_band10,-8,20250618::index=11.376320,50,376.3201201,337.729129587088
fixed15_band10,-8,20250618::index=11.376320,53,376.3201201,376.8439663146758
fixed15_band10,-8,20250618::index=11.376320,54,376.3201201,348.0940665905666
fixed15_band10,-8,20250618::index=11.376320,55,376.3201201,397.47497316796415
fixed15_band10,-8,20250618::index=11.376320,58,376.3201201,372.65610115921413
fixed15_band10,-8,20250611::index=12.4.27E+05,3,427.27619500000003,454.75423772347546
fixed15_band10,-8,20250611::index=12.4.27E+05,9,427.27619500000003,428.86123648758485
fixed15_band10,-8,20250611::index=12.4.27E+05,13,427.27619500000003,450.04944551946676
fixed15_band10,-8,20250611::index=12.4.27E+05,15,427.27619500000003,465.93001819727044
fixed15_band10,-8,20250611::index=12.4.27E+05,17,427.27619500000003,435.6967778712665
fixed15_band10,-8,20250611::index=12.4.27E+05,22,427.27619500000003,479.20558818099056
fixed15_band10,-8,20250611::index=12.4.27E+05,28,427.27619500000003,430.0820990175295
fixed15_band10,-8,20250611::index=12.4.27E+05,30,427.27619500000003,427.15113551239375
fixed15_band10,-8,20250611::index=12.4.27E+05,39,427.27619500000003,429.42058337379405
fixed15_band10,-8,20250611::index=12.4.27E+05,42,427.27619500000003,454.75423772347546
fixed15_band10,-8,20250611::index=12.4.27E+05,44,427.27619500000003,445.44542930347893
fixed15_band10,-8,20250611::index=12.4.27E+05,46,427.27619500000003,470.6331827270052
fixed15_band10,-8,20250611::index=12.4.27E+05,47,427.27619500000003,456.3624349604302
fixed15_band10,-8,20250611::index=12.4.27E+05,54,427.27619500000003,436.66804930635834
fixed15_band10,-8,20250611::index=12.4.27E+05,57,427.27619500000003,465.8821240313771
fixed15_band10,-8,20250618::index=12.434018,3,434.0180833,361.9541434448558
fixed15_band10,-8,20250618::index=12.434018,9,434.0180833,404.9011591129886
fixed15_band10,-8,20250618::index=12.434018,13,434.0180833,480.7760636815978
fixed15_band10,-8,20250618::index=12.434018,15,434.0180833,392.9931249095031
fixed15_band10,-8,20250618::index=12.434018,17,434.0180833,380.9740421322088
fixed15_band10,-8,20250618::index=12.434018,22,434.0180833,391.63627800495993
fixed15_band10,-8,20250618::index=12.434018,28,434.0180833,402.7277533409341
fixed15_band10,-8,20250618::index=12.434018,30,434.0180833,445.79240874461027
fixed15_band10,-8,20250618::index=12.434018,39,434.0180833,385.40077660296845
fixed15_band10,-8,20250618::index=12.434018,42,434.0180833,381.51075739255685
fixed15_band10,-8,20250618::index=12.434018,44,434.0180833,372.6763271015125
fixed15_band10,-8,20250618::index=12.434018,46,434.0180833,414.50406475598913
fixed15_band10,-8,20250618::index=12.434018,47,434.0180833,463.71982433606314
fixed15_band10,-8,20250618::index=12.434018,54,434.0180833,464.685399858714
fixed15_band10,-8,20250618::index=12.434018,57,434.0180833,439.71131407480146
fixed15_band10,-8,20250611::index=13.4.89E+05,3,489.45399810000004,549.9468062217536
fixed15_band10,-8,20250611::index=13.4.89E+05,7,489.45399810000004,458.0546562311386
fixed15_band10,-8,20250611::index=13.4.89E+05,12,489.45399810000004,491.67273455025844
fixed15_band10,-8,20250611::index=13.4.89E+05,13,489.45399810000004,479.4474089656737
fixed15_band10,-8,20250611::index=13.4.89E+05,14,489.45399810000004,496.5417745086915
fixed15_band10,-8,20250611::index=13.4.89E+05,20,489.45399810000004,496.2961245441195
fixed15_band10,-8,20250611::index=13.4.89E+05,34,489.45399810000004,488.76081843539845
fixed15_band10,-8,20250611::index=13.4.89E+05,39,489.45399810000004,478.9245806986207
fixed15_band10,-8,20250611::index=13.4.89E+05,42,489.45399810000004,457.05190657937743
fixed15_band10,-8,20250611::index=13.4.89E+05,44,489.45399810000004,496.8608439668049
fixed15_band10,-8,20250611::index=13.4.89E+05,48,489.45399810000004,490.01834688362976
fixed15_band10,-8,20250611::index=13.4.89E+05,51,489.45399810000004,487.2966268117871
fixed15_band10,-8,20250611::index=13.4.89E+05,53,489.45399810000004,488.5161928273757
fixed15_band10,-8,20250611::index=13.4.89E+05,54,489.45399810000004,494.878809723353
fixed15_band10,-8,20250611::index=13.4.89E+05,59,489.45399810000004,476.99101336870484
fixed15_band10,-8,20250618::index=13.496023,3,496.0233525,505.6180302364951
fixed15_band10,-8,20250618::index=13.496023,7,496.0233525,511.48624218177935
fixed15_band10,-8,20250618::index=13.496023,12,496.0233525,464.39046693861786
fixed15_band10,-8,20250618::index=13.496023,13,496.0233525,505.6180302364951
fixed15_band10,-8,20250618::index=13.496023,14,496.0233525,517.039867441326
fixed15_band10,-8,20250618::index=13.496023,20,496.0233525,482.56285885370744
fixed15_band10,-8,20250618::index=13.496023,34,496.0233525,470.60093636737975
fixed15_band10,-8,20250618::index=13.496023,39,496.0233525,476.52184057775537
fixed15_band10,-8,20250618::index=13.496023,42,496.0233525,438.4519515538314
fixed15_band10,-8,20250618::index=13.496023,44,496.0233525,487.28045004612267
fixed15_band10,-8,20250618::index=13.496023,48,496.0233525,459.25780142426055
fixed15_band10,-8,20250618::index=13.496023,51,496.0233525,462.14395153614134
fixed15_band10,-8,20250618::index=13.496023,53,496.0233525,458.73227584415235
fixed15_band10,-8,20250618::index=13.496023,54,496.0233525,520.4024912609312
fixed15_band10,-8,20250618::index=13.496023,59,496.0233525,503.9513365705908
fixed15_band10,-8,20250611::index=14.5.54E+05,8,554.1963218000001,557.038066749613
fixed15_band10,-8,20250611::index=14.5.54E+05,9,554.1963218000001,546.273124388796
fixed15_band10,-8,20250611::index=14.5.54E+05,10,554.1963218000001,549.499587314905
fixed15_band10,-8,20250611::index=14.5.54E+05,14,554.1963218000001,558.0061746435252
fixed15_band10,-8,20250611::index=14.5.54E+05,29,554.1963218000001,544.4558375282768
fixed15_band10,-8,20250611::index=14.5.54E+05,30,554.1963218000001,502.0987017925947
fixed15_band10,-8,20250611::index=14.5.54E+05,33,554.1963218000001,610.7787914529882
fixed15_band10,-8,20250611::index=14.5.54E+05,36,554.1963218000001,558.945929031646
fixed15_band10,-8,20250611::index=14.5.54E+05,43,554.1963218000001,552.839804344101
fixed15_band10,-8,20250611::index=14.5.54E+05,48,554.1963218000001,532.4107906840622
fixed15_band10,-8,20250611::index=14.5.54E+05,50,554.1963218000001,546.0370746511135
fixed15_band10,-8,20250611::index=14.5.54E+05,51,554.1963218000001,577.2521189990749
fixed15_band10,-8,20250611::index=14.5.54E+05,54,554.1963218000001,553.9670184422071
fixed15_band10,-8,20250611::index=14.5.54E+05,57,554.1963218000001,562.8913742841215
fixed15_band10,-8,20250611::index=14.5.54E+05,58,554.1963218000001,512.9397110411641
fixed15_band10,-8,20250618::index=14.562158,8,562.1587854,542.5431698864669
fixed15_band10,-8,20250618::index=14.562158,9,562.1587854,574.6488193656434
fixed15_band10,-8,20250618::index=14.562158,10,562.1587854,558.6329993012483
fixed15_band10,-8,20250618::index=14.562158,14,562.1587854,576.6052797653272
fixed15_band10,-8,20250618::index=14.562158,29,562.1587854,563.8436744403075
fixed15_band10,-8,20250618::index=14.562158,30,562.1587854,552.8991955286225
fixed15_band10,-8,20250618::index=14.562158,33,562.1587854,558.8510769153932
fixed15_band10,-8,20250618::index=14.562158,36,562.1587854,575.7391448125308
fixed15_band10,-8,20250618::index=14.562158,43,562.1587854,574.6488193656434
fixed15_band10,-8,20250618::index=14.562158,48,562.1587854,511.8468224132808
fixed15_band10,-8,20250618::index=14.562158,50,562.1587854,562.8131515336305
fixed15_band10,-8,20250618::index=14.562158,51,562.1587854,561.3301310561959
fixed15_band10,-8,20250618::index=14.562158,54,562.1587854,538.5798628646598
fixed15_band10,-8,20250618::index=14.562158,57,562.1587854,562.5316031684705
fixed15_band10,-8,20250618::index=14.562158,58,562.1587854,569.0872452962809
fixed15_band10,-8,20250611::index=4.5.76E+04,2,57.59331665,183.38452016964993
fixed15_band10,-8,20250611::index=4.5.76E+04,3,57.59331665,102.68779996730089
fixed15_band10,-8,20250611::index=4.5.76E+04,6,57.59331665,86.64402006682454
fixed15_band10,-8,20250611::index=4.5.76E+04,11,57.59331665,139.38037624824517
fixed15_band10,-8,20250611::index=4.5.76E+04,13,57.59331665,83.95632743624192
fixed15_band10,-8,20250611::index=4.5.76E+04,15,57.59331665,190.72009314349182
fixed15_band10,-8,20250611::index=4.5.76E+04,18,57.59331665,137.94605990037022
fixed15_band10,-8,20250611::index=4.5.76E+04,33,57.59331665,101.87461259150747
fixed15_band10,-8,20250611::index=4.5.76E+04,38,57.59331665,191.40995093112952
fixed15_band10,-8,20250611::index=4.5.76E+04,41,57.59331665,139.21498498092905
fixed15_band10,-8,20250611::index=4.5.76E+04,42,57.59331665,101.87461259150747
fixed15_band10,-8,20250611::index=4.5.76E+04,44,57.59331665,96.23111088190541
fixed15_band10,-8,20250611::index=4.5.76E+04,46,57.59331665,95.49818385483962
fixed15_band10,-8,20250611::index=4.5.76E+04,54,57.59331665,191.1333631272013
fixed15_band10,-8,20250611::index=4.5.76E+04,55,57.59331665,142.24940744645534
fixed15_band10,-8,20250618::index=4.58389,2,58.38985471,205.90246887417484
fixed15_band10,-8,20250618::index=4.58389,3,58.38985471,213.29948577966843
fixed15_band10,-8,20250618::index=4.58389,6,58.38985471,217.66477912748707
fixed15_band10,-8,20250618::index=4.58389,11,58.38985471,225.77705783623506
fixed15_band10,-8,20250618::index=4.58389,13,58.38985471,224.9083123841127
fixed15_band10,-8,20250618::index=4.58389,15,58.38985471,217.66477912748707
fixed15_band10,-8,20250618::index=4.58389,18,58.38985471,223.76123335245322
fixed15_band10,-8,20250618::index=4.58389,33,58.38985471,219.29583043289128
fixed15_band10,-8,20250618::index=4.58389,38,58.38985471,207.7178194148886
fixed15_band10,-8,20250618::index=4.58389,41,58.38985471,225.8275415432339
fixed15_band10,-8,20250618::index=4.58389,42,58.38985471,217.66477912748707
fixed15_band10,-8,20250618::index=4.58389,44,58.38985471,214.95841968383573
fixed15_band10,-8,20250618::index=4.58389,46,58.38985471,217.66477912748707
fixed15_band10,-8,20250618::index=4.58389,54,58.38985471,225.8275415432339
fixed15_band10,-8,20250618::index=4.58389,55,58.38985471,224.9083123841127
fixed15_band10,-8,20250611::index=15.6.24E+05,3,624.4425514,654.8191203666141
fixed15_band10,-8,20250611::index=15.6.24E+05,4,624.4425514,616.1819832317118
fixed15_band10,-8,20250611::index=15.6.24E+05,11,624.4425514,643.9415543505481
fixed15_band10,-8,20250611::index=15.6.24E+05,13,624.4425514,584.3346959954813
fixed15_band10,-8,20250611::index=15.6.24E+05,14,624.4425514,634.8024833374815
fixed15_band10,-8,20250611::index=15.6.24E+05,18,624.4425514,612.1644289180242
fixed15_band10,-8,20250611::index=15.6.24E+05,19,624.4425514,615.2402213714026
fixed15_band10,-8,20250611::index=15.6.24E+05,27,624.4425514,602.9988038020208
fixed15_band10,-8,20250611::index=15.6.24E+05,39,624.4425514,647.5509891035001
fixed15_band10,-8,20250611::index=15.6.24E+05,43,624.4425514,643.3232958567212
fixed15_band10,-8,20250611::index=15.6.24E+05,46,624.4425514,618.0288227044593
fixed15_band10,-8,20250611::index=15.6.24E+05,51,624.4425514,626.0261546487786
fixed15_band10,-8,20250611::index=15.6.24E+05,55,624.4425514,639.3624634265934
fixed15_band10,-8,20250611::index=15.6.24E+05,57,624.4425514,606.0929546243623
fixed15_band10,-8,20250611::index=15.6.24E+05,58,624.4425514,616.3305468182899
fixed15_band10,-8,20250618::index=15.633482,3,633.482536,655.7534237020343
fixed15_band10,-8,20250618::index=15.633482,4,633.482536,638.1384447525228
fixed15_band10,-8,20250618::index=15.633482,11,633.482536,640.0599663353246
fixed15_band10,-8,20250618::index=15.633482,13,633.482536,588.030706409371
fixed15_band10,-8,20250618::index=15.633482,14,633.482536,646.9818530429765
fixed15_band10,-8,20250618::index=15.633482,18,633.482536,603.614433536529
fixed15_band10,-8,20250618::index=15.633482,19,633.482536,639.2426439666293
fixed15_band10,-8,20250618::index=15.633482,27,633.482536,596.6180680482425
fixed15_band10,-8,20250618::index=15.633482,39,633.482536,587.7157311572441
fixed15_band10,-8,20250618::index=15.633482,43,633.482536,648.9793374893097
fixed15_band10,-8,20250618::index=15.633482,46,633.482536,681.8658306680433
fixed15_band10,-8,20250618::index=15.633482,51,633.482536,685.2658839154818
fixed15_band10,-8,20250618::index=15.633482,55,633.482536,590.7487198333607
fixed15_band10,-8,20250618::index=15.633482,57,633.482536,630.6691523202092
fixed15_band10,-8,20250618::index=15.633482,58,633.482536,656.3463110780773
fixed15_band10,-8,20250611::index=16.6.98E+05,2,698.421296,683.3533855114258
fixed15_band10,-8,20250611::index=16.6.98E+05,6,698.421296,758.7033951517213
fixed15_band10,-8,20250611::index=16.6.98E+05,9,698.421296,663.7853698268183
fixed15_band10,-8,20250611::index=16.6.98E+05,10,698.421296,699.7767442758299
fixed15_band10,-8,20250611::index=16.6.98E+05,13,698.421296,691.0444715618377
fixed15_band10,-8,20250611::index=16.6.98E+05,17,698.421296,687.951982131458
fixed15_band10,-8,20250611::index=16.6.98E+05,35,698.421296,676.2462507520584
fixed15_band10,-8,20250611::index=16.6.98E+05,37,698.421296,719.9131487053469
fixed15_band10,-8,20250611::index=16.6.98E+05,39,698.421296,667.1167087800962
fixed15_band10,-8,20250611::index=16.6.98E+05,40,698.421296,715.2601272793925
fixed15_band10,-8,20250611::index=16.6.98E+05,46,698.421296,766.9623645183573
fixed15_band10,-8,20250611::index=16.6.98E+05,47,698.421296,710.2178838567245
fixed15_band10,-8,20250611::index=16.6.98E+05,52,698.421296,747.4960841954521
fixed15_band10,-8,20250611::index=16.6.98E+05,55,698.421296,671.9813250598332
fixed15_band10,-8,20250611::index=16.6.98E+05,57,698.421296,694.9124548871504
fixed15_band10,-8,20250618::index=16.709792,2,709.7927143,704.4506120641291
fixed15_band10,-8,20250618::index=16.709792,6,709.7927143,732.7066379742998
fixed15_band10,-8,20250618::index=16.709792,9,709.7927143,679.1569781010097
fixed15_band10,-8,20250618::index=16.709792,10,709.7927143,761.833860680077
fixed15_band10,-8,20250618::index=16.709792,13,709.7927143,713.1432231820987
fixed15_band10,-8,20250618::index=16.709792,17,709.7927143,713.3561693340253
fixed15_band10,-8,20250618::index=16.709792,35,709.7927143,687.4463032434626
fixed15_band10,-8,20250618::index=16.709792,37,709.7927143,723.3273666765272
fixed15_band10,-8,20250618::index=16.709792,39,709.7927143,703.4515303682509
fixed15_band10,-8,20250618::index=16.709792,40,709.7927143,775.7299639136455
fixed15_band10,-8,20250618::index=16.709792,46,709.7927143,803.6916077583985
fixed15_band10,-8,20250618::index=16.709792,47,709.7927143,751.071199348214
fixed15_band10,-8,20250618::index=16.709792,52,709.7927143,719.8033841497946
fixed15_band10,-8,20250618::index=16.709792,55,709.7927143,675.6857127415698
fixed15_band10,-8,20250618::index=16.709792,57,709.7927143,658.7669973713722
fixed15_band10,-8,20250611::index=17.7.77E+05,5,776.6472223000001,752.8184975570201
fixed15_band10,-8,20250611::index=17.7.77E+05,6,776.6472223000001,773.9048879979233
fixed15_band10,-8,20250611::index=17.7.77E+05,7,776.6472223000001,812.7437111488434
fixed15_band10,-8,20250611::index=17.7.77E+05,8,776.6472223000001,782.3852592925568
fixed15_band10,-8,20250611::index=17.7.77E+05,10,776.6472223000001,779.6751427882508
fixed15_band10,-8,20250611::index=17.7.77E+05,14,776.6472223000001,804.9694373998121
fixed15_band10,-8,20250611::index=17.7.77E+05,19,776.6472223000001,830.7640516726184
fixed15_band10,-8,20250611::index=17.7.77E+05,24,776.6472223000001,789.5769313997748
fixed15_band10,-8,20250611::index=17.7.77E+05,26,776.6472223000001,746.4683867061104
fixed15_band10,-8,20250611::index=17.7.77E+05,31,776.6472223000001,769.6128194261605
fixed15_band10,-8,20250611::index=17.7.77E+05,41,776.6472223000001,783.6855272414871
fixed15_band10,-8,20250611::index=17.7.77E+05,52,776.6472223000001,779.1212863592899
fixed15_band10,-8,20250611::index=17.7.77E+05,53,776.6472223000001,785.0820958635593
fixed15_band10,-8,20250611::index=17.7.77E+05,54,776.6472223000001,748.452319898318
fixed15_band10,-8,20250611::index=17.7.77E+05,55,776.6472223000001,756.0142441938043
fixed15_band10,-8,20250618::index=17.789500,5,789.5001968,760.3042720883584
fixed15_band10,-8,20250618::index=17.789500,6,789.5001968,844.4353428166766
fixed15_band10,-8,20250618::index=17.789500,7,789.5001968,750.1881648000793
fixed15_band10,-8,20250618::index=17.789500,8,789.5001968,714.6301735015874
fixed15_band10,-8,20250618::index=17.789500,10,789.5001968,774.2262056302985
fixed15_band10,-8,20250618::index=17.789500,14,789.5001968,848.0615632044342
fixed15_band10,-8,20250618::index=17.789500,19,789.5001968,825.515828120615
fixed15_band10,-8,20250618::index=17.789500,24,789.5001968,766.3347521858796
fixed15_band10,-8,20250618::index=17.789500,26,789.5001968,856.2723705185997
fixed15_band10,-8,20250618::index=17.789500,31,789.5001968,796.769390692462
fixed15_band10,-8,20250618::index=17.789500,41,789.5001968,755.0841124803942
fixed15_band10,-8,20250618::index=17.789500,52,789.5001968,743.0408092372132
fixed15_band10,-8,20250618::index=17.789500,53,789.5001968,762.2637743399349
fixed15_band10,-8,20250618::index=17.789500,54,789.5001968,799.5080298858168
fixed15_band10,-8,20250618::index=17.789500,55,789.5001968,792.4118784130916
fixed15_band10,-8,20250611::index=18.8.59E+05,0,859.3439142,859.9082261523571
fixed15_band10,-8,20250611::index=18.8.59E+05,5,859.3439142,800.2321321916736
fixed15_band10,-8,20250611::index=18.8.59E+05,14,859.3439142,851.5817541716158
fixed15_band10,-8,20250611::index=18.8.59E+05,18,859.3439142,808.1818551904388
fixed15_band10,-8,20250611::index=18.8.59E+05,19,859.3439142,860.21515129927
fixed15_band10,-8,20250611::index=18.8.59E+05,21,859.3439142,853.9099473789737
fixed15_band10,-8,20250611::index=18.8.59E+05,26,859.3439142,858.6651192807395
fixed15_band10,-8,20250611::index=18.8.59E+05,27,859.3439142,855.3723373866519
fixed15_band10,-8,20250611::index=18.8.59E+05,32,859.3439142,857.0768076032853
fixed15_band10,-8,20250611::index=18.8.59E+05,36,859.3439142,863.7102334815795
fixed15_band10,-8,20250611::index=18.8.59E+05,43,859.3439142,785.8016135989418
fixed15_band10,-8,20250611::index=18.8.59E+05,53,859.3439142,854.5979259397747
fixed15_band10,-8,20250611::index=18.8.59E+05,54,859.3439142,850.9138502864208
fixed15_band10,-8,20250611::index=18.8.59E+05,56,859.3439142,862.6249854417993
fixed15_band10,-8,20250611::index=18.8.59E+05,57,859.3439142,846.840527642523
fixed15_band10,-8,20250618::index=18.873637,0,873.6370359,867.8590761029128
fixed15_band10,-8,20250618::index=18.873637,5,873.6370359,866.8536249039718
fixed15_band10,-8,20250618::index=18.873637,14,873.6370359,862.6059295801072
fixed15_band10,-8,20250618::index=18.873637,18,873.6370359,857.5412895946699
fixed15_band10,-8,20250618::index=18.873637,19,873.6370359,847.9923301926088
fixed15_band10,-8,20250618::index=18.873637,21,873.6370359,842.6824302245718
fixed15_band10,-8,20250618::index=18.873637,26,873.6370359,872.1630942121595
fixed15_band10,-8,20250618::index=18.873637,27,873.6370359,861.4751816711974
fixed15_band10,-8,20250618::index=18.873637,32,873.6370359,848.3900333816491
fixed15_band10,-8,20250618::index=18.873637,36,873.6370359,842.9957980675981
fixed15_band10,-8,20250618::index=18.873637,43,873.6370359,858.4461405187166
fixed15_band10,-8,20250618::index=18.873637,53,873.6370359,861.7800886544219
fixed15_band10,-8,20250618::index=18.873637,54,873.6370359,832.3419173851288
fixed15_band10,-8,20250618::index=18.873637,56,873.6370359,843.1995168412692
fixed15_band10,-8,20250618::index=18.873637,57,873.6370359,857.3853258508497
fixed15_frequency34,-8,20250618::index=1.0,0,-1.42e-09,136.47723462810163
fixed15_frequency34,-8,20250618::index=1.0,3,-1.42e-09,165.72057736589284
fixed15_frequency34,-8,20250618::index=1.0,5,-1.42e-09,158.91212008054762
fixed15_frequency34,-8,20250618::index=1.0,12,-1.42e-09,158.5778060308194
fixed15_frequency34,-8,20250618::index=1.0,13,-1.42e-09,168.9868559941212
fixed15_frequency34,-8,20250618::index=1.0,31,-1.42e-09,156.45726548657368
fixed15_frequency34,-8,20250618::index=1.0,33,-1.42e-09,182.06662401473974
fixed15_frequency34,-8,20250618::index=1.0,36,-1.42e-09,201.13017429059565
fixed15_frequency34,-8,20250618::index=1.0,45,-1.42e-09,162.16999790218935
fixed15_frequency34,-8,20250618::index=1.0,46,-1.42e-09,170.58385693209794
fixed15_frequency34,-8,20250618::index=1.0,48,-1.42e-09,186.36308842113087
fixed15_frequency34,-8,20250618::index=1.0,50,-1.42e-09,160.47654877958826
fixed15_frequency34,-8,20250618::index=1.0,52,-1.42e-09,191.68631976097134
fixed15_frequency34,-8,20250618::index=1.0,54,-1.42e-09,170.96733046168472
fixed15_frequency34,-8,20250618::index=1.0,57,-1.42e-09,190.560008654898
fixed15_frequency34,-8,20250611::index=1.3.28E-04,0,3.28047e-07,125.79417717900428
fixed15_frequency34,-8,20250611::index=1.3.28E-04,3,3.28047e-07,150.30520121146154
fixed15_frequency34,-8,20250611::index=1.3.28E-04,5,3.28047e-07,156.2653294674139
fixed15_frequency34,-8,20250611::index=1.3.28E-04,12,3.28047e-07,72.84500424932955
fixed15_frequency34,-8,20250611::index=1.3.28E-04,13,3.28047e-07,161.0559090069129
fixed15_frequency34,-8,20250611::index=1.3.28E-04,31,3.28047e-07,145.3263341347905
fixed15_frequency34,-8,20250611::index=1.3.28E-04,33,3.28047e-07,108.21590102461579
fixed15_frequency34,-8,20250611::index=1.3.28E-04,36,3.28047e-07,181.12559787638
fixed15_frequency34,-8,20250611::index=1.3.28E-04,45,3.28047e-07,150.31317332545115
fixed15_frequency34,-8,20250611::index=1.3.28E-04,46,3.28047e-07,164.64496060310546
fixed15_frequency34,-8,20250611::index=1.3.28E-04,48,3.28047e-07,180.96414572225308
fixed15_frequency34,-8,20250611::index=1.3.28E-04,50,3.28047e-07,134.7523502862688
fixed15_frequency34,-8,20250611::index=1.3.28E-04,52,3.28047e-07,141.84896905587746
fixed15_frequency34,-8,20250611::index=1.3.28E-04,54,3.28047e-07,42.71433161274824
fixed15_frequency34,-8,20250611::index=1.3.28E-04,57,3.28047e-07,145.50643805219525
fixed15_frequency34,-8,20250611::index=5.1.11E+05,17,111.2647017,44.42293664695899
fixed15_frequency34,-8,20250611::index=5.1.11E+05,19,111.2647017,41.892402358199895
fixed15_frequency34,-8,20250611::index=5.1.11E+05,21,111.2647017,95.44357660567519
fixed15_frequency34,-8,20250611::index=5.1.11E+05,23,111.2647017,117.85904338890329
fixed15_frequency34,-8,20250611::index=5.1.11E+05,28,111.2647017,65.27898396382207
fixed15_frequency34,-8,20250611::index=5.1.11E+05,34,111.2647017,61.50578138207243
fixed15_frequency34,-8,20250611::index=5.1.11E+05,35,111.2647017,151.77791347267095
fixed15_frequency34,-8,20250611::index=5.1.11E+05,41,111.2647017,70.97793238254567
fixed15_frequency34,-8,20250611::index=5.1.11E+05,46,111.2647017,126.73626232627119
fixed15_frequency34,-8,20250611::index=5.1.11E+05,47,111.2647017,138.22498639821083
fixed15_frequency34,-8,20250611::index=5.1.11E+05,48,111.2647017,68.82295192494288
fixed15_frequency34,-8,20250611::index=5.1.11E+05,51,111.2647017,61.92567339372374
fixed15_frequency34,-8,20250611::index=5.1.11E+05,55,111.2647017,65.2207434787375
fixed15_frequency34,-8,20250611::index=5.1.11E+05,56,111.2647017,154.32455599781727
fixed15_frequency34,-8,20250611::index=5.1.11E+05,58,111.2647017,142.97755339204954
fixed15_frequency34,-8,20250618::index=5.113188,17,113.1882901,155.0052314493543
fixed15_frequency34,-8,20250618::index=5.113188,19,113.1882901,55.071244963008546
fixed15_frequency34,-8,20250618::index=5.113188,21,113.1882901,97.56325147916259
fixed15_frequency34,-8,20250618::index=5.113188,23,113.1882901,50.76947376425418
fixed15_frequency34,-8,20250618::index=5.113188,28,113.1882901,50.54330097478653
fixed15_frequency34,-8,20250618::index=5.113188,34,113.1882901,51.13628898018779
fixed15_frequency34,-8,20250618::index=5.113188,35,113.1882901,153.7175683991745
fixed15_frequency34,-8,20250618::index=5.113188,41,113.1882901,69.53433317415832
fixed15_frequency34,-8,20250618::index=5.113188,46,113.1882901,47.609571094735585
fixed15_frequency34,-8,20250618::index=5.113188,47,113.1882901,47.39792824151177
fixed15_frequency34,-8,20250618::index=5.113188,48,113.1882901,83.91159338978584
fixed15_frequency34,-8,20250618::index=5.113188,51,113.1882901,78.84928321116217
fixed15_frequency34,-8,20250618::index=5.113188,55,113.1882901,52.31211405753359
fixed15_frequency34,-8,20250618::index=5.113188,56,113.1882901,66.61034619843231
fixed15_frequency34,-8,20250618::index=5.113188,58,113.1882901,50.40087386213461
fixed15_frequency34,-8,20250611::index=6.1.44E+05,6,144.32426180000002,55.19968815186173
fixed15_frequency34,-8,20250611::index=6.1.44E+05,11,144.32426180000002,118.81330668597015
fixed15_frequency34,-8,20250611::index=6.1.44E+05,13,144.32426180000002,74.55279350046817
fixed15_frequency34,-8,20250611::index=6.1.44E+05,26,144.32426180000002,132.8625703269528
fixed15_frequency34,-8,20250611::index=6.1.44E+05,31,144.32426180000002,146.1365453533872
fixed15_frequency34,-8,20250611::index=6.1.44E+05,34,144.32426180000002,104.59891292959463
fixed15_frequency34,-8,20250611::index=6.1.44E+05,35,144.32426180000002,147.70924671440002
fixed15_frequency34,-8,20250611::index=6.1.44E+05,36,144.32426180000002,72.6101956215014
fixed15_frequency34,-8,20250611::index=6.1.44E+05,38,144.32426180000002,133.06532587141749
fixed15_frequency34,-8,20250611::index=6.1.44E+05,40,144.32426180000002,145.4268582151596
fixed15_frequency34,-8,20250611::index=6.1.44E+05,46,144.32426180000002,139.4451952870498
fixed15_frequency34,-8,20250611::index=6.1.44E+05,47,144.32426180000002,34.695400255239385
fixed15_frequency34,-8,20250611::index=6.1.44E+05,56,144.32426180000002,103.87222651948298
fixed15_frequency34,-8,20250611::index=6.1.44E+05,58,144.32426180000002,132.39333363112087
fixed15_frequency34,-8,20250611::index=6.1.44E+05,59,144.32426180000002,129.54158316966686
fixed15_frequency34,-8,20250618::index=6.146381,6,146.38165049999998,94.69775900663147
fixed15_frequency34,-8,20250618::index=6.146381,11,146.38165049999998,59.380219383539156
fixed15_frequency34,-8,20250618::index=6.146381,13,146.38165049999998,82.48244904761913
fixed15_frequency34,-8,20250618::index=6.146381,26,146.38165049999998,133.31531669012116
fixed15_frequency34,-8,20250618::index=6.146381,31,146.38165049999998,97.96342011845793
fixed15_frequency34,-8,20250618::index=6.146381,34,146.38165049999998,60.95723783684762
fixed15_frequency34,-8,20250618::index=6.146381,35,146.38165049999998,157.52435700891434
fixed15_frequency34,-8,20250618::index=6.146381,36,146.38165049999998,116.92324053479135
fixed15_frequency34,-8,20250618::index=6.146381,38,146.38165049999998,136.6441862441739
fixed15_frequency34,-8,20250618::index=6.146381,40,146.38165049999998,53.36524342459935
fixed15_frequency34,-8,20250618::index=6.146381,46,146.38165049999998,68.73173931344081
fixed15_frequency34,-8,20250618::index=6.146381,47,146.38165049999998,52.69970327870023
fixed15_frequency34,-8,20250618::index=6.146381,56,146.38165049999998,70.19062522119445
fixed15_frequency34,-8,20250618::index=6.146381,58,146.38165049999998,124.68363977403602
fixed15_frequency34,-8,20250618::index=6.146381,59,146.38165049999998,48.41029984740241
fixed15_frequency34,-8,20250611::index=7.1.81E+05,4,181.378003,121.59743635405876
fixed15_frequency34,-8,20250611::index=7.1.81E+05,5,181.378003,65.40153254308726
fixed15_frequency34,-8,20250611::index=7.1.81E+05,10,181.378003,124.97510854865583
fixed15_frequency34,-8,20250611::index=7.1.81E+05,15,181.378003,157.13185683295353
fixed15_frequency34,-8,20250611::index=7.1.81E+05,18,181.378003,147.8493553251306
fixed15_frequency34,-8,20250611::index=7.1.81E+05,20,181.378003,139.5079156754124
fixed15_frequency34,-8,20250611::index=7.1.81E+05,26,181.378003,129.90216314951664
fixed15_frequency34,-8,20250611::index=7.1.81E+05,28,181.378003,148.64473977280943
fixed15_frequency34,-8,20250611::index=7.1.81E+05,33,181.378003,153.94664096471428
fixed15_frequency34,-8,20250611::index=7.1.81E+05,37,181.378003,130.96596959323043
fixed15_frequency34,-8,20250611::index=7.1.81E+05,41,181.378003,38.52618419554169
fixed15_frequency34,-8,20250611::index=7.1.81E+05,44,181.378003,94.80111228611736
fixed15_frequency34,-8,20250611::index=7.1.81E+05,56,181.378003,72.25509285753778
fixed15_frequency34,-8,20250611::index=7.1.81E+05,57,181.378003,156.04530572162759
fixed15_frequency34,-8,20250611::index=7.1.81E+05,58,181.378003,148.30285603231243
fixed15_frequency34,-8,20250618::index=7.184190,4,184.1909699,122.0137580676365
fixed15_frequency34,-8,20250618::index=7.184190,5,184.1909699,135.2466360154132
fixed15_frequency34,-8,20250618::index=7.184190,10,184.1909699,79.59065953962951
fixed15_frequency34,-8,20250618::index=7.184190,15,184.1909699,144.45091652477421
fixed15_frequency34,-8,20250618::index=7.184190,18,184.1909699,143.56742116917985
fixed15_frequency34,-8,20250618::index=7.184190,20,184.1909699,151.7739662461576
fixed15_frequency34,-8,20250618::index=7.184190,26,184.1909699,137.83480063303688
fixed15_frequency34,-8,20250618::index=7.184190,28,184.1909699,143.13724985400108
fixed15_frequency34,-8,20250618::index=7.184190,33,184.1909699,264.29411237654733
fixed15_frequency34,-8,20250618::index=7.184190,37,184.1909699,138.03106330901846
fixed15_frequency34,-8,20250618::index=7.184190,41,184.1909699,203.22077919162135
fixed15_frequency34,-8,20250618::index=7.184190,44,184.1909699,163.03908156288287
fixed15_frequency34,-8,20250618::index=7.184190,56,184.1909699,188.50971529834027
fixed15_frequency34,-8,20250618::index=7.184190,57,184.1909699,188.17091033410114
fixed15_frequency34,-8,20250618::index=7.184190,58,184.1909699,172.8065338239298
fixed15_frequency34,-8,20250611::index=3.2.10E+04,1,20.97971604,131.17858071224788
fixed15_frequency34,-8,20250611::index=3.2.10E+04,6,20.97971604,62.52183689336882
fixed15_frequency34,-8,20250611::index=3.2.10E+04,11,20.97971604,105.95596897001086
fixed15_frequency34,-8,20250611::index=3.2.10E+04,22,20.97971604,95.37898706198769
fixed15_frequency34,-8,20250611::index=3.2.10E+04,28,20.97971604,59.86730354378873
fixed15_frequency34,-8,20250611::index=3.2.10E+04,33,20.97971604,128.58445275756776
fixed15_frequency34,-8,20250611::index=3.2.10E+04,34,20.97971604,64.11774547785929
fixed15_frequency34,-8,20250611::index=3.2.10E+04,36,20.97971604,74.57087698242832
fixed15_frequency34,-8,20250611::index=3.2.10E+04,41,20.97971604,60.791733629405655
fixed15_frequency34,-8,20250611::index=3.2.10E+04,42,20.97971604,70.21305279938598
fixed15_frequency34,-8,20250611::index=3.2.10E+04,52,20.97971604,62.95586131380327
fixed15_frequency34,-8,20250611::index=3.2.10E+04,54,20.97971604,154.26919478812326
fixed15_frequency34,-8,20250611::index=3.2.10E+04,56,20.97971604,63.884565770023
fixed15_frequency34,-8,20250611::index=3.2.10E+04,57,20.97971604,67.72882523606283
fixed15_frequency34,-8,20250611::index=3.2.10E+04,59,20.97971604,50.54178041644332
fixed15_frequency34,-8,20250618::index=3.21242,1,21.24286319,179.06327864730713
fixed15_frequency34,-8,20250618::index=3.21242,6,21.24286319,178.18842767338487
fixed15_frequency34,-8,20250618::index=3.21242,11,21.24286319,155.49916268973274
fixed15_frequency34,-8,20250618::index=3.21242,22,21.24286319,177.65462857779272
fixed15_frequency34,-8,20250618::index=3.21242,28,21.24286319,153.32020928262213
fixed15_frequency34,-8,20250618::index=3.21242,33,21.24286319,165.37984083717052
fixed15_frequency34,-8,20250618::index=3.21242,34,21.24286319,154.16280466555017
fixed15_frequency34,-8,20250618::index=3.21242,36,21.24286319,185.87417314423277
fixed15_frequency34,-8,20250618::index=3.21242,41,21.24286319,176.2120585737915
fixed15_frequency34,-8,20250618::index=3.21242,42,21.24286319,163.08377611217105
fixed15_frequency34,-8,20250618::index=3.21242,52,21.24286319,158.4235201094941
fixed15_frequency34,-8,20250618::index=3.21242,54,21.24286319,157.98252412283585
fixed15_frequency34,-8,20250618::index=3.21242,56,21.24286319,166.78368773842814
fixed15_frequency34,-8,20250618::index=3.21242,57,21.24286319,166.78685387007968
fixed15_frequency34,-8,20250618::index=3.21242,59,21.24286319,155.66288762646673
fixed15_frequency34,-8,20250611::index=8.2.22E+05,0,221.5051102,124.64942335586696
fixed15_frequency34,-8,20250611::index=8.2.22E+05,4,221.5051102,154.3834142526735
fixed15_frequency34,-8,20250611::index=8.2.22E+05,6,221.5051102,136.0147296052206
fixed15_frequency34,-8,20250611::index=8.2.22E+05,9,221.5051102,157.02547764898048
fixed15_frequency34,-8,20250611::index=8.2.22E+05,13,221.5051102,143.69162112581728
fixed15_frequency34,-8,20250611::index=8.2.22E+05,15,221.5051102,161.873824271378
fixed15_frequency34,-8,20250611::index=8.2.22E+05,17,221.5051102,154.5600373077863
fixed15_frequency34,-8,20250611::index=8.2.22E+05,22,221.5051102,147.05756128562254
fixed15_frequency34,-8,20250611::index=8.2.22E+05,24,221.5051102,152.64642425019264
fixed15_frequency34,-8,20250611::index=8.2.22E+05,28,221.5051102,181.89834096057845
fixed15_frequency34,-8,20250611::index=8.2.22E+05,31,221.5051102,166.23723171510454
fixed15_frequency34,-8,20250611::index=8.2.22E+05,39,221.5051102,169.85478257477476
fixed15_frequency34,-8,20250611::index=8.2.22E+05,40,221.5051102,158.85858180880464
fixed15_frequency34,-8,20250611::index=8.2.22E+05,50,221.5051102,166.3477924191694
fixed15_frequency34,-8,20250611::index=8.2.22E+05,59,221.5051102,81.64697140125223
fixed15_frequency34,-8,20250618::index=8.225704,0,225.70496179999998,154.90445406153756
fixed15_frequency34,-8,20250618::index=8.225704,4,225.70496179999998,208.95004783791504
fixed15_frequency34,-8,20250618::index=8.225704,6,225.70496179999998,153.83495213209474
fixed15_frequency34,-8,20250618::index=8.225704,9,225.70496179999998,166.40796324732204
fixed15_frequency34,-8,20250618::index=8.225704,13,225.70496179999998,269.91002401123103
fixed15_frequency34,-8,20250618::index=8.225704,15,225.70496179999998,175.0907774816173
fixed15_frequency34,-8,20250618::index=8.225704,17,225.70496179999998,160.91613649342324
fixed15_frequency34,-8,20250618::index=8.225704,22,225.70496179999998,183.08718338563355
fixed15_frequency34,-8,20250618::index=8.225704,24,225.70496179999998,156.7170477453473
fixed15_frequency34,-8,20250618::index=8.225704,28,225.70496179999998,194.06143848947548
fixed15_frequency34,-8,20250618::index=8.225704,31,225.70496179999998,159.26786417636728
fixed15_frequency34,-8,20250618::index=8.225704,39,225.70496179999998,239.39792100539785
fixed15_frequency34,-8,20250618::index=8.225704,40,225.70496179999998,159.73804671856735
fixed15_frequency34,-8,20250618::index=8.225704,50,225.70496179999998,271.3066273546104
fixed15_frequency34,-8,20250618::index=8.225704,59,225.70496179999998,155.84437361016143
fixed15_frequency34,-8,20250611::index=2.2.36E+03,0,2.35533535,123.6971155420889
fixed15_frequency34,-8,20250611::index=2.2.36E+03,2,2.35533535,153.7815786239556
fixed15_frequency34,-8,20250611::index=2.2.36E+03,3,2.35533535,60.73631832628156
fixed15_frequency34,-8,20250611::index=2.2.36E+03,14,2.35533535,149.39772973836025
fixed15_frequency34,-8,20250611::index=2.2.36E+03,21,2.35533535,132.08732604714405
fixed15_frequency34,-8,20250611::index=2.2.36E+03,23,2.35533535,140.34259534140924
fixed15_frequency34,-8,20250611::index=2.2.36E+03,29,2.35533535,112.43835384374385
fixed15_frequency34,-8,20250611::index=2.2.36E+03,36,2.35533535,78.74286794451648
fixed15_frequency34,-8,20250611::index=2.2.36E+03,37,2.35533535,130.59819841469695
fixed15_frequency34,-8,20250611::index=2.2.36E+03,44,2.35533535,120.39079317882505
fixed15_frequency34,-8,20250611::index=2.2.36E+03,47,2.35533535,90.16009755152075
fixed15_frequency34,-8,20250611::index=2.2.36E+03,48,2.35533535,69.94521791335796
fixed15_frequency34,-8,20250611::index=2.2.36E+03,54,2.35533535,73.60105973228062
fixed15_frequency34,-8,20250611::index=2.2.36E+03,55,2.35533535,68.67502581251293
fixed15_frequency34,-8,20250611::index=2.2.36E+03,59,2.35533535,62.30754351970287
fixed15_frequency34,-8,20250618::index=2.2380,0,2.380025286,122.73577386856776
fixed15_frequency34,-8,20250618::index=2.2380,2,2.380025286,163.86701762031913
fixed15_frequency34,-8,20250618::index=2.2380,3,2.380025286,161.74234337659053
fixed15_frequency34,-8,20250618::index=2.2380,14,2.380025286,155.00032791948325
fixed15_frequency34,-8,20250618::index=2.2380,21,2.380025286,156.65266573208447
fixed15_frequency34,-8,20250618::index=2.2380,23,2.380025286,156.66499912698453
fixed15_frequency34,-8,20250618::index=2.2380,29,2.380025286,155.35523491170255
fixed15_frequency34,-8,20250618::index=2.2380,36,2.380025286,168.87118216999048
fixed15_frequency34,-8,20250618::index=2.2380,37,2.380025286,134.1704107887477
fixed15_frequency34,-8,20250618::index=2.2380,44,2.380025286,157.63055774187566
fixed15_frequency34,-8,20250618::index=2.2380,47,2.380025286,154.1622606692524
fixed15_frequency34,-8,20250618::index=2.2380,48,2.380025286,183.54436575958405
fixed15_frequency34,-8,20250618::index=2.2380,54,2.380025286,159.26002484209582
fixed15_frequency34,-8,20250618::index=2.2380,55,2.380025286,159.00239506013386
fixed15_frequency34,-8,20250618::index=2.2380,59,2.380025286,151.617688694321
fixed15_frequency34,-8,20250611::index=9.2.67E+05,3,266.90769650000004,288.21391212190935
fixed15_frequency34,-8,20250611::index=9.2.67E+05,6,266.90769650000004,272.72383622749726
fixed15_frequency34,-8,20250611::index=9.2.67E+05,7,266.90769650000004,288.1334660884129
fixed15_frequency34,-8,20250611::index=9.2.67E+05,15,266.90769650000004,150.08980004334455
fixed15_frequency34,-8,20250611::index=9.2.67E+05,18,266.90769650000004,277.68734694141705
fixed15_frequency34,-8,20250611::index=9.2.67E+05,21,266.90769650000004,184.78656521445976
fixed15_frequency34,-8,20250611::index=9.2.67E+05,26,266.90769650000004,279.3883473086105
fixed15_frequency34,-8,20250611::index=9.2.67E+05,27,266.90769650000004,153.60990004732162
fixed15_frequency34,-8,20250611::index=9.2.67E+05,29,266.90769650000004,274.92262132295434
fixed15_frequency34,-8,20250611::index=9.2.67E+05,30,266.90769650000004,278.50318438082644
fixed15_frequency34,-8,20250611::index=9.2.67E+05,31,266.90769650000004,262.3823217842167
fixed15_frequency34,-8,20250611::index=9.2.67E+05,41,266.90769650000004,211.52787082659898
fixed15_frequency34,-8,20250611::index=9.2.67E+05,45,266.90769650000004,156.03716689071166
fixed15_frequency34,-8,20250611::index=9.2.67E+05,51,266.90769650000004,271.49188062663495
fixed15_frequency34,-8,20250611::index=9.2.67E+05,53,266.90769650000004,285.24765404809045
fixed15_frequency34,-8,20250618::index=9.271677,3,271.6776816,208.7975789254007
fixed15_frequency34,-8,20250618::index=9.271677,6,271.6776816,239.46759687827927
fixed15_frequency34,-8,20250618::index=9.271677,7,271.6776816,164.08634665484394
fixed15_frequency34,-8,20250618::index=9.271677,15,271.6776816,305.2021421892382
fixed15_frequency34,-8,20250618::index=9.271677,18,271.6776816,214.7516706185908
fixed15_frequency34,-8,20250618::index=9.271677,21,271.6776816,234.84713919507809
fixed15_frequency34,-8,20250618::index=9.271677,26,271.6776816,155.60473963515017
fixed15_frequency34,-8,20250618::index=9.271677,27,271.6776816,178.76642913118755
fixed15_frequency34,-8,20250618::index=9.271677,29,271.6776816,161.4024558637522
fixed15_frequency34,-8,20250618::index=9.271677,30,271.6776816,204.54657030687937
fixed15_frequency34,-8,20250618::index=9.271677,31,271.6776816,156.05816689676527
fixed15_frequency34,-8,20250618::index=9.271677,41,271.6776816,254.57586228617674
fixed15_frequency34,-8,20250618::index=9.271677,45,271.6776816,279.49886812788577
fixed15_frequency34,-8,20250618::index=9.271677,51,271.6776816,159.61346761543373
fixed15_frequency34,-8,20250618::index=9.271677,53,271.6776816,168.22535929870514
fixed15_frequency34,-8,20250611::index=10.3.15E+05,2,315.4661173,282.0969903472443
fixed15_frequency34,-8,20250611::index=10.3.15E+05,4,315.4661173,262.27149762765487
fixed15_frequency34,-8,20250611::index=10.3.15E+05,10,315.4661173,311.52715410673903
fixed15_frequency34,-8,20250611::index=10.3.15E+05,18,315.4661173,266.4716753118855
fixed15_frequency34,-8,20250611::index=10.3.15E+05,21,315.4661173,148.90205584126196
fixed15_frequency34,-8,20250611::index=10.3.15E+05,27,315.4661173,318.056818541571
fixed15_frequency34,-8,20250611::index=10.3.15E+05,29,315.4661173,286.96494633487555
fixed15_frequency34,-8,20250611::index=10.3.15E+05,31,315.4661173,306.0939791877182
fixed15_frequency34,-8,20250611::index=10.3.15E+05,40,315.4661173,309.60145493742175
fixed15_frequency34,-8,20250611::index=10.3.15E+05,45,315.4661173,339.04407664394387
fixed15_frequency34,-8,20250611::index=10.3.15E+05,47,315.4661173,326.37716859028046
fixed15_frequency34,-8,20250611::index=10.3.15E+05,48,315.4661173,324.51001481147154
fixed15_frequency34,-8,20250611::index=10.3.15E+05,50,315.4661173,334.6881517272721
fixed15_frequency34,-8,20250611::index=10.3.15E+05,53,315.4661173,284.4269415198713
fixed15_frequency34,-8,20250611::index=10.3.15E+05,55,315.4661173,298.2227838313243
fixed15_frequency34,-8,20250618::index=10.322114,2,322.1142428,339.65990151966224
fixed15_frequency34,-8,20250618::index=10.322114,4,322.1142428,294.50500787656415
fixed15_frequency34,-8,20250618::index=10.322114,10,322.1142428,287.65984576255096
fixed15_frequency34,-8,20250618::index=10.322114,18,322.1142428,317.5819474545454
fixed15_frequency34,-8,20250618::index=10.322114,21,322.1142428,279.6973099184773
fixed15_frequency34,-8,20250618::index=10.322114,27,322.1142428,234.63593600009023
fixed15_frequency34,-8,20250618::index=10.322114,29,322.1142428,159.60119742058183
fixed15_frequency34,-8,20250618::index=10.322114,31,322.1142428,213.47485392674517
fixed15_frequency34,-8,20250618::index=10.322114,40,322.1142428,164.4854891228027
fixed15_frequency34,-8,20250618::index=10.322114,45,322.1142428,216.87784434283094
fixed15_frequency34,-8,20250618::index=10.322114,47,322.1142428,155.1794592690188
fixed15_frequency34,-8,20250618::index=10.322114,48,322.1142428,237.87226228730114
fixed15_frequency34,-8,20250618::index=10.322114,50,322.1142428,160.8762482018009
fixed15_frequency34,-8,20250618::index=10.322114,53,322.1142428,165.72987248377814
fixed15_frequency34,-8,20250618::index=10.322114,55,322.1142428,179.99441609761348
fixed15_frequency34,-8,20250611::index=11.3.69E+05,1,368.97810499999997,377.5181185718032
fixed15_frequency34,-8,20250611::index=11.3.69E+05,5,368.97810499999997,395.8884131641035
fixed15_frequency34,-8,20250611::index=11.3.69E+05,15,368.97810499999997,385.6878234939928
fixed15_frequency34,-8,20250611::index=11.3.69E+05,17,368.97810499999997,371.8338881648197
fixed15_frequency34,-8,20250611::index=11.3.69E+05,20,368.97810499999997,385.8588396389956
fixed15_frequency34,-8,20250611::index=11.3.69E+05,31,368.97810499999997,417.93171318109006
fixed15_frequency34,-8,20250611::index=11.3.69E+05,37,368.97810499999997,409.7542296739027
fixed15_frequency34,-8,20250611::index=11.3.69E+05,44,368.97810499999997,357.9813896327257
fixed15_frequency34,-8,20250611::index=11.3.69E+05,45,368.97810499999997,368.66710908247154
fixed15_frequency34,-8,20250611::index=11.3.69E+05,49,368.97810499999997,351.5995402433215
fixed15_frequency34,-8,20250611::index=11.3.69E+05,50,368.97810499999997,317.73039061284277
fixed15_frequency34,-8,20250611::index=11.3.69E+05,53,368.97810499999997,385.86765551832895
fixed15_frequency34,-8,20250611::index=11.3.69E+05,54,368.97810499999997,372.41017202892436
fixed15_frequency34,-8,20250611::index=11.3.69E+05,55,368.97810499999997,369.28977168972693
fixed15_frequency34,-8,20250611::index=11.3.69E+05,58,368.97810499999997,363.99631748725085
fixed15_frequency34,-8,20250618::index=11.376320,1,376.3201201,386.09789739772214
fixed15_frequency34,-8,20250618::index=11.376320,5,376.3201201,370.2361569069334
fixed15_frequency34,-8,20250618::index=11.376320,15,376.3201201,326.10788777219307
fixed15_frequency34,-8,20250618::index=11.376320,17,376.3201201,368.71313303918066
fixed15_frequency34,-8,20250618::index=11.376320,20,376.3201201,365.3275518256515
fixed15_frequency34,-8,20250618::index=11.376320,31,376.3201201,269.8672815047065
fixed15_frequency34,-8,20250618::index=11.376320,37,376.3201201,294.66066818903334
fixed15_frequency34,-8,20250618::index=11.376320,44,376.3201201,366.5201949994154
fixed15_frequency34,-8,20250618::index=11.376320,45,376.3201201,391.3016775764613
fixed15_frequency34,-8,20250618::index=11.376320,49,376.3201201,366.31534653125914
fixed15_frequency34,-8,20250618::index=11.376320,50,376.3201201,332.80592705007746
fixed15_frequency34,-8,20250618::index=11.376320,53,376.3201201,351.6857781926244
fixed15_frequency34,-8,20250618::index=11.376320,54,376.3201201,363.4215108572073
fixed15_frequency34,-8,20250618::index=11.376320,55,376.3201201,390.26086086949107
fixed15_frequency34,-8,20250618::index=11.376320,58,376.3201201,365.1909240178575
fixed15_frequency34,-8,20250611::index=12.4.27E+05,3,427.27619500000003,448.1951710834259
fixed15_frequency34,-8,20250611::index=12.4.27E+05,9,427.27619500000003,424.002622124189
fixed15_frequency34,-8,20250611::index=12.4.27E+05,13,427.27619500000003,428.63644013223313
fixed15_frequency34,-8,20250611::index=12.4.27E+05,15,427.27619500000003,447.05910350431725
fixed15_frequency34,-8,20250611::index=12.4.27E+05,17,427.27619500000003,431.5382352550217
fixed15_frequency34,-8,20250611::index=12.4.27E+05,22,427.27619500000003,461.4692900337993
fixed15_frequency34,-8,20250611::index=12.4.27E+05,28,427.27619500000003,438.1227294113262
fixed15_frequency34,-8,20250611::index=12.4.27E+05,30,427.27619500000003,425.4054301150231
fixed15_frequency34,-8,20250611::index=12.4.27E+05,39,427.27619500000003,427.09137250231885
fixed15_frequency34,-8,20250611::index=12.4.27E+05,42,427.27619500000003,449.355026096128
fixed15_frequency34,-8,20250611::index=12.4.27E+05,44,427.27619500000003,435.9266441302903
fixed15_frequency34,-8,20250611::index=12.4.27E+05,46,427.27619500000003,478.75207531906267
fixed15_frequency34,-8,20250611::index=12.4.27E+05,47,427.27619500000003,447.82055536281143
fixed15_frequency34,-8,20250611::index=12.4.27E+05,54,427.27619500000003,430.5759072476745
fixed15_frequency34,-8,20250611::index=12.4.27E+05,57,427.27619500000003,449.91603508646887
fixed15_frequency34,-8,20250618::index=12.434018,3,434.0180833,363.29045606950564
fixed15_frequency34,-8,20250618::index=12.434018,9,434.0180833,426.3243113953624
fixed15_frequency34,-8,20250618::index=12.434018,13,434.0180833,481.86962938965803
fixed15_frequency34,-8,20250618::index=12.434018,15,434.0180833,398.11565799589056
fixed15_frequency34,-8,20250618::index=12.434018,17,434.0180833,398.59134190934714
fixed15_frequency34,-8,20250618::index=12.434018,22,434.0180833,400.9964550600895
fixed15_frequency34,-8,20250618::index=12.434018,28,434.0180833,409.72011408391194
fixed15_frequency34,-8,20250618::index=12.434018,30,434.0180833,452.93197479997764
fixed15_frequency34,-8,20250618::index=12.434018,39,434.0180833,387.19629600089223
fixed15_frequency34,-8,20250618::index=12.434018,42,434.0180833,365.8366647005676
fixed15_frequency34,-8,20250618::index=12.434018,44,434.0180833,380.1110240636548
fixed15_frequency34,-8,20250618::index=12.434018,46,434.0180833,424.23938957908996
fixed15_frequency34,-8,20250618::index=12.434018,47,434.0180833,472.10886496420073
fixed15_frequency34,-8,20250618::index=12.434018,54,434.0180833,471.89941428363113
fixed15_frequency34,-8,20250618::index=12.434018,57,434.0180833,435.25478052539415
fixed15_frequency34,-8,20250611::index=13.4.89E+05,3,489.45399810000004,530.7365864976897
fixed15_frequency34,-8,20250611::index=13.4.89E+05,7,489.45399810000004,450.2699118335778
fixed15_frequency34,-8,20250611::index=13.4.89E+05,12,489.45399810000004,479.40918688269335
fixed15_frequency34,-8,20250611::index=13.4.89E+05,13,489.45399810000004,466.4960963033009
fixed15_frequency34,-8,20250611::index=13.4.89E+05,14,489.45399810000004,485.7432082031683
fixed15_frequency34,-8,20250611::index=13.4.89E+05,20,489.45399810000004,481.6554124950188
fixed15_frequency34,-8,20250611::index=13.4.89E+05,34,489.45399810000004,494.55302413619324
fixed15_frequency34,-8,20250611::index=13.4.89E+05,39,489.45399810000004,490.5412373734369
fixed15_frequency34,-8,20250611::index=13.4.89E+05,42,489.45399810000004,459.16397270096695
fixed15_frequency34,-8,20250611::index=13.4.89E+05,44,489.45399810000004,506.9926150319063
fixed15_frequency34,-8,20250611::index=13.4.89E+05,48,489.45399810000004,504.4927541054206
fixed15_frequency34,-8,20250611::index=13.4.89E+05,51,489.45399810000004,499.7646116800409
fixed15_frequency34,-8,20250611::index=13.4.89E+05,53,489.45399810000004,493.28970767481655
fixed15_frequency34,-8,20250611::index=13.4.89E+05,54,489.45399810000004,490.1509295556528
fixed15_frequency34,-8,20250611::index=13.4.89E+05,59,489.45399810000004,474.06738493262003
fixed15_frequency34,-8,20250618::index=13.496023,3,496.0233525,504.5866273782043
fixed15_frequency34,-8,20250618::index=13.496023,7,496.0233525,511.7921170714084
fixed15_frequency34,-8,20250618::index=13.496023,12,496.0233525,469.9322346373166
fixed15_frequency34,-8,20250618::index=13.496023,13,496.0233525,504.0720566423965
fixed15_frequency34,-8,20250618::index=13.496023,14,496.0233525,511.9606127018849
fixed15_frequency34,-8,20250618::index=13.496023,20,496.0233525,498.55731521430306
fixed15_frequency34,-8,20250618::index=13.496023,34,496.0233525,480.71005952616423
fixed15_frequency34,-8,20250618::index=13.496023,39,496.0233525,470.3728717910485
fixed15_frequency34,-8,20250618::index=13.496023,42,496.0233525,438.9339056019849
fixed15_frequency34,-8,20250618::index=13.496023,44,496.0233525,497.66798382326385
fixed15_frequency34,-8,20250618::index=13.496023,48,496.0233525,468.5425460628827
fixed15_frequency34,-8,20250618::index=13.496023,51,496.0233525,473.4690565727345
fixed15_frequency34,-8,20250618::index=13.496023,53,496.0233525,476.02310839095776
fixed15_frequency34,-8,20250618::index=13.496023,54,496.0233525,520.3568556939014
fixed15_frequency34,-8,20250618::index=13.496023,59,496.0233525,511.2950467575019
fixed15_frequency34,-8,20250611::index=14.5.54E+05,8,554.1963218000001,559.727406207426
fixed15_frequency34,-8,20250611::index=14.5.54E+05,9,554.1963218000001,550.0316616650014
fixed15_frequency34,-8,20250611::index=14.5.54E+05,10,554.1963218000001,534.874841044401
fixed15_frequency34,-8,20250611::index=14.5.54E+05,14,554.1963218000001,547.7180592078914
fixed15_frequency34,-8,20250611::index=14.5.54E+05,29,554.1963218000001,543.5280493205712
fixed15_frequency34,-8,20250611::index=14.5.54E+05,30,554.1963218000001,486.40261768501796
fixed15_frequency34,-8,20250611::index=14.5.54E+05,33,554.1963218000001,593.8836392163337
fixed15_frequency34,-8,20250611::index=14.5.54E+05,36,554.1963218000001,553.6345377694628
fixed15_frequency34,-8,20250611::index=14.5.54E+05,43,554.1963218000001,532.407701723186
fixed15_frequency34,-8,20250611::index=14.5.54E+05,48,554.1963218000001,544.1028629447512
fixed15_frequency34,-8,20250611::index=14.5.54E+05,50,554.1963218000001,562.1561392742972
fixed15_frequency34,-8,20250611::index=14.5.54E+05,51,554.1963218000001,569.8221800124034
fixed15_frequency34,-8,20250611::index=14.5.54E+05,54,554.1963218000001,554.8348686562284
fixed15_frequency34,-8,20250611::index=14.5.54E+05,57,554.1963218000001,550.7490093923639
fixed15_frequency34,-8,20250611::index=14.5.54E+05,58,554.1963218000001,521.2391448058268
fixed15_frequency34,-8,20250618::index=14.562158,8,562.1587854,546.0741815838762
fixed15_frequency34,-8,20250618::index=14.562158,9,562.1587854,571.7866641432144
fixed15_frequency34,-8,20250618::index=14.562158,10,562.1587854,565.9049876675882
fixed15_frequency34,-8,20250618::index=14.562158,14,562.1587854,568.0554216492976
fixed15_frequency34,-8,20250618::index=14.562158,29,562.1587854,554.8229162130294
fixed15_frequency34,-8,20250618::index=14.562158,30,562.1587854,568.9896887552324
fixed15_frequency34,-8,20250618::index=14.562158,33,562.1587854,560.3806567193383
fixed15_frequency34,-8,20250618::index=14.562158,36,562.1587854,578.2154228288507
fixed15_frequency34,-8,20250618::index=14.562158,43,562.1587854,572.4896381433543
fixed15_frequency34,-8,20250618::index=14.562158,48,562.1587854,523.6159418359431
fixed15_frequency34,-8,20250618::index=14.562158,50,562.1587854,559.0195864096739
fixed15_frequency34,-8,20250618::index=14.562158,51,562.1587854,561.1387853176076
fixed15_frequency34,-8,20250618::index=14.562158,54,562.1587854,543.3692666947593
fixed15_frequency34,-8,20250618::index=14.562158,57,562.1587854,556.5345794765781
fixed15_frequency34,-8,20250618::index=14.562158,58,562.1587854,584.1855125843997
fixed15_frequency34,-8,20250611::index=4.5.76E+04,2,57.59331665,138.26432208254244
fixed15_frequency34,-8,20250611::index=4.5.76E+04,3,57.59331665,46.27116415063722
fixed15_frequency34,-8,20250611::index=4.5.76E+04,6,57.59331665,53.61213146157044
fixed15_frequency34,-8,20250611::index=4.5.76E+04,11,57.59331665,102.8665981507469
fixed15_frequency34,-8,20250611::index=4.5.76E+04,13,57.59331665,72.62147315131436
fixed15_frequency34,-8,20250611::index=4.5.76E+04,15,57.59331665,147.03697496577578
fixed15_frequency34,-8,20250611::index=4.5.76E+04,18,57.59331665,129.54126584555618
fixed15_frequency34,-8,20250611::index=4.5.76E+04,33,57.59331665,74.11211908298294
fixed15_frequency34,-8,20250611::index=4.5.76E+04,38,57.59331665,157.50727776318115
fixed15_frequency34,-8,20250611::index=4.5.76E+04,41,57.59331665,127.38798887673852
fixed15_frequency34,-8,20250611::index=4.5.76E+04,42,57.59331665,69.41752018610421
fixed15_frequency34,-8,20250611::index=4.5.76E+04,44,57.59331665,39.79793660615091
fixed15_frequency34,-8,20250611::index=4.5.76E+04,46,57.59331665,66.98156521032061
fixed15_frequency34,-8,20250611::index=4.5.76E+04,54,57.59331665,157.39648040190153
fixed15_frequency34,-8,20250611::index=4.5.76E+04,55,57.59331665,126.95318231118601
fixed15_frequency34,-8,20250618::index=4.58389,2,58.38985471,184.81171552808556
fixed15_frequency34,-8,20250618::index=4.58389,3,58.38985471,155.30184887836668
fixed15_frequency34,-8,20250618::index=4.58389,6,58.38985471,158.2904482809329
fixed15_frequency34,-8,20250618::index=4.58389,11,58.38985471,158.19505209912896
fixed15_frequency34,-8,20250618::index=4.58389,13,58.38985471,165.81395893540636
fixed15_frequency34,-8,20250618::index=4.58389,15,58.38985471,179.5837221709085
fixed15_frequency34,-8,20250618::index=4.58389,18,58.38985471,178.59103383470858
fixed15_frequency34,-8,20250618::index=4.58389,33,58.38985471,161.91183859808766
fixed15_frequency34,-8,20250618::index=4.58389,38,58.38985471,163.44729802294594
fixed15_frequency34,-8,20250618::index=4.58389,41,58.38985471,157.0788078224931
fixed15_frequency34,-8,20250618::index=4.58389,42,58.38985471,165.17935028450074
fixed15_frequency34,-8,20250618::index=4.58389,44,58.38985471,177.18291104704684
fixed15_frequency34,-8,20250618::index=4.58389,46,58.38985471,160.0655054326692
fixed15_frequency34,-8,20250618::index=4.58389,54,58.38985471,157.21339131336094
fixed15_frequency34,-8,20250618::index=4.58389,55,58.38985471,178.09100757299748
fixed15_frequency34,-8,20250611::index=15.6.24E+05,3,624.4425514,639.8301542116269
fixed15_frequency34,-8,20250611::index=15.6.24E+05,4,624.4425514,615.4659492173042
fixed15_frequency34,-8,20250611::index=15.6.24E+05,11,624.4425514,646.4166542676011
fixed15_frequency34,-8,20250611::index=15.6.24E+05,13,624.4425514,590.2295787927483
fixed15_frequency34,-8,20250611::index=15.6.24E+05,14,624.4425514,627.1428943881747
fixed15_frequency34,-8,20250611::index=15.6.24E+05,18,624.4425514,609.5287802828734
fixed15_frequency34,-8,20250611::index=15.6.24E+05,19,624.4425514,617.4597465706447
fixed15_frequency34,-8,20250611::index=15.6.24E+05,27,624.4425514,615.4451616604752
fixed15_frequency34,-8,20250611::index=15.6.24E+05,39,624.4425514,632.6877538837317
fixed15_frequency34,-8,20250611::index=15.6.24E+05,43,624.4425514,635.5073737925858
fixed15_frequency34,-8,20250611::index=15.6.24E+05,46,624.4425514,629.0446150918922
fixed15_frequency34,-8,20250611::index=15.6.24E+05,51,624.4425514,628.0899421882995
fixed15_frequency34,-8,20250611::index=15.6.24E+05,55,624.4425514,645.869727028553
fixed15_frequency34,-8,20250611::index=15.6.24E+05,57,624.4425514,617.1719621373321
fixed15_frequency34,-8,20250611::index=15.6.24E+05,58,624.4425514,626.1025071506297
fixed15_frequency34,-8,20250618::index=15.633482,3,633.482536,648.2069736429717
fixed15_frequency34,-8,20250618::index=15.633482,4,633.482536,639.7351849608375
fixed15_frequency34,-8,20250618::index=15.633482,11,633.482536,646.9280887406364
fixed15_frequency34,-8,20250618::index=15.633482,13,633.482536,583.7272637392997
fixed15_frequency34,-8,20250618::index=15.633482,14,633.482536,642.4013158615325
fixed15_frequency34,-8,20250618::index=15.633482,18,633.482536,615.8325843690479
fixed15_frequency34,-8,20250618::index=15.633482,19,633.482536,645.7191430091526
fixed15_frequency34,-8,20250618::index=15.633482,27,633.482536,600.9089178968478
fixed15_frequency34,-8,20250618::index=15.633482,39,633.482536,590.7999789719711
fixed15_frequency34,-8,20250618::index=15.633482,43,633.482536,649.3993297209735
fixed15_frequency34,-8,20250618::index=15.633482,46,633.482536,686.3042067900104
fixed15_frequency34,-8,20250618::index=15.633482,51,633.482536,691.3493140455189
fixed15_frequency34,-8,20250618::index=15.633482,55,633.482536,593.4519468625156
fixed15_frequency34,-8,20250618::index=15.633482,57,633.482536,639.6334114069223
fixed15_frequency34,-8,20250618::index=15.633482,58,633.482536,647.126343467603
fixed15_frequency34,-8,20250611::index=16.6.98E+05,2,698.421296,662.8009288352166
fixed15_frequency34,-8,20250611::index=16.6.98E+05,6,698.421296,739.4442358778495
fixed15_frequency34,-8,20250611::index=16.6.98E+05,9,698.421296,667.1358499037067
fixed15_frequency34,-8,20250611::index=16.6.98E+05,10,698.421296,689.2881826638984
fixed15_frequency34,-8,20250611::index=16.6.98E+05,13,698.421296,694.8437433227475
fixed15_frequency34,-8,20250611::index=16.6.98E+05,17,698.421296,682.4719124258353
fixed15_frequency34,-8,20250611::index=16.6.98E+05,35,698.421296,696.758141686836
fixed15_frequency34,-8,20250611::index=16.6.98E+05,37,698.421296,705.2064586396762
fixed15_frequency34,-8,20250611::index=16.6.98E+05,39,698.421296,677.1955148169862
fixed15_frequency34,-8,20250611::index=16.6.98E+05,40,698.421296,702.8166196751421
fixed15_frequency34,-8,20250611::index=16.6.98E+05,46,698.421296,747.7094271603265
fixed15_frequency34,-8,20250611::index=16.6.98E+05,47,698.421296,693.6337419794291
fixed15_frequency34,-8,20250611::index=16.6.98E+05,52,698.421296,750.1173334570544
fixed15_frequency34,-8,20250611::index=16.6.98E+05,55,698.421296,668.3419755264398
fixed15_frequency34,-8,20250611::index=16.6.98E+05,57,698.421296,684.5527237639916
fixed15_frequency34,-8,20250618::index=16.709792,2,709.7927143,702.846176374357
fixed15_frequency34,-8,20250618::index=16.709792,6,709.7927143,738.8694541416982
fixed15_frequency34,-8,20250618::index=16.709792,9,709.7927143,701.0271566798696
fixed15_frequency34,-8,20250618::index=16.709792,10,709.7927143,740.9965704718604
fixed15_frequency34,-8,20250618::index=16.709792,13,709.7927143,706.1680789238783
fixed15_frequency34,-8,20250618::index=16.709792,17,709.7927143,701.7480918356711
fixed15_frequency34,-8,20250618::index=16.709792,35,709.7927143,711.7609638829729
fixed15_frequency34,-8,20250618::index=16.709792,37,709.7927143,724.3502059238193
fixed15_frequency34,-8,20250618::index=16.709792,39,709.7927143,696.9043582011473
fixed15_frequency34,-8,20250618::index=16.709792,40,709.7927143,751.8468915782171
fixed15_frequency34,-8,20250618::index=16.709792,46,709.7927143,755.991357629706
fixed15_frequency34,-8,20250618::index=16.709792,47,709.7927143,719.6343866404842
fixed15_frequency34,-8,20250618::index=16.709792,52,709.7927143,697.3162401374223
fixed15_frequency34,-8,20250618::index=16.709792,55,709.7927143,697.5115003879303
fixed15_frequency34,-8,20250618::index=16.709792,57,709.7927143,665.4514325391219
fixed15_frequency34,-8,20250611::index=17.7.77E+05,5,776.6472223000001,791.2870686964965
fixed15_frequency34,-8,20250611::index=17.7.77E+05,6,776.6472223000001,789.3731228412034
fixed15_frequency34,-8,20250611::index=17.7.77E+05,7,776.6472223000001,827.5475856152314
fixed15_frequency34,-8,20250611::index=17.7.77E+05,8,776.6472223000001,810.2794904943815
fixed15_frequency34,-8,20250611::index=17.7.77E+05,10,776.6472223000001,777.590537380683
fixed15_frequency34,-8,20250611::index=17.7.77E+05,14,776.6472223000001,757.6505556318858
fixed15_frequency34,-8,20250611::index=17.7.77E+05,19,776.6472223000001,822.3468406709842
fixed15_frequency34,-8,20250611::index=17.7.77E+05,24,776.6472223000001,777.7485627906469
fixed15_frequency34,-8,20250611::index=17.7.77E+05,26,776.6472223000001,764.3512328578353
fixed15_frequency34,-8,20250611::index=17.7.77E+05,31,776.6472223000001,807.0832774403726
fixed15_frequency34,-8,20250611::index=17.7.77E+05,41,776.6472223000001,787.737974849922
fixed15_frequency34,-8,20250611::index=17.7.77E+05,52,776.6472223000001,793.6890962647741
fixed15_frequency34,-8,20250611::index=17.7.77E+05,53,776.6472223000001,815.4393720295757
fixed15_frequency34,-8,20250611::index=17.7.77E+05,54,776.6472223000001,797.9381870081997
fixed15_frequency34,-8,20250611::index=17.7.77E+05,55,776.6472223000001,787.3853432050581
fixed15_frequency34,-8,20250618::index=17.789500,5,789.5001968,768.4468755286786
fixed15_frequency34,-8,20250618::index=17.789500,6,789.5001968,831.6370257739903
fixed15_frequency34,-8,20250618::index=17.789500,7,789.5001968,761.8807959962805
fixed15_frequency34,-8,20250618::index=17.789500,8,789.5001968,698.3810666462114
fixed15_frequency34,-8,20250618::index=17.789500,10,789.5001968,768.9981094806482
fixed15_frequency34,-8,20250618::index=17.789500,14,789.5001968,856.3296477890046
fixed15_frequency34,-8,20250618::index=17.789500,19,789.5001968,821.8325701117385
fixed15_frequency34,-8,20250618::index=17.789500,24,789.5001968,771.5001689543133
fixed15_frequency34,-8,20250618::index=17.789500,26,789.5001968,850.4198990019534
fixed15_frequency34,-8,20250618::index=17.789500,31,789.5001968,769.5531834081465
fixed15_frequency34,-8,20250618::index=17.789500,41,789.5001968,781.1256548011703
fixed15_frequency34,-8,20250618::index=17.789500,52,789.5001968,778.947927104232
fixed15_frequency34,-8,20250618::index=17.789500,53,789.5001968,767.6345164452955
fixed15_frequency34,-8,20250618::index=17.789500,54,789.5001968,809.4743101092569
fixed15_frequency34,-8,20250618::index=17.789500,55,789.5001968,804.1089031380174
fixed15_frequency34,-8,20250611::index=18.8.59E+05,0,859.3439142,861.2040865439456
fixed15_frequency34,-8,20250611::index=18.8.59E+05,5,859.3439142,831.0851546062421
fixed15_frequency34,-8,20250611::index=18.8.59E+05,14,859.3439142,849.2722062306661
fixed15_frequency34,-8,20250611::index=18.8.59E+05,18,859.3439142,835.2428085818227
fixed15_frequency34,-8,20250611::index=18.8.59E+05,19,859.3439142,845.2707541348424
fixed15_frequency34,-8,20250611::index=18.8.59E+05,21,859.3439142,847.742802649908
fixed15_frequency34,-8,20250611::index=18.8.59E+05,26,859.3439142,849.4115017248967
fixed15_frequency34,-8,20250611::index=18.8.59E+05,27,859.3439142,860.542816144963
fixed15_frequency34,-8,20250611::index=18.8.59E+05,32,859.3439142,854.4233187373464
fixed15_frequency34,-8,20250611::index=18.8.59E+05,36,859.3439142,850.7536101821006
fixed15_frequency34,-8,20250611::index=18.8.59E+05,43,859.3439142,821.5843669061109
fixed15_frequency34,-8,20250611::index=18.8.59E+05,53,859.3439142,847.0091382142398
fixed15_frequency34,-8,20250611::index=18.8.59E+05,54,859.3439142,859.2695201767935
fixed15_frequency34,-8,20250611::index=18.8.59E+05,56,859.3439142,857.0816621026273
fixed15_frequency34,-8,20250611::index=18.8.59E+05,57,859.3439142,844.1734293018078
fixed15_frequency34,-8,20250618::index=18.873637,0,873.6370359,854.5449371612826
fixed15_frequency34,-8,20250618::index=18.873637,5,873.6370359,859.1819798249569
fixed15_frequency34,-8,20250618::index=18.873637,14,873.6370359,868.5337004050322
fixed15_frequency34,-8,20250618::index=18.873637,18,873.6370359,866.4487208744408
fixed15_frequency34,-8,20250618::index=18.873637,19,873.6370359,859.7696411517472
fixed15_frequency34,-8,20250618::index=18.873637,21,873.6370359,854.339993923545
fixed15_frequency34,-8,20250618::index=18.873637,26,873.6370359,879.083309058555
fixed15_frequency34,-8,20250618::index=18.873637,27,873.6370359,845.2129394827045
fixed15_frequency34,-8,20250618::index=18.873637,32,873.6370359,860.1731017693955
fixed15_frequency34,-8,20250618::index=18.873637,36,873.6370359,844.06964446073
fixed15_frequency34,-8,20250618::index=18.873637,43,873.6370359,868.1373901706258
fixed15_frequency34,-8,20250618::index=18.873637,53,873.6370359,866.4033580168566
fixed15_frequency34,-8,20250618::index=18.873637,54,873.6370359,846.5320415943617
fixed15_frequency34,-8,20250618::index=18.873637,56,873.6370359,859.7669220436547
fixed15_frequency34,-8,20250618::index=18.873637,57,873.6370359,863.5173122376992
fixed15_temporal46,-8,20250618::index=1.0,0,-1.42e-09,165.58010660708828
fixed15_temporal46,-8,20250618::index=1.0,3,-1.42e-09,162.58326675774734
fixed15_temporal46,-8,20250618::index=1.0,5,-1.42e-09,160.0156759984548
fixed15_temporal46,-8,20250618::index=1.0,12,-1.42e-09,153.14093727115525
fixed15_temporal46,-8,20250618::index=1.0,13,-1.42e-09,158.66380773118638
fixed15_temporal46,-8,20250618::index=1.0,31,-1.42e-09,181.9817704879102
fixed15_temporal46,-8,20250618::index=1.0,33,-1.42e-09,163.7017234468273
fixed15_temporal46,-8,20250618::index=1.0,36,-1.42e-09,166.49861554654626
fixed15_temporal46,-8,20250618::index=1.0,45,-1.42e-09,154.77378712673226
fixed15_temporal46,-8,20250618::index=1.0,46,-1.42e-09,147.1922743036899
fixed15_temporal46,-8,20250618::index=1.0,48,-1.42e-09,157.73409134132018
fixed15_temporal46,-8,20250618::index=1.0,50,-1.42e-09,160.75488252527927
fixed15_temporal46,-8,20250618::index=1.0,52,-1.42e-09,163.04078106061795
fixed15_temporal46,-8,20250618::index=1.0,54,-1.42e-09,152.4699205881361
fixed15_temporal46,-8,20250618::index=1.0,57,-1.42e-09,151.63406945580977
fixed15_temporal46,-8,20250611::index=1.3.28E-04,0,3.28047e-07,155.2306401109447
fixed15_temporal46,-8,20250611::index=1.3.28E-04,3,3.28047e-07,171.27700104921485
fixed15_temporal46,-8,20250611::index=1.3.28E-04,5,3.28047e-07,174.8580291263291
fixed15_temporal46,-8,20250611::index=1.3.28E-04,12,3.28047e-07,41.06054543547538
fixed15_temporal46,-8,20250611::index=1.3.28E-04,13,3.28047e-07,168.89200226245134
fixed15_temporal46,-8,20250611::index=1.3.28E-04,31,3.28047e-07,179.77308477419191
fixed15_temporal46,-8,20250611::index=1.3.28E-04,33,3.28047e-07,147.43551682733147
fixed15_temporal46,-8,20250611::index=1.3.28E-04,36,3.28047e-07,175.5161527482503
fixed15_temporal46,-8,20250611::index=1.3.28E-04,45,3.28047e-07,149.13621737793827
fixed15_temporal46,-8,20250611::index=1.3.28E-04,46,3.28047e-07,183.00126577702815
fixed15_temporal46,-8,20250611::index=1.3.28E-04,48,3.28047e-07,171.21462055068835
fixed15_temporal46,-8,20250611::index=1.3.28E-04,50,3.28047e-07,126.75738043849955
fixed15_temporal46,-8,20250611::index=1.3.28E-04,52,3.28047e-07,141.9997194881399
fixed15_temporal46,-8,20250611::index=1.3.28E-04,54,3.28047e-07,41.54978931172068
fixed15_temporal46,-8,20250611::index=1.3.28E-04,57,3.28047e-07,143.10525415240238
fixed15_temporal46,-8,20250611::index=5.1.11E+05,17,111.2647017,33.84954778092524
fixed15_temporal46,-8,20250611::index=5.1.11E+05,19,111.2647017,76.81330338489778
fixed15_temporal46,-8,20250611::index=5.1.11E+05,21,111.2647017,83.7957154417033
fixed15_temporal46,-8,20250611::index=5.1.11E+05,23,111.2647017,87.21671095489829
fixed15_temporal46,-8,20250611::index=5.1.11E+05,28,111.2647017,44.17716086577697
fixed15_temporal46,-8,20250611::index=5.1.11E+05,34,111.2647017,35.650012916589574
fixed15_temporal46,-8,20250611::index=5.1.11E+05,35,111.2647017,160.7687930326284
fixed15_temporal46,-8,20250611::index=5.1.11E+05,41,111.2647017,41.81964064063115
fixed15_temporal46,-8,20250611::index=5.1.11E+05,46,111.2647017,82.39448603487747
fixed15_temporal46,-8,20250611::index=5.1.11E+05,47,111.2647017,130.36929407448818
fixed15_temporal46,-8,20250611::index=5.1.11E+05,48,111.2647017,42.137926809045965
fixed15_temporal46,-8,20250611::index=5.1.11E+05,51,111.2647017,34.454695375685986
fixed15_temporal46,-8,20250611::index=5.1.11E+05,55,111.2647017,31.468119879344226
fixed15_temporal46,-8,20250611::index=5.1.11E+05,56,111.2647017,128.23114445693338
fixed15_temporal46,-8,20250611::index=5.1.11E+05,58,111.2647017,154.1952510911636
fixed15_temporal46,-8,20250618::index=5.113188,17,113.1882901,159.45459765636826
fixed15_temporal46,-8,20250618::index=5.113188,19,113.1882901,75.30675470270651
fixed15_temporal46,-8,20250618::index=5.113188,21,113.1882901,93.00476574184498
fixed15_temporal46,-8,20250618::index=5.113188,23,113.1882901,70.10095004462562
fixed15_temporal46,-8,20250618::index=5.113188,28,113.1882901,69.65803266588267
fixed15_temporal46,-8,20250618::index=5.113188,34,113.1882901,68.27309703421056
fixed15_temporal46,-8,20250618::index=5.113188,35,113.1882901,190.98113623138562
fixed15_temporal46,-8,20250618::index=5.113188,41,113.1882901,62.71586279975321
fixed15_temporal46,-8,20250618::index=5.113188,46,113.1882901,62.126892628537064
fixed15_temporal46,-8,20250618::index=5.113188,47,113.1882901,63.363253647916665
fixed15_temporal46,-8,20250618::index=5.113188,48,113.1882901,64.83213060461456
fixed15_temporal46,-8,20250618::index=5.113188,51,113.1882901,69.43263622536683
fixed15_temporal46,-8,20250618::index=5.113188,55,113.1882901,86.12026897332929
fixed15_temporal46,-8,20250618::index=5.113188,56,113.1882901,84.96253342649779
fixed15_temporal46,-8,20250618::index=5.113188,58,113.1882901,76.81493242555523
fixed15_temporal46,-8,20250611::index=6.1.44E+05,6,144.32426180000002,33.760252639278306
fixed15_temporal46,-8,20250611::index=6.1.44E+05,11,144.32426180000002,87.01342865951747
fixed15_temporal46,-8,20250611::index=6.1.44E+05,13,144.32426180000002,39.20946359288778
fixed15_temporal46,-8,20250611::index=6.1.44E+05,26,144.32426180000002,164.0243705349739
fixed15_temporal46,-8,20250611::index=6.1.44E+05,31,144.32426180000002,142.36593834782968
fixed15_temporal46,-8,20250611::index=6.1.44E+05,34,144.32426180000002,75.4021859095508
fixed15_temporal46,-8,20250611::index=6.1.44E+05,35,144.32426180000002,160.17370993147554
fixed15_temporal46,-8,20250611::index=6.1.44E+05,36,144.32426180000002,35.42071368859794
fixed15_temporal46,-8,20250611::index=6.1.44E+05,38,144.32426180000002,159.63921384333136
fixed15_temporal46,-8,20250611::index=6.1.44E+05,40,144.32426180000002,134.35046168519335
fixed15_temporal46,-8,20250611::index=6.1.44E+05,46,144.32426180000002,147.44163539881893
fixed15_temporal46,-8,20250611::index=6.1.44E+05,47,144.32426180000002,32.983710245332084
fixed15_temporal46,-8,20250611::index=6.1.44E+05,56,144.32426180000002,81.66413456718841
fixed15_temporal46,-8,20250611::index=6.1.44E+05,58,144.32426180000002,144.0101815369929
fixed15_temporal46,-8,20250611::index=6.1.44E+05,59,144.32426180000002,165.01724202827432
fixed15_temporal46,-8,20250618::index=6.146381,6,146.38165049999998,79.14842924101472
fixed15_temporal46,-8,20250618::index=6.146381,11,146.38165049999998,53.635894157080344
fixed15_temporal46,-8,20250618::index=6.146381,13,146.38165049999998,74.92834163252276
fixed15_temporal46,-8,20250618::index=6.146381,26,146.38165049999998,140.8591945906636
fixed15_temporal46,-8,20250618::index=6.146381,31,146.38165049999998,112.53131337230316
fixed15_temporal46,-8,20250618::index=6.146381,34,146.38165049999998,61.2502455483939
fixed15_temporal46,-8,20250618::index=6.146381,35,146.38165049999998,191.6466982834948
fixed15_temporal46,-8,20250618::index=6.146381,36,146.38165049999998,83.80635158775249
fixed15_temporal46,-8,20250618::index=6.146381,38,146.38165049999998,171.1383846816983
fixed15_temporal46,-8,20250618::index=6.146381,40,146.38165049999998,81.19512848363047
fixed15_temporal46,-8,20250618::index=6.146381,46,146.38165049999998,76.64169048662916
fixed15_temporal46,-8,20250618::index=6.146381,47,146.38165049999998,47.80498687503826
fixed15_temporal46,-8,20250618::index=6.146381,56,146.38165049999998,91.2991085696912
fixed15_temporal46,-8,20250618::index=6.146381,58,146.38165049999998,151.65026603822548
fixed15_temporal46,-8,20250618::index=6.146381,59,146.38165049999998,59.08440623656207
fixed15_temporal46,-8,20250611::index=7.1.81E+05,4,181.378003,78.88845786734458
fixed15_temporal46,-8,20250611::index=7.1.81E+05,5,181.378003,35.720327572055325
fixed15_temporal46,-8,20250611::index=7.1.81E+05,10,181.378003,138.06536634762767
fixed15_temporal46,-8,20250611::index=7.1.81E+05,15,181.378003,136.62494956672052
fixed15_temporal46,-8,20250611::index=7.1.81E+05,18,181.378003,125.95487290432571
fixed15_temporal46,-8,20250611::index=7.1.81E+05,20,181.378003,141.87516383722416
fixed15_temporal46,-8,20250611::index=7.1.81E+05,26,181.378003,158.34316304482067
fixed15_temporal46,-8,20250611::index=7.1.81E+05,28,181.378003,135.4166926872473
fixed15_temporal46,-8,20250611::index=7.1.81E+05,33,181.378003,132.40313045117279
fixed15_temporal46,-8,20250611::index=7.1.81E+05,37,181.378003,162.8010399262824
fixed15_temporal46,-8,20250611::index=7.1.81E+05,41,181.378003,39.380314353038344
fixed15_temporal46,-8,20250611::index=7.1.81E+05,44,181.378003,92.57050243200814
fixed15_temporal46,-8,20250611::index=7.1.81E+05,56,181.378003,44.626553662721456
fixed15_temporal46,-8,20250611::index=7.1.81E+05,57,181.378003,140.28354291649504
fixed15_temporal46,-8,20250611::index=7.1.81E+05,58,181.378003,143.14865437959378
fixed15_temporal46,-8,20250618::index=7.184190,4,184.1909699,114.05602494125547
fixed15_temporal46,-8,20250618::index=7.184190,5,184.1909699,113.48144568031559
fixed15_temporal46,-8,20250618::index=7.184190,10,184.1909699,55.57537171728732
fixed15_temporal46,-8,20250618::index=7.184190,15,184.1909699,123.98113343139774
fixed15_temporal46,-8,20250618::index=7.184190,18,184.1909699,103.97574727856009
fixed15_temporal46,-8,20250618::index=7.184190,20,184.1909699,93.45184423273264
fixed15_temporal46,-8,20250618::index=7.184190,26,184.1909699,191.81455957498883
fixed15_temporal46,-8,20250618::index=7.184190,28,184.1909699,129.89255044142217
fixed15_temporal46,-8,20250618::index=7.184190,33,184.1909699,277.5037036448182
fixed15_temporal46,-8,20250618::index=7.184190,37,184.1909699,153.18207596275758
fixed15_temporal46,-8,20250618::index=7.184190,41,184.1909699,166.32218858336248
fixed15_temporal46,-8,20250618::index=7.184190,44,184.1909699,162.04423832679961
fixed15_temporal46,-8,20250618::index=7.184190,56,184.1909699,175.14934111781835
fixed15_temporal46,-8,20250618::index=7.184190,57,184.1909699,207.35600335466427
fixed15_temporal46,-8,20250618::index=7.184190,58,184.1909699,158.92118738788105
fixed15_temporal46,-8,20250611::index=3.2.10E+04,1,20.97971604,134.16020469491468
fixed15_temporal46,-8,20250611::index=3.2.10E+04,6,20.97971604,43.544118363016004
fixed15_temporal46,-8,20250611::index=3.2.10E+04,11,20.97971604,119.8352437410618
fixed15_temporal46,-8,20250611::index=3.2.10E+04,22,20.97971604,78.12972869686513
fixed15_temporal46,-8,20250611::index=3.2.10E+04,28,20.97971604,30.07122713345271
fixed15_temporal46,-8,20250611::index=3.2.10E+04,33,20.97971604,72.54896481340883
fixed15_temporal46,-8,20250611::index=3.2.10E+04,34,20.97971604,37.707787415625695
fixed15_temporal46,-8,20250611::index=3.2.10E+04,36,20.97971604,33.99178130234008
fixed15_temporal46,-8,20250611::index=3.2.10E+04,41,20.97971604,41.79548019550194
fixed15_temporal46,-8,20250611::index=3.2.10E+04,42,20.97971604,41.76249548583351
fixed15_temporal46,-8,20250611::index=3.2.10E+04,52,20.97971604,28.626331263593556
fixed15_temporal46,-8,20250611::index=3.2.10E+04,54,20.97971604,156.43530702124434
fixed15_temporal46,-8,20250611::index=3.2.10E+04,56,20.97971604,36.37833470326453
fixed15_temporal46,-8,20250611::index=3.2.10E+04,57,20.97971604,41.94952917793235
fixed15_temporal46,-8,20250611::index=3.2.10E+04,59,20.97971604,60.716800482703086
fixed15_temporal46,-8,20250618::index=3.21242,1,21.24286319,178.66046163235245
fixed15_temporal46,-8,20250618::index=3.21242,6,21.24286319,182.6143771047597
fixed15_temporal46,-8,20250618::index=3.21242,11,21.24286319,177.5772068644124
fixed15_temporal46,-8,20250618::index=3.21242,22,21.24286319,179.17480903551726
fixed15_temporal46,-8,20250618::index=3.21242,28,21.24286319,166.52107053824363
fixed15_temporal46,-8,20250618::index=3.21242,33,21.24286319,177.77861835055288
fixed15_temporal46,-8,20250618::index=3.21242,34,21.24286319,178.58057926831106
fixed15_temporal46,-8,20250618::index=3.21242,36,21.24286319,183.6882737394546
fixed15_temporal46,-8,20250618::index=3.21242,41,21.24286319,184.62838395003413
fixed15_temporal46,-8,20250618::index=3.21242,42,21.24286319,174.55652311686322
fixed15_temporal46,-8,20250618::index=3.21242,52,21.24286319,189.03983260484833
fixed15_temporal46,-8,20250618::index=3.21242,54,21.24286319,173.23467922375153
fixed15_temporal46,-8,20250618::index=3.21242,56,21.24286319,159.97236609551447
fixed15_temporal46,-8,20250618::index=3.21242,57,21.24286319,173.59126933002784
fixed15_temporal46,-8,20250618::index=3.21242,59,21.24286319,151.0676478176007
fixed15_temporal46,-8,20250611::index=8.2.22E+05,0,221.5051102,183.09821386250232
fixed15_temporal46,-8,20250611::index=8.2.22E+05,4,221.5051102,166.6382677292423
fixed15_temporal46,-8,20250611::index=8.2.22E+05,6,221.5051102,139.61272149760276
fixed15_temporal46,-8,20250611::index=8.2.22E+05,9,221.5051102,197.99841740872682
fixed15_temporal46,-8,20250611::index=8.2.22E+05,13,221.5051102,143.09269460921732
fixed15_temporal46,-8,20250611::index=8.2.22E+05,15,221.5051102,178.2694776536506
fixed15_temporal46,-8,20250611::index=8.2.22E+05,17,221.5051102,176.4372477477251
fixed15_temporal46,-8,20250611::index=8.2.22E+05,22,221.5051102,162.74805811432705
fixed15_temporal46,-8,20250611::index=8.2.22E+05,24,221.5051102,174.16606686314273
fixed15_temporal46,-8,20250611::index=8.2.22E+05,28,221.5051102,173.72284431637948
fixed15_temporal46,-8,20250611::index=8.2.22E+05,31,221.5051102,179.08109501831171
fixed15_temporal46,-8,20250611::index=8.2.22E+05,39,221.5051102,184.93325552677604
fixed15_temporal46,-8,20250611::index=8.2.22E+05,40,221.5051102,169.26851529731533
fixed15_temporal46,-8,20250611::index=8.2.22E+05,50,221.5051102,170.67831477303585
fixed15_temporal46,-8,20250611::index=8.2.22E+05,59,221.5051102,141.53982111567274
fixed15_temporal46,-8,20250618::index=8.225704,0,225.70496179999998,164.12310635849428
fixed15_temporal46,-8,20250618::index=8.225704,4,225.70496179999998,270.6653360800559
fixed15_temporal46,-8,20250618::index=8.225704,6,225.70496179999998,146.36136585233876
fixed15_temporal46,-8,20250618::index=8.225704,9,225.70496179999998,182.07448808571274
fixed15_temporal46,-8,20250618::index=8.225704,13,225.70496179999998,273.90639267345233
fixed15_temporal46,-8,20250618::index=8.225704,15,225.70496179999998,178.49982997635374
fixed15_temporal46,-8,20250618::index=8.225704,17,225.70496179999998,179.09536829259324
fixed15_temporal46,-8,20250618::index=8.225704,22,225.70496179999998,179.2303441174967
fixed15_temporal46,-8,20250618::index=8.225704,24,225.70496179999998,179.11808138530694
fixed15_temporal46,-8,20250618::index=8.225704,28,225.70496179999998,164.84207450203874
fixed15_temporal46,-8,20250618::index=8.225704,31,225.70496179999998,179.74330530477883
fixed15_temporal46,-8,20250618::index=8.225704,39,225.70496179999998,266.5246153551516
fixed15_temporal46,-8,20250618::index=8.225704,40,225.70496179999998,180.59012734441077
fixed15_temporal46,-8,20250618::index=8.225704,50,225.70496179999998,271.4430602321759
fixed15_temporal46,-8,20250618::index=8.225704,59,225.70496179999998,180.40320148882023
fixed15_temporal46,-8,20250611::index=2.2.36E+03,0,2.35533535,127.17764271591246
fixed15_temporal46,-8,20250611::index=2.2.36E+03,2,2.35533535,129.45334411648892
fixed15_temporal46,-8,20250611::index=2.2.36E+03,3,2.35533535,42.94297941031937
fixed15_temporal46,-8,20250611::index=2.2.36E+03,14,2.35533535,166.19269740392556
fixed15_temporal46,-8,20250611::index=2.2.36E+03,21,2.35533535,141.15022975377815
fixed15_temporal46,-8,20250611::index=2.2.36E+03,23,2.35533535,138.85006525800335
fixed15_temporal46,-8,20250611::index=2.2.36E+03,29,2.35533535,84.22208419459643
fixed15_temporal46,-8,20250611::index=2.2.36E+03,36,2.35533535,56.29422334999085
fixed15_temporal46,-8,20250611::index=2.2.36E+03,37,2.35533535,164.75609500891576
fixed15_temporal46,-8,20250611::index=2.2.36E+03,44,2.35533535,84.92304576710043
fixed15_temporal46,-8,20250611::index=2.2.36E+03,47,2.35533535,75.54170718078423
fixed15_temporal46,-8,20250611::index=2.2.36E+03,48,2.35533535,38.633200588460966
fixed15_temporal46,-8,20250611::index=2.2.36E+03,54,2.35533535,31.034792225542066
fixed15_temporal46,-8,20250611::index=2.2.36E+03,55,2.35533535,45.07742577051487
fixed15_temporal46,-8,20250611::index=2.2.36E+03,59,2.35533535,36.58549720523729
fixed15_temporal46,-8,20250618::index=2.2380,0,2.380025286,160.10738024622182
fixed15_temporal46,-8,20250618::index=2.2380,2,2.380025286,179.49952196843014
fixed15_temporal46,-8,20250618::index=2.2380,3,2.380025286,183.35010336669603
fixed15_temporal46,-8,20250618::index=2.2380,14,2.380025286,173.1403249472668
fixed15_temporal46,-8,20250618::index=2.2380,21,2.380025286,174.61264815335207
fixed15_temporal46,-8,20250618::index=2.2380,23,2.380025286,173.64355155354482
fixed15_temporal46,-8,20250618::index=2.2380,29,2.380025286,184.461895730642
fixed15_temporal46,-8,20250618::index=2.2380,36,2.380025286,158.0721610515395
fixed15_temporal46,-8,20250618::index=2.2380,37,2.380025286,175.50779313600032
fixed15_temporal46,-8,20250618::index=2.2380,44,2.380025286,180.1442801326546
fixed15_temporal46,-8,20250618::index=2.2380,47,2.380025286,176.25740695455434
fixed15_temporal46,-8,20250618::index=2.2380,48,2.380025286,179.55860760387628
fixed15_temporal46,-8,20250618::index=2.2380,54,2.380025286,164.86298646097546
fixed15_temporal46,-8,20250618::index=2.2380,55,2.380025286,169.83438971343801
fixed15_temporal46,-8,20250618::index=2.2380,59,2.380025286,184.61412605598778
fixed15_temporal46,-8,20250611::index=9.2.67E+05,3,266.90769650000004,297.10153791729846
fixed15_temporal46,-8,20250611::index=9.2.67E+05,6,266.90769650000004,288.8718464086128
fixed15_temporal46,-8,20250611::index=9.2.67E+05,7,266.90769650000004,296.1960224028204
fixed15_temporal46,-8,20250611::index=9.2.67E+05,15,266.90769650000004,182.07741284915548
fixed15_temporal46,-8,20250611::index=9.2.67E+05,18,266.90769650000004,287.7936288441538
fixed15_temporal46,-8,20250611::index=9.2.67E+05,21,266.90769650000004,237.8143072611879
fixed15_temporal46,-8,20250611::index=9.2.67E+05,26,266.90769650000004,272.80279915002535
fixed15_temporal46,-8,20250611::index=9.2.67E+05,27,266.90769650000004,167.3120489022711
fixed15_temporal46,-8,20250611::index=9.2.67E+05,29,266.90769650000004,282.0049019731541
fixed15_temporal46,-8,20250611::index=9.2.67E+05,30,266.90769650000004,289.6255736322261
fixed15_temporal46,-8,20250611::index=9.2.67E+05,31,266.90769650000004,273.7704912152673
fixed15_temporal46,-8,20250611::index=9.2.67E+05,41,266.90769650000004,271.29375767570076
fixed15_temporal46,-8,20250611::index=9.2.67E+05,45,266.90769650000004,170.96428994330606
fixed15_temporal46,-8,20250611::index=9.2.67E+05,51,266.90769650000004,269.84293006274595
fixed15_temporal46,-8,20250611::index=9.2.67E+05,53,266.90769650000004,291.82043692126456
fixed15_temporal46,-8,20250618::index=9.271677,3,271.6776816,269.49922633087266
fixed15_temporal46,-8,20250618::index=9.271677,6,271.6776816,243.08627118327766
fixed15_temporal46,-8,20250618::index=9.271677,7,271.6776816,176.1380816004006
fixed15_temporal46,-8,20250618::index=9.271677,15,271.6776816,277.38169716075987
fixed15_temporal46,-8,20250618::index=9.271677,18,271.6776816,258.2946388491933
fixed15_temporal46,-8,20250618::index=9.271677,21,271.6776816,268.8125586881668
fixed15_temporal46,-8,20250618::index=9.271677,26,271.6776816,176.1241542685178
fixed15_temporal46,-8,20250618::index=9.271677,27,271.6776816,155.94411650120944
fixed15_temporal46,-8,20250618::index=9.271677,29,271.6776816,186.44721508719036
fixed15_temporal46,-8,20250618::index=9.271677,30,271.6776816,243.7099224644997
fixed15_temporal46,-8,20250618::index=9.271677,31,271.6776816,180.01390527494377
fixed15_temporal46,-8,20250618::index=9.271677,41,271.6776816,262.8787525017373
fixed15_temporal46,-8,20250618::index=9.271677,45,271.6776816,290.6267962403632
fixed15_temporal46,-8,20250618::index=9.271677,51,271.6776816,158.5361225754933
fixed15_temporal46,-8,20250618::index=9.271677,53,271.6776816,182.1789010959815
fixed15_temporal46,-8,20250611::index=10.3.15E+05,2,315.4661173,276.60642495606936
fixed15_temporal46,-8,20250611::index=10.3.15E+05,4,315.4661173,272.6843295076278
fixed15_temporal46,-8,20250611::index=10.3.15E+05,10,315.4661173,323.4392259896385
fixed15_temporal46,-8,20250611::index=10.3.15E+05,18,315.4661173,271.901664142137
fixed15_temporal46,-8,20250611::index=10.3.15E+05,21,315.4661173,168.05989264068214
fixed15_temporal46,-8,20250611::index=10.3.15E+05,27,315.4661173,306.34236003485006
fixed15_temporal46,-8,20250611::index=10.3.15E+05,29,315.4661173,279.9297634329401
fixed15_temporal46,-8,20250611::index=10.3.15E+05,31,315.4661173,313.4587203928175
fixed15_temporal46,-8,20250611::index=10.3.15E+05,40,315.4661173,332.78435332722523
fixed15_temporal46,-8,20250611::index=10.3.15E+05,45,315.4661173,361.7733973306777
fixed15_temporal46,-8,20250611::index=10.3.15E+05,47,315.4661173,328.71601720848986
fixed15_temporal46,-8,20250611::index=10.3.15E+05,48,315.4661173,299.37474325118046
fixed15_temporal46,-8,20250611::index=10.3.15E+05,50,315.4661173,344.02661463665686
fixed15_temporal46,-8,20250611::index=10.3.15E+05,53,315.4661173,285.5023899379558
fixed15_temporal46,-8,20250611::index=10.3.15E+05,55,315.4661173,297.2581159677442
fixed15_temporal46,-8,20250618::index=10.322114,2,322.1142428,288.6809375388913
fixed15_temporal46,-8,20250618::index=10.322114,4,322.1142428,316.777920657819
fixed15_temporal46,-8,20250618::index=10.322114,10,322.1142428,268.36781012105985
fixed15_temporal46,-8,20250618::index=10.322114,18,322.1142428,309.2110630886383
fixed15_temporal46,-8,20250618::index=10.322114,21,322.1142428,275.87861467986227
fixed15_temporal46,-8,20250618::index=10.322114,27,322.1142428,269.03396747607155
fixed15_temporal46,-8,20250618::index=10.322114,29,322.1142428,159.14615093658318
fixed15_temporal46,-8,20250618::index=10.322114,31,322.1142428,271.6394164714318
fixed15_temporal46,-8,20250618::index=10.322114,40,322.1142428,183.90476993662907
fixed15_temporal46,-8,20250618::index=10.322114,45,322.1142428,268.6040643056992
fixed15_temporal46,-8,20250618::index=10.322114,47,322.1142428,175.0555807180535
fixed15_temporal46,-8,20250618::index=10.322114,48,322.1142428,269.33919487690787
fixed15_temporal46,-8,20250618::index=10.322114,50,322.1142428,161.7097355526628
fixed15_temporal46,-8,20250618::index=10.322114,53,322.1142428,181.78285347184126
fixed15_temporal46,-8,20250618::index=10.322114,55,322.1142428,147.12715356028173
fixed15_temporal46,-8,20250611::index=11.3.69E+05,1,368.97810499999997,376.90758229113544
fixed15_temporal46,-8,20250611::index=11.3.69E+05,5,368.97810499999997,408.66246809964645
fixed15_temporal46,-8,20250611::index=11.3.69E+05,15,368.97810499999997,373.46211757662167
fixed15_temporal46,-8,20250611::index=11.3.69E+05,17,368.97810499999997,369.8839034888293
fixed15_temporal46,-8,20250611::index=11.3.69E+05,20,368.97810499999997,389.097384665905
fixed15_temporal46,-8,20250611::index=11.3.69E+05,31,368.97810499999997,386.92853872725556
fixed15_temporal46,-8,20250611::index=11.3.69E+05,37,368.97810499999997,394.0143186089219
fixed15_temporal46,-8,20250611::index=11.3.69E+05,44,368.97810499999997,322.87947490294005
fixed15_temporal46,-8,20250611::index=11.3.69E+05,45,368.97810499999997,373.2921911288146
fixed15_temporal46,-8,20250611::index=11.3.69E+05,49,368.97810499999997,363.18740451679696
fixed15_temporal46,-8,20250611::index=11.3.69E+05,50,368.97810499999997,326.71553981582207
fixed15_temporal46,-8,20250611::index=11.3.69E+05,53,368.97810499999997,364.4230727773944
fixed15_temporal46,-8,20250611::index=11.3.69E+05,54,368.97810499999997,367.6932285216292
fixed15_temporal46,-8,20250611::index=11.3.69E+05,55,368.97810499999997,370.6976679286247
fixed15_temporal46,-8,20250611::index=11.3.69E+05,58,368.97810499999997,338.89849212939856
fixed15_temporal46,-8,20250618::index=11.376320,1,376.3201201,371.97356263078666
fixed15_temporal46,-8,20250618::index=11.376320,5,376.3201201,379.2347534424204
fixed15_temporal46,-8,20250618::index=11.376320,15,376.3201201,318.62557129079573
fixed15_temporal46,-8,20250618::index=11.376320,17,376.3201201,354.1748235813488
fixed15_temporal46,-8,20250618::index=11.376320,20,376.3201201,373.17266949132795
fixed15_temporal46,-8,20250618::index=11.376320,31,376.3201201,280.864146029813
fixed15_temporal46,-8,20250618::index=11.376320,37,376.3201201,297.5595245002487
fixed15_temporal46,-8,20250618::index=11.376320,44,376.3201201,359.647023599156
fixed15_temporal46,-8,20250618::index=11.376320,45,376.3201201,372.8792136657909
fixed15_temporal46,-8,20250618::index=11.376320,49,376.3201201,361.4027574334514
fixed15_temporal46,-8,20250618::index=11.376320,50,376.3201201,337.06939599694607
fixed15_temporal46,-8,20250618::index=11.376320,53,376.3201201,367.3725022226108
fixed15_temporal46,-8,20250618::index=11.376320,54,376.3201201,348.5939504587241
fixed15_temporal46,-8,20250618::index=11.376320,55,376.3201201,393.95623891718185
fixed15_temporal46,-8,20250618::index=11.376320,58,376.3201201,365.14006615640756
fixed15_temporal46,-8,20250611::index=12.4.27E+05,3,427.27619500000003,440.0653269166996
fixed15_temporal46,-8,20250611::index=12.4.27E+05,9,427.27619500000003,433.5962169257352
fixed15_temporal46,-8,20250611::index=12.4.27E+05,13,427.27619500000003,439.56474642758945
fixed15_temporal46,-8,20250611::index=12.4.27E+05,15,427.27619500000003,467.5986417053526
fixed15_temporal46,-8,20250611::index=12.4.27E+05,17,427.27619500000003,446.68011382493864
fixed15_temporal46,-8,20250611::index=12.4.27E+05,22,427.27619500000003,478.74986599006405
fixed15_temporal46,-8,20250611::index=12.4.27E+05,28,427.27619500000003,428.00270761954465
fixed15_temporal46,-8,20250611::index=12.4.27E+05,30,427.27619500000003,430.3613618099827
fixed15_temporal46,-8,20250611::index=12.4.27E+05,39,427.27619500000003,431.929244523931
fixed15_temporal46,-8,20250611::index=12.4.27E+05,42,427.27619500000003,462.60396827187196
fixed15_temporal46,-8,20250611::index=12.4.27E+05,44,427.27619500000003,433.11097403207407
fixed15_temporal46,-8,20250611::index=12.4.27E+05,46,427.27619500000003,485.4615982724701
fixed15_temporal46,-8,20250611::index=12.4.27E+05,47,427.27619500000003,457.95989434823696
fixed15_temporal46,-8,20250611::index=12.4.27E+05,54,427.27619500000003,422.9861405157495
fixed15_temporal46,-8,20250611::index=12.4.27E+05,57,427.27619500000003,466.4747984723798
fixed15_temporal46,-8,20250618::index=12.434018,3,434.0180833,380.4999980599887
fixed15_temporal46,-8,20250618::index=12.434018,9,434.0180833,410.0984211161902
fixed15_temporal46,-8,20250618::index=12.434018,13,434.0180833,486.99253997500216
fixed15_temporal46,-8,20250618::index=12.434018,15,434.0180833,395.5161190604316
fixed15_temporal46,-8,20250618::index=12.434018,17,434.0180833,400.2918583549078
fixed15_temporal46,-8,20250618::index=12.434018,22,434.0180833,377.8913465217672
fixed15_temporal46,-8,20250618::index=12.434018,28,434.0180833,403.87937802843106
fixed15_temporal46,-8,20250618::index=12.434018,30,434.0180833,471.9742458171908
fixed15_temporal46,-8,20250618::index=12.434018,39,434.0180833,381.88366420069366
fixed15_temporal46,-8,20250618::index=12.434018,42,434.0180833,376.82241362340653
fixed15_temporal46,-8,20250618::index=12.434018,44,434.0180833,371.4905387191152
fixed15_temporal46,-8,20250618::index=12.434018,46,434.0180833,436.0066364383551
fixed15_temporal46,-8,20250618::index=12.434018,47,434.0180833,439.9272644018295
fixed15_temporal46,-8,20250618::index=12.434018,54,434.0180833,440.0788673199063
fixed15_temporal46,-8,20250618::index=12.434018,57,434.0180833,428.88422183596026
fixed15_temporal46,-8,20250611::index=13.4.89E+05,3,489.45399810000004,539.8575434509494
fixed15_temporal46,-8,20250611::index=13.4.89E+05,7,489.45399810000004,484.9635696360104
fixed15_temporal46,-8,20250611::index=13.4.89E+05,12,489.45399810000004,485.7039831797767
fixed15_temporal46,-8,20250611::index=13.4.89E+05,13,489.45399810000004,462.1152282041319
fixed15_temporal46,-8,20250611::index=13.4.89E+05,14,489.45399810000004,495.6384391698689
fixed15_temporal46,-8,20250611::index=13.4.89E+05,20,489.45399810000004,500.2027398526746
fixed15_temporal46,-8,20250611::index=13.4.89E+05,34,489.45399810000004,490.40688566630837
fixed15_temporal46,-8,20250611::index=13.4.89E+05,39,489.45399810000004,488.71965593012055
fixed15_temporal46,-8,20250611::index=13.4.89E+05,42,489.45399810000004,466.9189117955453
fixed15_temporal46,-8,20250611::index=13.4.89E+05,44,489.45399810000004,490.1507491910855
fixed15_temporal46,-8,20250611::index=13.4.89E+05,48,489.45399810000004,489.9996954221934
fixed15_temporal46,-8,20250611::index=13.4.89E+05,51,489.45399810000004,488.99287102637066
fixed15_temporal46,-8,20250611::index=13.4.89E+05,53,489.45399810000004,492.97280315443345
fixed15_temporal46,-8,20250611::index=13.4.89E+05,54,489.45399810000004,495.82484643742487
fixed15_temporal46,-8,20250611::index=13.4.89E+05,59,489.45399810000004,483.5684670494864
fixed15_temporal46,-8,20250618::index=13.496023,3,496.0233525,493.7514748075267
fixed15_temporal46,-8,20250618::index=13.496023,7,496.0233525,501.8721198067713
fixed15_temporal46,-8,20250618::index=13.496023,12,496.0233525,458.53556155201454
fixed15_temporal46,-8,20250618::index=13.496023,13,496.0233525,490.2956445176773
fixed15_temporal46,-8,20250618::index=13.496023,14,496.0233525,499.528702252504
fixed15_temporal46,-8,20250618::index=13.496023,20,496.0233525,497.0969977827932
fixed15_temporal46,-8,20250618::index=13.496023,34,496.0233525,480.75758632748574
fixed15_temporal46,-8,20250618::index=13.496023,39,496.0233525,470.6516581918524
fixed15_temporal46,-8,20250618::index=13.496023,42,496.0233525,434.5352454445384
fixed15_temporal46,-8,20250618::index=13.496023,44,496.0233525,491.6377173966877
fixed15_temporal46,-8,20250618::index=13.496023,48,496.0233525,477.32786329788905
fixed15_temporal46,-8,20250618::index=13.496023,51,496.0233525,480.04233757676985
fixed15_temporal46,-8,20250618::index=13.496023,53,496.0233525,481.86882858215876
fixed15_temporal46,-8,20250618::index=13.496023,54,496.0233525,506.29254877416565
fixed15_temporal46,-8,20250618::index=13.496023,59,496.0233525,504.65500317491967
fixed15_temporal46,-8,20250611::index=14.5.54E+05,8,554.1963218000001,575.0026285211968
fixed15_temporal46,-8,20250611::index=14.5.54E+05,9,554.1963218000001,554.1332786950012
fixed15_temporal46,-8,20250611::index=14.5.54E+05,10,554.1963218000001,544.0550169713895
fixed15_temporal46,-8,20250611::index=14.5.54E+05,14,554.1963218000001,575.2467386498888
fixed15_temporal46,-8,20250611::index=14.5.54E+05,29,554.1963218000001,545.9005070483372
fixed15_temporal46,-8,20250611::index=14.5.54E+05,30,554.1963218000001,490.907802775076
fixed15_temporal46,-8,20250611::index=14.5.54E+05,33,554.1963218000001,585.7891079104517
fixed15_temporal46,-8,20250611::index=14.5.54E+05,36,554.1963218000001,560.4036420629463
fixed15_temporal46,-8,20250611::index=14.5.54E+05,43,554.1963218000001,504.0642307665728
fixed15_temporal46,-8,20250611::index=14.5.54E+05,48,554.1963218000001,541.568219725018
fixed15_temporal46,-8,20250611::index=14.5.54E+05,50,554.1963218000001,541.6560167551295
fixed15_temporal46,-8,20250611::index=14.5.54E+05,51,554.1963218000001,557.3126848164653
fixed15_temporal46,-8,20250611::index=14.5.54E+05,54,554.1963218000001,559.0509389351478
fixed15_temporal46,-8,20250611::index=14.5.54E+05,57,554.1963218000001,558.3392028003004
fixed15_temporal46,-8,20250611::index=14.5.54E+05,58,554.1963218000001,541.8839504206902
fixed15_temporal46,-8,20250618::index=14.562158,8,562.1587854,554.6433460975624
fixed15_temporal46,-8,20250618::index=14.562158,9,562.1587854,579.6758098093844
fixed15_temporal46,-8,20250618::index=14.562158,10,562.1587854,561.9214890113569
fixed15_temporal46,-8,20250618::index=14.562158,14,562.1587854,578.3126748429463
fixed15_temporal46,-8,20250618::index=14.562158,29,562.1587854,556.5433006000533
fixed15_temporal46,-8,20250618::index=14.562158,30,562.1587854,564.5123858860125
fixed15_temporal46,-8,20250618::index=14.562158,33,562.1587854,559.7712987854289
fixed15_temporal46,-8,20250618::index=14.562158,36,562.1587854,578.202710521432
fixed15_temporal46,-8,20250618::index=14.562158,43,562.1587854,569.3090156374371
fixed15_temporal46,-8,20250618::index=14.562158,48,562.1587854,550.5277445978725
fixed15_temporal46,-8,20250618::index=14.562158,50,562.1587854,567.3082236738377
fixed15_temporal46,-8,20250618::index=14.562158,51,562.1587854,561.8988734889937
fixed15_temporal46,-8,20250618::index=14.562158,54,562.1587854,545.7167058405622
fixed15_temporal46,-8,20250618::index=14.562158,57,562.1587854,567.916358950729
fixed15_temporal46,-8,20250618::index=14.562158,58,562.1587854,571.7887670855571
fixed15_temporal46,-8,20250611::index=4.5.76E+04,2,57.59331665,157.5334021767989
fixed15_temporal46,-8,20250611::index=4.5.76E+04,3,57.59331665,68.82869320242033
fixed15_temporal46,-8,20250611::index=4.5.76E+04,6,57.59331665,38.1288675736909
fixed15_temporal46,-8,20250611::index=4.5.76E+04,11,57.59331665,91.9839633031223
fixed15_temporal46,-8,20250611::index=4.5.76E+04,13,57.59331665,39.32102496437463
fixed15_temporal46,-8,20250611::index=4.5.76E+04,15,57.59331665,137.54654096169799
fixed15_temporal46,-8,20250611::index=4.5.76E+04,18,57.59331665,84.07348472820668
fixed15_temporal46,-8,20250611::index=4.5.76E+04,33,57.59331665,72.4877030448279
fixed15_temporal46,-8,20250611::index=4.5.76E+04,38,57.59331665,168.1622697514038
fixed15_temporal46,-8,20250611::index=4.5.76E+04,41,57.59331665,82.96857108806925
fixed15_temporal46,-8,20250611::index=4.5.76E+04,42,57.59331665,48.75009910495499
fixed15_temporal46,-8,20250611::index=4.5.76E+04,44,57.59331665,37.89852519564365
fixed15_temporal46,-8,20250611::index=4.5.76E+04,46,57.59331665,39.87074077645955
fixed15_temporal46,-8,20250611::index=4.5.76E+04,54,57.59331665,140.84080873210482
fixed15_temporal46,-8,20250611::index=4.5.76E+04,55,57.59331665,103.43191639175316
fixed15_temporal46,-8,20250618::index=4.58389,2,58.38985471,164.20913341301465
fixed15_temporal46,-8,20250618::index=4.58389,3,58.38985471,161.2465585626385
fixed15_temporal46,-8,20250618::index=4.58389,6,58.38985471,166.22047061353334
fixed15_temporal46,-8,20250618::index=4.58389,11,58.38985471,173.611156050203
fixed15_temporal46,-8,20250618::index=4.58389,13,58.38985471,162.7617863446613
fixed15_temporal46,-8,20250618::index=4.58389,15,58.38985471,184.54053929851574
fixed15_temporal46,-8,20250618::index=4.58389,18,58.38985471,165.62165859979962
fixed15_temporal46,-8,20250618::index=4.58389,33,58.38985471,158.50615715879397
fixed15_temporal46,-8,20250618::index=4.58389,38,58.38985471,157.71353265536783
fixed15_temporal46,-8,20250618::index=4.58389,41,58.38985471,180.76560043004721
fixed15_temporal46,-8,20250618::index=4.58389,42,58.38985471,164.67189858715435
fixed15_temporal46,-8,20250618::index=4.58389,44,58.38985471,174.4285251843128
fixed15_temporal46,-8,20250618::index=4.58389,46,58.38985471,158.26482607807293
fixed15_temporal46,-8,20250618::index=4.58389,54,58.38985471,154.33504483871639
fixed15_temporal46,-8,20250618::index=4.58389,55,58.38985471,181.82483590308266
fixed15_temporal46,-8,20250611::index=15.6.24E+05,3,624.4425514,647.7748056681456
fixed15_temporal46,-8,20250611::index=15.6.24E+05,4,624.4425514,616.5027958005212
fixed15_temporal46,-8,20250611::index=15.6.24E+05,11,624.4425514,645.2098358285959
fixed15_temporal46,-8,20250611::index=15.6.24E+05,13,624.4425514,574.7769263334596
fixed15_temporal46,-8,20250611::index=15.6.24E+05,14,624.4425514,611.0465864908784
fixed15_temporal46,-8,20250611::index=15.6.24E+05,18,624.4425514,613.3030314213725
fixed15_temporal46,-8,20250611::index=15.6.24E+05,19,624.4425514,614.6966150074992
fixed15_temporal46,-8,20250611::index=15.6.24E+05,27,624.4425514,614.9479993571467
fixed15_temporal46,-8,20250611::index=15.6.24E+05,39,624.4425514,627.1267244906901
fixed15_temporal46,-8,20250611::index=15.6.24E+05,43,624.4425514,645.8838802746055
fixed15_temporal46,-8,20250611::index=15.6.24E+05,46,624.4425514,605.516766689539
fixed15_temporal46,-8,20250611::index=15.6.24E+05,51,624.4425514,627.022147854329
fixed15_temporal46,-8,20250611::index=15.6.24E+05,55,624.4425514,623.2878900177406
fixed15_temporal46,-8,20250611::index=15.6.24E+05,57,624.4425514,611.9655450558389
fixed15_temporal46,-8,20250611::index=15.6.24E+05,58,624.4425514,622.0403217522752
fixed15_temporal46,-8,20250618::index=15.633482,3,633.482536,658.2680342130485
fixed15_temporal46,-8,20250618::index=15.633482,4,633.482536,635.4715676940064
fixed15_temporal46,-8,20250618::index=15.633482,11,633.482536,635.922999944541
fixed15_temporal46,-8,20250618::index=15.633482,13,633.482536,621.8793859633575
fixed15_temporal46,-8,20250618::index=15.633482,14,633.482536,649.6687217647415
fixed15_temporal46,-8,20250618::index=15.633482,18,633.482536,601.9261435580903
fixed15_temporal46,-8,20250618::index=15.633482,19,633.482536,635.6933110514049
fixed15_temporal46,-8,20250618::index=15.633482,27,633.482536,609.9584054048279
fixed15_temporal46,-8,20250618::index=15.633482,39,633.482536,605.2299097164657
fixed15_temporal46,-8,20250618::index=15.633482,43,633.482536,673.7036080129876
fixed15_temporal46,-8,20250618::index=15.633482,46,633.482536,655.5602099750188
fixed15_temporal46,-8,20250618::index=15.633482,51,633.482536,699.3554893369886
fixed15_temporal46,-8,20250618::index=15.633482,55,633.482536,606.1991614148283
fixed15_temporal46,-8,20250618::index=15.633482,57,633.482536,653.820646061218
fixed15_temporal46,-8,20250618::index=15.633482,58,633.482536,646.1328178043577
fixed15_temporal46,-8,20250611::index=16.6.98E+05,2,698.421296,690.9102908154741
fixed15_temporal46,-8,20250611::index=16.6.98E+05,6,698.421296,704.6445828161912
fixed15_temporal46,-8,20250611::index=16.6.98E+05,9,698.421296,673.6408270510091
fixed15_temporal46,-8,20250611::index=16.6.98E+05,10,698.421296,662.6525528656298
fixed15_temporal46,-8,20250611::index=16.6.98E+05,13,698.421296,699.9934296056547
fixed15_temporal46,-8,20250611::index=16.6.98E+05,17,698.421296,688.9131535993334
fixed15_temporal46,-8,20250611::index=16.6.98E+05,35,698.421296,691.3131152267317
fixed15_temporal46,-8,20250611::index=16.6.98E+05,37,698.421296,689.1558020063762
fixed15_temporal46,-8,20250611::index=16.6.98E+05,39,698.421296,688.1462191840697
fixed15_temporal46,-8,20250611::index=16.6.98E+05,40,698.421296,706.9622950962226
fixed15_temporal46,-8,20250611::index=16.6.98E+05,46,698.421296,738.260327460563
fixed15_temporal46,-8,20250611::index=16.6.98E+05,47,698.421296,710.5310910765658
fixed15_temporal46,-8,20250611::index=16.6.98E+05,52,698.421296,749.9831247206877
fixed15_temporal46,-8,20250611::index=16.6.98E+05,55,698.421296,687.4967967162871
fixed15_temporal46,-8,20250611::index=16.6.98E+05,57,698.421296,694.9512617481842
fixed15_temporal46,-8,20250618::index=16.709792,2,709.7927143,711.3585828084797
fixed15_temporal46,-8,20250618::index=16.709792,6,709.7927143,736.8232029284216
fixed15_temporal46,-8,20250618::index=16.709792,9,709.7927143,711.2279320909319
fixed15_temporal46,-8,20250618::index=16.709792,10,709.7927143,749.1479192363352
fixed15_temporal46,-8,20250618::index=16.709792,13,709.7927143,714.4099500650601
fixed15_temporal46,-8,20250618::index=16.709792,17,709.7927143,739.8843391025802
fixed15_temporal46,-8,20250618::index=16.709792,35,709.7927143,701.7094512379774
fixed15_temporal46,-8,20250618::index=16.709792,37,709.7927143,715.1344914625193
fixed15_temporal46,-8,20250618::index=16.709792,39,709.7927143,710.2963427551892
fixed15_temporal46,-8,20250618::index=16.709792,40,709.7927143,729.371760782072
fixed15_temporal46,-8,20250618::index=16.709792,46,709.7927143,771.4138338058104
fixed15_temporal46,-8,20250618::index=16.709792,47,709.7927143,729.5535726835615
fixed15_temporal46,-8,20250618::index=16.709792,52,709.7927143,703.7771080353195
fixed15_temporal46,-8,20250618::index=16.709792,55,709.7927143,699.7449493145883
fixed15_temporal46,-8,20250618::index=16.709792,57,709.7927143,674.6792632028707
fixed15_temporal46,-8,20250611::index=17.7.77E+05,5,776.6472223000001,761.3382402675278
fixed15_temporal46,-8,20250611::index=17.7.77E+05,6,776.6472223000001,766.7180061085743
fixed15_temporal46,-8,20250611::index=17.7.77E+05,7,776.6472223000001,753.4082232500565
fixed15_temporal46,-8,20250611::index=17.7.77E+05,8,776.6472223000001,754.9637006505743
fixed15_temporal46,-8,20250611::index=17.7.77E+05,10,776.6472223000001,745.6295623614246
fixed15_temporal46,-8,20250611::index=17.7.77E+05,14,776.6472223000001,769.2922879534294
fixed15_temporal46,-8,20250611::index=17.7.77E+05,19,776.6472223000001,814.6800778090297
fixed15_temporal46,-8,20250611::index=17.7.77E+05,24,776.6472223000001,772.5987469821864
fixed15_temporal46,-8,20250611::index=17.7.77E+05,26,776.6472223000001,744.5666424230757
fixed15_temporal46,-8,20250611::index=17.7.77E+05,31,776.6472223000001,748.0401799481892
fixed15_temporal46,-8,20250611::index=17.7.77E+05,41,776.6472223000001,797.9348599169349
fixed15_temporal46,-8,20250611::index=17.7.77E+05,52,776.6472223000001,807.6215946717057
fixed15_temporal46,-8,20250611::index=17.7.77E+05,53,776.6472223000001,817.6860502393888
fixed15_temporal46,-8,20250611::index=17.7.77E+05,54,776.6472223000001,769.8998014853131
fixed15_temporal46,-8,20250611::index=17.7.77E+05,55,776.6472223000001,731.1971451124334
fixed15_temporal46,-8,20250618::index=17.789500,5,789.5001968,770.0232192988361
fixed15_temporal46,-8,20250618::index=17.789500,6,789.5001968,837.8072833844452
fixed15_temporal46,-8,20250618::index=17.789500,7,789.5001968,712.428565152528
fixed15_temporal46,-8,20250618::index=17.789500,8,789.5001968,724.7370495643567
fixed15_temporal46,-8,20250618::index=17.789500,10,789.5001968,748.0453749949138
fixed15_temporal46,-8,20250618::index=17.789500,14,789.5001968,828.6720264738584
fixed15_temporal46,-8,20250618::index=17.789500,19,789.5001968,826.6304921569972
fixed15_temporal46,-8,20250618::index=17.789500,24,789.5001968,754.5560852819016
fixed15_temporal46,-8,20250618::index=17.789500,26,789.5001968,842.4925858284034
fixed15_temporal46,-8,20250618::index=17.789500,31,789.5001968,796.4273919869928
fixed15_temporal46,-8,20250618::index=17.789500,41,789.5001968,767.6314981345544
fixed15_temporal46,-8,20250618::index=17.789500,52,789.5001968,759.6867467606112
fixed15_temporal46,-8,20250618::index=17.789500,53,789.5001968,749.4087500599603
fixed15_temporal46,-8,20250618::index=17.789500,54,789.5001968,806.9062390003678
fixed15_temporal46,-8,20250618::index=17.789500,55,789.5001968,793.3788752552688
fixed15_temporal46,-8,20250611::index=18.8.59E+05,0,859.3439142,865.8895974165491
fixed15_temporal46,-8,20250611::index=18.8.59E+05,5,859.3439142,843.2630119119045
fixed15_temporal46,-8,20250611::index=18.8.59E+05,14,859.3439142,858.7370462274924
fixed15_temporal46,-8,20250611::index=18.8.59E+05,18,859.3439142,839.8159695439768
fixed15_temporal46,-8,20250611::index=18.8.59E+05,19,859.3439142,866.5860656984368
fixed15_temporal46,-8,20250611::index=18.8.59E+05,21,859.3439142,868.2200499875486
fixed15_temporal46,-8,20250611::index=18.8.59E+05,26,859.3439142,871.6005749312264
fixed15_temporal46,-8,20250611::index=18.8.59E+05,27,859.3439142,854.6058958668921
fixed15_temporal46,-8,20250611::index=18.8.59E+05,32,859.3439142,858.0405961994949
fixed15_temporal46,-8,20250611::index=18.8.59E+05,36,859.3439142,858.7082592772238
fixed15_temporal46,-8,20250611::index=18.8.59E+05,43,859.3439142,784.3993904776702
fixed15_temporal46,-8,20250611::index=18.8.59E+05,53,859.3439142,863.6032563018028
fixed15_temporal46,-8,20250611::index=18.8.59E+05,54,859.3439142,838.0016943969666
fixed15_temporal46,-8,20250611::index=18.8.59E+05,56,859.3439142,865.2307730626335
fixed15_temporal46,-8,20250611::index=18.8.59E+05,57,859.3439142,857.7627718484152
fixed15_temporal46,-8,20250618::index=18.873637,0,873.6370359,869.9599713855375
fixed15_temporal46,-8,20250618::index=18.873637,5,873.6370359,869.077777423317
fixed15_temporal46,-8,20250618::index=18.873637,14,873.6370359,872.9715696485952
fixed15_temporal46,-8,20250618::index=18.873637,18,873.6370359,856.1908977190473
fixed15_temporal46,-8,20250618::index=18.873637,19,873.6370359,854.0738180813524
fixed15_temporal46,-8,20250618::index=18.873637,21,873.6370359,853.5181315584517
fixed15_temporal46,-8,20250618::index=18.873637,26,873.6370359,873.0719528941925
fixed15_temporal46,-8,20250618::index=18.873637,27,873.6370359,830.9649447702923
fixed15_temporal46,-8,20250618::index=18.873637,32,873.6370359,868.3455527667222
fixed15_temporal46,-8,20250618::index=18.873637,36,873.6370359,841.40916646431
fixed15_temporal46,-8,20250618::index=18.873637,43,873.6370359,867.6826133886972
fixed15_temporal46,-8,20250618::index=18.873637,53,873.6370359,868.6162556528135
fixed15_temporal46,-8,20250618::index=18.873637,54,873.6370359,863.4623712192413
fixed15_temporal46,-8,20250618::index=18.873637,56,873.6370359,844.810986532764
fixed15_temporal46,-8,20250618::index=18.873637,57,873.6370359,855.5269632190514
fixed15_band10,-12,20250618::index=1.0,0,-1.42e-09,207.02096841867402
fixed15_band10,-12,20250618::index=1.0,3,-1.42e-09,206.79555564654186
fixed15_band10,-12,20250618::index=1.0,5,-1.42e-09,205.90246887417484
fixed15_band10,-12,20250618::index=1.0,12,-1.42e-09,205.90246887417484
fixed15_band10,-12,20250618::index=1.0,13,-1.42e-09,207.7178194148886
fixed15_band10,-12,20250618::index=1.0,31,-1.42e-09,207.02096841867402
fixed15_band10,-12,20250618::index=1.0,33,-1.42e-09,204.4571578405886
fixed15_band10,-12,20250618::index=1.0,36,-1.42e-09,205.90246887417484
fixed15_band10,-12,20250618::index=1.0,45,-1.42e-09,207.462974624863
fixed15_band10,-12,20250618::index=1.0,46,-1.42e-09,207.7178194148886
fixed15_band10,-12,20250618::index=1.0,48,-1.42e-09,205.90246887417484
fixed15_band10,-12,20250618::index=1.0,50,-1.42e-09,208.16729151191132
fixed15_band10,-12,20250618::index=1.0,52,-1.42e-09,205.90246887417484
fixed15_band10,-12,20250618::index=1.0,54,-1.42e-09,206.9768252683507
fixed15_band10,-12,20250618::index=1.0,57,-1.42e-09,207.7178194148886
fixed15_band10,-12,20250611::index=1.3.28E-04,0,3.28047e-07,207.5601358215486
fixed15_band10,-12,20250611::index=1.3.28E-04,3,3.28047e-07,207.02096841867402
fixed15_band10,-12,20250611::index=1.3.28E-04,5,3.28047e-07,206.11609174475595
fixed15_band10,-12,20250611::index=1.3.28E-04,12,3.28047e-07,190.18318618261094
fixed15_band10,-12,20250611::index=1.3.28E-04,13,3.28047e-07,207.7252853057224
fixed15_band10,-12,20250611::index=1.3.28E-04,31,3.28047e-07,206.86455178212762
fixed15_band10,-12,20250611::index=1.3.28E-04,33,3.28047e-07,185.5260176893894
fixed15_band10,-12,20250611::index=1.3.28E-04,36,3.28047e-07,205.64762408414924
fixed15_band10,-12,20250611::index=1.3.28E-04,45,3.28047e-07,207.02096841867402
fixed15_band10,-12,20250611::index=1.3.28E-04,46,3.28047e-07,207.02096841867402
fixed15_band10,-12,20250611::index=1.3.28E-04,48,3.28047e-07,207.02096841867402
fixed15_band10,-12,20250611::index=1.3.28E-04,50,3.28047e-07,207.54401568391353
fixed15_band10,-12,20250611::index=1.3.28E-04,52,3.28047e-07,207.02096841867402
fixed15_band10,-12,20250611::index=1.3.28E-04,54,3.28047e-07,203.96671276212192
fixed15_band10,-12,20250611::index=1.3.28E-04,57,3.28047e-07,207.02096841867402
fixed15_band10,-12,20250611::index=5.1.11E+05,17,111.2647017,201.477550354209
fixed15_band10,-12,20250611::index=5.1.11E+05,19,111.2647017,202.47391671283123
fixed15_band10,-12,20250611::index=5.1.11E+05,21,111.2647017,207.7252853057224
fixed15_band10,-12,20250611::index=5.1.11E+05,23,111.2647017,207.7252853057224
fixed15_band10,-12,20250611::index=5.1.11E+05,28,111.2647017,181.43019835700167
fixed15_band10,-12,20250611::index=5.1.11E+05,34,111.2647017,202.47391671283123
fixed15_band10,-12,20250611::index=5.1.11E+05,35,111.2647017,205.9680605915993
fixed15_band10,-12,20250611::index=5.1.11E+05,41,111.2647017,201.477550354209
fixed15_band10,-12,20250611::index=5.1.11E+05,46,111.2647017,207.54401568391353
fixed15_band10,-12,20250611::index=5.1.11E+05,47,111.2647017,208.264452708597
fixed15_band10,-12,20250611::index=5.1.11E+05,48,111.2647017,201.6186676578774
fixed15_band10,-12,20250611::index=5.1.11E+05,51,111.2647017,202.19732890890302
fixed15_band10,-12,20250611::index=5.1.11E+05,55,111.2647017,202.47391671283123
fixed15_band10,-12,20250611::index=5.1.11E+05,56,111.2647017,208.54038204253575
fixed15_band10,-12,20250611::index=5.1.11E+05,58,111.2647017,207.54401568391353
fixed15_band10,-12,20250618::index=5.113188,17,113.1882901,207.02096841867402
fixed15_band10,-12,20250618::index=5.113188,19,113.1882901,201.477550354209
fixed15_band10,-12,20250618::index=5.113188,21,113.1882901,207.7252853057224
fixed15_band10,-12,20250618::index=5.113188,23,113.1882901,200.95450308896946
fixed15_band10,-12,20250618::index=5.113188,28,113.1882901,134.8210356981186
fixed15_band10,-12,20250618::index=5.113188,34,113.1882901,185.63770532812578
fixed15_band10,-12,20250618::index=5.113188,35,113.1882901,174.78460042309266
fixed15_band10,-12,20250618::index=5.113188,41,113.1882901,135.81740205674083
fixed15_band10,-12,20250618::index=5.113188,46,113.1882901,177.58903438956483
fixed15_band10,-12,20250618::index=5.113188,47,113.1882901,186.17687273100026
fixed15_band10,-12,20250618::index=5.113188,48,113.1882901,190.29229548677628
fixed15_band10,-12,20250618::index=5.113188,51,113.1882901,186.16075259336526
fixed15_band10,-12,20250618::index=5.113188,55,113.1882901,201.65881997601787
fixed15_band10,-12,20250618::index=5.113188,56,113.1882901,177.58903438956483
fixed15_band10,-12,20250618::index=5.113188,58,113.1882901,201.65881997601787
fixed15_band10,-12,20250611::index=6.1.44E+05,6,144.32426180000002,188.64991500127817
fixed15_band10,-12,20250611::index=6.1.44E+05,11,144.32426180000002,202.19732890890302
fixed15_band10,-12,20250611::index=6.1.44E+05,13,144.32426180000002,212.2345460162405
fixed15_band10,-12,20250611::index=6.1.44E+05,26,144.32426180000002,208.08318308678813
fixed15_band10,-12,20250611::index=6.1.44E+05,31,144.32426180000002,207.7252853057224
fixed15_band10,-12,20250611::index=6.1.44E+05,34,144.32426180000002,207.54401568391353
fixed15_band10,-12,20250611::index=6.1.44E+05,35,144.32426180000002,200.02223411199157
fixed15_band10,-12,20250611::index=6.1.44E+05,36,144.32426180000002,190.8512829256922
fixed15_band10,-12,20250611::index=6.1.44E+05,38,144.32426180000002,207.7252853057224
fixed15_band10,-12,20250611::index=6.1.44E+05,40,144.32426180000002,207.02096841867402
fixed15_band10,-12,20250611::index=6.1.44E+05,46,144.32426180000002,207.02096841867402
fixed15_band10,-12,20250611::index=6.1.44E+05,47,144.32426180000002,186.69991999623974
fixed15_band10,-12,20250611::index=6.1.44E+05,56,144.32426180000002,207.54401568391353
fixed15_band10,-12,20250611::index=6.1.44E+05,58,144.32426180000002,207.7252853057224
fixed15_band10,-12,20250611::index=6.1.44E+05,59,144.32426180000002,207.7252853057224
fixed15_band10,-12,20250618::index=6.146381,6,146.38165049999998,185.63770532812578
fixed15_band10,-12,20250618::index=6.146381,11,146.38165049999998,207.02096841867402
fixed15_band10,-12,20250618::index=6.146381,13,146.38165049999998,187.13050137741646
fixed15_band10,-12,20250618::index=6.146381,26,146.38165049999998,208.264452708597
fixed15_band10,-12,20250618::index=6.146381,31,146.38165049999998,207.02096841867402
fixed15_band10,-12,20250618::index=6.146381,34,146.38165049999998,186.34202221517413
fixed15_band10,-12,20250618::index=6.146381,35,146.38165049999998,172.19983228812362
fixed15_band10,-12,20250618::index=6.146381,36,146.38165049999998,208.51376446796473
fixed15_band10,-12,20250618::index=6.146381,38,146.38165049999998,207.02096841867402
fixed15_band10,-12,20250618::index=6.146381,40,146.38165049999998,177.407764767756
fixed15_band10,-12,20250618::index=6.146381,46,146.38165049999998,186.34202221517413
fixed15_band10,-12,20250618::index=6.146381,47,146.38165049999998,186.8811896180486
fixed15_band10,-12,20250618::index=6.146381,56,146.38165049999998,200.95450308896946
fixed15_band10,-12,20250618::index=6.146381,58,146.38165049999998,205.20561787796026
fixed15_band10,-12,20250618::index=6.146381,59,146.38165049999998,186.34202221517413
fixed15_band10,-12,20250611::index=7.1.81E+05,4,181.378003,207.7252853057224
fixed15_band10,-12,20250611::index=7.1.81E+05,5,181.378003,177.407764767756
fixed15_band10,-12,20250611::index=7.1.81E+05,10,181.378003,207.02096841867402
fixed15_band10,-12,20250611::index=7.1.81E+05,15,181.378003,207.7252853057224
fixed15_band10,-12,20250611::index=7.1.81E+05,18,181.378003,207.54401568391353
fixed15_band10,-12,20250611::index=7.1.81E+05,20,181.378003,207.02096841867402
fixed15_band10,-12,20250611::index=7.1.81E+05,26,181.378003,208.08318308678813
fixed15_band10,-12,20250611::index=7.1.81E+05,28,181.378003,207.02096841867402
fixed15_band10,-12,20250611::index=7.1.81E+05,33,181.378003,213.5207710858075
fixed15_band10,-12,20250611::index=7.1.81E+05,37,181.378003,208.2243003904565
fixed15_band10,-12,20250611::index=7.1.81E+05,41,181.378003,202.47391671283123
fixed15_band10,-12,20250611::index=7.1.81E+05,44,181.378003,207.54401568391353
fixed15_band10,-12,20250611::index=7.1.81E+05,56,181.378003,177.54888207142437
fixed15_band10,-12,20250611::index=7.1.81E+05,57,181.378003,207.7252853057224
fixed15_band10,-12,20250611::index=7.1.81E+05,58,181.378003,208.54038204253575
fixed15_band10,-12,20250618::index=7.184190,4,184.1909699,207.02096841867402
fixed15_band10,-12,20250618::index=7.184190,5,184.1909699,200.95450308896946
fixed15_band10,-12,20250618::index=7.184190,10,184.1909699,201.65881997601787
fixed15_band10,-12,20250618::index=7.184190,15,184.1909699,207.02096841867402
fixed15_band10,-12,20250618::index=7.184190,18,184.1909699,207.02096841867402
fixed15_band10,-12,20250618::index=7.184190,20,184.1909699,207.02096841867402
fixed15_band10,-12,20250618::index=7.184190,26,184.1909699,207.7252853057224
fixed15_band10,-12,20250618::index=7.184190,28,184.1909699,207.462974624863
fixed15_band10,-12,20250618::index=7.184190,33,184.1909699,245.22716814774108
fixed15_band10,-12,20250618::index=7.184190,37,184.1909699,207.02096841867402
fixed15_band10,-12,20250618::index=7.184190,41,184.1909699,206.86455178212762
fixed15_band10,-12,20250618::index=7.184190,44,184.1909699,207.02096841867402
fixed15_band10,-12,20250618::index=7.184190,56,184.1909699,207.02096841867402
fixed15_band10,-12,20250618::index=7.184190,57,184.1909699,204.64554703609488
fixed15_band10,-12,20250618::index=7.184190,58,184.1909699,207.02096841867402
fixed15_band10,-12,20250611::index=3.2.10E+04,1,20.97971604,207.02096841867402
fixed15_band10,-12,20250611::index=3.2.10E+04,6,20.97971604,176.27995699086554
fixed15_band10,-12,20250611::index=3.2.10E+04,11,20.97971604,207.54401568391353
fixed15_band10,-12,20250611::index=3.2.10E+04,22,20.97971604,207.7252853057224
fixed15_band10,-12,20250611::index=3.2.10E+04,28,20.97971604,181.43019835700167
fixed15_band10,-12,20250611::index=3.2.10E+04,33,20.97971604,211.39659695029485
fixed15_band10,-12,20250611::index=3.2.10E+04,34,20.97971604,201.477550354209
fixed15_band10,-12,20250611::index=3.2.10E+04,36,20.97971604,182.78815288772063
fixed15_band10,-12,20250611::index=3.2.10E+04,41,20.97971604,201.477550354209
fixed15_band10,-12,20250611::index=3.2.10E+04,42,20.97971604,212.2345460162405
fixed15_band10,-12,20250611::index=3.2.10E+04,52,20.97971604,136.72765038675445
fixed15_band10,-12,20250611::index=3.2.10E+04,54,20.97971604,210.03317809182644
fixed15_band10,-12,20250611::index=3.2.10E+04,56,20.97971604,187.15711895198746
fixed15_band10,-12,20250611::index=3.2.10E+04,57,20.97971604,201.6186676578774
fixed15_band10,-12,20250611::index=3.2.10E+04,59,20.97971604,177.54888207142437
fixed15_band10,-12,20250618::index=3.21242,1,21.24286319,204.64554703609488
fixed15_band10,-12,20250618::index=3.21242,6,21.24286319,208.42213630193694
fixed15_band10,-12,20250618::index=3.21242,11,21.24286319,206.27250838130234
fixed15_band10,-12,20250618::index=3.21242,22,21.24286319,204.64554703609488
fixed15_band10,-12,20250618::index=3.21242,28,21.24286319,207.7178194148886
fixed15_band10,-12,20250618::index=3.21242,33,21.24286319,204.4571578405886
fixed15_band10,-12,20250618::index=3.21242,34,21.24286319,207.462974624863
fixed15_band10,-12,20250618::index=3.21242,36,21.24286319,205.90246887417484
fixed15_band10,-12,20250618::index=3.21242,41,21.24286319,206.27250838130234
fixed15_band10,-12,20250618::index=3.21242,42,21.24286319,205.64762408414924
fixed15_band10,-12,20250618::index=3.21242,52,21.24286319,207.7178194148886
fixed15_band10,-12,20250618::index=3.21242,54,21.24286319,207.02096841867402
fixed15_band10,-12,20250618::index=3.21242,56,21.24286319,207.462974624863
fixed15_band10,-12,20250618::index=3.21242,57,21.24286319,206.27250838130234
fixed15_band10,-12,20250618::index=3.21242,59,21.24286319,206.9768252683507
fixed15_band10,-12,20250611::index=8.2.22E+05,0,221.5051102,207.5601358215486
fixed15_band10,-12,20250611::index=8.2.22E+05,4,221.5051102,206.27250838130234
fixed15_band10,-12,20250611::index=8.2.22E+05,6,221.5051102,208.54038204253575
fixed15_band10,-12,20250611::index=8.2.22E+05,9,221.5051102,207.7252853057224
fixed15_band10,-12,20250611::index=8.2.22E+05,13,221.5051102,206.4162079070231
fixed15_band10,-12,20250611::index=8.2.22E+05,15,221.5051102,206.27250838130234
fixed15_band10,-12,20250611::index=8.2.22E+05,17,221.5051102,207.02096841867402
fixed15_band10,-12,20250611::index=8.2.22E+05,22,221.5051102,207.02096841867402
fixed15_band10,-12,20250611::index=8.2.22E+05,24,221.5051102,207.02096841867402
fixed15_band10,-12,20250611::index=8.2.22E+05,28,221.5051102,208.16729151191132
fixed15_band10,-12,20250611::index=8.2.22E+05,31,221.5051102,207.02096841867402
fixed15_band10,-12,20250611::index=8.2.22E+05,39,221.5051102,207.7178194148886
fixed15_band10,-12,20250611::index=8.2.22E+05,40,221.5051102,207.02096841867402
fixed15_band10,-12,20250611::index=8.2.22E+05,50,221.5051102,208.26379423860755
fixed15_band10,-12,20250611::index=8.2.22E+05,59,221.5051102,200.34974257731858
fixed15_band10,-12,20250618::index=8.225704,0,225.70496179999998,205.20561787796026
fixed15_band10,-12,20250618::index=8.225704,4,225.70496179999998,246.67247918132733
fixed15_band10,-12,20250618::index=8.225704,6,225.70496179999998,207.7178194148886
fixed15_band10,-12,20250618::index=8.225704,9,225.70496179999998,207.02096841867402
fixed15_band10,-12,20250618::index=8.225704,13,225.70496179999998,270.93050120391166
fixed15_band10,-12,20250618::index=8.225704,15,225.70496179999998,207.56140277834214
fixed15_band10,-12,20250618::index=8.225704,17,225.70496179999998,206.11609174475595
fixed15_band10,-12,20250618::index=8.225704,22,225.70496179999998,204.64554703609488
fixed15_band10,-12,20250618::index=8.225704,24,225.70496179999998,204.4571578405886
fixed15_band10,-12,20250618::index=8.225704,28,225.70496179999998,205.90246887417484
fixed15_band10,-12,20250618::index=8.225704,31,225.70496179999998,206.11609174475595
fixed15_band10,-12,20250618::index=8.225704,39,225.70496179999998,246.67247918132733
fixed15_band10,-12,20250618::index=8.225704,40,225.70496179999998,207.30655798831657
fixed15_band10,-12,20250618::index=8.225704,50,225.70496179999998,232.7460673234651
fixed15_band10,-12,20250618::index=8.225704,59,225.70496179999998,206.27250838130234
fixed15_band10,-12,20250611::index=2.2.36E+03,0,2.35533535,208.264452708597
fixed15_band10,-12,20250611::index=2.2.36E+03,2,2.35533535,207.54401568391353
fixed15_band10,-12,20250611::index=2.2.36E+03,3,2.35533535,187.15711895198746
fixed15_band10,-12,20250611::index=2.2.36E+03,14,2.35533535,207.7252853057224
fixed15_band10,-12,20250611::index=2.2.36E+03,21,2.35533535,207.02096841867402
fixed15_band10,-12,20250611::index=2.2.36E+03,23,2.35533535,207.02096841867402
fixed15_band10,-12,20250611::index=2.2.36E+03,29,2.35533535,207.7252853057224
fixed15_band10,-12,20250611::index=2.2.36E+03,36,2.35533535,141.28096548817254
fixed15_band10,-12,20250611::index=2.2.36E+03,37,2.35533535,208.2243003904565
fixed15_band10,-12,20250611::index=2.2.36E+03,44,2.35533535,207.54401568391353
fixed15_band10,-12,20250611::index=2.2.36E+03,47,2.35533535,207.5601358215486
fixed15_band10,-12,20250611::index=2.2.36E+03,48,2.35533535,203.96671276212192
fixed15_band10,-12,20250611::index=2.2.36E+03,54,2.35533535,203.1114637071681
fixed15_band10,-12,20250611::index=2.2.36E+03,55,2.35533535,202.47391671283123
fixed15_band10,-12,20250611::index=2.2.36E+03,59,2.35533535,187.15711895198746
fixed15_band10,-12,20250618::index=2.2380,0,2.380025286,207.02096841867402
fixed15_band10,-12,20250618::index=2.2380,2,2.380025286,207.02096841867402
fixed15_band10,-12,20250618::index=2.2380,3,2.380025286,207.54401568391353
fixed15_band10,-12,20250618::index=2.2380,14,2.380025286,207.02096841867402
fixed15_band10,-12,20250618::index=2.2380,21,2.380025286,207.02096841867402
fixed15_band10,-12,20250618::index=2.2380,23,2.380025286,206.86455178212762
fixed15_band10,-12,20250618::index=2.2380,29,2.380025286,207.02096841867402
fixed15_band10,-12,20250618::index=2.2380,36,2.380025286,205.90246887417484
fixed15_band10,-12,20250618::index=2.2380,37,2.380025286,208.54038204253575
fixed15_band10,-12,20250618::index=2.2380,44,2.380025286,244.32828077327142
fixed15_band10,-12,20250618::index=2.2380,47,2.380025286,205.20561787796026
fixed15_band10,-12,20250618::index=2.2380,48,2.380025286,207.462974624863
fixed15_band10,-12,20250618::index=2.2380,54,2.380025286,207.02096841867402
fixed15_band10,-12,20250618::index=2.2380,55,2.380025286,205.64762408414924
fixed15_band10,-12,20250618::index=2.2380,59,2.380025286,206.27250838130234
fixed15_band10,-12,20250611::index=9.2.67E+05,3,266.90769650000004,311.7756571806998
fixed15_band10,-12,20250611::index=9.2.67E+05,6,266.90769650000004,284.6781939416506
fixed15_band10,-12,20250611::index=9.2.67E+05,7,266.90769650000004,285.55095151343204
fixed15_band10,-12,20250611::index=9.2.67E+05,15,266.90769650000004,203.89708699872318
fixed15_band10,-12,20250611::index=9.2.67E+05,18,266.90769650000004,297.4528279142336
fixed15_band10,-12,20250611::index=9.2.67E+05,21,266.90769650000004,204.64554703609488
fixed15_band10,-12,20250611::index=9.2.67E+05,26,266.90769650000004,280.82184163339633
fixed15_band10,-12,20250611::index=9.2.67E+05,27,266.90769650000004,206.27250838130234
fixed15_band10,-12,20250611::index=9.2.67E+05,29,266.90769650000004,290.12149536870703
fixed15_band10,-12,20250611::index=9.2.67E+05,30,266.90769650000004,289.1300630401871
fixed15_band10,-12,20250611::index=9.2.67E+05,31,266.90769650000004,270.2584266650581
fixed15_band10,-12,20250611::index=9.2.67E+05,41,266.90769650000004,238.1423698939112
fixed15_band10,-12,20250611::index=9.2.67E+05,45,266.90769650000004,207.02096841867402
fixed15_band10,-12,20250611::index=9.2.67E+05,51,266.90769650000004,276.6217300867434
fixed15_band10,-12,20250611::index=9.2.67E+05,53,266.90769650000004,285.55095151343204
fixed15_band10,-12,20250618::index=9.271677,3,271.6776816,245.22716814774108
fixed15_band10,-12,20250618::index=9.271677,6,271.6776816,235.3058535177633
fixed15_band10,-12,20250618::index=9.271677,7,271.6776816,207.02096841867402
fixed15_band10,-12,20250618::index=9.271677,15,271.6776816,280.7221796642334
fixed15_band10,-12,20250618::index=9.271677,18,271.6776816,246.67247918132733
fixed15_band10,-12,20250618::index=9.271677,21,271.6776816,248.4601382087659
fixed15_band10,-12,20250618::index=9.271677,26,271.6776816,207.02096841867402
fixed15_band10,-12,20250618::index=9.271677,27,271.6776816,207.7178194148886
fixed15_band10,-12,20250618::index=9.271677,29,271.6776816,206.86455178212762
fixed15_band10,-12,20250618::index=9.271677,30,271.6776816,203.89708699872318
fixed15_band10,-12,20250618::index=9.271677,31,271.6776816,205.20561787796026
fixed15_band10,-12,20250618::index=9.271677,41,271.6776816,233.99089864013476
fixed15_band10,-12,20250618::index=9.271677,45,271.6776816,285.0543419184985
fixed15_band10,-12,20250618::index=9.271677,51,271.6776816,207.02096841867402
fixed15_band10,-12,20250618::index=9.271677,53,271.6776816,205.20561787796026
fixed15_band10,-12,20250611::index=10.3.15E+05,2,315.4661173,291.5779899257309
fixed15_band10,-12,20250611::index=10.3.15E+05,4,315.4661173,266.6980009188095
fixed15_band10,-12,20250611::index=10.3.15E+05,10,315.4661173,327.6089665650545
fixed15_band10,-12,20250611::index=10.3.15E+05,18,315.4661173,266.6980009188095
fixed15_band10,-12,20250611::index=10.3.15E+05,21,315.4661173,205.20561787796026
fixed15_band10,-12,20250611::index=10.3.15E+05,27,315.4661173,289.4239897586644
fixed15_band10,-12,20250611::index=10.3.15E+05,29,315.4661173,280.2975439456956
fixed15_band10,-12,20250611::index=10.3.15E+05,31,315.4661173,290.3657494092786
fixed15_band10,-12,20250611::index=10.3.15E+05,40,315.4661173,312.25199629871094
fixed15_band10,-12,20250611::index=10.3.15E+05,45,315.4661173,340.07904851404214
fixed15_band10,-12,20250611::index=10.3.15E+05,47,315.4661173,322.04485151045503
fixed15_band10,-12,20250611::index=10.3.15E+05,48,315.4661173,306.236002355564
fixed15_band10,-12,20250611::index=10.3.15E+05,50,315.4661173,343.09409288553763
fixed15_band10,-12,20250611::index=10.3.15E+05,53,315.4661173,245.77146162770865
fixed15_band10,-12,20250611::index=10.3.15E+05,55,315.4661173,304.085655936164
fixed15_band10,-12,20250618::index=10.322114,2,322.1142428,341.3696077958384
fixed15_band10,-12,20250618::index=10.322114,4,322.1142428,284.30498927804155
fixed15_band10,-12,20250618::index=10.322114,10,322.1142428,280.45526190355633
fixed15_band10,-12,20250618::index=10.322114,18,322.1142428,326.18156441506335
fixed15_band10,-12,20250618::index=10.322114,21,322.1142428,278.3571968072204
fixed15_band10,-12,20250618::index=10.322114,27,322.1142428,246.67247918132733
fixed15_band10,-12,20250618::index=10.322114,29,322.1142428,207.02096841867402
fixed15_band10,-12,20250618::index=10.322114,31,322.1142428,245.22716814774108
fixed15_band10,-12,20250618::index=10.322114,40,322.1142428,207.30655798831657
fixed15_band10,-12,20250618::index=10.322114,45,322.1142428,245.55557820997763
fixed15_band10,-12,20250618::index=10.322114,47,322.1142428,206.86455178212762
fixed15_band10,-12,20250618::index=10.322114,48,322.1142428,246.67247918132733
fixed15_band10,-12,20250618::index=10.322114,50,322.1142428,206.27250838130234
fixed15_band10,-12,20250618::index=10.322114,53,322.1142428,205.20561787796026
fixed15_band10,-12,20250618::index=10.322114,55,322.1142428,207.7178194148886
fixed15_band10,-12,20250611::index=11.3.69E+05,1,368.97810499999997,368.4438283463382
fixed15_band10,-12,20250611::index=11.3.69E+05,5,368.97810499999997,404.85422924011436
fixed15_band10,-12,20250611::index=11.3.69E+05,15,368.97810499999997,372.49546306676785
fixed15_band10,-12,20250611::index=11.3.69E+05,17,368.97810499999997,364.9648283693587
fixed15_band10,-12,20250611::index=11.3.69E+05,20,368.97810499999997,378.89640968929814
fixed15_band10,-12,20250611::index=11.3.69E+05,31,368.97810499999997,395.4844232766258
fixed15_band10,-12,20250611::index=11.3.69E+05,37,368.97810499999997,404.87641643040774
fixed15_band10,-12,20250611::index=11.3.69E+05,44,368.97810499999997,344.45113964755745
fixed15_band10,-12,20250611::index=11.3.69E+05,45,368.97810499999997,353.37884242409666
fixed15_band10,-12,20250611::index=11.3.69E+05,49,368.97810499999997,357.43107727016576
fixed15_band10,-12,20250611::index=11.3.69E+05,50,368.97810499999997,314.3551534445122
fixed15_band10,-12,20250611::index=11.3.69E+05,53,368.97810499999997,426.52299574460307
fixed15_band10,-12,20250611::index=11.3.69E+05,54,368.97810499999997,352.71364985089
fixed15_band10,-12,20250611::index=11.3.69E+05,55,368.97810499999997,363.77894998125146
fixed15_band10,-12,20250611::index=11.3.69E+05,58,368.97810499999997,353.37634530361595
fixed15_band10,-12,20250618::index=11.376320,1,376.3201201,382.2914048593905
fixed15_band10,-12,20250618::index=11.376320,5,376.3201201,366.55430990160977
fixed15_band10,-12,20250618::index=11.376320,15,376.3201201,284.636684703755
fixed15_band10,-12,20250618::index=11.376320,17,376.3201201,370.6899229463017
fixed15_band10,-12,20250618::index=11.376320,20,376.3201201,353.89925136572793
fixed15_band10,-12,20250618::index=11.376320,31,376.3201201,239.3319719683958
fixed15_band10,-12,20250618::index=11.376320,37,376.3201201,281.17111293269915
fixed15_band10,-12,20250618::index=11.376320,44,376.3201201,352.8287586971019
fixed15_band10,-12,20250618::index=11.376320,45,376.3201201,381.19038808716914
fixed15_band10,-12,20250618::index=11.376320,49,376.3201201,353.7185674698779
fixed15_band10,-12,20250618::index=11.376320,50,376.3201201,310.4694166660917
fixed15_band10,-12,20250618::index=11.376320,53,376.3201201,370.0310113997027
fixed15_band10,-12,20250618::index=11.376320,54,376.3201201,339.87938603864177
fixed15_band10,-12,20250618::index=11.376320,55,376.3201201,390.3148479980107
fixed15_band10,-12,20250618::index=11.376320,58,376.3201201,352.8287586971019
fixed15_band10,-12,20250611::index=12.4.27E+05,3,427.27619500000003,447.24720064101433
fixed15_band10,-12,20250611::index=12.4.27E+05,9,427.27619500000003,428.86123648758485
fixed15_band10,-12,20250611::index=12.4.27E+05,13,427.27619500000003,446.9056218904667
fixed15_band10,-12,20250611::index=12.4.27E+05,15,427.27619500000003,465.93001819727044
fixed15_band10,-12,20250611::index=12.4.27E+05,17,427.27619500000003,435.6967778712665
fixed15_band10,-12,20250611::index=12.4.27E+05,22,427.27619500000003,479.20558818099056
fixed15_band10,-12,20250611::index=12.4.27E+05,28,427.27619500000003,430.0820990175295
fixed15_band10,-12,20250611::index=12.4.27E+05,30,427.27619500000003,427.15113551239375
fixed15_band10,-12,20250611::index=12.4.27E+05,39,427.27619500000003,429.42058337379405
fixed15_band10,-12,20250611::index=12.4.27E+05,42,427.27619500000003,454.75423772347546
fixed15_band10,-12,20250611::index=12.4.27E+05,44,427.27619500000003,445.44542930347893
fixed15_band10,-12,20250611::index=12.4.27E+05,46,427.27619500000003,470.6331827270052
fixed15_band10,-12,20250611::index=12.4.27E+05,47,427.27619500000003,456.3624349604302
fixed15_band10,-12,20250611::index=12.4.27E+05,54,427.27619500000003,436.66804930635834
fixed15_band10,-12,20250611::index=12.4.27E+05,57,427.27619500000003,465.8821240313771
fixed15_band10,-12,20250618::index=12.434018,3,434.0180833,361.9541434448558
fixed15_band10,-12,20250618::index=12.434018,9,434.0180833,405.73503046187744
fixed15_band10,-12,20250618::index=12.434018,13,434.0180833,480.7760636815978
fixed15_band10,-12,20250618::index=12.434018,15,434.0180833,392.9931249095031
fixed15_band10,-12,20250618::index=12.434018,17,434.0180833,379.0650934494807
fixed15_band10,-12,20250618::index=12.434018,22,434.0180833,380.64234670649535
fixed15_band10,-12,20250618::index=12.434018,28,434.0180833,402.49427391829016
fixed15_band10,-12,20250618::index=12.434018,30,434.0180833,445.79240874461027
fixed15_band10,-12,20250618::index=12.434018,39,434.0180833,378.18705501258796
fixed15_band10,-12,20250618::index=12.434018,42,434.0180833,380.8591447303613
fixed15_band10,-12,20250618::index=12.434018,44,434.0180833,369.4468611986266
fixed15_band10,-12,20250618::index=12.434018,46,434.0180833,414.50406475598913
fixed15_band10,-12,20250618::index=12.434018,47,434.0180833,465.4355128334702
fixed15_band10,-12,20250618::index=12.434018,54,434.0180833,464.685399858714
fixed15_band10,-12,20250618::index=12.434018,57,434.0180833,438.9612011000453
fixed15_band10,-12,20250611::index=13.4.89E+05,3,489.45399810000004,549.9468062217536
fixed15_band10,-12,20250611::index=13.4.89E+05,7,489.45399810000004,456.5035381026321
fixed15_band10,-12,20250611::index=13.4.89E+05,12,489.45399810000004,491.67273455025844
fixed15_band10,-12,20250611::index=13.4.89E+05,13,489.45399810000004,479.4474089656737
fixed15_band10,-12,20250611::index=13.4.89E+05,14,489.45399810000004,496.5417745086915
fixed15_band10,-12,20250611::index=13.4.89E+05,20,489.45399810000004,499.20713866739936
fixed15_band10,-12,20250611::index=13.4.89E+05,34,489.45399810000004,488.0554654326531
fixed15_band10,-12,20250611::index=13.4.89E+05,39,489.45399810000004,478.9245806986207
fixed15_band10,-12,20250611::index=13.4.89E+05,42,489.45399810000004,453.830843179025
fixed15_band10,-12,20250611::index=13.4.89E+05,44,489.45399810000004,496.8608439668049
fixed15_band10,-12,20250611::index=13.4.89E+05,48,489.45399810000004,490.01834688362976
fixed15_band10,-12,20250611::index=13.4.89E+05,51,489.45399810000004,487.2966268117871
fixed15_band10,-12,20250611::index=13.4.89E+05,53,489.45399810000004,486.9769684757414
fixed15_band10,-12,20250611::index=13.4.89E+05,54,489.45399810000004,494.878809723353
fixed15_band10,-12,20250611::index=13.4.89E+05,59,489.45399810000004,476.5038872354458
fixed15_band10,-12,20250618::index=13.496023,3,496.0233525,505.6180302364951
fixed15_band10,-12,20250618::index=13.496023,7,496.0233525,515.1708056340351
fixed15_band10,-12,20250618::index=13.496023,12,496.0233525,463.6403539638617
fixed15_band10,-12,20250618::index=13.496023,13,496.0233525,505.6180302364951
fixed15_band10,-12,20250618::index=13.496023,14,496.0233525,517.7243053327621
fixed15_band10,-12,20250618::index=13.496023,20,496.0233525,482.56285885370744
fixed15_band10,-12,20250618::index=13.496023,34,496.0233525,472.3166248647868
fixed15_band10,-12,20250618::index=13.496023,39,496.0233525,476.52184057775537
fixed15_band10,-12,20250618::index=13.496023,42,496.0233525,438.4519515538314
fixed15_band10,-12,20250618::index=13.496023,44,496.0233525,487.28045004612267
fixed15_band10,-12,20250618::index=13.496023,48,496.0233525,459.25780142426055
fixed15_band10,-12,20250618::index=13.496023,51,496.0233525,462.14395153614134
fixed15_band10,-12,20250618::index=13.496023,53,496.0233525,458.73227584415235
fixed15_band10,-12,20250618::index=13.496023,54,496.0233525,520.4024912609312
fixed15_band10,-12,20250618::index=13.496023,59,496.0233525,503.9513365705908
fixed15_band10,-12,20250611::index=14.5.54E+05,8,554.1963218000001,557.038066749613
fixed15_band10,-12,20250611::index=14.5.54E+05,9,554.1963218000001,546.273124388796
fixed15_band10,-12,20250611::index=14.5.54E+05,10,554.1963218000001,549.499587314905
fixed15_band10,-12,20250611::index=14.5.54E+05,14,554.1963218000001,558.0061746435252
fixed15_band10,-12,20250611::index=14.5.54E+05,29,554.1963218000001,544.4558375282768
fixed15_band10,-12,20250611::index=14.5.54E+05,30,554.1963218000001,502.0987017925947
fixed15_band10,-12,20250611::index=14.5.54E+05,33,554.1963218000001,610.7787914529882
fixed15_band10,-12,20250611::index=14.5.54E+05,36,554.1963218000001,558.945929031646
fixed15_band10,-12,20250611::index=14.5.54E+05,43,554.1963218000001,552.839804344101
fixed15_band10,-12,20250611::index=14.5.54E+05,48,554.1963218000001,532.4107906840622
fixed15_band10,-12,20250611::index=14.5.54E+05,50,554.1963218000001,546.0370746511135
fixed15_band10,-12,20250611::index=14.5.54E+05,51,554.1963218000001,577.2521189990749
fixed15_band10,-12,20250611::index=14.5.54E+05,54,554.1963218000001,553.9670184422071
fixed15_band10,-12,20250611::index=14.5.54E+05,57,554.1963218000001,562.8913742841215
fixed15_band10,-12,20250611::index=14.5.54E+05,58,554.1963218000001,512.9397110411641
fixed15_band10,-12,20250618::index=14.562158,8,562.1587854,542.5431698864669
fixed15_band10,-12,20250618::index=14.562158,9,562.1587854,574.6488193656434
fixed15_band10,-12,20250618::index=14.562158,10,562.1587854,558.6329993012483
fixed15_band10,-12,20250618::index=14.562158,14,562.1587854,576.6052797653272
fixed15_band10,-12,20250618::index=14.562158,29,562.1587854,563.8436744403075
fixed15_band10,-12,20250618::index=14.562158,30,562.1587854,552.8991955286225
fixed15_band10,-12,20250618::index=14.562158,33,562.1587854,558.8510769153932
fixed15_band10,-12,20250618::index=14.562158,36,562.1587854,574.6488193656434
fixed15_band10,-12,20250618::index=14.562158,43,562.1587854,574.6488193656434
fixed15_band10,-12,20250618::index=14.562158,48,562.1587854,511.8468224132808
fixed15_band10,-12,20250618::index=14.562158,50,562.1587854,562.8131515336305
fixed15_band10,-12,20250618::index=14.562158,51,562.1587854,561.3301310561959
fixed15_band10,-12,20250618::index=14.562158,54,562.1587854,538.5798628646598
fixed15_band10,-12,20250618::index=14.562158,57,562.1587854,562.5316031684705
fixed15_band10,-12,20250618::index=14.562158,58,562.1587854,569.0872452962809
fixed15_band10,-12,20250611::index=4.5.76E+04,2,57.59331665,207.54401568391353
fixed15_band10,-12,20250611::index=4.5.76E+04,3,57.59331665,178.4041311263782
fixed15_band10,-12,20250611::index=4.5.76E+04,6,57.59331665,188.64991500127817
fixed15_band10,-12,20250611::index=4.5.76E+04,11,57.59331665,207.02096841867402
fixed15_band10,-12,20250611::index=4.5.76E+04,13,57.59331665,139.34617476312945
fixed15_band10,-12,20250611::index=4.5.76E+04,15,57.59331665,207.02096841867402
fixed15_band10,-12,20250611::index=4.5.76E+04,18,57.59331665,203.6901249581937
fixed15_band10,-12,20250611::index=4.5.76E+04,33,57.59331665,213.5207710858075
fixed15_band10,-12,20250611::index=4.5.76E+04,38,57.59331665,209.03681173320425
fixed15_band10,-12,20250611::index=4.5.76E+04,41,57.59331665,202.47391671283123
fixed15_band10,-12,20250611::index=4.5.76E+04,42,57.59331665,206.85793847417366
fixed15_band10,-12,20250611::index=4.5.76E+04,44,57.59331665,207.7252853057224
fixed15_band10,-12,20250611::index=4.5.76E+04,46,57.59331665,200.34974257731858
fixed15_band10,-12,20250611::index=4.5.76E+04,54,57.59331665,209.21808135501308
fixed15_band10,-12,20250611::index=4.5.76E+04,55,57.59331665,208.54038204253575
fixed15_band10,-12,20250618::index=4.58389,2,58.38985471,205.20561787796026
fixed15_band10,-12,20250618::index=4.58389,3,58.38985471,206.27250838130234
fixed15_band10,-12,20250618::index=4.58389,6,58.38985471,205.90246887417484
fixed15_band10,-12,20250618::index=4.58389,11,58.38985471,206.27250838130234
fixed15_band10,-12,20250618::index=4.58389,13,58.38985471,207.7178194148886
fixed15_band10,-12,20250618::index=4.58389,15,58.38985471,207.30655798831657
fixed15_band10,-12,20250618::index=4.58389,18,58.38985471,207.7178194148886
fixed15_band10,-12,20250618::index=4.58389,33,58.38985471,204.4571578405886
fixed15_band10,-12,20250618::index=4.58389,38,58.38985471,205.20561787796026
fixed15_band10,-12,20250618::index=4.58389,41,58.38985471,206.27250838130234
fixed15_band10,-12,20250618::index=4.58389,42,58.38985471,205.64762408414924
fixed15_band10,-12,20250618::index=4.58389,44,58.38985471,203.89708699872318
fixed15_band10,-12,20250618::index=4.58389,46,58.38985471,205.90246887417484
fixed15_band10,-12,20250618::index=4.58389,54,58.38985471,207.02096841867402
fixed15_band10,-12,20250618::index=4.58389,55,58.38985471,207.7178194148886
fixed15_band10,-12,20250611::index=15.6.24E+05,3,624.4425514,654.8191203666141
fixed15_band10,-12,20250611::index=15.6.24E+05,4,624.4425514,616.1819832317118
fixed15_band10,-12,20250611::index=15.6.24E+05,11,624.4425514,643.9415543505481
fixed15_band10,-12,20250611::index=15.6.24E+05,13,624.4425514,584.3346959954813
fixed15_band10,-12,20250611::index=15.6.24E+05,14,624.4425514,634.8024833374815
fixed15_band10,-12,20250611::index=15.6.24E+05,18,624.4425514,612.1644289180242
fixed15_band10,-12,20250611::index=15.6.24E+05,19,624.4425514,615.2402213714026
fixed15_band10,-12,20250611::index=15.6.24E+05,27,624.4425514,602.9988038020208
fixed15_band10,-12,20250611::index=15.6.24E+05,39,624.4425514,647.5509891035001
fixed15_band10,-12,20250611::index=15.6.24E+05,43,624.4425514,643.3232958567212
fixed15_band10,-12,20250611::index=15.6.24E+05,46,624.4425514,618.0288227044593
fixed15_band10,-12,20250611::index=15.6.24E+05,51,624.4425514,626.0261546487786
fixed15_band10,-12,20250611::index=15.6.24E+05,55,624.4425514,639.3624634265934
fixed15_band10,-12,20250611::index=15.6.24E+05,57,624.4425514,606.0929546243623
fixed15_band10,-12,20250611::index=15.6.24E+05,58,624.4425514,616.3305468182899
fixed15_band10,-12,20250618::index=15.633482,3,633.482536,656.355466064384
fixed15_band10,-12,20250618::index=15.633482,4,633.482536,638.1384447525228
fixed15_band10,-12,20250618::index=15.633482,11,633.482536,640.0599663353246
fixed15_band10,-12,20250618::index=15.633482,13,633.482536,588.030706409371
fixed15_band10,-12,20250618::index=15.633482,14,633.482536,646.9818530429765
fixed15_band10,-12,20250618::index=15.633482,18,633.482536,603.614433536529
fixed15_band10,-12,20250618::index=15.633482,19,633.482536,639.2426439666293
fixed15_band10,-12,20250618::index=15.633482,27,633.482536,596.6180680482425
fixed15_band10,-12,20250618::index=15.633482,39,633.482536,587.7157311572441
fixed15_band10,-12,20250618::index=15.633482,43,633.482536,648.9793374893097
fixed15_band10,-12,20250618::index=15.633482,46,633.482536,681.8658306680433
fixed15_band10,-12,20250618::index=15.633482,51,633.482536,685.2658839154818
fixed15_band10,-12,20250618::index=15.633482,55,633.482536,590.7487198333607
fixed15_band10,-12,20250618::index=15.633482,57,633.482536,630.6691523202092
fixed15_band10,-12,20250618::index=15.633482,58,633.482536,656.6541525568873
fixed15_band10,-12,20250611::index=16.6.98E+05,2,698.421296,683.3533855114258
fixed15_band10,-12,20250611::index=16.6.98E+05,6,698.421296,758.7033951517213
fixed15_band10,-12,20250611::index=16.6.98E+05,9,698.421296,663.7853698268183
fixed15_band10,-12,20250611::index=16.6.98E+05,10,698.421296,699.7767442758299
fixed15_band10,-12,20250611::index=16.6.98E+05,13,698.421296,691.0444715618377
fixed15_band10,-12,20250611::index=16.6.98E+05,17,698.421296,687.951982131458
fixed15_band10,-12,20250611::index=16.6.98E+05,35,698.421296,676.2462507520584
fixed15_band10,-12,20250611::index=16.6.98E+05,37,698.421296,718.8228232584596
fixed15_band10,-12,20250611::index=16.6.98E+05,39,698.421296,667.1167087800962
fixed15_band10,-12,20250611::index=16.6.98E+05,40,698.421296,715.2601272793925
fixed15_band10,-12,20250611::index=16.6.98E+05,46,698.421296,766.9623645183573
fixed15_band10,-12,20250611::index=16.6.98E+05,47,698.421296,710.2178838567245
fixed15_band10,-12,20250611::index=16.6.98E+05,52,698.421296,747.4960841954521
fixed15_band10,-12,20250611::index=16.6.98E+05,55,698.421296,671.9813250598332
fixed15_band10,-12,20250611::index=16.6.98E+05,57,698.421296,694.9124548871504
fixed15_band10,-12,20250618::index=16.709792,2,709.7927143,704.4506120641291
fixed15_band10,-12,20250618::index=16.709792,6,709.7927143,732.7066379742998
fixed15_band10,-12,20250618::index=16.709792,9,709.7927143,679.1569781010097
fixed15_band10,-12,20250618::index=16.709792,10,709.7927143,761.833860680077
fixed15_band10,-12,20250618::index=16.709792,13,709.7927143,713.1432231820987
fixed15_band10,-12,20250618::index=16.709792,17,709.7927143,713.3561693340253
fixed15_band10,-12,20250618::index=16.709792,35,709.7927143,687.4463032434626
fixed15_band10,-12,20250618::index=16.709792,37,709.7927143,723.3273666765272
fixed15_band10,-12,20250618::index=16.709792,39,709.7927143,703.4515303682509
fixed15_band10,-12,20250618::index=16.709792,40,709.7927143,775.7299639136455
fixed15_band10,-12,20250618::index=16.709792,46,709.7927143,803.6916077583985
fixed15_band10,-12,20250618::index=16.709792,47,709.7927143,751.071199348214
fixed15_band10,-12,20250618::index=16.709792,52,709.7927143,719.8033841497946
fixed15_band10,-12,20250618::index=16.709792,55,709.7927143,675.6857127415698
fixed15_band10,-12,20250618::index=16.709792,57,709.7927143,658.7669973713722
fixed15_band10,-12,20250611::index=17.7.77E+05,5,776.6472223000001,752.8184975570201
fixed15_band10,-12,20250611::index=17.7.77E+05,6,776.6472223000001,773.9048879979233
fixed15_band10,-12,20250611::index=17.7.77E+05,7,776.6472223000001,812.7437111488434
fixed15_band10,-12,20250611::index=17.7.77E+05,8,776.6472223000001,782.3852592925568
fixed15_band10,-12,20250611::index=17.7.77E+05,10,776.6472223000001,779.6751427882508
fixed15_band10,-12,20250611::index=17.7.77E+05,14,776.6472223000001,804.9694373998121
fixed15_band10,-12,20250611::index=17.7.77E+05,19,776.6472223000001,830.7640516726184
fixed15_band10,-12,20250611::index=17.7.77E+05,24,776.6472223000001,789.5769313997748
fixed15_band10,-12,20250611::index=17.7.77E+05,26,776.6472223000001,746.4683867061104
fixed15_band10,-12,20250611::index=17.7.77E+05,31,776.6472223000001,769.6128194261605
fixed15_band10,-12,20250611::index=17.7.77E+05,41,776.6472223000001,783.6855272414871
fixed15_band10,-12,20250611::index=17.7.77E+05,52,776.6472223000001,779.1212863592899
fixed15_band10,-12,20250611::index=17.7.77E+05,53,776.6472223000001,785.0820958635593
fixed15_band10,-12,20250611::index=17.7.77E+05,54,776.6472223000001,748.452319898318
fixed15_band10,-12,20250611::index=17.7.77E+05,55,776.6472223000001,756.0142441938043
fixed15_band10,-12,20250618::index=17.789500,5,789.5001968,760.3042720883584
fixed15_band10,-12,20250618::index=17.789500,6,789.5001968,844.4353428166766
fixed15_band10,-12,20250618::index=17.789500,7,789.5001968,750.1881648000793
fixed15_band10,-12,20250618::index=17.789500,8,789.5001968,717.9336685404459
fixed15_band10,-12,20250618::index=17.789500,10,789.5001968,774.2262056302985
fixed15_band10,-12,20250618::index=17.789500,14,789.5001968,848.0615632044342
fixed15_band10,-12,20250618::index=17.789500,19,789.5001968,825.515828120615
fixed15_band10,-12,20250618::index=17.789500,24,789.5001968,766.3347521858796
fixed15_band10,-12,20250618::index=17.789500,26,789.5001968,856.2723705185997
fixed15_band10,-12,20250618::index=17.789500,31,789.5001968,796.769390692462
fixed15_band10,-12,20250618::index=17.789500,41,789.5001968,755.0841124803942
fixed15_band10,-12,20250618::index=17.789500,52,789.5001968,743.0408092372132
fixed15_band10,-12,20250618::index=17.789500,53,789.5001968,762.2637743399349
fixed15_band10,-12,20250618::index=17.789500,54,789.5001968,799.5080298858168
fixed15_band10,-12,20250618::index=17.789500,55,789.5001968,792.4118784130916
fixed15_band10,-12,20250611::index=18.8.59E+05,0,859.3439142,860.0431911785228
fixed15_band10,-12,20250611::index=18.8.59E+05,5,859.3439142,800.2321321916736
fixed15_band10,-12,20250611::index=18.8.59E+05,14,859.3439142,851.5817541716158
fixed15_band10,-12,20250611::index=18.8.59E+05,18,859.3439142,808.1818551904388
fixed15_band10,-12,20250611::index=18.8.59E+05,19,859.3439142,860.21515129927
fixed15_band10,-12,20250611::index=18.8.59E+05,21,859.3439142,853.9099473789737
fixed15_band10,-12,20250611::index=18.8.59E+05,26,859.3439142,858.6651192807395
fixed15_band10,-12,20250611::index=18.8.59E+05,27,859.3439142,855.3723373866519
fixed15_band10,-12,20250611::index=18.8.59E+05,32,859.3439142,857.0768076032853
fixed15_band10,-12,20250611::index=18.8.59E+05,36,859.3439142,863.7102334815795
fixed15_band10,-12,20250611::index=18.8.59E+05,43,859.3439142,785.8016135989418
fixed15_band10,-12,20250611::index=18.8.59E+05,53,859.3439142,854.5979259397747
fixed15_band10,-12,20250611::index=18.8.59E+05,54,859.3439142,850.9138502864208
fixed15_band10,-12,20250611::index=18.8.59E+05,56,859.3439142,862.6249854417993
fixed15_band10,-12,20250611::index=18.8.59E+05,57,859.3439142,846.840527642523
fixed15_band10,-12,20250618::index=18.873637,0,873.6370359,867.8590761029128
fixed15_band10,-12,20250618::index=18.873637,5,873.6370359,866.8536249039718
fixed15_band10,-12,20250618::index=18.873637,14,873.6370359,862.6059295801072
fixed15_band10,-12,20250618::index=18.873637,18,873.6370359,857.5412895946699
fixed15_band10,-12,20250618::index=18.873637,19,873.6370359,862.0309664980225
fixed15_band10,-12,20250618::index=18.873637,21,873.6370359,842.6824302245718
fixed15_band10,-12,20250618::index=18.873637,26,873.6370359,872.1630942121595
fixed15_band10,-12,20250618::index=18.873637,27,873.6370359,861.4751816711974
fixed15_band10,-12,20250618::index=18.873637,32,873.6370359,848.3900333816491
fixed15_band10,-12,20250618::index=18.873637,36,873.6370359,842.9957980675981
fixed15_band10,-12,20250618::index=18.873637,43,873.6370359,858.4461405187166
fixed15_band10,-12,20250618::index=18.873637,53,873.6370359,861.7800886544219
fixed15_band10,-12,20250618::index=18.873637,54,873.6370359,832.3419173851288
fixed15_band10,-12,20250618::index=18.873637,56,873.6370359,843.1995168412692
fixed15_band10,-12,20250618::index=18.873637,57,873.6370359,862.3179909201284
fixed15_frequency34,-12,20250618::index=1.0,0,-1.42e-09,132.1965045209
fixed15_frequency34,-12,20250618::index=1.0,3,-1.42e-09,136.26141370205937
fixed15_frequency34,-12,20250618::index=1.0,5,-1.42e-09,161.1222111844215
fixed15_frequency34,-12,20250618::index=1.0,12,-1.42e-09,152.02832338400867
fixed15_frequency34,-12,20250618::index=1.0,13,-1.42e-09,166.1698833358602
fixed15_frequency34,-12,20250618::index=1.0,31,-1.42e-09,127.16815857196097
fixed15_frequency34,-12,20250618::index=1.0,33,-1.42e-09,138.7795677875939
fixed15_frequency34,-12,20250618::index=1.0,36,-1.42e-09,187.98895717433712
fixed15_frequency34,-12,20250618::index=1.0,45,-1.42e-09,155.10753656838173
fixed15_frequency34,-12,20250618::index=1.0,46,-1.42e-09,162.45663737290977
fixed15_frequency34,-12,20250618::index=1.0,48,-1.42e-09,181.68824408964858
fixed15_frequency34,-12,20250618::index=1.0,50,-1.42e-09,130.46615191964688
fixed15_frequency34,-12,20250618::index=1.0,52,-1.42e-09,177.77053117947298
fixed15_frequency34,-12,20250618::index=1.0,54,-1.42e-09,132.2857368708291
fixed15_frequency34,-12,20250618::index=1.0,57,-1.42e-09,182.37320449431547
fixed15_frequency34,-12,20250611::index=1.3.28E-04,0,3.28047e-07,126.73600392610591
fixed15_frequency34,-12,20250611::index=1.3.28E-04,3,3.28047e-07,123.12353998452494
fixed15_frequency34,-12,20250611::index=1.3.28E-04,5,3.28047e-07,129.57468774743134
fixed15_frequency34,-12,20250611::index=1.3.28E-04,12,3.28047e-07,145.21508754181917
fixed15_frequency34,-12,20250611::index=1.3.28E-04,13,3.28047e-07,130.9232053463707
fixed15_frequency34,-12,20250611::index=1.3.28E-04,31,3.28047e-07,123.85781851651265
fixed15_frequency34,-12,20250611::index=1.3.28E-04,33,3.28047e-07,136.79339015282528
fixed15_frequency34,-12,20250611::index=1.3.28E-04,36,3.28047e-07,153.27705405230054
fixed15_frequency34,-12,20250611::index=1.3.28E-04,45,3.28047e-07,141.92872255387945
fixed15_frequency34,-12,20250611::index=1.3.28E-04,46,3.28047e-07,132.23758455554457
fixed15_frequency34,-12,20250611::index=1.3.28E-04,48,3.28047e-07,130.3042412344036
fixed15_frequency34,-12,20250611::index=1.3.28E-04,50,3.28047e-07,123.54001644796922
fixed15_frequency34,-12,20250611::index=1.3.28E-04,52,3.28047e-07,124.60990726411364
fixed15_frequency34,-12,20250611::index=1.3.28E-04,54,3.28047e-07,130.59819841469695
fixed15_frequency34,-12,20250611::index=1.3.28E-04,57,3.28047e-07,130.71130113517304
fixed15_frequency34,-12,20250611::index=5.1.11E+05,17,111.2647017,121.0144369973741
fixed15_frequency34,-12,20250611::index=5.1.11E+05,19,111.2647017,127.15775186401906
fixed15_frequency34,-12,20250611::index=5.1.11E+05,21,111.2647017,124.84361884835587
fixed15_frequency34,-12,20250611::index=5.1.11E+05,23,111.2647017,122.6823367292165
fixed15_frequency34,-12,20250611::index=5.1.11E+05,28,111.2647017,129.92620617440033
fixed15_frequency34,-12,20250611::index=5.1.11E+05,34,111.2647017,126.85129345762144
fixed15_frequency34,-12,20250611::index=5.1.11E+05,35,111.2647017,130.6726182938033
fixed15_frequency34,-12,20250611::index=5.1.11E+05,41,111.2647017,134.56234231670837
fixed15_frequency34,-12,20250611::index=5.1.11E+05,46,111.2647017,142.15139770425455
fixed15_frequency34,-12,20250611::index=5.1.11E+05,47,111.2647017,124.69747420541354
fixed15_frequency34,-12,20250611::index=5.1.11E+05,48,111.2647017,143.18915277571656
fixed15_frequency34,-12,20250611::index=5.1.11E+05,51,111.2647017,122.14090598458027
fixed15_frequency34,-12,20250611::index=5.1.11E+05,55,111.2647017,124.92851277813709
fixed15_frequency34,-12,20250611::index=5.1.11E+05,56,111.2647017,131.2205850037777
fixed15_frequency34,-12,20250611::index=5.1.11E+05,58,111.2647017,123.1691358093018
fixed15_frequency34,-12,20250618::index=5.113188,17,113.1882901,136.47723462810163
fixed15_frequency34,-12,20250618::index=5.113188,19,113.1882901,125.78192173268538
fixed15_frequency34,-12,20250618::index=5.113188,21,113.1882901,129.3159739727895
fixed15_frequency34,-12,20250618::index=5.113188,23,113.1882901,127.30318191040377
fixed15_frequency34,-12,20250618::index=5.113188,28,113.1882901,99.64502249138205
fixed15_frequency34,-12,20250618::index=5.113188,34,113.1882901,118.49467752606824
fixed15_frequency34,-12,20250618::index=5.113188,35,113.1882901,157.42436127355
fixed15_frequency34,-12,20250618::index=5.113188,41,113.1882901,121.91769508692413
fixed15_frequency34,-12,20250618::index=5.113188,46,113.1882901,122.12643616480611
fixed15_frequency34,-12,20250618::index=5.113188,47,113.1882901,129.56909952070717
fixed15_frequency34,-12,20250618::index=5.113188,48,113.1882901,147.91617994410217
fixed15_frequency34,-12,20250618::index=5.113188,51,113.1882901,150.63578687093764
fixed15_frequency34,-12,20250618::index=5.113188,55,113.1882901,122.39434191544174
fixed15_frequency34,-12,20250618::index=5.113188,56,113.1882901,136.34838987123004
fixed15_frequency34,-12,20250618::index=5.113188,58,113.1882901,155.08052085768034
fixed15_frequency34,-12,20250611::index=6.1.44E+05,6,144.32426180000002,129.92007578063607
fixed15_frequency34,-12,20250611::index=6.1.44E+05,11,144.32426180000002,127.70364570318104
fixed15_frequency34,-12,20250611::index=6.1.44E+05,13,144.32426180000002,132.82557438367058
fixed15_frequency34,-12,20250611::index=6.1.44E+05,26,144.32426180000002,130.5618261745602
fixed15_frequency34,-12,20250611::index=6.1.44E+05,31,144.32426180000002,126.19814146746585
fixed15_frequency34,-12,20250611::index=6.1.44E+05,34,144.32426180000002,121.90740364920953
fixed15_frequency34,-12,20250611::index=6.1.44E+05,35,144.32426180000002,137.58743647967015
fixed15_frequency34,-12,20250611::index=6.1.44E+05,36,144.32426180000002,136.02672796708876
fixed15_frequency34,-12,20250611::index=6.1.44E+05,38,144.32426180000002,129.38048352161755
fixed15_frequency34,-12,20250611::index=6.1.44E+05,40,144.32426180000002,123.19657743607449
fixed15_frequency34,-12,20250611::index=6.1.44E+05,46,144.32426180000002,131.98207276538864
fixed15_frequency34,-12,20250611::index=6.1.44E+05,47,144.32426180000002,126.16542848195743
fixed15_frequency34,-12,20250611::index=6.1.44E+05,56,144.32426180000002,130.1311875491671
fixed15_frequency34,-12,20250611::index=6.1.44E+05,58,144.32426180000002,125.20813022992708
fixed15_frequency34,-12,20250611::index=6.1.44E+05,59,144.32426180000002,123.27437871327008
fixed15_frequency34,-12,20250618::index=6.146381,6,146.38165049999998,147.10289720304326
fixed15_frequency34,-12,20250618::index=6.146381,11,146.38165049999998,123.92328032282867
fixed15_frequency34,-12,20250618::index=6.146381,13,146.38165049999998,123.9859852694881
fixed15_frequency34,-12,20250618::index=6.146381,26,146.38165049999998,133.12664673029303
fixed15_frequency34,-12,20250618::index=6.146381,31,146.38165049999998,128.8602353976636
fixed15_frequency34,-12,20250618::index=6.146381,34,146.38165049999998,117.80851009280867
fixed15_frequency34,-12,20250618::index=6.146381,35,146.38165049999998,157.34531831866462
fixed15_frequency34,-12,20250618::index=6.146381,36,146.38165049999998,160.8516280961573
fixed15_frequency34,-12,20250618::index=6.146381,38,146.38165049999998,137.20941974068313
fixed15_frequency34,-12,20250618::index=6.146381,40,146.38165049999998,123.92578122206616
fixed15_frequency34,-12,20250618::index=6.146381,46,146.38165049999998,124.00492343835836
fixed15_frequency34,-12,20250618::index=6.146381,47,146.38165049999998,127.90471997601114
fixed15_frequency34,-12,20250618::index=6.146381,56,146.38165049999998,136.9413778766313
fixed15_frequency34,-12,20250618::index=6.146381,58,146.38165049999998,131.020523340295
fixed15_frequency34,-12,20250618::index=6.146381,59,146.38165049999998,118.25996544671389
fixed15_frequency34,-12,20250611::index=7.1.81E+05,4,181.378003,123.26335078167095
fixed15_frequency34,-12,20250611::index=7.1.81E+05,5,181.378003,138.35234803059902
fixed15_frequency34,-12,20250611::index=7.1.81E+05,10,181.378003,124.97905048638236
fixed15_frequency34,-12,20250611::index=7.1.81E+05,15,181.378003,121.90740364920953
fixed15_frequency34,-12,20250611::index=7.1.81E+05,18,181.378003,123.95873645835105
fixed15_frequency34,-12,20250611::index=7.1.81E+05,20,181.378003,130.15526289547554
fixed15_frequency34,-12,20250611::index=7.1.81E+05,26,181.378003,128.22380558620478
fixed15_frequency34,-12,20250611::index=7.1.81E+05,28,181.378003,125.67114381383614
fixed15_frequency34,-12,20250611::index=7.1.81E+05,33,181.378003,160.03063542537123
fixed15_frequency34,-12,20250611::index=7.1.81E+05,37,181.378003,129.39175809032534
fixed15_frequency34,-12,20250611::index=7.1.81E+05,41,181.378003,122.17603867311124
fixed15_frequency34,-12,20250611::index=7.1.81E+05,44,181.378003,124.32937814149787
fixed15_frequency34,-12,20250611::index=7.1.81E+05,56,181.378003,129.5149453086681
fixed15_frequency34,-12,20250611::index=7.1.81E+05,57,181.378003,142.750953437332
fixed15_frequency34,-12,20250611::index=7.1.81E+05,58,181.378003,122.68179087465147
fixed15_frequency34,-12,20250618::index=7.184190,4,184.1909699,152.13848490131474
fixed15_frequency34,-12,20250618::index=7.184190,5,184.1909699,154.60036420039435
fixed15_frequency34,-12,20250618::index=7.184190,10,184.1909699,150.4138667369886
fixed15_frequency34,-12,20250618::index=7.184190,15,184.1909699,153.67975534661483
fixed15_frequency34,-12,20250618::index=7.184190,18,184.1909699,154.21163200449206
fixed15_frequency34,-12,20250618::index=7.184190,20,184.1909699,156.43595817967915
fixed15_frequency34,-12,20250618::index=7.184190,26,184.1909699,141.32922405775466
fixed15_frequency34,-12,20250618::index=7.184190,28,184.1909699,178.92706757367463
fixed15_frequency34,-12,20250618::index=7.184190,33,184.1909699,232.74008960290857
fixed15_frequency34,-12,20250618::index=7.184190,37,184.1909699,142.44825412391972
fixed15_frequency34,-12,20250618::index=7.184190,41,184.1909699,158.61295332396833
fixed15_frequency34,-12,20250618::index=7.184190,44,184.1909699,138.85962254578757
fixed15_frequency34,-12,20250618::index=7.184190,56,184.1909699,159.17941124101418
fixed15_frequency34,-12,20250618::index=7.184190,57,184.1909699,158.1631664842956
fixed15_frequency34,-12,20250618::index=7.184190,58,184.1909699,155.72880247268225
fixed15_frequency34,-12,20250611::index=3.2.10E+04,1,20.97971604,123.3639389033903
fixed15_frequency34,-12,20250611::index=3.2.10E+04,6,20.97971604,125.46838826937145
fixed15_frequency34,-12,20250611::index=3.2.10E+04,11,20.97971604,120.75819199470173
fixed15_frequency34,-12,20250611::index=3.2.10E+04,22,20.97971604,123.27262756730342
fixed15_frequency34,-12,20250611::index=3.2.10E+04,28,20.97971604,123.20005139691953
fixed15_frequency34,-12,20250611::index=3.2.10E+04,33,20.97971604,151.12302716594886
fixed15_frequency34,-12,20250611::index=3.2.10E+04,34,20.97971604,133.1002186378958
fixed15_frequency34,-12,20250611::index=3.2.10E+04,36,20.97971604,147.90067071568623
fixed15_frequency34,-12,20250611::index=3.2.10E+04,41,20.97971604,128.91989273175776
fixed15_frequency34,-12,20250611::index=3.2.10E+04,42,20.97971604,138.80550835290302
fixed15_frequency34,-12,20250611::index=3.2.10E+04,52,20.97971604,91.78142745732939
fixed15_frequency34,-12,20250611::index=3.2.10E+04,54,20.97971604,130.59819841469695
fixed15_frequency34,-12,20250611::index=3.2.10E+04,56,20.97971604,131.77931722092396
fixed15_frequency34,-12,20250611::index=3.2.10E+04,57,20.97971604,130.8259208623027
fixed15_frequency34,-12,20250611::index=3.2.10E+04,59,20.97971604,127.34210586425475
fixed15_frequency34,-12,20250618::index=3.21242,1,21.24286319,152.79985071703817
fixed15_frequency34,-12,20250618::index=3.21242,6,21.24286319,182.22283452509302
fixed15_frequency34,-12,20250618::index=3.21242,11,21.24286319,130.80470147212318
fixed15_frequency34,-12,20250618::index=3.21242,22,21.24286319,153.68221259342104
fixed15_frequency34,-12,20250618::index=3.21242,28,21.24286319,177.736832038624
fixed15_frequency34,-12,20250618::index=3.21242,33,21.24286319,135.4144937662273
fixed15_frequency34,-12,20250618::index=3.21242,34,21.24286319,128.41442910161234
fixed15_frequency34,-12,20250618::index=3.21242,36,21.24286319,179.87368243926397
fixed15_frequency34,-12,20250618::index=3.21242,41,21.24286319,154.82526482986677
fixed15_frequency34,-12,20250618::index=3.21242,42,21.24286319,137.57154661452364
fixed15_frequency34,-12,20250618::index=3.21242,52,21.24286319,155.73845506715082
fixed15_frequency34,-12,20250618::index=3.21242,54,21.24286319,129.99643901223484
fixed15_frequency34,-12,20250618::index=3.21242,56,21.24286319,138.25284343187914
fixed15_frequency34,-12,20250618::index=3.21242,57,21.24286319,156.143118872934
fixed15_frequency34,-12,20250618::index=3.21242,59,21.24286319,128.4703063920383
fixed15_frequency34,-12,20250611::index=8.2.22E+05,0,221.5051102,131.35281855862752
fixed15_frequency34,-12,20250611::index=8.2.22E+05,4,221.5051102,122.73486053749852
fixed15_frequency34,-12,20250611::index=8.2.22E+05,6,221.5051102,121.98215118810548
fixed15_frequency34,-12,20250611::index=8.2.22E+05,9,221.5051102,129.82337485279612
fixed15_frequency34,-12,20250611::index=8.2.22E+05,13,221.5051102,130.00894467472222
fixed15_frequency34,-12,20250611::index=8.2.22E+05,15,221.5051102,123.20399333464609
fixed15_frequency34,-12,20250611::index=8.2.22E+05,17,221.5051102,123.21467441779579
fixed15_frequency34,-12,20250611::index=8.2.22E+05,22,221.5051102,123.86495096290406
fixed15_frequency34,-12,20250611::index=8.2.22E+05,24,221.5051102,127.35210803668522
fixed15_frequency34,-12,20250611::index=8.2.22E+05,28,221.5051102,158.70078596088504
fixed15_frequency34,-12,20250611::index=8.2.22E+05,31,221.5051102,129.2756071908213
fixed15_frequency34,-12,20250611::index=8.2.22E+05,39,221.5051102,151.19076988390793
fixed15_frequency34,-12,20250611::index=8.2.22E+05,40,221.5051102,122.56216629341988
fixed15_frequency34,-12,20250611::index=8.2.22E+05,50,221.5051102,127.38453640196485
fixed15_frequency34,-12,20250611::index=8.2.22E+05,59,221.5051102,121.70964648756025
fixed15_frequency34,-12,20250618::index=8.225704,0,225.70496179999998,132.1965045209
fixed15_frequency34,-12,20250618::index=8.225704,4,225.70496179999998,235.06319240712392
fixed15_frequency34,-12,20250618::index=8.225704,6,225.70496179999998,181.20225128496398
fixed15_frequency34,-12,20250618::index=8.225704,9,225.70496179999998,136.729487343912
fixed15_frequency34,-12,20250618::index=8.225704,13,225.70496179999998,271.86943158122335
fixed15_frequency34,-12,20250618::index=8.225704,15,225.70496179999998,182.19289142280547
fixed15_frequency34,-12,20250618::index=8.225704,17,225.70496179999998,130.19332985043624
fixed15_frequency34,-12,20250618::index=8.225704,22,225.70496179999998,155.36312629554305
fixed15_frequency34,-12,20250618::index=8.225704,24,225.70496179999998,152.5020716290565
fixed15_frequency34,-12,20250618::index=8.225704,28,225.70496179999998,182.01250920285767
fixed15_frequency34,-12,20250618::index=8.225704,31,225.70496179999998,132.46993360914945
fixed15_frequency34,-12,20250618::index=8.225704,39,225.70496179999998,235.14026476029588
fixed15_frequency34,-12,20250618::index=8.225704,40,225.70496179999998,129.43547129846638
fixed15_frequency34,-12,20250618::index=8.225704,50,225.70496179999998,250.55313932074156
fixed15_frequency34,-12,20250618::index=8.225704,59,225.70496179999998,132.0299636641079
fixed15_frequency34,-12,20250611::index=2.2.36E+03,0,2.35533535,126.41595871173682
fixed15_frequency34,-12,20250611::index=2.2.36E+03,2,2.35533535,130.07651878679786
fixed15_frequency34,-12,20250611::index=2.2.36E+03,3,2.35533535,127.60084862426623
fixed15_frequency34,-12,20250611::index=2.2.36E+03,14,2.35533535,124.67880215079823
fixed15_frequency34,-12,20250611::index=2.2.36E+03,21,2.35533535,127.49742808852135
fixed15_frequency34,-12,20250611::index=2.2.36E+03,23,2.35533535,121.98630146403617
fixed15_frequency34,-12,20250611::index=2.2.36E+03,29,2.35533535,121.94180379574834
fixed15_frequency34,-12,20250611::index=2.2.36E+03,36,2.35533535,121.34220538254166
fixed15_frequency34,-12,20250611::index=2.2.36E+03,37,2.35533535,130.5618261745602
fixed15_frequency34,-12,20250611::index=2.2.36E+03,44,2.35533535,127.8290856881212
fixed15_frequency34,-12,20250611::index=2.2.36E+03,47,2.35533535,124.67246904616313
fixed15_frequency34,-12,20250611::index=2.2.36E+03,48,2.35533535,147.6822149985397
fixed15_frequency34,-12,20250611::index=2.2.36E+03,54,2.35533535,143.81775951123998
fixed15_frequency34,-12,20250611::index=2.2.36E+03,55,2.35533535,135.88428242551439
fixed15_frequency34,-12,20250611::index=2.2.36E+03,59,2.35533535,121.2004911950142
fixed15_frequency34,-12,20250618::index=2.2380,0,2.380025286,130.3356199588611
fixed15_frequency34,-12,20250618::index=2.2380,2,2.380025286,137.5875119080176
fixed15_frequency34,-12,20250618::index=2.2380,3,2.380025286,134.4352598878948
fixed15_frequency34,-12,20250618::index=2.2380,14,2.380025286,136.10647650931165
fixed15_frequency34,-12,20250618::index=2.2380,21,2.380025286,129.06352070003322
fixed15_frequency34,-12,20250618::index=2.2380,23,2.380025286,131.35281855862752
fixed15_frequency34,-12,20250618::index=2.2380,29,2.380025286,128.39972944757864
fixed15_frequency34,-12,20250618::index=2.2380,36,2.380025286,181.56931906335333
fixed15_frequency34,-12,20250618::index=2.2380,37,2.380025286,133.0001429963185
fixed15_frequency34,-12,20250618::index=2.2380,44,2.380025286,210.47682273041184
fixed15_frequency34,-12,20250618::index=2.2380,47,2.380025286,129.46082141481028
fixed15_frequency34,-12,20250618::index=2.2380,48,2.380025286,179.80459301434067
fixed15_frequency34,-12,20250618::index=2.2380,54,2.380025286,131.60973711900672
fixed15_frequency34,-12,20250618::index=2.2380,55,2.380025286,159.88658002258683
fixed15_frequency34,-12,20250618::index=2.2380,59,2.380025286,126.73157326728206
fixed15_frequency34,-12,20250611::index=9.2.67E+05,3,266.90769650000004,285.68282773202776
fixed15_frequency34,-12,20250611::index=9.2.67E+05,6,266.90769650000004,271.25027647918046
fixed15_frequency34,-12,20250611::index=9.2.67E+05,7,266.90769650000004,287.7807717041734
fixed15_frequency34,-12,20250611::index=9.2.67E+05,15,266.90769650000004,124.34673942700452
fixed15_frequency34,-12,20250611::index=9.2.67E+05,18,266.90769650000004,278.2182831915584
fixed15_frequency34,-12,20250611::index=9.2.67E+05,21,266.90769650000004,130.71895767845868
fixed15_frequency34,-12,20250611::index=9.2.67E+05,26,266.90769650000004,278.9791406736328
fixed15_frequency34,-12,20250611::index=9.2.67E+05,27,266.90769650000004,121.18827139612738
fixed15_frequency34,-12,20250611::index=9.2.67E+05,29,266.90769650000004,276.8299157411859
fixed15_frequency34,-12,20250611::index=9.2.67E+05,30,266.90769650000004,286.0130127895888
fixed15_frequency34,-12,20250611::index=9.2.67E+05,31,266.90769650000004,264.10558820902094
fixed15_frequency34,-12,20250611::index=9.2.67E+05,41,266.90769650000004,214.63081729583678
fixed15_frequency34,-12,20250611::index=9.2.67E+05,45,266.90769650000004,122.49141130892339
fixed15_frequency34,-12,20250611::index=9.2.67E+05,51,266.90769650000004,271.26460744710164
fixed15_frequency34,-12,20250611::index=9.2.67E+05,53,266.90769650000004,287.00710589359204
fixed15_frequency34,-12,20250618::index=9.271677,3,271.6776816,216.07162094790516
fixed15_frequency34,-12,20250618::index=9.271677,6,271.6776816,233.80805151209552
fixed15_frequency34,-12,20250618::index=9.271677,7,271.6776816,152.71929435590198
fixed15_frequency34,-12,20250618::index=9.271677,15,271.6776816,286.1878868930672
fixed15_frequency34,-12,20250618::index=9.271677,18,271.6776816,238.09978453326778
fixed15_frequency34,-12,20250618::index=9.271677,21,271.6776816,212.00546909735115
fixed15_frequency34,-12,20250618::index=9.271677,26,271.6776816,133.30293547059554
fixed15_frequency34,-12,20250618::index=9.271677,27,271.6776816,183.61436676073188
fixed15_frequency34,-12,20250618::index=9.271677,29,271.6776816,135.13433212222043
fixed15_frequency34,-12,20250618::index=9.271677,30,271.6776816,131.21052845020264
fixed15_frequency34,-12,20250618::index=9.271677,31,271.6776816,126.15095997219456
fixed15_frequency34,-12,20250618::index=9.271677,41,271.6776816,235.5969758916522
fixed15_frequency34,-12,20250618::index=9.271677,45,271.6776816,279.44411573310583
fixed15_frequency34,-12,20250618::index=9.271677,51,271.6776816,131.5559010654717
fixed15_frequency34,-12,20250618::index=9.271677,53,271.6776816,137.58366831092997
fixed15_frequency34,-12,20250611::index=10.3.15E+05,2,315.4661173,279.52801295855306
fixed15_frequency34,-12,20250611::index=10.3.15E+05,4,315.4661173,260.0274589942365
fixed15_frequency34,-12,20250611::index=10.3.15E+05,10,315.4661173,311.1144115219706
fixed15_frequency34,-12,20250611::index=10.3.15E+05,18,315.4661173,275.66302816719923
fixed15_frequency34,-12,20250611::index=10.3.15E+05,21,315.4661173,132.0377789632944
fixed15_frequency34,-12,20250611::index=10.3.15E+05,27,315.4661173,301.43114665544346
fixed15_frequency34,-12,20250611::index=10.3.15E+05,29,315.4661173,283.3949680734027
fixed15_frequency34,-12,20250611::index=10.3.15E+05,31,315.4661173,286.4473442851882
fixed15_frequency34,-12,20250611::index=10.3.15E+05,40,315.4661173,311.15682374479445
fixed15_frequency34,-12,20250611::index=10.3.15E+05,45,315.4661173,331.48418396496356
fixed15_frequency34,-12,20250611::index=10.3.15E+05,47,315.4661173,329.7094598426258
fixed15_frequency34,-12,20250611::index=10.3.15E+05,48,315.4661173,325.7342000872691
fixed15_frequency34,-12,20250611::index=10.3.15E+05,50,315.4661173,337.79222908330036
fixed15_frequency34,-12,20250611::index=10.3.15E+05,53,315.4661173,250.16911706819036
fixed15_frequency34,-12,20250611::index=10.3.15E+05,55,315.4661173,301.86774230199177
fixed15_frequency34,-12,20250618::index=10.322114,2,322.1142428,311.68110257056225
fixed15_frequency34,-12,20250618::index=10.322114,4,322.1142428,290.86977159141236
fixed15_frequency34,-12,20250618::index=10.322114,10,322.1142428,290.54284414107406
fixed15_frequency34,-12,20250618::index=10.322114,18,322.1142428,303.0921495184862
fixed15_frequency34,-12,20250618::index=10.322114,21,322.1142428,278.6971736743257
fixed15_frequency34,-12,20250618::index=10.322114,27,322.1142428,231.88885878641068
fixed15_frequency34,-12,20250618::index=10.322114,29,322.1142428,131.85645102661397
fixed15_frequency34,-12,20250618::index=10.322114,31,322.1142428,212.2577190800286
fixed15_frequency34,-12,20250618::index=10.322114,40,322.1142428,154.78490222598768
fixed15_frequency34,-12,20250618::index=10.322114,45,322.1142428,218.66550918490105
fixed15_frequency34,-12,20250618::index=10.322114,47,322.1142428,130.4780200145767
fixed15_frequency34,-12,20250618::index=10.322114,48,322.1142428,237.56437905960493
fixed15_frequency34,-12,20250618::index=10.322114,50,322.1142428,152.5020716290565
fixed15_frequency34,-12,20250618::index=10.322114,53,322.1142428,137.58366831092997
fixed15_frequency34,-12,20250618::index=10.322114,55,322.1142428,184.38729498811935
fixed15_frequency34,-12,20250611::index=11.3.69E+05,1,368.97810499999997,372.9340425006639
fixed15_frequency34,-12,20250611::index=11.3.69E+05,5,368.97810499999997,395.8884131641035
fixed15_frequency34,-12,20250611::index=11.3.69E+05,15,368.97810499999997,381.74214649881304
fixed15_frequency34,-12,20250611::index=11.3.69E+05,17,368.97810499999997,371.0261361586909
fixed15_frequency34,-12,20250611::index=11.3.69E+05,20,368.97810499999997,390.37192134224154
fixed15_frequency34,-12,20250611::index=11.3.69E+05,31,368.97810499999997,419.6145507879662
fixed15_frequency34,-12,20250611::index=11.3.69E+05,37,368.97810499999997,424.074989573466
fixed15_frequency34,-12,20250611::index=11.3.69E+05,44,368.97810499999997,339.879940474358
fixed15_frequency34,-12,20250611::index=11.3.69E+05,45,368.97810499999997,361.068825643557
fixed15_frequency34,-12,20250611::index=11.3.69E+05,49,368.97810499999997,344.60984598388296
fixed15_frequency34,-12,20250611::index=11.3.69E+05,50,368.97810499999997,303.94592292524345
fixed15_frequency34,-12,20250611::index=11.3.69E+05,53,368.97810499999997,396.43926542753826
fixed15_frequency34,-12,20250611::index=11.3.69E+05,54,368.97810499999997,353.34180271120084
fixed15_frequency34,-12,20250611::index=11.3.69E+05,55,368.97810499999997,348.88520329279714
fixed15_frequency34,-12,20250611::index=11.3.69E+05,58,368.97810499999997,362.15096625653996
fixed15_frequency34,-12,20250618::index=11.376320,1,376.3201201,372.0062186700058
fixed15_frequency34,-12,20250618::index=11.376320,5,376.3201201,359.0011950631327
fixed15_frequency34,-12,20250618::index=11.376320,15,376.3201201,313.9376773550872
fixed15_frequency34,-12,20250618::index=11.376320,17,376.3201201,348.4443378256479
fixed15_frequency34,-12,20250618::index=11.376320,20,376.3201201,367.0595806641741
fixed15_frequency34,-12,20250618::index=11.376320,31,376.3201201,200.64580755000463
fixed15_frequency34,-12,20250618::index=11.376320,37,376.3201201,295.5817306261612
fixed15_frequency34,-12,20250618::index=11.376320,44,376.3201201,365.23158214478605
fixed15_frequency34,-12,20250618::index=11.376320,45,376.3201201,388.3265218254276
fixed15_frequency34,-12,20250618::index=11.376320,49,376.3201201,355.5478192433207
fixed15_frequency34,-12,20250618::index=11.376320,50,376.3201201,324.7726609498004
fixed15_frequency34,-12,20250618::index=11.376320,53,376.3201201,345.86576956477245
fixed15_frequency34,-12,20250618::index=11.376320,54,376.3201201,342.85382795432906
fixed15_frequency34,-12,20250618::index=11.376320,55,376.3201201,392.71173032837163
fixed15_frequency34,-12,20250618::index=11.376320,58,376.3201201,365.1077911545819
fixed15_frequency34,-12,20250611::index=12.4.27E+05,3,427.27619500000003,448.08374112773873
fixed15_frequency34,-12,20250611::index=12.4.27E+05,9,427.27619500000003,440.94621945869034
fixed15_frequency34,-12,20250611::index=12.4.27E+05,13,427.27619500000003,436.59809651302504
fixed15_frequency34,-12,20250611::index=12.4.27E+05,15,427.27619500000003,447.05910350431725
fixed15_frequency34,-12,20250611::index=12.4.27E+05,17,427.27619500000003,430.29541913943154
fixed15_frequency34,-12,20250611::index=12.4.27E+05,22,427.27619500000003,461.9040659161767
fixed15_frequency34,-12,20250611::index=12.4.27E+05,28,427.27619500000003,440.9182639795068
fixed15_frequency34,-12,20250611::index=12.4.27E+05,30,427.27619500000003,425.7748750675849
fixed15_frequency34,-12,20250611::index=12.4.27E+05,39,427.27619500000003,426.94046701418614
fixed15_frequency34,-12,20250611::index=12.4.27E+05,42,427.27619500000003,450.9820468864518
fixed15_frequency34,-12,20250611::index=12.4.27E+05,44,427.27619500000003,438.1953919565536
fixed15_frequency34,-12,20250611::index=12.4.27E+05,46,427.27619500000003,481.33592934809224
fixed15_frequency34,-12,20250611::index=12.4.27E+05,47,427.27619500000003,448.8444342362251
fixed15_frequency34,-12,20250611::index=12.4.27E+05,54,427.27619500000003,432.25349924564205
fixed15_frequency34,-12,20250611::index=12.4.27E+05,57,427.27619500000003,464.67247722457904
fixed15_frequency34,-12,20250618::index=12.434018,3,434.0180833,364.81785902859724
fixed15_frequency34,-12,20250618::index=12.434018,9,434.0180833,425.8915794564124
fixed15_frequency34,-12,20250618::index=12.434018,13,434.0180833,483.4966501799819
fixed15_frequency34,-12,20250618::index=12.434018,15,434.0180833,399.06618119058083
fixed15_frequency34,-12,20250618::index=12.434018,17,434.0180833,397.72009605074413
fixed15_frequency34,-12,20250618::index=12.434018,22,434.0180833,392.01571240033155
fixed15_frequency34,-12,20250618::index=12.434018,28,434.0180833,410.0306356618593
fixed15_frequency34,-12,20250618::index=12.434018,30,434.0180833,460.4789253860815
fixed15_frequency34,-12,20250618::index=12.434018,39,434.0180833,387.19629600089223
fixed15_frequency34,-12,20250618::index=12.434018,42,434.0180833,362.77755023085217
fixed15_frequency34,-12,20250618::index=12.434018,44,434.0180833,376.94762292801187
fixed15_frequency34,-12,20250618::index=12.434018,46,434.0180833,424.9289860773631
fixed15_frequency34,-12,20250618::index=12.434018,47,434.0180833,472.10886496420073
fixed15_frequency34,-12,20250618::index=12.434018,54,434.0180833,468.8240882467835
fixed15_frequency34,-12,20250618::index=12.434018,57,434.0180833,435.624225477956
fixed15_frequency34,-12,20250611::index=13.4.89E+05,3,489.45399810000004,531.1060314502515
fixed15_frequency34,-12,20250611::index=13.4.89E+05,7,489.45399810000004,452.8017379719512
fixed15_frequency34,-12,20250611::index=13.4.89E+05,12,489.45399810000004,481.91733395353964
fixed15_frequency34,-12,20250611::index=13.4.89E+05,13,489.45399810000004,482.07327649743974
fixed15_frequency34,-12,20250611::index=13.4.89E+05,14,489.45399810000004,485.43535846637656
fixed15_frequency34,-12,20250611::index=13.4.89E+05,20,489.45399810000004,499.1828640959017
fixed15_frequency34,-12,20250611::index=13.4.89E+05,34,489.45399810000004,497.4976987166991
fixed15_frequency34,-12,20250611::index=13.4.89E+05,39,489.45399810000004,490.5412373734369
fixed15_frequency34,-12,20250611::index=13.4.89E+05,42,489.45399810000004,461.0063498488075
fixed15_frequency34,-12,20250611::index=13.4.89E+05,44,489.45399810000004,506.9926150319063
fixed15_frequency34,-12,20250611::index=13.4.89E+05,48,489.45399810000004,502.9597130283936
fixed15_frequency34,-12,20250611::index=13.4.89E+05,51,489.45399810000004,502.5601462482215
fixed15_frequency34,-12,20250611::index=13.4.89E+05,53,489.45399810000004,496.7191722875321
fixed15_frequency34,-12,20250611::index=13.4.89E+05,54,489.45399810000004,491.6389148861916
fixed15_frequency34,-12,20250611::index=13.4.89E+05,59,489.45399810000004,482.06993680288036
fixed15_frequency34,-12,20250618::index=13.496023,3,496.0233525,505.1399276317245
fixed15_frequency34,-12,20250618::index=13.496023,7,496.0233525,519.3525952784576
fixed15_frequency34,-12,20250618::index=13.496023,12,496.0233525,470.5913620784628
fixed15_frequency34,-12,20250618::index=13.496023,13,496.0233525,504.0720566423965
fixed15_frequency34,-12,20250618::index=13.496023,14,496.0233525,513.7575829446862
fixed15_frequency34,-12,20250618::index=13.496023,20,496.0233525,496.4769400646483
fixed15_frequency34,-12,20250618::index=13.496023,34,496.0233525,480.4022097893725
fixed15_frequency34,-12,20250618::index=13.496023,39,496.0233525,470.3728717910485
fixed15_frequency34,-12,20250618::index=13.496023,42,496.0233525,440.46130856107646
fixed15_frequency34,-12,20250618::index=13.496023,44,496.0233525,497.66798382326385
fixed15_frequency34,-12,20250618::index=13.496023,48,496.0233525,469.3108899820907
fixed15_frequency34,-12,20250618::index=13.496023,51,496.0233525,477.09903015751246
fixed15_frequency34,-12,20250618::index=13.496023,53,496.0233525,472.155782550794
fixed15_frequency34,-12,20250618::index=13.496023,54,496.0233525,523.2513815797266
fixed15_frequency34,-12,20250618::index=13.496023,59,496.0233525,512.0564439517972
fixed15_frequency34,-12,20250611::index=14.5.54E+05,8,554.1963218000001,560.4638907098595
fixed15_frequency34,-12,20250611::index=14.5.54E+05,9,554.1963218000001,550.0316616650014
fixed15_frequency34,-12,20250611::index=14.5.54E+05,10,554.1963218000001,534.874841044401
fixed15_frequency34,-12,20250611::index=14.5.54E+05,14,554.1963218000001,547.7180592078914
fixed15_frequency34,-12,20250611::index=14.5.54E+05,29,554.1963218000001,540.3646481849282
fixed15_frequency34,-12,20250611::index=14.5.54E+05,30,554.1963218000001,493.3429618097656
fixed15_frequency34,-12,20250611::index=14.5.54E+05,33,554.1963218000001,594.2230081808631
fixed15_frequency34,-12,20250611::index=14.5.54E+05,36,554.1963218000001,554.6187633678716
fixed15_frequency34,-12,20250611::index=14.5.54E+05,43,554.1963218000001,532.407701723186
fixed15_frequency34,-12,20250611::index=14.5.54E+05,48,554.1963218000001,545.7021295925632
fixed15_frequency34,-12,20250611::index=14.5.54E+05,50,554.1963218000001,562.0957548181044
fixed15_frequency34,-12,20250611::index=14.5.54E+05,51,554.1963218000001,571.201958597162
fixed15_frequency34,-12,20250611::index=14.5.54E+05,54,554.1963218000001,558.6940969520806
fixed15_frequency34,-12,20250611::index=14.5.54E+05,57,554.1963218000001,550.7490093923639
fixed15_frequency34,-12,20250611::index=14.5.54E+05,58,554.1963218000001,521.2391448058268
fixed15_frequency34,-12,20250618::index=14.562158,8,562.1587854,550.8771898882345
fixed15_frequency34,-12,20250618::index=14.562158,9,562.1587854,569.7465881841132
fixed15_frequency34,-12,20250618::index=14.562158,10,562.1587854,565.7579505108558
fixed15_frequency34,-12,20250618::index=14.562158,14,562.1587854,568.0554216492976
fixed15_frequency34,-12,20250618::index=14.562158,29,562.1587854,555.6125757964395
fixed15_frequency34,-12,20250618::index=14.562158,30,562.1587854,568.9896887552324
fixed15_frequency34,-12,20250618::index=14.562158,33,562.1587854,560.3806567193383
fixed15_frequency34,-12,20250618::index=14.562158,36,562.1587854,578.9620313611289
fixed15_frequency34,-12,20250618::index=14.562158,43,562.1587854,574.6043390191753
fixed15_frequency34,-12,20250618::index=14.562158,48,562.1587854,525.2487198300843
fixed15_frequency34,-12,20250618::index=14.562158,50,562.1587854,559.9678413513575
fixed15_frequency34,-12,20250618::index=14.562158,51,562.1587854,561.7814587755062
fixed15_frequency34,-12,20250618::index=14.562158,54,562.1587854,543.3692666947593
fixed15_frequency34,-12,20250618::index=14.562158,57,562.1587854,556.5345794765781
fixed15_frequency34,-12,20250618::index=14.562158,58,562.1587854,584.1855125843997
fixed15_frequency34,-12,20250611::index=4.5.76E+04,2,57.59331665,130.15753063533143
fixed15_frequency34,-12,20250611::index=4.5.76E+04,3,57.59331665,129.34563102635616
fixed15_frequency34,-12,20250611::index=4.5.76E+04,6,57.59331665,129.11716301599103
fixed15_frequency34,-12,20250611::index=4.5.76E+04,11,57.59331665,128.0540526434557
fixed15_frequency34,-12,20250611::index=4.5.76E+04,13,57.59331665,103.21503857890296
fixed15_frequency34,-12,20250611::index=4.5.76E+04,15,57.59331665,128.16323817369772
fixed15_frequency34,-12,20250611::index=4.5.76E+04,18,57.59331665,123.77846111139553
fixed15_frequency34,-12,20250611::index=4.5.76E+04,33,57.59331665,149.71291186568467
fixed15_frequency34,-12,20250611::index=4.5.76E+04,38,57.59331665,130.55075131404675
fixed15_frequency34,-12,20250611::index=4.5.76E+04,41,57.59331665,129.25033586225965
fixed15_frequency34,-12,20250611::index=4.5.76E+04,42,57.59331665,148.074087720295
fixed15_frequency34,-12,20250611::index=4.5.76E+04,44,57.59331665,128.40455592558965
fixed15_frequency34,-12,20250611::index=4.5.76E+04,46,57.59331665,134.4017924955821
fixed15_frequency34,-12,20250611::index=4.5.76E+04,54,57.59331665,129.05932018703143
fixed15_frequency34,-12,20250611::index=4.5.76E+04,55,57.59331665,136.73981308393752
fixed15_frequency34,-12,20250618::index=4.58389,2,58.38985471,155.50997364596662
fixed15_frequency34,-12,20250618::index=4.58389,3,58.38985471,136.73333094099962
fixed15_frequency34,-12,20250618::index=4.58389,6,58.38985471,184.45159450058134
fixed15_frequency34,-12,20250618::index=4.58389,11,58.38985471,136.10647650931165
fixed15_frequency34,-12,20250618::index=4.58389,13,58.38985471,164.1161365836496
fixed15_frequency34,-12,20250618::index=4.58389,15,58.38985471,183.25290382994027
fixed15_frequency34,-12,20250618::index=4.58389,18,58.38985471,182.38441549851592
fixed15_frequency34,-12,20250618::index=4.58389,33,58.38985471,132.95815176822194
fixed15_frequency34,-12,20250618::index=4.58389,38,58.38985471,135.28944085491275
fixed15_frequency34,-12,20250618::index=4.58389,41,58.38985471,152.71306868645212
fixed15_frequency34,-12,20250618::index=4.58389,42,58.38985471,160.87008462202888
fixed15_frequency34,-12,20250618::index=4.58389,44,58.38985471,153.2049238110326
fixed15_frequency34,-12,20250618::index=4.58389,46,58.38985471,168.19099868794387
fixed15_frequency34,-12,20250618::index=4.58389,54,58.38985471,131.60973711900672
fixed15_frequency34,-12,20250618::index=4.58389,55,58.38985471,184.8592122270596
fixed15_frequency34,-12,20250611::index=15.6.24E+05,3,624.4425514,639.8301542116269
fixed15_frequency34,-12,20250611::index=15.6.24E+05,4,624.4425514,615.4659492173042
fixed15_frequency34,-12,20250611::index=15.6.24E+05,11,624.4425514,646.4166542676011
fixed15_frequency34,-12,20250611::index=15.6.24E+05,13,624.4425514,588.0260700421775
fixed15_frequency34,-12,20250611::index=15.6.24E+05,14,624.4425514,628.8204863861421
fixed15_frequency34,-12,20250611::index=15.6.24E+05,18,624.4425514,610.9775721162843
fixed15_frequency34,-12,20250611::index=15.6.24E+05,19,624.4425514,617.4597465706447
fixed15_frequency34,-12,20250611::index=15.6.24E+05,27,624.4425514,615.4451616604752
fixed15_frequency34,-12,20250611::index=15.6.24E+05,39,624.4425514,632.6877538837317
fixed15_frequency34,-12,20250611::index=15.6.24E+05,43,624.4425514,635.5073737925858
fixed15_frequency34,-12,20250611::index=15.6.24E+05,46,624.4425514,629.0446150918922
fixed15_frequency34,-12,20250611::index=15.6.24E+05,51,624.4425514,628.0899421882995
fixed15_frequency34,-12,20250611::index=15.6.24E+05,55,624.4425514,645.869727028553
fixed15_frequency34,-12,20250611::index=15.6.24E+05,57,624.4425514,617.1719621373321
fixed15_frequency34,-12,20250611::index=15.6.24E+05,58,624.4425514,626.8847874175245
fixed15_frequency34,-12,20250618::index=15.633482,3,633.482536,649.6557654763824
fixed15_frequency34,-12,20250618::index=15.633482,4,633.482536,638.8994540961769
fixed15_frequency34,-12,20250618::index=15.633482,11,633.482536,647.3448313579325
fixed15_frequency34,-12,20250618::index=15.633482,13,633.482536,582.7868936208757
fixed15_frequency34,-12,20250618::index=15.633482,14,633.482536,642.4013158615325
fixed15_frequency34,-12,20250618::index=15.633482,18,633.482536,615.8470030817847
fixed15_frequency34,-12,20250618::index=15.633482,19,633.482536,645.5721058524202
fixed15_frequency34,-12,20250618::index=15.633482,27,633.482536,602.807565741975
fixed15_frequency34,-12,20250618::index=15.633482,39,633.482536,590.5727060445167
fixed15_frequency34,-12,20250618::index=15.633482,43,633.482536,649.3993297209735
fixed15_frequency34,-12,20250618::index=15.633482,46,633.482536,686.3042067900104
fixed15_frequency34,-12,20250618::index=15.633482,51,633.482536,691.3493140455189
fixed15_frequency34,-12,20250618::index=15.633482,55,633.482536,593.1440971257239
fixed15_frequency34,-12,20250618::index=15.633482,57,633.482536,639.6334114069223
fixed15_frequency34,-12,20250618::index=15.633482,58,633.482536,648.7407235321053
fixed15_frequency34,-12,20250611::index=16.6.98E+05,2,698.421296,663.1760154073771
fixed15_frequency34,-12,20250611::index=16.6.98E+05,6,698.421296,739.4442358778495
fixed15_frequency34,-12,20250611::index=16.6.98E+05,9,698.421296,667.151462935218
fixed15_frequency34,-12,20250611::index=16.6.98E+05,10,698.421296,689.2881826638984
fixed15_frequency34,-12,20250611::index=16.6.98E+05,13,698.421296,696.9584441985685
fixed15_frequency34,-12,20250611::index=16.6.98E+05,17,698.421296,683.4561380242441
fixed15_frequency34,-12,20250611::index=16.6.98E+05,35,698.421296,709.2060128746389
fixed15_frequency34,-12,20250611::index=16.6.98E+05,37,698.421296,706.655250473087
fixed15_frequency34,-12,20250611::index=16.6.98E+05,39,698.421296,677.1955148169862
fixed15_frequency34,-12,20250611::index=16.6.98E+05,40,698.421296,702.8166196751421
fixed15_frequency34,-12,20250611::index=16.6.98E+05,46,698.421296,747.5623900035941
fixed15_frequency34,-12,20250611::index=16.6.98E+05,47,698.421296,695.08253381284
fixed15_frequency34,-12,20250611::index=16.6.98E+05,52,698.421296,749.354266182105
fixed15_frequency34,-12,20250611::index=16.6.98E+05,55,698.421296,668.3419755264398
fixed15_frequency34,-12,20250611::index=16.6.98E+05,57,698.421296,684.5527237639916
fixed15_frequency34,-12,20250618::index=16.709792,2,709.7927143,711.7370950717988
fixed15_frequency34,-12,20250618::index=16.709792,6,709.7927143,742.4264066320593
fixed15_frequency34,-12,20250618::index=16.709792,9,709.7927143,704.5841091702307
fixed15_frequency34,-12,20250618::index=16.709792,10,709.7927143,740.9965704718604
fixed15_frequency34,-12,20250618::index=16.709792,13,709.7927143,715.5827312067516
fixed15_frequency34,-12,20250618::index=16.709792,17,709.7927143,703.3465688929525
fixed15_frequency34,-12,20250618::index=16.709792,35,709.7927143,714.6556913340072
fixed15_frequency34,-12,20250618::index=16.709792,37,709.7927143,731.0859817656706
fixed15_frequency34,-12,20250618::index=16.709792,39,709.7927143,700.0831815526374
fixed15_frequency34,-12,20250618::index=16.709792,40,709.7927143,756.8295304481725
fixed15_frequency34,-12,20250618::index=16.709792,46,709.7927143,755.991357629706
fixed15_frequency34,-12,20250618::index=16.709792,47,709.7927143,719.4873494837517
fixed15_frequency34,-12,20250618::index=16.709792,52,709.7927143,697.3162401374223
fixed15_frequency34,-12,20250618::index=16.709792,55,709.7927143,704.3184384291558
fixed15_frequency34,-12,20250618::index=16.709792,57,709.7927143,665.4514325391219
fixed15_frequency34,-12,20250611::index=17.7.77E+05,5,776.6472223000001,791.2870686964965
fixed15_frequency34,-12,20250611::index=17.7.77E+05,6,776.6472223000001,789.3731228412034
fixed15_frequency34,-12,20250611::index=17.7.77E+05,7,776.6472223000001,827.5475856152314
fixed15_frequency34,-12,20250611::index=17.7.77E+05,8,776.6472223000001,819.1704091918233
fixed15_frequency34,-12,20250611::index=17.7.77E+05,10,776.6472223000001,777.590537380683
fixed15_frequency34,-12,20250611::index=17.7.77E+05,14,776.6472223000001,763.2314514627045
fixed15_frequency34,-12,20250611::index=17.7.77E+05,19,776.6472223000001,822.3468406709842
fixed15_frequency34,-12,20250611::index=17.7.77E+05,24,776.6472223000001,781.6246460303371
fixed15_frequency34,-12,20250611::index=17.7.77E+05,26,776.6472223000001,764.3512328578353
fixed15_frequency34,-12,20250611::index=17.7.77E+05,31,776.6472223000001,807.0832774403726
fixed15_frequency34,-12,20250611::index=17.7.77E+05,41,776.6472223000001,787.2408237643575
fixed15_frequency34,-12,20250611::index=17.7.77E+05,52,776.6472223000001,798.4510647457267
fixed15_frequency34,-12,20250611::index=17.7.77E+05,53,776.6472223000001,815.4393720295757
fixed15_frequency34,-12,20250611::index=17.7.77E+05,54,776.6472223000001,797.9381870081997
fixed15_frequency34,-12,20250611::index=17.7.77E+05,55,776.6472223000001,787.3853432050581
fixed15_frequency34,-12,20250618::index=17.789500,5,789.5001968,768.4468755286786
fixed15_frequency34,-12,20250618::index=17.789500,6,789.5001968,831.6370257739903
fixed15_frequency34,-12,20250618::index=17.789500,7,789.5001968,761.8807959962805
fixed15_frequency34,-12,20250618::index=17.789500,8,789.5001968,698.9255115084184
fixed15_frequency34,-12,20250618::index=17.789500,10,789.5001968,777.8890281780899
fixed15_frequency34,-12,20250618::index=17.789500,14,789.5001968,857.8614485117154
fixed15_frequency34,-12,20250618::index=17.789500,19,789.5001968,821.8325701117385
fixed15_frequency34,-12,20250618::index=17.789500,24,789.5001968,780.391087651755
fixed15_frequency34,-12,20250618::index=17.789500,26,789.5001968,850.7837819027947
fixed15_frequency34,-12,20250618::index=17.789500,31,789.5001968,769.5531834081465
fixed15_frequency34,-12,20250618::index=17.789500,41,789.5001968,781.1256548011703
fixed15_frequency34,-12,20250618::index=17.789500,52,789.5001968,778.947927104232
fixed15_frequency34,-12,20250618::index=17.789500,53,789.5001968,771.1167093674499
fixed15_frequency34,-12,20250618::index=17.789500,54,789.5001968,809.4761185460046
fixed15_frequency34,-12,20250618::index=17.789500,55,789.5001968,804.7728368748849
fixed15_frequency34,-12,20250611::index=18.8.59E+05,0,859.3439142,859.3609860851183
fixed15_frequency34,-12,20250611::index=18.8.59E+05,5,859.3439142,831.0851546062421
fixed15_frequency34,-12,20250611::index=18.8.59E+05,14,859.3439142,849.2722062306661
fixed15_frequency34,-12,20250611::index=18.8.59E+05,18,859.3439142,835.2428085818227
fixed15_frequency34,-12,20250611::index=18.8.59E+05,19,859.3439142,845.2707541348424
fixed15_frequency34,-12,20250611::index=18.8.59E+05,21,859.3439142,855.2705683144791
fixed15_frequency34,-12,20250611::index=18.8.59E+05,26,859.3439142,853.1587235702646
fixed15_frequency34,-12,20250611::index=18.8.59E+05,27,859.3439142,860.542816144963
fixed15_frequency34,-12,20250611::index=18.8.59E+05,32,859.3439142,854.4233187373464
fixed15_frequency34,-12,20250611::index=18.8.59E+05,36,859.3439142,850.7536101821006
fixed15_frequency34,-12,20250611::index=18.8.59E+05,43,859.3439142,821.5843669061109
fixed15_frequency34,-12,20250611::index=18.8.59E+05,53,859.3439142,847.0091382142398
fixed15_frequency34,-12,20250611::index=18.8.59E+05,54,859.3439142,859.2695201767935
fixed15_frequency34,-12,20250611::index=18.8.59E+05,56,859.3439142,857.0816621026273
fixed15_frequency34,-12,20250611::index=18.8.59E+05,57,859.3439142,844.1734293018078
fixed15_frequency34,-12,20250618::index=18.873637,0,873.6370359,854.5449371612826
fixed15_frequency34,-12,20250618::index=18.873637,5,873.6370359,859.1819798249569
fixed15_frequency34,-12,20250618::index=18.873637,14,873.6370359,868.5337004050322
fixed15_frequency34,-12,20250618::index=18.873637,18,873.6370359,866.4487208744408
fixed15_frequency34,-12,20250618::index=18.873637,19,873.6370359,859.7696411517472
fixed15_frequency34,-12,20250618::index=18.873637,21,873.6370359,854.339993923545
fixed15_frequency34,-12,20250618::index=18.873637,26,873.6370359,878.3167779621709
fixed15_frequency34,-12,20250618::index=18.873637,27,873.6370359,845.2129394827045
fixed15_frequency34,-12,20250618::index=18.873637,32,873.6370359,860.1731017693955
fixed15_frequency34,-12,20250618::index=18.873637,36,873.6370359,844.06964446073
fixed15_frequency34,-12,20250618::index=18.873637,43,873.6370359,868.1373901706258
fixed15_frequency34,-12,20250618::index=18.873637,53,873.6370359,866.4033580168566
fixed15_frequency34,-12,20250618::index=18.873637,54,873.6370359,846.5320415943617
fixed15_frequency34,-12,20250618::index=18.873637,56,873.6370359,859.7669220436547
fixed15_frequency34,-12,20250618::index=18.873637,57,873.6370359,863.5173122376992
fixed15_temporal46,-12,20250618::index=1.0,0,-1.42e-09,187.66505418679
fixed15_temporal46,-12,20250618::index=1.0,3,-1.42e-09,161.7269419650715
fixed15_temporal46,-12,20250618::index=1.0,5,-1.42e-09,176.97801399750765
fixed15_temporal46,-12,20250618::index=1.0,12,-1.42e-09,172.11510428914235
fixed15_temporal46,-12,20250618::index=1.0,13,-1.42e-09,174.49260022901834
fixed15_temporal46,-12,20250618::index=1.0,31,-1.42e-09,162.4568115131031
fixed15_temporal46,-12,20250618::index=1.0,33,-1.42e-09,163.73202189455318
fixed15_temporal46,-12,20250618::index=1.0,36,-1.42e-09,160.5936722405219
fixed15_temporal46,-12,20250618::index=1.0,45,-1.42e-09,161.66068709003326
fixed15_temporal46,-12,20250618::index=1.0,46,-1.42e-09,151.78106188093187
fixed15_temporal46,-12,20250618::index=1.0,48,-1.42e-09,170.34977362634052
fixed15_temporal46,-12,20250618::index=1.0,50,-1.42e-09,168.41276740672185
fixed15_temporal46,-12,20250618::index=1.0,52,-1.42e-09,184.45111208772866
fixed15_temporal46,-12,20250618::index=1.0,54,-1.42e-09,156.46728948836136
fixed15_temporal46,-12,20250618::index=1.0,57,-1.42e-09,158.2189877174785
fixed15_temporal46,-12,20250611::index=1.3.28E-04,0,3.28047e-07,192.11401986106355
fixed15_temporal46,-12,20250611::index=1.3.28E-04,3,3.28047e-07,153.0830104944957
fixed15_temporal46,-12,20250611::index=1.3.28E-04,5,3.28047e-07,162.18724626626704
fixed15_temporal46,-12,20250611::index=1.3.28E-04,12,3.28047e-07,139.6878822342356
fixed15_temporal46,-12,20250611::index=1.3.28E-04,13,3.28047e-07,153.8738536622269
fixed15_temporal46,-12,20250611::index=1.3.28E-04,31,3.28047e-07,191.61079170667455
fixed15_temporal46,-12,20250611::index=1.3.28E-04,33,3.28047e-07,176.0344163669642
fixed15_temporal46,-12,20250611::index=1.3.28E-04,36,3.28047e-07,163.9572730627646
fixed15_temporal46,-12,20250611::index=1.3.28E-04,45,3.28047e-07,159.15108120927695
fixed15_temporal46,-12,20250611::index=1.3.28E-04,46,3.28047e-07,155.75640078345134
fixed15_temporal46,-12,20250611::index=1.3.28E-04,48,3.28047e-07,150.93477950837632
fixed15_temporal46,-12,20250611::index=1.3.28E-04,50,3.28047e-07,153.05895724007163
fixed15_temporal46,-12,20250611::index=1.3.28E-04,52,3.28047e-07,152.69885136918728
fixed15_temporal46,-12,20250611::index=1.3.28E-04,54,3.28047e-07,140.3551846762405
fixed15_temporal46,-12,20250611::index=1.3.28E-04,57,3.28047e-07,151.95554446630175
fixed15_temporal46,-12,20250611::index=5.1.11E+05,17,111.2647017,163.10927869668444
fixed15_temporal46,-12,20250611::index=5.1.11E+05,19,111.2647017,172.38439483431986
fixed15_temporal46,-12,20250611::index=5.1.11E+05,21,111.2647017,157.88773408844023
fixed15_temporal46,-12,20250611::index=5.1.11E+05,23,111.2647017,150.89010346950812
fixed15_temporal46,-12,20250611::index=5.1.11E+05,28,111.2647017,134.83358488994395
fixed15_temporal46,-12,20250611::index=5.1.11E+05,34,111.2647017,163.76235536403544
fixed15_temporal46,-12,20250611::index=5.1.11E+05,35,111.2647017,158.66971928314814
fixed15_temporal46,-12,20250611::index=5.1.11E+05,41,111.2647017,137.58320347096907
fixed15_temporal46,-12,20250611::index=5.1.11E+05,46,111.2647017,150.1506479974536
fixed15_temporal46,-12,20250611::index=5.1.11E+05,47,111.2647017,185.2531456572601
fixed15_temporal46,-12,20250611::index=5.1.11E+05,48,111.2647017,165.97499653621097
fixed15_temporal46,-12,20250611::index=5.1.11E+05,51,111.2647017,161.73477431534047
fixed15_temporal46,-12,20250611::index=5.1.11E+05,55,111.2647017,134.83902422296956
fixed15_temporal46,-12,20250611::index=5.1.11E+05,56,111.2647017,152.6738264882797
fixed15_temporal46,-12,20250611::index=5.1.11E+05,58,111.2647017,182.58325894414327
fixed15_temporal46,-12,20250618::index=5.113188,17,113.1882901,165.93308583188863
fixed15_temporal46,-12,20250618::index=5.113188,19,113.1882901,138.04871712355026
fixed15_temporal46,-12,20250618::index=5.113188,21,113.1882901,155.70045705644515
fixed15_temporal46,-12,20250618::index=5.113188,23,113.1882901,168.92843200605108
fixed15_temporal46,-12,20250618::index=5.113188,28,113.1882901,113.03160327647986
fixed15_temporal46,-12,20250618::index=5.113188,34,113.1882901,166.48848597160995
fixed15_temporal46,-12,20250618::index=5.113188,35,113.1882901,195.10013483070404
fixed15_temporal46,-12,20250618::index=5.113188,41,113.1882901,108.20068990754388
fixed15_temporal46,-12,20250618::index=5.113188,46,113.1882901,154.25354978554537
fixed15_temporal46,-12,20250618::index=5.113188,47,113.1882901,172.88076342518474
fixed15_temporal46,-12,20250618::index=5.113188,48,113.1882901,169.4876498610991
fixed15_temporal46,-12,20250618::index=5.113188,51,113.1882901,166.15008630828066
fixed15_temporal46,-12,20250618::index=5.113188,55,113.1882901,168.38478760456218
fixed15_temporal46,-12,20250618::index=5.113188,56,113.1882901,169.87018282652014
fixed15_temporal46,-12,20250618::index=5.113188,58,113.1882901,171.22204978890574
fixed15_temporal46,-12,20250611::index=6.1.44E+05,6,144.32426180000002,135.78956681205946
fixed15_temporal46,-12,20250611::index=6.1.44E+05,11,144.32426180000002,170.76400496842297
fixed15_temporal46,-12,20250611::index=6.1.44E+05,13,144.32426180000002,185.05767208597155
fixed15_temporal46,-12,20250611::index=6.1.44E+05,26,144.32426180000002,166.24109325579408
fixed15_temporal46,-12,20250611::index=6.1.44E+05,31,144.32426180000002,182.003436511603
fixed15_temporal46,-12,20250611::index=6.1.44E+05,34,144.32426180000002,180.62707133049338
fixed15_temporal46,-12,20250611::index=6.1.44E+05,35,144.32426180000002,162.38147615967026
fixed15_temporal46,-12,20250611::index=6.1.44E+05,36,144.32426180000002,138.90771590763737
fixed15_temporal46,-12,20250611::index=6.1.44E+05,38,144.32426180000002,183.8504082133044
fixed15_temporal46,-12,20250611::index=6.1.44E+05,40,144.32426180000002,183.70413649533137
fixed15_temporal46,-12,20250611::index=6.1.44E+05,46,144.32426180000002,160.7194499377094
fixed15_temporal46,-12,20250611::index=6.1.44E+05,47,144.32426180000002,161.11434134318728
fixed15_temporal46,-12,20250611::index=6.1.44E+05,56,144.32426180000002,155.11710637329236
fixed15_temporal46,-12,20250611::index=6.1.44E+05,58,144.32426180000002,177.4556044171388
fixed15_temporal46,-12,20250611::index=6.1.44E+05,59,144.32426180000002,184.0139012637651
fixed15_temporal46,-12,20250618::index=6.146381,6,146.38165049999998,180.42232908417265
fixed15_temporal46,-12,20250618::index=6.146381,11,146.38165049999998,180.54215322921988
fixed15_temporal46,-12,20250618::index=6.146381,13,146.38165049999998,165.9359621828504
fixed15_temporal46,-12,20250618::index=6.146381,26,146.38165049999998,191.45324681983777
fixed15_temporal46,-12,20250618::index=6.146381,31,146.38165049999998,183.8679163634834
fixed15_temporal46,-12,20250618::index=6.146381,34,146.38165049999998,140.92774964404848
fixed15_temporal46,-12,20250618::index=6.146381,35,146.38165049999998,181.3274650514831
fixed15_temporal46,-12,20250618::index=6.146381,36,146.38165049999998,182.46316112418245
fixed15_temporal46,-12,20250618::index=6.146381,38,146.38165049999998,182.86845913381086
fixed15_temporal46,-12,20250618::index=6.146381,40,146.38165049999998,142.83559799848234
fixed15_temporal46,-12,20250618::index=6.146381,46,146.38165049999998,164.9500687827248
fixed15_temporal46,-12,20250618::index=6.146381,47,146.38165049999998,148.54171598962222
fixed15_temporal46,-12,20250618::index=6.146381,56,146.38165049999998,191.10173927214385
fixed15_temporal46,-12,20250618::index=6.146381,58,146.38165049999998,166.63493868197003
fixed15_temporal46,-12,20250618::index=6.146381,59,146.38165049999998,142.99463228617438
fixed15_temporal46,-12,20250611::index=7.1.81E+05,4,181.378003,185.13166691330292
fixed15_temporal46,-12,20250611::index=7.1.81E+05,5,181.378003,127.7578121807264
fixed15_temporal46,-12,20250611::index=7.1.81E+05,10,181.378003,182.58119512408868
fixed15_temporal46,-12,20250611::index=7.1.81E+05,15,181.378003,153.13460733682294
fixed15_temporal46,-12,20250611::index=7.1.81E+05,18,181.378003,150.77785576324962
fixed15_temporal46,-12,20250611::index=7.1.81E+05,20,181.378003,153.59812907617854
fixed15_temporal46,-12,20250611::index=7.1.81E+05,26,181.378003,191.0268422385825
fixed15_temporal46,-12,20250611::index=7.1.81E+05,28,181.378003,157.6352197940572
fixed15_temporal46,-12,20250611::index=7.1.81E+05,33,181.378003,190.6577819445312
fixed15_temporal46,-12,20250611::index=7.1.81E+05,37,181.378003,191.61578331208352
fixed15_temporal46,-12,20250611::index=7.1.81E+05,41,181.378003,144.80643606016636
fixed15_temporal46,-12,20250611::index=7.1.81E+05,44,181.378003,182.10710729956483
fixed15_temporal46,-12,20250611::index=7.1.81E+05,56,181.378003,131.43698765041574
fixed15_temporal46,-12,20250611::index=7.1.81E+05,57,181.378003,148.97469186842397
fixed15_temporal46,-12,20250611::index=7.1.81E+05,58,181.378003,180.76691034314456
fixed15_temporal46,-12,20250618::index=7.184190,4,184.1909699,153.2314216194269
fixed15_temporal46,-12,20250618::index=7.184190,5,184.1909699,150.28129081757396
fixed15_temporal46,-12,20250618::index=7.184190,10,184.1909699,180.7068334022755
fixed15_temporal46,-12,20250618::index=7.184190,15,184.1909699,157.36796916404194
fixed15_temporal46,-12,20250618::index=7.184190,18,184.1909699,158.4048488925861
fixed15_temporal46,-12,20250618::index=7.184190,20,184.1909699,152.97509528523872
fixed15_temporal46,-12,20250618::index=7.184190,26,184.1909699,193.32354866157687
fixed15_temporal46,-12,20250618::index=7.184190,28,184.1909699,176.70942814979375
fixed15_temporal46,-12,20250618::index=7.184190,33,184.1909699,268.06674019575513
fixed15_temporal46,-12,20250618::index=7.184190,37,184.1909699,189.45091606800096
fixed15_temporal46,-12,20250618::index=7.184190,41,184.1909699,166.86522141628186
fixed15_temporal46,-12,20250618::index=7.184190,44,184.1909699,155.65315392156865
fixed15_temporal46,-12,20250618::index=7.184190,56,184.1909699,157.85506027447147
fixed15_temporal46,-12,20250618::index=7.184190,57,184.1909699,193.67701003438725
fixed15_temporal46,-12,20250618::index=7.184190,58,184.1909699,153.14510811954952
fixed15_temporal46,-12,20250611::index=3.2.10E+04,1,20.97971604,156.05346525673676
fixed15_temporal46,-12,20250611::index=3.2.10E+04,6,20.97971604,125.85249228088465
fixed15_temporal46,-12,20250611::index=3.2.10E+04,11,20.97971604,182.86735163869554
fixed15_temporal46,-12,20250611::index=3.2.10E+04,22,20.97971604,178.08706420038567
fixed15_temporal46,-12,20250611::index=3.2.10E+04,28,20.97971604,124.77715051402048
fixed15_temporal46,-12,20250611::index=3.2.10E+04,33,20.97971604,158.6299440013444
fixed15_temporal46,-12,20250611::index=3.2.10E+04,34,20.97971604,137.6416231937631
fixed15_temporal46,-12,20250611::index=3.2.10E+04,36,20.97971604,134.9510802979968
fixed15_temporal46,-12,20250611::index=3.2.10E+04,41,20.97971604,137.5063109867325
fixed15_temporal46,-12,20250611::index=3.2.10E+04,42,20.97971604,160.6996699593225
fixed15_temporal46,-12,20250611::index=3.2.10E+04,52,20.97971604,78.12500796614803
fixed15_temporal46,-12,20250611::index=3.2.10E+04,54,20.97971604,178.92800753238174
fixed15_temporal46,-12,20250611::index=3.2.10E+04,56,20.97971604,161.2718741507643
fixed15_temporal46,-12,20250611::index=3.2.10E+04,57,20.97971604,142.29111235586652
fixed15_temporal46,-12,20250611::index=3.2.10E+04,59,20.97971604,152.84140347939356
fixed15_temporal46,-12,20250618::index=3.21242,1,21.24286319,169.743812710977
fixed15_temporal46,-12,20250618::index=3.21242,6,21.24286319,165.9637076750644
fixed15_temporal46,-12,20250618::index=3.21242,11,21.24286319,154.45239107997367
fixed15_temporal46,-12,20250618::index=3.21242,22,21.24286319,166.62768530065256
fixed15_temporal46,-12,20250618::index=3.21242,28,21.24286319,174.4523034511801
fixed15_temporal46,-12,20250618::index=3.21242,33,21.24286319,160.8168375190586
fixed15_temporal46,-12,20250618::index=3.21242,34,21.24286319,158.85721555761828
fixed15_temporal46,-12,20250618::index=3.21242,36,21.24286319,188.3571278653264
fixed15_temporal46,-12,20250618::index=3.21242,41,21.24286319,193.6019354156284
fixed15_temporal46,-12,20250618::index=3.21242,42,21.24286319,159.93071529498485
fixed15_temporal46,-12,20250618::index=3.21242,52,21.24286319,174.33741912730633
fixed15_temporal46,-12,20250618::index=3.21242,54,21.24286319,155.97684961977984
fixed15_temporal46,-12,20250618::index=3.21242,56,21.24286319,158.21274400961968
fixed15_temporal46,-12,20250618::index=3.21242,57,21.24286319,156.28461370481554
fixed15_temporal46,-12,20250618::index=3.21242,59,21.24286319,153.86049775636823
fixed15_temporal46,-12,20250611::index=8.2.22E+05,0,221.5051102,182.10917111961942
fixed15_temporal46,-12,20250611::index=8.2.22E+05,4,221.5051102,149.45817114771958
fixed15_temporal46,-12,20250611::index=8.2.22E+05,6,221.5051102,189.93436789278402
fixed15_temporal46,-12,20250611::index=8.2.22E+05,9,221.5051102,180.3893401684281
fixed15_temporal46,-12,20250611::index=8.2.22E+05,13,221.5051102,182.5521002517736
fixed15_temporal46,-12,20250611::index=8.2.22E+05,15,221.5051102,161.91774904666272
fixed15_temporal46,-12,20250611::index=8.2.22E+05,17,221.5051102,156.10083447756955
fixed15_temporal46,-12,20250611::index=8.2.22E+05,22,221.5051102,180.88136571068446
fixed15_temporal46,-12,20250611::index=8.2.22E+05,24,221.5051102,182.7672632673546
fixed15_temporal46,-12,20250611::index=8.2.22E+05,28,221.5051102,157.39627425629467
fixed15_temporal46,-12,20250611::index=8.2.22E+05,31,221.5051102,157.6060065916342
fixed15_temporal46,-12,20250611::index=8.2.22E+05,39,221.5051102,179.18363205378975
fixed15_temporal46,-12,20250611::index=8.2.22E+05,40,221.5051102,155.37969681623449
fixed15_temporal46,-12,20250611::index=8.2.22E+05,50,221.5051102,156.53817151479012
fixed15_temporal46,-12,20250611::index=8.2.22E+05,59,221.5051102,174.2317560362776
fixed15_temporal46,-12,20250618::index=8.225704,0,225.70496179999998,190.26883593361552
fixed15_temporal46,-12,20250618::index=8.225704,4,225.70496179999998,268.10979350403625
fixed15_temporal46,-12,20250618::index=8.225704,6,225.70496179999998,163.3888248260983
fixed15_temporal46,-12,20250618::index=8.225704,9,225.70496179999998,189.13906411182154
fixed15_temporal46,-12,20250618::index=8.225704,13,225.70496179999998,272.6350618182217
fixed15_temporal46,-12,20250618::index=8.225704,15,225.70496179999998,167.5281415166144
fixed15_temporal46,-12,20250618::index=8.225704,17,225.70496179999998,169.05689635642148
fixed15_temporal46,-12,20250618::index=8.225704,22,225.70496179999998,172.15266559099177
fixed15_temporal46,-12,20250618::index=8.225704,24,225.70496179999998,162.44728233441404
fixed15_temporal46,-12,20250618::index=8.225704,28,225.70496179999998,186.00251556594606
fixed15_temporal46,-12,20250618::index=8.225704,31,225.70496179999998,193.46867931492028
fixed15_temporal46,-12,20250618::index=8.225704,39,225.70496179999998,271.3754640215379
fixed15_temporal46,-12,20250618::index=8.225704,40,225.70496179999998,164.0939770421909
fixed15_temporal46,-12,20250618::index=8.225704,50,225.70496179999998,237.39042404096986
fixed15_temporal46,-12,20250618::index=8.225704,59,225.70496179999998,160.43677504315062
fixed15_temporal46,-12,20250611::index=2.2.36E+03,0,2.35533535,192.69208887833
fixed15_temporal46,-12,20250611::index=2.2.36E+03,2,2.35533535,181.72629654681504
fixed15_temporal46,-12,20250611::index=2.2.36E+03,3,2.35533535,164.28830163996244
fixed15_temporal46,-12,20250611::index=2.2.36E+03,14,2.35533535,156.32304737387844
fixed15_temporal46,-12,20250611::index=2.2.36E+03,21,2.35533535,182.10710729956483
fixed15_temporal46,-12,20250611::index=2.2.36E+03,23,2.35533535,155.17012043154605
fixed15_temporal46,-12,20250611::index=2.2.36E+03,29,2.35533535,183.70438841857273
fixed15_temporal46,-12,20250611::index=2.2.36E+03,36,2.35533535,109.5239217726936
fixed15_temporal46,-12,20250611::index=2.2.36E+03,37,2.35533535,196.47377693663444
fixed15_temporal46,-12,20250611::index=2.2.36E+03,44,2.35533535,184.7168345394819
fixed15_temporal46,-12,20250611::index=2.2.36E+03,47,2.35533535,177.5797177943668
fixed15_temporal46,-12,20250611::index=2.2.36E+03,48,2.35533535,136.05610376775002
fixed15_temporal46,-12,20250611::index=2.2.36E+03,54,2.35533535,137.58276027872552
fixed15_temporal46,-12,20250611::index=2.2.36E+03,55,2.35533535,144.0605564368271
fixed15_temporal46,-12,20250611::index=2.2.36E+03,59,2.35533535,138.774559411939
fixed15_temporal46,-12,20250618::index=2.2380,0,2.380025286,182.40440922944052
fixed15_temporal46,-12,20250618::index=2.2380,2,2.380025286,183.61859854257554
fixed15_temporal46,-12,20250618::index=2.2380,3,2.380025286,162.61383722868214
fixed15_temporal46,-12,20250618::index=2.2380,14,2.380025286,156.90072190741367
fixed15_temporal46,-12,20250618::index=2.2380,21,2.380025286,185.8087628201543
fixed15_temporal46,-12,20250618::index=2.2380,23,2.380025286,163.07853707027917
fixed15_temporal46,-12,20250618::index=2.2380,29,2.380025286,188.8425829865278
fixed15_temporal46,-12,20250618::index=2.2380,36,2.380025286,173.42663402084486
fixed15_temporal46,-12,20250618::index=2.2380,37,2.380025286,186.87784268935133
fixed15_temporal46,-12,20250618::index=2.2380,44,2.380025286,274.1427870135113
fixed15_temporal46,-12,20250618::index=2.2380,47,2.380025286,191.17813164041792
fixed15_temporal46,-12,20250618::index=2.2380,48,2.380025286,163.16834428630298
fixed15_temporal46,-12,20250618::index=2.2380,54,2.380025286,159.9893603358076
fixed15_temporal46,-12,20250618::index=2.2380,55,2.380025286,166.2745041971903
fixed15_temporal46,-12,20250618::index=2.2380,59,2.380025286,161.3814927390996
fixed15_temporal46,-12,20250611::index=9.2.67E+05,3,266.90769650000004,309.3902265326199
fixed15_temporal46,-12,20250611::index=9.2.67E+05,6,266.90769650000004,287.81029587018656
fixed15_temporal46,-12,20250611::index=9.2.67E+05,7,266.90769650000004,298.26072473043865
fixed15_temporal46,-12,20250611::index=9.2.67E+05,15,266.90769650000004,170.8861665991677
fixed15_temporal46,-12,20250611::index=9.2.67E+05,18,266.90769650000004,289.1828303264731
fixed15_temporal46,-12,20250611::index=9.2.67E+05,21,266.90769650000004,187.46634683775508
fixed15_temporal46,-12,20250611::index=9.2.67E+05,26,266.90769650000004,282.0461844232929
fixed15_temporal46,-12,20250611::index=9.2.67E+05,27,266.90769650000004,151.05611650744794
fixed15_temporal46,-12,20250611::index=9.2.67E+05,29,266.90769650000004,288.42764305129896
fixed15_temporal46,-12,20250611::index=9.2.67E+05,30,266.90769650000004,290.7387481712344
fixed15_temporal46,-12,20250611::index=9.2.67E+05,31,266.90769650000004,271.5075712538345
fixed15_temporal46,-12,20250611::index=9.2.67E+05,41,266.90769650000004,240.0195356814852
fixed15_temporal46,-12,20250611::index=9.2.67E+05,45,266.90769650000004,153.40216193514019
fixed15_temporal46,-12,20250611::index=9.2.67E+05,51,266.90769650000004,271.5075712538345
fixed15_temporal46,-12,20250611::index=9.2.67E+05,53,266.90769650000004,294.718146354146
fixed15_temporal46,-12,20250618::index=9.271677,3,271.6776816,263.3756301219972
fixed15_temporal46,-12,20250618::index=9.271677,6,271.6776816,240.56444208616918
fixed15_temporal46,-12,20250618::index=9.271677,7,271.6776816,189.3007573673266
fixed15_temporal46,-12,20250618::index=9.271677,15,271.6776816,283.8756983287084
fixed15_temporal46,-12,20250618::index=9.271677,18,271.6776816,268.1809767702513
fixed15_temporal46,-12,20250618::index=9.271677,21,271.6776816,260.50232513520757
fixed15_temporal46,-12,20250618::index=9.271677,26,271.6776816,192.81738040998562
fixed15_temporal46,-12,20250618::index=9.271677,27,271.6776816,161.00387149625266
fixed15_temporal46,-12,20250618::index=9.271677,29,271.6776816,166.84706942938627
fixed15_temporal46,-12,20250618::index=9.271677,30,271.6776816,164.50979150485492
fixed15_temporal46,-12,20250618::index=9.271677,31,271.6776816,167.41200976449414
fixed15_temporal46,-12,20250618::index=9.271677,41,271.6776816,250.63489613984643
fixed15_temporal46,-12,20250618::index=9.271677,45,271.6776816,283.72385421883195
fixed15_temporal46,-12,20250618::index=9.271677,51,271.6776816,149.69230253114875
fixed15_temporal46,-12,20250618::index=9.271677,53,271.6776816,165.69554971625934
fixed15_temporal46,-12,20250611::index=10.3.15E+05,2,315.4661173,276.4626290473074
fixed15_temporal46,-12,20250611::index=10.3.15E+05,4,315.4661173,268.99075356290865
fixed15_temporal46,-12,20250611::index=10.3.15E+05,10,315.4661173,324.5803975690469
fixed15_temporal46,-12,20250611::index=10.3.15E+05,18,315.4661173,271.5611122335737
fixed15_temporal46,-12,20250611::index=10.3.15E+05,21,315.4661173,162.0242698732183
fixed15_temporal46,-12,20250611::index=10.3.15E+05,27,315.4661173,293.66101255753
fixed15_temporal46,-12,20250611::index=10.3.15E+05,29,315.4661173,270.8751591587373
fixed15_temporal46,-12,20250611::index=10.3.15E+05,31,315.4661173,295.1774021954921
fixed15_temporal46,-12,20250611::index=10.3.15E+05,40,315.4661173,332.753832781494
fixed15_temporal46,-12,20250611::index=10.3.15E+05,45,315.4661173,361.52284972768206
fixed15_temporal46,-12,20250611::index=10.3.15E+05,47,315.4661173,348.2669586456328
fixed15_temporal46,-12,20250611::index=10.3.15E+05,48,315.4661173,299.37474325118046
fixed15_temporal46,-12,20250611::index=10.3.15E+05,50,315.4661173,363.83400269503886
fixed15_temporal46,-12,20250611::index=10.3.15E+05,53,315.4661173,271.44483769418014
fixed15_temporal46,-12,20250611::index=10.3.15E+05,55,315.4661173,298.0679122128127
fixed15_temporal46,-12,20250618::index=10.322114,2,322.1142428,284.2369335249817
fixed15_temporal46,-12,20250618::index=10.322114,4,322.1142428,290.16933170719824
fixed15_temporal46,-12,20250618::index=10.322114,10,322.1142428,274.7754746564043
fixed15_temporal46,-12,20250618::index=10.322114,18,322.1142428,315.90328629227844
fixed15_temporal46,-12,20250618::index=10.322114,21,322.1142428,257.4950444342719
fixed15_temporal46,-12,20250618::index=10.322114,27,322.1142428,268.9860521017684
fixed15_temporal46,-12,20250618::index=10.322114,29,322.1142428,158.30376940291518
fixed15_temporal46,-12,20250618::index=10.322114,31,322.1142428,268.65974541258186
fixed15_temporal46,-12,20250618::index=10.322114,40,322.1142428,169.13839050695736
fixed15_temporal46,-12,20250618::index=10.322114,45,322.1142428,268.9838186692669
fixed15_temporal46,-12,20250618::index=10.322114,47,322.1142428,169.42817184125
fixed15_temporal46,-12,20250618::index=10.322114,48,322.1142428,266.2130055883568
fixed15_temporal46,-12,20250618::index=10.322114,50,322.1142428,166.01432402955942
fixed15_temporal46,-12,20250618::index=10.322114,53,322.1142428,165.9555100296352
fixed15_temporal46,-12,20250618::index=10.322114,55,322.1142428,155.21818271706582
fixed15_temporal46,-12,20250611::index=11.3.69E+05,1,368.97810499999997,375.250247312787
fixed15_temporal46,-12,20250611::index=11.3.69E+05,5,368.97810499999997,408.66246809964645
fixed15_temporal46,-12,20250611::index=11.3.69E+05,15,368.97810499999997,372.59060208702675
fixed15_temporal46,-12,20250611::index=11.3.69E+05,17,368.97810499999997,372.3983733412086
fixed15_temporal46,-12,20250611::index=11.3.69E+05,20,368.97810499999997,391.31453707675
fixed15_temporal46,-12,20250611::index=11.3.69E+05,31,368.97810499999997,387.1409163560284
fixed15_temporal46,-12,20250611::index=11.3.69E+05,37,368.97810499999997,402.055372674947
fixed15_temporal46,-12,20250611::index=11.3.69E+05,44,368.97810499999997,334.2767259589508
fixed15_temporal46,-12,20250611::index=11.3.69E+05,45,368.97810499999997,369.48076707694327
fixed15_temporal46,-12,20250611::index=11.3.69E+05,49,368.97810499999997,363.51296823066815
fixed15_temporal46,-12,20250611::index=11.3.69E+05,50,368.97810499999997,309.9144402375141
fixed15_temporal46,-12,20250611::index=11.3.69E+05,53,368.97810499999997,364.4230727773944
fixed15_temporal46,-12,20250611::index=11.3.69E+05,54,368.97810499999997,366.1314332169928
fixed15_temporal46,-12,20250611::index=11.3.69E+05,55,368.97810499999997,370.6976679286247
fixed15_temporal46,-12,20250611::index=11.3.69E+05,58,368.97810499999997,335.67918612707274
fixed15_temporal46,-12,20250618::index=11.376320,1,376.3201201,372.46507006546165
fixed15_temporal46,-12,20250618::index=11.376320,5,376.3201201,378.3103686477148
fixed15_temporal46,-12,20250618::index=11.376320,15,376.3201201,287.40270487821033
fixed15_temporal46,-12,20250618::index=11.376320,17,376.3201201,352.1295311070116
fixed15_temporal46,-12,20250618::index=11.376320,20,376.3201201,369.27654098354884
fixed15_temporal46,-12,20250618::index=11.376320,31,376.3201201,244.25478349869985
fixed15_temporal46,-12,20250618::index=11.376320,37,376.3201201,297.4637784908893
fixed15_temporal46,-12,20250618::index=11.376320,44,376.3201201,351.1410070234607
fixed15_temporal46,-12,20250618::index=11.376320,45,376.3201201,372.73098919073635
fixed15_temporal46,-12,20250618::index=11.376320,49,376.3201201,358.1289349393616
fixed15_temporal46,-12,20250618::index=11.376320,50,376.3201201,313.1914796751913
fixed15_temporal46,-12,20250618::index=11.376320,53,376.3201201,364.41308469349605
fixed15_temporal46,-12,20250618::index=11.376320,54,376.3201201,345.73463626761924
fixed15_temporal46,-12,20250618::index=11.376320,55,376.3201201,391.95598356742533
fixed15_temporal46,-12,20250618::index=11.376320,58,376.3201201,354.70855434630494
fixed15_temporal46,-12,20250611::index=12.4.27E+05,3,427.27619500000003,440.0653269166996
fixed15_temporal46,-12,20250611::index=12.4.27E+05,9,427.27619500000003,433.5962169257352
fixed15_temporal46,-12,20250611::index=12.4.27E+05,13,427.27619500000003,439.56474642758945
fixed15_temporal46,-12,20250611::index=12.4.27E+05,15,427.27619500000003,467.5986417053526
fixed15_temporal46,-12,20250611::index=12.4.27E+05,17,427.27619500000003,446.09217408844484
fixed15_temporal46,-12,20250611::index=12.4.27E+05,22,427.27619500000003,478.16039151682037
fixed15_temporal46,-12,20250611::index=12.4.27E+05,28,427.27619500000003,428.00270761954465
fixed15_temporal46,-12,20250611::index=12.4.27E+05,30,427.27619500000003,430.3613618099827
fixed15_temporal46,-12,20250611::index=12.4.27E+05,39,427.27619500000003,431.929244523931
fixed15_temporal46,-12,20250611::index=12.4.27E+05,42,427.27619500000003,462.60396827187196
fixed15_temporal46,-12,20250611::index=12.4.27E+05,44,427.27619500000003,433.11097403207407
fixed15_temporal46,-12,20250611::index=12.4.27E+05,46,427.27619500000003,485.84339814985384
fixed15_temporal46,-12,20250611::index=12.4.27E+05,47,427.27619500000003,471.62160774030474
fixed15_temporal46,-12,20250611::index=12.4.27E+05,54,427.27619500000003,423.0262343485198
fixed15_temporal46,-12,20250611::index=12.4.27E+05,57,427.27619500000003,466.4110734095823
fixed15_temporal46,-12,20250618::index=12.434018,3,434.0180833,380.4999980599887
fixed15_temporal46,-12,20250618::index=12.434018,9,434.0180833,410.0984211161902
fixed15_temporal46,-12,20250618::index=12.434018,13,434.0180833,486.99253997500216
fixed15_temporal46,-12,20250618::index=12.434018,15,434.0180833,395.5161190604316
fixed15_temporal46,-12,20250618::index=12.434018,17,434.0180833,399.25182312672695
fixed15_temporal46,-12,20250618::index=12.434018,22,434.0180833,376.8404927198948
fixed15_temporal46,-12,20250618::index=12.434018,28,434.0180833,404.53386001180456
fixed15_temporal46,-12,20250618::index=12.434018,30,434.0180833,471.9742458171908
fixed15_temporal46,-12,20250618::index=12.434018,39,434.0180833,378.6007239802923
fixed15_temporal46,-12,20250618::index=12.434018,42,434.0180833,376.82241362340653
fixed15_temporal46,-12,20250618::index=12.434018,44,434.0180833,370.76609688040685
fixed15_temporal46,-12,20250618::index=12.434018,46,434.0180833,435.6021283746226
fixed15_temporal46,-12,20250618::index=12.434018,47,434.0180833,437.35809207716187
fixed15_temporal46,-12,20250618::index=12.434018,54,434.0180833,440.0788673199063
fixed15_temporal46,-12,20250618::index=12.434018,57,434.0180833,428.88422183596026
fixed15_temporal46,-12,20250611::index=13.4.89E+05,3,489.45399810000004,539.8575434509494
fixed15_temporal46,-12,20250611::index=13.4.89E+05,7,489.45399810000004,483.50030376304056
fixed15_temporal46,-12,20250611::index=13.4.89E+05,12,489.45399810000004,485.7039831797767
fixed15_temporal46,-12,20250611::index=13.4.89E+05,13,489.45399810000004,462.1152282041319
fixed15_temporal46,-12,20250611::index=13.4.89E+05,14,489.45399810000004,495.6384391698689
fixed15_temporal46,-12,20250611::index=13.4.89E+05,20,489.45399810000004,501.9938101244686
fixed15_temporal46,-12,20250611::index=13.4.89E+05,34,489.45399810000004,490.40688566630837
fixed15_temporal46,-12,20250611::index=13.4.89E+05,39,489.45399810000004,487.6051871087239
fixed15_temporal46,-12,20250611::index=13.4.89E+05,42,489.45399810000004,464.51594549726303
fixed15_temporal46,-12,20250611::index=13.4.89E+05,44,489.45399810000004,490.1507491910855
fixed15_temporal46,-12,20250611::index=13.4.89E+05,48,489.45399810000004,489.9996954221934
fixed15_temporal46,-12,20250611::index=13.4.89E+05,51,489.45399810000004,488.99287102637066
fixed15_temporal46,-12,20250611::index=13.4.89E+05,53,489.45399810000004,492.97280315443345
fixed15_temporal46,-12,20250611::index=13.4.89E+05,54,489.45399810000004,495.82484643742487
fixed15_temporal46,-12,20250611::index=13.4.89E+05,59,489.45399810000004,484.0008670176264
fixed15_temporal46,-12,20250618::index=13.496023,3,496.0233525,493.7514748075267
fixed15_temporal46,-12,20250618::index=13.496023,7,496.0233525,502.1235372256158
fixed15_temporal46,-12,20250618::index=13.496023,12,496.0233525,458.53556155201454
fixed15_temporal46,-12,20250618::index=13.496023,13,496.0233525,490.2956445176773
fixed15_temporal46,-12,20250618::index=13.496023,14,496.0233525,499.528702252504
fixed15_temporal46,-12,20250618::index=13.496023,20,496.0233525,497.0969977827932
fixed15_temporal46,-12,20250618::index=13.496023,34,496.0233525,480.75758632748574
fixed15_temporal46,-12,20250618::index=13.496023,39,496.0233525,470.6516581918524
fixed15_temporal46,-12,20250618::index=13.496023,42,496.0233525,434.452193777655
fixed15_temporal46,-12,20250618::index=13.496023,44,496.0233525,492.17155059312375
fixed15_temporal46,-12,20250618::index=13.496023,48,496.0233525,477.32786329788905
fixed15_temporal46,-12,20250618::index=13.496023,51,496.0233525,479.21444625442405
fixed15_temporal46,-12,20250618::index=13.496023,53,496.0233525,481.86882858215876
fixed15_temporal46,-12,20250618::index=13.496023,54,496.0233525,506.29254877416565
fixed15_temporal46,-12,20250618::index=13.496023,59,496.0233525,504.65500317491967
fixed15_temporal46,-12,20250611::index=14.5.54E+05,8,554.1963218000001,575.0026285211968
fixed15_temporal46,-12,20250611::index=14.5.54E+05,9,554.1963218000001,554.1332786950012
fixed15_temporal46,-12,20250611::index=14.5.54E+05,10,554.1963218000001,544.0550169713895
fixed15_temporal46,-12,20250611::index=14.5.54E+05,14,554.1963218000001,575.2467386498888
fixed15_temporal46,-12,20250611::index=14.5.54E+05,29,554.1963218000001,545.9005070483372
fixed15_temporal46,-12,20250611::index=14.5.54E+05,30,554.1963218000001,490.907802775076
fixed15_temporal46,-12,20250611::index=14.5.54E+05,33,554.1963218000001,585.7891079104517
fixed15_temporal46,-12,20250611::index=14.5.54E+05,36,554.1963218000001,560.4036420629463
fixed15_temporal46,-12,20250611::index=14.5.54E+05,43,554.1963218000001,509.011626639141
fixed15_temporal46,-12,20250611::index=14.5.54E+05,48,554.1963218000001,541.568219725018
fixed15_temporal46,-12,20250611::index=14.5.54E+05,50,554.1963218000001,541.6560167551295
fixed15_temporal46,-12,20250611::index=14.5.54E+05,51,554.1963218000001,557.3126848164653
fixed15_temporal46,-12,20250611::index=14.5.54E+05,54,554.1963218000001,559.0509389351478
fixed15_temporal46,-12,20250611::index=14.5.54E+05,57,554.1963218000001,558.3392028003004
fixed15_temporal46,-12,20250611::index=14.5.54E+05,58,554.1963218000001,541.8839504206902
fixed15_temporal46,-12,20250618::index=14.562158,8,562.1587854,554.6433460975624
fixed15_temporal46,-12,20250618::index=14.562158,9,562.1587854,579.6758098093844
fixed15_temporal46,-12,20250618::index=14.562158,10,562.1587854,561.9214890113569
fixed15_temporal46,-12,20250618::index=14.562158,14,562.1587854,578.3126748429463
fixed15_temporal46,-12,20250618::index=14.562158,29,562.1587854,556.5433006000533
fixed15_temporal46,-12,20250618::index=14.562158,30,562.1587854,564.5123858860125
fixed15_temporal46,-12,20250618::index=14.562158,33,562.1587854,559.7712987854289
fixed15_temporal46,-12,20250618::index=14.562158,36,562.1587854,578.202710521432
fixed15_temporal46,-12,20250618::index=14.562158,43,562.1587854,569.3090156374371
fixed15_temporal46,-12,20250618::index=14.562158,48,562.1587854,550.5277445978725
fixed15_temporal46,-12,20250618::index=14.562158,50,562.1587854,567.3082236738377
fixed15_temporal46,-12,20250618::index=14.562158,51,562.1587854,561.8988734889937
fixed15_temporal46,-12,20250618::index=14.562158,54,562.1587854,545.7167058405622
fixed15_temporal46,-12,20250618::index=14.562158,57,562.1587854,567.916358950729
fixed15_temporal46,-12,20250618::index=14.562158,58,562.1587854,571.7887670855571
fixed15_temporal46,-12,20250611::index=4.5.76E+04,2,57.59331665,180.79680352870906
fixed15_temporal46,-12,20250611::index=4.5.76E+04,3,57.59331665,155.03645569089397
fixed15_temporal46,-12,20250611::index=4.5.76E+04,6,57.59331665,137.53284102203685
fixed15_temporal46,-12,20250611::index=4.5.76E+04,11,57.59331665,157.72767319484356
fixed15_temporal46,-12,20250611::index=4.5.76E+04,13,57.59331665,86.59755867734705
fixed15_temporal46,-12,20250611::index=4.5.76E+04,15,57.59331665,182.58325894414327
fixed15_temporal46,-12,20250611::index=4.5.76E+04,18,57.59331665,146.59290837527212
fixed15_temporal46,-12,20250611::index=4.5.76E+04,33,57.59331665,188.71916070991443
fixed15_temporal46,-12,20250611::index=4.5.76E+04,38,57.59331665,182.2845292753561
fixed15_temporal46,-12,20250611::index=4.5.76E+04,41,57.59331665,140.28819955739033
fixed15_temporal46,-12,20250611::index=4.5.76E+04,42,57.59331665,152.38987249091622
fixed15_temporal46,-12,20250611::index=4.5.76E+04,44,57.59331665,151.9370530207077
fixed15_temporal46,-12,20250611::index=4.5.76E+04,46,57.59331665,142.92120739830426
fixed15_temporal46,-12,20250611::index=4.5.76E+04,54,57.59331665,179.55946731562864
fixed15_temporal46,-12,20250611::index=4.5.76E+04,55,57.59331665,180.1038357826144
fixed15_temporal46,-12,20250618::index=4.58389,2,58.38985471,158.70847394062824
fixed15_temporal46,-12,20250618::index=4.58389,3,58.38985471,155.63838087303714
fixed15_temporal46,-12,20250618::index=4.58389,6,58.38985471,178.1607147600844
fixed15_temporal46,-12,20250618::index=4.58389,11,58.38985471,157.13313581823544
fixed15_temporal46,-12,20250618::index=4.58389,13,58.38985471,180.01398819612143
fixed15_temporal46,-12,20250618::index=4.58389,15,58.38985471,169.18760412280216
fixed15_temporal46,-12,20250618::index=4.58389,18,58.38985471,178.37824320534244
fixed15_temporal46,-12,20250618::index=4.58389,33,58.38985471,157.7705604751897
fixed15_temporal46,-12,20250618::index=4.58389,38,58.38985471,158.22641218854662
fixed15_temporal46,-12,20250618::index=4.58389,41,58.38985471,165.9143463189654
fixed15_temporal46,-12,20250618::index=4.58389,42,58.38985471,169.53904677942938
fixed15_temporal46,-12,20250618::index=4.58389,44,58.38985471,160.44611657689907
fixed15_temporal46,-12,20250618::index=4.58389,46,58.38985471,168.07361795541422
fixed15_temporal46,-12,20250618::index=4.58389,54,58.38985471,157.35858648238667
fixed15_temporal46,-12,20250618::index=4.58389,55,58.38985471,167.32207846113067
fixed15_temporal46,-12,20250611::index=15.6.24E+05,3,624.4425514,647.7748056681456
fixed15_temporal46,-12,20250611::index=15.6.24E+05,4,624.4425514,616.5027958005212
fixed15_temporal46,-12,20250611::index=15.6.24E+05,11,624.4425514,644.7848827019703
fixed15_temporal46,-12,20250611::index=15.6.24E+05,13,624.4425514,574.7769263334596
fixed15_temporal46,-12,20250611::index=15.6.24E+05,14,624.4425514,611.0465864908784
fixed15_temporal46,-12,20250611::index=15.6.24E+05,18,624.4425514,613.3030314213725
fixed15_temporal46,-12,20250611::index=15.6.24E+05,19,624.4425514,614.6966150074992
fixed15_temporal46,-12,20250611::index=15.6.24E+05,27,624.4425514,614.9479993571467
fixed15_temporal46,-12,20250611::index=15.6.24E+05,39,624.4425514,627.1267244906901
fixed15_temporal46,-12,20250611::index=15.6.24E+05,43,624.4425514,645.8838802746055
fixed15_temporal46,-12,20250611::index=15.6.24E+05,46,624.4425514,605.516766689539
fixed15_temporal46,-12,20250611::index=15.6.24E+05,51,624.4425514,627.022147854329
fixed15_temporal46,-12,20250611::index=15.6.24E+05,55,624.4425514,623.2878900177406
fixed15_temporal46,-12,20250611::index=15.6.24E+05,57,624.4425514,604.9638762313259
fixed15_temporal46,-12,20250611::index=15.6.24E+05,58,624.4425514,622.0403217522752
fixed15_temporal46,-12,20250618::index=15.633482,3,633.482536,654.131924284721
fixed15_temporal46,-12,20250618::index=15.633482,4,633.482536,635.4715676940064
fixed15_temporal46,-12,20250618::index=15.633482,11,633.482536,636.1008210352409
fixed15_temporal46,-12,20250618::index=15.633482,13,633.482536,621.8793859633575
fixed15_temporal46,-12,20250618::index=15.633482,14,633.482536,649.6687217647415
fixed15_temporal46,-12,20250618::index=15.633482,18,633.482536,601.9261435580903
fixed15_temporal46,-12,20250618::index=15.633482,19,633.482536,635.6933110514049
fixed15_temporal46,-12,20250618::index=15.633482,27,633.482536,609.9584054048279
fixed15_temporal46,-12,20250618::index=15.633482,39,633.482536,605.2299097164657
fixed15_temporal46,-12,20250618::index=15.633482,43,633.482536,673.7036080129876
fixed15_temporal46,-12,20250618::index=15.633482,46,633.482536,655.5602099750188
fixed15_temporal46,-12,20250618::index=15.633482,51,633.482536,698.9736894596048
fixed15_temporal46,-12,20250618::index=15.633482,55,633.482536,606.1991614148283
fixed15_temporal46,-12,20250618::index=15.633482,57,633.482536,653.820646061218
fixed15_temporal46,-12,20250618::index=15.633482,58,633.482536,646.6243252390327
fixed15_temporal46,-12,20250611::index=16.6.98E+05,2,698.421296,690.9102908154741
fixed15_temporal46,-12,20250611::index=16.6.98E+05,6,698.421296,704.6445828161912
fixed15_temporal46,-12,20250611::index=16.6.98E+05,9,698.421296,673.6408270510091
fixed15_temporal46,-12,20250611::index=16.6.98E+05,10,698.421296,662.6525528656298
fixed15_temporal46,-12,20250611::index=16.6.98E+05,13,698.421296,699.9934296056547
fixed15_temporal46,-12,20250611::index=16.6.98E+05,17,698.421296,688.9131535993334
fixed15_temporal46,-12,20250611::index=16.6.98E+05,35,698.421296,691.3131152267317
fixed15_temporal46,-12,20250611::index=16.6.98E+05,37,698.421296,689.1558020063762
fixed15_temporal46,-12,20250611::index=16.6.98E+05,39,698.421296,688.1462191840697
fixed15_temporal46,-12,20250611::index=16.6.98E+05,40,698.421296,707.7453175352753
fixed15_temporal46,-12,20250611::index=16.6.98E+05,46,698.421296,738.260327460563
fixed15_temporal46,-12,20250611::index=16.6.98E+05,47,698.421296,710.5310910765658
fixed15_temporal46,-12,20250611::index=16.6.98E+05,52,698.421296,749.9831247206877
fixed15_temporal46,-12,20250611::index=16.6.98E+05,55,698.421296,687.4967967162871
fixed15_temporal46,-12,20250611::index=16.6.98E+05,57,698.421296,694.9512617481842
fixed15_temporal46,-12,20250618::index=16.709792,2,709.7927143,711.3585828084797
fixed15_temporal46,-12,20250618::index=16.709792,6,709.7927143,736.8232029284216
fixed15_temporal46,-12,20250618::index=16.709792,9,709.7927143,710.8690021745374
fixed15_temporal46,-12,20250618::index=16.709792,10,709.7927143,751.4061814386358
fixed15_temporal46,-12,20250618::index=16.709792,13,709.7927143,714.4099500650601
fixed15_temporal46,-12,20250618::index=16.709792,17,709.7927143,739.8843391025802
fixed15_temporal46,-12,20250618::index=16.709792,35,709.7927143,701.7094512379774
fixed15_temporal46,-12,20250618::index=16.709792,37,709.7927143,714.6469689905715
fixed15_temporal46,-12,20250618::index=16.709792,39,709.7927143,710.2963427551892
fixed15_temporal46,-12,20250618::index=16.709792,40,709.7927143,729.371760782072
fixed15_temporal46,-12,20250618::index=16.709792,46,709.7927143,771.4138338058104
fixed15_temporal46,-12,20250618::index=16.709792,47,709.7927143,729.5535726835615
fixed15_temporal46,-12,20250618::index=16.709792,52,709.7927143,703.7771080353195
fixed15_temporal46,-12,20250618::index=16.709792,55,709.7927143,699.7449493145883
fixed15_temporal46,-12,20250618::index=16.709792,57,709.7927143,677.8768778296408
fixed15_temporal46,-12,20250611::index=17.7.77E+05,5,776.6472223000001,764.6871752304512
fixed15_temporal46,-12,20250611::index=17.7.77E+05,6,776.6472223000001,766.7180061085743
fixed15_temporal46,-12,20250611::index=17.7.77E+05,7,776.6472223000001,753.4082232500565
fixed15_temporal46,-12,20250611::index=17.7.77E+05,8,776.6472223000001,754.9637006505743
fixed15_temporal46,-12,20250611::index=17.7.77E+05,10,776.6472223000001,745.6295623614246
fixed15_temporal46,-12,20250611::index=17.7.77E+05,14,776.6472223000001,769.2922879534294
fixed15_temporal46,-12,20250611::index=17.7.77E+05,19,776.6472223000001,814.6800778090297
fixed15_temporal46,-12,20250611::index=17.7.77E+05,24,776.6472223000001,772.5987469821864
fixed15_temporal46,-12,20250611::index=17.7.77E+05,26,776.6472223000001,744.1456082574249
fixed15_temporal46,-12,20250611::index=17.7.77E+05,31,776.6472223000001,748.0401799481892
fixed15_temporal46,-12,20250611::index=17.7.77E+05,41,776.6472223000001,797.15165499925
fixed15_temporal46,-12,20250611::index=17.7.77E+05,52,776.6472223000001,807.6215946717057
fixed15_temporal46,-12,20250611::index=17.7.77E+05,53,776.6472223000001,817.7497753021863
fixed15_temporal46,-12,20250611::index=17.7.77E+05,54,776.6472223000001,769.8998014853131
fixed15_temporal46,-12,20250611::index=17.7.77E+05,55,776.6472223000001,731.1971451124334
fixed15_temporal46,-12,20250618::index=17.789500,5,789.5001968,770.0232192988361
fixed15_temporal46,-12,20250618::index=17.789500,6,789.5001968,836.9817356308843
fixed15_temporal46,-12,20250618::index=17.789500,7,789.5001968,712.428565152528
fixed15_temporal46,-12,20250618::index=17.789500,8,789.5001968,724.7370495643567
fixed15_temporal46,-12,20250618::index=17.789500,10,789.5001968,748.0453749949138
fixed15_temporal46,-12,20250618::index=17.789500,14,789.5001968,828.6720264738584
fixed15_temporal46,-12,20250618::index=17.789500,19,789.5001968,827.0073044037873
fixed15_temporal46,-12,20250618::index=17.789500,24,789.5001968,754.0344292399557
fixed15_temporal46,-12,20250618::index=17.789500,26,789.5001968,842.4925858284034
fixed15_temporal46,-12,20250618::index=17.789500,31,789.5001968,796.4273919869928
fixed15_temporal46,-12,20250618::index=17.789500,41,789.5001968,767.6314981345544
fixed15_temporal46,-12,20250618::index=17.789500,52,789.5001968,759.6867467606112
fixed15_temporal46,-12,20250618::index=17.789500,53,789.5001968,749.4087500599603
fixed15_temporal46,-12,20250618::index=17.789500,54,789.5001968,806.9062390003678
fixed15_temporal46,-12,20250618::index=17.789500,55,789.5001968,793.3788752552688
fixed15_temporal46,-12,20250611::index=18.8.59E+05,0,859.3439142,865.8895974165491
fixed15_temporal46,-12,20250611::index=18.8.59E+05,5,859.3439142,843.2630119119045
fixed15_temporal46,-12,20250611::index=18.8.59E+05,14,859.3439142,858.7370462274924
fixed15_temporal46,-12,20250611::index=18.8.59E+05,18,859.3439142,839.8159695439768
fixed15_temporal46,-12,20250611::index=18.8.59E+05,19,859.3439142,866.0481470005913
fixed15_temporal46,-12,20250611::index=18.8.59E+05,21,859.3439142,868.2200499875486
fixed15_temporal46,-12,20250611::index=18.8.59E+05,26,859.3439142,871.6005749312264
fixed15_temporal46,-12,20250611::index=18.8.59E+05,27,859.3439142,854.6058958668921
fixed15_temporal46,-12,20250611::index=18.8.59E+05,32,859.3439142,858.0405961994949
fixed15_temporal46,-12,20250611::index=18.8.59E+05,36,859.3439142,858.8131551154981
fixed15_temporal46,-12,20250611::index=18.8.59E+05,43,859.3439142,784.3993904776702
fixed15_temporal46,-12,20250611::index=18.8.59E+05,53,859.3439142,863.6032563018028
fixed15_temporal46,-12,20250611::index=18.8.59E+05,54,859.3439142,838.0016943969666
fixed15_temporal46,-12,20250611::index=18.8.59E+05,56,859.3439142,865.2307730626335
fixed15_temporal46,-12,20250611::index=18.8.59E+05,57,859.3439142,857.7627718484152
fixed15_temporal46,-12,20250618::index=18.873637,0,873.6370359,869.9599713855375
fixed15_temporal46,-12,20250618::index=18.873637,5,873.6370359,868.2836150385214
fixed15_temporal46,-12,20250618::index=18.873637,14,873.6370359,872.9715696485952
fixed15_temporal46,-12,20250618::index=18.873637,18,873.6370359,856.1908977190473
fixed15_temporal46,-12,20250618::index=18.873637,19,873.6370359,854.0738180813524
fixed15_temporal46,-12,20250618::index=18.873637,21,873.6370359,853.5181315584517
fixed15_temporal46,-12,20250618::index=18.873637,26,873.6370359,873.0719528941925
fixed15_temporal46,-12,20250618::index=18.873637,27,873.6370359,834.8864761870396
fixed15_temporal46,-12,20250618::index=18.873637,32,873.6370359,868.3455527667222
fixed15_temporal46,-12,20250618::index=18.873637,36,873.6370359,841.40916646431
fixed15_temporal46,-12,20250618::index=18.873637,43,873.6370359,867.6826133886972
fixed15_temporal46,-12,20250618::index=18.873637,53,873.6370359,868.6162556528135
fixed15_temporal46,-12,20250618::index=18.873637,54,873.6370359,863.4623712192413
fixed15_temporal46,-12,20250618::index=18.873637,56,873.6370359,844.810986532764
fixed15_temporal46,-12,20250618::index=18.873637,57,873.6370359,855.5269632190514
fixed15_band10,-16,20250618::index=1.0,0,-1.42e-09,207.32460788371912
fixed15_band10,-16,20250618::index=1.0,3,-1.42e-09,208.08318308678813
fixed15_band10,-16,20250618::index=1.0,5,-1.42e-09,205.20561787796026
fixed15_band10,-16,20250618::index=1.0,12,-1.42e-09,205.20561787796026
fixed15_band10,-16,20250618::index=1.0,13,-1.42e-09,207.02096841867402
fixed15_band10,-16,20250618::index=1.0,31,-1.42e-09,207.5601358215486
fixed15_band10,-16,20250618::index=1.0,33,-1.42e-09,206.86455178212762
fixed15_band10,-16,20250618::index=1.0,36,-1.42e-09,206.86455178212762
fixed15_band10,-16,20250618::index=1.0,45,-1.42e-09,205.20561787796026
fixed15_band10,-16,20250618::index=1.0,46,-1.42e-09,207.02096841867402
fixed15_band10,-16,20250618::index=1.0,48,-1.42e-09,205.20561787796026
fixed15_band10,-16,20250618::index=1.0,50,-1.42e-09,207.7252853057224
fixed15_band10,-16,20250618::index=1.0,52,-1.42e-09,205.20561787796026
fixed15_band10,-16,20250618::index=1.0,54,-1.42e-09,208.264452708597
fixed15_band10,-16,20250618::index=1.0,57,-1.42e-09,207.02096841867402
fixed15_band10,-16,20250611::index=1.3.28E-04,0,3.28047e-07,207.32460788371912
fixed15_band10,-16,20250611::index=1.3.28E-04,3,3.28047e-07,208.264452708597
fixed15_band10,-16,20250611::index=1.3.28E-04,5,3.28047e-07,206.86455178212762
fixed15_band10,-16,20250611::index=1.3.28E-04,12,3.28047e-07,207.5601358215486
fixed15_band10,-16,20250611::index=1.3.28E-04,13,3.28047e-07,207.02096841867402
fixed15_band10,-16,20250611::index=1.3.28E-04,31,3.28047e-07,207.4037191850022
fixed15_band10,-16,20250611::index=1.3.28E-04,33,3.28047e-07,207.5601358215486
fixed15_band10,-16,20250611::index=1.3.28E-04,36,3.28047e-07,206.86455178212762
fixed15_band10,-16,20250611::index=1.3.28E-04,45,3.28047e-07,207.5601358215486
fixed15_band10,-16,20250611::index=1.3.28E-04,46,3.28047e-07,207.5601358215486
fixed15_band10,-16,20250611::index=1.3.28E-04,48,3.28047e-07,205.74478528083486
fixed15_band10,-16,20250611::index=1.3.28E-04,50,3.28047e-07,208.08318308678813
fixed15_band10,-16,20250611::index=1.3.28E-04,52,3.28047e-07,205.74478528083486
fixed15_band10,-16,20250611::index=1.3.28E-04,54,3.28047e-07,208.08318308678813
fixed15_band10,-16,20250611::index=1.3.28E-04,57,3.28047e-07,207.5601358215486
fixed15_band10,-16,20250611::index=5.1.11E+05,17,111.2647017,208.264452708597
fixed15_band10,-16,20250611::index=5.1.11E+05,19,111.2647017,208.8029616414821
fixed15_band10,-16,20250611::index=5.1.11E+05,21,111.2647017,207.32460788371912
fixed15_band10,-16,20250611::index=5.1.11E+05,23,111.2647017,207.5601358215486
fixed15_band10,-16,20250611::index=5.1.11E+05,28,111.2647017,207.02096841867402
fixed15_band10,-16,20250611::index=5.1.11E+05,34,111.2647017,208.264452708597
fixed15_band10,-16,20250611::index=5.1.11E+05,35,111.2647017,185.72056475106203
fixed15_band10,-16,20250611::index=5.1.11E+05,41,111.2647017,207.5601358215486
fixed15_band10,-16,20250611::index=5.1.11E+05,46,111.2647017,207.5601358215486
fixed15_band10,-16,20250611::index=5.1.11E+05,47,111.2647017,207.32460788371912
fixed15_band10,-16,20250611::index=5.1.11E+05,48,111.2647017,208.08318308678813
fixed15_band10,-16,20250611::index=5.1.11E+05,51,111.2647017,208.08318308678813
fixed15_band10,-16,20250611::index=5.1.11E+05,55,111.2647017,208.08318308678813
fixed15_band10,-16,20250611::index=5.1.11E+05,56,111.2647017,208.264452708597
fixed15_band10,-16,20250611::index=5.1.11E+05,58,111.2647017,207.5601358215486
fixed15_band10,-16,20250618::index=5.113188,17,113.1882901,207.5601358215486
fixed15_band10,-16,20250618::index=5.113188,19,113.1882901,208.08318308678813
fixed15_band10,-16,20250618::index=5.113188,21,113.1882901,207.32460788371912
fixed15_band10,-16,20250618::index=5.113188,23,113.1882901,207.5601358215486
fixed15_band10,-16,20250618::index=5.113188,28,113.1882901,207.02096841867402
fixed15_band10,-16,20250618::index=5.113188,34,113.1882901,207.5601358215486
fixed15_band10,-16,20250618::index=5.113188,35,113.1882901,171.00042860289426
fixed15_band10,-16,20250618::index=5.113188,41,113.1882901,208.264452708597
fixed15_band10,-16,20250618::index=5.113188,46,113.1882901,207.5601358215486
fixed15_band10,-16,20250618::index=5.113188,47,113.1882901,207.32460788371912
fixed15_band10,-16,20250618::index=5.113188,48,113.1882901,207.5601358215486
fixed15_band10,-16,20250618::index=5.113188,51,113.1882901,208.264452708597
fixed15_band10,-16,20250618::index=5.113188,55,113.1882901,207.5601358215486
fixed15_band10,-16,20250618::index=5.113188,56,113.1882901,207.5601358215486
fixed15_band10,-16,20250618::index=5.113188,58,113.1882901,207.5601358215486
fixed15_band10,-16,20250611::index=6.1.44E+05,6,144.32426180000002,208.264452708597
fixed15_band10,-16,20250611::index=6.1.44E+05,11,144.32426180000002,208.264452708597
fixed15_band10,-16,20250611::index=6.1.44E+05,13,144.32426180000002,208.264452708597
fixed15_band10,-16,20250611::index=6.1.44E+05,26,144.32426180000002,207.84765514895864
fixed15_band10,-16,20250611::index=6.1.44E+05,31,144.32426180000002,207.5601358215486
fixed15_band10,-16,20250611::index=6.1.44E+05,34,144.32426180000002,207.5601358215486
fixed15_band10,-16,20250611::index=6.1.44E+05,35,144.32426180000002,181.22825358019108
fixed15_band10,-16,20250611::index=6.1.44E+05,36,144.32426180000002,207.02096841867402
fixed15_band10,-16,20250611::index=6.1.44E+05,38,144.32426180000002,207.5601358215486
fixed15_band10,-16,20250611::index=6.1.44E+05,40,144.32426180000002,207.5601358215486
fixed15_band10,-16,20250611::index=6.1.44E+05,46,144.32426180000002,207.5601358215486
fixed15_band10,-16,20250611::index=6.1.44E+05,47,144.32426180000002,208.0289247707675
fixed15_band10,-16,20250611::index=6.1.44E+05,56,144.32426180000002,207.5601358215486
fixed15_band10,-16,20250611::index=6.1.44E+05,58,144.32426180000002,207.5601358215486
fixed15_band10,-16,20250611::index=6.1.44E+05,59,144.32426180000002,207.5601358215486
fixed15_band10,-16,20250618::index=6.146381,6,146.38165049999998,207.5601358215486
fixed15_band10,-16,20250618::index=6.146381,11,146.38165049999998,205.74478528083486
fixed15_band10,-16,20250618::index=6.146381,13,146.38165049999998,207.5601358215486
fixed15_band10,-16,20250618::index=6.146381,26,146.38165049999998,208.0289247707675
fixed15_band10,-16,20250618::index=6.146381,31,146.38165049999998,207.5601358215486
fixed15_band10,-16,20250618::index=6.146381,34,146.38165049999998,207.5601358215486
fixed15_band10,-16,20250618::index=6.146381,35,146.38165049999998,168.7814238568614
fixed15_band10,-16,20250618::index=6.146381,36,146.38165049999998,206.86455178212762
fixed15_band10,-16,20250618::index=6.146381,38,146.38165049999998,207.5601358215486
fixed15_band10,-16,20250618::index=6.146381,40,146.38165049999998,208.264452708597
fixed15_band10,-16,20250618::index=6.146381,46,146.38165049999998,207.5601358215486
fixed15_band10,-16,20250618::index=6.146381,47,146.38165049999998,207.32460788371912
fixed15_band10,-16,20250618::index=6.146381,56,146.38165049999998,207.5601358215486
fixed15_band10,-16,20250618::index=6.146381,58,146.38165049999998,205.74478528083486
fixed15_band10,-16,20250618::index=6.146381,59,146.38165049999998,208.264452708597
fixed15_band10,-16,20250611::index=7.1.81E+05,4,181.378003,207.5601358215486
fixed15_band10,-16,20250611::index=7.1.81E+05,5,181.378003,208.264452708597
fixed15_band10,-16,20250611::index=7.1.81E+05,10,181.378003,207.5601358215486
fixed15_band10,-16,20250611::index=7.1.81E+05,15,181.378003,207.5601358215486
fixed15_band10,-16,20250611::index=7.1.81E+05,18,181.378003,207.5601358215486
fixed15_band10,-16,20250611::index=7.1.81E+05,20,181.378003,207.5601358215486
fixed15_band10,-16,20250611::index=7.1.81E+05,26,181.378003,207.84765514895864
fixed15_band10,-16,20250611::index=7.1.81E+05,28,181.378003,206.86455178212762
fixed15_band10,-16,20250611::index=7.1.81E+05,33,181.378003,208.264452708597
fixed15_band10,-16,20250611::index=7.1.81E+05,37,181.378003,208.84402150758083
fixed15_band10,-16,20250611::index=7.1.81E+05,41,181.378003,208.264452708597
fixed15_band10,-16,20250611::index=7.1.81E+05,44,181.378003,207.5601358215486
fixed15_band10,-16,20250611::index=7.1.81E+05,56,181.378003,208.08318308678813
fixed15_band10,-16,20250611::index=7.1.81E+05,57,181.378003,207.5601358215486
fixed15_band10,-16,20250611::index=7.1.81E+05,58,181.378003,208.264452708597
fixed15_band10,-16,20250618::index=7.184190,4,184.1909699,207.02096841867402
fixed15_band10,-16,20250618::index=7.184190,5,184.1909699,205.20561787796026
fixed15_band10,-16,20250618::index=7.184190,10,184.1909699,207.5601358215486
fixed15_band10,-16,20250618::index=7.184190,15,184.1909699,207.02096841867402
fixed15_band10,-16,20250618::index=7.184190,18,184.1909699,207.5601358215486
fixed15_band10,-16,20250618::index=7.184190,20,184.1909699,207.5601358215486
fixed15_band10,-16,20250618::index=7.184190,26,184.1909699,208.0289247707675
fixed15_band10,-16,20250618::index=7.184190,28,184.1909699,205.20561787796026
fixed15_band10,-16,20250618::index=7.184190,33,184.1909699,246.713267872125
fixed15_band10,-16,20250618::index=7.184190,37,184.1909699,208.0289247707675
fixed15_band10,-16,20250618::index=7.184190,41,184.1909699,207.4037191850022
fixed15_band10,-16,20250618::index=7.184190,44,184.1909699,207.5601358215486
fixed15_band10,-16,20250618::index=7.184190,56,184.1909699,207.02096841867402
fixed15_band10,-16,20250618::index=7.184190,57,184.1909699,205.18471443896945
fixed15_band10,-16,20250618::index=7.184190,58,184.1909699,207.5601358215486
fixed15_band10,-16,20250611::index=3.2.10E+04,1,20.97971604,207.4037191850022
fixed15_band10,-16,20250611::index=3.2.10E+04,6,20.97971604,208.08318308678813
fixed15_band10,-16,20250611::index=3.2.10E+04,11,20.97971604,207.5601358215486
fixed15_band10,-16,20250611::index=3.2.10E+04,22,20.97971604,207.5601358215486
fixed15_band10,-16,20250611::index=3.2.10E+04,28,20.97971604,207.02096841867402
fixed15_band10,-16,20250611::index=3.2.10E+04,33,20.97971604,208.08318308678813
fixed15_band10,-16,20250611::index=3.2.10E+04,34,20.97971604,207.5601358215486
fixed15_band10,-16,20250611::index=3.2.10E+04,36,20.97971604,207.7252853057224
fixed15_band10,-16,20250611::index=3.2.10E+04,41,20.97971604,208.264452708597
fixed15_band10,-16,20250611::index=3.2.10E+04,42,20.97971604,207.5601358215486
fixed15_band10,-16,20250611::index=3.2.10E+04,52,20.97971604,208.08318308678813
fixed15_band10,-16,20250611::index=3.2.10E+04,54,20.97971604,208.08318308678813
fixed15_band10,-16,20250611::index=3.2.10E+04,56,20.97971604,208.264452708597
fixed15_band10,-16,20250611::index=3.2.10E+04,57,20.97971604,208.08318308678813
fixed15_band10,-16,20250611::index=3.2.10E+04,59,20.97971604,209.07954944541032
fixed15_band10,-16,20250618::index=3.21242,1,21.24286319,247.02025041844163
fixed15_band10,-16,20250618::index=3.21242,6,21.24286319,207.02096841867402
fixed15_band10,-16,20250618::index=3.21242,11,21.24286319,207.02096841867402
fixed15_band10,-16,20250618::index=3.21242,22,21.24286319,205.18471443896945
fixed15_band10,-16,20250618::index=3.21242,28,21.24286319,205.20561787796026
fixed15_band10,-16,20250618::index=3.21242,33,21.24286319,206.86455178212762
fixed15_band10,-16,20250618::index=3.21242,34,21.24286319,205.20561787796026
fixed15_band10,-16,20250618::index=3.21242,36,21.24286319,206.86455178212762
fixed15_band10,-16,20250618::index=3.21242,41,21.24286319,205.74478528083486
fixed15_band10,-16,20250618::index=3.21242,42,21.24286319,206.86455178212762
fixed15_band10,-16,20250618::index=3.21242,52,21.24286319,205.20561787796026
fixed15_band10,-16,20250618::index=3.21242,54,21.24286319,207.5601358215486
fixed15_band10,-16,20250618::index=3.21242,56,21.24286319,207.02096841867402
fixed15_band10,-16,20250618::index=3.21242,57,21.24286319,207.02096841867402
fixed15_band10,-16,20250618::index=3.21242,59,21.24286319,208.264452708597
fixed15_band10,-16,20250611::index=8.2.22E+05,0,221.5051102,207.32460788371912
fixed15_band10,-16,20250611::index=8.2.22E+05,4,221.5051102,207.02096841867402
fixed15_band10,-16,20250611::index=8.2.22E+05,6,221.5051102,207.7252853057224
fixed15_band10,-16,20250611::index=8.2.22E+05,9,221.5051102,207.5601358215486
fixed15_band10,-16,20250611::index=8.2.22E+05,13,221.5051102,207.54401568391353
fixed15_band10,-16,20250611::index=8.2.22E+05,15,221.5051102,205.20561787796026
fixed15_band10,-16,20250611::index=8.2.22E+05,17,221.5051102,207.5601358215486
fixed15_band10,-16,20250611::index=8.2.22E+05,22,221.5051102,205.74478528083486
fixed15_band10,-16,20250611::index=8.2.22E+05,24,221.5051102,207.5601358215486
fixed15_band10,-16,20250611::index=8.2.22E+05,28,221.5051102,207.02096841867402
fixed15_band10,-16,20250611::index=8.2.22E+05,31,221.5051102,207.5601358215486
fixed15_band10,-16,20250611::index=8.2.22E+05,39,221.5051102,206.86455178212762
fixed15_band10,-16,20250611::index=8.2.22E+05,40,221.5051102,207.5601358215486
fixed15_band10,-16,20250611::index=8.2.22E+05,50,221.5051102,208.08318308678813
fixed15_band10,-16,20250611::index=8.2.22E+05,59,221.5051102,208.08318308678813
fixed15_band10,-16,20250618::index=8.225704,0,225.70496179999998,207.32460788371912
fixed15_band10,-16,20250618::index=8.225704,4,225.70496179999998,204.64554703609488
fixed15_band10,-16,20250618::index=8.225704,6,225.70496179999998,207.02096841867402
fixed15_band10,-16,20250618::index=8.225704,9,225.70496179999998,207.5601358215486
fixed15_band10,-16,20250618::index=8.225704,13,225.70496179999998,270.93050120391166
fixed15_band10,-16,20250618::index=8.225704,15,225.70496179999998,206.86455178212762
fixed15_band10,-16,20250618::index=8.225704,17,225.70496179999998,205.74478528083486
fixed15_band10,-16,20250618::index=8.225704,22,225.70496179999998,205.18471443896945
fixed15_band10,-16,20250618::index=8.225704,24,225.70496179999998,205.74478528083486
fixed15_band10,-16,20250618::index=8.225704,28,225.70496179999998,206.86455178212762
fixed15_band10,-16,20250618::index=8.225704,31,225.70496179999998,205.74478528083486
fixed15_band10,-16,20250618::index=8.225704,39,225.70496179999998,246.713267872125
fixed15_band10,-16,20250618::index=8.225704,40,225.70496179999998,206.86455178212762
fixed15_band10,-16,20250618::index=8.225704,50,225.70496179999998,233.71006928721272
fixed15_band10,-16,20250618::index=8.225704,59,225.70496179999998,207.5601358215486
fixed15_band10,-16,20250611::index=2.2.36E+03,0,2.35533535,207.32460788371912
fixed15_band10,-16,20250611::index=2.2.36E+03,2,2.35533535,208.264452708597
fixed15_band10,-16,20250611::index=2.2.36E+03,3,2.35533535,208.08318308678813
fixed15_band10,-16,20250611::index=2.2.36E+03,14,2.35533535,207.5601358215486
fixed15_band10,-16,20250611::index=2.2.36E+03,21,2.35533535,207.32460788371912
fixed15_band10,-16,20250611::index=2.2.36E+03,23,2.35533535,205.74478528083486
fixed15_band10,-16,20250611::index=2.2.36E+03,29,2.35533535,207.5601358215486
fixed15_band10,-16,20250611::index=2.2.36E+03,36,2.35533535,208.08318308678813
fixed15_band10,-16,20250611::index=2.2.36E+03,37,2.35533535,208.84402150758083
fixed15_band10,-16,20250611::index=2.2.36E+03,44,2.35533535,207.5601358215486
fixed15_band10,-16,20250611::index=2.2.36E+03,47,2.35533535,205.50925734300537
fixed15_band10,-16,20250611::index=2.2.36E+03,48,2.35533535,208.264452708597
fixed15_band10,-16,20250611::index=2.2.36E+03,54,2.35533535,209.07954944541032
fixed15_band10,-16,20250611::index=2.2.36E+03,55,2.35533535,208.264452708597
fixed15_band10,-16,20250611::index=2.2.36E+03,59,2.35533535,208.08318308678813
fixed15_band10,-16,20250618::index=2.2380,0,2.380025286,207.32460788371912
fixed15_band10,-16,20250618::index=2.2380,2,2.380025286,207.5601358215486
fixed15_band10,-16,20250618::index=2.2380,3,2.380025286,208.08318308678813
fixed15_band10,-16,20250618::index=2.2380,14,2.380025286,207.5601358215486
fixed15_band10,-16,20250618::index=2.2380,21,2.380025286,207.32460788371912
fixed15_band10,-16,20250618::index=2.2380,23,2.380025286,207.4037191850022
fixed15_band10,-16,20250618::index=2.2380,29,2.380025286,207.5601358215486
fixed15_band10,-16,20250618::index=2.2380,36,2.380025286,206.86455178212762
fixed15_band10,-16,20250618::index=2.2380,37,2.380025286,207.84765514895864
fixed15_band10,-16,20250618::index=2.2380,44,2.380025286,247.02025041844163
fixed15_band10,-16,20250618::index=2.2380,47,2.380025286,205.50925734300537
fixed15_band10,-16,20250618::index=2.2380,48,2.380025286,207.02096841867402
fixed15_band10,-16,20250618::index=2.2380,54,2.380025286,207.5601358215486
fixed15_band10,-16,20250618::index=2.2380,55,2.380025286,207.02096841867402
fixed15_band10,-16,20250618::index=2.2380,59,2.380025286,207.5601358215486
fixed15_band10,-16,20250611::index=9.2.67E+05,3,266.90769650000004,308.41238373404764
fixed15_band10,-16,20250611::index=9.2.67E+05,6,266.90769650000004,284.6781939416506
fixed15_band10,-16,20250611::index=9.2.67E+05,7,266.90769650000004,285.55095151343204
fixed15_band10,-16,20250611::index=9.2.67E+05,15,266.90769650000004,204.64554703609488
fixed15_band10,-16,20250611::index=9.2.67E+05,18,266.90769650000004,290.85333243269474
fixed15_band10,-16,20250611::index=9.2.67E+05,21,266.90769650000004,204.94918650113996
fixed15_band10,-16,20250611::index=9.2.67E+05,26,266.90769650000004,276.15041887230404
fixed15_band10,-16,20250611::index=9.2.67E+05,27,266.90769650000004,205.20561787796026
fixed15_band10,-16,20250611::index=9.2.67E+05,29,266.90769650000004,282.7372443715175
fixed15_band10,-16,20250611::index=9.2.67E+05,30,266.90769650000004,293.7068770023527
fixed15_band10,-16,20250611::index=9.2.67E+05,31,266.90769650000004,277.26141588714773
fixed15_band10,-16,20250611::index=9.2.67E+05,41,266.90769650000004,207.4037191850022
fixed15_band10,-16,20250611::index=9.2.67E+05,45,266.90769650000004,205.74478528083486
fixed15_band10,-16,20250611::index=9.2.67E+05,51,266.90769650000004,274.2436399826757
fixed15_band10,-16,20250611::index=9.2.67E+05,53,266.90769650000004,285.55095151343204
fixed15_band10,-16,20250618::index=9.271677,3,271.6776816,207.4037191850022
fixed15_band10,-16,20250618::index=9.271677,6,271.6776816,242.44119604459505
fixed15_band10,-16,20250618::index=9.271677,7,271.6776816,207.5601358215486
fixed15_band10,-16,20250618::index=9.271677,15,271.6776816,275.9088300041772
fixed15_band10,-16,20250618::index=9.271677,18,271.6776816,206.86455178212762
fixed15_band10,-16,20250618::index=9.271677,21,271.6776816,247.6836098550818
fixed15_band10,-16,20250618::index=9.271677,26,271.6776816,207.32460788371912
fixed15_band10,-16,20250618::index=9.271677,27,271.6776816,207.02096841867402
fixed15_band10,-16,20250618::index=9.271677,29,271.6776816,205.74478528083486
fixed15_band10,-16,20250618::index=9.271677,30,271.6776816,205.18471443896945
fixed15_band10,-16,20250618::index=9.271677,31,271.6776816,205.74478528083486
fixed15_band10,-16,20250618::index=9.271677,41,271.6776816,249.66600812955224
fixed15_band10,-16,20250618::index=9.271677,45,271.6776816,282.0803995486637
fixed15_band10,-16,20250618::index=9.271677,51,271.6776816,207.5601358215486
fixed15_band10,-16,20250618::index=9.271677,53,271.6776816,207.5601358215486
fixed15_band10,-16,20250611::index=10.3.15E+05,2,315.4661173,286.29009894784986
fixed15_band10,-16,20250611::index=10.3.15E+05,4,315.4661173,277.26141588714773
fixed15_band10,-16,20250611::index=10.3.15E+05,10,315.4661173,332.69985452098484
fixed15_band10,-16,20250611::index=10.3.15E+05,18,315.4661173,273.06130434049476
fixed15_band10,-16,20250611::index=10.3.15E+05,21,315.4661173,205.50925734300537
fixed15_band10,-16,20250611::index=10.3.15E+05,27,315.4661173,297.0879890906054
fixed15_band10,-16,20250611::index=10.3.15E+05,29,315.4661173,280.3119742435917
fixed15_band10,-16,20250611::index=10.3.15E+05,31,315.4661173,298.99476798023375
fixed15_band10,-16,20250611::index=10.3.15E+05,40,315.4661173,315.9937875648486
fixed15_band10,-16,20250611::index=10.3.15E+05,45,315.4661173,317.22398946941354
fixed15_band10,-16,20250611::index=10.3.15E+05,47,315.4661173,322.04485151045503
fixed15_band10,-16,20250611::index=10.3.15E+05,48,315.4661173,306.236002355564
fixed15_band10,-16,20250611::index=10.3.15E+05,50,315.4661173,317.22398946941354
fixed15_band10,-16,20250611::index=10.3.15E+05,53,315.4661173,240.69551419706244
fixed15_band10,-16,20250611::index=10.3.15E+05,55,315.4661173,303.1037475869019
fixed15_band10,-16,20250618::index=10.322114,2,322.1142428,338.7763953153638
fixed15_band10,-16,20250618::index=10.322114,4,322.1142428,281.608418313216
fixed15_band10,-16,20250618::index=10.322114,10,322.1142428,245.2199439285904
fixed15_band10,-16,20250618::index=10.322114,18,322.1142428,320.9976277633629
fixed15_band10,-16,20250618::index=10.322114,21,322.1142428,240.40763259569533
fixed15_band10,-16,20250618::index=10.322114,27,322.1142428,246.713267872125
fixed15_band10,-16,20250618::index=10.322114,29,322.1142428,207.5601358215486
fixed15_band10,-16,20250618::index=10.322114,31,322.1142428,247.9191377929113
fixed15_band10,-16,20250618::index=10.322114,40,322.1142428,205.20561787796026
fixed15_band10,-16,20250618::index=10.322114,45,322.1142428,204.64554703609488
fixed15_band10,-16,20250618::index=10.322114,47,322.1142428,205.50925734300537
fixed15_band10,-16,20250618::index=10.322114,48,322.1142428,246.713267872125
fixed15_band10,-16,20250618::index=10.322114,50,322.1142428,207.5601358215486
fixed15_band10,-16,20250618::index=10.322114,53,322.1142428,205.74478528083486
fixed15_band10,-16,20250618::index=10.322114,55,322.1142428,207.02096841867402
fixed15_band10,-16,20250611::index=11.3.69E+05,1,368.97810499999997,357.10499260745536
fixed15_band10,-16,20250611::index=11.3.69E+05,5,368.97810499999997,417.7198811858139
fixed15_band10,-16,20250611::index=11.3.69E+05,15,368.97810499999997,365.3822680877982
fixed15_band10,-16,20250611::index=11.3.69E+05,17,368.97810499999997,364.6023214845423
fixed15_band10,-16,20250611::index=11.3.69E+05,20,368.97810499999997,384.0156176056513
fixed15_band10,-16,20250611::index=11.3.69E+05,31,368.97810499999997,393.3290262837776
fixed15_band10,-16,20250611::index=11.3.69E+05,37,368.97810499999997,407.83644001108934
fixed15_band10,-16,20250611::index=11.3.69E+05,44,368.97810499999997,343.41718563861184
fixed15_band10,-16,20250611::index=11.3.69E+05,45,368.97810499999997,345.6737097844698
fixed15_band10,-16,20250611::index=11.3.69E+05,49,368.97810499999997,345.11678964136973
fixed15_band10,-16,20250611::index=11.3.69E+05,50,368.97810499999997,305.47922675020067
fixed15_band10,-16,20250611::index=11.3.69E+05,53,368.97810499999997,425.93651236818926
fixed15_band10,-16,20250611::index=11.3.69E+05,54,368.97810499999997,353.62502594811775
fixed15_band10,-16,20250611::index=11.3.69E+05,55,368.97810499999997,363.167735624777
fixed15_band10,-16,20250611::index=11.3.69E+05,58,368.97810499999997,343.23974813541685
fixed15_band10,-16,20250618::index=11.376320,1,376.3201201,367.88687667502444
fixed15_band10,-16,20250618::index=11.376320,5,376.3201201,368.5800330863103
fixed15_band10,-16,20250618::index=11.376320,15,376.3201201,281.608418313216
fixed15_band10,-16,20250618::index=11.376320,17,376.3201201,337.8669381696808
fixed15_band10,-16,20250618::index=11.376320,20,376.3201201,349.1820439648987
fixed15_band10,-16,20250618::index=11.376320,31,376.3201201,240.80997712406898
fixed15_band10,-16,20250618::index=11.376320,37,376.3201201,280.81951380256316
fixed15_band10,-16,20250618::index=11.376320,44,376.3201201,342.12584214798585
fixed15_band10,-16,20250618::index=11.376320,45,376.3201201,382.87338923496
fixed15_band10,-16,20250618::index=11.376320,49,376.3201201,336.461338436644
fixed15_band10,-16,20250618::index=11.376320,50,376.3201201,304.3204246681336
fixed15_band10,-16,20250618::index=11.376320,53,376.3201201,337.82460292389834
fixed15_band10,-16,20250618::index=11.376320,54,376.3201201,306.54102336557236
fixed15_band10,-16,20250618::index=11.376320,55,376.3201201,390.253993649937
fixed15_band10,-16,20250618::index=11.376320,58,376.3201201,348.6968317319299
fixed15_band10,-16,20250611::index=12.4.27E+05,3,427.27619500000003,444.08919003260525
fixed15_band10,-16,20250611::index=12.4.27E+05,9,427.27619500000003,428.3741103543258
fixed15_band10,-16,20250611::index=12.4.27E+05,13,427.27619500000003,446.9056218904667
fixed15_band10,-16,20250611::index=12.4.27E+05,15,427.27619500000003,465.93001819727044
fixed15_band10,-16,20250611::index=12.4.27E+05,17,427.27619500000003,435.6967778712665
fixed15_band10,-16,20250611::index=12.4.27E+05,22,427.27619500000003,484.5542896978665
fixed15_band10,-16,20250611::index=12.4.27E+05,28,427.27619500000003,431.5209284448693
fixed15_band10,-16,20250611::index=12.4.27E+05,30,427.27619500000003,426.30125642037603
fixed15_band10,-16,20250611::index=12.4.27E+05,39,427.27619500000003,427.8337273854621
fixed15_band10,-16,20250611::index=12.4.27E+05,42,427.27619500000003,454.75423772347546
fixed15_band10,-16,20250611::index=12.4.27E+05,44,427.27619500000003,445.44542930347893
fixed15_band10,-16,20250611::index=12.4.27E+05,46,427.27619500000003,470.26467682381065
fixed15_band10,-16,20250611::index=12.4.27E+05,47,427.27619500000003,457.3474923899205
fixed15_band10,-16,20250611::index=12.4.27E+05,54,427.27619500000003,437.2317946214353
fixed15_band10,-16,20250611::index=12.4.27E+05,57,427.27619500000003,465.8821240313771
fixed15_band10,-16,20250618::index=12.434018,3,434.0180833,361.9541434448558
fixed15_band10,-16,20250618::index=12.434018,9,434.0180833,419.58648888722536
fixed15_band10,-16,20250618::index=12.434018,13,434.0180833,480.7760636815978
fixed15_band10,-16,20250618::index=12.434018,15,434.0180833,392.9931249095031
fixed15_band10,-16,20250618::index=12.434018,17,434.0180833,391.1619402733065
fixed15_band10,-16,20250618::index=12.434018,22,434.0180833,392.20698616815895
fixed15_band10,-16,20250618::index=12.434018,28,434.0180833,402.5862275787925
fixed15_band10,-16,20250618::index=12.434018,30,434.0180833,445.3056995269245
fixed15_band10,-16,20250618::index=12.434018,39,434.0180833,374.983921944095
fixed15_band10,-16,20250618::index=12.434018,42,434.0180833,380.8591447303613
fixed15_band10,-16,20250618::index=12.434018,44,434.0180833,376.8157486025708
fixed15_band10,-16,20250618::index=12.434018,46,434.0180833,406.47629358403674
fixed15_band10,-16,20250618::index=12.434018,47,434.0180833,464.685399858714
fixed15_band10,-16,20250618::index=12.434018,54,434.0180833,463.14617550707976
fixed15_band10,-16,20250618::index=12.434018,57,434.0180833,440.0062469948976
fixed15_band10,-16,20250611::index=13.4.89E+05,3,489.45399810000004,549.9468062217536
fixed15_band10,-16,20250611::index=13.4.89E+05,7,489.45399810000004,452.50896249680613
fixed15_band10,-16,20250611::index=13.4.89E+05,12,489.45399810000004,492.0044299759719
fixed15_band10,-16,20250611::index=13.4.89E+05,13,489.45399810000004,479.4474089656737
fixed15_band10,-16,20250611::index=13.4.89E+05,14,489.45399810000004,496.5417745086915
fixed15_band10,-16,20250611::index=13.4.89E+05,20,489.45399810000004,499.0777163917221
fixed15_band10,-16,20250611::index=13.4.89E+05,34,489.45399810000004,487.24667943789586
fixed15_band10,-16,20250611::index=13.4.89E+05,39,489.45399810000004,479.70582345642526
fixed15_band10,-16,20250611::index=13.4.89E+05,42,489.45399810000004,450.9487262396121
fixed15_band10,-16,20250611::index=13.4.89E+05,44,489.45399810000004,497.87664748650553
fixed15_band10,-16,20250611::index=13.4.89E+05,48,489.45399810000004,490.01834688362976
fixed15_band10,-16,20250611::index=13.4.89E+05,51,489.45399810000004,486.97353405871297
fixed15_band10,-16,20250611::index=13.4.89E+05,53,489.45399810000004,481.9452032434315
fixed15_band10,-16,20250611::index=13.4.89E+05,54,489.45399810000004,494.878809723353
fixed15_band10,-16,20250611::index=13.4.89E+05,59,489.45399810000004,476.69112216589247
fixed15_band10,-16,20250618::index=13.496023,3,496.0233525,506.480417708602
fixed15_band10,-16,20250618::index=13.496023,7,496.0233525,515.1708056340351
fixed15_band10,-16,20250618::index=13.496023,12,496.0233525,463.6403539638617
fixed15_band10,-16,20250618::index=13.496023,13,496.0233525,505.6180302364951
fixed15_band10,-16,20250618::index=13.496023,14,496.0233525,511.46059545084154
fixed15_band10,-16,20250618::index=13.496023,20,496.0233525,482.32089352267826
fixed15_band10,-16,20250618::index=13.496023,34,496.0233525,472.3166248647868
fixed15_band10,-16,20250618::index=13.496023,39,496.0233525,476.52184057775537
fixed15_band10,-16,20250618::index=13.496023,42,496.0233525,431.6389966388585
fixed15_band10,-16,20250618::index=13.496023,44,496.0233525,487.6121454718362
fixed15_band10,-16,20250618::index=13.496023,48,496.0233525,459.95948577568737
fixed15_band10,-16,20250618::index=13.496023,51,496.0233525,459.9094140864561
fixed15_band10,-16,20250618::index=13.496023,53,496.0233525,458.73227584415235
fixed15_band10,-16,20250618::index=13.496023,54,496.0233525,522.649178108002
fixed15_band10,-16,20250618::index=13.496023,59,496.0233525,503.9513365705908
fixed15_band10,-16,20250611::index=14.5.54E+05,8,554.1963218000001,556.8426010098037
fixed15_band10,-16,20250611::index=14.5.54E+05,9,554.1963218000001,546.273124388796
fixed15_band10,-16,20250611::index=14.5.54E+05,10,554.1963218000001,549.499587314905
fixed15_band10,-16,20250611::index=14.5.54E+05,14,554.1963218000001,558.0061746435252
fixed15_band10,-16,20250611::index=14.5.54E+05,29,554.1963218000001,545.391132313332
fixed15_band10,-16,20250611::index=14.5.54E+05,30,554.1963218000001,496.8907936483795
fixed15_band10,-16,20250611::index=14.5.54E+05,33,554.1963218000001,610.7787914529882
fixed15_band10,-16,20250611::index=14.5.54E+05,36,554.1963218000001,558.945929031646
fixed15_band10,-16,20250611::index=14.5.54E+05,43,554.1963218000001,552.839804344101
fixed15_band10,-16,20250611::index=14.5.54E+05,48,554.1963218000001,532.4107906840622
fixed15_band10,-16,20250611::index=14.5.54E+05,50,554.1963218000001,546.0370746511135
fixed15_band10,-16,20250611::index=14.5.54E+05,51,554.1963218000001,577.2521189990749
fixed15_band10,-16,20250611::index=14.5.54E+05,54,554.1963218000001,553.9670184422071
fixed15_band10,-16,20250611::index=14.5.54E+05,57,554.1963218000001,562.8913742841215
fixed15_band10,-16,20250611::index=14.5.54E+05,58,554.1963218000001,514.895555202117
fixed15_band10,-16,20250618::index=14.562158,8,562.1587854,541.7971359010122
fixed15_band10,-16,20250618::index=14.562158,9,562.1587854,574.6488193656434
fixed15_band10,-16,20250618::index=14.562158,10,562.1587854,557.093774949614
fixed15_band10,-16,20250618::index=14.562158,14,562.1587854,576.6052797653272
fixed15_band10,-16,20250618::index=14.562158,29,562.1587854,563.8436744403075
fixed15_band10,-16,20250618::index=14.562158,30,562.1587854,552.8991955286225
fixed15_band10,-16,20250618::index=14.562158,33,562.1587854,558.8510769153932
fixed15_band10,-16,20250618::index=14.562158,36,562.1587854,574.6488193656434
fixed15_band10,-16,20250618::index=14.562158,43,562.1587854,574.6488193656434
fixed15_band10,-16,20250618::index=14.562158,48,562.1587854,511.8468224132808
fixed15_band10,-16,20250618::index=14.562158,50,562.1587854,562.8131515336305
fixed15_band10,-16,20250618::index=14.562158,51,562.1587854,561.3301310561959
fixed15_band10,-16,20250618::index=14.562158,54,562.1587854,539.0659641482463
fixed15_band10,-16,20250618::index=14.562158,57,562.1587854,562.736551633553
fixed15_band10,-16,20250618::index=14.562158,58,562.1587854,569.0872452962809
fixed15_band10,-16,20250611::index=4.5.76E+04,2,57.59331665,208.264452708597
fixed15_band10,-16,20250611::index=4.5.76E+04,3,57.59331665,208.8029616414821
fixed15_band10,-16,20250611::index=4.5.76E+04,6,57.59331665,208.08318308678813
fixed15_band10,-16,20250611::index=4.5.76E+04,11,57.59331665,207.5601358215486
fixed15_band10,-16,20250611::index=4.5.76E+04,13,57.59331665,208.2243003904565
fixed15_band10,-16,20250611::index=4.5.76E+04,15,57.59331665,205.74478528083486
fixed15_band10,-16,20250611::index=4.5.76E+04,18,57.59331665,208.264452708597
fixed15_band10,-16,20250611::index=4.5.76E+04,33,57.59331665,208.08318308678813
fixed15_band10,-16,20250611::index=4.5.76E+04,38,57.59331665,207.5601358215486
fixed15_band10,-16,20250611::index=4.5.76E+04,41,57.59331665,208.264452708597
fixed15_band10,-16,20250611::index=4.5.76E+04,42,57.59331665,208.264452708597
fixed15_band10,-16,20250611::index=4.5.76E+04,44,57.59331665,207.5601358215486
fixed15_band10,-16,20250611::index=4.5.76E+04,46,57.59331665,208.08318308678813
fixed15_band10,-16,20250611::index=4.5.76E+04,54,57.59331665,207.5601358215486
fixed15_band10,-16,20250611::index=4.5.76E+04,55,57.59331665,208.264452708597
fixed15_band10,-16,20250618::index=4.58389,2,58.38985471,205.74478528083486
fixed15_band10,-16,20250618::index=4.58389,3,58.38985471,207.5601358215486
fixed15_band10,-16,20250618::index=4.58389,6,58.38985471,205.20561787796026
fixed15_band10,-16,20250618::index=4.58389,11,58.38985471,205.74478528083486
fixed15_band10,-16,20250618::index=4.58389,13,58.38985471,207.02096841867402
fixed15_band10,-16,20250618::index=4.58389,15,58.38985471,206.86455178212762
fixed15_band10,-16,20250618::index=4.58389,18,58.38985471,207.02096841867402
fixed15_band10,-16,20250618::index=4.58389,33,58.38985471,205.20561787796026
fixed15_band10,-16,20250618::index=4.58389,38,58.38985471,205.74478528083486
fixed15_band10,-16,20250618::index=4.58389,41,58.38985471,205.74478528083486
fixed15_band10,-16,20250618::index=4.58389,42,58.38985471,206.86455178212762
fixed15_band10,-16,20250618::index=4.58389,44,58.38985471,205.18471443896945
fixed15_band10,-16,20250618::index=4.58389,46,58.38985471,206.86455178212762
fixed15_band10,-16,20250618::index=4.58389,54,58.38985471,207.5601358215486
fixed15_band10,-16,20250618::index=4.58389,55,58.38985471,207.02096841867402
fixed15_band10,-16,20250611::index=15.6.24E+05,3,624.4425514,654.8191203666141
fixed15_band10,-16,20250611::index=15.6.24E+05,4,624.4425514,616.1819832317118
fixed15_band10,-16,20250611::index=15.6.24E+05,11,624.4425514,643.9415543505481
fixed15_band10,-16,20250611::index=15.6.24E+05,13,624.4425514,584.3346959954813
fixed15_band10,-16,20250611::index=15.6.24E+05,14,624.4425514,634.8024833374815
fixed15_band10,-16,20250611::index=15.6.24E+05,18,624.4425514,612.1644289180242
fixed15_band10,-16,20250611::index=15.6.24E+05,19,624.4425514,615.659657609174
fixed15_band10,-16,20250611::index=15.6.24E+05,27,624.4425514,602.9988038020208
fixed15_band10,-16,20250611::index=15.6.24E+05,39,624.4425514,647.5509891035001
fixed15_band10,-16,20250611::index=15.6.24E+05,43,624.4425514,643.3232958567212
fixed15_band10,-16,20250611::index=15.6.24E+05,46,624.4425514,618.0288227044593
fixed15_band10,-16,20250611::index=15.6.24E+05,51,624.4425514,626.0261546487786
fixed15_band10,-16,20250611::index=15.6.24E+05,55,624.4425514,639.3624634265934
fixed15_band10,-16,20250611::index=15.6.24E+05,57,624.4425514,606.0929546243623
fixed15_band10,-16,20250611::index=15.6.24E+05,58,624.4425514,616.3305468182899
fixed15_band10,-16,20250618::index=15.633482,3,633.482536,657.220730312766
fixed15_band10,-16,20250618::index=15.633482,4,633.482536,638.1384447525228
fixed15_band10,-16,20250618::index=15.633482,11,633.482536,640.0599663353246
fixed15_band10,-16,20250618::index=15.633482,13,633.482536,588.030706409371
fixed15_band10,-16,20250618::index=15.633482,14,633.482536,637.9023568591837
fixed15_band10,-16,20250618::index=15.633482,18,633.482536,604.460309802669
fixed15_band10,-16,20250618::index=15.633482,19,633.482536,639.2426439666293
fixed15_band10,-16,20250618::index=15.633482,27,633.482536,596.6180680482425
fixed15_band10,-16,20250618::index=15.633482,39,633.482536,587.7157311572441
fixed15_band10,-16,20250618::index=15.633482,43,633.482536,648.9793374893097
fixed15_band10,-16,20250618::index=15.633482,46,633.482536,681.8658306680433
fixed15_band10,-16,20250618::index=15.633482,51,633.482536,685.2658839154818
fixed15_band10,-16,20250618::index=15.633482,55,633.482536,590.7487198333607
fixed15_band10,-16,20250618::index=15.633482,57,633.482536,627.0054677462057
fixed15_band10,-16,20250618::index=15.633482,58,633.482536,656.6541525568873
fixed15_band10,-16,20250611::index=16.6.98E+05,2,698.421296,683.3533855114258
fixed15_band10,-16,20250611::index=16.6.98E+05,6,698.421296,758.7033951517213
fixed15_band10,-16,20250611::index=16.6.98E+05,9,698.421296,664.3121561657618
fixed15_band10,-16,20250611::index=16.6.98E+05,10,698.421296,699.7767442758299
fixed15_band10,-16,20250611::index=16.6.98E+05,13,698.421296,691.0444715618377
fixed15_band10,-16,20250611::index=16.6.98E+05,17,698.421296,688.48954445896
fixed15_band10,-16,20250611::index=16.6.98E+05,35,698.421296,676.2462507520584
fixed15_band10,-16,20250611::index=16.6.98E+05,37,698.421296,718.8228232584596
fixed15_band10,-16,20250611::index=16.6.98E+05,39,698.421296,667.1167087800962
fixed15_band10,-16,20250611::index=16.6.98E+05,40,698.421296,696.1971028760256
fixed15_band10,-16,20250611::index=16.6.98E+05,46,698.421296,766.9623645183573
fixed15_band10,-16,20250611::index=16.6.98E+05,47,698.421296,710.2178838567245
fixed15_band10,-16,20250611::index=16.6.98E+05,52,698.421296,757.6287466600047
fixed15_band10,-16,20250611::index=16.6.98E+05,55,698.421296,671.9813250598332
fixed15_band10,-16,20250611::index=16.6.98E+05,57,698.421296,694.9124548871504
fixed15_band10,-16,20250618::index=16.709792,2,709.7927143,705.3158763125113
fixed15_band10,-16,20250618::index=16.709792,6,709.7927143,732.7066379742998
fixed15_band10,-16,20250618::index=16.709792,9,709.7927143,679.1569781010097
fixed15_band10,-16,20250618::index=16.709792,10,709.7927143,761.833860680077
fixed15_band10,-16,20250618::index=16.709792,13,709.7927143,713.1432231820987
fixed15_band10,-16,20250618::index=16.709792,17,709.7927143,713.3561693340253
fixed15_band10,-16,20250618::index=16.709792,35,709.7927143,686.1993701944958
fixed15_band10,-16,20250618::index=16.709792,37,709.7927143,718.2960333296458
fixed15_band10,-16,20250618::index=16.709792,39,709.7927143,703.4515303682509
fixed15_band10,-16,20250618::index=16.709792,40,709.7927143,775.7299639136455
fixed15_band10,-16,20250618::index=16.709792,46,709.7927143,803.6916077583985
fixed15_band10,-16,20250618::index=16.709792,47,709.7927143,751.071199348214
fixed15_band10,-16,20250618::index=16.709792,52,709.7927143,719.8033841497946
fixed15_band10,-16,20250618::index=16.709792,55,709.7927143,675.6857127415698
fixed15_band10,-16,20250618::index=16.709792,57,709.7927143,658.7669973713722
fixed15_band10,-16,20250611::index=17.7.77E+05,5,776.6472223000001,752.8184975570201
fixed15_band10,-16,20250611::index=17.7.77E+05,6,776.6472223000001,773.9048879979233
fixed15_band10,-16,20250611::index=17.7.77E+05,7,776.6472223000001,812.7437111488434
fixed15_band10,-16,20250611::index=17.7.77E+05,8,776.6472223000001,782.3852592925568
fixed15_band10,-16,20250611::index=17.7.77E+05,10,776.6472223000001,779.6751427882508
fixed15_band10,-16,20250611::index=17.7.77E+05,14,776.6472223000001,804.9694373998121
fixed15_band10,-16,20250611::index=17.7.77E+05,19,776.6472223000001,830.7640516726184
fixed15_band10,-16,20250611::index=17.7.77E+05,24,776.6472223000001,789.5769313997748
fixed15_band10,-16,20250611::index=17.7.77E+05,26,776.6472223000001,746.4683867061104
fixed15_band10,-16,20250611::index=17.7.77E+05,31,776.6472223000001,769.6128194261605
fixed15_band10,-16,20250611::index=17.7.77E+05,41,776.6472223000001,783.6855272414871
fixed15_band10,-16,20250611::index=17.7.77E+05,52,776.6472223000001,779.1212863592899
fixed15_band10,-16,20250611::index=17.7.77E+05,53,776.6472223000001,785.0820958635593
fixed15_band10,-16,20250611::index=17.7.77E+05,54,776.6472223000001,748.452319898318
fixed15_band10,-16,20250611::index=17.7.77E+05,55,776.6472223000001,756.0142441938043
fixed15_band10,-16,20250618::index=17.789500,5,789.5001968,761.1695363367405
fixed15_band10,-16,20250618::index=17.789500,6,789.5001968,844.4353428166766
fixed15_band10,-16,20250618::index=17.789500,7,789.5001968,750.1881648000793
fixed15_band10,-16,20250618::index=17.789500,8,789.5001968,717.9336685404459
fixed15_band10,-16,20250618::index=17.789500,10,789.5001968,774.2262056302985
fixed15_band10,-16,20250618::index=17.789500,14,789.5001968,848.0615632044342
fixed15_band10,-16,20250618::index=17.789500,19,789.5001968,825.515828120615
fixed15_band10,-16,20250618::index=17.789500,24,789.5001968,766.3347521858796
fixed15_band10,-16,20250618::index=17.789500,26,789.5001968,856.2723705185997
fixed15_band10,-16,20250618::index=17.789500,31,789.5001968,796.769390692462
fixed15_band10,-16,20250618::index=17.789500,41,789.5001968,755.0841124803942
fixed15_band10,-16,20250618::index=17.789500,52,789.5001968,741.8900880510809
fixed15_band10,-16,20250618::index=17.789500,53,789.5001968,762.8936904169915
fixed15_band10,-16,20250618::index=17.789500,54,789.5001968,799.5080298858168
fixed15_band10,-16,20250618::index=17.789500,55,789.5001968,792.4118784130916
fixed15_band10,-16,20250611::index=18.8.59E+05,0,859.3439142,860.0431911785228
fixed15_band10,-16,20250611::index=18.8.59E+05,5,859.3439142,800.2321321916736
fixed15_band10,-16,20250611::index=18.8.59E+05,14,859.3439142,851.5817541716158
fixed15_band10,-16,20250611::index=18.8.59E+05,18,859.3439142,808.1818551904388
fixed15_band10,-16,20250611::index=18.8.59E+05,19,859.3439142,860.21515129927
fixed15_band10,-16,20250611::index=18.8.59E+05,21,859.3439142,853.9099473789737
fixed15_band10,-16,20250611::index=18.8.59E+05,26,859.3439142,858.6651192807395
fixed15_band10,-16,20250611::index=18.8.59E+05,27,859.3439142,857.0768076032853
fixed15_band10,-16,20250611::index=18.8.59E+05,32,859.3439142,857.0768076032853
fixed15_band10,-16,20250611::index=18.8.59E+05,36,859.3439142,863.7102334815795
fixed15_band10,-16,20250611::index=18.8.59E+05,43,859.3439142,786.25207707665
fixed15_band10,-16,20250611::index=18.8.59E+05,53,859.3439142,854.5979259397747
fixed15_band10,-16,20250611::index=18.8.59E+05,54,859.3439142,850.9138502864208
fixed15_band10,-16,20250611::index=18.8.59E+05,56,859.3439142,862.6249854417993
fixed15_band10,-16,20250611::index=18.8.59E+05,57,859.3439142,847.4661677514268
fixed15_band10,-16,20250618::index=18.873637,0,873.6370359,867.8590761029128
fixed15_band10,-16,20250618::index=18.873637,5,873.6370359,866.8536249039718
fixed15_band10,-16,20250618::index=18.873637,14,873.6370359,862.6059295801072
fixed15_band10,-16,20250618::index=18.873637,18,873.6370359,857.5412895946699
fixed15_band10,-16,20250618::index=18.873637,19,873.6370359,862.0309664980225
fixed15_band10,-16,20250618::index=18.873637,21,873.6370359,842.6824302245718
fixed15_band10,-16,20250618::index=18.873637,26,873.6370359,872.1630942121595
fixed15_band10,-16,20250618::index=18.873637,27,873.6370359,863.9766583593895
fixed15_band10,-16,20250618::index=18.873637,32,873.6370359,848.3900333816491
fixed15_band10,-16,20250618::index=18.873637,36,873.6370359,842.9957980675981
fixed15_band10,-16,20250618::index=18.873637,43,873.6370359,858.4461405187166
fixed15_band10,-16,20250618::index=18.873637,53,873.6370359,861.7800886544219
fixed15_band10,-16,20250618::index=18.873637,54,873.6370359,832.3419173851288
fixed15_band10,-16,20250618::index=18.873637,56,873.6370359,843.1995168412692
fixed15_band10,-16,20250618::index=18.873637,57,873.6370359,862.3179909201284
fixed15_frequency34,-16,20250618::index=1.0,0,-1.42e-09,132.70911779703806
fixed15_frequency34,-16,20250618::index=1.0,3,-1.42e-09,137.24594421713772
fixed15_frequency34,-16,20250618::index=1.0,5,-1.42e-09,130.27915726073886
fixed15_frequency34,-16,20250618::index=1.0,12,-1.42e-09,127.32688412956658
fixed15_frequency34,-16,20250618::index=1.0,13,-1.42e-09,139.4483964700565
fixed15_frequency34,-16,20250618::index=1.0,31,-1.42e-09,127.50341561351749
fixed15_frequency34,-16,20250618::index=1.0,33,-1.42e-09,139.45351079268056
fixed15_frequency34,-16,20250618::index=1.0,36,-1.42e-09,156.14957709535696
fixed15_frequency34,-16,20250618::index=1.0,45,-1.42e-09,138.87775664016573
fixed15_frequency34,-16,20250618::index=1.0,46,-1.42e-09,138.43119787029008
fixed15_frequency34,-16,20250618::index=1.0,48,-1.42e-09,156.9868048352065
fixed15_frequency34,-16,20250618::index=1.0,50,-1.42e-09,130.34517309430282
fixed15_frequency34,-16,20250618::index=1.0,52,-1.42e-09,153.06909192503073
fixed15_frequency34,-16,20250618::index=1.0,54,-1.42e-09,132.79835014696718
fixed15_frequency34,-16,20250618::index=1.0,57,-1.42e-09,157.93387121355255
fixed15_frequency34,-16,20250611::index=1.3.28E-04,0,3.28047e-07,132.70911779703806
fixed15_frequency34,-16,20250611::index=1.3.28E-04,3,3.28047e-07,137.24594421713772
fixed15_frequency34,-16,20250611::index=1.3.28E-04,5,3.28047e-07,124.97738222355038
fixed15_frequency34,-16,20250611::index=1.3.28E-04,12,3.28047e-07,131.7969743134636
fixed15_frequency34,-16,20250611::index=1.3.28E-04,13,3.28047e-07,130.2426609193345
fixed15_frequency34,-16,20250611::index=1.3.28E-04,31,3.28047e-07,132.80519065070598
fixed15_frequency34,-16,20250611::index=1.3.28E-04,33,3.28047e-07,134.5356556086494
fixed15_frequency34,-16,20250611::index=1.3.28E-04,36,3.28047e-07,138.6136711606285
fixed15_frequency34,-16,20250611::index=1.3.28E-04,45,3.28047e-07,127.45169970908817
fixed15_frequency34,-16,20250611::index=1.3.28E-04,46,3.28047e-07,138.81775367351065
fixed15_frequency34,-16,20250611::index=1.3.28E-04,48,3.28047e-07,139.2896709124509
fixed15_frequency34,-16,20250611::index=1.3.28E-04,50,3.28047e-07,121.91041423624758
fixed15_frequency34,-16,20250611::index=1.3.28E-04,52,3.28047e-07,131.59770976688787
fixed15_frequency34,-16,20250611::index=1.3.28E-04,54,3.28047e-07,134.38702482247436
fixed15_frequency34,-16,20250611::index=1.3.28E-04,57,3.28047e-07,139.80228418858897
fixed15_frequency34,-16,20250611::index=5.1.11E+05,17,111.2647017,125.85491068998626
fixed15_frequency34,-16,20250611::index=5.1.11E+05,19,111.2647017,124.78275671734865
fixed15_frequency34,-16,20250611::index=5.1.11E+05,21,111.2647017,131.23157095459675
fixed15_frequency34,-16,20250611::index=5.1.11E+05,23,111.2647017,126.24361158320802
fixed15_frequency34,-16,20250611::index=5.1.11E+05,28,111.2647017,124.18708803307302
fixed15_frequency34,-16,20250611::index=5.1.11E+05,34,111.2647017,123.95936558546728
fixed15_frequency34,-16,20250611::index=5.1.11E+05,35,111.2647017,138.10908583700015
fixed15_frequency34,-16,20250611::index=5.1.11E+05,41,111.2647017,156.86006625052124
fixed15_frequency34,-16,20250611::index=5.1.11E+05,46,111.2647017,132.17873482218667
fixed15_frequency34,-16,20250611::index=5.1.11E+05,47,111.2647017,126.19533044159802
fixed15_frequency34,-16,20250611::index=5.1.11E+05,48,111.2647017,139.83743064583788
fixed15_frequency34,-16,20250611::index=5.1.11E+05,51,111.2647017,128.80200381796877
fixed15_frequency34,-16,20250611::index=5.1.11E+05,55,111.2647017,130.40637301616286
fixed15_frequency34,-16,20250611::index=5.1.11E+05,56,111.2647017,136.20721334731545
fixed15_frequency34,-16,20250611::index=5.1.11E+05,58,111.2647017,133.2517880932801
fixed15_frequency34,-16,20250618::index=5.113188,17,113.1882901,131.69191919727166
fixed15_frequency34,-16,20250618::index=5.113188,19,113.1882901,137.12422346211312
fixed15_frequency34,-16,20250618::index=5.113188,21,113.1882901,130.84823323499916
fixed15_frequency34,-16,20250618::index=5.113188,23,113.1882901,137.70926741602446
fixed15_frequency34,-16,20250618::index=5.113188,28,113.1882901,127.17447816718983
fixed15_frequency34,-16,20250618::index=5.113188,34,113.1882901,127.23732593880851
fixed15_frequency34,-16,20250618::index=5.113188,35,113.1882901,158.99754246173904
fixed15_frequency34,-16,20250618::index=5.113188,41,113.1882901,155.15092532856622
fixed15_frequency34,-16,20250618::index=5.113188,46,113.1882901,137.45305673850658
fixed15_frequency34,-16,20250618::index=5.113188,47,113.1882901,129.12974872867588
fixed15_frequency34,-16,20250618::index=5.113188,48,113.1882901,155.6963900999435
fixed15_frequency34,-16,20250618::index=5.113188,51,113.1882901,135.2344471473769
fixed15_frequency34,-16,20250618::index=5.113188,55,113.1882901,154.36869964274334
fixed15_frequency34,-16,20250618::index=5.113188,56,113.1882901,137.86031009271304
fixed15_frequency34,-16,20250618::index=5.113188,58,113.1882901,155.29751550212578
fixed15_frequency34,-16,20250611::index=6.1.44E+05,6,144.32426180000002,128.07187284280127
fixed15_frequency34,-16,20250611::index=6.1.44E+05,11,144.32426180000002,124.49698402085578
fixed15_frequency34,-16,20250611::index=6.1.44E+05,13,144.32426180000002,131.35354764304864
fixed15_frequency34,-16,20250611::index=6.1.44E+05,26,144.32426180000002,130.82144242844845
fixed15_frequency34,-16,20250611::index=6.1.44E+05,31,144.32426180000002,126.33968443687593
fixed15_frequency34,-16,20250611::index=6.1.44E+05,34,144.32426180000002,125.39667268218442
fixed15_frequency34,-16,20250611::index=6.1.44E+05,35,144.32426180000002,139.12628443676658
fixed15_frequency34,-16,20250611::index=6.1.44E+05,36,144.32426180000002,131.21809936282384
fixed15_frequency34,-16,20250611::index=6.1.44E+05,38,144.32426180000002,131.19016909595217
fixed15_frequency34,-16,20250611::index=6.1.44E+05,40,144.32426180000002,125.70303866541508
fixed15_frequency34,-16,20250611::index=6.1.44E+05,46,144.32426180000002,133.51597863632216
fixed15_frequency34,-16,20250611::index=6.1.44E+05,47,144.32426180000002,126.19533044159802
fixed15_frequency34,-16,20250611::index=6.1.44E+05,56,144.32426180000002,133.51845700888296
fixed15_frequency34,-16,20250611::index=6.1.44E+05,58,144.32426180000002,133.2517880932801
fixed15_frequency34,-16,20250611::index=6.1.44E+05,59,144.32426180000002,129.07307110234217
fixed15_frequency34,-16,20250618::index=6.146381,6,146.38165049999998,153.15946328663864
fixed15_frequency34,-16,20250618::index=6.146381,11,146.38165049999998,132.72599073793592
fixed15_frequency34,-16,20250618::index=6.146381,13,146.38165049999998,132.22338319818687
fixed15_frequency34,-16,20250618::index=6.146381,26,146.38165049999998,133.8155487467336
fixed15_frequency34,-16,20250618::index=6.146381,31,146.38165049999998,131.96534828552112
fixed15_frequency34,-16,20250618::index=6.146381,34,146.38165049999998,127.5959970601171
fixed15_frequency34,-16,20250618::index=6.146381,35,146.38165049999998,158.99754246173904
fixed15_frequency34,-16,20250618::index=6.146381,36,146.38165049999998,154.95417253795156
fixed15_frequency34,-16,20250618::index=6.146381,38,146.38165049999998,141.9436688002914
fixed15_frequency34,-16,20250618::index=6.146381,40,146.38165049999998,132.05068221739174
fixed15_frequency34,-16,20250618::index=6.146381,46,146.38165049999998,138.6036903131245
fixed15_frequency34,-16,20250618::index=6.146381,47,146.38165049999998,129.97343469094838
fixed15_frequency34,-16,20250618::index=6.146381,56,146.38165049999998,138.3322273316533
fixed15_frequency34,-16,20250618::index=6.146381,58,146.38165049999998,156.17586973815162
fixed15_frequency34,-16,20250618::index=6.146381,59,146.38165049999998,123.92553225018624
fixed15_frequency34,-16,20250611::index=7.1.81E+05,4,181.378003,124.7076348725494
fixed15_frequency34,-16,20250611::index=7.1.81E+05,5,181.378003,124.74867627940354
fixed15_frequency34,-16,20250611::index=7.1.81E+05,10,181.378003,131.52935004257841
fixed15_frequency34,-16,20250611::index=7.1.81E+05,15,181.378003,133.59116557901916
fixed15_frequency34,-16,20250611::index=7.1.81E+05,18,181.378003,129.15959355370114
fixed15_frequency34,-16,20250611::index=7.1.81E+05,20,181.378003,131.47673094154382
fixed15_frequency34,-16,20250611::index=7.1.81E+05,26,181.378003,133.31814729778299
fixed15_frequency34,-16,20250611::index=7.1.81E+05,28,181.378003,126.59371381768106
fixed15_frequency34,-16,20250611::index=7.1.81E+05,33,181.378003,145.84928497134374
fixed15_frequency34,-16,20250611::index=7.1.81E+05,37,181.378003,131.20620567377026
fixed15_frequency34,-16,20250611::index=7.1.81E+05,41,181.378003,126.23141860247756
fixed15_frequency34,-16,20250611::index=7.1.81E+05,44,181.378003,126.5636567975771
fixed15_frequency34,-16,20250611::index=7.1.81E+05,56,181.378003,134.89161014610272
fixed15_frequency34,-16,20250611::index=7.1.81E+05,57,181.378003,140.64597015086147
fixed15_frequency34,-16,20250611::index=7.1.81E+05,58,181.378003,133.2517880932801
fixed15_frequency34,-16,20250618::index=7.184190,4,184.1909699,150.50670926135626
fixed15_frequency34,-16,20250618::index=7.184190,5,184.1909699,135.57708596770692
fixed15_frequency34,-16,20250618::index=7.184190,10,184.1909699,152.40255939942259
fixed15_frequency34,-16,20250618::index=7.184190,15,184.1909699,153.83770157297786
fixed15_frequency34,-16,20250618::index=7.184190,18,184.1909699,159.78482351989248
fixed15_frequency34,-16,20250618::index=7.184190,20,184.1909699,155.98247590679264
fixed15_frequency34,-16,20250618::index=7.184190,26,184.1909699,137.30679737366196
fixed15_frequency34,-16,20250618::index=7.184190,28,184.1909699,159.9793162422184
fixed15_frequency34,-16,20250618::index=7.184190,33,184.1909699,223.5978803357328
fixed15_frequency34,-16,20250618::index=7.184190,37,184.1909699,139.1173237839221
fixed15_frequency34,-16,20250618::index=7.184190,41,184.1909699,163.92901612531455
fixed15_frequency34,-16,20250618::index=7.184190,44,184.1909699,137.960697728882
fixed15_frequency34,-16,20250618::index=7.184190,56,184.1909699,156.6472224087684
fixed15_frequency34,-16,20250618::index=7.184190,57,184.1909699,156.65573214907207
fixed15_frequency34,-16,20250618::index=7.184190,58,184.1909699,154.5223133570919
fixed15_frequency34,-16,20250611::index=3.2.10E+04,1,20.97971604,127.68077184809906
fixed15_frequency34,-16,20250611::index=3.2.10E+04,6,20.97971604,126.62652130375042
fixed15_frequency34,-16,20250611::index=3.2.10E+04,11,20.97971604,127.00194183719645
fixed15_frequency34,-16,20250611::index=3.2.10E+04,22,20.97971604,154.2634439614615
fixed15_frequency34,-16,20250611::index=3.2.10E+04,28,20.97971604,124.50713324744211
fixed15_frequency34,-16,20250611::index=3.2.10E+04,33,20.97971604,132.37458983990268
fixed15_frequency34,-16,20250611::index=3.2.10E+04,34,20.97971604,126.3143646405098
fixed15_frequency34,-16,20250611::index=3.2.10E+04,36,20.97971604,129.40051903497547
fixed15_frequency34,-16,20250611::index=3.2.10E+04,41,20.97971604,133.0238378819913
fixed15_frequency34,-16,20250611::index=3.2.10E+04,42,20.97971604,131.21809936282384
fixed15_frequency34,-16,20250611::index=3.2.10E+04,52,20.97971604,126.04241615115416
fixed15_frequency34,-16,20250611::index=3.2.10E+04,54,20.97971604,134.6312196138089
fixed15_frequency34,-16,20250611::index=3.2.10E+04,56,20.97971604,134.28027427901412
fixed15_frequency34,-16,20250611::index=3.2.10E+04,57,20.97971604,141.02604367379834
fixed15_frequency34,-16,20250611::index=3.2.10E+04,59,20.97971604,125.30332036740758
fixed15_frequency34,-16,20250618::index=3.21242,1,21.24286319,235.60801332808404
fixed15_frequency34,-16,20250618::index=3.21242,6,21.24286319,153.6778516545151
fixed15_frequency34,-16,20250618::index=3.21242,11,21.24286319,132.130204236891
fixed15_frequency34,-16,20250618::index=3.21242,22,21.24286319,155.87573957168112
fixed15_frequency34,-16,20250618::index=3.21242,28,21.24286319,152.22540596275823
fixed15_frequency34,-16,20250618::index=3.21242,33,21.24286319,139.45351079268056
fixed15_frequency34,-16,20250618::index=3.21242,34,21.24286319,128.41442910161234
fixed15_frequency34,-16,20250618::index=3.21242,36,21.24286319,156.25295751143057
fixed15_frequency34,-16,20250618::index=3.21242,41,21.24286319,156.95017371622447
fixed15_frequency34,-16,20250618::index=3.21242,42,21.24286319,137.59647256086208
fixed15_frequency34,-16,20250618::index=3.21242,52,21.24286319,152.22540596275823
fixed15_frequency34,-16,20250618::index=3.21242,54,21.24286319,132.79835014696718
fixed15_frequency34,-16,20250618::index=3.21242,56,21.24286319,136.9115121561952
fixed15_frequency34,-16,20250618::index=3.21242,57,21.24286319,156.65573214907207
fixed15_frequency34,-16,20250618::index=3.21242,59,21.24286319,129.50533072911796
fixed15_frequency34,-16,20250611::index=8.2.22E+05,0,221.5051102,132.70911779703806
fixed15_frequency34,-16,20250611::index=8.2.22E+05,4,221.5051102,129.31831911130675
fixed15_frequency34,-16,20250611::index=8.2.22E+05,6,221.5051102,126.52397136492154
fixed15_frequency34,-16,20250611::index=8.2.22E+05,9,221.5051102,138.93996754934054
fixed15_frequency34,-16,20250611::index=8.2.22E+05,13,221.5051102,136.49912527468555
fixed15_frequency34,-16,20250611::index=8.2.22E+05,15,221.5051102,130.96411766540575
fixed15_frequency34,-16,20250611::index=8.2.22E+05,17,221.5051102,132.26904860063155
fixed15_frequency34,-16,20250611::index=8.2.22E+05,22,221.5051102,153.24240176460745
fixed15_frequency34,-16,20250611::index=8.2.22E+05,24,221.5051102,153.0516145057344
fixed15_frequency34,-16,20250611::index=8.2.22E+05,28,221.5051102,135.05480330857932
fixed15_frequency34,-16,20250611::index=8.2.22E+05,31,221.5051102,133.46897194980096
fixed15_frequency34,-16,20250611::index=8.2.22E+05,39,221.5051102,150.29820052145027
fixed15_frequency34,-16,20250611::index=8.2.22E+05,40,221.5051102,127.26200324047123
fixed15_frequency34,-16,20250611::index=8.2.22E+05,50,221.5051102,128.05587523570853
fixed15_frequency34,-16,20250611::index=8.2.22E+05,59,221.5051102,123.26252911923604
fixed15_frequency34,-16,20250618::index=8.225704,0,225.70496179999998,132.70911779703806
fixed15_frequency34,-16,20250618::index=8.225704,4,225.70496179999998,154.14616527029472
fixed15_frequency34,-16,20250618::index=8.225704,6,225.70496179999998,154.48076441916015
fixed15_frequency34,-16,20250618::index=8.225704,9,225.70496179999998,138.93996754934054
fixed15_frequency34,-16,20250618::index=8.225704,13,225.70496179999998,272.88893379096646
fixed15_frequency34,-16,20250618::index=8.225704,15,225.70496179999998,156.4122687798568
fixed15_frequency34,-16,20250618::index=8.225704,17,225.70496179999998,131.5496290888468
fixed15_frequency34,-16,20250618::index=8.225704,22,225.70496179999998,156.38221175975283
fixed15_frequency34,-16,20250618::index=8.225704,24,225.70496179999998,153.85452727037944
fixed15_frequency34,-16,20250618::index=8.225704,28,225.70496179999998,155.51861527509988
fixed15_frequency34,-16,20250618::index=8.225704,31,225.70496179999998,133.82623284756002
fixed15_frequency34,-16,20250618::index=8.225704,39,225.70496179999998,234.64261944688442
fixed15_frequency34,-16,20250618::index=8.225704,40,225.70496179999998,154.12115385303665
fixed15_frequency34,-16,20250618::index=8.225704,50,225.70496179999998,234.2419589038624
fixed15_frequency34,-16,20250618::index=8.225704,59,225.70496179999998,130.8536020150188
fixed15_frequency34,-16,20250611::index=2.2.36E+03,0,2.35533535,126.5636567975771
fixed15_frequency34,-16,20250611::index=2.2.36E+03,2,2.35533535,134.87227787473273
fixed15_frequency34,-16,20250611::index=2.2.36E+03,3,2.35533535,131.44264818041046
fixed15_frequency34,-16,20250611::index=2.2.36E+03,14,2.35533535,132.33835967824808
fixed15_frequency34,-16,20250611::index=2.2.36E+03,21,2.35533535,132.55039223943245
fixed15_frequency34,-16,20250611::index=2.2.36E+03,23,2.35533535,126.42136668915225
fixed15_frequency34,-16,20250611::index=2.2.36E+03,29,2.35533535,126.36579416035097
fixed15_frequency34,-16,20250611::index=2.2.36E+03,36,2.35533535,136.7124014966452
fixed15_frequency34,-16,20250611::index=2.2.36E+03,37,2.35533535,129.2281798350345
fixed15_frequency34,-16,20250611::index=2.2.36E+03,44,2.35533535,125.54261460072306
fixed15_frequency34,-16,20250611::index=2.2.36E+03,47,2.35533535,124.66781605667227
fixed15_frequency34,-16,20250611::index=2.2.36E+03,48,2.35533535,138.6136711606285
fixed15_frequency34,-16,20250611::index=2.2.36E+03,54,2.35533535,130.17432779212473
fixed15_frequency34,-16,20250611::index=2.2.36E+03,55,2.35533535,139.90209453057167
fixed15_frequency34,-16,20250611::index=2.2.36E+03,59,2.35533535,121.31834578466366
fixed15_frequency34,-16,20250618::index=2.2380,0,2.380025286,132.70911779703806
fixed15_frequency34,-16,20250618::index=2.2380,2,2.380025286,138.94381114642815
fixed15_frequency34,-16,20250618::index=2.2380,3,2.380025286,137.24594421713772
fixed15_frequency34,-16,20250618::index=2.2380,14,2.380025286,132.12407384312672
fixed15_frequency34,-16,20250618::index=2.2380,21,2.380025286,132.70911779703806
fixed15_frequency34,-16,20250618::index=2.2380,23,2.380025286,132.70911779703806
fixed15_frequency34,-16,20250618::index=2.2380,29,2.380025286,130.34517309430282
fixed15_frequency34,-16,20250618::index=2.2380,36,2.380025286,155.3058911330845
fixed15_frequency34,-16,20250618::index=2.2380,37,2.380025286,138.10012518415567
fixed15_frequency34,-16,20250618::index=2.2380,44,2.380025286,211.83312196882235
fixed15_frequency34,-16,20250618::index=2.2380,47,2.380025286,131.4971054787865
fixed15_frequency34,-16,20250618::index=2.2380,48,2.380025286,157.09018525128008
fixed15_frequency34,-16,20250618::index=2.2380,54,2.380025286,132.79835014696718
fixed15_frequency34,-16,20250618::index=2.2380,55,2.380025286,152.22540596275823
fixed15_frequency34,-16,20250618::index=2.2380,59,2.380025286,125.2207542916959
fixed15_frequency34,-16,20250611::index=9.2.67E+05,3,266.90769650000004,291.4307532582034
fixed15_frequency34,-16,20250611::index=9.2.67E+05,6,266.90769650000004,270.1381804675988
fixed15_frequency34,-16,20250611::index=9.2.67E+05,7,266.90769650000004,292.0466663013829
fixed15_frequency34,-16,20250611::index=9.2.67E+05,15,266.90769650000004,132.44139572916038
fixed15_frequency34,-16,20250611::index=9.2.67E+05,18,266.90769650000004,288.4549208251124
fixed15_frequency34,-16,20250611::index=9.2.67E+05,21,266.90769650000004,132.3730360048509
fixed15_frequency34,-16,20250611::index=9.2.67E+05,26,266.90769650000004,267.0014721367023
fixed15_frequency34,-16,20250611::index=9.2.67E+05,27,266.90769650000004,126.96881720529053
fixed15_frequency34,-16,20250611::index=9.2.67E+05,29,266.90769650000004,278.45211486189265
fixed15_frequency34,-16,20250611::index=9.2.67E+05,30,266.90769650000004,283.0579803479968
fixed15_frequency34,-16,20250611::index=9.2.67E+05,31,266.90769650000004,266.4998095406212
fixed15_frequency34,-16,20250611::index=9.2.67E+05,41,266.90769650000004,156.9699048890178
fixed15_frequency34,-16,20250611::index=9.2.67E+05,45,266.90769650000004,126.2440104545707
fixed15_frequency34,-16,20250611::index=9.2.67E+05,51,266.90769650000004,256.7077843810769
fixed15_frequency34,-16,20250611::index=9.2.67E+05,53,266.90769650000004,288.27803903588324
fixed15_frequency34,-16,20250618::index=9.271677,3,271.6776816,139.10682877917662
fixed15_frequency34,-16,20250618::index=9.271677,6,271.6776816,232.61642776628747
fixed15_frequency34,-16,20250618::index=9.271677,7,271.6776816,155.0424340423002
fixed15_frequency34,-16,20250618::index=9.271677,15,271.6776816,260.0518975849055
fixed15_frequency34,-16,20250618::index=9.271677,18,271.6776816,154.48076441916015
fixed15_frequency34,-16,20250618::index=9.271677,21,271.6776816,212.51808237348922
fixed15_frequency34,-16,20250618::index=9.271677,26,271.6776816,134.6592347090061
fixed15_frequency34,-16,20250618::index=9.271677,27,271.6776816,152.77131283704907
fixed15_frequency34,-16,20250618::index=9.271677,29,271.6776816,130.34901669139043
fixed15_frequency34,-16,20250618::index=9.271677,30,271.6776816,132.56682768861322
fixed15_frequency34,-16,20250618::index=9.271677,31,271.6776816,127.50341561351749
fixed15_frequency34,-16,20250618::index=9.271677,41,271.6776816,235.49062811153377
fixed15_frequency34,-16,20250618::index=9.271677,45,271.6776816,278.9601544055178
fixed15_frequency34,-16,20250618::index=9.271677,51,271.6776816,137.8605580403993
fixed15_frequency34,-16,20250618::index=9.271677,53,271.6776816,138.93996754934054
fixed15_frequency34,-16,20250611::index=10.3.15E+05,2,315.4661173,280.1931797803799
fixed15_frequency34,-16,20250611::index=10.3.15E+05,4,315.4661173,264.5238750844947
fixed15_frequency34,-16,20250611::index=10.3.15E+05,10,315.4661173,316.37203920328756
fixed15_frequency34,-16,20250611::index=10.3.15E+05,18,315.4661173,274.6566292273428
fixed15_frequency34,-16,20250611::index=10.3.15E+05,21,315.4661173,133.39407820170496
fixed15_frequency34,-16,20250611::index=10.3.15E+05,27,315.4661173,283.8453922708686
fixed15_frequency34,-16,20250611::index=10.3.15E+05,29,315.4661173,262.40717890708646
fixed15_frequency34,-16,20250611::index=10.3.15E+05,31,315.4661173,288.1102087193362
fixed15_frequency34,-16,20250611::index=10.3.15E+05,40,315.4661173,305.3743089013872
fixed15_frequency34,-16,20250611::index=10.3.15E+05,45,315.4661173,334.65035263651833
fixed15_frequency34,-16,20250611::index=10.3.15E+05,47,315.4661173,330.5472663034443
fixed15_frequency34,-16,20250611::index=10.3.15E+05,48,315.4661173,317.8167081081812
fixed15_frequency34,-16,20250611::index=10.3.15E+05,50,315.4661173,334.2290696354456
fixed15_frequency34,-16,20250611::index=10.3.15E+05,53,315.4661173,222.85723590875187
fixed15_frequency34,-16,20250611::index=10.3.15E+05,55,315.4661173,305.2553910925022
fixed15_frequency34,-16,20250618::index=10.322114,2,322.1142428,311.85081448335586
fixed15_frequency34,-16,20250618::index=10.322114,4,322.1142428,288.9685669251084
fixed15_frequency34,-16,20250618::index=10.322114,10,322.1142428,277.35516423222094
fixed15_frequency34,-16,20250618::index=10.322114,18,322.1142428,287.6663782903543
fixed15_frequency34,-16,20250618::index=10.322114,21,322.1142428,268.1839970875713
fixed15_frequency34,-16,20250618::index=10.322114,27,322.1142428,231.89531700883373
fixed15_frequency34,-16,20250618::index=10.322114,29,322.1142428,130.34901669139043
fixed15_frequency34,-16,20250618::index=10.322114,31,322.1142428,212.59297612158517
fixed15_frequency34,-16,20250618::index=10.322114,40,322.1142428,154.12115385303665
fixed15_frequency34,-16,20250618::index=10.322114,45,322.1142428,138.87775664016573
fixed15_frequency34,-16,20250618::index=10.322114,47,322.1142428,131.4971054787865
fixed15_frequency34,-16,20250618::index=10.322114,48,322.1142428,237.7231046172106
fixed15_frequency34,-16,20250618::index=10.322114,50,322.1142428,153.85452727037944
fixed15_frequency34,-16,20250618::index=10.322114,53,322.1142428,138.93996754934054
fixed15_frequency34,-16,20250618::index=10.322114,55,322.1142428,153.83770157297786
fixed15_frequency34,-16,20250611::index=11.3.69E+05,1,368.97810499999997,371.7285681613137
fixed15_frequency34,-16,20250611::index=11.3.69E+05,5,368.97810499999997,407.2871270324747
fixed15_frequency34,-16,20250611::index=11.3.69E+05,15,368.97810499999997,379.91416170618197
fixed15_frequency34,-16,20250611::index=11.3.69E+05,17,368.97810499999997,366.74233979267854
fixed15_frequency34,-16,20250611::index=11.3.69E+05,20,368.97810499999997,383.6042642554663
fixed15_frequency34,-16,20250611::index=11.3.69E+05,31,368.97810499999997,414.68110208883394
fixed15_frequency34,-16,20250611::index=11.3.69E+05,37,368.97810499999997,414.3696374110968
fixed15_frequency34,-16,20250611::index=11.3.69E+05,44,368.97810499999997,333.9160121371434
fixed15_frequency34,-16,20250611::index=11.3.69E+05,45,368.97810499999997,339.2678269774338
fixed15_frequency34,-16,20250611::index=11.3.69E+05,49,368.97810499999997,317.2816447322519
fixed15_frequency34,-16,20250611::index=11.3.69E+05,50,368.97810499999997,293.32486474112244
fixed15_frequency34,-16,20250611::index=11.3.69E+05,53,368.97810499999997,401.993302716095
fixed15_frequency34,-16,20250611::index=11.3.69E+05,54,368.97810499999997,351.280950760305
fixed15_frequency34,-16,20250611::index=11.3.69E+05,55,368.97810499999997,343.13605947810413
fixed15_frequency34,-16,20250611::index=11.3.69E+05,58,368.97810499999997,331.9843750578573
fixed15_frequency34,-16,20250618::index=11.376320,1,376.3201201,345.5127189703424
fixed15_frequency34,-16,20250618::index=11.376320,5,376.3201201,358.44978158390444
fixed15_frequency34,-16,20250618::index=11.376320,15,376.3201201,291.87173937229795
fixed15_frequency34,-16,20250618::index=11.376320,17,376.3201201,341.6963276310527
fixed15_frequency34,-16,20250618::index=11.376320,20,376.3201201,340.9047845527063
fixed15_frequency34,-16,20250618::index=11.376320,31,376.3201201,218.86126504935623
fixed15_frequency34,-16,20250618::index=11.376320,37,376.3201201,267.25471987640134
fixed15_frequency34,-16,20250618::index=11.376320,44,376.3201201,341.3967635354683
fixed15_frequency34,-16,20250618::index=11.376320,45,376.3201201,376.3177412736878
fixed15_frequency34,-16,20250618::index=11.376320,49,376.3201201,329.7336215182093
fixed15_frequency34,-16,20250618::index=11.376320,50,376.3201201,317.69982935792825
fixed15_frequency34,-16,20250618::index=11.376320,53,376.3201201,334.6643826293882
fixed15_frequency34,-16,20250618::index=11.376320,54,376.3201201,338.84582966927735
fixed15_frequency34,-16,20250618::index=11.376320,55,376.3201201,380.7955578804552
fixed15_frequency34,-16,20250618::index=11.376320,58,376.3201201,340.2929287142
fixed15_frequency34,-16,20250611::index=12.4.27E+05,3,427.27619500000003,454.3164946327885
fixed15_frequency34,-16,20250611::index=12.4.27E+05,9,427.27619500000003,448.94406776261314
fixed15_frequency34,-16,20250611::index=12.4.27E+05,13,427.27619500000003,450.68561751730675
fixed15_frequency34,-16,20250611::index=12.4.27E+05,15,427.27619500000003,448.7366955022847
fixed15_frequency34,-16,20250611::index=12.4.27E+05,17,427.27619500000003,438.8482313485187
fixed15_frequency34,-16,20250611::index=12.4.27E+05,22,427.27619500000003,477.4588559472075
fixed15_frequency34,-16,20250611::index=12.4.27E+05,28,427.27619500000003,447.7399317679484
fixed15_frequency34,-16,20250611::index=12.4.27E+05,30,427.27619500000003,441.111645276713
fixed15_frequency34,-16,20250611::index=12.4.27E+05,39,427.27619500000003,443.73819953897356
fixed15_frequency34,-16,20250611::index=12.4.27E+05,42,427.27619500000003,455.66762030098675
fixed15_frequency34,-16,20250611::index=12.4.27E+05,44,427.27619500000003,458.766270557631
fixed15_frequency34,-16,20250611::index=12.4.27E+05,46,427.27619500000003,482.99435296411247
fixed15_frequency34,-16,20250611::index=12.4.27E+05,47,427.27619500000003,466.0800380463838
fixed15_frequency34,-16,20250611::index=12.4.27E+05,54,427.27619500000003,452.543726005571
fixed15_frequency34,-16,20250611::index=12.4.27E+05,57,427.27619500000003,469.82536006099116
fixed15_frequency34,-16,20250618::index=12.434018,3,434.0180833,358.9978504007453
fixed15_frequency34,-16,20250618::index=12.434018,9,434.0180833,419.9225627514367
fixed15_frequency34,-16,20250618::index=12.434018,13,434.0180833,488.9969206376959
fixed15_frequency34,-16,20250618::index=12.434018,15,434.0180833,399.7984956027667
fixed15_frequency34,-16,20250618::index=12.434018,17,434.0180833,388.7336196800428
fixed15_frequency34,-16,20250618::index=12.434018,22,434.0180833,369.3070547347295
fixed15_frequency34,-16,20250618::index=12.434018,28,434.0180833,408.81926900351306
fixed15_frequency34,-16,20250618::index=12.434018,30,434.0180833,459.2100737267111
fixed15_frequency34,-16,20250618::index=12.434018,39,434.0180833,369.97667611144345
fixed15_frequency34,-16,20250618::index=12.434018,42,434.0180833,356.9575416030002
fixed15_frequency34,-16,20250618::index=12.434018,44,434.0180833,356.75505575575744
fixed15_frequency34,-16,20250618::index=12.434018,46,434.0180833,420.1165673002646
fixed15_frequency34,-16,20250618::index=12.434018,47,434.0180833,470.62471130002206
fixed15_frequency34,-16,20250618::index=12.434018,54,434.0180833,468.8240882467835
fixed15_frequency34,-16,20250618::index=12.434018,57,434.0180833,426.5803742891423
fixed15_frequency34,-16,20250611::index=13.4.89E+05,3,489.45399810000004,531.6822016970484
fixed15_frequency34,-16,20250611::index=13.4.89E+05,7,489.45399810000004,475.36322370686236
fixed15_frequency34,-16,20250611::index=13.4.89E+05,12,489.45399810000004,480.38429287651263
fixed15_frequency34,-16,20250611::index=13.4.89E+05,13,489.45399810000004,486.837906538436
fixed15_frequency34,-16,20250611::index=13.4.89E+05,14,489.45399810000004,501.94961596650415
fixed15_frequency34,-16,20250611::index=13.4.89E+05,20,489.45399810000004,501.82615189123777
fixed15_frequency34,-16,20250611::index=13.4.89E+05,34,489.45399810000004,497.33995549939067
fixed15_frequency34,-16,20250611::index=13.4.89E+05,39,489.45399810000004,490.5412373734369
fixed15_frequency34,-16,20250611::index=13.4.89E+05,42,489.45399810000004,460.6571898027453
fixed15_frequency34,-16,20250611::index=13.4.89E+05,44,489.45399810000004,510.4201264883098
fixed15_frequency34,-16,20250611::index=13.4.89E+05,48,489.45399810000004,504.58673381871756
fixed15_frequency34,-16,20250611::index=13.4.89E+05,51,489.45399810000004,502.5601462482215
fixed15_frequency34,-16,20250611::index=13.4.89E+05,53,489.45399810000004,498.5149654024839
fixed15_frequency34,-16,20250611::index=13.4.89E+05,54,489.45399810000004,495.77408274736183
fixed15_frequency34,-16,20250611::index=13.4.89E+05,59,489.45399810000004,491.1246591774904
fixed15_frequency34,-16,20250618::index=13.496023,3,496.0233525,505.1399276317245
fixed15_frequency34,-16,20250618::index=13.496023,7,496.0233525,525.8350312768212
fixed15_frequency34,-16,20250618::index=13.496023,12,496.0233525,469.5833066906158
fixed15_frequency34,-16,20250618::index=13.496023,13,496.0233525,503.00864956841247
fixed15_frequency34,-16,20250618::index=13.496023,14,496.0233525,513.7575829446862
fixed15_frequency34,-16,20250618::index=13.496023,20,496.0233525,497.3125353037695
fixed15_frequency34,-16,20250618::index=13.496023,34,496.0233525,479.6541175482726
fixed15_frequency34,-16,20250618::index=13.496023,39,496.0233525,471.6475877662166
fixed15_frequency34,-16,20250618::index=13.496023,42,496.0233525,431.11014053734056
fixed15_frequency34,-16,20250618::index=13.496023,44,496.0233525,502.59283269711807
fixed15_frequency34,-16,20250618::index=13.496023,48,496.0233525,466.8767998072565
fixed15_frequency34,-16,20250618::index=13.496023,51,496.0233525,477.36033919464643
fixed15_frequency34,-16,20250618::index=13.496023,53,496.0233525,474.07922128764454
fixed15_frequency34,-16,20250618::index=13.496023,54,496.0233525,522.9132825850261
fixed15_frequency34,-16,20250618::index=13.496023,59,496.0233525,514.7016405986121
fixed15_frequency34,-16,20250611::index=14.5.54E+05,8,554.1963218000001,562.2050062158446
fixed15_frequency34,-16,20250611::index=14.5.54E+05,9,554.1963218000001,550.6897331481249
fixed15_frequency34,-16,20250611::index=14.5.54E+05,10,554.1963218000001,535.7980564489249
fixed15_frequency34,-16,20250611::index=14.5.54E+05,14,554.1963218000001,552.4634360815131
fixed15_frequency34,-16,20250611::index=14.5.54E+05,29,554.1963218000001,542.0230718009485
fixed15_frequency34,-16,20250611::index=14.5.54E+05,30,554.1963218000001,502.5980489332497
fixed15_frequency34,-16,20250611::index=14.5.54E+05,33,554.1963218000001,595.4557496088893
fixed15_frequency34,-16,20250611::index=14.5.54E+05,36,554.1963218000001,559.197160474634
fixed15_frequency34,-16,20250611::index=14.5.54E+05,43,554.1963218000001,551.8277681814325
fixed15_frequency34,-16,20250611::index=14.5.54E+05,48,554.1963218000001,544.1690885155361
fixed15_frequency34,-16,20250611::index=14.5.54E+05,50,554.1963218000001,562.2211373570975
fixed15_frequency34,-16,20250611::index=14.5.54E+05,51,554.1963218000001,572.4503177218394
fixed15_frequency34,-16,20250611::index=14.5.54E+05,54,554.1963218000001,558.7097099835919
fixed15_frequency34,-16,20250611::index=14.5.54E+05,57,554.1963218000001,559.3026036646273
fixed15_frequency34,-16,20250611::index=14.5.54E+05,58,554.1963218000001,524.3126245515234
fixed15_frequency34,-16,20250618::index=14.562158,8,562.1587854,555.1757069720552
fixed15_frequency34,-16,20250618::index=14.562158,9,562.1587854,572.5936034721201
fixed15_frequency34,-16,20250618::index=14.562158,10,562.1587854,567.5869566044591
fixed15_frequency34,-16,20250618::index=14.562158,14,562.1587854,570.9597821085288
fixed15_frequency34,-16,20250618::index=14.562158,29,562.1587854,556.9154698129847
fixed15_frequency34,-16,20250618::index=14.562158,30,562.1587854,570.5046412067186
fixed15_frequency34,-16,20250618::index=14.562158,33,562.1587854,564.1784181069683
fixed15_frequency34,-16,20250618::index=14.562158,36,562.1587854,581.07673223695
fixed15_frequency34,-16,20250618::index=14.562158,43,562.1587854,573.0712979421484
fixed15_frequency34,-16,20250618::index=14.562158,48,562.1587854,528.257366955243
fixed15_frequency34,-16,20250618::index=14.562158,50,562.1587854,559.5351094124073
fixed15_frequency34,-16,20250618::index=14.562158,51,562.1587854,561.2109667602551
fixed15_frequency34,-16,20250618::index=14.562158,54,562.1587854,545.9219653796528
fixed15_frequency34,-16,20250618::index=14.562158,57,562.1587854,559.3815947645849
fixed15_frequency34,-16,20250618::index=14.562158,58,562.1587854,582.6524715073726
fixed15_frequency34,-16,20250611::index=4.5.76E+04,2,57.59331665,138.09628158706803
fixed15_frequency34,-16,20250611::index=4.5.76E+04,3,57.59331665,122.3010885965712
fixed15_frequency34,-16,20250611::index=4.5.76E+04,6,57.59331665,123.47355361976645
fixed15_frequency34,-16,20250611::index=4.5.76E+04,11,57.59331665,127.1391345798885
fixed15_frequency34,-16,20250611::index=4.5.76E+04,13,57.59331665,134.87351002632798
fixed15_frequency34,-16,20250611::index=4.5.76E+04,15,57.59331665,131.59770976688787
fixed15_frequency34,-16,20250611::index=4.5.76E+04,18,57.59331665,124.39817027991589
fixed15_frequency34,-16,20250611::index=4.5.76E+04,33,57.59331665,140.1569142032074
fixed15_frequency34,-16,20250611::index=4.5.76E+04,38,57.59331665,129.05959747132295
fixed15_frequency34,-16,20250611::index=4.5.76E+04,41,57.59331665,138.24711384361987
fixed15_frequency34,-16,20250611::index=4.5.76E+04,42,57.59331665,140.12950261591513
fixed15_frequency34,-16,20250611::index=4.5.76E+04,44,57.59331665,127.24861720224398
fixed15_frequency34,-16,20250611::index=4.5.76E+04,46,57.59331665,132.64680846403928
fixed15_frequency34,-16,20250611::index=4.5.76E+04,54,57.59331665,130.64624503106498
fixed15_frequency34,-16,20250611::index=4.5.76E+04,55,57.59331665,131.2266807777279
fixed15_frequency34,-16,20250618::index=4.58389,2,58.38985471,158.17541786316696
fixed15_frequency34,-16,20250618::index=4.58389,3,58.38985471,137.24594421713772
fixed15_frequency34,-16,20250618::index=4.58389,6,58.38985471,153.90631966488024
fixed15_frequency34,-16,20250618::index=4.58389,11,58.38985471,132.130204236891
fixed15_frequency34,-16,20250618::index=4.58389,13,58.38985471,138.604710507784
fixed15_frequency34,-16,20250618::index=4.58389,15,58.38985471,155.06856885193557
fixed15_frequency34,-16,20250618::index=4.58389,18,58.38985471,152.8406239146656
fixed15_frequency34,-16,20250618::index=4.58389,33,58.38985471,133.31189612344002
fixed15_frequency34,-16,20250618::index=4.58389,38,58.38985471,138.10012518415567
fixed15_frequency34,-16,20250618::index=4.58389,41,58.38985471,155.33787810600487
fixed15_frequency34,-16,20250618::index=4.58389,42,58.38985471,138.6136711606285
fixed15_frequency34,-16,20250618::index=4.58389,44,58.38985471,154.56122304944316
fixed15_frequency34,-16,20250618::index=4.58389,46,58.38985471,137.5875119080176
fixed15_frequency34,-16,20250618::index=4.58389,54,58.38985471,132.79835014696718
fixed15_frequency34,-16,20250618::index=4.58389,55,58.38985471,153.83770157297786
fixed15_frequency34,-16,20250611::index=15.6.24E+05,3,624.4425514,640.3447873869037
fixed15_frequency34,-16,20250611::index=15.6.24E+05,4,624.4425514,615.980582392581
fixed15_frequency34,-16,20250611::index=15.6.24E+05,11,624.4425514,646.4166542676011
fixed15_frequency34,-16,20250611::index=15.6.24E+05,13,624.4425514,588.5093448812502
fixed15_frequency34,-16,20250611::index=15.6.24E+05,14,624.4425514,630.2692782195529
fixed15_frequency34,-16,20250611::index=15.6.24E+05,18,624.4425514,611.759852383179
fixed15_frequency34,-16,20250611::index=15.6.24E+05,19,624.4425514,617.9768548020583
fixed15_frequency34,-16,20250611::index=15.6.24E+05,27,624.4425514,615.4451616604752
fixed15_frequency34,-16,20250611::index=15.6.24E+05,39,624.4425514,634.1365457171424
fixed15_frequency34,-16,20250611::index=15.6.24E+05,43,624.4425514,637.5540124094263
fixed15_frequency34,-16,20250611::index=15.6.24E+05,46,624.4425514,630.3247905982552
fixed15_frequency34,-16,20250611::index=15.6.24E+05,51,624.4425514,629.5387340217103
fixed15_frequency34,-16,20250611::index=15.6.24E+05,55,624.4425514,648.7740874877842
fixed15_frequency34,-16,20250611::index=15.6.24E+05,57,624.4425514,618.6207539707428
fixed15_frequency34,-16,20250611::index=15.6.24E+05,58,624.4425514,628.9994882933456
fixed15_frequency34,-16,20250618::index=15.633482,3,633.482536,650.0279185208065
fixed15_frequency34,-16,20250618::index=15.633482,4,633.482536,642.4634216241477
fixed15_frequency34,-16,20250618::index=15.633482,11,633.482536,650.6513569543336
fixed15_frequency34,-16,20250618::index=15.633482,13,633.482536,584.2356854542866
fixed15_frequency34,-16,20250618::index=15.633482,14,633.482536,637.7640744720123
fixed15_frequency34,-16,20250618::index=15.633482,18,633.482536,614.0673096617496
fixed15_frequency34,-16,20250618::index=15.633482,19,633.482536,644.4222304966152
fixed15_frequency34,-16,20250618::index=15.633482,27,633.482536,602.807565741975
fixed15_frequency34,-16,20250618::index=15.633482,39,633.482536,590.5727060445167
fixed15_frequency34,-16,20250618::index=15.633482,43,633.482536,650.3938104451188
fixed15_frequency34,-16,20250618::index=15.633482,46,633.482536,687.5392682173301
fixed15_frequency34,-16,20250618::index=15.633482,51,633.482536,693.46401492134
fixed15_frequency34,-16,20250618::index=15.633482,55,633.482536,595.2587980015448
fixed15_frequency34,-16,20250618::index=15.633482,57,633.482536,643.1995521832923
fixed15_frequency34,-16,20250618::index=15.633482,58,633.482536,651.3998692701334
fixed15_frequency34,-16,20250611::index=16.6.98E+05,2,698.421296,665.6686643195148
fixed15_frequency34,-16,20250611::index=16.6.98E+05,6,698.421296,739.4442358778495
fixed15_frequency34,-16,20250611::index=16.6.98E+05,9,698.421296,670.0558233944491
fixed15_frequency34,-16,20250611::index=16.6.98E+05,10,698.421296,690.7369744973091
fixed15_frequency34,-16,20250611::index=16.6.98E+05,13,698.421296,696.9584441985685
fixed15_frequency34,-16,20250611::index=16.6.98E+05,17,698.421296,684.9049298576549
fixed15_frequency34,-16,20250611::index=16.6.98E+05,35,698.421296,727.0451436806823
fixed15_frequency34,-16,20250611::index=16.6.98E+05,37,698.421296,723.9273913155507
fixed15_frequency34,-16,20250611::index=16.6.98E+05,39,698.421296,677.1955148169862
fixed15_frequency34,-16,20250611::index=16.6.98E+05,40,698.421296,694.3566033405328
fixed15_frequency34,-16,20250611::index=16.6.98E+05,46,698.421296,753.1432858344128
fixed15_frequency34,-16,20250611::index=16.6.98E+05,47,698.421296,699.0917789073355
fixed15_frequency34,-16,20250611::index=16.6.98E+05,52,698.421296,757.3116017805824
fixed15_frequency34,-16,20250611::index=16.6.98E+05,55,698.421296,675.8579799641859
fixed15_frequency34,-16,20250611::index=16.6.98E+05,57,698.421296,693.5446077284425
fixed15_frequency34,-16,20250618::index=16.709792,2,709.7927143,721.1772404221113
fixed15_frequency34,-16,20250618::index=16.709792,6,709.7927143,751.317325329501
fixed15_frequency34,-16,20250618::index=16.709792,9,709.7927143,713.4750278676725
fixed15_frequency34,-16,20250618::index=16.709792,10,709.7927143,749.9884544363115
fixed15_frequency34,-16,20250618::index=16.709792,13,709.7927143,719.2036261038387
fixed15_frequency34,-16,20250618::index=16.709792,17,709.7927143,703.3465688929525
fixed15_frequency34,-16,20250618::index=16.709792,35,709.7927143,712.6070659258794
fixed15_frequency34,-16,20250618::index=16.709792,37,709.7927143,736.1380539515912
fixed15_frequency34,-16,20250618::index=16.709792,39,709.7927143,700.0831815526374
fixed15_frequency34,-16,20250618::index=16.709792,40,709.7927143,756.8295304481725
fixed15_frequency34,-16,20250618::index=16.709792,46,709.7927143,755.991357629706
fixed15_frequency34,-16,20250618::index=16.709792,47,709.7927143,719.5180426723231
fixed15_frequency34,-16,20250618::index=16.709792,52,709.7927143,699.4309410132433
fixed15_frequency34,-16,20250618::index=16.709792,55,709.7927143,704.3184384291558
fixed15_frequency34,-16,20250618::index=16.709792,57,709.7927143,665.4461743056146
fixed15_frequency34,-16,20250611::index=17.7.77E+05,5,776.6472223000001,800.1779873939381
fixed15_frequency34,-16,20250611::index=17.7.77E+05,6,776.6472223000001,789.3731228412034
fixed15_frequency34,-16,20250611::index=17.7.77E+05,7,776.6472223000001,827.5475856152314
fixed15_frequency34,-16,20250611::index=17.7.77E+05,8,776.6472223000001,817.8807461179341
fixed15_frequency34,-16,20250611::index=17.7.77E+05,10,776.6472223000001,783.927482454331
fixed15_frequency34,-16,20250611::index=17.7.77E+05,14,776.6472223000001,766.4967944851483
fixed15_frequency34,-16,20250611::index=17.7.77E+05,19,776.6472223000001,818.6409681656276
fixed15_frequency34,-16,20250611::index=17.7.77E+05,24,776.6472223000001,785.2455409274241
fixed15_frequency34,-16,20250611::index=17.7.77E+05,26,776.6472223000001,791.8896364650764
fixed15_frequency34,-16,20250611::index=17.7.77E+05,31,776.6472223000001,808.1992157362035
fixed15_frequency34,-16,20250611::index=17.7.77E+05,41,776.6472223000001,797.3217546376729
fixed15_frequency34,-16,20250611::index=17.7.77E+05,52,776.6472223000001,802.0719596428138
fixed15_frequency34,-16,20250611::index=17.7.77E+05,53,776.6472223000001,815.4393720295757
fixed15_frequency34,-16,20250611::index=17.7.77E+05,54,776.6472223000001,805.1844466615455
fixed15_frequency34,-16,20250611::index=17.7.77E+05,55,776.6472223000001,792.1765794524666
fixed15_frequency34,-16,20250618::index=17.789500,5,789.5001968,768.4468755286786
fixed15_frequency34,-16,20250618::index=17.789500,6,789.5001968,831.6370257739903
fixed15_frequency34,-16,20250618::index=17.789500,7,789.5001968,762.4719518245762
fixed15_frequency34,-16,20250618::index=17.789500,8,789.5001968,715.3709740220075
fixed15_frequency34,-16,20250618::index=17.789500,10,789.5001968,777.8890281780899
fixed15_frequency34,-16,20250618::index=17.789500,14,789.5001968,857.8614485117154
fixed15_frequency34,-16,20250618::index=17.789500,19,789.5001968,823.2173336777169
fixed15_frequency34,-16,20250618::index=17.789500,24,789.5001968,780.391087651755
fixed15_frequency34,-16,20250618::index=17.789500,26,789.5001968,853.611401380181
fixed15_frequency34,-16,20250618::index=17.789500,31,789.5001968,778.4441021055883
fixed15_frequency34,-16,20250618::index=17.789500,41,789.5001968,781.1256548011703
fixed15_frequency34,-16,20250618::index=17.789500,52,789.5001968,765.7822766094753
fixed15_frequency34,-16,20250618::index=17.789500,53,789.5001968,774.653503171187
fixed15_frequency34,-16,20250618::index=17.789500,54,789.5001968,809.9463828794196
fixed15_frequency34,-16,20250618::index=17.789500,55,789.5001968,808.2550297970394
fixed15_frequency34,-16,20250611::index=18.8.59E+05,0,859.3439142,859.3609860851183
fixed15_frequency34,-16,20250611::index=18.8.59E+05,5,859.3439142,831.0851546062421
fixed15_frequency34,-16,20250611::index=18.8.59E+05,14,859.3439142,849.2722062306661
fixed15_frequency34,-16,20250611::index=18.8.59E+05,18,859.3439142,835.2428085818227
fixed15_frequency34,-16,20250611::index=18.8.59E+05,19,859.3439142,847.8783750192096
fixed15_frequency34,-16,20250611::index=18.8.59E+05,21,859.3439142,855.2705683144791
fixed15_frequency34,-16,20250611::index=18.8.59E+05,26,859.3439142,860.2556379676317
fixed15_frequency34,-16,20250611::index=18.8.59E+05,27,859.3439142,860.542816144963
fixed15_frequency34,-16,20250611::index=18.8.59E+05,32,859.3439142,854.4233187373464
fixed15_frequency34,-16,20250611::index=18.8.59E+05,36,859.3439142,850.7536101821006
fixed15_frequency34,-16,20250611::index=18.8.59E+05,43,859.3439142,825.3484336373023
fixed15_frequency34,-16,20250611::index=18.8.59E+05,53,859.3439142,845.1660377554125
fixed15_frequency34,-16,20250611::index=18.8.59E+05,54,859.3439142,858.4090989756834
fixed15_frequency34,-16,20250611::index=18.8.59E+05,56,859.3439142,856.4262746658474
fixed15_frequency34,-16,20250611::index=18.8.59E+05,57,859.3439142,844.1734293018078
fixed15_frequency34,-16,20250618::index=18.873637,0,873.6370359,854.5449371612826
fixed15_frequency34,-16,20250618::index=18.873637,5,873.6370359,859.1819798249569
fixed15_frequency34,-16,20250618::index=18.873637,14,873.6370359,869.6864262074173
fixed15_frequency34,-16,20250618::index=18.873637,18,873.6370359,867.9805215971516
fixed15_frequency34,-16,20250618::index=18.873637,19,873.6370359,859.7696411517472
fixed15_frequency34,-16,20250618::index=18.873637,21,873.6370359,854.339993923545
fixed15_frequency34,-16,20250618::index=18.873637,26,873.6370359,878.6806608630121
fixed15_frequency34,-16,20250618::index=18.873637,27,873.6370359,845.2129394827045
fixed15_frequency34,-16,20250618::index=18.873637,32,873.6370359,861.7049024921063
fixed15_frequency34,-16,20250618::index=18.873637,36,873.6370359,844.06964446073
fixed15_frequency34,-16,20250618::index=18.873637,43,873.6370359,868.1373901706258
fixed15_frequency34,-16,20250618::index=18.873637,53,873.6370359,866.4033580168566
fixed15_frequency34,-16,20250618::index=18.873637,54,873.6370359,846.5320415943617
fixed15_frequency34,-16,20250618::index=18.873637,56,873.6370359,859.7669220436547
fixed15_frequency34,-16,20250618::index=18.873637,57,873.6370359,863.5173122376992
fixed15_temporal46,-16,20250618::index=1.0,0,-1.42e-09,196.34701080501597
fixed15_temporal46,-16,20250618::index=1.0,3,-1.42e-09,194.85706091638266
fixed15_temporal46,-16,20250618::index=1.0,5,-1.42e-09,188.35628529553466
fixed15_temporal46,-16,20250618::index=1.0,12,-1.42e-09,185.74381077434373
fixed15_temporal46,-16,20250618::index=1.0,13,-1.42e-09,183.77120418132208
fixed15_temporal46,-16,20250618::index=1.0,31,-1.42e-09,196.5690860918332
fixed15_temporal46,-16,20250618::index=1.0,33,-1.42e-09,198.43195183215164
fixed15_temporal46,-16,20250618::index=1.0,36,-1.42e-09,170.44807997902873
fixed15_temporal46,-16,20250618::index=1.0,45,-1.42e-09,173.01656093164306
fixed15_temporal46,-16,20250618::index=1.0,46,-1.42e-09,153.97743674297442
fixed15_temporal46,-16,20250618::index=1.0,48,-1.42e-09,191.64511683191057
fixed15_temporal46,-16,20250618::index=1.0,50,-1.42e-09,196.14080847135526
fixed15_temporal46,-16,20250618::index=1.0,52,-1.42e-09,191.39325959070968
fixed15_temporal46,-16,20250618::index=1.0,54,-1.42e-09,192.9833018829097
fixed15_temporal46,-16,20250618::index=1.0,57,-1.42e-09,193.02603260735552
fixed15_temporal46,-16,20250611::index=1.3.28E-04,0,3.28047e-07,196.3485461626857
fixed15_temporal46,-16,20250611::index=1.3.28E-04,3,3.28047e-07,188.12293056415226
fixed15_temporal46,-16,20250611::index=1.3.28E-04,5,3.28047e-07,163.91883108874057
fixed15_temporal46,-16,20250611::index=1.3.28E-04,12,3.28047e-07,191.2620095637368
fixed15_temporal46,-16,20250611::index=1.3.28E-04,13,3.28047e-07,182.70797068587123
fixed15_temporal46,-16,20250611::index=1.3.28E-04,31,3.28047e-07,204.93639494283877
fixed15_temporal46,-16,20250611::index=1.3.28E-04,33,3.28047e-07,190.52461830925364
fixed15_temporal46,-16,20250611::index=1.3.28E-04,36,3.28047e-07,165.89125996750153
fixed15_temporal46,-16,20250611::index=1.3.28E-04,45,3.28047e-07,177.690976338116
fixed15_temporal46,-16,20250611::index=1.3.28E-04,46,3.28047e-07,169.50839342551757
fixed15_temporal46,-16,20250611::index=1.3.28E-04,48,3.28047e-07,191.43748209012043
fixed15_temporal46,-16,20250611::index=1.3.28E-04,50,3.28047e-07,193.35648725415754
fixed15_temporal46,-16,20250611::index=1.3.28E-04,52,3.28047e-07,187.183544734729
fixed15_temporal46,-16,20250611::index=1.3.28E-04,54,3.28047e-07,189.85007665947452
fixed15_temporal46,-16,20250611::index=1.3.28E-04,57,3.28047e-07,188.4261100307169
fixed15_temporal46,-16,20250611::index=5.1.11E+05,17,111.2647017,190.0744849640565
fixed15_temporal46,-16,20250611::index=5.1.11E+05,19,111.2647017,192.77194826852661
fixed15_temporal46,-16,20250611::index=5.1.11E+05,21,111.2647017,191.2620095637368
fixed15_temporal46,-16,20250611::index=5.1.11E+05,23,111.2647017,193.8166704098158
fixed15_temporal46,-16,20250611::index=5.1.11E+05,28,111.2647017,184.54319399536274
fixed15_temporal46,-16,20250611::index=5.1.11E+05,34,111.2647017,188.12293056415226
fixed15_temporal46,-16,20250611::index=5.1.11E+05,35,111.2647017,189.8462486922335
fixed15_temporal46,-16,20250611::index=5.1.11E+05,41,111.2647017,191.69865321829184
fixed15_temporal46,-16,20250611::index=5.1.11E+05,46,111.2647017,189.80984325117586
fixed15_temporal46,-16,20250611::index=5.1.11E+05,47,111.2647017,197.7322400987927
fixed15_temporal46,-16,20250611::index=5.1.11E+05,48,111.2647017,190.9345542914425
fixed15_temporal46,-16,20250611::index=5.1.11E+05,51,111.2647017,190.70594474730336
fixed15_temporal46,-16,20250611::index=5.1.11E+05,55,111.2647017,190.30860130714916
fixed15_temporal46,-16,20250611::index=5.1.11E+05,56,111.2647017,195.44094726442722
fixed15_temporal46,-16,20250611::index=5.1.11E+05,58,111.2647017,192.02654714379398
fixed15_temporal46,-16,20250618::index=5.113188,17,113.1882901,168.15088589681753
fixed15_temporal46,-16,20250618::index=5.113188,19,113.1882901,194.84791460478573
fixed15_temporal46,-16,20250618::index=5.113188,21,113.1882901,191.07890941347944
fixed15_temporal46,-16,20250618::index=5.113188,23,113.1882901,194.3240168158347
fixed15_temporal46,-16,20250618::index=5.113188,28,113.1882901,179.6039425965328
fixed15_temporal46,-16,20250618::index=5.113188,34,113.1882901,196.88587567655048
fixed15_temporal46,-16,20250618::index=5.113188,35,113.1882901,201.40093447173354
fixed15_temporal46,-16,20250618::index=5.113188,41,113.1882901,192.32503846176166
fixed15_temporal46,-16,20250618::index=5.113188,46,113.1882901,194.93360085840834
fixed15_temporal46,-16,20250618::index=5.113188,47,113.1882901,196.001829415654
fixed15_temporal46,-16,20250618::index=5.113188,48,113.1882901,188.1420638114678
fixed15_temporal46,-16,20250618::index=5.113188,51,113.1882901,193.0651930667489
fixed15_temporal46,-16,20250618::index=5.113188,55,113.1882901,190.4284633098292
fixed15_temporal46,-16,20250618::index=5.113188,56,113.1882901,199.42337798532276
fixed15_temporal46,-16,20250618::index=5.113188,58,113.1882901,191.58990789055298
fixed15_temporal46,-16,20250611::index=6.1.44E+05,6,144.32426180000002,183.86176037729575
fixed15_temporal46,-16,20250611::index=6.1.44E+05,11,144.32426180000002,194.41951615218238
fixed15_temporal46,-16,20250611::index=6.1.44E+05,13,144.32426180000002,188.83880555990243
fixed15_temporal46,-16,20250611::index=6.1.44E+05,26,144.32426180000002,221.66909295589048
fixed15_temporal46,-16,20250611::index=6.1.44E+05,31,144.32426180000002,191.76792281834864
fixed15_temporal46,-16,20250611::index=6.1.44E+05,34,144.32426180000002,193.43064639630603
fixed15_temporal46,-16,20250611::index=6.1.44E+05,35,144.32426180000002,198.67096447208544
fixed15_temporal46,-16,20250611::index=6.1.44E+05,36,144.32426180000002,154.78101936646823
fixed15_temporal46,-16,20250611::index=6.1.44E+05,38,144.32426180000002,191.041290906789
fixed15_temporal46,-16,20250611::index=6.1.44E+05,40,144.32426180000002,196.38911465026808
fixed15_temporal46,-16,20250611::index=6.1.44E+05,46,144.32426180000002,192.79595369539237
fixed15_temporal46,-16,20250611::index=6.1.44E+05,47,144.32426180000002,197.31332752087948
fixed15_temporal46,-16,20250611::index=6.1.44E+05,56,144.32426180000002,192.49275967960347
fixed15_temporal46,-16,20250611::index=6.1.44E+05,58,144.32426180000002,189.80984325117586
fixed15_temporal46,-16,20250611::index=6.1.44E+05,59,144.32426180000002,194.81978979077442
fixed15_temporal46,-16,20250618::index=6.146381,6,146.38165049999998,189.4670759949418
fixed15_temporal46,-16,20250618::index=6.146381,11,146.38165049999998,194.51846850570124
fixed15_temporal46,-16,20250618::index=6.146381,13,146.38165049999998,181.95485558032334
fixed15_temporal46,-16,20250618::index=6.146381,26,146.38165049999998,222.39698029185564
fixed15_temporal46,-16,20250618::index=6.146381,31,146.38165049999998,200.5892495776597
fixed15_temporal46,-16,20250618::index=6.146381,34,146.38165049999998,192.6471552288298
fixed15_temporal46,-16,20250618::index=6.146381,35,146.38165049999998,203.08505404301533
fixed15_temporal46,-16,20250618::index=6.146381,36,146.38165049999998,190.34242411255755
fixed15_temporal46,-16,20250618::index=6.146381,38,146.38165049999998,195.21663123370183
fixed15_temporal46,-16,20250618::index=6.146381,40,146.38165049999998,194.48509803627076
fixed15_temporal46,-16,20250618::index=6.146381,46,146.38165049999998,188.5409727092507
fixed15_temporal46,-16,20250618::index=6.146381,47,146.38165049999998,193.47183837564003
fixed15_temporal46,-16,20250618::index=6.146381,56,146.38165049999998,197.98546783083412
fixed15_temporal46,-16,20250618::index=6.146381,58,146.38165049999998,201.03244421411284
fixed15_temporal46,-16,20250618::index=6.146381,59,146.38165049999998,169.62238432857214
fixed15_temporal46,-16,20250611::index=7.1.81E+05,4,181.378003,192.01577232123253
fixed15_temporal46,-16,20250611::index=7.1.81E+05,5,181.378003,179.05241146295134
fixed15_temporal46,-16,20250611::index=7.1.81E+05,10,181.378003,190.25000054785025
fixed15_temporal46,-16,20250611::index=7.1.81E+05,15,181.378003,189.7647981860289
fixed15_temporal46,-16,20250611::index=7.1.81E+05,18,181.378003,189.34784165284614
fixed15_temporal46,-16,20250611::index=7.1.81E+05,20,181.378003,195.22022860747944
fixed15_temporal46,-16,20250611::index=7.1.81E+05,26,181.378003,224.61574908650584
fixed15_temporal46,-16,20250611::index=7.1.81E+05,28,181.378003,189.35124199514686
fixed15_temporal46,-16,20250611::index=7.1.81E+05,33,181.378003,190.94449509594398
fixed15_temporal46,-16,20250611::index=7.1.81E+05,37,181.378003,224.66060586035644
fixed15_temporal46,-16,20250611::index=7.1.81E+05,41,181.378003,191.6753999483337
fixed15_temporal46,-16,20250611::index=7.1.81E+05,44,181.378003,192.02023198250947
fixed15_temporal46,-16,20250611::index=7.1.81E+05,56,181.378003,194.41951615218238
fixed15_temporal46,-16,20250611::index=7.1.81E+05,57,181.378003,193.1381752319185
fixed15_temporal46,-16,20250611::index=7.1.81E+05,58,181.378003,189.50053541673972
fixed15_temporal46,-16,20250618::index=7.184190,4,184.1909699,179.45883321019124
fixed15_temporal46,-16,20250618::index=7.184190,5,184.1909699,158.89115647810922
fixed15_temporal46,-16,20250618::index=7.184190,10,184.1909699,190.71508908479632
fixed15_temporal46,-16,20250618::index=7.184190,15,184.1909699,181.25492885937015
fixed15_temporal46,-16,20250618::index=7.184190,18,184.1909699,188.97179160191618
fixed15_temporal46,-16,20250618::index=7.184190,20,184.1909699,197.04995428950232
fixed15_temporal46,-16,20250618::index=7.184190,26,184.1909699,224.55693507239468
fixed15_temporal46,-16,20250618::index=7.184190,28,184.1909699,158.3459544017356
fixed15_temporal46,-16,20250618::index=7.184190,33,184.1909699,276.0819076223308
fixed15_temporal46,-16,20250618::index=7.184190,37,184.1909699,223.74087043607517
fixed15_temporal46,-16,20250618::index=7.184190,41,184.1909699,201.74007890636034
fixed15_temporal46,-16,20250618::index=7.184190,44,184.1909699,167.24157778334697
fixed15_temporal46,-16,20250618::index=7.184190,56,184.1909699,168.39473851144345
fixed15_temporal46,-16,20250618::index=7.184190,57,184.1909699,198.4746825565974
fixed15_temporal46,-16,20250618::index=7.184190,58,184.1909699,197.0833247589328
fixed15_temporal46,-16,20250611::index=3.2.10E+04,1,20.97971604,202.84191725241803
fixed15_temporal46,-16,20250611::index=3.2.10E+04,6,20.97971604,192.01556772380653
fixed15_temporal46,-16,20250611::index=3.2.10E+04,11,20.97971604,193.4629607549634
fixed15_temporal46,-16,20250611::index=3.2.10E+04,22,20.97971604,190.10508136099696
fixed15_temporal46,-16,20250611::index=3.2.10E+04,28,20.97971604,179.81157733832293
fixed15_temporal46,-16,20250611::index=3.2.10E+04,33,20.97971604,190.7546631577179
fixed15_temporal46,-16,20250611::index=3.2.10E+04,34,20.97971604,190.94026937712502
fixed15_temporal46,-16,20250611::index=3.2.10E+04,36,20.97971604,181.4628828110703
fixed15_temporal46,-16,20250611::index=3.2.10E+04,41,20.97971604,191.0041853631801
fixed15_temporal46,-16,20250611::index=3.2.10E+04,42,20.97971604,187.98888144902503
fixed15_temporal46,-16,20250611::index=3.2.10E+04,52,20.97971604,193.07880121925737
fixed15_temporal46,-16,20250611::index=3.2.10E+04,54,20.97971604,188.5409727092507
fixed15_temporal46,-16,20250611::index=3.2.10E+04,56,20.97971604,194.6127611406861
fixed15_temporal46,-16,20250611::index=3.2.10E+04,57,20.97971604,193.35628265673154
fixed15_temporal46,-16,20250611::index=3.2.10E+04,59,20.97971604,194.7899331887444
fixed15_temporal46,-16,20250618::index=3.21242,1,21.24286319,285.24693779787157
fixed15_temporal46,-16,20250618::index=3.21242,6,21.24286319,163.50634075222706
fixed15_temporal46,-16,20250618::index=3.21242,11,21.24286319,190.98942874544417
fixed15_temporal46,-16,20250618::index=3.21242,22,21.24286319,201.85712677534633
fixed15_temporal46,-16,20250618::index=3.21242,28,21.24286319,186.07846435787707
fixed15_temporal46,-16,20250618::index=3.21242,33,21.24286319,198.43195183215164
fixed15_temporal46,-16,20250618::index=3.21242,34,21.24286319,186.5563106703011
fixed15_temporal46,-16,20250618::index=3.21242,36,21.24286319,197.1027554380511
fixed15_temporal46,-16,20250618::index=3.21242,41,21.24286319,200.6009662854374
fixed15_temporal46,-16,20250618::index=3.21242,42,21.24286319,199.0634116153985
fixed15_temporal46,-16,20250618::index=3.21242,52,21.24286319,187.38671142623798
fixed15_temporal46,-16,20250618::index=3.21242,54,21.24286319,193.61476166615657
fixed15_temporal46,-16,20250618::index=3.21242,56,21.24286319,172.4241706413223
fixed15_temporal46,-16,20250618::index=3.21242,57,21.24286319,193.0369988360514
fixed15_temporal46,-16,20250618::index=3.21242,59,21.24286319,184.5180150860514
fixed15_temporal46,-16,20250611::index=8.2.22E+05,0,221.5051102,194.8835036709731
fixed15_temporal46,-16,20250611::index=8.2.22E+05,4,221.5051102,183.87909627490782
fixed15_temporal46,-16,20250611::index=8.2.22E+05,6,221.5051102,184.6030469346921
fixed15_temporal46,-16,20250611::index=8.2.22E+05,9,221.5051102,190.5268789925281
fixed15_temporal46,-16,20250611::index=8.2.22E+05,13,221.5051102,182.68998615153203
fixed15_temporal46,-16,20250611::index=8.2.22E+05,15,221.5051102,189.45941331316902
fixed15_temporal46,-16,20250611::index=8.2.22E+05,17,221.5051102,192.0345540442099
fixed15_temporal46,-16,20250611::index=8.2.22E+05,22,221.5051102,197.93380645162395
fixed15_temporal46,-16,20250611::index=8.2.22E+05,24,221.5051102,193.5429331748613
fixed15_temporal46,-16,20250611::index=8.2.22E+05,28,221.5051102,187.0647031721752
fixed15_temporal46,-16,20250611::index=8.2.22E+05,31,221.5051102,196.48122917061798
fixed15_temporal46,-16,20250611::index=8.2.22E+05,39,221.5051102,193.5317422748036
fixed15_temporal46,-16,20250611::index=8.2.22E+05,40,221.5051102,191.8183232388502
fixed15_temporal46,-16,20250611::index=8.2.22E+05,50,221.5051102,193.36510176029356
fixed15_temporal46,-16,20250611::index=8.2.22E+05,59,221.5051102,196.03532742149167
fixed15_temporal46,-16,20250618::index=8.225704,0,225.70496179999998,204.83730284896131
fixed15_temporal46,-16,20250618::index=8.225704,4,225.70496179999998,197.3689792177197
fixed15_temporal46,-16,20250618::index=8.225704,6,225.70496179999998,156.87474493444262
fixed15_temporal46,-16,20250618::index=8.225704,9,225.70496179999998,194.84530370721237
fixed15_temporal46,-16,20250618::index=8.225704,13,225.70496179999998,278.53527719648713
fixed15_temporal46,-16,20250618::index=8.225704,15,225.70496179999998,186.43087294011778
fixed15_temporal46,-16,20250618::index=8.225704,17,225.70496179999998,163.90755882686412
fixed15_temporal46,-16,20250618::index=8.225704,22,225.70496179999998,202.54346101259483
fixed15_temporal46,-16,20250618::index=8.225704,24,225.70496179999998,197.49013170082753
fixed15_temporal46,-16,20250618::index=8.225704,28,225.70496179999998,192.14555068936104
fixed15_temporal46,-16,20250618::index=8.225704,31,225.70496179999998,200.39899159775103
fixed15_temporal46,-16,20250618::index=8.225704,39,225.70496179999998,272.41006741632395
fixed15_temporal46,-16,20250618::index=8.225704,40,225.70496179999998,200.2956931854735
fixed15_temporal46,-16,20250618::index=8.225704,50,225.70496179999998,259.92205597819986
fixed15_temporal46,-16,20250618::index=8.225704,59,225.70496179999998,192.5930754242825
fixed15_temporal46,-16,20250611::index=2.2.36E+03,0,2.35533535,199.01598765376536
fixed15_temporal46,-16,20250611::index=2.2.36E+03,2,2.35533535,189.60174694379378
fixed15_temporal46,-16,20250611::index=2.2.36E+03,3,2.35533535,190.385059740492
fixed15_temporal46,-16,20250611::index=2.2.36E+03,14,2.35533535,190.94026937712502
fixed15_temporal46,-16,20250611::index=2.2.36E+03,21,2.35533535,191.2620095637368
fixed15_temporal46,-16,20250611::index=2.2.36E+03,23,2.35533535,195.72397763972072
fixed15_temporal46,-16,20250611::index=2.2.36E+03,29,2.35533535,194.52826147992127
fixed15_temporal46,-16,20250611::index=2.2.36E+03,36,2.35533535,189.10722443887389
fixed15_temporal46,-16,20250611::index=2.2.36E+03,37,2.35533535,224.0996404247414
fixed15_temporal46,-16,20250611::index=2.2.36E+03,44,2.35533535,193.47183837564003
fixed15_temporal46,-16,20250611::index=2.2.36E+03,47,2.35533535,193.81890832216965
fixed15_temporal46,-16,20250611::index=2.2.36E+03,48,2.35533535,189.29273713911806
fixed15_temporal46,-16,20250611::index=2.2.36E+03,54,2.35533535,195.23721903154606
fixed15_temporal46,-16,20250611::index=2.2.36E+03,55,2.35533535,189.9212946308118
fixed15_temporal46,-16,20250611::index=2.2.36E+03,59,2.35533535,198.84811375873582
fixed15_temporal46,-16,20250618::index=2.2380,0,2.380025286,196.34701080501597
fixed15_temporal46,-16,20250618::index=2.2380,2,2.380025286,189.4288379579161
fixed15_temporal46,-16,20250618::index=2.2380,3,2.380025286,190.88065274087484
fixed15_temporal46,-16,20250618::index=2.2380,14,2.380025286,194.19847028719965
fixed15_temporal46,-16,20250618::index=2.2380,21,2.380025286,196.78700653774558
fixed15_temporal46,-16,20250618::index=2.2380,23,2.380025286,200.51641184242132
fixed15_temporal46,-16,20250618::index=2.2380,29,2.380025286,194.18833000752755
fixed15_temporal46,-16,20250618::index=2.2380,36,2.380025286,160.55455408513507
fixed15_temporal46,-16,20250618::index=2.2380,37,2.380025286,222.39698029185564
fixed15_temporal46,-16,20250618::index=2.2380,44,2.380025286,280.3460384865353
fixed15_temporal46,-16,20250618::index=2.2380,47,2.380025286,198.5721412119876
fixed15_temporal46,-16,20250618::index=2.2380,48,2.380025286,196.47753579979045
fixed15_temporal46,-16,20250618::index=2.2380,54,2.380025286,192.58841809036818
fixed15_temporal46,-16,20250618::index=2.2380,55,2.380025286,167.37370828779612
fixed15_temporal46,-16,20250618::index=2.2380,59,2.380025286,194.37929924621375
fixed15_temporal46,-16,20250611::index=9.2.67E+05,3,266.90769650000004,310.61487094987575
fixed15_temporal46,-16,20250611::index=9.2.67E+05,6,266.90769650000004,296.65935292274196
fixed15_temporal46,-16,20250611::index=9.2.67E+05,7,266.90769650000004,318.84644992713584
fixed15_temporal46,-16,20250611::index=9.2.67E+05,15,266.90769650000004,189.32453316691345
fixed15_temporal46,-16,20250611::index=9.2.67E+05,18,266.90769650000004,296.2186739952951
fixed15_temporal46,-16,20250611::index=9.2.67E+05,21,266.90769650000004,200.83569566310146
fixed15_temporal46,-16,20250611::index=9.2.67E+05,26,266.90769650000004,309.2892951959073
fixed15_temporal46,-16,20250611::index=9.2.67E+05,27,266.90769650000004,184.72213037760957
fixed15_temporal46,-16,20250611::index=9.2.67E+05,29,266.90769650000004,290.8072490635046
fixed15_temporal46,-16,20250611::index=9.2.67E+05,30,266.90769650000004,289.41431149403786
fixed15_temporal46,-16,20250611::index=9.2.67E+05,31,266.90769650000004,278.1066553420687
fixed15_temporal46,-16,20250611::index=9.2.67E+05,41,266.90769650000004,197.55264254602085
fixed15_temporal46,-16,20250611::index=9.2.67E+05,45,266.90769650000004,193.530733595722
fixed15_temporal46,-16,20250611::index=9.2.67E+05,51,266.90769650000004,277.2490801181632
fixed15_temporal46,-16,20250611::index=9.2.67E+05,53,266.90769650000004,303.4455950341058
fixed15_temporal46,-16,20250618::index=9.271677,3,271.6776816,199.80044388932555
fixed15_temporal46,-16,20250618::index=9.271677,6,271.6776816,256.7500603755775
fixed15_temporal46,-16,20250618::index=9.271677,7,271.6776816,192.9833018829097
fixed15_temporal46,-16,20250618::index=9.271677,15,271.6776816,286.5643108952391
fixed15_temporal46,-16,20250618::index=9.271677,18,271.6776816,158.49638018076774
fixed15_temporal46,-16,20250618::index=9.271677,21,271.6776816,278.22794491317956
fixed15_temporal46,-16,20250618::index=9.271677,26,271.6776816,222.4365200003108
fixed15_temporal46,-16,20250618::index=9.271677,27,271.6776816,182.83862452773107
fixed15_temporal46,-16,20250618::index=9.271677,29,271.6776816,195.31105924395297
fixed15_temporal46,-16,20250618::index=9.271677,30,271.6776816,200.51641184242132
fixed15_temporal46,-16,20250618::index=9.271677,31,271.6776816,199.4174446750655
fixed15_temporal46,-16,20250618::index=9.271677,41,271.6776816,256.6709652157996
fixed15_temporal46,-16,20250618::index=9.271677,45,271.6776816,290.2905580299122
fixed15_temporal46,-16,20250618::index=9.271677,51,271.6776816,191.38612294096478
fixed15_temporal46,-16,20250618::index=9.271677,53,271.6776816,202.76938284487258
fixed15_temporal46,-16,20250611::index=10.3.15E+05,2,315.4661173,286.9446779255017
fixed15_temporal46,-16,20250611::index=10.3.15E+05,4,315.4661173,279.52936673236707
fixed15_temporal46,-16,20250611::index=10.3.15E+05,10,315.4661173,327.67612988936014
fixed15_temporal46,-16,20250611::index=10.3.15E+05,18,315.4661173,277.6188526204525
fixed15_temporal46,-16,20250611::index=10.3.15E+05,21,315.4661173,195.2535990769099
fixed15_temporal46,-16,20250611::index=10.3.15E+05,27,315.4661173,295.3734192783202
fixed15_temporal46,-16,20250611::index=10.3.15E+05,29,315.4661173,281.4022575178517
fixed15_temporal46,-16,20250611::index=10.3.15E+05,31,315.4661173,313.0202474728477
fixed15_temporal46,-16,20250611::index=10.3.15E+05,40,315.4661173,333.41743637466857
fixed15_temporal46,-16,20250611::index=10.3.15E+05,45,315.4661173,343.40877446008653
fixed15_temporal46,-16,20250611::index=10.3.15E+05,47,315.4661173,347.0987724208534
fixed15_temporal46,-16,20250611::index=10.3.15E+05,48,315.4661173,299.37474325118046
fixed15_temporal46,-16,20250611::index=10.3.15E+05,50,315.4661173,348.7698921218039
fixed15_temporal46,-16,20250611::index=10.3.15E+05,53,315.4661173,271.41361556887665
fixed15_temporal46,-16,20250611::index=10.3.15E+05,55,315.4661173,300.6433061141524
fixed15_temporal46,-16,20250618::index=10.322114,2,322.1142428,303.05308214194355
fixed15_temporal46,-16,20250618::index=10.322114,4,322.1142428,290.8326042243906
fixed15_temporal46,-16,20250618::index=10.322114,10,322.1142428,266.73060584476167
fixed15_temporal46,-16,20250618::index=10.322114,18,322.1142428,309.01492376321636
fixed15_temporal46,-16,20250618::index=10.322114,21,322.1142428,258.57161491448494
fixed15_temporal46,-16,20250618::index=10.322114,27,322.1142428,273.5756422727558
fixed15_temporal46,-16,20250618::index=10.322114,29,322.1142428,195.00234930444512
fixed15_temporal46,-16,20250618::index=10.322114,31,322.1142428,278.6466219080356
fixed15_temporal46,-16,20250618::index=10.322114,40,322.1142428,196.0844671011227
fixed15_temporal46,-16,20250618::index=10.322114,45,322.1142428,175.44115092938904
fixed15_temporal46,-16,20250618::index=10.322114,47,322.1142428,199.8490137898435
fixed15_temporal46,-16,20250618::index=10.322114,48,322.1142428,273.1973094094297
fixed15_temporal46,-16,20250618::index=10.322114,50,322.1142428,196.14080847135526
fixed15_temporal46,-16,20250618::index=10.322114,53,322.1142428,196.4822000584934
fixed15_temporal46,-16,20250618::index=10.322114,55,322.1142428,153.94421653475987
fixed15_temporal46,-16,20250611::index=11.3.69E+05,1,368.97810499999997,367.5186321490529
fixed15_temporal46,-16,20250611::index=11.3.69E+05,5,368.97810499999997,409.84736699710055
fixed15_temporal46,-16,20250611::index=11.3.69E+05,15,368.97810499999997,371.4631024574232
fixed15_temporal46,-16,20250611::index=11.3.69E+05,17,368.97810499999997,367.39931357636317
fixed15_temporal46,-16,20250611::index=11.3.69E+05,20,368.97810499999997,393.05691611940927
fixed15_temporal46,-16,20250611::index=11.3.69E+05,31,368.97810499999997,387.1409163560284
fixed15_temporal46,-16,20250611::index=11.3.69E+05,37,368.97810499999997,414.018241101825
fixed15_temporal46,-16,20250611::index=11.3.69E+05,44,368.97810499999997,355.0123617553223
fixed15_temporal46,-16,20250611::index=11.3.69E+05,45,368.97810499999997,358.8947786801565
fixed15_temporal46,-16,20250611::index=11.3.69E+05,49,368.97810499999997,349.2011664309721
fixed15_temporal46,-16,20250611::index=11.3.69E+05,50,368.97810499999997,314.2868882402988
fixed15_temporal46,-16,20250611::index=11.3.69E+05,53,368.97810499999997,366.97229629875983
fixed15_temporal46,-16,20250611::index=11.3.69E+05,54,368.97810499999997,365.682283527
fixed15_temporal46,-16,20250611::index=11.3.69E+05,55,368.97810499999997,369.6750162960218
fixed15_temporal46,-16,20250611::index=11.3.69E+05,58,368.97810499999997,347.997131879567
fixed15_temporal46,-16,20250618::index=11.376320,1,376.3201201,369.4300084352596
fixed15_temporal46,-16,20250618::index=11.376320,5,376.3201201,381.767548860361
fixed15_temporal46,-16,20250618::index=11.376320,15,376.3201201,288.99156158349
fixed15_temporal46,-16,20250618::index=11.376320,17,376.3201201,332.8495681488475
fixed15_temporal46,-16,20250618::index=11.376320,20,376.3201201,359.04274374360625
fixed15_temporal46,-16,20250618::index=11.376320,31,376.3201201,274.0447731764992
fixed15_temporal46,-16,20250618::index=11.376320,37,376.3201201,326.9974795694041
fixed15_temporal46,-16,20250618::index=11.376320,44,376.3201201,344.06942541846456
fixed15_temporal46,-16,20250618::index=11.376320,45,376.3201201,363.4421435985822
fixed15_temporal46,-16,20250618::index=11.376320,49,376.3201201,350.2475248779074
fixed15_temporal46,-16,20250618::index=11.376320,50,376.3201201,315.7133234723964
fixed15_temporal46,-16,20250618::index=11.376320,53,376.3201201,351.32642955655837
fixed15_temporal46,-16,20250618::index=11.376320,54,376.3201201,327.67612988936014
fixed15_temporal46,-16,20250618::index=11.376320,55,376.3201201,394.15701681252057
fixed15_temporal46,-16,20250618::index=11.376320,58,376.3201201,363.0847705328806
fixed15_temporal46,-16,20250611::index=12.4.27E+05,3,427.27619500000003,437.6842664913401
fixed15_temporal46,-16,20250611::index=12.4.27E+05,9,427.27619500000003,433.5962169257352
fixed15_temporal46,-16,20250611::index=12.4.27E+05,13,427.27619500000003,439.56474642758945
fixed15_temporal46,-16,20250611::index=12.4.27E+05,15,427.27619500000003,466.30048557449356
fixed15_temporal46,-16,20250611::index=12.4.27E+05,17,427.27619500000003,446.99356702507026
fixed15_temporal46,-16,20250611::index=12.4.27E+05,22,427.27619500000003,479.6391701612727
fixed15_temporal46,-16,20250611::index=12.4.27E+05,28,427.27619500000003,428.00270761954465
fixed15_temporal46,-16,20250611::index=12.4.27E+05,30,427.27619500000003,429.9364086833571
fixed15_temporal46,-16,20250611::index=12.4.27E+05,39,427.27619500000003,428.5168012323983
fixed15_temporal46,-16,20250611::index=12.4.27E+05,42,427.27619500000003,462.60396827187196
fixed15_temporal46,-16,20250611::index=12.4.27E+05,44,427.27619500000003,431.8796681573214
fixed15_temporal46,-16,20250611::index=12.4.27E+05,46,427.27619500000003,478.78213189699693
fixed15_temporal46,-16,20250611::index=12.4.27E+05,47,427.27619500000003,469.4414913921509
fixed15_temporal46,-16,20250611::index=12.4.27E+05,54,427.27619500000003,423.0262343485198
fixed15_temporal46,-16,20250611::index=12.4.27E+05,57,427.27619500000003,466.4110734095823
fixed15_temporal46,-16,20250618::index=12.434018,3,434.0180833,380.4999980599887
fixed15_temporal46,-16,20250618::index=12.434018,9,434.0180833,411.0686378303052
fixed15_temporal46,-16,20250618::index=12.434018,13,434.0180833,487.79258157894935
fixed15_temporal46,-16,20250618::index=12.434018,15,434.0180833,398.43885811081867
fixed15_temporal46,-16,20250618::index=12.434018,17,434.0180833,400.333074273021
fixed15_temporal46,-16,20250618::index=12.434018,22,434.0180833,377.8687750527521
fixed15_temporal46,-16,20250618::index=12.434018,28,434.0180833,402.94865534405284
fixed15_temporal46,-16,20250618::index=12.434018,30,434.0180833,470.85463814627667
fixed15_temporal46,-16,20250618::index=12.434018,39,434.0180833,379.4366885701011
fixed15_temporal46,-16,20250618::index=12.434018,42,434.0180833,376.82241362340653
fixed15_temporal46,-16,20250618::index=12.434018,44,434.0180833,368.070173217329
fixed15_temporal46,-16,20250618::index=12.434018,46,434.0180833,434.94880856416864
fixed15_temporal46,-16,20250618::index=12.434018,47,434.0180833,437.35809207716187
fixed15_temporal46,-16,20250618::index=12.434018,54,434.0180833,440.87890892385354
fixed15_temporal46,-16,20250618::index=12.434018,57,434.0180833,428.88422183596026
fixed15_temporal46,-16,20250611::index=13.4.89E+05,3,489.45399810000004,540.2174502811195
fixed15_temporal46,-16,20250611::index=13.4.89E+05,7,489.45399810000004,480.74783792157945
fixed15_temporal46,-16,20250611::index=13.4.89E+05,12,489.45399810000004,486.09862816183704
fixed15_temporal46,-16,20250611::index=13.4.89E+05,13,489.45399810000004,462.1152282041319
fixed15_temporal46,-16,20250611::index=13.4.89E+05,14,489.45399810000004,497.0386657790005
fixed15_temporal46,-16,20250611::index=13.4.89E+05,20,489.45399810000004,501.9938101244686
fixed15_temporal46,-16,20250611::index=13.4.89E+05,34,489.45399810000004,490.40688566630837
fixed15_temporal46,-16,20250611::index=13.4.89E+05,39,489.45399810000004,487.6051871087239
fixed15_temporal46,-16,20250611::index=13.4.89E+05,42,489.45399810000004,471.92697213296464
fixed15_temporal46,-16,20250611::index=13.4.89E+05,44,489.45399810000004,493.59067509370357
fixed15_temporal46,-16,20250611::index=13.4.89E+05,48,489.45399810000004,489.37033005302806
fixed15_temporal46,-16,20250611::index=13.4.89E+05,51,489.45399810000004,488.99287102637066
fixed15_temporal46,-16,20250611::index=13.4.89E+05,53,489.45399810000004,492.8398658149823
fixed15_temporal46,-16,20250611::index=13.4.89E+05,54,489.45399810000004,496.42674038375725
fixed15_temporal46,-16,20250611::index=13.4.89E+05,59,489.45399810000004,484.0008670176264
fixed15_temporal46,-16,20250618::index=13.496023,3,496.0233525,493.7514748075267
fixed15_temporal46,-16,20250618::index=13.496023,7,496.0233525,502.1235372256158
fixed15_temporal46,-16,20250618::index=13.496023,12,496.0233525,458.53556155201454
fixed15_temporal46,-16,20250618::index=13.496023,13,496.0233525,490.8975384640097
fixed15_temporal46,-16,20250618::index=13.496023,14,496.0233525,496.97641147539446
fixed15_temporal46,-16,20250618::index=13.496023,20,496.0233525,497.0969977827932
fixed15_temporal46,-16,20250618::index=13.496023,34,496.0233525,480.75758632748574
fixed15_temporal46,-16,20250618::index=13.496023,39,496.0233525,470.6516581918524
fixed15_temporal46,-16,20250618::index=13.496023,42,496.0233525,432.7557299367898
fixed15_temporal46,-16,20250618::index=13.496023,44,496.0233525,492.68238261696405
fixed15_temporal46,-16,20250618::index=13.496023,48,496.0233525,478.36586753993583
fixed15_temporal46,-16,20250618::index=13.496023,51,496.0233525,480.04233757676985
fixed15_temporal46,-16,20250618::index=13.496023,53,496.0233525,481.86882858215876
fixed15_temporal46,-16,20250618::index=13.496023,54,496.0233525,506.29254877416565
fixed15_temporal46,-16,20250618::index=13.496023,59,496.0233525,504.65500317491967
fixed15_temporal46,-16,20250611::index=14.5.54E+05,8,554.1963218000001,575.0026285211968
fixed15_temporal46,-16,20250611::index=14.5.54E+05,9,554.1963218000001,555.0114716191943
fixed15_temporal46,-16,20250611::index=14.5.54E+05,10,554.1963218000001,544.0550169713895
fixed15_temporal46,-16,20250611::index=14.5.54E+05,14,554.1963218000001,574.1383304308988
fixed15_temporal46,-16,20250611::index=14.5.54E+05,29,554.1963218000001,543.6286349367898
fixed15_temporal46,-16,20250611::index=14.5.54E+05,30,554.1963218000001,488.8113747152131
fixed15_temporal46,-16,20250611::index=14.5.54E+05,33,554.1963218000001,585.7891079104517
fixed15_temporal46,-16,20250611::index=14.5.54E+05,36,554.1963218000001,560.4036420629463
fixed15_temporal46,-16,20250611::index=14.5.54E+05,43,554.1963218000001,509.011626639141
fixed15_temporal46,-16,20250611::index=14.5.54E+05,48,554.1963218000001,541.2958641016131
fixed15_temporal46,-16,20250611::index=14.5.54E+05,50,554.1963218000001,541.6560167551295
fixed15_temporal46,-16,20250611::index=14.5.54E+05,51,554.1963218000001,557.3126848164653
fixed15_temporal46,-16,20250611::index=14.5.54E+05,54,554.1963218000001,559.1024506421047
fixed15_temporal46,-16,20250611::index=14.5.54E+05,57,554.1963218000001,558.3392028003004
fixed15_temporal46,-16,20250611::index=14.5.54E+05,58,554.1963218000001,541.8839504206902
fixed15_temporal46,-16,20250618::index=14.562158,8,562.1587854,562.4819542520895
fixed15_temporal46,-16,20250618::index=14.562158,9,562.1587854,578.9210503224564
fixed15_temporal46,-16,20250618::index=14.562158,10,562.1587854,562.1729064302015
fixed15_temporal46,-16,20250618::index=14.562158,14,562.1587854,578.3126748429463
fixed15_temporal46,-16,20250618::index=14.562158,29,562.1587854,556.5433006000533
fixed15_temporal46,-16,20250618::index=14.562158,30,562.1587854,564.5123858860125
fixed15_temporal46,-16,20250618::index=14.562158,33,562.1587854,559.7712987854289
fixed15_temporal46,-16,20250618::index=14.562158,36,562.1587854,570.767175708161
fixed15_temporal46,-16,20250618::index=14.562158,43,562.1587854,569.3090156374371
fixed15_temporal46,-16,20250618::index=14.562158,48,562.1587854,550.5277445978725
fixed15_temporal46,-16,20250618::index=14.562158,50,562.1587854,567.3082236738377
fixed15_temporal46,-16,20250618::index=14.562158,51,562.1587854,561.8988734889937
fixed15_temporal46,-16,20250618::index=14.562158,54,562.1587854,545.7167058405622
fixed15_temporal46,-16,20250618::index=14.562158,57,562.1587854,567.916358950729
fixed15_temporal46,-16,20250618::index=14.562158,58,562.1587854,571.7887670855571
fixed15_temporal46,-16,20250611::index=4.5.76E+04,2,57.59331665,189.32723441487477
fixed15_temporal46,-16,20250611::index=4.5.76E+04,3,57.59331665,192.22136767379985
fixed15_temporal46,-16,20250611::index=4.5.76E+04,6,57.59331665,169.43890206597058
fixed15_temporal46,-16,20250611::index=4.5.76E+04,11,57.59331665,197.9256148915048
fixed15_temporal46,-16,20250611::index=4.5.76E+04,13,57.59331665,172.9046985835621
fixed15_temporal46,-16,20250611::index=4.5.76E+04,15,57.59331665,194.8088804590168
fixed15_temporal46,-16,20250611::index=4.5.76E+04,18,57.59331665,193.94966017210297
fixed15_temporal46,-16,20250611::index=4.5.76E+04,33,57.59331665,191.041290906789
fixed15_temporal46,-16,20250611::index=4.5.76E+04,38,57.59331665,192.27526922436752
fixed15_temporal46,-16,20250611::index=4.5.76E+04,41,57.59331665,194.52826147992127
fixed15_temporal46,-16,20250611::index=4.5.76E+04,42,57.59331665,193.0952399100467
fixed15_temporal46,-16,20250611::index=4.5.76E+04,44,57.59331665,190.40983112354212
fixed15_temporal46,-16,20250611::index=4.5.76E+04,46,57.59331665,189.35347260520808
fixed15_temporal46,-16,20250611::index=4.5.76E+04,54,57.59331665,190.19877606828595
fixed15_temporal46,-16,20250611::index=4.5.76E+04,55,57.59331665,191.8581957650835
fixed15_temporal46,-16,20250618::index=4.58389,2,58.38985471,197.32776179647152
fixed15_temporal46,-16,20250618::index=4.58389,3,58.38985471,189.81762384284997
fixed15_temporal46,-16,20250618::index=4.58389,6,58.38985471,188.62513147934345
fixed15_temporal46,-16,20250618::index=4.58389,11,58.38985471,199.42269978032837
fixed15_temporal46,-16,20250618::index=4.58389,13,58.38985471,190.4348095090901
fixed15_temporal46,-16,20250618::index=4.58389,15,58.38985471,189.32453316691345
fixed15_temporal46,-16,20250618::index=4.58389,18,58.38985471,190.5672921734387
fixed15_temporal46,-16,20250618::index=4.58389,33,58.38985471,195.20804181795222
fixed15_temporal46,-16,20250618::index=4.58389,38,58.38985471,199.53974764931436
fixed15_temporal46,-16,20250618::index=4.58389,41,58.38985471,196.8056387240326
fixed15_temporal46,-16,20250618::index=4.58389,42,58.38985471,171.03838962139184
fixed15_temporal46,-16,20250618::index=4.58389,44,58.38985471,195.83012773571198
fixed15_temporal46,-16,20250618::index=4.58389,46,58.38985471,188.14411074437416
fixed15_temporal46,-16,20250618::index=4.58389,54,58.38985471,193.61476166615657
fixed15_temporal46,-16,20250618::index=4.58389,55,58.38985471,181.2243324624297
fixed15_temporal46,-16,20250611::index=15.6.24E+05,3,624.4425514,647.7748056681456
fixed15_temporal46,-16,20250611::index=15.6.24E+05,4,624.4425514,616.5027958005212
fixed15_temporal46,-16,20250611::index=15.6.24E+05,11,624.4425514,645.2098358285959
fixed15_temporal46,-16,20250611::index=15.6.24E+05,13,624.4425514,574.7769263334596
fixed15_temporal46,-16,20250611::index=15.6.24E+05,14,624.4425514,611.0465864908784
fixed15_temporal46,-16,20250611::index=15.6.24E+05,18,624.4425514,613.3030314213725
fixed15_temporal46,-16,20250611::index=15.6.24E+05,19,624.4425514,614.4451975886548
fixed15_temporal46,-16,20250611::index=15.6.24E+05,27,624.4425514,614.9479993571467
fixed15_temporal46,-16,20250611::index=15.6.24E+05,39,624.4425514,627.1267244906901
fixed15_temporal46,-16,20250611::index=15.6.24E+05,43,624.4425514,645.8838802746055
fixed15_temporal46,-16,20250611::index=15.6.24E+05,46,624.4425514,605.516766689539
fixed15_temporal46,-16,20250611::index=15.6.24E+05,51,624.4425514,628.364729517061
fixed15_temporal46,-16,20250611::index=15.6.24E+05,55,624.4425514,623.2878900177406
fixed15_temporal46,-16,20250611::index=15.6.24E+05,57,624.4425514,612.9102835306995
fixed15_temporal46,-16,20250611::index=15.6.24E+05,58,624.4425514,622.0403217522752
fixed15_temporal46,-16,20250618::index=15.633482,3,633.482536,654.131924284721
fixed15_temporal46,-16,20250618::index=15.633482,4,633.482536,635.4715676940064
fixed15_temporal46,-16,20250618::index=15.633482,11,633.482536,636.1008210352409
fixed15_temporal46,-16,20250618::index=15.633482,13,633.482536,621.8793859633575
fixed15_temporal46,-16,20250618::index=15.633482,14,633.482536,645.8109314411076
fixed15_temporal46,-16,20250618::index=15.633482,18,633.482536,601.9261435580903
fixed15_temporal46,-16,20250618::index=15.633482,19,633.482536,635.6933110514049
fixed15_temporal46,-16,20250618::index=15.633482,27,633.482536,612.0643926001675
fixed15_temporal46,-16,20250618::index=15.633482,39,633.482536,605.2299097164657
fixed15_temporal46,-16,20250618::index=15.633482,43,633.482536,673.7036080129876
fixed15_temporal46,-16,20250618::index=15.633482,46,633.482536,652.3379210052353
fixed15_temporal46,-16,20250618::index=15.633482,51,633.482536,698.9736894596048
fixed15_temporal46,-16,20250618::index=15.633482,55,633.482536,606.1991614148283
fixed15_temporal46,-16,20250618::index=15.633482,57,633.482536,653.820646061218
fixed15_temporal46,-16,20250618::index=15.633482,58,633.482536,646.6243252390327
fixed15_temporal46,-16,20250611::index=16.6.98E+05,2,698.421296,690.9102908154741
fixed15_temporal46,-16,20250611::index=16.6.98E+05,6,698.421296,704.6445828161912
fixed15_temporal46,-16,20250611::index=16.6.98E+05,9,698.421296,672.837589130218
fixed15_temporal46,-16,20250611::index=16.6.98E+05,10,698.421296,669.0724564621833
fixed15_temporal46,-16,20250611::index=16.6.98E+05,13,698.421296,699.8470993015133
fixed15_temporal46,-16,20250611::index=16.6.98E+05,17,698.421296,688.9131535993334
fixed15_temporal46,-16,20250611::index=16.6.98E+05,35,698.421296,691.3131152267317
fixed15_temporal46,-16,20250611::index=16.6.98E+05,37,698.421296,689.1558020063762
fixed15_temporal46,-16,20250611::index=16.6.98E+05,39,698.421296,688.1462191840697
fixed15_temporal46,-16,20250611::index=16.6.98E+05,40,698.421296,701.6492718617912
fixed15_temporal46,-16,20250611::index=16.6.98E+05,46,698.421296,738.9117349812698
fixed15_temporal46,-16,20250611::index=16.6.98E+05,47,698.421296,710.5310910765658
fixed15_temporal46,-16,20250611::index=16.6.98E+05,52,698.421296,749.9831247206877
fixed15_temporal46,-16,20250611::index=16.6.98E+05,55,698.421296,686.839828508535
fixed15_temporal46,-16,20250611::index=16.6.98E+05,57,698.421296,694.9512617481842
fixed15_temporal46,-16,20250618::index=16.709792,2,709.7927143,711.6617740096896
fixed15_temporal46,-16,20250618::index=16.709792,6,709.7927143,736.8232029284216
fixed15_temporal46,-16,20250618::index=16.709792,9,709.7927143,710.5658109733276
fixed15_temporal46,-16,20250618::index=16.709792,10,709.7927143,750.928032233659
fixed15_temporal46,-16,20250618::index=16.709792,13,709.7927143,717.3852867790347
fixed15_temporal46,-16,20250618::index=16.709792,17,709.7927143,739.8843391025802
fixed15_temporal46,-16,20250618::index=16.709792,35,709.7927143,701.7094512379774
fixed15_temporal46,-16,20250618::index=16.709792,37,709.7927143,714.1960710064726
fixed15_temporal46,-16,20250618::index=16.709792,39,709.7927143,710.2963427551892
fixed15_temporal46,-16,20250618::index=16.709792,40,709.7927143,729.2144667944807
fixed15_temporal46,-16,20250618::index=16.709792,46,709.7927143,771.4138338058104
fixed15_temporal46,-16,20250618::index=16.709792,47,709.7927143,732.0574292458996
fixed15_temporal46,-16,20250618::index=16.709792,52,709.7927143,706.7524447492941
fixed15_temporal46,-16,20250618::index=16.709792,55,709.7927143,702.1677640954921
fixed15_temporal46,-16,20250618::index=16.709792,57,709.7927143,679.2432575267275
fixed15_temporal46,-16,20250611::index=17.7.77E+05,5,776.6472223000001,761.3382402675278
fixed15_temporal46,-16,20250611::index=17.7.77E+05,6,776.6472223000001,766.7180061085743
fixed15_temporal46,-16,20250611::index=17.7.77E+05,7,776.6472223000001,753.4082232500565
fixed15_temporal46,-16,20250611::index=17.7.77E+05,8,776.6472223000001,755.5413221045796
fixed15_temporal46,-16,20250611::index=17.7.77E+05,10,776.6472223000001,748.7278936512179
fixed15_temporal46,-16,20250611::index=17.7.77E+05,14,776.6472223000001,769.2922879534294
fixed15_temporal46,-16,20250611::index=17.7.77E+05,19,776.6472223000001,814.6800778090297
fixed15_temporal46,-16,20250611::index=17.7.77E+05,24,776.6472223000001,772.5987469821864
fixed15_temporal46,-16,20250611::index=17.7.77E+05,26,776.6472223000001,744.8903545952826
fixed15_temporal46,-16,20250611::index=17.7.77E+05,31,776.6472223000001,748.9939905516604
fixed15_temporal46,-16,20250611::index=17.7.77E+05,41,776.6472223000001,796.463190597469
fixed15_temporal46,-16,20250611::index=17.7.77E+05,52,776.6472223000001,807.6215946717057
fixed15_temporal46,-16,20250611::index=17.7.77E+05,53,776.6472223000001,817.4129735195412
fixed15_temporal46,-16,20250611::index=17.7.77E+05,54,776.6472223000001,769.8998014853131
fixed15_temporal46,-16,20250611::index=17.7.77E+05,55,776.6472223000001,731.1971451124334
fixed15_temporal46,-16,20250618::index=17.789500,5,789.5001968,770.0232192988361
fixed15_temporal46,-16,20250618::index=17.789500,6,789.5001968,836.9817356308843
fixed15_temporal46,-16,20250618::index=17.789500,7,789.5001968,715.4039018665026
fixed15_temporal46,-16,20250618::index=17.789500,8,789.5001968,730.8545629855487
fixed15_temporal46,-16,20250618::index=17.789500,10,789.5001968,748.0453749949138
fixed15_temporal46,-16,20250618::index=17.789500,14,789.5001968,828.6720264738584
fixed15_temporal46,-16,20250618::index=17.789500,19,789.5001968,821.323367438346
fixed15_temporal46,-16,20250618::index=17.789500,24,789.5001968,754.5560852819016
fixed15_temporal46,-16,20250618::index=17.789500,26,789.5001968,842.7597119029717
fixed15_temporal46,-16,20250618::index=17.789500,31,789.5001968,796.4273919869928
fixed15_temporal46,-16,20250618::index=17.789500,41,789.5001968,767.6314981345544
fixed15_temporal46,-16,20250618::index=17.789500,52,789.5001968,759.6867467606112
fixed15_temporal46,-16,20250618::index=17.789500,53,789.5001968,749.4087500599603
fixed15_temporal46,-16,20250618::index=17.789500,54,789.5001968,806.993251293102
fixed15_temporal46,-16,20250618::index=17.789500,55,789.5001968,792.891352783321
fixed15_temporal46,-16,20250611::index=18.8.59E+05,0,859.3439142,865.8895974165491
fixed15_temporal46,-16,20250611::index=18.8.59E+05,5,859.3439142,843.2630119119045
fixed15_temporal46,-16,20250611::index=18.8.59E+05,14,859.3439142,858.7370462274924
fixed15_temporal46,-16,20250611::index=18.8.59E+05,18,859.3439142,839.8159695439768
fixed15_temporal46,-16,20250611::index=18.8.59E+05,19,859.3439142,866.0481470005913
fixed15_temporal46,-16,20250611::index=18.8.59E+05,21,859.3439142,868.2200499875486
fixed15_temporal46,-16,20250611::index=18.8.59E+05,26,859.3439142,871.6005749312264
fixed15_temporal46,-16,20250611::index=18.8.59E+05,27,859.3439142,858.1760028525395
fixed15_temporal46,-16,20250611::index=18.8.59E+05,32,859.3439142,858.0405961994949
fixed15_temporal46,-16,20250611::index=18.8.59E+05,36,859.3439142,859.3348111574439
fixed15_temporal46,-16,20250611::index=18.8.59E+05,43,859.3439142,785.1528013996801
fixed15_temporal46,-16,20250611::index=18.8.59E+05,53,859.3439142,864.1222969622695
fixed15_temporal46,-16,20250611::index=18.8.59E+05,54,859.3439142,838.0016943969666
fixed15_temporal46,-16,20250611::index=18.8.59E+05,56,859.3439142,865.2307730626335
fixed15_temporal46,-16,20250611::index=18.8.59E+05,57,859.3439142,857.7627718484152
fixed15_temporal46,-16,20250618::index=18.873637,0,873.6370359,870.1911575301924
fixed15_temporal46,-16,20250618::index=18.873637,5,873.6370359,868.4804986947177
fixed15_temporal46,-16,20250618::index=18.873637,14,873.6370359,872.9715696485952
fixed15_temporal46,-16,20250618::index=18.873637,18,873.6370359,858.3722226181809
fixed15_temporal46,-16,20250618::index=18.873637,19,873.6370359,854.0738180813524
fixed15_temporal46,-16,20250618::index=18.873637,21,873.6370359,852.9224225324422
fixed15_temporal46,-16,20250618::index=18.873637,26,873.6370359,873.0719528941925
fixed15_temporal46,-16,20250618::index=18.873637,27,873.6370359,834.8864761870396
fixed15_temporal46,-16,20250618::index=18.873637,32,873.6370359,868.8725477433084
fixed15_temporal46,-16,20250618::index=18.873637,36,873.6370359,842.7057186713988
fixed15_temporal46,-16,20250618::index=18.873637,43,873.6370359,867.4409656233365
fixed15_temporal46,-16,20250618::index=18.873637,53,873.6370359,869.4820482861203
fixed15_temporal46,-16,20250618::index=18.873637,54,873.6370359,863.2311850745864
fixed15_temporal46,-16,20250618::index=18.873637,56,873.6370359,845.6653152808975
fixed15_temporal46,-16,20250618::index=18.873637,57,873.6370359,855.5269632190514
fixed15_band10,-20,20250618::index=1.0,0,-1.42e-09,207.32460788371912
fixed15_band10,-20,20250618::index=1.0,3,-1.42e-09,207.84765514895864
fixed15_band10,-20,20250618::index=1.0,5,-1.42e-09,205.50925734300537
fixed15_band10,-20,20250618::index=1.0,12,-1.42e-09,205.50925734300537
fixed15_band10,-20,20250618::index=1.0,13,-1.42e-09,207.32460788371912
fixed15_band10,-20,20250618::index=1.0,31,-1.42e-09,207.32460788371912
fixed15_band10,-20,20250618::index=1.0,33,-1.42e-09,207.16819124717273
fixed15_band10,-20,20250618::index=1.0,36,-1.42e-09,205.18471443896945
fixed15_band10,-20,20250618::index=1.0,45,-1.42e-09,205.50925734300537
fixed15_band10,-20,20250618::index=1.0,46,-1.42e-09,205.50925734300537
fixed15_band10,-20,20250618::index=1.0,48,-1.42e-09,205.50925734300537
fixed15_band10,-20,20250618::index=1.0,50,-1.42e-09,208.0289247707675
fixed15_band10,-20,20250618::index=1.0,52,-1.42e-09,205.50925734300537
fixed15_band10,-20,20250618::index=1.0,54,-1.42e-09,208.0289247707675
fixed15_band10,-20,20250618::index=1.0,57,-1.42e-09,207.32460788371912
fixed15_band10,-20,20250611::index=1.3.28E-04,0,3.28047e-07,207.32460788371912
fixed15_band10,-20,20250611::index=1.3.28E-04,3,3.28047e-07,208.0289247707675
fixed15_band10,-20,20250611::index=1.3.28E-04,5,3.28047e-07,205.50925734300537
fixed15_band10,-20,20250611::index=1.3.28E-04,12,3.28047e-07,207.32460788371912
fixed15_band10,-20,20250611::index=1.3.28E-04,13,3.28047e-07,207.32460788371912
fixed15_band10,-20,20250611::index=1.3.28E-04,31,3.28047e-07,207.16819124717273
fixed15_band10,-20,20250611::index=1.3.28E-04,33,3.28047e-07,205.50925734300537
fixed15_band10,-20,20250611::index=1.3.28E-04,36,3.28047e-07,205.18471443896945
fixed15_band10,-20,20250611::index=1.3.28E-04,45,3.28047e-07,205.50925734300537
fixed15_band10,-20,20250611::index=1.3.28E-04,46,3.28047e-07,205.50925734300537
fixed15_band10,-20,20250611::index=1.3.28E-04,48,3.28047e-07,205.50925734300537
fixed15_band10,-20,20250611::index=1.3.28E-04,50,3.28047e-07,208.0289247707675
fixed15_band10,-20,20250611::index=1.3.28E-04,52,3.28047e-07,207.16819124717273
fixed15_band10,-20,20250611::index=1.3.28E-04,54,3.28047e-07,208.0289247707675
fixed15_band10,-20,20250611::index=1.3.28E-04,57,3.28047e-07,207.32460788371912
fixed15_band10,-20,20250611::index=5.1.11E+05,17,111.2647017,207.32460788371912
fixed15_band10,-20,20250611::index=5.1.11E+05,19,111.2647017,207.84765514895864
fixed15_band10,-20,20250611::index=5.1.11E+05,21,111.2647017,207.32460788371912
fixed15_band10,-20,20250611::index=5.1.11E+05,23,111.2647017,207.32460788371912
fixed15_band10,-20,20250611::index=5.1.11E+05,28,111.2647017,205.50925734300537
fixed15_band10,-20,20250611::index=5.1.11E+05,34,111.2647017,207.32460788371912
fixed15_band10,-20,20250611::index=5.1.11E+05,35,111.2647017,171.53431825932012
fixed15_band10,-20,20250611::index=5.1.11E+05,41,111.2647017,207.32460788371912
fixed15_band10,-20,20250611::index=5.1.11E+05,46,111.2647017,207.32460788371912
fixed15_band10,-20,20250611::index=5.1.11E+05,47,111.2647017,207.32460788371912
fixed15_band10,-20,20250611::index=5.1.11E+05,48,111.2647017,207.32460788371912
fixed15_band10,-20,20250611::index=5.1.11E+05,51,111.2647017,208.0289247707675
fixed15_band10,-20,20250611::index=5.1.11E+05,55,111.2647017,207.32460788371912
fixed15_band10,-20,20250611::index=5.1.11E+05,56,111.2647017,207.32460788371912
fixed15_band10,-20,20250611::index=5.1.11E+05,58,111.2647017,207.32460788371912
fixed15_band10,-20,20250618::index=5.113188,17,113.1882901,207.32460788371912
fixed15_band10,-20,20250618::index=5.113188,19,113.1882901,207.84765514895864
fixed15_band10,-20,20250618::index=5.113188,21,113.1882901,207.32460788371912
fixed15_band10,-20,20250618::index=5.113188,23,113.1882901,205.50925734300537
fixed15_band10,-20,20250618::index=5.113188,28,113.1882901,205.50925734300537
fixed15_band10,-20,20250618::index=5.113188,34,113.1882901,207.16819124717273
fixed15_band10,-20,20250618::index=5.113188,35,113.1882901,168.54589591903198
fixed15_band10,-20,20250618::index=5.113188,41,113.1882901,207.32460788371912
fixed15_band10,-20,20250618::index=5.113188,46,113.1882901,207.32460788371912
fixed15_band10,-20,20250618::index=5.113188,47,113.1882901,207.32460788371912
fixed15_band10,-20,20250618::index=5.113188,48,113.1882901,207.32460788371912
fixed15_band10,-20,20250618::index=5.113188,51,113.1882901,208.0289247707675
fixed15_band10,-20,20250618::index=5.113188,55,113.1882901,207.32460788371912
fixed15_band10,-20,20250618::index=5.113188,56,113.1882901,207.32460788371912
fixed15_band10,-20,20250618::index=5.113188,58,113.1882901,207.32460788371912
fixed15_band10,-20,20250611::index=6.1.44E+05,6,144.32426180000002,207.32460788371912
fixed15_band10,-20,20250611::index=6.1.44E+05,11,144.32426180000002,207.32460788371912
fixed15_band10,-20,20250611::index=6.1.44E+05,13,144.32426180000002,207.32460788371912
fixed15_band10,-20,20250611::index=6.1.44E+05,26,144.32426180000002,207.84765514895864
fixed15_band10,-20,20250611::index=6.1.44E+05,31,144.32426180000002,207.32460788371912
fixed15_band10,-20,20250611::index=6.1.44E+05,34,144.32426180000002,205.50925734300537
fixed15_band10,-20,20250611::index=6.1.44E+05,35,144.32426180000002,171.53431825932012
fixed15_band10,-20,20250611::index=6.1.44E+05,36,144.32426180000002,207.32460788371912
fixed15_band10,-20,20250611::index=6.1.44E+05,38,144.32426180000002,207.32460788371912
fixed15_band10,-20,20250611::index=6.1.44E+05,40,144.32426180000002,205.50925734300537
fixed15_band10,-20,20250611::index=6.1.44E+05,46,144.32426180000002,205.50925734300537
fixed15_band10,-20,20250611::index=6.1.44E+05,47,144.32426180000002,207.32460788371912
fixed15_band10,-20,20250611::index=6.1.44E+05,56,144.32426180000002,207.32460788371912
fixed15_band10,-20,20250611::index=6.1.44E+05,58,144.32426180000002,207.32460788371912
fixed15_band10,-20,20250611::index=6.1.44E+05,59,144.32426180000002,207.32460788371912
fixed15_band10,-20,20250618::index=6.146381,6,146.38165049999998,207.32460788371912
fixed15_band10,-20,20250618::index=6.146381,11,146.38165049999998,205.50925734300537
fixed15_band10,-20,20250618::index=6.146381,13,146.38165049999998,207.32460788371912
fixed15_band10,-20,20250618::index=6.146381,26,146.38165049999998,208.0289247707675
fixed15_band10,-20,20250618::index=6.146381,31,146.38165049999998,205.50925734300537
fixed15_band10,-20,20250618::index=6.146381,34,146.38165049999998,207.32460788371912
fixed15_band10,-20,20250618::index=6.146381,35,146.38165049999998,224.32824958834684
fixed15_band10,-20,20250618::index=6.146381,36,146.38165049999998,204.94918650113996
fixed15_band10,-20,20250618::index=6.146381,38,146.38165049999998,205.50925734300537
fixed15_band10,-20,20250618::index=6.146381,40,146.38165049999998,207.32460788371912
fixed15_band10,-20,20250618::index=6.146381,46,146.38165049999998,207.32460788371912
fixed15_band10,-20,20250618::index=6.146381,47,146.38165049999998,207.32460788371912
fixed15_band10,-20,20250618::index=6.146381,56,146.38165049999998,207.32460788371912
fixed15_band10,-20,20250618::index=6.146381,58,146.38165049999998,207.16819124717273
fixed15_band10,-20,20250618::index=6.146381,59,146.38165049999998,208.0289247707675
fixed15_band10,-20,20250611::index=7.1.81E+05,4,181.378003,205.50925734300537
fixed15_band10,-20,20250611::index=7.1.81E+05,5,181.378003,207.32460788371912
fixed15_band10,-20,20250611::index=7.1.81E+05,10,181.378003,205.50925734300537
fixed15_band10,-20,20250611::index=7.1.81E+05,15,181.378003,205.50925734300537
fixed15_band10,-20,20250611::index=7.1.81E+05,18,181.378003,207.32460788371912
fixed15_band10,-20,20250611::index=7.1.81E+05,20,181.378003,207.32460788371912
fixed15_band10,-20,20250611::index=7.1.81E+05,26,181.378003,207.84765514895864
fixed15_band10,-20,20250611::index=7.1.81E+05,28,181.378003,204.94918650113996
fixed15_band10,-20,20250611::index=7.1.81E+05,33,181.378003,207.32460788371912
fixed15_band10,-20,20250611::index=7.1.81E+05,37,181.378003,208.84402150758083
fixed15_band10,-20,20250611::index=7.1.81E+05,41,181.378003,207.32460788371912
fixed15_band10,-20,20250611::index=7.1.81E+05,44,181.378003,205.50925734300537
fixed15_band10,-20,20250611::index=7.1.81E+05,56,181.378003,208.0289247707675
fixed15_band10,-20,20250611::index=7.1.81E+05,57,181.378003,205.50925734300537
fixed15_band10,-20,20250611::index=7.1.81E+05,58,181.378003,207.32460788371912
fixed15_band10,-20,20250618::index=7.184190,4,184.1909699,205.50925734300537
fixed15_band10,-20,20250618::index=7.184190,5,184.1909699,205.50925734300537
fixed15_band10,-20,20250618::index=7.184190,10,184.1909699,207.32460788371912
fixed15_band10,-20,20250618::index=7.184190,15,184.1909699,205.50925734300537
fixed15_band10,-20,20250618::index=7.184190,18,184.1909699,207.32460788371912
fixed15_band10,-20,20250618::index=7.184190,20,184.1909699,207.32460788371912
fixed15_band10,-20,20250618::index=7.184190,26,184.1909699,208.0289247707675
fixed15_band10,-20,20250618::index=7.184190,28,184.1909699,207.16819124717273
fixed15_band10,-20,20250618::index=7.184190,33,184.1909699,238.44600935895627
fixed15_band10,-20,20250618::index=7.184190,37,184.1909699,207.84765514895864
fixed15_band10,-20,20250618::index=7.184190,41,184.1909699,207.16819124717273
fixed15_band10,-20,20250618::index=7.184190,44,184.1909699,205.50925734300537
fixed15_band10,-20,20250618::index=7.184190,56,184.1909699,207.32460788371912
fixed15_band10,-20,20250618::index=7.184190,57,184.1909699,204.94918650113996
fixed15_band10,-20,20250618::index=7.184190,58,184.1909699,205.50925734300537
fixed15_band10,-20,20250611::index=3.2.10E+04,1,20.97971604,204.94918650113996
fixed15_band10,-20,20250611::index=3.2.10E+04,6,20.97971604,208.0289247707675
fixed15_band10,-20,20250611::index=3.2.10E+04,11,20.97971604,207.32460788371912
fixed15_band10,-20,20250611::index=3.2.10E+04,22,20.97971604,205.50925734300537
fixed15_band10,-20,20250611::index=3.2.10E+04,28,20.97971604,205.50925734300537
fixed15_band10,-20,20250611::index=3.2.10E+04,33,20.97971604,207.32460788371912
fixed15_band10,-20,20250611::index=3.2.10E+04,34,20.97971604,207.32460788371912
fixed15_band10,-20,20250611::index=3.2.10E+04,36,20.97971604,207.32460788371912
fixed15_band10,-20,20250611::index=3.2.10E+04,41,20.97971604,207.32460788371912
fixed15_band10,-20,20250611::index=3.2.10E+04,42,20.97971604,205.50925734300537
fixed15_band10,-20,20250611::index=3.2.10E+04,52,20.97971604,207.32460788371912
fixed15_band10,-20,20250611::index=3.2.10E+04,54,20.97971604,208.0289247707675
fixed15_band10,-20,20250611::index=3.2.10E+04,56,20.97971604,207.32460788371912
fixed15_band10,-20,20250611::index=3.2.10E+04,57,20.97971604,207.32460788371912
fixed15_band10,-20,20250611::index=3.2.10E+04,59,20.97971604,207.84765514895864
fixed15_band10,-20,20250618::index=3.21242,1,21.24286319,247.6836098550818
fixed15_band10,-20,20250618::index=3.21242,6,21.24286319,207.32460788371912
fixed15_band10,-20,20250618::index=3.21242,11,21.24286319,205.50925734300537
fixed15_band10,-20,20250618::index=3.21242,22,21.24286319,204.94918650113996
fixed15_band10,-20,20250618::index=3.21242,28,21.24286319,207.16819124717273
fixed15_band10,-20,20250618::index=3.21242,33,21.24286319,207.16819124717273
fixed15_band10,-20,20250618::index=3.21242,34,21.24286319,207.16819124717273
fixed15_band10,-20,20250618::index=3.21242,36,21.24286319,205.18471443896945
fixed15_band10,-20,20250618::index=3.21242,41,21.24286319,205.50925734300537
fixed15_band10,-20,20250618::index=3.21242,42,21.24286319,207.16819124717273
fixed15_band10,-20,20250618::index=3.21242,52,21.24286319,205.50925734300537
fixed15_band10,-20,20250618::index=3.21242,54,21.24286319,207.32460788371912
fixed15_band10,-20,20250618::index=3.21242,56,21.24286319,205.50925734300537
fixed15_band10,-20,20250618::index=3.21242,57,21.24286319,207.32460788371912
fixed15_band10,-20,20250618::index=3.21242,59,21.24286319,208.0289247707675
fixed15_band10,-20,20250611::index=8.2.22E+05,0,221.5051102,207.32460788371912
fixed15_band10,-20,20250611::index=8.2.22E+05,4,221.5051102,205.50925734300537
fixed15_band10,-20,20250611::index=8.2.22E+05,6,221.5051102,207.32460788371912
fixed15_band10,-20,20250611::index=8.2.22E+05,9,221.5051102,207.32460788371912
fixed15_band10,-20,20250611::index=8.2.22E+05,13,221.5051102,208.0289247707675
fixed15_band10,-20,20250611::index=8.2.22E+05,15,221.5051102,207.16819124717273
fixed15_band10,-20,20250611::index=8.2.22E+05,17,221.5051102,207.32460788371912
fixed15_band10,-20,20250611::index=8.2.22E+05,22,221.5051102,207.16819124717273
fixed15_band10,-20,20250611::index=8.2.22E+05,24,221.5051102,207.32460788371912
fixed15_band10,-20,20250611::index=8.2.22E+05,28,221.5051102,207.16819124717273
fixed15_band10,-20,20250611::index=8.2.22E+05,31,221.5051102,205.50925734300537
fixed15_band10,-20,20250611::index=8.2.22E+05,39,221.5051102,204.94918650113996
fixed15_band10,-20,20250611::index=8.2.22E+05,40,221.5051102,205.50925734300537
fixed15_band10,-20,20250611::index=8.2.22E+05,50,221.5051102,208.0289247707675
fixed15_band10,-20,20250611::index=8.2.22E+05,59,221.5051102,207.84765514895864
fixed15_band10,-20,20250618::index=8.225704,0,225.70496179999998,207.32460788371912
fixed15_band10,-20,20250618::index=8.225704,4,225.70496179999998,204.94918650113996
fixed15_band10,-20,20250618::index=8.225704,6,225.70496179999998,207.32460788371912
fixed15_band10,-20,20250618::index=8.225704,9,225.70496179999998,207.32460788371912
fixed15_band10,-20,20250618::index=8.225704,13,225.70496179999998,277.293804625597
fixed15_band10,-20,20250618::index=8.225704,15,225.70496179999998,207.16819124717273
fixed15_band10,-20,20250618::index=8.225704,17,225.70496179999998,207.32460788371912
fixed15_band10,-20,20250618::index=8.225704,22,225.70496179999998,204.94918650113996
fixed15_band10,-20,20250618::index=8.225704,24,225.70496179999998,205.50925734300537
fixed15_band10,-20,20250618::index=8.225704,28,225.70496179999998,207.16819124717273
fixed15_band10,-20,20250618::index=8.225704,31,225.70496179999998,205.50925734300537
fixed15_band10,-20,20250618::index=8.225704,39,225.70496179999998,247.9191377929113
fixed15_band10,-20,20250618::index=8.225704,40,225.70496179999998,205.50925734300537
fixed15_band10,-20,20250618::index=8.225704,50,225.70496179999998,239.92609660280715
fixed15_band10,-20,20250618::index=8.225704,59,225.70496179999998,207.32460788371912
fixed15_band10,-20,20250611::index=2.2.36E+03,0,2.35533535,207.32460788371912
fixed15_band10,-20,20250611::index=2.2.36E+03,2,2.35533535,207.32460788371912
fixed15_band10,-20,20250611::index=2.2.36E+03,3,2.35533535,207.84765514895864
fixed15_band10,-20,20250611::index=2.2.36E+03,14,2.35533535,207.32460788371912
fixed15_band10,-20,20250611::index=2.2.36E+03,21,2.35533535,207.32460788371912
fixed15_band10,-20,20250611::index=2.2.36E+03,23,2.35533535,207.16819124717273
fixed15_band10,-20,20250611::index=2.2.36E+03,29,2.35533535,207.32460788371912
fixed15_band10,-20,20250611::index=2.2.36E+03,36,2.35533535,207.32460788371912
fixed15_band10,-20,20250611::index=2.2.36E+03,37,2.35533535,208.84402150758083
fixed15_band10,-20,20250611::index=2.2.36E+03,44,2.35533535,207.32460788371912
fixed15_band10,-20,20250611::index=2.2.36E+03,47,2.35533535,205.50925734300537
fixed15_band10,-20,20250611::index=2.2.36E+03,48,2.35533535,207.32460788371912
fixed15_band10,-20,20250611::index=2.2.36E+03,54,2.35533535,207.84765514895864
fixed15_band10,-20,20250611::index=2.2.36E+03,55,2.35533535,207.32460788371912
fixed15_band10,-20,20250611::index=2.2.36E+03,59,2.35533535,208.0289247707675
fixed15_band10,-20,20250618::index=2.2380,0,2.380025286,207.32460788371912
fixed15_band10,-20,20250618::index=2.2380,2,2.380025286,207.32460788371912
fixed15_band10,-20,20250618::index=2.2380,3,2.380025286,207.84765514895864
fixed15_band10,-20,20250618::index=2.2380,14,2.380025286,207.32460788371912
fixed15_band10,-20,20250618::index=2.2380,21,2.380025286,205.50925734300537
fixed15_band10,-20,20250618::index=2.2380,23,2.380025286,204.94918650113996
fixed15_band10,-20,20250618::index=2.2380,29,2.380025286,207.32460788371912
fixed15_band10,-20,20250618::index=2.2380,36,2.380025286,205.18471443896945
fixed15_band10,-20,20250618::index=2.2380,37,2.380025286,207.84765514895864
fixed15_band10,-20,20250618::index=2.2380,44,2.380025286,238.44600935895627
fixed15_band10,-20,20250618::index=2.2380,47,2.380025286,205.50925734300537
fixed15_band10,-20,20250618::index=2.2380,48,2.380025286,205.50925734300537
fixed15_band10,-20,20250618::index=2.2380,54,2.380025286,207.32460788371912
fixed15_band10,-20,20250618::index=2.2380,55,2.380025286,207.32460788371912
fixed15_band10,-20,20250618::index=2.2380,59,2.380025286,207.32460788371912
fixed15_band10,-20,20250611::index=9.2.67E+05,3,266.90769650000004,308.41238373404764
fixed15_band10,-20,20250611::index=9.2.67E+05,6,266.90769650000004,285.55095151343204
fixed15_band10,-20,20250611::index=9.2.67E+05,7,266.90769650000004,288.4948454366713
fixed15_band10,-20,20250611::index=9.2.67E+05,15,266.90769650000004,204.94918650113996
fixed15_band10,-20,20250611::index=9.2.67E+05,18,266.90769650000004,289.1113772596807
fixed15_band10,-20,20250611::index=9.2.67E+05,21,266.90769650000004,207.16819124717273
fixed15_band10,-20,20250611::index=9.2.67E+05,26,266.90769650000004,241.02057506799525
fixed15_band10,-20,20250611::index=9.2.67E+05,27,266.90769650000004,205.50925734300537
fixed15_band10,-20,20250611::index=9.2.67E+05,29,266.90769650000004,242.84886589452904
fixed15_band10,-20,20250611::index=9.2.67E+05,30,266.90769650000004,293.3726454597788
fixed15_band10,-20,20250611::index=9.2.67E+05,31,266.90769650000004,245.01982574805
fixed15_band10,-20,20250611::index=9.2.67E+05,41,266.90769650000004,205.50925734300537
fixed15_band10,-20,20250611::index=9.2.67E+05,45,266.90769650000004,205.50925734300537
fixed15_band10,-20,20250611::index=9.2.67E+05,51,266.90769650000004,241.56535601785038
fixed15_band10,-20,20250611::index=9.2.67E+05,53,266.90769650000004,285.55095151343204
fixed15_band10,-20,20250618::index=9.271677,3,271.6776816,207.32460788371912
fixed15_band10,-20,20250618::index=9.271677,6,271.6776816,247.6836098550818
fixed15_band10,-20,20250618::index=9.271677,7,271.6776816,208.0289247707675
fixed15_band10,-20,20250618::index=9.271677,15,271.6776816,239.927273517949
fixed15_band10,-20,20250618::index=9.271677,18,271.6776816,205.50925734300537
fixed15_band10,-20,20250618::index=9.271677,21,271.6776816,247.6836098550818
fixed15_band10,-20,20250618::index=9.271677,26,271.6776816,208.0289247707675
fixed15_band10,-20,20250618::index=9.271677,27,271.6776816,207.32460788371912
fixed15_band10,-20,20250618::index=9.271677,29,271.6776816,205.50925734300537
fixed15_band10,-20,20250618::index=9.271677,30,271.6776816,207.16819124717273
fixed15_band10,-20,20250618::index=9.271677,31,271.6776816,205.50925734300537
fixed15_band10,-20,20250618::index=9.271677,41,271.6776816,247.6836098550818
fixed15_band10,-20,20250618::index=9.271677,45,271.6776816,284.6781939416506
fixed15_band10,-20,20250618::index=9.271677,51,271.6776816,207.32460788371912
fixed15_band10,-20,20250618::index=9.271677,53,271.6776816,207.32460788371912
fixed15_band10,-20,20250611::index=10.3.15E+05,2,315.4661173,285.8548861363929
fixed15_band10,-20,20250611::index=10.3.15E+05,4,315.4661173,243.38632138727678
fixed15_band10,-20,20250611::index=10.3.15E+05,10,315.4661173,322.14360885816234
fixed15_band10,-20,20250611::index=10.3.15E+05,18,315.4661173,274.08862619070345
fixed15_band10,-20,20250611::index=10.3.15E+05,21,315.4661173,205.50925734300537
fixed15_band10,-20,20250611::index=10.3.15E+05,27,315.4661173,293.7068770023527
fixed15_band10,-20,20250611::index=10.3.15E+05,29,315.4661173,240.95241354555048
fixed15_band10,-20,20250611::index=10.3.15E+05,31,315.4661173,293.3726454597788
fixed15_band10,-20,20250611::index=10.3.15E+05,40,315.4661173,308.41238373404764
fixed15_band10,-20,20250611::index=10.3.15E+05,45,315.4661173,326.4019774506992
fixed15_band10,-20,20250611::index=10.3.15E+05,47,315.4661173,322.04485151045503
fixed15_band10,-20,20250611::index=10.3.15E+05,48,315.4661173,298.8777415929226
fixed15_band10,-20,20250611::index=10.3.15E+05,50,315.4661173,327.6089665650545
fixed15_band10,-20,20250611::index=10.3.15E+05,53,315.4661173,247.6836098550818
fixed15_band10,-20,20250611::index=10.3.15E+05,55,315.4661173,295.63149453358153
fixed15_band10,-20,20250618::index=10.322114,2,322.1142428,338.1647971665103
fixed15_band10,-20,20250618::index=10.322114,4,322.1142428,276.9461761609762
fixed15_band10,-20,20250618::index=10.322114,10,322.1142428,231.7066888455767
fixed15_band10,-20,20250618::index=10.322114,18,322.1142428,297.0879890906054
fixed15_band10,-20,20250618::index=10.322114,21,322.1142428,232.66671954950004
fixed15_band10,-20,20250618::index=10.322114,27,322.1142428,204.94918650113996
fixed15_band10,-20,20250618::index=10.322114,29,322.1142428,207.32460788371912
fixed15_band10,-20,20250618::index=10.322114,31,322.1142428,204.94918650113996
fixed15_band10,-20,20250618::index=10.322114,40,322.1142428,205.50925734300537
fixed15_band10,-20,20250618::index=10.322114,45,322.1142428,204.94918650113996
fixed15_band10,-20,20250618::index=10.322114,47,322.1142428,205.50925734300537
fixed15_band10,-20,20250618::index=10.322114,48,322.1142428,204.94918650113996
fixed15_band10,-20,20250618::index=10.322114,50,322.1142428,208.0289247707675
fixed15_band10,-20,20250618::index=10.322114,53,322.1142428,207.32460788371912
fixed15_band10,-20,20250618::index=10.322114,55,322.1142428,207.32460788371912
fixed15_band10,-20,20250611::index=11.3.69E+05,1,368.97810499999997,351.5815848549365
fixed15_band10,-20,20250611::index=11.3.69E+05,5,368.97810499999997,414.0636606770364
fixed15_band10,-20,20250611::index=11.3.69E+05,15,368.97810499999997,356.34747266339275
fixed15_band10,-20,20250611::index=11.3.69E+05,17,368.97810499999997,356.5144245582271
fixed15_band10,-20,20250611::index=11.3.69E+05,20,368.97810499999997,380.0987772238415
fixed15_band10,-20,20250611::index=11.3.69E+05,31,368.97810499999997,398.8175933079415
fixed15_band10,-20,20250611::index=11.3.69E+05,37,368.97810499999997,419.5727883857353
fixed15_band10,-20,20250611::index=11.3.69E+05,44,368.97810499999997,314.1376511265461
fixed15_band10,-20,20250611::index=11.3.69E+05,45,368.97810499999997,339.89763887806237
fixed15_band10,-20,20250611::index=11.3.69E+05,49,368.97810499999997,332.4722431685344
fixed15_band10,-20,20250611::index=11.3.69E+05,50,368.97810499999997,283.684687598392
fixed15_band10,-20,20250611::index=11.3.69E+05,53,368.97810499999997,425.93651236818926
fixed15_band10,-20,20250611::index=11.3.69E+05,54,368.97810499999997,339.56524332278826
fixed15_band10,-20,20250611::index=11.3.69E+05,55,368.97810499999997,350.8845197220557
fixed15_band10,-20,20250611::index=11.3.69E+05,58,368.97810499999997,314.3547274576314
fixed15_band10,-20,20250618::index=11.376320,1,376.3201201,355.8768724082537
fixed15_band10,-20,20250618::index=11.376320,5,376.3201201,332.987064553112
fixed15_band10,-20,20250618::index=11.376320,15,376.3201201,276.9461761609762
fixed15_band10,-20,20250618::index=11.376320,17,376.3201201,333.7957551609259
fixed15_band10,-20,20250618::index=11.376320,20,376.3201201,332.4656937046092
fixed15_band10,-20,20250618::index=11.376320,31,376.3201201,247.6836098550818
fixed15_band10,-20,20250618::index=11.376320,37,376.3201201,247.51465038850728
fixed15_band10,-20,20250618::index=11.376320,44,376.3201201,310.97403615398827
fixed15_band10,-20,20250618::index=11.376320,45,376.3201201,357.1422936941729
fixed15_band10,-20,20250618::index=11.376320,49,376.3201201,289.7820717241339
fixed15_band10,-20,20250618::index=11.376320,50,376.3201201,296.50425210536304
fixed15_band10,-20,20250618::index=11.376320,53,376.3201201,332.5796859952881
fixed15_band10,-20,20250618::index=11.376320,54,376.3201201,297.6001527453041
fixed15_band10,-20,20250618::index=11.376320,55,376.3201201,383.32596085613767
fixed15_band10,-20,20250618::index=11.376320,58,376.3201201,311.7756571806998
fixed15_band10,-20,20250611::index=12.4.27E+05,3,427.27619500000003,429.00907931598283
fixed15_band10,-20,20250611::index=12.4.27E+05,9,427.27619500000003,426.62434917345024
fixed15_band10,-20,20250611::index=12.4.27E+05,13,427.27619500000003,446.9056218904667
fixed15_band10,-20,20250611::index=12.4.27E+05,15,427.27619500000003,465.93001819727044
fixed15_band10,-20,20250611::index=12.4.27E+05,17,427.27619500000003,436.02847329697994
fixed15_band10,-20,20250611::index=12.4.27E+05,22,427.27619500000003,483.3971610772107
fixed15_band10,-20,20250611::index=12.4.27E+05,28,427.27619500000003,431.8526238705828
fixed15_band10,-20,20250611::index=12.4.27E+05,30,427.27619500000003,426.02158627317533
fixed15_band10,-20,20250611::index=12.4.27E+05,39,427.27619500000003,426.9838482934444
fixed15_band10,-20,20250611::index=12.4.27E+05,42,427.27619500000003,453.90435863145774
fixed15_band10,-20,20250611::index=12.4.27E+05,44,427.27619500000003,450.89692952985683
fixed15_band10,-20,20250611::index=12.4.27E+05,46,427.27619500000003,471.2497342533009
fixed15_band10,-20,20250611::index=12.4.27E+05,47,427.27619500000003,468.1684427855221
fixed15_band10,-20,20250611::index=12.4.27E+05,54,427.27619500000003,435.93874320229554
fixed15_band10,-20,20250611::index=12.4.27E+05,57,427.27619500000003,454.3671972484891
fixed15_band10,-20,20250618::index=12.434018,3,434.0180833,361.9541434448558
fixed15_band10,-20,20250618::index=12.434018,9,434.0180833,412.71885952984104
fixed15_band10,-20,20250618::index=12.434018,13,434.0180833,480.7760636815978
fixed15_band10,-20,20250618::index=12.434018,15,434.0180833,392.9931249095031
fixed15_band10,-20,20250618::index=12.434018,17,434.0180833,383.3122947238012
fixed15_band10,-20,20250618::index=12.434018,22,434.0180833,375.7492268340718
fixed15_band10,-20,20250618::index=12.434018,28,434.0180833,412.23734142481396
fixed15_band10,-20,20250618::index=12.434018,30,434.0180833,445.3056995269245
fixed15_band10,-20,20250618::index=12.434018,39,434.0180833,380.41195563882786
fixed15_band10,-20,20250618::index=12.434018,42,434.0180833,347.163402381959
fixed15_band10,-20,20250618::index=12.434018,44,434.0180833,375.09761417187633
fixed15_band10,-20,20250618::index=12.434018,46,434.0180833,404.93974278202666
fixed15_band10,-20,20250618::index=12.434018,47,434.0180833,454.98629483185994
fixed15_band10,-20,20250618::index=12.434018,54,434.0180833,456.33959184548223
fixed15_band10,-20,20250618::index=12.434018,57,434.0180833,433.1932920799247
fixed15_band10,-20,20250611::index=13.4.89E+05,3,489.45399810000004,550.278501647467
fixed15_band10,-20,20250611::index=13.4.89E+05,7,489.45399810000004,450.9221065084743
fixed15_band10,-20,20250611::index=13.4.89E+05,12,489.45399810000004,492.0044299759719
fixed15_band10,-20,20250611::index=13.4.89E+05,13,489.45399810000004,479.4474089656737
fixed15_band10,-20,20250611::index=13.4.89E+05,14,489.45399810000004,496.5417745086915
fixed15_band10,-20,20250611::index=13.4.89E+05,20,489.45399810000004,500.43523297058846
fixed15_band10,-20,20250611::index=13.4.89E+05,34,489.45399810000004,487.2258016852294
fixed15_band10,-20,20250611::index=13.4.89E+05,39,489.45399810000004,479.70582345642526
fixed15_band10,-20,20250611::index=13.4.89E+05,42,489.45399810000004,444.47615928276724
fixed15_band10,-20,20250611::index=13.4.89E+05,44,489.45399810000004,497.3410289553617
fixed15_band10,-20,20250611::index=13.4.89E+05,48,489.45399810000004,493.8579734971447
fixed15_band10,-20,20250611::index=13.4.89E+05,51,489.45399810000004,486.97353405871297
fixed15_band10,-20,20250611::index=13.4.89E+05,53,489.45399810000004,479.4687004627171
fixed15_band10,-20,20250611::index=13.4.89E+05,54,489.45399810000004,495.21567161535177
fixed15_band10,-20,20250611::index=13.4.89E+05,59,489.45399810000004,480.42153003756476
fixed15_band10,-20,20250618::index=13.496023,3,496.0233525,508.1113050342286
fixed15_band10,-20,20250618::index=13.496023,7,496.0233525,519.3817280244691
fixed15_band10,-20,20250618::index=13.496023,12,496.0233525,457.0693643799175
fixed15_band10,-20,20250618::index=13.496023,13,496.0233525,505.9548921284938
fixed15_band10,-20,20250618::index=13.496023,14,496.0233525,511.1026320865
fixed15_band10,-20,20250618::index=13.496023,20,496.0233525,484.6603188601154
fixed15_band10,-20,20250618::index=13.496023,34,496.0233525,472.3166248647868
fixed15_band10,-20,20250618::index=13.496023,39,496.0233525,476.52184057775537
fixed15_band10,-20,20250618::index=13.496023,42,496.0233525,433.45396392639844
fixed15_band10,-20,20250618::index=13.496023,44,496.0233525,486.42388268712733
fixed15_band10,-20,20250618::index=13.496023,48,496.0233525,455.8474782714132
fixed15_band10,-20,20250618::index=13.496023,51,496.0233525,459.25780142426055
fixed15_band10,-20,20250618::index=13.496023,53,496.0233525,454.226052051364
fixed15_band10,-20,20250618::index=13.496023,54,496.0233525,516.9435390636961
fixed15_band10,-20,20250618::index=13.496023,59,496.0233525,500.3319696900894
fixed15_band10,-20,20250611::index=14.5.54E+05,8,554.1963218000001,557.0298359402505
fixed15_band10,-20,20250611::index=14.5.54E+05,9,554.1963218000001,545.7859982555369
fixed15_band10,-20,20250611::index=14.5.54E+05,10,554.1963218000001,549.499587314905
fixed15_band10,-20,20250611::index=14.5.54E+05,14,554.1963218000001,559.076235893766
fixed15_band10,-20,20250611::index=14.5.54E+05,29,554.1963218000001,545.391132313332
fixed15_band10,-20,20250611::index=14.5.54E+05,30,554.1963218000001,497.2276555403782
fixed15_band10,-20,20250611::index=14.5.54E+05,33,554.1963218000001,610.7787914529882
fixed15_band10,-20,20250611::index=14.5.54E+05,36,554.1963218000001,558.945929031646
fixed15_band10,-20,20250611::index=14.5.54E+05,43,554.1963218000001,552.839804344101
fixed15_band10,-20,20250611::index=14.5.54E+05,48,554.1963218000001,529.9740556037127
fixed15_band10,-20,20250611::index=14.5.54E+05,50,554.1963218000001,546.0370746511135
fixed15_band10,-20,20250611::index=14.5.54E+05,51,554.1963218000001,577.0101536680457
fixed15_band10,-20,20250611::index=14.5.54E+05,54,554.1963218000001,553.2169054674508
fixed15_band10,-20,20250611::index=14.5.54E+05,57,554.1963218000001,560.3437057494604
fixed15_band10,-20,20250611::index=14.5.54E+05,58,554.1963218000001,508.27127971096206
fixed15_band10,-20,20250618::index=14.562158,8,562.1587854,544.5193628481597
fixed15_band10,-20,20250618::index=14.562158,9,562.1587854,574.6488193656434
fixed15_band10,-20,20250618::index=14.562158,10,562.1587854,552.0620097173041
fixed15_band10,-20,20250618::index=14.562158,14,562.1587854,576.6052797653272
fixed15_band10,-20,20250618::index=14.562158,29,562.1587854,565.0677569145239
fixed15_band10,-20,20250618::index=14.562158,30,562.1587854,552.8991955286225
fixed15_band10,-20,20250618::index=14.562158,33,562.1587854,558.8510769153932
fixed15_band10,-20,20250618::index=14.562158,36,562.1587854,574.6488193656434
fixed15_band10,-20,20250618::index=14.562158,43,562.1587854,574.6488193656434
fixed15_band10,-20,20250618::index=14.562158,48,562.1587854,511.8468224132808
fixed15_band10,-20,20250618::index=14.562158,50,562.1587854,563.6219286153578
fixed15_band10,-20,20250618::index=14.562158,51,562.1587854,561.506616431334
fixed15_band10,-20,20250618::index=14.562158,54,562.1587854,539.0659641482463
fixed15_band10,-20,20250618::index=14.562158,57,562.1587854,558.3884291681134
fixed15_band10,-20,20250618::index=14.562158,58,562.1587854,567.5480209446466
fixed15_band10,-20,20250611::index=4.5.76E+04,2,57.59331665,207.32460788371912
fixed15_band10,-20,20250611::index=4.5.76E+04,3,57.59331665,207.84765514895864
fixed15_band10,-20,20250611::index=4.5.76E+04,6,57.59331665,208.0289247707675
fixed15_band10,-20,20250611::index=4.5.76E+04,11,57.59331665,205.50925734300537
fixed15_band10,-20,20250611::index=4.5.76E+04,13,57.59331665,208.56743370365265
fixed15_band10,-20,20250611::index=4.5.76E+04,15,57.59331665,207.16819124717273
fixed15_band10,-20,20250611::index=4.5.76E+04,18,57.59331665,207.32460788371912
fixed15_band10,-20,20250611::index=4.5.76E+04,33,57.59331665,207.32460788371912
fixed15_band10,-20,20250611::index=4.5.76E+04,38,57.59331665,207.32460788371912
fixed15_band10,-20,20250611::index=4.5.76E+04,41,57.59331665,207.32460788371912
fixed15_band10,-20,20250611::index=4.5.76E+04,42,57.59331665,207.32460788371912
fixed15_band10,-20,20250611::index=4.5.76E+04,44,57.59331665,205.50925734300537
fixed15_band10,-20,20250611::index=4.5.76E+04,46,57.59331665,207.32460788371912
fixed15_band10,-20,20250611::index=4.5.76E+04,54,57.59331665,207.32460788371912
fixed15_band10,-20,20250611::index=4.5.76E+04,55,57.59331665,207.32460788371912
fixed15_band10,-20,20250618::index=4.58389,2,58.38985471,205.50925734300537
fixed15_band10,-20,20250618::index=4.58389,3,58.38985471,207.32460788371912
fixed15_band10,-20,20250618::index=4.58389,6,58.38985471,205.50925734300537
fixed15_band10,-20,20250618::index=4.58389,11,58.38985471,205.50925734300537
fixed15_band10,-20,20250618::index=4.58389,13,58.38985471,207.32460788371912
fixed15_band10,-20,20250618::index=4.58389,15,58.38985471,204.94918650113996
fixed15_band10,-20,20250618::index=4.58389,18,58.38985471,207.32460788371912
fixed15_band10,-20,20250618::index=4.58389,33,58.38985471,207.16819124717273
fixed15_band10,-20,20250618::index=4.58389,38,58.38985471,205.50925734300537
fixed15_band10,-20,20250618::index=4.58389,41,58.38985471,205.50925734300537
fixed15_band10,-20,20250618::index=4.58389,42,58.38985471,204.94918650113996
fixed15_band10,-20,20250618::index=4.58389,44,58.38985471,204.94918650113996
fixed15_band10,-20,20250618::index=4.58389,46,58.38985471,207.16819124717273
fixed15_band10,-20,20250618::index=4.58389,54,58.38985471,208.0289247707675
fixed15_band10,-20,20250618::index=4.58389,55,58.38985471,207.32460788371912
fixed15_band10,-20,20250611::index=15.6.24E+05,3,624.4425514,654.8191203666141
fixed15_band10,-20,20250611::index=15.6.24E+05,4,624.4425514,614.9350501827449
fixed15_band10,-20,20250611::index=15.6.24E+05,11,624.4425514,643.9415543505481
fixed15_band10,-20,20250611::index=15.6.24E+05,13,624.4425514,584.3346959954813
fixed15_band10,-20,20250611::index=15.6.24E+05,14,624.4425514,634.8024833374815
fixed15_band10,-20,20250611::index=15.6.24E+05,18,624.4425514,610.8957629412909
fixed15_band10,-20,20250611::index=15.6.24E+05,19,624.4425514,615.659657609174
fixed15_band10,-20,20250611::index=15.6.24E+05,27,624.4425514,605.0518212951075
fixed15_band10,-20,20250611::index=15.6.24E+05,39,624.4425514,646.4421643037736
fixed15_band10,-20,20250611::index=15.6.24E+05,43,624.4425514,643.3232958567212
fixed15_band10,-20,20250611::index=15.6.24E+05,46,624.4425514,618.0288227044593
fixed15_band10,-20,20250611::index=15.6.24E+05,51,624.4425514,626.0261546487786
fixed15_band10,-20,20250611::index=15.6.24E+05,55,624.4425514,639.3624634265934
fixed15_band10,-20,20250611::index=15.6.24E+05,57,624.4425514,606.0929546243623
fixed15_band10,-20,20250611::index=15.6.24E+05,58,624.4425514,615.2402213714026
fixed15_band10,-20,20250618::index=15.633482,3,633.482536,657.220730312766
fixed15_band10,-20,20250618::index=15.633482,4,633.482536,636.0653198055888
fixed15_band10,-20,20250618::index=15.633482,11,633.482536,640.0599663353246
fixed15_band10,-20,20250618::index=15.633482,13,633.482536,588.030706409371
fixed15_band10,-20,20250618::index=15.633482,14,633.482536,638.5322729362401
fixed15_band10,-20,20250618::index=15.633482,18,633.482536,595.7125090445898
fixed15_band10,-20,20250618::index=15.633482,19,633.482536,639.2426439666293
fixed15_band10,-20,20250618::index=15.633482,27,633.482536,597.6031254777328
fixed15_band10,-20,20250618::index=15.633482,39,633.482536,584.3917817542034
fixed15_band10,-20,20250618::index=15.633482,43,633.482536,648.9793374893097
fixed15_band10,-20,20250618::index=15.633482,46,633.482536,681.8658306680433
fixed15_band10,-20,20250618::index=15.633482,51,633.482536,685.2658839154818
fixed15_band10,-20,20250618::index=15.633482,55,633.482536,589.6583943864733
fixed15_band10,-20,20250618::index=15.633482,57,633.482536,624.4945934417608
fixed15_band10,-20,20250618::index=15.633482,58,633.482536,656.6541525568873
fixed15_band10,-20,20250611::index=16.6.98E+05,2,698.421296,673.6100006611719
fixed15_band10,-20,20250611::index=16.6.98E+05,6,698.421296,758.7033951517213
fixed15_band10,-20,20250611::index=16.6.98E+05,9,698.421296,664.3121561657618
fixed15_band10,-20,20250611::index=16.6.98E+05,10,698.421296,690.9255990356976
fixed15_band10,-20,20250611::index=16.6.98E+05,13,698.421296,691.0444715618377
fixed15_band10,-20,20250611::index=16.6.98E+05,17,698.421296,688.48954445896
fixed15_band10,-20,20250611::index=16.6.98E+05,35,698.421296,676.2462507520584
fixed15_band10,-20,20250611::index=16.6.98E+05,37,698.421296,718.8228232584596
fixed15_band10,-20,20250611::index=16.6.98E+05,39,698.421296,667.1167087800962
fixed15_band10,-20,20250611::index=16.6.98E+05,40,698.421296,696.1971028760256
fixed15_band10,-20,20250611::index=16.6.98E+05,46,698.421296,766.6517871549227
fixed15_band10,-20,20250611::index=16.6.98E+05,47,698.421296,710.9577583926654
fixed15_band10,-20,20250611::index=16.6.98E+05,52,698.421296,757.3952672373608
fixed15_band10,-20,20250611::index=16.6.98E+05,55,698.421296,671.7393597288041
fixed15_band10,-20,20250611::index=16.6.98E+05,57,698.421296,694.9124548871504
fixed15_band10,-20,20250618::index=16.709792,2,709.7927143,702.2322278358295
fixed15_band10,-20,20250618::index=16.709792,6,709.7927143,732.7066379742998
fixed15_band10,-20,20250618::index=16.709792,9,709.7927143,679.1569781010097
fixed15_band10,-20,20250618::index=16.709792,10,709.7927143,762.6797369462172
fixed15_band10,-20,20250618::index=16.709792,13,709.7927143,713.1432231820987
fixed15_band10,-20,20250618::index=16.709792,17,709.7927143,710.2725208573436
fixed15_band10,-20,20250618::index=16.709792,35,709.7927143,685.03797878981
fixed15_band10,-20,20250618::index=16.709792,37,709.7927143,717.637669387916
fixed15_band10,-20,20250618::index=16.709792,39,709.7927143,703.4515303682509
fixed15_band10,-20,20250618::index=16.709792,40,709.7927143,770.5969805271953
fixed15_band10,-20,20250618::index=16.709792,46,709.7927143,803.6916077583985
fixed15_band10,-20,20250618::index=16.709792,47,709.7927143,746.6778398262214
fixed15_band10,-20,20250618::index=16.709792,52,709.7927143,719.8033841497946
fixed15_band10,-20,20250618::index=16.709792,55,709.7927143,675.6857127415698
fixed15_band10,-20,20250618::index=16.709792,57,709.7927143,658.7669973713722
fixed15_band10,-20,20250611::index=17.7.77E+05,5,776.6472223000001,752.8184975570201
fixed15_band10,-20,20250611::index=17.7.77E+05,6,776.6472223000001,773.9048879979233
fixed15_band10,-20,20250611::index=17.7.77E+05,7,776.6472223000001,804.790537082493
fixed15_band10,-20,20250611::index=17.7.77E+05,8,776.6472223000001,782.3852592925568
fixed15_band10,-20,20250611::index=17.7.77E+05,10,776.6472223000001,775.2817832662582
fixed15_band10,-20,20250611::index=17.7.77E+05,14,776.6472223000001,804.9694373998121
fixed15_band10,-20,20250611::index=17.7.77E+05,19,776.6472223000001,830.7640516726184
fixed15_band10,-20,20250611::index=17.7.77E+05,24,776.6472223000001,789.5769313997748
fixed15_band10,-20,20250611::index=17.7.77E+05,26,776.6472223000001,746.4683867061104
fixed15_band10,-20,20250611::index=17.7.77E+05,31,776.6472223000001,769.6128194261605
fixed15_band10,-20,20250611::index=17.7.77E+05,41,776.6472223000001,783.6855272414871
fixed15_band10,-20,20250611::index=17.7.77E+05,52,776.6472223000001,779.1212863592899
fixed15_band10,-20,20250611::index=17.7.77E+05,53,776.6472223000001,782.8310406141469
fixed15_band10,-20,20250611::index=17.7.77E+05,54,776.6472223000001,748.452319898318
fixed15_band10,-20,20250611::index=17.7.77E+05,55,776.6472223000001,756.0142441938043
fixed15_band10,-20,20250618::index=17.789500,5,789.5001968,761.1695363367405
fixed15_band10,-20,20250618::index=17.789500,6,789.5001968,844.4353428166766
fixed15_band10,-20,20250618::index=17.789500,7,789.5001968,750.1881648000793
fixed15_band10,-20,20250618::index=17.789500,8,789.5001968,718.5635846175023
fixed15_band10,-20,20250618::index=17.789500,10,789.5001968,776.0758888446724
fixed15_band10,-20,20250618::index=17.789500,14,789.5001968,848.0615632044342
fixed15_band10,-20,20250618::index=17.789500,19,789.5001968,825.515828120615
fixed15_band10,-20,20250618::index=17.789500,24,789.5001968,768.7610181459274
fixed15_band10,-20,20250618::index=17.789500,26,789.5001968,860.3124535554526
fixed15_band10,-20,20250618::index=17.789500,31,789.5001968,801.4480009247561
fixed15_band10,-20,20250618::index=17.789500,41,789.5001968,755.0841124803942
fixed15_band10,-20,20250618::index=17.789500,52,789.5001968,742.7553522994629
fixed15_band10,-20,20250618::index=17.789500,53,789.5001968,762.8936904169915
fixed15_band10,-20,20250618::index=17.789500,54,789.5001968,799.5080298858168
fixed15_band10,-20,20250618::index=17.789500,55,789.5001968,792.4118784130916
fixed15_band10,-20,20250611::index=18.8.59E+05,0,859.3439142,860.0431911785228
fixed15_band10,-20,20250611::index=18.8.59E+05,5,859.3439142,800.2321321916736
fixed15_band10,-20,20250611::index=18.8.59E+05,14,859.3439142,849.537103575737
fixed15_band10,-20,20250611::index=18.8.59E+05,18,859.3439142,808.1818551904388
fixed15_band10,-20,20250611::index=18.8.59E+05,19,859.3439142,862.9029704058461
fixed15_band10,-20,20250611::index=18.8.59E+05,21,859.3439142,853.9099473789737
fixed15_band10,-20,20250611::index=18.8.59E+05,26,859.3439142,858.6651192807395
fixed15_band10,-20,20250611::index=18.8.59E+05,27,859.3439142,857.0768076032853
fixed15_band10,-20,20250611::index=18.8.59E+05,32,859.3439142,857.0768076032853
fixed15_band10,-20,20250611::index=18.8.59E+05,36,859.3439142,863.7102334815795
fixed15_band10,-20,20250611::index=18.8.59E+05,43,859.3439142,786.25207707665
fixed15_band10,-20,20250611::index=18.8.59E+05,53,859.3439142,854.5979259397747
fixed15_band10,-20,20250611::index=18.8.59E+05,54,859.3439142,850.9138502864208
fixed15_band10,-20,20250611::index=18.8.59E+05,56,859.3439142,862.6249854417993
fixed15_band10,-20,20250611::index=18.8.59E+05,57,859.3439142,847.4661677514268
fixed15_band10,-20,20250618::index=18.873637,0,873.6370359,870.8927203498641
fixed15_band10,-20,20250618::index=18.873637,5,873.6370359,866.8536249039718
fixed15_band10,-20,20250618::index=18.873637,14,873.6370359,862.6059295801072
fixed15_band10,-20,20250618::index=18.873637,18,873.6370359,857.5412895946699
fixed15_band10,-20,20250618::index=18.873637,19,873.6370359,862.0309664980225
fixed15_band10,-20,20250618::index=18.873637,21,873.6370359,842.6824302245718
fixed15_band10,-20,20250618::index=18.873637,26,873.6370359,872.1630942121595
fixed15_band10,-20,20250618::index=18.873637,27,873.6370359,863.9766583593895
fixed15_band10,-20,20250618::index=18.873637,32,873.6370359,843.9966738596565
fixed15_band10,-20,20250618::index=18.873637,36,873.6370359,842.9957980675981
fixed15_band10,-20,20250618::index=18.873637,43,873.6370359,858.4461405187166
fixed15_band10,-20,20250618::index=18.873637,53,873.6370359,861.7800886544219
fixed15_band10,-20,20250618::index=18.873637,54,873.6370359,832.3419173851288
fixed15_band10,-20,20250618::index=18.873637,56,873.6370359,843.1995168412692
fixed15_band10,-20,20250618::index=18.873637,57,873.6370359,857.3853258508497
fixed15_frequency34,-20,20250618::index=1.0,0,-1.42e-09,141.58950333855043
fixed15_frequency34,-20,20250618::index=1.0,3,-1.42e-09,138.0896301794102
fixed15_frequency34,-20,20250618::index=1.0,5,-1.42e-09,131.29824272494864
fixed15_frequency34,-20,20250618::index=1.0,12,-1.42e-09,127.83949740570466
fixed15_frequency34,-20,20250618::index=1.0,13,-1.42e-09,139.44643973741225
fixed15_frequency34,-20,20250618::index=1.0,31,-1.42e-09,128.0098878015892
fixed15_frequency34,-20,20250618::index=1.0,33,-1.42e-09,134.6681953618506
fixed15_frequency34,-20,20250618::index=1.0,36,-1.42e-09,157.16866255956674
fixed15_frequency34,-20,20250618::index=1.0,45,-1.42e-09,137.8605580403993
fixed15_frequency34,-20,20250618::index=1.0,46,-1.42e-09,139.45028333449986
fixed15_frequency34,-20,20250618::index=1.0,48,-1.42e-09,157.49941811134457
fixed15_frequency34,-20,20250618::index=1.0,50,-1.42e-09,130.2760771485129
fixed15_frequency34,-20,20250618::index=1.0,52,-1.42e-09,153.51501526202
fixed15_frequency34,-20,20250618::index=1.0,54,-1.42e-09,132.79835014696718
fixed15_frequency34,-20,20250618::index=1.0,57,-1.42e-09,159.12248424151304
fixed15_frequency34,-20,20250611::index=1.3.28E-04,0,3.28047e-07,140.60336513783588
fixed15_frequency34,-20,20250611::index=1.3.28E-04,3,3.28047e-07,138.02053423362028
fixed15_frequency34,-20,20250611::index=1.3.28E-04,5,3.28047e-07,130.28104412518223
fixed15_frequency34,-20,20250611::index=1.3.28E-04,12,3.28047e-07,132.682095762974
fixed15_frequency34,-20,20250611::index=1.3.28E-04,13,3.28047e-07,131.34889465355778
fixed15_frequency34,-20,20250611::index=1.3.28E-04,31,3.28047e-07,133.31166283877766
fixed15_frequency34,-20,20250611::index=1.3.28E-04,33,3.28047e-07,133.35259216063784
fixed15_frequency34,-20,20250611::index=1.3.28E-04,36,3.28047e-07,139.7914821824439
fixed15_frequency34,-20,20250611::index=1.3.28E-04,45,3.28047e-07,133.57598160297724
fixed15_frequency34,-20,20250611::index=1.3.28E-04,46,3.28047e-07,138.94381114642815
fixed15_frequency34,-20,20250611::index=1.3.28E-04,48,3.28047e-07,139.96100974619458
fixed15_frequency34,-20,20250611::index=1.3.28E-04,50,3.28047e-07,130.34517309430282
fixed15_frequency34,-20,20250611::index=1.3.28E-04,52,3.28047e-07,153.5817052011688
fixed15_frequency34,-20,20250611::index=1.3.28E-04,54,3.28047e-07,133.163265337265
fixed15_frequency34,-20,20250611::index=1.3.28E-04,57,3.28047e-07,158.86037826783385
fixed15_frequency34,-20,20250611::index=5.1.11E+05,17,111.2647017,131.29824272494864
fixed15_frequency34,-20,20250611::index=5.1.11E+05,19,111.2647017,132.13857623035472
fixed15_frequency34,-20,20250611::index=5.1.11E+05,21,111.2647017,140.2672833456487
fixed15_frequency34,-20,20250611::index=5.1.11E+05,23,111.2647017,132.70911779703806
fixed15_frequency34,-20,20250611::index=5.1.11E+05,28,111.2647017,131.54578549175918
fixed15_frequency34,-20,20250611::index=5.1.11E+05,34,111.2647017,126.60892564486849
fixed15_frequency34,-20,20250611::index=5.1.11E+05,35,111.2647017,156.66219037149506
fixed15_frequency34,-20,20250611::index=5.1.11E+05,41,111.2647017,159.31604782301335
fixed15_frequency34,-20,20250611::index=5.1.11E+05,46,111.2647017,139.62877155109504
fixed15_frequency34,-20,20250611::index=5.1.11E+05,47,111.2647017,139.87101883222715
fixed15_frequency34,-20,20250611::index=5.1.11E+05,48,111.2647017,158.18437851601144
fixed15_frequency34,-20,20250611::index=5.1.11E+05,51,111.2647017,126.9328144563252
fixed15_frequency34,-20,20250611::index=5.1.11E+05,55,111.2647017,153.5817052011688
fixed15_frequency34,-20,20250611::index=5.1.11E+05,56,111.2647017,134.32699651390655
fixed15_frequency34,-20,20250611::index=5.1.11E+05,58,111.2647017,154.92540512909002
fixed15_frequency34,-20,20250618::index=5.113188,17,113.1882901,131.5496290888468
fixed15_frequency34,-20,20250618::index=5.113188,19,113.1882901,138.24326403218825
fixed15_frequency34,-20,20250618::index=5.113188,21,113.1882901,140.60336513783588
fixed15_frequency34,-20,20250618::index=5.113188,23,113.1882901,139.7596791755634
fixed15_frequency34,-20,20250618::index=5.113188,28,113.1882901,158.69966304821995
fixed15_frequency34,-20,20250618::index=5.113188,34,113.1882901,126.1235876011706
fixed15_frequency34,-20,20250618::index=5.113188,35,113.1882901,157.88139664720333
fixed15_frequency34,-20,20250618::index=5.113188,41,113.1882901,154.51233613033412
fixed15_frequency34,-20,20250618::index=5.113188,46,113.1882901,144.2417398533962
fixed15_frequency34,-20,20250618::index=5.113188,47,113.1882901,137.86768203174617
fixed15_frequency34,-20,20250618::index=5.113188,48,113.1882901,156.65573214907207
fixed15_frequency34,-20,20250618::index=5.113188,51,113.1882901,132.23458949351368
fixed15_frequency34,-20,20250618::index=5.113188,55,113.1882901,153.08339185416534
fixed15_frequency34,-20,20250618::index=5.113188,56,113.1882901,143.56574010157382
fixed15_frequency34,-20,20250618::index=5.113188,58,113.1882901,154.4189329410183
fixed15_frequency34,-20,20250611::index=6.1.44E+05,6,144.32426180000002,132.33835967824808
fixed15_frequency34,-20,20250611::index=6.1.44E+05,11,144.32426180000002,127.26505265142474
fixed15_frequency34,-20,20250611::index=6.1.44E+05,13,144.32426180000002,132.03385505822465
fixed15_frequency34,-20,20250611::index=6.1.44E+05,26,144.32426180000002,139.75710790787915
fixed15_frequency34,-20,20250611::index=6.1.44E+05,31,144.32426180000002,127.50341561351749
fixed15_frequency34,-20,20250611::index=6.1.44E+05,34,144.32426180000002,126.43043742827331
fixed15_frequency34,-20,20250611::index=6.1.44E+05,35,144.32426180000002,157.43272817219577
fixed15_frequency34,-20,20250611::index=6.1.44E+05,36,144.32426180000002,132.9660363574173
fixed15_frequency34,-20,20250611::index=6.1.44E+05,38,144.32426180000002,139.6249279540074
fixed15_frequency34,-20,20250611::index=6.1.44E+05,40,144.32426180000002,131.98320312961553
fixed15_frequency34,-20,20250611::index=6.1.44E+05,46,144.32426180000002,140.64597015086147
fixed15_frequency34,-20,20250611::index=6.1.44E+05,47,144.32426180000002,134.56924379503866
fixed15_frequency34,-20,20250611::index=6.1.44E+05,56,144.32426180000002,138.95277179927265
fixed15_frequency34,-20,20250611::index=6.1.44E+05,58,144.32426180000002,154.4189329410183
fixed15_frequency34,-20,20250611::index=6.1.44E+05,59,144.32426180000002,131.36621529115686
fixed15_frequency34,-20,20250618::index=6.146381,6,146.38165049999998,152.8754872429051
fixed15_frequency34,-20,20250618::index=6.146381,11,146.38165049999998,137.69124375808735
fixed15_frequency34,-20,20250618::index=6.146381,13,146.38165049999998,140.77536852032773
fixed15_frequency34,-20,20250618::index=6.146381,26,146.38165049999998,139.9344641424607
fixed15_frequency34,-20,20250618::index=6.146381,31,146.38165049999998,132.80519065070598
fixed15_frequency34,-20,20250618::index=6.146381,34,146.38165049999998,126.96727356344309
fixed15_frequency34,-20,20250618::index=6.146381,35,146.38165049999998,222.46576919052615
fixed15_frequency34,-20,20250618::index=6.146381,36,146.38165049999998,162.90718545680917
fixed15_frequency34,-20,20250618::index=6.146381,38,146.38165049999998,138.10012518415567
fixed15_frequency34,-20,20250618::index=6.146381,40,146.38165049999998,154.12115385303665
fixed15_frequency34,-20,20250618::index=6.146381,46,146.38165049999998,144.00217270963984
fixed15_frequency34,-20,20250618::index=6.146381,47,146.38165049999998,138.85382023246072
fixed15_frequency34,-20,20250618::index=6.146381,56,146.38165049999998,144.40942606384633
fixed15_frequency34,-20,20250618::index=6.146381,58,146.38165049999998,154.99950808906252
fixed15_frequency34,-20,20250618::index=6.146381,59,146.38165049999998,130.5225293288844
fixed15_frequency34,-20,20250611::index=7.1.81E+05,4,181.378003,131.82378966946575
fixed15_frequency34,-20,20250611::index=7.1.81E+05,5,181.378003,125.99646768776016
fixed15_frequency34,-20,20250611::index=7.1.81E+05,10,181.378003,140.2672833456487
fixed15_frequency34,-20,20250611::index=7.1.81E+05,15,181.378003,155.1038933456852
fixed15_frequency34,-20,20250611::index=7.1.81E+05,18,181.378003,154.99337769529825
fixed15_frequency34,-20,20250611::index=7.1.81E+05,20,181.378003,138.3537796825752
fixed15_frequency34,-20,20250611::index=7.1.81E+05,26,181.378003,139.75710790787915
fixed15_frequency34,-20,20250611::index=7.1.81E+05,28,181.378003,133.2517880932801
fixed15_frequency34,-20,20250611::index=7.1.81E+05,33,181.378003,134.02859191246023
fixed15_frequency34,-20,20250611::index=7.1.81E+05,37,181.378003,140.7781501047332
fixed15_frequency34,-20,20250611::index=7.1.81E+05,41,181.378003,132.72225221720757
fixed15_frequency34,-20,20250611::index=7.1.81E+05,44,181.378003,132.70911779703806
fixed15_frequency34,-20,20250611::index=7.1.81E+05,56,181.378003,133.64203610923968
fixed15_frequency34,-20,20250611::index=7.1.81E+05,57,181.378003,158.86037826783385
fixed15_frequency34,-20,20250611::index=7.1.81E+05,58,181.378003,132.56682768861322
fixed15_frequency34,-20,20250618::index=7.184190,4,184.1909699,154.1523063583611
fixed15_frequency34,-20,20250618::index=7.184190,5,184.1909699,130.79177053687695
fixed15_frequency34,-20,20250618::index=7.184190,10,184.1909699,140.60336513783588
fixed15_frequency34,-20,20250618::index=7.184190,15,184.1909699,156.03122855123794
fixed15_frequency34,-20,20250618::index=7.184190,18,184.1909699,154.19046493065318
fixed15_frequency34,-20,20250618::index=7.184190,20,184.1909699,161.3366123528339
fixed15_frequency34,-20,20250618::index=7.184190,26,184.1909699,146.07992514192168
fixed15_frequency34,-20,20250618::index=7.184190,28,184.1909699,156.03122855123794
fixed15_frequency34,-20,20250618::index=7.184190,33,184.1909699,198.4088819429005
fixed15_frequency34,-20,20250618::index=7.184190,37,184.1909699,146.07992514192168
fixed15_frequency34,-20,20250618::index=7.184190,41,184.1909699,157.79385967849697
fixed15_frequency34,-20,20250618::index=7.184190,44,184.1909699,133.0544904123071
fixed15_frequency34,-20,20250618::index=7.184190,56,184.1909699,156.66219037149506
fixed15_frequency34,-20,20250618::index=7.184190,57,184.1909699,158.17541786316696
fixed15_frequency34,-20,20250618::index=7.184190,58,184.1909699,154.4189329410183
fixed15_frequency34,-20,20250611::index=3.2.10E+04,1,20.97971604,142.0216579844055
fixed15_frequency34,-20,20250611::index=3.2.10E+04,6,20.97971604,127.84562779946893
fixed15_frequency34,-20,20250611::index=3.2.10E+04,11,20.97971604,127.26505265142474
fixed15_frequency34,-20,20250611::index=3.2.10E+04,22,20.97971604,161.78008025730642
fixed15_frequency34,-20,20250611::index=3.2.10E+04,28,20.97971604,132.23074589642604
fixed15_frequency34,-20,20250611::index=3.2.10E+04,33,20.97971604,135.4042234222408
fixed15_frequency34,-20,20250611::index=3.2.10E+04,34,20.97971604,127.95001305609162
fixed15_frequency34,-20,20250611::index=3.2.10E+04,36,20.97971604,134.6681953618506
fixed15_frequency34,-20,20250611::index=3.2.10E+04,41,20.97971604,138.47214549605494
fixed15_frequency34,-20,20250611::index=3.2.10E+04,42,20.97971604,133.8245093995781
fixed15_frequency34,-20,20250611::index=3.2.10E+04,52,20.97971604,128.93088597483805
fixed15_frequency34,-20,20250611::index=3.2.10E+04,54,20.97971604,133.163265337265
fixed15_frequency34,-20,20250611::index=3.2.10E+04,56,20.97971604,138.94381114642815
fixed15_frequency34,-20,20250611::index=3.2.10E+04,57,20.97971604,158.17541786316696
fixed15_frequency34,-20,20250611::index=3.2.10E+04,59,20.97971604,131.36621529115686
fixed15_frequency34,-20,20250618::index=3.21242,1,21.24286319,243.12464962392897
fixed15_frequency34,-20,20250618::index=3.21242,6,21.24286319,154.6969371187249
fixed15_frequency34,-20,20250618::index=3.21242,11,21.24286319,131.54578549175918
fixed15_frequency34,-20,20250618::index=3.21242,22,21.24286319,163.39237586752606
fixed15_frequency34,-20,20250618::index=3.21242,28,21.24286319,155.8724715074361
fixed15_frequency34,-20,20250618::index=3.21242,33,21.24286319,134.6681953618506
fixed15_frequency34,-20,20250618::index=3.21242,34,21.24286319,124.46895330283441
fixed15_frequency34,-20,20250618::index=3.21242,36,21.24286319,157.6092567498411
fixed15_frequency34,-20,20250618::index=3.21242,41,21.24286319,157.79385967849697
fixed15_frequency34,-20,20250618::index=3.21242,42,21.24286319,138.95277179927265
fixed15_frequency34,-20,20250618::index=3.21242,52,21.24286319,153.5817052011688
fixed15_frequency34,-20,20250618::index=3.21242,54,21.24286319,132.79835014696718
fixed15_frequency34,-20,20250618::index=3.21242,56,21.24286319,138.26781139460576
fixed15_frequency34,-20,20250618::index=3.21242,57,21.24286319,157.49941811134457
fixed15_frequency34,-20,20250618::index=3.21242,59,21.24286319,131.29711934536695
fixed15_frequency34,-20,20250611::index=8.2.22E+05,0,221.5051102,140.60336513783588
fixed15_frequency34,-20,20250611::index=8.2.22E+05,4,221.5051102,132.6267024341108
fixed15_frequency34,-20,20250611::index=8.2.22E+05,6,221.5051102,132.8448318663198
fixed15_frequency34,-20,20250611::index=8.2.22E+05,9,221.5051102,146.27101436191816
fixed15_frequency34,-20,20250611::index=8.2.22E+05,13,221.5051102,131.34889465355778
fixed15_frequency34,-20,20250611::index=8.2.22E+05,15,221.5051102,155.31258644577525
fixed15_frequency34,-20,20250611::index=8.2.22E+05,17,221.5051102,131.75832218893686
fixed15_frequency34,-20,20250611::index=8.2.22E+05,22,221.5051102,161.70610443879843
fixed15_frequency34,-20,20250611::index=8.2.22E+05,24,221.5051102,154.58699267458712
fixed15_frequency34,-20,20250611::index=8.2.22E+05,28,221.5051102,156.57759474835575
fixed15_frequency34,-20,20250611::index=8.2.22E+05,31,221.5051102,133.97544413787267
fixed15_frequency34,-20,20250611::index=8.2.22E+05,39,221.5051102,155.44487267060993
fixed15_frequency34,-20,20250611::index=8.2.22E+05,40,221.5051102,131.87881787299284
fixed15_frequency34,-20,20250611::index=8.2.22E+05,50,221.5051102,153.85452727037944
fixed15_frequency34,-20,20250611::index=8.2.22E+05,59,221.5051102,132.09868069536455
fixed15_frequency34,-20,20250618::index=8.225704,0,225.70496179999998,140.60336513783588
fixed15_frequency34,-20,20250618::index=8.225704,4,225.70496179999998,154.65877854643279
fixed15_frequency34,-20,20250618::index=8.225704,6,225.70496179999998,155.49984988336993
fixed15_frequency34,-20,20250618::index=8.225704,9,225.70496179999998,146.27101436191816
fixed15_frequency34,-20,20250618::index=8.225704,13,225.70496179999998,275.45389751200685
fixed15_frequency34,-20,20250618::index=8.225704,15,225.70496179999998,156.92488205599486
fixed15_frequency34,-20,20250618::index=8.225704,17,225.70496179999998,132.0561012769185
fixed15_frequency34,-20,20250618::index=8.225704,22,225.70496179999998,163.39237586752606
fixed15_frequency34,-20,20250618::index=8.225704,24,225.70496179999998,154.58699267458712
fixed15_frequency34,-20,20250618::index=8.225704,28,225.70496179999998,156.53770073930966
fixed15_frequency34,-20,20250618::index=8.225704,31,225.70496179999998,133.31166283877766
fixed15_frequency34,-20,20250618::index=8.225704,39,225.70496179999998,235.6617049110942
fixed15_frequency34,-20,20250618::index=8.225704,40,225.70496179999998,154.62762604110836
fixed15_frequency34,-20,20250618::index=8.225704,50,225.70496179999998,233.27184010276613
fixed15_frequency34,-20,20250618::index=8.225704,59,225.70496179999998,131.29711934536695
fixed15_frequency34,-20,20250611::index=2.2.36E+03,0,2.35533535,140.60336513783588
fixed15_frequency34,-20,20250611::index=2.2.36E+03,2,2.35533535,146.04502114578216
fixed15_frequency34,-20,20250611::index=2.2.36E+03,3,2.35533535,136.44303145249265
fixed15_frequency34,-20,20250611::index=2.2.36E+03,14,2.35533535,141.0044593846391
fixed15_frequency34,-20,20250611::index=2.2.36E+03,21,2.35533535,141.28832554250275
fixed15_frequency34,-20,20250611::index=2.2.36E+03,23,2.35533535,132.04027479585196
fixed15_frequency34,-20,20250611::index=2.2.36E+03,29,2.35533535,138.24326403218825
fixed15_frequency34,-20,20250611::index=2.2.36E+03,36,2.35533535,134.6681953618506
fixed15_frequency34,-20,20250611::index=2.2.36E+03,37,2.35533535,139.9344641424607
fixed15_frequency34,-20,20250611::index=2.2.36E+03,44,2.35533535,139.58232294098184
fixed15_frequency34,-20,20250611::index=2.2.36E+03,47,2.35533535,138.8499766353731
fixed15_frequency34,-20,20250611::index=2.2.36E+03,48,2.35533535,139.12628443676658
fixed15_frequency34,-20,20250611::index=2.2.36E+03,54,2.35533535,132.47830493259812
fixed15_frequency34,-20,20250611::index=2.2.36E+03,55,2.35533535,152.90342099424845
fixed15_frequency34,-20,20250611::index=2.2.36E+03,59,2.35533535,131.36621529115686
fixed15_frequency34,-20,20250618::index=2.2380,0,2.380025286,140.60336513783588
fixed15_frequency34,-20,20250618::index=2.2380,2,2.380025286,146.04502114578216
fixed15_frequency34,-20,20250618::index=2.2380,3,2.380025286,138.0896301794102
fixed15_frequency34,-20,20250618::index=2.2380,14,2.380025286,141.0044593846391
fixed15_frequency34,-20,20250618::index=2.2380,21,2.380025286,140.60336513783588
fixed15_frequency34,-20,20250618::index=2.2380,23,2.380025286,132.70911779703806
fixed15_frequency34,-20,20250618::index=2.2380,29,2.380025286,138.2394204351006
fixed15_frequency34,-20,20250618::index=2.2380,36,2.380025286,157.16866255956674
fixed15_frequency34,-20,20250618::index=2.2380,37,2.380025286,145.05888294506764
fixed15_frequency34,-20,20250618::index=2.2380,44,2.380025286,197.29349034036056
fixed15_frequency34,-20,20250618::index=2.2380,47,2.380025286,139.87101883222715
fixed15_frequency34,-20,20250618::index=2.2380,48,2.380025286,159.12248424151304
fixed15_frequency34,-20,20250618::index=2.2380,54,2.380025286,132.79835014696718
fixed15_frequency34,-20,20250618::index=2.2380,55,2.380025286,154.52877157951488
fixed15_frequency34,-20,20250618::index=2.2380,59,2.380025286,131.29711934536695
fixed15_frequency34,-20,20250611::index=9.2.67E+05,3,266.90769650000004,287.87902409771453
fixed15_frequency34,-20,20250611::index=9.2.67E+05,6,266.90769650000004,283.5939537176592
fixed15_frequency34,-20,20250611::index=9.2.67E+05,7,266.90769650000004,285.52635331898273
fixed15_frequency34,-20,20250611::index=9.2.67E+05,15,266.90769650000004,155.31258644577525
fixed15_frequency34,-20,20250611::index=9.2.67E+05,18,266.90769650000004,286.09646828329596
fixed15_frequency34,-20,20250611::index=9.2.67E+05,21,266.90769650000004,140.2672833456487
fixed15_frequency34,-20,20250611::index=9.2.67E+05,26,266.90769650000004,236.50922956545747
fixed15_frequency34,-20,20250611::index=9.2.67E+05,27,266.90769650000004,129.77072834002288
fixed15_frequency34,-20,20250611::index=9.2.67E+05,29,266.90769650000004,255.39885306673966
fixed15_frequency34,-20,20250611::index=9.2.67E+05,30,266.90769650000004,281.1721626960088
fixed15_frequency34,-20,20250611::index=9.2.67E+05,31,266.90769650000004,257.34031899205036
fixed15_frequency34,-20,20250611::index=9.2.67E+05,41,266.90769650000004,158.47882008316384
fixed15_frequency34,-20,20250611::index=9.2.67E+05,45,266.90769650000004,131.89500170411583
fixed15_frequency34,-20,20250611::index=9.2.67E+05,51,266.90769650000004,252.9384684554945
fixed15_frequency34,-20,20250611::index=9.2.67E+05,53,266.90769650000004,285.71487889800454
fixed15_frequency34,-20,20250618::index=9.271677,3,271.6776816,138.02053423362028
fixed15_frequency34,-20,20250618::index=9.271677,6,271.6776816,233.82094129050947
fixed15_frequency34,-20,20250618::index=9.271677,7,271.6776816,155.8861200045727
fixed15_frequency34,-20,20250618::index=9.271677,15,271.6776816,257.3655964119251
fixed15_frequency34,-20,20250618::index=9.271677,18,271.6776816,155.49984988336993
fixed15_frequency34,-20,20250618::index=9.271677,21,271.6776816,220.4123297142871
fixed15_frequency34,-20,20250618::index=9.271677,26,271.6776816,140.7781501047332
fixed15_frequency34,-20,20250618::index=9.271677,27,271.6776816,153.21098657030961
fixed15_frequency34,-20,20250618::index=9.271677,29,271.6776816,138.2394204351006
fixed15_frequency34,-20,20250618::index=9.271677,30,271.6776816,132.56682768861322
fixed15_frequency34,-20,20250618::index=9.271677,31,271.6776816,128.0098878015892
fixed15_frequency34,-20,20250618::index=9.271677,41,271.6776816,237.60282425494833
fixed15_frequency34,-20,20250618::index=9.271677,45,271.6776816,286.80941324689127
fixed15_frequency34,-20,20250618::index=9.271677,51,271.6776816,137.8567144433117
fixed15_frequency34,-20,20250618::index=9.271677,53,271.6776816,145.05888294506764
fixed15_frequency34,-20,20250611::index=10.3.15E+05,2,315.4661173,289.99832070387953
fixed15_frequency34,-20,20250611::index=10.3.15E+05,4,315.4661173,256.4555230665789
fixed15_frequency34,-20,20250611::index=10.3.15E+05,10,315.4661173,301.18251711663567
fixed15_frequency34,-20,20250611::index=10.3.15E+05,18,315.4661173,268.13229116938334
fixed15_frequency34,-20,20250611::index=10.3.15E+05,21,315.4661173,141.28832554250275
fixed15_frequency34,-20,20250611::index=10.3.15E+05,27,315.4661173,291.736970265836
fixed15_frequency34,-20,20250611::index=10.3.15E+05,29,315.4661173,244.9340737648261
fixed15_frequency34,-20,20250611::index=10.3.15E+05,31,315.4661173,297.6790754029795
fixed15_frequency34,-20,20250611::index=10.3.15E+05,40,315.4661173,301.01468809694546
fixed15_frequency34,-20,20250611::index=10.3.15E+05,45,315.4661173,323.286999334351
fixed15_frequency34,-20,20250611::index=10.3.15E+05,47,315.4661173,327.89162046441214
fixed15_frequency34,-20,20250611::index=10.3.15E+05,48,315.4661173,296.2340105562942
fixed15_frequency34,-20,20250611::index=10.3.15E+05,50,315.4661173,319.4779808502145
fixed15_frequency34,-20,20250611::index=10.3.15E+05,53,315.4661173,224.21058095805878
fixed15_frequency34,-20,20250611::index=10.3.15E+05,55,315.4661173,300.5667920018369
fixed15_frequency34,-20,20250618::index=10.322114,2,322.1142428,311.6329510576561
fixed15_frequency34,-20,20250618::index=10.322114,4,322.1142428,284.7881360335543
fixed15_frequency34,-20,20250618::index=10.322114,10,322.1142428,238.6217340678446
fixed15_frequency34,-20,20250618::index=10.322114,18,322.1142428,287.17143570879625
fixed15_frequency34,-20,20250618::index=10.322114,21,322.1142428,248.34195858495156
fixed15_frequency34,-20,20250618::index=10.322114,27,322.1142428,153.21098657030961
fixed15_frequency34,-20,20250618::index=10.322114,29,322.1142428,139.22555863581516
fixed15_frequency34,-20,20250618::index=10.322114,31,322.1142428,133.97544413787267
fixed15_frequency34,-20,20250618::index=10.322114,40,322.1142428,154.62762604110836
fixed15_frequency34,-20,20250618::index=10.322114,45,322.1142428,138.87775664016573
fixed15_frequency34,-20,20250618::index=10.322114,47,322.1142428,139.87101883222715
fixed15_frequency34,-20,20250618::index=10.322114,48,322.1142428,159.1117137215642
fixed15_frequency34,-20,20250618::index=10.322114,50,322.1142428,153.85452727037944
fixed15_frequency34,-20,20250618::index=10.322114,53,322.1142428,146.04502114578216
fixed15_frequency34,-20,20250618::index=10.322114,55,322.1142428,155.19400081138843
fixed15_frequency34,-20,20250611::index=11.3.69E+05,1,368.97810499999997,346.15573428915917
fixed15_frequency34,-20,20250611::index=11.3.69E+05,5,368.97810499999997,415.34833661749667
fixed15_frequency34,-20,20250611::index=11.3.69E+05,15,368.97810499999997,354.05071689873824
fixed15_frequency34,-20,20250611::index=11.3.69E+05,17,368.97810499999997,365.70180373080433
fixed15_frequency34,-20,20250611::index=11.3.69E+05,20,368.97810499999997,385.8404859779685
fixed15_frequency34,-20,20250611::index=11.3.69E+05,31,368.97810499999997,412.3781974626678
fixed15_frequency34,-20,20250611::index=11.3.69E+05,37,368.97810499999997,418.4108862371044
fixed15_frequency34,-20,20250611::index=11.3.69E+05,44,368.97810499999997,304.6554924012388
fixed15_frequency34,-20,20250611::index=11.3.69E+05,45,368.97810499999997,333.39118250743184
fixed15_frequency34,-20,20250611::index=11.3.69E+05,49,368.97810499999997,309.12210929612974
fixed15_frequency34,-20,20250611::index=11.3.69E+05,50,368.97810499999997,292.93050940022954
fixed15_frequency34,-20,20250611::index=11.3.69E+05,53,368.97810499999997,398.8906356729278
fixed15_frequency34,-20,20250611::index=11.3.69E+05,54,368.97810499999997,344.3668460247503
fixed15_frequency34,-20,20250611::index=11.3.69E+05,55,368.97810499999997,343.48009419007246
fixed15_frequency34,-20,20250611::index=11.3.69E+05,58,368.97810499999997,335.5757851340885
fixed15_frequency34,-20,20250618::index=11.376320,1,376.3201201,340.3852518943844
fixed15_frequency34,-20,20250618::index=11.376320,5,376.3201201,317.04637651458154
fixed15_frequency34,-20,20250618::index=11.376320,15,376.3201201,288.44620565281684
fixed15_frequency34,-20,20250618::index=11.376320,17,376.3201201,328.3744988551072
fixed15_frequency34,-20,20250618::index=11.376320,20,376.3201201,327.7508512602241
fixed15_frequency34,-20,20250618::index=11.376320,31,376.3201201,213.45670920741603
fixed15_frequency34,-20,20250618::index=11.376320,37,376.3201201,260.5445049313997
fixed15_frequency34,-20,20250618::index=11.376320,44,376.3201201,311.34792084759124
fixed15_frequency34,-20,20250618::index=11.376320,45,376.3201201,352.17924840730313
fixed15_frequency34,-20,20250618::index=11.376320,49,376.3201201,300.8355267092166
fixed15_frequency34,-20,20250618::index=11.376320,50,376.3201201,299.12396083463494
fixed15_frequency34,-20,20250618::index=11.376320,53,376.3201201,327.5883913629848
fixed15_frequency34,-20,20250618::index=11.376320,54,376.3201201,319.1687814679895
fixed15_frequency34,-20,20250618::index=11.376320,55,376.3201201,361.37385871511293
fixed15_frequency34,-20,20250618::index=11.376320,58,376.3201201,332.7916409788523
fixed15_frequency34,-20,20250611::index=12.4.27E+05,3,427.27619500000003,452.1895692371036
fixed15_frequency34,-20,20250611::index=12.4.27E+05,9,427.27619500000003,448.2328930607255
fixed15_frequency34,-20,20250611::index=12.4.27E+05,13,427.27619500000003,459.16263937602855
fixed15_frequency34,-20,20250611::index=12.4.27E+05,15,427.27619500000003,465.62513414955004
fixed15_frequency34,-20,20250611::index=12.4.27E+05,17,427.27619500000003,457.5083212966387
fixed15_frequency34,-20,20250611::index=12.4.27E+05,22,427.27619500000003,483.1778333296876
fixed15_frequency34,-20,20250611::index=12.4.27E+05,28,427.27619500000003,447.59984385175414
fixed15_frequency34,-20,20250611::index=12.4.27E+05,30,427.27619500000003,450.46591823123214
fixed15_frequency34,-20,20250611::index=12.4.27E+05,39,427.27619500000003,452.00404838622313
fixed15_frequency34,-20,20250611::index=12.4.27E+05,42,427.27619500000003,453.651605784882
fixed15_frequency34,-20,20250611::index=12.4.27E+05,44,427.27619500000003,457.9525269063177
fixed15_frequency34,-20,20250611::index=12.4.27E+05,46,427.27619500000003,487.7445032288455
fixed15_frequency34,-20,20250611::index=12.4.27E+05,47,427.27619500000003,479.64168781686044
fixed15_frequency34,-20,20250611::index=12.4.27E+05,54,427.27619500000003,457.07617420842735
fixed15_frequency34,-20,20250611::index=12.4.27E+05,57,427.27619500000003,472.3912171712254
fixed15_frequency34,-20,20250618::index=12.434018,3,434.0180833,359.93232020646855
fixed15_frequency34,-20,20250618::index=12.434018,9,434.0180833,404.88524226835233
fixed15_frequency34,-20,20250618::index=12.434018,13,434.0180833,491.7066882513114
fixed15_frequency34,-20,20250618::index=12.434018,15,434.0180833,404.6973970065523
fixed15_frequency34,-20,20250618::index=12.434018,17,434.0180833,366.3955740253005
fixed15_frequency34,-20,20250618::index=12.434018,22,434.0180833,363.10051229717317
fixed15_frequency34,-20,20250618::index=12.434018,28,434.0180833,409.2714286955294
fixed15_frequency34,-20,20250618::index=12.434018,30,434.0180833,463.3209321395098
fixed15_frequency34,-20,20250618::index=12.434018,39,434.0180833,362.3022522869757
fixed15_frequency34,-20,20250618::index=12.434018,42,434.0180833,353.9488036202013
fixed15_frequency34,-20,20250618::index=12.434018,44,434.0180833,350.1565345877861
fixed15_frequency34,-20,20250618::index=12.434018,46,434.0180833,416.92160488396183
fixed15_frequency34,-20,20250618::index=12.434018,47,434.0180833,462.08470692975453
fixed15_frequency34,-20,20250618::index=12.434018,54,434.0180833,468.8240882467835
fixed15_frequency34,-20,20250618::index=12.434018,57,434.0180833,431.14009952968684
fixed15_frequency34,-20,20250611::index=13.4.89E+05,3,489.45399810000004,536.6217534543546
fixed15_frequency34,-20,20250611::index=13.4.89E+05,7,489.45399810000004,476.65243899135095
fixed15_frequency34,-20,20250611::index=13.4.89E+05,12,489.45399810000004,497.29394714341856
fixed15_frequency34,-20,20250611::index=13.4.89E+05,13,489.45399810000004,489.0560831570556
fixed15_frequency34,-20,20250611::index=13.4.89E+05,14,489.45399810000004,506.2005011300679
fixed15_frequency34,-20,20250611::index=13.4.89E+05,20,489.45399810000004,503.0456572645748
fixed15_frequency34,-20,20250611::index=13.4.89E+05,34,489.45399810000004,498.31172222491796
fixed15_frequency34,-20,20250611::index=13.4.89E+05,39,489.45399810000004,493.15889170967495
fixed15_frequency34,-20,20250611::index=13.4.89E+05,42,489.45399810000004,461.5875148947342
fixed15_frequency34,-20,20250611::index=13.4.89E+05,44,489.45399810000004,511.00670269399717
fixed15_frequency34,-20,20250611::index=13.4.89E+05,48,489.45399810000004,506.3459782376427
fixed15_frequency34,-20,20250611::index=13.4.89E+05,51,489.45399810000004,505.39761415205356
fixed15_frequency34,-20,20250611::index=13.4.89E+05,53,489.45399810000004,496.9002665033327
fixed15_frequency34,-20,20250611::index=13.4.89E+05,54,489.45399810000004,500.4839893708371
fixed15_frequency34,-20,20250611::index=13.4.89E+05,59,489.45399810000004,499.91782504308816
fixed15_frequency34,-20,20250618::index=13.496023,3,496.0233525,501.4659209526611
fixed15_frequency34,-20,20250618::index=13.496023,7,496.0233525,524.465471189859
fixed15_frequency34,-20,20250618::index=13.496023,12,496.0233525,466.857770928953
fixed15_frequency34,-20,20250618::index=13.496023,13,496.0233525,503.6886970697491
fixed15_frequency34,-20,20250618::index=13.496023,14,496.0233525,513.7861893081052
fixed15_frequency34,-20,20250618::index=13.496023,20,496.0233525,498.6818485931111
fixed15_frequency34,-20,20250618::index=13.496023,34,496.0233525,477.69343693636097
fixed15_frequency34,-20,20250618::index=13.496023,39,496.0233525,469.25936287977004
fixed15_frequency34,-20,20250618::index=13.496023,42,496.0233525,436.4271457950496
fixed15_frequency34,-20,20250618::index=13.496023,44,496.0233525,505.7677587754307
fixed15_frequency34,-20,20250618::index=13.496023,48,496.0233525,471.07255397555184
fixed15_frequency34,-20,20250618::index=13.496023,51,496.0233525,475.70129799571606
fixed15_frequency34,-20,20250618::index=13.496023,53,496.0233525,474.905928567579
fixed15_frequency34,-20,20250618::index=13.496023,54,496.0233525,520.6342252433525
fixed15_frequency34,-20,20250618::index=13.496023,59,496.0233525,517.5917527736874
fixed15_frequency34,-20,20250611::index=14.5.54E+05,8,554.1963218000001,565.295129601997
fixed15_frequency34,-20,20250611::index=14.5.54E+05,9,554.1963218000001,558.795102939804
fixed15_frequency34,-20,20250611::index=14.5.54E+05,10,554.1963218000001,544.083085331571
fixed15_frequency34,-20,20250611::index=14.5.54E+05,14,554.1963218000001,555.6336581140558
fixed15_frequency34,-20,20250611::index=14.5.54E+05,29,554.1963218000001,543.8290441905729
fixed15_frequency34,-20,20250611::index=14.5.54E+05,30,554.1963218000001,507.6427377585188
fixed15_frequency34,-20,20250611::index=14.5.54E+05,33,554.1963218000001,603.9242804174403
fixed15_frequency34,-20,20250611::index=14.5.54E+05,36,554.1963218000001,557.664119397607
fixed15_frequency34,-20,20250611::index=14.5.54E+05,43,554.1963218000001,556.986574068759
fixed15_frequency34,-20,20250611::index=14.5.54E+05,48,554.1963218000001,545.9656245605761
fixed15_frequency34,-20,20250611::index=14.5.54E+05,50,554.1963218000001,564.7135388606656
fixed15_frequency34,-20,20250611::index=14.5.54E+05,51,554.1963218000001,572.1420175683963
fixed15_frequency34,-20,20250611::index=14.5.54E+05,54,554.1963218000001,560.9580490735914
fixed15_frequency34,-20,20250611::index=14.5.54E+05,57,554.1963218000001,562.0871863746647
fixed15_frequency34,-20,20250611::index=14.5.54E+05,58,554.1963218000001,521.904208095605
fixed15_frequency34,-20,20250618::index=14.562158,8,562.1587854,553.6156792632551
fixed15_frequency34,-20,20250618::index=14.562158,9,562.1587854,574.7165600231265
fixed15_frequency34,-20,20250618::index=14.562158,10,562.1587854,566.5816610297614
fixed15_frequency34,-20,20250618::index=14.562158,14,562.1587854,571.4453015913404
fixed15_frequency34,-20,20250618::index=14.562158,29,562.1587854,558.0428707079916
fixed15_frequency34,-20,20250618::index=14.562158,30,562.1587854,573.3516564947255
fixed15_frequency34,-20,20250618::index=14.562158,33,562.1587854,567.612076180884
fixed15_frequency34,-20,20250618::index=14.562158,36,562.1587854,581.059145254252
fixed15_frequency34,-20,20250618::index=14.562158,43,562.1587854,575.3354130770449
fixed15_frequency34,-20,20250618::index=14.562158,48,562.1587854,529.853121960942
fixed15_frequency34,-20,20250618::index=14.562158,50,562.1587854,561.3419605514366
fixed15_frequency34,-20,20250618::index=14.562158,51,562.1587854,564.1153272194863
fixed15_frequency34,-20,20250618::index=14.562158,54,562.1587854,547.6455848655596
fixed15_frequency34,-20,20250618::index=14.562158,57,562.1587854,561.7095057228133
fixed15_frequency34,-20,20250618::index=14.562158,58,562.1587854,587.2141850129973
fixed15_frequency34,-20,20250611::index=4.5.76E+04,2,57.59331665,145.05888294506764
fixed15_frequency34,-20,20250611::index=4.5.76E+04,3,57.59331665,130.47747511620918
fixed15_frequency34,-20,20250611::index=4.5.76E+04,6,57.59331665,133.02332008291498
fixed15_frequency34,-20,20250611::index=4.5.76E+04,11,57.59331665,126.94500743705566
fixed15_frequency34,-20,20250611::index=4.5.76E+04,13,57.59331665,132.20088541543493
fixed15_frequency34,-20,20250611::index=4.5.76E+04,15,57.59331665,155.75318063604962
fixed15_frequency34,-20,20250611::index=4.5.76E+04,18,57.59331665,133.14127244289315
fixed15_frequency34,-20,20250611::index=4.5.76E+04,33,57.59331665,135.20014090935865
fixed15_frequency34,-20,20250611::index=4.5.76E+04,38,57.59331665,138.93996754934054
fixed15_frequency34,-20,20250611::index=4.5.76E+04,41,57.59331665,156.02283851067173
fixed15_frequency34,-20,20250611::index=4.5.76E+04,42,57.59331665,133.8245093995781
fixed15_frequency34,-20,20250611::index=4.5.76E+04,44,57.59331665,132.70911779703806
fixed15_frequency34,-20,20250611::index=4.5.76E+04,46,57.59331665,133.64203610923968
fixed15_frequency34,-20,20250611::index=4.5.76E+04,54,57.59331665,132.93554288965925
fixed15_frequency34,-20,20250611::index=4.5.76E+04,55,57.59331665,137.8605580403993
fixed15_frequency34,-20,20250618::index=4.58389,2,58.38985471,164.67101196215782
fixed15_frequency34,-20,20250618::index=4.58389,3,58.38985471,137.17684827134778
fixed15_frequency34,-20,20250618::index=4.58389,6,58.38985471,155.5059802771342
fixed15_frequency34,-20,20250618::index=4.58389,11,58.38985471,131.5496290888468
fixed15_frequency34,-20,20250618::index=4.58389,13,58.38985471,138.93996754934054
fixed15_frequency34,-20,20250618::index=4.58389,15,58.38985471,156.92488205599486
fixed15_frequency34,-20,20250618::index=4.58389,18,58.38985471,155.49984988336993
fixed15_frequency34,-20,20250618::index=4.58389,33,58.38985471,133.8245093995781
fixed15_frequency34,-20,20250618::index=4.58389,38,58.38985471,138.94381114642815
fixed15_frequency34,-20,20250618::index=4.58389,41,58.38985471,156.18156406827734
fixed15_frequency34,-20,20250618::index=4.58389,42,58.38985471,139.96997039903906
fixed15_frequency34,-20,20250618::index=4.58389,44,58.38985471,133.21558998510977
fixed15_frequency34,-20,20250618::index=4.58389,46,58.38985471,138.94381114642815
fixed15_frequency34,-20,20250618::index=4.58389,54,58.38985471,132.79835014696718
fixed15_frequency34,-20,20250618::index=4.58389,55,58.38985471,155.19400081138843
fixed15_frequency34,-20,20250611::index=15.6.24E+05,3,624.4425514,647.2499587052635
fixed15_frequency34,-20,20250611::index=15.6.24E+05,4,624.4425514,618.6768178798806
fixed15_frequency34,-20,20250611::index=15.6.24E+05,11,624.4425514,652.3682836175245
fixed15_frequency34,-20,20250611::index=15.6.24E+05,13,624.4425514,591.0776383532022
fixed15_frequency34,-20,20250611::index=15.6.24E+05,14,624.4425514,636.9354298753381
fixed15_frequency34,-20,20250611::index=15.6.24E+05,18,624.4425514,615.9443883487734
fixed15_frequency34,-20,20250611::index=15.6.24E+05,19,624.4425514,618.6589592142981
fixed15_frequency34,-20,20250611::index=15.6.24E+05,27,624.4425514,618.3398891115096
fixed15_frequency34,-20,20250611::index=15.6.24E+05,39,624.4425514,637.817970143413
fixed15_frequency34,-20,20250611::index=15.6.24E+05,43,624.4425514,640.2620986622056
fixed15_frequency34,-20,20250611::index=15.6.24E+05,46,624.4425514,633.4825963613998
fixed15_frequency34,-20,20250611::index=15.6.24E+05,51,624.4425514,636.4041980993265
fixed15_frequency34,-20,20250611::index=15.6.24E+05,55,624.4425514,651.9529108392744
fixed15_frequency34,-20,20250611::index=15.6.24E+05,57,624.4425514,622.7979106198219
fixed15_frequency34,-20,20250611::index=15.6.24E+05,58,624.4425514,627.3890616406425
fixed15_frequency34,-20,20250618::index=15.633482,3,633.482536,657.3485444974747
fixed15_frequency34,-20,20250618::index=15.633482,4,633.482536,644.1289574066002
fixed15_frequency34,-20,20250618::index=15.633482,11,633.482536,652.5858638848906
fixed15_frequency34,-20,20250618::index=15.633482,13,633.482536,590.546973018732
fixed15_frequency34,-20,20250618::index=15.633482,14,633.482536,641.7532149325936
fixed15_frequency34,-20,20250618::index=15.633482,18,633.482536,609.740853842273
fixed15_frequency34,-20,20250618::index=15.633482,19,633.482536,647.3220327341162
fixed15_frequency34,-20,20250618::index=15.633482,27,633.482536,604.742072672532
fixed15_frequency34,-20,20250618::index=15.633482,39,633.482536,582.8485771835947
fixed15_frequency34,-20,20250618::index=15.633482,43,633.482536,657.6643746209302
fixed15_frequency34,-20,20250618::index=15.633482,46,633.482536,687.5392682173301
fixed15_frequency34,-20,20250618::index=15.633482,51,633.482536,718.9474332891033
fixed15_frequency34,-20,20250618::index=15.633482,55,633.482536,593.7257569245179
fixed15_frequency34,-20,20250618::index=15.633482,57,633.482536,642.1260752791327
fixed15_frequency34,-20,20250618::index=15.633482,58,633.482536,656.4901042649693
fixed15_frequency34,-20,20250611::index=16.6.98E+05,2,698.421296,669.4298745353692
fixed15_frequency34,-20,20250611::index=16.6.98E+05,6,698.421296,740.8930277112603
fixed15_frequency34,-20,20250611::index=16.6.98E+05,9,698.421296,685.1152819877437
fixed15_frequency34,-20,20250611::index=16.6.98E+05,10,698.421296,711.95675917606
fixed15_frequency34,-20,20250611::index=16.6.98E+05,13,698.421296,711.6679090552742
fixed15_frequency34,-20,20250611::index=16.6.98E+05,17,698.421296,696.801174281337
fixed15_frequency34,-20,20250611::index=16.6.98E+05,35,698.421296,727.4090265815236
fixed15_frequency34,-20,20250611::index=16.6.98E+05,37,698.421296,746.9998937418292
fixed15_frequency34,-20,20250611::index=16.6.98E+05,39,698.421296,678.7939918742677
fixed15_frequency34,-20,20250611::index=16.6.98E+05,40,698.421296,706.7022235405966
fixed15_frequency34,-20,20250611::index=16.6.98E+05,46,698.421296,773.5349711149681
fixed15_frequency34,-20,20250611::index=16.6.98E+05,47,698.421296,707.0999843685134
fixed15_frequency34,-20,20250611::index=16.6.98E+05,52,698.421296,767.101997308989
fixed15_frequency34,-20,20250611::index=16.6.98E+05,55,698.421296,692.2961910016377
fixed15_frequency34,-20,20250611::index=16.6.98E+05,57,698.421296,709.3374782109017
fixed15_frequency34,-20,20250618::index=16.709792,2,709.7927143,729.7881989365583
fixed15_frequency34,-20,20250618::index=16.709792,6,709.7927143,760.7574706798138
fixed15_frequency34,-20,20250618::index=16.709792,9,709.7927143,731.9563339836458
fixed15_frequency34,-20,20250618::index=16.709792,10,709.7927143,762.8169862735834
fixed15_frequency34,-20,20250618::index=16.709792,13,709.7927143,729.8761105675537
fixed15_frequency34,-20,20250618::index=16.709792,17,709.7927143,716.6048462065206
fixed15_frequency34,-20,20250618::index=16.709792,35,709.7927143,713.7400903552453
fixed15_frequency34,-20,20250618::index=16.709792,37,709.7927143,748.7382501107559
fixed15_frequency34,-20,20250618::index=16.709792,39,709.7927143,703.9867879805641
fixed15_frequency34,-20,20250618::index=16.709792,40,709.7927143,769.1483537101725
fixed15_frequency34,-20,20250618::index=16.709792,46,709.7927143,769.0269048096666
fixed15_frequency34,-20,20250618::index=16.709792,47,709.7927143,735.2127355903116
fixed15_frequency34,-20,20250618::index=16.709792,52,709.7927143,709.7687273014509
fixed15_frequency34,-20,20250618::index=16.709792,55,709.7927143,706.8108399327239
fixed15_frequency34,-20,20250618::index=16.709792,57,709.7927143,669.8727024793598
fixed15_frequency34,-20,20250611::index=17.7.77E+05,5,776.6472223000001,808.1353229924155
fixed15_frequency34,-20,20250611::index=17.7.77E+05,6,776.6472223000001,800.6553310621518
fixed15_frequency34,-20,20250611::index=17.7.77E+05,7,776.6472223000001,836.3104539718034
fixed15_frequency34,-20,20250611::index=17.7.77E+05,8,776.6472223000001,825.1270057712799
fixed15_frequency34,-20,20250611::index=17.7.77E+05,10,776.6472223000001,795.8672983227317
fixed15_frequency34,-20,20250611::index=17.7.77E+05,14,776.6472223000001,792.9041942674863
fixed15_frequency34,-20,20250611::index=17.7.77E+05,19,776.6472223000001,820.2022948455606
fixed15_frequency34,-20,20250611::index=17.7.77E+05,24,776.6472223000001,800.9414307876732
fixed15_frequency34,-20,20250611::index=17.7.77E+05,26,776.6472223000001,804.2627480846726
fixed15_frequency34,-20,20250611::index=17.7.77E+05,31,776.6472223000001,808.1992157362035
fixed15_frequency34,-20,20250611::index=17.7.77E+05,41,776.6472223000001,812.480416290881
fixed15_frequency34,-20,20250611::index=17.7.77E+05,52,776.6472223000001,805.6289121331749
fixed15_frequency34,-20,20250611::index=17.7.77E+05,53,776.6472223000001,815.9059393154407
fixed15_frequency34,-20,20250611::index=17.7.77E+05,54,776.6472223000001,806.3371724639305
fixed15_frequency34,-20,20250611::index=17.7.77E+05,55,776.6472223000001,806.7952717618896
fixed15_frequency34,-20,20250618::index=17.789500,5,789.5001968,774.0624238678669
fixed15_frequency34,-20,20250618::index=17.789500,6,789.5001968,838.8832854273362
fixed15_frequency34,-20,20250618::index=17.789500,7,789.5001968,760.310978422916
fixed15_frequency34,-20,20250618::index=17.789500,8,789.5001968,735.8234798596346
fixed15_frequency34,-20,20250618::index=17.789500,10,789.5001968,798.6433917857523
fixed15_frequency34,-20,20250618::index=17.789500,14,789.5001968,858.9773868075463
fixed15_frequency34,-20,20250618::index=17.789500,19,789.5001968,822.0109767907501
fixed15_frequency34,-20,20250618::index=17.789500,24,789.5001968,788.4180417015476
fixed15_frequency34,-20,20250618::index=17.789500,26,789.5001968,862.8720854640436
fixed15_frequency34,-20,20250618::index=17.789500,31,789.5001968,787.8842474559008
fixed15_frequency34,-20,20250618::index=17.789500,41,789.5001968,781.1256548011703
fixed15_frequency34,-20,20250618::index=17.789500,52,789.5001968,765.5377015731102
fixed15_frequency34,-20,20250618::index=17.789500,53,789.5001968,776.3973848018676
fixed15_frequency34,-20,20250618::index=17.789500,54,789.5001968,811.0623211752505
fixed15_frequency34,-20,20250618::index=17.789500,55,789.5001968,813.5508972509415
fixed15_frequency34,-20,20250611::index=18.8.59E+05,0,859.3439142,858.8162786556464
fixed15_frequency34,-20,20250611::index=18.8.59E+05,5,859.3439142,838.3314142595879
fixed15_frequency34,-20,20250611::index=18.8.59E+05,14,859.3439142,849.0640367418251
fixed15_frequency34,-20,20250611::index=18.8.59E+05,18,859.3439142,842.4890682351685
fixed15_frequency34,-20,20250611::index=18.8.59E+05,19,859.3439142,863.2261906080669
fixed15_frequency34,-20,20250611::index=18.8.59E+05,21,859.3439142,858.0316925535603
fixed15_frequency34,-20,20250611::index=18.8.59E+05,26,859.3439142,858.0258615792937
fixed15_frequency34,-20,20250611::index=18.8.59E+05,27,859.3439142,859.6823949438528
fixed15_frequency34,-20,20250611::index=18.8.59E+05,32,859.3439142,854.4233187373464
fixed15_frequency34,-20,20250611::index=18.8.59E+05,36,859.3439142,853.5147344211817
fixed15_frequency34,-20,20250611::index=18.8.59E+05,43,859.3439142,826.880234360013
fixed15_frequency34,-20,20250611::index=18.8.59E+05,53,859.3439142,845.1660377554125
fixed15_frequency34,-20,20250611::index=18.8.59E+05,54,859.3439142,856.565998516856
fixed15_frequency34,-20,20250611::index=18.8.59E+05,56,859.3439142,856.4262746658474
fixed15_frequency34,-20,20250611::index=18.8.59E+05,57,859.3439142,844.1734293018078
fixed15_frequency34,-20,20250618::index=18.873637,0,873.6370359,854.5449371612826
fixed15_frequency34,-20,20250618::index=18.873637,5,873.6370359,866.4282394783027
fixed15_frequency34,-20,20250618::index=18.873637,14,873.6370359,870.0503091082586
fixed15_frequency34,-20,20250618::index=18.873637,18,873.6370359,867.9805215971516
fixed15_frequency34,-20,20250618::index=18.873637,19,873.6370359,862.2540199368865
fixed15_frequency34,-20,20250618::index=18.873637,21,873.6370359,854.8628996568499
fixed15_frequency34,-20,20250618::index=18.873637,26,873.6370359,878.6806608630121
fixed15_frequency34,-20,20250618::index=18.873637,27,873.6370359,848.695132404859
fixed15_frequency34,-20,20250618::index=18.873637,32,873.6370359,862.8208407879372
fixed15_frequency34,-20,20250618::index=18.873637,36,873.6370359,844.06964446073
fixed15_frequency34,-20,20250618::index=18.873637,43,873.6370359,868.7437477015783
fixed15_frequency34,-20,20250618::index=18.873637,53,873.6370359,868.8289722572001
fixed15_frequency34,-20,20250618::index=18.873637,54,873.6370359,846.4650808874165
fixed15_frequency34,-20,20250618::index=18.873637,56,873.6370359,859.6198848869223
fixed15_frequency34,-20,20250618::index=18.873637,57,873.6370359,863.5173122376992
fixed15_temporal46,-20,20250618::index=1.0,0,-1.42e-09,229.71197604928543
fixed15_temporal46,-20,20250618::index=1.0,3,-1.42e-09,228.26846594987984
fixed15_temporal46,-20,20250618::index=1.0,5,-1.42e-09,200.8859463443838
fixed15_temporal46,-20,20250618::index=1.0,12,-1.42e-09,198.22290521587632
fixed15_temporal46,-20,20250618::index=1.0,13,-1.42e-09,193.35648725415754
fixed15_temporal46,-20,20250618::index=1.0,31,-1.42e-09,233.19168303348286
fixed15_temporal46,-20,20250618::index=1.0,33,-1.42e-09,228.51392935622792
fixed15_temporal46,-20,20250618::index=1.0,36,-1.42e-09,200.83569566310146
fixed15_temporal46,-20,20250618::index=1.0,45,-1.42e-09,230.0865925241396
fixed15_temporal46,-20,20250618::index=1.0,46,-1.42e-09,201.21731159643076
fixed15_temporal46,-20,20250618::index=1.0,48,-1.42e-09,227.31436083044775
fixed15_temporal46,-20,20250618::index=1.0,50,-1.42e-09,231.52929265540828
fixed15_temporal46,-20,20250618::index=1.0,52,-1.42e-09,201.95714669402275
fixed15_temporal46,-20,20250618::index=1.0,54,-1.42e-09,227.63700616663294
fixed15_temporal46,-20,20250618::index=1.0,57,-1.42e-09,229.98196978005268
fixed15_temporal46,-20,20250611::index=1.3.28E-04,0,3.28047e-07,225.75507568154597
fixed15_temporal46,-20,20250611::index=1.3.28E-04,3,3.28047e-07,229.50244426745834
fixed15_temporal46,-20,20250611::index=1.3.28E-04,5,3.28047e-07,195.57433706695738
fixed15_temporal46,-20,20250611::index=1.3.28E-04,12,3.28047e-07,228.3600421478941
fixed15_temporal46,-20,20250611::index=1.3.28E-04,13,3.28047e-07,196.01911247819984
fixed15_temporal46,-20,20250611::index=1.3.28E-04,31,3.28047e-07,233.07891265695835
fixed15_temporal46,-20,20250611::index=1.3.28E-04,33,3.28047e-07,225.28992279210553
fixed15_temporal46,-20,20250611::index=1.3.28E-04,36,3.28047e-07,199.67888847065612
fixed15_temporal46,-20,20250611::index=1.3.28E-04,45,3.28047e-07,230.80743200026663
fixed15_temporal46,-20,20250611::index=1.3.28E-04,46,3.28047e-07,233.54083713127685
fixed15_temporal46,-20,20250611::index=1.3.28E-04,48,3.28047e-07,230.27028644225547
fixed15_temporal46,-20,20250611::index=1.3.28E-04,50,3.28047e-07,227.72724236855817
fixed15_temporal46,-20,20250611::index=1.3.28E-04,52,3.28047e-07,227.53638211439971
fixed15_temporal46,-20,20250611::index=1.3.28E-04,54,3.28047e-07,225.109662886937
fixed15_temporal46,-20,20250611::index=1.3.28E-04,57,3.28047e-07,220.71987286649593
fixed15_temporal46,-20,20250611::index=5.1.11E+05,17,111.2647017,230.5836622972483
fixed15_temporal46,-20,20250611::index=5.1.11E+05,19,111.2647017,228.15311482839738
fixed15_temporal46,-20,20250611::index=5.1.11E+05,21,111.2647017,227.30694249687232
fixed15_temporal46,-20,20250611::index=5.1.11E+05,23,111.2647017,230.5827934288011
fixed15_temporal46,-20,20250611::index=5.1.11E+05,28,111.2647017,204.5094045221452
fixed15_temporal46,-20,20250611::index=5.1.11E+05,34,111.2647017,231.21512208049523
fixed15_temporal46,-20,20250611::index=5.1.11E+05,35,111.2647017,245.91053874541808
fixed15_temporal46,-20,20250611::index=5.1.11E+05,41,111.2647017,226.78652447394177
fixed15_temporal46,-20,20250611::index=5.1.11E+05,46,111.2647017,227.27519422590296
fixed15_temporal46,-20,20250611::index=5.1.11E+05,47,111.2647017,233.01328154972887
fixed15_temporal46,-20,20250611::index=5.1.11E+05,48,111.2647017,223.72038948608446
fixed15_temporal46,-20,20250611::index=5.1.11E+05,51,111.2647017,224.8426383690989
fixed15_temporal46,-20,20250611::index=5.1.11E+05,55,111.2647017,195.515168051646
fixed15_temporal46,-20,20250611::index=5.1.11E+05,56,111.2647017,228.96256068222567
fixed15_temporal46,-20,20250611::index=5.1.11E+05,58,111.2647017,230.46661442826237
fixed15_temporal46,-20,20250618::index=5.113188,17,113.1882901,229.55921368398276
fixed15_temporal46,-20,20250618::index=5.113188,19,113.1882901,230.70777567447635
fixed15_temporal46,-20,20250618::index=5.113188,21,113.1882901,227.84955337196675
fixed15_temporal46,-20,20250618::index=5.113188,23,113.1882901,230.96459330618498
fixed15_temporal46,-20,20250618::index=5.113188,28,113.1882901,196.5450051140493
fixed15_temporal46,-20,20250618::index=5.113188,34,113.1882901,228.28488976663257
fixed15_temporal46,-20,20250618::index=5.113188,35,113.1882901,246.1295465521295
fixed15_temporal46,-20,20250618::index=5.113188,41,113.1882901,224.40083377894143
fixed15_temporal46,-20,20250618::index=5.113188,46,113.1882901,231.82902818668714
fixed15_temporal46,-20,20250618::index=5.113188,47,113.1882901,229.55644985301285
fixed15_temporal46,-20,20250618::index=5.113188,48,113.1882901,224.31325106421755
fixed15_temporal46,-20,20250618::index=5.113188,51,113.1882901,224.6918421860952
fixed15_temporal46,-20,20250618::index=5.113188,55,113.1882901,226.14297010074733
fixed15_temporal46,-20,20250618::index=5.113188,56,113.1882901,200.1553617672767
fixed15_temporal46,-20,20250618::index=5.113188,58,113.1882901,232.02762220420996
fixed15_temporal46,-20,20250611::index=6.1.44E+05,6,144.32426180000002,200.71575547224012
fixed15_temporal46,-20,20250611::index=6.1.44E+05,11,144.32426180000002,232.15791209354342
fixed15_temporal46,-20,20250611::index=6.1.44E+05,13,144.32426180000002,229.61200499981177
fixed15_temporal46,-20,20250611::index=6.1.44E+05,26,144.32426180000002,243.31932976651078
fixed15_temporal46,-20,20250611::index=6.1.44E+05,31,144.32426180000002,229.34842855526426
fixed15_temporal46,-20,20250611::index=6.1.44E+05,34,144.32426180000002,227.84687424161777
fixed15_temporal46,-20,20250611::index=6.1.44E+05,35,144.32426180000002,246.65696353182918
fixed15_temporal46,-20,20250611::index=6.1.44E+05,36,144.32426180000002,192.14048848527975
fixed15_temporal46,-20,20250611::index=6.1.44E+05,38,144.32426180000002,224.44740795360244
fixed15_temporal46,-20,20250611::index=6.1.44E+05,40,144.32426180000002,226.4140446479373
fixed15_temporal46,-20,20250611::index=6.1.44E+05,46,144.32426180000002,200.12911775950337
fixed15_temporal46,-20,20250611::index=6.1.44E+05,47,144.32426180000002,228.5846839431754
fixed15_temporal46,-20,20250611::index=6.1.44E+05,56,144.32426180000002,195.70939503558148
fixed15_temporal46,-20,20250611::index=6.1.44E+05,58,144.32426180000002,225.0053797231986
fixed15_temporal46,-20,20250611::index=6.1.44E+05,59,144.32426180000002,231.63459660532575
fixed15_temporal46,-20,20250618::index=6.146381,6,146.38165049999998,203.4543478108406
fixed15_temporal46,-20,20250618::index=6.146381,11,146.38165049999998,230.36894974897018
fixed15_temporal46,-20,20250618::index=6.146381,13,146.38165049999998,198.96621841637122
fixed15_temporal46,-20,20250618::index=6.146381,26,146.38165049999998,240.65035291776144
fixed15_temporal46,-20,20250618::index=6.146381,31,146.38165049999998,233.19168303348286
fixed15_temporal46,-20,20250618::index=6.146381,34,146.38165049999998,229.54522413151253
fixed15_temporal46,-20,20250618::index=6.146381,35,146.38165049999998,315.1613898274864
fixed15_temporal46,-20,20250618::index=6.146381,36,146.38165049999998,203.45297833733702
fixed15_temporal46,-20,20250618::index=6.146381,38,146.38165049999998,228.4643630879107
fixed15_temporal46,-20,20250618::index=6.146381,40,146.38165049999998,228.74184202527798
fixed15_temporal46,-20,20250618::index=6.146381,46,146.38165049999998,193.30364249223925
fixed15_temporal46,-20,20250618::index=6.146381,47,146.38165049999998,231.64669119527326
fixed15_temporal46,-20,20250618::index=6.146381,56,146.38165049999998,204.6509784462404
fixed15_temporal46,-20,20250618::index=6.146381,58,146.38165049999998,234.54193056413217
fixed15_temporal46,-20,20250618::index=6.146381,59,146.38165049999998,225.74298109159847
fixed15_temporal46,-20,20250611::index=7.1.81E+05,4,181.378003,205.34124727551517
fixed15_temporal46,-20,20250611::index=7.1.81E+05,5,181.378003,189.7994755896596
fixed15_temporal46,-20,20250611::index=7.1.81E+05,10,181.378003,227.84868450351954
fixed15_temporal46,-20,20250611::index=7.1.81E+05,15,181.378003,192.8492751072299
fixed15_temporal46,-20,20250611::index=7.1.81E+05,18,181.378003,226.87789607453018
fixed15_temporal46,-20,20250611::index=7.1.81E+05,20,181.378003,227.90464562119675
fixed15_temporal46,-20,20250611::index=7.1.81E+05,26,181.378003,240.96615162240852
fixed15_temporal46,-20,20250611::index=7.1.81E+05,28,181.378003,199.61243773586398
fixed15_temporal46,-20,20250611::index=7.1.81E+05,33,181.378003,221.7401710400749
fixed15_temporal46,-20,20250611::index=7.1.81E+05,37,181.378003,242.03735197204736
fixed15_temporal46,-20,20250611::index=7.1.81E+05,41,181.378003,223.66570320773275
fixed15_temporal46,-20,20250611::index=7.1.81E+05,44,181.378003,230.8105775939909
fixed15_temporal46,-20,20250611::index=7.1.81E+05,56,181.378003,231.73826739328752
fixed15_temporal46,-20,20250611::index=7.1.81E+05,57,181.378003,228.27930964716688
fixed15_temporal46,-20,20250611::index=7.1.81E+05,58,181.378003,224.4782031036901
fixed15_temporal46,-20,20250618::index=7.184190,4,184.1909699,201.05323709645043
fixed15_temporal46,-20,20250618::index=7.184190,5,184.1909699,201.23077837855956
fixed15_temporal46,-20,20250618::index=7.184190,10,184.1909699,227.61836722731186
fixed15_temporal46,-20,20250618::index=7.184190,15,184.1909699,196.4527171669093
fixed15_temporal46,-20,20250618::index=7.184190,18,184.1909699,205.91285411943272
fixed15_temporal46,-20,20250618::index=7.184190,20,184.1909699,229.12064439007446
fixed15_temporal46,-20,20250618::index=7.184190,26,184.1909699,246.7680493595361
fixed15_temporal46,-20,20250618::index=7.184190,28,184.1909699,198.92048832488197
fixed15_temporal46,-20,20250618::index=7.184190,33,184.1909699,289.7427349796038
fixed15_temporal46,-20,20250618::index=7.184190,37,184.1909699,239.5057829735324
fixed15_temporal46,-20,20250618::index=7.184190,41,184.1909699,233.51048177173638
fixed15_temporal46,-20,20250618::index=7.184190,44,184.1909699,231.69972387739367
fixed15_temporal46,-20,20250618::index=7.184190,56,184.1909699,202.89931517233114
fixed15_temporal46,-20,20250618::index=7.184190,57,184.1909699,233.20597634417507
fixed15_temporal46,-20,20250618::index=7.184190,58,184.1909699,228.88013329591533
fixed15_temporal46,-20,20250611::index=3.2.10E+04,1,20.97971604,234.32121190718448
fixed15_temporal46,-20,20250611::index=3.2.10E+04,6,20.97971604,201.74192512743295
fixed15_temporal46,-20,20250611::index=3.2.10E+04,11,20.97971604,229.48893401291673
fixed15_temporal46,-20,20250611::index=3.2.10E+04,22,20.97971604,228.05122443028617
fixed15_temporal46,-20,20250611::index=3.2.10E+04,28,20.97971604,201.7752955968634
fixed15_temporal46,-20,20250611::index=3.2.10E+04,33,20.97971604,226.04919180632686
fixed15_temporal46,-20,20250611::index=3.2.10E+04,34,20.97971604,227.55019318555185
fixed15_temporal46,-20,20250611::index=3.2.10E+04,36,20.97971604,193.6843855809737
fixed15_temporal46,-20,20250611::index=3.2.10E+04,41,20.97971604,225.8840401722245
fixed15_temporal46,-20,20250611::index=3.2.10E+04,42,20.97971604,229.00944425070185
fixed15_temporal46,-20,20250611::index=3.2.10E+04,52,20.97971604,226.46905816566183
fixed15_temporal46,-20,20250611::index=3.2.10E+04,54,20.97971604,231.64669119527326
fixed15_temporal46,-20,20250611::index=3.2.10E+04,56,20.97971604,227.42011341275628
fixed15_temporal46,-20,20250611::index=3.2.10E+04,57,20.97971604,226.87789607453018
fixed15_temporal46,-20,20250611::index=3.2.10E+04,59,20.97971604,228.48101315521365
fixed15_temporal46,-20,20250618::index=3.21242,1,21.24286319,324.79474683190085
fixed15_temporal46,-20,20250618::index=3.21242,6,21.24286319,197.785084860711
fixed15_temporal46,-20,20250618::index=3.21242,11,21.24286319,230.67829276514897
fixed15_temporal46,-20,20250618::index=3.21242,22,21.24286319,232.09412217988663
fixed15_temporal46,-20,20250618::index=3.21242,28,21.24286319,197.1973208769868
fixed15_temporal46,-20,20250618::index=3.21242,33,21.24286319,229.36610779642254
fixed15_temporal46,-20,20250618::index=3.21242,34,21.24286319,229.70635457508988
fixed15_temporal46,-20,20250618::index=3.21242,36,21.24286319,205.36796405761672
fixed15_temporal46,-20,20250618::index=3.21242,41,21.24286319,233.73848975534506
fixed15_temporal46,-20,20250618::index=3.21242,42,21.24286319,229.99756757966944
fixed15_temporal46,-20,20250618::index=3.21242,52,21.24286319,195.95613694434124
fixed15_temporal46,-20,20250618::index=3.21242,54,21.24286319,229.12064439007446
fixed15_temporal46,-20,20250618::index=3.21242,56,21.24286319,202.79672670910827
fixed15_temporal46,-20,20250618::index=3.21242,57,21.24286319,227.7285890101402
fixed15_temporal46,-20,20250618::index=3.21242,59,21.24286319,226.55056852401225
fixed15_temporal46,-20,20250611::index=8.2.22E+05,0,221.5051102,228.0172827705877
fixed15_temporal46,-20,20250611::index=8.2.22E+05,4,221.5051102,205.966831722663
fixed15_temporal46,-20,20250611::index=8.2.22E+05,6,221.5051102,196.5781969496708
fixed15_temporal46,-20,20250611::index=8.2.22E+05,9,221.5051102,225.80897723211356
fixed15_temporal46,-20,20250611::index=8.2.22E+05,13,221.5051102,192.65169176575634
fixed15_temporal46,-20,20250611::index=8.2.22E+05,15,221.5051102,203.7295070317986
fixed15_temporal46,-20,20250611::index=8.2.22E+05,17,221.5051102,228.5846839431754
fixed15_temporal46,-20,20250611::index=8.2.22E+05,22,221.5051102,232.9546215527289
fixed15_temporal46,-20,20250611::index=8.2.22E+05,24,221.5051102,231.59390653437237
fixed15_temporal46,-20,20250611::index=8.2.22E+05,28,221.5051102,197.9915220143334
fixed15_temporal46,-20,20250611::index=8.2.22E+05,31,221.5051102,234.08072071650952
fixed15_temporal46,-20,20250611::index=8.2.22E+05,39,221.5051102,200.5075927388593
fixed15_temporal46,-20,20250611::index=8.2.22E+05,40,221.5051102,228.53404583733405
fixed15_temporal46,-20,20250611::index=8.2.22E+05,50,221.5051102,228.0188060440168
fixed15_temporal46,-20,20250611::index=8.2.22E+05,59,221.5051102,229.31620924196648
fixed15_temporal46,-20,20250618::index=8.225704,0,225.70496179999998,233.74030001724682
fixed15_temporal46,-20,20250618::index=8.225704,4,225.70496179999998,207.29545871045033
fixed15_temporal46,-20,20250618::index=8.225704,6,225.70496179999998,193.9879470374044
fixed15_temporal46,-20,20250618::index=8.225704,9,225.70496179999998,230.46661442826237
fixed15_temporal46,-20,20250618::index=8.225704,13,225.70496179999998,285.9377369689817
fixed15_temporal46,-20,20250618::index=8.225704,15,225.70496179999998,198.90996738165035
fixed15_temporal46,-20,20250618::index=8.225704,17,225.70496179999998,230.29158042422154
fixed15_temporal46,-20,20250618::index=8.225704,22,225.70496179999998,230.86014386230812
fixed15_temporal46,-20,20250618::index=8.225704,24,225.70496179999998,232.67727111922187
fixed15_temporal46,-20,20250618::index=8.225704,28,225.70496179999998,198.11063370337396
fixed15_temporal46,-20,20250618::index=8.225704,31,225.70496179999998,231.44203737723782
fixed15_temporal46,-20,20250618::index=8.225704,39,225.70496179999998,284.90210576369583
fixed15_temporal46,-20,20250618::index=8.225704,40,225.70496179999998,231.2298491497445
fixed15_temporal46,-20,20250618::index=8.225704,50,225.70496179999998,301.1043645125749
fixed15_temporal46,-20,20250618::index=8.225704,59,225.70496179999998,223.0812794826881
fixed15_temporal46,-20,20250611::index=2.2.36E+03,0,2.35533535,233.50911387259197
fixed15_temporal46,-20,20250611::index=2.2.36E+03,2,2.35533535,228.36652119937656
fixed15_temporal46,-20,20250611::index=2.2.36E+03,3,2.35533535,222.48139673805457
fixed15_temporal46,-20,20250611::index=2.2.36E+03,14,2.35533535,224.22166822071028
fixed15_temporal46,-20,20250611::index=2.2.36E+03,21,2.35533535,226.494442600915
fixed15_temporal46,-20,20250611::index=2.2.36E+03,23,2.35533535,228.65031505040488
fixed15_temporal46,-20,20250611::index=2.2.36E+03,29,2.35533535,226.59895158049346
fixed15_temporal46,-20,20250611::index=2.2.36E+03,36,2.35533535,188.90054754437347
fixed15_temporal46,-20,20250611::index=2.2.36E+03,37,2.35533535,243.14016420827963
fixed15_temporal46,-20,20250611::index=2.2.36E+03,44,2.35533535,230.5827934288011
fixed15_temporal46,-20,20250611::index=2.2.36E+03,47,2.35533535,222.09044570720832
fixed15_temporal46,-20,20250611::index=2.2.36E+03,48,2.35533535,224.09122313477258
fixed15_temporal46,-20,20250611::index=2.2.36E+03,54,2.35533535,230.23757483866703
fixed15_temporal46,-20,20250611::index=2.2.36E+03,55,2.35533535,224.27627657551636
fixed15_temporal46,-20,20250611::index=2.2.36E+03,59,2.35533535,232.36972717653444
fixed15_temporal46,-20,20250618::index=2.2380,0,2.380025286,229.71197604928543
fixed15_temporal46,-20,20250618::index=2.2380,2,2.380025286,225.9037955756336
fixed15_temporal46,-20,20250618::index=2.2380,3,2.380025286,224.47132812657333
fixed15_temporal46,-20,20250618::index=2.2380,14,2.380025286,228.87098448421142
fixed15_temporal46,-20,20250618::index=2.2380,21,2.380025286,230.67829276514897
fixed15_temporal46,-20,20250618::index=2.2380,23,2.380025286,232.09412217988663
fixed15_temporal46,-20,20250618::index=2.2380,29,2.380025286,230.4471066204941
fixed15_temporal46,-20,20250618::index=2.2380,36,2.380025286,195.51311723314737
fixed15_temporal46,-20,20250618::index=2.2380,37,2.380025286,243.49349490210443
fixed15_temporal46,-20,20250618::index=2.2380,44,2.380025286,283.66728213959817
fixed15_temporal46,-20,20250618::index=2.2380,47,2.380025286,231.6509275434336
fixed15_temporal46,-20,20250618::index=2.2380,48,2.380025286,227.94113621547402
fixed15_temporal46,-20,20250618::index=2.2380,54,2.380025286,228.0943008142862
fixed15_temporal46,-20,20250618::index=2.2380,55,2.380025286,200.74912594167057
fixed15_temporal46,-20,20250618::index=2.2380,59,2.380025286,227.45074644109178
fixed15_temporal46,-20,20250611::index=9.2.67E+05,3,266.90769650000004,332.8804871040357
fixed15_temporal46,-20,20250611::index=9.2.67E+05,6,266.90769650000004,323.56771908188625
fixed15_temporal46,-20,20250611::index=9.2.67E+05,7,266.90769650000004,341.1133523357324
fixed15_temporal46,-20,20250611::index=9.2.67E+05,15,266.90769650000004,200.77325892741626
fixed15_temporal46,-20,20250611::index=9.2.67E+05,18,266.90769650000004,331.0314024655039
fixed15_temporal46,-20,20250611::index=9.2.67E+05,21,266.90769650000004,231.07269106764193
fixed15_temporal46,-20,20250611::index=9.2.67E+05,26,266.90769650000004,326.8677440481839
fixed15_temporal46,-20,20250611::index=9.2.67E+05,27,266.90769650000004,198.51411822045603
fixed15_temporal46,-20,20250611::index=9.2.67E+05,29,266.90769650000004,312.29707890516875
fixed15_temporal46,-20,20250611::index=9.2.67E+05,30,266.90769650000004,317.36629041358407
fixed15_temporal46,-20,20250611::index=9.2.67E+05,31,266.90769650000004,307.50350525595866
fixed15_temporal46,-20,20250611::index=9.2.67E+05,41,266.90769650000004,226.78565560549458
fixed15_temporal46,-20,20250611::index=9.2.67E+05,45,266.90769650000004,227.32740737652045
fixed15_temporal46,-20,20250611::index=9.2.67E+05,51,266.90769650000004,301.49722171557494
fixed15_temporal46,-20,20250611::index=9.2.67E+05,53,266.90769650000004,328.83635175252357
fixed15_temporal46,-20,20250618::index=9.271677,3,271.6776816,221.10238449300556
fixed15_temporal46,-20,20250618::index=9.271677,6,271.6776816,272.8385101007807
fixed15_temporal46,-20,20250618::index=9.271677,7,271.6776816,229.33160252650111
fixed15_temporal46,-20,20250618::index=9.271677,15,271.6776816,275.88064794186295
fixed15_temporal46,-20,20250618::index=9.271677,18,271.6776816,196.64851658379908
fixed15_temporal46,-20,20250618::index=9.271677,21,271.6776816,315.3683656288109
fixed15_temporal46,-20,20250618::index=9.271677,26,271.6776816,243.70604210743824
fixed15_temporal46,-20,20250618::index=9.271677,27,271.6776816,194.0521501444721
fixed15_temporal46,-20,20250618::index=9.271677,29,271.6776816,228.7630854269294
fixed15_temporal46,-20,20250618::index=9.271677,30,271.6776816,232.09412217988663
fixed15_temporal46,-20,20250618::index=9.271677,31,271.6776816,233.3087309024688
fixed15_temporal46,-20,20250618::index=9.271677,41,271.6776816,304.30507898405494
fixed15_temporal46,-20,20250618::index=9.271677,45,271.6776816,320.4739459852948
fixed15_temporal46,-20,20250618::index=9.271677,51,271.6776816,228.15311482839738
fixed15_temporal46,-20,20250618::index=9.271677,53,271.6776816,229.55921368398276
fixed15_temporal46,-20,20250611::index=10.3.15E+05,2,315.4661173,322.072341030946
fixed15_temporal46,-20,20250611::index=10.3.15E+05,4,315.4661173,268.737624550973
fixed15_temporal46,-20,20250611::index=10.3.15E+05,10,315.4661173,343.7398798091343
fixed15_temporal46,-20,20250611::index=10.3.15E+05,18,315.4661173,284.23889158863665
fixed15_temporal46,-20,20250611::index=10.3.15E+05,21,315.4661173,228.58381507472822
fixed15_temporal46,-20,20250611::index=10.3.15E+05,27,315.4661173,293.0829386613632
fixed15_temporal46,-20,20250611::index=10.3.15E+05,29,315.4661173,292.62635065615336
fixed15_temporal46,-20,20250611::index=10.3.15E+05,31,315.4661173,334.42567165992307
fixed15_temporal46,-20,20250611::index=10.3.15E+05,40,315.4661173,348.9309299775294
fixed15_temporal46,-20,20250611::index=10.3.15E+05,45,315.4661173,347.1829932636784
fixed15_temporal46,-20,20250611::index=10.3.15E+05,47,315.4661173,347.14465047806755
fixed15_temporal46,-20,20250611::index=10.3.15E+05,48,315.4661173,332.1500930100036
fixed15_temporal46,-20,20250611::index=10.3.15E+05,50,315.4661173,350.4685151562651
fixed15_temporal46,-20,20250611::index=10.3.15E+05,53,315.4661173,315.5154300573849
fixed15_temporal46,-20,20250611::index=10.3.15E+05,55,315.4661173,323.3968790318542
fixed15_temporal46,-20,20250618::index=10.322114,2,322.1142428,340.3879122673458
fixed15_temporal46,-20,20250618::index=10.322114,4,322.1142428,316.1581316185981
fixed15_temporal46,-20,20250618::index=10.322114,10,322.1142428,299.71821916702174
fixed15_temporal46,-20,20250618::index=10.322114,18,322.1142428,322.10173368508714
fixed15_temporal46,-20,20250618::index=10.322114,21,322.1142428,307.9179238545883
fixed15_temporal46,-20,20250618::index=10.322114,27,322.1142428,204.06992773106128
fixed15_temporal46,-20,20250618::index=10.322114,29,322.1142428,226.30104959097662
fixed15_temporal46,-20,20250618::index=10.322114,31,322.1142428,233.07891265695835
fixed15_temporal46,-20,20250618::index=10.322114,40,322.1142428,228.83947894452078
fixed15_temporal46,-20,20250618::index=10.322114,45,322.1142428,230.9513693894433
fixed15_temporal46,-20,20250618::index=10.322114,47,322.1142428,233.74030001724682
fixed15_temporal46,-20,20250618::index=10.322114,48,322.1142428,229.07066508917566
fixed15_temporal46,-20,20250618::index=10.322114,50,322.1142428,229.55221350485252
fixed15_temporal46,-20,20250618::index=10.322114,53,322.1142428,228.78635500149485
fixed15_temporal46,-20,20250618::index=10.322114,55,322.1142428,193.42069036122524
fixed15_temporal46,-20,20250611::index=11.3.69E+05,1,368.97810499999997,367.9139614879183
fixed15_temporal46,-20,20250611::index=11.3.69E+05,5,368.97810499999997,405.04323959471003
fixed15_temporal46,-20,20250611::index=11.3.69E+05,15,368.97810499999997,367.0868945137907
fixed15_temporal46,-20,20250611::index=11.3.69E+05,17,368.97810499999997,362.78504770486876
fixed15_temporal46,-20,20250611::index=11.3.69E+05,20,368.97810499999997,392.1146056941063
fixed15_temporal46,-20,20250611::index=11.3.69E+05,31,368.97810499999997,387.7425499947569
fixed15_temporal46,-20,20250611::index=11.3.69E+05,37,368.97810499999997,419.0536839022143
fixed15_temporal46,-20,20250611::index=11.3.69E+05,44,368.97810499999997,345.6760436599991
fixed15_temporal46,-20,20250611::index=11.3.69E+05,45,368.97810499999997,360.67583480857115
fixed15_temporal46,-20,20250611::index=11.3.69E+05,49,368.97810499999997,362.98211143670136
fixed15_temporal46,-20,20250611::index=11.3.69E+05,50,368.97810499999997,331.29871650651717
fixed15_temporal46,-20,20250611::index=11.3.69E+05,53,368.97810499999997,369.84543308622176
fixed15_temporal46,-20,20250611::index=11.3.69E+05,54,368.97810499999997,350.20771122250795
fixed15_temporal46,-20,20250611::index=11.3.69E+05,55,368.97810499999997,366.13020200365116
fixed15_temporal46,-20,20250611::index=11.3.69E+05,58,368.97810499999997,341.4024339612108
fixed15_temporal46,-20,20250618::index=11.376320,1,376.3201201,362.53985355025236
fixed15_temporal46,-20,20250618::index=11.376320,5,376.3201201,362.4298887517803
fixed15_temporal46,-20,20250618::index=11.376320,15,376.3201201,317.37141233030155
fixed15_temporal46,-20,20250618::index=11.376320,17,376.3201201,351.7962281095228
fixed15_temporal46,-20,20250618::index=11.376320,20,376.3201201,339.5362524427215
fixed15_temporal46,-20,20250618::index=11.376320,31,376.3201201,314.21259109043734
fixed15_temporal46,-20,20250618::index=11.376320,37,376.3201201,341.60401816041576
fixed15_temporal46,-20,20250618::index=11.376320,44,376.3201201,347.9954694174253
fixed15_temporal46,-20,20250618::index=11.376320,45,376.3201201,364.91356568204907
fixed15_temporal46,-20,20250618::index=11.376320,49,376.3201201,343.2341354995988
fixed15_temporal46,-20,20250618::index=11.376320,50,376.3201201,342.8374531676739
fixed15_temporal46,-20,20250618::index=11.376320,53,376.3201201,347.7857545173066
fixed15_temporal46,-20,20250618::index=11.376320,54,376.3201201,344.04314160901276
fixed15_temporal46,-20,20250618::index=11.376320,55,376.3201201,391.6192154570972
fixed15_temporal46,-20,20250618::index=11.376320,58,376.3201201,342.33003161530394
fixed15_temporal46,-20,20250611::index=12.4.27E+05,3,427.27619500000003,429.7223154153498
fixed15_temporal46,-20,20250611::index=12.4.27E+05,9,427.27619500000003,451.8609935089414
fixed15_temporal46,-20,20250611::index=12.4.27E+05,13,427.27619500000003,439.56474642758945
fixed15_temporal46,-20,20250611::index=12.4.27E+05,15,427.27619500000003,465.8755324478679
fixed15_temporal46,-20,20250611::index=12.4.27E+05,17,427.27619500000003,446.8438866284403
fixed15_temporal46,-20,20250611::index=12.4.27E+05,22,427.27619500000003,490.40912585496517
fixed15_temporal46,-20,20250611::index=12.4.27E+05,28,427.27619500000003,429.4521353348252
fixed15_temporal46,-20,20250611::index=12.4.27E+05,30,427.27619500000003,431.1878681957688
fixed15_temporal46,-20,20250611::index=12.4.27E+05,39,427.27619500000003,428.5168012323983
fixed15_temporal46,-20,20250611::index=12.4.27E+05,42,427.27619500000003,462.6423172764183
fixed15_temporal46,-20,20250611::index=12.4.27E+05,44,427.27619500000003,433.95546172111375
fixed15_temporal46,-20,20250611::index=12.4.27E+05,46,427.27619500000003,488.27034879975537
fixed15_temporal46,-20,20250611::index=12.4.27E+05,47,427.27619500000003,468.9597412612421
fixed15_temporal46,-20,20250611::index=12.4.27E+05,54,427.27619500000003,421.6817648002686
fixed15_temporal46,-20,20250611::index=12.4.27E+05,57,427.27619500000003,477.1118152114212
fixed15_temporal46,-20,20250618::index=12.434018,3,434.0180833,388.4605383075243
fixed15_temporal46,-20,20250618::index=12.434018,9,434.0180833,405.7560165952317
fixed15_temporal46,-20,20250618::index=12.434018,13,434.0180833,490.32129434935877
fixed15_temporal46,-20,20250618::index=12.434018,15,434.0180833,400.23890080564166
fixed15_temporal46,-20,20250618::index=12.434018,17,434.0180833,394.9618056324437
fixed15_temporal46,-20,20250618::index=12.434018,22,434.0180833,373.73697209637925
fixed15_temporal46,-20,20250618::index=12.434018,28,434.0180833,404.2720765048092
fixed15_temporal46,-20,20250618::index=12.434018,30,434.0180833,478.46405716843066
fixed15_temporal46,-20,20250618::index=12.434018,39,434.0180833,376.82988291461896
fixed15_temporal46,-20,20250618::index=12.434018,42,434.0180833,356.5038271334039
fixed15_temporal46,-20,20250618::index=12.434018,44,434.0180833,369.5994760792112
fixed15_temporal46,-20,20250618::index=12.434018,46,434.0180833,434.94880856416864
fixed15_temporal46,-20,20250618::index=12.434018,47,434.0180833,441.39567512203945
fixed15_temporal46,-20,20250618::index=12.434018,54,434.0180833,458.4220270815417
fixed15_temporal46,-20,20250618::index=12.434018,57,434.0180833,428.88422183596026
fixed15_temporal46,-20,20250611::index=13.4.89E+05,3,489.45399810000004,541.7093668320065
fixed15_temporal46,-20,20250611::index=13.4.89E+05,7,489.45399810000004,480.8551670346719
fixed15_temporal46,-20,20250611::index=13.4.89E+05,12,489.45399810000004,487.4880553452497
fixed15_temporal46,-20,20250611::index=13.4.89E+05,13,489.45399810000004,462.1152282041319
fixed15_temporal46,-20,20250611::index=13.4.89E+05,14,489.45399810000004,497.83861848916956
fixed15_temporal46,-20,20250611::index=13.4.89E+05,20,489.45399810000004,498.7491976394376
fixed15_temporal46,-20,20250611::index=13.4.89E+05,34,489.45399810000004,490.40688566630837
fixed15_temporal46,-20,20250611::index=13.4.89E+05,39,489.45399810000004,487.6051871087239
fixed15_temporal46,-20,20250611::index=13.4.89E+05,42,489.45399810000004,470.72870078930185
fixed15_temporal46,-20,20250611::index=13.4.89E+05,44,489.45399810000004,492.46178820726044
fixed15_temporal46,-20,20250611::index=13.4.89E+05,48,489.45399810000004,491.3870273953259
fixed15_temporal46,-20,20250611::index=13.4.89E+05,51,489.45399810000004,490.04941154701714
fixed15_temporal46,-20,20250611::index=13.4.89E+05,53,489.45399810000004,492.8398658149823
fixed15_temporal46,-20,20250611::index=13.4.89E+05,54,489.45399810000004,496.42674038375725
fixed15_temporal46,-20,20250611::index=13.4.89E+05,59,489.45399810000004,484.0008670176264
fixed15_temporal46,-20,20250618::index=13.496023,3,496.0233525,493.7514748075267
fixed15_temporal46,-20,20250618::index=13.496023,7,496.0233525,502.74910767190244
fixed15_temporal46,-20,20250618::index=13.496023,12,496.0233525,465.87301437020534
fixed15_temporal46,-20,20250618::index=13.496023,13,496.0233525,490.8975384640097
fixed15_temporal46,-20,20250618::index=13.496023,14,496.0233525,496.3761485044598
fixed15_temporal46,-20,20250618::index=13.496023,20,496.0233525,497.0969977827932
fixed15_temporal46,-20,20250618::index=13.496023,34,496.0233525,480.75758632748574
fixed15_temporal46,-20,20250618::index=13.496023,39,496.0233525,470.6516581918524
fixed15_temporal46,-20,20250618::index=13.496023,42,496.0233525,427.58501528453877
fixed15_temporal46,-20,20250618::index=13.496023,44,496.0233525,491.54181143697855
fixed15_temporal46,-20,20250618::index=13.496023,48,496.0233525,478.8108929319613
fixed15_temporal46,-20,20250618::index=13.496023,51,496.0233525,478.90176639678435
fixed15_temporal46,-20,20250618::index=13.496023,53,496.0233525,480.72825740217326
fixed15_temporal46,-20,20250618::index=13.496023,54,496.0233525,506.29254877416565
fixed15_temporal46,-20,20250618::index=13.496023,59,496.0233525,504.65500317491967
fixed15_temporal46,-20,20250611::index=14.5.54E+05,8,554.1963218000001,575.6391643881836
fixed15_temporal46,-20,20250611::index=14.5.54E+05,9,554.1963218000001,555.1142451514522
fixed15_temporal46,-20,20250611::index=14.5.54E+05,10,554.1963218000001,544.0550169713895
fixed15_temporal46,-20,20250611::index=14.5.54E+05,14,554.1963218000001,573.3706468089924
fixed15_temporal46,-20,20250611::index=14.5.54E+05,29,554.1963218000001,543.6286349367898
fixed15_temporal46,-20,20250611::index=14.5.54E+05,30,554.1963218000001,491.4636467382599
fixed15_temporal46,-20,20250611::index=14.5.54E+05,33,554.1963218000001,586.1709077878354
fixed15_temporal46,-20,20250611::index=14.5.54E+05,36,554.1963218000001,559.9964316832011
fixed15_temporal46,-20,20250611::index=14.5.54E+05,43,554.1963218000001,509.011626639141
fixed15_temporal46,-20,20250611::index=14.5.54E+05,48,554.1963218000001,536.8623721845153
fixed15_temporal46,-20,20250611::index=14.5.54E+05,50,554.1963218000001,541.3491471401463
fixed15_temporal46,-20,20250611::index=14.5.54E+05,51,554.1963218000001,558.7796330353392
fixed15_temporal46,-20,20250611::index=14.5.54E+05,54,554.1963218000001,559.0509389351478
fixed15_temporal46,-20,20250611::index=14.5.54E+05,57,554.1963218000001,554.8580316976969
fixed15_temporal46,-20,20250611::index=14.5.54E+05,58,554.1963218000001,541.8839504206902
fixed15_temporal46,-20,20250618::index=14.562158,8,562.1587854,560.9037906469397
fixed15_temporal46,-20,20250618::index=14.562158,9,562.1587854,578.9210503224564
fixed15_temporal46,-20,20250618::index=14.562158,10,562.1587854,562.1729064302015
fixed15_temporal46,-20,20250618::index=14.562158,14,562.1587854,578.3126748429463
fixed15_temporal46,-20,20250618::index=14.562158,29,562.1587854,556.7340193617545
fixed15_temporal46,-20,20250618::index=14.562158,30,562.1587854,564.5123858860125
fixed15_temporal46,-20,20250618::index=14.562158,33,562.1587854,559.7712987854289
fixed15_temporal46,-20,20250618::index=14.562158,36,562.1587854,578.202710521432
fixed15_temporal46,-20,20250618::index=14.562158,43,562.1587854,569.1377681165695
fixed15_temporal46,-20,20250618::index=14.562158,48,562.1587854,550.5277445978725
fixed15_temporal46,-20,20250618::index=14.562158,50,562.1587854,567.4411610132888
fixed15_temporal46,-20,20250618::index=14.562158,51,562.1587854,561.7186792730595
fixed15_temporal46,-20,20250618::index=14.562158,54,562.1587854,545.7167058405622
fixed15_temporal46,-20,20250618::index=14.562158,57,562.1587854,567.916358950729
fixed15_temporal46,-20,20250618::index=14.562158,58,562.1587854,571.7887670855571
fixed15_temporal46,-20,20250611::index=4.5.76E+04,2,57.59331665,224.12632125002241
fixed15_temporal46,-20,20250611::index=4.5.76E+04,3,57.59331665,228.4761006916701
fixed15_temporal46,-20,20250611::index=4.5.76E+04,6,57.59331665,194.66173418704574
fixed15_temporal46,-20,20250611::index=4.5.76E+04,11,57.59331665,234.54193056413217
fixed15_temporal46,-20,20250611::index=4.5.76E+04,13,57.59331665,227.78142712656546
fixed15_temporal46,-20,20250611::index=4.5.76E+04,15,57.59331665,208.03058928165902
fixed15_temporal46,-20,20250611::index=4.5.76E+04,18,57.59331665,231.72535739872538
fixed15_temporal46,-20,20250611::index=4.5.76E+04,33,57.59331665,226.65738201500832
fixed15_temporal46,-20,20250611::index=4.5.76E+04,38,57.59331665,226.8772318035088
fixed15_temporal46,-20,20250611::index=4.5.76E+04,41,57.59331665,227.52165504515045
fixed15_temporal46,-20,20250611::index=4.5.76E+04,42,57.59331665,225.10556994579477
fixed15_temporal46,-20,20250611::index=4.5.76E+04,44,57.59331665,231.69972387739367
fixed15_temporal46,-20,20250611::index=4.5.76E+04,46,57.59331665,226.87810067195602
fixed15_temporal46,-20,20250611::index=4.5.76E+04,54,57.59331665,225.7053064441518
fixed15_temporal46,-20,20250611::index=4.5.76E+04,55,57.59331665,226.86454282520435
fixed15_temporal46,-20,20250618::index=4.58389,2,58.38985471,229.50646384365453
fixed15_temporal46,-20,20250618::index=4.58389,3,58.38985471,229.12064439007446
fixed15_temporal46,-20,20250618::index=4.58389,6,58.38985471,202.40675538011027
fixed15_temporal46,-20,20250618::index=4.58389,11,58.38985471,234.17693927048782
fixed15_temporal46,-20,20250618::index=4.58389,13,58.38985471,200.02009258192555
fixed15_temporal46,-20,20250618::index=4.58389,15,58.38985471,200.77325892741626
fixed15_temporal46,-20,20250618::index=4.58389,18,58.38985471,205.14086430539206
fixed15_temporal46,-20,20250618::index=4.58389,33,58.38985471,224.72475838710943
fixed15_temporal46,-20,20250618::index=4.58389,38,58.38985471,228.97170949392958
fixed15_temporal46,-20,20250618::index=4.58389,41,58.38985471,229.9431621939403
fixed15_temporal46,-20,20250618::index=4.58389,42,58.38985471,227.2585461908443
fixed15_temporal46,-20,20250618::index=4.58389,44,58.38985471,231.71232230250274
fixed15_temporal46,-20,20250618::index=4.58389,46,58.38985471,199.61243773586398
fixed15_temporal46,-20,20250618::index=4.58389,54,58.38985471,227.63700616663294
fixed15_temporal46,-20,20250618::index=4.58389,55,58.38985471,192.96829633275362
fixed15_temporal46,-20,20250611::index=15.6.24E+05,3,624.4425514,653.4002052881324
fixed15_temporal46,-20,20250611::index=15.6.24E+05,4,624.4425514,616.5027958005212
fixed15_temporal46,-20,20250611::index=15.6.24E+05,11,624.4425514,645.2098358285959
fixed15_temporal46,-20,20250611::index=15.6.24E+05,13,624.4425514,575.1244754406425
fixed15_temporal46,-20,20250611::index=15.6.24E+05,14,624.4425514,611.0465864908784
fixed15_temporal46,-20,20250611::index=15.6.24E+05,18,624.4425514,613.0005333829788
fixed15_temporal46,-20,20250611::index=15.6.24E+05,19,624.4425514,614.0307734464753
fixed15_temporal46,-20,20250611::index=15.6.24E+05,27,624.4425514,612.3851197717291
fixed15_temporal46,-20,20250611::index=15.6.24E+05,39,624.4425514,627.1267244906901
fixed15_temporal46,-20,20250611::index=15.6.24E+05,43,624.4425514,645.8838802746055
fixed15_temporal46,-20,20250611::index=15.6.24E+05,46,624.4425514,607.0545582054516
fixed15_temporal46,-20,20250611::index=15.6.24E+05,51,624.4425514,626.7950192822011
fixed15_temporal46,-20,20250611::index=15.6.24E+05,55,624.4425514,624.2225120021245
fixed15_temporal46,-20,20250611::index=15.6.24E+05,57,624.4425514,612.9102835306995
fixed15_temporal46,-20,20250611::index=15.6.24E+05,58,624.4425514,622.0403217522752
fixed15_temporal46,-20,20250618::index=15.633482,3,633.482536,653.6537750797442
fixed15_temporal46,-20,20250618::index=15.633482,4,633.482536,635.4715676940064
fixed15_temporal46,-20,20250618::index=15.633482,11,633.482536,639.31118086957
fixed15_temporal46,-20,20250618::index=15.633482,13,633.482536,621.6258488282704
fixed15_temporal46,-20,20250618::index=15.633482,14,633.482536,645.8109314411076
fixed15_temporal46,-20,20250618::index=15.633482,18,633.482536,618.0815863141207
fixed15_temporal46,-20,20250618::index=15.633482,19,633.482536,635.1912727131166
fixed15_temporal46,-20,20250618::index=15.633482,27,633.482536,612.0643926001675
fixed15_temporal46,-20,20250618::index=15.633482,39,633.482536,605.2299097164657
fixed15_temporal46,-20,20250618::index=15.633482,43,633.482536,673.7036080129876
fixed15_temporal46,-20,20250618::index=15.633482,46,633.482536,652.3379210052353
fixed15_temporal46,-20,20250618::index=15.633482,51,633.482536,698.9736894596048
fixed15_temporal46,-20,20250618::index=15.633482,55,633.482536,604.9005692137183
fixed15_temporal46,-20,20250618::index=15.633482,57,633.482536,649.6451337023261
fixed15_temporal46,-20,20250618::index=15.633482,58,633.482536,645.7820671056652
fixed15_temporal46,-20,20250611::index=16.6.98E+05,2,698.421296,690.9102908154741
fixed15_temporal46,-20,20250611::index=16.6.98E+05,6,698.421296,704.5722002339764
fixed15_temporal46,-20,20250611::index=16.6.98E+05,9,698.421296,672.837589130218
fixed15_temporal46,-20,20250611::index=16.6.98E+05,10,698.421296,669.0724564621833
fixed15_temporal46,-20,20250611::index=16.6.98E+05,13,698.421296,705.6115904543287
fixed15_temporal46,-20,20250611::index=16.6.98E+05,17,698.421296,688.9131535993334
fixed15_temporal46,-20,20250611::index=16.6.98E+05,35,698.421296,690.6246508249507
fixed15_temporal46,-20,20250611::index=16.6.98E+05,37,698.421296,689.1558020063762
fixed15_temporal46,-20,20250611::index=16.6.98E+05,39,698.421296,690.6582629555506
fixed15_temporal46,-20,20250611::index=16.6.98E+05,40,698.421296,702.1880053132304
fixed15_temporal46,-20,20250611::index=16.6.98E+05,46,698.421296,738.7435238265766
fixed15_temporal46,-20,20250611::index=16.6.98E+05,47,698.421296,710.5712603015655
fixed15_temporal46,-20,20250611::index=16.6.98E+05,52,698.421296,749.9831247206877
fixed15_temporal46,-20,20250611::index=16.6.98E+05,55,698.421296,686.839828508535
fixed15_temporal46,-20,20250611::index=16.6.98E+05,57,698.421296,694.9512617481842
fixed15_temporal46,-20,20250618::index=16.709792,2,709.7927143,716.1093468882535
fixed15_temporal46,-20,20250618::index=16.709792,6,709.7927143,737.2957264099776
fixed15_temporal46,-20,20250618::index=16.709792,9,709.7927143,710.5658109733276
fixed15_temporal46,-20,20250618::index=16.709792,10,709.7927143,750.928032233659
fixed15_temporal46,-20,20250618::index=16.709792,13,709.7927143,718.1683092180872
fixed15_temporal46,-20,20250618::index=16.709792,17,709.7927143,747.1548054822509
fixed15_temporal46,-20,20250618::index=16.709792,35,709.7927143,701.8736612839961
fixed15_temporal46,-20,20250618::index=16.709792,37,709.7927143,714.6875784411476
fixed15_temporal46,-20,20250618::index=16.709792,39,709.7927143,710.2963427551892
fixed15_temporal46,-20,20250618::index=16.709792,40,709.7927143,729.2144667944807
fixed15_temporal46,-20,20250618::index=16.709792,46,709.7927143,772.3056924956043
fixed15_temporal46,-20,20250618::index=16.709792,47,709.7927143,732.0574292458996
fixed15_temporal46,-20,20250618::index=16.709792,52,709.7927143,706.7524447492941
fixed15_temporal46,-20,20250618::index=16.709792,55,709.7927143,702.1677640954921
fixed15_temporal46,-20,20250618::index=16.709792,57,709.7927143,679.2432575267275
fixed15_temporal46,-20,20250611::index=17.7.77E+05,5,776.6472223000001,761.3382402675278
fixed15_temporal46,-20,20250611::index=17.7.77E+05,6,776.6472223000001,766.7180061085743
fixed15_temporal46,-20,20250611::index=17.7.77E+05,7,776.6472223000001,753.4082232500565
fixed15_temporal46,-20,20250611::index=17.7.77E+05,8,776.6472223000001,754.351943842173
fixed15_temporal46,-20,20250611::index=17.7.77E+05,10,776.6472223000001,764.3271376338456
fixed15_temporal46,-20,20250611::index=17.7.77E+05,14,776.6472223000001,769.2922879534294
fixed15_temporal46,-20,20250611::index=17.7.77E+05,19,776.6472223000001,810.9648627826032
fixed15_temporal46,-20,20250611::index=17.7.77E+05,24,776.6472223000001,772.5987469821864
fixed15_temporal46,-20,20250611::index=17.7.77E+05,26,776.6472223000001,744.8903545952826
fixed15_temporal46,-20,20250611::index=17.7.77E+05,31,776.6472223000001,749.2454079705049
fixed15_temporal46,-20,20250611::index=17.7.77E+05,41,776.6472223000001,796.463190597469
fixed15_temporal46,-20,20250611::index=17.7.77E+05,52,776.6472223000001,803.4261429040021
fixed15_temporal46,-20,20250611::index=17.7.77E+05,53,776.6472223000001,818.0317959565871
fixed15_temporal46,-20,20250611::index=17.7.77E+05,54,776.6472223000001,769.8998014853131
fixed15_temporal46,-20,20250611::index=17.7.77E+05,55,776.6472223000001,731.1971451124334
fixed15_temporal46,-20,20250618::index=17.789500,5,789.5001968,771.2976412203604
fixed15_temporal46,-20,20250618::index=17.789500,6,789.5001968,836.9817356308843
fixed15_temporal46,-20,20250618::index=17.789500,7,789.5001968,715.4039018665026
fixed15_temporal46,-20,20250618::index=17.789500,8,789.5001968,730.5062430722144
fixed15_temporal46,-20,20250618::index=17.789500,10,789.5001968,776.7592167146593
fixed15_temporal46,-20,20250618::index=17.789500,14,789.5001968,828.6720264738584
fixed15_temporal46,-20,20250618::index=17.789500,19,789.5001968,821.1641098729808
fixed15_temporal46,-20,20250618::index=17.789500,24,789.5001968,757.905020244825
fixed15_temporal46,-20,20250618::index=17.789500,26,789.5001968,843.202169738482
fixed15_temporal46,-20,20250618::index=17.789500,31,789.5001968,796.4273919869928
fixed15_temporal46,-20,20250618::index=17.789500,41,789.5001968,767.6314981345544
fixed15_temporal46,-20,20250618::index=17.789500,52,789.5001968,764.1881390421556
fixed15_temporal46,-20,20250618::index=17.789500,53,789.5001968,749.4087500599603
fixed15_temporal46,-20,20250618::index=17.789500,54,789.5001968,810.482788300907
fixed15_temporal46,-20,20250618::index=17.789500,55,789.5001968,792.891352783321
fixed15_temporal46,-20,20250611::index=18.8.59E+05,0,859.3439142,865.8895974165491
fixed15_temporal46,-20,20250611::index=18.8.59E+05,5,859.3439142,843.2630119119045
fixed15_temporal46,-20,20250611::index=18.8.59E+05,14,859.3439142,858.7370462274924
fixed15_temporal46,-20,20250611::index=18.8.59E+05,18,859.3439142,839.0632787851655
fixed15_temporal46,-20,20250611::index=18.8.59E+05,19,859.3439142,866.0481470005913
fixed15_temporal46,-20,20250611::index=18.8.59E+05,21,859.3439142,868.2200499875486
fixed15_temporal46,-20,20250611::index=18.8.59E+05,26,859.3439142,871.6005749312264
fixed15_temporal46,-20,20250611::index=18.8.59E+05,27,859.3439142,858.1760028525395
fixed15_temporal46,-20,20250611::index=18.8.59E+05,32,859.3439142,858.0405961994949
fixed15_temporal46,-20,20250611::index=18.8.59E+05,36,859.3439142,859.3348111574439
fixed15_temporal46,-20,20250611::index=18.8.59E+05,43,859.3439142,784.6958818722142
fixed15_temporal46,-20,20250611::index=18.8.59E+05,53,859.3439142,864.1222969622695
fixed15_temporal46,-20,20250611::index=18.8.59E+05,54,859.3439142,838.0016943969666
fixed15_temporal46,-20,20250611::index=18.8.59E+05,56,859.3439142,864.4057117891822
fixed15_temporal46,-20,20250611::index=18.8.59E+05,57,859.3439142,857.7627718484152
fixed15_temporal46,-20,20250618::index=18.873637,0,873.6370359,869.1964194931264
fixed15_temporal46,-20,20250618::index=18.873637,5,873.6370359,867.0991873275696
fixed15_temporal46,-20,20250618::index=18.873637,14,873.6370359,872.6347678659502
fixed15_temporal46,-20,20250618::index=18.873637,18,873.6370359,870.0748034640038
fixed15_temporal46,-20,20250618::index=18.873637,19,873.6370359,864.6253168176322
fixed15_temporal46,-20,20250618::index=18.873637,21,873.6370359,853.6810560416853
fixed15_temporal46,-20,20250618::index=18.873637,26,873.6370359,872.2801024858434
fixed15_temporal46,-20,20250618::index=18.873637,27,873.6370359,834.8864761870396
fixed15_temporal46,-20,20250618::index=18.873637,32,873.6370359,868.4907478659245
fixed15_temporal46,-20,20250618::index=18.873637,36,873.6370359,842.7057186713988
fixed15_temporal46,-20,20250618::index=18.873637,43,873.6370359,867.4409656233365
fixed15_temporal46,-20,20250618::index=18.873637,53,873.6370359,866.5332769285903
fixed15_temporal46,-20,20250618::index=18.873637,54,873.6370359,863.2311850745864
fixed15_temporal46,-20,20250618::index=18.873637,56,873.6370359,845.6653152808975
fixed15_temporal46,-20,20250618::index=18.873637,57,873.6370359,854.91334599856
