snr,fold,model,sample_id,val_local_index,y_true,y_pred,abs_error,method,attribution_units,attribution_sum,output_delta_from_baseline,completeness_error,completeness_relative_error,deletion_prediction_auc,deletion_linear_auc,deletion_area_between_curve,insertion_prediction_auc,insertion_linear_auc,insertion_area_between_curve,top_frequency_bin,top_frequency_hz,top_time_frame,top_time_s
no_noise,1,rf,near_onb_below_val0120,120,266907.6965,70943.0859375,195964.61056250002,group_occlusion,heat_flux_change,nan,-78367.8828125,nan,nan,nan,nan,nan,nan,nan,nan,10,1031.25,112,0.5022321428571429
no_noise,1,rf,near_onb_above_val0180,180,368978.105,366777.96875,2200.1362499999814,group_occlusion,heat_flux_change,nan,217467.0,nan,nan,nan,nan,nan,nan,nan,nan,20,2013.392857142857,0,0.002232142857142857
no_noise,1,rf,false_negative_val0237,237,368978.105,282068.375,86909.72999999998,group_occlusion,heat_flux_change,nan,132757.40625,nan,nan,nan,nan,nan,nan,nan,nan,20,2013.392857142857,0,0.002232142857142857
no_noise,1,rf,worst_prediction_val0141,141,266907.6965,60275.25,206632.44650000002,group_occlusion,heat_flux_change,nan,-89035.71875,nan,nan,nan,nan,nan,nan,nan,nan,20,2013.392857142857,168,0.7522321428571429
no_noise,1,rf,low_heatflux_val0060,60,20979.71604,81352.1328125,60372.4167725,group_occlusion,heat_flux_change,nan,-67958.8359375,nan,nan,nan,nan,nan,nan,nan,nan,10,1031.25,112,0.5022321428571429
no_noise,1,cnntf_v2_gap,near_onb_below_val0120,120,266907.6965,204663.796875,62243.89962500002,integrated_gradients,heat_flux,133839.734375,307325.09375,-173485.359375,0.5645011191833403,153158.05078125,50972.2734375,102185.77734375,212943.3078125,50972.2734375,161971.034375,5,540.1785714285714,103,0.46205357142857145
no_noise,1,cnntf_v2_gap,near_onb_below_val0120,120,266907.6965,204663.796875,62243.89962500002,group_occlusion,heat_flux_change,nan,307325.09375,nan,nan,nan,nan,nan,nan,nan,nan,51,5058.035714285715,168,0.7522321428571429
no_noise,1,cnntf_v2_gap,near_onb_above_val0180,180,368978.105,360843.4375,8134.667499999981,integrated_gradients,heat_flux,1080302336.0,463504.734375,1079838831.265625,2329.725569517005,281245.75546875,129109.78906250001,152135.96640625002,306831.064453125,129109.7890625,177721.275390625,22,2209.8214285714284,117,0.5245535714285714
no_noise,1,cnntf_v2_gap,near_onb_above_val0180,180,368978.105,360843.4375,8134.667499999981,group_occlusion,heat_flux_change,nan,463504.734375,nan,nan,nan,nan,nan,nan,nan,nan,51,5058.035714285715,0,0.002232142857142857
no_noise,1,cnntf_v2_gap,false_negative_val0224,224,368978.105,301546.59375,67431.51124999998,integrated_gradients,heat_flux,555973056.0,404207.890625,555568848.109375,1374.4631438301105,303478.6640625,99435.2734375,204043.390625,293884.198046875,99435.2734375,194448.924609375,23,2308.035714285714,133,0.5959821428571429
no_noise,1,cnntf_v2_gap,false_negative_val0224,224,368978.105,301546.59375,67431.51124999998,group_occlusion,heat_flux_change,nan,404207.890625,nan,nan,nan,nan,nan,nan,nan,nan,51,5058.035714285715,0,0.002232142857142857
no_noise,1,cnntf_v2_gap,worst_prediction_val0135,135,266907.6965,111101.9765625,155805.71993750002,integrated_gradients,heat_flux,547647.5,213763.2734375,333884.2265625,1.5619344763642053,160322.664453125,4240.859375,156081.805078125,224655.291796875,4240.859375,220414.432421875,5,540.1785714285714,118,0.5290178571428571
no_noise,1,cnntf_v2_gap,worst_prediction_val0135,135,266907.6965,111101.9765625,155805.71993750002,group_occlusion,heat_flux_change,nan,213763.2734375,nan,nan,nan,nan,nan,nan,nan,nan,51,5058.035714285715,112,0.5022321428571429
no_noise,1,cnntf_v2_gap,low_heatflux_val0060,60,20979.71604,44792.5546875,23812.8386475,integrated_gradients,heat_flux,73113.421875,147453.8515625,-74340.4296875,0.5041606502627702,199631.61708984376,-28940.478515625,228572.09560546876,204555.1939453125,-28940.478515625,233495.6724609375,5,540.1785714285714,197,0.8816964285714286
no_noise,1,cnntf_v2_gap,low_heatflux_val0060,60,20979.71604,44792.5546875,23812.8386475,group_occlusion,heat_flux_change,nan,147453.8515625,nan,nan,nan,nan,nan,nan,nan,nan,51,5058.035714285715,56,0.25223214285714285
no_noise,1,alexnet,near_onb_below_val0120,120,266907.6965,77400.4609375,189507.23556250002,integrated_gradients,heat_flux,934863.1875,-96332.5546875,1031195.7421875,10.704540594118665,1459895.03125,125566.1171875,1334328.9140625,937458.676953125,125566.1171875,811892.559765625,5,540.1785714285714,136,0.609375
no_noise,1,alexnet,near_onb_below_val0120,120,266907.6965,77400.4609375,189507.23556250002,grad_cam,relative_importance,nan,-96332.5546875,nan,nan,497283.778125,125566.1171875,371717.6609375,560712.0546875,125566.1171875,435145.9375,215,21165.178571428572,215,0.9620535714285714
no_noise,1,alexnet,near_onb_below_val0120,120,266907.6965,77400.4609375,189507.23556250002,group_occlusion,heat_flux_change,nan,-96332.5546875,nan,nan,nan,nan,nan,nan,nan,nan,10,1031.25,56,0.25223214285714285
no_noise,1,alexnet,near_onb_above_val0180,180,368978.105,384065.28125,15087.176250000019,integrated_gradients,heat_flux,-680684160.0,210332.265625,-680894492.265625,3237.232719584675,2627703.03984375,278899.6015625,2348803.43828125,1963135.484765625,278899.6015625,1684235.883203125,23,2308.035714285714,106,0.47544642857142855
no_noise,1,alexnet,near_onb_above_val0180,180,368978.105,384065.28125,15087.176250000019,grad_cam,relative_importance,nan,210332.265625,nan,nan,1235526.00078125,278899.6015625,956626.39921875,1518549.616015625,278899.6015625,1239650.014453125,215,21165.178571428572,0,0.002232142857142857
no_noise,1,alexnet,near_onb_above_val0180,180,368978.105,384065.28125,15087.176250000019,group_occlusion,heat_flux_change,nan,210332.265625,nan,nan,nan,nan,nan,nan,nan,nan,10,1031.25,56,0.25223214285714285
no_noise,1,alexnet,false_negative_val0231,231,368978.105,260553.953125,108424.15187499998,integrated_gradients,heat_flux,-404028160.0,86820.9375,-404114980.9375,4654.579788861413,2125563.212890625,217143.5625,1908419.650390625,1259227.558984375,217143.5625,1042083.9964843751,23,2308.035714285714,168,0.7522321428571429
no_noise,1,alexnet,false_negative_val0231,231,368978.105,260553.953125,108424.15187499998,grad_cam,relative_importance,nan,86820.9375,nan,nan,962774.186328125,217143.5625,745630.623828125,1343581.280859375,217143.5625,1126437.718359375,215,21165.178571428572,0,0.002232142857142857
no_noise,1,alexnet,false_negative_val0231,231,368978.105,260553.953125,108424.15187499998,group_occlusion,heat_flux_change,nan,86820.9375,nan,nan,nan,nan,nan,nan,nan,nan,10,1031.25,56,0.25223214285714285
no_noise,1,alexnet,worst_prediction_val0145,145,266907.6965,15378.0283203125,251529.66817968752,integrated_gradients,heat_flux,431643.375,-158354.9873046875,589998.3623046875,3.725795899117999,1292599.8554931642,94555.35205078125,1198044.503442383,991076.3975097656,94555.35205078125,896521.0454589843,9,933.0357142857143,138,0.6183035714285714
no_noise,1,alexnet,worst_prediction_val0145,145,266907.6965,15378.0283203125,251529.66817968752,grad_cam,relative_importance,nan,-158354.9873046875,nan,nan,375134.42053222656,94555.35205078125,280579.0684814453,529343.4795410156,94555.35205078125,434788.1274902343,215,21165.178571428572,215,0.9620535714285714
no_noise,1,alexnet,worst_prediction_val0145,145,266907.6965,15378.0283203125,251529.66817968752,group_occlusion,heat_flux_change,nan,-158354.9873046875,nan,nan,nan,nan,nan,nan,nan,nan,10,1031.25,56,0.25223214285714285
no_noise,1,alexnet,low_heatflux_val0060,60,20979.71604,-3151.204833984375,24130.920873984374,integrated_gradients,heat_flux,1397594.75,-176884.22045898438,1574478.9704589844,8.901183872555054,1520964.230847168,85290.79663085938,1435673.4342163086,1034452.5916748047,85290.79663085938,949161.7950439453,9,933.0357142857143,137,0.6138392857142857
no_noise,1,alexnet,low_heatflux_val0060,60,20979.71604,-3151.204833984375,24130.920873984374,grad_cam,relative_importance,nan,-176884.22045898438,nan,nan,510375.85272216797,85290.79663085938,425085.0560913086,671199.4830810546,85290.79663085938,585908.6864501953,215,21165.178571428572,215,0.9620535714285714
no_noise,1,alexnet,low_heatflux_val0060,60,20979.71604,-3151.204833984375,24130.920873984374,group_occlusion,heat_flux_change,nan,-176884.22045898438,nan,nan,nan,nan,nan,nan,nan,nan,20,2013.392857142857,56,0.25223214285714285
no_noise,2,rf,near_onb_below_val0060,60,221505.1102,66549.9375,154955.1727,group_occlusion,heat_flux_change,nan,-155220.703125,nan,nan,nan,nan,nan,nan,nan,nan,10,1031.25,112,0.5022321428571429
no_noise,2,rf,near_onb_above_val0120,120,427276.195,387457.28125,39818.91375000001,group_occlusion,heat_flux_change,nan,165686.640625,nan,nan,nan,nan,nan,nan,nan,nan,20,2013.392857142857,0,0.002232142857142857
no_noise,2,rf,worst_prediction_val0185,185,57593.31665,241654.796875,184061.480225,group_occlusion,heat_flux_change,nan,19884.15625,nan,nan,nan,nan,nan,nan,nan,nan,20,2013.392857142857,112,0.5022321428571429
no_noise,2,rf,low_heatflux_val0180,180,57593.31665,55845.6484375,1747.6682125000007,group_occlusion,heat_flux_change,nan,-165924.9921875,nan,nan,nan,nan,nan,nan,nan,nan,10,1031.25,112,0.5022321428571429
no_noise,2,rf,high_heatflux_val0300,300,859343.9142,745085.125,114258.7892,group_occlusion,heat_flux_change,nan,523314.484375,nan,nan,nan,nan,nan,nan,nan,nan,20,2013.392857142857,56,0.25223214285714285
no_noise,2,cnntf_v2_gap,near_onb_below_val0060,60,221505.1102,172114.25,49390.860199999996,integrated_gradients,heat_flux,537986.5625,99246.0546875,438740.5078125,4.420735002454049,238332.81953125,122533.74609375,115799.07343749999,196655.6017578125,122533.74609375,74121.85566406249,5,540.1785714285714,206,0.921875
no_noise,2,cnntf_v2_gap,near_onb_below_val0060,60,221505.1102,172114.25,49390.860199999996,group_occlusion,heat_flux_change,nan,99246.0546875,nan,nan,nan,nan,nan,nan,nan,nan,153,15075.892857142857,56,0.25223214285714285
no_noise,2,cnntf_v2_gap,near_onb_above_val0120,120,427276.195,409197.5625,18078.632500000007,integrated_gradients,heat_flux,472811104.0,336329.3671875,472474774.6328125,1404.7978580752745,294822.151953125,241022.70703125,53799.44492187502,269469.0537109375,241022.70703125,28446.3466796875,23,2308.035714285714,7,0.033482142857142856
no_noise,2,cnntf_v2_gap,near_onb_above_val0120,120,427276.195,409197.5625,18078.632500000007,group_occlusion,heat_flux_change,nan,336329.3671875,nan,nan,nan,nan,nan,nan,nan,nan,153,15075.892857142857,56,0.25223214285714285
no_noise,2,cnntf_v2_gap,worst_prediction_val0006,6,181378.003,62808.55078125,118569.45221875,integrated_gradients,heat_flux,449536.875,-10059.64453125,459596.51953125,45.68715307022295,271232.96455078124,67877.396484375,203355.56806640624,173485.212109375,67877.396484375,105607.81562499999,5,540.1785714285714,167,0.7477678571428571
no_noise,2,cnntf_v2_gap,worst_prediction_val0006,6,181378.003,62808.55078125,118569.45221875,group_occlusion,heat_flux_change,nan,-10059.64453125,nan,nan,nan,nan,nan,nan,nan,nan,51,5058.035714285715,56,0.25223214285714285
no_noise,2,cnntf_v2_gap,low_heatflux_val0180,180,57593.31665,93459.578125,35866.261475,integrated_gradients,heat_flux,321123.34375,20591.3828125,300531.9609375,14.595035392915044,273394.126171875,83185.97265625,190208.153515625,183545.6400390625,83185.97265625,100359.6673828125,5,540.1785714285714,158,0.7075892857142857
no_noise,2,cnntf_v2_gap,low_heatflux_val0180,180,57593.31665,93459.578125,35866.261475,group_occlusion,heat_flux_change,nan,20591.3828125,nan,nan,nan,nan,nan,nan,nan,nan,51,5058.035714285715,112,0.5022321428571429
no_noise,2,cnntf_v2_gap,high_heatflux_val0300,300,859343.9142,823911.625,35432.2892,integrated_gradients,heat_flux,67244392448.0,751043.4296875,67243641404.57031,89533.62581515369,365459.008203125,448390.41015625,-82931.40195312502,319281.8849609375,448390.41015625,-129108.52519531251,23,2308.035714285714,70,0.31473214285714285
no_noise,2,cnntf_v2_gap,high_heatflux_val0300,300,859343.9142,823911.625,35432.2892,group_occlusion,heat_flux_change,nan,751043.4296875,nan,nan,nan,nan,nan,nan,nan,nan,153,15075.892857142857,112,0.5022321428571429
no_noise,2,alexnet,near_onb_below_val0060,60,221505.1102,156687.703125,64817.407074999996,integrated_gradients,heat_flux,-1276646.5,12200.421875,-1288846.921875,105.6395373110817,1178046.26328125,150587.5625,1027458.7007812499,766779.26796875,150587.5625,616191.70546875,5,540.1785714285714,112,0.5022321428571429
no_noise,2,alexnet,near_onb_below_val0060,60,221505.1102,156687.703125,64817.407074999996,grad_cam,relative_importance,nan,12200.421875,nan,nan,406452.0671875,150587.5625,255864.5046875,447006.47968750005,150587.5625,296418.91718750005,158,15566.964285714286,215,0.9620535714285714
no_noise,2,alexnet,near_onb_below_val0060,60,221505.1102,156687.703125,64817.407074999996,group_occlusion,heat_flux_change,nan,12200.421875,nan,nan,nan,nan,nan,nan,nan,nan,20,2013.392857142857,56,0.25223214285714285
no_noise,2,alexnet,near_onb_above_val0120,120,427276.195,387438.0625,39838.13250000001,integrated_gradients,heat_flux,-729208320.0,242950.78125,-729451270.78125,3002.4652196143124,2141688.32109375,265962.78125,1875725.5398437502,1732482.67109375,265962.78125,1466519.88984375,23,2308.035714285714,8,0.03794642857142857
no_noise,2,alexnet,near_onb_above_val0120,120,427276.195,387438.0625,39838.13250000001,grad_cam,relative_importance,nan,242950.78125,nan,nan,1084006.06171875,265962.78125,818043.28046875,1224310.48984375,265962.78125,958347.7085937499,0,49.107142857142854,0,0.002232142857142857
no_noise,2,alexnet,near_onb_above_val0120,120,427276.195,387438.0625,39838.13250000001,group_occlusion,heat_flux_change,nan,242950.78125,nan,nan,nan,nan,nan,nan,nan,nan,51,5058.035714285715,56,0.25223214285714285
no_noise,2,alexnet,false_negative_val0134,134,427276.195,366390.5625,60885.63250000001,integrated_gradients,heat_flux,-3598402304.0,221903.28125,-3598624207.28125,16217.08424954284,2124603.11171875,255439.34375,1869163.76796875,1455760.65859375,255439.34375,1200321.31484375,23,2308.035714285714,170,0.7611607142857143
no_noise,2,alexnet,false_negative_val0134,134,427276.195,366390.5625,60885.63250000001,grad_cam,relative_importance,nan,221903.28125,nan,nan,964612.07109375,255439.34375,709172.72734375,1152174.22109375,255439.34375,896734.8773437501,0,49.107142857142854,0,0.002232142857142857
no_noise,2,alexnet,false_negative_val0134,134,427276.195,366390.5625,60885.63250000001,group_occlusion,heat_flux_change,nan,221903.28125,nan,nan,nan,nan,nan,nan,nan,nan,51,5058.035714285715,56,0.25223214285714285
no_noise,2,alexnet,worst_prediction_val0007,7,181378.003,32905.5859375,148472.4170625,integrated_gradients,heat_flux,-1913224.625,-111581.6953125,-1801642.9296875,16.146402191163606,1293197.516796875,88696.4453125,1204501.071484375,811719.96875,88696.4453125,723023.5234375,10,1031.25,152,0.6808035714285714
no_noise,2,alexnet,worst_prediction_val0007,7,181378.003,32905.5859375,148472.4170625,grad_cam,relative_importance,nan,-111581.6953125,nan,nan,270435.4169921875,88696.4453125,181738.9716796875,402725.95546875,88696.4453125,314029.51015625,177,17433.035714285714,215,0.9620535714285714
no_noise,2,alexnet,worst_prediction_val0007,7,181378.003,32905.5859375,148472.4170625,group_occlusion,heat_flux_change,nan,-111581.6953125,nan,nan,nan,nan,nan,nan,nan,nan,20,2013.392857142857,56,0.25223214285714285
no_noise,2,alexnet,low_heatflux_val0180,180,57593.31665,134004.3125,76410.99585,integrated_gradients,heat_flux,-1894369.75,-10482.96875,-1883886.78125,179.70928142373788,1421648.26015625,139246.0625,1282402.19765625,806781.37421875,139246.0625,667535.31171875,5,540.1785714285714,153,0.6852678571428571
no_noise,2,alexnet,low_heatflux_val0180,180,57593.31665,134004.3125,76410.99585,grad_cam,relative_importance,nan,-10482.96875,nan,nan,263502.40078125,139246.0625,124256.33828124998,464931.03125,139246.0625,325684.96875,158,15566.964285714286,102,0.4575892857142857
no_noise,2,alexnet,low_heatflux_val0180,180,57593.31665,134004.3125,76410.99585,group_occlusion,heat_flux_change,nan,-10482.96875,nan,nan,nan,nan,nan,nan,nan,nan,20,2013.392857142857,56,0.25223214285714285
no_noise,3,rf,near_onb_below_val0180,180,315466.1173,269263.90625,46202.21104999998,group_occlusion,heat_flux_change,nan,44867.375,nan,nan,nan,nan,nan,nan,nan,nan,20,2013.392857142857,0,0.002232142857142857
no_noise,3,rf,near_onb_above_val0240,240,489453.9981,565530.9375,76076.93939999997,group_occlusion,heat_flux_change,nan,341134.40625,nan,nan,nan,nan,nan,nan,nan,nan,20,2013.392857142857,0,0.002232142857142857
no_noise,3,rf,worst_prediction_val0018,18,0.000328047,222683.46875,222683.468421953,group_occlusion,heat_flux_change,nan,-1713.0625,nan,nan,nan,nan,nan,nan,nan,nan,20,2013.392857142857,56,0.25223214285714285
no_noise,3,rf,low_heatflux_val0000,0,0.000328047,106537.8828125,106537.882484453,group_occlusion,heat_flux_change,nan,-117858.6484375,nan,nan,nan,nan,nan,nan,nan,nan,10,1031.25,168,0.7522321428571429
no_noise,3,rf,high_heatflux_val0300,300,698421.296,782907.6875,84486.39150000003,group_occlusion,heat_flux_change,nan,558511.15625,nan,nan,nan,nan,nan,nan,nan,nan,20,2013.392857142857,0,0.002232142857142857
no_noise,3,cnntf_v2_gap,near_onb_below_val0180,180,315466.1173,264708.625,50757.49229999998,integrated_gradients,heat_flux,-4470924.5,182958.421875,-4653882.921875,25.43683353945086,176948.1666015625,173189.6796875,3758.486914062494,245211.157421875,173189.6796875,72021.47773437499,23,2308.035714285714,44,0.19866071428571427
no_noise,3,cnntf_v2_gap,near_onb_below_val0180,180,315466.1173,264708.625,50757.49229999998,group_occlusion,heat_flux_change,nan,182958.421875,nan,nan,nan,nan,nan,nan,nan,nan,153,15075.892857142857,56,0.25223214285714285
no_noise,3,cnntf_v2_gap,near_onb_above_val0240,240,489453.9981,493626.59375,4172.595649999974,integrated_gradients,heat_flux,2287479808.0,411876.390625,2287067931.609375,5552.80172320359,243936.33828125,287668.1328125,-43731.794531249994,319300.354296875,287668.1328125,31632.22148437501,23,2308.035714285714,18,0.08258928571428571
no_noise,3,cnntf_v2_gap,near_onb_above_val0240,240,489453.9981,493626.59375,4172.595649999974,group_occlusion,heat_flux_change,nan,411876.390625,nan,nan,nan,nan,nan,nan,nan,nan,153,15075.892857142857,112,0.5022321428571429
no_noise,3,cnntf_v2_gap,worst_prediction_val0008,8,0.000328047,217528.828125,217528.827796953,integrated_gradients,heat_flux,522357.46875,135778.625,386578.84375,2.8471259283263475,177026.55546875,149627.1796875,27399.37578125001,235399.128515625,149627.1796875,85771.948828125,5,540.1785714285714,165,0.7388392857142857
no_noise,3,cnntf_v2_gap,worst_prediction_val0008,8,0.000328047,217528.828125,217528.827796953,group_occlusion,heat_flux_change,nan,135778.625,nan,nan,nan,nan,nan,nan,nan,nan,153,15075.892857142857,0,0.002232142857142857
no_noise,3,cnntf_v2_gap,low_heatflux_val0000,0,0.000328047,124795.3515625,124795.351234453,integrated_gradients,heat_flux,382249.1875,43045.1484375,339204.0390625,7.880192109338687,146025.3484375,103273.1640625,42752.18437500001,205867.198046875,103273.1640625,102594.03398437501,5,540.1785714285714,93,0.4174107142857143
no_noise,3,cnntf_v2_gap,low_heatflux_val0000,0,0.000328047,124795.3515625,124795.351234453,group_occlusion,heat_flux_change,nan,43045.1484375,nan,nan,nan,nan,nan,nan,nan,nan,153,15075.892857142857,112,0.5022321428571429
no_noise,3,cnntf_v2_gap,high_heatflux_val0300,300,698421.296,724379.0,25957.704000000027,integrated_gradients,heat_flux,17972144128.0,642628.796875,17971501499.203125,27965.602516718256,273290.22421875,403087.1328125,-129796.90859374998,366195.719921875,403087.1328125,-36891.41289062501,23,2308.035714285714,197,0.8816964285714286
no_noise,3,cnntf_v2_gap,high_heatflux_val0300,300,698421.296,724379.0,25957.704000000027,group_occlusion,heat_flux_change,nan,642628.796875,nan,nan,nan,nan,nan,nan,nan,nan,153,15075.892857142857,112,0.5022321428571429
no_noise,3,alexnet,near_onb_below_val0180,180,315466.1173,284175.03125,31291.086049999984,integrated_gradients,heat_flux,-25147032.0,87561.609375,-25234593.609375,288.1924371821769,1096042.31328125,240394.1171875,855648.19609375,946272.060546875,240394.1171875,705877.943359375,22,2209.8214285714284,60,0.2700892857142857
no_noise,3,alexnet,near_onb_below_val0180,180,315466.1173,284175.03125,31291.086049999984,grad_cam,relative_importance,nan,87561.609375,nan,nan,494015.83125,240394.1171875,253621.7140625,581053.8160156249,240394.1171875,340659.6988281249,215,21165.178571428572,0,0.002232142857142857
no_noise,3,alexnet,near_onb_below_val0180,180,315466.1173,284175.03125,31291.086049999984,group_occlusion,heat_flux_change,nan,87561.609375,nan,nan,nan,nan,nan,nan,nan,nan,51,5058.035714285715,56,0.25223214285714285
no_noise,3,alexnet,near_onb_above_val0240,240,489453.9981,460390.34375,29063.654350000026,integrated_gradients,heat_flux,-3675383040.0,263776.921875,-3675646816.921875,13934.679314605506,2155696.0390625,328502.8828125,1827193.15625,1875531.3714843749,328502.8828125,1547028.4886718749,22,2209.8214285714284,18,0.08258928571428571
no_noise,3,alexnet,near_onb_above_val0240,240,489453.9981,460390.34375,29063.654350000026,grad_cam,relative_importance,nan,263776.921875,nan,nan,756695.8828125,328502.8828125,428193.0,1008968.448046875,328502.8828125,680465.565234375,215,21165.178571428572,215,0.9620535714285714
no_noise,3,alexnet,near_onb_above_val0240,240,489453.9981,460390.34375,29063.654350000026,group_occlusion,heat_flux_change,nan,263776.921875,nan,nan,nan,nan,nan,nan,nan,nan,51,5058.035714285715,56,0.25223214285714285
no_noise,3,alexnet,worst_prediction_val0005,5,0.000328047,191504.609375,191504.609046953,integrated_gradients,heat_flux,-246326.46875,-5108.8125,-241217.65625,47.21599319802791,909014.874609375,194059.375,714955.499609375,874227.117578125,194059.375,680167.742578125,9,933.0357142857143,58,0.2611607142857143
no_noise,3,alexnet,worst_prediction_val0005,5,0.000328047,191504.609375,191504.609046953,grad_cam,relative_importance,nan,-5108.8125,nan,nan,491760.373046875,194059.375,297700.998046875,496151.055859375,194059.375,302091.680859375,215,21165.178571428572,215,0.9620535714285714
no_noise,3,alexnet,worst_prediction_val0005,5,0.000328047,191504.609375,191504.609046953,group_occlusion,heat_flux_change,nan,-5108.8125,nan,nan,nan,nan,nan,nan,nan,nan,51,5058.035714285715,56,0.25223214285714285
no_noise,3,alexnet,low_heatflux_val0000,0,0.000328047,156485.5,156485.499671953,integrated_gradients,heat_flux,-408753.34375,-40127.921875,-368625.421875,9.186257464896443,1172724.25390625,176549.3671875,996174.88671875,886392.482421875,176549.3671875,709843.115234375,10,1031.25,42,0.18973214285714285
no_noise,3,alexnet,low_heatflux_val0000,0,0.000328047,156485.5,156485.499671953,grad_cam,relative_importance,nan,-40127.921875,nan,nan,339324.15546875005,176549.3671875,162774.78828125005,430188.851171875,176549.3671875,253639.48398437502,215,21165.178571428572,215,0.9620535714285714
no_noise,3,alexnet,low_heatflux_val0000,0,0.000328047,156485.5,156485.499671953,group_occlusion,heat_flux_change,nan,-40127.921875,nan,nan,nan,nan,nan,nan,nan,nan,51,5058.035714285715,56,0.25223214285714285
no_noise,3,alexnet,high_heatflux_val0300,300,698421.296,686102.875,12318.420999999973,integrated_gradients,heat_flux,-24796946432.0,489489.453125,-24797435921.453125,50659.79616749914,2984132.71015625,441358.6796875,2542774.03046875,2262985.344921875,441358.6796875,1821626.6652343748,23,2308.035714285714,16,0.07366071428571429
no_noise,3,alexnet,high_heatflux_val0300,300,698421.296,686102.875,12318.420999999973,grad_cam,relative_importance,nan,489489.453125,nan,nan,961787.7820312501,441358.6796875,520429.10234375007,1443794.748046875,441358.6796875,1002436.068359375,215,21165.178571428572,215,0.9620535714285714
no_noise,3,alexnet,high_heatflux_val0300,300,698421.296,686102.875,12318.420999999973,group_occlusion,heat_flux_change,nan,489489.453125,nan,nan,nan,nan,nan,nan,nan,nan,51,5058.035714285715,0,0.002232142857142857
0,1,rf,near_onb_below_val0120,120,266907.6965,66220.71875,200686.97775000002,group_occlusion,heat_flux_change,nan,-97579.421875,nan,nan,nan,nan,nan,nan,nan,nan,20,2013.392857142857,56,0.25223214285714285
0,1,rf,near_onb_above_val0180,180,368978.105,402202.40625,33224.30125000002,group_occlusion,heat_flux_change,nan,238402.265625,nan,nan,nan,nan,nan,nan,nan,nan,20,2013.392857142857,56,0.25223214285714285
0,1,rf,false_negative_val0237,237,368978.105,275444.15625,93533.94874999998,group_occlusion,heat_flux_change,nan,111644.015625,nan,nan,nan,nan,nan,nan,nan,nan,20,2013.392857142857,0,0.002232142857142857
0,1,rf,worst_prediction_val0135,135,266907.6965,61001.53125,205906.16525000002,group_occlusion,heat_flux_change,nan,-102798.609375,nan,nan,nan,nan,nan,nan,nan,nan,20,2013.392857142857,56,0.25223214285714285
0,1,rf,low_heatflux_val0060,60,20979.71604,86096.1640625,65116.4480225,group_occlusion,heat_flux_change,nan,-77703.9765625,nan,nan,nan,nan,nan,nan,nan,nan,20,2013.392857142857,168,0.7522321428571429
0,1,cnntf_v2_gap,near_onb_below_val0120,120,266907.6965,176910.859375,89996.83712500002,integrated_gradients,heat_flux,-6969408.0,-133949.484375,-6835458.515625,51.030121896465864,190620.125,243892.5390625,-53272.4140625,187116.00703125,243892.5390625,-56776.53203125001,139,13700.892857142857,143,0.640625
0,1,cnntf_v2_gap,near_onb_below_val0120,120,266907.6965,176910.859375,89996.83712500002,group_occlusion,heat_flux_change,nan,-133949.484375,nan,nan,nan,nan,nan,nan,nan,nan,20,2013.392857142857,168,0.7522321428571429
0,1,cnntf_v2_gap,near_onb_above_val0180,180,368978.105,395394.625,26416.52000000002,integrated_gradients,heat_flux,42809960.0,84534.28125,42725425.71875,505.4212928408852,308292.6703125,353156.078125,-44863.40781250002,273984.46484375,353156.078125,-79171.61328125,22,2209.8214285714284,2,0.011160714285714286
0,1,cnntf_v2_gap,near_onb_above_val0180,180,368978.105,395394.625,26416.52000000002,group_occlusion,heat_flux_change,nan,84534.28125,nan,nan,nan,nan,nan,nan,nan,nan,153,15075.892857142857,112,0.5022321428571429
0,1,cnntf_v2_gap,false_negative_val0230,230,368978.105,259186.453125,109791.65187499998,integrated_gradients,heat_flux,-323758528.0,-51673.890625,-323706854.109375,6264.418068663182,238961.753515625,285015.9453125,-46054.191796875006,208513.59609375,285015.9453125,-76502.34921875,23,2308.035714285714,140,0.6272321428571429
0,1,cnntf_v2_gap,false_negative_val0230,230,368978.105,259186.453125,109791.65187499998,group_occlusion,heat_flux_change,nan,-51673.890625,nan,nan,nan,nan,nan,nan,nan,nan,20,2013.392857142857,168,0.7522321428571429
0,1,cnntf_v2_gap,worst_prediction_val0133,133,266907.6965,27086.4609375,239821.23556250002,integrated_gradients,heat_flux,-9477035.0,-283773.8828125,-9193261.1171875,32.39643136314215,157743.2962890625,168935.58203125,-11192.285742187494,148904.3716796875,168935.58203125,-20031.210351562506,139,13700.892857142857,165,0.7388392857142857
0,1,cnntf_v2_gap,worst_prediction_val0133,133,266907.6965,27086.4609375,239821.23556250002,group_occlusion,heat_flux_change,nan,-283773.8828125,nan,nan,nan,nan,nan,nan,nan,nan,20,2013.392857142857,168,0.7522321428571429
0,1,cnntf_v2_gap,low_heatflux_val0060,60,20979.71604,92230.78125,71251.06521,integrated_gradients,heat_flux,-6400989.0,-218629.5625,-6182359.4375,28.27778351109311,176478.5125,201551.25,-25072.73749999999,178820.228125,201551.25,-22731.021875000006,139,13700.892857142857,143,0.640625
0,1,cnntf_v2_gap,low_heatflux_val0060,60,20979.71604,92230.78125,71251.06521,group_occlusion,heat_flux_change,nan,-218629.5625,nan,nan,nan,nan,nan,nan,nan,nan,20,2013.392857142857,168,0.7522321428571429
0,1,alexnet,near_onb_below_val0120,120,266907.6965,88685.6953125,178222.00118750002,integrated_gradients,heat_flux,-857407.5,-237297.6796875,-620109.8203125,2.6132148495051855,1605137.7259765626,207334.51953125,1397803.2064453126,1192508.822265625,207334.51953125,985174.302734375,138,13602.67857142857,145,0.6495535714285714
0,1,alexnet,near_onb_below_val0120,120,266907.6965,88685.6953125,178222.00118750002,grad_cam,relative_importance,nan,-237297.6796875,nan,nan,989086.7404296875,207334.51953125,781752.2208984375,859754.155078125,207334.51953125,652419.635546875,215,21165.178571428572,215,0.9620535714285714
0,1,alexnet,near_onb_below_val0120,120,266907.6965,88685.6953125,178222.00118750002,group_occlusion,heat_flux_change,nan,-237297.6796875,nan,nan,nan,nan,nan,nan,nan,nan,10,1031.25,56,0.25223214285714285
0,1,alexnet,near_onb_above_val0180,180,368978.105,387017.96875,18039.86375000002,integrated_gradients,heat_flux,-618185536.0,61034.59375,-618246570.59375,10129.445165574645,2568572.1296875,356500.90625,2212071.2234375,1928349.6062500002,356500.90625,1571848.7000000002,22,2209.8214285714284,117,0.5245535714285714
0,1,alexnet,near_onb_above_val0180,180,368978.105,387017.96875,18039.86375000002,grad_cam,relative_importance,nan,61034.59375,nan,nan,1351606.5578125,356500.90625,995105.6515625,1176738.996875,356500.90625,820238.090625,0,49.107142857142854,215,0.9620535714285714
0,1,alexnet,near_onb_above_val0180,180,368978.105,387017.96875,18039.86375000002,group_occlusion,heat_flux_change,nan,61034.59375,nan,nan,nan,nan,nan,nan,nan,nan,10,1031.25,56,0.25223214285714285
0,1,alexnet,false_negative_val0230,230,368978.105,273692.0,95286.10499999998,integrated_gradients,heat_flux,84952784.0,-52291.375,85005075.375,1625.6041340469628,1620967.76171875,299837.796875,1321129.96484375,1237000.8390624998,299837.796875,937163.0421874998,23,2308.035714285714,120,0.5379464285714286
0,1,alexnet,false_negative_val0230,230,368978.105,273692.0,95286.10499999998,grad_cam,relative_importance,nan,-52291.375,nan,nan,1296894.73671875,299837.796875,997056.9398437501,1146473.2390625,299837.796875,846635.4421875,215,21165.178571428572,215,0.9620535714285714
0,1,alexnet,false_negative_val0230,230,368978.105,273692.0,95286.10499999998,group_occlusion,heat_flux_change,nan,-52291.375,nan,nan,nan,nan,nan,nan,nan,nan,10,1031.25,56,0.25223214285714285
0,1,alexnet,worst_prediction_val0128,128,266907.6965,-21666.935546875,288574.632046875,integrated_gradients,heat_flux,1497054.25,-347650.310546875,1844704.560546875,5.306207141437737,1492282.9596191407,152158.1298828125,1340124.8297363282,1088084.1336914063,152158.1298828125,935926.0038085938,138,13602.67857142857,129,0.578125
0,1,alexnet,worst_prediction_val0128,128,266907.6965,-21666.935546875,288574.632046875,grad_cam,relative_importance,nan,-347650.310546875,nan,nan,645637.7542480469,152158.1298828125,493479.6243652344,609443.8508789062,152158.1298828125,457285.7209960937,215,21165.178571428572,215,0.9620535714285714
0,1,alexnet,worst_prediction_val0128,128,266907.6965,-21666.935546875,288574.632046875,group_occlusion,heat_flux_change,nan,-347650.310546875,nan,nan,nan,nan,nan,nan,nan,nan,10,1031.25,56,0.25223214285714285
0,1,alexnet,low_heatflux_val0060,60,20979.71604,9661.7646484375,11317.9513915625,integrated_gradients,heat_flux,-690366.9375,-316321.6103515625,-374045.3271484375,1.1824842657215875,1599093.7948242188,167822.521484375,1431271.2733398438,1188411.3326171874,167822.521484375,1020588.8111328124,7,736.6071428571429,145,0.6495535714285714
0,1,alexnet,low_heatflux_val0060,60,20979.71604,9661.7646484375,11317.9513915625,grad_cam,relative_importance,nan,-316321.6103515625,nan,nan,699266.8638671875,167822.521484375,531444.3423828125,845187.2904296875,167822.521484375,677364.7689453125,215,21165.178571428572,140,0.6272321428571429
0,1,alexnet,low_heatflux_val0060,60,20979.71604,9661.7646484375,11317.9513915625,group_occlusion,heat_flux_change,nan,-316321.6103515625,nan,nan,nan,nan,nan,nan,nan,nan,10,1031.25,56,0.25223214285714285
0,2,rf,near_onb_below_val0060,60,221505.1102,58533.77734375,162971.33285625,group_occlusion,heat_flux_change,nan,-131042.19140625,nan,nan,nan,nan,nan,nan,nan,nan,5,540.1785714285714,112,0.5022321428571429
0,2,rf,near_onb_above_val0120,120,427276.195,389616.71875,37659.47625000001,group_occlusion,heat_flux_change,nan,200040.75,nan,nan,nan,nan,nan,nan,nan,nan,20,2013.392857142857,0,0.002232142857142857
0,2,rf,worst_prediction_val0185,185,57593.31665,240659.03125,183065.7146,group_occlusion,heat_flux_change,nan,51083.0625,nan,nan,nan,nan,nan,nan,nan,nan,20,2013.392857142857,112,0.5022321428571429
0,2,rf,low_heatflux_val0180,180,57593.31665,53267.34765625,4325.968993750001,group_occlusion,heat_flux_change,nan,-136308.62109375,nan,nan,nan,nan,nan,nan,nan,nan,5,540.1785714285714,112,0.5022321428571429
0,2,rf,high_heatflux_val0300,300,859343.9142,746651.1875,112692.7267,group_occlusion,heat_flux_change,nan,557075.21875,nan,nan,nan,nan,nan,nan,nan,nan,20,2013.392857142857,56,0.25223214285714285
0,2,cnntf_v2_gap,near_onb_below_val0060,60,221505.1102,204442.71875,17062.391449999996,integrated_gradients,heat_flux,-3326587.5,-36866.484375,-3289721.015625,89.23338016618244,210994.8298828125,222883.7421875,-11888.912304687488,204197.032421875,222883.7421875,-18686.70976562501,139,13700.892857142857,143,0.640625
0,2,cnntf_v2_gap,near_onb_below_val0060,60,221505.1102,204442.71875,17062.391449999996,group_occlusion,heat_flux_change,nan,-36866.484375,nan,nan,nan,nan,nan,nan,nan,nan,20,2013.392857142857,168,0.7522321428571429
0,2,cnntf_v2_gap,near_onb_above_val0120,120,427276.195,403077.21875,24198.976250000007,integrated_gradients,heat_flux,1333616512.0,161768.015625,1333454743.984375,8243.006127215545,412006.23828125,322188.3515625,89817.88671875,259535.603125,322188.3515625,-62652.748437500006,23,2308.035714285714,7,0.033482142857142856
0,2,cnntf_v2_gap,near_onb_above_val0120,120,427276.195,403077.21875,24198.976250000007,group_occlusion,heat_flux_change,nan,161768.015625,nan,nan,nan,nan,nan,nan,nan,nan,20,2013.392857142857,168,0.7522321428571429
0,2,cnntf_v2_gap,worst_prediction_val0048,48,181378.003,62519.1875,118858.8155,integrated_gradients,heat_flux,-8593306.0,-178790.015625,-8414515.984375,47.06367945078029,228435.5486328125,151944.68359375,76490.86503906251,166784.9734375,151944.68359375,14840.289843750012,139,13700.892857142857,141,0.6316964285714286
0,2,cnntf_v2_gap,worst_prediction_val0048,48,181378.003,62519.1875,118858.8155,group_occlusion,heat_flux_change,nan,-178790.015625,nan,nan,nan,nan,nan,nan,nan,nan,20,2013.392857142857,56,0.25223214285714285
0,2,cnntf_v2_gap,low_heatflux_val0180,180,57593.31665,103980.1875,46386.87085,integrated_gradients,heat_flux,-2945048.25,-137329.015625,-2807719.234375,20.445200321263133,248473.8734375,172596.45703125,75877.41640625,176625.733984375,172596.45703125,4029.276953124994,139,13700.892857142857,143,0.640625
0,2,cnntf_v2_gap,low_heatflux_val0180,180,57593.31665,103980.1875,46386.87085,group_occlusion,heat_flux_change,nan,-137329.015625,nan,nan,nan,nan,nan,nan,nan,nan,20,2013.392857142857,56,0.25223214285714285
0,2,cnntf_v2_gap,high_heatflux_val0300,300,859343.9142,824710.375,34633.5392,integrated_gradients,heat_flux,37903306752.0,583401.171875,37902723350.828125,64968.54167949665,520428.83671875,533040.4453125,-12611.608593749988,357047.3912109375,533040.4453125,-175993.05410156248,23,2308.035714285714,69,0.31026785714285715
0,2,cnntf_v2_gap,high_heatflux_val0300,300,859343.9142,824710.375,34633.5392,group_occlusion,heat_flux_change,nan,583401.171875,nan,nan,nan,nan,nan,nan,nan,nan,153,15075.892857142857,112,0.5022321428571429
0,2,alexnet,near_onb_below_val0060,60,221505.1102,137808.5625,83696.5477,integrated_gradients,heat_flux,7342311.0,-392732.75,7735043.75,19.695438564774648,2099373.43984375,334174.953125,1765198.48671875,1626184.9125,334174.953125,1292009.959375,138,13602.67857142857,144,0.6450892857142857
0,2,alexnet,near_onb_below_val0060,60,221505.1102,137808.5625,83696.5477,grad_cam,relative_importance,nan,-392732.75,nan,nan,1261295.28359375,334174.953125,927120.3304687501,1289939.275,334174.953125,955764.3218749999,215,21165.178571428572,215,0.9620535714285714
0,2,alexnet,near_onb_below_val0060,60,221505.1102,137808.5625,83696.5477,group_occlusion,heat_flux_change,nan,-392732.75,nan,nan,nan,nan,nan,nan,nan,nan,10,1031.25,56,0.25223214285714285
0,2,alexnet,near_onb_above_val0120,120,427276.195,369415.5,57860.69500000001,integrated_gradients,heat_flux,1591246080.0,-161125.8125,1591407205.8125,9876.798640270626,3361879.72265625,449978.796875,2911900.92578125,2322200.890625,449978.796875,1872222.09375,23,2308.035714285714,8,0.03794642857142857
0,2,alexnet,near_onb_above_val0120,120,427276.195,369415.5,57860.69500000001,grad_cam,relative_importance,nan,-161125.8125,nan,nan,1417739.73515625,449978.796875,967760.93828125,1577278.646875,449978.796875,1127299.85,215,21165.178571428572,215,0.9620535714285714
0,2,alexnet,near_onb_above_val0120,120,427276.195,369415.5,57860.69500000001,group_occlusion,heat_flux_change,nan,-161125.8125,nan,nan,nan,nan,nan,nan,nan,nan,10,1031.25,56,0.25223214285714285
0,2,alexnet,false_negative_val0132,132,427276.195,362736.21875,64539.97625000001,integrated_gradients,heat_flux,821699520.0,-167805.09375,821867325.09375,4897.7495660423,3336671.6609375,446639.0625,2890032.5984375,2267546.9421875,446639.0625,1820907.8796875002,23,2308.035714285714,112,0.5022321428571429
0,2,alexnet,false_negative_val0132,132,427276.195,362736.21875,64539.97625000001,grad_cam,relative_importance,nan,-167805.09375,nan,nan,1993926.8359375,446639.0625,1547287.7734375,1994296.4296875,446639.0625,1547657.3671875,215,21165.178571428572,215,0.9620535714285714
0,2,alexnet,false_negative_val0132,132,427276.195,362736.21875,64539.97625000001,group_occlusion,heat_flux_change,nan,-167805.09375,nan,nan,nan,nan,nan,nan,nan,nan,10,1031.25,56,0.25223214285714285
0,2,alexnet,worst_prediction_val0006,6,181378.003,-20118.830078125,201496.833078125,integrated_gradients,heat_flux,952885.5,-550660.142578125,1503545.642578125,2.7304421117873248,2153940.335644531,255211.119140625,1898729.216503906,1610921.5705078125,255211.11914062503,1355710.4513671875,138,13602.67857142857,114,0.5111607142857143
0,2,alexnet,worst_prediction_val0006,6,181378.003,-20118.830078125,201496.833078125,grad_cam,relative_importance,nan,-550660.142578125,nan,nan,1000528.3133789062,255211.119140625,745317.1942382812,1011459.6970703125,255211.11914062503,756248.5779296875,215,21165.178571428572,215,0.9620535714285714
0,2,alexnet,worst_prediction_val0006,6,181378.003,-20118.830078125,201496.833078125,group_occlusion,heat_flux_change,nan,-550660.142578125,nan,nan,nan,nan,nan,nan,nan,nan,10,1031.25,56,0.25223214285714285
0,2,alexnet,low_heatflux_val0180,180,57593.31665,109639.0625,52045.74585,integrated_gradients,heat_flux,6991093.0,-420902.25,7411995.25,17.609778161081344,2421112.972265625,320090.1640625,2101022.808203125,1588078.77421875,320090.1640625,1267988.61015625,138,13602.67857142857,144,0.6450892857142857
0,2,alexnet,low_heatflux_val0180,180,57593.31665,109639.0625,52045.74585,grad_cam,relative_importance,nan,-420902.25,nan,nan,999638.666015625,320090.1640625,679548.501953125,1297072.63671875,320090.1640625,976982.47265625,215,21165.178571428572,215,0.9620535714285714
0,2,alexnet,low_heatflux_val0180,180,57593.31665,109639.0625,52045.74585,group_occlusion,heat_flux_change,nan,-420902.25,nan,nan,nan,nan,nan,nan,nan,nan,10,1031.25,56,0.25223214285714285
0,3,rf,near_onb_below_val0180,180,315466.1173,266046.34375,49419.77354999998,group_occlusion,heat_flux_change,nan,46400.15625,nan,nan,nan,nan,nan,nan,nan,nan,20,2013.392857142857,112,0.5022321428571429
0,3,rf,near_onb_above_val0240,240,489453.9981,564300.0,74846.00189999997,group_occlusion,heat_flux_change,nan,344653.8125,nan,nan,nan,nan,nan,nan,nan,nan,20,2013.392857142857,0,0.002232142857142857
0,3,rf,worst_prediction_val0040,40,0.000328047,215283.0,215282.999671953,group_occlusion,heat_flux_change,nan,-4363.1875,nan,nan,nan,nan,nan,nan,nan,nan,51,5058.035714285715,56,0.25223214285714285
0,3,rf,low_heatflux_val0000,0,0.000328047,94631.109375,94631.109046953,group_occlusion,heat_flux_change,nan,-125015.078125,nan,nan,nan,nan,nan,nan,nan,nan,5,540.1785714285714,56,0.25223214285714285
0,3,rf,high_heatflux_val0300,300,698421.296,785668.875,87247.57900000003,group_occlusion,heat_flux_change,nan,566022.6875,nan,nan,nan,nan,nan,nan,nan,nan,20,2013.392857142857,0,0.002232142857142857
0,3,cnntf_v2_gap,near_onb_below_val0180,180,315466.1173,277549.25,37916.86729999998,integrated_gradients,heat_flux,-9270419.0,130203.3125,-9400622.3125,72.19956337516375,265976.144921875,212429.359375,53546.78554687498,302714.0015625,212429.359375,90284.64218750002,23,2308.035714285714,60,0.2700892857142857
0,3,cnntf_v2_gap,near_onb_below_val0180,180,315466.1173,277549.25,37916.86729999998,group_occlusion,heat_flux_change,nan,130203.3125,nan,nan,nan,nan,nan,nan,nan,nan,102,10066.964285714286,168,0.7522321428571429
0,3,cnntf_v2_gap,near_onb_above_val0240,240,489453.9981,475324.28125,14129.716850000026,integrated_gradients,heat_flux,-2020967936.0,327978.34375,-2021295914.34375,6162.894449776457,326891.484375,311352.578125,15538.90625,324696.31015625,311352.578125,13343.732031250023,22,2209.8214285714284,18,0.08258928571428571
0,3,cnntf_v2_gap,near_onb_above_val0240,240,489453.9981,475324.28125,14129.716850000026,group_occlusion,heat_flux_change,nan,327978.34375,nan,nan,nan,nan,nan,nan,nan,nan,102,10066.964285714286,168,0.7522321428571429
0,3,cnntf_v2_gap,worst_prediction_val0041,41,0.000328047,274929.5,274929.499671953,integrated_gradients,heat_flux,-200604.28125,127583.5625,-328187.84375,2.5723364148104895,244389.298828125,211145.28125,33244.017578125,298252.48515625,211145.28125,87107.20390625001,138,13602.67857142857,215,0.9620535714285714
0,3,cnntf_v2_gap,worst_prediction_val0041,41,0.000328047,274929.5,274929.499671953,group_occlusion,heat_flux_change,nan,127583.5625,nan,nan,nan,nan,nan,nan,nan,nan,102,10066.964285714286,168,0.7522321428571429
0,3,cnntf_v2_gap,low_heatflux_val0000,0,0.000328047,160196.90625,160196.905921953,integrated_gradients,heat_flux,-5660146.0,12850.96875,-5672996.96875,441.44508317709506,239304.43828125,153769.5,85534.93828125001,265527.7796875,153769.5,111758.27968749998,139,13700.892857142857,145,0.6495535714285714
0,3,cnntf_v2_gap,low_heatflux_val0000,0,0.000328047,160196.90625,160196.905921953,group_occlusion,heat_flux_change,nan,12850.96875,nan,nan,nan,nan,nan,nan,nan,nan,51,5058.035714285715,112,0.5022321428571429
0,3,cnntf_v2_gap,high_heatflux_val0300,300,698421.296,727916.5625,29495.266500000027,integrated_gradients,heat_flux,-24851853312.0,580570.625,-24852433882.625,42806.90894863136,386634.60546875,437608.96875,-50974.36328125,376474.65625,437608.96875,-61134.3125,23,2308.035714285714,199,0.890625
0,3,cnntf_v2_gap,high_heatflux_val0300,300,698421.296,727916.5625,29495.266500000027,group_occlusion,heat_flux_change,nan,580570.625,nan,nan,nan,nan,nan,nan,nan,nan,102,10066.964285714286,112,0.5022321428571429
0,3,alexnet,near_onb_below_val0180,180,315466.1173,281645.125,33820.99229999998,integrated_gradients,heat_flux,-10646470.0,-28965.875,-10617504.125,366.55216267418126,1263066.459375,296128.1875,966938.2718750001,1307726.94375,296128.1875,1011598.7562500001,23,2308.035714285714,19,0.08705357142857142
0,3,alexnet,near_onb_below_val0180,180,315466.1173,281645.125,33820.99229999998,grad_cam,relative_importance,nan,-28965.875,nan,nan,826581.2859375,296128.1875,530453.0984375,716131.559375,296128.1875,420003.37187499995,215,21165.178571428572,0,0.002232142857142857
0,3,alexnet,near_onb_below_val0180,180,315466.1173,281645.125,33820.99229999998,group_occlusion,heat_flux_change,nan,-28965.875,nan,nan,nan,nan,nan,nan,nan,nan,10,1031.25,56,0.25223214285714285
0,3,alexnet,near_onb_above_val0240,240,489453.9981,470543.9375,18910.060600000026,integrated_gradients,heat_flux,3261344512.0,159932.9375,3261184579.0625,20390.950294791528,2565831.8859375,390577.71875,2175254.1671875,2029608.4906249999,390577.71875,1639030.7718749999,23,2308.035714285714,18,0.08258928571428571
0,3,alexnet,near_onb_above_val0240,240,489453.9981,470543.9375,18910.060600000026,grad_cam,relative_importance,nan,159932.9375,nan,nan,1263659.4390625,390577.71875,873081.7203124999,1135060.4375,390577.71875,744482.71875,139,13700.892857142857,0,0.002232142857142857
0,3,alexnet,near_onb_above_val0240,240,489453.9981,470543.9375,18910.060600000026,group_occlusion,heat_flux_change,nan,159932.9375,nan,nan,nan,nan,nan,nan,nan,nan,10,1031.25,56,0.25223214285714285
0,3,alexnet,worst_prediction_val0043,43,0.000328047,267007.875,267007.874671953,integrated_gradients,heat_flux,1831887.75,-43603.125,1875490.875,43.01276284669964,1108831.93984375,288809.515625,820022.4242187501,1170328.0765625,288809.515625,881518.5609375001,138,13602.67857142857,18,0.08258928571428571
0,3,alexnet,worst_prediction_val0043,43,0.000328047,267007.875,267007.874671953,grad_cam,relative_importance,nan,-43603.125,nan,nan,703600.06796875,288809.515625,414790.55234375,582738.078125,288809.515625,293928.5625,215,21165.178571428572,215,0.9620535714285714
0,3,alexnet,worst_prediction_val0043,43,0.000328047,267007.875,267007.874671953,group_occlusion,heat_flux_change,nan,-43603.125,nan,nan,nan,nan,nan,nan,nan,nan,20,2013.392857142857,56,0.25223214285714285
0,3,alexnet,low_heatflux_val0000,0,0.000328047,100050.4453125,100050.444984453,integrated_gradients,heat_flux,3145140.5,-210560.5546875,3355701.0546875,15.93698810144098,1157282.523046875,205330.6484375,951951.8746093749,1289034.67421875,205330.6484375,1083704.02578125,138,13602.67857142857,144,0.6450892857142857
0,3,alexnet,low_heatflux_val0000,0,0.000328047,100050.4453125,100050.444984453,grad_cam,relative_importance,nan,-210560.5546875,nan,nan,784799.799609375,205330.6484375,579469.151171875,567949.36953125,205330.6484375,362618.72109375,215,21165.178571428572,215,0.9620535714285714
0,3,alexnet,low_heatflux_val0000,0,0.000328047,100050.4453125,100050.444984453,group_occlusion,heat_flux_change,nan,-210560.5546875,nan,nan,nan,nan,nan,nan,nan,nan,10,1031.25,56,0.25223214285714285
0,3,alexnet,high_heatflux_val0300,300,698421.296,717180.6875,18759.391500000027,integrated_gradients,heat_flux,32236834816.0,406569.6875,32236428246.3125,79288.81379360703,3052803.021875,513897.0625,2538905.959375,2505146.93125,513897.0625,1991249.86875,23,2308.035714285714,16,0.07366071428571429
0,3,alexnet,high_heatflux_val0300,300,698421.296,717180.6875,18759.391500000027,grad_cam,relative_importance,nan,406569.6875,nan,nan,1134629.7375,513897.0625,620732.675,1477159.228125,513897.0625,963262.1656249999,158,15566.964285714286,0,0.002232142857142857
0,3,alexnet,high_heatflux_val0300,300,698421.296,717180.6875,18759.391500000027,group_occlusion,heat_flux_change,nan,406569.6875,nan,nan,nan,nan,nan,nan,nan,nan,51,5058.035714285715,56,0.25223214285714285
-4,1,rf,near_onb_below_val0120,120,266907.6965,70665.125,196242.57150000002,group_occlusion,heat_flux_change,nan,-99612.09375,nan,nan,nan,nan,nan,nan,nan,nan,20,2013.392857142857,112,0.5022321428571429
-4,1,rf,near_onb_above_val0180,180,368978.105,364539.3125,4438.792499999981,group_occlusion,heat_flux_change,nan,194262.09375,nan,nan,nan,nan,nan,nan,nan,nan,20,2013.392857142857,56,0.25223214285714285
-4,1,rf,false_negative_val0237,237,368978.105,285394.6875,83583.41749999998,group_occlusion,heat_flux_change,nan,115117.46875,nan,nan,nan,nan,nan,nan,nan,nan,20,2013.392857142857,0,0.002232142857142857
-4,1,rf,low_heatflux_val0060,60,20979.71604,93261.4765625,72281.7605225,group_occlusion,heat_flux_change,nan,-77015.7421875,nan,nan,nan,nan,nan,nan,nan,nan,5,540.1785714285714,0,0.002232142857142857
-4,1,rf,high_heatflux_val0300,300,776647.2223,688698.9375,87948.28480000002,group_occlusion,heat_flux_change,nan,518421.71875,nan,nan,nan,nan,nan,nan,nan,nan,20,2013.392857142857,56,0.25223214285714285
-4,1,cnntf_v2_gap,near_onb_below_val0120,120,266907.6965,171279.625,95628.07150000002,integrated_gradients,heat_flux,5987105.0,-208353.1875,6195458.1875,29.735365519665976,303598.18671875,275503.078125,28095.10859374999,333707.79375,275503.078125,58204.71562500001,139,13700.892857142857,145,0.6495535714285714
-4,1,cnntf_v2_gap,near_onb_below_val0120,120,266907.6965,171279.625,95628.07150000002,group_occlusion,heat_flux_change,nan,-208353.1875,nan,nan,nan,nan,nan,nan,nan,nan,5,540.1785714285714,168,0.7522321428571429
-4,1,cnntf_v2_gap,near_onb_above_val0180,180,368978.105,412358.0625,43379.95750000002,integrated_gradients,heat_flux,521505952.0,32725.25,521473226.75,15934.889015362754,333947.14921875,396014.421875,-62067.27265624999,340867.67421875,396014.421875,-55146.74765625002,22,2209.8214285714284,86,0.3861607142857143
-4,1,cnntf_v2_gap,near_onb_above_val0180,180,368978.105,412358.0625,43379.95750000002,group_occlusion,heat_flux_change,nan,32725.25,nan,nan,nan,nan,nan,nan,nan,nan,51,5058.035714285715,112,0.5022321428571429
-4,1,cnntf_v2_gap,false_negative_val0230,230,368978.105,241638.53125,127339.57374999998,integrated_gradients,heat_flux,157645904.0,-137994.28125,157783898.28125,1143.4089648642596,302491.592578125,310683.9921875,-8192.399609374988,290403.33359375,310683.9921875,-20280.658593749977,23,2308.035714285714,138,0.6183035714285714
-4,1,cnntf_v2_gap,false_negative_val0230,230,368978.105,241638.53125,127339.57374999998,group_occlusion,heat_flux_change,nan,-137994.28125,nan,nan,nan,nan,nan,nan,nan,nan,20,2013.392857142857,56,0.25223214285714285
-4,1,cnntf_v2_gap,worst_prediction_val0128,128,266907.6965,35661.92578125,231245.77071875002,integrated_gradients,heat_flux,-7562541.5,-343970.88671875,-7218570.61328125,20.985992977898622,322849.4208007812,207678.306640625,115171.11416015623,271159.7845703125,207678.306640625,63481.47792968748,138,13602.67857142857,55,0.24776785714285715
-4,1,cnntf_v2_gap,worst_prediction_val0128,128,266907.6965,35661.92578125,231245.77071875002,group_occlusion,heat_flux_change,nan,-343970.88671875,nan,nan,nan,nan,nan,nan,nan,nan,5,540.1785714285714,112,0.5022321428571429
-4,1,cnntf_v2_gap,low_heatflux_val0060,60,20979.71604,59689.2109375,38709.4948975,integrated_gradients,heat_flux,5892401.5,-319943.6015625,6212345.1015625,19.41700059392792,316437.60283203126,219688.556640625,96749.04619140626,273058.3458984375,219688.556640625,53369.78925781249,139,13700.892857142857,145,0.6495535714285714
-4,1,cnntf_v2_gap,low_heatflux_val0060,60,20979.71604,59689.2109375,38709.4948975,group_occlusion,heat_flux_change,nan,-319943.6015625,nan,nan,nan,nan,nan,nan,nan,nan,20,2013.392857142857,168,0.7522321428571429
-4,1,alexnet,near_onb_below_val0120,120,266907.6965,128815.15625,138092.54025000002,integrated_gradients,heat_flux,10316742.0,-140814.0,10457556.0,74.26503046572074,1695207.798046875,199222.1953125,1495985.602734375,1794223.44375,199222.1953125,1595001.2484375,138,13602.67857142857,145,0.6495535714285714
-4,1,alexnet,near_onb_below_val0120,120,266907.6965,128815.15625,138092.54025000002,grad_cam,relative_importance,nan,-140814.0,nan,nan,1213263.369921875,199222.1953125,1014041.174609375,750445.8374999999,199222.1953125,551223.6421874999,215,21165.178571428572,65,0.2924107142857143
-4,1,alexnet,near_onb_below_val0120,120,266907.6965,128815.15625,138092.54025000002,group_occlusion,heat_flux_change,nan,-140814.0,nan,nan,nan,nan,nan,nan,nan,nan,10,1031.25,56,0.25223214285714285
-4,1,alexnet,near_onb_above_val0180,180,368978.105,404026.625,35048.52000000002,integrated_gradients,heat_flux,253905152.0,134397.46875,253770754.53125,1888.2108189351595,2812389.58359375,336828.09375,2475561.48984375,2160633.34296875,336828.09375,1823805.2492187498,23,2308.035714285714,49,0.22098214285714285
-4,1,alexnet,near_onb_above_val0180,180,368978.105,404026.625,35048.52000000002,grad_cam,relative_importance,nan,134397.46875,nan,nan,1616586.45859375,336828.09375,1279758.36484375,1036286.0992187499,336828.09375,699458.0054687499,0,49.107142857142854,0,0.002232142857142857
-4,1,alexnet,near_onb_above_val0180,180,368978.105,404026.625,35048.52000000002,group_occlusion,heat_flux_change,nan,134397.46875,nan,nan,nan,nan,nan,nan,nan,nan,10,1031.25,56,0.25223214285714285
-4,1,alexnet,false_negative_val0230,230,368978.105,239837.8125,129140.29249999998,integrated_gradients,heat_flux,-49738172.0,-29791.34375,-49708380.65625,1668.551142687211,1868021.8191406252,254733.8671875,1613287.9519531252,1907050.2109375,254733.8671875,1652316.34375,23,2308.035714285714,119,0.5334821428571429
-4,1,alexnet,false_negative_val0230,230,368978.105,239837.8125,129140.29249999998,grad_cam,relative_importance,nan,-29791.34375,nan,nan,1204351.331640625,254733.8671875,949617.4644531249,957061.8078125,254733.8671875,702327.940625,215,21165.178571428572,0,0.002232142857142857
-4,1,alexnet,false_negative_val0230,230,368978.105,239837.8125,129140.29249999998,group_occlusion,heat_flux_change,nan,-29791.34375,nan,nan,nan,nan,nan,nan,nan,nan,10,1031.25,56,0.25223214285714285
-4,1,alexnet,worst_prediction_val0135,135,266907.6965,-56529.921875,323437.618375,integrated_gradients,heat_flux,-3438461.0,-326159.078125,-3112301.921875,9.54228206606046,1855975.3778320313,106549.541015625,1749425.8368164063,1575544.1166015626,106549.541015625,1468994.5755859376,138,13602.67857142857,29,0.13169642857142858
-4,1,alexnet,worst_prediction_val0135,135,266907.6965,-56529.921875,323437.618375,grad_cam,relative_importance,nan,-326159.078125,nan,nan,803615.1385742187,106549.541015625,697065.5975585937,774954.6619140625,106549.541015625,668405.1208984375,215,21165.178571428572,0,0.002232142857142857
-4,1,alexnet,worst_prediction_val0135,135,266907.6965,-56529.921875,323437.618375,group_occlusion,heat_flux_change,nan,-326159.078125,nan,nan,nan,nan,nan,nan,nan,nan,10,1031.25,56,0.25223214285714285
-4,1,alexnet,low_heatflux_val0060,60,20979.71604,-6719.70703125,27699.42307125,integrated_gradients,heat_flux,8990081.0,-276348.86328125,9266429.86328125,33.53163734149497,1962236.4977539063,131454.689453125,1830781.8083007813,1847040.4158203125,131454.689453125,1715585.7263671875,138,13602.67857142857,145,0.6495535714285714
-4,1,alexnet,low_heatflux_val0060,60,20979.71604,-6719.70703125,27699.42307125,grad_cam,relative_importance,nan,-276348.86328125,nan,nan,1037735.2266601563,131454.689453125,906280.5372070313,839162.9861328125,131454.689453125,707708.2966796875,215,21165.178571428572,28,0.12723214285714285
-4,1,alexnet,low_heatflux_val0060,60,20979.71604,-6719.70703125,27699.42307125,group_occlusion,heat_flux_change,nan,-276348.86328125,nan,nan,nan,nan,nan,nan,nan,nan,10,1031.25,56,0.25223214285714285
-4,2,rf,near_onb_below_val0060,60,221505.1102,61315.63671875,160189.47348125,group_occlusion,heat_flux_change,nan,-128720.03515625,nan,nan,nan,nan,nan,nan,nan,nan,5,540.1785714285714,112,0.5022321428571429
-4,2,rf,near_onb_above_val0120,120,427276.195,388269.84375,39006.35125000001,group_occlusion,heat_flux_change,nan,198234.171875,nan,nan,nan,nan,nan,nan,nan,nan,20,2013.392857142857,0,0.002232142857142857
-4,2,rf,worst_prediction_val0185,185,57593.31665,233524.65625,175931.3396,group_occlusion,heat_flux_change,nan,43488.984375,nan,nan,nan,nan,nan,nan,nan,nan,20,2013.392857142857,112,0.5022321428571429
-4,2,rf,low_heatflux_val0180,180,57593.31665,75172.4453125,17579.1286625,group_occlusion,heat_flux_change,nan,-114863.2265625,nan,nan,nan,nan,nan,nan,nan,nan,5,540.1785714285714,112,0.5022321428571429
-4,2,rf,high_heatflux_val0300,300,859343.9142,745332.0625,114011.8517,group_occlusion,heat_flux_change,nan,555296.390625,nan,nan,nan,nan,nan,nan,nan,nan,20,2013.392857142857,56,0.25223214285714285
-4,2,cnntf_v2_gap,near_onb_below_val0060,60,221505.1102,151592.1875,69912.9227,integrated_gradients,heat_flux,-21865626.0,29092.09375,-21894718.09375,752.6002865898918,241844.86118164062,137042.6796875,104802.18149414062,300856.76953125,137042.6796875,163814.08984375,139,13700.892857142857,143,0.640625
-4,2,cnntf_v2_gap,near_onb_below_val0060,60,221505.1102,151592.1875,69912.9227,group_occlusion,heat_flux_change,nan,29092.09375,nan,nan,nan,nan,nan,nan,nan,nan,20,2013.392857142857,112,0.5022321428571429
-4,2,cnntf_v2_gap,near_onb_above_val0120,120,427276.195,416135.90625,11140.288750000007,integrated_gradients,heat_flux,947199808.0,293635.8125,946906172.1875,3224.763914611063,409139.2203125,269281.640625,139857.57968750002,388355.3578125,269281.640625,119073.71718749998,23,2308.035714285714,7,0.033482142857142856
-4,2,cnntf_v2_gap,near_onb_above_val0120,120,427276.195,416135.90625,11140.288750000007,group_occlusion,heat_flux_change,nan,293635.8125,nan,nan,nan,nan,nan,nan,nan,nan,153,15075.892857142857,168,0.7522321428571429
-4,2,cnntf_v2_gap,worst_prediction_val0056,56,181378.003,24685.95703125,156692.04596875,integrated_gradients,heat_flux,-8808302.0,-97814.13671875,-8710487.86328125,89.0514209446735,213301.38891601562,73571.22265625,139730.16625976562,264339.194140625,73571.22265625,190767.971484375,138,13602.67857142857,143,0.640625
-4,2,cnntf_v2_gap,worst_prediction_val0056,56,181378.003,24685.95703125,156692.04596875,group_occlusion,heat_flux_change,nan,-97814.13671875,nan,nan,nan,nan,nan,nan,nan,nan,20,2013.392857142857,112,0.5022321428571429
-4,2,cnntf_v2_gap,low_heatflux_val0180,180,57593.31665,157870.125,100276.80835,integrated_gradients,heat_flux,-21221032.0,35370.03125,-21256402.03125,600.9721020885443,259587.52792968752,140223.1328125,119364.39511718752,297180.03671875,140223.1328125,156956.90390625002,139,13700.892857142857,143,0.640625
-4,2,cnntf_v2_gap,low_heatflux_val0180,180,57593.31665,157870.125,100276.80835,group_occlusion,heat_flux_change,nan,35370.03125,nan,nan,nan,nan,nan,nan,nan,nan,20,2013.392857142857,112,0.5022321428571429
-4,2,cnntf_v2_gap,high_heatflux_val0300,300,859343.9142,825369.125,33974.7892,integrated_gradients,heat_flux,44857577472.0,702869.03125,44856874602.96875,63819.67707866451,523213.671875,473950.921875,49262.75,424748.5609375,473950.921875,-49202.36093750002,23,2308.035714285714,70,0.31473214285714285
-4,2,cnntf_v2_gap,high_heatflux_val0300,300,859343.9142,825369.125,33974.7892,group_occlusion,heat_flux_change,nan,702869.03125,nan,nan,nan,nan,nan,nan,nan,nan,153,15075.892857142857,112,0.5022321428571429
-4,2,alexnet,near_onb_below_val0060,60,221505.1102,158651.953125,62853.157074999996,integrated_gradients,heat_flux,-20806696.0,-383803.671875,-20422892.328125,53.211821107267774,1661241.7257812498,350553.828125,1310687.8976562498,1525931.8234375,350553.828125,1175377.9953125,138,13602.67857142857,144,0.6450892857142857
-4,2,alexnet,near_onb_below_val0060,60,221505.1102,158651.953125,62853.157074999996,grad_cam,relative_importance,nan,-383803.671875,nan,nan,1552755.26953125,350553.828125,1202201.44140625,1150011.1578125,350553.828125,799457.3296874999,215,21165.178571428572,215,0.9620535714285714
-4,2,alexnet,near_onb_below_val0060,60,221505.1102,158651.953125,62853.157074999996,group_occlusion,heat_flux_change,nan,-383803.671875,nan,nan,nan,nan,nan,nan,nan,nan,20,2013.392857142857,56,0.25223214285714285
-4,2,alexnet,near_onb_above_val0120,120,427276.195,391846.21875,35429.97625000001,integrated_gradients,heat_flux,4828677120.0,-150609.40625,4828827729.40625,32061.926606302186,2266523.434375,467151.25,1799372.1843750002,1895010.090625,467151.25,1427858.840625,23,2308.035714285714,74,0.3325892857142857
-4,2,alexnet,near_onb_above_val0120,120,427276.195,391846.21875,35429.97625000001,grad_cam,relative_importance,nan,-150609.40625,nan,nan,1847655.153125,467151.25,1380503.903125,1682589.66875,467151.25,1215438.41875,0,49.107142857142854,215,0.9620535714285714
-4,2,alexnet,near_onb_above_val0120,120,427276.195,391846.21875,35429.97625000001,group_occlusion,heat_flux_change,nan,-150609.40625,nan,nan,nan,nan,nan,nan,nan,nan,10,1031.25,56,0.25223214285714285
-4,2,alexnet,false_negative_val0133,133,427276.195,354510.09375,72766.10125,integrated_gradients,heat_flux,1507480960.0,-187945.53125,1507668905.53125,8021.839601633253,2269304.546875,448483.125,1820821.421875,1886093.403125,448483.125,1437610.278125,23,2308.035714285714,164,0.734375
-4,2,alexnet,false_negative_val0133,133,427276.195,354510.09375,72766.10125,grad_cam,relative_importance,nan,-187945.53125,nan,nan,1515552.0875,448483.125,1067068.9625,1697712.021875,448483.125,1249228.896875,0,49.107142857142854,215,0.9620535714285714
-4,2,alexnet,false_negative_val0133,133,427276.195,354510.09375,72766.10125,group_occlusion,heat_flux_change,nan,-187945.53125,nan,nan,nan,nan,nan,nan,nan,nan,10,1031.25,56,0.25223214285714285
-4,2,alexnet,worst_prediction_val0006,6,181378.003,-20163.716796875,201541.719796875,integrated_gradients,heat_flux,-10106116.0,-562619.341796875,-9543496.658203125,16.962617438148182,1470019.005859375,261145.8671875,1208873.138671875,1403737.31796875,261145.86718749997,1142591.45078125,138,13602.67857142857,2,0.011160714285714286
-4,2,alexnet,worst_prediction_val0006,6,181378.003,-20163.716796875,201541.719796875,grad_cam,relative_importance,nan,-562619.341796875,nan,nan,1042752.949609375,261145.8671875,781607.082421875,1003165.17890625,261145.86718749997,742019.31171875,215,21165.178571428572,215,0.9620535714285714
-4,2,alexnet,worst_prediction_val0006,6,181378.003,-20163.716796875,201541.719796875,group_occlusion,heat_flux_change,nan,-562619.341796875,nan,nan,nan,nan,nan,nan,nan,nan,10,1031.25,56,0.25223214285714285
-4,2,alexnet,low_heatflux_val0180,180,57593.31665,111476.5390625,53883.2224125,integrated_gradients,heat_flux,-23494900.0,-430979.0859375,-23063920.9140625,53.51517432427614,1746400.7078125,326966.09375,1419434.6140625,1541698.3937499998,326966.09375,1214732.2999999998,138,13602.67857142857,144,0.6450892857142857
-4,2,alexnet,low_heatflux_val0180,180,57593.31665,111476.5390625,53883.2224125,grad_cam,relative_importance,nan,-430979.0859375,nan,nan,1253435.61875,326966.09375,926469.5249999999,1089195.28125,326966.09375,762229.1875,215,21165.178571428572,215,0.9620535714285714
-4,2,alexnet,low_heatflux_val0180,180,57593.31665,111476.5390625,53883.2224125,group_occlusion,heat_flux_change,nan,-430979.0859375,nan,nan,nan,nan,nan,nan,nan,nan,20,2013.392857142857,56,0.25223214285714285
-4,3,rf,near_onb_below_val0180,180,315466.1173,259593.359375,55872.75792499998,group_occlusion,heat_flux_change,nan,44401.609375,nan,nan,nan,nan,nan,nan,nan,nan,20,2013.392857142857,0,0.002232142857142857
-4,3,rf,near_onb_above_val0240,240,489453.9981,565369.3125,75915.31439999997,group_occlusion,heat_flux_change,nan,350177.5625,nan,nan,nan,nan,nan,nan,nan,nan,20,2013.392857142857,0,0.002232142857142857
-4,3,rf,worst_prediction_val0039,39,0.000328047,210704.765625,210704.765296953,group_occlusion,heat_flux_change,nan,-4486.984375,nan,nan,nan,nan,nan,nan,nan,nan,51,5058.035714285715,56,0.25223214285714285
-4,3,rf,low_heatflux_val0000,0,0.000328047,107011.171875,107011.171546953,group_occlusion,heat_flux_change,nan,-108180.578125,nan,nan,nan,nan,nan,nan,nan,nan,5,540.1785714285714,168,0.7522321428571429
-4,3,rf,high_heatflux_val0300,300,698421.296,783470.9375,85049.64150000003,group_occlusion,heat_flux_change,nan,568279.1875,nan,nan,nan,nan,nan,nan,nan,nan,20,2013.392857142857,0,0.002232142857142857
-4,3,cnntf_v2_gap,near_onb_below_val0180,180,315466.1173,308785.65625,6680.4610499999835,integrated_gradients,heat_flux,-1101714.875,66897.515625,-1168612.390625,17.468696403850945,239148.767578125,275335.5390625,-36186.771484375,290219.38984375,275335.5390625,14883.850781249988,23,2308.035714285714,61,0.27455357142857145
-4,3,cnntf_v2_gap,near_onb_below_val0180,180,315466.1173,308785.65625,6680.4610499999835,group_occlusion,heat_flux_change,nan,66897.515625,nan,nan,nan,nan,nan,nan,nan,nan,102,10066.964285714286,56,0.25223214285714285
-4,3,cnntf_v2_gap,near_onb_above_val0240,240,489453.9981,501374.21875,11920.220649999974,integrated_gradients,heat_flux,-523510784.0,259486.078125,-523770270.078125,2018.490833353355,362267.6796875,371607.0859375,-9339.40625,351530.481640625,371607.0859375,-20076.60429687501,23,2308.035714285714,13,0.060267857142857144
-4,3,cnntf_v2_gap,near_onb_above_val0240,240,489453.9981,501374.21875,11920.220649999974,group_occlusion,heat_flux_change,nan,259486.078125,nan,nan,nan,nan,nan,nan,nan,nan,102,10066.964285714286,56,0.25223214285714285
-4,3,cnntf_v2_gap,worst_prediction_val0033,33,0.000328047,287763.53125,287763.530921953,integrated_gradients,heat_flux,-11533537.0,45875.390625,-11579412.390625,252.4101099275381,219604.978125,264819.5859375,-45214.607812500006,277220.548046875,264819.5859375,12400.962109374988,138,13602.67857142857,198,0.8861607142857143
-4,3,cnntf_v2_gap,worst_prediction_val0033,33,0.000328047,287763.53125,287763.530921953,group_occlusion,heat_flux_change,nan,45875.390625,nan,nan,nan,nan,nan,nan,nan,nan,102,10066.964285714286,0,0.002232142857142857
-4,3,cnntf_v2_gap,low_heatflux_val0000,0,0.000328047,175168.984375,175168.984046953,integrated_gradients,heat_flux,3666021.0,-66719.15625,3732740.15625,55.947052781411635,233477.559375,208534.8515625,24942.70781250001,248742.66640625,208534.8515625,40207.814843750006,138,13602.67857142857,145,0.6495535714285714
-4,3,cnntf_v2_gap,low_heatflux_val0000,0,0.000328047,175168.984375,175168.984046953,group_occlusion,heat_flux_change,nan,-66719.15625,nan,nan,nan,nan,nan,nan,nan,nan,20,2013.392857142857,112,0.5022321428571429
-4,3,cnntf_v2_gap,high_heatflux_val0300,300,698421.296,754552.9375,56131.64150000003,integrated_gradients,heat_flux,-37194911744.0,512664.796875,-37195424408.796875,72553.10806500727,410153.51015625,498229.6015625,-88076.09140625002,372366.13515625,498229.6015625,-125863.46640625002,23,2308.035714285714,197,0.8816964285714286
-4,3,cnntf_v2_gap,high_heatflux_val0300,300,698421.296,754552.9375,56131.64150000003,group_occlusion,heat_flux_change,nan,512664.796875,nan,nan,nan,nan,nan,nan,nan,nan,102,10066.964285714286,112,0.5022321428571429
-4,3,alexnet,near_onb_below_val0180,180,315466.1173,255850.390625,59615.72667499998,integrated_gradients,heat_flux,10388629.0,-105252.046875,10493881.046875,99.7023940003542,1026846.0875,308476.46875,718369.61875,1046592.7328125,308476.46875,738116.2640625,23,2308.035714285714,43,0.19419642857142858
-4,3,alexnet,near_onb_below_val0180,180,315466.1173,255850.390625,59615.72667499998,grad_cam,relative_importance,nan,-105252.046875,nan,nan,776670.109375,308476.46875,468193.640625,662919.20625,308476.46875,354442.73750000005,0,49.107142857142854,215,0.9620535714285714
-4,3,alexnet,near_onb_below_val0180,180,315466.1173,255850.390625,59615.72667499998,group_occlusion,heat_flux_change,nan,-105252.046875,nan,nan,nan,nan,nan,nan,nan,nan,10,1031.25,56,0.25223214285714285
-4,3,alexnet,near_onb_above_val0240,240,489453.9981,480748.59375,8705.404350000026,integrated_gradients,heat_flux,8991284224.0,119646.15625,8991164577.84375,75147.96011546547,1825940.76640625,420925.984375,1405014.78203125,1649965.71875,420925.984375,1229039.734375,23,2308.035714285714,18,0.08258928571428571
-4,3,alexnet,near_onb_above_val0240,240,489453.9981,480748.59375,8705.404350000026,grad_cam,relative_importance,nan,119646.15625,nan,nan,1224792.53828125,420925.984375,803866.55390625,968449.6812499999,420925.984375,547523.6968749999,215,21165.178571428572,0,0.002232142857142857
-4,3,alexnet,near_onb_above_val0240,240,489453.9981,480748.59375,8705.404350000026,group_occlusion,heat_flux_change,nan,119646.15625,nan,nan,nan,nan,nan,nan,nan,nan,10,1031.25,56,0.25223214285714285
-4,3,alexnet,worst_prediction_val0041,41,0.000328047,277213.5,277213.499671953,integrated_gradients,heat_flux,-14765352.0,-83888.9375,-14681463.0625,175.01071655008147,988013.88203125,319158.046875,668855.83515625,1044969.971875,319158.046875,725811.925,138,13602.67857142857,104,0.46651785714285715
-4,3,alexnet,worst_prediction_val0041,41,0.000328047,277213.5,277213.499671953,grad_cam,relative_importance,nan,-83888.9375,nan,nan,709961.05078125,319158.046875,390803.00390625,568217.5859375,319158.046875,249059.5390625,0,49.107142857142854,215,0.9620535714285714
-4,3,alexnet,worst_prediction_val0041,41,0.000328047,277213.5,277213.499671953,group_occlusion,heat_flux_change,nan,-83888.9375,nan,nan,nan,nan,nan,nan,nan,nan,10,1031.25,56,0.25223214285714285
-4,3,alexnet,low_heatflux_val0000,0,0.000328047,106381.2890625,106381.288734453,integrated_gradients,heat_flux,-23545278.0,-254721.1484375,-23290556.8515625,91.43550503925755,922127.2908203125,233741.78515625,688385.5056640625,1072752.350390625,233741.78515625,839010.565234375,138,13602.67857142857,144,0.6450892857142857
-4,3,alexnet,low_heatflux_val0000,0,0.000328047,106381.2890625,106381.288734453,grad_cam,relative_importance,nan,-254721.1484375,nan,nan,767815.7673828125,233741.78515625,534073.9822265625,602800.180078125,233741.78515625,369058.394921875,215,21165.178571428572,0,0.002232142857142857
-4,3,alexnet,low_heatflux_val0000,0,0.000328047,106381.2890625,106381.288734453,group_occlusion,heat_flux_change,nan,-254721.1484375,nan,nan,nan,nan,nan,nan,nan,nan,10,1031.25,56,0.25223214285714285
-4,3,alexnet,high_heatflux_val0300,300,698421.296,732069.0,33647.70400000003,integrated_gradients,heat_flux,23793905664.0,370966.5625,23793534697.4375,64139.29745335875,2504162.5421875,546586.125,1957576.4171874998,1887188.1390625,546586.125,1340602.0140625,23,2308.035714285714,16,0.07366071428571429
-4,3,alexnet,high_heatflux_val0300,300,698421.296,732069.0,33647.70400000003,grad_cam,relative_importance,nan,370966.5625,nan,nan,1331822.9859375,546586.125,785236.8609374999,1256657.265625,546586.125,710071.140625,215,21165.178571428572,0,0.002232142857142857
-4,3,alexnet,high_heatflux_val0300,300,698421.296,732069.0,33647.70400000003,group_occlusion,heat_flux_change,nan,370966.5625,nan,nan,nan,nan,nan,nan,nan,nan,10,1031.25,56,0.25223214285714285
-8,1,rf,near_onb_below_val0120,120,266907.6965,78192.90625,188714.79025000002,group_occlusion,heat_flux_change,nan,-71176.546875,nan,nan,nan,nan,nan,nan,nan,nan,51,5058.035714285715,56,0.25223214285714285
-8,1,rf,near_onb_above_val0180,180,368978.105,364904.46875,4073.6362499999814,group_occlusion,heat_flux_change,nan,215535.015625,nan,nan,nan,nan,nan,nan,nan,nan,20,2013.392857142857,112,0.5022321428571429
-8,1,rf,false_negative_val0237,237,368978.105,302893.03125,66085.07374999998,group_occlusion,heat_flux_change,nan,153523.578125,nan,nan,nan,nan,nan,nan,nan,nan,20,2013.392857142857,0,0.002232142857142857
-8,1,rf,worst_prediction_val0134,134,266907.6965,73377.6953125,193530.00118750002,group_occlusion,heat_flux_change,nan,-75991.7578125,nan,nan,nan,nan,nan,nan,nan,nan,20,2013.392857142857,56,0.25223214285714285
-8,1,rf,low_heatflux_val0060,60,20979.71604,91321.890625,70342.174585,group_occlusion,heat_flux_change,nan,-58047.5625,nan,nan,nan,nan,nan,nan,nan,nan,5,540.1785714285714,56,0.25223214285714285
-8,1,cnntf_v2_gap,near_onb_below_val0120,120,266907.6965,210643.734375,56263.96212500002,integrated_gradients,heat_flux,-20842066.0,-91088.640625,-20750977.359375,227.810813917007,334181.172265625,256168.8828125,78012.28945312498,332264.6515625,256168.8828125,76095.76874999999,139,13700.892857142857,143,0.640625
-8,1,cnntf_v2_gap,near_onb_below_val0120,120,266907.6965,210643.734375,56263.96212500002,group_occlusion,heat_flux_change,nan,-91088.640625,nan,nan,nan,nan,nan,nan,nan,nan,10,1031.25,56,0.25223214285714285
-8,1,cnntf_v2_gap,near_onb_above_val0180,180,368978.105,395449.75,26471.64500000002,integrated_gradients,heat_flux,-1619695360.0,93717.375,-1619789077.375,17283.764908854948,345465.56015625,348519.578125,-3054.0179687499767,370256.3984375,348519.578125,21736.8203125,23,2308.035714285714,199,0.890625
-8,1,cnntf_v2_gap,near_onb_above_val0180,180,368978.105,395449.75,26471.64500000002,group_occlusion,heat_flux_change,nan,93717.375,nan,nan,nan,nan,nan,nan,nan,nan,20,2013.392857142857,112,0.5022321428571429
-8,1,cnntf_v2_gap,false_negative_val0230,230,368978.105,225446.46875,143531.63624999998,integrated_gradients,heat_flux,-177270912.0,-76285.90625,-177194626.09375,2322.7701524978606,290547.71328125,263579.4140625,26968.299218749977,310063.3171875,263579.4140625,46483.90312500001,23,2308.035714285714,143,0.640625
-8,1,cnntf_v2_gap,false_negative_val0230,230,368978.105,225446.46875,143531.63624999998,group_occlusion,heat_flux_change,nan,-76285.90625,nan,nan,nan,nan,nan,nan,nan,nan,20,2013.392857142857,56,0.25223214285714285
-8,1,cnntf_v2_gap,worst_prediction_val0137,137,266907.6965,61094.28515625,205813.41134375002,integrated_gradients,heat_flux,-43726744.0,-240638.08984375,-43486105.91015625,180.71164851080908,306240.33525390626,181412.689453125,124827.64580078126,290593.4298828125,181412.689453125,109180.74042968749,139,13700.892857142857,31,0.140625
-8,1,cnntf_v2_gap,worst_prediction_val0137,137,266907.6965,61094.28515625,205813.41134375002,group_occlusion,heat_flux_change,nan,-240638.08984375,nan,nan,nan,nan,nan,nan,nan,nan,10,1031.25,168,0.7522321428571429
-8,1,cnntf_v2_gap,low_heatflux_val0060,60,20979.71604,93474.515625,72494.799585,integrated_gradients,heat_flux,-19588750.0,-208257.859375,-19380492.140625,93.06007561389302,316224.7072265625,197632.26953125,118592.43769531249,301111.823046875,197632.26953125,103479.55351562501,139,13700.892857142857,143,0.640625
-8,1,cnntf_v2_gap,low_heatflux_val0060,60,20979.71604,93474.515625,72494.799585,group_occlusion,heat_flux_change,nan,-208257.859375,nan,nan,nan,nan,nan,nan,nan,nan,10,1031.25,56,0.25223214285714285
-8,1,alexnet,near_onb_below_val0120,120,266907.6965,111287.5078125,155620.18868750002,integrated_gradients,heat_flux,9142799.0,-312661.5234375,9455460.5234375,30.24184242269777,2758629.867578125,267618.3359375,2491011.531640625,2607967.1859374996,267618.3359375,2340348.8499999996,7,736.6071428571429,72,0.3236607142857143
-8,1,alexnet,near_onb_below_val0120,120,266907.6965,111287.5078125,155620.18868750002,grad_cam,relative_importance,nan,-312661.5234375,nan,nan,1747032.661328125,267618.3359375,1479414.325390625,1386652.1859375,267618.3359375,1119033.85,215,21165.178571428572,215,0.9620535714285714
-8,1,alexnet,near_onb_below_val0120,120,266907.6965,111287.5078125,155620.18868750002,group_occlusion,heat_flux_change,nan,-312661.5234375,nan,nan,nan,nan,nan,nan,nan,nan,10,1031.25,56,0.25223214285714285
-8,1,alexnet,near_onb_above_val0180,180,368978.105,354626.0625,14352.042499999981,integrated_gradients,heat_flux,335348480.0,-69322.96875,335417802.96875,4838.480074019479,3538761.6859375,389287.828125,3149473.8578125,2767185.8695312496,389287.828125,2377898.0414062496,23,2308.035714285714,67,0.3013392857142857
-8,1,alexnet,near_onb_above_val0180,180,368978.105,354626.0625,14352.042499999981,grad_cam,relative_importance,nan,-69322.96875,nan,nan,2542079.0171875,389287.828125,2152791.1890625,2314375.75078125,389287.828125,1925087.9226562502,0,49.107142857142854,0,0.002232142857142857
-8,1,alexnet,near_onb_above_val0180,180,368978.105,354626.0625,14352.042499999981,group_occlusion,heat_flux_change,nan,-69322.96875,nan,nan,nan,nan,nan,nan,nan,nan,10,1031.25,56,0.25223214285714285
-8,1,alexnet,false_negative_val0230,230,368978.105,278647.6875,90330.41749999998,integrated_gradients,heat_flux,-144250112.0,-145301.34375,-144104810.65625,991.7651615403591,2785369.62421875,351298.71875,2434070.90546875,2415937.93984375,351298.71875,2064639.22109375,23,2308.035714285714,137,0.6138392857142857
-8,1,alexnet,false_negative_val0230,230,368978.105,278647.6875,90330.41749999998,grad_cam,relative_importance,nan,-145301.34375,nan,nan,2167831.73671875,351298.71875,1816533.01796875,1867511.18984375,351298.71875,1516212.47109375,0,49.107142857142854,102,0.4575892857142857
-8,1,alexnet,false_negative_val0230,230,368978.105,278647.6875,90330.41749999998,group_occlusion,heat_flux_change,nan,-145301.34375,nan,nan,nan,nan,nan,nan,nan,nan,10,1031.25,56,0.25223214285714285
-8,1,alexnet,worst_prediction_val0133,133,266907.6965,-4971.3740234375,271879.0705234375,integrated_gradients,heat_flux,6090550.0,-428920.4052734375,6519470.4052734375,15.199720799287373,2471749.498706055,209488.77099609375,2262260.727709961,2283481.878466797,209488.77099609375,2073993.1074707033,138,13602.67857142857,16,0.07366071428571429
-8,1,alexnet,worst_prediction_val0133,133,266907.6965,-4971.3740234375,271879.0705234375,grad_cam,relative_importance,nan,-428920.4052734375,nan,nan,1465267.1494873047,209488.77099609375,1255778.378491211,932220.0612792969,209488.77099609375,722731.2902832031,215,21165.178571428572,215,0.9620535714285714
-8,1,alexnet,worst_prediction_val0133,133,266907.6965,-4971.3740234375,271879.0705234375,group_occlusion,heat_flux_change,nan,-428920.4052734375,nan,nan,nan,nan,nan,nan,nan,nan,10,1031.25,56,0.25223214285714285
-8,1,alexnet,low_heatflux_val0060,60,20979.71604,1976.217529296875,19003.498510703124,integrated_gradients,heat_flux,13640062.0,-421972.8137207031,14062034.813720703,33.324504225118474,2891829.5759094236,212962.62756347656,2678866.948345947,2432865.0442504883,212962.62756347656,2219902.4166870117,7,736.6071428571429,72,0.3236607142857143
-8,1,alexnet,low_heatflux_val0060,60,20979.71604,1976.217529296875,19003.498510703124,grad_cam,relative_importance,nan,-421972.8137207031,nan,nan,1982569.4477844238,212962.62756347656,1769606.8202209473,1527876.5958129882,212962.62756347656,1314913.9682495117,215,21165.178571428572,215,0.9620535714285714
-8,1,alexnet,low_heatflux_val0060,60,20979.71604,1976.217529296875,19003.498510703124,group_occlusion,heat_flux_change,nan,-421972.8137207031,nan,nan,nan,nan,nan,nan,nan,nan,10,1031.25,56,0.25223214285714285
-8,2,rf,near_onb_below_val0060,60,221505.1102,72776.96875,148728.14145,group_occlusion,heat_flux_change,nan,-105058.765625,nan,nan,nan,nan,nan,nan,nan,nan,5,540.1785714285714,112,0.5022321428571429
-8,2,rf,near_onb_above_val0120,120,427276.195,390571.125,36705.07000000001,group_occlusion,heat_flux_change,nan,212735.390625,nan,nan,nan,nan,nan,nan,nan,nan,20,2013.392857142857,0,0.002232142857142857
-8,2,rf,worst_prediction_val0185,185,57593.31665,233122.859375,175529.542725,group_occlusion,heat_flux_change,nan,55287.125,nan,nan,nan,nan,nan,nan,nan,nan,20,2013.392857142857,112,0.5022321428571429
-8,2,rf,low_heatflux_val0180,180,57593.31665,75397.1171875,17803.8005375,group_occlusion,heat_flux_change,nan,-102438.6171875,nan,nan,nan,nan,nan,nan,nan,nan,5,540.1785714285714,112,0.5022321428571429
-8,2,rf,high_heatflux_val0300,300,859343.9142,743184.9375,116158.9767,group_occlusion,heat_flux_change,nan,565349.203125,nan,nan,nan,nan,nan,nan,nan,nan,20,2013.392857142857,56,0.25223214285714285
-8,2,cnntf_v2_gap,near_onb_below_val0060,60,221505.1102,115447.0390625,106058.0711375,integrated_gradients,heat_flux,-66266868.0,-217591.8046875,-66049276.1953125,303.54670889453234,273014.721484375,224219.10546875,48795.61601562501,257726.544140625,224219.10546875,33507.43867187499,138,13602.67857142857,145,0.6495535714285714
-8,2,cnntf_v2_gap,near_onb_below_val0060,60,221505.1102,115447.0390625,106058.0711375,group_occlusion,heat_flux_change,nan,-217591.8046875,nan,nan,nan,nan,nan,nan,nan,nan,20,2013.392857142857,168,0.7522321428571429
-8,2,cnntf_v2_gap,near_onb_above_val0120,120,427276.195,408760.0,18516.195000000007,integrated_gradients,heat_flux,-5128375296.0,75721.15625,-5128451017.15625,67728.1128701234,465720.3484375,370897.921875,94822.42656250001,346519.88984375,370897.921875,-24378.03203125001,23,2308.035714285714,8,0.03794642857142857
-8,2,cnntf_v2_gap,near_onb_above_val0120,120,427276.195,408760.0,18516.195000000007,group_occlusion,heat_flux_change,nan,75721.15625,nan,nan,nan,nan,nan,nan,nan,nan,153,15075.892857142857,168,0.7522321428571429
-8,2,cnntf_v2_gap,false_negative_val0132,132,427276.195,365073.4375,62202.75750000001,integrated_gradients,heat_flux,-11091480576.0,32034.59375,-11091512610.59375,346235.46960366087,450544.30703125,349060.96875,101483.33828124998,331624.165625,349060.96875,-17436.803124999977,23,2308.035714285714,69,0.31026785714285715
-8,2,cnntf_v2_gap,false_negative_val0132,132,427276.195,365073.4375,62202.75750000001,group_occlusion,heat_flux_change,nan,32034.59375,nan,nan,nan,nan,nan,nan,nan,nan,20,2013.392857142857,168,0.7522321428571429
-8,2,cnntf_v2_gap,worst_prediction_val0054,54,181378.003,-4774.61767578125,186152.62067578125,integrated_gradients,heat_flux,-54614904.0,-337813.46142578125,-54277090.53857422,160.6717811347464,250113.13815917968,164122.20068359375,85990.93747558593,238720.66518554685,164122.20068359375,74598.4645019531,139,13700.892857142857,159,0.7120535714285714
-8,2,cnntf_v2_gap,worst_prediction_val0054,54,181378.003,-4774.61767578125,186152.62067578125,group_occlusion,heat_flux_change,nan,-337813.46142578125,nan,nan,nan,nan,nan,nan,nan,nan,20,2013.392857142857,112,0.5022321428571429
-8,2,cnntf_v2_gap,low_heatflux_val0180,180,57593.31665,55809.60546875,1783.7111812500007,integrated_gradients,heat_flux,-69539480.0,-277229.23828125,-69262250.76171875,249.8374673289401,305711.8009765625,194365.7578125,111346.04316406249,252590.7,194365.7578125,58224.94218750001,138,13602.67857142857,145,0.6495535714285714
-8,2,cnntf_v2_gap,low_heatflux_val0180,180,57593.31665,55809.60546875,1783.7111812500007,group_occlusion,heat_flux_change,nan,-277229.23828125,nan,nan,nan,nan,nan,nan,nan,nan,20,2013.392857142857,112,0.5022321428571429
-8,2,alexnet,near_onb_below_val0060,60,221505.1102,148387.203125,73117.907075,integrated_gradients,heat_flux,-6516149.0,-673804.109375,-5842344.890625,8.670687532677976,1853451.525390625,485289.1640625,1368162.361328125,1932292.8742187498,485289.1640625,1447003.7101562498,138,13602.67857142857,145,0.6495535714285714
-8,2,alexnet,near_onb_below_val0060,60,221505.1102,148387.203125,73117.907075,grad_cam,relative_importance,nan,-673804.109375,nan,nan,1751074.072265625,485289.1640625,1265784.908203125,1360330.67734375,485289.1640625,875041.5132812499,215,21165.178571428572,196,0.8772321428571429
-8,2,alexnet,near_onb_below_val0060,60,221505.1102,148387.203125,73117.907075,group_occlusion,heat_flux_change,nan,-673804.109375,nan,nan,nan,nan,nan,nan,nan,nan,10,1031.25,112,0.5022321428571429
-8,2,alexnet,near_onb_above_val0120,120,427276.195,400831.375,26444.820000000007,integrated_gradients,heat_flux,-11035017216.0,-421359.9375,-11034595856.0625,26188.05176764699,2982709.084375,611511.53125,2371197.553125,2471714.8078125,611511.53125,1860203.2765624998,22,2209.8214285714284,8,0.03794642857142857
-8,2,alexnet,near_onb_above_val0120,120,427276.195,400831.375,26444.820000000007,grad_cam,relative_importance,nan,-421359.9375,nan,nan,1844763.153125,611511.53125,1233251.621875,1766687.3609375,611511.53125,1155175.8296875,215,21165.178571428572,215,0.9620535714285714
-8,2,alexnet,near_onb_above_val0120,120,427276.195,400831.375,26444.820000000007,group_occlusion,heat_flux_change,nan,-421359.9375,nan,nan,nan,nan,nan,nan,nan,nan,10,1031.25,56,0.25223214285714285
-8,2,alexnet,false_negative_val0152,152,427276.195,364064.03125,63212.16375000001,integrated_gradients,heat_flux,-18055223296.0,-458127.28125,-18054765168.71875,39409.93236520718,2930192.371875,593128.15625,2337064.215625,2398109.8828125,593128.15625,1804981.7265625,23,2308.035714285714,164,0.734375
-8,2,alexnet,false_negative_val0152,152,427276.195,364064.03125,63212.16375000001,grad_cam,relative_importance,nan,-458127.28125,nan,nan,1849910.4875,593128.15625,1256782.33125,1901682.0140625,593128.15625,1308553.8578125,215,21165.178571428572,215,0.9620535714285714
-8,2,alexnet,false_negative_val0152,152,427276.195,364064.03125,63212.16375000001,group_occlusion,heat_flux_change,nan,-458127.28125,nan,nan,nan,nan,nan,nan,nan,nan,10,1031.25,56,0.25223214285714285
-8,2,alexnet,worst_prediction_val0001,1,181378.003,6616.484375,174761.518625,integrated_gradients,heat_flux,-47168800.0,-815574.828125,-46353225.171875,56.83503655751698,1989199.3233398437,414403.748046875,1574795.5752929687,1657770.5287109376,414403.748046875,1243366.7806640626,138,13602.67857142857,104,0.46651785714285715
-8,2,alexnet,worst_prediction_val0001,1,181378.003,6616.484375,174761.518625,grad_cam,relative_importance,nan,-815574.828125,nan,nan,1505617.7452148437,414403.748046875,1091213.9971679687,1201511.7349609374,414403.748046875,787107.9869140624,0,49.107142857142854,215,0.9620535714285714
-8,2,alexnet,worst_prediction_val0001,1,181378.003,6616.484375,174761.518625,group_occlusion,heat_flux_change,nan,-815574.828125,nan,nan,nan,nan,nan,nan,nan,nan,10,1031.25,112,0.5022321428571429
-8,2,alexnet,low_heatflux_val0180,180,57593.31665,107003.3984375,49410.0817875,integrated_gradients,heat_flux,-2502373.5,-715187.9140625,-1787185.5859375,2.498903506052982,1862823.8177734376,464597.41796875,1398226.3998046876,1713744.413671875,464597.41796875,1249146.995703125,138,13602.67857142857,145,0.6495535714285714
-8,2,alexnet,low_heatflux_val0180,180,57593.31665,107003.3984375,49410.0817875,grad_cam,relative_importance,nan,-715187.9140625,nan,nan,1442532.3943359375,464597.41796875,977934.9763671875,1395146.154296875,464597.41796875,930548.736328125,215,21165.178571428572,215,0.9620535714285714
-8,2,alexnet,low_heatflux_val0180,180,57593.31665,107003.3984375,49410.0817875,group_occlusion,heat_flux_change,nan,-715187.9140625,nan,nan,nan,nan,nan,nan,nan,nan,10,1031.25,56,0.25223214285714285
-8,3,rf,near_onb_below_val0180,180,315466.1173,260755.140625,54710.97667499998,group_occlusion,heat_flux_change,nan,68922.609375,nan,nan,nan,nan,nan,nan,nan,nan,20,2013.392857142857,112,0.5022321428571429
-8,3,rf,near_onb_above_val0240,240,489453.9981,567792.0625,78338.06439999997,group_occlusion,heat_flux_change,nan,375959.53125,nan,nan,nan,nan,nan,nan,nan,nan,20,2013.392857142857,0,0.002232142857142857
-8,3,rf,worst_prediction_val0201,201,315466.1173,121580.484375,193885.63292499998,group_occlusion,heat_flux_change,nan,-70252.046875,nan,nan,nan,nan,nan,nan,nan,nan,51,5058.035714285715,0,0.002232142857142857
-8,3,rf,low_heatflux_val0000,0,0.000328047,124147.2265625,124147.226234453,group_occlusion,heat_flux_change,nan,-67685.3046875,nan,nan,nan,nan,nan,nan,nan,nan,5,540.1785714285714,0,0.002232142857142857
-8,3,rf,high_heatflux_val0300,300,698421.296,778684.625,80263.32900000003,group_occlusion,heat_flux_change,nan,586852.09375,nan,nan,nan,nan,nan,nan,nan,nan,20,2013.392857142857,168,0.7522321428571429
-8,3,cnntf_v2_gap,near_onb_below_val0180,180,315466.1173,258024.859375,57441.25792499998,integrated_gradients,heat_flux,-43111896.0,123206.515625,-43235102.515625,350.91571493847283,232510.52109375,196423.2734375,36087.247656249994,337481.51015625,196423.2734375,141058.23671874998,22,2209.8214285714284,61,0.27455357142857145
-8,3,cnntf_v2_gap,near_onb_below_val0180,180,315466.1173,258024.859375,57441.25792499998,group_occlusion,heat_flux_change,nan,123206.515625,nan,nan,nan,nan,nan,nan,nan,nan,102,10066.964285714286,56,0.25223214285714285
-8,3,cnntf_v2_gap,near_onb_above_val0240,240,489453.9981,501741.15625,12287.158149999974,integrated_gradients,heat_flux,-8068197376.0,366922.8125,-8068564298.8125,21989.813726320164,344287.490625,318299.828125,25987.662499999977,381750.85703125,318299.828125,63451.02890625002,22,2209.8214285714284,18,0.08258928571428571
-8,3,cnntf_v2_gap,near_onb_above_val0240,240,489453.9981,501741.15625,12287.158149999974,group_occlusion,heat_flux_change,nan,366922.8125,nan,nan,nan,nan,nan,nan,nan,nan,102,10066.964285714286,56,0.25223214285714285
-8,3,cnntf_v2_gap,worst_prediction_val0039,39,0.000328047,292913.28125,292913.280921953,integrated_gradients,heat_flux,43160064.0,158094.9375,43001969.0625,272.00092389106385,201296.64921875,213852.96875,-12556.319531249988,353136.32109375,213852.96875,139283.35234375,139,13700.892857142857,35,0.15848214285714285
-8,3,cnntf_v2_gap,worst_prediction_val0039,39,0.000328047,292913.28125,292913.280921953,group_occlusion,heat_flux_change,nan,158094.9375,nan,nan,nan,nan,nan,nan,nan,nan,102,10066.964285714286,56,0.25223214285714285
-8,3,cnntf_v2_gap,low_heatflux_val0000,0,0.000328047,187132.40625,187132.405921953,integrated_gradients,heat_flux,-31074984.0,52314.0625,-31127298.0625,595.0082363131328,218775.1609375,160961.59375,57813.56718750001,330546.18828125,160961.59375,169584.59453125,138,13602.67857142857,144,0.6450892857142857
-8,3,cnntf_v2_gap,low_heatflux_val0000,0,0.000328047,187132.40625,187132.405921953,group_occlusion,heat_flux_change,nan,52314.0625,nan,nan,nan,nan,nan,nan,nan,nan,51,5058.035714285715,112,0.5022321428571429
-8,3,cnntf_v2_gap,high_heatflux_val0300,300,698421.296,748677.375,50256.07900000003,integrated_gradients,heat_flux,-39970590720.0,613859.03125,-39971204579.03125,65114.6314450045,406579.04843749997,441754.828125,-35175.779687500035,454659.86328125,441754.828125,12905.03515625,23,2308.035714285714,197,0.8816964285714286
-8,3,cnntf_v2_gap,high_heatflux_val0300,300,698421.296,748677.375,50256.07900000003,group_occlusion,heat_flux_change,nan,613859.03125,nan,nan,nan,nan,nan,nan,nan,nan,153,15075.892857142857,112,0.5022321428571429
-8,3,alexnet,near_onb_below_val0180,180,315466.1173,296211.78125,19254.336049999984,integrated_gradients,heat_flux,10981843.0,-84484.46875,11066327.46875,130.98653080836235,1415977.3203125,338453.96875,1077523.3515625,1551371.546875,338453.96875,1212917.578125,23,2308.035714285714,58,0.2611607142857143
-8,3,alexnet,near_onb_below_val0180,180,315466.1173,296211.78125,19254.336049999984,grad_cam,relative_importance,nan,-84484.46875,nan,nan,945090.0296875,338453.96875,606636.0609375,889671.7203125,338453.96875,551217.7515625,0,49.107142857142854,0,0.002232142857142857
-8,3,alexnet,near_onb_below_val0180,180,315466.1173,296211.78125,19254.336049999984,group_occlusion,heat_flux_change,nan,-84484.46875,nan,nan,nan,nan,nan,nan,nan,nan,10,1031.25,56,0.25223214285714285
-8,3,alexnet,near_onb_above_val0240,240,489453.9981,461646.75,27807.248100000026,integrated_gradients,heat_flux,5464179200.0,80950.5,5464098249.5,67499.25262351683,2378196.52265625,421171.953125,1957024.5695312498,2061744.0328125,421171.953125,1640572.0796875,22,2209.8214285714284,18,0.08258928571428571
-8,3,alexnet,near_onb_above_val0240,240,489453.9981,461646.75,27807.248100000026,grad_cam,relative_importance,nan,80950.5,nan,nan,1256713.01953125,421171.953125,835541.06640625,1243586.3859375,421171.953125,822414.4328125,0,49.107142857142854,0,0.002232142857142857
-8,3,alexnet,near_onb_above_val0240,240,489453.9981,461646.75,27807.248100000026,group_occlusion,heat_flux_change,nan,80950.5,nan,nan,nan,nan,nan,nan,nan,nan,10,1031.25,56,0.25223214285714285
-8,3,alexnet,worst_prediction_val0020,20,0.000328047,258731.859375,258731.859046953,integrated_gradients,heat_flux,-2715191.5,-121964.390625,-2593227.109375,21.262165916511748,1364369.932421875,319714.1484375,1044655.783984375,1504077.5804687499,319714.1484375,1184363.4320312499,138,13602.67857142857,98,0.43973214285714285
-8,3,alexnet,worst_prediction_val0020,20,0.000328047,258731.859375,258731.859046953,grad_cam,relative_importance,nan,-121964.390625,nan,nan,851471.893359375,319714.1484375,531757.744921875,780784.6125,319714.1484375,461070.46406250005,215,21165.178571428572,215,0.9620535714285714
-8,3,alexnet,worst_prediction_val0020,20,0.000328047,258731.859375,258731.859046953,group_occlusion,heat_flux_change,nan,-121964.390625,nan,nan,nan,nan,nan,nan,nan,nan,20,2013.392857142857,56,0.25223214285714285
-8,3,alexnet,low_heatflux_val0000,0,0.000328047,145829.765625,145829.765296953,integrated_gradients,heat_flux,-3123222.0,-234866.484375,-2888355.515625,12.297861584257811,1352396.814453125,263262.7890625,1089134.025390625,1463229.33203125,263262.7890625,1199966.54296875,7,736.6071428571429,145,0.6495535714285714
-8,3,alexnet,low_heatflux_val0000,0,0.000328047,145829.765625,145829.765296953,grad_cam,relative_importance,nan,-234866.484375,nan,nan,893212.6675781249,263262.7890625,629949.8785156249,729516.52265625,263262.7890625,466253.73359375005,215,21165.178571428572,0,0.002232142857142857
-8,3,alexnet,low_heatflux_val0000,0,0.000328047,145829.765625,145829.765296953,group_occlusion,heat_flux_change,nan,-234866.484375,nan,nan,nan,nan,nan,nan,nan,nan,20,2013.392857142857,56,0.25223214285714285
-8,3,alexnet,high_heatflux_val0300,300,698421.296,713627.3125,15206.016500000027,integrated_gradients,heat_flux,14824615936.0,332931.0625,14824283004.9375,44526.58425327165,2870017.946875,547162.9375,2322855.009375,2566201.74375,547162.9375,2019038.80625,23,2308.035714285714,16,0.07366071428571429
-8,3,alexnet,high_heatflux_val0300,300,698421.296,713627.3125,15206.016500000027,grad_cam,relative_importance,nan,332931.0625,nan,nan,1377632.234375,547162.9375,830469.296875,1245700.40625,547162.9375,698537.46875,0,49.107142857142854,0,0.002232142857142857
-8,3,alexnet,high_heatflux_val0300,300,698421.296,713627.3125,15206.016500000027,group_occlusion,heat_flux_change,nan,332931.0625,nan,nan,nan,nan,nan,nan,nan,nan,20,2013.392857142857,56,0.25223214285714285
-12,1,rf,near_onb_below_val0120,120,266907.6965,88759.8046875,178147.89181250002,group_occlusion,heat_flux_change,nan,-41226.265625,nan,nan,nan,nan,nan,nan,nan,nan,51,5058.035714285715,56,0.25223214285714285
-12,1,rf,near_onb_above_val0180,180,368978.105,364535.46875,4442.636249999981,group_occlusion,heat_flux_change,nan,234549.3984375,nan,nan,nan,nan,nan,nan,nan,nan,20,2013.392857142857,112,0.5022321428571429
-12,1,rf,false_negative_val0237,237,368978.105,309040.53125,59937.57374999998,group_occlusion,heat_flux_change,nan,179054.4609375,nan,nan,nan,nan,nan,nan,nan,nan,20,2013.392857142857,56,0.25223214285714285
-12,1,rf,low_heatflux_val0060,60,20979.71604,88197.046875,67217.330835,group_occlusion,heat_flux_change,nan,-41789.0234375,nan,nan,nan,nan,nan,nan,nan,nan,51,5058.035714285715,56,0.25223214285714285
-12,1,rf,high_heatflux_val0300,300,776647.2223,688415.25,88231.97230000002,group_occlusion,heat_flux_change,nan,558429.1796875,nan,nan,nan,nan,nan,nan,nan,nan,20,2013.392857142857,56,0.25223214285714285
-12,1,cnntf_v2_gap,near_onb_below_val0120,120,266907.6965,188691.984375,78215.71212500002,integrated_gradients,heat_flux,-116518624.0,-20997.625,-116497626.375,5548.133485334651,247735.351953125,199220.9296875,48514.422265625006,319457.626171875,199220.9296875,120236.69648437499,139,13700.892857142857,143,0.640625
-12,1,cnntf_v2_gap,near_onb_below_val0120,120,266907.6965,188691.984375,78215.71212500002,group_occlusion,heat_flux_change,nan,-20997.625,nan,nan,nan,nan,nan,nan,nan,nan,20,2013.392857142857,112,0.5022321428571429
-12,1,cnntf_v2_gap,near_onb_above_val0180,180,368978.105,411896.40625,42918.30125000002,integrated_gradients,heat_flux,-326047712.0,202206.796875,-326249918.796875,1613.446846688125,293109.846875,310797.1484375,-17687.30156250001,375489.107421875,310797.1484375,64691.958984375,23,2308.035714285714,2,0.011160714285714286
-12,1,cnntf_v2_gap,near_onb_above_val0180,180,368978.105,411896.40625,42918.30125000002,group_occlusion,heat_flux_change,nan,202206.796875,nan,nan,nan,nan,nan,nan,nan,nan,20,2013.392857142857,0,0.002232142857142857
-12,1,cnntf_v2_gap,false_negative_val0230,230,368978.105,277621.15625,91356.94874999998,integrated_gradients,heat_flux,-41217400.0,67931.546875,-41285331.546875,607.7490274561777,250085.59140625,243651.9765625,6433.614843749994,320603.05625,243651.9765625,76951.07968750002,23,2308.035714285714,118,0.5290178571428571
-12,1,cnntf_v2_gap,false_negative_val0230,230,368978.105,277621.15625,91356.94874999998,group_occlusion,heat_flux_change,nan,67931.546875,nan,nan,nan,nan,nan,nan,nan,nan,20,2013.392857142857,112,0.5022321428571429
-12,1,cnntf_v2_gap,worst_prediction_val0133,133,266907.6965,81091.4296875,185816.26681250002,integrated_gradients,heat_flux,-90853576.0,-128598.1796875,-90724977.8203125,705.4919287409723,235833.52421875,145401.0078125,90432.51640625001,253182.570703125,145401.0078125,107781.562890625,139,13700.892857142857,165,0.7388392857142857
-12,1,cnntf_v2_gap,worst_prediction_val0133,133,266907.6965,81091.4296875,185816.26681250002,group_occlusion,heat_flux_change,nan,-128598.1796875,nan,nan,nan,nan,nan,nan,nan,nan,20,2013.392857142857,168,0.7522321428571429
-12,1,cnntf_v2_gap,low_heatflux_val0060,60,20979.71604,103623.859375,82644.143335,integrated_gradients,heat_flux,-117477760.0,-106065.75,-117371694.25,1106.5937331325144,244469.58046875,156645.8125,87823.76796875,308479.997265625,156645.8125,151834.184765625,139,13700.892857142857,143,0.640625
-12,1,cnntf_v2_gap,low_heatflux_val0060,60,20979.71604,103623.859375,82644.143335,group_occlusion,heat_flux_change,nan,-106065.75,nan,nan,nan,nan,nan,nan,nan,nan,20,2013.392857142857,112,0.5022321428571429
-12,1,alexnet,near_onb_below_val0120,120,266907.6965,155651.5,111256.19650000002,integrated_gradients,heat_flux,-105812800.0,-528877.9375,-105283922.0625,199.07036122583577,3325117.91015625,420090.546875,2905027.36328125,3105304.425,420090.546875,2685213.878125,138,13602.67857142857,144,0.6450892857142857
-12,1,alexnet,near_onb_below_val0120,120,266907.6965,155651.5,111256.19650000002,grad_cam,relative_importance,nan,-528877.9375,nan,nan,2160559.38828125,420090.546875,1740468.84140625,1787510.5499999998,420090.546875,1367420.0031249998,215,21165.178571428572,139,0.6227678571428571
-12,1,alexnet,near_onb_below_val0120,120,266907.6965,155651.5,111256.19650000002,group_occlusion,heat_flux_change,nan,-528877.9375,nan,nan,nan,nan,nan,nan,nan,nan,10,1031.25,56,0.25223214285714285
-12,1,alexnet,near_onb_above_val0180,180,368978.105,360540.65625,8437.448749999981,integrated_gradients,heat_flux,-1127411968.0,-323988.78125,-1127087979.21875,3478.787058213146,4269036.87421875,522535.265625,3746501.60859375,3003686.046875,522535.265625,2481150.78125,23,2308.035714285714,1,0.006696428571428571
-12,1,alexnet,near_onb_above_val0180,180,368978.105,360540.65625,8437.448749999981,grad_cam,relative_importance,nan,-323988.78125,nan,nan,2641918.76796875,522535.265625,2119383.50234375,2239709.215625,522535.265625,1717173.9500000002,0,49.107142857142854,215,0.9620535714285714
-12,1,alexnet,near_onb_above_val0180,180,368978.105,360540.65625,8437.448749999981,group_occlusion,heat_flux_change,nan,-323988.78125,nan,nan,nan,nan,nan,nan,nan,nan,10,1031.25,56,0.25223214285714285
-12,1,alexnet,false_negative_val0236,236,368978.105,258814.6875,110163.41749999998,integrated_gradients,heat_flux,-113814224.0,-425714.75,-113388509.25,266.3485567507351,3576027.347265625,471672.3515625,3104354.995703125,3003647.61484375,471672.3515625,2531975.26328125,23,2308.035714285714,144,0.6450892857142857
-12,1,alexnet,false_negative_val0236,236,368978.105,258814.6875,110163.41749999998,grad_cam,relative_importance,nan,-425714.75,nan,nan,2496582.353515625,471672.3515625,2024910.001953125,1885361.7335937498,471672.3515625,1413689.3820312498,0,49.107142857142854,0,0.002232142857142857
-12,1,alexnet,false_negative_val0236,236,368978.105,258814.6875,110163.41749999998,group_occlusion,heat_flux_change,nan,-425714.75,nan,nan,nan,nan,nan,nan,nan,nan,10,1031.25,56,0.25223214285714285
-12,1,alexnet,worst_prediction_val0161,161,266907.6965,39681.37890625,227226.31759375002,integrated_gradients,heat_flux,-66183392.0,-644848.05859375,-65538543.94140625,101.63408739157747,2686197.3129882812,362105.353515625,2324091.9594726562,2751658.9095703126,362105.353515625,2389553.5560546876,138,13602.67857142857,186,0.8325892857142857
-12,1,alexnet,worst_prediction_val0161,161,266907.6965,39681.37890625,227226.31759375002,grad_cam,relative_importance,nan,-644848.05859375,nan,nan,1792480.4161132812,362105.353515625,1430375.0625976562,1544587.5720703125,362105.353515625,1182482.2185546875,215,21165.178571428572,215,0.9620535714285714
-12,1,alexnet,worst_prediction_val0161,161,266907.6965,39681.37890625,227226.31759375002,group_occlusion,heat_flux_change,nan,-644848.05859375,nan,nan,nan,nan,nan,nan,nan,nan,10,1031.25,56,0.25223214285714285
-12,1,alexnet,low_heatflux_val0060,60,20979.71604,24660.47265625,3680.7566162500007,integrated_gradients,heat_flux,-99953656.0,-659868.96484375,-99293787.03515625,150.47500689575236,3087997.7597167967,354594.9755859375,2733402.784130859,2799552.5893554688,354594.9755859375,2444957.6137695312,138,13602.67857142857,144,0.6450892857142857
-12,1,alexnet,low_heatflux_val0060,60,20979.71604,24660.47265625,3680.7566162500007,grad_cam,relative_importance,nan,-659868.96484375,nan,nan,1874298.5409667967,354594.9755859375,1519703.5653808592,1680272.3706054688,354594.9755859375,1325677.3950195312,215,21165.178571428572,0,0.002232142857142857
-12,1,alexnet,low_heatflux_val0060,60,20979.71604,24660.47265625,3680.7566162500007,group_occlusion,heat_flux_change,nan,-659868.96484375,nan,nan,nan,nan,nan,nan,nan,nan,10,1031.25,56,0.25223214285714285
-12,2,rf,near_onb_below_val0060,60,221505.1102,72196.9375,149308.1727,group_occlusion,heat_flux_change,nan,-34697.1015625,nan,nan,nan,nan,nan,nan,nan,nan,5,540.1785714285714,168,0.7522321428571429
-12,2,rf,near_onb_above_val0120,120,427276.195,391430.03125,35846.16375000001,group_occlusion,heat_flux_change,nan,284535.9921875,nan,nan,nan,nan,nan,nan,nan,nan,20,2013.392857142857,0,0.002232142857142857
-12,2,rf,worst_prediction_val0086,86,221505.1102,67728.1328125,153776.9773875,group_occlusion,heat_flux_change,nan,-39165.90625,nan,nan,nan,nan,nan,nan,nan,nan,51,5058.035714285715,56,0.25223214285714285
-12,2,rf,low_heatflux_val0180,180,57593.31665,183894.34375,126301.0271,group_occlusion,heat_flux_change,nan,77000.3046875,nan,nan,nan,nan,nan,nan,nan,nan,51,5058.035714285715,112,0.5022321428571429
-12,2,rf,high_heatflux_val0300,300,859343.9142,746853.0625,112490.8517,group_occlusion,heat_flux_change,nan,639959.0234375,nan,nan,nan,nan,nan,nan,nan,nan,20,2013.392857142857,56,0.25223214285714285
-12,2,cnntf_v2_gap,near_onb_below_val0060,60,221505.1102,65129.53515625,156375.57504375,integrated_gradients,heat_flux,109146600.0,-205611.33984375,109352211.33984375,531.8393986583798,284290.762109375,167962.724609375,116328.03749999998,393928.9912109375,167962.724609375,225966.2666015625,139,13700.892857142857,144,0.6450892857142857
-12,2,cnntf_v2_gap,near_onb_below_val0060,60,221505.1102,65129.53515625,156375.57504375,group_occlusion,heat_flux_change,nan,-205611.33984375,nan,nan,nan,nan,nan,nan,nan,nan,10,1031.25,112,0.5022321428571429
-12,2,cnntf_v2_gap,near_onb_above_val0120,120,427276.195,435234.625,7958.429999999993,integrated_gradients,heat_flux,4521247744.0,164493.75,4521083250.25,27484.833011892548,494981.69140625,352980.828125,142000.86328125,453753.8453125,352980.828125,100773.01718750002,23,2308.035714285714,7,0.033482142857142856
-12,2,cnntf_v2_gap,near_onb_above_val0120,120,427276.195,435234.625,7958.429999999993,group_occlusion,heat_flux_change,nan,164493.75,nan,nan,nan,nan,nan,nan,nan,nan,10,1031.25,168,0.7522321428571429
-12,2,cnntf_v2_gap,worst_prediction_val0056,56,181378.003,-28470.181640625,209848.184640625,integrated_gradients,heat_flux,50031592.0,-299211.056640625,50330803.056640625,168.2117085569191,226292.87680664062,121115.4072265625,105177.46958007812,346194.79658203124,121115.4072265625,225079.38935546874,139,13700.892857142857,144,0.6450892857142857
-12,2,cnntf_v2_gap,worst_prediction_val0056,56,181378.003,-28470.181640625,209848.184640625,group_occlusion,heat_flux_change,nan,-299211.056640625,nan,nan,nan,nan,nan,nan,nan,nan,10,1031.25,112,0.5022321428571429
-12,2,cnntf_v2_gap,low_heatflux_val0180,180,57593.31665,56038.5234375,1554.7932125000007,integrated_gradients,heat_flux,109269472.0,-214702.3515625,109484174.3515625,509.9346772626828,290596.457421875,163380.544921875,127215.91249999998,391839.1990234375,163380.544921875,228458.6541015625,139,13700.892857142857,144,0.6450892857142857
-12,2,cnntf_v2_gap,low_heatflux_val0180,180,57593.31665,56038.5234375,1554.7932125000007,group_occlusion,heat_flux_change,nan,-214702.3515625,nan,nan,nan,nan,nan,nan,nan,nan,10,1031.25,112,0.5022321428571429
-12,2,cnntf_v2_gap,high_heatflux_val0300,300,859343.9142,803411.375,55932.5392,integrated_gradients,heat_flux,145672093696.0,532670.5,145671561025.5,273474.0538954194,576877.6015625,537059.59375,39818.0078125,484967.46171875,537059.59375,-52092.13203124999,23,2308.035714285714,69,0.31026785714285715
-12,2,cnntf_v2_gap,high_heatflux_val0300,300,859343.9142,803411.375,55932.5392,group_occlusion,heat_flux_change,nan,532670.5,nan,nan,nan,nan,nan,nan,nan,nan,153,15075.892857142857,112,0.5022321428571429
-12,2,alexnet,near_onb_below_val0060,60,221505.1102,113614.71875,107890.39145,integrated_gradients,heat_flux,-20183596.0,-520987.34375,-19662608.65625,37.74104859193137,2176289.79453125,374108.171875,1802181.62265625,2073204.146875,374108.171875,1699095.975,138,13602.67857142857,72,0.3236607142857143
-12,2,alexnet,near_onb_below_val0060,60,221505.1102,113614.71875,107890.39145,grad_cam,relative_importance,nan,-520987.34375,nan,nan,1826590.76640625,374108.171875,1452482.59453125,1369058.584375,374108.171875,994950.4125000001,215,21165.178571428572,215,0.9620535714285714
-12,2,alexnet,near_onb_below_val0060,60,221505.1102,113614.71875,107890.39145,group_occlusion,heat_flux_change,nan,-520987.34375,nan,nan,nan,nan,nan,nan,nan,nan,10,1031.25,56,0.25223214285714285
-12,2,alexnet,near_onb_above_val0120,120,427276.195,420542.40625,6733.788750000007,integrated_gradients,heat_flux,-6594678272.0,-214059.65625,-6594464212.34375,30806.665430883826,2654774.2546875,527572.8125,2127201.4421875,2391481.0984375,527572.8125,1863908.2859375002,23,2308.035714285714,8,0.03794642857142857
-12,2,alexnet,near_onb_above_val0120,120,427276.195,420542.40625,6733.788750000007,grad_cam,relative_importance,nan,-214059.65625,nan,nan,1831966.8109374999,527572.8125,1304393.9984374999,2083596.0609374999,527572.8125,1556023.2484374999,0,49.107142857142854,215,0.9620535714285714
-12,2,alexnet,near_onb_above_val0120,120,427276.195,420542.40625,6733.788750000007,group_occlusion,heat_flux_change,nan,-214059.65625,nan,nan,nan,nan,nan,nan,nan,nan,20,2013.392857142857,56,0.25223214285714285
-12,2,alexnet,worst_prediction_val0018,18,181378.003,-12910.9052734375,194288.9082734375,integrated_gradients,heat_flux,162693984.0,-647512.9677734375,163341496.96777344,252.25980806136695,2183806.2284667967,310845.5380859375,1872960.6903808592,1909180.7487304686,310845.5380859375,1598335.210644531,138,13602.67857142857,16,0.07366071428571429
-12,2,alexnet,worst_prediction_val0018,18,181378.003,-12910.9052734375,194288.9082734375,grad_cam,relative_importance,nan,-647512.9677734375,nan,nan,1481981.5659667968,310845.5380859375,1171136.0278808593,1137562.4393554688,310845.5380859375,826716.9012695313,215,21165.178571428572,215,0.9620535714285714
-12,2,alexnet,worst_prediction_val0018,18,181378.003,-12910.9052734375,194288.9082734375,group_occlusion,heat_flux_change,nan,-647512.9677734375,nan,nan,nan,nan,nan,nan,nan,nan,20,2013.392857142857,56,0.25223214285714285
-12,2,alexnet,low_heatflux_val0180,180,57593.31665,177067.828125,119474.511475,integrated_gradients,heat_flux,-23315580.0,-457534.234375,-22858045.765625,49.9592031552557,2206439.5406250004,405834.96875,1800604.5718750004,2247299.4640625,405834.96875,1841464.4953124998,138,13602.67857142857,72,0.3236607142857143
-12,2,alexnet,low_heatflux_val0180,180,57593.31665,177067.828125,119474.511475,grad_cam,relative_importance,nan,-457534.234375,nan,nan,1855723.50625,405834.96875,1449888.5375,1346058.0578125,405834.96875,940223.0890625,0,49.107142857142854,215,0.9620535714285714
-12,2,alexnet,low_heatflux_val0180,180,57593.31665,177067.828125,119474.511475,group_occlusion,heat_flux_change,nan,-457534.234375,nan,nan,nan,nan,nan,nan,nan,nan,10,1031.25,56,0.25223214285714285
-12,2,alexnet,high_heatflux_val0300,300,859343.9142,769922.5625,89421.3517,integrated_gradients,heat_flux,-93514858496.0,135320.5,-93514993816.5,691063.0230933229,4006465.1375,702262.96875,3304202.16875,3804637.3828125,702262.96875,3102374.4140625,23,2308.035714285714,64,0.28794642857142855
-12,2,alexnet,high_heatflux_val0300,300,859343.9142,769922.5625,89421.3517,grad_cam,relative_importance,nan,135320.5,nan,nan,2674282.00625,702262.96875,1972019.0375,2684413.1828125003,702262.96875,1982150.2140625003,0,49.107142857142854,215,0.9620535714285714
-12,2,alexnet,high_heatflux_val0300,300,859343.9142,769922.5625,89421.3517,group_occlusion,heat_flux_change,nan,135320.5,nan,nan,nan,nan,nan,nan,nan,nan,20,2013.392857142857,56,0.25223214285714285
-12,3,rf,near_onb_below_val0180,180,315466.1173,268088.03125,47378.08604999998,group_occlusion,heat_flux_change,nan,103335.25,nan,nan,nan,nan,nan,nan,nan,nan,20,2013.392857142857,56,0.25223214285714285
-12,3,rf,near_onb_above_val0240,240,489453.9981,565291.0625,75837.06439999997,group_occlusion,heat_flux_change,nan,400538.28125,nan,nan,nan,nan,nan,nan,nan,nan,20,2013.392857142857,0,0.002232142857142857
-12,3,rf,worst_prediction_val0201,201,315466.1173,132869.21875,182596.89854999998,group_occlusion,heat_flux_change,nan,-31883.5625,nan,nan,nan,nan,nan,nan,nan,nan,51,5058.035714285715,112,0.5022321428571429
-12,3,rf,low_heatflux_val0000,0,0.000328047,130085.21875,130085.218421953,group_occlusion,heat_flux_change,nan,-34667.5625,nan,nan,nan,nan,nan,nan,nan,nan,5,540.1785714285714,112,0.5022321428571429
-12,3,rf,high_heatflux_val0300,300,698421.296,784840.25,86418.95400000003,group_occlusion,heat_flux_change,nan,620087.46875,nan,nan,nan,nan,nan,nan,nan,nan,20,2013.392857142857,0,0.002232142857142857
-12,3,cnntf_v2_gap,near_onb_below_val0180,180,315466.1173,304813.0625,10653.054799999984,integrated_gradients,heat_flux,-33924536.0,97081.140625,-34021617.140625,350.4451731983861,181292.6578125,256264.5390625,-74971.88125,333500.274609375,256264.5390625,77235.73554687499,138,13602.67857142857,145,0.6495535714285714
-12,3,cnntf_v2_gap,near_onb_below_val0180,180,315466.1173,304813.0625,10653.054799999984,group_occlusion,heat_flux_change,nan,97081.140625,nan,nan,nan,nan,nan,nan,nan,nan,153,15075.892857142857,168,0.7522321428571429
-12,3,cnntf_v2_gap,near_onb_above_val0240,240,489453.9981,485037.375,4416.623100000026,integrated_gradients,heat_flux,-2310720256.0,277305.453125,-2310997561.453125,8333.761689177474,320509.43828125,346408.1171875,-25898.67890624999,315359.815234375,346408.1171875,-31048.30195312499,23,2308.035714285714,19,0.08705357142857142
-12,3,cnntf_v2_gap,near_onb_above_val0240,240,489453.9981,485037.375,4416.623100000026,group_occlusion,heat_flux_change,nan,277305.453125,nan,nan,nan,nan,nan,nan,nan,nan,153,15075.892857142857,56,0.25223214285714285
-12,3,cnntf_v2_gap,worst_prediction_val0023,23,0.000328047,286843.125,286843.124671953,integrated_gradients,heat_flux,40006560.0,79111.203125,39927448.796875,504.70031069793566,117983.54423828126,247294.3671875,-129310.82294921874,341802.798046875,247294.3671875,94508.43085937499,139,13700.892857142857,158,0.7075892857142857
-12,3,cnntf_v2_gap,worst_prediction_val0023,23,0.000328047,286843.125,286843.124671953,group_occlusion,heat_flux_change,nan,79111.203125,nan,nan,nan,nan,nan,nan,nan,nan,153,15075.892857142857,168,0.7522321428571429
-12,3,cnntf_v2_gap,low_heatflux_val0000,0,0.000328047,199581.234375,199581.234046953,integrated_gradients,heat_flux,-23216278.0,-8150.6875,-23208127.3125,2847.3827897953392,149422.19140625,203603.921875,-54181.73046875,327092.062890625,203603.921875,123488.14101562498,138,13602.67857142857,145,0.6495535714285714
-12,3,cnntf_v2_gap,low_heatflux_val0000,0,0.000328047,199581.234375,199581.234046953,group_occlusion,heat_flux_change,nan,-8150.6875,nan,nan,nan,nan,nan,nan,nan,nan,51,5058.035714285715,168,0.7522321428571429
-12,3,cnntf_v2_gap,high_heatflux_val0300,300,698421.296,758091.25,59669.95400000003,integrated_gradients,heat_flux,-19954800640.0,550359.328125,-19955350999.328125,36258.76764424674,403081.23828125,482917.6171875,-79836.37890625,374597.840234375,482917.6171875,-108319.77695312502,23,2308.035714285714,189,0.8459821428571429
-12,3,cnntf_v2_gap,high_heatflux_val0300,300,698421.296,758091.25,59669.95400000003,group_occlusion,heat_flux_change,nan,550359.328125,nan,nan,nan,nan,nan,nan,nan,nan,153,15075.892857142857,56,0.25223214285714285
-12,3,alexnet,near_onb_below_val0180,180,315466.1173,330081.96875,14615.851450000016,integrated_gradients,heat_flux,7883651.0,-170761.15625,8054412.15625,47.167706831746166,1962085.0812499998,415462.75,1546622.3312499998,2029724.203125,415462.75,1614261.453125,23,2308.035714285714,144,0.6450892857142857
-12,3,alexnet,near_onb_below_val0180,180,315466.1173,330081.96875,14615.851450000016,grad_cam,relative_importance,nan,-170761.15625,nan,nan,1597680.56875,415462.75,1182217.81875,1046700.1000000001,415462.75,631237.3500000001,215,21165.178571428572,215,0.9620535714285714
-12,3,alexnet,near_onb_below_val0180,180,315466.1173,330081.96875,14615.851450000016,group_occlusion,heat_flux_change,nan,-170761.15625,nan,nan,nan,nan,nan,nan,nan,nan,10,1031.25,56,0.25223214285714285
-12,3,alexnet,near_onb_above_val0240,240,489453.9981,472225.6875,17228.310600000026,integrated_gradients,heat_flux,4502306816.0,-28617.4375,4502335433.4375,157328.39229359722,2823623.93359375,486534.734375,2337089.19921875,2115597.5640625,486534.734375,1629062.8296875,22,2209.8214285714284,19,0.08705357142857142
-12,3,alexnet,near_onb_above_val0240,240,489453.9981,472225.6875,17228.310600000026,grad_cam,relative_importance,nan,-28617.4375,nan,nan,1672382.57734375,486534.734375,1185847.84296875,1503348.2890625,486534.734375,1016813.5546875,215,21165.178571428572,215,0.9620535714285714
-12,3,alexnet,near_onb_above_val0240,240,489453.9981,472225.6875,17228.310600000026,group_occlusion,heat_flux_change,nan,-28617.4375,nan,nan,nan,nan,nan,nan,nan,nan,10,1031.25,56,0.25223214285714285
-12,3,alexnet,worst_prediction_val0040,40,0.000328047,243775.375,243775.374671953,integrated_gradients,heat_flux,-36881100.0,-257067.75,-36624032.25,142.4684047298815,1610217.816796875,372309.3359375,1237908.480859375,1772699.4773437502,372309.3359375,1400390.1414062502,138,13602.67857142857,32,0.14508928571428573
-12,3,alexnet,worst_prediction_val0040,40,0.000328047,243775.375,243775.374671953,grad_cam,relative_importance,nan,-257067.75,nan,nan,1217158.471484375,372309.3359375,844849.135546875,839891.90546875,372309.3359375,467582.56953125005,215,21165.178571428572,215,0.9620535714285714
-12,3,alexnet,worst_prediction_val0040,40,0.000328047,243775.375,243775.374671953,group_occlusion,heat_flux_change,nan,-257067.75,nan,nan,nan,nan,nan,nan,nan,nan,10,1031.25,56,0.25223214285714285
-12,3,alexnet,low_heatflux_val0000,0,0.000328047,130571.453125,130571.452796953,integrated_gradients,heat_flux,38453880.0,-370271.671875,38824151.671875,104.85315140441433,1859189.4607421877,315707.27734375,1543482.1833984377,1862109.860546875,315707.27734375,1546402.583203125,7,736.6071428571429,144,0.6450892857142857
-12,3,alexnet,low_heatflux_val0000,0,0.000328047,130571.453125,130571.452796953,grad_cam,relative_importance,nan,-370271.671875,nan,nan,1141235.7513671876,315707.27734375,825528.4740234376,1086439.993359375,315707.27734375,770732.716015625,215,21165.178571428572,215,0.9620535714285714
-12,3,alexnet,low_heatflux_val0000,0,0.000328047,130571.453125,130571.452796953,group_occlusion,heat_flux_change,nan,-370271.671875,nan,nan,nan,nan,nan,nan,nan,nan,10,1031.25,56,0.25223214285714285
-12,3,alexnet,high_heatflux_val0300,300,698421.296,689236.3125,9184.983499999973,integrated_gradients,heat_flux,-8490904064.0,188393.1875,-8491092457.1875,45071.12263381339,3417742.528125,595040.25,2822702.278125,2746728.546875,595040.25,2151688.296875,23,2308.035714285714,74,0.3325892857142857
-12,3,alexnet,high_heatflux_val0300,300,698421.296,689236.3125,9184.983499999973,grad_cam,relative_importance,nan,188393.1875,nan,nan,1908806.009375,595040.25,1313765.759375,1705656.153125,595040.25,1110615.903125,0,49.107142857142854,0,0.002232142857142857
-12,3,alexnet,high_heatflux_val0300,300,698421.296,689236.3125,9184.983499999973,group_occlusion,heat_flux_change,nan,188393.1875,nan,nan,nan,nan,nan,nan,nan,nan,10,1031.25,56,0.25223214285714285
-16,1,rf,near_onb_below_val0120,120,266907.6965,93395.03125,173512.66525000002,group_occlusion,heat_flux_change,nan,-23441.0859375,nan,nan,nan,nan,nan,nan,nan,nan,51,5058.035714285715,0,0.002232142857142857
-16,1,rf,near_onb_above_val0180,180,368978.105,366014.75,2963.3549999999814,group_occlusion,heat_flux_change,nan,249178.6328125,nan,nan,nan,nan,nan,nan,nan,nan,20,2013.392857142857,112,0.5022321428571429
-16,1,rf,false_negative_val0230,230,368978.105,307645.59375,61332.51124999998,group_occlusion,heat_flux_change,nan,190809.4765625,nan,nan,nan,nan,nan,nan,nan,nan,20,2013.392857142857,112,0.5022321428571429
-16,1,rf,low_heatflux_val0060,60,20979.71604,106678.5546875,85698.8386475,group_occlusion,heat_flux_change,nan,-10157.5625,nan,nan,nan,nan,nan,nan,nan,nan,20,2013.392857142857,168,0.7522321428571429
-16,1,rf,high_heatflux_val0300,300,776647.2223,691431.5625,85215.65980000002,group_occlusion,heat_flux_change,nan,574595.4453125,nan,nan,nan,nan,nan,nan,nan,nan,20,2013.392857142857,56,0.25223214285714285
-16,1,cnntf_v2_gap,near_onb_below_val0120,120,266907.6965,137669.5625,129238.13400000002,integrated_gradients,heat_flux,57711916.0,-131941.96875,57843857.96875,438.40378097094293,150659.05143432616,203673.046875,-53013.99544067384,208315.7400390625,203673.046875,4642.693164062512,139,13700.892857142857,145,0.6495535714285714
-16,1,cnntf_v2_gap,near_onb_below_val0120,120,266907.6965,137669.5625,129238.13400000002,group_occlusion,heat_flux_change,nan,-131941.96875,nan,nan,nan,nan,nan,nan,nan,nan,20,2013.392857142857,0,0.002232142857142857
-16,1,cnntf_v2_gap,near_onb_above_val0180,180,368978.105,415359.1875,46381.08250000002,integrated_gradients,heat_flux,-499309504.0,145747.65625,-499455251.65625,3426.849285312264,205221.19257812502,342483.5625,-137262.36992187498,315196.953515625,342483.5625,-27286.608984375023,23,2308.035714285714,1,0.006696428571428571
-16,1,cnntf_v2_gap,near_onb_above_val0180,180,368978.105,415359.1875,46381.08250000002,group_occlusion,heat_flux_change,nan,145747.65625,nan,nan,nan,nan,nan,nan,nan,nan,153,15075.892857142857,112,0.5022321428571429
-16,1,cnntf_v2_gap,false_negative_val0230,230,368978.105,269081.9375,99896.16749999998,integrated_gradients,heat_flux,155163424.0,-529.59375,155163953.59375,292986.7537027197,143473.61420898436,269378.734375,-125905.12016601564,255991.56640625,269378.734375,-13387.16796875,139,13700.892857142857,173,0.7745535714285714
-16,1,cnntf_v2_gap,false_negative_val0230,230,368978.105,269081.9375,99896.16749999998,group_occlusion,heat_flux_change,nan,-529.59375,nan,nan,nan,nan,nan,nan,nan,nan,20,2013.392857142857,112,0.5022321428571429
-16,1,cnntf_v2_gap,worst_prediction_val0164,164,266907.6965,94778.3359375,172129.36056250002,integrated_gradients,heat_flux,174423264.0,-174833.1953125,174598097.1953125,998.6553004607204,122957.51040039063,182213.82421875,-59256.31381835937,192634.5232421875,182213.82421875,10420.699023437512,139,13700.892857142857,165,0.7388392857142857
-16,1,cnntf_v2_gap,worst_prediction_val0164,164,266907.6965,94778.3359375,172129.36056250002,group_occlusion,heat_flux_change,nan,-174833.1953125,nan,nan,nan,nan,nan,nan,nan,nan,20,2013.392857142857,0,0.002232142857142857
-16,1,cnntf_v2_gap,low_heatflux_val0060,60,20979.71604,100696.8828125,79717.1667725,integrated_gradients,heat_flux,61565200.0,-168914.6484375,61734114.6484375,365.4751983886093,135627.83891601564,185145.74609375,-49517.90717773436,192175.6851348877,185145.74609375,7029.939041137695,139,13700.892857142857,145,0.6495535714285714
-16,1,cnntf_v2_gap,low_heatflux_val0060,60,20979.71604,100696.8828125,79717.1667725,group_occlusion,heat_flux_change,nan,-168914.6484375,nan,nan,nan,nan,nan,nan,nan,nan,20,2013.392857142857,0,0.002232142857142857
-16,1,alexnet,near_onb_below_val0120,120,266907.6965,88205.046875,178702.64962500002,integrated_gradients,heat_flux,705974464.0,-637740.578125,706612204.578125,1107.9931696609492,5450908.053515625,407075.3828125,5043832.670703125,5228636.55078125,407075.3828125,4821561.16796875,139,13700.892857142857,144,0.6450892857142857
-16,1,alexnet,near_onb_below_val0120,120,266907.6965,88205.046875,178702.64962500002,grad_cam,relative_importance,nan,-637740.578125,nan,nan,3499742.784765625,407075.3828125,3092667.401953125,2645803.99453125,407075.3828125,2238728.61171875,215,21165.178571428572,215,0.9620535714285714
-16,1,alexnet,near_onb_below_val0120,120,266907.6965,88205.046875,178702.64962500002,group_occlusion,heat_flux_change,nan,-637740.578125,nan,nan,nan,nan,nan,nan,nan,nan,10,1031.25,56,0.25223214285714285
-16,1,alexnet,near_onb_above_val0180,180,368978.105,406875.0625,37896.95750000002,integrated_gradients,heat_flux,3896226304.0,-319070.5625,3896545374.5625,12212.174460821656,7207604.54921875,566410.671875,6641193.87734375,6203590.970312499,566410.671875,5637180.298437499,22,2209.8214285714284,66,0.296875
-16,1,alexnet,near_onb_above_val0180,180,368978.105,406875.0625,37896.95750000002,grad_cam,relative_importance,nan,-319070.5625,nan,nan,4497826.53671875,566410.671875,3931415.8648437504,3295349.7078125,566410.671875,2728939.0359375,0,49.107142857142854,0,0.002232142857142857
-16,1,alexnet,near_onb_above_val0180,180,368978.105,406875.0625,37896.95750000002,group_occlusion,heat_flux_change,nan,-319070.5625,nan,nan,nan,nan,nan,nan,nan,nan,10,1031.25,56,0.25223214285714285
-16,1,alexnet,false_negative_val0230,230,368978.105,212636.421875,156341.68312499998,integrated_gradients,heat_flux,-49919480.0,-513309.203125,-49406170.796875,96.25031169535394,4911998.73203125,469291.078125,4442707.65390625,5202768.0234375,469291.078125,4733476.9453125,139,13700.892857142857,173,0.7745535714285714
-16,1,alexnet,false_negative_val0230,230,368978.105,212636.421875,156341.68312499998,grad_cam,relative_importance,nan,-513309.203125,nan,nan,3390100.1570312497,469291.078125,2920809.0789062497,2815373.3484375,469291.078125,2346082.2703125,215,21165.178571428572,215,0.9620535714285714
-16,1,alexnet,false_negative_val0230,230,368978.105,212636.421875,156341.68312499998,group_occlusion,heat_flux_change,nan,-513309.203125,nan,nan,nan,nan,nan,nan,nan,nan,10,1031.25,56,0.25223214285714285
-16,1,alexnet,worst_prediction_val0154,154,266907.6965,17541.439453125,249366.25704687502,integrated_gradients,heat_flux,-193952656.0,-708404.185546875,-193244251.81445312,272.7881282424554,5380530.098730469,371743.537109375,5008786.561621094,5403436.427929688,371743.537109375,5031692.890820313,138,13602.67857142857,129,0.578125
-16,1,alexnet,worst_prediction_val0154,154,266907.6965,17541.439453125,249366.25704687502,grad_cam,relative_importance,nan,-708404.185546875,nan,nan,3909536.9581054687,371743.537109375,3537793.4209960937,2703887.5873046876,371743.537109375,2332144.0501953126,215,21165.178571428572,215,0.9620535714285714
-16,1,alexnet,worst_prediction_val0154,154,266907.6965,17541.439453125,249366.25704687502,group_occlusion,heat_flux_change,nan,-708404.185546875,nan,nan,nan,nan,nan,nan,nan,nan,102,10066.964285714286,56,0.25223214285714285
-16,1,alexnet,low_heatflux_val0060,60,20979.71604,64226.140625,43246.424585,integrated_gradients,heat_flux,700349696.0,-661719.484375,701011415.484375,1059.3785312918308,5501290.96875,395085.9375,5106205.03125,5258019.628125,395085.9375,4862933.690625,139,13700.892857142857,144,0.6450892857142857
-16,1,alexnet,low_heatflux_val0060,60,20979.71604,64226.140625,43246.424585,grad_cam,relative_importance,nan,-661719.484375,nan,nan,4363942.8,395085.9375,3968856.8625,2855332.578125,395085.9375,2460246.640625,46,4566.964285714285,215,0.9620535714285714
-16,1,alexnet,low_heatflux_val0060,60,20979.71604,64226.140625,43246.424585,group_occlusion,heat_flux_change,nan,-661719.484375,nan,nan,nan,nan,nan,nan,nan,nan,10,1031.25,56,0.25223214285714285
-16,2,rf,near_onb_below_val0060,60,221505.1102,75779.7265625,145725.3836375,group_occlusion,heat_flux_change,nan,-1175.4921875,nan,nan,nan,nan,nan,nan,nan,nan,51,5058.035714285715,0,0.002232142857142857
-16,2,rf,near_onb_above_val0120,120,427276.195,389800.40625,37475.78875000001,group_occlusion,heat_flux_change,nan,312845.1875,nan,nan,nan,nan,nan,nan,nan,nan,20,2013.392857142857,0,0.002232142857142857
-16,2,rf,worst_prediction_val0100,100,221505.1102,70298.1640625,151206.9461375,group_occlusion,heat_flux_change,nan,-6657.0546875,nan,nan,nan,nan,nan,nan,nan,nan,51,5058.035714285715,56,0.25223214285714285
-16,2,rf,low_heatflux_val0180,180,57593.31665,113054.5390625,55461.2224125,group_occlusion,heat_flux_change,nan,36099.3203125,nan,nan,nan,nan,nan,nan,nan,nan,51,5058.035714285715,112,0.5022321428571429
-16,2,rf,high_heatflux_val0300,300,859343.9142,748517.1875,110826.7267,group_occlusion,heat_flux_change,nan,671561.96875,nan,nan,nan,nan,nan,nan,nan,nan,20,2013.392857142857,56,0.25223214285714285
-16,2,cnntf_v2_gap,near_onb_below_val0060,60,221505.1102,197392.734375,24112.375824999996,integrated_gradients,heat_flux,234675952.0,-48664.78125,234724616.78125,4823.2954254006845,258479.82265624998,221724.7578125,36755.06484374998,298014.428515625,221724.7578125,76289.67070312501,139,13700.892857142857,144,0.6450892857142857
-16,2,cnntf_v2_gap,near_onb_below_val0060,60,221505.1102,197392.734375,24112.375824999996,group_occlusion,heat_flux_change,nan,-48664.78125,nan,nan,nan,nan,nan,nan,nan,nan,20,2013.392857142857,168,0.7522321428571429
-16,2,cnntf_v2_gap,near_onb_above_val0120,120,427276.195,425757.875,1518.320000000007,integrated_gradients,heat_flux,978174464.0,179700.359375,977994763.640625,5442.363983255807,368408.74687499995,335916.0234375,32492.723437499953,417190.947265625,335916.0234375,81274.923828125,22,2209.8214285714284,7,0.033482142857142856
-16,2,cnntf_v2_gap,near_onb_above_val0120,120,427276.195,425757.875,1518.320000000007,group_occlusion,heat_flux_change,nan,179700.359375,nan,nan,nan,nan,nan,nan,nan,nan,20,2013.392857142857,168,0.7522321428571429
-16,2,cnntf_v2_gap,worst_prediction_val0205,205,57593.31665,252992.296875,195398.980225,integrated_gradients,heat_flux,-272838368.0,6934.78125,-272845302.78125,39344.471432498314,238315.743359375,249537.2421875,-11221.498828125012,341232.557421875,249537.2421875,91695.31523437501,139,13700.892857142857,176,0.7879464285714286
-16,2,cnntf_v2_gap,worst_prediction_val0205,205,57593.31665,252992.296875,195398.980225,group_occlusion,heat_flux_change,nan,6934.78125,nan,nan,nan,nan,nan,nan,nan,nan,20,2013.392857142857,0,0.002232142857142857
-16,2,cnntf_v2_gap,low_heatflux_val0180,180,57593.31665,214821.40625,157228.0896,integrated_gradients,heat_flux,235314304.0,-31236.109375,235345540.109375,7534.406327112401,253259.544921875,230406.5390625,22853.005859375,337259.941015625,230406.5390625,106853.40195312502,139,13700.892857142857,144,0.6450892857142857
-16,2,cnntf_v2_gap,low_heatflux_val0180,180,57593.31665,214821.40625,157228.0896,group_occlusion,heat_flux_change,nan,-31236.109375,nan,nan,nan,nan,nan,nan,nan,nan,20,2013.392857142857,168,0.7522321428571429
-16,2,cnntf_v2_gap,high_heatflux_val0300,300,859343.9142,821451.5625,37892.3517,integrated_gradients,heat_flux,81148698624.0,575394.046875,81148123229.95312,141030.52277074035,425777.71640625,533760.6328125,-107982.91640624998,457953.754296875,533760.6328125,-75806.87851562502,23,2308.035714285714,192,0.859375
-16,2,cnntf_v2_gap,high_heatflux_val0300,300,859343.9142,821451.5625,37892.3517,group_occlusion,heat_flux_change,nan,575394.046875,nan,nan,nan,nan,nan,nan,nan,nan,102,10066.964285714286,112,0.5022321428571429
-16,2,alexnet,near_onb_below_val0060,60,221505.1102,14990.7314453125,206514.3787546875,integrated_gradients,heat_flux,-501582784.0,-1448335.0185546875,-500134448.9814453,345.3168241975783,2798830.1220703125,739158.19140625,2059671.9306640625,2918495.014453125,739158.19140625,2179336.823046875,138,13602.67857142857,145,0.6495535714285714
-16,2,alexnet,near_onb_below_val0060,60,221505.1102,14990.7314453125,206514.3787546875,grad_cam,relative_importance,nan,-1448335.0185546875,nan,nan,2100992.4783203127,739158.19140625,1361834.2869140627,1787553.755078125,739158.19140625,1048395.563671875,215,21165.178571428572,215,0.9620535714285714
-16,2,alexnet,near_onb_below_val0060,60,221505.1102,14990.7314453125,206514.3787546875,group_occlusion,heat_flux_change,nan,-1448335.0185546875,nan,nan,nan,nan,nan,nan,nan,nan,10,1031.25,56,0.25223214285714285
-16,2,alexnet,near_onb_above_val0120,120,427276.195,415069.9375,12206.257500000007,integrated_gradients,heat_flux,4391299584.0,-1048255.8125,4392347839.8125,4190.14880474369,3123287.79765625,939198.078125,2184089.71953125,3020608.6515625,939198.078125,2081410.5734374998,23,2308.035714285714,8,0.03794642857142857
-16,2,alexnet,near_onb_above_val0120,120,427276.195,415069.9375,12206.257500000007,grad_cam,relative_importance,nan,-1048255.8125,nan,nan,2310304.59140625,939198.078125,1371106.51328125,2066156.9640624998,939198.078125,1126958.8859374998,0,49.107142857142854,215,0.9620535714285714
-16,2,alexnet,near_onb_above_val0120,120,427276.195,415069.9375,12206.257500000007,group_occlusion,heat_flux_change,nan,-1048255.8125,nan,nan,nan,nan,nan,nan,nan,nan,10,1031.25,56,0.25223214285714285
-16,2,alexnet,worst_prediction_val0104,104,221505.1102,-23524.8125,245029.9227,integrated_gradients,heat_flux,-364952064.0,-1486850.5625,-363465213.4375,244.45308937191865,2390045.264599609,719900.4169921875,1670144.8476074217,2568826.5522460938,719900.4169921875,1848926.1352539062,138,13602.67857142857,162,0.7254464285714286
-16,2,alexnet,worst_prediction_val0104,104,221505.1102,-23524.8125,245029.9227,grad_cam,relative_importance,nan,-1486850.5625,nan,nan,1778749.0083496093,719900.4169921875,1058848.5913574218,1667932.8522460938,719900.4169921875,948032.4352539063,215,21165.178571428572,215,0.9620535714285714
-16,2,alexnet,worst_prediction_val0104,104,221505.1102,-23524.8125,245029.9227,group_occlusion,heat_flux_change,nan,-1486850.5625,nan,nan,nan,nan,nan,nan,nan,nan,10,1031.25,0,0.002232142857142857
-16,2,alexnet,low_heatflux_val0180,180,57593.31665,98065.2890625,40471.9724125,integrated_gradients,heat_flux,-507311008.0,-1365260.4609375,-505945747.5390625,370.5855124462028,2745961.728515625,780695.8203125,1965265.908203125,3001555.46640625,780695.8203125,2220859.64609375,138,13602.67857142857,145,0.6495535714285714
-16,2,alexnet,low_heatflux_val0180,180,57593.31665,98065.2890625,40471.9724125,grad_cam,relative_importance,nan,-1365260.4609375,nan,nan,2047017.234765625,780695.8203125,1266321.414453125,1812640.89765625,780695.8203125,1031945.07734375,215,21165.178571428572,215,0.9620535714285714
-16,2,alexnet,low_heatflux_val0180,180,57593.31665,98065.2890625,40471.9724125,group_occlusion,heat_flux_change,nan,-1365260.4609375,nan,nan,nan,nan,nan,nan,nan,nan,10,1031.25,56,0.25223214285714285
-16,2,alexnet,high_heatflux_val0300,300,859343.9142,766665.8125,92678.1017,integrated_gradients,heat_flux,119023394816.0,-696659.9375,119024091475.9375,170849.62844721857,4548775.2796875,1114996.46875,3433778.8109374996,3718895.703125,1114996.46875,2603899.234375,23,2308.035714285714,65,0.2924107142857143
-16,2,alexnet,high_heatflux_val0300,300,859343.9142,766665.8125,92678.1017,grad_cam,relative_importance,nan,-696659.9375,nan,nan,2434796.1546875,1114996.46875,1319799.6859375,2811084.246875,1114996.46875,1696087.7781250002,0,49.107142857142854,215,0.9620535714285714
-16,2,alexnet,high_heatflux_val0300,300,859343.9142,766665.8125,92678.1017,group_occlusion,heat_flux_change,nan,-696659.9375,nan,nan,nan,nan,nan,nan,nan,nan,10,1031.25,0,0.002232142857142857
-16,3,rf,near_onb_below_val0180,180,315466.1173,270918.1875,44547.92979999998,group_occlusion,heat_flux_change,nan,124860.484375,nan,nan,nan,nan,nan,nan,nan,nan,20,2013.392857142857,0,0.002232142857142857
-16,3,rf,near_onb_above_val0240,240,489453.9981,568419.8125,78965.81439999997,group_occlusion,heat_flux_change,nan,422362.109375,nan,nan,nan,nan,nan,nan,nan,nan,20,2013.392857142857,0,0.002232142857142857
-16,3,rf,worst_prediction_val0197,197,315466.1173,134118.25,181347.86729999998,group_occlusion,heat_flux_change,nan,-11939.453125,nan,nan,nan,nan,nan,nan,nan,nan,51,5058.035714285715,56,0.25223214285714285
-16,3,rf,low_heatflux_val0000,0,0.000328047,134355.84375,134355.843421953,group_occlusion,heat_flux_change,nan,-11701.859375,nan,nan,nan,nan,nan,nan,nan,nan,51,5058.035714285715,0,0.002232142857142857
-16,3,rf,high_heatflux_val0300,300,698421.296,779325.3125,80904.01650000003,group_occlusion,heat_flux_change,nan,633267.609375,nan,nan,nan,nan,nan,nan,nan,nan,20,2013.392857142857,0,0.002232142857142857
-16,3,cnntf_v2_gap,near_onb_below_val0180,180,315466.1173,266239.84375,49226.27354999998,integrated_gradients,heat_flux,151241936.0,-61200.59375,151303136.59375,2472.249488490461,298761.27031249995,296824.296875,1936.9734374999534,322065.33203125,296824.296875,25241.03515625,139,13700.892857142857,143,0.640625
-16,3,cnntf_v2_gap,near_onb_below_val0180,180,315466.1173,266239.84375,49226.27354999998,group_occlusion,heat_flux_change,nan,-61200.59375,nan,nan,nan,nan,nan,nan,nan,nan,51,5058.035714285715,56,0.25223214285714285
-16,3,cnntf_v2_gap,near_onb_above_val0240,240,489453.9981,473769.46875,15684.529350000026,integrated_gradients,heat_flux,-2672930560.0,146329.03125,-2673076889.03125,18267.577296157695,396809.94921875,400645.296875,-3835.34765625,369341.1578125,400645.296875,-31304.139062499977,23,2308.035714285714,19,0.08705357142857142
-16,3,cnntf_v2_gap,near_onb_above_val0240,240,489453.9981,473769.46875,15684.529350000026,group_occlusion,heat_flux_change,nan,146329.03125,nan,nan,nan,nan,nan,nan,nan,nan,153,15075.892857142857,168,0.7522321428571429
-16,3,cnntf_v2_gap,worst_prediction_val0197,197,315466.1173,92562.265625,222903.85167499998,integrated_gradients,heat_flux,164336704.0,-234878.171875,164571582.171875,700.6678434957271,266119.7978515625,209976.44140625,56143.3564453125,294881.839453125,209976.44140625,84905.39804687502,139,13700.892857142857,29,0.13169642857142858
-16,3,cnntf_v2_gap,worst_prediction_val0197,197,315466.1173,92562.265625,222903.85167499998,group_occlusion,heat_flux_change,nan,-234878.171875,nan,nan,nan,nan,nan,nan,nan,nan,51,5058.035714285715,112,0.5022321428571429
-16,3,cnntf_v2_gap,low_heatflux_val0000,0,0.000328047,74617.96875,74617.968421953,integrated_gradients,heat_flux,163808816.0,-252822.46875,164061638.46875,648.9203245261405,274043.437109375,201042.40625,73001.03085937502,275625.325,201042.40625,74582.91875000001,139,13700.892857142857,143,0.640625
-16,3,cnntf_v2_gap,low_heatflux_val0000,0,0.000328047,74617.96875,74617.968421953,group_occlusion,heat_flux_change,nan,-252822.46875,nan,nan,nan,nan,nan,nan,nan,nan,51,5058.035714285715,112,0.5022321428571429
-16,3,cnntf_v2_gap,high_heatflux_val0300,300,698421.296,737974.1875,39552.89150000003,integrated_gradients,heat_flux,-20301015040.0,410533.75,-20301425573.75,49451.2949879273,459445.8078125,532707.6875,-73261.87968750001,428995.39765625,532707.6875,-103712.28984375001,23,2308.035714285714,16,0.07366071428571429
-16,3,cnntf_v2_gap,high_heatflux_val0300,300,698421.296,737974.1875,39552.89150000003,group_occlusion,heat_flux_change,nan,410533.75,nan,nan,nan,nan,nan,nan,nan,nan,153,15075.892857142857,168,0.7522321428571429
-16,3,alexnet,near_onb_below_val0180,180,315466.1173,261274.765625,54191.35167499998,integrated_gradients,heat_flux,-28155610.0,-344069.984375,-27811540.015625,80.83105553698446,2449483.687890625,433309.5703125,2016174.117578125,2141683.54765625,433309.5703125,1708373.9773437502,138,13602.67857142857,144,0.6450892857142857
-16,3,alexnet,near_onb_below_val0180,180,315466.1173,261274.765625,54191.35167499998,grad_cam,relative_importance,nan,-344069.984375,nan,nan,1341190.341015625,433309.5703125,907880.770703125,1314407.16953125,433309.5703125,881097.5992187499,215,21165.178571428572,0,0.002232142857142857
-16,3,alexnet,near_onb_below_val0180,180,315466.1173,261274.765625,54191.35167499998,group_occlusion,heat_flux_change,nan,-344069.984375,nan,nan,nan,nan,nan,nan,nan,nan,10,1031.25,56,0.25223214285714285
-16,3,alexnet,near_onb_above_val0240,240,489453.9981,460927.96875,28526.029350000026,integrated_gradients,heat_flux,3641864448.0,-144416.78125,3642008864.78125,25218.73727732905,2733825.42421875,533136.609375,2200688.81484375,2326070.9859375,533136.609375,1792934.3765625,22,2209.8214285714284,18,0.08258928571428571
-16,3,alexnet,near_onb_above_val0240,240,489453.9981,460927.96875,28526.029350000026,grad_cam,relative_importance,nan,-144416.78125,nan,nan,1707962.78046875,533136.609375,1174826.17109375,1767088.4265625,533136.609375,1233951.8171875,0,49.107142857142854,0,0.002232142857142857
-16,3,alexnet,near_onb_above_val0240,240,489453.9981,460927.96875,28526.029350000026,group_occlusion,heat_flux_change,nan,-144416.78125,nan,nan,nan,nan,nan,nan,nan,nan,10,1031.25,56,0.25223214285714285
-16,3,alexnet,worst_prediction_val0042,42,0.000328047,219526.546875,219526.546546953,integrated_gradients,heat_flux,-116890416.0,-385818.203125,-116504597.796875,301.96760249575124,2171171.983984375,412435.9921875,1758735.991796875,1849093.70859375,412435.9921875,1436657.71640625,138,13602.67857142857,144,0.6450892857142857
-16,3,alexnet,worst_prediction_val0042,42,0.000328047,219526.546875,219526.546546953,grad_cam,relative_importance,nan,-385818.203125,nan,nan,1154299.887109375,412435.9921875,741863.8949218751,1084925.5773437498,412435.9921875,672489.5851562498,215,21165.178571428572,215,0.9620535714285714
-16,3,alexnet,worst_prediction_val0042,42,0.000328047,219526.546875,219526.546546953,group_occlusion,heat_flux_change,nan,-385818.203125,nan,nan,nan,nan,nan,nan,nan,nan,10,1031.25,56,0.25223214285714285
-16,3,alexnet,low_heatflux_val0000,0,0.000328047,44454.00390625,44454.003578203,integrated_gradients,heat_flux,-38339580.0,-560890.74609375,-37778689.25390625,67.35480932251241,2394856.9576171874,324899.27734375,2069957.6802734374,2008209.3761718748,324899.27734375,1683310.0988281248,138,13602.67857142857,144,0.6450892857142857
-16,3,alexnet,low_heatflux_val0000,0,0.000328047,44454.00390625,44454.003578203,grad_cam,relative_importance,nan,-560890.74609375,nan,nan,1456229.4044921875,324899.27734375,1131330.1271484375,1102479.352734375,324899.27734375,777580.075390625,215,21165.178571428572,0,0.002232142857142857
-16,3,alexnet,low_heatflux_val0000,0,0.000328047,44454.00390625,44454.003578203,group_occlusion,heat_flux_change,nan,-560890.74609375,nan,nan,nan,nan,nan,nan,nan,nan,10,1031.25,56,0.25223214285714285
-16,3,alexnet,high_heatflux_val0300,300,698421.296,693853.875,4567.420999999973,integrated_gradients,heat_flux,21840023552.0,88509.125,21839935042.875,246753.4849415244,3291289.0890625,649600.28125,2641688.8078125,2776110.996875,649600.28125,2126510.715625,23,2308.035714285714,16,0.07366071428571429
-16,3,alexnet,high_heatflux_val0300,300,698421.296,693853.875,4567.420999999973,grad_cam,relative_importance,nan,88509.125,nan,nan,1835412.3140625001,649600.28125,1185812.0328125001,1734171.740625,649600.28125,1084571.459375,0,49.107142857142854,0,0.002232142857142857
-16,3,alexnet,high_heatflux_val0300,300,698421.296,693853.875,4567.420999999973,group_occlusion,heat_flux_change,nan,88509.125,nan,nan,nan,nan,nan,nan,nan,nan,10,1031.25,56,0.25223214285714285
-20,1,rf,near_onb_below_val0120,120,266907.6965,123985.4375,142922.25900000002,group_occlusion,heat_flux_change,nan,21470.15625,nan,nan,nan,nan,nan,nan,nan,nan,51,5058.035714285715,0,0.002232142857142857
-20,1,rf,near_onb_above_val0180,180,368978.105,362839.09375,6139.011249999981,group_occlusion,heat_flux_change,nan,260323.8125,nan,nan,nan,nan,nan,nan,nan,nan,20,2013.392857142857,168,0.7522321428571429
-20,1,rf,false_negative_val0194,194,368978.105,305480.65625,63497.44874999998,group_occlusion,heat_flux_change,nan,202965.375,nan,nan,nan,nan,nan,nan,nan,nan,20,2013.392857142857,0,0.002232142857142857
-20,1,rf,worst_prediction_val0135,135,266907.6965,97303.15625,169604.54025000002,group_occlusion,heat_flux_change,nan,-5212.125,nan,nan,nan,nan,nan,nan,nan,nan,51,5058.035714285715,112,0.5022321428571429
-20,1,rf,low_heatflux_val0060,60,20979.71604,120699.078125,99719.362085,group_occlusion,heat_flux_change,nan,18183.796875,nan,nan,nan,nan,nan,nan,nan,nan,51,5058.035714285715,0,0.002232142857142857
-20,1,cnntf_v2_gap,near_onb_below_val0120,120,266907.6965,169770.71875,97136.97775000002,integrated_gradients,heat_flux,-182866912.0,-343075.96875,-182523836.03125,532.0216297756938,273392.8029296875,341314.78125,-67921.97832031251,297209.3290039062,341314.78125,-44105.45224609377,138,13602.67857142857,145,0.6495535714285714
-20,1,cnntf_v2_gap,near_onb_below_val0120,120,266907.6965,169770.71875,97136.97775000002,group_occlusion,heat_flux_change,nan,-343075.96875,nan,nan,nan,nan,nan,nan,nan,nan,10,1031.25,168,0.7522321428571429
-20,1,cnntf_v2_gap,near_onb_above_val0180,180,368978.105,387998.96875,19020.86375000002,integrated_gradients,heat_flux,92256088.0,-124847.71875,92380935.71875,739.9489285321844,339273.16093749995,450392.140625,-111118.97968750005,323879.37578125,450392.140625,-126512.76484374999,23,2308.035714285714,145,0.6495535714285714
-20,1,cnntf_v2_gap,near_onb_above_val0180,180,368978.105,387998.96875,19020.86375000002,group_occlusion,heat_flux_change,nan,-124847.71875,nan,nan,nan,nan,nan,nan,nan,nan,20,2013.392857142857,168,0.7522321428571429
-20,1,cnntf_v2_gap,false_negative_val0229,229,368978.105,262867.25,106110.85499999998,integrated_gradients,heat_flux,87877664.0,-249979.4375,88127643.4375,352.53957012964315,332491.976171875,387862.9375,-55370.96132812498,276555.216015625,387862.9375,-111307.72148437501,139,13700.892857142857,165,0.7388392857142857
-20,1,cnntf_v2_gap,false_negative_val0229,229,368978.105,262867.25,106110.85499999998,group_occlusion,heat_flux_change,nan,-249979.4375,nan,nan,nan,nan,nan,nan,nan,nan,20,2013.392857142857,168,0.7522321428571429
-20,1,cnntf_v2_gap,worst_prediction_val0135,135,266907.6965,35650.13671875,231257.55978125002,integrated_gradients,heat_flux,425906944.0,-477196.55078125,426384140.55078125,893.5189071520311,273133.61455078126,274254.658203125,-1121.0436523437384,195114.7587890625,274254.658203125,-79139.8994140625,138,13602.67857142857,175,0.7834821428571429
-20,1,cnntf_v2_gap,worst_prediction_val0135,135,266907.6965,35650.13671875,231257.55978125002,group_occlusion,heat_flux_change,nan,-477196.55078125,nan,nan,nan,nan,nan,nan,nan,nan,20,2013.392857142857,168,0.7522321428571429
-20,1,cnntf_v2_gap,low_heatflux_val0060,60,20979.71604,144061.078125,123081.362085,integrated_gradients,heat_flux,-177995344.0,-368785.609375,-177626558.390625,481.65262926516544,257874.3005859375,328469.25,-70594.94941406249,253802.42314453126,328469.25,-74666.82685546874,138,13602.67857142857,145,0.6495535714285714
-20,1,cnntf_v2_gap,low_heatflux_val0060,60,20979.71604,144061.078125,123081.362085,group_occlusion,heat_flux_change,nan,-368785.609375,nan,nan,nan,nan,nan,nan,nan,nan,10,1031.25,168,0.7522321428571429
-20,1,alexnet,near_onb_below_val0120,120,266907.6965,89332.703125,177574.99337500002,integrated_gradients,heat_flux,2761433088.0,-1838463.171875,2763271551.171875,1503.033399550608,3593866.4771484374,1008564.35546875,2585302.1216796874,2922758.518359375,1008564.35546875,1914194.1628906252,138,13602.67857142857,144,0.6450892857142857
-20,1,alexnet,near_onb_below_val0120,120,266907.6965,89332.703125,177574.99337500002,grad_cam,relative_importance,nan,-1838463.171875,nan,nan,3652254.3958984376,1008564.35546875,2643690.0404296876,2656206.787109375,1008564.35546875,1647642.431640625,215,21165.178571428572,215,0.9620535714285714
-20,1,alexnet,near_onb_below_val0120,120,266907.6965,89332.703125,177574.99337500002,group_occlusion,heat_flux_change,nan,-1838463.171875,nan,nan,nan,nan,nan,nan,nan,nan,10,1031.25,56,0.25223214285714285
-20,1,alexnet,near_onb_above_val0180,180,368978.105,346274.40625,22703.69874999998,integrated_gradients,heat_flux,-1743006976.0,-1581521.46875,-1741425454.53125,1101.107692143841,3961932.8296875,1137035.40625,2824897.4234375,3248220.19375,1137035.40625,2111184.7875,22,2209.8214285714284,66,0.296875
-20,1,alexnet,near_onb_above_val0180,180,368978.105,346274.40625,22703.69874999998,grad_cam,relative_importance,nan,-1581521.46875,nan,nan,3901777.9421875,1137035.40625,2764742.5359375,2904429.3249999997,1137035.40625,1767393.9187499997,0,49.107142857142854,215,0.9620535714285714
-20,1,alexnet,near_onb_above_val0180,180,368978.105,346274.40625,22703.69874999998,group_occlusion,heat_flux_change,nan,-1581521.46875,nan,nan,nan,nan,nan,nan,nan,nan,10,1031.25,56,0.25223214285714285
-20,1,alexnet,false_negative_val0230,230,368978.105,187929.921875,181048.18312499998,integrated_gradients,heat_flux,1197550848.0,-1739865.953125,1199290713.953125,689.3006393964205,3139038.30546875,1057863.046875,2081175.2585937502,3548047.8890625,1057863.046875,2490184.8421875,138,13602.67857142857,174,0.7790178571428571
-20,1,alexnet,false_negative_val0230,230,368978.105,187929.921875,181048.18312499998,grad_cam,relative_importance,nan,-1739865.953125,nan,nan,3531328.94921875,1057863.046875,2473465.90234375,2769943.3640625,1057863.046875,1712080.3171875002,215,21165.178571428572,215,0.9620535714285714
-20,1,alexnet,false_negative_val0230,230,368978.105,187929.921875,181048.18312499998,group_occlusion,heat_flux_change,nan,-1739865.953125,nan,nan,nan,nan,nan,nan,nan,nan,10,1031.25,56,0.25223214285714285
-20,1,alexnet,worst_prediction_val0137,137,266907.6965,26087.369140625,240820.32735937502,integrated_gradients,heat_flux,-108269200.0,-1901708.505859375,-106367491.49414062,55.93259490947776,3314919.416845703,976941.6494140625,2337977.7674316405,2778614.9153320314,976941.6494140625,1801673.265917969,138,13602.67857142857,27,0.12276785714285714
-20,1,alexnet,worst_prediction_val0137,137,266907.6965,26087.369140625,240820.32735937502,grad_cam,relative_importance,nan,-1901708.505859375,nan,nan,3145750.079345703,976941.6494140625,2168808.4299316406,2591001.865332031,976941.6494140625,1614060.2159179687,215,21165.178571428572,215,0.9620535714285714
-20,1,alexnet,worst_prediction_val0137,137,266907.6965,26087.369140625,240820.32735937502,group_occlusion,heat_flux_change,nan,-1901708.505859375,nan,nan,nan,nan,nan,nan,nan,nan,10,1031.25,56,0.25223214285714285
-20,1,alexnet,low_heatflux_val0060,60,20979.71604,118654.7734375,97675.0573975,integrated_gradients,heat_flux,2767173888.0,-1809141.1015625,2768983029.1015625,1530.5511696738724,3449160.6173828123,1023225.41015625,2425935.2072265623,2901423.658203125,1023225.41015625,1878198.248046875,138,13602.67857142857,144,0.6450892857142857
-20,1,alexnet,low_heatflux_val0060,60,20979.71604,118654.7734375,97675.0573975,grad_cam,relative_importance,nan,-1809141.1015625,nan,nan,3680298.4548828127,1023225.41015625,2657073.0447265627,2512673.345703125,1023225.41015625,1489447.935546875,215,21165.178571428572,215,0.9620535714285714
-20,1,alexnet,low_heatflux_val0060,60,20979.71604,118654.7734375,97675.0573975,group_occlusion,heat_flux_change,nan,-1809141.1015625,nan,nan,nan,nan,nan,nan,nan,nan,10,1031.25,56,0.25223214285714285
-20,2,rf,near_onb_below_val0060,60,221505.1102,107828.7109375,113676.3992625,group_occlusion,heat_flux_change,nan,32929.5859375,nan,nan,nan,nan,nan,nan,nan,nan,51,5058.035714285715,56,0.25223214285714285
-20,2,rf,near_onb_above_val0120,120,427276.195,391469.375,35806.82000000001,group_occlusion,heat_flux_change,nan,316570.25,nan,nan,nan,nan,nan,nan,nan,nan,20,2013.392857142857,0,0.002232142857142857
-20,2,rf,worst_prediction_val0067,67,221505.1102,73158.3515625,148346.7586375,group_occlusion,heat_flux_change,nan,-1740.7734375,nan,nan,nan,nan,nan,nan,nan,nan,51,5058.035714285715,0,0.002232142857142857
-20,2,rf,low_heatflux_val0180,180,57593.31665,129269.2109375,71675.8942875,group_occlusion,heat_flux_change,nan,54370.0859375,nan,nan,nan,nan,nan,nan,nan,nan,51,5058.035714285715,56,0.25223214285714285
-20,2,rf,high_heatflux_val0300,300,859343.9142,751183.625,108160.2892,group_occlusion,heat_flux_change,nan,676284.5,nan,nan,nan,nan,nan,nan,nan,nan,20,2013.392857142857,168,0.7522321428571429
-20,2,cnntf_v2_gap,near_onb_below_val0060,60,221505.1102,122471.53125,99033.57895,integrated_gradients,heat_flux,-196147984.0,-94117.484375,-196053866.515625,2083.0759323578127,247438.764453125,169557.328125,77881.43632812501,261195.358984375,169557.328125,91638.030859375,139,13700.892857142857,143,0.640625
-20,2,cnntf_v2_gap,near_onb_below_val0060,60,221505.1102,122471.53125,99033.57895,group_occlusion,heat_flux_change,nan,-94117.484375,nan,nan,nan,nan,nan,nan,nan,nan,102,10066.964285714286,112,0.5022321428571429
-20,2,cnntf_v2_gap,near_onb_above_val0120,120,427276.195,402714.5625,24561.632500000007,integrated_gradients,heat_flux,-1628195584.0,186125.546875,-1628381709.546875,8748.835057234133,376396.659375,309642.7890625,66753.87031249999,340195.416015625,309642.7890625,30552.626953125,23,2308.035714285714,7,0.033482142857142856
-20,2,cnntf_v2_gap,near_onb_above_val0120,120,427276.195,402714.5625,24561.632500000007,group_occlusion,heat_flux_change,nan,186125.546875,nan,nan,nan,nan,nan,nan,nan,nan,153,15075.892857142857,56,0.25223214285714285
-20,2,cnntf_v2_gap,worst_prediction_val0064,64,221505.1102,33020.3671875,188484.7430125,integrated_gradients,heat_flux,274513184.0,-183568.6484375,274696752.6484375,1496.4252065186615,225911.18349609376,124811.763671875,101099.41982421876,247664.7587890625,124811.76367187499,122852.99511718751,139,13700.892857142857,69,0.31026785714285715
-20,2,cnntf_v2_gap,worst_prediction_val0064,64,221505.1102,33020.3671875,188484.7430125,group_occlusion,heat_flux_change,nan,-183568.6484375,nan,nan,nan,nan,nan,nan,nan,nan,102,10066.964285714286,112,0.5022321428571429
-20,2,cnntf_v2_gap,low_heatflux_val0180,180,57593.31665,106542.5703125,48949.2536625,integrated_gradients,heat_flux,-201626768.0,-110046.4453125,-201516721.5546875,1831.1970094303222,270141.86640625,161535.32421875,108606.54218749999,245430.1859375,161535.32421875,83894.86171875,139,13700.892857142857,143,0.640625
-20,2,cnntf_v2_gap,low_heatflux_val0180,180,57593.31665,106542.5703125,48949.2536625,group_occlusion,heat_flux_change,nan,-110046.4453125,nan,nan,nan,nan,nan,nan,nan,nan,102,10066.964285714286,112,0.5022321428571429
-20,2,cnntf_v2_gap,high_heatflux_val0300,300,859343.9142,780178.375,79165.5392,integrated_gradients,heat_flux,15493122048.0,563589.359375,15492558458.640625,27489.08970854472,375962.628125,498383.7890625,-122421.16093750001,434887.68867187505,498383.7890625,-63496.10039062495,23,2308.035714285714,70,0.31473214285714285
-20,2,cnntf_v2_gap,high_heatflux_val0300,300,859343.9142,780178.375,79165.5392,group_occlusion,heat_flux_change,nan,563589.359375,nan,nan,nan,nan,nan,nan,nan,nan,153,15075.892857142857,56,0.25223214285714285
-20,2,alexnet,near_onb_below_val0060,60,221505.1102,117903.9296875,103601.1805125,integrated_gradients,heat_flux,1125035264.0,-759467.5703125,1125794731.5703125,1482.3473385533487,2846491.4927734374,497637.85546875,2348853.6373046874,3307158.408984375,497637.85546875,2809520.553515625,138,13602.67857142857,145,0.6495535714285714
-20,2,alexnet,near_onb_below_val0060,60,221505.1102,117903.9296875,103601.1805125,grad_cam,relative_importance,nan,-759467.5703125,nan,nan,2228746.8896484375,497637.85546875,1731109.0341796875,1719244.424609375,497637.85546875,1221606.569140625,215,21165.178571428572,215,0.9620535714285714
-20,2,alexnet,near_onb_below_val0060,60,221505.1102,117903.9296875,103601.1805125,group_occlusion,heat_flux_change,nan,-759467.5703125,nan,nan,nan,nan,nan,nan,nan,nan,102,10066.964285714286,56,0.25223214285714285
-20,2,alexnet,near_onb_above_val0120,120,427276.195,415392.6875,11883.507500000007,integrated_gradients,heat_flux,-577620352.0,-461978.8125,-577158373.1875,1249.3178422278836,3353786.5859375,646382.09375,2707404.4921875,3388512.609375,646382.09375,2742130.515625,23,2308.035714285714,8,0.03794642857142857
-20,2,alexnet,near_onb_above_val0120,120,427276.195,415392.6875,11883.507500000007,grad_cam,relative_importance,nan,-461978.8125,nan,nan,2607734.9234375,646382.09375,1961352.8296875,2082122.1843750002,646382.09375,1435740.0906250002,0,49.107142857142854,215,0.9620535714285714
-20,2,alexnet,near_onb_above_val0120,120,427276.195,415392.6875,11883.507500000007,group_occlusion,heat_flux_change,nan,-461978.8125,nan,nan,nan,nan,nan,nan,nan,nan,102,10066.964285714286,56,0.25223214285714285
-20,2,alexnet,false_negative_val0152,152,427276.195,366347.1875,60929.00750000001,integrated_gradients,heat_flux,4484051968.0,-511024.3125,4484562992.3125,8775.635292914758,3318514.5015625,621859.53125,2696654.9703125,3324034.040625,621859.53125,2702174.509375,23,2308.035714285714,165,0.7388392857142857
-20,2,alexnet,false_negative_val0152,152,427276.195,366347.1875,60929.00750000001,grad_cam,relative_importance,nan,-511024.3125,nan,nan,2187039.8078125,621859.53125,1565180.2765624998,1999069.5656249998,621859.53125,1377210.0343749998,0,49.107142857142854,215,0.9620535714285714
-20,2,alexnet,false_negative_val0152,152,427276.195,366347.1875,60929.00750000001,group_occlusion,heat_flux_change,nan,-511024.3125,nan,nan,nan,nan,nan,nan,nan,nan,102,10066.964285714286,56,0.25223214285714285
-20,2,alexnet,worst_prediction_val0090,90,221505.1102,-43775.140625,265280.250825,integrated_gradients,heat_flux,664395904.0,-921146.640625,665317050.640625,722.2705064518348,3157485.5520507814,416798.041015625,2740687.5110351564,3159788.5455078124,416798.041015625,2742990.5044921874,138,13602.67857142857,57,0.25669642857142855
-20,2,alexnet,worst_prediction_val0090,90,221505.1102,-43775.140625,265280.250825,grad_cam,relative_importance,nan,-921146.640625,nan,nan,2172398.1708007813,416798.041015625,1755600.1297851563,1587317.2767578126,416798.041015625,1170519.2357421876,177,17433.035714285714,215,0.9620535714285714
-20,2,alexnet,worst_prediction_val0090,90,221505.1102,-43775.140625,265280.250825,group_occlusion,heat_flux_change,nan,-921146.640625,nan,nan,nan,nan,nan,nan,nan,nan,102,10066.964285714286,56,0.25223214285714285
-20,2,alexnet,low_heatflux_val0180,180,57593.31665,177553.796875,119960.480225,integrated_gradients,heat_flux,1124796928.0,-699817.703125,1125496745.703125,1608.2713264858508,3130991.491015625,527462.6953125,2603528.795703125,3373958.53515625,527462.6953125,2846495.83984375,138,13602.67857142857,145,0.6495535714285714
-20,2,alexnet,low_heatflux_val0180,180,57593.31665,177553.796875,119960.480225,grad_cam,relative_importance,nan,-699817.703125,nan,nan,2100826.587890625,527462.6953125,1573363.892578125,1651048.3601562502,527462.6953125,1123585.6648437502,215,21165.178571428572,215,0.9620535714285714
-20,2,alexnet,low_heatflux_val0180,180,57593.31665,177553.796875,119960.480225,group_occlusion,heat_flux_change,nan,-699817.703125,nan,nan,nan,nan,nan,nan,nan,nan,102,10066.964285714286,56,0.25223214285714285
-20,3,rf,near_onb_below_val0180,180,315466.1173,275140.59375,40325.52354999998,group_occlusion,heat_flux_change,nan,139972.765625,nan,nan,nan,nan,nan,nan,nan,nan,20,2013.392857142857,0,0.002232142857142857
-20,3,rf,near_onb_above_val0240,240,489453.9981,566230.875,76776.87689999997,group_occlusion,heat_flux_change,nan,431063.046875,nan,nan,nan,nan,nan,nan,nan,nan,20,2013.392857142857,0,0.002232142857142857
-20,3,rf,worst_prediction_val0120,120,2355.33535,183718.09375,181362.7584,group_occlusion,heat_flux_change,nan,48550.265625,nan,nan,nan,nan,nan,nan,nan,nan,51,5058.035714285715,56,0.25223214285714285
-20,3,rf,low_heatflux_val0000,0,0.000328047,151268.59375,151268.593421953,group_occlusion,heat_flux_change,nan,16100.765625,nan,nan,nan,nan,nan,nan,nan,nan,51,5058.035714285715,56,0.25223214285714285
-20,3,rf,high_heatflux_val0300,300,698421.296,778434.1875,80012.89150000003,group_occlusion,heat_flux_change,nan,643266.359375,nan,nan,nan,nan,nan,nan,nan,nan,20,2013.392857142857,0,0.002232142857142857
-20,3,cnntf_v2_gap,near_onb_below_val0180,180,315466.1173,277825.625,37640.49229999998,integrated_gradients,heat_flux,-26581656.0,-166498.59375,-26415157.40625,158.65093398874427,344095.635546875,361087.1875,-16991.55195312499,351272.46328125,361087.1875,-9814.724218750023,138,13602.67857142857,145,0.6495535714285714
-20,3,cnntf_v2_gap,near_onb_below_val0180,180,315466.1173,277825.625,37640.49229999998,group_occlusion,heat_flux_change,nan,-166498.59375,nan,nan,nan,nan,nan,nan,nan,nan,51,5058.035714285715,112,0.5022321428571429
-20,3,cnntf_v2_gap,near_onb_above_val0240,240,489453.9981,455519.375,33934.623100000026,integrated_gradients,heat_flux,-4824817664.0,11195.15625,-4824828859.15625,430974.67792432546,442923.47968750005,449925.390625,-7001.910937499953,373400.0296875,449925.390625,-76525.36093750002,22,2209.8214285714284,18,0.08258928571428571
-20,3,cnntf_v2_gap,near_onb_above_val0240,240,489453.9981,455519.375,33934.623100000026,group_occlusion,heat_flux_change,nan,11195.15625,nan,nan,nan,nan,nan,nan,nan,nan,51,5058.035714285715,0,0.002232142857142857
-20,3,cnntf_v2_gap,worst_prediction_val0031,31,0.000328047,222883.828125,222883.827796953,integrated_gradients,heat_flux,179479776.0,-221440.390625,179701216.390625,811.5105644613022,312195.4796875,333587.96875,-21392.48906250001,312559.26640625,333587.96875,-21028.70234374999,139,13700.892857142857,22,0.10044642857142858
-20,3,cnntf_v2_gap,worst_prediction_val0031,31,0.000328047,222883.828125,222883.827796953,group_occlusion,heat_flux_change,nan,-221440.390625,nan,nan,nan,nan,nan,nan,nan,nan,51,5058.035714285715,56,0.25223214285714285
-20,3,cnntf_v2_gap,low_heatflux_val0000,0,0.000328047,145538.484375,145538.484046953,integrated_gradients,heat_flux,-29403600.0,-298785.734375,-29104814.265625,97.41032089937778,336123.619140625,294940.734375,41182.884765625,324598.59140625,294940.734375,29657.857031250023,138,13602.67857142857,145,0.6495535714285714
-20,3,cnntf_v2_gap,low_heatflux_val0000,0,0.000328047,145538.484375,145538.484046953,group_occlusion,heat_flux_change,nan,-298785.734375,nan,nan,nan,nan,nan,nan,nan,nan,51,5058.035714285715,112,0.5022321428571429
-20,3,cnntf_v2_gap,high_heatflux_val0300,300,698421.296,733986.1875,35564.89150000003,integrated_gradients,heat_flux,17424861184.0,289661.96875,17424571522.03125,60154.84738029231,472711.56718749995,589169.484375,-116457.91718750005,478362.17265625,589169.484375,-110807.31171874999,23,2308.035714285714,31,0.140625
-20,3,cnntf_v2_gap,high_heatflux_val0300,300,698421.296,733986.1875,35564.89150000003,group_occlusion,heat_flux_change,nan,289661.96875,nan,nan,nan,nan,nan,nan,nan,nan,102,10066.964285714286,112,0.5022321428571429
-20,3,alexnet,near_onb_below_val0180,180,315466.1173,242138.140625,73327.97667499998,integrated_gradients,heat_flux,-430924832.0,-583242.796875,-430341589.203125,737.842955813401,2861865.69296875,533759.953125,2328105.73984375,3474893.128125,533759.953125,2941133.175,138,13602.67857142857,145,0.6495535714285714
-20,3,alexnet,near_onb_below_val0180,180,315466.1173,242138.140625,73327.97667499998,grad_cam,relative_importance,nan,-583242.796875,nan,nan,1941852.84921875,533759.953125,1408092.89609375,1576671.265625,533759.953125,1042911.3125,215,21165.178571428572,215,0.9620535714285714
-20,3,alexnet,near_onb_below_val0180,180,315466.1173,242138.140625,73327.97667499998,group_occlusion,heat_flux_change,nan,-583242.796875,nan,nan,nan,nan,nan,nan,nan,nan,51,5058.035714285715,56,0.25223214285714285
-20,3,alexnet,near_onb_above_val0240,240,489453.9981,493462.9375,4008.939399999974,integrated_gradients,heat_flux,4575903744.0,-331918.0,4576235662.0,13787.24763947722,3710332.2609375,659422.25,3050910.0109375,3559800.6765625,659422.25,2900378.4265625,23,2308.035714285714,13,0.060267857142857144
-20,3,alexnet,near_onb_above_val0240,240,489453.9981,493462.9375,4008.939399999974,grad_cam,relative_importance,nan,-331918.0,nan,nan,2493084.9796875,659422.25,1833662.7296874998,2310514.1328125,659422.25,1651091.8828125,215,21165.178571428572,0,0.002232142857142857
-20,3,alexnet,near_onb_above_val0240,240,489453.9981,493462.9375,4008.939399999974,group_occlusion,heat_flux_change,nan,-331918.0,nan,nan,nan,nan,nan,nan,nan,nan,10,1031.25,56,0.25223214285714285
-20,3,alexnet,worst_prediction_val0233,233,315466.1173,23271.93359375,292194.18370625,integrated_gradients,heat_flux,391701888.0,-802109.00390625,392503997.00390625,489.33997136601386,2650012.691015625,424326.3515625,2225686.339453125,2993608.95859375,424326.3515625,2569282.60703125,138,13602.67857142857,51,0.22991071428571427
-20,3,alexnet,worst_prediction_val0233,233,315466.1173,23271.93359375,292194.18370625,grad_cam,relative_importance,nan,-802109.00390625,nan,nan,2051667.670703125,424326.3515625,1627341.319140625,1549623.87265625,424326.3515625,1125297.52109375,215,21165.178571428572,215,0.9620535714285714
-20,3,alexnet,worst_prediction_val0233,233,315466.1173,23271.93359375,292194.18370625,group_occlusion,heat_flux_change,nan,-802109.00390625,nan,nan,nan,nan,nan,nan,nan,nan,51,5058.035714285715,56,0.25223214285714285
-20,3,alexnet,low_heatflux_val0000,0,0.000328047,103637.9453125,103637.944984453,integrated_gradients,heat_flux,-377810304.0,-721742.9921875,-377088561.0078125,522.469307065817,2715473.5818359377,464509.48046875,2250964.1013671877,3395661.579296875,464509.48046875,2931152.098828125,138,13602.67857142857,145,0.6495535714285714
-20,3,alexnet,low_heatflux_val0000,0,0.000328047,103637.9453125,103637.944984453,grad_cam,relative_importance,nan,-721742.9921875,nan,nan,1950826.1021484374,464509.48046875,1486316.6216796874,1414085.541796875,464509.48046875,949576.061328125,215,21165.178571428572,215,0.9620535714285714
-20,3,alexnet,low_heatflux_val0000,0,0.000328047,103637.9453125,103637.944984453,group_occlusion,heat_flux_change,nan,-721742.9921875,nan,nan,nan,nan,nan,nan,nan,nan,51,5058.035714285715,56,0.25223214285714285
-20,3,alexnet,high_heatflux_val0300,300,698421.296,704913.5,6492.204000000027,integrated_gradients,heat_flux,10550627328.0,-120467.4375,10550747795.4375,87581.74004852971,4742819.006250001,765147.65625,3977671.3500000006,3747429.6921875,765147.65625,2982282.0359375,23,2308.035714285714,10,0.046875
-20,3,alexnet,high_heatflux_val0300,300,698421.296,704913.5,6492.204000000027,grad_cam,relative_importance,nan,-120467.4375,nan,nan,2521293.65625,765147.65625,1756146.0,2356026.5796875,765147.65625,1590878.9234375,0,49.107142857142854,0,0.002232142857142857
-20,3,alexnet,high_heatflux_val0300,300,698421.296,704913.5,6492.204000000027,group_occlusion,heat_flux_change,nan,-120467.4375,nan,nan,nan,nan,nan,nan,nan,nan,10,1031.25,56,0.25223214285714285
