run,experiment,maxfreq,snr,evaluation_unit,model_key,aggregation,n_wavs,claim_safe,claim_note,r2,rmse_all,mae_all,r2_high,rmse_high,mae_high,rmse_onb,mae_onb,n_onb,roc_auc_cont,pr_auc_cont,accuracy,precision,recall,f1,auc_binary,source_csv
20260903_selected_log_architecture,2025.06.11_0.3_2,maxfreq=10kHz,no_noise,source_wav_pooled_oof,rf,median,18,1,outer-fold prediction,0.91886399161219123,76352.325714544146,60294.442898719601,0.88232581301243096,55082.570710517946,44082.243549999985,13994.729999999981,13994.729999999981,1,1,1,0.94444444444444442,1,0.875,0.93333333333333335,0.9375,Pool_boiling/Subcooling_20_degrees/0.3/2025.06.11_0.3_2/regression_result/npy/ensemble/202609/03_selected_log_architecture/heatflux_no_noise/maxfreq=10kHz/e200_active_rf-ctf-alex_ed198_rf-cnntf_v2__cmp/wav_eval/wav_metrics_no_noise.csv
20260903_selected_log_architecture,2025.06.11_0.3_2,maxfreq=10kHz,no_noise,source_wav_pooled_oof,cnntf_v2_gap,median,18,1,outer-fold prediction,0.94070268785590516,65272.907050049318,47138.053279830718,0.95318792096113047,34741.81971095912,27454.04436249999,27662.816899999976,27662.816899999976,1,1,1,1,1,1,1,1,Pool_boiling/Subcooling_20_degrees/0.3/2025.06.11_0.3_2/regression_result/npy/ensemble/202609/03_selected_log_architecture/heatflux_no_noise/maxfreq=10kHz/e200_active_rf-ctf-alex_ed198_rf-cnntf_v2__cmp/wav_eval/wav_metrics_no_noise.csv
20260903_selected_log_architecture,2025.06.11_0.3_2,maxfreq=10kHz,no_noise,source_wav_pooled_oof,alexnet,median,18,1,outer-fold prediction,0.91605626321430722,77662.184143238017,55955.747773441835,0.90542230550889036,49381.918565169988,36413.184850000005,19970.604999999981,19970.604999999981,1,1,1,0.94444444444444442,1,0.875,0.93333333333333335,0.9375,Pool_boiling/Subcooling_20_degrees/0.3/2025.06.11_0.3_2/regression_result/npy/ensemble/202609/03_selected_log_architecture/heatflux_no_noise/maxfreq=10kHz/e200_active_rf-ctf-alex_ed198_rf-cnntf_v2__cmp/wav_eval/wav_metrics_no_noise.csv
20260903_selected_log_architecture,2025.06.11_0.3_2,maxfreq=10kHz,no_noise,source_wav_pooled_oof,ensemble__simple_equal,median,18,1,claim-safe ensemble strategy,0.93466967426790581,68512.980838341711,45982.342435386279,0.95137869515024542,35406.818303905762,20884.951224999997,1455.9383499999531,1455.9383499999531,1,1,1,0.94444444444444442,1,0.875,0.93333333333333335,0.9375,Pool_boiling/Subcooling_20_degrees/0.3/2025.06.11_0.3_2/regression_result/npy/ensemble/202609/03_selected_log_architecture/heatflux_no_noise/maxfreq=10kHz/e200_active_rf-ctf-alex_ed198_rf-cnntf_v2__cmp/wav_eval/wav_metrics_no_noise.csv
20260903_selected_log_architecture,2025.06.11_0.3_2,maxfreq=10kHz,no_noise,source_wav_pooled_oof,ensemble__prediction_max,median,18,1,claim-safe ensemble strategy,0.92078724478788365,75441.968341290514,56129.744848441835,0.92643388068152188,43552.44299829621,38859.180418749995,27662.816899999976,27662.816899999976,1,1,1,1,1,1,1,1,Pool_boiling/Subcooling_20_degrees/0.3/2025.06.11_0.3_2/regression_result/npy/ensemble/202609/03_selected_log_architecture/heatflux_no_noise/maxfreq=10kHz/e200_active_rf-ctf-alex_ed198_rf-cnntf_v2__cmp/wav_eval/wav_metrics_no_noise.csv
20260903_selected_log_architecture,2025.06.11_0.3_2,maxfreq=10kHz,no_noise,source_wav_pooled_oof,ensemble__inner_holdout,median,18,0,legacy sample-level inner holdout; source-WAV leakage,0.93507655046763349,68299.298754748859,45461.599482052952,0.9502708252242702,35807.930641565305,20259.681081250012,2830.1751999999979,2830.1751999999979,1,1,1,0.94444444444444442,1,0.875,0.93333333333333335,0.9375,Pool_boiling/Subcooling_20_degrees/0.3/2025.06.11_0.3_2/regression_result/npy/ensemble/202609/03_selected_log_architecture/heatflux_no_noise/maxfreq=10kHz/e200_active_rf-ctf-alex_ed198_rf-cnntf_v2__cmp/wav_eval/wav_metrics_no_noise.csv
20260903_selected_log_architecture,2025.06.11_0.3_2,maxfreq=10kHz,no_noise,source_wav_pooled_oof,ensemble__val_fold_legacy,median,18,0,outer-validation labels were used to choose weights,0.93731386565604602,67112.156762912637,44849.233970108493,0.95725725073003354,33197.45752989428,20384.976012499988,3989.6206000000238,3989.6206000000238,1,1,1,1,1,1,1,1,Pool_boiling/Subcooling_20_degrees/0.3/2025.06.11_0.3_2/regression_result/npy/ensemble/202609/03_selected_log_architecture/heatflux_no_noise/maxfreq=10kHz/e200_active_rf-ctf-alex_ed198_rf-cnntf_v2__cmp/wav_eval/wav_metrics_no_noise.csv
20260903_selected_log_architecture,2025.06.11_0.3_2,maxfreq=15kHz,no_noise,source_wav_pooled_oof,rf,median,18,1,outer-fold prediction,0.91744521523267886,77016.996139309034,60000.950813441836,0.88771334956346892,53806.861499789971,43125.280662499979,19438.839399999939,19438.839399999939,1,1,1,0.94444444444444442,1,0.875,0.93333333333333335,0.9375,Pool_boiling/Subcooling_20_degrees/0.3/2025.06.11_0.3_2/regression_result/npy/ensemble/202609/03_selected_log_architecture/heatflux_no_noise/maxfreq=15kHz/e200_active_rf-ctf-alex_ed198_rf-cnntf_v2__cmp/wav_eval/wav_metrics_no_noise.csv
20260903_selected_log_architecture,2025.06.11_0.3_2,maxfreq=15kHz,no_noise,source_wav_pooled_oof,cnntf_v2_gap,median,18,1,outer-fold prediction,0.95002105382971558,59925.131893117745,43297.959525858503,0.96515045102541086,29975.896344475255,26995.821037499998,21841.863799999992,21841.863799999992,1,1,1,1,1,1,1,1,Pool_boiling/Subcooling_20_degrees/0.3/2025.06.11_0.3_2/regression_result/npy/ensemble/202609/03_selected_log_architecture/heatflux_no_noise/maxfreq=15kHz/e200_active_rf-ctf-alex_ed198_rf-cnntf_v2__cmp/wav_eval/wav_metrics_no_noise.csv
20260903_selected_log_architecture,2025.06.11_0.3_2,maxfreq=15kHz,no_noise,source_wav_pooled_oof,alexnet,median,18,1,outer-fold prediction,0.9093592065664986,80700.699761957047,60646.229400108517,0.91466523662458754,46906.884837277932,34747.617587500012,113.58250000001863,113.58250000001863,1,1,1,1,1,1,1,1,Pool_boiling/Subcooling_20_degrees/0.3/2025.06.11_0.3_2/regression_result/npy/ensemble/202609/03_selected_log_architecture/heatflux_no_noise/maxfreq=15kHz/e200_active_rf-ctf-alex_ed198_rf-cnntf_v2__cmp/wav_eval/wav_metrics_no_noise.csv
20260903_selected_log_architecture,2025.06.11_0.3_2,maxfreq=15kHz,no_noise,source_wav_pooled_oof,ensemble__simple_equal,median,18,1,claim-safe ensemble strategy,0.93790072735681451,66797.269189490864,48598.566711219617,0.94336972322434398,38211.839024447996,27798.051218750014,3402.6814500000328,3402.6814500000328,1,1,1,1,1,1,1,1,Pool_boiling/Subcooling_20_degrees/0.3/2025.06.11_0.3_2/regression_result/npy/ensemble/202609/03_selected_log_architecture/heatflux_no_noise/maxfreq=15kHz/e200_active_rf-ctf-alex_ed198_rf-cnntf_v2__cmp/wav_eval/wav_metrics_no_noise.csv
20260903_selected_log_architecture,2025.06.11_0.3_2,maxfreq=15kHz,no_noise,source_wav_pooled_oof,ensemble__prediction_max,median,18,1,claim-safe ensemble strategy,0.93088409669191929,70470.028230686585,51072.503355664048,0.94517644830995473,37597.345309129036,31041.349443749998,24629.176299999992,24629.176299999992,1,1,1,1,1,1,1,1,Pool_boiling/Subcooling_20_degrees/0.3/2025.06.11_0.3_2/regression_result/npy/ensemble/202609/03_selected_log_architecture/heatflux_no_noise/maxfreq=15kHz/e200_active_rf-ctf-alex_ed198_rf-cnntf_v2__cmp/wav_eval/wav_metrics_no_noise.csv
20260903_selected_log_architecture,2025.06.11_0.3_2,maxfreq=15kHz,no_noise,source_wav_pooled_oof,ensemble__inner_holdout,median,18,0,legacy sample-level inner holdout; source-WAV leakage,0.94218830833429079,64450.054680224952,47434.021147330728,0.94490567622054744,37690.077103264863,30073.373062500024,12401.280050000001,12401.280050000001,1,1,1,1,1,1,1,1,Pool_boiling/Subcooling_20_degrees/0.3/2025.06.11_0.3_2/regression_result/npy/ensemble/202609/03_selected_log_architecture/heatflux_no_noise/maxfreq=15kHz/e200_active_rf-ctf-alex_ed198_rf-cnntf_v2__cmp/wav_eval/wav_metrics_no_noise.csv
20260903_selected_log_architecture,2025.06.11_0.3_2,maxfreq=15kHz,no_noise,source_wav_pooled_oof,ensemble__val_fold_legacy,median,18,0,outer-validation labels were used to choose weights,0.94454027004573371,63125.426669820197,45333.978382052941,0.95856039082231559,32687.478672535199,25935.785343749994,11157.453850000049,11157.453850000049,1,1,1,1,1,1,1,1,Pool_boiling/Subcooling_20_degrees/0.3/2025.06.11_0.3_2/regression_result/npy/ensemble/202609/03_selected_log_architecture/heatflux_no_noise/maxfreq=15kHz/e200_active_rf-ctf-alex_ed198_rf-cnntf_v2__cmp/wav_eval/wav_metrics_no_noise.csv
20260903_selected_log_architecture,2025.06.11_0.3_2,maxfreq=22kHz,no_noise,source_wav_pooled_oof,rf,median,18,1,outer-fold prediction,0.91393828897684093,78635.823528777415,59673.267977608499,0.88616765761834693,54175.93729051399,41527.29628124999,12448.792499999981,12448.792499999981,1,1,1,0.94444444444444442,1,0.875,0.93333333333333335,0.9375,Pool_boiling/Subcooling_20_degrees/0.3/2025.06.11_0.3_2/regression_result/npy/ensemble/202609/03_selected_log_architecture/heatflux_no_noise/maxfreq=22kHz/e200_active_rf-ctf-alex_ed198_rf-cnntf_v2__cmp/wav_eval/wav_metrics_no_noise.csv
20260903_selected_log_architecture,2025.06.11_0.3_2,maxfreq=22kHz,no_noise,source_wav_pooled_oof,cnntf_v2_gap,median,18,1,outer-fold prediction,0.94497253666124059,62878.937972580163,44459.927971358498,0.96144908055977374,31527.604048350713,22261.786937500001,10266.754350000061,10266.754350000061,1,1,1,1,1,1,1,1,Pool_boiling/Subcooling_20_degrees/0.3/2025.06.11_0.3_2/regression_result/npy/ensemble/202609/03_selected_log_architecture/heatflux_no_noise/maxfreq=22kHz/e200_active_rf-ctf-alex_ed198_rf-cnntf_v2__cmp/wav_eval/wav_metrics_no_noise.csv
20260903_selected_log_architecture,2025.06.11_0.3_2,maxfreq=22kHz,no_noise,source_wav_pooled_oof,alexnet,median,18,1,outer-fold prediction,0.94653027669522205,61982.547178468907,51492.316536775172,0.90298047615677945,50015.333250117299,40580.567668750002,8232.0424999999814,8232.0424999999814,1,1,1,0.94444444444444442,1,0.875,0.93333333333333335,0.9375,Pool_boiling/Subcooling_20_degrees/0.3/2025.06.11_0.3_2/regression_result/npy/ensemble/202609/03_selected_log_architecture/heatflux_no_noise/maxfreq=22kHz/e200_active_rf-ctf-alex_ed198_rf-cnntf_v2__cmp/wav_eval/wav_metrics_no_noise.csv
20260903_selected_log_architecture,2025.06.11_0.3_2,maxfreq=22kHz,no_noise,source_wav_pooled_oof,ensemble__simple_equal,median,18,1,claim-safe ensemble strategy,0.9487009352832394,60711.389804505154,45213.393973719612,0.94612732728805626,37269.868333502847,27759.654943750007,3028.8549999999814,3028.8549999999814,1,1,1,0.94444444444444442,1,0.875,0.93333333333333335,0.9375,Pool_boiling/Subcooling_20_degrees/0.3/2025.06.11_0.3_2/regression_result/npy/ensemble/202609/03_selected_log_architecture/heatflux_no_noise/maxfreq=22kHz/e200_active_rf-ctf-alex_ed198_rf-cnntf_v2__cmp/wav_eval/wav_metrics_no_noise.csv
20260903_selected_log_architecture,2025.06.11_0.3_2,maxfreq=22kHz,no_noise,source_wav_pooled_oof,ensemble__prediction_max,median,18,1,claim-safe ensemble strategy,0.93672639469417873,67425.898402560983,48888.351192886272,0.9420722377675449,38647.105558251773,30440.272218749989,11837.020000000019,11837.020000000019,1,1,1,1,1,1,1,1,Pool_boiling/Subcooling_20_degrees/0.3/2025.06.11_0.3_2/regression_result/npy/ensemble/202609/03_selected_log_architecture/heatflux_no_noise/maxfreq=22kHz/e200_active_rf-ctf-alex_ed198_rf-cnntf_v2__cmp/wav_eval/wav_metrics_no_noise.csv
20260903_selected_log_architecture,2025.06.11_0.3_2,maxfreq=22kHz,no_noise,source_wav_pooled_oof,ensemble__inner_holdout,median,18,0,legacy sample-level inner holdout; source-WAV leakage,0.94999866445845915,59938.552902374482,44581.920809941839,0.95582182371213287,33750.288483098462,26085.040756250019,1685.390550000011,1685.390550000011,1,1,1,0.94444444444444442,1,0.875,0.93333333333333335,0.9375,Pool_boiling/Subcooling_20_degrees/0.3/2025.06.11_0.3_2/regression_result/npy/ensemble/202609/03_selected_log_architecture/heatflux_no_noise/maxfreq=22kHz/e200_active_rf-ctf-alex_ed198_rf-cnntf_v2__cmp/wav_eval/wav_metrics_no_noise.csv
20260903_selected_log_architecture,2025.06.11_0.3_2,maxfreq=22kHz,no_noise,source_wav_pooled_oof,ensemble__val_fold_legacy,median,18,0,outer-validation labels were used to choose weights,0.9595138458005964,53934.755427069722,38548.007175386279,0.96797240967598763,28736.622953796053,20596.737574999999,1771.6028499999666,1771.6028499999666,1,1,1,0.94444444444444442,1,0.875,0.93333333333333335,0.9375,Pool_boiling/Subcooling_20_degrees/0.3/2025.06.11_0.3_2/regression_result/npy/ensemble/202609/03_selected_log_architecture/heatflux_no_noise/maxfreq=22kHz/e200_active_rf-ctf-alex_ed198_rf-cnntf_v2__cmp/wav_eval/wav_metrics_no_noise.csv
20260903_selected_log_architecture,2025.06.11_0.3_2,maxfreq=3kHz,no_noise,source_wav_pooled_oof,rf,median,18,1,outer-fold prediction,0.91487859459104159,78205.058283771257,60027.424116775161,0.88506944409622923,54436.644981022517,42713.405649999993,21374.011200000008,21374.011200000008,1,1,1,0.94444444444444442,1,0.875,0.93333333333333335,0.9375,Pool_boiling/Subcooling_20_degrees/0.3/2025.06.11_0.3_2/regression_result/npy/ensemble/202609/03_selected_log_architecture/heatflux_no_noise/maxfreq=3kHz/e200_active_rf-ctf-alex_ed198_rf-cnntf_v2__cmp/wav_eval/wav_metrics_no_noise.csv
20260903_selected_log_architecture,2025.06.11_0.3_2,maxfreq=3kHz,no_noise,source_wav_pooled_oof,cnntf_v2_gap,median,18,1,outer-fold prediction,0.95092867733603303,59378.515165919496,40805.740630941837,0.94592898976357143,37338.411640723636,27078.244175,24804.770000000019,24804.770000000019,1,1,1,1,1,1,1,1,Pool_boiling/Subcooling_20_degrees/0.3/2025.06.11_0.3_2/regression_result/npy/ensemble/202609/03_selected_log_architecture/heatflux_no_noise/maxfreq=3kHz/e200_active_rf-ctf-alex_ed198_rf-cnntf_v2__cmp/wav_eval/wav_metrics_no_noise.csv
20260903_selected_log_architecture,2025.06.11_0.3_2,maxfreq=3kHz,no_noise,source_wav_pooled_oof,alexnet,median,18,1,outer-fold prediction,0.91687253093383236,77283.668730873818,60343.869213441838,0.8988863640980489,51059.723780130254,39339.831325000014,9322.5581000000238,9322.5581000000238,1,1,1,0.94444444444444442,1,0.875,0.93333333333333335,0.9375,Pool_boiling/Subcooling_20_degrees/0.3/2025.06.11_0.3_2/regression_result/npy/ensemble/202609/03_selected_log_architecture/heatflux_no_noise/maxfreq=3kHz/e200_active_rf-ctf-alex_ed198_rf-cnntf_v2__cmp/wav_eval/wav_metrics_no_noise.csv
20260903_selected_log_architecture,2025.06.11_0.3_2,maxfreq=3kHz,no_noise,source_wav_pooled_oof,ensemble__simple_equal,median,18,1,claim-safe ensemble strategy,0.94012787941840426,65588.510989038303,43917.465646219614,0.93667420098752896,40407.681888784195,22366.361174999998,2553.6450000000186,2553.6450000000186,1,1,1,1,1,1,1,1,Pool_boiling/Subcooling_20_degrees/0.3/2025.06.11_0.3_2/regression_result/npy/ensemble/202609/03_selected_log_architecture/heatflux_no_noise/maxfreq=3kHz/e200_active_rf-ctf-alex_ed198_rf-cnntf_v2__cmp/wav_eval/wav_metrics_no_noise.csv
20260903_selected_log_architecture,2025.06.11_0.3_2,maxfreq=3kHz,no_noise,source_wav_pooled_oof,ensemble__prediction_max,median,18,1,claim-safe ensemble strategy,0.93248673970071516,69648.215221807171,50235.546288164049,0.9171551232049262,46217.497416670274,37243.641349999998,25182.113700000045,25182.113700000045,1,1,1,1,1,1,1,1,Pool_boiling/Subcooling_20_degrees/0.3/2025.06.11_0.3_2/regression_result/npy/ensemble/202609/03_selected_log_architecture/heatflux_no_noise/maxfreq=3kHz/e200_active_rf-ctf-alex_ed198_rf-cnntf_v2__cmp/wav_eval/wav_metrics_no_noise.csv
20260903_selected_log_architecture,2025.06.11_0.3_2,maxfreq=3kHz,no_noise,source_wav_pooled_oof,ensemble__inner_holdout,median,18,0,legacy sample-level inner holdout; source-WAV leakage,0.94028529693555041,65502.230630647711,44854.131118108518,0.93880669976378728,39721.490397031004,22177.549675000024,2320.0378000000492,2320.0378000000492,1,1,1,1,1,1,1,1,Pool_boiling/Subcooling_20_degrees/0.3/2025.06.11_0.3_2/regression_result/npy/ensemble/202609/03_selected_log_architecture/heatflux_no_noise/maxfreq=3kHz/e200_active_rf-ctf-alex_ed198_rf-cnntf_v2__cmp/wav_eval/wav_metrics_no_noise.csv
20260903_selected_log_architecture,2025.06.11_0.3_2,maxfreq=3kHz,no_noise,source_wav_pooled_oof,ensemble__val_fold_legacy,median,18,0,outer-validation labels were used to choose weights,0.94293646394104536,64031.664485097121,42061.13448927518,0.93978467375422869,39402.803172477354,21975.02120000001,6984.0195000000531,6984.0195000000531,1,1,1,1,1,1,1,1,Pool_boiling/Subcooling_20_degrees/0.3/2025.06.11_0.3_2/regression_result/npy/ensemble/202609/03_selected_log_architecture/heatflux_no_noise/maxfreq=3kHz/e200_active_rf-ctf-alex_ed198_rf-cnntf_v2__cmp/wav_eval/wav_metrics_no_noise.csv
20260903_selected_log_architecture,2025.06.11_0.3_2,maxfreq=5kHz,no_noise,source_wav_pooled_oof,rf,median,18,1,outer-fold prediction,0.9119655745433759,79531.966038995233,61379.483907052934,0.88501930415427732,54448.518031550178,43279.41346874999,20844.167499999981,20844.167499999981,1,1,1,0.94444444444444442,1,0.875,0.93333333333333335,0.9375,Pool_boiling/Subcooling_20_degrees/0.3/2025.06.11_0.3_2/regression_result/npy/ensemble/202609/03_selected_log_architecture/heatflux_no_noise/maxfreq=5kHz/e200_active_rf-ctf-alex_ed198_rf-cnntf_v2__cmp/wav_eval/wav_metrics_no_noise.csv
20260903_selected_log_architecture,2025.06.11_0.3_2,maxfreq=5kHz,no_noise,source_wav_pooled_oof,cnntf_v2_gap,median,18,1,outer-fold prediction,0.94837081388176703,60906.422487770018,42743.290019830725,0.97827868172292687,23665.55462554863,19077.209237500007,4601.3950000000186,4601.3950000000186,1,1,1,1,1,1,1,1,Pool_boiling/Subcooling_20_degrees/0.3/2025.06.11_0.3_2/regression_result/npy/ensemble/202609/03_selected_log_architecture/heatflux_no_noise/maxfreq=5kHz/e200_active_rf-ctf-alex_ed198_rf-cnntf_v2__cmp/wav_eval/wav_metrics_no_noise.csv
20260903_selected_log_architecture,2025.06.11_0.3_2,maxfreq=5kHz,no_noise,source_wav_pooled_oof,alexnet,median,18,1,outer-fold prediction,0.93889229683051612,66261.830845209508,47015.437334552953,0.92966378648770864,42585.631307028838,33500.645787500005,7141.6049999999814,7141.6049999999814,1,1,1,0.94444444444444442,1,0.875,0.93333333333333335,0.9375,Pool_boiling/Subcooling_20_degrees/0.3/2025.06.11_0.3_2/regression_result/npy/ensemble/202609/03_selected_log_architecture/heatflux_no_noise/maxfreq=5kHz/e200_active_rf-ctf-alex_ed198_rf-cnntf_v2__cmp/wav_eval/wav_metrics_no_noise.csv
20260903_selected_log_architecture,2025.06.11_0.3_2,maxfreq=5kHz,no_noise,source_wav_pooled_oof,ensemble__simple_equal,median,18,1,claim-safe ensemble strategy,0.94458743437859949,63098.579244730769,42658.042746775165,0.95814754870667329,32849.899652088039,19660.988506249996,4819.5060499999672,4819.5060499999672,1,1,1,0.94444444444444442,1,0.875,0.93333333333333335,0.9375,Pool_boiling/Subcooling_20_degrees/0.3/2025.06.11_0.3_2/regression_result/npy/ensemble/202609/03_selected_log_architecture/heatflux_no_noise/maxfreq=5kHz/e200_active_rf-ctf-alex_ed198_rf-cnntf_v2__cmp/wav_eval/wav_metrics_no_noise.csv
20260903_selected_log_architecture,2025.06.11_0.3_2,maxfreq=5kHz,no_noise,source_wav_pooled_oof,ensemble__prediction_max,median,18,1,claim-safe ensemble strategy,0.93455053330091031,68575.424922061837,49383.659138164046,0.94788629087951848,36656.381324970032,32775.672612499984,10888.660649999976,10888.660649999976,1,1,1,1,1,1,1,1,Pool_boiling/Subcooling_20_degrees/0.3/2025.06.11_0.3_2/regression_result/npy/ensemble/202609/03_selected_log_architecture/heatflux_no_noise/maxfreq=5kHz/e200_active_rf-ctf-alex_ed198_rf-cnntf_v2__cmp/wav_eval/wav_metrics_no_noise.csv
20260903_selected_log_architecture,2025.06.11_0.3_2,maxfreq=5kHz,no_noise,source_wav_pooled_oof,ensemble__inner_holdout,median,18,0,legacy sample-level inner holdout; source-WAV leakage,0.94671632552925644,61874.618535232999,41148.033262608493,0.96637167383472611,29445.994249334108,17342.941018749989,3312.1084499999415,3312.1084499999415,1,1,1,0.94444444444444442,1,0.875,0.93333333333333335,0.9375,Pool_boiling/Subcooling_20_degrees/0.3/2025.06.11_0.3_2/regression_result/npy/ensemble/202609/03_selected_log_architecture/heatflux_no_noise/maxfreq=5kHz/e200_active_rf-ctf-alex_ed198_rf-cnntf_v2__cmp/wav_eval/wav_metrics_no_noise.csv
20260903_selected_log_architecture,2025.06.11_0.3_2,maxfreq=5kHz,no_noise,source_wav_pooled_oof,ensemble__val_fold_legacy,median,18,0,outer-validation labels were used to choose weights,0.9493354636575958,60334.745832983295,40473.99594955294,0.97005227389572513,27787.886969870699,17868.763218749984,3422.8067499999888,3422.8067499999888,1,1,1,0.94444444444444442,1,0.875,0.93333333333333335,0.9375,Pool_boiling/Subcooling_20_degrees/0.3/2025.06.11_0.3_2/regression_result/npy/ensemble/202609/03_selected_log_architecture/heatflux_no_noise/maxfreq=5kHz/e200_active_rf-ctf-alex_ed198_rf-cnntf_v2__cmp/wav_eval/wav_metrics_no_noise.csv
20260903_selected_log_architecture,2025.06.11_0.3_2,maxfreq=10kHz,-12,source_wav_pooled_oof,rf,median,18,1,outer-fold prediction,0.91940077003081899,76099.34129719231,60713.189357052943,0.88365888089486533,54769.681567087704,42700.835337500001,8955.3081000000238,8955.3081000000238,1,1,1,0.94444444444444442,1,0.875,0.93333333333333335,0.9375,Pool_boiling/Subcooling_20_degrees/0.3/2025.06.11_0.3_2/regression_result/npy/ensemble/202609/03_selected_log_architecture/heatflux_reference_SNR=-12/maxfreq=10kHz/e200_active_rf-ctf-alex_ed198_rf-cnntf_v2__cmp/wav_eval/wav_metrics_-12.csv
20260903_selected_log_architecture,2025.06.11_0.3_2,maxfreq=10kHz,-12,source_wav_pooled_oof,cnntf_v2_gap,median,18,1,outer-fold prediction,0.94685572234051074,61793.629629142582,49956.040198997391,0.94253953897192166,38490.907494074112,32919.035918749993,11647.011200000008,11647.011200000008,1,1,1,0.94444444444444442,1,0.875,0.93333333333333335,0.9375,Pool_boiling/Subcooling_20_degrees/0.3/2025.06.11_0.3_2/regression_result/npy/ensemble/202609/03_selected_log_architecture/heatflux_reference_SNR=-12/maxfreq=10kHz/e200_active_rf-ctf-alex_ed198_rf-cnntf_v2__cmp/wav_eval/wav_metrics_-12.csv
20260903_selected_log_architecture,2025.06.11_0.3_2,maxfreq=10kHz,-12,source_wav_pooled_oof,alexnet,median,18,1,outer-fold prediction,0.88425782334546288,91192.951909696654,72753.076486775157,0.82203955857663524,67738.462437049297,57666.386025,32012.089399999939,32012.089399999939,1,1,1,0.94444444444444442,1,0.875,0.93333333333333335,0.9375,Pool_boiling/Subcooling_20_degrees/0.3/2025.06.11_0.3_2/regression_result/npy/ensemble/202609/03_selected_log_architecture/heatflux_reference_SNR=-12/maxfreq=10kHz/e200_active_rf-ctf-alex_ed198_rf-cnntf_v2__cmp/wav_eval/wav_metrics_-12.csv
20260903_selected_log_architecture,2025.06.11_0.3_2,maxfreq=10kHz,-12,source_wav_pooled_oof,ensemble__simple_equal,median,18,1,claim-safe ensemble strategy,0.92891035865607363,71469.149325727238,52103.885504830716,0.92894899237596618,42801.473265988214,29336.683662499985,16028.558149999939,16028.558149999939,1,1,1,0.94444444444444442,1,0.875,0.93333333333333335,0.9375,Pool_boiling/Subcooling_20_degrees/0.3/2025.06.11_0.3_2/regression_result/npy/ensemble/202609/03_selected_log_architecture/heatflux_reference_SNR=-12/maxfreq=10kHz/e200_active_rf-ctf-alex_ed198_rf-cnntf_v2__cmp/wav_eval/wav_metrics_-12.csv
20260903_selected_log_architecture,2025.06.11_0.3_2,maxfreq=10kHz,-12,source_wav_pooled_oof,ensemble__prediction_max,median,18,1,claim-safe ensemble strategy,0.91130913446900541,79827.93552328537,60597.916454552935,0.91765127869887697,46078.891972906575,38509.384406249985,2272.9174999999814,2272.9174999999814,1,1,1,0.94444444444444442,1,0.875,0.93333333333333335,0.9375,Pool_boiling/Subcooling_20_degrees/0.3/2025.06.11_0.3_2/regression_result/npy/ensemble/202609/03_selected_log_architecture/heatflux_reference_SNR=-12/maxfreq=10kHz/e200_active_rf-ctf-alex_ed198_rf-cnntf_v2__cmp/wav_eval/wav_metrics_-12.csv
20260903_selected_log_architecture,2025.06.11_0.3_2,maxfreq=10kHz,-12,source_wav_pooled_oof,ensemble__inner_holdout,median,18,0,legacy sample-level inner holdout; source-WAV leakage,0.92770451768840767,72072.739664924433,51710.148889830736,0.92994346974867714,42500.878720955094,28240.194562500015,14623.159800000023,14623.159800000023,1,1,1,0.94444444444444442,1,0.875,0.93333333333333335,0.9375,Pool_boiling/Subcooling_20_degrees/0.3/2025.06.11_0.3_2/regression_result/npy/ensemble/202609/03_selected_log_architecture/heatflux_reference_SNR=-12/maxfreq=10kHz/e200_active_rf-ctf-alex_ed198_rf-cnntf_v2__cmp/wav_eval/wav_metrics_-12.csv
20260903_selected_log_architecture,2025.06.11_0.3_2,maxfreq=10kHz,-12,source_wav_pooled_oof,ensemble__val_fold_legacy,median,18,0,outer-validation labels were used to choose weights,0.93727920419094246,67130.708586467794,48639.236870108507,0.94415190180563691,37947.030093790738,25375.358006250019,14276.568299999984,14276.568299999984,1,1,1,0.94444444444444442,1,0.875,0.93333333333333335,0.9375,Pool_boiling/Subcooling_20_degrees/0.3/2025.06.11_0.3_2/regression_result/npy/ensemble/202609/03_selected_log_architecture/heatflux_reference_SNR=-12/maxfreq=10kHz/e200_active_rf-ctf-alex_ed198_rf-cnntf_v2__cmp/wav_eval/wav_metrics_-12.csv
20260903_selected_log_architecture,2025.06.11_0.3_2,maxfreq=15kHz,-12,source_wav_pooled_oof,rf,median,18,1,outer-fold prediction,0.92179409160150594,74960.976218843294,59361.693486775155,0.89256591952373021,52631.364917014798,40642.833399999981,8998.9487999999546,8998.9487999999546,1,1,1,0.94444444444444442,1,0.875,0.93333333333333335,0.9375,Pool_boiling/Subcooling_20_degrees/0.3/2025.06.11_0.3_2/regression_result/npy/ensemble/202609/03_selected_log_architecture/heatflux_reference_SNR=-12/maxfreq=15kHz/e200_active_rf-ctf-alex_ed198_rf-cnntf_v2__cmp/wav_eval/wav_metrics_-12.csv
20260903_selected_log_architecture,2025.06.11_0.3_2,maxfreq=15kHz,-12,source_wav_pooled_oof,cnntf_v2_gap,median,18,1,outer-fold prediction,0.92749186223082036,72178.661962804399,48958.531389275166,0.97877043455229507,23396.136672955377,19587.620718750004,4156.9018500000238,4156.9018500000238,1,1,1,0.94444444444444442,1,0.875,0.93333333333333335,0.9375,Pool_boiling/Subcooling_20_degrees/0.3/2025.06.11_0.3_2/regression_result/npy/ensemble/202609/03_selected_log_architecture/heatflux_reference_SNR=-12/maxfreq=15kHz/e200_active_rf-ctf-alex_ed198_rf-cnntf_v2__cmp/wav_eval/wav_metrics_-12.csv
20260903_selected_log_architecture,2025.06.11_0.3_2,maxfreq=15kHz,-12,source_wav_pooled_oof,alexnet,median,18,1,outer-fold prediction,0.91464172243916719,78313.795509682794,63343.723355664057,0.85510154947157679,61123.113471586672,55355.9407125,52560.073749999981,52560.073749999981,1,1,1,0.94444444444444442,1,0.875,0.93333333333333335,0.9375,Pool_boiling/Subcooling_20_degrees/0.3/2025.06.11_0.3_2/regression_result/npy/ensemble/202609/03_selected_log_architecture/heatflux_reference_SNR=-12/maxfreq=15kHz/e200_active_rf-ctf-alex_ed198_rf-cnntf_v2__cmp/wav_eval/wav_metrics_-12.csv
20260903_selected_log_architecture,2025.06.11_0.3_2,maxfreq=15kHz,-12,source_wav_pooled_oof,ensemble__simple_equal,median,18,1,claim-safe ensemble strategy,0.93277849654009093,69497.56078683435,49020.842521219616,0.95226887590804965,35081.199031073811,24440.684668750007,18900.20915000001,18900.20915000001,1,1,1,0.94444444444444442,1,0.875,0.93333333333333335,0.9375,Pool_boiling/Subcooling_20_degrees/0.3/2025.06.11_0.3_2/regression_result/npy/ensemble/202609/03_selected_log_architecture/heatflux_reference_SNR=-12/maxfreq=15kHz/e200_active_rf-ctf-alex_ed198_rf-cnntf_v2__cmp/wav_eval/wav_metrics_-12.csv
20260903_selected_log_architecture,2025.06.11_0.3_2,maxfreq=15kHz,-12,source_wav_pooled_oof,ensemble__prediction_max,median,18,1,claim-safe ensemble strategy,0.9168216024781527,77307.339217197776,57652.895845941828,0.94604830058364775,37297.194205589716,33001.540656249992,2460.3862999999546,2460.3862999999546,1,1,1,0.94444444444444442,1,0.875,0.93333333333333335,0.9375,Pool_boiling/Subcooling_20_degrees/0.3/2025.06.11_0.3_2/regression_result/npy/ensemble/202609/03_selected_log_architecture/heatflux_reference_SNR=-12/maxfreq=15kHz/e200_active_rf-ctf-alex_ed198_rf-cnntf_v2__cmp/wav_eval/wav_metrics_-12.csv
20260903_selected_log_architecture,2025.06.11_0.3_2,maxfreq=15kHz,-12,source_wav_pooled_oof,ensemble__inner_holdout,median,18,0,legacy sample-level inner holdout; source-WAV leakage,0.9324817044475302,69650.812414250031,47890.469408997385,0.95830693638938191,32787.288458394098,21058.385931249992,11861.232299999974,11861.232299999974,1,1,1,0.94444444444444442,1,0.875,0.93333333333333335,0.9375,Pool_boiling/Subcooling_20_degrees/0.3/2025.06.11_0.3_2/regression_result/npy/ensemble/202609/03_selected_log_architecture/heatflux_reference_SNR=-12/maxfreq=15kHz/e200_active_rf-ctf-alex_ed198_rf-cnntf_v2__cmp/wav_eval/wav_metrics_-12.csv
20260903_selected_log_architecture,2025.06.11_0.3_2,maxfreq=15kHz,-12,source_wav_pooled_oof,ensemble__val_fold_legacy,median,18,0,outer-validation labels were used to choose weights,0.93885439479387789,66282.377101230071,46136.926858719613,0.96519365649049194,29957.308956061115,20180.66457500001,18325.218800000031,18325.218800000031,1,1,1,0.94444444444444442,1,0.875,0.93333333333333335,0.9375,Pool_boiling/Subcooling_20_degrees/0.3/2025.06.11_0.3_2/regression_result/npy/ensemble/202609/03_selected_log_architecture/heatflux_reference_SNR=-12/maxfreq=15kHz/e200_active_rf-ctf-alex_ed198_rf-cnntf_v2__cmp/wav_eval/wav_metrics_-12.csv
20260903_selected_log_architecture,2025.06.11_0.3_2,maxfreq=22kHz,-12,source_wav_pooled_oof,rf,median,18,1,outer-fold prediction,0.92194074762354783,74890.657763767929,58919.721046497376,0.88994132745085697,53270.372369186807,39520.433006249979,1998.1206499999389,1998.1206499999389,1,1,1,0.94444444444444442,1,0.875,0.93333333333333335,0.9375,Pool_boiling/Subcooling_20_degrees/0.3/2025.06.11_0.3_2/regression_result/npy/ensemble/202609/03_selected_log_architecture/heatflux_reference_SNR=-12/maxfreq=22kHz/e200_active_rf-ctf-alex_ed198_rf-cnntf_v2__cmp/wav_eval/wav_metrics_-12.csv
20260903_selected_log_architecture,2025.06.11_0.3_2,maxfreq=22kHz,-12,source_wav_pooled_oof,cnntf_v2_gap,median,18,1,outer-fold prediction,0.92447592072466345,73664.487378372025,50464.136080386277,0.96063176400109151,31860.058958948921,22445.702956249996,2936.1293999999762,2936.1293999999762,1,1,1,1,1,1,1,1,Pool_boiling/Subcooling_20_degrees/0.3/2025.06.11_0.3_2/regression_result/npy/ensemble/202609/03_selected_log_architecture/heatflux_reference_SNR=-12/maxfreq=22kHz/e200_active_rf-ctf-alex_ed198_rf-cnntf_v2__cmp/wav_eval/wav_metrics_-12.csv
20260903_selected_log_architecture,2025.06.11_0.3_2,maxfreq=22kHz,-12,source_wav_pooled_oof,alexnet,median,18,1,outer-fold prediction,0.93440851152959425,68649.787068514139,56695.753461027954,0.89080135884325495,53061.828851791055,42130.446787500012,27336.933149999939,27336.933149999939,1,1,1,0.94444444444444442,1,0.875,0.93333333333333335,0.9375,Pool_boiling/Subcooling_20_degrees/0.3/2025.06.11_0.3_2/regression_result/npy/ensemble/202609/03_selected_log_architecture/heatflux_reference_SNR=-12/maxfreq=22kHz/e200_active_rf-ctf-alex_ed198_rf-cnntf_v2__cmp/wav_eval/wav_metrics_-12.csv
20260903_selected_log_architecture,2025.06.11_0.3_2,maxfreq=22kHz,-12,source_wav_pooled_oof,ensemble__simple_equal,median,18,1,claim-safe ensemble strategy,0.94101381904038672,65101.439358641008,47005.158688441828,0.94428552876327487,37901.60524355626,24850.285856249997,7108.0372999999672,7108.0372999999672,1,1,1,0.94444444444444442,1,0.875,0.93333333333333335,0.9375,Pool_boiling/Subcooling_20_degrees/0.3/2025.06.11_0.3_2/regression_result/npy/ensemble/202609/03_selected_log_architecture/heatflux_reference_SNR=-12/maxfreq=22kHz/e200_active_rf-ctf-alex_ed198_rf-cnntf_v2__cmp/wav_eval/wav_metrics_-12.csv
20260903_selected_log_architecture,2025.06.11_0.3_2,maxfreq=22kHz,-12,source_wav_pooled_oof,ensemble__prediction_max,median,18,1,claim-safe ensemble strategy,0.9163386403147199,77531.450768629016,56570.162354830718,0.93422200271880196,41182.615079757757,32643.762362500005,9627.1762000000454,9627.1762000000454,1,1,1,1,1,1,1,1,Pool_boiling/Subcooling_20_degrees/0.3/2025.06.11_0.3_2/regression_result/npy/ensemble/202609/03_selected_log_architecture/heatflux_reference_SNR=-12/maxfreq=22kHz/e200_active_rf-ctf-alex_ed198_rf-cnntf_v2__cmp/wav_eval/wav_metrics_-12.csv
20260903_selected_log_architecture,2025.06.11_0.3_2,maxfreq=22kHz,-12,source_wav_pooled_oof,ensemble__inner_holdout,median,18,0,legacy sample-level inner holdout; source-WAV leakage,0.93819126393576369,66640.827721865149,47265.938561219613,0.94452199108550805,37821.089077513228,24035.131843750001,5032.7147499999846,5032.7147499999846,1,1,1,0.94444444444444442,1,0.875,0.93333333333333335,0.9375,Pool_boiling/Subcooling_20_degrees/0.3/2025.06.11_0.3_2/regression_result/npy/ensemble/202609/03_selected_log_architecture/heatflux_reference_SNR=-12/maxfreq=22kHz/e200_active_rf-ctf-alex_ed198_rf-cnntf_v2__cmp/wav_eval/wav_metrics_-12.csv
20260903_selected_log_architecture,2025.06.11_0.3_2,maxfreq=22kHz,-12,source_wav_pooled_oof,ensemble__val_fold_legacy,median,18,0,outer-validation labels were used to choose weights,0.94800834794277655,61119.847231846499,45410.069335664048,0.95188994482052836,35220.176247856223,23954.286556249979,3793.0150999999605,3793.0150999999605,1,1,1,0.94444444444444442,1,0.875,0.93333333333333335,0.9375,Pool_boiling/Subcooling_20_degrees/0.3/2025.06.11_0.3_2/regression_result/npy/ensemble/202609/03_selected_log_architecture/heatflux_reference_SNR=-12/maxfreq=22kHz/e200_active_rf-ctf-alex_ed198_rf-cnntf_v2__cmp/wav_eval/wav_metrics_-12.csv
20260903_selected_log_architecture,2025.06.11_0.3_2,maxfreq=3kHz,-12,source_wav_pooled_oof,rf,median,18,1,outer-fold prediction,0.92107383493625472,75305.370918838671,60439.958023997387,0.87967409218104486,55699.740379317351,43996.12049999999,9168.4799999999814,9168.4799999999814,1,1,1,0.94444444444444442,1,0.875,0.93333333333333335,0.9375,Pool_boiling/Subcooling_20_degrees/0.3/2025.06.11_0.3_2/regression_result/npy/ensemble/202609/03_selected_log_architecture/heatflux_reference_SNR=-12/maxfreq=3kHz/e200_active_rf-ctf-alex_ed198_rf-cnntf_v2__cmp/wav_eval/wav_metrics_-12.csv
20260903_selected_log_architecture,2025.06.11_0.3_2,maxfreq=3kHz,-12,source_wav_pooled_oof,cnntf_v2_gap,median,18,1,outer-fold prediction,0.92196041733106371,74881.221533604112,55696.900147052947,0.95144224197320693,35383.672828146569,33589.5847125,27195.160649999976,27195.160649999976,1,1,1,1,1,1,1,1,Pool_boiling/Subcooling_20_degrees/0.3/2025.06.11_0.3_2/regression_result/npy/ensemble/202609/03_selected_log_architecture/heatflux_reference_SNR=-12/maxfreq=3kHz/e200_active_rf-ctf-alex_ed198_rf-cnntf_v2__cmp/wav_eval/wav_metrics_-12.csv
20260903_selected_log_architecture,2025.06.11_0.3_2,maxfreq=3kHz,-12,source_wav_pooled_oof,alexnet,median,18,1,outer-fold prediction,0.92236824045675514,74685.306239732599,52968.657665108498,0.9123786354011183,47531.180824377181,31576.613681250012,13772.113799999992,13772.113799999992,1,1,1,1,1,1,1,1,Pool_boiling/Subcooling_20_degrees/0.3/2025.06.11_0.3_2/regression_result/npy/ensemble/202609/03_selected_log_architecture/heatflux_reference_SNR=-12/maxfreq=3kHz/e200_active_rf-ctf-alex_ed198_rf-cnntf_v2__cmp/wav_eval/wav_metrics_-12.csv
20260903_selected_log_architecture,2025.06.11_0.3_2,maxfreq=3kHz,-12,source_wav_pooled_oof,ensemble__simple_equal,median,18,1,claim-safe ensemble strategy,0.92885773821707351,71495.595107952176,47999.930497886278,0.95260812356490365,34956.307388850444,20113.950368749996,12013.618950000033,12013.618950000033,1,1,1,1,1,1,1,1,Pool_boiling/Subcooling_20_degrees/0.3/2025.06.11_0.3_2/regression_result/npy/ensemble/202609/03_selected_log_architecture/heatflux_reference_SNR=-12/maxfreq=3kHz/e200_active_rf-ctf-alex_ed198_rf-cnntf_v2__cmp/wav_eval/wav_metrics_-12.csv
20260903_selected_log_architecture,2025.06.11_0.3_2,maxfreq=3kHz,-12,source_wav_pooled_oof,ensemble__prediction_max,median,18,1,claim-safe ensemble strategy,0.91494093977226776,78176.413305402923,62182.116813997389,0.91775832686550052,46048.932400323589,44562.151112500003,29570.801200000045,29570.801200000045,1,1,1,1,1,1,1,1,Pool_boiling/Subcooling_20_degrees/0.3/2025.06.11_0.3_2/regression_result/npy/ensemble/202609/03_selected_log_architecture/heatflux_reference_SNR=-12/maxfreq=3kHz/e200_active_rf-ctf-alex_ed198_rf-cnntf_v2__cmp/wav_eval/wav_metrics_-12.csv
20260903_selected_log_architecture,2025.06.11_0.3_2,maxfreq=3kHz,-12,source_wav_pooled_oof,ensemble__inner_holdout,median,18,0,legacy sample-level inner holdout; source-WAV leakage,0.93014815093936543,70844.217011824745,47268.55388983072,0.95387444415288147,34486.125458069262,19439.162918749993,12078.004450000008,12078.004450000008,1,1,1,1,1,1,1,1,Pool_boiling/Subcooling_20_degrees/0.3/2025.06.11_0.3_2/regression_result/npy/ensemble/202609/03_selected_log_architecture/heatflux_reference_SNR=-12/maxfreq=3kHz/e200_active_rf-ctf-alex_ed198_rf-cnntf_v2__cmp/wav_eval/wav_metrics_-12.csv
20260903_selected_log_architecture,2025.06.11_0.3_2,maxfreq=3kHz,-12,source_wav_pooled_oof,ensemble__val_fold_legacy,median,18,0,outer-validation labels were used to choose weights,0.93029726496216503,70768.56038942984,47117.247542330733,0.95746401292692218,33117.066113859655,18495.484137500032,12345.105650000041,12345.105650000041,1,1,1,1,1,1,1,1,Pool_boiling/Subcooling_20_degrees/0.3/2025.06.11_0.3_2/regression_result/npy/ensemble/202609/03_selected_log_architecture/heatflux_reference_SNR=-12/maxfreq=3kHz/e200_active_rf-ctf-alex_ed198_rf-cnntf_v2__cmp/wav_eval/wav_metrics_-12.csv
20260903_selected_log_architecture,2025.06.11_0.3_2,maxfreq=5kHz,-12,source_wav_pooled_oof,rf,median,18,1,outer-fold prediction,0.92260579616740512,74570.948954624371,59530.237319830718,0.88554258576938616,54324.478082202331,42612.60878124999,12835.370600000024,12835.370600000024,1,1,1,0.94444444444444442,1,0.875,0.93333333333333335,0.9375,Pool_boiling/Subcooling_20_degrees/0.3/2025.06.11_0.3_2/regression_result/npy/ensemble/202609/03_selected_log_architecture/heatflux_reference_SNR=-12/maxfreq=5kHz/e200_active_rf-ctf-alex_ed198_rf-cnntf_v2__cmp/wav_eval/wav_metrics_-12.csv
20260903_selected_log_architecture,2025.06.11_0.3_2,maxfreq=5kHz,-12,source_wav_pooled_oof,cnntf_v2_gap,median,18,1,outer-fold prediction,0.92968636837469554,71078.002763309807,50244.949800941838,0.9699962033193017,27813.888179846279,22212.886618750003,7877.7856000000611,7877.7856000000611,1,1,1,1,1,1,1,1,Pool_boiling/Subcooling_20_degrees/0.3/2025.06.11_0.3_2/regression_result/npy/ensemble/202609/03_selected_log_architecture/heatflux_reference_SNR=-12/maxfreq=5kHz/e200_active_rf-ctf-alex_ed198_rf-cnntf_v2__cmp/wav_eval/wav_metrics_-12.csv
20260903_selected_log_architecture,2025.06.11_0.3_2,maxfreq=5kHz,-12,source_wav_pooled_oof,alexnet,median,18,1,outer-fold prediction,0.9133217493629745,78916.991418706326,55748.6642714974,0.94389701000834891,38033.527001367213,27373.376250000016,9417.1206000000238,9417.1206000000238,1,1,1,0.94444444444444442,1,0.875,0.93333333333333335,0.9375,Pool_boiling/Subcooling_20_degrees/0.3/2025.06.11_0.3_2/regression_result/npy/ensemble/202609/03_selected_log_architecture/heatflux_reference_SNR=-12/maxfreq=5kHz/e200_active_rf-ctf-alex_ed198_rf-cnntf_v2__cmp/wav_eval/wav_metrics_-12.csv
20260903_selected_log_architecture,2025.06.11_0.3_2,maxfreq=5kHz,-12,source_wav_pooled_oof,ensemble__simple_equal,median,18,1,claim-safe ensemble strategy,0.92925130838964054,71297.558401526301,48892.911901497377,0.95596792508737993,33694.434580538538,20177.205793749978,2366.7247999999672,2366.7247999999672,1,1,1,0.94444444444444442,1,0.875,0.93333333333333335,0.9375,Pool_boiling/Subcooling_20_degrees/0.3/2025.06.11_0.3_2/regression_result/npy/ensemble/202609/03_selected_log_architecture/heatflux_reference_SNR=-12/maxfreq=5kHz/e200_active_rf-ctf-alex_ed198_rf-cnntf_v2__cmp/wav_eval/wav_metrics_-12.csv
20260903_selected_log_architecture,2025.06.11_0.3_2,maxfreq=5kHz,-12,source_wav_pooled_oof,ensemble__prediction_max,median,18,1,claim-safe ensemble strategy,0.91486149914749959,78212.911085495929,58186.219896775161,0.93987164889789843,39374.33614348343,33561.1940875,10084.816850000061,10084.816850000061,1,1,1,1,1,1,1,1,Pool_boiling/Subcooling_20_degrees/0.3/2025.06.11_0.3_2/regression_result/npy/ensemble/202609/03_selected_log_architecture/heatflux_reference_SNR=-12/maxfreq=5kHz/e200_active_rf-ctf-alex_ed198_rf-cnntf_v2__cmp/wav_eval/wav_metrics_-12.csv
20260903_selected_log_architecture,2025.06.11_0.3_2,maxfreq=5kHz,-12,source_wav_pooled_oof,ensemble__inner_holdout,median,18,0,legacy sample-level inner holdout; source-WAV leakage,0.92733129040623707,72258.538859114007,48947.954448164055,0.95649082257718865,33493.770002642625,19694.174625000007,947.09129999997094,947.09129999997094,1,1,1,0.94444444444444442,1,0.875,0.93333333333333335,0.9375,Pool_boiling/Subcooling_20_degrees/0.3/2025.06.11_0.3_2/regression_result/npy/ensemble/202609/03_selected_log_architecture/heatflux_reference_SNR=-12/maxfreq=5kHz/e200_active_rf-ctf-alex_ed198_rf-cnntf_v2__cmp/wav_eval/wav_metrics_-12.csv
20260903_selected_log_architecture,2025.06.11_0.3_2,maxfreq=5kHz,-12,source_wav_pooled_oof,ensemble__val_fold_legacy,median,18,0,outer-validation labels were used to choose weights,0.93324345241088635,69256.794311488091,47908.841201775162,0.95936775395333973,32367.489236540187,20137.857650000005,1030.0257999999449,1030.0257999999449,1,1,1,0.94444444444444442,1,0.875,0.93333333333333335,0.9375,Pool_boiling/Subcooling_20_degrees/0.3/2025.06.11_0.3_2/regression_result/npy/ensemble/202609/03_selected_log_architecture/heatflux_reference_SNR=-12/maxfreq=5kHz/e200_active_rf-ctf-alex_ed198_rf-cnntf_v2__cmp/wav_eval/wav_metrics_-12.csv
20260903_selected_log_architecture,2025.06.11_0.3_2,maxfreq=10kHz,-16,source_wav_pooled_oof,rf,median,18,1,outer-fold prediction,0.91808497637252362,76717.992800142005,61417.761841497384,0.8806167558759902,55481.128421979229,43381.841199999988,6094.1362000000081,6094.1362000000081,1,1,1,0.94444444444444442,1,0.875,0.93333333333333335,0.9375,Pool_boiling/Subcooling_20_degrees/0.3/2025.06.11_0.3_2/regression_result/npy/ensemble/202609/03_selected_log_architecture/heatflux_reference_SNR=-16/maxfreq=10kHz/e200_active_rf-ctf-alex_ed198_rf-cnntf_v2__cmp/wav_eval/wav_metrics_-16.csv
20260903_selected_log_architecture,2025.06.11_0.3_2,maxfreq=10kHz,-16,source_wav_pooled_oof,cnntf_v2_gap,median,18,1,outer-fold prediction,0.91881102304954854,76377.244447797159,58743.540812886269,0.9108979741298654,47931.09897000459,37986.542793749999,2473.2075000000186,2473.2075000000186,1,1,1,1,1,1,1,1,Pool_boiling/Subcooling_20_degrees/0.3/2025.06.11_0.3_2/regression_result/npy/ensemble/202609/03_selected_log_architecture/heatflux_reference_SNR=-16/maxfreq=10kHz/e200_active_rf-ctf-alex_ed198_rf-cnntf_v2__cmp/wav_eval/wav_metrics_-16.csv
20260903_selected_log_architecture,2025.06.11_0.3_2,maxfreq=10kHz,-16,source_wav_pooled_oof,alexnet,median,18,1,outer-fold prediction,0.93842362734538343,66515.445196606277,55049.696943719609,0.88649066935172915,54099.017608239199,36935.467199999999,21372.707500000019,21372.707500000019,1,1,1,1,1,1,1,1,Pool_boiling/Subcooling_20_degrees/0.3/2025.06.11_0.3_2/regression_result/npy/ensemble/202609/03_selected_log_architecture/heatflux_reference_SNR=-16/maxfreq=10kHz/e200_active_rf-ctf-alex_ed198_rf-cnntf_v2__cmp/wav_eval/wav_metrics_-16.csv
20260903_selected_log_architecture,2025.06.11_0.3_2,maxfreq=10kHz,-16,source_wav_pooled_oof,ensemble__simple_equal,median,18,1,claim-safe ensemble strategy,0.93795978705230132,66765.497764172498,51267.002547052936,0.92243932320431232,44719.237767225881,30128.167393749987,10105.999150000047,10105.999150000047,1,1,1,1,1,1,1,1,Pool_boiling/Subcooling_20_degrees/0.3/2025.06.11_0.3_2/regression_result/npy/ensemble/202609/03_selected_log_architecture/heatflux_reference_SNR=-16/maxfreq=10kHz/e200_active_rf-ctf-alex_ed198_rf-cnntf_v2__cmp/wav_eval/wav_metrics_-16.csv
20260903_selected_log_architecture,2025.06.11_0.3_2,maxfreq=10kHz,-16,source_wav_pooled_oof,ensemble__prediction_max,median,18,1,claim-safe ensemble strategy,0.91471050539497911,78282.23594634149,61721.75957677517,0.88110730296369233,55367.024798902705,45744.371743750002,30681.832500000019,30681.832500000019,1,1,1,1,1,1,1,1,Pool_boiling/Subcooling_20_degrees/0.3/2025.06.11_0.3_2/regression_result/npy/ensemble/202609/03_selected_log_architecture/heatflux_reference_SNR=-16/maxfreq=10kHz/e200_active_rf-ctf-alex_ed198_rf-cnntf_v2__cmp/wav_eval/wav_metrics_-16.csv
20260903_selected_log_architecture,2025.06.11_0.3_2,maxfreq=10kHz,-16,source_wav_pooled_oof,ensemble__inner_holdout,median,18,0,legacy sample-level inner holdout; source-WAV leakage,0.9351932716099236,68237.875967549015,51994.035050941842,0.92027601220769584,45338.599883195973,31454.519462500022,8906.0902000000351,8906.0902000000351,1,1,1,1,1,1,1,1,Pool_boiling/Subcooling_20_degrees/0.3/2025.06.11_0.3_2/regression_result/npy/ensemble/202609/03_selected_log_architecture/heatflux_reference_SNR=-16/maxfreq=10kHz/e200_active_rf-ctf-alex_ed198_rf-cnntf_v2__cmp/wav_eval/wav_metrics_-16.csv
20260903_selected_log_architecture,2025.06.11_0.3_2,maxfreq=10kHz,-16,source_wav_pooled_oof,ensemble__val_fold_legacy,median,18,0,outer-validation labels were used to choose weights,0.94344056928564202,63748.205804344456,49013.513084552935,0.92733979746470097,43283.452951301959,27983.669399999984,8170.3088500000304,8170.3088500000304,1,1,1,1,1,1,1,1,Pool_boiling/Subcooling_20_degrees/0.3/2025.06.11_0.3_2/regression_result/npy/ensemble/202609/03_selected_log_architecture/heatflux_reference_SNR=-16/maxfreq=10kHz/e200_active_rf-ctf-alex_ed198_rf-cnntf_v2__cmp/wav_eval/wav_metrics_-16.csv
20260903_selected_log_architecture,2025.06.11_0.3_2,maxfreq=15kHz,-16,source_wav_pooled_oof,rf,median,18,1,outer-fold prediction,0.92042762633373487,75613.024135146596,60262.63749094183,0.88933150354875434,53417.75135376089,41499.368537499999,6739.3706000000238,6739.3706000000238,1,1,1,0.94444444444444442,1,0.875,0.93333333333333335,0.9375,Pool_boiling/Subcooling_20_degrees/0.3/2025.06.11_0.3_2/regression_result/npy/ensemble/202609/03_selected_log_architecture/heatflux_reference_SNR=-16/maxfreq=15kHz/e200_active_rf-ctf-alex_ed198_rf-cnntf_v2__cmp/wav_eval/wav_metrics_-16.csv
20260903_selected_log_architecture,2025.06.11_0.3_2,maxfreq=15kHz,-16,source_wav_pooled_oof,cnntf_v2_gap,median,18,1,outer-fold prediction,0.93157232402305401,70118.294865416217,48196.235813164065,0.96866576061941667,28423.867885563235,17615.137431250012,4503.3481000000611,4503.3481000000611,1,1,1,1,1,1,1,1,Pool_boiling/Subcooling_20_degrees/0.3/2025.06.11_0.3_2/regression_result/npy/ensemble/202609/03_selected_log_architecture/heatflux_reference_SNR=-16/maxfreq=15kHz/e200_active_rf-ctf-alex_ed198_rf-cnntf_v2__cmp/wav_eval/wav_metrics_-16.csv
20260903_selected_log_architecture,2025.06.11_0.3_2,maxfreq=15kHz,-16,source_wav_pooled_oof,alexnet,median,18,1,outer-fold prediction,0.90949158519479645,80641.747545384031,67762.734589830725,0.84122332723864901,63983.345725275074,55783.04618125,37039.276850000024,37039.276850000024,1,1,1,0.94444444444444442,1,0.875,0.93333333333333335,0.9375,Pool_boiling/Subcooling_20_degrees/0.3/2025.06.11_0.3_2/regression_result/npy/ensemble/202609/03_selected_log_architecture/heatflux_reference_SNR=-16/maxfreq=15kHz/e200_active_rf-ctf-alex_ed198_rf-cnntf_v2__cmp/wav_eval/wav_metrics_-16.csv
20260903_selected_log_architecture,2025.06.11_0.3_2,maxfreq=15kHz,-16,source_wav_pooled_oof,ensemble__simple_equal,median,18,1,claim-safe ensemble strategy,0.93142839482204398,70191.998733981716,51707.964547608499,0.93683802967972374,40355.379155138813,28194.398862500006,10761.05290000001,10761.05290000001,1,1,1,0.94444444444444442,1,0.875,0.93333333333333335,0.9375,Pool_boiling/Subcooling_20_degrees/0.3/2025.06.11_0.3_2/regression_result/npy/ensemble/202609/03_selected_log_architecture/heatflux_reference_SNR=-16/maxfreq=15kHz/e200_active_rf-ctf-alex_ed198_rf-cnntf_v2__cmp/wav_eval/wav_metrics_-16.csv
20260903_selected_log_architecture,2025.06.11_0.3_2,maxfreq=15kHz,-16,source_wav_pooled_oof,ensemble__prediction_max,median,18,1,claim-safe ensemble strategy,0.92156319606281534,75071.552254534705,56401.991818164046,0.93996371810211599,39344.179382860821,29914.383549999984,8833.2543999999762,8833.2543999999762,1,1,1,1,1,1,1,1,Pool_boiling/Subcooling_20_degrees/0.3/2025.06.11_0.3_2/regression_result/npy/ensemble/202609/03_selected_log_architecture/heatflux_reference_SNR=-16/maxfreq=15kHz/e200_active_rf-ctf-alex_ed198_rf-cnntf_v2__cmp/wav_eval/wav_metrics_-16.csv
20260903_selected_log_architecture,2025.06.11_0.3_2,maxfreq=15kHz,-16,source_wav_pooled_oof,ensemble__inner_holdout,median,18,0,legacy sample-level inner holdout; source-WAV leakage,0.93216351123374996,69814.741063711845,50560.018680386274,0.93842747311704044,39844.381153161157,26664.468887499985,6375.2990499999723,6375.2990499999723,1,1,1,0.94444444444444442,1,0.875,0.93333333333333335,0.9375,Pool_boiling/Subcooling_20_degrees/0.3/2025.06.11_0.3_2/regression_result/npy/ensemble/202609/03_selected_log_architecture/heatflux_reference_SNR=-16/maxfreq=15kHz/e200_active_rf-ctf-alex_ed198_rf-cnntf_v2__cmp/wav_eval/wav_metrics_-16.csv
20260903_selected_log_architecture,2025.06.11_0.3_2,maxfreq=15kHz,-16,source_wav_pooled_oof,ensemble__val_fold_legacy,median,18,0,outer-validation labels were used to choose weights,0.93340665314586646,69172.085944997772,49745.62166205293,0.94346453217052917,38179.838988633768,24892.400393749973,5600.7455499999924,5600.7455499999924,1,1,1,0.94444444444444442,1,0.875,0.93333333333333335,0.9375,Pool_boiling/Subcooling_20_degrees/0.3/2025.06.11_0.3_2/regression_result/npy/ensemble/202609/03_selected_log_architecture/heatflux_reference_SNR=-16/maxfreq=15kHz/e200_active_rf-ctf-alex_ed198_rf-cnntf_v2__cmp/wav_eval/wav_metrics_-16.csv
20260903_selected_log_architecture,2025.06.11_0.3_2,maxfreq=22kHz,-16,source_wav_pooled_oof,rf,median,18,1,outer-fold prediction,0.92076052565267952,75454.690876906985,59604.593658719597,0.8892698462520493,53432.629732132824,40188.50331249999,6571.8549999999814,6571.8549999999814,1,1,1,0.94444444444444442,1,0.875,0.93333333333333335,0.9375,Pool_boiling/Subcooling_20_degrees/0.3/2025.06.11_0.3_2/regression_result/npy/ensemble/202609/03_selected_log_architecture/heatflux_reference_SNR=-16/maxfreq=22kHz/e200_active_rf-ctf-alex_ed198_rf-cnntf_v2__cmp/wav_eval/wav_metrics_-16.csv
20260903_selected_log_architecture,2025.06.11_0.3_2,maxfreq=22kHz,-16,source_wav_pooled_oof,cnntf_v2_gap,median,18,1,outer-fold prediction,0.89713767386118815,85969.345802949014,55918.479838441839,0.98133297443028056,21938.713596673424,15777.469175000006,3097.8237499999814,3097.8237499999814,1,1,1,0.94444444444444442,1,0.875,0.93333333333333335,0.9375,Pool_boiling/Subcooling_20_degrees/0.3/2025.06.11_0.3_2/regression_result/npy/ensemble/202609/03_selected_log_architecture/heatflux_reference_SNR=-16/maxfreq=22kHz/e200_active_rf-ctf-alex_ed198_rf-cnntf_v2__cmp/wav_eval/wav_metrics_-16.csv
20260903_selected_log_architecture,2025.06.11_0.3_2,maxfreq=22kHz,-16,source_wav_pooled_oof,alexnet,median,18,1,outer-fold prediction,0.88599734671571451,90505.074638133912,72550.43302094184,0.87197566172339147,57453.946717711195,51088.31961875,51800.386249999981,51800.386249999981,1,1,1,0.94444444444444442,1,0.875,0.93333333333333335,0.9375,Pool_boiling/Subcooling_20_degrees/0.3/2025.06.11_0.3_2/regression_result/npy/ensemble/202609/03_selected_log_architecture/heatflux_reference_SNR=-16/maxfreq=22kHz/e200_active_rf-ctf-alex_ed198_rf-cnntf_v2__cmp/wav_eval/wav_metrics_-16.csv
20260903_selected_log_architecture,2025.06.11_0.3_2,maxfreq=22kHz,-16,source_wav_pooled_oof,ensemble__simple_equal,median,18,1,claim-safe ensemble strategy,0.92163435095325885,75037.493497634903,54111.845157052943,0.94381637000775276,38060.851056023035,27764.40081875,20324.657099999953,20324.657099999953,1,1,1,0.94444444444444442,1,0.875,0.93333333333333335,0.9375,Pool_boiling/Subcooling_20_degrees/0.3/2025.06.11_0.3_2/regression_result/npy/ensemble/202609/03_selected_log_architecture/heatflux_reference_SNR=-16/maxfreq=22kHz/e200_active_rf-ctf-alex_ed198_rf-cnntf_v2__cmp/wav_eval/wav_metrics_-16.csv
20260903_selected_log_architecture,2025.06.11_0.3_2,maxfreq=22kHz,-16,source_wav_pooled_oof,ensemble__prediction_max,median,18,1,claim-safe ensemble strategy,0.89311878356404961,87632.690428290764,62784.105049552942,0.95504599461006923,34045.349279731388,26688.23209374999,1764.7543999999762,1764.7543999999762,1,1,1,1,1,1,1,1,Pool_boiling/Subcooling_20_degrees/0.3/2025.06.11_0.3_2/regression_result/npy/ensemble/202609/03_selected_log_architecture/heatflux_reference_SNR=-16/maxfreq=22kHz/e200_active_rf-ctf-alex_ed198_rf-cnntf_v2__cmp/wav_eval/wav_metrics_-16.csv
20260903_selected_log_architecture,2025.06.11_0.3_2,maxfreq=22kHz,-16,source_wav_pooled_oof,ensemble__inner_holdout,median,18,0,legacy sample-level inner holdout; source-WAV leakage,0.92235675183541554,74690.832325098279,53231.9351401085,0.9440186164230483,37992.284726395395,27172.946131249999,16451.811099999992,16451.811099999992,1,1,1,0.94444444444444442,1,0.875,0.93333333333333335,0.9375,Pool_boiling/Subcooling_20_degrees/0.3/2025.06.11_0.3_2/regression_result/npy/ensemble/202609/03_selected_log_architecture/heatflux_reference_SNR=-16/maxfreq=22kHz/e200_active_rf-ctf-alex_ed198_rf-cnntf_v2__cmp/wav_eval/wav_metrics_-16.csv
20260903_selected_log_architecture,2025.06.11_0.3_2,maxfreq=22kHz,-16,source_wav_pooled_oof,ensemble__val_fold_legacy,median,18,0,outer-validation labels were used to choose weights,0.92467013493848671,73569.710321236547,51345.013992330729,0.95002725911213148,35895.51449238207,24824.128518749996,15181.341599999985,15181.341599999985,1,1,1,0.94444444444444442,1,0.875,0.93333333333333335,0.9375,Pool_boiling/Subcooling_20_degrees/0.3/2025.06.11_0.3_2/regression_result/npy/ensemble/202609/03_selected_log_architecture/heatflux_reference_SNR=-16/maxfreq=22kHz/e200_active_rf-ctf-alex_ed198_rf-cnntf_v2__cmp/wav_eval/wav_metrics_-16.csv
20260903_selected_log_architecture,2025.06.11_0.3_2,maxfreq=3kHz,-16,source_wav_pooled_oof,rf,median,18,1,outer-fold prediction,0.91896616903762895,76304.233985968385,60981.372959552929,0.88250248106797413,55041.206558593251,43330.890037499987,8517.6674999999814,8517.6674999999814,1,1,1,0.94444444444444442,1,0.875,0.93333333333333335,0.9375,Pool_boiling/Subcooling_20_degrees/0.3/2025.06.11_0.3_2/regression_result/npy/ensemble/202609/03_selected_log_architecture/heatflux_reference_SNR=-16/maxfreq=3kHz/e200_active_rf-ctf-alex_ed198_rf-cnntf_v2__cmp/wav_eval/wav_metrics_-16.csv
20260903_selected_log_architecture,2025.06.11_0.3_2,maxfreq=3kHz,-16,source_wav_pooled_oof,cnntf_v2_gap,median,18,1,outer-fold prediction,0.91271374297184305,79193.290178064635,58406.312223719615,0.93412457639327351,41213.102373728783,31712.69620625001,2387.5112499999814,2387.5112499999814,1,1,1,0.94444444444444442,1,0.875,0.93333333333333335,0.9375,Pool_boiling/Subcooling_20_degrees/0.3/2025.06.11_0.3_2/regression_result/npy/ensemble/202609/03_selected_log_architecture/heatflux_reference_SNR=-16/maxfreq=3kHz/e200_active_rf-ctf-alex_ed198_rf-cnntf_v2__cmp/wav_eval/wav_metrics_-16.csv
20260903_selected_log_architecture,2025.06.11_0.3_2,maxfreq=3kHz,-16,source_wav_pooled_oof,alexnet,median,18,1,outer-fold prediction,0.90982970424437049,80490.976900696594,63748.095878441847,0.88500122680872684,54452.798080403089,39266.368662500005,17556.995649999939,17556.995649999939,1,1,1,0.94444444444444442,1,0.875,0.93333333333333335,0.9375,Pool_boiling/Subcooling_20_degrees/0.3/2025.06.11_0.3_2/regression_result/npy/ensemble/202609/03_selected_log_architecture/heatflux_reference_SNR=-16/maxfreq=3kHz/e200_active_rf-ctf-alex_ed198_rf-cnntf_v2__cmp/wav_eval/wav_metrics_-16.csv
20260903_selected_log_architecture,2025.06.11_0.3_2,maxfreq=3kHz,-16,source_wav_pooled_oof,ensemble__simple_equal,median,18,1,claim-safe ensemble strategy,0.9238795575083536,73954.755122971765,51207.4218026085,0.92741188857507917,43261.975399370072,26157.8671875,5538.1310499999672,5538.1310499999672,1,1,1,0.94444444444444442,1,0.875,0.93333333333333335,0.9375,Pool_boiling/Subcooling_20_degrees/0.3/2025.06.11_0.3_2/regression_result/npy/ensemble/202609/03_selected_log_architecture/heatflux_reference_SNR=-16/maxfreq=3kHz/e200_active_rf-ctf-alex_ed198_rf-cnntf_v2__cmp/wav_eval/wav_metrics_-16.csv
20260903_selected_log_architecture,2025.06.11_0.3_2,maxfreq=3kHz,-16,source_wav_pooled_oof,ensemble__prediction_max,median,18,1,claim-safe ensemble strategy,0.90719525690014657,81658.338240502431,62295.929702330715,0.90519685869445776,49440.739885027702,39640.355131249999,4061.2387000000454,4061.2387000000454,1,1,1,1,1,1,1,1,Pool_boiling/Subcooling_20_degrees/0.3/2025.06.11_0.3_2/regression_result/npy/ensemble/202609/03_selected_log_architecture/heatflux_reference_SNR=-16/maxfreq=3kHz/e200_active_rf-ctf-alex_ed198_rf-cnntf_v2__cmp/wav_eval/wav_metrics_-16.csv
20260903_selected_log_architecture,2025.06.11_0.3_2,maxfreq=3kHz,-16,source_wav_pooled_oof,ensemble__inner_holdout,median,18,0,legacy sample-level inner holdout; source-WAV leakage,0.92638987103093451,72725.085516836887,50175.788390386268,0.92882879996174061,42837.66021672012,25059.004481249991,4813.9255499999854,4813.9255499999854,1,1,1,0.94444444444444442,1,0.875,0.93333333333333335,0.9375,Pool_boiling/Subcooling_20_degrees/0.3/2025.06.11_0.3_2/regression_result/npy/ensemble/202609/03_selected_log_architecture/heatflux_reference_SNR=-16/maxfreq=3kHz/e200_active_rf-ctf-alex_ed198_rf-cnntf_v2__cmp/wav_eval/wav_metrics_-16.csv
20260903_selected_log_architecture,2025.06.11_0.3_2,maxfreq=3kHz,-16,source_wav_pooled_oof,ensemble__val_fold_legacy,median,18,0,outer-validation labels were used to choose weights,0.92925203663031641,71297.19145540653,49653.910352052953,0.93212074790573118,41835.226215121947,24093.564843750013,5506.9414000000106,5506.9414000000106,1,1,1,0.94444444444444442,1,0.875,0.93333333333333335,0.9375,Pool_boiling/Subcooling_20_degrees/0.3/2025.06.11_0.3_2/regression_result/npy/ensemble/202609/03_selected_log_architecture/heatflux_reference_SNR=-16/maxfreq=3kHz/e200_active_rf-ctf-alex_ed198_rf-cnntf_v2__cmp/wav_eval/wav_metrics_-16.csv
20260903_selected_log_architecture,2025.06.11_0.3_2,maxfreq=5kHz,-16,source_wav_pooled_oof,rf,median,18,1,outer-fold prediction,0.91857746604180801,76487.023082557585,62015.606951497393,0.88110146589914262,55368.383910686556,45458.723168749988,38854.488799999992,38854.488799999992,1,1,1,1,1,1,1,1,Pool_boiling/Subcooling_20_degrees/0.3/2025.06.11_0.3_2/regression_result/npy/ensemble/202609/03_selected_log_architecture/heatflux_reference_SNR=-16/maxfreq=5kHz/e200_active_rf-ctf-alex_ed198_rf-cnntf_v2__cmp/wav_eval/wav_metrics_-16.csv
20260903_selected_log_architecture,2025.06.11_0.3_2,maxfreq=5kHz,-16,source_wav_pooled_oof,cnntf_v2_gap,median,18,1,outer-fold prediction,0.92977215632285237,71034.629260157555,52241.936001775168,0.95834383335175144,32772.777422150946,26594.800443750006,1028.8325000000186,1028.8325000000186,1,1,1,1,1,1,1,1,Pool_boiling/Subcooling_20_degrees/0.3/2025.06.11_0.3_2/regression_result/npy/ensemble/202609/03_selected_log_architecture/heatflux_reference_SNR=-16/maxfreq=5kHz/e200_active_rf-ctf-alex_ed198_rf-cnntf_v2__cmp/wav_eval/wav_metrics_-16.csv
20260903_selected_log_architecture,2025.06.11_0.3_2,maxfreq=5kHz,-16,source_wav_pooled_oof,alexnet,median,18,1,outer-fold prediction,0.89576820541409186,86539.734581600453,69126.229053164061,0.82113437483266927,67910.517480869996,55618.06961875,11244.011249999981,11244.011249999981,1,1,1,0.94444444444444442,1,0.875,0.93333333333333335,0.9375,Pool_boiling/Subcooling_20_degrees/0.3/2025.06.11_0.3_2/regression_result/npy/ensemble/202609/03_selected_log_architecture/heatflux_reference_SNR=-16/maxfreq=5kHz/e200_active_rf-ctf-alex_ed198_rf-cnntf_v2__cmp/wav_eval/wav_metrics_-16.csv
20260903_selected_log_architecture,2025.06.11_0.3_2,maxfreq=5kHz,-16,source_wav_pooled_oof,ensemble__simple_equal,median,18,1,claim-safe ensemble strategy,0.92838331496328197,71733.588748879876,51363.298777608499,0.93860796059811469,39785.940399334962,25391.789287499996,14466.962700000033,14466.962700000033,1,1,1,1,1,1,1,1,Pool_boiling/Subcooling_20_degrees/0.3/2025.06.11_0.3_2/regression_result/npy/ensemble/202609/03_selected_log_architecture/heatflux_reference_SNR=-16/maxfreq=5kHz/e200_active_rf-ctf-alex_ed198_rf-cnntf_v2__cmp/wav_eval/wav_metrics_-16.csv
20260903_selected_log_architecture,2025.06.11_0.3_2,maxfreq=5kHz,-16,source_wav_pooled_oof,ensemble__prediction_max,median,18,1,claim-safe ensemble strategy,0.91606365995792793,77658.762447098983,61402.420198997395,0.92334662714669569,44456.905745807322,40241.717531249997,38854.488799999992,38854.488799999992,1,1,1,1,1,1,1,1,Pool_boiling/Subcooling_20_degrees/0.3/2025.06.11_0.3_2/regression_result/npy/ensemble/202609/03_selected_log_architecture/heatflux_reference_SNR=-16/maxfreq=5kHz/e200_active_rf-ctf-alex_ed198_rf-cnntf_v2__cmp/wav_eval/wav_metrics_-16.csv
20260903_selected_log_architecture,2025.06.11_0.3_2,maxfreq=5kHz,-16,source_wav_pooled_oof,ensemble__inner_holdout,median,18,0,legacy sample-level inner holdout; source-WAV leakage,0.92769435804583433,72077.803657359313,51815.705919275177,0.93717618834783067,40247.206186847085,26257.196856250019,17144.996600000013,17144.996600000013,1,1,1,1,1,1,1,1,Pool_boiling/Subcooling_20_degrees/0.3/2025.06.11_0.3_2/regression_result/npy/ensemble/202609/03_selected_log_architecture/heatflux_reference_SNR=-16/maxfreq=5kHz/e200_active_rf-ctf-alex_ed198_rf-cnntf_v2__cmp/wav_eval/wav_metrics_-16.csv
20260903_selected_log_architecture,2025.06.11_0.3_2,maxfreq=5kHz,-16,source_wav_pooled_oof,ensemble__val_fold_legacy,median,18,0,outer-validation labels were used to choose weights,0.93251783703366109,69632.173016232482,49521.302572330715,0.9537029394277774,34550.179383046794,22288.02842499999,14917.431850000052,14917.431850000052,1,1,1,1,1,1,1,1,Pool_boiling/Subcooling_20_degrees/0.3/2025.06.11_0.3_2/regression_result/npy/ensemble/202609/03_selected_log_architecture/heatflux_reference_SNR=-16/maxfreq=5kHz/e200_active_rf-ctf-alex_ed198_rf-cnntf_v2__cmp/wav_eval/wav_metrics_-16.csv
20260903_selected_log_architecture,2025.06.11_0.3_2,maxfreq=10kHz,-20,source_wav_pooled_oof,rf,median,18,1,outer-fold prediction,0.91946642212943264,76068.341625947112,60695.233850386277,0.88716762901236468,53937.455471916306,42127.76112499999,11329.479999999981,11329.479999999981,1,1,1,0.94444444444444442,1,0.875,0.93333333333333335,0.9375,Pool_boiling/Subcooling_20_degrees/0.3/2025.06.11_0.3_2/regression_result/npy/ensemble/202609/03_selected_log_architecture/heatflux_reference_SNR=-20/maxfreq=10kHz/e200_active_rf-ctf-alex_ed198_rf-cnntf_v2__cmp/wav_eval/wav_metrics_-20.csv
20260903_selected_log_architecture,2025.06.11_0.3_2,maxfreq=10kHz,-20,source_wav_pooled_oof,cnntf_v2_gap,median,18,1,outer-fold prediction,0.90943323347955296,80667.738643058517,57083.542007330718,0.91116976969967634,47857.938959860272,32386.546787499996,8437.4887999999919,8437.4887999999919,1,1,1,1,1,1,1,1,Pool_boiling/Subcooling_20_degrees/0.3/2025.06.11_0.3_2/regression_result/npy/ensemble/202609/03_selected_log_architecture/heatflux_reference_SNR=-20/maxfreq=10kHz/e200_active_rf-ctf-alex_ed198_rf-cnntf_v2__cmp/wav_eval/wav_metrics_-20.csv
20260903_selected_log_architecture,2025.06.11_0.3_2,maxfreq=10kHz,-20,source_wav_pooled_oof,alexnet,median,18,1,outer-fold prediction,0.90426404083727818,82937.892915033604,60105.003005664046,0.94899381692876172,36264.776903638514,22463.832262499986,10835.151899999939,10835.151899999939,1,1,1,0.94444444444444442,1,0.875,0.93333333333333335,0.9375,Pool_boiling/Subcooling_20_degrees/0.3/2025.06.11_0.3_2/regression_result/npy/ensemble/202609/03_selected_log_architecture/heatflux_reference_SNR=-20/maxfreq=10kHz/e200_active_rf-ctf-alex_ed198_rf-cnntf_v2__cmp/wav_eval/wav_metrics_-20.csv
20260903_selected_log_architecture,2025.06.11_0.3_2,maxfreq=10kHz,-20,source_wav_pooled_oof,ensemble__simple_equal,median,18,1,claim-safe ensemble strategy,0.92472287373065798,73543.952562378006,54712.284582330714,0.9277676534034478,43155.828581420988,29221.488550000002,3955.7508499999531,3955.7508499999531,1,1,1,0.94444444444444442,1,0.875,0.93333333333333335,0.9375,Pool_boiling/Subcooling_20_degrees/0.3/2025.06.11_0.3_2/regression_result/npy/ensemble/202609/03_selected_log_architecture/heatflux_reference_SNR=-20/maxfreq=10kHz/e200_active_rf-ctf-alex_ed198_rf-cnntf_v2__cmp/wav_eval/wav_metrics_-20.csv
20260903_selected_log_architecture,2025.06.11_0.3_2,maxfreq=10kHz,-20,source_wav_pooled_oof,ensemble__prediction_max,median,18,1,claim-safe ensemble strategy,0.90016471807655218,84694.942130959593,63287.941246219598,0.90839067629320969,48600.801997301634,38148.836668749995,9614.1606000000611,9614.1606000000611,1,1,1,1,1,1,1,1,Pool_boiling/Subcooling_20_degrees/0.3/2025.06.11_0.3_2/regression_result/npy/ensemble/202609/03_selected_log_architecture/heatflux_reference_SNR=-20/maxfreq=10kHz/e200_active_rf-ctf-alex_ed198_rf-cnntf_v2__cmp/wav_eval/wav_metrics_-20.csv
20260903_selected_log_architecture,2025.06.11_0.3_2,maxfreq=10kHz,-20,source_wav_pooled_oof,ensemble__inner_holdout,median,18,0,legacy sample-level inner holdout; source-WAV leakage,0.92524002282472551,73290.896042593085,55010.194465664063,0.92247685427478732,44708.41679441146,30991.815425000015,2752.6512499999953,2752.6512499999953,1,1,1,0.94444444444444442,1,0.875,0.93333333333333335,0.9375,Pool_boiling/Subcooling_20_degrees/0.3/2025.06.11_0.3_2/regression_result/npy/ensemble/202609/03_selected_log_architecture/heatflux_reference_SNR=-20/maxfreq=10kHz/e200_active_rf-ctf-alex_ed198_rf-cnntf_v2__cmp/wav_eval/wav_metrics_-20.csv
20260903_selected_log_architecture,2025.06.11_0.3_2,maxfreq=10kHz,-20,source_wav_pooled_oof,ensemble__val_fold_legacy,median,18,0,outer-validation labels were used to choose weights,0.92855414435273376,71647.983547588039,53596.023765664053,0.9259441220320952,43697.175401462642,29160.807968749999,5368.8572500000009,5368.8572500000009,1,1,1,0.94444444444444442,1,0.875,0.93333333333333335,0.9375,Pool_boiling/Subcooling_20_degrees/0.3/2025.06.11_0.3_2/regression_result/npy/ensemble/202609/03_selected_log_architecture/heatflux_reference_SNR=-20/maxfreq=10kHz/e200_active_rf-ctf-alex_ed198_rf-cnntf_v2__cmp/wav_eval/wav_metrics_-20.csv
20260903_selected_log_architecture,2025.06.11_0.3_2,maxfreq=15kHz,-20,source_wav_pooled_oof,rf,median,18,1,outer-fold prediction,0.92084791973927371,75413.069493903808,59782.919613441838,0.89182610886089098,52812.268604005498,40170.69471874999,7231.9643500000238,7231.9643500000238,1,1,1,0.94444444444444442,1,0.875,0.93333333333333335,0.9375,Pool_boiling/Subcooling_20_degrees/0.3/2025.06.11_0.3_2/regression_result/npy/ensemble/202609/03_selected_log_architecture/heatflux_reference_SNR=-20/maxfreq=15kHz/e200_active_rf-ctf-alex_ed198_rf-cnntf_v2__cmp/wav_eval/wav_metrics_-20.csv
20260903_selected_log_architecture,2025.06.11_0.3_2,maxfreq=15kHz,-20,source_wav_pooled_oof,cnntf_v2_gap,median,18,1,outer-fold prediction,0.91857463329862776,76488.353587750709,49591.417848997386,0.98427182907312383,20137.831726486122,10240.914099999995,2633.5668999999762,2633.5668999999762,1,1,1,1,1,1,1,1,Pool_boiling/Subcooling_20_degrees/0.3/2025.06.11_0.3_2/regression_result/npy/ensemble/202609/03_selected_log_architecture/heatflux_reference_SNR=-20/maxfreq=15kHz/e200_active_rf-ctf-alex_ed198_rf-cnntf_v2__cmp/wav_eval/wav_metrics_-20.csv
20260903_selected_log_architecture,2025.06.11_0.3_2,maxfreq=15kHz,-20,source_wav_pooled_oof,alexnet,median,18,1,outer-fold prediction,0.86847734883265415,97211.071151267926,80952.927318164075,0.78357089639097777,74701.862121643746,62618.44851875001,21794.370600000024,21794.370600000024,1,1,1,0.94444444444444442,1,0.875,0.93333333333333335,0.9375,Pool_boiling/Subcooling_20_degrees/0.3/2025.06.11_0.3_2/regression_result/npy/ensemble/202609/03_selected_log_architecture/heatflux_reference_SNR=-20/maxfreq=15kHz/e200_active_rf-ctf-alex_ed198_rf-cnntf_v2__cmp/wav_eval/wav_metrics_-20.csv
20260903_selected_log_architecture,2025.06.11_0.3_2,maxfreq=15kHz,-20,source_wav_pooled_oof,ensemble__simple_equal,median,18,1,claim-safe ensemble strategy,0.91528066259717944,78020.140221601425,58352.46067788628,0.92693769183705499,43403.054235161908,30161.822306250011,5681.1154000000097,5681.1154000000097,1,1,1,0.94444444444444442,1,0.875,0.93333333333333335,0.9375,Pool_boiling/Subcooling_20_degrees/0.3/2025.06.11_0.3_2/regression_result/npy/ensemble/202609/03_selected_log_architecture/heatflux_reference_SNR=-20/maxfreq=15kHz/e200_active_rf-ctf-alex_ed198_rf-cnntf_v2__cmp/wav_eval/wav_metrics_-20.csv
20260903_selected_log_architecture,2025.06.11_0.3_2,maxfreq=15kHz,-20,source_wav_pooled_oof,ensemble__prediction_max,median,18,1,claim-safe ensemble strategy,0.91088466288539549,80018.734451558383,57273.265246219613,0.95535301023543784,33928.892896128942,25015.25268125,12039.645000000019,12039.645000000019,1,1,1,1,1,1,1,1,Pool_boiling/Subcooling_20_degrees/0.3/2025.06.11_0.3_2/regression_result/npy/ensemble/202609/03_selected_log_architecture/heatflux_reference_SNR=-20/maxfreq=15kHz/e200_active_rf-ctf-alex_ed198_rf-cnntf_v2__cmp/wav_eval/wav_metrics_-20.csv
20260903_selected_log_architecture,2025.06.11_0.3_2,maxfreq=15kHz,-20,source_wav_pooled_oof,ensemble__inner_holdout,median,18,0,legacy sample-level inner holdout; source-WAV leakage,0.91610418084800915,77640.01501271833,57724.947945664055,0.92453653613372511,44110.498455624482,31281.798187499997,4151.517050000024,4151.517050000024,1,1,1,0.94444444444444442,1,0.875,0.93333333333333335,0.9375,Pool_boiling/Subcooling_20_degrees/0.3/2025.06.11_0.3_2/regression_result/npy/ensemble/202609/03_selected_log_architecture/heatflux_reference_SNR=-20/maxfreq=15kHz/e200_active_rf-ctf-alex_ed198_rf-cnntf_v2__cmp/wav_eval/wav_metrics_-20.csv
20260903_selected_log_architecture,2025.06.11_0.3_2,maxfreq=15kHz,-20,source_wav_pooled_oof,ensemble__val_fold_legacy,median,18,0,outer-validation labels were used to choose weights,0.92724381047773419,72302.018856260926,53954.133064830719,0.94943055593532377,36109.185059278425,25136.266231249982,4780.4599499999895,4780.4599499999895,1,1,1,0.94444444444444442,1,0.875,0.93333333333333335,0.9375,Pool_boiling/Subcooling_20_degrees/0.3/2025.06.11_0.3_2/regression_result/npy/ensemble/202609/03_selected_log_architecture/heatflux_reference_SNR=-20/maxfreq=15kHz/e200_active_rf-ctf-alex_ed198_rf-cnntf_v2__cmp/wav_eval/wav_metrics_-20.csv
20260903_selected_log_architecture,2025.06.11_0.3_2,maxfreq=22kHz,-20,source_wav_pooled_oof,rf,median,18,1,outer-fold prediction,0.92138074796273051,75158.811716000666,59153.766617608489,0.89399161672474192,52280.977980466414,39035.03456249999,6843.5424999999814,6843.5424999999814,1,1,1,0.94444444444444442,1,0.875,0.93333333333333335,0.9375,Pool_boiling/Subcooling_20_degrees/0.3/2025.06.11_0.3_2/regression_result/npy/ensemble/202609/03_selected_log_architecture/heatflux_reference_SNR=-20/maxfreq=22kHz/e200_active_rf-ctf-alex_ed198_rf-cnntf_v2__cmp/wav_eval/wav_metrics_-20.csv
20260903_selected_log_architecture,2025.06.11_0.3_2,maxfreq=22kHz,-20,source_wav_pooled_oof,cnntf_v2_gap,median,18,1,outer-fold prediction,0.89821050917034317,85519.848384848563,59085.146864275164,0.97163400296361546,27044.105658280499,15614.097037500003,16488.792499999981,16488.792499999981,1,1,1,0.94444444444444442,1,0.875,0.93333333333333335,0.9375,Pool_boiling/Subcooling_20_degrees/0.3/2025.06.11_0.3_2/regression_result/npy/ensemble/202609/03_selected_log_architecture/heatflux_reference_SNR=-20/maxfreq=22kHz/e200_active_rf-ctf-alex_ed198_rf-cnntf_v2__cmp/wav_eval/wav_metrics_-20.csv
20260903_selected_log_architecture,2025.06.11_0.3_2,maxfreq=22kHz,-20,source_wav_pooled_oof,alexnet,median,18,1,outer-fold prediction,0.91993981513483447,75844.439392874163,65491.487245664051,0.80791591543714525,70375.142703905891,61194.012968750016,20750.495600000024,20750.495600000024,1,1,1,0.94444444444444442,1,0.875,0.93333333333333335,0.9375,Pool_boiling/Subcooling_20_degrees/0.3/2025.06.11_0.3_2/regression_result/npy/ensemble/202609/03_selected_log_architecture/heatflux_reference_SNR=-20/maxfreq=22kHz/e200_active_rf-ctf-alex_ed198_rf-cnntf_v2__cmp/wav_eval/wav_metrics_-20.csv
20260903_selected_log_architecture,2025.06.11_0.3_2,maxfreq=22kHz,-20,source_wav_pooled_oof,ensemble__simple_equal,median,18,1,claim-safe ensemble strategy,0.93064489167347597,70591.868673772275,53659.11946927516,0.92788183359867771,43121.706128049023,31427.442668749994,18944.787299999967,18944.787299999967,1,1,1,0.94444444444444442,1,0.875,0.93333333333333335,0.9375,Pool_boiling/Subcooling_20_degrees/0.3/2025.06.11_0.3_2/regression_result/npy/ensemble/202609/03_selected_log_architecture/heatflux_reference_SNR=-20/maxfreq=22kHz/e200_active_rf-ctf-alex_ed198_rf-cnntf_v2__cmp/wav_eval/wav_metrics_-20.csv
20260903_selected_log_architecture,2025.06.11_0.3_2,maxfreq=22kHz,-20,source_wav_pooled_oof,ensemble__prediction_max,median,18,1,claim-safe ensemble strategy,0.89202866167277328,88078.456131209125,63353.084428997376,0.94735129653412509,36844.056340929266,23958.310193749981,3774.5737999999546,3774.5737999999546,1,1,1,0.94444444444444442,1,0.875,0.93333333333333335,0.9375,Pool_boiling/Subcooling_20_degrees/0.3/2025.06.11_0.3_2/regression_result/npy/ensemble/202609/03_selected_log_architecture/heatflux_reference_SNR=-20/maxfreq=22kHz/e200_active_rf-ctf-alex_ed198_rf-cnntf_v2__cmp/wav_eval/wav_metrics_-20.csv
20260903_selected_log_architecture,2025.06.11_0.3_2,maxfreq=22kHz,-20,source_wav_pooled_oof,ensemble__inner_holdout,median,18,0,legacy sample-level inner holdout; source-WAV leakage,0.93093425958638076,70444.450743766531,53529.86809816405,0.92444179326419107,44138.179694316314,32584.800518749995,17903.159400000004,17903.159400000004,1,1,1,0.94444444444444442,1,0.875,0.93333333333333335,0.9375,Pool_boiling/Subcooling_20_degrees/0.3/2025.06.11_0.3_2/regression_result/npy/ensemble/202609/03_selected_log_architecture/heatflux_reference_SNR=-20/maxfreq=22kHz/e200_active_rf-ctf-alex_ed198_rf-cnntf_v2__cmp/wav_eval/wav_metrics_-20.csv
20260903_selected_log_architecture,2025.06.11_0.3_2,maxfreq=22kHz,-20,source_wav_pooled_oof,ensemble__val_fold_legacy,median,18,0,outer-validation labels were used to choose weights,0.93509780173407642,68288.119701568576,51675.715949830745,0.92732374031305675,43288.235284341717,30598.985087500041,14603.802799999947,14603.802799999947,1,1,1,0.94444444444444442,1,0.875,0.93333333333333335,0.9375,Pool_boiling/Subcooling_20_degrees/0.3/2025.06.11_0.3_2/regression_result/npy/ensemble/202609/03_selected_log_architecture/heatflux_reference_SNR=-20/maxfreq=22kHz/e200_active_rf-ctf-alex_ed198_rf-cnntf_v2__cmp/wav_eval/wav_metrics_-20.csv
20260903_selected_log_architecture,2025.06.11_0.3_2,maxfreq=3kHz,-20,source_wav_pooled_oof,rf,median,18,1,outer-fold prediction,0.91889277066350017,76338.783377251166,60597.644223997384,0.88754927970700648,53846.157629517744,41669.520893749985,7401.4331499999389,7401.4331499999389,1,1,1,0.94444444444444442,1,0.875,0.93333333333333335,0.9375,Pool_boiling/Subcooling_20_degrees/0.3/2025.06.11_0.3_2/regression_result/npy/ensemble/202609/03_selected_log_architecture/heatflux_reference_SNR=-20/maxfreq=3kHz/e200_active_rf-ctf-alex_ed198_rf-cnntf_v2__cmp/wav_eval/wav_metrics_-20.csv
20260903_selected_log_architecture,2025.06.11_0.3_2,maxfreq=3kHz,-20,source_wav_pooled_oof,cnntf_v2_gap,median,18,1,outer-fold prediction,0.93195613223263707,69921.372932193772,51036.471984830714,0.94291328347961323,38365.523586491123,26880.535887499995,20545.645000000019,20545.645000000019,1,1,1,1,1,1,1,1,Pool_boiling/Subcooling_20_degrees/0.3/2025.06.11_0.3_2/regression_result/npy/ensemble/202609/03_selected_log_architecture/heatflux_reference_SNR=-20/maxfreq=3kHz/e200_active_rf-ctf-alex_ed198_rf-cnntf_v2__cmp/wav_eval/wav_metrics_-20.csv
20260903_selected_log_architecture,2025.06.11_0.3_2,maxfreq=3kHz,-20,source_wav_pooled_oof,alexnet,median,18,1,outer-fold prediction,0.93231410985847651,69737.202809577328,56024.179577330724,0.92057974130303988,45252.15292372679,31993.18594375001,27311.941850000061,27311.941850000061,1,1,1,1,1,1,1,1,Pool_boiling/Subcooling_20_degrees/0.3/2025.06.11_0.3_2/regression_result/npy/ensemble/202609/03_selected_log_architecture/heatflux_reference_SNR=-20/maxfreq=3kHz/e200_active_rf-ctf-alex_ed198_rf-cnntf_v2__cmp/wav_eval/wav_metrics_-20.csv
20260903_selected_log_architecture,2025.06.11_0.3_2,maxfreq=3kHz,-20,source_wav_pooled_oof,ensemble__simple_equal,median,18,1,claim-safe ensemble strategy,0.93449479305516814,68604.619946360865,49009.97526038628,0.93918276361275044,39599.247950445482,23553.148931250005,15319.629399999976,15319.629399999976,1,1,1,1,1,1,1,1,Pool_boiling/Subcooling_20_degrees/0.3/2025.06.11_0.3_2/regression_result/npy/ensemble/202609/03_selected_log_architecture/heatflux_reference_SNR=-20/maxfreq=3kHz/e200_active_rf-ctf-alex_ed198_rf-cnntf_v2__cmp/wav_eval/wav_metrics_-20.csv
20260903_selected_log_architecture,2025.06.11_0.3_2,maxfreq=3kHz,-20,source_wav_pooled_oof,ensemble__prediction_max,median,18,1,claim-safe ensemble strategy,0.92263546497611559,74556.654322836766,60399.711864830722,0.90740564567655035,48861.393789432448,41636.9440875,33323.395000000019,33323.395000000019,1,1,1,1,1,1,1,1,Pool_boiling/Subcooling_20_degrees/0.3/2025.06.11_0.3_2/regression_result/npy/ensemble/202609/03_selected_log_architecture/heatflux_reference_SNR=-20/maxfreq=3kHz/e200_active_rf-ctf-alex_ed198_rf-cnntf_v2__cmp/wav_eval/wav_metrics_-20.csv
20260903_selected_log_architecture,2025.06.11_0.3_2,maxfreq=3kHz,-20,source_wav_pooled_oof,ensemble__inner_holdout,median,18,0,legacy sample-level inner holdout; source-WAV leakage,0.93344691069620933,69151.174548827999,50245.21430760849,0.93709956832328822,40271.741487901396,25632.960237499981,11581.455599999987,11581.455599999987,1,1,1,1,1,1,1,1,Pool_boiling/Subcooling_20_degrees/0.3/2025.06.11_0.3_2/regression_result/npy/ensemble/202609/03_selected_log_architecture/heatflux_reference_SNR=-20/maxfreq=3kHz/e200_active_rf-ctf-alex_ed198_rf-cnntf_v2__cmp/wav_eval/wav_metrics_-20.csv
20260903_selected_log_architecture,2025.06.11_0.3_2,maxfreq=3kHz,-20,source_wav_pooled_oof,ensemble__val_fold_legacy,median,18,0,outer-validation labels were used to choose weights,0.93498561274238456,68347.115140921189,48525.511872330717,0.94059363195177026,39137.231231365258,22546.145624999976,14568.395550000016,14568.395550000016,1,1,1,1,1,1,1,1,Pool_boiling/Subcooling_20_degrees/0.3/2025.06.11_0.3_2/regression_result/npy/ensemble/202609/03_selected_log_architecture/heatflux_reference_SNR=-20/maxfreq=3kHz/e200_active_rf-ctf-alex_ed198_rf-cnntf_v2__cmp/wav_eval/wav_metrics_-20.csv
20260903_selected_log_architecture,2025.06.11_0.3_2,maxfreq=5kHz,-20,source_wav_pooled_oof,rf,median,18,1,outer-fold prediction,0.91885380286549434,76357.119579197533,60846.595394830714,0.88671990278420298,54044.363198316067,42219.06190624999,9932.0112499999814,9932.0112499999814,1,1,1,0.94444444444444442,1,0.875,0.93333333333333335,0.9375,Pool_boiling/Subcooling_20_degrees/0.3/2025.06.11_0.3_2/regression_result/npy/ensemble/202609/03_selected_log_architecture/heatflux_reference_SNR=-20/maxfreq=5kHz/e200_active_rf-ctf-alex_ed198_rf-cnntf_v2__cmp/wav_eval/wav_metrics_-20.csv
20260903_selected_log_architecture,2025.06.11_0.3_2,maxfreq=5kHz,-20,source_wav_pooled_oof,cnntf_v2_gap,median,18,1,outer-fold prediction,0.9201468061993695,75746.330190958906,54062.984645664052,0.97100553768535947,27342.053397853746,22849.4128375,10315.723149999976,10315.723149999976,1,1,1,1,1,1,1,1,Pool_boiling/Subcooling_20_degrees/0.3/2025.06.11_0.3_2/regression_result/npy/ensemble/202609/03_selected_log_architecture/heatflux_reference_SNR=-20/maxfreq=5kHz/e200_active_rf-ctf-alex_ed198_rf-cnntf_v2__cmp/wav_eval/wav_metrics_-20.csv
20260903_selected_log_architecture,2025.06.11_0.3_2,maxfreq=5kHz,-20,source_wav_pooled_oof,alexnet,median,18,1,outer-fold prediction,0.87744643134251288,93837.932881999193,74319.621767608507,0.86578123045956401,58827.477167931553,47275.311800000003,1883.1987000000081,1883.1987000000081,1,1,1,0.94444444444444442,1,0.875,0.93333333333333335,0.9375,Pool_boiling/Subcooling_20_degrees/0.3/2025.06.11_0.3_2/regression_result/npy/ensemble/202609/03_selected_log_architecture/heatflux_reference_SNR=-20/maxfreq=5kHz/e200_active_rf-ctf-alex_ed198_rf-cnntf_v2__cmp/wav_eval/wav_metrics_-20.csv
20260903_selected_log_architecture,2025.06.11_0.3_2,maxfreq=5kHz,-20,source_wav_pooled_oof,ensemble__simple_equal,median,18,1,claim-safe ensemble strategy,0.9153586624646094,77984.215944170661,54360.77269927517,0.94363221029931321,38123.178293037905,23360.306487500005,588.42625000001863,588.42625000001863,1,1,1,1,1,1,1,1,Pool_boiling/Subcooling_20_degrees/0.3/2025.06.11_0.3_2/regression_result/npy/ensemble/202609/03_selected_log_architecture/heatflux_reference_SNR=-20/maxfreq=5kHz/e200_active_rf-ctf-alex_ed198_rf-cnntf_v2__cmp/wav_eval/wav_metrics_-20.csv
20260903_selected_log_architecture,2025.06.11_0.3_2,maxfreq=5kHz,-20,source_wav_pooled_oof,ensemble__prediction_max,median,18,1,claim-safe ensemble strategy,0.89720959606142425,85939.285303965618,65476.16693760849,0.93826308457655405,39897.534677896314,36130.364006250005,14509.348100000061,14509.348100000061,1,1,1,1,1,1,1,1,Pool_boiling/Subcooling_20_degrees/0.3/2025.06.11_0.3_2/regression_result/npy/ensemble/202609/03_selected_log_architecture/heatflux_reference_SNR=-20/maxfreq=5kHz/e200_active_rf-ctf-alex_ed198_rf-cnntf_v2__cmp/wav_eval/wav_metrics_-20.csv
20260903_selected_log_architecture,2025.06.11_0.3_2,maxfreq=5kHz,-20,source_wav_pooled_oof,ensemble__inner_holdout,median,18,0,legacy sample-level inner holdout; source-WAV leakage,0.9155194937358494,77910.089845245195,55427.473855664044,0.93896025460728638,39671.621715233538,25775.650093749995,473.51219999999739,473.51219999999739,1,1,1,1,1,1,1,1,Pool_boiling/Subcooling_20_degrees/0.3/2025.06.11_0.3_2/regression_result/npy/ensemble/202609/03_selected_log_architecture/heatflux_reference_SNR=-20/maxfreq=5kHz/e200_active_rf-ctf-alex_ed198_rf-cnntf_v2__cmp/wav_eval/wav_metrics_-20.csv
20260903_selected_log_architecture,2025.06.11_0.3_2,maxfreq=5kHz,-20,source_wav_pooled_oof,ensemble__val_fold_legacy,median,18,0,outer-validation labels were used to choose weights,0.91984008004025941,75891.666350874744,53126.536757608497,0.95090412038779915,35579.195196106957,21969.593306249997,853.75135000003502,853.75135000003502,1,1,1,1,1,1,1,1,Pool_boiling/Subcooling_20_degrees/0.3/2025.06.11_0.3_2/regression_result/npy/ensemble/202609/03_selected_log_architecture/heatflux_reference_SNR=-20/maxfreq=5kHz/e200_active_rf-ctf-alex_ed198_rf-cnntf_v2__cmp/wav_eval/wav_metrics_-20.csv
20260903_selected_log_architecture,2025.06.11_0.3_2,maxfreq=10kHz,-4,source_wav_pooled_oof,rf,median,18,1,outer-fold prediction,0.92210106478705622,74813.713465839595,59405.093387052933,0.88226155465630063,55097.608130626293,44220.073618749993,13196.948749999981,13196.948749999981,1,1,1,0.94444444444444442,1,0.875,0.93333333333333335,0.9375,Pool_boiling/Subcooling_20_degrees/0.3/2025.06.11_0.3_2/regression_result/npy/ensemble/202609/03_selected_log_architecture/heatflux_reference_SNR=-4/maxfreq=10kHz/e200_active_rf-ctf-alex_ed198_rf-cnntf_v2__cmp/wav_eval/wav_metrics_-4.csv
20260903_selected_log_architecture,2025.06.11_0.3_2,maxfreq=10kHz,-4,source_wav_pooled_oof,cnntf_v2_gap,median,18,1,outer-fold prediction,0.92762028408024011,72114.714484013079,53571.388859552942,0.9388138073246205,39719.183517791978,35367.772206250003,35995.145000000019,35995.145000000019,1,1,1,1,1,1,1,1,Pool_boiling/Subcooling_20_degrees/0.3/2025.06.11_0.3_2/regression_result/npy/ensemble/202609/03_selected_log_architecture/heatflux_reference_SNR=-4/maxfreq=10kHz/e200_active_rf-ctf-alex_ed198_rf-cnntf_v2__cmp/wav_eval/wav_metrics_-4.csv
20260903_selected_log_architecture,2025.06.11_0.3_2,maxfreq=10kHz,-4,source_wav_pooled_oof,alexnet,median,18,1,outer-fold prediction,0.93387117369885808,68930.409507327335,50328.956290664064,0.94205020919995364,38654.45315311294,26965.91756875001,30892.854999999981,30892.854999999981,1,1,1,0.94444444444444442,1,0.875,0.93333333333333335,0.9375,Pool_boiling/Subcooling_20_degrees/0.3/2025.06.11_0.3_2/regression_result/npy/ensemble/202609/03_selected_log_architecture/heatflux_reference_SNR=-4/maxfreq=10kHz/e200_active_rf-ctf-alex_ed198_rf-cnntf_v2__cmp/wav_eval/wav_metrics_-4.csv
20260903_selected_log_architecture,2025.06.11_0.3_2,maxfreq=10kHz,-4,source_wav_pooled_oof,ensemble__simple_equal,median,18,1,claim-safe ensemble strategy,0.94069859257404143,65275.160999912907,45754.800705386275,0.9557872779009785,33763.481685601197,21549.710087499989,1309.5997999999672,1309.5997999999672,1,1,1,0.94444444444444442,1,0.875,0.93333333333333335,0.9375,Pool_boiling/Subcooling_20_degrees/0.3/2025.06.11_0.3_2/regression_result/npy/ensemble/202609/03_selected_log_architecture/heatflux_reference_SNR=-4/maxfreq=10kHz/e200_active_rf-ctf-alex_ed198_rf-cnntf_v2__cmp/wav_eval/wav_metrics_-4.csv
20260903_selected_log_architecture,2025.06.11_0.3_2,maxfreq=10kHz,-4,source_wav_pooled_oof,ensemble__prediction_max,median,18,1,claim-safe ensemble strategy,0.92258492541528248,74581.002981952261,57888.711212330723,0.90991344141286301,48195.17879398579,45007.60424375,35995.145000000019,35995.145000000019,1,1,1,1,1,1,1,1,Pool_boiling/Subcooling_20_degrees/0.3/2025.06.11_0.3_2/regression_result/npy/ensemble/202609/03_selected_log_architecture/heatflux_reference_SNR=-4/maxfreq=10kHz/e200_active_rf-ctf-alex_ed198_rf-cnntf_v2__cmp/wav_eval/wav_metrics_-4.csv
20260903_selected_log_architecture,2025.06.11_0.3_2,maxfreq=10kHz,-4,source_wav_pooled_oof,ensemble__inner_holdout,median,18,0,legacy sample-level inner holdout; source-WAV leakage,0.93931950002905329,66029.806793908981,46270.358569275173,0.95521102211744868,33982.80107169642,21661.050525000006,1535.6352999999654,1535.6352999999654,1,1,1,0.94444444444444442,1,0.875,0.93333333333333335,0.9375,Pool_boiling/Subcooling_20_degrees/0.3/2025.06.11_0.3_2/regression_result/npy/ensemble/202609/03_selected_log_architecture/heatflux_reference_SNR=-4/maxfreq=10kHz/e200_active_rf-ctf-alex_ed198_rf-cnntf_v2__cmp/wav_eval/wav_metrics_-4.csv
20260903_selected_log_architecture,2025.06.11_0.3_2,maxfreq=10kHz,-4,source_wav_pooled_oof,ensemble__val_fold_legacy,median,18,0,outer-validation labels were used to choose weights,0.94475057813437668,63005.624450334682,44797.876123164053,0.9625557429249525,31071.785242076465,21300.416024999999,3240.0823000000091,3240.0823000000091,1,1,1,1,1,1,1,1,Pool_boiling/Subcooling_20_degrees/0.3/2025.06.11_0.3_2/regression_result/npy/ensemble/202609/03_selected_log_architecture/heatflux_reference_SNR=-4/maxfreq=10kHz/e200_active_rf-ctf-alex_ed198_rf-cnntf_v2__cmp/wav_eval/wav_metrics_-4.csv
20260903_selected_log_architecture,2025.06.11_0.3_2,maxfreq=15kHz,-4,source_wav_pooled_oof,rf,median,18,1,outer-fold prediction,0.92307731223706113,74343.44407011685,58161.967406497388,0.89183141130577059,52810.974217846153,41611.245493749993,12954.042499999981,12954.042499999981,1,1,1,0.94444444444444442,1,0.875,0.93333333333333335,0.9375,Pool_boiling/Subcooling_20_degrees/0.3/2025.06.11_0.3_2/regression_result/npy/ensemble/202609/03_selected_log_architecture/heatflux_reference_SNR=-4/maxfreq=15kHz/e200_active_rf-ctf-alex_ed198_rf-cnntf_v2__cmp/wav_eval/wav_metrics_-4.csv
20260903_selected_log_architecture,2025.06.11_0.3_2,maxfreq=15kHz,-4,source_wav_pooled_oof,cnntf_v2_gap,median,18,1,outer-fold prediction,0.94172625216049877,64707.098529364775,42672.646261497386,0.97057794401045239,27542.927961403289,20302.585606249995,16859.645000000019,16859.645000000019,1,1,1,1,1,1,1,1,Pool_boiling/Subcooling_20_degrees/0.3/2025.06.11_0.3_2/regression_result/npy/ensemble/202609/03_selected_log_architecture/heatflux_reference_SNR=-4/maxfreq=15kHz/e200_active_rf-ctf-alex_ed198_rf-cnntf_v2__cmp/wav_eval/wav_metrics_-4.csv
20260903_selected_log_architecture,2025.06.11_0.3_2,maxfreq=15kHz,-4,source_wav_pooled_oof,alexnet,median,18,1,outer-fold prediction,0.90859343389199432,81040.880004950886,64716.57832649738,0.83539783479192453,65146.542165279599,53566.81180625,31831.011249999981,31831.011249999981,1,1,1,0.94444444444444442,1,0.875,0.93333333333333335,0.9375,Pool_boiling/Subcooling_20_degrees/0.3/2025.06.11_0.3_2/regression_result/npy/ensemble/202609/03_selected_log_architecture/heatflux_reference_SNR=-4/maxfreq=15kHz/e200_active_rf-ctf-alex_ed198_rf-cnntf_v2__cmp/wav_eval/wav_metrics_-4.csv
20260903_selected_log_architecture,2025.06.11_0.3_2,maxfreq=15kHz,-4,source_wav_pooled_oof,ensemble__simple_equal,median,18,1,claim-safe ensemble strategy,0.93781487865163349,66843.42495189824,48049.857040386269,0.9328083121278099,41622.807726255276,26979.174768749988,6375.3654499999247,6375.3654499999247,1,1,1,0.94444444444444442,1,0.875,0.93333333333333335,0.9375,Pool_boiling/Subcooling_20_degrees/0.3/2025.06.11_0.3_2/regression_result/npy/ensemble/202609/03_selected_log_architecture/heatflux_reference_SNR=-4/maxfreq=15kHz/e200_active_rf-ctf-alex_ed198_rf-cnntf_v2__cmp/wav_eval/wav_metrics_-4.csv
20260903_selected_log_architecture,2025.06.11_0.3_2,maxfreq=15kHz,-4,source_wav_pooled_oof,ensemble__prediction_max,median,18,1,claim-safe ensemble strategy,0.93192836589289429,69935.637719305028,50771.942325386277,0.9409297309822694,39026.362280722737,32686.594474999998,16859.645000000019,16859.645000000019,1,1,1,1,1,1,1,1,Pool_boiling/Subcooling_20_degrees/0.3/2025.06.11_0.3_2/regression_result/npy/ensemble/202609/03_selected_log_architecture/heatflux_reference_SNR=-4/maxfreq=15kHz/e200_active_rf-ctf-alex_ed198_rf-cnntf_v2__cmp/wav_eval/wav_metrics_-4.csv
20260903_selected_log_architecture,2025.06.11_0.3_2,maxfreq=15kHz,-4,source_wav_pooled_oof,ensemble__inner_holdout,median,18,0,legacy sample-level inner holdout; source-WAV leakage,0.93785419526184199,66822.290696981945,46585.275302330716,0.94126487847756668,38915.492692290718,23906.554037499991,509.90730000002077,509.90730000002077,1,1,1,1,1,1,1,1,Pool_boiling/Subcooling_20_degrees/0.3/2025.06.11_0.3_2/regression_result/npy/ensemble/202609/03_selected_log_architecture/heatflux_reference_SNR=-4/maxfreq=15kHz/e200_active_rf-ctf-alex_ed198_rf-cnntf_v2__cmp/wav_eval/wav_metrics_-4.csv
20260903_selected_log_architecture,2025.06.11_0.3_2,maxfreq=15kHz,-4,source_wav_pooled_oof,ensemble__val_fold_legacy,median,18,0,outer-validation labels were used to choose weights,0.9456877663076384,62468.961106754665,43049.370392886252,0.95619641606920946,33606.897390981918,19904.446693749953,277.48679999995511,277.48679999995511,1,1,1,0.94444444444444442,1,0.875,0.93333333333333335,0.9375,Pool_boiling/Subcooling_20_degrees/0.3/2025.06.11_0.3_2/regression_result/npy/ensemble/202609/03_selected_log_architecture/heatflux_reference_SNR=-4/maxfreq=15kHz/e200_active_rf-ctf-alex_ed198_rf-cnntf_v2__cmp/wav_eval/wav_metrics_-4.csv
20260903_selected_log_architecture,2025.06.11_0.3_2,maxfreq=22kHz,-4,source_wav_pooled_oof,rf,median,18,1,outer-fold prediction,0.91591162284514971,77729.063774455542,59995.568321497383,0.8873556435846226,53892.49826860147,41151.64003124999,8689.6518500000238,8689.6518500000238,1,1,1,0.94444444444444442,1,0.875,0.93333333333333335,0.9375,Pool_boiling/Subcooling_20_degrees/0.3/2025.06.11_0.3_2/regression_result/npy/ensemble/202609/03_selected_log_architecture/heatflux_reference_SNR=-4/maxfreq=22kHz/e200_active_rf-ctf-alex_ed198_rf-cnntf_v2__cmp/wav_eval/wav_metrics_-4.csv
20260903_selected_log_architecture,2025.06.11_0.3_2,maxfreq=22kHz,-4,source_wav_pooled_oof,cnntf_v2_gap,median,18,1,outer-fold prediction,0.91389074149916816,78657.542936507307,55468.645477886275,0.94844405895486195,36459.68873104779,28934.156906249991,1688.5200000000186,1688.5200000000186,1,1,1,1,1,1,1,1,Pool_boiling/Subcooling_20_degrees/0.3/2025.06.11_0.3_2/regression_result/npy/ensemble/202609/03_selected_log_architecture/heatflux_reference_SNR=-4/maxfreq=22kHz/e200_active_rf-ctf-alex_ed198_rf-cnntf_v2__cmp/wav_eval/wav_metrics_-4.csv
20260903_selected_log_architecture,2025.06.11_0.3_2,maxfreq=22kHz,-4,source_wav_pooled_oof,alexnet,median,18,1,outer-fold prediction,0.92074758563262626,75460.85160274955,50543.056037052942,0.95863366961851693,32658.564802555768,21083.211899999995,19481.339350000024,19481.339350000024,1,1,1,0.94444444444444442,1,0.875,0.93333333333333335,0.9375,Pool_boiling/Subcooling_20_degrees/0.3/2025.06.11_0.3_2/regression_result/npy/ensemble/202609/03_selected_log_architecture/heatflux_reference_SNR=-4/maxfreq=22kHz/e200_active_rf-ctf-alex_ed198_rf-cnntf_v2__cmp/wav_eval/wav_metrics_-4.csv
20260903_selected_log_architecture,2025.06.11_0.3_2,maxfreq=22kHz,-4,source_wav_pooled_oof,ensemble__simple_equal,median,18,1,claim-safe ensemble strategy,0.93015815253542367,70839.144987130945,47038.124324275152,0.95490113228044016,34100.159988550506,21389.732481249979,8749.4695499999798,8749.4695499999798,1,1,1,0.94444444444444442,1,0.875,0.93333333333333335,0.9375,Pool_boiling/Subcooling_20_degrees/0.3/2025.06.11_0.3_2/regression_result/npy/ensemble/202609/03_selected_log_architecture/heatflux_reference_SNR=-4/maxfreq=22kHz/e200_active_rf-ctf-alex_ed198_rf-cnntf_v2__cmp/wav_eval/wav_metrics_-4.csv
20260903_selected_log_architecture,2025.06.11_0.3_2,maxfreq=22kHz,-4,source_wav_pooled_oof,ensemble__prediction_max,median,18,1,claim-safe ensemble strategy,0.91488432814845089,78202.424394327638,56983.923016775159,0.92365527664975333,44367.311237755086,37344.287837499993,6269.9262000000454,6269.9262000000454,1,1,1,1,1,1,1,1,Pool_boiling/Subcooling_20_degrees/0.3/2025.06.11_0.3_2/regression_result/npy/ensemble/202609/03_selected_log_architecture/heatflux_reference_SNR=-4/maxfreq=22kHz/e200_active_rf-ctf-alex_ed198_rf-cnntf_v2__cmp/wav_eval/wav_metrics_-4.csv
20260903_selected_log_architecture,2025.06.11_0.3_2,maxfreq=22kHz,-4,source_wav_pooled_oof,ensemble__inner_holdout,median,18,0,legacy sample-level inner holdout; source-WAV leakage,0.92739644002552779,72226.140651373702,48227.728991219614,0.95581440347031466,33753.122742092593,20828.17008750001,10965.982499999984,10965.982499999984,1,1,1,0.94444444444444442,1,0.875,0.93333333333333335,0.9375,Pool_boiling/Subcooling_20_degrees/0.3/2025.06.11_0.3_2/regression_result/npy/ensemble/202609/03_selected_log_architecture/heatflux_reference_SNR=-4/maxfreq=22kHz/e200_active_rf-ctf-alex_ed198_rf-cnntf_v2__cmp/wav_eval/wav_metrics_-4.csv
20260903_selected_log_architecture,2025.06.11_0.3_2,maxfreq=22kHz,-4,source_wav_pooled_oof,ensemble__val_fold_legacy,median,18,0,outer-validation labels were used to choose weights,0.93568013530502814,67981.072567301046,45362.047764830713,0.95937442830912079,32364.830744429266,20950.00937499998,8761.7031499999575,8761.7031499999575,1,1,1,0.94444444444444442,1,0.875,0.93333333333333335,0.9375,Pool_boiling/Subcooling_20_degrees/0.3/2025.06.11_0.3_2/regression_result/npy/ensemble/202609/03_selected_log_architecture/heatflux_reference_SNR=-4/maxfreq=22kHz/e200_active_rf-ctf-alex_ed198_rf-cnntf_v2__cmp/wav_eval/wav_metrics_-4.csv
20260903_selected_log_architecture,2025.06.11_0.3_2,maxfreq=3kHz,-4,source_wav_pooled_oof,rf,median,18,1,outer-fold prediction,0.92038062515445629,75635.352089540931,59593.827873164053,0.88078810790112705,55441.29780112482,43688.735737499985,20747.573749999981,20747.573749999981,1,1,1,0.94444444444444442,1,0.875,0.93333333333333335,0.9375,Pool_boiling/Subcooling_20_degrees/0.3/2025.06.11_0.3_2/regression_result/npy/ensemble/202609/03_selected_log_architecture/heatflux_reference_SNR=-4/maxfreq=3kHz/e200_active_rf-ctf-alex_ed198_rf-cnntf_v2__cmp/wav_eval/wav_metrics_-4.csv
20260903_selected_log_architecture,2025.06.11_0.3_2,maxfreq=3kHz,-4,source_wav_pooled_oof,cnntf_v2_gap,median,18,1,outer-fold prediction,0.95059311993594608,59581.189076656694,40368.575890941836,0.96925458094942996,28155.53640894773,19979.406756249999,5358.8012500000186,5358.8012500000186,1,1,1,1,1,1,1,1,Pool_boiling/Subcooling_20_degrees/0.3/2025.06.11_0.3_2/regression_result/npy/ensemble/202609/03_selected_log_architecture/heatflux_reference_SNR=-4/maxfreq=3kHz/e200_active_rf-ctf-alex_ed198_rf-cnntf_v2__cmp/wav_eval/wav_metrics_-4.csv
20260903_selected_log_architecture,2025.06.11_0.3_2,maxfreq=3kHz,-4,source_wav_pooled_oof,alexnet,median,18,1,outer-fold prediction,0.92821526164702661,71817.703252021238,51188.556932664069,0.95026083604264433,35811.526860120095,27545.621281250023,2898.1987000000081,2898.1987000000081,1,1,1,0.94444444444444442,1,0.875,0.93333333333333335,0.9375,Pool_boiling/Subcooling_20_degrees/0.3/2025.06.11_0.3_2/regression_result/npy/ensemble/202609/03_selected_log_architecture/heatflux_reference_SNR=-4/maxfreq=3kHz/e200_active_rf-ctf-alex_ed198_rf-cnntf_v2__cmp/wav_eval/wav_metrics_-4.csv
20260903_selected_log_architecture,2025.06.11_0.3_2,maxfreq=3kHz,-4,source_wav_pooled_oof,ensemble__simple_equal,median,18,1,claim-safe ensemble strategy,0.9416778253994369,64733.979454075758,44259.04736344183,0.95828507801343443,32795.882009780515,22165.132193749996,6240.8341500000097,6240.8341500000097,1,1,1,0.94444444444444442,1,0.875,0.93333333333333335,0.9375,Pool_boiling/Subcooling_20_degrees/0.3/2025.06.11_0.3_2/regression_result/npy/ensemble/202609/03_selected_log_architecture/heatflux_reference_SNR=-4/maxfreq=3kHz/e200_active_rf-ctf-alex_ed198_rf-cnntf_v2__cmp/wav_eval/wav_metrics_-4.csv
20260903_selected_log_architecture,2025.06.11_0.3_2,maxfreq=3kHz,-4,source_wav_pooled_oof,ensemble__prediction_max,median,18,1,claim-safe ensemble strategy,0.93309700145435326,69332.720699529949,50060.805838997388,0.93689851619636433,40336.051536236126,35048.151124999997,9177.5981000000611,9177.5981000000611,1,1,1,1,1,1,1,1,Pool_boiling/Subcooling_20_degrees/0.3/2025.06.11_0.3_2/regression_result/npy/ensemble/202609/03_selected_log_architecture/heatflux_reference_SNR=-4/maxfreq=3kHz/e200_active_rf-ctf-alex_ed198_rf-cnntf_v2__cmp/wav_eval/wav_metrics_-4.csv
20260903_selected_log_architecture,2025.06.11_0.3_2,maxfreq=3kHz,-4,source_wav_pooled_oof,ensemble__inner_holdout,median,18,0,legacy sample-level inner holdout; source-WAV leakage,0.94194052744866918,64588.023458083095,43132.091478719616,0.96246171219970278,31110.774806432732,19759.727081250014,4288.8985499999835,4288.8985499999835,1,1,1,0.94444444444444442,1,0.875,0.93333333333333335,0.9375,Pool_boiling/Subcooling_20_degrees/0.3/2025.06.11_0.3_2/regression_result/npy/ensemble/202609/03_selected_log_architecture/heatflux_reference_SNR=-4/maxfreq=3kHz/e200_active_rf-ctf-alex_ed198_rf-cnntf_v2__cmp/wav_eval/wav_metrics_-4.csv
20260903_selected_log_architecture,2025.06.11_0.3_2,maxfreq=3kHz,-4,source_wav_pooled_oof,ensemble__val_fold_legacy,median,18,0,outer-validation labels were used to choose weights,0.94503388180363479,62843.879178183241,42788.439115941837,0.96471039763213851,30164.558962755957,21203.109956250009,5534.9925499999663,5534.9925499999663,1,1,1,0.94444444444444442,1,0.875,0.93333333333333335,0.9375,Pool_boiling/Subcooling_20_degrees/0.3/2025.06.11_0.3_2/regression_result/npy/ensemble/202609/03_selected_log_architecture/heatflux_reference_SNR=-4/maxfreq=3kHz/e200_active_rf-ctf-alex_ed198_rf-cnntf_v2__cmp/wav_eval/wav_metrics_-4.csv
20260903_selected_log_architecture,2025.06.11_0.3_2,maxfreq=5kHz,-4,source_wav_pooled_oof,rf,median,18,1,outer-fold prediction,0.92101879582563217,75331.623418918374,58520.386358164047,0.89298086890998551,52529.625873074947,39777.938856249995,18598.448749999981,18598.448749999981,1,1,1,0.94444444444444442,1,0.875,0.93333333333333335,0.9375,Pool_boiling/Subcooling_20_degrees/0.3/2025.06.11_0.3_2/regression_result/npy/ensemble/202609/03_selected_log_architecture/heatflux_reference_SNR=-4/maxfreq=5kHz/e200_active_rf-ctf-alex_ed198_rf-cnntf_v2__cmp/wav_eval/wav_metrics_-4.csv
20260903_selected_log_architecture,2025.06.11_0.3_2,maxfreq=5kHz,-4,source_wav_pooled_oof,cnntf_v2_gap,median,18,1,outer-fold prediction,0.9121851424792925,79432.723205262781,54999.008645664057,0.94969725576626662,36013.84048185336,33476.168712499981,20689.473149999976,20689.473149999976,1,1,1,1,1,1,1,1,Pool_boiling/Subcooling_20_degrees/0.3/2025.06.11_0.3_2/regression_result/npy/ensemble/202609/03_selected_log_architecture/heatflux_reference_SNR=-4/maxfreq=5kHz/e200_active_rf-ctf-alex_ed198_rf-cnntf_v2__cmp/wav_eval/wav_metrics_-4.csv
20260903_selected_log_architecture,2025.06.11_0.3_2,maxfreq=5kHz,-4,source_wav_pooled_oof,alexnet,median,18,1,outer-fold prediction,0.90777741705582438,81401.815699842453,62421.561484914069,0.89255695899696297,52633.559727632251,44482.52274375,16951.042499999981,16951.042499999981,1,1,1,0.94444444444444442,1,0.875,0.93333333333333335,0.9375,Pool_boiling/Subcooling_20_degrees/0.3/2025.06.11_0.3_2/regression_result/npy/ensemble/202609/03_selected_log_architecture/heatflux_reference_SNR=-4/maxfreq=5kHz/e200_active_rf-ctf-alex_ed198_rf-cnntf_v2__cmp/wav_eval/wav_metrics_-4.csv
20260903_selected_log_architecture,2025.06.11_0.3_2,maxfreq=5kHz,-4,source_wav_pooled_oof,ensemble__simple_equal,median,18,1,claim-safe ensemble strategy,0.92643265531592267,72703.947508514306,47833.792101219609,0.95743444755627749,33128.573408300435,20349.947968749999,2059.1101999999955,2059.1101999999955,1,1,1,0.94444444444444442,1,0.875,0.93333333333333335,0.9375,Pool_boiling/Subcooling_20_degrees/0.3/2025.06.11_0.3_2/regression_result/npy/ensemble/202609/03_selected_log_architecture/heatflux_reference_SNR=-4/maxfreq=5kHz/e200_active_rf-ctf-alex_ed198_rf-cnntf_v2__cmp/wav_eval/wav_metrics_-4.csv
20260903_selected_log_architecture,2025.06.11_0.3_2,maxfreq=5kHz,-4,source_wav_pooled_oof,ensemble__prediction_max,median,18,1,claim-safe ensemble strategy,0.91149576967218815,79743.898970612878,59268.882430386264,0.92193039625598106,44865.714140329757,41546.828862499984,20689.473149999976,20689.473149999976,1,1,1,1,1,1,1,1,Pool_boiling/Subcooling_20_degrees/0.3/2025.06.11_0.3_2/regression_result/npy/ensemble/202609/03_selected_log_architecture/heatflux_reference_SNR=-4/maxfreq=5kHz/e200_active_rf-ctf-alex_ed198_rf-cnntf_v2__cmp/wav_eval/wav_metrics_-4.csv
20260903_selected_log_architecture,2025.06.11_0.3_2,maxfreq=5kHz,-4,source_wav_pooled_oof,ensemble__inner_holdout,median,18,0,legacy sample-level inner holdout; source-WAV leakage,0.9248348106624853,73489.252366997316,47675.328355941827,0.9586267900984129,32661.28036749169,18793.461493749986,1580.1142000000109,1580.1142000000109,1,1,1,1,1,1,1,1,Pool_boiling/Subcooling_20_degrees/0.3/2025.06.11_0.3_2/regression_result/npy/ensemble/202609/03_selected_log_architecture/heatflux_reference_SNR=-4/maxfreq=5kHz/e200_active_rf-ctf-alex_ed198_rf-cnntf_v2__cmp/wav_eval/wav_metrics_-4.csv
20260903_selected_log_architecture,2025.06.11_0.3_2,maxfreq=5kHz,-4,source_wav_pooled_oof,ensemble__val_fold_legacy,median,18,0,outer-validation labels were used to choose weights,0.93263916854694795,69569.546260043731,46756.299570941832,0.95824728472370946,32810.73501205405,21120.133156249998,1984.4508500000229,1984.4508500000229,1,1,1,1,1,1,1,1,Pool_boiling/Subcooling_20_degrees/0.3/2025.06.11_0.3_2/regression_result/npy/ensemble/202609/03_selected_log_architecture/heatflux_reference_SNR=-4/maxfreq=5kHz/e200_active_rf-ctf-alex_ed198_rf-cnntf_v2__cmp/wav_eval/wav_metrics_-4.csv
20260903_selected_log_architecture,2025.06.11_0.3_2,maxfreq=10kHz,-8,source_wav_pooled_oof,rf,median,18,1,outer-fold prediction,0.91912023872083237,76231.660825231273,60185.825204552937,0.88380498911675165,54735.279221335135,43191.511118750001,8261.5581000000238,8261.5581000000238,1,1,1,0.94444444444444442,1,0.875,0.93333333333333335,0.9375,Pool_boiling/Subcooling_20_degrees/0.3/2025.06.11_0.3_2/regression_result/npy/ensemble/202609/03_selected_log_architecture/heatflux_reference_SNR=-8/maxfreq=10kHz/e200_active_rf-ctf-alex_ed198_rf-cnntf_v2__cmp/wav_eval/wav_metrics_-8.csv
20260903_selected_log_architecture,2025.06.11_0.3_2,maxfreq=10kHz,-8,source_wav_pooled_oof,cnntf_v2_gap,median,18,1,outer-fold prediction,0.93117770669902611,70320.187707390258,51220.152862608498,0.95105315145613911,35525.15363998567,32537.781981249995,11821.926299999992,11821.926299999992,1,1,1,1,1,1,1,1,Pool_boiling/Subcooling_20_degrees/0.3/2025.06.11_0.3_2/regression_result/npy/ensemble/202609/03_selected_log_architecture/heatflux_reference_SNR=-8/maxfreq=10kHz/e200_active_rf-ctf-alex_ed198_rf-cnntf_v2__cmp/wav_eval/wav_metrics_-8.csv
20260903_selected_log_architecture,2025.06.11_0.3_2,maxfreq=10kHz,-8,source_wav_pooled_oof,alexnet,median,18,1,outer-fold prediction,0.87616590155875596,94326.902777000243,68527.010247052953,0.89849704680241649,51157.92683500058,39280.395781250016,40193.292499999981,40193.292499999981,1,1,1,0.94444444444444442,1,0.875,0.93333333333333335,0.9375,Pool_boiling/Subcooling_20_degrees/0.3/2025.06.11_0.3_2/regression_result/npy/ensemble/202609/03_selected_log_architecture/heatflux_reference_SNR=-8/maxfreq=10kHz/e200_active_rf-ctf-alex_ed198_rf-cnntf_v2__cmp/wav_eval/wav_metrics_-8.csv
20260903_selected_log_architecture,2025.06.11_0.3_2,maxfreq=10kHz,-8,source_wav_pooled_oof,ensemble__simple_equal,median,18,1,claim-safe ensemble strategy,0.92451424448320774,73645.794940924621,49834.359658719608,0.95662780665234115,33441.002628339935,20820.296750000001,10994.188349999953,10994.188349999953,1,1,1,0.94444444444444442,1,0.875,0.93333333333333335,0.9375,Pool_boiling/Subcooling_20_degrees/0.3/2025.06.11_0.3_2/regression_result/npy/ensemble/202609/03_selected_log_architecture/heatflux_reference_SNR=-8/maxfreq=10kHz/e200_active_rf-ctf-alex_ed198_rf-cnntf_v2__cmp/wav_eval/wav_metrics_-8.csv
20260903_selected_log_architecture,2025.06.11_0.3_2,maxfreq=10kHz,-8,source_wav_pooled_oof,ensemble__prediction_max,median,18,1,claim-safe ensemble strategy,0.90419944985393497,82965.866399821985,62894.551930941838,0.91578972564818306,46596.804900718671,42825.539793749995,12743.660649999976,12743.660649999976,1,1,1,1,1,1,1,1,Pool_boiling/Subcooling_20_degrees/0.3/2025.06.11_0.3_2/regression_result/npy/ensemble/202609/03_selected_log_architecture/heatflux_reference_SNR=-8/maxfreq=10kHz/e200_active_rf-ctf-alex_ed198_rf-cnntf_v2__cmp/wav_eval/wav_metrics_-8.csv
20260903_selected_log_architecture,2025.06.11_0.3_2,maxfreq=10kHz,-8,source_wav_pooled_oof,ensemble__inner_holdout,median,18,0,legacy sample-level inner holdout; source-WAV leakage,0.92460954946217644,73599.289294265312,49613.56436816405,0.96077141137071587,31803.501611796695,19966.181631249987,2296.2516499999911,2296.2516499999911,1,1,1,0.94444444444444442,1,0.875,0.93333333333333335,0.9375,Pool_boiling/Subcooling_20_degrees/0.3/2025.06.11_0.3_2/regression_result/npy/ensemble/202609/03_selected_log_architecture/heatflux_reference_SNR=-8/maxfreq=10kHz/e200_active_rf-ctf-alex_ed198_rf-cnntf_v2__cmp/wav_eval/wav_metrics_-8.csv
20260903_selected_log_architecture,2025.06.11_0.3_2,maxfreq=10kHz,-8,source_wav_pooled_oof,ensemble__val_fold_legacy,median,18,0,outer-validation labels were used to choose weights,0.93536990580189938,68144.81953293964,47855.405138441827,0.96463569792299841,30196.467690446567,22596.15275624999,5878.5705499999458,5878.5705499999458,1,1,1,0.94444444444444442,1,0.875,0.93333333333333335,0.9375,Pool_boiling/Subcooling_20_degrees/0.3/2025.06.11_0.3_2/regression_result/npy/ensemble/202609/03_selected_log_architecture/heatflux_reference_SNR=-8/maxfreq=10kHz/e200_active_rf-ctf-alex_ed198_rf-cnntf_v2__cmp/wav_eval/wav_metrics_-8.csv
20260903_selected_log_architecture,2025.06.11_0.3_2,maxfreq=15kHz,-8,source_wav_pooled_oof,rf,median,18,1,outer-fold prediction,0.92286731309227021,74444.853806357642,58665.422000386272,0.89269701662250522,52599.243241162199,40720.696674999985,9726.7456499999389,9726.7456499999389,1,1,1,0.94444444444444442,1,0.875,0.93333333333333335,0.9375,Pool_boiling/Subcooling_20_degrees/0.3/2025.06.11_0.3_2/regression_result/npy/ensemble/202609/03_selected_log_architecture/heatflux_reference_SNR=-8/maxfreq=15kHz/e200_active_rf-ctf-alex_ed198_rf-cnntf_v2__cmp/wav_eval/wav_metrics_-8.csv
20260903_selected_log_architecture,2025.06.11_0.3_2,maxfreq=15kHz,-8,source_wav_pooled_oof,cnntf_v2_gap,median,18,1,outer-fold prediction,0.94358129475117281,63668.850487648058,41919.560716219617,0.97128467675729202,27210.119689487703,17525.88641875,18955.479999999981,18955.479999999981,1,1,1,0.94444444444444442,1,0.875,0.93333333333333335,0.9375,Pool_boiling/Subcooling_20_degrees/0.3/2025.06.11_0.3_2/regression_result/npy/ensemble/202609/03_selected_log_architecture/heatflux_reference_SNR=-8/maxfreq=15kHz/e200_active_rf-ctf-alex_ed198_rf-cnntf_v2__cmp/wav_eval/wav_metrics_-8.csv
20260903_selected_log_architecture,2025.06.11_0.3_2,maxfreq=15kHz,-8,source_wav_pooled_oof,alexnet,median,18,1,outer-fold prediction,0.90624336004673123,82076.054020274431,64569.570817052954,0.88055965186785379,55494.395845166779,38790.374381250003,32940.448749999981,32940.448749999981,1,1,1,0.94444444444444442,1,0.875,0.93333333333333335,0.9375,Pool_boiling/Subcooling_20_degrees/0.3/2025.06.11_0.3_2/regression_result/npy/ensemble/202609/03_selected_log_architecture/heatflux_reference_SNR=-8/maxfreq=15kHz/e200_active_rf-ctf-alex_ed198_rf-cnntf_v2__cmp/wav_eval/wav_metrics_-8.csv
20260903_selected_log_architecture,2025.06.11_0.3_2,maxfreq=15kHz,-8,source_wav_pooled_oof,ensemble__simple_equal,median,18,1,claim-safe ensemble strategy,0.94211197262195678,64492.591213057589,46796.495478997385,0.9388742314384485,39699.566434428045,24872.497449999995,18803.349799999967,18803.349799999967,1,1,1,0.94444444444444442,1,0.875,0.93333333333333335,0.9375,Pool_boiling/Subcooling_20_degrees/0.3/2025.06.11_0.3_2/regression_result/npy/ensemble/202609/03_selected_log_architecture/heatflux_reference_SNR=-8/maxfreq=15kHz/e200_active_rf-ctf-alex_ed198_rf-cnntf_v2__cmp/wav_eval/wav_metrics_-8.csv
20260903_selected_log_architecture,2025.06.11_0.3_2,maxfreq=15kHz,-8,source_wav_pooled_oof,ensemble__prediction_max,median,18,1,claim-safe ensemble strategy,0.93198739417141541,69905.308818864069,51123.48720983071,0.94523278507702257,37578.022798606442,28226.29651249999,5665.1518500000238,5665.1518500000238,1,1,1,0.94444444444444442,1,0.875,0.93333333333333335,0.9375,Pool_boiling/Subcooling_20_degrees/0.3/2025.06.11_0.3_2/regression_result/npy/ensemble/202609/03_selected_log_architecture/heatflux_reference_SNR=-8/maxfreq=15kHz/e200_active_rf-ctf-alex_ed198_rf-cnntf_v2__cmp/wav_eval/wav_metrics_-8.csv
20260903_selected_log_architecture,2025.06.11_0.3_2,maxfreq=15kHz,-8,source_wav_pooled_oof,ensemble__inner_holdout,median,18,0,legacy sample-level inner holdout; source-WAV leakage,0.94151847667622446,64822.352708034057,46114.80051344182,0.93719149719826789,40242.302186409826,23811.774281249978,18298.506599999964,18298.506599999964,1,1,1,0.94444444444444442,1,0.875,0.93333333333333335,0.9375,Pool_boiling/Subcooling_20_degrees/0.3/2025.06.11_0.3_2/regression_result/npy/ensemble/202609/03_selected_log_architecture/heatflux_reference_SNR=-8/maxfreq=15kHz/e200_active_rf-ctf-alex_ed198_rf-cnntf_v2__cmp/wav_eval/wav_metrics_-8.csv
20260903_selected_log_architecture,2025.06.11_0.3_2,maxfreq=15kHz,-8,source_wav_pooled_oof,ensemble__val_fold_legacy,median,18,0,outer-validation labels were used to choose weights,0.94969651019866674,60119.382182916379,43986.930303164045,0.95359526944480799,34590.331574592303,21203.19993124999,17861.757649999927,17861.757649999927,1,1,1,0.94444444444444442,1,0.875,0.93333333333333335,0.9375,Pool_boiling/Subcooling_20_degrees/0.3/2025.06.11_0.3_2/regression_result/npy/ensemble/202609/03_selected_log_architecture/heatflux_reference_SNR=-8/maxfreq=15kHz/e200_active_rf-ctf-alex_ed198_rf-cnntf_v2__cmp/wav_eval/wav_metrics_-8.csv
20260903_selected_log_architecture,2025.06.11_0.3_2,maxfreq=22kHz,-8,source_wav_pooled_oof,rf,median,18,1,outer-fold prediction,0.92272289247006167,74514.515221107693,58634.675902330717,0.88720581091413342,53928.328619119078,40575.913462500001,4068.3081000000238,4068.3081000000238,1,1,1,0.94444444444444442,1,0.875,0.93333333333333335,0.9375,Pool_boiling/Subcooling_20_degrees/0.3/2025.06.11_0.3_2/regression_result/npy/ensemble/202609/03_selected_log_architecture/heatflux_reference_SNR=-8/maxfreq=22kHz/e200_active_rf-ctf-alex_ed198_rf-cnntf_v2__cmp/wav_eval/wav_metrics_-8.csv
20260903_selected_log_architecture,2025.06.11_0.3_2,maxfreq=22kHz,-8,source_wav_pooled_oof,cnntf_v2_gap,median,18,1,outer-fold prediction,0.93015139833457894,70842.570227607648,48975.279306219614,0.94753749053326231,36778.848484181159,26002.554518749996,13176.285600000061,13176.285600000061,1,1,1,1,1,1,1,1,Pool_boiling/Subcooling_20_degrees/0.3/2025.06.11_0.3_2/regression_result/npy/ensemble/202609/03_selected_log_architecture/heatflux_reference_SNR=-8/maxfreq=22kHz/e200_active_rf-ctf-alex_ed198_rf-cnntf_v2__cmp/wav_eval/wav_metrics_-8.csv
20260903_selected_log_architecture,2025.06.11_0.3_2,maxfreq=22kHz,-8,source_wav_pooled_oof,alexnet,median,18,1,outer-fold prediction,0.92224935782236583,74742.469631627318,55987.680513469604,0.91111621429636669,47872.36346949447,38675.846968749996,38235.542499999981,38235.542499999981,1,1,1,0.94444444444444442,1,0.875,0.93333333333333335,0.9375,Pool_boiling/Subcooling_20_degrees/0.3/2025.06.11_0.3_2/regression_result/npy/ensemble/202609/03_selected_log_architecture/heatflux_reference_SNR=-8/maxfreq=22kHz/e200_active_rf-ctf-alex_ed198_rf-cnntf_v2__cmp/wav_eval/wav_metrics_-8.csv
20260903_selected_log_architecture,2025.06.11_0.3_2,maxfreq=22kHz,-8,source_wav_pooled_oof,ensemble__simple_equal,median,18,1,claim-safe ensemble strategy,0.93737888497792055,67077.342692343474,48372.991525941834,0.93627736458024446,40534.09321261874,27500.918024999999,10905.703999999969,10905.703999999969,1,1,1,0.94444444444444442,1,0.875,0.93333333333333335,0.9375,Pool_boiling/Subcooling_20_degrees/0.3/2025.06.11_0.3_2/regression_result/npy/ensemble/202609/03_selected_log_architecture/heatflux_reference_SNR=-8/maxfreq=22kHz/e200_active_rf-ctf-alex_ed198_rf-cnntf_v2__cmp/wav_eval/wav_metrics_-8.csv
20260903_selected_log_architecture,2025.06.11_0.3_2,maxfreq=22kHz,-8,source_wav_pooled_oof,ensemble__prediction_max,median,18,1,claim-safe ensemble strategy,0.92208569556862741,74821.093358721264,54072.549826775168,0.92172049030747194,44925.988933965506,33896.818268749994,14189.910649999976,14189.910649999976,1,1,1,1,1,1,1,1,Pool_boiling/Subcooling_20_degrees/0.3/2025.06.11_0.3_2/regression_result/npy/ensemble/202609/03_selected_log_architecture/heatflux_reference_SNR=-8/maxfreq=22kHz/e200_active_rf-ctf-alex_ed198_rf-cnntf_v2__cmp/wav_eval/wav_metrics_-8.csv
20260903_selected_log_architecture,2025.06.11_0.3_2,maxfreq=22kHz,-8,source_wav_pooled_oof,ensemble__inner_holdout,median,18,0,legacy sample-level inner holdout; source-WAV leakage,0.93450769808991885,68597.861791894858,48425.851511775152,0.93776668380485051,40057.613253656789,25824.562199999978,13224.908599999966,13224.908599999966,1,1,1,0.94444444444444442,1,0.875,0.93333333333333335,0.9375,Pool_boiling/Subcooling_20_degrees/0.3/2025.06.11_0.3_2/regression_result/npy/ensemble/202609/03_selected_log_architecture/heatflux_reference_SNR=-8/maxfreq=22kHz/e200_active_rf-ctf-alex_ed198_rf-cnntf_v2__cmp/wav_eval/wav_metrics_-8.csv
20260903_selected_log_architecture,2025.06.11_0.3_2,maxfreq=22kHz,-8,source_wav_pooled_oof,ensemble__val_fold_legacy,median,18,0,outer-validation labels were used to choose weights,0.94054442769008895,65359.953303347247,46864.616848164049,0.94058081228550539,39141.453835731372,26334.612618749998,4193.20279999997,4193.20279999997,1,1,1,0.94444444444444442,1,0.875,0.93333333333333335,0.9375,Pool_boiling/Subcooling_20_degrees/0.3/2025.06.11_0.3_2/regression_result/npy/ensemble/202609/03_selected_log_architecture/heatflux_reference_SNR=-8/maxfreq=22kHz/e200_active_rf-ctf-alex_ed198_rf-cnntf_v2__cmp/wav_eval/wav_metrics_-8.csv
20260903_selected_log_architecture,2025.06.11_0.3_2,maxfreq=3kHz,-8,source_wav_pooled_oof,rf,median,18,1,outer-fold prediction,0.92420321564030561,73797.36273991011,58742.806983997383,0.88170529237971573,55227.610721038036,43462.38221874999,13875.979999999981,13875.979999999981,1,1,1,0.94444444444444442,1,0.875,0.93333333333333335,0.9375,Pool_boiling/Subcooling_20_degrees/0.3/2025.06.11_0.3_2/regression_result/npy/ensemble/202609/03_selected_log_architecture/heatflux_reference_SNR=-8/maxfreq=3kHz/e200_active_rf-ctf-alex_ed198_rf-cnntf_v2__cmp/wav_eval/wav_metrics_-8.csv
20260903_selected_log_architecture,2025.06.11_0.3_2,maxfreq=3kHz,-8,source_wav_pooled_oof,cnntf_v2_gap,median,18,1,outer-fold prediction,0.93485531048653547,68415.571723133442,47377.703313997394,0.96261957932488396,31045.287760526629,25046.602287500005,10189.660600000061,10189.660600000061,1,1,1,1,1,1,1,1,Pool_boiling/Subcooling_20_degrees/0.3/2025.06.11_0.3_2/regression_result/npy/ensemble/202609/03_selected_log_architecture/heatflux_reference_SNR=-8/maxfreq=3kHz/e200_active_rf-ctf-alex_ed198_rf-cnntf_v2__cmp/wav_eval/wav_metrics_-8.csv
20260903_selected_log_architecture,2025.06.11_0.3_2,maxfreq=3kHz,-8,source_wav_pooled_oof,alexnet,median,18,1,outer-fold prediction,0.90337611894001424,83321.617100314426,66775.139188025176,0.8026146805222637,71339.657811778437,58881.115631250017,7779.6606000000611,7779.6606000000611,1,1,1,1,1,1,1,1,Pool_boiling/Subcooling_20_degrees/0.3/2025.06.11_0.3_2/regression_result/npy/ensemble/202609/03_selected_log_architecture/heatflux_reference_SNR=-8/maxfreq=3kHz/e200_active_rf-ctf-alex_ed198_rf-cnntf_v2__cmp/wav_eval/wav_metrics_-8.csv
20260903_selected_log_architecture,2025.06.11_0.3_2,maxfreq=3kHz,-8,source_wav_pooled_oof,ensemble__simple_equal,median,18,1,claim-safe ensemble strategy,0.93309953552645142,69331.407635986092,47740.204827886271,0.93369579104529921,41347.01355385442,25133.519106249994,4144.2648000000045,4144.2648000000045,1,1,1,1,1,1,1,1,Pool_boiling/Subcooling_20_degrees/0.3/2025.06.11_0.3_2/regression_result/npy/ensemble/202609/03_selected_log_architecture/heatflux_reference_SNR=-8/maxfreq=3kHz/e200_active_rf-ctf-alex_ed198_rf-cnntf_v2__cmp/wav_eval/wav_metrics_-8.csv
20260903_selected_log_architecture,2025.06.11_0.3_2,maxfreq=3kHz,-8,source_wav_pooled_oof,ensemble__prediction_max,median,18,1,claim-safe ensemble strategy,0.92490600879851848,73454.438795333044,56219.979233719605,0.92823676949757983,43015.461609193851,38970.614012499995,20683.598100000061,20683.598100000061,1,1,1,1,1,1,1,1,Pool_boiling/Subcooling_20_degrees/0.3/2025.06.11_0.3_2/regression_result/npy/ensemble/202609/03_selected_log_architecture/heatflux_reference_SNR=-8/maxfreq=3kHz/e200_active_rf-ctf-alex_ed198_rf-cnntf_v2__cmp/wav_eval/wav_metrics_-8.csv
20260903_selected_log_architecture,2025.06.11_0.3_2,maxfreq=3kHz,-8,source_wav_pooled_oof,ensemble__inner_holdout,median,18,0,legacy sample-level inner holdout; source-WAV leakage,0.93251797259318303,69632.103076944753,48308.13061455296,0.93667170685053769,40408.477625303705,25809.133787500017,6164.1883500000113,6164.1883500000113,1,1,1,1,1,1,1,1,Pool_boiling/Subcooling_20_degrees/0.3/2025.06.11_0.3_2/regression_result/npy/ensemble/202609/03_selected_log_architecture/heatflux_reference_SNR=-8/maxfreq=3kHz/e200_active_rf-ctf-alex_ed198_rf-cnntf_v2__cmp/wav_eval/wav_metrics_-8.csv
20260903_selected_log_architecture,2025.06.11_0.3_2,maxfreq=3kHz,-8,source_wav_pooled_oof,ensemble__val_fold_legacy,median,18,0,outer-validation labels were used to choose weights,0.93596284385547945,67831.507611721565,46233.441944552942,0.9415521697737721,38820.20228614864,23038.25693749998,4544.2253999999957,4544.2253999999957,1,1,1,1,1,1,1,1,Pool_boiling/Subcooling_20_degrees/0.3/2025.06.11_0.3_2/regression_result/npy/ensemble/202609/03_selected_log_architecture/heatflux_reference_SNR=-8/maxfreq=3kHz/e200_active_rf-ctf-alex_ed198_rf-cnntf_v2__cmp/wav_eval/wav_metrics_-8.csv
20260903_selected_log_architecture,2025.06.11_0.3_2,maxfreq=5kHz,-8,source_wav_pooled_oof,rf,median,18,1,outer-fold prediction,0.92268837099783152,74531.157041901432,58630.519001775159,0.88788484611963669,53765.755912038621,42052.233775000001,15861.495600000024,15861.495600000024,1,1,1,0.94444444444444442,1,0.875,0.93333333333333335,0.9375,Pool_boiling/Subcooling_20_degrees/0.3/2025.06.11_0.3_2/regression_result/npy/ensemble/202609/03_selected_log_architecture/heatflux_reference_SNR=-8/maxfreq=5kHz/e200_active_rf-ctf-alex_ed198_rf-cnntf_v2__cmp/wav_eval/wav_metrics_-8.csv
20260903_selected_log_architecture,2025.06.11_0.3_2,maxfreq=5kHz,-8,source_wav_pooled_oof,cnntf_v2_gap,median,18,1,outer-fold prediction,0.92127011951598503,75211.672684837453,51623.931640386269,0.97145894133968647,27127.429063079591,24638.848381249998,15867.926200000045,15867.926200000045,1,1,1,1,1,1,1,1,Pool_boiling/Subcooling_20_degrees/0.3/2025.06.11_0.3_2/regression_result/npy/ensemble/202609/03_selected_log_architecture/heatflux_reference_SNR=-8/maxfreq=5kHz/e200_active_rf-ctf-alex_ed198_rf-cnntf_v2__cmp/wav_eval/wav_metrics_-8.csv
20260903_selected_log_architecture,2025.06.11_0.3_2,maxfreq=5kHz,-8,source_wav_pooled_oof,alexnet,median,18,1,outer-fold prediction,0.90615807630225731,82113.374908433252,63417.458288497393,0.86341509323259891,59343.745391172721,48220.278600000005,30134.761249999981,30134.761249999981,1,1,1,0.94444444444444442,1,0.875,0.93333333333333335,0.9375,Pool_boiling/Subcooling_20_degrees/0.3/2025.06.11_0.3_2/regression_result/npy/ensemble/202609/03_selected_log_architecture/heatflux_reference_SNR=-8/maxfreq=5kHz/e200_active_rf-ctf-alex_ed198_rf-cnntf_v2__cmp/wav_eval/wav_metrics_-8.csv
20260903_selected_log_architecture,2025.06.11_0.3_2,maxfreq=5kHz,-8,source_wav_pooled_oof,ensemble__simple_equal,median,18,1,claim-safe ensemble strategy,0.93028138197894839,70776.622855213733,48178.875267886287,0.94928383323264087,36161.530897180412,22369.466843750008,7960.4174999999814,7960.4174999999814,1,1,1,0.94444444444444442,1,0.875,0.93333333333333335,0.9375,Pool_boiling/Subcooling_20_degrees/0.3/2025.06.11_0.3_2/regression_result/npy/ensemble/202609/03_selected_log_architecture/heatflux_reference_SNR=-8/maxfreq=5kHz/e200_active_rf-ctf-alex_ed198_rf-cnntf_v2__cmp/wav_eval/wav_metrics_-8.csv
20260903_selected_log_architecture,2025.06.11_0.3_2,maxfreq=5kHz,-8,source_wav_pooled_oof,ensemble__prediction_max,median,18,1,claim-safe ensemble strategy,0.92198218087398809,74870.779433199365,55016.829700941831,0.94277325177165661,38412.549406029102,34893.254637499995,15867.926200000045,15867.926200000045,1,1,1,1,1,1,1,1,Pool_boiling/Subcooling_20_degrees/0.3/2025.06.11_0.3_2/regression_result/npy/ensemble/202609/03_selected_log_architecture/heatflux_reference_SNR=-8/maxfreq=5kHz/e200_active_rf-ctf-alex_ed198_rf-cnntf_v2__cmp/wav_eval/wav_metrics_-8.csv
20260903_selected_log_architecture,2025.06.11_0.3_2,maxfreq=5kHz,-8,source_wav_pooled_oof,ensemble__inner_holdout,median,18,0,legacy sample-level inner holdout; source-WAV leakage,0.93020095116101476,70817.436779476833,48123.705696497374,0.94638051533352163,37182.185675342349,22325.068524999959,7604.428350000002,7604.428350000002,1,1,1,0.94444444444444442,1,0.875,0.93333333333333335,0.9375,Pool_boiling/Subcooling_20_degrees/0.3/2025.06.11_0.3_2/regression_result/npy/ensemble/202609/03_selected_log_architecture/heatflux_reference_SNR=-8/maxfreq=5kHz/e200_active_rf-ctf-alex_ed198_rf-cnntf_v2__cmp/wav_eval/wav_metrics_-8.csv
20260903_selected_log_architecture,2025.06.11_0.3_2,maxfreq=5kHz,-8,source_wav_pooled_oof,ensemble__val_fold_legacy,median,18,0,outer-validation labels were used to choose weights,0.93214321778390896,69825.182907247043,47972.447753164066,0.95094235130763716,35565.33975370603,22471.585318750003,2574.1490999999805,2574.1490999999805,1,1,1,0.94444444444444442,1,0.875,0.93333333333333335,0.9375,Pool_boiling/Subcooling_20_degrees/0.3/2025.06.11_0.3_2/regression_result/npy/ensemble/202609/03_selected_log_architecture/heatflux_reference_SNR=-8/maxfreq=5kHz/e200_active_rf-ctf-alex_ed198_rf-cnntf_v2__cmp/wav_eval/wav_metrics_-8.csv
20260903_selected_log_architecture,2025.06.11_0.3_2,maxfreq=10kHz,0,source_wav_pooled_oof,rf,median,18,1,outer-fold prediction,0.9160147200441493,77681.399002979204,61120.598209552947,0.88456099817465506,54556.924335271586,43253.55323125,31768.723100000061,31768.723100000061,1,1,1,1,1,1,1,1,Pool_boiling/Subcooling_20_degrees/0.3/2025.06.11_0.3_2/regression_result/npy/ensemble/202609/03_selected_log_architecture/heatflux_reference_SNR=0/maxfreq=10kHz/e200_active_rf-ctf-alex_ed198_rf-cnntf_v2__cmp/wav_eval/wav_metrics_0.csv
20260903_selected_log_architecture,2025.06.11_0.3_2,maxfreq=10kHz,0,source_wav_pooled_oof,cnntf_v2_gap,median,18,1,outer-fold prediction,0.94057365176977181,65343.888204804731,46143.007810941825,0.95655260515128393,33469.981154188747,27530.814362499994,31802.316899999976,31802.316899999976,1,1,1,1,1,1,1,1,Pool_boiling/Subcooling_20_degrees/0.3/2025.06.11_0.3_2/regression_result/npy/ensemble/202609/03_selected_log_architecture/heatflux_reference_SNR=0/maxfreq=10kHz/e200_active_rf-ctf-alex_ed198_rf-cnntf_v2__cmp/wav_eval/wav_metrics_0.csv
20260903_selected_log_architecture,2025.06.11_0.3_2,maxfreq=10kHz,0,source_wav_pooled_oof,alexnet,median,18,1,outer-fold prediction,0.90899029937340237,80864.758553796448,61196.12140733072,0.85003858194259152,62181.811039147746,49722.016868750012,29986.948700000008,29986.948700000008,1,1,1,0.94444444444444442,1,0.875,0.93333333333333335,0.9375,Pool_boiling/Subcooling_20_degrees/0.3/2025.06.11_0.3_2/regression_result/npy/ensemble/202609/03_selected_log_architecture/heatflux_reference_SNR=0/maxfreq=10kHz/e200_active_rf-ctf-alex_ed198_rf-cnntf_v2__cmp/wav_eval/wav_metrics_0.csv
20260903_selected_log_architecture,2025.06.11_0.3_2,maxfreq=10kHz,0,source_wav_pooled_oof,ensemble__simple_equal,median,18,1,claim-safe ensemble strategy,0.93433644714330444,68687.488962314455,47668.014710108502,0.94087223798973685,39045.349807784572,25342.811043750007,11911.280400000047,11911.280400000047,1,1,1,1,1,1,1,1,Pool_boiling/Subcooling_20_degrees/0.3/2025.06.11_0.3_2/regression_result/npy/ensemble/202609/03_selected_log_architecture/heatflux_reference_SNR=0/maxfreq=10kHz/e200_active_rf-ctf-alex_ed198_rf-cnntf_v2__cmp/wav_eval/wav_metrics_0.csv
20260903_selected_log_architecture,2025.06.11_0.3_2,maxfreq=10kHz,0,source_wav_pooled_oof,ensemble__prediction_max,median,18,1,claim-safe ensemble strategy,0.92613338400776102,72851.676928544752,53915.565599552945,0.92689970824993462,43414.334945559618,38668.518312499989,39556.191899999976,39556.191899999976,1,1,1,1,1,1,1,1,Pool_boiling/Subcooling_20_degrees/0.3/2025.06.11_0.3_2/regression_result/npy/ensemble/202609/03_selected_log_architecture/heatflux_reference_SNR=0/maxfreq=10kHz/e200_active_rf-ctf-alex_ed198_rf-cnntf_v2__cmp/wav_eval/wav_metrics_0.csv
20260903_selected_log_architecture,2025.06.11_0.3_2,maxfreq=10kHz,0,source_wav_pooled_oof,ensemble__inner_holdout,median,18,0,legacy sample-level inner holdout; source-WAV leakage,0.93401742222836748,68854.145104507377,47436.512875386266,0.9412306895320427,38926.817144065441,23766.339993749985,4355.4947000000393,4355.4947000000393,1,1,1,1,1,1,1,1,Pool_boiling/Subcooling_20_degrees/0.3/2025.06.11_0.3_2/regression_result/npy/ensemble/202609/03_selected_log_architecture/heatflux_reference_SNR=0/maxfreq=10kHz/e200_active_rf-ctf-alex_ed198_rf-cnntf_v2__cmp/wav_eval/wav_metrics_0.csv
20260903_selected_log_architecture,2025.06.11_0.3_2,maxfreq=10kHz,0,source_wav_pooled_oof,ensemble__val_fold_legacy,median,18,0,outer-validation labels were used to choose weights,0.940677872566966,65286.563627063981,44406.27263760849,0.9607060384797721,31829.990219430812,21200.726149999988,13532.280200000037,13532.280200000037,1,1,1,1,1,1,1,1,Pool_boiling/Subcooling_20_degrees/0.3/2025.06.11_0.3_2/regression_result/npy/ensemble/202609/03_selected_log_architecture/heatflux_reference_SNR=0/maxfreq=10kHz/e200_active_rf-ctf-alex_ed198_rf-cnntf_v2__cmp/wav_eval/wav_metrics_0.csv
20260903_selected_log_architecture,2025.06.11_0.3_2,maxfreq=15kHz,0,source_wav_pooled_oof,rf,median,18,1,outer-fold prediction,0.92227682480130857,74729.266324712473,57737.499642052935,0.89184369897382831,52807.974538554394,40663.856824999988,15620.636200000008,15620.636200000008,1,1,1,0.94444444444444442,1,0.875,0.93333333333333335,0.9375,Pool_boiling/Subcooling_20_degrees/0.3/2025.06.11_0.3_2/regression_result/npy/ensemble/202609/03_selected_log_architecture/heatflux_reference_SNR=0/maxfreq=15kHz/e200_active_rf-ctf-alex_ed198_rf-cnntf_v2__cmp/wav_eval/wav_metrics_0.csv
20260903_selected_log_architecture,2025.06.11_0.3_2,maxfreq=15kHz,0,source_wav_pooled_oof,cnntf_v2_gap,median,18,1,outer-fold prediction,0.93847850406001765,66485.799387986568,46182.222127330715,0.96859262163472726,28457.021413112641,24086.835774999985,14831.848149999976,14831.848149999976,1,1,1,1,1,1,1,1,Pool_boiling/Subcooling_20_degrees/0.3/2025.06.11_0.3_2/regression_result/npy/ensemble/202609/03_selected_log_architecture/heatflux_reference_SNR=0/maxfreq=15kHz/e200_active_rf-ctf-alex_ed198_rf-cnntf_v2__cmp/wav_eval/wav_metrics_0.csv
20260903_selected_log_architecture,2025.06.11_0.3_2,maxfreq=15kHz,0,source_wav_pooled_oof,alexnet,median,18,1,outer-fold prediction,0.91840269474994307,76569.067754358344,54973.53443427517,0.89064299614106579,53100.29073259265,38606.989750000015,10543.136200000008,10543.136200000008,1,1,1,0.94444444444444442,1,0.875,0.93333333333333335,0.9375,Pool_boiling/Subcooling_20_degrees/0.3/2025.06.11_0.3_2/regression_result/npy/ensemble/202609/03_selected_log_architecture/heatflux_reference_SNR=0/maxfreq=15kHz/e200_active_rf-ctf-alex_ed198_rf-cnntf_v2__cmp/wav_eval/wav_metrics_0.csv
20260903_selected_log_architecture,2025.06.11_0.3_2,maxfreq=15kHz,0,source_wav_pooled_oof,ensemble__simple_equal,median,18,1,claim-safe ensemble strategy,0.93874189012050235,66343.327108646947,46654.770691219623,0.950128456592777,35859.150902424619,24379.159768750018,2908.3029000000097,2908.3029000000097,1,1,1,0.94444444444444442,1,0.875,0.93333333333333335,0.9375,Pool_boiling/Subcooling_20_degrees/0.3/2025.06.11_0.3_2/regression_result/npy/ensemble/202609/03_selected_log_architecture/heatflux_reference_SNR=0/maxfreq=15kHz/e200_active_rf-ctf-alex_ed198_rf-cnntf_v2__cmp/wav_eval/wav_metrics_0.csv
20260903_selected_log_architecture,2025.06.11_0.3_2,maxfreq=15kHz,0,source_wav_pooled_oof,ensemble__prediction_max,median,18,1,claim-safe ensemble strategy,0.92911386995866607,71366.777138909441,51117.561470664055,0.94355215366105138,38150.241005800381,32808.08861875,15474.113750000019,15474.113750000019,1,1,1,1,1,1,1,1,Pool_boiling/Subcooling_20_degrees/0.3/2025.06.11_0.3_2/regression_result/npy/ensemble/202609/03_selected_log_architecture/heatflux_reference_SNR=0/maxfreq=15kHz/e200_active_rf-ctf-alex_ed198_rf-cnntf_v2__cmp/wav_eval/wav_metrics_0.csv
20260903_selected_log_architecture,2025.06.11_0.3_2,maxfreq=15kHz,0,source_wav_pooled_oof,ensemble__inner_holdout,median,18,0,legacy sample-level inner holdout; source-WAV leakage,0.93731552550520414,67111.268234727904,47357.211056219618,0.9468965691129394,37002.825511756178,25308.738156250001,2506.3548999999766,2506.3548999999766,1,1,1,0.94444444444444442,1,0.875,0.93333333333333335,0.9375,Pool_boiling/Subcooling_20_degrees/0.3/2025.06.11_0.3_2/regression_result/npy/ensemble/202609/03_selected_log_architecture/heatflux_reference_SNR=0/maxfreq=15kHz/e200_active_rf-ctf-alex_ed198_rf-cnntf_v2__cmp/wav_eval/wav_metrics_0.csv
20260903_selected_log_architecture,2025.06.11_0.3_2,maxfreq=15kHz,0,source_wav_pooled_oof,ensemble__val_fold_legacy,median,18,0,outer-validation labels were used to choose weights,0.94340573846289089,63767.831715428852,44186.180705941842,0.96562441118627951,29771.359727628955,20442.380275000018,1979.8693499999936,1979.8693499999936,1,1,1,0.94444444444444442,1,0.875,0.93333333333333335,0.9375,Pool_boiling/Subcooling_20_degrees/0.3/2025.06.11_0.3_2/regression_result/npy/ensemble/202609/03_selected_log_architecture/heatflux_reference_SNR=0/maxfreq=15kHz/e200_active_rf-ctf-alex_ed198_rf-cnntf_v2__cmp/wav_eval/wav_metrics_0.csv
20260903_selected_log_architecture,2025.06.11_0.3_2,maxfreq=22kHz,0,source_wav_pooled_oof,rf,median,18,1,outer-fold prediction,0.91329095509742553,78931.008631597084,61528.292901219618,0.88111751825309015,55364.64617370136,44643.113781249995,32826.160600000061,32826.160600000061,1,1,1,1,1,1,1,1,Pool_boiling/Subcooling_20_degrees/0.3/2025.06.11_0.3_2/regression_result/npy/ensemble/202609/03_selected_log_architecture/heatflux_reference_SNR=0/maxfreq=22kHz/e200_active_rf-ctf-alex_ed198_rf-cnntf_v2__cmp/wav_eval/wav_metrics_0.csv
20260903_selected_log_architecture,2025.06.11_0.3_2,maxfreq=22kHz,0,source_wav_pooled_oof,cnntf_v2_gap,median,18,1,outer-fold prediction,0.92479373313789337,73509.330439543381,46371.800389830707,0.97838246238095028,23608.951995682259,17446.161949999987,11405.426299999992,11405.426299999992,1,1,1,1,1,1,1,1,Pool_boiling/Subcooling_20_degrees/0.3/2025.06.11_0.3_2/regression_result/npy/ensemble/202609/03_selected_log_architecture/heatflux_reference_SNR=0/maxfreq=22kHz/e200_active_rf-ctf-alex_ed198_rf-cnntf_v2__cmp/wav_eval/wav_metrics_0.csv
20260903_selected_log_architecture,2025.06.11_0.3_2,maxfreq=22kHz,0,source_wav_pooled_oof,alexnet,median,18,1,outer-fold prediction,0.94129093433984445,64948.337029910836,51780.838167608512,0.90904694015953247,48426.407753866471,37710.938756250005,27055.698749999981,27055.698749999981,1,1,1,0.94444444444444442,1,0.875,0.93333333333333335,0.9375,Pool_boiling/Subcooling_20_degrees/0.3/2025.06.11_0.3_2/regression_result/npy/ensemble/202609/03_selected_log_architecture/heatflux_reference_SNR=0/maxfreq=22kHz/e200_active_rf-ctf-alex_ed198_rf-cnntf_v2__cmp/wav_eval/wav_metrics_0.csv
20260903_selected_log_architecture,2025.06.11_0.3_2,maxfreq=22kHz,0,source_wav_pooled_oof,ensemble__simple_equal,median,18,1,claim-safe ensemble strategy,0.94435696373889977,63229.662150323711,45958.701628441842,0.94730119773363453,36861.581977878464,24060.805175000016,4720.8689500000328,4720.8689500000328,1,1,1,1,1,1,1,1,Pool_boiling/Subcooling_20_degrees/0.3/2025.06.11_0.3_2/regression_result/npy/ensemble/202609/03_selected_log_architecture/heatflux_reference_SNR=0/maxfreq=22kHz/e200_active_rf-ctf-alex_ed198_rf-cnntf_v2__cmp/wav_eval/wav_metrics_0.csv
20260903_selected_log_architecture,2025.06.11_0.3_2,maxfreq=22kHz,0,source_wav_pooled_oof,ensemble__prediction_max,median,18,1,claim-safe ensemble strategy,0.92180901282491823,74953.824822915558,51040.95569844183,0.94531753207093772,37548.937355764341,30831.016356249995,35306.879399999976,35306.879399999976,1,1,1,1,1,1,1,1,Pool_boiling/Subcooling_20_degrees/0.3/2025.06.11_0.3_2/regression_result/npy/ensemble/202609/03_selected_log_architecture/heatflux_reference_SNR=0/maxfreq=22kHz/e200_active_rf-ctf-alex_ed198_rf-cnntf_v2__cmp/wav_eval/wav_metrics_0.csv
20260903_selected_log_architecture,2025.06.11_0.3_2,maxfreq=22kHz,0,source_wav_pooled_oof,ensemble__inner_holdout,median,18,0,legacy sample-level inner holdout; source-WAV leakage,0.94448581647526564,63156.409164015306,45912.011892330716,0.94663772914627253,37092.896596940329,24553.117418749986,9175.2293000000063,9175.2293000000063,1,1,1,1,1,1,1,1,Pool_boiling/Subcooling_20_degrees/0.3/2025.06.11_0.3_2/regression_result/npy/ensemble/202609/03_selected_log_architecture/heatflux_reference_SNR=0/maxfreq=22kHz/e200_active_rf-ctf-alex_ed198_rf-cnntf_v2__cmp/wav_eval/wav_metrics_0.csv
20260903_selected_log_architecture,2025.06.11_0.3_2,maxfreq=22kHz,0,source_wav_pooled_oof,ensemble__val_fold_legacy,median,18,0,outer-validation labels were used to choose weights,0.95324356423747669,57961.037410517943,42740.802005386286,0.96196399852849046,31316.341849290951,21815.438118749997,8423.4973500000197,8423.4973500000197,1,1,1,1,1,1,1,1,Pool_boiling/Subcooling_20_degrees/0.3/2025.06.11_0.3_2/regression_result/npy/ensemble/202609/03_selected_log_architecture/heatflux_reference_SNR=0/maxfreq=22kHz/e200_active_rf-ctf-alex_ed198_rf-cnntf_v2__cmp/wav_eval/wav_metrics_0.csv
20260903_selected_log_architecture,2025.06.11_0.3_2,maxfreq=3kHz,0,source_wav_pooled_oof,rf,median,18,1,outer-fold prediction,0.91695937626947488,77243.288095452328,59157.834524552949,0.88928565198323728,53428.816082943958,40214.720187499988,16924.808100000024,16924.808100000024,1,1,1,0.94444444444444442,1,0.875,0.93333333333333335,0.9375,Pool_boiling/Subcooling_20_degrees/0.3/2025.06.11_0.3_2/regression_result/npy/ensemble/202609/03_selected_log_architecture/heatflux_reference_SNR=0/maxfreq=3kHz/e200_active_rf-ctf-alex_ed198_rf-cnntf_v2__cmp/wav_eval/wav_metrics_0.csv
20260903_selected_log_architecture,2025.06.11_0.3_2,maxfreq=3kHz,0,source_wav_pooled_oof,cnntf_v2_gap,median,18,1,outer-fold prediction,0.95341903659299709,57852.174108333733,40921.919250108498,0.97165750553410946,27032.899676152578,21629.938231249995,3151.8950000000186,3151.8950000000186,1,1,1,1,1,1,1,1,Pool_boiling/Subcooling_20_degrees/0.3/2025.06.11_0.3_2/regression_result/npy/ensemble/202609/03_selected_log_architecture/heatflux_reference_SNR=0/maxfreq=3kHz/e200_active_rf-ctf-alex_ed198_rf-cnntf_v2__cmp/wav_eval/wav_metrics_0.csv
20260903_selected_log_architecture,2025.06.11_0.3_2,maxfreq=3kHz,0,source_wav_pooled_oof,alexnet,median,18,1,outer-fold prediction,0.92471758680140892,73546.535118769243,57921.573203191831,0.88309914177946336,54901.277119674429,44472.42899375,14979.073749999981,14979.073749999981,1,1,1,0.94444444444444442,1,0.875,0.93333333333333335,0.9375,Pool_boiling/Subcooling_20_degrees/0.3/2025.06.11_0.3_2/regression_result/npy/ensemble/202609/03_selected_log_architecture/heatflux_reference_SNR=0/maxfreq=3kHz/e200_active_rf-ctf-alex_ed198_rf-cnntf_v2__cmp/wav_eval/wav_metrics_0.csv
20260903_selected_log_architecture,2025.06.11_0.3_2,maxfreq=3kHz,0,source_wav_pooled_oof,ensemble__simple_equal,median,18,1,claim-safe ensemble strategy,0.93901748468323931,66193.922637969546,45973.06122871962,0.9476801315942277,36728.81518561735,23743.907400000004,7194.5007999999798,7194.5007999999798,1,1,1,0.94444444444444442,1,0.875,0.93333333333333335,0.9375,Pool_boiling/Subcooling_20_degrees/0.3/2025.06.11_0.3_2/regression_result/npy/ensemble/202609/03_selected_log_architecture/heatflux_reference_SNR=0/maxfreq=3kHz/e200_active_rf-ctf-alex_ed198_rf-cnntf_v2__cmp/wav_eval/wav_metrics_0.csv
20260903_selected_log_architecture,2025.06.11_0.3_2,maxfreq=3kHz,0,source_wav_pooled_oof,ensemble__prediction_max,median,18,1,claim-safe ensemble strategy,0.93434406249221791,68683.505821449988,50134.719461219604,0.94374094791284635,38086.389334421285,33092.721431249993,7248.1918999999762,7248.1918999999762,1,1,1,1,1,1,1,1,Pool_boiling/Subcooling_20_degrees/0.3/2025.06.11_0.3_2/regression_result/npy/ensemble/202609/03_selected_log_architecture/heatflux_reference_SNR=0/maxfreq=3kHz/e200_active_rf-ctf-alex_ed198_rf-cnntf_v2__cmp/wav_eval/wav_metrics_0.csv
20260903_selected_log_architecture,2025.06.11_0.3_2,maxfreq=3kHz,0,source_wav_pooled_oof,ensemble__inner_holdout,median,18,0,legacy sample-level inner holdout; source-WAV leakage,0.94081424644837808,65211.477775529849,44715.822857886276,0.95350923641556651,34622.381464076796,21429.995137500002,6092.2878499999642,6092.2878499999642,1,1,1,0.94444444444444442,1,0.875,0.93333333333333335,0.9375,Pool_boiling/Subcooling_20_degrees/0.3/2025.06.11_0.3_2/regression_result/npy/ensemble/202609/03_selected_log_architecture/heatflux_reference_SNR=0/maxfreq=3kHz/e200_active_rf-ctf-alex_ed198_rf-cnntf_v2__cmp/wav_eval/wav_metrics_0.csv
20260903_selected_log_architecture,2025.06.11_0.3_2,maxfreq=3kHz,0,source_wav_pooled_oof,ensemble__val_fold_legacy,median,18,0,outer-validation labels were used to choose weights,0.94301267062880756,63988.893990638157,43554.063807052939,0.95835971456597724,32766.529594312076,20081.229006249996,5415.4327000000048,5415.4327000000048,1,1,1,0.94444444444444442,1,0.875,0.93333333333333335,0.9375,Pool_boiling/Subcooling_20_degrees/0.3/2025.06.11_0.3_2/regression_result/npy/ensemble/202609/03_selected_log_architecture/heatflux_reference_SNR=0/maxfreq=3kHz/e200_active_rf-ctf-alex_ed198_rf-cnntf_v2__cmp/wav_eval/wav_metrics_0.csv
20260903_selected_log_architecture,2025.06.11_0.3_2,maxfreq=5kHz,0,source_wav_pooled_oof,rf,median,18,1,outer-fold prediction,0.91618589922437654,77602.193332378491,60113.081237052931,0.88949832808559626,53377.474523572542,41818.13221874999,17163.167499999981,17163.167499999981,1,1,1,0.94444444444444442,1,0.875,0.93333333333333335,0.9375,Pool_boiling/Subcooling_20_degrees/0.3/2025.06.11_0.3_2/regression_result/npy/ensemble/202609/03_selected_log_architecture/heatflux_reference_SNR=0/maxfreq=5kHz/e200_active_rf-ctf-alex_ed198_rf-cnntf_v2__cmp/wav_eval/wav_metrics_0.csv
20260903_selected_log_architecture,2025.06.11_0.3_2,maxfreq=5kHz,0,source_wav_pooled_oof,cnntf_v2_gap,median,18,1,outer-fold prediction,0.94380509560488557,63542.444697686275,44703.904306497388,0.95413908272846382,34387.053621181243,27869.556274999995,1448.6362499999814,1448.6362499999814,1,1,1,0.94444444444444442,1,0.875,0.93333333333333335,0.9375,Pool_boiling/Subcooling_20_degrees/0.3/2025.06.11_0.3_2/regression_result/npy/ensemble/202609/03_selected_log_architecture/heatflux_reference_SNR=0/maxfreq=5kHz/e200_active_rf-ctf-alex_ed198_rf-cnntf_v2__cmp/wav_eval/wav_metrics_0.csv
20260903_selected_log_architecture,2025.06.11_0.3_2,maxfreq=5kHz,0,source_wav_pooled_oof,alexnet,median,18,1,outer-fold prediction,0.90057953688764469,84518.803869602838,65600.593776219612,0.80265227558015551,71332.863622898149,58465.27274375,22285.542499999981,22285.542499999981,1,1,1,0.94444444444444442,1,0.875,0.93333333333333335,0.9375,Pool_boiling/Subcooling_20_degrees/0.3/2025.06.11_0.3_2/regression_result/npy/ensemble/202609/03_selected_log_architecture/heatflux_reference_SNR=0/maxfreq=5kHz/e200_active_rf-ctf-alex_ed198_rf-cnntf_v2__cmp/wav_eval/wav_metrics_0.csv
20260903_selected_log_architecture,2025.06.11_0.3_2,maxfreq=5kHz,0,source_wav_pooled_oof,ensemble__simple_equal,median,18,1,claim-safe ensemble strategy,0.9351669386007514,68251.738155630068,46436.690043719602,0.93628494500625215,40531.682178996532,26020.335349999979,12647.349799999967,12647.349799999967,1,1,1,0.94444444444444442,1,0.875,0.93333333333333335,0.9375,Pool_boiling/Subcooling_20_degrees/0.3/2025.06.11_0.3_2/regression_result/npy/ensemble/202609/03_selected_log_architecture/heatflux_reference_SNR=0/maxfreq=5kHz/e200_active_rf-ctf-alex_ed198_rf-cnntf_v2__cmp/wav_eval/wav_metrics_0.csv
20260903_selected_log_architecture,2025.06.11_0.3_2,maxfreq=5kHz,0,source_wav_pooled_oof,ensemble__prediction_max,median,18,1,claim-safe ensemble strategy,0.92435788820378029,73722.028037718366,53704.797159830712,0.92443335895353118,44140.643124479691,37437.092531249989,2533.8168999999762,2533.8168999999762,1,1,1,1,1,1,1,1,Pool_boiling/Subcooling_20_degrees/0.3/2025.06.11_0.3_2/regression_result/npy/ensemble/202609/03_selected_log_architecture/heatflux_reference_SNR=0/maxfreq=5kHz/e200_active_rf-ctf-alex_ed198_rf-cnntf_v2__cmp/wav_eval/wav_metrics_0.csv
20260903_selected_log_architecture,2025.06.11_0.3_2,maxfreq=5kHz,0,source_wav_pooled_oof,ensemble__inner_holdout,median,18,0,legacy sample-level inner holdout; source-WAV leakage,0.93644566118748773,67575.311095624187,45501.198166497394,0.92872756369671394,42868.116241356693,26148.126150000004,11456.370149999973,11456.370149999973,1,1,1,0.94444444444444442,1,0.875,0.93333333333333335,0.9375,Pool_boiling/Subcooling_20_degrees/0.3/2025.06.11_0.3_2/regression_result/npy/ensemble/202609/03_selected_log_architecture/heatflux_reference_SNR=0/maxfreq=5kHz/e200_active_rf-ctf-alex_ed198_rf-cnntf_v2__cmp/wav_eval/wav_metrics_0.csv
20260903_selected_log_architecture,2025.06.11_0.3_2,maxfreq=5kHz,0,source_wav_pooled_oof,ensemble__val_fold_legacy,median,18,0,outer-validation labels were used to choose weights,0.93872245312378977,66353.851533575755,43942.929543164049,0.94944646247545872,36103.505568569315,22181.632593749971,10152.896349999995,10152.896349999995,1,1,1,0.94444444444444442,1,0.875,0.93333333333333335,0.9375,Pool_boiling/Subcooling_20_degrees/0.3/2025.06.11_0.3_2/regression_result/npy/ensemble/202609/03_selected_log_architecture/heatflux_reference_SNR=0/maxfreq=5kHz/e200_active_rf-ctf-alex_ed198_rf-cnntf_v2__cmp/wav_eval/wav_metrics_0.csv
20260908_selected_log_architecture,2025.06.11_0.3_2,maxfreq=22kHz,no_noise,source_wav_pooled_oof,rf,median,18,1,outer_GroupKFold_OOF,0.91393828897682905,78635.823528782872,59673.267977816831,0.88616765761834693,54175.93729051399,41527.29628124999,12448.792499999981,12448.792499999981,1,1,1,0.94444444444444442,1,0.875,0.93333333333333335,0.9375,Pool_boiling/Subcooling_20_degrees/0.3/2025.06.11_0.3_2/regression_result/npy/ensemble/202609/08_selected_log_architecture/heatflux_no_noise/maxfreq=22kHz/e300_active_rf-ctf-alex_ed198_rf-cnntf_v2__cmp/wav_eval/wav_metrics_no_noise.csv
20260908_selected_log_architecture,2025.06.11_0.3_2,maxfreq=22kHz,no_noise,source_wav_pooled_oof,cnntf_v2_gap,median,18,1,outer_GroupKFold_OOF,0.95700723166904844,55579.310728650074,41979.727271502808,0.97160624671406404,27057.333809710079,23342.804684375005,10987.308124999981,10987.308124999981,1,1,1,0.94444444444444442,1,0.875,0.93333333333333335,0.9375,Pool_boiling/Subcooling_20_degrees/0.3/2025.06.11_0.3_2/regression_result/npy/ensemble/202609/08_selected_log_architecture/heatflux_no_noise/maxfreq=22kHz/e300_active_rf-ctf-alex_ed198_rf-cnntf_v2__cmp/wav_eval/wav_metrics_no_noise.csv
20260908_selected_log_architecture,2025.06.11_0.3_2,maxfreq=22kHz,no_noise,source_wav_pooled_oof,alexnet,median,18,1,outer_GroupKFold_OOF,0.95376823262609445,57634.920625268853,48235.186486688355,0.91270340707885078,47443.011048510089,38438.102818750005,11718.964374999981,11718.964374999981,1,1,1,0.94444444444444442,1,0.875,0.93333333333333335,0.9375,Pool_boiling/Subcooling_20_degrees/0.3/2025.06.11_0.3_2/regression_result/npy/ensemble/202609/08_selected_log_architecture/heatflux_no_noise/maxfreq=22kHz/e300_active_rf-ctf-alex_ed198_rf-cnntf_v2__cmp/wav_eval/wav_metrics_no_noise.csv
20260908_selected_log_architecture,2025.06.11_0.3_2,maxfreq=22kHz,no_noise,source_wav_pooled_oof,ensemble__simple_equal,median,18,1,no_outer_validation_labels_used_for_weights,0.95081529971726741,59447.071607332677,44644.417789334133,0.94039607649241608,39202.252512953128,30532.697694791692,11768.953958333354,11768.953958333354,1,1,1,0.94444444444444442,1,0.875,0.93333333333333335,0.9375,Pool_boiling/Subcooling_20_degrees/0.3/2025.06.11_0.3_2/regression_result/npy/ensemble/202609/08_selected_log_architecture/heatflux_no_noise/maxfreq=22kHz/e300_active_rf-ctf-alex_ed198_rf-cnntf_v2__cmp/wav_eval/wav_metrics_no_noise.csv
20260908_selected_log_architecture,2025.06.11_0.3_2,maxfreq=22kHz,no_noise,source_wav_pooled_oof,ensemble__prediction_max,median,18,1,no_outer_validation_labels_used_for_weights,0.94886731696305626,60612.855192714145,43592.483294136269,0.9529571159908371,34827.360935563047,23734.464468749997,845.49562499998137,845.49562499998137,1,1,1,0.94444444444444442,1,0.875,0.93333333333333335,0.9375,Pool_boiling/Subcooling_20_degrees/0.3/2025.06.11_0.3_2/regression_result/npy/ensemble/202609/08_selected_log_architecture/heatflux_no_noise/maxfreq=22kHz/e300_active_rf-ctf-alex_ed198_rf-cnntf_v2__cmp/wav_eval/wav_metrics_no_noise.csv
20260908_selected_log_architecture,2025.06.11_0.3_2,maxfreq=22kHz,no_noise,source_wav_pooled_oof,ensemble__inner_holdout,median,18,1,no_outer_validation_labels_used_for_weights,0.95270322486996573,58294.987867458694,44420.744587394416,0.94952280312882831,36076.235404666018,28106.52273130681,12209.560378182447,12209.560378182447,1,1,1,0.94444444444444442,1,0.875,0.93333333333333335,0.9375,Pool_boiling/Subcooling_20_degrees/0.3/2025.06.11_0.3_2/regression_result/npy/ensemble/202609/08_selected_log_architecture/heatflux_no_noise/maxfreq=22kHz/e300_active_rf-ctf-alex_ed198_rf-cnntf_v2__cmp/wav_eval/wav_metrics_no_noise.csv
20260903_selected_log_architecture,2025.06.18_0.3_3,maxfreq=10kHz,no_noise,source_wav_pooled_oof,rf,median,18,1,outer-fold prediction,0.91447972668318056,79634.038702907186,64620.166108078891,0.85515027769069796,62114.402192271547,51493.886306250002,83440.526300000027,83440.526300000027,1,1,1,0.94444444444444442,1,0.875,0.93333333333333335,0.9375,Pool_boiling/Subcooling_20_degrees/0.3/2025.06.18_0.3_3/regression_result/npy/ensemble/202609/03_selected_log_architecture/heatflux_no_noise/maxfreq=10kHz/e200_active_rf-ctf-alex_ed198_rf-cnntf_v2__cmp/wav_eval/wav_metrics_no_noise.csv
20260903_selected_log_architecture,2025.06.18_0.3_3,maxfreq=10kHz,no_noise,source_wav_pooled_oof,cnntf_v2_gap,median,18,1,outer-fold prediction,0.97690719932008874,41381.145196397949,33788.016951689999,0.93116246658333013,42819.947104641986,39419.707450000002,66962.2451,66962.2451,1,1,1,0.94444444444444442,1,0.875,0.93333333333333335,0.9375,Pool_boiling/Subcooling_20_degrees/0.3/2025.06.18_0.3_3/regression_result/npy/ensemble/202609/03_selected_log_architecture/heatflux_no_noise/maxfreq=10kHz/e200_active_rf-ctf-alex_ed198_rf-cnntf_v2__cmp/wav_eval/wav_metrics_no_noise.csv
20260903_selected_log_architecture,2025.06.18_0.3_3,maxfreq=10kHz,no_noise,source_wav_pooled_oof,alexnet,median,18,1,outer-fold prediction,0.96528977984966213,50733.273542330193,36894.712037412231,0.90816069943201105,49459.276610454217,35310.057275000006,82199.948249999958,82199.948249999958,1,1,1,0.94444444444444442,1,0.875,0.93333333333333335,0.9375,Pool_boiling/Subcooling_20_degrees/0.3/2025.06.18_0.3_3/regression_result/npy/ensemble/202609/03_selected_log_architecture/heatflux_no_noise/maxfreq=10kHz/e200_active_rf-ctf-alex_ed198_rf-cnntf_v2__cmp/wav_eval/wav_metrics_no_noise.csv
20260903_selected_log_architecture,2025.06.18_0.3_3,maxfreq=10kHz,no_noise,source_wav_pooled_oof,ensemble__simple_equal,median,18,1,claim-safe ensemble strategy,0.96963837723262514,47448.959334567378,34466.193545856673,0.92945645916474851,43347.305207765421,28448.660187500012,72815.523749999993,72815.523749999993,1,1,1,0.94444444444444442,1,0.875,0.93333333333333335,0.9375,Pool_boiling/Subcooling_20_degrees/0.3/2025.06.18_0.3_3/regression_result/npy/ensemble/202609/03_selected_log_architecture/heatflux_no_noise/maxfreq=10kHz/e200_active_rf-ctf-alex_ed198_rf-cnntf_v2__cmp/wav_eval/wav_metrics_no_noise.csv
20260903_selected_log_architecture,2025.06.18_0.3_3,maxfreq=10kHz,no_noise,source_wav_pooled_oof,ensemble__prediction_max,median,18,1,claim-safe ensemble strategy,0.93792863083254752,67843.753002030484,50587.400405301101,0.92365379525249214,45094.876581495635,42831.998468749996,29690.338899999973,29690.338899999973,1,1,1,0.94444444444444442,1,0.875,0.93333333333333335,0.9375,Pool_boiling/Subcooling_20_degrees/0.3/2025.06.18_0.3_3/regression_result/npy/ensemble/202609/03_selected_log_architecture/heatflux_no_noise/maxfreq=10kHz/e200_active_rf-ctf-alex_ed198_rf-cnntf_v2__cmp/wav_eval/wav_metrics_no_noise.csv
20260903_selected_log_architecture,2025.06.18_0.3_3,maxfreq=10kHz,no_noise,source_wav_pooled_oof,ensemble__inner_holdout,median,18,0,legacy sample-level inner holdout; source-WAV leakage,0.97409449999920472,43828.861674619729,30521.671171412207,0.93662593054693932,41085.56598161134,26490.604037499979,72099.409799999965,72099.409799999965,1,1,1,0.94444444444444442,1,0.875,0.93333333333333335,0.9375,Pool_boiling/Subcooling_20_degrees/0.3/2025.06.18_0.3_3/regression_result/npy/ensemble/202609/03_selected_log_architecture/heatflux_no_noise/maxfreq=10kHz/e200_active_rf-ctf-alex_ed198_rf-cnntf_v2__cmp/wav_eval/wav_metrics_no_noise.csv
20260903_selected_log_architecture,2025.06.18_0.3_3,maxfreq=10kHz,no_noise,source_wav_pooled_oof,ensemble__val_fold_legacy,median,18,0,outer-validation labels were used to choose weights,0.97509512755184458,42974.057707617503,30137.926403356665,0.93909049775624687,40278.751597496717,27338.309043749992,72987.275350000011,72987.275350000011,1,1,1,0.94444444444444442,1,0.875,0.93333333333333335,0.9375,Pool_boiling/Subcooling_20_degrees/0.3/2025.06.18_0.3_3/regression_result/npy/ensemble/202609/03_selected_log_architecture/heatflux_no_noise/maxfreq=10kHz/e200_active_rf-ctf-alex_ed198_rf-cnntf_v2__cmp/wav_eval/wav_metrics_no_noise.csv
20260903_selected_log_architecture,2025.06.18_0.3_3,maxfreq=15kHz,no_noise,source_wav_pooled_oof,rf,median,18,1,outer-fold prediction,0.93256217302287825,70715.722947484814,56868.051086967775,0.86813517158630205,59264.955592144062,48409.071862499994,58629.77635,58629.77635,1,1,1,0.94444444444444442,1,0.875,0.93333333333333335,0.9375,Pool_boiling/Subcooling_20_degrees/0.3/2025.06.18_0.3_3/regression_result/npy/ensemble/202609/03_selected_log_architecture/heatflux_no_noise/maxfreq=15kHz/e200_active_rf-ctf-alex_ed198_rf-cnntf_v2__cmp/wav_eval/wav_metrics_no_noise.csv
20260903_selected_log_architecture,2025.06.18_0.3_3,maxfreq=15kHz,no_noise,source_wav_pooled_oof,cnntf_v2_gap,median,18,1,outer-fold prediction,0.97339021023994965,44420.651452293379,35871.832374189995,0.93618046475271199,41229.711408379444,37002.719168749994,65497.71385,65497.71385,1,1,1,0.94444444444444442,1,0.875,0.93333333333333335,0.9375,Pool_boiling/Subcooling_20_degrees/0.3/2025.06.18_0.3_3/regression_result/npy/ensemble/202609/03_selected_log_architecture/heatflux_no_noise/maxfreq=15kHz/e200_active_rf-ctf-alex_ed198_rf-cnntf_v2__cmp/wav_eval/wav_metrics_no_noise.csv
20260903_selected_log_architecture,2025.06.18_0.3_3,maxfreq=15kHz,no_noise,source_wav_pooled_oof,alexnet,median,18,1,outer-fold prediction,0.9620477702536756,53049.68994677029,46523.51293974556,0.87277460669169193,58213.053108434746,50961.925306249999,81185.854499999958,81185.854499999958,1,1,1,0.94444444444444442,1,0.875,0.93333333333333335,0.9375,Pool_boiling/Subcooling_20_degrees/0.3/2025.06.18_0.3_3/regression_result/npy/ensemble/202609/03_selected_log_architecture/heatflux_no_noise/maxfreq=15kHz/e200_active_rf-ctf-alex_ed198_rf-cnntf_v2__cmp/wav_eval/wav_metrics_no_noise.csv
20260903_selected_log_architecture,2025.06.18_0.3_3,maxfreq=15kHz,no_noise,source_wav_pooled_oof,ensemble__simple_equal,median,18,1,claim-safe ensemble strategy,0.96851205090233128,48321.052930472484,36937.848049190019,0.93072051511907572,42957.183724992072,27841.431737500025,70607.406550000014,70607.406550000014,1,1,1,0.94444444444444442,1,0.875,0.93333333333333335,0.9375,Pool_boiling/Subcooling_20_degrees/0.3/2025.06.18_0.3_3/regression_result/npy/ensemble/202609/03_selected_log_architecture/heatflux_no_noise/maxfreq=15kHz/e200_active_rf-ctf-alex_ed198_rf-cnntf_v2__cmp/wav_eval/wav_metrics_no_noise.csv
20260903_selected_log_architecture,2025.06.18_0.3_3,maxfreq=15kHz,no_noise,source_wav_pooled_oof,ensemble__prediction_max,median,18,1,claim-safe ensemble strategy,0.95121889209018096,60143.684704823449,47497.444443356675,0.9155243424297852,47435.039531834533,45201.019937500008,41447.323200000043,41447.323200000043,1,1,1,0.94444444444444442,1,0.875,0.93333333333333335,0.9375,Pool_boiling/Subcooling_20_degrees/0.3/2025.06.18_0.3_3/regression_result/npy/ensemble/202609/03_selected_log_architecture/heatflux_no_noise/maxfreq=15kHz/e200_active_rf-ctf-alex_ed198_rf-cnntf_v2__cmp/wav_eval/wav_metrics_no_noise.csv
20260903_selected_log_architecture,2025.06.18_0.3_3,maxfreq=15kHz,no_noise,source_wav_pooled_oof,ensemble__inner_holdout,median,18,0,legacy sample-level inner holdout; source-WAV leakage,0.96959641351059267,47481.738337002527,36693.006208634462,0.93018355705754141,43123.334528770334,28736.016743750042,76873.750500000024,76873.750500000024,1,1,1,0.94444444444444442,1,0.875,0.93333333333333335,0.9375,Pool_boiling/Subcooling_20_degrees/0.3/2025.06.18_0.3_3/regression_result/npy/ensemble/202609/03_selected_log_architecture/heatflux_no_noise/maxfreq=15kHz/e200_active_rf-ctf-alex_ed198_rf-cnntf_v2__cmp/wav_eval/wav_metrics_no_noise.csv
20260903_selected_log_architecture,2025.06.18_0.3_3,maxfreq=15kHz,no_noise,source_wav_pooled_oof,ensemble__val_fold_legacy,median,18,0,outer-validation labels were used to choose weights,0.97470048295528011,43313.204625206759,31279.144217523331,0.94030287869415785,39875.869950249704,22383.192343749994,73077.733000000007,73077.733000000007,1,1,1,0.94444444444444442,1,0.875,0.93333333333333335,0.9375,Pool_boiling/Subcooling_20_degrees/0.3/2025.06.18_0.3_3/regression_result/npy/ensemble/202609/03_selected_log_architecture/heatflux_no_noise/maxfreq=15kHz/e200_active_rf-ctf-alex_ed198_rf-cnntf_v2__cmp/wav_eval/wav_metrics_no_noise.csv
20260903_selected_log_architecture,2025.06.18_0.3_3,maxfreq=22kHz,no_noise,source_wav_pooled_oof,rf,median,18,1,outer-fold prediction,0.93451700354271139,69683.262208683751,56270.477825856673,0.85289621793228754,62595.829026628788,52485.440993750002,76180.4951,76180.4951,1,1,1,0.94444444444444442,1,0.875,0.93333333333333335,0.9375,Pool_boiling/Subcooling_20_degrees/0.3/2025.06.18_0.3_3/regression_result/npy/ensemble/202609/03_selected_log_architecture/heatflux_no_noise/maxfreq=22kHz/e200_active_rf-ctf-alex_ed198_rf-cnntf_v2__cmp/wav_eval/wav_metrics_no_noise.csv
20260903_selected_log_architecture,2025.06.18_0.3_3,maxfreq=22kHz,no_noise,source_wav_pooled_oof,cnntf_v2_gap,median,18,1,outer-fold prediction,0.97834677018850658,40070.572224452706,30933.012643356666,0.94516390084093627,38217.894115586532,32189.234787500005,64592.6826,64592.6826,1,0.98750000000000004,0.98611111111111116,0.94444444444444442,1,0.875,0.93333333333333335,0.9375,Pool_boiling/Subcooling_20_degrees/0.3/2025.06.18_0.3_3/regression_result/npy/ensemble/202609/03_selected_log_architecture/heatflux_no_noise/maxfreq=22kHz/e200_active_rf-ctf-alex_ed198_rf-cnntf_v2__cmp/wav_eval/wav_metrics_no_noise.csv
20260903_selected_log_architecture,2025.06.18_0.3_3,maxfreq=22kHz,no_noise,source_wav_pooled_oof,alexnet,median,18,1,outer-fold prediction,0.97916756653066539,39303.769442796074,30849.135063217793,0.94867857637964714,36972.841054646487,26656.349050000026,64693.0576,64693.0576,1,1,1,0.94444444444444442,1,0.875,0.93333333333333335,0.9375,Pool_boiling/Subcooling_20_degrees/0.3/2025.06.18_0.3_3/regression_result/npy/ensemble/202609/03_selected_log_architecture/heatflux_no_noise/maxfreq=22kHz/e200_active_rf-ctf-alex_ed198_rf-cnntf_v2__cmp/wav_eval/wav_metrics_no_noise.csv
20260903_selected_log_architecture,2025.06.18_0.3_3,maxfreq=22kHz,no_noise,source_wav_pooled_oof,ensemble__simple_equal,median,18,1,claim-safe ensemble strategy,0.97376114603402431,44109.956856982077,33257.334883078896,0.94020200149954358,39909.547185348507,27856.978318750007,69038.247700000007,69038.247700000007,1,1,1,0.94444444444444442,1,0.875,0.93333333333333335,0.9375,Pool_boiling/Subcooling_20_degrees/0.3/2025.06.18_0.3_3/regression_result/npy/ensemble/202609/03_selected_log_architecture/heatflux_no_noise/maxfreq=22kHz/e200_active_rf-ctf-alex_ed198_rf-cnntf_v2__cmp/wav_eval/wav_metrics_no_noise.csv
20260903_selected_log_architecture,2025.06.18_0.3_3,maxfreq=22kHz,no_noise,source_wav_pooled_oof,ensemble__prediction_max,median,18,1,claim-safe ensemble strategy,0.95627605216430422,56940.842084115429,43873.99537752333,0.92318423081981704,45233.341165424914,42691.41642500001,41196.166950000043,41196.166950000043,1,1,1,0.94444444444444442,1,0.875,0.93333333333333335,0.9375,Pool_boiling/Subcooling_20_degrees/0.3/2025.06.18_0.3_3/regression_result/npy/ensemble/202609/03_selected_log_architecture/heatflux_no_noise/maxfreq=22kHz/e200_active_rf-ctf-alex_ed198_rf-cnntf_v2__cmp/wav_eval/wav_metrics_no_noise.csv
20260903_selected_log_architecture,2025.06.18_0.3_3,maxfreq=22kHz,no_noise,source_wav_pooled_oof,ensemble__inner_holdout,median,18,0,legacy sample-level inner holdout; source-WAV leakage,0.97703204071253058,41269.138843245019,31887.218505301131,0.94767551612202183,37332.403650709144,28013.382818750033,69008.542650000018,69008.542650000018,1,1,1,0.94444444444444442,1,0.875,0.93333333333333335,0.9375,Pool_boiling/Subcooling_20_degrees/0.3/2025.06.18_0.3_3/regression_result/npy/ensemble/202609/03_selected_log_architecture/heatflux_no_noise/maxfreq=22kHz/e200_active_rf-ctf-alex_ed198_rf-cnntf_v2__cmp/wav_eval/wav_metrics_no_noise.csv
20260903_selected_log_architecture,2025.06.18_0.3_3,maxfreq=22kHz,no_noise,source_wav_pooled_oof,ensemble__val_fold_legacy,median,18,0,outer-validation labels were used to choose weights,0.97937882391888142,39103.975947874089,30449.766198634446,0.95348633749540956,35198.466672669936,26577.922462500013,67668.276649999956,67668.276649999956,1,1,1,0.94444444444444442,1,0.875,0.93333333333333335,0.9375,Pool_boiling/Subcooling_20_degrees/0.3/2025.06.18_0.3_3/regression_result/npy/ensemble/202609/03_selected_log_architecture/heatflux_no_noise/maxfreq=22kHz/e200_active_rf-ctf-alex_ed198_rf-cnntf_v2__cmp/wav_eval/wav_metrics_no_noise.csv
20260903_selected_log_architecture,2025.06.18_0.3_3,maxfreq=3kHz,no_noise,source_wav_pooled_oof,rf,median,18,1,outer-fold prediction,0.9165308681887987,78673.260622444126,60706.897351967782,0.87962497752921942,56624.14623971621,41234.829949999999,68318.104450000043,68318.104450000043,1,1,1,0.94444444444444442,1,0.875,0.93333333333333335,0.9375,Pool_boiling/Subcooling_20_degrees/0.3/2025.06.18_0.3_3/regression_result/npy/ensemble/202609/03_selected_log_architecture/heatflux_no_noise/maxfreq=3kHz/e200_active_rf-ctf-alex_ed198_rf-cnntf_v2__cmp/wav_eval/wav_metrics_no_noise.csv
20260903_selected_log_architecture,2025.06.18_0.3_3,maxfreq=3kHz,no_noise,source_wav_pooled_oof,cnntf_v2_gap,median,18,1,outer-fold prediction,0.96076423503965303,53939.294762971709,39891.835097523326,0.93658034020793879,41100.341489540995,34295.216487499994,1289.3955499999574,1289.3955499999574,1,1,1,1,1,1,1,1,Pool_boiling/Subcooling_20_degrees/0.3/2025.06.18_0.3_3/regression_result/npy/ensemble/202609/03_selected_log_architecture/heatflux_no_noise/maxfreq=3kHz/e200_active_rf-ctf-alex_ed198_rf-cnntf_v2__cmp/wav_eval/wav_metrics_no_noise.csv
20260903_selected_log_architecture,2025.06.18_0.3_3,maxfreq=3kHz,no_noise,source_wav_pooled_oof,alexnet,median,18,1,outer-fold prediction,0.95398396956775966,58414.246309193302,45710.457014634449,0.88518743464693461,55300.389059907371,43087.487275000014,36886.33885,36886.33885,1,1,1,0.94444444444444442,1,0.875,0.93333333333333335,0.9375,Pool_boiling/Subcooling_20_degrees/0.3/2025.06.18_0.3_3/regression_result/npy/ensemble/202609/03_selected_log_architecture/heatflux_no_noise/maxfreq=3kHz/e200_active_rf-ctf-alex_ed198_rf-cnntf_v2__cmp/wav_eval/wav_metrics_no_noise.csv
20260903_selected_log_architecture,2025.06.18_0.3_3,maxfreq=3kHz,no_noise,source_wav_pooled_oof,ensemble__simple_equal,median,18,1,claim-safe ensemble strategy,0.96122034647871579,53624.859096232401,40416.862237801113,0.93976360382723145,40055.574664750035,29615.545293749994,28504.734649999999,28504.734649999999,1,1,1,0.94444444444444442,1,0.875,0.93333333333333335,0.9375,Pool_boiling/Subcooling_20_degrees/0.3/2025.06.18_0.3_3/regression_result/npy/ensemble/202609/03_selected_log_architecture/heatflux_no_noise/maxfreq=3kHz/e200_active_rf-ctf-alex_ed198_rf-cnntf_v2__cmp/wav_eval/wav_metrics_no_noise.csv
20260903_selected_log_architecture,2025.06.18_0.3_3,maxfreq=3kHz,no_noise,source_wav_pooled_oof,ensemble__prediction_max,median,18,1,claim-safe ensemble strategy,0.92641092893993071,73870.469985626041,56804.074445578888,0.90664264595355326,49866.368667507639,43615.196950000005,4823.3798999999999,4823.3798999999999,1,1,1,1,1,1,1,1,Pool_boiling/Subcooling_20_degrees/0.3/2025.06.18_0.3_3/regression_result/npy/ensemble/202609/03_selected_log_architecture/heatflux_no_noise/maxfreq=3kHz/e200_active_rf-ctf-alex_ed198_rf-cnntf_v2__cmp/wav_eval/wav_metrics_no_noise.csv
20260903_selected_log_architecture,2025.06.18_0.3_3,maxfreq=3kHz,no_noise,source_wav_pooled_oof,ensemble__inner_holdout,median,18,0,legacy sample-level inner holdout; source-WAV leakage,0.96117582028351911,53655.635879117392,40269.016029745544,0.9450267299857209,38265.664717251675,26975.848881249993,19801.387549999985,19801.387549999985,1,1,1,0.94444444444444442,1,0.875,0.93333333333333335,0.9375,Pool_boiling/Subcooling_20_degrees/0.3/2025.06.18_0.3_3/regression_result/npy/ensemble/202609/03_selected_log_architecture/heatflux_no_noise/maxfreq=3kHz/e200_active_rf-ctf-alex_ed198_rf-cnntf_v2__cmp/wav_eval/wav_metrics_no_noise.csv
20260903_selected_log_architecture,2025.06.18_0.3_3,maxfreq=3kHz,no_noise,source_wav_pooled_oof,ensemble__val_fold_legacy,median,18,0,outer-validation labels were used to choose weights,0.96551299499010668,50569.882185916831,36419.922100023337,0.94780342965430486,37286.743939424581,25130.73182500001,14890.363000000012,14890.363000000012,1,1,1,0.94444444444444442,1,0.875,0.93333333333333335,0.9375,Pool_boiling/Subcooling_20_degrees/0.3/2025.06.18_0.3_3/regression_result/npy/ensemble/202609/03_selected_log_architecture/heatflux_no_noise/maxfreq=3kHz/e200_active_rf-ctf-alex_ed198_rf-cnntf_v2__cmp/wav_eval/wav_metrics_no_noise.csv
20260903_selected_log_architecture,2025.06.18_0.3_3,maxfreq=5kHz,no_noise,source_wav_pooled_oof,rf,median,18,1,outer-fold prediction,0.9146714223482959,79544.737865128162,64433.729594189994,0.86703801257775748,59510.996887163179,48318.269137499985,65744.65135,65744.65135,1,1,1,0.94444444444444442,1,0.875,0.93333333333333335,0.9375,Pool_boiling/Subcooling_20_degrees/0.3/2025.06.18_0.3_3/regression_result/npy/ensemble/202609/03_selected_log_architecture/heatflux_no_noise/maxfreq=5kHz/e200_active_rf-ctf-alex_ed198_rf-cnntf_v2__cmp/wav_eval/wav_metrics_no_noise.csv
20260903_selected_log_architecture,2025.06.18_0.3_3,maxfreq=5kHz,no_noise,source_wav_pooled_oof,cnntf_v2_gap,median,18,1,outer-fold prediction,0.95924226879645502,54975.501803876134,43164.58042252333,0.93350015643663375,42086.594748711199,36093.21330625,52914.104450000043,52914.104450000043,1,1,1,0.94444444444444442,1,0.875,0.93333333333333335,0.9375,Pool_boiling/Subcooling_20_degrees/0.3/2025.06.18_0.3_3/regression_result/npy/ensemble/202609/03_selected_log_architecture/heatflux_no_noise/maxfreq=5kHz/e200_active_rf-ctf-alex_ed198_rf-cnntf_v2__cmp/wav_eval/wav_metrics_no_noise.csv
20260903_selected_log_architecture,2025.06.18_0.3_3,maxfreq=5kHz,no_noise,source_wav_pooled_oof,alexnet,median,18,1,outer-fold prediction,0.95497619984961668,57781.029537331298,47113.406359042783,0.89047472677754047,54012.04849769421,43101.213837500007,63304.635749999958,63304.635749999958,1,1,1,0.94444444444444442,1,0.875,0.93333333333333335,0.9375,Pool_boiling/Subcooling_20_degrees/0.3/2025.06.18_0.3_3/regression_result/npy/ensemble/202609/03_selected_log_architecture/heatflux_no_noise/maxfreq=5kHz/e200_active_rf-ctf-alex_ed198_rf-cnntf_v2__cmp/wav_eval/wav_metrics_no_noise.csv
20260903_selected_log_architecture,2025.06.18_0.3_3,maxfreq=5kHz,no_noise,source_wav_pooled_oof,ensemble__simple_equal,median,18,1,claim-safe ensemble strategy,0.96112623856787072,53689.886308539353,40404.352963634454,0.92626889890796593,44315.824739067051,30091.919368750037,63658.750300000014,63658.750300000014,1,1,1,0.94444444444444442,1,0.875,0.93333333333333335,0.9375,Pool_boiling/Subcooling_20_degrees/0.3/2025.06.18_0.3_3/regression_result/npy/ensemble/202609/03_selected_log_architecture/heatflux_no_noise/maxfreq=5kHz/e200_active_rf-ctf-alex_ed198_rf-cnntf_v2__cmp/wav_eval/wav_metrics_no_noise.csv
20260903_selected_log_architecture,2025.06.18_0.3_3,maxfreq=5kHz,no_noise,source_wav_pooled_oof,ensemble__prediction_max,median,18,1,claim-safe ensemble strategy,0.93062573965876538,71723.815491447152,55959.787558078897,0.91487903746377908,47615.871694063397,43369.7719,24875.354450000043,24875.354450000043,1,1,1,0.94444444444444442,1,0.875,0.93333333333333335,0.9375,Pool_boiling/Subcooling_20_degrees/0.3/2025.06.18_0.3_3/regression_result/npy/ensemble/202609/03_selected_log_architecture/heatflux_no_noise/maxfreq=5kHz/e200_active_rf-ctf-alex_ed198_rf-cnntf_v2__cmp/wav_eval/wav_metrics_no_noise.csv
20260903_selected_log_architecture,2025.06.18_0.3_3,maxfreq=5kHz,no_noise,source_wav_pooled_oof,ensemble__inner_holdout,median,18,0,legacy sample-level inner holdout; source-WAV leakage,0.96083726222735932,53889.074388935842,40472.668898912227,0.92798923633951758,43795.771841038113,28675.988325000006,60428.814399999974,60428.814399999974,1,1,1,0.94444444444444442,1,0.875,0.93333333333333335,0.9375,Pool_boiling/Subcooling_20_degrees/0.3/2025.06.18_0.3_3/regression_result/npy/ensemble/202609/03_selected_log_architecture/heatflux_no_noise/maxfreq=5kHz/e200_active_rf-ctf-alex_ed198_rf-cnntf_v2__cmp/wav_eval/wav_metrics_no_noise.csv
20260903_selected_log_architecture,2025.06.18_0.3_3,maxfreq=5kHz,no_noise,source_wav_pooled_oof,ensemble__val_fold_legacy,median,18,0,outer-validation labels were used to choose weights,0.96617389573385248,50082.983615427773,36422.098497801126,0.93611385546407266,41251.221793312448,26475.572681250029,58714.200899999996,58714.200899999996,1,1,1,0.94444444444444442,1,0.875,0.93333333333333335,0.9375,Pool_boiling/Subcooling_20_degrees/0.3/2025.06.18_0.3_3/regression_result/npy/ensemble/202609/03_selected_log_architecture/heatflux_no_noise/maxfreq=5kHz/e200_active_rf-ctf-alex_ed198_rf-cnntf_v2__cmp/wav_eval/wav_metrics_no_noise.csv
20260903_selected_log_architecture,2025.06.18_0.3_3,maxfreq=10kHz,-12,source_wav_pooled_oof,rf,median,18,1,outer-fold prediction,0.89032395047145685,90182.049566444708,75657.10120918999,0.87405855747019867,57918.566979699142,47114.019131249988,58429.8076,58429.8076,1,1,1,0.94444444444444442,1,0.875,0.93333333333333335,0.9375,Pool_boiling/Subcooling_20_degrees/0.3/2025.06.18_0.3_3/regression_result/npy/ensemble/202609/03_selected_log_architecture/heatflux_reference_SNR=-12/maxfreq=10kHz/e200_active_rf-ctf-alex_ed198_rf-cnntf_v2__cmp/wav_eval/wav_metrics_-12.csv
20260903_selected_log_architecture,2025.06.18_0.3_3,maxfreq=10kHz,-12,source_wav_pooled_oof,cnntf_v2_gap,median,18,1,outer-fold prediction,0.95234277214593521,59446.814834425022,40701.666098078895,0.97978820141456469,23202.562820923682,19782.383225000005,14918.401300000027,14918.401300000027,1,1,1,0.94444444444444442,1,0.875,0.93333333333333335,0.9375,Pool_boiling/Subcooling_20_degrees/0.3/2025.06.18_0.3_3/regression_result/npy/ensemble/202609/03_selected_log_architecture/heatflux_reference_SNR=-12/maxfreq=10kHz/e200_active_rf-ctf-alex_ed198_rf-cnntf_v2__cmp/wav_eval/wav_metrics_-12.csv
20260903_selected_log_architecture,2025.06.18_0.3_3,maxfreq=10kHz,-12,source_wav_pooled_oof,alexnet,median,18,1,outer-fold prediction,0.94170039221903379,65750.190926795985,55491.542321412227,0.87475867324964807,57757.356286966635,49483.685062500015,47280.71385,47280.71385,1,1,1,0.94444444444444442,1,0.875,0.93333333333333335,0.9375,Pool_boiling/Subcooling_20_degrees/0.3/2025.06.18_0.3_3/regression_result/npy/ensemble/202609/03_selected_log_architecture/heatflux_reference_SNR=-12/maxfreq=10kHz/e200_active_rf-ctf-alex_ed198_rf-cnntf_v2__cmp/wav_eval/wav_metrics_-12.csv
20260903_selected_log_architecture,2025.06.18_0.3_3,maxfreq=10kHz,-12,source_wav_pooled_oof,ensemble__simple_equal,median,18,1,claim-safe ensemble strategy,0.94293759660410381,65048.791366489379,49016.853936134452,0.94533126654760768,38159.526972263207,25685.177162500026,36929.708600000013,36929.708600000013,1,1,1,0.94444444444444442,1,0.875,0.93333333333333335,0.9375,Pool_boiling/Subcooling_20_degrees/0.3/2025.06.18_0.3_3/regression_result/npy/ensemble/202609/03_selected_log_architecture/heatflux_reference_SNR=-12/maxfreq=10kHz/e200_active_rf-ctf-alex_ed198_rf-cnntf_v2__cmp/wav_eval/wav_metrics_-12.csv
20260903_selected_log_architecture,2025.06.18_0.3_3,maxfreq=10kHz,-12,source_wav_pooled_oof,ensemble__prediction_max,median,18,1,claim-safe ensemble strategy,0.93539271348784214,69215.753703061666,51060.212003634442,0.94544975945478638,38118.149700574082,33333.53875,2716.3330499999574,2716.3330499999574,1,1,1,1,1,1,1,1,Pool_boiling/Subcooling_20_degrees/0.3/2025.06.18_0.3_3/regression_result/npy/ensemble/202609/03_selected_log_architecture/heatflux_reference_SNR=-12/maxfreq=10kHz/e200_active_rf-ctf-alex_ed198_rf-cnntf_v2__cmp/wav_eval/wav_metrics_-12.csv
20260903_selected_log_architecture,2025.06.18_0.3_3,maxfreq=10kHz,-12,source_wav_pooled_oof,ensemble__inner_holdout,median,18,0,legacy sample-level inner holdout; source-WAV leakage,0.94510235407055576,63802.994576914527,47311.771855301136,0.94935643793216529,36727.857829112436,23610.487206250036,34145.483799999987,34145.483799999987,1,1,1,0.94444444444444442,1,0.875,0.93333333333333335,0.9375,Pool_boiling/Subcooling_20_degrees/0.3/2025.06.18_0.3_3/regression_result/npy/ensemble/202609/03_selected_log_architecture/heatflux_reference_SNR=-12/maxfreq=10kHz/e200_active_rf-ctf-alex_ed198_rf-cnntf_v2__cmp/wav_eval/wav_metrics_-12.csv
20260903_selected_log_architecture,2025.06.18_0.3_3,maxfreq=10kHz,-12,source_wav_pooled_oof,ensemble__val_fold_legacy,median,18,0,outer-validation labels were used to choose weights,0.95124229920043246,60129.253310806118,44637.340008078914,0.96149160130016309,32026.627322610082,21894.006818750036,33692.735350000032,33692.735350000032,1,1,1,0.94444444444444442,1,0.875,0.93333333333333335,0.9375,Pool_boiling/Subcooling_20_degrees/0.3/2025.06.18_0.3_3/regression_result/npy/ensemble/202609/03_selected_log_architecture/heatflux_reference_SNR=-12/maxfreq=10kHz/e200_active_rf-ctf-alex_ed198_rf-cnntf_v2__cmp/wav_eval/wav_metrics_-12.csv
20260903_selected_log_architecture,2025.06.18_0.3_3,maxfreq=15kHz,-12,source_wav_pooled_oof,rf,median,18,1,outer-fold prediction,0.88763286784247952,91281.727448987396,75264.734445301117,0.88226717239037278,55999.256850763559,44333.190999999999,29635.71385,29635.71385,1,1,1,0.94444444444444442,1,0.875,0.93333333333333335,0.9375,Pool_boiling/Subcooling_20_degrees/0.3/2025.06.18_0.3_3/regression_result/npy/ensemble/202609/03_selected_log_architecture/heatflux_reference_SNR=-12/maxfreq=15kHz/e200_active_rf-ctf-alex_ed198_rf-cnntf_v2__cmp/wav_eval/wav_metrics_-12.csv
20260903_selected_log_architecture,2025.06.18_0.3_3,maxfreq=15kHz,-12,source_wav_pooled_oof,cnntf_v2_gap,median,18,1,outer-fold prediction,0.95433038950063176,58193.952552272553,46191.742609189998,0.95891631513558051,33080.203378842416,28453.294843749994,8006.2705499999574,8006.2705499999574,1,1,1,1,1,1,1,1,Pool_boiling/Subcooling_20_degrees/0.3/2025.06.18_0.3_3/regression_result/npy/ensemble/202609/03_selected_log_architecture/heatflux_reference_SNR=-12/maxfreq=15kHz/e200_active_rf-ctf-alex_ed198_rf-cnntf_v2__cmp/wav_eval/wav_metrics_-12.csv
20260903_selected_log_architecture,2025.06.18_0.3_3,maxfreq=15kHz,-12,source_wav_pooled_oof,alexnet,median,18,1,outer-fold prediction,0.94086261014195194,66220.930340486506,52673.235801967778,0.84591955740834579,64062.994486215277,52197.101087500007,56020.65135,56020.65135,1,1,1,0.94444444444444442,1,0.875,0.93333333333333335,0.9375,Pool_boiling/Subcooling_20_degrees/0.3/2025.06.18_0.3_3/regression_result/npy/ensemble/202609/03_selected_log_architecture/heatflux_reference_SNR=-12/maxfreq=15kHz/e200_active_rf-ctf-alex_ed198_rf-cnntf_v2__cmp/wav_eval/wav_metrics_-12.csv
20260903_selected_log_architecture,2025.06.18_0.3_3,maxfreq=15kHz,-12,source_wav_pooled_oof,ensemble__simple_equal,median,18,1,claim-safe ensemble strategy,0.94758880361235165,62341.355142199136,46248.288471134445,0.94697539898270111,37581.333056227959,22533.052331249994,22215.515899999999,22215.515899999999,1,1,1,0.94444444444444442,1,0.875,0.93333333333333335,0.9375,Pool_boiling/Subcooling_20_degrees/0.3/2025.06.18_0.3_3/regression_result/npy/ensemble/202609/03_selected_log_architecture/heatflux_reference_SNR=-12/maxfreq=15kHz/e200_active_rf-ctf-alex_ed198_rf-cnntf_v2__cmp/wav_eval/wav_metrics_-12.csv
20260903_selected_log_architecture,2025.06.18_0.3_3,maxfreq=15kHz,-12,source_wav_pooled_oof,ensemble__prediction_max,median,18,1,claim-safe ensemble strategy,0.9375686679383809,68040.187610550536,54904.842336967769,0.92780278685136919,43852.432956854245,38524.177424999994,10763.8799,10763.8799,1,1,1,1,1,1,1,1,Pool_boiling/Subcooling_20_degrees/0.3/2025.06.18_0.3_3/regression_result/npy/ensemble/202609/03_selected_log_architecture/heatflux_reference_SNR=-12/maxfreq=15kHz/e200_active_rf-ctf-alex_ed198_rf-cnntf_v2__cmp/wav_eval/wav_metrics_-12.csv
20260903_selected_log_architecture,2025.06.18_0.3_3,maxfreq=15kHz,-12,source_wav_pooled_oof,ensemble__inner_holdout,median,18,0,legacy sample-level inner holdout; source-WAV leakage,0.94698267819332194,62700.801795521911,46054.380925856662,0.93553850415878459,41436.557341839944,24414.676556249979,15829.058950000035,15829.058950000035,1,1,1,0.94444444444444442,1,0.875,0.93333333333333335,0.9375,Pool_boiling/Subcooling_20_degrees/0.3/2025.06.18_0.3_3/regression_result/npy/ensemble/202609/03_selected_log_architecture/heatflux_reference_SNR=-12/maxfreq=15kHz/e200_active_rf-ctf-alex_ed198_rf-cnntf_v2__cmp/wav_eval/wav_metrics_-12.csv
20260903_selected_log_architecture,2025.06.18_0.3_3,maxfreq=15kHz,-12,source_wav_pooled_oof,ensemble__val_fold_legacy,median,18,0,outer-validation labels were used to choose weights,0.95905744753061217,55100.007620156233,41799.706806689996,0.96428714457296016,30842.229477519439,21840.569412500001,27652.489100000006,27652.489100000006,1,1,1,0.94444444444444442,1,0.875,0.93333333333333335,0.9375,Pool_boiling/Subcooling_20_degrees/0.3/2025.06.18_0.3_3/regression_result/npy/ensemble/202609/03_selected_log_architecture/heatflux_reference_SNR=-12/maxfreq=15kHz/e200_active_rf-ctf-alex_ed198_rf-cnntf_v2__cmp/wav_eval/wav_metrics_-12.csv
20260903_selected_log_architecture,2025.06.18_0.3_3,maxfreq=22kHz,-12,source_wav_pooled_oof,rf,median,18,1,outer-fold prediction,0.88693757433905862,91563.703654672601,76077.923906412208,0.88292572040479067,55842.419054599028,45262.01718749998,35377.416999999958,35377.416999999958,1,1,1,0.94444444444444442,1,0.875,0.93333333333333335,0.9375,Pool_boiling/Subcooling_20_degrees/0.3/2025.06.18_0.3_3/regression_result/npy/ensemble/202609/03_selected_log_architecture/heatflux_reference_SNR=-12/maxfreq=22kHz/e200_active_rf-ctf-alex_ed198_rf-cnntf_v2__cmp/wav_eval/wav_metrics_-12.csv
20260903_selected_log_architecture,2025.06.18_0.3_3,maxfreq=22kHz,-12,source_wav_pooled_oof,cnntf_v2_gap,median,18,1,outer-fold prediction,0.94433133589978757,64249.477701854506,44802.18888807889,0.95224745495344332,35664.13850716751,27307.117600000005,16152.541950000043,16152.541950000043,1,1,1,0.94444444444444442,1,0.875,0.93333333333333335,0.9375,Pool_boiling/Subcooling_20_degrees/0.3/2025.06.18_0.3_3/regression_result/npy/ensemble/202609/03_selected_log_architecture/heatflux_reference_SNR=-12/maxfreq=22kHz/e200_active_rf-ctf-alex_ed198_rf-cnntf_v2__cmp/wav_eval/wav_metrics_-12.csv
20260903_selected_log_architecture,2025.06.18_0.3_3,maxfreq=22kHz,-12,source_wav_pooled_oof,alexnet,median,18,1,outer-fold prediction,0.94938364880608939,61264.602374492948,50992.494381078897,0.89493077939251708,52901.895303492223,46254.579075000009,30506.229450000043,30506.229450000043,1,1,1,0.94444444444444442,1,0.875,0.93333333333333335,0.9375,Pool_boiling/Subcooling_20_degrees/0.3/2025.06.18_0.3_3/regression_result/npy/ensemble/202609/03_selected_log_architecture/heatflux_reference_SNR=-12/maxfreq=22kHz/e200_active_rf-ctf-alex_ed198_rf-cnntf_v2__cmp/wav_eval/wav_metrics_-12.csv
20260903_selected_log_architecture,2025.06.18_0.3_3,maxfreq=22kHz,-12,source_wav_pooled_oof,ensemble__simple_equal,median,18,1,claim-safe ensemble strategy,0.94843186076936403,61837.928409711545,46903.37184669001,0.9501803384960863,36427.877086986962,24801.33343125003,25435.411800000002,25435.411800000002,1,1,1,0.94444444444444442,1,0.875,0.93333333333333335,0.9375,Pool_boiling/Subcooling_20_degrees/0.3/2025.06.18_0.3_3/regression_result/npy/ensemble/202609/03_selected_log_architecture/heatflux_reference_SNR=-12/maxfreq=22kHz/e200_active_rf-ctf-alex_ed198_rf-cnntf_v2__cmp/wav_eval/wav_metrics_-12.csv
20260903_selected_log_architecture,2025.06.18_0.3_3,maxfreq=22kHz,-12,source_wav_pooled_oof,ensemble__prediction_max,median,18,1,claim-safe ensemble strategy,0.93037392438323507,71853.869435941844,52761.259320301113,0.92824486757074576,43717.967357527705,36174.86955000001,3382.8701000000001,3382.8701000000001,1,1,1,0.94444444444444442,1,0.875,0.93333333333333335,0.9375,Pool_boiling/Subcooling_20_degrees/0.3/2025.06.18_0.3_3/regression_result/npy/ensemble/202609/03_selected_log_architecture/heatflux_reference_SNR=-12/maxfreq=22kHz/e200_active_rf-ctf-alex_ed198_rf-cnntf_v2__cmp/wav_eval/wav_metrics_-12.csv
20260903_selected_log_architecture,2025.06.18_0.3_3,maxfreq=22kHz,-12,source_wav_pooled_oof,ensemble__inner_holdout,median,18,0,legacy sample-level inner holdout; source-WAV leakage,0.95208505117065045,59607.336488501693,45250.501450856682,0.95144624997299787,35962.08517878702,25048.879518750029,28088.752449999971,28088.752449999971,1,1,1,0.94444444444444442,1,0.875,0.93333333333333335,0.9375,Pool_boiling/Subcooling_20_degrees/0.3/2025.06.18_0.3_3/regression_result/npy/ensemble/202609/03_selected_log_architecture/heatflux_reference_SNR=-12/maxfreq=22kHz/e200_active_rf-ctf-alex_ed198_rf-cnntf_v2__cmp/wav_eval/wav_metrics_-12.csv
20260903_selected_log_architecture,2025.06.18_0.3_3,maxfreq=22kHz,-12,source_wav_pooled_oof,ensemble__val_fold_legacy,median,18,0,outer-validation labels were used to choose weights,0.95505187308696637,57732.451714697694,42932.30990669001,0.95509263564231295,34585.356742100157,23065.146818750029,23866.573000000033,23866.573000000033,1,1,1,0.94444444444444442,1,0.875,0.93333333333333335,0.9375,Pool_boiling/Subcooling_20_degrees/0.3/2025.06.18_0.3_3/regression_result/npy/ensemble/202609/03_selected_log_architecture/heatflux_reference_SNR=-12/maxfreq=22kHz/e200_active_rf-ctf-alex_ed198_rf-cnntf_v2__cmp/wav_eval/wav_metrics_-12.csv
20260903_selected_log_architecture,2025.06.18_0.3_3,maxfreq=3kHz,-12,source_wav_pooled_oof,rf,median,18,1,outer-fold prediction,0.90100247311219062,85679.391701759276,69724.191920578887,0.8903756975732654,54036.460953042435,41408.925387499985,30810.8701,30810.8701,1,1,1,0.94444444444444442,1,0.875,0.93333333333333335,0.9375,Pool_boiling/Subcooling_20_degrees/0.3/2025.06.18_0.3_3/regression_result/npy/ensemble/202609/03_selected_log_architecture/heatflux_reference_SNR=-12/maxfreq=3kHz/e200_active_rf-ctf-alex_ed198_rf-cnntf_v2__cmp/wav_eval/wav_metrics_-12.csv
20260903_selected_log_architecture,2025.06.18_0.3_3,maxfreq=3kHz,-12,source_wav_pooled_oof,cnntf_v2_gap,median,18,1,outer-fold prediction,0.9394391057459891,67013.197642570492,55072.25965530111,0.92531599078162086,44601.276474321727,37115.347349999996,7427.9111999999732,7427.9111999999732,1,1,1,1,1,1,1,1,Pool_boiling/Subcooling_20_degrees/0.3/2025.06.18_0.3_3/regression_result/npy/ensemble/202609/03_selected_log_architecture/heatflux_reference_SNR=-12/maxfreq=3kHz/e200_active_rf-ctf-alex_ed198_rf-cnntf_v2__cmp/wav_eval/wav_metrics_-12.csv
20260903_selected_log_architecture,2025.06.18_0.3_3,maxfreq=3kHz,-12,source_wav_pooled_oof,alexnet,median,18,1,outer-fold prediction,0.90892530299029128,82179.419531374209,60970.077795023331,0.8946038344542615,52984.139050271719,31806.585468749996,85.463899999973364,85.463899999973364,1,1,1,0.94444444444444442,1,0.875,0.93333333333333335,0.9375,Pool_boiling/Subcooling_20_degrees/0.3/2025.06.18_0.3_3/regression_result/npy/ensemble/202609/03_selected_log_architecture/heatflux_reference_SNR=-12/maxfreq=3kHz/e200_active_rf-ctf-alex_ed198_rf-cnntf_v2__cmp/wav_eval/wav_metrics_-12.csv
20260903_selected_log_architecture,2025.06.18_0.3_3,maxfreq=3kHz,-12,source_wav_pooled_oof,ensemble__simple_equal,median,18,1,claim-safe ensemble strategy,0.92699521094177828,73576.62743544158,54286.019350023329,0.9322349792847292,42485.062749302175,25016.990887499996,7141.3544999999576,7141.3544999999576,1,1,1,0.94444444444444442,1,0.875,0.93333333333333335,0.9375,Pool_boiling/Subcooling_20_degrees/0.3/2025.06.18_0.3_3/regression_result/npy/ensemble/202609/03_selected_log_architecture/heatflux_reference_SNR=-12/maxfreq=3kHz/e200_active_rf-ctf-alex_ed198_rf-cnntf_v2__cmp/wav_eval/wav_metrics_-12.csv
20260903_selected_log_architecture,2025.06.18_0.3_3,maxfreq=3kHz,-12,source_wav_pooled_oof,ensemble__prediction_max,median,18,1,claim-safe ensemble strategy,0.91111076729038731,81187.427478390062,66708.240334190006,0.88564201173550205,55190.805140890305,49541.560237499994,20985.3174,20985.3174,1,1,1,1,1,1,1,1,Pool_boiling/Subcooling_20_degrees/0.3/2025.06.18_0.3_3/regression_result/npy/ensemble/202609/03_selected_log_architecture/heatflux_reference_SNR=-12/maxfreq=3kHz/e200_active_rf-ctf-alex_ed198_rf-cnntf_v2__cmp/wav_eval/wav_metrics_-12.csv
20260903_selected_log_architecture,2025.06.18_0.3_3,maxfreq=3kHz,-12,source_wav_pooled_oof,ensemble__inner_holdout,median,18,0,legacy sample-level inner holdout; source-WAV leakage,0.92560874145541949,74272.006168427906,54632.932426967775,0.93070843874607756,42960.92757765932,25314.688262499978,9123.0643500000006,9123.0643500000006,1,1,1,0.94444444444444442,1,0.875,0.93333333333333335,0.9375,Pool_boiling/Subcooling_20_degrees/0.3/2025.06.18_0.3_3/regression_result/npy/ensemble/202609/03_selected_log_architecture/heatflux_reference_SNR=-12/maxfreq=3kHz/e200_active_rf-ctf-alex_ed198_rf-cnntf_v2__cmp/wav_eval/wav_metrics_-12.csv
20260903_selected_log_architecture,2025.06.18_0.3_3,maxfreq=3kHz,-12,source_wav_pooled_oof,ensemble__val_fold_legacy,median,18,0,outer-validation labels were used to choose weights,0.93088718867133335,71588.536054403521,53413.811370856674,0.93453338720549195,41758.35788099996,25258.639225000006,2528.5028499999898,2528.5028499999898,1,1,1,0.94444444444444442,1,0.875,0.93333333333333335,0.9375,Pool_boiling/Subcooling_20_degrees/0.3/2025.06.18_0.3_3/regression_result/npy/ensemble/202609/03_selected_log_architecture/heatflux_reference_SNR=-12/maxfreq=3kHz/e200_active_rf-ctf-alex_ed198_rf-cnntf_v2__cmp/wav_eval/wav_metrics_-12.csv
20260903_selected_log_architecture,2025.06.18_0.3_3,maxfreq=5kHz,-12,source_wav_pooled_oof,rf,median,18,1,outer-fold prediction,0.89976194146603827,86214.541912953777,70769.472993356656,0.88444989094054494,55477.72662472185,43663.342974999985,42066.9326,42066.9326,1,1,1,0.94444444444444442,1,0.875,0.93333333333333335,0.9375,Pool_boiling/Subcooling_20_degrees/0.3/2025.06.18_0.3_3/regression_result/npy/ensemble/202609/03_selected_log_architecture/heatflux_reference_SNR=-12/maxfreq=5kHz/e200_active_rf-ctf-alex_ed198_rf-cnntf_v2__cmp/wav_eval/wav_metrics_-12.csv
20260903_selected_log_architecture,2025.06.18_0.3_3,maxfreq=5kHz,-12,source_wav_pooled_oof,cnntf_v2_gap,median,18,1,outer-fold prediction,0.94218852643847062,65474.353887637903,48574.749915856672,0.96062462495809442,32385.143666712313,21595.764400000007,4069.0517999999574,4069.0517999999574,1,1,1,1,1,1,1,1,Pool_boiling/Subcooling_20_degrees/0.3/2025.06.18_0.3_3/regression_result/npy/ensemble/202609/03_selected_log_architecture/heatflux_reference_SNR=-12/maxfreq=5kHz/e200_active_rf-ctf-alex_ed198_rf-cnntf_v2__cmp/wav_eval/wav_metrics_-12.csv
20260903_selected_log_architecture,2025.06.18_0.3_3,maxfreq=5kHz,-12,source_wav_pooled_oof,alexnet,median,18,1,outer-fold prediction,0.94626164217353859,63125.727640081364,50367.547657523341,0.9211767615120835,45820.583285561479,41968.663043750028,44948.135700000043,44948.135700000043,1,1,1,0.94444444444444442,1,0.875,0.93333333333333335,0.9375,Pool_boiling/Subcooling_20_degrees/0.3/2025.06.18_0.3_3/regression_result/npy/ensemble/202609/03_selected_log_architecture/heatflux_reference_SNR=-12/maxfreq=5kHz/e200_active_rf-ctf-alex_ed198_rf-cnntf_v2__cmp/wav_eval/wav_metrics_-12.csv
20260903_selected_log_architecture,2025.06.18_0.3_3,maxfreq=5kHz,-12,source_wav_pooled_oof,ensemble__simple_equal,median,18,1,claim-safe ensemble strategy,0.93860592906052476,67472.595645791866,51467.935619190015,0.95110152458400665,36089.522474668003,26001.970156250019,33111.203449999972,33111.203449999972,1,1,1,0.94444444444444442,1,0.875,0.93333333333333335,0.9375,Pool_boiling/Subcooling_20_degrees/0.3/2025.06.18_0.3_3/regression_result/npy/ensemble/202609/03_selected_log_architecture/heatflux_reference_SNR=-12/maxfreq=5kHz/e200_active_rf-ctf-alex_ed198_rf-cnntf_v2__cmp/wav_eval/wav_metrics_-12.csv
20260903_selected_log_architecture,2025.06.18_0.3_3,maxfreq=5kHz,-12,source_wav_pooled_oof,ensemble__prediction_max,median,18,1,claim-safe ensemble strategy,0.92929404619570288,72408.940751262315,56879.371853634446,0.93001407708079475,43175.643923339077,37960.071950000005,7704.2705499999574,7704.2705499999574,1,1,1,1,1,1,1,1,Pool_boiling/Subcooling_20_degrees/0.3/2025.06.18_0.3_3/regression_result/npy/ensemble/202609/03_selected_log_architecture/heatflux_reference_SNR=-12/maxfreq=5kHz/e200_active_rf-ctf-alex_ed198_rf-cnntf_v2__cmp/wav_eval/wav_metrics_-12.csv
20260903_selected_log_architecture,2025.06.18_0.3_3,maxfreq=5kHz,-12,source_wav_pooled_oof,ensemble__inner_holdout,median,18,0,legacy sample-level inner holdout; source-WAV leakage,0.93784912889427852,67887.186745755709,51266.008845301105,0.95356754089281992,35167.728568122635,23987.533512499998,26289.084099999978,26289.084099999978,1,1,1,0.94444444444444442,1,0.875,0.93333333333333335,0.9375,Pool_boiling/Subcooling_20_degrees/0.3/2025.06.18_0.3_3/regression_result/npy/ensemble/202609/03_selected_log_architecture/heatflux_reference_SNR=-12/maxfreq=5kHz/e200_active_rf-ctf-alex_ed198_rf-cnntf_v2__cmp/wav_eval/wav_metrics_-12.csv
20260903_selected_log_architecture,2025.06.18_0.3_3,maxfreq=5kHz,-12,source_wav_pooled_oof,ensemble__val_fold_legacy,median,18,0,outer-validation labels were used to choose weights,0.94270754141629731,65179.786191119034,49670.366747245556,0.95830906219093148,33323.783826812622,25121.318393749993,24250.188849999977,24250.188849999977,1,1,1,0.94444444444444442,1,0.875,0.93333333333333335,0.9375,Pool_boiling/Subcooling_20_degrees/0.3/2025.06.18_0.3_3/regression_result/npy/ensemble/202609/03_selected_log_architecture/heatflux_reference_SNR=-12/maxfreq=5kHz/e200_active_rf-ctf-alex_ed198_rf-cnntf_v2__cmp/wav_eval/wav_metrics_-12.csv
20260903_selected_log_architecture,2025.06.18_0.3_3,maxfreq=10kHz,-16,source_wav_pooled_oof,rf,median,18,1,outer-fold prediction,0.88550118580031711,92143.49823624923,76356.190734190008,0.88291385289876867,55845.249281072633,44759.652700000006,38098.026300000027,38098.026300000027,1,1,1,0.94444444444444442,1,0.875,0.93333333333333335,0.9375,Pool_boiling/Subcooling_20_degrees/0.3/2025.06.18_0.3_3/regression_result/npy/ensemble/202609/03_selected_log_architecture/heatflux_reference_SNR=-16/maxfreq=10kHz/e200_active_rf-ctf-alex_ed198_rf-cnntf_v2__cmp/wav_eval/wav_metrics_-16.csv
20260903_selected_log_architecture,2025.06.18_0.3_3,maxfreq=10kHz,-16,source_wav_pooled_oof,cnntf_v2_gap,median,18,1,outer-fold prediction,0.93488658916466338,69486.338007999482,54060.696728634444,0.95208720720460294,35723.929155587612,29317.0934375,7793.7392500000424,7793.7392500000424,1,1,1,1,1,1,1,1,Pool_boiling/Subcooling_20_degrees/0.3/2025.06.18_0.3_3/regression_result/npy/ensemble/202609/03_selected_log_architecture/heatflux_reference_SNR=-16/maxfreq=10kHz/e200_active_rf-ctf-alex_ed198_rf-cnntf_v2__cmp/wav_eval/wav_metrics_-16.csv
20260903_selected_log_architecture,2025.06.18_0.3_3,maxfreq=10kHz,-16,source_wav_pooled_oof,alexnet,median,18,1,outer-fold prediction,0.93129684886644215,71376.05329879804,56009.276950023341,0.88843800720823352,54511.936205218779,40521.634281250008,12768.4326,12768.4326,1,1,1,0.94444444444444442,1,0.875,0.93333333333333335,0.9375,Pool_boiling/Subcooling_20_degrees/0.3/2025.06.18_0.3_3/regression_result/npy/ensemble/202609/03_selected_log_architecture/heatflux_reference_SNR=-16/maxfreq=10kHz/e200_active_rf-ctf-alex_ed198_rf-cnntf_v2__cmp/wav_eval/wav_metrics_-16.csv
20260903_selected_log_architecture,2025.06.18_0.3_3,maxfreq=10kHz,-16,source_wav_pooled_oof,ensemble__simple_equal,median,18,1,claim-safe ensemble strategy,0.92436177087319515,74891.905044751649,55313.44492169001,0.94271208106331883,39062.946553245463,21216.847750000023,8334.4273999999859,8334.4273999999859,1,1,1,0.94444444444444442,1,0.875,0.93333333333333335,0.9375,Pool_boiling/Subcooling_20_degrees/0.3/2025.06.18_0.3_3/regression_result/npy/ensemble/202609/03_selected_log_architecture/heatflux_reference_SNR=-16/maxfreq=10kHz/e200_active_rf-ctf-alex_ed198_rf-cnntf_v2__cmp/wav_eval/wav_metrics_-16.csv
20260903_selected_log_architecture,2025.06.18_0.3_3,maxfreq=10kHz,-16,source_wav_pooled_oof,ensemble__prediction_max,median,18,1,claim-safe ensemble strategy,0.92593196129666566,74110.479671807741,61411.284600856663,0.91723936185155774,46951.05892388308,42727.345387500005,19965.3174,19965.3174,1,1,1,1,1,1,1,1,Pool_boiling/Subcooling_20_degrees/0.3/2025.06.18_0.3_3/regression_result/npy/ensemble/202609/03_selected_log_architecture/heatflux_reference_SNR=-16/maxfreq=10kHz/e200_active_rf-ctf-alex_ed198_rf-cnntf_v2__cmp/wav_eval/wav_metrics_-16.csv
20260903_selected_log_architecture,2025.06.18_0.3_3,maxfreq=10kHz,-16,source_wav_pooled_oof,ensemble__inner_holdout,median,18,0,legacy sample-level inner holdout; source-WAV leakage,0.92325153555372852,75439.543077672381,55610.167453356662,0.94596546561481998,37937.541463167741,20905.279787499996,9071.1693000000087,9071.1693000000087,1,1,1,0.94444444444444442,1,0.875,0.93333333333333335,0.9375,Pool_boiling/Subcooling_20_degrees/0.3/2025.06.18_0.3_3/regression_result/npy/ensemble/202609/03_selected_log_architecture/heatflux_reference_SNR=-16/maxfreq=10kHz/e200_active_rf-ctf-alex_ed198_rf-cnntf_v2__cmp/wav_eval/wav_metrics_-16.csv
20260903_selected_log_architecture,2025.06.18_0.3_3,maxfreq=10kHz,-16,source_wav_pooled_oof,ensemble__val_fold_legacy,median,18,0,outer-validation labels were used to choose weights,0.92751469320781765,73314.384433704457,53287.358174745561,0.94703793290183658,37559.165974355026,19337.80663125003,3426.6135000000359,3426.6135000000359,1,1,1,0.94444444444444442,1,0.875,0.93333333333333335,0.9375,Pool_boiling/Subcooling_20_degrees/0.3/2025.06.18_0.3_3/regression_result/npy/ensemble/202609/03_selected_log_architecture/heatflux_reference_SNR=-16/maxfreq=10kHz/e200_active_rf-ctf-alex_ed198_rf-cnntf_v2__cmp/wav_eval/wav_metrics_-16.csv
20260903_selected_log_architecture,2025.06.18_0.3_3,maxfreq=15kHz,-16,source_wav_pooled_oof,rf,median,18,1,outer-fold prediction,0.885977257720997,91951.738060152973,76652.961011967782,0.87795492242868012,57015.588348208672,46163.657799999994,31897.46385,31897.46385,1,1,1,0.94444444444444442,1,0.875,0.93333333333333335,0.9375,Pool_boiling/Subcooling_20_degrees/0.3/2025.06.18_0.3_3/regression_result/npy/ensemble/202609/03_selected_log_architecture/heatflux_reference_SNR=-16/maxfreq=15kHz/e200_active_rf-ctf-alex_ed198_rf-cnntf_v2__cmp/wav_eval/wav_metrics_-16.csv
20260903_selected_log_architecture,2025.06.18_0.3_3,maxfreq=15kHz,-16,source_wav_pooled_oof,cnntf_v2_gap,median,18,1,outer-fold prediction,0.86544834132293247,99886.944792677838,71215.760250856678,0.95440646972675924,34848.580026779819,28443.003962500006,20922.6924,20922.6924,1,1,1,1,1,1,1,1,Pool_boiling/Subcooling_20_degrees/0.3/2025.06.18_0.3_3/regression_result/npy/ensemble/202609/03_selected_log_architecture/heatflux_reference_SNR=-16/maxfreq=15kHz/e200_active_rf-ctf-alex_ed198_rf-cnntf_v2__cmp/wav_eval/wav_metrics_-16.csv
20260903_selected_log_architecture,2025.06.18_0.3_3,maxfreq=15kHz,-16,source_wav_pooled_oof,alexnet,median,18,1,outer-fold prediction,0.90421298180918341,84278.641942577466,68964.217691412225,0.70331790320641296,88895.370876547517,73726.128418750013,34640.83885,34640.83885,1,1,1,0.94444444444444442,1,0.875,0.93333333333333335,0.9375,Pool_boiling/Subcooling_20_degrees/0.3/2025.06.18_0.3_3/regression_result/npy/ensemble/202609/03_selected_log_architecture/heatflux_reference_SNR=-16/maxfreq=15kHz/e200_active_rf-ctf-alex_ed198_rf-cnntf_v2__cmp/wav_eval/wav_metrics_-16.csv
20260903_selected_log_architecture,2025.06.18_0.3_3,maxfreq=15kHz,-16,source_wav_pooled_oof,ensemble__simple_equal,median,18,1,claim-safe ensemble strategy,0.90902099007126069,82136.237530490791,64463.099698078884,0.90429177984116149,50490.31687129139,32583.257149999998,12459.984699999972,12459.984699999972,1,1,1,0.94444444444444442,1,0.875,0.93333333333333335,0.9375,Pool_boiling/Subcooling_20_degrees/0.3/2025.06.18_0.3_3/regression_result/npy/ensemble/202609/03_selected_log_architecture/heatflux_reference_SNR=-16/maxfreq=15kHz/e200_active_rf-ctf-alex_ed198_rf-cnntf_v2__cmp/wav_eval/wav_metrics_-16.csv
20260903_selected_log_architecture,2025.06.18_0.3_3,maxfreq=15kHz,-16,source_wav_pooled_oof,ensemble__prediction_max,median,18,1,claim-safe ensemble strategy,0.86637633887004084,99541.890623911226,70295.401370301101,0.92627532650607813,44313.893054096967,36884.907893749994,22580.3799,22580.3799,1,1,1,1,1,1,1,1,Pool_boiling/Subcooling_20_degrees/0.3/2025.06.18_0.3_3/regression_result/npy/ensemble/202609/03_selected_log_architecture/heatflux_reference_SNR=-16/maxfreq=15kHz/e200_active_rf-ctf-alex_ed198_rf-cnntf_v2__cmp/wav_eval/wav_metrics_-16.csv
20260903_selected_log_architecture,2025.06.18_0.3_3,maxfreq=15kHz,-16,source_wav_pooled_oof,ensemble__inner_holdout,median,18,0,legacy sample-level inner holdout; source-WAV leakage,0.90209361260081367,85205.909160932628,67159.050325856675,0.88602627998625305,55098.000429879998,36389.581218749991,14994.080350000004,14994.080350000004,1,1,1,0.94444444444444442,1,0.875,0.93333333333333335,0.9375,Pool_boiling/Subcooling_20_degrees/0.3/2025.06.18_0.3_3/regression_result/npy/ensemble/202609/03_selected_log_architecture/heatflux_reference_SNR=-16/maxfreq=15kHz/e200_active_rf-ctf-alex_ed198_rf-cnntf_v2__cmp/wav_eval/wav_metrics_-16.csv
20260903_selected_log_architecture,2025.06.18_0.3_3,maxfreq=15kHz,-16,source_wav_pooled_oof,ensemble__val_fold_legacy,median,18,0,outer-validation labels were used to choose weights,0.91797348544611912,77990.432867680036,60631.295961967771,0.92057511439223394,45995.122018930757,28020.320962500002,12797.28250000003,12797.28250000003,1,1,1,0.94444444444444442,1,0.875,0.93333333333333335,0.9375,Pool_boiling/Subcooling_20_degrees/0.3/2025.06.18_0.3_3/regression_result/npy/ensemble/202609/03_selected_log_architecture/heatflux_reference_SNR=-16/maxfreq=15kHz/e200_active_rf-ctf-alex_ed198_rf-cnntf_v2__cmp/wav_eval/wav_metrics_-16.csv
20260903_selected_log_architecture,2025.06.18_0.3_3,maxfreq=22kHz,-16,source_wav_pooled_oof,rf,median,18,1,outer-fold prediction,0.88523978409217352,92248.620443287975,76700.1691203011,0.88014890391297973,56500.784952132402,45618.940999999999,27380.71385,27380.71385,1,1,1,0.94444444444444442,1,0.875,0.93333333333333335,0.9375,Pool_boiling/Subcooling_20_degrees/0.3/2025.06.18_0.3_3/regression_result/npy/ensemble/202609/03_selected_log_architecture/heatflux_reference_SNR=-16/maxfreq=22kHz/e200_active_rf-ctf-alex_ed198_rf-cnntf_v2__cmp/wav_eval/wav_metrics_-16.csv
20260903_selected_log_architecture,2025.06.18_0.3_3,maxfreq=22kHz,-16,source_wav_pooled_oof,cnntf_v2_gap,median,18,1,outer-fold prediction,0.89943999202635694,86352.884933514084,60968.578133032221,0.90197509652181518,51097.739508443803,33215.275793750006,58945.2451,58945.2451,1,1,1,0.94444444444444442,1,0.875,0.93333333333333335,0.9375,Pool_boiling/Subcooling_20_degrees/0.3/2025.06.18_0.3_3/regression_result/npy/ensemble/202609/03_selected_log_architecture/heatflux_reference_SNR=-16/maxfreq=22kHz/e200_active_rf-ctf-alex_ed198_rf-cnntf_v2__cmp/wav_eval/wav_metrics_-16.csv
20260903_selected_log_architecture,2025.06.18_0.3_3,maxfreq=22kHz,-16,source_wav_pooled_oof,alexnet,median,18,1,outer-fold prediction,0.88553331182879214,92130.57053764732,75487.607557245559,0.83818249164663738,65651.738527562004,56901.63623750001,46292.0576,46292.0576,1,1,1,0.94444444444444442,1,0.875,0.93333333333333335,0.9375,Pool_boiling/Subcooling_20_degrees/0.3/2025.06.18_0.3_3/regression_result/npy/ensemble/202609/03_selected_log_architecture/heatflux_reference_SNR=-16/maxfreq=22kHz/e200_active_rf-ctf-alex_ed198_rf-cnntf_v2__cmp/wav_eval/wav_metrics_-16.csv
20260903_selected_log_architecture,2025.06.18_0.3_3,maxfreq=22kHz,-16,source_wav_pooled_oof,ensemble__simple_equal,median,18,1,claim-safe ensemble strategy,0.92706227910699102,73542.822918421196,56158.050534189999,0.90218951065319641,51041.824762390963,36074.100893750008,45770.411800000002,45770.411800000002,1,1,1,0.94444444444444442,1,0.875,0.93333333333333335,0.9375,Pool_boiling/Subcooling_20_degrees/0.3/2025.06.18_0.3_3/regression_result/npy/ensemble/202609/03_selected_log_architecture/heatflux_reference_SNR=-16/maxfreq=22kHz/e200_active_rf-ctf-alex_ed198_rf-cnntf_v2__cmp/wav_eval/wav_metrics_-16.csv
20260903_selected_log_architecture,2025.06.18_0.3_3,maxfreq=22kHz,-16,source_wav_pooled_oof,ensemble__prediction_max,median,18,1,claim-safe ensemble strategy,0.87985028368953488,94389.91100961421,74020.382195301107,0.90289683014701161,50856.934651272401,32868.556668749989,4737.5107499999576,4737.5107499999576,1,1,1,0.94444444444444442,1,0.875,0.93333333333333335,0.9375,Pool_boiling/Subcooling_20_degrees/0.3/2025.06.18_0.3_3/regression_result/npy/ensemble/202609/03_selected_log_architecture/heatflux_reference_SNR=-16/maxfreq=22kHz/e200_active_rf-ctf-alex_ed198_rf-cnntf_v2__cmp/wav_eval/wav_metrics_-16.csv
20260903_selected_log_architecture,2025.06.18_0.3_3,maxfreq=22kHz,-16,source_wav_pooled_oof,ensemble__inner_holdout,median,18,0,legacy sample-level inner holdout; source-WAV leakage,0.92078061014067891,76644.315222458084,58637.337387245563,0.90618030329277555,49989.695187753518,33805.630393750005,44553.894350000017,44553.894350000017,1,1,1,0.94444444444444442,1,0.875,0.93333333333333335,0.9375,Pool_boiling/Subcooling_20_degrees/0.3/2025.06.18_0.3_3/regression_result/npy/ensemble/202609/03_selected_log_architecture/heatflux_reference_SNR=-16/maxfreq=22kHz/e200_active_rf-ctf-alex_ed198_rf-cnntf_v2__cmp/wav_eval/wav_metrics_-16.csv
20260903_selected_log_architecture,2025.06.18_0.3_3,maxfreq=22kHz,-16,source_wav_pooled_oof,ensemble__val_fold_legacy,median,18,0,outer-validation labels were used to choose weights,0.92690030914528299,73624.434479768941,56660.501203634441,0.90136497205863775,51256.513549296338,36739.03770624999,48196.772150000033,48196.772150000033,1,1,1,0.94444444444444442,1,0.875,0.93333333333333335,0.9375,Pool_boiling/Subcooling_20_degrees/0.3/2025.06.18_0.3_3/regression_result/npy/ensemble/202609/03_selected_log_architecture/heatflux_reference_SNR=-16/maxfreq=22kHz/e200_active_rf-ctf-alex_ed198_rf-cnntf_v2__cmp/wav_eval/wav_metrics_-16.csv
20260903_selected_log_architecture,2025.06.18_0.3_3,maxfreq=3kHz,-16,source_wav_pooled_oof,rf,median,18,1,outer-fold prediction,0.8924685857904392,89295.974373087956,73364.975556412217,0.8881180774080617,54590.043036292518,41894.993737499994,36652.46385,36652.46385,1,1,1,0.94444444444444442,1,0.875,0.93333333333333335,0.9375,Pool_boiling/Subcooling_20_degrees/0.3/2025.06.18_0.3_3/regression_result/npy/ensemble/202609/03_selected_log_architecture/heatflux_reference_SNR=-16/maxfreq=3kHz/e200_active_rf-ctf-alex_ed198_rf-cnntf_v2__cmp/wav_eval/wav_metrics_-16.csv
20260903_selected_log_architecture,2025.06.18_0.3_3,maxfreq=3kHz,-16,source_wav_pooled_oof,cnntf_v2_gap,median,18,1,outer-fold prediction,0.91612418592113654,78864.685536536213,64655.614689189992,0.93468649772382872,41709.497964317736,35298.068056249984,36866.551799999957,36866.551799999957,1,1,1,1,1,1,1,1,Pool_boiling/Subcooling_20_degrees/0.3/2025.06.18_0.3_3/regression_result/npy/ensemble/202609/03_selected_log_architecture/heatflux_reference_SNR=-16/maxfreq=3kHz/e200_active_rf-ctf-alex_ed198_rf-cnntf_v2__cmp/wav_eval/wav_metrics_-16.csv
20260903_selected_log_architecture,2025.06.18_0.3_3,maxfreq=3kHz,-16,source_wav_pooled_oof,alexnet,median,18,1,outer-fold prediction,0.91825550644148002,77856.245295684828,62765.42645169,0.91360409433712231,47971.141968155076,37197.346650000014,21946.135700000043,21946.135700000043,1,1,1,0.94444444444444442,1,0.875,0.93333333333333335,0.9375,Pool_boiling/Subcooling_20_degrees/0.3/2025.06.18_0.3_3/regression_result/npy/ensemble/202609/03_selected_log_architecture/heatflux_reference_SNR=-16/maxfreq=3kHz/e200_active_rf-ctf-alex_ed198_rf-cnntf_v2__cmp/wav_eval/wav_metrics_-16.csv
20260903_selected_log_architecture,2025.06.18_0.3_3,maxfreq=3kHz,-16,source_wav_pooled_oof,ensemble__simple_equal,median,18,1,claim-safe ensemble strategy,0.9151855132930482,79304.753732054742,60605.628930856656,0.94334472518572565,38846.657053836614,25599.051162499985,11166.672199999972,11166.672199999972,1,1,1,0.94444444444444442,1,0.875,0.93333333333333335,0.9375,Pool_boiling/Subcooling_20_degrees/0.3/2025.06.18_0.3_3/regression_result/npy/ensemble/202609/03_selected_log_architecture/heatflux_reference_SNR=-16/maxfreq=3kHz/e200_active_rf-ctf-alex_ed198_rf-cnntf_v2__cmp/wav_eval/wav_metrics_-16.csv
20260903_selected_log_architecture,2025.06.18_0.3_3,maxfreq=3kHz,-16,source_wav_pooled_oof,ensemble__prediction_max,median,18,1,claim-safe ensemble strategy,0.9122584744257658,80661.59257366629,69814.511595301126,0.88888750319224086,54402.007963176744,49371.763356249998,38537.661100000027,38537.661100000027,1,1,1,1,1,1,1,1,Pool_boiling/Subcooling_20_degrees/0.3/2025.06.18_0.3_3/regression_result/npy/ensemble/202609/03_selected_log_architecture/heatflux_reference_SNR=-16/maxfreq=3kHz/e200_active_rf-ctf-alex_ed198_rf-cnntf_v2__cmp/wav_eval/wav_metrics_-16.csv
20260903_selected_log_architecture,2025.06.18_0.3_3,maxfreq=3kHz,-16,source_wav_pooled_oof,ensemble__inner_holdout,median,18,0,legacy sample-level inner holdout; source-WAV leakage,0.91305569481786508,80294.310362968114,61925.802013356653,0.94112454097225462,39600.496352162896,27101.335337499993,12905.933450000011,12905.933450000011,1,1,1,0.94444444444444442,1,0.875,0.93333333333333335,0.9375,Pool_boiling/Subcooling_20_degrees/0.3/2025.06.18_0.3_3/regression_result/npy/ensemble/202609/03_selected_log_architecture/heatflux_reference_SNR=-16/maxfreq=3kHz/e200_active_rf-ctf-alex_ed198_rf-cnntf_v2__cmp/wav_eval/wav_metrics_-16.csv
20260903_selected_log_architecture,2025.06.18_0.3_3,maxfreq=3kHz,-16,source_wav_pooled_oof,ensemble__val_fold_legacy,median,18,0,outer-validation labels were used to choose weights,0.91614062640325145,78856.956031864291,60261.867720578899,0.94445440569933969,38464.340028932027,25630.104543750029,10834.219050000014,10834.219050000014,1,1,1,0.94444444444444442,1,0.875,0.93333333333333335,0.9375,Pool_boiling/Subcooling_20_degrees/0.3/2025.06.18_0.3_3/regression_result/npy/ensemble/202609/03_selected_log_architecture/heatflux_reference_SNR=-16/maxfreq=3kHz/e200_active_rf-ctf-alex_ed198_rf-cnntf_v2__cmp/wav_eval/wav_metrics_-16.csv
20260903_selected_log_architecture,2025.06.18_0.3_3,maxfreq=5kHz,-16,source_wav_pooled_oof,rf,median,18,1,outer-fold prediction,0.89166078835827156,89630.751406895404,73950.486889745545,0.88384920273554735,55621.740415231558,43140.503124999996,42029.65135,42029.65135,1,1,1,0.94444444444444442,1,0.875,0.93333333333333335,0.9375,Pool_boiling/Subcooling_20_degrees/0.3/2025.06.18_0.3_3/regression_result/npy/ensemble/202609/03_selected_log_architecture/heatflux_reference_SNR=-16/maxfreq=5kHz/e200_active_rf-ctf-alex_ed198_rf-cnntf_v2__cmp/wav_eval/wav_metrics_-16.csv
20260903_selected_log_architecture,2025.06.18_0.3_3,maxfreq=5kHz,-16,source_wav_pooled_oof,cnntf_v2_gap,median,18,1,outer-fold prediction,0.92236785385917497,75872.605463536354,60737.025489467778,0.93893484397641624,40330.184784202531,30897.30046875,18239.739299999957,18239.739299999957,1,1,1,1,1,1,1,1,Pool_boiling/Subcooling_20_degrees/0.3/2025.06.18_0.3_3/regression_result/npy/ensemble/202609/03_selected_log_architecture/heatflux_reference_SNR=-16/maxfreq=5kHz/e200_active_rf-ctf-alex_ed198_rf-cnntf_v2__cmp/wav_eval/wav_metrics_-16.csv
20260903_selected_log_architecture,2025.06.18_0.3_3,maxfreq=5kHz,-16,source_wav_pooled_oof,alexnet,median,18,1,outer-fold prediction,0.91945856056870756,77281.206803872468,59463.436918634441,0.86237614142506946,60545.286879883031,42332.394056250007,10804.02635,10804.02635,1,1,1,0.94444444444444442,1,0.875,0.93333333333333335,0.9375,Pool_boiling/Subcooling_20_degrees/0.3/2025.06.18_0.3_3/regression_result/npy/ensemble/202609/03_selected_log_architecture/heatflux_reference_SNR=-16/maxfreq=5kHz/e200_active_rf-ctf-alex_ed198_rf-cnntf_v2__cmp/wav_eval/wav_metrics_-16.csv
20260903_selected_log_architecture,2025.06.18_0.3_3,maxfreq=5kHz,-16,source_wav_pooled_oof,ensemble__simple_equal,median,18,1,claim-safe ensemble strategy,0.92270244694327197,75708.924158759211,55705.749601689997,0.93279571333612077,42308.92240702147,23415.621999999988,7263.5576000000001,7263.5576000000001,1,1,1,0.94444444444444442,1,0.875,0.93333333333333335,0.9375,Pool_boiling/Subcooling_20_degrees/0.3/2025.06.18_0.3_3/regression_result/npy/ensemble/202609/03_selected_log_architecture/heatflux_reference_SNR=-16/maxfreq=5kHz/e200_active_rf-ctf-alex_ed198_rf-cnntf_v2__cmp/wav_eval/wav_metrics_-16.csv
20260903_selected_log_architecture,2025.06.18_0.3_3,maxfreq=5kHz,-16,source_wav_pooled_oof,ensemble__prediction_max,median,18,1,claim-safe ensemble strategy,0.92411879164430577,75012.09946813983,63777.0955953011,0.91839791009599747,46621.271850448633,41025.060231250005,29552.208000000042,29552.208000000042,1,1,1,1,1,1,1,1,Pool_boiling/Subcooling_20_degrees/0.3/2025.06.18_0.3_3/regression_result/npy/ensemble/202609/03_selected_log_architecture/heatflux_reference_SNR=-16/maxfreq=5kHz/e200_active_rf-ctf-alex_ed198_rf-cnntf_v2__cmp/wav_eval/wav_metrics_-16.csv
20260903_selected_log_architecture,2025.06.18_0.3_3,maxfreq=5kHz,-16,source_wav_pooled_oof,ensemble__inner_holdout,median,18,0,legacy sample-level inner holdout; source-WAV leakage,0.91955864168494528,77233.176909661677,57428.533671412202,0.92889918266120997,43518.184883273891,25487.637324999967,7084.2815500000142,7084.2815500000142,1,1,1,0.94444444444444442,1,0.875,0.93333333333333335,0.9375,Pool_boiling/Subcooling_20_degrees/0.3/2025.06.18_0.3_3/regression_result/npy/ensemble/202609/03_selected_log_architecture/heatflux_reference_SNR=-16/maxfreq=5kHz/e200_active_rf-ctf-alex_ed198_rf-cnntf_v2__cmp/wav_eval/wav_metrics_-16.csv
20260903_selected_log_architecture,2025.06.18_0.3_3,maxfreq=5kHz,-16,source_wav_pooled_oof,ensemble__val_fold_legacy,median,18,0,outer-validation labels were used to choose weights,0.92638642196156495,73882.769307296156,53601.573839745543,0.94124702029474627,39559.284214075058,20742.38416249997,2300.6647499999963,2300.6647499999963,1,1,1,0.94444444444444442,1,0.875,0.93333333333333335,0.9375,Pool_boiling/Subcooling_20_degrees/0.3/2025.06.18_0.3_3/regression_result/npy/ensemble/202609/03_selected_log_architecture/heatflux_reference_SNR=-16/maxfreq=5kHz/e200_active_rf-ctf-alex_ed198_rf-cnntf_v2__cmp/wav_eval/wav_metrics_-16.csv
20260903_selected_log_architecture,2025.06.18_0.3_3,maxfreq=10kHz,-20,source_wav_pooled_oof,rf,median,18,1,outer-fold prediction,0.88543884471769219,92168.579473062477,75894.034261967783,0.8856802384508653,55181.57998937634,43488.842156250008,38926.90135,38926.90135,1,1,1,0.94444444444444442,1,0.875,0.93333333333333335,0.9375,Pool_boiling/Subcooling_20_degrees/0.3/2025.06.18_0.3_3/regression_result/npy/ensemble/202609/03_selected_log_architecture/heatflux_reference_SNR=-20/maxfreq=10kHz/e200_active_rf-ctf-alex_ed198_rf-cnntf_v2__cmp/wav_eval/wav_metrics_-20.csv
20260903_selected_log_architecture,2025.06.18_0.3_3,maxfreq=10kHz,-20,source_wav_pooled_oof,cnntf_v2_gap,median,18,1,outer-fold prediction,0.92238730905536004,75863.097746754123,57979.493364745569,0.96570026728967651,30225.872368608168,22264.655381250035,629.02050000004238,629.02050000004238,1,1,1,1,1,1,1,1,Pool_boiling/Subcooling_20_degrees/0.3/2025.06.18_0.3_3/regression_result/npy/ensemble/202609/03_selected_log_architecture/heatflux_reference_SNR=-20/maxfreq=10kHz/e200_active_rf-ctf-alex_ed198_rf-cnntf_v2__cmp/wav_eval/wav_metrics_-20.csv
20260903_selected_log_architecture,2025.06.18_0.3_3,maxfreq=10kHz,-20,source_wav_pooled_oof,alexnet,median,18,1,outer-fold prediction,0.89444950869741124,88469.654526004364,71294.906255578899,0.85546335329207723,62047.239402060404,46398.917425,1007.7705499999574,1007.7705499999574,1,1,1,1,1,1,1,1,Pool_boiling/Subcooling_20_degrees/0.3/2025.06.18_0.3_3/regression_result/npy/ensemble/202609/03_selected_log_architecture/heatflux_reference_SNR=-20/maxfreq=10kHz/e200_active_rf-ctf-alex_ed198_rf-cnntf_v2__cmp/wav_eval/wav_metrics_-20.csv
20260903_selected_log_architecture,2025.06.18_0.3_3,maxfreq=10kHz,-20,source_wav_pooled_oof,ensemble__simple_equal,median,18,1,claim-safe ensemble strategy,0.90868269728163975,82288.801925134205,62271.975015023345,0.9397340162418002,40065.410929159028,25249.864037500018,7683.5992500000284,7683.5992500000284,1,1,1,0.94444444444444442,1,0.875,0.93333333333333335,0.9375,Pool_boiling/Subcooling_20_degrees/0.3/2025.06.18_0.3_3/regression_result/npy/ensemble/202609/03_selected_log_architecture/heatflux_reference_SNR=-20/maxfreq=10kHz/e200_active_rf-ctf-alex_ed198_rf-cnntf_v2__cmp/wav_eval/wav_metrics_-20.csv
20260903_selected_log_architecture,2025.06.18_0.3_3,maxfreq=10kHz,-20,source_wav_pooled_oof,ensemble__prediction_max,median,18,1,claim-safe ensemble strategy,0.90799165519746583,82599.574623033215,69429.179570301116,0.92587195924938848,44434.954225871414,40486.429375,22603.4424,22603.4424,1,1,1,1,1,1,1,1,Pool_boiling/Subcooling_20_degrees/0.3/2025.06.18_0.3_3/regression_result/npy/ensemble/202609/03_selected_log_architecture/heatflux_reference_SNR=-20/maxfreq=10kHz/e200_active_rf-ctf-alex_ed198_rf-cnntf_v2__cmp/wav_eval/wav_metrics_-20.csv
20260903_selected_log_architecture,2025.06.18_0.3_3,maxfreq=10kHz,-20,source_wav_pooled_oof,ensemble__inner_holdout,median,18,0,legacy sample-level inner holdout; source-WAV leakage,0.90622313177550551,83389.633335764622,63239.361786134461,0.93770617647884813,40733.897891599823,25512.148468750034,8878.9328499999829,8878.9328499999829,1,1,1,0.94444444444444442,1,0.875,0.93333333333333335,0.9375,Pool_boiling/Subcooling_20_degrees/0.3/2025.06.18_0.3_3/regression_result/npy/ensemble/202609/03_selected_log_architecture/heatflux_reference_SNR=-20/maxfreq=10kHz/e200_active_rf-ctf-alex_ed198_rf-cnntf_v2__cmp/wav_eval/wav_metrics_-20.csv
20260903_selected_log_architecture,2025.06.18_0.3_3,maxfreq=10kHz,-20,source_wav_pooled_oof,ensemble__val_fold_legacy,median,18,0,outer-validation labels were used to choose weights,0.91225558243994942,80662.921877311135,61213.823020856675,0.9488266861239989,36919.45209717939,24190.278525000023,6002.657349999994,6002.657349999994,1,1,1,0.94444444444444442,1,0.875,0.93333333333333335,0.9375,Pool_boiling/Subcooling_20_degrees/0.3/2025.06.18_0.3_3/regression_result/npy/ensemble/202609/03_selected_log_architecture/heatflux_reference_SNR=-20/maxfreq=10kHz/e200_active_rf-ctf-alex_ed198_rf-cnntf_v2__cmp/wav_eval/wav_metrics_-20.csv
20260903_selected_log_architecture,2025.06.18_0.3_3,maxfreq=15kHz,-20,source_wav_pooled_oof,rf,median,18,1,outer-fold prediction,0.88438745406768793,92590.554351307059,77169.196470301104,0.8800885709291264,56515.004396762866,45996.13436874999,37766.9326,37766.9326,1,1,1,0.94444444444444442,1,0.875,0.93333333333333335,0.9375,Pool_boiling/Subcooling_20_degrees/0.3/2025.06.18_0.3_3/regression_result/npy/ensemble/202609/03_selected_log_architecture/heatflux_reference_SNR=-20/maxfreq=15kHz/e200_active_rf-ctf-alex_ed198_rf-cnntf_v2__cmp/wav_eval/wav_metrics_-20.csv
20260903_selected_log_architecture,2025.06.18_0.3_3,maxfreq=15kHz,-20,source_wav_pooled_oof,cnntf_v2_gap,median,18,1,outer-fold prediction,0.8848882729992773,92389.791408000267,65967.898117523335,0.97976065548320701,23218.368405578378,17732.396156250012,16835.9326,16835.9326,1,1,1,0.94444444444444442,1,0.875,0.93333333333333335,0.9375,Pool_boiling/Subcooling_20_degrees/0.3/2025.06.18_0.3_3/regression_result/npy/ensemble/202609/03_selected_log_architecture/heatflux_reference_SNR=-20/maxfreq=15kHz/e200_active_rf-ctf-alex_ed198_rf-cnntf_v2__cmp/wav_eval/wav_metrics_-20.csv
20260903_selected_log_architecture,2025.06.18_0.3_3,maxfreq=15kHz,-20,source_wav_pooled_oof,alexnet,median,18,1,outer-fold prediction,0.8744618323199328,96483.287870112254,77960.126431134457,0.81253549903496514,70663.150486473591,51963.61541250001,2344.5107000000426,2344.5107000000426,1,1,1,0.94444444444444442,1,0.875,0.93333333333333335,0.9375,Pool_boiling/Subcooling_20_degrees/0.3/2025.06.18_0.3_3/regression_result/npy/ensemble/202609/03_selected_log_architecture/heatflux_reference_SNR=-20/maxfreq=15kHz/e200_active_rf-ctf-alex_ed198_rf-cnntf_v2__cmp/wav_eval/wav_metrics_-20.csv
20260903_selected_log_architecture,2025.06.18_0.3_3,maxfreq=15kHz,-20,source_wav_pooled_oof,ensemble__simple_equal,median,18,1,claim-safe ensemble strategy,0.89410401310311183,88614.328907565563,66894.703098356666,0.93446102497427297,41781.429896479669,24296.048624999974,13151.250300000014,13151.250300000014,1,1,1,0.94444444444444442,1,0.875,0.93333333333333335,0.9375,Pool_boiling/Subcooling_20_degrees/0.3/2025.06.18_0.3_3/regression_result/npy/ensemble/202609/03_selected_log_architecture/heatflux_reference_SNR=-20/maxfreq=15kHz/e200_active_rf-ctf-alex_ed198_rf-cnntf_v2__cmp/wav_eval/wav_metrics_-20.csv
20260903_selected_log_architecture,2025.06.18_0.3_3,maxfreq=15kHz,-20,source_wav_pooled_oof,ensemble__prediction_max,median,18,1,claim-safe ensemble strategy,0.87995128032471737,94350.231067407367,71456.275931412223,0.95113420077379618,36077.462127675739,29222.321956249994,20470.301799999957,20470.301799999957,1,1,1,1,1,1,1,1,Pool_boiling/Subcooling_20_degrees/0.3/2025.06.18_0.3_3/regression_result/npy/ensemble/202609/03_selected_log_architecture/heatflux_reference_SNR=-20/maxfreq=15kHz/e200_active_rf-ctf-alex_ed198_rf-cnntf_v2__cmp/wav_eval/wav_metrics_-20.csv
20260903_selected_log_architecture,2025.06.18_0.3_3,maxfreq=15kHz,-20,source_wav_pooled_oof,ensemble__inner_holdout,median,18,0,legacy sample-level inner holdout; source-WAV leakage,0.89237118230485757,89336.408001129763,69386.747950301127,0.92570849160923641,44483.921370869895,29536.645450000011,16821.259250000003,16821.259250000003,1,1,1,0.94444444444444442,1,0.875,0.93333333333333335,0.9375,Pool_boiling/Subcooling_20_degrees/0.3/2025.06.18_0.3_3/regression_result/npy/ensemble/202609/03_selected_log_architecture/heatflux_reference_SNR=-20/maxfreq=15kHz/e200_active_rf-ctf-alex_ed198_rf-cnntf_v2__cmp/wav_eval/wav_metrics_-20.csv
20260903_selected_log_architecture,2025.06.18_0.3_3,maxfreq=15kHz,-20,source_wav_pooled_oof,ensemble__val_fold_legacy,median,18,0,outer-validation labels were used to choose weights,0.90227199415949189,85128.252877870967,63769.657314745557,0.95190243361294458,35792.746757251531,20684.295681249983,9068.8431500000297,9068.8431500000297,1,1,1,0.94444444444444442,1,0.875,0.93333333333333335,0.9375,Pool_boiling/Subcooling_20_degrees/0.3/2025.06.18_0.3_3/regression_result/npy/ensemble/202609/03_selected_log_architecture/heatflux_reference_SNR=-20/maxfreq=15kHz/e200_active_rf-ctf-alex_ed198_rf-cnntf_v2__cmp/wav_eval/wav_metrics_-20.csv
20260903_selected_log_architecture,2025.06.18_0.3_3,maxfreq=22kHz,-20,source_wav_pooled_oof,rf,median,18,1,outer-fold prediction,0.8816713635427188,93671.857386751406,79074.290653634438,0.86448069321934384,60080.572457675182,50194.577718749999,64136.02635,64136.02635,1,1,1,0.94444444444444442,1,0.875,0.93333333333333335,0.9375,Pool_boiling/Subcooling_20_degrees/0.3/2025.06.18_0.3_3/regression_result/npy/ensemble/202609/03_selected_log_architecture/heatflux_reference_SNR=-20/maxfreq=22kHz/e200_active_rf-ctf-alex_ed198_rf-cnntf_v2__cmp/wav_eval/wav_metrics_-20.csv
20260903_selected_log_architecture,2025.06.18_0.3_3,maxfreq=22kHz,-20,source_wav_pooled_oof,cnntf_v2_gap,median,18,1,outer-fold prediction,0.75980405811499585,133458.74440425733,102301.14098141223,0.85139708398826941,62913.977417175556,47470.05788125001,20961.354499999958,20961.354499999958,1,1,1,0.94444444444444442,1,0.875,0.93333333333333335,0.9375,Pool_boiling/Subcooling_20_degrees/0.3/2025.06.18_0.3_3/regression_result/npy/ensemble/202609/03_selected_log_architecture/heatflux_reference_SNR=-20/maxfreq=22kHz/e200_active_rf-ctf-alex_ed198_rf-cnntf_v2__cmp/wav_eval/wav_metrics_-20.csv
20260903_selected_log_architecture,2025.06.18_0.3_3,maxfreq=22kHz,-20,source_wav_pooled_oof,alexnet,median,18,1,outer-fold prediction,0.75722184807267945,134174.19624168132,112357.53204252334,0.57205532420432792,106764.6031470306,89969.467543750012,106236.3799,106236.3799,1,1,1,1,1,1,1,1,Pool_boiling/Subcooling_20_degrees/0.3/2025.06.18_0.3_3/regression_result/npy/ensemble/202609/03_selected_log_architecture/heatflux_reference_SNR=-20/maxfreq=22kHz/e200_active_rf-ctf-alex_ed198_rf-cnntf_v2__cmp/wav_eval/wav_metrics_-20.csv
20260903_selected_log_architecture,2025.06.18_0.3_3,maxfreq=22kHz,-20,source_wav_pooled_oof,ensemble__simple_equal,median,18,1,claim-safe ensemble strategy,0.85278530454129764,104481.59268262112,79958.000156412207,0.84200128522235196,64872.443047746994,46295.381612499994,19365.931999999972,19365.931999999972,1,1,1,1,1,1,1,1,Pool_boiling/Subcooling_20_degrees/0.3/2025.06.18_0.3_3/regression_result/npy/ensemble/202609/03_selected_log_architecture/heatflux_reference_SNR=-20/maxfreq=22kHz/e200_active_rf-ctf-alex_ed198_rf-cnntf_v2__cmp/wav_eval/wav_metrics_-20.csv
20260903_selected_log_architecture,2025.06.18_0.3_3,maxfreq=22kHz,-20,source_wav_pooled_oof,ensemble__prediction_max,median,18,1,claim-safe ensemble strategy,0.71289089292810548,145910.88312361867,113023.07883974555,0.84279604692954435,64709.077371340354,50549.270118749999,106236.3799,106236.3799,1,1,1,1,1,1,1,1,Pool_boiling/Subcooling_20_degrees/0.3/2025.06.18_0.3_3/regression_result/npy/ensemble/202609/03_selected_log_architecture/heatflux_reference_SNR=-20/maxfreq=22kHz/e200_active_rf-ctf-alex_ed198_rf-cnntf_v2__cmp/wav_eval/wav_metrics_-20.csv
20260903_selected_log_architecture,2025.06.18_0.3_3,maxfreq=22kHz,-20,source_wav_pooled_oof,ensemble__inner_holdout,median,18,0,legacy sample-level inner holdout; source-WAV leakage,0.86262617622950644,100929.05227363107,78586.415798078917,0.85044644313642792,63114.892889443574,45727.611325000027,15664.779249999963,15664.779249999963,1,1,1,1,1,1,1,1,Pool_boiling/Subcooling_20_degrees/0.3/2025.06.18_0.3_3/regression_result/npy/ensemble/202609/03_selected_log_architecture/heatflux_reference_SNR=-20/maxfreq=22kHz/e200_active_rf-ctf-alex_ed198_rf-cnntf_v2__cmp/wav_eval/wav_metrics_-20.csv
20260903_selected_log_architecture,2025.06.18_0.3_3,maxfreq=22kHz,-20,source_wav_pooled_oof,ensemble__val_fold_legacy,median,18,0,outer-validation labels were used to choose weights,0.87276262865269749,97134.060937641669,76490.027884190014,0.86945814996514237,58966.908311936058,40534.158675000013,8075.1206499999971,8075.1206499999971,1,1,1,0.94444444444444442,1,0.875,0.93333333333333335,0.9375,Pool_boiling/Subcooling_20_degrees/0.3/2025.06.18_0.3_3/regression_result/npy/ensemble/202609/03_selected_log_architecture/heatflux_reference_SNR=-20/maxfreq=22kHz/e200_active_rf-ctf-alex_ed198_rf-cnntf_v2__cmp/wav_eval/wav_metrics_-20.csv
20260903_selected_log_architecture,2025.06.18_0.3_3,maxfreq=3kHz,-20,source_wav_pooled_oof,rf,median,18,1,outer-fold prediction,0.88638125479571583,91788.695161429234,75670.735145301122,0.88529968955361982,55273.348212507306,43647.282418749994,38677.885700000043,38677.885700000043,1,1,1,0.94444444444444442,1,0.875,0.93333333333333335,0.9375,Pool_boiling/Subcooling_20_degrees/0.3/2025.06.18_0.3_3/regression_result/npy/ensemble/202609/03_selected_log_architecture/heatflux_reference_SNR=-20/maxfreq=3kHz/e200_active_rf-ctf-alex_ed198_rf-cnntf_v2__cmp/wav_eval/wav_metrics_-20.csv
20260903_selected_log_architecture,2025.06.18_0.3_3,maxfreq=3kHz,-20,source_wav_pooled_oof,cnntf_v2_gap,median,18,1,outer-fold prediction,0.91440563669387809,79668.526477115694,64028.003781412226,0.92415824635684884,44945.649375884663,35166.697137500021,14138.323200000043,14138.323200000043,1,1,1,0.94444444444444442,1,0.875,0.93333333333333335,0.9375,Pool_boiling/Subcooling_20_degrees/0.3/2025.06.18_0.3_3/regression_result/npy/ensemble/202609/03_selected_log_architecture/heatflux_reference_SNR=-20/maxfreq=3kHz/e200_active_rf-ctf-alex_ed198_rf-cnntf_v2__cmp/wav_eval/wav_metrics_-20.csv
20260903_selected_log_architecture,2025.06.18_0.3_3,maxfreq=3kHz,-20,source_wav_pooled_oof,alexnet,median,18,1,outer-fold prediction,0.90847013985291036,82384.517244365488,65125.708384467784,0.91296730172414609,48147.606270348602,34167.493668750009,10838.854450000043,10838.854450000043,1,1,1,0.94444444444444442,1,0.875,0.93333333333333335,0.9375,Pool_boiling/Subcooling_20_degrees/0.3/2025.06.18_0.3_3/regression_result/npy/ensemble/202609/03_selected_log_architecture/heatflux_reference_SNR=-20/maxfreq=3kHz/e200_active_rf-ctf-alex_ed198_rf-cnntf_v2__cmp/wav_eval/wav_metrics_-20.csv
20260903_selected_log_architecture,2025.06.18_0.3_3,maxfreq=3kHz,-20,source_wav_pooled_oof,ensemble__simple_equal,median,18,1,claim-safe ensemble strategy,0.90772721778209564,82718.187486266121,64338.57924252333,0.9291262789048782,43448.63068718143,29473.296218749994,24018.265900000057,24018.265900000057,1,1,1,0.94444444444444442,1,0.875,0.93333333333333335,0.9375,Pool_boiling/Subcooling_20_degrees/0.3/2025.06.18_0.3_3/regression_result/npy/ensemble/202609/03_selected_log_architecture/heatflux_reference_SNR=-20/maxfreq=3kHz/e200_active_rf-ctf-alex_ed198_rf-cnntf_v2__cmp/wav_eval/wav_metrics_-20.csv
20260903_selected_log_architecture,2025.06.18_0.3_3,maxfreq=3kHz,-20,source_wav_pooled_oof,ensemble__prediction_max,median,18,1,claim-safe ensemble strategy,0.9045273623505885,84140.223702473028,72033.361664745549,0.88242036261715229,55962.812762150359,49603.304387499986,18128.333049999957,18128.333049999957,1,1,1,1,1,1,1,1,Pool_boiling/Subcooling_20_degrees/0.3/2025.06.18_0.3_3/regression_result/npy/ensemble/202609/03_selected_log_architecture/heatflux_reference_SNR=-20/maxfreq=3kHz/e200_active_rf-ctf-alex_ed198_rf-cnntf_v2__cmp/wav_eval/wav_metrics_-20.csv
20260903_selected_log_architecture,2025.06.18_0.3_3,maxfreq=3kHz,-20,source_wav_pooled_oof,ensemble__inner_holdout,median,18,0,legacy sample-level inner holdout; source-WAV leakage,0.90460657409757395,84105.311725169202,66264.049736967776,0.92378618418345404,45055.760996897166,31798.281900000009,29578.878049999999,29578.878049999999,1,1,1,0.94444444444444442,1,0.875,0.93333333333333335,0.9375,Pool_boiling/Subcooling_20_degrees/0.3/2025.06.18_0.3_3/regression_result/npy/ensemble/202609/03_selected_log_architecture/heatflux_reference_SNR=-20/maxfreq=3kHz/e200_active_rf-ctf-alex_ed198_rf-cnntf_v2__cmp/wav_eval/wav_metrics_-20.csv
20260903_selected_log_architecture,2025.06.18_0.3_3,maxfreq=3kHz,-20,source_wav_pooled_oof,ensemble__val_fold_legacy,median,18,0,outer-validation labels were used to choose weights,0.90871753420067058,82273.104123610989,63928.042456412222,0.92969501102987417,43273.950955986562,29361.817356250009,22212.769050000003,22212.769050000003,1,1,1,0.94444444444444442,1,0.875,0.93333333333333335,0.9375,Pool_boiling/Subcooling_20_degrees/0.3/2025.06.18_0.3_3/regression_result/npy/ensemble/202609/03_selected_log_architecture/heatflux_reference_SNR=-20/maxfreq=3kHz/e200_active_rf-ctf-alex_ed198_rf-cnntf_v2__cmp/wav_eval/wav_metrics_-20.csv
20260903_selected_log_architecture,2025.06.18_0.3_3,maxfreq=5kHz,-20,source_wav_pooled_oof,rf,median,18,1,outer-fold prediction,0.88681620435099684,91612.836267660183,74752.061978634432,0.88798985326025459,54621.315994358032,41563.27070624999,31177.854450000043,31177.854450000043,1,1,1,0.94444444444444442,1,0.875,0.93333333333333335,0.9375,Pool_boiling/Subcooling_20_degrees/0.3/2025.06.18_0.3_3/regression_result/npy/ensemble/202609/03_selected_log_architecture/heatflux_reference_SNR=-20/maxfreq=5kHz/e200_active_rf-ctf-alex_ed198_rf-cnntf_v2__cmp/wav_eval/wav_metrics_-20.csv
20260903_selected_log_architecture,2025.06.18_0.3_3,maxfreq=5kHz,-20,source_wav_pooled_oof,cnntf_v2_gap,median,18,1,outer-fold prediction,0.9146837054880409,79539.012384153495,63451.986480301101,0.95126444180842484,36029.35178128077,29341.0320125,64200.411199999973,64200.411199999973,1,1,1,1,1,1,1,1,Pool_boiling/Subcooling_20_degrees/0.3/2025.06.18_0.3_3/regression_result/npy/ensemble/202609/03_selected_log_architecture/heatflux_reference_SNR=-20/maxfreq=5kHz/e200_active_rf-ctf-alex_ed198_rf-cnntf_v2__cmp/wav_eval/wav_metrics_-20.csv
20260903_selected_log_architecture,2025.06.18_0.3_3,maxfreq=5kHz,-20,source_wav_pooled_oof,alexnet,median,18,1,outer-fold prediction,0.88695898479346535,91555.033606643046,76719.23290280113,0.86182317830784927,60666.798327522374,53481.304212500007,19020.401399999973,19020.401399999973,1,1,1,0.94444444444444442,1,0.875,0.93333333333333335,0.9375,Pool_boiling/Subcooling_20_degrees/0.3/2025.06.18_0.3_3/regression_result/npy/ensemble/202609/03_selected_log_architecture/heatflux_reference_SNR=-20/maxfreq=5kHz/e200_active_rf-ctf-alex_ed198_rf-cnntf_v2__cmp/wav_eval/wav_metrics_-20.csv
20260903_selected_log_architecture,2025.06.18_0.3_3,maxfreq=5kHz,-20,source_wav_pooled_oof,ensemble__simple_equal,median,18,1,claim-safe ensemble strategy,0.90872389350034277,82270.238247716101,62372.325525856679,0.94405389450445976,38602.764403653826,22972.474050000012,7654.8069500000565,7654.8069500000565,1,1,1,1,1,1,1,1,Pool_boiling/Subcooling_20_degrees/0.3/2025.06.18_0.3_3/regression_result/npy/ensemble/202609/03_selected_log_architecture/heatflux_reference_SNR=-20/maxfreq=5kHz/e200_active_rf-ctf-alex_ed198_rf-cnntf_v2__cmp/wav_eval/wav_metrics_-20.csv
20260903_selected_log_architecture,2025.06.18_0.3_3,maxfreq=5kHz,-20,source_wav_pooled_oof,ensemble__prediction_max,median,18,1,claim-safe ensemble strategy,0.89510559206082685,88194.26998629063,72188.267578634448,0.91347636740044003,48006.588926180077,43152.990162499991,64200.411199999973,64200.411199999973,1,1,1,1,1,1,1,1,Pool_boiling/Subcooling_20_degrees/0.3/2025.06.18_0.3_3/regression_result/npy/ensemble/202609/03_selected_log_architecture/heatflux_reference_SNR=-20/maxfreq=5kHz/e200_active_rf-ctf-alex_ed198_rf-cnntf_v2__cmp/wav_eval/wav_metrics_-20.csv
20260903_selected_log_architecture,2025.06.18_0.3_3,maxfreq=5kHz,-20,source_wav_pooled_oof,ensemble__inner_holdout,median,18,0,legacy sample-level inner holdout; source-WAV leakage,0.90777716016615206,82695.798963169917,61988.485606412221,0.94561133876995229,38061.654329619254,21425.606112499991,3718.4145499999868,3718.4145499999868,1,1,1,1,1,1,1,1,Pool_boiling/Subcooling_20_degrees/0.3/2025.06.18_0.3_3/regression_result/npy/ensemble/202609/03_selected_log_architecture/heatflux_reference_SNR=-20/maxfreq=5kHz/e200_active_rf-ctf-alex_ed198_rf-cnntf_v2__cmp/wav_eval/wav_metrics_-20.csv
20260903_selected_log_architecture,2025.06.18_0.3_3,maxfreq=5kHz,-20,source_wav_pooled_oof,ensemble__val_fold_legacy,median,18,0,outer-validation labels were used to choose weights,0.91013618375488492,81631.284565568669,60928.20162030113,0.9506085156474896,36270.998833620259,20713.084218750031,9293.9101500000106,9293.9101500000106,1,1,1,1,1,1,1,1,Pool_boiling/Subcooling_20_degrees/0.3/2025.06.18_0.3_3/regression_result/npy/ensemble/202609/03_selected_log_architecture/heatflux_reference_SNR=-20/maxfreq=5kHz/e200_active_rf-ctf-alex_ed198_rf-cnntf_v2__cmp/wav_eval/wav_metrics_-20.csv
20260903_selected_log_architecture,2025.06.18_0.3_3,maxfreq=10kHz,-4,source_wav_pooled_oof,rf,median,18,1,outer-fold prediction,0.92118299098812872,76449.41681325002,63889.435081690004,0.86661982136303883,59604.510223877209,49768.841393749994,60410.7451,60410.7451,1,1,1,0.94444444444444442,1,0.875,0.93333333333333335,0.9375,Pool_boiling/Subcooling_20_degrees/0.3/2025.06.18_0.3_3/regression_result/npy/ensemble/202609/03_selected_log_architecture/heatflux_reference_SNR=-4/maxfreq=10kHz/e200_active_rf-ctf-alex_ed198_rf-cnntf_v2__cmp/wav_eval/wav_metrics_-4.csv
20260903_selected_log_architecture,2025.06.18_0.3_3,maxfreq=10kHz,-4,source_wav_pooled_oof,cnntf_v2_gap,median,18,1,outer-fold prediction,0.94999901388342278,60891.05329517278,41442.28944613444,0.94106920267888239,39619.102654528993,31533.137137499994,53293.198249999958,53293.198249999958,1,1,1,0.94444444444444442,1,0.875,0.93333333333333335,0.9375,Pool_boiling/Subcooling_20_degrees/0.3/2025.06.18_0.3_3/regression_result/npy/ensemble/202609/03_selected_log_architecture/heatflux_reference_SNR=-4/maxfreq=10kHz/e200_active_rf-ctf-alex_ed198_rf-cnntf_v2__cmp/wav_eval/wav_metrics_-4.csv
20260903_selected_log_architecture,2025.06.18_0.3_3,maxfreq=10kHz,-4,source_wav_pooled_oof,alexnet,median,18,1,outer-fold prediction,0.96495587170961361,50976.713470478469,35594.828603356669,0.92738073355411188,43980.423312012426,34908.704606250001,67490.026399999973,67490.026399999973,1,1,1,0.94444444444444442,1,0.875,0.93333333333333335,0.9375,Pool_boiling/Subcooling_20_degrees/0.3/2025.06.18_0.3_3/regression_result/npy/ensemble/202609/03_selected_log_architecture/heatflux_reference_SNR=-4/maxfreq=10kHz/e200_active_rf-ctf-alex_ed198_rf-cnntf_v2__cmp/wav_eval/wav_metrics_-4.csv
20260903_selected_log_architecture,2025.06.18_0.3_3,maxfreq=10kHz,-4,source_wav_pooled_oof,ensemble__simple_equal,median,18,1,claim-safe ensemble strategy,0.9584899336652396,55480.570149951425,38514.425222523329,0.93860343449884831,40439.475587989684,26929.415349999996,57774.52635,57774.52635,1,1,1,0.94444444444444442,1,0.875,0.93333333333333335,0.9375,Pool_boiling/Subcooling_20_degrees/0.3/2025.06.18_0.3_3/regression_result/npy/ensemble/202609/03_selected_log_architecture/heatflux_reference_SNR=-4/maxfreq=10kHz/e200_active_rf-ctf-alex_ed198_rf-cnntf_v2__cmp/wav_eval/wav_metrics_-4.csv
20260903_selected_log_architecture,2025.06.18_0.3_3,maxfreq=10kHz,-4,source_wav_pooled_oof,ensemble__prediction_max,median,18,1,claim-safe ensemble strategy,0.94092858719308836,66183.980104841758,46638.090153634454,0.93266002337479081,42351.61314475855,36348.65080000001,12956.041950000043,12956.041950000043,1,1,1,0.94444444444444442,1,0.875,0.93333333333333335,0.9375,Pool_boiling/Subcooling_20_degrees/0.3/2025.06.18_0.3_3/regression_result/npy/ensemble/202609/03_selected_log_architecture/heatflux_reference_SNR=-4/maxfreq=10kHz/e200_active_rf-ctf-alex_ed198_rf-cnntf_v2__cmp/wav_eval/wav_metrics_-4.csv
20260903_selected_log_architecture,2025.06.18_0.3_3,maxfreq=10kHz,-4,source_wav_pooled_oof,ensemble__inner_holdout,median,18,0,legacy sample-level inner holdout; source-WAV leakage,0.96186434377717867,53177.732340371149,33855.334900856673,0.94635105090796601,37801.939777814965,23086.580031250007,54927.236399999994,54927.236399999994,1,1,1,0.94444444444444442,1,0.875,0.93333333333333335,0.9375,Pool_boiling/Subcooling_20_degrees/0.3/2025.06.18_0.3_3/regression_result/npy/ensemble/202609/03_selected_log_architecture/heatflux_reference_SNR=-4/maxfreq=10kHz/e200_active_rf-ctf-alex_ed198_rf-cnntf_v2__cmp/wav_eval/wav_metrics_-4.csv
20260903_selected_log_architecture,2025.06.18_0.3_3,maxfreq=10kHz,-4,source_wav_pooled_oof,ensemble__val_fold_legacy,median,18,0,outer-validation labels were used to choose weights,0.96368639383673482,51891.818614165415,32724.370745578879,0.94976106100958813,36580.842682847971,22570.446981249988,53817.108599999978,53817.108599999978,1,1,1,0.94444444444444442,1,0.875,0.93333333333333335,0.9375,Pool_boiling/Subcooling_20_degrees/0.3/2025.06.18_0.3_3/regression_result/npy/ensemble/202609/03_selected_log_architecture/heatflux_reference_SNR=-4/maxfreq=10kHz/e200_active_rf-ctf-alex_ed198_rf-cnntf_v2__cmp/wav_eval/wav_metrics_-4.csv
20260903_selected_log_architecture,2025.06.18_0.3_3,maxfreq=15kHz,-4,source_wav_pooled_oof,rf,median,18,1,outer-fold prediction,0.92010157080255039,76972.097688608672,64073.418033356662,0.86910856431496353,59045.810987879202,47929.282799999994,57634.46385,57634.46385,1,1,1,0.94444444444444442,1,0.875,0.93333333333333335,0.9375,Pool_boiling/Subcooling_20_degrees/0.3/2025.06.18_0.3_3/regression_result/npy/ensemble/202609/03_selected_log_architecture/heatflux_reference_SNR=-4/maxfreq=15kHz/e200_active_rf-ctf-alex_ed198_rf-cnntf_v2__cmp/wav_eval/wav_metrics_-4.csv
20260903_selected_log_architecture,2025.06.18_0.3_3,maxfreq=15kHz,-4,source_wav_pooled_oof,cnntf_v2_gap,median,18,1,outer-fold prediction,0.96312151961595027,52293.861265812098,36030.856506134449,0.95663417981760923,33986.563881652066,30762.002374999989,18630.416999999958,18630.416999999958,1,1,1,0.94444444444444442,1,0.875,0.93333333333333335,0.9375,Pool_boiling/Subcooling_20_degrees/0.3/2025.06.18_0.3_3/regression_result/npy/ensemble/202609/03_selected_log_architecture/heatflux_reference_SNR=-4/maxfreq=15kHz/e200_active_rf-ctf-alex_ed198_rf-cnntf_v2__cmp/wav_eval/wav_metrics_-4.csv
20260903_selected_log_architecture,2025.06.18_0.3_3,maxfreq=15kHz,-4,source_wav_pooled_oof,alexnet,median,18,1,outer-fold prediction,0.95910161690741658,55070.278284880871,45344.503085217781,0.87919775465546823,56724.539592962436,47349.843268750003,64992.291999999958,64992.291999999958,1,1,1,0.94444444444444442,1,0.875,0.93333333333333335,0.9375,Pool_boiling/Subcooling_20_degrees/0.3/2025.06.18_0.3_3/regression_result/npy/ensemble/202609/03_selected_log_architecture/heatflux_reference_SNR=-4/maxfreq=15kHz/e200_active_rf-ctf-alex_ed198_rf-cnntf_v2__cmp/wav_eval/wav_metrics_-4.csv
20260903_selected_log_architecture,2025.06.18_0.3_3,maxfreq=15kHz,-4,source_wav_pooled_oof,ensemble__simple_equal,median,18,1,claim-safe ensemble strategy,0.96569406711276207,50436.950276088704,36138.08759530112,0.94111982527593008,39602.082243627396,26596.240975000022,43582.625300000014,43582.625300000014,1,1,1,0.94444444444444442,1,0.875,0.93333333333333335,0.9375,Pool_boiling/Subcooling_20_degrees/0.3/2025.06.18_0.3_3/regression_result/npy/ensemble/202609/03_selected_log_architecture/heatflux_reference_SNR=-4/maxfreq=15kHz/e200_active_rf-ctf-alex_ed198_rf-cnntf_v2__cmp/wav_eval/wav_metrics_-4.csv
20260903_selected_log_architecture,2025.06.18_0.3_3,maxfreq=15kHz,-4,source_wav_pooled_oof,ensemble__prediction_max,median,18,1,claim-safe ensemble strategy,0.94515332424158682,63773.368491046182,49370.240218634448,0.92844406527687184,43657.24298283508,39737.738693750005,9667.4482000000426,9667.4482000000426,1,1,1,0.94444444444444442,1,0.875,0.93333333333333335,0.9375,Pool_boiling/Subcooling_20_degrees/0.3/2025.06.18_0.3_3/regression_result/npy/ensemble/202609/03_selected_log_architecture/heatflux_reference_SNR=-4/maxfreq=15kHz/e200_active_rf-ctf-alex_ed198_rf-cnntf_v2__cmp/wav_eval/wav_metrics_-4.csv
20260903_selected_log_architecture,2025.06.18_0.3_3,maxfreq=15kHz,-4,source_wav_pooled_oof,ensemble__inner_holdout,median,18,0,legacy sample-level inner holdout; source-WAV leakage,0.96994928721606211,47205.390063470884,31975.513741134459,0.95335789875899324,35247.030146006167,22649.245218750024,33635.590049999999,33635.590049999999,1,1,1,0.94444444444444442,1,0.875,0.93333333333333335,0.9375,Pool_boiling/Subcooling_20_degrees/0.3/2025.06.18_0.3_3/regression_result/npy/ensemble/202609/03_selected_log_architecture/heatflux_reference_SNR=-4/maxfreq=15kHz/e200_active_rf-ctf-alex_ed198_rf-cnntf_v2__cmp/wav_eval/wav_metrics_-4.csv
20260903_selected_log_architecture,2025.06.18_0.3_3,maxfreq=15kHz,-4,source_wav_pooled_oof,ensemble__val_fold_legacy,median,18,0,outer-validation labels were used to choose weights,0.97341233444569619,44402.1812576269,30210.295871967774,0.96156447404605538,31996.309605641112,21901.390387499989,30900.329599999997,30900.329599999997,1,1,1,0.94444444444444442,1,0.875,0.93333333333333335,0.9375,Pool_boiling/Subcooling_20_degrees/0.3/2025.06.18_0.3_3/regression_result/npy/ensemble/202609/03_selected_log_architecture/heatflux_reference_SNR=-4/maxfreq=15kHz/e200_active_rf-ctf-alex_ed198_rf-cnntf_v2__cmp/wav_eval/wav_metrics_-4.csv
20260903_selected_log_architecture,2025.06.18_0.3_3,maxfreq=22kHz,-4,source_wav_pooled_oof,rf,median,18,1,outer-fold prediction,0.93435581622826569,69768.97266049101,59130.521106690016,0.87021881361026154,58794.85806447675,49280.48005625001,58367.541950000043,58367.541950000043,1,1,1,0.94444444444444442,1,0.875,0.93333333333333335,0.9375,Pool_boiling/Subcooling_20_degrees/0.3/2025.06.18_0.3_3/regression_result/npy/ensemble/202609/03_selected_log_architecture/heatflux_reference_SNR=-4/maxfreq=22kHz/e200_active_rf-ctf-alex_ed198_rf-cnntf_v2__cmp/wav_eval/wav_metrics_-4.csv
20260903_selected_log_architecture,2025.06.18_0.3_3,maxfreq=22kHz,-4,source_wav_pooled_oof,cnntf_v2_gap,median,18,1,outer-fold prediction,0.9528692508415566,59117.542643617533,38987.555408912216,0.96461830263839043,30698.899566960194,28686.494550000003,21010.1826,21010.1826,1,1,1,0.94444444444444442,1,0.875,0.93333333333333335,0.9375,Pool_boiling/Subcooling_20_degrees/0.3/2025.06.18_0.3_3/regression_result/npy/ensemble/202609/03_selected_log_architecture/heatflux_reference_SNR=-4/maxfreq=22kHz/e200_active_rf-ctf-alex_ed198_rf-cnntf_v2__cmp/wav_eval/wav_metrics_-4.csv
20260903_selected_log_architecture,2025.06.18_0.3_3,maxfreq=22kHz,-4,source_wav_pooled_oof,alexnet,median,18,1,outer-fold prediction,0.96024633616186783,54294.117973362932,42897.211002398333,0.88264879028602083,55908.425497717544,43724.983906249996,74586.916999999958,74586.916999999958,1,1,1,0.94444444444444442,1,0.875,0.93333333333333335,0.9375,Pool_boiling/Subcooling_20_degrees/0.3/2025.06.18_0.3_3/regression_result/npy/ensemble/202609/03_selected_log_architecture/heatflux_reference_SNR=-4/maxfreq=22kHz/e200_active_rf-ctf-alex_ed198_rf-cnntf_v2__cmp/wav_eval/wav_metrics_-4.csv
20260903_selected_log_architecture,2025.06.18_0.3_3,maxfreq=22kHz,-4,source_wav_pooled_oof,ensemble__simple_equal,median,18,1,claim-safe ensemble strategy,0.96209463492375114,53016.926072225586,36606.793005578882,0.94320584028864496,38894.242310200287,24884.115606249987,43154.536750000028,43154.536750000028,1,1,1,0.94444444444444442,1,0.875,0.93333333333333335,0.9375,Pool_boiling/Subcooling_20_degrees/0.3/2025.06.18_0.3_3/regression_result/npy/ensemble/202609/03_selected_log_architecture/heatflux_reference_SNR=-4/maxfreq=22kHz/e200_active_rf-ctf-alex_ed198_rf-cnntf_v2__cmp/wav_eval/wav_metrics_-4.csv
20260903_selected_log_architecture,2025.06.18_0.3_3,maxfreq=22kHz,-4,source_wav_pooled_oof,ensemble__prediction_max,median,18,1,claim-safe ensemble strategy,0.94315810998301985,64922.981615076707,46869.240864190004,0.94114503777695424,39593.602526535098,35673.23283125001,12529.573200000043,12529.573200000043,1,1,1,0.94444444444444442,1,0.875,0.93333333333333335,0.9375,Pool_boiling/Subcooling_20_degrees/0.3/2025.06.18_0.3_3/regression_result/npy/ensemble/202609/03_selected_log_architecture/heatflux_reference_SNR=-4/maxfreq=22kHz/e200_active_rf-ctf-alex_ed198_rf-cnntf_v2__cmp/wav_eval/wav_metrics_-4.csv
20260903_selected_log_architecture,2025.06.18_0.3_3,maxfreq=22kHz,-4,source_wav_pooled_oof,ensemble__inner_holdout,median,18,0,legacy sample-level inner holdout; source-WAV leakage,0.96105559560068454,53738.647879169504,34932.151280578888,0.94901288503411019,36852.223439540656,22095.808693749997,45174.017049999966,45174.017049999966,1,1,1,0.94444444444444442,1,0.875,0.93333333333333335,0.9375,Pool_boiling/Subcooling_20_degrees/0.3/2025.06.18_0.3_3/regression_result/npy/ensemble/202609/03_selected_log_architecture/heatflux_reference_SNR=-4/maxfreq=22kHz/e200_active_rf-ctf-alex_ed198_rf-cnntf_v2__cmp/wav_eval/wav_metrics_-4.csv
20260903_selected_log_architecture,2025.06.18_0.3_3,maxfreq=22kHz,-4,source_wav_pooled_oof,ensemble__val_fold_legacy,median,18,0,outer-validation labels were used to choose weights,0.96826091634681577,48513.364377065736,32909.031547245548,0.95796389782681768,33461.44532242218,21412.151881249978,42540.594099999988,42540.594099999988,1,1,1,0.94444444444444442,1,0.875,0.93333333333333335,0.9375,Pool_boiling/Subcooling_20_degrees/0.3/2025.06.18_0.3_3/regression_result/npy/ensemble/202609/03_selected_log_architecture/heatflux_reference_SNR=-4/maxfreq=22kHz/e200_active_rf-ctf-alex_ed198_rf-cnntf_v2__cmp/wav_eval/wav_metrics_-4.csv
20260903_selected_log_architecture,2025.06.18_0.3_3,maxfreq=3kHz,-4,source_wav_pooled_oof,rf,median,18,1,outer-fold prediction,0.92839265885590838,72869.027896042986,59716.004397523342,0.87130316914807171,58548.719689594589,46325.417556250002,68215.588800000027,68215.588800000027,1,1,1,0.94444444444444442,1,0.875,0.93333333333333335,0.9375,Pool_boiling/Subcooling_20_degrees/0.3/2025.06.18_0.3_3/regression_result/npy/ensemble/202609/03_selected_log_architecture/heatflux_reference_SNR=-4/maxfreq=3kHz/e200_active_rf-ctf-alex_ed198_rf-cnntf_v2__cmp/wav_eval/wav_metrics_-4.csv
20260903_selected_log_architecture,2025.06.18_0.3_3,maxfreq=3kHz,-4,source_wav_pooled_oof,cnntf_v2_gap,median,18,1,outer-fold prediction,0.95696002383789092,56493.725168227516,41537.098203356662,0.93493701209207114,41629.431310973232,35987.318043749998,9539.3798999999999,9539.3798999999999,1,1,1,1,1,1,1,1,Pool_boiling/Subcooling_20_degrees/0.3/2025.06.18_0.3_3/regression_result/npy/ensemble/202609/03_selected_log_architecture/heatflux_reference_SNR=-4/maxfreq=3kHz/e200_active_rf-ctf-alex_ed198_rf-cnntf_v2__cmp/wav_eval/wav_metrics_-4.csv
20260903_selected_log_architecture,2025.06.18_0.3_3,maxfreq=3kHz,-4,source_wav_pooled_oof,alexnet,median,18,1,outer-fold prediction,0.95283370419970725,59139.832062633301,46898.298370301112,0.90390545178896331,50592.116807898041,43726.862268750025,41471.8076,41471.8076,1,1,1,0.94444444444444442,1,0.875,0.93333333333333335,0.9375,Pool_boiling/Subcooling_20_degrees/0.3/2025.06.18_0.3_3/regression_result/npy/ensemble/202609/03_selected_log_architecture/heatflux_reference_SNR=-4/maxfreq=3kHz/e200_active_rf-ctf-alex_ed198_rf-cnntf_v2__cmp/wav_eval/wav_metrics_-4.csv
20260903_selected_log_architecture,2025.06.18_0.3_3,maxfreq=3kHz,-4,source_wav_pooled_oof,ensemble__simple_equal,median,18,1,claim-safe ensemble strategy,0.96058010386992543,54065.713608726081,38088.416226967784,0.9434727420981639,38802.743741935781,29013.129287499993,24611.443050000002,24611.443050000002,1,1,1,0.94444444444444442,1,0.875,0.93333333333333335,0.9375,Pool_boiling/Subcooling_20_degrees/0.3/2025.06.18_0.3_3/regression_result/npy/ensemble/202609/03_selected_log_architecture/heatflux_reference_SNR=-4/maxfreq=3kHz/e200_active_rf-ctf-alex_ed198_rf-cnntf_v2__cmp/wav_eval/wav_metrics_-4.csv
20260903_selected_log_architecture,2025.06.18_0.3_3,maxfreq=3kHz,-4,source_wav_pooled_oof,ensemble__prediction_max,median,18,1,claim-safe ensemble strategy,0.9332282492238736,70365.630531634946,56815.046764467777,0.89526123409498637,52818.63853666839,47257.364925000002,11164.16115,11164.16115,1,1,1,1,1,1,1,1,Pool_boiling/Subcooling_20_degrees/0.3/2025.06.18_0.3_3/regression_result/npy/ensemble/202609/03_selected_log_architecture/heatflux_reference_SNR=-4/maxfreq=3kHz/e200_active_rf-ctf-alex_ed198_rf-cnntf_v2__cmp/wav_eval/wav_metrics_-4.csv
20260903_selected_log_architecture,2025.06.18_0.3_3,maxfreq=3kHz,-4,source_wav_pooled_oof,ensemble__inner_holdout,median,18,0,legacy sample-level inner holdout; source-WAV leakage,0.96036389185955351,54213.781876247653,39257.81342335666,0.94307186926029452,38940.088858683339,29875.726356249987,17566.757599999954,17566.757599999954,1,1,1,0.94444444444444442,1,0.875,0.93333333333333335,0.9375,Pool_boiling/Subcooling_20_degrees/0.3/2025.06.18_0.3_3/regression_result/npy/ensemble/202609/03_selected_log_architecture/heatflux_reference_SNR=-4/maxfreq=3kHz/e200_active_rf-ctf-alex_ed198_rf-cnntf_v2__cmp/wav_eval/wav_metrics_-4.csv
20260903_selected_log_architecture,2025.06.18_0.3_3,maxfreq=3kHz,-4,source_wav_pooled_oof,ensemble__val_fold_legacy,median,18,0,outer-validation labels were used to choose weights,0.96274453444886099,52560.465051533894,36715.626177245547,0.94625643832291706,37835.257893458584,28156.504687499983,15038.181050000014,15038.181050000014,1,1,1,0.94444444444444442,1,0.875,0.93333333333333335,0.9375,Pool_boiling/Subcooling_20_degrees/0.3/2025.06.18_0.3_3/regression_result/npy/ensemble/202609/03_selected_log_architecture/heatflux_reference_SNR=-4/maxfreq=3kHz/e200_active_rf-ctf-alex_ed198_rf-cnntf_v2__cmp/wav_eval/wav_metrics_-4.csv
20260903_selected_log_architecture,2025.06.18_0.3_3,maxfreq=5kHz,-4,source_wav_pooled_oof,rf,median,18,1,outer-fold prediction,0.92530863584433931,74421.667645540554,59517.71536335667,0.88069353101704984,56372.263403721212,44008.075768749994,51504.83885,51504.83885,1,1,1,0.94444444444444442,1,0.875,0.93333333333333335,0.9375,Pool_boiling/Subcooling_20_degrees/0.3/2025.06.18_0.3_3/regression_result/npy/ensemble/202609/03_selected_log_architecture/heatflux_reference_SNR=-4/maxfreq=5kHz/e200_active_rf-ctf-alex_ed198_rf-cnntf_v2__cmp/wav_eval/wav_metrics_-4.csv
20260903_selected_log_architecture,2025.06.18_0.3_3,maxfreq=5kHz,-4,source_wav_pooled_oof,cnntf_v2_gap,median,18,1,outer-fold prediction,0.95303915673217654,59010.887351950536,40073.875422523328,0.94355017110647965,38776.159332623029,33983.444818750002,27284.823249999958,27284.823249999958,1,1,1,0.94444444444444442,1,0.875,0.93333333333333335,0.9375,Pool_boiling/Subcooling_20_degrees/0.3/2025.06.18_0.3_3/regression_result/npy/ensemble/202609/03_selected_log_architecture/heatflux_reference_SNR=-4/maxfreq=5kHz/e200_active_rf-ctf-alex_ed198_rf-cnntf_v2__cmp/wav_eval/wav_metrics_-4.csv
20260903_selected_log_architecture,2025.06.18_0.3_3,maxfreq=5kHz,-4,source_wav_pooled_oof,alexnet,median,18,1,outer-fold prediction,0.94926739115360548,61334.919510915039,45834.847230023333,0.854718341741312,62206.944558056079,48345.39014375001,68454.698200000043,68454.698200000043,1,1,1,0.94444444444444442,1,0.875,0.93333333333333335,0.9375,Pool_boiling/Subcooling_20_degrees/0.3/2025.06.18_0.3_3/regression_result/npy/ensemble/202609/03_selected_log_architecture/heatflux_reference_SNR=-4/maxfreq=5kHz/e200_active_rf-ctf-alex_ed198_rf-cnntf_v2__cmp/wav_eval/wav_metrics_-4.csv
20260903_selected_log_architecture,2025.06.18_0.3_3,maxfreq=5kHz,-4,source_wav_pooled_oof,ensemble__simple_equal,median,18,1,claim-safe ensemble strategy,0.95500323399892784,57763.679874191461,38652.011932245558,0.92706620114821514,44075.565569282524,28425.025375000012,48765.109649999999,48765.109649999999,1,1,1,0.94444444444444442,1,0.875,0.93333333333333335,0.9375,Pool_boiling/Subcooling_20_degrees/0.3/2025.06.18_0.3_3/regression_result/npy/ensemble/202609/03_selected_log_architecture/heatflux_reference_SNR=-4/maxfreq=5kHz/e200_active_rf-ctf-alex_ed198_rf-cnntf_v2__cmp/wav_eval/wav_metrics_-4.csv
20260903_selected_log_architecture,2025.06.18_0.3_3,maxfreq=5kHz,-4,source_wav_pooled_oof,ensemble__prediction_max,median,18,1,claim-safe ensemble strategy,0.93348963229659465,70227.769689132721,52487.344058912218,0.91351692353855041,47995.336566593061,44059.246506250005,14411.979450000043,14411.979450000043,1,1,1,0.94444444444444442,1,0.875,0.93333333333333335,0.9375,Pool_boiling/Subcooling_20_degrees/0.3/2025.06.18_0.3_3/regression_result/npy/ensemble/202609/03_selected_log_architecture/heatflux_reference_SNR=-4/maxfreq=5kHz/e200_active_rf-ctf-alex_ed198_rf-cnntf_v2__cmp/wav_eval/wav_metrics_-4.csv
20260903_selected_log_architecture,2025.06.18_0.3_3,maxfreq=5kHz,-4,source_wav_pooled_oof,ensemble__inner_holdout,median,18,0,legacy sample-level inner holdout; source-WAV leakage,0.95587262817248531,57202.924525837298,38135.309608078904,0.91927808863264604,46369.156389880234,29318.674687500024,45067.704450000019,45067.704450000019,1,1,1,0.94444444444444442,1,0.875,0.93333333333333335,0.9375,Pool_boiling/Subcooling_20_degrees/0.3/2025.06.18_0.3_3/regression_result/npy/ensemble/202609/03_selected_log_architecture/heatflux_reference_SNR=-4/maxfreq=5kHz/e200_active_rf-ctf-alex_ed198_rf-cnntf_v2__cmp/wav_eval/wav_metrics_-4.csv
20260903_selected_log_architecture,2025.06.18_0.3_3,maxfreq=5kHz,-4,source_wav_pooled_oof,ensemble__val_fold_legacy,median,18,0,outer-validation labels were used to choose weights,0.96197471297777404,53100.725189089892,34469.794104745568,0.94664031363133083,37699.892380462465,24055.07572500001,43894.822499999951,43894.822499999951,1,1,1,0.94444444444444442,1,0.875,0.93333333333333335,0.9375,Pool_boiling/Subcooling_20_degrees/0.3/2025.06.18_0.3_3/regression_result/npy/ensemble/202609/03_selected_log_architecture/heatflux_reference_SNR=-4/maxfreq=5kHz/e200_active_rf-ctf-alex_ed198_rf-cnntf_v2__cmp/wav_eval/wav_metrics_-4.csv
20260903_selected_log_architecture,2025.06.18_0.3_3,maxfreq=10kHz,-8,source_wav_pooled_oof,rf,median,18,1,outer-fold prediction,0.90298642807754248,84816.519965374289,70995.788267801108,0.87482671820968871,57741.664058755508,47014.610924999994,54813.3076,54813.3076,1,1,1,0.94444444444444442,1,0.875,0.93333333333333335,0.9375,Pool_boiling/Subcooling_20_degrees/0.3/2025.06.18_0.3_3/regression_result/npy/ensemble/202609/03_selected_log_architecture/heatflux_reference_SNR=-8/maxfreq=10kHz/e200_active_rf-ctf-alex_ed198_rf-cnntf_v2__cmp/wav_eval/wav_metrics_-8.csv
20260903_selected_log_architecture,2025.06.18_0.3_3,maxfreq=10kHz,-8,source_wav_pooled_oof,cnntf_v2_gap,median,18,1,outer-fold prediction,0.95108538375224017,60225.931676546919,40697.158105578892,0.95851929029807736,33239.659431954096,24926.990643750003,28839.338800000027,28839.338800000027,1,1,1,0.94444444444444442,1,0.875,0.93333333333333335,0.9375,Pool_boiling/Subcooling_20_degrees/0.3/2025.06.18_0.3_3/regression_result/npy/ensemble/202609/03_selected_log_architecture/heatflux_reference_SNR=-8/maxfreq=10kHz/e200_active_rf-ctf-alex_ed198_rf-cnntf_v2__cmp/wav_eval/wav_metrics_-8.csv
20260903_selected_log_architecture,2025.06.18_0.3_3,maxfreq=10kHz,-8,source_wav_pooled_oof,alexnet,median,18,1,outer-fold prediction,0.95704960901902691,56434.900357644867,42866.812145356671,0.88893183805324305,54391.15344108671,47098.345225000005,50272.77635,50272.77635,1,1,1,0.94444444444444442,1,0.875,0.93333333333333335,0.9375,Pool_boiling/Subcooling_20_degrees/0.3/2025.06.18_0.3_3/regression_result/npy/ensemble/202609/03_selected_log_architecture/heatflux_reference_SNR=-8/maxfreq=10kHz/e200_active_rf-ctf-alex_ed198_rf-cnntf_v2__cmp/wav_eval/wav_metrics_-8.csv
20260903_selected_log_architecture,2025.06.18_0.3_3,maxfreq=10kHz,-8,source_wav_pooled_oof,ensemble__simple_equal,median,18,1,claim-safe ensemble strategy,0.95192805867603758,59704.907830642049,43626.374123912225,0.94109637843219596,39609.966488342485,26303.478606250028,40545.8701,40545.8701,1,1,1,0.94444444444444442,1,0.875,0.93333333333333335,0.9375,Pool_boiling/Subcooling_20_degrees/0.3/2025.06.18_0.3_3/regression_result/npy/ensemble/202609/03_selected_log_architecture/heatflux_reference_SNR=-8/maxfreq=10kHz/e200_active_rf-ctf-alex_ed198_rf-cnntf_v2__cmp/wav_eval/wav_metrics_-8.csv
20260903_selected_log_architecture,2025.06.18_0.3_3,maxfreq=10kHz,-8,source_wav_pooled_oof,ensemble__prediction_max,median,18,1,claim-safe ensemble strategy,0.9385828415552615,67485.281133648328,46525.691088356674,0.93389917154835711,41960.139910182283,35177.66643125,14184.33885,14184.33885,1,1,1,0.94444444444444442,1,0.875,0.93333333333333335,0.9375,Pool_boiling/Subcooling_20_degrees/0.3/2025.06.18_0.3_3/regression_result/npy/ensemble/202609/03_selected_log_architecture/heatflux_reference_SNR=-8/maxfreq=10kHz/e200_active_rf-ctf-alex_ed198_rf-cnntf_v2__cmp/wav_eval/wav_metrics_-8.csv
20260903_selected_log_architecture,2025.06.18_0.3_3,maxfreq=10kHz,-8,source_wav_pooled_oof,ensemble__inner_holdout,median,18,0,legacy sample-level inner holdout; source-WAV leakage,0.95626647916921848,56947.075105099626,39353.248660578887,0.94673102066430526,37667.835408908722,22641.853237499992,42364.140650000016,42364.140650000016,1,1,1,0.94444444444444442,1,0.875,0.93333333333333335,0.9375,Pool_boiling/Subcooling_20_degrees/0.3/2025.06.18_0.3_3/regression_result/npy/ensemble/202609/03_selected_log_architecture/heatflux_reference_SNR=-8/maxfreq=10kHz/e200_active_rf-ctf-alex_ed198_rf-cnntf_v2__cmp/wav_eval/wav_metrics_-8.csv
20260903_selected_log_architecture,2025.06.18_0.3_3,maxfreq=10kHz,-8,source_wav_pooled_oof,ensemble__val_fold_legacy,median,18,0,outer-validation labels were used to choose weights,0.9575874688907775,56080.425149170864,39092.386782523339,0.94924429470736515,36768.499745392226,22478.139618750014,42214.857000000018,42214.857000000018,1,1,1,0.94444444444444442,1,0.875,0.93333333333333335,0.9375,Pool_boiling/Subcooling_20_degrees/0.3/2025.06.18_0.3_3/regression_result/npy/ensemble/202609/03_selected_log_architecture/heatflux_reference_SNR=-8/maxfreq=10kHz/e200_active_rf-ctf-alex_ed198_rf-cnntf_v2__cmp/wav_eval/wav_metrics_-8.csv
20260903_selected_log_architecture,2025.06.18_0.3_3,maxfreq=15kHz,-8,source_wav_pooled_oof,rf,median,18,1,outer-fold prediction,0.89909171762239881,86502.290773412649,73031.868135856654,0.87627927539054862,57405.658590015475,46957.409762499978,43398.729499999958,43398.729499999958,1,1,1,0.94444444444444442,1,0.875,0.93333333333333335,0.9375,Pool_boiling/Subcooling_20_degrees/0.3/2025.06.18_0.3_3/regression_result/npy/ensemble/202609/03_selected_log_architecture/heatflux_reference_SNR=-8/maxfreq=15kHz/e200_active_rf-ctf-alex_ed198_rf-cnntf_v2__cmp/wav_eval/wav_metrics_-8.csv
20260903_selected_log_architecture,2025.06.18_0.3_3,maxfreq=15kHz,-8,source_wav_pooled_oof,cnntf_v2_gap,median,18,1,outer-fold prediction,0.95856994305961762,55427.075801869316,39503.282989467778,0.97176817303564944,27422.242564064571,24655.232843749996,36762.666999999958,36762.666999999958,1,1,1,0.94444444444444442,1,0.875,0.93333333333333335,0.9375,Pool_boiling/Subcooling_20_degrees/0.3/2025.06.18_0.3_3/regression_result/npy/ensemble/202609/03_selected_log_architecture/heatflux_reference_SNR=-8/maxfreq=15kHz/e200_active_rf-ctf-alex_ed198_rf-cnntf_v2__cmp/wav_eval/wav_metrics_-8.csv
20260903_selected_log_architecture,2025.06.18_0.3_3,maxfreq=15kHz,-8,source_wav_pooled_oof,alexnet,median,18,1,outer-fold prediction,0.95490925869197241,57823.967853929207,46555.745133884448,0.8621017301573799,60605.618116900667,49192.120624999996,56655.40135,56655.40135,1,1,1,0.94444444444444442,1,0.875,0.93333333333333335,0.9375,Pool_boiling/Subcooling_20_degrees/0.3/2025.06.18_0.3_3/regression_result/npy/ensemble/202609/03_selected_log_architecture/heatflux_reference_SNR=-8/maxfreq=15kHz/e200_active_rf-ctf-alex_ed198_rf-cnntf_v2__cmp/wav_eval/wav_metrics_-8.csv
20260903_selected_log_architecture,2025.06.18_0.3_3,maxfreq=15kHz,-8,source_wav_pooled_oof,ensemble__simple_equal,median,18,1,claim-safe ensemble strategy,0.95982601501783738,54580.392973702772,39291.03115446779,0.93836056768510945,40519.38000134562,25652.930318750012,42621.40135,42621.40135,1,1,1,0.94444444444444442,1,0.875,0.93333333333333335,0.9375,Pool_boiling/Subcooling_20_degrees/0.3/2025.06.18_0.3_3/regression_result/npy/ensemble/202609/03_selected_log_architecture/heatflux_reference_SNR=-8/maxfreq=15kHz/e200_active_rf-ctf-alex_ed198_rf-cnntf_v2__cmp/wav_eval/wav_metrics_-8.csv
20260903_selected_log_architecture,2025.06.18_0.3_3,maxfreq=15kHz,-8,source_wav_pooled_oof,ensemble__prediction_max,median,18,1,claim-safe ensemble strategy,0.94031504300964919,66526.801595917292,50646.0661730789,0.94471462975130271,38374.133980954699,34529.047275000012,14588.026300000027,14588.026300000027,1,1,1,0.94444444444444442,1,0.875,0.93333333333333335,0.9375,Pool_boiling/Subcooling_20_degrees/0.3/2025.06.18_0.3_3/regression_result/npy/ensemble/202609/03_selected_log_architecture/heatflux_reference_SNR=-8/maxfreq=15kHz/e200_active_rf-ctf-alex_ed198_rf-cnntf_v2__cmp/wav_eval/wav_metrics_-8.csv
20260903_selected_log_architecture,2025.06.18_0.3_3,maxfreq=15kHz,-8,source_wav_pooled_oof,ensemble__inner_holdout,median,18,0,legacy sample-level inner holdout; source-WAV leakage,0.96655714612647647,49798.454820942636,32527.948480578882,0.94714769612132288,37520.225337803022,20930.508962499989,41340.982950000034,41340.982950000034,1,1,1,0.94444444444444442,1,0.875,0.93333333333333335,0.9375,Pool_boiling/Subcooling_20_degrees/0.3/2025.06.18_0.3_3/regression_result/npy/ensemble/202609/03_selected_log_architecture/heatflux_reference_SNR=-8/maxfreq=15kHz/e200_active_rf-ctf-alex_ed198_rf-cnntf_v2__cmp/wav_eval/wav_metrics_-8.csv
20260903_selected_log_architecture,2025.06.18_0.3_3,maxfreq=15kHz,-8,source_wav_pooled_oof,ensemble__val_fold_legacy,median,18,0,outer-validation labels were used to choose weights,0.96981106505157111,47313.829179216198,32046.352458912224,0.95793823820912571,33471.656508312852,19800.26185000001,42958.594199999992,42958.594199999992,1,1,1,0.94444444444444442,1,0.875,0.93333333333333335,0.9375,Pool_boiling/Subcooling_20_degrees/0.3/2025.06.18_0.3_3/regression_result/npy/ensemble/202609/03_selected_log_architecture/heatflux_reference_SNR=-8/maxfreq=15kHz/e200_active_rf-ctf-alex_ed198_rf-cnntf_v2__cmp/wav_eval/wav_metrics_-8.csv
20260903_selected_log_architecture,2025.06.18_0.3_3,maxfreq=22kHz,-8,source_wav_pooled_oof,rf,median,18,1,outer-fold prediction,0.90210894393309193,85199.237628646209,71038.007675856657,0.88190042177023487,56086.410931381462,45973.306243749983,34172.510749999958,34172.510749999958,1,1,1,0.94444444444444442,1,0.875,0.93333333333333335,0.9375,Pool_boiling/Subcooling_20_degrees/0.3/2025.06.18_0.3_3/regression_result/npy/ensemble/202609/03_selected_log_architecture/heatflux_reference_SNR=-8/maxfreq=22kHz/e200_active_rf-ctf-alex_ed198_rf-cnntf_v2__cmp/wav_eval/wav_metrics_-8.csv
20260903_selected_log_architecture,2025.06.18_0.3_3,maxfreq=22kHz,-8,source_wav_pooled_oof,cnntf_v2_gap,median,18,1,outer-fold prediction,0.95414637862651652,58311.071520563477,38869.805520301117,0.9621383197995601,31756.557514396711,29228.978393750011,35956.073249999958,35956.073249999958,1,1,1,0.94444444444444442,1,0.875,0.93333333333333335,0.9375,Pool_boiling/Subcooling_20_degrees/0.3/2025.06.18_0.3_3/regression_result/npy/ensemble/202609/03_selected_log_architecture/heatflux_reference_SNR=-8/maxfreq=22kHz/e200_active_rf-ctf-alex_ed198_rf-cnntf_v2__cmp/wav_eval/wav_metrics_-8.csv
20260903_selected_log_architecture,2025.06.18_0.3_3,maxfreq=22kHz,-8,source_wav_pooled_oof,alexnet,median,18,1,outer-fold prediction,0.95345604277569085,58748.37443049578,45999.851337384447,0.8767349193304389,57299.853084964845,45280.222181249999,67204.3076,67204.3076,1,1,1,0.94444444444444442,1,0.875,0.93333333333333335,0.9375,Pool_boiling/Subcooling_20_degrees/0.3/2025.06.18_0.3_3/regression_result/npy/ensemble/202609/03_selected_log_architecture/heatflux_reference_SNR=-8/maxfreq=22kHz/e200_active_rf-ctf-alex_ed198_rf-cnntf_v2__cmp/wav_eval/wav_metrics_-8.csv
20260903_selected_log_architecture,2025.06.18_0.3_3,maxfreq=22kHz,-8,source_wav_pooled_oof,ensemble__simple_equal,median,18,1,claim-safe ensemble strategy,0.96488783924214172,51026.170972032814,37018.263836690006,0.93592119823809283,41313.374263635291,26979.81976250001,47415.734699999972,47415.734699999972,1,1,1,0.94444444444444442,1,0.875,0.93333333333333335,0.9375,Pool_boiling/Subcooling_20_degrees/0.3/2025.06.18_0.3_3/regression_result/npy/ensemble/202609/03_selected_log_architecture/heatflux_reference_SNR=-8/maxfreq=22kHz/e200_active_rf-ctf-alex_ed198_rf-cnntf_v2__cmp/wav_eval/wav_metrics_-8.csv
20260903_selected_log_architecture,2025.06.18_0.3_3,maxfreq=22kHz,-8,source_wav_pooled_oof,ensemble__prediction_max,median,18,1,claim-safe ensemble strategy,0.93662060837320549,68554.857879169809,50653.05570752333,0.94106658598005721,39619.982246468047,34286.629687500012,13906.71385,13906.71385,1,1,1,0.94444444444444442,1,0.875,0.93333333333333335,0.9375,Pool_boiling/Subcooling_20_degrees/0.3/2025.06.18_0.3_3/regression_result/npy/ensemble/202609/03_selected_log_architecture/heatflux_reference_SNR=-8/maxfreq=22kHz/e200_active_rf-ctf-alex_ed198_rf-cnntf_v2__cmp/wav_eval/wav_metrics_-8.csv
20260903_selected_log_architecture,2025.06.18_0.3_3,maxfreq=22kHz,-8,source_wav_pooled_oof,ensemble__inner_holdout,median,18,0,legacy sample-level inner holdout; source-WAV leakage,0.96240028292937319,52802.743777289914,36147.965606967788,0.92709467588287076,44066.960762074465,28335.413693750015,48897.359699999972,48897.359699999972,1,1,1,0.94444444444444442,1,0.875,0.93333333333333335,0.9375,Pool_boiling/Subcooling_20_degrees/0.3/2025.06.18_0.3_3/regression_result/npy/ensemble/202609/03_selected_log_architecture/heatflux_reference_SNR=-8/maxfreq=22kHz/e200_active_rf-ctf-alex_ed198_rf-cnntf_v2__cmp/wav_eval/wav_metrics_-8.csv
20260903_selected_log_architecture,2025.06.18_0.3_3,maxfreq=22kHz,-8,source_wav_pooled_oof,ensemble__val_fold_legacy,median,18,0,outer-validation labels were used to choose weights,0.97501368677313249,43044.264535927352,29525.590826412223,0.95352756078166312,35182.865685535791,25040.200881250006,43532.282449999999,43532.282449999999,1,1,1,0.94444444444444442,1,0.875,0.93333333333333335,0.9375,Pool_boiling/Subcooling_20_degrees/0.3/2025.06.18_0.3_3/regression_result/npy/ensemble/202609/03_selected_log_architecture/heatflux_reference_SNR=-8/maxfreq=22kHz/e200_active_rf-ctf-alex_ed198_rf-cnntf_v2__cmp/wav_eval/wav_metrics_-8.csv
20260903_selected_log_architecture,2025.06.18_0.3_3,maxfreq=3kHz,-8,source_wav_pooled_oof,rf,median,18,1,outer-fold prediction,0.92347163522282905,75331.292442913065,61655.607697245563,0.88402080523905591,55580.637133350421,43444.526937499999,44347.916950000043,44347.916950000043,1,1,1,0.94444444444444442,1,0.875,0.93333333333333335,0.9375,Pool_boiling/Subcooling_20_degrees/0.3/2025.06.18_0.3_3/regression_result/npy/ensemble/202609/03_selected_log_architecture/heatflux_reference_SNR=-8/maxfreq=3kHz/e200_active_rf-ctf-alex_ed198_rf-cnntf_v2__cmp/wav_eval/wav_metrics_-8.csv
20260903_selected_log_architecture,2025.06.18_0.3_3,maxfreq=3kHz,-8,source_wav_pooled_oof,cnntf_v2_gap,median,18,1,outer-fold prediction,0.95175853287876644,59810.089919507984,44037.005313634443,0.93963491452967052,40098.339287866598,32527.90984375,9888.8798999999999,9888.8798999999999,1,1,1,1,1,1,1,1,Pool_boiling/Subcooling_20_degrees/0.3/2025.06.18_0.3_3/regression_result/npy/ensemble/202609/03_selected_log_architecture/heatflux_reference_SNR=-8/maxfreq=3kHz/e200_active_rf-ctf-alex_ed198_rf-cnntf_v2__cmp/wav_eval/wav_metrics_-8.csv
20260903_selected_log_architecture,2025.06.18_0.3_3,maxfreq=3kHz,-8,source_wav_pooled_oof,alexnet,median,18,1,outer-fold prediction,0.94434929736004269,64239.111838407473,48601.808384356664,0.89674311529900008,52443.659061502243,38270.165543750001,30016.776399999973,30016.776399999973,1,1,1,0.94444444444444442,1,0.875,0.93333333333333335,0.9375,Pool_boiling/Subcooling_20_degrees/0.3/2025.06.18_0.3_3/regression_result/npy/ensemble/202609/03_selected_log_architecture/heatflux_reference_SNR=-8/maxfreq=3kHz/e200_active_rf-ctf-alex_ed198_rf-cnntf_v2__cmp/wav_eval/wav_metrics_-8.csv
20260903_selected_log_architecture,2025.06.18_0.3_3,maxfreq=3kHz,-8,source_wav_pooled_oof,ensemble__simple_equal,median,18,1,claim-safe ensemble strategy,0.95011247939639887,60821.92507194358,43826.115774745551,0.94223992237670329,39223.591787728037,25871.174856249992,16617.812800000014,16617.812800000014,1,1,1,0.94444444444444442,1,0.875,0.93333333333333335,0.9375,Pool_boiling/Subcooling_20_degrees/0.3/2025.06.18_0.3_3/regression_result/npy/ensemble/202609/03_selected_log_architecture/heatflux_reference_SNR=-8/maxfreq=3kHz/e200_active_rf-ctf-alex_ed198_rf-cnntf_v2__cmp/wav_eval/wav_metrics_-8.csv
20260903_selected_log_architecture,2025.06.18_0.3_3,maxfreq=3kHz,-8,source_wav_pooled_oof,ensemble__prediction_max,median,18,1,claim-safe ensemble strategy,0.93592353857816446,68930.82269186544,53955.860352523334,0.90707801551834133,49749.957539585906,44666.429381249989,18736.645549999957,18736.645549999957,1,1,1,1,1,1,1,1,Pool_boiling/Subcooling_20_degrees/0.3/2025.06.18_0.3_3/regression_result/npy/ensemble/202609/03_selected_log_architecture/heatflux_reference_SNR=-8/maxfreq=3kHz/e200_active_rf-ctf-alex_ed198_rf-cnntf_v2__cmp/wav_eval/wav_metrics_-8.csv
20260903_selected_log_architecture,2025.06.18_0.3_3,maxfreq=3kHz,-8,source_wav_pooled_oof,ensemble__inner_holdout,median,18,0,legacy sample-level inner holdout; source-WAV leakage,0.94987469109449596,60966.706261040592,44355.576683634434,0.94237813181528962,39176.636194695551,26755.418068749976,10151.426999999967,10151.426999999967,1,1,1,0.94444444444444442,1,0.875,0.93333333333333335,0.9375,Pool_boiling/Subcooling_20_degrees/0.3/2025.06.18_0.3_3/regression_result/npy/ensemble/202609/03_selected_log_architecture/heatflux_reference_SNR=-8/maxfreq=3kHz/e200_active_rf-ctf-alex_ed198_rf-cnntf_v2__cmp/wav_eval/wav_metrics_-8.csv
20260903_selected_log_architecture,2025.06.18_0.3_3,maxfreq=3kHz,-8,source_wav_pooled_oof,ensemble__val_fold_legacy,median,18,0,outer-validation labels were used to choose weights,0.95362897191398843,58639.136192066733,41558.446550578905,0.94843824536091215,37059.309254189364,25346.205168750028,6383.2723000000115,6383.2723000000115,1,1,1,0.94444444444444442,1,0.875,0.93333333333333335,0.9375,Pool_boiling/Subcooling_20_degrees/0.3/2025.06.18_0.3_3/regression_result/npy/ensemble/202609/03_selected_log_architecture/heatflux_reference_SNR=-8/maxfreq=3kHz/e200_active_rf-ctf-alex_ed198_rf-cnntf_v2__cmp/wav_eval/wav_metrics_-8.csv
20260903_selected_log_architecture,2025.06.18_0.3_3,maxfreq=5kHz,-8,source_wav_pooled_oof,rf,median,18,1,outer-fold prediction,0.91769996719333924,78120.354600012943,64357.289180301101,0.87717214828392609,57198.139726936635,45206.75898749999,51033.7451,51033.7451,1,1,1,0.94444444444444442,1,0.875,0.93333333333333335,0.9375,Pool_boiling/Subcooling_20_degrees/0.3/2025.06.18_0.3_3/regression_result/npy/ensemble/202609/03_selected_log_architecture/heatflux_reference_SNR=-8/maxfreq=5kHz/e200_active_rf-ctf-alex_ed198_rf-cnntf_v2__cmp/wav_eval/wav_metrics_-8.csv
20260903_selected_log_architecture,2025.06.18_0.3_3,maxfreq=5kHz,-8,source_wav_pooled_oof,cnntf_v2_gap,median,18,1,outer-fold prediction,0.94540122385093572,63629.081736320637,46946.24225141223,0.95431030161153885,34885.312836315163,22104.71720625001,7003.5576000000001,7003.5576000000001,1,1,1,0.94444444444444442,1,0.875,0.93333333333333335,0.9375,Pool_boiling/Subcooling_20_degrees/0.3/2025.06.18_0.3_3/regression_result/npy/ensemble/202609/03_selected_log_architecture/heatflux_reference_SNR=-8/maxfreq=5kHz/e200_active_rf-ctf-alex_ed198_rf-cnntf_v2__cmp/wav_eval/wav_metrics_-8.csv
20260903_selected_log_architecture,2025.06.18_0.3_3,maxfreq=5kHz,-8,source_wav_pooled_oof,alexnet,median,18,1,outer-fold prediction,0.95486280137602919,57853.74841066324,46707.912181967782,0.85871603303994315,61345.105341219489,52356.84717500001,40256.479450000043,40256.479450000043,1,1,1,0.94444444444444442,1,0.875,0.93333333333333335,0.9375,Pool_boiling/Subcooling_20_degrees/0.3/2025.06.18_0.3_3/regression_result/npy/ensemble/202609/03_selected_log_architecture/heatflux_reference_SNR=-8/maxfreq=5kHz/e200_active_rf-ctf-alex_ed198_rf-cnntf_v2__cmp/wav_eval/wav_metrics_-8.csv
20260903_selected_log_architecture,2025.06.18_0.3_3,maxfreq=5kHz,-8,source_wav_pooled_oof,ensemble__simple_equal,median,18,1,claim-safe ensemble strategy,0.9503094425243549,60701.739460009296,45468.295984745564,0.92959143986280224,43305.814158176698,27904.674462500006,33039.474250000028,33039.474250000028,1,1,1,0.94444444444444442,1,0.875,0.93333333333333335,0.9375,Pool_boiling/Subcooling_20_degrees/0.3/2025.06.18_0.3_3/regression_result/npy/ensemble/202609/03_selected_log_architecture/heatflux_reference_SNR=-8/maxfreq=5kHz/e200_active_rf-ctf-alex_ed198_rf-cnntf_v2__cmp/wav_eval/wav_metrics_-8.csv
20260903_selected_log_architecture,2025.06.18_0.3_3,maxfreq=5kHz,-8,source_wav_pooled_oof,ensemble__prediction_max,median,18,1,claim-safe ensemble strategy,0.93636905353789524,68690.771364791726,50781.150065023321,0.9233767150618355,45176.632975030181,35314.353212499991,1674.4111499999999,1674.4111499999999,1,1,1,1,1,1,1,1,Pool_boiling/Subcooling_20_degrees/0.3/2025.06.18_0.3_3/regression_result/npy/ensemble/202609/03_selected_log_architecture/heatflux_reference_SNR=-8/maxfreq=5kHz/e200_active_rf-ctf-alex_ed198_rf-cnntf_v2__cmp/wav_eval/wav_metrics_-8.csv
20260903_selected_log_architecture,2025.06.18_0.3_3,maxfreq=5kHz,-8,source_wav_pooled_oof,ensemble__inner_holdout,median,18,0,legacy sample-level inner holdout; source-WAV leakage,0.95343590013827917,58761.08520193486,42985.558218356666,0.93500833978279507,41606.606156818314,23845.923362500005,26113.195799999987,26113.195799999987,1,1,1,0.94444444444444442,1,0.875,0.93333333333333335,0.9375,Pool_boiling/Subcooling_20_degrees/0.3/2025.06.18_0.3_3/regression_result/npy/ensemble/202609/03_selected_log_architecture/heatflux_reference_SNR=-8/maxfreq=5kHz/e200_active_rf-ctf-alex_ed198_rf-cnntf_v2__cmp/wav_eval/wav_metrics_-8.csv
20260903_selected_log_architecture,2025.06.18_0.3_3,maxfreq=5kHz,-8,source_wav_pooled_oof,ensemble__val_fold_legacy,median,18,0,outer-validation labels were used to choose weights,0.95425406252109923,58242.561619217195,42912.829388634447,0.93310984223570048,42209.925579636889,25476.798881249997,28300.881850000005,28300.881850000005,1,1,1,0.94444444444444442,1,0.875,0.93333333333333335,0.9375,Pool_boiling/Subcooling_20_degrees/0.3/2025.06.18_0.3_3/regression_result/npy/ensemble/202609/03_selected_log_architecture/heatflux_reference_SNR=-8/maxfreq=5kHz/e200_active_rf-ctf-alex_ed198_rf-cnntf_v2__cmp/wav_eval/wav_metrics_-8.csv
20260903_selected_log_architecture,2025.06.18_0.3_3,maxfreq=10kHz,0,source_wav_pooled_oof,rf,median,18,1,outer-fold prediction,0.91595143917132404,78945.856794434905,61040.079643912213,0.86363351535548016,60268.072059112164,49865.573818749988,68528.791999999958,68528.791999999958,1,1,1,0.94444444444444442,1,0.875,0.93333333333333335,0.9375,Pool_boiling/Subcooling_20_degrees/0.3/2025.06.18_0.3_3/regression_result/npy/ensemble/202609/03_selected_log_architecture/heatflux_reference_SNR=0/maxfreq=10kHz/e200_active_rf-ctf-alex_ed198_rf-cnntf_v2__cmp/wav_eval/wav_metrics_0.csv
20260903_selected_log_architecture,2025.06.18_0.3_3,maxfreq=10kHz,0,source_wav_pooled_oof,cnntf_v2_gap,median,18,1,outer-fold prediction,0.95796327086516742,55831.418231936033,39560.199564190007,0.92930643312305117,43393.374419675369,34555.551193750005,43905.073200000043,43905.073200000043,1,1,1,0.94444444444444442,1,0.875,0.93333333333333335,0.9375,Pool_boiling/Subcooling_20_degrees/0.3/2025.06.18_0.3_3/regression_result/npy/ensemble/202609/03_selected_log_architecture/heatflux_reference_SNR=0/maxfreq=10kHz/e200_active_rf-ctf-alex_ed198_rf-cnntf_v2__cmp/wav_eval/wav_metrics_0.csv
20260903_selected_log_architecture,2025.06.18_0.3_3,maxfreq=10kHz,0,source_wav_pooled_oof,alexnet,median,18,1,outer-fold prediction,0.95314241154914803,58945.976769453606,44484.093212940003,0.84539680728269151,64171.576021224086,51804.759293750001,88654.58885,88654.58885,1,1,1,0.94444444444444442,1,0.875,0.93333333333333335,0.9375,Pool_boiling/Subcooling_20_degrees/0.3/2025.06.18_0.3_3/regression_result/npy/ensemble/202609/03_selected_log_architecture/heatflux_reference_SNR=0/maxfreq=10kHz/e200_active_rf-ctf-alex_ed198_rf-cnntf_v2__cmp/wav_eval/wav_metrics_0.csv
20260903_selected_log_architecture,2025.06.18_0.3_3,maxfreq=10kHz,0,source_wav_pooled_oof,ensemble__simple_equal,median,18,1,claim-safe ensemble strategy,0.95990543971252784,54526.41306880601,38598.072812245548,0.91334077943530567,48044.18887117711,32031.627856249987,68251.65135,68251.65135,1,1,1,0.94444444444444442,1,0.875,0.93333333333333335,0.9375,Pool_boiling/Subcooling_20_degrees/0.3/2025.06.18_0.3_3/regression_result/npy/ensemble/202609/03_selected_log_architecture/heatflux_reference_SNR=0/maxfreq=10kHz/e200_active_rf-ctf-alex_ed198_rf-cnntf_v2__cmp/wav_eval/wav_metrics_0.csv
20260903_selected_log_architecture,2025.06.18_0.3_3,maxfreq=10kHz,0,source_wav_pooled_oof,ensemble__prediction_max,median,18,1,claim-safe ensemble strategy,0.92365108893739833,75242.917272661376,52599.565948912234,0.91839870845000382,46621.043790295749,39410.42423750001,22144.666950000043,22144.666950000043,1,1,1,0.94444444444444442,1,0.875,0.93333333333333335,0.9375,Pool_boiling/Subcooling_20_degrees/0.3/2025.06.18_0.3_3/regression_result/npy/ensemble/202609/03_selected_log_architecture/heatflux_reference_SNR=0/maxfreq=10kHz/e200_active_rf-ctf-alex_ed198_rf-cnntf_v2__cmp/wav_eval/wav_metrics_0.csv
20260903_selected_log_architecture,2025.06.18_0.3_3,maxfreq=10kHz,0,source_wav_pooled_oof,ensemble__inner_holdout,median,18,0,legacy sample-level inner holdout; source-WAV leakage,0.96012881509483572,54374.31176319017,38250.876556412237,0.91394485873037579,47876.444148132374,32455.764237500029,65107.262799999968,65107.262799999968,1,1,1,0.94444444444444442,1,0.875,0.93333333333333335,0.9375,Pool_boiling/Subcooling_20_degrees/0.3/2025.06.18_0.3_3/regression_result/npy/ensemble/202609/03_selected_log_architecture/heatflux_reference_SNR=0/maxfreq=10kHz/e200_active_rf-ctf-alex_ed198_rf-cnntf_v2__cmp/wav_eval/wav_metrics_0.csv
20260903_selected_log_architecture,2025.06.18_0.3_3,maxfreq=10kHz,0,source_wav_pooled_oof,ensemble__val_fold_legacy,median,18,0,outer-validation labels were used to choose weights,0.96786837298197437,48812.444824133061,31956.682594190002,0.93418180717139132,41870.336688695279,24851.014881250012,54061.968099999998,54061.968099999998,1,1,1,0.94444444444444442,1,0.875,0.93333333333333335,0.9375,Pool_boiling/Subcooling_20_degrees/0.3/2025.06.18_0.3_3/regression_result/npy/ensemble/202609/03_selected_log_architecture/heatflux_reference_SNR=0/maxfreq=10kHz/e200_active_rf-ctf-alex_ed198_rf-cnntf_v2__cmp/wav_eval/wav_metrics_0.csv
20260903_selected_log_architecture,2025.06.18_0.3_3,maxfreq=15kHz,0,source_wav_pooled_oof,rf,median,18,1,outer-fold prediction,0.93184873180214389,71088.79827059948,57731.926416689996,0.87057896451796246,58713.221684772288,47695.343349999988,57724.213899999973,57724.213899999973,1,1,1,0.94444444444444442,1,0.875,0.93333333333333335,0.9375,Pool_boiling/Subcooling_20_degrees/0.3/2025.06.18_0.3_3/regression_result/npy/ensemble/202609/03_selected_log_architecture/heatflux_reference_SNR=0/maxfreq=15kHz/e200_active_rf-ctf-alex_ed198_rf-cnntf_v2__cmp/wav_eval/wav_metrics_0.csv
20260903_selected_log_architecture,2025.06.18_0.3_3,maxfreq=15kHz,0,source_wav_pooled_oof,cnntf_v2_gap,median,18,1,outer-fold prediction,0.95597972666669218,57133.465723361565,43717.269583662222,0.95790583905757354,33484.545228068615,30429.074631250005,36802.291950000043,36802.291950000043,1,1,1,0.94444444444444442,1,0.875,0.93333333333333335,0.9375,Pool_boiling/Subcooling_20_degrees/0.3/2025.06.18_0.3_3/regression_result/npy/ensemble/202609/03_selected_log_architecture/heatflux_reference_SNR=0/maxfreq=15kHz/e200_active_rf-ctf-alex_ed198_rf-cnntf_v2__cmp/wav_eval/wav_metrics_0.csv
20260903_selected_log_architecture,2025.06.18_0.3_3,maxfreq=15kHz,0,source_wav_pooled_oof,alexnet,median,18,1,outer-fold prediction,0.95443152580531088,58129.480978432381,45896.399549615002,0.83236646223199162,66821.147839997429,52329.032725000005,99861.5576,99861.5576,1,1,1,0.94444444444444442,1,0.875,0.93333333333333335,0.9375,Pool_boiling/Subcooling_20_degrees/0.3/2025.06.18_0.3_3/regression_result/npy/ensemble/202609/03_selected_log_architecture/heatflux_reference_SNR=0/maxfreq=15kHz/e200_active_rf-ctf-alex_ed198_rf-cnntf_v2__cmp/wav_eval/wav_metrics_0.csv
20260903_selected_log_architecture,2025.06.18_0.3_3,maxfreq=15kHz,0,source_wav_pooled_oof,ensemble__simple_equal,median,18,1,claim-safe ensemble strategy,0.96374730169021428,51848.281961689092,37503.470995023345,0.92005112233098929,46146.595064892783,30257.733968750006,68772.625349999988,68772.625349999988,1,1,1,0.94444444444444442,1,0.875,0.93333333333333335,0.9375,Pool_boiling/Subcooling_20_degrees/0.3/2025.06.18_0.3_3/regression_result/npy/ensemble/202609/03_selected_log_architecture/heatflux_reference_SNR=0/maxfreq=15kHz/e200_active_rf-ctf-alex_ed198_rf-cnntf_v2__cmp/wav_eval/wav_metrics_0.csv
20260903_selected_log_architecture,2025.06.18_0.3_3,maxfreq=15kHz,0,source_wav_pooled_oof,ensemble__prediction_max,median,18,1,claim-safe ensemble strategy,0.94232530505792056,65396.853743616834,52960.868716412231,0.9306024589496068,42993.7688839162,40197.381275,32001.104499999958,32001.104499999958,1,1,1,0.94444444444444442,1,0.875,0.93333333333333335,0.9375,Pool_boiling/Subcooling_20_degrees/0.3/2025.06.18_0.3_3/regression_result/npy/ensemble/202609/03_selected_log_architecture/heatflux_reference_SNR=0/maxfreq=15kHz/e200_active_rf-ctf-alex_ed198_rf-cnntf_v2__cmp/wav_eval/wav_metrics_0.csv
20260903_selected_log_architecture,2025.06.18_0.3_3,maxfreq=15kHz,0,source_wav_pooled_oof,ensemble__inner_holdout,median,18,0,legacy sample-level inner holdout; source-WAV leakage,0.96085421620325762,53877.408542492434,38715.712927245564,0.90973064818668781,49034.713066702701,30418.266093750011,66992.184899999993,66992.184899999993,1,1,1,0.94444444444444442,1,0.875,0.93333333333333335,0.9375,Pool_boiling/Subcooling_20_degrees/0.3/2025.06.18_0.3_3/regression_result/npy/ensemble/202609/03_selected_log_architecture/heatflux_reference_SNR=0/maxfreq=15kHz/e200_active_rf-ctf-alex_ed198_rf-cnntf_v2__cmp/wav_eval/wav_metrics_0.csv
20260903_selected_log_architecture,2025.06.18_0.3_3,maxfreq=15kHz,0,source_wav_pooled_oof,ensemble__val_fold_legacy,median,18,0,outer-validation labels were used to choose weights,0.97133812418609788,46101.653979531191,32475.238416412212,0.93859281448816256,40442.972926067843,24216.146781249976,60544.204650000029,60544.204650000029,1,1,1,0.94444444444444442,1,0.875,0.93333333333333335,0.9375,Pool_boiling/Subcooling_20_degrees/0.3/2025.06.18_0.3_3/regression_result/npy/ensemble/202609/03_selected_log_architecture/heatflux_reference_SNR=0/maxfreq=15kHz/e200_active_rf-ctf-alex_ed198_rf-cnntf_v2__cmp/wav_eval/wav_metrics_0.csv
20260903_selected_log_architecture,2025.06.18_0.3_3,maxfreq=22kHz,0,source_wav_pooled_oof,rf,median,18,1,outer-fold prediction,0.94014429348162565,66621.895131674493,53579.979567245551,0.86872938241888475,59131.274605259423,49813.544518749994,57075.8076,57075.8076,1,1,1,0.94444444444444442,1,0.875,0.93333333333333335,0.9375,Pool_boiling/Subcooling_20_degrees/0.3/2025.06.18_0.3_3/regression_result/npy/ensemble/202609/03_selected_log_architecture/heatflux_reference_SNR=0/maxfreq=22kHz/e200_active_rf-ctf-alex_ed198_rf-cnntf_v2__cmp/wav_eval/wav_metrics_0.csv
20260903_selected_log_architecture,2025.06.18_0.3_3,maxfreq=22kHz,0,source_wav_pooled_oof,cnntf_v2_gap,median,18,1,outer-fold prediction,0.95117704258693381,60169.477925141269,40497.037346412224,0.94223516259300422,39225.207886376375,33633.47111875,48535.448249999958,48535.448249999958,1,1,1,0.94444444444444442,1,0.875,0.93333333333333335,0.9375,Pool_boiling/Subcooling_20_degrees/0.3/2025.06.18_0.3_3/regression_result/npy/ensemble/202609/03_selected_log_architecture/heatflux_reference_SNR=0/maxfreq=22kHz/e200_active_rf-ctf-alex_ed198_rf-cnntf_v2__cmp/wav_eval/wav_metrics_0.csv
20260903_selected_log_architecture,2025.06.18_0.3_3,maxfreq=22kHz,0,source_wav_pooled_oof,alexnet,median,18,1,outer-fold prediction,0.96329330030678695,52171.92618617203,41986.785914939996,0.89227271551761855,53566.877651138595,41295.231949999994,70565.948249999958,70565.948249999958,1,1,1,0.94444444444444442,1,0.875,0.93333333333333335,0.9375,Pool_boiling/Subcooling_20_degrees/0.3/2025.06.18_0.3_3/regression_result/npy/ensemble/202609/03_selected_log_architecture/heatflux_reference_SNR=0/maxfreq=22kHz/e200_active_rf-ctf-alex_ed198_rf-cnntf_v2__cmp/wav_eval/wav_metrics_0.csv
20260903_selected_log_architecture,2025.06.18_0.3_3,maxfreq=22kHz,0,source_wav_pooled_oof,ensemble__simple_equal,median,18,1,claim-safe ensemble strategy,0.96787127142910367,48810.243200772777,33694.520500578903,0.93772440354864606,40727.938120015751,26841.980331250023,54454.864899999986,54454.864899999986,1,1,1,0.94444444444444442,1,0.875,0.93333333333333335,0.9375,Pool_boiling/Subcooling_20_degrees/0.3/2025.06.18_0.3_3/regression_result/npy/ensemble/202609/03_selected_log_architecture/heatflux_reference_SNR=0/maxfreq=22kHz/e200_active_rf-ctf-alex_ed198_rf-cnntf_v2__cmp/wav_eval/wav_metrics_0.csv
20260903_selected_log_architecture,2025.06.18_0.3_3,maxfreq=22kHz,0,source_wav_pooled_oof,ensemble__prediction_max,median,18,1,claim-safe ensemble strategy,0.94327732121263708,64854.86626339842,48450.437919745556,0.92263384553748207,45395.100463016206,42324.207450000002,28382.823200000043,28382.823200000043,1,1,1,0.94444444444444442,1,0.875,0.93333333333333335,0.9375,Pool_boiling/Subcooling_20_degrees/0.3/2025.06.18_0.3_3/regression_result/npy/ensemble/202609/03_selected_log_architecture/heatflux_reference_SNR=0/maxfreq=22kHz/e200_active_rf-ctf-alex_ed198_rf-cnntf_v2__cmp/wav_eval/wav_metrics_0.csv
20260903_selected_log_architecture,2025.06.18_0.3_3,maxfreq=22kHz,0,source_wav_pooled_oof,ensemble__inner_holdout,median,18,0,legacy sample-level inner holdout; source-WAV leakage,0.96841642979720288,48394.366850440572,33563.478026967787,0.95101060507777779,36123.058466389964,25471.47170625002,50968.2353,50968.2353,1,1,1,0.94444444444444442,1,0.875,0.93333333333333335,0.9375,Pool_boiling/Subcooling_20_degrees/0.3/2025.06.18_0.3_3/regression_result/npy/ensemble/202609/03_selected_log_architecture/heatflux_reference_SNR=0/maxfreq=22kHz/e200_active_rf-ctf-alex_ed198_rf-cnntf_v2__cmp/wav_eval/wav_metrics_0.csv
20260903_selected_log_architecture,2025.06.18_0.3_3,maxfreq=22kHz,0,source_wav_pooled_oof,ensemble__val_fold_legacy,median,18,0,outer-validation labels were used to choose weights,0.97495550418372368,43094.351367538802,29871.081597245557,0.95480785211162145,34694.846292115704,22010.442506250009,51542.772850000008,51542.772850000008,1,1,1,0.94444444444444442,1,0.875,0.93333333333333335,0.9375,Pool_boiling/Subcooling_20_degrees/0.3/2025.06.18_0.3_3/regression_result/npy/ensemble/202609/03_selected_log_architecture/heatflux_reference_SNR=0/maxfreq=22kHz/e200_active_rf-ctf-alex_ed198_rf-cnntf_v2__cmp/wav_eval/wav_metrics_0.csv
20260903_selected_log_architecture,2025.06.18_0.3_3,maxfreq=3kHz,0,source_wav_pooled_oof,rf,median,18,1,outer-fold prediction,0.915109113807136,79340.463896901885,62178.401123912226,0.86308585095197732,60388.972749965433,47019.288662499988,85238.541999999958,85238.541999999958,1,1,1,0.94444444444444442,1,0.875,0.93333333333333335,0.9375,Pool_boiling/Subcooling_20_degrees/0.3/2025.06.18_0.3_3/regression_result/npy/ensemble/202609/03_selected_log_architecture/heatflux_reference_SNR=0/maxfreq=3kHz/e200_active_rf-ctf-alex_ed198_rf-cnntf_v2__cmp/wav_eval/wav_metrics_0.csv
20260903_selected_log_architecture,2025.06.18_0.3_3,maxfreq=3kHz,0,source_wav_pooled_oof,cnntf_v2_gap,median,18,1,outer-fold prediction,0.95939984864717875,54869.124182828236,38337.247741134452,0.94655957482506792,37728.40354657315,29289.437912500005,2159.9013000000268,2159.9013000000268,1,1,1,0.94444444444444442,1,0.875,0.93333333333333335,0.9375,Pool_boiling/Subcooling_20_degrees/0.3/2025.06.18_0.3_3/regression_result/npy/ensemble/202609/03_selected_log_architecture/heatflux_reference_SNR=0/maxfreq=3kHz/e200_active_rf-ctf-alex_ed198_rf-cnntf_v2__cmp/wav_eval/wav_metrics_0.csv
20260903_selected_log_architecture,2025.06.18_0.3_3,maxfreq=3kHz,0,source_wav_pooled_oof,alexnet,median,18,1,outer-fold prediction,0.96260657199134236,52657.694679432141,43723.731519828892,0.89324560220749905,53324.447432250367,47421.686500000003,42408.948200000043,42408.948200000043,1,1,1,0.94444444444444442,1,0.875,0.93333333333333335,0.9375,Pool_boiling/Subcooling_20_degrees/0.3/2025.06.18_0.3_3/regression_result/npy/ensemble/202609/03_selected_log_architecture/heatflux_reference_SNR=0/maxfreq=3kHz/e200_active_rf-ctf-alex_ed198_rf-cnntf_v2__cmp/wav_eval/wav_metrics_0.csv
20260903_selected_log_architecture,2025.06.18_0.3_3,maxfreq=3kHz,0,source_wav_pooled_oof,ensemble__simple_equal,median,18,1,claim-safe ensemble strategy,0.96309481630877802,52312.790548344645,37826.182681412232,0.93862509616656176,40432.34111919158,29538.989293750019,39302.849250000028,39302.849250000028,1,1,1,0.94444444444444442,1,0.875,0.93333333333333335,0.9375,Pool_boiling/Subcooling_20_degrees/0.3/2025.06.18_0.3_3/regression_result/npy/ensemble/202609/03_selected_log_architecture/heatflux_reference_SNR=0/maxfreq=3kHz/e200_active_rf-ctf-alex_ed198_rf-cnntf_v2__cmp/wav_eval/wav_metrics_0.csv
20260903_selected_log_architecture,2025.06.18_0.3_3,maxfreq=3kHz,0,source_wav_pooled_oof,ensemble__prediction_max,median,18,1,claim-safe ensemble strategy,0.92525140056570232,74450.176491461563,56727.634554467782,0.91054789469796016,48812.242423302756,41525.629318750005,436.10445000004256,436.10445000004256,1,1,1,0.94444444444444442,1,0.875,0.93333333333333335,0.9375,Pool_boiling/Subcooling_20_degrees/0.3/2025.06.18_0.3_3/regression_result/npy/ensemble/202609/03_selected_log_architecture/heatflux_reference_SNR=0/maxfreq=3kHz/e200_active_rf-ctf-alex_ed198_rf-cnntf_v2__cmp/wav_eval/wav_metrics_0.csv
20260903_selected_log_architecture,2025.06.18_0.3_3,maxfreq=3kHz,0,source_wav_pooled_oof,ensemble__inner_holdout,median,18,0,legacy sample-level inner holdout; source-WAV leakage,0.96168859306732479,53300.128044672158,40436.719576412244,0.93979485582619293,40045.182449518143,30886.732037500027,33582.415399999998,33582.415399999998,1,1,1,0.94444444444444442,1,0.875,0.93333333333333335,0.9375,Pool_boiling/Subcooling_20_degrees/0.3/2025.06.18_0.3_3/regression_result/npy/ensemble/202609/03_selected_log_architecture/heatflux_reference_SNR=0/maxfreq=3kHz/e200_active_rf-ctf-alex_ed198_rf-cnntf_v2__cmp/wav_eval/wav_metrics_0.csv
20260903_selected_log_architecture,2025.06.18_0.3_3,maxfreq=3kHz,0,source_wav_pooled_oof,ensemble__val_fold_legacy,median,18,0,outer-validation labels were used to choose weights,0.96706410614391158,49419.566208984594,35357.650068078896,0.94617422055307665,37864.187328222368,26962.774081250005,19736.43465000001,19736.43465000001,1,1,1,0.94444444444444442,1,0.875,0.93333333333333335,0.9375,Pool_boiling/Subcooling_20_degrees/0.3/2025.06.18_0.3_3/regression_result/npy/ensemble/202609/03_selected_log_architecture/heatflux_reference_SNR=0/maxfreq=3kHz/e200_active_rf-ctf-alex_ed198_rf-cnntf_v2__cmp/wav_eval/wav_metrics_0.csv
20260903_selected_log_architecture,2025.06.18_0.3_3,maxfreq=5kHz,0,source_wav_pooled_oof,rf,median,18,1,outer-fold prediction,0.91983781462451375,77099.040979361424,61466.999215578893,0.86661811258707233,59604.892028840281,47806.394131249988,65616.323249999958,65616.323249999958,1,1,1,0.94444444444444442,1,0.875,0.93333333333333335,0.9375,Pool_boiling/Subcooling_20_degrees/0.3/2025.06.18_0.3_3/regression_result/npy/ensemble/202609/03_selected_log_architecture/heatflux_reference_SNR=0/maxfreq=5kHz/e200_active_rf-ctf-alex_ed198_rf-cnntf_v2__cmp/wav_eval/wav_metrics_0.csv
20260903_selected_log_architecture,2025.06.18_0.3_3,maxfreq=5kHz,0,source_wav_pooled_oof,cnntf_v2_gap,median,18,1,outer-fold prediction,0.96146189810654992,53457.588315666253,39394.980700856671,0.94988971920518661,36533.972243567048,30562.566818750005,54309.83885,54309.83885,1,1,1,0.94444444444444442,1,0.875,0.93333333333333335,0.9375,Pool_boiling/Subcooling_20_degrees/0.3/2025.06.18_0.3_3/regression_result/npy/ensemble/202609/03_selected_log_architecture/heatflux_reference_SNR=0/maxfreq=5kHz/e200_active_rf-ctf-alex_ed198_rf-cnntf_v2__cmp/wav_eval/wav_metrics_0.csv
20260903_selected_log_architecture,2025.06.18_0.3_3,maxfreq=5kHz,0,source_wav_pooled_oof,alexnet,median,18,1,outer-fold prediction,0.94455912561511401,64117.892251213976,54061.12307269001,0.85647793551198492,61829.084039738918,53653.474118750019,71192.354450000043,71192.354450000043,1,1,1,0.94444444444444442,1,0.875,0.93333333333333335,0.9375,Pool_boiling/Subcooling_20_degrees/0.3/2025.06.18_0.3_3/regression_result/npy/ensemble/202609/03_selected_log_architecture/heatflux_reference_SNR=0/maxfreq=5kHz/e200_active_rf-ctf-alex_ed198_rf-cnntf_v2__cmp/wav_eval/wav_metrics_0.csv
20260903_selected_log_architecture,2025.06.18_0.3_3,maxfreq=5kHz,0,source_wav_pooled_oof,ensemble__simple_equal,median,18,1,claim-safe ensemble strategy,0.95757527478630744,56088.486462636451,40720.687385301135,0.93013729930170952,43137.618115033205,28679.954393750035,57102.791999999958,57102.791999999958,1,1,1,0.94444444444444442,1,0.875,0.93333333333333335,0.9375,Pool_boiling/Subcooling_20_degrees/0.3/2025.06.18_0.3_3/regression_result/npy/ensemble/202609/03_selected_log_architecture/heatflux_reference_SNR=0/maxfreq=5kHz/e200_active_rf-ctf-alex_ed198_rf-cnntf_v2__cmp/wav_eval/wav_metrics_0.csv
20260903_selected_log_architecture,2025.06.18_0.3_3,maxfreq=5kHz,0,source_wav_pooled_oof,ensemble__prediction_max,median,18,1,claim-safe ensemble strategy,0.93236940048390782,70816.722060946151,55104.376093356666,0.92507178303681148,44674.137371322802,40559.523856249994,24567.073249999958,24567.073249999958,1,1,1,0.94444444444444442,1,0.875,0.93333333333333335,0.9375,Pool_boiling/Subcooling_20_degrees/0.3/2025.06.18_0.3_3/regression_result/npy/ensemble/202609/03_selected_log_architecture/heatflux_reference_SNR=0/maxfreq=5kHz/e200_active_rf-ctf-alex_ed198_rf-cnntf_v2__cmp/wav_eval/wav_metrics_0.csv
20260903_selected_log_architecture,2025.06.18_0.3_3,maxfreq=5kHz,0,source_wav_pooled_oof,ensemble__inner_holdout,median,18,0,legacy sample-level inner holdout; source-WAV leakage,0.95939655341116858,54871.350813016426,40913.468346690002,0.93880823014663117,40371.973877321703,28229.395256249998,56020.100199999986,56020.100199999986,1,1,1,0.94444444444444442,1,0.875,0.93333333333333335,0.9375,Pool_boiling/Subcooling_20_degrees/0.3/2025.06.18_0.3_3/regression_result/npy/ensemble/202609/03_selected_log_architecture/heatflux_reference_SNR=0/maxfreq=5kHz/e200_active_rf-ctf-alex_ed198_rf-cnntf_v2__cmp/wav_eval/wav_metrics_0.csv
20260903_selected_log_architecture,2025.06.18_0.3_3,maxfreq=5kHz,0,source_wav_pooled_oof,ensemble__val_fold_legacy,median,18,0,outer-validation labels were used to choose weights,0.96294428064429538,52419.373496806591,37868.726050023346,0.94540350620653901,38134.306500710431,25711.257418750021,53681.287500000035,53681.287500000035,1,1,1,0.94444444444444442,1,0.875,0.93333333333333335,0.9375,Pool_boiling/Subcooling_20_degrees/0.3/2025.06.18_0.3_3/regression_result/npy/ensemble/202609/03_selected_log_architecture/heatflux_reference_SNR=0/maxfreq=5kHz/e200_active_rf-ctf-alex_ed198_rf-cnntf_v2__cmp/wav_eval/wav_metrics_0.csv
20260908_selected_log_architecture,2025.06.18_0.3_3,maxfreq=22kHz,no_noise,source_wav_pooled_oof,rf,median,18,1,outer_GroupKFold_OOF,0.93451700353931699,69683.262210489818,56270.477831065007,0.85289621790602199,62595.829032217065,52485.441003124994,76180.4951,76180.4951,1,1,1,0.94444444444444442,1,0.875,0.93333333333333335,0.9375,Pool_boiling/Subcooling_20_degrees/0.3/2025.06.18_0.3_3/regression_result/npy/ensemble/202609/08_selected_log_architecture/heatflux_no_noise/maxfreq=22kHz/e300_active_rf-ctf-alex_ed198_rf-cnntf_v2__cmp/wav_eval/wav_metrics_no_noise.csv
20260908_selected_log_architecture,2025.06.18_0.3_3,maxfreq=22kHz,no_noise,source_wav_pooled_oof,cnntf_v2_gap,median,18,1,outer_GroupKFold_OOF,0.96880347340466855,48096.92630027316,33187.011162775074,0.95345630681231175,35209.827457681531,24197.632840625003,62790.916975,62790.916975,1,1,1,0.94444444444444442,1,0.875,0.93333333333333335,0.9375,Pool_boiling/Subcooling_20_degrees/0.3/2025.06.18_0.3_3/regression_result/npy/ensemble/202609/08_selected_log_architecture/heatflux_no_noise/maxfreq=22kHz/e300_active_rf-ctf-alex_ed198_rf-cnntf_v2__cmp/wav_eval/wav_metrics_no_noise.csv
20260908_selected_log_architecture,2025.06.18_0.3_3,maxfreq=22kHz,no_noise,source_wav_pooled_oof,alexnet,median,18,1,outer_GroupKFold_OOF,0.96706101347625473,49421.886393568071,40195.403901045473,0.88733313315381457,54781.205490543784,43425.448740625005,68423.104475,68423.104475,1,1,1,0.94444444444444442,1,0.875,0.93333333333333335,0.9375,Pool_boiling/Subcooling_20_degrees/0.3/2025.06.18_0.3_3/regression_result/npy/ensemble/202609/08_selected_log_architecture/heatflux_no_noise/maxfreq=22kHz/e300_active_rf-ctf-alex_ed198_rf-cnntf_v2__cmp/wav_eval/wav_metrics_no_noise.csv
20260908_selected_log_architecture,2025.06.18_0.3_3,maxfreq=22kHz,no_noise,source_wav_pooled_oof,ensemble__simple_equal,median,18,1,no_outer_validation_labels_used_for_weights,0.96808335459200967,48648.877173197943,35924.927022913238,0.92072811384933273,45950.799506289615,31143.926680208337,70527.906558333372,70527.906558333372,1,1,1,0.94444444444444442,1,0.875,0.93333333333333335,0.9375,Pool_boiling/Subcooling_20_degrees/0.3/2025.06.18_0.3_3/regression_result/npy/ensemble/202609/08_selected_log_architecture/heatflux_no_noise/maxfreq=22kHz/e300_active_rf-ctf-alex_ed198_rf-cnntf_v2__cmp/wav_eval/wav_metrics_no_noise.csv
20260908_selected_log_architecture,2025.06.18_0.3_3,maxfreq=22kHz,no_noise,source_wav_pooled_oof,ensemble__prediction_max,median,18,1,no_outer_validation_labels_used_for_weights,0.94702422917439089,62676.226898155976,45725.425894606669,0.92822672665894057,43723.493329283127,35454.18205625,45181.104475,45181.104475,1,1,1,0.94444444444444442,1,0.875,0.93333333333333335,0.9375,Pool_boiling/Subcooling_20_degrees/0.3/2025.06.18_0.3_3/regression_result/npy/ensemble/202609/08_selected_log_architecture/heatflux_no_noise/maxfreq=22kHz/e300_active_rf-ctf-alex_ed198_rf-cnntf_v2__cmp/wav_eval/wav_metrics_no_noise.csv
20260908_selected_log_architecture,2025.06.18_0.3_3,maxfreq=22kHz,no_noise,source_wav_pooled_oof,ensemble__inner_holdout,median,18,1,no_outer_validation_labels_used_for_weights,0.96955575649738823,47513.475065142513,34851.030429267412,0.92442144245753843,44867.593423665705,30479.925671571327,70951.894747114449,70951.894747114449,1,1,1,0.94444444444444442,1,0.875,0.93333333333333335,0.9375,Pool_boiling/Subcooling_20_degrees/0.3/2025.06.18_0.3_3/regression_result/npy/ensemble/202609/08_selected_log_architecture/heatflux_no_noise/maxfreq=22kHz/e300_active_rf-ctf-alex_ed198_rf-cnntf_v2__cmp/wav_eval/wav_metrics_no_noise.csv
20260903_selected_log_architecture,2025.07.09_0.3_1,maxfreq=10kHz,no_noise,source_wav_pooled_oof,rf,median,13,1,outer-fold prediction,0.47538272833973338,210067.6375879377,151689.20741053444,0.16650857893240123,135876.38175959254,105352.60375059498,94788.026832006522,94788.026832006522,1,0.83333333333333337,0.8806122448979592,0.69230769230769229,0.80000000000000004,0.5714285714285714,0.66666666666666663,0.70238095238095233,Pool_boiling/Subcooling_20_degrees/0.3/2025.07.09_0.3_1/regression_result/npy/ensemble/202609/03_selected_log_architecture/heatflux_no_noise/maxfreq=10kHz/e200_active_rf-ctf-alex_ed198_rf-cnntf_v2__cmp/wav_eval/wav_metrics_no_noise.csv
20260903_selected_log_architecture,2025.07.09_0.3_1,maxfreq=10kHz,no_noise,source_wav_pooled_oof,cnntf_v2_gap,median,13,1,outer-fold prediction,0.5789766399733427,188187.57918045984,133758.92023676418,0.27045393358281344,127121.72181613131,95625.899655735979,46936.629467993393,46936.629467993393,1,0.90476190476190477,0.93673469387755093,0.84615384615384615,1,0.7142857142857143,0.83333333333333337,0.85714285714285721,Pool_boiling/Subcooling_20_degrees/0.3/2025.07.09_0.3_1/regression_result/npy/ensemble/202609/03_selected_log_architecture/heatflux_no_noise/maxfreq=10kHz/e200_active_rf-ctf-alex_ed198_rf-cnntf_v2__cmp/wav_eval/wav_metrics_no_noise.csv
20260903_selected_log_architecture,2025.07.09_0.3_1,maxfreq=10kHz,no_noise,source_wav_pooled_oof,alexnet,median,13,1,outer-fold prediction,0.56289801294373287,191747.29655603747,143419.04155300272,-0.03382271801702097,151327.00690118779,118236.89728803615,24224.316967993393,24224.316967993393,1,0.88095238095238104,0.90873015873015861,0.76923076923076927,1,0.5714285714285714,0.72727272727272729,0.7857142857142857,Pool_boiling/Subcooling_20_degrees/0.3/2025.07.09_0.3_1/regression_result/npy/ensemble/202609/03_selected_log_architecture/heatflux_no_noise/maxfreq=10kHz/e200_active_rf-ctf-alex_ed198_rf-cnntf_v2__cmp/wav_eval/wav_metrics_no_noise.csv
20260903_selected_log_architecture,2025.07.09_0.3_1,maxfreq=10kHz,no_noise,source_wav_pooled_oof,ensemble__simple_equal,median,13,1,claim-safe ensemble strategy,0.54336968698429799,195983.82447751678,138238.90873784208,0.14948987648121281,137256.57264781758,97680.689314880685,3018.0424320065649,3018.0424320065649,1,0.88095238095238093,0.9129251700680272,0.69230769230769229,1,0.42857142857142855,0.59999999999999998,0.7142857142857143,Pool_boiling/Subcooling_20_degrees/0.3/2025.07.09_0.3_1/regression_result/npy/ensemble/202609/03_selected_log_architecture/heatflux_no_noise/maxfreq=10kHz/e200_active_rf-ctf-alex_ed198_rf-cnntf_v2__cmp/wav_eval/wav_metrics_no_noise.csv
20260903_selected_log_architecture,2025.07.09_0.3_1,maxfreq=10kHz,no_noise,source_wav_pooled_oof,ensemble__prediction_max,median,13,1,claim-safe ensemble strategy,0.51672293383743872,201621.08721152868,131912.7566160245,0.48453254661438749,106854.79884333363,79472.879570021687,49139.723217993393,49139.723217993393,1,0.9285714285714286,0.947845804988662,0.76923076923076927,0.75,0.8571428571428571,0.80000000000000004,0.76190476190476208,Pool_boiling/Subcooling_20_degrees/0.3/2025.07.09_0.3_1/regression_result/npy/ensemble/202609/03_selected_log_architecture/heatflux_no_noise/maxfreq=10kHz/e200_active_rf-ctf-alex_ed198_rf-cnntf_v2__cmp/wav_eval/wav_metrics_no_noise.csv
20260903_selected_log_architecture,2025.07.09_0.3_1,maxfreq=10kHz,no_noise,source_wav_pooled_oof,ensemble__inner_holdout,median,13,0,legacy sample-level inner holdout; source-WAV leakage,0.55618697409451023,193213.68408755068,137152.6526136873,0.18643389161183144,134242.43795891516,97900.684120021688,25348.739167993423,25348.739167993423,1,0.90476190476190488,0.92403628117913827,0.76923076923076927,1,0.5714285714285714,0.72727272727272729,0.7857142857142857,Pool_boiling/Subcooling_20_degrees/0.3/2025.07.09_0.3_1/regression_result/npy/ensemble/202609/03_selected_log_architecture/heatflux_no_noise/maxfreq=10kHz/e200_active_rf-ctf-alex_ed198_rf-cnntf_v2__cmp/wav_eval/wav_metrics_no_noise.csv
20260903_selected_log_architecture,2025.07.09_0.3_1,maxfreq=10kHz,no_noise,source_wav_pooled_oof,ensemble__val_fold_legacy,median,13,0,outer-validation labels were used to choose weights,0.54646677371473174,195318.06533296424,137220.5601175334,0.16722947348224482,135817.60866981064,95819.287377164554,508.73476799344644,508.73476799344644,1,0.90476190476190488,0.92403628117913827,0.76923076923076927,1,0.5714285714285714,0.72727272727272729,0.7857142857142857,Pool_boiling/Subcooling_20_degrees/0.3/2025.07.09_0.3_1/regression_result/npy/ensemble/202609/03_selected_log_architecture/heatflux_no_noise/maxfreq=10kHz/e200_active_rf-ctf-alex_ed198_rf-cnntf_v2__cmp/wav_eval/wav_metrics_no_noise.csv
20260903_selected_log_architecture,2025.07.09_0.3_1,maxfreq=15kHz,no_noise,source_wav_pooled_oof,rf,median,13,1,outer-fold prediction,0.47460989060220693,210222.31077531204,146000.44050946529,0.23247898295588332,130388.27651480296,99291.44289003803,72286.604932006565,72286.604932006565,1,0.85714285714285721,0.89172335600907027,0.61538461538461542,0.66666666666666663,0.5714285714285714,0.61538461538461542,0.61904761904761907,Pool_boiling/Subcooling_20_degrees/0.3/2025.07.09_0.3_1/regression_result/npy/ensemble/202609/03_selected_log_architecture/heatflux_no_noise/maxfreq=15kHz/e200_active_rf-ctf-alex_ed198_rf-cnntf_v2__cmp/wav_eval/wav_metrics_no_noise.csv
20260903_selected_log_architecture,2025.07.09_0.3_1,maxfreq=15kHz,no_noise,source_wav_pooled_oof,cnntf_v2_gap,median,13,1,outer-fold prediction,0.75659398340414097,143088.09893479143,108441.65123410622,0.80776264093347505,65254.775862334391,54321.419058656866,96015.886232006538,96015.886232006538,1,0.97619047619047628,0.98214285714285698,0.92307692307692313,1,0.8571428571428571,0.92307692307692313,0.9285714285714286,Pool_boiling/Subcooling_20_degrees/0.3/2025.07.09_0.3_1/regression_result/npy/ensemble/202609/03_selected_log_architecture/heatflux_no_noise/maxfreq=15kHz/e200_active_rf-ctf-alex_ed198_rf-cnntf_v2__cmp/wav_eval/wav_metrics_no_noise.csv
20260903_selected_log_architecture,2025.07.09_0.3_1,maxfreq=15kHz,no_noise,source_wav_pooled_oof,alexnet,median,13,1,outer-fold prediction,0.7199973368635626,153468.39109027488,109687.09137147541,0.75968189042239587,72960.307553697436,53789.562627561834,38235.839332006522,38235.839332006522,1,1,0.99999999999999978,0.92307692307692313,1,0.8571428571428571,0.92307692307692313,0.9285714285714286,Pool_boiling/Subcooling_20_degrees/0.3/2025.07.09_0.3_1/regression_result/npy/ensemble/202609/03_selected_log_architecture/heatflux_no_noise/maxfreq=15kHz/e200_active_rf-ctf-alex_ed198_rf-cnntf_v2__cmp/wav_eval/wav_metrics_no_noise.csv
20260903_selected_log_architecture,2025.07.09_0.3_1,maxfreq=15kHz,no_noise,source_wav_pooled_oof,ensemble__simple_equal,median,13,1,claim-safe ensemble strategy,0.68284848311660051,163331.99081242038,118202.66718313197,0.68920922928982709,82971.217569619708,63407.683156133273,74613.995582006522,74613.995582006522,1,0.97619047619047628,0.98214285714285698,0.92307692307692313,1,0.8571428571428571,0.92307692307692313,0.9285714285714286,Pool_boiling/Subcooling_20_degrees/0.3/2025.07.09_0.3_1/regression_result/npy/ensemble/202609/03_selected_log_architecture/heatflux_no_noise/maxfreq=15kHz/e200_active_rf-ctf-alex_ed198_rf-cnntf_v2__cmp/wav_eval/wav_metrics_no_noise.csv
20260903_selected_log_architecture,2025.07.09_0.3_1,maxfreq=15kHz,no_noise,source_wav_pooled_oof,ensemble__prediction_max,median,13,1,claim-safe ensemble strategy,0.56651928792807427,190951.35663247321,116813.73085937275,0.85207247668897135,57242.408626114622,48437.213701514003,32072.651832006522,32072.651832006522,1,0.95238095238095244,0.96825396825396814,0.76923076923076927,0.75,0.8571428571428571,0.80000000000000004,0.76190476190476208,Pool_boiling/Subcooling_20_degrees/0.3/2025.07.09_0.3_1/regression_result/npy/ensemble/202609/03_selected_log_architecture/heatflux_no_noise/maxfreq=15kHz/e200_active_rf-ctf-alex_ed198_rf-cnntf_v2__cmp/wav_eval/wav_metrics_no_noise.csv
20260903_selected_log_architecture,2025.07.09_0.3_1,maxfreq=15kHz,no_noise,source_wav_pooled_oof,ensemble__inner_holdout,median,13,0,legacy sample-level inner holdout; source-WAV leakage,0.73461665864496228,149408.28754581025,109346.88759141391,0.78952110840046652,68280.65531342545,53015.301208656856,87054.67568200652,87054.67568200652,1,0.97619047619047628,0.98214285714285698,0.92307692307692313,1,0.8571428571428571,0.92307692307692313,0.9285714285714286,Pool_boiling/Subcooling_20_degrees/0.3/2025.07.09_0.3_1/regression_result/npy/ensemble/202609/03_selected_log_architecture/heatflux_no_noise/maxfreq=15kHz/e200_active_rf-ctf-alex_ed198_rf-cnntf_v2__cmp/wav_eval/wav_metrics_no_noise.csv
20260903_selected_log_architecture,2025.07.09_0.3_1,maxfreq=15kHz,no_noise,source_wav_pooled_oof,ensemble__val_fold_legacy,median,13,0,outer-validation labels were used to choose weights,0.70901211787035634,156449.90759721812,113789.24272543966,0.74004141325219797,75883.174371337067,59371.632420418973,77765.483782006544,77765.483782006544,1,0.97619047619047628,0.98214285714285698,0.92307692307692313,1,0.8571428571428571,0.92307692307692313,0.9285714285714286,Pool_boiling/Subcooling_20_degrees/0.3/2025.07.09_0.3_1/regression_result/npy/ensemble/202609/03_selected_log_architecture/heatflux_no_noise/maxfreq=15kHz/e200_active_rf-ctf-alex_ed198_rf-cnntf_v2__cmp/wav_eval/wav_metrics_no_noise.csv
20260903_selected_log_architecture,2025.07.09_0.3_1,maxfreq=22kHz,no_noise,source_wav_pooled_oof,rf,median,13,1,outer-fold prediction,0.47386204322352277,210371.87421000458,148186.50338861134,0.15923188806564625,136468.21856431139,103825.16177916642,88569.995532006607,88569.995532006607,1,0.83333333333333337,0.8806122448979592,0.69230769230769229,0.80000000000000004,0.5714285714285714,0.66666666666666663,0.70238095238095233,Pool_boiling/Subcooling_20_degrees/0.3/2025.07.09_0.3_1/regression_result/npy/ensemble/202609/03_selected_log_architecture/heatflux_no_noise/maxfreq=22kHz/e200_active_rf-ctf-alex_ed198_rf-cnntf_v2__cmp/wav_eval/wav_metrics_no_noise.csv
20260903_selected_log_architecture,2025.07.09_0.3_1,maxfreq=22kHz,no_noise,source_wav_pooled_oof,cnntf_v2_gap,median,13,1,outer-fold prediction,0.83733094130327268,116974.26794482737,88906.031682849076,0.84682336307101302,58249.16063261767,43415.90909346503,42206.285667993478,42206.285667993478,1,1,0.99999999999999978,1,1,1,1,1,Pool_boiling/Subcooling_20_degrees/0.3/2025.07.09_0.3_1/regression_result/npy/ensemble/202609/03_selected_log_architecture/heatflux_no_noise/maxfreq=22kHz/e200_active_rf-ctf-alex_ed198_rf-cnntf_v2__cmp/wav_eval/wav_metrics_no_noise.csv
20260903_selected_log_architecture,2025.07.09_0.3_1,maxfreq=22kHz,no_noise,source_wav_pooled_oof,alexnet,median,13,1,outer-fold prediction,0.74983453628555297,145061.29022506109,108319.96509128482,0.71022540413151369,80116.79380312805,52656.813889845682,22479.270067993435,22479.270067993435,1,1,0.99999999999999978,1,1,1,1,1,Pool_boiling/Subcooling_20_degrees/0.3/2025.07.09_0.3_1/regression_result/npy/ensemble/202609/03_selected_log_architecture/heatflux_no_noise/maxfreq=22kHz/e200_active_rf-ctf-alex_ed198_rf-cnntf_v2__cmp/wav_eval/wav_metrics_no_noise.csv
20260903_selected_log_architecture,2025.07.09_0.3_1,maxfreq=22kHz,no_noise,source_wav_pooled_oof,ensemble__simple_equal,median,13,1,claim-safe ensemble strategy,0.71780259623342979,154068.68155622802,111508.10925361133,0.6807874882179864,84087.871474402244,57364.620114880709,7259.6622320065508,7259.6622320065508,1,1,0.99999999999999978,0.92307692307692313,1,0.8571428571428571,0.92307692307692313,0.9285714285714286,Pool_boiling/Subcooling_20_degrees/0.3/2025.07.09_0.3_1/regression_result/npy/ensemble/202609/03_selected_log_architecture/heatflux_no_noise/maxfreq=22kHz/e200_active_rf-ctf-alex_ed198_rf-cnntf_v2__cmp/wav_eval/wav_metrics_no_noise.csv
20260903_selected_log_architecture,2025.07.09_0.3_1,maxfreq=22kHz,no_noise,source_wav_pooled_oof,ensemble__prediction_max,median,13,1,claim-safe ensemble strategy,0.57467858026478758,189145.70610795246,115164.0352993875,0.83950799792738029,59623.862114766664,47133.625614893601,43864.785717993393,43864.785717993393,1,1,0.99999999999999978,0.92307692307692313,0.875,1,0.93333333333333335,0.91666666666666674,Pool_boiling/Subcooling_20_degrees/0.3/2025.07.09_0.3_1/regression_result/npy/ensemble/202609/03_selected_log_architecture/heatflux_no_noise/maxfreq=22kHz/e200_active_rf-ctf-alex_ed198_rf-cnntf_v2__cmp/wav_eval/wav_metrics_no_noise.csv
20260903_selected_log_architecture,2025.07.09_0.3_1,maxfreq=22kHz,no_noise,source_wav_pooled_oof,ensemble__inner_holdout,median,13,0,legacy sample-level inner holdout; source-WAV leakage,0.79783557867651,130403.79268178993,95086.380105720586,0.8181786240310317,63462.3100526161,41912.485806655,33720.258217993425,33720.258217993425,1,1,0.99999999999999978,1,1,1,1,1,Pool_boiling/Subcooling_20_degrees/0.3/2025.07.09_0.3_1/regression_result/npy/ensemble/202609/03_selected_log_architecture/heatflux_no_noise/maxfreq=22kHz/e200_active_rf-ctf-alex_ed198_rf-cnntf_v2__cmp/wav_eval/wav_metrics_no_noise.csv
20260903_selected_log_architecture,2025.07.09_0.3_1,maxfreq=22kHz,no_noise,source_wav_pooled_oof,ensemble__val_fold_legacy,median,13,0,outer-validation labels were used to choose weights,0.76510255326014942,140564.93860146074,101589.48658214879,0.77463074153724343,70654.649185896094,46814.670770021672,16179.224517993396,16179.224517993396,1,1,0.99999999999999978,1,1,1,1,1,Pool_boiling/Subcooling_20_degrees/0.3/2025.07.09_0.3_1/regression_result/npy/ensemble/202609/03_selected_log_architecture/heatflux_no_noise/maxfreq=22kHz/e200_active_rf-ctf-alex_ed198_rf-cnntf_v2__cmp/wav_eval/wav_metrics_no_noise.csv
20260903_selected_log_architecture,2025.07.09_0.3_1,maxfreq=3kHz,no_noise,source_wav_pooled_oof,rf,median,13,1,outer-fold prediction,0.4476887561243118,215540.95435782126,150717.53313091904,0.21015705713981436,132270.73827393583,101494.30017202356,89001.526782006607,89001.526782006607,1,0.83333333333333337,0.8806122448979592,0.61538461538461542,0.66666666666666663,0.5714285714285714,0.61538461538461542,0.61904761904761907,Pool_boiling/Subcooling_20_degrees/0.3/2025.07.09_0.3_1/regression_result/npy/ensemble/202609/03_selected_log_architecture/heatflux_no_noise/maxfreq=3kHz/e200_active_rf-ctf-alex_ed198_rf-cnntf_v2__cmp/wav_eval/wav_metrics_no_noise.csv
20260903_selected_log_architecture,2025.07.09_0.3_1,maxfreq=3kHz,no_noise,source_wav_pooled_oof,cnntf_v2_gap,median,13,1,outer-fold prediction,0.32664718622623035,237990.26839805444,160566.66346282951,-0.65234424050368656,191312.64319557525,99378.042512878819,2784.3950679934351,2784.3950679934351,1,0.80952380952380942,0.88095238095238093,0.76923076923076927,0.75,0.8571428571428571,0.80000000000000004,0.76190476190476208,Pool_boiling/Subcooling_20_degrees/0.3/2025.07.09_0.3_1/regression_result/npy/ensemble/202609/03_selected_log_architecture/heatflux_no_noise/maxfreq=3kHz/e200_active_rf-ctf-alex_ed198_rf-cnntf_v2__cmp/wav_eval/wav_metrics_no_noise.csv
20260903_selected_log_architecture,2025.07.09_0.3_1,maxfreq=3kHz,no_noise,source_wav_pooled_oof,alexnet,median,13,1,outer-fold prediction,0.39506589045378981,225575.48288273715,161033.81482368347,-0.82269375362668984,200932.53302316289,122368.81580946474,24898.879417993478,24898.879417993478,1,0.78571428571428559,0.85238095238095224,0.76923076923076927,0.75,0.8571428571428571,0.80000000000000004,0.76190476190476208,Pool_boiling/Subcooling_20_degrees/0.3/2025.07.09_0.3_1/regression_result/npy/ensemble/202609/03_selected_log_architecture/heatflux_no_noise/maxfreq=3kHz/e200_active_rf-ctf-alex_ed198_rf-cnntf_v2__cmp/wav_eval/wav_metrics_no_noise.csv
20260903_selected_log_architecture,2025.07.09_0.3_1,maxfreq=3kHz,no_noise,source_wav_pooled_oof,ensemble__simple_equal,median,13,1,claim-safe ensemble strategy,0.41011765344562712,222751.45974572428,152298.22199168446,-0.33577645314228488,172012.61502569809,103490.71892575233,15473.130982006551,15473.130982006551,1,0.80952380952380942,0.88095238095238093,0.76923076923076927,0.83333333333333337,0.7142857142857143,0.76923076923076927,0.77380952380952395,Pool_boiling/Subcooling_20_degrees/0.3/2025.07.09_0.3_1/regression_result/npy/ensemble/202609/03_selected_log_architecture/heatflux_no_noise/maxfreq=3kHz/e200_active_rf-ctf-alex_ed198_rf-cnntf_v2__cmp/wav_eval/wav_metrics_no_noise.csv
20260903_selected_log_architecture,2025.07.09_0.3_1,maxfreq=3kHz,no_noise,source_wav_pooled_oof,ensemble__prediction_max,median,13,1,claim-safe ensemble strategy,0.42793899871917351,219360.80445041772,148988.02282552182,0.48478474667533078,106828.65550132154,65370.680912878823,51684.004467993393,51684.004467993393,1,0.83333333333333337,0.8885281385281385,0.69230769230769229,0.66666666666666663,0.8571428571428571,0.75,0.6785714285714286,Pool_boiling/Subcooling_20_degrees/0.3/2025.07.09_0.3_1/regression_result/npy/ensemble/202609/03_selected_log_architecture/heatflux_no_noise/maxfreq=3kHz/e200_active_rf-ctf-alex_ed198_rf-cnntf_v2__cmp/wav_eval/wav_metrics_no_noise.csv
20260903_selected_log_architecture,2025.07.09_0.3_1,maxfreq=3kHz,no_noise,source_wav_pooled_oof,ensemble__inner_holdout,median,13,0,legacy sample-level inner holdout; source-WAV leakage,0.36816374045897426,230536.73166636832,154511.03698899219,-0.56003359688073262,185891.8639864694,105195.74886860947,6079.8168820065912,6079.8168820065912,1,0.80952380952380942,0.88095238095238093,0.69230769230769229,0.7142857142857143,0.7142857142857143,0.7142857142857143,0.69047619047619058,Pool_boiling/Subcooling_20_degrees/0.3/2025.07.09_0.3_1/regression_result/npy/ensemble/202609/03_selected_log_architecture/heatflux_no_noise/maxfreq=3kHz/e200_active_rf-ctf-alex_ed198_rf-cnntf_v2__cmp/wav_eval/wav_metrics_no_noise.csv
20260903_selected_log_architecture,2025.07.09_0.3_1,maxfreq=3kHz,no_noise,source_wav_pooled_oof,ensemble__val_fold_legacy,median,13,0,outer-validation labels were used to choose weights,0.43564891027390595,217877.58014627435,150813.99329899222,-0.189919779392554,162349.98331446727,102474.48624003805,30818.520782006555,30818.520782006555,1,0.80952380952380953,0.87662337662337664,0.76923076923076927,0.83333333333333337,0.7142857142857143,0.76923076923076927,0.77380952380952395,Pool_boiling/Subcooling_20_degrees/0.3/2025.07.09_0.3_1/regression_result/npy/ensemble/202609/03_selected_log_architecture/heatflux_no_noise/maxfreq=3kHz/e200_active_rf-ctf-alex_ed198_rf-cnntf_v2__cmp/wav_eval/wav_metrics_no_noise.csv
20260903_selected_log_architecture,2025.07.09_0.3_1,maxfreq=5kHz,no_noise,source_wav_pooled_oof,rf,median,13,1,outer-fold prediction,0.4772095012148494,209701.57977126946,147292.55025707287,0.22523545747275686,131002.10523179398,102998.34035059498,95656.323682006565,95656.323682006565,1,0.83333333333333337,0.8806122448979592,0.61538461538461542,0.66666666666666663,0.5714285714285714,0.61538461538461542,0.61904761904761907,Pool_boiling/Subcooling_20_degrees/0.3/2025.07.09_0.3_1/regression_result/npy/ensemble/202609/03_selected_log_architecture/heatflux_no_noise/maxfreq=5kHz/e200_active_rf-ctf-alex_ed198_rf-cnntf_v2__cmp/wav_eval/wav_metrics_no_noise.csv
20260903_selected_log_architecture,2025.07.09_0.3_1,maxfreq=5kHz,no_noise,source_wav_pooled_oof,cnntf_v2_gap,median,13,1,outer-fold prediction,0.42548840055262727,219830.15186932296,144591.10762909398,0.50286202984418127,104937.78038458539,77750.327219512852,26653.348217993393,26653.348217993393,1,0.83333333333333337,0.88571428571428568,0.69230769230769229,0.66666666666666663,0.8571428571428571,0.75,0.6785714285714286,Pool_boiling/Subcooling_20_degrees/0.3/2025.07.09_0.3_1/regression_result/npy/ensemble/202609/03_selected_log_architecture/heatflux_no_noise/maxfreq=5kHz/e200_active_rf-ctf-alex_ed198_rf-cnntf_v2__cmp/wav_eval/wav_metrics_no_noise.csv
20260903_selected_log_architecture,2025.07.09_0.3_1,maxfreq=5kHz,no_noise,source_wav_pooled_oof,alexnet,median,13,1,outer-fold prediction,0.55245327170349279,194024.71424066677,139667.89535649383,-0.2016007969411171,163144.90312300692,121263.93299517901,4019.5200679934351,4019.5200679934351,1,0.9285714285714286,0.95714285714285707,0.76923076923076927,1,0.5714285714285714,0.72727272727272729,0.7857142857142857,Pool_boiling/Subcooling_20_degrees/0.3/2025.07.09_0.3_1/regression_result/npy/ensemble/202609/03_selected_log_architecture/heatflux_no_noise/maxfreq=5kHz/e200_active_rf-ctf-alex_ed198_rf-cnntf_v2__cmp/wav_eval/wav_metrics_no_noise.csv
20260903_selected_log_architecture,2025.07.09_0.3_1,maxfreq=5kHz,no_noise,source_wav_pooled_oof,ensemble__simple_equal,median,13,1,claim-safe ensemble strategy,0.49311261871844936,206487.42053871299,137572.0406863332,0.22214916901370207,131262.77051716638,88367.419229166422,16644.375782006537,16644.375782006537,1,0.85714285714285721,0.89761904761904754,0.76923076923076927,0.83333333333333337,0.7142857142857143,0.76923076923076927,0.77380952380952395,Pool_boiling/Subcooling_20_degrees/0.3/2025.07.09_0.3_1/regression_result/npy/ensemble/202609/03_selected_log_architecture/heatflux_no_noise/maxfreq=5kHz/e200_active_rf-ctf-alex_ed198_rf-cnntf_v2__cmp/wav_eval/wav_metrics_no_noise.csv
20260903_selected_log_architecture,2025.07.09_0.3_1,maxfreq=5kHz,no_noise,source_wav_pooled_oof,ensemble__prediction_max,median,13,1,claim-safe ensemble strategy,0.41687761847471172,221471.43244580159,143831.12532104424,0.52630622921464176,102433.55452658258,75932.708912369999,30202.191917993478,30202.191917993478,1,0.83333333333333337,0.88571428571428568,0.69230769230769229,0.66666666666666663,0.8571428571428571,0.75,0.6785714285714286,Pool_boiling/Subcooling_20_degrees/0.3/2025.07.09_0.3_1/regression_result/npy/ensemble/202609/03_selected_log_architecture/heatflux_no_noise/maxfreq=5kHz/e200_active_rf-ctf-alex_ed198_rf-cnntf_v2__cmp/wav_eval/wav_metrics_no_noise.csv
20260903_selected_log_architecture,2025.07.09_0.3_1,maxfreq=5kHz,no_noise,source_wav_pooled_oof,ensemble__inner_holdout,median,13,0,legacy sample-level inner holdout; source-WAV leakage,0.49426875016153149,206251.80323164645,136091.46740171782,0.232576996092411,130379.95089785775,84582.260657737861,2541.809782006545,2541.809782006545,1,0.88095238095238093,0.9129251700680272,0.76923076923076927,0.83333333333333337,0.7142857142857143,0.76923076923076927,0.77380952380952395,Pool_boiling/Subcooling_20_degrees/0.3/2025.07.09_0.3_1/regression_result/npy/ensemble/202609/03_selected_log_architecture/heatflux_no_noise/maxfreq=5kHz/e200_active_rf-ctf-alex_ed198_rf-cnntf_v2__cmp/wav_eval/wav_metrics_no_noise.csv
20260903_selected_log_architecture,2025.07.09_0.3_1,maxfreq=5kHz,no_noise,source_wav_pooled_oof,ensemble__val_fold_legacy,median,13,0,outer-validation labels were used to choose weights,0.51119028560904334,202771.90127221728,136999.51907295638,0.25230384131036621,128693.31300382569,88636.993868609497,14906.633482006611,14906.633482006611,1,0.88095238095238093,0.9129251700680272,0.76923076923076927,0.83333333333333337,0.7142857142857143,0.76923076923076927,0.77380952380952395,Pool_boiling/Subcooling_20_degrees/0.3/2025.07.09_0.3_1/regression_result/npy/ensemble/202609/03_selected_log_architecture/heatflux_no_noise/maxfreq=5kHz/e200_active_rf-ctf-alex_ed198_rf-cnntf_v2__cmp/wav_eval/wav_metrics_no_noise.csv
20260903_selected_log_architecture,2025.07.09_0.3_1,maxfreq=10kHz,-12,source_wav_pooled_oof,rf,median,13,1,outer-fold prediction,0.44675154996792221,215723.75046156507,167549.59052041639,-0.45143216293573207,179304.74302332359,137193.05910059498,157320.44868200656,157320.44868200656,1,0.73809523809523814,0.83733766233766227,0.69230769230769229,0.80000000000000004,0.5714285714285714,0.66666666666666663,0.70238095238095233,Pool_boiling/Subcooling_20_degrees/0.3/2025.07.09_0.3_1/regression_result/npy/ensemble/202609/03_selected_log_architecture/heatflux_reference_SNR=-12/maxfreq=10kHz/e200_active_rf-ctf-alex_ed198_rf-cnntf_v2__cmp/wav_eval/wav_metrics_-12.csv
20260903_selected_log_architecture,2025.07.09_0.3_1,maxfreq=10kHz,-12,source_wav_pooled_oof,cnntf_v2_gap,median,13,1,outer-fold prediction,0.50115022927414676,204843.76411429144,144418.26300503177,0.5596013336533342,98768.032852859193,76002.059100594983,45043.698682006565,45043.698682006565,1,0.88095238095238104,0.90873015873015861,0.76923076923076927,0.83333333333333337,0.7142857142857143,0.76923076923076927,0.77380952380952395,Pool_boiling/Subcooling_20_degrees/0.3/2025.07.09_0.3_1/regression_result/npy/ensemble/202609/03_selected_log_architecture/heatflux_reference_SNR=-12/maxfreq=10kHz/e200_active_rf-ctf-alex_ed198_rf-cnntf_v2__cmp/wav_eval/wav_metrics_-12.csv
20260903_selected_log_architecture,2025.07.09_0.3_1,maxfreq=10kHz,-12,source_wav_pooled_oof,alexnet,median,13,1,outer-fold prediction,0.58514451022555813,186804.04663955534,153846.20102242409,-0.1741387450566092,161269.82557763834,141833.61699718088,171772.24558200652,171772.24558200652,1,0.90476190476190477,0.94805194805194781,0.69230769230769229,1,0.42857142857142855,0.59999999999999998,0.7142857142857143,Pool_boiling/Subcooling_20_degrees/0.3/2025.07.09_0.3_1/regression_result/npy/ensemble/202609/03_selected_log_architecture/heatflux_reference_SNR=-12/maxfreq=10kHz/e200_active_rf-ctf-alex_ed198_rf-cnntf_v2__cmp/wav_eval/wav_metrics_-12.csv
20260903_selected_log_architecture,2025.07.09_0.3_1,maxfreq=10kHz,-12,source_wav_pooled_oof,ensemble__simple_equal,median,13,1,claim-safe ensemble strategy,0.51292613498548989,202411.54169757207,156729.86636272405,0.01295666724298572,147863.68188580632,117867.7376791664,125577.89138200658,125577.89138200658,1,0.76190476190476186,0.84686147186147176,0.69230769230769229,1,0.42857142857142855,0.59999999999999998,0.7142857142857143,Pool_boiling/Subcooling_20_degrees/0.3/2025.07.09_0.3_1/regression_result/npy/ensemble/202609/03_selected_log_architecture/heatflux_reference_SNR=-12/maxfreq=10kHz/e200_active_rf-ctf-alex_ed198_rf-cnntf_v2__cmp/wav_eval/wav_metrics_-12.csv
20260903_selected_log_architecture,2025.07.09_0.3_1,maxfreq=10kHz,-12,source_wav_pooled_oof,ensemble__prediction_max,median,13,1,claim-safe ensemble strategy,0.46636049607691554,211866.28187044733,143646.09800082812,0.63189164981831114,90298.646585529568,69409.49212202357,39458.136132006592,39458.136132006592,1,0.88095238095238093,0.9129251700680272,0.76923076923076927,0.75,0.8571428571428571,0.80000000000000004,0.76190476190476208,Pool_boiling/Subcooling_20_degrees/0.3/2025.07.09_0.3_1/regression_result/npy/ensemble/202609/03_selected_log_architecture/heatflux_reference_SNR=-12/maxfreq=10kHz/e200_active_rf-ctf-alex_ed198_rf-cnntf_v2__cmp/wav_eval/wav_metrics_-12.csv
20260903_selected_log_architecture,2025.07.09_0.3_1,maxfreq=10kHz,-12,source_wav_pooled_oof,ensemble__inner_holdout,median,13,0,legacy sample-level inner holdout; source-WAV leakage,0.5207142785073573,200786.77520532376,155042.26937810867,0.042988461161342251,145596.85486628776,116129.46508630928,122363.14403200656,122363.14403200656,1,0.7857142857142857,0.8559523809523808,0.69230769230769229,1,0.42857142857142855,0.59999999999999998,0.7142857142857143,Pool_boiling/Subcooling_20_degrees/0.3/2025.07.09_0.3_1/regression_result/npy/ensemble/202609/03_selected_log_architecture/heatflux_reference_SNR=-12/maxfreq=10kHz/e200_active_rf-ctf-alex_ed198_rf-cnntf_v2__cmp/wav_eval/wav_metrics_-12.csv
20260903_selected_log_architecture,2025.07.09_0.3_1,maxfreq=10kHz,-12,source_wav_pooled_oof,ensemble__val_fold_legacy,median,13,0,outer-validation labels were used to choose weights,0.5429092893503793,196082.59995763097,150714.55586473184,0.10455314051149922,140835.88115459541,112836.70389718089,108212.63128200657,108212.63128200657,1,0.85714285714285721,0.89761904761904754,0.69230769230769229,1,0.42857142857142855,0.59999999999999998,0.7142857142857143,Pool_boiling/Subcooling_20_degrees/0.3/2025.07.09_0.3_1/regression_result/npy/ensemble/202609/03_selected_log_architecture/heatflux_reference_SNR=-12/maxfreq=10kHz/e200_active_rf-ctf-alex_ed198_rf-cnntf_v2__cmp/wav_eval/wav_metrics_-12.csv
20260903_selected_log_architecture,2025.07.09_0.3_1,maxfreq=15kHz,-12,source_wav_pooled_oof,rf,median,13,1,outer-fold prediction,0.41369246228186241,222075.47411308766,173006.47695503177,-0.45270166985557481,179383.14105848258,138547.92072202355,154029.66743200656,154029.66743200656,1,0.7142857142857143,0.80876623376623358,0.69230769230769229,0.80000000000000004,0.5714285714285714,0.66666666666666663,0.70238095238095233,Pool_boiling/Subcooling_20_degrees/0.3/2025.07.09_0.3_1/regression_result/npy/ensemble/202609/03_selected_log_architecture/heatflux_reference_SNR=-12/maxfreq=15kHz/e200_active_rf-ctf-alex_ed198_rf-cnntf_v2__cmp/wav_eval/wav_metrics_-12.csv
20260903_selected_log_architecture,2025.07.09_0.3_1,maxfreq=15kHz,-12,source_wav_pooled_oof,cnntf_v2_gap,median,13,1,outer-fold prediction,0.45570273363264502,213971.50222734275,160508.01750503172,0.2580943904214299,128194.01033344942,101520.33142202356,140470.69863200659,140470.69863200659,1,0.80952380952380953,0.87152133580704993,0.69230769230769229,0.80000000000000004,0.5714285714285714,0.66666666666666663,0.70238095238095233,Pool_boiling/Subcooling_20_degrees/0.3/2025.07.09_0.3_1/regression_result/npy/ensemble/202609/03_selected_log_architecture/heatflux_reference_SNR=-12/maxfreq=15kHz/e200_active_rf-ctf-alex_ed198_rf-cnntf_v2__cmp/wav_eval/wav_metrics_-12.csv
20260903_selected_log_architecture,2025.07.09_0.3_1,maxfreq=15kHz,-12,source_wav_pooled_oof,alexnet,median,13,1,outer-fold prediction,0.47483638193318589,210176.99334101568,174592.81129627029,-0.89516096843673498,204887.9693602644,176244.67279718092,237194.04243200656,237194.04243200656,1,0.76190476190476186,0.85009276437847858,0.69230769230769229,1,0.42857142857142855,0.59999999999999998,0.7142857142857143,Pool_boiling/Subcooling_20_degrees/0.3/2025.07.09_0.3_1/regression_result/npy/ensemble/202609/03_selected_log_architecture/heatflux_reference_SNR=-12/maxfreq=15kHz/e200_active_rf-ctf-alex_ed198_rf-cnntf_v2__cmp/wav_eval/wav_metrics_-12.csv
20260903_selected_log_architecture,2025.07.09_0.3_1,maxfreq=15kHz,-12,source_wav_pooled_oof,ensemble__simple_equal,median,13,1,claim-safe ensemble strategy,0.45898707863237898,213324.96253928237,169693.96152426244,-0.39968574024339731,176079.45104541664,141682.45717202354,188972.99033200656,188972.99033200656,1,0.7142857142857143,0.80876623376623358,0.69230769230769229,1,0.42857142857142855,0.59999999999999998,0.7142857142857143,Pool_boiling/Subcooling_20_degrees/0.3/2025.07.09_0.3_1/regression_result/npy/ensemble/202609/03_selected_log_architecture/heatflux_reference_SNR=-12/maxfreq=15kHz/e200_active_rf-ctf-alex_ed198_rf-cnntf_v2__cmp/wav_eval/wav_metrics_-12.csv
20260903_selected_log_architecture,2025.07.09_0.3_1,maxfreq=15kHz,-12,source_wav_pooled_oof,ensemble__prediction_max,median,13,1,claim-safe ensemble strategy,0.44829181665129914,215423.24921935177,155474.60975503171,0.36810617962075531,118308.36720085384,94244.733214880704,124305.26118200656,124305.26118200656,1,0.7857142857142857,0.85961657390228807,0.69230769230769229,0.80000000000000004,0.5714285714285714,0.66666666666666663,0.70238095238095233,Pool_boiling/Subcooling_20_degrees/0.3/2025.07.09_0.3_1/regression_result/npy/ensemble/202609/03_selected_log_architecture/heatflux_reference_SNR=-12/maxfreq=15kHz/e200_active_rf-ctf-alex_ed198_rf-cnntf_v2__cmp/wav_eval/wav_metrics_-12.csv
20260903_selected_log_architecture,2025.07.09_0.3_1,maxfreq=15kHz,-12,source_wav_pooled_oof,ensemble__inner_holdout,median,13,0,legacy sample-level inner holdout; source-WAV leakage,0.47361955002391953,210420.34806711128,167371.88877810867,-0.33018632727708175,171652.3076165253,137675.72939345214,186804.45268200658,186804.45268200658,1,0.76190476190476186,0.84686147186147176,0.69230769230769229,1,0.42857142857142855,0.59999999999999998,0.7142857142857143,Pool_boiling/Subcooling_20_degrees/0.3/2025.07.09_0.3_1/regression_result/npy/ensemble/202609/03_selected_log_architecture/heatflux_reference_SNR=-12/maxfreq=15kHz/e200_active_rf-ctf-alex_ed198_rf-cnntf_v2__cmp/wav_eval/wav_metrics_-12.csv
20260903_selected_log_architecture,2025.07.09_0.3_1,maxfreq=15kHz,-12,source_wav_pooled_oof,ensemble__val_fold_legacy,median,13,0,outer-validation labels were used to choose weights,0.47889544896757508,209363.17327174332,166257.10717426252,-0.36172792272826571,173675.50804679043,138942.40994345213,185201.82978200656,185201.82978200656,1,0.73809523809523814,0.83733766233766227,0.69230769230769229,1,0.42857142857142855,0.59999999999999998,0.7142857142857143,Pool_boiling/Subcooling_20_degrees/0.3/2025.07.09_0.3_1/regression_result/npy/ensemble/202609/03_selected_log_architecture/heatflux_reference_SNR=-12/maxfreq=15kHz/e200_active_rf-ctf-alex_ed198_rf-cnntf_v2__cmp/wav_eval/wav_metrics_-12.csv
20260903_selected_log_architecture,2025.07.09_0.3_1,maxfreq=22kHz,-12,source_wav_pooled_oof,rf,median,13,1,outer-fold prediction,0.41251886366687451,222297.62474173988,174543.00909733938,-0.4693817702301204,180410.05140796947,139836.6885791664,150033.54243200656,150033.54243200656,1,0.73809523809523814,0.83733766233766227,0.76923076923076927,1,0.5714285714285714,0.72727272727272729,0.7857142857142857,Pool_boiling/Subcooling_20_degrees/0.3/2025.07.09_0.3_1/regression_result/npy/ensemble/202609/03_selected_log_architecture/heatflux_reference_SNR=-12/maxfreq=22kHz/e200_active_rf-ctf-alex_ed198_rf-cnntf_v2__cmp/wav_eval/wav_metrics_-12.csv
20260903_selected_log_architecture,2025.07.09_0.3_1,maxfreq=22kHz,-12,source_wav_pooled_oof,cnntf_v2_gap,median,13,1,outer-fold prediction,-0.21563377616268387,319771.12021310237,245975.56077157849,-0.94528635657430704,207579.84194463925,144230.72070127426,170197.64506799344,170197.64506799344,1,0.90476190476190477,0.94805194805194781,0.61538461538461542,0.59999999999999998,0.8571428571428571,0.70588235294117652,0.59523809523809534,Pool_boiling/Subcooling_20_degrees/0.3/2025.07.09_0.3_1/regression_result/npy/ensemble/202609/03_selected_log_architecture/heatflux_reference_SNR=-12/maxfreq=22kHz/e200_active_rf-ctf-alex_ed198_rf-cnntf_v2__cmp/wav_eval/wav_metrics_-12.csv
20260903_selected_log_architecture,2025.07.09_0.3_1,maxfreq=22kHz,-12,source_wav_pooled_oof,alexnet,median,13,1,outer-fold prediction,0.12258492785385533,271669.20030690223,213223.50039348321,-1.7778459140511673,248054.71271782616,181242.66627414775,329712.94088200654,329712.94088200654,1,0.69047619047619047,0.82196969696969679,0.61538461538461542,0.66666666666666663,0.5714285714285714,0.61538461538461542,0.61904761904761907,Pool_boiling/Subcooling_20_degrees/0.3/2025.07.09_0.3_1/regression_result/npy/ensemble/202609/03_selected_log_architecture/heatflux_reference_SNR=-12/maxfreq=22kHz/e200_active_rf-ctf-alex_ed198_rf-cnntf_v2__cmp/wav_eval/wav_metrics_-12.csv
20260903_selected_log_architecture,2025.07.09_0.3_1,maxfreq=22kHz,-12,source_wav_pooled_oof,ensemble__simple_equal,median,13,1,claim-safe ensemble strategy,0.29172806027294151,244083.1937635506,186737.16349611798,-0.40463790040859493,176390.66509433309,130743.96179899041,103399.93823200656,103399.93823200656,1,0.7857142857142857,0.8559523809523808,0.53846153846153844,0.5714285714285714,0.5714285714285714,0.5714285714285714,0.5357142857142857,Pool_boiling/Subcooling_20_degrees/0.3/2025.07.09_0.3_1/regression_result/npy/ensemble/202609/03_selected_log_architecture/heatflux_reference_SNR=-12/maxfreq=22kHz/e200_active_rf-ctf-alex_ed198_rf-cnntf_v2__cmp/wav_eval/wav_metrics_-12.csv
20260903_selected_log_architecture,2025.07.09_0.3_1,maxfreq=22kHz,-12,source_wav_pooled_oof,ensemble__prediction_max,median,13,1,claim-safe ensemble strategy,0.047679621306143449,283027.99715690257,211122.4767873477,0.42871016145427976,112492.00466870111,93804.532639845667,170197.64506799344,170197.64506799344,1,0.90476190476190477,0.94805194805194781,0.61538461538461542,0.59999999999999998,0.8571428571428571,0.70588235294117652,0.59523809523809534,Pool_boiling/Subcooling_20_degrees/0.3/2025.07.09_0.3_1/regression_result/npy/ensemble/202609/03_selected_log_architecture/heatflux_reference_SNR=-12/maxfreq=22kHz/e200_active_rf-ctf-alex_ed198_rf-cnntf_v2__cmp/wav_eval/wav_metrics_-12.csv
20260903_selected_log_architecture,2025.07.09_0.3_1,maxfreq=22kHz,-12,source_wav_pooled_oof,ensemble__inner_holdout,median,13,0,legacy sample-level inner holdout; source-WAV leakage,0.26114918886394889,249296.53163456966,189962.91098073337,-0.73715661926324838,196161.10273620259,146659.46022041896,156796.99123200658,156796.99123200658,1,0.7857142857142857,0.8559523809523808,0.53846153846153844,0.5714285714285714,0.5714285714285714,0.5714285714285714,0.5357142857142857,Pool_boiling/Subcooling_20_degrees/0.3/2025.07.09_0.3_1/regression_result/npy/ensemble/202609/03_selected_log_architecture/heatflux_reference_SNR=-12/maxfreq=22kHz/e200_active_rf-ctf-alex_ed198_rf-cnntf_v2__cmp/wav_eval/wav_metrics_-12.csv
20260903_selected_log_architecture,2025.07.09_0.3_1,maxfreq=22kHz,-12,source_wav_pooled_oof,ensemble__val_fold_legacy,median,13,0,outer-validation labels were used to choose weights,0.41182024632151382,222429.76075797307,167995.11546621271,0.061340073337267098,144194.11809164338,103454.56123630927,51220.766832006571,51220.766832006571,1,0.7857142857142857,0.8559523809523808,0.61538461538461542,0.66666666666666663,0.5714285714285714,0.61538461538461542,0.61904761904761907,Pool_boiling/Subcooling_20_degrees/0.3/2025.07.09_0.3_1/regression_result/npy/ensemble/202609/03_selected_log_architecture/heatflux_reference_SNR=-12/maxfreq=22kHz/e200_active_rf-ctf-alex_ed198_rf-cnntf_v2__cmp/wav_eval/wav_metrics_-12.csv
20260903_selected_log_architecture,2025.07.09_0.3_1,maxfreq=3kHz,-12,source_wav_pooled_oof,rf,median,13,1,outer-fold prediction,0.42911136933213145,219135.91230055859,169038.72243195478,-0.33367099821970569,171876.99816027883,133122.19080059498,148109.33933200652,148109.33933200652,1,0.7142857142857143,0.80876623376623358,0.69230769230769229,0.80000000000000004,0.5714285714285714,0.66666666666666663,0.70238095238095233,Pool_boiling/Subcooling_20_degrees/0.3/2025.07.09_0.3_1/regression_result/npy/ensemble/202609/03_selected_log_architecture/heatflux_reference_SNR=-12/maxfreq=3kHz/e200_active_rf-ctf-alex_ed198_rf-cnntf_v2__cmp/wav_eval/wav_metrics_-12.csv
20260903_selected_log_architecture,2025.07.09_0.3_1,maxfreq=3kHz,-12,source_wav_pooled_oof,cnntf_v2_gap,median,13,1,outer-fold prediction,0.6986903554648366,159200.48105477859,126043.95317979234,0.41719357864060413,113620.20554502829,100016.38945773784,73865.058032006607,73865.058032006607,1,1,0.99999999999999978,0.76923076923076927,1,0.5714285714285714,0.72727272727272729,0.7857142857142857,Pool_boiling/Subcooling_20_degrees/0.3/2025.07.09_0.3_1/regression_result/npy/ensemble/202609/03_selected_log_architecture/heatflux_reference_SNR=-12/maxfreq=3kHz/e200_active_rf-ctf-alex_ed198_rf-cnntf_v2__cmp/wav_eval/wav_metrics_-12.csv
20260903_selected_log_architecture,2025.07.09_0.3_1,maxfreq=3kHz,-12,source_wav_pooled_oof,alexnet,median,13,1,outer-fold prediction,0.33270946397009649,236916.51841003899,169841.21941351032,0.4184464799726858,113498.01102925127,95191.944167004898,83828.698632006592,83828.698632006592,1,0.76190476190476186,0.84686147186147176,0.53846153846153844,0.5714285714285714,0.5714285714285714,0.5714285714285714,0.5357142857142857,Pool_boiling/Subcooling_20_degrees/0.3/2025.07.09_0.3_1/regression_result/npy/ensemble/202609/03_selected_log_architecture/heatflux_reference_SNR=-12/maxfreq=3kHz/e200_active_rf-ctf-alex_ed198_rf-cnntf_v2__cmp/wav_eval/wav_metrics_-12.csv
20260903_selected_log_architecture,2025.07.09_0.3_1,maxfreq=3kHz,-12,source_wav_pooled_oof,ensemble__simple_equal,median,13,1,claim-safe ensemble strategy,0.51187319488958261,202630.2068579506,152258.52650467426,0.24619797679624156,129217.71467178702,106101.3076291664,101580.39663200657,101580.39663200657,1,0.7857142857142857,0.85961657390228807,0.76923076923076927,1,0.5714285714285714,0.72727272727272729,0.7857142857142857,Pool_boiling/Subcooling_20_degrees/0.3/2025.07.09_0.3_1/regression_result/npy/ensemble/202609/03_selected_log_architecture/heatflux_reference_SNR=-12/maxfreq=3kHz/e200_active_rf-ctf-alex_ed198_rf-cnntf_v2__cmp/wav_eval/wav_metrics_-12.csv
20260903_selected_log_architecture,2025.07.09_0.3_1,maxfreq=3kHz,-12,source_wav_pooled_oof,ensemble__prediction_max,median,13,1,claim-safe ensemble strategy,0.34562651861948979,234612.26090505277,164300.99487153211,0.70651453049886015,80628.152504693309,66456.34387041899,39809.276832006522,39809.276832006522,1,0.76190476190476186,0.84686147186147176,0.69230769230769229,0.66666666666666663,0.8571428571428571,0.75,0.6785714285714286,Pool_boiling/Subcooling_20_degrees/0.3/2025.07.09_0.3_1/regression_result/npy/ensemble/202609/03_selected_log_architecture/heatflux_reference_SNR=-12/maxfreq=3kHz/e200_active_rf-ctf-alex_ed198_rf-cnntf_v2__cmp/wav_eval/wav_metrics_-12.csv
20260903_selected_log_architecture,2025.07.09_0.3_1,maxfreq=3kHz,-12,source_wav_pooled_oof,ensemble__inner_holdout,median,13,0,legacy sample-level inner holdout; source-WAV leakage,0.52716749667854079,199430.47363644632,150405.20743928969,0.26573693562456002,127532.02268320307,105789.00932202357,98631.323232006573,98631.323232006573,1,0.83333333333333337,0.8885281385281385,0.69230769230769229,1,0.42857142857142855,0.59999999999999998,0.7142857142857143,Pool_boiling/Subcooling_20_degrees/0.3/2025.07.09_0.3_1/regression_result/npy/ensemble/202609/03_selected_log_architecture/heatflux_reference_SNR=-12/maxfreq=3kHz/e200_active_rf-ctf-alex_ed198_rf-cnntf_v2__cmp/wav_eval/wav_metrics_-12.csv
20260903_selected_log_architecture,2025.07.09_0.3_1,maxfreq=3kHz,-12,source_wav_pooled_oof,ensemble__val_fold_legacy,median,13,0,outer-validation labels were used to choose weights,0.57662942822312813,188711.42441757885,144509.21715467426,0.27558216843203276,126674.14232508483,107321.52645059499,91946.965532006579,91946.965532006579,1,0.90476190476190477,0.93673469387755093,0.69230769230769229,1,0.42857142857142855,0.59999999999999998,0.7142857142857143,Pool_boiling/Subcooling_20_degrees/0.3/2025.07.09_0.3_1/regression_result/npy/ensemble/202609/03_selected_log_architecture/heatflux_reference_SNR=-12/maxfreq=3kHz/e200_active_rf-ctf-alex_ed198_rf-cnntf_v2__cmp/wav_eval/wav_metrics_-12.csv
20260903_selected_log_architecture,2025.07.09_0.3_1,maxfreq=5kHz,-12,source_wav_pooled_oof,rf,median,13,1,outer-fold prediction,0.45577133359897626,213958.01795938806,165226.14693780875,-0.30926909135145952,170297.3399011076,131384.79109718089,146967.32368200656,146967.32368200656,1,0.7142857142857143,0.80876623376623358,0.69230769230769229,0.80000000000000004,0.5714285714285714,0.66666666666666663,0.70238095238095233,Pool_boiling/Subcooling_20_degrees/0.3/2025.07.09_0.3_1/regression_result/npy/ensemble/202609/03_selected_log_architecture/heatflux_reference_SNR=-12/maxfreq=5kHz/e200_active_rf-ctf-alex_ed198_rf-cnntf_v2__cmp/wav_eval/wav_metrics_-12.csv
20260903_selected_log_architecture,2025.07.09_0.3_1,maxfreq=5kHz,-12,source_wav_pooled_oof,cnntf_v2_gap,median,13,1,outer-fold prediction,0.63333363264468368,175619.76719812371,134277.50787005888,0.48932821859664166,106356.57338195715,90498.719822023559,66091.979932006565,66091.979932006565,1,0.97619047619047628,0.98214285714285698,0.76923076923076927,1,0.5714285714285714,0.72727272727272729,0.7857142857142857,Pool_boiling/Subcooling_20_degrees/0.3/2025.07.09_0.3_1/regression_result/npy/ensemble/202609/03_selected_log_architecture/heatflux_reference_SNR=-12/maxfreq=5kHz/e200_active_rf-ctf-alex_ed198_rf-cnntf_v2__cmp/wav_eval/wav_metrics_-12.csv
20260903_selected_log_architecture,2025.07.09_0.3_1,maxfreq=5kHz,-12,source_wav_pooled_oof,alexnet,median,13,1,outer-fold prediction,0.26315007090771925,248958.7427920076,199936.18055070643,-0.97738303972663099,209285.34045640653,159419.04549827665,276320.19868200656,276320.19868200656,1,0.73809523809523803,0.83928571428571419,0.69230769230769229,0.80000000000000004,0.5714285714285714,0.66666666666666663,0.70238095238095233,Pool_boiling/Subcooling_20_degrees/0.3/2025.07.09_0.3_1/regression_result/npy/ensemble/202609/03_selected_log_architecture/heatflux_reference_SNR=-12/maxfreq=5kHz/e200_active_rf-ctf-alex_ed198_rf-cnntf_v2__cmp/wav_eval/wav_metrics_-12.csv
20260903_selected_log_architecture,2025.07.09_0.3_1,maxfreq=5kHz,-12,source_wav_pooled_oof,ensemble__simple_equal,median,13,1,claim-safe ensemble strategy,0.47142714902484484,210858.0983842604,163434.16726857796,-0.18565588480974871,162058.84416511812,126314.79259003804,161089.18048200652,161089.18048200652,1,0.76190476190476186,0.84686147186147176,0.69230769230769229,1,0.42857142857142855,0.59999999999999998,0.7142857142857143,Pool_boiling/Subcooling_20_degrees/0.3/2025.07.09_0.3_1/regression_result/npy/ensemble/202609/03_selected_log_architecture/heatflux_reference_SNR=-12/maxfreq=5kHz/e200_active_rf-ctf-alex_ed198_rf-cnntf_v2__cmp/wav_eval/wav_metrics_-12.csv
20260903_selected_log_architecture,2025.07.09_0.3_1,maxfreq=5kHz,-12,source_wav_pooled_oof,ensemble__prediction_max,median,13,1,claim-safe ensemble strategy,0.43694122622202747,217627.97661716118,156847.39363987968,0.60690860780409439,93312.574852570469,77695.375994547896,66091.979932006565,66091.979932006565,1,0.85714285714285721,0.9095238095238094,0.61538461538461542,0.625,0.7142857142857143,0.66666666666666663,0.60714285714285721,Pool_boiling/Subcooling_20_degrees/0.3/2025.07.09_0.3_1/regression_result/npy/ensemble/202609/03_selected_log_architecture/heatflux_reference_SNR=-12/maxfreq=5kHz/e200_active_rf-ctf-alex_ed198_rf-cnntf_v2__cmp/wav_eval/wav_metrics_-12.csv
20260903_selected_log_architecture,2025.07.09_0.3_1,maxfreq=5kHz,-12,source_wav_pooled_oof,ensemble__inner_holdout,median,13,0,legacy sample-level inner holdout; source-WAV leakage,0.47741899817188393,209659.55888047771,164802.5806319548,-0.32583915956421716,171371.59054116881,133782.484750595,172416.46623200655,172416.46623200655,1,0.76190476190476186,0.84686147186147176,0.69230769230769229,1,0.42857142857142855,0.59999999999999998,0.7142857142857143,Pool_boiling/Subcooling_20_degrees/0.3/2025.07.09_0.3_1/regression_result/npy/ensemble/202609/03_selected_log_architecture/heatflux_reference_SNR=-12/maxfreq=5kHz/e200_active_rf-ctf-alex_ed198_rf-cnntf_v2__cmp/wav_eval/wav_metrics_-12.csv
20260903_selected_log_architecture,2025.07.09_0.3_1,maxfreq=5kHz,-12,source_wav_pooled_oof,ensemble__val_fold_legacy,median,13,0,outer-validation labels were used to choose weights,0.52043898374831588,200844.43143138199,153057.72479313586,0.04807537528776229,145209.38538825203,115097.22444345216,123263.06223200657,123263.06223200657,1,0.83333333333333337,0.88571428571428568,0.69230769230769229,1,0.42857142857142855,0.59999999999999998,0.7142857142857143,Pool_boiling/Subcooling_20_degrees/0.3/2025.07.09_0.3_1/regression_result/npy/ensemble/202609/03_selected_log_architecture/heatflux_reference_SNR=-12/maxfreq=5kHz/e200_active_rf-ctf-alex_ed198_rf-cnntf_v2__cmp/wav_eval/wav_metrics_-12.csv
20260903_selected_log_architecture,2025.07.09_0.3_1,maxfreq=10kHz,-16,source_wav_pooled_oof,rf,median,13,1,outer-fold prediction,0.42928490462841273,219102.6039600785,175218.22112206664,-0.77445826042924071,198255.9821742168,155954.62034003806,184265.30023200659,184265.30023200659,1,0.7142857142857143,0.8297619047619047,0.69230769230769229,1,0.42857142857142855,0.59999999999999998,0.7142857142857143,Pool_boiling/Subcooling_20_degrees/0.3/2025.07.09_0.3_1/regression_result/npy/ensemble/202609/03_selected_log_architecture/heatflux_reference_SNR=-16/maxfreq=10kHz/e200_active_rf-ctf-alex_ed198_rf-cnntf_v2__cmp/wav_eval/wav_metrics_-16.csv
20260903_selected_log_architecture,2025.07.09_0.3_1,maxfreq=10kHz,-16,source_wav_pooled_oof,cnntf_v2_gap,median,13,1,outer-fold prediction,0.55799594531487262,192819.51485647343,147865.72128821173,0.53370062111307348,101630.91251447615,79652.49341287883,35312.926367993408,35312.926367993408,1,0.9285714285714286,0.95714285714285707,0.92307692307692313,1,0.8571428571428571,0.92307692307692313,0.9285714285714286,Pool_boiling/Subcooling_20_degrees/0.3/2025.07.09_0.3_1/regression_result/npy/ensemble/202609/03_selected_log_architecture/heatflux_reference_SNR=-16/maxfreq=10kHz/e200_active_rf-ctf-alex_ed198_rf-cnntf_v2__cmp/wav_eval/wav_metrics_-16.csv
20260903_selected_log_architecture,2025.07.09_0.3_1,maxfreq=10kHz,-16,source_wav_pooled_oof,alexnet,median,13,1,outer-fold prediction,0.58634852496336054,186532.77356032844,157276.36148011644,-0.44421242250730253,178858.23660885962,158090.82458289521,171590.62058200652,171590.62058200652,1,0.88095238095238093,0.94047619047619024,0.69230769230769229,1,0.42857142857142855,0.59999999999999998,0.7142857142857143,Pool_boiling/Subcooling_20_degrees/0.3/2025.07.09_0.3_1/regression_result/npy/ensemble/202609/03_selected_log_architecture/heatflux_reference_SNR=-16/maxfreq=10kHz/e200_active_rf-ctf-alex_ed198_rf-cnntf_v2__cmp/wav_eval/wav_metrics_-16.csv
20260903_selected_log_architecture,2025.07.09_0.3_1,maxfreq=10kHz,-16,source_wav_pooled_oof,ensemble__simple_equal,median,13,1,claim-safe ensemble strategy,0.56413051138054948,191476.77036362432,152222.95052005889,-0.017103692433914741,150098.38588509578,122786.64875773784,107379.46688200656,107379.46688200656,1,0.88095238095238093,0.92142857142857126,0.69230769230769229,1,0.42857142857142855,0.59999999999999998,0.7142857142857143,Pool_boiling/Subcooling_20_degrees/0.3/2025.07.09_0.3_1/regression_result/npy/ensemble/202609/03_selected_log_architecture/heatflux_reference_SNR=-16/maxfreq=10kHz/e200_active_rf-ctf-alex_ed198_rf-cnntf_v2__cmp/wav_eval/wav_metrics_-16.csv
20260903_selected_log_architecture,2025.07.09_0.3_1,maxfreq=10kHz,-16,source_wav_pooled_oof,ensemble__prediction_max,median,13,1,claim-safe ensemble strategy,0.52759766501685257,199339.73516595247,148532.70325744251,0.67300824346146992,85106.319337160734,71321.328234307395,35312.926367993408,35312.926367993408,1,0.95238095238095244,0.96825396825396814,0.92307692307692313,1,0.8571428571428571,0.92307692307692313,0.9285714285714286,Pool_boiling/Subcooling_20_degrees/0.3/2025.07.09_0.3_1/regression_result/npy/ensemble/202609/03_selected_log_architecture/heatflux_reference_SNR=-16/maxfreq=10kHz/e200_active_rf-ctf-alex_ed198_rf-cnntf_v2__cmp/wav_eval/wav_metrics_-16.csv
20260903_selected_log_architecture,2025.07.09_0.3_1,maxfreq=10kHz,-16,source_wav_pooled_oof,ensemble__inner_holdout,median,13,0,legacy sample-level inner holdout; source-WAV leakage,0.56442191490007154,191412.75311163315,152227.82737206671,-0.050486533987136761,152541.72432573015,124930.63899718093,115046.36283200653,115046.36283200653,1,0.90476190476190477,0.93673469387755093,0.69230769230769229,1,0.42857142857142855,0.59999999999999998,0.7142857142857143,Pool_boiling/Subcooling_20_degrees/0.3/2025.07.09_0.3_1/regression_result/npy/ensemble/202609/03_selected_log_architecture/heatflux_reference_SNR=-16/maxfreq=10kHz/e200_active_rf-ctf-alex_ed198_rf-cnntf_v2__cmp/wav_eval/wav_metrics_-16.csv
20260903_selected_log_architecture,2025.07.09_0.3_1,maxfreq=10kHz,-16,source_wav_pooled_oof,ensemble__val_fold_legacy,median,13,0,outer-validation labels were used to choose weights,0.60843952977423976,181483.55582256371,144509.70866822053,0.22010751180510069,131434.92303531611,106898.67479718091,58714.304082006565,58714.304082006565,1,0.97619047619047628,0.98214285714285698,0.69230769230769229,1,0.42857142857142855,0.59999999999999998,0.7142857142857143,Pool_boiling/Subcooling_20_degrees/0.3/2025.07.09_0.3_1/regression_result/npy/ensemble/202609/03_selected_log_architecture/heatflux_reference_SNR=-16/maxfreq=10kHz/e200_active_rf-ctf-alex_ed198_rf-cnntf_v2__cmp/wav_eval/wav_metrics_-16.csv
20260903_selected_log_architecture,2025.07.09_0.3_1,maxfreq=15kHz,-16,source_wav_pooled_oof,rf,median,13,1,outer-fold prediction,0.41607801437295966,221623.22630992444,178226.09320082809,-0.79765837035432829,199547.81978982853,157921.2421363093,183145.71433200655,183145.71433200655,1,0.7142857142857143,0.8297619047619047,0.69230769230769229,1,0.42857142857142855,0.59999999999999998,0.7142857142857143,Pool_boiling/Subcooling_20_degrees/0.3/2025.07.09_0.3_1/regression_result/npy/ensemble/202609/03_selected_log_architecture/heatflux_reference_SNR=-16/maxfreq=15kHz/e200_active_rf-ctf-alex_ed198_rf-cnntf_v2__cmp/wav_eval/wav_metrics_-16.csv
20260903_selected_log_architecture,2025.07.09_0.3_1,maxfreq=15kHz,-16,source_wav_pooled_oof,cnntf_v2_gap,median,13,1,outer-fold prediction,0.30969009858927743,240968.29818665585,182336.14557688718,0.14998187961879561,137216.86681032061,104084.80592756183,11622.917432006565,11622.917432006565,1,0.76190476190476186,0.84686147186147176,0.61538461538461542,0.625,0.7142857142857143,0.66666666666666663,0.60714285714285721,Pool_boiling/Subcooling_20_degrees/0.3/2025.07.09_0.3_1/regression_result/npy/ensemble/202609/03_selected_log_architecture/heatflux_reference_SNR=-16/maxfreq=15kHz/e200_active_rf-ctf-alex_ed198_rf-cnntf_v2__cmp/wav_eval/wav_metrics_-16.csv
20260903_selected_log_architecture,2025.07.09_0.3_1,maxfreq=15kHz,-16,source_wav_pooled_oof,alexnet,median,13,1,outer-fold prediction,0.39683124726329611,225246.09811030817,170033.51807868108,0.32150609386455964,122593.20023121621,94992.988802321881,10226.957567993435,10226.957567993435,1,0.88095238095238093,0.92142857142857126,0.69230769230769229,0.66666666666666663,0.8571428571428571,0.75,0.6785714285714286,Pool_boiling/Subcooling_20_degrees/0.3/2025.07.09_0.3_1/regression_result/npy/ensemble/202609/03_selected_log_architecture/heatflux_reference_SNR=-16/maxfreq=15kHz/e200_active_rf-ctf-alex_ed198_rf-cnntf_v2__cmp/wav_eval/wav_metrics_-16.csv
20260903_selected_log_architecture,2025.07.09_0.3_1,maxfreq=15kHz,-16,source_wav_pooled_oof,ensemble__simple_equal,median,13,1,claim-safe ensemble strategy,0.41658116531800127,221527.72214139623,173063.41751621276,0.0098424054747853207,148096.76362760205,115353.08142202356,67089.393982006586,67089.393982006586,1,0.7857142857142857,0.8559523809523808,0.69230769230769229,0.80000000000000004,0.5714285714285714,0.66666666666666663,0.70238095238095233,Pool_boiling/Subcooling_20_degrees/0.3/2025.07.09_0.3_1/regression_result/npy/ensemble/202609/03_selected_log_architecture/heatflux_reference_SNR=-16/maxfreq=15kHz/e200_active_rf-ctf-alex_ed198_rf-cnntf_v2__cmp/wav_eval/wav_metrics_-16.csv
20260903_selected_log_architecture,2025.07.09_0.3_1,maxfreq=15kHz,-16,source_wav_pooled_oof,ensemble__prediction_max,median,13,1,claim-safe ensemble strategy,0.30582209452751019,241642.46231264688,178236.12101427079,0.52863303226794101,102181.66593264582,83882.771475559959,28266.066967993393,28266.066967993393,1,0.80952380952380953,0.86870748299319711,0.69230769230769229,0.66666666666666663,0.8571428571428571,0.75,0.6785714285714286,Pool_boiling/Subcooling_20_degrees/0.3/2025.07.09_0.3_1/regression_result/npy/ensemble/202609/03_selected_log_architecture/heatflux_reference_SNR=-16/maxfreq=15kHz/e200_active_rf-ctf-alex_ed198_rf-cnntf_v2__cmp/wav_eval/wav_metrics_-16.csv
20260903_selected_log_architecture,2025.07.09_0.3_1,maxfreq=15kHz,-16,source_wav_pooled_oof,ensemble__inner_holdout,median,13,0,legacy sample-level inner holdout; source-WAV leakage,0.42164113235230305,220564.97982757218,173185.98396822059,-0.0010458060920162104,148908.80614753807,116864.64615432375,69290.103782006539,69290.103782006539,1,0.7857142857142857,0.8559523809523808,0.69230769230769229,0.80000000000000004,0.5714285714285714,0.66666666666666663,0.70238095238095233,Pool_boiling/Subcooling_20_degrees/0.3/2025.07.09_0.3_1/regression_result/npy/ensemble/202609/03_selected_log_architecture/heatflux_reference_SNR=-16/maxfreq=15kHz/e200_active_rf-ctf-alex_ed198_rf-cnntf_v2__cmp/wav_eval/wav_metrics_-16.csv
20260903_selected_log_architecture,2025.07.09_0.3_1,maxfreq=15kHz,-16,source_wav_pooled_oof,ensemble__val_fold_legacy,median,13,0,outer-validation labels were used to choose weights,0.45436416966230653,214234.44555452772,168359.1372777512,0.10542316614947056,140767.44571167559,110046.598150595,45944.181932006555,45944.181932006555,1,0.83333333333333337,0.88571428571428568,0.69230769230769229,0.80000000000000004,0.5714285714285714,0.66666666666666663,0.70238095238095233,Pool_boiling/Subcooling_20_degrees/0.3/2025.07.09_0.3_1/regression_result/npy/ensemble/202609/03_selected_log_architecture/heatflux_reference_SNR=-16/maxfreq=15kHz/e200_active_rf-ctf-alex_ed198_rf-cnntf_v2__cmp/wav_eval/wav_metrics_-16.csv
20260903_selected_log_architecture,2025.07.09_0.3_1,maxfreq=22kHz,-16,source_wav_pooled_oof,rf,median,13,1,outer-fold prediction,0.4147865417009684,221868.17534606947,178329.70918544353,-0.82224049707192992,200907.54812097803,159517.30687916646,176630.49558200652,176630.49558200652,1,0.69047619047619047,0.82196969696969679,0.69230769230769229,1,0.42857142857142855,0.59999999999999998,0.7142857142857143,Pool_boiling/Subcooling_20_degrees/0.3/2025.07.09_0.3_1/regression_result/npy/ensemble/202609/03_selected_log_architecture/heatflux_reference_SNR=-16/maxfreq=22kHz/e200_active_rf-ctf-alex_ed198_rf-cnntf_v2__cmp/wav_eval/wav_metrics_-16.csv
20260903_selected_log_architecture,2025.07.09_0.3_1,maxfreq=22kHz,-16,source_wav_pooled_oof,cnntf_v2_gap,median,13,1,outer-fold prediction,-0.55746084699647769,361948.20570063981,299396.28923070623,-3.7655788986571972,324901.14252878592,263415.69599470467,389667.05805700656,389667.05805700656,1,0.66666666666666663,0.81204906204906191,0.53846153846153844,0.5714285714285714,0.5714285714285714,0.5714285714285714,0.5357142857142857,Pool_boiling/Subcooling_20_degrees/0.3/2025.07.09_0.3_1/regression_result/npy/ensemble/202609/03_selected_log_architecture/heatflux_reference_SNR=-16/maxfreq=22kHz/e200_active_rf-ctf-alex_ed198_rf-cnntf_v2__cmp/wav_eval/wav_metrics_-16.csv
20260903_selected_log_architecture,2025.07.09_0.3_1,maxfreq=22kHz,-16,source_wav_pooled_oof,alexnet,median,13,1,outer-fold prediction,-0.42635955166132056,346379.64798336459,265631.64590416767,-1.2006180879933015,220783.05868351972,191956.93986327611,167513.24558200652,167513.24558200652,1,0.69047619047619047,0.75901360544217678,0.53846153846153844,0.5714285714285714,0.5714285714285714,0.5714285714285714,0.5357142857142857,Pool_boiling/Subcooling_20_degrees/0.3/2025.07.09_0.3_1/regression_result/npy/ensemble/202609/03_selected_log_architecture/heatflux_reference_SNR=-16/maxfreq=22kHz/e200_active_rf-ctf-alex_ed198_rf-cnntf_v2__cmp/wav_eval/wav_metrics_-16.csv
20260903_selected_log_architecture,2025.07.09_0.3_1,maxfreq=22kHz,-16,source_wav_pooled_oof,ensemble__simple_equal,median,13,1,claim-safe ensemble strategy,-0.051915407115967538,297459.79015638283,237168.45627724467,-1.5164454559122462,236095.20523605932,190781.18548470465,246446.50013200656,246446.50013200656,1,0.7142857142857143,0.80876623376623358,0.53846153846153844,0.5714285714285714,0.5714285714285714,0.5714285714285714,0.5357142857142857,Pool_boiling/Subcooling_20_degrees/0.3/2025.07.09_0.3_1/regression_result/npy/ensemble/202609/03_selected_log_architecture/heatflux_reference_SNR=-16/maxfreq=22kHz/e200_active_rf-ctf-alex_ed198_rf-cnntf_v2__cmp/wav_eval/wav_metrics_-16.csv
20260903_selected_log_architecture,2025.07.09_0.3_1,maxfreq=22kHz,-16,source_wav_pooled_oof,ensemble__prediction_max,median,13,1,claim-safe ensemble strategy,-0.3972782810881843,342830.39054660028,258703.57706534877,-0.83020509929895581,201346.13019786851,170921.68539184754,156118.13623200654,156118.13623200654,1,0.7142857142857143,0.80876623376623358,0.53846153846153844,0.5714285714285714,0.5714285714285714,0.5714285714285714,0.5357142857142857,Pool_boiling/Subcooling_20_degrees/0.3/2025.07.09_0.3_1/regression_result/npy/ensemble/202609/03_selected_log_architecture/heatflux_reference_SNR=-16/maxfreq=22kHz/e200_active_rf-ctf-alex_ed198_rf-cnntf_v2__cmp/wav_eval/wav_metrics_-16.csv
20260903_selected_log_architecture,2025.07.09_0.3_1,maxfreq=22kHz,-16,source_wav_pooled_oof,ensemble__inner_holdout,median,13,0,legacy sample-level inner holdout; source-WAV leakage,-0.040240054438112294,295804.41061342909,235134.61188109082,-1.5991833485445217,239945.08843431558,190756.8133989904,258050.15268200656,258050.15268200656,1,0.69047619047619047,0.80119047619047601,0.53846153846153844,0.5714285714285714,0.5714285714285714,0.5714285714285714,0.5357142857142857,Pool_boiling/Subcooling_20_degrees/0.3/2025.07.09_0.3_1/regression_result/npy/ensemble/202609/03_selected_log_architecture/heatflux_reference_SNR=-16/maxfreq=22kHz/e200_active_rf-ctf-alex_ed198_rf-cnntf_v2__cmp/wav_eval/wav_metrics_-16.csv
20260903_selected_log_architecture,2025.07.09_0.3_1,maxfreq=22kHz,-16,source_wav_pooled_oof,ensemble__val_fold_legacy,median,13,0,outer-validation labels were used to choose weights,0.2074309113678281,258200.1107754251,201873.39855887785,-1.1254390103345711,216979.01342896171,165216.22296488067,210413.82263200657,210413.82263200657,1,0.7142857142857143,0.80876623376623358,0.53846153846153844,0.5714285714285714,0.5714285714285714,0.5714285714285714,0.5357142857142857,Pool_boiling/Subcooling_20_degrees/0.3/2025.07.09_0.3_1/regression_result/npy/ensemble/202609/03_selected_log_architecture/heatflux_reference_SNR=-16/maxfreq=22kHz/e200_active_rf-ctf-alex_ed198_rf-cnntf_v2__cmp/wav_eval/wav_metrics_-16.csv
20260903_selected_log_architecture,2025.07.09_0.3_1,maxfreq=3kHz,-16,source_wav_pooled_oof,rf,median,13,1,outer-fold prediction,0.44320343069536827,216414.38982915046,171179.42698011646,-0.61776339686533377,189300.12859471166,148145.98752575234,167028.29243200656,167028.29243200656,1,0.7142857142857143,0.80876623376623358,0.69230769230769229,1,0.42857142857142855,0.59999999999999998,0.7142857142857143,Pool_boiling/Subcooling_20_degrees/0.3/2025.07.09_0.3_1/regression_result/npy/ensemble/202609/03_selected_log_architecture/heatflux_reference_SNR=-16/maxfreq=3kHz/e200_active_rf-ctf-alex_ed198_rf-cnntf_v2__cmp/wav_eval/wav_metrics_-16.csv
20260903_selected_log_architecture,2025.07.09_0.3_1,maxfreq=3kHz,-16,source_wav_pooled_oof,cnntf_v2_gap,median,13,1,outer-fold prediction,0.34501082608293432,234722.60695398357,182063.40612455236,-0.16584710515253631,160699.3817206742,120946.11061327612,206723.61273200656,206723.61273200656,1,0.69047619047619047,0.82196969696969679,0.53846153846153844,0.5714285714285714,0.5714285714285714,0.5714285714285714,0.5357142857142857,Pool_boiling/Subcooling_20_degrees/0.3/2025.07.09_0.3_1/regression_result/npy/ensemble/202609/03_selected_log_architecture/heatflux_reference_SNR=-16/maxfreq=3kHz/e200_active_rf-ctf-alex_ed198_rf-cnntf_v2__cmp/wav_eval/wav_metrics_-16.csv
20260903_selected_log_architecture,2025.07.09_0.3_1,maxfreq=3kHz,-16,source_wav_pooled_oof,alexnet,median,13,1,outer-fold prediction,0.60318993427624923,182696.06746282207,155493.4918975422,-0.57932391011543283,187037.63900853772,163393.92279718092,172586.66743200656,172586.66743200656,1,0.95238095238095244,0.96825396825396814,0.69230769230769229,1,0.42857142857142855,0.59999999999999998,0.7142857142857143,Pool_boiling/Subcooling_20_degrees/0.3/2025.07.09_0.3_1/regression_result/npy/ensemble/202609/03_selected_log_architecture/heatflux_reference_SNR=-16/maxfreq=3kHz/e200_active_rf-ctf-alex_ed198_rf-cnntf_v2__cmp/wav_eval/wav_metrics_-16.csv
20260903_selected_log_architecture,2025.07.09_0.3_1,maxfreq=3kHz,-16,source_wav_pooled_oof,ensemble__simple_equal,median,13,1,claim-safe ensemble strategy,0.50382082508179427,204294.71201304166,163719.6090011856,-0.38412712742826494,175098.08515567816,140656.18894345214,188179.28463200654,188179.28463200654,1,0.76190476190476197,0.8520408163265305,0.69230769230769229,1,0.42857142857142855,0.59999999999999998,0.7142857142857143,Pool_boiling/Subcooling_20_degrees/0.3/2025.07.09_0.3_1/regression_result/npy/ensemble/202609/03_selected_log_architecture/heatflux_reference_SNR=-16/maxfreq=3kHz/e200_active_rf-ctf-alex_ed198_rf-cnntf_v2__cmp/wav_eval/wav_metrics_-16.csv
20260903_selected_log_architecture,2025.07.09_0.3_1,maxfreq=3kHz,-16,source_wav_pooled_oof,ensemble__prediction_max,median,13,1,claim-safe ensemble strategy,0.41093857649267373,222596.40723959068,161165.0187691949,0.28713616225166405,125659.89679026557,96275.913063276137,144858.71428200661,144858.71428200661,1,0.76190476190476197,0.8520408163265305,0.61538461538461542,0.625,0.7142857142857143,0.66666666666666663,0.60714285714285721,Pool_boiling/Subcooling_20_degrees/0.3/2025.07.09_0.3_1/regression_result/npy/ensemble/202609/03_selected_log_architecture/heatflux_reference_SNR=-16/maxfreq=3kHz/e200_active_rf-ctf-alex_ed198_rf-cnntf_v2__cmp/wav_eval/wav_metrics_-16.csv
20260903_selected_log_architecture,2025.07.09_0.3_1,maxfreq=3kHz,-16,source_wav_pooled_oof,ensemble__inner_holdout,median,13,0,legacy sample-level inner holdout; source-WAV leakage,0.47687133496118783,209769.39138398718,167362.40168964711,-0.34971020970652966,172907.43689359902,137887.92246488074,189406.44978200656,189406.44978200656,1,0.73809523809523803,0.83928571428571419,0.69230769230769229,1,0.42857142857142855,0.59999999999999998,0.7142857142857143,Pool_boiling/Subcooling_20_degrees/0.3/2025.07.09_0.3_1/regression_result/npy/ensemble/202609/03_selected_log_architecture/heatflux_reference_SNR=-16/maxfreq=3kHz/e200_active_rf-ctf-alex_ed198_rf-cnntf_v2__cmp/wav_eval/wav_metrics_-16.csv
20260903_selected_log_architecture,2025.07.09_0.3_1,maxfreq=3kHz,-16,source_wav_pooled_oof,ensemble__val_fold_legacy,median,13,0,outer-validation labels were used to choose weights,0.53273833692942485,198252.16301193353,158961.21837242416,-0.42483563657575329,177654.32746030437,143834.94443289519,186017.50668200658,186017.50668200658,1,0.78571428571428581,0.86904761904761907,0.69230769230769229,1,0.42857142857142855,0.59999999999999998,0.7142857142857143,Pool_boiling/Subcooling_20_degrees/0.3/2025.07.09_0.3_1/regression_result/npy/ensemble/202609/03_selected_log_architecture/heatflux_reference_SNR=-16/maxfreq=3kHz/e200_active_rf-ctf-alex_ed198_rf-cnntf_v2__cmp/wav_eval/wav_metrics_-16.csv
20260903_selected_log_architecture,2025.07.09_0.3_1,maxfreq=5kHz,-16,source_wav_pooled_oof,rf,median,13,1,outer-fold prediction,0.45983440349593274,213157.84418855075,168056.58322242412,-0.57119477388477402,186555.65554077717,145673.03663289521,169518.69873200654,169518.69873200654,1,0.73809523809523814,0.83733766233766227,0.69230769230769229,1,0.42857142857142855,0.59999999999999998,0.7142857142857143,Pool_boiling/Subcooling_20_degrees/0.3/2025.07.09_0.3_1/regression_result/npy/ensemble/202609/03_selected_log_architecture/heatflux_reference_SNR=-16/maxfreq=5kHz/e200_active_rf-ctf-alex_ed198_rf-cnntf_v2__cmp/wav_eval/wav_metrics_-16.csv
20260903_selected_log_architecture,2025.07.09_0.3_1,maxfreq=5kHz,-16,source_wav_pooled_oof,cnntf_v2_gap,median,13,1,outer-fold prediction,0.41421646592212147,221976.21360421905,166440.11252304103,0.25273648339524601,128656.07448170516,97850.058163276131,107778.16743200656,107778.16743200656,1,0.7857142857142857,0.8559523809523808,0.53846153846153844,0.5714285714285714,0.5714285714285714,0.5714285714285714,0.5357142857142857,Pool_boiling/Subcooling_20_degrees/0.3/2025.07.09_0.3_1/regression_result/npy/ensemble/202609/03_selected_log_architecture/heatflux_reference_SNR=-16/maxfreq=5kHz/e200_active_rf-ctf-alex_ed198_rf-cnntf_v2__cmp/wav_eval/wav_metrics_-16.csv
20260903_selected_log_architecture,2025.07.09_0.3_1,maxfreq=5kHz,-16,source_wav_pooled_oof,alexnet,median,13,1,outer-fold prediction,0.41039331719191185,222699.40557101855,181036.5658070395,-0.59765011796319056,188119.68567323388,158244.90606146661,224726.11273200659,224726.11273200659,1,0.73809523809523814,0.81829004329004329,0.61538461538461542,0.75,0.42857142857142855,0.54545454545454541,0.63095238095238093,Pool_boiling/Subcooling_20_degrees/0.3/2025.07.09_0.3_1/regression_result/npy/ensemble/202609/03_selected_log_architecture/heatflux_reference_SNR=-16/maxfreq=5kHz/e200_active_rf-ctf-alex_ed198_rf-cnntf_v2__cmp/wav_eval/wav_metrics_-16.csv
20260903_selected_log_architecture,2025.07.09_0.3_1,maxfreq=5kHz,-16,source_wav_pooled_oof,ensemble__simple_equal,median,13,1,claim-safe ensemble strategy,0.42655318201227799,219626.34429973661,171387.3948088779,-0.29703642193043756,169499.91795727704,134994.97390059501,169700.98253200657,169700.98253200657,1,0.73809523809523814,0.81829004329004329,0.69230769230769229,0.80000000000000004,0.5714285714285714,0.66666666666666663,0.70238095238095233,Pool_boiling/Subcooling_20_degrees/0.3/2025.07.09_0.3_1/regression_result/npy/ensemble/202609/03_selected_log_architecture/heatflux_reference_SNR=-16/maxfreq=5kHz/e200_active_rf-ctf-alex_ed198_rf-cnntf_v2__cmp/wav_eval/wav_metrics_-16.csv
20260903_selected_log_architecture,2025.07.09_0.3_1,maxfreq=5kHz,-16,source_wav_pooled_oof,ensemble__prediction_max,median,13,1,claim-safe ensemble strategy,0.38100390801996742,228182.22610468155,168441.45026150258,0.28232540914339088,126083.1909996015,97250.00012041899,107778.16743200656,107778.16743200656,1,0.7857142857142857,0.8559523809523808,0.53846153846153844,0.5714285714285714,0.5714285714285714,0.5714285714285714,0.5357142857142857,Pool_boiling/Subcooling_20_degrees/0.3/2025.07.09_0.3_1/regression_result/npy/ensemble/202609/03_selected_log_architecture/heatflux_reference_SNR=-16/maxfreq=5kHz/e200_active_rf-ctf-alex_ed198_rf-cnntf_v2__cmp/wav_eval/wav_metrics_-16.csv
20260903_selected_log_architecture,2025.07.09_0.3_1,maxfreq=5kHz,-16,source_wav_pooled_oof,ensemble__inner_holdout,median,13,0,legacy sample-level inner holdout; source-WAV leakage,0.43724916659728841,217568.45742543324,170232.2353742625,-0.29073082277587692,169087.40035516318,135081.85247202354,169833.05758200656,169833.05758200656,1,0.73809523809523814,0.81829004329004329,0.61538461538461542,0.75,0.42857142857142855,0.54545454545454541,0.63095238095238093,Pool_boiling/Subcooling_20_degrees/0.3/2025.07.09_0.3_1/regression_result/npy/ensemble/202609/03_selected_log_architecture/heatflux_reference_SNR=-16/maxfreq=5kHz/e200_active_rf-ctf-alex_ed198_rf-cnntf_v2__cmp/wav_eval/wav_metrics_-16.csv
20260903_selected_log_architecture,2025.07.09_0.3_1,maxfreq=5kHz,-16,source_wav_pooled_oof,ensemble__val_fold_legacy,median,13,0,outer-validation labels were used to choose weights,0.44777016529976299,215525.06869714725,167967.0762354435,-0.22216763813463114,164535.18976372396,131310.55367202355,157847.82923200657,157847.82923200657,1,0.76190476190476186,0.82738095238095233,0.69230769230769229,0.80000000000000004,0.5714285714285714,0.66666666666666663,0.70238095238095233,Pool_boiling/Subcooling_20_degrees/0.3/2025.07.09_0.3_1/regression_result/npy/ensemble/202609/03_selected_log_architecture/heatflux_reference_SNR=-16/maxfreq=5kHz/e200_active_rf-ctf-alex_ed198_rf-cnntf_v2__cmp/wav_eval/wav_metrics_-16.csv
20260903_selected_log_architecture,2025.07.09_0.3_1,maxfreq=10kHz,-20,source_wav_pooled_oof,rf,median,13,1,outer-fold prediction,0.41539157309655739,221753.45487648711,181664.1641046743,-1.0439312657673998,212777.91553815888,170569.73989345212,199370.83928200658,199370.83928200658,1,0.69047619047619047,0.82196969696969679,0.69230769230769229,1,0.42857142857142855,0.59999999999999998,0.7142857142857143,Pool_boiling/Subcooling_20_degrees/0.3/2025.07.09_0.3_1/regression_result/npy/ensemble/202609/03_selected_log_architecture/heatflux_reference_SNR=-20/maxfreq=10kHz/e200_active_rf-ctf-alex_ed198_rf-cnntf_v2__cmp/wav_eval/wav_metrics_-20.csv
20260903_selected_log_architecture,2025.07.09_0.3_1,maxfreq=10kHz,-20,source_wav_pooled_oof,cnntf_v2_gap,median,13,1,outer-fold prediction,0.11398465306571126,272997.38146876171,207104.3555250488,-0.76288584934258807,197608.44577257917,149078.8571170049,136842.07363200659,136842.07363200659,1,0.76190476190476186,0.84686147186147176,0.53846153846153844,0.5714285714285714,0.5714285714285714,0.5714285714285714,0.5357142857142857,Pool_boiling/Subcooling_20_degrees/0.3/2025.07.09_0.3_1/regression_result/npy/ensemble/202609/03_selected_log_architecture/heatflux_reference_SNR=-20/maxfreq=10kHz/e200_active_rf-ctf-alex_ed198_rf-cnntf_v2__cmp/wav_eval/wav_metrics_-20.csv
20260903_selected_log_architecture,2025.07.09_0.3_1,maxfreq=10kHz,-20,source_wav_pooled_oof,alexnet,median,13,1,outer-fold prediction,0.055821914081414792,281815.4620306046,229102.59435127029,-2.2530070273424188,268433.00134308543,205003.38429718089,338594.68303200655,338594.68303200655,1,0.69047619047619047,0.82196969696969679,0.53846153846153844,0.5714285714285714,0.5714285714285714,0.5714285714285714,0.5357142857142857,Pool_boiling/Subcooling_20_degrees/0.3/2025.07.09_0.3_1/regression_result/npy/ensemble/202609/03_selected_log_architecture/heatflux_reference_SNR=-20/maxfreq=10kHz/e200_active_rf-ctf-alex_ed198_rf-cnntf_v2__cmp/wav_eval/wav_metrics_-20.csv
20260903_selected_log_architecture,2025.07.09_0.3_1,maxfreq=10kHz,-20,source_wav_pooled_oof,ensemble__simple_equal,median,13,1,claim-safe ensemble strategy,0.24394215044494771,252182.74779155719,198421.74723780871,-1.1563978840967142,218553.54487998446,167464.44660432378,223773.78203200657,223773.78203200657,1,0.76190476190476186,0.84686147186147176,0.53846153846153844,0.5714285714285714,0.5714285714285714,0.5714285714285714,0.5357142857142857,Pool_boiling/Subcooling_20_degrees/0.3/2025.07.09_0.3_1/regression_result/npy/ensemble/202609/03_selected_log_architecture/heatflux_reference_SNR=-20/maxfreq=10kHz/e200_active_rf-ctf-alex_ed198_rf-cnntf_v2__cmp/wav_eval/wav_metrics_-20.csv
20260903_selected_log_architecture,2025.07.09_0.3_1,maxfreq=10kHz,-20,source_wav_pooled_oof,ensemble__prediction_max,median,13,1,claim-safe ensemble strategy,0.19352642442857582,260455.13862085482,199396.56023842562,-0.11750390749063899,157332.31454603668,124824.10949899039,132327.76113200659,132327.76113200659,1,0.7857142857142857,0.8559523809523808,0.53846153846153844,0.5714285714285714,0.5714285714285714,0.5714285714285714,0.5357142857142857,Pool_boiling/Subcooling_20_degrees/0.3/2025.07.09_0.3_1/regression_result/npy/ensemble/202609/03_selected_log_architecture/heatflux_reference_SNR=-20/maxfreq=10kHz/e200_active_rf-ctf-alex_ed198_rf-cnntf_v2__cmp/wav_eval/wav_metrics_-20.csv
20260903_selected_log_architecture,2025.07.09_0.3_1,maxfreq=10kHz,-20,source_wav_pooled_oof,ensemble__inner_holdout,median,13,0,legacy sample-level inner holdout; source-WAV leakage,0.24586990706184453,251861.04142695316,197919.75692242413,-1.1641421503866862,218945.63856185257,167486.11653289519,221714.36203200655,221714.36203200655,1,0.76190476190476186,0.84686147186147176,0.61538461538461542,0.66666666666666663,0.5714285714285714,0.61538461538461542,0.61904761904761907,Pool_boiling/Subcooling_20_degrees/0.3/2025.07.09_0.3_1/regression_result/npy/ensemble/202609/03_selected_log_architecture/heatflux_reference_SNR=-20/maxfreq=10kHz/e200_active_rf-ctf-alex_ed198_rf-cnntf_v2__cmp/wav_eval/wav_metrics_-20.csv
20260903_selected_log_architecture,2025.07.09_0.3_1,maxfreq=10kHz,-20,source_wav_pooled_oof,ensemble__val_fold_legacy,median,13,0,outer-validation labels were used to choose weights,0.33324723762627084,236821.03290904561,188250.37543360514,-0.84535289253802248,202177.63939961258,157467.28043289515,192584.27828200656,192584.27828200656,1,0.7857142857142857,0.8559523809523808,0.76923076923076927,1,0.5714285714285714,0.72727272727272729,0.7857142857142857,Pool_boiling/Subcooling_20_degrees/0.3/2025.07.09_0.3_1/regression_result/npy/ensemble/202609/03_selected_log_architecture/heatflux_reference_SNR=-20/maxfreq=10kHz/e200_active_rf-ctf-alex_ed198_rf-cnntf_v2__cmp/wav_eval/wav_metrics_-20.csv
20260903_selected_log_architecture,2025.07.09_0.3_1,maxfreq=15kHz,-20,source_wav_pooled_oof,rf,median,13,1,outer-fold prediction,0.40779325339726114,223189.89840589691,183236.64006621277,-0.98887381582036382,209892.54890919602,168082.93297916642,196292.58933200658,196292.58933200658,1,0.69047619047619047,0.82196969696969679,0.69230769230769229,1,0.42857142857142855,0.59999999999999998,0.7142857142857143,Pool_boiling/Subcooling_20_degrees/0.3/2025.07.09_0.3_1/regression_result/npy/ensemble/202609/03_selected_log_architecture/heatflux_reference_SNR=-20/maxfreq=15kHz/e200_active_rf-ctf-alex_ed198_rf-cnntf_v2__cmp/wav_eval/wav_metrics_-20.csv
20260903_selected_log_architecture,2025.07.09_0.3_1,maxfreq=15kHz,-20,source_wav_pooled_oof,cnntf_v2_gap,median,13,1,outer-fold prediction,0.10935163643600465,273710.20901439252,216025.86600724465,-1.5554333211264941,237917.11406376728,181952.93874184758,263307.81583200657,263307.81583200657,1,0.76190476190476186,0.82738095238095233,0.53846153846153844,0.5714285714285714,0.5714285714285714,0.5714285714285714,0.5357142857142857,Pool_boiling/Subcooling_20_degrees/0.3/2025.07.09_0.3_1/regression_result/npy/ensemble/202609/03_selected_log_architecture/heatflux_reference_SNR=-20/maxfreq=15kHz/e200_active_rf-ctf-alex_ed198_rf-cnntf_v2__cmp/wav_eval/wav_metrics_-20.csv
20260903_selected_log_architecture,2025.07.09_0.3_1,maxfreq=15kHz,-20,source_wav_pooled_oof,alexnet,median,13,1,outer-fold prediction,0.36049380405476528,231931.76737737967,183402.2506742625,-0.78759952935908206,198988.74928777356,158455.06579345212,230413.51113200656,230413.51113200656,1,0.69047619047619047,0.82196969696969679,0.76923076923076927,1,0.5714285714285714,0.72727272727272729,0.7857142857142857,Pool_boiling/Subcooling_20_degrees/0.3/2025.07.09_0.3_1/regression_result/npy/ensemble/202609/03_selected_log_architecture/heatflux_reference_SNR=-20/maxfreq=15kHz/e200_active_rf-ctf-alex_ed198_rf-cnntf_v2__cmp/wav_eval/wav_metrics_-20.csv
20260903_selected_log_architecture,2025.07.09_0.3_1,maxfreq=15kHz,-20,source_wav_pooled_oof,ensemble__simple_equal,median,13,1,claim-safe ensemble strategy,0.32736797200962298,237862.85678777323,189756.70608580098,-1.042887740753256,212723.59193425908,167772.02395059497,228511.69738200656,228511.69738200656,1,0.73809523809523814,0.83733766233766227,0.76923076923076927,1,0.5714285714285714,0.72727272727272729,0.7857142857142857,Pool_boiling/Subcooling_20_degrees/0.3/2025.07.09_0.3_1/regression_result/npy/ensemble/202609/03_selected_log_architecture/heatflux_reference_SNR=-20/maxfreq=15kHz/e200_active_rf-ctf-alex_ed198_rf-cnntf_v2__cmp/wav_eval/wav_metrics_-20.csv
20260903_selected_log_architecture,2025.07.09_0.3_1,maxfreq=15kHz,-20,source_wav_pooled_oof,ensemble__prediction_max,median,13,1,claim-safe ensemble strategy,0.27091599581322523,247643.33511367114,186707.97189227183,-0.33091335809890654,171699.21062104424,130688.39520613327,184680.27678200655,184680.27678200655,1,0.66666666666666663,0.79339826839826832,0.53846153846153844,0.5714285714285714,0.5714285714285714,0.5714285714285714,0.5357142857142857,Pool_boiling/Subcooling_20_degrees/0.3/2025.07.09_0.3_1/regression_result/npy/ensemble/202609/03_selected_log_architecture/heatflux_reference_SNR=-20/maxfreq=15kHz/e200_active_rf-ctf-alex_ed198_rf-cnntf_v2__cmp/wav_eval/wav_metrics_-20.csv
20260903_selected_log_architecture,2025.07.09_0.3_1,maxfreq=15kHz,-20,source_wav_pooled_oof,ensemble__inner_holdout,median,13,0,legacy sample-level inner holdout; source-WAV leakage,0.32043924256127021,239084.82127017379,189880.76437041635,-1.1333574425905701,217382.82090959835,171291.8571077378,225741.90423200658,225741.90423200658,1,0.73809523809523814,0.83733766233766227,0.69230769230769229,1,0.42857142857142855,0.59999999999999998,0.7142857142857143,Pool_boiling/Subcooling_20_degrees/0.3/2025.07.09_0.3_1/regression_result/npy/ensemble/202609/03_selected_log_architecture/heatflux_reference_SNR=-20/maxfreq=15kHz/e200_active_rf-ctf-alex_ed198_rf-cnntf_v2__cmp/wav_eval/wav_metrics_-20.csv
20260903_selected_log_architecture,2025.07.09_0.3_1,maxfreq=15kHz,-20,source_wav_pooled_oof,ensemble__val_fold_legacy,median,13,0,outer-validation labels were used to choose weights,0.35946164001217573,232118.86104073378,185122.249435801,-0.97271831224539729,209038.33835860365,166248.73077202358,225399.78648200657,225399.78648200657,1,0.7142857142857143,0.8297619047619047,0.69230769230769229,1,0.42857142857142855,0.59999999999999998,0.7142857142857143,Pool_boiling/Subcooling_20_degrees/0.3/2025.07.09_0.3_1/regression_result/npy/ensemble/202609/03_selected_log_architecture/heatflux_reference_SNR=-20/maxfreq=15kHz/e200_active_rf-ctf-alex_ed198_rf-cnntf_v2__cmp/wav_eval/wav_metrics_-20.csv
20260903_selected_log_architecture,2025.07.09_0.3_1,maxfreq=22kHz,-20,source_wav_pooled_oof,rf,median,13,1,outer-fold prediction,0.41699161590449052,221449.78312405368,181991.89668544353,-0.9962008202896464,210278.81520853422,169007.41513630928,195247.30808200655,195247.30808200655,1,0.69047619047619047,0.82196969696969679,0.69230769230769229,1,0.42857142857142855,0.59999999999999998,0.7142857142857143,Pool_boiling/Subcooling_20_degrees/0.3/2025.07.09_0.3_1/regression_result/npy/ensemble/202609/03_selected_log_architecture/heatflux_reference_SNR=-20/maxfreq=22kHz/e200_active_rf-ctf-alex_ed198_rf-cnntf_v2__cmp/wav_eval/wav_metrics_-20.csv
20260903_selected_log_architecture,2025.07.09_0.3_1,maxfreq=22kHz,-20,source_wav_pooled_oof,cnntf_v2_gap,median,13,1,outer-fold prediction,-0.78116821580468665,387070.72641956242,307551.26645286387,-2.1922153403144473,265912.95526808285,195774.77117579972,354912.79243200656,354912.79243200656,1,0.66666666666666663,0.81204906204906191,0.46153846153846156,0.5,0.7142857142857143,0.58823529411764708,0.44047619047619047,Pool_boiling/Subcooling_20_degrees/0.3/2025.07.09_0.3_1/regression_result/npy/ensemble/202609/03_selected_log_architecture/heatflux_reference_SNR=-20/maxfreq=22kHz/e200_active_rf-ctf-alex_ed198_rf-cnntf_v2__cmp/wav_eval/wav_metrics_-20.csv
20260903_selected_log_architecture,2025.07.09_0.3_1,maxfreq=22kHz,-20,source_wav_pooled_oof,alexnet,median,13,1,outer-fold prediction,0.22738165216484896,254929.66064083722,188915.44158806172,0.76668544167165709,71889.311758220807,59319.943586831003,68934.707567993435,68934.707567993435,1,0.85714285714285721,0.89172335600907027,0.61538461538461542,0.58333333333333337,1,0.73684210526315785,0.58333333333333326,Pool_boiling/Subcooling_20_degrees/0.3/2025.07.09_0.3_1/regression_result/npy/ensemble/202609/03_selected_log_architecture/heatflux_reference_SNR=-20/maxfreq=22kHz/e200_active_rf-ctf-alex_ed198_rf-cnntf_v2__cmp/wav_eval/wav_metrics_-20.csv
20260903_selected_log_architecture,2025.07.09_0.3_1,maxfreq=22kHz,-20,source_wav_pooled_oof,ensemble__simple_equal,median,13,1,claim-safe ensemble strategy,0.15611572501504223,266427.65745364717,201815.15157537829,-0.10676007984483649,156574.18129847414,114682.30620613326,155654.21558200661,155654.21558200661,1,0.69047619047619047,0.82196969696969679,0.46153846153846156,0.5,0.7142857142857143,0.58823529411764708,0.44047619047619047,Pool_boiling/Subcooling_20_degrees/0.3/2025.07.09_0.3_1/regression_result/npy/ensemble/202609/03_selected_log_architecture/heatflux_reference_SNR=-20/maxfreq=22kHz/e200_active_rf-ctf-alex_ed198_rf-cnntf_v2__cmp/wav_eval/wav_metrics_-20.csv
20260903_selected_log_architecture,2025.07.09_0.3_1,maxfreq=22kHz,-20,source_wav_pooled_oof,ensemble__prediction_max,median,13,1,claim-safe ensemble strategy,-0.46807679648688882,351408.48726127873,262189.23195258237,0.52891036627878363,102151.60164863196,86453.078806654987,68934.707567993435,68934.707567993435,1,0.69047619047619047,0.82196969696969679,0.61538461538461542,0.58333333333333337,1,0.73684210526315785,0.58333333333333326,Pool_boiling/Subcooling_20_degrees/0.3/2025.07.09_0.3_1/regression_result/npy/ensemble/202609/03_selected_log_architecture/heatflux_reference_SNR=-20/maxfreq=22kHz/e200_active_rf-ctf-alex_ed198_rf-cnntf_v2__cmp/wav_eval/wav_metrics_-20.csv
20260903_selected_log_architecture,2025.07.09_0.3_1,maxfreq=22kHz,-20,source_wav_pooled_oof,ensemble__inner_holdout,median,13,0,legacy sample-level inner holdout; source-WAV leakage,0.16639705130974047,264799.694819642,200288.26428691676,-0.1774275915412955,161495.53178322251,117456.16132041896,163481.51298200653,163481.51298200653,1,0.69047619047619047,0.82196969696969679,0.46153846153846156,0.5,0.7142857142857143,0.58823529411764708,0.44047619047619047,Pool_boiling/Subcooling_20_degrees/0.3/2025.07.09_0.3_1/regression_result/npy/ensemble/202609/03_selected_log_architecture/heatflux_reference_SNR=-20/maxfreq=22kHz/e200_active_rf-ctf-alex_ed198_rf-cnntf_v2__cmp/wav_eval/wav_metrics_-20.csv
20260903_selected_log_architecture,2025.07.09_0.3_1,maxfreq=22kHz,-20,source_wav_pooled_oof,ensemble__val_fold_legacy,median,13,0,outer-validation labels were used to choose weights,0.38834727163812244,226824.68572032367,175490.61054547312,0.27928981392766972,126349.56079131251,102422.88024345215,72173.289032006578,72173.289032006578,1,0.69047619047619047,0.82196969696969679,0.69230769230769229,0.80000000000000004,0.5714285714285714,0.66666666666666663,0.70238095238095233,Pool_boiling/Subcooling_20_degrees/0.3/2025.07.09_0.3_1/regression_result/npy/ensemble/202609/03_selected_log_architecture/heatflux_reference_SNR=-20/maxfreq=22kHz/e200_active_rf-ctf-alex_ed198_rf-cnntf_v2__cmp/wav_eval/wav_metrics_-20.csv
20260903_selected_log_architecture,2025.07.09_0.3_1,maxfreq=3kHz,-20,source_wav_pooled_oof,rf,median,13,1,outer-fold prediction,0.44925780004643967,215234.57479321331,174228.70188360519,-0.7850216103444021,198845.21547382599,159261.44288289521,180119.54243200656,180119.54243200656,1,0.69047619047619047,0.80119047619047601,0.69230769230769229,1,0.42857142857142855,0.59999999999999998,0.7142857142857143,Pool_boiling/Subcooling_20_degrees/0.3/2025.07.09_0.3_1/regression_result/npy/ensemble/202609/03_selected_log_architecture/heatflux_reference_SNR=-20/maxfreq=3kHz/e200_active_rf-ctf-alex_ed198_rf-cnntf_v2__cmp/wav_eval/wav_metrics_-20.csv
20260903_selected_log_architecture,2025.07.09_0.3_1,maxfreq=3kHz,-20,source_wav_pooled_oof,cnntf_v2_gap,median,13,1,outer-fold prediction,0.23883279547544756,253033.42451619401,192286.87755381031,0.069735067809732931,143547.86296960007,114649.63629184755,133655.10493200656,133655.10493200656,1,0.76190476190476186,0.84686147186147176,0.53846153846153844,0.5714285714285714,0.5714285714285714,0.5714285714285714,0.5357142857142857,Pool_boiling/Subcooling_20_degrees/0.3/2025.07.09_0.3_1/regression_result/npy/ensemble/202609/03_selected_log_architecture/heatflux_reference_SNR=-20/maxfreq=3kHz/e200_active_rf-ctf-alex_ed198_rf-cnntf_v2__cmp/wav_eval/wav_metrics_-20.csv
20260903_selected_log_architecture,2025.07.09_0.3_1,maxfreq=3kHz,-20,source_wav_pooled_oof,alexnet,median,13,1,outer-fold prediction,0.51838717248012722,201273.63126733256,167107.27521437436,-0.55152760394701938,185384.38897948354,159739.62146860946,181202.33933200658,181202.33933200658,1,0.78571428571428581,0.86904761904761907,0.69230769230769229,1,0.42857142857142855,0.59999999999999998,0.7142857142857143,Pool_boiling/Subcooling_20_degrees/0.3/2025.07.09_0.3_1/regression_result/npy/ensemble/202609/03_selected_log_architecture/heatflux_reference_SNR=-20/maxfreq=3kHz/e200_active_rf-ctf-alex_ed198_rf-cnntf_v2__cmp/wav_eval/wav_metrics_-20.csv
20260903_selected_log_architecture,2025.07.09_0.3_1,maxfreq=3kHz,-20,source_wav_pooled_oof,ensemble__simple_equal,median,13,1,claim-safe ensemble strategy,0.43010782521072799,218944.58370933204,174671.57528745133,-0.37729994753928331,174665.71740109409,137822.87888289519,164048.33148200659,164048.33148200659,1,0.73809523809523803,0.83928571428571419,0.69230769230769229,1,0.42857142857142855,0.59999999999999998,0.7142857142857143,Pool_boiling/Subcooling_20_degrees/0.3/2025.07.09_0.3_1/regression_result/npy/ensemble/202609/03_selected_log_architecture/heatflux_reference_SNR=-20/maxfreq=3kHz/e200_active_rf-ctf-alex_ed198_rf-cnntf_v2__cmp/wav_eval/wav_metrics_-20.csv
20260903_selected_log_architecture,2025.07.09_0.3_1,maxfreq=3kHz,-20,source_wav_pooled_oof,ensemble__prediction_max,median,13,1,claim-safe ensemble strategy,0.25306182958919965,250657.20110264572,188492.7886038103,0.2331018310110119,130335.36033052209,105118.30815613328,106955.54243200656,106955.54243200656,1,0.76190476190476186,0.84686147186147176,0.53846153846153844,0.5714285714285714,0.5714285714285714,0.5714285714285714,0.5357142857142857,Pool_boiling/Subcooling_20_degrees/0.3/2025.07.09_0.3_1/regression_result/npy/ensemble/202609/03_selected_log_architecture/heatflux_reference_SNR=-20/maxfreq=3kHz/e200_active_rf-ctf-alex_ed198_rf-cnntf_v2__cmp/wav_eval/wav_metrics_-20.csv
20260903_selected_log_architecture,2025.07.09_0.3_1,maxfreq=3kHz,-20,source_wav_pooled_oof,ensemble__inner_holdout,median,13,0,legacy sample-level inner holdout; source-WAV leakage,0.41358820731237633,222095.21754222541,176175.95232775115,-0.3738735771809989,174448.32027157079,136206.79268630926,165568.95978200657,165568.95978200657,1,0.73809523809523803,0.83928571428571419,0.69230769230769229,1,0.42857142857142855,0.59999999999999998,0.7142857142857143,Pool_boiling/Subcooling_20_degrees/0.3/2025.07.09_0.3_1/regression_result/npy/ensemble/202609/03_selected_log_architecture/heatflux_reference_SNR=-20/maxfreq=3kHz/e200_active_rf-ctf-alex_ed198_rf-cnntf_v2__cmp/wav_eval/wav_metrics_-20.csv
20260903_selected_log_architecture,2025.07.09_0.3_1,maxfreq=3kHz,-20,source_wav_pooled_oof,ensemble__val_fold_legacy,median,13,0,outer-validation labels were used to choose weights,0.46841141483953141,211458.76066165543,171174.02782975897,-0.38575288737484748,175200.88781961979,142774.54412575232,162950.68993200653,162950.68993200653,1,0.73809523809523803,0.83928571428571419,0.69230769230769229,1,0.42857142857142855,0.59999999999999998,0.7142857142857143,Pool_boiling/Subcooling_20_degrees/0.3/2025.07.09_0.3_1/regression_result/npy/ensemble/202609/03_selected_log_architecture/heatflux_reference_SNR=-20/maxfreq=3kHz/e200_active_rf-ctf-alex_ed198_rf-cnntf_v2__cmp/wav_eval/wav_metrics_-20.csv
20260903_selected_log_architecture,2025.07.09_0.3_1,maxfreq=5kHz,-20,source_wav_pooled_oof,rf,median,13,1,outer-fold prediction,0.44599865127860749,215870.4864434583,174120.08831822049,-0.77626637539085186,198356.96463880388,157305.41274718088,184050.97213200657,184050.97213200657,1,0.69047619047619047,0.82196969696969679,0.69230769230769229,1,0.42857142857142855,0.59999999999999998,0.7142857142857143,Pool_boiling/Subcooling_20_degrees/0.3/2025.07.09_0.3_1/regression_result/npy/ensemble/202609/03_selected_log_architecture/heatflux_reference_SNR=-20/maxfreq=5kHz/e200_active_rf-ctf-alex_ed198_rf-cnntf_v2__cmp/wav_eval/wav_metrics_-20.csv
20260903_selected_log_architecture,2025.07.09_0.3_1,maxfreq=5kHz,-20,source_wav_pooled_oof,cnntf_v2_gap,median,13,1,outer-fold prediction,0.47692175609169518,209759.28195447498,168753.84139313578,0.091511106495617223,141857.79913801746,120089.14393630926,91393.948732006538,91393.948732006538,1,0.80952380952380953,0.86870748299319711,0.69230769230769229,0.80000000000000004,0.5714285714285714,0.66666666666666663,0.70238095238095233,Pool_boiling/Subcooling_20_degrees/0.3/2025.07.09_0.3_1/regression_result/npy/ensemble/202609/03_selected_log_architecture/heatflux_reference_SNR=-20/maxfreq=5kHz/e200_active_rf-ctf-alex_ed198_rf-cnntf_v2__cmp/wav_eval/wav_metrics_-20.csv
20260903_selected_log_architecture,2025.07.09_0.3_1,maxfreq=5kHz,-20,source_wav_pooled_oof,alexnet,median,13,1,outer-fold prediction,0.5095835730978816,203104.88244878771,164541.05226052817,-0.33918395840655591,172231.87348230669,142911.91834003804,170351.27678200661,170351.27678200661,1,0.73809523809523803,0.83928571428571419,0.69230769230769229,1,0.42857142857142855,0.59999999999999998,0.7142857142857143,Pool_boiling/Subcooling_20_degrees/0.3/2025.07.09_0.3_1/regression_result/npy/ensemble/202609/03_selected_log_architecture/heatflux_reference_SNR=-20/maxfreq=5kHz/e200_active_rf-ctf-alex_ed198_rf-cnntf_v2__cmp/wav_eval/wav_metrics_-20.csv
20260903_selected_log_architecture,2025.07.09_0.3_1,maxfreq=5kHz,-20,source_wav_pooled_oof,ensemble__simple_equal,median,13,1,claim-safe ensemble strategy,0.48817622404074323,207490.43796875954,166939.87045082817,-0.26183698938792244,167184.12385762786,136407.38240059497,150090.07888200658,150090.07888200658,1,0.76190476190476186,0.84686147186147176,0.69230769230769229,1,0.42857142857142855,0.59999999999999998,0.7142857142857143,Pool_boiling/Subcooling_20_degrees/0.3/2025.07.09_0.3_1/regression_result/npy/ensemble/202609/03_selected_log_architecture/heatflux_reference_SNR=-20/maxfreq=5kHz/e200_active_rf-ctf-alex_ed198_rf-cnntf_v2__cmp/wav_eval/wav_metrics_-20.csv
20260903_selected_log_architecture,2025.07.09_0.3_1,maxfreq=5kHz,-20,source_wav_pooled_oof,ensemble__prediction_max,median,13,1,claim-safe ensemble strategy,0.45447144940594464,214213.38375384727,167308.66771236656,0.30234708716591419,124312.01681682986,104963.63052916642,79902.979932006565,79902.979932006565,1,0.80952380952380953,0.86870748299319711,0.69230769230769229,0.80000000000000004,0.5714285714285714,0.66666666666666663,0.70238095238095233,Pool_boiling/Subcooling_20_degrees/0.3/2025.07.09_0.3_1/regression_result/npy/ensemble/202609/03_selected_log_architecture/heatflux_reference_SNR=-20/maxfreq=5kHz/e200_active_rf-ctf-alex_ed198_rf-cnntf_v2__cmp/wav_eval/wav_metrics_-20.csv
20260903_selected_log_architecture,2025.07.09_0.3_1,maxfreq=5kHz,-20,source_wav_pooled_oof,ensemble__inner_holdout,median,13,0,legacy sample-level inner holdout; source-WAV leakage,0.48350565506328991,208434.99900593355,167973.26312005887,-0.26931470249194667,167678.76312988324,136897.49922916639,148701.57643200655,148701.57643200655,1,0.7857142857142857,0.8559523809523808,0.69230769230769229,1,0.42857142857142855,0.59999999999999998,0.7142857142857143,Pool_boiling/Subcooling_20_degrees/0.3/2025.07.09_0.3_1/regression_result/npy/ensemble/202609/03_selected_log_architecture/heatflux_reference_SNR=-20/maxfreq=5kHz/e200_active_rf-ctf-alex_ed198_rf-cnntf_v2__cmp/wav_eval/wav_metrics_-20.csv
20260903_selected_log_architecture,2025.07.09_0.3_1,maxfreq=5kHz,-20,source_wav_pooled_oof,ensemble__val_fold_legacy,median,13,0,outer-validation labels were used to choose weights,0.4986585723500836,205354.70414309844,165454.13836236656,-0.25917714801938474,167007.82619075748,135783.04886488072,142696.29428200657,142696.29428200657,1,0.7857142857142857,0.8559523809523808,0.69230769230769229,1,0.42857142857142855,0.59999999999999998,0.7142857142857143,Pool_boiling/Subcooling_20_degrees/0.3/2025.07.09_0.3_1/regression_result/npy/ensemble/202609/03_selected_log_architecture/heatflux_reference_SNR=-20/maxfreq=5kHz/e200_active_rf-ctf-alex_ed198_rf-cnntf_v2__cmp/wav_eval/wav_metrics_-20.csv
20260903_selected_log_architecture,2025.07.09_0.3_1,maxfreq=10kHz,-4,source_wav_pooled_oof,rf,median,13,1,outer-fold prediction,0.45681578105534193,213752.61236370722,158322.26810733945,0.057825644800262421,144463.80387248637,111380.06580773783,128728.72993200656,128728.72993200656,1,0.7857142857142857,0.85961657390228807,0.69230769230769229,0.80000000000000004,0.5714285714285714,0.66666666666666663,0.70238095238095233,Pool_boiling/Subcooling_20_degrees/0.3/2025.07.09_0.3_1/regression_result/npy/ensemble/202609/03_selected_log_architecture/heatflux_reference_SNR=-4/maxfreq=10kHz/e200_active_rf-ctf-alex_ed198_rf-cnntf_v2__cmp/wav_eval/wav_metrics_-4.csv
20260903_selected_log_architecture,2025.07.09_0.3_1,maxfreq=10kHz,-4,source_wav_pooled_oof,cnntf_v2_gap,median,13,1,outer-fold prediction,0.59599179050228268,184345.6755482213,131126.86103087687,0.18999568941202449,133948.25848545111,96918.026884307401,41917.160667993478,41917.160667993478,1,0.9285714285714286,0.947845804988662,0.84615384615384615,1,0.7142857142857143,0.83333333333333337,0.85714285714285721,Pool_boiling/Subcooling_20_degrees/0.3/2025.07.09_0.3_1/regression_result/npy/ensemble/202609/03_selected_log_architecture/heatflux_reference_SNR=-4/maxfreq=10kHz/e200_active_rf-ctf-alex_ed198_rf-cnntf_v2__cmp/wav_eval/wav_metrics_-4.csv
20260903_selected_log_architecture,2025.07.09_0.3_1,maxfreq=10kHz,-4,source_wav_pooled_oof,alexnet,median,13,1,outer-fold prediction,0.32817707453555711,237719.75228131886,186762.56304242412,-1.2302949980204527,222266.78195478892,177429.12591860947,204143.05803200655,204143.05803200655,1,0.76190476190476186,0.84686147186147176,0.76923076923076927,1,0.5714285714285714,0.72727272727272729,0.7857142857142857,Pool_boiling/Subcooling_20_degrees/0.3/2025.07.09_0.3_1/regression_result/npy/ensemble/202609/03_selected_log_architecture/heatflux_reference_SNR=-4/maxfreq=10kHz/e200_active_rf-ctf-alex_ed198_rf-cnntf_v2__cmp/wav_eval/wav_metrics_-4.csv
20260903_selected_log_architecture,2025.07.09_0.3_1,maxfreq=10kHz,-4,source_wav_pooled_oof,ensemble__simple_equal,median,13,1,claim-safe ensemble strategy,0.46512373272975494,212111.65051943887,158227.27563165492,-0.16589728754826005,160702.84023300963,121904.88932575232,94393.269032006559,94393.269032006559,1,0.85714285714285721,0.89172335600907027,0.69230769230769229,0.80000000000000004,0.5714285714285714,0.66666666666666663,0.70238095238095233,Pool_boiling/Subcooling_20_degrees/0.3/2025.07.09_0.3_1/regression_result/npy/ensemble/202609/03_selected_log_architecture/heatflux_reference_SNR=-4/maxfreq=10kHz/e200_active_rf-ctf-alex_ed198_rf-cnntf_v2__cmp/wav_eval/wav_metrics_-4.csv
20260903_selected_log_architecture,2025.07.09_0.3_1,maxfreq=10kHz,-4,source_wav_pooled_oof,ensemble__prediction_max,median,13,1,claim-safe ensemble strategy,0.51421951529246801,202142.62034380191,136362.391084723,0.46474895856898379,108886.03083759562,78986.142955735995,41917.160667993478,41917.160667993478,1,0.90476190476190488,0.93253968253968234,0.76923076923076927,0.83333333333333337,0.7142857142857143,0.76923076923076927,0.77380952380952395,Pool_boiling/Subcooling_20_degrees/0.3/2025.07.09_0.3_1/regression_result/npy/ensemble/202609/03_selected_log_architecture/heatflux_reference_SNR=-4/maxfreq=10kHz/e200_active_rf-ctf-alex_ed198_rf-cnntf_v2__cmp/wav_eval/wav_metrics_-4.csv
20260903_selected_log_architecture,2025.07.09_0.3_1,maxfreq=10kHz,-4,source_wav_pooled_oof,ensemble__inner_holdout,median,13,0,legacy sample-level inner holdout; source-WAV leakage,0.47718568606167644,209706.3560806906,152897.15874934723,-0.073234572934001152,154184.50603568298,113871.03797575235,67493.987182006589,67493.987182006589,1,0.83333333333333337,0.8806122448979592,0.69230769230769229,0.80000000000000004,0.5714285714285714,0.66666666666666663,0.70238095238095233,Pool_boiling/Subcooling_20_degrees/0.3/2025.07.09_0.3_1/regression_result/npy/ensemble/202609/03_selected_log_architecture/heatflux_reference_SNR=-4/maxfreq=10kHz/e200_active_rf-ctf-alex_ed198_rf-cnntf_v2__cmp/wav_eval/wav_metrics_-4.csv
20260903_selected_log_architecture,2025.07.09_0.3_1,maxfreq=10kHz,-4,source_wav_pooled_oof,ensemble__val_fold_legacy,median,13,0,outer-validation labels were used to choose weights,0.50910526183304583,203203.90408843843,146515.45416088568,0.080796324087526572,142691.88749193857,105976.17195432376,52483.468382006569,52483.468382006569,1,0.85714285714285721,0.89172335600907027,0.69230769230769229,0.80000000000000004,0.5714285714285714,0.66666666666666663,0.70238095238095233,Pool_boiling/Subcooling_20_degrees/0.3/2025.07.09_0.3_1/regression_result/npy/ensemble/202609/03_selected_log_architecture/heatflux_reference_SNR=-4/maxfreq=10kHz/e200_active_rf-ctf-alex_ed198_rf-cnntf_v2__cmp/wav_eval/wav_metrics_-4.csv
20260903_selected_log_architecture,2025.07.09_0.3_1,maxfreq=15kHz,-4,source_wav_pooled_oof,rf,median,13,1,outer-fold prediction,0.43915784378489531,217199.18150405507,154350.31829168825,-0.10376819143440552,156362.40572679933,118564.80240773784,120076.66743200656,120076.66743200656,1,0.80952380952380953,0.86870748299319711,0.69230769230769229,0.80000000000000004,0.5714285714285714,0.66666666666666663,0.70238095238095233,Pool_boiling/Subcooling_20_degrees/0.3/2025.07.09_0.3_1/regression_result/npy/ensemble/202609/03_selected_log_architecture/heatflux_reference_SNR=-4/maxfreq=15kHz/e200_active_rf-ctf-alex_ed198_rf-cnntf_v2__cmp/wav_eval/wav_metrics_-4.csv
20260903_selected_log_architecture,2025.07.09_0.3_1,maxfreq=15kHz,-4,source_wav_pooled_oof,cnntf_v2_gap,median,13,1,outer-fold prediction,0.3798733871996508,228390.50454369676,168632.12767806585,-0.39262863163808759,175635.00054380801,118657.1585843074,68107.082567993435,68107.082567993435,1,0.90476190476190477,0.94805194805194781,0.84615384615384615,0.8571428571428571,0.8571428571428571,0.8571428571428571,0.84523809523809523,Pool_boiling/Subcooling_20_degrees/0.3/2025.07.09_0.3_1/regression_result/npy/ensemble/202609/03_selected_log_architecture/heatflux_reference_SNR=-4/maxfreq=15kHz/e200_active_rf-ctf-alex_ed198_rf-cnntf_v2__cmp/wav_eval/wav_metrics_-4.csv
20260903_selected_log_architecture,2025.07.09_0.3_1,maxfreq=15kHz,-4,source_wav_pooled_oof,alexnet,median,13,1,outer-fold prediction,0.47190054614570975,210763.65352536185,161118.88327254218,-0.78364435653341236,198768.49002282126,148115.08129003804,138030.04243200656,138030.04243200656,1,0.80952380952380953,0.87662337662337664,0.69230769230769229,1,0.42857142857142855,0.59999999999999998,0.7142857142857143,Pool_boiling/Subcooling_20_degrees/0.3/2025.07.09_0.3_1/regression_result/npy/ensemble/202609/03_selected_log_architecture/heatflux_reference_SNR=-4/maxfreq=15kHz/e200_active_rf-ctf-alex_ed198_rf-cnntf_v2__cmp/wav_eval/wav_metrics_-4.csv
20260903_selected_log_architecture,2025.07.09_0.3_1,maxfreq=15kHz,-4,source_wav_pooled_oof,ensemble__simple_equal,median,13,1,claim-safe ensemble strategy,0.46951354729214156,211239.44022116828,151874.61473580101,-0.2542958602910661,166683.80313864496,124272.99659345215,69950.151782006607,69950.151782006607,1,0.83333333333333337,0.8806122448979592,0.69230769230769229,0.80000000000000004,0.5714285714285714,0.66666666666666663,0.70238095238095233,Pool_boiling/Subcooling_20_degrees/0.3/2025.07.09_0.3_1/regression_result/npy/ensemble/202609/03_selected_log_architecture/heatflux_reference_SNR=-4/maxfreq=15kHz/e200_active_rf-ctf-alex_ed198_rf-cnntf_v2__cmp/wav_eval/wav_metrics_-4.csv
20260903_selected_log_architecture,2025.07.09_0.3_1,maxfreq=15kHz,-4,source_wav_pooled_oof,ensemble__prediction_max,median,13,1,claim-safe ensemble strategy,0.47607124060540196,209929.74503382467,149960.17200744251,0.5471241870327137,100157.3833353818,82861.58716287883,68107.082567993435,68107.082567993435,1,0.95238095238095244,0.96825396825396814,0.76923076923076927,0.75,0.8571428571428571,0.80000000000000004,0.76190476190476208,Pool_boiling/Subcooling_20_degrees/0.3/2025.07.09_0.3_1/regression_result/npy/ensemble/202609/03_selected_log_architecture/heatflux_reference_SNR=-4/maxfreq=15kHz/e200_active_rf-ctf-alex_ed198_rf-cnntf_v2__cmp/wav_eval/wav_metrics_-4.csv
20260903_selected_log_architecture,2025.07.09_0.3_1,maxfreq=15kHz,-4,source_wav_pooled_oof,ensemble__inner_holdout,median,13,0,legacy sample-level inner holdout; source-WAV leakage,0.43931516458936981,217168.71629547511,153489.24095503177,-0.30869131419687212,170259.75986092555,124985.83125773787,66986.573882006574,66986.573882006574,1,0.85714285714285721,0.89172335600907027,0.69230769230769229,0.80000000000000004,0.5714285714285714,0.66666666666666663,0.70238095238095233,Pool_boiling/Subcooling_20_degrees/0.3/2025.07.09_0.3_1/regression_result/npy/ensemble/202609/03_selected_log_architecture/heatflux_reference_SNR=-4/maxfreq=15kHz/e200_active_rf-ctf-alex_ed198_rf-cnntf_v2__cmp/wav_eval/wav_metrics_-4.csv
20260903_selected_log_architecture,2025.07.09_0.3_1,maxfreq=15kHz,-4,source_wav_pooled_oof,ensemble__val_fold_legacy,median,13,0,outer-validation labels were used to choose weights,0.53466269141043932,197843.50435643428,138493.71880467425,0.14428629062333187,137675.81353980489,101722.80307916642,24835.785932006547,24835.785932006547,1,0.88095238095238104,0.90873015873015861,0.69230769230769229,0.80000000000000004,0.5714285714285714,0.66666666666666663,0.70238095238095233,Pool_boiling/Subcooling_20_degrees/0.3/2025.07.09_0.3_1/regression_result/npy/ensemble/202609/03_selected_log_architecture/heatflux_reference_SNR=-4/maxfreq=15kHz/e200_active_rf-ctf-alex_ed198_rf-cnntf_v2__cmp/wav_eval/wav_metrics_-4.csv
20260903_selected_log_architecture,2025.07.09_0.3_1,maxfreq=22kHz,-4,source_wav_pooled_oof,rf,median,13,1,outer-fold prediction,0.44084263760184506,216872.69831330614,154696.60996511645,-0.020622578982753659,150357.81034029878,113099.14600432376,106116.60493200656,106116.60493200656,1,0.83333333333333337,0.8806122448979592,0.61538461538461542,0.66666666666666663,0.5714285714285714,0.61538461538461542,0.61904761904761907,Pool_boiling/Subcooling_20_degrees/0.3/2025.07.09_0.3_1/regression_result/npy/ensemble/202609/03_selected_log_architecture/heatflux_reference_SNR=-4/maxfreq=22kHz/e200_active_rf-ctf-alex_ed198_rf-cnntf_v2__cmp/wav_eval/wav_metrics_-4.csv
20260903_selected_log_architecture,2025.07.09_0.3_1,maxfreq=22kHz,-4,source_wav_pooled_oof,cnntf_v2_gap,median,13,1,outer-fold prediction,0.24911993452637138,251317.74052021388,191892.98119706547,-1.1274828298790673,217083.31173824857,152462.74447151474,97792.120532006607,97792.120532006607,1,0.7857142857142857,0.8559523809523808,0.69230769230769229,0.80000000000000004,0.5714285714285714,0.66666666666666663,0.70238095238095233,Pool_boiling/Subcooling_20_degrees/0.3/2025.07.09_0.3_1/regression_result/npy/ensemble/202609/03_selected_log_architecture/heatflux_reference_SNR=-4/maxfreq=22kHz/e200_active_rf-ctf-alex_ed198_rf-cnntf_v2__cmp/wav_eval/wav_metrics_-4.csv
20260903_selected_log_architecture,2025.07.09_0.3_1,maxfreq=22kHz,-4,source_wav_pooled_oof,alexnet,median,13,1,outer-fold prediction,0.43999571948874727,217036.87742634126,163064.91135396255,-0.58984978360875773,187659.88790124364,141308.13261146663,31026.308032006607,31026.308032006607,1,0.83333333333333337,0.88571428571428568,0.69230769230769229,1,0.42857142857142855,0.59999999999999998,0.7142857142857143,Pool_boiling/Subcooling_20_degrees/0.3/2025.07.09_0.3_1/regression_result/npy/ensemble/202609/03_selected_log_architecture/heatflux_reference_SNR=-4/maxfreq=22kHz/e200_active_rf-ctf-alex_ed198_rf-cnntf_v2__cmp/wav_eval/wav_metrics_-4.csv
20260903_selected_log_architecture,2025.07.09_0.3_1,maxfreq=22kHz,-4,source_wav_pooled_oof,ensemble__simple_equal,median,13,1,claim-safe ensemble strategy,0.37450483459970652,229376.98386501707,172679.49266772403,-0.64615882841296024,190954.22603723459,139774.16699345215,88931.823732006538,88931.823732006538,1,0.80952380952380953,0.86870748299319711,0.69230769230769229,0.80000000000000004,0.5714285714285714,0.66666666666666663,0.70238095238095233,Pool_boiling/Subcooling_20_degrees/0.3/2025.07.09_0.3_1/regression_result/npy/ensemble/202609/03_selected_log_architecture/heatflux_reference_SNR=-4/maxfreq=22kHz/e200_active_rf-ctf-alex_ed198_rf-cnntf_v2__cmp/wav_eval/wav_metrics_-4.csv
20260903_selected_log_architecture,2025.07.09_0.3_1,maxfreq=22kHz,-4,source_wav_pooled_oof,ensemble__prediction_max,median,13,1,claim-safe ensemble strategy,0.42401085234398483,220112.65362946485,154440.7645586039,0.090497979118559613,141936.87548938315,102019.46210008618,29402.526782006607,29402.526782006607,1,0.80952380952380953,0.86870748299319711,0.61538461538461542,0.66666666666666663,0.5714285714285714,0.61538461538461542,0.61904761904761907,Pool_boiling/Subcooling_20_degrees/0.3/2025.07.09_0.3_1/regression_result/npy/ensemble/202609/03_selected_log_architecture/heatflux_reference_SNR=-4/maxfreq=22kHz/e200_active_rf-ctf-alex_ed198_rf-cnntf_v2__cmp/wav_eval/wav_metrics_-4.csv
20260903_selected_log_architecture,2025.07.09_0.3_1,maxfreq=22kHz,-4,source_wav_pooled_oof,ensemble__inner_holdout,median,13,0,legacy sample-level inner holdout; source-WAV leakage,0.34852200182962378,234092.62723176097,174065.32756657019,-0.73618097849772846,196106.00993527664,140820.60701488069,82843.585482006543,82843.585482006543,1,0.80952380952380953,0.86870748299319711,0.69230769230769229,0.80000000000000004,0.5714285714285714,0.66666666666666663,0.70238095238095233,Pool_boiling/Subcooling_20_degrees/0.3/2025.07.09_0.3_1/regression_result/npy/ensemble/202609/03_selected_log_architecture/heatflux_reference_SNR=-4/maxfreq=22kHz/e200_active_rf-ctf-alex_ed198_rf-cnntf_v2__cmp/wav_eval/wav_metrics_-4.csv
20260903_selected_log_architecture,2025.07.09_0.3_1,maxfreq=22kHz,-4,source_wav_pooled_oof,ensemble__val_fold_legacy,median,13,0,outer-validation labels were used to choose weights,0.41385049363890958,222045.54335879802,166601.05869964711,-0.4455795544842307,178942.87269498187,133515.96142916643,90743.690782006539,90743.690782006539,1,0.80952380952380953,0.86870748299319711,0.69230769230769229,0.80000000000000004,0.5714285714285714,0.66666666666666663,0.70238095238095233,Pool_boiling/Subcooling_20_degrees/0.3/2025.07.09_0.3_1/regression_result/npy/ensemble/202609/03_selected_log_architecture/heatflux_reference_SNR=-4/maxfreq=22kHz/e200_active_rf-ctf-alex_ed198_rf-cnntf_v2__cmp/wav_eval/wav_metrics_-4.csv
20260903_selected_log_architecture,2025.07.09_0.3_1,maxfreq=3kHz,-4,source_wav_pooled_oof,rf,median,13,1,outer-fold prediction,0.42826434979256334,219298.41650274774,155521.84735088568,0.052400657914356108,144879.11412149551,110114.68394718091,114296.38613200659,114296.38613200659,1,0.80952380952380953,0.86870748299319711,0.61538461538461542,0.66666666666666663,0.5714285714285714,0.61538461538461542,0.61904761904761907,Pool_boiling/Subcooling_20_degrees/0.3/2025.07.09_0.3_1/regression_result/npy/ensemble/202609/03_selected_log_architecture/heatflux_reference_SNR=-4/maxfreq=3kHz/e200_active_rf-ctf-alex_ed198_rf-cnntf_v2__cmp/wav_eval/wav_metrics_-4.csv
20260903_selected_log_architecture,2025.07.09_0.3_1,maxfreq=3kHz,-4,source_wav_pooled_oof,cnntf_v2_gap,median,13,1,outer-fold prediction,0.50623366931080982,203797.3795311994,145605.74377426249,-0.0054106811324952098,149233.09767901714,100964.7064291664,40265.526832006522,40265.526832006522,1,0.88095238095238093,0.92764378478664189,0.76923076923076927,1,0.5714285714285714,0.72727272727272729,0.7857142857142857,Pool_boiling/Subcooling_20_degrees/0.3/2025.07.09_0.3_1/regression_result/npy/ensemble/202609/03_selected_log_architecture/heatflux_reference_SNR=-4/maxfreq=3kHz/e200_active_rf-ctf-alex_ed198_rf-cnntf_v2__cmp/wav_eval/wav_metrics_-4.csv
20260903_selected_log_architecture,2025.07.09_0.3_1,maxfreq=3kHz,-4,source_wav_pooled_oof,alexnet,median,13,1,outer-fold prediction,0.55710330587703571,193014.11883096007,154906.19170561916,-1.1529724284518581,218379.88884385352,174778.40047575234,191810.25338200657,191810.25338200657,1,0.83333333333333337,0.8885281385281385,0.69230769230769229,1,0.42857142857142855,0.59999999999999998,0.7142857142857143,Pool_boiling/Subcooling_20_degrees/0.3/2025.07.09_0.3_1/regression_result/npy/ensemble/202609/03_selected_log_architecture/heatflux_reference_SNR=-4/maxfreq=3kHz/e200_active_rf-ctf-alex_ed198_rf-cnntf_v2__cmp/wav_eval/wav_metrics_-4.csv
20260903_selected_log_architecture,2025.07.09_0.3_1,maxfreq=3kHz,-4,source_wav_pooled_oof,ensemble__simple_equal,median,13,1,claim-safe ensemble strategy,0.53001066333905755,198829.97661748048,147512.66235207289,-0.30221969537127524,169838.26174556272,128295.59445773782,115384.06328200654,115384.06328200654,1,0.83333333333333337,0.90043290043290036,0.69230769230769229,1,0.42857142857142855,0.59999999999999998,0.7142857142857143,Pool_boiling/Subcooling_20_degrees/0.3/2025.07.09_0.3_1/regression_result/npy/ensemble/202609/03_selected_log_architecture/heatflux_reference_SNR=-4/maxfreq=3kHz/e200_active_rf-ctf-alex_ed198_rf-cnntf_v2__cmp/wav_eval/wav_metrics_-4.csv
20260903_selected_log_architecture,2025.07.09_0.3_1,maxfreq=3kHz,-4,source_wav_pooled_oof,ensemble__prediction_max,median,13,1,claim-safe ensemble strategy,0.45242306105732033,214615.17855322498,144569.52335736898,0.39005108509247011,116235.86129458214,78491.010000594993,38120.870532006607,38120.870532006607,1,0.85714285714285721,0.9095238095238094,0.69230769230769229,0.7142857142857143,0.7142857142857143,0.7142857142857143,0.69047619047619058,Pool_boiling/Subcooling_20_degrees/0.3/2025.07.09_0.3_1/regression_result/npy/ensemble/202609/03_selected_log_architecture/heatflux_reference_SNR=-4/maxfreq=3kHz/e200_active_rf-ctf-alex_ed198_rf-cnntf_v2__cmp/wav_eval/wav_metrics_-4.csv
20260903_selected_log_architecture,2025.07.09_0.3_1,maxfreq=3kHz,-4,source_wav_pooled_oof,ensemble__inner_holdout,median,13,0,legacy sample-level inner holdout; source-WAV leakage,0.51868082307317587,201212.26129352016,148322.62049553444,-0.35102766347299519,172991.80388997128,128817.24517202355,107634.87903200655,107634.87903200655,1,0.83333333333333337,0.90043290043290036,0.69230769230769229,1,0.42857142857142855,0.59999999999999998,0.7142857142857143,Pool_boiling/Subcooling_20_degrees/0.3/2025.07.09_0.3_1/regression_result/npy/ensemble/202609/03_selected_log_architecture/heatflux_reference_SNR=-4/maxfreq=3kHz/e200_active_rf-ctf-alex_ed198_rf-cnntf_v2__cmp/wav_eval/wav_metrics_-4.csv
20260903_selected_log_architecture,2025.07.09_0.3_1,maxfreq=3kHz,-4,source_wav_pooled_oof,ensemble__val_fold_legacy,median,13,0,outer-validation labels were used to choose weights,0.58179790943179843,187555.99867086895,143715.4096728421,-0.21165086735078087,163825.7463906513,126866.10522916642,107040.15318200656,107040.15318200656,1,0.88095238095238093,0.92142857142857126,0.69230769230769229,1,0.42857142857142855,0.59999999999999998,0.7142857142857143,Pool_boiling/Subcooling_20_degrees/0.3/2025.07.09_0.3_1/regression_result/npy/ensemble/202609/03_selected_log_architecture/heatflux_reference_SNR=-4/maxfreq=3kHz/e200_active_rf-ctf-alex_ed198_rf-cnntf_v2__cmp/wav_eval/wav_metrics_-4.csv
20260903_selected_log_architecture,2025.07.09_0.3_1,maxfreq=5kHz,-4,source_wav_pooled_oof,rf,median,13,1,outer-fold prediction,0.44699494283341401,215676.2931231843,153508.71192041633,0.10109264158240616,141107.7523769449,108417.85375059499,108915.29243200656,108915.29243200656,1,0.7857142857142857,0.85961657390228807,0.61538461538461542,0.66666666666666663,0.5714285714285714,0.61538461538461542,0.61904761904761907,Pool_boiling/Subcooling_20_degrees/0.3/2025.07.09_0.3_1/regression_result/npy/ensemble/202609/03_selected_log_architecture/heatflux_reference_SNR=-4/maxfreq=5kHz/e200_active_rf-ctf-alex_ed198_rf-cnntf_v2__cmp/wav_eval/wav_metrics_-4.csv
20260903_selected_log_architecture,2025.07.09_0.3_1,maxfreq=5kHz,-4,source_wav_pooled_oof,cnntf_v2_gap,median,13,1,outer-fold prediction,0.54843344189381527,194894.12378834654,130276.44093168082,0.43260440592230665,112107.94352319122,81012.477735800436,51671.479932006565,51671.479932006565,1,0.88095238095238104,0.90873015873015861,0.69230769230769229,0.80000000000000004,0.5714285714285714,0.66666666666666663,0.70238095238095233,Pool_boiling/Subcooling_20_degrees/0.3/2025.07.09_0.3_1/regression_result/npy/ensemble/202609/03_selected_log_architecture/heatflux_reference_SNR=-4/maxfreq=5kHz/e200_active_rf-ctf-alex_ed198_rf-cnntf_v2__cmp/wav_eval/wav_metrics_-4.csv
20260903_selected_log_architecture,2025.07.09_0.3_1,maxfreq=5kHz,-4,source_wav_pooled_oof,alexnet,median,13,1,outer-fold prediction,0.40974793955753519,222821.25451811776,170533.11417242413,-0.79577920429765303,199443.49475691942,159198.44622575233,201800.51898200656,201800.51898200656,1,0.76190476190476186,0.85009276437847858,0.69230769230769229,0.80000000000000004,0.5714285714285714,0.66666666666666663,0.70238095238095233,Pool_boiling/Subcooling_20_degrees/0.3/2025.07.09_0.3_1/regression_result/npy/ensemble/202609/03_selected_log_architecture/heatflux_reference_SNR=-4/maxfreq=5kHz/e200_active_rf-ctf-alex_ed198_rf-cnntf_v2__cmp/wav_eval/wav_metrics_-4.csv
20260903_selected_log_architecture,2025.07.09_0.3_1,maxfreq=5kHz,-4,source_wav_pooled_oof,ensemble__simple_equal,median,13,1,claim-safe ensemble strategy,0.46288798817512311,212554.49400529466,150889.68327041634,-0.056234684691539583,152958.50101840525,113205.85858630926,115517.80808200652,115517.80808200652,1,0.76190476190476186,0.85009276437847858,0.69230769230769229,0.80000000000000004,0.5714285714285714,0.66666666666666663,0.70238095238095233,Pool_boiling/Subcooling_20_degrees/0.3/2025.07.09_0.3_1/regression_result/npy/ensemble/202609/03_selected_log_architecture/heatflux_reference_SNR=-4/maxfreq=5kHz/e200_active_rf-ctf-alex_ed198_rf-cnntf_v2__cmp/wav_eval/wav_metrics_-4.csv
20260903_selected_log_architecture,2025.07.09_0.3_1,maxfreq=5kHz,-4,source_wav_pooled_oof,ensemble__prediction_max,median,13,1,claim-safe ensemble strategy,0.46149161016113116,212830.61309916564,137773.8590259683,0.47609020245816858,107726.28087902231,78030.283535800438,49592.401832006522,49592.401832006522,1,0.85714285714285721,0.89172335600907027,0.69230769230769229,0.7142857142857143,0.7142857142857143,0.7142857142857143,0.69047619047619058,Pool_boiling/Subcooling_20_degrees/0.3/2025.07.09_0.3_1/regression_result/npy/ensemble/202609/03_selected_log_architecture/heatflux_reference_SNR=-4/maxfreq=5kHz/e200_active_rf-ctf-alex_ed198_rf-cnntf_v2__cmp/wav_eval/wav_metrics_-4.csv
20260903_selected_log_architecture,2025.07.09_0.3_1,maxfreq=5kHz,-4,source_wav_pooled_oof,ensemble__inner_holdout,median,13,0,legacy sample-level inner holdout; source-WAV leakage,0.43739432103751852,217540.39610369122,155934.96857041636,-0.17714498484097274,161476.14950501398,120720.28898630929,142824.43648200657,142824.43648200657,1,0.76190476190476186,0.85009276437847858,0.69230769230769229,0.80000000000000004,0.5714285714285714,0.66666666666666663,0.70238095238095233,Pool_boiling/Subcooling_20_degrees/0.3/2025.07.09_0.3_1/regression_result/npy/ensemble/202609/03_selected_log_architecture/heatflux_reference_SNR=-4/maxfreq=5kHz/e200_active_rf-ctf-alex_ed198_rf-cnntf_v2__cmp/wav_eval/wav_metrics_-4.csv
20260903_selected_log_architecture,2025.07.09_0.3_1,maxfreq=5kHz,-4,source_wav_pooled_oof,ensemble__val_fold_legacy,median,13,0,outer-validation labels were used to choose weights,0.48765661384407388,207595.73475511503,145602.07102627031,0.10178899567657929,141053.08601036741,105013.36100432374,92683.073082006536,92683.073082006536,1,0.85714285714285721,0.89172335600907027,0.69230769230769229,0.80000000000000004,0.5714285714285714,0.66666666666666663,0.70238095238095233,Pool_boiling/Subcooling_20_degrees/0.3/2025.07.09_0.3_1/regression_result/npy/ensemble/202609/03_selected_log_architecture/heatflux_reference_SNR=-4/maxfreq=5kHz/e200_active_rf-ctf-alex_ed198_rf-cnntf_v2__cmp/wav_eval/wav_metrics_-4.csv
20260903_selected_log_architecture,2025.07.09_0.3_1,maxfreq=10kHz,-8,source_wav_pooled_oof,rf,median,13,1,outer-fold prediction,0.47197046023567801,210749.70176243575,161850.86487080093,-0.18211329340596993,161816.55727632457,124467.78010059496,144902.83933200652,144902.83933200652,1,0.76190476190476186,0.84686147186147176,0.69230769230769229,0.80000000000000004,0.5714285714285714,0.66666666666666663,0.70238095238095233,Pool_boiling/Subcooling_20_degrees/0.3/2025.07.09_0.3_1/regression_result/npy/ensemble/202609/03_selected_log_architecture/heatflux_reference_SNR=-8/maxfreq=10kHz/e200_active_rf-ctf-alex_ed198_rf-cnntf_v2__cmp/wav_eval/wav_metrics_-8.csv
20260903_selected_log_architecture,2025.07.09_0.3_1,maxfreq=10kHz,-8,source_wav_pooled_oof,cnntf_v2_gap,median,13,1,outer-fold prediction,0.46908830771681753,211324.08835415091,149442.01128878311,0.26109955957839814,127934.11500987523,85742.080484704697,21210.979932006565,21210.979932006565,1,0.83333333333333337,0.88571428571428568,0.69230769230769229,0.80000000000000004,0.5714285714285714,0.66666666666666663,0.70238095238095233,Pool_boiling/Subcooling_20_degrees/0.3/2025.07.09_0.3_1/regression_result/npy/ensemble/202609/03_selected_log_architecture/heatflux_reference_SNR=-8/maxfreq=10kHz/e200_active_rf-ctf-alex_ed198_rf-cnntf_v2__cmp/wav_eval/wav_metrics_-8.csv
20260903_selected_log_architecture,2025.07.09_0.3_1,maxfreq=10kHz,-8,source_wav_pooled_oof,alexnet,median,13,1,outer-fold prediction,0.18160343200144269,262373.37323339767,210980.57688109111,-2.3976344903094438,274335.32586381538,212441.64984756234,376774.03852700657,376774.03852700657,1,0.7142857142857143,0.8297619047619047,0.69230769230769229,1,0.42857142857142855,0.59999999999999998,0.7142857142857143,Pool_boiling/Subcooling_20_degrees/0.3/2025.07.09_0.3_1/regression_result/npy/ensemble/202609/03_selected_log_architecture/heatflux_reference_SNR=-8/maxfreq=10kHz/e200_active_rf-ctf-alex_ed198_rf-cnntf_v2__cmp/wav_eval/wav_metrics_-8.csv
20260903_selected_log_architecture,2025.07.09_0.3_1,maxfreq=10kHz,-8,source_wav_pooled_oof,ensemble__simple_equal,median,13,1,claim-safe ensemble strategy,0.40760164928623444,223226.00120603957,173851.85912242418,-0.49202543909296725,181794.82672294401,137470.21520432376,175674.67783200659,175674.67783200659,1,0.76190476190476186,0.84686147186147176,0.69230769230769229,0.80000000000000004,0.5714285714285714,0.66666666666666663,0.70238095238095233,Pool_boiling/Subcooling_20_degrees/0.3/2025.07.09_0.3_1/regression_result/npy/ensemble/202609/03_selected_log_architecture/heatflux_reference_SNR=-8/maxfreq=10kHz/e200_active_rf-ctf-alex_ed198_rf-cnntf_v2__cmp/wav_eval/wav_metrics_-8.csv
20260903_selected_log_architecture,2025.07.09_0.3_1,maxfreq=10kHz,-8,source_wav_pooled_oof,ensemble__prediction_max,median,13,1,claim-safe ensemble strategy,0.44656236136148153,215760.63171018474,148328.93913552701,0.44677208510792654,110699.44649236886,77303.633978657585,21210.979932006565,21210.979932006565,1,0.7857142857142857,0.8559523809523808,0.61538461538461542,0.625,0.7142857142857143,0.66666666666666663,0.60714285714285721,Pool_boiling/Subcooling_20_degrees/0.3/2025.07.09_0.3_1/regression_result/npy/ensemble/202609/03_selected_log_architecture/heatflux_reference_SNR=-8/maxfreq=10kHz/e200_active_rf-ctf-alex_ed198_rf-cnntf_v2__cmp/wav_eval/wav_metrics_-8.csv
20260903_selected_log_architecture,2025.07.09_0.3_1,maxfreq=10kHz,-8,source_wav_pooled_oof,ensemble__inner_holdout,median,13,0,legacy sample-level inner holdout; source-WAV leakage,0.41837095865737095,221187.66336268731,171895.27948780873,-0.43357589871690294,178198.38019381778,134338.65055432374,161859.41428200656,161859.41428200656,1,0.7857142857142857,0.8559523809523808,0.69230769230769229,0.80000000000000004,0.5714285714285714,0.66666666666666663,0.70238095238095233,Pool_boiling/Subcooling_20_degrees/0.3/2025.07.09_0.3_1/regression_result/npy/ensemble/202609/03_selected_log_architecture/heatflux_reference_SNR=-8/maxfreq=10kHz/e200_active_rf-ctf-alex_ed198_rf-cnntf_v2__cmp/wav_eval/wav_metrics_-8.csv
20260903_selected_log_architecture,2025.07.09_0.3_1,maxfreq=10kHz,-8,source_wav_pooled_oof,ensemble__val_fold_legacy,median,13,0,outer-validation labels were used to choose weights,0.49776027566832726,205538.59767416966,155871.11768780876,-0.012612664134362905,149766.63904841244,114325.37840432372,100277.29053200653,100277.29053200653,1,0.80952380952380953,0.86870748299319711,0.69230769230769229,0.80000000000000004,0.5714285714285714,0.66666666666666663,0.70238095238095233,Pool_boiling/Subcooling_20_degrees/0.3/2025.07.09_0.3_1/regression_result/npy/ensemble/202609/03_selected_log_architecture/heatflux_reference_SNR=-8/maxfreq=10kHz/e200_active_rf-ctf-alex_ed198_rf-cnntf_v2__cmp/wav_eval/wav_metrics_-8.csv
20260903_selected_log_architecture,2025.07.09_0.3_1,maxfreq=15kHz,-8,source_wav_pooled_oof,rf,median,13,1,outer-fold prediction,0.49656810525777384,205782.39738101204,155079.45169733942,-0.30493978633616692,170015.54923769529,129072.71758630927,136355.63618200656,136355.63618200656,1,0.76190476190476186,0.85009276437847858,0.69230769230769229,0.80000000000000004,0.5714285714285714,0.66666666666666663,0.70238095238095233,Pool_boiling/Subcooling_20_degrees/0.3/2025.07.09_0.3_1/regression_result/npy/ensemble/202609/03_selected_log_architecture/heatflux_reference_SNR=-8/maxfreq=15kHz/e200_active_rf-ctf-alex_ed198_rf-cnntf_v2__cmp/wav_eval/wav_metrics_-8.csv
20260903_selected_log_architecture,2025.07.09_0.3_1,maxfreq=15kHz,-8,source_wav_pooled_oof,cnntf_v2_gap,median,13,1,outer-fold prediction,0.53341376293445797,198108.82459815918,159889.97152618557,-0.51704745545099451,183312.88383903707,144281.43298630929,205288.70648200659,205288.70648200659,1,0.8571428571428571,0.90383426097711794,0.69230769230769229,1,0.42857142857142855,0.59999999999999998,0.7142857142857143,Pool_boiling/Subcooling_20_degrees/0.3/2025.07.09_0.3_1/regression_result/npy/ensemble/202609/03_selected_log_architecture/heatflux_reference_SNR=-8/maxfreq=15kHz/e200_active_rf-ctf-alex_ed198_rf-cnntf_v2__cmp/wav_eval/wav_metrics_-8.csv
20260903_selected_log_architecture,2025.07.09_0.3_1,maxfreq=15kHz,-8,source_wav_pooled_oof,alexnet,median,13,1,outer-fold prediction,0.4822197263884791,208694.31057462611,167727.03334357796,-0.70654428728940988,194425.03606151295,159415.98306146663,178654.56583200657,178654.56583200657,1,0.76190476190476186,0.85009276437847858,0.69230769230769229,1,0.42857142857142855,0.59999999999999998,0.7142857142857143,Pool_boiling/Subcooling_20_degrees/0.3/2025.07.09_0.3_1/regression_result/npy/ensemble/202609/03_selected_log_architecture/heatflux_reference_SNR=-8/maxfreq=15kHz/e200_active_rf-ctf-alex_ed198_rf-cnntf_v2__cmp/wav_eval/wav_metrics_-8.csv
20260903_selected_log_architecture,2025.07.09_0.3_1,maxfreq=15kHz,-8,source_wav_pooled_oof,ensemble__simple_equal,median,13,1,claim-safe ensemble strategy,0.49368308786062476,206371.1936732702,164507.404488578,-0.56726754473040542,186322.3600860984,146451.98491860947,181049.18823200656,181049.18823200656,1,0.76190476190476186,0.84686147186147176,0.69230769230769229,1,0.42857142857142855,0.59999999999999998,0.7142857142857143,Pool_boiling/Subcooling_20_degrees/0.3/2025.07.09_0.3_1/regression_result/npy/ensemble/202609/03_selected_log_architecture/heatflux_reference_SNR=-8/maxfreq=15kHz/e200_active_rf-ctf-alex_ed198_rf-cnntf_v2__cmp/wav_eval/wav_metrics_-8.csv
20260903_selected_log_architecture,2025.07.09_0.3_1,maxfreq=15kHz,-8,source_wav_pooled_oof,ensemble__prediction_max,median,13,1,claim-safe ensemble strategy,0.49110174561743025,206896.59329083114,151837.67556272406,0.014693062070950336,147733.56462492136,107625.29347916643,126662.37053200661,126662.37053200661,1,0.76190476190476186,0.84686147186147176,0.69230769230769229,0.80000000000000004,0.5714285714285714,0.66666666666666663,0.70238095238095233,Pool_boiling/Subcooling_20_degrees/0.3/2025.07.09_0.3_1/regression_result/npy/ensemble/202609/03_selected_log_architecture/heatflux_reference_SNR=-8/maxfreq=15kHz/e200_active_rf-ctf-alex_ed198_rf-cnntf_v2__cmp/wav_eval/wav_metrics_-8.csv
20260903_selected_log_architecture,2025.07.09_0.3_1,maxfreq=15kHz,-8,source_wav_pooled_oof,ensemble__inner_holdout,median,13,0,legacy sample-level inner holdout; source-WAV leakage,0.48857202749979856,207410.19422044704,165291.49192780876,-0.59862973552408483,188177.35071048152,147155.00087575233,179880.27438200655,179880.27438200655,1,0.76190476190476186,0.84686147186147176,0.69230769230769229,1,0.42857142857142855,0.59999999999999998,0.7142857142857143,Pool_boiling/Subcooling_20_degrees/0.3/2025.07.09_0.3_1/regression_result/npy/ensemble/202609/03_selected_log_architecture/heatflux_reference_SNR=-8/maxfreq=15kHz/e200_active_rf-ctf-alex_ed198_rf-cnntf_v2__cmp/wav_eval/wav_metrics_-8.csv
20260903_selected_log_architecture,2025.07.09_0.3_1,maxfreq=15kHz,-8,source_wav_pooled_oof,ensemble__val_fold_legacy,median,13,0,outer-validation labels were used to choose weights,0.50232704555200924,204602.00213614226,163033.51659934723,-0.53634140634229865,184474.89603582738,145820.5088614666,178108.03223200655,178108.03223200655,1,0.76190476190476186,0.84686147186147176,0.69230769230769229,1,0.42857142857142855,0.59999999999999998,0.7142857142857143,Pool_boiling/Subcooling_20_degrees/0.3/2025.07.09_0.3_1/regression_result/npy/ensemble/202609/03_selected_log_architecture/heatflux_reference_SNR=-8/maxfreq=15kHz/e200_active_rf-ctf-alex_ed198_rf-cnntf_v2__cmp/wav_eval/wav_metrics_-8.csv
20260903_selected_log_architecture,2025.07.09_0.3_1,maxfreq=22kHz,-8,source_wav_pooled_oof,rf,median,13,1,outer-fold prediction,0.47837799582972407,209467.09555563127,157817.78403195483,-0.33555313187847724,171998.23549378512,132120.94080059501,142852.49553200661,142852.49553200661,1,0.76190476190476186,0.85009276437847858,0.69230769230769229,0.80000000000000004,0.5714285714285714,0.66666666666666663,0.70238095238095233,Pool_boiling/Subcooling_20_degrees/0.3/2025.07.09_0.3_1/regression_result/npy/ensemble/202609/03_selected_log_architecture/heatflux_reference_SNR=-8/maxfreq=22kHz/e200_active_rf-ctf-alex_ed198_rf-cnntf_v2__cmp/wav_eval/wav_metrics_-8.csv
20260903_selected_log_architecture,2025.07.09_0.3_1,maxfreq=22kHz,-8,source_wav_pooled_oof,cnntf_v2_gap,median,13,1,outer-fold prediction,0.29759453016943549,243070.24660436268,180911.30636416777,0.014799675637554688,147725.57177126815,114746.43316327613,95624.620582006522,95624.620582006522,1,0.7857142857142857,0.8559523809523808,0.53846153846153844,0.5714285714285714,0.5714285714285714,0.5714285714285714,0.5357142857142857,Pool_boiling/Subcooling_20_degrees/0.3/2025.07.09_0.3_1/regression_result/npy/ensemble/202609/03_selected_log_architecture/heatflux_reference_SNR=-8/maxfreq=22kHz/e200_active_rf-ctf-alex_ed198_rf-cnntf_v2__cmp/wav_eval/wav_metrics_-8.csv
20260903_selected_log_architecture,2025.07.09_0.3_1,maxfreq=22kHz,-8,source_wav_pooled_oof,alexnet,median,13,1,outer-fold prediction,0.5001010957762323,205059.05496162878,162484.4503482267,-1.0579312342134242,213505.38630971301,168909.59145773784,193755.43303200655,193755.43303200655,1,0.80952380952380953,0.87662337662337664,0.69230769230769229,1,0.42857142857142855,0.59999999999999998,0.7142857142857143,Pool_boiling/Subcooling_20_degrees/0.3/2025.07.09_0.3_1/regression_result/npy/ensemble/202609/03_selected_log_architecture/heatflux_reference_SNR=-8/maxfreq=22kHz/e200_active_rf-ctf-alex_ed198_rf-cnntf_v2__cmp/wav_eval/wav_metrics_-8.csv
20260903_selected_log_architecture,2025.07.09_0.3_1,maxfreq=22kHz,-8,source_wav_pooled_oof,ensemble__simple_equal,median,13,1,claim-safe ensemble strategy,0.43229642579072414,218523.76446517551,166786.47544695481,-0.40769371106839625,176582.43111224798,134660.27487916642,145408.24038200657,145408.24038200657,1,0.76190476190476186,0.85009276437847858,0.69230769230769229,0.80000000000000004,0.5714285714285714,0.66666666666666663,0.70238095238095233,Pool_boiling/Subcooling_20_degrees/0.3/2025.07.09_0.3_1/regression_result/npy/ensemble/202609/03_selected_log_architecture/heatflux_reference_SNR=-8/maxfreq=22kHz/e200_active_rf-ctf-alex_ed198_rf-cnntf_v2__cmp/wav_eval/wav_metrics_-8.csv
20260903_selected_log_architecture,2025.07.09_0.3_1,maxfreq=22kHz,-8,source_wav_pooled_oof,ensemble__prediction_max,median,13,1,claim-safe ensemble strategy,0.32071067101025463,239037.06917237473,170847.13913342808,0.22045896168367363,131405.30485481062,102625.85504899039,90709.058082006522,90709.058082006522,1,0.73809523809523814,0.83733766233766227,0.61538461538461542,0.625,0.7142857142857143,0.66666666666666663,0.60714285714285721,Pool_boiling/Subcooling_20_degrees/0.3/2025.07.09_0.3_1/regression_result/npy/ensemble/202609/03_selected_log_architecture/heatflux_reference_SNR=-8/maxfreq=22kHz/e200_active_rf-ctf-alex_ed198_rf-cnntf_v2__cmp/wav_eval/wav_metrics_-8.csv
20260903_selected_log_architecture,2025.07.09_0.3_1,maxfreq=22kHz,-8,source_wav_pooled_oof,ensemble__inner_holdout,median,13,0,legacy sample-level inner holdout; source-WAV leakage,0.48753140312948451,207621.10018685652,159003.84805349328,-0.52885263878724387,184024.74308972183,140120.35087916642,155397.97483200656,155397.97483200656,1,0.78571428571428581,0.86709956709956715,0.69230769230769229,1,0.42857142857142855,0.59999999999999998,0.7142857142857143,Pool_boiling/Subcooling_20_degrees/0.3/2025.07.09_0.3_1/regression_result/npy/ensemble/202609/03_selected_log_architecture/heatflux_reference_SNR=-8/maxfreq=22kHz/e200_active_rf-ctf-alex_ed198_rf-cnntf_v2__cmp/wav_eval/wav_metrics_-8.csv
20260903_selected_log_architecture,2025.07.09_0.3_1,maxfreq=22kHz,-8,source_wav_pooled_oof,ensemble__val_fold_legacy,median,13,0,outer-validation labels were used to choose weights,0.50392120340669022,204274.04629462661,156861.59769233945,-0.30217451574375676,169835.31550846202,132008.3058148807,138363.80588200653,138363.80588200653,1,0.78571428571428581,0.86709956709956715,0.69230769230769229,1,0.42857142857142855,0.59999999999999998,0.7142857142857143,Pool_boiling/Subcooling_20_degrees/0.3/2025.07.09_0.3_1/regression_result/npy/ensemble/202609/03_selected_log_architecture/heatflux_reference_SNR=-8/maxfreq=22kHz/e200_active_rf-ctf-alex_ed198_rf-cnntf_v2__cmp/wav_eval/wav_metrics_-8.csv
20260903_selected_log_architecture,2025.07.09_0.3_1,maxfreq=3kHz,-8,source_wav_pooled_oof,rf,median,13,1,outer-fold prediction,0.46204231723341382,212721.75935893296,158318.69922319337,-0.098394679444939959,155981.32916683861,119770.66388289517,134012.94868200656,134012.94868200656,1,0.76190476190476186,0.85009276437847858,0.69230769230769229,0.80000000000000004,0.5714285714285714,0.66666666666666663,0.70238095238095233,Pool_boiling/Subcooling_20_degrees/0.3/2025.07.09_0.3_1/regression_result/npy/ensemble/202609/03_selected_log_architecture/heatflux_reference_SNR=-8/maxfreq=3kHz/e200_active_rf-ctf-alex_ed198_rf-cnntf_v2__cmp/wav_eval/wav_metrics_-8.csv
20260903_selected_log_architecture,2025.07.09_0.3_1,maxfreq=3kHz,-8,source_wav_pooled_oof,cnntf_v2_gap,median,13,1,outer-fold prediction,0.66566088383438438,167699.37891921081,143703.53669612444,-0.40406572036902055,176354.73501655698,143202.90725169075,117190.77683200652,117190.77683200652,1,1,0.99999999999999978,0.69230769230769229,1,0.42857142857142855,0.59999999999999998,0.7142857142857143,Pool_boiling/Subcooling_20_degrees/0.3/2025.07.09_0.3_1/regression_result/npy/ensemble/202609/03_selected_log_architecture/heatflux_reference_SNR=-8/maxfreq=3kHz/e200_active_rf-ctf-alex_ed198_rf-cnntf_v2__cmp/wav_eval/wav_metrics_-8.csv
20260903_selected_log_architecture,2025.07.09_0.3_1,maxfreq=3kHz,-8,source_wav_pooled_oof,alexnet,median,13,1,outer-fold prediction,0.41065556195476616,222649.87403591219,169234.88078964708,-0.19872689247524034,162949.68706167009,129442.94527202356,107759.40178200661,107759.40178200661,1,0.7857142857142857,0.8559523809523808,0.53846153846153844,0.5714285714285714,0.5714285714285714,0.5714285714285714,0.5357142857142857,Pool_boiling/Subcooling_20_degrees/0.3/2025.07.09_0.3_1/regression_result/npy/ensemble/202609/03_selected_log_architecture/heatflux_reference_SNR=-8/maxfreq=3kHz/e200_active_rf-ctf-alex_ed198_rf-cnntf_v2__cmp/wav_eval/wav_metrics_-8.csv
20260903_selected_log_architecture,2025.07.09_0.3_1,maxfreq=3kHz,-8,source_wav_pooled_oof,ensemble__simple_equal,median,13,1,claim-safe ensemble strategy,0.53265136273372105,198270.61308122505,154828.7168165702,-0.19366697201033967,162605.41165345424,130167.22390773785,129957.02943200653,129957.02943200653,1,0.80952380952380953,0.86870748299319711,0.69230769230769229,1,0.42857142857142855,0.59999999999999998,0.7142857142857143,Pool_boiling/Subcooling_20_degrees/0.3/2025.07.09_0.3_1/regression_result/npy/ensemble/202609/03_selected_log_architecture/heatflux_reference_SNR=-8/maxfreq=3kHz/e200_active_rf-ctf-alex_ed198_rf-cnntf_v2__cmp/wav_eval/wav_metrics_-8.csv
20260903_selected_log_architecture,2025.07.09_0.3_1,maxfreq=3kHz,-8,source_wav_pooled_oof,ensemble__prediction_max,median,13,1,claim-safe ensemble strategy,0.41651998149188219,221539.3377745325,158149.1902594679,0.18602356908401629,134276.28631642359,100536.72199454787,80876.011182006565,80876.011182006565,1,0.76190476190476186,0.84686147186147176,0.53846153846153844,0.5714285714285714,0.5714285714285714,0.5714285714285714,0.5357142857142857,Pool_boiling/Subcooling_20_degrees/0.3/2025.07.09_0.3_1/regression_result/npy/ensemble/202609/03_selected_log_architecture/heatflux_reference_SNR=-8/maxfreq=3kHz/e200_active_rf-ctf-alex_ed198_rf-cnntf_v2__cmp/wav_eval/wav_metrics_-8.csv
20260903_selected_log_architecture,2025.07.09_0.3_1,maxfreq=3kHz,-8,source_wav_pooled_oof,ensemble__inner_holdout,median,13,0,legacy sample-level inner holdout; source-WAV leakage,0.57112284332200114,189934.70065966147,148738.47535118557,-0.23340951760032702,165290.18059716592,133076.6226148807,126330.47698200657,126330.47698200657,1,0.90476190476190488,0.93253968253968234,0.69230769230769229,1,0.42857142857142855,0.59999999999999998,0.7142857142857143,Pool_boiling/Subcooling_20_degrees/0.3/2025.07.09_0.3_1/regression_result/npy/ensemble/202609/03_selected_log_architecture/heatflux_reference_SNR=-8/maxfreq=3kHz/e200_active_rf-ctf-alex_ed198_rf-cnntf_v2__cmp/wav_eval/wav_metrics_-8.csv
20260903_selected_log_architecture,2025.07.09_0.3_1,maxfreq=3kHz,-8,source_wav_pooled_oof,ensemble__val_fold_legacy,median,13,0,outer-validation labels were used to choose weights,0.59877179365922684,183710.33423855712,146039.36301657019,-0.25221749875415944,166545.64879918841,136490.69345059499,132546.45813200658,132546.45813200658,1,0.90476190476190477,0.93673469387755093,0.69230769230769229,1,0.42857142857142855,0.59999999999999998,0.7142857142857143,Pool_boiling/Subcooling_20_degrees/0.3/2025.07.09_0.3_1/regression_result/npy/ensemble/202609/03_selected_log_architecture/heatflux_reference_SNR=-8/maxfreq=3kHz/e200_active_rf-ctf-alex_ed198_rf-cnntf_v2__cmp/wav_eval/wav_metrics_-8.csv
20260903_selected_log_architecture,2025.07.09_0.3_1,maxfreq=5kHz,-8,source_wav_pooled_oof,rf,median,13,1,outer-fold prediction,0.46217485631577893,212695.55313075794,158445.30656695479,-0.065024163936910462,153593.60619447427,118209.55687202355,130017.55808200652,130017.55808200652,1,0.76190476190476186,0.85009276437847858,0.69230769230769229,0.80000000000000004,0.5714285714285714,0.66666666666666663,0.70238095238095233,Pool_boiling/Subcooling_20_degrees/0.3/2025.07.09_0.3_1/regression_result/npy/ensemble/202609/03_selected_log_architecture/heatflux_reference_SNR=-8/maxfreq=5kHz/e200_active_rf-ctf-alex_ed198_rf-cnntf_v2__cmp/wav_eval/wav_metrics_-8.csv
20260903_selected_log_architecture,2025.07.09_0.3_1,maxfreq=5kHz,-8,source_wav_pooled_oof,cnntf_v2_gap,median,13,1,outer-fold prediction,0.72820911660297605,151201.22222451275,127024.22449997059,0.049071578926485393,145133.38358049726,121670.01439454788,124308.66743200656,124308.66743200656,1,0.95238095238095244,0.96173469387755084,0.69230769230769229,1,0.42857142857142855,0.59999999999999998,0.7142857142857143,Pool_boiling/Subcooling_20_degrees/0.3/2025.07.09_0.3_1/regression_result/npy/ensemble/202609/03_selected_log_architecture/heatflux_reference_SNR=-8/maxfreq=5kHz/e200_active_rf-ctf-alex_ed198_rf-cnntf_v2__cmp/wav_eval/wav_metrics_-8.csv
20260903_selected_log_architecture,2025.07.09_0.3_1,maxfreq=5kHz,-8,source_wav_pooled_oof,alexnet,median,13,1,outer-fold prediction,0.41529656517730773,221771.47332905437,177014.75750127027,-0.77806939481598802,198457.61135326387,160027.11586860946,236591.17523200659,236591.17523200659,1,0.76190476190476186,0.85009276437847858,0.69230769230769229,1,0.42857142857142855,0.59999999999999998,0.7142857142857143,Pool_boiling/Subcooling_20_degrees/0.3/2025.07.09_0.3_1/regression_result/npy/ensemble/202609/03_selected_log_architecture/heatflux_reference_SNR=-8/maxfreq=5kHz/e200_active_rf-ctf-alex_ed198_rf-cnntf_v2__cmp/wav_eval/wav_metrics_-8.csv
20260903_selected_log_architecture,2025.07.09_0.3_1,maxfreq=5kHz,-8,source_wav_pooled_oof,ensemble__simple_equal,median,13,1,claim-safe ensemble strategy,0.55178761339583504,194168.95188793982,152643.30641272405,-0.23429328219632461,165349.38698807763,134194.29609345211,172488.7429320066,172488.7429320066,1,0.8571428571428571,0.91233766233766223,0.69230769230769229,1,0.42857142857142855,0.59999999999999998,0.7142857142857143,Pool_boiling/Subcooling_20_degrees/0.3/2025.07.09_0.3_1/regression_result/npy/ensemble/202609/03_selected_log_architecture/heatflux_reference_SNR=-8/maxfreq=5kHz/e200_active_rf-ctf-alex_ed198_rf-cnntf_v2__cmp/wav_eval/wav_metrics_-8.csv
20260903_selected_log_architecture,2025.07.09_0.3_1,maxfreq=5kHz,-8,source_wav_pooled_oof,ensemble__prediction_max,median,13,1,claim-safe ensemble strategy,0.46053112052914269,213020.33208046699,150612.73651331407,0.35371894097753798,119647.63551988862,91973.594751690747,104620.43308200652,104620.43308200652,1,0.7857142857142857,0.85961657390228807,0.61538461538461542,0.66666666666666663,0.5714285714285714,0.61538461538461542,0.61904761904761907,Pool_boiling/Subcooling_20_degrees/0.3/2025.07.09_0.3_1/regression_result/npy/ensemble/202609/03_selected_log_architecture/heatflux_reference_SNR=-8/maxfreq=5kHz/e200_active_rf-ctf-alex_ed198_rf-cnntf_v2__cmp/wav_eval/wav_metrics_-8.csv
20260903_selected_log_architecture,2025.07.09_0.3_1,maxfreq=5kHz,-8,source_wav_pooled_oof,ensemble__inner_holdout,median,13,0,legacy sample-level inner holdout; source-WAV leakage,0.51190365459232834,202623.88457438358,157087.75075464713,-0.29113551620163203,169113.90595772304,133535.33110059501,185107.00348200658,185107.00348200658,1,0.78571428571428581,0.86709956709956715,0.69230769230769229,1,0.42857142857142855,0.59999999999999998,0.7142857142857143,Pool_boiling/Subcooling_20_degrees/0.3/2025.07.09_0.3_1/regression_result/npy/ensemble/202609/03_selected_log_architecture/heatflux_reference_SNR=-8/maxfreq=5kHz/e200_active_rf-ctf-alex_ed198_rf-cnntf_v2__cmp/wav_eval/wav_metrics_-8.csv
20260903_selected_log_architecture,2025.07.09_0.3_1,maxfreq=5kHz,-8,source_wav_pooled_oof,ensemble__val_fold_legacy,median,13,0,outer-validation labels were used to choose weights,0.61337956745544786,180335.09806309111,143116.43133964713,-0.16472966770646735,160622.34994038462,132825.60105773783,157097.98118200654,157097.98118200654,1,0.9285714285714286,0.95714285714285707,0.69230769230769229,1,0.42857142857142855,0.59999999999999998,0.7142857142857143,Pool_boiling/Subcooling_20_degrees/0.3/2025.07.09_0.3_1/regression_result/npy/ensemble/202609/03_selected_log_architecture/heatflux_reference_SNR=-8/maxfreq=5kHz/e200_active_rf-ctf-alex_ed198_rf-cnntf_v2__cmp/wav_eval/wav_metrics_-8.csv
20260903_selected_log_architecture,2025.07.09_0.3_1,maxfreq=10kHz,0,source_wav_pooled_oof,rf,median,13,1,outer-fold prediction,0.46980720476258053,211180.96499867472,149486.78042630365,0.16918497449121073,135658.05236932274,104283.04793630927,103213.54243200656,103213.54243200656,1,0.83333333333333337,0.8806122448979592,0.61538461538461542,0.66666666666666663,0.5714285714285714,0.61538461538461542,0.61904761904761907,Pool_boiling/Subcooling_20_degrees/0.3/2025.07.09_0.3_1/regression_result/npy/ensemble/202609/03_selected_log_architecture/heatflux_reference_SNR=0/maxfreq=10kHz/e200_active_rf-ctf-alex_ed198_rf-cnntf_v2__cmp/wav_eval/wav_metrics_0.csv
20260903_selected_log_architecture,2025.07.09_0.3_1,maxfreq=10kHz,0,source_wav_pooled_oof,cnntf_v2_gap,median,13,1,outer-fold prediction,0.49212456554683248,206688.57096483669,144612.05899773471,0.3653407457741048,118566.96822749062,91537.414346988517,51831.426367993408,51831.426367993408,1,0.8571428571428571,0.90383426097711794,0.76923076923076927,0.83333333333333337,0.7142857142857143,0.76923076923076927,0.77380952380952395,Pool_boiling/Subcooling_20_degrees/0.3/2025.07.09_0.3_1/regression_result/npy/ensemble/202609/03_selected_log_architecture/heatflux_reference_SNR=0/maxfreq=10kHz/e200_active_rf-ctf-alex_ed198_rf-cnntf_v2__cmp/wav_eval/wav_metrics_0.csv
20260903_selected_log_architecture,2025.07.09_0.3_1,maxfreq=10kHz,0,source_wav_pooled_oof,alexnet,median,13,1,outer-fold prediction,0.25814296461206054,249803.18364491157,193145.02178343214,-1.6959164166505483,244369.28503191238,185167.47525432377,117713.79243200656,117713.79243200656,1,0.7857142857142857,0.85961657390228807,0.76923076923076927,1,0.5714285714285714,0.72727272727272729,0.7857142857142857,Pool_boiling/Subcooling_20_degrees/0.3/2025.07.09_0.3_1/regression_result/npy/ensemble/202609/03_selected_log_architecture/heatflux_reference_SNR=0/maxfreq=10kHz/e200_active_rf-ctf-alex_ed198_rf-cnntf_v2__cmp/wav_eval/wav_metrics_0.csv
20260903_selected_log_architecture,2025.07.09_0.3_1,maxfreq=10kHz,0,source_wav_pooled_oof,ensemble__simple_equal,median,13,1,claim-safe ensemble strategy,0.44458533529264355,216145.66526444949,153742.54708165492,-0.21869385893467608,164301.19337193502,116689.46799718091,53325.77943200653,53325.77943200653,1,0.80952380952380953,0.87152133580704993,0.69230769230769229,0.80000000000000004,0.5714285714285714,0.66666666666666663,0.70238095238095233,Pool_boiling/Subcooling_20_degrees/0.3/2025.07.09_0.3_1/regression_result/npy/ensemble/202609/03_selected_log_architecture/heatflux_reference_SNR=0/maxfreq=10kHz/e200_active_rf-ctf-alex_ed198_rf-cnntf_v2__cmp/wav_eval/wav_metrics_0.csv
20260903_selected_log_architecture,2025.07.09_0.3_1,maxfreq=10kHz,0,source_wav_pooled_oof,ensemble__prediction_max,median,13,1,claim-safe ensemble strategy,0.45382129239496727,214340.99473031057,148819.51874004246,0.41602133949237796,113734.41426146717,88705.329532702817,51831.426367993408,51831.426367993408,1,0.83333333333333337,0.8885281385281385,0.69230769230769229,0.7142857142857143,0.7142857142857143,0.7142857142857143,0.69047619047619058,Pool_boiling/Subcooling_20_degrees/0.3/2025.07.09_0.3_1/regression_result/npy/ensemble/202609/03_selected_log_architecture/heatflux_reference_SNR=0/maxfreq=10kHz/e200_active_rf-ctf-alex_ed198_rf-cnntf_v2__cmp/wav_eval/wav_metrics_0.csv
20260903_selected_log_architecture,2025.07.09_0.3_1,maxfreq=10kHz,0,source_wav_pooled_oof,ensemble__inner_holdout,median,13,0,legacy sample-level inner holdout; source-WAV leakage,0.42430118818877904,220057.17111838146,155854.73752703954,-0.31481473894953216,170657.62148816939,120204.37987575235,43412.65918200661,43412.65918200661,1,0.83333333333333337,0.8806122448979592,0.69230769230769229,0.80000000000000004,0.5714285714285714,0.66666666666666663,0.70238095238095233,Pool_boiling/Subcooling_20_degrees/0.3/2025.07.09_0.3_1/regression_result/npy/ensemble/202609/03_selected_log_architecture/heatflux_reference_SNR=0/maxfreq=10kHz/e200_active_rf-ctf-alex_ed198_rf-cnntf_v2__cmp/wav_eval/wav_metrics_0.csv
20260903_selected_log_architecture,2025.07.09_0.3_1,maxfreq=10kHz,0,source_wav_pooled_oof,ensemble__val_fold_legacy,median,13,0,outer-validation labels were used to choose weights,0.49375117954056558,206357.31636302019,141265.13997242416,0.063746814288722975,144009.14128715888,101561.79934718092,28106.38528200658,28106.38528200658,1,0.83333333333333337,0.8806122448979592,0.69230769230769229,0.80000000000000004,0.5714285714285714,0.66666666666666663,0.70238095238095233,Pool_boiling/Subcooling_20_degrees/0.3/2025.07.09_0.3_1/regression_result/npy/ensemble/202609/03_selected_log_architecture/heatflux_reference_SNR=0/maxfreq=10kHz/e200_active_rf-ctf-alex_ed198_rf-cnntf_v2__cmp/wav_eval/wav_metrics_0.csv
20260903_selected_log_architecture,2025.07.09_0.3_1,maxfreq=15kHz,0,source_wav_pooled_oof,rf,median,13,1,outer-fold prediction,0.45711034581893517,213694.64627773396,151753.08721130365,0.12347718639418359,139339.74729884038,104538.07249345213,86337.292432006565,86337.292432006565,1,0.80952380952380953,0.86870748299319711,0.61538461538461542,0.66666666666666663,0.5714285714285714,0.61538461538461542,0.61904761904761907,Pool_boiling/Subcooling_20_degrees/0.3/2025.07.09_0.3_1/regression_result/npy/ensemble/202609/03_selected_log_architecture/heatflux_reference_SNR=0/maxfreq=15kHz/e200_active_rf-ctf-alex_ed198_rf-cnntf_v2__cmp/wav_eval/wav_metrics_0.csv
20260903_selected_log_architecture,2025.07.09_0.3_1,maxfreq=15kHz,0,source_wav_pooled_oof,cnntf_v2_gap,median,13,1,outer-fold prediction,0.45809214774847262,213501.32820894953,154035.61140772403,-0.73024293377404526,195770.36415139906,138419.23879345212,46665.808082006522,46665.808082006522,1,0.78571428571428581,0.86709956709956715,0.69230769230769229,1,0.42857142857142855,0.59999999999999998,0.7142857142857143,Pool_boiling/Subcooling_20_degrees/0.3/2025.07.09_0.3_1/regression_result/npy/ensemble/202609/03_selected_log_architecture/heatflux_reference_SNR=0/maxfreq=15kHz/e200_active_rf-ctf-alex_ed198_rf-cnntf_v2__cmp/wav_eval/wav_metrics_0.csv
20260903_selected_log_architecture,2025.07.09_0.3_1,maxfreq=15kHz,0,source_wav_pooled_oof,alexnet,median,13,1,outer-fold prediction,0.33875571530640003,235840.73780245442,164932.89664205021,0.073278488699542788,143274.21200655063,98440.074900717314,9861.9575679934351,9861.9575679934351,1,0.7857142857142857,0.85961657390228807,0.69230769230769229,0.66666666666666663,0.8571428571428571,0.75,0.6785714285714286,Pool_boiling/Subcooling_20_degrees/0.3/2025.07.09_0.3_1/regression_result/npy/ensemble/202609/03_selected_log_architecture/heatflux_reference_SNR=0/maxfreq=15kHz/e200_active_rf-ctf-alex_ed198_rf-cnntf_v2__cmp/wav_eval/wav_metrics_0.csv
20260903_selected_log_architecture,2025.07.09_0.3_1,maxfreq=15kHz,0,source_wav_pooled_oof,ensemble__simple_equal,median,13,1,claim-safe ensemble strategy,0.44403016356867009,216253.66384447098,149471.19772041633,-0.12322272351315733,157734.37415847657,106098.84481488071,42051.063282006537,42051.063282006537,1,0.80952380952380953,0.87152133580704993,0.69230769230769229,0.80000000000000004,0.5714285714285714,0.66666666666666663,0.70238095238095233,Pool_boiling/Subcooling_20_degrees/0.3/2025.07.09_0.3_1/regression_result/npy/ensemble/202609/03_selected_log_architecture/heatflux_reference_SNR=0/maxfreq=15kHz/e200_active_rf-ctf-alex_ed198_rf-cnntf_v2__cmp/wav_eval/wav_metrics_0.csv
20260903_selected_log_architecture,2025.07.09_0.3_1,maxfreq=15kHz,0,source_wav_pooled_oof,ensemble__prediction_max,median,13,1,claim-safe ensemble strategy,0.38364840768254749,227694.27981128363,155870.85405158089,0.4000706333888322,115277.21271192339,81716.296032702812,15464.004467993393,15464.004467993393,1,0.80952380952380953,0.87152133580704993,0.69230769230769229,0.66666666666666663,0.8571428571428571,0.75,0.6785714285714286,Pool_boiling/Subcooling_20_degrees/0.3/2025.07.09_0.3_1/regression_result/npy/ensemble/202609/03_selected_log_architecture/heatflux_reference_SNR=0/maxfreq=15kHz/e200_active_rf-ctf-alex_ed198_rf-cnntf_v2__cmp/wav_eval/wav_metrics_0.csv
20260903_selected_log_architecture,2025.07.09_0.3_1,maxfreq=15kHz,0,source_wav_pooled_oof,ensemble__inner_holdout,median,13,0,legacy sample-level inner holdout; source-WAV leakage,0.4446506483208551,216132.95625271957,148877.409512724,-0.16157335130990313,160404.56597662502,111250.10390059497,48106.63463200652,48106.63463200652,1,0.83333333333333337,0.8806122448979592,0.69230769230769229,0.80000000000000004,0.5714285714285714,0.66666666666666663,0.70238095238095233,Pool_boiling/Subcooling_20_degrees/0.3/2025.07.09_0.3_1/regression_result/npy/ensemble/202609/03_selected_log_architecture/heatflux_reference_SNR=0/maxfreq=15kHz/e200_active_rf-ctf-alex_ed198_rf-cnntf_v2__cmp/wav_eval/wav_metrics_0.csv
20260903_selected_log_architecture,2025.07.09_0.3_1,maxfreq=15kHz,0,source_wav_pooled_oof,ensemble__val_fold_legacy,median,13,0,outer-validation labels were used to choose weights,0.46596275523700637,211945.22296846862,146663.01310118556,-0.084142421516392174,154966.05443057785,108034.62301488071,48577.78458200657,48577.78458200657,1,0.83333333333333337,0.8806122448979592,0.69230769230769229,0.80000000000000004,0.5714285714285714,0.66666666666666663,0.70238095238095233,Pool_boiling/Subcooling_20_degrees/0.3/2025.07.09_0.3_1/regression_result/npy/ensemble/202609/03_selected_log_architecture/heatflux_reference_SNR=0/maxfreq=15kHz/e200_active_rf-ctf-alex_ed198_rf-cnntf_v2__cmp/wav_eval/wav_metrics_0.csv
20260903_selected_log_architecture,2025.07.09_0.3_1,maxfreq=22kHz,0,source_wav_pooled_oof,rf,median,13,1,outer-fold prediction,0.45595603481524105,213921.7081671053,147743.93569780875,0.15322724249169728,136954.66981506179,104892.18841860947,107893.85493200656,107893.85493200656,1,0.83333333333333337,0.8806122448979592,0.61538461538461542,0.66666666666666663,0.5714285714285714,0.61538461538461542,0.61904761904761907,Pool_boiling/Subcooling_20_degrees/0.3/2025.07.09_0.3_1/regression_result/npy/ensemble/202609/03_selected_log_architecture/heatflux_reference_SNR=0/maxfreq=22kHz/e200_active_rf-ctf-alex_ed198_rf-cnntf_v2__cmp/wav_eval/wav_metrics_0.csv
20260903_selected_log_architecture,2025.07.09_0.3_1,maxfreq=22kHz,0,source_wav_pooled_oof,cnntf_v2_gap,median,13,1,outer-fold prediction,0.52262582168287519,200385.97456675823,137794.19091992846,0.25257715225951194,128669.78974107157,92470.895121117457,65830.660667993478,65830.660667993478,1,0.90476190476190488,0.93253968253968234,0.76923076923076927,0.83333333333333337,0.7142857142857143,0.76923076923076927,0.77380952380952395,Pool_boiling/Subcooling_20_degrees/0.3/2025.07.09_0.3_1/regression_result/npy/ensemble/202609/03_selected_log_architecture/heatflux_reference_SNR=0/maxfreq=22kHz/e200_active_rf-ctf-alex_ed198_rf-cnntf_v2__cmp/wav_eval/wav_metrics_0.csv
20260903_selected_log_architecture,2025.07.09_0.3_1,maxfreq=22kHz,0,source_wav_pooled_oof,alexnet,median,13,1,outer-fold prediction,0.60929060523012835,181286.21692782745,136992.07366956834,0.097708050941506919,141373.15417688791,116615.64728089332,172861.58256799344,172861.58256799344,1,0.95238095238095244,0.96825396825396814,0.84615384615384615,1,0.7142857142857143,0.83333333333333337,0.85714285714285721,Pool_boiling/Subcooling_20_degrees/0.3/2025.07.09_0.3_1/regression_result/npy/ensemble/202609/03_selected_log_architecture/heatflux_reference_SNR=0/maxfreq=22kHz/e200_active_rf-ctf-alex_ed198_rf-cnntf_v2__cmp/wav_eval/wav_metrics_0.csv
20260903_selected_log_architecture,2025.07.09_0.3_1,maxfreq=22kHz,0,source_wav_pooled_oof,ensemble__simple_equal,median,13,1,claim-safe ensemble strategy,0.53543447078157358,197679.37083837017,132187.07437703072,0.26787413326417997,127346.28559921116,96877.556655735956,49618.728367993433,49618.728367993433,1,0.90476190476190488,0.93253968253968234,0.76923076923076927,0.83333333333333337,0.7142857142857143,0.76923076923076927,0.77380952380952395,Pool_boiling/Subcooling_20_degrees/0.3/2025.07.09_0.3_1/regression_result/npy/ensemble/202609/03_selected_log_architecture/heatflux_reference_SNR=0/maxfreq=22kHz/e200_active_rf-ctf-alex_ed198_rf-cnntf_v2__cmp/wav_eval/wav_metrics_0.csv
20260903_selected_log_architecture,2025.07.09_0.3_1,maxfreq=22kHz,0,source_wav_pooled_oof,ensemble__prediction_max,median,13,1,claim-safe ensemble strategy,0.48372584527258577,208390.56460017705,141647.48446957098,0.54383105898113615,100520.87554462533,79136.346021117439,172861.58256799344,172861.58256799344,1,0.95238095238095244,0.96825396825396814,0.76923076923076927,0.75,0.8571428571428571,0.80000000000000004,0.76190476190476208,Pool_boiling/Subcooling_20_degrees/0.3/2025.07.09_0.3_1/regression_result/npy/ensemble/202609/03_selected_log_architecture/heatflux_reference_SNR=0/maxfreq=22kHz/e200_active_rf-ctf-alex_ed198_rf-cnntf_v2__cmp/wav_eval/wav_metrics_0.csv
20260903_selected_log_architecture,2025.07.09_0.3_1,maxfreq=22kHz,0,source_wav_pooled_oof,ensemble__inner_holdout,median,13,0,legacy sample-level inner holdout; source-WAV leakage,0.52475688006284837,199938.20017918423,131322.79868472303,0.24730933926333554,129122.42394255765,93974.708948593092,11245.663517993409,11245.663517993409,1,0.88095238095238104,0.90873015873015861,0.76923076923076927,0.83333333333333337,0.7142857142857143,0.76923076923076927,0.77380952380952395,Pool_boiling/Subcooling_20_degrees/0.3/2025.07.09_0.3_1/regression_result/npy/ensemble/202609/03_selected_log_architecture/heatflux_reference_SNR=0/maxfreq=22kHz/e200_active_rf-ctf-alex_ed198_rf-cnntf_v2__cmp/wav_eval/wav_metrics_0.csv
20260903_selected_log_architecture,2025.07.09_0.3_1,maxfreq=22kHz,0,source_wav_pooled_oof,ensemble__val_fold_legacy,median,13,0,outer-validation labels were used to choose weights,0.55268712673414244,193974.01608848516,129592.71081933842,0.32142749153000194,122600.30112968148,96124.481512878832,68006.552067993442,68006.552067993442,1,0.9285714285714286,0.947845804988662,0.76923076923076927,0.83333333333333337,0.7142857142857143,0.76923076923076927,0.77380952380952395,Pool_boiling/Subcooling_20_degrees/0.3/2025.07.09_0.3_1/regression_result/npy/ensemble/202609/03_selected_log_architecture/heatflux_reference_SNR=0/maxfreq=22kHz/e200_active_rf-ctf-alex_ed198_rf-cnntf_v2__cmp/wav_eval/wav_metrics_0.csv
20260903_selected_log_architecture,2025.07.09_0.3_1,maxfreq=3kHz,0,source_wav_pooled_oof,rf,median,13,1,outer-fold prediction,0.4534883371522247,214406.31683452739,147796.85283618557,0.16727622247535967,135813.79643981415,103015.17293630927,93259.667432006565,93259.667432006565,1,0.80952380952380953,0.86870748299319711,0.61538461538461542,0.66666666666666663,0.5714285714285714,0.61538461538461542,0.61904761904761907,Pool_boiling/Subcooling_20_degrees/0.3/2025.07.09_0.3_1/regression_result/npy/ensemble/202609/03_selected_log_architecture/heatflux_reference_SNR=0/maxfreq=3kHz/e200_active_rf-ctf-alex_ed198_rf-cnntf_v2__cmp/wav_eval/wav_metrics_0.csv
20260903_selected_log_architecture,2025.07.09_0.3_1,maxfreq=3kHz,0,source_wav_pooled_oof,cnntf_v2_gap,median,13,1,outer-fold prediction,0.55301783685347028,193902.29779574525,139723.92864830262,-0.22775447337376065,164910.82680928582,106987.75122002167,6262.6294179934775,6262.6294179934775,1,0.9285714285714286,0.95714285714285707,0.76923076923076927,1,0.5714285714285714,0.72727272727272729,0.7857142857142857,Pool_boiling/Subcooling_20_degrees/0.3/2025.07.09_0.3_1/regression_result/npy/ensemble/202609/03_selected_log_architecture/heatflux_reference_SNR=0/maxfreq=3kHz/e200_active_rf-ctf-alex_ed198_rf-cnntf_v2__cmp/wav_eval/wav_metrics_0.csv
20260903_selected_log_architecture,2025.07.09_0.3_1,maxfreq=3kHz,0,source_wav_pooled_oof,alexnet,median,13,1,outer-fold prediction,0.54205417869161732,196265.92678049262,158876.08203292682,-1.6524889310851787,242393.0685579502,196586.97189718089,135743.68303200661,135743.68303200661,1,0.95238095238095244,0.96173469387755084,0.69230769230769229,1,0.42857142857142855,0.59999999999999998,0.7142857142857143,Pool_boiling/Subcooling_20_degrees/0.3/2025.07.09_0.3_1/regression_result/npy/ensemble/202609/03_selected_log_architecture/heatflux_reference_SNR=0/maxfreq=3kHz/e200_active_rf-ctf-alex_ed198_rf-cnntf_v2__cmp/wav_eval/wav_metrics_0.csv
20260903_selected_log_architecture,2025.07.09_0.3_1,maxfreq=3kHz,0,source_wav_pooled_oof,ensemble__simple_equal,median,13,1,claim-safe ensemble strategy,0.56985238280813144,190215.81390393054,149212.30256591903,-0.43285607042563656,178153.63601887744,134892.11119345212,83877.65443200653,83877.65443200653,1,0.9285714285714286,0.95714285714285707,0.69230769230769229,1,0.42857142857142855,0.59999999999999998,0.7142857142857143,Pool_boiling/Subcooling_20_degrees/0.3/2025.07.09_0.3_1/regression_result/npy/ensemble/202609/03_selected_log_architecture/heatflux_reference_SNR=0/maxfreq=3kHz/e200_active_rf-ctf-alex_ed198_rf-cnntf_v2__cmp/wav_eval/wav_metrics_0.csv
20260903_selected_log_architecture,2025.07.09_0.3_1,maxfreq=3kHz,0,source_wav_pooled_oof,ensemble__prediction_max,median,13,1,claim-safe ensemble strategy,0.4804170309789767,209057.28827961968,134093.83744090644,0.39237420825214464,116014.29533817367,77622.517962878832,7014.2700679934351,7014.2700679934351,1,0.83333333333333337,0.8806122448979592,0.76923076923076927,0.75,0.8571428571428571,0.80000000000000004,0.76190476190476208,Pool_boiling/Subcooling_20_degrees/0.3/2025.07.09_0.3_1/regression_result/npy/ensemble/202609/03_selected_log_architecture/heatflux_reference_SNR=0/maxfreq=3kHz/e200_active_rf-ctf-alex_ed198_rf-cnntf_v2__cmp/wav_eval/wav_metrics_0.csv
20260903_selected_log_architecture,2025.07.09_0.3_1,maxfreq=3kHz,0,source_wav_pooled_oof,ensemble__inner_holdout,median,13,0,legacy sample-level inner holdout; source-WAV leakage,0.53332207147485744,198128.28937606205,151104.48462053441,-0.51080230544327598,182935.17743087263,134606.27332202354,67329.174332006602,67329.174332006602,1,0.90476190476190477,0.93673469387755093,0.69230769230769229,1,0.42857142857142855,0.59999999999999998,0.7142857142857143,Pool_boiling/Subcooling_20_degrees/0.3/2025.07.09_0.3_1/regression_result/npy/ensemble/202609/03_selected_log_architecture/heatflux_reference_SNR=0/maxfreq=3kHz/e200_active_rf-ctf-alex_ed198_rf-cnntf_v2__cmp/wav_eval/wav_metrics_0.csv
20260903_selected_log_architecture,2025.07.09_0.3_1,maxfreq=3kHz,0,source_wav_pooled_oof,ensemble__val_fold_legacy,median,13,0,outer-validation labels were used to choose weights,0.63141084658548885,176079.63716769856,142782.42011408068,-0.39315624056221887,175668.26778259542,135727.35750432377,85342.059382006584,85342.059382006584,1,0.95238095238095244,0.96825396825396814,0.69230769230769229,1,0.42857142857142855,0.59999999999999998,0.7142857142857143,Pool_boiling/Subcooling_20_degrees/0.3/2025.07.09_0.3_1/regression_result/npy/ensemble/202609/03_selected_log_architecture/heatflux_reference_SNR=0/maxfreq=3kHz/e200_active_rf-ctf-alex_ed198_rf-cnntf_v2__cmp/wav_eval/wav_metrics_0.csv
20260903_selected_log_architecture,2025.07.09_0.3_1,maxfreq=5kHz,0,source_wav_pooled_oof,rf,median,13,1,outer-fold prediction,0.47645695386487263,209852.4562868755,144767.43096157018,0.18498544930017202,134361.88489606386,103662.11044345213,94578.948682006565,94578.948682006565,1,0.80952380952380953,0.86870748299319711,0.69230769230769229,0.80000000000000004,0.5714285714285714,0.66666666666666663,0.70238095238095233,Pool_boiling/Subcooling_20_degrees/0.3/2025.07.09_0.3_1/regression_result/npy/ensemble/202609/03_selected_log_architecture/heatflux_reference_SNR=0/maxfreq=5kHz/e200_active_rf-ctf-alex_ed198_rf-cnntf_v2__cmp/wav_eval/wav_metrics_0.csv
20260903_selected_log_architecture,2025.07.09_0.3_1,maxfreq=5kHz,0,source_wav_pooled_oof,cnntf_v2_gap,median,13,1,outer-fold prediction,0.49920524062614791,205242.71307749613,148941.71368639098,0.10524285962495772,140781.63119532395,98119.369301690749,36746.089282006607,36746.089282006607,1,0.85714285714285721,0.89761904761904754,0.69230769230769229,0.80000000000000004,0.5714285714285714,0.66666666666666663,0.70238095238095233,Pool_boiling/Subcooling_20_degrees/0.3/2025.07.09_0.3_1/regression_result/npy/ensemble/202609/03_selected_log_architecture/heatflux_reference_SNR=0/maxfreq=5kHz/e200_active_rf-ctf-alex_ed198_rf-cnntf_v2__cmp/wav_eval/wav_metrics_0.csv
20260903_selected_log_architecture,2025.07.09_0.3_1,maxfreq=5kHz,0,source_wav_pooled_oof,alexnet,median,13,1,outer-fold prediction,0.57816982603410683,188367.80634406471,135735.00860409523,0.14905453674686742,137291.6960366499,102779.35709517905,21715.348167993478,21715.348167993478,1,0.9285714285714286,0.95714285714285707,0.84615384615384615,1,0.7142857142857143,0.83333333333333337,0.85714285714285721,Pool_boiling/Subcooling_20_degrees/0.3/2025.07.09_0.3_1/regression_result/npy/ensemble/202609/03_selected_log_architecture/heatflux_reference_SNR=0/maxfreq=5kHz/e200_active_rf-ctf-alex_ed198_rf-cnntf_v2__cmp/wav_eval/wav_metrics_0.csv
20260903_selected_log_architecture,2025.07.09_0.3_1,maxfreq=5kHz,0,source_wav_pooled_oof,ensemble__simple_equal,median,13,1,claim-safe ensemble strategy,0.50808299340479746,203415.37600409318,137970.43572041637,0.098125645033332987,141340.43559487985,99574.743250594984,38232.651832006522,38232.651832006522,1,0.83333333333333337,0.8806122448979592,0.69230769230769229,0.80000000000000004,0.5714285714285714,0.66666666666666663,0.70238095238095233,Pool_boiling/Subcooling_20_degrees/0.3/2025.07.09_0.3_1/regression_result/npy/ensemble/202609/03_selected_log_architecture/heatflux_reference_SNR=0/maxfreq=5kHz/e200_active_rf-ctf-alex_ed198_rf-cnntf_v2__cmp/wav_eval/wav_metrics_0.csv
20260903_selected_log_architecture,2025.07.09_0.3_1,maxfreq=5kHz,0,source_wav_pooled_oof,ensemble__prediction_max,median,13,1,claim-safe ensemble strategy,0.45699604025283447,213717.14182697845,148059.68352190821,0.42757841924977436,112603.3745469593,81601.627263974602,33592.129417993478,33592.129417993478,1,0.85714285714285721,0.89761904761904754,0.76923076923076927,0.75,0.8571428571428571,0.80000000000000004,0.76190476190476208,Pool_boiling/Subcooling_20_degrees/0.3/2025.07.09_0.3_1/regression_result/npy/ensemble/202609/03_selected_log_architecture/heatflux_reference_SNR=0/maxfreq=5kHz/e200_active_rf-ctf-alex_ed198_rf-cnntf_v2__cmp/wav_eval/wav_metrics_0.csv
20260903_selected_log_architecture,2025.07.09_0.3_1,maxfreq=5kHz,0,source_wav_pooled_oof,ensemble__inner_holdout,median,13,0,legacy sample-level inner holdout; source-WAV leakage,0.49847211897946941,205392.88722083406,136491.1817819548,0.10932469491130625,140460.14490536886,96977.821164880661,26071.953832006548,26071.953832006548,1,0.83333333333333337,0.8806122448979592,0.69230769230769229,0.80000000000000004,0.5714285714285714,0.66666666666666663,0.70238095238095233,Pool_boiling/Subcooling_20_degrees/0.3/2025.07.09_0.3_1/regression_result/npy/ensemble/202609/03_selected_log_architecture/heatflux_reference_SNR=0/maxfreq=5kHz/e200_active_rf-ctf-alex_ed198_rf-cnntf_v2__cmp/wav_eval/wav_metrics_0.csv
20260903_selected_log_architecture,2025.07.09_0.3_1,maxfreq=5kHz,0,source_wav_pooled_oof,ensemble__val_fold_legacy,median,13,0,outer-validation labels were used to choose weights,0.51362299005196321,202266.69508898718,136646.95978195479,0.10266026765805036,140984.65809195756,99584.536064880682,37878.886482006521,37878.886482006521,1,0.83333333333333337,0.8806122448979592,0.69230769230769229,0.80000000000000004,0.5714285714285714,0.66666666666666663,0.70238095238095233,Pool_boiling/Subcooling_20_degrees/0.3/2025.07.09_0.3_1/regression_result/npy/ensemble/202609/03_selected_log_architecture/heatflux_reference_SNR=0/maxfreq=5kHz/e200_active_rf-ctf-alex_ed198_rf-cnntf_v2__cmp/wav_eval/wav_metrics_0.csv
20260908_selected_log_architecture,2025.07.09_0.3_1,maxfreq=22kHz,no_noise,source_wav_pooled_oof,rf,median,13,1,outer_GroupKFold_OOF,0.47386204323347259,210371.87420801539,148186.50338688056,0.15923188811892863,136468.21855998717,103825.16178273784,88569.995557006565,88569.995557006565,1,0.83333333333333337,0.8806122448979592,0.69230769230769229,0.80000000000000004,0.5714285714285714,0.66666666666666663,0.70238095238095233,Pool_boiling/Subcooling_20_degrees/0.3/2025.07.09_0.3_1/regression_result/npy/ensemble/202609/08_selected_log_architecture/heatflux_no_noise/maxfreq=22kHz/e300_active_rf-ctf-alex_ed198_rf-cnntf_v2__cmp/wav_eval/wav_metrics_no_noise.csv
20260908_selected_log_architecture,2025.07.09_0.3_1,maxfreq=22kHz,no_noise,source_wav_pooled_oof,cnntf_v2_gap,median,13,1,outer_GroupKFold_OOF,0.85024253234891189,112235.9799979728,87896.760352272147,0.84929481549569785,57777.334605640339,48817.918022036458,35120.082567993435,35120.082567993435,1,1,0.99999999999999978,1,1,1,1,1,Pool_boiling/Subcooling_20_degrees/0.3/2025.07.09_0.3_1/regression_result/npy/ensemble/202609/08_selected_log_architecture/heatflux_no_noise/maxfreq=22kHz/e300_active_rf-ctf-alex_ed198_rf-cnntf_v2__cmp/wav_eval/wav_metrics_no_noise.csv
20260908_selected_log_architecture,2025.07.09_0.3_1,maxfreq=22kHz,no_noise,source_wav_pooled_oof,alexnet,median,13,1,outer_GroupKFold_OOF,0.74651005854382191,146021.97720901234,110187.81936715015,0.75865041913118236,73116.716663668063,55779.380857702818,39210.566942993435,39210.566942993435,1,1,0.99999999999999978,1,1,1,1,1,Pool_boiling/Subcooling_20_degrees/0.3/2025.07.09_0.3_1/regression_result/npy/ensemble/202609/08_selected_log_architecture/heatflux_no_noise/maxfreq=22kHz/e300_active_rf-ctf-alex_ed198_rf-cnntf_v2__cmp/wav_eval/wav_metrics_no_noise.csv
20260908_selected_log_architecture,2025.07.09_0.3_1,maxfreq=22kHz,no_noise,source_wav_pooled_oof,ensemble__simple_equal,median,13,1,no_outer_validation_labels_used_for_weights,0.72718185524550305,151486.69295593529,109981.46381582423,0.70732790885213925,80516.346806545276,56558.405629942812,5186.052848673251,5186.052848673251,1,1,0.99999999999999978,0.92307692307692313,1,0.8571428571428571,0.92307692307692313,0.9285714285714286,Pool_boiling/Subcooling_20_degrees/0.3/2025.07.09_0.3_1/regression_result/npy/ensemble/202609/08_selected_log_architecture/heatflux_no_noise/maxfreq=22kHz/e300_active_rf-ctf-alex_ed198_rf-cnntf_v2__cmp/wav_eval/wav_metrics_no_noise.csv
20260908_selected_log_architecture,2025.07.09_0.3_1,maxfreq=22kHz,no_noise,source_wav_pooled_oof,ensemble__prediction_max,median,13,1,no_outer_validation_labels_used_for_weights,0.57417771971669174,189257.04278624506,117033.46137390674,0.84489832718660784,58614.038793753782,51281.168022036458,42626.238817993435,42626.238817993435,1,1,0.99999999999999978,0.92307692307692313,0.875,1,0.93333333333333335,0.91666666666666674,Pool_boiling/Subcooling_20_degrees/0.3/2025.07.09_0.3_1/regression_result/npy/ensemble/202609/08_selected_log_architecture/heatflux_no_noise/maxfreq=22kHz/e300_active_rf-ctf-alex_ed198_rf-cnntf_v2__cmp/wav_eval/wav_metrics_no_noise.csv
20260908_selected_log_architecture,2025.07.09_0.3_1,maxfreq=22kHz,no_noise,source_wav_pooled_oof,ensemble__inner_holdout,median,13,1,no_outer_validation_labels_used_for_weights,0.76436914478087958,140784.20699986472,104230.49218536752,0.76224843874492776,72569.661157181399,54092.289890073669,6532.9161281358683,6532.9161281358683,1,1,0.99999999999999978,1,1,1,1,1,Pool_boiling/Subcooling_20_degrees/0.3/2025.07.09_0.3_1/regression_result/npy/ensemble/202609/08_selected_log_architecture/heatflux_no_noise/maxfreq=22kHz/e300_active_rf-ctf-alex_ed198_rf-cnntf_v2__cmp/wav_eval/wav_metrics_no_noise.csv
